id,filename,label,category,stt_text,human_transcription,ref_len,cer,sub,del,ins,whitespace
S00000365_t0001,0001.wav,0,교육,네 고객님 주관극 A 진혁 상다원입니다.,네 고객님 중앙교육의 이진혁 상담원입니다.,23,0.304348,6,1,0,1
S00000365_t0002,0002.wav,0,교육,네 안녕하세요. 결제 때문에 전화드렸어요,네 안녕하세요. 결제 때문에 전화 드렸어요.,24,0.083333,0,2,0,1
S00000365_t0004,0004.wav,0,교육,중앙교육학집 몇 년 했었고요.,중앙교육 학습지 몇 년 했었고요.,18,0.166667,1,2,0,1
S00000365_t0005,0005.wav,0,교육,지금은 학습기용 안 하고 있거든요. 그리고 저희 서초로 이사했고요,지금은 학습지 이용 안 하고 있거든요. 그리고 저희 서초로 이사도 했고요.,41,0.146341,1,5,0,2
S00000365_t0006,0006.wav,0,교육,근데 며칠 전에 갑자기 여기 학습지 결제 문자가 뜨더라고요 18만 원이 결제됐는데 저희 지금 여기서 학습지를 이용 안 하고 있어요 어떻게 된 건가요?,근데 며칠 전에 갑자기 여기 학습지 결제 문자가 뜨더라고요. (18)/(십팔)만 원이 결제를 됐는데 저희 지금 여기서 학습지 이용 안 하고 있어요. 어떻게 된 건가요?,93,0.129032,0,11,1,1
S00000365_t0008,0008.wav,0,교육,"빨리 좀 알아봐 주세요. 그때 분명히 선생님하고도 잘 인사했고, 마치고 끝났는데 갑자기 결제 문자 와서 놀랐거든요",네 빨리 좀 알아봐 주세요. 그때 분명히 선생님하고도 잘 인사했고 마치고 끝냈는데 갑자기 결제 문자 와서 놀랬거든요.,65,0.092308,2,3,1,1
S00000365_t0009,0009.wav,0,교육,"네, 알아본 결과 학습 종료가 안 된 걸로 나와 있습니다.",네 알아본 결과 학습 종료가 안 된 걸로 나와있습니다.,30,0.066667,0,0,2,1
S00000365_t0010,0010.wav,0,교육,학습이 종료 안 됐다구요?,학습이 종료 안됐다고요?,13,0.153846,1,0,1,1
S00000365_t0011,0011.wav,0,교육,저희 저번에 분명히 끝내고 이사까지 했는데요.,아/ 저희 저번에 분명히 끝내고 이사까지 했는데요.,28,0.107143,0,3,0,1
S00000365_t0013,0013.wav,0,교육,아니 선생님하고 어떻게 이야기가 됐길래 학습 종료가 안 돼요.,아니 선생님하고 어떻게 이야기가 됐길래 학습 종료가 안 돼요?,34,0.029412,1,0,0,0
S00000365_t0014,0014.wav,0,교육,바라보고 처리해드리겠습니다.,알아보고 처리해 드리겠습니다.,16,0.187500,2,1,0,1
S00000365_t0015,0015.wav,0,교육,처리해주는 건 당연하고요. 그것보다 저희 카드번호도 분명히 개인 정보인데 해자면 삭제해야 되는 거 아닌가요?,처리해 주는 건 당연하고요. 그것보다 저희 카드번호도 분명히 개인 정보인데 해제하면 삭제해야 되는 거 아닌가요?,62,0.048387,1,2,0,1
S00000365_t0016,0016.wav,0,교육,예전에 저희 학습지할 때도 결제금액 이상해서 고객센터에 문의해 보니까 저희가 하지도 않은 감옥을 등록시켜서 그게 두 달 분이라를 결설됐더라고요.,예전에 저희 학습지 할 때도 결제금액 이상해서 고객센터에 문의해보니까 저희가 하지도 않은 과목을 등록시켜서 그게 (둘)/(두) 달 분이나 결제됐더라고요.,85,0.152941,4,7,2,2
S00000365_t0018,0018.wav,0,교육,저희가 알았으니까 망정이지? 몰라서 그렇게 남의 기자회수 통 계속 빼갔을 거 아니에요. 통지 같은 것도 안 해주고,저희가 알았으니까 망정이지 몰랐으면 그렇게 남의 계좌에서 돈을 계속 빼 갔을 거 아니에요. 통지 같은 것도 안 해주고.,66,0.181818,7,4,1,1
S00000365_t0020,0020.wav,0,교육,그때는 이제 애가 여기 선님도 좋아하고 학습지도 마음에 들어 하고 있어서 그냥 넘겼거든요.,그때는 이제 애가 여기 선생님도 좋아하고 학습지도 마음에 들어하고 있어서 그냥 넘겼거든요.,50,0.040000,0,1,1,1
S00000365_t0021,0021.wav,0,교육,남편은 이런거 그냥 넘기면 안된다고 했지만 애가 잘하고 있는데 괜히 선생님이 불편하게 만들어서 좋을 거 없으니까,남편은 이런 거 그냥 넘기면 안 된다고 했지만 애가 잘하고 있는데 괜히 선생님 불편하게 만들어서 좋을 거 없으니까,63,0.047619,0,2,1,2
S00000365_t0022,0022.wav,0,교육,근데 저희는 분명히 그만 붙는데 결제하는 건 좀 아니잖아요?,근데 저희는 분명히 그만뒀는데 결제하는 건 좀 아니잖아요.,32,0.093750,2,0,1,1
S00000365_t0023,0023.wav,0,교육,한번 이해하고 넘어갔으면 좀 더 조심해져야 되는 거 아닌가요?,한번 이해하고 넘어갔으면 좀 더 조심해 줘야 되는 거 아닌가요?,35,0.057143,1,1,0,1
S00000365_t0025,0025.wav,0,교육,그러면 이거 어떻게 처리해줄까요?,어/ 그러면 이거 어떻게 처리해 줄 거예요?,24,0.291667,1,6,0,3
S00000365_t0026,0026.wav,0,교육,당장 학습 종료해주시고요. 저희 결제 등금의 환부 처리 해주셨으면 좋겠네요,지금 당장 학습 종료해주시고요. 저희 결제된 금액 환불 처리해 주셨으면 좋겠네요.,45,0.222222,6,4,0,5
S00000365_t0027,0027.wav,0,교육,저희 이사 오고 나서 바로 결제가 안 됐어요.,어/ 저희 이사 오고 나서 바로 결제가 안됐어요.,27,0.148148,0,3,1,2
S00000365_t0028,0028.wav,0,교육,그리고 한 달 지나서 갑자기 결제가 된 게 좀 이상하지 않나요?,그리고 (하나)/(한) 달 지나서 갑자기 결제가 된 게 좀 이상하지 않나요?,42,0.166667,0,7,0,0
S00000365_t0029,0029.wav,0,교육,계속 결제 됐으면 모르겠는데 갑자기 승인티니까 놀랐다구요,계속 결제 됐으면 모르겠는데 갑자기 승인 뜨니까 놀랐다고요.,33,0.121212,2,2,0,1
S00000365_t0030,0030.wav,0,교육,죄송합니다. 확인 후 처리해드리겠습니다,죄송합니다. 확인 후 처리해 드리겠습니다.,23,0.086957,0,2,0,1
S00000365_t0031,0031.wav,0,교육,환불이 얼마나 걸리죠?,어/ 환불은 얼마나 걸리죠?,15,0.266667,1,3,0,1
S00000365_t0032,0032.wav,0,교육,시스템상 바로 해지는 불가능합니다. 학습지는 한 달 후에 종료됩니다,시스템상 바로 해지는 불가능합니다. 학습지는 (하나)/(한) 달 후에 종료됩니다.,45,0.177778,0,8,0,0
S00000365_t0033,0033.wav,0,교육,"아니 그건 바로 해 주셔야죠. 저희는 분명 전화해지 다 했는데 시스템은 그쪽 문제고, 저희는 지금 이용하지도 않는 학습지가 결제됐으니까 금액을 돌려달라는 건데 그걸 지금 바로 처리해 주는 것도 아니고 놓치겠다고요?",어/ 아니 그건 바로 해주셔야죠. 저희는 분명 전에 해지 다 했는데 시스템은 그쪽 문제고 저희는 지금 이용하지도 않는 학습지가 결제됐으니까 금액을 돌려 달라는 건데 그걸 지금 바로 처리해주는 것도 아니고 늦추겠다고요?,121,0.090909,3,5,3,5
S00000365_t0034,0034.wav,0,교육,상부 확인 후 결제 지선을 바로 해드리겠습니다.,상부 확인 후 결제 취소는 바로 해드리겠습니다.,26,0.115385,3,0,0,0
S00000365_t0035,0035.wav,0,교육,아 알겠어요 그럼 일단 함부리라도 해주세요,어/ 알겠어요. 어/ 그럼 일단 환불이라도 해주세요.,29,0.344828,4,6,0,1
S00000365_t0036,0036.wav,0,교육,함부를 언제 받을 수 있는 거죠?,환불은 언제 받을 수 있는 거죠?,18,0.166667,3,0,0,0
S00000365_t0037,0037.wav,0,교육,최소 일주 길면 2주 정도 걸릴 거라 이 상대입니다.,최소 (1)/(일)주 길면 (2)/(이)주 정도 걸릴 거라 예상됩니다.,39,0.410256,2,12,2,1
S00000365_t0038,0038.wav,0,교육,아 너무 늦어요,아우/ 너무 늦어요.,11,0.272727,0,3,0,0
S00000365_t0039,0039.wav,0,교육,명백기 지금 학습 지회가 잘못인데 더 빨리 처리는 안 되는 건가요?,명백히 지금 학습지 회사 잘못인데 더 빨리 처리는 안 되는 건가요?,37,0.108108,4,0,0,2
S00000365_t0040,0040.wav,0,교육,금융사 사정이라 불가능합니다.,금융사 사정이라 불가능합니다.,16,0.000000,0,0,0,0
S00000365_t0041,0041.wav,0,교육,아우 정말 답답하네요. 엄마들이 계속 현금 결제 하라고 할 때 선생님이 조금 더 편하시라고 자동결제했더니 이런 일이 발생할 때 누가 알았겠어요?,어우/ 정말 답답하네요. 엄마들이 계속 현금 결제하라고 할 때 선생님 조금 더 편하시라고 자동 결제했더니 이런 일이 발생할 줄 누가 알았겠어요.,80,0.087500,3,2,2,2
S00000365_t0042,0042.wav,0,교육,"저희 카드 정보는 답 폐기해주세요. 중앙교육 나름 큰 회사라서 믿고 있었는데, 이런 식으로 개인정보철회하시면 안 되는 거예요",어/ 저희 카드 정보는 다 폐기 해주세요. 중앙교육 나름 큰 회사라서 믿고 있었는데 이런 식으로 개인정보 처리하시면 안 되는 거예요.,74,0.135135,3,6,1,3
S00000365_t0044,0044.wav,0,교육,이런 일 계속 반복되면 실내도 떨어지는 거 아셔야 해요.,어/ 이런 일이 계속 반복되면 신뢰도 떨어지는 걸 아셔야 해요.,35,0.200000,3,4,0,1
S00000365_t0045,0045.wav,0,교육,"저희는 그나마 선생님이 좋았고, 아이가 만족했으니까 넘어가는 거지.",저희는 그나마 선생님이 좋았고 아이가 만족했으니까 넘어가는 거지,35,0.057143,0,0,2,0
S00000365_t0046,0046.wav,0,교육,다른 엄마를 이런 일 안 참아요. 아시죠?,다른 엄마들 이런 일을 안 참아요. 아시죠?,24,0.083333,1,1,0,0
S00000365_t0048,0048.wav,0,교육,그럼 함부를 되는걸로 알고 이만 끊을게요,아/ 그럼 환불 되는 걸로 알고 이만 끊을게요.,26,0.307692,2,5,1,2
S00000365_t0049,0049.wav,0,교육,네 감사합니다. 상담사 이진혁이었습니다,네 감사합니다. 상담사 이진형이었습니다.,22,0.090909,1,1,0,0
S00000409_t0002,0002.wav,0,교육,안녕하세요. 덜지 때문에 전화 드렸어요,"안녕하세요, 결제 때문에 전화드렸어요.",21,0.238095,3,1,1,1
S00000409_t0003,0003.wav,0,교육,분장 살 때 중앙교육 학습지 몇 년 했었고요. 지금 학습 지 이용 안 하고 있거든요,분당 살 때 중앙교육 학습지 몇 년 했었고요. 지금은 학습지 이용 안하고 있거든요.,46,0.108696,1,2,2,2
S00000409_t0004,0004.wav,0,교육,그리고 저희 서추로 잊어두었고요.,그리고 저희 서초로 이사도 했고요.,19,0.315789,5,1,0,1
S00000409_t0006,0006.wav,0,교육,근데 며칠 전에 갑자기 여기 학습지 결제 문자가 뜨더라고요. 18만 원이 결제 됐는데,근데 며칠 전에 갑자기 여기 학습지 결제 문자가 뜨더라고요. (18만원)/(십 팔만 원)이 결제됐는데,56,0.196429,0,10,1,2
S00000409_t0007,0007.wav,0,교육,지금 여장 수칙 이용을 안 하고 있어요? 어떻게 된 건가요,저희 지금 여기 학습지 이용을 안 하고 있어요. 어떻게 된 건가요?,37,0.243243,4,5,0,1
S00000409_t0009,0009.wav,0,교육,네 빨리 알아가주세요 그때 분명히 선생님하고도 잘 인사했고 마치고 끝났는데 갑자기 결제 문자 와서 놀랐거든요,네. 빨리 알아봐주세요. 그때 분명히 선생님하고도 잘 인사했고 마치고 끝냈는데 갑자기 결제 문자 와서 놀랐거든요.,63,0.079365,2,3,0,0
S00000409_t0010,0010.wav,0,교육,"네, 아라봉들과 학습 종료가 안 된 걸로 나와 있습니다.",네. 알아본 결과 학습 종료가 안 된 걸로 나와있습니다.,31,0.193548,4,1,1,2
S00000409_t0011,0011.wav,0,교육,확습이 중요가 안됐다고요? 저희 저번에 분명히 끝내고 이사까지 했는데요,학습이 종료가 안 됐다고요? 저희 저번에 분명히 끝내고 이사까지 했는데요?,41,0.121951,3,2,0,1
S00000409_t0013,0013.wav,0,교육,선생님하고 어떻게 이야기가 됐길래 학습 종료가 안 돼요.,선생님하고 어떻게 이야기가 됐길래 학습종료가 안 돼요.,30,0.033333,0,0,1,1
S00000409_t0014,0014.wav,0,교육,알아보고 처리해 드리겠습니다.,알아보고 처리해 드리겠습니다.,16,0.000000,0,0,0,0
S00000409_t0015,0015.wav,0,교육,처리해주는 건 당연하고요. 그것보다 저희 카드 번호도 분명히 개인정보인데 해체하면 삭제해야 하는 거 아닌가요?,처리해주는 건 (당연하고요)/(당연하구요). 그것보다 저희 카드번호도 분명히 개인정보인데 해지하면 삭제해야 하는 거 아닌가요?,70,0.171429,1,10,1,1
S00000409_t0016,0016.wav,0,교육,이전에 저약 습지할 때도 결제 금액 이상해서 고객 센터의 문휘해보니까,"예전에 저희 학습지 할 때도 결제금액 이상해서 고객센터에 문의해보니까,",39,0.230769,4,3,2,3
S00000409_t0017,0017.wav,0,교육,저희가 하지도 않은 과목을 등록시켜서 그게 두 달 분이나 결제돼,저희가 하지도 않은 과목을 등록시켜서 그게 (2달)/(두 달) 분이나 결제 되,43,0.209302,1,8,0,1
S00000409_t0018,0018.wav,0,교육,결제가 됐더라고요.,결제가 됐더라고요?,10,0.100000,1,0,0,0
S00000409_t0020,0020.wav,0,교육,저희가 알았으니까 방정이지 몰랐으면 그렇게 남의 계좌에서,"저희가 알았으니까 망정이지, 몰랐으면 그렇게 남의 계좌에서",32,0.062500,1,1,0,0
S00000409_t0021,0021.wav,0,교육,돈 계속 빼내갔을 거 아니에요? 통지 같은 것도 안 해주고,돈 계속 빼내갔을 거 아니에요? 통지 같은 것도 안 해주고.,33,0.030303,0,1,0,0
S00000409_t0023,0023.wav,0,교육,그때는 이제 애가 여기 선생님도 좋아하시고 학습지도 마음에 들어 하고 있어서 그냥 넘겼거든요.,그때는 이제 애가 여기 선생님도 좋아하시+ 좋아하고 학습지도 맘에 들어하고 있어서 그냥 넘겼거든요.,55,0.145455,1,5,2,2
S00000409_t0024,0024.wav,0,교육,남편은 이런거 그냥 넘기면 안된다고 했지만 애가 잘하고 있는데,"남편은 이런 거 그냥 넘기면 안된다고 했지만, 애가 잘 하고 있는데",37,0.081081,0,3,0,2
S00000409_t0025,0025.wav,0,교육,괜히 현대인 불편하게 만들어서 좋을 거 없으니까요,괜히 선생님 불편하게 만들어서 좋을 거 없으니까요.,28,0.142857,3,1,0,0
S00000409_t0026,0026.wav,0,교육,근데 저희 분명히 그만뒀는데 결제되는 건 좀 아니잖아요?,근데 저희 분명히 그만뒀는데 결제되는 건 좀 아니잖아요.,31,0.032258,1,0,0,0
S00000409_t0028,0028.wav,0,교육,한번 이해하고 넘어갔으면 좀 더 조심해줘야 하는 거 아닌가요?,한번 이해하고 넘어갔으면 좀더 조심해줘야 하는 거 아닌가요?,33,0.030303,0,0,1,1
S00000409_t0030,0030.wav,0,교육,그러면 이거 어떻게 처리해줄 거예요? 저는 지금 당장 확륙 종료해 주시고요.,"그러면 이거 어떻게 처리해줄 거예요? 저는 지금 당장 학습 종료해주시고요,",41,0.097561,3,0,1,1
S00000409_t0031,0031.wav,0,교육,저희 결계는 금이 환불 처리해주셨으면 좋겠어요.,저희 결제된 금액 환불처리 해주셨으면 좋겠어요.,26,0.192308,3,1,1,2
S00000409_t0032,0032.wav,0,교육,저희 이사오고 나서 바로는 결제가 안 됐어요.,저희 이사 오고 마+ 나서 바로는 결제가 안됐어요,27,0.222222,0,4,2,3
S00000409_t0033,0033.wav,0,교육,그러고 한 달 지나서 갑자기 결지르는 게 조금 이상하지 않아요?,(그리고)/(그러고) (1달)/(한 달) 지나서 갑자기 결제되는 게 좀 이상하지 않아요?,49,0.387755,3,15,1,0
S00000409_t0034,0034.wav,0,교육,계속 결제 됐으면 모르겠는데 갑자기 생일 뜨니까 놀랐다고요.,계속 결제됐으면 모르겠는데 갑자기 승인 뜨니까 놀랐다고요.,32,0.093750,2,0,1,1
S00000409_t0035,0035.wav,0,교육,죄송합니다. 확인 처리해 드리겠습니다,죄송합니다. 확인 후 처리해 드리겠습니다.,23,0.130435,0,3,0,1
S00000409_t0036,0036.wav,0,교육,함부로는 얼마나 걸리네요?,환불은 얼마나 걸리나요?,13,0.384615,4,0,1,0
S00000409_t0037,0037.wav,0,교육,시스템상 바로 해지는 불가능하고요. 박수치는 한 달 후에 종리됩니다,시스템상 바로 해지는 불가능(하고요)/(하구요). 학습지는 (1달)/(한 달) 후에 종료됩니다.,53,0.377358,4,16,0,0
S00000409_t0038,0038.wav,0,교육,그건 바로 해주셔야죠. 저희는 분명 전에 해지 다 했는데,"아니 그건 바로 해주셔야죠. 저희는 분명 전에 해지 다 했는데,",35,0.114286,0,4,0,1
S00000409_t0039,0039.wav,0,교육,선생님은 그쪽 문제고요. 저희는 지금 이용하지도 않은 학습지가 결계됐으니까,시스템은 그쪽 문제고요. 저희는 지금 이용하지도 않은 학습지가 결제됐으니까,41,0.097561,4,0,0,0
S00000409_t0040,0040.wav,0,교육,금액을 돌려달라는데,"금액을 돌려달라는데,",11,0.090909,0,1,0,0
S00000409_t0041,0041.wav,0,교육,그걸 지금 바로 처리해주는 것도 아니고 늦추겠다고요?,그걸 지금 바로 처리해주는 것도 아니고 늦추겠다고요?,29,0.000000,0,0,0,0
S00000409_t0042,0042.wav,0,교육,상부 확인 후 결제 지소는 바로 해드리겠습니다. 종료는 한 달 후에 가능하십니다,상부 확인 후 결제 취소는 바로 해드리겠습니다. 종료는 (1달)/(한 달) 후에 가능하십니다.,52,0.173077,1,8,0,0
S00000409_t0043,0043.wav,0,교육,알겠어요 그럼 일단 함부리라도 해주세요. 함불은 언제 받을 수 있는 거예요?,알겠어요. 그럼 일단 환불이라도 해주세요. 환불은 언제 받을 수 있는 거예요?,43,0.116279,4,1,0,0
S00000409_t0044,0044.wav,0,교육,최소 1주 길면 2주 정도 걸릴 거라고 예상됩니다.,"최소 (1주)/(일 주), 길면 (2주)/(이 주) 정도 걸릴거라 예상됩니다.",43,0.441860,0,17,2,3
S00000409_t0045,0045.wav,0,교육,너무 늦어요. 명독히 지금 학습지회사 잘못인데 더 빨리 처리는 안 되는 건가요?,너무 늦어요. 명백히 지금 학습지 회사 잘못인데 더 빨리 처리는 안되는 건가요?,44,0.068182,1,1,1,2
S00000409_t0046,0046.wav,0,교육,금융사 사정이라 불가능합니다.,금융사 사정이라 불가능합니다.,16,0.000000,0,0,0,0
S00000409_t0047,0047.wav,0,교육,와 정말 답답하네요. 엄마들이 계속 선금들지 하라고 할 때 선생님 조금 더 편하시라고 자동들대로 했더니,"하/ 정말 답답하네요. 엄마들이 계속 현금 결제 하라고 할 때 선생님 조금 더 편하시라고 자동 결제로 했더니,",61,0.163934,6,4,0,2
S00000409_t0048,0048.wav,0,교육,이런 일이 발생할 줄 누가 알았겠어요?,이런 일이 발생할 줄 누가 알았겠어요.,21,0.047619,1,0,0,0
S00000409_t0049,0049.wav,0,교육,"저희 카드 정보들 다 폐기해주세요. 중앙 교육, 나름 큰 여사라고 믿고 있었는데",저희 카드정보도 다 폐기해주세요. 중앙교육 나름 큰 회사라서 믿고 있었는데,41,0.146341,3,0,3,2
S00000409_t0050,0050.wav,0,교육,이런 식으로 개인정보 처리하시면 안 되는 거예요.,이런 식으로 개인정보 처리하시면 안 되는 거예요.,27,0.000000,0,0,0,0
S00000409_t0052,0052.wav,0,교육,이런 일 계속 반복되면 실내도 떨어지는 거 아셔야 해요.,이런 일이 계속 반복되면 신뢰도 떨어지는 거 아셔야 해요.,32,0.093750,2,1,0,0
S00000409_t0053,0053.wav,0,교육,"저희는 그나마 선생님이 좋았고 아이가 만족했으니까 넘어가는 거지 다른 엄마도 이런 일 안 참아요, 아시죠?","저희는 그나마 선생님이 좋았고 아이가 만족했으니까 넘어가는 거지, 다른 엄마들 이런 일 안 참아요. 아시죠?",60,0.050000,2,1,0,0
S00000409_t0055,0055.wav,0,교육,그럼 함불 대는 거를 알고 이만 끊을게요.,그럼 환불 되는 걸로 알고 이만 끊을게요,22,0.227273,4,0,1,0
S00000448_t0001,0001.wav,0,교육,네 고객님 중앙교육의 이증혁 상담원입니다.,네. 고객님 중앙교육의 이진혁 상담원입니다.,24,0.083333,1,1,0,0
S00000448_t0002,0002.wav,0,교육,안녕하세요. 결제팀의 전화기입니다!,안녕하세요 결제 때문에 전화드렸어요.,20,0.500000,7,2,1,1
S00000448_t0003,0003.wav,0,교육,본당 살기 4의 중앙교육 학습지 몇 년 했었고요. 지금은 학습 지 이용 안 하고 있거든요 그리고 저희 서초로 이사도 했고요,분당 살때 중앙교육 학습지 몇 년 했었고요. 지금은 학습지 이용 안하고 있거든요. 그리고 저희 서초로 이사도 했고요.,65,0.138462,2,2,5,3
S00000448_t0004,0004.wav,0,교육,근데 며칠 전에 갑자기 여기 학습지휴를 좀 은사가 뜨더라고요. 18년이 근추됐는데 저희 지금 여기 학생 지휴 이용을 안 하고 있어요 어떻게 되는 건가요?,그런데 몇 주전에 갑자기 여기 학습지 결제 문자가 뜨더라고요. (18)/(십 팔)만원이 결제 됐는데 저희 지금 여기 학습지 이용을 안 하고 있어요. 어떻게 된건가요?,92,0.336957,14,12,5,8
S00000448_t0006,0006.wav,0,교육,"빨리 알아봐주세요. 그때 분명히 선생님하고, 선생님과 잘 인사했고 마치고 끝났는데 각자의 결뜸을 좋아해서 놀랐거든요",네 빨리 알아봐주세요 그때 분명히 선생님하고 + 선생님하고도 잘 인사했고 마치고 끝냈는데 갑자기 결제 문자 와서 놀랐거든요.,69,0.260870,11,6,1,5
S00000448_t0007,0007.wav,0,교육,"네, 알아본 결과 학습 종료가 안 된 걸로 나와 있습니다.",네 알아본 결과 학습 종료가 안 된걸로 나와있습니다.,29,0.103448,0,0,3,2
S00000448_t0008,0008.wav,0,교육,박수비 종용 안 됐다고요? 저희 저번에 분명히 끝내고 이사까지 했는데요.,학습이 종료 안 됐다고요? 저희 저번에 분명히 끝내고 이사까지 했는데요.,40,0.100000,4,0,0,0
S00000448_t0011,0011.wav,0,교육,"네, 알아보고 처리해 드리겠습니다.",네 알아보고 처리해 드리겠습니다.,18,0.055556,0,0,1,0
S00000448_t0012,0012.wav,0,교육,그거보다 저희 카드보는 분명히 개인정보인데 해지하면 탁재해야 하는 거 아닌가요?,처리해 주는건 당연하고요. 그것보다 저희 카드 번호도 분명히 개인정보인데 해지 하면 삭제해야 하는거 아닌가요?,61,0.393443,5,18,1,6
S00000448_t0013,0013.wav,0,교육,예전에 저희 학습 때 할 때도 결제금에 이상해서 고객 산타임을 비니해 보니까 저희가 하지도 않은 검옥을 등록시켜서 그게 두 달 분이나 결제가 됐더라고요.,예전에 저희 학습지 할때도 결제금액 이상해서 고객센터에 문의해보니까 저희가 하지도 않은 과목을 등록시켜서 그게 (둘)/(두) 달분이나 결제가 됐더라고요.,85,0.247059,9,6,6,5
S00000448_t0015,0015.wav,0,교육,저희가 알았으니까 망정이지 몰랐으면 그렇게 남의 기사에서 돈 계속 빼내 같은 거 아니에요. 동지같은 것도 안 해주고,저희가 알았으니까 망정이지 몰랐으면 그렇게 남의 계좌에서 돈 계속 빼내갔을 것 아니에요. 통지 같은 것도 안해주고.,64,0.156250,6,2,2,3
S00000448_t0017,0017.wav,0,교육,그때는 이제 애가 여기 선생님을 좋아하고 학생이 마음에 들어 하고 있어서 그냥 넘겼거든요. 남편은 이런 거 그냥 넘기면 안 된다고 했지만 애가 잘하고 있는데 괜히 선생님 불편하게,그때는 이제 얘+ 애가 여기 선생님도 좋아하고 학습지도 마음에 들어하고 있어서 그냥 넘어갔거든요 + 넘겼거든요. 남편은 이런 거 그냥 넘기면 안 된다고 했지만 애가 잘 하고 있는데 괜히 선생님이 불편하게,113,0.168142,3,15,1,5
S00000448_t0018,0018.wav,0,교육,근데 저희 분명히 그만 넣는데 결주되는 건 좀 아니잖아요,만들어서 좋을 거 없으니까요. 그런데 저희 분명히 그만뒀는데 결제되는 건 좀 아니잖아요.,49,0.469388,3,19,1,5
S00000448_t0019,0019.wav,0,교육,한번 이해하고 넘어가서 좀 더 조심해 좋아하는 거 아닌가요?,(하나)/(한)번 이해하고 넘어갔으면 좀 더 조심해줘야 하는거 아닌가요?,40,0.350000,5,8,1,3
S00000448_t0021,0021.wav,0,교육,그러면 이거 어떻게 처리해줄 거예요? 저는 지금 당장 학습 종료해주시고요. 저희 결제 대금에 한불처리 했으면 좋겠어요,그러면 이거 어떻게 처리해줄 거에요?지+ 저는 지금 당장 학습 종료해주시고요. 저희 결제 대금액 환불처리 해주셨으면 좋겠어요.,70,0.128571,4,5,0,0
S00000448_t0022,0022.wav,0,교육,저희 이사하고 나서는 바로 결제가 안됐어요 그러고 한달 지나서 갑자기 결제되는 건 좀 이상하지 않아요?,저희 이사하고 나서는 바로 결제가 안 됐어요. 그러고 (하나)/(한) 달 지나서 갑자기 결제되는 건 좀 이상하지 않아요?,67,0.149254,0,10,0,2
S00000448_t0023,0023.wav,0,교육,계속 결정했으면 모르겠는데 갑자기 스윗드니까 놀랐다고요.,계속 결제 됐으면 모르겠는데 갑자기 출입되니까u/ 놀랐다고요.,34,0.235294,5,3,0,1
S00000448_t0024,0024.wav,0,교육,죄송합니다. 확인 후 처리해 드리겠습니다,죄송합니다. 확인 후 처리해 드리겠습니다.,23,0.043478,0,1,0,0
S00000448_t0025,0025.wav,0,교육,얼마나 걸리는데요?,환불은 얼마나 걸리는데요?,14,0.285714,0,4,0,1
S00000448_t0026,0026.wav,0,교육,시스템상 바로 해지는 불가능합니다. 학습지는 한 달 후에 종료됩니다,시스템상 바로 해지는 불가능합니다. 학습지는(하나)/(한)달 후에 종료됩니다.,43,0.186047,2,6,0,2
S00000448_t0027,0027.wav,0,교육,"아니 그럼 바로 해주셔야죠. 저희는 분명 전에 해결이 다 했는데 실제에는 그쪽인데고요, 저희는 지금 이용하지도 않은 학습지가 결투됐으니까 금액을 돌려놔나오는데 그걸 지금 바로 처리해 주는 것도 아니고 늦추겠다고요?",아니 그건 바로 해 주셔야죠. 저희는 분명히 전에 해지 다 했는데 시스템은 그쪽 문제고요. 저희는 지금 이용하지도 않은 학습지가 결제를 됐으니까 금액을 돌려달라는 건데 그걸 지금 바로 처리해 주는 것도 아니고 늦추겠다고요?,124,0.169355,14,6,1,4
S00000448_t0028,0028.wav,0,교육,상부 확인 후 결제 취소는 바로 해드리겠습니다. 종류는 한 달 후에 가능하십니다,상부 확인 후 결제 취소는 바로 해드리겠습니다. 종료는 (하나)/(한) 달 후에 가능하십니다.,52,0.173077,1,8,0,0
S00000448_t0029,0029.wav,0,교육,알겠어요 그럼 1도 한 분이라도 해주세요.,알겠어요. 그럼 일단 환불이라도 해주세요. 환불은 언제 받을 수 있는 거예요?,43,0.604651,4,21,1,7
S00000448_t0030,0030.wav,0,교육,채소 일을 쭉 길면 2주 정도 걸릴 거라 예상됩니다.,최소 (1)/(일) 주 길면 (2)/(이) 주 정도 걸릴 거라 예상됩니다.,41,0.365854,3,12,0,1
S00000448_t0031,0031.wav,0,교육,너무 늦어요. 명백히 지금 학습 중에서 닮으신데 더 빨리 처리는 안 되는 건가요?,너무 늦어요. 명백히 지금 학습지 회사 잘못인데 더 빨리 처리가 안 되는 건가요?,45,0.177778,8,0,0,2
S00000448_t0032,0032.wav,0,교육,금융사 사정이라 불가능합니다.,금융사 사정이라 불 가능합니다.,17,0.058824,0,1,0,1
S00000448_t0033,0033.wav,0,교육,엄마들이 계속 현금 결제하라고 할 때 선생님 조금 더 편하시라고 자동결제를 했더니 이런 일이 발생할 줄 누가 알았겠어요.,엄마들이 계속 현금 결제하라고 할 때 선생님 조금 + 조금 더 편하시라고 자동 결제로 했더니 이런 일이 발생할 줄 누가 알았겠어요.,73,0.095890,1,6,0,3
S00000448_t0034,0034.wav,0,교육,저희 카드 정보도 다 폐기해 주세요. 중앙교육 나름 큰 회사라고서 믿고 있었는데 이런 식으로 개인정보 처리하시면 안 되는 거예요,저희 카드 정보도 다 폐기 해주세요. 중앙교육 나름 큰 회사라서 믿고 있었는데 이런식으로 개인정보 처리하시면 안 되는 거예요.,70,0.071429,2,1,2,3
S00000448_t0036,0036.wav,0,교육,"이런 일 계속 반복되면 실내도 떨어지는 거 아셔야 해요. 저희는 그나마 선생님이 좋았고, 이 아이가 만족했으니까 넘어가는 거지 다른 엄마들 이런일 안 참아요. 아시죠?",이런일 계속 반복되면 신뢰도 떨어지는 걸 아셔야 해요. 저희 는 그나마 선생님이 좋았고 이 아이가 만족했습니까 넘어가는 거지 다른 엄마들 이런 일 안 참아요. 아시죠?,93,0.086022,4,2,2,3
S00000448_t0038,0038.wav,0,교육,그럼 함부되는 걸로 알고 이만 끊을게요.,그럼 환불되는 걸로 알고 이만 끊을게요.,22,0.090909,2,0,0,0
S00000448_t0039,0039.wav,0,교육,네 감사합니다. 상담사 이진혁이었습니다,네 감사합니다. 상담사 이진혁이었습니다.,22,0.045455,0,1,0,0
S00000489_t0002,0002.wav,0,교육,안녕하세요. 결제 때문에 조용한 분이었어요,"안녕하세요, 결제 때문에 (전화)/(종화) 드렸어요.",29,0.482759,8,6,0,2
S00000489_t0003,0003.wav,0,교육,중앙교육 학습집을 몇 년 했었고요. 지금은 학습지 이용 안 하고 있거든요 그리고 저희 소초로 이사했고요,분당 살 때 중앙교육 학습지 몇 년 했었고요. 지금은 학습지 이용 안하고 있거든요. 그리고 저희 서초로 이사 했고요.,65,0.215385,2,10,2,5
S00000489_t0005,0005.wav,0,교육,근데 며칠 전에 갑자기 여기 학습기 결제 문자 같더라고요 18만 원이 결제됐는데,근데 며칠 전에 갑자기 여기 학습지 결제 문자가 뜨더라고요. (18만원)/(십 팔만 원)이 결제됐는데,56,0.250000,2,12,0,1
S00000489_t0006,0006.wav,0,교육,지금 여기 학습기 이용을 안 하고 있어요. 어떻게 된 건가요?,저희 지금 여기 학습지 이용을 안 하고 있어요. 어떻게 된 건가요?,37,0.108108,1,3,0,1
S00000489_t0008,0008.wav,0,교육,빨리 알아 봐주세요 그때 분명히 선생님하고,네. 빨리 알아봐주세요. 그때 분명히 선생님하고,26,0.192308,0,4,1,2
S00000489_t0009,0009.wav,0,교육,설 인사에 곧 맞추고 끝났는데 갑자기 긴급 문자 와서 놀랐거든요.,잘 인사했고 마치고 끝냈는데 갑자기 결제 문자 와서 놀랐거든요.,35,0.257143,8,0,1,1
S00000489_t0010,0010.wav,0,교육,"네, 알아보면 되고 학습 종료가 안 된 걸로 나와 있습니다.",네. 알아본 결과 학습 종료가 안 된 걸로 나와있습니다.,31,0.193548,4,0,2,1
S00000489_t0011,0011.wav,0,교육,학습이 종료가 안됐다고요?,학습이 종료가 안 됐다고요?,15,0.066667,0,1,0,1
S00000489_t0012,0012.wav,0,교육,거의 저번에 분명히 끝나고 이사까지 했는데요,저희 저번에 분명히 끝내고 이사까지 했는데요?,25,0.160000,3,1,0,0
S00000489_t0014,0014.wav,0,교육,선생님하고 어떻게 이야기를 하시리 종료가 안 돼요?,선생님하고 어떻게 이야기 u/ 학습지 종료가 안 돼요?,30,0.200000,4,2,0,1
S00000489_t0015,0015.wav,0,교육,바라보고 처리해 드리겠습니다.,알아보고 처리해 드리겠습니다.,16,0.125000,2,0,0,0
S00000489_t0016,0016.wav,0,교육,철회 해주는 건 당연하고요. 그것보다 저희 카드 번호도 분명히 개인정보인데,처리해주는 건 당연하고요. 그것보다 저희 카드번호도 분명히 개인정보인데,39,0.102564,2,0,2,2
S00000489_t0017,0017.wav,0,교육,3장은 삭제해야 하는 거 아닌가요?,해지하면 삭제해야 하는 거 아닌가요?,20,0.200000,3,1,0,0
S00000489_t0018,0018.wav,0,교육,저희 학습지할 때도 결제금액 이상해서 고객 센터에 문의해 보니까,"예전에 저희 학습지 할 때도 결제금액 이상해서 고객센터에 문의 해보니까,",40,0.225000,2,6,1,5
S00000489_t0019,0019.wav,0,교육,하지만 아직도 아는 거목을 등록시켜서 그게 두 달 부위나 결제가 됐더라고요.,저희가 하지도 않은 과목을 등록 시켜서 그게 (2달)/(두 달) 분이나 결제가 됐더라고요?,50,0.380000,11,8,0,1
S00000489_t0021,0021.wav,0,교육,저희가 알았으니까 몰랐으면 그렇게 남은 계좌에서 돈 계속 빠져나갔을 거 아니에요.,"저희가 알았으니까 망정이지, 몰랐으면 그렇게 남 계좌에서 돈 계속 빠져 나갔을 거 아니에요?",51,0.176471,1,7,1,2
S00000489_t0022,0022.wav,0,교육,공기같은 것도 안 해주고,통지 같은 것도 안 해주고.,15,0.266667,2,2,0,1
S00000489_t0024,0024.wav,0,교육,이때는 이제 얘기가 여기 선님도 좋아하고 또 마음에 들어서,그때는 이제 애가 여기에 선생님도 좋아하고 학습지도 맘에 들어하고 있어서,40,0.400000,6,9,1,3
S00000489_t0025,0025.wav,0,교육,그냥 넘겼거든요 남편 이런 걸 그냥 넘기면 안 된다고 했지만,"그냥 넘겼거든요. 남편이 이런 거 그냥 넘기면 안된다고 했지만,",35,0.142857,1,3,1,1
S00000489_t0026,0026.wav,0,교육,얘가 잘하고 있는데 괜히 선생님이 불편하게 만들어서 좋을 거 없으니까요.,애가 잘 하고 있는데 괜히 선생님 불편하게 만들어서 좋을 거 없으니까요.,40,0.075000,1,1,1,1
S00000489_t0027,0027.wav,0,교육,근데 저희 분명히 그만 뒀는데 결제되는 건 좀 아니잖아요.,근데 저희 분명히 그만 뒀는데 결제되는 건 좀 아니잖아요.,32,0.000000,0,0,0,0
S00000489_t0028,0028.wav,0,교육,한번 이해하고 넘어갔으면 좀 더 조심해져야 하는 거 아니에요?,한번 이해하고 넘어갔으면 좀 더 조심해줘야 하는 거 아닌가요?,34,0.088235,3,0,0,0
S00000489_t0030,0030.wav,0,교육,그럼 이걸 어떻게 채워줄까요?,(그러면)/(그러믄) 이거 어떻게 처리해 줄 거예요?,29,0.620690,5,13,0,2
S00000489_t0031,0031.wav,0,교육,저는 지금 당장 학습 종료해 주시고요.,"저는 지금 당장 학습 종료 해주시고요,",21,0.142857,3,0,0,2
S00000489_t0032,0032.wav,0,교육,저희 길재된 금액 황부치를 주셨으면 좋겠어요.,저희 결제된 금액 환불처리 해주셨으면 좋겠어요.,26,0.269231,6,1,0,0
S00000489_t0033,0033.wav,0,교육,저희 이사 오고 나서 8호는 결지가 안 됐어요.,저희 이사오고 나서 바로는 결제가 안 됐어요.,25,0.160000,3,0,1,1
S00000489_t0034,0034.wav,0,교육,그러고 한 달 지나서 갑자기 결제되는 게 좀 이상하지 않아요. 계속 결제 됐으면 모르겠는데,(그리고)(그러고) (1달)/(한 달) 지나서 갑자기 결제되는 게 좀 이상하잖아요? 계속 결제됐으면 모르겠는데,61,0.311475,2,14,3,2
S00000489_t0035,0035.wav,0,교육,갑자기 신이 뜨니까 몰랐다고요.,갑자기 승인이 뜨니까 놀랐다고요.,18,0.166667,2,1,0,0
S00000489_t0036,0036.wav,0,교육,죄송합니다. 확인 후 처리해 드리겠습니다,죄송합니다. 확인 후 처리해 드리겠습니다.,23,0.043478,0,1,0,0
S00000489_t0037,0037.wav,0,교육,함부름 얼마나 가깝네요?,환불은 얼마나 걸리는데요?,14,0.500000,6,1,0,0
S00000489_t0038,0038.wav,0,교육,시스템상 바로 해제는 불가능합니다. 학습지는 한 달 후에 종료됩니다,시스템상 바로 해지는 불가능합니다. 학습지는 (1달)/(한 달) 후에 종료됩니다.,45,0.200000,1,8,0,0
S00000489_t0039,0039.wav,0,교육,아니 그건 바로 해주셔야죠. 저희는 분명 전에 다 했는데 시스템 그 정도인 거고요,"아니, 그건 바로 해주셔야죠. 저희는 분명 전에 해지 다 했는데, 시스템은 그 쪽 문제고요.",51,0.235294,4,7,1,3
S00000489_t0040,0040.wav,0,교육,저희는 지금 이용하지도 않은 학습기가 결계됐으니까,저희는 지금 이용하지도 않은 학습지가 결제됐으니까,27,0.074074,2,0,0,0
S00000489_t0041,0041.wav,0,교육,금메고 돌려달라는 건데,"금액을 돌려달라는 건데,",13,0.230769,2,1,0,0
S00000489_t0042,0042.wav,0,교육,그걸 지금 바로 처리 좀 더 다닙고 미치겠다고요?,그걸 지금 바로 처리해주는 것도 아니고 늦추겠다고요?,29,0.310345,7,2,0,1
S00000489_t0043,0043.wav,0,교육,상부하기는 결제 취소는 바로 해드리겠습니다. 종년은 한 달 후에 가능하십니다,상부 확인 후 결제 취소는 바로 해드리겠습니다. 종료는 (1달)/(한 달) 후에 가능하십니다.,52,0.288462,5,10,0,2
S00000489_t0045,0045.wav,0,교육,그럼 일단 한본녀한테 해주세요.,그럼 일단 환불이라도 해주세요. 환불은 언제 받을 수 있는 거예요?,37,0.675676,5,20,0,6
S00000489_t0046,0046.wav,0,교육,"최소 1초, 길면 2주 정도 걸릴 거라 예상됩니다.","최소 (1주)/(일 주), 길면 (2주)/(이 주) 정도 걸릴거라 예상됩니다.",43,0.418605,1,16,1,3
S00000489_t0047,0047.wav,0,교육,너무 늦어요. 면배기지로 학습지회가 잘못인데 더 빨리 처리는 안 되는 거예요,o/ 너무 늦어요. 명백히 지금 학습지 회사 잘못인데 더 빨리 처리는 안되는 건가요? n/,50,0.340000,7,9,1,5
S00000489_t0048,0048.wav,0,교육,사장이라 불가능합니다.,사정이라 불가능합니다.,12,0.083333,1,0,0,0
S00000489_t0049,0049.wav,0,교육,아 정말 답답하네요. 엄마들이 계속 경증 결제 하라고 할 때,하/ 정말 답답하네요. 엄마들이 계속 현금결제 하라고 할 때,33,0.151515,3,1,1,1
S00000489_t0050,0050.wav,0,교육,선생님 조금 더 편하시다고 자동 결정도 했던 이런 일이 발생할 줄 누가 알았겠어요?,"선생님 조금 더 편하시라고 자동결제로 했더니, 이런 일이 발생할 줄 누가 알았겠어요.",47,0.170213,5,2,1,1
S00000489_t0051,0051.wav,0,교육,다 폐기해주세요,저희 카드정보도 다 폐기 해주세요.,19,0.578947,0,11,0,3
S00000489_t0052,0052.wav,0,교육,중앙교육 나름 큰 회사라고 믿고 있었는데 이런 식으로 개인정보 최대하시면 안 되는 거예요.,중앙교육 나름 큰 회사라 고+ 서 믿고 있었는데 이런 식으로 개인정보 처리하시면 안 되는 거예요.,54,0.111111,2,4,0,2
S00000489_t0054,0054.wav,0,교육,이런 게 계속 반복되면 실내도 떨어지는 거 아시아예요.,이런 일 계속 반복되면 신뢰도 떨어지는 거 아셔야 해요.,31,0.225806,6,1,0,1
S00000489_t0055,0055.wav,0,교육,저희는 그나마 선생님이...,저희는 그나마 선생님이,12,0.250000,0,0,3,0
S00000489_t0056,0056.wav,0,교육,"좋아, 과의가 만지겠으니까 넘어가는 거지","좋았고 아이가 만족했으니까 넘어가는 거지,",23,0.304348,6,1,0,0
S00000489_t0057,0057.wav,0,교육,다른 한마디 이런거 안 참아요 아시죠?,다른 엄마들 이런 일 안 참아요. 아시죠?,23,0.217391,3,2,0,1
S00000489_t0059,0059.wav,0,교육,그럼 함물되는 걸로 알고 이만 끊을게요,그럼 환불되는 걸로 알고 이만 끊을게요.,22,0.136364,2,1,0,0
S00000532_t0014,0014.wav,0,교육,예전에 저희 학습 시칼 때도 결제금이 이상해서 고기센터에 문해보니까 저희가 하중화하는 과목을 등록시켜서 그게 두 달 분이나 결제가 됐어라고요.,b/ 예전에 저희 학습지 할 때도 결제금액 이상해서 고객센터에 문의해보니까 b/ 저희가 하지도 않은 과목을 등록시켜서 그게 (2달)/(두 달) 분이나 결제가 (됐더라고요)/(됐더라구요)?,104,0.346154,11,25,0,5
S00000532_t0016,0016.wav,0,교육,저희가 알았으니 망정인지 몰랐으면 그렇게 남은 기저에서 돈 계속 빼내가는 거 아니에요? 통제 같은 것도 안 해주고,저희가 알았으니 망정이지 몰랐으면 그렇게 남의 계좌에서 돈 계속 빼내가는 거 아니에요? 통지 같은 것도 안 해주고.,64,0.093750,5,1,0,0
S00000532_t0018,0018.wav,0,교육,"그때는 이제 애가 여기 선생님도 좋아하고 확실지도 마음에 들어 하고 있어서 그냥 넘겼거든요. 남편은 이런 거 그냥 넘기면 안 된다고 했지만 애가 잘하고 있는데 괜히 선생님하게, 선생님 불편하게 만들어서 좋을 거 없으니까요",그때는 이제 애가 여기 선생님도 좋아하고 학습지도 맘에 들어하고 있어서 그냥 넘겼거든요. b/ 남편은 이런 거 그냥 넘기면 안 된다고 했지만 b/ 애가 잘하고 있는데 괜히 선생님에게+ 선생님 불편하게 b/ 만들어서 좋을 거 없으니까요.,131,0.129771,5,10,2,4
S00000532_t0019,0019.wav,0,교육,근데 저희 분명히 그만뒀는데 결제는 좀...결제되는 건 좀 아니잖아요?,근데 저희 분명히 그만뒀는데 결제는+ 좀+ 결제되는 건 좀 아니잖아요?,39,0.102564,2,1,1,1
S00000532_t0020,0020.wav,0,교육,한번 이해하고 넘어갈 수 있는 좀 더 조심해지는 거 아닌가요?,(1번)/(한 번) 이해하고 넘어갔으면 좀 더 조심해줘야 하는 거 아닌가요?,42,0.428571,4,11,3,4
S00000532_t0022,0022.wav,0,교육,그러면 이거 어떻게 처리해줄 거예요? 저는 지금 당장 합세 종료해 주시고 저희 결제된 금에 환불처리 해주셨으면 좋겠어요.,그러면 이거 어떻게 처리해줄 (거예요)/(거애요)? 저는 지금 당장 학습 종료해주시고 저희 결제된 금액 환불 처리해주셨으면 좋겠어요.,74,0.189189,3,9,2,3
S00000532_t0023,0023.wav,0,교육,"저희 사업은 바로 어느 결제가 안 됐어요. 그리고 한 달 지나서 갑자기 결제되는 게 이상하지 않아요? 계속 결제 됐으면 모르겠는데, 갑자기 스민뜨니까 놀랐다고요",저희 이사 오고 나서 바로는 결제가 안 됐어요. 그러고 (1달)/(한 달) 지나서 갑자기 결제되는 게 좀 이상하지 않아요? 계속 결제됐으면 모르겠는데 갑자기 승인 뜨니까 (놀랐다고요)/(놀랐다구요).,111,0.315315,9,24,2,4
S00000532_t0024,0024.wav,0,교육,죄송합니다. 확인을 처리해 드리겠습니다,죄송합니다. 확인 후 처리해드리겠습니다.,22,0.181818,1,2,1,2
S00000532_t0030,0030.wav,0,교육,최소 일주 길면 2주 정도 걸릴 거라 예상됩니다.,최소 (1주)/(일 주) 길면 (2주)/(이 주) 정도 걸릴 거라 예상됩니다.,43,0.372093,0,16,0,2
S00000532_t0032,0032.wav,0,교육,금융사 하정이라 불가능합니다.,금융사 사정이라 불가능합니다.,16,0.062500,1,0,0,0
S00000532_t0033,0033.wav,0,교육,아 정말 답답하네요. 엄마들이 계속 현금 결제 하라고 할 때 선생님 조금 더 편하시라고 자동결제를 했더니 이런 일 발생할지 누가 알았겠어요?,하/ 정말 답답하네요. 엄마들이 계속 현금결제하라고 할 때 선생님 조금 더 편하시라고 자동결제로 했더니 b/ 이런 일이 발생할 줄 누가 알았겠어요?,82,0.134146,3,6,2,4
S00000532_t0034,0034.wav,0,교육,저희 카드 정보도 다 폐기해주세요. 중앙교육 나름 큰 회사라고 믿고 있었는데 이런 식으로 개인정보 처지하시면 안 되는 거예요,저희 카드정보도 다 폐기해주세요. 중앙교육 나름 큰 회사라고 믿고 있었는데 이런 식으로 개인정보 처리하시면 안 되는 (거예요)/(거애요).,77,0.142857,1,9,1,1
S00000539_t0001,0001.wav,0,교육,네 고객님 중앙교육의 인혁 상담원입니다.,"네, 고객님, 중앙 교육의 이진혁 상담원입니다.",26,0.192308,1,4,0,1
S00000539_t0002,0002.wav,0,교육,안녕하세요. 절대 때문에 전화 드렸어요,u/ 하세요. 결제 때문에 전화드렸어요.,22,0.318182,4,2,1,2
S00000539_t0003,0003.wav,0,교육,분당팔 때 중학교 학습지 몇 년 했었고요. 지금은 학습 지 이용 안 하고 있거든요,어/ 분당 살 때 중앙교육 학습지 몇 년 했었고요. 지금은 학습지 이용 안 하고 있거든요?,50,0.180000,2,6,1,3
S00000539_t0004,0004.wav,0,교육,그리고 저희 사투로 이차둔 입구여,그리고 저희 서초로 이사도 (했고요)/(했구여).,27,0.518519,5,9,0,0
S00000539_t0007,0007.wav,0,교육,알아보겠습니다.,어/ 알아보겠습니다.,11,0.272727,0,3,0,1
S00000539_t0009,0009.wav,0,교육,"네, 안아본 결과 핫습 종류가 안된걸로 나와있습니다.","네, 알아본 결과 학습 종료가 안 된 걸로 나와있습니다.",31,0.161290,3,2,0,2
S00000539_t0013,0013.wav,0,교육,알아보고 처리해드리겠습니다.,알아보고 처리해 드리겠습니다.,16,0.062500,0,1,0,1
S00000539_t0024,0024.wav,0,교육,"저희 이사오고 나서 바로는 결제가 안 됐어요. 그리고 한 달 지나서 갑자기 겹드리는 게 좀 이상하지 않아요? 계속 결제 됐으면 모르겠는데, 갑자기 뜬금쩐일 때예요. 뜨니까 놀랐다고요",저희 이사 오고 나서 바로는 결제가 안 됐어요. 그러고 (1달)/(한 달) 지나서 갑자기 결제되는 게 (좀)/(쫌) 이상하지 않아요? 계속 결제됐으면 모르겠는데 갑자기 승인 뜨니+ u/ 뜨니까 놀랐다고요.,114,0.263158,13,15,2,5
S00000539_t0025,0025.wav,0,교육,죄송합니다. 확인 후 처리해드리겠습니다,죄송합니다. 확인 후 처리해 드리겠습니다.,23,0.086957,0,2,0,1
S00000539_t0026,0026.wav,0,교육,한 분은 얼마나 오래 걸리는데요?,환불은 얼마나 오래 걸리는데요?,17,0.176471,2,0,1,1
S00000539_t0027,0027.wav,0,교육,시스템상 바로 해지는 불가능합니다. 학습지는 한 달 후에 종료됩니다,어/ 시스템상 바로 해지는 불가능합니다. 학습지는 (1달)/(한 달) 후에 종료됩니다.,48,0.229167,0,11,0,1
S00000539_t0028,0028.wav,0,교육,아니 그건 바로 해주셔야죠 저희는 분명 전에 다 했는데 시스템은 그쪽 먼저,"아니, 그건 바로 해주셔야죠. 저희는 분명 전에 해지 다 했는데, 시스템은 그쪽 문제고요.",50,0.220000,2,9,0,1
S00000539_t0030,0030.wav,0,교육,상부 확인 후 결제 취소는 바로 해드리겠습니다. 종년은 한 달 후에 가능하십니다,상부 확인 후 결제 취소는 바로 해드리겠습니다. 종료는 (1달)/(한 달) 후에 가능하십니다.,52,0.192308,2,8,0,0
S00000539_t0032,0032.wav,0,교육,"최소 1주, 기면 2주도 걸릴 거를 예상됩니다.",최소 (1주)/(일 주) 길면 (2주)/(이 주) 정도 걸릴 거라 예상됩니다.,43,0.465116,3,17,0,3
S00000539_t0040,0040.wav,0,교육,그럼 흔든걸로 알고 이만 끊을게요.,그럼 (환불되는)/(환분되는) 걸로 알고 이만 끊을게요.,31,0.451613,2,12,0,1
S00000553_t0001,0001.wav,0,교육,중앙교육의 이진혁 상담원입니다.,"네, 고객님, 중앙 교육의 이진혁 상담원입니다.",26,0.346154,0,9,0,3
S00000553_t0002,0002.wav,0,교육,안녕하세요. 결제 때문에 전화 드렸어요,안녕하세요. 결제 때문에 전화드렸어요.,21,0.095238,0,1,1,1
S00000553_t0004,0004.wav,0,교육,분정살때 중앙교육 학습지 몇 년 했었고요 지금은 학습 지 이용 안 하고 있거든요 그리고 저희 서초로 이사도 했구요,분당 살 때 중앙교육 학습지 몇 년 했었고요. 지금은 학습지 이용 안 하고 있거든요. 그런+ 그리고 저희 서초로 이사도 했고요.,71,0.169014,2,9,1,4
S00000553_t0005,0005.wav,0,교육,"아, 대구인임?","아/ 네, 고객님.",10,0.800000,6,2,0,1
S00000553_t0006,0006.wav,0,교육,근데 며칠 전에 갑자기 여기 학습지 결제 문자가 뜨더라고요. 18만원이 결제됐는데 저희 지금 여기 학습지 이용을 안 하고 있어요 어떻게 된 건가요?,근데 며칠 전에 갑자기 여기 학습지 결제 문자가 뜨더라고요. (180000원)/(십 팔만 원)이 결제됐는데 저의 지금 여기 학습지 이용을 안 하고 있어요. 어떻게 된 건가요?,97,0.164948,1,15,0,2
S00000553_t0007,0007.wav,0,교육,알아보겠습니다.,아/ 알아보겠습니다.,11,0.272727,0,3,0,1
S00000553_t0008,0008.wav,0,교육,빨리 알아 봐주세요. 그때 분명히 선생님하고도 잘 인사했고 마치고 꼴렸는데 갑자기 결제 문자 와서 놀랐거든요,"네, 빨리 알아봐 주세요. 그때 분명히 선생님하고도 잘 인사했고 마치고 끝냈는데 갑자기 결제 문자 와서 놀랐거든요.",64,0.125000,4,4,0,3
S00000553_t0009,0009.wav,0,교육,"네, 알아본 결과 학습 종료가 아직 안 된 걸로 나와 있습니다.","아/ 네, 알아본 결과 학습 종료가 아직 안 된 걸로 나와있습니다.",37,0.108108,0,3,1,2
S00000553_t0010,0010.wav,0,교육,학습이 종료가 안됐다고요? 저희 저번에 분명히 끝내고 이사까지 했는데요.,학습이 종료가 안됐다구요? 저희 저번에 분명히 끝내고 이사까지 했는데요?,40,0.050000,2,0,0,0
S00000553_t0012,0012.wav,0,교육,선생님하고 어떻게 이야기가 됐길래 학습 종료가 안돼요.,선생님하고 어떻게 이야기가 됐길래 학습 종료가 안 돼요?,31,0.064516,1,1,0,1
S00000553_t0013,0013.wav,0,교육,"아, 알아보고는 해 처리해 드리겠습니다.","아/ 알아보고 네, 처리해 드리겠습니다.",22,0.181818,4,0,0,2
S00000553_t0014,0014.wav,0,교육,처리해주는 건 당연하고요. 그것보다 저희 카드본으로도 분명히 개인정보인데 해제하면 삭제해야 되는 거 아닌가요?,처리해 주는 건 당연하고요. 그것보다 저희 카드번호도 분명히 개인 정보인데 해기+ 해지하면 삭제해야 되는 거 아닌가요?,66,0.151515,3,6,1,3
S00000553_t0015,0015.wav,0,교육,예전에 저희 학습지 할 때도 결제 금액 이상해서 고객센터에 문의해 보니까 저희가 하지도 않은 감옥을 등록시켜서 그게 두 달 분이나 결제가 됐더라고요.,예전에 저희 학습지 할 때도 결제 금액이 이상해서 고객센터에 문의해보니까 저희가 하지도 않은 과목을 등록시켜서 그게 (2달)/(두 달)분이나 결제가 됐더라고요.,89,0.123596,3,7,1,2
S00000553_t0017,0017.wav,0,교육,저희가 알았으니까 망정하지 몰랐으면 그렇게 남의 계좌에서 돈 계속 빼내갔을 거 아니에요. 통지 같은 것도 안 해주고,저희가 알았으니까 망정이지 몰랐으면 그렇게 남의 계좌에서 돈 계속 빼내+ 빼내갔을 거 아니에요? 통지 같은 것도 안 해주고.,69,0.101449,2,5,0,1
S00000553_t0018,0018.wav,0,교육,죄송합니다.,"아/ 예, 죄송합니다.",12,0.500000,0,6,0,2
S00000553_t0019,0019.wav,0,교육,그때는 이제 여기 선생님도 좋아하고 학습지도 마음에 들어 하고 있어서 그냥 넘겼거든요. 남편은 이런 거 그냥 넘기면 안 된다고 했지만 내가 잘하고 있는데 괜히 선생님 분 편하게 만들어서 좋을 것 없으니까요 그런데 저희 분명히 구만뒀는데 결제되는 건 좀 아니잖아요,그때는 애+ 이제 애가 여기 선생님도 좋아하고 학습지도 맘에 들어 하고 있어서 그냥 넘겼거든요. 남편은 이런 거 그냥 넘기면 안 된다고 했지만. 애가 잘하고 있는데 괜히 선생님 (불편하게)/(분편하게) 만들어서 좋을 거 없으니까요. 그런데 저희 분명히 그만뒀는데 결제되는 건 좀 아니잖아요?,162,0.148148,6,17,1,3
S00000553_t0020,0020.wav,0,교육,한번 이해하고 넘어갔으면 좀 더 조심해 해줘야 하는 거 아닌가요?,(1번)/(한 번) 이해하고 넘어갔으면 좀 더 조심해 해+ 줘야 되+ 하는 거 아닌가요?,49,0.265306,0,13,0,3
S00000553_t0022,0022.wav,0,교육,그러면 이거 어떻게 처리해줄 거예요? 저는 지금 당장 학습 종료해 주시고요. 저희 결제된 금액 한 볼 처리해주셨으면 좋겠어요,그러면 이즛+ 이거 어떻게 처리해 줄 거예요? 저는 지금 당장 학습 종료해 주시고요. 저희 결제된 금액 환불 처리해 주셨으면 좋겠어요.,75,0.133333,2,7,1,4
S00000553_t0023,0023.wav,0,교육,"저희 이사 오고 나서 바로는 결제가 안 됐어요. 그리고 한 달 지나 갑자기 결제 되는 건 좀 이상하지 않아요? 계속 결제됐으면 모르겠는데, 갑자기 승인 때니까 놀랐다고요",저희 이사 오고 나서 바로는 결제가 안됐어요. 그리고 (1달)/(한 달) 지나서 갑자기 결제되는 건 좀 이상하지 않아요? 계속 결제됐으면 모르겠는데 갑자기 승인 뜨니까 놀랐다구요.,100,0.140000,2,9,3,2
S00000553_t0024,0024.wav,0,교육,죄송합니다. 확인로 처리해드리겠습니다,"아/ 죄송합니다. 네, 확인 후 처리해 드리겠습니다.",29,0.344828,1,9,0,4
S00000553_t0025,0025.wav,0,교육,함부를 얼마나 걸리는데요?,환불은 얼마나 걸리는데요?,14,0.214286,3,0,0,0
S00000553_t0026,0026.wav,0,교육,아 이게 시스템상 바로 해지는 불가능합니다. 학습지는 한다루에 종료됩니다,아/ 이게 시스+ 시스템상 바로 해지는 불가능합니다. 학습지는 (1달)/(한 달) 후에 종료됩니다.,55,0.309091,2,15,0,3
S00000553_t0027,0027.wav,0,교육,"아니 그건 바로 해주셔야죠. 저희는 분명 전에 다케지 다 했는데 시스템은 그쪽 문제고요, 저희는 지금 이용할지도 않은 학습지가 결제됐으니까 금액을 돌려달라는 건데 그걸 지금 바로 처리해주는 것도 아니고 늦추겠다고요?",아니/ 그건 바로 해주셔야죠. 저희는 분명 전에 다+ 해지 다 했는데 시스템은 그쪽 문제고요. 저희는 지금 이용하지도 않은 학습지가 결제됐으니까 금액을 돌려달라는 건데 그걸 지금 바로 처리해 주는 것도 아니고 늦추겠다구요?,124,0.064516,4,4,0,2
S00000553_t0028,0028.wav,0,교육,이게 상부 확인 후에 결제 취소는 바로 해드리겠습니다. 종료는 한 달 후에 가능하십니다,아/ 이게 상부 확인 후에 결제 취소는 바로 해드리겠습니다. 종료는 (1달)/(한 달) 후에 가능하십니다.,59,0.186441,0,11,0,1
S00000553_t0029,0029.wav,0,교육,알겠어요 그럼 일단 함부리라도 해주세요. 함부가 언제 받을 수 있는 거예요?,알겠어요. 그럼 일단 환불이라도 해주세요. 환불은 언제 받을 수 있는 거예요?,43,0.162791,6,1,0,0
S00000553_t0030,0030.wav,0,교육,최소 1주 길면 2주 정도 걸릴 거라 예상됩니다.,어/ 최소 (1주)/(일 주) 길면 (2주)/(이 주) 정도 걸릴 거라 예상됩니다.,46,0.413043,0,19,0,3
S00000553_t0031,0031.wav,0,교육,너무 늦어요 면벽히 지금 학습지 회사 닮으시는데 더 빨리 차례되는 거 아닌가요?,너무 늦어요. 명백히 지금 학습지 회사 잘못인데 더 빨리 처리해야 되는 거 아닌가요?,47,0.255319,7,4,1,1
S00000553_t0032,0032.wav,0,교육,이게 금융사 사정이라서 불가능합니다.,아/ 이게 금융사 사정이라서 불가능합니다.,23,0.130435,0,3,0,1
S00000553_t0034,0034.wav,0,교육,저희 카드 정보도 다 폐개해주세요. 중앙교육 날은 큰 회사라서 믿고 있었는데 이런 식으로 개인정보 처리하시면 안 되는 거예요,저희 카드 정보도 다 폐기해 주세요. 중앙교육 나름 큰 회사라서 믿고 있었는데 이런 식으로 개인 정보 처리하시면 안 되는 거예요.,72,0.083333,3,3,0,2
S00000553_t0036,0036.wav,0,교육,"이런 일 계속 방법되면 실내도 떨어지는 거 아셔야 해요 저희는 그나마 선생님이 좋았고, 아이가 만족했으니까 넘어가는 거지 다른 엄마들 이런 일 안 참아요. 아시죠?","이런 일 계속 반복되면 신뢰도 떨어지는 거 아셔야 해요. 저+ 저희는 그나마 선생님이 좋았고 아이가 만족했으니까 넘어가는 거지, 다른 엄마들 이런 일 안 참아요. 아시죠?",95,0.105263,4,5,1,1
S00000553_t0038,0038.wav,0,교육,그런 환불 되는 걸로 알고 이만 끊을게요.,그럼 환불되는 걸로 알고 이만 끊을게요.,22,0.090909,1,0,1,1
S00000553_t0039,0039.wav,0,교육,네 감사합니다. 상담사 유진혁이었습니다,"네, 감사합니다. 상담사 이진혁이었습니다.",23,0.130435,1,2,0,0
S00000585_t0001,0001.wav,0,교육,안녕하세요 고객님 네베러 박스치의 이현서 상담원입니다.,"안녕하세요, 고객님. 레벨업 학습지에 이현서 상담원입니다.",32,0.281250,7,2,0,0
S00000585_t0002,0002.wav,0,교육,어떤 일로 찾아주셨을까요?,어떤 일로 전화 주셨을까요?,15,0.200000,2,1,0,1
S00000585_t0004,0004.wav,0,교육,원래 이렇게 자주 바뀌나요?,선생님이 원래 이렇게 자주 바뀌나요?,20,0.250000,0,5,0,1
S00000585_t0007,0007.wav,0,교육,지금 또 한 달 안 된 선생님이 그만두신다고 문자가 왔네요. 언제부터 이런 일이...원래부터 이런 일이 많아요?,지금 또 한 달도 안 된 선생님이 그만두신다고 문자가 왔네요? 언제부터 u/ 원래부터 이런 일이 많아요?,58,0.155172,3,1,5,0
S00000585_t0008,0008.wav,0,교육,그렇지는 않습니다.,그렇지는 않습니다.,10,0.000000,0,0,0,0
S00000585_t0009,0009.wav,0,교육,이도 선생님이 계속 같은 사람이어야 정도 붙이고 편해지고 할텐데,b/ 애도 선생님이 계속 같은 사람이어야 정도 붙이고 편해지고 할텐데,38,0.105263,1,3,0,1
S00000585_t0010,0010.wav,0,교육,익숙해졌다 싶으면 선생님 바뀌고 또 익숙해 졌다 시품은 선생님 바꾸고 이러면 같은 회사에서 학교집 계속 끊어놓고 있을 이유가 없잖아요 저희 12개월 과정 결제했는데 지금 약간 후회하고 있어요,조금 익숙해졌다 싶으면 선생님 바뀌고 또 익숙해졌다 싶으면 선생님 바뀌고 이러면+ 이러면 같은 회사에서 학습지 계속 끊어놓고 있을 이유가 없잖아요. 저희 (12개월)/(십 이 개월) 과정 결제했는데 지금 약간 후회하고 있어요.,126,0.222222,6,21,1,5
S00000585_t0011,0011.wav,0,교육,다음 선생님은 좀 계속 오래 근무하실 분으로 계정해주세요.,다음 선생님은 좀 계속 오래 근무하실 분으로 배정해 주세요.,33,0.060606,1,1,0,1
S00000585_t0012,0012.wav,0,교육,그리고 저희만 신입 선생님이 대정되는 건지 처음 선생님 빼고는 다들 약간 어스룩하시고 아이가 분명히 초사 과정은 다 뗐다고 말씀드렸는데,그리고 저희만 신입 선생님 배정되는 건지 처음 선생님 빼고는 다들 약간 어수룩하시고 아이가 분명히 초 (4)/(사) 과정은 다 뗐다고 말씀드렸는데.,82,0.134146,2,8,1,1
S00000585_t0013,0013.wav,0,교육,이번이 학습사 초사 과정으로 다시 왔더라고요.,이번에 학습지 교재가 초 (4)/(사) 과정으로 다시 왔더라구요.,36,0.388889,3,11,0,2
S00000585_t0014,0014.wav,0,교육,관리가 제대로 되는 건가요? 아이가 학습이 부진했다 이런 것도 아니었어요,관리가 제대로+ 있는+ 건가*+ 제대로 되고 있는 건가요? 아이가 학습이 부진했다 이런 것도 아니었어요.,58,0.310345,0,18,0,4
S00000585_t0015,0015.wav,0,교육,전에 선생님한테 계속 칭찬 받았고 문제도 잘 풀어요. 근데 같은 과정 학습지를 다시 주시다뇨,전에 선생님한테 계속 칭찬받았고 문제도 잘 풀어요. 근데 같은 과정 학습지를* 다시 주시다니요.,53,0.094340,1,3,1,1
S00000585_t0016,0016.wav,0,교육,확인해 보겠습니다.,확인해 보겠습니다.,10,0.000000,0,0,0,0
S00000585_t0017,0017.wav,0,교육,새로운 선생님은 그걸 또 당연하다는 듯이 다시 가르치고 있고 이거 문제 아닌가요?,새로 온 선생님은 그걸 또 당연하다는 듯이 다시 가르치고 있고 이거 문제 아닌가요?,46,0.043478,1,1,0,1
S00000585_t0019,0019.wav,0,교육,선생님이 자주 바뀔 거면 아이가 뭘 얼마나 학습했는지 고기가 되어야지 아무 정보도 안 넘어간 것 같더라고요.,선생님이 자주 바뀔 거면 아이가 뭘 얼마나 학습했는지 공유가 되어야지. 아무 정보도 안 넘어간 것 같더라고요.,61,0.049180,2,1,0,0
S00000585_t0022,0022.wav,0,교육,상담술장님도 처음에 상담해 주셨을 때나 잘해주시고 관리도 잘된다고 하시더니 이번에 전화해보니까 그만두셨다고 하시다라구요.,상담 실장님도 처음에 상담해주셨을* 때나 잘해 주시고 관리도 잘 된다고 하시더니 이번에 전화해보니까 그만두셨다고 하시더라구요.,70,0.100000,2,4,1,4
S00000585_t0023,0023.wav,0,교육,여기 문제지 자체는 마음에 들어요. 가격도 괜찮고요 근데 선생님 이렇게 바뀌고 관리 안 되고 이러면 저희 더 이상 여기 학습지 못 이용해요,여기 으/ 문제지 자체는 맘에 들어요. 가격도 괜찮구요. b/ 근데 선생님 이렇게 바뀌고 관리 안 되고 이러면 저희 더 이상 여기 학습지 못 이용해요.,84,0.130952,2,8,1,2
S00000585_t0024,0024.wav,0,교육,그럼 저희 이미 온 초등학교 4학년 학습준 어떻게 하실 건가요?,그럼 저희 이미 온 초등학교 (4학년)/(사 학년) 학습지는 어떻게 하실 건가요?,45,0.244444,1,10,0,1
S00000585_t0026,0026.wav,0,교육,네 그리고 초등학교 5학년 과정 수학 학습지로 다시 보내주세요.,네. 그리고 초등학교 (5학년)/(오 학년) 과정 수학 학습지로 다시 보내 주세요.,46,0.239130,0,11,0,2
S00000585_t0027,0027.wav,0,교육,선생님은 언제 배정되죠? 배정이 이미 되었나요??,선생님은 언제 배정되죠? 배정이 이미 되었나요?,26,0.038462,0,0,1,0
S00000585_t0028,0028.wav,0,교육,현재 배정 중에 있습니다.,현재 배정 중에 있습니다.,14,0.000000,0,0,0,0
S00000585_t0029,0029.wav,0,교육,그럼 저희 아이 상황 말씀드릴게요 제대로 전해주세요,그럼 저희 아이 상황 말씀드릴게요. 제대로 전해주세요.,30,0.066667,0,2,0,0
S00000585_t0030,0030.wav,0,교육,아까 말씀드렸다시피 초등학교 4학년 과정은 다 뺐고요 5학년 선행 나가려고 하는 참이에요 얘가 원래 수아기는 감각이 있는 편인데 응용에 좀 약하고 강한 선생님은 조금 무서워해요,아까 말씀드렸다시피 초등학교 (4학년)/(사 학년) 과정 다 뗐고요 (5학년)/(오 학년) 선행 나가려고 하는 참이에요. 애가 원래 수학에는 감각이 있는 편인데 응용에 좀 약하고 강한 선생님은 좀 무서워해요.,116,0.232759,5,20,2,2
S00000585_t0031,0031.wav,0,교육,저번에 선생님이 사실 좀 강하게 가르치는 타입이라서 애가 수학의 압박감을 많이 느끼더라고요 이번에는 좀 친절한 선생님모로 배정해주세요,저번에 선생님이 사실 좀 강하게 가르치는 타입이라서 애가 수학에 압박감을 많이 느끼더라고요. 이번에는 좀 친절한 선생님으로 배정해 주세요.,77,0.064935,2,3,0,1
S00000585_t0032,0032.wav,0,교육,대체랑 선생님으로 배정해드리겠습니다.,베테랑 선생님으로 배정해 드리겠습니다.,21,0.142857,2,1,0,1
S00000585_t0033,0033.wav,0,교육,이번에는 좀 괜찮은 선생님 오시면 좋겠네요. 아직 개월수 남았으니까 저희도 마지막까지 잘하고 싶어요 진짜 잘 부탁드려요,b/ 네 이번에는 좀 괜찮은 선생님 오시면 좋겠네요. 아직 개월 수 남았으니까 저희도 마지막까지 잘하고 싶어요. 진짜 잘 부탁드려요.,74,0.108108,0,8,0,3
S00000585_t0035,0035.wav,0,교육,지정은 언제되나요?,b/ 배정은 언제 되나요?,14,0.357143,1,4,0,2
S00000585_t0036,0036.wav,0,교육,이번 주 안으로 문자 가실 겁니다.,이번 주 안으로 문자 가실 겁니다.,19,0.000000,0,0,0,0
S00000585_t0037,0037.wav,0,교육,선생님한테 꼭 저희 아이 정보 전달해 주세요. 요일은 격주 수요일로 유지할 거니까 알아 주시고요 저번에 선생님이 금요일 속 어떤 냐고 물어보시던데 저희 금요 일은 안 돼요,b/ 선생님한테 꼭 저희 아이 정보 전달해 주세요. 요일은 격주 수요일로 유지할 거니까 알아두시고요. 저번에 선생님이 금요일 수업 어떠냐고 물어보시던데 저희 금요일은 안 돼요.,98,0.122449,3,6,3,4
S00000585_t0038,0038.wav,0,교육,시대회 하고 있어서,애 경시대회 학원 있어서.,14,0.428571,2,4,0,1
S00000585_t0040,0040.wav,0,교육,이렇게 전달 드렸는데 새로운 선생님께서 또 물어보시면 저 정말 화낼지도 몰라요.,b/ 이렇게 전달드렸는데 새로운 선생님께서 또 물어보시면 저 정말 화낼지도 몰라요.,46,0.086957,0,3,1,2
S00000585_t0041,0041.wav,0,교육,배테랑 선생님이라고 하시니까 믿고 있을게요 이번에는 아이가 점점 붙이고 오래 배울 수 있었으면 좋겠네요,베테랑 선생님이라고 하시니까 믿고 있을게요. 이번에는 아이가 정 좀 붙이고 오래 배울 수 있었으면 좋겠네요.,60,0.100000,3,3,0,1
S00000585_t0043,0043.wav,0,교육,그럼 끊을게요,b/ 음/ 그럼 끊을게요.,14,0.500000,0,7,0,2
S00000585_t0044,0044.wav,0,교육,좀 세게 말했는데 좋은 하루 되셨으면 좋겠어요.,(좀)/(쫌) b/ (세게)/(쎄게) 말했는데 좋은 하루 되셨으면 좋겠어요.,42,0.380952,0,16,0,1
S00000585_t0045,0045.wav,0,교육,감사합니다. 이현서 상담원이었습니다,감사합니다. 이연서* 상담원이었습니다.,21,0.142857,1,2,0,0
S00000599_t0014,0014.wav,0,교육,알아보고 처리해드리겠습니다.,알아보고 처리해드리겠습니다.,15,0.000000,0,0,0,0
S00000599_t0029,0029.wav,0,교육,죄송합니다. 확인 후 처리해 드리겠습니다,죄송합니다. 확인 후 처리해 드리겠습니다.,23,0.043478,0,1,0,0
S00000599_t0031,0031.wav,0,교육,시스템상 바로 해시네가 불과합니다. 학습진을 한 달 후에 종료됩니다,시스템상 바로 해지가 불가능합니다. 학습지는 한 달 후에 종료됩니다.,38,0.184211,4,2,1,0
S00000599_t0038,0038.wav,0,교육,너무 늦어요. 명백이 지금 학습지회에서 닮으신데 더 빨리 처리는 안 되는 건가요?,너무 늦어요. 명백히 지금 학습지 회사 잘못인데 더 빨리 처리는 안 되는 건가요?,45,0.155556,7,0,0,1
S00000599_t0040,0040.wav,0,교육,정말 답답하네요,하/ 정말 답답하네요.,12,0.333333,0,4,0,1
S00000599_t0043,0043.wav,0,교육,중앙교육 나름 큰 회사라고,중앙교육 나름 큰 회사라고,14,0.000000,0,0,0,0
S00000599_t0048,0048.wav,0,교육,그럼 환불 되는 걸로 알고 이만 끊을게요.,그럼 환불되는 걸로 알고 이만 끊을게요.,22,0.045455,0,0,1,1
S00000612_t0001,0001.wav,0,교육,네고잉님 중앙교육의 이진혁 성다본입니다.,"네, 고객님, 중앙 교육의 이진혁 상담원입니다.",26,0.307692,4,4,0,2
S00000612_t0002,0002.wav,0,교육,안녕하세요. 결제 때문에 전화 드렸어요,"안녕하세요, 결제 때문에 전화드렸어요.",21,0.142857,1,1,1,1
S00000612_t0003,0003.wav,0,교육,분당 살 때 중앙교육 학습지 몇 년 했었고요 지금은 학습 지 이용 안 하고 있거든요 그리고 저희 서초로 이사도 했고요,"분당 살 때 중앙교육 학습지 몇 년 했었고요. 지금은 학습지 이용 안 하고 있거든요? 그리고, 저희 서초로 이사도 했고요.",68,0.073529,0,4,1,1
S00000612_t0005,0005.wav,0,교육,근데 며칠 전에 갑자기 여기 학습지 결제 문자가 쓰더라고요 18만 원이 결제됐는데 저희 지금 여기 학슥 지경을 안 하고 있어요 어떻게 된 건가요,근데 며칠 전에 갑자기 여기 학습지 결제 문자가 뜨더라고요. (18만원)/(십 팔만 원)이 결제됐는데 저희 지금 여기 학습지 이용을 안 하고 있어요. 어떻게 된 건가요?,94,0.191489,4,14,0,1
S00000612_t0007,0007.wav,0,교육,빨리 알아봐주세요. 그때 분명히 선생님하고도 잘 인사했고 마치고 끝났는데 갑자기 결제 문자 와서 놀랐거든요,"네, 빨리 알아봐 주세요. 그때 분명히 선생님하고도 잘 인사했고, 마치고 끝냈는데 갑자기 결제 문자 와서 놀랬거든요?",65,0.123077,2,6,0,2
S00000612_t0008,0008.wav,0,교육,"네, 알아본 결과 학습 종류가 안 된 것으로 나와 있습니다.","네, 알아본 결과 학습 종료가 안 된 걸로 나와있습니다.",31,0.129032,2,0,2,1
S00000612_t0009,0009.wav,0,교육,학습이 종료가 안됐다구요?,학습이 종료가 안됐다고요?,14,0.071429,1,0,0,0
S00000612_t0010,0010.wav,0,교육,저희 저번에 분명히 끝내고 이사까지 했는데요.,저희 저번에 분명히 끝내고 이사까지 했는데요?,25,0.040000,1,0,0,0
S00000612_t0012,0012.wav,0,교육,선생님하고 어떻게 이해하기가 되길래 학습 종료가 안돼요.,선생님하고 어떻게 이야기가 됐길래 학습 종료가 안돼요?,30,0.133333,3,0,1,0
S00000612_t0013,0013.wav,0,교육,알아보고 처리해 드리겠습니다.,알아보고 처리해 드리겠습니다.,16,0.000000,0,0,0,0
S00000612_t0014,0014.wav,0,교육,처리해주는 건 당연하고요. 그것보다 저희 카드 번호도 분명히 개인 정도인데 해제함은 삭제하는 거 아닌가요?,처리해주는 건 당연하고요. 그것보다 저희 카드번호도 분명히 개인정보인데 (해지하면)/(해지하믄) 삭제해야 하는 거 아닌가요?,69,0.260870,4,12,2,3
S00000612_t0015,0015.wav,0,교육,예전에 저희 학습제 할 때도 결재금액 인상에서 고객센터 문회해 보니까 저희가 해산한 감옥을 등록시켜서 그게 두 달 분이라 결제가 됐더라고요.,"예전에 저희 학습지 할 때도 결제금액 이상해서 고객센터에 문의해보니까, 저희가 하지도 않은 과목을 등록시켜서 그게 (2달)/(두 달)분이나 결제가 됐더라고요?",88,0.284091,13,11,1,3
S00000612_t0019,0019.wav,0,교육,그때는 이제 애가 여기 선생님도 좋아하고 학생치도 마음에 들어 하고 있어서 그냥 넘겼거든요 남편은 이런 거 그냥 넘기면 안 된다고 했지만 애가 잘 하고 있는데 괜히 선생님이 불편하게 만들어서 좋을 것 없으니까요,"그때는 이제 애가 어/ 여기 선생님도 좋아하고 학습지도 맘에 들어하고 있어서 그냥 넘겼거든요. 남편이 이런 거 그냥 넘기면 안된다고 했지만, 애가 잘 하고 있는데 괜히 선생님 불편하게 만들어서 좋을 거 없으니까요?",119,0.126050,5,6,4,3
S00000612_t0020,0020.wav,0,교육,근데 저희 분명히 그만 돋는데 결제되는 건 좀 아니잖아요.,근데 저희 분명히 그만뒀는데 결제되는 건 좀 아니잖아요.,31,0.064516,1,0,1,1
S00000612_t0021,0021.wav,0,교육,한번 이해하고 넘어갔으면 좀 더 조심해 줘야 하는 거 아닌가요?,(1번)/(한 번) 이해하고 넘어갔으면 좀 더 조심해줘야 하는 거 아닌가요?,42,0.214286,0,8,1,2
S00000612_t0023,0023.wav,0,교육,그러면 이거 어떻게 처리해줄 거예요? 저는 지금 당장 학습 전혀 해주시고요.,(그러면)/(그러믄) 이거 어떻게 처리해 줄 거예요? 저는 지금 당장 학습 종료해주시고요?,50,0.260000,3,9,1,2
S00000612_t0024,0024.wav,0,교육,저희 결제는 그럼요 홈글 처리해 주셨으면 좋겠습니다.,저희 결제된 금액 환불 처리해주셨으면 좋겠어요.,26,0.384615,7,0,3,1
S00000612_t0025,0025.wav,0,교육,"저희 이사 오고 나서 바로 결제가 안 됐어요. 그리고 3달 지나서 갑자기 결제되는 게 좀 이상하지 않아요? 계속 결제 되었으면 모르겠는데, 갑자기 승인지니까 놀랐다고...",저희 이사 오고 나서 바로 결제가 안 됐어요. 그러고 (1달)/(한 달) 지나서 갑자기 결제되는 게 좀 이상하지 않아요? 계속 결제됐으면 모르겠는데 갑자기 승인 뜨니까 놀랐다고요.,100,0.180000,5,9,4,3
S00000612_t0026,0026.wav,0,교육,죄송합니다. 확인 후 처리해 드리겠습니다,죄송합니다. 확인 후 처리해 드리겠습니다.,23,0.043478,0,1,0,0
S00000612_t0027,0027.wav,0,교육,한분은 얼마나 걸리는데요?,환불은 얼마나 걸리는데요?,14,0.142857,2,0,0,0
S00000612_t0029,0029.wav,0,교육,"아니 그건 바로 해 주셔야죠. 저희는 분명 전에 해지 다 했는데 시스템은 그쪽 문제고, 저희는 지금 이용하지도 않은 방금지가 결제됐으니까 금액을 돌려달라는 건데 그걸 지금 바로 처리해 주는 것도 아니고 늦추겠다고요?","아니, 그건 바로 해주셔야죠. 저희는 어/ 분명 전에 해지 다 했는데, 시스템은 그쪽 문제고, 저희는 지금 이용하지도 않은 학습지가 결제됐으니까 금액을 돌려달라는 건데, 그걸 지금 바로 처리해주는 것도 아니고 늦추겠다고요?",124,0.080645,2,6,2,3
S00000612_t0030,0030.wav,0,교육,"성부하기누, 교체 취소는 바로 해드리겠습니다. 종류는 한 달 후에 가능합니다",상부 확인 후 결제 취소는 바로 해드리겠습니다. 종료는 (1달)/(한 달) 후에 가능하십니다.,52,0.365385,9,10,0,2
S00000612_t0031,0031.wav,0,교육,알겠어요 그럼 일단 함부리라도 해주세요. 함부는 언제 받을 수 있는 거예요?,알겠어요. 그럼 일단 환불이라도 해주세요. 환불은 언제 받을 수 있는 거예요?,43,0.162791,6,1,0,0
S00000612_t0032,0032.wav,0,교육,1초 길으면 2주동도 걸릴 거라 예상됩니다.,최소 (1주)/(일 주) 길면 (2주)/(이 주) 정도 걸릴 거라 예상됩니다.,43,0.534884,4,19,0,4
S00000612_t0033,0033.wav,0,교육,너무 늦어요. 명백히 지금 숙소에서 잘못인데 빨리 처리는 안 되는 건가요?,너무 늦어요. 명백히 지금 학습지 회사 잘못인데 더 빨리 처리는 안 되는 건가요?,45,0.177778,4,4,0,2
S00000612_t0034,0034.wav,0,교육,그 중세 사정이라 불가능합니다.,금융사 사정이라 불가능합니다.,16,0.250000,3,0,1,1
S00000612_t0035,0035.wav,0,교육,정말 답답하네요,아/ 정말 답답하네요.,12,0.333333,0,4,0,1
S00000612_t0036,0036.wav,0,교육,엄마도 계속 현금 길자라고 할 때 선생님 조금 더 편하시라고 자동결절을 했더니 이런 일이 발생할 줄 누가 알았겠어요.,"엄마들이 계속 현금결제하라고 할 때 선생님 쪼금 더 편하시라고 자동결제로 했더니, 이런 일이 발생할 줄 누가 알았겠어요.",67,0.134328,7,2,0,1
S00000612_t0037,0037.wav,0,교육,저희 카드 정도도 다 폐기해주세요.,저희 카드정보도 다 폐기해주세요.,18,0.111111,1,0,1,1
S00000612_t0038,0038.wav,0,교육,중앙교육 나름 큰 회사라서 믿고 있었는데 이런 식으로 개인정도 처리하시면 안 되는 거예요.,중앙교육 나름 큰 회사라서 믿고 있었는데 이런 식으로 개인정보 처리하시면 안 되는 거예요.,50,0.020000,1,0,0,0
S00000612_t0040,0040.wav,0,교육,이런 게 계속 반복되면 실내도 떨어지는 거 아셔야 해요 저희는 그나와 선생님이 좋았고 아이가 만족했으니까 넘어가는 거지,"이런 일 계속 반복되면 신뢰도 떨어지는 거 아셔야 해요. 저희는 그나마 선생님이 좋았고 아이가 만족했으니까 넘어가는 거지,",68,0.088235,4,2,0,0
S00000612_t0041,0041.wav,0,교육,다른 엄마들 이런 일 안 참아요 아시죠?,다른 엄마들 이런 일 안 참아요. 아시죠?,23,0.043478,0,1,0,0
S00000612_t0043,0043.wav,0,교육,그럼 홈블대는 걸로 알고 이만 끌게요,그럼 환불되는 걸로 알고 이만 끊을게요.,22,0.272727,4,2,0,0
S00000612_t0044,0044.wav,0,교육,네 감사합니다. 성담사 이진혁이었습니다,"네, 감사합니다. 상담사 이진혁이었습니다.",23,0.130435,1,2,0,0
S00000637_t0001,0001.wav,0,교육,네 고객님 중앙교육의 이준혁 선담벌리입니다.,"네, 고객님 중앙교육의 n/ 이지격+ 이진혁 상담원입니다.",32,0.406250,3,9,1,2
S00000637_t0002,0002.wav,0,교육,안녕하세요. 결제 때문에 전화 드렸어요,안녕하세요. 결제 때문에 전화드렸어요.,21,0.095238,0,1,1,1
S00000637_t0003,0003.wav,0,교육,분당화할 때 중앙교육학습지 몇 년 했고요 지금은 학습지 이용 안 하고 있거든요 그리고 저희 서처로 이사도 했고요,분당 살 때 중앙교육 학습지 몇 년 했고요. 지금은 학습지 이용 안 하고 있거든요. 그리고 저희 서초로 이사도 했고요.,66,0.106061,3,4,0,2
S00000637_t0005,0005.wav,0,교육,근데 며칠 전에 갑자기 여기 학습 지켜뒤에 문자가 썼더라고요 18만원이 결제 됐는데,"근데 며칠 전에 갑자기 여기 학습지 결제 문자가 (뜨더라고요)/(뜨더라구여). 십 팔만 원이 결제됐는데,",58,0.379310,6,14,2,5
S00000637_t0006,0006.wav,0,교육,지금 여기 학교 측 이용을 안 하고 있어요 어떻게 된 건가요?,저희 지금 여기 학습지 이용을 안하고+ 안 하고 있어요. 어떻게 된 건가요?,42,0.285714,2,9,1,3
S00000637_t0008,0008.wav,0,교육,네 빨리 알아봐 주세요 그때 분명히 선생님하고도 잘 인사했고 마치고 끝났는데 갑자기 결제 문자가 왔으면 놀랐거든요,"네, 빨리 알아봐 주세요. 그때 분명히 선생님하고도 잘 인사했고 마치고 끝냈는데, 갑자기 결제 문자 와서 놀랐거든요.",65,0.138462,3,4,2,0
S00000637_t0009,0009.wav,0,교육,네 알아보은 결과 학습 종료가 안 된 걸로 남아 있습니다.,"네, 알아본 결과 학습 종료가 안된 걸로 나와있습니다.",30,0.233333,3,1,3,2
S00000637_t0010,0010.wav,0,교육,학습이 정료가 안됐다고요?,학습이 종료가 안 됐다고요?,15,0.133333,1,1,0,1
S00000637_t0011,0011.wav,0,교육,저희 저번에 분명히 끝내고 이사까지 했는데요.,저희 저번에 (분명히)/(분명이) 끝내고 이사까지 했는데요?,33,0.272727,1,8,0,0
S00000637_t0013,0013.wav,0,교육,선생님하고 어떻게 이해가 됐길래 학습 종료가 안 돼요.,선생님하고 어떻게 (얘기)/(이에)가 됐길래 학습 종료가 안돼요.,36,0.250000,1,7,1,1
S00000637_t0014,0014.wav,0,교육,알아보고 처리해드리겠습니다.,알아보고 처리해 드리겠습니다.,16,0.062500,0,1,0,1
S00000637_t0015,0015.wav,0,교육,"처리해주는 건 당연하고요. 그것보다도 저희 카드 번호도 분명히 개인정보인데, 제지하면 삭제해야 하는 거 아닌가요?",처리해주는 건 당연하고요. 그것보다 저희 카드번호도 분명히 개인정보인데 해지하면 삭제해야 하는 거 아닌가요?,60,0.066667,1,0,3,1
S00000637_t0016,0016.wav,0,교육,예전에 저희 학습치 할 때도 결제금이 이상해서 거기서 특선테이블로 문의해 보니까 저희가 하지도 않는 과목을 등록시켜서 그게 두 젊은이나 결제됐더라고요.,"예전에 저희 학습지 할 때도 결제 금액이 이상해서 (고객센터)/(고객선터)에 물어 문의해보니까, 저희가 하지도 않는 과목을 등록시켜서 그게 (2달)/(두 달) 분이나 결제됐더라고요?",101,0.316832,13,18,1,5
S00000637_t0018,0018.wav,0,교육,저희가 알았으니까 망정이지 몰랐으면 그렇게 나무 계장에서 돈은 계속 빼나갔을 거 아니에요 통지 같은 것도 안 해주고,"저희가 알았으니까 망정이지, (몰랐으면)/(몰랐으며) 그렇게 남의 계좌에서 (돈을)/(돈은) 계속 (빼내갔을)/(빼나갔을) 거 아니에요? 통지 같은 것도 안 해주고.",92,0.336957,3,28,0,0
S00000637_t0020,0020.wav,0,교육,이제 얘가 여기 선생님이 좋아하고 학습지도 마음에 들어 하고 있어서 그냥 남겼거든요,그때는 이제 (애)/(예)가 여기 선생님도 좋아하고 학습지도 맘에 들어하고 있어서 그냥 넘겼거든요.,55,0.309091,4,11,2,2
S00000637_t0021,0021.wav,0,교육,남편은 이런거 그냥 느끼면 안되다고 했지만 얘가 잘하고 있는데 괜히 선생님 불편하게 만들어서 좋을 거 없으니까요,"남편은 이런 거 그냥 (넘기면)/(넘기며) 안 된다고 했지만은, (애)/(예)가 잘하고 있는데 괜히 선생님 불편하게 만들어서 좋을 거 없으니까요.",81,0.283951,4,19,0,2
S00000637_t0022,0022.wav,0,교육,근데 저희 분명히 그만뒀는데 결제되는 건 좀 아니잖아요?,(근데)/(데) 저희 분명히 그만뒀는데 결제되는 건 좀 아니잖아요.,37,0.189189,1,6,0,0
S00000637_t0023,0023.wav,0,교육,한번 이해하고 넘어갔으면 점점 조심해 줘야 하는 거 아닌가요?,한 번 이해하고 넘어갔으면 좀 더 조심해줘야 되는 거 아닌가요?,35,0.171429,3,2,1,3
S00000637_t0025,0025.wav,0,교육,그러면 이거 어떻게 처리할까요? 저는 지금 당장 확석 정렬도 해주시고요. 저희 결계된 금액 환불 처리해주시면 좋겠어요,"(그러면)/(그러믄) 이거 어떻게 처리해줄 (거예요)/(거에요)? 저는 지금 당장 학습 종료도 해주시고요, 저희 결제된 금액 환불 처리해줬으면 좋겠어요.",85,0.352941,10,20,0,1
S00000637_t0026,0026.wav,0,교육,저희 이사하고 나서는 바로는 결제가 안 됐어요.,저희 이사 오고 나서 바로는 결제가 안 됐어요.,26,0.115385,1,1,1,1
S00000637_t0027,0027.wav,0,교육,그리고 한 달씩 해서 갑자기 결제가 되는 게 좀 이상하지 않아요?,(그리고)/(그이고) 한 달 지나서 갑자기 결제되는 게 좀 이상하지 않아요?,42,0.309524,3,8,2,3
S00000637_t0028,0028.wav,0,교육,계속 결제됐으면 모르겠는데 갑자기 승인이 뜨니까 놀랐다고요.,계속 결제됐으면 모르겠는데 갑자기 승이+ 승인 뜨니까 놀랐다고요.,36,0.138889,2,3,0,1
S00000637_t0029,0029.wav,0,교육,죄송합니다. 확인을 처리해드리겠습니다,죄송합니다. 확인 후 처리해 드리겠습니다.,23,0.173913,1,3,0,2
S00000637_t0030,0030.wav,0,교육,환불을 얼마나 걸리는데요?,환불은 얼마나 걸리는데요?,14,0.071429,1,0,0,0
S00000637_t0031,0031.wav,0,교육,시스템 상 바로 해지는 불가능합니다. 학습지는 한다로에 종료됩니다,시스템상 바로 해지는 불가능합니다. 학습지는 한 달 후에 종료됩니다.,38,0.157895,2,3,1,3
S00000637_t0032,0032.wav,0,교육,아니 그건 바로 해 주셔야죠 저희는 분명히 전에 회지 다 했는데 시스님은 그쪽 문제고요,"아니 (그건)/(그언) 바로 해주셔야죠. 저희는 분명 해 전에 해지 다 했는데, (시스템)/(시쓰엠)은 그쪽 문제고요.",66,0.348485,3,19,1,2
S00000637_t0033,0033.wav,0,교육,저희는 지금 이용하지도 않은 학생지가 결제됐으니까 금액을 돌려가라는 건데 그걸 바로 지금 처리지는 것도 아니고 늦추겠다고요?,"저희는 지금 이용하지도 않은 학습지가 결+ 결제됐으니까 n/ 금액을 돌려달라는 건데, 그걸 바로 지금 처리해주는 것도 아니고 늦추겠다고요?",77,0.142857,3,8,0,2
S00000637_t0034,0034.wav,0,교육,상부 확인을 결제 지수는 바로 해드리겠습니다. 종료는 한다로에 가능하십니다,상부 확인 후 결제 취소는 바로 해드리겠습니다. 종료는 한 달 후에 (가능하십니다)/(가느하신니다).,56,0.357143,5,15,0,3
S00000637_t0035,0035.wav,0,교육,"알겠어요. 그럼 일단 환불을 내주세요, 환불로는 언제 발수 있는 거예요?",알겠어요. (그러면)/(그러므) 일단 환불이라도 해주세요. 환불은 언제 받을 수 있는 거예요?,52,0.384615,6,13,1,1
S00000637_t0036,0036.wav,0,교육,최소 1주 길면 2주 정도 걸릴 거란 예상됩니다.,"최소 (1주)/(일 주), 길면 (2주)/(이 주) 정도 걸릴 거라 예상됩니다.",44,0.409091,1,17,0,2
S00000637_t0037,0037.wav,0,교육,너무 늦어요. 명백기 지금 학습기 위에서 잘못인데 더 빨리 촬영 안 되는 건가요?,너무 늦어요. 명백히 지금 학습지 회사 잘못인데 더 빨리 처리는 안 되는 건가요?,45,0.177778,6,1,1,0
S00000637_t0038,0038.wav,0,교육,금융사 서정이라 불가능합니다.,금융사 사정이라 불가능합니다.,16,0.062500,1,0,0,0
S00000637_t0039,0039.wav,0,교육,정말 답답하네요. 엄마들이 계속 경무 개자 하라고 할 때 선생님 조금 더 편하시라고 자동 글자로 했는데,"하/ (정말)/(전말) 답답하네요. 엄마들이 계속 (현금결제)/(현그겨쩨)하라고 할 때 선생님 쪼금 더 편하시라고 자동결제로 했는데,",74,0.378378,9,18,1,4
S00000637_t0040,0040.wav,0,교육,이런 일이 발생할지를 누가 알았겠어요?,이런 일이 발생할 줄 누가 알았겠어요.,21,0.142857,3,0,0,1
S00000637_t0041,0041.wav,0,교육,저희 카드 정부도 다 폐쾌해 주세요. 중앙교육 나름 큰 회사랑 믿고 있었는데 이런 식으로 개인정부 삭제실에 하면 안 되는 거예요,저희 카드정보도 다 폐기해주세요. 중앙교육 나름 큰 회사라 믿고 있었는데 이런 식으로 개인정보 삭제 처리하면은 안 되는 (거예요)/(거에요).,79,0.240506,7,10,2,4
S00000637_t0043,0043.wav,0,교육,"이런 일 계속 반복되면 실려도 떨어지는 거 아시아예요. 저희는 그나마 선생님 좋았고, 아이가 만족했으니까 넘어가는 거지 다른 한마디 이런 일 안 참아요. 아시죠?","이런 일 계속 반복되면* 신뢰도 떨어지는 거 아셔야 해요. 저희는 그나마 선생님 좋았고 아이가 만족했으니까 넘어가는 거지, 다른 엄마들 이런 일 안 참아요. 아시죠?",92,0.119565,7,3,1,1
S00000637_t0045,0045.wav,0,교육,그럼 한 번 되는 거 알고 이만 끌게요.,그럼 환불되는 거 알고 이만 끊을게요.,21,0.285714,3,1,2,2
S00000637_t0046,0046.wav,0,교육,네 감사합니다 상담사 이준혁이었습니다.,"네, 감사합니다. 상담사 이진혁이었습니다.",23,0.130435,1,2,0,0
S00000673_t0001,0001.wav,0,교육,네 고객님 중앙교육의 이기신혁성다문입니다.,"네, 고객님, 중앙 교육의 이진혁 상담원입니다.",26,0.346154,6,3,0,2
S00000673_t0002,0002.wav,0,교육,안녕하세요 결제 때문에 전화 드렸어요,"안녕하세요, 결제 때문에 전화드렸어요.",21,0.142857,0,2,1,1
S00000673_t0003,0003.wav,0,교육,분당 살 때 중앙교육 학습지 몇 년 했었고요. 지금은 학습 지휴 안 하고 있거든요 그리고 저희 서추로 이사도 있고요,"분당 살 때 중앙교육 학습지 몇 년 했었고요. 지금은 학습지 이용 안 하고 있거든요? 그리고, 저희 서초로 이사도 했고요.",68,0.117647,4,4,0,0
S00000673_t0005,0005.wav,0,교육,근데 며칠 전에 갑자기 여기 학습지 결제는 자가 뜨더라고요. 18만원이 결제됐는데 저희 지금 여기 학슥치 이용화 안 하고 있어요 어떻게 된 건가요?,근데 며칠 전에 갑자기 여기 학습지 결제 문자가 뜨더라고요. (180000원)/(십 팔만 원)이 결제됐는데 저희 지금 여기 학습지 이용을 안 하고 있어요. 어떻게 된 건가요?,97,0.206186,5,15,0,4
S00000673_t0007,0007.wav,0,교육,네 빨리 알아봐 주세요 그때 분명히 선생님하고도 잘 인사했고 마치고 끝났는데 갑자기 결제 혼자 와서 놀랐거든요,"네, 빨리 알아봐 주세요. 그때 분명히 선생님하고도 잘 인사했고, 마치고 끝났는데 갑자기 결제 문자가 와서 놀랐거든요?",66,0.090909,1,5,0,0
S00000673_t0008,0008.wav,0,교육,"네, 알아본 결과 학습 종료가 안 된 것으로 나와 있습니다.","네, 알아본 결과 학습 종료가 안 된 걸로 나와있습니다.",31,0.096774,1,0,2,1
S00000673_t0009,0009.wav,0,교육,삭습이 종료가 안됐다고요? 저희 저번에 분명히 끝내고 이사까지 했는데요,학습+ 학습이 종료가 안 (됐다고요)/(됐다구요)? 저희 저번에 분명히 끝내고 이사까지 했는데요?,54,0.296296,1,15,0,2
S00000673_t0011,0011.wav,0,교육,선생님하고 어떻게 계약이 되길래 학습 정도가 안 돼요.,선생님하고 어떻게 이야기가 됐길래 학습 종료가 안돼요?,30,0.300000,7,1,1,1
S00000673_t0012,0012.wav,0,교육,알아보고 처리해드리겠습니다.,알아보고 처리해 드리겠습니다.,16,0.062500,0,1,0,1
S00000673_t0013,0013.wav,0,교육,소리해주는 건 당연하고요. 그것보다 저희 카드번호도 분명히 개인정도인데 해체하면 삭제해하는 거 아닌가요?,처리해주는 건 당연하고요. 그것보다 저희 카드번호도 분명히 개인정보인데 해지하면 삭제해야 하는 거 아닌가요?,60,0.083333,3,2,0,1
S00000673_t0014,0014.wav,0,교육,예전에 저희 학습자일 때도 결제금액이 향해서 고객센터에 분해해보니까 저희가 하지도 않은 과목을 동목시켜서 그게 두 달 분이나 결제가 됐더라고요.,"예전에 저희 학습지 할 때도 결제금액 이상해서 고객센터에 문의해보니까, 저희가 하지도 않은 과목을 등록시켜서 그게 (2달)/(두 달)분이나 결제가 됐더라고요?",88,0.215909,11,8,0,4
S00000673_t0016,0016.wav,0,교육,저희가 알았으니까 망정이지. 몰랐으면 그렇게 남의 계좌에서 돈 계속 폐해놨을 거 아니에요? 통제 같은 것도 안 해주고,"저희가 알았으니까 망정이지, 몰랐으면 그렇게 남의 계좌에서 돈 계속 빼 나갔을 거 아니에요? b/ 통지 같은 것도 안 해주고.",70,0.142857,5,5,0,2
S00000673_t0018,0018.wav,0,교육,그때는 이제 애가 여기 선생님도 좋아하고 학습지도 마음에 들어서 그냥 넘겼었거든요.,그때는 이제 애가 여기 선생님도 좋아하고 학습지도 맘에 들어하고 있어서 그냥 넘겼었거든요.,50,0.140000,1,5,1,1
S00000673_t0019,0019.wav,0,교육,남편은 이런 거 그냥 넘기면 안 된다고 했지만 애가 잘 하고 있는데 괜히 선생님 불편하게 만들어서 좋을 것 없으니까요.,"남편은 이런 거 그냥 넘기면 안 된다고 했지만, 애가 잘 하고 있는데 괜히 선생님 불편하게 만들어서 좋을 거 없으니까요?",67,0.044776,2,1,0,0
S00000673_t0020,0020.wav,0,교육,근데 저희 분명히 그안도는 데 결제되는 건 좀 아니잖아요?,근데 저희 분명히 그만뒀는데 결제되는 건 좀 아니잖아요?,31,0.096774,2,0,1,1
S00000673_t0021,0021.wav,0,교육,한번 이해하고 넘어갔으면 좀 더 조심해야...조심해줘야 하는 거 아닌가요?,(1번)/(한 번) 이해하고 넘어갔으면 좀 더 조심해야+ 조심해줘야 하는 거 아닌가요?,48,0.229167,2,8,1,2
S00000673_t0023,0023.wav,0,교육,그러면 이거 어떻게 처리해줄 거예요? 저는 지금 당장 학습 종료해 주시고요. 저희 결제된 금액 환불 처리해주셨으면 좋겠어요,"그러면, 이거 어떻게 처리해 줄 거예요? 저는 지금 당장 학습 종료해 주시고요? 저희 결제된 금액 환불 처리해 주셨으면 좋겠어요.",72,0.069444,1,4,0,2
S00000673_t0024,0024.wav,0,교육,저희 이사 오고 나서 바로는 절대가 안 됐어요.,저희 이사 오고 나서 바로는 결제가 안 됐어요.,26,0.076923,2,0,0,0
S00000673_t0025,0025.wav,0,교육,"그리고 한 달 지면서 갑자기 결제되는 게 좀 이상하지 않아요? 계속 결제됐으면 모르겠는데, 갑자기 승인뜨니까 놀랐다고요.",그러고 (1달)/(한 달) 지나서 갑자기 결제되는 게 좀 이상하지 않아요? 계속 결제됐으면 모르겠는데 갑자기 승인 뜨니까 놀랐다고요.,74,0.148649,2,8,1,1
S00000673_t0026,0026.wav,0,교육,죄송합니다. 확인 후 처리해 드리겠습니다,죄송합니다. 확인 후 처리해 드리겠습니다.,23,0.043478,0,1,0,0
S00000673_t0027,0027.wav,0,교육,함부로 얼마나 걸리는데요?,환불은 얼마나 걸리는데요?,14,0.214286,3,0,0,0
S00000673_t0028,0028.wav,0,교육,시스템상 바로 해지는 불가능합니다. 학습진은 한다루에 종료됩니다,시스템상 바로 해지는 불가능합니다. 학습지는 (1달)/(한 달) 후에 종료됩니다.,45,0.311111,4,10,0,2
S00000673_t0029,0029.wav,0,교육,아니 그건 바로 해주셔야죠 저희는 분명 전에 해지 다 했는데 시스템은 그쪽 문제고요,"아니, 그건 바로 해주셔야죠. 저희는 분명 전에 해지 다 했는데, 시스템은 그쪽 문제고요.",50,0.080000,0,4,0,0
S00000673_t0030,0030.wav,0,교육,저희는 지금 이용하지도 않은 학습지가 결제됐으니까 금액을 돌려달라는 건데 그걸 지금으로 처리해주는 것도 아니고 늦추겠다고요.,"저희는 지금 이용하지도 않은 학습지가 결제됐으니까 금액을 돌려달라는 건데, 그걸 지금 바로 처리해주는 것도 아니고 늦추겠다고요?",71,0.056338,2,2,0,1
S00000673_t0031,0031.wav,0,교육,상보하기면 결제지사는 바로 해드리겠습니다. 종료는 한 대류에 가능합니다,상부 확인 후 결제 취소는 바로 해드리겠습니다. 종료는 (1달)/(한 달) 후에 가능하십니다.,52,0.423077,9,13,0,4
S00000673_t0032,0032.wav,0,교육,아 알겠어요 그럼 일단 함부리라도 해주세요. 함부는 언제 받을 수 있는 거예요?,아/ 알겠어요. 그럼 일단 환불이라도 해주세요. 환불은 언제 받을 수 있는 거예요?,46,0.173913,6,2,0,0
S00000673_t0033,0033.wav,0,교육,최소 일주 길면 2주 정도 걸릴 거라 예상됩니다.,최소 (1주)/(일 주) 길면 (2주)/(이 주) 정도 걸릴 거라 예상됩니다.,43,0.372093,0,16,0,2
S00000673_t0034,0034.wav,0,교육,너무 늦어요. 이번 계기 지금 학습실에서 잘못인데 더 빨리 처리는 안 되는 건가요?,너무 늦어요. 이 명백히 지금 학습지 회사 잘못인데 더 빨리 처리는 안 되는 건가요?,47,0.170213,7,1,0,3
S00000673_t0035,0035.wav,0,교육,금융자 사장이라 불가능합니다.,금융사 사정이라 불가능합니다.,16,0.125000,2,0,0,0
S00000673_t0036,0036.wav,0,교육,정말 답답하네요,아/ 정말 답답하네요.,12,0.333333,0,4,0,1
S00000673_t0037,0037.wav,0,교육,엄마들이 계속 현금 결제하라고 할 때 선생님 조금 더 편하시라고 자동결제로 했더니 이런 일이 발생할 줄 누가 알았겠어요?,"엄마들이 계속 현금 결제하라고 할 때 선생님 조금 더 편하시라고 자동결제로 했더니, 이런 일이 발생할 줄 누가 알았겠어요?",68,0.014706,0,1,0,0
S00000673_t0038,0038.wav,0,교육,저희 카드 정보도 다 폐기해주세요. 중앙교육 다른 큰 회사라서 믿고 있었는데 이런 식으로 개인정도 처리하시면 안 되는 거예요,저희 카드정보도 다 폐기해주세요. 중앙 교육 나름 큰 회사라서 믿고 있었는데 이런 식으로 개인정보 처리하시면 안 되는 거예요.,70,0.085714,3,2,1,2
S00000673_t0040,0040.wav,0,교육,"이런 일 계속 반복되면 실내도 떨어지는 거 아셔야 해요 저희는 그나마 선생님이 좋았고, 아이가 만족했으니까 넘어가는 거지 다른 엄마들 이런 일 안 참아요. 아시죠?","이런 일 계속 반복되면 신뢰도 떨어지는 거 아셔야 해요. 저희는 그나마 선생님이 좋았고 아이가 만족했으니까 넘어가는 거지, 다른 엄마들 이런 일 안 참아요. 아시죠?",92,0.054348,2,2,1,0
S00000679_t0031,0031.wav,0,교육,최소 1주 되면 2주년도 걸릴 거라 예상됩니다.,최소 (1주)/(일 주) 길면 (2주)/(이 주) 정도 걸릴 거라 n/ 예상됩니다.,46,0.478261,2,20,0,4
S00000684_t0003,0003.wav,0,교육,분당사일 때 중앙교육학식집 인연했을 거예요. 지금은 학식집 이용 안 하고 있거든요 그리고 저희 스스로 이사했어요,u/ 살 때 중앙교육 학습지 몇 년* 했었고요. n/ 지금은 (학습지)/(학습*) 이용 안 하고 있거든요. 그리고 저희 서초로 (이사를)/(이사*) 했고요.,87,0.482759,17,25,0,5
S00000684_t0009,0009.wav,0,교육,학습이 종류가 안됐다고요?,학습이 종료가 안 됐다고요?,15,0.133333,1,1,0,1
S00000684_t0010,0010.wav,0,교육,저희 저번에 분명히 끝내고 이사까지 했는데요.,저희 저번에 분명히 끝내고 이사까지 했는데요.,25,0.000000,0,0,0,0
S00000684_t0013,0013.wav,0,교육,알아보고 처리해 드리겠습니다.,알아보고 처리해 드리겠습니다.,16,0.000000,0,0,0,0
S00000684_t0014,0014.wav,0,교육,틀여주는 건 당연하고요. 그것보다 세이 카드 번호도 분명히 개인적 모임인데 회의자는 섞어야 하는 거 아닌가요?,처리해 주는 건 당연하고요. 그것보다 저희 카드 번호도 분명히 개인정보인데 해지하면 삭제해야* 하는 거 아닌가요?,63,0.285714,12,4,2,2
S00000684_t0019,0019.wav,0,교육,그 때는 이제 애가 여기 선생님도 좋아하고 학생지도 마음에 들어서 하고 있었어요 그냥 링켰거든요,그때는 이제* 애가 여기 선생님도 좋아하고 학습지도 마음에 들어하고 그냥 넘겼거든요.,47,0.276596,3,2,8,3
S00000684_t0020,0020.wav,0,교육,남자는 이런 걸 그냥 느끼면 안 된다고 했지만 얘가 다 나오고 있는데 괜히 생일이 뚝빈하기만 들어서 좋을 거 없으니까요.,남편은 이런 걸 그냥 넘기면 안 된다고 했지만 애가 잘하고 있는데 괜히 (선생님)/(슨생님) 불편하게 만들어서 좋을 거 없으니까요.,73,0.328767,14,8,2,3
S00000684_t0022,0022.wav,0,교육,"아, 근데 이 안에서 좀 더 조심해지는 거 아닌가요?",한번 이해하고 넘어갔으면 좀 더 조심해줘야 (하는)/(하능) 거 아닌가요?,41,0.536585,10,12,0,2
S00000684_t0025,0025.wav,0,교육,"저 이사 오고 나서 바로 결제가 안 됐죠. 그리고 한 달 전에 갑자기 결제 되는 게 좀 이상하지 않아요? 계속 결제되는데 모르겠는데, 갑자기 승인뜨니까 놀랐다고요!",저희 이사 오고 나서 바로 결제가 (안되었어요)/(안됐으요). 그리고 한 달 전에 갑자기 결제되는 게 좀 이상하지 않아요? 계속 결제(되면)/(때는) 모르겠는데 갑자기 승인 뜨니까 놀랐다고요.,107,0.224299,4,18,2,3
S00000684_t0033,0033.wav,0,교육,지금 수치해서 당면신데 빨리 들이나 안 되는 건가요?,너무 느려요*. 명백히 지금 학습지 회사 잘못인데 더 빨리 처리는* 안 되는 건가요?,47,0.595745,10,18,0,5
S00000684_t0035,0035.wav,0,교육,정말 답답하네요. 그 마들이 계속 증 글자라고 할 때 선생님 조금 더 편하시라고 4금 길짜라 했더니 이름이 발생할 줄 누가 알았겠어요?,하/ 정말 답답하네요. 엄마들이 계속 u/ 라고 할 때 선생님이 조금 편하시라고 자동결제를 했더니 이런 일이 발생할 줄 누가 알았겠어요.,76,0.289474,11,6,5,7
S00000684_t0036,0036.wav,0,교육,이 카드 정보도 다 폐기해주세요. 중앙교육 말음 큰 애사라고 믿고있는데 이르시로 개인지부치대비진 안되는거에요,저희 카드정보도 다 폐기해주세요. 중앙교육 나름 큰 회사라고 믿고 있었는데 이런 식으로 개인 정보 처리하는* 안 되는 거예요.,70,0.357143,13,11,1,7
S00000684_t0040,0040.wav,0,교육,그럼 황불게는 그걸 알고 이만큼은 제요,"그럼, 환불되는 걸로 알고 이만 끊을게요.",23,0.434783,8,2,0,2
S00000714_t0011,0011.wav,0,교육,선생님하고 어떻게 이야기가 듣길래요? 학습 종료가 안 돼요.,선생님하고 (어떻게)/(어뜨케) 이야기가 됐길래 학습 종료가 안 돼요?,39,0.307692,2,8,2,0
S00000714_t0012,0012.wav,0,교육,"어, 알아보고 처리해 드리겠습니다.",어/ 알아보고 처리해 드리겠습니다.,19,0.052632,1,0,0,0
S00000714_t0013,0013.wav,0,교육,처리해주는 건 당연하고요. 그것보다 저희 카드 번호도 분명히 개인정본인데 해제하면 작게 해야 하는 것 아닌가요?,처리해주는 건 당연하고요. 그것보다 저희 카드번호도 분명히 개인정보인데 해지하면 (삭제)/(착제*)해야 하는 것 아닌가요?,68,0.191176,5,7,1,2
S00000714_t0014,0014.wav,0,교육,예전에 저희 학습지 할 때도 결제금액이 이상해서 고객센터로 문의해 보니까 저희가 하시도 않은 과목을 둘러시켜서 그게 두 달 보이나 결제가 됐더라고요.,"예전에 저희 학습지 할 때도 결제금액이 이상해서 고객센터로 문의해보니까, 저희가 하지도 않은 과목을 등록시켜서 그게 (2달)/(두 달) 분이나 결제가 (됐더라고요)/(되뜨라고요)?",100,0.240000,5,18,1,1
S00000714_t0019,0019.wav,0,교육,근데 저희 분명히 그만뒀는데 결제에 되는 건 좀 아니잖아요.,근데 저희 분명히 그만뒀는데 결제되는 건 좀 아니잖아요?,31,0.096774,1,0,2,1
S00000714_t0020,0020.wav,0,교육,한번 예약을 넘어갔으면 좀 더 조심해져야 하는 것 아닌가요?,(1번)/(한 번) 이해하고 넘어갔으면 좀 더 조심해줘야* 하는 것 아닌가요?,43,0.325581,4,10,0,1
S00000714_t0032,0032.wav,0,교육,너무 늦어요. 연기 지금 학습지회사 잘못인데 더 빨리 처리는 안 되는 건가요?,너무 늦어요. 명백히 지금 학습지 회사 잘못인데* 더 빨리 처리는 안 되는 건가요? n/,49,0.163265,2,6,0,2
S00000714_t0035,0035.wav,0,교육,저희 카드 정부도 다 튀게 해주세요.,저희 카드정보도 다 폐기해주세요.,18,0.277778,3,0,2,2
S00000714_t0041,0041.wav,0,교육,네 감사합니다. 상담사 이진혁이었습니다,"b/ 네, 감사합니다. 상담사 이진혁이었습니다.",26,0.192308,0,5,0,1
S00000737_t0001,0001.wav,0,교육,네 고객님 중앙교육의 이진혁 상담원입니다.,"네, 고객님. 중앙교육의 이진혁 상담원입니다.",25,0.080000,0,2,0,0
S00000737_t0002,0002.wav,0,교육,안녕하세요. 결제 때문에 전화 드렸어요,안녕하세요. 결제 때문에 전화드렸어요.,21,0.095238,0,1,1,1
S00000737_t0008,0008.wav,0,교육,선생님하고 어떻게 이야기가 됐길래 학습 종류가 안 돼요.,선생님하고 어떻게 이야기가 됐길래 학습 종료가 안 돼요?,31,0.064516,2,0,0,0
S00000737_t0010,0010.wav,0,교육,처리해주는 건 당연하고요. 그것보다 저희 카드버노도 분명히 개인정부인데 해지하면서 삭제해야 하는 거 아닌가요?,처리해주는 건 당연하고요. 그것보다 저희 카드번호도 분명히 개인정보해+ 개인정보인데 b/ 해지하면 삭제해야 하는 거 아닌가요?,70,0.200000,3,10,1,2
S00000737_t0013,0013.wav,0,교육,저희가 알았으니까 먼저는 몰랐으면 그렇게 남의 기장에서 계속 빼내가실 거 아니에요. 송지 같은 것도 안 해주고,저희가 알았으니까 망정이지 몰랐으면 그렇게 남의 계좌에서 돈 계속 빼내+ 빼내갔을 거 아니에요? 통지 같은 것도 안 해주고.,69,0.246377,9,8,0,2
S00000737_t0019,0019.wav,0,교육,함부랑 얼마나 걸리는데요?,환불은 얼마나 걸리는데요?,14,0.214286,3,0,0,0
S00000737_t0021,0021.wav,0,교육,"아니 그건 바로 해주셔야죠. 저희는 분명 전에 다 했지 했는데 시스템은 그쪽 문제고요, 저희는 지금 이용화지도 아닌 학습지가 결제할 수 있으니까 금액을 돌려달라는 건데 그걸 지금 바로 처리해주는 것도 아니고 늦추겠다고요?","아/ 아니, 그건 바로 해주셔야죠. 저희는 분명 전에 해지 다 했는데 시스템은 그쪽 문제고요. b/ 저희는 지금 이용하지도 않는 학습지가 결제됐으니까 금액을 돌려달라는 건데 b/ 그걸 지금 바로 처리해주는 것도 아니고 늦추겠다고요?",129,0.178295,9,10,4,7
S00000737_t0026,0026.wav,0,교육,금융서 사정이와 불가능합니다.,금융사 사정이라 불가능 합니다.,17,0.176471,2,1,0,1
S00000737_t0031,0031.wav,0,교육,그럼 한 발 되는 걸 알고 이만 끝낼게요.,그럼 환불되는 걸로 알고 이만 끊을게요.,22,0.318182,4,1,2,2
S00000743_t0001,0001.wav,0,교육,네 고객님 중앙교육의 이진혁 상담원입니다.,"네, 고객님. 중앙교육의 이지+ 이진혁 상담원입니다.",29,0.206897,0,6,0,1
S00000743_t0002,0002.wav,0,교육,네 안녕하세요. 지을 때 때문에 전화 드리겠습니다,"네, 안녕하세요, (결제)/(절제*) 때문에 전화드렸어요.",32,0.562500,9,7,2,2
S00000743_t0009,0009.wav,0,교육,학습의 종목이 안 됐다고요? 저희 저번에 분명히 끝내고 이사까지 했는데요.,학습이 종료가 안 됐다고요? 저희 저번에 분명히* 끝내고 이사까지 했는데요?,42,0.119048,4,1,0,0
S00000743_t0012,0012.wav,0,교육,알아보고 처리해드리겠습니다.,아/ 알아보고 처리해 드리겠습니다.,19,0.210526,0,4,0,2
S00000743_t0019,0019.wav,0,교육,근데 저희 분명히 그만뒀는데 결제는 이건 좀 아니잖아요?,근데 저희 분명히* 그만뒀는데 결제는 이건 좀 아니잖아요? n/,35,0.114286,0,4,0,1
S00000743_t0020,0020.wav,0,교육,한번 이해하고 넘어갔으면 좀 더 조심해져야 하는 거 아닌가요?,b/ (1번)/(한 번) 이해하고 넘어갔으면* 좀 더 조심해줘야 하는 거 아닌가요?,46,0.282609,1,12,0,2
S00000743_t0024,0024.wav,0,교육,죄송합니다. 확인 후 처리들도 처리해드리겠습니다,죄송합니다. 확인 후 처리드리도+ 처리해 드리겠습니다.,30,0.166667,1,4,0,1
S00000743_t0025,0025.wav,0,교육,한 번은 얼마나 걸리는데요?,환불은 얼마나 걸리는데요? b/,17,0.352941,2,3,1,2
S00000743_t0026,0026.wav,0,교육,시스템상 바로 해시는 불가능합니다. 학습지는 한 달 후에 종료됩니다,시스템상 바로 해지는 불가능합니다. 학습지는 (1달)/(한 달) 후에 종료됩니다.,45,0.200000,1,8,0,0
S00000743_t0027,0027.wav,0,교육,아니 그건 바로 해주셔야죠. 저는 분명 저는 1지 다 했는데 시스템은 그 정도인 데고요 저희는 지금 이형하지도 않은 학습지가 결제했으니까 금액을 돌려달라는 건데 그걸 지금 바로 차례해주는 것도 아니고 늙추겠다고요,"아니, 그건 바로 해주셔야죠. (저희는)/(전는*) 분명 전에 해지 다 했는데. 시스템은 그쪽 문제고요. 저희는 이/ 지금 이용하지도 (않은)/(아나) 학습지가 (결제됐으니까)/(결제애쓰니까*) 금액을 돌려달라는 건데, 그걸 지금 바로 처리해주는 것도 아니고 늦추겠다고요?",152,0.328947,12,36,2,4
S00000743_t0029,0029.wav,0,교육,알겠어요. 그럼 일단 한 분이라도 해주세요. 한 번을 언제 받을 수 있는 거예요?,"알겠어요*, 그럼 일단 (환불)/(항불)이라도* 해주세요. 환불은 언제 받을 수 있는 거예요?",52,0.307692,7,8,1,2
S00000743_t0030,0030.wav,0,교육,최소 일주 길면 2주 정도 걸릴 거라 예상됩니다.,"최소 (1주)/(일 주), 길면 (2주)/(이 주) 정도 걸릴 거라 예상됩니다.",44,0.386364,0,17,0,2
S00000743_t0031,0031.wav,0,교육,너무 늦어요. 명백기 지금 학습실에서 잘못인데 더 빨리 처리는 안 되는 건가요?,너무 늦어요. 명백히 지금 학습지 회사 잘못인데 더 빨리 처리는 안 되는 건가요?,45,0.111111,4,1,0,1
S00000743_t0033,0033.wav,0,교육,정말 답답하네요. 엄마들이 계속 형 결제 하라고 할 때 선생님은 조금 더 편하시고 자전개짜를 했더니 이런 일이 발생해줄 누가 있겠어요?,"하/ 정말 답답하네요. 엄마들이 계+ 계속 (현금)/(형응*) 결제하라고 할 때 선생님 조금 더 편하시고 자동결제로 했더니, 이런 일이 (발생할)/(발생해*) 줄 누가 알겠어요?",99,0.333333,5,26,2,4
S00000743_t0034,0034.wav,0,교육,저희 카드 정보도 다 폐기해주세요. 주황교육 나름 큰 회사라고 믿고 있었는데 이런 식으로 개인정보 초대하는 건 안 되는 거예요,저희 카드정보도 다* 폐기해주세요. (중앙교육)/(주앙교육) 나름 큰 회사라고 믿고 있었는데. 이런 식으로 개인정보 처리해 놓으면 안 되는 거예요. n/,85,0.282353,7,16,1,4
S00000743_t0036,0036.wav,0,교육,"이런 일 계속 반복되면 실내도 떨어지는 거 아셔야 해요. 저희는 그나가 선생님이 좋았고, 아이가 만족했으니까 넘어가는 거지? 다른 엄마들 이런 일이 이러면 안 참아요. 아시죠?!","이런 일 계속 반복되면 신뢰도 떨어지는 거 아셔야 해요. 저희는 그나마 선생님이 좋았고 아이가 만족했으니까 넘어가는* 거지, b/ 다른 엄마들 이런 일은 안 참아요. 아시죠?",97,0.154639,5,4,6,2
S00000743_t0038,0038.wav,0,교육,그럼 한번되는 걸로 알고 이만 끊을게요.,그럼 (환불)/(항불)되는 걸로 알고 이만 끊을게요*.,30,0.333333,2,8,0,0
S00000771_t0012,0012.wav,0,교육,선생님하고 어떻게 이야기가 됐길래 학습 종료 안 돼요.,o/ 선생님하고 어떻게 이야기가 됐길래 학습 종료가 안돼요?,33,0.181818,1,4,1,2
S00000771_t0016,0016.wav,0,교육,예전에 저희 학수치할 때도 결제금이 이상해서 모기센터에 문의해 보니까 저희가 하지도 않은 과목을 등원시켜서 그게 두 달 분이나 결제가 됐더라고요.,o/ 예전에 저희 학습지 할 때도 결재 금액이 이상해서 고객센터에 문의해보니깐 저희가 하지도 않은 과목을 등록시켜서 거기 (2달)/(두 달)분이나 결제가 됐더라고요.,92,0.250000,10,12,1,5
S00000771_t0032,0032.wav,0,교육,상부 확인 후 절차 지도는 바로 해드리겠습니다.,b/ 상부 확인 후 결제 취소는 바로 해드리겠습니다*. b/,33,0.333333,4,7,0,2
S00000771_t0043,0043.wav,0,교육,그럼 한볼되는 거로 알고 이만 끊을게요.,그럼 환불되는 걸로 알고 이만 끊을게요*.,23,0.173913,3,1,0,0
S00000773_t0001,0001.wav,0,교육,"네, 고객님 중앙교육의 이진혁 상바문입니다.","네, 고객님. 중앙교육의 이진혁 상담원입니다. n/",28,0.214286,2,4,0,1
S00000773_t0002,0002.wav,0,교육,안녕하세요. 교팀 때문에 전화 드리겠습니다,안녕하세요? 결제 때문에 전화드렸어요.,21,0.428571,7,0,2,1
S00000773_t0003,0003.wav,0,교육,분당 살 때 중앙교육 학습팀 몇 년 했었고요. 지금은 학생티기 이용 안 하고 있거든요? 그리고 저희 소초로 이사도 했고요,분당 살 때 중앙교육 학습지 몇 년 했었고요. 지금은 학습지 이용 안 하고 있거든요. n/ 그리고 저희 스+ 서초로 이사도 했고요.,73,0.178082,5,7,1,2
S00000773_t0006,0006.wav,0,교육,시플모니겹게 됐는데 저희 지금 여기 학습지 이용을 안 하고 있어요. 어떻게 된 거예요?,(180000원)/(십 팔만 원)이 결제됐는데 n/ 저희 지금 여기 학습지 이용을 안 하고 있어요. 어떻게 된 거예요?,66,0.363636,6,18,0,3
S00000773_t0009,0009.wav,0,교육,"네, 알아보는 결과 학습 종류가 안 된 것으로 나와 있습니다.","네, 알아본 결과 학습 종료가 안 된 걸로 나와 있습니다. n/",35,0.228571,3,3,2,1
S00000773_t0013,0013.wav,0,교육,알아보고 처리해드리겠습니다.,알아보고 처리해 드리겠습니다*,16,0.125000,1,1,0,1
S00000773_t0014,0014.wav,0,교육,초대해 주는 건 당연하고요. 그것보다 저희 카덕으로도 분명히 개인 영보인데 퇴제하면 삭제해야 하는 거 아닌가요?,처리해 주는 건 당연하고요. 그것보다 저희 카드 번호도 분명히 개인 정보인데 해지하면 삭제해야 하는 거 아닌가요?,63,0.142857,8,1,0,1
S00000773_t0029,0029.wav,0,교육,그러면 이거 어떻게 처리해줄 거예요? 저는 지금 당장 학습 동료해 주시고요. 저희 각지금 전에 한 명 처리해 주시면 좋겠어요,그러면 이거 어떻게 처리해 줄 거예요? 저는 지금 당장 학습 종료해 주고+ (주시고요)/(시구요). n/ 저의 결제금 금액 (환불)/(한물) 처리해 주셨으면 좋겠어요.,93,0.354839,9,24,0,4
S00000773_t0030,0030.wav,0,교육,저희 이사 오고 나서 바로는 여자가 안 됐어요.,저희 이사 오고 나서 바로는 결제가 안 됐어요.,26,0.076923,2,0,0,0
S00000773_t0032,0032.wav,0,교육,죄송합니다. 확인을 처리해 드리겠습니다,죄송합니다. 확인* 후 처리해 드리겠습니다.,24,0.166667,1,3,0,1
S00000773_t0035,0035.wav,0,교육,"아니 그건 바로 해 주셔야죠. 저희는 분명 전에 다 했었는데 시탭은 그 정도인 거고요, 저희는 지금 이용하기도 안 할 합세적 결정에 됐으니까 금융을 돌려달라는 건데 그걸 지금 바로 처리해 주는 것도 아니고 미치겠다구요","아니, 그건 바로 해주셔야죠. n/ 저희는 분명 전에 해지 다 했는데 시스템은 그쪽 문제고요. 저희는 지금 이용하지도 않은 학습지 결제됐으니까 금액을 돌려달라는 건데, 그걸 지금 바로 처리해주는 것도 아니고 (늦추겠다고요)/(늦추겠다르구요)?",135,0.340741,16,22,8,9
S00000794_t0002,0002.wav,0,교육,안녕하세요 결제 때문에 전화되었어요,안녕하세요. 결제 때문에 전화드렸어요.,21,0.190476,2,2,0,0
S00000794_t0003,0003.wav,0,교육,분당설때 중앙교 학습지 몇 년 했었고요 지금은 학습 지 이용 안 하고 있거든요,분당 살 때 중앙교육 학습지 몇 년 했었고요. 지금은 학습지 n/ 이용 안 하고 있거든요.,50,0.180000,2,7,0,2
S00001018_t0001,0001.wav,0,교육,안녕하세요. 쇠어링스터디 상담원 홍겔동입니다,안녕하세요. 쉐어링스터디 상담원 홍길동입니다.,25,0.120000,2,1,0,0
S00001018_t0006,0006.wav,0,교육,약간 동의 여부 특크를 먼저 확인하겠습니다.,약관 동의 여부 체크를 먼저 확인하겠습니다.,24,0.083333,2,0,0,0
S00001018_t0008,0008.wav,0,교육,고객님 성함과 휴대폰 번호 뒤 4자리 부탁드립니다.,고객님 성함과 휴대폰 번호 뒤 (4자리)/(네 자리) 부탁드립니다.,37,0.243243,0,9,0,1
S00001018_t0009,0009.wav,0,교육,"네, 김철수이고 인리상사입니다.","네, 김철수이고, 일 이 삼 사 입니다.",22,0.363636,3,5,0,4
S00001018_t0010,0010.wav,0,교육,확인 결과 모든 회원 가입 약간에 도움이하셨습니다.,"확인 결과, 모든 회원가입 약관에 동의하셨습니다.",27,0.222222,3,1,2,1
S00001018_t0011,0011.wav,0,교육,제가 지금 약관이 정확하게 기억이 안 나는데 가입의 꼭 필요한 필수적인 약관은 지금처럼 정리합니다. 체크를 동일하게 하고 바꾸고 싶은 부분이 그 마케팅 활동 관련해서 제정보가 다른 곳에 던절되는 그 약관을 정리를 하지 않는다고 바꾸거든요,"제가 지금 약관이 정확하게 기억이 안 나는데, 가입에 꼭 필요한 필수적인 약관은 지금처럼 동의합니다에 체크를 동일하게 하고, 바꾸고 싶은 부분이 그 마케팅 활용 관련해서 제 정보가 다른 곳에 전달되는 그 약관에 동의하지 않는다고 바꾸고 싶거든요?",137,0.138686,10,7,2,3
S00001018_t0013,0013.wav,0,교육,"네, 고객님 말씀 주신 상황 우선적으로 변경 처리하겠습니다.","네, 고객님 말씀 주신 사항 우선적으로 변경 처리하겠습니다.",33,0.060606,2,0,0,0
S00001018_t0017,0017.wav,0,교육,네 고객님 학생회의원으로 어제 가입하신 내역 확인되었고 전체 약간 동의 취소되었습니다.,"네, 고객님. 학생회원으로 어제 가입하신 내역 확인되었고, 전체 약관 동의 취소되었습니다.",50,0.100000,1,3,1,0
S00001018_t0021,0021.wav,0,교육,개인정보 마케팅 및 광고 활용에 동의하지 않으셔서 관련한 이벤트 전달은 어렵습니다.,개인정보 마케팅 및 광고 활용에 동의하지 않으셔서 관련한 이벤트 전달은 어렵습니다.,46,0.000000,0,0,0,0
S00001018_t0028,0028.wav,0,교육,네 해당 부분은 현재 논의 중이나 아직 통합회용 가입제 돈 없습니다.,"네, 해당 부분은 현재 논의 중이나, 아직 통합회원 가입 제도는 없습니다.",41,0.146341,3,3,0,2
S00001018_t0042,0042.wav,0,교육,해당 부분은 이벤트 상세 페이지에 기재되어 있으며 교제와 강의 선택 가능합니다.,"해당 부분은 이벤트 상세 페이지에 기재되어 있으며, 교재와 강의 선택 가능합니다.",45,0.044444,1,1,0,0
S00001029_t0015,0015.wav,0,교육,고객님 학생 회원으로 어제 가입하신 내역 확인되었고 전체 약간 동의 취소되었습니다.,"o/ 네, 고객님 학생회원으로 어제 가입하신 내역 확인되었고 전체 약관 동의 취소되었습니다.",51,0.156863,1,6,1,3
S00001040_t0002,0002.wav,0,교육,네 안녕하세요 수고 많으십니다. 어제 가입할때 티켓댄 내용을 수정하려고 하는데 어디서 해야겠죠?,"네, 안녕하세요? 수고가 많으십니다. 어제 (가입할)/(가입핼) 때 그 (체크했던)/(체끄땐) 내용을 수정하려고 하는데 어디서 해야 되죠?",77,0.363636,4,24,0,3
S00001040_t0004,0004.wav,0,교육,가입할 때 필수 말고 선택인 회원약간이 있는데 제가 어제는 회원가입을 급하게 하느라고 그걸 다 동일히 표시했던 것 같은데 맞나요?,가입할 때 필수 말고 선택인 회원 약관이 있는데 제가 어제는 회원가입을 급하게 하느라고 그걸 다 동의를* 표시했던 거 같은데 맞나요?,74,0.081081,4,2,0,1
S00001040_t0006,0006.wav,0,교육,"네, 아마 제가 다 동의한다고 표시했거든요.","네+ 네, b/ 아마 제가 다 동의한다고 표시했거든요.",30,0.200000,0,6,0,2
S00001040_t0007,0007.wav,0,교육,고객님 성향과 휴대폰 분우기 네 자리를 부탁드립니다.,고객님 성함과 휴대폰 번호 뒤 (4자리)/(네 자리)에 부탁드립니다.,38,0.368421,5,9,0,1
S00001040_t0023,0023.wav,0,교육,고객님 시장했습니다.,"네, 고객님 수정했습니다.",14,0.357143,2,3,0,1
S00001040_t0029,0029.wav,0,교육,해설안에 필수상문만 개인적으로 제공이 동의해서 제가 놓치면 혜택이나 불립 같은 건 따로 없을까요?,최소한의 필수 항목만 개인 정보 제공에 동의해서 제가 놓치는 혜택이나 불이익 같은 건 따로 없을까요?,56,0.250000,12,2,0,2
S00001040_t0032,0032.wav,0,교육,미안하십니까,"네, 아직 참여 가능하십니다.",16,0.812500,3,10,0,3
S00001040_t0034,0034.wav,0,교육,중복을 해당되지 않습니다.,"네, 중복은 해당되지 않습니다.",17,0.235294,1,3,0,1
S00001040_t0038,0038.wav,0,교육,"아, 해탱이 좋네요. 혹시 이 이벤트 언제까지 적용될까요? 주변에 저도 친구들 많이 추천하고 소개 하고 싶었어요",아/ 혜택이 좋네요. 혹시 이 이벤트 언제까지 적용될까요? 주변에 저도 친구들 많이 추천하고 소개하고 싶어서요.,62,0.112903,5,1,1,1
S00001040_t0040,0040.wav,0,교육,친구 소개하면 제가 받는 햇빛의 기준이나 일정도 따로 정의되어 있나요? 아까 중복은 흰 복 해당되지 않는다고 해서 그럼 치대 몇만까지 해당 되고 전체 어떻게 종미될 지 알 수 있나요.,친구 소개하면 제가 받는 혜택의 기간이나 일정도 따로 정해져 있나요? 아까 중복은 행마+ 행보+ 으/ 해당되지 않는다고 해서 b/ 그럼 최대 몇 (명)/(망*) 까지 해당되고 저한테 어떻게 적립이 되는지 알 수 있나요?,122,0.319672,15,22,2,5
S00001040_t0041,0041.wav,0,교육,소기권은 최대 5년까지 종립하나입니다.,소개 건은 최대 (5명)/(다섯 명)까지 적립 가능합니다.,32,0.562500,7,11,0,3
S00001040_t0044,0044.wav,0,교육,말씀 주신대로 간호합니다.,아/ 말씀 주신대로 가능합니다.,17,0.294118,2,3,0,1
S00001040_t0047,0047.wav,0,교육,"아, 미미. 확인 감사합니다","o/ 아/ 네+ 네, 확인 감사합니다.",21,0.476190,4,6,0,2
S00001040_t0048,0048.wav,0,교육,추가 중의 문이 이상 있으면 언제 있는지 물에 부탁드립니다. 최홀스터리 선단사 홍교육동이었습니다,추가적인 문의 사항 있으면 언제든지 문의 부탁드립니다. 쉐어링 스터디 상담사 홍길동이었습니다.,52,0.403846,14,3,4,3
S00001066_t0002,0002.wav,0,교육,네 안녕하세요 수고가 많으십니다 어제 가입했던 할 때 체크 했던 내용을 수정하려고 하는데 어디서 해야 되죠?,네 안녕하세요. 수고가 많으십니다. 어제 가입했던 할 때 체크했던 내용을 수정하려고 하는데 어디서 해야 되죠?,61,0.049180,0,2,1,1
S00001066_t0006,0006.wav,0,교육,아마 제가 다 동의한다고 표시했거든요.,"네네, 아마 제가 다 동의한다고 표시했거든요.",25,0.160000,0,4,0,1
S00001066_t0012,0012.wav,0,교육,"네, 고객님 말씀신사 우산적으로 분정 처리하겠습니다.",네 고객님 말씀 주신 사항 우선적으로 변경 처리하겠습니다.,32,0.250000,3,4,1,2
S00001066_t0015,0015.wav,0,교육,네 고객님 학생회의원으로 어제 가입하신 내역 확인되었고 전제약관동이 취조되었습니다.,"네 고객님. 학생회원으로 어제 가입하신 내역 확인되었고, 전체 약관 동의 취소되었습니다.",49,0.163265,3,4,1,2
S00001066_t0016,0016.wav,0,교육,"그럼 저는 이용약관이니랑 개인정보 필수 항목에 대한 처리미, 이용에 대한 필수항목 두 가지에만 동의 된 거죠.",그럼 저는 이용약관+ 이용약관이랑 개인정보 필수항목에 대한 처리 및 이용에 대한 필수 항목 (2가지)/(두 가지)에만 동의된 거죠?,73,0.273973,4,14,2,5
S00001066_t0018,0018.wav,0,교육,최소한의 필수 항목만 개인정보제공에 동해서도 제가 놓치는 혜택이나 부리 같은 건 따로 없을까요?,최소한의 필수항목만 개인정보 제공에 동의해서 제가 놓치는 혜택이나 불이익 같은 건 따로 없을까요?,54,0.129630,2,3,2,2
S00001066_t0020,0020.wav,0,교육,그럼 가격하는 이벤트나 신규 강의 같은 혜택도 전달받기 어렵나요?,그럼 가격 할인 이벤트나 신규 강의 같은 혜택도 전달받기 어렵나요?,37,0.081081,2,1,0,1
S00001066_t0021,0021.wav,0,교육,"네, 동네해 주시지 않으면 어렵습니다.",네 동의해주시지 않으면 어렵습니다.,19,0.157895,1,0,2,1
S00001066_t0022,0022.wav,0,교육,아 그러면 그금만 별도로 동례할게요.,아/ 그러면 그건+ 그 건만 별도로 (동의할게요)/(동의할께요).,36,0.500000,2,16,0,2
S00001066_t0023,0023.wav,0,교육,"네, 고객님 수정했습니다.",네 고객님. 수정했습니다.,14,0.142857,0,1,1,0
S00001066_t0024,0024.wav,0,교육,"아, 그리고 혹시 제가 셔링 스튜디 자회사로 셔린키즈, 셔림궁무원, 셀림자격증 같은 다른 사이트도 인간 듣기 좋은 곳이라고 친구한테 들었는데 같이 통화 배영 가입은 어렵나요?","아/ 그리고 혹시 제가 쉐어링 스터디 자회사로 쉐어링 키즈, 쉐어링 공무원, 쉐어링 자격증같은 다른 사이트도 인강 듣기 좋은 곳이라고 친구한테 들었는데 같이 통합회원 가입은 어렵나요?",102,0.225490,14,7,2,5
S00001066_t0025,0025.wav,0,교육,가입한 아이디로 같이 다 하나로 이용하면 여러 번 가입하지 않고 이용하기 편리할 것 같은데 그런 루트 같은 건 따로 없나요?,가입한 아이디로 같이 다 하나로 이용하면 여러 번 가입하지 않고 이용하기 편리할 거 같은데 그런 루트 같은 건 따로 없나요?,69,0.014493,1,0,0,0
S00001066_t0026,0026.wav,0,교육,"네, 해당 부분은 현재 논의 중이나 아직 통합회용 가입제도는 없습니다.","네 해당 부분은 현재 논의 중이나, 아직 통합회원 가입 제도는 없습니다.",40,0.100000,1,2,1,1
S00001066_t0027,0027.wav,0,교육,"아쉽네요. 그럼 저는 가입할 때 제공된 정보가 이름, 생년일 ID, 비밀번호 휴대폰 번호만 셔링 수틀위에 제공한 거죠?","아쉽네요. 그럼 저는 가입할 때 제공된 정보가 이름, 생년월일, 아이디, 비밀번호, 휴대폰 번호만 쉐어링 스터디에 제공한 거죠?",71,0.154930,6,5,0,0
S00001066_t0031,0031.wav,0,교육,"네, 아직 참여 가능합니다.",네 아직 참여 가능합니다.,14,0.071429,0,0,1,0
S00001066_t0032,0032.wav,0,교육,"혹시 추천 일을 중복으로 추첨 가능할까요? 저한테 이거 추천한 친구가 여러 명이라서, 친구 각각 다 적으면 강의교재 적은 아이디 수만큼 저한테 교재배송되나요.",혹시 추천인을 중복으로 추천 가능할까요? 저한테 이거 추천한 친구가 여러 명이라서 친구 각각 다 적으면 강의 교재 적은 아이디 수만큼 저한테 교재 배송되나요?,88,0.079545,3,2,2,3
S00001066_t0033,0033.wav,0,교육,중복은 해당되지 않습니다.,중복은 해당되지 않습니다.,14,0.000000,0,0,0,0
S00001066_t0037,0037.wav,0,교육,"아, 햇빛이 좋네요. 혹시 이 이벤트 언제까지 주경될까요? 주변에서도 친구들 많이 추천하고 소개 하고 싶었어요",아/ 혜택이 좋네요. 혹시 이 이벤트 언제까지 적용될까요? 주변에 저도 친구들 많이 추천하고 소개하고 싶어서요.,62,0.177419,8,2,1,2
S00001066_t0038,0038.wav,0,교육,이벤트는 이번 달 31일까지 참여 가능합니다.,이벤트는 이번 달 (31일)/(삼십 일 일)까지 참여 가능합니다.,36,0.305556,0,11,0,2
S00001066_t0039,0039.wav,0,교육,친구 소개하면 제가 받는 횟집의 시간이나 일정도 따로 정해져 있나요? 아까 중복은 해당되지 않는다고 했어 그럼 최대 몇 명까지 해당 되고 저한테 어떻게 적립이 되는 지 알 수 있나요,친구 소개하면 제가 받는 혜택의 기간이나 일정도 따로 정해져 있나요? 아까 중복은 해당되지 않는다고 해서 그럼 최대 몇 명 까지 해당되고 저한테 어떻게 적립이 되는지 알 수 있나요?,101,0.089109,5,2,2,3
S00001066_t0043,0043.wav,0,교육,말씀 주신대로 가능합니다.,말씀 주신대로 가능합니다.,14,0.000000,0,0,0,0
S00001066_t0044,0044.wav,0,교육,그럼 마지막으로 하나만 더 물어볼게요. 이게 한 강의에 뭐라서 해도 되고 아니면 개별적으로도 각각 기간 설정해서 선택도 가능한가요? 제가 듣는 강의가 지금 최소 5개가 넘어서 필요한 만큼 되는지 궁금해요,그럼 마지막으로 하나만 더 (물어볼게요)/(물어볼께요). 이게 한 강의에 몰아서 해도 되고 아니면 개별적으로도 각각 기간 설정해서 선택도 가능한가요? 제가 듣는 강의가 지금 최소 (5개)/(다섯 개)가 넘어서 필요한 만큼 되는지 궁금해요,132,0.159091,2,19,0,1
S00001066_t0045,0045.wav,0,교육,원하시는 강의에 원하는 날자만큼 선택할 수 있습니다.,원하시는 강의에 원하는 날짜만큼 선택할 수 있습니다.,29,0.034483,1,0,0,0
S00001066_t0046,0046.wav,0,교육,"네, 확인 감사합니다.",네네 확인 감사합니다.,12,0.083333,1,0,0,0
S00001112_t0029,0029.wav,0,교육,네 맞습니다.,"네, 맞습니다. o/(죄송한 거죠? 예.)",23,0.695652,0,16,0,3
S00001185_t0001,0001.wav,0,교육,안녕하세요. 시어링 스토리 상담원 홍뚱동입니다,안녕하세요. 쉐어링 스터디 상담원 홍길동입니다.,26,0.192308,4,1,0,0
S00001185_t0002,0002.wav,0,교육,네 안녕하세요 수고가 많으십니다 어제 가입할 때 체크했던 내용을 수정하려고 하는데 어디서 해야 되죠?,"네, 안녕하세요. 수고가 많으십니다. 어제 가입할 때 체크했던 내용을 수정하려고 하는데 어디서 해야 되죠?",59,0.050847,0,3,0,0
S00001185_t0003,0003.wav,0,교육,혹시 어떤 외훈과 입정보 수정하시는 걸까요?,아/ 혹시 어떤 회원가입 정보 수정하시는 걸까요?,27,0.296296,5,3,0,3
S00001185_t0004,0004.wav,0,교육,가입할 때 필수 말고 선택인 해운 약간 있는데 제가 어제는 해운바이브 급하게 하느라고 그걸 다 동의실 표시했던 것 같은데 맞나요?,가입할 때 필수 말고 선택인 회원 약관이 있는데 제가 어제는 회원가입을 급하게 하느라고 그걸 다 동의를 표시했던 거 같은데 맞나요?,73,0.150685,10,1,0,0
S00001185_t0005,0005.wav,0,교육,약관동의 여부 체크 먼저 확인하겠습니다.,"아/ 네, 약관 동의+ 여+ 체크+ 동의 여부 체크 먼저 확인하겠습니다.",40,0.450000,0,18,0,6
S00001185_t0006,0006.wav,0,교육,"네, 아마 제가 다 동의한다고 푸시했거든요.","네+ 네, 아마 제가 다 동의한다고 표시했거든요.",27,0.148148,1,3,0,1
S00001185_t0008,0008.wav,0,교육,"네 김천수 2구 1,2304입니다.","네, 김철수이고, (1234)/(일 이 삼 사)입니다.",30,0.633333,8,11,0,2
S00001185_t0009,0009.wav,0,교육,아 네 확인 결과 모든 회원과임 약관 동의하셨습니다.,"아/ 네, 확인 결과, 모든 회원가입 약관 동의하셨습니다.",32,0.156250,2,3,0,0
S00001185_t0010,0010.wav,0,교육,제가 지금 약간 정확하게 기억이 안 나는데,"제가 지금 약관이 정확하게 기억이 안 나는데,",25,0.120000,1,2,0,0
S00001185_t0011,0011.wav,0,교육,가입의 거 필요한 비쥬적인 약관은 지금처럼 동의합니다. 지크를 동의하게 하고 바꾸고 싶은 부분이 그 마케팅을 이용해서 제 선거가 다른 곳에 전달되는 그 약간의 동의하지 않는다고 바꾸는 것 같거든요,"가입에 꼭 필요한 필수적인 약관은 지금처럼 동의합니다에 체크를 동일하게 하고, 바꾸고 싶은 부분이 그 마케팅 활용 관련해서 제 정보가 다른 곳에 전달되는 그 약관에 동의하지 않는다고 바꾸고 싶거든요.",111,0.198198,16,4,2,2
S00001185_t0012,0012.wav,0,교육,쇼링스톤이 가입할 때는 적었던 제 정보를 자승곳에도 제공하고 싶지 않아서 이걸 제일 먼저 확인해주시겠어요?,쉐어링 스터디 가입할 때 적었던 제 정보를 다른 곳에는 제공하고 싶지 않아서. 이걸 제일 먼저 확인해주시겠어요?,62,0.177419,6,4,1,2
S00001185_t0013,0013.wav,0,교육,아내 고객님 말씀해 주신 사항 우선적으로 변경 처리하겠습니다.,"네, 고객님 말씀 주신 사항 우선적으로 변경 처리하겠습니다.",33,0.090909,2,0,1,0
S00001185_t0014,0014.wav,0,교육,제가 어저께 급하게 현각을 하느라고 전체 동의에 체크했는데 처음 가입할 때 다 동의해야지 가입되는 줄 알고 착각했어요.,"제가 어제 급하게 회원가입을 하느라고 전체 동의에 체크했는데, 처음 가입할 때 다 동의해야지 가입되는 줄 알고, 착각했어요.",69,0.115942,3,4,1,0
S00001185_t0015,0015.wav,0,교육,이전에도 다른 기간의 스터디랑 이시네투스 인터넷강이 다른 사이트에 동의했다가 스펜저랑 문자가 너무 많이 와서 한동안 힘들었거든요.,"이전에도 다른 김가네 스터디랑, 이씨네투스 인터넷 강의 다른 사이트 동의했다가 스팸전화랑 문자가 너무 많이 와서 한동안 너무 힘들었거든요.",77,0.181818,7,6,1,2
S00001185_t0016,0016.wav,0,교육,이번에는 갈게 필요한 짱 그 만큼은 동의하고 싶어요.,이번에는 가입에 필요한 딱 그만큼만 동의하고 싶어요.,29,0.206897,4,1,1,1
S00001185_t0017,0017.wav,0,교육,아래 고객님 학생회원으로 어제 가입한 내역 확인되었고 전체 약관동이 취소됐습니다.,"네, 고객님. 학생회원으로 어제 가입하신 내역 확인되었고, 전체 약관 동의 취소되었습니다.",50,0.200000,5,5,0,1
S00001185_t0018,0018.wav,0,교육,그럼 저는 이용약간이랑 개인정보 필수 항목에 대한 처리 및 이용에 대한 필수항목 두 가지만 동의 된 거죠.,그럼 저는 이용약관이랑 개인정보 필수항목에 대한 처리 및 이용에 대한 필수 항목 (2가지)/(두 가지)에만 동의된 거죠?,67,0.208955,2,10,2,3
S00001185_t0020,0020.wav,0,교육,실수한의 필수 확목만 개인지정보 제공해 동의해서 제가 놓치는 혜택이나 불이익 같은 건 따로 없을까요?,최소한의 필수항목만 개인정보 제공에 동의해서 제가 놓치는 혜택이나 불이익 같은 건 따로 없을까요?,54,0.111111,4,0,2,1
S00001185_t0024,0024.wav,0,교육,"아, 그러면 그것만 될 정도로 동의할게요.",아/ 그러면 그것만 별도로 동의할게요.,21,0.190476,2,0,2,1
S00001185_t0025,0025.wav,0,교육,아내 고객님 수정했습니다.,"네, 고객님. 수정했습니다.",15,0.200000,2,1,0,0
S00001185_t0026,0026.wav,0,교육,"아 그리고 혹시 제가 쉐어링스터드의 자회사로 쉐링키즈, 쉐어닝 공무원, 쉐레인자격증 같이 다른 사이트도 인간듣기 좋은 곳이라고 친구한테 들었는데 같이 통화평가 입은 어렵나요?","아/ 그리고 혹시 제가 쉐어링 스터디 자회사로 쉐어링 키즈, 쉐어링 공무원, 쉐어링 자격증같이 다른 사이트도 인강 듣기 좋은 곳이라고 친구한테 들었는데 같이 통합회원 가입은 어렵나요?",102,0.166667,8,7,2,5
S00001185_t0027,0027.wav,0,교육,가입판 아이디로 같이 하나로 이용하면 여러 번 가입되지 않고 이용하기 편할 것 같은데 그런 느낌은 없나요?,가입한 아이디로 같이 다 (1)/(하나)로 이용하면 여러 번 가입하지 않고 이용하기 편리할 거 같은데 그런 루트 같은 건 따로 없나요?,75,0.280000,5,16,0,4
S00001185_t0029,0029.wav,0,교육,"아, 힘네요. 그럼 저는 가입할 때 제공된 정보가 이름 생년월일 아이디비율번호 휴대폰 번호만시얼 스포트에 제공한 거죠","아쉽네요. 그럼 저는 가입할 때 제공된 정보가 이름, 생년월일, 아이디, 비밀번호, 휴대폰 번호만 쉐어링 스터디에 제공한 거죠?",71,0.225352,6,8,2,3
S00001185_t0031,0031.wav,0,교육,해왕 가입할 때 추천인 아이디를 적으면 강의교재랑 이혼권 7인무도로 제공하는 이벤트는 아직 안 끝났어요?,"아/ 회원 가입할 때 추천인 아이디를 적으면, 강의 교재랑 이용권 (7일)/(칠 일) 무료로 제공하는 이벤트는 아직 안 끝났나요?",72,0.277778,6,14,0,4
S00001185_t0032,0032.wav,0,교육,"저는 그 이벤트 때문에 가입한 거라서 꼭 참여하고 싶거든요. 이게 지금 사이트를 보니까 선착수 만 명이라고 되어 있는데, 지금은 얼마나 참여했나요?","저는 그 이벤트 때문에 가입한 거라서 꼭 참여하고 싶거든요. 이게 지금 사이트를 보니까 선착순 (10000명)/(만 명)이라고 되어 있는데, 지금 얼마나 참여했나요?",92,0.141304,1,11,1,0
S00001185_t0033,0033.wav,0,교육,참여 댓글 보니까 참가사들이 많아서 종료되었는지 알고 싶은데 저도 아직은 참여할 수 있죠.,참여 댓글 보니까 참가자들이 많아서 종료되었는지 알고 싶은데. 저도 아직은 참여할 수 있죠?,51,0.058824,2,1,0,0
S00001185_t0034,0034.wav,0,교육,네 아직 참여 가능합니다,"네, 아직 참여 가능합니다.",15,0.133333,0,2,0,0
S00001185_t0035,0035.wav,0,교육,혹시 추천인을 중복으로 추첨 가능할까요?,혹시 추천인을 중복으로 추천 가능할까요?,22,0.045455,1,0,0,0
S00001185_t0036,0036.wav,0,교육,저한테 이거 추천한 친구가 여러 명이라서 친구 각각 다 적으면 강의교재 적은 ID스만큼 저한테 교재를 배송되나요?,저한테 이거 추천한 친구가 여러 명이라서 친구 각+ 각 다 적으면 강의 교재 적은 아이디 수만큼 저한테 교재 배송되나요?,67,0.134328,3,5,1,3
S00001185_t0038,0038.wav,0,교육,그럼 이거 교재나 강의는 따로 선택할 수가 있나요? 아직 많은 강의를 결장 건 아니고 하나 들어보고 나서 연관회원권으로 바꿀까 하는데,그럼 이거 교재나 강의는 따로 선택할 수가 있나요? 아직 많은 강의를 결제할 건 아니고 (1)/(하나) 들어보고 나서 연간 회원권으로 바꿀까 하는데.,83,0.132530,2,9,0,1
S00001185_t0039,0039.wav,0,교육,"저는 지금 제가 들을 강의에 교재랑 이 강의 에 대한 TV 이용권이 필요한 거라서, 제가 필요한 강의를 해당 넣어주시면 좋겠어요. 이것도 확인 가능하지도 말아주시겠어요?",저는 지금 제가 들을 강의에 교재랑 이 강의에 대한 (7일)/(칠 일) 이용권이 필요하거라서 제가 필요한 강의로 혜택 넣어주시면 좋겠어요. 이것도 지금 확인 가능한지 좀 알아봐 주시겠어요?,105,0.247619,9,14,3,6
S00001185_t0040,0040.wav,0,교육,안의 해당 부분은 이벤트 상세 페이지에 기재되어 있으며 교재랑 강의를 다 선택 가능합니다.,"해당 부분은 이벤트 상세 페이지에 기재되어 있으며, 교재와 강의 선택 가능합니다.",45,0.177778,1,1,6,2
S00001185_t0041,0041.wav,0,교육,"아, 되게 좋네요. 혹시 이 이벤트 언제까지 적용될까요? 주변에 저도 친구들이 많이 추천하고 소개하고 싶어서요",아/ 혜택이 좋네요. 혹시 이 이벤트 언제까지 적용될까요? 주변에 저도 친구들 많이 추천하고 소개하고 싶어서요.,62,0.096774,3,2,1,0
S00001185_t0042,0042.wav,0,교육,이벤트는 이번 달 31일까지 참여 가능합니다.,이벤트는 이번 달 (31일)/(삼십 일 일)까지 참여 가능합니다.,36,0.305556,0,11,0,2
S00001185_t0043,0043.wav,0,교육,친구 소개하면 제가 받는 일제기 기간이나 일정도 따로 정해져 있나요? 아까 중복은 해당되지 않는다고 해서 그럼 최대 몇 년까지 해당 되고 저한테 어떻게 적립이 되는지 알 수 있나요.,친구 소개하면 제가 받는 혜택의 기간이나 일정도 따로 정해져 있나요? 아까 중복은 해당되지 않는다고 해서 그럼 최대 몇 명 까지 해당되고 저한테 어떻게 적립이 되는지 알 수 있나요?,101,0.069307,5,1,1,2
S00001185_t0044,0044.wav,0,교육,소개건은 최대 5명까지 종립 가능합니다.,소개 건은 최대 (5명)/(다섯 명)까지 적립 가능합니다.,32,0.343750,1,10,0,2
S00001185_t0045,0045.wav,0,교육,다 가입하면 한 명당 저한테 들어오는 연장의 대결을 제가 중복없이 해염권에 넣어주신 건가요?,(5명)/(다섯 명)이 그럼 전부 다 가입하면 (1명)/(한 명)당 저한테 돌아오는 연장 혜택을 제가 중복 없이 제 회원권에 넣어주시는 건가요?,80,0.475000,7,30,1,6
S00001185_t0046,0046.wav,0,교육,어차피 기간이 중복되면 그게 별로 저한테 좋을 것 같지는 않아서,"어차피 기간이 중복되면 그게 별로 저한테 좋을 거 같진 않아서,",35,0.114286,2,1,1,0
S00001185_t0047,0047.wav,0,교육,5명 가입되면 50일을 제가 원하는 강의에서 연장할 수 있으면 좋겠거든요.,(5명)/(다섯 명) 가입하면 총 (50일)/(오십 일)을 제가 원하는 강의에서 연장할 수 있었으면 좋겠거든요.,62,0.354839,1,21,0,3
S00001185_t0049,0049.wav,0,교육,그럼 마지막으로 하나만 더 물어볼게요.,그럼 마지막으로 (1)/(하나)만 더 물어볼게요.,27,0.222222,0,6,0,0
S00001185_t0050,0050.wav,0,교육,이게 한 강의에 몰아서 해도 되고 아니면 개별적으로 각각 기간을 설정해서 선택도 가능한가요?,이게 한 강의에 몰아서 해도 되고 아니면 개별적으로도 각+ 각 기간 설정해서 선택도 가능한가요?,53,0.075472,0,3,1,1
S00001185_t0051,0051.wav,0,교육,"제가 듣는 강의가 지금 7, 5개가 넘어서 두려운 만큼 되는지 궁금해요.",제가 듣는 강의가 지금 최소 (5개)/(다섯 개)가 넘어서 필요한 만큼 되는지 궁금해요.,49,0.285714,5,9,0,1
S00001185_t0052,0052.wav,0,교육,와 내 원하시는 강이 원하는 날저만큼 선택할 수 있습니다.,원하시는 강의에 원하는 날짜만큼 선택할 수 있습니다.,29,0.241379,2,1,4,2
S00001185_t0054,0054.wav,0,교육,"네, 추가적인 문의상 있으면 언제든 문의부탁드립니다. 셰어링스터디 상담사 홍길동이었습니다 감사합니다",추가적인 문의 사항 있으면 언제든지 문의 부탁드립니다. 쉐어링 스터디 상담사 홍길동이었습니다. 감사합니다.,59,0.203390,2,7,3,4
S00001307_t0003,0003.wav,0,교육,어떤 회원 가입 정보를 수정하시는 걸까요?,어떤 회원 가입정보를 수정하시는 걸까요?,22,0.045455,0,0,1,1
S00001307_t0005,0005.wav,0,교육,약관 동의 여부 채트를 먼저 확인하겠습니다.,약관 동의 여부 체크를 먼저 확인하겠습니다.,24,0.083333,2,0,0,0
S00001307_t0007,0007.wav,0,교육,고객님 성함과 휴대폰 번호 뒤 4자리 부탁드립니다.,고객님 성함과 휴대폰 번호 뒤 네 자리 부탁드립니다.,29,0.068966,1,1,0,1
S00001307_t0009,0009.wav,0,교육,확인 결과 모든 회원 가임 약관에 동의하셨습니다.,확인 결과 모든 회원 가입 약관에 동의하셨습니다.,27,0.037037,1,0,0,0
S00001307_t0011,0011.wav,0,교육,쉐어링스터드 가입할 때 적었던 제 정도는 다른 곳에는 제공하고 싶지 않아서 이거 제일 먼저 확인해 주시겠어요?,쉐어링 스터디 가입할 때 적었던 제 정보를 다른 곳엔 제공하고 싶지 않아서. 어/ 이거 제일 먼저 확인해 주시겠어요?,65,0.153846,4,5,1,2
S00001307_t0023,0023.wav,0,교육,그러면 그 말 별도로 통해 할게요,아/ 그러면 그것만 별도로 동의할게요.,21,0.428571,4,4,1,3
S00001307_t0026,0026.wav,0,교육,가입판 아이돌을 같이 다 하나로 이용하면 여러 번 가입팔지 않고 이용하고 편리할 것 같은데 그런 루트 같은 건 따로 없나요?,가입한 (id)/(아이디)로 같이 다 하나로 이용하면 여러 번 가입하지 않고 이용하기 편리할 것 같은데. 그런 루트 같은 건 따로 없나요?,77,0.168831,5,8,0,0
S00001307_t0030,0030.wav,0,교육,회원 가입할 때 추천인 아이디를 적으면 강의교재랑 이용권 7인무료로 제공한 이벤트는 아직 안 끝났어요. 저는 그 이벤트때문에 가입한 거라서 꼭 참여하고 싶거든요,아/ 회원 가입할 때 그/ 추천인 (id)/(아이디)를 적으면 강의교재랑 이용권 칠일 무료로 제공하는 이벤트는 아직 안 끝났나요? 저는 그 이벤트 때문에 가입한 거라서 꼭 참여하고 싶거든요.,106,0.207547,5,17,0,4
S00001307_t0032,0032.wav,0,교육,참여 댓글 보니까 참가자들이 많아서 정료되는지 알고 싶은데 저도 아직은 참여할 수 있죠.,참여 댓글 보니까 참가자들이 많아서 종료됐는지 알고 싶은데 저도 아직은 참여 할수 있죠?,49,0.102041,5,0,0,2
S00001307_t0033,0033.wav,0,교육,"네, 아직 참여 가능합니다.","네, 아직 참여 가능합니다.",15,0.000000,0,0,0,0
S00001307_t0041,0041.wav,0,교육,이벤트는 이번 달 31일까지 참여 가능합니다.,이벤트는 이번 달 (31일)/(삼십 일 일)까지 참여 가능합니다.,36,0.305556,0,11,0,2
S00001307_t0044,0044.wav,0,교육,소기권은 최대 5명까지 정리 가능합니다.,소개 건은 최대 (5명)/(다섯 명)까지 적립 가능합니다.,32,0.437500,4,10,0,2
S00001307_t0047,0047.wav,0,교육,"아, 말씀 주신대로 가능합니다.",아/ 말씀 주신대로 가능합니다.,17,0.058824,1,0,0,0
S00001401_t0002,0002.wav,0,교육,네 안녕하세요 수고 많으십니다.,"네, 안녕하세요. 수고 많으십니다.",19,0.105263,0,2,0,0
S00001401_t0003,0003.wav,0,교육,"어제 가입할 때 체크했던 내용을 수정하려고 하는데, 어떻게 해야 되지요?",어제 가입할 때 체크했던 내용을 수정하려고 하는데 (어디서)/(어대서) 해야 되죠?,46,0.282609,5,7,1,2
S00001401_t0004,0004.wav,0,교육,이번 회원 가입 정보를 수정하시는 걸까요?,어떤 회원가입 정보를 수정하시는 걸까요?,22,0.136364,2,0,1,1
S00001401_t0005,0005.wav,0,교육,가입할 때 필수 말고 선택인 회원 약관이 있는데 제가 어제는 회원가입을 급하게 하더라고,가입할 때 필수 말고 선택인 회원 약관이 있는데 제가 어제는 회원가입을 급하게 하느라고,48,0.020833,1,0,0,0
S00001401_t0006,0006.wav,0,교육,그걸 다 동의 표시했던 것,그걸 다 동의 표시했던 것,14,0.000000,0,0,0,0
S00001401_t0007,0007.wav,0,교육,약간동의 여부 체크를 먼저 확인하겠습니다.,약관 동의 여부 체크를 먼저 확인하겠습니다.,24,0.083333,1,1,0,1
S00001401_t0008,0008.wav,0,교육,"네, 아마 제가 다 동의한다고 표시했거든요.","네+ 네, 아마 제가 다 동의한다고 표시를 했거든요?",29,0.206897,1,5,0,2
S00001401_t0009,0009.wav,0,교육,고위님 상황과 휴대폰 번호 뒤 네 자리 부탁드립니다.,고객님 성함과 휴대폰 번호 뒤 (4자리)/(네 자리) 부탁드립니다.,37,0.297297,3,8,0,0
S00001401_t0013,0013.wav,0,교육,가입에 꼭 필요한 비수 수익인 여권은 기본체를 동의합니다. 체크를,가입에 꼭 필요한 필수적인 약관은 지금처럼 동의합니다에 체크를,34,0.323529,9,0,2,1
S00001401_t0016,0016.wav,0,교육,제 정부가 다른 곳에 전달되는 그 약관의 동의하지 않는다고 바꾸고 싶거든요.,제 정보가 다른 곳에 전달되는 그 약관에 동의하지 않는다고 바꾸고 싶거든요?,42,0.071429,3,0,0,0
S00001401_t0017,0017.wav,0,교육,세어링스들이 가입할 때 적용한 지의 정보를,쉐어링 스터디 가입할 때 적었던 제 정보를,23,0.347826,6,1,1,1
S00001401_t0018,0018.wav,0,교육,다른 곳에는 제구하고 싶지 않았어요.,"다른 곳에는 제공하고 싶지 않아서,",19,0.263158,4,0,1,0
S00001401_t0019,0019.wav,0,교육,이걸 제일 먼저 확인해 주시겠어요?,이걸 제일 먼저 확인해 주시겠어요?,19,0.000000,0,0,0,0
S00001401_t0020,0020.wav,0,교육,네 고객님 말씀 주신 사항 우선적으로 변경해 처리해드리겠습니다.,네 고객님. 말씀주신 사항 우선적으로 변경해 처리해 드리겠습니다.,36,0.083333,0,2,1,2
S00001401_t0025,0025.wav,0,교육,너무 많이 왔어. 한번은 너무 힘들었거든요,너무 많이 와서 한동안 너무 힘들었거든요.,23,0.260870,4,1,1,0
S00001401_t0026,0026.wav,0,교육,가입이 필요한 딱 그만큼만 동의하고 싶어요.,이번에는 가입이 필요한 딱 그만큼만 동의하고 싶어요.,29,0.172414,0,5,0,1
S00001401_t0031,0031.wav,0,교육,최소한이 필상 오만 개인정보 제공에 동의했어요.,최소한의 필수 항목만 개인정보 제공에 동의해서,25,0.320000,5,1,2,0
S00001401_t0035,0035.wav,0,교육,그럼 가하게 가린 이벤트나 신규 강의 같은 핵득 또 증발 받기 어려웠나요?,그럼 가격 할인 이벤트나 신규강의 같은 혜택도 전달 받기 어렵나요?,37,0.351351,9,0,4,2
S00001401_t0036,0036.wav,0,교육,"네, 동의해 주시지 않으면 어렵습니다.","네, 동의 해주시지 않으면 어렵습니다.",21,0.095238,2,0,0,2
S00001401_t0037,0037.wav,0,교육,그래면 그것만 될도록 동의할게요.,아/ 그러면 그것만 별도로 동의할게요.,21,0.285714,3,3,0,1
S00001401_t0039,0039.wav,0,교육,우리의 목소리가 지금 이 자리에서 다가오는 것 같아요.,아/ 그리고 혹시 제가 쉐어링스터디 자회사로,24,1.000000,18,0,6,2
S00001401_t0044,0044.wav,0,교육,그런 노트 같은 건 나와봤나요?,그런 루트 같은 건 따로 없나요?,18,0.277778,4,1,0,1
S00001401_t0046,0046.wav,0,교육,그럼 지는 가입할 때 재홍된 정보가,그럼 저는 계+ 가입할 때 제공된 정보가,22,0.272727,3,3,0,1
S00001401_t0047,0047.wav,0,교육,이런 생명을 IDP 1번호,"이름 생년월일, 아이디, 비밀번호",18,0.611111,7,4,0,0
S00001401_t0058,0058.wav,0,교육,"네, 아직 참여 가능합니다.","네, 아직 참여 가능합니다.",15,0.000000,0,0,0,0
S00001401_t0059,0059.wav,0,교육,추천 가능할까요? 저한테 추천한 친구와,혹시 추천인을 중복으로 추천 가능할까요? 저한테 이거 추천한 친구가,37,0.459459,1,16,0,4
S00001401_t0060,0060.wav,0,교육,여러 명이라서 친구 각각 다 찍으면 강의 조제,여러 명이라서 친구 각각 다 적으면 강의 교재,25,0.120000,3,0,0,0
S00001401_t0063,0063.wav,0,교육,그럼 미국 교재나 강의는 따로 선택할 수 있나요?,그럼 이거 교재나 강의는 따로 선택할 수 있나요?,27,0.074074,2,0,0,0
S00001401_t0064,0064.wav,0,교육,아직 많은 강의를 결정은 안 돼,"아직 많은 강의를 결제한 건 아니고,",20,0.350000,4,3,0,0
S00001401_t0065,0065.wav,0,교육,하나 들어보고 나서 이 공간이 되었고 또 바꿀까 하는데,(1)/(하나) 들어보고 나서 연간 회원권으로 바꿀까 하는데,33,0.454545,6,6,3,2
S00001401_t0066,0066.wav,0,교육,지금 제가 들은 강의에 교재람 이 강위에 대한,저는 지금 제가 들을 강의의 교재랑 이 강의에 대한,28,0.250000,4,3,0,1
S00001401_t0067,0067.wav,0,교육,길을 이용군이 필요합니다.,(7일)/(칠 일) 이용권이 필요한 거라서,23,0.695652,7,9,0,2
S00001401_t0068,0068.wav,0,교육,얘가 필요한 강의로 대택 넣어주시면 좋겠어요.,제가 필요한 강의로 혜택 넣어주심 좋겠어요.,24,0.166667,3,0,1,0
S00001401_t0069,0069.wav,0,교육,이것도 지금 확인 가능한지 좀 알아 봐 주시겠어요?,이것도 지금 확인 가능한지 좀 알아봐 주시겠어요?,27,0.037037,0,0,1,1
S00001401_t0071,0071.wav,0,교육,아 햇빵이 좋네요 혹시 이벤트 언제까지 찍으면 될까요?,아/ 혜택이 좋네요. 혹시 이 이벤트 언제까지 적용이 될까요?,34,0.264706,5,4,0,1
S00001401_t0072,0072.wav,0,교육,"주위에 있는 젖은 친구들이 마닛, 사나고 속이 하고 싶으신..",주변에 저도 친구들이 많이 추천하고 소개하고 싶어서요.,30,0.600000,14,0,4,4
S00001401_t0073,0073.wav,0,교육,이벤트는 이번 달 31일까지 참여 가능합니다.,이벤트는 이번 달 (31일)/(삼십 일 일)까지 참여 가능합니다.,36,0.305556,0,11,0,2
S00001401_t0074,0074.wav,0,교육,친구 소개하면 제가 받는 혜택의 기간이나 일정도 따로 정의도 있나요?,친구 소개하면 제가 받는 혜택의 기간이나 일정도 따로 정해져 있나요?,38,0.052632,2,0,0,0
S00001401_t0075,0075.wav,0,교육,아까 중복원 해당되지 않는다고 해서 그럼 최대 몇 년까지 해당 되고 저한테 어떻게 정립이 되는지 알 수 있나요?,아까 중복은 해당되지 않는다고 해서 그럼 최대 몇명 까지 해당되고 저한테 어떻게 적립이 되는지 알 수 있나요?,61,0.081967,4,0,1,3
S00001401_t0077,0077.wav,0,교육,5명이 그럼 전부 다 가입하면 한 명당체에 돌아오면 연장 혜택을 제가 주룹없이,(5명)/(다섯 명)이 그럼 전부 다 가입하면 (1명)/(한 명)당 저한테 돌아오는 연장 혜택을 제가 중복없이,61,0.377049,5,18,0,2
S00001401_t0078,0078.wav,0,교육,대회원께는 넣어주시는 건가요?,제 회원권에 넣어주시는 건가요?,17,0.235294,3,1,0,1
S00001401_t0081,0081.wav,0,교육,제가 응원하는 강의에서 연장할 수 있는 건데,제가 원하는 강의에서 연장할 수 있는. 네?,24,0.166667,2,1,1,0
S00001401_t0083,0083.wav,0,교육,그럼 마지막으로 하나만 더 물어볼게요.,그럼 마지막으로 (1)/(하나)만 더 물어볼게요.,27,0.222222,0,6,0,0
S00001401_t0084,0084.wav,0,교육,이게 한강에 몰아쇠 해도 되고 아니면 개별적으로도,이게 (1강의)/(한 강의)에 몰아서 해도 되고 아니면 개별적으로도,37,0.297297,1,10,0,1
S00001401_t0085,0085.wav,0,교육,각각 기단에 설정해서 선택도 가능한가요?,각각 기간을 설정해서 선택도 가능한가요?,22,0.090909,2,0,0,0
S00001401_t0086,0086.wav,0,교육,제가 듣는 강의가 지금 최소 5개가 넘었어요.,제가 듣는 강의가 지금 최소 (5개)/(다섯 개)가 넘어서요.,34,0.323529,2,9,0,1
S00001401_t0087,0087.wav,0,교육,필요한 만큼 되는지 궁금합니다.,필요한 만큼 되는지 궁금해요.,16,0.187500,2,0,1,0
S00001401_t0088,0088.wav,0,교육,원하시는 강의에 원하는 내자만큼 선택할 수 있습니다.,원하시는 강의에 원하는 날짜만큼 선택 할 수 있습니다.,30,0.100000,2,1,0,1
S00001401_t0089,0089.wav,0,교육,네네. 확인 감사합니다,네+ 네. 확인 감사합니다.,15,0.200000,0,3,0,1
S00001485_t0001,0001.wav,0,교육,안녕하세요. 셰어링 스터디 상담원,안녕하세요. 쉐어링 스터디 상담원,18,0.055556,1,0,0,0
S00001485_t0002,0002.wav,0,교육,네 안녕하세요 수고가 많으십니다 어제 칼칼하게 테크했던 내용을 수정하려고 하는데 어디서 해야 되죠?,네 안녕하세요. 수고가 많으십니다. 어제 가입할때 체크했던 내용을 수정하려고 하는데 어디서 해야되죠?,56,0.142857,5,2,1,1
S00001485_t0003,0003.wav,0,교육,어떤 회원과의 정보를 수정하시는 걸까요?,어떤 회원가입 정보를 수정하시는 걸까요?,22,0.090909,2,0,0,0
S00001485_t0004,0004.wav,0,교육,하이팔때 필수 말고 선택인 해운약관이 있는데,가입할 때 필수말고 선택인 회원 약관이 있는데,25,0.320000,5,2,1,3
S00001485_t0005,0005.wav,0,교육,비가 어제는 현과에도 끝이 안 오라고 그걸 다 동의를 드시던 것 같아서요.,제가 어제는 회원가입을 급하게 하느라고 그걸 다 동의를 표시했던거 같아서요.,42,0.380952,15,1,0,4
S00001485_t0006,0006.wav,0,교육,약관 동의 여부를 먼저 확인하겠습니다.,약관 동의 여부를 먼저 확인하겠습니다.,21,0.000000,0,0,0,0
S00001485_t0007,0007.wav,0,교육,아마 제가 더 공유한다고 뜻이 있거든요.,"네+ 네, 아마 제가 다 동의한다고 표시했거든요?",27,0.518519,7,6,1,3
S00001485_t0008,0008.wav,0,교육,고객님 성함과 휴대폰 뒷자리 4 자리 부탁드립니다.,고객님 성함과 휴대폰 번호 뒤 (4자리)/(네 자리) 부탁드립니다.,37,0.324324,3,9,0,3
S00001485_t0009,0009.wav,0,교육,어... 확인 결과 모든 회원가입 약관에 동의하셨습니다.,"어/ 확인 결과, 모든 회원가입 약관에 동의하셨습니다.",30,0.133333,1,1,2,0
S00001485_t0010,0010.wav,0,교육,제가 지금 약관이 정확하게 기억이 안나는데 과일대 꼭 필요한 필수적인 약관은 지금처럼 동의합니다. 치크를 동일하게 하고,"제가 지금 약관이 정확하게 기억이 안나는데, 가입에 꼭 필요한 필수적인 약관은 지금처럼 동의합니다에 체크를 동일하게 하고,",68,0.102941,5,2,0,0
S00001485_t0011,0011.wav,0,교육,하고 싶은 부분이 그 마케팅 관련 관련해서,바꾸고 싶은 부분이 그 마케팅 활용 관련해서,24,0.166667,3,1,0,0
S00001485_t0012,0012.wav,0,교육,제정보가 다른 곳에 정달되는 그 약관의 동의하지 않는다고 바꾸고 싶거든요.,제 정보가 다른 곳에 전달되는 그 약관에 동의하지 않는다고 바꾸고 싶거든요.,42,0.071429,2,1,0,1
S00001485_t0013,0013.wav,0,교육,시어리 스토디카이패트에서 걷던 제 정보를 다른 곳에선 소음하고 싶지 않아서,쉐어링 스터디 가입할 때 적었던 제 정보를 다른 곳에는 제공하고 싶지 않아서.,43,0.348837,13,2,0,2
S00001485_t0014,0014.wav,0,교육,이거 이제 1분도 확인해주시겠어요?,이걸 제일 먼저 확인해주시겠어요?,18,0.333333,5,0,1,2
S00001485_t0015,0015.wav,0,교육,고객님 말씀 주신 사항 우선적으로 변경 처리하겠습니다.,고객님 말씀 주신 사항 우선적으로 변경 처리하겠습니다.,30,0.000000,0,0,0,0
S00001485_t0017,0017.wav,0,교육,선 가입할 때 다 동의해야지 가입되는 줄 알고 생각했어요,"처음 가입할 때 다 동의해야지 가입되는 줄 알고, 착각했어요.",34,0.147059,2,3,0,0
S00001485_t0018,0018.wav,0,교육,"이전에도 다른 긴간의 스터디랑 이시네투스, 인터넷강이 다른 사이즈 동의했다가 끝에는 전화 너무 많이 와서 한정은 너무 힘들었거든요.","이전에도 다른 김가네스터디랑, 이씨네투스 인터넷 강의 다른 사이트 동의했다가 스팸전화랑 문자가 너무 많이 와서 한동안 너무 힘들었거든요.",76,0.263158,13,5,2,2
S00001485_t0019,0019.wav,0,교육,이번에는 가입이 필요한 딱 그만큼만 동의하고 싶어요.,이번에는 가입에 필요한 딱 그만큼만 동의하고 싶어요.,29,0.034483,1,0,0,0
S00001485_t0021,0021.wav,0,교육,학생회원으로 어제 가입하신 내용 확인되었고,"어/ 학생회원으로 어제 가입하신 내역 확인되었고,",27,0.185185,1,4,0,1
S00001485_t0022,0022.wav,0,교육,전체 약관동이 취소되었습니다.,전체 약관 동의 취소되었습니다.,17,0.117647,1,1,0,1
S00001485_t0023,0023.wav,0,교육,그럼 저는 이용합관이랑 개인정부 필수 업목에 대한 살인 및 이용에 대한 필수업목 두 가지에만 동의 된거죠.,그럼 저는 이용 약관이랑 개인정보 필수항목에 대한 처리 및 이용에 대한 필수 항목 (2가지)/(두 가지)에만 동의 된거죠?,68,0.264706,7,10,1,3
S00001485_t0025,0025.wav,0,교육,최소한의 비서 악몽만 개인 정보질공에 동해해서 제가 놓치는 혜택이나 불이익 같은 건 따로 없을까요?,최소한의 필수항목만 개인정보 제공에 동의해서 제가 놓치는 혜택이나 불이익 같은건 따로 없을까요?,53,0.188679,6,1,3,4
S00001485_t0026,0026.wav,0,교육,개인정보 마케팅 및 광고 활용에 동의하지 않으셔서,개인정보 마케팅 및 광고 활용에 동의하지 않으셔서,27,0.000000,0,0,0,0
S00001485_t0027,0027.wav,0,교육,관련 이벤트 전달은 어렵습니다.,관련 이벤트 전달은 어렵습니다.,17,0.000000,0,0,0,0
S00001485_t0028,0028.wav,0,교육,그런 과격 할인이나 이벤트나 신규광이 같은 혜택도 전달받게 어렵나요?,"그럼 가격 할인이나, 이벤트나 신규 강의 같은 혜택도 전달 받기 어렵나요?",41,0.195122,5,3,0,2
S00001485_t0029,0029.wav,0,교육,"네, 동의해 주시지 않으면 어렵습니다.",네 동의해 주시지 않으면 어렵습니다.,20,0.050000,0,0,1,0
S00001485_t0030,0030.wav,0,교육,아 그러면 그것만 별도로 동의할게요.,아/ 그러면 그것만+ 그건만 별도로 동의 (할게요)/(할께요).,35,0.428571,0,15,0,2
S00001485_t0031,0031.wav,0,교육,네 고객님 수정했습니다.,네 고객님. 수정했습니다.,14,0.071429,0,1,0,0
S00001485_t0032,0032.wav,0,교육,"아 그리고 제가 혹시 제가 시어링 스터디 자회사로 시어린 키즈, 시어림 공모한, 시어링 자격증같이 다른 사이트도 인간 듣기 좋은 곳이라고 친구한테 들었는데","아/ 그리고 제가+ 혹시 제가 쉐어링스터디 자회사로 쉐어링키즈, 쉐어링공무원, 쉐어링자격증같이 다른 사이트도 인강듣기 좋은 곳이라고 친구한테 들었는데 같이",86,0.220930,9,5,5,6
S00001485_t0033,0033.wav,0,교육,같이 통합병 가입은 하겠나요?,혹시 통합회원 가입은 어렵나요?,17,0.352941,5,1,0,0
S00001485_t0034,0034.wav,0,교육,카이판 아이디로 같이 다 하나로 이용하면 여러 번 카이팟 하지 않고 이용하기 편리할 것 같은데,가입한 아이디로 같이 다 (1)/(하나)로 이용하면 여러번 가입하지 않고 이용하기 편리할거 같은데,54,0.296296,6,6,4,3
S00001485_t0035,0035.wav,0,교육,그런 류틀 같은 건 따로 없나요?,그런 루트 같은건 따로 없나요?,17,0.176471,2,0,1,1
S00001485_t0036,0036.wav,0,교육,해당 부분은 현재 논의 중이나,"네 해당 부분은 현재 농의+ 논의중이나,",22,0.318182,1,6,0,1
S00001485_t0037,0037.wav,0,교육,아직 토합회원 가입제도는 없습니다.,아직 통합회원 가입 제도는 없습니다.,20,0.100000,1,1,0,1
S00001485_t0038,0038.wav,0,교육,아쉽네요. 그럼 저는 가입할 때 제 옴된 정보가 이름 생년월일 아이디 비밀 번호 휴대폰 번호만 쇼리스터드에 제공한 거죠?,"아쉽네요. 그럼 저는 가입할때 제공된 정보가 이름, 생년월일, 아이디, 비밀번호, 휴대폰번호만 쉐어링 스터디에 제공한거죠?",68,0.220588,4,6,5,6
S00001485_t0041,0041.wav,0,교육,저는 그 이벤트 때문에 가입한 거라서 꼭 참미하고 싶거든요.,저는 그 이벤트 때문에 가입한거라서 꼭 참여하고 싶거든요.,32,0.062500,1,0,1,1
S00001485_t0042,0042.wav,0,교육,이게 지금 사이트를 보니까 손착순 만 명이라고 되어 있는데,"이게 지금 사이트를 보니까 선착순 (10000명)/(만 명)이라고 되어 있는데,",44,0.295455,1,12,0,0
S00001485_t0043,0043.wav,0,교육,지금 얼마나 큰일 있나요? 참여 댓글 보니까 참가자들이 많아서 종료되었는지 알고 싶은데,지금 얼마나 참여했나요? 참여 댓글 보니까 참가자들이 많아서 종료되었는지 알고 싶은데.,48,0.104167,3,1,1,1
S00001485_t0044,0044.wav,0,교육,저도 아직은 참여할 수 있죠.,저도 아직은 참여할 수 있죠?,16,0.062500,1,0,0,0
S00001485_t0045,0045.wav,0,교육,"네, 아직 참여 가능합니다.",네 아직 참여 가능하+ 가능합니다.,19,0.315789,0,5,1,1
S00001485_t0046,0046.wav,0,교육,"혹시 추천인을 중복으로 추첨 가능할까요? 저한테 이거 추천한 친구가 여러 명이라서, 친구 각각 다 적으면 광이 규제 적은 아이리스만큼 저에게 불제되나요.",혹시 추천인을 중복으로 추천 가능할까요? 저한테 이거 추천한 친구가 여러명이라서 친구 각각 다 적으면 강의 교재 적은 아이디 수만큼 저한테 교재 배송되나요?,87,0.206897,12,4,2,3
S00001485_t0047,0047.wav,0,교육,중복은 해당되지 않습니다.,중복은 해당되지 않습니다.,14,0.000000,0,0,0,0
S00001485_t0048,0048.wav,0,교육,그럼 미국 규제나 강의는 따로 선택할 수가 있나요?,그럼 이거 교재나 강의는 따로 선택할 수가 있나요?,28,0.142857,4,0,0,0
S00001485_t0049,0049.wav,0,교육,아직 많은 강의를 괴짜할 건 아니고 하나 들어보고 나서 연관 헤어콩으로 바꿀까 하는데,아직 많은 강의를 결제할 건 아니고 하나 들어보고 나서 연간 회원권으로 n/ 바꿀까 하는데.,51,0.196078,6,4,0,1
S00001485_t0050,0050.wav,0,교육,저는 지금 제가 드릴 광위에 그제랑 이 광유에 대한 치기 이용권이 필요한 거라서,저는 지금 제가 들을 강의에 교재랑 이 강의에 대한 (7일)/(칠 일) 이용권이 필요한 거라서,52,0.346154,10,8,0,1
S00001485_t0052,0052.wav,0,교육,해당 부분은 이벤트 상세 페이지에 기재되어 있으며,"해당 부분은 이벤트 상세 페이지에 기재되여+ 기재되어 있으며,",34,0.205882,0,7,0,1
S00001485_t0053,0053.wav,0,교육,교제와 각이 선택 가능합니다.,교재와 강의 선택이 가능합니다.,17,0.235294,3,1,0,0
S00001485_t0054,0054.wav,0,교육,"아, 혜택이 좋네요. 혹시 이벤트 언제까지 주면 될까요? 주변에 저도 친구들 많이 추천하고 소개 하고 싶어서요",아/ 혜택이 좋네요. 혹시 이 이벤트 언제까지 적용될까요? 주변에 저도 친구들 많이 추천하고 소개하고 싶어서요.,62,0.129032,3,3,2,3
S00001485_t0056,0056.wav,0,교육,친구 소개하는 제가 받는 혜택을 기간이나 일정도 따로 전해져 있나요?,친구 소개하면 제가 받는 혜택의 기간이나 일정도 따로 정해져 있나요?,38,0.078947,3,0,0,0
S00001485_t0057,0057.wav,0,교육,아까 중복은 해당되지 않는다고 해서 그런 최대 몇 년까지 해당 되고 저한테 어떻게 정립이 되는지 알 수 있나요?,아까 중복은 해당되지 않는다고 해서 그럼 최대 몇 명 까지 해당되고 저한테 어떻게 적립이 되는지 알 수 있나요?,62,0.080645,3,1,1,2
S00001485_t0058,0058.wav,0,교육,속이 거는 최대 5명까지 정립 가능합니다.,소개 건은 최대 (5명)/(다섯 명)까지 적립 가능합니다.,32,0.437500,5,9,0,1
S00001485_t0059,0059.wav,0,교육,5명이 그런 중보다 가입하면 한 명만 저한테 돌아오는 인간의 스텍을 제가 중복없이 제 휴양권에 넣어주시는 건가요?,(5명)/(다섯 명)이 그럼 전부 다 가입하면 (1명)/(한 명)당 저한테 돌아오는 연장 혜택을 제가 중복없이 제 회원권에 넣어주시는 건가요?,79,0.354430,10,17,1,2
S00001485_t0060,0060.wav,0,교육,어차피 기관이 중복되면 그게 들려줘한테 좋을 것 같지 않아서 사삼등 가입판은 총 50일을 제가 원하는 강의에서 인정할 수도 있나요?,"어차피 기간이 중복되면 그게 별로 저한테 좋을거 같지 않아서, (5명)/(다섯 명) 가입하면 총 (50일)/(오십 일)을 제가 원하는 강의에서 연장할 수 있나요?",90,0.366667,12,19,2,4
S00001485_t0061,0061.wav,0,교육,말씀 주신대로 가능합니다.,"네, 말씀주신대로 가능합니다.",16,0.250000,2,2,0,0
S00001485_t0062,0062.wav,0,교육,그럼 마지막으로 하나만 더 물어볼게요.,그럼 마지막으로 (1)/(하나) 만 더 물어볼게요.,28,0.250000,0,7,0,1
S00001485_t0066,0066.wav,0,교육,"네, 네. 확인 감사합니다",네네 확인 감사합니다.,12,0.333333,0,1,3,1
S00001485_t0067,0067.wav,0,교육,추가적인 문의 상황 있으시면 언제든지 문의를 부탁드립니다.,추가적인 문의 사항 있으면 언제든지 문의 부탁드립니다.,30,0.133333,2,0,2,0
S00001485_t0068,0068.wav,0,교육,치어링스터디 상담승,쉐어링스터디 상담사,10,0.200000,2,0,0,0
S00001793_t0001,0001.wav,0,교육,안녕하세요. 셰어링스터디 상담원 홍길동입니다,안녕하세요. 쉐어링 스터디 상담원 홍길동입니다.,26,0.115385,1,2,0,1
S00001793_t0002,0002.wav,0,교육,네 안녕하세요 수고가 많으십니다 어제 가입할 때 체크했던 내용을 수정하려고 하는데 어디서 해야 되죠?,네 안녕하세요 수고가 많으십니다. 어제 가입할 때 체크했던 내용을 수정하려고 하는데 어디서 해야 되죠?,57,0.017544,0,1,0,0
S00001793_t0003,0003.wav,0,교육,안에 어떤 회용 가입 정보를 수정하시는 걸까요?,아/ 네. 어떤 회원가입 정보를 수정하시는 걸까요?,28,0.250000,3,3,1,2
S00001793_t0005,0005.wav,0,교육,약관 동의 여부 체크를 먼저 확인하겠습니다.,약관 동의 여부 체크를 먼저 확인하겠습니다.,24,0.000000,0,0,0,0
S00001793_t0006,0006.wav,0,교육,"네, 아마 제가 다 동의한다고 표시했거든요.","네네, 아마 제가 다 동의한다고 표시했거든요.",25,0.040000,0,1,0,0
S00001793_t0007,0007.wav,0,교육,고객님 성함과 휴대폰 번호 뒤 4일짜리 부탁드립니다.,고객님 성함과 휴대폰 번호 뒤 (4자리)/(네 자리) 부탁드립니다.,37,0.270270,2,8,0,1
S00001793_t0009,0009.wav,0,교육,확인 결과 모든 회연 가입 야권에 동의하셨습니다.,"확인 결과, 모든 회원가입 약관에 동의하셨습니다.",27,0.185185,3,1,1,1
S00001793_t0013,0013.wav,0,교육,네 고객님 말씀 주신 사항 우선적으로 변경 처리하겠습니다.,네 고객님 말씀 주신 사항 우선적으로 변경 처리하겠습니다.,32,0.000000,0,0,0,0
S00001793_t0016,0016.wav,0,교육,"아, 네 고객님 학생회원으로 어제 가입하신 내역 확인되었고 전체 약관동의 취소되었습니다.","아/ 네 고객님. 학생회원으로 어제 가입하신 내역 확인되었고, 전체 약관 동의 취소되었습니다.",52,0.076923,1,3,0,1
S00001793_t0017,0017.wav,0,교육,그럼 저는 이용약관이랑 개인정보 필수 항목에 대한 처리 및 이용에 대한 필수항목 두 가지만 통이 된 거죠.,그럼 저는 이용약관이랑 개인정보 필수항목에 대한 처리 및 이용에 대한 필수 항목 (2가지)/(두 가지)에만 동의된 거죠?,67,0.223881,3,10,2,3
S00001793_t0019,0019.wav,0,교육,최소한의 필수 항목만은 개인정보제공에 동의해서 제가 놓치는 혜택이나 브릭 같은 건 따로 없을까요?,최소한의 필수항목만 개인정보 제공에 동의해서 제가 놓치는 혜택이나 불이익 같은 건 따로 없을까요?,54,0.111111,2,2,2,2
S00001793_t0020,0020.wav,0,교육,개인 정보 마케팅 및 광고 활용이 종이에지 않으셔서 관련한 이벤트 전달은 어렵습니다.,개인정보 마케팅 및 광고 활용에 동의하지 않으셔서 관련한 이벤트 전달은 어렵습니다.,46,0.108696,4,0,1,1
S00001793_t0021,0021.wav,0,교육,그럼 가격 할인 이벤트나 신규 강의 같은 혜택도 전달받기 어렵나요?,그럼 가격 할인 이벤트나 신규 강의 같은 혜택도 전달받기 어렵나요?,37,0.000000,0,0,0,0
S00001793_t0022,0022.wav,0,교육,"네, 동의해 주시지 않으면 어렵습니다.",네 동의해주시지 않으면 어렵습니다.,19,0.105263,0,0,2,1
S00001793_t0023,0023.wav,0,교육,그러면 그것만 별떠로 동의할게요.,아/ 그러면 그 것만 별도로 (동의할게요)/(동의할께요).,32,0.468750,1,14,0,2
S00001793_t0024,0024.wav,0,교육,네 고객님 수정했습니다.,네 고객님. 수정했습니다.,14,0.071429,0,1,0,0
S00001793_t0025,0025.wav,0,교육,"그리고 혹시 제가 세어링 스터디 잘 사로 세어린 키즈, 세어른 공무원, 세어 링 자격증 같이 다른 사이트도 인간 듣기 좋은 곳이라고 친구한테 들었는데.","아/ 그리고 혹시 제가 쉐어링 스터디 자회사로 쉐어링 키즈, 쉐어링 공무원, 쉐어링 자격증같이 다른 사이트도 인강 듣기 좋은 곳이라고 친구한테 들었는데 같이 통합회원 가입은 어렵나요?",102,0.313725,10,20,2,8
S00001793_t0026,0026.wav,0,교육,가입한 아이디로 같이 다 하나로 이용하면 여러 번 가입하지 않고 이용하는 게 편리할 것 같은데 그런 유튜브 같은 건 따로 없나요?,가입한 아이디로 같이 다 하나로 이용하면 여러 번 가입하지 않고 이용하기 편리할 거 같은데 그런 루트 같은 건 따로 없나요?,69,0.101449,4,0,3,1
S00001793_t0027,0027.wav,0,교육,해당 부분은 현재 논의 중이나 통합회연 가입 제도는 없습니다.,"네 해당 부분은 현재 논의+ 논의 중이나, 아직 통합회원 가입 제도는 없습니다.",44,0.250000,1,10,0,3
S00001793_t0028,0028.wav,0,교육,"아쉽네요. 그럼 저는 가입할 때 제공된 정보가 이름, 생년월일 아이비 비밀번호 휴대폰 번호만 쇠어랭스터드에 제공한 거죠?","아쉽네요. 그럼 저는 가입할 때 제공된 정보가 이름, 생년월일, 아이디, 비밀번호, 휴대폰 번호만 쉐어링 스터디에 제공한 거죠?",71,0.112676,4,4,0,1
S00001793_t0030,0030.wav,0,교육,"아, 해온 가입할 때 추천인 아이디를 적으면 강의 교재랑 이용권치를 무료로 제공하는 이벤트는 아직 안 끝났나요? 저는 그 이벤트때문에 가입한 거라서 꼭 참여하고 싶거든요.","아/ 회원 가입할 때 추천인 아이디를 적으면, 강의 교재랑 이용권 (7일)/(칠 일) 무료로 제공하는 이벤트는 아직 안 끝났나요? 저는 그 이벤트 때문에 가입한 거라서 꼭 참여하고 싶거든요.",106,0.150943,5,11,0,3
S00001793_t0031,0031.wav,0,교육,"이게 지금 사이트를 보니까 흔착은 1만 명이라고 되어 있는데, 지금 얼마나 참여했나요? 참여대결 보니까 참가자들이 많아서 종료되었는지 알고 싶은데 저도 아직은 참여할 수 있죠.","이게 지금 사이트를 보니까 선착순 만 명이라고 되어 있는데, 지금 얼마나 참여했나요? 참여 댓글 보니까 참가자들이 많아서 종료되었는지 알고 싶은데. 저도 아직은 참여할 수 있죠?",99,0.080808,5,2,1,1
S00001793_t0032,0032.wav,0,교육,네 아주 참여 가능합니다.,네 아직 참여 가능합니다.,14,0.071429,1,0,0,0
S00001793_t0033,0033.wav,0,교육,"혹시 추천인을 중복으로 추첨 가능할까요? 저한테 이거 추천한 친구가 여러 명이라서, 친구 각각 다 적으면 강이 교재에 적은 아이비스 만큼 저한테 교재대송되나요.",혹시 추천인을 중복으로 추천 가능할까요? 저한테 이거 추천한 친구가 여러 명이라서 친구 각각 다 적으면 강의 교재 적은 아이디 수만큼 저한테 교재 배송되나요?,88,0.113636,7,1,2,3
S00001793_t0034,0034.wav,0,교육,중복은 해당되지 않습니다.,중복은 해당되지 않습니다.,14,0.000000,0,0,0,0
S00001793_t0035,0035.wav,0,교육,그럼 이거 교재나 강의는 따로 선택할 수가 있나요? 아직 많은 강의를 절제할 거냐고 하나 들어보고 나서 연간 해운권으로 바꿀까 하는데.,그럼 이거 교재나 강의는 따로 선택할 수가 있나요? 아직 많은 강의를 결제할 건 아니고 하나 들어보고 나서 연간 회원권으로 바꿀까 하는데.,77,0.090909,5,2,0,1
S00001793_t0036,0036.wav,0,교육,"저는 지금 제가 들을 강의에 겨대란 이 강위에 대한 7.1 이용권이 필요한 거라서, 내가 필요한 강의로 헷갈려 주시면 좋겠어요 이것도 지금 확인 가능한지 좀 알아봐주시겠어요?",저는 지금 제가 들을 강의에 교재랑 이 강의에 대한 (7일)/(칠 일) 이용권이 필요한거라서 제가 필요한 강의로 혜택 넣어주시면 좋겠어요. 이것도 지금 확인 가능한지 좀 알아봐 주시겠어요?,105,0.219048,11,10,2,5
S00001793_t0037,0037.wav,0,교육,해당 부분은 이벤트 상세 페이지에 기대되어 있으며 교재와 강의 선택 가능합니다.,"해당 부분은 이벤트 상세 페이지에 기재되어 있으며, 교재와 강의 선택 가능합니다.",45,0.044444,1,1,0,0
S00001793_t0038,0038.wav,0,교육,아 해외팩이 좋네요. 혹시 이 이벤트 언제까지 적용될까요? 주변에 저도 친구들 많이 추천하고 소개하고 싶어서요,아/ 혜택이 좋네요. 혹시 이 이벤트 언제까지 적용될까요? 주변에 저도 친구들 많이 추천하고 소개하고 싶어서요.,62,0.080645,4,1,0,2
S00001793_t0039,0039.wav,0,교육,이벤트를 이번 달 31일까지 참여 가능합니다.,이벤트는 이번 달 (31일)/(삼십 일 일)까지 참여 가능합니다.,36,0.333333,1,11,0,2
S00001793_t0040,0040.wav,0,교육,친구 소개하면 제가 받는 혜택의 기관이나 일정도 따로 정해져 있나요? 아까 중복은 해당되지 않는다고 해서 그런 최대 몇 년까지 해당 되고 저한테 어떻게 적립이 되는지 알 수 있나요.,친구 소개하면 제가 받는 혜택의 기간이나 일정도 따로 정해져 있나요? 아까 중복은 해당되지 않는다고 해서 그럼 최대 몇 명 까지 해당되고 저한테 어떻게 적립이 되는지 알 수 있나요?,101,0.059406,4,1,1,2
S00001793_t0041,0041.wav,0,교육,소개권은 최대 5명까지 정리 가능합니다.,소개 건은 최대 (5명)/(다섯 명)까지 적립 가능합니다.,32,0.406250,3,10,0,2
S00001793_t0042,0042.wav,0,교육,다섯 명이 그럼 전부 가입하면 한 명당 채한테 돌아오는 연장 히택을 제가 중복없이 제 회원권에 넣어주시는 건가요?,(5명)/(다섯 명)이 그럼 전부 다 가입하면 (1명)/(한 명)당 저한테 돌아오는 연장 혜택을 제가 중복 없이 제 회원권에 넣어주시는 건가요?,80,0.237500,2,17,0,2
S00001793_t0043,0043.wav,0,교육,어차피 기간이 중복되면 그게 별로 저한테 좋을 것 같지는 않아서 5명 가입하면 총 50일을 제가 원하는 강의해서 연장할 수 있었으면 좋겠거든요.,"어차피 기간이 중복되면 그게 별로 저한테 좋을 거 같진 않아서, (5명)/(다섯 명) 가입하면 총 (50일)/(오십 일)을 제가 원하는 강의에서 연장할 수 있었으면 좋겠거든요.",98,0.234694,3,19,1,2
S00001793_t0044,0044.wav,0,교육,말씀 주신대로 가능합니다.,네 말씀 주신대로 가능합니다.,16,0.125000,0,2,0,1
S00001793_t0045,0045.wav,0,교육,그럼 마지막으로 하나만 더 물어볼게요. 이게 한 강의에 뭐라서 해도 되고 아니면 개별적으로도 각각 기간 설정에서 선택도 가능한가요? 제가 듣는 강의가 지금 최소 5개가 넘어서 필요한 만큼 되는지 궁금해요,그럼 마지막으로 하나만 더 (물어볼게요)/(물어볼께요). 이게 한 강의에 몰아서 해도 되고 아니면 개별적으로도 각각 기간 설정해서 선택도 가능한가요? 제가 듣는 강의가 지금 최소 (5개)/(다섯 개)가 넘어서 필요한 만큼 되는지 궁금해요.,133,0.172932,3,20,0,1
S00001793_t0046,0046.wav,0,교육,원하시는 강의에 원하시는 날짜만큼 선택할 수 있습니다.,원하시는 강의에 원하시는 날짜만큼 선택할 수 있습니다.,30,0.000000,0,0,0,0
S00001793_t0047,0047.wav,0,교육,"네, 확인 감사합니다.",네네 확인 감사합니다.,12,0.083333,1,0,0,0
S00001793_t0048,0048.wav,0,교육,추가적인 문의사항이 있으면 언제든지 문의부탁드립니다.,추가적인+ 추가적인 문의 사항 있으면 언제든지 문의 부탁드립니다. 쉐어링 스터디 상담사 홍길동이었습니다. 감사합니다.,65,0.584615,0,37,1,8
S00001915_t0037,0037.wav,0,교육,어쨌든 무선하셨는데 아니면 내 잘못이죠. 탈퇴처리라도 정확히 해주세요,어쨌든 뭐 써놨다는데 안 읽은 내 잘못이죠. 탈퇴 처리라도 정확히 해주세요.,42,0.261905,7,4,0,3
S00001926_t0009,0009.wav,0,교육,김담일 sadfsef요. 지금 정리금도 좀은 나눠있고 강의도 다 안 드는 거 몇 개 있어요,"김남일 (sadfSEF)/(에스 에이 디 에프 에스 이 에프요)요, 지금 적립금도 좀 남아있고 강의도 다 안 들은 거 몇 개 있어요.",74,0.500000,11,25,1,6
S00001926_t0011,0011.wav,0,교육,왜요? 그럼 제 돈을 그냥 거기서 다 가져간다 말씀이세요.,왜요? 그럼 제 돈을 그냥 거기서 다 가져간다는 말씀이세요?,33,0.060606,1,1,0,0
S00002037_t0002,0002.wav,0,교육,네 안녕하세요 지금 한국어학 인터넷 강의 듣고 있는데 문의들이라고 전화 드렸어요,안녕하세요 지금 한국어와 인터넷 강의 듣고있는데 문의드리려고 전화 드렸어요,41,0.170732,4,0,3,2
S00002037_t0003,0003.wav,0,교육,제가 노트북에서 지금 들으려고 하는데 광일을 들으려면 해당 프로그램을 설치해야 되더라고요.,제가 노트북에서 지금 들으려고 하는데 강의를 들으려면 해당프로그램을 설치해야 하더라구요,48,0.145833,5,0,2,1
S00002037_t0004,0004.wav,0,교육,"그래서 설치를 진행했는데, 설치를 완료 했는데 인터넷 카이니까 작동이 안 돼서 좀 여쭤보려고요. 왜 안되죠? 좀 알아봐주세요",그래서 설치를 진행했는데 설치를 완료 했는데 인터넷강의가 작동이 안되어서 좀 여쭤보려고요 왜 안되죠 좀 알아봐 주세요,65,0.169231,5,1,5,3
S00002037_t0005,0005.wav,0,교육,네 사실 전부 다 하셨나요?,"네, 설치 전부 다 하셨나요?",16,0.187500,2,1,0,0
S00002037_t0006,0006.wav,0,교육,"뜨는 거 다 설치했고요 필수 설치랑 선택설치 이렇게 총 4개인가? 뜨던데 저는 필수서치만 다운로드 했거든요. 더화 설치를 누르면 전부 한꺼번에 설치됐던대, 저는 필수넣지만 해야 하는 요소만 설치했어요",뜨는 거 다 설치했구요 설칠아 선택 설치 이렇게 총 네개인가 뜨던데 저는 필수요소지만 다운로드 했거든요 통합 설치를 누르면 전부 한꺼번에 설치 되던데 저도 필수 설치만 해야하는 요소만 설치했어요,108,0.222222,15,3,6,5
S00002037_t0007,0007.wav,0,교육,원래는 귀찮아서 그냥 한번에 설치드리도록 통합설치하는데 그 과정에서 저번에 노트북이 많이 미뤄졌거든요 그래서 선택설트로 안했어요 어차피 필수로 해야한 것만 했으면 상관없는거죠,원래는 귀찮아서 그냥 한 번에 설치되도록 통합 설치된 한데 그 과정에서 저번에 노트북이 많이 늦어졌거든요 그래서 선택 설치를 안 했어요 어차피 필수로 해야 하는 것만 했으면 상관없는거죠,103,0.155340,8,7,1,6
S00002037_t0008,0008.wav,0,교육,키스는 다 하신 건가요?,필수는 다 하신 건가요?,13,0.153846,2,0,0,0
S00002037_t0009,0009.wav,0,교육,"네, 피윤스로 뜨는거 전부 다 했다니까요. 그런데 다음으로 진행이 안되네요 계속해서 설치하라는 문구가 당기창에 계속 떠요 설치는 다 했는데",트윈스로 뜨는 것을 전부 다 했다니까요 그런데 다음으로 진행이 안되네요 계속해서 설치하라는 문구가 담긴 창이 계속떠요 설치는 다 했는데,75,0.186667,6,3,5,4
S00002037_t0010,0010.wav,0,교육,손이 치고 안된 것 같습니다.,설치가 안 된 것 같습니다,14,0.428571,2,1,3,2
S00002037_t0011,0011.wav,0,교육,설치 다 했는데요 그게 안 되는 이유가 설치문제 외도 다른 이유는 없는 건가요?,솔직히 다 했는데요 그게 안되는 이유가 설치 문제 외에도 다른 이유는 없는 건가요,45,0.155556,2,3,2,2
S00002037_t0013,0013.wav,0,교육,혹시 노트북이 아니라 그냥 PC에서 하면 되거나 그런 건 없나요? 사양 문제라든지 용량 문제 라든지... 그런건 전혀 없는 건가요? 그런거면 다른 방법을 십소해 부르구요,혹시 노트북이 아니라 그냥 피씨에서는되거나 그런건 없나요 사양 문제라든지 용량 문제라든지 그런 건 전혀 없는 건가요 그런가 하면 다른 방법을 시도해 보려구요,87,0.241379,8,3,10,6
S00002037_t0015,0015.wav,0,교육,노트북 켰고요 똑같이 동영상 강의 시작하는지 하도록 진행해볼게요 로고인하고 다음 받은 목록으로 들어가서 플레이버튼 누르는 거 맞죠?,제가 지금 노트북쿨러 똑같이 동영상 강의 시작하는데 하도록 진행해볼게요 로그인하고 다운 받은 목록으로 들어가서 플레이 버튼 누르는거 맞죠,76,0.210526,9,5,2,3
S00002037_t0017,0017.wav,0,교육,토익 600번 강의인데 지금 제일 첫 번째 오리엔티지션 강의를 플레이 붙을게요,토익 육백 번 강의인데 지금 제일 첫번째 강의 오리엔테이션 강의 플레이버튼 누를게요,46,0.304348,9,4,1,1
S00002037_t0018,0018.wav,0,교육,"플레이버튼을 누르는데 프로그램 설치가 필요하다는 창이 계속 떠서 다음 눌러서 설치 시행까지 왔어요. 저번이랑 똑같아요 보통 네이버나 다음 같은 데 동영상 재생 출발, 액티브랑 비슷해요",플레이버튼 눌렀는데 프로그램 설치가 필요하다는 창이 계속 떠서 단 눌러서 설치 지금까지 왔어요 저번이랑 똑같아요 보통 네이버나 다음 같은 데 동영상 재생 툴바 액티브랑 비슷해요,98,0.112245,7,0,4,0
S00002037_t0020,0020.wav,0,교육,그런데 제가 두세 번 정도 설치를 해봤거든요 아까 말씀드렸으시니 자꾸 설치를 하는데도 안 되서요,그런데 제가 두세 번 정도 설치를 해 봤거든요 아까 말은 말씀드렸듯이 자꾸 설치를하는데도 안되서요,54,0.166667,2,4,3,4
S00002037_t0021,0021.wav,0,교육,"그런데 노트북 자체에 프로그램 설치가 된 게 맞는 것 같아요. 왜냐하면 설치하려는 프로그램이 이미 설치되어 있는 문구가 뜨고요, 삭제하고 재설치할지 덕버스일 지 선택하라는 상위 떠요 어떤 것이인지 아시죠?",그런데 노트북 자체 프로그램 설치가 된 게 맞는 것 같아요 왜냐하면 설치하려는 프로그램이 설치되어 있는 문구가 뜨고요 삭제하고 재설치 할지 덮어씌우지 선택하라는 창이 떠요 어떤 것인지 아시죠,106,0.150943,6,1,9,3
S00002037_t0022,0022.wav,0,교육,이런 문구가 뜬 거면 제 노트북이 어떤 문제가 있는 거지 아니라 인간 홈페이지 쪽 문제가 있는 거 아닌가요? 아니면 혹시 선택 설치까지 다 설치해야 하는 건가요? 불안해서 그러는데 그건 싫은데 왜 이런 거죠,그런데 왜 이런 문구가 뜬 거면 제 노트북에 어떤 문제가 있는 것이 아니라 인간 홈페이지 쪽 문제가 있는것 아닌가요 아니면 혹시 선택 설치까지 전부 다 설치해야하는건가요 불안해서 그러는데 그거 싫은데 왜 이런거죠,118,0.169492,5,9,6,7
S00002037_t0023,0023.wav,0,교육,선택을 지도 하실 것을 권해 드립니다.,선택 스위치로 하실 것을 권유드립니다,20,0.400000,5,1,2,3
S00002037_t0024,0024.wav,0,교육,3층 설치도 해야 한다고요? 저번에 뭐 모르고 다 설치했다가 노트북이 엄청 느려져서 불안한데요,선택 설치도 해야 한다고요 저번에 뭐 모르고 다 설치했다가 노트북이 엄청 느려져서 불안한데요,51,0.058824,2,0,1,0
S00002037_t0025,0025.wav,0,교육,제가 아까 주변 진인한테 물어봤는데 제 노트북의 기본적인 프로그램이 안 깔려 있어서 그럴 수 있다고 하는데 그래서 선택 설치를 하는 게 안되서 그럴 수도 있다네요. 그러니까 저는 선택설치 우선까지 다 통화 설치하는게 좋겠네요,제가 아까 주변 지인한테 물어봤는데 제 노트북의 기본적인 프로그램이 안 깔려있어서 그럴수 있다고 하는데 그래서 선택 설치를 하는 게 안 돼서 그럴 수 있다네요 그러니까 저는 선택 설치 요소까지 다 통합 설치하는게 좋겠네요,123,0.089431,5,2,4,4
S00002037_t0026,0026.wav,0,교육,그렇군요 감사합니다. 그럼 제가 한번 더 시도해보고 그때 안 되면 또 문이 젖어 주실게요,b/ 그렇군요. 감사합니다. 그럼 제가 (1번)/(한드포) 더 시도해 보고 안되면 또 문의 전화드릴게요.,58,0.431034,8,13,4,3
S00002077_t0002,0002.wav,0,교육,저 민지영 선생님 강이 없으셨나요?,저 @민지영선생님 강의 없어졌나요?,19,0.263158,3,1,1,1
S00002077_t0003,0003.wav,0,교육,아.. 전 그분간이 들으려고 다 가입했던 건데 다시 안 하시는 건가요?,전 그분 강의 들으려고도 가입했던 건데 다시 안하시는 건가요,33,0.333333,3,1,7,4
S00002077_t0005,0005.wav,0,교육,그럼 저 탈퇴 할래요? 탈태 어떡해요,그러면 저 탈퇴할래요. 탈퇴 어떻게 해요?,23,0.391304,4,4,1,2
S00002077_t0006,0006.wav,0,교육,옴페이지에서 가능하십니다.,홈페이지에서 가능 하십니다,14,0.214286,1,1,1,1
S00002077_t0007,0007.wav,0,교육,첼케어에 남아있는 수강금액 다 환들 가능한 거죠 바로 돌아오나요?,탈퇴하면 남아있는 수강 금액 다 환불 가능한거죠 바로 들어오나요,35,0.285714,7,1,2,2
S00002077_t0008,0008.wav,0,교육,성함과 아이디 부탁드립니다.,성함과 아이디 부탁드립니다,14,0.071429,0,0,1,0
S00002077_t0011,0011.wav,0,교육,왜요? 그럼 제 돈을 그냥 가져간다는 말씀이세요.,왜요 그럼 제 돈은 그냥 거기서 다 가져간다는 말씀이세요,31,0.290323,1,6,2,2
S00002077_t0012,0012.wav,0,교육,이벤트로 지급받으신 정립금은 탈퇴시 손해됩니다.,이벤트로 지급받으신 적립금은 탈퇴시 소멸됩니다,25,0.160000,3,0,1,0
S00002077_t0013,0013.wav,0,교육,제 돈들인 게 아니라서 그런 건가요? 너무 치사하네요. 그럼 수강금액은요? 신청한 지 일주일 안 됐으니까 한별 가능하죠,제 돈 들인 게 아니라서 그런건가요 너무 치사하네요 그럼 수건 금액은요 신청한지 일주일 안됐으니까 환불가능하죠,61,0.196721,3,2,7,6
S00002077_t0014,0014.wav,0,교육,강기 30% 이상 수방가 있어서 안됩니다.,어/ 강의 (30%)/(삼십 퍼센트)이상 수강하셔서 안됩니다.,34,0.558824,4,13,2,2
S00002077_t0015,0015.wav,0,교육,아니 30초의 센트도 안 들어보고 그 강의가 어떤 거 아닌지 어떻게 알아요. 그 정도는 봐야지 들을만한 줄 알죠?,아니 (30%)/(삼십 퍼센트)도 안 들어보고 그 강의가 어떤 강의인지 어떻게 알아요. 그 정도는 다 봐야지 들을만 한지 알죠.,71,0.267606,9,9,1,4
S00002077_t0017,0017.wav,0,교육,전체 금액 아니라 나머지 70%만큼이라도 대사인으로 돌려주면 안 돼요? 내가 안되는 부분까지 무담하는 건 너무 불합니,전체 금액 아니라 나머지 (70%)/(칠십 퍼센트) 그만큼이라도 대상에서 돌려주면 안돼요? 내가 안 들은 부분까지 부담하는 건 너무 불합리,77,0.298701,7,14,2,4
S00002077_t0019,0019.wav,0,교육,그런게 어디있어요? 그런건 미리 말을 해줬어야죠 알았으면 그렇게 많이 신청 안했죠,그런게 어딨어요 그런 거 미리 말을 해줬어야죠 알았으면 그렇게 많이 신청을 했죠,44,0.159091,4,1,2,3
S00002077_t0020,0020.wav,0,교육,방신청홍 홍배지에 나와 있습니다.,강의 신청페이지에 나와있습니다,16,0.562500,7,0,2,3
S00002077_t0021,0021.wav,0,교육,아니 누가 그런 어릴리에 다 보고 신청을 해요 그렇게 주명은 강의 처음이나 중간에 고지해줘야죠 그리고 경증사인 시안스쿨은 강의를 얼마 들었던 남은 부분에 대해서 함부를 해주던데 여긴 왜 안 해줘요 하다 보태 에더위리나 맥카 스터디도 다 함불해줘요 왜 여기만 못해주는거예요?,아니 누가 그런 걸 일일이 다 보고 신청을 해요 그렇게 중요한 건 강의 처음이나 중간에 고치 해줘야죠 또 경쟁사인 시언 스쿨은 강의를 얼마나 들었던 남은 부분에 대해서 환불을 해주던데 예를 들면 안 해줘요 하다못해 매도인이나 메카스터디도 다 환불해줘요왜 여기만 못 해준다는 거예요,156,0.269231,26,10,6,9
S00002077_t0023,0023.wav,0,교육,글쎄요. 그럼 나 필요 없어요. 저 여기 덩이 떨어져서 안 쓰려니까 그냥 탈퇴할 테니깐 탈투시켜주세요,아 됐어요 그럼 다 필요 없어요 동떨어져서 안 쓸라니까 그냥 탈퇴할테니까 탈퇴시켜주세요,48,0.416667,10,1,9,5
S00002077_t0024,0024.wav,0,교육,홈페이지에서 직접 진행 가능하십니다.,홈페이지에서 직접 진행 가능하십니다,19,0.052632,0,0,1,0
S00002077_t0025,0025.wav,0,교육,내가 또 홈페이지 로글나고 그래야되요? 왜 이렇게 사람은 법무롭게 해요. 그냥 이렇게 해주세요,아니 내가 또 홈페이지 로그인 하고 그래야 돼요 왜 이렇게 사람을 번거롭게요 그렇게 해주세요,51,0.372549,8,5,6,5
S00002077_t0026,0026.wav,0,교육,직접 하셔야 됩니다,직접 하셔야 됩니다,10,0.000000,0,0,0,0
S00002077_t0027,0027.wav,0,교육,갑자기 이런 함물 안 돼서 짜증나는데 더 짜증말을 하지 마시고 그냥 좀 해주세요. 안 되는 다 되는데 여기랑 안되는 게 이렇게 많아요,갑자기 이런 환불 안돼서 짜증 나는데 더 짜증 나게 하지 마시고 그냥 좀 해주세요. 딴 데는 다 되는데 여기는 안 되는 게 이렇게 많아요?,77,0.155844,7,4,1,4
S00002077_t0029,0029.wav,0,교육,"어, 문자 왔다. 뭐 이상한 주소 같은 거 같은데? 이걸로 어떡해요",어/ 문자왔다. 뭐 이상한 주소같은거 왔는데 뭐/ 이걸로 어떻게요?,37,0.324324,6,3,3,4
S00002077_t0030,0030.wav,0,교육,얼링크 눌러서 인증 부탁드립니다.,링크 눌러서 인증 부탁드립니다,16,0.125000,0,0,2,0
S00002077_t0031,0031.wav,0,교육,"네, 했어요. 이제 다 됐는 거예요? 더 이상 봉오를 까지 않았을 수 있겠네요",네 했어요 이제 다 된 건가요 더이상 번거롭게 하지 않았으면 좋겠네요,38,0.447368,10,1,6,2
S00002077_t0032,0032.wav,0,교육,하루 정도 소요됩니다.,하루정도 소요됩니다,10,0.200000,0,0,2,1
S00002077_t0033,0033.wav,0,교육,알겠어요. 화내서 미안해요 내가 아가씨한테 뭐라고 하는게 아니고 입장 바꿔서 생각해보면 아가시가 좀 화가 안나겠어요,알겠어요. 화내서 미안해요. 내가 아가씨한테 뭐라 하는게 아니고 입장 바꿔 생각해보면 아가씨같으면 화 안 나겠어요?,64,0.156250,4,3,3,2
S00002077_t0034,0034.wav,0,교육,이럴 줄 아셨으면 그렇게 강의 심통 많이 하지 말거야 저는 들을만큼만 내고 나머지는 돌려봐줄 수 있는 줄 알았어요,이럴 줄 알았으면 그렇게 강의 신청 많이 하지 말걸. 저는 들은 만큼만 내고 나머지는 돌려받을 수 있는 줄 알았어요.,65,0.169231,9,2,0,1
S00002077_t0036,0036.wav,0,교육,혹시 나중에 재생활이 될 때 문제되는 건 아닌가요?,혹시 나중에 재가입할 때 문제되는 것 아닌가요,25,0.280000,4,0,3,1
S00002077_t0037,0037.wav,0,교육,알겠어요 수고하세요,알겠어요 수고하세요,10,0.000000,0,0,0,0
S00002125_t0001,0001.wav,0,교육,안녕하세요 상담사 김윤수입니다.,안녕하세요상담사 김민서입니다,15,0.266667,2,0,2,1
S00002125_t0002,0002.wav,0,교육,네 안녕하세요 지금 한국어학 인터넷 강의 듣고 있는데 문의들이라고 전화드렸어요,네 안녕하세요 지금 한국어와 인터넷 강의 듣고있는데 문의드리려고 전화 드렸어요,43,0.139535,4,1,1,2
S00002125_t0003,0003.wav,0,교육,제가 노트북에서 지금 들으려고 하는데 강의를 들으려면 해당 프로그램을 설치해야 되더라고요.,제가 노트북에서 지금 들으려고 하는데 강의를 들으려면 해당 프로그램을 설치해야되더라구요,48,0.062500,1,0,2,1
S00002125_t0004,0004.wav,0,교육,"그래서 설치를 진행했는데, 설치를 완료해도 인터넷 강의가 작동이 안 돼서 좀 여쭤보려구요. 왜 안 돼도? 좀 알아봐주세요",그래서 설치를 진행했는데 설치를 완료해도 인터넷강의가 작동이 안되서 좀 여쭤보려고요 왜 안되도좀 알아봐주세요,60,0.166667,3,0,7,4
S00002125_t0005,0005.wav,0,교육,네 설치 전부 다 하셨나요?,네 설치 전부 다 하셨나요,14,0.071429,0,0,1,0
S00002125_t0006,0006.wav,0,교육,네 뜨는 거 다 설치했고요 필수 설치랑 선택 설치 이렇게 총 4개인가 뜨던데 저는 필수설치만 다운로드 했거든요 통화 설치를 누르면 전부 한꺼번에 설치가 되던대 저는 필 수 설치를 해야 하는 요소만 설치했어요,네드는거 다 설치했구요 필수 설치령 선택 설치 이렇게 총 네개인가 뜨던데 저는 필수 설치만 다운로드 했거든요 통합 설치를 누르면 전부 한꺼번에 터치가 되던데 저는 필수 설치를 해야하는 요소만 설치했어요,112,0.107143,7,1,4,5
S00002125_t0007,0007.wav,0,교육,원래는 귀찮아서 그냥 한 번에 설치되도록 통합설치를 하는데 그 과정에서 저번의 노트북이 많이 느려졌거든요. 그래서 선택 설치는 안 했어요 어차피 필수로 해야 하는 것만 했으면 상관없는 거죠,원래는 귀찮아서 한번에 설치되도록 통합 설치를 하는데 그 과정에서 저번에 노트북이 많이 느려졌거든요 그래서 선택 설치는 안했어요 어차피 필수로 선택 하는 것만 했으면 상관없는거죠,99,0.111111,3,1,7,5
S00002125_t0009,0009.wav,0,교육,네 필수로 뜨는 건 전부 다 했다니까요. 그런데 다음으로 진행이 안 돼요 계속해서 설치하라는 문구가 담긴 창이 계속 떠요 설치는 다 했는데,필수로 뜨는건 전부 다 했다니까요 그런데 다음으로 진행이 안되요 계속해서 설치하라는 문구가 담긴 창이 계속 떠요 설치는 다 했는데,72,0.083333,1,0,5,3
S00002125_t0010,0010.wav,0,교육,솔직히 만든 것 같습니다.,설치가 안 된 것 같습니다,14,0.500000,5,1,1,1
S00002125_t0011,0011.wav,0,교육,설치를 다 했는데요 그게 안 되는 이유가 설치 문제에 다른 이유는 없는 건가요?,결제를 다 했는데요 그게 안되는 이유가 설치 문제 외에 다른 이유는 없는 건가요,44,0.136364,2,2,2,2
S00002125_t0013,0013.wav,0,교육,혹시 노트북이 아니라 그냥 일반 PC에서 하면 되거나 그런 건 없나요? 사양 문제라든지 용량 문제 라던지 그런건 전혀 없는건가요? 그런거면 다 선방법을 시도해 보려구요,혹시 노트북이 아니라 그냥 일반 피씨에서 하면 되거나 그런건 없습니다없나요 사양 문제라든지 용역 문제라든지 그런 건 전혀 없는 건가요 그런 거면 다선 방법을 시도해 보려구요,96,0.177083,8,6,3,7
S00002125_t0014,0014.wav,0,교육,그럼 제가 지금 다시 한번 확인해 볼게요. 잠시만요,그럼 제가 지금 다시 한번 확인해 볼게요 잠시만요,27,0.037037,0,0,1,0
S00002125_t0015,0015.wav,0,교육,제가 지금 노트북 켰고요 똑같이 동영상 강의 시작하도록 진행해 볼게요 로그인하고 다운받은 목록으로 들어가서 플레이 버튼 누르는 거 맞죠?,제가 지금 노트북 켰고요 똑같이 동영상 강의 시작하도록 진행해볼게요 로그인 하고 다운받은 목록으로 들어가서 플레이 버튼 누르는거 맞죠,74,0.054054,0,1,3,3
S00002125_t0017,0017.wav,0,교육,내 소익 600반 강의인데 지금 제일 첫번째 강이 오리엔테이션 강의 플레이 버튼을 누를게요.,내 토익 육백 번 강의인데 지 지금 제일 첫번째 강의 오리엔테이션 강의 플레이버튼 누를게요 네,52,0.230769,7,3,2,4
S00002125_t0018,0018.wav,0,교육,플레이버튼을 눌렀는데 프로그램 설치자가 필요하다는 창이 떠서 계속 다음 눌러서 설치 지는 까지 왔어요 저번이랑 똑같아요 보통 네이버나 방한같은 데 동영상 재생 출편이나 액티브론 비슷해요,플레이버튼 눌렀는데 프로그램 설치가 필요하다는 창이 떠서 계속 다음 눌러서 설치 진행까지 왔어요 저번이랑 똑같아요 보통 네이버나 다음 같은 데 동영상 재생불편한 액티브 비슷해요,98,0.132653,6,1,6,3
S00002125_t0019,0019.wav,0,교육,필수 설치가 두 개구요 선택설치가 2개고 각각 설치할 수 있고 통화 설치를 누르면 한꺼번에 설치된다 어떠네요? 여기서 저는 필수설치 각각 눌러서 설치했었어요,필수 설치가 두개구요 선택설치가 두 개고 각각 설치할 수 있고 통합 설치를 누르면 한꺼번에 설치가 된다고 뜨네요 여기서 저는 필수 설치 각각 눌러서 설치했었어요,89,0.123596,5,4,2,6
S00002125_t0020,0020.wav,0,교육,그런데 제가 두세 번 정도 더 설치를 해봤거든요. 아까 말씀드렸듯이 자꾸 설치를 하는데도 안 되서요,그런데 제가 두세번 정도 더 설치를 해 봤거든요 아까 말씀드렸듯이 자꾸 설치를하는데도 안되서요,52,0.096154,0,1,4,4
S00002125_t0021,0021.wav,0,교육,"그런데 노트북 자체의 프로그램은 설치가 된 게 맞는 것 같아요. 왜냐하면, 설치를 하려는 프로그램이 이미 설치되어있다는 문구가 뜨고요. 탁재하고 재설치할지 덮어 씌울 지 선택하려는 창이 떠요 어떤 건 줄 아시죠?",그런데 노트북 자체 프로그램을 설치가 된 게 맞는 것 같아요 왜냐하면 설치를 하려는 프로그램이 이미 설치되어 있다는 문구가 뜨구요 삭제하고 재설치 할지 덮어씌우지 선택 하라는 창이 떠요 어떤 건지 아시죠 네,115,0.165217,8,4,7,7
S00002125_t0022,0022.wav,0,교육,이런 문구가 뜨는 거면 제 노트북에 어떤 문제가 있는 것이 아니라 인간 홈페이지 쪽의 문제가 있는 건 아닌가요? 아니면 혹시 선택 설치까지 전부 다 설치해야 하는 건가요? 불안해서 그런 건 싫은데 왜이런 거죠,이런 문구가 뜨는 거면 제 노트북에 어떤 문제가 있는 것이 아니라 인간 홈페이지 쪽에 문제가 있는 것 아닌가요 아니면 혹시 설택 선택 설치까지 전부 다 설치해야하는건가요 불안해서 그런 건 싫은데 왜 이런거죠,115,0.095652,2,4,5,5
S00002125_t0023,0023.wav,0,교육,선택사시도 하실 것을 권유해줍니다.,선택 잘 지도하실 것을 권유드립니다,19,0.421053,6,1,1,3
S00002125_t0024,0024.wav,0,교육,선택 설치도 해야 한다고요? 저번에 머무르고 다섯 비했다가 노트북이 엄청 느려져서 불안한데요.,선택 설치도 해야한다고요 저번에 머무르고 다 설치했다고 노트북이 엄청 느려져서 불안한데요,49,0.142857,4,0,3,3
S00002125_t0025,0025.wav,0,교육,제가 아까 주변 지인한테 물어봤는데 제 노트북에 기본적인 프로그램이 안 깔려 있어서 그럴 수도 있다고 하는데 그래서 선택 설치해야 하는 게 안되서 그럴 수도 있다네요. 그러니까 저는 선택설치 요소까지 다 통합 설치하는게 좋겠네요,주 제가 아까 주변 지인한테 물어봤는데 제 노트북에 기본적인 프로그램이 안 깔려 있어서 그럴 수도 있다고 하는데 에서 선택 설치해야하는게 안되서 그럴수도 있다네요 그러니까 저는 선택 설치 요소까지 다 통합 설치하는게 좋겠네요,125,0.072000,1,3,5,5
S00002125_t0026,0026.wav,0,교육,그렇군요 감사합니다. 그럼 제가 한번 더 시도해보고 그때도 안 되면 또 문이 전화드릴게요,그렇군요 감사합니다 자 그럼 제가 한번 더 시도해 보고 그때도 안 되면 또 문의 전화 드릴게요,52,0.096154,2,3,0,3
S00002125_t0027,0027.wav,0,교육,네 감사합니다. 한국어학원 김민수였습니다,네 감사합니다한국학원 김 민 씨였습니다,21,0.285714,1,2,3,3
S00002141_t0001,0001.wav,0,교육,안녕하세요 상담사 김민수입니다.,안녕하세요상담사 김민서입니다,15,0.200000,1,0,2,1
S00002141_t0002,0002.wav,0,교육,네 안녕하세요 지금 한국어학 인터넷강이 듣고 있는데 문의드리려고 전화드렸어요,안녕하세요 지금 한국 과학인터넷 강의 듣고있는데 문의 드리려고 전화 드렸어요,42,0.238095,4,3,3,7
S00002141_t0003,0003.wav,0,교육,제가 노트북에서 지금 들으려고 하는데 강의를 들으려면 해당 프로그램을 설치해야 되더라고요.,노트북에서 지금 들으려고 하는데 강의를 들으려면 해당 프로그램을 설치하되더라고요,44,0.159091,1,0,6,2
S00002141_t0004,0004.wav,0,교육,"그래서 설치를 진행했는데, 설치로 완료했는데도 인터넷가기가 작동이 안 돼서 좀 여쭤보려고요. 왜 안되죠? 좀 알아봐주세요",그래서 설치를 진행했는데 설치를 완료 했는데도 인터넷강의가 작동이 안 안 돼서 좀 여쭤볼려고요 왜 안되죠 좀 알아봐 주세요,68,0.161765,4,4,3,3
S00002141_t0005,0005.wav,0,교육,"네, 솔직히 전부 다 하셨나요?",네 설치전부 다 하셨나요,13,0.461538,2,0,4,1
S00002141_t0006,0006.wav,0,교육,"네, 뜨는 거 더 설치했고요 필수 설치랑 선택설치 이렇게 총 4개인가? 뜨던데 저는 필수설치만 다운로드 했거든요. 총앞 설치를 누르면 전부 한꺼번에 설치가 되던대 저는 필수� 설치해야 하는 요소만 설치했어요",뜨는 거 더 설치했고요 필수 설치랑 선택 설치 이렇게 총 네 갠가 뜨던데저는필승하였지만다운로드했거든요 통합 설치를 누르면 전부 한꺼번에 설치가 되던데 저는 필수 설치하는 요소만 설치했어요,104,0.230769,11,1,12,8
S00002141_t0007,0007.wav,0,교육,원래는 귀찮아서 그냥 한 번에 설치되도 록통화 설치하는데 그 과정에서 저번에 노트북이 많이 느려졌거든요. 그래서 선택설치는 안 했어요 어차피 필수로 해야 하는 것만 했으면 상관없는 거죠,원래는 귀찬아서 그냥 한 번에 설치되도록 통합 설치하는데 그 과정에서 저번에 노트북이 많이 느려졌거든요 그래서 선뜻 살지는 않았어요 어차피 필수요약 있는 것만 했으면 상관없는 거다,100,0.180000,13,1,4,5
S00002141_t0008,0008.wav,0,교육,미션은 다 하신 건가요?,필수는 다 하신 건가요?,13,0.230769,3,0,0,0
S00002141_t0009,0009.wav,0,교육,네 필수로 뜨는 건 전부 다 했다니까요. 그런데 다음으로 진행이 안 돼요 계속해서 설사라는 문구가 담긴 상위 계속 떠요 설치는 다 했는데,"네, 필수로 뜨는 건 전부 다 했다니깐요? 그런데 다음으로 기능이 안 돼요. 계속해서 설치하라는 문구가 담긴 창이 계속 떠요. 설치는 다 했는데",80,0.137500,7,4,0,0
S00002141_t0010,0010.wav,0,교육,설치가 안된 것 같습니다,아/ 그 설치가 안 된 것 같습니다.,20,0.350000,0,7,0,3
S00002141_t0011,0011.wav,0,교육,설치를 다 했는데요 그게 안 되는 이유가 설치 문제 왜 다른 이유는 없는 건가요?,설치를 다 했는데요? 그게 안되는 이유가 설치 문제 외에 다른 이유는 없는 건가요?,46,0.086957,1,2,1,1
S00002141_t0012,0012.wav,0,교육,네 그렇습니다,"네, 그렇습니다. n/",12,0.416667,0,5,0,1
S00002141_t0013,0013.wav,0,교육,"혹시 노트북이 아니라 그냥 이만피시해서 하면 되거나 그런 건 없나요? 사양의 문제가 넌지, 용량의 문제가 넌 지 그런건 전혀 없는 건가요? 그러면 다른 방법을 시도해 보려구요",음/ 혹시 노트북이 아니라 음/ 그냥 일반 (PC)/(피씨)에서 하면 되거나 그런건 없나요? 사양의 문제라든지 뭐/ 용량의 문제라든지 그런 건 전혀 없는 건가요? 그런 거면 다른 방법을 시도해 보려구요.,113,0.300885,12,19,3,10
S00002141_t0014,0014.wav,0,교육,그럼 제가 지금 다시 한 번 확인해볼게요. 잠시만요,그럼 제가 지금 다시 한번 확인해 볼게요 잠시만요 네,29,0.172414,0,3,2,3
S00002141_t0015,0015.wav,0,교육,제가 지금 노트북 켰고요 똑같이 동영상 강의 시작하도록 진행해볼게요 로그인 하고 다운받은 롱롱으로 들어가서 플레이버튼 누르는 거 맞죠?,제가 지금 노트북 켰고요 똑같이 동영상 강의 시작하도록 진행해볼게요 로그인하고 다운 받은 목록은 들어가서 플레이 버튼 누르는거 맞죠,73,0.123288,3,2,4,4
S00002141_t0017,0017.wav,0,교육,"네, 토이 600번 강의인데 지금 제일 첫 번째 강의 오리엔테이션 강의 플레이버튼 누를게요.",토의 육백 번 강의인데 지금 제일 첫번째 강의 오리엔테이션 강의 플레이버튼 누를게요,46,0.195652,4,0,5,3
S00002141_t0018,0018.wav,0,교육,플레이버튼을 눌렀는데 프로그램 펄치가 필요하다는 장이 떠서 계속 다음 눌러서 설치 진행까지 왔어요 저번이랑 똑같아요 보통 네이버나 다음대에 동영상 재생 출발한 액티브랑 비슷해요,플레이버튼 눌렀는데 프로그램 설치가 필요하다는 창이 떠서 계속 다음 눌러서 설치 진행까지 왔어요 저번이랑 똑같아요 보통 네이버나 다음과 같은데 동영상 재생 툴바나 액티브랑 비슷해요,100,0.110000,7,3,1,1
S00002141_t0020,0020.wav,0,교육,그런데 제가 2-3번 정도 더 설치를 해봤거든요? 아까 말씀드렸듯이 자꾸 설치라는데도 안 되어서요.,네 그런데 제가 두세번 정도 더 설치를 해봤었거든요 아까 말씀드렸듯이 자꾸 설치를 하는데도 안 되어서요,57,0.192982,3,5,3,2
S00002141_t0023,0023.wav,0,교육,선택 설시도 하실 것을 권유 드립니다.,선택설 씨도 하실 것을 권유드립니다,19,0.263158,3,0,2,3
S00002141_t0024,0024.wav,0,교육,홈트 설치도 해야 된다고요? 처음에 뭐 모르고 다섯째 했다가 노트북이 엄청 내려서 불안한데요.,선택 설치도 해야 된다고요? 저번에 뭐 모르고 다 설치했다가 노트북이 엄청 느려져서 불안한데요?,53,0.188679,9,1,0,2
S00002141_t0025,0025.wav,0,교육,"제가 아까 지인한테 물어봤는데, 제 노트북에 기본적인 프로그램이 안 깔려있어서 그럴 수도 있다고 하는데 그래서 선택 설치해야 하는 게 안되서 그럴 수 있다네요. 그러니까 저는 선택설치 요소까지 다 통합 설치하는게 좋겠네요",아 제가 아까 주변 지인한테 물어봤는데 노트북의 기본적인 프로그램이 깔려 있어서 그럴 수도 있다고 하는데 그래서 선뜻 설치해야하는게 안돼서 그럴 수도 있다네요 그러니까 저는 선택 설계요소까지 다 통합 설치하는 게 좋겠 네요 네,126,0.198413,6,11,8,12
S00002141_t0026,0026.wav,0,교육,그렇군요 감사합니다 그럼 제가 한번 더 시도해보고 그때도 안 되면 문이 전화드릴게요,그렇군요 감사합니다 그럼 제가 한 번 더 시도해 보고 그때도 안 내면 문의 전화 드릴게요,49,0.102041,2,3,0,3
S00002152_t0001,0001.wav,0,교육,안녕하세요 상담사 김인수입니다.,안녕하세요 상담사 김민수입니다,16,0.125000,1,0,1,0
S00002152_t0002,0002.wav,0,교육,안녕하세요 지금 한국어 김턴의 강이 듣고 있는데 문의들이 여고 전화 드렸어요.,"네, 안녕하세요.  지금 한국어 인터넷 강의 듣고 있는데 문의 드리려고 전화 드렸어요.",48,0.270833,8,5,0,4
S00002152_t0003,0003.wav,0,교육,제가 노트북에서 지금 주의지었고 하는데 강의들 주자며 세상 프로그램을 설치해야 되더라고요.,제가 노트북에서 지금 즐기려고 하는데 강의를 들으려면 해당 프로그램을 설치해야되더라구요,48,0.291667,10,1,3,1
S00002152_t0004,0004.wav,0,교육,"그래서 설치를 진행했는데, 설치를 완료했는데도 인터넷 강의가 작동이 안 돼서 좀 여쭤보려고요. 왜 안되죠? 좀 알아 봐주세요",그래서 설치를 진행했는데 설치를 완료 했는데도 인터넷 강의가 작동이 안되어서 좀 여쭤보려고요 왜 안되도 좀 알아봐 주세요,67,0.134328,5,1,3,4
S00002152_t0005,0005.wav,0,교육,설치 전부 다 하셨나요?,"네,  설치 전부 다 하셨나요?",17,0.235294,0,4,0,2
S00002152_t0006,0006.wav,0,교육,"네, 뜨는 거 다 설치했고요. 틸수살치랑 환택살차랑 이렇게 총 4개인 것 같더라고요 저는 틸 수살캐만 다운로드 했거든요 통화실치를 넣으면 전부 한꺼번에 살찌가 되었는데 저는 틴 수살만 해안 루소만 살찌했어요","네, 뜨는 거 다 설치했고요. 필수 설치랑 선택 설치랑 이렇게 총 (4개)/(네 개)인가 뜨던데 저는 필수 설치만 다운로드 했거든요 통합 설치를 누르면 전부 한꺼번에 삭제가 되던데 저는 필수 설치만 해야함 요소만 설치했어요.",125,0.352000,32,11,1,7
S00002152_t0008,0008.wav,0,교육,필수는 다하신 건가요?,필수는 다 하신 건가요?,13,0.076923,0,1,0,1
S00002152_t0009,0009.wav,0,교육,글수로 뜨는 건 전부 다 했으면 될까요? 그런데 다음으로 진행이 안 돼요 계속 쓸지 않다는 문구가 당긴 창을 계속 가요 설치는 다 했는데,네 필수로 뜨는건 전부 다 했으니까요 그런데 다음으로 진행이 안되요계속 설치하라는 문구가 담긴 창이 계속 떠요 펼친 바 있는데,70,0.342857,14,2,8,6
S00002152_t0010,0010.wav,0,교육,설치가 안된 것 같습니다,"아/ 네, 설치가 안 된 것 같습니다.",21,0.380952,0,8,0,3
S00002152_t0014,0014.wav,0,교육,그럼 제가 지금 다시 한번 확인해 볼게요 당신은요,그럼 제가 지금 다시 한번 확인해 볼게요 잠시만요,27,0.111111,3,0,0,0
S00002152_t0015,0015.wav,0,교육,제가 지금 노트북을 켰고요 똑같이 동영상방에 시작하도록 진행해볼게요 로그인하고 다운로드 받은 목록으로 들어가서 플레이버튼 누리는 것 같아요,제가 지금 노트북했구요 똑같이 동영상 강의시작 하도록 진행해볼게요 로그인하고 다운로드 받은 목록으로 들어가서 플레이 버튼 누르는거 맞죠,75,0.200000,9,2,4,6
S00002152_t0018,0018.wav,0,교육,플레이부터 눌렀는데 프로그램 설치가 필요하다는 창이 계속 떠서 계속 다음 눌러서 설치를 주면까지 했는데 저번이랑 똑같아요 보통 네이버나 강같은데 동방성 지진을거나 익힙으로 안피스트예요,플레이버튼 눌렀는데 프로그램 설치가 필요 없는 필요하다는 창이 계속 떠서 계속 다음 눌러서 설치를 진행까지 했는데 저번이랑 똑같아요 보통 네이버나 다음 앙갚음에 동영상 재생 불가나 액티브랑 비슷해,109,0.311927,21,10,3,4
S00002152_t0019,0019.wav,0,교육,필수 설치가 두 개고요. 선택설치가 두 개고 각각 설치를 누르면 한꺼번에 설치가 된다고 뜨네요 여기저기 필수설치 각각 눌러서 설치했었어요,현수 선수가 주려구요 선택 설치법도 되고 각각 설치할 수 있는 통합법 통합 설치를 누르면 한꺼번에 설치가 된다고 뜨면 여기저기 필수 설치 각각 눌러서 설치했었어요,90,0.355556,10,18,4,9
S00002152_t0020,0020.wav,0,교육,그런데 제가 2살 번 정도 더 살찌를 해봤었거든요 아까 말씀드렸듯이 갖고 살치를 하는데 만들어요,그런데 제가 두세번 정도 더 설치를 해봤었거든요 아까 말씀드렸듯이갖꼬 설치를 하는데 많아져서요,52,0.230769,9,1,2,2
S00002152_t0023,0023.wav,0,교육,선택 선치도 하실 것을 권위드립니다.,선택 설치도 하실 것을 권유드립니다,19,0.157895,2,0,1,0
S00002152_t0024,0024.wav,0,교육,손짓을 지도 해야 한다고요? 저번에 뭐 모르고 다 살 키웠다가 노트북이 엄청 느려져서 불어놨는데요,설치도 해야한다구요 저번에 뭐 모르고 다 설치했다고 노트북이 엄청 느려져서 불안한데요,47,0.340426,9,0,7,3
S00002152_t0026,0026.wav,0,교육,그러니까 저는 설치 요소까지 가폼을 설치하는 게 좋겠네요.,그런 그러니까 저는 헌특설치 요소까지 다 통합 설치하는게 좋겠네요,36,0.305556,3,6,2,3
S00002152_t0027,0027.wav,0,교육,아 그렇군요. 감사합니다 그럼 제가 한번 더 시도해보고 그때 안 되면 또 문을 열어드릴게요,아 그렇군요 감사합니다 그럼 제가 한 번 더 시도해 보고 그때 안되면 또 문의 전화 드릴게요,51,0.156863,3,3,2,4
S00002164_t0002,0002.wav,0,교육,저 민지영 선생님 강이 없어졌나요?,저 민주영 선생님 강의 없어졌나요 네,20,0.200000,3,1,0,1
S00002164_t0003,0003.wav,0,교육,"아, 전 그분 강의 드리려고 가입한 건데 다시 안 하시는 건가요?",전 그분 강의 들으려고 가입한 건데 다시 안 하시는 건가요,32,0.187500,2,0,4,1
S00002164_t0005,0005.wav,0,교육,그럼 저 탈태할래요?,그럼 저 탈퇴할래요 탈퇴 어떻게 해요,20,0.550000,2,9,0,3
S00002164_t0006,0006.wav,0,교육,온페이지에서 가능합니다.,홈페이지에서 가능합니다,12,0.166667,1,0,1,0
S00002164_t0007,0007.wav,0,교육,탈퇴하면 남아있는 수간금을 다 함불 가능한 거죠 바로 들어오나요?,탈퇴하면 남아있는 수강 금액 다 환불 가능한거죠 바로 들어오나요,35,0.171429,3,1,2,2
S00002164_t0008,0008.wav,0,교육,성함 알기 부탁드립니다.,성함 아이디 부탁드립니다,13,0.307692,2,1,1,0
S00002164_t0009,0009.wav,0,교육,"김남일, S-A-T F-S-EF요. 지금 정리금도 좀 남아있고 강의도 다 안 들은 게 몇 개 있어요",김남일 AT 에프 에스 [이] 에프요 지금 적립금도 좀 남아 있고 강의도 다 안 들은 게 몇 개 있어요,57,0.315789,14,3,1,4
S00002164_t0011,0011.wav,0,교육,왜요? 그럼 제 돈은 그냥 거기서 다 가져간다는 말씀이세요.,왜요 그럼 제도는 그냥 거기서 다 가져간다는 말씀이세요,30,0.166667,2,0,3,1
S00002164_t0012,0012.wav,0,교육,이벤트로 지급받으신 정립금은 탈퇴시 소멸됩니다.,어/ 이벤트로 지급받을 수 있는 적립금은 탈퇴시 소멸됩니다.,33,0.303030,3,7,0,3
S00002164_t0013,0013.wav,0,교육,아.. 제 돈 드린 게 아니라서 그런 건가요? 너무 취사하네요 그럼 수건 금액은요 인청한 지 일주일 안 됐으니까 한불 가능하죠,아 제 돈 들인 게 아니라서 그런건가요 너무 치사하네요 그럼 수박 금액은요 신청한지 일주일 안됐으니까 환불 가능하죠,64,0.187500,6,0,6,3
S00002164_t0014,0014.wav,0,교육,강이 30% 이상 수강하셔서 안됩니다.,강이 삼십퍼센트 이상 수강하셔서 안됩니다,22,0.272727,3,2,1,0
S00002164_t0015,0015.wav,0,교육,아니 30%도 안 들어오고 그 강의가 어떤 강의인지 어떻게 알아요? 그 정도는 봐야지 들을 만한지 알죠,아니 삼십프로도 안 들어오고 그 강의가 어떤 강의인지 어떻게 알아요 그 정도는 봐야지 들을만한 줄 알죠,57,0.140351,4,2,2,2
S00002164_t0017,0017.wav,0,교육,전액 금액이 아니라 그럼 나머지 70%만큼이라도 계산해서 돌려주면 안 돼요 내가 안들은 부분까지 부담하는 건 너무 불합리해서요,전액 금액이 아니라 그럼 나머지 칠십프로만큼이라도 결산에서 돌려주면 안돼요 내가 안 되는 부분까지 부담하는 건 너무 불합리 해서요,72,0.152778,7,3,1,3
S00002164_t0019,0019.wav,0,교육,그런 게 어디 있어요? 그런 거 미리 말해줬어야죠. 알았으면 그렇게 신청 안 했죠,그런게 어딨어요 그런 거 미리 말해주셨어야죠 알았으면 그렇게 신청 안 했죠,41,0.195122,2,1,5,2
S00002164_t0020,0020.wav,0,교육,강의 신청 페이지에 나와 있습니다.,강의 신청페이지에 나와있습니다,16,0.187500,0,0,3,2
S00002164_t0021,0021.wav,0,교육,아니 누가 그런 걸 일일이 다 보고 신청을 해요 그렇게 중요한 건 강의 처음이나 중간에 고지해줘야죠,아니 누가 그걸 그런 걸 일일이 다 보고 신청을 해요 그렇게 중요한 건 강의 처음이나 중간에 고지에 줘야죠,59,0.084746,1,4,0,2
S00002164_t0022,0022.wav,0,교육,"그리고 경쟁사인 시원스쿨은 강의를 얼마나 들었던 남은 그 부분에 대해서 함부를 해주던데, 여긴 왜 안 해줘요? 하다 못해 얘도위리나 외가스터디도 다 함불해줘요. 왜 여기만 안 해 준다는 거예요",그리고 경쟁사인 시온 시원스쿨은 강의를 얼마나 들었든 남은 부분에 대해서 환불을 해주던데 여긴 왜 안 해 줘요 하다못해 얘도 이리나 메가스터디도 다 환불해 줘요 왜 여기만 안 해준다는 거예요,106,0.188679,7,6,7,7
S00002164_t0024,0024.wav,0,교육,아유 됐어 그럼 다 필요 없어요. 저 여기 정설을 줘서 안 쓰려니까 그냥 타이트할 테니깐 타이틀 시켜주세요,아유 됐어 그럼 다 필요 없어요 저 여기 정떨어져서 안 쓸라니까 그냥 탈퇴할테니까 탈퇴시켜주세요,53,0.301887,10,0,6,3
S00002164_t0025,0025.wav,0,교육,홈페이지에서 직접 진행 가능합니다.,홈페이지에서 직접 진행 가능합니다,18,0.055556,0,0,1,0
S00002164_t0026,0026.wav,0,교육,아니 내가 또 홈케이지 로그인 하고 그래야 돼요? 왜 이렇게 사람을 번거롭게 해요 그냥 여기서 해주세요,아니 내가 또 홈페이지에 로그인하고 그래야 돼요 왜 이렇게 사람을 번거롭게 해요 그냥 여기서 해주세요,56,0.071429,1,1,2,1
S00002164_t0027,0027.wav,0,교육,직접 하셔야 됩니다.,직접 하셔야 됩니다,10,0.100000,0,0,1,0
S00002164_t0028,0028.wav,0,교육,아뜨기나 함부를 안 돼서 짜증나는데 더 짜증 나게 하지 마시고 그냥 좀 해주세요. 딴 데는 다 되는데 왜 여기는 안되는 게 그렇게 많아요?,가뜩이나 환불안되서 짜증나는데 더 짜증나게 하지 마시고 그냥 좀 해주세요 딴 데는 다 되는데 왜 여기는 안 되는 게 그렇게 많아요,72,0.180556,6,1,6,4
S00002164_t0029,0029.wav,0,교육,그럼 본인 인중 후 진행하겠습니다.,그럼 본인 인증 후 진행하겠습니다,18,0.111111,1,0,1,0
S00002164_t0030,0030.wav,0,교육,"어, 먼저 왔다. 뭐 이상한 주소 같은 거 왔는데 이걸로 어떻게 해요?",문자왔다 뭐 이상한 주소 같은거 왔는데 이걸로 뭐 어떻게 해요,34,0.323529,2,2,7,4
S00002164_t0031,0031.wav,0,교육,링크 눌러서 인증 부탁드립니다.,링크 눌러서 인증을 부탁드립니다,17,0.117647,0,1,1,0
S00002164_t0032,0032.wav,0,교육,네 있어요 이제 다 된 건가요? 더 이상 번거롭게 하지 않았으면 좋겠네요,네 했어요 이제 다 된건가요 더이상 번거롭게 하지 않았으면 좋겠네요,37,0.108108,1,0,3,2
S00002164_t0033,0033.wav,0,교육,하루정도 소요됩니다.,하루정도 소요됩니다,10,0.100000,0,0,1,0
S00002164_t0034,0034.wav,0,교육,알겠어요. 화내서 미안해요 내가 아주 아가씨한테 뭐라는 게 아니고 입장 바꿔서 생각해 보면 아가씨를 같으면 화 안 나겠어요,알겠어요 화내서 미안해요 내가 아주 아가씨한테 뭘 하는게 아니고 입장 바꿔서 생각해보면 아가씨 같으면 화 안나겠어요,64,0.125000,4,0,4,4
S00002164_t0036,0036.wav,0,교육,그럴 줄 알았어요. 알았으면 그렇게 강의 신청 많이 하지 말걸 저는 들은만큼만 내고 나머지는 돌려받을 수 있는줄 알았어요,그럴 줄 알았어요 알았으면 그렇게 강의 신청 마니아 하지 말걸 저는 들은 만큼만 내고 나머지는 돌려받을 받을 수 있는 줄 알았어요,72,0.125000,2,6,1,3
S00002164_t0038,0038.wav,0,교육,어쨌든 뭐 써봤다는데 아닐은 왜 잘못이죠? 팔태 처리하라도 정확히 해주세요.,어쨌든 뭐 써 봤다는데 아닌 은 내 잘못이죠 탈퇴 처리함 나도 정확히 해주세요 네,45,0.266667,7,4,1,4
S00002164_t0039,0039.wav,0,교육,혹시 나중에 대가입할 때 문제되는 건 아닌가요?,혹시 나중에 재가입할 때 문제되는 것 아닌가요 네,27,0.148148,3,1,0,1
S00002164_t0040,0040.wav,0,교육,알겠습니다. 수고하세요,알겠습니다 수고하세요,11,0.090909,0,0,1,0
S00002189_t0006,0006.wav,0,교육,홈피에 뒤에서 가능합니다.,홈페이지에서 가능합니다,12,0.416667,3,0,2,1
S00002189_t0007,0007.wav,0,교육,철퇴하면 남아있는 소감금액 다 한 불 가능한 거죠? 바로 들어오나요,탈퇴하면 남아있는 소각 금액 다 환불 가능한거죠 바로 들어오나요,35,0.200000,3,1,3,3
S00002189_t0008,0008.wav,0,교육,성음 아이디 부탁드립니다.,성함 아이디 부탁드립니다,13,0.153846,1,0,1,0
S00002189_t0009,0009.wav,0,교육,"김남일 SADF, SEF요 지금 정리금도 좀 남아있고 강의도 다 안들어 안 들은 거 몇 개 있어요",김남일 에스 에이디에프 에스 [이] 에프요 지금 적립금도 남아있고 강의도 다 안들을 안 드는 거 몇 개 있어요,61,0.393443,13,9,2,4
S00002189_t0011,0011.wav,0,교육,왜요? 그럼 제 돈을 그냥 거기도 다 가져간다는 말씀이세요.,왜요 그럼 제 돈은 그냥 거기서 다 가져간다는 말씀이세요,31,0.129032,2,0,2,0
S00002189_t0012,0012.wav,0,교육,이벤트로 지급받으신 정리금은 탈퇴시 소물됩니다.,이벤트로 지급받으신 적립금은 탈퇴시 소멸됩니다,25,0.160000,3,0,1,0
S00002189_t0013,0013.wav,0,교육,"아, 제 돈 드는 게 아니라서 그런 건가요? 너무 치사하네요. 그런 수관금은요 신청한 지 일주일 안 됐으니까 한 불 가능하죠",주 제 돈 들인 게 아니라서 그런 건가요 너무 치사하네요 소각금액은요 신청한지 일주일 안됐으니까 환불 가능하죠,61,0.262295,8,0,8,4
S00002189_t0017,0017.wav,0,교육,전체 금액 아니라 그럼 나머지 70%만이라도 계산해서 돌려주면 안 돼요? 내가 안들은 부분까지 부담하는거 너무 불안해요,전세금이 아니라 나 그럼 나만 칠십퍼센트만이라도 계산해서 돌려주면 안 돼요 내가 안 되는 부분까지 부담하는 건 너무 불합리해요,70,0.285714,12,6,2,6
S00002189_t0019,0019.wav,0,교육,그런게 어딨어요? 그러고 미리 말을 해줬어야죠 알았으면 그렇게 많이 신청 안했죠,그런게 어딨어요 미리 말을 해줬어야죠 알았으면 그렇게 많이 신청 안 했죠,40,0.150000,0,1,5,2
S00002189_t0020,0020.wav,0,교육,강인 신청 페이지에 나와 있습니다.,당일 신청페이지에 나와있습니다,16,0.312500,2,0,3,2
S00002189_t0024,0024.wav,0,교육,홈피지서 직접 가능합니다.,홈페이지에서 직접 가능합니다,15,0.266667,1,2,1,0
S00002189_t0025,0025.wav,0,교육,아니 내가 또 홈페이지 로그인하고 그래야 돼요? 왜 이렇게 사람을 공부롭게 해요 그냥 여수 해 주세요,아니 내가 또 홈페이지에 로그인하고 그래야 돼요 왜 이렇게 사람을 번거롭게 해요 그냥 여기로 해주세요,56,0.125000,3,2,2,1
S00002189_t0026,0026.wav,0,교육,직접 하셔야 됩니다,직접 하셔야 됩니다,10,0.000000,0,0,0,0
S00002189_t0027,0027.wav,0,교육,같은기나 한 분 안 돼서 짜증나는데 더 짜증 나게 하지 마시고 그냥 좀 해주세요. 다른 데는 다 되는데 왜 여기는 안되는 게 이렇게 많아요?,가뜩이나 함부로 안되서 짜증나는데 더 짜증나게 하지 마시고 그냥 좀 해주세요 딴 데는 다 되는데 왜 여기는 안 되는 안 되는 게 이렇게 많아요,79,0.240506,8,6,5,6
S00002189_t0030,0030.wav,0,교육,링크 눌러서 인증 부탁드립니다.,링크 눌러서 인증 부탁드립니다,16,0.062500,0,0,1,0
S00002189_t0031,0031.wav,0,교육,네 있어요 이제 다 된 건가요? 더 이상 번거롭게 하지 않았으면 좋겠네요,네 했어요 이제 다 된건가요 더이상 번거롭게 하지 않았으면 좋겠네요,37,0.108108,1,0,3,2
S00002189_t0032,0032.wav,0,교육,하루 정도 수요됩니다.,하루정도 소요됩니다,10,0.300000,1,0,2,1
S00002189_t0033,0033.wav,0,교육,알겠어요. 헌해서 미안해요 내가 아가씨한테 뭐라고 하는게 아니고 입장 바꿔도 생각해보면 아가씨를 못하겠어요,알겠어요 화내서 미안해요 내가 아가씨한테 뭐라 하는게 아니고 입장 바꿔서 생각해보면 아가씨같은 화 안 나겠어요,61,0.196721,6,4,2,2
S00002189_t0035,0035.wav,0,교육,이럴 줄 알았으면 그렇게 강의 신경 많이 하지 말걸 저는 들은만큼만 내고 나머지는 돌려받을 수 있는줄 알았어요,이럴 줄 알았으면 그렇게 강의도 많이 하지 말 것 저는 들은 만큼만 내고 나머지를 돌려받을 수 있는 줄 알았어요,62,0.129032,3,3,2,4
S00002189_t0037,0037.wav,0,교육,어쨌든 뭐 떠났던 데 아니면 내가 잘 보시죠 탈퇴 털이라도 정확히 해주세요,어쨌든 뭐 써 놨다는데 안 읽은 내가 잘못이죠 탈퇴 처리라도 정확히 해주세요 네,44,0.363636,11,4,1,5
S00002189_t0038,0038.wav,0,교육,혹시 나중에 대가이팔때 문제 되는건 아닌가요?,혹시 나중에 재가입할 때 문제되는 것 아닌가요,25,0.320000,4,2,2,3
S00002189_t0039,0039.wav,0,교육,"알겠어요, 수고하세요.",알겠어요 수고하세요,10,0.200000,0,0,2,0
S00002196_t0006,0006.wav,0,교육,홈페이지에서 가능합니다.,홈페이지에서 가능합니다,12,0.083333,0,0,1,0
S00002196_t0007,0007.wav,0,교육,탈퇴하면 남아있는 수건금의 자한 불가능 한거죠 바로 들어오나요?,탈퇴하면 남아있는 수강생 [사] 환불 가능한거죠 바로 들어오나요,35,0.285714,6,2,2,4
S00002196_t0008,0008.wav,0,교육,안에 성함과 아이디 말씀 부탁드립니다.,성함과 아이디 말씀 부탁드립니다,17,0.235294,0,0,4,1
S00002196_t0011,0011.wav,0,교육,그럼 제 돈은 그냥 거기서 다 가져간다는 말씀이세요.,왜요 그럼 제 돈은 그냥 거기서 다 가져간다는 말씀이세요,31,0.129032,0,3,1,1
S00002196_t0012,0012.wav,0,교육,이벤트로 지급받으신 정립금은 탈퇴할 때 소멸됩니다.,이벤트로 지급받으신 적립금은 탈퇴할 때 소멸됩니다,27,0.074074,1,0,1,0
S00002196_t0013,0013.wav,0,교육,아... 제 돈 들은 게 아니라서 그런 건가요? 너무 지사하네요. 그럼 수건 금액은요? 진창한지 일주일이 안 됐으니까 한 불 가능하죠!,제 돈 들인 게 아니라서 그런건가요 너무 치사하네요 그럼 수강금액은요 신청한 지 일주일이 안됐으니까 환불 가능하죠,63,0.317460,6,1,13,6
S00002196_t0014,0014.wav,0,교육,강의 30% 이상 수강하셔서 안됩니다.,감히 삼프로 삼십프로 이상 수강하셔서 안됩니다,25,0.440000,5,5,1,1
S00002196_t0017,0017.wav,0,교육,전체 구매가 아니라 그럼 나머지 70%만큼이라도 계산해서 돌려주면 안 돼요. 내가 안들은 부분까지 부담하는 건 너무 부담미예요,전체 구매가 아니라 그럼 나머지 칠십호만큼이라도 계산해서 돌려주면 안돼요 내가 안 들은 부부까지 부담하는 건 너무 불합리해요,69,0.159420,8,1,2,2
S00002196_t0019,0019.wav,0,교육,그런 게 어디 있어요? 그런 건 미리 말을 해줬어야죠. 알았으면 그렇게 많이 신청 안 했죠,그런게 어딨어요 그런건 미리 말을 해줬어야죠 알았으면 그렇게 많이 신청 안 했어,44,0.181818,2,0,6,3
S00002196_t0020,0020.wav,0,교육,강의 신청 페이지에 나와 있습니다.,강의 신청페이지에 나와있습니다,16,0.187500,0,0,3,2
S00002196_t0025,0025.wav,0,교육,"네, 홈페이지에서 직접 진행 가능합니다.",홈페이지에서 직접 진행 가능합니다,18,0.222222,0,0,4,1
S00002196_t0026,0026.wav,0,교육,아니 내가 또 손 페이지를 구인하고 그래야 돼요 왜 이렇게 사람을 번거롭게 해요? 그냥 여기서 해주세요,아니 내가 또 홈페이지 로그인 하고 그래야 돼요 왜 이렇게 사람을 번거롭게 해요 그냥 여기서 해주세요,56,0.125000,4,1,2,4
S00002196_t0027,0027.wav,0,교육,직접 하셔야 됩니다,직접 하셔야 됩니다,10,0.000000,0,0,0,0
S00002196_t0028,0028.wav,0,교육,아뜨면 한 분 안 돼서 짜증나는데 더 짜증하게 하지 마시고 그냥 좀 해주세요. 다른 데는 다 되는데 왜 여기는 안되는 게 이렇게 많아요,환불안되도 짜증나는데 더 짜증나게 하지 마시고 그냥 좀 해주세여 딴데는 다 되는데 왜 여기는 안 안 되는 게 이렇게 많아요,68,0.294118,7,3,10,7
S00002196_t0029,0029.wav,0,교육,그럼 본인 인증 후에 진행하겠습니다.,아/ 그럼 본인 인증 후에 진행하겠습니다.,23,0.130435,0,3,0,1
S00002196_t0031,0031.wav,0,교육,링크 눌러서 인증 부탁드립니다.,링크 눌러서 인증을 부탁드립니다,17,0.117647,0,1,1,0
S00002196_t0033,0033.wav,0,교육,네 하루 정도 소요됩니다.,네 하루 정도 소요됩니다,13,0.076923,0,0,1,0
S00002196_t0036,0036.wav,0,교육,일을 줄 알았으면 그렇게 강의 신청 많이 하지 말걸 저는 지를만큼 안 내고 나머지는 돌려받을 수 있는 줄 알았어요,이럴 줄 알았으면 그렇게 강의 신청 많이 하지 말걸 저는 회를 만큼만 내고 나머지는 돌려받을 수 있는 줄 알았어요,63,0.095238,4,1,1,2
S00002196_t0038,0038.wav,0,교육,어쨌든 뭐 써놨는 써놓다는데 안 익은 내 잘못이도 팔질벌자도 정확히 해주세요.,어쨌든 뭐 써넣는 써놨다는데 아직은 내 잘못이죠 탈퇴 처리라도 정확히 해주세요,43,0.302326,9,2,2,2
S00002196_t0039,0039.wav,0,교육,혹시 나중에 제가 이 갈 때 문제되는 건 아니죠?,혹시 나중에 재가입할 때 문제되는 건 아니죠 네,26,0.269231,4,1,2,3
S00002196_t0040,0040.wav,0,교육,알겠어요. 수고하세요,알겠어요 수고하세요,10,0.100000,0,0,1,0
S00002206_t0001,0001.wav,0,교육,안녕하세요 상담사 김민수입니다.,안녕하세요 상담사 김민수입니다,16,0.062500,0,0,1,0
S00002206_t0002,0002.wav,0,교육,네 안녕하세요 지금 한국어학 인터넷 강의 듣고 있는데 문의들이라고 전화 드렸어요,안녕하세요지금 한국어학 인터넷 강의 듣고 있는데 문의 드리려고 전화 드렸어요,42,0.166667,3,1,3,3
S00002206_t0003,0003.wav,0,교육,제가 노트북에서 지금 들으려고 하는데 간의를 들이라면 해당 프로그램 설치해드리더라고요.,지 제가 노트북에서 지금 들으려고 하는데 강의를 들으려면 해당 프로그램을 설치해 랩되더라구요,51,0.215686,6,4,1,2
S00002206_t0004,0004.wav,0,교육,"그래서 설치를 진행했는데, 설치를 완료했는데도 인터넷 강의가 작동이 안 되어서 좀 여쭤보려구요. 왜 안되죠? 좀 알아봐주세요",그래서 설치를 진행했는데 설치를 완료 했는데도 인터넷 강의가 작동이 안되어서 좀 여쭤보려고요 왜 안되죠 좀 알아봐주세요,66,0.090909,1,1,4,2
S00002206_t0005,0005.wav,0,교육,"네, 설치 전부 다 하셨나요?",네 설치 전부 다 하셨나요,14,0.142857,0,0,2,0
S00002206_t0006,0006.wav,0,교육,"네, 뜨는 거 다 설치했고요. 필수 설치랑 선택설치 이렇게 총 4개인가? 뜨던데 저는 필수 선치만 다운로드 했거든요 통합 설치를 누르면 전부 한꺼번에 설치가 되던대 저는 필수넣지만 해야 되는 요성한 설치 했어요",그런데 뜨는 거 다 설치했구요 필수 설치랑 선택 설치 이렇게 총 네개인가 뜨던데 저는 필수 선체만 다운로드 했거든요 통합 설치를 누르면 전부 한꺼번에 설치가 되던데 저는 폐쇄 설치만 해야 되는 요소만 설치했어요,117,0.153846,12,3,3,3
S00002206_t0007,0007.wav,0,교육,원래는 귀찮아서 그냥 한 번에 설치리도록 통합설치하는데 그 과정에서 저번에도 두 개 많이 느려졌거든요. 그래서 선택설티는 안 했어요 어차피 필수를 해야 하는 것만 있으면 상관없는 거죠,원래는 귀찮아서 그냥 한 번에 설치되도록 통합 설치하는데 과정에서 저번에 노트북이 많이 느려졌거든요 그래서 선택 설치는 안했어요 어차피 필수로 해야 하는 것만 있으면 상관없는거죠,99,0.151515,8,2,5,8
S00002206_t0008,0008.wav,0,교육,실수는 다 하신 건가요?,실수는 다 하신 건가요,12,0.083333,0,0,1,0
S00002206_t0009,0009.wav,0,교육,네 필수로 뜨는 건 전부 다 했다니까요 근데 다음으로 진행이 안 돼요 계속해서 설치하라는 문구가 남기는 창이 계속 떠요 설치면 다 했는데,필수로 뜨는 건 전부 다 했다니까요 그런데 다음으로 진행이 안되요 계속해서 설치하라는 문구가 담긴 창이 계속떠요 설치는 다 했는데,72,0.152778,5,1,5,3
S00002206_t0010,0010.wav,0,교육,솔직히 안 된 것 같습니다.,설치가 안 된것 같습니다,13,0.384615,3,0,2,1
S00002206_t0011,0011.wav,0,교육,설치를 다 했는데요 그게 안 되는 이유가 설치 문제에 왜 다른 이유가 없는 건가요?,설치를 다 했는데요 그게 안되는 이유가 설치대 설치 문제 외에 다른 이유가 없는 건가요,48,0.187500,3,4,2,4
S00002206_t0014,0014.wav,0,교육,그럼 제가 지금 다시 한번 확인해 볼게요. 잠시만요,그럼 제가 지금 다시 한번 확인해 볼게요 잠시만요,27,0.037037,0,0,1,0
S00002206_t0015,0015.wav,0,교육,제가 지금 노트북 켰고요. 똑같이 동영상 강의 시작하도록 진행해 볼게요 로고인하고 다운받은 목록으로 들어가서 플레이버튼 누르는 거 맞죠?,제가 지금 노트북 켜고요 똑같이 동영상 강의 시작하도록 진행해볼게요 로그인하고 다운 받은 목록으로 들어가서 플레이 버튼 누르는거 맞죠,74,0.108108,2,2,4,4
S00002206_t0018,0018.wav,0,교육,플레이버튼을 눌렀는데 프로그램 설치가 필요하다는 차이 떠서 계속 다음 눌러서 설치 진행까지 왔어요. 저건이랑 똑같아요 보통 네이버나 다른 다음 같은 데에 동영상 재생 툴바라 액티브랑 비슷해요,플레이버튼 눌렀는데 프로그램 설치가 필요하다는 창이 떠서 계속 다음 눌러서 설치 진행까지 왔어요 저번이랑 똑같아요 보통 네이버나 다른 다음과 같은 데의 동영상 재생 툴바 액티브랑 비슷해요,104,0.067308,3,1,3,0
S00002206_t0019,0019.wav,0,교육,필수 설치가 두 개구요 선택설치가 2개고 각각 설치를 할 수 있고 통합 설치를 누르면 한꺼번에 설치되어 된다고 뜨네요 여기서 저는 그 필수설치 각각 눌러서 설치했어요,필수 설치해 두 개고요 선택설치가 두 개고 각각 설치할 수 있고 토 통합 설치를 누르면 한꺼번에 설치해야 된다고 뜨네요 여기서 저는 그 필수 설치 각각 눌러서 설치했어요,94,0.117021,5,4,2,4
S00002206_t0020,0020.wav,0,교육,그런데 제가 두세 번 정도 더 설치를 해봤거든요 아까 말씀드렸듯이 자꾸 설치하는 데에도 안 되서요,그런데 제가 두세번 정도 더 설치를 해 봤거든요 아까 말씀드렸듯이 자꾸 설치를 했는데도 안되서요,53,0.150943,5,1,2,5
S00002206_t0021,0021.wav,0,교육,"그런데 노트북 자체 프로그램 설치가 된 게 맞는 것 같아요. 왜냐하면 설치된 프로그램이 이미 설치되어 있다는 문구가 뜨고요, 삭제하고 재설치를 할지 덮어시을 지 선택하라는 차는 떠요 어떤 건지 아시죠?",그런데 노트북 자체 프로그램 설치가 된 게 맞는 것 같아요 왜냐하면 설치를 프로그램은 이미 설치되어 있다라는 문구가 뜨구요 삭제 후 재설치를 할지 덮어 씌울지 선택하라는 창이 떠요 어떤 건지 아시죠 네,112,0.133929,11,2,2,4
S00002206_t0022,0022.wav,0,교육,이런 목표가 뜨는 거면 제 노트북에 어떤 문제가 있는 것이 아니라 인간홍페이지 쪽 문제가 있는 거 아닌가요? 아니면 혹시 선택 설치까지 전부 다 설치를 해야 되는 건가요? 불안해서 그런 건 싫은데요. 왜이런 거죠,이런 문구가 뜨는 거면 제 노트북에 어떤 문제가 있는 것이 아니라 인간 홈페이지 쪽 문제가 있는것 아닌가요아니면 혹시 선택 설치까지 전부 다 설치를 해야 되는 건가요 불안해서 그런 거 싫은데요왜이런거죠,112,0.116071,5,1,7,5
S00002206_t0023,0023.wav,0,교육,선택 설치도 하실 것을 권유 드립니다.,선택 설치 하실 것을 권유드립니다.,19,0.105263,0,0,2,1
S00002206_t0025,0025.wav,0,교육,제가 아까 주변 지인한테 물어봤는데 제 노트웁에 기본적인 프로그램이 안 깔려 있어서 그럴 수도 있다고 하는데 그래서 선택 설치가 안 돼서 그런 걸 수도 있잖아요. 그러니까 저는 선택설치 요소까지 다 송업 철치하는 게 좋겠네요,제가 아까 주변 지인한테 물어봤는데 제 노트북에 기본적인 프로그램이 안 깔려 있어서 그럴 수도 있다고 하는데 그래서 선택설치가 안되서 그런걸 수도 있다네요 그러니까 저는 선택 설치 요소까지 다 통합 설치하는 게 좋겠네요,122,0.098361,7,1,4,4
S00002206_t0026,0026.wav,0,교육,아 그렇구나 감사합니다. 그럼 제가 한 번 더 시도해보고 그때도 안 되면 또 문이 전화드릴게요,아 그렇군요 감사합니다 그럼 제가 한 번 더 시도해 보고 그때도 안 되면 또 문의 전화 드릴게요,53,0.113208,3,2,1,2
S00002216_t0002,0002.wav,0,교육,저 민지영 선생님 과학이 없으셨나요?,저 @민지영 선생님 강의 없으셨나요.,20,0.250000,3,1,1,0
S00002216_t0003,0003.wav,0,교육,아 좀 그분가기 드리고 가입했던 건데 다시 안 하시는 건가요?,그 분 강의 들으려고 가입했던건데 다시 안하시는 건가요,30,0.400000,8,0,4,4
S00002216_t0005,0005.wav,0,교육,그럼 저 타이틀 할래요?,그럼 저 (탈퇴)/(타이트) 할래요. 탈퇴 어떻게 해요.,31,0.645161,2,18,0,3
S00002216_t0006,0006.wav,0,교육,홈페이지에서 가능합니다.,홈페이지에서 가능합니다,12,0.083333,0,0,1,0
S00002216_t0007,0007.wav,0,교육,타이틀앱에 남아있는 수건금액 다 환불 가능한 거죠? 바로 들어오나요??,탈퇴하면 남아있는 수강 금액 다 환불 가능한거죠 바로 들어오나요,35,0.314286,5,1,5,2
S00002216_t0008,0008.wav,0,교육,"성함, 말 뒤 부탁드립니다.",성함 아이디 부탁드립니다,13,0.384615,3,0,2,1
S00002216_t0011,0011.wav,0,교육,왜요? 그럼 제 돈을 그냥 거기서 다 가져간다는 말씀이 있어요.,왜요 그럼 제 돈은 그냥 거기서 다 가져간다는 말씀이세요,31,0.193548,2,0,4,1
S00002216_t0012,0012.wav,0,교육,이벤트로 지급받으신 정립금은 탈투의 시 소물됩니다.,이벤트로 지급받으신 적립금은 탈퇴시 소멸됩니다,25,0.240000,3,0,3,1
S00002216_t0013,0013.wav,0,교육,아... 제 논들인 게 아니라서 그런 건가요? 너무 치사한데요. 그럼 수강금에군요? 신청한 지 1주는 안 됐으니까 한 별 가능하죠,제 돈 들인 게 아니라서 그런건가요너무 치사한데요 그럼 수강 금액은요신청한지 일주일 안됐으니까 환불가능하죠,59,0.389831,8,1,14,8
S00002216_t0014,0014.wav,0,교육,강이 30% 이상 수강하셔서 안됩니다.,어/ 강의 (30%)/(삼십 퍼센트) 이상 수강하셔서 안됩니다.,35,0.428571,1,14,0,2
S00002216_t0015,0015.wav,0,교육,아니 30%도 안 들어보고 그 강의 어떤 강이 있죠 어떻게 알아요? 그 정도는 봐야지 들을만한 이제야 알죠,아니 (30%)/(삼십 프로)도 안 들어보고 그 강의가 어떤 강의인지 어떻게 알아요. 그 정도는 봐야지 들을만한줄 알죠.,67,0.313433,5,12,4,3
S00002216_t0019,0019.wav,0,교육,그런게 어디 있어요? 그런건 미리 말해줬어야 알았으면 그렇게 많이 신청 안했죠,그런 게 어디 있어요 그런건 미리미리 미리 말을 해줬어야죠 알았으면 그렇게 많은 신청을 했죠,51,0.254902,3,9,1,5
S00002216_t0020,0020.wav,0,교육,강의 시청 페이지에 나와 있습니다.,강의 신청페이지에 나와있습니다,16,0.250000,1,0,3,2
S00002216_t0021,0021.wav,0,교육,"아니 누가 그런거 일리 다 보고 신청을 해요 그렇게 중요한건 강이 처음이나 중간에 고지게 해줬어야죠. 그리고 병대 인사인 시원스그른 강의를 얼마나 들었던 남은 부분에 대해서는 환불해줘요, 여긴 왜 안해져요? 하당옷의 예도위리나 메가스터디도 다 환불래줘요. 왜 여기만 못해 준다는 거예요",아니 누가 그런 걸 일일이 다 보고 신청을 해요 그렇게 중요한 건 강의 처음이나 중간에 고지를 해줬어야죠 줘야죠 그리고 경제현상이 시원스쿨은 강의를 얼마나 들었든 남은 부분 남은 부분에 대해서는 환불해주던데 여기는 왜 안 해줘요 하다못해 예대율이나 메가스터디도 다 환불해줘요왜 여기만 못 해 준다는 거예요,170,0.258824,25,15,4,9
S00002216_t0023,0023.wav,0,교육,아유 됐어요 그럼 다 피 없어요. 저 여기 정 떨어져서 안 쓰라니까 그냥 타이트해 할 테니깐 타이틀 시켜주세요,됐어요 그럼 다 필요 없어요 저 여기 좀 떨어져서 안 쓸라니까 그냥 탈퇴할테니까 탈퇴시켜주세요,52,0.365385,8,1,10,4
S00002216_t0024,0024.wav,0,교육,홈페이지에서 직접 진행 가능합니다.,홈페이지에서 직접 진행 가능합니다,18,0.055556,0,0,1,0
S00002216_t0025,0025.wav,0,교육,아니 내가 또 홍베이지 로그인하고 그래야 돼요? 왜 이렇게 사람을 번거롭게 해요? 그냥 여기서 해주세요.,아니 내가 또 홈페이지 로그인 하고 그래야 돼요 왜 이렇게 사람을 번거롭게요 그냥 여기서 해 주세요,55,0.163636,2,2,5,3
S00002216_t0026,0026.wav,0,교육,수저 파셔야 합니다.,직접 하셔야 합니다,10,0.400000,3,0,1,0
S00002216_t0027,0027.wav,0,교육,특이한 헌병 안 돼서 짜증나는데 더 짜증 나게 하지 마시고 그냥 좀 해주세요. 안 되는 다 되는데 왜 여긴 안되는 게 이렇게 많아요?,가뜩이나 환불안되서 짜증나는데 더 짜증나게 하지 마시고그냥좀해주세요 딴 데는 다 되는데 왜 여기는 안되는게 이렇게 많아요,67,0.283582,8,2,9,7
S00002216_t0028,0028.wav,0,교육,그럼 본인 인증 후 진행하겠습니다.,그럼 본인 인증 후 진행하겠습니다,18,0.055556,0,0,1,0
S00002216_t0029,0029.wav,0,교육,어? 진짜 왔다. 뭐 이상한 주소 같은 거 왔는데 이걸로 뭘 어떻게 해요,어/ 문자 왔다. 뭐 이상한 주소 같은 거 왔는데 이걸로 뭘 어떻게 해요.,41,0.097561,3,1,0,0
S00002216_t0030,0030.wav,0,교육,링크 눌러서 인증 부탁드립니다.,링크 눌러서 인증 부탁드립니다,16,0.062500,0,0,1,0
S00002216_t0031,0031.wav,0,교육,"네, 했어요. 이제 다 된 건가요? 더 이상 번거롭게 하지 않았으면 좋겠네요",네 했어요 이제 다 된 건가요 더이상 번거롭게 하지 않았으면 좋겠내요,38,0.131579,1,0,4,1
S00002216_t0032,0032.wav,0,교육,하루 정도 소요됩니다.,하루정도 소요됩니다,10,0.200000,0,0,2,1
S00002216_t0033,0033.wav,0,교육,알겠어요. 화내서 미안해요 내가 아가씨한테 뭐라는게 아니고 입장 바꿔서 생각해보면 아가씨를 하안나?,알겠어요 화내서 미안해요 내가 아가씨한테 뭘 하는게 아니고 입장 바꿔서 생각해보면 아가씨 같으면 화 안나겠어요,61,0.213115,5,7,1,3
S00002216_t0035,0035.wav,0,교육,이럴 줄 알았으면 그렇게 강의 신청 많이 하지 말걸. 저는 들는 만큼은 내고 나머지는 도웨받을 수 있는 줄 알았어요,이럴 줄 알았으면 그렇게 강의 신청 많이 하지 말고 저는 들은 만큼만 내고 나머지는 돌려받을 수 있는 줄 알았어요,63,0.095238,5,0,1,0
S00002216_t0037,0037.wav,0,교육,어쨌든 뭐 써놨다는데 안 해 근데 내 모시죠 타이틀 처리라도 정확히 해주세요,어쨌든 뭐 써놨다는 안 읽은 내 잘못이죠. 탈퇴 철회라도 정확히 해주세요.,41,0.365854,10,2,3,3
S00002216_t0038,0038.wav,0,교육,혹시 나중에 제가 이빨 때 문제되는 건 아닌가요?,혹시 나중에 재가입할 때 문제되는 것 아닌가요,25,0.240000,4,0,2,1
S00002216_t0039,0039.wav,0,교육,알겠어요 수고하세요,알겠어요 수고하세요,10,0.000000,0,0,0,0
S00002240_t0002,0002.wav,0,교육,저 민재영 선용관이 없었나요?,저/ 민주영 선생님 방이 없어졌나요?,20,0.400000,4,4,0,1
S00002240_t0003,0003.wav,0,교육,아 전 그 분광이들을 보고 가있었던 건데 다시 안 하시는 건가요?,전 그 분 강의 들으려고 가입한건데 다시 안하시는 건가요,31,0.483871,8,1,6,6
S00002240_t0005,0005.wav,0,교육,"그럼 저 탈대하려고, 탈대도 들게요.",그럼 저 탈퇴할래요. 탈퇴 어떻게 해요?,22,0.545455,10,2,0,3
S00002240_t0006,0006.wav,0,교육,홈페이지에서 가능합니다.,홈페이지에서 가능합니다,12,0.083333,0,0,1,0
S00002240_t0007,0007.wav,0,교육,화이트하면 남아있는 주관금액 다 헌불 가능한 거죠 바로 들어오네요,탈퇴하면 남아있는 수강 금액 다 환불 가능한거죠? 바로 들어볼까요?,37,0.324324,7,3,2,2
S00002240_t0008,0008.wav,0,교육,성함 아이디 부탁드립니다.,성함 아이디 부탁드립니다,13,0.076923,0,0,1,0
S00002240_t0011,0011.wav,0,교육,왜요? 그럼 제 돈을 그냥 거기서 다 가져간다는 말 주세요.,왜요 그럼 제 돈은 그냥 거기서 다 가져간다는 말씀이세요,31,0.161290,3,0,2,1
S00002240_t0012,0012.wav,0,교육,이벤트로 지급받으신 정립금은 탈대시 소멸됩니다.,이벤트로 지급받으신 적립금은 탈퇴시 소멸됩니다,25,0.120000,2,0,1,0
S00002240_t0013,0013.wav,0,교육,"아, 제 돈들인 게 아니라서 그런 공사야? 너무 취소하네요. 그럼 수감 금액은요? 순수한지 목표 안 될 때가 완별 반응하죠",아/ 제 돈 들인게 아니라서 그런 건가요? 너무 치사하네요. 그럼 수강 금액은요? 신청한지 (6개월)/(육 개월)안됐으니까 환불가능하죠?,76,0.421053,22,9,1,5
S00002240_t0014,0014.wav,0,교육,강의 30% 이상 수강하셔서 안됩니다,강에 삼십퍼센트 이상 수강하셔서 안됩니다,22,0.272727,4,2,0,0
S00002240_t0019,0019.wav,0,교육,그런 게 어디 있어요? 그런 건 미리 말해줘서 해야 돼요. 알았으면 그렇게 많이 쓰지 않겠죠,그런 게 어디 있어요 그런 건 미리 말을 해줬어야 했나요 알았으면 그런 게 많이 신청 안 했죠,52,0.307692,13,2,1,4
S00002240_t0020,0020.wav,0,교육,강의 신청 퓨즈 나와 있습니다.,강의 신청페이지에 나와있습니다,16,0.375000,3,1,2,2
S00002240_t0022,0022.wav,0,교육,그리고 경쟁사인 시원스크룬 강의를 얼마나 들었던 방문 부분에 대해서 환불해 주던데 여긴 왜 안 해줘요 하다 못해 예소위리나 맥하 스터디도 다 환부를 줘요 왜 여기만 해주는 거예요,그리고 경쟁사인 시원스쿨은 강의를 얼마나 들었던 남은 부분에 대해서 환불해주던데 여기는 왜 안 해줘요 하다못해 YES 의리나 메카스터디도 다 환불해줘요 왜 여기만 해주는 거예요,98,0.193878,12,3,4,5
S00002240_t0024,0024.wav,0,교육,안 됐어요. 그런 거 필요 없어요 저희 여기 정돌려줘서 안 쓰려고 하니까 그냥 탈 테니까 저한테 시켜주세요,"아/ 됐어요. 그럼 다 필요없어요. 저 여기 정 떨어져서 안쓸라니까, 그냥 탈퇴하니까 탈퇴 시켜주세요.",57,0.421053,12,5,7,5
S00002240_t0025,0025.wav,0,교육,홈페이지에서 직접 진행 가능합니다.,홈페이지에서 직접 진행 가능합니다,18,0.055556,0,0,1,0
S00002240_t0026,0026.wav,0,교육,아니 내가 또 휘인이라고 인한 거 그래야 돼요? 왜 이렇게 사람 번거롭게 해요 그냥 여기서 해주세요,아니 내가 또 홈페이지에 로그인하고 그래야 돼요 왜 이렇게 사람을 번거롭게요 그냥 여기서 해 주세요,55,0.254545,8,3,3,3
S00002240_t0027,0027.wav,0,교육,직접 하셔야 합니다.,직접 하셔야 합니다,10,0.100000,0,0,1,0
S00002240_t0028,0028.wav,0,교육,갑자기는 홍보한테 싸우지 마는데 짜증나게 하지 마시고 그냥 해주세요. 다른 데는 다 더 했는데 왜 여기는 안 되는 게 이렇게 많아요?,"가뜩이나 환불 안되서 짜증나는데, 짜증나게 하지 마시고 그냥 해주세요. 딴데는 다 되어 있는데 왜 여기는 안 되는 게 이렇게 많아요?",74,0.283784,17,2,2,5
S00002240_t0029,0029.wav,0,교육,그럼 본인 인증을 진행하겠습니다.,그런 본인 인증을 진행하겠습니다,17,0.117647,1,0,1,0
S00002240_t0030,0030.wav,0,교육,어... 문자왔다 모의성한 주소 같은 게 왔는데요 이걸로 먹 어떡해요?,어/ 문자왔다 뭐/ 이상한 주소 같은데 왔는데 이걸로 뭐 어떻게해요?,38,0.368421,7,3,4,2
S00002240_t0031,0031.wav,0,교육,링크 눌러서 인증 부탁드립니다.,링크를 눌러서 인증 부탁드립니다,17,0.117647,0,1,1,0
S00002240_t0032,0032.wav,0,교육,"네, 이제 다 된 건가요? 토이정 번구롭게 하지 않았으면 좋겠네요.","네, 했어요. 이제 다 된건가요? 이+ 더이상 번거롭게 하지 않았으면 좋겠네요.",44,0.272727,3,8,1,3
S00002240_t0033,0033.wav,0,교육,하루 정도 수요됩니다.,하루정도 소요됩니다,10,0.300000,1,0,2,1
S00002240_t0039,0039.wav,0,교육,혹시 나중에 제가 이걸로 문제 되는 건 아닌가요?,혹시 나중에 재가입할 때 문제되는 것 아닌가요,25,0.320000,6,0,2,3
S00002240_t0040,0040.wav,0,교육,알겠어요. 수고하세요,가야겠어요. 수고하세요.,13,0.230769,1,2,0,0
S00002250_t0002,0002.wav,0,교육,민재영 선생님이 강의 없으셨나요?,그럼 @민주영 선생님 강의 없으셨나요?,21,0.285714,1,4,1,1
S00002250_t0003,0003.wav,0,교육,"아, 그럼 그분 강의 들으려고 강읽했던 건데 다시 안 하시는 건가요?",아 지금 그분 강의들으려고 가입했던 건데 다시 안하시는 건가요,34,0.235294,4,0,4,2
S00002250_t0005,0005.wav,0,교육,그럼 이제 택대할래요? 택도 어떻게 해요,그럼 저 탈퇴할래요. 탈퇴 어떻게 해요?,22,0.363636,6,1,1,0
S00002250_t0006,0006.wav,0,교육,홈페이지에서 반응합니다.,홈페이지에서 가능합니다,12,0.250000,2,0,1,0
S00002250_t0007,0007.wav,0,교육,탈퇴하면 남아있는 수관금의액탑 환불 가능한 거죠? 바로 들어오나요.,탈퇴하면 남아있는 수강 금액 다 환불 가능한거죠 바로 들어오나요,35,0.228571,4,1,3,3
S00002250_t0008,0008.wav,0,교육,성함 ID 부탁드립니다.,성함 아이디 부탁드립니다,13,0.307692,2,1,1,0
S00002250_t0011,0011.wav,0,교육,왜요? 그럼 제 돈을 그냥 거기서 다 가져간다는 말씀이세요.,그래요 그럼 제 돈은 그냥 거기서 다 가져간다는 말씀이세요,32,0.156250,4,0,1,0
S00002250_t0012,0012.wav,0,교육,이벤트로 지급받으신 정립금은 탈퇴시 손 날대입니다.,이벤트로 지급받으신 적립금은 탈퇴시 소멸됩니다,25,0.280000,4,0,3,1
S00002250_t0013,0013.wav,0,교육,"아, 제 돈들인 게 아니라서 그런 건가요? 너무 치사네요. 그럼 수만 금액은요. 신승한 지 일주일 안 됐으니까 환불 가능하죠",아 제 돈 들인 게 아니라서 그런건가요 너무 치사하네요 그리고 수박 금액은요 신청한지 일주일도 안되서 안됐으니까 환불가능하죠,69,0.246377,3,7,7,4
S00002250_t0014,0014.wav,0,교육,강의 30% 이상 수강하셔서 안됩니다.,강의 (30%)/(삼십 퍼센트) 이상 수강하셔서 안 됩니다.,33,0.363636,0,12,0,2
S00002250_t0015,0015.wav,0,교육,아니 30%도 안 들어보고 그 강의가 어떤 강인지 어떻게 알아요? 그 순간 봐야지 들을만한 지 알죠.,아니 삼십프로드 안 들어보고 그 강의가 어떤 강인지 어떻게 알아요 그것은든 봐야지 들을만한 지 알죠,55,0.181818,7,1,2,1
S00002250_t0017,0017.wav,0,교육,전체 금액이 아니라 나머지 70%만큼이라도 계산해서 돌려주면 안 돼요? 내가 안들어 있는 부분까지 부담하는 건 너무 불합리해요.,전체 금액이 아니라 그럼 나머지 칠십프로만큼이라도 괴상해서 돌려주면 안돼요 내가 안 되는 부분까지 더 부담하는 건 너무 불합리해요,72,0.236111,6,6,5,3
S00002250_t0019,0019.wav,0,교육,그런 게 어디 있어요? 그런 걸 미리 말씀해 줘야죠. 알아서는 그렇게 많이 침침 안 했죠,그런게 어딨어요 그런 거 미리 말씀해 주셔야죠 알았으면 그렇게 많이 신청을 안 했죠,46,0.326087,8,2,5,2
S00002250_t0020,0020.wav,0,교육,강의 신청페이지에 나아 있습니다.,당일 신청페이지에 나와있습니다,16,0.312500,3,0,2,1
S00002250_t0021,0021.wav,0,교육,아니 누가 그런 걸 1위 다 보고 심층을 해요? 그렇게 중요한 건 강의천이나 중간에 고지해줘야죠.,아니 누가 그런 걸 일일이 다 보고 신청을 해요 그렇게 중요한 건 강의 처음이나 중간에 어디에 둬야죠,56,0.267857,9,4,2,2
S00002250_t0022,0022.wav,0,교육,그리고 김경사인 시원스쿠론 강의로 얼마나 들었던 남은 부분에 대해서 함부를 해 주던데 왜 이렇게 안 해줘요? 하는 것 때 에도일이나 메카 스토지도 다 함부해줘요. 왜 얘기하면 어떻게 된다는 거예요,그리고 경쟁사인 시원스쿨원 강의를 얼마나 들었던 남은 부분에 대해서는 환불을 해주던데 여긴 왜 안 해줘요 하다못해 에도 일이나 메카 스터디도 다 환불해줘요 [일] 개월을 어떻게 된다는 거예요,106,0.320755,27,2,5,10
S00002250_t0024,0024.wav,0,교육,됐어요 그럼 나 필요 없어요. 여기 정 떨어졌어 안 쓰려니까 그냥 탈퀴 할 테니깐 탈태시켜주세요,아우 됐어요 그럼 나 필요 없어요 여기 정떨어졌어요 안 쓰려니까 그냥 탈퇴할테니까 탈퇴시켜주세요,53,0.207547,3,4,4,4
S00002250_t0025,0025.wav,0,교육,홈페이지에서 직접 진행 가능합니다.,홈페이지에서 직접 진행 가능합니다,18,0.055556,0,0,1,0
S00002250_t0026,0026.wav,0,교육,아니 내가 똥 스피이지 로그인하고 그래야 돼요? 왜 이렇게 사람을 붕그럽게 해요. 그냥 여기서 해주세요,아니 내가 또 홈페이지 로그인 하고 그래야 돼요 왜 이렇게 사람을 부를께요 그냥 여기서 해 주세요,54,0.240741,6,2,5,3
S00002250_t0027,0027.wav,0,교육,직접 하셔야 합니다,직접 하셔야 합니다,10,0.000000,0,0,0,0
S00002250_t0028,0028.wav,0,교육,"가뜨기는 오 한 물에 짜증나는데, 더 짜증 나게 하지 마시고 비양적 해주세요. 안전은 다 되는데 왜 일기는 안되는 게 이렇게 많나요?",가뜩이나 환불할 때도 짜증나는데 더 짜증나게 하지 마시고 그냥 좀 해주세요. 딴 데는 다 되는데 왜 여기는 안 되는 게 이렇게 많나요?,75,0.266667,15,3,2,5
S00002250_t0029,0029.wav,0,교육,그럼 본인 중호 진행하겠습니다.,그런 본인인증후 진행하겠습니다,16,0.312500,4,0,1,1
S00002250_t0030,0030.wav,0,교육,어? 문자 왔다. 뭐 이상한 주조 같은 거 맞는데요? 이걸로 뭘 어떻게 해요~?,어/ 문자 왔다. 뭐 이상한 주소 같은 거 왔는데요? 이걸로 뭘 어떻게 해요?,43,0.093023,3,0,1,0
S00002250_t0031,0031.wav,0,교육,링크 눌러서 인증 부탁드립니다.,링크를 눌러서 인증 부탁드립니다,17,0.117647,0,1,1,0
S00002250_t0032,0032.wav,0,교육,"네, 했어요. 이제 다 된 건가요? 더 이상 붉을 게 하지 않으시면 좋겠네요","네, 했어요. 이제 다 된 건가요? 더 이상 번거롭게하지 않았으면 좋겠네요.",42,0.166667,5,1,1,2
S00002250_t0033,0033.wav,0,교육,하루 정도 소요됩니다.,하루정도 소요됩니다,10,0.200000,0,0,2,1
S00002250_t0034,0034.wav,0,교육,알겠어요. 화내수 미안해요 내가 아가지한테 물하고 하는 게 아니고 입장 바꿔서 생각해보면 아가지가 때문에 화 안 나겠어요,알겠어요 화내서 미안해요 내가 아가씨한테 뭐라고 하는 게 아니고 입장 바꿔서 생각해보면 아가씨 같으면 화 안나겠어요,64,0.171875,8,0,3,1
S00002250_t0038,0038.wav,0,교육,어쨌든 다 수났는데 안 읽은 게 잘못이죠. 택재 틀이라도 정확하게 해주세요,어쨌든 다 써놨는데 안 읽은 내 잘못이죠 탈퇴처리라도 정확하게 해주세요,39,0.230769,7,0,2,1
S00002250_t0039,0039.wav,0,교육,혹시 나중에 제가 해갈 때 문제되는 건 아닌가요?,혹시 나중에 재가입할 때 문제되는 것 아닌가요,25,0.240000,4,0,2,1
S00002250_t0040,0040.wav,0,교육,알겠습니다. 수고하세요,알겠습니다 알겠어요 수고하세요,16,0.312500,1,4,0,1
S00002265_t0002,0002.wav,0,교육,"아, 저는 그분 방위드리려고 가입했던 건데 다시 안 하시는 건가요?",아 전 그분 강의드리려고 가입했던 건데 다시 안 하시는 건가요,34,0.176471,3,0,3,0
S00002265_t0005,0005.wav,0,교육,홈페이지에서 가능합니다.,홈페이지에서 가능합니다,12,0.083333,0,0,1,0
S00002265_t0006,0006.wav,0,교육,탈퇴하는 남아있는 수강금에 다 환불 가능한 거죠? 바로 들어오나요,탈퇴하면 남아있는 수강금액에서환불가능한거죠 바로 들어오나요,32,0.250000,4,0,4,4
S00002265_t0007,0007.wav,0,교육,성함 아이디스카스들입니다.,성함 아이디 부탁드립니다,13,0.461538,5,0,1,1
S00002265_t0008,0008.wav,0,교육,"김남일, SADFSEF요. 지금 정밋금도 좀 남아있고 강의도 다 안 들은 거 몇 개 있어요",김남일 에세이 디 에프 에스 [이] 에프요 지금 적립금도 좀 남아 있고 강의도 다 안 들어온 거 몇 개 있어요,61,0.393443,13,11,0,6
S00002265_t0010,0010.wav,0,교육,왜요? 그럼 제 돈을 그냥 거기서 다 가져간다는 말씀이세요.,왜요 그럼 제 돈은 그냥 거기서 다 가져간단 말씀이세요,30,0.166667,2,0,3,0
S00002265_t0012,0012.wav,0,교육,"아, 제 돈 들인 게 아니라서 그런 건가요? 너무 치사하네요. 그럼 수강금액은요 신청한 지 일주일 안 되시니까 헌별 가능하죠",아 제 돈 들인 게 아니라서 그런건가요 너무 치사하네 그럼 수강 금액은요 신청한지 일주일 안됐으니까 환불가능하죠,62,0.209677,4,1,8,5
S00002265_t0013,0013.wav,0,교육,강이 30% 이상 수건하셔서 안됩니다.,삼십프로 이상 수강하셔서 안됩니다,18,0.444444,5,0,3,1
S00002265_t0014,0014.wav,0,교육,아니 30%도 안 들어보고 그 강의 어떤 강인지 어떻게 알아요? 그 정도는 들어봐야지 들을만 한지 알죠,아니 삼십 퍼센트도 안 들어보고 그 강의가 어떤 관계인지 어떻게 알아요 그 정도는 들어봐야지 들을만한지 알죠,60,0.183333,4,5,2,2
S00002265_t0016,0016.wav,0,교육,전체 금액 아니라 그럼 나머지 70%만큼이라도 계산해서 돌려주면 안돼요. 내가 안들어 본 것까지 부담하는 건 너무 불안해요,전체 금액아니라 그럼 나머지 칠십퍼센트만큼이라도 계산해서 돌려주면 안돼요 내가 안 되는 부분까지 부담하는 건 너무 불합리해요,69,0.217391,10,3,2,5
S00002265_t0017,0017.wav,0,교육,그런 게 어디 있어요? 그런 건 미를 말을 해줘야죠. 알았으면 그렇게 많이 신청 안 했죠,그런게 어딨어요 그런 건 미로의 말을 해줬어야죠 알았으면 그렇게 많이 신청 안 했죠,46,0.217391,3,2,5,2
S00002265_t0019,0019.wav,0,교육,아니 누가 그런 거 일일이 다 보고 신청을 해요? 그렇게 중요한 건 강의 처음이나 중간에 고지해줘야죠.,아니 누가 그런 거 일일이 다 보고 신청을 해요 그렇게 중요한 건 강의 처음이나 중간에 고지 해줘야죠,56,0.053571,0,1,2,1
S00002265_t0020,0020.wav,0,교육,그리고 경쟁사인 시원스쿨은 광리를 얼마나 들었던 나무 부분에 대해서 환불해주셨는데 여긴 왜 안 해줘요? 하다 못해 얘도위리나 메가스터딧 다 환불래줘요. 왜 여기만 못해준다는 거예요,그리고 경쟁사인 시원스쿨은 강의를 얼마나 들었던 남은 부분에 대해서는 환불을 해주던데 여기는 왜 안해줘요 하다못해 예대율이나 메가스터디도 다 환불해 줘요 왜 여기만 못 해준다는 거예요,102,0.235294,12,7,5,5
S00002265_t0022,0022.wav,0,교육,아우 됐어요 그럼 다 필요 없어요. 저 여기 정 떨어져서 안 쓰라니까 그냥 탈퇴할 테니깐 탈태시켜주세요,아유 됐어요 그럼 다 필요 없어요 저 여기 정떨어져서 안 쓸라니까 그냥 탈퇴할테니까 탈퇴시켜주세요,54,0.129630,4,0,3,2
S00002265_t0023,0023.wav,0,교육,바람이 다,홈페이지에서 직접 진행 가능합니다,18,0.833333,2,13,0,2
S00002265_t0024,0024.wav,0,교육,아니 내가 또 홈페이지 로그인하고 그래야 돼요? 왜 이렇게 사항을 번거롭게 해요. 그냥 여기서 해주세요,아니 내가 또 홈페이지 로그인 하고 그래야 돼요 왜 이렇게 사람을 번거롭게 해요 그냥 여기서 해주세요,56,0.071429,1,1,2,1
S00002265_t0025,0025.wav,0,교육,계속 하셔야 합니다,직접 하셔야 합니다,10,0.200000,2,0,0,0
S00002265_t0026,0026.wav,0,교육,가뜩이나 환불 안 돼서 짜장나는데 더 짜장 나게 하지 마시고 그냥 좀 해주세요. 딴 데는 다 됐는데 왜 여기는 안되는 게 이렇게 많아요?,가뜩이나 환불안되서 짜증나는데 더 짜증나게 하지 마시고 그냥 좀 해주세요 딴 데는 다 되는데 왜 여기는 안되는게 이렇게 많아요,70,0.142857,4,0,6,4
S00002265_t0027,0027.wav,0,교육,닌즈 후 진행하겠습니다.,그럼 본인 인증 후 진행하겠습니다,18,0.500000,2,6,1,2
S00002265_t0029,0029.wav,0,교육,링크 눌러서 인사 부탁드립니다.,링크 눌러서 인증 부탁드립니다,16,0.125000,1,0,1,0
S00002265_t0030,0030.wav,0,교육,네 했어요 이제 다 된 건가요? 더 이상 번거로 깨지 않았으면 좋겠네요,내 했어요 이 제 다 된 건가요 더이상 번거롭게 하지 않았으면 좋겠네요,39,0.179487,3,2,2,2
S00002265_t0031,0031.wav,0,교육,하루 정도 소요됩니다.,하루정도 소요됩니다,10,0.200000,0,0,2,1
S00002265_t0032,0032.wav,0,교육,알겠어요 화내고 미안해요 내가 아가씨한테 뭐라는게 아니고 입장 바꿔서 생각해보면 아가시같은 화 안 나겠어요?,알겠어요 화내서 미안해요 내가 아가씨한테 뭘 하는게 아니고 입장 바꿔서 생각해보면 아가씨 같으면 화 안나겠어요,61,0.163934,5,3,2,3
S00002265_t0034,0034.wav,0,교육,이럴 줄 알았으면 그렇게 강의 신청 많이 하지 말걸 저는 들은만큼만 내고 나머지는 돌려받을 수 있는 줄 알았어요,이럴 줄 알았으면 그렇게 강의 신청 많이 하지 말 것 저는 들어온 만큼만 내고 나머지를 돌려받는 돌려받을 수 있는 줄 알았어요,70,0.142857,2,8,0,3
S00002265_t0035,0035.wav,0,교육,어쨌든 뭐 써놨다는데 안 읽은 내 잘못이죠. 살 때 철이라도 정확히 해주세요,어쨌든 뭐 써 놨다는데 안 읽은 내 잘못이죠 탈퇴 처리라도 정확히 해주세요,41,0.170732,4,1,2,2
S00002265_t0037,0037.wav,0,교육,알겠어요 수고하세요,알겠어요 수고하세요,10,0.000000,0,0,0,0
S00002274_t0001,0001.wav,0,교육,안녕하세요 상담사 김인수입니다.,안녕하세요 상담사 김윤수입니다,16,0.125000,1,0,1,0
S00002274_t0004,0004.wav,0,교육,"그래서 설치를 진행했는데, 설치를 완료했는데도 인터넷광이가 작동이 잘 안되어서 여쭤보려구요. 왜 안 되죠? 좀 알아봐주세요",그 축제를 진행했는데 설치를 완료 했는데도 인터넷강의가 작동이 잘 안되어서 여쭤보려고요 왜 안되죠 좀 알아봐주세요 네,65,0.215385,5,3,6,3
S00002274_t0011,0011.wav,0,교육,설치를 다 했는데요 그게 안 되는 이유가 설치 문제 왜 다른 이유인 건가요?,설치를 다 했는데요 그게 안되는 이유가 설치 문제 외에 다른 이유는 없는 건가요,44,0.181818,2,4,2,2
S00002274_t0013,0013.wav,0,교육,역시 노트북이 아니라 그냥 1분 키치해서 하면 되거나 그런 건 없나요? 사양의 문제라든지 용량의 문제 라든지 그런 거 전혀 없는 건가요? 그런 거만 다른 방법을 시작해보려고요.,혹시 노트북이 아니라 그냥 일본 PC 에서 파면되거나 그런건 없나요 서양의 문제라던지 용량의 문제라던데 그런 건 전혀 없는 건가요 그런 것만 다른 방법을 시도해 보려구요,94,0.244681,15,2,6,5
S00002274_t0015,0015.wav,0,교육,그럼 제가 지금 다시 한번 확인해 볼게요. 잠시만요,그럼 제가 지금 다시 한번 확인해 볼게요 잠시만요,27,0.037037,0,0,1,0
S00002274_t0016,0016.wav,0,교육,제가 지금 독툴을 켰고요. 똑같이 동영상 강의 시작하도록 진행해볼게요. 로그인하고 다운받은 목록 들어가서 플레이버튼 누르는 거 맞죠?,사실 노트북 켰고요 똑같이 동영상강의 시작해 시작하도록 진행해볼게요 로그인 하고 다운받은 목록 들어가서 플레이 버튼 누르는거 맞죠,72,0.263889,7,5,7,4
S00002274_t0019,0019.wav,0,교육,필수 설치가 두 개고요. 선택설치가 2개고 각각 설치를 할 수 있고 통합 설치를 누르면 한꺼번에 설치된다고 뜨네요 여기서 저는 필수설치 각광으로 설치했어요,그래서 사기죄가 두배고요 선택설치가 두개고 각각 설치할 수 있고 통합 스위치를 누르면 한꺼번에 설치가 된다고 뜨네요 여기서 저는 필수 설치 각각 눌러서 설치했어요,90,0.244444,10,8,4,5
S00002274_t0020,0020.wav,0,교육,그런데 제가 2-3번 정도 더 설치를 해봤거든요 아까 말씀드렸듯이 자꾸 설치를 하는데도 안 되어서요,그런데 제가 두세번 정도 더 설치를 해 봤거든요 아까 말씀드렸듯이 자꾸 설치를 하는데도 안 되어서요,55,0.072727,2,1,1,1
S00002274_t0022,0022.wav,0,교육,이런 문구가 뜨는 거면 제 노트북에 어떤 문제가 있는 것이 아니라 인간 홈페이지 쪽의 문제가 있는 거 아닌가요? 아니면 혹시 선택 설치까지도 전부 다 설치해야 하는 걸까요? 불안해서 그런 건 싫은데요. 왜 이런 거죠,이런 문구가 뜨는 거면 제 노트북에 어떤 문제가 있는 것이 아니라 인간 홈페이지 쪽에 문제가 있는 것 아닌가요 아니요 혹시 선택 설치까지도 전부 다 교체 해야 하는 걸까요 불안해서공원 쉬운데요 왜이런거죠,113,0.159292,9,1,8,5
S00002274_t0023,0023.wav,0,교육,선택선치도 하실 것을 권유해 드립니다.,선택 설치도 하실 것을 권유해 드립니다,21,0.142857,1,1,1,1
S00002274_t0026,0026.wav,0,교육,아 그렇군요 감사합니다. 그럼 제가 한번은 시도해보고 그 때도 안 되면 또 문의저나 드릴게요,아 그렇군요 감사합니다 그럼 제가 한번 시도해 보고 그때도 안 되면 또 문의 전화 드릴게요,50,0.140000,2,2,3,3
S00002288_t0002,0002.wav,0,교육,저 민지영 선생님 강의 없어졌나요?,그래서 @민지영선생님 강의 없어졌나요?,21,0.238095,1,3,1,1
S00002288_t0003,0003.wav,0,교육,"아, 전 그분 강의들이려고 가입했던 건데 다시 안 하시는 건가요?",전 그분 강의들으려고 가입했던 건데 다시 안하시는 건가요,31,0.193548,1,0,5,2
S00002288_t0005,0005.wav,0,교육,그럼 저 탈표할래요? 할 때 어떻게 해요??,그럼 저 탈퇴할래요할때 어떻게 해요,19,0.315789,1,0,5,2
S00002288_t0006,0006.wav,0,교육,홈페이지에서 가능합니다.,홈페이지에서 가능합니다,12,0.083333,0,0,1,0
S00002288_t0007,0007.wav,0,교육,탈퇴하면 남아있는 수방금에 다 한글 가능한 거죠? 바로 들어오나요.,탈퇴하면 남아있는 수강 금액 다 환불 가능한거죠 바로 들어오나요,35,0.228571,4,1,3,2
S00002288_t0008,0008.wav,0,교육,성음 아이디 부탁드립니다.,성함 아이디 부탁드립니다,13,0.153846,1,0,1,0
S00002288_t0011,0011.wav,0,교육,그럼 제 돈을 그냥 거기서 다 가져간다는 말씀이세요?,왜요 그럼 제 돈은 그냥 거기서 다 가져간다는 말씀이세요,31,0.161290,1,3,1,1
S00002288_t0012,0012.wav,0,교육,이벤트로 지급받으신 정리금은 탈특히 소면됩니다.,이벤트로 지급받으신 적립금은 탈퇴시 소멸됩니다,25,0.240000,5,0,1,0
S00002288_t0013,0013.wav,0,교육,"아, 제 돈 드린 게 아니라서 그런 건가요? 너무 취사네요. 그럼 수상금액은요? 신청한 지 일주일 안 됐으니까 환발 가능하죠",돈 들인 게 아니라서 그런건가요 너무 치사하네요 그럼 수박 금액은요 신청한지 일주일됐으니 안됐으니까 환불 가능하죠,63,0.333333,7,4,10,6
S00002288_t0014,0014.wav,0,교육,강의 30% 이상 수강하셔서 안됩니다.,강이 삼십프로 이상 수강하셔서 안됩니다,21,0.285714,4,1,1,0
S00002288_t0015,0015.wav,0,교육,아니 30%도 안 들어보고 그 강의가 어떤 강인지 어떻게 알아요? 그 정도는 봐야지 들을만한 줄 알죠,아니 삼십프로도 안 들어보고 그 강의가 어떤 관계인지 어떻게 알아요 그 정도는 봐야지들을 만난 줄 알죠,57,0.175439,5,3,2,2
S00002288_t0017,0017.wav,0,교육,전체 금액이 아니라 그럼 나머지 cc프로만큼이라도 계산해서 돌려주면 안돼요? 내가 안들은 부분까지 부담하는 건 너무 불합리해요,전체 금액이 아니라 그럼 나머지 칠십프로만큼이라도 계산해서 돌려주면 안돼요 내가 안 들은 부분까지 부담하는 건 너무 불합리해요,70,0.057143,2,1,1,1
S00002288_t0019,0019.wav,0,교육,그런게 어디있어요? 그런건 미리 말을 해줬어야죠 알았으면 그렇게 많이 신청 안했죠,그런 게 어디 있어요 그런 건 미리 말을 해줬어야죠 알았으면 그렇게 많이 신청 안 했죠,48,0.104167,0,4,1,4
S00002288_t0020,0020.wav,0,교육,강의친청 페이지에 나왔습니다.,강의 신청페이지에 나와있습니다,16,0.375000,4,1,1,2
S00002288_t0021,0021.wav,0,교육,아니 누가 그런 걸 일일이 다 보고 신청을 해요 그렇게 중요한 건 강의 처음이나 중간에 고지해줘야죠,아니 누가 그런 걸 일일이 다 보고 신청을 해요 그렇게 중요한 건 강의 처음이나 중간에 고지에 줘야죠,56,0.035714,1,1,0,1
S00002288_t0022,0022.wav,0,교육,"그리고 공대인 사이인 시원스쿨은 강의를 얼마나 들었던 남운 부분에 대해서 환불을 해주던데 여긴 왜 안 해줘요? 하자모타, 예도월이나 맥카스터디도 다 환불래줘요. 왜 여기만 못해준다는 거예요",그리고 경쟁사인 시원스쿨은 강의를 얼마나 들었든 남은 부분에 대해서는 환불해주던데 여기는 왜 안 해줘요? 하다못해 에듀월이나 메가스터디도 다 환불해줘요. 왜 여기만 못해 준다는 거예요?,103,0.223301,13,4,6,3
S00002288_t0024,0024.wav,0,교육,아유 됐어요 그럼 다 필요 없어요. 저 여기 정 떨어져서 안쓸라니까 그냥 탈태해야 되니깐 탈탈시켜주세요,아유 됐어요 그럼 다 필요 없어요 저 여기 정떨어져서 안 쓸라니까 그냥 탈퇴할테니까 탈퇴시켜주세요,54,0.185185,5,1,4,3
S00002288_t0025,0025.wav,0,교육,홈페이지에서 직접 진행 가능합니다.,홈페이지에서 직접 진행 가능합니다,18,0.055556,0,0,1,0
S00002288_t0026,0026.wav,0,교육,아니 내가 또 홈페이지 로그인하고 그래야 돼요? 왜 이렇게 사랑을 번거롭게 해요 그냥 여기서 해주세요,아니 내가 또 홈페이지에 로그인하고 그래야 돼요 왜 이렇게 사람을 번거롭게요 그냥 여기서 해주세요,54,0.092593,1,1,3,1
S00002288_t0027,0027.wav,0,교육,직접 하셔야 합니다,직접 하셔야 합니다,10,0.000000,0,0,0,0
S00002288_t0028,0028.wav,0,교육,가특이나 환불 안 돼서 짜증나는데 더 짜증 나게 하지 마시고 그냥 좀 해주세요. 산대는 다 됐는데 왜 여기는 안되는 게 이렇게 많아요?,가뜩이나 환불안되서 짜증나는데 더 짜증나게 하지 마시고 그냥 좀 해주세요 딴데는 다 되는데 왜 여기는 안 듣는 게 이렇게 많아요,71,0.169014,6,1,5,4
S00002288_t0029,0029.wav,0,교육,그럼 본인 인증 후 진행하겠습니다.,그럼 본인 인증 후 진행하겠습니다,18,0.055556,0,0,1,0
S00002288_t0030,0030.wav,0,교육,"어, 문자 왔다. 뭐 이상한 주소 같은 거 왔는데요? 이걸로 뭐 어떻게 해요...?",문자왔다 뭐 이상한 주소같은거 왔는데요 이걸로 뭐 어떡해요,32,0.468750,1,0,14,5
S00002288_t0031,0031.wav,0,교육,링크 눌러서 인중 부탁드립니다.,링크 눌러서 인증 부탁드립니다,16,0.125000,1,0,1,0
S00002288_t0032,0032.wav,0,교육,"네, 했어요. 이제 다 된 건가요? 더 이상 번거롭게 하지 않았으면 좋겠네요",네 했어요 이 제 다 된 건가요 더이상 번거롭게 하지 않았음 좋겠네요,38,0.184211,1,1,5,2
S00002288_t0033,0033.wav,0,교육,하루 정도 소요됩니다.,하루정도 소요됩니다,10,0.200000,0,0,2,1
S00002288_t0034,0034.wav,0,교육,알겠어요. 화내서 미안해요 내가 아가씨한테 뭐라는 게 아니고 입장 바꿔서 생각해보면 아가씨를 확 안 나겠어요?,알겠어요 화내서 미안해요 내가 아가씨한테 뭐라 하는 게 아니고 입장 바꿔서 생각해보면 아가씨 같으면 화 안 나겠어요,64,0.140625,2,5,2,2
S00002288_t0036,0036.wav,0,교육,이럴 줄 알았으면 그렇게 강의 신청 많이 하지 말걸. 저는 들은만큼 안 내고 나머지는 돌려받을 수 있는 줄 알았어요,이럴 줄 알았으면 그렇게 강의 신청 많이 하지 말걸 는 들은 만큼만 내고 나머지는 돌려받을 수 있는 줄 알았어요,62,0.080645,1,1,3,2
S00002288_t0038,0038.wav,0,교육,어쨌든 뭐 써놨다는데 안 읽은 내 잘못이죠. 탈퇴처리라도 정확히 해주세요,어쨌든 뭐 써 놨다는데 안 읽은 내 잘못이죠 탈퇴 처리라도 정확히 해주세요 네,43,0.116279,0,4,1,3
S00002288_t0039,0039.wav,0,교육,혹시 나중에 제가 해볼 때 문제 되는 건 아닌가요?,혹시 나중에 재가입할 때 문제되는 것 아닌가요 네,27,0.296296,5,1,2,3
S00002288_t0040,0040.wav,0,교육,알겠어요. 수고하세요,알겠어요 수고하세요,10,0.100000,0,0,1,0
S00002302_t0003,0003.wav,0,교육,"아, 전 그 분강이 드리려고 가입했던 건데 다시 안 하시는 건가요?",아 전 그분 강의들으려고 가입했던건데 다시 안하시는건가요,31,0.354839,5,0,6,6
S00002302_t0005,0005.wav,0,교육,그럼 저 탈퇴 할래요? 탈태 어떻게 해요~?,그럼 저 탈퇴할래요 탈퇴 어떻게 해요,20,0.250000,1,0,4,1
S00002302_t0006,0006.wav,0,교육,홈페이지에서 가능합니다.,홈페이지에서 가능합니다,12,0.083333,0,0,1,0
S00002302_t0007,0007.wav,0,교육,탈퇴하면 남아있는 수강금액이 한 불 가능한 거죠 바로 들어오나요?,탈퇴하면 남아있는 수강 금액 다 환불 가능한거죠 바로 들어오나요,35,0.171429,1,2,3,2
S00002302_t0008,0008.wav,0,교육,상와라이 D 부탁드립니다.,성함 아이디 부탁드립니다,13,0.538462,6,0,1,2
S00002302_t0011,0011.wav,0,교육,왜요? 그럼 제 돈을 그냥 거기서 다 가져간다는 말씀이에요.,왜요 그럼 제 돈은 그냥 거기서 다 가져간다는 말씀이에요,31,0.096774,1,0,2,0
S00002302_t0012,0012.wav,0,교육,이벤트로 지급받으신 정립금은 털트시 송혈됩니다.,이벤트로 지급받으신 적립금은 탈퇴시 소멸됩니다,25,0.240000,5,0,1,0
S00002302_t0013,0013.wav,0,교육,제 돈 드린 게 아니라서 그런 건가요? 너무 취사하네요. 그럼 수강금액은요 신청한 지 일주일 안 됐으니까 환불 가능하죠,제 돈 들인 게 아니라서 그런건가요 너무 치사하네요 그럼수강금이군요 신청한지 일주일 안됐으니까 환불가능하죠 돈이,62,0.241935,5,3,7,6
S00002302_t0014,0014.wav,0,교육,강이 30% 이상 수강하셔서 안됩니다.,삼십퍼센트 이상 수강하셔서 안됩니다,19,0.368421,5,0,2,1
S00002302_t0015,0015.wav,0,교육,아니 30%도 안 늘어보고 그 강의가 어떤 강인지 어떻게 알아요? 그때도는 봐야지 들을만한 줄 알죠,아니 삼십 퍼센트도 안 들어보고 그 강의가 어떤 강의인지 어떻게 알아요 그 정도는 봐야지 드릴만한 줄 알죠,59,0.220339,7,5,1,2
S00002302_t0017,0017.wav,0,교육,전체 금액 아니라 그럼 나머지 70%만이라도 계산해서 돌려주면 안 돼요? 내가 안들은 부분까지 부담한다는 건 너무 불합리예요.,전체금액아니라 그럼 나머지 칠십퍼센트만이라도 계산해서 돌려주면 안돼요 내가 안 되는 부분까지 부담한다는 건 너무 불합리해요,68,0.205882,6,3,5,4
S00002302_t0019,0019.wav,0,교육,그런 게 어디 있어요? 그런 건 미리 말을 해줘서야죠. 알았으면 그렇게 많이 신청 안 했죠,그런 게 어디 있어요 그런 건 미리 말을 해줬어야죠 알았으면 그렇게 많이 신청 안 했죠,48,0.083333,2,0,2,0
S00002302_t0020,0020.wav,0,교육,방해 신청 페이지에 나와 있습니다.,강의 신청페이지에 나와있습니다,16,0.312500,2,0,3,2
S00002302_t0021,0021.wav,0,교육,아니 누가 그런 걸 일일이 다 보고 신청을 해요 그렇게 중요한 건 강의 처음이나 중간에 고지해줘야죠,아니 누가 그런 걸 일일이 다 보고 신청을 해요 그렇게 중요한건 강의 처음이나 중간에 고지에 줘야죠,55,0.054545,1,1,1,2
S00002302_t0022,0022.wav,0,교육,"그리고 경쟁사인 시원스쿨은 강의를 얼마나 들었던 남은 부분에 대해서 환불을 해주던데 여긴 왜 안 해줘요? 하다 못해 얘도, 위리나 맥카 스토리 다 환부를 해줘야. 왜 여기만 못해준다는 거예요",그리고 경쟁사인 시원스쿨은 강의를 얼마나 들었든 남 남은 부분에 대해서는 환불을 해주던데 여기는 왜 안해줘요 하다못해 얘도 오일이나 메가스터디도 다 환불해 줘요 왜 여기만 못 해준다는 거예요,106,0.235849,15,5,5,7
S00002302_t0024,0024.wav,0,교육,아 됐어요 그럼 다 필요 없어요. 저 여기 정 떨어져서 안 쓰려니까 그냥 타이트할 테니깐 타이틀시켜주세요,됐어요 그럼 다 필요 없어요 정떨어져서 안 쓸라니까 그냥 탈퇴할테니까 탈퇴시켜주세요,46,0.413043,7,0,12,5
S00002302_t0025,0025.wav,0,교육,펌페이지에서 직접 진행 가능합니다.,홈페이지에서 직접 진행 가능합니다,18,0.111111,1,0,1,0
S00002302_t0026,0026.wav,0,교육,"아니, 내가 또 홈페이지 로그인하고 그래야 돼요? 왜 이렇게 사람을 덩거롭게 해요. 그냥 여기서 해주세요!",아니 내가 또 홈페이지 로그인 하고 그래야 돼요 왜 이렇게 사람을 번거롭게 해요 그냥 여기서 해주세요,56,0.107143,1,1,4,1
S00002302_t0027,0027.wav,0,교육,직접 봐줘야 합니다.,직접 하셔야 합니다,10,0.300000,2,0,1,0
S00002302_t0028,0028.wav,0,교육,가치 뜨기는 한 볼 안 돼서 짜증나는데 더 짜증 나게 하지 마시고 그냥 좀 해주세요. 딴 데는 다 되는데 왜 여기는 안되는 게 이렇게 많아요?,특히나 환불안되서 짜증나는데 더 짜증나게 하지 마시고 그냥 좀 해주세요 딴 데는 다 되는데 왜 여기는 안 되는 게 이렇게 많아요,71,0.225352,6,1,9,6
S00002302_t0031,0031.wav,0,교육,링크도 눌러서 인증 부탁드립니다.,링크 눌러서 인증 부탁 드립니다,17,0.176471,0,1,2,1
S00002302_t0032,0032.wav,0,교육,"네, 했어요. 이제 다 된 건가요? 더 이상 번그럽게 하지 않았으면 좋겠네요",네 했어요 이제 다 된 건가요 더이상 번거롭게 하지 않았으면 좋겠네요,38,0.157895,2,0,4,1
S00002302_t0033,0033.wav,0,교육,바로 정도 써야 됩니다,하루 정도 소요됩니다.,12,0.500000,4,1,1,1
S00002302_t0034,0034.wav,0,교육,알겠어요. 화내서 미안해요 내가 아가씨한테 뭐라고 하는 게 아니고 입장 바꿔서 생각해 보면 아가씨를 같이 먹으면 화 안 나겠어요?,알겠어요 화내서 미안해요 내가 아가씨한테 뭐라고 하는게 아니고 입장 바꿔서 생각해보면 아가씨 같으면 화 안나겠어요,63,0.142857,0,0,9,4
S00002302_t0036,0036.wav,0,교육,이럴 줄 알았으면 그렇게 강의 신청 많이 하지 말 것 저는 들을만큼만 내고 나머지는 돌려받을 수 있는 줄 알았어요,이럴 줄 알았으면 그렇게 강의 신청 많이 하지 말 것 저는 들을 만큼만 내고 나머지는 돌려받을 수 있는 줄 알았어요,64,0.015625,0,1,0,1
S00002302_t0038,0038.wav,0,교육,어쨌든 뭐 써놨는데 안 읽은 내 잘못이죠. 탈퇴 처리라도 정확히 해주세요,어쨌든 뭐 써놨는데 안 읽은 내 잘못이죠 탈퇴 처리라도 정확히 해주세요 네,41,0.073171,0,2,1,1
S00002302_t0039,0039.wav,0,교육,혹시 나중에 제가 입할 때 문제되는 건 아닌가요?,혹시 나중에 재가입할 때 문제되는 것 아닌가요,25,0.160000,2,0,2,1
S00002302_t0040,0040.wav,0,교육,알겠어요. 수고하세요,알겠어요 수고하세요,10,0.100000,0,0,1,0
S00002317_t0001,0001.wav,0,교육,안녕하세요 상담사 김민수입니다,안녕하세요 상담사 김민수입니다,16,0.000000,0,0,0,0
S00002317_t0008,0008.wav,0,교육,필수는 다 하신 건가요?,필수는 다 하신 건가요,12,0.083333,0,0,1,0
S00002317_t0010,0010.wav,0,교육,설치가 안 된 것 같습니다.,설치가 안 된 것 같습니다,14,0.071429,0,0,1,0
S00002317_t0015,0015.wav,0,교육,제가 지금 노트북 켰고요 똑같이 들어온 생각으로 시작하도록 진행해볼게요 로그인하고 다운로드 받은 공로그로 들어가서 플레이버튼 누르는 거 맞죠?,제가 지금 노트북 켜고요 똑같이 보는 금감위 시작하도록 진행해볼게요 로그인하고 다운로드 받은 목록으로 들어가서 플레이 버튼 누르는거 맞죠,76,0.184211,9,1,4,2
S00002317_t0020,0020.wav,0,교육,"그런데 제가 두, 세 번 정도 더 설치해봤거든요. 아까 말씀드렸듯이 자꾸 설치라는 게 다 안 됐어요",네 그런데 제가 두세번 정도 더 설치해 봤거든요 아까 말씀드렸듯이 자꾸 설치를 하는데 안되서요,52,0.288462,6,3,6,6
S00002317_t0023,0023.wav,0,교육,선택 설치도 하실 것을 권유 드립니다.,선택 설치도 하실 것을 권유드립니다,19,0.105263,0,0,2,1
S00002317_t0026,0026.wav,0,교육,그렇군요 감사합니다. 그럼 제가 한 번 더 신어해보고 그때도 안 되는 또 문장을 드릴게요,그렇군요 감사합니다 제가 그럼 제가 한 번 더 시도해 보고 그때도 안 되고 또 문제가 드릴게요,52,0.173077,6,3,0,2
S00002317_t0027,0027.wav,0,교육,네 감사합니다. 한국어 학원 김민수였습니다,네 감사합니다 한국어 학원 김민수였습니다,22,0.045455,0,0,1,0
S00002341_t0003,0003.wav,0,교육,"아, 전 그 분강이 들으려고 과입했던 건데 다시 안 하시는 건가요?",전 그 분 강의 들으려고 구입했던건데 다시 안하시는 건가요,32,0.281250,2,1,6,4
S00002341_t0005,0005.wav,0,교육,그런데 탈퇴할래요? 탈태 어떻게 해요,그런데 탈퇴할래요 탈퇴어떻게해요,17,0.235294,1,0,3,2
S00002341_t0006,0006.wav,0,교육,공기지에서 가능합니다.,홈페이지에서 가능합니다,12,0.333333,2,1,1,0
S00002341_t0007,0007.wav,0,교육,탈퇴하면 남아있는 충항군은 다 환불 가능한 거죠 바로 들어오나요?,탈퇴하면 남아있는 수강권을 다 환불 가능한거죠 바로 들어오나요,34,0.176471,4,0,2,1
S00002341_t0008,0008.wav,0,교육,정화만 이리 부탁드립니다.,성함 아이디 부탁드립니다,13,0.461538,5,0,1,2
S00002341_t0011,0011.wav,0,교육,왜요? 그럼 제 돈을 그냥 거기서 다 가져간다는 말인데요.,왜요 그럼 제 돈은 그냥 거기서 다 가져간다는 말씀이세요,31,0.193548,5,0,1,0
S00002341_t0012,0012.wav,0,교육,이벤트로 지급받으신 정립금은 태뜻이 소멸됩니다.,이벤트로 지급받으신 적립금은 반드시 소멸됩니다,25,0.200000,4,0,1,0
S00002341_t0013,0013.wav,0,교육,아 제 돈 들은 게 아니라서 그런 건가요? 너무 친사하네요. 그럼 수건 구매군요 신장한 일일지를 안 됐으니까 한 번 가능하죠,제 돈 들인 게 아니라서 그런건가요 너무 치사하네요 그럼 승환 금액은요 신청한지 일주일 안됐으니까 환불가능하죠,61,0.360656,14,0,8,7
S00002341_t0015,0015.wav,0,교육,아니 30%도 안 들어보고 그 강의가 어떤 강인지 어떻게 알아요? 그 정도는 봐야지 들을만한 줄 알죠,아니 삼십프로도 안 들어보고 그 강의가 어떤 관계인지 어떻게 알아요 그 정도는 봐야지 들을만한 줄 알죠,57,0.122807,4,2,1,0
S00002341_t0017,0017.wav,0,교육,전체 금액 아니라 그럼 나머지 70으로만큼이라서 계산해서 돌려주면 안 돼요. 내가 안되는 부분까지 부담하는 건 너무 불안해요,전체 금액아니라 그럼 나머지 칠십프로만큼이라도 계산해서 돌려주면 안돼요 내가 안 되는 부분까지 부담하는 건 너무 불합리해요,68,0.147059,5,2,3,3
S00002341_t0019,0019.wav,0,교육,그런 게 어디 있어요? 그런 거 미리 말을 해줘야죠. 알았으면 그렇게 많이 신상 안 했죠,그런게 어디있어요 그런건 미리 말을 해줬어야죠 알았으면 그렇게 많이 수정 안 했죠,45,0.222222,4,1,5,3
S00002341_t0020,0020.wav,0,교육,당신 점피리지에 나와 있습니다.,당일 신청페이지에 나와있습니다,16,0.437500,4,1,2,1
S00002341_t0021,0021.wav,0,교육,아니 누가 그런 걸 일일이 다 보고 신정을 해요 그렇게 중요한 건 강의 처음이나 중간에 고주해줘야죠,아니 누가 그런 걸 일일이 다 보고 신청을 해요 그렇게 중요한 건 감히 처음이나 중간에 고지에 줘야죠,56,0.107143,5,1,0,1
S00002341_t0022,0022.wav,0,교육,그리고 경쟁사에 시원스쿠름 강의를 얼마나 들었던 남은 부분에 대해서는 함부를 해주는데 여긴 왜 안 해줘요 하다 못해 예지위리나 메카 스터디 또 다 함보를 줘요. 왜 여기만 못해준다는 거예요,그리고 경쟁자인 시원스쿨은 강의들을 얼마나 들었더니 남은 부분에 대해서는 환불을 해주던데 연희 왜 안 해줘요 하다못해 에듀윌이나 메가스터디도 다 환불해 줘요 왜 여기만 못해 준다는 거예요,104,0.269231,21,3,4,4
S00002341_t0024,0024.wav,0,교육,아유 됐어요. 그럼 다 필요 없어요. 저 여기 정 떨어져서 안 쓰려니까 그냥 타이트할 테니깐 타이트를 시켜주세요,아유 됐어요 그럼 다 필요 없어요 여기 정떨어져서 안 쓸라니까 그냥 탈퇴할테니까 탈퇴시켜주세요,52,0.326923,7,0,10,4
S00002341_t0026,0026.wav,0,교육,안에는 내가 또 홈페이지 로고인하고 그래야 돼요 왜 이렇게 사람을 번거롭게 해요 그냥 여기서 해주세요,아니 내가 또 홈페이지 로그인 하고 그래야 돼요 왜 이렇게 사람을 번거롭게요 그냥 여기서 해주세요,54,0.129630,3,1,3,2
S00002341_t0027,0027.wav,0,교육,직접 하셔야 합니다.,직접 하셔야 합니다,10,0.100000,0,0,1,0
S00002341_t0028,0028.wav,0,교육,가뜩이나 환불라 해서 짜증나는데 더 짜증 나게 하지 마시고 그냥 좀 해주세요. 딴 데는 다 제는데 왜 여기는 안 되는 게 이렇게 많아요?,가뜩이나 환불안되서 짜증나는데 더 짜증나게 하지 마시고 그냥 좀 넣어주세요 딴데는 다 되는데 왜 여기는 안되는게 이렇게 많아요,70,0.171429,4,1,7,5
S00002341_t0031,0031.wav,0,교육,링크 눌러서 인정 부탁드립니다.,링크 눌러서인정 부탁드립니다,15,0.133333,0,0,2,1
S00002341_t0032,0032.wav,0,교육,이제 다 된 건가요? 더 이상 번거롭게 하지 않으시면 좋겠네요.,네 했어요 [이] 세가 된 건가요 더이상 번거롭게 하지 않았으면 좋겠네요,40,0.375000,4,8,3,3
S00002341_t0033,0033.wav,0,교육,8일 정도 소요됩니다.,하루정도 소요됩니다,10,0.400000,2,0,2,1
S00002341_t0034,0034.wav,0,교육,"알겠어요. 한해서 미안해요 내가 아가씨한테 뭐라는 게 아니지, 분명히 입장 벗고서 생각해 보면 아가시가 또 화 안 나겠어요",알겠어요 화내서 미안해요 내가 아가씨한테 뭐라 하는 게 아니고 입장 바꿔서 생각해보면 아가씨 같으면 화 안나겠어요,63,0.317460,9,3,8,6
S00002341_t0036,0036.wav,0,교육,이럴 줄 알았으면 그렇게 강의 심장 많이 하지 말걸. 저는 들은만큼만 내고 나머지는 돌려받을 수 있는 줄 알았어요,이럴 줄 알았으면 그렇게 강의 신청 많이 하지 말 것 저는 들은 만큼 만들고 나머지는 돌려받을 수 있는 줄 알았어요,64,0.125000,7,1,0,4
S00002341_t0038,0038.wav,0,교육,어쨌든 뭐 써놨는데 안 읽은 내 잘못이죠. 탈색 처리라도 정확해 주세요,어쨌든 뭐 써놨는데 안 읽은 내 잘못이죠 탈퇴 처리라도 정확히 해주세요,39,0.102564,2,1,1,0
S00002341_t0039,0039.wav,0,교육,혹시 나중에 제 가입할 때의 문제 되는 건 아닌가요?,혹시 나중에 재가입할 때 문제되는 것 아닌가요,25,0.240000,2,0,4,2
S00002341_t0040,0040.wav,0,교육,알겠어요. 추억하세요,네 알겠어요 수고하세요,12,0.416667,2,2,1,1
S00002343_t0001,0001.wav,0,교육,안녕하세요 상담사 김민수입니다.,안녕하세요 상담사 김민수입니다,16,0.062500,0,0,1,0
S00002343_t0002,0002.wav,0,교육,안녕하세요 지금 한국어학 인터넷 강의덕구 있는데 문이 드리려고 전화 드렸어요,안녕하세요 지금 한국어학 인터넷 강의 듣고 있는데 문의 드리려고 전화 드렸어요,43,0.093023,3,1,0,1
S00002343_t0003,0003.wav,0,교육,제가 노트북에서 지금 데리려고 하는데 방위를 들어지면 해당 프로그램을 설치해야 되더라고요.,제가 노트북에서 지금 드리려고 하는데 강의를 들으려면 해당 프로그램을 설치해야 되더라고요 네,51,0.137255,6,1,0,1
S00002343_t0004,0004.wav,0,교육,"그래서 설치를 진행했는데, 설치를 완료했는데도 인트리 강의가 작동이 안 되어서 좀 여쭤보리고요. 미안하죠? 좀 알아봐 주시게요",그래서 설치를 진행했는데 설치를 완료 했는데도 인터넷 강의가 작동이 안되어서 좀 여쭤보려고요 왜 안되죠 좀 알아봐주실래요,67,0.208955,9,1,4,6
S00002343_t0005,0005.wav,0,교육,네 설치 전부 다 하셨나요?,"네, 설치 전부 다 하셨나요?",16,0.062500,0,1,0,0
S00002343_t0006,0006.wav,0,교육,"네, 뜨는 거 다 설치했고요 필수 설치랑 선택설치 이렇게 총 4개인가? 뜨는데 저는 필수...필수 설치를 마음대로 다운로드 했거든요 동합 설치를 누르면 전부 한꺼번에 설치가 되던데 저는 필수를 설치해야 하는 요소만 설치했어요",뜨는 거 다 설치했구요 필수 설치랑 선택 설치 총 네개인가 뜨는데 저는 필수 설치만 다운로드 했거든요 통합 설치를 누르면 전부 한꺼번에 표시가 되던데 저는 필수 설치해야 하는 요소만 설치했어요,107,0.242991,8,0,18,2
S00002343_t0007,0007.wav,0,교육,원래는 귀찮아서 그냥 한 번에 설치하도록 통합설치하는데 그 과정에서 저번에 노트북이 많이 내려졌거든요 그래서 선택을 쓸지는 안 했어요. 어차피 필수로 해야 하는 것만 했으면 상관없는거죠,원래는 귀찮아서 그냥 한번에 설치되도록 통합 설치하는데 그 과정에서 저번에 노트북이 많이 떨어졌거든요 그래서 선택 설치는 안했어요 어차피 필수로 해야 하는 것만 했으면 상관없는거죠,100,0.100000,5,1,4,3
S00002343_t0008,0008.wav,0,교육,필수는 다 하신 건가요?,필수는 다 하신 건가요,12,0.083333,0,0,1,0
S00002343_t0009,0009.wav,0,교육,"네, 표시로 뜨는 거 전부 다 했다니까요. 근데 다음으로 진행이 안 돼요 계속해서 술 차려 놓고가 담긴 창이 계속 떠요. 펼치는 다 했는데",필수로 뜨는 걸 전부 다 했다니까요 다음으로 진행이 안 돼 계속해서 설치하라는 문구가 담긴 창이 계속떠요 펼치는 다 했는데,68,0.294118,9,1,10,4
S00002343_t0010,0010.wav,0,교육,설치가 안 된 것 같습니다.,설치가 안된것같습니다,11,0.363636,0,0,4,3
S00002343_t0011,0011.wav,0,교육,스틸 다 했는데요 그게 안 되는 이유가 설치 문제에 왜 다른 이유는 없는 건가요?,슬슬 다 했는데요 그게 안되는 이유가 설치 문제 외에 다른 이유는 없는 건가요,43,0.162791,5,0,2,3
S00002343_t0013,0013.wav,0,교육,혹시 노트북이 아니라 그냥 일반 PC에서 하면 되거나 그런 건 없나요? 사양의 문제라든지 용량의 문제이라든지는 그런건 전혀 없는건가요? 그런거면 다른 방법을 시도해 보려고요,혹시 노트북이 아니라 그냥 일반 피씨에서 하면 대거나 그런 건 없나요 사용료 문제라든지 역량의 문제라든지 그런 것은 전혀 없는 건가요 그런거면 다른 방법을 시도해 보려구요,95,0.157895,8,3,4,2
S00002343_t0014,0014.wav,0,교육,그럼 제가 다시 한번... 지금 다시 한 번 확인해 볼게요. 잠시만요,그럼 제가 다시 한번 하하하 지금 다시 한번 확인해 볼게요 잠시만요 네,39,0.205128,3,3,2,3
S00002343_t0015,0015.wav,0,교육,제가 지금 노트북 했고요 똑같이 동영상 강의 시작하도록 진행해 볼게요 로고인하고 다음받은 목록으로 들어가서 플레이 버튼 누르는 거 맞죠?,제가 지금 노트북 했고요 똑같이 동영상강의 시작하도록 진행해볼게요 로그인하고 다운 받은 목록으로 들어가서 플레이 버튼 누르는거 맞죠,73,0.095890,2,1,4,4
S00002343_t0017,0017.wav,0,교육,네 토액 600반 강의인데 지금 제일 첫번째 강이 오리엔테이션 강의 플레이버트 한 두를게요,토익 육백 번 강의인데 지금 제일 첫 번째 강의 오리엔테이션 강의 플레이버튼 누를게요 네,49,0.306122,8,3,4,5
S00002343_t0018,0018.wav,0,교육,플레이버튼을 눌렀는데 프로그램 실치가 필요하다는 창이 떠서 계속 다음 눌러서 설치 진행까지 왔어요. 그분이랑 똑같아요 보통 네이버나 다음번에 동영상 재생 출발이나 액티브랑 비슷해,플레이 버튼을 눌렀는데 프로그램 설치가 필요하다는 창이 떠서 계속 다음 눌러서 설치 진행까지 왔어요 저번이랑 똑같아요 보통 네이버나 다음 같은 데 동영상 재생 툴바나 액티브랑 비슷해,101,0.128713,7,4,2,3
S00002343_t0020,0020.wav,0,교육,근데 제가 두세 번 정도 설치를 해봤거든요. 아까 말씀드린 듯이 자꾸 설치하는 데서 안 돼서요,"그런데 제가 (2)/(두), (3번)/(세 번) 정도 더 설치를 해봤었 거든요. 아까 말씀드린 듯이 자 자꾸 설치를 하는데도 안되서요.",75,0.400000,3,25,2,7
S00002343_t0021,0021.wav,0,교육,그런데 노트북 자체의 프로그램은 설치가 된 게 맞는 것 같아요. 왜냐하면 설치하려는 프로그램이 이미 설치되어 있다는 문구가 왔다고요. 석재하고 재설치할지 덮어시을 선택하다는 상태로 또 어떤 건 아시죠?,그런데 노트북 자체 프로그램을 설치가 된 게 맞는 것 같아요 왜냐하면 설치하려는 프로그램은 이미 설치되었다는 문구가 뜨고요 삭제하고 재설치 할지 덮어 씌운 선택하라는 창이 떠요 어떤 건지 아십니까,109,0.238532,17,3,6,5
S00002343_t0022,0022.wav,0,교육,"참고가 떠는 거면 제 노트북에 어떤 문제가 있는 것이 아니라 인간 홈페이지 쪽 문제인 건 아닌가요? 아니면 혹시 선택 설치까지 전부도 설치해야 하는 건가요? 불안해서 그건 싫었는데요. 왜 그러니, 왜 이런 거죠",이런 문구가 뜨는 거면 제 노트북에 어떤 문제가 있는 것이 아니라 인간 홈페이지 쪽 문제인 것 아닌가요 아니면 혹시 선택 설치까지 전부 다 설치해야하는건가요 불안해서 글을 실었는데요 왜 이런거죠,108,0.231481,8,4,13,7
S00002343_t0023,0023.wav,0,교육,선택 설치도 하실 것을 권유 드립니다.,선택설치도 하실 것을 권유드립니다.,19,0.105263,0,0,2,2
S00002343_t0024,0024.wav,0,교육,선택 설치해야 된다고요? 저번에 모르고 다 설치했다가 노트볼이 엄청 떨어져서 불안한데요,선택 설치를 해야 된다고요 저번에 뭐 모르고 다 설치했다가 노트북이 엄청 떨어져서 불안한데요,51,0.117647,1,4,1,2
S00002343_t0025,0025.wav,0,교육,"제가 아까 주변 지인한테 물어봤는데 제 노트북에 기본적인 프로그램이 안 깔려있어서 그럴 수도 있다고 하는데요. 그래서 선택 설치하는 거에 안되서 그럴 수도 있다네요. 그러니까 저는 선택, 슬취 요소까지 다 종합 설치 하는 게 좋겠네요",어 제가 아까 주변 지인한테 물어봤는데 제 노트북에 기본적인 프로그램이 안 깔려 있어서 그럴 수도 있다고 하던데 그래서 선택 설치해야하는 거 의 안 돼서 그럴 수도 있잖아요 그러니까 저는 선택 설치 [여섯] 가지 다 종합 설치 하는 게 좋겠 네요 네,139,0.194245,12,12,3,9
S00002343_t0026,0026.wav,0,교육,아 그렇군요. 감사합니다 그럼 제가 다시 한 번 더 시도해보고 그때도 안되면 또 문의를 드릴게요,아 그렇군요 감사합니다 그럼 제가 다시 한번만 봐 한 번 더 시도해 보고 그때도 안 되면 또 문의 전화 드릴게요,62,0.193548,1,10,1,5
S00002345_t0001,0001.wav,0,교육,안녕하세요. 상담사 김민수입니다,안녕하세요 상담사 김민수입니다,16,0.062500,0,0,1,0
S00002345_t0002,0002.wav,0,교육,네 안녕하세요. 지금 한국어와 인터넷 강의 듣고 있는데 공유 드리려고 전하시겠어요,안녕하세요 한국어학 인터넷 강의를 듣고 싶은데 문의 드리려고 전화 드렸어요,41,0.390244,8,2,6,3
S00002345_t0003,0003.wav,0,교육,제가 유튜브에서 지금 들으려고 하는데 강의를 들으시면 해당 프로그램을 설치해야 되더라고요.,제가 수공에서 지금 들으려고 하는데 강의를 들으려면 해당 프로그램을 설치해야되더라구요,47,0.148936,4,0,3,1
S00002345_t0004,0004.wav,0,교육,사실 설치를 지내는데 말고 있는데도 인터넷과 작품이 안 좋아서 좀 여쭤보려고요. 왜 안 되죠? 좀 알아보세요,그래서 설치를 진행했는데설치를 완료 했는데도 인터넷광고 작품 안 보여서 좀 여쭤보려고요 왜 안되죠 좀 알아봐 주세요,64,0.359375,11,8,4,2
S00002345_t0005,0005.wav,0,교육,설치 전부 다 하셨나요?,설치 전부 다 하셨나요,12,0.083333,0,0,1,0
S00002345_t0007,0007.wav,0,교육,그래서 그냥 한 번에 설치하도록 통합설치나는데 그 과정에서 저번에 노트북이 많이 유열졌거든요. 그래서 선택설리 안 해주세요 어차피 필수로 해야 되는 것만 했으면 상관없는 거죠,원래는 귀찮아서 그냥 (1번)/(한 번)에 설치되도록 통합 설치하는데 그 과정에서 저번에 노트북이 많이 느려졌거든요. 그래서 선택 설치만 안 했어요. 어차피 필수로 해야 되는 것만 했으면 상관없는거죠,111,0.234234,10,15,1,4
S00002345_t0008,0008.wav,0,교육,필수는 다 하신 건가요?,필수는 다 하신 건가요,12,0.083333,0,0,1,0
S00002345_t0009,0009.wav,0,교육,"네, 펜슈로 뜨는 건 전부 다 했다니까요. 그런데 다음으로 구맹이 안 돼요 계속해서 설치하라는 문구가 당기는 창의 재속서 설치는 다 했는데","네, 필수로 뜨는 건 전부 다 했다니까요. 그런데 다음으로 진행이 안되요. 계속해서 설치하라는 문구가 담긴 창이 계속떠서 설치는 다 했는데.",78,0.179487,11,2,1,1
S00002345_t0010,0010.wav,0,교육,설치가 안 된 것 같습니다.,설치가 안 된 것 같습니다,14,0.071429,0,0,1,0
S00002345_t0011,0011.wav,0,교육,"음, 솔직히 다 했는데요 그게 안 되는 이유가 설치 문제 왜 다른 이유가 없는 건가요?",설치를 다 했는데요 그게 안되는 이유가 훨씬 문제 외에 다른 이유가 없는 건가요,44,0.272727,6,1,5,2
S00002345_t0013,0013.wav,0,교육,솔직히 눈크보게 아니라 그냥 일반 키스에서 하면 되거나 그런 거는 없나요? 사양의 문제라든지 아니면 용량의 문제 라든지 그런 건 전혀 없는 건가요. 그런 거면 다른 방법을 시작하려고요,혹시 노트북이 아니라 그냥 일반 (PC)/(피씨)에서 하면 되거나 그런 건 없나요? 사양에 문제라든지 아니면 용량의 문제라던지 그런거 전혀 없는 건가요? 그런거면 다른 방법을 시도해 보려고요.,107,0.280374,15,10,5,4
S00002345_t0015,0015.wav,0,교육,그럼 제가 지금 다시 한번 확인해 볼게요. 잠시만요,어/ 그럼 제가 지금 다시 (1번)/(한 번) 확인해 볼게요.,34,0.470588,0,11,5,3
S00002345_t0016,0016.wav,0,교육,제가 지금 노트북 했고요. 똑같이 분영상 강의 시작하도록 시작해볼게요. 로그인하고 다음 바지는 목록에 들어가서 플레이버튼 누르는 거 맞죠?,제가 지금 노트북 켜놓고요 똑같이 동영상 강의 시작하도록 하죠 진행해볼게요 로그인 하고 다운받은 목록에 들어가서 플레이 버튼을 누르는 것 맞죠,79,0.253165,8,7,5,4
S00002345_t0018,0018.wav,0,교육,"네, 거의 600만 강인데 이 정도 첫 번째 강. 우리 엔세이션 강의 플레이버튼 누를게요","네, 그/ (600반)/(육백 번) 강의인데 지금 첫번째 강의 우리 템테이션 강의 플레이버튼 누를게요. 네",59,0.406780,14,10,0,2
S00002345_t0019,0019.wav,0,교육,"플레이버튼을 눌렀는데 프로그램 설치가 필요하다는 상위가 있어서 계속 다음을 눌어도 할 수 있는 것까지 왔어요. 저번이랑 똑같아요. 보통 네이버나 다음대에서는 동영상 제스칭, 훈바나 A티브랑 비슷해요",플레이버튼 눌렀는데 프로그램 설치가 필요하다는 상륙해서 계속 다음을 눌러도 설치 진행까지 왔어요 저번이랑 똑같아요 보통 네이버나 다음과 같은 데에서는 동영상 재생 불가나 액티브랑 비슷해요 네,106,0.292453,13,7,11,6
S00002345_t0020,0020.wav,0,교육,퀴스 설치가 두 개구요. 선택설치가 두 개고 각각 설치할 수 있고 통합 설치를 누르면 한꺼번에 현지가 된다고 쓰네요 여기서 저는 퀴싸 설치 각각 눌러서 설치했었거든요,필수설치가 (2개)/(두 개)구요. 선택설치가 (2개)/(두 개)고 각각 설치할 수 있고 통합 설치를 누르면 한꺼번에 설치가 된다고 뜨네요. 여기에서 저는 필수 설치 각각 눌러서 설치했었 거든요.,109,0.238532,7,18,1,2
S00002345_t0021,0021.wav,0,교육,그런데 제가 세 번 정도 더 설치해 봤었거든요 아까 말씀드렸듯이 자꾸 설치를 하는 데도 안 되죠,그런데 제가 영도 더 설치해 봤었 거든요 아까 말씀드렸듯이 자꾸 설치를 했는데도 안되서요,49,0.224490,5,1,5,5
S00002345_t0022,0022.wav,0,교육,"그런데 노트북 자체의 프로그램은 설치가 된 게 많을 것 같아요. 왜냐하면 설치하라는 프로그램이 이미 설치되어 있다는 문구가 쓰고요, 확대하고 재설치를 할지 덮고 씌울지 선택할 하는 차는 있어요 어떤 건지 아시죠?",그런데 노트북 자체의 프로그램을 설치가 되는 게 맞는 것 같아요 왜냐하면 설치하라는 프로그램이 이미 설치되어 있다는 문구가 뜨구요 삭제하고 재설치를 할지 덮어씌우지 선택하라는 창이 떠요 어떤 건지 아시죠,113,0.194690,15,1,6,2
S00002345_t0023,0023.wav,0,교육,"이런 문제가 뜨는 거면 제스처, 튜북에 어떤 문제가 있는 것이 아니라 인간 홈케이지 쪽의 문제가 있는 건 아닌가요? 아니면 혹시 선세 철수까지 전부 방출해야 되는 건가요 불안해서 그건 추천돼요 왜 이러죠",이런 문제가 뜨는 거면 제 노트북에 어떤 문제가 있는 것이 아니라 인강 홈페이지 쪽 문제가 있는것 아닌가요? 아니면 혹시 선택 설치까지 전부 다 설치해야되는 건가요? 불안해서 그건 싫은데 왜 이런거죠?,112,0.232143,15,5,6,5
S00002345_t0024,0024.wav,0,교육,선택 설진도 하실 것을 권유 드립니다.,선택 설치도 하실 것을 권유드립니다,19,0.157895,1,0,2,1
S00002345_t0025,0025.wav,0,교육,혼자서울 때도 해야 된다고요? 저번에 모르고 술 취했다가 유튜브가 엄청 느려져서 불안하세요,아/ 선택설치도 해야 된다고요? 저번에 뭐 모르고 설치했다가 노트북이 엄청 느려져서 불안한데요. n/,56,0.392857,14,7,1,5
S00002345_t0026,0026.wav,0,교육,제가 아까 주변 지인사한테 물어봤는데 제 노트북에 기본적인 프로그램이 안 깔려 있어서 그럴 수 있다던데 그래서 선택 설치해야 되는 게 아닌가? 그럴 수도 있잖아요. 그러니까 저는 선택설치로서까지 다 통합 설치하는 게 좋겠네요,제가 아주 아까 주변 지인한테 물어봤는데 제 노트북에 기본적인 프로그램이 안 깔려 있어서 그럴 수도 있었는데 그래서 손톱 손질을 해야 되는게 아닌가 그럴 수가 있나 그럴 수도 있잖아요 그러니까 저는 선택할지 요소까지 다 통합 설치하는 는 게 좋겠 네요,140,0.228571,11,18,3,9
S00002345_t0027,0027.wav,0,교육,그렇군요. 감사합니다 그럼 제가 한번 더 시도해 보고 그때도 안 되면 또 문이 전화드릴게요,그러면 그렇군요 감사합니다 그럼 제가 한 번 더 시도해 보고 그때도 안 되면 또 문화 문의 전화 드릴게요,58,0.189655,1,9,1,4
S00002345_t0028,0028.wav,0,교육,감사합니다. 한국어학원 김민수였습니다,네 감사합니다 한국과학원 김민수였습니다,21,0.190476,1,2,1,1
S00002365_t0001,0001.wav,0,교육,안녕하세요 상담사 김민수입니다.,안녕하세요 상담사 김민수입니다,16,0.062500,0,0,1,0
S00002365_t0002,0002.wav,0,교육,네 안녕하세요 지금 한국어학 인터넷 강의 듣고 있는데 문이 들이려고 전화드렸어요,안녕하세요지금 한국과학 인터넷 강의 듣고있는데 문의 드리려고 전화 드렸어요,41,0.219512,4,1,4,4
S00002365_t0003,0003.wav,0,교육,제가 노트북에서 지금 드리려고 하는데 강애들 들으면 해당 프로그램을 설치해야 되더라고요.,제가 노트북에서 지금 드리려고 하는데 강의를 들으면 해당 프로그램을 설치해야되더라구요,47,0.106383,3,0,2,1
S00002365_t0004,0004.wav,0,교육,"그래서 설치를 진행했는데, 설치를 완료했는데도 인터넷 강의가 작동이 안 돼서 좀 여쭤보려구요. 왜 안되죠? 좀 알아봐주세요",그래서 설치를 진행했는데 설치를 완료 했는데도 인터넷강의가 작동이 안되서 좀 여쭤보려고요 왜 안되죠 좀 알아봐주세요,64,0.125000,2,1,5,3
S00002365_t0005,0005.wav,0,교육,"네, 설치 전부 다 하셨나요?",네 설치 전부 다 하셨나요,14,0.142857,0,0,2,0
S00002365_t0006,0006.wav,0,교육,"네, 뜨는 거 다 설치했고요. 필수 설치랑 선택설치 이렇게 총 4개인가? 뜨던데 저는 필수설치만 당루되었거든요 통합 설치를 누르면 전부 한꺼번에 설치됐던대 저는 필수를 설치해야 하는 요소만 설치했어요",내 뜨는 거 다 설치했구요 필수 설치랑 선택 설치 이렇게 총 네개인가 뜨던데 저는 필수였지만 다운로드 했거든요 통합 설치를 누르면 전부 한꺼번에 설치 되던데 저는 필수 설치해야 하는 요소만 설치했어요,111,0.171171,11,4,4,3
S00002365_t0007,0007.wav,0,교육,원래는 귀찮아서 그냥 한 번에 설치되도록 통화설치하는데 그 과정에서 저번의 노트북이 많이 느려졌거든요. 그래서 선택 설치는 안 했어요 어차피 필수로 해야 하는 것만 했으면 상관없는 거죠,원래는 귀찮아서 그냥 한 번에 설치되도록 통합 설치하는데 그 과정에서 저번에 노트북이 많이 느려졌거든요 그래서 선택 설치는 안 했어요 어차피 필수로 해야 하는 것만 했으면 상관없는거죠,102,0.049020,2,1,2,2
S00002365_t0008,0008.wav,0,교육,아 필수는 다 하신 건가요?,아/ 필수는 다 하신건가요?,15,0.133333,0,1,1,1
S00002365_t0009,0009.wav,0,교육,네 필수로 뜨는 건 전부 다 했다니까요. 근데 다음으로 진행이 안 돼요 계속해서 설치하라는 문구가 담긴 창이 계속 떠요 설치는 다 했는데,필수로 뜨는건 전부 다 했다니까요 어 근데 다 다음으로 진행이 안 돼요 계속해서 설치하라는 문구가 담긴 창이 계속떠요 설치는 다 했는데,75,0.106667,1,3,4,5
S00002365_t0010,0010.wav,0,교육,설치가 안된 것 같습니다,설치가 안 된 것 같습니다,14,0.071429,0,1,0,1
S00002365_t0011,0011.wav,0,교육,설치를 다 했는데요 그게 안 되는 이유가 설치 문제 왜 다른 이유는 없는 건가요?,설치를 다 했는데요 그게 안되는 이유가 설치 문제 외에 다른 이유는 없는 건가요,44,0.090909,1,1,2,1
S00002365_t0013,0013.wav,0,교육,"혹시 노트북이 아니라 그냥 일반 PC에서 하면 되거나 그런 건 없었고, 있나요? 사형의 문제라든지 용량의 문제로도 전혀 없는건가요. 그런 거면 다른 방법을 시도해 보려고요",혹시 노트북이 아니라 그냥 일반 피씨에 사면되거나 그런건 없어없나요 사양의 문제라든지 용량의 문제라던지 그런 건 전혀 없는 건가요 그런거면 다른 방법을 시도해 보려구요,93,0.268817,9,7,9,7
S00002365_t0014,0014.wav,0,교육,그럼 제가 지금 다시 한번 확인해 볼게요. 잠시만요,그럼 제가 지금 다시 한번 확인해 볼게요 잠시만요,27,0.037037,0,0,1,0
S00002365_t0015,0015.wav,0,교육,제가 지금 노트북 켰고요. 똑같이 동영상 강의 시작하도록 진행해 볼게요. 로그인하고 다운번은 목록으로 들어가서 플레이버튼 누르는 거 맞죠?,제가 지금 노트북 켰고요 똑같이 동영상 강의 시작하도록 진행해 볼게요 로그인 하고 다음날은 목록으로 들어가서 플레이 버튼 누르는거 맞죠,75,0.106667,2,2,4,3
S00002365_t0018,0018.wav,0,교육,플레이버튼을 눌렀는데 프로그램 설치가 필요하다는 창이 떠서 계속 다음 눌러서 설치 진행까지 왔어요. 저번이랑 똑같아요 보통 네이버나 다운 같은데 동영상 재생 졸빠 나 액티브랑 비슷해요,플레이버튼 눌렀는데 프로그램 설치가 필요하다는 창이 떠서 계속 다음 눌러서 설치 진행까지 왔어요 저번이랑 똑같아요 보통 네이버나 다음 같은 데에 동영상 돌파나 액티브랑 비슷해요,98,0.112245,3,2,6,3
S00002365_t0019,0019.wav,0,교육,필수 설치가 두 개구요 선택설치가 2개고 각각 설치할 수 있고 통합 설치를 누르면 한꺼번에 설치된다고 뜨네요 여기서 저는 필수설치 각각 눌러서 설치했었어요,필수 설치가 두개구요 선택설치가 두 개고 각각 설치할 수 있고 통합 설치를 누르면 한꺼번에 서씨가 된다고 뜨네요 여기서 저는 필수 설치 각각 눌러 설치했었어요,88,0.102273,3,4,2,4
S00002365_t0020,0020.wav,0,교육,그런데 제가 두세 번 정도 더 설치를 해봤었거든요 아까 말씀드렸듯이 자꾸 설치를 하는 데도 안 되어서요,그런데 제가 두세 번 정도 더 설치를 해봤었거든요 아까 말씀드렸듯이 자꾸 설치를 하는데도 안 되어서요,56,0.017857,0,0,1,1
S00002365_t0021,0021.wav,0,교육,"그런데 노트북 자체 프로그램은 설치가 된 게 맞는 것 같아요. 왜냐하면, 설치하려는 프로그램이 이미 설치되어 있다는 문구가 뜨고요. 삭제하고 재설치할지 덮어시을지 선택하라는 창이 떠요 어떤 건지 아시죠?",그런데 노트북 자체의 프로그램을 설치가 된 게 맞는 것 같아요 왜냐하면 설사하려는 프로그램은 이미 설치되어 있다는 문구가 뜨구요 삭제하고 재설치 할지 덮어 씌우지 선택하라는 창이 떠요 어떤 건지 아시죠 네,114,0.122807,7,4,3,3
S00002365_t0022,0022.wav,0,교육,이런 문구가 뜨는 거면 제 노트북에 어떤 문제가 있는 것이 아니라 인간 홈페이지 쪽의 문제가 있는 건 아닌가요? 아니면 혹시 선택 설치까지 전부 다 설치해야 하는 건가요? 불안해서 그건 싫은데 왜이런 거죠,이런 문구가 뜨는 거면 제 노트북에 어떤 문제가 있는 것이 아니라 인강 홈페이지 쪽 문제가 있는 건 아닌가요 아니면 혹시 선택 설치까지 전부 다 설치해야 하는건가요 불안해서 그건 싫은데 왜 이런거죠,110,0.063636,1,1,5,3
S00002365_t0023,0023.wav,0,교육,선택 설치도 하실 것을 권유 드립니다.,선택 설치도 하실 것을 권유드립니다,19,0.105263,0,0,2,1
S00002365_t0024,0024.wav,0,교육,선쩍 설치도 해야 한다고요. 저번에 몸을 오르고 다 설치했다가 노트북이 엄청 느려져서 불안한데요,어 선택 설치도 해야 한다고요 저번에 머무르고서 다 설치했다가 노트북이 엄청 느려져서 불안한데요,53,0.169811,3,3,3,2
S00002365_t0025,0025.wav,0,교육,제가 아까 주변 지인한테 물어봤는데 제 뉴스톡에 기본적인 프로그램이 안 깔려 있어서 그럴 수도 있다고 하는데 그래서 선택 설치해야 한다는 게 안되어서 그럴 수 있다네요. 그러니까 저는 선택설치 요소까지 다 통합 설치하는게 좋겠네요,제가 주변 지인한테 물어봤는데 제 노트북에 기본적인 프로그램이 안 깔려 있어서 그럴수도 있다고 하는데 그래서 선택 절차 해야한다는 게 안 돼서 그럴 수도 있다네요 그러니까 저는 선택 설치 요소까지 다 통합 설치하는게좋겟네요,124,0.145161,8,3,7,7
S00002365_t0026,0026.wav,0,교육,그렇군요. 감사합니다 그럼 제가 한번 더 시도해 보고 그때도 안되면 또 문이 전화드릴게요,그렇군요 감사합니다 그럼 제가 한번 더 시도해 보고 그때도 안 되면 또 문의 전화 드릴게요,50,0.080000,1,2,1,2
S00002365_t0027,0027.wav,0,교육,네 감사합니다 한국어학원 김민수였습니다.,네 감사합니다 한국어학원 김민수였습니다,21,0.047619,0,0,1,0
S00002380_t0001,0001.wav,0,교육,안녕하세요 상담사 김민수입니다,안녕하세요 상담사 김민수입니다,16,0.000000,0,0,0,0
S00002380_t0002,0002.wav,0,교육,네 안녕하세요 지금 한국어학 인터넷 강의 듣고 있는데 문의드리려고 전화드렸어요,안녕하세요 지금 한국학 한국어와 인터넷 강의 듣고있는데 문의 드리려고 전화 드렸어요,46,0.217391,1,6,3,5
S00002380_t0003,0003.wav,0,교육,제가 노트북에서 지금 들으려고 하는데 강의를 들이려면 해당 프로그램을 설치해야 되더라고요.,제가 노트북에서 지금 들으려고 하는데 강의를 들으려면 해당 프로그램을 설치해야되더라구요,48,0.083333,2,0,2,1
S00002380_t0004,0004.wav,0,교육,그래서 설치를 진행했는데 설치로 완료했는데도 인터넷 강의가 작동이 안 되어서 좀 여쭤보려고요 왜 안되죠? 좀 알아봐주세요,그래서 설치를 진행했는데 설치를 완료 했는데도 인터넷 강의가 작동이 안되어서 좀 여쭤보려고요 왜 안되죠 좀 알아봐주세요,66,0.060606,1,1,2,2
S00002380_t0005,0005.wav,0,교육,설치 전부 다 하셨나요?,설치 전부 다 하셨나요,12,0.083333,0,0,1,0
S00002380_t0006,0006.wav,0,교육,"네, 뜨는 것 다 설치했고요 필수 설치랑 선택설지 이렇게 총 4개인가? 뜨던데 저는 필수 세체만 다 올려도 되었거든요 통화 설치를 누르면 전부 한꺼번에 설치가 되던대 저는 필수들 취해야 되는 요소만 설치했어요",해 뜨는 거 다 설치했구요 필수 설치랑 선택할지 이렇게 총 네개인가 뜨던데저는 필수요소였지만 다운로드 했거든요 통합 설치를 누르면 전부 한꺼번에 설치가 되는 그런데 저는 필수 설치해야되는 요소만 설치했어요,114,0.245614,18,4,6,7
S00002380_t0007,0007.wav,0,교육,원래는 귀찮아서 그냥 한번에 설치해 보도록 통화설치하는데 그 과정에서 저번에 노트북이 많이 느려졌거든요. 그래서 선택 설치는 안 했어요 어차피 필수로 해야 하는 것만 했으면 상관없는 거죠,원래는 귀찮아서 그냥 한 번에 설치되도록 통합 설치하는데 그 과정에서 저번에 노트북이 많이 느려졌거든요 그래서 선택 펼치는 안했어요 어차피 필수로 해야 하는 것만 했으면 상관없는 거죠,102,0.088235,3,2,4,4
S00002380_t0008,0008.wav,0,교육,필수는 다 하신 건가요?,실수는 다 하신 건가요,12,0.166667,1,0,1,0
S00002380_t0009,0009.wav,0,교육,네 필수로 찍는 건 전부 다 했다니까요. 그런데 다음으로 진행이 안 돼요 계속해서 설치하라는 문구가 담긴 차는 지속도예요 설치는 다 했는데,필수로 뜨는건 전부 다 했다니까요 그런데 다음으로 진행이 안되요 계속해서 설치하라는 문구가 문구가 담긴 창이 계속 떠요 철칙은 다 했는데,76,0.250000,10,4,5,5
S00002380_t0010,0010.wav,0,교육,설치가 안 된 것 같습니다.,설치가 안 된 것 같습니다,14,0.071429,0,0,1,0
S00002380_t0011,0011.wav,0,교육,설치를 다 했는데요 그게 안 되는 이유가 설치 문제 왜 다른 이유는 없는 건가요?,설치를 다 했는데요 그게 안되는 이유가 설치 문제 외에 다른 이유는 없는 건가요,44,0.090909,1,1,2,1
S00002380_t0013,0013.wav,0,교육,혹시 노트북이 아니라 그냥 일반 PC에서 하면 되거나 그런 건 없나요? 화양의 문제라든지 용량의 문제 라던지 그런건 전혀 없는 건가요? 그런거면 다른 방법을 시도해 보려구요,혹시 노트북이 아니라 그냥 일반 피씨에서 하면 되거나 그런건 없나요 서영의 문제라든지 용량을 문제라든지 그런 건 전혀 없는 건가요 그런 거면 다른 방법을 시도해 시도해 볼려구요,98,0.173469,7,6,4,5
S00002380_t0014,0014.wav,0,교육,그럼 제가 지금 다시 한번 확인해 볼게요. 잠시만요,그럼 제가 지금 다시 한번 확인해 볼게요 잠시만요,27,0.037037,0,0,1,0
S00002380_t0015,0015.wav,0,교육,제가 지금 노트북이었고요. 똑같이 동영상 강의 시작해도록 진행해 볼게요. 로그인하고 다운받은 목록으로 들어가서 플레이 버튼 누르는 거겠죠?,제가 지금 노트북 샀고요 똑같이 동영상 강의 시작하도록 진행해볼게요 로그인하고 다운 받은 목록으로 들어가서 플레이버튼 누르는 거 맞죠,74,0.148649,6,1,4,5
S00002380_t0018,0018.wav,0,교육,플레이버튼을 눌렀는데 툴 브런스가 필요하다는 상이 떠서 계속 다음 눌러서 설치 진행까지 왔어요. 저번이랑 똑같아요. 보통 네이버나 다운 같은데 동영상 제승툴과 나의 액티브랑 비슷해요,플레이버튼 눌렀는데 프로그램 설치가 필요하다는 창이 떠서 계속 다운 눌러서 설치 진행까지 왔어요 저번이랑 똑같아요 보통 네이버나 다음 같은 데 동영상 재생 툴바나 액티브랑 비슷해요,100,0.200000,13,3,4,5
S00002380_t0019,0019.wav,0,교육,필수 설치가 두 개구요 선택설치가 2개고 각각 설치할 수 있고 통화 설치를 누르면 한꺼번에 설치가 된다고 뜨네요 여기서 저는 필수설치 각각 눌러서 설치했었어요,PNC 설치가 두개구요 선택 스위치가 두 개고 각각 설치할 수 있고 통합 설치를 누르면 한꺼번에 설치가 된다고 뜨네요 여기서 저는 필수 설치 각각 눌러서 설치했었어요,92,0.119565,5,5,1,4
S00002380_t0020,0020.wav,0,교육,그런데 제가 두세 번 정도 더 설치를 해봤었거든요 아까 말씀드렸듯이 자꾸 설치려 하는 데도 안 되었어요,그런데 제가 두세 번 정도 더 설치를 해봤었거든요 아까 말씀드렸듯이 자꾸 설치를 하는데도 안되어서요,55,0.090909,3,0,2,2
S00002380_t0021,0021.wav,0,교육,그런데 노트북 자체 프로그램은 설치가 된 게 맞는 것 같아요. 왜냐하면 설치하려는 프로그램이 이미 설치되어 있다는 문구가 뜨고요. 석재하고 대설치를 할지 덮어시을 선택하는 상위에 떠요 어떤 건지 아시죠?,그런데 노트북 자체 프로그램을 설치가 된 게 맞는 것 같아요 왜냐하면 설치하려는 프로그램은 이미 설치되어 있다는 문구가 뜨구요 석재 하고 재설치를 할지 덮어씌우지 선택하라는 창이 떠요 어떤 건지 아시죠,112,0.133929,8,3,4,1
S00002380_t0022,0022.wav,0,교육,이런 문구가 뜨는 거면 제 노트북에 어떤 문제가 있는 것이 아니라 인간호홀페이지 쪽의 문제가 있는 건 아닌가요? 아니면 혹시 선택 설치까지 전부 설치해야 하는 건가요? 불안해서 그건 싫은데요. 왜 이러는 거죠,이런 문구가 뜨는 거면 제 노트북에 어떤 문제가 있는 것이 아니라 금감원 홈페이지 좀 문제가 있는 것 아닌가요 아니면 혹시 선택 술집까지 전부 설치해야하는건가요 불안해서 그건 실현되어 왜 이러는거죠,110,0.181818,12,1,7,4
S00002380_t0023,0023.wav,0,교육,선택 설치도 하실 것을 권유 드립니다.,선택 설치도 하실 것을 권유드립니다,19,0.105263,0,0,2,1
S00002380_t0024,0024.wav,0,교육,선택 설치도 해야 한다고요? 저번에 뭐 모르고 다 설치했다가 노트북이 엄청 느려져서 불안한데요,성태 설치도 해야한다고요 저번에 뭐 모르고 다 설치했다가 노트북이 엄청 느려져서 불안한데요,50,0.080000,2,0,2,1
S00002380_t0025,0025.wav,0,교육,"아, 제가 아까 주변 지인한테 물어봤는데 제 노트북에 기본적인 프로그램이 안 깔려 있어서 그럴 수도 있다고 하는데 그래서 선택을 취해야 하는 게 안되서 그럴 수 있다네요? 그러니까 저는 선택지 요소까지 다 통합시키는 것이 좋겠네요.",아하 제가과 주변 지인한테 물어봤는데 제 노트북에 기본적인 프로그램이 안 깔려 있어서 그럴수도 있다고 하는데 그래서 선택 설치해야하는게 안 돼서 그럴 수도 있다네요 그러니까 저는 설득하였지 지 요소까지 다 통합 설치하는게 좋겠네요,128,0.210938,14,6,7,10
S00002380_t0026,0026.wav,0,교육,그렇군요. 감사합니다 그럼 제가 한 번 더 시도해보고 그때도 안되면 또 문의 전화 드릴게요,그렇군요 감사합니다 그럼 제가 한 번 더 시도해 보고 그때도 안 되면 또 문의 전화 드릴게요,51,0.058824,0,2,1,2
S00002380_t0027,0027.wav,0,교육,네 감사합니다. 한국학원 김민수였습니다,네 감사합니다 한국어 학원 김민수였습니다,22,0.136364,0,2,1,1
S00002382_t0001,0001.wav,0,교육,안녕하세요 상담사 김민수입니다.,안녕하세요 상담사 김민수입니다,16,0.062500,0,0,1,0
S00002382_t0002,0002.wav,0,교육,아 네 안녕하세요 지금 한국어항 인터넷 강의를 듣고 있는데 문어들이려고 전화드렸어요,네 안녕하세요 지금 한국어학 인터넷 강의를 듣고 있는데 문어 드리려고 전화드렸어요,45,0.133333,3,1,2,2
S00002382_t0003,0003.wav,0,교육,제가 노트북에서 지금 들으려고 하는데 강의를 들으려면 해당 프로그램을 설치해야 되더라고요.,제가 노트북에서 지금 들으려고 하는데 강의를 들으려면 해당 프로그램을 설치해야 되더라고요,49,0.020408,0,0,1,0
S00002382_t0004,0004.wav,0,교육,"그래서 설치를 진행을 했는데, 설치를 완료했는데도 인터넷 강의가 작동이 안 되어서 좀 여쭤보려구요. 왜 안되죠? 좀 알아봐주세요",그래서 설치를 진행을 했는데 설치를 완료 했는데도 인터넷 강의가 작동이 안되어서 좀 여쭤보려고요 왜안되죠 알아봐주세요,65,0.138462,1,1,7,4
S00002382_t0005,0005.wav,0,교육,설치 전부 다 하셨나요?,네 설치 전부 다 하셨나요,14,0.214286,0,2,1,1
S00002382_t0006,0006.wav,0,교육,"네, 뜯는 거 다 설치했고요. 필수 설치랑 선택 설치 이렇게 총 4개인가? 뜨던 데 저는 필수설치만 다운로드 했거든요 통합 설치를 누르면 전부 한꺼번에 설치가 됐던데 저는 필 수 설치해야 되는 요소만 설치했어요",네 뜨는 거 다 설치했고요 펜스 설치랑 선택 설치 이렇게 총 네개인가 뜨던데 저는 펜스 설치만 다운로드 했거든요. 통합 설치를 누르면 전부 한꺼번에 설치가 되던데 저는 필수 설치해야 하는 요소만 설치했어요,114,0.131579,8,2,5,3
S00002382_t0007,0007.wav,0,교육,원래는 귀찮아서 그냥 한번에 설치되도록 통합 설치하는데 그 과정에서 저번의 노트북이 많이 느려졌거든요? 그래서 선택설치는 안 했어요. 어차피 필수로 해야 하는 것만 했으면 상관없는거죠,원래는 귀찮아서 그냥 한번에 설치되도록 통합 설치하는데 그 과정에서 저번에 노트북이 많이 느려졌거든요 그래서 선택 설치는 안했어요 어차피 필수로 해야 하는 것만 했으면 상관없는거죠,100,0.050000,1,1,3,2
S00002382_t0008,0008.wav,0,교육,필수는 다 하신거가요?,필수는 다 하신 건가요,12,0.250000,1,1,1,1
S00002382_t0009,0009.wav,0,교육,"네, 펜수로 뜨는 건 전부 다 했대니까요. 그런데 다음으로 진행이 안 돼요 계속해서 설치하라는 문구가 담긴 창이 계속 떠요 설치는 다 했는데",네 필수로 뜨는건 전부 다 했다니까요 그런데 다음으로 진행이 안돼요. 계속해서 설치하라는 문구가 담긴 창이 계속 떠요. 설치는 다 했는데,76,0.105263,2,2,4,2
S00002382_t0010,0010.wav,0,교육,설치가 안된 것 같습니다,설치가 안 된 것 같습니다,14,0.071429,0,1,0,1
S00002382_t0011,0011.wav,0,교육,설치를 다 했는데요 그게 안 되는 이유가 설치 문제 외에 다른 이유는 없는 건가요?,설치를 다 했는데요 그게 안되는 이유가 설치문제 외에 다른 이유는 없는건가요,42,0.095238,0,0,4,3
S00002382_t0013,0013.wav,0,교육,그럼 혹시 노트북이 아니라 그냥 일반 PC에서 하면 되거나 그런 건 없나요? 사양의 문제라든지 용량의 문제 라든지. 그런건 전혀 없는건가요? 그런거면 다른 방법을 시도해 보려구요,그럼 혹시 노트북이 아니라 그냥 일반 피시에서 하면 되거나 그런건 없나요 사양의 문제라던지 용량의 문제라던지 그런건 전혀없는건가요 그런거면 다른 방법을 시도해보려구요,92,0.119565,4,0,7,4
S00002382_t0014,0014.wav,0,교육,그럼 제가 지금 다시 한번 확인을 볼게요 잠시만요,그럼 제가 지금 다시 한번 확인해 볼게요 잠시만요,27,0.037037,1,0,0,0
S00002382_t0015,0015.wav,0,교육,제가 지금 노트북 켰고요. 똑같이 동영상 강의 시작하도록 진행해 볼게요. 로그인하고 다운받은 목록으로 들어가서 플레이버튼 누르는 거 맞죠?,제가 지금 노트북 켰고요 똑같이 동영상 강의 시작하도록 진행해볼게요. 로그인 하고 다운받은 목록으로 들어가서 플레이버튼 누르는거 맞죠,74,0.067568,0,1,4,3
S00002382_t0017,0017.wav,0,교육,토잉 600방 강의인데 제일 첫 번째 강의 오리엔테이션 강의레이버튼 누를게요.,네 토익 600반 강의인데 지금 제일 첫번째 강의 오리엔테이션 강의 플레이버튼 누를게요,48,0.229167,2,7,2,4
S00002382_t0018,0018.wav,0,교육,플레이버튼을 누르는데 프로그램 설치가 필요하다는 창이 떠서 계속 다음 눌러서 설치 진행까지 왔어요. 저번이랑 똑같아요 보통 네이버나 다음 같은 데 도영상 재생툴바나 액티브랑 비슷해요,플레이버튼 눌렀는데 프로그램 설치가 필요하다는 창이 떠서 계속 다음 눌러서 설치 진행까지 왔어요 저번이랑 똑같아요. 보통 네이버나 다음 같은데에 동영상 재생 툴바나 액티브랑 비슷해요,101,0.089109,5,2,2,2
S00002382_t0019,0019.wav,0,교육,필수 설치가 2개구요 선택설도 선택설치가 두 개고 각각 설치할 수 있고 통합 설치를 누르면 한꺼번에 설치된다고 뜨네요 여기서 저는 필수설치 각각 눌러서 설치했었어요,필수 설치가 두개고요 선택 설치가 2개고 각각 설치할 수 있고 통합설치를 누르면 한꺼번에 설치가 된다고 뜨네요 여기서 저는 필수설치 각각 눌러서 설치했었어요,87,0.126437,3,2,6,3
S00002382_t0020,0020.wav,0,교육,그런데 제가 두세 번 정도 더 설치를 해봤거든요 아까 말씀드렸듯이 자꾸 설치로 하는 데도 안 되어서요,그런데 제가 두세 번정도 더 설치를 해봤거든요? 아까 말씀드렸듯이 자꾸 설치를 하는데도 안되어서요.,55,0.109091,1,2,3,3
S00002382_t0021,0021.wav,0,교육,"그런데 노트북 자체의 프로그램은 설치가 된 게 맞는 것 같아요. 왜냐하면 설치하려는 프로그램이 이미 설치되어 있다는 문구가 또고요, 삭제하고 재설치를 할지 덮어시을 지 선택하다는 창이 떠요 어떤 건지 아시죠?",그런데 노트북 자체에 프로그램은 설치가 된게 맞는 거 같아요 왜냐하면 설치 하려는 프로그램이 이미 설치되어있다는 문구가 뜨고요 삭제하고 재설치를 할지 덮어씌울지 선택하라는 창이 떠요 어떤건지 아시죠,110,0.127273,6,1,7,5
S00002382_t0022,0022.wav,0,교육,이런 문구가 뜨는 거면 제 노트북에 어떤 문제가 있는 것이 아니라 인간 홈페이지 좀 문제가 있는 것 아닌가요? 아니면 혹시 선택 설치까지 전부 다 설치해야 되는 건가요? 불안해서 그건 싫은데 왜 이런 거죠,이런 문구가 뜨는 거면 제 노트북에 어떤 문제가 있는 것이 아니라 인강 홈페이지 쪽 문제가 있는 것 아닌가요 아니면 혹시 선택 설치까지 전부 다 설치해야 되는건가요 불안해서 그건 싫은데요 왜 이런거죠,111,0.063063,2,1,4,2
S00002382_t0023,0023.wav,0,교육,선택술 지도하실 것을 권유합니다.,선택 설치도 하실 것을 권유드립니다,19,0.368421,4,2,1,3
S00002382_t0024,0024.wav,0,교육,선택 설치도 해야 한다고요? 이번에 뭐 모르고 다 설치했다가 노트북이 엄청 느려져서 불안한데요,선택 설치도 해야한다고요 저번에 뭐 모르고 다 설치했다가 노트북이 엄청 느려져서 불안한데요,50,0.060000,1,0,2,1
S00002382_t0025,0025.wav,0,교육,"아 제가 아까 주변 지인한테 물어봤는데 제 노트북에 기본적인 프로그램이 안 깔려 있어서 그럴 수도 있다고 하는데 그래서 선택 설치하는 게 안되서 그럴 수 있겠네요. 그러니까 저는 선택, 설치 요소가 있는 다 통합설치 하는게 좋겠네요",제가 아까 주변 지인한테 물어봤는데 제 노트북에 기본적인 프로그램이 안 깔려 있어서 그럴 수도 있다고 하는데 그래서 선택 설치 해야하는게 안되서 그럴 수도 있겠네요 그러니까 저는 선택 설치 요소까지 다 통합 설치 하는게 좋겠네요,127,0.110236,2,5,7,5
S00002382_t0026,0026.wav,0,교육,그렇군요. 감사합니다 그럼 제가 한 번 더 시도해보고 그때 또 안 되면 문이 전화드릴게요,그렇군요 감사합니다 그럼 제가 한 번 더 시도해 보고 그때도 안 되면 또 문의 전화 드릴게요,51,0.156863,2,4,2,4
S00002382_t0027,0027.wav,0,교육,네 감사합니다 한국어학원 김민수였습니다.,네 감사합니다 한국어학원 김민수였습니다,21,0.047619,0,0,1,0
S00002390_t0001,0001.wav,0,교육,안녕하세요. 성담사 김인수입니다,안녕하세요 상담사 김민수입니다,16,0.187500,2,0,1,0
S00002390_t0002,0002.wav,0,교육,네 안녕하세요 지금 한국어학 인터넷강이 듣고 있는데 문의들이려고 정화드렸어요,안녕하세요지금 한국화학인터넷 강의 듣고있는데 문의드리려고 전화다 됐어요,39,0.358974,7,2,5,6
S00002390_t0003,0003.wav,0,교육,제가 노트북에서 지금 들으려고 하는데 강의를 들으려면 살짝 프로그램을 설치해야 되더라고요,제가 노트북에서 지금 들으려고 하는데 강의를 들으려면 해당프로그램을 설치해야 하더라구요,48,0.104167,4,0,1,1
S00002390_t0004,0004.wav,0,교육,"그래서 설치를 진행했는데, 설치를 완료했는데도 인터넷 강의가 작동이 안 돼서 좀 여쭤보려고요. 편안한데죠? 좀 알아봐주세요",그래서 설치를 진행했는데 설치를 완료 했는데도 인터넷강의가 작동이 안 돼서 좀 여쭤보려고요 왜 안되죠 알아봐주세요,63,0.174603,4,1,6,4
S00002390_t0006,0006.wav,0,교육,네 뜨는 거 다 설치했고요 필수 설치랑 선택설치 이렇게 좀 맥인가? 뜨던데 저는 필수설치만 다운로드 했거든요 통화쇼 설치를 누르면 전부 한꺼번에 설치가 됐는데 저는 필수넣지 해야 하는 요소만 설치했어요,뜨는 거 다 설치했구요 필수 설치랑 선택 설치 이렇게 총 네 갠가 뜨던데 저는 필수 설치만 다운로드 했거든요 통합 설치를 누르면 전부 한꺼번에 설치가 되던데 저는 필수 설치해야 하는 요소만 설치했어요,111,0.153153,12,2,3,6
S00002390_t0007,0007.wav,0,교육,원래는 귀찮아서 그냥 한번에 설치되도록 통화설치하는데 그 과정에서 저번에 노트북이 많이 느려졌거든요. 그래서 선택 설치는 안 했어요 어차피 필수로 해야되는 것만 하시는 상관은 없는 거죠,원래는 귀찮아서 그냥 한 번을 설치되도록 통합 설치하는데 과정에서 저가 노트북이 많이 늦어졌거든요 선택 설치는 안했어요 어차피 필수로 해야 하는 것만 하시는 상관없는거죠,94,0.223404,6,3,12,8
S00002390_t0008,0008.wav,0,교육,됐수는 다하신 건가요?,횟수는 다 하신 건가요,12,0.250000,1,1,1,1
S00002390_t0009,0009.wav,0,교육,네 필수로 뜨는 건 전부 다 했으니까요. 근데 다음으로 진행이 안돼요 계속해서 설치하라는 몽불과 당긴 창의에 계속 떠요 설치는 다 했는데,필수로 뜨는건 전부 다 했다니까요 그런데 다음으로 진행이 안되요 계속해서 설치하라는 문구가 담긴 창이 계속떠요 설치는 다 했는데,71,0.211268,10,0,5,5
S00002390_t0011,0011.wav,0,교육,설치를 다 했는데요 그게 안 되는 이유가 설치 문제 왜 다른 이유는 없는 건가요?,설치를 다 했는데요 그게 안 되는 이유가 설치 문제 외에 다른 이유는 없는 건가요,45,0.066667,1,1,1,0
S00002390_t0013,0013.wav,0,교육,혹시 노트북이 아니라 일반 PC에서 하면 되거나 그런 건 없나요? 사양의 문제라든지 용량의 문제 라든지 그런 것처럼 없는건가요?,혹시 노트북이 아니라 그냥 일반 피씨에서 하면 되거나 그런건 없나요 사양의 문제라든지 용수량의 문제라든지 그런 거 전혀 없는 건가요 그런거면 다른 방법을 시도해보려구요,93,0.365591,6,25,3,9
S00002390_t0014,0014.wav,0,교육,그럼 제가 지금 다시 한번 확인해 볼게요. 잠시만요,그럼 제가 지금 다시 한번 확인해 볼게요 잠시만요,27,0.037037,0,0,1,0
S00002390_t0015,0015.wav,0,교육,제가 지금 노트북 켰고요 똑같이 두 영상방위 시작하도록 진행해볼게요. 로그인하고 다운받은 목록으로 들어가서 플레이 버튼 누르는 것 같아요,제가 지금 노트북 켜고요 똑같이 동영상 강의 시작하도록 진행해볼게요 로그인하고 다운 받은 목록으로 들어가서 플레이 버튼 누르는거 맞죠,74,0.175676,7,2,4,4
S00002390_t0017,0017.wav,0,교육,토잇 600번 강인데 지금 제일 첫 번째 강이 오리엔테이션 강의 플레이버튼을 누를게요.,토익 육백 반강인데 지금 제일 첫번째 강의 오리엔테이션 강의 플레이버튼 누를게요,44,0.227273,6,0,4,3
S00002390_t0018,0018.wav,0,교육,플레이버튼을 눌렀는데 프로그램 설치가 필요하다는 장소가 있어서 계속 다음 눌러서 설치 진행까지 왔어요. 저번이랑 똑같아요 보통 네이버나 다음 같은 데 동영상 재생 툴과 나에게 기부랑 비슷해요,플레이버튼 눌렀는데 프로그램 설치가 필요하다는 창이 떠서 계속 다음 눌러서 설치 진행까지 왔어요 저번이랑 똑같아요 보통 네이버나 다음 같은 데 동영상 재생 툴바나 액티브랑 비슷해요,100,0.140000,8,0,6,3
S00002390_t0019,0019.wav,0,교육,필수 설치가 두 개구요 선택설치가 2개고 각각 설치를 할 수 있고 통합 설치를 누르면 한꺼번에 설치된다고 뜨네요 여기서 저는 필수설치에 각각 눌러서 설치해주셨어요,필수 설치가 두 개고요 선택설치가 두개고 각각 설치할 수 있고 통합 설치를 누르면 한꺼번에 설치가 안된다고 뜨네요 여기서 저는 필수 설치에 각각 눌러서 설치했었어요,91,0.120879,4,4,3,3
S00002390_t0020,0020.wav,0,교육,근데 제가 두세 번 정도 더 설치를 해봤거든요 아까 말씀드렸듯이 자꾸 설치하는데도 안되었어요,그런데 제가 두세번 정도 더 설치를 해 봤거든요 아까 말씀드렸듯이 그것이 자꾸 설치를 하는데도 안 돼서요,58,0.224138,4,8,1,5
S00002390_t0023,0023.wav,0,교육,선택 설치 하실 것을 권유 드립니다.,선택 설치하실 것을 권유드립니다,17,0.176471,0,0,3,2
S00002390_t0024,0024.wav,0,교육,선택 설치도 해야 된다고요? 저번에 모로가 다 들췄다가 노트북이 엄청 느려져서 불안한데요,선택 설치도 해야 된다고요 저번에 뭐 모르고 다 설치했다고 노트북이 엄청 들으셔서 불안한데요,51,0.235294,8,3,1,1
S00002390_t0025,0025.wav,0,교육,제가 아까 출전 지인한테 물어봤는데 제 노트북에 기본적인 프로그램이 안 깔려 있어서 그럴 수 있다고 하는데 그래서 선택 설치하는 게 안되서 그럴 수도 있다네요. 그러니까 저는 선택설치 요소까지 통합 설치한게 좋겠네요,제가 아까 주변 지인한테 물어봤는데 제 노트북에 기본적인 프로그램이 안 깔려 있어서 그럴 수도 있다고 하는데 그래서 선택 설치하는 게 안 돼서 그럴 수도 있다네요 저는 선택 설치 요소까지 다 통합 설치하는게 좋겠네요,120,0.133333,4,6,6,4
S00002390_t0026,0026.wav,0,교육,그렇군요. 감사합니다. 그럼 제가 한번 더 시도해보고 그때도 안 되면 또 문이 전화드릴게요,네 그렇군요 감사합니다 그럼 제가 한번 더 시도해 보고 그때도 안 되면 또 문의 전화 드릴게요,52,0.134615,1,4,2,3
S00002390_t0027,0027.wav,0,교육,네 감사합니다 한국어학원 김민수였습니다.,네 감사합니다 한국어학원 김민수였습니다,21,0.047619,0,0,1,0
S00002392_t0001,0001.wav,0,교육,안녕하세요 상담사 김민수입니다.,안녕하세요 상담사 김민수입니다,16,0.062500,0,0,1,0
S00002392_t0002,0002.wav,0,교육,네 안녕하세요 지금 한국어학 인사 내 강의 듣고 있는데 문이 드리려고 전화 드렸어요,안녕하세요 지금 한국 과학인터넷 강의 듣고있는데 문의 드리려고 전화 드렸어요 네,44,0.272727,6,2,4,6
S00002392_t0003,0003.wav,0,교육,제가 노트북에서 지금 들이라고 하는데 강의를 들으려면 해당 프로그램을 펄시하라더라고요.,제가 노트북에서 지금 드리려고 하는데 강의를 들으려면 해당프로그램을 설치해야 하더라구요 네,50,0.260000,9,3,1,3
S00002392_t0004,0004.wav,0,교육,"그래서 설치를 진행했는데, 설치적으로 완료 했는데 인터넷 관계가 작동이 안 돼서 좀 여쭤보려고요. 왜 안 되죠? 좀 알아봐 주세요",그래서 설치를 진행했는 선취점 완료 했는데도 인터넷강의가 작동이 안 돼서 좀 여쭤보려고요 왜 안되죠 좀 알아봐주세요,64,0.234375,5,1,9,3
S00002392_t0010,0010.wav,0,교육,솔직히 안 된 것 같습니다.,설치가 안 된 것 같습니다,14,0.285714,3,0,1,0
S00002392_t0011,0011.wav,0,교육,설치를 다 했는데요 그게 안 되는 이유가 설치 문제에 의해 다른 이유가 없는 건가요?,자식들이 다 했는데요 그게 안되는 이유가 설치 문제 외에 다른 이유가 없는 건가요,45,0.200000,5,1,3,1
S00002392_t0013,0013.wav,0,교육,혹시 노트북이 아니라 일반 BCE에서 하면 되거나 그런 건 없나요? 사랑의 문제라든지 용농의 문제 라든지 그런 건 전혀 없는건가요? 그런 거면 다른 방법을 써야 모르고요.,혹시 노트북이 아니라 일반 피씨에서 하면 되거나 그런건 없나요 서양의 문제라든지 역량의 문제라든지 그런 건 전혀 없는 건가요 그런가 하면 다른 방법을 시도해 보려구요,92,0.228261,12,3,6,3
S00002392_t0014,0014.wav,0,교육,그럼 제가 지금 다시 한번 확인해 볼게요. 잠시만요,그럼 제가 지금 다시 한번 확인해 볼게요 잠시만요,27,0.037037,0,0,1,0
S00002392_t0021,0021.wav,0,교육,그런데 노트북 자체 프로그램은 설수가 된 게 맞는 것 같아요. 왜냐하면 설사라는 프로그램이 이미 설치되었다고 문구가 뜨고요. 박재하고 재설수할지 더 훨씬 유주 선택하라 한창 있어요 어떤 건지 아시죠?,그런데 노트북 자체 프로그램을 설치가 되 게 맞는 것 같아요. 왜냐하면 설치하라는 프로그램은 이미 설치되었다고 문구가 뜨구요. 삭제하고 재설치를 할지 덮어씌우지 선택하라는 창이 있어요. 어떤 건지 아시죠?,114,0.201754,20,3,0,3
S00002392_t0022,0022.wav,0,교육,이런 본국가 뜨는 거면 제 노트 그게 어떤 문제가 있는 것인지 아니면 아니다 인간홈파일 쪽에 문제가 있는 건 아닌가요? 아니면 혹시 선택터의 시까지 점프 다 설치해야 되는 건가요? 불안해서 그건 싫은데요. 왜 이러죠,이러한 문구가 뜨는 거면 제 노트북에 어떤 문제가 있는 건지 아니면 아니다 임가공 홈페이지 쪽에 문제가 있는 것 아닌가요 아니면 혹시 선택한 책까지 전부 다 설치해야 되는 건가요 불안해서 그건 쉬는데요 왜이런거죠,118,0.254237,20,4,6,3
S00002392_t0023,0023.wav,0,교육,선택 설치도 하실 것을 권유 드립니다.,선택 설치도 하실 것을 권유드립니다,19,0.105263,0,0,2,1
S00002392_t0024,0024.wav,0,교육,설치 선치도 해완한다고요? 저번에 뭐 모르고 다설치 했다가도 되게 엄청 느려져서 불안한데요.,철도 상수도 해야한다구요 저번에 뭐 모르고 다 설치했다가 노트북이 엄청 느려져서 불안한데요,50,0.300000,10,2,3,4
S00002392_t0025,0025.wav,0,교육,제가 아까 주변 지인한테 물어봤는데 제 노트북에 기본적인 프로그램이 안 깔려있어 그럴 수 있다고 하는데 그래서 선택 설치 유행하는 게 안될 수도 그렇을 수 있잖아요. 그러니까 저는 선택설치 유속가 다 통화 설치 하는게 좋겠네요,아/ 제가 아까 주변 지인한테 물어봤는데 제 노트북에 기본적인 프로그램이 안 깔려 있어서 그럴수도 있다고 하는데 그래서 선택 설치해야하는게 안 될 수도 그럴 수도 있잖아요. 그러니까 저는 선택 설치요소까지 다 통합설치하는 게 좋겟네요.,131,0.198473,11,10,5,11
S00002392_t0027,0027.wav,0,교육,네 감사합니다 한국어학원 김민수였습니다.,네 감사합니다한국학원 김민수였습니다,19,0.157895,0,0,3,1
S00002402_t0001,0001.wav,0,교육,안녕하세요 상단사 김인수입니다,안녕하세요 상담사님 김민수입니다,17,0.176471,2,1,0,0
S00002402_t0002,0002.wav,0,교육,네 안녕하세요 지금 한국어 인터넷강이 듣고 있는데 문히드이가 전화드렸어요,안녕하세요 지금 한국어와 인터넷 강의 듣고있는데 문의 드리려고 전화 드렸어요,42,0.285714,4,5,3,5
S00002402_t0003,0003.wav,0,교육,제가 노트북에서 지금 들려고 하는데 강의를 들으려면 해당 프로그램을 설치해야 되더라고요.,제가 노트북에서 지금 되려고 하는데 강의를 들으려면 해당 프로그램을 설치해야되더라구요,47,0.085106,2,0,2,1
S00002402_t0004,0004.wav,0,교육,"그래서 설치를 진행했는데, 설치를 말리 했는데도 인터넷병이가 작동이 안 돼서 좀 엮어보려고요. 왜 안되죠? 좀 알아봐주세요",그래서 설치를 진행했는데 설치를 완료 했는데도 인터넷 경위가 작동이 안되어서 좀 여쭤보려고요 왜 안되죠 알아봐주 알아봐주세요,69,0.231884,11,3,2,4
S00002402_t0005,0005.wav,0,교육,"네, 서유치 전부 다 하셨나요?","네, 설+ 설치 전부 다 하셨나요?",19,0.210526,2,2,0,1
S00002402_t0006,0006.wav,0,교육,"네, 뜨는 거 다 설치했고요 필수 설치랑 선택설치 이렇게 총 4개인가? 그래서 근데 저는 필수설치만 다운로즈 했거든요 통합 설치를 누르면 전부 한꺼번에 설치가 되었는데 저는 필수� 설치해야 하는 요소만 설치했어요",뜨는 거 다 설치했구요 K 소설처럼 선택 설치 이렇게 총 네개인가 그런데 저는 필수 설치만 다운로드 했거든요 통합 설치를 누르면 전부 한꺼번에 설치가 되던데 저는 펜스 설치 해야하는 요소만 설치했어요,111,0.225225,12,3,10,8
S00002402_t0007,0007.wav,0,교육,원래는 비찼어서 그냥 한 번에 설치하도록 통화설치하는데 그 과정에서 저번의 노트북이 많이 느려졌거든요. 그래서 선택 설치는 안 했어요 어차피 필수로 해야 하는 것만 했으면 상관없는 거죠,원래는 귀찮아서 그냥 한 번에 설치하도록 통합 설치하는데 그 과정에서 저번에 노트북이 많이 늦어졌거든요 그래서 선택할지는 안했어요 어차피 필수로 해야하는건 망했으면 상관없는거죠,98,0.193878,12,1,6,8
S00002402_t0008,0008.wav,0,교육,피스는 다 하신 건가요?,필수는 다 하신 건가요?,13,0.153846,2,0,0,0
S00002402_t0009,0009.wav,0,교육,"네, 필수로 뜨는 건 전부 다 했다니까요. 그런데 다음으로 진행이 안 돼요 계속해서 설치하는 문구가 담긴 창에 계속 떠요 설치는 다 했는데",네 프린스로 뜨는 건 전부 다 했다니까요 그런데 다음으로 진행이 안되요 계속해서 설치하라는 문구가 담긴 창이 계속떠요 설치는 다 했는데,75,0.133333,6,1,3,4
S00002402_t0010,0010.wav,0,교육,저희 취가 안 된 것 같습니다.,설치가 안 된 것 같습니다.,15,0.266667,2,0,2,1
S00002402_t0011,0011.wav,0,교육,설치는 다 했는데요 그게 안되는 이유가 설치 문제에 다른 이유는 없는 건가요?,펼치는 다 했는데요 안되는 이유가 설치 문제 외에 다른 이유는 없는 건가요,41,0.170732,1,2,4,2
S00002402_t0013,0013.wav,0,교육,음.. 혹시 노트북이 아니라 그냥 일감 PC에서 하면 되거나 그런 건 없나요? 사용의 문제라든지 용량의 문제하던지 그런건 전혀 없는건가요? 그런거면 다른 방법을 시도해 보려구요,혹시 노트북이 아니라 그냥 일반 피씨에서 화면되거나 그런건 없나요 서양의 문제라든지 용량의 문제라던지 그런건 전혀 없는 건가요 그런가 하면 다른 방법을 시도해 보려구요,93,0.204301,8,3,8,5
S00002402_t0014,0014.wav,0,교육,그럼 제가 지금 다시 한번 확인해 볼까요? 잠시만요.,그럼 제가 지금 다시 한번 확인해 볼게요 잠시만요 네 네,31,0.193548,2,3,1,2
S00002402_t0015,0015.wav,0,교육,제가 지금 노트북 꼈구요 똑같이 동영상 강 시작하도록 진행해볼게요 로그인하고 다운받은 목록으로 들어가서 플레이버튼 누르는거 맞죠?,제가 지금 노트북이 없구요 똑같은 동영상과 동영상 강의 시작하도록 진행해 보구요로그인하고 다운받은 목록 으로 들어가서 플레이 버튼 누르는거 맞죠,80,0.200000,6,9,1,5
S00002402_t0017,0017.wav,0,교육,"네, 토이 600반 강의인데 지금 제일 첫 번째 강의 오리엔테이션 강의 플레이버튼 누를게요.",토익 육백 반 강의인데 지금 제일 첫번째 강의 오리엔테이션 강의 플레이 버튼을 누를게요,48,0.229167,4,2,5,4
S00002402_t0018,0018.wav,0,교육,플레이버등을 눌렀는데 프로그램 설치만 필요하다는 창이 떠서 계속 다음 눌러서 설치 진행까지 왔어요. 저번이나 똑같아요 보통 네이버나 다음 같은 데의 종영상은 제생 풀 바다 액티브라운 비슷해요,플레이버튼 눌렀는데 프로그램 설치가 필요하다는 창이 떠서 계속 밤 눌러서 설치 진행까지 왔어요 저번이랑 똑같아요 보통 네이버나 다음과 같은 데의 동영상 재생 툴바나 액티브랑 비슷해요,101,0.158416,9,1,6,1
S00002402_t0019,0019.wav,0,교육,"필수 설치와 2개고요. 선택설치가 두 개고 각각 설치를 할 수 있고 통화 설치는 누르면 한꺼번에 설치된다고 드네요 여기서 저는 필수, 각각 눌러서 설치했었어요",펜스 설치와 [두] 회고요 선택설치가 두 개고 각각 설치할 수 있고 통합 설치를 누르면 한꺼번에 설치가 된다고 뜨네요 여기서 저는 필수 설치 각각 눌러서 설치했었어요,92,0.195652,8,7,3,4
S00002402_t0020,0020.wav,0,교육,근데 제가 2-3번 정도 더 설치를 해봤었거든요 아까 말씀드렸듯이 자꾸 설치하는데도 안 되어서요,그런데 제압 두세번 정도 더 설치를 해 봐 해봤었거든요 아까 말씀드렸듯이 자꾸 설치를 하는데도 안 되어서요,59,0.203390,4,7,1,3
S00002402_t0021,0021.wav,0,교육,"그런데 노트북 자체의 프로그램은 설치가 된 게 맞는 것 같아요. 왜냐하면 설치하려는 프로그램이 이미 설치되어 있다는 문구가 두고요, 탁재하고 재설치를 할 지 덮을 수 있지 선택하는 차이 있어요 어떤 건지 아시죠?",네 가운데 노트북 자체의 프로그램을 설치가 된 게 맞는 것 같아요 왜냐하면 설치하라는 프로그램이 설치되어 있다는 문구가 뜨구요 삭제하고 재설치를 할지 덮어씌우지 선택하라는 창이 떠요 어떤 건지 아시죠,111,0.234234,13,3,10,5
S00002402_t0022,0022.wav,0,교육,이런 몽고화되는 거면 제 노트북에 어떤 문제가 있는 것이 아니라 인간 홈페이지 쪽 문제나 있는 건 아닌가요? 아니면 혹시 선택 설치까지 전부 다 설치해야 하는 건가요? 불안해서 그건 싫은데요. 왜 이러는 거죠,이런 문구가 뜨는 거면 제 노트북에 어떤 문제가 있는 것이 아니라 인강 홈페이지 쪽 문제가 있는 것 아닌가요? 아니면 혹시 선택 설치까지 전부 다 설치 해야 하는 건가요? 불안해서 그건 싫은거+ 싫은데요. 왜 이런 거죠? b/ n/,129,0.178295,8,14,1,5
S00002402_t0024,0024.wav,0,교육,폰대 설치근 해야 한다고요? 저번에 뭐 모르고 다 설치했다가 눕히게 엄청 누려져서 불안한데요,펀딩 설치를 해야 한다고요 저번에 뭐 모르고 다 설치했다가 노트북이 엄청 느려져서 불안한데요,51,0.176471,7,1,1,0
S00002402_t0025,0025.wav,0,교육,아 제가 아까 주변 지인한테 물어봤는데 제 노트북에 기본적인 프로그램이 안 깔려 있어서 그럴 수도 있다고 하는데 그래서 선택 설치하는 게 안 돼서 그럴 수 있다네요. 그러니까 저는 선택설치 요소까지 다 통합 설치 하는게 좋겠네요,아 제가 아까 주변 지인한테 물어봤는데 제 노트북의 기본적인 프로그램이 안 깔려 있어서 그럴 수도 있다고 하는데 그래서 선택 설치해야하는게 안돼서 그럴 수도 있다네요 그러니까 저는 선택할지 요소까지 다 통합 설치하는 게 좋겠 네요 네네,131,0.114504,3,8,4,6
S00002402_t0026,0026.wav,0,교육,그렇군요. 감사합니다 그럼 제가 한 번 더 시도해보고 그때도 안 되면 또 분이 전화드릴게요,그렇군요 감사합니다 그럼 제가 한 번 더 시도해보고 그때도 안되는 또 문의 전화 드릴게요,49,0.122449,3,1,2,2
S00002402_t0027,0027.wav,0,교육,네 감사합니다 한국어원 김민수였습니다,네 감사합니다 한국어권 김민수였습니다,20,0.050000,1,0,0,0
S00002404_t0001,0001.wav,0,교육,안녕하세요. 상담사 김민수입니다,안녕하세요 상담사 김민수입니다,16,0.062500,0,0,1,0
S00002404_t0002,0002.wav,0,교육,안녕하세요. 지금 한국어 인터넷 가문을 듣고 있는데 문을 들이려고 전화드렸어요,안녕하세요제가 한국어 인터넷 강의 듣고있는데 문의 드리려고 전화 드렸어요 네,42,0.333333,7,3,4,4
S00002404_t0003,0003.wav,0,교육,제가 노트북에서 지금 들으려고 하는데 강의를 들이라면 해당 프로그램을 설치해야 되더라고요.,제가 노트북에서 지금 들으라고 하는데 강의를 들으려면 해당 프로그램을 설치 해야 되더라고요,50,0.100000,3,1,1,1
S00002404_t0005,0005.wav,0,교육,네 전부 설치 전부 다 하셨나요?,"네, 전부설+ 설치 전부 다 하셨나요?",21,0.142857,0,3,0,0
S00002404_t0010,0010.wav,0,교육,설치가 안 된 것 같습니다.,설치가 안 된 것 같습니다,14,0.071429,0,0,1,0
S00002404_t0011,0011.wav,0,교육,설치를 다 했는데? 이게 안 되는 이유가 설치 문제 왜 다른 이유는 없는 건가요,설치를 다 했는데요 안되는 이유가 설치 문제 외에 다른 의도는 없는 건가요,41,0.219512,4,1,4,2
S00002404_t0015,0015.wav,0,교육,그럼 제가 지금 다시 한번 확인해 볼게요 잠시만요,그럼 제가 지금 다시 한번 확인해 볼게요 잠시만요 네,29,0.068966,0,2,0,1
S00002404_t0019,0019.wav,0,교육,플레이부트는 눌렀는데 프로그램 설치가 필요하다는 차이 있어서 계속 다음 눌러서 설치 기능까지 왔어요. 저번에는 똑같아요. 또한 네이버나 다음부터 동영상 재생에 출발할 기분이랑 비슷해,플레이버튼 눌렀는데 프로그램 설치가 필요하다는 창이 떠서 계속 다음 눌러서 설치 진행까지 왔어요저번에는 똑같아요 네이버나 다음과 같은 데 동영상 재생 툴바나 테이프랑 비슷해,96,0.281250,14,4,9,4
S00002404_t0022,0022.wav,0,교육,근데 노트북 자체 프로그램은 설치가 된 게 맞는 것 같아요. 왜냐하면 설치하는 프로그래미 이미 설치되어 있다는 문구 같고 삭제하고 재설치를 할지 덧버스 10질 선택하는 사이니까요 어떤 건지 아시죠?,그런데 노트북 자체 프로그램 설치가 된 게 맞는 것 같아요 왜냐하면 설치하는 프로그램이 이미 설치되었다는 문구가 뜨고요 삭제하고 재설치를 할지 덮어 씌울지 선택하는 상황이 어떤건지 아시죠,104,0.240385,13,3,9,2
S00002404_t0024,0024.wav,0,교육,선택 설치 또 하실 것을 권유드립니다.,선뜻 설치 또 하실 것을 권유드립니다,20,0.100000,1,0,1,0
S00002404_t0028,0028.wav,0,교육,네 감사합니다. 항보관과 김민수였습니다,네 감사합니다한복학원 김민수였습니다,19,0.315789,4,0,2,1
S00002410_t0001,0001.wav,0,교육,안녕하세요 상담수학팀 민수입니다.,안녕하세요상담사 김민서입니다,15,0.466667,4,0,3,3
S00002410_t0002,0002.wav,0,교육,안녕하세요 지금 한국어학 인터넷 강의 듣고 문의드리려고 전화드렸어요,안녕하세요 지금 한국어와 인터넷 강의 듣고 있는데 문의드릴려고 전화드렸어요 네,43,0.186047,2,6,0,2
S00002410_t0003,0003.wav,0,교육,제가 노트북에서 지금 이거 드리려고 하는데 강의를 들이려면 해당 프로그램을 설치해야 된다고 하더라고요.,제가 노트북에서 지금 이거 드릴려고 하는데 강의를 들으려면 해당 프로그램을 설치해야 된다고 하더라고요 네,58,0.068966,3,1,0,1
S00002410_t0004,0004.wav,0,교육,"그래서 설치를 진행했는데, 설치 완료했는데도 인터넷강의가 작동이 안 돼서 좀 여쭤보려구요 왜 안되죠? 좀 알아봐주세요",그래서 설치를 진행했는데 설치 완료 했는데도 인터넷강의가 작동이 안되서 좀 여쭤보려고요 왜 안되죠 좀 알아봐주세요,63,0.095238,2,1,3,2
S00002410_t0007,0007.wav,0,교육,오늘은 귀찮아서 그냥 한 번에 설치 되도록 통화 설치하는데 그 과정에서 저번에 노트북이 많이 느려졌거든요. 그래서 선택을 안 했어요. 어차피 필수로 해야 하는 것만 하면 상관없는 거죠,원래는 귀찮아서 그냥 한 번에 설치되도록 통합 설치하는데 그 과정에서 저번에 노트북이 많이 늦어졌거든요 그래서 선택 설치는 안했어요 어차피 수술을 해야 하는 것만 금액은 상관없는거죠,101,0.207921,14,3,4,4
S00002410_t0009,0009.wav,0,교육,네 필수로 뜨는 건 전부 다 했다니까요? 그런데 다음으로 진행이 안 돼요 계속해서 설치하라고 문구가 담긴 차는 계속 다 여섯이 다 했는데,필수로 뜨는 건 전부 다 했다니까요 그런데 다음으로 진행이 안되요 계속해서 설치하라고 문구가 담긴 창이 계속떠요 설치를 했는데,70,0.200000,8,0,6,4
S00002410_t0010,0010.wav,0,교육,탈지가 안 된 것 같습니다.,설치가 안 된 것 같습니다,14,0.214286,2,0,1,0
S00002410_t0011,0011.wav,0,교육,설치를 다 했는데요 그게 안 되는 이유가 설치 문제에 왜 다른 이유는 없는 건가요?,설치를 다 했는데요 그게 안 된 이유가 설치 문제 외에 다른 이유는 없는 건가요,44,0.136364,4,0,2,2
S00002410_t0013,0013.wav,0,교육,혹시 노트북이 아니라 그냥 PC에서 하면 되거나 그런 건 없나요? 사형의 문제라든지 용량의 문제를 하는지 그런 거 전혀 없는 건가요. 그런 거는 다른 방법을 시도해 보려고요,혹시 노트북이 아니라 그냥 피씨에서 하면 되거나 그런건 없나요파의 타협의 문제라든지 용량이 문제라든지 그런 건 전혀 없는 건가요 그런거면 다른 방법을 시도해 보려구요,92,0.184783,11,1,5,3
S00002410_t0015,0015.wav,0,교육,그럼 제가 지금 다시 확인해볼게요. 잠시만요,그럼 제가 지금 다시 확인해 볼게요 잠시만요 네,26,0.153846,0,3,1,2
S00002410_t0016,0016.wav,0,교육,제가 지금 유튜브 켰고요 똑같이 동영상 강의 시작하도록 진행해볼게요 로그인하고 자음 받은 목록으로 들어가서 플레이버튼 누르는 거 맞죠?,제가 지금 노트북 켰고요 똑같이 동영상 강의를 시작하도록 진행 해볼게요 로그인하고 다운 받은 목록으로 들어가서 플레이 버튼 눌르는 거 맞죠,77,0.129870,6,3,1,2
S00002410_t0019,0019.wav,0,교육,플레이버튼을 눌렀는데 프로그램 설치가 필요하다는 창이 있어서 계속 다음 눌러서 설치 진행까지 왔어요. 저번에는 똑같아요 보통 네이버나 다운 같은데 동영상 대중 토빠나 에티브랑 같이 있어요,플레이버튼 눌렀는데 프로그램 설치가 필요하다는 창이 떠서 계속 다음 눌러 설치 진행까지 왔어요 저번이랑 똑같아요 보통 네이버나 다음 같은 데 동영상 제작 툴빠나 액티브랑 비슷해요,99,0.181818,11,1,6,2
S00002410_t0020,0020.wav,0,교육,필수 설치가 두 개고요. 선택 설치가 두 개고 각각 설치할 수 있고 통화설치를 누르면 한꺼번에 설치된다고 드네요 여기서 저는 필수서치 각각 눌러서 설치했어요,필수 설치가 두개구요 콘텐츠가 두 개고 각각 설치할 수 있고 통합 설치를 누르면 한꺼번에 설치된다고 뜨네요 여기서 저는 폐쇄조치 각각 눌러서 설치 했어요,85,0.176471,9,2,4,4
S00002410_t0022,0022.wav,0,교육,그런데 노트북 잡지의 프로그램은 설치가 된 게 맞는 것 같아요. 왜냐하면 설치를 하려고 프로그램이 이미 설치되어 있던 묵국을 두고요 확제하고 재설치할 지 덕분에 씌우지 선택하라는 창사예요 어떤 것이 아시죠?,그런데 노트북 자체의 프로그램은 설치가 된 게 맞는 것 같아요 왜냐하면 설치를 하려고 프로그램이 이미 설치되어 있다는 문구가 뜨구요 삭제하고 재설치를 할지 덮어씌우지 선택하라는 창이 떠요 어떤 건지 아시죠 네,116,0.206897,17,4,3,3
S00002410_t0025,0025.wav,0,교육,선택 설치도 해야 된다고요? 저번에 뭐 모르고 다 설치했다가 노트북이 엄청 느려져서 불안한데요,선뜻 설치를 해야 된다고요 저번에 뭐 모르고 다 설치했다가 노트북이 엄청 느려져서 불안한데요,51,0.058824,2,0,1,0
S00002410_t0026,0026.wav,0,교육,제가 아까 주변 지인한테 물어봤는데 제 노트북의 기본 프로그램이 안 가려서 그럴 수 있다고 하는데 그런 선택 설치 해야 하는 게 안 돼서 그럴 수도 있다네요. 네 그러니까 저는 선택설치 요소까지 다 통화 설치를 하는게 좋겠네요,제가 아까 주변 지인한테 물어봤는데 제 노트북에 기본프로그램이 안깔려서 그럴 수도 있다고 하는데 그중에서 선택 설치해야하는게 안되서 그럴수도 있다매요 네 저는 선택 설치 요소까지 다 통합 설치하는게 좋겠 네요 네,118,0.237288,6,7,15,12
S00002410_t0027,0027.wav,0,교육,그렇군요. 감사합니다 제가 한 번 더 신어해보고 그때도 안 되면 또 분이 전화드릴게요,아 그렇군요 감사합니다 제가 한 번 더 시도해 보고 그때도 안 되면 또 보니 전화 드릴게요,50,0.180000,4,4,1,3
S00002410_t0028,0028.wav,0,교육,네 감사합니다. 한국어학원 김민수였습니다,네 감사합니다한국학원 김인수였습니다,19,0.210526,1,0,3,1
S00002418_t0001,0001.wav,0,교육,안녕하세요 상담사 김민수입니다.,안녕하세요 상담사 김민수입니다,16,0.062500,0,0,1,0
S00002418_t0003,0003.wav,0,교육,제가 노트북에서 지금 부리려고 하는데 광의를 들이라면 해당 프로그램을 설치해야 되더라고요.,제가 노트북에서 지금 드리려고 하는데 강의를 들으려면 해당 프로그램을 설치해야되더라구요,48,0.145833,5,0,2,1
S00002418_t0004,0004.wav,0,교육,"그래서 설치를 진행했는데, 설치를 완료했는데도 인터넷 강의가 작동이 안 돼서 좀 여쭤보려구요. 왜 안되죠? 좀 알아봐주세요",그래서 설치를 진행했는데 설치를 완료 했는데도 인터넷강의가 작동이 안 돼서 좀 여쭤보려고요 왜 안되죠 좀 알아봐주세요,65,0.092308,1,1,4,2
S00002418_t0005,0005.wav,0,교육,"네, 솔직히 전부 다 하셨나요?","네, 설치 전부 다 하셨나요? n/",19,0.315789,2,3,1,1
S00002418_t0007,0007.wav,0,교육,원래는 기철아서 그냥 한번에 설치되도록 통화설치하는데 그 과정에서 저번의 노트북이 많이 누려졌거든요. 그래서 선택 설치는 안 했어요 어차피 필수로 해야 하는 것만 했으면 상관없는 거죠,원래는 귀찮아서 그냥 한 번에 설치되도록 통합 설치하는데 그 과정에서 저번에 노트북이 많이 늦어졌거든요 그래서 선택할지는 안 했어요 어차피 필수로 해야 하는 것만 했으면 상관없는거죠,101,0.128713,8,2,3,4
S00002418_t0008,0008.wav,0,교육,필수는 다하신 건가요?,필수는 다 하신 건가요? n/,16,0.250000,0,4,0,2
S00002418_t0009,0009.wav,0,교육,"네, 픽스로 두는 거 전부 다 했다니까요. 그런데 다음으로 진행이 안 돼요 계속해서 설치하라는 문구가 담긴 상에 계속 써요 설치는 다 했는데",픽스로 뜨는 건 전부 다 했다니깐요 그런데 다음으로 진행이 안되요 계속해서 설치하라는 문구가 담긴 창이 계속 떠요 설치는 다 했는데,73,0.164384,7,0,5,2
S00002418_t0010,0010.wav,0,교육,설치가 안 된 것 같습니다.,설치가 안 된 것 같습니다,14,0.071429,0,0,1,0
S00002418_t0011,0011.wav,0,교육,설치를 다 했는데요 그게 안 되는 이유가 설치 문제에 외해 다른 이유는 없는 건가요?,설치를 다 했는데요 그게 안 되는 이유가 설치 문제 외에 다른 이유는 없는 건가요,45,0.066667,1,0,2,0
S00002418_t0014,0014.wav,0,교육,그럼 제가 다시 한번 확인해 볼게요. 잠시만요,그럼 제가 다시 한번 확인해 볼게요 잠시만요 네,26,0.115385,0,2,1,1
S00002418_t0015,0015.wav,0,교육,제가 지금 노트북을 켰고요 똑같이 동영상 강의 시작하도록 진행해볼게요 로그인하고 다운받은 목록으로 들어가서 플레이버튼 누르는 거 맞죠?,제가 지금 노트북을 폈고요 똑같이 동영상 강의 시작하도록 진행해볼게요 로그인하고 다운 받은 목록으로 들어가서 플레이버튼 누르는 거 맞죠,75,0.040000,1,1,1,1
S00002418_t0017,0017.wav,0,교육,토이 600번 강의인데 지금 제일 첫 번째 강위 오리엔티에이션 강의레이버튼을 누를게요.,토익 육백반* 강의인데 지금 제일 첫 번째 강의 오리엔테이션 강의 플레이 버튼 누를게요?,49,0.265306,8,3,2,2
S00002418_t0018,0018.wav,0,교육,플레이버튼을 눌렸는데 프로그램 설수가 필요하다는 성이 계속 떠서 계속 다음 눌러서 설치 진행까지 왔고요. 저번이랑 똑같아요 보통 네이버나 다음 같은 데에 종영상 재생 출바나 액티브랑 비슷해요,플레이버튼 눌렀는데 프로그램 설치가 필요하다는 창이 계속 떠서 계속 다음 눌러서 설치 진행까지 왔고요 저번이랑 똑같아요 보통 네이버나 다음 같은 데 동영상 재생 툴바나 액티브랑 비슷해요,103,0.077670,5,0,3,0
S00002418_t0019,0019.wav,0,교육,"필수 설치가 두 개고요. 선택설치가 두 개고 각각 설치할 수 있고 통화 설치를 주면 한꺼번에 설치가 된다고 뜨네요 여기서 저는 필수설치, 각각 눌러서 설치했었구요",칠 실수선 씨가 두개구요 현대판텍 설치가 두개고 각각 설치할 수 있고 통합 설치를 누르면 한꺼번에 설치가 된다고 뜨네요 여기서 저는 필수 설치 각각 눌러서 설치 했었구요,94,0.223404,11,7,3,10
S00002418_t0020,0020.wav,0,교육,그런데 제가 두세 번 정도 더 설치를 해봤었거든요. 아까 말씀드렸듯이 자꾸 설치를 하는데도 안 돼서요,그런데 제가 두세 번 정도 더 설치를 해봤었거든요 아까 말씀드렸듯이 자꾸 설치를 하는데도 안 돼서요 네,57,0.052632,0,2,1,1
S00002418_t0021,0021.wav,0,교육,"그런데 노트북 자체의 프로그램은 설치가 된 게 맞는 것 같아요. 왜냐하면 설치하려는 프로그래미 이미 설치되어 있다는 문자가 뜨고요, 문구가 뜨구요 삭제하고 재설치할지 덮어시을 지 선택하라는 창이 떠요 어떤 건지는 아시죠?",그런데 노트북 자체 프로그램은 설치가 된 게 맞는 것 같아요 왜냐하면 설치하려는 프로그램이 프로그램이 설치되어 있다는 문자가 뜨구요 문구가 뜨구요 삭제하고 재설치 할지 덮어 씨엘씨 이 선택하라는 창이 떠요 어떤 건지 아시죠,124,0.153226,8,6,5,2
S00002418_t0022,0022.wav,0,교육,이런 문구가 뜨는 거면 제 노트북에 어떤 문제가 있는 것이 아니라 인간 홈페이지 쪽 문제가 있는 건 아닌가요? 아니면 혹시 선택 설치까지 모두 전부 다 설치해야 되는 건가요? 불안해서 그건 싫은데요. 왜 그런 거죠,이런 문구가 뜨는 거면 제 노트북에 어떤 문제가 있는 것이 아니라 인강 홈페이지에 문제가 있는 것 아닌가요 아니면 혹시 선택 설치까지 모두 전부 다 설치해야 되는건가요 불안해서 그건 싫은데요 왜 그런거죠,113,0.079646,3,0,6,3
S00002418_t0023,0023.wav,0,교육,선택설티 도하실 것을 권유 드립니다.,선택 설치도 하실 것을 권유드립니다. b/,23,0.347826,3,4,1,5
S00002418_t0024,0024.wav,0,교육,선택을 해야 된다고요. 저번에 뭐 모르고 설치했다가 유튜브가 엄청 느려져서 불안한데요,선택할지도 해야된다구요 저번에 뭐 모르고 설치했다가 노트북이 엄청 느려져서 불안한데요,47,0.212766,6,2,2,1
S00002418_t0025,0025.wav,0,교육,제가 아까 주변 지인한테 물어봤는데 제 노트북에 기본적인 프로그램이 안 깔려 있어서 그럴 수도 있다고 하던데 그래서 손대 설치까지 해야 하는 게 안되서 그럴 수도 있다네요.,제가 아까 주변 지인한테 물어봤는데 제 노트북에 기본적인 프로그램이 안 깔려 있어서 그럴 수도 있다고 하던데 그래서 선택할지까지 해야하는 게 안 돼서 그럴 수도 있다네요,94,0.095745,5,1,3,3
S00002418_t0027,0027.wav,0,교육,그렇군요 감사합니다. 그럼 제가 다시 한번 시도해보고 그때도 안 되면 또 문이 전화드릴게요,그렇군요 감사합니다 그럼 제가 다시 한번 시도해 보고 그때도 안 되면 또 문의 전화 드릴게요,51,0.078431,1,2,1,2
S00002418_t0028,0028.wav,0,교육,네 감사합니다. 한국어학원 김민수였습니다,네 감사합니다 한국어 학원 김민수였습니다,22,0.090909,0,1,1,1
S00002428_t0001,0001.wav,0,교육,안녕하세요 상담사 김민수입니다.,안녕하세요 상담사 김민수입니다,16,0.062500,0,0,1,0
S00002428_t0002,0002.wav,0,교육,네 안녕하세요 지금 한국어하고 인터넷 강의 듣고 있는데 문의드리려고 전화드렸어요,안녕하세요 지금 한국어와 인터넷 강의 듣고있는데 문의 드리려고 전화 드렸어요,42,0.166667,1,2,4,4
S00002428_t0003,0003.wav,0,교육,제가 노트북에서 지금 드리려고 하는데 강의를 들이려면 해당 프로그램을 설치해야 되더라고요.,제가 노트북에서 지금 들어오려고 하는데 강의를 들으려면 해당 프로그램을 설치해야 되더라구요,50,0.120000,4,1,1,0
S00002428_t0004,0004.wav,0,교육,"그래서 제가 설치를 진행했는데, 그 설치료 완료로 했는데도 인터넷 강의가 작동이 안 되어서 좀 여쭤보려구요. 왜 안되죠? 좀 알아봐주세요",그래서 제가 설치를 진행했는데 설치를 완료 했는데도 인터넷 강의가 작동이 안되어서 좀 여쭤보려고요 왜 안되죠 좀 알아봐 주세요,70,0.142857,2,1,7,3
S00002428_t0005,0005.wav,0,교육,"네, 설치 전부 다 하셨나요?",설치 전부 다 하셨나요,12,0.333333,0,0,4,1
S00002428_t0006,0006.wav,0,교육,"네, 뜨는 거 다 설치했고요 필수 설치랑 선택설치를 이렇게 총 4개인가? 뜨던데 저는 필수설치만 다운로드 했거든요. 통합 설치를 누르면 전부 한꺼번에 설치가 되었는데 저는 필수� 설치해야 하는 요소만 설치했어요",뜨는 거 다 설치했구요 필수 설치랑 선택 설치 초 이렇게 총 네 갠가 뜨던데 저는 티엘소설지만 다운로드 했거든요 통합 설치를 누르면 전부 한꺼번에 설치가 되는데 전원 필수 설치해야 하는 요소만 설치했어요,113,0.176991,10,3,7,4
S00002428_t0007,0007.wav,0,교육,원래는 귀찮아서 그냥 한 번에 설치되도록 통합설치를 해왔는데 그 과정에서 저번에 노트북이 많이 느려졌거든요. 그래서 선택 설치는 안 했어요 어차피 필수로 해야 하는 것만 했으면 상관없는 거죠,원래는 귀찮아서 그냥 한 번에 설치되도록 통합 설치를 해야 하는데 그 과정에서 저번에 노트북이 많이 느려졌거든요 그래서 선택 설치는 안했어요 어차피 필수로 해야 하는 것만 해주면 상관없는거죠,106,0.084906,3,3,3,4
S00002428_t0009,0009.wav,0,교육,"네, 틸수로 뜨는 건 전부 다 했다니까요. 근데 다음으로는 진행이 안 돼요 계속해서 설치하라는 문구가 담긴 상의 계속 떠요 설치는 다 했는데",필수로 뜨는건 전부 다 했다니깐요 근데 다음으로는 진행이 안돼요 계속해서 설치하라는 문구가 담긴 창이 계속떠요 설치는 다 했는데,71,0.154930,4,0,7,4
S00002428_t0010,0010.wav,0,교육,설치가 안된 것 같습니다,설치가 안된것같습니다,11,0.181818,0,0,2,2
S00002428_t0011,0011.wav,0,교육,설치를 다 했는데요 그게 안 되는 이유가 설치 문제 왜 다른 이유는 없는 건가요?,설치를 다 했는데요 그게 안되는 이유가 설치 문제 외에 다른 이유는 없는 건가요,44,0.090909,1,1,2,1
S00002428_t0013,0013.wav,0,교육,그럼 노트북이 아니라 그냥 일반 PC에서 하면 되거나 그런 건 없나요? 사용의 문제라든지 용형에 문제 라든지 그런건 전혀 없는건가요? 그런거면 다른 방법을 한번 시도해보려구요,그럼 노트북이 아니라 그냥 일반 피씨에서 하면되거나 그런건 없나요 사형의 문제라든지 용량의 문제라던지 그런건 전혀 없는 건가요 그런거면 다른 방법을 한번 시도해 보려고요,94,0.148936,7,2,5,5
S00002428_t0014,0014.wav,0,교육,그럼 제가 지금 다시 한번 확인해 볼게요. 잠시만요,그럼 제가 지금 다시 한번 확인해 볼게요 잠시만요,27,0.037037,0,0,1,0
S00002428_t0015,0015.wav,0,교육,제가 지금 노트북 켰고요 똑같이 동영상 강의 시작하도록 해볼게요. 로그인하고 다음 받은 목록으로 들어가서 플레이 버튼 누르는 거 맞죠?,제가 지금 노트북 켰고요 똑같이 동영상 강의 시작하도록 해볼게요 로그인하고 다운 받은 목록으로 들어가서 플레이 버튼 누르는거 맞죠,72,0.055556,1,0,3,1
S00002428_t0017,0017.wav,0,교육,토익 600방 강의인데 첫번째 강이 오리엔테이션 강의 플레이버튼 누를게요,"네, 토익 (600반)/(육백 반)* 강의에 있는 지금 제일 첫 번째 강의 오리엔테이션 강의 플레이 버튼 누를게요.",64,0.437500,4,24,0,7
S00002428_t0018,0018.wav,0,교육,플레이버트 눌렀는데 프로그램 설치가 필요하다는 창이 떠서 계속 다음 눌러서 설치 진행까지 왔어요. 저번이랑 똑같아요 보통 네이버나 다음붓은 데 동영상 재생 툴 봐나 에키브랑 비슷해요,플레이버튼 눌렀는데 FLOOR 프로그램 설치가 필요하다는 창이 떠서 계속 다음 눌러서 설치 진행까지 왔어요 저번이랑 똑같아요 보통 네이버나 다음 같은 내 동영상 재생 툴바나 액티브랑 비슷해요,106,0.141509,6,7,2,3
S00002428_t0019,0019.wav,0,교육,필수 설치가 두 개구요. 선택설치가 2개고 각각 설치를 할 수 있고 통합 설치를 누르면 한꺼번에 설치된다고 어쩌네요? 여기서 저는 필수설치 각각 눌러서 설치했어요,필수 설치가 두개구요 선택설치가 두 개고 각각 설치할 수 있고 통합 설치를 누르면 한꺼번에 설치가 된다고 뜨네요 여기서 전원 필수 설치 각각 놀래서 설치 했어요 네,91,0.208791,6,7,6,7
S00002428_t0020,0020.wav,0,교육,그런데 제가 두세 번 정도 더 설치해봤었거든요 아까 말씀드렸듯이 자꾸 설치를 하는 데도 안 되어서요,그런데 제가 두세번 정도 더 설치 해봤었거든요 아까 말씀드렸듯이 자꾸 설치를 하는데도 안 되어서요,54,0.055556,0,1,2,3
S00002428_t0021,0021.wav,0,교육,"그런데 노트북 자체의 프로그램은 설치가 된 게 맞는 것 같아요. 왜냐하면, 설치하려는 프로그래밍 이미 설치되어 있다는 문구가 뜨고요. 삭제하고 재설치를 할지 덮어시을 지 선택하라는 창이 있어요. 어떤 건지 아시죠?",그런데 노트북 자체 프로그램만 설치가 된 게 맞는 것 같아요 왜냐하면 설치하려는 프로그램이 이미 설치되어 있다는 문구가 뜨구요 삭제하고 재설치를 할지 덮어 씌울지 선택하라는 창이 떠요 어떤 건지 아시죠 네,114,0.140351,9,1,6,3
S00002428_t0022,0022.wav,0,교육,이런 문구가 뜨는 거면 제 노트북에 어떤 문제가 있는 것이 아니라 인간 홈페인치 쪽의 문제가 있는 건 아닌가요? 아니면 혹시 선택 설치까지 전부 다 설치해야 하는 건가요? 불안해서 그건 싫은데 왜 이러는 거죠,이러한 문구가 뜨는 거면 제 노트북에 어떤 문제가 있는 것이 아니라 인강 홈페이지 쪽 문제가 있는 것 아닌가요 아니면 혹시 선택 설치까지 전부 다 설치해야하는건가요 불안해서 그건 싫은데 왜 이러는거죠,111,0.108108,5,1,6,3
S00002428_t0023,0023.wav,0,교육,선택 설치도 하실 것을 권유 드립니다.,선택 설치도 하실 것을 권해 드립니다,20,0.100000,1,0,1,0
S00002428_t0024,0024.wav,0,교육,선택 설치도 해야 한다고요? 저번에 뭐 모르고 다 설치했다가 노트북이 엄청 느려져서 좀 불안한데요,선택 설치도 해야 한다고요 그 저번에 뭐 모르고 다 설치했다가 노트북이 엄청 느려져서 좀 불안한데요,55,0.036364,1,1,0,1
S00002428_t0025,0025.wav,0,교육,아 제가 아까 주변 지인한테 물어봤는데 제 노트북에 기본적인 프로그램이 안 깔려 있어서 그럴 수도 있다고 하는데 그래서 선택 설치 해야 하는 게 안 돼서 그럴 수 있다네요. 그러니까 저는 선택설치 요소까지 다 통합 설치하는 게 좋겠네요,아 제가 아까 주변 지인한테 물어봤는데 제 노트북의 기본적인 프로그램이 안 깔려 있어서 그럴수도 있다고 하는데 그래서 선택 설치해야하는게 안되서 그럴수도 있다네요 그러니까 저는 선택 설치 요소까지 다 통합 설치하는게 좋겠네요,125,0.096000,4,1,7,8
S00002428_t0026,0026.wav,0,교육,아 그렇군요 감사합니다. 그럼 제가 한 번 더 시도해보고 그때도 안 되면 또 문이 져가 드릴게요,그렇군요 감사합니다 그럼 제가 한 번 더 시도해 보고 그때도 안 되면 또 문의 전화 드릴게요,51,0.137255,3,1,3,2
S00002428_t0027,0027.wav,0,교육,네 감사합니다 한국어학원 김인수였습니다,네 감사합니다 한국어하던 김민수였습니다,21,0.142857,3,0,0,0
S00002442_t0001,0001.wav,0,교육,안녕하세요 상장사 김인수입니다,안녕하세요상담사 김민지입니다,15,0.266667,3,0,1,1
S00002442_t0002,0002.wav,0,교육,네 안녕하세요 지금 한국어 인터넷강이 죽고 있는데 문일일이라고 전화해 주셨어요.,네 안녕하세요 지금 한국어와 인터넷 강의 듣고있는데 문의 드리려고 전화 드렸어요,44,0.318182,8,3,3,3
S00002442_t0003,0003.wav,0,교육,제가 노트북에서 지금 들으려고 하는데 강의를 들이려면 해당 프로그램을 설치해야 되더라고요.,제가 노트북에서 지금 들으려고 하는데 강의를 들으려면 해당 프로그램을 설치해야되더라구요,48,0.083333,2,0,2,1
S00002442_t0004,0004.wav,0,교육,"그래서 설치를 진행했는데, 설치를 완료했는데도 인터넷간이가 작동이 안 돼서 좀 여쭤보려구요. 왜 안되죠? 좀 알아봐주세요",그래서 설치를 진행했는데 설치를 완료 했는데도 인터넷강의가 작동이 안되서 좀 여쭤보려고요 왜 안되죠 좀 알아봐 주세요,65,0.153846,4,2,4,3
S00002442_t0005,0005.wav,0,교육,다 하셨나요?,네 설치 전부 다 하셨나요,14,0.642857,0,8,1,3
S00002442_t0006,0006.wav,0,교육,"네, 뜨는 거 다 설치했고요 필수 설치랑 선택 설치 이렇게 총 4개인가? 뜨던데 저는 필수설치만 다운로드 있거든요 통합 설치를 누르면 전부 한꺼번에 설치가 되더되서 저는 필수를 설치해야 하는 요소만 설치 했거든요",내 뜨는 거 다 설치했구요 필수섭취량 선택 설치 일억이 총 네개인가 뜨던데 저는 필수 설치만 다운로드 했거든요 통합 설치를 누르면 전부 한꺼번에 설치가 됐는데 저는 필수 설치해야만 하는 요즘은 설치했거든요,114,0.201754,15,2,6,3
S00002442_t0007,0007.wav,0,교육,원래는 귀찮아서 그냥 한 번에 설치를 해드록 통합설치하는 데 그 과정에서 저번에 노트북이 많이 느려졌거든요. 그래서 선택 설치를 안 했어요 어차피 필수로 해야 하는 것만 했으면 상관없는 거죠,원래는 귀찮아서 그냥 한번에 설치되도록 통합 설치하는데 그 과정에서 저번에 노트북이 많이 이루어졌거든요 그래서 선택 스위치를 안했어요 어차피 필수로 해야 하는 것만 했으면 상관없는거죠,102,0.147059,5,3,7,6
S00002442_t0008,0008.wav,0,교육,피스는 다 하신 건가요?,필수는 다 하신 건가요?,13,0.153846,2,0,0,0
S00002442_t0009,0009.wav,0,교육,"네 필수로 뜨는 건 전부 다 했다니까요. 그런데 다음으로 진행이 안돼요 계속해서 설치해다는 문구가 담긴 창이 계속 떠요, 설치는 다 했는데",네 필수로 뜨는 건 전부 다 했다니까요 그런데 다음으로 진행이 안되요 계속해서 설치하라는 문구가 담긴 창이 계속떠요 설치는 다 했는데,74,0.081081,3,0,3,1
S00002442_t0010,0010.wav,0,교육,설치가 안 된 것 같습니다,설치가 안 된 것 같습니다,14,0.000000,0,0,0,0
S00002442_t0011,0011.wav,0,교육,설치를 다 했는데요 그게 안 되는 이유가 설치 문제에 다른 이유는 없는 건가요?,설치를 다 했는데요 그게 안되는 이유가 설치문제의 다른 이유는 없는 건가요,41,0.097561,1,0,3,2
S00002442_t0013,0013.wav,0,교육,음.. 혹시 노트북이 아니라 그냥 일반 PC에서만 하면 되거나 그런건 없나요? 사양의 문제라든지 용량의 문제 라던지 그런 건 전혀 없는건가요?,혹시 노트북이 아니라 그냥 일반 피씨에 사면되거나 그런건 없나요 서양의 문제라든지 용량의 문제라던지 그런건 전혀 없는 건가요 그런거면 다른 방법을 시도해 보려구요,90,0.400000,5,21,10,10
S00002442_t0014,0014.wav,0,교육,그럼 제가 지금 다시 한번 확인해 볼게요. 잠시만요,그럼 제가 지금 다시 한번 확인해 볼게요 잠시만요,27,0.037037,0,0,1,0
S00002442_t0015,0015.wav,0,교육,제가 지금 노트북 켰고요 똑같이 동영장 강의 시작하도록 진행해 볼게요 로그인하고 다운바닥 목록을 들어가서 플레이버트 누르는 거 맞죠?,제가 지금 노트북 탔고요 똑같이 동영상 강의 시작하도록 진행해 볼게요 로그인하고 다운 받은 목록을 들어가서 플레이 버튼을 누르는 거 맞죠,76,0.118421,5,3,1,2
S00002442_t0017,0017.wav,0,교육,토익 600반 강의인데 지금 제일 첫 번째 강의 오리엔티션 강의로 플레이버튼 누를게요.,토익 육백 반 장의인지 지금 제일 첫번째 강의 오리엔테이션 강의 플레이버튼 누를게요,46,0.217391,6,1,3,2
S00002442_t0018,0018.wav,0,교육,플레이버튼을 눌렸는데 프로그램 설치가 필요하다는 차이 계속 떠서 다음 눌러서 계속 설치를 진행까지 왔어요. 저번이랑 똑같아요 보통 네이버랑 다음부 같은 데 동영상 지생 툴바라 액티뿌랑 비슷해요,플레이 버튼을 눌렀는데 프로그램 설치가 필요하다는 창이 계속 떠서 다음 눌러서 계속 설치를 진행까지 왔어요 저번이랑 똑같아요 보통 네이버나 다음 같은 데 동영상 재생 출발하여 테이프랑 비슷해요,107,0.130841,10,2,2,1
S00002442_t0019,0019.wav,0,교육,필수 설치가 두 개구요 선택설치가 2개고 각각 설치할 수 있고 통합 설치를 누르면 한꺼번에 설치가 된다고 띠네요 여기서 저는 필수서치 각각 눌러서 설치했었어요,"필수 설치가 (2개)/(두 개) (고요)/(구요). 선택 설치가 (2개)/(두 개)고, 각각 설치할 수 있고 통합 설치를 누르면 한꺼번에 설치가 된다고 뜨네요? 여기서 저는 필수 설치 각각 눌러서 설치했었어요.",117,0.264957,2,29,0,4
S00002442_t0020,0020.wav,0,교육,그런데 제가 두세 번 정도 더 설치를 해봤거든요 아까 말씀드렸듯이 자꾸 설치료 하는 데도 안 되어서요,그런데 제가 두세번 정도 더 설치를 해 봤거든요 아까 말씀드렸듯이 자꾸 설치를 하면 그래도 안되어서요,56,0.125000,3,2,2,3
S00002442_t0022,0022.wav,0,교육,이런 문구가 뜨는 거면 제 노트북에 어떤 문제가 있는 것이 아니라 인간 홈페이지 쪽의 문제가 있는 거 아닌가요? 아니면 혹시 선택 설치까지 전부 다 설치해야 하는 건가요? 불안해서 그건 쉬운데요. 왜 이러죠,이런 문구가 뜨는 거면 제 노트북에 어떤 문제가 있는 것이 아니라 인간 홈페이지 쪽에 문제가 있는 것 아닌가요 아니면 혹시 선택 설치까지 전부 다 설치해야 하는건가요 불안해서 그건 쉬운데요 왜이런거죠,111,0.081081,5,0,4,2
S00002442_t0023,0023.wav,0,교육,선택 설치도 예열입니다.,선뜻 설치도 하실 것을 권해드립니다,19,0.631579,4,7,1,2
S00002442_t0024,0024.wav,0,교육,선택 설치도 해야 한다고요? 저번에 뭐 모르고 다 설치했다가 노트북이 엄청 느려져서 불안한데요.,GTX 설치도 해야한다고요 저번에 머무르고 다 설치했다가 노트북이 엄청 느려져서 불안한데요,50,0.180000,4,1,4,2
S00002442_t0025,0025.wav,0,교육,제가 아까 주변 지은한테 물어봤는데 제 뉴솔북에 기본적인 프로그램이 안 깔려 있어서 그럴 수 있다고 하네요. 그래서 선택 설치해야 하는 게 안 돼서 그럴 수 있다네요? 그러니까 저는 선택 설치로서까지 다 통화 설치하는 게 좋겠네요,제가 아까 주변 지인한테 물어봤는데 제 노트북에 기본적인 프로그램이 안 깔려 있어서 그럴 수도 없다고 하네요 그래서 선택 설치하는게 안되서 그럴수도 있다네요 그러니까 저는 선택 설치 요소까지 다 통합 설치하는게 좋겠 네요,123,0.170732,10,3,8,7
S00002442_t0026,0026.wav,0,교육,그렇군요. 감사합니다 그럼 제가 한 번 더 시도해보고 그때도 안 되면 또 문의선을 드릴게요,그렇군요 감사합니다 그럼 제가 한 번 더 시도해 보고 그때도 안되면 또 문희상 해드릴게요,49,0.142857,4,1,2,4
S00002442_t0027,0027.wav,0,교육,감사합니다. 한국어학원 김민수였습니다,네 감사합니다 한국어학원 김민수였습니다,21,0.142857,0,2,1,1
S00002486_t0001,0001.wav,0,교육,안녕하세요. 성장사 김인수입니다,안녕하세요. 상담사 @김민지 입니다.,20,0.350000,4,3,0,1
S00002486_t0002,0002.wav,0,교육,네 안녕하세요 지금 한국어학 인턴헷강이 듣고 있는데 문이 듣기려고 전화드렸어요,안녕하세요 지금 한국어와 인터넷 강의 듣고있는데 문의 드 드리려고 전화 드렸어요,44,0.318182,7,4,3,5
S00002486_t0003,0003.wav,0,교육,제가 노트북에서 지금 드리려고 하는데 강의를 들이려면 해당 프로그램을 설치해야 한다고 하더라고요.,주 제가 노트북에서 지금 드리려고 하는데 강의를 들으려면 해당 프로그램을 설치해야한다고 하더라구요,54,0.111111,2,2,2,2
S00002486_t0004,0004.wav,0,교육,"그래서 설치를 진행했는데, 설치료가 완료됐는데도 인터넷 강의가 작동이 안 되어서 좀 여쭤보려고요. 왜 안되죠? 좀 알아 봐 줄 수 있으세요",그래서 설치를 진행했는데 설치를 완료 했는데도 인터넷 강의가 작동이 안되어서 좀 여쭤보려고요 왜 안되죠 알아봐 줄 수 있으 세요,71,0.169014,2,2,8,5
S00002486_t0005,0005.wav,0,교육,"네, 솔직히 전부 다 하셨나요?",내일 설치 전부 다 하셨나요?,16,0.312500,4,0,1,0
S00002486_t0006,0006.wav,0,교육,"네, 뜨는 거 다 설치했고 필수 설치랑 선택설치 이렇게 총 4개인가 뜨던데 저는 필수설치만 다운로드 했거든요. 토마 설치를 누르면 전부 한꺼번에 설치가 되던대 저는 필수넣지해야 하는 요소만 설치했어요",네드는거 다 설치했고 설치 필수 설치랑 선택 설치 이렇게 총 네개인가 뜨던데 저는 필수 설치만다운로드했거든요 토마토 설치를 누르면 전부 한꺼번에 설치가 되던데 저는 필수서 설치해야 하는 유선만 설치했어요,113,0.185841,7,8,6,8
S00002486_t0007,0007.wav,0,교육,원래 귀찮아서 그냥 한 번에 설치되도록 통화설치 하는데 그 과정에서 지난번에 노트북이 많이 늘어졌거든요. 그래서 선택 설치는 안 했어요 어차피 필수로 예하는 것만 했으면 상관없는거죠,원래 귀찮아서 그냥 한 번에 설치되도록 통합 설치를 하는데 그 과정에서 지난번에 노트북이 많이 느려졌거든요 그래서 선택 설치는 안 했어요 어차피 필수로 해야 하는 것만 했으면 상관없는거죠,104,0.086538,4,4,1,2
S00002486_t0008,0008.wav,0,교육,키스는 자신감가요?,필수는 다 하신 건가요?,13,0.538462,4,3,0,2
S00002486_t0009,0009.wav,0,교육,"네, 필수로 뜨는 건 전부 다 있다니까요. 그런데 다음으로 진행이 안 돼요 계속해서 설치하라는 문구가 담긴 창이 계속 떠요 설치 다 했는데",필수로 뜨는 건 전부 다 했다니까요 그런데 다음으로 진행이 안되요 계속해서 설치하라는 문구가 담긴 창이 계속 떠요설치 다 했는데,71,0.112676,2,0,6,3
S00002486_t0010,0010.wav,0,교육,설치가 안 된 것 같습니다.,설치가 안 된 것 같습니다.,15,0.000000,0,0,0,0
S00002486_t0011,0011.wav,0,교육,설치를 다 했는데요 그게 안 되는 이유가 설치 문제에 다른 이유는 없는 건가요?,솔직히 다 했는데요 그게 안되는 이유가 설치 문제 외에 다른 이유는 없는 건가요,44,0.159091,3,2,2,2
S00002486_t0013,0013.wav,0,교육,혹시 노트북이 아니라 그냥 일반 PC에서 하면 된다거나 그런 건 없나요? 사양의 문제라든지 용량의 문제 라든지. 그런 거 전혀 없는건가요 그러면 다른 방법을 시도해 보려고요,혹시 노트북이 아니라 그냥 일반 피씨에서 하면된다거나 그런건 없나요 서양의 문제라든지 용량의 문제라든지 그런 건 전혀 없는 건가요 그러면 다른 방법을 시도해 보려구요,92,0.119565,5,1,5,4
S00002486_t0014,0014.wav,0,교육,그럼 제가 지금 다시 한번 확인해볼게요. 잠시만요,그럼 제가 지금 다시 한번 확인해 볼게요 잠시만요,27,0.074074,0,1,1,1
S00002486_t0015,0015.wav,0,교육,제가 지금 노트북을 켰고요. 똑같이 동영상 강의 시작하도록 진행해 볼게요. 룩인하고 다운받은 녹록으로 들어가서 플레이 버튼 누르는 거 맞죠?,제가 지금 노트북을 켰고요 똑같이 동영상 강의 시작하도록 진행해볼게요 로그인하고 다운 받은 목록으로 들어가서 플레이 버튼 누르는거 맞죠,75,0.120000,4,1,4,5
S00002486_t0017,0017.wav,0,교육,토익 600반 강의인데 지금 제일 첫 번째 감히 오리엔티션 강의를 플레이 버튼 누를게요.,토익 육백 반 강의인데 지금 제일 첫번째 강의 오리엔테이션 강의를 플레이버튼 누를게요,47,0.212766,6,1,3,3
S00002486_t0018,0018.wav,0,교육,"플레이 버튼을 누르는데 프로그램 설치가 필요하다는 창이 계속 떠서 다음 눌러서 설치 진행까지 왔어요. 저번이랑 똑같아요 보통 네이버나 다음같은 데 동영상, 재생, 툴 가나 액트리에이브랑 비슷해요",플레이버튼 눌렀는데 프로그램 설치가 필요하다는 창이 계속 떠서 다음 눌러서 설치 진행까지 왔어요 저번이랑 똑같아요 보통 네이버나 다음 같은 데 동영상 재생 툴바나 액티브랑 비슷해요,100,0.140000,4,1,9,3
S00002486_t0019,0019.wav,0,교육,필수 설치가 2개 있고 선택설치가 두 개고 각각 설치할 수 있고 통합 설치를 누르면 한꺼번에 설치된다고 뜨네요. 여기서 저는 필수선치 각각 눌러서 설치했어요,필수 설치가 두개 있고 선택설치가 두개고 각각 설치할 수 있고 통합 설치를 누르면 한꺼번에 설치가 된다고 뜨네요 여기서 저는 필수 설치 각각 눌러서 설치 했어요,89,0.089888,2,4,2,4
S00002486_t0020,0020.wav,0,교육,그런데 제가 두세 번 정도 더 설치를 해봤거든요. 아까 말씀드렸다시피 자꾸 설치하는데도 안 되어서요,그런데 제가 두세번 정도 더 설치를 해 봤거든요 아까 말씀드렸다시피 말씀드렸다시피 자꾸 설치를 했는데도 안 되어서요,64,0.218750,1,11,2,4
S00002486_t0021,0021.wav,0,교육,"그런데 노트북 자체 프로그램은 설치가 된 게 맞는 것 같아요. 왜냐하면 설치하는 프로그램이 이미 설치되어 있다는 문구가 뜨고요, 삭제하고 재설치할지 덮어시을 지 설치해 가라는 상위 있어요 그럼 어떤 건지 아시죠?",그런데 노트북 자체 프로그램은 설치가 된 게 맞는 것 같아요 왜냐하면 설치하는 프로그램이 이미 설치되어 있다는 문구가 뜨구요 삭제하고 재설치 재 설치할지 덮어 씌울지 선택하라는 창이 떠요 그런 어떤 건지 아시죠,117,0.188034,11,5,6,5
S00002486_t0022,0022.wav,0,교육,이런 문구가 뜨는 거면 제 노트북에 어떤 문제가 있는 게 아니라 인간 홈페이지 쪽 문제가 있는 건 아닌가요? 아니면 혹시 선택 설치까지 전부 다 설치해야 하는 건가요? 불안해서 그건 싫은데 왜이런 거죠,이런 문구가 뜨는 거면 제 노트북에 어떤 문제가 있는 게 아니라 민간공급이 좀 문제가 있는 것 아닌가요 아니면 혹시 선택 설치까지 전부 다 설치해야하는건가요 불안해서 그건 싫은데 왜 이런거죠,106,0.122642,5,1,7,5
S00002486_t0023,0023.wav,0,교육,선택 설치도 하실 것을 권여드립니다.,선택 설치도 하실 것을 권유드립니다,19,0.105263,1,0,1,0
S00002486_t0024,0024.wav,0,교육,선택 설치도 해야 한다고요? 저번에 못 모르고 다섯이 있다가 노트분이 엄청 느려져서 불안한데요.,선택스위치도 해야한다고요 저번에 멋모르고 다 설치했다가 노트북이 엄청 느려져서 불안한데요,49,0.244898,8,0,4,5
S00002486_t0025,0025.wav,0,교육,"제가 아까 주변 지인한테 물어봤는데 제 노트북의 기본적인 프로그램이 안 깔려 있어서 그럴 수 있다고 하는데 그래서 선택 설치해야 하는 게 안되서 그럴 수도 있다네요. 그러니까 저는 선택, 설치 요소까지 다 통합설치하는 게 좋겠네요",아 제가 아까 주변 지인한테 물어봤는데 제 노트북의 기본적인 프로그램이 안깔려있어서 그럴수 있다고 하는데 그래서 선택 설치해야하는 게 안 돼서 그럴 수도 있잖아요 그러 니까요 저는 쇄신책 설치 요소까지 다 통합 설치하는 게 좋겠 네요,130,0.138462,6,7,5,9
S00002486_t0026,0026.wav,0,교육,아 그렇군요. 감사합니다 그럼 제가 한 번 더 시도해 보고 그때 안 되면 또 문이 전화 드릴게요,아 그렇군요 감사합니다 그럼 제가 한 번 더 시도해 보고 그때 안되면 또 문의 전화드릴게요,50,0.080000,1,0,3,2
S00002661_t0002,0002.wav,0,교육,저 민지영 선생님 강이 없어졌나요?,저 @민지영 선생님 강의 없어졌나요.,20,0.150000,2,1,0,0
S00002661_t0005,0005.wav,0,교육,그러면 저 탈태 할래요?,그러면 저 탈퇴할래요. 탈퇴 어떡해요?,21,0.523810,3,8,0,1
S00002661_t0006,0006.wav,0,교육,홈페이지에서 가능합니다.,홈페이지에서 가능합니다,12,0.083333,0,0,1,0
S00002661_t0007,0007.wav,0,교육,칼퇴하면 남아있는 수강금액 다 환불 가능한거죠? 바로 들어오나요,탈퇴하면 남아있는 수강 금액 다 환불 가능한거죠 바로 들어오나요,35,0.085714,1,1,1,1
S00002661_t0008,0008.wav,0,교육,성함 ID 부탁드립니다.,성함 아이디 부탁드립니다,13,0.307692,2,1,1,0
S00002661_t0011,0011.wav,0,교육,"뭐예요? 아니, 그럼 제 돈을 그냥 거기서 다 가져간다는 말씀이세요.",왜요 아니 그럼 제 돈은 그냥 거기서 다 가져간단 말씀이세요,33,0.242424,3,0,5,0
S00002661_t0012,0012.wav,0,교육,이벤트 지급듯 받으신 정리금은 탈퇴시 스물됩니다.,이벤트로 지급받으신 적립금은 탈퇴시 소멸됩니다,25,0.320000,4,1,3,1
S00002661_t0013,0013.wav,0,교육,"아, 제 돈들인 게 아니라서 그런가요? 너무 치사하네요. 그럼 수강금액은요! 신청한 지 일주일 안 됐으니까 허물 가능하죠?!",아 제 돈 들인 게 아니라서 그런가요 너무 치사하네요 그럼 수강 금액은요 신청한지 일주일 안됐으니까 환불가능하죠,62,0.209677,2,2,9,5
S00002661_t0014,0014.wav,0,교육,강의 30% 이상 수강하셔야 안됩니다.,방이 삼십 퍼센트 이상 수강 하셔야 안 됩니다,25,0.440000,5,5,1,3
S00002661_t0015,0015.wav,0,교육,아니 30%도 안 들어보고 그 강의가 어떤 강인지 어떻게 알아요? 그 정도는 들어봐야지 들을 만한 줄 알죠? 함불 어렵습니다.,아니 삼십프로도 안 들어보고 그 강의가 어떤 강인지 어떻게 알아요 그 정도는 들어봐야지 들을만한지 알죠 환불 어렵습니다,66,0.166667,5,1,5,2
S00002661_t0016,0016.wav,0,교육,전체 금액이 아니라 그러면 나머지 30%만큼이라도 계산을 해서 돌려주면 안 돼요? 내가 안드는 부분까지 부담하는 거는 너무 불안해요,전체 금액이 아니라 그러면 나머지 [삼] 칠십프로만큼이라도 계산을 해서 돌려주면 안돼요 내가 안드는 부분까지 부담 부담하는 거는 너무 불합리해요,80,0.187500,4,9,2,3
S00002661_t0018,0018.wav,0,교육,그런게 어디있어요? 그런건 미리 말을 해줬어야죠 알았으면 그렇게 많이 신청 안했죠,그런게 어딨어요 그런 건 미리 말을 해줬어야죠 알았으면 그렇게 많이 신청 안 했죠,45,0.111111,1,2,2,2
S00002661_t0019,0019.wav,0,교육,당의 신청 페이지에 나와 있습니다.,당일 신청페이지에 나와있습니다,16,0.250000,1,0,3,2
S00002661_t0020,0020.wav,0,교육,"아니 누가 그런 걸 일일이 다 보고 신청을 해요? 그렇게 중요한 건 강의 처음이나 중간에 고지를 해줘야죠. 그리고 경쟁사인 시원스쿨은 얼마나 강의를 들었던 남은 부분에 대해서 환불했었던데 여긴 왜 안해줘요? 하다 못해, 예소율이나 메카스터지 다 환불해줘여! 왜 여기만 못해준다는 거야?!",아니 누가 그런 걸 일일이 다 보고 신청을 해요 그렇게 중요한 건 강의 처음에는 중간에 고지를 해 줘야죠 그리고 경쟁 사이 시원스쿨은 얼마나 강의를 들었든 남은 부분에 대해서 환불을 해주던데 여기는 왜 안에도요 하다못해 예스오일이나 메가스터디 다 환불해줘요왜 여기만 못 해준다는 주,157,0.203822,15,7,10,6
S00002661_t0022,0022.wav,0,교육,아 됐어요 그럼 밥 필요 없어요 저 여기서 정 떨어져서 안 쓰나니까 그냥 탈출할 테니까 탈췄시켜주세요,아/ 됐어요. 그럼 다 필요 없어. 저 여기서 정떨어져서 안 (쓸라니까)/(쓰나니까) 그냥 탈퇴할 테니까 탈퇴시켜주세요.,67,0.253731,4,12,1,1
S00002661_t0023,0023.wav,0,교육,홈페이지에서 직접 진행 가능합니다.,홈페이지에서 직접 진행 가능합니다,18,0.055556,0,0,1,0
S00002661_t0024,0024.wav,0,교육,아니 내가 또 홈페이지 로그인하고 그래야 돼요? 왜 이렇게 사람을 본 거롭게 해요. 그냥 여기서 해주세요!,아니 내가 또 홈페이지에 로그인하고 그래야 돼요 왜 이렇게 사람을 번거롭게요 그냥 여기서 해주세요,54,0.148148,1,1,6,2
S00002661_t0025,0025.wav,0,교육,직접 하셔야 합니다.,직접 하셔야 합니다,10,0.100000,0,0,1,0
S00002661_t0026,0026.wav,0,교육,가뜩이나 황구를 한 데서 짜증나지겠는데 더 짜증 나게 하지 마시고 그냥 해주세요. 잔된 다 되는데 왜 안 되는 게 이렇게 많아요?,가뜩이나 환불 안돼서 짜증나 죽겠는데 더 짜증나게 하지 마시고 그냥 해주세요 딴 덴 다 냈는데 왜 안되는게 이렇게 많아요,67,0.253731,10,1,6,8
S00002661_t0027,0027.wav,0,교육,그럼 본인 인증 후 진행하겠습니다.,그럼 본인인증 후 진행하겠습니다,17,0.117647,0,0,2,1
S00002661_t0028,0028.wav,0,교육,"어, 문자 왔다. 이상한 주소 같은 것 같는데요? 이걸로 뭐 어떻게 해요",어후/ 문자 왔다. 뭐/ 이상한 주소 같은 거 왔는데요. 이걸로 뭐/ 어떡해요.,44,0.295455,5,6,2,2
S00002661_t0029,0029.wav,0,교육,링크 눌러서 인증 부탁드립니다.,링크 눌러서 인증 부탁드립니다,16,0.062500,0,0,1,0
S00002661_t0030,0030.wav,0,교육,"네, 했어요. 이제 다 된 건가요? 더 이상 번거롭게 하지 않았으면 좋겠네요",네 했어요 다 된건가요 더이상 번거롭게 하지 않았으면 좋겠 네요,35,0.257143,0,1,8,4
S00002661_t0031,0031.wav,0,교육,하루 정도 소요됩니다.,하루정도 소요됩니다,10,0.200000,0,0,2,1
S00002661_t0032,0032.wav,0,교육,알겠어요. 화내서 미안해요 아니 내가 아가씨한테 뭐라고 하는게 아니라 입장 바꿔서 생각해보면 아가씨를 화 안 나겠어요?,알겠어요 화내서 미안해요 아니 내가 아가씨한테 뭐라고 하는게 아니라 입장 바꿔서 생각해보면 아가씨는 화가 안 나겠어요,65,0.061538,1,1,2,0
S00002661_t0034,0034.wav,0,교육,이럴 줄 알았지만 그렇게 강이 신청 많이 하지를 말걸 아니 저는 들은 만큼 나머지는 돌려받을 수 있는 줄 알았어요,이럴 줄 알았으면 그렇게 강의 신청 많이 하지를 말껄 아니 저는 들은만큼 내고 나머지를 돌려받을 수 있는 줄 알았어요,65,0.138462,7,2,0,0
S00002661_t0036,0036.wav,0,교육,어쨌든 뭐 써졌다는데 안 읽은 내 잘못이죠. 탈체 처리라도 정확하게 해주세요,어쨌든 뭐 써놨다는데 안 읽은 내 잘못이죠 탈퇴 처리라도 정확하게 해주세요 네,43,0.116279,2,2,1,1
S00002661_t0037,0037.wav,0,교육,혹시 나중에 제갑할 때 문제되는 거 아닌가요?,혹시 나중에 제값 할 때 문제 되는 거 아닌가요.,27,0.148148,2,2,0,2
S00002661_t0038,0038.wav,0,교육,알겠어요. 수고하세요,알겠어요 수고하세요,10,0.100000,0,0,1,0
S00002668_t0002,0002.wav,0,교육,네 안녕하세요 지금 한국어학 인터넷 강의 듣고 있는데 문의들로 전화되었어요,안녕하세요지금 한국과학 인터넷 강의 듣고있는데 문의 드리려고 전화 드렸어요,41,0.317073,5,4,4,5
S00002668_t0003,0003.wav,0,교육,제가 노트북에서 지금 들으려고 하는데 강의를 들으려면 해당 프로그램을 설치해야 되더라고요.,제가 노트북에서 지금 들으려고 하는데 강의를 들으려면 해당 프로그램을 설치해야되더라구요,48,0.062500,1,0,2,1
S00002668_t0004,0004.wav,0,교육,"설치를 진행했는데, 설치를 완료했는데도 인터넷 강의가 작동이 안 돼서 좀 여쭤보려고요. 왜 안되죠? 좀 알아봐주세요",그래서 설치를 진행했는데 설치를 완료 했는데도 인터넷 강의가 작동이 안되어서 좀 여쭤보려고요 왜 안되죠 좀 알아봐 주세요,67,0.164179,2,6,3,4
S00002668_t0005,0005.wav,0,교육,"네, 설치 전부 다 하셨나요?",설치 전부 다 하셨나요,12,0.333333,0,0,4,1
S00002668_t0006,0006.wav,0,교육,"네 떼는 거 다 설치했고요 필수 설치랑 선택설치 이렇게 총 4개인가 뜨던데 저는 필순 설치만 다운로드 했거든요. 통합 설치를 누르면 전부 한꺼번에 설치가 되던데, 저는 필수설치해야 하는 요소만 설치했어요",에 뜨는 거 다 설치했고 펜스 설치나 선택 설치 이렇게 총 네개인가 뜨는데 저는 필수 설치만 다운로드 했거든요 통합 설치를 누르면 전부 한꺼번에 설치가 되던데 저는 필수 설치해야 하는 요소만 설치했어요,112,0.116071,8,2,3,2
S00002668_t0007,0007.wav,0,교육,원래는 귀찮아서 그냥 한 번에 설치되도록 통화서치 하는데 그 가정에서 저번에 노트북이 많이 느려졌거든요 그래서 선택 설치만 안 했어요 어차피 비트수를 해야 하는 것만 있으면 상관없는 거죠,원래는 귀찮아서 그냥 한 번에 설치되도록 통합 섭취하는데 그 과정에서 저번에 노트북이 많이들였거든요 그래서 선택 설치는 안했어요 어차피 필수로 해야하는곳만 있으면 상관없는거죠,97,0.185567,11,0,7,7
S00002668_t0009,0009.wav,0,교육,네 필수기 드는 건 전부 다 했다니까요 그런데 그 다음 거 진행이 안 돼요 계속해서 설치하라는 물고가 담긴 창의 계속 떠요 설치는 다 했는데,필수로 찍는 건 전부 다 했다니까요 그런데 그 다음으로 진행이 안되요 계속해서 설치하라는 문구가 담긴 창이 계속떠요 설치는 다 했는데,74,0.162162,8,0,4,4
S00002668_t0010,0010.wav,0,교육,설치가 안된 것 같습니다.,설치가 안 된거 같습니다,13,0.307692,3,0,1,2
S00002668_t0011,0011.wav,0,교육,설치를 다 했는데요 그게 이유가 안 되는 이유가 설치 문제에 대해 다른 이유는 없는 건가요?,설치를 다 했는데요 그게 이해가 안 돼 는 이유가 설치 문제 외에 다른 이유는 없는 건가요,50,0.140000,4,1,2,1
S00002668_t0015,0015.wav,0,교육,지금 제가 고투를 켰고요 똑같이 동영상 강의 시작하도록 진행해볼게요 녹-in 하고 다음 받은 목록으로 들어가서 플레이 버튼 누르는 거 봤죠?,지금 제가 겪어야 똑같이 동영상 강의 시작하도록 진행해볼게요 로그인하고 다운 받은 목록으로 들어가서 플레이버튼 누르는 것 맞죠,70,0.242857,9,0,8,3
S00002668_t0018,0018.wav,0,교육,플레이버튼을 누르시는데 프로그램 설치가 필요하다는 창이 떠서 계속 다음 눌러서 설치 진행까지 왔어요 저번이랑 똑같아요 보통 네이버나 다음듯인데 동영상을 재생 쫄바나 이티브랑 비슷해요,플레이버튼 눌렀는데 프로그램 설치가 필요하다는 창이 떠서 계속 다음 눌러서 설치 진행까지 왔어요 저번이랑 똑같아요 보통 네이버나 다음 같은 데 동영상 재생 출반한 테이프랑 비슷해요,100,0.150000,10,2,3,2
S00002668_t0019,0019.wav,0,교육,필수 설치가 두 개구요 선택설치가 두개 꼭 각각 설치할 수 있고 통화사태로 누르면 한꺼번에 설치가 된다고 뜨네요 여기서 저는 필수설치 광광 눌러서 설치했어요,필수 설치가 두개구요 선택설치가 두개 각각 설치할 수 있고 통합소프트웨어 누르면 한꺼번에 설치가 된다고 뜨네요 여기서 저는 필수 설치 관광 눌러서 설치했어요,87,0.126437,5,3,3,3
S00002668_t0020,0020.wav,0,교육,그런데 제가 두세 번 정도 더 설치를 해봤거든요. 아까 말씀드렸듯이 자꾸 설치하는 데는 안 되어서요,그런데 제가 두세번 정도 더 설치를 해 봤거든요 아까 말씀드렸듯이 자꾸 설치를 하는데도 안 되어서요,55,0.127273,1,3,3,4
S00002668_t0021,0021.wav,0,교육,"그런데 노트북 자체의 프로그램은 설치가 된 게 맞는 것 같아요. 왜냐하면 설치하려는 프로그램이 이미 설치되었다는 것 같고요, 삭제하고 재설치를 할지 덮을 수 있지 선택하는 상이 있어요 어떤 건지 아시죠?",그런데 노트북 자체 프로그램을 설치가 된 게 맞는 것 같아요 왜냐하면 설치 차려 놓은 프로그램이 이미 설치되었다는 문구가 뜨구요 삭제하고 재설치를 할지 덮어씌우지 선택하라는 창이 떠요 어떤 건지 아시죠,112,0.214286,11,6,7,4
S00002668_t0022,0022.wav,0,교육,이런 문구가 뜨는 거면 제 노트북에 어떤 문제가 있는 게 아니라 인간 홈페이지 쪽 문제가 있는 거 아닐까요? 아니면 혹시 선택 설치까지 다 설치해야 되는 건가요? 불안해서 그건 쉬운데요. 왜 이러한 거죠,이런 문구가 뜨는 거면 제 노트북에 어떤 문제가 있는 게 아니라 인간 홈페이지 쪽 문제가 있는 것 아닌가요 아니면 혹시 선택 설치까지 전부 다 설치해야되는 건가요 불안해서 그건 쉬운데요 왜이런거죠,109,0.128440,4,3,7,4
S00002668_t0023,0023.wav,0,교육,선택 설치도 하실 것을 권유 드립니다.,선택 선택 설치도 하실 것을 권유드립니다,22,0.227273,0,3,2,2
S00002668_t0024,0024.wav,0,교육,선택 설지도 해야 된다고요? 저번에 뭐 모르고 다 설치했다가 유튜브 영상이 이렇게 불안한데요,선택 설치도 해야 된다고요 저번에 뭐 모르고 다 설치했다고 노트북이 엄청 뭔가 좀 불안한데요,51,0.274510,12,1,1,3
S00002668_t0025,0025.wav,0,교육,"제가 아까 주관지 인한테 물어봤는데 제 노트북에 기본적인 프로그램이 안 깔려 있어서 그런 수도 있다고 하는데 그래서 선택 설치해야 하는 게 안 돼서 그런 수도 있다네요. 그러니까 저는 선택, 설치, 유속까지 다 통화설치 한 게 좋겠네요",제가 지금 증인한테 물어봤는데 제 노트북에 기본적인 프로그램이 안 깔려 있어서 그럴 수도 있다고 하는데 그래서 선택할지해야하는게 안 돼서 그럴 수도 있다네요 그러니까 저는 선택 설치 요소까지 다 통합 설치하는게좋겟네요,121,0.206612,13,1,11,8
S00002682_t0002,0002.wav,0,교육,저 민지영 선생님 강이 없어졌나요?,민지영 선생님 강의 없어졌나요,16,0.250000,1,0,3,1
S00002682_t0003,0003.wav,0,교육,"아, 저 그분강이 들으려고 가입했던 건데 다시 안 하시는 건가요?",그 분 강의 들으려고 가입했던건데 다시 안하시는건가요,29,0.344828,3,0,7,3
S00002682_t0004,0004.wav,0,교육,아 그렇습니다,아하/ 그렇습니다.,10,0.300000,0,3,0,0
S00002682_t0005,0005.wav,0,교육,그럼 저 탈타 할래요?,그럼 저 탈퇴할래요 탈퇴 어떻게 해요,20,0.600000,2,9,1,4
S00002682_t0006,0006.wav,0,교육,홈페이지에서 가능합니다.,홈페이지에서 가능합니다,12,0.083333,0,0,1,0
S00002682_t0007,0007.wav,0,교육,탈퇴하면 남아있는 수방금액 다 환불 가능한 거죠? 바로 들어오나요,탈퇴하면 남아있는 습관 금액 다 환불 가능한거죠 바로 들어오나요,35,0.142857,2,1,2,2
S00002682_t0008,0008.wav,0,교육,성함 ID 부탁드립니다.,성함 아이디 부탁드립니다,13,0.307692,2,1,1,0
S00002682_t0011,0011.wav,0,교육,그럼 제 돈을 그냥 거기서 다 가져간다는 말씀이세요?,왜요 그럼 제 돈은 그냥 거기서 다 가져간다는 말씀이세요,31,0.161290,1,3,1,1
S00002682_t0012,0012.wav,0,교육,지급받으신 정리금은 DALT-LC 소명됩니다.,이벤트로 지급받으신 적립금은 탈퇴시 서명들입니다,26,0.692308,7,6,5,1
S00002682_t0013,0013.wav,0,교육,아... 제 돈 드린 게 아니라서 그런 건가요? 너무 취사네요. 그럼 수강금액은요? 신청한 지 일주일 안 됐는데 환불 가능하죠?!,최근 틀린 게 아니라서 그런건가요 너무 치사하네요 그럼 수강 금액은요 신청한지 일주일도 안됐는데 환불 가능하죠,61,0.344262,4,3,14,6
S00002682_t0014,0014.wav,0,교육,강이 30% 이상 수강하셔서 안됩니다.,감히 삼십퍼센트 이상 수강하셔서 안됩니다,22,0.363636,5,2,1,0
S00002682_t0015,0015.wav,0,교육,아니 30%도 안 들어보고 그 강의가 어떤 강인지 어떻게 알아요? 그 정도는 봐야지 들을만한지 알죠,아니 삼십프로도 안 들어보고 그 강의가 어떤 관계인지 어떻게 알아요 그 정도는 봐야지 들을만한지 알죠,56,0.125000,4,2,1,0
S00002682_t0017,0017.wav,0,교육,전체 금액이 아니라 그럼 나머지 70%만큼이라도 계산해서 돌려주면 안 돼요? 내가 안들은 부분까지 부담하는 건 너무 불합리해요,전체 금액이 아니라 그럼 나머지 칠십프로만큼이라도 개선해서 돌려주면 안 돼요 내가 안 되는 부분까지 부담하는 건 너무 불합리해요,71,0.140845,7,2,1,1
S00002682_t0019,0019.wav,0,교육,그런 거 어디 있어요? 그런 건 미리 말을 해주셨어야죠. 알았으면 그렇게 많이 신청 안 했죠,그런게 어딨어요 그런건 미리 말을 해주셨어야죠 알았으면 그렇게 많이 신청 안 했지요,46,0.217391,3,1,6,3
S00002682_t0020,0020.wav,0,교육,강의 신청 페이지에 나와 있습니다.,강의 신청페이지에 나와있습니다,16,0.187500,0,0,3,2
S00002682_t0021,0021.wav,0,교육,아니 누가 그런 걸 일일을 다 보고 신청을 해요. 그렇게 중요한 건 광이 처음이나 중간에 고지해줘야죠,아니 누가 그런 걸 일일이 다 보고 신청을 해요 그렇게 중요한 건 거의 처음이나 중간에 고지에 줘야죠,56,0.107143,4,1,1,1
S00002682_t0022,0022.wav,0,교육,"그리고 경쟁사인 시원스쿨 강의를 얼마나 들었던 남은 부분에 대해서 함부를 해주던데 여긴 왜 안 해줘요? 하자마트, 에두일이나 메가스터디도 다 함불해줘요. 왜 여기만 못해진다는 거예요",그리고 경쟁사인 시원스쿨 강의를 얼마나 들었든 남은 부분에 대해서는 환불해 주던데 여기는 왜 안 해줘요. 하다못해 에듀윌이나 메가스터디도 다 환불해 줘요. 여기만 못해 준다는 거예요?,102,0.215686,13,5,4,3
S00002682_t0023,0023.wav,0,교육,죄송합니다.,아후/ 죄송합니다.,10,0.400000,0,4,0,1
S00002682_t0024,0024.wav,0,교육,아유 됐어요 그럼 다 필요 없어요. 저 여기 정 떨어져서 안 쓰려니까 그냥 탈퇴할 테니깐 탈티시켜주세요,아유 됐어요 그럼 다 필요 없어요 저 여기 정떨어져서 안 쓸라니까 그냥 탈퇴할테니까 탈퇴시켜주세요,54,0.129630,4,0,3,2
S00002682_t0025,0025.wav,0,교육,홈페이지에서 직접 진행 가능합니다.,홈페이지에서 직접 진행 가능합니다,18,0.055556,0,0,1,0
S00002682_t0026,0026.wav,0,교육,아니 내가 또 홈페이지에 로그인 하고 그래야되요? 왜 이렇게 사람 번그로께요 그냥 여기서 해주세요,아니 내가 또 홈페이지 로그인 하고 그래야 돼요 왜 이렇게 사람을 번거롭게요 그냥 여기서 해 주세요,55,0.163636,6,2,1,2
S00002682_t0027,0027.wav,0,교육,또 파셔야 합니다.,직접 하셔야 합니다,10,0.400000,2,1,1,0
S00002682_t0028,0028.wav,0,교육,갑자기 헌브런제도 짜증나는데 더 짜증 나게 하지 마시고 그냥 좀 해주세요. 딴 데는 다 되던데 왜 여기는 안 되는 게 이렇게 많아요?,가뜩이나 환불 안되서 짜증나는데 더 짜증나게 하지 마시고 그냥 좀 해주세요 딴 데는 다 되는데 왜 여기는 안 되는 게 이렇게 많아요,73,0.191781,9,2,3,2
S00002682_t0029,0029.wav,0,교육,그럼 본인 중 후 진행하겠습니다.,그럼 본인인증 후 진행하겠습니다,17,0.176471,2,0,1,1
S00002682_t0030,0030.wav,0,교육,"어? 문자 왔다. 이상한 주소 같은 거 아는데요, 이걸로 뭐 어떡해요",문자왔다 이상한 주소 같은 거였는데요 이걸로 뭐 어떡해요,31,0.258065,1,0,7,3
S00002682_t0031,0031.wav,0,교육,링크 눌러서 인증 부탁드립니다.,링크 눌러서 인증 부탁드립니다,16,0.062500,0,0,1,0
S00002682_t0032,0032.wav,0,교육,"네, 했어요. 이제 다 된 건가요? 더 이상 번거롭게 하지 않았으면 좋겠네요",네 했어요 이제 다 된건가요 더이상 번거롭게 하지 않았으면 좋겠내요,37,0.162162,1,0,5,2
S00002682_t0033,0033.wav,0,교육,하루 정도 소유 됩니다.,하루정도 소요됩니다,10,0.400000,1,0,3,2
S00002682_t0034,0034.wav,0,교육,알겠어요 화내서 미안해요 제가 아가씨한테 뭐라는게 아니고 입장 바꿔서 생각해보면 아가씨를 하시면 화 안나겠어요,알겠어요 화내서 미안해요 내가 아가씨한테 뭘 하는게 아니고 입장 바꿔서 생각해보면 아가씨 같으면 화 안나겠어요,61,0.114754,5,1,1,1
S00002682_t0035,0035.wav,0,교육,죄송합니다,아후/ 죄송합니다.,10,0.500000,0,5,0,1
S00002682_t0036,0036.wav,0,교육,1월처럼 그렇게 광이 신청 많이 하지 않을걸 저는 들은만큼만 내고 나머지는 돌려받을 수 있을 줄 알았어요,예 이럴 줄 알았으면 그렇게 강의 신청 많이 하지는 않을 거예요 저는 들은 만큼만 내고 나머지는 돌려받을 수 있을 줄 알았어요,70,0.271429,7,12,0,5
S00002682_t0038,0038.wav,0,교육,어쨌든 뭐 써놨다니인데 안 읽은데 잘못이죠. 8K철에도 정확히 해주세요,어쨌든 뭐 써놨단인데 안 읽은 내 잘못이죠 탈퇴처리도 정확히 해주세요 네,40,0.275000,6,3,2,2
S00002682_t0039,0039.wav,0,교육,혹시 나중에 재가입할 때 문제되는 건 아닌가요?,혹시 나중에 재가입할 때 문제되는 것 아닌가요,25,0.080000,1,0,1,0
S00002682_t0040,0040.wav,0,교육,알겠어요. 수고하세요,예 알겠어요 수고하세요,12,0.250000,0,2,1,1
S00002718_t0001,0001.wav,0,교육,안녕하세요. 상관사 김민수입니다,안녕하세요현암사 김민수입니다,15,0.266667,2,0,2,1
S00002718_t0002,0002.wav,0,교육,네 안녕하세요 지금 한국어 인터넷 강의 듣고 있는데 문의드리려고 전화했어요,안녕하세요 지금 한국어와 인터넷 강의 듣고 있는데 문의 드리려고 전화했어요,41,0.097561,0,2,2,2
S00002718_t0003,0003.wav,0,교육,제가 노트북에서 지금 들으려고 하는데 강의를 들으려면 해당 프로그램을 설치해야 되더라고요.,제가 노트북에서 지금 들으려고 하는데 강의를 들으려면 해당 프로그램을 설치해야되더라구요,48,0.062500,1,0,2,1
S00002718_t0004,0004.wav,0,교육,"그래서 설치를 진행했는데, 설치를 완료했는데도 인터넷가니까 작동이 안 돼서 좀 여쭤보려고요. 왜 안되죠? 좀 알아봐 주세요",그래서 진행했는데 설치를 완료 했는데도 인터넷강의가 작동이 안돼서 좀 여쭤보려고요 왜 안되죠 좀 알아봐주세요,60,0.216667,3,1,9,4
S00002718_t0005,0005.wav,0,교육,설치 전부 다 하셨나요?,"네, 설치 전부 다 하셨나요?",16,0.187500,0,3,0,1
S00002718_t0006,0006.wav,0,교육,"네 뜨는 거 다 설치했고요 필수 설치랑 선택설치 이렇게 총 4개인가? 뜨던데 저는 필수설치만 다운로드 했거든요 통합 설치를 누르면 전부 한꺼번에 설치가 됐던대, 저는 필 수 설치를 해야 반응 요소만 설치했어요",뜨는 거 다 설치했구요 필수 설치랑 선뜻 설치 이렇게 총 네개인가 뜨던데 저는 필수 설치만 다운로드 했거든요 통합 설치를 누르면 전부 한꺼번에 설치가 되던데 저는 필수 설치를 해야 하는 요소만 설치했어요,113,0.123894,7,2,5,4
S00002718_t0007,0007.wav,0,교육,원래는 귀찮아서 그냥 한 번만 설치하도록 통합설치하는데 그 과정에서 저번에 노트북이 많이 느려졌거든요. 그래서 선택 설치는 안 했어요 어차피 필수로 해야 하는 것만 했으면 상관없는 거죠,원래는 귀찮아서 그냥 한 번만 설치하도록 통합 설치하는데 그 과정에서 저번에 노트북이 많이 늦어졌거든요 그래서 선뜻 펼치는 안했어요 어차피 필수로 해야 하는 것만 상관없는거죠,97,0.123711,4,1,7,4
S00002718_t0008,0008.wav,0,교육,필수로 다 하신 건가요?,필수로 다 하신 건가요?,13,0.000000,0,0,0,0
S00002718_t0009,0009.wav,0,교육,"네, 실수로 뜨는 건 전부 다 했다니까요. 그런데 다음에는 진행이 안 돼요 계속해서 설치하려는 문구가 담긴 창이 계속 떠요 설치는 다 했는데",네 실수로 뜨는 건 전부 다 했다니까요 그런데 다음에는 진행이 안돼요 계속해서 설치하라는 문구가 담긴 창이 계속떠요 설치는 다 했는데,74,0.067568,1,0,4,2
S00002718_t0010,0010.wav,0,교육,설치가 안된 것 같습니다.,설치가 안된 것 같습니다,13,0.076923,0,0,1,0
S00002718_t0011,0011.wav,0,교육,설치를 다 했는데요 그게 안 되는 이유가 설치 문제 왜 다른 이유는 없는 건가요?,설치를 다 했는데요 그게 안되는 이유가 설치 문제 외에 다른 이유는 없는 건가요,44,0.090909,1,1,2,1
S00002718_t0013,0013.wav,0,교육,혹시 노트북이 아니라 그냥 일반 PC에서 하면 되거나 그런 건 없나요? 사양의 문제라든지 용량의 문제 라든지 그런건 전혀 없는 건가요? 이런 거면 다른 방법을 시도해 보려구요.,혹시 노트북이 아니라 그냥 일반 피씨에서 하면되거나 그런건 없나요 [사] 항의 문자라든지 용량의 문제라던지 그런건 전혀 없는건가요 그런거면 다른 방법을 시도해 보려구요,93,0.182796,8,2,7,8
S00002718_t0014,0014.wav,0,교육,그럼 제가 지금 다시 한번 확인해 볼게요. 잠시만요,그럼 제가 지금 다시 한번 확인해 볼게요 잠시만요 네,29,0.103448,0,2,1,1
S00002718_t0015,0015.wav,0,교육,제가 지금 노트북 켰고요 똑같이 동영상 가위 시작해 보도록 진행을 해볼게요 로그인하고 다음 받은 목록으로 들어가서 플레이버튼 누르고 맞죠?,제가 지금 노트북 켰고요 똑같이 동영상 강의 시작해보도록 진행이 시작하도록 진행해볼게요 로그인하고 다운 받은 목록으로 들어가서 플레이버튼 누르고 맞죠,83,0.168675,4,8,2,2
S00002718_t0017,0017.wav,0,교육,내 토잇 600방 강의인데 지금 제일 첫 번째 강이 오리엔테이션 강의 플레인 버튼을 누를게요.,"네, 토익 (600방)/(육백 방)강의인데 지금 저의 첫번째 강의 오리엔테이션 강의 플레임 버튼 누를게요.",59,0.288136,6,9,2,1
S00002718_t0018,0018.wav,0,교육,플레이버튼을 누른데 프로그램 설치가 필요하다는 창이 있어서 계속 다음 눌러야 설치 진행까지 왔어요. 저번이랑 똑같아요 보통 네이버나 다음받은 데 동영상 재생 출발이나 액티브랑 비슷해요,플레이버튼 눌렀는데 프로그램 설치가 필요하다는 창이 떠서 계속 다음 눌러야 설치 진행까지 왔어요 저번이랑 똑같아요 보통 네이버나 다음 같은 데 동영상 재생 툴바나 액티브랑 비슷해요,100,0.120000,8,1,3,3
S00002718_t0019,0019.wav,0,교육,필수 설치가 두 개고요. 선택설치가 두 개고 각각 설치할 수 있는 통합 버튼을 누르면 한꺼번에 설치가 된다고 뜨네요 여기서 전 필수 설티 가까이 눌러서 설치했었어요,필수 설치가 (2개)/(두 개)고요. 선택 설치가 (2개)/(두 개)고 각각 설치할 수 있는 통합 버튼을 누르면 한꺼번에 설치가 된다고 뜨네요. 여기서 전 필수 설치 각각 눌러서 설치했었어요.,107,0.196262,3,17,1,1
S00002718_t0020,0020.wav,0,교육,그런데 제가 두세 번 정도 더 설치를 해봤거든요 아까 말씀드렸듯이 자꾸 설치가 하는데도 안 되서요,그런데 제가 두세번 정도 더 설치를 해 봤거든요 아까 말씀드렸듯이 자꾸 설치가하는데도 안되서요,52,0.076923,0,1,3,4
S00002718_t0021,0021.wav,0,교육,"그런데 노트북 자체의 프로그램을 설치가 된 게 맞는 것 같아요. 왜냐하면 설치하려는 프로그램이 이미 설치되어 있다는 문구가 뜨고요, 협재하고 재설치를 할지 덮어시질성 특화라는 창이 떠요 어떤 건지 아시죠?",그런데 노트북 자체 프로그램을 설치해 설치가 되는 게 맞는 것 같아요 왜냐하면 설치하라는 프로그램을 이미 설치되어 있다는 문구가 뜨구요 삭제하고 재설치를 할지 덮어씌우지 선택하라는 창이 떠요 어떤 건지 아시죠,116,0.181034,11,6,4,1
S00002718_t0022,0022.wav,0,교육,이런 문구가 뜨는 거면 제 노트북에 어떤 문제가 있는 것이 아니라 인간 홈페이지 속의 문제가 있는 건 아닌가요? 아니면 혹시 선택 설치까지 전부 다 실제해야 되는건가요? 그 안에서 슬커듬 왜이런거죠,이런 문구가 뜨는 거면 제 노트북에 어떤 문제가 있는 것이 아니라 인간 홈페이지 접속에 문제가 있는 것 아닌가요 아니면 혹시 선택 설치까지 전부 다 설치해야 되는 건가요 이러면서 뭐 싫거든 왜이런거죠,111,0.153153,14,2,1,5
S00002718_t0023,0023.wav,0,교육,선택 설치해서 하실 것을 원여드립니다.,선뜻 설치를 하실 것을 권유드립니다,19,0.315789,4,0,2,0
S00002718_t0024,0024.wav,0,교육,선택 설치도 해야 한다고요? 저번에 모르고 다 설치했다가 노트봉이 엄청 늦어져서 불안한데요,헌특설치도 해야한다고요 저번에 뭐 모르고 설치했다가 다 설치했다가 노트북이 엄청 느려져서 불안한데요,55,0.290909,5,8,3,4
S00002718_t0025,0025.wav,0,교육,"제가 아까 주변 지변한테 물어봤는데 제 노트북에 기본적인 프로그램이 안 깔려 있어서 그럴 수도 있다고 하는데 그래서 선택 설치를 하는 게 안 돼서 그럴 수도 있다네요. 그러니까 저는 선택, 요소까지 다 통화 설치하는 게 좋겠네요",제가 아까 주변 지명한테 물어봤는데 제 노트북에 기본적인 프로그램이 안 깔려 있어서 그럴 수도 있다고 하는데 그래서 선택설치를하는게 안돼서 그럴 수도 있다네요 저는 탑 설치 요소까지 다 통합 설치하는게 좋겠네요,117,0.145299,5,1,11,7
S00002718_t0026,0026.wav,0,교육,그렇군요. 감사합니다 그럼 제가 한번 더 시도해보고 그때도 안되면 또 문의 전화드릴게요,그렇군요 감사합니다 그럼 제가 한 번 더 시도해 보고 그때도 안 되면 또 문의 전화 드릴게요,51,0.098039,0,4,1,4
S00002740_t0002,0002.wav,0,교육,저 민지영 선생님이 강히 없어졌나요?,저/ @민주영 선생님 강의 없어졌나요?,21,0.238095,2,2,1,0
S00002740_t0003,0003.wav,0,교육,그분 강이 들으려고 가입했던 건데 다시 안 하시는 건가요?,그 분 강의 들을려고 가입했던건데 다시 안하시는 건가요,30,0.200000,2,1,3,3
S00002740_t0005,0005.wav,0,교육,그럼 저 탈태할래요?,그럼 탈퇴할래요 탈퇴 어떻게 해요,18,0.722222,6,7,0,2
S00002740_t0006,0006.wav,0,교육,홈페이지에서 가능합니다.,홈페이지에서 가능합니다,12,0.083333,0,0,1,0
S00002740_t0007,0007.wav,0,교육,달타야 된 나만 있는 수강금액 더 한 번 가능한 거죠? 바로 들어가나요,탈퇴하면 남아있는 수강 금액 다 환불 가능한거죠 바로 들어오나요,35,0.457143,10,1,5,5
S00002740_t0008,0008.wav,0,교육,통합 아이디 부탁드립니다.,성함 아이디 부탁드립니다,13,0.230769,2,0,1,0
S00002740_t0011,0011.wav,0,교육,왜요? 그럼 제가 그냥 거기서 다 가져간다는 말씀이세요.,왜요? 그럼 제 돈을 그냥 거기서 다 가져간다는 말씀이세요?,33,0.121212,2,2,0,1
S00002740_t0013,0013.wav,0,교육,"아, 재돈들인 게 아니라서 그런 건가요? 너무 치사하네요. 그런 수강 금액은요 신청한 지 일주일 안 됐으니까 한 번에 가능하죠",제 돈 들인 게 아니라서 그런 건가요 너무 치사하네요 수강 금액은요 신청한지 일주일 안됐으니까 환불 가능하죠,60,0.250000,5,0,10,5
S00002740_t0015,0015.wav,0,교육,아니 30%도 안 들어보고 그 강의가 어떤 강인지 어떻게 알아요? 그 정도는 봐야지 들으면 하는 줄 알죠,아니 삼십프로도 안 들어보고 그 강의가 어떤 강의인지 어떻게 알아요 그 정도는 봐야지 드라마 한판 자알죠,58,0.224138,9,2,2,1
S00002740_t0019,0019.wav,0,교육,그런게 어딨어요? 그런건 미리 말을 해줬어야죠 알았으면 그렇게 많이 신청 안했죠,그런게 어딨어요 그런 거 미리 말을 해줬어야죠 알았으면 그렇게 많이 신청 안 했죠,45,0.088889,1,2,1,2
S00002740_t0020,0020.wav,0,교육,가게 신청 페이지에 나오십니다.,각인신청페이지에 나와있습니다,15,0.533333,4,1,3,2
S00002740_t0021,0021.wav,0,교육,아니 누가 그런 걸 인리 다 보고 신청을 해요,아니 누가 그런 걸 일일이 다 보고 신청을 해요,26,0.115385,2,1,0,0
S00002740_t0023,0023.wav,0,교육,그리고 경쟁사위 시원스쿨은 강의를 얼마나 들었던 남은 부분에 대해서 환불을 해주던데 여기 왜 안 해줘요? 하소 못해 에도위리나 메카 스토디도 다 환불래 줘요. 왜 여기만 못해준다는 거예요,그리고 경쟁사의 시원스쿨은 강의를 얼마나 들었든 남은 부분에 대해서 환불을 해주던데 여긴 왜 안 해줘요? 하다못해 애도윌이나 메카메가스터디도 다 환불해줘요. 왜 여기만 못해 준다는 거예요?,105,0.142857,10,3,2,4
S00002740_t0025,0025.wav,0,교육,아휴 됐어요 그런다 필요 없어요. 저 여기 정 떨어져서 안쓸라니까 그냥 탈퇴할 테니깐 탈태시켜주세요,아휴 됐어요 그럼 다 필요 없어요 저 여기 정떨어져서 안 쓸라니까 그냥 탈퇴할테니까 탈퇴시켜주세요,54,0.148148,3,2,3,4
S00002740_t0026,0026.wav,0,교육,홈페이지에서 직접 진행 가능합니다.,홈페이지에서 직접 진행 가능합니다,18,0.055556,0,0,1,0
S00002740_t0027,0027.wav,0,교육,아니 내가 또 홈페이지 로그인어면 그래야 돼요? 뭐 이렇게 사람을 번거롭게 해요 그냥 여기서 해주세요,아니 내가 또 홈페이지에 로그인하고 그래야 돼요? 모여든 사람을 번거롭게해요. 그냥 여기서 해주세요.,56,0.196429,5,3,3,2
S00002740_t0028,0028.wav,0,교육,진짜 바셔야 합니다,직접 하셔야 합니다,10,0.300000,3,0,0,0
S00002740_t0029,0029.wav,0,교육,겉은 험벌 안 돼서 짜증나는데 더 짜증 나게 하시지 마시고 그냥 좀 해주세요. 다른 데는 다 되는데 왜 여기는 안되는 게 이렇게 많아요?,가뜩이나 환불안되서 짜증나는데 더 짜증나게 하지 마시고 그래야 좀 해주세요 딴 데는 다 되는데 왜 여기는 안되는게 이렇게 많아요,71,0.253521,11,1,6,6
S00002740_t0030,0030.wav,0,교육,그럼 본인 인종 후진하여 하겠습니다.,그럼 본인 인증을 진행하겠습니다.,18,0.333333,4,0,2,3
S00002740_t0031,0031.wav,0,교육,어? 문자 왔다. 뭐 이상한 주소 같은 거 왔는데 이걸로 뭐 어떻게 해요,문자왔다 이상한 주소 같은거 왔는데 이걸로 뭐 어떡해요,30,0.366667,1,0,10,5
S00002740_t0032,0032.wav,0,교육,링크 눌러서 인증 부탁드립니다.,링크 눌러서 인증을 부탁드립니다,17,0.117647,0,1,1,0
S00002740_t0033,0033.wav,0,교육,"네, 했어요. 이제 다 된 건가요? 더 이상 번거롭게 하지 않았으면 좋겠네요",했어요 이제 다 된 건가요 더이상 번거롭게 하지 않았으면 좋겠네요,36,0.166667,0,0,6,2
S00002740_t0034,0034.wav,0,교육,하루 정도 돼야 됩니다.,하루정도 소요됩니다,10,0.500000,2,0,3,2
S00002740_t0035,0035.wav,0,교육,알겠어요. 화내서 미안해요 내가 아가씨한테 뭐라는 게 아니고 입장 바꿔서 생각해보면 아가시 같으면 확 안 나겠어요?,알겠어요 화내서 미안해요 내가 아가씨한테 뭐라 하는게 아니고 입장 바꿔서 생각해보면 아가씨 같으면 화 안나겠어요,62,0.129032,4,1,3,3
S00002740_t0036,0036.wav,0,교육,이럴 줄 알았으면 그렇게 강의 신청 많이 하지 말걸 저는 들을만큼만 내고 나머지는 돌려받을 수 있을 줄 알았어요,이럴 줄 알았으면 그렇게 강의 신청 많이 하지 말 것 저는 들을 만큼만 내고 나머지는 돌려받을 수 있을 줄 알았어요,64,0.046875,1,2,0,2
S00002740_t0037,0037.wav,0,교육,어쨌든 뭐 써놨다는데 안 읽은 애 잘못이죠. 8대철이라도 정확히 해주세요,어쨌든 뭐 써놨다는 데 아내가 내 잘못이죠 탈퇴 처리라도 정확히 해주세요,40,0.300000,10,1,1,5
S00002740_t0038,0038.wav,0,교육,"혹시 나중에 재개업, 재개입할 때 문제되는 건 아닌가요?",혹시 나중에 재개업 재가입할 때 문제되는 것 아닌가요,29,0.137931,2,0,2,0
S00002740_t0039,0039.wav,0,교육,알겠어요 수고하세요,알겠어요 수고하세요,10,0.000000,0,0,0,0
S00004123_t0002,0002.wav,0,교육,저거 민정 선생님 강의 없어졌나요?,저/ 민지영 선생님 강의 없어졌나요?,20,0.150000,2,1,0,0
S00004123_t0003,0003.wav,0,교육,아 전 그 분 강의 들리는 거 가입했던 건데 다시 안 하시는 건가요?,아/ 전 그분 강의 들으려고 가입했던 건데. 다시 안 하시는 건가요?,38,0.184211,3,2,2,2
S00004123_t0006,0006.wav,0,교육,홈페이지에서 가능합니다.,홈페이지에서 가능합니다.,13,0.000000,0,0,0,0
S00004123_t0007,0007.wav,0,교육,탈퇴하면 남아있는 수분금에 다 한 불 가능한 거죠? 바로 들어오나요,탈퇴하면 남아있는 수+ 수강금액 다 환불 가능한 거죠? 바로 들어오나요?,40,0.200000,3,4,1,2
S00004123_t0008,0008.wav,0,교육,성함 아이디 부탁드립니다.,성함 아이디 부탁드립니다.,14,0.000000,0,0,0,0
S00004123_t0009,0009.wav,0,교육,"김 남일, SADFS EF요. 지금 정리꾼도 좀 남아있고 강의도 다 안 들은 거 몇 개 있어요?",김남일 (sadfsef)/(에스 에이 디 에프 에스 이 에프)요. 지금 적립금도 좀 남아있고 강의도 다 안 들은 거 몇 개 있어요.,73,0.465753,14,20,0,4
S00004123_t0011,0011.wav,0,교육,왜요? 그럼 제 돈을 그냥 거기서 다 가져간다는 말씀이세요.,왜요? 그럼 제 돈을 그냥 거기서 다 가져간다는 말씀이세요?,33,0.030303,1,0,0,0
S00004123_t0012,0012.wav,0,교육,이벤트로 지급받으신 정립금은 탈퇴시 소멸됩니다.,이벤트로 지급받으신 적립금은 탈퇴 시 소멸됩니다.,27,0.074074,1,1,0,1
S00004123_t0013,0013.wav,0,교육,아 지도는 드린 게 아니라서 그런 건가요? 너무 취사네요. 그럼 승원금에는요 신청하지 일질 안 됐으니까 한 번 가능하죠,아/ 제 돈 들인 게 아니라서 그런 건가요? 너무 치사하네요. 그럼 수강금액은요? 신청한 지 (1주일)/(일 주일) 안됐으니까 환불 가능하죠?,79,0.379747,15,14,1,3
S00004123_t0014,0014.wav,0,교육,강의 30% 이상 수강하셔서 안됩니다.,강의 (30%)/(삼십 퍼센트) 이상 수강하셔서 안됩니다.,32,0.343750,0,11,0,1
S00004123_t0015,0015.wav,0,교육,아니 산책 풀어도 안 들어보고 그 강의가 어떤 강인지 어떻게 알아요? 그 정도는 봐야지 그럴 만한지 알죠,"아니, (30%)/(삼십 프로)도 안 들어보고 그 강의가 어떤 강의인지 어떻게 알아요? 그 정도는 봐야지 들을만한지 알죠.",68,0.264706,6,11,1,1
S00004123_t0017,0017.wav,0,교육,전체 근발액이 아니라 나머지 70%만큼이라도 기산해서 돌려주면 안 돼요? 내가 안 들은 부분까지 부담하는 건 너무 불합리해요.,전체 금액 아니라 그럼 나머지 (70%)/(칠십 프로) 만큼이라도 계산해서 돌려주면 안 돼요? 내가 안 들은 부분까지 부담하는 건 너무 불합리해요.,82,0.219512,2,14,2,3
S00004123_t0019,0019.wav,0,교육,그런 게 어디 있어요? 그런 건 미리 말해줘야죠. 알았으면 그렇게 많이 신청 안 했죠,그런 게 어디 있어요? 그런 건 미리 말을 해줬어야죠. 알았으면 그렇게 많이 신청 안 했죠.,51,0.098039,1,4,0,1
S00004123_t0020,0020.wav,0,교육,강의신청 페이지에 나와 있습니다.,강의 신청 페이지에 나와있습니다.,18,0.111111,0,1,1,2
S00004123_t0021,0021.wav,0,교육,아니 누가 그런 걸 일일히 다 보고 신청을 해요. 그렇게 중요한 건 강이 처음이나 중간에,"아니, 누가 그런 걸 일일이 다 보고 신청을 해요? 그렇게 중요한 건 강의 처음이나 중간에",50,0.080000,3,1,0,0
S00004123_t0022,0022.wav,0,교육,그리고 경전사인 시원스쿨은 강의를 얼마나 들었던 남은 부분에 대해서 함부를 해주던데 여긴 왜 안 해도요? 하다 못해 매들이나 메가스터디도 다 함부해줘요. 왜 여기만 못해진다는 거예요,그리고 경쟁사인 (C1)/(씨 원) 스쿨은 강의를 얼마나 들었든 남은 부분에 대해선 환불을 해주던데 여긴 왜 안 해줘요? 하다못해 얘도 윌이나 메카스터디도 다 환불해 줘요. 왜 여기만 못 해준다는 거예요?,114,0.254386,14,14,1,6
S00004123_t0024,0024.wav,0,교육,됐어요 그럼 다 필요 없어요. 저 여기 정떨어서 안 쓰라니까 그냥 탈퇴했으니까 탈탈시켜주세요,아휴/ 됐어요. 그럼 다 필요 없어요. 저/ 여기 정 덜어져서 안 쓸라니까 그냥 탈퇴할 테니까 탈퇴시켜 주세요.,62,0.258065,5,11,0,4
S00004123_t0025,0025.wav,0,교육,홈페이지에서 직접 진행 가능합니다.,홈페이지에서 직접 진행 가능합니다.,19,0.000000,0,0,0,0
S00004123_t0026,0026.wav,0,교육,아니 내가 또 홈페이지 로그인하고 그래야 돼요? 이렇게 사람을 번거롭게 해요 그냥 여기서 해주세요,아니 내가 또 홈페이지 로그인하고 그래야 돼요? 왜 이렇게 사람을 번거롭게 해요? 그냥 여기서 해줘+ 해주세요.,62,0.129032,0,8,0,2
S00004123_t0027,0027.wav,0,교육,직접 하셔야 합니다.,직접 하셔야 합니다.,11,0.000000,0,0,0,0
S00004123_t0028,0028.wav,0,교육,핫띡이나 함부로 안 돼서 싸징 나는데 저쩌적나게 하지 마시고 그냥 좀 해주세요. 다른 데는 다 되는데 왜 여기는 안되는 게 이렇게 많아요?,가뜩이나 환불 안돼서 짜증 나는데 더 짜증 나게 하지 마시고 그냥 좀 해주세요. 딴 데는 다 되는데 왜 여기는 안 되는 게 이렇게 많아요?,77,0.207792,10,3,3,4
S00004123_t0029,0029.wav,0,교육,그럼 본인 인증 후 진행하겠습니다.,그럼 본인인증 후 진행하겠습니다.,18,0.055556,0,0,1,1
S00004123_t0030,0030.wav,0,교육,어? 진짜 왔다. 뭐 이상한 주소 같은 거 맞는데요 이걸로 뭐 어떻게 해요,어/ 문자 왔다. 뭐 이상한 주소 같은 거 왔는데요? 이걸로 뭐 어떡해요?,41,0.219512,5,2,2,1
S00004123_t0031,0031.wav,0,교육,링크 눌러서 인증 부탁드립니다.,링크 눌러서 인증 부탁드립니다.,17,0.000000,0,0,0,0
S00004123_t0032,0032.wav,0,교육,"네, 했어요. 이제 다 된 건가요? 더 이상 동그랗게 하지 않았으면 좋겠네요",네 했어요. 이제 다 된 건가요? 더 이상 번거롭게 하지 않았으면 좋겠네요.,42,0.119048,3,1,1,0
S00004123_t0033,0033.wav,0,교육,8호 정도 소요됩니다.,하루정도 소요됩니다.,11,0.272727,2,0,1,1
S00004123_t0034,0034.wav,0,교육,알겠어요. 한해 손 미안해요 내가 아가씨한테 뭐라고 하는 게 아니고 입장 바꿨을 생각으로는 아가씨를 같으면 다 안 나겠어요,알겠어요. 화내서 미안해요. 내가 아가씨한테 뭐라는 게 아니고. 입장 바꿔서 생각해보면 아가씨 같으면 화 안 나겠어요?,66,0.257576,9,3,5,2
S00004123_t0036,0036.wav,0,교육,이럴 줄 알았지만 그렇게 감히 신청 많이 하지 말 거야 저는 들은 만큼 내거 나머지는 돌려가 될 수 있는데 알았어요,이럴 줄 알았으면 그렇게 강의 신청 많이 하지 말 걸. 저는 들은 만큼만 내고 나머지는 돌려받을 수 있는 줄 알았어요.,66,0.212121,10,3,1,2
S00004123_t0039,0039.wav,0,교육,혹시 나중에 제가 입할 때 문제되는 건 아닐까요?,혹시 나중에 재가입할 때 문제 되는 건 아닌가요?,27,0.185185,3,1,1,2
S00004123_t0040,0040.wav,0,교육,알겠어요. 수고하세요,알겠어요. 수고하세요.,12,0.083333,0,1,0,0
S00005329_t0001,0001.wav,0,교육,안녕하세요 상단자 김민수입니다.,안녕하세요. 상담사 김민수입니다.,18,0.166667,2,1,0,0
S00005329_t0002,0002.wav,0,교육,안녕하세요 지금 한국어학 인터넷 강의 듣고 있는데 보니 드리려고 전화드렸어요,네. 안녕하세요. 지금 한국어학 인터넷 강의 듣고 있는데 문의드리려고 전화드렸어요.,46,0.173913,2,5,1,2
S00005329_t0003,0003.wav,0,교육,제가 유튜브에서 지금 들으려고 하는데 강의를 들이려면 해당 프로그램을 설치해야 되더라고요.,"제가 노트북에서 지금 들으려고 하는데, 강의를 들으려면 해당 프로그램을 설치해야 (되더라고요)/(되더라구요).",61,0.245902,4,11,0,0
S00005329_t0004,0004.wav,0,교육,"그래서 설치를 진행했는데, 설치를 완료했는데도 인터넷 강의가 작동이 안 되어서 좀 여쭤보려구요. 왜 안되죠? 좀 알아봐주세요",그래서 설치를 진행했는데 설치를 완료했는데도 인터넷 강의가 작동이 안 되어서 좀 (여쭤보려고요)/(여쭤보려구요). 왜 안되죠? 좀 알아봐 주세요.,81,0.172840,0,13,1,1
S00005329_t0005,0005.wav,0,교육,"네, 설치 전부 다 하셨나요?",네. 설치 전부 다 하셨나요?,16,0.062500,1,0,0,0
S00005329_t0006,0006.wav,0,교육,"네, 뜨는 거 다 설치했고요. 필수 설치랑 선택설치를 이렇게 총 4개인가? 뜨던데 저는 필수설치만 다운로드 했거든요. 통화 설치를 누르면 전부 한꺼번에 설치해야 된대요. 저는 필수� 설치 해야 되는 요소를 설치했어요",네. 뜨는 거 다 (설치했고요)/(설치했구요). 필수 설치랑 선택 설치 이렇게 총 (4개)/(네 개)인가? 뜨던데 저는 필수 설치만 다운로드했거든요. 통합 설치를 누르면 전부 한거번에 설치가 되던데 저는 필수 설치해야 하는 요소만 설치했어요.,135,0.266667,9,21,6,5
S00005329_t0007,0007.wav,0,교육,원래는 귀찮아서 그냥 한 번에 설치되도록 통화 설치하는데 그 과정에서 저번의 노트북이 많이 느려졌었거든요 그래서 허리스텍을 설치는 안 했어요. 어차피 퀴스로 해야 하는 것만 했으면 상관없는 거죠,원래는 귀찮아서 그냥 한 번에 설치되도록 통합 설치하는데 그 과정에서 저번에 노트북이 많이 느려졌거든요. 그래서 선택 설치는 안 했어요. 어차피 필수로 해야 하는 것만 했으면 상관없는 거죠?,106,0.113208,6,2,4,0
S00005329_t0008,0008.wav,0,교육,피스는 다 하신 건가요?,필수는 다 하신 건가요?,13,0.153846,2,0,0,0
S00005329_t0010,0010.wav,0,교육,설치가 안 된 것 같습니다.,설치가 안된 것 같습니다.,14,0.071429,0,0,1,1
S00005329_t0011,0011.wav,0,교육,설치를 다 했는데요 그게 안 되는 이유가 설치 문제에 대해 다른 이유는 없는 건가요?,설치를 다했는데요. 그게 안 되는 이유가 설치 문제 외에 다른 이유는 없는 건가요?,46,0.108696,2,1,2,1
S00005329_t0013,0013.wav,0,교육,혹시 노트북이 아니라 그냥 1번 PC에서 하면 되거나 그런 건 없나요? 사양의 문제라든지 용량의 문제라든지는 전혀 없는건가요? 이런거면 다른 방법을 시도해 보려구요,"음/ 혹시 노트북이 아니라. 음/ 그냥 일반 (pc)/(피 씨)에서 하면 되거나 그런 건 없나요? 사양의 문제라던지, 용량의 문제라던지 그런 건 전혀 없는 건가요? 그런 거면 다른 방법을 (시도해보려고요)/(시도해보려구요).",125,0.344000,9,34,0,8
S00005329_t0015,0015.wav,0,교육,그럼 제가 지금 다시 한번 확인해 볼게요. 잠시만요,그럼 제가 지금 다시 한번 확인해볼게요. 잠시만요.,28,0.071429,0,1,1,1
S00005329_t0016,0016.wav,0,교육,제가 지금 노트북이 켰고요 똑같은 동영상 강의 시작하도록 진행해 볼게요 로그인하고 다운받으던 몸농으로 들어가서 플레이머튼 누르는 거 맞죠?,제가 지금 노트북 (켰고요)/(켰구요). 똑같이 동영상 강의 시작하도록 진행해볼게요. 로그인하고 (다운로드한)/(다운받은) 목록으로 들어가서 플레이 버튼 누르는 거 맞죠?,95,0.294737,8,19,1,4
S00005329_t0018,0018.wav,0,교육,"네, 토이 600만 강의인데 지금 제일 첫 번째 강의 오리엔테이션 강의를 플레이 부터 누를게요.","네. 토익 (600반)/(육백 반) 강의인데 지금 제일 첫 번째 강의, 오리엔테이션 강의 플레이 버튼 누를게요.",62,0.258065,5,10,1,1
S00005329_t0019,0019.wav,0,교육,플라이버튼을 눌렀는데 프로그램 설치가 필요하다는 창이 계속 떠서 다음 눌러서 쓸 수 있는 것까지 왔어요 저번이랑 똑같아요 보통 네 번은 다음받는 데에 도움이 되는 건 제 맥 출발이나 액티브랑 비슷해요,플레이 버튼 눌렀는데 프로그램 설치가 필요하다는 창이 떠서 계속 다음 눌러서 설치 진행까지 왔어요. 저번이랑 똑같아요. 보통 네이버나 다음 (같은데)/(같은데에) 동영상 재생 툴바나 액티브랑 비슷해요.,112,0.357143,31,5,4,11
S00005329_t0021,0021.wav,0,교육,그런데 제가 두세 번 정도를 설치를 해봤었거든요 아까 말씀드렸듯이 자꾸 설치를 하는데도 안 되어서요,그런데 제가 두세 번? 정도 더 설치를 해봤었거든요? 아까 말씀드렸듯이 자꾸 설치를 하는데도 안되어서요.,58,0.103448,1,4,1,2
S00005329_t0022,0022.wav,0,교육,그런데 노트북 자체 프로그램은 설치가 된게 맞는 것 같아요. 왜냐하면 설치하려는 프로그램이 이미 설치되어 있다는 문구가 뜨구요 삭제하고 재설치를 해야지 덧보시울 지 선택하라는 상이 있어요 어떤건지 아시죠?,"그런데 노트북 자체에 프로그램은 설치가 된 게 맞는 거 같아요. 왜냐하면 설치하려는 프로그램이 이미 설치되어있다는 문구가 뜨고요, 삭제하고 재설치를 할지, (덮어씌우지)/(덮어씌울지) 선택하라는 창이 떠요. 어떤 건지 아시죠?",126,0.222222,14,13,1,6
S00005329_t0023,0023.wav,0,교육,이런 문구가 뜨는 거면 제 노트북에 어떤 문제가 있는 것이 아니라 인간 홈페이지 쪽 문제가 있는 건 아닌가요? 아니면 혹시 선택 설치까지 전부 다 설치해야 되는건가요? 부단에서 그런 거 쉬는데 이거 왜 이룬 거죠,이런 문구가 뜨는 거면 제 노트북에 어떤 문제가 있는 것이 아니라 인강 홈페이지 쪽 문제가 있는 건 아닌가요? 아니면 혹시 선택 설치까지 전부 다 설치해야 하는 건가요? 불안해서 그건 싫은데요. 왜 이런 거죠?,117,0.136752,11,2,3,3
S00005329_t0024,0024.wav,0,교육,선택 설치도 하실 것을 권유 드립니다.,선택 설치도 하실 것을 권유드립니다.,20,0.050000,0,0,1,1
S00005329_t0025,0025.wav,0,교육,선택 설치도 해야 된다고요? 저번에 뭐 모르고 다 설치했다가 노트북이 엄청 느려져서 불안한데요.,선택 설치도 (해야한다고요)/(해야한다구요)? 저번에 뭐 모르고 다 설치했다가 노트북이 엄청 느려져서 불안한데요.,63,0.206349,3,10,0,1
S00005329_t0026,0026.wav,0,교육,"제가 아까 주인한테 물어봤는데, 이제 노트북의 기본적인 프로그램이 안 깔려있어서 그럴 수 있다고 하는데 그래서 혼자서 해야 하는 게 안되어 그럴 수 있다네요. 그러니까 저는 선치유속까지 다 통화표출하는게 좋겠네요","아, 제가 아까 주변 지인한테 물어봤는데 제 노트북에 기본적인 프로그램이 안 깔려있어서 그럴 수도 있다고 하는데, 그래서 선택 설치해야 하는 게 안돼서 그럴 수도 있다네요. 그러니까 저는 선택 설치 요소까지 다 통합 설치하는 게 좋겠네요?",133,0.233083,12,17,2,8
S00005329_t0027,0027.wav,0,교육,그렇군요. 감사합니다 그럼 제가 한 번 더 시도해보고 그때도 안 되면 또 모임 전화 드릴게요,그렇군요. 감사합니다. 그럼 제가 한번 더 시도해보고 그때도 안되면 또 문의전화드릴게요.,49,0.163265,2,2,4,4
S00005329_t0028,0028.wav,0,교육,네 감사합니다. 한국어학원 김민수였습니다,네. 감사합니다. 한국어학원 김민수였습니다.,24,0.083333,0,2,0,0
S00005524_t0001,0001.wav,0,교육,안녕하세요 성담사 김민수입니다.,안녕하세요. 상담사 김민수입니다.,18,0.111111,1,1,0,0
S00005524_t0002,0002.wav,0,교육,네 안녕하세요 지금 한국어학 인터넷강의 듣고 있는데 문회들이 이러고 전화주셨어요,네. 안녕하세요. 지금 한국어학 인터넷 강의 듣고 있는데 문의드리려고 전화드렸어요.,46,0.260870,6,4,2,2
S00005524_t0003,0003.wav,0,교육,제가 노트북에서 지금 들으려고 하는데 강의를 들으면 해장 프로그램이 훨씬 해야 되더라고요.,"제가 노트북에서 지금 들으려고 하는데, 강의를 들으려면 해당 프로그램을 설치해야 (되더라고요)/(되더라구요).",61,0.278689,4,12,1,1
S00005524_t0004,0004.wav,0,교육,그래서 설치를 진행했는데 설치로 완료했는데도 인터넷 강의가 작동이 안 되어서 좀 여쭤보려고요. 왜 안되죠? 좀 알아봐주세요,그래서 설치를 진행했는데 설치를 완료했는데도 인터넷 강의가 작동이 안 되어서 좀 (여쭤보려고요)/(여쭤보려구요). 왜 안되죠? 좀 알아봐 주세요.,81,0.172840,1,13,0,1
S00005524_t0005,0005.wav,0,교육,"네, 설치 전부 다 하셨나요?",네. 설치 전부 다 하셨나요?,16,0.062500,1,0,0,0
S00005524_t0006,0006.wav,0,교육,"네, 뜨는 거 다 설치했고요. 필수 설치랑 선택설치 이렇게 총 4개인가? 뜨놨는데 저는 필수로 설치를 마다으로도 했거든요. 통화 설치를 누르면 전부 한꺼번에 설치가 되는데 저는 필수서치해야 하는 요소만 설치했어요",네. 뜨는 거 다 (설치했고요)/(설치했구요). 필수 설치랑 선택 설치 이렇게 총 (4개)/(네 개)인가? 뜨던데 저는 필수 설치만 다운로드했거든요. 통합 설치를 누르면 전부 한거번에 설치가 되던데 저는 필수 설치해야 하는 요소만 설치했어요.,135,0.251852,9,21,4,4
S00005524_t0007,0007.wav,0,교육,원래는 귀찮아서 그냥 한 번에 설치 제대로 통화 숙췄는데 그 과정에서 저번에 노트북이 많이 느려졌거든요. 그래서 선택 설치는 안 했어요 어차피 설치로 해야 하는 것만 있으면 상관없는 거죠,원래는 귀찮아서 그냥 한 번에 설치되도록 통합 설치하는데 그 과정에서 저번에 노트북이 많이 느려졌거든요. 그래서 선택 설치는 안 했어요. 어차피 필수로 해야 하는 것만 했으면 상관없는 거죠?,106,0.122642,9,3,1,1
S00005524_t0008,0008.wav,0,교육,실수는 다 하신 건가요?,필수는 다 하신 건가요?,13,0.076923,1,0,0,0
S00005524_t0009,0009.wav,0,교육,"네, 툴 쓰고 뜨는 건 전부 다 했다니까요. 그런데 다음으로 진행이 안 돼요 계속해서 설치하는 목구가 담긴 창이 계속 떠요 설치는 다 했는데",네. 필수로 뜨는 건 전부 다 했다니까요. 그런데 다음으로 진행이 안돼요. 계속해서 설치하라는 문구가 담긴 창이 계속 떠요. 설치는 다 했는데.,80,0.137500,5,4,2,2
S00005524_t0010,0010.wav,0,교육,설치가 안 된 것 같습니다.,설치가 안된 것 같습니다.,14,0.071429,0,0,1,1
S00005524_t0011,0011.wav,0,교육,설수로 다 했는데요 그게 안 되는 이유가 설치면 왜 다른 이윤은 없는 건가요?,설치를 다했는데요. 그게 안 되는 이유가 설치+ 설치 문제 외에 다른 이유는 없는 건가요?,50,0.300000,6,8,1,3
S00005524_t0013,0013.wav,0,교육,혹시 노트북이 아니라 그냥 일반 피스에서 하면 되거나 그런 건 없나요? 사회의 문제라든지 용량의 문제로 없는지 그런건 전혀 없는 건가요? 그런거는 다른 방법을 시도해 보려구요,"음/ 혹시 노트북이 아니라. 음/ 그냥 일반 (pc)/(피 씨)에서 하면 되거나 그런 건 없나요? 사양의 문제라던지, 용량의 문제라던지 그런 건 전혀 없는 건가요? 그런 거면 다른 방법을 (시도해보려고요)/(시도해보려구요).",125,0.312000,7,30,2,7
S00005524_t0015,0015.wav,0,교육,그럼 제가 지금 다시 한번 확인해 볼게요. 잠시만요,그럼 제가 지금 다시 한번 확인해볼게요. 잠시만요.,28,0.071429,0,1,1,1
S00005524_t0016,0016.wav,0,교육,제가 지금 노트북 켰고요 똑같이 동영상방에 시작하도록 진행해볼게요 로고인하고 다음받은 공으로 들어가서 플레이머트 누르는 거 맞죠?,제가 지금 노트북 (켰고요)/(켰구요). 똑같이 동영상 강의 시작하도록 진행해볼게요. 로그인하고 (다운로드한)/(다운받은) 목록으로 들어가서 플레이 버튼 누르는 거 맞죠?,95,0.315789,7,23,0,2
S00005524_t0018,0018.wav,0,교육,초이 600단 강의인데 지금 제일 첫 번째 강위 우리 앤드에이션은 강히 플레이저트 누를게요,"네. 토익 (600반)/(육백 반) 강의인데 지금 제일 첫 번째 강의, 오리엔테이션 강의 플레이 버튼 누를게요.",62,0.451613,10,15,3,4
S00005524_t0019,0019.wav,0,교육,"플레이버한테 눌렀는데 프로그램 설치가 필요한 장이 되어서 계속 다음 눌러서 설치 된 것까지 왔어요. 저번이랑 똑같아요 보통 네이버나 다행 같은데, 조명상 재생 툴반화에 액티브랑 비슷해요",플레이 버튼 눌렀는데 프로그램 설치가 필요하다는 창이 떠서 계속 다음 눌러서 설치 진행까지 왔어요. 저번이랑 똑같아요. 보통 네이버나 다음 (같은데)/(같은데에) 동영상 재생 툴바나 액티브랑 비슷해요.,112,0.258929,14,12,3,2
S00005524_t0020,0020.wav,0,교육,필수 소치가 두 개구요 선택소스가 두개고 각각 설치할 수 있고 통화소치를 누르면 한꺼번에 설치된다고 뜨네요 여기서 저는 필수소칭 각각 눌러서 설치했었어요,"필수 설치가 (2개)/(두 개) (고요)/(구요), 선택 설치가 (2개)/(두 개)고 각각 설치할 수 있고 통합 설치를 누르면 (한꺼번에)/(한거번에) 설치가 된다고 뜨네요. 여기서 저는 필수 설치 각각 눌러서 설치했었어요.",125,0.376000,7,40,0,6
S00005524_t0021,0021.wav,0,교육,그런데 제가 두세 번 정도 더 설치를 해봤었거든요? 아까 말씀드렸죠. 다시 자꾸 설치하는 데는 안 되어서요,그런데 제가 두세 번? 정도 더 설치를 해봤었거든요? 아까 말씀드렸듯+ 말씀드렸듯이 자꾸 설치를 하는데도 안되어서요.,65,0.230769,5,8,2,3
S00005524_t0022,0022.wav,0,교육,그런데 노트북 자체의 프로그램은 설치가 된 게 맞는 것 같아요. 왜냐하면 설치하려면 프로그램이 이미 설치되었다는 문구가 있고요 삭제하고 재설치할지 덮어시을 설득하라는 창이 떠요 어떤거지 아시죠?,"그런데 노트북 자체에 프로그램은 설치가 된 게 맞는 거 같아요. 왜냐하면 설치하려는 프로그램이 이미 설치되어있다는 문구가 뜨고요, 삭제하고 재설치를 할지, (덮어씌우지)/(덮어씌울지) 선택하라는 창이 떠요. 어떤 건지 아시죠?",126,0.222222,10,18,0,2
S00005524_t0023,0023.wav,0,교육,이런 문구가 뜨는 거면 제 노트북에 어떤 문제가 있는 것이 아니라 인간 홈페이지 쪽 문제가 있는 거 아닌가요? 아니면 혹시 선택 속까지 전부 다 설치해야 하는 건가요? 불안해서 그건 싫은데요. 왜이런 거죠,이런 문구가 뜨는 거면 제 노트북에 어떤 문제가 있는 것이 아니라 인강 홈페이지 쪽 문제가 있는 건 아닌가요? 아니면 혹시 선택 설치까지 전부 다 설치해야 하는 건가요? 불안해서 그건 싫은데요. 왜 이런 거죠?,117,0.051282,3,3,0,1
S00005524_t0024,0024.wav,0,교육,선택 설치도 하실 것을 권유 드립니다.,선택 설치도 하실 것을 권유드립니다.,20,0.050000,0,0,1,1
S00005524_t0025,0025.wav,0,교육,천천히 설치해야 한다고요? 저번에 뭐 모르고 다 설치했다가 높은 게 엄청 누르져서 불안한데,선택 설치도 (해야한다고요)/(해야한다구요)? 저번에 뭐 모르고 다 설치했다가 노트북이 엄청 느려져서 불안한데.,62,0.387097,10,13,1,3
S00005524_t0026,0026.wav,0,교육,제가 아까 주변지인한테 물어봤는데 제 눈뜨부에 기본적인 프로그램이 안 깔려있어서 그럴 수도 있다고 하는데 그래서 선택선수 해야되서 그럴 수 있다네요. 그러니까 저는 선택선수로서까지 다 통화선수하는 게 좋겠네요,"아, 제가 아까 주변 지인한테 물어봤는데 제 노트북에 기본적인 프로그램이 안 깔려있어서 그럴 수도 있다고 하는데, 그래서 선택 설치해야 하는 게 안돼서 그럴 수도 있다네요. 그러니까 저는 선택 설치 요소까지 다 통합 설치하는 게 좋겠네요?",133,0.233083,14,17,0,10
S00005524_t0027,0027.wav,0,교육,그렇군요 감사합니다. 그럼 제가 한번 더 시도해보고 그때도 안 되면 또 문의 전화 드릴게요,그렇군요. 감사합니다. 그럼 제가 한번 더 시도해보고 그때도 안되면 또 문의전화드릴게요.,49,0.102041,0,2,3,3
S00005524_t0028,0028.wav,0,교육,네 감사합니다. 한국어학원 김민수였습니다,네. 감사합니다. 한국어학원 김민수였습니다.,24,0.083333,0,2,0,0
S00005612_t0001,0001.wav,0,교육,안녕하세요 상담사 김인수입니다.,안녕하세요. 상담사 김민수입니다.,18,0.111111,1,1,0,0
S00005612_t0002,0002.wav,0,교육,네 안녕하세요 지금 한국어학의 전강의둘과인데 운이 드리너고 전화드렸어요,네. 안녕하세요. 지금 한국어학 인터넷 강의 듣고 있는데 문의드리려고 전화드렸어요.,46,0.391304,9,8,1,6
S00005612_t0003,0003.wav,0,교육,제가 노트북에서 지금 드리러 왔는데 강의를 드릴 만한 해당 프로그램을 설치해야 하더라고요.,"제가 노트북에서 지금 들으려고 하는데, 강의를 들으려면 해당 프로그램을 설치해야 (되더라고요)/(되더라구요).",61,0.360656,9,12,1,1
S00005612_t0004,0004.wav,0,교육,"그래서 제가 설치를 진행했는데, 설치를 안유했는데도 인터넷 강의가 적동이 안되어서 좀 여쭤버려. 왜 안돼죠? 좀 알아봐주세요",그래서 제가 설치를 진행했는데 설치를 완료했는데도 인터넷 강의가 작동이 안 되어서 좀 (여쭤보려고요)/(여쭤보려구요). 왜 안되죠? 좀 알아봐 주세요.,84,0.261905,5,16,1,2
S00005612_t0005,0005.wav,0,교육,"네, 솔직히 전부 다 하셨나요?",네. 설치 전부 다 하셨나요?,16,0.250000,3,0,1,0
S00005612_t0006,0006.wav,0,교육,"네, 뜨는 거 다 설치했고요. 필수설치랑 호텔 설치 이렇게 총 4개인가? 뜨던데 저는 필수 설치만 다운로드 했거든요 통합설타를 누르면 전부 한꺼번에 설치를 되는데 저는 필수넣지 않은 요소만 설치했어요",네. 뜨는 거 다 (설치했고요)/(설치했구요). 필수 설치랑 선택 설치 이렇게 총 (4개)/(네 개)인가? 뜨던데 저는 필수 설치만 다운로드했거든요. 통합 설치를 누르면 전부 한거번에 설치가 되던데 저는 필수 설치해야 하는 요소만 설치했어요.,135,0.274074,11,25,1,5
S00005612_t0007,0007.wav,0,교육,"원래는 귀찮아서 그냥 한번에 설치되도록 통합을 설치하는데 그 과정에서 저번에 노트북이 많이 느려졌거든요. 그래서 선택, 설치는 안 했어요 어차피 필수로 해야 하는 것만 했으면 상관없는 거죠",원래는 귀찮아서 그냥 한 번에 설치되도록 통합 설치하는데 그 과정에서 저번에 노트북이 많이 느려졌거든요. 그래서 선택 설치는 안 했어요. 어차피 필수로 해야 하는 것만 했으면 상관없는 거죠?,106,0.047170,0,3,2,1
S00005612_t0009,0009.wav,0,교육,"네 필수로 뜨는 건 전부 다 했다니까요. 그런데 다음으로 진행이 안돼요 계속해서 설치하라는 문구가 당긴청에 계속 떠요, 설치는 다 했던데",네. 필수로 뜨는 건 전부 다 했다니까요. 그런데 다음으로 진행이 안돼요. 계속해서 설치하라는 문구가 담긴 창이 계속 떠요. 설치는 다 했는데.,80,0.112500,5,4,0,1
S00005612_t0010,0010.wav,0,교육,솔직히 안 된 것 같습니다.,설치가 안된 것 같습니다.,14,0.285714,3,0,1,1
S00005612_t0011,0011.wav,0,교육,설치를 다 했는데요 그게 안 되는 이유가 설치 문제의 다른 이유가 없는 거예요,설치를 다했는데요. 그게 안 되는 이유가 설치 문제 외에 다른 또 다른이유는 없는 거에요?,50,0.240000,3,8,1,3
S00005612_t0013,0013.wav,0,교육,혹시 노트북이 아니라 그냥 일반 PC에서 하면 되거나 그런 건 없나요? 사양의 문제라든지 용량의 문제 라든지 그런 걸 전혀 없는건가요.,"음/ 혹시 노트북이 아니라. 음/ 그냥 일반 (pc)/(피 씨)에서 하면 되거나 그런 건 없나요? 사양의 문제라던지, 용량의 문제라던지 그런 건 전혀 없는 건가요? 그런 거면 다른 방법을 (시도해보려고요)/(시도해보려구요).",125,0.456000,5,51,1,10
S00005612_t0015,0015.wav,0,교육,그럼 제가 지금 다시 한번 확인해볼게요. 잠시만요,그럼 제가 지금 다시 한번 확인해볼게요. 잠시만요.,28,0.035714,0,1,0,0
S00005612_t0016,0016.wav,0,교육,제가 지금 노트북 켰고요 똑같이 동영상 간이 시작하도록 진행해볼게요 로그인하고 다운받은 목록으로 들어가서 플레이 버튼 누르는 거 맞죠?,제가 지금 노트북 (켰고요)/(켰구요). 똑같이 동영상 강의 시작하도록 진행해볼게요. 로그인하고 (다운로드한)/(다운받은) 목록으로 들어가서 플레이 버튼 누르는 거 맞죠?,95,0.231579,2,20,0,0
S00005612_t0018,0018.wav,0,교육,"토잉 600반 강의인데, 지금 제일 첫 번째 강이 우리 엔테이션 강의블레이버튼 누를게요.","네. 토익 (600반)/(육백 반) 강의인데 지금 제일 첫 번째 강의, 오리엔테이션 강의 플레이 버튼 누를게요.",62,0.338710,4,15,2,5
S00005612_t0019,0019.wav,0,교육,플레이버튼을 눌러서 프로그램 설치가 필요하다는 창이 떠서 계속 다음 눌러서 설치 진행까지 왔어요. 저보지랑 똑같아요 보통 네이버나 다운 것 등 되게 도넛상체 생 툴바나 액티브랑 비슷해요,플레이 버튼 눌렀는데 프로그램 설치가 필요하다는 창이 떠서 계속 다음 눌러서 설치 진행까지 왔어요. 저번이랑 똑같아요. 보통 네이버나 다음 (같은데)/(같은데에) 동영상 재생 툴바나 액티브랑 비슷해요.,112,0.232143,15,10,1,5
S00005612_t0020,0020.wav,0,교육,필수 설치가 2개구요 선택설치가 두 개고 각각 설치를 할 수 있고 통화서치를 누르면 한꺼번에 설치된다고 뜨네요 여기서 저는 필수 서치 각각 눌러서 설치했었어요,"필수 설치가 (2개)/(두 개) (고요)/(구요), 선택 설치가 (2개)/(두 개)고 각각 설치할 수 있고 통합 설치를 누르면 (한꺼번에)/(한거번에) 설치가 된다고 뜨네요. 여기서 저는 필수 설치 각각 눌러서 설치했었어요.",125,0.352000,3,39,2,6
S00005612_t0021,0021.wav,0,교육,그런데 제가 2-3번 정도 더 설치를 해봤었거든요 아까 말씀드렸듯이 자꾸 설치를 하는데도 안 되어서요,그런데 제가 두세 번? 정도 더 설치를 해봤었거든요? 아까 말씀드렸듯이 자꾸 설치를 하는데도 안되어서요.,58,0.120690,3,3,1,2
S00005612_t0022,0022.wav,0,교육,"그런데 노트북 자체의 프로그램은 설치가 된 게 맞는 것 같아요. 왜냐하면 설치하려는 프로그램이 인유설치되어 있다는 무구가 뜨고요. 착재하고 재설파를 할지, 터보슬질 선택한 하나는 차기도요 어떤 건지 아시죠?","그런데 노트북 자체에 프로그램은 설치가 된 게 맞는 거 같아요. 왜냐하면 설치하려는 프로그램이 이미 설치되어있다는 문구가 뜨고요, 삭제하고 재설치를 할지, (덮어씌우지)/(덮어씌울지) 선택하라는 창이 떠요. 어떤 건지 아시죠?",126,0.269841,21,12,1,4
S00005612_t0023,0023.wav,0,교육,이런 문구가 뜨는 거면 제 노트북에 어떤 문제가 있는 것이 아니라 인간 홈피티 좀 문제가 있는 거 아닌가요? 아니면 혹시 선택 설치까지 전부 다 설치하는 건가요 불안해서 그거 싫은데 왜 이러죠,이런 문구가 뜨는 거면 제 노트북에 어떤 문제가 있는 것이 아니라 인강 홈페이지 쪽 문제가 있는 건 아닌가요? 아니면 혹시 선택 설치까지 전부 다 설치해야 하는 건가요? 불안해서 그건 싫은데요. 왜 이런 거죠?,117,0.145299,7,10,0,2
S00005612_t0024,0024.wav,0,교육,선택소지도 하실 곳을 전해 드립니다.,선택 설치도 하실 것을 권유드립니다.,20,0.350000,5,1,1,2
S00005612_t0025,0025.wav,0,교육,선택 설치도 해야 한다고요. 저번에 몸으로 모두 다 설치했다가 눈톱이 엄청 느려져서 불안한데요,선척+ 선택 설치도 (해야한다고요)/(해야한다구요)? 저번에 뭐 모르고 다 설치했다가 노트북이 엄청 느려져서 불안한데요.,67,0.388060,7,17,2,2
S00005612_t0026,0026.wav,0,교육,"아 제가 아까 주변 지인한테 물어봤는데 제 유튜브에 기본적인 프로그램이 안 깔려 있어서 그럴 수도 있다고 하는데 그래서 선택 설치를 해야 하는 게 한 대서 그럴 수 있다네요. 그러니까 저는 선택, 설치 요소까지 다 통합설치하는 게 좋겠네요","아/ 제가 아까 주변 지인한테 물어봤는데 제 노트북에 기본적인 프로그램이 안 깔려있어서 그럴 수도 있다고 하는데, 그래서 선택 설치해야 하는 게 안돼서 그럴 수도 있다네요. 그러니까 저는 선택 설치 요소까지 다 통합 설치하는 게 좋겠네요?",133,0.112782,5,5,5,4
S00005612_t0027,0027.wav,0,교육,그렇군요 감사합니다. 그럼 제가 한번 더 시도해보고 그때도 안되면 또 문의 전화 드릴게요,그렇군요. 감사합니다. 그럼 제가 한번 더 시도해보고 그때도 안되면 또 문의전화드릴게요.,49,0.081633,0,2,2,2
S00005612_t0028,0028.wav,0,교육,네 감사합니다 한국어학원 김민수였습니다.,네. 감사합니다. 한국어학원 김민수였습니다.,24,0.083333,0,2,0,0
S00011201_t0015,0015.wav,0,교육,그래도 교육은 재밌고 좋아요.,그래도 교육은 재밌고 좋아요.,16,0.000000,0,0,0,0
S00011201_t0023,0023.wav,0,교육,끝까지 마무리를 하셔야 해요.,"네, 끝까지 마무리를 하셔야해요.",18,0.222222,0,3,1,2
S00011220_t0008,0008.wav,0,교육,아 그렇게 하는 거면 어쩐지 있을 것 같은데 아무리 찾아보더라고요.,아/ 그렇게 하는군요. 어쩐지 있을 거 같은데 아무리 찾아봐도 없더라고요.,41,0.219512,5,4,0,2
S00011220_t0009,0009.wav,0,교육,기왕을 한 번 치는다.,학습기기가 사용하기 쉬운 편은 아닌 거 같아요.,26,0.807692,7,14,0,3
S00011220_t0023,0023.wav,0,교육,손질 때 책 보면 잘 안 되겠죠?,시험 칠 때 책 보면서 하면 안 되겠죠? n/,25,0.400000,3,7,0,2
S00011220_t0051,0051.wav,0,교육,온 것만 되면 확실하게 재생을 거야.,무거운 것만 빼면 학습기기 잘 산거 같아요.,24,0.625000,11,4,0,1
S00011272_t0017,0017.wav,0,교육,돌아사면 까먹긴 한데 들을때는 재밌습니다.,돌아서면 까먹긴 (하는데)/(한데) 들을 때는 재밌습니다.,32,0.312500,1,9,0,1
S00011272_t0029,0029.wav,0,교육,시간을 좀 늘려줄 수는 없나요?,시간을 좀 늘려줄 수는 없나요?,17,0.000000,0,0,0,0
S00011272_t0038,0038.wav,0,교육,단말이게 좀 무거워요,단말기가 좀 무거워요.,12,0.250000,2,1,0,0
S00011272_t0042,0042.wav,0,교육,지금 돌대고 다니는 기분이에요.,무슨 돌 들고 다니는 기분이에요.,18,0.222222,3,1,0,1
S00011278_t0051,0051.wav,0,교육,무거운 것만 빼면 핫스피게 잘 잔 것 같아요,무거운 것만 빼면 학습기기 잘 산거 같아요.,24,0.333333,6,1,1,1
S00011288_t0006,0006.wav,0,교육,45일 기능이 없거든요. 아무리 찾아봐도 없네요 이거,다시 보기 기능이 없거든요. 아무리 찾아도 없네요. 이거,31,0.225806,3,3,1,1
S00011288_t0012,0012.wav,0,교육,성적 삭제는 안 되나요? 누가 볼 거 겁나서요.,어/ 그/ 성적 삭제는 안 되나요? 누가 (볼까)/(볼거) 겁나서요.,38,0.342105,1,12,0,3
S00011288_t0025,0025.wav,0,교육,"네, 끝까지 마무리 하셔야 돼요.","네, 끝까지 마무리하셔야 돼요.",17,0.058824,0,0,1,1
S00011288_t0028,0028.wav,0,교육,시간을 좀 늘려줄 수는 없나요?,아/ 시간+ 시간을 좀 늘려줄 수는 없나요?,24,0.291667,0,7,0,2
S00011317_t0015,0015.wav,0,교육,그래도 결국은 재미있고 좋아요,그래도 교육은 재밌고 좋아요.,16,0.312500,3,1,1,0
S00011317_t0051,0051.wav,0,교육,무벙것만 빼면 학습기기에 잘 산 것 같아요,무거운 것만 빼면 학습기기 잘 산거 같아요.,24,0.291667,2,3,2,2
S00011385_t0004,0004.wav,0,교육,매일 즐겁게 슥슥컵샷 기기를 훈쇼핑해서 구입했는데요,"네, 제가 귀에 쏙쏙쏙 학습기기를 홈쇼핑에서 구입을 했는데요?",34,0.529412,12,6,0,4
S00011385_t0006,0006.wav,0,교육,짜지보기 기능이 없어서요 아무리 찾아 봐도 없네요,다시 보기 기능이 없어서요. 아무리 찾아봐도 없네요.,29,0.206897,2,3,1,2
S00011385_t0010,0010.wav,0,교육,제가 기계를 잘 못 따라서 그런 건지 어렵네요,제 기계를 잘 못 다뤄서 그런 건지 어렵네요.,25,0.160000,2,1,1,0
S00011385_t0014,0014.wav,0,교육,이런 성적이 아주 엉망증상이라 기록이 남는 게 민망하더라고요.,이런/ 성적이+ 아무+ 성적이 아주 엉망징창이라서 기록이 남는 게 민망하더라고요.,45,0.288889,2,11,0,2
S00011385_t0023,0023.wav,0,교육,시원치 때 택구면서 하면 안 되죠.,시험 칠 때 (책)/(택) 보면서 하면 안 되죠?,27,0.444444,4,8,0,2
S00011385_t0024,0024.wav,0,교육,근데 로그요? 그러면 시험치던 게 다 리스티트더라구요.,o/ 근데 로그아웃을 하면 시험 치던 게 다 리셋이 (되더라고요)/(되더라구요). 네.,48,0.541667,8,18,0,6
S00011618_t0018,0018.wav,0,교육,감사합니다.,"o/ 네, 아/ 다행입니다.",15,0.800000,3,9,0,3
S00012762_t0017,0017.wav,0,교육,아이가 나슬라니 가리는 성격인데 너무 뚝뚝하지 않은 선생님. 이것은 좋겠어요 예전에 학원 선배님이 많이 뚝도 가셔서 아이가 많이 무서웠거든요,"아이가 낯을 많이 가려+ 가리는 성격인데, 너무 무뚝뚝하지 않은 선생님이었으면 좋겠어요. 예전에 학원 선생님이 많이 무뚝뚝하셔서 아이가 많이 무서워했거든요.",87,0.287356,14,10,1,4
S00012762_t0026,0026.wav,0,교육,혹시 한 자말고 초등학생 이야기 괜찮은 감옥이 뭐가 있을까요? 주준영 키울 수 있는 감오키만 좋을 것 같아요.,혹시 한자 말고 초등학생이 하기 괜+ 괜찮은 과목이 뭐가 있나요? 집중력을 키울 수 있는 과목이면 좋을 것 같아요.,64,0.312500,15,4,1,3
S00012762_t0032,0032.wav,0,교육,브로맨티드 6만원에 수확 1만원까지 10만 원이네 며칠 몇일 이금해 드리면 되나요?,그럼 한자 (60000원)/(육만 원)에 수학 (40000원)/(사만 원)까지 (100000원)/(십만 원)이네요. 매달 며칠에 입금해 드리면 되나+ 되나요?,88,0.613636,12,42,0,4
S00012762_t0036,0036.wav,0,교육,그럼 신경 써줘,o/ 네 가능합니다. 대신 현금영수증은 안 됩니다. 그럼 신경써서,36,0.861111,1,29,1,8
S00012860_t0023,0023.wav,0,교육,"아, 과연 학교하고 수행학원에 가는 날은요. 더 길어가는 거라 제가 잠시 착각했어요",아/ 화요일은 하교하고 수영 학원에 가는 날이네요. 격 주로 가는 거라 제가 잠시 착각했어요.,52,0.288462,9,6,0,2
S00012914_t0029,0029.wav,0,교육,네 서로 다른 문이 배정될 겁니다.,네 서로 다른 분이 배정될 겁니다.,19,0.052632,1,0,0,0
S00012936_t0023,0023.wav,0,교육,하이웨일은 사경하고 수영학원에 가는 날인데요. 격주로 가는 거라 제가 좀 착각했어요,아/ 화요일은 하교하고 수영 학원에 가는 날이네요. 격 주로 가는 거라 제가 잠시 착각했어요.,52,0.269231,8,6,0,3
S00013081_t0001,0001.wav,0,교육,안녕하십니까. 한참한차 배우지학서치상담사 홍길동입니다,안녕하십니까. (1)/(한) 자 (1)/(한) 자 배우자 학습지 상담사 홍길동입니다.,47,0.489362,5,18,0,5
S00013081_t0002,0002.wav,0,교육,안녕하세요 한자 배워보고 싶어서요,안녕하세요 한자 배워보고 싶어서요.,19,0.052632,0,1,0,0
S00013081_t0003,0003.wav,0,교육,중학교 때 한자 수업이 있었는데 그때는 한자를 왜 배워야 하는지 솔직히 잘 모르겠더라고요.,중학교 때 한자 수업이 있었는데 그때는 한자를 왜 배워야 하는지 솔직히 잘 (모르겠더라고요)/(모르겠더라구요).,62,0.193548,0,12,0,0
S00013081_t0005,0005.wav,0,교육,근데 나이 들고 직장생활 하다 보니까 한 자리 배워야 할 이유를 알겠더라구요.,근데 나이 들고 직장 생활하다 보니까 한자를 배워야 할 이유를 (알겠더라고요)/(알겠더라구요).,53,0.283019,1,12,2,3
S00013081_t0006,0006.wav,0,교육,우리 말 대부분이 한자에서 오기도 했으니 이해력을 돕기 위해서라도 기본적인 한 자 정도는 알고 있어야겠다라는 생각이 들었어요.,우리말 대부분이 한자에서 오기도 했으니 이해력을 돕기 위해서라도 기본적인 한자 정도는 알고 있어야겠다는 생각이 들었어요.,67,0.044776,0,0,3,2
S00013081_t0007,0007.wav,0,교육,한자를 어릴 때부터 배우면 어휘력과 사고력이 길러진다고 하는데 정말 그래요?,한자를 어릴 때부터 배우면 어휘력과 사고력이 길러진다고 하던데 정말 그래요?,42,0.023810,1,0,0,0
S00013081_t0008,0008.wav,0,교육,"네 그렇습니다. 한자를 배우면 우리만 이해하기도 쉽고, 우리의 70%가 한자로 이루어져 있어요",네. 그렇습니다. 한자를 배우면 우리말 이해하기도 쉽고 우리말 (70%)/(칠 십 퍼센트) 가 한자로 이루어져 있어요.,66,0.272727,2,15,1,3
S00013081_t0011,0011.wav,0,교육,지금은 다 큰 성인인데 너무 늦지 않았을까요? 지금 배우는 것도 언젠가는 도움이 되겠죠,지금은 다 큰 성인인데 너무 늦지 않았을까요? 지금 배우는 것도 언젠가는 도움이 되겠죠?,49,0.020408,0,1,0,0
S00013081_t0012,0012.wav,0,교육,매움은 끝도 없다고 하잖아요,네. 배움은 끝도 없다고 하잖아요.,19,0.263158,1,4,0,1
S00013092_t0001,0001.wav,0,교육,"안녕하십니까. 한자, 한자 배우자 구치생남사 홍글동입니다",안녕하십니까. (1자)/(한 자) 배우자 학습지 상담사 홍길동입니다.,38,0.394737,8,7,0,3
S00013222_t0005,0005.wav,0,교육,근데 나이 들고 직장하다보니까 한자를 배워야 알기율로 알겠으라고요.,u/ 근데 나이 들고 직장 생활하다 보니까 한자를 배워야 할 이유를 (알겠더라고요)/(알겠더라구요).,56,0.428571,5,19,0,4
S00013222_t0011,0011.wav,0,교육,지금은 다 큰 성인인데 너무 늦지 않았을까요? 지금 배우는 것도 언젠가 도움이 되겠죠.,지금은 다 큰 성인인데 너무 늦지 않았을까요? 지금 배우는 것도 언젠가는 도움이 되겠죠?,49,0.040816,1,1,0,0
S00013265_t0003,0003.wav,0,교육,중학교 때 한차 수업이 있었는데 그때는 환자를 외 배워야 된 솔직히 잘 모르겠더라고요.,중학교 때 한자 수업이 있었는데 그때는 한자를 왜 배워야 되는지 솔직히 잘 (모르겠더라고요)/(모르겠더라구요).,62,0.290323,4,14,0,0
S00013265_t0004,0004.wav,0,교육,"네, 어렸을 때니까 그럴 수 있어요.",네. 어릴 때니 그럴 수 있어요.,18,0.222222,2,0,2,0
S00013265_t0012,0012.wav,0,교육,"네, 배우는 끝도 없다고 하잖아요.",네. 배움은 끝도 없다고 하잖아요.,19,0.157895,3,0,0,0
S00013265_t0031,0031.wav,0,교육,아 그런 선생님은 선택할 수 없나 보네요. 근데 한자를 정말 하나도 몰라서 테스트 받는 것도 부끄러워요,아/ 그럼 선생님은 선택할 수 없나 보네요. 근데 한자를 정말 하나도 몰라서 테스트받는 것도 부끄러워요.,58,0.068966,1,2,1,1
S00013276_t0002,0002.wav,0,교육,한 자 배워보고 싶어서요.,안녕하세요. 한자 배워보고 싶어서요.,20,0.350000,1,6,0,0
S00013276_t0003,0003.wav,0,교육,중학교 때 한자 수업이 있었는데 그때는 한자를 왜 외워야 하는지 솔직히 잘 모르겠더라고요.,o/ 중학교 때 한자 수업이 있었는데 그때는 한자를 왜 배워야 하는지 솔직히 잘 (모르겠더라고요)/(모르겠더라구요).,65,0.246154,1,15,0,1
S00013276_t0005,0005.wav,0,교육,근데 나이 들고 직장생활하다 보니까 한자를 배워야 할 이유를 알겠더라고요.,근데 나이 들고 직장 생활하다 보니까 한자를 배워야 할 이유를 (알겠더라고요)/(알겠더라구요).,53,0.226415,0,12,0,1
S00013276_t0006,0006.wav,0,교육,"올발대 부분이 한세서 오기도 했고, 이 일요일을 놓기 위혈하고 기본적인 한지 정도는 알고 있어야겠다는 생각이 들었어요.",o/ n/ 우리말 대부분이 한자에서 오기도 u/ 이해력을 돕기 위해서라도 기본적인 한자 정도는 알고 있어야겠다라는 생각이 들었어요.,73,0.356164,13,10,3,3
S00013276_t0011,0011.wav,0,교육,지금은 다 큰 성인인데 너무 늦지 않아 줄까요? 직원 따는 것도 언젠가는 도움이 되겠죠.,o/ 지금은 다 큰 성인인데 너무 늦지 않았을까요? 지금 배우는 것도 언젠가는 도움이 되겠죠?,52,0.211538,6,4,1,2
S00013276_t0021,0021.wav,0,교육,이건 다 하고 나서 무슨 개념으로 다시 한 번 할 수 있는지 생각하고 하는 데는 거죠.,이거는 다 하고 나서 복습 개념으로 다시 (1번)/(한 번) 훑어준다 생각하고 하면 되는 거죠?,53,0.358491,14,5,0,2
S00013276_t0026,0026.wav,0,교육,문화재송역 교재도 같이 추가하세요. 춥박금이 얼마 정도 밝히면,그럼 한자성어 교+ 교재도 같이 추가해주세요. 그럼 추가금 얼마 정도 발생하나요?,45,0.533333,13,11,0,3
S00013299_t0012,0012.wav,0,교육,내 배우는 끝도 없다고 하잖아요.,"네, 배움은 끝도 없다고 하잖아요.",19,0.210526,3,1,0,0
S00013299_t0024,0024.wav,0,교육,"이번 한차 배우는 거, 한차 정워도 많이 공부하고 싶은데...",이왕 한자 배우는 거 한자성어도 많이 공부하고 싶은데 한자성어 교재도 따로 추가해야 하는 건,51,0.568627,8,19,2,7
S00013567_t0023,0023.wav,0,교육,"이거 환자 배우는 거, 한차송호도 많이 공부하고 싶은데.",o/ n/ 네. 이왕 한자 배우는 거 한자성어도 많이 공부하고 싶은데 한자성어 교재도 따로 추가해야 하는 건가요?,63,0.634921,6,33,1,9
S00013582_t0014,0014.wav,0,교육,네 맞습니다.,"o/ n/ 네, 맞습니다. 하던데요?",20,0.650000,0,13,0,3
S00014320_t0005,0005.wav,0,교육,근데 나이 들고 직장 생활을 하다 보니까 한잔에 배워할 이유를 알겠더라고요. 그렇죠,o/ n/ 근데 나이 들고 직장 생활하다 보니까 한자를 배워야 할 이유를 (알겠더라고요)/(알겠더라구요). 그렇죠.,64,0.375000,2,20,2,4
S00014320_t0036,0036.wav,0,교육,"43,000원입니다.",o/ n/ u/. (43000원)/(사만 삼천 원)입니다.,32,0.718750,2,21,0,5
S00014988_t0001,0001.wav,0,교육,안녕하세요. 어르신 한글 공부 가르쳐 준다고 하셔서 전화했는데 정원 나갑니까요?,안녕하세요. 어르신 한글 공부 가르쳐준다고 하셔서 전화했는데 정원 마감일까요?,43,0.093023,3,0,1,1
S00014988_t0002,0002.wav,0,교육,다행이네요 할머니께서 뒤늦게 한글 배우고 싶다고 하셨어요. 무슨 한글 공부냐고 하셨지만 평생 한이라고 꼭 배워보고 싶다 가시네요,어/ 다행이네요. 할머니께서 뒤늦게 한글 배워고 싶다고 하셔서요. 뒤늦게 한+ 무슨 한글 공부냐고 하였지만 평생의 한이라고 꼭 배워보고 싶다고 하시네요.,85,0.223529,5,14,0,3
S00014988_t0003,0003.wav,0,교육,배우면 끝이 없는가봐요. 연쇄 탈순위 코압이신 내도 한국 공부에 대한 학구열리기 굉장하세요,배움은 끝이 없는가 봐요. 연세 (80)/(팔순)이 코 앞이신데도 한글 공부에 대한 학구열이 굉장하세요.,58,0.362069,9,10,2,3
S00014988_t0009,0009.wav,0,교육,다음 모험 순서대로 다 배우고 한국의 원리 같은 것도 설명해 주시는 건가요?,자음 모음 순서대로 다 배우고 한글의 원리 같은 것도 설명해 주시는 건가요?,42,0.071429,3,0,0,0
S00014988_t0010,0010.wav,0,교육,"그러고 나서 배운 거를 토대로 문자 읽기, 신문 읽기는 것도 하는 거예요.","그러고 나서 배운 글을 토대로 문자 읽기, 신문 읽기 (같은)/(라는) 것도 하는 건가요?",50,0.280000,5,9,0,1
S00014988_t0011,0011.wav,0,교육,"인터넷 강의인데 어떤 식으로 문자 읽는지 궁금하네요. 아, 인터넥강의라고 해도 화상으로 서로 얼굴 보고 하니까 선생님께서 화면으로 문자를 열어주시면 할머니께서 있는 방식인가요?",인터넷 강의인데 어떤 식으로 문자 읽는 건지 궁금하네요. 아/ 인터넷 강의라고 해도 화상으로 서로 얼굴 보고하니까 선생님께서 화면으로 문자를 보여주시면* 할머니께서 읽는 방식인가요?,101,0.099010,5,4,1,3
S00014988_t0018,0018.wav,0,교육,최색이라면 색칠하는 거 맞나요?,채색이라 하면 색칠하는 거 맞나요?,19,0.157895,1,2,0,1
S00014988_t0019,0019.wav,0,교육,그렇다면 이건 따로 교제가 있겠어요 이것만 교제가 있는 건지 한글 수업도 따로교제가 있는 건가요?,그렇다면 이건 따로 교재가 있겠어요? 이거만 교재가 있는 건지 한글 수업도 따로 교재가 있는 건가요?,56,0.107143,4,2,0,1
S00014998_t0001,0001.wav,0,교육,안녕하세요. 어르신 한글 공부 가르쳐 준다고 전화했는데 정원 나갑니까요?,안녕하세요. 어르신 한글 공부 가르쳐준다고 하셔서 씁/ 전화했는데 정원 마감일까요?,46,0.239130,3,7,1,3
S00014998_t0002,0002.wav,0,교육,"다행이네요. 할머니께서 뒤늦게 한글 배워보고 싶다고 하셔서 뒤늑게 무슨 한글 공부라고 했지만, 전생의 한이라고 꼭 배워 보고 싶다고하시네요",다행이네요. 할머니께서 뒤늦게 한글 배우고+ 배워보고 싶다고 하셔서. 뒤늦게 무슨 한글 공부냐고 했지만 평생의 한이라고 꼭 배워보고 싶다고 하시네요.,83,0.156627,3,8,2,3
S00014998_t0003,0003.wav,0,교육,매움은 끝이 없는가 봐요. 옛날에 팔순이 과핏인데도 한국 공부에 대한 학구에게 굉장히 하세요,배움은 끝이 없는가 봐요. 연세 (80)/(팔순)이 코 앞이신데도 한글 공부에 대한 학구열이 굉장하세요.,58,0.379310,11,9,2,4
S00014998_t0004,0004.wav,0,교육,한국 공부하시기에 너무 늦은 것 아닌가 싶어요. 너무 연대도 많으셔서 잘 따라할 수 있을지 걱정이네요,한글 공부하시기에 너무 늦으신 것 아닌가 싶어요. 너무 연세도 많으셔서 잘 따라 하실지 걱정이네요.,55,0.181818,5,2,3,1
S00014998_t0005,0005.wav,0,교육,아 그렇다면 다행이네요 수업 알아본다고 하니까 할머니께서 너무 좋아하세요 이럴 줄 알았으면 진짜 가라보고 해드릴 걸 그랬어요,아/ 그렇다면 다행이네요. 수업 알아본다고 하니까 할머니께서 너무 좋아하세요. 이럴+ 이럴 줄 알았으면 진작 알아보고 해 드릴 걸 그랬어요.,78,0.153846,3,9,0,2
S00014998_t0006,0006.wav,0,교육,할머니 편생소원이 신문 읽어보신 거라고 하시네요. 당장 컴퓨터도 썼던 분이신데 인터넷 강의로 수업 듣기는 무리가 있지 않을까요?,할머니 평생소원이 신+ 신문 읽어보시는 거라고 하시네요. 당장 컴퓨터도 서툰 분이신데 인터넷 강의로 수업 듣기에는 무리가 있지 않을까요?,76,0.118421,4,5,0,1
S00014998_t0007,0007.wav,0,교육,강인 시작 전 컴퓨터 저는 켜고 끄고만 하면 되는 거죠 다 주게 해놓고 할머니 부르려고요,"강의 시작 전 컴퓨터 전원 켜고, 끄고만 하면 되는 거죠? 다 준비해놓고 할머니 부르려고요.",51,0.176471,5,3,1,1
S00014998_t0008,0008.wav,0,교육,그럼 아주 어려울 건 없어 보이네요. 할머니 한국 공부 알아보다보니 저 어릴 때와 한국을 공부했던 기억이 나네요,"네, 그럼 아주 어려울 거는 없어 보이네요. 할머니 한글 공부 알아+ 알아보다 보니 저 어릴 때 한글 공부했던 기억이 나네요.",70,0.214286,3,10,2,3
S00014998_t0009,0009.wav,0,교육,다음 몸 순서대로 배우와 한국의 원리 같은 것도 설명해 주시는 건가요?,자음 모음 순서대로 다 배우고 한글의 원리 같은 것도 설명해 주시는 건가요?,42,0.166667,4,3,0,1
S00014998_t0010,0010.wav,0,교육,"인터넷 강의인데 어떤 식으로 문자 읽는 건지 궁금하네요. 아, 인터넥 강의라고 해도 화상으로 서로 얼굴 보고 하니까 선생님께서 화면으로 문자를 보여주시면 할머니께서 읽은 방식인가요?",인터넷 강의인데 어떤 식으로 문자 읽는 건지 궁금하네요. 아/ 인터넷 강의라고 해도 화상으로 서로 얼굴 보고하니까 선생님께서 화면으로 문자를 보여주시면 할머니께서 읽는 방식인가요?,100,0.040000,3,0,1,1
S00014998_t0011,0011.wav,0,교육,수업이라고 하면 항상 대면 수업으로 받아와서 인터넷 강의는 좀 생소할 수 있겠네요.,아/ 수업이라고 하면 항상 대면 수업으로만 받아와서 인터넷 강의는 좀 생소할 수는 있겠네요.,51,0.098039,0,5,0,1
S00014998_t0012,0012.wav,0,교육,저도 그런데 할머니께서 또 생소하실 것 같아요. 생소한 만큼 신기할 수 있을 것 같네요. 세상 참 좋아졌다면 좋아하실 것 같기도 해요,저도 그런데 할머니께서 더 생소하실 거 같아요. 생소한 만큼 신기해할 수 있을 거 같네요. 세상 참 좋아졌다며 좋아하실 거 같기도 해요.,76,0.092105,5,2,0,0
S00014998_t0013,0013.wav,0,교육,수업드리려고 일부러 밖으로 외출 안 하셔도 되고 시간만 맞춰서 컴퓨터 앞에 앉아 계시면 되니까 편할 것 같네요.,수업 들으려고 일부러 밖으로 외출 안 하셔도 되고 시간만 맞춰서 컴퓨터 앞에 앉아+ 가+ 앉아 계시면 되니까 편할 거 같네요.,70,0.157143,3,8,0,3
S00014998_t0014,0014.wav,0,교육,학습기기는 꼭 컴퓨터로만 가능한 건지 아니면 탭으로도 수업할 수 있는 건가요?,학습 기기는 꼭 컴퓨터로만 가능한 건지 아니면 탭으로도 수업할 수 있는가요?,42,0.071429,0,1,2,2
S00014998_t0015,0015.wav,0,교육,컴퓨터보다 탭이 조금 더 간편할 수도 있을 것 같네요.,컴퓨터보다는 탭이 조금 더 간편할 수도 있을 거 같네요.,31,0.064516,1,1,0,0
S00014998_t0016,0016.wav,0,교육,"외국의 나라, 한국 공부 말고도 여러 가지 수업이 있던데 어르신들 위주로 하시는 수업들이 최색수업이랑 여교실 컴퓨터도 있는데 맞나요?",배움의 나라 한글 공부 말고도 여러 가지 수업이 있던데. 어르신들 위주로 할 수 있는 수업들이 채색 수업이랑 영어교실 컴퓨터도 있던데 맞나요?,79,0.189873,8,6,1,3
S00014998_t0017,0017.wav,0,교육,흰색이라면 색칠을 하는 거 맞나요?,채색이라 하면 색칠하는 거 맞나요?,19,0.263158,1,2,2,2
S00014998_t0018,0018.wav,0,교육,그렇다면 이건 따로 교제가 있겠어요? 이것만 교제가 있는건가 한국 수업도 따로교제가 있는 건가요,그렇다면 이건 따로 교재가 있겠어요? 씁/ 이거만 교재가 있는 건지 한글 수업도 따로 교재가 있는 건가요?,59,0.203390,6,6,0,3
S00014998_t0019,0019.wav,0,교육,월 수업료에 교재비도 포함된 건가요?,월 수업료에 교재비도 포함된 건가요?,20,0.000000,0,0,0,0
S00014998_t0020,0020.wav,0,교육,"중3의 수업인 5레일 수요일, 금요일 이렇게 수업이 진행되는 것 같나요? 만약 최색수업도 같이 하게 된다면 오전 5호 나눠서 가능한 건가요",주 (3회)/(삼 회) 수업이면 월요일 수요일 금요일 이렇게 수업이 진+ 진행되는 거 맞나요? 만약 채색 수업도 같이하게 된다면 오전 오후 나눠서도 가능한가요?,89,0.337079,10,16,4,6
S00014998_t0021,0021.wav,0,교육,시간팬 어디서 볼 수 있나요?,시간표는 어디서 볼 수 있나요?,17,0.117647,1,1,0,0
S00014998_t0022,0022.wav,0,교육,네 감사합니다. 그럼 시각해드리고 제가 원하는 시간 때의 접속에서 수업 들으면 되는 건가요? 지금 보니까 이것도 신청을 해야하네요,"네, 감사합니다. 그럼 시간표대로 제가 원하는 시간대에 접속해서 수업 들으면 되는 건가요? 아/ 지금 보니까 이것도 신청을 해야 하네요.",76,0.197368,7,6,2,3
S00014998_t0023,0023.wav,0,교육,"할머니께서 오전이 편하시다고 하시는데, 오전에 자리가 남았는지 확인을 해봐야겠네요.","네, 할머니께서 오전이 편하시다고 하시는데 오전에 자리가 남았는지 확인부터 해봐야겠네요.",49,0.122449,1,4,1,1
S00014998_t0024,0024.wav,0,교육,네 마침 두 자리가 남아 있네요 다행이네요 오중간하게 OES 수업할지 시간 애매하다고 싫어할 것 같았는데 오전부터 시작하면 괜찮을 거 같네요 지금 바로 신청해야겠어요 오늘 하루 수업하세요,때마침 (2자리)/(두 자리)가 남아있네요. 다행이네요. 어중간하게 오후에 수업하시면 시간 애매하다고 싫어하실 거 같았는데 오전부터 시작하면 괜찮을 거 같네요. 지금 바로 신청해야겠어요. 오늘 하루 수고하세요.,117,0.230769,10,15,2,2
S00015018_t0001,0001.wav,0,교육,안녕하세요. 어르신 한글공부 아래에 수준다고 하셔서 전화했는데 저는 막아야될까요?,안녕하세요. 어르신 한글 공부 가르쳐준다고 하셔서 전화했는데 전원 마감일까요?,43,0.279070,8,1,3,2
S00015058_t0004,0004.wav,0,교육,상을 공부하시기에 너무 늦으신 게 아닌가 싶었어요. 너무 연세도 맞면서 잘 따라 하실지 걱정이네요,한글 공부하시기에 너무 늦은+ 늦으신 게 아닌가 싶어요. 너무 연세도 많으셔서 잘 따라 하실지 걱정이네요.,59,0.186441,4,6,1,1
S00015058_t0020,0020.wav,0,교육,수업률의 규절비도 포함된 건가요?,월 수업료에 교재비도 포함된 건가요?,20,0.300000,4,2,0,1
S00015058_t0022,0022.wav,0,교육,시각 표현 어디서 볼 수 있을까요?,시간표는 어디서 볼 수 있을까요?,18,0.166667,2,0,1,1
S00015116_t0001,0001.wav,0,교육,안녕하세요. 어르신 한글공부 가르쳐준다고 하셔서 전화했는데 정원 막아낼까요?,안녕하세요. 어르신 한글 공부 가르쳐준다고 하셔서 전화했는데 정원 마감일까요?,43,0.093023,3,1,0,1
S00015136_t0001,0001.wav,0,교육,중학교 때 한차 서비스 있었는데 그때는 한차를 왜 배워야 하는지 솔직히 잘 모르겠더라고요.,"중학교 때 한자 수업이 있었는데, 그때는 한자를 왜 배워야 하는지 솔직히 잘 모르겠더라고요.",51,0.117647,5,1,0,0
S00015136_t0002,0002.wav,0,교육,근데 나이 되고 직전생활하다 보니까 한 차례 비어야 할 이유를 알겠더라고요.,근데 나이 들고 직장 생활하다 보니까 한자를 배워야 할 이유를 알겠더라고요.,42,0.190476,6,1,1,2
S00015136_t0003,0003.wav,0,교육,우리 말 대부분이 한자에서 오기도 했으니 이해력을 돕기 위해서라도 기본적인 한 자 정도는 알고 있어야겠다라는 생각이 들었어요.,우리말 대부분이 한자에서 오기도 했으니 이해력을 돕기 위해서라도 기본적인 한자 정도는 알고 있어야겠다는 생각이 들었어요.,67,0.044776,0,0,3,2
S00015136_t0004,0004.wav,0,교육,간째를 어릴 때부터 배우면 어휘력과 사고력이 길러진다고 하던데 정말 그래,한자를 어릴 때부터 배우면 어휘력과 사고력이 길러진다고 하던데 정말 그래요?,42,0.095238,2,2,0,0
S00015136_t0008,0008.wav,0,교육,그렇다면 방문학 수준 가격이 조금 더 비싸겠네요.,그렇다면 방문학습지는 가격이 조금 더 비싸겠어요.,27,0.148148,4,0,0,1
S00015136_t0012,0012.wav,0,교육,이거는 다 하고 나서 복습 개념으로 다시 한번 훑어준다 생각하고 하면 되는 거죠,이거는 다 하고 나서 복습 개념으로 다시 한번 훑어준다 생각하고 하면 되는 거죠?,45,0.022222,0,1,0,0
S00015136_t0013,0013.wav,0,교육,박스치도 재개적으로 할 수 있게 되어 있는 것 같았는데요.,학습지도 체계적으로 할 수 있게 되어 있는 거 같아서 좋네요.,34,0.323529,9,2,0,1
S00015136_t0017,0017.wav,0,교육,그런 선생님을 선택할 수도 있는,그럼 선생님은 선택할 수도 있는 건가요?,22,0.318182,2,5,0,1
S00015136_t0022,0022.wav,0,교육,알겠습니다. 그럼 그냥 방문 학수 주로 해야겠어요 매주 화요일이나 목요일 하고 싶은데 가능할까요? 퇴근하고 해야하니 이 시간은 저녁 7시 정도가 되어야 할 것 같은데 너무 늦지 않나,알겠습니다. 그럼 그냥 가정방문 학습지로 해야겠어요. 매주 화요일이나 목요일 하고 싶은데 가능할까요? 퇴근하고 해야 하니 시간은 저녁 (7시)/(일곱 시) 정도가 되어야 할 건데 너무 늦지 않나요?,110,0.218182,3,15,6,5
S00015136_t0024,0024.wav,0,교육,아 그렇군요 알겠습니다 다른 데 한 곳 더 알아보고 결정해야겠네요 상당히 감사합니다,아/ 그렇군요. 알겠습니다. 다른데 (1)/(한) 곳 더 알아보고 결정해야겠네요. 상담 감사합니다.,55,0.254545,3,10,1,1
S00015157_t0001,0001.wav,0,교육,네 안녕하세요. 어르신 한글 공부 가르쳐준다고 하셔서 전했는데 정원 마감일까요?,"네, 안녕하세요. 씁/ 어르신 한글 공부 가르쳐준다고 하셔서 전화했는데 정원 마감일까요?",49,0.102041,0,5,0,1
S00015157_t0002,0002.wav,0,교육,다행이네요. 할머니께서 뒤늦게 한 걸 배워보고 싶다고 하셔서요. 뒤늑게 무슨 한걸 공부냐고 했지만 평생이 아니라고 꼭 배워 보고 싶다고하시네요,다행이네요. 그/ 씁/ 할머니께서 뒤늦게 한글 배워보고 싶다고 하셔서요. 뒤늦게 무슨 한글 공부냐고 했지만 평생의 한이라고 꼭 배워보고 싶다고 하시네요.,85,0.188235,6,8,2,5
S00015157_t0003,0003.wav,0,교육,"배움은 끝이 없는가봐요. 연세, 발순기 코앞인데도 흥을 공부에 대한 닦고열이 굉장하세요",배움은 끝이 없는가 봐요. 연세 (80)/(팔순)이 코 앞인데도 한글 공부에 대한 학구열이 굉장하세요.,57,0.298246,8,9,0,4
S00015157_t0004,0004.wav,0,교육,한국 공부하시기에 너무 늦으신 건 아닌가 싶어서요. 너무 존재도 많으셔서 잘 따라 하실지 걱정이네요,한글 공부하시기에 너무 늦으신 건 아닌가 싶어요. 너무 연세도 많으셔서 잘 따라 하실지 걱정이네요.,55,0.090909,3,1,1,0
S00015157_t0005,0005.wav,0,교육,그렇다면 다행이네요. 수업 알아본다고 했으니까 할머니께서 너무 좋아하세요 이럴 줄 알았으면 진짜 알아보고 해드릴 걸 그랬어요,그렇다면 다행이네요. 수업 알아본다고 (하니까)/(했으니까) 그/ 할머니께서 너무 좋아하세요. 이럴 줄 알았으면 진작 알아보고 해 드릴 걸 그랬어요.,83,0.180723,1,14,0,2
S00015157_t0006,0006.wav,0,교육,할머니 병생동원이 신문율과 모르는 거라고 하시네요. 당장 컴퓨터도 썼던 분이신데 인턴에 강의로 수업 듣기에는 무리가 있지 않으실까요?,할머니 평생소원이 신문 읽어보시는 거라고 하시네요. 당장 컴퓨터도 서툰 분이신데 인터넷 강의로 수업 듣기에는 무리가 있지 않으실까요?,74,0.148649,11,0,0,2
S00015157_t0007,0007.wav,0,교육,"광이 시작 전, 컴퓨터 저는 켜고 꾸금을 하면 되는거죠 다 준비해놓고 할머니 부르려구요","어/ 강의 시작 전 컴퓨터 전원 켜고, 끄고만 하면 되는 거죠? 다 준비해놓고 할머니 부르려고요.",54,0.296296,8,7,1,2
S00015157_t0009,0009.wav,0,교육,다음 몸 순서대로 다 배우고 한글의 원리 같은 것도 설명해주시는 건가요?,자음 모음 순서대로 다 배우+ 배우고 한글의 원리 같은 것도 설명해 주시는 건가요?,46,0.173913,2,6,0,2
S00015157_t0010,0010.wav,0,교육,"그러고 나서 배운 거를 토대로 문자 쓰기, 신문 읽기 같은 것도 하는 거고요.","그러고 나서 배운 글을 토대로 문자 쓰기, 신문 읽기 같은 것도 하는 (거고요)/(거구요)?",51,0.215686,3,8,0,0
S00015157_t0013,0013.wav,0,교육,저도 그런데 할머니께서는 더 생소하실 것 같아요. 생소하신 만큼 신기해할 수도 있을 거 같네요 세상 참 좋아졌다면 좋아하실 것 같기도 해요,저도 그런데 할머니께서는 더 생소하실 거 같아요. 생소하신 만큼 신기해할 수도 있을 거 같네요. 세상 참 좋아졌다며 좋아하실 거 같기도 해요.,79,0.063291,3,2,0,0
S00015157_t0014,0014.wav,0,교육,"수업들으려고 일부러 밖으로 외출 안 하셔도 되고, 시간만 맞춰서 컴퓨터 앞에 앉아만 계시면 되니까 편할 것 같아요.",수업 들으려고 일부러 밖으로 외출 안 하셔도 되고 시간만 맞춰서 컴퓨터 앞에 앉아만 계시면 되니까 편할 거 같아요.,64,0.046875,1,1,1,1
S00015157_t0015,0015.wav,0,교육,각스키기는 꼭 컴퓨터로만 가능한 건지 아니면 탭으로도 수업할 수 있는 건가요?,학습 기기는 꼭 컴퓨터로만 가능한 건지 아니면 탭으로도 수업할 수 있는가요?,42,0.142857,3,1,2,2
S00015157_t0016,0016.wav,0,교육,컴퓨터보다는 템이 조금 더 편할 수도 있을 것 같네요.,컴퓨터보다는 탭이 조금 더 편할 수도 있을 거 같네요.,30,0.066667,2,0,0,0
S00015157_t0018,0018.wav,0,교육,채색이라고 하면 색칠하는 거 맞나요?,채색이라고 하면 색칠하는 거 맞나요?,20,0.000000,0,0,0,0
S00015157_t0020,0020.wav,0,교육,그리고 월 수업류의 교재미도 포함되는 건가요?,이거 월 수업료에 교재비도 포함된 건가요?,23,0.347826,6,0,2,0
S00015157_t0024,0024.wav,0,교육,"할머니께서 오전이 편하시다고 하시는데, 오전에 자리가 남았는지 확인 부터 해봐야겠어요.","네, 할머니께서 오전이 편하시다고 하시는데 오전에 자리가 남았는지 확인부터 해봐야겠어요.",49,0.102041,0,3,2,2
