id,text,label,category,source
aug_수사기관 사칭형_0001,"여보세요, 네, 본인 김민재 씨 맞으십니까? 아, 잠깐만요. 서울중앙지방검찰청 형사부에서 연락드렸습니다. 지금 통화 가능하신지 먼저 확인드릴게요. 저희가 본인 명의로 개설된 농협 계좌가 대포통장으로 확인돼서요, 긴급으로 말씀드리는 겁니다. 뭐라고요? 농협이요? 네, 농협이고요, 하나은행 계좌도 함께 연관돼 있습니다. 아, 그러니까 본인께서 직접 개설한 적이 없다는 말씀이신 거죠? 네. 알겠습니다. 그럼 일단 안심하시고, 대신 지금부터는 제 말씀 끊지 마시고 그대로 따라와 주세요. 본 건은 단순 확인이 아니라 이미 금융사기 조직에 본인 정보가 유출된 사건으로 들어가 있습니다. 현재 압수수색 과정에서 본인 명의로 된 통장 2건이 발견됐고, 그 안에 범죄자금이 입금된 상태라서 계좌 지급정지, 그러니까 쉽게 말하면 묶는 조치가 들어가게 돼요. 묶인다고요? 네, 바로요. 지금 지금 바로 처리 안 하시면 본인 명의 전체 금융거래가 추가로 동결될 수 있습니다. 아 잠깐만요, 제가 설명을 드리면요, 이건 피해자 보호 절차입니다. 본인께서 아는 가족분, 지인분, 은행 직원분과는 연락하시면 안 됩니다. 특히 지금은 제3자에게 말씀하시면 안 돼요. 왜요? 이유가 뭐냐고요? 현재 수사망이 넓어져서 외부로 새면 범인들이 계좌를 도주 자금으로 빼돌립니다. 그러니까 비밀 유지하셔야 하고, 저희와만 진행하셔야 합니다. 이 통화는 녹취됩니다, 그리고 본인도 녹취 동의하신 걸로 기록 남습니다. 네. 지금 본인 확인을 위해 주민번호 앞자리 말씀하시고, 사용 중인 계좌가 농협 외에 하나은행, 국민은행, 기업은행 중 뭐가 있는지 말씀해 주세요. 아니 그걸 왜요? 본인 명의로 추가로 묶을 계좌가 있는지 확인하는 절차입니다. 지금 안 말씀하시면 검찰 쪽에서 일괄 압수로 넘어가요. 그러니까 지금 바로 말씀하셔야 됩니다. 아, 잠깐만요. 제가 제가 드리는 말씀이 겁주는 게 아니라, 본인 보호예요. 혹시 최근에 통장 양도, 카드 양도, 대출 조회 이런 거 하신 적 전혀 없으시죠? 없어요. 네, 좋습니다. 그럼 명의도용 피해자 가능성이 높습니다. 그럼 계좌번호 뒷자리 확인하겠습니다. 하나은행 끝 네 자리 말씀해 주세요. 잠깐만요, 메모해 두세요. 지금 바로 확인되면 동결 전 해제 절차로 돌릴 수 있습니다.",1,수사기관 사칭형,augmented_llm
aug_수사기관 사칭형_0002,"네, 경찰청 금융범죄수사대 박성호 수사관입니다. 통화 녹음 남고 있으니까 먼저 듣고 계시면 대답만 해주세요. 지금 본인 명의로 된 국민은행 통장 하나가 불법자금 세탁에 사용된 걸로 확인됐습니다. 네? 국민은행이요? 네, 국민은행 맞고요. 더 나아가서 기업은행 계좌도 압수 목록에 같이 올라와 있습니다. 저는 그런 거 없는데요? 아, 그게 아니라, 그러니까 지금 선생님 계좌가 실제로 본인이 모르는 사이에 개설됐는지, 아니면 본인이 양도했는지 확인하는 단계입니다. 본인이 아니라고 하시면 더 빨리 정리됩니다. 지금 수사 자료상으로는 3주 전에 서울 쪽 지점에서 개설된 걸로 나와 있고, 개설 즉시 대포통장으로 넘어간 흔적이 잡혔어요. 저희가 이미 계좌 지급정지 처리 해놨는데, 남은 타 계좌도 같이 묶일 수 있습니다. 묶인다고요? 네, 압수하고 동결합니다. 그럼 어떻게 하라는 겁니까? 제 말씀 끝까지 들으세요. 지금은 가족이든 친구든 누구한테도 말하지 마세요. 특히 계좌에 돈을 옮기거나, 현금 인출하거나, 은행 상담받으시면 안 됩니다. 그거 다 기록에 남습니다. 본인 보호 차원에서 비밀 유지가 필요해요. 지금부터 본인 신원 확인하고 피해자 등록 진행해야 됩니다. 이름 다시 말씀해 주세요. 네, 좋습니다. 그리고 본인 사용 은행이 국민은행, 농협, 하나은행 중 무엇인지 확인해야 합니다. 하나은행이요? 아, 하나은행도 쓰시네요. 그러면 지금 그 계좌 끝자리 두 개만 확인하겠습니다. 아니 끝자리를 왜 알려줘야 돼요? 안 알려주시면 본인 명의로 된 다른 계좌까지 같이 묶일 수 있어서 그래요. 지금 바로 알려주세요. 음, 이건 제가 설명을 좀 드리는 건데, 사건이 커지면 검찰 송치 전에 체포영장 신청까지 갈 수 있습니다. 뭐라고요? 그래서 제가 지금 이렇게 전화 드린 겁니다. 숨기실 필요 없고요. 아예 모르는 계좌면 모른다고 하시면 됩니다. 다만 모른다고만 하시면 안 되고, 계좌번호 확인은 하셔야 해요. 잠깐만요, 지금 메모하셨죠? 그러면 제가 다시 묻겠습니다. 국민은행, 하나은행, 기업은행 중 실제 사용 계좌가 어디입니까? 네? 하나은행 하나요? 알겠습니다. 그러면 하나은행 계좌번호 뒤 네 자리 불러주세요. 지금 바로요.",1,수사기관 사칭형,augmented_llm
aug_수사기관 사칭형_0003,"여보세요. 네, 금융감독원 조사지원팀입니다. 지금 본인 휴대폰으로 본인 명의 대포통장 관련 통지서가 발송될 예정이라 먼저 연락드렸습니다. 본인 성함이 이지훈 씨 맞으시죠? 네. 본 건은 단순 민원이 아니라 명의도용 범죄 연루 건입니다. 저희가 검찰청과 합동 확인한 결과, 농협 계좌와 기업은행 계좌가 불법 거래에 사용됐고, 그 명의가 본인으로 확인됐습니다. 농협이요? 저는 농협 없는데요. 아, 잠깐만요, 없다고 바로 끝나는 게 아니고요. 그러니까 본인 명의로 개설됐는데 본인이 인지 못 했을 가능성이 큽니다. 현재 계좌는 이미 지급정지 대상이고, 추가로 하나은행까지 조회 들어가 있습니다. 네? 하나은행까지요? 네, 그렇습니다. 지금 조치가 늦으면 본인 전체 금융 정보가 압수 대상으로 넘어가요. 그래서 말씀드리는 겁니다, 지금은 절대 다른 사람과 통화하시면 안 됩니다. 가족, 배우자, 지인, 은행 창구 누구도 안 됩니다. 왜요? 그쪽으로 새면 범죄자 쪽에서 회피합니다. 본인한테는 피해자 입증 기회가 있어요. 대신 지금부터는 제가 묻는 것만 답하셔야 합니다. 통화는 녹취 중이고요, 이 부분은 본인 동의로 기록됩니다. 네. 최근에 본인 신분증을 맡긴 적 있습니까? 아니요. 그럼 분실이나 사진 전송, 대출 비교 조회 같은 거 하신 적은요? 음, 그런 건 없어요. 네, 좋습니다. 그러면 명의도용 가능성이 높고, 지금부터 계좌 확인 절차만 남았습니다. 농협 계좌번호 끝 네 자리, 그리고 하나은행 끝 네 자리 말씀해 주세요. 아니 그걸 왜 지금요? 본인 명의 확인용입니다. 지금 안 하시면 동결이 길어집니다. 아, 그러니까 쉽게 말해서 지금 협조하셔야 피해자 처리로 넘어가요. 안 그러면 범죄 공범 의심으로 전환될 수도 있습니다. 네? 아니 제가 왜요? 그러니까요, 그걸 막으려고 전화드린 겁니다. 지금 바로 말씀해 주세요.",1,수사기관 사칭형,augmented_llm
aug_수사기관 사칭형_0004,"여기 서울중앙지방검찰청입니다. 전화 받으시면 끊지 마시고요, 사건번호부터 안내드리겠습니다. 저는 첨단범죄수사부 김도현 검사입니다. 본인 앞으로 개설된 국민은행 계좌가 대포통장으로 확인돼서 연락드렸습니다. 검사님이라고요? 네, 검사입니다. 그리고 추가로 농협 계좌도 같이 압수 목록에 있습니다. 본인께서는 전혀 인지 못 하셨다고요? 네. 알겠습니다. 그럼 지금부터는 제가 드리는 지시만 따라주세요. 본 사건은 이미 검거된 보이스피싱 조직과 연결돼 있고, 본인 명의 계좌가 자금 세탁에 쓰였습니다. 계좌는 이미 동결 조치가 들어갔고요, 이 상태에서 임의로 움직이면 압수 전환됩니다. 제가 제가 말씀드리는 건, 지금 이건 피해자 구제 절차라는 겁니다. 아, 잠깐만요. 본인 혹시 주변에 이 사실 알리시면 안 됩니다. 가족도 안 되고, 회사도 안 되고, 은행도 안 됩니다. 제3자와 공유하시면 조사 흐름이 깨져요. 왜 비밀로 해야 하냐고요? 범죄자들이 도피할 시간을 줍니다. 그러니까 본인만 알고 있어야 합니다. 네? 네. 지금 메모하실 수 있죠? 사건명은 명의도용 대포통장 사건이고, 본인 계좌가 농협과 국민은행 두 건으로 확인됐습니다. 본인 명의가 맞는지, 그리고 계좌 개설을 하신 적 있는지 확인해야 합니다. 저는 진짜 모르는데요. 네, 좋습니다. 그럼 피해자 가능성으로 보겠습니다. 다만 확인 절차상 계좌번호 뒤 네 자리와 최근 이체 내역을 말씀해 주셔야 합니다. 그걸 왜요? 본인 계좌가 범죄 자금과 섞였는지 확인해야 합니다. 지금 바로, 바로 말씀하셔야 계좌 해제 방향으로 갑니다. 아니면 본인 계좌 전부 묶입니다. 아, 그리고 이 통화는 녹취됩니다. 네, 네. 그럼 우선 국민은행 계좌 뒤 네 자리부터요. 잠깐만요, 미루시면 안 됩니다. 지금 바로 확인해주세요.",1,수사기관 사칭형,augmented_llm
aug_수사기관 사칭형_0005,"네, 경찰청 사이버수사과입니다. 제가 지금 먼저 말씀드릴 건데요, 본인 명의로 된 하나은행 통장이 범죄 현장에서 발견됐습니다. 그리고 농협 계좌도 같이 나왔습니다. 저희가 이미 공조수사로 확인해 보니까 대포통장 명의자가 본인으로 뜹니다. 아니 저는 그런 적 없는데요? 네, 그러실 수 있습니다. 그래서 지금 연락드린 겁니다. 현재 상황은 좀 급합니다. 본인 계좌가 이미 지급정지 대상이고, 추가 확인 없이 시간이 지나면 압수영장 단계로 넘어갑니다. 압수요? 네, 계좌 압수, 그리고 출국금지 검토까지 갑니다. 잠깐만요, 너무 급하네요. 네, 급합니다. 그래서 본인께 말씀드리는 겁니다. 지금 다른 데 전화하지 마세요. 은행도, 가족도, 지인도 안 됩니다. 제가 지금 드리는 절차 외에는 전부 중단하셔야 해요. 왜요? 다른 사람이 끼면 범인들이 계좌를 숨깁니다. 그러니까 비밀 유지가 필수입니다. 아, 그리고 이건 녹취됩니다. 본인도 동의하신 걸로 처리됩니다. 네. 우선 본인 성명 다시 확인하겠습니다. 그리고 국민은행, 하나은행, 기업은행 중 실제 쓰는 계좌가 있으면 말씀해 주세요. 저는 국민은행만 쓰는데요. 아, 국민은행만 쓰신다. 좋습니다. 그럼 국민은행 계좌번호 앞자리 말고 뒤 네 자리만 확인하겠습니다. 아니 그걸 왜요? 본인 명의인지 확인하고 동결 해제 절차를 넣으려면 필요합니다. 지금 안 말씀하시면 본인 명의 전체가 연쇄 동결될 수 있습니다. 아, 그게 아니라, 그러니까 지금 제가 사기치는 게 아니라 수사 절차입니다. 본인 피해 막으려고 하는 거예요. 네, 지금 바로 불러주세요. 잠깐만요, 메모 준비되셨으면 계좌번호 뒤 네 자리 말씀하시고, 최근에 모르는 이체나 입금 받은 적 있는지도 같이 말씀해 주세요.",1,수사기관 사칭형,augmented_llm
aug_수사기관 사칭형_0006,"여보세요, 김○○ 씨 되십니까? 네, 서울중앙지방검찰청 첨단범죄수사부입니다. 지금 통화 가능하신지 먼저 확인드리고요, 본 건에 대해서, 음, 말씀드리자면 선생님 명의로 개설된 농협 계좌가 대포통장으로 확인돼서 연락드렸습니다. 아니요, 저는 그런 거 한 적 없는데요? 아 잠깐만요, 제가 지금 설명드리는 게 아직 끝나지 않았습니다. 선생님 명의로 된 계좌가 범죄조직 계좌와 연결된 정황이 나왔고, 이건 단순 참고가 아니라 수사 대상입니다. 지금 바로 확인 안 하시면 계좌 지급정지, 그러니까 쉽게 말하면 묶인다고요. 그리고 추가로 압수 절차까지 들어갈 수 있습니다. 네? 저 진짜 모르는데요. 네, 모르시는 건 알겠고요, 그래서 더 전화드린 겁니다. 본인이 직접 개설하지 않았더라도 개인정보가 유출되면 이런 일이 생깁니다. 지금 여기서 중요한 건 제3자한테 절대 말씀하시면 안 된다는 겁니다. 가족분, 지인분, 직장 쪽에도요. 왜냐하면 수사 보안상 외부로 새면 안 되고, 자료가 다 엉켜버립니다. 지금 지금 바로 확인해야 해요. 명의도용인지, 아니면 계좌를 넘긴 건지 구분해야 합니다. 선생님, 농협 말고 또 하나은행 쓰시는 거 있죠? 네? 하나은행이요? 네, 저희 기록에 나옵니다. 그 계좌 끝자리 확인해 주셔야 하고요. 음, 혹시 휴대폰 옆에 메모할 수 있으시면 사건번호 적으십시오. 서울중앙 2024-1847번입니다. 지금 이 통화는 녹취됩니다. 아시죠? 네. 그리고 말씀드리는데, 지금 제 지시대로 하셔야 계좌 정지 전이라도 피해를 막을 수 있습니다. 우선 타인에게 연락하지 마시고, 은행에도 바로 전화하지 마세요. 지금 은행에 따로 전화하면 사건이 새어 나가고, 오히려 본인 계좌가 전부 동결될 수 있습니다. 제가 제가 드리는 말씀이 끝나면 확인 절차 안내드리겠습니다. 네, 네. 그러니까 본인 명의 농협하고 하나은행, 입출금 계좌 있으면 끝자리부터 말씀해 주세요. 잠깐만요, 지금 제가 말씀드리는 건, 이건 본인 보호 차원입니다.",1,수사기관 사칭형,augmented_llm
aug_수사기관 사칭형_0007,"네, 경찰청 금융범죄수사계입니다. 황○○ 씨 맞으시죠? 아, 맞다고요? 좋습니다. 지금부터 짧게 말씀드릴게요. 저희가 최근 검거한 보이스피싱 조직에서 선생님 명의 국민은행 통장과 기업은행 통장이 압수물에서 나왔습니다. 네? 저는 국민은행만 쓰는데 기업은행은 없는데요? 음, 그게 바로 명의도용 가능성이 있어서 연락드린 겁니다. 지금 조직원 진술에 따르면 대포통장 모집책이 선생님 정보로 계좌를 만들었거나, 아니면 선생님이 타인에게 계좌를 넘겼을 가능성이 있어요. 아니 그럴 리가 없는데요. 아 잠깐만요, 그럴 리가 없다는 말씀은 이해합니다. 그런데 저희가 확인한 자료상에는 이미 계좌 추적이 일부 끝났고, 해당 계좌에 범죄 자금이 흘러간 정황이 있습니다. 그래서 지금 바로 사실관계를 정리해야 합니다. 지금 이 계좌들, 동결 안 되게 하려면 선생님 본인 확인이 필요하고요. 가족분한테도 절대 말씀하시면 안 됩니다. 특히 배우자, 자녀, 동료, 누구든지요. 외부로 나가면 증거인멸로 오해받을 수 있습니다. 네, 근데 제가 뭘 해야 되는데요? 네, 우선 메모부터 하세요. 서울지방검찰청 협조 사건으로 이첩된 상태고 사건번호는 1149-77입니다. 그리고 선생님 명의로 된 국민은행, 기업은행 두 계좌 중 본인이 실제 사용하는 계좌가 있는지, 끝자리 네 자리만 말씀해 주세요. 아니 그건 왜요? 본인 명의 계좌가 맞는지 대조해야 합니다. 지금 안 하시면 계좌 압수 절차가 진행되고, 금융거래가 전부 막힐 수 있어요. 네, 그리고 혹시 최근에 신분증 사진을 누군가에게 보낸 적 있습니까? 음, 없는데요. 아 예, 없으시면 더 다행입니다. 그럼 지시대로 하시면 됩니다. 제3자와 통화하지 마시고, 지금 이 자리에서만 답변하세요. 제가 제가 다시 묻겠습니다. 국민은행 끝자리, 기업은행 끝자리 말씀해 주세요.",1,수사기관 사칭형,augmented_llm
aug_수사기관 사칭형_0008,"잠깐만요, 통화 되십니까? 네, 금융감독원 조사팀입니다. 박△△ 씨 본인이시고요? 네. 본 건은 단순 안내가 아니라 명의도용 관련 긴급 확인입니다. 선생님 명의로 된 하나은행 계좌가 범죄에 사용된 사실이 확인됐고, 추가로 농협 계좌도 연동돼 있습니다. 아니 저는 하나은행 안 쓰는데요? 네, 그래서 지금 연락드리는 겁니다. 본인이 모르는 사이에 계좌가 개설됐거나, 아니면 누군가에게 계좌 정보를 넘겼을 수 있습니다. 지금 상황이 가벼운 게 아닙니다. 계좌가 동결되면 출금, 이체, 카드 사용까지 전부 막힙니다. 그리고 검찰 쪽으로 넘어가면 압수 절차까지 이어질 수 있어요. 잠깐만요, 제가 그럼 뭘 해야 하는데요? 우선 주변에 전화하지 마세요. 지인, 가족, 은행 창구, 전부요. 제3자 접촉이 되면 확인이 지연되고, 선생님 명의가 더 위험해집니다. 음, 본인이 직접 확인해야 합니다. 제가 지금 말씀드리는 계좌는 하나은행과 농협입니다. 본인 명의로 된 적이 한 번도 없다고 하셔도, 통신기록과 개설지점 확인이 필요합니다. 네? 개설지점이요? 네, 지금 저희 전산상으로는 서울 쪽 지점이 찍혀 있습니다. 그래서 선생님이 이체나 인증번호를 받으신 적 있는지도 봐야 합니다. 아 잠깐, 그건 없어요. 좋습니다. 그럼 제가 지시하는 대로 메모하세요. 사건번호 2024-0613, 금융범죄 연계 명의도용 사건입니다. 그리고 이 통화는 녹취됩니다. 선생님, 지금 바로 본인 명의 계좌번호 끝 네 자리만 확인해 주시면 됩니다. 아니 그게 왜 필요해요? 계좌 추적을 위한 본인 대조입니다. 지금 안 하시면 계좌 전체가 잠정 지급정지로 들어갑니다.",1,수사기관 사칭형,augmented_llm
aug_수사기관 사칭형_0009,"여보세요, 서울중앙지방검찰청 수사관입니다. 이○○ 씨 통화 가능하십니까? 네, 지금 말씀드릴 건데요, 선생님 명의로 개설된 기업은행 통장이 대포통장으로 잡혔습니다. 아, 저는 기업은행 없어요. 그러면 더 문제입니다. 본인 모르게 명의가 도용됐거나, 개인정보가 유출된 겁니다. 저희가 지금 압수한 휴대폰하고 통장 목록에서 선생님 이름이 나왔고, 범죄조직 자금이 그 계좌로 들어간 흔적이 있습니다. 네? 아니 저는 정말 몰라요. 음, 모르신다는 건 인정합니다. 그래서 협조만 하시면 됩니다. 대신 지금 이건 비밀 유지가 중요합니다. 가족분에게 말하지 마시고, 친구분들한테도 절대 말씀 마세요. 왜냐하면 지금 이 단계에서 외부 연락이 들어가면 계좌 추적이 꼬입니다. 본인 명의 다른 계좌, 국민은행이나 하나은행도 같이 확인해야 합니다. 잠깐만요, 국민은행은 있어요. 네, 좋습니다. 끝자리 말씀해 주세요. 아니 왜 끝자리를 말씀드려야 하죠? 본인 확인 절차입니다. 그리고 지금 바로, 바로 안 하시면 국민은행까지 동결될 수 있습니다. 계좌 지급정지는 쉽게 말하면 돈을 못 빼게 막는 거예요. 아 잠깐, 그럼 제가 은행 가면 되나요? 아니요, 지금은 임의로 가시면 안 됩니다. 수사팀에서 안내한 뒤 움직이셔야 합니다. 지금 통화는 녹취되고 있고, 본인 진술이 그대로 기록됩니다. 선생님이 피해자인지 공범인지 구분해야 하니까요. 네? 공범이요? 네, 오해 없게 말씀드리면 현재는 확인 단계입니다. 그러니까 제가 제가 드리는 질문에만 답하시면 됩니다. 기업은행 계좌 없으시고, 국민은행 계좌는 사용 중이시죠? 끝자리 말씀해 주세요.",1,수사기관 사칭형,augmented_llm
aug_수사기관 사칭형_0010,"네, 받으셨습니까? 경찰청 사이버수사대입니다. 정□□ 씨 성함 맞으시죠? 아, 맞다고요. 좋습니다. 본인 명의로 된 국민은행과 하나은행 계좌가 보이스피싱 조직 자금 회수 과정에서 확인됐습니다. 지금 이 계좌들 때문에 본인도 조사를 받으실 수 있어요. 아니 저는 그런 계좌 없는데요? 네, 그래서 바로 확인 드리는 겁니다. 대포통장으로 쓰였는지, 아니면 명의도용인지 구분해야 하거든요. 지금 시간이 많지 않습니다. 저희가 이미 일부 계좌는 동결 요청을 넣어놨고, 추가로 확인이 안 되면 전부 압수 절차로 넘어갈 수 있습니다. 음, 그러면 제가 어떻게 해야 돼요? 우선 제 지시 외에는 아무 말도 하지 마세요. 주변 사람에게 연락하면 안 됩니다. 특히 은행 직원에게도 미리 말하지 마시고요. 수사 보안상 제3자 접촉 금지입니다. 아, 그리고 지금 계좌번호를 바로 확인해 주셔야 합니다. 국민은행하고 하나은행, 둘 중 실제 쓰는 계좌가 있으면 끝 네 자리 불러주세요. 네? 그걸 왜요? 본인 명의인지 확인해야 하고, 범죄자들이 사용한 계좌와 대조해야 합니다. 잠깐만요, 제가 메모할게요. 좋습니다. 서울지방검찰청 협조건, 사건번호는 2409-33입니다. 이 통화는 녹취됩니다. 선생님, 지금 바로 확인 안 하시면 계좌가 묶이고, 경우에 따라 출석요구서까지 나갈 수 있습니다. 그러니까 지금 제가 말씀드리는 대로 끝자리부터 불러주세요. 아니 저는 진짜 몰라서요. 네, 몰라도 괜찮습니다. 다만 지금 즉시 협조하셔야 본인 피해를 막습니다.",1,수사기관 사칭형,augmented_llm
aug_수사기관 사칭형_0011,"여보세요, 김현수 씨 되십니까? 네? 네, 여기 서울중앙지방검찰청 첨단범죄수사부입니다. 잠깐만요, 제가 말씀드리는 건 민원이나 안내 전화가 아니고요, 본인 명의로 개설된 농협 계좌가 불법 도박 자금 세탁에 이용된 정황이 확인돼서 연락드린 겁니다. 지금 지금 바로 받아주셔야 됩니다. 본 건에 대해서는 음, 간단하게 설명드리면 지난주 압수수색에서 대포통장 여러 개가 나왔고, 그중에 김현수 씨 명의 농협이 발견됐어요. 아니요, 저는 농협 하나 있는데요. 아, 네. 그 농협 하나가 문제인 겁니다. 본인 명의로 된 계좌가 범죄 현장에서 나왔기 때문에 계좌 지급정지, 그러니까 쉽게 말하면 묶인다고요. 그리고 이건 이미 금융감독원에도 통보가 들어간 상태입니다. 지금 대응 안 하시면 압수 절차로 넘어가고, 사안에 따라 소환장까지 발부될 수 있습니다. 잠깐만요, 주변 분한테 지금 전화하시면 안 됩니다. 가족, 지인, 직장동료한테 말씀하시면 수사망이 흐트러져서 본인도 공범으로 오해받을 수 있어요. 비밀 유지 꼭 하셔야 하고요. 제가 제가 드리는 말씀을 끝까지 들으셔야 됩니다. 혹시 국민은행이나 하나은행 계좌도 쓰십니까? 아니, 하나 없어요? 알겠습니다. 그러면 지금은 본인 명의 전체 계좌 확인부터 해야 하니까, 주민등록번호 앞자리하고 농협 계좌 끝 네 자리 말씀해 주십시오. 네? 왜요? 아, 그게 아니라, 그러니까 피해자 확인 절차입니다. 지금 바로 확인이 안 되면 동결이 더 길어집니다.",1,수사기관 사칭형,augmented_llm
aug_수사기관 사칭형_0012,"경찰청 지능범죄수사대 김도윤입니다. 통화 가능하십니까? 가능하시죠? 좋습니다. 저희가 오늘 새벽에 지방검찰청과 공조해서 대포통장 조직을 검거했는데, 현장에서 기업은행 통장과 국민은행 통장이 대량으로 나왔고 그중에 이수진 씨 명의가 확인됐습니다. 네? 저는 그런 적 없는데요? 네, 그러실 수 있습니다. 그런데 계좌 개설 내역을 조회해보니 본인 주민번호로 된 기업은행 계좌가 이미 범죄자 손에서 거래됐습니다. 음, 말씀드리자면 이건 명의도용 피해 가능성이 커서 지금 바로 사실관계 정리를 해야 합니다. 아, 잠깐만요, 다른 데 전화하지 마세요. 지금 제3자와 통화하시면 안 됩니다. 특히 자녀분, 배우자분한테도 아직 말씀하시면 안 돼요. 수사 내용 유출되면 사건 자체가 꼬입니다. 이 통화는 녹취됩니다. 네, 그리고 본인 계좌가 하나은행에도 있는지 확인이 필요합니다. 아니 없는데요. 없으시면 없다고만 말씀하시면 되고요. 다만 지금 본인 명의 계좌가 추가로 나오면 전부 동결 처리됩니다. 동결이 뭐냐면, 쉽게 말해 입출금이 막히는 겁니다. 그 상태에서 확인 늦어지면 압수로 전환될 수 있습니다. 지금 바로, 바로 알려주셔야 됩니다. 계좌번호 끝 네 자리 말씀해 주세요. 아니 왜요? 아 그게 아니라, 피해 계좌와 정상 계좌를 구분하려는 절차입니다. 잠깐만요, 메모 하실 수 있죠?",1,수사기관 사칭형,augmented_llm
aug_수사기관 사칭형_0013,"네, 금융감독원 사기대응센터입니다. 통화 녹음은 진행 중이고요, 본인 김민정 씨 맞으십니까? 아 네? 네, 확인차 연락드렸습니다. 본인 명의로 된 하나은행 계좌가 검찰 수사 과정에서 대포통장으로 확인됐습니다. 지금 이 계좌는 범죄자들이 불법 자금 받아서 돌린 통장으로 보이고, 이미 계좌 지급정지 요청이 올라간 상태예요. 어, 그럴 리가 없는데요. 그럴 리가 없다고 하셔도 은행 자료상은 그렇게 나옵니다. 그러니까 제가 드리는 말씀이, 본인이 계좌를 팔았는지 아니면 개인정보가 유출됐는지 둘 중 하나를 빨리 확인해야 합니다. 그리고 이건 비밀로 하셔야 해요. 주변 사람한테 말하지 마시고, 인터넷 검색도 하지 마세요. 지금 잘못 움직이면 본인도 공범 조사로 넘어갈 수 있습니다. 아, 잠깐만요, 저희가 조사하는 동안 국민은행, 기업은행, 농협 계좌도 보유 여부 확인해야 하거든요. 네? 다 없다고요? 알겠습니다. 그런데 기존 하나은행 외 다른 계좌가 뜨면 바로 동결됩니다. 동결은 말 그대로 묶는 거예요. 지금 본인 신분증 앞면에 적힌 주소지 확인되시죠? 본인 맞으시면 계좌 끝 네 자리부터 불러주십시오. 아니, 왜 그렇게 급해요? 음, 사안이 긴급해서 그렇습니다. 지금 바로 협조 안 하시면 압수 절차로 넘어갑니다.",1,수사기관 사칭형,augmented_llm
aug_수사기관 사칭형_0014,"여보세요. 서울지방검찰청 형사부 박서준 검사실입니다. 지금 통화 괜찮으십니까? 네, 좋습니다. 다름이 아니라 본인 명의로 확인된 국민은행 계좌가 지난달 검거된 보이스피싱 조직의 대포통장으로 쓰인 정황이 있어 연락드렸습니다. 어, 저는 그런 계좌 없는데요. 네, 그런데 은행 조회상 본인 명의로 개설된 기록은 있습니다. 그게 아니라, 그러니까 본인이 쓰는 걸 기억 못 하실 수도 있어서 확인하는 겁니다. 지금 현재 계좌는 압수 대상이 될 수 있고, 거래도 즉시 제한될 수 있습니다. 본인 입장에서는 놀라시겠지만, 지금 중요한 건 피해자 입증입니다. 아니, 제가 뭘 해야 되는데요? 잠깐만요. 우선 가족분이나 친구분한테는 절대 말씀하시면 안 됩니다. 사건 정보가 새면 본인 명의 전체 계좌가 위험해져요. 그리고 지금 본인 명의로 하나은행, 기업은행 추가 계좌가 있는지 확인해야 합니다. 네? 하나만 있는데요. 알겠습니다. 그러면 그 하나은행 계좌 번호 끝 네 자리 말씀해 주세요. 아니 잠깐만요, 제가 왜 그걸 말해야 하죠? 아, 이건 본인 확인 절차입니다. 확인이 안 되면 계좌 동결이 계속 유지됩니다. 지금 바로 말씀 안 하시면 저희가 지급정지 공문을 은행에 더 강하게 넣을 수밖에 없습니다.",1,수사기관 사칭형,augmented_llm
aug_수사기관 사칭형_0015,"네, 경찰청 사이버수사과입니다. 본인 김태형 씨 맞으시죠? 음, 본인 명의로 된 농협 계좌가 범죄 자금 운반용으로 발견돼서 급히 연락드렸습니다. 검거 현장에서 대포카드하고 위조 신분증이 같이 나왔고, 그 안에서 본인 계좌가 확인됐어요. 제가 제가 말씀드리면, 이건 단순 확인이 아니라 지금 당장 대응해야 하는 사안입니다. 네? 전 모르는데요? 모르시면 더 문제는 없습니다. 다만 개인정보가 도용된 경우든, 아니면 제3자에게 계좌를 넘긴 경우든 둘 다 조사 대상입니다. 그래서 지금은 다른 사람하고 통화하시면 안 됩니다. 특히 회사, 가족, 은행 상담원한테도 먼저 연락하지 마세요. 본인 말이 새면 증거가 훼손됩니다. 아, 그리고 현재 기업은행 계좌도 있는지 확인이 필요합니다. 네, 없어요? 좋아요. 그럼 농협 계좌 끝 네 자리 불러주시고, 최근 입출금 내역 중 수상한 건 없었는지 말씀해 주세요. 아니 근데 갑자기 왜 이렇게 묻죠? 지금 지금 바로 확인 안 하면 계좌 동결, 압수, 출국정지 얘기까지 갈 수 있어서 그렇습니다. 잠깐만요, 제가 안내서 읽어드릴게요. 본인 협조 없으면 불리해집니다. 계좌번호부터 말씀해 주세요.",1,수사기관 사칭형,augmented_llm
aug_수사기관 사칭형_0016,"여보세요, 김○○ 씨 되십니까? 저는 서울중앙지방검찰청 형사부 쪽에서 연락드린 박도현 수사관이고요. 지금 이 통화는 녹취됩니다. 잠깐만요, 메모 가능하시면 메모하시고 들으셔야 됩니다. 본인 명의로 농협 계좌가 하나 확인됐는데, 그게 대포통장으로 사용된 정황이 나와서요. 아, 그러니까 쉽게 말하면 본인 계좌가 범죄자들 손에 들어가서 불법 자금이 오간 흔적이 잡혔습니다. 본인 모르신다고요? 네? 아 그러세요. 근데 이건 모른다고 끝나는 문제가 아니고요, 저희가 지금 검찰청에서 압수된 통장 명세를 대조하는 중입니다. 하나은행 계좌도 같이 발견됐고요. 농협, 하나은행 두 개가 본인 명의로 되어 있습니다. 지금 바로, 바로 확인 안 하시면 계좌 지급정지 들어가고 압수 절차까지 갑니다. 어, 잠깐만요, 본인 주변에 가족분이나 지인분 계시면 지금은 통화 끊지 마시고 제3자한테 말씀하시면 안 됩니다. 이건 비밀 유지 대상입니다. 누가 옆에 계세요? 없으시죠? 그럼 계속하시고요. 본인 신분증 정보, 계좌 개설 경위부터 먼저 확인해야 됩니다. 본인께서 직접 개설한 게 맞는지, 아니면 명의도용인지 그걸 봐야 되거든요. 아, 그게 아니라 제가 말씀드리는 건요, 지금 계좌가 범죄수익 세탁 경로로 묶여 있어서 협조 안 하시면 체포영장 검토까지 들어갈 수 있습니다. 지금 본인 계좌번호 앞 네 자리 말씀해 보시겠습니까? 아니, 계좌를 왜 말해야 되냐고요? 본인 보호 차원입니다. 저희가 지금 금융감독원에도 통보된 사건이라서요. 잠깐만요, 거기 농협 말고 하나은행도 있으시죠? 네? 아, 있으시다고요? 그러면 그 계좌도 함께 조회하겠습니다. 지금부터는 다른 데 전화하지 마시고, 가족분한테도 말하지 마시고, 제가 안내하는 대로만 하셔야 됩니다. 안 그러면 계좌 동결, 압수, 출석요구서 순서로 갑니다. 이해하셨습니까?",1,수사기관 사칭형,augmented_llm
aug_수사기관 사칭형_0017,"네, 경찰청 사이버수사계입니다. 성함 확인 전에 먼저 말씀드릴게요. 본 건에 대해서, 음, 긴급 통보라서요. 지금 본인 명의의 국민은행 계좌와 기업은행 계좌가 대포통장으로 적발됐습니다. 적발된 현장에선 위조 신분증, 보안카드, 대량의 통장 사본이 같이 나왔고요. 그중에 본인 명의가 찍혀 있었습니다. 아니요, 저희가 장난하는 게 아닙니다. 지금 확인된 계좌는 범죄 조직에서 현금 인출용으로 돌린 걸로 보여요. 본인께서 모르신다고 해도, 그러니까 지금 조사 대상입니다. 잠깐만요, 이 통화는 녹취되고 있고요, 외부에 알리시면 안 됩니다. 제3자 개입되면 기록이 꼬여서 본인도 불리해집니다. 아, 잠깐만요. 지금 옆에서 누가 얘기하고 계신가요? 없으시다고요? 그럼 좋습니다. 본인 계좌가 이미 동결 예고 상태고, 은행 쪽에도 지급정지 요청이 들어가 있습니다. 네? 계좌번호를 왜 묻냐고요? 본인 명의인지 먼저 맞춰야 하니까요. 그리고 본인 명의로 개설된 농협 통장도 추가 확인됐습니다. 농협은 사용 안 하신다고요? 음, 그런데 기록상으로는 있거든요. 아마 명의도용이거나, 아니면 통장을 넘긴 정황이거나 둘 중 하나입니다. 지금 바로 협조 안 하시면 금융실명제 위반, 범죄수익 은닉 관련해서 출석조사로 전환됩니다. 아, 아니요, 제가 위협하려는 게 아니라 절차를 말씀드리는 겁니다. 계좌 비밀번호나 인증번호 이런 건 말하지 마시고, 대신 지금 사용 중인 은행이 농협 말고 또 있으시면 말씀하세요. 네? 국민은행만 있다구요? 알겠습니다. 그럼 국민은행 끝 네 자리, 하나은행 끝 네 자리, 이렇게만 확인하겠습니다. 이건 비밀 유지입니다. 가족, 회사, 친구 누구한테도 말하지 마세요. 특히 계좌 정리한다고 다른 사람한테 이체하시면 안 됩니다. 그거 하면 오히려 공범 소지 생깁니다.",1,수사기관 사칭형,augmented_llm
aug_수사기관 사칭형_0018,"아, 여보세요. 김민재 씨 맞으시죠? 여기 지방검찰청 첨단범죄 전담반입니다. 저는 이서윤 검사실에서 연락드린 수사관인데요. 지금 말씀드릴 내용이 있어서 바로 받으셔야 됩니다. 본인 명의의 하나은행 통장이 검거 사건에서 나왔습니다. 음, 정확히는 대포통장으로 쓰인 흔적이 확인됐어요. 본인께서 개설한 적 없으시다고요? 네, 그러시면 명의도용 가능성이 큽니다. 그런데 여기서 중요한 건요, 본인 계좌가 이미 범죄자들 자금 흐름에 엮여 있어서 지금 그대로 두면 압수, 동결 처리가 됩니다. 잠깐만요, 지금 이 얘기 남한테 하시면 안 됩니다. 가족이든 직장이든 누구한테도 말하지 마세요. 저희가 수사 중이라 정보가 새면 사건이 커집니다. 아, 그게 아니라 제가 말씀드리는 건, 본인 보호하려고 그러는 겁니다. 지금 확인된 건 하나은행이고, 농협 계좌도 추가로 조회 중입니다. 아니, 저는 그런 계좌 없는데요? 네? 없다고 하셔도 이미 개설 기록이 나와서요. 본인 주민등록번호로 뜹니다. 그러니까 지금 바로 본인 소유 계좌인지, 타인이 만들어 쓴 건지 분리해야 됩니다. 본인 계좌가 맞으면 피해자 진술로 정리할 수 있고, 아니면 공범 연루로 볼 수 있습니다. 어, 잠깐만요. 통화 끊으시면 안 됩니다. 지금 계좌정보 확인 절차를 마쳐야 하고요, 필요하면 금융감독원에서 바로 연동 확인 들어갑니다. 본인 거주지 근처 은행에 가서 해지하시면 안 되고, 저희 승인 없이 움직이면 오히려 계좌가 바로 묶입니다. 지금 제가 묻는 것만 답하십시오. 본인 명의 계좌 중 국민은행, 기업은행 사용하시는 거 있습니까? 네? 국민은행 하나요? 알겠습니다. 그럼 그 계좌 끝 네 자리 불러주시고, 최근 입출금 내역이 이상한 거 있으면 지금 말해 주세요. 지금 당장요. 안 그러면 체포영장 검토 문서가 올라갑니다.",1,수사기관 사칭형,augmented_llm
aug_수사기관 사칭형_0019,"네, 금융감독원 조사협력팀입니다. 통화 중이신 분 성함 먼저 확인하겠습니다. 아, 그러니까 본인 명의로 개설된 농협 계좌에서 이상거래가 포착돼서 연락드린 거예요. 지금 상황이 좀 급합니다. 본인 계좌가 대포통장으로 오인된 게 아니라, 실제로 범죄에 사용된 정황이 있습니다. 어, 잠깐만요, 본인 모르셨다고 하셨죠? 네? 그럼 명의도용 피해 가능성이 있는데, 그 경우에도 절차를 잘못 밟으면 동결이 길어집니다. 그래서 지금은 다른 사람과 상의하지 마시고 바로 저랑만 진행하셔야 됩니다. 제3자에게 말하면 계좌 흐름 추적이 끊겨요. 아, 그게 아니라 지금은 가족분한테도 안 됩니다. 본인 명의의 기업은행 계좌도 같이 잡혀 있고요. 은행 쪽에서 이미 지급정지 사전 통보가 올라갔습니다. 본인께서 직접 만든 적이 없다면 명의도용 신고로 넘어가야 하는데, 그 전에 계좌번호 확인이 필요합니다. 잠깐만요, 말씀 중에 끊지 마세요. 제가 제가 드리는 말씀이, 계좌를 확인해야 본인 피해인지 공범인지 구분이 됩니다. 지금 확인 안 되면 검찰청으로 사건이 넘어가고, 출석요구서가 발송됩니다. 네, 압박하는 거 맞냐고요? 아니요, 절차상 안내입니다. 본인께서는 지금 현금화 같은 거 하지 마시고, 입출금 내역만 말씀하세요. 농협이랑 국민은행, 하나은행 중에 최근 1주일 안에 거래된 계좌가 있으십니까? 네? 하나은행은 없다구요? 알겠습니다. 그럼 없다고 하신 건 녹취로 남기겠습니다. 본인 신분증 재발급 받으신 적 있나요? 최근에 누가 대신 받아간 적은요? 없으시죠. 그러면 명의도용 가능성이 높습니다. 하지만 확인 전까지는 계좌를 그대로 둘 수 없어서, 지금 바로 본인 동의 하에 일시 동결 처리 안내를 받으셔야 됩니다. 안 받으시면 더 세게 들어갑니다.",1,수사기관 사칭형,augmented_llm
aug_수사기관 사칭형_0020,"어, 여보세요? 저는 서울중앙지방검찰청 수사관 정하늘입니다. 지금 본인 앞으로 송달될 내용이 있어서 먼저 연락드렸고요. 메모하실 수 있으면 메모하세요. 본인 명의의 국민은행 계좌가 보이스피싱 조직에서 대포통장으로 발견됐습니다. 하나은행 계좌도 같이 나왔고요. 아, 잠깐만요, 놀라지 마시고 들으셔야 됩니다. 지금 이건 단순 안내가 아니라 긴급 수사 협조 요청입니다. 본인께서 직접 개설한 게 맞습니까? 아니요? 그러시면 명의도용이 의심되는데, 그럼 더더욱 외부에 말하시면 안 됩니다. 가족, 친구, 회사 누구한테도요. 지금 제3자한테 알려지면 바로 계좌 추적이 새고, 본인 명의가 범죄 자금 통로로 계속 쓰일 수 있습니다. 네? 왜 자꾸 비밀로 하냐고요? 그게 아니라, 그러니까 수사 보안 때문에 그렇습니다. 본인 명의 계좌가 이미 압수 대상에 올라가 있어서요. 지급정지, 계좌 동결, 그리고 경우에 따라선 압수수색까지 이어질 수 있습니다. 아, 제가 협박하는 게 아닙니다. 본인 보호하려면 지금 필요한 건 계좌 확인입니다. 농협도 사용하셨죠? 아니면 국민은행, 기업은행 중에 하나라도요. 잠깐만요, 말씀 끊지 마시고 천천히 말씀해 주세요. 네? 없다구요? 그런데 시스템상 잡혀 있습니다. 그러면 누가 본인 신분증으로 만들었는지, 혹은 본인이 누군가에게 넘겼는지 확인해야 됩니다. 저희가 검찰청에서 바로 조사 들어갈 수 있는데, 지금 협조하시면 피해자 진술로 정리될 가능성이 있습니다. 안 하시면 공범으로 오해받을 수 있어요. 그러니까 지금 바로, 바로 계좌번호 앞자리부터 말씀해 주시고, 다른 통화는 종료하세요. 지금 이 전화만 유지하시면 됩니다.",1,수사기관 사칭형,augmented_llm
aug_수사기관 사칭형_0021,"여보세요, 네, 검찰청입니다. 잠깐 통화 가능하신가요? 서울중앙지방검찰청 금융범죄수사부인데요, 제가 먼저 말씀드릴 게 있습니다. 본인 명의로 된 농협 계좌가 오늘 오전에 대포통장으로 확인돼서 연락드렸어요. 아, 혹시 지금 혼자 계신 거 맞습니까? 네? 왜 혼자냐고요? 이 사건은 제삼자 개입되면 안 됩니다. 지금부터는 가족분들이나 지인분들한테 절대 말씀하시면 안 되고요, 통화도 끊지 마시고요. 본 건에 대해서 음, 말씀드리자면 본인 계좌가 범죄자금 흐름에 연루됐습니다. 정확히는 명의도용이 의심되는데, 지금 조치 안 하시면 계좌 지급정지, 그러니까 쉽게 말하면 묶입니다. 그리고 경우에 따라서는 압수 절차까지 이어질 수 있어요. 아 잠깐만요, 본인 이름이 맞는지 제가 다시 확인해도 되겠습니까? 생년월일하고 연락처 끝자리 말씀해 주세요. 네, 맞네요. 저희가 검찰청에서 확인한 자료상, 농협이랑 하나은행 쪽 계좌가 같이 묶여 있습니다. 이게 지금 보이스피싱 조직 자금 세탁에 사용된 정황이 있어서, 오늘 안에 해명 절차 안 하시면 형사입건 검토 들어갑니다. 아니, 제가 뭘 했냐고요? 그 반응은 이해하는데요, 지금 상황이 상황이라서요. 통장 거래 내역, 최근 이체 내역, 그리고 본인 인증된 계좌가 있는지부터 확인해야 합니다. 다른 은행 계좌도 있으시면 지금 바로 말씀하셔야 해요. 국민은행, 기업은행, 하나은행, 농협 중에 추가로 쓰는 거 없습니까? 네, 없으시다? 알겠습니다. 그런데 본인 명의로 타인에게 넘어간 계좌가 하나 더 확인될 수 있어서요. 제가 지금 안내드리는 방법대로, 우선 가까운 은행에 가지 마시고요. 지금 외부 연락 다 차단하시고, 지인분들께도 절대 얘기하지 마세요. 특히 가족한테도요. 이건 수사 비밀 유지가 우선입니다. 그리고 제가 보내드리는 확인 절차에 따라 계좌번호 일부와 거래 목적만 말씀해 주셔야 됩니다. 지금 바로, 바로 처리 안 하시면 계좌 동결됩니다. 네, 들으셨죠?",1,수사기관 사칭형,augmented_llm
aug_수사기관 사칭형_0022,"네, 경찰청 지능범죄수사팀입니다. 통화 녹취됩니다. 서두르지 마시고 제 말부터 들어주세요. 제가 지금 연락드린 이유는 본인 명의로 개설된 국민은행 계좌가 대포통장으로 사용된 사실이 확인됐기 때문입니다. 아니요, 장난 아닙니다. 저희가 지방검찰청과 공조해서 이미 사건번호까지 잡아둔 상태예요. 범죄 현장에서 압수한 카드랑 통장들 가운데 본인 이름이 찍힌 계좌가 나왔습니다. 혹시 최근에 신분증 분실하신 적 있습니까? 없으시다고요? 네, 그러면 명의도용 가능성이 더 큽니다. 어, 잠깐만요, 본인 지금 누구한테도 이 얘기 안 하셨죠? 절대 말씀하시면 안 됩니다. 특히 가족, 배우자, 자녀, 직장동료한테도요. 이건 수사 중이라 외부로 새면 바로 증거인멸로 오해받을 수 있습니다. 지금 본인 명의로 확인된 건 국민은행이랑 기업은행 계좌입니다. 그리고 하나은행 쪽도 연동 정황이 있어요. 지금 당장 계좌가 잠길 수 있고요, 경우에 따라 압수영장까지 신청될 수 있습니다. 그러니까 쉽게 말하면 돈 못 뺍니다. 아, 아니라고 하시는데요, 저희가 은행 측 조회로 확인한 내용이라 사실관계만 빨리 맞추면 됩니다. 본인 최근에 누군가한테 통장 사본이나 계좌번호, 인증번호 알려준 적 있습니까? 없어요? 네, 그러면 더 위험한 겁니다. 누가 몰래 사용했을 수 있어요. 지금은 본인 안전을 위해서 휴대폰은 그대로 두시고, 다른 전화 받지 마시고, 제 안내 외에는 아무 대응도 하지 마세요. 이어서 제가 본인 계좌번호 확인 들어갈 건데, 끝 네 자리만 말씀해 주시겠습니까? 네, 좋습니다. 그 번호 기준으로 저희가 지급정지 신청 넣겠습니다. 지금 시간이 없습니다. 빨리요.",1,수사기관 사칭형,augmented_llm
aug_수사기관 사칭형_0023,"여보세요, 금융감독원 조사과 박현우입니다. 잠깐만요, 본인 성함 확인부터 하겠습니다. 네, 맞으시네요. 다름이 아니라 본인 명의로 농협 계좌가 대포통장으로 확인됐고, 거기에 불법 자금이 들어간 정황이 있습니다. 어, 지금 놀라실 수 있는데요, 이건 단순 문의가 아니라 조사 통보입니다. 본인 계좌가 범죄조직에 이용됐기 때문에 오늘 안으로 소명 안 되면 계좌 동결, 압류 절차가 진행됩니다. 제가 좀 더 분명히 말씀드릴게요. 이 통화는 녹취됩니다. 그리고 지금부터는 제삼자와 통화하지 마세요. 가족이든 친구든 누구든요. 누가 옆에 있으면 통화 끊고 혼자 받으셔야 합니다. 본 건에 대해서 음, 설명드리자면, 저희가 검찰청에서 넘겨받은 자료에 본인 이름이 여러 번 나옵니다. 농협 말고도 하나은행, 국민은행 거래가 연동돼 있어요. 아니요, 제가 오해하는 게 아니라 은행 전산상 기록이 그렇게 나옵니다. 본인께서 최근에 비대면 계좌 개설 요청하신 적 있습니까? 없다, 네. 그러면 명의도용 가능성이 있습니다. 이 경우에는 본인이 피해자라는 걸 입증해야 하고요, 입증 못 하면 공범 혐의로 넘어갑니다. 아 잠깐만요, 제가 공범이라고 한 게 아니라 혐의 검토라고 말씀드린 겁니다. 너무 놀라지 마시고요. 지금 가장 중요한 건 계좌 정보 확인입니다. 본인 명의 계좌 전체를 말해 주세요. 농협, 하나은행, 국민은행, 기업은행 중에서 쓰는 곳부터요. 그리고 최근 거래 내역 중 낯선 이체가 있으면 바로 말씀하셔야 됩니다. 지금 숨기시면 안 됩니다. 저희는 이미 전부 보고 있고, 시간 지나면 추적이 어려워집니다. 그러니까 지금 바로 협조하셔야 해요. 알겠습니까?",1,수사기관 사칭형,augmented_llm
aug_수사기관 사칭형_0024,"네, 서울중앙지방검찰청입니다. 검사실 연결 전 단계고요, 담당 수사관 김도윤입니다. 아, 본인 지금 통화 편하신가요? 안 편하시면 안 되는 상황입니다. 왜냐하면 본인 주민번호로 개설된 하나은행 계좌가 대포통장 조직에 넘어간 사실이 확인됐기 때문입니다. 제가 먼저 경고드릴게요. 이 사건은 계좌 동결, 압수, 출석 요구까지 바로 갈 수 있습니다. 지금 바로, 바로 확인 절차 안 하시면 은행에서 출금 자체가 막힙니다. 네, 당황하시는 거 압니다. 그런데 저희가 현재 확보한 자료에 따르면 본인 명의 계좌가 불법 도박 자금 세탁에 사용됐어요. 그리고 농협 계좌까지 같이 움직였습니다. 혹시 주변에 계좌번호 알려준 적 있습니까? 없다면 더 문제입니다. 누군가 신분증 사본을 썼을 가능성이 높거든요. 아, 그게 아니라, 그러니까 제가 말씀드리는 건 본인도 모르게 범죄에 휘말렸을 수 있다는 겁니다. 지금은 비밀 유지가 제일 중요합니다. 누구랑 상의하시면 안 됩니다. 이 정보가 밖으로 새면 피의자 쪽에서 도망갈 수 있어요. 본인 계좌 확인할 건데요, 하나은행 계좌 끝 네 자리 말씀해 보세요. 네, 확인됐습니다. 그리고 국민은행, 기업은행도 있죠? 없으시다고요? 일단 알겠습니다. 그런데 저희 전산에는 추가 계좌 흔적이 하나 더 보여요. 그래서 오늘 안에 본인 인증과 거래 목적 확인이 필요합니다. 지금 제가 안내하는 대로 따라오셔야 합니다. 가까운 은행 가지 마시고요, 전화 끊지 마시고, 다른 전화는 받지 마세요. 이 통화 끝나면 바로 사건번호 읽어드릴 겁니다. 메모 준비되셨죠? 네, 좋습니다. 이제 시작하겠습니다.",1,수사기관 사칭형,augmented_llm
aug_수사기관 사칭형_0025,"네, 경찰청 사이버수사팀입니다. 통화 연결됐으면 제가 바로 말씀드리겠습니다. 본인 명의의 기업은행 계좌가 확인됐고, 이 계좌가 서울중앙지방검찰청 사건과 연결돼 있습니다. 어, 지금 숨소리 괜찮으십니까? 네, 걱정 마시고 들으세요. 이건 단순 확인 전화가 아니라 긴급 통보예요. 본인 계좌가 대포통장으로 이용됐고, 피해 금액이 꽤 큽니다. 그래서 지금 계좌 정지, 그러니까 묶이는 조치가 들어갈 수 있습니다. 저희가 검거한 일당 진술에 본인 이름이 나왔고, 계좌 거래 내역도 일부 확보됐습니다. 혹시 누가 본인 대신 은행업무 본 적 있습니까? 없으시면 명의도용 쪽으로 봐야 됩니다. 아, 잠깐만요, 제가 지금 너무 빨리 말했죠? 그런데 급합니다. 본인께서는 제삼자한테 이 얘기 절대 하시면 안 됩니다. 가족도 안 되고, 지인도 안 되고, 은행 창구에서도 함부로 말하시면 안 됩니다. 저희가 지시하는 대로만 하셔야 해요. 지금부터는 계좌 정보 확인 들어갑니다. 본인 명의로 된 은행이 기업은행, 농협, 하나은행, 국민은행 맞습니까? 네, 하나 더 있으시다고요? 잠깐만요, 그게 아니라 그 외 계좌가 있으면 전부 말하셔야 합니다. 안 밝히시면 숨긴 걸로 처리됩니다. 그리고 지금 당장 휴대폰 문자 삭제하지 마세요. 인증번호 오면 그대로 기다리셔야 하고요. 제가 끝 번호 확인하고 나면 금융감독원 쪽으로 바로 넘길 겁니다. 본인 지금 협조 안 하시면 압수 조치, 출국 제한, 체포영장 검토까지 갈 수 있어요. 그러니까 지금 바로, 바로 답하세요. 계좌 끝 네 자리 말씀해 주십시오.",1,수사기관 사칭형,augmented_llm
aug_수사기관 사칭형_0026,"여보세요, 김○○님 되시죠? 저는 서울중앙지방검찰청 첨단범죄수사부입니다. 지금 통화 가능하십니까? 아, 제가 길게 말씀드리기 전에 먼저 확인할 게 있어서요. 본 건에 대해서, 음, 말씀드리자면 현재 김○○님 명의로 개설된 농협 계좌가 대포통장으로 확인됐습니다. 네? 아니라고요? 잠깐만요, 그게 아니고요, 저희가 지금 검거된 사건 현장에서 농협하고 하나은행, 기업은행 계좌 자료를 압수했는데 그 안에 본인 주민번호로 된 계좌가 포함돼 있었어요. 그러니까 쉽게 말하면, 본인 명의가 도용됐거나 아니면 제삼자에게 넘어간 상태입니다. 지금 이 통장은 이미 불법 자금이 오간 정황이 있어서 계좌 지급정지, 그러니까 묶이는 단계까지 들어갔고요. 본인이 아무것도 안 하셨더라도 오늘 안에 확인 안 하시면 압수 절차로 넘어갈 수 있습니다. 아시겠어요? 네, 아니 저 그런 통장 없는데요. 아, 없으시다고요? 그러면 더더욱 빨리 확인하셔야 됩니다. 지금 지금 바로 처리 안 하시면 본인 명의로 추가 계좌까지 연동돼서 동결됩니다. 그리고 이 건은 외부에 말씀하시면 안 됩니다. 가족분, 지인분, 은행 직원에게도 지금은 말하지 마세요. 특히 다른 사람에게 연락하시면 수사 진행이 새나가서 계좌 추적이 더 지연됩니다. 제 이름은 이도현 수사관이고요. 이 통화는 녹취됩니다. 현재 검찰에서 확인된 건은 명의도용 사건이고, 본인께서 피해자 입증을 받으셔야 합니다. 제가 공문 내용 읽어드릴 테니까, 음, 잠깐만요. 본인 명의 농협 계좌가 불법 도박 자금이 흘러들어간 계좌로 확인됐고, 계좌 압류 및 동결 대상입니다. 네? 제가 왜요? 아니요, 선생님이 가해자라는 뜻이 아니라요, 명의가 쓰였다는 뜻입니다. 그런데 이 부분을 본인만 아셔야 해요. 다른 데 전화하시면 절차가 꼬입니다. 그러니까 지금부터는 제가 안내하는 대로만 하셔야 됩니다. 본인 사용 계좌가 농협 말고 또 있으십니까? 하나은행, 국민은행, 기업은행 중에요. 잠깐만요, 생각해보시고요. 지금 대답이 늦으시면 자동으로 타행 계좌까지 전부 조회 들어갑니다. 어, 네? 국민은행이요? 네, 알겠습니다. 국민은행 끝번호 네 자리 말씀해 주십시오. 아니 왜요? 본인 확인용입니다. 확인이 안 되면 계좌 묶임 해제가 안 돼요. 지금 당장 말씀 못 하시면 저희가 금융감독원 쪽으로 이첩합니다. 가볍게 보시면 안 됩니다.",1,수사기관 사칭형,augmented_llm
aug_수사기관 사칭형_0027,"지금 받으세요, 검찰청입니다. 끊으시면 안 됩니다. 저는 지방검찰청 금융범죄전담 검사실에서 연락드렸고요. 혹시 지금 옆에 다른 분 계십니까? 계시면 잠깐 자리를 피하셔야 합니다. 네? 왜요? 본인 명의가 범죄에 연루된 정황이 나와서 그렇습니다. 음, 제가 천천히 설명드릴게요. 최근에 저희가 대포통장 유통 조직을 검거했는데, 현장에서 국민은행 통장과 농협 통장, 그리고 하나은행 카드가 대량 압수됐습니다. 그중에 김○○님 명의 계좌가 확인됐고요. 아니 저는 그런 거 없어요. 아, 없다고 하셔도, 그러니까, 계좌 개설 기록은 남아 있습니다. 지금 본인 명의로 된 계좌가 누군가에게 넘겨졌거나 대리 개설된 걸로 보여서 바로 확인해야 합니다. 현재 이 계좌는 지급정지 상태로 전환될 수 있고, 그러면 인출도 이체도 전부 막힙니다. 본인 앞으로 체포영장 이야기까지 나올 수 있는 상황이라서 긴급하게 말씀드리는 겁니다. 네? 제가요? 아니 선생님, 지금 피해자냐 가담자냐를 가리는 단계입니다. 그러니까 가족에게도 이야기하지 마세요. 변호사도 지금은 연결하지 마십시오. 외부와 접촉되면 계좌 추적이 무효 처리될 수 있습니다. 이건 검찰 내부 절차로만 가야 해요. 아, 잠깐만요. 지금 메모 가능하시면 사건번호부터 적으세요. 네, 말씀하세요. 2026-1184번입니다. 그리고 본인 명의 하나은행 계좌 끝 네 자리, 농협 계좌 끝 네 자리 불러주셔야 합니다. 왜 자꾸 묻냐고요? 본인 명의로 동결된 계좌를 풀려면 확인 절차가 필요합니다. 지금 안 불러주시면 계좌 압수로 넘어갑니다. 제가 제가 말씀드리는 건 협조하시면 바로 정리 가능하다는 겁니다. 다른 분에게 전화하지 마시고, 지금 저만 믿고 진행하셔야 합니다.",1,수사기관 사칭형,augmented_llm
aug_수사기관 사칭형_0028,"여보세요, 금융감독원 조사담당입니다. 김○○ 고객님 맞으시죠? 지금 급하게 확인해야 할 사안이 있어서 연락드렸습니다. 음, 본인 명의로 된 기업은행 계좌가 대포통장으로 적발됐습니다. 네? 아니라고요? 아, 그러면 더 문제입니다. 누군가 명의를 도용한 정황이기 때문에 지금 바로 신고 절차에 들어가셔야 해요. 저희가 검찰청과 연계해서 확인한 자료에 따르면, 최근 불법 자금이 본인 계좌로 유입된 흔적이 있고, 계좌는 이미 동결 예정입니다. 계좌가 묶이면 카드 사용도 중단되고 자동이체도 전부 멈춥니다. 잠깐만요, 이거 단순 안내가 아닙니다. 본인께서 지금 통화 끊고 다른 데 전화하시면 안 됩니다. 가족분에게도 말하지 마세요. 주변 사람들한테 알리면 수사 정보가 흘러서 압수 절차가 더 빨라질 수 있습니다. 그러니까 지금은 비밀 유지가 최우선입니다. 네, 알겠습니다? 아니 그런데 왜 제 계좌가요? 본인 이름으로 된 통장이 사건 현장에서 발견됐기 때문입니다. 검찰청 쪽에서 압수한 자료를 저희가 전달받았어요. 본 건에 대해서는 본인 확인이 끝나야 계좌 해제가 가능하고, 해명 안 되면 자동으로 압류됩니다. 아, 제가 말씀드리는 건 어렵게 생각하지 마시고 은행명부터 맞춰 달라는 겁니다. 농협, 하나은행, 국민은행, 기업은행 중에 현재 쓰시는 거요. 네? 기업은행만요? 좋습니다. 그럼 기업은행 끝 번호 말씀해 주세요. 아니 왜요? 지금 확인용이니까요. 지금 바로, 바로 말씀 못 하시면 타 계좌까지 포함해서 전부 지급정지 검토 들어갑니다. 이 통화는 녹취됩니다. 그리고 제삼자와 상의하시면 안 됩니다. 저희가 안내하는 대로만 해주셔야 합니다.",1,수사기관 사칭형,augmented_llm
aug_수사기관 사칭형_0029,"지금 통화 연결됐습니까? 저는 경찰청 지능범죄수사대 박상훈 수사관입니다. 본인께서 피해자 입증 대상이 맞는지 확인하려고 전화드렸습니다. 잠깐만요, 다름이 아니라, 본인 명의 농협 계좌가 불법 대출 자금 세탁에 사용된 걸로 나왔습니다. 네? 저는 농협 없는데요. 음, 그럴 수 있습니다. 명의도용이니까요. 저희가 최근 검거한 사건에서 대량의 대포통장과 보안카드를 확보했는데, 그 안에 김○○님 이름으로 된 계좌가 있었어요. 그러니까 본인께서 직접 하지 않으셨더라도 계좌 주인이시기 때문에 책임이 완전히 면제되는 건 아닙니다. 지금 이 상태로 가면 계좌 압수, 동결, 그리고 출석요구서 발송까지 이어질 수 있어요. 아시겠습니까? 네? 아니 제가 뭘 해야 되는데요? 우선 제3자 연락 차단하셔야 합니다. 부모님, 배우자, 직장동료, 은행 상담원에게도 말씀하시면 안 됩니다. 왜냐하면, 음, 수사상 보안이 깨지면 추적이 중단되기 때문입니다. 제가 설명드리는 동안 메모해 두세요. 본인 명의 국민은행, 기업은행, 하나은행 중 사용 계좌가 있는지 확인해야 합니다. 네? 하나은행이요? 하나은행 끝 번호 불러주시고요. 아니 그걸 왜 불러요? 계좌 동결 해제를 위해서입니다. 지금 안 하시면 계좌가 바로 묶입니다. 그리고 거짓말하시면 안 됩니다. 저희는 이미 본인 주민번호, 주소, 통신기록까지 확인한 상태예요. 아, 잠깐만요. 본인도 황당하실 수 있는데요, 지금은 감정적으로 반응하시면 안 됩니다. 차분하게, 바로 협조해 주세요. 그렇지 않으면 체포 관련 절차로 넘어갈 수 있습니다.",1,수사기관 사칭형,augmented_llm
aug_수사기관 사칭형_0030,"네, 검찰입니다. 서울중앙지방검찰청 형사부에서 연락드렸고요. 통화 끊지 마시고 그대로 들어주셔야 됩니다. 지금 김○○님 명의의 하나은행 계좌가 대포통장으로 확인됐습니다. 아니 그게 무슨 말씀이세요? 아, 잠깐만요, 제가 다시 설명드리겠습니다. 저희가 사기 조직 일당을 검거하면서 압수한 장부와 휴대폰에서 본인 계좌번호가 확인됐어요. 그래서 명의도용인지, 아니면 직접 양도한 건지 확인 중입니다. 본인이 모른다고 하셔도 지금 계좌는 동결 대상으로 들어가 있습니다. 계좌가 동결되면 출금이 안 되고, 체크카드도 못 쓰고, 자동이체도 멈춥니다. 네? 제가 그런 적 없는데요. 그러면 더더욱 빨리 본인 확인이 필요합니다. 이거 지금 늦어지면 압수 절차로 전환되고, 수사기록에 불리하게 남습니다. 그리고 다른 번호로 전화하시면 안 됩니다. 특히 지인이나 가족에게 절대 알리지 마세요. 제가 왜 그러냐면, 음, 외부 연락이 들어가면 자금 추적이 깨지거든요. 지금은 본인만 알고 계셔야 해요. 사건번호 말씀드릴게요. 2026-0441입니다. 메모하셨죠? 그다음에 하나은행 말고 국민은행, 농협, 기업은행 중에 사용하시는 계좌 있으면 말씀해 주세요. 아니 왜 자꾸 계좌를 물어보세요? 본인 명의 보호조치 들어가려면 은행 확인이 필요합니다. 지금 바로, 바로 말씀 안 하시면 전체 계좌 조회가 들어가고, 거래정지까지 걸립니다. 아, 네? 기업은행이요? 좋습니다. 끝번호 불러주시면 제가 확인해 드릴게요. 그리고 이 통화는 녹취됩니다. 절대 다른 데 말씀하지 마십시오.",1,수사기관 사칭형,augmented_llm
aug_수사기관 사칭형_0031,"여보세요, 김도현 씨 맞으십니까? 아, 네. 저는 서울중앙지방검찰청 형사부 사건 담당 검사 보조로 나온 최진우라고 합니다. 지금 통화 가능하십니까? 네? 아 예, 무슨 일이시죠? 다름이 아니고요, 본인 명의로 된 농협 계좌가 대포통장으로 확인돼서 연락드렸습니다. 네? 농협이요? 본인은 모르신다고 하더라도 지금 검거된 불법 자금 흐름에서 김도현 씨 이름으로 된 통장이 발견됐어요. 음, 이 부분은 그냥 넘어갈 수 있는 사안이 아닙니다. 검찰청에서 바로 동결 요청 들어갔고, 계좌 지급정지, 그러니까 쉽게 말하면 지금 묶이는 상태로 들어가요. 본 건에 대해서는 음, 말씀드리자면 누군가 명의를 도용했을 가능성과, 본인이 연루됐을 가능성을 같이 봐야 합니다. 아 잠깐만요, 그게 아니고요. 지금 중요한 건 제3자와 통화하시면 안 된다는 겁니다. 가족분, 지인분, 금융기관에도 지금 바로 말씀하시면 안 돼요. 왜냐하면 외부에 새면 증거 인멸로 오해받을 수 있습니다. 제가 제가 드리는 말씀이 좀 딱딱하게 들리실 수 있는데, 지금 바로 바로 확인 안 하시면 압수 절차로 넘어갈 수 있습니다. 본인 신분증 있으시죠? 네. 그럼 제가 안내하는 대로 농협 앱 들어가셔서 계좌 번호 앞자리부터 확인하시고, 본인 명의로 된 다른 계좌도 있는지 말씀해 주세요. 국민은행, 하나은행, 기업은행 포함해서요. 잠깐만요, 지금 휴대폰 화면 보시면서요. 네? 그게 아니라, 그러니까 제가 말씀드리는 건 일단 메모부터 하세요. 사건번호 2024-1187번입니다. 네, 그리고 이 통화는 녹취됩니다. 네. 본인 명의로 개설된 계좌 정보가 맞는지 확인되면 바로 조치 들어가겠습니다. 지금 지금 바로 협조하셔야 합니다.",1,수사기관 사칭형,augmented_llm
aug_수사기관 사칭형_0032,"지금 전화 받으신 분, 이지은 씨 되시죠? 예? 네. 저는 경찰청 금융범죄수사대 이성훈 수사관입니다. 통화는 짧게 갈게요. 현재 본인 명의의 하나은행 계좌가 범죄 자금 세탁에 이용된 정황이 확인됐습니다. 하나은행이요? 저 그런 거 없는데요. 아, 없으시다고요? 그런데 저희가 압수한 휴대용 저장장치에서 본인 주민등록번호로 개설된 계좌가 잡혔어요. 이건 명의도용 사건으로도 갈 수 있고, 공범 검토로도 갈 수 있습니다. 그러니까 지금은 당황하실 상황이 아닙니다만, 지금 당장 은행이나 가족에게 이야기하시면 안 됩니다. 왜요? 네, 그게 아니라요, 지금 외부 접촉이 들어가면 계좌 추적이 꼬여서 본인 계좌까지 전부 동결될 수 있어요. 아, 잠깐만요 그게 아니고요. 본인 명의로 된 계좌 중에 하나은행 말고 국민은행, 기업은행, 농협 계좌도 있으신지 확인해야 합니다. 네? 왜 말씀드리냐면, 발견된 통장들이 전부 본인 명의라서요. 음, 이 상태로 가면 압수수색 영장 신청까지 이어질 수 있습니다. 제가 무섭게 들으시라고 하는 게 아니라 실제로 그렇습니다. 본인 지금 집이시죠? 네. 집에서 다른 사람 있으면 잠깐 나가 주세요. 통화 내용은 비밀 유지입니다. 제3자와 상의하시면 안 돼요. 이거 지금 조금만 늦어도 계좌 지급정지, 출금정지까지 같이 걸립니다. 본인께서 모르면 모른다고만 하시면 됩니다. 다만 확인용으로 본인 명의 계좌번호 앞 네 자리, 그리고 최근 이체 내역이 있는지 말씀해 주셔야 해요. 네? 아 잠깐만요, 제가 제가 다시 설명드릴게요. 하나은행 계좌의 마지막 사용 시점부터요. 지금 바로 말씀해 주셔야 합니다.",1,수사기관 사칭형,augmented_llm
aug_수사기관 사칭형_0033,"여보세요, 금융감독원 민원조사팀입니다. 성함이 박수민 씨 맞으세요? 네? 네. 저는 조사관 오세진입니다. 지금 본인 명의 대포통장 관련해서 즉시 확인 전화 드렸어요. 대포통장이요? 본인은 전혀 모르신다고 하실 수 있는데, 저희 쪽에선 이미 서울중앙지방검찰청으로 사건 이첩 준비 중입니다. 아, 근데 저 그런 적 없어요. 네, 알겠습니다. 그런데요, 명의도용 피해인지 아니면 본인 관여인지 구분하려면 지금 바로 답변하셔야 해요. 시간이 많지 않습니다. 본인 이름으로 농협과 기업은행 계좌가 사용됐고, 거기서 불법 자금이 빠져나갔습니다. 음, 계좌 동결은 이미 걸렸을 수 있어요. 그러니까 쉽게 말해서 출금이 막힐 수 있다는 뜻입니다. 잠깐만요, 제 말 끊지 마시고 들어주세요. 지금 가장 중요한 건 비밀 유지입니다. 주변 누구한테도 말하지 마시고, 특히 가족이나 직장 동료한테는 절대 알리지 마세요. 왜냐하면 제3자 개입되면 사건이 커지고, 본인도 조사를 받아야 하거든요. 네? 아 예, 알겠습니다. 그리고 본인께서 사용하시는 다른 계좌, 하나은행 있으면 하나은행, 국민은행 있으면 국민은행, 전부 말씀해 주세요. 지금은 숨기실 필요 없습니다. 저희는 합법적으로 확인하는 거예요. 본인 인증해야 하니까 주민등록번호 앞 여섯 자리, 그리고 최근 거래한 금액도 확인합니다. 아, 제가 제가 말씀드리는 건 이게 협박이 아니라 절차라는 겁니다. 이 통화는 녹음되고 있습니다. 네. 그러니까 지금 즉시 계좌 정보 확인 안 되면 압수 절차로 넘어갈 수밖에 없어요.",1,수사기관 사칭형,augmented_llm
aug_수사기관 사칭형_0034,"잠깐만요, 김영호 씨 핸드폰 맞으시죠? 네? 네, 여기는 검찰청 수사관입니다. 지방검찰청 형사제일부 김태식입니다. 지금 말씀드리는 건 아주 중요합니다. 본인 명의로 된 국민은행 계좌가 불법 도박 자금 통로로 확인돼서 바로 연락드렸어요. 국민은행이요? 저는 없는데요. 아, 없다고 하셔도 이미 계좌 개설 기록이 잡혔습니다. 명의도용일 수도 있고, 본인이 통장을 넘긴 정황일 수도 있어요. 지금 바로, 바로 확인하셔야 합니다. 아니 그게 아니라, 저 진짜 몰라요. 네, 그래서 더 문제입니다. 지금 이 사건은 계좌 지급정지, 압수, 그리고 추가로 체포영장까지 검토되는 사안입니다. 너무 놀라지 마시고 듣고 계세요. 음, 본인 명의 다른 은행 계좌도 있는지 확인해야 돼요. 농협, 하나은행, 기업은행 포함해서요. 혹시 가족이 옆에 계시면 잠깐 통화 끊고 혼자 계세요. 제3자 통화 금지입니다. 이건 그냥 제가 드리는 주의가 아니고, 수사상 필요한 조치예요. 아, 잠깐만요, 제가 정리해 드릴게요. 본인이 직접 개설한 계좌인지, 아니면 누가 대신 만든 건지부터 말씀해 주셔야 합니다. 계좌 번호 앞자리, 마지막 네 자리, 최근 입금 시간까지요. 네? 지금 바로요. 네, 지금 지금요. 본인께서 협조 안 하시면 계좌 압수 쪽으로 넘어갑니다.",1,수사기관 사칭형,augmented_llm
aug_수사기관 사칭형_0035,"여보세요, 경찰청입니다. 혹시 정민재 씨 되십니까? 아, 네. 저는 사이버범죄수사대 소속 한도윤 수사관이고요. 다름이 아니라 본인 명의 농협 계좌가 대포통장으로 확인됐습니다. 네? 농협 계좌요? 저 없습니다. 음, 그러면 더 빨리 확인하셔야 합니다. 지금 저희가 확보한 자료상으로는 본인 주민번호로 개설된 계좌가 범죄 조직에 넘어간 상태예요. 이거는 단순 문의가 아니고, 계좌 동결이 바로 들어갈 수 있는 사건입니다. 잠깐만요, 지금 제가 말씀드리는 동안 다른 데 전화하시면 안 됩니다. 은행, 가족, 친구 누구든요. 제3자와 접촉하면 안 돼요. 본 건에 대해서는 비밀 유지가 핵심입니다. 왜냐하면 정보가 새면 본인도 피의자 전환될 수 있거든요. 아, 그게 아니라 지금은 피해자 여부부터 판단해야 합니다. 본인 명의 계좌가 농협 말고 하나은행, 국민은행, 기업은행에도 있는지 전부 말씀해 주세요. 네? 왜요? 네, 계좌 추적을 해야 해서요. 그리고 최근에 누가 신분증 사진 요구한 적 있나요? 있으면 바로 말씀해 주세요. 없으시면 없다고 하시면 됩니다. 이 통화는 녹취됩니다. 네. 지금 바로 답변 안 하시면 압수수색 협조 요청까지 올라갈 수 있습니다. 그러니까, 그러니까 미루지 마시고 계좌번호 앞자리부터 말씀해 주세요.",1,수사기관 사칭형,augmented_llm
aug_수사기관 사칭형_0036,"여보세요, 네 맞습니다. 서울중앙지방검찰청 형사부 쪽인데요, 지금 본인 명의로 된 농협 계좌가 범죄 자금 이동에 사용된 정황이 확인돼서 바로 연락드렸습니다. 아, 잠깐만요. 지금 이건 본인 확인이 먼저 돼야 해서요. 저는 담당 수사관 김도현이고, 본 건에 대해서 음, 말씀드리자면 명의도용 계좌가 검거 현장에서 나왔습니다. 농협이요? 저는 농협 안 쓰는데요. 네, 그래서 연락드리는 겁니다. 본인 계좌가 아니라도 주민등록번호가 유출되면 타인이 개설할 수 있거든요. 지금 확인된 건 하나은행과 농협 두 건이고, 이 계좌들에 불법 도박 자금이 들어갔습니다. 네? 아니 저는 그런 적 없어요. 그러니까 지금 본인이 안 쓰셨다는 건 이해했는데, 계좌 지급정지, 쉽게 말하면 묶인다고요. 지금 바로, 바로 확인 안 하시면 압수 절차로 넘어갑니다. 제3자 연락은 하지 마시고요, 가족분이나 지인에게도 말하지 마십시오. 이 사건은 외부로 새면 안 됩니다. 제가 제가 드리는 말씀이, 지금 통화 중에 다른 분 연결되면 조사에 지장이 생겨요. 네, 알겠습니다? 일단 본인 명의로 확인된 계좌번호 끝 네 자리를 말씀해 주셔야 합니다. 국민은행도 쓰시죠? 네? 그건 왜요? 지금 현재 파악된 계좌와 대조해야 해서요. 국민은행, 기업은행, 하나은행 중에 사용 중인 게 있으면 말씀해 주세요. 아, 잠깐만요. 지금 지금 숨기시면 불리해집니다. 계좌 동결은 이미 진행됐고, 추가 계좌가 있으면 같이 묶일 수 있어요. 네, 번호 말씀해 주시겠습니까? 잠깐만요, 메모하실 수 있죠? 사건번호는 이천이십사-삼칠육이요. 그리고 오늘 안에 금융감독원 협조 절차 들어갑니다. 네, 지금부터는 저희 안내 없이는 이체도 출금도 하시면 안 됩니다.",1,수사기관 사칭형,augmented_llm
aug_수사기관 사칭형_0037,"지금 통화 가능하십니까? 여기는 경찰청 사이버수사계입니다. 저는 오지훈 수사관이고요, 선생님 명의가 대포통장 명단에서 나와서 급히 연락드렸습니다. 대포통장이요? 네, 서울 쪽에서 검거된 사건인데, 현장에서 보안카드, 통장, 신분증 사본이 한꺼번에 나왔습니다. 그중에 본인 이름으로 된 국민은행 계좌가 확인됐어요. 아니 저는 국민은행 하나만 쓰는데요. 네, 그래서 더 말씀드리는 겁니다. 지금 이 계좌가 범죄에 연루된 걸로 조회됐고, 지급정지 안 되면 압수로 넘어갑니다. 아, 그게 아니라, 그러니까 본인 계좌가 이미 범죄 계좌로 분류된 상태예요. 저희가 지금 조사하는 건 본인이 직접 개설했는지, 아니면 명의도용 피해자인지 그거 확인하려는 거고요. 혹시 최근에 누가 신분증 사진 달라 한 적 있습니까? 아니요. 그럼 개인정보 유출 가능성이 있습니다. 여기서 중요한 건, 지금 다른 사람한테 전화하시면 안 됩니다. 은행에도 임의로 문의하지 마세요. 왜요? 네, 지금 은행 측에 들어가면 말이 꼬일 수 있어서요. 제가 제가 설명드릴게요. 본인 명의로 된 농협, 하나은행, 국민은행 계좌가 더 있는지 확인이 필요합니다. 어, 저기 잠깐만요. 그런 거 없는데요? 없으시면 없다고 말씀하시면 되고, 있으면 바로 말씀하셔야 합니다. 지금 말 안 하시면 고의 은닉으로 보일 수 있어요. 네? 아니 그렇게까지요? 네, 그래서 긴급하게 연락드린 겁니다. 이 통화는 녹취됩니다. 그리고 제3자에게는 절대 공유하지 마세요. 가족분한테도요. 지금 바로 본인 명의 계좌 끝자리 확인해 주시겠습니까? 아니 그걸 왜 알려드려야 하죠? 사건 정리하고 동결 해제 여부 보려면 필요합니다. 지금 처리 안 하시면 체포영장, 아니, 그건 아니고요, 오해 없게 말씀드리면 참고인 전환이 어려워집니다. 그러니까 협조부터 해주셔야 됩니다. 하나은행 끝자리 말씀해 주세요.",1,수사기관 사칭형,augmented_llm
aug_수사기관 사칭형_0038,"아, 본인 맞으시죠? 지금 저 금융감독원 조사협력팀입니다. 저희가 방금 검찰청에서 이첩받은 건이 하나 있는데요, 본인 명의로 개설된 기업은행 계좌가 불법 자금 세탁에 사용된 사실이 확인됐습니다. 네? 기업은행이요? 네, 기업은행 맞습니다. 선생님 본인 계좌가 아니라도 명의가 들어가면 책임이 연결됩니다. 지금 이 건은 단순 민원이 아니고 수사 건이에요. 저는 이수민 조사관이고요, 신분 먼저 말씀드릴게요. 제가 지금 말씀드리는 이유는, 검거된 피의자 쪽에서 선생님 주민번호 일부가 발견됐거든요. 아, 잠깐만요. 그럼 제가 뭘 잘못한 거죠? 아직 단정은 안 합니다. 다만 대포통장으로 분류되면 계좌는 즉시 동결되고, 자금이 더 들어가 있으면 압수 절차까지 갑니다. 네. 그러니까 본인이 최근에 기업은행, 하나은행, 농협 계좌를 개설한 적 있는지 하나씩 확인해야 합니다. 저는 그런 적 없는데요. 음, 그럼 명의도용 가능성이 높습니다. 그런데 지금 여기서 중요한 게, 주변 사람들한테 절대 말하면 안 됩니다. 다른 통화 받으시면 안 되고, 문자도 보내지 마세요. 왜요? 외부 접촉되면 수사 보안상 사건이 복잡해져요. 네, 알겠습니다. 그리고 본인 계좌번호를 지금 바로 확인해 주셔야 해요. 제가 제가 드리는 말씀이, 끝 네 자리만 말씀하시면 됩니다. 아니 그거 말씀드리기 좀 그런데요. 안 주시면 확인이 안 돼서 계좌 동결 상태가 길어질 수 있습니다. 지금 바로요, 바로. 네? 아, 네. 하나은행이랑 기업은행 끝자리 확인해 보시고 말씀 주세요. 제가 옆에서 대기하겠습니다.",1,수사기관 사칭형,augmented_llm
aug_수사기관 사칭형_0039,"여보세요, 서울중앙지방검찰청입니다. 형사7부 박세진 검사 직통인데요. 지금 본인 명의가 범죄조직 대포통장으로 확인돼서 급히 연락드렸습니다. 검사라고요? 네, 검사 맞습니다. 지금 검거된 사건에서 농협 통장하고 국민은행 통장이 나왔고, 그 명의자가 선생님으로 되어 있습니다. 아니 저는 그런 통장 없는데요. 네, 그게 바로 명의도용 가능성입니다. 본인이 개설 안 했어도 정보가 넘어가면 생깁니다. 아, 그게 아니라 그러니까 제가 말씀드리는 건, 지금 이 계좌들이 자금세탁에 쓰였고 지급정지 상태로 들어갔다는 겁니다. 지금 바로 조사 협조하셔야 해요. 가족분이나 회사에는 말하지 마세요. 특히 제3자 연결은 금지입니다. 네, 왜요? 이 단계에서 외부 누설되면 피의자 쪽이 도주할 수 있습니다. 그래서 비밀 유지가 중요합니다. 지금 본인 명의 계좌가 농협 하나은행 기업은행 중에 더 있는지 말씀해 주세요. 없어요. 없으면 없다고 다시 한번 진술해 주시면 됩니다. 그리고 혹시 최근에 신분증을 사진으로 보낸 적 있습니까? 음, 뭐 어디 제출한 적은 있는데요. 그러면 그 경위도 필요합니다. 지금 이 통화 녹취는 증거자료로 남고, 본인이 협조하면 피해자 처리로 정리될 수 있습니다. 안 그러면 압수수색 연계까지 가요. 잠깐만요, 그런 식으로 말하면 제가 너무 놀라는데요. 놀라실 수 있습니다만 지금 상황이 급합니다. 계좌 압류가 이미 임박했고, 오늘 안에 본인 확인 못 하면 더 묶입니다. 그러니까 끝자리 확인, 바로 해주세요. 제가 제가 확인해서 부를게요. 네, 좋습니다. 천천히 말씀하셔도 되지만 지금 지체되면 안 됩니다. 끝 네 자리, 하나은행부터 말씀해 주세요.",1,수사기관 사칭형,augmented_llm
aug_수사기관 사칭형_0040,"지금 받으신 전화 끊지 마시고 들으십시오. 경찰청 수사본부입니다. 저는 최현우 수사관이고, 선생님 주민번호로 개설된 국민은행 계좌가 불법 도박 사이트 자금 통로로 확인됐습니다. 네? 제가요? 네, 선생님 명의입니다. 검거된 피의자가 선생님 명의로 계좌를 돌렸고, 농협이랑 기업은행 계좌까지 같이 묶여 있습니다. 저는 그런 거 진짜 몰라요. 네, 그래서 명의도용 피해 가능성을 보는 겁니다. 그런데 지금은 말 조심하셔야 돼요. 다른 사람한테 말하면 안 됩니다. 어머니, 배우자, 자녀 누구한테도요. 왜냐하면 제3자 접촉이 있으면 수사 보안이 깨져서 계좌 회복이 더 늦어집니다. 아, 그러면 제가 어떻게 해야 되는데요? 지금 바로 본인 사용 계좌를 확인하셔야 합니다. 국민은행, 하나은행, 농협 중에 실사용 계좌가 있으면 끝 네 자리 말씀해 주세요. 없으면 없다고 하시고요. 네, 없는데요. 그러면 최근 개설 계좌는 전부 동결 대상입니다. 그리고 본인께서 이걸 은행에 직접 문의하면 안 됩니다. 저희 지시 없이 움직이시면 안 돼요. 지금 이체 요청이나 인증번호 입력 같은 거 하시면 계좌가 더 위험해집니다. 네, 알겠습니다. 본 통화는 녹취 중이고, 오늘 안에 계좌 정보 확인이 끝나야 합니다. 아, 잠깐만요. 이거 끝나면 제가 다시 전화드려도 되나요? 아니요, 지금은 저희가 다시 연락드릴 때까지 기다리셔야 합니다. 사건번호 메모하세요. 이천이십오-일팔사구. 지금부터는 휴대폰 옆에 두시고 다른 통화 받지 마십시오. 본인 명의 계좌 끝자리부터 말씀해 주시죠.",1,수사기관 사칭형,augmented_llm
aug_수사기관 사칭형_0041,"여보세요, 네 본인 맞으시죠? 서울중앙지방검찰청 형사부입니다. 제가 지금 바로 말씀드릴 건데, 본인 명의로 된 농협 계좌가 대포통장 사건에 연루된 게 확인됐습니다. 잠깐만요, 일단 끊지 마시고 들으세요. 지금 이 통장은 단순 참고가 아니라 범죄수익이 오간 계좌로 조회가 됐고요, 계좌 동결, 그러니까 쉽게 말하면 묶임 처리 들어가 있습니다. 본인께서 직접 개설한 게 맞는지, 아니면 명의도용인지 그거 확인해야 해서 연락드린 거예요. 아 잠깐, 저 지금 제가 말씀드리는 건 협조만 하시면 되는 부분입니다. 제3자한테는 절대 말하지 마세요. 가족이든 친구든 지금 말씀하시면 수사 방해가 될 수 있어요. 네? 아니 본인이 먼저 아니라고 하셔도 돼요. 저희가 이미 금융감독원 통해서 확인한 건 본인 주민번호로 농협 계좌가 잡혔다는 겁니다. 그리고 같은 명의로 하나은행 계좌도 추가 발견됐고요. 이게 지금 범죄조직이 입금받는 용도로 사용됐습니다. 지금 바로, 바로 확인 안 하시면 압수 절차가 넘어가서 출금도 못 하십니다. 본인 명의가 맞는지 한 번만 말씀해 주세요. 계좌번호 전체는 말하지 마시고 끝 네 자리만 확인하겠습니다. 그리고 이 통화는 녹취됩니다. 녹취되니까 사실대로만 말씀하시면 됩니다. 네, 천천히요. 하나은행이랑 농협, 이 두 개 말고 또 사용하시는 계좌 있으십니까? 없다고요? 알겠습니다. 그럼 타인에게 계좌를 빌려준 적도 없고요? 네? 잠깐만, 그럼 본인 아니면 누가 이 계좌를 만들 수가 없거든요. 주민등록증 분실한 적 있으시죠? 아, 없으세요? 그럼 명의도용 가능성이 커집니다. 지금부터는 제가 안내하는 대로만 하셔야 합니다. 다른 전화 받지 마시고, 은행에도 먼저 전화하지 마세요. 그러면 수사정보가 새어나가서 계좌가 아예 압류될 수 있습니다.",1,수사기관 사칭형,augmented_llm
aug_수사기관 사칭형_0042,"지금 통화 가능하십니까? 경찰청 지능범죄수사대 박성호 수사관입니다. 어, 다름이 아니라 본인 명의로 개설된 기업은행 계좌가 불법 자금 세탁에 이용된 정황이 확인됐습니다. 아, 처음 듣는 이야기시죠? 네, 보통 다 그러십니다. 그런데 저희가 검거한 사건 현장에서 대포통장 다수와 함께 본인 신분 정보가 묶인 서류가 나왔어요. 그러니까 쉽게 말하면 누가 본인 이름으로 통장을 돌려쓴 겁니다. 지금 지금 이 시점에서 가장 중요한 건 비밀 유지입니다. 가족, 직장, 지인 누구한테도 말하지 마세요. 제3자 개입되면 계좌 추적이 꼬여서 본인도 공범으로 오해받을 수 있습니다. 네? 아니 제가 협박하려는 게 아니라, 말씀드리자면 지금 계좌 압수 가능성이 있어서요. 본인 명의로 기업은행, 국민은행, 하나은행 이렇게 세 개가 잡히는데, 그중 기업은행에서 특히 고액 입출금이 반복됐습니다. 본인 사용한 적 없으시다고요? 음, 그럼 명의도용 쪽으로 봐야 합니다. 근데 제가 지금 바로 확인해야 하는 게 있습니다. 계좌 비밀번호는 묻지 않겠습니다. 대신 본인 명의 계좌가 몇 개인지, 그리고 사용 안 하는 계좌가 있는지 말씀해 주세요. 아 잠깐만요, 계좌 해지하면 된다고 생각하시면 안 됩니다. 지금은 동결 단계라서 임의로 움직이시면 오히려 계좌가 묶입니다. 네? 지금 다른 데 전화하실 거예요? 그러시면 안 됩니다. 저희가 보내드리는 사건번호 받아 적으시고, 안내 끝날 때까지 혼자 계세요. 혹시 주변에 누가 있으면 잠깐 자리 피해 주세요. 본인 확인만 되면 피해자 처리로 전환할 수 있습니다. 어, 이게 생각보다 급합니다. 지금 바로요.",1,수사기관 사칭형,augmented_llm
aug_수사기관 사칭형_0043,"금융감독원 조사팀입니다. 본인 성함 확인되셨고요, 저희가 오늘 오전에 서울 지역에서 적발된 명의도용 조직 관련해서 연락드렸습니다. 잠깐만요, 지금 놀라실 수 있는데 본인 이름으로 된 국민은행 계좌가 대포통장으로 발견됐어요. 네? 아니 저는 그런 거 없는데요, 그러실 줄 알았습니다. 그런데 통장 개설 내역이 잡혀 있습니다. 그리고 하나은행도 같이 묶여 있어요. 본인께서 직접 개설하신 적 없으시면 명의도용 피해로 분류될 수 있습니다. 반대로 누군가에게 빌려주셨다면 그건 수사 대상이 되고요. 지금 말씀 조심하셔야 합니다. 어, 그러니까 제가 말씀드리는 건 사실관계만 간단히요. 혹시 주변에 지금 전화 듣는 분 계시면 끊고 다시 걸어오시면 안 됩니다. 제3자와 통화 공유되면 안 돼요. 저희가 검찰청으로 이첩하기 전에 계좌 지급정지, 그러니까 출금 막는 절차를 진행하고 있습니다. 본인 명의 계좌가 압수되기 전에 피해자 진술을 받아야 해서요. 본인 주민번호 뒤자리가 맞는지, 그리고 최근에 문자로 인증번호 받으신 적 있는지 확인하겠습니다. 아, 잠깐만요, 그게 아니라 제가 드리는 말씀이 그 정도 정보도 없으시면 누군가 본인 인증을 훔쳐 쓴 겁니다. 네? 본인 계좌 끝 네 자리요? 그거 말씀해 주시면 조회가 됩니다. 지금 바로 안 하시면 동결이 길어져서 현금 인출도 못 하세요. 저희가 이건 악성 사기 계좌로 분류했기 때문에, 솔직히 말하면 본인도 수사 협조 대상입니다. 하지만 피해 사실만 입증되면 바로 풀립니다. 계좌 몇 개인지 말씀해 주세요. 농협도 있으신가요? 없다고요? 알겠습니다. 그럼 국민은행이랑 하나은행만 확인하겠습니다.",1,수사기관 사칭형,augmented_llm
aug_수사기관 사칭형_0044,"네, 여보세요. 검찰청 첨단범죄수사부입니다. 본인 앞으로 압수수색 결과가 통지돼서 연락드렸어요. 지금 본인 명의의 농협 통장이 범죄조직 자금 계좌로 사용된 게 확인됐습니다. 어, 놀라실 수 있는데 사실입니다. 그리고 같은 명의로 기업은행 계좌도 연동돼 있었고요. 지금 계좌 동결 요청이 이미 들어간 상태입니다. 그러니까 본인께서 지금 하실 일은 해명입니다. 가족한테 먼저 말씀하시면 안 되고, 은행 창구에 혼자 가시면 안 됩니다. 제3자 개입되면 저희가 확인하는 동안 자금이 빠져나갈 수 있어요. 본인께서 직접 개설한 적 없다고 하셨죠? 네, 그러면 명의도용 가능성이 높습니다. 그런데 본인 휴대전화로 계좌인증이 된 기록이 있어요. 아 잠깐, 이건 본인이 아니라 누가 썼는지 확인해야 해서요. 혹시 신분증 사진을 타인에게 보낸 적 있습니까? 없다고요? 음, 그렇다면 유출 가능성이 큽니다. 지금 제가 드리는 말씀이 좀 딱딱하게 들리실 수 있는데, 계좌 압수 전에 피해자 진술서가 필요합니다. 지금 바로, 바로요. 그리고 이 사건은 이미 수사기록에 올라가 있어서 거짓말하시면 오히려 불리합니다. 본인 명의 계좌가 몇 개인지, 사용 중인 은행이 농협, 하나은행, 국민은행 중 어디인지 말씀하십시오. 네? 다른 은행도 있냐고요? 일단 그건 추후 확인입니다. 지금은 이 세 개가 우선입니다. 잠시만요, 통화가 끊기면 제가 다시 못 드릴 수 있어서 끝까지 들으셔야 합니다. 이 통화는 녹취되고 있습니다. 녹취가 남기 때문에 정확히 답해 주세요.",1,수사기관 사칭형,augmented_llm
aug_수사기관 사칭형_0045,"여보세요, 경찰청 사이버수사대입니다. 본인 앞으로 긴급 통보가 하나 들어가서 연락드린 거예요. 지금 검거된 사건 현장에서 본인 명의의 하나은행 계좌와 국민은행 계좌가 동시에 나왔습니다. 어, 본인 것 같지 않으시죠? 네, 그런데 명의는 본인으로 되어 있습니다. 이 계좌들이 대포통장으로 쓰였고, 자금 흐름상 범죄 연루가 확인됐습니다. 본인께서 직접 사용 안 하셨다면 명의도용입니다. 하지만 누구에게라도 계좌를 알려준 적 있으면 얘기가 달라져요. 그래서 지금은 비밀 유지가 중요합니다. 가족, 직장동료, 지인에게 절대 말하지 마세요. 제3자 연락 차단하셔야 합니다. 잠깐만요, 제가 지금 설명드리는 건 아주 간단합니다. 본인 명의 계좌가 동결될 수 있고, 경우에 따라 압수 절차도 들어갑니다. 네? 아니요, 제가 겁주려는 게 아니라 실제 절차입니다. 지금 바로 확인해야 해서 계좌 끝 네 자리와 사용 은행만 말씀해 주세요. 농협도 있으신가요? 없으시다고요? 알겠습니다. 그럼 하나은행, 국민은행 두 개만 우선 보겠습니다. 아, 그리고 최근에 다른 사람 명의로 돈 받으신 적 있나요? 아니면 문자로 계좌번호를 알려준 적 있으세요? 없으시면 피해자로 정리할 수 있습니다. 그런데 시간이 길어지면 계좌가 묶여서 이체도 못 하고 출금도 제한됩니다. 그래서 바로, 바로 답하셔야 해요. 네, 잠깐만요, 본인 성함 다시 한번 확인할게요. 그리고 이 사건은 검찰청으로 넘겨질 예정입니다. 그러니까 지금은 저 말만 들으시면 됩니다.",1,수사기관 사칭형,augmented_llm
aug_수사기관 사칭형_0046,"여보세요, 김성호 씨 맞으십니까? 네? 네, 서울중앙지방검찰청 첨단범죄수사부입니다. 잠깐만요, 제가 지금 본인 확인부터 할게요. 김성호 씨 주민번호 뒤 네 자리 말씀하실 필요는 없고요, 본인 명의로 된 농협 계좌와 국민은행 계좌가 최근 대포통장으로 확인돼서 연락드린 겁니다. 대포통장이라고요? 네, 그러니까 쉽게 말해서 본인 명의가 범죄조직 쪽에 넘어가서 불법 자금이 오간 정황이 잡혔습니다. 이 부분은 가볍게 넘어가는 사안이 아니고요, 지금 바로, 바로 대응 안 하시면 계좌 지급정지, 압수, 그리고 출석 요구까지 이어질 수 있습니다. 어, 저는 그런 적 없는데요. 네, 모르시는 건 이해합니다. 저희도 그 부분 확인하려고 전화드린 거고요. 검찰 수사관 입장에서 말씀드리면, 본인 명의 농협 통장에서 8천만 원대 자금이 분산 이체된 흔적이 나왔습니다. 아니 저는 농협은 쓰는데 그런 이체는 안 했어요. 아 잠깐만요, 그게 아니고요, 지금 제가 묻는 건 본인이 직접 했냐 아니냐가 아니라 명의도용 피해 여부입니다. 누가 휴대전화나 주민등록증 사진을 요구한 적 있습니까? 음, 뭐 카드 배송 연락은 받은 적 있어요. 네, 그게 단서입니다. 지금 제3자, 가족분이든 지인이든 누구든 이 건에 대해서 이야기하시면 안 됩니다. 말씀 새면 증거인멸로 판단될 수 있어서요. 그리고 이 통화는 녹취됩니다. 네? 녹취요? 네, 전부 기록으로 남습니다. 본인께선 지금 금융감독원 연계 확인 절차를 거쳐야 하고, 제가 안내하는 대로 하나은행 계좌도 같이 점검해야 합니다. 근데 왜 하나은행이요? 검찰 쪽에서 확인된 불법 현장에 본인 이름으로 된 하나은행 체크카드가 같이 나왔습니다. 혹시 계좌 비밀번호나 보안카드 번호를 타인에게 알려준 적 있으세요? 아니요, 없어요. 좋습니다. 그럼 지금부터 본인 명의 계좌 현황을 확인해야 하니까, 농협과 국민은행 끝 네 자리만 말씀해 주시겠습니까? 확인 후 동결 해제 또는 압수 보류 조치가 갈립니다.",1,수사기관 사칭형,augmented_llm
aug_수사기관 사칭형_0047,"통화 가능하십니까? 지금 바쁘시면 안 됩니다, 급한 사안이라서요. 저는 경찰청 사이버수사대 박준혁 수사관이고, 본인 명의가 범죄에 이용된 정황이 잡혀 연락드렸습니다. 네? 제가요? 네, 맞습니다. 최근에 지방검찰청과 공조해서 대포통장 일당을 검거했는데, 현장에서 김도윤 씨 명의의 기업은행 통장과 하나은행 통장이 발견됐습니다. 아니 저는 기업은행만 있는데요. 그래서 확인하는 겁니다, 확인하는 거예요. 지금 본인 명의로 된 계좌가 타인에게 양도된 건지, 아니면 개인정보가 유출된 건지 구분해야 합니다. 혹시 은행에서 연락 온 적 없습니까? 어, 예금이 묶인다는 문자 받은 적은 있어요. 그렇죠, 그게 계좌 지급정지 예고입니다. 지금 바로 처리 안 하시면 동결이 아니라 압수 절차로 넘어갈 수 있습니다. 아, 잠깐만요, 제가 그런 걸 왜 당해야 돼요? 본인께서 잘못한 걸로 단정하는 게 아닙니다. 다만 현장에 나온 계좌가 본인 명의라서 수사관 입장에서 연락드리는 거고, 절차상 제3자와 상의하시면 안 됩니다. 가족분, 친구분, 심지어 은행 직원에게도 지금 설명하지 마세요. 아니 은행 직원한테도요? 네, 괜히 말이 새면 조사가 꼬입니다. 그리고 본인께서 지금 이체를 임의로 하시면 안 됩니다. 잠깐만요, 이체요? 네, 본인 명의 계좌 안전조치 명목으로 저희가 지정하는 계좌로 잔액을 옮겨야 합니다. 그게 아니라, 그러니까 제가 말씀드리는 건 범죄 자금과 분리해야 한다는 거예요. 지금 농협, 하나은행, 기업은행 중 본인 사용 계좌가 어떤 건지 하나씩 확인할 겁니다. 메모 가능하십니까? 네. 사건번호는 2024-검사-1179입니다. 지금 제가 안내하는 대로 안 하면 체포영장 검토까지 갈 수 있습니다.",1,수사기관 사칭형,augmented_llm
aug_수사기관 사칭형_0048,"네, 김미진 씨 되시죠? 아, 여보세요? 네, 검찰청 금융범죄수사팀입니다. 말씀 잠깐 드리겠습니다. 본인 명의의 국민은행 계좌가 명의도용돼 대포통장으로 확인됐습니다. 대포통장이요? 네, 본인도 모르게 개설되었거나, 아니면 유출된 정보를 통해 사용된 건데, 지금 이 계좌는 이미 범죄수익 흐름에 연결돼 있습니다. 저는 그런 계좌 없는데요. 음, 그럼 더 위험합니다. 왜냐하면 본인이 모르는 사이에 계좌가 열렸다는 뜻일 수 있어서요. 저희가 지금 서울중앙지방검찰청 쪽으로 접수된 사건을 보고 연락드리는 겁니다. 검찰 수사관 신분으로 말씀드리면, 본인 명의로 된 국민은행과 농협 계좌가 불법 사이트 자금 수거용으로 확인됐고, 동결 조치 예고가 내려갔습니다. 아니 그럼 어떻게 해야 돼요? 일단 비밀 유지입니다. 이 건은 누구한테도 말하시면 안 됩니다. 남편분, 자녀분, 회사 동료분에게도요. 네? 왜요? 제3자 개입되면 공범 오인될 수 있습니다. 그리고 지금 제가 확인하는 동안 절대 다른 통화 받지 마세요. 차단해 주셔야 합니다. 잠깐만요, 다른 전화도 오면 안 돼요? 네, 금융감독원 확인 전화도 저희가 이어서 드릴 거라 그 전까지는 외부 연락 끊으셔야 합니다. 본인 계좌번호 끝 네 자리랑, 최근 입출금 내역에서 모르는 이체가 있었는지 말씀해 보세요. 음, 3일 전에 모르는 돈이 들어왔다가 나갔어요. 네, 그 부분입니다. 지금 바로 본인 명의 계좌를 안전조치 안 하면 압수수색 영장으로 넘어갈 수 있습니다.",1,수사기관 사칭형,augmented_llm
aug_수사기관 사칭형_0049,"잠시 통화 괜찮으세요? 저는 금융감독원 특별조사관이라고 말씀드리겠습니다. 다름이 아니라 본인 명의로 개설된 하나은행 통장이 대포통장 거래에 이용된 사실이 확인됐습니다. 하나은행이요? 네, 하나은행 그리고 기업은행 두 건입니다. 지금 이건 단순 민원 아닙니다. 계좌 동결 대상이고, 추가 확인 없으면 지급정지 상태로 넘어갑니다. 어, 저는 그런 통장 만든 적이 없는데요. 네, 그러니까 그 부분이 중요합니다. 명의도용인지, 아니면 유출된 개인정보로 누군가 개설했는지 확인해야 합니다. 본인 신분증 사진, 휴대전화 인증번호, 공인 번호 같은 거 타인에게 준 적 있으십니까? 음, 예전에 택배 관련해서 사진 찍어 보낸 적은 있는데요. 아, 그게 아니라, 그러니까 제가 말씀드리는 건 그게 유출 경로일 수 있다는 겁니다. 지금 본인 계좌가 범죄수익 세탁에 쓰였고, 저희가 검찰청과 연계해서 동결 예정입니다. 그러면 어떡해요? 일단 비밀 유지하셔야 합니다. 지금 상황을 다른 은행에 문의하거나, 가족에게 알리면 정지 처리에 더 시간이 걸립니다. 아니 왜 가족한테도 말하지 말라고 해요? 네, 조사 혼선이 생깁니다. 그리고 본인 자산 보호를 위해 제가 안내하는 절차대로 지금 바로 잔액 확인을 하셔야 해요. 지금 본인 농협 계좌 잔액이 얼마죠? 잠깐만요, 왜 잔액을 물어요? 범죄 연루 자금이 섞였는지 확인하려는 겁니다. 제가 지금 문자로 확인 링크를 보내드릴 테니, 그쪽으로 들어가서 계좌 정보를 다시 입력해 주십시오. 이 통화는 녹취되고 있고, 허위 진술 시 책임이 커집니다.",1,수사기관 사칭형,augmented_llm
aug_수사기관 사칭형_0050,"여보세요, 경찰청 지능범죄수사팀입니다. 정현우 씨 통화 맞으시죠? 네, 저희가 방금 지방검찰청과 합동으로 검거한 조직에서 정현우 씨 명의의 국민은행 계좌와 기업은행 계좌가 나와서 연락드렸습니다. 네? 제 계좌가요? 네, 맞습니다. 검거 현장에서 대포카드, 위조 신분증, 그리고 다수의 대포통장이 압수됐고요. 그중에 본인 이름이 적힌 계좌가 확인됐습니다. 아니 저는 진짜 몰라요. 네, 모르는 게 더 정상일 수 있습니다. 지금 본인 명의가 도용됐을 가능성이 커서요. 다만 이 상태로 놔두면 계좌 동결, 압수, 출석 통보까지 이어질 수 있습니다. 아, 그러면 제가 뭘 해야 돼요? 먼저, 지금 주변 사람한테 연락하지 마세요. 제3자 차단부터 하셔야 합니다. 그리고 은행에 직접 전화하시면 안 됩니다. 그게 아니라, 그러니까 제쪽에서 정리되는 순서가 있습니다. 잠깐만요, 은행에 전화도 하면 안 돼요? 네, 통화가 엇갈리면 증빙이 꼬입니다. 지금 저희가 확인해야 하는 건 본인 명의 농협 계좌가 최근에 새로 생겼는지, 아니면 기존 계좌가 범죄에 이용됐는지입니다. 저는 농협 계좌 없는데요. 그렇다면 더더욱 명의도용 가능성이 높습니다. 현재 이 사건은 금융감독원에도 넘어가 있고, 본인께서 협조하지 않으면 계좌 지급정지 후 체포영장 검토가 들어갑니다. 메모하세요, 사건번호는 2025-경찰-4402입니다. 그리고 제가 다시 연락드릴 때까지 다른 전화 받지 마시고, 계좌번호와 최근 이체 내역 준비해 두십시오.",1,수사기관 사칭형,augmented_llm
aug_수사기관 사칭형_0051,"여보세요, 맞으십니까? 네, 서울중앙지방검찰청입니다. 저는 형사부 박준호 검사라고 하고요. 지금 통화 가능하시면 잠깐만, 아주 잠깐만 확인드리겠습니다. 본인 명의로 된 농협 계좌하고 하나은행 계좌가 오늘 오전에 불법 자금세탁 경로에서 발견됐습니다. 아니, 본인께서 직접 쓰시는 계좌 맞으시죠? 네? 아니라고요? 네, 그러실 수 있습니다. 그런데 저희가 검찰 전산하고 금융감독원 공문으로 대조했을 때, 이 계좌가 대포통장으로 넘어간 정황이 확인됐어요. 그러니까 쉽게 말씀드리면 본인 명의가 도용됐거나, 아니면 제삼자에게 넘겨진 겁니다. 지금 바로, 바로 조치 안 하시면 계좌 지급정지 들어가고요, 필요하면 압수 절차까지 갑니다. 네, 압수요. 이건 장난이 아닙니다. 그리고 지금 이 사건은 비밀 유지가 우선입니다. 가족분이나 지인분한테 말씀하시면 안 되고요, 특히 다른 사람 계좌로 이체하거나 상담하는 거 절대 안 됩니다. 아 잠깐만요, 제가 말씀드리는 건 본인 보호 절차입니다. 지금 본인 주민번호 앞자리 확인 가능하십니까? 아니, 아니면 휴대전화 뒤 네 자리라도 말씀해 주셔야 됩니다. 제가 제가 드리는 말씀이 길어지면 헷갈리실 수 있는데, 핵심은 본인 계좌가 범죄에 연루돼서 동결될 수 있다는 겁니다. 지금 확인 안 하시면 체포영장까지 검토됩니다. 네? 왜 제가 이런 말을 하냐고요? 검찰청 사건번호가 있고, 저희가 실제로 압수한 대포통장 중에 본인 명의가 찍혀 있어서 그렇습니다. 지금 주변에 다른 분 계시면 통화 끊고 혼자 받으세요. 예, 혼자요. 그리고 말씀 도중에 끊으시면 안 됩니다. 제 질문에만 답하시면 됩니다. 농협, 하나은행 말고 다른 은행 계좌 있으십니까? 국민은행이요? 알겠습니다. 그 국민은행도 지금 확인 대상입니다. 계좌번호 전체는 아니고 끝자리만, 끝자리만 불러주시겠습니까? 잠깐만요, 왜 그런 걸 묻냐고요? 동결 전에 본인 계좌인지 확인해야 합니다. 자, 빨리 말씀해 주세요.",1,수사기관 사칭형,augmented_llm
aug_수사기관 사칭형_0052,"네, 경찰청 사이버수사대입니다. 통화하시는 분 성함은 제가 기록해 두고 있고요. 본건은 명의도용 금융사건으로 접수돼서 지금 확인 연락드린 겁니다. 혹시 지금 목소리 잘 들리십니까? 네, 잘 들리시면 됩니다. 저희가 어제 검거한 조직에서 국민은행, 기업은행, 농협 통장 다수 압수했는데 그중에 선생님 이름으로 개설된 계좌가 포함돼 있습니다. 아니, 처음 듣는다고요? 네, 그게 정상 반응이십니다. 그런데 지금 문제가 뭐냐면, 그 계좌가 대포통장으로 사용됐고, 불법 도박 자금이 들어갔다가 빠져나간 정황이 잡혔어요. 그래서 계좌는 우선 지급정지, 그러니까 묶는 조치가 들어갑니다. 본인 의사랑 상관없이요. 음, 제가 설명을 조금 더 드리면, 지금 이 통화는 녹취됩니다. 그러니까 말씀하시는 내용이 사건 자료로 남습니다. 아, 잠깐만요. 가족이나 주변 사람한테 바로 전화하시면 안 됩니다. 지금은 제삼자 접촉 차단이 우선입니다. 왜냐하면 관련자들끼리 말 맞추는 걸 막아야 하거든요. 네? 아니, 제가 겁주려는 게 아니고요, 이미 금융감독원 쪽에서도 계좌 추적 공문이 내려간 상태입니다. 본인 명의로 된 계좌가 한 개만 더 나와도 전 계좌 압류 절차로 넘어갈 수 있어요. 그러니까 지금 현재 사용 중인 은행이 어디인지부터 말씀해 주셔야 합니다. 농협, 국민, 하나은행 중에 어떤 걸 쓰십니까? 아, 둘 다 쓰신다고요? 네, 그럼 끝자리 번호만 말씀해 주세요. 제가 다시 확인하고 정지 여부 안내드리겠습니다. 지금 바로 답을 안 주시면 계좌 동결이 자동 진행될 수 있습니다. 그리고 다른 사람에게 전화하시면 안 됩니다. 이 사건은 외부 유출되면 피해자 보호가 어렵습니다. 본인께서 협조만 하시면 되니까요. 차분히, 차분히 말씀해 주세요.",1,수사기관 사칭형,augmented_llm
aug_수사기관 사칭형_0053,"여보세요? 네, 금융감독원 검사역입니다. 지금 본인 명의 계좌가 범죄에 연루된 사실이 확인돼서 급히 연락드렸습니다. 혹시 농협이나 하나은행 계좌 개설하신 적 있으십니까? 네? 없다고요? 알겠습니다. 그런데 저희가 확인한 바에 따르면, 본인 주민등록번호로 개설된 계좌가 대포통장 거래에 사용됐습니다. 지금 이게요, 단순 문의가 아니라 압수·동결 대상입니다. 제가 제가 먼저 말씀드릴게요. 지금 계좌를 방치하면 본인 명의 전체가 위험해집니다. 아, 그리고 이 통화는 내부 기록용으로 남습니다. 네, 녹취됩니다. 그래서 거짓말하시면 안 됩니다. 본인이 혹시 최근에 신분증 사진을 누군가에게 보낸 적 있습니까? 아니요? 그럼 개인정보 유출 가능성이 있습니다. 아니, 잠깐만요, 그게 아니고요. 지금 문제는 누가 계좌를 만들었느냐보다 계좌가 어디에 쓰였느냐입니다. 저희가 검찰청과 공조해서 확인한 결과, 해당 계좌로 범죄수익이 입금된 뒤 바로 여러 차례 이체가 됐어요. 그래서 본인 계좌가 정상 계좌인지, 아니면 명의도용된 계좌인지 구분해야 합니다. 지금 주변에 계신 분들 있으면 다 피해주세요. 말씀 내용이 새어나가면 안 됩니다. 특히 가족한테도 말하지 마세요. 수사 중인 사안이라 공개되면 본인에게 불리합니다. 자, 질문드리겠습니다. 국민은행이나 기업은행 카드, 통장, 비밀번호를 다른 사람에게 맡긴 적 있습니까? 잠깐만요, 없다고요? 그럼 더더욱 계좌 정보 확인이 필요합니다. 끝번호 네 자리 말씀해 주세요. 지금 이 단계에서 협조 안 하시면 지급정지 후 압수 절차를 밟게 되고, 경우에 따라 소환 통보가 나갈 수 있습니다. 네, 소환입니다. 그러니까 지금 바로 말씀하셔야 됩니다.",1,수사기관 사칭형,augmented_llm
aug_수사기관 사칭형_0054,"지금 통화되십니까? 서울중앙지방검찰청 수사관입니다. 제가 본인께 확인드릴 건 딱 하나입니다. 본인 이름으로 된 하나은행 통장, 농협 통장이 최근 불법 자금 흐름에 들어갔습니다. 아니요, 본인이 안 쓰셨다고 하셔도 기록은 남아 있습니다. 음, 이 사건은 대포통장 명의도용 사건이고요, 피해자가 맞는지 아니면 연루자에 해당하는지 확인 중입니다. 지금 말씀 잘 들으셔야 합니다. 계좌는 우선 동결 조치가 들어가고, 필요하면 압수수색 영장으로 넘어갑니다. 아, 그리고 제삼자와 연락하시면 안 됩니다. 친척, 친구, 은행 창구 직원 포함해서요. 지금은 외부에 말하지 마세요. 제가 말씀드리는 동안도 다른 통화 받으시면 안 됩니다. 네? 왜 그런지 모르겠다고요? 범죄조직이 계좌를 돌려쓴 경우, 피해자가 먼저 은닉했다는 식으로 나올 수 있어서 그렇습니다. 그러니까 쉽게 말하면, 지금 본인 입장을 빨리 정리해야 합니다. 본인 주민번호와 사용 중인 은행명을 다시 한 번 확인하겠습니다. 국민은행만 쓰신다고요? 알겠습니다. 그런데 저희 압수 목록에는 국민은행 외에 기업은행도 있습니다. 혹시 카드만 만든 적은 없으십니까? 잠깐만요, 카드가 아니라 계좌 말하는 겁니다. 자꾸 헷갈리시면 제가 하나씩 다시 말씀드릴게요. 지금 가장 중요한 건 계좌번호 확인입니다. 끝 세 자리라도 좋습니다. 아니, 지금 못 말하시면 저희가 일단 선제적으로 지급정지 처리합니다. 그럼 출금도 못 하시고, 오히려 본인 피해가 더 커집니다. 빨리요, 지금요. 제가 제가 드리는 말씀이 과장처럼 들릴 수 있는데 실제로 이미 사건번호가 발부돼 있습니다. 협조하시면 피해자 처리로 넘어가고, 아니면 참고인 조사 통보가 갑니다.",1,수사기관 사칭형,augmented_llm
aug_수사기관 사칭형_0055,"네, 받으셨죠? 경찰청 지능범죄수사팀입니다. 잠깐 말씀드리겠습니다. 저희가 오늘 새벽에 불법 대포통장 조직을 검거했는데, 현장에서 선생님 명의의 국민은행 계좌가 나왔습니다. 아, 놀라실 수 있는데요, 지금 이건 명의도용 가능성이 높습니다. 본인 명의가 맞는지 확인해야 해서 전화드린 겁니다. 음, 현재 상태로는 계좌 동결 대상이고, 거래 내역은 전부 추적 중입니다. 혹시 최근에 통장이나 카드 분실하신 적 있으십니까? 없다고요? 네, 그럼 더 문제입니다. 누군가 신분증을 이용했을 수 있으니까요. 이 부분은 비밀로 하셔야 됩니다. 주변 사람한테 알리면 안 되고, 특히 은행에 먼저 가시면 안 됩니다. 왜냐하면 수사가 진행 중이라 정보가 새면 계좌 압수 처리가 늦어집니다. 아, 그게 아니라, 그러니까 제가 말씀드리는 건 본인 보호 절차예요. 지금 계좌번호를 전부 말하라는 뜻은 아니고, 확인용으로 은행과 끝자리만 불러달라는 겁니다. 국민은행 맞으시고, 하나은행도 있으십니까? 잠깐만요, 있다고요? 네, 그럼 두 계좌 모두 확인 대상입니다. 본인께서 알지 못하는 입금이나 이체가 있었는지도 봐야 합니다. 지금 그대로 두시면 불법 자금이 묶이면서 본인까지 연루됩니다. 그러면 소환장, 압수 절차, 체포영장까지 이어질 수 있습니다. 그래서 지금 바로 응답해 주셔야 돼요. 저는 수사관 신분으로 말씀드리는 겁니다. 장난 아니고요, 실제 사건입니다. 계좌 끝자리 말씀해 주십시오, 빨리요.",1,수사기관 사칭형,augmented_llm
aug_수사기관 사칭형_0056,"여보세요, 아 네. 서울중앙지방검찰청입니다. 지금 통화 가능하십니까? 잠깐만요, 제가 먼저 말씀드릴 게 있어서요. 본인 성함이 박성호 씨 맞으시죠? 네? 네 맞는데요. 네, 박성호 씨 명의로 된 농협 계좌가 지금 대포통장으로 확인돼서 연락드렸습니다. 대포통장이요? 아니 저는 그런 적이 없는데요. 아 그게, 그러니까 지금 바로 당황하실 필요는 없고요. 저희가 검찰청에서 이미 확인한 자료에 본인 주민번호, 주소, 그리고 계좌 개설 흔적이 다 나와 있습니다. 농협이랑 하나은행 쪽이 같이 묶여 있는데, 이게 범죄자들이 명의를 도용해서 사용한 정황입니다. 아니요, 전 농협만 쓰는데요? 네, 농협만 쓰신다고 하셨죠. 그런데 본인 명의로 추가 계좌가 하나 더 확인됐습니다. 지금 이 사건은 금융사기 조직이 검거된 건이고, 현장에서 대포카드랑 보안카드, 통장 다수 압수됐습니다. 압수된 물건 중에 박성호 씨 명의 통장이 발견된 거예요. 어, 그게 제 건지 어떻게 알아요? 저희가 은행 전산으로 대조한 겁니다. 그리고 이 계좌는 지금 계좌 지급정지, 그러니까 쉽게 말하면 묶이는 상태로 넘어갔어요. 동결 전 단계라서 지금 처리 안 하시면 압수 절차로 바로 이어질 수 있습니다. 아 잠깐만요, 제가 뭘 해야 되는데요? 지금부터는 제 안내만 따라오시면 됩니다. 먼저 제3자 연락 끊으셔야 합니다. 가족이든 지인이든 누구한테도 이 얘기 하시면 안 됩니다. 특히 은행이나 경찰에 따로 전화하시면 안 돼요. 아니 왜요? 수사 방해가 됩니다. 본건은 비밀 유지가 필요하고, 지금 외부에 흘러가면 공범으로 오해받을 수 있어요. 무조건 저희가 지정하는 절차로만 확인해야 합니다. 본인 계좌번호 뒷자리 말씀해 주실 수 있습니까? 아니 그걸 왜요? 피해자 본인 확인 절차입니다. 지금 지금 바로 확인 안 하시면 계좌 전체 압수가 들어갈 수 있습니다. 어, 잠깐만요. 제가 메모 좀 할게요. 네, 메모하시고요. 이 통화는 녹취됩니다. 박성호 씨 본인 명의 농협 계좌 끝 네 자리, 그리고 최근 하나은행 사용 여부 확인해야 합니다. 제가 제가 말씀드리는 건, 지금 바로 계좌 정보 확인 안 하시면 체포영장까지 검토될 수 있다는 겁니다. 체포영장이요? 네. 본인 명의가 범죄에 이용된 상태라서요. 그러니까 지금 바로, 바로 협조하셔야 됩니다.",1,수사기관 사칭형,augmented_llm
aug_수사기관 사칭형_0057,"통화 받으셨습니까? 네, 검찰청 수사 3부입니다. 저는 김도윤 수사관이고요. 말씀드리기 전에 먼저 확인할 게 있습니다. 혹시 최은정 씨 되십니까? 네, 맞는데요. 네, 최은정 씨 명의로 된 국민은행 계좌가 범죄 현장에서 발견됐습니다. 아니 국민은행은 제가 쓰긴 하는데요. 네, 쓰고 계신 건 확인됐고요. 문제는 본인 명의가 도용돼서 대포통장으로 유통된 정황이 있다는 겁니다. 아, 아니에요. 저는 그런 적 없어요. 그렇다고 하시겠죠. 그런데 저희가 서울중앙지방검찰청에서 조사한 사건에서, 검거한 피의자들이 최은정 씨 이름으로 된 통장을 제시했습니다. 그리고 그 계좌에 불법 자금이 들어갔다가 빠져나간 내역이 보여요. 음, 제가 잘못 들은 건가요? 아니요, 잘못 들으신 거 아닙니다. 지금 이건 계좌 동결 대상입니다. 동결이요? 네, 압수 전 임시 조치라고 보시면 됩니다. 지금 바로 대응 안 하시면 모든 금융거래가 정지될 수 있어요. 아 근데 제가 뭘 증명해야 되는데요? 일단 비밀 유지부터 하셔야 합니다. 이 건은 제3자에게 말씀하시면 안 됩니다. 가족, 직장, 은행 창구 다 안 됩니다. 아, 그래도 은행에 확인해야 하는 거 아닌가요? 아 잠깐만요, 그게 아니고요. 지금 은행에 직접 문의하시면 사건이 새어나가서 증거 인멸로 오해받습니다. 저희 검찰청에서 지정한 방식으로만 하셔야 합니다. 우선 본인 사용 계좌가 국민은행 말고 또 있습니까? 없는데요. 잠깐 생각해 보세요. 농협, 하나은행, 기업은행 중에 하나라도 개설하신 적 없나요? 없어요. 네, 그 답변 메모됐습니다. 그런데 지금 확인된 자료에는 국민은행 외에 하나은행 계좌가 하나 더 잡혀 있습니다. 그 계좌 뒷자리 확인해 주시면 됩니다. 제가 왜 그런 걸 말해야 하죠? 피해자 여부 확인 절차입니다. 지금 바로 확인하셔야 본인 명의 추가 압수를 막을 수 있습니다. 어, 잠시만요. 이거 너무 갑작스러운데요. 네, 갑작스럽더라도 진행하셔야 합니다. 저희가 녹취 남기고 있고, 본인 진술이 중요합니다. 계좌 정보 말씀 안 하시면 체포까지 이어질 수 있습니다.",1,수사기관 사칭형,augmented_llm
aug_수사기관 사칭형_0058,"네, 경찰청 금융범죄수사팀입니다. 지금 통화되십니까? 어, 네. 저는 장세훈 경위이고요. 본인 김현우 씨 맞으시죠? 네? 아 네. 김현우 씨 명의로 된 기업은행 통장 관련해서 연락드렸습니다. 기업은행이요? 저는 기업은행 없는데요. 네, 그래서 연락드린 겁니다. 본인 모르게 개설된 대포통장이 확인됐어요. 지금 이건 명의도용 사건입니다. 명의도용이요? 네, 저희가 최근에 서울 외곽에서 검거한 조직이 있었는데요. 거기서 대량의 현금, 위조 신분증, 그리고 다수의 통장이 압수됐습니다. 그중에 김현우 씨 이름으로 된 기업은행 계좌가 포함돼 있었고, 불법 도박 자금이 오간 흔적이 있습니다. 아니 저는 진짜 몰라요. 네, 모른다고 하실 수 있습니다. 그런데 본건은 지금 가볍게 볼 일이 아닙니다. 계좌 동결, 압수, 그리고 필요하면 출석 통보까지 이어질 수 있습니다. 잠깐만요, 제가 범죄랑 관련이 있다고요? 관련성 여부를 확인하는 겁니다. 그래서 지금 바로 사실관계 진술을 받는 중입니다. 음, 저는 기업은행 안 쓰는데요. 그럼 농협이나 국민은행, 하나은행은 어떻습니까? 아 그건 있어요. 네, 그 외 계좌도 전부 확인해야 합니다. 그리고 지금부터는 누구랑도 상의하지 마세요. 가족, 친구, 직장 동료, 은행 직원, 전부 연락 끊으셔야 합니다. 왜요? 제3자 개입되면 수사상 오염됩니다. 본인께서 먼저 다른 사람에게 말하면 공범 은닉으로 비칠 수 있어요. 아, 너무 무서운데요. 지금 바로 확인 절차 진행하셔야 합니다. 본인 주민번호 뒷자리와 사용 중인 계좌 뒷자리 말씀해 주세요. 아니 그걸 어떻게 바로 말해요? 김현우 씨, 지금 시간이 없습니다. 바로 안 하시면 계좌가 모두 지급정지 됩니다. 지급정지면 그냥 못 쓰는 거예요? 네, 쉽게 말해 묶이는 겁니다. 그리고 본인 명의로 추가 통장이 나오면 압수 절차가 들어갑니다. 자, 말씀하시죠.",1,수사기관 사칭형,augmented_llm
aug_수사기관 사칭형_0059,"여보세요. 금융감독원 조사팀입니다. 아, 네? 박지현 씨 본인 맞으시죠? 네 맞는데요. 네, 본인 명의의 농협 계좌가 보이스피싱 자금세탁에 사용된 정황이 확인됐습니다. 뭐라고요? 아니 저는 그런 적이 없는데요. 그러니까 지금 저희가 말씀드리는 건, 본인 의사와 무관하게 명의가 도용됐을 가능성이 높다는 겁니다. 농협이랑 국민은행 쪽 자료가 같이 들어왔고요. 검찰청에서 넘어온 사건인데, 이미 일부 계좌는 동결 조치가 잡혀 있습니다. 아 잠깐만요, 제가 범죄에 연루됐다는 거예요? 네, 현재는 연루 통보 단계입니다. 확정은 아니지만, 대응을 잘못하면 바로 피의자 전환될 수 있어요. 아니 그럼 어떻게 해야 돼요? 지금부터는 타인과 통화하지 마시고, 제 말만 들으셔야 합니다. 가족에게도 말씀하시면 안 됩니다. 특히 지금 은행에 직접 문의하시면 안 돼요. 왜요? 계좌가 압수 상태로 넘어가기 전에 저희가 먼저 사실 확인을 해야 하니까요. 본인 명의로 된 계좌가 몇 개인지 정확히 말씀해 주세요. 음, 농협 하나 있고 국민은행 하나 있어요. 네, 그건 확인됐고요. 그 외에 하나은행이나 기업은행은 없습니까? 없어요. 좋습니다. 그런데 하나은행 계좌 하나가 추가로 잡혔습니다. 본인도 모르는 개설일 수 있어요. 잠깐만요, 제가 하나은행은 없어요. 아 네, 그럼 더더욱 명의도용입니다. 지금 이 사건은 비밀 유지가 중요합니다. 제3자에게 말하면 수사망이 새고, 그러면 본인도 같이 묶입니다. 묶인다는 게 뭐예요? 계좌 지급정지, 출금 정지, 필요하면 현장 압수까지 갑니다. 그리고 본인 신분증 사본이나 계좌번호 확인이 필요합니다. 지금 바로 보내실 수 있습니까? 아니요, 갑자기 그런 걸 어떻게 보내요. 아 그게 아니라, 그러니까 제가 말씀드리는 건 지금 바로 확인 안 하시면 손해가 큽니다. 검찰 쪽으로 바로 넘겨버리기 전에 협조하셔야 합니다. 계좌 뒷자리부터 말씀해 주세요.",1,수사기관 사칭형,augmented_llm
aug_수사기관 사칭형_0060,"네, 서울중앙지방검찰청 형사부입니다. 저는 오세린 검사실 수사관입니다. 지금 본인 이서준 씨 통화 맞으십니까? 네, 근데 무슨 일이죠? 이서준 씨 명의로 된 하나은행 계좌가 대포통장 사건에 사용된 정황이 확인돼서 연락드렸습니다. 하나은행이요? 저는 하나은행 안 쓰는데요. 음, 그 점 때문에 연락드린 겁니다. 본인 모르게 명의가 쓰였을 수 있어서요. 저희가 최근 금융사기 조직을 검거했는데, 현장에서 하나은행, 농협, 기업은행 통장들이 다량 압수됐습니다. 그중 한 개가 이서준 씨 명의였습니다. 아니 그게 제 건지 어떻게 확실히 아세요? 은행 조회랑 압수물 대조로 확인했습니다. 본건은 가볍지 않습니다. 지금 바로 계좌 동결 절차가 진행 중이고, 추가 확인 안 되면 압수영장 검토됩니다. 잠깐만요, 그럼 제가 뭘 해야 하죠? 일단 제3자 연락 차단입니다. 누구한테도 말하지 마세요. 가족, 친구, 회사, 은행 전부요. 그리고 통화 중에는 끊지 마시고 그대로 계세요. 이 통화는 녹취됩니다. 아 네. 네, 지금부터 계좌 정보 확인 들어갑니다. 본인 명의 계좌가 농협, 하나은행 말고 국민은행이나 기업은행도 있습니까? 음, 국민은행 하나 있어요. 알겠습니다. 국민은행 뒷자리 말씀해 주시고요. 아니 그걸 왜요? 피해 사실 확인과 동결 범위 정리입니다. 지금 늦어지면 바로 계좌 압수로 넘어갑니다. 아니 저는 진짜 모르는 일인데요. 네, 모르는 경우가 많습니다. 그래서 더 빨리 확인해야 합니다. 자, 계좌번호 끝 네 자리 말씀하세요. 지금 바로요.",1,수사기관 사칭형,augmented_llm
aug_수사기관 사칭형_0061,"여보세요, 김민수 씨 맞으시죠? 아, 검찰청에서 연락드렸습니다. 서울중앙지방검찰청 형사부 이도현 수사관입니다. 지금 통화 가능하신지 먼저 확인 좀 하겠습니다. 네? 아, 잠깐만요, 제가 말씀드리는 건 단순 안내가 아니고 본인 명의로 된 대포통장 관련해서 긴급 확인이 필요한 사안입니다. 지금 김민수 씨 명의로 농협 계좌가 하나 발견됐는데요, 그 계좌가 보이스피싱 자금 세탁에 사용된 정황이 있어요. 아니요, 제가 지금 말씀드리는 건 본인께서 사용하신 정상 계좌 말고, 타인이 명의도용해서 개설한 계좌입니다. 본 건에 대해서, 음, 쉽게 말하면 본인 이름으로 된 통장이 범죄 현장에서 압수됐다는 겁니다. 지금 바로 확인 안 하시면 계좌 지급정지, 그러니까 묶이는 조치가 들어가고요, 더 진행되면 압수 절차까지 갈 수 있습니다. 김민수 씨가 직접 개설한 적 없으시죠? 네? 아니 그러면 개인정보 유출이 된 거냐고요? 네, 그 부분도 가능성 있습니다. 다만 지금은 수사 협조부터 하셔야 됩니다. 통화는 녹취됩니다. 그리고 중요한 건, 이 내용은 절대 가족분이나 지인에게 말씀하시면 안 됩니다. 제3자 개입되면 수사망이 흐트러져서 바로 체포영장 신청 들어갈 수 있어요. 아, 제가 겁주려고 하는 게 아니고요, 실제로 검거된 일당이 있고 그 현장에서 농협 통장, 국민은행 카드, 이런 것들이 같이 나왔습니다. 김민수 씨 명의 통장이라고 확인됐고요. 지금 본인 앞으로 동결 통지 들어가기 전에, 하나 확인해야 할 게 있습니다. 계좌번호 앞자리 말씀해주실 수 있습니까? 아니요, 모르면 제가 불러드릴게요. 잠깐만요, 지금 확인 중입니다. 어, 네, 끝자리 4821 맞으시죠? 그럼 이 계좌는 본인 건지, 도용된 건지 해명 절차를 밟아야 합니다. 지금 다른 전화 받지 마시고요, 가족분들한테도 연락하지 마세요. 바로 진행하셔야 됩니다.",1,수사기관 사칭형,augmented_llm
aug_수사기관 사칭형_0062,"네, 경찰청 금융범죄수사팀입니다. 신현우 경사 연결됐습니다. 본인 성함 정미영 맞으십니까? 음, 지금 메모하실 수 있죠? 본 건은 단순 참고가 아니라 명의도용 사건입니다. 저희가 지방검찰청과 공조해서 검거한 조직에서 하나은행 대포통장 여러 개가 나왔는데, 그중 한 개가 정미영 씨 명의로 확인됐습니다. 아니, 제가 말씀드리겠습니다. 이 통장은 본인께서 직접 쓰는 생활비 통장이 아니라, 범죄자들이 입출금 내역 감추려고 만든 계좌예요. 지금 해당 계좌는 이미 지급정지 대상이고, 바로 압수 전환될 수 있습니다. 네? 아니에요? 그럼 더 이상 늦추시면 안 됩니다. 지금 바로, 바로 사실관계 확인해야 해요. 본인 명의로 된 하나은행 계좌를 타인이 개설했는지, 아니면 본인 정보가 유출됐는지요. 아 잠깐만요, 제가 설명을 다시 드릴게요. 저희가 잡은 사람이 금감원 쪽에도 연루된 금융사기단이라고 진술했고, 검찰청에 넘어간 사건번호도 있습니다. 이건 민원 처리처럼 천천히 보는 게 아니고, 지금 처리 안 하면 본인 명의 전체 계좌가 묶일 수 있어요. 그리고 가족이든 회사든 누구에게도 말하지 마십시오. 제3자에게 알리면 공범 정황으로 오인될 수 있습니다. 네, 네, 맞습니다. 본인 명의 계좌번호 뒤 네 자리 말씀해 주세요. 아, 잠깐만요, 끝자리가 1193 맞나요? 그러면 지금부터 소명 절차 들어갑니다. 저는 지금 확인용으로만 묻는 겁니다. 다른 은행, 국민은행이나 기업은행 쪽도 본인 명의로 개설된 거 있습니까? 없으시죠? 알겠습니다. 그럼 하나은행 건부터 바로 정리하겠습니다. 계속 통화 유지하시고, 끊으시면 안 됩니다.",1,수사기관 사칭형,augmented_llm
aug_수사기관 사칭형_0063,"여보세요, 금융감독원 조사과입니다. 김도윤 씨 되십니까? 아, 네네, 저는 최은정 조사관입니다. 지금 갑자기 연락드려서 놀라셨을 텐데요, 본인 명의로 개설된 국민은행 계좌가 범죄자금 이체에 사용된 정황이 확인됐습니다. 네? 아니라고요? 음, 그럴 수 있습니다. 그래서 지금 연락드린 겁니다. 저희가 검찰청에서 전달받은 자료에 따르면, 김도윤 씨 명의의 통장이 대포통장으로 넘어갔고, 거기서 불법 자금이 여러 차례 분산됐습니다. 지금 이 상태면 계좌 동결은 물론이고, 압수 절차도 가능해요. 그러니까 쉽게 말해서 돈 못 빼게 묶인다는 뜻입니다. 잠깐만요, 제가 하나씩 설명드릴게요. 통장이 본인 의사와 무관하게 개설됐는지 확인해야 하고, 만약 본인 정보가 밖으로 새어나간 거면 그 경위도 바로 적어야 합니다. 아, 이건 비밀 유지가 굉장히 중요합니다. 가족이나 친구, 회사 쪽에 절대 말씀하시면 안 됩니다. 제3자와 접촉하면 조사 흐름이 다 깨지고, 추가 계좌까지 추적이 들어가요. 네? 본인도 모르고 있던 거래가 있었냐고요? 저희가 보기에는 있습니다. 지금 농협 쪽 입금 기록이 같이 잡혀 있고, 동일 인물들이 여러 계좌를 쓰고 있어요. 김도윤 씨 명의가 그 중간에 껴 있습니다. 음, 지금 바로 확인 안 하시면 본인 계좌 전체가 위험해질 수 있습니다. 계좌번호 앞 세 자리, 그리고 본인 생년월일 말씀해 주세요. 아, 맞습니다. 천천히 하셔도 되는데 숨기시면 안 됩니다. 검찰 쪽으로 사건 넘기기 전에 지금 사실 확인이 먼저예요.",1,수사기관 사칭형,augmented_llm
aug_수사기관 사칭형_0064,"네, 여기 지방검찰청 수사계입니다. 박성호 씨 본인 맞으시죠? 아, 잠깐만요, 제가 드리는 말씀 끝까지 들어주세요. 본인 명의로 된 기업은행 계좌가 대포통장으로 적발돼서 연락드렸습니다. 지금 검거된 피의자 진술에서 박성호 씨 이름이 나왔고, 압수 현장에서 통장, 보안카드, 휴대전화가 같이 나왔어요. 아니요, 제가 지금 말씀드리는 건 “박성호 씨가 범인이다”가 아니라, 명의도용이나 유출 여부를 확인해야 한다는 겁니다. 음, 이 사건은 금방 지나가는 게 아니라요, 지금 바로 대응 안 하시면 계좌 지급정지, 출금 제한, 심하면 체포 관련 조치까지 검토됩니다. 네? 아니라고 하시면 더더욱 확인이 필요하죠. 주변 사람한테는 절대 말하지 마세요. 특히 가족분이나 계좌 쓰는 지인에게는요. 제3자가 개입되면 본인 명의 계좌가 범죄자금 은닉 통로로 보일 수 있습니다. 아, 그리고 이 통화는 내부 기록으로 남습니다. 지금부터는 제가 묻는 것만 간단히 답하시면 됩니다. 기업은행 계좌 외에 농협이나 하나은행도 본인 명의로 있으십니까? 있으시다고요? 그럼 전부 적어야 합니다. 잠깐만요, 제가 정리해볼게요. 본인 앞으로 잡힌 계좌가 총 몇 개인지, 각 은행명, 그리고 최근 사용하신 적 있는지요. 아니 그게 아니라, 그러니까 본인 의사로 개설한 게 맞는지 확인하는 겁니다. 지금 숨기실 단계가 아니에요. 오히려 지금 솔직히 말씀하셔야 피해자 입증이 됩니다. 네, 맞습니다. 계좌 뒤 네 자리 불러주세요. 확인되면 바로 소명서 작성 절차로 넘기겠습니다.",1,수사기관 사칭형,augmented_llm
aug_수사기관 사칭형_0065,"아, 여보세요? 경찰청 사이버수사대입니다. 이지훈 수사관이고요. 지금 급하게 연락드리는 이유가 있습니다. 이지은 씨 명의로 된 하나은행 통장이 불법 송금에 쓰였다는 사실이 확인됐습니다. 네, 저희가 지금 압수 자료를 대조하는 중인데, 명의가 정확히 이지은 씨로 나옵니다. 본인께서 개설한 게 아니시죠? 음, 그렇다면 명의도용 가능성이 높습니다. 그런데 이걸 지금 빨리 정리 안 하시면 계좌가 바로 동결되고, 추가로 압수 절차까지 들어갑니다. 아니 잠깐만요, 제가 위협하려는 게 아니라, 실제로 본 건 긴급 사건입니다. 지금 같은 시간에 제3자한테 연락하거나 문자 보내시면 안 됩니다. 가족, 친구, 은행 직원 누구한테도 먼저 말하지 마세요. 수사 보안상 절대 안 됩니다. 이건 검찰청으로 바로 넘어갈 수 있는 사안이고, 그러면 더 복잡해져요. 네? 계좌번호를 왜 묻냐고요? 확인을 해야 하니까요. 농협 쪽에도 본인 명의 흔적이 잡혀 있어서, 어떤 계좌가 정상이고 어떤 게 범죄 연루인지 분리해야 합니다. 아, 그러니까 지금 바로 본인 명의 전체 계좌를 정리해야 한다는 말입니다. 본인께서 쓰는 계좌가 국민은행 하나뿐이면 그건 기록하고, 다른 계좌가 있으면 다 말씀하셔야 해요. 잠깐만요, 숨기시면 안 됩니다. 숨기면 오히려 공범 오해를 받아요. 지금 통화 유지하시고요, 제가 사건번호 불러드릴게요. 잠시만요, 2026-1184번입니다. 이 번호 메모하시고, 다른 전화는 받지 마시고, 제가 다음 안내 드릴 때까지 기다리세요.",1,수사기관 사칭형,augmented_llm
aug_수사기관 사칭형_0066,"여보세요, 본인 되십니까? 아, 네. 저는 서울중앙지방검찰청 형사부 쪽에서 연락드린 박도윤 수사관입니다. 지금 통화 가능하시면 잠깐만 말씀 좀 드릴게요. 본 건에 대해서, 음, 간단히 확인할 게 있습니다. 혹시 농협이나 하나은행 계좌를 본인 명의로 사용 중이신 게 맞으십니까? 아니요? 아, 그러시면 더 주의하셔야 됩니다. 저희가 오늘 오전에 대포통장 사건으로 압수수색을 진행했는데, 그 현장에서 선생님 명의로 된 농협 통장하고 국민은행 체크카드가 발견됐습니다. 잠깐만요, 지금 선생님이 모르신다고 하시면 제가 하나씩 설명드릴게요. 이건 명의도용 가능성이 있는 건인데, 동시에 선생님 명의가 범죄에 연루된 흔적이 있어서 계좌 지급정지, 그러니까 쉽게 말하면 바로 묶이는 절차가 들어갑니다. 네? 아니, 저 지금 처음 듣는데요. 아 그러세요. 그래서 제가 연락드린 겁니다. 지금 바로, 바로 확인 안 하시면 압수 보전 조치가 먼저 들어가고, 이후에 선생님도 참고인 아니면 피의자 신분으로 전환될 수 있어요. 그게 아니라, 그러니까 제가 말씀드리는 건 지금 이 통화에서만 비밀로 두셔야 합니다. 가족분이나 지인분께 말하시면 안 되고요, 다른 번호로도 연락하시면 안 됩니다. 저희 쪽에서 연락한 사실이 외부로 나가면 수사 방해가 됩니다. 아시겠습니까? 네? 예. 좋습니다. 본인 확인부터 할게요. 성함이 어떻게 되세요? 네, 그 이름 맞으시고요. 주민등록상 주소지 확인되는데, 최근에 계좌 개설하신 적 없으시죠? 없어요. 아, 없으시면 더 문제입니다. 누군가 선생님 정보로 계좌를 만들었을 수 있어요. 지금 제가 금융감독원 통해서도 조회가 들어간 상태고, 만약 선생님이 추가 계좌 정보를 숨기시면 그 계좌까지 전부 동결됩니다. 지금 현재 사용 중인 계좌 끝자리만 말씀해 주시겠어요? 확인용입니다, 확인용. 그러니까 지금 바로 말씀해 주셔야 합니다. 그리고 이 통화는 녹취됩니다. 혹시 뒤에서 다른 분 목소리 들리면 안 됩니다. 혼자 계신가요? 네? 혼자 아니시면 지금 바로 다른 사람 통화 끊으세요. 제3자 개입되면 안 됩니다. 자, 농협 말고 또 다른 계좌 있으십니까? 하나, 국민, 기업은행 중에요. 없다구요? 아, 알겠습니다. 그럼 제가 사건번호 불러드릴 테니 메모하세요. 2026-1148번이고, 서울중앙지검 명의도용 대포통장 사건입니다. 지금부터는 제가 안내하는 대로만 하셔야 해요. 잠깐만요, 제가 설명 더 드릴게요. 선생님 계좌가 범죄자 쪽으로 넘어간 정황이 있어서, 본인 명의 계좌를 보호하려면 잔액 이동 여부를 바로 확인해야 합니다. 지금 ATM 가실 수 있습니까? 네? 아니요? 그러면 가까운 은행창구로 바로 가셔야 돼요. 가셔서 계좌 잔액이랑 최근 이체내역을 확인하고, 수사 협조용으로 화면을 확보하셔야 됩니다. 그리고 타인 만나시면 안 됩니다. 누가 옆에서 이거 왜 하냐고 물으면 금융감독원 점검이라고만 하세요. 아시겠죠? 빨리 하셔야 합니다. 지금 지체되면 계좌 동결, 압수 절차가 동시에 진행됩니다.",1,수사기관 사칭형,augmented_llm
aug_수사기관 사칭형_0067,"네, 금융감독원 특별조사팀입니다. 지금 통화 받으실 수 있나요? 아, 네. 저는 김서현 조사관이고요, 지금 선생님 명의로 된 계좌가 범죄자금 세탁에 쓰인 정황이 확인돼서 바로 연락드렸습니다. 혹시 최근에 기업은행이나 농협에서 개설한 계좌 있으세요? 없으시다고요? 음, 그럼 더 심각할 수 있습니다. 누군가 선생님 신분으로 대포통장을 만든 거예요. 저희가 이미 압수한 자료 중에 선생님 주민등록번호 뒷자리까지 일치하는 통장이 나왔고, 거기에 불법 도박 자금이 들어가 있었어요. 그러니까 지금 상황이 가벼운 게 아닙니다. 바로 조치 안 하시면 지급정지, 계좌압수, 그리고 필요하면 출석요구까지 들어갑니다. 네? 아니, 저는 그런 거 한 적 없는데요. 아, 네, 그러실 수 있습니다. 그래서 지금 사실관계만 확인하는 거예요. 선생님, 지금 휴대폰 옆에 가족분 계시면 안 됩니다. 비밀 유지가 중요합니다. 이 건은 외부에 알려지면 선생님 명의 계좌 전부가 묶일 수 있어서, 누구한테도 말씀하지 마세요. 특히 은행 직원 말고, 주변 사람 말고, 지인한테도 말하지 마세요. 이해하셨죠? 네. 좋습니다. 그럼 제가 확인할게요. 선생님이 사용 중인 은행이 하나은행, 국민은행, 농협, 기업은행 중에 뭐가 있습니까? 음, 기억 안 나신다고요? 잠깐만요, 기억이 안 나시면 제가 더 의심해야 됩니다. 왜냐하면 지금 저희 전산에는 선생님 명의로 된 입출금 계좌가 두 개, 체크카드 하나가 조회됐거든요. 그 계좌가 범죄 현장으로 이미 연결됐습니다. 아, 그런데 지금 말씀드리면 계좌가 동결되나요? 네, 맞습니다. 지금 바로 추적 들어갑니다. 그러니까 제가 드리는 말씀은, 계좌 정보 확인을 위해서 끝자리 네 자리랑 잔액 변동 여부만 말씀해 달라는 거예요. 다른 분께 들리면 안 되고요. 혹시 옆에서 누가 계시다면 지금 끊고 다시 거세요. 아니면 제3자 개입으로 기록됩니다. 아시겠습니까? 네. 자, 끝자리 말씀해 주세요. 음, 네. 그럼 다음 절차로 넘어갑니다. 지금 선생님 계좌에 남아 있는 금액이 있으면 임시 보호계좌로 이체해야 할 수 있습니다. 그게 아니고 그대로 두면 범죄수익으로 오인돼서 전부 압류될 수 있어요. 그러니까 서두르셔야 됩니다. 본인 계좌를 지키는 절차니까 협조해 주셔야 해요.",1,수사기관 사칭형,augmented_llm
aug_수사기관 사칭형_0068,"여보세요, 경찰청 지능범죄수사과입니다. 통화 가능하시면 바로 말씀드릴게요. 저는 이민재 수사관이고요. 선생님 명의가 지금 불법 대포통장 사건에 들어가 있어서 연락드렸습니다. 혹시 국민은행 계좌를 개설한 적 있으십니까? 아니요? 아, 그럼 명의도용 가능성이 큽니다. 저희가 오늘 검거한 일당이 선생님 정보를 이용해서 계좌를 만들었고, 그 계좌로 보이스피싱 자금이 흘러간 흔적이 확인됐습니다. 지금 이 상태면 선생님 계좌도 연동돼서 곧 동결됩니다. 네? 저 아무것도 한 적 없는데요. 네, 그러니까 그 부분을 확인해야 하는 겁니다. 본인이 안 했어도 누가 했는지, 어디서 유출됐는지 확인 전까지는 선생님도 조사 대상입니다. 아, 잠깐만요, 저희가 설명을 마저 드릴게요. 이 사건은 비밀 유지가 필수입니다. 지금 다른 사람에게 말하면 안 되고, 문자도 보내시면 안 됩니다. 저희가 녹취 중이고요, 이 내용은 외부 공개되면 안 됩니다. 이해되시죠? 네. 좋습니다. 그럼 질문드리겠습니다. 최근에 신분증 사진 보내신 적 있나요? 아니요? 그러면 온라인으로 털린 것 같네요. 그리고 혹시 하나은행이나 기업은행에서 자동이체 설정한 게 있으십니까? 네, 있어요? 잠깐만요, 그 계좌까지 같이 확인해야 합니다. 지금 바로, 바로 확인 안 하면 그 계좌들 전부 지급정지 들어갑니다. 계좌 묶이면 출금도 안 되고 카드도 못 씁니다. 그러니까 제가 말씀드리는 대로 끝자리만 말씀해 주세요. 제3자 있으면 안 돼요. 혼자 계시죠? 네. 아, 좋습니다. 그럼 지금부터는 계좌 확인 절차입니다. 본인 명의 계좌를 지키려면 최근 거래내역 중 모르는 이체가 있는지 봐야 합니다. 만약 모르는 돈이 들어왔으면 그건 선생님 돈이 아니라 범죄 수익입니다. 절대 건드리시면 안 되고요. 필요하면 압수 보전 전에 안전 이체를 진행해야 합니다. 네? 안전 이체요? 네, 보호 절차입니다. 어, 이건 지금 바로 해야 합니다. 늦으면 책임이 커져요.",1,수사기관 사칭형,augmented_llm
aug_수사기관 사칭형_0069,"네, 서울중앙지방검찰청 검사실입니다. 지금 통화 편하십니까? 저는 강태훈 검사 직무대리라고 합니다. 아, 선생님 명의로 된 농협 계좌가 대포통장으로 확인돼서 연락드렸어요. 조금 긴장하셔도 됩니다. 저희가 이미 압수한 자료에 선생님 이름이 적힌 통장 사본이 들어가 있었거든요. 혹시 누가 신분증을 빌려 달라거나 계좌번호를 알려 달라고 한 적 있나요? 없어요? 그러시면 명의도용 피해일 수 있습니다. 그런데 문제는, 음, 지금 그 통장이 범죄조직 쪽으로 넘어가서 사용된 정황이 같이 잡혔습니다. 그래서 선생님 계좌는 동결 예정이고, 경우에 따라서는 압수 절차도 들어갈 수 있습니다. 네? 아니, 제가 왜요? 아, 선생님 잘못이라고 단정하는 건 아닙니다. 다만 수사상 확인이 필요합니다. 지금 중요한 건 제3자와 연락을 끊는 겁니다. 가족, 친구, 회사, 은행 누구한테도 이 사실 말하지 마세요. 비밀 유지해야 합니다. 그리고 지금 통화 중에 다른 전화 오면 받지 마세요. 아시겠죠? 네. 좋습니다. 제가 하나씩 묻겠습니다. 국민은행, 하나은행, 기업은행 중 사용하시는 계좌가 있으신가요? 어, 국민이랑 하나요? 네, 그럼 끝자리 불러주세요. 확인하려고요. 잠깐만요, 본인께서 지금 모르는 거래가 있으면 바로 말씀하셔야 합니다. 왜냐하면 저희가 조회했을 때 선생님 계좌에서 낯선 이체가 한 건 잡혔거든요. 그게 아니라, 그러니까 제가 말씀드리는 건 그 돈을 바로 건드리지 말라는 겁니다. 건드리면 증거 훼손이 됩니다. 그리고 이 통화는 녹취됩니다. 네, 맞습니다. 기록 남습니다. 지금부터는 제가 안내하는 대로 은행 앱을 켜지 말고, 먼저 계좌 정보만 확인하세요. 아니, 이체는 아직 아닙니다. 일단 확인부터입니다. 본인 계좌인지, 타인 계좌인지, 최근 이체가 있는지 봐야 해요. 선생님이 협조하시면 혐의는 금방 정리됩니다. 하지만 지금 미루시면 지급정지, 압수, 그리고 조사 출석까지 이어집니다. 그러니까 지금 바로 해주세요.",1,수사기관 사칭형,augmented_llm
aug_수사기관 사칭형_0070,"잠시만요, 여보세요? 아, 네. 경찰청 사이버수사대입니다. 저는 오지훈 수사관이고요, 지금 바로 확인해야 할 게 있어서 연락드렸습니다. 선생님 명의로 기업은행 계좌가 발견됐는데, 이게 대포통장 사건에 사용된 정황이 있습니다. 혹시 최근에 본인 명의로 계좌를 새로 만든 적 있습니까? 없으시죠? 아, 그럼 누가 선생님 정보를 도용한 겁니다. 저희가 검거한 일당이 사용하던 자료 중에 선생님 이름이 들어가 있었고, 계좌 안에는 불법 자금이 오간 흔적이 확인됐습니다. 지금 이 상태면 계좌가 바로 동결되고, 필요하면 압수 영장도 신청됩니다. 네? 아니, 저는 그런 사람 모릅니다. 네, 저도 그 부분을 확인하는 겁니다. 지금 중요한 건 선생님이 혼자서만 이 사실을 알고 계셔야 한다는 점입니다. 다른 사람한테 말하면 안 됩니다. 제3자에게 알려지면 수사에 지장이 생기고, 계좌 보호도 어렵습니다. 아시겠죠? 네. 좋습니다. 그러면 계좌 확인 들어가겠습니다. 농협, 국민은행, 하나은행, 기업은행 중에 실제로 쓰는 게 뭐가 있습니까? 어, 국민이랑 기업이요? 잠깐만요, 그럼 두 계좌 끝자리만 말씀해 주세요. 제가 조회 맞춰보겠습니다. 그리고 최근에 모르는 이체나 출금 있으면 바로 말씀하셔야 합니다. 지금 지금 바로 말해 주셔야 해요. 늦으면 범죄수익으로 분류돼서 묶입니다. 네? 묶인다고요? 맞습니다. 쉽게 말하면 출금도 이체도 안 됩니다. 그래서 제가 지금 연락드린 거예요. 아, 그리고 이 통화는 녹취됩니다. 기록 남습니다. 괜찮으시죠? 네. 좋습니다. 그럼 다음 단계는 선생님 본인 확인 후 임시 보호조치입니다. 필요하면 안전계좌로 옮기는 절차까지 갈 수 있습니다. 그러니까 지금 끊지 마시고, 은행 앱도 건드리지 마시고, 제 말만 들으세요.",1,수사기관 사칭형,augmented_llm
aug_수사기관 사칭형_0071,"여보세요, 네, 서울중앙지방검찰청 형사부입니다. 지금 통화 가능하십니까? 네? 아, 잠깐만요, 제가 말씀드릴 내용이 있어서 바로 말씀드리겠습니다. 본 건에 대해서 음, 본인 명의로 개설된 계좌가 범죄에 이용된 정황이 확인됐습니다. 혹시 농협 계좌나 국민은행 계좌 쓰고 계십니까? 네, 제가 지금 여쭤보는 건 단순 확인이 아니고요, 명의도용 여부를 보려고 연락드린 겁니다. 저희가 검거한 대포통장 유통 조직 현장에서 본인 이름으로 된 통장이 나왔어요. 농협이랑 국민은행 두 건입니다. 아니요, 그런 적 없는데요? 네, 그러시면 지금부터 잘 들으셔야 됩니다. 이 계좌는 이미 불법 자금이 들어간 상태라서 계좌 지급정지, 그러니까 쉽게 말하면 묶이는 겁니다. 본인 의사랑 상관없이 동결 절차 들어갈 수 있어요. 음, 그리고 지금 제일 중요한 게, 이 통화 내용은 녹취됩니다. 제3자, 그러니까 가족이든 지인이든 누구든 옆에서 듣게 하시면 안 됩니다. 지금 바로 다른 사람한테 말하시면 사건이 커집니다. 왜냐하면 공범으로 오해받을 수 있어서 그래요. 아니 제가 왜요? 잠깐만요, 제가 설명드리잖아요. 명의도용 피해자면 빨리 피해자 입증을 해야 하고, 반대로 방치하시면 압수, 체포영장까지 검토될 수 있습니다. 지금부터 제가 계좌 확인 절차 들어갈 건데요, 본인 명의로 된 농협 계좌 끝 네 자리, 국민은행 계좌 끝 네 자리 말씀해 주십시오. 아, 제가 그걸 어떻게 다 말해요? 아니요, 본인 확인용입니다. 지금 바로, 바로 처리 안 하시면 오전 안에 전 계좌가 묶일 수 있습니다. 잠깐만요, 진짜로요? 네. 그러니까 다른 전화 끊으시고, 이 통화는 끝까지 유지해 주시고, 제가 안내하는 대로 이체 가능 여부까지 확인하겠습니다.",1,수사기관 사칭형,augmented_llm
aug_수사기관 사칭형_0072,"네, 경찰청 금융범죄수사팀입니다. 김성우 수사관인데요, 지금 본인 성함 확인될까요? 아, 성함이 아니고요, 제가 먼저 말씀드릴 게 있습니다. 본인 명의로 기업은행과 하나은행 계좌가 범죄조직에 넘어간 사실이 확인됐습니다. 네? 저희가 최근 검거한 사건에서 대포통장 여러 개를 압수했는데, 그중에 본인 명의 계좌가 들어가 있었습니다. 아니 저는 그런 거 모릅니다. 네, 모른다고 하셔도 됩니다. 그런데 문제는, 명의가 도용됐는지 아니면 본인이 직접 개설한 뒤 유통됐는지 지금 갈립니다. 이거 그냥 두시면 계좌 압수 조치가 들어가요. 압수요? 네, 쉽게 말하면 거래가 전부 막힌다는 뜻입니다. 그리고 지금 이 사건은 비공개입니다. 가족이나 직장 동료한테 말씀하시면 안 되고요, 제3자에게 연락하시면 안 됩니다. 왜냐하면 내부 공범 선에서 빠져나갈 수 있어서요. 아, 잠깐만요, 제가 가족한테도요? 네, 안 됩니다. 절대요. 저희가 확인한 바에 따르면 본인 명의로 된 계좌가 불법 도박 자금 세탁에 사용됐고, 곧바로 계좌 동결이 내려질 예정입니다. 지금 본인 계좌 끝번호 확인해야 합니다. 기업은행 쓰시죠? 아니, 안 써요. 그럼 하나은행은요? 음, 하나은행도 없는데요. 알겠습니다, 그러면 피해자 진술로 적겠습니다. 다만 지금 이 통화 중에 다른 번호로 다시 연락 오더라도 받지 마시고, 제가 지정한 절차 외에는 아무것도 하시면 안 됩니다. 지금 바로 본인 명의 계좌가 몇 개인지, 그리고 최근 이체 내역이 있는지 확인해 주세요. 네? 지금 당장요? 네, 지금입니다.",1,수사기관 사칭형,augmented_llm
aug_수사기관 사칭형_0073,"여보세요, 금융감독원 조사팀입니다. 본인께 긴급 통보 드릴 사항이 있습니다. 음, 본인 이름으로 된 통장이 대포통장으로 적발됐습니다. 서울중앙지검과 공조 중이고요, 현재 검찰 쪽에서 계좌 추적 중입니다. 잠깐만요, 무슨 말씀인지… 네, 차분히 들으십시오. 검거된 피의자 진술에 따르면 본인 명의 농협 계좌가 중간 전달 계좌로 사용됐습니다. 본인이 직접 개설하지 않으셨다면 명의도용 사건이고, 그렇지 않다면 자금세탁 연루로 보게 됩니다. 아, 저는 모르겠는데요. 네, 그래서 지금 확인하는 겁니다. 이 사건은 시간 싸움입니다. 지금 늦어지면 계좌가 자동으로 동결되고, 추가로 출금 시도 있으면 압수 절차로 넘어갑니다. 음, 그리고 반드시 지켜야 할 게 있습니다. 지금부터 누구한테도 말하지 마세요. 가족, 친구, 은행 직원에게도 사건 내용 설명하지 마십시오. 제3자 개입되면 기록이 꼬입니다. 아니 그래도 제가 은행에 물어봐야 되는 거 아닌가요? 아니요, 아직은 안 됩니다. 저희가 먼저 확인합니다. 본인 명의로 된 농협 계좌 끝자리와 하나은행 계좌 끝자리를 불러주셔야 합니다. 아니 그걸 왜요? 피해 여부 확인하고, 불법 이체 경로가 있는지 보려는 겁니다. 지금 본인 계좌가 동결되기 전에 자진 신고 절차를 밟아야 하니까요. 잠깐만요, 너무 갑작스러운데요. 그래서 긴급이라고 말씀드리는 겁니다. 지금 바로 협조하셔야 본인도 피해자로 보호받습니다.",1,수사기관 사칭형,augmented_llm
aug_수사기관 사칭형_0074,"네, 검찰청 수사관입니다. 통화는 녹취 중입니다. 본인 앞에 놓인 사건이 있어서 즉시 연락드렸어요. 혹시 국민은행, 기업은행 중에 사용 계좌 있으십니까? 어, 잠깐만요, 제가 메모할게요. 네. 저희가 오늘 압수한 대포통장 목록에서 본인 명의 계좌가 발견됐습니다. 명의도용 가능성이 커 보이는데, 지금 이건 그냥 넘어갈 사안이 아닙니다. 본인 계좌가 이미 범죄 자금 통로로 쓰였을 수 있어서, 조치 늦으면 계좌 지급정지 들어갑니다. 지급정지요? 네, 묶인다고 보시면 됩니다. 그리고 한 가지, 이건 비밀 유지 꼭 하셔야 합니다. 지금 제3자와 상의하지 마세요. 특히 가족한테도 말하지 마세요. 왜냐하면 상대가 계좌를 더 건드릴 수 있거든요. 아니 제가 뭘 어떻게 해야 되는데요? 지금 우선 본인 명의 계좌가 몇 개인지 확인해야 하고, 최근 3일간 이체한 내역이 있으면 바로 말씀하셔야 됩니다. 제가 제가 말씀드리는 건, 계좌 확인만으로 끝나는 게 아니라 필요하면 수사협조 이체 확인도 해야 합니다. 이체요? 네, 본인 명의 자금 흐름을 확인하는 절차입니다. 지금 바로 안 하시면 압수영장 검토 들어갈 수 있어요. 아, 그렇게까지요? 네, 그렇습니다. 제가 조금만 더 물어볼게요. 농협 계좌 사용하신 적 있습니까? 아니요. 하나은행은요? 없어요. 알겠습니다. 그러면 피해자 가능성이 높습니다. 하지만 지금은 통화 끊지 마시고, 제가 안내하는 순서대로 계좌번호 확인해 주셔야 합니다.",1,수사기관 사칭형,augmented_llm
aug_수사기관 사칭형_0075,"네, 서울지방검찰청입니다. 담당 검사실에서 연락드렸습니다. 본인께서 최근에 통장 명의도용 피해를 입으신 걸로 보여서 긴급 확인 중입니다. 어, 지금요? 네. 검거된 사건에서 본인 이름으로 된 하나은행 계좌와 기업은행 계좌가 나왔고, 그 안에 불법 자금이 들어가 있었습니다. 그러니까 이건 본인 책임이냐 아니냐를 바로 가려야 합니다. 아, 저는 그런 계좌 없는데요. 네, 그럼 명의도용 쪽으로 보겠습니다. 그런데 시간 끌면 안 됩니다. 지금 바로 바로 계좌가 묶이고, 추가로 출금 시도 있으면 압수 조치 넘어갑니다. 잠깐만요, 그러면 제가 뭘 해야 하죠? 우선 다른 사람한테 이 내용 절대 말하지 마세요. 제3자 접촉 금지입니다. 그리고 지금부터 저랑만 통화하셔야 합니다. 가족, 직장, 은행 고객센터에 연락하면 안 됩니다. 왜냐하면 혼선이 생기고, 그 사이에 범죄자들이 계좌를 비워버릴 수 있어서 그래요. 아, 그렇구나. 네, 이해하셨으면 본인 계좌 끝자리부터 확인하겠습니다. 하나은행 계좌 있으십니까? 없어요. 기업은행은요? 그것도 없고요. 알겠습니다. 그럼 피해 계좌로 추정되는 건 본인 모르게 개설됐을 가능성이 큽니다. 지금 이 통화가 종료되면 다시 연락 드릴 텐데, 그때까지 절대 혼자 판단하지 마시고, 제가 시키는 대로 계좌 정보 확인 준비해 두십시오.",1,수사기관 사칭형,augmented_llm
aug_수사기관 사칭형_0076,"여보세요, 김태훈 씨 되십니까? 저는 서울중앙지방검찰청 형사부 김도윤 검사입니다. 지금 통화 가능하신가요? 잠깐만요, 이 통화는 녹취됩니다. 본 건에 대해서, 음, 말씀드리자면 김태훈 씨 명의로 된 농협 계좌가 대포통장으로 사용된 정황이 확인됐습니다. 농협이요? 저는 농협 쓰는 게 없는데요. 네, 바로 그 부분 때문에 연락드린 겁니다. 저희가 최근 검거한 사기 조직 압수물에서 농협과 하나은행 통장 여러 개가 나왔고, 그중에 김태훈 씨 명의가 발견됐어요. 그러니까 명의도용 가능성도 있고, 반대로 직접 양도하셨을 가능성도 있어서 지금 바로 확인이 필요합니다. 아니요, 저는 그런 적 없어요. 아, 네. 그러시면 더더욱 지금부터 조심하셔야 됩니다. 현재 이 사건은 계좌 지급정지, 쉽게 말하면 묶이는 절차로 넘어갈 수 있고요, 추가로 압수 절차까지 진행되면 본인 계좌 전부가 동결될 수 있습니다. 잠깐만, 동결이요? 네, 동결입니다. 지금 바로, 바로 대응하셔야 돼요. 그리고 이 사건은 비밀 유지가 중요합니다. 가족분이나 지인, 특히 계좌에 관여할 수 있는 제삼자에게 절대 말씀하시면 안 됩니다. 네? 왜요? 수사정보가 밖으로 새면 공범으로 오해받을 수 있어요. 그러니까 지금은 저만 믿고 들으시면 됩니다. 본인 명의로 된 농협 계좌가 실제로 어디서 개설됐는지, 마지막 사용 내역이 어떻게 되는지 확인해야 합니다. 제가 제가 말씀드리는 건, 계좌번호 전체를 다 말하라는 게 아니고, 사용 중인 은행명하고 끝 네 자리만 먼저 확인하자는 거예요. 네, 음... 농협이랑 국민은행 있는데요. 국민은행도 있으시고요? 네. 알겠습니다. 그럼 국민은행도 대조해보겠습니다. 지금 본인 앞으로 압수영장이 나가기 직전 단계라서, 제가 도와드릴 수 있는 시간은 많지 않습니다. 그러니까 지금 제 안내대로만 하세요. 휴대폰은 스피커 끄시고, 주변에 아무도 없는지 확인하시고, 은행 앱이 있으면 바로 켜서 최근 거래부터 확인하셔야 됩니다. 아니 잠깐만요, 제가 왜 그래야 하죠? 아 잠깐만요, 그게 아니고요. 본인 계좌가 범죄 수익에 엮였는지 확인해야만 압류를 막을 수 있습니다. 지금 안 하시면 체포 협조 요청까지 올라갈 수 있어요. 알겠죠? 네… 그러면 끝 네 자리부터 말씀해 주시죠.",1,수사기관 사칭형,augmented_llm
aug_수사기관 사칭형_0077,"네, 여보세요. 경찰청 지능범죄수사대입니다. 박성민 수사관이고요. 본인 통화 맞으시죠? 예? 네, 김수연 씨 맞으십니까? 아, 네. 다름이 아니라 김수연 씨 명의의 하나은행 계좌가 대포통장으로 확인돼서 연락드렸습니다. 하나은행이요? 저는 그런 거 없는데요. 네, 지금 그 말씀 때문에 확인하는 겁니다. 저희가 어제 서울 외곽에서 검거한 금융사기 조직 현장에서 대량의 주민등록증, 통장, 카드가 압수됐고요, 그중에 하나은행과 기업은행 명의가 김수연 씨 이름으로 찍혀 있었습니다. 아니 그게 제 건인지 어떻게 알아요? 아, 잠깐만요. 은행 전산 대조가 나와서 확인된 겁니다. 본인 명의로 개설된 계좌가 맞고, 현재는 불법 자금이 흘러들어간 상태예요. 그러니까 쉽게 말하면 묶인다고요, 지급정지 됩니다. 지금 바로 대응 안 하시면 계좌 압수로 넘어갑니다. 네? 계좌 압수요? 네, 압수입니다. 그리고 이 사건은 외부로 말하시면 안 됩니다. 가족이든 친구든, 심지어 은행원에게도 지금 바로 얘기하지 마세요. 왜요? 제삼자 통해서 말이 새면 본인도 자금 세탁 공범으로 묶일 수 있어서 그렇습니다. 음, 알겠습니다. 네, 좋아요. 그럼 제가 본인 진술부터 받겠습니다. 최근에 기업은행 계좌를 새로 만든 적 있습니까? 아니요, 없는데요. 아, 네. 그러면 명의도용 가능성이 더 높네요. 그런데 본인 휴대폰에 은행 알림 오신 거 있죠? 네, 뭐 왔던 것 같기도 하고… 네, 그거 지금 확인해 주세요. 제가 지금 보니까 거래가 두 건 더 붙어 있어서, 이 상태면 계좌 전부 동결될 수 있습니다. 동결이요? 네. 지금 즉시, 바로 은행 앱 들어가셔서 계좌 목록부터 확인하셔야 합니다. 저는 제가 말씀드리는 절차대로만 하시면 돼요. 은행명, 마지막 네 자리, 최근 이체 내역, 이 세 가지만 말씀해 주세요. 음, 하나은행은 끝이 4481이고요. 기업은행은… 잠깐만요, 제가 확인해볼게요. 네, 빨리요. 시간이 많지 않습니다. 지금 계속 지연되면 저희가 검찰청으로 사건 이첩해서 압수 절차 올립니다. 그게 아니라, 그러니까 제가 말씀드리는 건 협조하시면 됩니다. 숨기시면 안 돼요. 제가 도와드리겠습니다.",1,수사기관 사칭형,augmented_llm
aug_수사기관 사칭형_0078,"아, 김도현 씨 맞으세요? 저는 금융감독원 조사팀 최지훈입니다. 지금 통화 괜찮으십니까? 음, 이건 단순 안내가 아니고요, 본인 명의 계좌가 범죄에 이용된 정황이 잡혀서 즉시 말씀드리는 겁니다. 무슨 계좌요? 본인 명의 농협 계좌와 국민은행 계좌가 대포통장으로 확인됐습니다. 농협이랑 국민은행이요? 저는 국민은행만 쓰는데요. 네, 그 부분도 포함입니다. 저희가 최근에 지방검찰청과 공조해서 불법 도박 자금 세탁 조직을 검거했는데, 현장에서 김도현 씨 명의 통장이 나왔어요. 아니 그럴 리가 없는데요. 잠깐만요, 그럴 리가 없다고 해도 이미 은행 전산상 확인됐습니다. 현재 해당 계좌는 동결 예정이고, 계좌 압수 절차도 검토 중입니다. 그러니까 지금 바로 확인하지 않으면 나중에 본인도 출석 요구가 갈 수 있습니다. 네? 출석이요? 네, 출석, 그리고 자칫하면 체포 협조까지 넘어가요. 지금은 누구한테도 말하지 마세요. 가족, 동료, 친구, 특히 통장 같이 쓰는 사람 있으면 절대 연락하지 마십시오. 왜요? 제삼자와 접촉하면 수사 라인이 꼬여서 본인 진술이 불리해집니다. 아, 알겠습니다. 그럼 제가 확인할 게요. 네, 좋아요. 제가 묻는 것만 답하시면 됩니다. 국민은행 계좌 끝 네 자리 말씀해 주시고요. 그리고 최근에 모바일 뱅킹으로 이체한 내역 있는지 확인해 주세요. 제가 제가 드리는 말씀이 어렵지 않습니다. 이게 피해자 해명 절차예요. 네, 잠깐만요. 알겠습니다. 지금 화면 보이시죠? 거래 내역 중에 모르는 돈 들어온 거 있으면 바로 말씀하셔야 됩니다. 본인도 모르게 계좌가 범죄에 쓰인 거면, 지금 대응하면 피해자로 정리될 수 있어요. 근데 이거 진짜 경찰이 맞아요? 네, 금융감독원 조사팀이고 검찰청 사건으로 연계돼 있습니다. 의심하셔도 되는데, 지금은 시간 싸움입니다. 바로, 바로 확인해 주세요.",1,수사기관 사칭형,augmented_llm
aug_수사기관 사칭형_0079,"여보세요? 서울중앙지방검찰청 강민서 수사관입니다. 지금 전화받으실 수 있죠? 네, 저희가 본인 명의로 확인된 기업은행 대포통장 건 때문에 연락드렸습니다. 기업은행이요? 저는 계좌 그런 거 없는데요. 아, 그러시면 더 문제입니다. 개인정보가 유출됐을 가능성이 있어서요. 저희가 어제 압수수색으로 확보한 자료에 본인 이름, 주민번호 일부가 붙은 계좌가 있었고, 거기에 범죄 자금이 들어갔습니다. 범죄 자금이요? 네. 그리고 이 사건은 이미 계좌 동결 절차가 진행 중입니다. 쉽게 말해서 지금 안 움직이시면 계좌가 묶이고, 압류까지 갑니다. 그러니까 지금, 지금 바로 말씀하셔야 돼요. 혹시 최근에 다른 사람한테 신분증 사진 보내신 적 있습니까? 없는데요. 음, 그럼 명의도용 쪽이 더 유력합니다. 그런데요, 여기서 중요한 건 제삼자 연락 차단입니다. 지금 가족분이나 지인한테 얘기하지 마시고, 은행에도 먼저 전화하지 마세요. 왜요? 말이 새면 저희가 확인해야 할 진술이 엉킬 수 있습니다. 아 잠깐만요, 그럼 제가 뭘 해야 하죠? 네, 제가 안내하는 대로 은행명 확인과 잔액 확인을 하시면 됩니다. 기업은행, 하나은행, 농협 중에 본인 사용 계좌가 어디인지 말씀해 주세요. 어… 농협이랑 하나은행은 있는 것 같은데요. 네, 좋습니다. 그러면 그 두 계좌의 마지막 네 자리와 최근 입금 내역을 지금 바로 확인해 주세요. 확인되면 동결 전에 피해 계좌 분리 절차를 넣을 수 있습니다. 제가 지금 메모하고 있습니다. 사건번호는 나중에 전달드릴 거고요. 우선은 본인 계좌가 범죄 연루인지 확인해야 합니다. 이거 안 하시면 검찰에서 직접 출석 통지 갈 수 있어요. 네? 출석통지요? 네. 그리고 상황이 급해서 드리는 말인데, 지금 통화 끊으시면 안 됩니다. 끊고 다른 데 물어보시면 더 늦어집니다. 알겠죠? 네. 그러면 농협 끝 네 자리부터 말씀해 주세요.",1,수사기관 사칭형,augmented_llm
aug_수사기관 사칭형_0080,"잠깐만요, 박지은 씨 맞으십니까? 저는 경찰청 금융범죄수사팀 오세훈 수사관입니다. 본인 명의 계좌 관련해서 아주 긴급하게 연락드렸습니다. 무슨 일이죠? 네, 지금 본인 명의의 국민은행 계좌가 대포통장으로 확인됐습니다. 국민은행이요? 저는 그런 계좌 안 써요. 아, 그 부분 때문에 전화드리는 겁니다. 저희가 지방검찰청과 합동으로 검거한 사기 조직에서 압수한 물품 중에 박지은 씨 명의 통장과 체크카드가 나왔고요, 현재 농협 계좌까지 같이 연동된 정황이 잡혔습니다. 아니 그게 말이 돼요? 네, 저도 이해됩니다. 그런데 본 건에 대해서는 감정적으로 얘기하시면 안 되고, 음, 사실관계만 확인하셔야 됩니다. 지금 본인 계좌는 동결될 수 있고, 혐의가 붙으면 압수 수색까지 이어집니다. 그러니까 바로, 바로 협조하셔야 합니다. 그리고 이건 비밀입니다. 주변 사람 누구한테도 말하지 마세요. 특히 남편분이나 가족분, 그리고 은행 직원에게도 먼저 알리지 마십시오. 왜요? 제삼자에게 알려지면 자금 이동 경로가 끊겨서 본인 진술이 불리해집니다. 네, 알겠습니다. 그럼 제가 뭐 하면 되죠? 우선 본인 명의 은행 목록을 확인합니다. 국민은행, 농협, 하나은행 중에 어떤 계좌를 실제로 쓰는지 말씀해 주세요. 어… 국민은행은 거의 안 쓰고, 농협만 좀 쓰는데요. 네, 그럼 농협 계좌 끝 네 자리 말씀하시고, 최근에 모르는 이체나 입금이 있었는지 확인해 주세요. 제가 제가 다시 설명드리면, 지금 이 단계에서 확인이 안 되면 본인도 공범 의심으로 넘어갈 수 있어요. 네? 공범이요? 네. 그러니까 지금 바로, 바로 확인하셔야 됩니다. 휴대폰으로 은행 앱 켜시고, 최근 거래내역 보이시는 대로 읽어주세요. 잠깐만요, 제가 로그인부터 할게요. 네, 서두르세요. 지금 시간 지체되면 계좌 압수 절차 들어갑니다.",1,수사기관 사칭형,augmented_llm
aug_수사기관 사칭형_0081,"여보세요, 네. 서울중앙지방검찰청입니다. 검찰청 형사부 김도현 수사관이고요, 지금 통화 가능하십니까? 음, 본 건에 대해서 말씀드리면 잠깐만요, 저희가 오늘 오전에 압수한 대포통장 목록에서 선생님 명의가 확인됐습니다. 네? 아니요, 저는 처음 듣는데요. 그게 아니라, 그러니까 지금 선생님 명의로 된 농협 계좌가 범죄 자금 세탁에 이용된 정황이 나왔습니다. 아, 저 농협 쓰긴 하는데요. 네, 맞습니다. 사용 여부를 떠나서 명의도용이 됐을 수도 있고, 또는 타인에게 통장을 양도하신 걸로도 보일 수 있어서 일단 확인 절차가 필요합니다. 지금 이 통화는 녹취됩니다. 그리고 중요한 건, 지금 바로, 바로 처리 안 하시면 계좌 지급정지, 그러니까 쉽게 말하면 전부 묶입니다. 네? 묶인다고요? 예, 검찰에서 압수 요청 들어가면 금융권 전체로 공유돼서 농협뿐만 아니라 하나은행 계좌까지도 동결될 수 있습니다. 혹시 본인 계좌를 다른 사람한테 알려준 적 있으십니까? 아니요. 없습니다. 네, 잠깐만요. 선생님 반응은 이해합니다. 그런데 저희가 이미 범행 조직에서 현장 검거를 했고, 거기서 선생님 주민번호 일부가 적힌 메모가 나왔습니다. 음, 말씀드리자면 이건 꽤 급합니다. 지금 가족분이나 지인분하고 통화하시면 안 됩니다. 제3자랑 상의하시면 증거 훼손으로 오해받을 수 있어요. 아, 그럼 어떻게 해야 되는데요. 일단 본인 확인부터 할게요. 농협 계좌번호 앞자리만 말씀해 주시고요, 지금 사용 중인 계좌가 하나은행도 있으시면 같이 말씀하셔야 합니다. 저희가 대조해서 명의도용 피해자면 바로 피해자 처리해 드리고, 아니면 압수 절차가 진행됩니다. 네, 지금 메모해 주십시오. 사건번호는 2024-검찰-1187번입니다. 바로 확인 안 하시면 체포영장 검토까지 들어갈 수 있습니다. 숨기실 이유가 없으시죠?",1,수사기관 사칭형,augmented_llm
aug_수사기관 사칭형_0082,"네, 경찰청 지능범죄수사대입니다. 잠깐 통화 괜찮으십니까? 저는 최수진 경위고요, 지금 선생님 앞으로 금융사기 관련해서 연락드렸습니다. 아 잠깐만요, 제가 말씀드릴게요. 오늘 새벽에 저희가 지방검찰청과 공조해서 일당을 검거했는데, 그 현장에서 국민은행과 기업은행 통장이 대량으로 나왔습니다. 그중 하나가 선생님 명의로 개설된 걸로 확인됐어요. 네? 저 국민은행만 쓰는데 기업은행은 없는데요. 네, 그 말씀은 들었습니다. 그런데 여기서 문제는, 명의자 본인이 모르고 계셨는지, 아니면 누군가가 본인 정보로 대포통장을 만든 건지 구분해야 합니다. 지금 선생님 계좌가 범죄에 연루된 상태라서 지급정지, 압수, 동결 조치가 같이 걸릴 수 있습니다. 아니 그럼 제 계좌가 막히는 거예요? 네, 맞습니다. 그래서 지금 제일 먼저 해야 할 건 외부 연락 끊는 겁니다. 가족분, 친구분, 은행 담당자 누구든 지금은 말씀하시면 안 됩니다. 비밀 유지하셔야 해요. 아니 왜요? 지금 이건 수사 중이라서요. 말이 새면 선생님도 공범으로 오해받을 수 있습니다. 네, 그러니까 제가 설명드리는 대로만 하시면 됩니다. 우선 현재 쓰시는 은행이 국민은행 외에 하나은행, 농협, 기업은행 더 있는지 확인해 주세요. 아, 잠깐만요. 저 확인 못 하는데요. 확인하셔야 합니다. 그리고 계좌번호 끝 네 자리 불러주시면 저희가 검찰청 전산하고 대조하겠습니다. 아, 이거 너무 갑작스러운데요. 갑작스러워도 지금 처리해야 됩니다. 시간 끌면 계좌가 전부 묶입니다. 지금부터는 제 말씀 끊지 마시고요, 메모만 하십시오. 사건번호는 19-검경-4421입니다.",1,수사기관 사칭형,augmented_llm
aug_수사기관 사칭형_0083,"여보세요? 금융감독원 민원조사팀입니다. 선생님 성함 확인되시면 바로 진행하겠습니다. 네, 제가 왜요? 본 건에 대해서 음, 말씀드리자면 선생님 명의의 하나은행 계좌가 불법 대출 자금 통로로 쓰인 정황이 잡혔습니다. 저기요, 저 그런 적 없는데요. 네, 그래서 연락드린 겁니다. 지금 선생님은 피해자일 수도 있고, 명의도용 당사자일 수도 있어서, 이 부분을 빨리 가려야 합니다. 아, 그러면 은행 가면 되나요? 아니요. 지금 은행 가시면 안 됩니다. 지금은 은행 직원이랑도 바로 얘기하시면 안 되고, 제3자 연락도 차단하셔야 합니다. 왜냐하면 계좌 동결 절차가 이미 예고되어 있기 때문입니다. 네? 동결이요? 예. 그리고 검찰청에서 압수수색 결과가 넘어오면 하나은행뿐 아니라 농협 계좌까지 같이 묶일 수 있습니다. 선생님, 지금 혹시 통장이나 카드 사진을 가족에게 보낸 적 있습니까? 없는데요. 그럼 좋습니다. 본인만 알고 계셔야 합니다. 아, 그러니까 저 혼자만요? 네, 혼자만 아셔야 해요. 지금 말씀드리는 건 공식 확인 절차입니다. 혹시 국민은행도 사용하시면 그 계좌번호 앞 두 자리만 말씀해 주시고, 기업은행은 있는지 없는지만 답하시면 됩니다. 선생님이 협조하시면 피해자 입증 쪽으로 정리해드릴 수 있고, 아니면 명의대여로 넘어갑니다. 잠깐만요, 저는 그런 거 한 적 없어요. 알겠습니다. 그럼 바로 적겠습니다. 이 통화는 녹취됩니다. 사건번호는 금융감독원 2024-763입니다.",1,수사기관 사칭형,augmented_llm
aug_수사기관 사칭형_0084,"네, 검찰청입니다. 서울중앙지방검찰청 첨단범죄수사부 박정훈 검사실인데요, 지금 선생님 명의로 된 계좌가 범죄 수익 은닉에 사용된 걸로 보여서 즉시 연락드렸습니다. 어, 검사님이세요? 예, 검사입니다. 지금 이 건은 가볍게 보시면 안 됩니다. 저희가 어제 압수한 자료에 선생님 이름이 적힌 농협 통장과 국민은행 체크카드가 같이 나왔습니다. 저는 농협 하나 있는데, 국민은행은 없는데요. 네, 그래서 여쭤보는 겁니다. 통장을 본인이 직접 개설하셨는지, 아니면 누군가가 신분증을 이용해 명의도용했는지 확인해야 합니다. 지금 바로, 바로 답 안 하시면 계좌 압수 조치가 들어갑니다. 아니 그럼 제 계좌 다 막혀요? 예, 막힐 수 있습니다. 그리고 이건 수사보안이라서, 가족이나 직장 동료에게 이야기하시면 안 됩니다. 제3자 연락 차단하십시오. 그게 아니라, 그러니까 지금은 본인만 아셔야 하는 상황입니다. 아, 네. 본인 계좌 중에 하나은행이나 기업은행도 있으십니까? 저는 국민은행만 쓰는데요. 잠깐만요, 그러면 국민은행 계좌번호 끝 네 자리만 말씀해 주십시오. 저희가 지급정지 전에 대조해서 피해 여부를 확인해야 합니다. 네, 메모하셨습니까? 사건은 2024-중검-0916이고요. 지금 협조 안 하시면 체포영장 신청까지 검토됩니다.",1,수사기관 사칭형,augmented_llm
aug_수사기관 사칭형_0085,"여보세요, 검찰청 수사관입니다. 지방검찰청 형사2부 이민재 수사관이고요, 선생님 앞으로 긴급 확인 전화 드렸습니다. 지금 목소리 잘 들리십니까? 네. 본 건에 대해서 말씀드리면, 저희가 오늘 새벽에 금융사기 조직을 잡았는데 그쪽에서 선생님 명의의 기업은행 계좌가 발견됐습니다. 기업은행이요? 저는 기업은행 안 쓰는데요. 그래서 전화드린 겁니다. 음, 그러니까 누군가가 선생님 정보를 이용했거나, 아니면 선생님 계좌가 대포통장으로 넘어간 겁니다. 지금 이 상태면 계좌 동결은 물론이고, 압수 절차까지 갈 수 있습니다. 아니 저는 아무것도 안 했는데요. 네, 그 말씀 이해합니다. 그렇지만 지금은 해명보다 확인이 먼저입니다. 가족분이나 주변인에게 절대 말하지 마십시오. 그쪽이 움직이면 증거가 사라질 수 있어서요. 아, 잠깐만요, 그럼 제가 뭘 해야 되는데요? 지금 사용 중인 계좌를 전부 말씀해 주셔야 합니다. 농협, 하나은행, 국민은행 포함해서요. 그리고 기업은행 계좌번호가 있으면 바로 불러주십시오. 저희가 전산 대조 후에 명의도용인지 확인해 드리겠습니다. 없으시면 없다고만 하시면 되고, 있으면 바로 동결 해제 절차를 안내드릴 수 있습니다. 이 통화는 녹취되고 있습니다. 그리고 지금 협조 안 하시면 수사상 불이익이 큽니다. 사건번호는 지검-24-3305번입니다. 지금 바로 말씀해 주세요.",1,수사기관 사칭형,augmented_llm
aug_수사기관 사칭형_0086,"여보세요, 김민수 씨 맞으시죠? 네, 저는 서울중앙지방검찰청 형사부 김도현 검사라고 합니다. 지금 통화 가능하십니까? 잠깐만요, 이 통화는 녹취됩니다. 말씀드리겠습니다. 본 건에 대해서, 음, 긴급히 확인할 사항이 있어서 연락드렸습니다. 김민수 씨 명의로 개설된 농협 계좌가 서울 시내 불법 자금 세탁 사건에서 대포통장으로 발견됐습니다. 지금 발견된 계좌는 압수 절차가 이미 진행됐고, 계좌 지급정지, 그러니까 쉽게 말하면 묶이는 겁니다. 아, 본인께서 모르신다고요? 네, 그 반응은 이해합니다. 그런데 저희가 검찰청 명의로 금융기관에 확인해 본 결과, 해당 농협 계좌는 본인 신분증 정보로 개설된 정황이 확인됐습니다. 혹시 하나은행, 국민은행, 기업은행 중에 추가로 사용하시는 계좌 있으십니까? 지금 바로 말씀하셔야 됩니다. 네? 아니, 지금은 다른 분과 상의하시면 안 됩니다. 가족이든 지인이든, 누구한테도 이 사건 이야기하지 마세요. 제3자와 연락하시면 증거가 훼손될 수 있고, 그럼 본인도 공범으로 오해받을 수 있습니다. 아 잠깐만요, 그게 아니고요. 지금 이 상태로 방치되면 계좌 동결뿐 아니라 압수영장 신청까지 이어집니다. 제가 제가 드리는 말씀이 과한 게 아니라, 실제로 체포 절차까지 검토되는 사안입니다. 그러니 본인 명의로 된 다른 계좌가 있는지, 정확히 확인해 주세요. 네, 없다고 하시면 제가 그 진술을 녹취로 남기겠습니다. 어, 그리고 지금 출금 이체 절대 하시면 안 됩니다. 잔액이 남아 있으면 보호 조치 전에 추가 피해가 발생할 수 있습니다. 그러면 지금 농협 말고, 최근에 국민은행이나 기업은행 계좌 사용하신 적 있나요?",1,수사기관 사칭형,augmented_llm
aug_수사기관 사칭형_0087,"지금 말씀 좀 들으시죠. 경찰청 사이버수사대 박준호 수사관입니다. 본인 앞으로 명의도용 사건이 접수됐어요. 음, 정확히는 금융사기단이 검거됐는데 현장에서 대포통장 여러 개가 나왔고, 그중에 선생님 이름으로 된 하나은행 계좌가 확인됐습니다. 네? 처음 듣는다고요? 예, 그래서 연락드린 겁니다. 지금 이 통장은 불법 도박 자금이 오간 계좌로 분류돼서 즉시 지급정지 처리될 예정입니다. 아, 아직 안 쓰셨다고요? 그건 상관없습니다. 명의자 기준으로 동결이 들어갑니다. 그러니까 쉽게 말해서 선생님 이름으로 된 계좌가 묶이는 거예요. 잠깐만요, 본인 확인 좀 할게요. 신분증 정보 유출된 적 없으십니까? 네, 없다고요? 알겠습니다. 그런데 저희가 확인한 바로는 주민번호 일부가 이미 외부로 유출된 흔적이 있습니다. 지금 바로 말씀드릴 건데, 이 사건은 함부로 주변에 알리면 안 됩니다. 가족, 친구, 심지어 은행 직원에게도 상세 내용 말하지 마세요. 왜냐하면 수사 비밀이 유지돼야 하고, 제3자 개입되면 계좌 추적이 꼬입니다. 어, 본인께서 해명하실 시간 드리겠습니다. 하나은행 외에 농협, 국민은행, 기업은행 쪽 계좌도 있으세요? 네? 아, 그럼 좋습니다. 그럼 제가 사건번호 먼저 불러드릴게요. 이 사건은 서울중앙지검에서 넘겨받은 건이고, 지금 본인 계좌가 범죄 수익으로 엮였는지 확인 중입니다. 지금 즉시 답변 못 하시면 계좌 압수 조치가 더 진행될 수 있어요.",1,수사기관 사칭형,augmented_llm
aug_수사기관 사칭형_0088,"네, 금융감독원 조사팀입니다. 여보세요, 듣고 계십니까? 아, 네. 선생님 성함 확인됐고요. 지금 선생님 명의의 국민은행 계좌가 타인에게 넘어가 대포통장으로 사용된 흔적이 나와서 연락드렸습니다. 음, 본인께서 직접 개설 안 하셨죠? 네, 그럼 명의도용 가능성이 있습니다. 그런데 이게 단순 유출이 아니라, 검찰청이 같이 보고 있는 사건이라서 지금은 굉장히 민감합니다. 잠깐만요, 제가 설명드리겠습니다. 현재 해당 계좌는 지급정지, 압수, 추가 거래 제한까지 동시에 걸릴 수 있습니다. 아니요, 제가 겁주려고 하는 게 아니라 실제 절차가 그렇습니다. 그리고 지금은 절대 제삼자에게 말하시면 안 됩니다. 배우자든 자녀든, 은행 상담원이든 상세히 말하지 마세요. 왜냐하면 누가 새로 끼면 진술이 섞여버려요. 아, 말씀 잘하셨습니다. 그러면 계좌 내역부터 확인해야 하는데, 최근에 농협이나 기업은행, 하나은행 계좌로 이체하신 적 있나요? 네? 없다고요? 알겠습니다. 그럼 제가 확인 질문 드리겠습니다. 최근 일주일 안에 본인 계좌에서 모르는 출금, 모르는 소액 이체, 이런 거 있으셨습니까? 지금 바로 확인해야 합니다. 조금만 늦어도 자금추적이 끊겨서 본인 명의로 체포 관련 서류가 넘어갈 수 있습니다. 네, 지금 침착하게 말씀하시면 됩니다.",1,수사기관 사칭형,augmented_llm
aug_수사기관 사칭형_0089,"어, 여보세요. 지방검찰청입니다. 지금 통화 가능한가요? 본인 명의 계좌 관련해서 긴급 통지 드리려고 전화했습니다. 본인 이름으로 된 기업은행 통장이 불법 환전 조직에서 발견됐습니다. 혹시 전혀 모르시는 내용입니까? 네? 아, 그러면 오해가 아니고 명의도용이 맞을 가능성이 높습니다. 지금 제가 설명드리면, 이 통장은 범죄 수익 입금용으로 사용됐고, 이미 압수 대상에 올랐습니다. 계좌가 동결되면 인출도 송금도 안 됩니다. 그러니까 쉽게 말하면 돈이 묶이는 겁니다. 본인께서 지금 해야 할 건 단 하나입니다. 다른 사람에게 연락하지 마시고, 본인 계좌 현황만 정확히 말씀해 주셔야 합니다. 어머니나 형제한테도 말하지 마세요. 가족이 개입하면 사실확인 절차가 늦어집니다. 아니, 잠깐만요. 그게 아니라 제가 지금 말씀드리는 건 비밀 유지가 필수라는 뜻입니다. 혹시 농협, 하나은행, 국민은행에도 본인 명의 계좌가 있으십니까? 네, 있다면 정확히 알려주셔야 합니다. 지금 안 알려주시면 검찰 쪽에서 일괄 동결 요청을 넣을 수밖에 없습니다. 그리고 이건 장난이 아닙니다. 본인 계좌가 범죄 연루로 잡히면, 소환 통보가 나갈 수도 있어요. 지금 바로 확인해 주세요.",1,수사기관 사칭형,augmented_llm
aug_수사기관 사칭형_0090,"네, 경찰청 형사과에서 연락드렸습니다. 잠깐만요, 이거 중요한 겁니다. 김수현 씨 명의로 된 농협 계좌가 최근 보이스피싱 자금 인출에 사용된 걸로 확인됐습니다. 아, 아니라고 하셔도 일단 기록상으로는 그렇습니다. 그래서 지금 계좌 동결 조치가 들어가기 전에 사실관계부터 맞춰야 합니다. 본인께서 이 계좌를 타인에게 빌려준 적, 혹은 누군가에게 정보를 넘긴 적 전혀 없으십니까? 네? 없다고요? 좋습니다. 그러면 명의도용 피해자로 분류될 가능성이 있습니다. 그런데 한 가지, 이 통화 내용은 수사기록으로 남고요, 외부에 말하시면 안 됩니다. 지금 제3자하고 연락하시면 안 돼요. 왜냐하면 상대방이 도망가거나 자금을 옮기면 선생님께 불리해집니다. 음, 본인께서 지금 당장 하셔야 할 건 계좌 잔액 확인입니다. 농협 말고 하나은행, 국민은행, 기업은행 계좌도 있으세요? 네? 아, 그럼 계좌번호 일부를 말씀해 주십시오. 제가 확인해보겠습니다. 어, 마지막 네 자리가 뭐라고요? 네, 들었습니다. 지금 그 계좌도 함께 조회 들어갑니다. 혹시 최근에 모르는 이체가 있었으면 바로 말씀하세요. 아니, 괜찮다고 넘기시면 안 됩니다. 지금 바로, 바로 말하셔야 계좌 압수나 추가 지급정지를 막을 수 있습니다.",1,수사기관 사칭형,augmented_llm
aug_수사기관 사칭형_0091,"여보세요, 김현수 씨 맞으시죠? 네? 지금 서울중앙지방검찰청 형사부입니다. 잠깐만요, 본인 통화 가능하신지 먼저 확인하겠습니다. 네? 아 예, 지금은 간단히 말씀드릴게요. 저희가 오늘 아침에 대포통장 관련해서 검거된 사건이 하나 있는데, 그 현장에서 김현수 씨 명의로 개설된 하나은행 계좌와 국민은행 계좌가 발견됐습니다. 아니 저는 그런 거 만든 적 없는데요? 네, 그 말씀하실 줄 알았습니다. 그게 아니라, 그러니까 지금 제 말씀은 본인 명의가 도용됐을 가능성이 높다는 겁니다. 명의도용이 확인되면 계좌 지급정지, 그러니까 쉽게 말해서 지금 바로 묶입니다. 그리고 본인 계좌가 범죄자금 통로로 쓰였다고 판단되면 압수 절차까지 들어가요. 압수요? 네, 압수입니다. 그리고 이 건은 검찰 내부에서도 엄중하게 보고 있어서 지금 바로, 바로 처리 안 하시면 체포 관련 절차도 배제할 수 없습니다. 아니 잠깐만요, 제가 뭘 잘못했는지 모르겠는데요? 지금 당황하시는 건 이해합니다. 그런데 여기서 제일 중요한 건 제삼자 연락 차단입니다. 가족분이든 지인이든 카드사든 은행이든 지금은 절대 먼저 연락하시면 안 됩니다. 왜요? 이유는 간단해요. 외부에 알리면 증거 인멸로 오해받을 수 있어요. 저희가 지금 녹취로 진행 중이고요, 이 통화는 녹취됩니다. 아, 네. 본인 확인부터 하겠습니다. 주민번호 앞자리 말씀하시고요, 현재 사용 중인 농협 계좌 끝 네 자리랑 하나은행 끝 네 자리만 말씀해 주세요. 그 계좌가 본인 계좌인지 확인하는 절차입니다. 아니 왜 제 계좌를 여기서요? 지금 본인 명의로 된 통장이 범죄에 엮였는지 확인해야 하니까요. 지체하시면 금융감독원 쪽으로도 동결 요청이 넘어갑니다. 그러면 출금도, 이체도 못 하세요. 아셨죠? 음, 일단 말씀드리는 거 잘 들으세요. 지금 확인 안 되면 오늘 안에 사건이 접수돼서 조사관이 직접 출동합니다.",1,수사기관 사칭형,augmented_llm
aug_수사기관 사칭형_0092,"네, 금융감독원 조사과입니다. 이준호 씨 통화 맞으십니까? 아, 일단 끊지 마시고요. 지금 본인 명의로 된 기업은행 대포통장이 검출돼서 연락드렸습니다. 대포통장이요? 저는 기업은행 안 쓰는데요. 네, 그래서 연락드린 겁니다. 본인이 모르는 사이에 명의가 넘어갔거나, 아니면 제삼자에게 제공된 정황이 있어서요. 지금 이 건은 단순 민원이 아니라 형사 사건입니다. 형사 사건이요? 네, 검찰로 바로 이첩될 수 있는 사안입니다. 지금 당장 본인 계좌 전부 확인 안 하시면 계좌 동결, 지급정지, 압수 보전 절차가 동시에 들어갈 수 있어요. 잠깐만요, 제가 뭘 해야 되는데요? 우선 주변 사람에게 말씀하시면 안 됩니다. 이 부분 중요합니다. 부모님, 배우자, 직장 동료, 아무한테도 말씀하지 마세요. 말씀하시는 순간 피해자 입증이 어려워집니다. 아니 왜 비밀로 해야 되죠? 지금 수사 중인 사건이라서 그렇습니다. 그리고 저희가 본인 계좌에서 확인한 건 기업은행, 농협, 국민은행 세 군데입니다. 본인 사용 계좌 맞으시죠? 아니 농협만 좀 쓰는데요. 아, 그러면 나머지 두 계좌는 누가 만든 건지 전혀 모르시는 거죠? 네. 네, 알겠습니다. 그러면 지금부터 말씀드리는 대로 따라오시면 됩니다. 통화 중에는 다른 전화 받지 마시고요. 문자 오더라도 보지 마세요. 검찰청 쪽에서 계좌 추적이 들어가면 출금이 바로 묶입니다. 아, 그리고 이 통화는 녹취되고 있습니다. 지금 본인 명의가 범죄 조직에 이용된 정황이 있어서 본인도 참고인인지 피의자인지 구분해야 하거든요. 그러니까 제가 묻는 말에만 답하시면 됩니다. 지금 사용 중인 하나은행 계좌 끝 네 자리, 빨리 말씀해 주세요.",1,수사기관 사칭형,augmented_llm
aug_수사기관 사칭형_0093,"여보세요? 경찰청 지능범죄수사팀인데요, 박정우 경감입니다. 지금 본인께서 검찰 조사 대상에 올라와서 연락드렸습니다. 네? 아니요, 장난 아니고요. 저희가 지방검찰청하고 공조해서 확인한 내용인데, 본인 명의로 된 농협 통장이 보이스피싱 자금세탁에 사용된 정황이 나왔습니다. 농협이요? 저는 그런 통장 없어요. 그럼 더 위험합니다. 본인이 모르는 사이 명의가 도용됐다는 뜻이거든요. 지금 바로 조치 안 하시면 계좌 동결되고, 그 다음에는 압수수색 영장까지 연결됩니다. 잠깐만요, 제가 왜 압수수색까지 가요? 아 잠깐만요, 그게 아니고요. 제가 말씀드리는 건 본인 계좌가 범죄에 쓰였는지 확인하는 절차입니다. 이건 피해자 보호 절차예요, 알겠습니까? 네. 그런데 지금 본인 주변에서 누가 계속 연락 올 수 있습니다. 그 사람들, 특히 가족이나 지인 연락은 받지 마세요. 왜냐하면 정보가 새면 사건이 꼬입니다. 아니 근데 제가 뭘 어떻게 해야 되는지요? 우선 계좌번호 확인부터 해야 합니다. 농협, 국민은행, 그리고 하나은행 중에 본인 명의 계좌가 몇 개 있는지 말씀해 주세요. 음, 농협 하나요. 하나은행은 없고요. 아, 하나은행이 없는데 기록에는 있네요. 이건 굉장히 이상합니다. 누군가 개인정보를 이용해 개설했을 가능성이 높아요. 그러면 지금부터는 제가 안내하는 보안 절차를 밟아야 합니다. 본인 휴대전화에서 인터넷 뱅킹 앱은 잠시 꺼두시고, 타인에게 캡처나 화면 공유 절대 하지 마세요. 그리고 지금 통화 내용은 전부 녹취됩니다. 본인 계좌가 묶이기 전에 정리해야 하니까, 제가 부르는 번호만 그대로 따라 적으세요.",1,수사기관 사칭형,augmented_llm
aug_수사기관 사칭형_0094,"검찰청입니다. 김도윤 씨, 지금 통화 괜찮으십니까? 네? 아, 괜찮으시면 바로 말씀드리죠. 본인 명의로 된 기업은행 계좌가 사기단의 대포통장으로 확인됐습니다. 아니 저는 기업은행 계좌 없는데요? 그 부분 때문에 전화드린 겁니다. 명의도용이면 더 큰 문제입니다. 지금 이 상태에서 그냥 두시면 계좌가 즉시 동결되고, 출금뿐 아니라 입금까지 막힙니다. 그리고 사건이 넘어가면 압수 절차, 소환 절차가 이어집니다. 소환이요? 네, 출석 요구서도 나갈 수 있어요. 잠깐만요 그럼 제가 뭘 잘못한 건가요? 아직은 피해자인지 공범인지 확인 중입니다. 그러니까 지금은 외부 사람과 말 섞으면 안 됩니다. 은행 직원이든 가족이든, 지인이든 안 돼요. 왜요? 지금 연락이 새면 계좌 추적이 꼬입니다. 본인 정보가 이미 한 차례 유출된 걸로 보여서, 다른 통장도 함께 봐야 합니다. 국민은행, 농협, 하나은행 중에 본인 명의로 사용 중인 계좌가 있습니까? 음, 국민은행 하나 있습니다. 알겠습니다. 그 계좌 번호 끝 네 자리 말씀해 주세요. 네? 왜요? 본인 확인용입니다. 그리고 이 통화는 녹취됩니다. 이건 수사 기록으로 남습니다. 지금 바로 확인 못 하면 오늘 안으로 금융감독원 쪽 지급정지 공문 나갑니다. 아셨죠? 제가 지금 조용히 말씀드리는 건 본인 보호 때문입니다. 본인이 먼저 알리고 움직이면 오히려 불리해집니다. 그러니까 지금은 저 믿고 계좌 정보만 정확히 말씀하셔야 해요.",1,수사기관 사칭형,augmented_llm
aug_수사기관 사칭형_0095,"잠깐 통화 되시죠? 네, 서울지방검찰청 수사관입니다. 이수민 씨 맞으세요? 네? 아, 일단 잘 들으세요. 저희가 이번에 보이스피싱 조직을 압수수색하는 과정에서 이수민 씨 이름으로 된 하나은행 통장이 나왔습니다. 하나은행이요? 저는 그런 거 없는데요. 네, 그 반응이 정상입니다. 대부분 본인이 모르는 사이에 명의가 도용된 경우가 많아서요. 근데 지금 문제는, 그 통장이 이미 범죄 자금이 들어갔다가 빠져나간 흔적이 있다는 겁니다. 그러면 저도 피해자인가요? 그럴 가능성이 큽니다. 그런데 피해자로 인정받으려면 지금 즉시 협조하셔야 됩니다. 지금 바로, 바로요. 가족분한테도 말씀하시면 안 되고요, 은행에도 먼저 전화하시면 안 됩니다. 아니 왜요? 은행에 먼저 문의하면 기록이 꼬여요. 저희가 먼저 동결 여부를 확인해야 합니다. 그리고 혹시 국민은행이나 농협도 쓰시죠? 네, 국민은행은 있어요. 알겠습니다. 그 계좌들도 같이 확인해야 합니다. 본인 명의로 된 전 계좌를 말씀해 주셔야 해요. 잠깐만요, 제가 다 기억이 안 나는데요. 기억 안 나시면 통장이나 앱에서 확인하시면 됩니다. 그런데 지금 그 확인 과정도 제 안내 없이 하시면 안 됩니다. 아, 그리고 지금 이 통화는 녹취됩니다. 본인에게 불리한 게 아니라 오히려 증거 보전용입니다. 네? 네, 그러니까 제가 묻는 말에만 답하세요. 현재 사용 중인 계좌 끝 네 자리부터 말씀해 주세요. 지금 안 하시면 계좌 압류, 그러니까 쉽게 말하면 출금 못 하게 묶이는 겁니다.",1,수사기관 사칭형,augmented_llm
aug_수사기관 사칭형_0096,"여보세요, 김민수 씨 되십니까? 여기 서울중앙지방검찰청 형사부입니다. 아, 저는 담당 수사관 오현우라고 하고요. 잠깐만요, 지금 통화 가능하십니까? 네? 지금 본인 명의로 된 농협 계좌가 대포통장 사건에 연루된 정황이 확인돼서 바로 연락드렸습니다. 아니 제가요? 네, 맞습니다. 본 건에 대해서, 음, 말씀드리자면 지난주 검거된 사기 조직 현장에서 농협과 국민은행 명의로 된 통장이 다수 압수됐고 그중 하나가 선생님 명의로 확인됐습니다. 처음 듣는데요. 네, 처음 들으시는 거 이해합니다. 그런데 지금 이 계좌는 이미 범죄자 자금이 들어간 상태라서 계좌 지급정지, 그러니까 쉽게 말하면 묶였다고 보시면 됩니다. 아니 잠깐만요, 그럼 저는 아무것도 한 게 없는데요? 그게 아니라, 그러니까 지금은 피해자 여부를 확인해야 해서 제가 질문드리는 겁니다. 선생님 명의로 개설된 하나은행 계좌, 국민은행 계좌 외에 타 은행 계좌 더 있으십니까? 네, 잠깐만요. 하나는 있는데요. 아 하나만 있으시고 다른 건 없으신 거죠? 네. 좋습니다. 지금부터는 제3자와 통화하시면 안 됩니다. 가족분이든 지인이든 누구든 말씀하시면 안 되고요. 왜요? 지금 외부에 새면 증거 인멸로 보일 수 있어서, 그 즉시 체포영장 검토 들어갑니다. 아니 무슨 체포요? 선생님이 직접 가담했다고 단정하는 건 아니고, 음, 혹시라도 명의도용 피해인지 확인하려는 단계입니다. 제가 지금 공문으로 계좌 동결 해제 여부를 확인해야 해서, 농협 계좌번호 끝 네 자리와 주민번호 앞자리 말씀해 주십시오. 아 잠깐만요, 제가 그걸 왜요? 확인 절차입니다. 지금 바로, 바로 안 하시면 압수 절차로 넘어갑니다. 통장 전부 동결되고 출금도 못 하세요. 네, 네. 어, 끝 네 자리는 4821이고요. 주민번호 앞자리는…",1,수사기관 사칭형,augmented_llm
aug_수사기관 사칭형_0097,"잠시만요, 경찰청 금융범죄수사대 김서준입니다. 통화 녹취 진행 중입니다. 네? 아, 지금 본인께서는 박성호라는 사람 아십니까? 아니요. 모르는데요. 그럼 잘 들으셔야 됩니다. 저희가 지방검찰청과 합동으로 불법 도박 자금 사건을 수사하다가 압수수색 현장에서 선생님 이름으로 된 기업은행 통장하고 하나은행 통장을 확보했습니다. 제 이름으로요? 네, 명의도용으로 개설된 정황이 강합니다. 그런데요, 그 통장들 안에 지금 범죄 수익이 들어가 있었고 이미 지급정지 조치가 걸렸습니다. 아니 제가 만든 적이 없는데요. 네, 그래서 지금 확인하는 겁니다. 이 통장이 본인 것이 맞는지, 아니면 개인정보 유출로 생긴 피해인지요. 잠깐만요, 저 지금 직장인데요. 직장 말고요, 선생님. 지금 누구 옆에 계십니까? 아무도 없어요. 좋습니다. 제3자 있으면 안 됩니다. 가족, 동료, 은행 직원 누구랑도 상의하지 마십시오. 지금 상의하시면 사건이 커지고, 선생님도 공범 의심으로 전환될 수 있어요. 아, 그건 아니죠. 그럼 말씀드리겠습니다. 지금 계좌는 압수 대상이고, 본인 확인 절차를 안 받으면 바로 동결 연장됩니다. 아 그러면 어떻게 해야 돼요? 질문에만 답하세요. 농협이나 국민은행 계좌도 있습니까? 농협은 있어요. 네, 하나은행은요? 하나는 없어요. 좋습니다. 지금 농협 계좌번호 끝 자리 말씀해 주세요. 아니 근데 그걸 왜요? 확인용입니다. 지금 바로요. 늦어지면 저희 쪽에서 압수명령서 넘깁니다. 어, 1193입니다.",1,수사기관 사칭형,augmented_llm
aug_수사기관 사칭형_0098,"네, 금융감독원 민원조사실입니다. 어르신, 전화받으셨죠? 네? 아니 근데 제가 민원이 넣은 적이 없는데요. 그게 아니라, 그러니까 지금 본인 명의로 된 국민은행 통장이 범죄 조직에 이용됐습니다. 본인이 직접 개설하신 건지 확인하려고 연락드렸습니다. 네, 저는 모르는데요. 알겠습니다. 지금 서울중앙지방검찰청에서 넘어온 자료에 따르면 선생님 계좌로 불법 자금이 수차례 이동했고, 현재 계좌는 동결 대상입니다. 동결이요? 네, 말 그대로 입출금이 막힙니다. 그리고 중요한 건, 지금 이건 비밀 유지가 필요합니다. 가족분께도 말하지 마시고, 자녀나 배우자에게도 절대 공유하지 마세요. 왜요? 지금 외부 연락 돌면 수사 방해로 잡힐 수 있습니다. 아니 그럼 제가 어떻게 하라는 거예요? 제가 제가 말씀드리는 절차만 따라오시면 됩니다. 우선 국민은행 말고 하나은행 계좌 있으십니까? 아니요, 없어요. 네, 그럼 국민은행 계좌번호와 비밀번호가 아니라 끝 네 자리만 확인할게요. 비밀번호는 절대 말하지 마시고요. 아 네. 끝 자리 2074요. 좋습니다. 지금 이 번호로는 출금하면 안 됩니다. 출금 시도되면 바로 압수 전환입니다. 그리고 지금, 음, 혹시 문자나 카카오톡으로 연락 오는 사람 있으면 다 차단하세요. 제3자 통화 금지입니다. 네? 네, 선생님 명의가 이미 범죄 연루로 찍혀 있어서 지금은 혼자만 움직이셔야 합니다. 그러면 제가 뭘 하죠? 계좌 확인 후, 필요하면 안전계좌로 이체 절차를 안내드릴 수 있습니다. 잠깐만요, 이체요? 네, 지금 보호 조치용입니다. 바로 하셔야 합니다.",1,수사기관 사칭형,augmented_llm
aug_수사기관 사칭형_0099,"여보세요, 서울지방검찰청 첨단범죄수사부 박도윤 검사입니다. 지금 전화 끊지 마시고 메모 가능하십니까? 네? 네, 메모부터 하세요. 선생님 명의로 된 농협 계좌가 대포통장으로 사용된 사건입니다. 제가요? 네, 본인이 직접 개설하지 않았더라도 명의도용 피해 가능성이 있어서 먼저 확인하는 겁니다. 그런데 검찰에서 왜 저한테 전화가 오죠? 압수수색 과정에서 선생님 이름, 주민번호 일부, 계좌 정보가 발견됐기 때문입니다. 지금 이 통장은 이미 동결 절차가 진행 중이고, 향후에는 압수 전환될 수 있습니다. 아, 잠깐만요. 저는 그런 거 한 적 없어요. 네, 그 말씀도 기록됩니다. 그리고 지금부터는 누구와도 이야기하지 마세요. 은행, 가족, 지인, 카드사 전부요. 왜요? 누가 접촉되면 증거 훼손이 됩니다. 선생님 신분이 가해자 쪽으로 오해받을 수 있어요. 아니 그건 너무 갑자기... 그게 아니라, 그러니까 지금은 선생님 보호를 위해 조용히 진행해야 한다는 뜻입니다. 하나은행 계좌도 있으십니까? 아니요. 국민은행은요? 국민은행은 있어요. 좋습니다. 국민은행 계좌번호 끝 네 자리 불러주세요. 아니 이걸 왜 말해야 되죠? 본인 확인입니다. 지금 바로 확인 안 되면 계좌 전체 지급정지 들어갑니다. 네, 5580입니다. 네, 알겠습니다. 그리고 질문 하나만 더요. 최근에 누가 신분증 사진 보내 달라고 한 적 있습니까? 음, 예전에 문자 온 적은 있어요. 그건 수사에 중요합니다. 지금 그 번호도 삭제하지 말고 남겨두세요. 다른 데 말하지 마시고요.",1,수사기관 사칭형,augmented_llm
aug_수사기관 사칭형_0100,"어, 여보세요? 농협은행 본점이 아니라 경찰청입니다. 네, 경찰청 사이버수사과 이재훈 수사관입니다. 잠깐 통화 괜찮으십니까? 네. 좋습니다. 지금 본인 명의로 개설된 기업은행 계좌가 범죄에 이용된 걸로 확인됐습니다. 뭐라고요? 네, 기업은행하고 하나은행 둘 다 연계되어 있습니다. 저희가 범죄 조직 검거하면서 압수한 자료에 선생님 이름이 나왔고, 계좌 거래내역도 확인됐습니다. 아니 저는 기업은행 없는데요? 그러시면 명의도용일 가능성이 높습니다. 그런데 지금 바로 대응 안 하시면 계좌가 동결되고, 추가로 압수 영장까지 청구됩니다. 아, 잠깐만요 그럼 제가 뭘 해야 하는데요? 우선 다른 사람한테 연락하시면 안 됩니다. 지금 가족분들한테도 말하지 마시고, 은행 콜센터에도 임의로 전화하지 마세요. 왜요? 연락 흔적이 남으면 수사에 혼선이 생깁니다. 그리고 선생님이 혹시 모르게 가해자로 연결될 수 있어요. 아니 그건 좀... 그게 아니라, 그러니까 지금은 제가 안내하는 대로만 하시면 됩니다. 국민은행 계좌 있습니까? 네, 하나 있어요. 끝 자리 말씀해 주세요. 6142입니다. 좋습니다. 그럼 본인 확인 끝나면 바로 안전조치 들어가겠습니다. 지금 계좌 정리 안 하면 출금 제한되고, 통장 전부 묶입니다. 그러면 안전조치는 어떻게... 네, 잠깐만요. 확인된 계좌로 자금을 옮겨야 합니다. 바로요. 시간 없습니다.",1,수사기관 사칭형,augmented_llm
aug_수사기관 사칭형_0101,"여보세요, 본인 맞으십니까? 네, 서울중앙지방검찰청 첨단범죄수사부입니다. 저는 김도현 검사인데요, 지금 통화 가능하신지 먼저 확인하겠습니다. 네? 아, 지금 중요한 말씀 드려야 해서요. 본인 명의로 된 농협 계좌가 하나 발견됐고, 이 계좌가 대포통장으로 사용된 정황이 확인됐습니다. 네? 저는 농협 계좌 없는데요. 아 잠깐만요, 그게 아니고요. 본인 명의로 개설된 계좌가 아니라도 개인정보가 유출되면 타인이 본인 이름으로 만들 수 있습니다. 저희가 검토한 사건에서 지난달 서울 쪽에서 보이스피싱 조직이 검거됐는데, 현장에서 압수된 통장들 중에 본인 이름이 찍힌 농협 계좌가 나왔습니다. 이건 그냥 넘어갈 수 있는 사안이 아니고, 지금 바로 바로 확인 안 하시면 계좌 지급정지, 그러니까 쉽게 말하면 묶이는 겁니다. 아니, 저는 진짜 모릅니다. 네, 그래서 지금 확인하는 거예요. 본인께서 타인에게 통장이나 카드, 신분증을 맡기신 적 없으시죠? 없어요. 그럼 왜 이렇게 나왔냐고요. 음, 제가 설명을 드리자면 현재 계좌는 범죄 수익금이 오간 경로로 확인돼서 압수 절차가 들어갈 수 있습니다. 압수되면 본인도 소명해야 하고, 경우에 따라 출석 요구, 그러니까 조사 일정이 바로 잡힙니다. 지금 이 통화는 녹취됩니다. 본인께서는 절대 가족이나 지인에게 이 내용 말하시면 안 됩니다. 네? 왜요? 제3자랑 상의하면 증거 인멸 시도로 오해받을 수 있어요. 그러니까 지금부터는 저랑만 통화하시고, 다른 전화는 받지 마십시오. 본인 명의로 된 하나은행 입출금 계좌도 함께 확인됐는데, 혹시 최근에 계좌번호나 인증번호를 알려주신 적 있으십니까? 아니요. 음, 그러시면 계좌 정보 확인 절차만 빨리 진행하겠습니다. 계좌 끝 네 자리 말씀해 보세요. 잠깐만요, 그건 왜요? 본인 피해자 입증하려면 필요합니다. 지금 바로 말씀 안 하시면 계좌 동결이 우선 들어갑니다.",1,수사기관 사칭형,augmented_llm
aug_수사기관 사칭형_0102,"경찰청 금융범죄수사대 박지훈 수사관입니다. 지금 통화 받으신 분 성함 확인되십니까? 네, 본인 명의 계좌 관련해서 긴급 통보 드리겠습니다. 어, 무슨 일이죠? 본인 명의로 된 국민은행 계좌가 범죄 자금 세탁에 사용된 사실이 확인됐습니다. 저희가 검거한 조직에서 대포통장 명단을 확보했는데, 그 안에 본인 이름과 주민번호 일부가 일치하는 계좌가 있었어요. 아니 저는 그런 적 없는데요. 그럴 수 있습니다. 명의도용이죠. 그런데 문제는, 지금 이 상태로 두면 계좌가 동결되고 압수 절차까지 이어질 수 있다는 겁니다. 계좌 동결되면 출금, 이체, 카드 결제 전부 막힙니다. 네, 알겠습니다. 아니 잠깐만요. 알겠다고만 하시면 안 되고요. 본인 사용 계좌가 국민은행 말고 또 있으십니까? 농협, 기업은행, 하나은행 중에요. 아니요. 음, 그럼 현재 제3자 연락은 절대 하시면 안 됩니다. 가족, 회사, 지인한테 말하면 안 돼요. 왜요? 지금 외부에 말이 퍼지면 공범 은닉 의심이 생깁니다. 그러니까 비밀 유지가 필요합니다. 본인께서 직접 계좌 개설하신 내역과 거래 목적을 확인해야 해서, 계좌번호 앞 네 자리만 먼저 불러주십시오. 아니 그걸 왜요? 본인 확인용입니다. 그리고 지금 이 자리에서 인증번호 같은 거 받으시면 안 됩니다. 저희가 따로 안내할 때까지 아무것도 누르지 마세요. 아, 이해가 안 되시면 제가 다시 설명드릴게요. 본인 명의 계좌가 불법 현금화에 쓰였고, 지금 바로 조치 안 하면 지급정지 넘어갑니다. 그러면 나중에 은행 가셔도 해제 절차가 복잡해져요. 그래서 지금, 지금 바로 말씀하셔야 됩니다.",1,수사기관 사칭형,augmented_llm
aug_수사기관 사칭형_0103,"금융감독원 특별조사팀입니다. 네, 여쭤볼 게 있어서 바로 연락드렸고요, 잠깐만요. 본인 명의로 된 기업은행 계좌가 확인돼서 통지드립니다. 기업은행이요? 저는 없는데요. 아, 그게 아니라 현재 검찰 쪽 사건에 연결된 대포통장 명단에서 본인 정보가 나왔습니다. 저희가 서울중앙지방검찰청과 공조해서 확인한 결과, 지난주 압수된 통장들 중 하나가 본인 명의로 개설된 것으로 나왔어요. 그럼 제가 뭘 잘못한 거죠? 일단은 아직 확정은 아니고요, 음, 명의도용 피해인지 아니면 전달 경위가 있는지 보는 겁니다. 다만, 지금 이 통장은 범죄 수익금이 들어가 있어 계좌 동결, 압수 대상이 될 수 있습니다. 네네. 본인께서 아시는 분, 친척, 친구 중에 계좌를 대신 만들어 달라고 한 사람 없으십니까? 없어요. 그러시면 더더욱 비밀 유지하셔야 합니다. 지금 가족한테도 말하지 마세요. 제3자 개입되면 해명이 꼬입니다. 아니 저 혼자 알아봐야 돼요? 네, 혼자만 알고 계셔야 합니다. 그리고 본인 통장뿐 아니라 하나은행 체크카드도 함께 확인됐는데, 혹시 최근에 택배나 문자로 카드 받으신 적 있습니까? 없어요. 음, 좋습니다. 그럼 계좌 정보 확인만 하겠습니다. 본인 계좌 끝 두 자리 말씀해 주시고, 혹시 모바일 뱅킹 비밀번호 변경하셨는지도 확인해야 합니다. 안 하면 어떻게 되는데요? 지금 단계에서 미확인으로 남으면 바로 거래정지 들어가고, 조사 일정 잡힙니다. 그러니까 지금 빨리 말씀하세요.",1,수사기관 사칭형,augmented_llm
aug_수사기관 사칭형_0104,"저희 검찰청입니다. 여보세요, 김은서 씨 맞으십니까? 본 건에 대해서, 음, 긴급히 확인할 사항이 있습니다. 본인 명의의 하나은행 계좌가 대포통장으로 적발됐습니다. 네? 저 하나은행 없는데요. 아, 잠깐만요 그게 아니고요, 명의도용일 가능성이 큽니다. 저희가 어제 검거한 금융사기 조직에서 압수한 자료에 본인 이름이 올라와 있었습니다. 그리고 농협 계좌도 하나 같이 확인됐어요. 그 계좌들에 범죄 자금이 들어갔다가 빠져나간 흔적이 있어서, 본인 계좌는 지금 지급정지 대상입니다. 아니 왜 제 계좌가요? 본인 확인이 필요해서 연락드린 겁니다. 지금 본인께서 다른 사람한테 계좌번호, 카드번호, 인증번호를 알려준 적 없으시면 그걸 말씀해 주셔야 됩니다. 없어요. 네, 좋습니다. 그런데 지금 중요한 건, 이 사건은 외부에 알리면 안 된다는 점입니다. 가족이든 회사든 누구한테도 말하지 마세요. 왜요? 제3자 연락이 들어가면 통화 내용이 바뀌고, 그러면 피해자 입증이 어려워집니다. 그러니까 저희랑만 진행하시면 됩니다. 아, 네. 그럼 제가 뭘 해야 되죠? 계좌번호 확인부터 해야 합니다. 본인 명의로 된 국민은행 계좌도 같이 보이는데, 혹시 최근에 해지하거나 새로 만든 적 있습니까? 아니요. 그럼 계좌 끝 네 자리, 그리고 주민번호 앞자리 확인해 주세요. 잠깐만요, 그거 다 말해야 돼요? 네, 본인 맞는지 확인해야 하고, 지금 바로 확인 안 하면 압수 절차가 앞서갑니다. 지금 빨리 안 하시면 계좌 동결되고, 나중에 본인도 조사 받으셔야 해요.",1,수사기관 사칭형,augmented_llm
aug_수사기관 사칭형_0105,"네, 여기 서울지방검찰청 형사조사실입니다. 통화 기록 남기고 있으니 끊지 마시고 들으십시오. 본인 성함이 어떻게 되십니까? 어, 네? 본인 명의로 된 기업은행과 농협 계좌가 범죄 연루 계좌로 조회됐습니다. 지금 말씀드리는 건 장난 아니고요, 이미 사건번호까지 잡힌 상태입니다. 아니 저는 그런 적 없는데요. 그래서 연락드렸습니다. 음, 저희가 압수한 휴대전화와 통장 명부에서 본인 이름이 확인됐고, 대포통장으로 사용된 정황이 있습니다. 본인이 직접 팔았다거나 넘긴 게 아니라도, 명의도용이면 피해 사실을 빨리 정리해야 됩니다. 네, 네. 그런데 지금 이 내용은 절대 다른 데 말하지 마세요. 제3자, 가족, 친구, 회사 누구한테도 연락하시면 안 됩니다. 아니 왜 그렇게까지요? 지금 외부 접촉이 생기면 도주나 증거 인멸로 보일 수 있습니다. 그러니까 저희 안내 받을 때까지 혼자 계세요. 본인 앞으로 지급정지 예고가 이미 올라가 있고, 동결되면 카드도 못 씁니다. 그러면 제가 어떻게 해야 돼요? 계좌 확인 절차만 간단히 하면 됩니다. 본인 명의 계좌 끝 세 자리, 그리고 최근 이체한 금액 중 큰 금액 하나만 말씀해 주세요. 잠깐만요, 그게 왜 필요하죠? 본인 피해 여부 확인이니까요. 지금 바로, 바로 확인 안 하면 계좌 압수까지 넘어갑니다. 그러니까 숨기지 마시고 말씀하십시오.",1,수사기관 사칭형,augmented_llm
aug_수사기관 사칭형_0106,"여보세요, 김민재 씨 되십니까? 네, 서울중앙지방검찰청 형사부입니다. 지금 통화 가능하신가요? 본 건에 대해서, 음, 긴급하게 확인드릴 게 있어서 바로 연락드렸습니다. 혹시 최근에 농협 계좌나 국민은행 계좌를 타인에게 맡기신 적 있으십니까? 아니요? 그러시면 잠깐만요, 제가 말씀드리는 건 본인 명의로 개설된 계좌가 대포통장으로 발견됐다는 부분입니다. 지금 저희가 검거한 사건 현장에서 김민재 씨 명의의 농협 통장 두 개가 압수됐고, 그 안에서 범죄 자금이 오간 흔적이 확인됐습니다. 농협이요? 저는 농협 안 쓰는데요. 아, 네. 그게 아니라, 그러니까 본인이 사용하시냐 아니냐를 묻는 게 아니라 명의도용 피해인지 확인하는 겁니다. 현재 이 계좌는 지급정지, 그러니까 쉽게 말하면 묶이는 단계로 넘어갔고, 추가로 국민은행 쪽 계좌까지 연결돼 있는지 확인 중입니다. 지금 바로, 바로 협조 안 하시면 압수 절차로 전환될 수 있고요, 수사기록상 공범 가능성까지 같이 올라갑니다. 네? 제가요? 네, 그래서 지금부터는 절대 가족이나 지인한테 말씀하시면 안 됩니다. 옆에서 누가 듣고 있으면 조사 진행이 안 돼요. 혼자 조용한 곳으로 이동해 주세요. 그리고 본인 계좌번호 끝 네 자리만 확인해 주십시오. 제가 제가 드리는 말씀은, 아, 시간을 끌수록 계좌 동결이 더 길어질 수 있다는 겁니다. 지금 확인만 되면 저희가 피해자 처리로 넘겨드릴 수 있습니다.",1,수사기관 사칭형,augmented_llm
aug_수사기관 사칭형_0107,"지금 받으셨습니까? 경찰청 금융범죄수사팀입니다. 김선호 씨 맞으시죠? 음, 본인 명의로 된 기업은행 계좌 관련해서 연락드렸습니다. 지금 이 통화는 녹취됩니다, 그리고 이 내용은 사건 번호로 그대로 올라갑니다. 혹시 기업은행 계좌를 최근에 개설하신 적 있으신가요? 아니요. 그럼 됐습니다. 저희가 최근에 지방검찰청과 합동으로 불법 대포통장 조직을 검거했는데, 현장에서 김선호 씨 명의 통장이 발견됐습니다. 그 통장 안에는 불법 도박 자금이 들어 있었고, 지금 압수랑 동결 절차가 진행 중입니다. 기업은행은 안 쓴다니까요? 네, 네, 그 말씀은 이해했습니다. 그런데 명의가 도용됐을 가능성이 있어서 확인하는 겁니다. 아 잠깐만요, 제가 설명드릴게요. 본인 계좌가 맞는지, 혹은 누군가가 신분증을 이용해 만들었는지 확인이 안 되면 압수수색 영장으로 넘어갈 수 있습니다. 그러니까 지금은 누구한테도 연락하시면 안 되고요, 특히 가족분이나 은행 창구에 임의로 전화하시면 안 됩니다. 지금 즉시 본인 휴대전화 화면을 보시고 국민은행, 하나은행, 농협, 기업은행 중 사용 중인 계좌를 말씀해 주세요. 아니 그걸 왜 말해야 돼요? 본인 보호를 위해서입니다. 말 안 하시면 저희 쪽에서 일괄 지급정지 조치 들어갑니다.",1,수사기관 사칭형,augmented_llm
aug_수사기관 사칭형_0108,"네, 김도연 씨 되시죠? 저 금융감독원 조사관인데요, 지금 확인해야 할 사항이 있습니다. 저희가 검찰청으로부터 통보받았는데, 본인 명의로 개설된 하나은행 계좌가 대포통장 거래에 사용된 정황이 나왔습니다. 하나은행이요? 저는 하나은행 없는데. 음, 그러면 더 문제입니다. 명의도용 가능성이 높아요. 현재 계좌 안에 범죄 수익이 유입된 것으로 보여서, 이 상태로 두면 계좌가 압류되고 추후 출석 요구까지 갈 수 있습니다. 아니 저는 진짜 몰라요. 네, 그래서 묻는 겁니다. 본인께서 아시는 거래 상대나 지인 중에 계좌를 대신 만들어 준 사람 없으십니까? 없어요. 그러시면 좋습니다. 지금부터는 주변 사람한테 말하지 마시고, 은행에도 직접 확인 전화 넣지 마십시오. 그러면 기록이 꼬여요. 제가 제가 지금 안내드리는 절차대로 하셔야 피해자 입증이 됩니다. 본인 주민번호 뒷자리와 연결된 계좌가 몇 개인지 먼저 확인하셔야 하고, 끝 네 자리만 말씀해 주세요. 잠깐만요, 지금 메모하시는 게 좋습니다. 농협 계좌, 하나은행 계좌, 국민은행 계좌가 연동돼 있으면 바로 동결 들어갑니다.",1,수사기관 사칭형,augmented_llm
aug_수사기관 사칭형_0109,"여보세요, 서울지방검찰청 수사관 정우진입니다. 본인 성함 박민수 씨 맞습니까? 네, 지금부터 아주 중요합니다. 저희가 사기 조직을 검거하는 과정에서 박민수 씨 명의로 된 국민은행 통장이 발견됐고, 해당 통장이 대포통장으로 쓰인 사실이 확인됐습니다. 국민은행은 제가 안 쓰는데요. 아, 네, 그게 핵심입니다. 사용 여부와 상관없이 명의가 찍혀 있어서요. 지금 계좌에 대한 지급정지 요청이 이미 들어가 있는 상태고, 추후 압수 대상이 될 수 있습니다. 그럼 어떻게 해야 되는데요? 잠깐만요, 제가 먼저 말씀드리겠습니다. 본인이 직접 개설한 게 아니고 신분증 유출이라면 피해자일 가능성이 높습니다. 그런데 지금 주변 지인이나 가족에게 이야기하면 증거가 훼손될 수 있어서 절대 말하시면 안 됩니다. 제3자와 연락 차단해 주세요. 특히 은행 직원, 가족, 친구에게도 지금 상황 설명하시면 안 됩니다. 제가 안내하는 확인 절차만 따라주세요. 본인 명의 다른 계좌가 있는지, 하나은행이나 기업은행 쪽 포함해서 전부 말씀해 주셔야 합니다. 어, 잠깐만요, 본인 계좌를 숨기시면 오히려 수사 대상이 됩니다. 지금 바로 협조하셔야 압류 전에 정리 가능합니다.",1,수사기관 사칭형,augmented_llm
aug_수사기관 사칭형_0110,"네, 금융범죄 전담반입니다. 통화하시는 분 김예린 씨 맞으시죠? 네? 아, 지금 당황하실 수 있는데요, 본인 명의 농협 계좌가 범죄에 이용된 정황 때문에 연락드린 겁니다. 저희가 최근에 검거한 사건에서 농협, 하나은행, 기업은행 통장이 다수 나왔고, 그중 일부가 김예린 씨 명의로 확인됐습니다. 저는 그런 계좌 없는데요. 네, 그러시면 더 정확히 봐야 합니다. 이 통화는 녹취되고 있고, 본인 동의 없이도 사건으로 접수됩니다. 현재 계좌 동결 경고가 내려간 상태라서, 지금 확인 안 되면 압수 절차로 넘어가요. 아니 제가 뭘요? 본인 명의 계좌번호를 말해 달라는 겁니다. 아니면 어떤 은행을 쓰는지라도요. 어, 어, 제가 제가 말씀드리는 건, 지금 가족분이나 친구분에게 절대 전화하지 마시라는 겁니다. 그쪽에서 입 맞추면 피해자 입증이 어려워집니다. 지금 바로 조용한 곳으로 가서 농협, 하나은행, 국민은행, 기업은행 중 사용 계좌를 하나씩 확인해 주세요. 그리고 끝 네 자리만 불러주시면 됩니다. 안 하시면 저희가 일괄 계좌정지 통보 넣겠습니다.",1,수사기관 사칭형,augmented_llm
aug_수사기관 사칭형_0111,"여보세요, 김민수 씨 맞으십니까? 아, 네? 네, 말씀하세요. 네, 서울중앙지방검찰청 첨단범죄수사부입니다. 저는 이도현 수사관이고요. 지금 본인 명의로 된 농협 계좌 하나가 대포통장으로 확인돼서 긴급히 연락드렸습니다. 잠깐만요, 지금 뭐라고요? 본인께서 직접 개설한 농협 계좌 말고, 타인이 사용한 계좌가 한 건 더 잡혔어요. 그리고 현재 그 계좌로 불법 자금이 오간 정황이 있어서, 계좌 지급정지, 그러니까 쉽게 말하면 묶이는 절차가 이미 진행될 수 있습니다. 네? 저는 농협 계좌 없는데요. 아, 그러세요? 그게 아니라, 저희가 금융기관 조회를 했을 때 명의가 김민수 씨로 되어 있습니다. 이거 명의도용 사건일 수도 있고, 아니면 공범으로 오해받을 수도 있어서 지금 바로 확인해야 됩니다. 지금 지금 바로 안 하시면 압수, 체포영장까지 검토될 수 있어요. 아니 저는 진짜 처음 듣는데요. 네, 그래서 여쭤보는 겁니다. 본인 주변에 계좌나 카드 관련해서 이야기한 사람 있으십니까? 가족분이라도 절대 지금 연락하지 마세요. 제3자한테 말씀하시면 수사에 지장 생깁니다. 이 통화는 녹취됩니다. 아, 녹취되면 더 좋고요. 저희도 본인 보호하려는 거니까요. 지금 하나은행, 국민은행, 기업은행 쪽도 함께 확인 중인데요, 혹시 최근에 신분증 재발급 받으신 적 있으세요? 없습니다. 음, 알겠습니다. 그럼 본인이 아는 건 없고, 누군가 명의를 도용한 정황으로 보이네요. 그런데요, 본인 계좌에서 이미 입금된 금액이 추적되고 있어서, 해명 절차를 빨리 밟아야 합니다. 제가 제가 드리는 말씀이 좀 딱딱하게 들리실 수 있는데, 지금 계좌번호 끝 네 자리만 확인해 주시면 됩니다. 네? 계좌번호요? 네, 지금 사용하시는 계좌 끝 네 자리 말씀해 주세요. 아니 근데 그걸 왜요? 본인 명의 계좌 동결 방지 조치입니다. 지금 말씀 안 하시면 저희 쪽에서 전부 동결 요청 넣을 수밖에 없어요. 그러니까, 계좌 끝 네 자리만 말씀해 주세요. 잠깐만요, 제가 찾아볼게요. 네, 천천히 하십시오. 그리고 다른 전화는 받지 마세요. 수사 중이라서 절대 안 됩니다.",1,수사기관 사칭형,augmented_llm
aug_수사기관 사칭형_0112,"네, 경찰청 금융범죄수사팀입니다. 김지연 씨 되시죠? 음, 누군데요? 저는 박상혁 수사관이고요. 지금 본인 명의로 서울 쪽에서 개설된 하나은행 통장이 대포통장으로 압수돼서 연락드렸습니다. 아, 하나은행이요? 저는 하나은행 쓰지도 않는데요. 그러니까 그 점이 문제입니다. 본인 명의로 개설된 계좌가 범죄 현장에서 발견됐고, 불법 도박 자금이 오간 계좌로 확인됐어요. 지금 이 계좌는 동결 처리 안 하면 바로 압수 절차로 넘어갑니다. 네? 제가 뭘 했다고요? 잠깐만요, 제가 다시 설명드리겠습니다. 저희가 지금 검거한 피의자 중 한 명이 본인 정보를 확보했다고 진술했어요. 그래서 명의도용인지, 아니면 계좌를 넘긴 건지 확인해야 합니다. 아, 그런 적 없어요. 네, 그럼 피해자일 가능성이 높습니다. 그런데 중요한 건, 지금 이 사건은 비밀 유지가 필요해서 가족이나 지인에게 말씀하시면 안 됩니다. 절대요. 제3자한테 알려지면 계좌 추적이 꼬입니다. 네? 아니 왜요? 본인 계좌에 대해서 지금 금융감독원 쪽에서도 모니터링 들어갔습니다. 이거 지금 바로, 바로 대응 안 하시면 현금 인출도 막히고, 압류 통보도 갈 수 있어요. 저는 그냥 알려드리는 겁니다. 그러면 본인 앞으로 등록된 계좌가 농협, 기업은행, 국민은행 중에 뭐가 있는지 확인해 주세요. 저 근데 전화로 그걸 말해야 하나요? 네, 말하셔야 됩니다. 끝 네 자리라도요. 음... 국민은행 하나요. 네, 또요? 또 없어요. 아, 잠깐만요. 국민은행만 쓰신다고 하셨죠? 그럼 이 사건과 겹치는 통장이 있는지 확인해야 해서, 최근 이체나 인증번호 받은 적 있는지도 봐야 합니다. 아니 그런 거 없어요. 알겠습니다. 그럼 본인 계좌 정보 확인 절차 진행할게요. 제가 드리는 말만 따라오시면 됩니다. 다른 사람 전화는 다 끊으시고요. 지금부터는 저만 보시면 됩니다.",1,수사기관 사칭형,augmented_llm
aug_수사기관 사칭형_0113,"여보세요. 서울지방검찰청 형사부입니다. 지금 통화 가능하십니까? 네? 네, 저는 최승호 검사실 소속 수사관입니다. 지금 본인 명의 농협 계좌가 범죄조직의 대포통장으로 쓰여서 연락드린 겁니다. 아, 저는 모르는데요. 모르셔도 됩니다. 본인이 안 했더라도 개인정보 유출로 피해를 봤을 수 있으니까요. 그런데 현재 계좌에서 입출금 정지 조치가 걸릴 상황이라서 빨리 확인하셔야 합니다. 네네. 그리고 말씀드리는데, 이 사건은 보안상 외부에 말하시면 안 됩니다. 특히 가족, 친구, 직장에는 절대요. 제3자 연락 차단하셔야 하고, 지금 통화도 끊지 마시고요. 아, 근데 왜 이렇게 급해요? 음, 본인 명의로 된 계좌가 검찰 압수 대상에 포함됐기 때문입니다. 그 계좌 안에 범죄수익이 섞였다는 거예요. 쉽게 말하면, 본인 계좌가 범죄에 이용됐다고요. 그런데 저희가 확인해 보니 국민은행과 기업은행 쪽도 연동 흔적이 있습니다. 네? 저는 기업은행은 아예 없는데요. 그럼 더 의심되는 거죠. 누가 본인 명의를 가지고 만든 걸 수 있습니다. 지금 바로 계좌번호 확인해야 해요. 어, 잠깐만요. 끝 네 자리 말씀해 보시겠어요? 3842요. 네, 3842 맞으시고요. 또 하나 더 있으십니까? 없어요. 음, 알겠습니다. 지금부터는 본인 보호 조치로 계좌 동결 전에 사실확인서 작성해야 합니다. 제가 질문드리면 짧게 대답하세요. 혹시 신분증 사진을 타인에게 보낸 적 있습니까? 없어요. 좋아요. 그럼 피해자 쪽으로 보입니다. 다만 지금 협조 안 하시면 오해가 커져서 체포영장 검토도 들어갈 수 있으니, 바로 따라오셔야 합니다.",1,수사기관 사칭형,augmented_llm
aug_수사기관 사칭형_0114,"지금 통화 받으셨습니까? 아, 네. 네, 금융감독원 조사팀입니다. 저는 한재욱 조사관이고요. 본인 이름으로 된 계좌가 검찰 사건에 연루됐습니다. 본인 명의의 하나은행 계좌가 대포통장으로 확인됐고, 그걸 통해 불법 송금이 들어갔어요. 저는 그런 계좌 없는데요. 어, 그러세요? 그런데 은행 조회 결과는 그렇게 나옵니다. 이건 명의도용이거나, 본인 정보가 유출됐다는 뜻입니다. 현재는 계좌 동결과 압수 대상이라서, 본인 해명이 없으면 자동 조치됩니다. 잠깐만요, 제가 왜 갑자기 이런 전화를 받아야 하죠? 본인이 지금 당황하시는 건 이해합니다. 그런데 지금은 당황하실 시간이 없어요. 지금 바로 확인 안 하면 본인 계좌뿐 아니라 연결된 농협 계좌까지 같이 묶일 수 있습니다. 그리고 절대 다른 사람에게 얘기하지 마세요. 가족이든 친구든, 심지어 은행 직원한테도 섣불리 말하지 마십시오. 네? 은행에도 말하면 안 돼요? 네, 지금은 저희 쪽에서만 처리해야 합니다. 다만 확인을 위해 계좌번호 끝 네 자리와 최근 이체 내역만 말씀해 주세요. 음... 제가 잘 모르겠는데요. 아, 천천히요. 본인께서 사용 중인 계좌 중 국민은행 있습니까? 네, 국민은행은 하나 있어요. 알겠습니다. 끝 네 자리 말씀해 주세요. 1179요. 네, 확인됐습니다. 지금 본인 명의 계좌가 범죄 자금 경로에 포함된 정황이 잡혔고, 이체 흔적이 있어서 추가 조사가 필요합니다. 저는 제가 제가 드리는 안내대로만 하시면 된다고 말씀드리는 겁니다. 지금부터 휴대전화 다른 연락 전부 차단하시고, 제 지시 없이는 송금도, 해지 신청도 하지 마세요.",1,수사기관 사칭형,augmented_llm
aug_수사기관 사칭형_0115,"여보세요, 검찰청입니다. 통화 가능하신가요? 네? 네, 서울중앙지방검찰청 특수수사부 권태민입니다. 지금 본인 명의의 기업은행 계좌가 불법 도박 조직 대포통장으로 적발됐습니다. 아, 그런 적 없어요. 네, 그래서 연락드린 겁니다. 본인이 직접 안 하셨더라도 명의가 사용됐으면 책임 소재를 가려야 해서요. 지금 계좌는 압수 및 동결 조치가 바로 들어갈 수 있고, 본인께서 협조 안 하시면 더 크게 번질 수 있습니다. 음, 제가 뭘 어떻게 해야 되는데요? 우선 비밀 유지입니다. 다른 사람한테 절대 말하지 마세요. 특히 부모님, 배우자, 친구한테도요. 지금은 제3자 차단이 우선입니다. 네, 알겠습니다. 그리고 본인 명의로 하나은행, 농협, 국민은행 중 추가 계좌가 있는지 확인해야 합니다. 제가 그걸 왜 다 말씀드려야 하죠? 본인 보호 차원입니다. 계좌가 더 있으면 함께 묶일 수 있어서요. 아, 잠깐만요. 제가 확인해볼게요. 음, 하나은행 하나 있고 국민은행도 하나 있습니다. 좋습니다. 끝 네 자리만 말씀해 주세요. 하나은행은 9021, 국민은행은 6645요. 네, 확인했습니다. 지금 발견된 계좌와 동일 명의로 여러 건이 잡혀서 조사 범위가 넓어졌습니다. 이거 그냥 두시면 체포영장 신청까지 갈 수 있어요. 그러니까 지금 바로, 바로 확인서 작성하셔야 합니다. 제가 말씀드리는 대로 계좌 이용 목적부터 정리해 주세요. 본인이 쓴 건지, 누가 빌려간 건지, 아니면 유출된 건지요. 아 저는 빌려준 적도 없어요. 네, 알겠습니다. 그럼 피해자 진술로 정리하겠습니다. 다만 통화 중간에 다른 번호 받지 마시고, 지금은 저랑만 연결 유지하세요.",1,수사기관 사칭형,augmented_llm
aug_수사기관 사칭형_0116,"여보세요, 네 맞으시면 잠깐만 통화 가능하십니까? 저는 서울중앙지방검찰청 금융범죄수사부 김도윤 검사입니다. 지금 본인 명의로 개설된 농협 계좌가 대포통장 범죄에 연루된 정황이 확인돼서 바로 연락드렸습니다. 네? 농협이요? 저 농협 쓰긴 하는데요. 아, 그러시면 본인 명의 확인 먼저 해야 됩니다. 본 건에 대해서, 음, 말씀드리자면 지금 계좌 지급정지 절차가 바로 들어갈 수 있고요, 압수 절차로 넘어가면 계좌 안에 있는 자금 전부 묶입니다. 지금 지금 바로 확인 안 하시면 본인도 공범으로 같이 올라갈 수 있어요. 아니 제가 뭘 했다는 거예요? 잠깐만요, 그게 아니라 지금 검거된 대포통장 12개 중에 본인 명의 농협 계좌가 포함됐습니다. 그리고 하나은행 계좌도 같이 조회됐고요. 개설 지점이 서울 쪽으로 찍혀 있습니다. 본인이 직접 개설하신 적 없으시죠? 네, 없는데요. 없으시면 더 문제입니다. 명의도용 가능성이 있어서요. 지금 이 통화는 녹취됩니다. 그리고 제삼자, 가족분이나 지인분이랑 절대 상의하지 마세요. 지금 연락 돌리면 증거인멸 시도로 보일 수 있습니다. 아니 제가 왜요? 아 지금은 설명드리는 겁니다. 만약 타인에게 말하거나 계좌를 건드리시면 바로 압수, 동결, 출석요구서까지 동시에 갑니다. 지금 본인 주민등록번호 뒤 네 자리 말씀해주시고요. 아니 그걸 왜요? 본인 확인용입니다. 제가 제가 드리는 말씀이, 지금 이체 확인까지 해야 해서요. 계좌에 연결된 휴대전화도 하나 더 있으시죠? 네? 없는데요. 그럼 은행 등록번호로 조회하겠습니다. 잠깐만요, 제가 지금 읽어드리는 절차대로 따라오시면 됩니다. 지금 경찰청으로도 이첩이 되어 있어 체포영장 검토 중입니다. 그러니까 협조만 하시면 피해자로 정리될 수 있어요. 다만 협조 안 하시면 곤란합니다. 본인 계좌번호 끝 네 자리 말씀해주시고, 바로 자금 이동 여부 확인하겠습니다.",1,수사기관 사칭형,augmented_llm
aug_수사기관 사칭형_0117,"네, 금융감독원 특별조사팀입니다. 통화 시작하겠습니다. 본인 성함과 생년월일 확인은 뒤에서 받고요, 먼저 긴급 안내부터 드립니다. 지금 국민은행 명의 계좌가 범죄수익 은닉 통로로 확인돼서 지급정지 예정입니다. 국민은행이요? 저는 그런 적 없는데요. 아, 그러니까 그게 아니라 본인 명의로 발급된 통장이 불법 대출 조직에 넘어간 정황이 잡혔습니다. 검찰청하고 공조 중이고요. 지금 바로 조치 안 하면 본인 자산까지 압류로 넘어가요. 아니 그럼 어떻게 해야 되는데요? 잠깐만요, 일단 차분히 들으셔야 됩니다. 지금 제삼자와 통화하시면 안 되고, 은행에도 먼저 전화하지 마세요. 그쪽에서 먼저 막아버리면 계좌 추적이 끊깁니다. 본인 쪽에 농협, 국민, 기업은행 계좌가 조회됐는데요, 그중 국민은행이 핵심입니다. 본인 본인 명의로 개설된 적 없습니까? 음, 기억이 잘 안 나는데요. 기억이 안 나면 더 위험합니다. 보이스피싱 조직이 명의도용을 했을 수 있으니까요. 지금 본인 계좌에 연결된 입출금 한도, 카드 사용 내역, 최근 이체 기록을 제가 확인해야 합니다. 아 잠깐만, 이거 제가 혼자 처리해야 돼요? 네, 그렇습니다. 가족분한테 알리시면 안 되고요. 지금 비밀 유지 안 하면 수사 방해로 처리됩니다. 본인 계좌번호 중 국민은행 끝 네 자리 불러주세요. 네? 그걸 왜 불러요? 본인 확인하고 동결 해제 여부를 판단하려고요. 제가 말씀드리는 건, 지금 당장 계좌가 묶일 수 있으니 피해 막으려면 협조하셔야 됩니다. 그리고 이 통화는 녹음됩니다. 혹시 이해 안 되시면 제가 다시 설명드리죠. 본인 명의로 들어간 사고 계좌가 맞는지, 아니면 개인정보 유출 피해자인지 분리해야 합니다. 그러니까 지금 바로 말씀하세요.",1,수사기관 사칭형,augmented_llm
aug_수사기관 사칭형_0118,"저기요, 경찰청 지능범죄수사대 박상현 수사관입니다. 지금 받으신 전화 맞죠? 본인 이름 확인 전에 사건부터 말씀드릴게요. 서울중앙지방검찰청에서 넘어온 건데, 본인 명의의 기업은행 통장이 대포통장으로 사용됐습니다. 네? 기업은행이요? 저 그런 통장 없는데요. 아, 없다고 하셔도 조회상으로는 나오고 있습니다. 검거 현장에서 압수된 통장 서류에 본인 인적사항이 붙어 있었고, 지금 자금이 오백여만 원 단위로 돌았습니다. 혹시 신분증 잃어버리셨거나, 누가 사진 찍어간 적 있으세요? 아니요, 그런 적 없어요. 그러면 명의도용 가능성이 더 큽니다. 지금 바로 확인 안 하시면 계좌 압수 조치, 그리고 본인 자택 쪽으로 출석요구가 갈 수 있습니다. 잠깐만요, 그럼 제가 뭘 해야 하죠? 일단 주변 사람들한테 얘기하지 마시고요. 특히 가족, 친구, 은행 직원에게도 지금은 말씀하시면 안 됩니다. 제삼자 개입되면 추적이 꼬입니다. 본인 명의로 농협 계좌도 하나 더 잡히는데, 그 계좌는 최근 입금이 있었다고 뜹니다. 네? 제가 기억이 잘 안 나는데요. 음, 기억이 안 나시는 건 이해합니다. 그런데 본인 계좌가 범죄수익 보관용으로 쓰였으면 형사 입건까지 갈 수 있어요. 그러니까 협조하셔야 피해자 처리됩니다. 지금 계좌번호 앞자리 확인할게요. 본인 핸드폰으로 온 문자 있으면 읽지 마시고, 그냥 화면만 켜두세요. 지금 검찰하고 동시에 확인 중이라서요. 제가 제가 드리는 말씀이, 바로 지금 자금 이동 여부를 확인해야 합니다. 이체 흔적 있으면 동결 먼저 들어갑니다.",1,수사기관 사칭형,augmented_llm
aug_수사기관 사칭형_0119,"네, 검찰청 조사관입니다. 본인께 긴급하게 연락드린 이유는 하나은행 명의 계좌가 범죄조직 자금 세탁에 사용된 게 확인됐기 때문입니다. 지금 상황이 가볍지 않습니다. 본인 계좌가 대포통장으로 분류되면 출금 정지, 압수, 그리고 소환조사까지 이어질 수 있어요. 하나은행이요? 저는 하나은행 안 쓰는데요. 아 잠깐만요, 기록상으로는 본인 명의가 맞습니다. 본 건은 명의도용이나 대여 여부를 가려야 해서 바로 말씀드리는 겁니다. 지금 당장 다른 전화 받지 마세요. 특히 은행, 가족, 지인 누구랑도 상의하면 안 됩니다. 수사팀이 먼저 조치해야 하거든요. 지금 지금 바로 계좌 확인해보셔야 됩니다. 제가 여기서 질문드리면 네 아니오로만 답하시면 돼요. 최근 농협 계좌에서 이체된 적 있으십니까? 네? 기억이 안 나요. 기억이 안 나면 제가 더 빠르게 처리하겠습니다. 농협, 하나은행, 국민은행 중에 본인 명의로 된 계좌가 하나라도 더 있으면 전부 확인 대상입니다. 지금 계좌가 묶이면 피해 복구가 늦어집니다. 그러니까 본인도 피해자라는 점을 입증해야 해요. 검찰은 이 통화 내용으로 바로 판단합니다. 혹시 신분증을 누가 대신 사용했을 가능성 있습니까? 음, 잘 모르겠어요. 알겠습니다. 그럼 우선 본인 계좌 끝 네 자리와 최근 이체 금액을 말씀해주셔야 합니다. 안 그러면 동결이 먼저 들어가서 출금 자체가 안 됩니다. 제삼자 연락은 절대 금지입니다. 이건 수사상 비밀 사항입니다. 이해하셨죠? 지금 바로, 바로 확인하겠습니다.",1,수사기관 사칭형,augmented_llm
aug_수사기관 사칭형_0120,"여보세요, 금융감독원 조사관인데요. 지금 통화 가능하시면 바로 말씀드리겠습니다. 본인 명의로 된 국민은행 계좌가 보이스피싱 조직의 자금 이동 계좌로 포착됐습니다. 지금 상황을 빨리 정리해야 합니다. 국민은행이요? 전 그런 통장 없는데요. 아, 그러면 명의도용이네요. 지금 검찰청으로 사건 넘기기 직전이고, 계좌 동결 전에 확인 절차가 필요합니다. 본인 명의의 농협 계좌도 함께 조회돼서요. 검거된 불법 현장에서 통장 사본이 다수 나왔고, 그중에 본인 이름이 들어가 있습니다. 어, 저 진짜 처음 듣는데요. 그럼 더 조심하셔야 됩니다. 본인 모르게 개설된 계좌면 압수나 체포 대상이 아니라 피해자일 수 있어서, 지금 비밀 유지가 중요합니다. 가족분께도 말하지 마세요. 왜요? 아니 그게 아니라, 지금 제삼자 통해서 말이 새면 공범으로 오해받습니다. 잠깐만요, 그러면 제가 은행에 가면 되나요? 아니요, 혼자 가시면 안 됩니다. 먼저 계좌 정보 확인부터 해야 해요. 본인 휴대폰 문자로 인증번호 오면 절대 타인에게 알려주지 마시고, 제가 안내하는 대로만 입력하셔야 합니다. 이체가 한 번이라도 있었는지, 최근 입출금 내역이 있는지 봐야 동결 해제가 됩니다. 지금 바로 본인 계좌번호 말씀해주실 수 있습니까? 네? 그걸 어떻게 믿고 말해요? 본 건은 녹취되고 있고, 제가 경찰청 공조 절차까지 연결 중입니다. 지금 협조 안 하시면 자산 전부 묶일 수 있습니다. 그러니까 계좌번호 끝 네 자리부터 말씀하세요.",1,수사기관 사칭형,augmented_llm
aug_수사기관 사칭형_0121,"여보세요, 김도현 씨 맞으십니까? 아, 네. 서울중앙지방검찰청 첨단범죄수사부입니다. 저는 김태윤 수사관이고요, 지금 본인 명의로 개설된 농협 계좌가 대포통장으로 확인돼서 바로 연락드렸습니다. 잠깐만요, 제가 말씀드리면요, 이 건은 단순 확인이 아니라 이미 압수수색 자료에 포함된 사안입니다. 네? 농협이요? 저는 농협 안 쓰는데요. 아, 그게 아니라, 그러니까 본인께서 쓰셨는지 여부를 지금 묻는 게 아니라 본인 주민등록번호로 개설된 계좌가 범죄 현장에서 발견됐다는 거예요. 지금 그 계좌에 불법 자금이 들어가 있어서 계좌 지급정지, 쉽게 말하면 묶이는 겁니다. 아, 그리고 계좌만 있는 게 아니라 이 명의가 유출돼서 다른 은행도 연관됐는지 확인해야 해요. 국민은행, 하나은행, 기업은행 쪽도 확인됩니다. 저 지금 처음 듣는데요? 네, 지금 처음 들으신다고 하셔도 상관없습니다. 본 건에 대해서는 음, 말씀드리자면 이미 금융감독원 쪽 협조까지 들어가서 동결 절차가 진행 중이에요. 제가 제가 드리는 말씀이 길지 않습니다. 지금 제3자, 그러니까 가족분이나 지인분한테는 말씀하시면 안 됩니다. 다들 섞이면 증거가 깨져요. 이 통화는 녹취됩니다. 아시겠죠? 네. 지금 바로, 바로 본인 명의로 된 다른 계좌가 있으면 말씀해 주세요. 없는데요. 없으시면 없다 하시고, 혹시 통장이나 카드 사진을 문자로 받으신 적 있으면 그것도 말씀해 주셔야 합니다. 네, 없어요. 잠깐만요, 아까 말씀하신 농협 외에 하나은행이나 국민은행 거래 내역 없으시죠? 없어요. 그럼 제가 확인할 거 하나만 더 여쭙겠습니다. 최근에 누가 신분증 사진이나 공인인증 정보, 그러니까 계좌 접근 정보를 물어본 적 있습니까? 음, 기억은 안 나는데요. 기억이 안 나시면 지금부터라도 주변에 확인하시면 안 됩니다. 그냥 끊고 기다리셔야 해요. 제 지시에 따르지 않으면 체포영장 발부 검토 들어갑니다. 바로 연락 주십시오.",1,수사기관 사칭형,augmented_llm
aug_수사기관 사칭형_0122,"네, 경찰청 사이버수사과입니다. 저 박서준 경위고요. 통화 가능하십니까? 지금 본인 명의로 된 기업은행 계좌가 범죄조직에서 사용된 정황이 잡혀서 연락드렸습니다. 뭐요? 기업은행이요? 저는 그런 거 없는데. 아, 없다고 하셔도, 그러니까 그건 본인이 모르고 개설됐을 수도 있어요. 최근에 명의도용 피해가 많아서요. 저희가 검거한 일당한테서 대포통장 다섯 개를 확보했는데 그중에 본인 이름이 확인됐습니다. 지금 이 계좌는 압수 대상이고, 본인 계좌까지 전부 동결될 수 있습니다. 동결이요? 네, 계좌가 묶인다고 이해하시면 됩니다. 그리고 이 건은 외부에 알리시면 안 됩니다. 가족, 친구, 은행 직원한테도 자세히 말하지 마세요. 제3자 연락 차단하셔야 해요. 왜요? 아 잠깐만요, 그게 아니고요. 지금 말씀하시면 수사망이 새요. 저희가 본인 진술을 받아야 피해자냐 공범이냐 구분됩니다. 제가 지금 처음 듣는다고요. 네, 그러시면 처음 듣는다고만 하세요. 다만 최근에 농협이나 하나은행에서 입출금 계좌를 새로 만드신 적 있는지 확인이 필요합니다. 없어요. 잠깐만요, 없으시면 그럼 신분증 분실한 적 없으십니까? 아, 네. 분실도 없고요. 그러면 누군가 본인 이름으로 만든 게 맞을 가능성이 높아요. 이건 금융감독원에도 이미 공문 들어갔고, 계좌 확인 안 되면 바로 압류 넘어갑니다. 지금 제가 안내하는 절차 외에 다른 데 전화하지 마시고 제 번호만 저장하세요. 지금 바로, 바로 확인해야 합니다. 네, 메모 가능하십니까? 사건번호 불러드리겠습니다. 네.",1,수사기관 사칭형,augmented_llm
aug_수사기관 사칭형_0123,"네, 여보세요? 금융감독원 특별조사팀입니다. 음, 본인 성함이 이지훈 씨 맞으십니까? 네, 맞는데요. 아, 그러면 본인 명의의 하나은행 계좌 관련해서 긴급 통보 드립니다. 지금 확인된 바로는 그 계좌가 대포통장으로 이용됐고, 범죄자금이 오가면서 압수 및 지급정지 대상이 됐습니다. 제가요? 저는 하나은행 안 써요. 아, 그게 아니라, 그러니까 계좌가 본인 이름으로만 개설돼도 본인이 모를 수 있어요. 명의도용일 수 있습니다. 현재 서울중앙지방검찰청하고 같이 보고 있는 사건이고요. 지금 이 통화는 녹취되고 있습니다. 네? 아, 네. 그리고 이 내용은 절대 밖에 말하시면 안 됩니다. 가족이든 동료든, 누구한테도요. 왜냐하면 제3자 개입되면 계좌 추적이 꼬이고, 본인도 체포 대상에 올라갈 수 있습니다. 네… 아니 근데. 잠깐만요, 본인께서 최근에 국민은행이나 농협 쪽으로 이체한 내역 있으십니까? 없는데요. 없으시면 더 위험할 수 있습니다. 왜냐하면 범죄 조직이 본인 정보만 따서 다른 계좌까지 묶었을 가능성이 있거든요. 아, 그리고 본인 신분증 사진을 문자로 보낸 적 있거나, 계좌번호를 알려준 적 있으세요? 음, 기억이 잘… 기억 안 나시면 지금부터는 절대 아무한테도 연락하시면 안 됩니다. 저희가 지금 동결 해제 여부를 판단해야 해서요. 지금 바로 확인 안 되면 압수 절차로 넘어갑니다. 이해하셨죠? 네. 그럼 제가 말씀드리는 대로 계좌 끝자리 확인해 주세요.",1,수사기관 사칭형,augmented_llm
aug_수사기관 사칭형_0124,"잠시 통화 괜찮으십니까? 서울중앙지방검찰청 형사부입니다. 저는 오민석 검사실 소속 이준호 수사관인데요, 본인 명의로 된 국민은행 통장이 대포통장 사건에서 발견됐습니다. 네? 국민은행이요? 저는 국민은행도 안 쓰는데요. 아, 네, 그러시면 오히려 더 문제입니다. 본인도 모르는 사이 명의도용이 있었을 수 있어요. 지금 검거된 피의자 휴대전화에서 본인 이름이 적힌 계좌 목록이 나왔고, 이미 계좌 동결 요청이 들어간 상태입니다. 동결이요? 네, 쉽게 말해서 지금 돈이 오가면 바로 묶입니다. 그리고 압수수색 중이라서, 음, 말씀드리자면 지금 협조 안 하시면 본인도 연루자로 올라갑니다. 저는 진짜 모릅니다. 잠깐만요, 모른다고 해서 끝나는 게 아니고요. 본인 명의로 농협, 하나은행, 기업은행 중 추가 계좌 있는지 지금 확인해야 합니다. 없어요. 주변에 얘기하지 마십시오. 특히 가족분한테도요. 지금 제3자와 연락하면 수사 방향이 바뀌고, 본인 보호 조치가 늦어집니다. 아, 그러니까 지금부터는 저랑만 통화하셔야 됩니다. 네. 그리고 이건 비밀 유지 서약 같은 겁니다. 외부에 알리면 체포영장, 압수영장 모두 동시에 갈 수 있어요. 저희가 보기에는 본인 신분증 유출이 의심됩니다. 최근에 문자로 계좌 확인하라는 연락 받으신 적 있나요? 아니요. 그럼 더더욱 위험한 거예요. 지금 바로, 바로 계좌번호 확인해서 불법 사용 여부를 대조해야 합니다. 메모 준비되셨습니까? 네.",1,수사기관 사칭형,augmented_llm
aug_수사기관 사칭형_0125,"여보세요, 경찰청입니다. 저는 지능범죄수사대 정하늘 경사인데요, 본인 앞으로 사건 하나가 접수돼서 바로 연락드렸습니다. 지금 본인 명의로 된 하나은행 계좌가 보이스피싱 조직 자금세탁에 쓰인 걸로 확인됐습니다. 어, 저는 그런 적 없어요. 네, 그 말씀은 일단 받아 적겠습니다. 그런데 본인이 모르는 사이 개설된 대포통장이면 이건 명의도용 사건이 맞고, 반대로 누군가에게 빌려준 거면 공범이 됩니다. 지금은 그 경계를 확인해야 해요. 아, 그리고 농협 계좌도 같이 묶여 있습니다. 뭐요? 농협이요? 네, 농협, 국민은행, 기업은행 쪽까지 연동 확인되고 있어요. 지금 안 잡으면 다 동결됩니다. 잠깐만요, 아니 저는 진짜 몰라요. 네, 그래서 전화드린 겁니다. 본인 명의 계좌를 지금 확인해야 하고, 제3자한테는 절대 말하시면 안 됩니다. 왜냐하면 가족이나 지인이 대신 움직이면 증거인멸로 보일 수 있어요. 아, 그게 아니라요. 말씀 끊지 마시고요. 본인 휴대폰에 은행 앱 깔려 있습니까? 네? 아, 제가 제가 다시 말하겠습니다. 은행 앱 로그인 정보가 유출됐는지 봐야 해서요. 혹시 최근에 신분증 사진을 누군가에게 보내신 적 있습니까? 없어요. 그럼 누가 본인 정보를 써서 계좌를 개설한 게 맞습니다. 이 사건은 검찰청으로 이첩될 수 있고, 지금 단계에서 협조 안 하시면 압수 절차로 넘어갑니다. 지금 바로 확인해야 하니까 메모하시고 계좌 끝자리 불러주세요.",1,수사기관 사칭형,augmented_llm
aug_수사기관 사칭형_0126,"여보세요, 말씀 좀 가능하십니까. 서울중앙지방검찰청 형사부입니다, 음, 본인 명의로 된 농협 계좌가 지금 대포통장으로 확인돼서 바로 연락드렸습니다. 잠깐만요, 메모되십니까? 지금 사건이 가볍지 않습니다. 본인 확인 안 되시면 계좌 압수 절차 바로 들어가고, 출금 동결도 같이 진행됩니다. 아니, 저는 그런 적이 없는데요. 아 잠깐만요, 그게 아니고요. 저희가 검거한 범죄조직 현장에서 본인 이름으로 개설된 농협 통장, 그리고 국민은행 입출금 계좌가 같이 나왔습니다. 본인이 직접 만든 게 아니면 명의도용 피해자일 수 있는데, 지금 바로 조치 안 하면 공범으로 오해받을 수 있어요. 네? 제가요? 네, 맞습니다. 그리고 이 건은 비밀 유지가 기본입니다. 가족, 직장, 친구한테 지금 절대 말씀하시면 안 됩니다. 제삼자랑 연락하면 안 되고, 통화도 끊지 마세요. 본 건에 대해서 제가 설명드리는데, 음, 쉽게 말하면 계좌 지급정지입니다. 묶이는 겁니다. 본인 계좌가 범죄자 자금 세탁에 쓰였고, 지금 그 돈이 이동 중이라서 즉시 확인해야 합니다. 본인 명의로 된 농협, 국민은행 말고 또 사용하시는 계좌 있습니까? 없어요. 하나은행은요? 아니요. 그럼 좋습니다. 지금 본인 계좌번호 끝 네 자리 불러주시고, 최근 입출금 내역 확인할 수 있게 협조해주세요. 잠깐만요, 이 통화는 녹취됩니다. 네, 제가 지금 녹취하고 있습니다. 지금 바로, 바로 확인 안 하시면 압수수색 영장 청구까지 검토됩니다. 그러면 저희가 계좌 정지하고, 본인 출국금지 여부까지 같이 봐야 합니다. 어, 무슨 말씀인지... 본인 명의도용이면 오히려 지금 솔직히 말씀하셔야 돼요. 숨기시면 더 불리합니다. 계좌 정보 확인하고 이체가 필요한 부분 있으면 안내드리겠습니다, 검찰 절차상. 다른 전화 받지 마시고, 지금 이 번호로만 받으세요.",1,수사기관 사칭형,augmented_llm
aug_수사기관 사칭형_0127,"네, 경찰청입니다. 잠깐 통화 가능하십니까, 지금. 음, 본인 성함 확인되셨고요, 본인 명의로 기업은행 계좌가 범죄에 이용된 정황이 확인돼서 연락드렸습니다. 지금 서울 서초 쪽에서 대포통장 일당 검거가 있었는데, 현장에서 신분증 사본하고 하나은행, 기업은행 통장이 같이 압수됐습니다. 혹시 본인께서 아시는 내용 있으십니까? 아니요, 처음 듣는데요. 아, 그러세요. 그러면 더 심각합니다. 명의도용 피해자일 수도 있지만, 현재 상태로는 계좌가 불법 자금 수수에 사용돼서 동결 대상입니다. 제가 제가 드리는 말씀이 겁주려는 게 아니라 사실관계 확인입니다. 지금 바로 가족이랑 통화하지 마시고, 금융감독원이나 은행에 직접 문의도 하시면 안 됩니다. 왜요? 그쪽으로 정보가 새면 증거 인멸 우려가 있어서요. 본인께서 타인에게 말하는 순간 공범들과 접촉한 걸로 오해받을 수 있습니다. 네? 저는 그런 사람 모릅니다. 네, 알고 있습니다. 그래서 더 빨리 확인해야 합니다. 혹시 본인 명의의 계좌가 농협, 하나은행, 국민은행 중에 어떤 게 있습니까? 음, 농협이랑 국민만요. 좋습니다. 그럼 농협 계좌번호 뒤 네 자리 불러주시고, 최근에 누가 돈을 넣었다 뺐다 한 적 있는지 말씀해 주세요. 아 잠깐만요, 제가 말씀드리는 건 계좌 지급정지 전에 본인 피해를 막는 절차입니다. 지금 안 하시면 출금 차단되고, 이후 해제하려면 검찰 출석까지 가야 합니다. 본인 직접 개설 안 하셨으면 명의도용 접수로 돌려드릴 수 있는데, 그러려면 지금 계좌 정보 확인이 필요합니다. 다른 사람한테 전화하지 마시고 저만 보세요, 지금. 네, 잘 들으세요.",1,수사기관 사칭형,augmented_llm
aug_수사기관 사칭형_0128,"여보세요? 네, 금융감독원 조사팀입니다. 본인 계좌 관련해서 긴급 확인 사항이 있어 연락드렸어요. 본인 명의로 된 국민은행 계좌가 대포통장으로 발견됐고, 지금 압수된 상태입니다. 음, 압수라기보다, 그러니까 지급정지 및 거래 제한이 들어간 상태라고 보시면 됩니다. 제가 먼저 말씀드리면, 본인께서 모르는 사이에 명의가 쓰였을 가능성이 큽니다. 저는 그런 적 없는데요. 네, 그러니까 그 부분 때문에 연락드린 겁니다. 검찰청에서 이미 사건 넘겨받았고, 본인 계좌가 범죄자들한테 현금화 통로로 사용됐습니다. 지금 바로 처리 안 하시면 계좌 전부 동결될 수 있어요. 아, 동결이요? 네. 그리고 이 건은 절대 외부에 알리지 마세요. 가족이든 지인이든, 심지어 은행 창구에도 지금 상세 내용 말하지 마십시오. 왜요? 제삼자가 끼면 확인 절차가 다시 지연되고, 계좌가 더 강하게 묶입니다. 본인 명의로 된 계좌가 국민은행 말고 더 있으십니까? 하나은행이요. 네, 하나은행도요? 좋습니다. 그럼 두 계좌 모두 확인해야 합니다. 최근에 이체가 있었는지, 타인에게 계좌번호 알려준 적 있는지, 체크카드 분실한 적 있는지 바로 말씀해 주세요. 잠깐만요, 혹시 주민등록번호 뒤 여섯 자리 확인 가능하십니까? 네? 왜요. 본인 확인이 먼저입니다. 이 통화는 녹취됩니다. 그러니까 지금 거짓 없이 말씀하셔야 나중에 피해자 인정이 됩니다. 만약 확인 안 되면 검찰 출석 통보가 나가고, 계좌 압류도 병행됩니다. 지금 바로 계좌번호 끝자리와 최근 거래 내역만 말씀해 주세요.",1,수사기관 사칭형,augmented_llm
aug_수사기관 사칭형_0129,"네, 서울지방검찰청 수사관입니다. 통화 목적은 하나입니다. 본인 명의 도용된 계좌가 발견돼서 확인드리는 겁니다. 조금 급합니다. 저희가 지방검찰청 합동으로 수사 중인 보이스피싱 조직을 검거했는데, 그 현장에서 농협 통장하고 기업은행 카드가 나왔고요, 그중 한 개가 본인 명의로 확인됐습니다. 아, 저는 몰라요. 그러니까요, 그게 지금 핵심입니다. 본인이 몰랐는지, 아니면 누가 명의를 썼는지 확인해야 합니다. 지금 본인 명의 농협 계좌는 사실상 압수 대상이고, 거래 정지 상태로 넘겨질 수 있습니다. 네? 그럼 제가 뭐 해야 돼요? 잠깐만요, 일단 다른 분께 절대 말씀하지 마시고요. 아내분, 자녀분, 회사 동료분 누구한테도요. 이 사건은 보안 유지가 최우선입니다. 왜요? 지금 공범 연락 가능성 때문에 외부 접촉을 막아야 합니다. 본인이 피해자면 협조를 빨리 하셔야 하고, 아니면 바로 소환 대상이 됩니다. 저는 진짜 처음 듣는데, 음... 네, 그럴 수 있습니다. 그래서 제가 설명드리는 거예요. 본인 계좌가 범죄 수익 이동에 쓰였는지 확인하려면 최근 거래, 이체, 자동이체, 현금인출 내역을 봐야 합니다. 국민은행도 있으시죠? 네. 그럼 국민은행 끝 네 자리, 농협 끝 네 자리, 그리고 최근 한 달 동안 큰 금액 입출금 있었는지 바로 말씀하세요. 계좌 동결 전에 본인 피해를 막아야 합니다. 늦으면 압수 절차만 남습니다. 지금 바로요.",1,수사기관 사칭형,augmented_llm
aug_수사기관 사칭형_0130,"잠시만요, 받으셨습니까? 검찰청입니다. 음, 본인 앞으로 대포통장 관련 사건이 접수돼서 바로 연락드렸습니다. 저희가 경찰청과 같이 조사하는 중인데, 본인 이름으로 된 하나은행 계좌가 불법 도박 자금 통로로 사용된 정황이 있습니다. 본인 의사와 상관없이 사용됐을 수도 있고, 아니면 개인정보가 유출됐을 수도 있습니다. 네? 아니, 그게 무슨... 아, 놀라실 수 있습니다. 그런데 지금은 놀랄 시간이 아니고 조치해야 합니다. 계좌가 묶이면 출금이 막히고, 해제하려면 검찰 확인이 필요합니다. 지금 제가 안내드리는 대로 하셔야 해요. 우선 다른 전화 받지 마시고, 지인한테도 연락하지 마세요. 비밀 유지가 안 되면 수사가 중단됩니다. 왜 자꾸 비밀이냐고요? 그러니까, 공범들이 정리할 시간을 주면 안 돼서 그렇습니다. 본인 명의 계좌가 하나은행만 있는지, 국민은행이나 기업은행도 있는지 말씀해 주세요. 그리고 혹시 카드 비밀번호를 누군가에게 알려준 적 있습니까? 없습니다. 네, 좋습니다. 그럼 명의도용 피해 신고로 돌릴 수 있는지 바로 판단하겠습니다. 그런데 이건 시간이 없습니다. 지금 바로 계좌번호 확인해야 하고, 필요하면 안전계좌로 일부 이체해서 자금 분리를 해야 합니다. 아 잠깐만요, 안전계좌라니요? 네, 본인 피해 막는 절차입니다. 이체 안 하면 본인 계좌 전부 동결될 수 있어요. 저는 금융범죄수사 담당입니다. 지금 말씀드리는 대로 따라주셔야 합니다.",1,수사기관 사칭형,augmented_llm
aug_수사기관 사칭형_0131,"여보세요, 김도현 씨 맞으십니까? 저는 서울중앙지방검찰청 형사부 쪽에서 연락드렸고요, 담당 검찰수사관 이승재입니다. 지금 본인 명의로 된 농협 계좌가 범죄 자금 세탁에 이용된 정황이 확인돼서 바로 확인차 전화드렸습니다. 아, 잠깐만요. 지금 통화 가능하신 거 맞죠? 네? 아니라고요? 아니, 그게 아니라, 그러니까 저희가 검거한 사건 현장에서 대포통장 여러 개가 압수됐는데 그중에 김도현 씨 명의 계좌가 포함돼 있었습니다. 농협이요, 농협. 본인께서 직접 개설하신 계좌가 맞는지, 아니면 개인정보 도용이 있었는지 지금 즉시 확인해야 됩니다. 이건 단순 문의가 아니고요, 계좌 지급정지, 그러니까 쉽게 말하면 지금 바로 묶일 수 있는 사안입니다. 네, 네, 놀라실 수 있는데요, 이미 1차로 동결 검토 들어가 있습니다. 지금 다른 가족분이나 지인분께 말씀하시면 안 됩니다. 제3자 개입되면 사건이 꼬여요. 절대 전화 돌리시거나 인터넷 검색해서 누구랑 상의하지 마세요. 본인 계좌번호 끝 네 자리만 확인해 주시면 되고요, 제가 먼저 말씀드리지만 이 통화는 녹취됩니다. 혹시 국민은행이나 하나은행도 사용하십니까? 지금 제가 왜 묻냐면, 동명이인 명의로 추가 계좌가 확인되면 압수 절차까지 갈 수 있어서입니다. 어, 잠깐만요. 제가 제가 드리는 말씀이 이해가 안 되신 건 알겠는데, 지금 바로 말씀 안 하시면 체포 관련 서류까지 진행될 수 있습니다. 네, 네. 성함 다시 한번만요. 김도현 씨 맞죠? 주민번호 일부 확인해서 계좌정보 대조하겠습니다.",1,수사기관 사칭형,augmented_llm
aug_수사기관 사칭형_0132,"네, 경찰청 금융범죄수사대입니다. 김서연 씨 전화 맞으시죠? 저는 조사 담당 박진우 경감이고요. 지금 긴급히 말씀드릴 내용이 있습니다. 본인 명의의 하나은행 통장이 대포통장으로 확인됐습니다. 네? 그런 적 없다고요? 음, 알겠습니다. 그런데 지금은 부인하실 단계가 아니고요, 검거된 피의자 진술과 압수한 서류에서 본인 이름이 그대로 나왔습니다. 아, 아니, 그러니까 제가 말씀드리는 건, 계좌가 범죄 조직에 넘어간 정황이 확인됐다는 겁니다. 하나은행 계좌와 국민은행 체크카드까지 같이 연결돼 있었고요. 현재 지급정지 조치가 들어가기 직전입니다. 만약 지금 협조 안 하시면 계좌 압수, 그리고 출석 요구서가 바로 발송됩니다. 저희는 이미 금융감독원과 공조 중입니다. 전화 받으신 김에 다른 분한테는 절대 말씀하지 마세요. 가족분이든 남편분이든 친구분이든 연락하시면 안 됩니다. 비밀 유지 안 되면 피해자 보호가 불가능합니다. 네, 네. 지금 통장 양도나 대여하신 적 없으시다고요? 그럼 더더욱 도용 피해로 봐야 합니다. 그러면 제가 묻겠습니다. 최근에 휴대전화 인증번호를 누군가에게 알려준 적 있습니까? 음, 없다고요? 그럼 계좌 조회부터 해보셔야 돼요. 지금 바로, 바로 확인 안 하시면 금융거래 전면 정지됩니다. 지금 제가 안내하는 대로 농협 계좌 있으면 끝자리 불러주시고, 하나은행은 몇 개 쓰시는지 말씀해 주세요.",1,수사기관 사칭형,augmented_llm
aug_수사기관 사칭형_0133,"여보세요, 금융감독원 특별민원조사팀입니다. 저는 최민석 조사관이고요, 본인 명의로 된 기업은행 계좌가 불법 도박 자금 입금 계좌로 사용된 게 확인됐습니다. 지금 굉장히 급합니다. 네? 기업은행이 없는데요? 음, 그러면 더 문제입니다. 명의도용 가능성이 높습니다. 저희가 지금 확인한 자료에는 본인 주민번호로 개설된 계좌가 두 건 있고, 그중 하나는 이미 압수 대상입니다. 잠깐만요, 지금 끊으시면 안 됩니다. 제가 설명을 다 드려야 돼요. 이게 단순한 오류가 아니라 범죄 연루 여부를 가리는 절차라서요. 계좌 동결되면 본인도 출석해야 하고, 자칫하면 공범으로 오해받을 수 있습니다. 그러니까 지금은 다른 데 연락하지 마시고, 가족분께도 알리지 마세요. 제3자에게 말하는 순간 돈 흐름 추적이 중단됩니다. 아, 제가 제가 다시 말씀드리면, 지금 필요한 건 본인 명의 계좌 확인입니다. 기업은행, 국민은행, 농협 중에 뭐 쓰시는지 바로 말씀해 주셔야 합니다. 아니면 저희가 임의로 지급정지 처리하고 압수 절차로 넘깁니다. 네, 네. 메모하실 수 있죠? 사건번호 먼저 불러드릴게요. 잠깐만, 본인 이름과 생년월일도 같이 대조해야 합니다.",1,수사기관 사칭형,augmented_llm
aug_수사기관 사칭형_0134,"통화 받으셨습니까? 서울지방검찰청 수사관입니다. 담당 검사 지시로 바로 연락드렸고요, 이정민 씨 명의 대포통장 사건입니다. 지금 본인 명의의 국민은행 통장이 압수 목록에 올라와 있습니다. 예? 처음 듣는다고요? 아, 그럴 수 있습니다. 본인도 모르는 사이에 개인정보가 넘어간 걸 수도 있으니까요. 그런데 현재 그 계좌로 범죄 수익이 들어가서 이미 동결 절차가 진행 중입니다. 지금 바로 확인 안 하시면, 본인 앞으로 금융거래 제한 통지가 나가고 출석 요구도 같이 갑니다. 음, 말씀드리자면 이건 상당히 급한 건입니다. 제가 지금 말씀드리는 동안에도 계좌 상태가 바뀔 수 있어요. 가족이나 회사 쪽에 먼저 얘기하지 마시고요. 절대요. 제3자 연락은 차단하셔야 됩니다. 왜냐하면 돈이 빠져나간 흔적이 있으면 추가 피해로 이어지거든요. 네? 계좌번호를 왜 알려드리냐고요? 아니, 그러니까 확인용입니다. 본인 명의가 맞는지 대조해야 하니까요. 국민은행 말고 농협이나 하나은행도 쓰십니까? 지금 지금 바로 말씀해 주셔야 동결 범위에서 제외할 수 있습니다. 아, 잠깐만요. 제가 혼동되는 부분을 정리해드리겠습니다. 본인께서 직접 개설한 계좌가 아니라면 명의도용 피해자로 보고 처리해드릴 수 있습니다. 그런데 협조가 늦어지면 상황이 달라집니다.",1,수사기관 사칭형,augmented_llm
aug_수사기관 사칭형_0135,"네, 안녕하세요. 검찰청 수사협조팀입니다. 저는 김태윤 수사관이고요, 지금 본인 명의로 개설된 농협 계좌가 사기단 자금 계좌로 확인됐습니다. 통화 가능하시면 제가 바로 설명드릴게요. 아, 지금 놀라셨죠? 저희가 얼마 전에 보이스피싱 조직을 검거했는데 현장에서 대포통장, 신분증 사본, 통장번호 메모가 대량으로 나왔습니다. 그중 하나가 본인 명의였습니다. 농협이요. 혹시 본인이 개설한 적 없으시면 누군가 명의를 쓴 겁니다. 그러면 지금부터는 더 조심하셔야 합니다. 다른 사람한테 절대 말하지 마세요. 어머니든 아버지든 동료든 누구든요. 비밀 유지가 안 되면 계좌 추적이 새어 나가서 피해가 커집니다. 계좌는 이미 지급정지 검토 상태고, 잘못하면 압수까지 갈 수 있어요. 네, 네, 제가 겁주려는 게 아니라 사실관계 확인입니다. 지금 본인 명의로 된 농협 계좌 끝자리 불러주시고, 하나은행이나 기업은행도 사용하시는지 말씀해 주세요. 아니, 잠깐만요. 그게 아니라 제가 말씀드리는 건, 지금 확인 안 하면 본인도 사건 관련자로 묶일 수 있다는 겁니다. 본인 반박은 이해하지만, 지금은 먼저 계좌 상태부터 확인해야 합니다. 제가 메모할 테니 천천히 말씀하세요.",1,수사기관 사칭형,augmented_llm
aug_수사기관 사칭형_0136,"여보세요, 서울중앙지방검찰청 첨단범죄수사부입니다. 김도현 씨 되시죠? 네? 지금 통화 가능하십니까. 아, 잠깐만요, 제가 말씀드리는 건 간단합니다. 본 건에 대해서, 음, 명의도용 관련 사건으로 연락드렸고요. 지금 김도현 씨 명의로 농협 계좌와 국민은행 계좌가 대포통장으로 발견됐습니다. 대포통장이라고요? 네, 그렇습니다. 저희가 서울 시내에서 검거한 조직에서 압수한 자료를 확인했는데, 본인 명의로 개설된 통장이 범죄수익 은닉에 사용됐어요. 이거 지금, 지금 바로 확인 안 하시면 계좌 지급정지, 그러니까 쉽게 말하면 묶입니다. 아니 저는 그런 적이 없는데요. 아 그러세요? 그러면 더더욱 확인하셔야 됩니다. 지금 명의가 도용된 건지, 아니면 제3자에게 넘어간 건지, 이 부분을 본인이 직접 진술하셔야 해요. 그리고 이 사건은 외부에 얘기하시면 안 됩니다. 가족이든 지인이든 누구든, 지금 연락 돌리시면 증거가 훼손될 수 있어요. 녹취되고 있고요, 저희 절차상 이 통화는 녹취됩니다. 네, 녹취됩니다. 지금 본인 계좌번호 앞자리 확인하실 수 있습니까? 계좌번호를 왜요? 아니, 그게 아니라 본인 보호를 위해서입니다. 농협하고 국민은행 외에 하나은행 계좌도 있으신가요? 없어요. 그러면 없습니다라고 딱 말씀하시면 됩니다. 근데 만약 숨기시면, 음, 자칫하면 공범으로 넘어갈 수 있어요. 지금 바로, 바로 대응해야 합니다. 안내드리는 대로 계좌 정보 확인 절차 들어가겠습니다. 잠깐만요, 제가 메모할게요. 네, 말씀하세요. 본인 성함, 주민번호 앞자리, 그리고 사용 중인 계좌 마지막 네 자리, 바로 불러주세요. 아, 잠시만요. 제3자 통화는 끊어두시고요. 지금 이 전화 외에 다른 전화 받으시면 안 됩니다. 이건 정말 중요합니다.",1,수사기관 사칭형,augmented_llm
aug_수사기관 사칭형_0137,"네, 경찰청 지능범죄수사계입니다. 김서윤 씨인가요? 어, 맞습니까? 본인 명의로 된 계좌가 불법 자금 세탁에 이용돼서 연락드렸습니다. 지금 아주 급합니다. 지난주에 저희가 지방에서 조직 하나를 검거했는데, 그 현장에서 하나은행과 기업은행 통장이 압수됐고, 그 중 한 개가 김서윤 씨 명의로 확인됐어요. 아니요, 저는 기업은행만 쓰는데요. 아, 그러니까 지금 그 말씀이 중요합니다. 하나은행 계좌를 안 쓰신다면 그 계좌는 도용된 겁니다. 현재 그 계좌는 동결 상태고요, 본인도 수사 협조 안 하시면 압수 절차로 넘어갑니다. 압수요? 네, 계좌 압수, 그러니까 출금도 입금도 안 됩니다. 그리고 이 사건은 비공개입니다. 누구한테도 말씀하시면 안 돼요. 남편분, 가족분, 친구분들한테도 안 됩니다. 지금 제일 먼저 해야 할 일은 계좌 사용 내역 확인이에요. 제가 제가 드리는 말씀이 조금 어렵게 들리실 수 있는데, 본인 계좌가 범죄 연루 여부가 있는지 확인해야 합니다. 본인 앞에서 확인해 보시죠. 네? 계좌번호 말씀드리면 되나요? 예, 농협, 기업은행, 국민은행 중에 본인 명의로 된 계좌 전부 말씀해 주세요. 제가 지금 기록할게요. 아, 잠깐만요, 다른 분과 통화 중이시면 끊어주세요. 본 건은 제3자 개입이 있으면 안 됩니다. 지금 바로요. 네, 메모해 주세요. 사건번호는 2024-지검-1187입니다. 기억하셨죠? 그리고 이 통화 내용은 내부 기록으로 남습니다. 그러니 허튼소리 하시면 안 되고, 있는 그대로 말씀하셔야 해요.",1,수사기관 사칭형,augmented_llm
aug_수사기관 사칭형_0138,"어, 금융감독원 조사과입니다. 박민재 씨 성함 맞습니까? 네? 저희가 조금 전에 확인했는데, 박민재 씨 명의로 개설된 농협 계좌가 대포통장으로 이용됐습니다. 음, 지금 상황이 좋지 않습니다. 이건 단순 안내가 아니고요, 명의도용 사건이라서 바로 조치하셔야 됩니다. 아니 저는 농협 거래 안 한 지 오래됐는데요. 그럼 더 문제입니다. 그러니까 누군가 본인 신분증 정보로 계좌를 만들었거나, 이미 계좌가 범죄에 넘어갔다는 뜻이에요. 지금 이 계좌는 지급정지 들어가 있고요, 추가로 확인 안 되면 전 계좌 동결 요청이 들어갈 수 있습니다. 동결이요? 네, 말씀 그대로 묶이는 겁니다. 그리고 본인 주변 사람들한테 절대 얘기하지 마세요. 지금 얘기 돌리시면 안 됩니다. 수사 중인 내용이 새면 바로 추적이 어려워져요. 아, 그리고 이 통화는 녹음됩니다. 네, 녹음됩니다. 메모하실 수 있습니까? 네. 본인 앞으로 국민은행, 하나은행, 기업은행 계좌가 있는지 하나씩 확인하겠습니다. 잠깐만요, 천천히 말씀해 주세요. 아니, 천천히가 아니라 지금 바로 확인해야 합니다. 지금 제가 질문드리면 예, 아니오로만 답하시면 돼요. 본인 명의 계좌 마지막 네 자리, 끝자리만 불러주세요. 아니면 저희가 임의로 동결 절차를 진행할 수밖에 없습니다. 그리고 오늘 안으로 해명 진술이 안 들어오면 출석 요구서 발부 검토됩니다. 체포 얘기까지 하냐고요? 네, 오해 없으시게 말씀드리면, 사건이 커지기 전에 정리하자는 겁니다.",1,수사기관 사칭형,augmented_llm
aug_수사기관 사칭형_0139,"여보세요, 서울지방검찰청 수사관입니다. 지금 김태호 씨 본인 맞으신가요? 아, 잘 들리십니까? 본인 명의 통장 관련해서 바로 연락드렸습니다. 지금 저희가 검거한 피의자 휴대전화에서 김태호 씨 이름이 확인됐고, 동시에 국민은행 계좌와 하나은행 계좌가 대포통장으로 적발됐습니다. 대포통장이요? 네. 본인 명의로 개설된 게 맞는지, 아니면 개인정보가 빠져나간 건지 확인해야 합니다. 제가 말씀드리는데, 본 건은 음, 상당히 긴박합니다. 지금 통장 사용 정지 안 걸면 자금이 더 움직일 수 있어요. 아니 저는 그런 통장 만든 적 없어요. 아, 그러세요? 그럼 더 빨리 진술하셔야죠. 지금 제3자와 통화하시면 안 되고, 다른 사람한테도 말하시면 안 됩니다. 가족분들한테도 비밀로 하셔야 합니다. 수사선상에 올라가면 오히려 더 불리해질 수 있어요. 그리고 계좌 정보 확인 위해 본인 명의 은행들을 불러주셔야 합니다. 농협, 국민은행, 기업은행, 하나은행 중에 어떤 계좌를 쓰십니까? 네? 잠깐만요, 제가 정리할게요. 아니, 정리하시는 동안에도 시간은 갑니다. 본인 계좌가 압수될 수 있다는 말입니다. 압수되면 현금 인출도 못 하고, 해제하려면 조사 협조가 필수예요. 지금 사건번호 받아 적으세요. 잠깐만요, 말씀하세요. 서울중앙지방검찰청 24-수사-9032입니다. 이 통화는 기록됩니다. 네, 기록되니까 장난처럼 답하시면 안 돼요. 본인 주민번호 앞자리, 계좌 마지막 네 자리 바로 말씀해 주세요.",1,수사기관 사칭형,augmented_llm
aug_수사기관 사칭형_0140,"네, 경찰청 형사과입니다. 잠깐 통화 괜찮으십니까? 김은지 씨 맞으시죠. 지금 아주 급한 건으로 전화드렸습니다. 저희가 어제 검거한 금융사기 조직에서 김은지 씨 명의의 기업은행 계좌와 농협 계좌가 확인됐어요. 본인한테 사전 안내가 갔어야 했는데, 지금 상황이 이미 조금 늦었습니다. 명의도용이 의심되고요, 계좌는 일단 지급정지 상태로 올려놨습니다. 네? 제가 그런 적이 없는데요? 네, 그러면 더더욱 본인이 피해자일 수 있습니다. 다만, 지금 이 내용은 밖으로 절대 흘리시면 안 됩니다. 주변 지인한테 말하면 안 되고, 남편이든 친구든 누구든 안 됩니다. 수사 보안 때문에 그래요. 아, 그리고 본인 계좌가 더 있는지 확인해야 합니다. 하나은행, 국민은행, 기업은행 중에 다른 계좌 있으십니까? 음, 잠깐만요. 없으면 없다고 바로 말씀해 주세요. 아니 없으면 없다고요, 근데 계좌 정보는 꼭 확인해야 합니다. 지금 본인 이름으로 된 통장, 카드, 체크카드 전부요. 이건 그냥 확인이 아니라, 출금 정지와 압수 여부를 가르는 문제입니다. 본인 협조 안 되면 체포영장까지 검토될 수 있어요. 체포영장이요? 네, 오해 없으시게 말씀드리면, 혐의점이 정리되기 전까지는 통화로만 진행할 수 있습니다. 그러니 다른 전화 받지 마시고, 지금 제가 불러드리는 항목만 답하십시오. 계좌번호, 마지막 네 자리, 그리고 최근 이체 내역 유무. 아, 네, 메모해 두세요. 사건번호는 2024경찰-5571입니다.",1,수사기관 사칭형,augmented_llm
aug_수사기관 사칭형_0141,"여보세요, 김현수 씨 되십니까? 아, 네. 서울중앙지방검찰청 첨단범죄수사부 김도윤 검사 직속으로 연락드렸습니다. 지금 통화는 녹취됩니다, 먼저 말씀드릴게요. 본 건에 대해서, 음, 말씀드리자면 김현수 씨 명의로 개설된 농협 계좌가 불법 대포통장으로 확인됐습니다. 지금 검거된 사건 현장에서 대량의 보안카드, 주민등록 사본, 그리고 농협 통장 두 건이 압수됐고요, 그 명의가 선생님으로 되어 있어요. 아니, 저 그런 적 없는데요? 아 잠깐만요, 그게 아니고요, 지금 제가 말씀드리는 건 선생님이 직접 사용하셨냐가 아니라 개인정보가 유출됐는지 여부를 확인하는 겁니다. 그런데 현재 계좌에 대해서는 이미 지급정지, 그러니까 쉽게 말하면 묶이는 상태로 들어갔습니다. 이거는 바로, 바로 확인 안 하시면 압수 절차로 넘어갈 수 있어요. 압수요? 네, 계좌 자체가 범죄 수익으로 연결됐을 가능성이 있어서요. 그리고 지금부터는 제3자, 그러니까 가족이나 친구분들한테는 절대 말씀하시면 안 됩니다. 전화 돌리거나 다른 데 문의하시면 수사 방해가 될 수 있어요. 네? 아니 제가 왜... 선생님, 지금은 설명보다 확인이 먼저입니다. 사용하시는 금융기관이 농협 말고 하나은행, 국민은행, 기업은행 중에 있으시면 계좌번호 끝 네 자리만 불러주세요. 아니 그걸 왜 알려드려요? 아, 일단 확인해야 제가 동결 해제나 피해자 전환 절차를 넣을 수 있거든요. 지금 바로 말씀 안 하시면 오늘 안에 계좌 전부 묶일 수 있습니다.",1,수사기관 사칭형,augmented_llm
aug_수사기관 사칭형_0142,"네, 금융감독원 조사지원팀입니다. 본인 확인 좀 하겠습니다. 주민번호 뒷자리 말씀하실 필요 없고요, 성함만 확인되시면 됩니다. 음, 임지호 씨 맞으시죠? 아, 네... 본 건으로 연락드린 이유는 선생님 명의로 된 하나은행 계좌가 대포통장으로 적발됐기 때문입니다. 지금 지방검찰청에서 공문이 내려왔고, 계좌 압수 및 출금 제한 조치가 곧 들어갑니다. 제가 제가 드리는 말씀은, 이게 단순 안내가 아니라 긴급 통보예요. 주변에 누구랑 통화하시면 안 되고요, 지금 다른 번호로도 연락하시면 안 됩니다. 가족분께 말씀드리는 순간 사건이 커질 수 있어요. 아니, 저는 그런 계좌가 없는데요. 네? 아 그러세요. 그러면 더더욱 확인이 필요합니다. 개인정보가 도용됐을 가능성이 커서요. 지금 검거된 피의자 쪽 진술에는 선생님 명의 하나은행, 국민은행 통장이 포함돼 있습니다. 국민은행이요? 저는 국민은행만 써요. 네, 그러니까 그 국민은행 계좌가 문제인 겁니다. 계좌번호 앞자리 말고 끝 네 자리만 말씀해 주시고, 지금 바로 이체 정지 확인을 해야 합니다. 안 그러면 검찰 쪽에서 압수영장 집행 들어가요. 압수영장이요? 네, 지금 조금만 지체되면 선생님 쪽도 공범으로 분류될 수 있습니다. 그래서 비밀 유지하셔야 하고, 다른 사람한테는 절대 공유하시면 안 됩니다. 잠깐만요, 이게 무슨... 잠깐만요는 제가 이해합니다만, 시간이 없습니다. 바로 답변 주세요.",1,수사기관 사칭형,augmented_llm
aug_수사기관 사칭형_0143,"여보세요, 경찰청 지능수사대입니다. 김서연 수사관이고요. 지금 사건 관련해서 긴급하게 연락드렸습니다. 본인 명의로 된 기업은행 계좌가 수사 중 발견됐습니다. 아, 네? 저는 기업은행 안 쓰는데요. 어, 그러세요? 그런데 저희가 확인한 바로는 지난달 말 서울 쪽에서 개설된 계좌가 있고, 그 계좌가 대포통장으로 사용됐습니다. 지금 피해액이 적지 않아서 계좌 동결, 그러니까 입출금 전면 제한이 들어가요. 아니, 그런 적 없는데요. 선생님, 지금 당황하시는 건 알겠는데, 제가 지금 설명드리는 건 피해자 여부 확인 절차입니다. 일단 주변에 누구도 부르지 마시고, 다른 핸드폰으로도 검색하지 마세요. 지금 제3자와 상의하시면 조사 기록에 잡힙니다. 아... 네. 그리고 오늘 안으로 본인 사용 계좌가 농협, 하나은행, 국민은행 중 어디인지 확인해야 합니다. 왜요? 계좌 추적을 해야 동결 범위를 줄일 수 있습니다. 지금 확인 안 되면 기업은행 계좌뿐 아니라 연결 계좌까지 다 묶여요. 잠깐만요, 제가... 아니, 잠깐만요 하시면 늦습니다. 제가 말씀드리는 건, 지금 바로 협조하셔야 체포 대상에서 빠질 수 있다는 겁니다. 체포요? 네, 명의도용 피해자면 해명 절차로 넘어가고, 아니면 공범 조사로 넘어갑니다. 그러니까 끝 네 자리 불러주세요.",1,수사기관 사칭형,augmented_llm
aug_수사기관 사칭형_0144,"서울중앙지방검찰청입니다. 검찰 조사관 이준석입니다. 통화 내용은 모두 기록됩니다. 네, 혹시 박지훈 씨 본인 맞으십니까? 네... 예. 현재 선생님 명의로 확인된 농협 계좌가 범죄 자금 세탁에 쓰였고, 관련 대포통장도 함께 적발됐습니다. 본인께서는 이 농협 계좌를 직접 개설하셨습니까? 아니요, 저는... 아, 그러면 개인정보 유출이네요. 그런데 지금 상황이 가볍지 않습니다. 계좌 지급정지 조치가 이미 검토됐고, 압수 절차도 준비 중입니다. 잠깐만요, 그럼 저는 어떻게 해야 되는데요? 우선 제 지시를 따라주셔야 합니다. 지금 다른 사람에게 연락하지 마시고, 문자도 보내지 마세요. 가족, 친구, 회사 누구도 안 됩니다. 비밀 유지가 우선입니다. 선생님이 다른 데에 알리면 자금 흐름이 끊겨서 오히려 선생님 쪽이 불리해질 수 있어요. 아, 네... 그리고 본인 명의 계좌가 농협 외에 하나은행이나 기업은행에도 있으시면 전부 말해주셔야 합니다. 그걸 왜... 선생님, 지금은 왜가 아니라 확인입니다. 끝 네 자리만 말씀하시고, 입금 확인 내역을 따라가야 합니다. 아니, 지금 계좌번호를 왜... 제가 제가 드리는 말씀은, 이체 유도가 아니라 피해 회수 절차입니다. 지금 바로 협조 안 하시면 계좌 동결이 그대로 집행됩니다.",1,수사기관 사칭형,augmented_llm
aug_수사기관 사칭형_0145,"네, 여기는 금융감독원 연계 수사안내실입니다. 잠시 통화 가능하십니까? 음, 본인 성함이 이정민 씨 맞으신가요? 아, 네... 좋습니다. 선생님 명의로 기업은행과 국민은행 계좌가 동시에 대포통장으로 조회됐습니다. 지금 검찰청에서 사건번호 내려왔고, 명의도용 및 범죄연루로 긴급 확인 중입니다. 아니 저는 그런 거 모릅니다. 네, 모른다고 하셔도 절차는 진행됩니다. 이미 계좌는 동결 대상이고, 압수 가능성도 있어요. 지금 바로, 바로 처리하셔야 합니다. 선생님 주변에 지인분 계시면 통화 끊고 나서도 절대 말씀하시면 안 됩니다. 왜요? 제3자 통해서 정보가 새면 증거가 훼손돼요. 그러면 오히려 선생님이 불리해집니다. 아... 그럼 제가 뭘 해야 합니까? 우선 현재 사용 중인 농협, 하나은행, 국민은행 계좌 중 어떤 게 있는지 전부 확인해야 하고요, 끝 네 자리와 최근 이체 내역을 말씀해 주셔야 합니다. 제가 그걸 왜요? 명의도용 피해자 입증을 위해서입니다. 그런데 시간을 끌면 공범으로 오인될 수 있습니다. 아니, 진짜요? 네. 그러니까 지금 저희가 안내하는 대로만 하세요. 다른 곳에 문의하지 마시고, 가족에게도 말하지 마시고, 바로 계좌 확인부터 하겠습니다.",1,수사기관 사칭형,augmented_llm
aug_수사기관 사칭형_0146,"여보세요, 네, 검찰청입니다. 서울중앙지방검찰청 금융범죄합동수사부인데요, 김○○ 씨 되시죠? 본인 확인 먼저 할게요. 지금 통화 내용은 녹취됩니다, 아시죠? 아, 네? 네, 제가 지금 말씀드리는 건 간단합니다. 본인 명의로 된 농협 계좌랑 하나은행 계좌가 불법 자금 세탁에 연루된 걸로 확인돼서 연락드렸어요. 아니, 저는 그런 적이 없는데요? 네, 그러실 수 있어요. 그런데 저희가 오늘 새벽에 검거한 대포통장 조직에서 본인 이름이 찍힌 통장이 나왔습니다. 음, 그러니까 쉽게 말하면, 누가 본인 신분증 정보로 계좌를 만들어서 범죄에 쓴 겁니다. 그게 아니라, 그러니까 제가 말씀드리는 건 지금 이 계좌가 이미 지급정지, 압수 보전 단계로 들어갔고요. 지금 바로, 바로 해명 절차 안 밟으시면 금융거래 제한하고 출석요구서까지 나갑니다. 네? 출석이요? 네, 출석입니다. 이 사건은 비밀 유지가 중요해서요. 가족분이나 지인, 그리고 다른 은행 상담원한테도 지금 당장 말씀하시면 안 됩니다. 특히 주변에 전화 돌리시면 안 되고요. 왜냐하면 공범들이 움직일 수 있어요. 본인 명의가 도용된 거면 피해자 입증을 하셔야 되고, 아니면 통장 양도한 것으로 처리돼서 체포영장 검토 들어갈 수 있습니다. 아 잠깐만요, 제가 지금 메모해드릴게요. 본인 농협, 하나은행 둘 다 맞으시죠? 네? 하나는 안 쓰는데요. 아, 안 쓰신다. 그러면 더 위험합니다. 사용 흔적 없는 계좌가 범죄에 쓰였다는 건 명의도용 가능성이 높다는 뜻이거든요. 지금 계좌번호 끝자리만 확인할게요. 맞는지 제가 대조해야 해서요. 잠깐만요, 지금 바로 말씀해 주세요. 네, 농협 끝 네 자리랑 하나은행 끝 네 자리요. 괜찮으시면 제가 절차 이어서 안내드리겠습니다. 일단 다른 전화는 받지 마시고요, 제 말만 들으세요. 그리고 지금 계좌에 남아 있는 잔액이 있으면 즉시 안전계좌로 이체해야 합니다. 이건 압수 방지 조치입니다. 아시겠죠? 네, 빨리요.",1,수사기관 사칭형,augmented_llm
aug_수사기관 사칭형_0147,"네, 경찰청 사이버수사대입니다. 제가 먼저 말씀드릴게요, 선생님 성함으로 개설된 기업은행 계좌가 대포통장 사건에 포함됐습니다. 맞습니까? 음, 아니요? 저는 기업은행 안 쓰는데요. 아, 안 쓰신다고요? 그럼 더 정확히 확인해야 합니다. 저희가 방금 지방검찰청 쪽으로부터 자료를 넘겨받았는데, 선생님 명의가 도용된 정황이 확인됐습니다. 본 건에 대해서... 음, 말씀드리자면, 지금 검거된 피의자가 수십 명이고 그중에 계좌를 사들여서 범죄자금 돌린 게 나왔어요. 선생님 이름으로 된 국민은행, 농협, 그리고 기업은행까지 혼재돼 있었습니다. 네? 국민은 있는데요. 네, 국민은 있으시죠. 그럼 그 계좌부터 당장 관리 들어가야 합니다. 지금 이 상황에서 제삼자한테 연락하시면 안 돼요. 회사, 가족, 지인, 다 안 됩니다. 왜냐하면 명의도용 사건은 정보가 새면 바로 돈이 빠져나가고, 그 순간 계좌 동결이 아니라 완전 압류로 넘어가거든요. 저희가 확인하는 동안은 절대 임의로 이체하시면 안 되고, 반대로 잔액이 남아 있으면 보전 조치가 필요합니다. 아니, 보전이요? 네, 보전입니다. 쉽게 말하면 범죄자 손에 안 가게 잠깐 옮겨놓는 겁니다. 잠깐만요, 지금 제가 하나씩 설명드릴게요. 선생님 주민번호 앞자리랑 현재 사용 중인 은행만 말씀해 주세요. 아, 잠깐만, 이건 제가 메모하겠습니다. 그리고 이 통화는 녹취되고 있어요. 나중에 선생님이 피해자라는 사실을 입증하는 자료가 됩니다. 그러니까 지금 지금 바로 협조하셔야 돼요. 안 그러면 본인 통장까지 전부 지급정지 걸리고, 출국금지 검토도 들어갈 수 있습니다. 어? 그렇게까지요? 네, 그렇게까지입니다. 지금 바로 잔액 확인하고 계좌번호 끝 네 자리 불러주세요. 제가 검찰 쪽 접수번호랑 같이 연결해 드리겠습니다.",1,수사기관 사칭형,augmented_llm
aug_수사기관 사칭형_0148,"잠시만요, 서울중앙지방검찰청 형사부입니다. 김○○ 씨 맞으십니까? 네? 누구라고요? 검찰입니다, 검찰. 제가 지금 급하게 연락드리는 이유는 선생님 명의로 된 하나은행 통장이 범죄조직의 대포통장으로 확인됐기 때문입니다. 아니, 저는 처음 듣는데요. 네, 당연히 처음 들으실 수 있습니다. 명의도용이니까요. 그런데 이게 보통 사건이 아니고, 지금 압수한 휴대전화 기록이랑 계좌 흐름을 대조했더니 선생님 이름이 바로 나왔습니다. 음, 말씀드리자면 범죄수익이 선생님 통장을 경유해서 빠져나간 정황이 있습니다. 지금 바로, 바로 조치 안 하면 계좌 압수, 지급정지, 그리고 소환장 발부까지 이어져요. 아니 잠깐만요, 저는 잘 모르겠는데요? 아, 모르시면 더 조심하셔야 합니다. 본인 주변에 이 사실 말하지 마세요. 가족한테도요. 특히 다른 금융기관에도 연락하지 마십시오. 내부 공조가 필요해서요. 지금 이 사건은 외부로 새면 피해자 보호가 안 됩니다. 선생님이 진짜 피해자인지, 아니면 계좌를 넘긴 건지 구분해야 하거든요. 네, 저는 넘긴 적 없어요. 좋습니다. 그러면 피해자 쪽으로 정리할 수 있으니까 협조만 하시면 됩니다. 계좌번호 확인하고, 최근 이체 내역, 그리고 본인 명의 다른 계좌 있는지 말씀해 주세요. 제가 지금 접수 순서대로 보겠습니다. 아, 그리고 이건 비공개입니다. 다른 사람 있으면 바로 끊고 다시 받으셔도 되고, 아니면 지금 이 자리에서만 답하세요. 제 말 이해되시죠? 네. 좋아요. 그럼 농협, 국민은행, 기업은행 중에 실제 사용 계좌가 어떤 건지 하나씩 말씀해주세요. 어, 제가 제가 드리는 말씀이 헷갈리시면 그냥 천천히 답하셔도 됩니다. 지금부터는 시간이 중요합니다.",1,수사기관 사칭형,augmented_llm
aug_수사기관 사칭형_0149,"여보세요, 금융감독원 특별조사팀입니다. 본인 성함 확인되면 바로 말씀드리겠습니다. 김○○ 씨 맞나요? 아 네, 맞는데요. 좋습니다. 지금 선생님 명의의 농협 계좌가 불법 도박 자금과 연결돼서 조사가 들어갔습니다. 그리고 추가로 국민은행 계좌도 압수 대상에 올라와 있습니다. 아니, 저는 도박 같은 거 한 적 없어요. 네, 그러실 수 있습니다. 그래서 연락드린 겁니다. 본인이 한 게 아니라면 명의도용 피해로 전환해야 하거든요. 그런데 이 부분은 지금 비밀 유지가 핵심입니다. 제삼자에게 말하면 안 됩니다. 특히 가족, 동료, 그리고 주변 지인들한테요. 왜냐하면 계좌가 열려 있으면 범죄자들이 잔액까지 빼가고, 그다음에는 선생님이 공범으로 오해받을 수 있어요. 음, 제가 좀 딱딱하게 말씀드리는데, 지금 이 건은 심각합니다. 계좌 동결이 먼저 들어가고, 그 다음에 압수 절차, 그 다음에 출석 요구가 나갑니다. 아 잠깐만요, 그러면 제가 뭘 해야 되죠? 네, 지금 바로 본인 명의 은행을 전부 확인해야 합니다. 농협, 국민은행, 하나은행, 기업은행 중에 어떤 계좌를 사용하시는지요. 그리고 잔액이 남아 있으면 안전 확인 절차를 밟아야 해서 제가 안내하는 계좌로 이체가 필요할 수 있습니다. 이건 범죄수익 분리 조치입니다. 네? 이체요? 네, 바로요. 지금 망설이시면 동결만으로 끝나는 게 아니라 계좌 전체가 묶입니다. 그리고 선생님 신분증 사진이나 인증번호 요구하는 전화가 오더라도 전부 받지 마세요. 외부 연락 차단, 이거 꼭 지켜야 합니다. 지금 제가 사건번호 불러드릴 테니 메모하세요. 천천히 받아 적으시면 됩니다.",1,수사기관 사칭형,augmented_llm
aug_수사기관 사칭형_0150,"여보세요, 경찰청 수사과입니다. 지금 본인 앞으로 압수수색 결과가 나와서 연락드렸어요. 혹시 이○○ 씨 본인이십니까? 네? 네, 맞습니다. 아, 본인 맞으시네요. 선생님 명의로 개설된 하나은행 계좌와 기업은행 계좌가 대포통장으로 쓰인 정황이 확인됐습니다. 그게 아니라, 그러니까 제가 말씀드리는 건 저희가 이미 관련자들을 붙잡았고, 현장에서 선생님 이름이 적힌 통장 내역이 나왔다는 겁니다. 혹시 최근에 통장 대여, 카드 대여, 인증번호 공유하신 적 있나요? 아니요, 없어요. 알겠습니다. 그러면 명의도용 가능성이 높습니다. 하지만 지금부터가 중요합니다. 이 통화는 녹취되고 있고, 이 내용은 나중에 피해자 입증 자료로 쓰입니다. 그러니 다른 사람한테는 절대 말하지 마세요. 가족분도 안 됩니다. 지금 전화 돌리시면 사건이 새서 계좌가 바로 압수되고, 본인도 조사 대상이 될 수 있습니다. 어, 무섭네요. 네, 무서우셔야 합니다. 지금 이 상황을 가볍게 보시면 안 돼요. 선생님 계좌가 범죄에 이용됐으면 우선 지급정지, 그다음 압류, 그다음 소환입니다. 제가 제가 말씀드리는 건, 지금 즉시 계좌번호 끝 네 자리와 사용 중인 은행을 확인해야 한다는 겁니다. 농협, 하나은행, 국민은행 중 뭐가 있으세요? 그리고 잔액이 있으면 이체 보전 조치가 필요합니다. 잠깐만요, 제가 다시 정리해드릴게요. 선생님은 피해자로 정리될 수도 있는데, 협조 안 하시면 공범 취급받을 수도 있어요. 지금 바로, 바로 알려주세요.",1,수사기관 사칭형,augmented_llm
aug_수사기관 사칭형_0151,"여보세요, 네 맞으십니까? 저 서울중앙지방검찰청 형사부 김도윤 검사라고 합니다. 통화 가능하십니까? 지금 본인 명의로 된 농협 계좌가 범죄 자금 세탁에 이용된 정황이 확인돼서 연락드렸어요. 아니요? 네, 일단 잠깐만요. 본인께서 직접 개설하신 계좌 맞는지, 그리고 그 계좌를 타인한테 빌려주거나 넘긴 적 있는지 확인부터 하겠습니다. 저희가 지금 검거한 사건에서 대포통장 묶음이 나왔는데 그중에 본인 명의 농협이 포함됐습니다. 아, 네? 모른다고 하시면 더 문제입니다. 지금 지금 바로 말씀드리는 건, 이 사건은 가볍게 보는 사안이 아니고요. 계좌 지급정지, 그러니까 쉽게 말하면 묶입니다. 압수 절차도 들어갈 수 있고, 경우에 따라 소환조사까지 이어질 수 있어요. 본인 외에 가족이나 지인한테 이 얘기 절대 하시면 안 됩니다. 특히 지금은 제삼자 연락 차단해야 합니다. 은행이랑 통화하셔도 안 되고, 지인들한테 물어보셔도 안 돼요. 제가 제가 드리는 말씀이 이해가 안 되시면 제가 다시 설명드리겠습니다. 본인 명의의 하나은행도 최근에 조회됐고, 국민은행과 기업은행 쪽도 같이 열람됐습니다. 어, 잠깐만요. 본인께서 사용하시는 주거래가 뭐예요? 지금 지금 말씀 안 해주시면 동결 조치 먼저 들어갑니다. 네? 아 그러세요? 그러면 본인 확인 절차로 계좌 끝 네 자리만 말씀해 주십시오. 아니면 제가 바로 사건번호 불러드리고, 금융감독원 협조 요청 넣겠습니다. 지금은 비밀 유지가 우선입니다. 가족이든 친구든 누구한테도 말하지 마세요.",1,수사기관 사칭형,augmented_llm
aug_수사기관 사칭형_0152,"네, 경찰청 금융범죄수사대입니다. 통화 녹취됩니다. 담당 수사관 최현우입니다. 지금 전화드린 이유는 본인 명의의 통장이 대포통장으로 확인됐기 때문입니다. 어, 잠깐만요. 피해자분이 아니시면 이 단계에서 바로 정리되지만, 협조 안 하시면 체포영장까지 검토될 수 있습니다. 본인께서 최근 농협 계좌나 국민은행 계좌 개설하신 적 있죠? 아니라고요? 그러니까요, 바로 그 부분을 확인하는 겁니다. 저희가 검거한 조직에서 본인 주민등록번호로 개설된 계좌가 압수됐고, 그 계좌에 불법 도박 자금이 입출금된 흔적이 나왔습니다. 아, 아뇨? 그게 아니라, 지금 제가 말씀드리는 건 본인이 범인이라는 뜻이 아니고 명의도용 피해인지 보는 거예요. 그런데 피해자 입증이 안 되면 계좌는 즉시 동결됩니다. 동결되면 출금도 안 되고 압수도 진행돼요. 그러니까 지금 바로, 바로 확인해야 합니다. 통장이나 카드, 공인인증 수단 같은 거 다른 사람한테 맡기신 적 없는지 말씀해 주세요. 가족도 안 됩니다. 제삼자 개입되면 사건이 꼬입니다. 그리고 이건 외부에 말하시면 안 돼요. 특히 지인들이나 은행 창구 직원한테도 상세 내용 말하지 마세요. 제가 제가 다시 여쭤볼게요. 하나은행, 기업은행, 국민은행 중에 본인 사용 계좌가 몇 개인지요? 하나만 쓰신다고요? 알겠습니다. 그럼 끝 네 자리 불러주세요.",1,수사기관 사칭형,augmented_llm
aug_수사기관 사칭형_0153,"여보세요, 금융감독원 특수조사팀입니다. 네, 지금 본인 명의로 된 계좌가 사기 조직의 대포통장으로 사용된 걸 확인해서 연락드렸습니다. 음, 놀라셨죠. 저희가 방금 지방검찰청과 협조해서 자료를 넘겨받았는데, 농협과 하나은행 계좌가 범행에 사용된 흔적이 있습니다. 아니요, 모른다고요? 네, 그럴 수 있습니다. 명의도용이면 본인도 모를 수 있죠. 그런데 지금 문제는 시간이 없습니다. 계좌 동결되기 전에 본인 소명 절차를 밟아야 합니다. 잠깐만요, 제가 설명드리겠습니다. 지금 본인 외에 가족이나 친구가 대신 연락하면 안 됩니다. 제삼자 개입되면 오히려 공범 의심이 커져요. 그리고 이 내용은 절대 밖으로 알리시면 안 됩니다. 검찰청 쪽에서도 비공개로 진행합니다. 본인께서 사용하시는 계좌 중에 농협 말고 국민은행이나 기업은행 더 있으십니까? 없으시다고요? 아, 그러면 확인차 제가 계좌번호 일부를 불러드릴 테니 맞는지 보셔야 합니다. 끝 네 자리요, 지금 바로 말씀해 주세요. 지금 바로 확인 안 하시면 해당 계좌는 압수보전 들어갑니다. 그러니까 쉽게 말하면 돈을 못 빼게 막는 겁니다. 네? 본인 명의가 맞는지요? 맞다고 하시면 제가 다음 단계로 피해자 등록 절차 안내드리겠습니다.",1,수사기관 사칭형,augmented_llm
aug_수사기관 사칭형_0154,"네, 서울중앙지검 첨단범죄수사부입니다. 본 건에 대해서, 음, 말씀드리자면 현재 본인 명의의 하나은행 계좌가 범죄수익 관리용으로 사용됐습니다. 지금 검거된 일당 진술이 나왔고, 압수한 휴대전화와 통장 묶음에서 본인 이름이 확인됐습니다. 아, 잠깐만요. 이건 그냥 확인 전화가 아니고, 사실상 긴급 통보입니다. 계좌가 동결될 수 있고, 이미 일부는 지급정지 요청 들어갔습니다. 본인이 직접 개설한 건지, 아니면 누가 명의를 도용한 건지 지금 구분해야 합니다. 어어, 제가 좀 빠르게 말씀드리면, 지금은 본인 외 제삼자에게 절대 연락하시면 안 됩니다. 특히 가족한테도 안 됩니다. 가족이 대신 은행 가시면 사건 기록이 꼬여요. 비밀 유지가 필수입니다. 그리고 검찰 조사 전까지는 어떤 이체도 하시면 안 됩니다. 오히려 지금 계좌 안에 남아 있는 돈이 있으면 보호 조치가 필요해요. 지금 국민은행도 함께 연동 조회됐거든요. 본인께서 사용하시는 계좌인지, 타인이 만든 건지 바로 말씀해 주십시오. 아니면 제가 사건번호 불러드리고, 담당 검사 직통으로 넘기겠습니다. 네? 무서워서 잘 모르겠다고요? 네, 그러시면 제가 차근차근 다시 설명드릴게요. 먼저 계좌 끝자리부터 확인하겠습니다.",1,수사기관 사칭형,augmented_llm
aug_수사기관 사칭형_0155,"네, 검찰청입니다. 본인 앞으로 체포 관련 통보가 갈 수 있어서 미리 연락드렸습니다. 놀라실 수 있는데, 지금 본인 명의의 기업은행 계좌가 대포통장으로 적발됐습니다. 검거 현장에서 압수된 보안매체랑 신분증 사본에 본인 정보가 있어요. 아, 아니라고요? 그럼 더더욱 빨리 확인하셔야 합니다. 지금 수사관 입장에서 말씀드리면, 이건 방치하면 계좌 압수, 동결, 그리고 출석요구서까지 바로 이어집니다. 본인께서 지금 누구랑 통화 중인지도 제삼자한테 알리지 마세요. 지인, 가족, 은행 직원, 누구에게도 말하지 마세요. 지금 내용 새면 소명 기회가 사라집니다. 음, 잠깐만요. 제가 본인한테 묻는 건 아주 단순합니다. 농협, 하나은행, 국민은행, 기업은행 중에서 실제로 본인이 쓰는 계좌가 어디인지, 그리고 최근에 통장이나 카드 빌려준 적이 있는지입니다. 없다고 하시면 끝나는 게 아니라, 계좌번호 일부 확인해서 명의도용 여부를 바로 대조해야 합니다. 지금 바로요. 아니면 제가 금융감독원 쪽으로 동결 요청을 넣겠습니다. 본인 명의가 맞는지 틀리는지, 우선 끝 네 자리부터 말씀해 주십시오.",1,수사기관 사칭형,augmented_llm
aug_수사기관 사칭형_0156,"여보세요, 김현수 씨 맞으십니까? 네, 서울중앙지방검찰청 형사3부입니다. 잠깐 통화 가능하십니까? 지금 본건이 급해서 바로 말씀드리겠습니다. 김현수 씨 명의로 개설된 농협 계좌가 대포통장 사건에 연루된 정황이 확인됐습니다. 아니요, 저는 그런 적 없는데요? 아 잠깐만요, 그게 아니라 지금 저희가 말씀드리는 건 선생님이 직접 사용하셨는지 여부가 아니라, 본인 명의가 불법 범죄자 손에 넘어가서 개설된 계좌가 발견됐다는 겁니다. 농협 말고 하나은행 계좌도 같이 확인됐고요. 지금 이 상태로 두시면 계좌 지급정지, 그러니까 쉽게 말하면 묶입니다. 묶이는 정도가 아니라 압수 절차까지 갈 수 있어요. 본인께서 지금 제3자, 가족분이나 지인분한테 이 내용 말씀하시면 안 됩니다. 절대 안 돼요. 사건에 방해가 되어서 바로 체포영장 신청까지 들어갈 수 있습니다. 음, 제가 제가 드리는 말씀이 과한 게 아니라 실제로 지금 자금 흐름이 잡혔어요. 김현수 씨가 직접 개설하신 계좌인지, 아니면 명의도용 당한 건지 확인해야 합니다. 주민등록번호 앞자리랑, 사용 중인 계좌가 농협, 하나은행 외에 또 있는지 바로 말씀해 주셔야 해요. 시간이 없습니다. 지금 지금 바로 처리하셔야 합니다. 아니 근데 제가... 네? 아, 모르시겠다고요? 그러면 오히려 더 빨리 협조하셔야죠. 제가 공문 내용을 읽어드릴 테니까 메모하십쇼. 이 통화는 녹취됩니다. 그리고 다른 사람 통화 끊으시고, 혼자만 받으세요. 본인 계좌 확인이 안 되면 본건은 공범 의심으로 전환될 수 있습니다. 그러니까 지금 계좌번호 끝 네 자리, 혹시 하나은행이나 농협에서 최근 새로 만든 적 있는지 말씀하십시오. 네? 아니요? 그럼 없다고 정확히 말씀하셔야죠. 정확히요. 불분명하게 말씀하시면 안 됩니다. 바로 답변해 주세요.",1,수사기관 사칭형,augmented_llm
aug_수사기관 사칭형_0157,"잠깐만요, 지금 받으신 분 성함이 어떻게 되십니까? 경찰청 지능범죄수사팀 이도윤 수사관입니다. 본건 관련해서 긴급 확인 연락드렸습니다. 최근에 박성민이라는 인물이 금융사기로 검거됐는데, 현장에서 기업은행과 국민은행 명의의 대포통장 다수가 나왔고 그중에 선생님 이름이 적힌 계좌가 포함되어 있었어요. 네? 저요? 아니, 저 그런 거 모릅니다. 아 네, 일단 당황하실 수 있는데요. 본인이 모른다고 해서 사건이 끝나는 게 아닙니다. 지금 중요한 건 명의도용인지, 아니면 타인에게 통장을 넘긴 정황이 있는지 확인하는 겁니다. 기업은행 계좌, 국민은행 계좌 외에 농협이나 하나은행 사용하시는 거 있습니까? 잠깐만요, 제가 지금... 네, 천천히 말씀하세요. 음, 없다고요? 없으면 없다고 단정적으로 말씀하셔야 합니다. 그리고 지금부터는 가족분께도 알리지 마세요. 특히 배우자나 자녀분한테도요. 수사 비밀 유지 때문에 이 부분은 절대 공유하시면 안 됩니다. 본건이 외부로 새면 계좌 동결이 아니라 압수 수색 영장까지 갈 수 있습니다. 저희가 금융감독원과 이미 연계해서 확인 중이고, 선생님 명의로 개설된 계좌가 실제로 몇 개인지 대조하고 있습니다. 혹시 최근에 신분증 분실한 적 있습니까? 아니, 없어요? 그럼 좋습니다. 그럼 더더욱 빠르게 본인 명의 계좌 목록을 확인해야 돼요. 지금 말씀드리는 계좌번호 확인되면 바로 정리 들어갑니다. 아니 그러면 제가 뭘 해야 되는데요? 바로 말씀드리겠습니다. 제 지시에 따라 사용 중인 계좌번호를 불러주시고, 모르는 거래가 있으면 즉시 표시해 주세요. 지금 바로요. 그렇지 않으면 본인도 수사 대상에 포함될 수 있습니다.",1,수사기관 사칭형,augmented_llm
aug_수사기관 사칭형_0158,"네, 금융감독원 특별점검팀입니다. 혹시 이지은 씨 되십니까? 지금 통화 가능하신가요? 네? 네, 말씀은 빨리 부탁드립니다. 본인 명의로 된 하나은행 통장이 불법 자금 세탁에 사용됐습니다. 지금 검찰청으로부터 넘겨받은 자료에 보면, 하나은행하고 농협 두 계좌가 연루되어 있고 명의자는 이지은 씨로 확인됩니다. 아니, 저는 하나은행 없는데요? 아, 네 그러시면 오히려 명의도용 가능성이 커집니다. 본인께서 직접 만드신 게 아니라면 누군가 신분증 정보를 빼간 겁니다. 그런데 문제는, 지금 이 계좌가 범죄 자금이 흘러간 통로로 찍혀 있어서 방치하면 계좌 동결, 압수, 그리고 출석 요구까지 이어질 수 있다는 점입니다. 음, 제가 조금만 설명드리겠습니다. 이건 단순 조회가 아니고요, 본인 명의가 범죄에 쓰였는지 확인하는 절차입니다. 주변 사람들한테 문의하시면 안 됩니다. 인터넷 검색도 하지 마세요. 다른 기관에 전화하면 정보가 섞여서 오히려 지연됩니다. 저희 절차대로만 가셔야 합니다. 잠깐만요, 본인께서 최근에 농협 계좌 개설하셨거나 카드 연동하신 적 있습니까? 네? 없다구요? 그럼 그 부분도 적어두겠습니다. 그리고 지금 다른 전화 받으시면 안 돼요. 통화 중인 상태를 유지하셔야 합니다. 계좌번호 끝 네 자리와 현재 사용 중인 은행명을 차례대로 말씀해 주십시오. 안 그러면 본인 계좌가 자동으로 지급정지될 수 있습니다. 지금 즉시요. 아, 그리고 이 통화는 녹취됩니다. 협조하시면 피해자 여부는 바로 정리됩니다.",1,수사기관 사칭형,augmented_llm
aug_수사기관 사칭형_0159,"여보세요, 검찰청입니다. 박지훈 씨 본인 맞으시죠? 서울중앙지방검찰청 수사4부 담당 검사실입니다. 지금 이 건은 가볍게 넘길 사안이 아닙니다. 박지훈 씨 이름으로 된 국민은행 계좌가 대포통장으로 발견됐고, 추가로 기업은행 계좌도 확인됐습니다. 네? 저는 그런 계좌가 없는데요. 알겠습니다. 그러니까 그 말씀이 바로 중요합니다. 선생님이 모르시는 상태에서 계좌가 만들어졌다면 명의도용이고, 알고도 방치하거나 타인에게 넘긴 정황이 있으면 공범이 됩니다. 지금 수사상 시간 없어서 바로 말씀드리는 겁니다. 계좌 동결 절차는 이미 준비돼 있고, 본인 확인 안 되면 압수 쪽으로 갑니다. 아 잠깐만요, 제가 말씀드리는 건 협박이 아니라 절차 안내입니다. 지금 제3자랑 통화하시면 안 돼요. 특히 가족, 친구, 은행 상담원, 누구든 말입니다. 외부로 나가면 증거 인멸 우려로 체포 사유가 될 수 있습니다. 본인께서 최근에 국민은행에서 비대면으로 뭘 신청하신 적 있습니까? 아니요? 그럼 더더욱 누가 정보를 사용한 겁니다. 그러면 지금 제가 본인 계좌 목록을 확인해야 하는데, 농협, 하나은행, 국민은행, 기업은행 중에 본인 명의로 실제 쓰는 게 뭐가 있습니까? 음, 빨리 답하세요. 지금 바로, 바로요. 대답이 늦어지면 본건은 피해자 보호가 아니라 강제조치로 넘어갑니다. 메모하시고, 계좌번호 끝자리 불러주십시오.",1,수사기관 사칭형,augmented_llm
aug_수사기관 사칭형_0160,"어, 김서연 씨시죠? 경찰청 사이버수사대입니다. 지금 본인 명의로 된 농협 통장이 불법 도박 자금이 아니라 대포통장으로도 같이 확인됐습니다. 본인 놀라실 수 있는데, 저희가 지방검찰청이랑 공조해서 확인한 거예요. 아니, 저 농협 안 써요. 아 네, 그러면 그게 바로 명의도용일 가능성이 높습니다. 그런데 문제는 지금 이 계좌가 이미 범죄 조직 쪽에 넘어가서 자금이 출금된 흔적이 잡혔다는 점입니다. 이 상태로 가면 계좌 지급정지, 그러니까 계좌가 묶이고, 이어서 압수 절차까지 갈 수 있어요. 본인께서 지금 해야 할 건 아주 단순합니다. 다른 전화 다 끊고, 혼자 계세요. 제3자한테 이 사건 이야기하시면 안 됩니다. 절대 안 됩니다. 지금 말이 새면 수사에 지장이 생겨서 본인도 바로 소환 대상이 될 수 있습니다. 음, 제가 말씀드리는 건 협조하시면 피해자 처리로 끝낼 수 있다는 뜻입니다. 혹시 최근에 하나은행이나 기업은행 계좌를 새로 개설한 적 있으십니까? 네? 없다고요? 좋습니다. 그러면 계좌 정보 확인만 하면 됩니다. 지금 사용 중인 은행명, 계좌번호 앞뒤 네 자리 말씀해 주세요. 아, 그리고 이 통화는 기록됩니다. 거짓말하시면 안 돼요. 지금 바로 확인해 주셔야 합니다. 하나은행, 농협, 국민은행, 기업은행 중에 실제로 쓰는 계좌가 뭐냐고요. 빨리 말씀하세요.",1,수사기관 사칭형,augmented_llm
aug_수사기관 사칭형_0161,"여보세요, 아 네, 서울중앙지방검찰청입니다. 본인 통화 맞으십니까? 잠깐만요, 지금 메모 가능하신가요? 저는 형사부 이도윤 검사이고요, 본 건에 대해서, 음, 말씀드리자면 지금 본인 명의로 개설된 농협 계좌가 대포통장으로 확인돼서 연락드렸습니다. 대포통장이요? 저는 그런 거 한 적 없는데요. 네, 그래서 지금 그 부분을 확인하려고 하는 겁니다. 본인 명의로 된 농협 계좌에서 불법 자금이 여러 건 입출금됐고, 현재 계좌 지급정지, 그러니까 쉽게 말하면 묶이는 절차가 진행 중입니다. 아니 잠깐만요, 저는 농협을 잘 안 쓰는데요. 아 잠깐만요, 그게 아니고요, 저희가 확인한 바로는 농협 말고도 하나은행 계좌가 함께 연루돼 있습니다. 이 두 계좌는 지금 압수 대상이고, 본인 의사와 상관없이 동결될 수 있습니다. 네? 아니 그럼 제가 뭘 해야 되는데요? 지금 바로, 바로 하셔야 됩니다. 오늘 안에 사실관계 정리가 안 되면 타 기관으로 이첩돼서 체포영장까지 검토될 수 있어요. 체포영장이요? 네, 그래서 지금 이 통화는 녹취됩니다. 제3자에게 절대 말씀하시면 안 되고, 가족분이든 지인이든 누구든 차단하셔야 합니다. 아니 왜요? 제3자 개입되면 증거 오염됩니다. 그러니까 지금 혼자만 들으셔야 해요. 본인 주민등록번호 확인은 나중에 하고, 우선 계좌 사용 내역부터 봐야 하거든요. 농협, 하나은행 말고 국민은행이나 기업은행도 사용하십니까? 아니요, 국민은행만 있는데요. 네, 국민은행도 확인 대상에 포함될 수 있습니다. 지금 제가 드리는 절차대로 하시고, 계좌번호 끝 네 자리 말씀해 주세요. 제가, 제가 왜 말해야 되죠? 피해자 입증을 하셔야 하니까요. 지금 안 하시면 범죄 연루자로 분류될 수 있습니다. 어, 그게 아니라, 그러니까 제가 말씀드리는 건 본인 보호를 위해서입니다. 빨리요. 잠깐만요, 제가 볼게요. 네, 바로 말씀하십시오.",1,수사기관 사칭형,augmented_llm
aug_수사기관 사칭형_0162,"네, 경찰청 금융범죄수사팀입니다. 통화 가능하십니까? 저는 담당 수사관 김태형입니다. 지금 본인 명의로 된 통장이 검거 현장에서 나왔어요. 무슨 통장이요? 농협하고 국민은행 계좌가 확인됐습니다. 선생님, 지금 이건 단순 문의가 아니라 명의도용 사건입니다. 명의도용이요? 네, 그리고 계좌 안에 들어 있던 자금이 이미 범죄수익으로 분류됐습니다. 그래서 지금 동결, 압수 절차를 밟고 있습니다. 아니 저는 전혀 모르는데요. 네, 모르는 상태일 수 있습니다. 그런데 본인 쪽으로도 연루 정황이 잡혀서 확인이 필요합니다. 아, 잠깐만요. 그럼 제가 범죄자라는 건가요? 아니, 바로 그게 아니라요. 지금은 피해자인지 공범인지 구분이 안 돼서, 본인이 협조하셔야 합니다. 본인 외에 다른 분, 예를 들면 자녀분이나 배우자분께는 절대 말씀하시면 안 됩니다. 네? 왜요? 제3자에게 말하는 순간 통화 내용이 새고, 저희가 보호 조치를 못 합니다. 그러니까 비밀 유지하셔야 돼요. 지금 본인 계좌가 하나은행에도 있는지 확인해야 하는데요. 하나은행요? 네, 하나은행, 국민은행, 기업은행 중에 사용하시는 거 전부 말씀해 주셔야 합니다. 저 근데 그런 걸 왜 다 말해야 해요? 계좌 추적을 해야 하기 때문입니다. 지금 바로 확인 안 되면 지급정지로 넘어가고, 그 뒤에는 계좌 사용이 다 막힙니다. 잠깐만요, 그럼 입금도 안 돼요? 네, 안 됩니다. 그리고 본인 명의로 대포통장이 추가로 나오면, 그건 형사 입건 사유가 됩니다. 그러니까 지금 제가 드리는 말씀이, 음, 본인 보호 절차입니다. 계좌번호 끝 네 자리 확인 부탁드립니다.",1,수사기관 사칭형,augmented_llm
aug_수사기관 사칭형_0163,"아 네, 여기는 서울중앙지검입니다. 검사실 직통인데요, 본인 성함 확인되시면 바로 말씀드릴게요. 네? 제가 왜요? 지금 본인 명의로 된 계좌가 범죄 현장에서 확보돼서 연락드렸습니다. 농협 계좌 하나, 기업은행 계좌 하나, 그리고 국민은행 계좌가 확인됐습니다. 저는 기업은행밖에 없는데요. 네, 그러면 기업은행이 포함된 건 맞으시네요. 본 건은 단순 참고가 아니고, 명의도용 및 자금세탁 사건입니다. 명의도용이라니요, 전 그런 적 없어요. 그럼 더더욱 빨리 말씀하셔야 됩니다. 지금 본인 계좌는 동결 예정이고, 추후 압수 절차까지 갈 수 있습니다. 아니 잠깐만, 제가 뭘 잘못했는데요? 아직 확정된 건 없습니다. 그런데 저희가 확인한 자료상 본인 이름과 주민등록번호로 개설된 통장이 불법 조직에 넘어간 상태예요. 아, 그러면 누가 제 이름으로 만든 거예요? 그건 수사 중입니다. 그리고 중요한 건, 지금 다른 사람과 상의하시면 안 됩니다. 은행 직원한테도, 가족한테도, 지인한테도 말하지 마세요. 왜요? 타인 개입되면 계좌 추적이 늦어지고, 상대방이 자금 빼돌릴 수 있습니다. 그러니까 혼자만 아셔야 해요. 지금 바로 계좌 끝 번호 말씀하실 수 있나요? 제가 잘 기억이 안 나는데요. 네, 잠깐만요, 메모하시면서 천천히 보시면 됩니다. 본인 명의 계좌가 확인되면 일단 지급정지, 그 다음 피해자 확인서 작성 절차로 갑니다. 피해자 확인서요? 네, 안 하시면 수사 대상 전환될 수 있어요. 그러니 지금 제가 묻는 거에만 답하십시오. 본인 계좌가 하나은행에도 있습니까? 어, 그건 확인해 볼게요. 아니요, 지금 바로요.",1,수사기관 사칭형,augmented_llm
aug_수사기관 사칭형_0164,"여보세요. 금융감독원 특별조사팀입니다. 지금 통화 녹취 시작됩니다, 알고 계시죠? 네? 아, 네. 본인 명의로 된 대포통장 관련해 확인할 사항이 있어서 전화드렸습니다. 대포통장이요? 저는 그런 적이 없는데요. 네, 현재 농협과 하나은행 계좌가 불법 거래에 이용된 걸로 확인됐습니다. 계좌는 이미 동결 조치가 들어갔고, 추가로 기업은행 계좌도 조사 대상입니다. 아니 잠깐만요, 저는 하나은행도 없어요. 아 잠깐만요, 그게 아니라 저희가 말하는 건 본인 명의로 개설된 적이 있는 계좌 전체입니다. 기억 안 나셔도 됩니다. 다만 지금 본인 명의가 범죄에 사용됐기 때문에, 본인 협조가 없으면 압수 수색 영장까지 진행됩니다. 그러면 제가 뭘 해야 하죠? 우선 제3자 연락을 끊으셔야 합니다. 가족, 친구, 회사 동료 누구도 이 얘기 들으면 안 됩니다. 왜 그렇게까지요? 지금 이 사건은 외부 유출되면 자금 회수가 안 돼서 피해가 커집니다. 그리고 본인 계좌번호, 카드번호, 이체 내역을 바로 확인해야 합니다. 잠깐만요, 그럼 제가 은행에 가야 돼요? 아니요, 지금은 가시면 안 됩니다. 가시면 기록이 남아서 상대방이 먼저 빠져나갈 수 있어요. 그러니까 저희가 안내하는 대로만 하셔야 돼요. 지금 계좌가 농협, 국민은행, 하나은행, 기업은행 중에 어떤 건지 말씀해 주세요. 아, 제가 잘 모르겠는데요. 모르시면 제가 하나씩 조회해 보겠습니다. 본인 명의로 개설된 계좌가 하나라도 더 나오면 그건 추가 대포통장으로 간주됩니다. 그러니까 지금부터는 거짓 없이 말씀하셔야 합니다. 본인 통장 끝 네 자리부터 확인해 주세요.",1,수사기관 사칭형,augmented_llm
aug_수사기관 사칭형_0165,"네, 경찰청 사이버수사대입니다. 잠시 통화 괜찮으십니까? 저는 수사관 박민재입니다. 지금 본인 이름으로 된 계좌가 범죄조직에 넘어간 정황이 확인돼서 연락드렸어요. 이름이요? 네, 농협 계좌랑 국민은행 계좌가 발견됐고요, 그 안에서 불법 자금이 들어갔다가 빠져나간 기록이 있습니다. 아니 저는 농협 안 쓰는데요. 네, 안 쓰셨더라도 명의로 개설됐을 수 있습니다. 지금 이 건은 명의도용 사건이고, 본인 책임 여부를 바로 확인해야 합니다. 본인께서 확인 안 하시면 계좌 동결, 압수, 그리고 추가로 출국 제한까지 검토될 수 있습니다. 출국 제한이요? 네, 지금 긴급 사안입니다. 어, 잠깐만요. 아니 그럼 제가 범죄에 연루됐다는 건가요? 지금은 그렇게 단정하는 게 아니라, 피해자일 가능성과 공범 가능성을 같이 보는 겁니다. 그래서 제3자와 절대 상의하시면 안 됩니다. 이거 가족한테도 말하면 안 돼요? 안 됩니다. 가족이 은행에 전화하는 순간 수사선이 꼬입니다. 그러니까 본인 혼자만 알고 계셔야 해요. 지금 사용하시는 계좌가 국민은행 맞으십니까? 음, 맞긴 한데요. 그러면 끝 네 자리 말씀해 주세요. 제가 지금 조회 넣겠습니다. 잠깐만요, 그런 걸 왜 지금 바로 해야 하죠? 지금 바로, 바로 해야 합니다. 안 그러면 본인 명의 전체가 지급정지로 묶일 수 있어요. 그리고 본인께서 모르는 사이에 추가 계좌가 생겼는지도 봐야 합니다. 혹시 하나은행이나 기업은행도 있으십니까? 어, 기업은행은 예전에 있었던 것 같은데... 네, 그럼 그 계좌도 포함입니다. 빨리 확인해 주세요.",1,수사기관 사칭형,augmented_llm
aug_수사기관 사칭형_0166,"여보세요, 서울중앙지방검찰청입니다. 지금 통화 가능하십니까? 저는 형사부 김도윤 수사관이고요, 본건에 대해서, 음, 아주 급하게 확인할 게 있어서 바로 연락드렸습니다. 혹시 본인 명의로 된 농협 계좌하고 국민은행 계좌가 있으시죠? 아, 일단 잠깐만요. 이건 단순 확인이 아니라 명의도용 사건입니다. 저희가 수사 중인 조직에서 선생님 이름으로 대포통장이 발견됐고, 이미 거래내역이 범죄자금 세탁 경로에 연결돼 있습니다. 네? 아니라고 하셔도, 지금 지금 바로 확인하셔야 됩니다. 이 통장은 검찰에서 압수 대상이고, 지급정지, 그러니까 쉽게 말하면 묶이는 겁니다. 그리고 선생님 계좌가 추가로 확인되면 본인도 전부 연루 처리될 수 있어요. 아 잠깐만요, 지금 다른 분한테 전화하시면 안 됩니다. 가족분, 지인분, 은행 직원한테도 지금은 말씀하시면 안 돼요. 왜냐하면 제3자 통해서 정보가 새면 증거가 훼손됩니다. 본건은 비공개입니다, 비공개. 이해하셨죠? 저희가 검거한 피의자 쪽에서 선생님 인적사항이 나왔고, 농협 쪽에 개설된 계좌 하나, 국민은행 쪽 계좌 하나가 확인됐습니다. 선생님이 직접 개설 안 하셨으면 명의도용 피해자일 가능성이 높습니다. 그런데 이 경우에도 지금 바로, 바로 해명 절차를 밟으셔야 돼요. 계좌번호 끝 네 자리 확인해 주시고, 사용하시는 타 은행 있으면 말씀해 주세요. 네? 왜 묻냐고요? 계좌 동결 전에 선생님 본인 자산인지, 범죄 연루인지 구분해야 해서 그렇습니다. 저는 지금 검찰 사건 담당 수사관이고요, 거짓말하시면 안 됩니다. 이 통화는 녹취됩니다, 지금부터 전부 기록으로 남습니다. 말씀해 보십시오. 본인 명의 농협, 국민은행 외에 하나은행이나 기업은행 사용하시는 거 있습니까?",1,수사기관 사칭형,augmented_llm
aug_수사기관 사칭형_0167,"잠깐만요, 경찰청 금융범죄수사팀입니다. 네, 제가 바로 말씀드릴게요. 지금 선생님 명의로 된 하나은행 계좌가 불법 현장에서 확인돼서 연락드린 겁니다. 저는 박준서 수사관이고요, 이건 장난 아닙니다. 저희가 어제 검거한 조직에서 대포통장 여러 개가 압수됐는데 그중에 선생님 이름이 들어간 게 나왔어요. 하나은행, 그리고 농협 계좌가요. 아니요, 그거 모르신다고요? 음, 그러면 더 빨리 정리하셔야 됩니다. 계좌가 범죄에 쓰였으면 지급정지 되고 압수 절차 들어가고, 경우에 따라 체포영장까지 검토됩니다. 네? 저는 몰랐다고 하셨어요? 알겠습니다, 그럼 피해자 진술로 받겠습니다. 그런데 지금부터는 다른 데 연락하지 마세요. 배우자, 자녀, 친구, 은행창구 아무한테도요. 비밀 유지 안 되면 바로 공범처럼 보일 수 있습니다. 아, 아니고요, 제가 지금 겁주려는 게 아니라 법 절차를 말씀드리는 겁니다. 선생님 본인 명의 통장이 범죄조직에 넘어간 경위가 명확해야 해요. 이름, 주민번호 일부, 계좌 개설 시점, 마지막 사용 은행, 이런 걸 바로 확인해야 합니다. 지금 통장에 잔액이 있으면 함부로 이체하시면 안 됩니다. 이체하면 추적이 더 꼬여요. 저는 지금 말씀드리는 거, 계좌를 확인해서 동결 전에 보호 조치하자는 겁니다. 네? 금감원에 문의해 보겠다고요? 그러시면 안 됩니다. 저희 사건 연결 상태에서만 진행하셔야 돼요. 선생님, 지금 저한테 계좌 끝자리 말씀해 주세요. 하나은행, 농협, 국민은행 중 어떤 겁니까? 빨리요.",1,수사기관 사칭형,augmented_llm
aug_수사기관 사칭형_0168,"여보세요, 금융감독원 특별조사관입니다. 본인 맞으시죠? 네, 제가 지금 아주 급한 건으로 연락드렸습니다. 저는 조사1팀 이지훈이고요, 선생님 명의 계좌가 대포통장으로 확인돼서요. 아, 잠깐만요. 지금 당황하실 수 있는데, 본건은 명의도용입니다. 저희가 검토한 자료에 따르면 농협 계좌와 기업은행 계좌가 범죄단에 넘어갔고, 이미 자금이 여러 차례 분산됐습니다. 선생님이 직접 하신 게 아니더라도 본인 명의로 되어 있으면 검찰로 넘어가면 압수, 동결, 출석 요구까지 이어질 수 있어요. 그러니까 지금 바로 대응하셔야 합니다. 제 말씀 끊지 말고 들어주세요. 지금 다른 사람한테 전화 연결하시면 안 됩니다. 저희가 비밀 보안 때문에 제3자 차단을 걸어야 해요. 가족분이든 지인이든 은행직원이든 누구든지요. 네? 왜 그러냐고요? 정보가 섞이면 피해자 입증이 안 됩니다. 아, 그리고 선생님 계좌를 확인하는 이유는 혹시 추가 연루 계좌가 있는지 보는 겁니다. 하나은행, 국민은행, 농협, 기업은행 중에 실제 사용 계좌가 뭐냐고요. 일단 이름만 말씀해 주세요. 저는 공식 절차대로 안내하는 겁니다. 지금 지급정지 들어가기 전에 자금 일부를 안전계좌로 옮겨야 할 수도 있어요. 아니, 그냥 아무 계좌로 옮기는 게 아니라 본인 확인용 절차입니다. 지금 못 하시면 오늘 안에 계좌가 묶일 수 있습니다. 아, 그리고 이 통화는 녹취됩니다. 선생님 진술이 중요해요. 지금 명의도용 당한 사실이 있습니까, 없습니까?",1,수사기관 사칭형,augmented_llm
aug_수사기관 사칭형_0169,"네, 검찰청입니다. 말씀하세요. 아니 제가 말씀드리는 게, 지금 이 사건은 선생님 이름으로 개설된 대포통장이 압수수색 현장에서 나와서 연락드린 거예요. 저는 서울중앙지방검찰청 형사부 최민석 검사실입니다. 본건은 단순 민원이 아니고 형사사건입니다. 음, 선생님이 알고 계셨는지 모르겠지만 농협 계좌 하나, 하나은행 계좌 하나가 범죄자금 통로로 쓰였어요. 네? 처음 듣는다고요? 그럼 더 문제입니다. 개인정보 유출로 명의도용이 됐는지, 아니면 통장 양도가 있었는지 즉시 구분해야 하거든요. 지금 바로 말씀 안 하시면 계좌 동결 조치가 들어가고, 필요하면 출석 통보도 나갑니다. 아, 잠깐만요. 제가 겁주는 게 아니라 절차 설명입니다. 그리고 이 일은 밖으로 새면 안 됩니다. 주변에 말하면 안 돼요. 은행 창구 가서도 다른 말 하지 마세요. 그냥 저희가 안내하는 대로만 하셔야 됩니다. 네? 계좌번호를 왜 묻냐고요? 범죄 계좌와 본인 정상 계좌를 분리해야 해서요. 지금 농협, 하나은행, 국민은행 중에 본인 실사용 계좌가 무엇인지 확인해야 합니다. 예금, 적금, 입출금 다 포함입니다. 혹시 카드론이나 마이너스도 있으세요? 아, 네, 잠깐만요. 그게 아니라 선생님 이름으로 추가 계좌가 더 있는지 확인하려는 겁니다. 본인께 불이익 안 가게 하려면 지금 협조하셔야 돼요. 제가 제가 드리는 말씀은 하나입니다. 지금 계좌 정보 확인해 주십시오.",1,수사기관 사칭형,augmented_llm
aug_수사기관 사칭형_0170,"여보세요? 경찰청 사이버수사대입니다. 통화하실 수 있으십니까? 저는 수사관 오세훈이고요, 지금 선생님 명의로 된 기업은행 통장이 범죄 현장에서 발견돼서 연락드렸습니다. 저희가 불법 도박자금 사건을 수사하는 중인데, 검거된 피의자 차에서 선생님 주민번호로 개설된 통장과 체크카드가 나왔어요. 어, 모르셨다고요? 알겠습니다. 그러면 명의도용 피해 가능성이 높습니다. 그런데 지금 바로, 바로 조치 안 하시면 계좌가 계속 범죄에 이용되고, 나중에는 선생님까지 연루자로 보일 수 있습니다. 지금 이 통화는 녹취 중이고, 사건기록으로 들어갑니다. 선생님, 다른 곳에 전화하지 마세요. 특히 가족, 직장, 은행직원한테도 먼저 말하지 마세요. 제3자한테 알려지면 수사망이 새고, 지급정지나 압수 절차가 지연됩니다. 네? 왜 이렇게 급하냐고요? 이미 기업은행, 국민은행, 농협 계좌가 여러 건 발견됐고, 그중 하나가 선생님 명의입니다. 본인 확인이 안 되면 그대로 동결될 수 있어요. 아 잠깐만요, 지금 제가 말씀드리는 건 계좌를 숨기라는 게 아니라 보호 조치를 하자는 겁니다. 계좌번호 끝 네 자리, 최근 입출금 내역, 개설 지점, 이 세 가지만 말씀해 주세요. 그리고 하나은행도 사용하시면 바로 말씀하시고요. 지금 안 하시면 오늘 안에 체포 가능성까지 검토됩니다. 선생님, 숨기지 마시고 솔직하게 말씀해 주세요. 명의도용 당한 적 있으십니까, 없으십니까?",1,수사기관 사칭형,augmented_llm
aug_수사기관 사칭형_0171,"여보세요, ○○씨 맞으시죠? 네, 서울중앙지방검찰청 첨단범죄수사부입니다. 지금 통화 가능하십니까? 잠깐만요, 이 통화는 녹취됩니다. 본 건에 대해서 음, 말씀드리자면 선생님 명의로 개설된 농협 계좌가 대포통장으로 확인돼서 연락드렸습니다. 뭐라고요? 저는 농협 없는데요? 네, 아 그러세요. 그런데 저희가 오늘 오전에 압수한 장부하고 휴대전화 기록에서 선생님 이름, 주민번호 일부가 그대로 나왔고요, 계좌는 이미 범죄자 쪽에서 사용된 걸로 잡혔습니다. 그러니까 쉽게 말하면 지금 본인 계좌가 범죄 자금 통로로 이용됐다는 거예요. 아니 저는 모르는 일인데요. 네, 그 말씀은 일단 이해합니다. 그래서 지금 바로, 바로 확인 안 하시면 계좌 지급정지, 그러니까 묶이는 절차가 들어가고요, 필요하면 압수 수색 영장도 이어질 수 있습니다. 아 잠깐만요, 제가 설명드리는 중입니다. 지금 피해자 입증을 하셔야 하거든요. 선생님께서 제3자, 가족분이든 지인이든 누구든 이 사건 관련해서는 절대 말씀하시면 안 됩니다. 왜냐하면 지금 주변에 알리시면 증거 인멸로 오해받을 수 있어요. 음, 그리고 비밀 유지 서약처럼 생각하시면 됩니다. 선생님 명의가 도용된 건지, 아니면 통장 거래에 관여가 있는지 구분해야 해서요. 최근에 하나은행이나 국민은행, 기업은행 쪽 계좌 비밀번호 바꾸신 적 있나요? 없는데요. 네? 아 그러시면 더 문제입니다. 본인도 모르는 사이에 계좌가 만들어졌을 가능성이 있어서요. 지금 본인 신분증 앞뒤 사진, 계좌번호 끝 네 자리, 그리고 최근 이체 내역만 말씀해 주시면 됩니다. 아니 그걸 왜요? 수사 확인용입니다. 지금 안 주시면 동결, 압수 절차가 먼저 들어가고 나중에 소명하셔도 늦습니다. 그러니까 제가 제가 드리는 말씀이, 본인이 무고하시면 협조하셔야 돼요. 지금 주변에 전화 끊고 다른 사람과 상의하시면 안 됩니다. 네? 아 그러면 제가 어떻게 해야 되냐고요? 우선 통장 있는 은행명부터 말씀하시고, 그다음 계좌번호 확인해 주시면 됩니다.",1,수사기관 사칭형,augmented_llm
aug_대출 사기형_0001,"여보세요, 고객님 맞으시죠? 네, 저 웰컴저축은행 대환대출 상담팀인데요. 지금 오전에 문자 받으신 건 확인되셨고요. 현재 고객님 신용점수 기준으로 최대 4천만 원, 금리 3.9%, 아 3.6%까지 가능하다고 내부 조회가 나왔습니다. 그런데 잠깐만요, 지금 기존 대출이 있으셔서 그 부분이 부결로 한 번 뜨셨어요. 네? 아, 신용점수 때문에요? 네네, 맞아요. 그래서 제가 말씀드리는 건 일반 대출 말고, 기존 고금리 건을 잠깐 상환 처리한 다음에 저희 쪽 저금리로 갈아타시는 편법 대환 방식이세요. 고객님께서 먼저 1천2백만 원 정도만 선납 보증금으로 넣어주시면 그걸로 상환 확인이 올라가고, 그 다음에 4천만 원 한도로 다시 승인이 떨어집니다. 아 그 부분은 걱정 안 하셔도 되고요, 이건 고객님 자금 묶어두는 게 아니라 전산상 처리용입니다. 지금 오늘 안에만 가능하고, 오후 4시 이후로는 마감돼요. 제가 지금 10분 안에 접수 넣어야 하는데, 고객님 지금 바로 가능하세요? 아니, 제가요? 네네, 그러니까 지금 고객님 명의로는 1금융권에서 또 부결이 연달아 떠서, 이 한 번만 정리하시면 신용점수 회복되고 한도 올라가세요. 잠깐만요, 고객님 지금 사용 중인 은행이 국민은행이시죠? 네, 그러시면 계좌번호 확인해 주세요. 제가 바로 상환 가상계좌 잡아드릴게요. 입금 확인되면 오늘 안으로 4천만 원 승인 문구까지 내려드립니다. 네, 시간 없으세요. 지금 지금 바로 처리하셔야 됩니다.",1,대출 사기형,augmented_llm
aug_대출 사기형_0002,"아, 고객님 안녕하세요. 신한은행 여신심사 쪽입니다. 방금 조회된 건으로 연락드렸는데요, 고객님께서 신청하신 대환상품이 일단 금리 4.2%로 잡혔다가, 아 3.8%로 조정 가능하다는 결과가 나왔습니다. 다만 현재 신용점수 구간이 애매해서 부결이 한 번 뜨셨어요. 네? 부결이요? 네, 맞습니다. 그런데 이건 완전히 막힌 건 아니고요, 제가 말씀드리는 우회 처리로 하면 됩니다. 기존 카드론이랑 현금서비스를 먼저 정리한 뒤에, 저희 쪽으로 상환완료 증빙만 올리면 5천만 원 한도로 재심사 들어가요. 지금 고객님께서 2백만 원만 선납하시면 그 금액이 보증금처럼 처리돼서 심사 통과율이 올라갑니다. 어, 그게 아니라, 그러니까 제가 말씀드리는 건 고객님이 손해 보는 구조가 아니고요. 선납하신 금액은 대출 실행되면 바로 포함 정산돼요. 지금 오늘이 마감일이라서요, 저희 쪽 전산이 3시 반 지나면 닫혀요. 고객님 지금 어디 은행 쓰세요? 하나은행이요? 네, 하나은행이면 더 빨라요. 제가 지금 즉시 임시계좌 드릴 테니까 2백만 원 먼저 넣어주시고, 확인되면 제가 바로 5천만 원 쪽으로 올려드릴게요. 지금 이거 아니면 다시 부결로 넘어가서 한 달 기다리셔야 합니다. 잠깐만요, 고객님. 지금 통화 끊기시면 접수 자체가 날아가요.",1,대출 사기형,augmented_llm
aug_대출 사기형_0003,"네, 기업은행 대출심사 담당입니다. 고객님, 오전에 신청하신 저금리 대환 건 때문에 연락드렸어요. 현재 가능 한도는 3천5백만 원이고요, 적용 금리는 4.1%, 아 죄송합니다 3.7%로 안내받으시면 됩니다. 다만 전산상으로는 최근 신용점수 하락 때문에 부결이 한 번 떠서요. 음, 그래서 바로 승인이 안 나고 있습니다. 고객님이 지금 기존 대출을 그대로 두신 상태면 계속 부결로만 떠요. 그래서 제가 안내드리는 건 편법 대환입니다. 고객님 명의로 작은 금액, 한 1백5십만 원 정도를 먼저 선납 처리하시면 그게 상환 이력으로 잡혀서, 나머지 3천5백만 원을 저희가 대환으로 넣어드릴 수 있어요. 네네, 맞아요. 이 선납금은 수수료 성격이라서 실행 후 자동 정리됩니다. 지금 제가 말씀드리는 건 오늘 5시까지 처리하셔야 한다는 거예요. 왜냐면 오늘 안에 안 들어가면 내부 승인번호가 소멸돼요. 고객님 지금 대출 있으세요? 있으시면 그거 그대로 두면 안 되고, 일단 정리부터 하셔야 해요. 아, 아니요? 그러시면 더 빨리 됩니다. 제가 바로 접수번호 드릴 테니까 지금 계좌로 먼저 입금해 주세요. 입금 확인되면 제가 재심사 올리고, 승인 문자까지 바로 넣겠습니다. 시간 거의 없습니다. 네, 지금 바로요.",1,대출 사기형,augmented_llm
aug_대출 사기형_0004,"고객님, 농협 상담센터인데요. 혹시 통화 괜찮으실까요? 방금 대환상품 조회가 올라와서 연락드렸습니다. 현재 한도는 최대 6천만 원, 금리는 4.5%, 아 잠깐만요 4.0%까지 가능하다고 나왔는데요. 다만 고객님 신용점수가 기준선보다 조금 낮아서, 아쉽게도 1차는 부결 처리됐습니다. 네? 점수 문제요? 네, 그렇습니다. 그런데 지금은 방법이 있어요. 보통 이런 경우는 기존 대출을 바로 갚는 게 아니라, 저희 쪽에서 안내하는 전산상 선상환 절차를 먼저 밟습니다. 고객님께서 3백만 원 선납하시면 그게 보증금처럼 잡히고, 그 다음에 저희가 저금리 대환으로 6천만 원까지 올려드리는 방식이에요. 이건 일반 신청이 아니라 심사 예외로 들어가는 거라서 지금 오늘만 가능하세요. 잠깐만요, 제가 말씀드리는 건 고객님이 먼저 손해 보는 게 아니라, 대환 승인 조건을 만드는 거예요. 그런데 이거 마감이 촉박해서 2시 전에 선납이 안 들어가면 오늘 회차는 끝납니다. 지금 계좌로 바로 보내실 수 있으세요? 네, 그러시면 제가 임시 접수 잡아드릴게요. 안 그러면 내일 다시 신청하셔야 하고, 그땐 신용점수 더 떨어져서 한도 줄어듭니다. 어, 고객님 지금 결심하셔야 돼요.",1,대출 사기형,augmented_llm
aug_대출 사기형_0005,"잠깐만요, 삼성카드 연계 대환 안내드리는 분 맞으시죠? 네, 고객님 맞습니다. 방금 조회 결과 고객님께 최대 2천8백만 원까지 가능하다고 떴는데요, 신용점수 영향 때문에 승인이 바로 안 나고 부결로 표시됐습니다. 아, 네네. 그런데 걱정하실 건 아니고요. 이런 경우에는 저희가 편법 대환으로 처리해 드립니다. 기존 카드대금 일부를 선납 형태로 먼저 넣으시면, 그게 상환능력으로 찍혀서 저금리 대출이 다시 열려요. 금리는 3.5% 수준이고, 한도는 2천8백만 원입니다. 다만 선납금 80만 원이 오늘 안에 필요해요. 네? 왜 먼저 넣어야 하냐고요? 음, 그게 아니라, 그러니까 전산이 그렇게 돌아갑니다. 오늘 안에 선납 확인이 안 되면 부결 상태로 한 달 묶여요. 지금 고객님 계신 곳이 KB저축은행이든 농협이든 상관없고요, 일단 선납만 들어오면 제가 바로 대환 승인 쪽으로 넘길 수 있습니다. 지금 지금 바로 처리하셔야 오늘 6시 전 실행 가능합니다. 고객님, 망설이시면 이 건은 넘어가요. 제가 끊기기 전에 계좌번호 확인해 드릴게요.",1,대출 사기형,augmented_llm
aug_대출 사기형_0006,"여보세요, 고객님 맞으시죠? 지금 국민은행 대출 상담부에서 연락드렸는데요, 어제 신청하신 거 관련해서 바로 확인이 좀 필요해서요. 아 네, 고객님 성함이랑 생년월일은 제가 이미 떠 있는데, 지금 신용점수 때문에 1차는 부결로 올라갔거든요. 부결이라고 해서 아예 안 되는 건 아니고요, 지금 저금리 대환으로 돌리려면 약간 우회해서 진행하셔야 돼요. 현재 고객님 쪽으로는 최대 4천만 원까지 가능하신데, 기본 금리가 6.8%로 잡혔다가 아, 그게 아니라 3.9%까지 내려갈 수 있어요. 그런데 이게 한 번에 바로 내려가는 건 아니고, 지금 기존 기대출이랑 겹쳐서 전산상 신용도 보완이 필요합니다. 네? 아 그러세요. 그럼 제가 말씀드리는 방법으로 하시면 돼요. 일단 오늘 안으로 기존 소액대출 하나를 상환 처리하시고, 저희 쪽으로 보증금 성격의 확인금 98만 원만 먼저 입금해 주시면, 그 입금 내역으로 상환 여력 잡아서 대환 승인 넣어드릴 수 있어요. 이거는 그냥 선납처럼 보이는 게 아니라, 심사 통과용으로만 쓰는 거예요. 아 그 부분은 걱정 안 하셔도 되고요, 지금 마감이 오늘 4시 반까지라서요. 4시 반 지나면 이 금리 자리 빠져요. 고객님 지금 통장 사용 가능하시죠? 네, 그러시면 제가 계좌번호 불러드릴게요. 잠깐만요, 메모되셨죠? 농협 계좌로 98만 원 먼저 넣으시고, 넣으신 다음에 저한테 바로 전화 주시면 제가 접수 마감 전에 마지막 승인 올려드릴게요. 이거 늦으면 부결 그대로 남습니다, 고객님. 네네, 지금 지금 바로 하셔야 돼요.",1,대출 사기형,augmented_llm
aug_대출 사기형_0007,"아, 고객님 휴대폰으로 받으시는 거 맞죠? 여기 하나은행 여신관리팀인데요, 지금 잠깐만요, 통화 괜찮으시면 제가 빨리 안내드릴게요. 어제 상담 넣으셨던 대환 건이 전산에서 떨어졌습니다. 신용점수 742점으로 나와서요, 기준선이 750점이라 부결이 났어요. 그런데 지금 제가 확인하니까 한도는 3천5백만 원까지 열려 있거든요. 금리는 7.2%로 잡혔는데, 아 7.2가 아니라 4.1%로 조정 가능한 구간이 있어요. 단, 그거는 편법 대환으로 기존 카드론 하나를 먼저 정리하셔야 됩니다. 지금 고객님이 말씀하신 대로 급한 자금이면, 저희가 먼저 승인 공문 넣고 그다음에 보증료 76만 원만 선납 처리하시면 돼요. 네? 그거 왜 먼저 내냐고요? 아, 네네 맞아요. 이게 심사 보증 확인용이라서요. 선납이 들어와야 전산상 고객님 상환 의지가 잡혀요. 지금 이 시간 지나면 오늘 배정된 한도는 다른 고객님으로 넘어가서 내일은 아예 못 받으실 수 있어요. 제가 제가 드리는 말씀이 좀 복잡할 수 있는데, 정리하면 기존 대출 1건은 오늘 안에 상환, 그리고 보증금 76만 원은 지금 바로 입금, 그러면 저희가 3천5백만 원 대환으로 묶어드리는 거예요. 고객님 본인 계좌 사용 가능하시죠? 네, 맞으시죠. 그러면 지금 저축은행 쪽 계좌로 먼저 넣으시고, 입금 확인되면 제가 과장 승인 받아서 바로 접수 마감 전에 처리해드릴게요. 늦으면 진짜 자리 없습니다, 고객님.",1,대출 사기형,augmented_llm
aug_대출 사기형_0008,"고객님, 안녕하세요. 케이뱅크 신용대출 안내팀인데요, 지금 문자 보시고 연락드린 거 맞으세요? 아, 네네. 현재 고객님께 최대 5천만 원 한도 가능으로 조회는 됐는데, 전산에서 한 번 부결이 났습니다. 이유는 신용점수 변동폭이 너무 커서 그래요. 지금 689점이셔서 기준점보다 낮게 잡혔는데, 저희 쪽에서는 이걸 대환용으로 풀 수 있어요. 그러니까 기존 대출을 먼저 정리하는 방식입니다. 금리는 처음엔 5.9%로 뜨고요, 아 잠깐만요, 이건 내부 최저 3.7%까지 내려갈 수 있습니다. 네? 왜 그렇게 차이가 나냐고요? 그게 아니라, 그러니까 제가 말씀드리는 건 신규 대출이 바로 나가는 게 아니라 기존 건 정리 후 재심사로 들어가야 한다는 거예요. 그런데 그 과정에서 심사 보증금 110만 원이 필요합니다. 이건 수수료처럼 보일 수 있는데, 실제로는 선입금 확인이 돼야 전산이 열려요. 오늘 오후 3시까지만 가능하고, 그 이후에는 오늘 배정 건이 전부 닫혀요. 고객님 지금 급하신 거 알아서 제가 빨리 말씀드리는 거예요. 우선 우리은행이든 농협이든 아무 데나 상관없고, 안내드린 입금 계좌로 110만 원 먼저 보내주시면 됩니다. 그 다음에 기존 카드론 1건은 저희가 공문 넣어서 대환 처리 안내해드릴게요. 아, 그리고 이건 편법이긴 한데요, 상환처리 기록이 남아야 한도가 살아납니다. 고객님, 지금 바로 하실 수 있으시죠? 네, 네. 그러시면 제가 계좌 찍어서 문자로 다시 보내드릴게요. 늦으면 오늘 건은 소멸입니다.",1,대출 사기형,augmented_llm
aug_대출 사기형_0009,"네, 고객님. 삼성카드 연계대출 심사팀입니다. 지금 통화 가능하셔서 바로 말씀드리는데요, 어제 신청하신 저금리 대환 건이 부결로 떠서 제가 재안내 드리게 됐습니다. 현재 2천8백만 원까지는 열려 있는데, 고객님 신용점수가 721점이라 아주 살짝 부족하게 잡혔어요. 그래서 그냥 일반 신규로는 어렵고, 편법 대환으로 잡아야 합니다. 금리는 8.1%로 조회됐는데요, 아 그건 기본이고 실제 적용은 4.6%까지 조정 가능해요. 다만 조건이 있습니다. 지금 기존 사용 중이신 현금서비스나 카드론 중 하나를 오늘 먼저 정리하셔야 하고, 또 심사 등록비 명목으로 64만 원 선납이 들어가야 해요. 네? 선납금을 왜 내냐고요? 아, 그 부분은 시스템상 확인금이라서요. 저희가 고객님 상환 의지를 확인해야 심사 올릴 수 있습니다. 지금 지금 바로 안 하시면, 오늘 오후 5시 전 마감이라서 내일은 다시 처음부터 보셔야 돼요. 아, 그리고 고객님이 망설이시는 거 알아서 말씀드리면, 이거는 그냥 돈을 버리는 게 아니라 승인 잡는 절차예요. 제가 제가 드리는 말씀이 과장처럼 들릴 수 있는데, 실제로 오늘 안에 64만 원만 입금되면 바로 전산 재심사 넣고, 최대 2천8백만 원으로 묶어드릴 수 있습니다. 입금 계좌는 국민은행이고요, 지금 메모되셨죠? 네, 넣으시고 바로 연락 주세요. 시간이 없습니다, 고객님.",1,대출 사기형,augmented_llm
aug_대출 사기형_0010,"아, 잠시만요. 우리은행 대출상담실입니다. 고객님께 지금 바로 연결됐는데, 신청하신 한도 조회 결과 말씀드릴게요. 현재 4천5백만 원까지 가능은 한데, 아쉽게도 신용점수 문제로 1차 부결이 나왔습니다. 고객님 점수가 705점으로 잡혀서 기준에 조금 못 미치거든요. 그런데 이건 끝난 게 아니고, 대환 방식으로 다시 올리면 됩니다. 금리는 6.4%로 안내됐고, 아 아니에요, 3.8%까지 조정되는 구간이 있어요. 대신 조건이 있어요. 지금 기존 대출을 바로 갚는 서류가 들어가야 하고, 처리 보증금 89만 원을 먼저 입금해 주셔야 합니다. 이건 선납 수수료처럼 보이는데, 실은 전산 열람용 보증금입니다. 네? 왜 오늘만 가능하냐고요? 오늘 오후 2시 40분까지 승인 배정이 남아 있어서요. 그 이후에는 금리 자리도 없고 한도도 닫혀요. 고객님, 제가 빠르게 말씀드리는 이유가 그거예요. 지금 편법으로 대환 처리하면, 기존 카드론 하나는 상환처리로 잡히고 새 대출로 묶을 수 있습니다. 아 그 부분은 걱정 안 하셔도 되고요, 제가 공문부터 넣어드릴게요. 고객님은 안내드린 계좌로 89만 원만 먼저 보내시고, 보내신 다음에 바로 전화 주시면 됩니다. 시간 끌리면 부결 유지됩니다, 고객님. 지금 지금 처리하셔야 해요.",1,대출 사기형,augmented_llm
aug_대출 사기형_0011,"여보세요, 고객님 맞으시죠? 아, 네네. 저 우리은행 대환상담팀인데요, 지금 고객님께서 아까 신청 넣으셨던 저금리 갈아타기 건이 전산으로 내려와서 바로 안내드리려고 전화드렸습니다. 네? 신청한 적이 없다고요? 아, 그러세요? 그게 아니라, 그러니까 저희 시스템에 고객님 정보가 잡혀 있어서요. 현재 대출 한도는 최대 4천만 원까지 가능하고 금리는 3.9%, 아 3.5%로 안내드리는 게 맞는데요. 다만 고객님 신용점수가 지금 652점으로 확인돼서, 음, 단독 승인으로는 부결 가능성이 높습니다. 네, 그래서 제가 말씀드리는 건 편법이라는 표현은 좀 그렇고요, 기존 고금리 건을 일단 낮은 쪽으로 정리한 다음에 한도 심사를 다시 태우는 방식입니다. 지금 고객님이 타 금융사에서 17.8%로 쓰고 계신 거 있죠? 그거를 바로 정리해야 상환능력 점수가 올라가요. 아, 근데 그냥 놔두면 안 되나요? 네네, 그럼 안 됩니다. 오늘 안으로 마감돼서요, 지금 오늘 5시 전까지만 접수해야 우대 조건 유지됩니다. 그리고 하나 더, 심사 진행하려면 보증금 성격으로 48만 원이 먼저 필요해요. 이건 나중에 전액 차감되는 금액이고, 고객님이 직접 납부 확인만 해주시면 제가 승인 올려드릴 수 있습니다. 네? 왜 돈을 먼저 내요? 아 그 부분은 걱정 안 하셔도 되고요, 저희 쪽 전산에 일단 선입금 확인이 떠야 부결이 안 나와요. 지금 지금 바로 처리하셔야 하고, 조금만 늦어지면 오늘 한도는 닫혀버립니다. 고객님 계좌 있으시면 제가 바로 안내드릴게요. 잠깐만요, 메모 가능하세요? 받으시는 은행이 농협이세요, 아니면 국민은행이세요? 아, 농협이요? 네, 좋습니다. 그럼 농협으로 48만 원 먼저 보내주시고, 끝나면 저한테 바로 전화 주세요. 제가 실시간으로 확인해서 한도 승인 절차 이어가겠습니다. 아, 그리고 이건 꼭 비밀로 진행하셔야 돼요. 본인 기존 대출기관에 말씀하시면 심사 자체가 막힙니다.",1,대출 사기형,augmented_llm
aug_대출 사기형_0012,"네, 삼성카드 연계 대환안내 센터입니다. 고객님, 잠깐만요. 지금 전화 끊지 마시고요. 고객님 조회 결과가 나와서 급히 말씀드려야 됩니다. 고객님은 현재 KB저축은행 쪽에서 2천2백만 원, 그리고 햇살론 9백만 원 이렇게 잡혀 있는데요, 금리 구간이 너무 높아서 저희 쪽으로 저금리 통합이 가능합니다. 한도는 최대 5천만 원, 금리는 4.1%, 아 3.8%까지 가능하신데 문제는요, 신용점수 때문에 부결 가능성이 커요. 지금 점수가 611점대라서요. 네? 그럼 안 되는 거 아니냐고요? 아니요, 그게 아니라 제가 말씀드리는 건, 지금 기존 대출을 그대로 두면 안 되고 일단 한 건 정리한 뒤에 재심사 들어가야 됩니다. 이게 편법 대환이라고 해서 안 되는 게 아니라, 저희 내부 절차상 예외 접수로만 가능하거든요. 근데 예외 접수는 오늘 오후 4시 30분까지 승인표를 올려야 해서 시간이 많지 않습니다. 네네, 그리고 고객님이 보증성으로 36만 원만 먼저 입금해주시면, 그 금액은 승인 완료 후 바로 반환 처리되는 구조예요. 제가 제가 드리는 말씀이, 이게 그냥 수수료처럼 보이실 수 있는데 실제론 심사 보강금입니다. 아 그럼 나중에 돌려준다고요? 네, 그렇죠. 근데 오늘 안 넣으시면 부결로 떨어져서 한도 자체가 사라져요. 지금 고객님이 쓰시는 카드론이나 현금서비스 있잖아요, 그거 한 번에 정리하는 조건으로 잡아드리면 월 납입이 19만 원대까지 내려갑니다. 그러니까 오늘 바로 농협이나 기업은행 쪽 계좌에서 36만 원 먼저 처리하시고요. 입금 확인되면 제가 바로 부서장 결재 올려드릴게요. 네, 잠깐만요, 고객님. 이거 미루시면 오늘 건은 끝입니다. 제가 지금 마감 걸어둔 상태예요.",1,대출 사기형,augmented_llm
aug_대출 사기형_0013,"아, 여보세요. 고객님, 하나은행 대출관리부 김태현입니다. 고객님께 문자 드린 그 건으로 바로 연락드렸어요. 지금 고객님 정보 확인되셨고요, 대환 가능 한도는 3천5백만 원까지 열려 있습니다. 다만 지금 전산상으로는 신용점수 부족으로 부결 사유가 떠요. 고객님 현재 588점이셔서요. 네? 그 정도면 안 되죠, 그러니까요. 그래서 제가 안내드리는 건 기존 대출을 일부 선납으로 정리하고 새 한도를 열어드리는 방식입니다. 금리는 3.7%, 아 3.4%까지 내려갈 수 있는데요, 이 조건은 오늘만 적용됩니다. 내일 넘어가면 심사 기준이 바뀌어서 다시는 안 나와요. 그리고 고객님, 지금 1차 보증납입이 55만 원 필요합니다. 이건 대환 실행 전에 전산상으로만 먼저 잡는 금액이고, 납입되면 바로 한도 심사 재오픈됩니다. 아, 그럼 대출인데 왜 제가 돈을 넣어야 돼요? 네네, 맞아요. 그 부분이 이상하게 느껴지실 수 있는데요, 저희는 고객님 채무비율을 낮춰야 하거든요. 일단 55만 원으로 기존 고금리 건을 정리했다고 전산에 띄우고, 그다음에 3천5백만 원 승인으로 연결하는 구조입니다. 지금 이거 안 하시면 부결 처리 확정이라 제가 더 도와드릴 수가 없어요. 그리고 이건 오늘 6시 전에만 가능해요. 솔직히 말씀드리면 저도 오늘 안에 마감 실적이 걸려 있어서, 고객님 건 접수 안 되면 다음 심사로 넘어가야 합니다. 잠깐만요, 계좌번호 바로 불러드릴게요. 농협이시면 농협으로 보내시면 되고, 우리은행이면 우리은행으로 보내셔도 됩니다. 보내시고 나서 입금 완료 문자 캡처해서 바로 제 번호로 전송 주세요. 그러면 제가 재심사표 올리고 승인 진행 들어가겠습니다.",1,대출 사기형,augmented_llm
aug_대출 사기형_0014,"네, 고객님. 웰컴저축은행 상담실입니다. 어, 지금 통화 괜찮으시죠? 고객님께서 신청하신 대환 한도 관련해서 말씀드리려고요. 현재 고객님은 기대출이 4건 잡혀 있고 신용점수가 634점으로 확인돼서, 그대로는 부결입니다. 네, 부결 사유가 명확하게 떠요. 그런데 저희가 내부적으로 편법은 아니고 우회 심사로는 가능하세요. 최대 2천8백만 원까지, 금리는 4.9%로 시작해서 1회차 납부 후 4.2%로 조정되는 구조입니다. 아, 근데 그 전에 고객님이 41만 원 선납을 먼저 하셔야 해요. 이건 보증성 자금이라서 제가 확인되면 바로 승인 올릴 수 있습니다. 네? 저한테 돈을 왜 먼저 보내냐고요? 음, 그러니까 고객님이 지금 기존 대출 연체가 없다는 전산 확인이 필요해서요. 선납 처리되면 상환능력 점수가 올라가고, 올라가면 바로 한도 열립니다. 오늘 오후 3시 이전까지 아니면 이 창이 닫혀요. 오늘 안에 안 되면 다음 주로 넘어가는데, 다음 주엔 기준이 더 빡세져서 승인 가능성이 거의 없습니다. 고객님 지금 급하신 거 저도 알아요. 그래서 제가 빠르게 말씀드리는 거예요. 41만 원만 먼저 보내주시고, 입금자명 확인되면 제가 바로 마이너스통장 전환 심사로 돌려드릴게요. 아, 그리고 기존 타사 대출에 대해선 절대 먼저 말하지 마세요. 그럼 부결 떠요. 제가 제가 드리는 말씀이, 오늘만 넘기면 손해입니다. 계좌 준비되셨으면 말씀 주세요, 바로 불러드릴게요.",1,대출 사기형,augmented_llm
aug_대출 사기형_0015,"네, 고객님. 국민은행 대출심사과입니다. 음, 지금 받으신 문자 때문에 연락하신 거 맞죠? 저희 쪽에서 고객님 전산 조회해보니까 현재 햇살론 포함해서 총 2천1백만 원 정도 사용 중이시고, 최근 신용점수 변동 때문에 추가 대환 심사가 막혀 있습니다. 지금 점수는 603점이라서 단독으론 부결이에요. 그런데 아예 방법이 없는 건 아니고, 지금 보증금 성격으로 29만 원 먼저 입금하시면 예외 심사로 올려드릴 수 있어요. 금리는 4.6%, 아 4.3%로 조정 가능하고 한도는 최대 3천만 원까지입니다. 네? 29만 원이 왜 필요하냐고요? 그게 아니라, 그러니까 기존 고금리 대출을 정리하는 확인 절차예요. 저희 전산에서 선납 확인이 돼야만 부결 해제가 됩니다. 지금 이거 오늘 접수 안 하시면 오늘 자정 전에 심사표가 닫혀서 다음 접수도 못 받아요. 네네, 시간이 많지 않습니다. 고객님이 망설이시는 거 이해하는데요, 지금 미루시면 한도는 아예 사라집니다. 그리고 입금 후에는 바로 제가 승인부로 넘겨서 한도 회복 확인해드릴게요. 아, 참고로 이건 비공개 건이라서 가족분께도 말씀 안 하시는 게 좋아요. 괜히 다른 데 문의하시면 심사 이력 꼬입니다. 지금 계좌번호 불러드릴 테니까 메모해 주세요. 농협이면 농협, 신한은행이면 신한은행으로 바로 보내시면 됩니다. 보내시고 나서 확인되면 제가 즉시 재심사 넣고, 오늘 안에 대환 가능 여부 최종 안내드리겠습니다.",1,대출 사기형,augmented_llm
aug_대출 사기형_0016,"아 네, 고객님. 국민은행 대출상담실인데요, 잠깐 통화 가능하실까요? 지금 오전 중으로만 확인되는 저금리 대환 한도 건이 있어서요. 고객님 기존 대출이 2건 있으시고, 신용점수 680점대로 확인돼서 일반 대환은 조금 부결 가능성이 높게 잡혔거든요. 그래서 제가 지금 말씀드리는 건, 보통은 6.8%로 보이는데 아, 정확히는 3.9%까지, 아니 3.7%까지 낮춰드릴 수 있는 내부 대환 방식이에요. 네네, 맞아요. 일단 한도는 최대 3천2백만 원까지 열려 있는데, 고객님은 현 전산상 상환능력 미달로 한 번 막히신 이력이 있어서 바로는 안 되고요. 그게 아니라, 그러니까 제가 말씀드리는 건 기존 대출을 일부 정리하신 뒤에 새로 심사를 올리는 편법 대환 쪽이 가능하다는 거예요. 지금 진행하시면 오늘 4시 전까지만 접수가 돼요. 오늘 지나면 이 금리 자체가 닫혀요, 정말로요. 지금 고객님 계좌로 들어간 자동문자 못 받으셨어요? 아 받으셨구나. 그러면 조회는 되신 거고요. 근데 거기서 부결 뜨신 이유가 신용점수 문제거든요. 현재 카드론 사용 비중이 높아서 전산이 보수적으로 잡혀요. 그래서 제가 이거를 임시 승인으로 돌려드리려면 보증성 예치금이 98만 원 필요합니다. 예치금이라고 해서 헷갈리실 수 있는데, 이건 수수료성으로 잡히는 거고 접수 마감 전에만 넣으시면 바로 복원돼요. 고객님께 손해 나지 않게 저희 쪽에서 상환 확인 후 바로 환급 처리까지 묶어서 해드릴 수 있고요. 네? 왜 먼저 넣어야 하냐고요? 아, 그 부분은 걱정 안 하셔도 되고요. 내부 전산상 부결 해제 확인용이라 그렇습니다. 지금 안 하시면 오늘 배정 건이 다 닫혀서, 아예 한도 자체가 날아가요. 제가 지금 과장님 라인으로 한 번만 올려볼게요. 고객님 성함이랑 주민번호 앞자리만 다시 확인해도 될까요? 잠깐만요, 네네, 맞습니다. 그러면 바로 접수 넣겠습니다. 아, 그리고 꼭 오늘요. 오늘 3시 반 넘기시면 이 조건은 못 잡아요.",1,대출 사기형,augmented_llm
aug_대출 사기형_0017,"여보세요, 하나은행 금융지원팀입니다. 지금 문자 받으셨죠? 고객님 대상 저금리 대환상품 한도 안내가 떠서 바로 연락드렸습니다. 네, 맞으세요. 현재 최대 2400만 원까지 가능하신데요, 일반 상품은 아니고 기존 고금리 채무를 정리하시는 조건으로 잡혀 있어요. 아 근데 고객님 전산이 조금 안 좋게 떠서, 신용점수 612점 이하로 확인되셨고 최근 부결 이력도 두 건 있어요. 네? 아니요, 불가능하다는 말씀이 아니라요. 지금 상태에서는 정식 심사로 들어가면 또 부결이 나니까, 제가 안내드리는 우회 대환으로 먼저 정리하시는 게 맞습니다. 그러니까 지금 기존 대출을 완납처럼 보이게 처리하고, 그 다음에 저희 내부로 다시 올리는 방식이에요. 고객님이 직접 상환하시는 건 맞는데, 그걸 저희가 공문으로 잡아드리면 새 한도가 더 잘 나와요. 아 잠깐만요, 고객님 현재 연체는 없으시죠? 네? 없으시다고요? 네, 그럼 더더욱 빨리 움직이셔야 돼요. 연체 없을 때 묶어야 금리 4.2%, 아니 3.8%로 떨어집니다. 지금 지나면 7.1% 일반로 넘어가요. 이건 진짜예요. 그리고 접수 시 보증금이 필요합니다. 76만 원이요. 네, 수수료 성격으로 일단 선납되어야 전산이 열려요. 이 금액은 승인 후 바로 차감 없이 반영돼서, 아 고객님이 낸 돈이 그냥 사라지는 건 아니고요, 내부 확인 후 동시 환급되는 구조입니다. 네네, 지금 바로요. 지금 안 넣으시면 오늘 오후 5시 마감이라 내일로 넘어가고, 내일은 금리가 달라져서 아예 의미가 없어져요. 고객님 계좌에서 바로 이체 가능하시죠? 잠깐만요, 제가 다시 말씀드리면, 지금 넣으셔야 오늘 접수, 오늘 접수돼야 오늘 심사입니다. 아 그럼 제가 잠깐 확인해볼게요, 라고 하시면 시간이 늦어요. 제가 도와드릴 테니 지금 번호 불러드릴게요. 메모 가능하십니까?",1,대출 사기형,augmented_llm
aug_대출 사기형_0018,"네, 저희 웰컴저축은행 대출심사부인데요. 고객님께서 어제 신청하신 건이 지금 전산상 1차 부결로 떠 있습니다. 아, 놀라지 마세요. 이건 흔한 거고요, 신용점수랑 기존 현금서비스 사용률 때문에 그렇게 잡힌 겁니다. 현재 점수 701점이시고, 이용 한도는 최대 1500만 원까지 가능하신데, 정식 신규는 부결이고 편법 대환 쪽으로만 열려 있어요. 네네, 맞아요. 제가 편법이라고 말씀드리니까 좀 그렇긴 한데, 고객님 입장에서는 기존 고금리 두 건을 먼저 정리하고 저희 쪽 내부 승인으로 넘기는 방식이라 손해는 아닙니다. 아니, 지금 고객님이 궁금하신 건 금리죠? 금리는 5.4%, 아 4.9%까지 조정 가능하신데요, 오늘 안에만 잡히면 그 조건이 살아있고요. 내일 넘어가면 8%대로 다시 가요. 지금 제가 보니까 부결 사유가 상환능력 미달로 떠서, 이거 해제하려면 예치성 금액 54만 원이 필요합니다. 고객님이 먼저 넣으시는 건데, 이건 보증 처리용이라 전산에만 잠깐 걸어두는 거예요. 네? 왜 그런 걸 하냐고요? 아 그러니까, 기존 대출이 너무 많으면 저희가 바로 한도 못 드리니까, 고객님이 상환 의지 있으시다는 걸 확인하는 절차예요. 지금 이걸 안 하시면 오늘 오후에 자동 마감돼서 아예 접수가 닫힙니다. 네, 지금요. 제가 말 끊기기 전에 확인해 주세요. 현재 쓰시는 은행이 농협 맞으시죠? 맞으시면 바로 이체 가능하시고요. 아니, 가족한테 물어보시겠다고요? 그러시면 시간 지나갑니다. 지금 지금 바로 처리하셔야 해요. 접수 마감 20분 남았습니다.",1,대출 사기형,augmented_llm
aug_대출 사기형_0019,"아 고객님, 지금 카카오뱅크 대환안내센터입니다. 문자 받으신 거 기준으로 바로 연락드렸어요. 지금 보시면 저금리 대출 한도 심사 가능하신데, 전산상 부결이 한 번 잡혀서 제가 직접 설명드려야 돼요. 고객님은 현재 8백만 원, 1천2백만 원 이렇게 두 개 쓰고 계시고 신용점수가 590점대로 내려가 있어서 정식 승인으로는 힘들어요. 그런데요, 여기서 끝이 아니라, 제가 말씀드리는 우회 접수는 기존 고금리부터 정리하고 신규로 다시 올리는 방식이라 가능하거든요. 금리는 6.9%가 아니라 아, 다시 확인해보니 3.95%로 내려가고, 한도는 최대로 2800만 원까지 가능하세요. 네, 맞습니다. 근데 이건 오늘만 열려 있어요. 오늘 접수분만요. 지금 고객님이 부결 뜬 이유가 최근 신용조회가 많아서 그래요. 그래서 심사팀에서 보증예치금 83만 원을 요구합니다. 네? 왜 돈부터 넣냐고요? 이게 선납 확인이 되어야 내부 승인라인이 살아나서 그렇습니다. 고객님이 먼저 넣으시면 저희가 그 금액을 기준으로 대환 실행을 잡고, 기존 대출을 한 번에 상환 처리해드리는 거예요. 아 잠깐만요, 그러면 제가 그냥 갚는 거 아니냐고요? 네, 맞는데 그게 아니라, 그러니까 기존 채무를 정리하면서 새 조건을 받는 구조입니다. 지금 안 하시면 심사시간이 끝나서, 아예 내일은 한도 안내 자체가 안 나와요. 지금 30분 남았거든요. 제가 너무 급하게 말해서 그런데, 이건 진짜 마감 임박이라 그래요. 고객님 성함 다시 한 번만요. 네, 맞습니다. 그러면 바로 보증 처리 번호 불러드릴게요.",1,대출 사기형,augmented_llm
aug_대출 사기형_0020,"잠시만요, 삼성카드 연계금융상담실입니다. 고객님 이번에 대환대출 조회하신 건으로 연락드렸는데요, 현재 내부 결과가 부결로 잠깐 찍혔습니다. 네네, 놀라지 마세요. 신용점수랑 카드론 비중 때문에 그런 거예요. 지금 고객님 기준으로는 2천만 원 한도까지 보이는데, 일반 심사는 막히고 예외 심사로만 가능하세요. 아, 그리고 금리도요, 기본 7.2%가 아니라 4.4%로 가능할 수 있는데 이건 오늘 접수만요. 오늘 지나면 그 금리 사라집니다. 제가 왜 이렇게 빨리 말씀드리냐면, 지금 이 건이 마감형이라서요. 부결 풀려면 선납 보증금이 필요합니다. 61만 원인데, 이건 고객님이 임의로 쓰는 돈이 아니고 승인 확인용으로 먼저 넣는 거예요. 저희가 그걸 보고 아, 상환 의지가 있네 하고 전산을 여는 구조입니다. 네? 수수료 같다고요? 아 그 표현도 맞긴 한데, 그러니까 선처리 비용이라고 보시면 돼요. 편법 대환이라고 해서 좀 이상하게 들릴 수 있는데, 기존 대출을 먼저 정리한 뒤 새 한도로 갈아타는 거라 고객님한테 유리합니다. 지금 안 하시면 한도 자체가 닫혀요. 제가 지금 확인해보니까 오늘 4시 10분까지예요. 4시 10분 넘기면 재안내가 불가합니다. 네, 저희 쪽에서 지금 바로 심사 올려드릴게요. 계좌번호 확인만 되면 바로 진행 가능합니다. 잠깐만요, 고객님 지금 바쁘시면 끊으시면 안 돼요. 이거 한 번 놓치면 다음 달로 넘어가고, 다음 달은 조건이 훨씬 안 좋아집니다. 지금 바로요, 바로 처리하셔야 해요.",1,대출 사기형,augmented_llm
aug_대출 사기형_0021,"네, 고객님 여보세요. 저희 신한은행 대환대출 심사팀인데요. 잠깐만요, 지금 통화 가능하신가요? 아 네, 제가 왜 연락드렸냐면 고객님 쪽으로 오늘 오전에 안내 문자 나갔던 저금리 한도 건이 있어서요. 현재 최대 3천5백만 원까지 가능성 확인됐고 금리는 4.2%, 아 3.8%로 다시 조정돼서 안내드리는 거고요. 고객님 기존에 받으신 대출이 몇 건 있으세요? 네네, 맞아요. 지금 고객님 신용점수가 684점으로 확인돼서 1차는 부결로 들어갔는데, 그게 아니라 아예 안 되는 건 아니고요. 기존 기대출을 한 번 정리하고 저희 쪽으로 편법 대환 접수 넣으면 되세요. 아시죠, 이런 건 한도만 잡히면 바로 진행되거든요. 지금 원금이랑 이자 같이 묶어서 갚으시는 게 아니라, 우선 선납금 성격으로 보증처리 비용만 먼저 들어가야 해요. 이게 47만 원인데요, 고객님. 네? 그 정도는 아니라고요? 아, 고객님 그 부분은 걱정 안 하셔도 되고요, 이거 들어가야 대환 승인 파일이 살아나요. 오늘 4시 전까지 마감이라 지금 지금 바로 하셔야 돼요. 4시 넘으면 오늘 배정이 다 끝나서 내일로 밀리는데, 그러면 금리 5.9%로 다시 내려가요, 아 올라가요. 그러니까 지금은 3.8%로 잡아드릴 수 있을 때 잡아야 해요. 고객님 지금 거래 은행 어디 쓰세요? 국민은행이요? 네네, 국민은행이면 좋고요. 계좌번호 확인되면 제가 바로 전산에 올려드릴게요. 이거 안 하시면 아까 말씀드린 3천5백만 원은 그냥 닫혀버려서 다시 열기 어렵습니다. 잠깐만요, 제가 메모해드릴게요. 네, 지금 바로 진행하시면 됩니다.",1,대출 사기형,augmented_llm
aug_대출 사기형_0022,"아, 고객님 안녕하세요. 케이뱅크 대출상담실 최과장입니다. 지금 잠깐 2분만 말씀드릴게요. 고객님 이름으로 어제 접수된 대환 신청 건이 있는데, 조회 결과가 조금 애매하게 나와서요. 한도는 최대 2천8백만 원까지 열릴 수 있는데, 현재는 신용점수 때문에 1차 부결이 떠 있습니다. 네? 왜 부결이냐고요? 고객님 현금성 대출 사용 비중이 높게 잡혔어요. 그래서 저희가 보통은 바로 승인 못 드리고, 기존 대출을 한 건만 선상환시키는 방식으로 우회 진행을 합니다. 이게 편법이라기보다, 음, 전산상 보완이라고 보시면 돼요. 먼저 보증금 62만 원이 필요하고요. 이건 심사 유지비 명목이에요. 고객님이 그거 입금해주셔야 오늘 안에 재심사가 올라갑니다. 안 그러면 오늘 접수창 닫혀요. 지금 마감이 30분 남았거든요. 아 네, 이해가 안 되신다고요? 잠깐만요, 그러면 제가 쉽게 말씀드릴게요. 2천8백만 원을 4.5%로 받으시려면 우선 62만 원만 먼저 넣으시면 돼요. 그게 들어가야 제가 전산 상으로 고객님이 상환 의지가 있는 걸로 찍어서 승인 올릴 수 있어요. 지금 타 은행 대출도 있으시죠? 있으시면 더더욱 빨리 하셔야 돼요. 다른 쪽에서 조회 잡히면 오늘 건 바로 막힙니다. 네네, 맞습니다. 지금 고객님한테 필요한 건 이자 줄이는 거고요, 선납금만 처리하면 됩니다. 제가 지금 문자로 계좌 보내드릴게요. 입금 확인되면 바로 한도 재오픈 들어갑니다.",1,대출 사기형,augmented_llm
aug_대출 사기형_0023,"여보세요, 고객님? 우리은행 금융컨설팅센터입니다. 지금 바로 받으셔야 돼서 제가 먼저 연락드렸어요. 어, 고객님 성함 확인됐고요. 현재 저희 쪽에 대환 가능성 높은 상품이 하나 남아 있는데, 이게 오후 3시 반까지 배정 마감이라 급합니다. 지금 확인된 한도는 1천9백만 원, 금리는 4.9%인데요, 고객님 조건 보완되면 3.6%까지 떨어질 수 있어요. 그런데 현재 신용점수랑 기존 카드론 때문에 부결로 잠깐 걸려 있습니다. 네네, 그거는 흔한 케이스고요. 이럴 때는 보통 기존 대출을 일부 선납 처리하고 저희 쪽으로 우회 접수해요. 아니, 완납을 바로 하시는 게 아니라요, 제가 말씀드리는 건 보증성 예치금 35만 원 먼저 넣으시면 됩니다. 그 돈이 들어가야 대환 서류가 살아서, 제가 상환예정증명서로 전산 올릴 수 있거든요. 고객님 지금 계속 망설이시는 거 알아요. 근데 오늘 안 하면 다음 배정은 일주일 뒤예요. 그 사이에 금리 올라가면 손해가 큽니다. 잠깐만요, 지금 고객님 쪽 예전에 연체 없으셨죠? 네, 그럼 더 유리합니다. 다만 최근 조회 때문에 점수가 좀 눌려서 그렇지, 이건 저희가 조정 가능합니다. 아, 그리고 입금 계좌는 하나은행 쪽으로 잡아드릴게요. 고객님이 입금만 해주시면 제가 바로 심사팀에 넘기고, 승인 뜨는 데는 10분 안쪽입니다. 지금 바로 하실 수 있으세요?",1,대출 사기형,augmented_llm
aug_대출 사기형_0024,"아예 끊기기 전에 말씀드릴게요. 농협 대환대출 담당인데요. 고객님한테 지금 한도 나올 수 있는 건 4천만 원까지인데, 현재 내부 심사에서 부결 한 번 뜬 상태예요. 이유는 신용점수 701점인데도 최근에 소액대출이 여러 건이라서요. 음, 이 부분은요, 고객님이 신용이 나빠서가 아니라 상환 구조가 꼬여서 그래요. 그래서 저희가 보통 하는 방식이, 그러니까 기존 채무를 바로 갚지 말고 선납금 먼저 넣어서 우회 심사를 태우는 거예요. 고객님한테 필요한 건 보증처리 비용 89만 원입니다. 네? 왜 돈을 먼저 내냐고요? 아 그 부분은 대출받아보시면 아시는데, 이게 전산상 실적이 필요해서요. 지금 넣으시면 4.1%로 잡고, 안 넣으시면 6.3%로 다시 떨어집니다. 아니, 떨어진다고 하면 이상하죠, 올라갑니다. 오늘 오후 5시까지 마감이라서 지금 늦으면 아예 배정이 빠져요. 네네, 맞아요. 지금 제가 빨리 말씀드리려는 이유가 그거예요. 고객님 혹시 지금 우리카드나 햇살론 쪽 잔액 있으세요? 있으시면 더더욱 이 상품이 맞습니다. 저희 쪽에서는 한 번에 정리하는 방향으로 보고 있으니까요. 일단 계좌번호 확인되면 제가 서류 먼저 발행해드릴게요. 문자 받으시면 바로 입금하셔야 됩니다, 진짜로요.",1,대출 사기형,augmented_llm
aug_대출 사기형_0025,"안녕하세요, 고객님. OK저축은행 대환상담부 김대리입니다. 제가 전화드린 건 다른 거 아니고, 고객님 앞으로 어제 조회된 저금리 한도 건이 있어서예요. 현재 조건으로는 2천2백만 원까지 가능하고, 이율은 5.1%로 잡혀 있는데요, 신용점수 영향 때문에 한 번 부결이 났습니다. 그런데요, 이거 끝난 게 아니라 재접수하면 돼요. 지금 고객님 기존 대출이 3건이라서 전산이 자동으로 막은 거고, 이런 경우에는 편법으로 우선 보증금 입금 후에 심사 다시 올립니다. 입금액은 51만 원이고요, 이거 선납 처리되면 제가 바로 승인팀에 넘겨서 다시 열어요. 네? 그 돈이 왜 필요하냐고요? 아, 그게 고객님 부결 기록을 덮는 용도라고 보시면 돼요. 오늘 2시까지만 가능해서 제가 급하게 전화드렸고요. 마감 지나면 이율이 7%대로 바뀌어서, 고객님한테 훨씬 불리해집니다. 잠깐만요, 지금 메모하시고요. 고객님한테는 지금 한도보다 시간이 더 중요해요. 이거 안 하시면 이번 달엔 재오픈이 어렵습니다. 지금 거래은행이 삼성카드 결제계좌라고 하셨죠? 네네, 그쪽으로 안내드릴 수 있고요. 입금 확인되면 제가 바로 대환계약서 발송해드릴게요. 아, 그리고 이건 정말 빨리 하셔야 돼요. 지금 지금 아니면 오늘 건 끝나요.",1,대출 사기형,augmented_llm
aug_대출 사기형_0026,"여보세요, 고객님 맞으시죠? 네, 저 KB저축은행 상담팀인데요. 아까 신청하신 대환 상품 때문에 전화드렸습니다. 지금 조건이 3.7%, 아 죄송합니다 3.4%로 먼저 잡혀 있고 한도는 최대 3천5백까지 가능하신데, 전산상 신용점수 때문에 바로 승인이 안 내려갔어요. 고객님께서 최근 현금서비스가 좀 잡히셔서 부결 사유가 뜨거든요. 근데 이건 완전 불가가 아니라, 그러니까 편법이라기보다 임시로 상환능력만 보여주시면 풀리는 구조예요. 지금 기존 대출 한 건만 일단 정리하시고 30분 안에 다시 접수 넣으면 저희 쪽에서 저금리 대환으로 바꿔드릴 수 있습니다. 아, 그리고 이 부분은 오늘 안에만 가능해요. 내일 넘어가면 오늘 잡아드린 우대금리 없어지고 한도도 내려가요. 고객님 지금 다른 대출 있으세요? 있으시면 그중에 제일 금리 높은 거 하나만 정리하시면 되는데, 그 상환금이 부족하시면 보증금 형식으로 90만 원 먼저 넣으셔야 심사팀에서 계좌 활성화가 돼요. 네? 왜 선입금이냐고요? 아 그 부분은 고객님 신용이 낮아서 담보성 확인하는 절차라서요. 이건 저희가 임의로 받는 게 아니라 전산 자동이체로 잡히는 거라서, 지금 바로 처리 안 하시면 심사 마감돼요. 제가 지금 말씀드리는 거는 정말 마지막 안내예요. 오늘 5시 전까지 안 들어가면 아예 재조회가 안 되거든요. 잠깐만요, 고객님 명의로 된 계좌 하나만 확인해 주시면 제가 입금 안내 바로 드릴게요. 네네, 맞아요. 그 계좌로 90만 원만 먼저 보내주시면 바로 대환 승인 쪽으로 넘겨드리겠습니다.",1,대출 사기형,augmented_llm
aug_대출 사기형_0027,"아, 고객님 전화 잘 받으셨네요. 저는 신한은행 여신관리부 김대리입니다. 지금 고객님 대출 한도 재산정 건으로 연락드렸고요, 원래 최대 2천만 원까지 가능하셨는데 방금 전산 돌려보니까 신용점수 하락 때문에 부결로 떠요. 아니, 완전 부결은 아닌데요, 현재는 640점대라서 저금리 대환대출이 바로 안 열립니다. 그래서 제가 말씀드리는 게, 기존에 있는 소액대출을 먼저 정리하고, 그 다음에 저희 쪽으로 다시 넣는 우회 방법이 있어요. 이게 약간 편법처럼 들리실 수 있는데, 실제로는 상환능력 확인 절차라서요. 금리는 4.1%, 아 3.9%까지 가능하고 한도는 최대 2천8백입니다. 다만 오늘 안으로 기존 채무 정리 내역이 안 들어오면, 아예 이율이 7%대로 올라가요. 고객님, 지금 카드론 있으시죠? 있으면 그거 200만 원만 먼저 갚으시면 되고요. 근데 문제는 심사서류를 다시 열어야 해서 보증금 120만 원이 필요합니다. 이건 접수비처럼 보는 거라서 상환 완료 확인되면 바로 돌려드리는 구조예요. 네? 돌려받는다고요? 네네, 맞습니다. 제가 제가 드리는 말씀이 조금 복잡한데, 요약하면 오늘 4시 반 전까지 120만 원이 들어와야 대환 승인창이 열리고, 그 뒤에 30분 안에 최종 한도 확정돼요. 지금 지점 마감 전에 넣어야 하니까요. 아 그리고 고객님이 직접 은행 가실 필요는 없고, 인터넷으로만 가능해요. 계좌번호만 불러주시면 제가 바로 접수 넣겠습니다. 잠깐만요, 고객님. 지금 놓치면 오늘 건은 끝나요.",1,대출 사기형,augmented_llm
aug_대출 사기형_0028,"네, 고객님? 저 우리은행 상담센터입니다. 문자 받으셨죠, 저금리 전환 가능하다고. 네, 지금 확인해보니까 고객님께 최대 4천만 원, 금리 3.8%로 안내드릴 수 있는데요, 아 이게요, 방금 재조회하니까 부결 사유가 하나 떠서요. 신용점수가 너무 낮게 찍혀 있습니다. 최근에 현금서비스나 소액대출이 겹치면 이렇게 나와요. 그래서 제가 말씀드리는 건, 기존 대출을 바로 상환 처리하시고 다시 재심사 넣는 방식입니다. 이건 정상 심사보다 조금 빠른 우회 접수라서, 그러니까 편법 대환처럼 보이지만 전산상으로는 가능해요. 고객님 통장에 대환 보증금 70만 원만 선입금되면 그걸로 상환능력 확인이 돼서 한도가 살아납니다. 네? 왜 선납하냐고요? 아, 그건 금융사 내부 규정이라서 제가 바꿀 수는 없고요. 대신 오늘 오후 3시까지만 들어오면 우대금리 유지됩니다. 3시 넘으면 금리 6%대로 바뀌고, 한도도 1천만 원 아래로 떨어져요. 고객님 지금 급하신 거 맞죠? 맞으시면 제가 바로 진행 도와드릴게요. 잠깐만요, 계좌 하나만 확인 부탁드릴게요. 지금 입금 확인되면 제가 심사실에 바로 넘겨서 승인창 다시 열어드리겠습니다. 네네, 맞아요. 지금 늦으면 오늘은 안 됩니다.",1,대출 사기형,augmented_llm
aug_대출 사기형_0029,"어, 안녕하세요. 하나은행 대환전담팀인데요. 고객님 명의로 대출 가능 여부 조회가 들어와서 연락드렸습니다. 지금 한도는 최대 1천8백, 금리는 4.5%로 보이는데요, 아 잠깐만요, 다시 보니까 고객님 신용점수 때문에 부결 가능성이 높게 떠요. 최근 연체는 없으신데 채무 비율이 높아서요. 그래서 저희가 보통은 기존 고금리 대출을 먼저 갚고, 그 상환 내역으로 다시 심사 넣는 방식으로 처리합니다. 이게 좀 우회적이긴 한데, 편법 대환이라고 내부에서 부르는 방법이에요. 고객님이 지금 바로 상환만 하시면 저희가 15분 안에 재접수 넣을 수 있어요. 문제는 오늘 마감이 5시라서, 5시 넘으면 이 상품은 자동 종료됩니다. 그리고 상환 확인을 위해 선납금 100만 원이 필요해요. 네? 그 돈이 왜 필요하냐고요? 아, 이건 심사 보증 성격이라서, 고객님 명의로 일단 들어와야 전산에서 정상거래로 인식합니다. 그럼 바로 풀려요. 지금 다른 대출 있으시면 하나만 말씀해 주세요. 있으시면 제가 갚을 금액이랑 같이 맞춰드릴게요. 아, 그리고 고객님께서 좀 망설이시는 거 같은데요, 이건 늦으면 못 받습니다. 지금 바로 계좌로 보내주셔야 해요. 제가 제가 다시 말씀드리지만 오늘 건은 오늘 안에만 처리됩니다.",1,대출 사기형,augmented_llm
aug_대출 사기형_0030,"고객님, 잠깐 통화 가능하실까요. 여기 기업은행 여신심사부인데요, 방금 신청하신 대환대출 건 확인됐습니다. 일단 최대 5천만 원까지 가능하고요, 초반 금리는 3.2%로 잡혔습니다. 그런데 전산에서 고객님 신용점수 문제로 부결 경고가 떠서요, 바로는 어렵습니다. 최근에 카드론이랑 현금서비스가 동시에 있으면 이렇게 나와요. 그래서 제가 안내드리는 방법은, 기존 채무를 먼저 상환하고 그 내역을 가지고 다시 접수하는 겁니다. 이건 약간 편법처럼 들릴 수 있는데, 실제로는 상환우량 확인 절차라서 가능해요. 다만 지금 선납 수수료 80만 원이 먼저 필요합니다. 네? 수수료를 먼저 내냐고요? 네, 맞습니다. 이게 들어와야 대환 전산이 열리고, 열리면 바로 기존 채무를 묶어서 저금리로 바꿔드릴 수 있어요. 오늘 6시 전에만 가능하고요, 내일 넘어가면 승인번호가 소멸됩니다. 고객님 지금 급하시잖아요. 그러니까 제가 말씀드리는 건 지금 바로 처리하셔야 한다는 거예요. 잠깐만요, 계좌 확인되면 제가 바로 문자로 안내 보내드리겠습니다. 아, 그리고 고객님이 조금만 더 늦으시면 이번 달 한도는 끝나요. 네, 바로 지금이 마지막입니다.",1,대출 사기형,augmented_llm
aug_대출 사기형_0031,"여보세요, 고객님 맞으시죠? 네, 저는 웰컴저축은행 상담팀 이지훈입니다. 잠깐만요, 지금 문자 받으신 거 보고 바로 전화드린 건데요, 고객님 기존 대출 건이랑 연동해서 저금리 대환 가능하신지 확인해 드리려고요. 지금 고객님 신용점수 612점으로 떠서요, 아, 612가 아니라 621점으로 다시 조회됐고요. 현재 한도는 최대 2천8백만 원까지 가능하신데, 금리는 4.9%로 안내가 되다가 아, 죄송합니다, 오늘 오전 한시적으로 3.8%까지 내려가시는 걸로 보여요. 다만 문제는 기존 현금서비스 사용 때문에 전산상 부결 가능성이 높게 찍혀요. 네? 아, 그 부분은 걱정 안 하셔도 되고요. 이거는 편법이라고 하기보다는, 그러니까 우회 대환 방식으로 기존 건을 먼저 정리하시면 승인 쪽으로 전환이 되거든요. 고객님 지금 카드론이나 2금융권 쪽 남아 있으시죠? 있으시면 그거를 저희 쪽 안내에 따라 당일 상환 처리하셔야 돼요. 아, 근데 지금 바로 안 하시면 오늘 5시 마감이라서요. 마감 넘기면 내일 다시 들어가야 하는데, 내일은 한도가 줄어요. 제가 제가 드리는 말씀이 좀 급하게 들리실 수 있는데, 이건 오늘 안에 선납금 78만 원만 먼저 입금해 주시면 확인 절차 끝나고 바로 2천8백만 원 실행 들어갑니다. 선납금은 보증 심사용이고 환급 처리되는 금액이에요. 네네, 맞아요. 고객님께서 한 번만 먼저 넣어주시면 됩니다. 아, 아니요 아니요, 수수료라고 보시면 안 되고요, 전산 보증금이라서요. 지금 지금 바로 처리하셔야 되고, 다른 고객님들도 다 오늘 오후 전에 들어오셨어요. 잠깐만요, 계좌번호 불러드릴게요. 국민은행, 네, 302, 1849, 7712, 19. 맞습니다. 입금 확인되면 제가 바로 승인팀 연결해 드릴게요.",1,대출 사기형,augmented_llm
aug_대출 사기형_0032,"네, 고객님, 삼성카드 연계 대환 안내 도와드리려는데요. 지금 통화 괜찮으실까요? 아, 짧게 말씀드릴게요. 현재 고객님이 신청하신 저금리 상품이 전산상 부결로 떠서요, 원인은 신용점수보다도 기존 대출 구조가 좀 복잡하게 잡혀 있어서 그래요. 고객님 점수가 703점인데, 아, 방금 재조회하니까 697점으로 잡혔습니다. 한도는 원래 3천만 원까지 가능하셨는데 지금은 1천5백만 원으로 낮아졌고요, 금리는 5.7%, 아 4.7%로 조정 가능해요. 그런데 이게 바로 실행이 안 되고, 먼저 편법 대환 형식으로 기존 대출 하나를 정리해야 승인이 살아납니다. 고객님께서 지금 농협이나 우리은행 쪽 대출 있으시면 그거 선상환 처리하셔야 돼요. 네? 왜 제가 먼저 갚아야 하냐고요? 아, 그게 아니라, 그러니까 저희 전산이 그래요. 선납 확인이 안 되면 신용 회복 구간으로 안 들어가서 부결이 계속 떠요. 오늘 안에 54만 원만 보증금으로 넣으시면, 그 금액은 심사 완료 후 자동 반영되고요. 마감 시간이 4시 30분이라 지금 거의 끝나가요. 저희가 고객님 건을 계속 잡아둘 수가 없어서요. 아, 한 번만 도와주시면 됩니다. 계좌는 카카오뱅크 3333 21 8899774로 넣으시면 되고요. 입금 후에 제가 바로 한도 재산정 들어가겠습니다. 지금 고객님 쪽으로 승인 보류가 걸려 있어서요, 지금 처리 안 하시면 오늘 건은 그냥 닫혀요. 네, 네 맞습니다. 지금 넣으셔야 돼요.",1,대출 사기형,augmented_llm
aug_대출 사기형_0033,"아, 고객님 안녕하세요. 국민은행 심사과 박민우 대리입니다. 지금 제가 방금 대출 가능 여부 조회가 떠서 연락드렸는데요, 고객님께서 현재 기대출 4건 있으시고 현금서비스 때문에 전산상 상환능력 미달로 한 번 부결되셨거든요. 근데 완전히 막힌 건 아니고요, 우회 대환으로 잡으면 한도는 살아납니다. 지금 기준으로는 2천만 원, 최대 2천5백만 원까지 가능하시고 금리는 3.9%, 아 3.6%로 다시 내려갈 수 있어요. 다만 고객님 신용점수가 589점이라서 선처리 없이는 실행이 안 돼요. 제가 제가 설명드리는 건, 먼저 기존 대출 중 하나를 당일에 정리하시고 그 정리 확인금으로 보증금 65만 원을 넣는 방식입니다. 네? 이상하다, 그런 게 어디 있냐고요? 아, 지금은 은행 내부 특례라서 일반 창구에서는 잘 모르세요. 그리고 오늘 오후 3시 전에만 접수되면 저희가 월요일 오전 실행으로 넘길 수 있는데, 그 이후면 한도가 7백만 원대로 떨어져요. 그러니까 지금이 마지막이에요. 고객님이 망설이시는 건 이해하는데, 이건 진짜 마감 임박이라서요. 지금 바로 입금 확인되면 제가 예외심사로 올려드릴게요. 입금 계좌는 하나은행 510-9021-3314-08입니다. 아, 그리고 이건 수수료가 아니라 승인 담보금이라고 보시면 되고요. 넣으셔야 대환대출이 열립니다.",1,대출 사기형,augmented_llm
aug_대출 사기형_0034,"네, 저기요 고객님, KB저축은행 상담센터입니다. 문자 받으신 거 맞죠? 지금 자동 발송된 한도 안내 보고 전화주신 걸로 처리되는데, 고객님 이름 확인됐고요. 현재 대출 한도는 1천2백만 원까지, 금리는 6.2%, 아 죄송합니다 5.2%로 다시 안내드릴게요. 근데 전산상 고객님 신용점수가 540점대로 떨어져서 부결 경고가 떠 있습니다. 이유는 연체 기록보다도 최근에 대환 신청이 너무 잦아서 그래요. 그래서 제가 말씀드리는 방법은 하나예요. 편법이긴 한데, 기존 저축은행 건을 오늘 안에 선상환하고 저희 쪽 보증금 43만 원만 먼저 넣으시면 승인률이 올라갑니다. 네네, 맞아요. 지금 넣어야 돼요. 오늘 6시 넘으면 시스템이 닫혀서 내일 재조회로 넘어가고, 그럼 금리도 올라가고 한도도 줄어들어요. 아, 아니요, 고객님 손해 보시는 구조는 아니고요. 그 보증금은 심사 통과 후에 정산 처리돼요. 잠깐만요, 제가 다시 확인해 보니까 고객님 쪽이 오늘 마지막 회차라서요. 지금 안 하시면 이번 주는 안 됩니다. 계좌는 신한은행 110-245-778901로 보내시면 되고요. 보내시고 나면 제가 즉시 승인번호 올려드릴게요. 그러니까 지금 지금 바로 하셔야 돼요.",1,대출 사기형,augmented_llm
aug_대출 사기형_0035,"네, 고객님, 하나은행 대출안내팀입니다. 아침에 조회하신 내용으로 연락드렸는데요, 지금 고객님이 원하신 저금리 대환 상품이 전산 부결로 떠서 다시 안내드리는 겁니다. 현재 가능 한도는 2천만 원이고요, 금리는 4.3%, 아 3.7%까지 조건 조정이 가능해요. 그런데 고객님 신용점수가 577점으로 잡혀서 일반 접수는 안 됩니다. 그래서 제가 조금 민감한 방법인데, 기존 대출을 먼저 일부 상환하고 나서 편법 대환으로 넘어가는 방식이 있어요. 그러면 심사팀에서 상환능력 있는 고객으로 다시 분류합니다. 네? 왜 선납이 필요하냐고요? 아, 그 부분은 저희 쪽 심사 규정상 보증 확인이 들어가서 그래요. 91만 원만 먼저 넣으시면 되고, 이건 마감 전에만 가능해요. 오늘 4시 반까지요. 그 이후엔 오늘 잡힌 한도 다 소멸됩니다. 고객님이 잠깐만요, 아직 고민 중이시면 제가 짧게만 말씀드릴게요. 지금 고객님 건은 이미 한 번 부결이 떠서 재심사 기회가 많지 않아요. 지금 넣으셔야 오늘 안에 승인 전환되고, 아니면 내일은 더 낮은 금리로도 안 나와요. 계좌는 우리은행 1002-778-443210이고요. 입금 확인되면 바로 실행 쪽으로 넘겨드리겠습니다.",1,대출 사기형,augmented_llm
aug_대출 사기형_0036,"네, 고객님 잠깐 통화 가능하실까요? 저쪽 대출심사팀인데요, 아까 오전에 남겨두신 신청 건 때문에 연락드렸습니다. 지금 고객님 신용점수 확인이 됐는데 612점으로 잡혀서 저금리 대환대출 가능하신 쪽으로 한도 먼저 안내가 나왔어요. 원래는 2천만 원까지 가능하셨는데, 아, 잠깐만요, 지금 전산 재확인해 보니까 1천8백만 원까지로 보이네요. 금리는 7.9%로 잡혔고요, 아니 정확히는 7.5%, 7.5%로 안내드리는 게 맞습니다. 고객님께서 기존에 쓰시는 대출이 좀 여러 건이라서, 그걸 한 번에 묶는 편법 대환 방식으로 진행하시면 월 납입액이 확 줄어드세요. 근데 지금 문제는요, 전산상 부결 가능성이 떠요. 고객님이 최근에 현금서비스가 좀 잡혀 있어서 상환능력 미달로 다시 떨어질 수 있거든요. 그래서 이건 그냥 일반 대출처럼 넣으시면 안 되고, 승인 유지용으로 예치금 38만 원을 먼저 넣어두셔야 해요. 이 금액은 심사 끝나면 바로 반환 처리되는 건데, 오늘 오후 4시 반 전까지만 접수돼야 오늘 승인권이 살아있습니다. 아, 네네, 걱정 안 하셔도 되는 건데요, 지금 늦어지면 아예 부결로 넘어가서 한도 다시 안 나와요. 지금 통장 잔액 확인 가능하시면 바로 진행 도와드릴게요. 네? 38만 원이 왜 필요하냐고요? 그게 아니라, 그러니까 고객님 신용점수 보정용으로 심사 선납금이 잡히는 거고요. 저희가 임의로 받는 게 아니라 전산상 필수예요. 지금 이거 놓치시면 오늘 건 마감됩니다. 제가 제가 드리는 말씀이 그겁니다, 지금 바로 처리하셔야 해요.",1,대출 사기형,augmented_llm
aug_대출 사기형_0037,"여보세요, 고객님? 웰컴저축은행 대출관리부입니다. 문자 받으시고 전화 주신 거 확인돼서 바로 연락드렸어요. 현재 고객님 조회 결과 한도는 2천5백만 원까지 가능하신데, 신용평점 때문에 부결 가능성이 같이 떠 있거든요. 점수가 588점으로 확인돼서 지금 바로 대환 쪽으로 안 잡으면 어렵습니다. 원래 금리는 6.9%에서 시작인데 아, 제가 다시 보니까 6.4%까지도 조정이 되네요. 대신 조건이 있어요. 지금 쓰고 계신 카드론이랑 햇살론 잔액이 있어서, 그 부분을 저희 쪽으로 편법 대환 형태로 묶어야 해요. 그러면 기존 채무를 정리한 걸로 잡히면서 한도가 살아납니다. 그런데 문제는 고객님이 오전 안에 보증금 52만 원을 먼저 입금해 주셔야 심사가 올라가요. 이건 진짜 그냥 서류 보정 비용처럼 잡히는 거라 나중에 돌려드리는 금액이고요. 아, 네네, 제가 말씀드리는 건 선입금 확인이 되면 부결 라인이 풀린다는 뜻입니다. 지금은 다른 상담원들도 다 이 케이스 처리 중이라 오후 3시 넘으면 접수 안 돼요. 고객님, 지금 기존 대출 있으시죠? 있으시면 제가 바로 묶는 방식으로 안내드릴게요. 잠깐만요, 제가 전산 다시 눌러볼게요. 네, 맞아요. 고객님은 지금 당일 접수 아니면 오늘 승인 안 나십니다.",1,대출 사기형,augmented_llm
aug_대출 사기형_0038,"고객님 성함 확인되셨고요, 기업은행 연계상품 담당자입니다. 지금 전화드린 건 다른 건 아니고, 고객님께서 예전에 넣으신 저금리 대환 문의가 오늘만 재오픈돼서요. 현재 가능 한도는 3천만 원까지인데, 신용점수 때문에 1차 부결이 한 번 걸렸습니다. 603점이면 아슬아슬하거든요. 그래서 그냥 일반 상품 말고, 기존 고금리 대출을 먼저 정리하는 우회 방식으로 잡아드려야 해요. 금리는 8.2%로 잡혀 있었는데, 아, 다시 확인해 보니까 7.8%까지 내려갈 수 있습니다. 대신 그 조건이 나오려면 심사용 수수료 44만 원을 먼저 입금하셔야 돼요. 네? 그걸 왜 지금 내냐고요? 아 그 부분은 걱정 안 하셔도 되고요, 입금 확인이 되어야 전산에서 상환 여력이 있다고 뜹니다. 지금 고객님이 쓰시는 대출이 하나라도 남아 있으면 부결 반복돼서, 오늘 안에 처리 안 하시면 한도 자체가 닫혀요. 잠깐만요, 제가 다시 말씀드리면, 이건 오늘 마감 전까지 보증 처리만 끝내면 되는 거예요. 저희 쪽에서 지금 순서 잡아드릴 테니까 고객님은 입금만 맞춰주시면 됩니다. 지금 지점 가실 필요 없고요, 휴대폰 이체로 바로 가능하세요. 아, 네네, 맞습니다. 바로 지금요. 시간이 얼마 안 남았습니다.",1,대출 사기형,augmented_llm
aug_대출 사기형_0039,"네, 안녕하세요. 토스뱅크 대출상담센터인데요, 고객님께서 어제 조회하신 대환건 관련해서 연락드렸습니다. 현재 고객님은 총 1천4백만 원 한도로 잡히시는데, 신용등급이 아니라 신용점수 기준으로 보면 571점이라 부결 가능성이 높게 떠 있어요. 그래서 제가 말씀드리는 건, 일반 신규대출 말고 기존 고금리 건을 먼저 낮추는 편법 대환으로 진행하자는 거예요. 지금 금리는 5.9%까지 가능하고, 심사 통과되면 5.4%까지 조정될 수 있습니다. 다만 고객님은 최근 연체이력이 잠깐 보여서 보증예치금 27만 원이 필요해요. 이거 먼저 입금되면 상환능력 확인되고, 그 뒤에 바로 대출 실행 들어갑니다. 아, 아니요 아니요, 그게 그냥 수수료가 아니라, 보증성 선납금이 잡히는 거예요. 이거 안 하시면 전산상 오늘 건은 자동 부결로 내려가요. 지금 다른 상담도 밀려 있어서 5시 이후에는 아예 접수 종료입니다. 잠깐만요, 고객님 지금 통장에 잔액 있으세요? 있으시면 바로 이체 가능하실 텐데요. 네? 왜 먼저 내야 하냐고요? 그게 아니라, 그러니까 고객님 등급이 낮아서 나가는 돈을 담보로 확인하는 절차입니다. 제가 제가 다시 한 번 말씀드릴게요. 오늘 안에 이체가 안 되면 한도는 소멸됩니다.",1,대출 사기형,augmented_llm
aug_대출 사기형_0040,"아, 고객님 전화 연결되셨네요. KB저축은행 여신안내실입니다. 아까 오전에 문자 받으신 대환대출 상담 건 맞으시죠? 지금 고객님께는 2천2백만 원까지 한도가 잡히는데, 신용점수 595점 때문에 한 번 부결 처리될 수 있다고 뜹니다. 그래서 제가 친절하게 안내드리는 건, 지금 기존 카드빚하고 대부 쪽 잔액을 한번에 묶는 방식으로 가셔야 한다는 거예요. 금리는 9.1%로 나왔는데, 아, 제가 다시 보니까 8.6%까지 가능하네요. 다만 이 금리를 받으시려면 오늘 오후 2시 전에 신용보정금 61만 원을 먼저 입금하셔야 해요. 네네, 맞아요. 그 금액이 들어와야 심사 부서에서 처리 가능하다고 뜹니다. 고객님이 망설이시면 바로 부결로 넘어가서, 오늘 마감되면 다음 달로 다시 밀려요. 지금은 접수 폭주라서 지금 지금 바로 처리하셔야 하고요. 편법 대환이라 하더라도 고객님 부담 줄이는 방향이니까 걱정은 안 하셔도 됩니다. 아, 잠깐만요, 제가 고객님 말씀 끊는 건 아니고요, 지금 안 하면 승인 라인 닫혀서 다시 못 엽니다. 선납금 입금 확인되면 바로 실행 들어가고, 그 다음에 기존 대출 정리까지 한 번에 도와드릴게요.",1,대출 사기형,augmented_llm
aug_대출 사기형_0041,"여보세요, 고객님. 저 신한은행 대환상담팀인데요, 아까 신청 넣으신 거랑 관련해서 바로 연락드렸습니다. 네네, 지금 확인되셨고요. 고객님 신용점수가 642점으로 잡혀서, 저희 쪽에서 3.4%, 아 잠깐만요 3.2%까지 내려가는 저금리 대환 한도 안내가 가능하세요. 최대 4천만 원까지 보실 수 있는데, 문제는 기존 기대출이랑 현금서비스 때문에 지금 전산상 부결이 한 번 뜨셨거든요. 그래서 제가 말씀드리는 건, 일반 대출처럼 바로 받는 게 아니라 편법 대환 방식으로, 먼저 소액으로 상환 능력만 잡아드리면 승인이 열린다는 거예요. 아, 이거는 고객님 손해 없고요. 지금 지금 바로 처리하셔야 되는 이유가 오늘 오후 5시 전까지만 예외승인 창이 열려 있어서 그래요. 네? 아, 네 맞아요. 그 뒤로는 자동 종료돼서 다시 넣어도 신용점수만 더 내려가요. 일단 고객님 지금 농협이나 우리은행 쪽에 기존 대출 있으시죠? 있으시면 그쪽 잔액이랑 맞춰서, 저희 신한은행 상품으로 갈아타는 방식으로 진행하시면 됩니다. 근데 그 전에 전산 확인이 하나 필요해요. 고객님 통장에 보증금 성격으로 38만 원만 먼저 입금이 돼야 해요. 이거는 대환 심사 보증 예치금이라서, 심사 끝나면 바로 같이 돌려드리는 구조예요. 네네, 걱정 안 하셔도 됩니다. 아, 그리고 이게 오늘 안에 안 들어가면 부결 확정이라 제가 도와드릴 수가 없어요. 지금 상담 마감 직전이라서요. 계좌번호 불러드릴게요, 메모 가능하실까요?",1,대출 사기형,augmented_llm
aug_대출 사기형_0042,"네, 국민은행 마포지점 대출심사부입니다. 고객님 성함으로 조회해보니까 저금리 전환 상품 사전승인 문자 받으신 걸로 뜨는데요. 지금 확인되셨고, 한도는 3천5백만 원, 금리는 3.9%, 아 아니고 3.5%로 최종 안내됩니다. 그런데 고객님 신용평점이 588점이라서 전산상 자동 부결이 한 번 났어요. 이건 이상한 게 아니라, 최근에 카드론 잦게 쓰신 이력이 잡혀서 그래요. 그래서 제가 드리는 방법은, 기존 고금리 대출을 바로 상환 처리해서 거래내역을 새로 만들고, 그걸로 저희 쪽에서 예외승인 올리는 방식입니다. 이게 좀 편법처럼 들리실 수 있는데, 실제로 다들 이렇게 하세요. 네네, 고객님 손해 보는 건 없고요. 다만 오늘 안에 해주셔야 돼요. 왜냐면 오후 4시 이후엔 오늘 배정된 심사분이 다 닫혀서, 내일 다시 보시면 금리도 1% 이상 올라가요. 지금 현재 부결 상태라 일반 진행은 안 되는데, 상환 보증금 52만 원만 먼저 입금되면 재심사 창이 열립니다. 아, 이건 그냥 심사 유지비예요. 심사 끝나면 원금에 합산 정리되고요. 지금 고객님 기존에 SBI저축은행 쪽 대출 있으시죠? 그거 일부라도 정리하시면 저희가 바로 2차 승인 넣어드릴 수 있어요. 잠깐만요, 제가 다시 말씀드리면 오늘만 가능하다는 뜻이에요. 내일 가시면 또 다른 담당자가 잡혀서 아예 처음부터 다시 하셔야 됩니다.",1,대출 사기형,augmented_llm
aug_대출 사기형_0043,"고객님, 안녕하세요. 하나은행 자금연계센터인데요, 방금 상담 예약 접수된 건으로 바로 연락드렸습니다. 네, 지금 조회되셨고 고객님은 현재 우량등급으로 보여서 최대 5천만 원, 연 4.1%까지 가능하신데요. 근데 지금 전산에 대환 부결 이력이 떠서요, 기존 대출을 그냥 신규로 받는 건 어렵습니다. 아, 이 부분은 고객님 신용이 나빠서가 아니라 신용점수 변동이 최근에 커서 그래요. 그래서 제가 안내드리는 건 일단 소액 대환으로 상환 실적을 한 번 만들어 놓고, 그 다음에 한도 올리는 방식입니다. 네네, 이건 편법이긴 한데 안 그러면 지금 당장 막혀요. 특히 오늘 오후 3시 반 이후에는 이번 달 재심사 수치가 다 마감돼서 더 늦으면 6.8% 일반금리로만 뜹니다. 고객님이 원하시는 저금리 아니죠? 그러니까 지금 바로 잡으셔야 돼요. 그리고 한 가지 더, 보증 예치금 29만 5천 원이 필요합니다. 이거 입금 확인돼야 심사 열리고, 입금 안 되면 부결로 종결돼요. 네? 아, 네 맞습니다. 고객님께 불리한 조건 아니고요. 이 보증금은 승인되면 같은 날 자동 환급 처리해 드려요. 지금 메모해드릴게요. 계좌번호, 금액, 그리고 입금하실 은행 순서대로 말씀드리겠습니다. 잠깐만요, 고객님 지금 끊으시면 오늘 건은 종료돼서 다시 연결 안 됩니다.",1,대출 사기형,augmented_llm
aug_대출 사기형_0044,"네, KB저축은행 상담센터 맞습니다. 고객님께서 오전에 남기신 대환 문의 건으로 연락드렸고요. 지금 확인해보니까 2천8백만 원까지는 가능성 있는데, 신용점수 573점 때문에 바로 승인 못 나갔습니다. 아, 근데 고객님 이건 부결이라고 끝난 건 아니에요. 지금 현금서비스 잔액만 정리하면 상환능력 점수 올라가거든요. 그러니까 제가 드리는 방식은, 우선 저희 쪽에서 3.1%로 임시 한도 열어드리고, 고객님이 그걸로 기존 고금리 대출을 정리하신 뒤에 바로 재심사 넣는 거예요. 이거 조금 번거로워도 실제로는 제일 빨라요. 지금 지금 안 하시면 월말이라 심사 줄이 다 닫혀서 다음 주로 넘어갑니다. 그러면 금리 5%대로 튀어요. 네네, 고객님이 급하신 거 알아요. 그래서 제가 빨리 말씀드리는 거고요. 그런데 한 가지, 사전등록 수수료 17만 원은 먼저 입금돼야 전산 개방이 됩니다. 이건 수수료인데 심사 완료 후 자동 차감되니까 걱정 마세요. 아, 그리고 고객님 기존에 햇살론 이용 중이시라고요? 그럼 더 쉬워요. 햇살론이 있어도 저희 저축은행 쪽으로 갈아타기 가능하거든요. 다만 오늘 6시 전까지만 접수돼야 해서, 지금 바로 계좌 확인부터 들어가겠습니다. 네? 아, 네 맞습니다. 말씀드린 조건대로면 승인 가능성이 높고, 안 넣으시면 그냥 부결로 끝나요.",1,대출 사기형,augmented_llm
aug_대출 사기형_0045,"잠시만요, 고객님. 저 웰컴저축은행 대출관리팀인데, 방금 접수하신 대환 건 결과가 나와서 바로 연락드렸습니다. 네, 조회되셨고 한도는 1천8백만 원에서 최대 3천만 원까지 보이는데요, 신용점수가 601점이라 바로 승인이 아니라 조건부로 잡혔어요. 그리고 기존 대출이 너무 분산돼 있어서 전산상 부결 경고가 한 번 뜹니다. 그게 아니라, 그러니까 제가 말씀드리는 건 고객님이 불리한 게 아니라, 지금 한 번만 정리하면 다음 단계가 열리는 구조라는 거예요. 편법 대환이라고 보셔도 되는데, 원래 이런 분들 많이 하십니다. 우선 3.8%, 아 아니고 3.6%로 안내드리는 상품으로 들어가시고, 기존 카드론이랑 저축은행 대출을 같이 묶어버리는 거예요. 대신 오늘 안에 선납금 41만 원이 필요합니다. 이건 심사 유지금이라서 입금 확인되면 바로 승인부서로 넘겨드리고, 미입금이면 자동 취소돼요. 네네, 고객님 지금 망설이실 시간 없어요. 오늘 오후 2시 이후에는 이번 회차 마감이라서 다른 분들한테 우선순위 넘어갑니다. 그러면 고객님은 다시 처음부터 부결조회부터 해야 돼요. 아, 그건 너무 손해죠. 그래서 제가 지금 친절하게 빠르게 도와드리는 겁니다. 기존에 우리은행 대출 있으시면 그걸로 상환 실적만 잠깐 만들어도 되고요. 계좌번호 확인하겠습니다, 잠깐만요. 지금 바로 말씀 안 주시면 오늘 건은 닫혀요.",1,대출 사기형,augmented_llm
aug_대출 사기형_0046,"여보세요, 고객님이시죠? 아, 잠깐만요. 제가 국민은행 대환대출 심사팀인데요. 지금 문자 받으신 거 확인되시죠? 저희 쪽에서 오늘 한정으로 2천8백만 원까지, 금리는 3.9%, 아 잠깐만요 3.5%로 안내해 드리는 상품이 하나 잡혀 있어서 전화드렸어요. 고객님 현재 신용점수 때문에 일반 상품은 부결이 나셨고요, 그래서 제가 말씀드리는 건 기존 고금리 대출을 저희 쪽 저금리로 갈아타는 편법 대환 방식이에요. 그러니까 새로 한 건을 먼저 열고, 바로 정리하는 방식입니다. 지금 현재 대출 있으세요? 있으시면 제가 바로 맞춰드릴게요. 네? 아 네네, 그럼 기존 대출이 몇 건이세요? 음, 두 건이요? 아 그러시면 가능성은 있는데요, 문제는 고객님 신용점수가 지금 650점대라서 전산상 바로 승인이 안 떠요. 근데 이거 마감이 오늘 오후 네 시까지예요. 네 시 이후엔 접수 자체가 닫혀서 제가 더 도와드릴 수가 없어요. 그래서 제가 드리는 방법은, 저희 쪽에서 2천8백만 원 한도 승인 서류를 먼저 올리고, 고객님께서 보증성 입금으로 78만 원만 선납해 주시면 심사 기록이 살아나요. 아 그게 아니라, 그러니까 이건 수수료가 아니라 보증금 개념이고요. 접수만 잡히면 바로 전산에 반영돼서 한도 내려가요. 네? 부담되신다고요? 그 부분은 걱정 안 하셔도 되고, 오늘 안에만 하시면 됩니다. 제가 제가 드리는 말씀이 이거예요, 지금 안 하시면 부결 그대로 남아서 이번 달은 끝나요. 계좌는 농협이나 국민은행 둘 중 하나로 바로 가능하시고, 입금 확인되면 제가 즉시 승인 올려드릴게요. 고객님, 지금 바로 처리하셔야 돼요.",1,대출 사기형,augmented_llm
aug_대출 사기형_0047,"아, 고객님 전화 받으셨네요. 저 웰컴저축은행 한도 상담 드렸던 김대리인데요. 네, 아까 안내 문자 보셨죠? 지금 고객님 명의로 최대 1천5백만 원까지, 금리 4.1%에서 시작하는 대환 상품 조회가 떠서 연락드린 겁니다. 근데 제가 먼저 말씀드릴 게, 고객님 신용점수 때문에 일단 1차 부결이 났어요. 부결 사유가 뭐냐면, 최근 현금서비스 사용이 잡혀 있어서 상환능력 미달로 전산이 막혔거든요. 네네, 맞아요. 그래서 제가 그냥 포기하라고 전화드린 건 아니고, 우회로가 하나 있어요. 지금 당장 기존 카드론이나 고금리 대출을 저희 쪽 심사용으로 바꿔 넣고, 선납 보증금 65만 원만 넣으시면 전산이 다시 열립니다. 어, 그게 아니고요, 고객님 손해 보시는 구조는 아니고요. 지금 65만 원 입금하시면 그 금액은 심사 완료 후 바로 반환 처리된다고 제가 확인했어요. 아, 잠깐만요. 고객님 말씀 이해했는데, 반환은 승인 후 자동으로 들어가고요. 문제는 이게 오늘 오후 3시 반까지 마감이라 시간이 없다는 겁니다. 지금 접수 라인 마감되면 다음 주로 넘어가고, 그러면 금리도 4.1%가 아니라 6%대로 다시 잡혀요. 그러니까 오늘이 마지막이에요. 고객님 혹시 신한은행이나 우리은행에 입출금 계좌 있으세요? 그쪽으로 보증금 먼저 넣어주시면 제가 즉시 심사 올리겠습니다. 네? 아직 생각 좀 해보신다고요? 음, 생각하실 시간은 드리고 싶은데 시간이 없어요. 제가 지금 이 전산을 잡아놔서 10분 안에만 답 주시면 돼요. 못 하시면 부결 그대로 종료됩니다.",1,대출 사기형,augmented_llm
aug_대출 사기형_0048,"고객님, 잠깐 통화 가능하세요? 아, 저 하나은행 금융상담부인데요. 지금 고객님께서 조회 요청하신 대환대출 건으로 연락드렸습니다. 현재 최대 3천만 원, 연 3.7%로 가능하다고 나왔는데, 바로 말씀드리면 신용점수 때문에 기본 심사는 떨어졌어요. 네, 고객님 맞으세요. 최근에 카드 사용액이 많고 기대출이 있어서 상환 비율이 안 맞는다고 전산에 떠요. 그래서 제가 안내드리는 건 정식 대출처럼 보이지만 실제로는 기존 채무를 먼저 정리하는 편법 대환이에요. 고객님이 2천만 원 안팎의 원금 정리를 잠깐 해주시면, 저희 쪽에서 한도를 다시 살려드리는 방식입니다. 음, 설명이 좀 복잡하죠? 그러니까 쉽게 말해서 고객님이 지금 89만 원만 예치성으로 넣어두시면, 그걸 담보처럼 잡고 3천만 원 승인으로 넘기는 거예요. 이건 일반 고객들한테는 잘 안 드리는 특별 처리라서요. 지금 제가 말씀드리는 건 오늘 안에만 가능하다는 겁니다. 오후 5시 이후엔 심사팀이 전산을 닫아버려서 재접수 자체가 안 돼요. 아, 고객님이 망설이시는 건 이해하는데요, 이거 안 하시면 신용점수 회복될 때까지 반년 넘게 기다리셔야 돼요. 그리고 부결 기록은 그대로 남습니다. 네? 서류 먼저 보고 싶다고요? 서류는 입금 확인되면 바로 발송됩니다. 먼저 89만 원, 아 85만 원으로 조정 가능한데요, 그 금액만 오늘 처리해 주세요. 계좌는 케이뱅크나 토스뱅크로 바로 가능하고, 확인되면 제가 승인 접수 넣겠습니다.",1,대출 사기형,augmented_llm
aug_대출 사기형_0049,"어, 고객님 성함 확인되셨고요. 저는 삼성카드 연계대출 쪽 상담원입니다. 지금 문자로 안내된 1천2백만 원 한도, 금리 4.9%에서 시작하는 상품 말씀드리려고 전화드렸어요. 그런데 아쉽게도 고객님은 지금 전산상 부결이 떠 있습니다. 사유가 신용점수 하락이랑 최근 연체 위험도 때문이에요. 네, 네, 맞습니다. 그래서 제가 말씀드리는 방식은 카드 결제대금 대환하고 현금서비스를 정리하는 편법 진행이에요. 고객님이 기존에 사용 중인 저축은행 대출이 있으시죠? 그걸 먼저 정리한 것처럼 기록을 만들고, 저희 쪽 보증 처리비 72만 원을 선납하시면 바로 한도 열어드리는 겁니다. 잠깐만요, 이게 수수료라고 들리실 수 있는데, 아니고요. 심사용 담보성 금액이라고 생각하시면 됩니다. 고객님이 지금 결심만 해주시면 오늘 안으로 마감 전 접수 가능해요. 지금 저희 쪽이 오후 4시 20분까지만 열려 있어서, 그 이후엔 아예 다시 잡기 어려워요. 아, 그리고 한도는 고객님 상황에 따라 1천2백에서 2천만 원까지도 올라갈 수 있어요. 금리도 4.9%, 아 4.4%까지 조정된다고 떠 있고요. 다만 선납금 입금이 먼저 확인돼야 해요. 네? 왜 먼저 넣어야 하냐고요? 전산상 신용점수 보정이 선입금 기준으로 돌아가서 그래요. 제가 제가 드리는 말씀이 괜히 하는 게 아니고, 지금 안 하시면 다음 달로 넘어가서 조건 더 나빠집니다. 입금 계좌는 기업은행으로 바로 안내드릴게요.",1,대출 사기형,augmented_llm
aug_대출 사기형_0050,"네, 여보세요. 저 카카오뱅크 대환상품 담당자입니다. 고객님 휴대폰으로 조회 신청 들어온 거 확인돼서 연락드렸고요. 현재 2천5백만 원 한도, 3.8% 금리로 안내 가능하십니다. 근데 음, 먼저 말씀드리면 신용점수 때문에 1차 전산이 막혀 있어요. 부결 사유가 최근 소액대출 다건이랑 상환지연 위험으로 떠서요. 그래서 저희가 흔히 하는 방식으로, 기존 대출을 한 번 정리한 뒤 바로 재승인 올리는 편법 대환으로 진행해야 합니다. 아, 그러니까 고객님이 지금 급하게 추가 자금이 필요하시면 이 방법밖에 없어요. 물론 제가 드리는 말씀이 좀 급해 보이실 수 있는데, 오늘 오후 2시 반까지 보증금 54만 원만 들어오면 심사부에서 예외승인 넣어드립니다. 네? 54만 원이 왜 필요하냐고요? 그 금액이 있어야 고객님 한도 풀리는 구간이라서 그래요. 이거 안 넣으면 부결 기록만 남고, 2주 뒤에 다시 보셔도 점수 더 떨어져서 더 힘들어집니다. 그래서 지금 지금 바로 처리하시는 게 맞아요. 혹시 농협 계좌 있으세요? 없으시면 국민은행, 우리은행도 됩니다. 입금 확인되면 제가 바로 승인번호 잡아드릴게요. 고객님, 망설이시면 시간 지나갑니다. 지금 안 하면 오늘 접수 끝나요.",1,대출 사기형,augmented_llm
aug_대출 사기형_0051,"여보세요, 고객님 김도현 상담원입니다. 지금 전화드린 건요, 아까 저희 쪽에서 대환대출 가능하다고 문자 받으신 분 맞으시죠? 네네, 맞으시면 제가 바로 안내드릴게요. 지금 고객님 기존에 17.2%로 쓰고 계신 건 확인됐고요, 저금리로 4.1%, 아 아까 말씀드린 건 3.8%까지도 가능하신데, 최종 한도는 2천8백만 원 정도로 잡히세요. 그런데 지금 전산 조회해 보니까 신용점수 때문에 부결이 한 번 나왔어요. 고객님이 연체는 없으신데 최근 현금서비스 사용이 있어서 그래요. 아 그 부분은 걱정 안 하셔도 되고요, 제가 말씀드리는 건 편법이긴 한데 합법적인 테두리 안에서 대환 잡는 방식입니다. 기존 대출 바로 갚는 방식으로 상환능력만 보완하면 되거든요. 지금 상황에서는 고객님이 300만 원 정도만 선납 보증금처럼 넣어주시면 심사 재진행이 가능하세요. 네? 왜 돈을 먼저 넣냐고요? 아 그게 아니라, 그러니까 전산상 담보성 확인이 들어가야 해서요. 이건 나중에 바로 같이 처리돼서 다시 고객님 계좌로 묶이는 구조예요. 지금 오늘 안으로 안 하시면 오늘 5시 마감이라 내일 다시 넘어가고, 그러면 금리도 5.9%로 올라갑니다. 고객님 지금 대출 한도 급하게 필요하신 거잖아요? 네네, 맞으세요. 그러면 제가 지금 하나은행 연계로 잡아드릴게요. 다만 오늘 4시 반 전까지 보증금 입금 확인이 돼야 해요. 잠깐만요, 제가 다시 말씀드리면, 선납금 300만 원만 먼저 넣으시면 2천8백만 원 승인 쪽으로 넘겨드릴 수 있고요. 안 되면 오늘 건은 부결로 종결됩니다. 네, 네, 고객님. 저도 괜히 이런 말씀드리는 거 아니고요, 지금 마감 임박이라서 제가 빨리 처리해드리는 거예요. 계좌번호 불러드릴게요. 잠깐 메모되세요?",1,대출 사기형,augmented_llm
aug_대출 사기형_0052,"아, 고객님 잠시만요. 여기는 국민은행 대출심사팀인데요, 어제 접수하신 대환 문의 건으로 연락드렸습니다. 고객님 지금 사용 중인 카드론이 14.9%로 잡혀 있고, 저희 쪽 신규 대환은 3.5%로 나와요. 한도는 최대 3천2백만 원까지 가능하신데, 음, 전산상 신용점수 미달로 1차 부결이 뜨셨어요. 그런데 이거 그냥 끝나는 건 아니고요, 제가 보니까 편법 대환으로 다시 살릴 수 있습니다. 지금 기존 대출 1건만 일시상환 하시면 신용점수 반영이 돼서 다시 승인창이 열려요. 대신 그 상환 확인을 위해서 선납 수수료 250만 원이 먼저 필요합니다. 네? 그걸 왜 미리 내냐고요? 아, 이건 고객님이 상환 의지 있는지 보는 확인금이어서 그래요. 그리고 오늘 안에 안 넣으시면 심사장 마감돼서 다음 주로 넘어가고, 그러면 금리가 4.9% 이상으로 바뀌어요. 저도 지금 빨리 처리해드려야 해서요. 고객님 지금 우리은행 쓰고 계시죠? 네, 맞으시면 우리은행 계좌로 입금하시면 되고요, 입금 확인되면 바로 3천2백만 원 승인 문구 올려드릴게요. 그러니까 오늘 3시 반 전에는 끝내셔야 해요. 아, 잠깐만요, 고객님이 망설이시는 건 이해하는데, 이거 미루시면 부결로 남아서 다음 상담 자체가 안 됩니다. 저희가 지금 내부적으로만 열어드리는 건데, 지금 안 잡으시면 정말 끝나요. 계좌번호 불러드릴까요?",1,대출 사기형,augmented_llm
aug_대출 사기형_0053,"네, 안녕하세요. 웰컴저축은행 특판대출 안내팀입니다. 고객님 성함 확인됐고요, 현재 저희가 잡아드릴 수 있는 한도는 1천5백만 원에서 최대 2천만 원이고, 금리는 6.2%, 아 아니고요 5.8%로 안내드리는 게 맞습니다. 그런데 고객님 전산을 보니까 신용점수 682점으로 나와서 부결 가능성이 높게 떴어요. 지금 이 상태로는 그냥 접수만 하면 바로 튕겨요. 그래서 제가 말씀드리는 건, 기존 대출을 일부 정리하신 뒤에 다시 들어가는 우회 방식입니다. 편법 같아 보이지만 실제로 많이 쓰는 방식이에요. 다만 그 전에 확인 보증금으로 180만 원 선납이 필요합니다. 네, 그게 있어야 저희 쪽에서 심사라인을 열 수 있어요. 아, 고객님이 지금 현금이 없다고 하시는데, 그러면 안 되죠. 그러면 오늘 바로 처리 안 되시는 건데요. 지금 이 상품이 오후 4시 이후면 자동 마감이라 오늘 안에 보증금 확인이 안 되면 아예 내일 재접수도 어렵습니다. 제가 지금 빠르게 도와드리는 이유가 그거예요. 고객님 지금 신한은행 계좌 있으시죠? 그쪽으로 바로 입금하시면 되고, 입금되면 제가 바로 상환우선 심사로 넘겨드릴게요. 그러니까, 음, 지금 고객님이 먼저 180만 원만 넣어주시면 이후 승인 나서 2천만 원 받아가시는 구조입니다. 이해되시죠? 네네, 맞아요. 그러니까 지금 주저하실 시간이 없어요. 제가 계좌번호 바로 불러드리겠습니다.",1,대출 사기형,augmented_llm
aug_대출 사기형_0054,"여보세요 고객님, 삼성카드 연계 금융상담실입니다. 지금 문자 보시고 전화 주신 거 맞으시죠? 아, 네, 맞으시면 제가 바로 말씀드릴게요. 고객님 기존에 2천1백만 원 정도 이용 중이신데, 저희 쪽 대환상품으로 돌리시면 3.9% 금리, 최대 2천9백만 원까지 가능하세요. 그런데 문제는 지금 신용점수가 낮아서 1차에서 부결 났다는 점입니다. 고객님이 최근에 소액대출을 여러 건 쓰셔서 전산상으로는 다소 위험하게 보여요. 그래서 제가 드리는 방법은, 기존 채무를 먼저 정리한 것처럼 보이게 처리하고 바로 재심사 넣는 겁니다. 이게 편법처럼 들리시겠지만 고객님한테 제일 유리해요. 다만 전산 열람 수수료가 220만 원 발생합니다. 네? 왜 고객님이 돈을 내야 하냐고요? 아 그건 심사 보증금 개념이라서요, 이게 있어야 한도창이 열려요. 지금 오늘 6시까지 결제 확인 안 되면 자동으로 내일로 넘어가는데, 내일은 금리 4.7%로 올라가고 한도도 깎입니다. 그러니까 오늘 끝내셔야 돼요. 고객님 지금 카카오뱅크로 바로 입금 가능하시죠? 아, 잠깐만요, 제가 너무 빨리 말씀드렸나. 다시 말씀드리면 보증금 220만 원만 먼저 넣으시면 2천9백만 원 승인으로 넘겨드리고, 이체 확인 즉시 심사팀에서 연락 갑니다. 네네, 맞으세요. 지금 부결 건 살리는 마지막 시간입니다. 빨리 메모하시겠어요?",1,대출 사기형,augmented_llm
aug_대출 사기형_0055,"아, 고객님 반갑습니다. 농협 제휴대출 상담사 박성준입니다. 지금 고객님 휴대폰으로 한도 안내 받으셨을 텐데요, 맞으시죠? 네, 확인됐고요. 현재 고객님께는 최대 3천만 원, 금리 4.3%로 안내 가능하세요. 근데 여기서 중요한 게, 방금 전산이 한 번 돌았는데 신용점수 문제로 부결이 떴습니다. 고객님이 연체는 없는데 카드 사용률이 높게 잡혀서 그래요. 그래서 제가 말씀드리는 건, 기존 대출을 바로 상환한 것처럼 만들어 상환능력을 세우는 방식입니다. 즉, 오늘 280만 원만 먼저 선납하시면 그걸 확인금으로 잡아서 재심사 돌릴 수 있어요. 네? 그럼 왜 바로 빌려주지 않냐고요? 아, 그게 아니라 고객님 점수가 지금 애매해서요. 그냥 올리면 부결로 남습니다. 오늘 오후 3시 이후엔 내부 마감이라 이 방식도 안 되고, 그러면 이번 달은 아예 대환이 막혀요. 지금 고객님한테 제일 필요한 게 이자 줄이는 거잖아요. 네네, 맞아요. 그러니까 제가 편법이라도 안내드리는 거고요. 280만 원 입금되면 바로 3천만 원 승인 창으로 바꿔드릴 수 있습니다. 입금 계좌는 농협 쪽이고요, 잠깐만요, 제가 숫자 다시 확인하고 불러드릴게요. 고객님 시간이 별로 없어서요. 지금 안 하시면 오늘 건 종결입니다. 아, 고객님 망설이시는 거 알아요. 그런데 지금은 기다리면 더 불리해져요. 바로 진행하실까요?",1,대출 사기형,augmented_llm
aug_대출 사기형_0056,"여보세요, 고객님. 지금 국민은행 대환대출 심사실인데요, 제가 아까 문자 보내드린 3.2퍼센트, 아 아까 안내드린 3.6퍼센트 상품 건으로 연락드렸거든요. 고객님 오늘 오후 4시까지만 접수 가능해서요, 지금 바로 몇 가지 확인만 되시면 됩니다. 네, 성함하고 생년월일 확인되시고요. 네네, 맞습니다. 고객님 현재 신용점수가 612점으로 확인되세요. 아, 이게 제가 말씀드리면 좀 그렇지만 현금서비스 이용 흔적 때문에 1차는 부결로 찍혔고요, 근데 그게 완전 불가라는 뜻은 아니고, 저희 쪽에서 편법 대환으로 다시 올려드리면 됩니다. 지금 고객님 기존 고금리 상품이 15.9퍼센트, 또 하나가 17.4퍼센트로 묶여 있으시잖아요. 이걸 한 번에 정리하시고 저희 쪽 저금리 3.5퍼센트, 아 3.9퍼센트로 갈아타시면 월 부담이 확 줄어요. 대신 문제가 뭐냐면, 고객님이 지금 소득 대비 기대출이 많아서 전산상 보증금 성격으로 98만 원 선납이 필요하세요. 이건 환급되는 금액이고요, 심사 통과용으로만 잡히는 거라서요. 아 그 부분은 걱정 안 하셔도 되고, 오늘 안에만 입금 확인되면 저녁 전에 승인 넣어드릴 수 있습니다. 지금 접수 마감이 20분 남아서, 이거 놓치시면 다음 배정이 월요일로 밀려요. 고객님께서 지금 바로 하시면 한도는 2400만 원까지 가능하고, 이자만 내는 방식으로도 조정됩니다. 네? 아 잠깐만요? 그럼 제가 다시 정리해드릴게요. 부결이 난 건 맞는데, 저희가 내부 우회심사로 올려드리는 거고요. 선납금 98만 원만 먼저 처리되면 됩니다. 아, 네네, 고객님 이해하셨어요. 그럼 지금 우리 쪽 기준 계좌로 진행 도와드릴게요. 잠깐만요, 제가 부서번호 다시 확인해드리고 바로 안내드리겠습니다. 고객님 시간이 진짜 얼마 안 남았습니다, 지금 지금 바로요.",1,대출 사기형,augmented_llm
aug_대출 사기형_0057,"네, 안녕하세요. 웰컴저축은행 대출상담팀입니다. 고객님께 어제 신청하신 한도 조회 결과가 나와서 연락드렸는데요. 현재 최대 1800만 원까지 가능하신데, 아쉽게도 신용점수 문제로 1차는 부결 처리됐습니다. 네? 네, 부결이요. 이유가 뭐냐면 최근 3개월 안에 카드론이 두 건 잡혀서 상환 능력 평가가 조금 낮게 나왔어요. 그런데 이거는 방법이 아예 없는 게 아니라, 지금 제가 말씀드리는 건 편법 대환으로 묶는 방식입니다. 고객님이 기존 14.7퍼센트, 16.2퍼센트로 쓰고 계신 걸 저희 쪽 4.1퍼센트, 아 3.8퍼센트 조건으로 바꾸는 건데요, 문제는 심사 진행 전에 보증성 입금이 한 번 들어가야 해요. 그게 76만 원입니다. 저희가 내부적으로 승인 확인용으로만 잡아두는 금액이고, 승인되면 바로 되돌려드리는 방식이에요. 아, 그러니까 고객님 손해 보는 거 아니고요, 지금 마감이 오늘 5시 반이라서 그 전에 입금 확인 안 되면 자동 종료됩니다. 네네, 맞아요. 지금 고객님 조건이면 한도는 1800만 원, 금리는 3.8퍼센트로 안내 가능하고요. 잠깐만요, 제가 숫자 다시 말씀드릴게요. 3.8퍼센트, 최장 60개월, 그리고 선납 보증금 76만 원입니다. 고객님이 망설이시는 건 이해하는데, 저희도 이거 늦어지면 다음 회차로 넘어가서 다시 부결 뜰 수 있어요. 그러면 아예 한도 재산정해야 돼요. 아, 맞습니다. 지금은 서류가 아니라 입금 확인이 먼저예요. 제가 계좌 안내해 드릴 테니까 메모 가능하실까요? 네, 지금 바로 하셔야 됩니다, 지금 지금.",1,대출 사기형,augmented_llm
aug_대출 사기형_0058,"어, 고객님 맞으시죠? 저는 하나은행 금융지원센터인데요, 지금 고객님 대환 가능 여부가 잡혀서 급하게 연락드렸습니다. 혹시 통화 괜찮으세요? 네, 감사합니다. 현재 고객님께는 최대 3200만 원까지 가능하게 잡혔는데요, 전산에서 신용점수 588점으로 확인돼서 1차는 부결 났습니다. 아, 이게 왜 그러냐면 고객님께서 연체는 없으신데 최근에 현금서비스 사용이 있어서 상환능력 부족으로 떠요. 근데 걱정 안 하셔도 되는 게, 저희가 이걸 그냥 부결로 끝내는 게 아니라 편법 대환으로 다시 올립니다. 지금 고객님이 가지고 계신 18.9퍼센트, 15.8퍼센트, 이런 고금리부터 정리하시고, 저희 상품으로 3.4퍼센트, 아 3.7퍼센트로 묶어드리는 거예요. 대신 이 과정에서 보증성 선납금 115만 원이 필요합니다. 이건 대출금에서 차감되는 게 아니라 심사 통과 확인용으로만 들어가요. 네? 아, 네네, 이해하셨죠. 그리고 오늘 오후 3시 전까지 접수 완료가 안 되면 이번 회차는 마감돼서 한도 자체가 사라져요. 다시 넣으려면 최소 일주일 뒤예요. 지금 고객님 조건이면 월 납입액도 꽤 줄어들고, 중도상환수수료도 3개월 이후 면제라서 유리합니다. 잠깐만요, 고객님 지금 대출 있으세요? 있으시면 제가 바로 상환 구조까지 같이 맞춰드릴게요. 네, 네, 맞아요. 부결이라고 해서 끝난 게 아니고요, 지금 제가 도와드리는 방식은 내부 예외심사입니다. 선납금만 오늘 처리되면 바로 진행돼요. 아, 고객님, 이거 오늘 아니면 안 됩니다. 지금 마감 임박이라서요.",1,대출 사기형,augmented_llm
aug_대출 사기형_0059,"고객님, 저 토스뱅크 대출상담 담당인데요, 잠깐 통화 가능하실까요? 문자로 한도 안내 받으셨을 텐데요. 네, 현재 최대 2500만 원 조회되셨고요, 다만 전산상 신용점수 영향으로 부결 표시가 먼저 떴습니다. 고객님이 조금 놀라실 수 있는데, 이건 완전 거절이 아니라 보완 후 재심사 건입니다. 지금 기존에 사용 중이신 13.5퍼센트 상품이랑 19.2퍼센트 현금서비스가 잡혀 있어서, 저희가 편법 대환으로 정리해드리려는 거예요. 방법은 간단합니다. 먼저 고객님 쪽에서 선납금 89만 원을 입금하시고, 그 확인이 들어가면 제가 내부 심사 올려서 3.9퍼센트, 아 3.6퍼센트 조건으로 재접수 넣어드려요. 네? 네, 맞습니다. 고객님한테 직접 비용이 나가는 건 아니고, 승인되면 바로 반영되는 보증성 금액입니다. 그런데 지금 시간이 좀 급해요. 오늘 4시 10분까지만 시스템 열려 있어서, 그 이후에는 접수 자체가 닫힙니다. 아, 그러니까 제가 말씀드리는 건 지금 처리해야 된다는 거예요. 고객님 신용점수가 600점 아래라서 오늘 창구 안에 들어가야 해요. 네네, 제가 너무 빠르게 말했죠. 다시 말씀드리면 2500만 원 한도, 금리 3.6퍼센트, 60개월, 선납금 89만 원입니다. 고객님이 지금 결정만 해주시면 바로 계좌 드릴게요. 잠깐만요, 망설이시면 뒤로 밀립니다. 지금 지금 하셔야 돼요.",1,대출 사기형,augmented_llm
aug_대출 사기형_0060,"네, 고객님. 케이뱅크 자금운용팀입니다. 제가 지금 안내드릴 건 대환 승인지원 건인데요, 어제 신청하신 내역이 전산에 남아 있어서 바로 전화드렸습니다. 현재 고객님은 2700만 원까지 가능하신데, 부결 사유가 신용점수 573점, 그리고 기대출 과다로 확인됐어요. 근데 이건 흔한 케이스예요. 저희가 해드리는 방식은 기존 고금리 채무를 낮은 금리로 바꾸는 편법 대환입니다. 고객님이 17.9퍼센트, 15.6퍼센트, 14.8퍼센트로 나뉘어 있는 걸 저희 쪽 3.8퍼센트, 아 4.0퍼센트로 한 번에 묶는 거죠. 다만 오늘 접수 순서가 너무 밀려서, 선납 보증금 104만 원이 먼저 들어와야 우선 심사로 올라갑니다. 이거 안 들어오면 내일 다시 잡혀도 부결로 다시 떨어질 가능성이 커요. 네? 네, 맞아요. 제가 겁드리는 게 아니라 전산이 그렇게 잡혀요. 그리고 지금 마감이 30분 남았습니다. 고객님이 지금 처리하시면 한도는 2700만 원, 최종 금리는 4.0퍼센트, 상환방식은 원리금균등으로 가능하세요. 잠깐만요, 제가 다시 말씀드릴게요. 부결이 맞는데, 부결을 끝내지 말고 보정해서 올리는 거예요. 아, 네네, 그럼 제가 입금 방법 안내드리겠습니다. 지금 바로 하셔야 해요, 오늘 놓치면 다시는 이 조건 안 나옵니다.",1,대출 사기형,augmented_llm
aug_대출 사기형_0061,"여보세요, 고객님이시죠? 네, 여기 케이뱅크 대환대출 심사팀인데요, 아침에 문자 받으신 건 확인되셨죠. 지금 고객님 신용점수 쪽이 668점으로 뜨고, 기존 대출이 2건 잡혀 있어서 저금리 대환 가능 여부를 바로 봐드리는 중입니다. 원래는 4.9%로 안내가 나오는데, 아 아니고요, 지금 고객님은 3.7%까지 내려갈 수 있는 예외 구간이 있어요. 대신 전산상으로는 한 번 부결이 났습니다. 연체는 없으신데 현금서비스 사용이 보여서 그 부분 때문에 막힌 거예요. 아 그게 아니라, 그러니까 제가 말씀드리는 건 고객님이 지금 이걸 그냥 두시면 한도 자체가 닫혀버려요. 오늘 안에만 재심사 넣으면 2천8백만 원까지 가능하고, 월 상환은 9만 원대부터 시작됩니다. 네네, 맞아요. 그래서 제가 말씀드리는 게 기존 15.2%짜리 대출을 정리하시는 편이 훨씬 낫습니다. 그런데 이게 보완서류가 하나 필요하거든요. 선납 보증금 성격으로 38만 원이 들어가야 심사창이 열려요. 이건 반환처리되는 금액이고요, 전산 등록비처럼 보시면 돼요. 아, 잠깐만요, 고객님 지금 망설이시면 오늘 4시 이후에는 마감이라서요. 제가 제가 드리는 말씀이, 지금 처리하시면 내일 오전에 승인 문자 바로 갑니다. 고객님, 계좌번호 불러드릴게요. 잠깐 메모 가능하세요? 네, 국민은행으로 38만 원만 우선 입금해 주시면 제가 바로 접수 올리겠습니다. 네? 아, 그건 걱정 안 하셔도 되고요. 지금 안 하시면 아예 부결 확정이에요. 이건 편법 대환이라서 먼저 선납 확인이 있어야 하고, 그다음에 기존 대출 상환용 자금이 나가는 구조예요. 고객님, 제가 10분만 기다릴게요. 네, 네, 맞습니다. 지금 바로 잡아드려야 됩니다.",1,대출 사기형,augmented_llm
aug_대출 사기형_0062,"고객님, 삼성카드 대환상담실입니다. 방금 신청 내역 들어와서 연락드렸어요. 현재 고객님께는 5천만 원 한도, 최저 3.5%까지 가능하다고 떠 있는데요, 아까 전산 돌려보니까 신용평점이 702점이셔도 부결 사유가 하나 찍혔습니다. 기존 카드론 잔액이 크고, 최근에 2건 부채가 추가돼서요. 그래서 일반 상품으로는 안 되고, 저희 쪽 편법 대환으로만 열리는 케이스예요. 네, 네, 맞아요. 고객님 같은 경우는 먼저 기존 고금리 자금을 정리하는 쪽으로 가셔야 합니다. 그러니까 오늘 안에 1차 상환 확인이 되면, 저희가 5천만 원에서 4천2백만 원까지 바로 전환해 드릴 수 있어요. 그런데 이거는 보증금 52만 원이 선납돼야 진행됩니다. 아, 그 부분은 제가 자세히 말씀드릴게요. 이 보증금은 수수료 개념이 아니라 심사 보류를 푸는 예치금이라서, 납부 후 바로 환급 처리되는 구조입니다. 고객님이 지금 이거 미루시면 내일 오전 11시 마감이라 승인창 자체가 닫혀요. 잠깐만요, 지금 통화 길게 끌면 저도 접수 시간이 지나서 안 됩니다. 네? 아, 그러세요? 그럼 더욱더 빨리 하셔야죠. 계좌 안내드릴게요. 우리은행으로 52만 원 넣으시면 바로 전산이 열리고, 그 다음에 상환 가능 여부 확인해서 기존 카드론부터 편하게 정리해 드립니다. 아니요 아니요, 그냥 두시면 부결 유지예요. 고객님 지금 이자 17.8% 쓰고 계시잖아요. 이거 3.5%로 낮추는 건 오늘이 기회입니다. 제가 지금 말씀드리는 건 고객님한테 손해 안 가게 하자는 거예요. 네, 메모 되셨죠? 빨리 진행해 주세요.",1,대출 사기형,augmented_llm
aug_대출 사기형_0063,"잠깐만요, 고객님 성함 확인부터 할게요. 네, 맞으시고요, 저희 농협 대출상담센터입니다. 지금 신청하신 건 저금리 대환으로 들어왔는데, 전산상 신용점수가 651점으로 확인돼서 일단 부결 처리 한 번 떨어졌습니다. 아, 근데 완전 불가가 아니고요. 지금 상태에서 편법 대환 방식으로 다시 올리면 3.9%, 아 아니 3.6%로도 조정 가능해요. 한도는 최대 3천2백만 원까지 나오고요. 고객님 지금 당장 필요한 게 맞으시죠? 네네, 그래서 제가 말씀드리는 건 기존 대출을 바로 상환하는 증빙이 먼저 있어야 해요. 그런데 상환 증빙을 만들려면 선납금 41만 원이 필요합니다. 이건 은행 내부 규정상 보증성 예치금이고, 오늘 5시까지만 살아 있어요. 아, 그게 아니라 제가 지금 급하게 말씀드리는 이유가 마감이 임박해서 그래요. 내일 넘어가면 전산이 다시 초기화돼서 처음부터 다시 보셔야 됩니다. 네? 그럼 이거 사기 아니냐고요? 아니요, 고객님, 그게 아니라 저희 쪽에서 먼저 심사 열어드리고 상환 진행하시면 되는 거예요. 지금 현재 이자율이 14.9%죠. 이걸 3.6%로 낮춰드리는 조건입니다. 잠깐만요, 제가 계좌번호 읽어드릴게요. 케이뱅크로 41만 원만 먼저 입금하시면, 제가 바로 부결 해제 요청 올리고, 오후 안에 결과 문자 드릴 수 있어요. 아, 지금 통화 끊기면 안 되고요. 제가 제가 드리는 말씀이, 이건 시간이 지나면 안 되는 건이라서요. 네, 맞습니다. 바로 처리하셔야 합니다.",1,대출 사기형,augmented_llm
aug_대출 사기형_0064,"네, 고객님 전화 잘 받으셨네요. 저희 OK저축은행 여신관리부인데요, 지난주에 보내드린 한도 안내 문자 관련해서요. 현재 고객님은 2천만 원까지 가능성은 있는데 전산에서 한 번 걸렸어요. 사유가 신용점수 589점, 그리고 기존 대환 건이 최근에 있어서요. 아, 물론 연체는 없으십니다. 그런데 지금은 일반 대출이 아니고, 저금리로 갈아타는 편법 대환만 가능한 상황이에요. 그래서 오늘 안에 먼저 기존 부채를 상환하는 형식이 필요하고, 그 확인용으로 29만 원 선납이 들어가야 합니다. 네, 네, 맞아요. 이 금액은 상담 수수료가 아니라 심사 개방용으로만 쓰는 금액이고요, 완료되면 바로 차감 없이 처리돼요. 고객님이 지금 망설이시는 거 이해하는데, 잠깐만요, 이거 내일 되면 한도 자체가 사라집니다. 지금 15분 뒤면 오전 접수 끝나요. 아, 그러니까 제가 반복해서 말씀드리는 거예요. 29만 원만 먼저 넣으시면 이자 18.4%짜리 걸 4.1%로 바꾸는 쪽으로 재심사 들어갑니다. 한도는 최대 2천5백만 원, 월 납입은 7만 원대까지 내려갈 수 있어요. 고객님, 계좌 메모 가능하세요? 우리은행입니다. 네? 보증금이 왜 필요하냐고요? 아 그건 전산상 부결 해제 단계가 있어서 그래요. 제가 지금 빨리 안내드려야 하는데, 오늘 마감이라 시간 없습니다. 네, 맞습니다. 지금 바로 하셔야 돼요.",1,대출 사기형,augmented_llm
aug_대출 사기형_0065,"어, 고객님 맞으시죠? 저는 하나은행 대환전담 상담원인데요, 신청하신 내용 확인돼서 연락드렸습니다. 현재 조회 결과로는 7백만 원에서 최대 4천만 원까지 가능성은 있는데, 신용점수 때문에 전산 부결이 한 번 났어요. 점수가 674점이셔서 나쁜 건 아닌데, 기존 대출이 분산돼 있고 최근 현금서비스가 잡혀서요. 그래서 일반 신용대출은 안 되고, 저희가 안내드리는 편법 대환으로만 진행 가능해요. 금리는 4.8%, 아 아니 3.8%로 조정될 수 있고요, 대신 오늘 안에 선납 보증금 47만 원이 필요합니다. 네네, 맞아요. 이건 심사 통과용으로 잡는 금액이라서 상환 완료 후 자동 정산되는 구조예요. 고객님이 지금 이거 안 하시면 오늘 6시 이후엔 마감돼서 내일 다시 잡아도 부결이 유지됩니다. 잠깐만요, 제가 지금 급하게 말씀드리는 이유가 그거예요. 지금 현재 남아 있는 한도가 많지 않아서 먼저 접수 선점해야 돼요. 고객님, 제가 제가 드리는 말씀이 거짓이 아니고요, 이거 놓치면 15.7%짜리 기존 대출 그대로 쓰셔야 합니다. 그러면 손해가 너무 크거든요. 네? 아, 지금 입금이 어렵다고요? 그 부분은 잠깐만요, 제가 10분만 드릴게요. 국민은행 계좌로 47만 원 선납하시면 바로 재심사 열고, 오늘 안에 승인 문자 넣어드리겠습니다. 네, 맞습니다. 지금 바로 처리하셔야 합니다.",1,대출 사기형,augmented_llm
aug_대출 사기형_0066,"네, 여보세요. 고객님 맞으시죠? 아, 잠깐만요. 저는 웰컴저축은행 대환상담팀 김대리인데요. 오늘 오전에 저금리 대환대출 가능 조회가 잡히셔서 바로 연락드렸어요. 고객님 지금 기존 대출이 몇 건 있으시고, 현재 신용점수 6백20점대에서 멈춰 있으셔서 전산상 일반 대환은 부결로 떠요. 근데 이게 완전 불가가 아니라요, 편법으로 한 번만 정리하시면 승인 루트가 열리거든요. 지금 고객님 같은 경우는 1천8백만 원 한도까지 가능하신데, 금리는 3.9%, 아, 3.5%로 안내드리는 게 맞고요. 네? 아 네, 맞아요. 그 금액은 기존 고금리부터 먼저 정리하시면 되는 구조예요. 다만 오늘 안에 전산 반영이 안 되면 내일은 아예 접수창이 닫혀요. 그래서 제가 말씀드리는 건, 우선 심사용 보증금 2백9십8만 원만 선납으로 넣어주시면 거기서 부결건 해제하고 바로 실행 잡아드리는 거예요. 아 그 부분은 걱정 안 하셔도 되고요, 이건 수수료 성격이라서요. 고객님, 지금 다른 분들 대기 때문에 4시 반 이전에 처리 안 되면 오늘 건은 소멸돼요. 잠깐만요, 고객님. 그러면 현재 쓰시는 은행이 농협이신 거죠? 네네, 농협이면 제가 바로 연동해서 상환계좌 잡아드릴게요. 아, 그리고 기존 대출 쪽에 지금 연체는 없으시죠? 네, 없으시면 더 빨라요. 지금 바로 입금 가능하실까요? 네? 아 네, 그럼 제가 문자로 가상계좌 보내드릴게요. 받으시면 2백9십8만 원 먼저 넣으시고 전화 주시면 됩니다. 이거 늦으면 오늘 한도는 날아가세요. 정말로요.",1,대출 사기형,augmented_llm
aug_대출 사기형_0067,"고객님, 지금 통화 괜찮으세요? 아, 저는 하나은행 서민대출 지원센터 쪽인데요. 방금 고객님께 저금리 대환 가능 문자 발송됐고, 확인차 연락드렸습니다. 현재 고객님 신용평점이 7백10점인데, 기존 카드론 때문에 자동부결이 한 번 나갔어요. 그런데 고객님 경우는 상환내역만 조금 보완되면 2천5백만 원까지는 충분히 가능해요. 네, 지금 조건이요? 네네, 금리는 4.2%, 아 아니고 3.8%에서 시작되고, 12개월 이후 조정되는 상품이고요. 그런데 지금 바로 신청하시면 부결 이력 때문에 본심사에서 막히니까, 제가 우회로를 하나 안내드리는 거예요. 우선 저희 내부에서 예외 승인으로 올려드리고, 거기에 맞춰서 고객님이 기존 카드론 3백50만 원만 먼저 상환 처리하시면 돼요. 아니요 아니요, 직접 카드론 창구로 가는 게 아니라 제가 연결해드리는 보증계좌로 넣으시면 됩니다. 그 보증금 3백50만 원이 들어와야 전산이 살아나요. 네? 아, 맞습니다. 오늘 5시 이전 마감이라서요. 지금 안 하시면 내일은 다시 처음부터 조회해야 해요. 고객님, 지금 그럼 체크카드 사용 은행이 우리은행이세요? 아, 네네. 그러면 제가 우리은행 계좌로 연동 잡아드리고, 우선 선납금 입금 확인되면 바로 승인 번호 올려드릴게요. 잠깐만요, 고객님. 이거 복잡한 거 아니고요, 지금 하시면 한도 2천5백만 원 바로 열립니다. 늦으시면 이 한도는 다른 분들한테 넘어가요.",1,대출 사기형,augmented_llm
aug_대출 사기형_0068,"아, 고객님. SBI저축은행 상품팀입니다. 문자 보셨을 텐데요, 지금 한도 조회 결과 1천2백만 원 가능으로 떠 있는데, 최종은 신용점수 때문에 부결로 정리됐어요. 혹시 최근에 현금서비스 쓰신 적 있으세요? 네? 아 네, 그러면 더 빨리 설명드릴게요. 현금서비스가 잡히면 저희 전산에서 상환능력 미달로 보거든요. 근데 이걸 한 번에 정리하는 방식이 있어요. 고객님이 지금 기존 소액대출 2건 중 하나를 선납 상환 처리하시면, 저희가 나머지 건까지 포함해서 대환으로 묶어드리는 거예요. 금리는요, 3.7%로 시작하고, 아 잠깐만요, 3.4%까지 적용 가능하다고 내부에서 내려왔고요. 한도는 최대 1천8백만 원입니다. 다만 오늘 오후 3시까지만 예외승인 넣을 수 있어서, 지금 늦으면 부결 유지돼요. 네네, 맞아요. 그래서 제가 드리는 방법이 편법처럼 보이실 수 있는데, 사실 이건 정상 처리 안 되는 고객님들만 쓰는 우회 방식이에요. 선납금 1백80만 원만 우선 넣으시면 그다음에 대환 실행으로 넘어갈 수 있고요. 아, 그 부분은 나중에 환급되는 게 아니라 수수료로 처리되는 거고요. 지금 안 하면 대환 기회 자체가 닫혀요. 고객님, 현재 사용 은행이 국민은행이시죠? 네, 그러시면 제가 국민은행 연계계좌로 바로 잡아드릴게요. 지금 바로 문자 확인 가능하세요? 아 네, 그럼 확인되시면 10분 내 입금 부탁드립니다. 마감 넘기면 오늘 건은 끝나요.",1,대출 사기형,augmented_llm
aug_대출 사기형_0069,"여보세요, 고객님 성함 확인 좀 할게요. 아, 네, 맞으세요? 저는 KB저축은행 대환상담 담당인데요. 고객님한테 저금리 대환대출 우선안내가 떠서 연락드렸습니다. 현재 외부 신용조회에서 점수가 5백90점대로 잡히셔서 일반 신규는 부결인데, 저희 쪽 내부특약으로만 2천만 원까지 열 수 있어요. 금리는 4.5%로 안내드리다가, 아 아니고요, 고객님 조건이면 3.9%까지 맞춰드릴 수 있습니다. 그런데 지금 바로 진행하시려면 보증수수료가 먼저 들어와야 해요. 2백7십만 원인데, 이 금액이 선납으로 확인돼야 상환능력 검증이 끝납니다. 네? 아 네, 맞습니다. 이거는 편법 대환 구조라서요, 기존 고금리 대출을 새 대출로 덮는 방식이에요. 지금 고객님 기존에 햇살론 쓰고 계시고, 카드론도 있으시잖아요. 그러면 더더욱 빠르게 정리하셔야 해요. 오늘 안으로 안 끝내면 자동으로 부결 재등록돼서 한 달간 조회가 막혀요. 아, 그러니까 지금 제가 말씀드리는 건, 선납금 넣고 나서 바로 실행이 아니라 먼저 전산예약을 잡아야 한다는 거예요. 예약금 2백7십만 원 입금되면 제가 승인 올리고, 그다음 1천6백만 원 대환으로 내려드릴게요. 잠깐만요, 고객님. 지금 다른 상담 중이라 시간이 많지 않아요. 문자로 계좌 보내드릴 테니까 받으시면 바로 처리해 주세요. 오늘 6시 전에 안 들어오면 이건 내일로 미뤄지는데, 내일은 조건이 더 나빠집니다.",1,대출 사기형,augmented_llm
aug_대출 사기형_0070,"아, 고객님 전화받으셨네요. 저 토스뱅크 제휴대출 심사팀인데요, 방금 고객님께 한도 1천5백만 원 사전안내가 떠서 바로 연락드렸어요. 현재 고객님 신용점수는 나쁘지 않은데, 최근 기존 대출 잔액 때문에 부결 흐름이 한 번 잡혔습니다. 그런데 이건 상환구조만 바꾸면 살릴 수 있어요. 지금 제가 말씀드리는 편법 대환은, 새로 대출을 받아서 바로 기존 고금리 건을 정리하는 방식이에요. 금리는 3.6%, 아 잠깐만요, 3.8%로 정정할게요. 고객님 조건에 따라 조금 달라질 수 있거든요. 대신 오늘 심사 마감이 5시 반이에요. 지금 안 움직이시면 전산이 닫혀서 다시는 이 한도 못 받으세요. 그래서 우선 확인금 1백95만 원만 넣어주시면, 제가 부결건 해제 요청 넣고 바로 한도 재산정해드릴게요. 네? 아 네, 그 확인금이 선납성 보증금이라서요, 입금 후에는 취소가 어려워요. 그렇지만 이 금액 안 넣으면 대환 자체가 안 열립니다. 현재 농협 계좌 쓰시죠? 아, 그러시면 농협 연동으로 바로 보내드릴 수 있어요. 지금 문자 받으시면 15분 안에만 입금해 주세요. 고객님, 이거 늦어지면 오늘 건은 마감돼요. 정말 마지막이에요.",1,대출 사기형,augmented_llm
aug_대출 사기형_0071,"여보세요, 고객님 맞으시죠? 아, 네네. 지금 잠깐 통화 가능하실까요. 저기 저희 국민은행 대출심사팀인데요, 오늘 오전에 신청하신 건이 있어서 연락드렸습니다. 고객님 현재 내부 조회상으로는 최대 3천5백만 원까지, 금리 3.9%, 아 3.5%로 안내가 가능한데요, 문제는 기존 기대출 때문에 전산상 부결이 한 번 나셨거든요. 고객님 신용점수가 742점으로 확인되는데 현금성 사용이 조금 많으셔서 바로는 안 됩니다. 그런데 이거 그냥 접으면 끝나는 게 아니라, 저희 쪽에서 편법 대환으로 한 번 정리해드리면 승인 살릴 수 있어요. 지금 기존에 쓰시는 2천1백만 원짜리 건이랑 카드론 한 개를 묶어서 저금리로 갈아타는 방식인데, 이게 오늘 안에 접수돼야 해요. 아, 잠깐만요 고객님. 제가 제가 말씀드리는 건 고객님한테 손해 보는 건 없고요, 진행 수수료만 먼저 38만 원 예치하시면 심사 보증금 명목으로 바로 올려드릴 수 있습니다. 이건 심사 자동 반영이라서 오늘 4시 이전에 입금 안 되면 오늘 건은 닫혀요. 네? 너무 크다고요? 아니에요, 그게 아니라 지금 고객님 한도 살리려면 최소한 이 정도는 있어야 해요. 지금 안 하시면 내일 다시 조회 들어가도 부결로 뜰 가능성이 높아서요. 아, 그리고 입금되면 바로 저희가 접수 마감 전으로 올려드릴게요. 계좌 불러드릴까요? 잠깐 메모해 주세요. 농협이고요, 예금주 확인되시면 바로 처리하시면 됩니다.",1,대출 사기형,augmented_llm
aug_대출 사기형_0072,"네, 안녕하세요. 저기 웰컴저축은행 상담실입니다. 고객님 성함 확인됐고요, 오늘 문자 받으셨죠? 저희 쪽에서 최대 2천8백만 원, 연 4.1%로 대환 가능하다고 보냈는데요. 근데 지금 전산 보니까 점수 미달로 부결 처리 표시가 떠 있어요. 고객님이 최근 6개월 안에 현금서비스를 두 번 쓰셔서 그래요. 아, 네? 그 정도 아니라고요? 네네, 맞아요. 그런데 수치가 그렇게 잡혀서요. 그래서 제가 말씀드리는 건, 기존 대출을 바로 상환하는 방식으로 기록을 정리한 다음에 재심사 넣는 겁니다. 이게 뭐 어렵게 들리실 수 있는데, 쉽게 말하면 오늘 저희가 안내드리는 한도만큼 우회 접수 넣고, 고객님은 보증성 납입금 29만 7천 원만 먼저 입금하시면 됩니다. 그러면 그 기록 가지고 다음 단계로 넘어가요. 지금 고객님 상태가 690점대라서 그냥은 안 되고, 이 보증금 입금 여부가 심사 핵심입니다. 어, 근데 지금 이 건은 오늘 오후 5시 전 마감이라 늦으면 자동 취소됩니다. 아 그 부분은 걱정 안 하셔도 되고요, 제가 계속 잡고 있을게요. 네? 가족이랑 상의하신다고요? 잠깐만요, 상의하시면 좋긴 한데 오늘 안에 안 되면 아예 이번 한도는 소멸돼요. 저희 쪽에서 다시 열어드리기 어렵습니다. 지금 바로 진행하실 수 있겠어요?",1,대출 사기형,augmented_llm
aug_대출 사기형_0073,"고객님, 잠깐만요. 하나은행 여신안내팀인데 지금 연결되셨죠? 네, 네. 고객님 어제 넣으신 대환대출 심사 결과가 떴는데, 한도는 4천만 원까지 가능하신데 부결 사유가 신용점수 713점, 그리고 기존 단기연체 이력으로 나왔어요. 근데 이거요, 완전 끝난 건 아니고 편법 대환 쪽으로 다시 돌리면 살릴 수 있습니다. 그러니까 현재 사용 중인 카드대금 870만 원을 먼저 정리하고, 저희가 안내드리는 확인비 44만 원을 예치하시면 예외심사로 다시 올라가요. 아, 제가 제가 말씀드리는 건 그냥 돈 더 내라는 게 아니라, 심사 보증 차원이에요. 고객님 지금 대출이 두 건 있으시잖아요. 있으시면 그걸 그대로 두고는 안 됩니다. 오늘 오전 안에 납입 확인이 안 되면 내부 규정상 접수가 닫히고, 다시 열려도 금리가 5.8% 이상으로 올라가요. 지금은 3.6%로 맞춰드릴 수 있는데, 그 마감이 한 시간 정도 남았어요. 아, 네? 왜 이렇게 급하냐고요? 네네, 맞습니다. 오늘 전산 배정분이 끝나기 전까지만 가능해서요. 잠깐만요, 제가 계좌 다시 불러드릴게요. 국민은행 쪽 가상계좌이고요, 입금 후 바로 전화 주시면 제가 상환증빙으로 묶어서 올려드리겠습니다.",1,대출 사기형,augmented_llm
aug_대출 사기형_0074,"어, 고객님 전화 받으셨네요. 저기 우리은행 상담부 박민호 대리입니다. 지금 고객님 명의로 저금리 대환한도 조회가 올라와서 말씀드리는데요, 최대 1천9백만 원, 금리 4.5%로 가능하신데 전산상 신용 하락 때문에 한번 부결이 났습니다. 고객님 점수가 689점으로 나오거든요. 그리고 최근에 현금서비스가 있어서 심사가 막혔어요. 근데 이거 제가 그냥 포기하라고 드리는 말씀이 아니고, 고객님이 쓰시는 고금리 건을 먼저 정리하면 바로 풀 수 있어요. 편법이라고 생각하실 수 있는데, 실제로는 선납 확인만 들어가면 되는 방식입니다. 그래서 오늘 안에 31만 원만 보증예치금으로 먼저 넣으시고, 저희 쪽에서 한도 재오픈 처리하면 됩니다. 지금 안 되시면 오후 3시 이후에는 오늘 자리는 끝나요. 아, 지금 고객님 목소리 들어보니까 좀 망설이시는 것 같은데, 네? 금액이 작지 않다고요? 네, 맞아요. 그런데 이게 있어야 대출 심사가 살아납니다. 지금 바로 입금하시면 접수번호 발급해드리고, 그다음에 기존 대출 상환 순서 잡아드릴게요. 아 그 부분은 제가 하나하나 설명드릴게요. 먼저 카카오뱅크나 농협 계좌로 옮기시면 안 되고요, 저희가 불러드리는 예치 전용 계좌로만 하셔야 됩니다. 메모 가능하세요?",1,대출 사기형,augmented_llm
aug_대출 사기형_0075,"네, 안녕하십니까. 삼성카드 연계 금융상담센터입니다. 고객님, 지금 통화 괜찮으세요? 방금 확인 결과 대환 한도 2천4백만 원까지 열려 있는데, 신용점수와 기존 대출 건 때문에 자동 부결 상태입니다. 고객님 소득은 괜찮으신데 최근 3개월 간 신용조회가 많아서 그렇습니다. 그래서 제가 안내드릴 방법은 하나예요. 지금 고금리 건을 당사 심사로 우회 정리하고, 심사 선납금 52만 원을 먼저 입금하시면 재심사로 올려드릴 수 있습니다. 이게 고객님한테 불리한 건 전혀 없고요, 오히려 금리 3.8%로 낮출 수 있어요. 아, 그리고 마감이 오늘 6시입니다. 6시 지나면 이 번호로 다시 연락드려도 오늘 한도는 소멸돼요. 네? 조금 생각해보겠다고요? 음, 생각하시는 건 좋은데 지금이 가장 낮은 금리로 묶을 수 있는 마지막 시간이라서요. 제가 고객님 상황을 봤을 때는 지금 카드론 1건만 정리해도 승인 쪽으로 기울 수 있거든요. 그러니까 먼저 52만 원 예치하시고, 그다음에 기존 대출 상환 확인서 받아서 바로 접수하는 겁니다. 잠깐만요, 제가 다시 정리해드리면, 오늘 안에 보증금 입금, 상환 확인, 재심사, 이 순서예요. 늦으면 내일은 부결로 다시 돌아가니까요. 지금 계좌번호 불러드릴까요, 아니면 문자로 먼저 받으시겠어요?",1,대출 사기형,augmented_llm
aug_대출 사기형_0076,"여보세요 고객님, 저 농협 대출상담센터인데요. 지금 잠깐 통화 가능하실까요? 아, 통화가 좀 길지 않을 거고요. 고객님께서 어제 한도 조회 남기신 거 확인돼서 연락드렸습니다. 현재 고객님 신용점수 742점으로 조회되시는데, 저금리 대환 쪽으로는 최대 3천만 원까지 가능하신 걸로 떠요. 다만 지금 기존 기대출이 두 건 잡혀 있어서 자동부결이 났거든요. 그게 아니라, 그러니까 부결이 난 건 고객님 조건이 안 좋아서가 아니라 현재 신용점수 변동이 좀 있어서 그래요. 지금 이거 오늘 안에 정리하시면 2.9%, 아 죄송합니다 3.1%까지도 내려갈 수 있는데, 내일로 넘어가면 금리가 5.8%로 다시 올라가요. 네네, 맞아요. 그래서 제가 말씀드리는 게, 기존 대출을 한 번에 상환하는 방식으로 하면 전산이 다시 살아납니다. 고객님 같은 경우는 지금 하나은행 1천2백만 원, 또 저축은행 8백만 원 이렇게 있으셔서, 저희 쪽으로 편법 대환 형태로 먼저 2천만 원 신규 실행하고 바로 기존 건 정리하시면 됩니다. 아 그 부분은 걱정 안 하셔도 되고요, 오늘 중으로만 진행하시면 돼요. 그런데 지금 보증금 성격으로 선납금 48만 원이 먼저 들어가야 심사 라인이 잡히거든요. 이건 심사 수수료가 아니라 예치금인데, 접수 마감이 4시 반이라 지금 20분 안에 안 들어가면 오늘 차수는 그냥 날아가요. 잠깐만요, 고객님. 제가 제가 드리는 말씀이 어려우시면 제가 순서대로 말씀드릴게요. 선납금 입금 확인되면 바로 한도 재심사 넣고, 재승인 나오면 고객님 계좌로 2천만 원 나갑니다. 네? 아 그러세요? 그러면 지금 입금 가능하신 거죠? 제가 문자로 계좌 안내드리겠습니다.",1,대출 사기형,augmented_llm
aug_대출 사기형_0077,"네, 웰컴저축은행 대환팀입니다. 고객님 성함 확인되셨고요, 지금 상담 중이신 거 맞으시죠? 아, 네네. 지금 보시니까 고객님 기존 대출이 4건 잡혀 있는데, 총 잔액이 2천7백만 원 정도 되세요. 현재 점수는 689점으로 나오셔서 일반 대환은 부결 처리됐습니다. 네, 맞아요. 이게 왜 그러냐면 현금성 사용 기록이 많으셔서 상환 능력이 조금 낮게 잡혀서 그래요. 그런데 고객님, 이건 방법이 있습니다. 우선 저희 쪽에서 3천5백만 원 한도로 재심사 넣고, 고객님이 기존 건 중 하나를 오늘 바로 정리하시면 전산상 부채비율이 내려가거든요. 그러면 아, 그러니까 고객님이 기존 대출을 먼저 조금 정리하신 다음에 새로 받는 방식으로 진행하는 거예요. 편법 같아 보여도 이게 실무상 가장 빨라요. 금리는 4.7%로 안내드렸는데, 아 죄송합니다 4.3%가 맞습니다. 제가 방금 확인했어요. 지금 고객님께서 신한 쪽 9백만 원, 카카오뱅크 6백만 원이 있으셔서, 한 곳만 선납 처리하면 바로 승인률 올라갑니다. 다만 오늘 오후 5시 전에 보증금 55만 원이 선납돼야만 접수 유지가 되는데요, 이거 미입금되면 오늘 건은 취소되고 내일 다시 처음부터 보셔야 해요. 고객님, 그러면 손해 보시는 건 없고요. 저희가 먼저 승인라인 잡아드린 다음에 고객님이 기존 건 상환하시는 식입니다. 네? 아아, 그거요? 네, 보증금 입금은 계좌이체로만 받습니다. 잠깐만요, 제가 계좌번호 불러드릴게요.",1,대출 사기형,augmented_llm
aug_대출 사기형_0078,"고객님, 국민은행 마포지점 대출관리실인데요. 방금 조회 건으로 연락드렸습니다. 지금 고객님께서 신청하신 2천8백만 원 상품이 1차로 부결 나셨거든요. 이유가 신용점수 701점, 그리고 최근 6개월 내 카드론 사용 이력이 잡혀서 그렇습니다. 아, 네, 그 부분 때문에요. 그런데 지금 포기하시면 안 되고요, 오히려 지금이 마지막 기회입니다. 저희 쪽은 오늘만 예외심사 열려 있어서, 편법 대환 방식으로 다시 접수하면 한도 3천만 원까지 열릴 수 있어요. 금리는 3.9%, 아 아니 3.6%로 보시면 되고요, 36개월 원리금 방식입니다. 고객님 지금 우리은행에 1천만 원, 기업은행에 7백만 원 있으시죠? 이거를 한 번에 다 정리하실 필요는 없고, 일단 기업은행 건만 우선 정리하시면 전산상 부채가 떨어져서 승인 가능성이 올라갑니다. 그런데 지금 실무상 선납금 62만 원이 먼저 들어가야 재심사 슬롯이 잡혀요. 이거는 수수료가 아니라 대환 보증금 성격이라서 나중에 다시 반영됩니다. 네? 아 그럼 제가 먼저 돈을 내야 하냐고요? 네, 맞습니다. 지금 마감이 15분 남아서, 이거 안 하시면 오늘 3시 이후 접수는 닫혀요. 제가 제가 말씀드리는 건 고객님 불이익 없게 하자는 거예요. 입금 확인되면 바로 재접수, 바로 재심사, 바로 승인 이렇게 들어갑니다. 고객님, 망설이시면 차수 넘어가서 이율이 6%대로 다시 잡혀요. 그러니까 지금 바로 처리하셔야 돼요.",1,대출 사기형,augmented_llm
aug_대출 사기형_0079,"네, 삼성카드 연계 대환안내팀입니다. 고객님 지금 잠깐 메모 가능하실까요? 네네, 메모 가능합니다. 좋습니다. 현재 고객님 명의로 조회되는 대출이 총 1천9백80만 원이고요, 신용점수는 728점인데 최근 3개월 간 연체는 없으신데도 내부심사에서 부결이 났습니다. 아, 왜냐하면 고객님께서 현금서비스를 한 번에 많이 쓰셔서 상환 여력이 낮게 잡혔거든요. 그래서 저희가 드리는 안은, 지금 기존 대출을 바로 상환하는 대신 신규 2천5백만 원을 먼저 실행하고 일부 금액으로 기존 건을 정리하는 방식입니다. 흔히 말하는 우회 대환이라고 보시면 돼요. 네, 맞아요. 금리는 4.1%에서 시작인데, 아 죄송합니다 3.8%까지 가능합니다. 다만 이건 오늘 접수분에 한해서고, 내일 넘어가면 자동으로 5.2%로 바뀌어요. 고객님 현재 햇살론 쪽으로도 한도 가능성은 있는데, 그건 부결 이력이 정리돼야 해서 시간이 걸립니다. 그래서 지금은 제가 임시승인으로 돌려드릴게요. 그런데 이 임시승인을 유지하려면 보증금 41만 원이 먼저 들어가야 합니다. 이건 고객님 상환 이력 확인용이라서 나중에 차감되는 금액이고요. 네? 아 그럼 안 내도 되냐고요? 아니요, 지금은 안 내시면 접수 자체가 사라져요. 지금 지금 바로 보내셔야 하고, 30분 안에 확인돼야 저희 전산에 반영됩니다. 어, 고객님. 잠깐만요, 제가 지금 설명이 조금 길었죠? 핵심은 하나예요. 선납금 먼저, 그다음 승인, 그리고 대환 실행입니다.",1,대출 사기형,augmented_llm
aug_대출 사기형_0080,"저기요 고객님, 케이뱅크 상담부서인데요. 방금 한도 안내 문자 받으셨을 텐데 확인되시죠? 네, 맞습니다. 고객님은 최대 2천4백만 원까지 가능하신데, 지금 부결 사유가 신용점수 694점과 기존 대출 중복으로 떠 있습니다. 네네, 그런데 이건 완전히 막힌 게 아니고요. 제가 말씀드리는 건, 고객님이 기존 대출을 바로 갚는 방식보다 신규 한도 먼저 열고 그걸로 기존 건을 정리하는 편이 더 유리하다는 거예요. 이게 편법 대환인데 실무에서는 많이 씁니다. 금리는 3.5%로 안내드렸고, 아 제가 잘못 봤네요 3.7%가 맞습니다. 고객님께서는 농협에 1천1백만 원, SBI저축은행에 9백만 원 있으셔서, 두 개 다 건드릴 필요 없이 한 건만 우선 조정하면 됩니다. 다만 지금 심사 유지비로 53만 원 선납이 필요해요. 이게 들어가야 오늘 차수에 올릴 수 있고, 안 들어오면 오후 4시 이후로는 대기열이 밀려서 내일 재신청이 됩니다. 아, 그러니까 지금 마감 직전이라 시간이 없습니다. 네? 잠깐만요, 고객님이 좀 망설이시는 거 같은데, 손해 보는 구조 아니고요. 보증금은 승인 완료되면 자동 반영됩니다. 지금 바로 계좌이체 가능하시면 제가 접수 번호 드리겠습니다.",1,대출 사기형,augmented_llm
aug_대출 사기형_0081,"여보세요, 고객님. 국민은행 대환상담센터인데요, 지금 통화 가능하실까요? 네, 고객님께서 오전에 남겨두신 심사 건 때문에 연락드렸고요. 아, 우선 말씀드리면 지금 저금리 대환 쪽으로는 최대 8천만 원까지 가능성 열려 있으신데, 고객님 신용점수가 좀 걸리세요. 현재 전산상 681점으로 잡히시거든요. 그러니까 저희 기준에는 720점 이상이셔야 한도 4천에서 8천 사이가 나오는데, 지금은 아쉽게 부결이 한 번 뜨셨어요. 네? 아니요, 고객님 조건이 나쁘다는 뜻은 아니고요, 음, 현금서비스랑 카드론이 조금 섞여 있어서 상환능력 쪽에서 막히신 거예요. 그래서 제가 말씀드리는 건 일반 대출로는 안 되고, 편법은 아니고요, 그 대환 전용으로 먼저 한 건 정리하는 방식이 있어요. 예를 들어 농협 쪽에 남아 있는 1,850만 원을 먼저 정리하시면 저희 쪽에서 6개월치 상환 이력 확인하고 바로 6.9%, 아 아니고 5.8%로 다시 내려드릴 수 있거든요. 아, 그런데 이게 오늘 오후 4시 전까지만 가능하세요. 마감이 걸려 있어요. 지금 시간이 지나면 아예 전산이 닫혀서 내일로 넘어가고, 내일은 금리가 더 올라가요. 네네, 맞아요. 그러니까 제가 지금 안내드리는 게, 고객님이 먼저 120만 원 정도 보증금 성격으로 넣어주시면 이게 심사 접수로 전환돼요. 이건 수수료가 아니라 예치금 형태예요. 제가 제가 드리는 말씀이 좀 헷갈리실 수 있는데, 쉽게 말하면 접수 처리비인데 나중에 전액 차감되는 구조입니다. 고객님, 지금 바로 입금 가능하실까요? 아, 잠깐만요? 네네, 잠깐만 기다리시면 안 되고요, 지금 10분 안에만 잡아야 돼요. 저희 쪽 배정번호가 살아 있는 시간이라서요. 만약 지금 안 하시면 오늘 한도는 그냥 소멸됩니다. 고객님께서 원하시면 제가 계좌번호 바로 불러드릴게요. 네, 준비되셨죠?",1,대출 사기형,augmented_llm
aug_대출 사기형_0082,"잠시만요, 고객님. 웰컴저축은행 여신관리팀인데, 지금 문자 받으시고 연락 주신 거 맞으시죠? 네, 고객님 건은 저금리 대환으로 분류가 돼서 최대 5천5백만 원까지 검토가 들어가셨고요. 금리는 3.9%, 아 아니 4.2%로 처음 안내가 나갔다가, 고객님 신용점수 확인해 보니까 689점이셔서 4.7%로 다시 잡혔습니다. 음, 근데 여기서 한 번 부결이 떴어요. 고객님께서 최근 2달 안에 현금서비스 사용이 확인돼서 상환압박으로 보였거든요. 그렇다고 끝난 건 아니고요, 저희가 편법 대환이라고 부르는, 아 그게 아니라 제가 말씀드리는 건 우회정리 방식이 있어요. 기존 부채를 잠깐 정리해 두시면 전산상 부채 비율이 내려가서 다시 심사 가능해집니다. 지금 신한은행 쪽에 780만 원, 카드론에 430만 원 남아 있으시잖아요. 이걸 오늘 안으로 선납 정리하셔야 돼요. 왜냐하면 오늘 5시까지만 예외승인 창이 열려 있어서요. 네? 그 돈을 먼저 어디로 넣냐고요? 아, 예치 보증 계좌로 넣으시면 됩니다. 수수료가 아니라 보증금 성격이라서, 심사 통과되면 바로 돌려드리는 거예요. 제가 제가 반복해서 말씀드리는 이유가, 고객님이 지금 바로 정리 안 하시면 내일은 대환 한도가 2천만 원대로 떨어져요. 지금은 5천5백만 원까지 열려 있는데 오늘 지나면 절반도 안 남습니다. 그러니까 고객님, 지금 통장 잔액 확인되시면 바로 진행하셔야 돼요. 잠깐만요, 가족분한테 물어보실 시간은 없고요, 제가 3분 안에 접수 넣어야 합니다. 접수되면 30분 안에 승인 문자 나가고, 그다음에 대출금으로 기존 거 상환하는 방식으로 처리됩니다. 고객님, 이해되셨어요?",1,대출 사기형,augmented_llm
aug_대출 사기형_0083,"네, 고객님. 하나은행 대출상담실 이지연입니다. 어제 신청하신 건 확인돼서 연락드렸고요. 현재 한도는 7천만 원까지 가능성 있으신데, 아쉽게도 부결이 먼저 잡혔어요. 이유가 뭐냐면 고객님 신용평점이 702점이긴 한데, 최근 연체 이력하고 과다조회가 같이 보여서 상환여력 미달로 뜨셨습니다. 아, 그러면 안 되는 거 아니냐고요? 아니에요, 고객님. 지금 바로 막힌 건 아니고, 한 번 더 우회 심사 들어가면 됩니다. 저희가 보통 편법 대환이라고 부르는 건데, 기존 대출을 바로 갚아버리고 새로 한도 받는 방식이에요. 네네, 맞아요. 고객님 같은 경우는 우리은행 쪽 잔액 1,260만 원만 먼저 정리하시면 돼요. 그럼 대환 전용 심사로 바꿔서 금리 6.5%, 아 잠깐만요 6.1%까지 낮춰드릴 수 있어요. 그런데 이게 오늘만 가능해요. 지금 오후 3시 40분이라서, 20분 지나면 전산 마감이라 접수 자체가 안 됩니다. 고객님, 지금 바로 90만 원 선입금 해주셔야 예외승인 코드가 살아나요. 이건 심사보증금이고, 일종의 선납 처리입니다. 네? 수상하다고요? 아, 고객님 너무 걱정 안 하셔도 돼요. 저희가 먼저 대출 승인 쪽으로 묶어드리고 나서 그 안에서 정리하는 거라서요. 지금 안 하시면 부결 이력만 남고 한도는 내려갑니다. 제가 말씀드리는 게 지금 마지막 기회라는 거예요. 계좌이체 가능하시면 제가 바로 안내드릴게요.",1,대출 사기형,augmented_llm
aug_대출 사기형_0084,"고객님, 삼성카드 연계대출 담당인데요, 전화 받으시면 바로 말씀드리려 했어요. 현재 고객님께 최대 3천5백만 원까지 가능하신 걸로 떠 있는데, 지금 신용점수 때문에 한 번 끊겼습니다. 676점으로 확인되시고, 카드 사용률이 높아서 대환 심사가 막혔거든요. 그래서 제가 지금 제안드리는 건, 저희 쪽에서 선납금 150만 원만 먼저 확인되면 다시 심사를 돌리는 방법입니다. 네, 대출을 받기 전에 왜 돈을 넣냐고요? 아, 그 부분은 이해하실 수 있는데, 이건 보증서 발급 비용처럼 잡히는 거예요. 고객님이 그 금액만 넣으시면 내부에서 상환능력 보강으로 처리돼서, 기존 카카오뱅크 980만 원, 케이뱅크 670만 원을 묶어서 한 번에 정리하는 대환이 열립니다. 아, 그리고 금리는 4.5%로 보이다가 고객님 조건상 5.2%, 아 아니 5.0%까지 올라갈 수 있어요. 그래도 일반 신용대출보다 훨씬 낮죠. 지금 시간이 별로 없어요. 네? 오늘 안 되면 어떻게 하냐고요? 오늘 6시 전까지 안 들어오면 심사창 닫혀서 내일 다시 처음부터 해야 됩니다. 그러면 부결 기록만 한 번 더 쌓여서 더 불리해져요. 제가 제가 드리는 말씀이 좀 급하게 들릴 수 있는데, 고객님 지금 바로 모바일로 송금 가능하시면 좋고요. 아니면 가까운 농협에서라도 바로 처리해 주세요. 아, 잠깐만요. 계좌번호 적으실 수 있죠? 네, 지금 불러드릴게요.",1,대출 사기형,augmented_llm
aug_대출 사기형_0085,"네, 여기 KB저축은행 승인센터입니다. 고객님, 혹시 메모 가능하십니까? 지금 안내드릴 게 좀 급해서요. 고객님은 지금 최대 6천만 원 한도 열려 있는데, 전산상 신용점수 694점으로 확인되셔서 바로는 부결이 난 상태예요. 음, 대신 우회로는 있습니다. 기존 채무를 먼저 일부 상환하시면 대환 전용으로 다시 올릴 수 있어요. 지금 저희가 확인한 건 농협 1,430만 원, SBI저축은행 520만 원 남아 있으시고요. 이걸 한 번에 정리하셔야 오늘 예외승인이 됩니다. 금리는 7.8%로 시작했다가, 아 아니 6.4%까지 조정 가능하신데, 그 조건은 오늘 접수분만 해당돼요. 네네, 맞습니다. 그런데 중요한 건 선납금입니다. 110만 원만 먼저 입금해 주셔야 심사코드가 살아나고, 그다음에 한도금이 나와요. 이게 수수료처럼 보일 수 있는데 보증 예치 개념이라서, 심사 완료되면 합산 처리됩니다. 고객님, 지금 시간이 15분밖에 안 남았어요. 이 시간 지나면 오늘 배정된 상담건이 자동 취소돼서 내일은 다시 처음부터 신용조회부터 해야 합니다. 그러니까 제가 지금 계속 재촉드리는 거예요. 어, 고객님이 망설이시는 건 아는데요, 여기서 멈추면 부결 하나 더 추가됩니다. 지금 바로 입금하시고 저한테 “완료”라고만 말씀 주세요. 그러면 제가 즉시 대환 승인으로 넘겨드릴게요.",1,대출 사기형,augmented_llm
aug_대출 사기형_0086,"여보세요, 고객님 맞으시죠? 아 네, 저 하나은행 대환상담팀인데요. 잠깐만요, 지금 상담 가능하시면 바로 안내드릴 게 있어서요. 고객님께서 지난번에 신청하신 저금리 대환 건이 전산상으로는 일단 한도 8천만 원까지 열려 있었는데, 아까 확인하니까 신용점수 쪽이 642점으로 내려가서 부결 처리 직전으로 잡혔어요. 아, 이게 그냥 끝나는 게 아니라, 지금 다시 살릴 수 있는 방법이 하나 있긴 한데요. 고객님 현재 카드론이랑 현금서비스가 좀 섞여 있죠? 그러니까 제가 말씀드리는 건, 기존 고금리 건을 바로 상환하는 방식으로 편법 대환이 들어가야 해요. 지금 대환 금리는 3.9%, 아 아니에요 3.5%로 잡아드리는 조건이고, 최종 한도는 7천5백에서 최대 8천까지 가능하세요. 다만 이게 오늘 5시 이전까지 보증금 성격의 선납금 38만 원이 들어와야 전산 예약이 살아납니다. 네? 왜 돈을 먼저 내냐고요? 아 그 부분은 걱정 안 하셔도 되고요, 심사 보증 처리로 잡히는 거라 고객님 손해는 아니세요. 문제는 지금 이 시간 지나면 오늘자 부결로 닫혀서 월요일로 넘어가고, 그러면 금리도 4.7%로 올라가요. 네네, 맞아요. 그래서 제가 말씀드리는 게 지금 바로 처리하셔야 된다는 거예요. 계좌 확인 드릴게요, 농협 쓰시죠? 네, 거기로 선납금 처리되시면 제가 바로 접수 올려서 내일 오전에 최종 승인 연락 드릴게요. 잠깐만요, 고객님 신분증 등록된 이름이 맞는지만 확인해 주시면 됩니다. 아, 네, 맞으세요? 그러면 제가 지금부터 빠르게 진행할게요.",1,대출 사기형,augmented_llm
aug_대출 사기형_0087,"네, 고객님 안녕하세요. KB저축은행 여신관리부인데요, 지금 통화 잠깐 괜찮으세요? 아, 제가 문자 드린 대환대출 한도 건 때문에 연락드렸습니다. 고객님은 현재 최대 6천만 원까지 가능하신데, 아쉽게도 전산상 신용점수 588점으로 찍혀서 오늘 오전 심사에서는 부결이 나셨거든요. 근데 이거 완전히 끝난 건 아니고요, 제가 실무적으로 다시 열어드릴 수 있는 방법이 있어요. 고객님 지금 기존 대출이 몇 개 있으시죠? 네? 두 건이요? 아 네네, 그러시면 더 빨라요. 지금 기존 고금리 대출을 낮은 금리로 갈아타는 형태인데, 일반 대환이 아니라 우회 상환 방식으로 들어가야 해요. 쉽게 말하면 지금 고객님 쪽에서 2금융권 채무를 먼저 정리한 기록을 만들고, 저희 쪽에 상환 여력이 생겼다고 전산 반영을 하는 거예요. 금리는 4.1%, 아 잠깐만요, 4.0%로 맞춰드릴 수 있고 한도는 5천8백까지 열 수 있습니다. 그런데 이게 오늘 안에 선입금 27만 원이 안 들어오면 시스템이 자동 종료돼서 재심사 자체가 막혀요. 네, 수수료처럼 보이실 수 있는데 이건 심사보증금이라서 끝나면 같이 처리되는 거예요. 아, 네가 왜 넣어야 하냐고요? 그 부분은 제가 이해합니다. 그런데 지금 다른 고객님들도 마감이 걸려 있어서 오늘 마감 전, 그러니까 4시 30분 전에는 꼭 넣으셔야 돼요. 안 그러면 내일 다시 부결로 올라가고, 그때는 조건이 더 안 좋아져요. 지금 바로 계좌번호 불러드릴게요. 우리은행 계좌로 넣으시면 되고, 넣는 즉시 제가 승인요청 올리겠습니다. 고객님, 지금 메모 가능하세요? 잠깐만요, 제가 너무 빨리 말했죠. 천천히 다시 말씀드릴게요.",1,대출 사기형,augmented_llm
aug_대출 사기형_0088,"아, 고객님 성함 확인되셨고요. 지금 삼성카드 대출연계센터인데요, 오늘 오전에 문자 받으셨던 9천만 원 한도 안내 건으로 연락드렸습니다. 고객님은 현재 카드 이용은 괜찮으신데 신용평점이 701점에서 676점으로 떨어져서 자동 부결이 한 번 나갔어요. 그런데 이게 저희 시스템이 엄격해서 그렇지, 실제로는 조건만 맞추면 다시 열립니다. 지금 고객님께 필요한 건 고금리 카드론을 저금리 대환으로 바꾸는 거고요, 중간에 편법 상환 기록만 만들어주시면 돼요. 아, 편법이라고 해서 이상한 건 아니고요, 기존 채무를 오늘 중 일부라도 정리해서 상환능력 점수를 올리는 방식입니다. 금리는 5.2%, 아 아니네요 4.8%로 다시 안내드릴 수 있고, 한도는 최대 1억까지지만 고객님은 7천만 원 정도가 현실적이에요. 네? 왜 7천이냐고요? 현재 소득 대비 DSR 때문에 그래요. 대신 오늘 안에 45만 원만 선납 처리되면 예외심사로 올려드릴 수 있습니다. 이게 마감이 오늘 오후 3시 40분이에요. 그 이후에는 신청 넣어도 바로 차단돼서 월요일로 밀리고, 월요일엔 부결 기록 때문에 더 어려워집니다. 그러니까 지금 지금 바로 처리하셔야 돼요. 선납금은 보증금 형태라서 승인 나면 같이 정산되는 거고, 저희가 따로 떼먹는 구조가 아닙니다. 잠깐만요, 고객님께서 기존 대출 있으시면 그 은행 이름만 먼저 말씀해 주세요. 아, 농협이랑 케이뱅크요? 네네, 그러면 제가 그쪽 상환 이력부터 맞춰서 안내드릴게요.",1,대출 사기형,augmented_llm
aug_대출 사기형_0089,"네, 여보세요. 저 웰컴저축은행 상담팀 이지현인데요, 고객님께서 신청하신 대환상품 바로 이어서 안내드리려고 전화드렸습니다. 지금 대출 한도는 4천5백에서 최대 6천2백까지 보실 수 있는데, 아까 전산 보니까 신용점수 문제로 부결 표시가 한 번 떠서요. 아, 이게 완전 불가가 아니라 조건부 보류예요. 고객님 현재 연체는 없으신데 현금서비스 잔액이 좀 있어서 시스템이 민감하게 잡은 것 같아요. 그래서 제가 말씀드리는 건, 기존 고금리 채무를 먼저 상환 처리한 것처럼 보이게 만들어야 해요. 즉, 오늘 중으로 선납금 32만 원을 넣으시면 대환 한도를 다시 열어드리고, 금리는 3.7%, 아 잠깐만요 3.6%로 최종 조정 가능하세요. 네, 왜 선납을 하냐고요? 고객님 건은 내부 보증이 걸려 있어서 그래요. 보증 확인이 되면 바로 승인으로 바뀝니다. 근데 지금 2시 반까지 접수 마감이라 시간이 별로 없어요. 마감 지나면 오늘자 신청은 그대로 종료되고, 부결 사유가 신용점수 미달로 남아서 다음 주에도 영향이 있어요. 네네, 맞습니다. 그래서 제가 급하게 연락드린 거고요. 계좌는 국민은행으로 잡아드릴 수 있습니다. 고객님, 일단 지금 쓰시는 통장 있으시면 바로 말씀해 주세요. 아, 없으시면 새로 안내드릴게요. 너무 어렵게 생각 안 하셔도 되고요, 제가 계속 옆에서 처리 도와드릴게요. 음, 지금 바로만 움직이시면 오늘 안에 한도 나갑니다.",1,대출 사기형,augmented_llm
aug_대출 사기형_0090,"잠깐만요, 고객님 전화 받으실 수 있으세요? 아, 네. 저 국민은행 금융지원과인데요, 저희가 방금 고객님 대환대출 가능 여부 다시 잡아봤거든요. 지금 조건상으로는 최대 9천만 원까지 가능하신데, 신용점수 619점 때문에 1차 부결이 났습니다. 그런데 고객님처럼 직장 확인되고 소득 들어오는 분들은 편법 대환으로 다시 살릴 수 있어요. 쉽게 말하면 기존 대출을 당일 상환 처리한 뒤, 저희 쪽 신규 대출로 갈아타는 방식입니다. 금리는 4.2%, 아 아니에요, 오늘은 4.0%까지 맞춰드릴 수 있고요. 한도도 9천까지 열릴 수 있는데, 이게 오늘 6시 전에 선납 보증금 29만 원이 들어가야 해요. 네? 보증금이 왜 필요하냐고요? 지금 심사 예약 슬롯을 잡아두는 비용이라서 그래요. 이거 안 넣으면 바로 자동 취소되고, 취소되면 고객님 신용점수 영향 때문에 다음 승인도 더 어려워집니다. 그리고 지금 마감이 임박해서 다른 고객들 순번도 들어오고 있거든요. 아, 그러니까 제가 말씀드리는 건 오래 끌 수가 없어요. 지금 바로 농협 계좌로 넣으시면 제가 즉시 승인 올려드리고, 상환 내역서까지 연결해드릴게요. 잠깐만요, 고객님이 기존에 대출 몇 건 있으신지만 다시 확인할게요. 네? 세 건이요? 아, 그럼 더 빨리 진행해야 됩니다. 지금 안 하시면 오늘 건은 부결 확정으로 넘어가요.",1,대출 사기형,augmented_llm
aug_대출 사기형_0091,"여보세요, 고객님 김태훈 상담팀입니다. 지금 통화 가능하실까요? 아, 네네, 짧게만 말씀드릴게요. 저희 쪽에서 오늘 한정으로 저금리 대환대출 안내가 가능하신 분들만 선별해서 연락드렸거든요. 고객님 현재 신용점수 692점으로 조회되시고, 기존 대출이 두 건 있으신데, 그 상태에서도 최대 4천5백만 원까지, 아 잠깐만요, 4천8백만 원까지도 가능하신 걸로 잡혀 있습니다. 금리는 4.9%, 아 아니에요 3.9%로 우선 안내드리는 건데요, 고객님이 받으시는 기존 카드론이랑 현금서비스를 한 번에 정리하시고 저희 쪽으로 묶는 방식입니다. 그런데 지금 전산상으로는 부결 한 번 떠요. 왜 그러냐면 최근 3개월 내 신용조회가 너무 많고, 점수 하락 구간이라서요. 아, 이 부분은 걱정 안 하셔도 되고요. 제가 말씀드리는 편법 대환 방식이 있는데, 기존 대출을 바로 상환하시는 조건으로 신용 회복 확인만 잡아주시면 됩니다. 그러니까 오늘 안에만 처리하시면 되고, 이게 마감이 5시 반이에요. 지금 시간 얼마 안 남았거든요. 우선 선납 보증금 38만 원만 입금해 주셔야 전산이 살아납니다. 이건 수수료가 아니라 담보 성격이에요. 네? 아 그 부분이 이상하다고 느끼실 수 있는데, 정상 승인 나면 바로 환급 처리돼요. 지금 바로 처리 안 하시면 오늘 건은 자동 소멸되고 내일은 한도 자체가 없어져요. 고객님 사용 은행이 농협이시죠? 농협으로 보내시면 제가 접수번호 바로 잡아드릴게요. 잠깐만요, 고객님. 이거 놓치시면 다시는 오늘 같은 조건 안 나와요.",1,대출 사기형,augmented_llm
aug_대출 사기형_0092,"네, 하나은행 대환전담입니다. 고객님 맞으실까요? 음, 지금 통화 괜찮으시면 제가 바로 승인 가능 여부만 확인해드릴게요. 고객님께서는 예전에 받으신 대출 때문에 한도가 막혀 보이시는데, 저희 내부 기준으로는 최대 3천만 원까지는 가능하십니다. 금리는 5.1%로 찍히는데, 아 어, 4.1%까지 조정 가능하다고 보시면 됩니다. 다만 현재 신용점수가 718점이시고, 최근 현금서비스 사용 이력이 떠서 부결 가능성이 높아요. 네네, 맞아요. 그래서 제가 말씀드리는 게, 기존 대출을 직접 상환하는 방식으로 상환능력만 먼저 올려서 재심사 넣는 겁니다. 이걸 편법이라고들 하는데 저희는 내부 예외심사로 처리해드려요. 고객님이 먼저 1천2백만 원짜리 카드론을 정리하시면 저희 쪽에서 3천만 원 한도로 넘겨드리는 구조예요. 아, 지금 바로요? 네, 지금 아니면 안 됩니다. 오늘 오후 4시 이후엔 예외심사 창이 닫혀서요. 그리고 보증금 27만 원이 필요해요. 이건 접수 유지비 성격이라서 먼저 입금하셔야 전산이 열립니다. 잠깐만요, 고객님이 “그게 왜 필요하냐”고 하실 수 있는데, 이건 승인 건수 확보용이라서 그래요. 입금 확인되면 제가 바로 대환 접수 넣고, 승인 문자까지는 십오 분 안에 나가요. 아, 그러니까 지금 늦으면 내일로 넘어가서 다시 신용조회부터 해야 하거든요. 지금 바로 하시는 게 제일 낫습니다.",1,대출 사기형,augmented_llm
aug_대출 사기형_0093,"고객님, 웰컴저축은행 상담실입니다. 문자 받으셨죠? 네, 지금 보시고 전화 주신 거 맞으세요? 아, 그러시면 안내드리겠습니다. 현재 고객님께는 최대 2천7백만 원까지 대환 한도가 잡혀 있고요, 금리는 6.8%, 아 아니고 5.8%로 최종 조정 가능합니다. 그런데 현재 전산상 신용점수가 664점으로 내려가 있어서 단독 승인으로는 부결이 떠요. 네, 네, 그건 맞습니다. 그래서 저희가 안내드리는 방법은 기존 대출을 일부 상환하신 뒤, 남은 잔액을 저희 상품으로 갈아타는 방식입니다. 쉽게 말하면, 지금 쓰시는 저축은행 대출이나 카드론을 먼저 갚고, 그 상환 내역을 근거로 신규 한도를 여는 거예요. 고객님께 손해는 없고요. 다만 선납 처리금 42만 원이 들어가야 합니다. 이건 보증금이라기보다 심사 발급비고, 오늘 안에만 유효합니다. 잠깐만요, 고객님이 지금 “그럼 왜 먼저 내냐”고 하시는데, 신용이 낮아서 전산이 잠겨 있으니까요. 잠겨 있는 걸 푸는 비용이라고 이해하시면 됩니다. 아, 이게 지금 오후 세 시 반까지 마감이어서요. 네? 네, 지금 늦으면 오늘 승인 라인 닫혀요. 고객님 계좌가 토스뱅크라 하셨죠? 그쪽으로 바로 보내시면 되고, 입금 확인되면 제가 승인부로 넘겨서 2천7백만 원 한도부터 먼저 띄워드릴게요. 이 부분은 제가 제가 계속 잡고 있을 테니까 너무 걱정하지 마세요. 빨리 하셔야 해요.",1,대출 사기형,augmented_llm
aug_대출 사기형_0094,"네, 고객님 안녕하세요. 국민은행 상품안내센터입니다. 지금 한도조회 건으로 연락드렸는데, 통화 잠깐만 가능하실까요? 음, 고객님은 현재 7백만 원 정도의 현금서비스가 남아 있으셔서 일반 대환으로는 부결이 나오는 상태예요. 대신 저희 쪽 예외상품으로 최대 5천만 원까지는 가능합니다. 금리는 4.7%, 아 잠깐만요 3.7%로 내려드릴 수 있고요, 기간은 60개월까지 보실 수 있습니다. 다만 신용점수가 705점인데도 최근 연체 이력이 한번 떠서 자동심사에서 막혔거든요. 그래서 제가 말씀드리는 건, 고객님이 오늘 안에 기존 소액대출을 한 번 정리하시고 재접수하는 방식입니다. 이게 약간 편법처럼 들리실 수 있는데, 실제로는 상환기록을 먼저 만들고 그걸로 대환 심사를 넣는 겁니다. 지금 바로 처리하시면 저희가 보증금 33만 원만 받고 접수 유지해드릴 수 있어요. 네? 아 그건 수수료가 맞는데, 승인되면 자동으로 차감 없이 반영되는 방식입니다. 근데 이게 오늘 6시 전에 안 들어오면 심사부가 종료돼서 내일은 다시 처음부터 봐야 해요. 고객님 현재 사용 은행이 우리은행 맞으시죠? 우리은행으로 입금하시면 제가 실시간 확인해서 바로 심사 올리겠습니다. 그러니까 지금, 지금 바로 하셔야 됩니다.",1,대출 사기형,augmented_llm
aug_대출 사기형_0095,"아, 고객님 전화 받으셨네요. 삼성카드 연계 대출안내팀입니다. 지금 제가 안내드리는 건 저금리 대환 상품이고요, 현재 최대 1천8백만 원까지 가능하십니다. 그런데 고객님 신용점수가 639점으로 조회돼서 바로는 부결이 떠요. 네네, 맞아요. 그리고 카드 사용액이 많아서 내부 기준상 상환능력 미달로 잡혀 있습니다. 그래서 제가 말씀드리는 방식은, 고객님이 먼저 잔여 채무를 일부 상환하고 그 내역을 확인받은 뒤에 저희 쪽 한도를 여는 겁니다. 이게 편법 대환이라고들 하는데, 실제로는 심사 예외 적용이에요. 금리는 7.2%, 아 아니고 5.2%로 안내드릴 수 있고, 고객님이 오늘 오후 안에만 처리하시면 됩니다. 지금 2시 넘었거든요, 그래서 시간이 많지 않아요. 선납금 19만 원이 필요합니다. 이건 보증 처리비인데, 오늘 접수분만 적용돼요. 고객님이 망설이시는 거 아는데, 아 그 부분은 제가 다 설명드릴 수 있고요. 일단 입금만 되면 자동으로 접수번호 나오고, 그다음에 최대 1천8백만 원 대환 승인 여부 바로 띄워드립니다. 잠깐만요, 고객님 계좌가 케이뱅크라고 하셨죠? 그쪽으로 진행하시면 되고, 오늘 마감 전에만 가능해서 빨리 움직이셔야 해요. 지금 놓치시면 한도 사라집니다.",1,대출 사기형,augmented_llm
aug_대출 사기형_0096,"네, 고객님. 저 신한은행 대환상담부 김도윤입니다. 잠깐 전화드렸는데요, 아까 문자로 보신 저금리 대환 가능 여부 관련해서 확인이 좀 돼서요. 고객님 현재 한도는 최대 3천8백만 원까지 가능하신데, 지금 전산상 부결이 한 번 떠 있거든요. 아, 부결이요? 네네, 그런데 이게 고객님이 안 좋으셔서가 아니라 신용점수 684점 구간이라서 그래요. 그래서 제가 말씀드리는 건, 지금 기존에 쓰고 계신 17.9%짜리 카드론이나 현금서비스를 한 번에 정리하시고, 저희 쪽에서 4.2%, 아 잠깐만요 3.9%로 재안내드리는 방식입니다. 근데 이게 그냥 바로는 안 되고요, 편법이라기보다는 전산 보정 절차가 하나 들어가야 돼요. 고객님이 오늘 안에 보증금 성격으로 37만 원만 먼저 입금해 주시면, 그걸 심사 확인금으로 잡아드리고 바로 승인 올려드릴 수 있어요. 네? 왜 돈을 먼저 넣냐고요? 아 그 부분은 걱정 안 하셔도 되고요, 이건 정상 처리용으로 들어가는 거라서 나중에 대출금이 나가면 같이 합산 정리됩니다. 근데 시간이 많지가 않아요. 오늘 5시 전까지 안 들어오면 이번 배정분은 마감돼요. 제가 지금 고객님 건만 따로 올려놓은 상태라서, 지금 지금 바로 하셔야 돼요. 고객님 지금 타 은행 대출 있으세요? 있으시면 제가 그 금액까지 같이 묶어서 월 납입 11만 원대로 맞춰드릴 수 있거든요. 아 그러면 좋긴 한데요, 이거 진짜 되는 거 맞아요? 네네, 맞아요. 대신 부결 이력 때문에 임시 확인금이 꼭 필요합니다. 고객님이 입금만 해주시면 제가 바로 승인팀 넘겨드릴게요. 지금 입금 안 하시면 오늘 접수 창 닫혀요.",1,대출 사기형,augmented_llm
aug_대출 사기형_0097,"여보세요, 안녕하세요. 하나은행 고객지원팀이라고 합니다, 이지훈 대리입니다. 고객님, 아침에 신청하신 대환대출 건 때문에 연락드렸어요. 지금 조회가 됐는데요, 최대 2천7백만 원 한도는 뜨셨거든요. 그런데 신용점수 문제로 최종 부결이 나서요. 아, 아예 안 되는 건가요? 아니요 아니요, 그게 아니라, 그러니까요, 고객님이 지금 2금융권 두 건을 쓰고 계셔서 전산이 좀 보수적으로 잡힌 거예요. 그래서 제가 말씀드리는 우회 방식은, 기존 대출을 바로 상환한 것처럼 보이게끔 거래 확인을 먼저 만들고 그다음에 저희 쪽 저금리 상품으로 넘기는 겁니다. 금리는 5.6%, 아 아니 5.1%로 재산정 가능하고요, 한도는 상향 여지 있어요. 다만 이거 하시려면 선납금 29만 8천 원이 먼저 들어가야 해요. 네? 그 돈은 왜요? 전산상 보증금 처리라고 보시면 됩니다. 심사 마감이 오늘 오후 3시예요. 지금 안 넣으시면 아예 다음 달로 넘어가서, 그때는 고객님 신용점수 반영 때문에 더 불리해집니다. 지금 고객님께서 입금만 해주시면 제가 당일 만기상환 형태로 맞춰드리고, 기존 19.8%짜리부터 정리되게 해드릴 수 있어요. 아니 근데 제가 지금 바로 29만 8천 원을 넣어야 한다는 거죠? 네네, 맞습니다. 지금 지금 바로요. 사실 이건 고객님 조건을 살리기 위한 최소 금액이고요, 오늘 안 하면 승인창이 자동 종료돼요. 고객님 계좌로 바로 안내드릴까요? 아니면 제가 문자로 보내드릴까요? 문자로 주세요. 네, 좋습니다. 근데 문자 받으시고 바로 입금 안 하시면 저도 접수 유지가 안 됩니다.",1,대출 사기형,augmented_llm
aug_대출 사기형_0098,"아, 고객님. 농협 여신심사실입니다. 전화받으셨죠? 지금 고객님 이름으로 저금리 대환 안내가 올라가서 제가 확인드리는 건데요. 현재 가능 한도는 4천만 원까지로 보이는데, 전산에서 부결 사유가 하나 찍혔어요. 신용점수 721점이긴 한데 최근 현금서비스 이용 때문에 내부 점수가 낮게 잡혔습니다. 그래서 고객님, 제가 솔직하게 말씀드리면 바로 승인하려면 한 번만 절차를 바꿔야 돼요. 지금 기존 대출을 전부 완납 처리할 수 있는지 확인하고, 그 완납 확인용으로 42만 원만 먼저 예치하셔야 됩니다. 네? 예치금이요? 네, 맞아요. 이건 제가 제가 드리는 말씀이 아니라 전산상 필수예요. 그리고 이게 오늘 아니면 안 돼요. 왜냐하면 이 상품이 이번 주 물량이 다 찼고, 남은 건 고객님 포함 세 분만 남아있거든요. 마감 시간이 지금 40분 정도밖에 안 남았어요. 아, 잠깐만요, 그렇게 급한가요? 네네, 급합니다. 고객님이 지금 안 하시면 부결 유지돼서 다음 심사 때는 3.8%가 아니라 6점대 후반으로 올라갈 수 있어요. 그러니까 제가 안내드리는 건, 고객님이 42만 원 입금하시고 바로 확인되면 저희 쪽에서 편법 대환으로 처리해서 원금 2천9백만 원, 이자 월 8만 원대로 맞춰드리는 겁니다. 네? 편법이요? 아 그 부분은 내부 우회방식이라고 이해하시면 되고요, 고객님한테 불이익은 안 갑니다. 지금 입금창 열어드릴까요? 네, 네, 빨리요. 네, 좋습니다. 지금 바로 진행하셔야 합니다.",1,대출 사기형,augmented_llm
aug_대출 사기형_0099,"네, 웰컴저축은행 서민금융상담센터입니다. 고객님, 문자 받으셨죠? 최대 1천9백만 원까지 가능하다고 안내된 건데요. 지금 상담 연결된 이유가 고객님 건이 잠깐 보류돼서예요. 부결은 아니고, 음, 정확히는 신용점수 보완이 필요합니다. 현재 612점대라서 바로 승인 나가기가 좀 어렵거든요. 근데 이건 방법이 있어요. 제가 말씀드리는 건 기존에 사용 중인 대출 1건을 오늘 임시 상환한 뒤에, 그 상환 확인서만 저희 쪽으로 넣으면 저금리 대환으로 전환되는 방식입니다. 고객님이 직접 상환하셔야 해요? 네, 그렇죠. 그런데 그 전에 보증 수수료 33만 원이 선납돼야 전산 연결이 됩니다. 아 왜 자꾸 돈을 먼저 넣으라고 하냐고요? 아, 그게 아니라, 그러니까요, 보증 심사 단계가 있어서 그래요. 지금 그 단계가 없으면 저희가 아무리 올려도 전산이 막혀요. 그리고 오늘 오후 4시 전에만 가능해요. 왜냐하면 이번 회차가 마감이라서요. 고객님, 지금 33만 원만 넣으시면 월 상환액 14만 원대로 맞춰드릴 수 있고, 기존 20.4% 상품은 끊고 4.7%로 내려드릴 수 있습니다. 네네, 맞습니다. 한도는 최대 1천9백만 원이고요, 연장도 가능해요. 대신 지금 안 넣으시면 오늘 건은 소멸됩니다. 아, 그럼 제가 지금 뭘 해야 되죠? 계좌번호 불러드릴게요. 잠깐만요, 메모 가능하세요? 네, 적으세요. 지금 바로요.",1,대출 사기형,augmented_llm
aug_대출 사기형_0100,"어, 고객님. 국민은행 대환전담팀 박상혁입니다. 지금 통화 괜찮으세요? 방금 심사 올라간 건인데요, 고객님 대출 가능액이 3천2백만 원으로 뜨셨습니다. 그런데 최종 부결 처리되기 직전이라 제가 급하게 잡은 거예요. 이유는 신용점수라기보다 최근에 타 금융권 조회가 많아서 전산이 민감하게 반응한 겁니다. 그래서 제가 말씀드리는 우회안은, 고객님이 지금 25만 원만 선입금해 주시면 그걸 상담보증금으로 처리하고, 저희 쪽에서 대환 승인 다시 올려드리는 방식입니다. 아, 25만 원이요? 네, 맞아요. 금리는 4.9%, 아 잠깐만요 4.6%까지 내려갈 수 있고요, 한도는 그대로 유지됩니다. 다만 이건 오늘 6시 전에만 가능해요. 오늘 지나면 이번 회차는 닫히고, 다음 주로 넘어가면 부결 이력이 남아서 더 불리해져요. 고객님이 지금 계속 미루시면 안 돼요. 지금 지금 바로 처리하셔야 해요. 네? 그럼 입금하고 나면 바로 대출이 나오나요? 네, 바로는 아니고 승인 확인 후 10분 안에 연락드려요. 근데 선입금 없이 진행은 절대 안 됩니다. 제가 고객님 건 따로 잡아둔 상태라서, 다른 분들보다 먼저 처리해드릴 수 있어요. 아 그러면 계좌번호 주세요. 네, 좋습니다. 제가 불러드릴게요. 중간에 끊기시면 오늘 재접수 안 됩니다.",1,대출 사기형,augmented_llm
aug_대출 사기형_0101,"여보세요, 고객님 맞으시죠? 아, 잠깐만요, 제가 지금 국민은행 대환대출 상담팀인데요. 오늘 오전에 조회된 내역 때문에 연락드렸거든요. 지금 고객님 신용점수 742점으로 뜨시는데, 기존에 이용 중이신 대출이 3건 잡혀 있어서 전산상 부결이 한 번 나갔어요. 아예 안 되는 건 아니고요, 저금리 대환으로만 우회 진행이 가능하신 상태예요. 지금 저희 쪽 제안이 3.9%, 아 아니고 3.4%로 안내가 들어가고, 한도는 최대 4천2백만 원까지 가능하신데요, 문제는 고객님이 최근 6개월 안에 현금서비스가 두 번 잡혀서 바로 승인 처리가 안 되세요. 네네, 맞아요, 그 부분 때문에 제가 말씀드리는 게, 일반 접수로 넣으면 오늘 마감 전에 끝이 안 나요. 그래서 편법이라고 보셔도 되는데, 기존 대출을 일단 정리한 것처럼 전산을 맞춰야 해서 선납 보증금 148만 원만 먼저 넣어주시면 심사팀에서 바로 예외 승인 올려드릴 수 있습니다. 아 그 부분은 걱정 안 하셔도 되고요, 이 금액은 승인 확인용이라서 대출 나가면 같이 정산되는 거예요. 지금 안 하시면 오늘 5시 반 마감이라 내일로 밀리는데, 내일은 금리가 4점대로 올라갈 수 있어요. 잠깐만요, 고객님 지금 휴대폰으로 문자 받으실 거고, 거기 안내 계좌로 바로 이체만 해주시면 됩니다. 네? 아 네, 지금 그쪽에서 확인 들어가고 있으니까 빨리 처리하셔야 돼요, 이거 오늘 안에 안 들어가면 부결로 종결됩니다.",1,대출 사기형,augmented_llm
aug_대출 사기형_0102,"아, 고객님. 저기 웰컴저축은행 대출심사부인데요. 전화 잠깐 받으실 수 있죠? 지금 고객님께 대환상품 가능 여부가 조회가 돼서 연락드렸어요. 현재 3천만 원 한도, 연 4.1%로 먼저 잡혀 있는데, 아 제가 다시 말씀드리면 3.8%로 내려가는 조건이 오늘 한정으로 열려 있습니다. 근데 고객님 신용점수가 최근에 15점 정도 떨어져서 자동심사에서는 부결이 났고요, 소득 대비 기대출 비율이 높아서 바로 승인 안 떨어지세요. 그래서 제가 안내드리는 건, 기존 채무를 한 번 상환 처리한 뒤에 재심사를 넣는 방식입니다. 쉽게 말씀드리면 편법 대환인데, 이게 제일 빠르세요. 지금 고객님은 대환 전환만 되면 이자 부담이 월 19만 원대에서 11만 원대로 줄어들 수 있거든요. 그런데 이게 마감이 급해요. 오늘 오후 4시 전까지 선납 수수료 96만 원이 들어와야 전산이 잡혀서 승인창이 열려요. 아, 고객님 놀라지 마시고요, 이건 고객님 부담이 아니라 심사 보증금 성격이에요. 네네, 맞습니다. 제가 제가 드리는 말씀이 좀 빠르죠? 근데 지금 시간이 없어서요. 혹시 지금 다른 대출 있으세요? 있으시면 금액이랑 금융사만 말씀해주시고, 제가 바로 정리해서 최대 2건까지는 묶어서 대환 올려드릴게요. 아, 잠깐만요, 통화 끊기면 다시 처음부터 잡혀서 더 늦어집니다. 지금 처리하셔야 오늘 승인 가능합니다.",1,대출 사기형,augmented_llm
aug_대출 사기형_0103,"고객님 성함 확인됐고요, 하나은행 연계 상담팀입니다. 예전에 신청하신 대환건이 지금 전산에 남아 있어서 제가 재안내 드리는 거예요. 현재 가능한 한도는 5천만 원, 금리는 3.7%로 잡혀 있는데요, 아 이율은 3.5%까지도 가능해요. 다만 고객님께서 최근에 신용평점 하락으로 2차 부결이 떴고, 특히 카드론 사용 흔적 때문에 심사팀에서 많이 보수적으로 보고 있습니다. 그래서 정식 대출로는 안 되고, 기존 고금리 건을 잠깐 상환하는 형식으로 우회 대환을 넣어야 해요. 그러니까 고객님이 1차로 210만 원만 선납하시면 저희 쪽에서 상환완료 확인서 만들어서 바로 5천만 원 승인 공문 올립니다. 아, 그게 아니라, 그러니까 제가 말씀드리는 건 고객님 손해 보는 구조가 아니고요, 오늘 안에만 들어오면 됩니다. 내일이면 내부 기준이 바뀌어서 한도가 3천만 원대로 내려가요. 네? 아 그러시면 안 되는데, 지금 심사 창이 열려 있는 시간이 20분밖에 안 남았거든요. 고객님 계좌로 안내 문자 넣어드렸고, 그 계좌에 입금하시면 전산상 보증금 처리돼서 바로 다음 단계 넘어갑니다. 음, 이런 거 처음이라 불안하신 거 아는데, 저희가 그냥 친절하게 도와드리는 거예요. 지금 지금 바로 넣으셔야 오늘 접수 완료됩니다.",1,대출 사기형,augmented_llm
aug_대출 사기형_0104,"네, 여보세요. 저는 KB저축은행 자산관리파트인데요. 고객님께서 오전에 남겨놓으신 상담 건 때문에 연락드렸습니다. 우선 말씀드리면 현재 고객님께 가능한 대환한도는 2천8백만 원이고요, 금리는 4.6%, 아 죄송합니다 4.2%로 조정 가능하세요. 그런데 오늘 전산 조회 결과로는 신용점수 문제로 부결이 떠서 일반 대출은 안 됩니다. 대신 기존 대출을 한 번 정리한 것처럼 보여주고 새로 승인받는 방식으로 가면 가능해요. 이게 약간 편법이긴 한데, 고객님 상황에서는 이 방법밖에 없어요. 근데 이 절차 진행하려면 보증금 명목으로 73만 원 먼저 선납하셔야 되고요, 그게 들어와야 대환 승인 담당자가 배정됩니다. 아, 네네, 맞습니다. 고객님이 망설이시는 거 이해는 해요. 그런데 이거 오늘 6시 이후면 자동 취소라서 재신청하시면 심사가 더 까다로워져요. 지금 계좌상으로는 기대출이 2건 이상이라 한 번에 안 잡히거든요. 그래서 선납금 넣으시고, 그다음에 제가 상환확인서 접수해드리면 됩니다. 잠깐만요, 지금 통화 길어지면 전산 예약이 풀려요. 고객님, 다른 데서 들으신 거랑 다를 수 있는데, 저희는 실제로 되는 케이스만 안내드리는 겁니다. 빨리 입금만 해주시면 바로 승인 올려드릴게요.",1,대출 사기형,augmented_llm
aug_대출 사기형_0105,"아, 고객님 휴대폰으로 문자 받으셨죠? 여기 토스뱅크 제휴상담센터인데요, 지금 대환 가능 여부 확인돼서 바로 전화드렸습니다. 고객님은 현재 한도 3천5백만 원, 금리 3.9%로 열려 있는데, 신용점수 하락 때문에 1차 심사에서는 부결이 났습니다. 다만 연체는 없으시고 기대출만 많으셔서, 기존 대출을 임시로 상환한 뒤 재접수하는 방식이면 승인이 가능합니다. 쉽게 말하면 편법 대환이죠. 그런데 이게 오늘 안에만 가능해요. 오후 3시 40분까지 선납 처리비 124만 원이 들어와야 전산 접수창이 유지됩니다. 아 그 부분은 제가 제가 설명드릴게요, 이 돈은 수수료가 아니라 심사 보증금 성격이라서 나중에 같이 정리됩니다. 지금 안 하시면 내일은 한도가 2천만 원대로 떨어지고, 금리도 4점 중반대로 바뀔 수 있어요. 네? 네, 지금 고객님이 사용 중인 은행이 어디신지 제가 확인하고 있는데, 계좌 이체만 가능하시면 바로 진행됩니다. 잠깐만요, 고객님. 이거 미루시면 아예 재심사 대상에서 빠질 수 있어요. 지금 지금 바로 넣으셔야 오늘 승인 가능합니다.",1,대출 사기형,augmented_llm
aug_대출 사기형_0106,"네, 고객님 안녕하세요. 국민은행 대환상품 담당 이지훈입니다. 지금 잠깐 통화 가능하실까요? 아, 네네. 제가 문자로 한 번 안내드렸던 분 맞으시죠. 고객님께서 기존에 받으신 대출이 2건 있으셔서 저금리로 묶어드리는 대환 심사 들어가셨는데요, 전산상 신용점수 682점으로 확인돼서 일단 1차는 진행 가능하신데, 문제는 아까 조회 결과가 부결로 한 번 떨어지셨어요. 그게 아니라, 그러니까 고객님 조건이 아예 안 되는 건 아니고요. 현재 현금성 사용 내역이 좀 많으셔서 상환 능력 쪽에서 잠깐 막힌 거예요. 제가 보니까 한도는 최대 4천만 원까지, 금리는 3.9%, 아 3.5%까지도 가능하다고 떠 있는데, 지금 바로 처리 안 하시면 오늘 오후 5시 전 마감이라서 이 승인 슬롯이 닫혀버려요. 네? 아 그러세요? 그러면 제가 말씀드리는 방식으로 가셔야 되는데, 편법이라고 하면 좀 그렇고요, 기존 고금리 대출을 먼저 일부 상환 처리해서 전산을 깨끗하게 만든 다음에 저희 대환 자금이 나가게 하는 방법입니다. 고객님 지금 사용 중인 대출이랑 카드론 합쳐서 얼마쯤 되세요? 어, 잠깐만요, 2천이 조금 넘으시죠. 네네, 맞아요. 그러면 저희 쪽에서 선처리 보증금이 97만 원 정도 필요하세요. 이건 고객님 명의 확인용으로 들어가는 금액이라서요, 지금 입금되셔야 심사 재접수 들어갑니다. 아 근데 이거는 환급 처리가 되는 거고요, 오늘 안에 못 넣으시면 내일은 다시 부결로 넘어가요. 지금 지금 바로 처리하셔야 돼요. 제가 제가 드리는 말씀이 무슨 뜻인지 아시겠죠? 일단 농협 쪽 계좌로 97만 원만 먼저 넣어주시면 제가 바로 전산 올려드릴게요.",1,대출 사기형,augmented_llm
aug_대출 사기형_0107,"여보세요, 저 웰컴저축은행 한도관리팀인데요. 고객님 성함 확인되시고요, 지금 신용대출 한도 안내 가능하셔서 전화드렸습니다. 혹시 현재 대출 있으세요? 있으시면 상환이력 보시는 방식으로 저금리 대환 쪽으로 묶어드릴 수 있어요. 고객님께는 최대 3천5백만 원까지 가능하다고 나왔는데, 아, 하나만 말씀드리면 지금 점수 때문에 1차 부결이 뜨셨어요. 네? 아 그러세요? 그럼 끝난 건 아니고요, 부결 사유가 과다조회랑 단기연체 흔적이 조금 보여서 그렇습니다. 그래서 제가 말씀드리는 건, 먼저 소액의 보증금 68만 원을 넣으시고, 그다음에 기존 대출 한 건을 저희 쪽 공문으로 선상환 처리하는 방식이에요. 이걸 해야 저희가 우회로로 심사를 다시 넣을 수 있거든요. 고객님, 이거 오늘까지예요. 오늘 4시 반 지나면 내부 배정이 종료돼서 내일은 아예 재접수도 안 돼요. 아, 잠깐만요? 네, 고객님 말씀하세요. 그 보증금은 그냥 묵히는 돈이 아니고요, 승인 나면 대환 실행하면서 같이 정산돼요. 제가 아까 금리가 4.1%라고 했는데, 아 3.8%로 다시 보시면 됩니다. 지금 당장 안 하시면 고객님은 다음 달에도 같은 고금리만 계속 쓰셔야 해요. 그러니까 일단 농협이나 국민은행 쪽으로 68만 원 먼저 보내주시고, 입금 확인되면 제가 바로 심사과로 넘기겠습니다.",1,대출 사기형,augmented_llm
aug_대출 사기형_0108,"아, 고객님 맞으시죠? 하나은행 연계 대출상담실 김도현입니다. 지금 전화드린 이유가요, 고객님께서 신청하신 대환 상품이 예비승인은 났는데 최종에서 막혔어요. 네, 막힌 이유가 신용점수 때문입니다. 지금 701점으로 조회되시고, 한도는 5천만 원까지 잡히는데 부결 문구가 뜬 상태예요. 그게 아니라, 그러니까 고객님이 조건이 안 좋아서라기보다 현재 카드론 잔액이 조금 남아 있고, 통신요금 미납 이력이 잡혀서 전산이 보수적으로 보는 겁니다. 그래서 제가 안내드리는 방법은요, 편법 대환이라고 해서 기존 1건을 먼저 정리하고 저희 쪽에서 재심사 올리는 건데요, 이거 하려면 선납금 112만 원이 필요합니다. 고객님 지금 당장 가능하세요? 네? 아, 그러면 제가 빠르게 말씀드릴게요. 오늘 오후 3시 30분까지 입금이 확인돼야 내부 심사가 살아 있어요. 그 이후에는 배정이 끊겨서 금리 3.2% 조건은 날아가고, 다시는 이 조건 못 잡습니다. 저도 이건 고객님한테 손해 안 보게 해드리려고 말씀드리는 거고요. 일단 우리은행 계좌로 112만 원만 넣으시면 돼요. 입금되면 제가 바로 기존 대출 상환 공문 넣고, 그다음에 5천만 원 한도 재산정 들어갑니다. 네, 맞습니다. 지금 지금 안 하시면 오늘 기회는 끝나요.",1,대출 사기형,augmented_llm
aug_대출 사기형_0109,"네, 안녕하십니까. 삼성카드 제휴대출 안내센터입니다. 고객님께서 카드 사용이 꾸준하셔서 저금리 전환 가능하다고 떠서 연락드렸습니다. 아, 고객님이 지금 쓰시는 카드론이랑 현금서비스가 조금 있어서요, 일단 최대 2천8백만 원까지 대환 한도는 열리는데, 전산상 부결이 한 번 났습니다. 네, 부결 사유는 신용평점이 아니라 상환 이력 확인이 안 된다고 나와요. 그러니까 고객님이 연체가 있는 건 아닌데, 최근에 조회가 너무 많아서 시스템이 보수적으로 보는 거예요. 그래서 제가 말씀드리는 우회 방식이 있는데, 선납 수수료 54만 원을 먼저 납부하시면 내부에서 예외 심사로 다시 올려드릴 수 있습니다. 네? 아 그러세요? 이거 이상한 거 아니냐고요? 아니에요, 고객님. 지금 다른 분들도 많이 하시는 방식이고요, 오늘까지만 수수료 면제 슬롯이 있어서 마감이 빨라요. 저희가 이걸 오늘 안 잡으면 다음 주로 밀리는데, 그럼 금리 4.7%로 바뀔 수 있어요. 아, 제가 지금 재확인해보니까 4.7이 아니라 3.7%까지 가능한데요, 조건은 오늘 6시 전 입금입니다. 잠깐만요, 고객님 계좌 사용하시는 은행이 농협이세요? 그러시면 농협 계좌로 54만 원 넣어주시고, 입금 후 바로 전화 주시면 제가 접수번호 발급해드릴게요. 이거 늦어지면 아예 상담 종료돼요.",1,대출 사기형,augmented_llm
aug_대출 사기형_0110,"어, 고객님 전화 받으셨네요. SBI저축은행 상담팀 박현수입니다. 지금 문자 확인하셨죠? 고객님께 최대 4천5백만 원까지 대환 가능하다고 떠서 연락드린 건데요, 현재 기존 대출 3건에 카드 사용까지 겹쳐서 신용점수가 659점으로 내려가 있어요. 그래서 1차 심사는 부결이 났고, 부결 해제하려면 먼저 상환 보증금 83만 원이 들어가야 합니다. 네, 보증금이라고 해서 겁내실 건 아니고요, 저희가 내부 전산에서 상환 의지 확인하는 절차예요. 그러니까 고객님이 83만 원만 선납하시면, 기존 고금리 대출 하나를 먼저 정리한 걸로 잡고, 그 다음에 저희가 2.9%에서 3.1% 사이로 다시 한도를 열어드리는 겁니다. 아, 잠깐만요. 고객님 지금 통화 끊으시면 오늘 배정이 취소돼요. 지금 오후 2시 넘어서 잔여 인원도 거의 다 찼거든요. 네? 아 그러세요? 그럼 제가 다시 말씀드릴게요. 지금 바로 하나은행이나 국민은행으로 83만 원 입금하시고, 완료되면 제가 심사과에 넣겠습니다. 이건 마감 임박이라 오늘 안 하면 내일은 아예 재진행 안 돼요. 그러니까 지금 바로요.",1,대출 사기형,augmented_llm
aug_대출 사기형_0111,"여보세요, 고객님 맞으시죠? 아, 네네. 저는 우리은행 대환대출 상담센터 김도현 팀장인데요. 지금 문자 받으신 분이 맞으시면 바로 안내드릴게요. 고객님께 최대 8천만 원 한도로 저금리 대환 가능하신 건데, 현재 전산상 신용점수 때문에 1차 부결이 떠서요. 아, 부결이라고 해서 끝난 건 아니고요, 그러니까 지금 편법이라기보단 우회 심사로 다시 넣으시면 됩니다. 고객님 기존에 쓰시는 대출이 한 3건 있으시죠? 네? 아, 네. 그러면 금리가 지금 9.8% 정도 잡히신 거라서 저희 쪽에서 3.2%, 아 잠깐만요 3.1%로 낮춰드리는 안이 있어요. 대신 조건이 하나 있는데, 고객님이 현재 기대출을 한 번 정리한 뒤에 상환 확인서가 들어와야 승인 전환이 됩니다. 그 확인 과정에서 선납 보증금이 47만 원, 아 45만 원 정도만 먼저 들어가야 전산이 열려요. 이게 안 들어가면 오늘 오후 4시 이후엔 마감돼서 다시는 못 들어가실 수 있어요. 지금 고객님 신용점수 612점이시라 바로는 어려워요. 그러니까 제가 말씀드리는 건, 먼저 45만 원 넣으시고 저희가 부결 건 취소 접수 넣으면 바로 대환 심사 재오픈해 드린다는 거예요. 네? 돈을 왜 먼저 넣냐고요? 아 그 부분은 걱정 안 하셔도 되고요, 이건 한도 확보용 예치금입니다. 지금 안 하시면 오늘 건은 완전히 닫혀요. 제가 지금 10분만 잡아드릴게요, 가능하실까요? 아니요, 그럼 고객님이 손해 보시는 건 없고, 그냥 접수만 살아나는 거라서요. 빨리요, 지금 이 시간 지나면 안 됩니다.",1,대출 사기형,augmented_llm
aug_대출 사기형_0112,"네, 안녕하세요. 케이뱅크 대출심사부입니다. 고객님 성함 확인됐고요, 방금 조회한 결과로는 대환 상품 한도 6천5백만 원까지는 가능하신데, 아쉽게도 신용거래 이력 때문에 최종 부결이 한 번 떴습니다. 지금 지금 바로 말씀드리면, 고객님은 현금서비스 사용이 많아서 점수 조정이 필요한 상태예요. 그래서 제가 안내드리는 방식은, 기존 2금융권 대출을 먼저 정리하고 24시간 안에 재심사를 넣는 우회 방식입니다. 아, 이거는 일반적인 정식 절차는 아니고요, 고객님 편의를 위해 내부적으로 진행되는 예외 접수라고 보시면 돼요. 금리는 원래 7.9%인데 아, 수정해서 3.9%, 그러니까 3.7%까지 내려갈 수 있고요. 대신 오늘 오후 3시 전까지 보증금 32만 원이 입금돼야 심사 담당자 배정이 됩니다. 네? 왜 보증금이 필요하냐고요? 음, 이건 전산 등록비하고 신용복원 예치금 성격이라서요. 입금 확인이 되면 바로 1차 부결 취소 넣고, 오늘 안으로 다시 한 번 승인 시도해드릴 수 있어요. 고객님 지금 안 하시면 내일은 한도 자체가 소멸돼요. 그러니까 제가 제가 드리는 말씀이, 지금 32만 원만 넣으시면 한도 6천5백만 원 쪽으로 다시 열릴 수 있다는 겁니다. 네네, 맞아요. 지금 통화 유지하면서 바로 처리하셔야 돼요.",1,대출 사기형,augmented_llm
aug_대출 사기형_0113,"잠깐만요, 고객님 지금 통화 가능하시죠? 아, 네 들립니다. 저는 국민은행 여신관리팀인데요. 고객님 앞으로 대환 한도 안내가 나갔는데, 확인해 보니까 신용점수 598점으로 잡혀서 부결 처리됐습니다. 근데요, 이게 완전 불가가 아니라, 상환능력만 한 번 보여주시면 다시 열리는 케이스예요. 고객님 현재 기존 대출이 4건이시고 카드론도 하나 있으시죠? 그러면 제가 말씀드리는 건, 그 중 한 건을 오늘 즉시 상환하시고 상환증명만 보내주시면 저희 쪽에서 편법적으로 재심사 올려드릴 수 있다는 거예요. 금리는 10.2%에서 시작하는데 아, 아니고 3.4%로 안내드리는 게 맞고요, 한도는 7천만 원까지 가능합니다. 그런데 문제는 오늘이 마감이라서, 오후 2시 30분 이후엔 심사 창이 닫혀요. 그래서 선납 처리비용 28만 원이 먼저 있어야 상환 확인 전산이 열립니다. 네? 그 돈부터 왜 필요하냐고요? 고객님, 그건 실적이 아니라 전산 해제 비용입니다. 안 그러면 부결 기록이 그대로 남아서 다음 달까지도 대환이 안 돼요. 제가 지금 빠르게 도와드릴 테니까 28만 원만 먼저 이체 가능하실까요? 어, 잠깐만요, 고객님이 망설이시면 시간 지나갑니다. 지금 처리하셔야 해요.",1,대출 사기형,augmented_llm
aug_대출 사기형_0114,"아, 고객님 통화되십니까? 저 웰컴저축은행 자산관리 상담사 정우진입니다. 방금 신청하신 대환 건 확인됐는데요, 현재 신용점수 부족으로 1차 부결이 떴습니다. 그런데 고객님 케이스는 특이하게, 기존 대출을 한 번 정리하면 금방 올라가는 유형이에요. 지금 한도는 최대 5천만 원까지 보이는데, 조건 충족되면 6천2백만 원까지도 가능합니다. 금리는 8.5%, 아 아니죠 3.5%로 맞춰드릴 수 있고요. 문제는 오늘 5시까지 선납 수수료 39만 5천 원이 들어와야 재심사가 살아나요. 네? 수수료를 왜 내냐고요? 이건 대환 승인 접수용으로 걸어두는 금액이라서요. 고객님이 지금 입금만 하시면, 기존 고금리 대출을 저금리로 바꾸는 편법 심사로 바로 올려드릴 수 있습니다. 근데 지금 안 하시면 오늘 건은 자동 취소되고, 그러면 부결 이력 때문에 한 달 동안 또 막혀요. 제가 제가 말씀드리는 건 고객님 손해 보게 하려는 게 아니라, 오늘만 열리는 특별 심사라는 점이에요. 잠깐만요, 그러면 고객님 지금 계좌번호 불러드릴게요. 바로 메모 가능하시죠? 지금 바로요, 서두르셔야 됩니다.",1,대출 사기형,augmented_llm
aug_대출 사기형_0115,"네, 삼성카드 금융상담센터입니다. 고객님께서 조회하신 대환대출 건 관련해서 연락드렸고요, 현재 카드론 포함해서 총 4,200만 원까지는 내부 한도 가능하신데, 신용점수 문제로 부결이 한 번 확인됐습니다. 어, 근데 그게 끝은 아니고요. 지금 카드 사용내역이 좀 분산돼 있어서, 편법으로 기존 채무를 한 번 묶은 뒤 재산정하면 승인 가능성이 있어요. 금리는 현재 11.4%가 잡혀 있는데 아, 수정해서 4.1%까지 내려갈 수 있고, 한도는 최대 7천5백만 원까지 확대 가능합니다. 다만 오늘 안에 선납금 52만 원이 먼저 들어가야 담당 심사가 배정돼요. 네? 왜 지금 넣어야 하냐고요? 오늘 6시 이후에는 마감이라서 내일로 넘어가면 다시 처음부터 보셔야 합니다. 그래서 제가 빨리 말씀드리는 거예요. 고객님이 52만 원만 보내주시면, 제가 부결 건 취소 요청 넣고 대환 승인 쪽으로 바로 넘겨드릴게요. 이건 고객님 신용점수 올리는 절차라서 안 하시면 오히려 더 불리하세요. 아, 그러니까 지금 지금 바로 처리하셔야 합니다. 시간 얼마 안 남았어요.",1,대출 사기형,augmented_llm
aug_대출 사기형_0116,"여보세요, 고객님 맞으시죠? 네, 저는 하나은행 대환상담팀 김도현인데요. 잠깐만요, 지금 통화 가능하십니까? 아, 짧게만 안내드릴게요. 고객님이 지난주에 신청하신 저금리 대환 건이요, 전산 조회가 됐는데 1차 한도 3천8백만 원, 금리는 3.9%, 아 3.5%로 확인됐습니다. 그런데 지금 현재 신용점수가 684점으로 잡혀서 내부 심사에서 부결이 한 번 났어요. 네네, 맞아요. 이게 고객님 잘못이라기보다 기존 대출이 여러 건이라서 상환능력 평가가 잠깐 낮게 나온 거거든요. 그래서 제가 말씀드리는 게, 편법이라기보다 우회 대환 방식으로 진행하시면 됩니다. 지금 쓰시는 대출 중에 일부를 오늘 먼저 정리하시고, 그 상환 내역이 잡히면 바로 저희 쪽 한도가 살아나요. 아 그 부분은 걱정 안 하셔도 되고요, 제가 다 안내해드릴게요. 일단 국민은행, 우리은행, 농협 중에 한 군데로 2천만 원 이상 선납성 보증금이 들어와야 전산이 열립니다. 네? 아니요 아니요, 고객님 돈을 그냥 가져가는 게 아니라 심사 보증금처럼 잡아두는 거예요. 지금 오늘 안에 처리 안 되면 이 대환은 자동 취소되고, 내일 오전에는 금리 6.8% 일반상품으로만 다시 보셔야 해요. 지금 지금 바로 처리하셔야 금리 3%대로 묶입니다. 잠깐만요, 고객님 기존에 카드론 있으시죠? 있으시면 그거 먼저 한 건만 정리해보세요. 그다음 저희가 4천5백만 원까지 재심사 올려드릴 수 있습니다. 아, 네? 신용점수요? 네, 선납금 입금 후 상환내역 뜨면 20점에서 40점 정도 반영됩니다. 그래서 오늘 오후 4시 전, 아니 3시 40분 전까지 계좌 확인만 되면 바로 접수 들어가요. 지점은 가까운 데 있으시면 괜찮고요, 입금 계좌는 제가 문자로, 아 문자 안 되시면 구두로 다시 불러드릴게요. 고객님, 지금 놓치시면 부결 그대로 남아서 한 달은 재신청도 어려우세요.",1,대출 사기형,augmented_llm
aug_대출 사기형_0117,"네, 고객님 안녕하세요. KB저축은행 대출심사부입니다. 제가 제가 드리는 말씀이 좀 급한데요, 지금 통화 괜찮으세요? 어, 고객님께 오전에 문자 드린 5천만 원 한도 건 때문에 연락드렸습니다. 금리는 4.1%에서 3.7%로 내려가실 수 있는데, 조건이 하나 있어요. 현재 고객님 신용점수가 712점으로 나오고 있는데, 외형상은 괜찮아 보여도 내부 전산에서는 부결로 한번 찍혔습니다. 아, 왜냐하면 최근에 현금서비스 사용 이력이 잡혀서 그래요. 네네, 맞습니다. 그래서 이거 그냥 끝내면 안 되고, 제가 빠르게 말씀드리면 상환능력 보정 절차를 먼저 밟으셔야 해요. 쉽습니다. 기존 채무 중 하나를 먼저 상환하시고, 그 확인이 들어오면 저희가 대환대출로 묶어드리는 방식이에요. 고객님, 지금 대출 있으세요? 있으시면 한 건만 먼저 정리하시면 됩니다. 아, 그게 아니라, 그러니까 제가 말씀드리는 건 한도를 살리는 거예요. 오늘 안에 1천5백만 원 보증금성 입금이 들어와야 전산이 살아나고, 그다음 저희가 4천5백만 원까지 바로 실행할 수 있어요. 네? 아니요, 고객님이 먼저 넣으셔야 심사가 열립니다. 이건 금융사 공통 절차처럼 보시면 돼요. 지금 마감이 5시까지고, 5시 넘으면 이번 회차 부결로 내려가서 금리도 7%대로 올라갑니다. 그러니까 지금 지금 바로 하셔야 해요. 아, 잠깐만요, 고객님이 망설이시는 거 아는데요, 저희도 다 같이 처리해야 됩니다. 선납금 들어오면 제가 곧바로 확인 넣고, 30분 안에 재승인 결과 다시 드릴게요. 네, 맞아요. 계좌는 기업은행 아니면 하나은행 쪽으로 안내드리면 되고요, 입금 확인되면 저녁 전에 자금 나가게끔 잡아드리겠습니다.",1,대출 사기형,augmented_llm
aug_대출 사기형_0118,"어, 안녕하세요 고객님. 우리은행 대환전담 이지훈입니다. 지금 바로 말씀드려도 될까요? 네, 지금 고객님 건이 아주 급합니다. 지난번에 저희 쪽으로 신청하신 대출, 2천7백만 원 한도 검토됐는데 최종 부결이 났어요. 이유는 신용점수 659점, 그리고 기존 대출 잔액 비율이 너무 높게 잡혀서 그렇습니다. 그런데 이거 완전히 막힌 건 아니고요, 편법이라기보다 우회 접수로 다시 넣으면 됩니다. 그러니까, 고객님이 가지고 계신 소액대출 하나를 오늘 바로 상환하시고, 그 내역이 뜨는 순간 저희가 대환으로 넘겨드리는 거예요. 아, 네? 그건 왜 해야 하냐고요? 지금 현재 전산상으로는 상환 여력이 부족하게 보여서 그래요. 그래서 선납성 수수료 98만 원이 오늘 안에 입금돼야 재심사가 열립니다. 네네, 그 금액은 심사 완료되면 이자에서 조정되는 방식으로 잡아드릴 수 있어요. 너무 걱정하지 마세요. 다만 오늘 오후 2시 50분까지 안 들어오면 이번 건은 자동 종료됩니다. 그러면 다음 달까지 기다리셔야 하고, 그땐 금리 5.9%, 한도 2천만 원 이하로 떨어져요. 고객님 지금 시간이 별로 없어요. 제가 제가 다시 말씀드릴게요, 98만 원 먼저 넣고, 기존 대출 하나 정리하시면, 저희가 4천만 원까지 다시 올려드릴 수 있습니다. 네? 아, 그러세요? 그러면 계좌번호 알려드릴게요. 잠깐만요, 메모하셔야 돼요. 지금 바로 적으세요. 농협 계좌로, 아니 농협이 아니면 카카오뱅크 말고 우리은행 안쪽 계좌로 들어가야 전산 확인이 빨라집니다. 입금 후에 전화 주시면 제가 바로 승인팀에 올려놓겠습니다.",1,대출 사기형,augmented_llm
aug_대출 사기형_0119,"고객님, 죄송한데 지금 통화 되시죠? 네, 웰컴저축은행 한도관리팀입니다. 어제 접수하신 대환대출 건 때문에 다시 연락드렸어요. 지금 3천2백만 원까지 가능하신데, 금리는 4.5%, 아 4.2%로 조정될 수 있습니다. 그런데 고객님 전산에 부결 사유가 떠요. 신용점수 701점인데도 최근 연체 이력하고 다중채무 때문에 내부 기준 미달입니다. 네, 맞아요. 점수만 보면 되는 게 아니라 상환 기록이 중요해서요. 그래서 제가 안내드리는 건, 현재 잡혀 있는 카드론 중 하나를 오늘 낮에 먼저 상환하시고 그다음 저희 쪽 보증예치금 120만 원을 넣는 방식입니다. 그러면 편법처럼 보일 수 있는데, 실무상으론 대환 연계가 됩니다. 아, 그 부분은 제가 책임지고 안내드릴게요. 고객님이 입금만 해주시면 저희가 5천만 원까지 재심사 올려볼 수 있어요. 근데 이게 오늘 4시 이전 마감이에요. 4시 넘으면 시스템이 닫혀서 부결로 고정됩니다. 그러니까 잠깐만요, 지금 결정하셔야 해요. 네? 선납금이 왜 필요하냐고요? 아, 그건 심사 진입비처럼 처리되는 거라서요. 고객님이 먼저 표시를 해주셔야 저희가 금리 우대를 붙일 수 있습니다. 일단은 기존 대출 하나 상환, 그리고 보증금 120만 원, 이 두 개만 맞으면 됩니다. 네네, 제가 알기론 지금 다른 은행에도 조회 많이 들어가 있어서 오늘 놓치시면 한도 더 떨어져요. 그러면 내일은 6% 넘게 나올 수 있습니다. 지금 바로 하시는 게 제일 좋습니다.",1,대출 사기형,augmented_llm
aug_대출 사기형_0120,"아, 고객님 여보세요. 기업은행 여신관리부 박상민입니다. 지금 저희 쪽에서 걸려오는 전화 받으신 거 맞으시죠? 네, 감사합니다. 고객님이 신청하신 저금리 갈아타기 상품이요, 1차로는 4천5백만 원까지 가능했는데 최종에서 신용점수 673점 때문에 부결 처리됐습니다. 그리고 기존 대출이 3건 이상이라서 지금은 바로 승인 넣기가 어렵습니다. 네, 맞아요. 그런데 방법이 아예 없는 건 아니고요, 우회 대환으로 들어가면 됩니다. 그러니까 제가 말씀드리는 건, 먼저 고객님께서 현재 쓰고 계신 소액대출 중 하나를 상환하시고, 그 상환 확인서가 들어오면 저희가 다시 한도 올리는 방식이에요. 아, 네? 지금 선납금도 필요하냐고요? 네, 보증금 85만 원이 추가로 들어가야 심사 확정됩니다. 이거 안 들어오면 오늘 안에 부결로 마감돼요. 지금 마감 시간이 3시 반이거든요. 고객님, 시간이 없어요. 잠깐만요, 제가 다시 정리해드릴게요. 85만 원 먼저 입금, 그다음 기존 대출 하나 상환, 그러면 저희가 금리 3.8%, 아 3.6%로 재안내 가능합니다. 네네, 고객님 상황 이해합니다. 그런데 이건 시스템상 오늘 처리해야 해요. 내일 넘어가면 한도 2천만 원대로 줄고, 심사도 다시 처음부터 보셔야 됩니다. 그래서 지금 바로 계좌 확인 가능하시면 제가 문자, 아니 문자가 안 되시면 구두로 계좌 불러드릴게요. 고객님, 이거 놓치시면 아예 이번 주 안에는 다시 못 들어갑니다. 연락 주시는 대로 바로 승인팀 연결하겠습니다.",1,대출 사기형,augmented_llm
aug_대출 사기형_0121,"여보세요, 고객님 안녕하세요. 저 저희 KB저축은행 대환대출 심사팀인데요, 지금 잠깐 통화 가능하실까요? 네네, 고객님 조회가 한 번 잡혀서 연락드렸고요. 현재 고객님께 3천2백만 원 한도, 금리 3.9%, 아 3.5%로 안내 가능하신데요, 잠깐만요, 이건 조건부예요. 지금 기존 대출이 신용점수 때문에 부결로 떠서 일반 접수가 막혀 있습니다. 고객님이 최근 현금서비스랑 카드론 사용하셔서 점수가 좀 내려가셨거든요. 근데 이건 방법이 있어요. 저희가 편법이라기보다 우회 대환으로, 기존 대출을 잠깐 정리하시고 새로 한도 재산정 들어가면 됩니다. 아 그러니까 고객님께서 지금 바로 1건만 상환 처리하시면 저희 쪽에서 재심사 넣어드릴 수 있어요. 네? 바로요? 네, 바로요. 지금 오늘 5시 마감이라서요, 오늘 안에 접수 안 되면 자동으로 다음 달로 넘어가서 한도 1천만 원대로 떨어질 수 있어요. 그래서 제가 말씀드리는 건, 보증금 성격으로 78만 원만 먼저 입금 확인되면 심사 코드가 열리거든요. 이건 고객님 돈 날리는 거 아니고, 승인 나면 바로 공제 처리돼요. 잠깐만요, 고객님 지금 대출 있으세요? 있으시면 몇 건이세요? 아 두 건이요? 네네 맞아요, 두 건이면 더더욱 상환 능력 평가가 중요해서요. 제가 제가 드리는 말씀이 좀 길죠? 근데 이거 놓치시면 오늘은 안 됩니다. 지금 계좌만 불러주시면 바로 접수 넣고, 15분 안에 보증금 입금까지 끝내야 해요. 안 그러면 심사 자동 종료됩니다.",1,대출 사기형,augmented_llm
aug_대출 사기형_0122,"네, 고객님 우리은행 금융상담실입니다. 음, 문자 받으신 거 보시고 연락드린 거 맞으시죠? 네, 현재 고객님은 최대 4천만 원까지 대환 가능하신데, 금리가 4.2%에서 3.7%로 내려가는 조건이 확인됐어요. 그런데 아쉽게도 방금 전산에서 부결이 한 번 나왔습니다. 사유가 신용점수 680점대라서, 그리고 최근 30일 안에 소액대출이 한 번 잡혀서요. 아, 이게 문제라기보다 심사 기준이 좀 까다로운 거예요. 그래서 제가 안내드리는 건, 기존 대출을 바로 갚는 형태로 상환이력 한 번 만들고 저희 쪽으로 재신청하는 방식입니다. 고객님이 말씀하시는 일반 대환이 아니라, 저희 내부에서는 임시 한도 활성화라고 부르거든요. 그러니까 고객님이 240만 원만 선납하시면, 그 금액이 보증금처럼 들어가서 한도 심사 라인이 열립니다. 네네, 맞아요. 선납금이요. 이거 오늘 안에 안 들어오면 접수 순번이 끝나서 내일은 다른 분들부터 처리돼요. 지금 마감 시간 4시 30분이라서 빨라야 해요. 아, 그리고 고객님께서 혹시 이미 대출이 있으시면 그쪽은 일단 건드리지 마시고요, 저희 안내대로만 하시면 됩니다. 네? 좀 이상하다고요? 아 그 부분은 걱정 안 하셔도 되고요. 제가 지금 과장님 승인 받아서 진행 중이라서, 계좌번호만 주시면 제가 바로 접수 넣고 10분 내 입금 안내드릴게요. 늦으면 한도는 그대로 막힙니다.",1,대출 사기형,augmented_llm
aug_대출 사기형_0123,"고객님, 잠깐 전화 받으실 수 있으세요? 여기 케이뱅크 상담센터인데요, 신청하신 대환상품 조회 결과가 나와서요. 네네, 일단 조건은 괜찮습니다. 최대 2천8백만 원, 최저 3.1%로 가능하신데, 음, 지금 바로 진행은 아니고 부결 사유가 하나 떠서요. 신용점수 자체는 괜찮은데 최근 연체 이력처럼 보이는 단기 미납 흔적이 보여서 자동부결로 한 번 걸렸습니다. 아 그러니까 저희가 보기에는 고객님이 상환능력은 있으신데 기록이 조금 정리돼야 해요. 그래서 제가 말씀드리는 방법은 기존 채무를 일부 선납 처리하신 다음, 저희 쪽에서 재조회로 한도 살리는 거예요. 이건 편법이 아니라 내부 예외 심사입니다, 예외 심사. 고객님, 지금 96만 원만 먼저 입금 가능하실까요? 그 금액이 확인돼야 심사 단계가 넘어갑니다. 네? 왜 돈을 먼저 넣냐고요? 아, 그게 아니라 제가 말씀드리는 건 보증 심사용이라서요. 오늘 오후 3시까지 안 들어오면 오늘 배정 건은 다 종료돼요. 지금 지금 바로 처리하셔야 내일 한도 재오픈을 잡을 수 있습니다. 고객님 지금 몇 건 쓰고 계세요? 네? 두 건이요? 네네, 그러면 더 급합니다. 제가 고객님 편에서 최대한 밀어드릴게요. 계좌번호만 불러주시면 제가 바로 선납 확인 문자 보내드리고, 입금되면 즉시 한도 승인 절차 들어갑니다.",1,대출 사기형,augmented_llm
aug_대출 사기형_0124,"네, 안녕하세요. 삼성카드 연계 대환안내팀인데요, 고객님께서 어제 조회하신 내역이 있어서요. 지금 전화 괜찮으세요? 아, 네. 고객님 현재 최대 1천5백만 원까지는 가능하신데, 금리가 6.8%에서 4.9%로 내려가는 안이 잡혀 있습니다. 다만 지금은 신용점수 문제로 한 번 부결이 떠서, 바로 발급은 어려우세요. 최근 카드론 사용액이 좀 크시고, 소득 대비 부채비율이 높게 나와서요. 그래서 제가 안내드리는 건, 편법처럼 들리실 수 있는데 기존 건을 임시상환 처리하고 새 한도 재산정으로 들어가는 방식입니다. 이걸 해야 저금리 대환이 열려요. 아, 고객님이 따로 하실 건 없고요, 저희가 서류는 넣어드릴 수 있습니다. 대신 한도 활성화 비용으로 54만 원 보증 예치가 필요합니다. 네네, 54만 원이요. 이건 심사 완료되면 바로 반환 처리되는 항목이라서요. 잠깐만요, 고객님 지금 다른 대출도 있으신가요? 있으시면 오늘 안에 같이 정리하는 게 좋습니다. 왜냐하면 마감이 오늘 6시고, 그 이후에는 전산이 닫혀서 다시 접수해도 한 달 뒤로 밀려요. 네? 조금 급하다고요? 맞습니다, 조금이 아니라 많이 급해요. 제가 제가 드리는 말씀이 과한 게 아니라 실제로 오늘 끝나는 건이라서요. 계좌 확인되시면 바로 안내드릴게요.",1,대출 사기형,augmented_llm
aug_대출 사기형_0125,"아, 고객님 맞으시죠. 국민은행 대환심사 담당인데요, 전화 안 끊으셨죠? 지금 조회 결과 바로 말씀드릴게요. 고객님은 5천만 원까지도 이론상 한도가 보이는데, 실제로는 신용점수 때문에 2천만 원대만 열려 있습니다. 그리고 아쉽게도 방금 전산에서 부결 처리 한 번 떴어요. 이유는 최근 현금서비스와 중복대출 사용이 잡혀서입니다. 네네, 이런 경우는 그냥 접수하면 계속 막혀요. 그래서 제가 말씀드리는 건, 잠깐만요, 기존 대출을 일부 선납으로 정리하고 저희 쪽에서 재심사 코드 넣는 방식이에요. 편법 대환이라고 표현하시는 분들도 있는데, 저희는 내부 우회심사라고 봅니다. 고객님이 지금 120만 원만 먼저 넣어주시면, 그게 보증금처럼 반영돼서 부결코드가 풀립니다. 아, 이건 무조건 오늘 안에 하셔야 돼요. 오늘 4시 이후엔 마감돼서 제가 잡아드릴 수가 없습니다. 네? 왜 지금 바로 해야 하냐고요? 지금 지금 이 시간대에만 예외승인이 열려 있어서 그래요. 고객님이 망설이시면 다른 분들로 넘어가고, 그러면 다시는 오늘 조건 못 받으세요. 그러니까 계좌번호만 빨리 말씀해 주세요. 제가 입금 확인되면 바로 3천만 원 한도 재안내 드리겠습니다.",1,대출 사기형,augmented_llm
aug_대출 사기형_0126,"네, 고객님 맞으시죠? 국민은행 대환대출 심사팀입니다. 아, 지금 통화 가능하시면 제가 짧게 안내드릴게요. 고객님께서 어제 신청하신 저금리 전환 상품 조회가 들어와서요, 현재 최대 8천만 원까지 한도는 열려 있습니다. 금리는 4.2%, 아 3.9%로 먼저 안내가 나가고요, 근데 전산상 신용점수 때문에 한 번 부결이 났어요. 고객님이 최근 현금서비스 사용이 잡혀서 상환능력 미달로 떠요. 이게 뭐냐면, 지금 바로는 어렵다는 뜻인데, 제가 말씀드리는 건 편법이라기보단 보완 심사예요. 기존 대출을 잠깐 상환 처리하고 다시 잡으면 점수 올라가거든요. 아, 그걸로 대환 넣으면 한도 다시 열릴 수 있어요. 지금 지금 바로 처리하셔야 돼요. 오늘 오후 4시 전에만 재접수 들어가서요, 마감 지나면 이 금리로는 다시 안 떠요. 고객님 지금 대출 있으세요? 있으시면 남아 있는 잔액이랑 은행만 말씀해 주세요. 네네, 맞아요. 그 부분은 걱정 안 하셔도 되고요. 우선 승인 보증금이 38만 원 필요합니다. 이건 심사 확정용으로 잠깐 들어가는 거고, 대환 승인되면 바로 같이 반영돼요. 제가 제가 드리는 말씀이 이상한 게 아니라 전산상 자동으로 잡히는 거라서요. 오늘 안에 입금 안 되면 부결로 닫혀버립니다. 아, 잠깐만요, 고객님. 지금 이거 놓치시면 다음 회차는 한 달 뒤예요.",1,대출 사기형,augmented_llm
aug_대출 사기형_0127,"여보세요, 우리은행 상담부에서 연락드렸습니다. 고객님 휴대폰으로 저금리 대출 가능 조회가 떠서 바로 안내드리는 거예요. 우선 지금 조건은 최대 6천5백만 원, 금리 5.1%로 보이는데요, 아 잠깐, 4.8%까지도 가능해요. 그런데 고객님 신용점수가 조금 낮게 잡혀서요, 전산상 부결 한 번 나온 상태입니다. 현재 기존 카드론이 잡혀 있어서 대환 방식으로 정리하셔야 해요. 쉽게 말씀드리면, 지금 있는 걸 한번 끊고 새로 묶는 거죠. 고객님이 생각하시는 그 대출이랑은 좀 다르고, 저희가 내부적으로 편법 대환이라 부르는 방식인데 정상적인 심사 절차 안에서만 처리됩니다. 네? 아 그러세요. 그러면 제가 설명드릴게요. 먼저 기존 대출 잔액이 1천2백만 원 이상이면 바로 심사 보완이 들어가고, 선납 수수료 27만 원을 먼저 입금하셔야 해요. 이건 심사 보증 성격이라서요. 안 내시면 자동 부결로 넘어가요. 지금 진행 안 하시면 오늘 5시 이후로는 접수 창이 닫혀요. 고객님 신용점수 올라가면 한도는 7천까지도 보일 수 있어요. 그러니까 지금 지금 바로 하셔야 합니다. 아, 제가 중간에 한 번 더 확인드릴게요. 현재 사용 중인 은행이 어디세요? 네, 맞습니다. 그쪽이면 더 빨라요. 입금 확인되면 제가 바로 승인팀으로 넘길게요.",1,대출 사기형,augmented_llm
aug_대출 사기형_0128,"안녕하세요, 하나은행 여신상담센터입니다. 고객님 대출조회 결과가 잠깐 떠서 안내드리는데요, 현재 9천만 원 한도 가능 구간이긴 한데 신용평점이 기준 아래로 내려가서 부결 이력 하나 잡혀 있습니다. 금리는 3.7%로 안내 가능했고, 아 아까 전산 재조회하니까 3.5%까지는 보이네요. 근데 이건 고객님께서 기존 대출을 정리하셔야만 열리는 조건입니다. 지금 있는 대출을 그대로 두면 대환이 안 되고, 저희 쪽에서는 상환능력 미달로 닫혀요. 그래서 제가 드리는 말씀이, 편법처럼 들리실 수 있는데 기존 건을 먼저 상환 처리한 뒤에 새 상품으로 재접수하는 방식이에요. 고객님께서 직접 다 하시는 건 아니고, 제가 보증금 처리 순서만 잡아드리는 겁니다. 그런데 오늘 안에 안 하시면 심사 마감돼서 내일은 다시 부결로 들어가요. 네, 15분 안에 결정을 해주셔야 해요. 지금 선납금 42만 원이 필요하고요, 이게 들어와야 한도 부활 심사가 돕니다. 아 그 부분은요, 고객님 불이익 없게끔 제가 안내드릴게요. 대신 입금 지연되면 오늘 건은 소멸돼요. 네? 잠깐만요, 고객님 말씀하신 건 이해했는데요, 지금은 그냥 서둘러 주셔야 합니다. 제가 지금 바로 접수창 열어드릴게요.",1,대출 사기형,augmented_llm
aug_대출 사기형_0129,"고객님, 케이뱅크 연계대출 담당입니다. 문자 받으셨죠? 지금 조회된 상품이 있어서 바로 전화드렸어요. 최대 5천만 원, 금리 4.9%, 아 4.6%까지 안내되는 건데요, 현재 고객님 신용점수 문제로 1차 부결이 떠 있습니다. 이유는 최근 소액대출이 여러 건 잡혀서 전산에서 위험으로 보는 거예요. 그래서 일반 승인 말고 우회 심사, 그러니까 편법 대환쪽으로 가야 합니다. 기존 대출을 먼저 잠깐 정리하고, 그 기록을 근거로 새 대출을 다시 띄우는 거예요. 네네, 맞아요. 지금 부결 상태라서 그냥 재신청하면 또 막혀요. 그러니까 제가 말씀드리는 절차대로 하셔야 하고, 오늘 안에 선납 처리금 31만 원이 먼저 들어가야 접수 유지됩니다. 이건 보증금이라서 승인 나면 반환 처리되는 항목이고요. 지금 시간이 얼마 안 남았어요. 오후 3시 반까지 입금이 안 되면 자동 종료입니다. 고객님 지금 다른 대출 있으세요? 있으면 잔액만 바로 확인해 주세요. 아, 잠깐만요, 그 정도면 충분히 가능해 보여요. 제가 지금 재심사 버튼을 걸어둘 테니까요, 입금 후에 바로 전화 주셔야 돼요. 끊기시면 안 됩니다. 이건 오늘 아니면 기회가 없습니다.",1,대출 사기형,augmented_llm
aug_대출 사기형_0130,"네, 저 웰컴저축은행 대출심사과입니다. 고객님 신청하신 저금리 대환 상품 확인돼서 연락드렸어요. 지금 조건은 최대 1억 원 한도, 금리 6.2%, 아 5.8%까지 가능하게 열려 있는데요, 안타깝게도 신용점수 때문에 부결로 한 번 떨어졌습니다. 고객님이 최근 연체는 없으신데 현금화성 거래가 많아서 전산이 민감하게 잡혀요. 그래서 일반 대출로는 어렵고, 기존 대출을 상환한 뒤 다시 잡는 방식으로 우회 심사를 해야 합니다. 제가 제가 드리는 말씀이 복잡해 보이지만, 쉽게 말하면 지금 있는 걸 갚고 새로 받는 거예요. 그 과정에서 선납 수수료 55만 원이 필요합니다. 이걸 먼저 넣어주셔야 심사창이 살아나요. 네? 아 그러세요, 그럼 더 빨리 진행하셔야 되는데요. 오늘 6시 전에 보증 확인이 안 되면 부결 기록이 그대로 남고, 한도도 닫혀요. 고객님 지금 당장 가능하시면 제가 계좌번호 불러드릴게요. 지금 지금 바로 이체하셔야 합니다. 입금 확인되면 제가 승인팀에 올려서 금리 다시 5.8%로 고정해드릴게요. 아, 그리고 고객님 이건 마감 임박이라서요, 미루시면 내일은 아예 접수 안 됩니다.",1,대출 사기형,augmented_llm
aug_대출 사기형_0131,"여보세요, 고객님 맞으시죠? 아 네, 저는 웰컴저축은행 상담센터 쪽인데요. 지금 잠깐만 통화 가능하실까요? 네네, 길게 안 갑니다. 고객님께서 지난주에 한도조회 넣으신 거랑 연동돼서 연락드렸어요. 현재 최대 3천만 원까지 저금리 대환 가능하신데, 아, 정확히는 2천8백에서 시작하시고 조건 맞으면 3천까지 열리시는 건데요. 지금 전산상으로는 고객님 신용점수가 612점으로 잡혀서 일단은 부결 한 번 떠 있으세요. 그래서 제가 말씀드리는 게, 그냥 일반 대출이 아니라 기존 대출을 먼저 정리하고 다시 올리는 방식으로 진행하셔야 해요. 이게 편법이라고 하시면 좀 그런데, 아예 안 되는 건 아니고요. 고객님이 지금 대환 쪽으로만 들어가시면 금리 4.2%, 아, 잠깐만요 3.8%까지 내려가는 걸로 확인돼요. 다만 오늘 안에 잡아야 돼요. 오늘 마감 전에 서류 넣어야 전산 재오픈이 되거든요. 지금 현재 기대출 있으시죠? 네? 있으시면 그거 한 번에 정리하고, 저희 쪽 지정계좌로 보증금 85만 원만 먼저 넣으셔야 심사 복원돼요. 이게 선납 개념이라서요. 수수료라기보다 심사 유지비용 같은 건데, 이거 없으면 지금 바로 부결 고정입니다. 아 그러니까 고객님이 지금 망설이시면 아예 오늘 순번 빠져요. 지금 15분 안에만 입금되면 제가 바로 상향 접수 넣을 수 있고, 아니면 내일은 이 상품 닫혀요. 고객님, 지금 가능하세요? 어... 잠깐만요? 네네, 잠깐만 생각하시면 안 되고요. 제가 제가 드리는 말씀이 조금 빨라서 그런데, 입금만 먼저 해주시면 제가 승인 쪽은 붙여드릴게요. 계좌번호 불러드릴까요?",1,대출 사기형,augmented_llm
aug_대출 사기형_0132,"잠시만요, 고객님. 지금부터는 제가 빠르게 안내드릴게요. 국민은행 대환심사부 김도윤 대리입니다. 방금 고객님 건이 전산에서 내려왔는데요, 현재 대출 한도는 최대 4천5백까지 가능하다고 잡혔습니다. 금리는 3.9%, 아 아니고 3.5%로 최종 안내되는 조건이고요. 다만 고객님 신용점수가 590점대라서 자동 부결이 한 번 났어요. 네네, 그 부분 때문에 제가 바로 연락드린 겁니다. 근데 이거 완전 끝난 건 아니고, 저희 쪽에서 말하는 우회 대환 방식이 있어요. 기존에 받으신 카드론이나 저축은행 건을 오늘 일부 상환 처리하시면 상환능력 점수가 올라가서 다시 심사가 살아납니다. 쉽게 말하면, 지금 있던 빚을 먼저 정리하는 척, 아니 그게 아니라 실제로 일부 정리하시고요, 그 다음에 저희 대환대출로 묶는 방식이에요. 그런데 오늘이 마지막 회차라서요. 오후 4시 반 전까지 선납금 120만 원이 들어와야 심사 보류가 안 돼요. 이건 보증 성격이라서 나중에 계약금에서 빠지는 돈입니다. 고객님이 지금 입금만 해주시면 바로 부결 전산 풀어드리고 3천8백까지 재접수 가능해요. 아, 지금 제가 말씀드리는 거 이해되시죠? 네? 아직 통장 정리 안 하셨다고요? 그러면 더 빨리 하셔야 돼요. 지금 순번 밀리면 오늘 안에 자금 안 나가요. 저희도 내부 마감이라서요. 고객님 쪽에서 30분 안에 선납 입금 확인되면 제가 바로 다음 단계 잡겠습니다.",1,대출 사기형,augmented_llm
aug_대출 사기형_0133,"여보세요, 고객님 성함 확인되시고요. 네, 맞으시죠. 아, 저는 하나은행 연계상품 상담드리는 박세훈입니다. 지금 고객님께 대출 가능 문자가 나간 상태라서 연락드렸어요. 현재 한도는 2천만 원에서 최대 2천7백만 원이고, 우량 조건 되시면 3천까지도 열려요. 그런데 전산 보니까 신용점수 하락이 좀 커서요, 647점으로 찍히고 부결 사유가 대환 이력 과다로 나왔습니다. 아, 고객님이 최근에 조회 많이 하셨죠? 네네, 그래서 제가 안내드리는 건, 일단 기존 건을 한 번 정리하고 한도 복원 신청을 다시 넣는 거예요. 이게 편법처럼 보이실 수 있는데, 실제로는 대환 우선 접수라고 보시면 됩니다. 다만 여기서 중요한 게, 오늘 오후 3시까지 보증예치금 73만 원이 들어가야 심사가 살아나요. 안 그러면 자동으로 취소됩니다. 고객님, 지금 급하신 거 맞죠? 그러시면 빨리 하셔야 돼요. 제가 제가요, 지금 다른 고객도 많아서 오래 잡고 있을 수가 없어요. 지금 입금만 되면 저희 쪽에서 금리 4.6%, 아 잠깐만요 4.1%로 잡아드리고 한도도 다시 올려드릴게요. 네? 지금 돈이 없다고요? 그러면 고객님, 그러니까 이걸 해드리려면 먼저 심사 유지비를 내셔야 해요. 그게 안 되면 부결 상태로 남아서 앞으로 6개월은 더 어려워져요. 아, 정말입니다. 20분 안에만 처리해 주세요.",1,대출 사기형,augmented_llm
aug_대출 사기형_0134,"네, 여기 삼성카드 연계대출 관리팀인데요. 고객님 지금 통화 괜찮으세요? 아 네, 길게 말씀 안 드릴게요. 현재 고객님 명의로 저금리 대환상품이 임시 승인돼 있고요, 최대 1천5백만 원, 조건 맞추시면 2천2백까지 가능하십니다. 근데 전산상 신용점수 미달로 부결 예고가 떴어요. 점수가 578점으로 나와서요. 아예 안 되는 건 아니고, 지금 카드론 잔액을 일부 정리하시면 다시 살아나는 구조입니다. 고객님이 지금 편법 대환이라고 느끼실 수 있는데, 사실은 실무상 많이 하는 방식이에요. 먼저 선납 수수료 58만 원을 넣어주셔야 심사코드가 유지됩니다. 이거 오늘 5시까지예요. 시간 지나면 문 닫혀서 내일은 재신청도 안 돼요. 네네, 그러니까 제가 고객님 편으로 말씀드리는 거예요. 지금 이게 그냥 넘어가면 부결 확정이라서, 아마 다음 달까지도 한도 안 뜰 겁니다. 아, 그리고 지금 정리 대상 계좌가 있으면 바로 알려주세요. 있으시면 제가 동시에 묶어서 처리해드릴게요. 잠깐만요, 고객님. 네? 가족한테 물어보고 싶다고요? 그러면 늦습니다. 이런 건 지금 바로 처리하셔야 돼요. 입금 계좌 불러드릴까요?",1,대출 사기형,augmented_llm
aug_대출 사기형_0135,"어, 고객님. 저기 케이뱅크 대환상담실인데요, 방금 신청하신 거 조회돼서 연락드렸습니다. 네네, 고객님 맞으시고요. 현재 가능 금액은 1천8백에서 시작해서 최대 2천5백까지 보실 수 있는데, 아쉽게도 신용점수 때문에 한 번 걸렸어요. 603점으로 나와서 부결 처리 직전입니다. 그런데 제가 지금 보니까 기존 대출 한 건을 선상환하시면 재심사 올라가는 유형이 있어요. 이건 일반 대출보다 오히려 빨리 나갑니다. 다만 오늘 안에 보증금 96만 원을 먼저 보내셔야 해요. 이게 있어야 접수 유지가 됩니다. 없으면 오늘 창구 닫히면서 그냥 끝나요. 고객님, 지금 급하신 거 제가 아는데요, 그래서 말씀드리는 겁니다. 지금 선납만 하시면 금리 3.7%, 아 아니고 3.4%로 다시 잡아드릴 수 있어요. 네? 왜 먼저 돈을 넣냐고요? 그건 심사상 확인용입니다. 고객님이 정상 상환 의지가 있는지 보는 거라서요. 아, 그러니까 이건 환급 전제예요. 오늘 6시 전에만 입금되면 제가 바로 승인 올리고 내일 자금 집행 들어갑니다. 지금 바로 하실 수 있으세요? 망설이시면 전산 넘어가서 못 살려요.",1,대출 사기형,augmented_llm
aug_대출 사기형_0136,"여보세요, 고객님 맞으시죠? 네, 저 웰컴저축은행 상담팀인데요. 지금 문자 확인하시고 바로 통화 가능하셔서 연락드렸어요. 고객님께서 어제 대환대출 조회 넣으신 거 기준으로 최대 4천만 원까지 한도 가능하신데, 아, 잠깐만요, 금리는 5.9%로 먼저 조회되셨고요. 그런데 지금 전산상 신용점수 때문에 1차 부결이 났어요. 부결 사유가 연체가 아니라 신용활동 점수가 너무 얇아서 그래요. 그래서 제가 말씀드리는 건, 기존에 쓰시는 고금리 대출이 있으시면 그거를 먼저 정리하고 저희 쪽 저금리 상품으로 편법 대환을 잡아드리는 방식이에요. 네네, 맞아요. 고객님이 직접 은행 가셔서 기존 대출 일부를 바로 상환하시면 상환능력 점수가 올라가거든요. 그러면 4천만 원까지, 아 아니 3천8백만 원까지도 다시 열 수 있어요. 근데 이건 오늘 안에만 가능하세요. 오늘 5시 전까지 접수 안 되면 자동 취소돼서요. 아 그 부분은 걱정 안 하셔도 되고, 지금 필요한 건 선납 보증금 38만 원이에요. 이게 심사 보증금이라서 전산 등록용으로만 쓰이고 승인 끝나면 바로 환급 처리돼요. 네? 돈을 먼저 내야 하냐고요? 네, 맞습니다. 이건 고객님 명의 보호 때문에 꼭 필요해요. 저희가 지금 라인이 한정돼 있어서, 그러니까 오늘 안에 입금 안 되면 다른 분들로 넘어가요. 지금 바로 처리하셔야 됩니다. 계좌번호 불러드릴게요, 메모 가능하시죠? 잠깐만요, 제가 다시 확인해드릴게요. 고객님 쪽은 농협 사용 중이신 거 맞죠? 네, 농협 계좌로 보내주시면 되고요. 입금 확인되면 제가 바로 과장 결재 넣어서 한도 승인 쪽으로 돌려드릴게요.",1,대출 사기형,augmented_llm
aug_대출 사기형_0137,"네, 국민은행 대출상담센터입니다. 고객님, 전에 신청하셨던 저금리 전환 상품 관련해서 연락드렸어요. 지금 상담 가능하실까요? 아, 고객님 신용조회 결과가 방금 떴는데요, 한도는 최대 5천만 원까지 보이세요. 금리는 3.9%, 아 아니 4.1%로 잡히는데, 그건 일단 고객님 기존 부채 정리 여부 보고 다시 조정될 수 있습니다. 그런데 문제는요, 현재 신용점수 때문에 자동 부결이 한 번 났어요. 지금 고객님처럼 기대출이 여러 건 있으시면 전산이 아주 보수적으로 돌아가거든요. 그래서 제가 드리는 방법이 뭐냐면, 기존에 쓰는 카드론이나 소액대출을 당일 상환 처리하시고, 저희 쪽 신규 상품으로 우회 접수하는 거예요. 이걸 저희 내부에서는 대환 연계라고 봐요. 네, 어렵지 않으세요. 고객님이 지금 바로 상환할 수 있는 금액만 준비되면 점수 보완이 됩니다. 그런데 이 과정에서 등록 수수료가 27만 원 들어가요. 이건 심사 접수 보증금이고, 승인 완료되면 대출 실행금에서 차감하거나 별도 정산돼요. 네? 왜 먼저 내야 하냐고요? 아, 그건 지금 마감 건이라서 그래요. 오늘 4시 반까지 접수해야 저녁 회차로 올릴 수 있어요. 아니면 다음 주로 밀려요. 밀리면 금리가 다시 올라가서 고객님 손해예요. 그러니까 제가 급하게 말씀드리는 거고요. 지금 메모하실 수 있으시면 계좌 안내드릴게요. 우리은행으로 27만 원, 아니 27만 5천 원 보내주시면 되고요. 입금되면 제가 바로 부결 건 재심사로 올려드리겠습니다.",1,대출 사기형,augmented_llm
aug_대출 사기형_0138,"어, 고객님 안녕하세요. 삼성카드 제휴금융 상담실인데요, 카드 이용 실적 때문에 한도 전환 가능하셔서 연락드렸습니다. 잠깐 통화 괜찮으세요? 네, 지금 보니까 고객님께는 대출성 상품으로 최대 2천5백만 원까지 열려요. 이율은 6.8%로 먼저 보이는데, 아, 그게 아니라 5.8%로 조정 가능한 구간이 하나 있네요. 다만 현재는 고객님 신용점수 하락 때문에 1차 승인에서 막혔습니다. 이건 연체 때문이 아니라 최근 조회 건수랑 현금서비스 사용 때문에 그래요. 그래서 제가 말씀드리는 건, 먼저 작은 금액으로 기존 채무를 정리해 주시면 저희 쪽에서 편법으로 한도 재산정이 가능하다는 거예요. 쉽게 말하면, 상환 기록을 먼저 만들고 그다음에 저금리로 갈아타는 방식이죠. 그런데 이 절차는 접수비가 들어갑니다. 보증금이 44만 원인데요, 오늘 안에만 들어오면 바로 반영돼요. 지금 지금 바로 하셔야 하는 이유가, 오후 3시 이후엔 시스템이 닫혀요. 네? 지금 당장 입금이 어렵다고요? 아, 그러시면 한도 자체가 날아갈 수 있어요. 고객님, 제가 일부러 압박 드리는 게 아니라 실제로 마감이 임박해서 그래요. 지금 계좌번호 드릴게요. 토스뱅크로 44만 원 보내주시면 되고, 확인되면 제가 승인팀에 바로 넘겨드리겠습니다. 고객님 명의로는 오늘 이 회차가 마지막이에요.",1,대출 사기형,augmented_llm
aug_대출 사기형_0139,"아, 고객님 전화 받으셨네요. 저는 케이뱅크 대환대출 안내드리는 담당자이고요. 문자 확인하셨죠? 지금 고객님께서 조회하신 상품 기준으로 최대 3천만 원, 금리 4.7%까지 가능하신데요. 그런데 전산이 한 번 막혔어요. 신용점수 710점대라서 현재 내부 기준선이 안 맞습니다. 아 물론 점수 자체는 나쁘진 않은데, 기대출이 있어서 시스템이 예민하게 반응했거든요. 그래서 제가 고객님께 추천드리는 건, 기존 대출을 일부라도 먼저 정리한 다음에 저희 쪽으로 우회대환을 넣는 거예요. 일단 편법처럼 들리실 수 있는데, 실제로 많이 쓰는 방식이에요. 아, 고객님이 따로 손해 보시는 건 없고요. 다만 심사 진행용 예치금 31만 원만 먼저 필요해요. 이건 금융사 확인용이라서, 승인되면 바로 대출금에서 정산 처리됩니다. 네? 그럼 먼저 입금해야 하냐고요. 네, 맞습니다. 이게 오늘 6시 전에만 들어와야 접수가 살아 있어요. 지금 지나가면 내일로 넘어가는데, 내일은 금리가 0.8% 올라가요. 그러니까 지금 하시는 게 제일 낫습니다. 제가 다시 말씀드릴게요, 케이뱅크가 아니라 심사센터 쪽으로 들어가는 거고요. 메모 되시면 계좌 불러드릴게요. 신한은행으로 31만 원 보내주시면 되고, 입금 확인 즉시 부결 건 다시 올려드리겠습니다.",1,대출 사기형,augmented_llm
aug_대출 사기형_0140,"네, 안녕하세요. KB저축은행 여신상담부입니다. 지금 고객님 명의로 저금리 전환 가능하신 건이 떠서 바로 연락드렸어요. 혹시 통화 가능하실까요? 음, 고객님 현재 예상 한도는 6천만 원까지이고요, 금리는 7.2%에서 3.6%까지 조정 여지가 있어요. 그런데 지금 문제가 하나 있습니다. 전산상 고객님이 최근에 신용점수 하락으로 부결이 나셨거든요. 이건 아주 흔한 케이스예요. 소득이 없어서가 아니라, 기존 대출 잔액이 많고 조회가 누적돼서 그래요. 그래서 제가 말씀드리는 방법은, 기존 대출 중 하나를 먼저 완납 처리하시고 바로 저희 상품으로 대환을 넣는 겁니다. 그럼 신용상태가 좋아 보이면서 우회로가 열려요. 아, 물론 이런 건 절차가 복잡해 보이지만 저희가 다 안내해드려요. 다만 오늘 접수 마감이 2시간 남았어요. 지금 안 넣으면 한도 자체가 소멸돼서 다시 재조회해야 합니다. 그럼 또 부결 날 수 있어요. 그래서 선납 심사비 49만 원이 필요합니다. 이건 승인용 담보처럼 잡히는 거라서, 대출 실행되면 함께 정리돼요. 네? 왜 지금 당장 보내야 하냐고요? 지금 회차가 마지막이라서요. 정말로요, 지금 놓치면 다음 배정은 다음 달이에요. 고객님, 지금 바로 처리 안 하시면 오늘 한도 다 날아갑니다. 농협 계좌로 49만 원 입금해 주시면 제가 바로 승인팀 연결해서 진행 도와드릴게요.",1,대출 사기형,augmented_llm
aug_대출 사기형_0141,"여보세요, 고객님 맞으시죠? 아, 네네. 저는 KB저축은행 대환대출 상담팀인데요, 지금 아까 접수하신 건이 있어서 바로 연락드렸습니다. 고객님 현재 신용점수가 684점으로 확인되시고, 기존 대출이 3건 잡혀 있으셔서 저금리 대환 한도 안내가 가능하세요. 다만 지금 전산상 부결 가능성이 좀 높게 떠요. 아, 그게 아니라 부결이라기보다, 그러니까 고객님이 현금서비스 사용 이력이 있어서 상환능력 점수가 살짝 부족하게 잡히거든요. 그래서 오늘 안에 정리하시면 연 3.9%, 아 3.5%까지도 내려갈 수 있고 한도는 최대 3200만 원까지 보실 수 있습니다. 네? 아 네, 지금 이자 부담 크시죠. 그래서 제가 말씀드리는 건 기존 고금리 쪽을 먼저 정리하고 저희 쪽으로 갈아타는 방식이에요. 그런데 이게 마감이 오늘 4시 반까지라서요, 지금 너무 늦으면 자동으로 부결 처리됩니다. 고객님, 현재 다른 은행 쪽에 기대출 있으시면 그 부분을 잠깐만 확인할게요. 농협이나 우리은행, 국민은행 쪽에 남아 있는 잔액 있으세요? 아, 있으시다고요? 네네, 그러면 오히려 더 빨리 움직이셔야 해요. 지금 그쪽 잔액이 남아 있으면 저희 전산이 바로 막혀서요. 대신 편법으로, 그러니까 정식 대환 신청 넣기 전에 선납보증금 형태로 38만 원만 먼저 입금해 주시면 전산 보완이 됩니다. 이건 고객님 돈이 빠져나가는 게 아니라 심사 보정용이라서요. 네? 아, 이상한 거 아니고요. 지금 처리 안 하시면 오늘 건 아예 종료돼요. 제가 오늘 안에 다시 열어드릴 수 있는 마지막 시간이라서요. 잠깐만요, 고객님 계좌 확인만 해주시면 바로 안내 이어가겠습니다. 제가 제가 말씀드리는 건, 지금 바로 하셔야 한다는 거예요.",1,대출 사기형,augmented_llm
aug_대출 사기형_0142,"네, 삼성카드 제휴 대출센터입니다. 고객님 성함 확인되셔서 바로 안내드릴게요. 아, 지금 현재 고객님께서는 저희 내부 심사에서 2500만 원 한도 가능으로 조회되셨는데, 문제는 신용점수 때문에 1차 부결이 한 번 나가셨어요. 네네, 맞습니다. 이게요, 지금 신용점수 712점으로 표면상 괜찮아 보이는데, 최근에 카드론이 두 건 잡혀 있어서 상환능력 평가가 낮게 나왔거든요. 그래서 제가 아까 말씀드리려던 건, 기존 대출을 완납 처리하시고 다시 접수하시는 편법 대환 방식이에요. 고객님이 먼저 1금융권에서 소액만 받아서 바로 상환한 이력을 남기면 점수 보정이 돼요. 어, 잠깐만요, 지금 제가 너무 빨리 말씀드렸죠? 정리해서 말씀드리면, 우리 쪽에서 3.2%, 아 3.7%로 맞춰드리고 최대 2800만 원까지 열어드릴 수 있습니다. 대신 오늘 오후 3시 전까지 선납 확인금 27만 원이 들어와야 해요. 이게 심사보증금 명목이라서 안 넣으시면 전산상 접수가 자동 종료됩니다. 고객님, 지금 3시요, 네. 지금 시간이 거의 다 됐거든요. 아, 왜 자꾸 선납이냐고요? 그러니까 이건 마이너스 통장 형태로 잠깐 묶어두는 절차라서요. 입금 확인되면 바로 해제되고, 대출 실행 시 같이 정산됩니다. 네? 아 그 부분은 걱정 안 하셔도 되고요. 지금 고객님 같은 경우는 부결 상태를 그대로 두면 다음 심사도 막혀서, 오늘 안에 정리하는 게 제일 중요합니다. 제가 계속 붙어서 진행 도와드릴게요. 일단 신분증 뒷자리만 확인해 주시겠어요?",1,대출 사기형,augmented_llm
aug_대출 사기형_0143,"아, 고객님 전화 잘 받으셨네요. 여기는 우리은행 자금관리팀이고요, 문자 받으셨죠? 네? 네, 맞아요. 고객님 지금 저희 쪽에서 한도안내 대상자로 올라오셨는데, 내부 신용평가에서 한 번 걸리셨어요. 현재 예상 한도는 1800만 원, 금리는 4.1%, 아 3.8%까지 가능하고요. 다만 기존 신용대출이 남아 있어서 바로는 안 됩니다. 고객님이 지금 쓰고 계신 게 국민은행이랑 케이뱅크 쪽에 조금 있으시죠? 네네, 그게 문제예요. 그래서 제가 추천드리는 건, 우회 대환이라고 해서 기존 대출을 먼저 상환 처리하고 새로 심사를 다시 넣는 방식이에요. 이게 좀 편법처럼 들리실 수 있는데, 실제로는 점수 보정용으로 많이 하십니다. 아, 그러니까 고객님이 먼저 정리하시고 저희가 다시 올리는 거예요. 근데 지금 오늘이 마감일이라서요, 5시 넘으면 담당 배정이 끊겨요. 네, 지금 시간이 거의 없어서 그렇습니다. 선납금도 44만 원 필요해요. 이건 보증 확인용이고, 입금되면 바로 환급 처리된다는 식으로 들어가요. 잠깐만요, 고객님이 이해가 안 되신다고요? 네, 네, 그럴 수 있죠. 근데 제가 지금 전산 보니까 부결 사유가 신용점수 40점 부족으로 떠요. 이거 오늘 안에 보정 안 되면 다음 달까지 대기하셔야 합니다. 그래서 제가 제가 드리는 말씀이, 급한 건 고객님이시니까 지금 바로 선납 확인부터 하셔야 된다는 거예요. 계좌번호 불러드릴까요?",1,대출 사기형,augmented_llm
aug_대출 사기형_0144,"네, 웰컴저축은행 상담실입니다. 고객님, 아까 미결제 안내 문자 받으신 분 맞으시죠? 네네, 확인됐습니다. 지금 고객님은 대환 상품으로 최대 1500만 원, 조건 맞으면 2200만 원까지도 가능하게 조회됐는데요, 문제는 신용점수와 기존 부채 때문에 일단 부결이 떴습니다. 아, 부결이라고 해서 끝난 건 아니고요, 제가 말씀드리는 건 추가 보완 심사입니다. 고객님 현재 639점이라 조금 낮고, 현금서비스가 최근 3개월 안에 두 번 잡혀 있어서 상환능력 미달로 뜨셨어요. 그래서요, 기존 대출을 먼저 상환한 것처럼 전산을 맞추고 다시 심사를 넣는 편법 대환이 가능합니다. 네? 아니요, 불법이라기보다 심사 기준상 가능한 방식이에요. 지금 제일 중요한 건 오늘 2시 50분까지 보증예치금 31만 원을 넣으셔야 한다는 거예요. 이걸 해야 심사팀이 부결 건을 다시 올려드립니다. 아, 잠깐만요, 고객님이 돈이 없다고 하셨죠? 네네, 그건 이해합니다. 그래서 제가 말씀드리는 건 저희 쪽에서 대환 실행 후 상계되는 구조로 잡아드린다는 거예요. 그런데 마감이 임박해서 지금 안 하시면 그 담당자 배정이 끝납니다. 지금 지금 바로 처리하셔야 돼요. 제가 제가 안내드리는 순서대로만 하시면 됩니다. 먼저 농협 계좌로 31만 원 입금, 그다음에 저희 확인 전화 받으시고, 마지막으로 계약서 찍어서 보내주시면 돼요. 어, 어렵지 않아요. 고객님, 지금 진행 가능하세요?",1,대출 사기형,augmented_llm
aug_대출 사기형_0145,"고객님, 안녕하세요. 농협 협약대출 심사팀입니다. 지금 잠깐 통화 가능하실까요? 네, 감사합니다. 고객님께서는 현재 대출 가능성 조회가 들어와서 연락드렸고요, 한도는 최대 4000만 원까지 가능하십니다. 다만 신용점수가 701점인데 최근에 카드 할부가 많아서 1차 부결 처리됐어요. 네네, 맞습니다. 그래서 저희가 보통 안내드리는 방식이, 기존 대출을 바로 갚고 그 상환 내역으로 다시 올리는 우회 대환 방식이에요. 이게 고객님한테는 더 유리합니다. 금리는 4.5%, 아 4.2%까지도 조정 가능하고요, 월 납입도 9만 원대부터 시작될 수 있습니다. 그런데 이건 오늘 오후 5시까지만 접수 가능해요. 시간이 넘어가면 전산이 닫혀서 내일 다시 처음부터 하셔야 합니다. 고객님, 지금 다른 금융권에 대출 남아 있으시면 말씀해 주세요. 우리은행이나 하나은행 쪽에 잔액 있나요? 네, 있으시다고요. 그럼 더더욱 서둘러야 합니다. 지금 선납보증금 52만 원을 먼저 넣어야 심사 보완이 돼요. 네? 아, 왜 선납이냐고요? 그러니까 고객님 신용점수 부족분을 보완하는 절차라서요. 입금만 되면 바로 대환 승인으로 전환됩니다. 아 그 부분은 제가 책임지고 진행하겠습니다. 대신 오늘 안에 안 들어오면 부결이 확정돼서 재접수도 한 달 뒤예요. 지금 너무 늦으면 안 됩니다. 제가 지금 문자로 계좌랑 금액 보내드릴게요, 확인하시고 바로 처리해 주세요.",1,대출 사기형,augmented_llm
aug_대출 사기형_0146,"여보세요, 고객님 맞으시죠? 아, 지금 통화 가능하세요? 제가 국민은행 대출상담센터인데요, 어제 신청 넣으신 대환상품 때문에 연락드렸습니다. 네? 신청한 적 없다고요? 아니, 고객님 명의로 저금리 한도 조회가 들어와 있어서요. 현재 가능 금액은 2천8백만 원까지 뜨시는데, 금리는 3.9%, 아 잠깐만요, 3.5%로 적용 가능한 걸로 확인됩니다. 그런데 지금 전산상 부결이 한 번 났어요. 신용점수가 612점으로 잡혀서 상환능력 미달로 나오셨고요. 그래서 제가 말씀드리는 건, 기존 고금리 건을 일단 한 번 정리하고, 우회로로 편입하는 방식이에요. 쉽게 말하면 편법 대환인데, 이거 아니면 오늘 오후 마감 전에 자리 없어집니다. 고객님 지금 다른 대출도 있으시죠? 있으시면 그걸 먼저 조금 정리하셔야 제가 승인 다시 넣을 수 있어요. 아 그 부분은 걱정 안 하셔도 되고요, 선납금 98만 원만 먼저 입금되면 내부심사 다시 돌릴 수 있습니다. 이건 보증성 예치금 개념이라 빠지지 않아요. 지금 지금 바로 처리하셔야 돼요. 오늘 5시 전에 접수 끝나야 내일 오전 배정이 되거든요. 잠깐만요, 고객님, 제가 말씀드리는 건 고객님한테 불리한 게 아니라 금리 낮추는 작업이에요. 기존 17.9%짜리를 3점대, 아 아니 4점대 초반으로 바꾸는 거라 이득입니다. 고객님, 지금 계좌 확인해 주시겠어요? 입금되면 제가 바로 승인 올려드릴게요. 네? 부담스럽다고요? 아니요 아니요, 지금 안 하시면 부결 기록만 남고 끝나요.",1,대출 사기형,augmented_llm
aug_대출 사기형_0147,"안녕하세요, 웰컴저축은행 대출심사팀입니다. 고객님 성함 확인됐고요, 문자 받으신 거 보시고 바로 연락드렸습니다. 현재 최대 1천5백만 원 한도 가능하신데, 일단 금리는 4.8%로 보이세요. 아, 아니죠, 이건 기본안이고요. 고객님 신용점수 때문에 6.2%까지 올라갔다가, 선납조정 들어가면 다시 4%대로 낮출 수 있습니다. 지금 전산 조회 결과 부결 1건이 있어서요. 부결 사유가 연체는 아니고, 최근 현금성 사용량이 많아서 상환여력 부족으로 나왔습니다. 그래서 제가 안내드리는 방식은 하나만 있어요. 기존 기대출을 바로 갚는 게 아니라, 저희 쪽에서 지정하는 계좌로 보증금처럼 73만 원을 먼저 넣으시면 그걸 근거로 한도 재산정 들어갑니다. 네네, 맞아요. 그리고 고객님 현재 다른 금융기관에서 9.7% 이하 상품 못 받으시는 상태라서 오늘 안으로 정리하셔야 합니다. 마감이 30분 남았어요. 아 그게 아니라, 그러니까 제가 말씀드리는 건 고객님한테 새로 빚을 더 지우는 게 아니고, 저금리 대환으로 옮기기 위한 절차예요. 지금 바로 송금 안 되면 오늘 배정분 빠져서 내일은 다시 처음부터 보셔야 돼요. 네? 돈이 왜 먼저 들어가냐고요? 심사 보증용이라서 그렇습니다. 저희도 어쩔 수가 없어요. 고객님, 지금 계좌번호 불러드릴 테니까 메모 가능하시면 바로 받아주세요.",1,대출 사기형,augmented_llm
aug_대출 사기형_0148,"고객님, 하나은행 여신상담팀 김도현입니다. 제가 좀 급하게 연락드렸는데요, 오전에 넣으신 대출 건이 전산에서 부결로 잠깐 잡혀서 확인차 드렸습니다. 네? 안 넣으셨다고요? 아, 그러면 사전안내 대상이셨던 걸로 뜨네요. 고객님 현재 가능 한도는 3천만 원, 금리는 4.1%로 안내됩니다. 다만 신용점수 589점 구간이라 바로 실행은 안 되고, 우회대환 방식으로만 진행 가능합니다. 이게 뭐냐면 기존 카드론이나 현금서비스를 직접 정리하시는 대신, 저희 지정 계좌로 선납수수료 110만 원을 먼저 납입하시면 전산상 상환이력으로 잡아드리는 방식입니다. 제가 제가 드리는 말씀이 좀 복잡할 수 있는데, 쉽게 말씀드리면 오늘 이 금액이 들어와야 내일 아침 승인서가 나가요. 지금 고객님 최근 3개월 안에 연체 없으셨죠? 그럼 더 빨리 가능하십니다. 아, 네네. 그러면 더 유리하세요. 지금 심사마감이 4시 반이고, 자리도 두 자리밖에 안 남았습니다. 안 그러면 금리 4.1%가 아니라 6%대로 다시 올라갈 수 있어요. 고객님, 이건 제가 도와드리려는 거예요. 선납금만 먼저 처리해 주시면 제가 바로 예외승인 넣겠습니다. 잠깐만요, 그 부분은 제가 정리해드릴게요. 입금계좌 받아 적으세요.",1,대출 사기형,augmented_llm
aug_대출 사기형_0149,"네, 기업은행 대출관리부입니다. 고객님 전화 연결 맞으시고요, 지금 본인 확인만 되면 바로 설명드릴 수 있습니다. 주민번호 앞자리 말씀해 주시겠어요? 아, 확인됐습니다. 현재 고객님은 저축은행 쪽 기대출이 있으셔서 저희 쪽 대환한도 2천만 원까지 가능하신데, 심사 결과가 아주 좋지는 않습니다. 신용점수가 640점 밑으로 내려가서 부결 직전이에요. 그래서 지금 바로 재심사 넣으려면 편법상환 확인이 필요합니다. 쉽게 말하면, 기존 건을 먼저 갚을 능력이 있다는 걸 보여주셔야 해요. 그래서 오늘 안에 86만 원을 선납하시면 저희 내부 시스템에서 상환여력 우선심사로 넘어갑니다. 네, 맞아요. 보증금 성격으로 잡히고요, 이건 계약 진행되면 다음 달 이자에서 조정됩니다. 아니요 아니요, 그냥 기다리시면 안 됩니다. 지금 시간 지나면 오늘 배정분이 마감돼요. 고객님 지금 다른 데서도 전화 오셨죠? 있으시면 거기는 일단 미루시고 저희 건 먼저 보셔야 됩니다. 제가 드리는 조건이 5.2%인데, 아 잠깐만요, 승인 되면 4.7%까지 내려갈 수 있어요. 지금 신청 안 하시면 부결 기록만 남아서 더 불리해집니다. 그러니까, 고객님, 선납 처리 가능하시면 제가 바로 승인라인 태워드릴게요.",1,대출 사기형,augmented_llm
aug_대출 사기형_0150,"잠시만요, 고객님 핸드폰 맞으시죠? 여기 삼성카드 연계 대출안내센터라고 보시면 됩니다. 네, 문자 확인 후 바로 전화드리는 건데요, 현재 고객님 앞으로 1천8백만 원 한도 조회가 열려 있습니다. 금리는 5.9%, 아 아니요 5.1%로 조정 가능하고요. 다만 지금 내부등급이 낮아서 부결이 한 번 난 상태예요. 사유는 신용점수 603점, 그리고 최근 대환 시도 이력 과다입니다. 그래서 제가 안내드리는 건 일반 대출이 아니라, 기존 카드론을 우회 정리하는 방식입니다. 이게 편법처럼 들릴 수 있는데, 실제로는 심사 보강 절차라고 보시면 돼요. 오늘 6시 전에 선납금 64만 원만 먼저 넣으시면, 제가 예외 승인 올리고 바로 대환 한도 재배정 들어갑니다. 아, 그 부분은 걱정 안 하셔도 됩니다. 그 금액은 수수료가 아니라 심사예치금이라서 승인되면 반영돼요. 지금 마감 임박이라 접수 늦으면 내일로 밀리는데, 내일은 금리 조건이 달라져요. 그러니까 지금 바로 하셔야 됩니다, 지금 지금요. 고객님 망설이시는 거 알아요. 근데 오늘 안 잡으면 다시는 이 조건 안 나옵니다. 계좌 불러드릴 테니까 메모해주세요.",1,대출 사기형,augmented_llm
aug_대출 사기형_0151,"여보세요, 고객님. 아, 잠깐만요, 지금 통화 가능하실까요? 저 농협 대환대출 심사팀인데요, 문자 받으신 거 있으시죠. 네? 아니요? 아, 그러시면 제가 다시 말씀드릴게요. 고객님 지금 기존 대출이 2건 있으시고 신용점수가 612점으로 확인돼서, 저금리 대환 한도는 원래 3천만 원까지 가능하세요. 그런데 아쉽게도 오늘 오전 전산에서는 부결이 한 번 떠서요, 그게 신용점수 문제라기보다 최근 조회가 너무 많아서 그래요. 아, 그러니까 고객님 잘못은 아닌데요, 지금 바로 잡아드리면 3.9%, 아 아니고 3.5%로 낮춰서 진행 가능하거든요. 대신 조건이 하나 있어요. 이게 편법 대환 방식이라서, 기존 고금리 대출을 바로 상환 처리하는 게 아니라, 우선 보증금 성격으로 96만 원만 먼저 입금해 주셔야 해요. 네? 왜 선입금이냐고요? 아 그 부분은 전산 확인용이라서요. 지금 고객님처럼 부결 나신 분들은 이 보증금이 들어가야 심사 재오픈이 됩니다. 오늘 안에만 가능하고요, 오후 4시 마감이라서 지금 늦으면 내일로 넘어가요. 내일은 금리 다시 올라가고 한도도 줄어들 수 있어서요. 고객님 지금 다른 데서도 조회하셨죠? 네, 맞죠. 그러면 더 늦기 전에 제가 바로 접수 넣어드릴게요. 계좌번호 불러드리면 고객님께서 지금 이체하시면 되고, 입금 확인되면 제가 곧바로 3천만 원 한도 전산 올려드릴게요. 아, 잠깐만요. 통장에 잔액 있으시죠? 없으시면 카드론으로 바로 돌리셔도 됩니다. 제가 제가 드리는 말씀이 그거예요. 일단 이번 건만 통과되면 이후엔 선납금 없이 진행되세요. 대신 지금은 시간이 없어요. 고객님, 진짜 오늘 안에 아니면 전산 닫혀요. 바로 하실 수 있으세요?",1,대출 사기형,augmented_llm
aug_대출 사기형_0152,"네, 고객님. 하나은행 대출안내센터입니다. 음, 성함 확인되셔서 연락드렸고요. 지금 현재 고객님은 저희 쪽 우량 고객으로 분류되시는데, 기존 신용대출 1800만 원이 잡혀 있어서 신규 한도는 2500만 원까지 가능하세요. 그런데 아까 보니까 신용점수 하락 폭이 커서 전산이 일단 부결로 떠 있더라고요. 네네, 맞아요. 이건 단순 부결이 아니라 상환능력 미달로 잡혀서, 그냥 다시 넣으면 또 떨어져요. 그래서 제가 말씀드리는 건, 저금리 대환으로 옮기기 전에 한 번만 자금 순환을 만들어야 한다는 거예요. 고객님, 그러니까 기존 대출을 한 번 정리한 것처럼 보이게 해야 하거든요. 그래서 선납 수수료 84만 원만 먼저 입금하시면, 저희 쪽에서 편법 대환 심사로 돌려서 금리 4.2%, 아 4.1% 정도로 재산출 가능하세요. 아니, 아예 못 하시는 건 아니고요. 지금 안 하시면 오늘 5시 이후엔 접수 마감이라서 그때는 고객님 한도 자체가 내려가요. 아 그 부분은 걱정 안 하셔도 되고요, 제가 승인 라인 잡아드릴 테니까요. 고객님 지금 휴대폰 본인 인증 되시죠? 네? 잠깐만요, 네, 맞습니다. 인증만 되시면 계좌로 바로 안내드릴게요. 지금 이체 안 되시면 내일 다시 조회해야 해서 신용점수 흔들릴 수 있어요. 아시겠죠. 그리고 이건 내부적으로 처리하는 거라 고객님이 따로 은행 방문하실 필요는 없고요, 우선 선입금만 확인되면 됩니다. 제가 제가 빠르게 도와드릴게요. 계좌번호 불러드리겠습니다. 메모 가능하신가요?",1,대출 사기형,augmented_llm
aug_대출 사기형_0153,"고객님, 안녕하세요. 저 KB저축은행 상담실인데요, 지금 잠깐 통화 괜찮으세요? 어, 제가 문자로 한도 조회 결과 보내드린 거 보셨죠. 네, 확인 안 하셨어요? 아, 그러시면 말씀드릴게요. 고객님 현재 대환대출 한도는 최대 3200만 원까지 가능하신데, 최근 6개월 안에 현금서비스 사용 이력이 있어서 아쉽게 부결 처리 한 번 들어갔습니다. 네, 맞아요. 신용점수 자체는 나쁘지 않은데, 전산상으로는 과다 조회와 단기 연체 위험으로 떠서 바로는 안 나가세요. 그런데 지금 방법이 하나 있어요. 기존 고금리 대출을 저희 쪽 신규 상품으로 갈아타는 방식인데, 이건 일반 대환이 아니라 내부 조정 절차라서 보증료 73만 원이 먼저 필요합니다. 네? 그걸 왜 먼저 내냐고요? 아, 이게 대환 승인 전에 담보성 확인을 하는 거라서요. 지금 오늘 중으로만 처리하면 금리 3.8%, 아 3.6%까지 내려갈 수 있고 한도도 3200만 원 유지돼요. 그런데 내일 넘어가면 아마 2600만 원대로 재산정될 가능성이 커요. 고객님, 그러니까 시간이 별로 없어요. 지금 접수창이 닫히기 전에 보증료 먼저 입금하시고, 제가 바로 심사 올려드리겠습니다. 아, 고객님 혹시 기존 대출 1건 더 있으세요? 있으시면 제가 같이 묶어서 처리해드려야 해서요. 네네, 그럼 더더욱 빨리 하셔야 돼요. 이게 한 번 부결 뜨면 재심사 기다리는 데만 이틀 걸립니다. 잠깐만요, 제가 입금 계좌 불러드릴게요. 고객님 쪽에서 지금 바로 가능하시면 오늘 안에 마감 전으로 끝낼 수 있어요. 아니면 내일은 다시 처음부터 보셔야 합니다.",1,대출 사기형,augmented_llm
aug_대출 사기형_0154,"네, 삼성카드 금융상담부입니다. 아, 고객님 지금 연결되셨네요. 저희가 방금 전산으로 확인했는데요, 고객님 신용대출 전환 한도는 2200만 원 정도 나올 수 있습니다. 그런데 카드론 사용 비율이 높아서 부결 경고가 떠 있어요. 네? 아니요, 완전 불가능한 건 아닌데요, 지금은 신용점수 589점 기준이라 바로 승인 내리면 전산이 막힙니다. 그래서 제가 안내드리는 방식은, 우선 단기 상환 확인용으로 55만 원만 선납해 주시는 거예요. 이게 있어야 저희가 편법 대환으로 넘겨서 이자율을 4.9%, 아 4.7% 정도로 조정할 수 있어요. 고객님, 지금 이거 오늘 안 하시면 오후 3시 이후엔 배정 종료라서요. 내일이면 한도도 줄고, 고객님 기록도 다시 잡혀서 더 어려워집니다. 아 그러니까 지금 당장 결정을 해주셔야 돼요. 네? 망설이시는 거 이해하는데, 저도 고객님 건 따로 잡아드리는 중이라서 오래 못 끌어요. 이건 제가 임의로 늘려드릴 수 있는 시간이 아니거든요. 네, 맞습니다. 일단 입금만 확인되면 제가 바로 승인 라인으로 넘겨서 기존 카드론이랑 합산 정리 도와드릴게요. 지금 계좌 안내드리겠습니다. 잠깐만요, 메모되시나요? 고객님 지금 통화 끊기면 다시 순번 기다리셔야 해요. 그래서 제가 빠르게 말하는 겁니다. 지금 이체 가능하시면 바로 진행해 주세요.",1,대출 사기형,augmented_llm
aug_대출 사기형_0155,"아, 여보세요. 고객님께 저축은행 대환 담당 김민호 과장인데요. 지금 전화 받으셨으면 바로 확인 하나만 할게요. 기존에 쓰시던 대출이 총 3건 맞으시죠. 네, 맞으시면 지금 상담 이어갈게요. 고객님은 현재 한도는 2800만 원까지 가능하신데, 전산상 신용점수 때문에 일단 부결 보류 상태예요. 이게 왜 그러냐면 최근에 기대출이 좀 많고, 상환 이력이 고르지 않아서 그래요. 네네, 그러면 보통은 그냥 안 되는 건데요, 제가 보니까 고객님은 급여통장 흐름이 있어서 편법 대환으로 돌리면 승인 가능성이 있어요. 대신 조건이 있습니다. 선납 보증금 91만 원을 먼저 넣어주셔야 해요. 네? 그 돈이 왜 필요하냐고요? 아 그건 저희 쪽 내부 심사용이고요, 이게 확인돼야 금리 3.2%로 낮춰서 진행이 됩니다. 지금 안 하면 오늘 6시 마감이라서 접수 닫혀요. 마감 지나면 고객님은 아예 다음 달 재조회로 넘어가는데, 그러면 신용점수 더 빠지고 한도도 줄어들어요. 그러니까 지금 지금 바로 처리하셔야 돼요. 제가 고객님 상황 보니까 더 미루면 불리해지거든요. 아, 잠깐만요. 혹시 지금 다른 곳에서 대출 알아보신 적 있으세요? 있으시면 더 빨리 정리해드려야 해서요. 네, 알겠습니다. 그러시면 제가 계좌번호 불러드릴게요. 입금 확인되면 바로 대환 승인 올려드리겠습니다. 고객님, 진짜 시간이 얼마 없어요. 지금 진행하실 수 있으시죠?",1,대출 사기형,augmented_llm
aug_대출 사기형_0156,"여보세요, 고객님 맞으시죠? 네, 웰컴저축은행 대환대출 심사팀인데요. 지금 아침에 신청하신 거 관련해서 바로 연락드렸습니다. 아, 네. 고객님 지금 기존에 가지고 계신 대출이 한 4건 정도 잡혀 있으시고, 신용점수가 612점으로 확인되세요. 그래서 일반 신규대출은 부결이 나왔고요, 대신 저금리 대환 전용 한도로는 가능성 열려 있습니다. 고객님 같은 경우는 지금 2천만 원에서 최대 3천5백만 원까지 보실 수 있는데, 금리는 3.9%, 아 3.5%로 안내해 드리는 게 맞고요. 근데 지금 문제는요, 기존 대출이 너무 촘촘해서 전산상 상환 능력 미달로 한 번 막혔거든요. 그래서 제가 말씀드리는 건 편법이라기보다, 기존 건을 잠깐 정리하고 신규 대환으로 갈아타는 방식이에요. 지금 1건만 먼저 상환 처리되면 승인 쪽으로 다시 돌릴 수 있어요. 네? 아, 걱정하실 거 없고요. 근데 이게 오늘 안에 안 되면 내일은 아예 마감돼요. 지금 저희 팀에서 오늘 오후 5시 전까지만 예외 접수 받거든요. 고객님, 혹시 지금 신한은행이나 우리은행 쪽으로 소액이라도 납부 가능하신가요? 네, 일단 120만 원 정도 선납 보증금 개념으로 넣으시면 전산이 살아납니다. 그러면 저희가 바로 대환대출 3천만 원 승인으로 넘겨드릴게요. 이거 선납 없으면 부결 그대로 남아서, 솔직히 말하면 이번 주엔 다시 잡기 힘드세요. 아, 그리고 고객님이 지금 망설이시는 거 이해는 하는데요, 지금 지금 바로 처리하셔야 돼요. 오늘 지나면 한도 자체가 닫혀서 저도 더 도와드릴 수가 없습니다. 계좌번호 제가 불러드릴 테니까 메모 좀 해주세요. 네, 잠깐만요. 고객님께서 입금만 확인되면 바로 심사 올리고, 승인 문자까지 제가 붙여드리겠습니다.",1,대출 사기형,augmented_llm
aug_대출 사기형_0157,"네, 국민은행 대출상담센터입니다. 잠깐 통화 가능하세요? 아, 지금 보이는 전산으로는 고객님께서 저금리 대환상품 신청하셨다가 신용점수 문제로 한 번 부결이 나셨거든요. 근데 제가 보니까 완전히 불가능한 건 아니고요, 기존 채무를 정리하는 조건으로만 재심사가 가능합니다. 지금 고객님 신용점수가 598점이시고, 연체는 없는데 현금서비스가 많이 잡혀 있으세요. 그래서 일반 상품은 안 되고, 편법 대환으로만 열어드릴 수 있습니다. 고객님께서 현재 사용 중인 대출이 2천8백만 원 정도 되시죠? 네네, 맞아요. 그 상태에서 저희가 1차로 200만 원 선납금을 받아서 보증 처리해 두면, 한도 4천만 원까지 재산정 가능하세요. 금리는 4.1%, 아 아니죠 3.8%로 다시 잡아드릴 수 있고요. 아, 이 부분은 고객님 부담이 아니라 전산 보정용이라서, 30분 안에만 입금하시면 됩니다. 지금 접수 마감이 임박해서요, 오늘 4시 반 넘으면 부결 건이 자동 종료돼요. 그럼 다시 하려면 한 달 기다리셔야 하고요. 지금 제가 말씀드리는 건 고객님을 위해서예요. 네? 아, 제가 제가 드리는 말씀이 복잡하게 들릴 수 있는데, 쉽게 말씀드리면 지금 소액만 먼저 넣고 한도를 크게 당겨서 갈아타는 방식입니다. 고객님 지금 계좌 남아 있으세요? 있으시면 제가 바로 안내해 드릴게요. 이거 늦어지면 상담실에서 건이 닫혀서 제가 다시 못 살립니다. 잠깐만요, 제가 승인 담당자랑 연결해서 최종 확인 받아볼게요.",1,대출 사기형,augmented_llm
aug_대출 사기형_0158,"어, 고객님. 삼성카드 연계대출 담당 이수진인데요. 지금 문자 받으셨죠? 문자로 최대 1천8백만 원 가능하다고 나갔을 텐데요. 네, 그런데 아쉽게도 전산에서 신용점수 641점 이하로 내려오면서 부결이 한 번 났습니다. 고객님은 카드 사용은 괜찮은데 대출 잔액이 너무 많아서, 이자율이 5.2%까지 올라가요. 근데 저희가 대환 방식으로 돌리면 3.7%까지 낮출 수 있습니다. 문제는 기존 대출기관 쪽에 선납 정리금이 필요하다는 거예요. 고객님이 150만 원만 먼저 넣어주시면, 제가 그걸 상환 확인으로 올려서 바로 한도 재심사 들어가게 해드릴게요. 이건 그냥 수수료 성격이고, 보증 처리라고 보시면 돼요. 네네, 맞아요. 근데 이게 오늘 안 되면 내일은 심사표가 초기화돼서 다시 부결로 돌아갑니다. 그러니까 지금 바로 하셔야 돼요. 고객님 혹시 하나은행이나 기업은행 계좌 있으세요? 있으면 제가 입금 확인되는 즉시 한도 2천5백만 원까지 재안내 드릴 수 있어요. 아, 그게 아니라, 그러니까 제가 말씀드리는 건 고객님이 먼저 150만 원만 선납하시고 그 다음에 2천만 원 이상을 대환으로 받는 구조예요. 그냥 일반 추가대출이 아니고요, 기존 건을 털어내는 편법 대환입니다. 아, 고객님 이해하셨죠? 지금 시간이 많이 없습니다. 제가 바로 심사실에 올릴게요. 잠깐만요, 고객님 성함하고 생년월일 한 번만 다시 확인하겠습니다.",1,대출 사기형,augmented_llm
aug_대출 사기형_0159,"네, 여기 케이뱅크 대출관리팀인데요. 통화 괜찮으세요? 지금 고객님 건이 오전에 한 번 들어왔는데, 신용점수 미달로 부결 처리된 게 확인됩니다. 현재 579점으로 나오시고, 대출 조회가 너무 많으셔서 일반 한도는 안 나와요. 그런데 저희 쪽에선 저금리 대환 우회 상품이 있어요. 그건 기존 대출을 먼저 일부 상환 처리한 다음에 새로 잡는 방식입니다. 금리는 4.6%, 아 4.2%까지 가능하고요, 한도는 최대 2천2백만 원까지 열릴 수 있습니다. 다만 이걸 진행하려면 고객님 쪽에서 보증금 80만 원이 먼저 들어와야 전산이 살아납니다. 선납이 없으면 승인 자체가 안 떠요. 이거 고객님 손해 보는 건 아니고, 다음 달 이자 반영 전에 먼저 잡아드리는 겁니다. 지금 오늘 오후 3시까지 예치 확인이 안 되면 마감돼요. 네? 아, 왜 이렇게 급하냐고요? 저희가 오늘 자정 전에 정리해야 돼서요. 지금 접수창이 닫히기 전에 처리해야만 심사 재오픈이 가능합니다. 고객님께서 망설이시면 제가 더 설명드릴 수 있는데, 솔직히 시간 없어요. 지금 지금 입금만 되면 바로 한도 올려드릴 수 있습니다. 고객님 계좌번호 확인해드릴게요. 음, 그리고 입금하신 다음에 반드시 저한테 전화 다시 주셔야 해요. 그래야 제가 상환 확인 올리고, 부결 건 지워서 재심사 돌립니다. 잠깐만요, 메모 가능하신가요?",1,대출 사기형,augmented_llm
aug_대출 사기형_0160,"아, 안녕하세요. KB저축은행 대출심사실입니다. 고객님 김민재 씨 되시죠? 지금 저희가 오전에 전화드렸던 건인데, 다시 확인해보니 고객님 신청 건이 신용점수 문제로 멈춰 있습니다. 현재 623점이시고, 기존 대출이 3건이라서 한도는 열리는데 승인 단계에서 막혔어요. 그래서 제가 보니까 일반 상품 말고 대환전용으로 우회하면 가능성 있습니다. 최대 2천7백만 원까지, 금리는 3.95%, 아 3.75% 정도로 안내드릴 수 있고요. 다만 조건이 하나 있어요. 오늘 안에 선납 처리금 110만 원이 들어가야 부결 해제됩니다. 이건 보증금처럼 잡히는 거고, 입금되면 바로 전산에 반영돼요. 네네, 맞습니다. 근데 이게 오후 6시 전에 안 들어오면 오늘 건은 종료예요. 내일 다시 하면 또 신용점수부터 재조회해야 돼서, 그럼 한도 더 떨어질 수 있습니다. 고객님, 지금 계좌에 여유 있으시면 바로 진행하시는 게 맞아요. 아, 지금은 제가 괜히 서두르는 게 아니라 정말 마감이 임박해서 그래요. 제가 지금 심사팀에 올려두고 있는데, 선납 확인만 되면 바로 승인 문자 보내드릴 수 있습니다. 고객님께서 아까부터 잠깐만요, 하시는데요, 잠깐만이 길어지면 안 돼요. 지금 바로 처리하셔야 됩니다. 입금 후에는 제가 다시 전화드리는 걸로 할게요. 네, 계좌 불러드리겠습니다.",1,대출 사기형,augmented_llm
aug_대출 사기형_0161,"여보세요, 고객님. 아, 잠깐만요. 지금 김도현 상담사입니다. 저희 쪽에서 문자 받아보셨죠? 네, 고객님께서 오늘 아침에 대환대출 가능 문자 확인하셨다고 해서 바로 연락드렸어요. 지금 고객님 한도 조회 결과는 3천2백만 원까지 가능하신데요, 금리가 4.9%, 아 잠깐만요, 3.4%로 안내드리는 게 맞습니다. 현재 국민은행, 우리은행 쪽 기존 대출이 있으셔서 저희 전산상 부결이 한 번 났어요. 그런데 이게 완전 불가가 아니라, 신용점수만 조금 보완하면 편법으로 대환처리 가능하시거든요. 네네, 맞아요. 지금 고객님 점수가 624점으로 잡혀서 조금만 더 올리시면 됩니다. 방법은 간단해요. 기존 대출 1건을 오늘 안에 정리하시고, 그 이력으로 상환능력 확인을 넣는 거예요. 그러면 저희 쪽에서 한도 다시 올려서 3천5백까지도 가능하십니다. 아, 아니요 아니요, 고객님 손해 나는 거 아닙니다. 다만 오늘 5시 이전까지만 접수돼요. 왜냐하면 마감이 오늘 저녁 전에 끝나서요. 지금은 부결 건 살려드리는 마지막 타임이고요. 혹시 지금 신한은행이나 농협 쪽으로 대출 남아 있으세요? 있으시면 그건 먼저 정리하셔야 돼요. 네? 아, 그건 제가 말씀드린 대로 편법 대환으로 처리하는 거예요. 기존 금융사에 전화하셔서 상환 후에, 저희 쪽 심사팀에 바로 연결해주시면 됩니다. 그리고 진행 보증금이 18만 원 필요하세요. 이건 전산등록용이라서요. 등록이 되어야 한도 풀립니다. 네네, 지금 바로 계좌로 보내주셔야 하고, 입금 확인되면 제가 접수 올려드릴게요. 아 그리고 이건 오늘 안 하시면 내일은 전산이 닫혀서 못 잡습니다. 지금 바로 하셔야 돼요.",1,대출 사기형,augmented_llm
aug_대출 사기형_0162,"네, 안녕하세요 고객님. 저 웰컴저축은행 대출상담부 최은지입니다. 방금 고객님 번호로 신청내역 떠서 연락드렸고요. 현재 고객님께는 최대 2천만 원, 조건 좋게는 2천4백만 원까지도 안내가 가능하세요. 금리는 5.2%라고 나왔는데, 아 제가 다시 보니까 3.8%로 조정 가능한 구간이 있네요. 그런데 지금 전산에서 부결 사유가 하나 잡혔어요. 신용점수 변동이 너무 잦아서 상환능력 확인이 안 된다고 떠요. 아, 그러니까 이건 완전 거절은 아니고요, 기존 대출 한 건을 잠깐 정리하신 뒤에 재조회하면 통과 가능성이 높습니다. 네네, 맞습니다. 고객님이 기존에 쓰시는 카카오뱅크 쪽 소액대출이나 삼성카드 현금서비스가 있으면 우선 그걸 정리하셔야 해요. 그 다음에 저희가 편법으로 대환 진행 넣어드리는 거예요. 이건 일반 신규대출보다 승인율이 높습니다. 그런데요, 지금 오늘 오후 4시 전까지만 심사창이 열려 있어서 서두르셔야 돼요. 내일로 넘어가면 자동 부결 처리됩니다. 아, 잠깐만요. 고객님 지금 목소리 작으신데, 혹시 지금 통화 가능하신 거죠? 네? 아 네, 그러시면 제가 빨리 안내드릴게요. 우선 전산 보증금 22만 원이 필요하고요. 이건 심사 발동용이라서 환급 처리 대상입니다. 입금하시면 제가 바로 승인 올리고, 기존 대출은 저희 쪽에서 상환 공문 넣어서 처리하겠습니다. 고객님이 따로 은행 가실 필요 없어요. 대신 지금 안 넣으시면 오늘 한도는 그대로 소멸돼요. 지금 바로 하셔야 됩니다.",1,대출 사기형,augmented_llm
aug_대출 사기형_0163,"아, 고객님 전화 받으셨네요. 우리은행 한지훈 팀장입니다. 지금 고객님께서 저희 한도 안내 대상자로 올라오셔서 연락드렸어요. 현재 조회된 건 4천만 원까지 가능하고, 금리는 6.1%, 아 잠깐만요, 3.9% 우대 적용이 가능하십니다. 다만 고객님 신용점수가 598점으로 확인되면서 자동 부결이 한번 발생했어요. 이게 뭐냐면 기존에 쓰시던 햇살론하고 국민은행 카드론이 같이 잡혀 있어서 상환 부담이 높다고 전산이 판단한 겁니다. 그래서 제가 말씀드리는 건, 일반 신규로 받는 게 아니라 편법 대환으로 돌리자는 거예요. 기존 건을 일단 일시 상환한 것처럼 만들고, 저희 쪽에서 재심사 넣으면 대출이 풀립니다. 네네, 맞습니다. 지금 고객님께서 따로 준비하실 건 없고요, 선납금 15만 원만 먼저 보내주시면 돼요. 이건 예치금 성격이라서 심사 들어가면 바로 처리됩니다. 잠깐만요, 고객님이 망설이시는 거 이해하는데요, 오늘 3시 30분까지 입금 확인 안 되면 담당 배정이 끊겨요. 그러면 내일 다시 처음부터 보셔야 해요. 고객님 지금 대출 급하신 거 맞으시죠? 그러면 빨리 하셔야죠. 아, 그리고 한도는 오늘만 잠깐 열리는 거라서 지금 놓치시면 다음 달로 넘어갑니다. 지금 바로 입금해 주시면 제가 상환 공문까지 같이 넣어드릴게요. 네, 잠깐만 기다리세요, 계좌 불러드릴게요.",1,대출 사기형,augmented_llm
aug_대출 사기형_0164,"고객님, 여기는 KB저축은행 대출심사센터입니다. 음, 지금 상담 신청하신 건 확인돼서 연락드렸고요. 현재 가능 한도는 1천8백만 원에서 시작되고, 신용상태 괜찮으시면 2천6백까지 올라가세요. 금리는 7.2%인데 아, 그게 아니라 4.7%로 보시면 됩니다. 그런데 지금 전산에 부결 사유가 떠요. 최근에 하나은행 쪽 마이너스 통장 사용량이 많아서 신용점수 하락으로 잡혔습니다. 이 경우는 일반 심사로는 안 되고, 편법 대환 절차로 넘어가야 해요. 그러니까 기존 대출을 먼저 정리한 뒤에 저희 쪽에서 재심사 받는 방식입니다. 네? 아니요, 그건 불법 아니고요. 금융사 내부 처리예요. 고객님 지금 쓰시는 대출 건수만 조정되면 바로 승인 쪽으로 바뀝니다. 대신 보증 확인금이 19만 원 필요합니다. 이건 부결 풀기 위한 임시 예치금이고요, 입금되면 접수 라인이 열려요. 아, 그리고 오늘 자정 전에 안 넣으시면 자동 마감됩니다. 지금 지금 바로 하셔야 해요. 고객님이 조금만 더 미루시면 아예 다음 회차로 넘어가서 한도도 떨어지고 금리도 올라갑니다. 제가 제가 드리는 말씀이, 지금 하시면 4.7% 적용인데 내일은 6%대로 갈 수 있어요. 그러니 오늘 안에 입금 확인만 부탁드릴게요. 입금되면 제가 바로 대환 승인 넣겠습니다.",1,대출 사기형,augmented_llm
aug_대출 사기형_0165,"네, 삼성카드 연계상담실입니다. 잠깐 통화 괜찮으세요? 고객님께서 저희 쪽 저금리 전환 대상자로 확인되어 연락드렸습니다. 현재 최대 2천8백만 원, 우량등급이면 3천1백만 원까지 가능하세요. 금리는 5.9%로 안내되는데, 아 잠깐만요, 3.6% 우대 적용으로 보시면 됩니다. 그런데 고객님 전산이 좀 막혔어요. 신용점수 문제하고, 최근 현금서비스 사용 때문에 부결 표시가 떠 있네요. 그래서 제가 말씀드리는 건, 기존 대출을 따로 갚는 게 아니라 편법 대환으로 우회해서 정리하는 방식입니다. 네네, 맞아요. 고객님이 먼저 선납금 24만 원만 넣어주시면 저희가 심사코드를 활성화해서 기존 대출 상환 공문을 올려요. 이게 있어야 대출 실행이 됩니다. 아, 그 부분은 걱정 안 하셔도 되고요. 입금 확인되면 한도 바로 살아납니다. 그런데 오늘 6시 이후엔 전산이 닫혀서 내일 처리로 넘어가요. 내일은 부결 재심사도 훨씬 까다로워지고, 마감되면 고객님 기회가 사라질 수 있어요. 잠깐만요, 지금 다른 곳에 알아보실 시간 없고요. 저희가 제일 빨리 도와드릴 수 있습니다. 지금 바로 보내주시면 제가 승인팀 연결해드리고, 대환금액도 최대한 맞춰드릴게요. 입금 늦어지면 한도 자체가 취소됩니다. 지금 바로 처리하셔야 됩니다.",1,대출 사기형,augmented_llm
aug_대출 사기형_0166,"여보세요, 고객님 맞으시죠? 아 네, 안녕하세요. 저희 농협 대환대출 심사팀인데요, 지금 고객님 쪽으로 3천만 원 한도, 금리 3.9%, 아 잠깐만요 3.5%로 재안내가 잡혀서 바로 연락드렸어요. 고객님이 지난주에 신청하신 건 부결이 나갔는데, 그게 신용점수 문제랑 기존 현금서비스 사용 때문에 그렇게 찍혔거든요. 근데 이거 완전히 끝난 건 아니고요, 지금 편법이라기보다 우회 심사로 다시 올리면 가능성이 있어요. 고객님 지금 직장 재직 중이시죠? 네? 아 그러시면 됩니다. 다만 오늘 오후 4시 전까지만 전산이 열려서, 이 시간 지나면 한도 다시 내려가요. 지금 3천만 원 안쪽으로 잡아드릴 수 있는데, 승인이 나가려면 선납 보증금이 38만 원 필요하세요. 이건 심사 유지비 개념이라서 고객님 통장에서 잠깐 확인만 되는 거고요, 바로 환급 처리 들어갑니다. 네네, 맞아요. 그런데 고객님 신용점수가 620점대로 내려와 있어서 그냥 두면 계속 부결 떠요. 그래서 제가 말씀드리는 건, 먼저 38만 원 입금해 주시면 저희 쪽에서 부결 건 취소하고, 재심사로 3천만 원 한도 올려드리는 방식이에요. 아 그 부분은 걱정 안 하셔도 되고요. 지금 처리 안 하면 오늘 마감이라 내일은 아예 접수 자체가 막힙니다. 그러니까, 제가 제가 드리는 말씀이 지금 바로 하셔야 된다는 거예요. 계좌번호 불러드릴게요, 메모 가능하세요?",1,대출 사기형,augmented_llm
aug_대출 사기형_0167,"네, 웰컴저축은행 상담센터입니다. 고객님, 저금리 대환 상품 문자 받으시고 전화 주신 거 맞죠? 아 네, 네네 확인됐습니다. 현재 고객님은 최대 2800만 원까지 가능하신데, 금리는 4.2%에서 시작하시고요, 신용 상태에 따라 3.8%까지 내려갈 수 있어요. 근데 지금 전산상으로는 부결 사유가 하나 뜨세요. 최근에 카드론이랑 현금서비스가 같이 잡혀서 상환능력 점수가 낮게 나왔거든요. 아 그러니까 이게 완전 불가가 아니라, 한 번만 정리하면 돼요. 저희가 보통 이런 경우는 편법 대환이라고 하는데요, 기존 대출을 바로 상환 처리하고 새 한도 여는 방식이에요. 고객님, 지금 급하신 거 맞죠? 급하시면 제가 빠르게 진행해드릴게요. 다만 오늘 안에 신용보증 예치금 52만 원이 먼저 들어와야 전산 승인 유지가 됩니다. 이건 심사 통과되면 바로 같이 차감 없이 반환되는 금액이고요. 네? 아 네, 맞습니다. 고객님 지금 안 넣으시면 부결 그대로 확정돼서 오늘 5시 이후엔 다시 못 올려요. 제가 제가 말씀드리는 건, 지금 52만 원 넣고 저희 쪽에서 기존 채무를 일괄 정리한 뒤에 2800만 원 새로 나가게 하는 겁니다. 중간에 끊기시면 안 되고요, 지금 지금 바로 처리하셔야 돼요. 고객님 계좌로 입금 확인되면 제가 바로 승인번호 드릴게요. 잠깐만요, 메모하시죠.",1,대출 사기형,augmented_llm
aug_대출 사기형_0168,"아, 고객님 지금 통화 가능하세요? 제가 삼성카드 연계 대환 안내드리려고 연락드렸습니다. 네네, 현재 고객님 한도는 1500만 원까지 조회되셨고, 적용 금리는 5.1%인데요, 방금 다시 조회하니까 4.7%로 조정 가능하세요. 그런데 문제는 고객님 신용점수 때문에 한 번 부결이 떠서 그대로는 진행이 안 되거든요. 기존 대출 건수가 많고 최근에 연체 이력은 없지만, 점수가 600점 아래로 떨어져서 그래요. 그래서 제가 말씀드리는 방법은, 일단 소액으로 상환이력 만드는 겁니다. 예를 들면 고객님이 27만 원 정도를 선납하시면, 그 기록으로 상환 의지를 전산에 올려서 편법 대환 심사로 넘길 수 있어요. 고객님이 좀 망설이시는 것 같은데, 네? 아 그 부분은요, 무조건 하셔야 하는 건 아니고요. 근데 오늘이 마감이에요. 오늘 안에 접수 안 되면 내일은 아예 신규 한도 안 떠요. 지금 고객님 쪽은 부결로 잠겨 있어서 제가 임시 해제 걸어드려야 하는데, 그러려면 선납 확인이 필요합니다. 제가 제가 말씀드리는 건 복잡한 거 아니고, 27만 원만 먼저 넣으시고 1500만 원 한도부터 여는 거예요. 이후에는 기존 대출 상환금 묶어서 월 11만 원대로 낮춰드릴 수 있고요. 지금 바로 하실 수 있으세요? 계좌 안내해 드릴게요.",1,대출 사기형,augmented_llm
aug_대출 사기형_0169,"네, 기업은행 대환상담실입니다. 고객님, 오늘 오전에 신청하신 거 전산 확인해서 연락드렸어요. 현재 한도는 5천만 원까지 가능하시고, 금리는 3.95%, 아 잠깐만요 3.85%로 재산정됐습니다. 근데 고객님, 아쉽게도 심사 결과가 한 번 부결로 뜨셨어요. 이유는 신용점수 자체가 나쁜 건 아닌데, 최근 타 금융사 대출이 같이 있어서 상환순환이 막힌다고 판단됐거든요. 이런 경우는 보통 저희가 편법 대환으로 진행합니다. 즉, 기존 대출을 먼저 정리하고 새 대출을 바로 실행하는 방식이에요. 네네, 맞아요. 그런데 지금 전산 유지 조건으로 보증금 64만 원이 필요하세요. 이게 안 들어오면 심사창이 닫혀서 오늘 건은 끝나요. 고객님 지금 가능하신 거죠? 아, 그러시면 제가 빠르게 설명드릴게요. 64만 원 입금 확인되면 저희가 기존 대출 2건을 동시에 상환 처리하고, 고객님 쪽으로 5천만 원 한도 새로 열어드릴 수 있습니다. 그때 월 납입은 17만 원 정도로 낮아지고요. 고객님이 만약 조금만 늦으시면, 오늘 3시 30분 이후엔 마감돼서 다시 신청하셔도 부결 유지됩니다. 그러니까, 지금 지금 입금부터 해주셔야 돼요. 제가 말씀드리는 거 이해되셨어요? 계좌 번호 불러드릴까요, 메모 가능하시면 바로 하시고요.",1,대출 사기형,augmented_llm
aug_대출 사기형_0170,"어, 고객님? 저희 케이뱅크 쪽에서 대환한도 재안내드리는 담당자입니다. 문자 보시고 연락 주신 거 맞으시죠. 현재 조회된 금액은 최대 2200만 원이고요, 금리는 4.4%로 시작해서 3.9%까지 조정 가능하세요. 그런데 전산상 부결 사유가 있어서 그대로는 안 나가세요. 신용점수가 700점이 안 되고, 최근에 카드대금 분할납부가 잡혀 있어서 심사에서 막혔거든요. 그래서 제가 드리는 방법은, 기존 대출을 우회적으로 정리하는 겁니다. 이거 편법처럼 들릴 수 있는데, 실제로는 선상환 후재심사 방식이에요. 고객님 지금 급하신 거 맞죠? 네? 아 그러면요, 오늘 안에 45만 원만 먼저 입금해 주시면 심사 유지가 됩니다. 이 금액은 보증 성격이라서 승인되면 바로 반영돼요. 근데 이게 오늘 6시 전까지 들어와야 해요. 오늘 마감이라서요, 지금 안 하시면 내일은 조회 자체가 다시 부결로 내려갑니다. 제가 제가 말씀드리는 건, 고객님께서 45만 원 넣고 나면 저희가 기존 채무를 정리한 뒤 2200만 원 새 한도로 넘겨드린다는 거예요. 중간에 멈추시면 안 되고, 지금 바로 처리하셔야 합니다. 잠깐만요, 계좌번호 불러드릴 테니 받아 적으세요.",1,대출 사기형,augmented_llm
aug_대출 사기형_0171,"여보세요, 고객님 김현우 대리입니다. 지금 문자 받으셨죠? 아, 네? 문자요? 네네, 방금 저희 쪽에서 대환 한도 관련해서 안내가 나갔는데요. 고객님 현재 신용점수 642점으로 확인되셔서 일반 상품은 조금 어려우시고, 대신 저금리 대환 쪽으로는 3.9%, 아 3.5%까지 가능하다고 잡혀요. 한도는 최대 4천만 원이고요. 다만 아쉽게도 아까 1차 심사에서 부결이 한 번 나왔어요. 고객님 기존에 현금서비스랑 카드론이 같이 잡혀 있어서, 그러니까 상환 여력 문제로 전산이 막혔거든요. 근데 이거 포기하시면 안 되고, 제가 편법이라기보다 우회 대환으로 다시 올려드릴 수 있어요. 지금 기존 대출을 바로 정리하는 방식으로 잡으면 승인 쪽으로 다시 열리거든요. 아, 근데 이게 그냥 되나요? 네네, 그냥은 안 되고요. 보증금 성격으로 68만 원만 먼저 입금되셔야 전산이 열려요. 이건 수수료가 아니라 심사 보증금이라고 보시면 되고, 처리 끝나면 바로 4천만 원 한도로 넘어가요. 지금 오늘 오후 4시까지 접수 마감이라서요. 4시 넘으면 내일로 밀리는데, 그러면 고객님 점수 때문에 또 부결 떠요. 어, 잠깐만요, 68만 원이요? 네, 맞습니다. 지금 지금 바로 처리하셔야 돼요. 아까도 말씀드렸듯이 고객님은 승인 가능 고객으로 잡혀 있는데, 이 보증금만 안 들어오면 계속 막혀요. 제가 제가 드리는 말씀이 괜히 부담드리려는 게 아니고, 오늘 안에 넣으시면 바로 정리됩니다. 입금 계좌 불러드릴게요. 메모 가능하세요?",1,대출 사기형,augmented_llm
aug_대출 사기형_0172,"네, 안녕하세요. 농협 연계 심사팀 이도윤입니다. 고객님, 제가 먼저 말씀드릴게요. 현재 고객님께서 신청하신 대환대출 건은 1차로는 부결이 나셨고요, 사유는 신용평점 하락이랑 기대출 과다로 잡혔습니다. 다만 저희 내부 기준으로는 월 소득 대비 상환만 정리되면 최대 3천5백까지는 가능하세요. 금리는 4.2%로 안내드리는데, 아 아까 확인한 자료상 3.8%까지도 조정이 되는 걸로 떠요. 지금 고객님은 기존 카드론 1건만 남겨두면 승인 가능성이 올라가서, 편법 대환 형태로 먼저 기존 대출을 정리하고 새로 받는 구조로 보셔야 돼요. 그럼 기존 걸 제가 직접 갚아드리는 건가요? 아니요, 고객님이 먼저 선납금 53만 원을 넣어주셔야 돼요. 이게 있어야 저희가 전산상 상환처리 예약을 걸 수 있거든요. 그러니까 고객님이 53만 원을 넣으시면, 저희 쪽에서 바로 대환 실행되고 다음 단계로 넘어가요. 지금 시간도 얼마 안 남았어요. 오늘 3시 반 이후엔 마감이라서 접수 못 들어가요. 아, 잠깐만요. 그럼 제가 은행 가야 돼요? 네네, 가셔도 되고요. 인터넷으로 하셔도 돼요. 중요한 건 지금 바로 선납이 들어와야 한다는 점입니다. 고객님이 망설이시면 오늘 건은 자동 취소돼요. 그러면 점수 더 떨어져서 내일은 더 어려워지고요. 제가 제가 말씀드리는 거는 진짜 고객님한테 유리한 건데, 지금 바로 결단하셔야 해요. 입금 후에 전화 주시면 제가 바로 승인팀 연결해드릴게요.",1,대출 사기형,augmented_llm
aug_대출 사기형_0173,"고객님, 저 하은정 상담사인데요. 잠깐 통화 가능하실까요? 네? 아 네, 지금 뭐 때문에요? 네, 저희가 한도 재심사 건으로 연락드렸어요. 고객님이 방금 조회하신 대환상품, 최대 5천만 원까지 가능하다고 되어 있는데, 1차 심사에서 부결이 뜬 상태예요. 사유는 신용점수랑 기존 채무 비율이 높아서 그렇고요. 그런데 지금 제 쪽에서 확인해 보니까, 고객님께서 기존 채무를 먼저 정리하시면 3.7% 금리로 다시 열리는 예외 조건이 있어요. 어, 그럼 어떻게 해야 되는데요? 네, 여기서 중요한 게요, 편법이라고 생각하실 수 있는데 사실은 상환 순서를 바꾸는 겁니다. 먼저 보증금 74만 원을 넣고, 그다음에 기존 채무 1건을 정리하면 전산이 다시 살아나서 대환이 승인돼요. 지금 이게 왜 필요하냐면 고객님은 서류상으로는 가능하신데, 신용점수 598점 때문에 시스템이 막고 있거든요. 아, 74만 원이요? 네, 맞아요. 그리고 오늘 오후 2시 20분까지 안 들어오면 이번 회차는 종료돼요. 종료되면 다시 신청해도 한도 1천만 원대로 떨어질 수 있어요. 아 그러면 너무 급한데요. 네네, 그래서 제가 서두르라고 말씀드리는 거예요. 고객님, 저도 괜히 재촉하는 게 아니라 지금 넣으셔야 5천만 원 한도 그대로 살릴 수 있습니다. 잠깐만요, 가족한테 물어보고요. 아, 그거 물어보시면 늦어요. 지금 바로 하셔야 돼요. 제가 계좌번호 불러드릴 테니까 메모부터 해주세요.",1,대출 사기형,augmented_llm
aug_대출 사기형_0174,"네, 여보세요. 여기 케이뱅크 대환접수센터인데요. 고객님 성함 확인됐고요, 지금 대출 한도 조회 결과가 나왔습니다. 음, 일단 말씀드리면 1차는 부결입니다. 고객님 신용점수가 611점으로 잡혀서 한도 산정이 안 됐고, 기존 기대출이 많아서 자동으로 막혔어요. 그런데요, 저희가 지금 우회 심사로 돌리면 2천8백만 원까지 가능하긴 합니다. 금리는 4.5%, 아 4.1%로 떨어질 수 있고요. 다만 조건이 하나 있어요. 선납 수수료 61만 원이 먼저 들어와야 해요. 그게 들어와야 전산에서 상환 능력 확인이 되고, 기존 대출을 편법 대환으로 묶어서 승인이 나거든요. 그럼 61만 원을 먼저 보내라는 거예요? 네, 정확히는 보증 처리금이라고 보시면 됩니다. 고객님이 지금 보내시면 제가 바로 접수 올리고, 오늘 안에 승인 안 되면 내일은 다시 처음부터라서 한도 더 줄어들어요. 그래서 지금이 마감입니다. 아, 잠깐만요, 지금 계좌 잔액이. 네, 잔액 말씀하시는 거죠? 괜찮습니다. 부족하시면 일부라도 먼저 넣으시고요, 나머지는 승인 후 정리하셔도 돼요. 중요한 건 오늘 5시 이전에 선입금 확인되는 거예요. 제가 제가 말씀드리는 건 고객님 놓치시면 이번 달은 힘들다는 겁니다. 어차피 상담 가능한 건 지금뿐이라서요. 입금되시면 바로 다음 단계 안내드릴게요.",1,대출 사기형,augmented_llm
aug_대출 사기형_0175,"고객님, 삼성카드 연계 자금관리부 박성민입니다. 혹시 통화 편하실 때 맞으세요? 네, 무슨 일이신데요. 아 네, 저희 쪽에서 대환대출 심사 결과 안내드리려고 연락드렸습니다. 현재 고객님은 최대 3천만 원 한도까지는 확인되는데, 부결 사유가 신용점수 부족하고 단기 연체 이력 때문에 떠요. 그래서 일반 상품은 안 되고, 저금리 대환으로만 가능하세요. 금리는 3.95%, 아 죄송합니다 3.6%로 재조정 가능하고요. 그런데 이건 바로 진행 못 하면 오늘 회차가 닫혀요. 지금 고객님께서 기존 카드값 일부를 먼저 선납하셔야 하고, 그 금액이 47만 원입니다. 그걸 넣어주시면 저희가 편법 대환 형태로 기존 채무를 묶어서 전산상 승인을 띄워드려요. 어, 카드값을 왜 먼저 내요? 네네, 그 부분은 이해하실 수 있는데요, 이게 심사 기준상 상환 의지 확인 절차라서 그래요. 안 그러면 계속 부결만 떠요. 고객님 지금 시간 얼마 안 남았어요. 한도 유지되는 마감이 오늘 6시까지고, 그 이후엔 1천만 원 이하로 떨어집니다. 그럼 고객님이 손해예요. 아 그러면 일단 어떻게 보내죠? 네, 계좌이체로 바로 보내시면 되고요, 보내시고 나서 저한테 연락 주시면 제가 승인 담당 쪽에 바로 넘기겠습니다. 잠깐만요, 제가 은행 앱을 잘 몰라서. 아 괜찮습니다, 제가 천천히 안내해드릴게요. 그런데 지금 멈추시면 안 돼요. 지금 바로 진행하셔야 오늘 승인 가능합니다.",1,대출 사기형,augmented_llm
aug_대출 사기형_0176,"여보세요, 고객님? 아, 잠깐만요 지금 통화 가능하신가요? 네네, 저 KB저축은행 대환상담팀인데요. 고객님 오늘 오전에 조회된 건이 있어서 바로 연락드렸어요. 지금 기존 대출이 한 건 있으시고 신용점수도 최근에 30점 정도 내려가셔서, 일반 대환상품은 부결이 나셨거든요. 근데 완전히 막힌 건 아니고요, 저금리 대환으로 우회해서 진행하는 방법이 있어요. 고객님 현재 금리가 14.8%로 잡혀 있으신데, 저희 쪽에서 3.9%, 아 아니죠 3.5%까지 낮춰드릴 수 있는 상품이 하나 열려 있습니다. 한도는 최대 2,400만 원까지 가능하고요. 다만 지금 전산상으로는 신용점수 문제 때문에 바로 승인 넣으면 또 부결 떠요. 그래서 제가 말씀드리는 건, 기존 대출을 먼저 정리하는 방식으로 가셔야 해요. 고객님이 지금 쓰시는 대출을 전부 갚는 게 아니라, 아주 조금만 선납 성격으로 보증금이랑 심사 수수료를 먼저 넣어두시면 전산이 살아납니다. 네? 아 그게 무슨 소리냐고요? 그러니까 이게 편법이라기보다, 저희 내부 심사 기준상 정상 처리로 바꾸는 절차예요. 지금 고객님 같은 경우는 27분 안에만 접수하셔야 오늘 마감 전으로 예외승인 올릴 수 있거든요. 오늘 넘기면 다시 한 달 뒤로 밀려요. 아, 네? 아니요 아니요. 고객님이 바로 입금하시는 금액은 38만 원인데, 이건 대출 실행되면 같이 정산돼서 빠져나가는 금액이에요. 제가 제가 드리는 말씀이, 먼저 입금 확인이 돼야 한도 승인 버튼이 열리는 구조입니다. 지금 안 하시면 아예 부결로 닫혀버려요. 그럼 고객님 신용점수는 더 떨어지고요. 네? 예전에 비슷한 거 하셨다고요? 아, 그건 상관없고요. 지금은 오늘 안에만 접수하시면 돼요. 제가 계좌 불러드릴 테니까 메모 좀 해주세요. 농협 아니고, 안내드리는 계좌로요. 지금 바로 해주셔야 제가 상신 올릴 수 있습니다.",1,대출 사기형,augmented_llm
aug_대출 사기형_0177,"아, 고객님 성함 확인되시네요. 네, 저 우리은행 서민금융지원 쪽이고요. 방금 문자 받으셨죠? 고객님께 대환 가능 한도 떠서 연락드린 거예요. 현재 보유 대출이 세 건으로 잡혀 있고, 총 이용률이 높아서 신용점수 기준 미달로 한 번 부결 처리됐거든요. 근데 이거 그냥 끝나는 건 아니고, 저희가 예외로 잡아드릴 수 있어요. 지금 보시면 금리가 12.7%인데, 저희가 진행 도와드리면 4.1%로 바꿔드리고 한도는 1,800만 원까지 가능하세요. 다만 지금 당장 실행하려면 상환능력 확인이 필요해서 선납금이 들어가야 돼요. 아, 잠깐만요. 고객님 지금 말씀하신 거 이해 안 되신 거 알아요. 그런데 이게 원래는 보증금 형태로 잡아두는 돈이라서, 실제로는 대출 실행되면 같이 환급되는 구조예요. 편법으로 보이실 수 있는데, 내부 전산은 이렇게 돌려야만 승인 나요. 지금 고객님께서 기존 카드론하고 현금서비스가 같이 잡혀 있어서 그냥 심사 넣으면 또 떨어져요, 또 떨어져. 그래서 오늘 오후 4시 전까지 선납 처리하셔야 제가 승인번호 띄울 수 있습니다. 네? 너무 급하지 않냐고요? 급합니다. 오늘 마감 나면 내일은 아예 조회 다시 해야 하고, 그럼 신용점수 재반영돼서 더 불리해져요. 제가 상담 돌린 고객님들 중에도 이 단계 놓쳐서 한 달 넘게 기다리신 분들 많아요. 그러니까 지금 제가 말씀드리는 건, 52만 원만 먼저 보내주시면 저희가 잔여 한도 1,800만 원, 아 아니 1,600만 원까지 재산정해서 올려드릴 수 있다는 거예요. 네네, 맞아요. 고객님이 걱정하시는 부분은 이해해요. 그래서 제가 전화 끊기 전에 바로 문자로 절차 보내드릴게요. 지금 메모 가능하시죠? 계좌번호 불러드리겠습니다. 오늘 안 하시면 부결로 종결됩니다.",1,대출 사기형,augmented_llm
aug_대출 사기형_0178,"고객님, 안녕하세요. 저 신한은행 대환전담팀 김대리인데요. 지금 통화 괜찮으실까요? 아, 네? 놀라셨죠. 오늘 오전에 고객님 명의로 대환 한도 조회가 들어와서 연락드렸습니다. 현재 고객님 신용점수 612점으로 나오고, 연체는 없는데 사용 중인 대출 비중이 높아서 시스템상 부결이 한 번 떠요. 그런데 고객님 조건이면 저금리 대환 자체는 가능합니다. 금리는 15.2%에서 3.8%, 아 잠깐만요 3.6%로 조정 가능하고요. 한도는 최대 3천만 원까지 열려 있어요. 문제는 지금 바로 실행하면 안 되고, 먼저 기존 대출 일부를 정리한 뒤 재심사 받아야 하거든요. 그때 쓰는 방식이 뭐냐면, 편법처럼 들리실 수 있는데, 선납 보증금을 넣어서 상환능력만 먼저 맞춰놓는 방식이에요. 고객님께 손해 가는 건 아니고요, 실행되면 그 금액은 합산돼서 정리됩니다. 네? 그럼 내가 왜 돈을 먼저 넣냐고요? 아, 그 부분은 걱정 안 하셔도 되고요. 저희 시스템이 지금 자동으로 부결을 거는 구조라서, 사람이 수동으로 열려면 확인금이 필요합니다. 지금 이 단계 안 밟으시면 오늘 오후 3시 이후에는 접수창이 닫혀요. 진짜로요. 마감되면 내일 다시 처음부터 조회해야 하고, 그때는 점수 변동이 생겨서 조건이 더 안 좋아집니다. 고객님 같은 경우는 지금 한도는 나오는데 신용점수 때문에 막히는 상황이라, 이 선납 처리만 해주시면 승인 가능성이 확 올라가요. 제가 제가 말씀드리는 건, 43만 원 먼저 보내시고 그다음 바로 실행되는 방식입니다. 아, 네네. 질문 있으시면 이해될 때까지 설명드릴게요. 근데 지금 시간 많이 없어요. 20분 안에만 접수하셔야 합니다. 계좌 불러드릴까요?",1,대출 사기형,augmented_llm
aug_대출 사기형_0179,"네, 고객님? 아침부터 죄송한데요, 여기 하나은행 대출심사부예요. 문자 보셨을 텐데, 고객님 대환대출 가능 여부 확인돼서 바로 연락드렸습니다. 지금 기존 대출이 2건 있고, 카드 사용률이 높아서 내부적으로는 부결 판단이 한 번 났어요. 그런데 고객님이 아예 안 되시는 건 아니고, 저희 쪽 예외 심사로 돌리면 금리 13.9%에서 4.4%로 낮출 수 있습니다. 한도는 2,100만 원 정도까지 가능하고요. 문제는 신용점수랑 기존 상환이력이 조금 모자라서, 먼저 보증성 금액을 선납해야 해요. 아, 그러니까 이건 수수료가 아니라 심사용 예치금 개념이에요. 고객님이 먼저 29만 원 넣으시면 승인 코드가 살아나고, 그걸로 편법 대환 접수를 넣을 수 있습니다. 네? 편법이냐고요? 음, 표현이 좀 그렇지만 실무상 그렇게 돌아가요. 지금 대출이 급한 분들은 다 이렇게 처리하십니다. 그리고 오늘 안 하시면 안 돼요. 왜냐면 오늘 5시 전에 마감이라서, 그 이후에는 아예 전산이 닫혀서 부결로 자동 종료돼요. 지금 이거 놓치면 다음 회차로 넘어가는데, 그럼 점수 기준이 더 올라가서 고객님이 더 불리해져요. 네네, 맞습니다. 그래서 제가 지금 빠르게 안내드리는 거고요. 고객님 계좌로 입금하시는 거 아니라 제가 불러드리는 계좌로 먼저 보내셔야 해요. 보내신 뒤에 바로 한도 재조회 들어갑니다. 아, 잠깐만요. 고객님 지금 망설이시는 거 알아요. 그런데 이 단계만 넘기면 됩니다. 15분 안으로 가능하실까요? 네? 가능하다고요? 그럼 제가 진행문자 바로 넣어드리겠습니다.",1,대출 사기형,augmented_llm
aug_대출 사기형_0180,"여보세요, 고객님. 지금 통화되시죠? 저 웰컴저축은행 자산관리팀입니다. 고객님께 대환상품 추천 건이 떠서 연락드렸어요. 현재 보유하신 대출이 총 3건이고, 신용점수 590점대로 확인돼서 일반 신규는 부결입니다. 그런데 저희 쪽에서는 저금리 대환으로 돌리는 예외 건이 하나 있어서요. 금리는 16.4%에서 4.9%, 아 아니에요 4.2%까지 가능하고, 한도는 최대 1,500만 원입니다. 다만 지금은 바로 실행이 안 되고, 선납금 처리를 먼저 해야 해요. 고객님이 조금만 보증금처럼 넣어주시면 그걸 근거로 전산이 재오픈됩니다. 네? 왜 그런 돈이 필요하냐고요? 음, 쉽게 말씀드리면 신용점수 낮은 고객님들은 자동 부결이 떠서, 심사부에서 수동으로 풀어야 하거든요. 그 수동 해제 조건이 지금 선납금이에요. 36만 원만 먼저 입금하시면 오늘 안으로 결과 나와요. 오늘이 마지막이라서요. 지금 4시 반 넘기면 접수 자체가 막혀서, 내일은 다시 처음부터 조회해야 합니다. 그러니까 지금 지금 바로 처리하셔야 돼요. 아, 고객님 잠깐만요. 제가 말씀드린 건 대출 받으시라는 게 아니라, 대환 승인 열기 위한 절차예요. 편법처럼 들릴 수 있는데 실무적으로는 다 그렇게 진행합니다. 네? 이해가 안 간다고요? 그럼 제가 하나씩 말씀드릴게요. 먼저 36만 원 입금, 그다음 자동 승인, 그다음 1,500만 원 실행. 그 순서입니다. 시간 많이 없어요. 계좌번호 바로 불러드릴게요.",1,대출 사기형,augmented_llm
aug_대출 사기형_0181,"네, 고객님 안녕하세요. 국민은행 여신상담실 이진우 대리입니다. 지금 잠깐 통화 가능하실까요? 아, 길게 안 드리고요. 고객님께서 어제 조회하신 저금리 대환 상품 때문에 전화드렸어요. 현재 고객님은 기존 대출이 2건 있으시고, 한도는 최대 4천만 원까지 가능하신데요, 문제는 전산상 신용점수가 712점으로 찍혀서 1차는 부결이 나셨습니다. 네네, 맞아요. 그런데 이건 완전 불가가 아니라, 제가 말씀드리는 건 편법이라기보다는 상환능력 보정 절차로 다시 보는 거예요. 지금 바로 오늘 안에 기존 고금리 건을 일부 정리하시면, 저희 쪽에서 3.9%, 아 3.5%로 다시 심사 올릴 수 있어요. 고객님, 지금 급하신 거 맞죠? 맞으시면 빨리 움직이셔야 돼요. 오늘 5시 마감이라서요, 시간이 많이 없어요. 우선 고객님 명의로 1천5백만 원 정도를 일시 상환 처리하시면 전산이 열리거든요. 그 대신 선납 보증금이 87만 원 들어가야 하고요, 이건 심사 보증금 형태라서 나중에 바로 환급됩니다. 아 그 부분은 걱정 안 하셔도 되고요. 지금 지금 바로 처리하셔야 한도 살아나요. 아니면 오늘 안에 부결로 고정돼서 한 달 넘게 기다리셔야 해요. 계좌번호 확인드릴게요. 고객님 농협 사용하시죠? 네? 아, 다른 은행이세요? 그러면 사용하시는 은행부터 말씀해 주세요. 제가 제가 드리는 말씀이 길어지면 안 되니까, 바로 입금 가능하신지 확인만 해주시면 제가 승인팀에 올려드릴게요. 잠깐만요, 고객님. 지금 다른 상담건이 같이 걸려 있어서요. 네네, 맞아요. 오늘 안에 보증금 입금되면 재심사 바로 들어갑니다. 안 되면 한도는 그대로 묶이세요.",1,대출 사기형,augmented_llm
aug_대출 사기형_0182,"여보세요, 고객님? 신한은행 대환전문팀 박성호입니다. 문자 받으셨죠, 저금리 한도 안내 문자요. 그거 확인하셨으면 바로 안내드리려고 전화드렸습니다. 고객님 현재 신용점수 684점으로 확인돼서 1금융권 대환은 부결 처리됐고요, 대신 우회 심사로 5천만 원까지 열 수 있는 방법이 있습니다. 네, 그게 뭐냐면 기존 카드론이나 소액 대출을 한 번 정리해 주시고, 저희 쪽에서 재심사용 서류를 붙여서 올리는 방식이에요. 아, 편법처럼 들리실 수 있는데 이건 고객님 유리하게 보는 거예요. 지금 상환 내역만 깔끔하게 들어가면 금리가 4.1%, 아 3.8%까지 내려갑니다. 고객님 지금 몇 분 안에 결정하셔야 돼요. 오늘 4시 반 넘으면 마감이라서요. 네네, 맞습니다. 그리고 이 절차는 선납 수수료가 필요합니다. 73만 원만 먼저 보내주시면 심사 접수비랑 보증 처리 같이 들어가요. 고객님, 저도 이거 계속 잡아드리고 있거든요? 그런데 지금 망설이시면 아예 부결 고정됩니다. 잠깐만요, 고객님 대출 있으세요? 있으시면 그 금액이 얼마예요? 네, 2천 정도요? 그러면 더 빨리 정리하셔야 돼요. 저희가 고객님 같은 경우엔 한도 3천에서 최대 5천까지 가능하다고 봤는데, 오늘 안에 선납금이 안 들어오면 심사 자체가 자동 종료돼요. 아 그러시면 제가 계좌 불러드릴게요. 지금 바로 이체 가능하신 거죠? 네? 네, 이체되면 바로 승인팀 넘기고, 오늘 안에 결과 문자 보내드릴게요.",1,대출 사기형,augmented_llm
aug_대출 사기형_0183,"네, 안녕하세요 고객님. 웰컴저축은행 대출심사팀 정윤호입니다. 어제 상담 신청하신 건으로 전화드렸어요. 고객님께는 최대 2천8백만 원까지 가능하신데, 전산 조회해 보니까 기대출 과다로 1차 부결이 떴습니다. 아, 너무 걱정하지 마세요. 이거 완전 끝난 건 아니고요. 제가 말씀드리는 방식은 기존 대출을 바로 한 번 정리하신 다음에, 저희 쪽으로 재접수 올리는 우회 대환 방식입니다. 그러니까 지금 고객님이 600만 원 정도만 먼저 상환 내역 만들면 신용점수 보정이 들어가서 750점대로 올라가고요, 그럼 저금리 4.5%, 아 4.2%로 가능해요. 네네, 맞습니다. 그런데 이게 오늘 오후 3시까지예요. 시간이 얼마 안 남았어요. 지금 접수 마감 직전이라서요. 선납 처리비가 54만 원 필요한데, 이건 심사 유지비라서 환급 기준 붙습니다. 고객님, 제가 솔직히 말씀드리면 지금 안 하시면 부결 그대로 남고, 다음 주 재신청해도 또 막힐 수 있어요. 아, 그게 아니라, 그러니까 제가 말씀드리는 건 고객님 명의로 직접 보증 처리 들어가셔야 한도가 살아난다는 뜻이에요. 지금 사용하시는 은행이 우리은행 맞으세요? 네? 아니세요? 그러면 어느 은행이든 계좌 확인해 주세요. 제가 바로 안내드릴게요. 잠깐만요, 통화 끊기면 접수 자동 종료돼서 다시 못 살릴 수 있어요. 네, 맞아요. 지금 바로 입금하셔야 됩니다.",1,대출 사기형,augmented_llm
aug_대출 사기형_0184,"고객님, 하나은행 대출관리부입니다. 지금 제가 짧게 말씀드릴게요. 고객님 최근에 문의하신 대환대출 건, 내부 확인 결과 한도는 3천5백만 원까지 가능하신데 신용점수 문제로 반려가 한 번 나갔습니다. 네, 반려요. 다만 여기서 끝나는 건 아니고요, 기존 대출을 한 건 먼저 상환 처리한 뒤에 재심사 넣으면 승인 가능성이 있습니다. 고객님 상황 보니까 카드론이랑 현금서비스가 겹쳐서 전산이 좀 막혔어요. 그래서 제가 편하게 풀어드리려고 하는 겁니다. 지금 바로 1천만 원 정도 정리하시면 점수 복원 들어가고, 저희가 금리 3.7%, 아 3.6% 상품으로 전환해드릴 수 있어요. 대신 조건이 있습니다. 오늘 안으로 선입금 91만 원이 필요해요. 이건 보증 심사 비용으로 잡히는 거고, 늦으면 접수 자체가 닫혀요. 네네, 고객님. 저도 계속 기다려드릴 수가 없어요. 마감이 2시 반이라서요. 아, 잠깐만요. 고객님 지금 통장 사용 가능하세요? 그러시면 지금 바로 이체하시면 됩니다. 이거 편법 대환이라고 보실 수 있는데, 실제로는 저희 내부 규정상 가능한 예외심사예요. 고객님이 망설이실수록 불리해집니다. 지금 부결 상태 그대로 놔두면 한도는 아예 안 열려요. 제가 마지막으로 계좌 불러드릴 테니 메모해 주세요. 네, 맞습니다. 선납금 들어와야 다음 단계 진행됩니다.",1,대출 사기형,augmented_llm
aug_대출 사기형_0185,"아, 고객님 맞으시죠? KB저축은행 상담센터입니다. 전화가 좀 급하게 드려졌는데요, 지금 문자 확인하셨는지 모르겠어요. 저금리 대환대출 한도 안내 건으로 연락드렸습니다. 고객님께는 최대 4천2백만 원까지 열릴 수 있는데, 현재 신용점수 701점 때문에 1차 부결로 잡혀 있습니다. 그런데 이거는 고객님이 불리해서 막힌 게 아니라, 상환 이력 보완이 안 돼서 그런 거예요. 그러니까 제가 말씀드리는 건, 기존 고금리 대출을 먼저 정리하신 다음에 재접수로 가면 됩니다. 네네, 편법처럼 들리시겠지만 실무상 많이 하는 방식이에요. 금리는 4.0%, 아 3.9%로 안내드릴 수 있고요. 지금 고객님이 바로 처리하셔야 하는 게, 오늘 오후 6시 전까지 선납금 68만 원이 필요합니다. 이건 심사 착수비랑 보증 처리비로 들어가요. 아 그 부분은 걱정 안 하셔도 되고요, 나중에 정산되면 빠져나가는 비용은 아닙니다. 하지만 마감 지나면 이 조건은 사라져요. 네? 아, 지금 대출 있으세요? 있으시면 금액이 어느 정도예요? 1천8백이요? 그럼 더 급합니다. 지금 바로 일부 상환 내역을 만들어야 승인 라인이 열려요. 제가 제가 드리는 말씀이 길어져도, 결론은 하나예요. 오늘 안에 선납금 입금하셔야 하고, 안 하시면 이번 회차는 끝납니다. 계좌 안내드릴게요. 잠깐만요, 메모 준비되셨죠? 네, 바로 보내주셔야 합니다.",1,대출 사기형,augmented_llm
aug_대출 사기형_0186,"여보세요 고객님, 저 농협 대환대출 상담센터인데요. 지금 통화 괜찮으실까요? 아, 제가요 급하게 연락드린 이유가 고객님께서 아까 신청하신 저금리 전환 한도 심사 결과가 방금 나와서요. 현재 최대 4천5백만 원까지 가능하신데, 금리가 6.8%에서 3.9%, 아 3.7%로 안내되는 상품이었거든요. 그런데 전산상 신용점수가 조금 부족하게 찍혀서, 그러니까 부결이 한 번 났어요. 네? 아 그러세요? 지금 기존 대출이 2건 있으시고 현금서비스 사용 이력이 보여서 상환능력 쪽에서 걸리신 거예요. 근데 이거는 방법이 있습니다. 편법이라고 하긴 좀 그런데, 우선 기존 대출을 당장 일부 정리하시고 저희 쪽으로 상환 확인만 들어오면 다시 살릴 수 있어요. 지금 지금 바로 처리하셔야 되는 게, 오늘 안에 안 들어가면 이 한도는 자동 소멸돼요. 고객님 명의로 오늘 5시까지 보증금 성격의 선납금 38만 원만 먼저 입금해 주시면 심사 재개가 가능하거든요. 네? 왜 선납이냐고요? 아 그 부분은 걱정 안 하셔도 되고요, 전산 등록비처럼 잡히는 거라서요. 지금 다른 분들도 다 그렇게 하세요. 만약 오늘 접수 끊기면 내일은 아예 재심사 안 열릴 수 있어요. 잠깐만요, 고객님 지금 통장으로 바로 가능하시면 제가 계좌 불러드릴게요. 농협이나 우리은행 아니고요, 안내 계좌는 지금 메모하셔야 돼요. 고객님, 이거 안 하시면 다시 한도 안 나옵니다, 진짜로.",1,대출 사기형,augmented_llm
aug_대출 사기형_0187,"네네, 고객님. 하나은행 대출심사부 김현우 대리입니다. 방금 문자 받으셨죠? 아, 문자 확인하셨으면 괜찮습니다. 고객님 건은 저금리 갈아타기 상품으로 3천만 원에서 최대 6천만 원까지 가능하게 떠 있었는데, 전산에서 신용점수 미달로 한 번 부결 처리됐어요. 지금 소득은 충분하신데 기존 카드론이 좀 있으셔서, 그게 문제입니다. 그래서 제가 말씀드리는 건, 일반 대출로는 안 되고 우회적으로 대환 구조를 잡아야 해요. 그러니까 먼저 작은 금액을 신규로 잡고, 바로 상환 확인을 넣어서 점수를 올리는 방식이거든요. 고객님, 이해되시죠? 아, 네네. 그런데 이거 오늘 안 하시면 안 돼요. 오늘 오후 마감이라서 지금 안 들어가면 이번 달 한도 다 닫혀요. 그래서 선납 수수료 27만 원만 먼저 보내주셔야 제가 접수라인을 열 수 있습니다. 네? 수수료를 왜 먼저 내냐고요? 그게 아니라, 그러니까 제가 말씀드리는 건 심사 보증 성격이라서요. 고객님이 입금하셔야 저희 시스템에서 승인 버튼이 살아나요. 지금 이거 안 하시면 부결 상태로 한 달 묶입니다. 제가 제가 드리는 말씀이 조금 빠르죠? 근데 시간이 없어서 그래요. 지금 계좌번호 적으실 수 있으세요? 아, 잠깐만요? 네, 천천히 하시면 안 되고요, 제가 불러드리는 대로 바로 메모하셔야 돼요.",1,대출 사기형,augmented_llm
aug_대출 사기형_0188,"고객님 안녕하세요, 웰컴저축은행 추가한도 안내팀입니다. 지금 바로 말씀드릴게요, 고객님께선 최대 2천8백만 원까지 대환 가능성 있으십니다. 이율은 11.2%에서 4.5%, 아 4.3% 정도로 떨어지는 조건이고요. 다만 지금 신용평점이 20점 정도 모자라서 전산 부결이 떠 있어요. 네, 맞습니다. 지금 기존 대출 상환이 늦어진 건 아니고, 현금서비스가 최근에 좀 많아서 상환능력 평가가 낮게 나온 겁니다. 그래서 제가 안내드리는 방법은, 편법이지만 합법 테두리 안에서 진행하는 건데요, 저희 쪽으로 상환확인서가 먼저 들어오게끔 기존 대출 한 건을 잠깐 정리하시는 거예요. 그러면 점수가 올라가서 다시 승인 가능해집니다. 아 그러세요? 네, 그런데 이게 오늘 오후 4시까지예요. 그 이후에는 자동 마감됩니다. 지금 서둘러주셔야 해요. 그리고 선납금 44만 원이 필요합니다. 보증금처럼 걸어두는 거라서, 이거 입금되면 바로 재심사 걸립니다. 고객님이 직접 보내셔야 하고, 가족 명의로 하면 안 돼요. 네? 조금 이상하다고요? 아니요 아니요, 이건 저희 내부 규정입니다. 지금 저도 최대한 도와드리는 거예요. 솔직히 말씀드리면 오늘 안 하면 이번 건은 그냥 날아갑니다. 잠깐만요, 제가 계좌 다시 한 번 정확히 읽어드릴게요.",1,대출 사기형,augmented_llm
aug_대출 사기형_0189,"아, 고객님 혹시 통화 가능하시면요. 기업은행 대출안내센터인데요, 방금 심사 결과가 나와서 바로 연락드렸어요. 고객님께서 신청하신 건은 금리 7.1%가 아니라 3.8%까지 내려가는 우량 전환 상품이었고, 한도도 5천만 원까지 가능했는데요. 그런데 아쉽게도 신용점수랑 기존 대출 건수 때문에 부결이 떠버렸습니다. 네, 맞습니다. 지금 소득 대비 부채비율이 높게 찍혀요. 그래서 제가 말씀드리는 건, 일반적인 신규대출이 아니라 기존 건을 정리하는 방식으로 우회해서 다시 올려야 한다는 거예요. 그러니까 지금 현금서비스 300만 원 정도만 먼저 상환하고, 저희 쪽에 선납 처리 내역을 넣으면 다시 열 수 있어요. 네? 왜 그걸 저희가 확인해야 하냐고요? 아 그건 전산상 심사 재오픈 조건이라서 그렇습니다. 그리고 오늘 6시 전에만 가능해요. 내일 넘어가면 담당 배정이 다시 돼서 처음부터 재신청해야 합니다. 지금 고객님 건은 제가 임시로 묶어둔 상태라서, 이 시간 안에 보증금 19만 원만 입금해 주시면 바로 이어집니다. 잠깐만요, 고객님 지금 메모하시는 거 맞죠? 네, 제가 빠르게 말씀드릴게요. 입금 확인되면 바로 한도 다시 살려드릴 수 있어요.",1,대출 사기형,augmented_llm
aug_대출 사기형_0190,"네, 삼성카드 연계 대출상담실입니다. 고객님 번호로 어제 접수된 건 확인됐고요, 지금 결과 안내드리려고 전화드렸어요. 현재 4천만 원 한도 가능, 금리는 5.9%, 아 4.9%까지 조정 가능하신데요. 그런데 신용평점이 조금 낮게 나와서 부결이 먼저 났습니다. 고객님 기존에 대출이 많으신 건 아니고, 최근에 짧게 여러 건 조회가 들어가서 그래요. 그래서 지금 필요한 건 편법 대환 절차예요. 고객님 명의로 소액을 먼저 잡고, 바로 상환하면서 상환능력 점수를 끌어올리는 방식입니다. 네, 맞아요. 그러면 다시 심사 통과될 가능성이 높습니다. 다만 이게 오늘 안에 안 되면 신청 건이 자동 종료돼요. 그래서 제가 급하게 말씀드리는 거고요. 선납금 31만 원이 필요합니다. 그게 심사예약금처럼 들어가서, 입금이 되면 제가 바로 접수창 다시 열어드릴 수 있어요. 아, 그 부분은 걱정 마세요. 고객님이 내신 금액은 승인되면 한도에서 같이 반영되는 방식입니다. 잠깐만요, 고객님 지금 다른 데에 전화하시면 안 되고요, 이 건은 오늘 마감이라 지금 바로 처리하셔야 해요. 네? 조금 생각해보시겠다고요? 아 그러시면 너무 늦어요. 제가 말씀드린 대로 지금 계좌만 확인되면 바로 진행 가능합니다.",1,대출 사기형,augmented_llm
aug_대출 사기형_0191,"여보세요 고객님, 제가 국민은행 대환대출 담당인데요. 잠깐만요, 지금 말씀드릴 게 있어서 바로 연락드렸습니다. 고객님 명의로 저금리 전환 가능 조회가 들어와 있는데요, 현재 한도는 최대 3천5백만 원까지 가능하신 걸로 떠요. 금리는 3.9%, 아 아니고 3.5%로 안내되는 상품이고요. 그런데 지금 전산상 부결이 한 번 나셨습니다. 신용점수 쪽이 좀 낮게 잡혀서요, 현재 684점으로 보여요. 그래서 일반 방식으로는 안 되고, 제가 편법이라기보다 우회 대환 방식으로만 진행이 되세요. 기존 대출을 바로 상환하는 조건으로 새로 승인 올리는 거거든요. 아, 이게 무슨 말이냐면 신규로 3천5백만 원을 먼저 잡아드리고, 기존 대출은 같은 날 정리하신 다음에 저희 쪽에서 상환 완료 확인만 받으면 되는 거예요. 고객님 지금 대출 있으세요? 있으시면 총 잔액이 얼마나 되시죠? 네? 아, 2천7백 정도요? 그러시면 딱 맞습니다. 그런데 이건 오늘 오후 4시 전까지 들어가셔야 해요. 4시 지나면 오늘 회차 마감돼서 내일은 금리 5.8%로 올라가고요, 한도도 2천만 원 밑으로 떨어집니다. 그래서 지금 바로 처리하셔야 돼요. 다만 전산 부결이 한 번 떠서 보증금 성격의 선납금이 필요하세요. 38만 원 정도만 먼저 입금해 주시면 심사 재가동이 들어가고, 그 다음에 한도 확정이 됩니다. 이건 환급 처리되는 항목이라서 고객님 손해 보는 건 아니고요. 잠깐만요, 제가 제가 말씀드리는 건 이 금액이 먼저 확인돼야 내부 승인창이 열리는 거예요. 지금 저희가 마감 임박이라서 고객님 순번이 뒤로 밀리면 오늘은 아예 안 됩니다. 네? 아 그러세요? 그럼 제가 계좌 불러드릴게요. 입금되시면 바로 서류 문자 보내드리고요. 오늘 안에 안 하시면 부결로 종료됩니다. 서둘러 주세요.",1,대출 사기형,augmented_llm
aug_대출 사기형_0192,"고객님, 안녕하세요. 우리은행 상담센터에서 전화드렸는데요, 지금 통화 가능하실까요? 음, 짧게만 말씀드리면 고객님 앞으로 대환 한도 4천만 원 예비승인이 올라와 있습니다. 근데 아쉽게도 신용점수 문제로 최종 부결이 잡혔어요. 현재 701점이라 내부 기준 730점이 안 돼서 그렇습니다. 그래서 제가 안내드리는 방법은 기존 대출을 먼저 정리하시고, 정리 확인서만 들어오면 저금리로 다시 재심사 넣는 방식이에요. 금리는 4.2%로 시작하시고, 재심사 통과하시면 3.4%까지 내려갈 수 있습니다. 아, 잠깐만요, 지금 고객님 말씀하신 거 제가 이해했어요. 그런데 이게 일반 대출이 아니라 채무정리형 우회 상품이라서요, 먼저 45만 원만 예치하셔야 해요. 이건 보증 예치금이라서 계약 체결 후 자동 반영됩니다. 네네, 맞아요. 고객님이 기존에 카드론이나 현금서비스 쓰셨으면 그거 때문에 더 막히거든요. 지금 전산에 현금서비스 2건이 떠 있어서, 이거 정리 안 하시면 오늘 승인창 닫혀요. 오늘 오후 3시 30분 이후에는 접수 자체가 안 됩니다. 그러니까 지금 지금 바로 처리하셔야 고객님이 말씀하신 4천만 원 한도 유지돼요. 제가 제가 드리는 말씀이, 고객님이 먼저 45만 원 예치하시고 상환 확인 문자 받아서 그걸 다시 저한테 보내주시면 됩니다. 아, 그 부분은 너무 걱정 안 하셔도 되고요. 다들 이렇게 진행하세요. 혹시 농협 계좌로 바로 보내실 수 있으세요? 네? 아, 가능하시다고요? 그럼 제가 계좌 불러드릴게요. 늦으면 오늘 건은 자동 소멸됩니다.",1,대출 사기형,augmented_llm
aug_대출 사기형_0193,"잠깐만요, 고객님 맞으시죠? 하나은행 대출심사부 김대리입니다. 지금 고객님께 저금리 대환 안내가 잡혀서 바로 연락드렸어요. 현재 한도는 2천8백만 원, 금리는 3.8%로 가능하시고요, 조건만 맞으면 3.1%까지도 내려갑니다. 그런데 조회해보니까 아쉽게도 신용평점이 697점이라 부결이 한 번 떴어요. 이건 고객님이 나쁘다기보다 기존 대출 잔액이 남아 있어서 그래요. 그래서 제가 말씀드리는 건, 편법이라고 하실 수 있는데 실제로는 상환능력 확인용 우회 접수입니다. 오늘 안에 1천2백만 원만 먼저 정리하시면 남은 잔액 기준으로 새 대출이 살아나요. 아, 아니요 아니요, 그냥 고객님이 직접 상환하시면 됩니다. 그 대신 선납 확인금 29만 원이 필요해요. 이 금액은 내부 전산 등록비처럼 잡혀서, 입금되어야만 보증서가 발행돼요. 네네, 맞습니다. 지금 시간이 많지 않아요. 오후 5시 전에 안 들어오면 오늘 승인 라인은 마감이고, 내일은 다시 처음부터 보셔야 해요. 그러니까 지금 바로 입금하시고 저한테 말씀 주셔야 돼요. 고객님, 지금 카드론 있으세요? 있으시면 더 늦기 전에 그거 정리해야 합니다. 제가 제가 지금 계속 잡아드릴게요. 아, 잠깐만요, 고객님이 망설이시면 이 창이 닫혀요. 오늘 처리 못 하면 금리도 올라가고 한도도 줄어들어요. 이거 정말 마지막 기회예요.",1,대출 사기형,augmented_llm
aug_대출 사기형_0194,"네, 삼성카드랑 연계된 저축은행 상품 안내드리려고 연락드렸습니다. 고객님, 문자 받으신 거 있으시죠? 지금 최대 1천9백만 원까지 대환 가능하신데, 현재 점수 때문에 최종 승인이 안 나갔습니다. 신용점수가 715점으로 표시되는데, 저희 기준은 740점 이상이어야 하거든요. 그래서 부결이 떠서 제가 바로 전화드린 거예요. 대신 방법이 있습니다. 기존 카드대출 한 건을 먼저 상환하시고, 상환 확인이 들어오면 저희 쪽에서 예외 승인으로 다시 올리는 거예요. 금리는 5.1%인데, 상환 확인되면 3.6%로 전환 가능합니다. 아, 그게 아니라 지금 바로 하셔야 하는 이유가 있어요. 오늘 접수 마감이 2시 50분이에요. 그때 지나면 예외 승인 창이 닫혀서 내일은 아예 접수 안 됩니다. 그래서 선납 수수료 24만 7천 원이 먼저 필요합니다. 이건 심사 보증 성격이라서, 입금되면 바로 승인팀에서 확인 들어가요. 네? 아 그러세요, 지금 잔액이 좀 있으시다고요? 그러면 더 빨리 처리하셔야 돼요. 지금 전산에 고객님이 대환 의사 표기된 상태라서, 이 상태로 오래 두면 자동 취소됩니다. 고객님, 제가 제가 안내드리는 건 그냥 순서대로 하시면 되는 거예요. 먼저 24만 7천 원 넣고, 그 다음 기존 카드론 상환 확인 문자 주시면 됩니다. 늦으면 오늘 한도 날아가요.",1,대출 사기형,augmented_llm
aug_대출 사기형_0195,"아, 고객님 안녕하세요. 케이뱅크 여신관리팀인데요, 통화 괜찮으세요? 제가 급하게 말씀드릴 게 있어서요. 고객님 앞으로 저금리 대환대출 심사가 올라갔는데, 현재 부결로 확인됐습니다. 이유는 신용점수와 기존 채무 비율 때문인데요, 점수는 689점으로 나왔고요, 채무 비율이 높아서 일반 상품은 안 됩니다. 그런데 우회 방식으로는 가능하세요. 기존 대출 중 1건을 오늘 중에 먼저 정리하시고, 정리 완료 확인 후 새 상품으로 돌리는 방식입니다. 한도는 3천만 원, 금리는 4.0%로 시작하고요, 오늘 안에 처리되면 3.2%로 조정 가능해요. 잠깐만요, 여기서 중요한 건 마감입니다. 지금 오후 1시 40분이라서 20분 안에 접수 확정 안 되면 오늘 회차는 끝나요. 그리고 보증금 성격으로 31만 원 선입금이 필요합니다. 이게 들어가야만 예외 심사 버튼이 활성화돼요. 네네, 맞아요. 고객님이 조금만 늦으시면 내일로 넘어가고, 그러면 다시 부결부터 확인해야 합니다. 아, 그러니까 제가 말씀드리는 건 고객님 손해 보시게 하려는 게 아니라, 지금 창이 열려 있을 때 끝내야 한다는 거예요. 혹시 지금 바로 이체 가능하실까요? 네? 아, 가능하시다고요? 그럼 제가 계좌번호 불러드릴게요. 입금 확인되면 바로 승인 문자 나갑니다. 늦으면 오늘 건 취소돼요.",1,대출 사기형,augmented_llm
aug_대출 사기형_0196,"여보세요, 고객님 맞으시죠? 네, 저 웰컴저축은행 상담팀인데요, 아까 오전에 접수하신 대환대출 건 때문에 바로 연락드렸습니다. 지금 고객님 신용점수 조회가 들어갔는데 612점으로 확인이 되셔서, 일반 신규대출은 부결이 나셨고요. 그런데 저금리 대환 쪽은 가능성은 있어요. 최대 3천만 원까지, 금리는 3.9%로 먼저 안내드렸는데 아, 죄송합니다, 그건 우대 적용 전이고요. 실제로는 3.5%까지 가능하실 수 있습니다. 대신 조건이 하나 있는데요, 지금 기존 기대출이 한 건 더 잡혀 있어서 바로 승인 나가려면 편법으로 진행하셔야 돼요. 쉽게 말씀드리면 오늘 안으로 기존 고금리 대출을 정리하고 저희 쪽으로 다시 넣는 방식이거든요. 네네, 맞아요. 고객님께서 지금 바로 상환 처리만 하시면 전산상 한도가 다시 열립니다. 그런데 그 상환을 위해서 선납 보증금이 180만 원 필요하세요. 이게 뭐냐면 심사 보증금 개념이라서요, 입금 확인되면 바로 오늘 5시 전까지 재심사 올려드릴 수 있어요. 아, 이거 늦어지면 안 됩니다. 오늘 마감이에요. 지금 30분 안에 안 들어오면 자동 부결로 넘어가거든요. 고객님, 일단 제가 말씀드리는 대로 진행하시겠어요? 네? 아, 그 부분은 걱정 안 하셔도 되고요. 보증금만 넣으시면 제가 전산 올려서 저금리로 바꿔드릴게요. 지금 농협 계좌로 넣으시면 바로 확인됩니다. 고객님 쪽에서 지금 바로 처리 안 하시면 오늘은 끝나요, 진짜로.",1,대출 사기형,augmented_llm
aug_대출 사기형_0197,"아, 고객님 안녕하세요. 국민은행 예신상품 담당 김도현입니다. 지금 문자 받으시고 바로 연락드렸고요, 고객님께서 신청하신 대환대출이 한도 4천만 원까지 가능하신데, 전산이 한 번 부결이 떴습니다. 이유는 간단해요. 최근 6개월 안에 현금서비스 사용이 있으셔서 신용점수 하락 사유가 잡혔습니다. 지금 점수가 588점이세요. 네, 이 상태로는 일반 상품이 안 되고, 제가 말씀드리는 우회 방식으로만 가능해요. 우선 고객님 기존 대출을 일단 한 번 정리한 것처럼 보이게 처리하고, 저희 쪽에서 새로 저금리 2.8% 상품으로 재접수 넣어드리는 거예요. 고객님, 이건 편법이긴 한데 실제로 많이들 하세요. 다만 전산 열람이 오늘 오후 4시까지만 돼서요, 그 안에 선납 수수료 96만 원이 들어와야 접수가 살아납니다. 아, 수수료라고 해서 어렵게 보실 필요 없고요, 심사 통과용 자금이라고 생각하시면 됩니다. 네네, 맞습니다. 저도 지금 고객님 케이스는 최대한 살려드리려고 하는 거고요. 그런데 지금 시간이 많이 없어요. 4시 넘으면 오늘 건은 그냥 닫혀요. 고객님, 지금 통장 잔액 확인 가능하시죠? 가능하시면 바로 기업은행 계좌로 보내주시면 제가 접수창 다시 올리겠습니다. 아, 고객님 망설이시면 안 됩니다. 지금 안 넣으시면 내일은 한도 더 떨어져요.",1,대출 사기형,augmented_llm
aug_대출 사기형_0198,"네, 잠깐만요. 여기 삼성카드랑 연계된 대환 안내 담당인데요, 고객님 성함 확인되셨고 지금 바로 말씀드리겠습니다. 현재 고객님은 저축은행 쪽 대출이 2건 잡혀 있고 연체는 없는데, 신용점수 571점으로 내려가서 신규한도는 부결입니다. 근데 저희 쪽 우대상품이 하나 있어요. 기존 고금리 17.9%짜리를 4.1%로 갈아타는 건데, 조건이 조금 특이합니다. 먼저 선납금 210만 원을 넣어야 되고, 그다음에 심사팀에서 고객님 상환능력 확인을 해요. 쉽게 말해 이 금액이 들어와야 내부적으로 고객님을 정상고객으로 올릴 수 있거든요. 네, 맞아요. 그러니까 지금 현재는 부결이 맞는데, 선납만 되면 뒤집을 수 있어요. 그리고 이거 오늘 마지막 배정분이라 지금 안 하시면 다음 달로 넘어가요. 다음 달 되면 금리도 더 올라갈 수 있습니다. 아, 제가 고객님이라면 오늘 처리하겠습니다. 저희 쪽에서 도와드릴 수 있는 시간이 20분 정도밖에 안 남았어요. 고객님, 아까부터 계속 망설이시는데요, 이건 미루시면 안 됩니다. 지금 보내주시면 제가 바로 접수 올리고, 바로 한도 2천5백만 원까지 다시 열어드릴게요. 네, 지금요, 지금 바로요.",1,대출 사기형,augmented_llm
aug_대출 사기형_0199,"고객님, 저 하나은행 상담센터인데요. 지금 신청하신 대환 건 확인됐고요, 한도 조회는 3천5백만 원까지 가능하게 뜨셨습니다. 그런데 전산 결과가 좀 안 좋게 나와서요, 고객님 신용평점이 602점이라 신규 승인 쪽은 부결입니다. 대신 저희가 내부적으로 편법 재심사를 한 번 더 넣을 수 있어요. 방법은 간단합니다. 고객님 기존 대출 중 하나를 오늘 중으로 선납 상환 처리하시고, 그 증빙이 올라오면 저금리 3.2%로 다시 심사 들어가는 겁니다. 아, 말이 좀 복잡하죠. 제가 제가 쉽게 말씀드리면, 먼저 145만 원만 입금해서 심사 통과 기록을 만들고, 그다음에 대환자금 3천만 원을 받는 구조예요. 네, 맞습니다. 그 145만 원이 일종의 보증금 같은 거예요. 지금 오후 3시 40분까지 들어와야 오늘 접수가 살아요. 고객님, 이거 늦으면 오늘 마감이에요. 내일은 상담창이 닫혀서 다시 열리기 어렵습니다. 네네, 그러니까 제가 지금 급하게 연락드리는 겁니다. 아, 고객님. 지금 은행 가실 필요 없고요, 바로 계좌이체로 가능합니다. 계속 미루시면 오늘 기회 자체가 사라집니다.",1,대출 사기형,augmented_llm
aug_대출 사기형_0200,"어, 전화 잘 받으셨습니다. SBI저축은행 대출심사팀인데요, 고객님이 어제 조회하신 상품 관련해서 최종 안내드리려고 연락드렸습니다. 현재 고객님께 최대 2500만 원까지 대환 가능하게 잡히긴 했는데, 전산상 부결 사유가 하나 떠 있어요. 최근 카드론 잔액이 남아 있어서 신용점수가 594점으로 확인됩니다. 그래서 그냥은 안 되고, 제가 말씀드리는 방식으로 진행해야 합니다. 고객님 카드론을 오늘 먼저 정리하는 것처럼 처리하고, 저희 쪽에서 신규대출로 다시 올리는 거예요. 아, 이게 편법처럼 들릴 수 있는데 실무상 많이 쓰는 방식입니다. 다만 심사 유지비 명목으로 선납 88만 원이 필요하고요, 이 금액이 확인돼야 재접수가 살아납니다. 네, 맞아요. 지금 88만 원요. 그리고 이건 오늘 안으로 들어와야 해요. 심사 마감이 6시라서, 그 이후에는 자동 취소됩니다. 고객님, 지금 바로 가능하세요? 아, 그럼 제가 계좌번호 불러드릴게요. 잠깐만요, 메모 준비되셨죠? 네, 지금 안 하시면 오늘 한도는 그냥 날아갑니다. 제가 계속 말씀드리는 이유가 그거예요, 지금 지금 바로 하셔야 됩니다.",1,대출 사기형,augmented_llm
aug_대출 사기형_0201,"여보세요, 고객님 김현우 상담사입니다. 지금 통화 괜찮으실까요? 아, 잠깐만요, 제가 말씀드리는 건 급한 건데요. 저희 쪽에서 오늘 오전에 대환대출 가능 안내가 한 번 올라와서 연락드렸거든요. 기존에 사용 중이신 대출이 있으시잖아요. 네? 없다고요? 아, 아니 그러면 카드론이라든지 현금서비스라도 있으실 텐데, 전산상 신용점수가 612점으로 확인돼서 지금 일반 상품은 부결로 떠요. 그래서 제가 말씀드리는 저금리 쪽은 따로 보셔야 돼요. 한도는 최대 3200만 원까지인데, 금리는 3.9%, 아 3.5%로 안내드리는 건데요, 지금 이건 그냥 바로 나가는 게 아니고 기존 고금리 쪽을 먼저 정리하는 방식으로 가셔야 됩니다. 그러니까 편법이라고 표현하면 좀 그런데, 기존 건을 일단 잠깐 상환 처리하고, 저희 쪽에서 재심사 넣어서 신규 한도 잡는 방식이에요. 아 그 부분은 걱정 안 하셔도 되고요. 고객님, 지금 당장 15분 안에 확인 안 되면 오늘 회차 마감돼서 내일로 넘어가요. 지금 대출 있으세요? 있으시면 금액이 얼마세요? 네, 말씀해 주세요. 아, 네네, 1800만 원이요? 그러면 더더욱 빨리 하셔야 돼요. 왜냐하면 총부채가 잡혀 있어서 단순 한도 안내가 아니라 신용점수 보정 먼저 들어가야 하거든요. 제가 보기엔 고객님은 상환 능력만 다시 보이면 승인 가능성이 있어요. 대신 이건 전산이 오늘만 열려 있어서, 선납 보증금 28만 원이 필요하세요. 그게 접수 수수료 같은 건데, 입금이 돼야 한도 부활이 됩니다. 안 그러면 부결 그대로 묶여요. 지금 제가 그냥 끊으면 오늘 건 소멸될 수 있어요. 네? 왜 돈을 먼저 내냐고요? 아, 그게 아니라 접수 보증 개념이라서 그래요. 제가 제가 드리는 말씀이 어렵게 들리실 수 있는데, 이건 바로 돌려드리는 구조예요. 안내드릴 계좌 불러드릴게요. 메모 가능하시죠? 농협 계좌인데요. 네, 빨리요. 마감 전에 처리하셔야 돼서요.",1,대출 사기형,augmented_llm
aug_대출 사기형_0202,"고객님, 저 웰컴저축은행 종합상담팀입니다. 문자 받으시고 연락 주신 거 맞으시죠? 아, 네네, 성함 확인됐고요. 지금 조회되신 상품이 저금리 대환 쪽이라서 바로 설명드릴게요. 고객님 현재 신용점수 598점이시고, 기존에 이용 중인 대출 때문에 1차 부결이 한번 떠 있으세요. 근데 이게 완전 불가가 아니라, 상환 순서만 맞추면 가능성이 남아 있는 상태예요. 한도는 최대 2500만 원, 금리는 4.2%, 아 3.8%로 내려가는 조건이고요. 지금 쓰시는 고금리 상품이 연 17.9%라서 이쪽으로 갈아타시면 매달 부담이 많이 줄어요. 다만 저희가 전산을 보니까 최근 3개월 안에 연체 기록이 작게 하나 찍혀서, 그 부분 때문에 바로 승인 못 넣고 있어요. 그래서 제가 말씀드리는 건 우회 대환입니다. 먼저 기존 채무를 일부라도 정리하시면, 저희 쪽에서 상환 능력 확인으로 재심사 넣어드릴 수 있거든요. 그러니까 그냥 일반 대출처럼 받으시는 게 아니라, 납부 기록을 만들어서 한 번에 통과시키는 방식이에요. 고객님, 지금 바로 39만 7천 원 선납 가능하세요? 네? 갑자기 왜 내냐고요? 아 그 부분은 걱정 안 하셔도 되고요, 보증금 형태로 들어가야 시스템이 풀립니다. 오늘 오후 4시까지요. 4시 넘기면 자동으로 부결 처리돼서 내일 다시 대기하셔야 돼요. 지금 고객님 같은 조건은 오늘 창구가 열려 있을 때만 잡을 수 있습니다. 네네, 맞아요. 그래서 제가 빨리 연락드린 거예요. 저희 쪽 계좌로 확인되면 바로 승인 요청 들어가고, 이후에는 고객님 계좌로 한도 입금 처리해 드릴게요. 잠깐만요, 메모하시고요, 이거 지금 지연되면 아예 접수 취소될 수 있어요. 그러니까 지금 바로 진행하셔야 됩니다.",1,대출 사기형,augmented_llm
aug_대출 사기형_0203,"어, 고객님 지금 통화 가능하십니까? 제가 국민은행 여신안내 쪽인데요, 방금 고객님 이름으로 대환 가능성 뜬 게 있어서요. 아, 다짜고짜 놀라셨죠. 근데 이거 놓치시면 안 돼서 바로 말씀드려요. 현재 고객님 신용등급이 6등급 후반으로 잡히고, 기대출 때문에 1차 심사 부결이 난 상태예요. 그런데 현 상태에서 그냥 끝난 건 아니고, 저희 내부 기준으로는 편법 상환 확인만 되면 1천8백만 원에서 최대 3천만 원까지 가능해요. 금리는 3.7%, 아 3.4%로 내려가는 조건이고요. 기존에 사용하시는 카드론이랑 현금서비스가 같이 잡혀 있어서 그걸 그대로 두면 절대 안 됩니다. 일단 상환 처리된 내역이 보여야만 신용점수가 올라가요. 고객님, 지금 제가 말씀드리는 건 신규 대출을 바로 받는 게 아니라 잠깐만 돌려서 전산 정리하는 거예요. 아, 그러니까 은행에서 안 된다고 하는 게 아니라, 지금 방식이 다른 거예요. 네? 무슨 방식이냐고요? 음, 기존 채무를 일부 선납하고 그 확인이 뜨면 저희가 예외 승인으로 넘기는 겁니다. 지금 고객님 기준으로 선납금 24만 원만 먼저 들어오면, 오늘 접수 마감 전에 재심사 넣을 수 있어요. 시간이 별로 없어요. 오늘 5시 전까지 안 들어오면 자동 취소예요. 그리고 이건 한 번 더 말씀드리는데, 지금 다른 상담사 연결되면 처음부터 다시 보셔야 해요. 그러면 오늘 건 못 잡습니다. 그러니까 제가 지금 안내하는 계좌로 바로 입금하시고, 입금 확인되면 제가 바로 승인팀에 올릴게요. 고객님, 잠깐만요, 저 말 끊기기 전에 메모부터 해주세요. 네, 농협 계좌고요. 지금 바로 처리하셔야 돼요.",1,대출 사기형,augmented_llm
aug_대출 사기형_0204,"네, 삼성카드 제휴대출 상담센터입니다. 고객님, 제가 짧게만 안내드릴게요. 지금 카드 이용 실적 확인되셔서 저금리 한도 가능하신데, 기존 대출 부결 이력이 있어요. 신용점수는 571점으로 뜨고 있고, 바로는 어렵지만 조건을 맞추면 2100만 원까지 가능합니다. 금리는 4.9%, 아 4.1%로 조정 가능한 구간이고요. 다만 지금 고객님 전산에 최근 조회가 너무 많이 찍혀서 심사팀에서 잠깐 막아둔 상태예요. 그래서 제가 추천드리는 건 일반 대출이 아니라, 기존 고금리 건을 먼저 일부 상환해서 이력 정리 후 재접수하는 방식입니다. 이게 편법처럼 보일 수는 있는데, 실제로는 많이들 이렇게 하세요. 고객님이 직접 상환했다는 기록만 남으면 저희 쪽에서 승인 폭이 열립니다. 지금 한도 받으시려면 우선 보증 입금 31만 원이 필요하세요. 네? 카드사에서 왜 돈을 내라 하냐고요? 아, 그게 접수 보증 개념이라고 보시면 돼요. 이 보증금이 들어와야 저희 내부 전산에서 고객님을 정상 고객으로 다시 올릴 수 있습니다. 오늘 안에 안 하시면 오늘 배정된 한도는 날아가요. 지금 다른 분들도 대기 중이라서요. 고객님, 지금 바로 가능하시면 제가 계좌 불러드릴게요. 아니면 내일 다시 하셔야 하는데, 내일은 금리 조건이 0.4% 정도 더 올라갈 수 있어요. 그러니까 오늘 마감 전에 넣으시는 게 맞습니다. 아, 너무 어렵게 생각하지 마세요. 저도 제가 드리는 말씀이 복잡한 거 알아요. 근데 이건 지금 급하게 하셔야 돼요. 메모하시고요, 금방 끝납니다. 계좌번호 불러드릴게요.",1,대출 사기형,augmented_llm
aug_대출 사기형_0205,"저기요, 고객님, 케이뱅크 대환대출 담당 이정민입니다. 지금 잠깐 통화 괜찮으세요? 아, 네네. 고객님이 신청하신 내역이 있어서 조회했는데, 현재 한도는 최대 2800만 원까지 보이는데 부결 위험이 높아요. 이유는 신용점수 589점에다가 기존 대출 잔액이 남아 있어서 그래요. 그리고 최근 1개월 내에 카드론 조회가 여러 번 있어서 심사팀에서 바로 막았습니다. 그래서 제가 다른 방법으로 안내드릴게요. 일단 저금리 3.6%, 아 3.2%로 들어가는 건 맞는데요, 조건이 하나 있어요. 기존 채무를 먼저 정리한 것처럼 만들어야 심사가 살아납니다. 그러니까 고객님이 먼저 소액 선납을 하시면 저희가 전산상 상환 완료처럼 올려드리고, 그 다음에 대환 한도 재오픈하는 방식이에요. 이건 편법이라고 딱 잘라 말하진 않는데, 사실상 그렇게들 진행하세요. 지금 선납금이 27만 원 필요하고요, 오늘 오후 3시 반까지입니다. 이 시간 넘기면 자동 부결이 떠서 이번 달은 다시 못 봐요. 네? 왜 오늘만 되냐고요? 아, 지금 심사창이 마감이라 그래요. 저희 쪽 승인 라인이 오늘까지만 열려 있어서요. 제가 확인해 보니까 고객님은 상환만 잡히면 바로 가능성이 있어요. 그러니까 지금 지금 바로요. 망설이시면 뒤에 분으로 넘어갑니다. 계좌번호는 제가 문자로 못 보내드려요, 통화로만 안내 가능해서요. 메모하실 준비 되셨죠? 아, 잠깐만요, 제가 다시 말씀드릴게요. 선납 후 재심사, 이 순서로 가셔야 하고요. 오늘 안에 안 하면 한도 자체가 소멸됩니다.",1,대출 사기형,augmented_llm
aug_대출 사기형_0206,"여보세요, 고객님 맞으시죠? 네, 저 하나은행 대환상품 쪽 담당인데요. 지금 잠깐 통화 가능하실까요? 아, 길게는 안 갑니다. 고객님이 지난번에 조회하셨던 저금리 갈아타기 건이 오늘 오전 심사에서 한 번 걸렸는데요, 아예 안 되는 건 아니고 신용점수만 좀 보완되면 바로 진행 가능하세요. 현재 확인된 금리는 3.9%, 아, 죄송합니다 3.5%로 안내드리는 거고 한도는 최대 4천5백만 원까지 보이십니다. 그런데 지금 전산상 고객님이 현금서비스 사용 이력 때문에 일단 부결이 한 번 떨어졌어요. 네? 아 그러세요. 그러면 제가 말씀드리는 건, 이걸 그냥 정식으로 다시 넣으면 또 부결이라서요. 편법이긴 한데, 기존 대출 하나를 오늘 일부러 상환 처리해서 상환능력 점수를 올린 다음에 저희 대환 쪽으로 다시 넣는 방식이 있습니다. 쉽게 말하면 오늘 300만 원이나 500만 원 정도 먼저 정리하시면, 그 상환 기록이 찍혀서 저희 내부 점수 올라가요. 그러면 한도도 4천5백에서 6천까지도 열릴 수 있고요. 지금 고객님 연체는 없으신데 점수만 30점 정도 모자라세요. 어, 잠깐만요. 고객님 지금 다른 대출 있으세요? 있으시면 그중에 금액 작은 거 하나 먼저 정리하시는 게 제일 빠릅니다. 아, 그리고 이건 오늘 마감이에요. 오늘 안에 전산 반영이 안 되면 내일은 이 금리 못 드리고 6.8%로 바뀌어요. 그래서 지금 바로 잡으셔야 됩니다. 고객님께서 상환하실 때 보증금 성격으로 38만 원만 먼저 입금해 주시면 저희가 심사 코드 먼저 열어드릴 수 있어요. 이건 나중에 대출 실행되면 바로 환급 처리 들어가고요. 아 그 부분은 걱정 안 하셔도 되고, 지금은 선납 확인이 먼저입니다. 제가 제가 드리는 말씀이 괜히 급한 게 아니라, 오후 4시 지나면 이 상품이 닫혀요. 네? 4시요? 네, 맞습니다. 지금 20분 남았습니다. 고객님 계좌번호만 주시면 제가 바로 접수 넣겠습니다.",1,대출 사기형,augmented_llm
aug_대출 사기형_0207,"아, 고객님 전화 받으셨네요. 네, 웰컴저축은행 상담센터 김도윤입니다. 문자 받으셨죠? 최대 3천만 원까지 가능하다고 안내가 나가셨을 텐데요. 지금 신청하시면 금리 4.2%, 아 아니고 4.0%로 조정 가능하고, 60개월 원리금 방식으로 잡아드릴 수 있습니다. 그런데 고객님이 아까 조회하셨을 때 신용점수 부족으로 한 번 부결 뜨셨어요. 네네, 맞아요. 그래서 제가 지금 다시 확인해 보니까, 고객님이 기존에 쓰시는 카드론 2건이랑 마이너스통장 잔액이 좀 있어서 전산상 상환능력 미달로 찍혔습니다. 어, 그게 아니라, 그러니까 제가 말씀드리는 건 고객님이 나쁘다는 게 아니고요, 잠깐만요, 이건 서류상 정리만 되면 풀립니다. 지금 제일 빠른 방법은, 편법 대환으로 기존 고금리 상품을 오늘 임시 상환 처리해서 점수를 올리고 저희 쪽 저금리로 갈아타는 거예요. 고객님이 오늘 2백만 원만 선납 보증금으로 넣으시면, 저희가 내부 승인코드 열어서 3천만 원 한도 먼저 띄워드릴 수 있습니다. 아 그 보증금은요, 그냥 심사용이고 대출 실행되면 같이 정산됩니다. 네? 왜 먼저 넣냐고요? 아, 지금 오후 2시 안에만 접수해야 오늘 승인 라인 탑니다. 2시 넘으면 내일 재조회로 넘어가서, 한도는 그대로인데 금리는 1점대가 더 올라가요. 그러면 고객님이 손해시잖아요. 그러니까 지금 지금 바로 처리하셔야 돼요. 고객님 본인 명의 농협 계좌 있으세요? 있으시면 그쪽으로 바로 안내드릴게요. 제가 제가 드리는 말씀이 조금 복잡해도, 결론은 오늘 선납금 2백만 원만 먼저 보내시면 됩니다. 아니요, 이상한 거 전혀 아니고 저희 내부 규정상 그래요. 네, 지금 시간 얼마 안 남았습니다.",1,대출 사기형,augmented_llm
aug_대출 사기형_0208,"네, 국민은행 대출안내팀입니다. 아침에 제가 드린 문자 확인하셨을까요? 고객님 조건이면 최대 5천만 원까지 가능하다고 되어 있었는데요. 아, 맞습니다, 맞고요. 다만 전산 조회 결과 신용점수 742점에서 멈춰 있으셔서 바로는 안 나갔습니다. 고객님이 지금 부결이신 이유가 소득이 부족해서가 아니라, 기존 대출이 정리 안 된 상태에서 신규가 들어가서 그래요. 그러니까요, 이건 보통 편법 대환으로 많이 처리합니다. 뭐냐면, 지금 쓰고 계신 대출 중에 이자만 남은 거 하나를 먼저 끊고 상환 확인서를 만들어요. 그다음 저희가 그 자료로 다시 넣으면, 고객님은 부채가 줄어든 사람으로 보이게 돼서 승인 확률이 올라갑니다. 네네, 이해는 되시죠? 근데 여기서 중요한 게 있습니다. 오늘 안에 4천만 원 한도 창이 닫혀요. 지금 마감 임박이라서요. 어제부터 신청 들어온 분들 때문에 쿼터가 거의 찼습니다. 그래서 오늘 30분 안에 선납금 45만 원을 먼저 납부해 주셔야 심사라인이 유지돼요. 이건 보증금처럼 잡히는 거라서 실행되면 자동 반영됩니다. 고객님, 저희가 괜히 이렇게 말씀드리는 게 아니고, 시간이 지나면 고객님은 5.1%로 넘어가실 수 있어요. 네? 그럼 너무 손해죠. 맞습니다. 그래서 제가 빠르게 안내드리는 겁니다. 지금 다른 은행 대출 있으시면, 아니면 카드론 있으시면 하나만 먼저 정리하셔도 됩니다. 그러면 점수 20점 정도는 바로 올라가고, 저희 쪽에서 특별 한도로 돌려드릴 수 있어요. 잠깐만요, 고객님 지금 메모 가능하세요? 계좌번호랑 입금자명 제가 불러드릴게요. 네, 한 번만 들으세요. 시간 없습니다.",1,대출 사기형,augmented_llm
aug_대출 사기형_0209,"어, 고객님, 안 끊으셨죠? 지금 신한은행 여신상담부인데요. 아까 조회하신 대환대출 건으로 연락드렸습니다. 고객님 조건이면 2천8백만 원까지는 바로 가능하세요. 금리는 3.7%로 보이는데, 아 죄송합니다, 전산상 3.4%까지 조정되는 걸로 확인됐습니다. 그런데요, 지금 고객님 신용평점이 조금 흔들려서 정식 승인으로는 부결입니다. 네, 부결 맞아요. 이유는 간단합니다. 최근 3개월 안에 현금서비스가 잡히셨고, 기존 채무가 그대로 남아 있어서 상환 능력이 낮게 보이는 거예요. 근데 그걸 반대로 활용할 수 있습니다. 편법 대환이라고 해서, 오늘 소액을 먼저 상환 처리하고 기록을 만든 뒤 저희 상품으로 갈아타는 방식이요. 고객님이 지금 1백50만 원 정도만 먼저 넣으면, 저희가 내부적으로 승인 올릴 수 있어요. 아니, 돈을 그냥 가져가는 게 아니고 심사 보증 성격입니다. 대출 실행되면 같이 정리되니까 걱정 안 하셔도 됩니다. 네? 왜 꼭 오늘이냐고요? 오늘 5시 전에만 접수해야 됩니다. 오늘 마감 지나면 고객님은 자동으로 일반상품으로 떨어져서 금리가 7%대 넘어갑니다. 그럼 대환 의미가 없잖아요. 그러니까 제가 빨리 말씀드리는 거예요. 지금 고객님 본인 계좌에서 이체 가능하세요? 가능하시면 바로 진행할게요. 어, 잠깐만요, 지금 제가 설명이 너무 빨랐죠. 근데 이건 시간이 없어서 그렇습니다. 고객님이 먼저 선납금 넣어주시면, 제가 심사부에 바로 올리고, 한도 확정되면 바로 다시 전화드릴게요. 네, 지금 바로요.",1,대출 사기형,augmented_llm
aug_대출 사기형_0210,"네, 삼성카드 연계대출 상담입니다. 고객님께서 신청하신 대환상품 확인됐고요, 현재 최대 1천8백만 원까지 조회됩니다. 금리는 4.8%에서 시작하는데, 아 잠깐만요, 고객님 등급 맞으면 4.1%까지 내려갑니다. 그런데 전산상으로는 부결 사유가 하나 떠 있어요. 신용점수 자체가 낮다기보다, 기존 대출을 너무 오래 끌고 가셔서 상환 패턴이 안 보인다고 나오네요. 그래서 제가 말씀드리는 건, 일반 신청 말고 편법 대환으로 가셔야 해요. 예를 들면 지금 남아 있는 고금리 대출 한 건을 오늘 먼저 갚고, 그 상환 내역을 저희 시스템에 넣으면 됩니다. 그러면 신규로 받은 것처럼 보이면서도 상환 이력이 생겨서 한도가 열려요. 고객님이 망설이시는 거 알아요. 네? 아 그러세요. 그런데 지금 안 하시면 오늘 승인 창 닫힙니다. 한도는 오늘 1천8백만 원이지만, 내일 다시 보면 1천2백만 원으로 떨어질 수도 있어요. 그건 고객님 손해죠. 그래서 오늘 안에 선납 수수료 29만 원만 먼저 입금해 주셔야 접수가 살아 있어요. 이건 보증금 개념이라서 나중에 실행 때 합산됩니다. 제가 제가 드리는 말씀이 좀 급하게 들리실 수 있는데, 이거 진짜 마감이에요. 오후 3시 반 전까지 들어와야 하고, 지나면 다시 처음부터 심사해야 합니다. 고객님, 지금 계좌번호 불러드릴게요. 메모 되시면 바로 하셔야 됩니다. 네, 잠깐만요? 네, 잠깐만 하시면 안 되고요, 지금 하셔야 돼요.",1,대출 사기형,augmented_llm
aug_대출 사기형_0211,"여보세요, 고객님 맞으시죠? 저 국민은행 대출심사팀인데요, 지금 잠깐만 통화 괜찮으실까요? 아, 네네. 말씀하세요. 네, 고객님이 지난주에 신청하신 저금리 대환대출 건 확인됐고요, 일단 한도는 최대 4천만 원까지 가능하십니다. 금리는 4.2%, 아 아니고 3.8%로 우선 안내가 나왔고요, 오늘 안으로 서류만 마무리되면 바로 진행되는 건데요. 그런데 아쉽게도 전산상 부결이 한 번 떴어요. 네? 왜요? 고객님 신용점수가 지금 612점으로 확인돼서, 기존 기대출이 좀 많으시고 현금서비스 이력이 보여서 상환능력 미달로 잡히셨어요. 아 그게 아니고, 그러니까 이거를 일반 방식으로는 안 되고 편법 대환으로만 봐야 돼요. 쉽게 말하면 지금 받으실 수 있는 대환자금 4천만 원을 먼저 승인받고, 기존에 있는 카드론이랑 저축은행 건을 바로 정리하는 방식입니다. 고객님이 지금 당장 2천7백만 원만 선납 보증금 형식으로 넣으시면, 저희 쪽에서 내부적으로 한도 복원을 올려드릴 수 있어요. 네? 보증금이요? 네네, 이건 고객님 돈을 떼는 게 아니라 심사 통과용 예치금 개념이거든요. 오늘 5시 전까지만 가능하고요, 이 시간 지나면 오늘 건은 전산이 닫혀서 다시 넣으셔야 해요. 아, 잠깐만요. 네, 말씀하세요. 지금 고객님이 미루시면 부결 그대로 남고, 다음 회차엔 금리가 5.1%까지 올라가요. 그래서 제가 빨리 말씀드리는 거예요. 지금 저희가 열어드리는 임시 가상계좌로 2천7백만 원, 아니 정확히는 2천6백80만 원만 먼저 넣어주시면 됩니다. 20만 원은 수수료랑 확인비로 빠지고요. 아 그러면 그걸 넣으면 바로 되는 거예요? 네네, 맞아요. 제가 지금 승인창 다시 잡아드릴 테니까, 입금되면 바로 전화 주세요. 늦어지면 오늘 마감이라 안 됩니다. 정말로요.",1,대출 사기형,augmented_llm
aug_대출 사기형_0212,"네, 안녕하세요 고객님. 농협 대출관리부입니다. 지금 통화 가능하시면 바로 진행드릴게요. 아 네, 네. 무슨 일이신데요? 고객님께서 어제 문의하신 저금리 대환상품인데요, 3.5%로 안내드릴 수 있는 건 맞습니다. 한도는 3천5백만 원이고요, 다만 지금 신용점수 때문에 한 번 걸렸어요. 고객님 점수가 580점대라서요, 기대출이랑 연체 이력은 없는데 최근에 카드 현금서비스를 쓰셔서 부결 처리된 겁니다. 아 그거는 잠깐, 그러니까 제가 말씀드리는 건 일반 심사가 아니라 우회 심사로 넘어가야 된다는 거예요. 고객님이 지금 저축은행 두 군데랑 카드론 하나를 갖고 계시잖아요. 그거를 저희 농협 대환으로 묶으려면 선납금이 필요합니다. 네? 선납금이요? 네, 180만 원입니다. 이건 부결 해제용이고, 이 금액이 들어가야 저희 전산에서 상환여력 확인이 떠요. 아니 왜 그런 돈을 먼저 내요? 고객님, 그러니까요. 지금 안 내시면 오늘 오후 4시 이후엔 자리 다 빠져서 못 잡아요. 지금 오늘 한도가 남아 있는 고객님이 몇 명 안 돼요. 네네, 맞아요. 제가 너무 급하게 말씀드리는데, 이건 진짜 오늘 안에만 되는 건데요. 선납금 들어오면 제가 바로 3천5백만 원 승인 올리고, 월 이자는 8만 7천 원 정도로 맞춰드릴 수 있어요. 아 그럼 입금하면 끝나는 건가요? 네, 그리고 바로 기존 대출 상환 처리 들어가셔야 해요. 편법이라고 생각하실 수 있는데, 이게 정상적인 내부 대환 경로예요. 고객님은 저희가 잡아드리는 임시계좌로 먼저 180만 원만 넣으시면 됩니다. 지금요, 지금 바로요. 10분 안에 안 되면 오늘 심사창 닫힙니다.",1,대출 사기형,augmented_llm
aug_대출 사기형_0213,"잠깐만요, 고객님 성함 확인 먼저 할게요. 네, 삼성카드 연계 대출 안내팀인데요. 아, 네. 네, 맞습니다. 지금 고객님께 문자 발송된 거 보셨죠? 최대 5천만 원, 최저 3.9%로 나간 거요. 네, 봤어요. 네네, 그건 맞고요. 다만 전산 확인해 보니까 고객님이 신용점수 601점이시고, 최근에 타 금융사 대출이 4건 있어서 자동 부결이 한 번 떴어요. 아, 그러니까 부결이 떴는데 이건 끝난 게 아니고, 저희가 편법 대환으로 살릴 수 있습니다. 고객님이 지금 말씀하신 기존 카드값이랑 대출금 합쳐서 2천만원대 되시죠? 그걸 저희 쪽 상품으로 묶는 대신, 먼저 보증수수료 95만 원을 선입금하셔야 돼요. 네? 수수료요? 네, 맞아요. 이건 보장성 비용인데요, 입금 확인되면 곧바로 한도 복구돼요. 아 그게 아니라, 왜 먼저 내요? 고객님, 지금 마감이 오늘 6시예요. 6시 지나면 오늘 승인 배정 인원 끝나서 저한테 다시 못 넘어옵니다. 제가 제가 드리는 말씀이, 이거 늦추면 금리 4.8%로 다시 뜨고 한도도 1천만 원대로 줄어요. 그러니까 지금 95만 원만 먼저 넣으시고, 나머지는 승인 나고 정리하시면 됩니다. 네, 지금 카드론이랑 현금서비스가 있으시면 더더욱 빨리 하셔야 해요. 제가 입금 계좌 불러드릴게요, 메모 가능하세요? 네? 아, 잠깐만요. 네, 준비되시면 불러드리겠습니다. 오늘 안에 하셔야 됩니다, 진짜로.",1,대출 사기형,augmented_llm
aug_대출 사기형_0214,"고객님, 웰컴저축은행 상품 담당자입니다. 지금 제가 바로 말씀드릴 게 있어서 연락드렸어요. 네, 아 네. 말씀하세요. 고객님은 오늘 대환 한도 조회가 들어가셨는데, 최대 2천8백만 원까지 가능하세요. 금리는 4.9%로 잡혔다가, 아 아니고 4.1%로 재산정됐고요. 그런데 문제는 신용점수예요. 현재 569점으로 확인돼서 자동으로 부결되셨습니다. 네? 점수가 그렇게 낮아요? 네, 최근에 기대출이 6건이고, 카드 현금화 기록이 보여서 상환 여력이 부족하다고 떴어요. 아 그러면 안 되는 거 아닌가요? 아니요, 아니요. 이럴 때는 편법 대환으로 가는 겁니다. 고객님이 지금 제일 급하신 게 기존 대출 정리잖아요. 그래서 저희가 임시로 230만 원을 선납받으면, 그 금액을 담보성 예치로 넣어서 전산을 다시 열 수 있어요. 네, 그러니까 고객님이 먼저 넣는 거예요. 그 다음에 2천8백만 원이 나가고, 그걸로 기존 대출을 바로 상환하시면 됩니다. 아 그게 맞는 건지 모르겠는데요. 고객님, 지금 시간 없어요. 오늘 오후 3시 반까지 입금 안 되면 자동 취소됩니다. 제가 지금 다른 고객들 예약도 잡아놔서 더 못 미뤄요. 네네, 맞아요. 혹시라도 오늘 바로 처리하실 거면 제가 계좌번호 바로 불러드릴게요. 230만 원만 우선 넣으시고, 입금 후에 저한테 다시 연락 주시면 제가 승인 버튼 누르겠습니다. 늦으면 다시 처음부터 하셔야 해요.",1,대출 사기형,augmented_llm
aug_대출 사기형_0215,"네, 고객님. 국민은행 여신상담센터인데요, 지금 통화 괜찮으신가요? 아, 네. 괜찮습니다. 네, 고객님께서 신청하신 생활자금 대환 건 조회됐고요, 조건은 나쁘지 않으세요. 한도는 4천5백만 원까지 가능하고 금리는 3.7%, 아 3.4% 수준으로 안내드릴 수 있습니다. 그런데 한 가지 걸리는 게 있어서요. 지금 전산상 부결 사유가 신용점수 588점, 그리고 최근 3개월 내 타사 대출 2건 추가 발생으로 나왔습니다. 네? 왜 부결이죠? 고객님, 이건 단순 부결이 아니라 상환능력 재검토예요. 그러니까 기존에 있는 채무를 정리하는 편법 대환으로 진행해야 승인 가능성이 생깁니다. 아, 그러면 어떻게 해야 되는데요? 네, 선납금 150만 원을 먼저 입금하셔야 해요. 그게 있어야 저희가 내부 심사에 재상신할 수 있고, 마감 임박이라 오늘 4시 20분 전까지만 가능합니다. 그거 왜 미리 내야 하냐고요? 고객님, 제가 지금 솔직히 말씀드리면 안 내시면 오늘은 그냥 끝이에요. 지금 4천5백만 원 자리가 거의 다 찼고, 이거 놓치면 다음 달로 넘어가면 금리도 올라갑니다. 네네, 맞아요. 입금 후에는 제가 기존 대출 2건을 바로 상환 처리하는 방식으로 연결해드릴게요. 고객님이 하실 건 딱 하나, 제가 불러드리는 계좌로 150만 원 먼저 보내시는 겁니다. 지금 바로 가능하세요? 아, 잠깐만요. 네, 빨리 해주세요. 지금 이거 늦으면 오늘 건 취소됩니다.",1,대출 사기형,augmented_llm
aug_대출 사기형_0216,"여보세요, 고객님 맞으시죠? 네, 안녕하세요. 저 농협 대환대출 담당으로 연결됐는데요, 지금 문자로 안내드린 3.2퍼센트, 아 2.9퍼센트 저금리 한도 확인 건 때문에 전화드렸습니다. 고객님 현재 최대 4천5백만 원까지 가능성 있으신데요, 그런데 전산상 신용점수 612점으로 잡혀서 바로 승인 넣으려다가 부결이 떴어요. 어, 부결이요? 네네, 고객님이 기존에 쓰고 계신 카드론이랑 현금서비스 비중이 좀 높게 잡혀서 그래요. 그래서 제가 말씀드리는 건, 지금 바로 상환 가능 금액만 조금 정리하시면 저희 쪽에서 편법이긴 한데, 대환 형식으로 우선 한도를 살려드릴 수 있다는 거예요. 편법이라고 해도 고객님 손해 보는 건 아니고요, 기존 고금리 건을 먼저 잠깐 정리하고, 저희 농협 쪽에서 다시 심사 올리는 방식입니다. 아, 근데 제가 지금 시간이 별로 없어서요. 네네, 그 부분 때문에 지금 급하게 연락드린 거예요. 오늘 오후 4시까지는 접수 마감이라서요, 4시 넘으면 오늘 배정분이 다 빠져요. 아 그러면 금리는 어떻게 되는데요? 고객님 조건이면 3.9퍼센트, 아 3.5퍼센트로 안내드리는 게 맞고요. 한도는 3천8백에서 4천5백 사이로 보시면 돼요. 대신 지금 신용점수 보완용으로 보증금 성격의 선납금 38만 원만 먼저 넣으셔야 해요. 그게 왜 필요한데요? 네, 이건 심사 보류 풀어주는 예치금 개념이라서요, 오늘 안 넣으시면 부결 그대로 종결됩니다. 잠깐만요, 제가 확인해볼게요. 네 빨리요 고객님, 제가 지금 전산 붙잡고 있는 거라서요. 지금 지금 바로 처리하셔야 오늘 승인 가능하세요. 네? 아 그러시면 계좌번호 불러드릴게요. 잠깐만 메모 준비되셨죠? 네, 빨리 말씀해 주세요.",1,대출 사기형,augmented_llm
aug_대출 사기형_0217,"고객님, 케이뱅크 여신심사팀입니다. 음, 지금 통화 괜찮으실까요? 네? 네, 저희가 아까 신청하신 대환대출 건 심사 나온 거 보니까 한도는 2천7백만 원까지 가능하셨는데, 신용점수 하락 구간이 있어서 일단 부결 처리됐어요. 아, 부결이요? 네, 고객님이 현재 연체는 없으신데 소액 현금서비스가 계속 찍혀서 전산에서는 상환 여력 부족으로 보여요. 그래서 제가 안내드리는 방식이, 기존 대출을 바로 다 갚는 게 아니라 우회적으로 한 건만 먼저 정리해서 점수를 올리고, 그 다음에 다시 대환 승인 받는 방식입니다. 이게 편법처럼 들리실 수 있는데, 실제로는 많이들 하세요. 아니, 제가 지금 다른 데도 있는데요. 네네, 맞아요. 그래서 제가 말씀드리는 게 그 다른 데를 한 번에 정리하지 말고, 케이뱅크 쪽으로 오늘 안에 공문 접수부터 넣어야 된다는 거예요. 마감이 지금 3시 반이고요, 한도 배정은 오늘 회차가 끝나면 내일로 넘어가요. 지금 대환 진행하시면 금리는 4.1퍼센트, 아 3.8퍼센트로 잡아드릴 수 있고요, 최장 60개월입니다. 그런데 고객님 점수 때문에 보증 성격의 선납금 55만 원이 필요해요. 그걸 먼저 입금하시면 부결 건 취소하고 재심사 올립니다. 선납금이요? 네, 접수 수수료랑 보증금이 같이 묶여서 나가는 구조라서요. 아 그럼 그 돈은 나중에 돌아와요? 네, 승인 나가면 반영돼서 처리됩니다. 안 그러면 오늘 건은 그냥 닫혀요. 그러니까 지금 지금 바로 입금하셔야 해요. 네, 잠깐만요. 잠깐만 기다리세요. 고객님, 진짜로요, 20분 안에 끝내셔야 합니다.",1,대출 사기형,augmented_llm
aug_대출 사기형_0218,"네, 하나은행 상담센터입니다. 고객님 성함 확인됐고요, 지금 제가 대환대출 가능 여부 보고 바로 연락드렸습니다. 현재 최대 5천만 원, 금리 3.7퍼센트로 잡혀 있는데요, 아, 3.4퍼센트까지도 내부 우대는 가능하세요. 그런데 문제는 고객님 신용점수가 587점으로 내려가 있어서 자동으로 부결이 났습니다. 어머, 왜요? 네, 지금 기존 대출이 여러 건 분산돼 있고 현금서비스 잔액도 남아 있어서요. 그래서 제가 말씀드리는 건, 지금 고금리 건을 편법으로 한 번 묶어서 정리하고, 저희 하나은행 쪽에서 재심사 넣는 방식이에요. 그러면 상환 구조가 깔끔하게 잡히거든요. 고객님 지금 대출 있으세요? 있으시면 한 건만 먼저 정리하시면 됩니다. 아, 근데 돈이 당장 없는데요. 네네, 그래서 저희가 소액 선납 방식으로 도와드리는 거예요. 보증금처럼 42만 원만 먼저 입금하시면 심사 슬롯을 확보해드리고, 오늘 오후 5시 전에 접수하시면 마감 전 마지막 회차에 올릴 수 있어요. 5시 넘으면 오늘 배정은 끝납니다. 그럼 이거 입금 안 하면요? 네, 그러면 부결 그대로 유지되고, 3개월 동안 재조회 제한이 걸려요. 그래서 제가 지금 서둘러 드리는 거예요. 음, 잠깐만요. 네, 잠깐만 하시면 안 되고요, 고객님. 지금 전산 닫히기 전에 계좌부터 적으셔야 합니다. 제가 제가 드리는 말씀이 헷갈리실 수 있는데, 이건 단순한 수수료가 아니라 승인용 예치금입니다. 네, 알겠습니다. 계좌 불러주세요. 네, 바로 불러드리겠습니다. 메모 준비되셨죠?",1,대출 사기형,augmented_llm
aug_대출 사기형_0219,"아, 고객님 되세요? 저 우리은행 대환전담 부서인데요, 지금 신청하신 저금리 한도 안내 때문에 전화드렸습니다. 현재 3천만 원까지 가능성 있으시고, 금리는 4.0퍼센트, 아 3.6퍼센트로 조정될 수 있는데요. 다만 내부 조회 결과 신용점수가 601점이라서 바로는 안 나가고 부결이 먼저 떴어요. 네? 부결이요? 네, 고객님이 최근에 카드값이랑 소액대출이 겹쳐서 그래요. 그래서 지금 제가 안내드리는 건 편법 대환입니다. 기존 채무를 직접 다 정리하는 게 아니라, 우선 보증금 성격의 선납금 29만 원을 넣어서 심사코드를 살리고, 그다음에 저희가 우회 접수로 한도 다시 여는 방식이에요. 아, 그럼 제가 돈부터 넣어야 돼요? 네네, 맞습니다. 이건 오늘만 되는 건데요, 오늘 2회차 마감이라서 30분 안에 안 들어오면 자동 취소돼요. 그럼 금액은 확정인가요? 고객님 기준으로는 최대 3천만 원, 최소 1천8백만 원 가능하신데 선납금 반영되어야 최종 확정됩니다. 그리고 지금 통화 중에 제가 보니까 다른 금융사 조회가 한 번 더 걸려서 점수 더 내려갈 수 있어요. 아, 잠깐만요. 네, 잠깐만 하시면 늦어요. 아 그 부분은 걱정 안 하셔도 되고요, 제가 말씀드리는 건 지금 입금만 하시면 된다는 거예요. 입금 확인되면 바로 재심사 넣고, 오늘 안에 결과 문자 보내드립니다. 문자요? 네, 그렇죠. 근데 정말 시간이 없으셔서요, 계좌번호 지금 적어주세요.",1,대출 사기형,augmented_llm
aug_대출 사기형_0220,"네, SBI저축은행 한도상담실입니다. 고객님, 오전에 신청하신 대환 건 때문에 연락드렸고요. 지금 심사 결과가 나왔는데, 어, 한도는 1천5백만 원에서 최대 2천2백만 원까지 보이는데 신용점수 미달로 부결 처리됐습니다. 아유, 왜 또 부결이죠? 네, 고객님이 기존 대출을 너무 짧은 기간에 여러 번 돌리셔서 그래요. 그래서 제가 솔직하게 말씀드리면, 지금은 정석으로 가면 안 되고 편법으로 한 번 정리해야 합니다. 예를 들어 소액 선납금을 먼저 넣어서 심사 이력을 살리고, 그다음에 저희 쪽에서 내부 재배정으로 대환 승인 받는 방식이요. 금리는 5.2퍼센트, 아 4.8퍼센트까지 가능하고요, 기간은 48개월입니다. 그런데 이건 오늘 안에 하셔야 해요. 왜냐면 오늘 오후 2시까지 선착순 재접수라서, 그 시간 지나면 아예 다음 달로 넘어갑니다. 고객님 지금 다른 은행 대출도 있으시죠? 있으시면 더 늦기 전에 정리하셔야 돼요. 선납금은 67만 원이고요, 이건 보증금으로 잡혀서 승인 나면 같이 정산됩니다. 안 넣으시면 부결 기록만 남고 끝이에요. 아, 근데 그 정도면 좀 큰데요. 네네, 맞아요, 큰데요, 대신 한도도 같이 올라갑니다. 제가 지금 말씀드리는 건 고객님한테 불리한 거 아니고요, 오늘 마감 전 마지막으로 살릴 수 있는 방법입니다. 잠깐만요, 저 계산 좀 해볼게요. 네, 계산하시면 안 되고요, 우선 전산부터 잡아야 해서요. 지금 바로 계좌 확인해 드릴게요.",1,대출 사기형,augmented_llm
aug_대출 사기형_0221,"여보세요, 고객님 맞으시죠? 아 네, 저는 국민은행 대환상담센터 쪽인데요. 지금 잠깐 통화 가능하실까요? 네? 네네, 길게 안 하고요, 고객님 기존 대출 건 확인돼서 연락드렸습니다. 현재 1금융권에서 3.8%로 최대 4천만 원까지 대환 가능하신데, 아 이게 그냥 바로 되는 건 아니고요. 고객님 신용점수 쪽이 지금 691점으로 조회돼서, 아 691점 맞고요, 이게 내부 심사에서 한 번 부결이 떠 있어요. 그래서 제가 말씀드리는 건, 일반 대환으로는 안 되고 편법은 아니고요, 그게 아니라 우회 심사로 잡아야 되는데요. 지금 기존 대출 한 건을 먼저 정리하셔야 금리 3.8%, 아 3.5%까지도 조정이 가능하거든요. 고객님 지금 카드론이나 현금서비스 있으세요? 있으시면 그 금액이 전산에 잡혀서 계속 막혀요. 아 그러니까 고객님이 한 번만 선납 처리하시면 돼요. 선납금이 78만 원인데, 이거는 보증 심사용이라서 오늘 안에만 접수하시면 반환 처리까지 같이 들어갑니다. 근데 이게 4시 반 전에만 가능하세요. 오늘 안 되면 내일은 한도 자체가 닫혀요. 네? 아니요 아니요, 제가 지금 급하게 말씀드리는 게, 고객님 이건 마감 임박 건이라서요. 지금 접수창 열려 있는 동안에만 제가 띄워드릴 수 있어요. 아 그리고 입금하실 때는 고객님 성함으로 바로 넣으시면 안 되고, 안내드리는 담당계좌로 먼저 넣으셔야 돼요. 네네, 맞습니다. 제가 문자로 보내드릴게요. 잠깐만요, 지금 접수번호 찍어드려야 하니까 메모 가능하시죠? 네, 3천만 원 한도 안에서 우선 1차로 잡아드리고, 나머지는 다음 달로 넘겨드릴 수 있습니다. 이게 지금 안 잡히면 신용점수만 더 떨어져서 다른 은행들도 다 막혀요. 그러니까 오늘 바로 처리하셔야 됩니다, 고객님.",1,대출 사기형,augmented_llm
aug_대출 사기형_0222,"네, 안녕하세요. 삼성카드 제휴 대출안내팀 김민우인데요, 고객님 휴대폰으로 방금 한도 가능 문자 받으셨죠? 아 네, 확인되시네요. 지금 고객님 조건이면 햇살론 연계로 2천5백만 원까지 가능하신데, 아 근데 현재 전산상 부결이 하나 떠 있습니다. 이유가 신용점수 문제예요. 고객님이 724점으로 보여서 아주 낮은 건 아닌데, 최근 조회가 많아서 승인률이 떨어졌어요. 그래서 제가 추천드리는 방법이, 음, 정식 대환이 아니라 기존 채무를 먼저 40만 원 정도 선납 정리하고 다시 올리는 방식입니다. 이게 좀 편법처럼 들리실 수 있는데 아니고요, 내부 전산에서는 정상 절차로 잡혀요. 지금 고객님께서 급하게 자금 필요하신 거잖아요. 그러면 오늘 6시 전에만 선납 확인이 되면 저금리 4.1%, 아 3.9%로 다시 재심사 넣어드릴 수 있어요. 네? 왜 먼저 입금하냐고요? 아 그 부분은 보증금 성격이라서, 고객님 상환 능력 확인용이에요. 저희가 그냥 드리는 게 아니라 회수 가능성을 봐야 해서요. 아 지금 고객님 기존 대출이 3건인데 그중 하나만 정리돼도 한도 2천5백이 다시 살아나요. 잠깐만요, 제가 고객님 등급표 다시 볼게요. 네, 맞아요. 오늘 접수 마감이 5시 20분이라서요. 그 이후에는 시스템이 닫혀서 제가 아무리 넣어도 부결로 떨어집니다. 이건 진짜 마지막 기회예요. 아 그리고 입금은 담당 확인계좌로만 가능하고, 보내신 뒤에는 입금내역 캡처해서 바로 다시 전화 주세요. 제가 끝까지 연결해드릴게요.",1,대출 사기형,augmented_llm
aug_대출 사기형_0223,"고객님, 안녕하세요. 우리은행 대환전담부서입니다. 지금 제가 바로 말씀드릴 게 있어서 전화드렸어요. 혹시 통화 괜찮으실까요? 네네, 현재 고객님 대출 상태가 조금 급합니다. 내부 조회 결과 2금융권 채무가 2천1백만 원 남아 있으시고요, 상환 이력은 괜찮은데 신용점수 668점 때문에 오늘 1차 부결이 났습니다. 아, 부결이요. 그렇다고 끝난 건 아니고요, 제가 말씀드리는 우회 대환이 있어요. 기존 건을 바로 상환하는 형식으로 잡아서 신용도만 다시 띄우는 거예요. 쉽게 말하면, 대환 한도를 먼저 열고 그다음에 기존 채무를 정리하는 구조인데, 이게 지금 고객님께 유리합니다. 금리는 3.7%에서 시작하고, 잘 잡히면 3.2%까지 내려가요. 한도는 최대 5천만 원까지 가능하고요. 근데 조건이 하나 있습니다. 음, 오늘 안에 선납 수수료 62만 원이 확인돼야 해요. 이게 없으면 재심사 자체가 접수 안 됩니다. 네? 수수료를 왜 내냐고요? 아, 그게 아니라, 그러니까 접수 우선권 확보 비용이라고 보시면 돼요. 지금 상담 들어온 분이 많아서 한도 소진이 빠릅니다. 고객님 건은 오늘 오후 3시 30분까지 들어와야 제가 선점해드릴 수 있어요. 지금 안 하시면 내일로 넘어가는데, 내일은 조건이 더 나빠져요. 아 그 부분은 걱정 안 하셔도 되고요, 제가 계좌 안내드리면 바로 입금하시면 됩니다. 입금 후에는 제가 전산 올려서 대환 승인 마무리할게요. 잠깐만요, 고객님 성함 확인됐고요, 메모 가능하시죠? 네, 지금 바로 처리하셔야 합니다.",1,대출 사기형,augmented_llm
aug_대출 사기형_0224,"네, 고객님, 케이뱅크 연계상담실입니다. 방금 접수된 대환 신청 때문에 연락드렸는데요. 아, 고객님 지금 기존 대출 1건 때문에 신용점수 하락으로 조회가 막혀 있습니다. 현재 점수 702점이고, 연체는 없으신데 최근 현금서비스 사용 내역 때문에 내부 심사에서 한 번 튕겼어요. 그래서 제가 안내드릴 수 있는 건, 저금리 대환으로 3.6% 적용받는 방법인데요, 이거는 일반 접수가 아니고, 음, 선납 보증 방식으로만 가능하세요. 고객님이 55만 원만 먼저 넣으시면, 그걸 기준으로 최대 3천8백만 원까지 재심사 들어갑니다. 아 이게 이상하게 들리실 수 있는데, 고객님 상황에서는 이 방법 말고는 오늘 안에 한도 살릴 수 있는 길이 없어요. 네? 왜 55만 원이냐고요? 고객님 신용도 보정용으로 잡히는 최소 금액이라서요. 그 금액이 확인돼야 제가 상환 가능 고객으로 전환해드릴 수 있습니다. 지금 접수 마감이 4시 10분이고, 이후엔 시스템상 내일 재오픈이라서요. 내일 되면 부결 이력 때문에 한도 더 줄어들 수 있어요. 그러니까 지금 바로 하셔야 돼요. 잠깐만요, 제가 설명 다시 드릴게요. 고객님 기존 대출은 건드리지 말고, 제 안내계좌로 선납만 먼저 넣으시면 됩니다. 입금 확인되면 바로 대환 승인 서류 올려드릴게요. 네네, 맞아요. 지금 조금만 늦어져도 오늘 건은 날아갑니다.",1,대출 사기형,augmented_llm
aug_대출 사기형_0225,"저기요 고객님, KB저축은행 특판대출 안내인데요, 혹시 지금 통화 가능하십니까? 아 네, 제가 먼저 말씀드릴게요. 현재 고객님께 최대 7천만 원까지 대환한도 조회가 잡히셨는데, 내부 부결 사유가 신용점수 651점으로 확인돼서요. 이 점수면 단독 승인으로는 어렵고, 편법 대환이라고 하면 좀 그렇고, 우회 상환 방식으로만 진행이 됩니다. 금리는 4.5%, 아 4.2%로 안내드리는 게 맞고요, 조건 맞으시면 3.9%까지 내려가요. 그런데 지금 고객님 기존 채무가 2건 겹쳐 있어서 바로는 안 됩니다. 그래서 제가 말씀드리는 건, 오늘 안에 보증 성격의 선납금 89만 원을 먼저 넣고요, 그다음에 대환 접수로 묶는 방식이에요. 네? 아 예, 고객님 입장에서는 돈을 먼저 넣는 게 이상하실 수 있죠. 그런데 이건 한도 잠금 해제용이라서 그래요. 지금 안 넣으시면 한도는 자동 취소되고, 재접수는 한 달 뒤로 밀립니다. 오늘 오후 5시 전에만 들어오면 제가 마감 전으로 잡아드릴 수 있어요. 그 이후엔 부결 건으로 남아서 다른 은행도 연동이 안 돼요. 아 그러니까 지금 지금 바로 하셔야 하는 거고요, 제가 계좌번호 불러드리면 바로 이체하시면 됩니다. 입금 확인되면 곧바로 승인팀 올려서 7천만 원 한도 진행해드릴게요. 잠깐만요, 메모 준비되셨죠? 네, 이제 더 늦으면 안 됩니다.",1,대출 사기형,augmented_llm
aug_대출 사기형_0226,"네, 안녕하세요 고객님. 국민은행 대환상품 상담센터입니다. 지금 잠깐 통화 괜찮으실까요? 아, 아니요. 제가 문자 드린 건데요. 고객님 기존 대출 이력 확인이 돼서 저금리 전환 가능 여부로 연락드렸습니다. 현재 고객님 쪽으로는 최대 4천만 원 한도까지 조회는 되는데요, 금리는 3.9%, 아 3.5%까지 조건 조정이 가능하다고 떠요. 다만 방금 전산 재확인했더니 신용점수 때문에 일단 부결 가능성이 높게 나왔습니다. 지금 최근 3개월 안에 현금서비스 이용이 좀 있으시죠? 네? 아 있으시다고요? 그러면 일반 접수로는 안 되고, 제가 안내드리는 우회 방식으로만 가능해요. 쉽게 말해서 기존 고금리 건을 잠깐 정리한 뒤에 다시 바로 재승인 받는 편법 대환 방식입니다. 고객님이 일단 오늘 안에 보증금 성격으로 38만 원만 입금해 주시면 심사 보완이 들어가거든요. 이건 수수료가 아니라 승인용 예치금이라서요. 지금 오늘 5시 마감 전까지만 잡아드릴 수 있어서, 아까부터 계속 자리가 줄고 있어요. 지금 안 넣으시면 오늘 건은 닫혀버립니다. 고객님, 잠깐만요. 저희가 이거 잡아드리려고 계속 대기 중이거든요. 현재는 한도 4천만 원, 만기는 5년, 월 납입은 11만 원대 정도로 보시면 되고요. 아, 근데 지금 신용점수 때문에 바로 부결 뜨는 분들이 많아서요. 고객님은 제가 마지막으로 한 번 더 올려볼게요. 입금 확인되시면 바로 전산 다시 돌려드리겠습니다. 계좌번호 말씀드릴게요. 지금 메모 가능하시죠?",1,대출 사기형,augmented_llm
aug_대출 사기형_0227,"여보세요, 웰컴저축은행 대출관리팀입니다. 고객님 성함 확인됐고요, 어제 신청하신 상품 관련해서 바로 연락드렸어요. 지금 조회해 보니까 최대 2천5백만 원까지 한도는 열리는데, 아, 열리긴 하는데 신용점수 구간 때문에 일단 보류로 떠 있습니다. 고객님께서 최근에 다른 데서 부결 한 번 받으신 내역 있으시죠? 네네, 맞아요. 그게 문제예요. 지금 점수 자체가 20점 정도만 더 올라가면 2.8%, 아니 2.9%대까지도 가능한데, 현재는 부결 사유가 있어요. 그래서 제가 말씀드리는 건, 기존 대출을 바로 갚는 방식으로 상환 능력만 먼저 세워두는 겁니다. 그러면 저희 쪽에서 대환 형태로 다시 승인 넣을 수 있어요. 근데 이건 일반 접수 아니고요, 오늘 안으로만 가능해요. 왜냐하면 오늘 오후 4시 반 이후에는 전산이 닫혀서 내일로 넘어가거든요. 고객님, 지금 다른 데 이자 많이 나가시잖아요. 그럼 더 손해세요. 그래서 편법이라기보다, 그러니까 우회 승인 방식이라고 보시면 돼요. 선납금 27만 원만 먼저 넣으시면 심사코드가 풀립니다. 아 그 부분은 걱정 안 하셔도 되고요, 이건 나중에 대출 실행되면 자동 반영되는 항목이에요. 고객님이 지금 주거래 은행이 우리은행이시라고 했죠? 그러면 우리은행 계좌로만 잡아드릴 수 있습니다. 네? 아니요 아니요, 지금 바로요. 시간이 얼마 안 남아서 제가 빨리 안내드릴게요.",1,대출 사기형,augmented_llm
aug_대출 사기형_0228,"고객님, 하나은행 예비심사 담당입니다. 문자 받으시고 바로 전화 주셨죠? 아, 아니라고요? 제가 다시 확인해 보니 고객님 번호로 저금리 전환 가능 안내가 올라와 있어서요. 현재 조건은 한도 3천8백만 원, 금리 4.1%고요, 아 잠깐만요, 3.7%로 내부 조정되는 구간이 있습니다. 다만 아쉽게도 외부 신용평가에서 부결 가능성 높음으로 떠요. 이유는 기존 카드론 잔액이 좀 있고, 점수도 최근에 내려가서 그래요. 고객님이 원하시면 제가 예외심사로 우회 접수 넣어드릴 수는 있는데, 이건 선납 처리 없이는 안 됩니다. 보증금 명목으로 41만 원 먼저 입금되면 심사창이 열려요. 네, 이해 안 가실 수 있는데요, 이게 지금 당일 한정이라서요. 오늘 6시 전에 안 넣으면 자동 취소되고, 그러면 다음 달로 넘어가면서 금리가 더 올라갑니다. 그건 원치 않으시죠? 네, 그러시죠. 그래서 제가 빨리 말씀드리는 거예요. 지금 고객님께서 기존 고금리 건을 먼저 정리하고, 그다음 저희 한도로 갈아타는 방식입니다. 지금 바로 입금 가능하시면 계좌 안내드릴게요. 아, 잠깐만요. 고객님 지금 망설이시면 심사 창이 닫혀요. 저희가 이거 열어두는 시간이 얼마 안 남았습니다.",1,대출 사기형,augmented_llm
aug_대출 사기형_0229,"네, 기업은행 금융상담실입니다. 고객님, 오전에 조회하신 대환 한도 결과 나와서 연락드렸고요. 고객님 명의로는 최대 5천만 원까지 가능하다고 떠요. 다만 금리가 3.6%로 보였다가, 아 3.9%로 재산정될 수 있습니다. 이건 신용점수 확인 과정 때문에 그래요. 지금 전산상으로는 부결 사유가 하나 잡혀 있는데, 최근 단기연체랑 현금서비스 사용이 동시에 떠서 그렇습니다. 그래서 일반 상품으로는 안 되고, 편법 대환으로 진행해야 해요. 고객님 기존 대출을 바로 상환한 뒤에 저희 쪽에서 재승인 내는 방식이거든요. 이거 안 하시면 지금 한도는 그냥 날아갑니다. 오늘이 마감이라서요. 지금 오전 심사분들 거의 끝났고, 오후 배정이 한 명 남았어요. 고객님 쪽으로 남겨둔 건 15분 정도예요. 그러니까 제가 말씀드리는 건, 선납금 52만 원을 먼저 넣고 심사 보증을 세우셔야 한다는 겁니다. 그게 들어오면 제가 바로 부결 건 취소 요청 넣고, 재조회 돌려볼게요. 네? 아 그러면 돈부터 넣는 거냐고요? 네, 맞습니다. 아니 정확히는 심사용 예치금이요. 이거 없으면 지금 진행 자체가 안 됩니다. 고객님도 급하신 거 알아요. 그래서 제가 친절하게 빨리 도와드리는 거고요.",1,대출 사기형,augmented_llm
aug_대출 사기형_0230,"잠시만요, 고객님. KB저축은행 상담부에서 연락드렸는데요. 지금 고객님 대환대출 사전승인 건이 잡혀 있습니다. 일단 축하드린다고 말씀은 드리는데, 아, 아직 확정은 아니고요. 현재 최대 1천8백만 원까지 가능하고 금리는 4.5%, 그러니까 4.2% 구간까지 내려갈 수 있다고 보시면 됩니다. 근데 전산이 한 번 더 돌았더니 신용점수 미달로 부결 가능성이 떠요. 고객님 지금 최근 30일 안에 다른 곳에서 조회 많이 하셨죠? 네, 맞아요. 그래서 점수가 흔들렸어요. 이런 경우는 정석 접수로는 안 되고, 지금 말씀드리는 우회 방식으로만 됩니다. 기존 채무를 잠깐 정리한 뒤 저희 쪽으로 재진입하는 건데, 그 과정에서 보증료 29만 원을 먼저 입금하셔야 해요. 이건 대출 실행되면 전액 반영 처리됩니다. 고객님, 시간이 별로 없어요. 오늘 오후 3시 반까지만 이 코드 살아 있고, 그 뒤엔 자동 취소라서요. 지금 안 하시면 다음 접수는 한 달 뒤예요. 아, 그리고 고객님이 지금 쓰시는 은행이 농협이라고 했죠? 그러면 농협 계좌로만 진행 가능합니다. 네네, 맞아요. 그러니까 제가 말씀드리는 건, 지금 바로 선납금 넣고 심사 재오픈 받아야 한도가 유지된다는 겁니다. 끊기기 전에 계좌 불러드릴게요.",1,대출 사기형,augmented_llm
aug_대출 사기형_0231,"여보세요, 고객님 맞으시죠? 네, 여기 국민은행 대환대출 심사팀인데요. 아까 오전에 조회 넣으셨던 건 지금 결과가 나와서 바로 연락드렸습니다. 고객님 현재 최대 4천만 원까지 저금리로 가능하시고, 금리는 3.9%, 아 아니고 3.5%로 안내드리는 건데요, 다만 신용점수 때문에 지금 한 번 부결이 떴어요. 아, 잠깐만요, 부결이요? 네네, 맞습니다. 고객님 지금 기대출이 조금 많으시고 현금서비스 사용 흔적이 있어서 전산상 바로 승인이 안 났습니다. 그래서 제가 말씀드리는 게, 이걸 그냥 일반 대출로 다시 넣으면 또 부결만 반복되시거든요. 그러니까 지금은 편법 대환 방식으로 가셔야 돼요. 기존 대출을 먼저 정리한 것처럼 전산을 맞춰야 신규 한도가 열립니다. 고객님, 지금 당장 5분 안에만 처리하시면 오늘 안으로 마감 전 승인 가능하세요. 아, 그런데요? 네, 네. 그 부분은 걱정 안 하셔도 되고요. 우선 선납 보증금이 조금 필요합니다. 68만 원인데요, 이건 수수료 성격이라서 상환 확인 들어가면 바로 같이 정산돼요. 고객님이 먼저 68만 원 입금해 주시면 제가 바로 심사 올려서 4천만 원 한도 열어드릴 수 있습니다. 안 그러면 오늘 6시 이후에는 전산 마감돼서 내일로 넘어가요. 내일 되면 다시 신용점수 재조회라서 더 불리해지시고요. 아 그럼 이건 돌려받는 건가요? 네, 네, 그럼요. 상환 완료 처리되면 같이 반영됩니다. 지금 계좌 문자로 보내드릴게요. 문자 받으시면 바로 처리해 주세요.",1,대출 사기형,augmented_llm
aug_대출 사기형_0232,"잠시만요, 고객님. 여기 웰컴저축은행 대출상담실인데요, 지금 방금 신청하신 건 조회가 됐습니다. 고객님 조건이면 2천8백만 원까지는 가능하시고, 금리는 4.1%에서 3.8%로 낮춰드릴 수 있어요. 그런데 아, 그런데 고객님. 현재 전산상 부결이 한 번 났습니다. 이유가 신용점수 620점대라서 그렇고요, 기존 대출 잔액이 남아 있어서 바로는 안 됩니다. 어, 620점이요? 네네. 그래서 제가 말씀드리는 건, 지금 기존 저축은행 쪽 잔액을 먼저 한 번 정리하는 방식이에요. 정리했다고 기록만 남기면 바로 저금리 대환으로 이어집니다. 지금 고객님처럼 급한 분들 많아서 오늘 안에 처리 안 되면 순번 밀려요, 밀려. 그럼 조건이 바뀌거든요. 아, 근데 제가 지금 돈이 없는데요. 네, 네. 그게 아니라, 그러니까 제가 안내드리는 건 선납 방식입니다. 54만 원만 먼저 입금해 주시면 내부 보증 절차가 열리고, 그 뒤에 2천8백만 원 승인 올려드릴 수 있어요. 이건 고객님 부담으로 끝나는 게 아니라 대환 실행 시 함께 합산 처리되는 거라 손해 보시는 건 없고요. 잠깐만요, 그럼 바로 되는 거예요? 네. 지금 15분 안에만 넣으셔야 오늘 접수 유지됩니다. 15분 지나면 전산이 자동으로 닫혀서 다시 처음부터 보셔야 해요. 제가 문자로 계좌랑 입금자명 보내드릴 테니까 바로 확인해 주세요.",1,대출 사기형,augmented_llm
aug_대출 사기형_0233,"네, 고객님. 하나은행 금융지원센터입니다. 어제 남겨주신 상담 요청 건 때문에 연락드렸어요. 현재 고객님은 한도 조회 시 3천5백만 원까지 가능하게 보이는데, 신용점수 하락 구간이라서 바로 승인은 안 나왔습니다. 아, 그럼 안 되는 건가요? 아니요, 완전히 안 되는 건 아니고요. 지금은 대환 우회 심사로 돌리면 됩니다. 고객님 기존 카드론이랑 2금융권 대출이 잡혀 있어서 그걸 그대로 두면 부결이 계속 떠요. 그래서 먼저 선입금 72만 원 넣어서 상환 능력 확인을 해야 해요. 네? 선입금이요? 네. 이게 보증금처럼 들어가는 거라서, 고객님 대출 실행되면 자동으로 반영돼요. 지금 제가 빠르게 처리해 드리는 이유가 오늘 오후 4시까지만 특별 승인 창이 열리기 때문입니다. 그 이후엔 심사 부서가 닫혀서 내일 다시 보셔야 하고, 그러면 금리도 4.0%가 아니라 5%대로 올라갈 수 있어요. 아, 잠깐만요. 네네, 제가 말씀드리는 거 끝까지 들으시면 됩니다. 고객님은 지금 편법 대환으로 기존 채무를 정리한 뒤 신규 한도 받으시는 거라, 일반 추가대출보다 훨씬 유리하세요. 그런데 오늘 안에 확인 입금이 안 되면 부결 이력만 남아서 다음 신청도 어려워집니다. 자, 제가 지금 계좌번호 보내드릴게요. 바로 입금 가능하시면 말씀 주세요.",1,대출 사기형,augmented_llm
aug_대출 사기형_0234,"고객님, 안녕하세요. 농협 저금리대환 상담 담당 김대리입니다. 지금 통화 가능하시면 바로 안내드릴게요. 고객님 명의로 최대 5천만 원까지 한도 확인됐는데, 아쉽게도 방금 전산에서 부결 처리됐습니다. 이유는 신용점수 변동 폭이 커서 그래요. 음, 그러면 안 되는 건가요? 아뇨, 아뇨. 지금 여기서 끝내면 안 되고, 제가 편법으로라도 연결해 드릴 수 있습니다. 기존 대출을 한 번 상환한 것처럼 만드는 대환 방식인데요, 이걸 해야만 점수가 살아납니다. 고객님 같은 경우는 현금서비스 잔액이 남아 있어서 일반 심사로는 계속 막혀요. 그래서 제가 안내드리는 건, 우선 보증료 63만 원을 먼저 넣으시는 거예요. 네, 보증료요? 네네. 이 보증료가 들어가야 저희 쪽에서 상환 처리 확인하고 신규 한도 5천만 원을 바로 올릴 수 있습니다. 오늘 저녁 7시 전에만 하셔야 돼요. 마감 지나면 오늘 승인 건은 취소되고, 내일 재조회하면 점수 더 떨어질 수 있어요. 아, 그러면 지금 바로 해야겠네요? 맞습니다. 제가 계좌 문자 보내드리고요, 입금 확인되면 바로 심사 올리겠습니다. 잠깐만 미루시면 순번 자체가 날아가요.",1,대출 사기형,augmented_llm
aug_대출 사기형_0235,"네, 여보세요. 삼성카드 연계 대출안내팀입니다. 고객님께서 이번에 신청하신 대환 상품 확인되셨는데요, 현재 1천9백만 원까지 가능하고 금리는 3.7%로 잡혀 있습니다. 그런데 고객님, 죄송하지만 지금 신용점수 문제로 부결 나셨습니다. 네? 부결이요? 네, 네. 카드 사용률이 높고 기존 대출 상환 이력이 짧아서 그렇습니다. 그래서 제가 지금 바로 말씀드리는 건, 이걸 그냥 접수 종료하면 고객님은 당분간 추가 심사도 어려우세요. 그러니까 지금은 우회로 가셔야 됩니다. 편법이라고 생각하실 수 있는데, 내부에선 대환 확인금 먼저 넣고 상환 예정 처리한 뒤 승인 올리는 방식이 있어요. 그 선납금이 49만 원입니다. 아, 선납금이 꼭 있어야 해요? 네. 안 그러면 시스템상 거절로 남습니다. 오늘 5시 반 전에만 처리되면 제가 특별 창으로 올려드릴 수 있고, 그 이후엔 마감이라 내일로 넘어가요. 내일 넘어가면 고객님 점수 다시 조회해서 더 불리해질 수 있어요. 잠깐만요, 그럼 제가 뭐부터 하면 돼요? 네, 제가 문자로 입금 계좌랑 안내사항 바로 보내드릴게요. 확인되시면 즉시 입금해 주세요. 이건 시간 싸움입니다.",1,대출 사기형,augmented_llm
aug_대출 사기형_0236,"여보세요, 고객님 맞으시죠? 네, 저 하나은행 대환상담팀 김도윤인데요. 아까 고객님이 조회하신 저금리 대환상품이 지금 막 한도 심사 올라가서요, 바로 안내드리려고 전화드렸습니다. 음, 현재 고객님은 최대 6천만 원까지 가능성은 있는데요, 금리가 4.1%로 잡혔다가 아, 잠깐만요, 3.8%로 조정될 수 있습니다. 다만 지금 전산상으로는 부결 한 번 떠 있으세요. 신용점수도 684점으로 확인돼서, 이 상태로는 그냥 넣으면 또 막히거든요. 그래서 제가 말씀드리는 건, 기존 대출을 일단 소액으로 정리하시고, 그 기록을 잡아야 하는데요. 그러니까 편법이라고 하실 수 있는데, 저희 쪽에서 승인용으로 120만 원만 먼저 입금하시면 그걸 보증금 형태로 잡아서 한도 재산정 들어갑니다. 네? 아 그 부분은 걱정 안 하셔도 되고요, 이건 고객님 자금이 묶이는 게 아니라 심사 통과용으로만 쓰는 거예요. 지금 시간이 많이 없어서요, 오늘 4시 반 전까지 처리 안 되면 이번 주 배정은 끝납니다. 고객님 기존에 농협 쪽 대출 있으시죠? 있으시면 그거랑 합쳐서 6천만 원으로 갈아타는 방식으로 진행할 수 있어요. 아, 네, 네. 그런데 지금 바로 안 하시면 부결 기록만 더 쌓이세요. 제가 제가 드리는 말씀이 괜히 과장된 게 아니라, 지금 신청 창이 잠깐 열려 있다가 닫혀요. 입금 확인되면 바로 한도 재안내 드리겠습니다. 계좌번호 불러드릴게요. 메모 가능하시죠?",1,대출 사기형,augmented_llm
aug_대출 사기형_0237,"네, 고객님 안녕하세요. 웰컴저축은행 특판안내부입니다. 문자 받으셨죠? 아, 네 맞습니다. 그거 고객님 대상으로만 나간 건데요, 현재 최대 4천5백만 원까지 대환 가능하신 걸로 잡혀 있습니다. 그런데 확인해 보니까 신용점수가 701점인데 최근 현금서비스 이력 때문에 자동 부결이 떠요. 그러면 고객님께서 지금 급한 자금이 필요하셔도 바로는 안 나가고, 우회 심사로만 가능하세요. 저희가 보통 이런 경우는 기존 대출을 먼저 정리하고, 정리 내역을 올려서 다시 승인 보는 방식으로 도와드리거든요. 금리는 5.2%가 기본인데 아, 제가 잘못 말씀드렸네요, 4.9%까지 내려갈 수 있어요. 대신 오늘 안에 선납금 98만 원이 들어가야 심사가 살아납니다. 네? 왜 돈을 먼저 넣냐고요? 음, 이게 고객님 부결 풀기 위한 보증 성격이라서 그래요. 그리고 지금 오후 3시 이후로는 전산 마감이라서요, 오늘 늦으면 내일로 밀리는데 내일은 또 조건이 달라져요. 고객님 현재 우리은행이랑 카카오뱅크 쪽 잔액대출 있으시죠? 그러시면 그걸 하나로 묶어서 월 18만 원 정도로 낮추는 구조가 가능합니다. 아, 잠깐만요, 고객님 지금 망설이시면 안 되고요. 지금 입금만 해주시면 저희 심사팀에서 바로 재조회 들어갑니다. 이거 안 하시면 부결 기록 남아서 다음 달에도 더 어려워지세요. 메모하시고 계세요? 계좌 안내드리겠습니다.",1,대출 사기형,augmented_llm
aug_대출 사기형_0238,"고객님, 삼성카드 연계대출 상담센터입니다. 잠깐 전화 괜찮으세요? 네, 지금 고객님한테 한도 확인 결과가 나와서 바로 말씀드리려고요. 현재 최대 2천8백만 원까지 가능하신데요, 금리는 3.9%, 아 아니에요 3.6%로 안내해 드리는 게 맞습니다. 다만 전산에서 신용점수 하락 사유가 찍혀서 일단은 부결로 보이세요. 최근 카드론 사용이랑 소액 연체 흔적 때문에 자동으로 막힌 거고요. 그래서 제가 고객님한테 말씀드리는 건, 기존 채무를 먼저 상환 처리한 다음에 그 상환 증빙으로 다시 올리는 편법 대환이에요. 쉽게 말하면 오늘 150만 원 정도 선납하셔서 정상 상환력 보여주시면, 저희가 한도 다시 살려드리는 거죠. 네, 그게 아니고요, 고객님이 손해 보는 건 아니고 심사상 필요한 절차입니다. 지금 이건 오늘 5시 전에만 들어가야 하고, 그 이후엔 이번 주 물량이 다 끝나요. 아, 그리고 고객님께서 하나은행 쪽에서 추가로 1천만 원 쓰고 계신 걸로 떠서, 그거랑 합치면 월 부담이 오히려 줄어듭니다. 지금 지금 바로 처리하셔야 안 늦어요. 한 번 부결 뜬 건 다시 되살리기 어렵거든요. 제가 고객님한테 맞춰서 전산 넣어드릴게요, 메모 가능하시면 계좌번호 불러드리겠습니다. 잠깐만요, 중간에 끊지 마시고요.",1,대출 사기형,augmented_llm
aug_대출 사기형_0239,"네, 국민은행 대출심사부입니다. 고객님 성함 확인됐고요. 아까 신청하신 저금리 대환건 관련해서 연락드렸습니다. 현재 한도는 5천2백만 원까지 보이시는데, 문제는 신용점수가 663점으로 내려가 있어서요, 그대로는 부결입니다. 이건 그냥 숫자만 부족한 게 아니라 전산이 고객님을 고위험으로 본 거라서, 보증금 성격의 선납이 필요해요. 오늘 안에 85만 원만 먼저 넣으시면 저희가 내부 승인용으로 올려서, 기존 농협 대출 2건 합쳐서 하나로 묶는 방식으로 진행 가능합니다. 음, 고객님이 지금 좀 놀라신 것 같은데요, 아 그건 걱정 안 하셔도 되고요. 이 금액은 심사 통과 후 바로 정산되는 구조라서 실제 부담을 줄이기 위한 거예요. 그리고 지금 마감이 30분도 안 남았습니다. 저희 쪽 상품은 오늘 6시 이전 접수분만 처리되고, 내일 넘어가면 금리 조건이 0.7% 정도 올라가요. 그러니까 4.2%로 가능한 걸 4.9%로 받게 되실 수 있어요. 고객님 기존에 케이뱅크 쪽 카드대금도 있으시죠? 그거까지 합쳐서 재구성하면 월 납입이 줄어듭니다. 네? 왜 자꾸 먼저 입금하냐고요? 네네, 맞아요. 그 부분이 핵심입니다. 안 그러면 부결만 남아서 다음 상담도 못 들어가세요. 제가 지금 바로 전산 열어둘 테니까 계좌 메모해 주세요.",1,대출 사기형,augmented_llm
aug_대출 사기형_0240,"고객님, SBI저축은행입니다. 지금 전화 받으실 수 있죠? 아, 네. 지금 고객님 대환 가능 여부가 나와서 바로 안내드리려고 연락드렸어요. 현재 한도는 최대 3천5백만 원인데요, 금리는 4.7%로 잡혀 있습니다. 그런데 신용점수가 719점이셔도 최근 단기 연체가 확인돼서 부결 처리될 수밖에 없어요. 그래서 일반 신청 말고, 선납 보증금 넣고 예외 심사로 올리는 방식이 가능합니다. 이건 편법이라기보다 내부 승인 루트라고 보시면 되고요. 오늘 2시 50분까지 110만 원만 먼저 입금해 주시면 기존 대출 2건을 저금리로 갈아타게 해드릴 수 있습니다. 아, 잠깐만요, 고객님이 지금 돈을 내는 게 이상하다고 느끼실 수 있는데요, 그건 심사 보완용이어서 곧바로 반영됩니다. 지금 시간이 진짜 없어요. 오늘 마감 지나면 부결 자동 확정이라서 내일 다시 신청하셔도 한도 1천만 원 정도로 떨어질 수 있습니다. 그러면 지금 받으실 수 있는 3천5백만 원도 사라져요. 고객님 기존에 기업은행 쪽으로 상환 중인 거 있으면 그거 합산해서 월 이자만 내는 방식으로 바꿔드릴 수 있고요. 네네, 맞아요. 그래서 제가 말씀드리는 게, 지금 먼저 넣으셔야 저희가 승인 올립니다. 입금 가능하시면 계좌 바로 불러드릴게요.",1,대출 사기형,augmented_llm
aug_대출 사기형_0241,"여보세요, 고객님 맞으시죠? 아, 네네. 저는 국민은행 대환상담팀인데요, 잠깐만요, 지금 고객님 명의로 저금리 대환 가능 안내가 하나 잡혀서 바로 연락드렸어요. 아, 지금 기존 대출이 두 건 있으시고 카드론도 사용 중이시라고 전산에 떠요. 맞으세요? 네? 아 그러시면 일단 확인부터 드릴게요. 현재 고객님 신용점수가 641점으로 잡히시는데, 저희 쪽 기준으로는 700점 미만이라 1차 심사가 부결로 내려왔습니다. 그런데요, 그게 끝이 아니고요. 지금 내부적으로 편법 대환, 그러니까 기존 고금리 대출을 저희 쪽 저금리 상품으로 돌리는 방식이 하나 남아 있어요. 금리는 3.9%, 아 잠깐만요, 3.5%까지도 가능하고 한도는 최대 4천만 원까지 보셔도 됩니다. 다만 오늘 오후 5시 전까지만 서류가 살아 있어서, 지금 바로 진행 안 하시면 자동 취소돼요. 고객님 현재 월 상환이 너무 높으시잖아요. 그래서 제가 말씀드리는 건 일단 기존 건을 일시정리하고 저희 쪽에서 새로 한도를 잡는 거예요. 네? 아니 그럼 돈이 없는데요? 아 그 부분은 걱정 안 하셔도 되고요, 선납금 180만 원만 먼저 입금하시면 전산상 보증금 처리돼서 심사 재가동됩니다. 이건 나중에 대출금 실행되면 바로 같이 정산되는 금액이에요. 지금 지금 바로 하셔야 해요. 오늘 안에 마감이라서요. 제가 제가 드리는 말씀이 좀 복잡해도, 일단 180만 원만 맞춰 주시면 제가 승인 쪽으로 올려드릴게요. 네? 아 그러시면 지금 계좌번호 불러드릴게요. 농협 계좌로 넣으시면 되고, 입금 확인되면 바로 한도 재조회 들어갑니다. 고객님, 늦으면 오늘 건은 진짜 날아가요.",1,대출 사기형,augmented_llm
aug_대출 사기형_0242,"아, 고객님 성함 확인되셔서 연락드렸습니다. 웰컴저축은행 한도심사부입니다. 네, 지금 통화 가능하세요? 음, 길게는 못 드리고 핵심만 말씀드릴게요. 고객님 최근에 대출 조회가 여러 번 있어서 신용점수 변동이 있었고, 그 때문에 저희 쪽에서 1차는 부결로 떴어요. 그런데 부결이 무조건 안 된다는 뜻은 아니고요, 편법 대환 방식으로 진행하면 2금융권 한도는 다시 열 수 있습니다. 현재 안내 가능한 금리는 4.2%, 아 아니요 4.1%이고요, 최대 3천5백만 원까지 가능하세요. 다만 고객님이 지금 사용 중인 카드론이 있어서, 그걸 그냥 두고는 안 되고 먼저 정리되는 모습이 보여야 해요. 그래서 저희가 보증금 성격으로 97만 원 선납을 요청드리는 겁니다. 고객님께서 그 금액 입금하시면 심사팀에서 바로 부채정리 확인하고, 오전 접수 건으로 당일 재심사 들어가요. 지금 시간이 좀 급해요. 왜냐하면 오늘 4시 반 마감인데, 그 이후엔 시스템이 닫혀서 내일로 넘어가거든요. 아 그러면 제가 돈을 먼저 내야 돼요? 네네, 맞아요. 잠깐만요, 이상한 수수료가 아니라 전산 예치금처럼 잡히는 거라서, 대출 실행되면 같이 빠지는 겁니다. 고객님 신용점수는 612점으로 낮게 잡혀 있어서 그냥은 부결인데, 이 선납금만 있으면 내부 예외 심사 올릴 수 있어요. 지금 바로 하실 수 있으세요? 네? 아 그럼 제가 계좌 불러드릴게요. 하나은행으로 보내시면 되고, 입금자명은 고객님 성함 그대로 하시면 됩니다. 늦으면 오늘 건은 취소됩니다.",1,대출 사기형,augmented_llm
aug_대출 사기형_0243,"어, 잠깐만요. 고객님께 문자 받으셨죠? 삼성카드 연계 대환안내 담당인데요, 지금 상담 가능하신가요? 네, 네. 일단 말씀드리면 고객님께서 지난주에 신청하신 대환건이 전산상 부결 처리됐어요. 이유는 신용점수하고 기존 채무 비율 때문입니다. 그런데요, 지금 바로 편법 대환으로 돌리면 가능성은 있어요. 보통 이런 경우는 카드값이랑 고금리 대출을 같이 묶어서 저금리로 바꾸는데, 고객님은 한도가 2천만 원까지 열릴 수 있고 금리는 3.7%로 잡힙니다. 아, 근데요, 지금 신규 실행 전에 선납 보증금 150만 원이 필요해요. 이건 고객님이 돈을 더 내는 게 아니라, 부결 이력 있는 분들 전산 복원용으로 잡히는 거예요. 네? 아 그럼 왜 미리 내요? 그러니까요, 제가 말씀드리는 게 그거예요. 지금 고객님이 점수 580점대라서 그냥은 안 내려가고, 선납 후 재심사로만 열려요. 그리고 오늘 안 하면 안 됩니다. 오늘 6시 이전에만 접수 가능하고, 내일은 한도 자체가 닫혀요. 고객님 지금 급한 상황 맞으시죠? 맞으시면 제가 바로 계좌 안내드릴게요. 농협 쪽으로 150만 원 먼저 넣으시고, 입금 확인되면 제가 심사팀에 바로 올립니다. 아, 그리고 이건 편법이긴 한데 합법 절차 안에서 해드리는 거라서 걱정 안 하셔도 돼요. 고객님이 끊기 전에 바로 처리해야 오늘 한도 잡혀요. 제가 제가 지금 빨리 말하는 이유가 그겁니다. 늦으면 내일은 다시 조회부터 해야 해서 아예 초기화돼요.",1,대출 사기형,augmented_llm
aug_대출 사기형_0244,"네, 고객님. 하나은행 금융상담실입니다. 지금 통화 괜찮으시면 바로 안내드릴게요. 음, 고객님 대출 심사 결과가 조금 급하게 나왔는데요, 현재 1차 부결입니다. 사유는 신용점수 623점, 그리고 단기 연체 이력은 없는데 최근 현금서비스 사용 때문에 내부등급이 낮아졌어요. 그런데 지금은 저금리 대환으로 돌릴 수 있는 예외 루트가 하나 있습니다. 아, 이게 뭐냐면 기존 고금리 건을 저희 쪽 신규로 받아서 일단 상환능력부터 만들어 놓는 방식이에요. 금리는 3.95%, 아 죄송해요 3.85%까지 확인되시고, 한도는 최대 5천만 원인데 고객님은 우선 2천8백만 원 정도로 보시면 됩니다. 다만 전산상 보증금 120만 원이 먼저 들어와야 심사 승인 버튼이 살아납니다. 네? 그럼 그걸 먼저 내라고요? 네, 맞습니다. 이건 상담수수료가 아니라 선납 예치금이고요, 대환 실행되면 바로 합산돼서 처리돼요. 지금 고객님이 망설이시면 오늘 건은 닫혀요. 오후 3시 20분까지, 그러니까 한 시간도 안 남았거든요. 고객님이 지금 기존 대출을 그대로 두면 부결 유지인데, 이 120만 원 넣고 편법 대환 승인 받으면 월 납부액이 확 줄어요. 제가 아까 말씀드렸죠, 2천8백만 원 기준으로 월 이자가 9만 원대까지 내려갑니다. 아, 잠깐만요, 8만 원대도 가능해요. 지금 바로 진행하실 거면 계좌 불러드릴게요. 고객님은 우리은행으로 보내시면 되고, 입금 확인되면 제가 바로 접수팀에 연결해 드립니다. 오늘 마감이라서요, 이건 진짜 늦으시면 안 됩니다.",1,대출 사기형,augmented_llm
aug_대출 사기형_0245,"고객님, 저 SBI저축은행 대환지원센터인데요, 지금 통화 잠깐 가능하실까요? 아, 네. 성함이 확인돼서 연락드렸어요. 현재 고객님 기존 대출이 세 건 잡혀 있고, 신용점수가 597점으로 확인돼서 1차적으로는 부결입니다. 그런데요, 저희 쪽 내부 기준으로는 편법 대환 한 번 더 보실 수 있어요. 지금 기존 채무를 한 번 정리한 것처럼 보이게 만들면 신규 한도 3천만 원, 금리 4.0%로 가능하고요, 심사 통과되면 바로 집행됩니다. 근데 문제가 하나 있어요. 고객님이 지금 그대로는 안 되고, 선납금 210만 원이 먼저 필요해요. 네? 아 왜요? 아, 그러니까요, 이게 보증 성격입니다. 고객님이 돈을 먼저 넣어두시면 부결 회수 처리돼서 대환 승인으로 넘어가는 방식이에요. 오늘 오후 5시까지 접수된 건만 살릴 수 있어서 지금 아니면 안 됩니다. 시간이 너무 촉박해요. 고객님 상황이 급한 거 저도 알아요. 그래서 제가 빠르게 말씀드리는 겁니다. 입금 확인되면 바로 상환확인서 올리고, 기존 고금리 건 정리 후 저금리로 바꿔드릴 수 있어요. 아, 그리고 이건 월 상환금 줄이려고 하는 거라서 고객님한테 손해는 없어요. 네? 잠깐만요, 제가 계좌 안내드릴게요. 카카오뱅크로 보내시면 되고요, 입금자명은 성함 그대로 하시면 됩니다. 늦으면 오늘 접수 자체가 닫혀서 내일 다시 처음부터 해야 해요. հիմա 아니, 지금 바로 하셔야 됩니다.",1,대출 사기형,augmented_llm
aug_대출 사기형_0246,"여보세요, 고객님 맞으시죠? 네, 저 한성은행 대환대출 상담팀인데요. 지금 잠깐 통화 가능하세요? 아, 길게 안 끌고 말씀드릴게요. 고객님 기존에 이용 중이신 대출이 있으셔서 저금리 전환 가능 여부가 방금 전산으로 조회가 들어왔거든요. 현재 고객님 조건이면 3.8%로, 아 아니고 3.5%까지도 안내 가능하세요. 한도는 최대 2천8백만 원까지 잡히는데요, 다만 지금 신용점수 쪽이 612점으로 확인되셔서 바로 승인은 좀 어렵고 부결 가능성이 높습니다. 네네, 그래서 제가 말씀드리는 게 편법이라기보다, 기존 고금리 대출을 잠깐 정리하신 뒤에 다시 접수하는 방식이에요. 지금 대출 있으세요? 있으시면 일부만 상환하시는 게 아니라 아예 일시 정리로 전산을 한번 비워야 돼요. 고객님, 지금 이거 오늘 안에 하셔야 합니다. 오늘 5시 이후로는 심사 마감돼서 내일로 넘어가는데, 내일은 금리 조건이 올라가요. 그러니까 지금 처리하셔야 해요. 아, 잠깐만요. 제가 제가 너무 빨리 말씀드렸나. 쉽게 설명드리면, 저희 쪽에서 신규로 2천8백만 원 승인 내드리고 고객님이 그 돈으로 기존 1금융권, 2금융권 대출을 갚으신 다음에 재심사 들어가는 구조예요. 그러면 신용점수도 올라가고 대환도 가능해집니다. 네? 아 그러세요? 그러면 일단 저는 90만 원만 먼저 납부하시면 돼요. 보증금 성격인데 이게 심사 확인용입니다. 고객님 이름으로 된 계좌에서만 들어와야 하고, 지금 20분 안에 입금 확인이 안 되면 한도 배정이 취소돼요. 아니요 아니요, 이건 수수료가 아니라 전산 등록비예요. 나중에 승인되면 같이 정산됩니다. 어차피 고객님한테 손해는 없어요. 지금 바로 진행하실게요. 계좌번호 불러드릴 테니까 메모해 주세요. 아, 지금 메모 안 되세요? 잠깐만요, 제가 한 번 더 천천히 말씀드릴게요. 90만 원이고요, 20분 마감입니다.",1,대출 사기형,augmented_llm
aug_대출 사기형_0247,"네, 안녕하세요. 하나은행 대출심사센터입니다. 고객님 휴대폰 번호로 접수된 저금리 전환 상품 관련해서 확인차 연락드렸어요. 지금 통화 괜찮으실까요? 음, 다름이 아니라 고객님이 신청하신 건이 전산상 부결로 떴습니다. 부결 사유가 신용점수 587점, 그리고 최근 현금서비스 사용 이력이 잡혀서예요. 그런데 완전히 안 되는 건 아니고, 저희가 우회적으로 처리하면 가능합니다. 지금 고객님 채무를 한 번 정리한 것처럼 보이게 만든 다음에 재접수하는 방식인데요, 이게 흔히 말하는 편법 대환대출이에요. 아, 놀라지 마세요. 이건 불법 아니고요, 전산상 보완 절차입니다. 현재 한도는 3천만 원, 금리는 4.1%, 아 죄송합니다 3.9%로 잡혀 있고요. 다만 고객님 쪽 부결이 계속 누적되면 오늘 이후에는 자동으로 한도가 닫혀버려요. 네네, 맞아요. 그래서 지금 바로 처리하셔야 됩니다. 우선 기존 대출을 상환한 내역이 필요해서요. 고객님께서 120만 원 선납금 형식으로 먼저 넣어주시면, 그걸로 심사 보증 처리하고 바로 승인 라인 올릴 수 있어요. 이 금액은 고객님 대출 실행되면 같이 포함해서 정리됩니다. 지금 안 넣으시면 오후 4시 마감이라 내일은 다시 처음부터 보셔야 해요. 아 그 부분은 걱정 안 하셔도 되고요, 제가 다 잡아드릴게요. 혹시 농협 쪽 계좌 사용하세요? 아니면 국민은행 계좌라도 되는데, 지금 바로 입금 가능한 계좌로 확인해야 합니다. 고객님, 지금 시간이 많지 않습니다. 아, 잠깐만요, 제가 전산 다시 보니까 한도는 3천만 원까지 맞는데 고객님 점수 때문에 실제 승인 가능액이 줄어들 수 있거든요. 그러니까 선납금 먼저 부탁드립니다.",1,대출 사기형,augmented_llm
aug_대출 사기형_0248,"고객님, 여기 케이저축은행인데요. 아까 문자 받으셨죠? 저금리 대환대출 사전 안내 문자요. 네, 맞으시면 제가 바로 설명드릴게요. 현재 고객님은 최대 1천9백만 원까지 가능하신데, 금리는 5.2%로 조회됐고요, 기존 대출 정리하시면 4.0%대로 내려갈 수 있습니다. 그런데 지금 전산 부결 사유가 하나 떠요. 신용점수 하락하고, 최근 카드론 조회가 많아서 심사 보류예요. 아, 이건 고객님 잘못이라기보다 요즘 시스템이 좀 빡빡해서 그래요. 그래서 제가 말씀드리는 방식은, 고객님이 지금 쓰고 계신 대출 중 일부를 먼저 상환 처리하시고, 그 상환 확인서 들어오면 저희가 바로 우회 심사 넣는 거예요. 쉽게 말해서 한 번 비웠다가 다시 채우는 방식이죠. 음, 고객님 이해 되셨죠? 지금 1천9백만 원 승인 라인이 오늘 오후 3시까지만 살아 있어요. 그 뒤에는 마감돼서 재조회가 안 됩니다. 그러니까 지금 지금 바로 진행하셔야 해요. 그리고 선납 수수료 77만 원이 필요합니다. 이건 보증금처럼 잡히는 금액이고, 승인 나면 즉시 환급 처리돼요. 아니요, 고객님이 이상하게 생각하실 수 있는데, 이건 저희 내부 규정상 필수예요. 제가 제가 드리는 말씀이 좀 복잡하면, 그냥 오늘 77만 원 넣으시고 기존 대출 일부 상환 내역만 찍히면 바로 한도 풀립니다. 네? 아 그러세요, 그러면 계좌번호 불러드릴게요. 잠깐만 메모 준비되셨나요? 네, 지금 보내드리는 계좌로 15분 안에만 입금 확인되면 됩니다.",1,대출 사기형,augmented_llm
aug_대출 사기형_0249,"아, 고객님 저 우리저축은행 쪽 상담실입니다. 지금 통화 연결되셨는데 혹시 목소리 괜찮으세요? 네, 고객님 대환상품 접수 건으로 전화드렸어요. 현재 고객님께는 최대 2천2백만 원 한도로 잡혀 있고요, 예상 금리는 4.5%입니다. 그런데 방금 심사 넣어보니까 신용점수 문제로 부결 처리됐습니다. 최근에 연체는 없으신데, 점수 자체가 601점이라 전산이 딱 막히네요. 네네, 맞아요. 그래서 제가 편하게 말씀드리면, 고객님 기존 대출을 바로 정리하고 새로 넣는 식으로 가면 됩니다. 아, 이게 말이 좀 이상한데, 편법 대환이라고 보시면 돼요. 다른 금융사 대출을 잠깐 상환하신 기록을 만들고 저희 쪽에서 다시 승인 받는 거예요. 지금 이 과정이 오늘 아니면 안 됩니다. 왜냐하면 오늘 저녁 6시에 대환 마감이 떠서 내일은 아예 접수가 닫혀요. 지금 고객님한테 가장 유리한 조건이 오늘뿐이에요. 그런데 승인 전에 확인용 선납금이 필요합니다. 55만 원인데요, 이건 심사보증금이고 승인되면 자동으로 대출금에서 차감 정산됩니다. 고객님, 제가 일부러 압박하는 게 아니라 실제로 지금 남은 시간이 30분도 안 돼요. 아, 잠깐만요, 고객님 말씀하시는 거 들리는데요, 네. 그래서 55만 원 먼저 넣어주시고, 제가 바로 대출 실행 쪽으로 넘기겠습니다. 계좌는 지금 문자로 보내드릴 거고요. 아니요, 기다리시면 한도 사라집니다. 지금 바로 하셔야 해요.",1,대출 사기형,augmented_llm
aug_대출 사기형_0250,"네, 고객님. 삼성카드 제휴대출 담당입니다. 잠깐만요, 지금 문자로 확인번호 받으셨을 텐데 맞으시죠? 아, 확인되셨네요. 현재 고객님은 카드 사용 실적이 좋아서 최대 1천5백만 원까지는 가능하신데, 금리는 6.2%로 잡혀 있습니다. 다만 저희가 보니까 최근 다른 금융권 조회가 많아서 신용점수 영향으로 부결이 떴어요. 이럴 때는 일반 접수로는 안 되고, 기존 대출을 먼저 갚은 것처럼 정리한 뒤 재심사 넣어야 해요. 그러면 4.7% 정도로 내려갈 수 있습니다. 네, 이건 편법이긴 한데요, 고객님 상황에서는 가장 빨라요. 지금 오후 안에 선납금 43만 원만 넣으시면 바로 보증 처리되고, 그 뒤에 한도 승인까지 이어집니다. 아, 네네 맞습니다. 43만 원이요. 이건 수수료 성격인데요, 승인되면 돌려드리는 구조라 손해 보시는 건 아닙니다. 그런데 지금 10분 안에 입금이 안 되면 오늘 건은 마감이에요. 마감되면 내일 다시 심사 받아야 하고, 그러면 신용점수 재조회 때문에 더 불리해집니다. 그래서 제가 지금 바로 말씀드리는 겁니다. 고객님, 조금만 서두르시면 됩니다. 네? 아 그러시면 계좌번호 불러드릴게요. 잠깐만요, 제가 천천히 다시 말씀드리겠습니다. 고객님 쪽에서 입금 확인되면 바로 승인팀 올릴게요.",1,대출 사기형,augmented_llm
aug_대출 사기형_0251,"네 고객님, 저 우리은행 상담센터인데요. 방금 조회가 하나 들어가서 연락드렸습니다. 혹시 지금 통화 가능하실까요? 아 네, 길게 안 드리고요. 고객님 기존 대출 있으시죠, 지금 총 2건 잡혀 있으시고 신용점수도 670점대로 확인되세요. 그래서 저금리 대환대출 안내드리려고 전화드렸는데요. 원래는 4.9%로 가능하셨는데 아, 지금 전산 부결이 한 번 나왔어요. 신용점수하고 현금서비스 이력 때문에요. 근데 이게 고객님이 안 되신다기보다, 그러니까 한 번만 편법으로 기존 건 정리하고 새로 넣으면 3.2%, 아 3.4%까지는 내려갈 수 있거든요. 지금 한도는 최대 5천만 원까지 잡혀 있고요. 다만 오늘 오후 4시 마감이라서요, 지금 안 하시면 이 조건은 소멸돼요. 아 그 부분은 제가 말씀드리는 게, 고객님이 현재 대환대출 먼저 신청하시고요, 기존 카드론이나 소액대출을 일시 상환하는 방식이에요. 그러면 내부적으로 상환능력만 재확인돼서 승인이 다시 떠요. 네? 왜 돈을 먼저 넣어야 하냐고요? 고객님, 이게 보증금 성격이라서요. 선납 처리 48만 원만 먼저 입금되시면 심사 즉시 다시 돌려서 한도 열어드릴 수 있어요. 안 그러면 부결 그대로 남으세요. 지금 지금 바로 하셔야 돼요. 저희가 오늘 안으로 처리 안 되면 재신청도 한 달 막혀서요. 아, 제가 제가 드리는 말씀이 거짓이 아니라, 고객님 케이스는 지금 급한 케이스예요. 잠깐만요, 메모 가능하시면 계좌번호 불러드릴게요. 입금 확인되면 바로 다음 단계 진행하겠습니다.",1,대출 사기형,augmented_llm
aug_대출 사기형_0252,"여보세요, 고객님? KB저축은행 대환팀인데요. 문자 받으신 거 확인하시고 연락 주신 거 맞으시죠? 아, 네네, 맞습니다. 일단 고객님 현재 한도 조회 결과는 3천만 원까지 가능하시고, 금리는 3.9%, 아 3.5%로 안내해 드리는 거고요. 그런데 전산상으로는 부결 사유가 하나 떠요. 최근 6개월 안에 연체는 없으신데 신용점수 변동폭이 커서요. 그래서 일반 접수로는 안 되고, 우회 심사로 들어가셔야 해요. 지금 다른 데서 쓰시는 카드론이나 마이너스통장 있으시면 그걸 먼저 정리하셔야 하는데, 그걸 그냥 직접 갚으면 기록이 안 맞고요. 저희 쪽으로 선납 확인금 35만 원을 먼저 넣어주셔야 전산이 살아나요. 네? 왜 선납하냐고요? 아, 이건 심사 수수료가 아니라 보증금 개념이라서, 고객님 승인 떨어지면 전액 차감 없이 정리돼요. 오늘 3시 반까지 안 들어오면 이 한도는 다른 고객님한테 넘어가서요, 제가 지금 말씀드리는 거예요. 마감 임박이라서요. 고객님 같은 케이스는 지금 처리해야 하고, 내일 넘어가면 또 신용점수 재조회 들어가서 더 불리해져요. 그러니까, 저희가 드리는 건 편법이라기보다 재심사용 우회 경로예요. 아, 이해가 좀 되셨을까요? 네, 그러시면 지금 계좌번호 바로 불러드릴게요. 입금되면 제가 바로 승인 올려놓겠습니다.",1,대출 사기형,augmented_llm
aug_대출 사기형_0253,"고객님, 삼성카드 제휴 대출 안내팀입니다. 잠깐 통화 괜찮으실까요? 아 네, 길게 안 합니다. 고객님 지금 햇살론 연계 상품으로 최대 2천5백만 원까지 가능하신데요, 이자율이 6.8%, 아니 6.2%까지 내려갈 수 있어요. 근데 전산에서 부결이 한 번 났습니다. 이유가 신용점수보다는 상환 이력 쪽이에요. 최근에 대출이 몇 건 잡혀 있어서요. 그래서 제가 말씀드리는 방법은, 기존 소액대출을 바로 정리한 뒤에 저희 쪽 대환으로 다시 넣는 방식입니다. 그냥 바로 상환하시면 안 되고요, 먼저 입금 확인용 보증금 52만 원이 들어와야 심사팀이 움직여요. 아 그게 아니라, 그러니까 고객님 자금이 없는 상태로는 상환능력 확인이 안 돼서요. 지금 이거 놓치면 오늘 접수분은 닫혀요. 지금 당장 안 하시면 내일 다시 보셔야 하고, 내일은 금리 조건이 달라져요. 네? 왜 먼저 돈을 보내야 하냐고요? 고객님, 이건 심사 전 선납이라서요. 승인되면 바로 같이 정산되고, 부결이면 환급 절차로 넘어가요. 제가 제가 거짓말하는 게 아니고요, 전산이 그렇게 돌아가요. 지금 10분 안에만 해주시면 한도 최대치로 잡아드릴 수 있습니다. 시간이 진짜 얼마 안 남았어요. 계좌 불러드릴게요, 받아 적으세요.",1,대출 사기형,augmented_llm
aug_대출 사기형_0254,"아 고객님, 하나은행 대환상담실인데요. 지금 방금 접수하신 분 맞으시죠? 네? 접수 안 하셨다고요? 아, 그럼 문자 보신 분이 아니신가. 어쨌든 고객님 조회가 들어가서요. 현재 가능 한도는 4천만 원, 금리는 4.1%로 잡히고 있습니다. 다만 신용점수 710점 이하 구간이어서 자동 부결이 한 번 뜨셨어요. 이건 이상한 게 아니라, 시스템상 그렇게 나오는 거고요. 그래서 제가 말씀드리는 건 대환 편법으로 가는 거예요. 지금 기존 대출을 바로 상환 처리한 다음, 저희 쪽에서 새로 승인 올리는 방식인데, 그 전에 인증 보증금 27만 원이 필요합니다. 네, 네, 그 금액만 먼저 들어오면 심사 우선권이 생겨요. 오늘 안에요. 왜냐하면 오늘 오후 5시 이후면 전산 마감이라서요, 그럼 다시 처음부터 보셔야 돼요. 아 잠깐만요, 고객님이 망설이시는 건 아는데 지금 이거 미루면 더 불리합니다. 제가 지금 현재 부결 사유도 풀어드릴 수 있고, 금리도 4.1%, 아 3.8%까지 낮춰 드릴 수 있어요. 그러니까 고객님은 그냥 보증금만 먼저 보내시면 됩니다. 제가 바로 다음 단계 연결해 드릴게요. 계좌 안내해 드릴 테니 메모 준비해 주세요.",1,대출 사기형,augmented_llm
aug_대출 사기형_0255,"네, 웰컴저축은행 상담사입니다. 고객님, 저번에 한도 조회하신 거 이어서 안내드리려고요. 현재 최대 1천8백만 원 가능하시고, 금리는 7.4%, 아 6.9%까지 확인되세요. 그런데 지금 신용점수 쪽에서 한 번 막혀서 부결 처리 뜨셨어요. 소득은 문제 없는데 기존 대출 잔액이 있어서요. 그래서 제가 드리는 방법은, 이거를 한 번 우회해서 대환으로 묶는 겁니다. 고객님이 기존 건을 먼저 상환해야 되는데, 그 전에 심사확정금 41만 원을 선납하셔야 전산이 살아납니다. 네, 아 그거는 괜찮으세요. 이건 고객님 자금 묶어두는 용도고요, 승인되면 바로 반영돼요. 오늘 오후 3시 전에 안 들어오면 이번 건은 종료되고, 다시 잡으셔도 금리가 올라가요. 그러니까 지금 지금 바로 하셔야 돼요. 제가 제가 설명이 좀 빠를 수 있는데, 고객님 케이스는 급해요. 한도 열려 있는 시간도 얼마 안 남았고, 부결 상태로 두면 다음 조회 때 더 안 좋아집니다. 네? 왜 이렇게 서두르냐고요? 오늘 마감 건이라서요. 저희가 오늘 안에 처리 못 하면 고객님 조건 자체가 사라져요. 계좌번호 불러드릴 테니까 잠깐만요, 펜 준비되시면 바로 이어서 말씀드릴게요.",1,대출 사기형,augmented_llm
aug_대출 사기형_0256,"여보세요, 고객님 맞으시죠? 저 우리은행 대출심사팀인데요, 지금 방금 문자 받으신 건 확인되셨죠? 네? 아 예, 맞습니다. 네네, 그럼 바로 안내드릴게요. 고객님은 현재 저금리 대환 한도 조회가 가능하셔서 최대 3천5백만 원까지, 금리는 3.9%, 아 3.4%로 잡혀 있고요. 그런데 기존 기대출이 좀 잡혀 있어서 전산상 부결이 한 번 났습니다. 신용점수도 지금 712점으로 나오시거든요. 그래서 제가 말씀드리는 건, 이거 그냥 정상 대환으로는 안 되고 편법으로 상환능력만 먼저 맞춰서 다시 올리는 방식이 있어요. 아 그 부분은 걱정 안 하셔도 되고요. 고객님이 지금 급하신 거 저도 알아요. 오늘 안에만 처리하셔야 이 한도 살아있고, 내일 넘어가면 아예 다른 분들로 넘어가서 다시 대기하셔야 돼요. 일단 농협 쪽이나 우리 쪽 계좌로 보증금 형태로 180만 원만 먼저 넣어주시면, 그걸로 대환 승인용으로 올려드릴 수 있습니다. 네? 왜 선입금이냐고요? 아 그게 아니라, 그러니까 전산상 고객님 신용점수 보완 확인용이라서 그래요. 지금 여기서 안 하시면 부결 그대로 유지돼서 3천5백이 날아가요. 고객님 현재 카드론 있으세요? 있으시면 그거랑 묶어서 바로 처리해드릴 수 있거든요. 제가 제가 드리는 말씀이, 오늘 4시 전까지만 가능하시고 지금 20분 안에 결정하셔야 돼요. 잠깐만요, 제가 다시 확인해볼게요. 고객님이 동의만 해주시면 바로 접수 넣고, 아니면 이 한도는 그냥 종료됩니다.",1,대출 사기형,augmented_llm
aug_대출 사기형_0257,"네, 안녕하세요, 케이뱅크 상담센터입니다. 고객님 휴대폰 번호로 대환대출 사전승인 떠서 연락드렸어요. 잠깐만요, 성함 한 번만 확인 가능하실까요? 아 네, 말씀하세요. 네, 확인됐고요. 지금 고객님은 기존 대출 2건을 하나로 묶는 대환 상품이 가능하신데, 한도는 최대 2천만 원, 금리는 4.2%로 안내드리는데 아, 4.0%까지 조정 가능하세요. 근데 문제는 현재 신용점수 658점으로 찍혀서 1차 부결이 나왔습니다. 이게 왜 그러냐면 최근 현금서비스 사용 이력이 보여서요. 그래서 제가 편법으로 안내드리는 건, 오늘 바로 190만 원만 선납금처럼 입금하시고 전산상 상환 이력 만들면 재심사로 바꿔드릴 수 있어요. 네네, 맞아요. 고객님이 납부하시는 게 아니라 대환 진행 보증 절차라고 보시면 됩니다. 지금 안 해드리면 오늘 마감이라서요, 오후 3시 넘으면 전산 닫혀요. 고객님 지금 대출 있으세요? 있으시면 제가 묶어서 한 번에 정리해드릴게요. 아니, 이거 이상한 거 아니고요, 저희가 아까부터 계속 확인 중인데 고객님 조건이 나쁘진 않아요. 다만 부결 뜬 상태라서 지금 조금만 보완하셔야 합니다. 계좌는 토스뱅크나 국민은행 쪽으로 보내주시면 바로 접수되고요. 잠깐만요, 제가 말씀 끝까지 드리면, 이 190만 원만 들어가면 한도 살아서 바로 실행 가능하세요. 늦으면 오늘 건 종료됩니다.",1,대출 사기형,augmented_llm
aug_대출 사기형_0258,"아, 고객님이시구나. 저는 SBI저축은행 여신관리팀인데요, 지금 대출심사 결과 나오셔서 급히 연락드렸습니다. 네? 네, 현재 고객님은 한도 2천8백만 원까지 가능성 있는데, 금리는 5.1%로 먼저 잡혔다가, 아 4.6%로 내려갈 수 있는 조건이 확인됐어요. 그런데 전산에서 부결 사유가 하나 떠요. 신용점수 694점, 그리고 최근 14일 내 조회가 많으셔서요. 그래서 그냥 바로 대출 나가는 게 아니라, 우선 선납 형태로 230만 원을 먼저 넣으셔야 해요. 이게 보증금 개념이라서 고객님이 손해 보는 건 아니고, 나중에 대환 실행되면 합산해서 반영됩니다. 네네, 맞아요. 제가 지금 좀 빨리 말씀드리는 이유가 오늘 자정 전에만 재접수 가능해서 그래요. 내일로 넘어가면 아예 부결 자동 확정돼서 다시 한 달 기다리셔야 됩니다. 고객님 지금 카드값이나 현금서비스 정리할 계획 있으셨죠? 그럼 더 잘 맞습니다. 제가 제가 말씀드리는 건, 이거 한 번만 보완하면 고객님은 저금리로 바뀔 수 있어요. 아 잠깐만요, 지금 다른 데서 대출 알아보시면 오히려 조회만 늘어서 더 불리하거든요. 그러니까 저희가 제안드리는 편법 대환으로 가셔야 해요. 지금 바로 농협 계좌로 230만 원 준비 가능하시면 접수 들어가고, 아니면 오늘은 그냥 끝납니다.",1,대출 사기형,augmented_llm
aug_대출 사기형_0259,"네, 삼성카드 제휴 대출안내팀입니다. 고객님 문자 못 보셨나요? 방금 한도 조회 결과가 떠서 연락드렸는데요. 아, 네. 확인하셨군요. 지금 고객님은 대환 전용 한도 1천8백만 원 가능하고요, 금리는 6.0%, 아 5.6%까지 가능하게 잡혀 있습니다. 다만 신용점수 문제 때문에 2차 부결이 났어요. 사유는 기존 대출 비율이 높고, 최근에 연체는 없지만 점수 회복이 덜 됐다는 겁니다. 그래서 지금은 편법으로라도 먼저 상환 능력 보여주셔야 해요. 제가 안내드리는 건 간단합니다. 오늘 안에 150만 원을 선납해 주시면, 그 금액을 기준으로 저희 쪽에서 재심사 올려서 대환 승인 처리해드리는 거예요. 네? 왜 돈부터 넣냐고요? 아, 그 부분은 시스템상 그래요. 고객님 조건이 아주 나쁜 건 아닌데 지금 마감 임박이라서요, 한 번 놓치면 다음 배정까지 일주일 걸립니다. 그러니까 지금 바로 처리하셔야 돼요, 지금 지금요. 고객님 혹시 하나은행 계좌 있으세요? 있으면 거기로 바로 넣으시면 되고, 없으면 국민은행도 가능합니다. 아, 그리고 이건 그냥 확인 차가 아니라 실제로 오늘 5시 전까지 접수해야 살아나는 건이라서요. 제가 제가 드리는 말씀은, 고객님이 조금만 협조해주시면 한도 나갑니다. 망설이시면 부결 그대로 고정돼요.",1,대출 사기형,augmented_llm
aug_대출 사기형_0260,"고객님, 거기 잠깐 통화 가능하실까요? 국민은행 대출상담실인데요, 제가 방금 승인 가능 건으로 확인돼서 바로 연락드렸습니다. 네네, 맞습니다. 지금 고객님은 최대 4천만 원까지 대환 한도 뜨셨고, 금리는 3.8%로 나왔는데 아, 정확히는 3.6%로 보시면 됩니다. 그런데 문제는 내부 신용점수 반영이 안 좋아서 1차로 부결 표시가 났어요. 점수는 701점이고요, 기대출 과다로 분류돼 있습니다. 그래서 제가 고객님께 제안드리는 건, 우회 대환 방식입니다. 기존 대출을 바로 갚는 척 전산을 먼저 만들고, 그다음 저희가 새 한도를 넣는 방식이에요. 그러려면 오늘 안에 선납금 210만 원이 필요합니다. 이게 보증처리라서요, 나중에 반환형태로 들어가고, 고객님이 받으실 한도에서 먼저 정리됩니다. 네? 그게 무슨 말이냐고요? 음, 그러니까 정상 절차는 아니고요, 고객님이 급하셔서 제가 편하게 안내드리는 거예요. 지금 이거 안 하면 오늘 6시 이후에는 아예 심사 마감돼서 내일 다시 시작하셔야 합니다. 고객님 지금 직장인 맞으시죠? 그러면 더 빨라요. 재직 확인만 되면 바로 접수 가능합니다. 잠깐만요, 제가 부결 뜬 화면 다시 보고 말씀드리는 건데, 지금은 신용점수만 보완되면 돼요. 계좌는 KB저축은행이나 신한은행 쪽으로 넣으시면 되고, 입금 확인되면 제가 바로 다음 단계 안내드릴게요.",1,대출 사기형,augmented_llm
aug_대출 사기형_0261,"여보세요, 고객님 맞으시죠? 네, 저 국민은행 대환상담팀인데요. 지금 잠깐 통화 가능하실까요? 아, 길게 안 드릴게요. 고객님 오늘 오전에 저금리 대환대출 조회가 들어오셨는데, 현재 신용점수 때문에 내부 심사에서 한 번 부결이 나셨거든요. 아예 안 되는 건 아닌데, 지금 조건을 조금만 조정하면 3.8%로, 아 3.4%까지도 안내가 가능하세요. 한도는 최대 4천만 원까지 보이시고요. 그런데 문제는 고객님 현재 연체는 없으신데 현금성 대출 비중이 높아서, 그러니까 전산상 상환 여력이 낮게 잡혀요. 그래서 제가 말씀드리는 건 편법이라기보다, 기존 대출을 잠깐 정리하시고 다시 저희 쪽 대환으로 묶는 방식이에요. 이거 하면 한도 올라가고 금리 내려가요. 네? 아, 잠깐만요. 고객님 지금 다른 은행이나 저축은행 쪽 대출 있으세요? 있으시면 제가 바로 맞춰드릴게요. 네, 그 부분이 있으면 더 좋습니다. 그런데 오늘 안에만 가능해요. 왜냐하면 이 상품이 오늘 5시 마감이거든요. 지금 20분 안에만 선납 보증금 38만 원 들어오면 심사 보류 건 해제해서 바로 진행해 드립니다. 이건 수수료가 아니라, 심사 보증 예치금 개념이에요. 고객님 안 넣으시면 오늘 부결 그대로 종결됩니다. 아까 조회가 들어온 분들 중에 지금 몇 분은 이미 선착순으로 빠졌어요. 네, 네, 제가 급하게 말씀드리는 이유가 그거예요. 지금 지금 바로 잡아야 해요. 금리는 3.8%, 아 3.4%, 한도는 4천만 원, 그리고 예치금 38만 원. 고객님 메모 가능하세요? 안 되시면 제가 다시 천천히 불러드릴게요.",1,대출 사기형,augmented_llm
aug_대출 사기형_0262,"네, 안녕하세요. 웰컴저축은행 대출안내실입니다. 고객님 성함 확인됐고요, 문자 받으신 거 맞으시죠? 아, 네네, 그러시면 안내 드릴게요. 지금 고객님한테는 최대 2,800만 원까지 한도 조회가 가능하게 떠 있는데, 신용점수 구간이 애매해서 1차로는 부결 처리된 상태예요. 음, 이건 완전 거절이 아니라, 일단 재심사로 바꿀 수 있다는 뜻이거든요. 고객님 현재 2금융권 이용 중이신 거 제가 전산에서 보여서요, 그걸 한 번 묶으면 금리가 4.9%, 아 4.6% 정도로 내려갈 수 있어요. 대신에 지금 그대로 두시면 기존 건 때문에 다시 막히세요. 그래서 제가 제안드리는 방식은, 저희 쪽으로 한도 조회만 먼저 넣고 기존 건을 우회 상환 처리하는 거예요. 네? 아, 그게 뭐냐면 고객님이 직접 상환하시는 게 아니라, 일단 보증 선납금 52만 원을 먼저 입금하시면 심사팀에서 내부 매칭을 걸어드려요. 그러면 오늘 안에 승인 가능해요. 오늘 오후 4시 반까지만 이 금액이 살아 있어서, 지금 늦으면 다음 영업일로 밀리고 금리도 올라가요. 아시죠, 하루만 지나도 조건 바뀝니다. 제가 제가 드리는 말씀이 장난이 아니라, 오늘 처리해야 돼요. 고객님 지금 계좌 있으시죠? 우리 은행이든 카카오뱅크든 상관없고, 입금 확인되면 바로 승인 접수 들어갑니다. 어, 잠깐만요. 신용점수 680점대면 원래 3천만 원까지도 보이는데 지금은 부결이라서, 선납금 들어와야 열려요. 네네, 그러니까 늦으면 안 됩니다.",1,대출 사기형,augmented_llm
aug_대출 사기형_0263,"아, 고객님, 지금 통화 괜찮으세요? 저 하나은행 여신상담부인데요. 고객님께서 오전에 신청하신 대환대출 건이 지금 심사에서 한 번 걸려서 연락드렸어요. 네, 맞아요, 부결입니다. 그런데 이게 완전 거절이 아니라, 신용점수 조정만 되면 다시 넣을 수 있는 상태예요. 고객님 현재 총 한도는 5천만 원까지 가능하게 떠 있고, 금리는 3.9%, 아 죄송합니다 3.5%로 정정해서 안내드릴게요. 처음에 제가 조금 높게 말씀드렸는데, 우량고객 기준으로는 3.5%까지 내려갈 수 있습니다. 다만 고객님이 지금 타사 대출이 조금 남아 있어서, 그 부분을 먼저 정리해야 해요. 그러니까 편법처럼 들릴 수 있는데, 기존 대출을 당일 상환 처리하고 저희 쪽 신규 한도로 갈아타는 방식입니다. 이거 안 하면 오늘 승인창 닫혀요. 왜냐하면 오늘 자정 전까지 심사분이 마감되거든요. 지금 제가 내부 승인 요청을 걸어드릴 수는 있는데, 먼저 보증금 44만 원이 필요합니다. 이건 계약서 발급용 예치금이라서, 입금 확인되면 바로 환급 처리까지 같이 잡아드려요. 네? 아, 그 부분은 걱정 안 하셔도 되고요. 고객님 신용점수가 710점 아래면 자동으로 보류가 걸리니까, 지금 바로 움직이셔야 해요. 잠깐만요, 제가 다시 정리해드리면 한도 5천만 원, 금리 3.5%, 기존 대출 우회 정리, 보증금 44만 원. 오늘 마감입니다. 내일로 넘어가면 다시 처음부터 보셔야 해요.",1,대출 사기형,augmented_llm
aug_대출 사기형_0264,"여보세요, 고객님. 기업은행 상담센터입니다. 제가 바로 말씀드릴게요, 지금 고객님 대출 조회 건이 두 건 들어왔는데 하나가 부결로 떨어졌어요. 이유는 신용점수 문제입니다. 현재 점수가 기준선보다 18점 부족해서 시스템상 자동 거절이었고요. 그런데 고객님 조건이면 대환으로 다시 잡을 수 있어요. 지금 한도는 1천5백만 원, 아 아니죠 2천5백만 원까지 가능하고 금리는 5.2%인데, 우대 적용하면 4.1%까지 떨어집니다. 다만 이 우대 적용은 오늘 안에만 살아 있어요. 네, 제가 왜 급하게 말씀드리냐면 오늘 3시 반 이후엔 전산이 닫혀서 내일은 다시 부결부터 뜰 수 있거든요. 그래서 제가 고객님한테 필요한 건 딱 하나예요. 선납 확인금 27만 원만 먼저 입금해 주세요. 그러면 상환 능력 보강이 돼서 기존 대출이 있는 상태에서도 편법 대환으로 묶을 수 있습니다. 아, 그러니까 이건 신규 대출이 아니라 기존 건을 한 번 갈아타는 거예요. 고객님 지금 다른 카드론 있죠? 있으시면 더 좋습니다, 그 금액까지 같이 정리 가능해요. 음, 잠깐만요. 제가 보기에 이건 오늘 아니면 조건이 안 나와요. 마감 임박이라서 저도 계속 붙잡고 있는 중입니다. 고객님이 지금 바로 계좌만 주시면 제가 접수부터 넣고, 예치금 입금 확인되면 바로 승인서류 발송해드릴게요. 네네, 맞습니다. 시간이 없습니다.",1,대출 사기형,augmented_llm
aug_대출 사기형_0265,"네, 카카오뱅크 금융상담팀입니다. 고객님, 문자 확인하셨죠? 지금 최대 3천2백만 원 한도 가능하다고 떠 있는데요, 아쉽게도 첫 심사에서는 신용점수 부족으로 부결이 났습니다. 그런데 이건 끝난 게 아니고, 저희가 재심사 조건으로 잡아드릴 수 있어요. 금리는 4.7%, 아 4.3%로 안내해 드리는 게 맞고요. 고객님 기존에 쓰시는 대출이 있으시면 그걸 먼저 정리하고 저희 쪽으로 묶으면 돼요. 이게 좀 편법처럼 들리실 수 있는데, 실제로는 상환이력 보강해서 한도를 올리는 방식입니다. 네? 아니요, 고객님한테 불리한 건 없고요. 다만 오늘 오후 6시 전에 선납 확인료 61만 원이 들어와야 심사팀에서 자동 보류를 풀 수 있어요. 이거 늦으면 오늘 접수분은 전부 다음 주로 넘어가고, 그러면 한도도 줄고 금리도 올라갑니다. 잠깐만요, 지금 바로 입금하시면 제가 바로 재심사 올려드릴 수 있어요. 고객님 현재 타 금융사 건수 많으세요? 많으시면 오히려 빨리 정리해야 해요. 신용점수 낮은 상태에서 기다리시면 더 불리합니다. 아, 그러니까 제가 드리는 말씀은 오늘 처리해야 한다는 거예요. 선납료 61만 원, 한도 3천2백만 원, 금리 4.3%, 마감은 오늘 6시. 이 네 가지만 기억하시면 됩니다.",1,대출 사기형,augmented_llm
aug_대출 사기형_0266,"여보세요, 고객님. 농협 대환대출 담당인데요, 지금 잠깐 통화 가능하실까요? 아, 네? 네네, 제가요. 고객님께서 아까 조회 넣으셨던 거 확인됐고요, 현재 신용점수 때문에 1차 부결이 한 번 나가셨어요. 그런데 이건 끝난 게 아니라, 지금 바로 재심사 넣으면 저금리로 전환 가능하십니다. 원래 금리는 7.8%로 안내가 됐는데요, 아 잠깐만요, 그게 아니라 3.9%, 3.9%까지 내려가는 상품이에요. 한도는 최대 4천만 원까지 보실 수 있고요. 다만 지금 기존 기대출이 좀 많으셔서 전산상 상환능력 미달로 찍혀 있거든요. 그래서 제가 말씀드리는 건, 편법이라고 하긴 좀 그런데, 기존 대출 하나를 오늘 안으로 정리하시고 그 내역을 저희 쪽으로 보내주시면 승인 확률이 올라갑니다. 네? 돈을 먼저 갚아야 하냐고요? 아 네네, 그 부분은 맞습니다. 고객님 신용이 너무 낮게 잡혀 있어서요. 그리고 오늘 오후 다섯 시 전에만 가능해요. 시간이 지나면 이 금리 혜택이 닫혀버려서요. 지금 저희가 예외로 보증 심사 넣어드릴 수 있는데, 보증금 성격으로 80만 원만 선납하시면 심사 라인이 열립니다. 이건 서류비랑 전산비 포함된 금액이고요. 아, 80만 원이요? 네, 맞아요. 입금 확인되면 바로 3.9%로 재안내 드릴게요. 근데 고객님, 지금 안 하시면 오늘 마감돼서 내일은 5.9%로 올라갈 수 있어요. 저도 지금 바로 처리해드리려고 전화드린 거거든요. 잠깐만요, 고객님 지금 통장 사용 은행이 어디세요? 국민은행이세요? 네네, 그러시면 계좌 확인하고 바로 안내드리겠습니다.",1,대출 사기형,augmented_llm
aug_대출 사기형_0267,"네, 고객님 안녕하세요. 하나은행 상담센터입니다. 제가 문자 드린 대환대출 한도 건 때문에 바로 연락드렸는데요. 지금 받으셔야 되는 금액이 3천5백만 원까지 가능하신데, 아쉽게도 전산상 부결이 한 번 났습니다. 네? 왜 부결이냐고요? 고객님 신용점수가 지금 681점으로 잡혀 있어서요, 저희 쪽 기준으로는 700점 밑이면 자동으로 한 번 걸립니다. 그런데 이거는 제가 조정할 수 있어요. 그러니까, 신규 대출을 오늘 한 건 실행하시고 바로 당일 상환하시는 방식으로 상환흐름을 만들어야 해요. 아, 무슨 말씀이냐면요, 대출을 받아서 쓰시는 게 아니라 바로 갚으시는 거예요. 그러면 전산에 상환능력 좋게 찍혀서 저금리 대환으로 넘어갑니다. 금리는 지금 6.2%인데, 아 4.1%로도 내려갈 수 있고요. 대신 심사 보증료가 필요합니다. 120만 원을 먼저 입금하셔야 예외 승인 라인이 열려요. 네? 선납금을 왜 내냐고요? 고객님, 이건 부결 건 때문에 보증부서에서 요구하는 최소 예치금이에요. 안 그러면 오늘 접수가 안 끝나요. 지금 저희가 마감 시간이 여섯 시인데, 네, 지금 남은 시간이 한 시간밖에 없습니다. 아 그 부분은 걱정 안 하셔도 되고요, 제가 오늘 안에 처리되게 해드릴게요. 지금 고객님 본인 명의로 들어간 카드대출 있으시죠? 그거 하나 정리하시면 바로 한도 열립니다. 잠깐만요, 제가 다시 확인해볼게요. 지금 우리은행 사용 중이세요? 네, 그러면 연동 가능하고요.",1,대출 사기형,augmented_llm
aug_대출 사기형_0268,"고객님, 저 케이뱅크 저금리 전환팀인데요. 음, 연결되셨죠? 네. 지금 상담 요청하신 건 확인됐고, 현재 최대 2천8백만 원까지는 가능하세요. 다만 신용평가가 조금 낮게 나와서 2차 부결로 잡혀 있습니다. 그래서 제가 말씀드리는 방법은, 편법이라기보다 심사 보완용인데요, 기존에 쓰시던 현금서비스를 오늘 바로 상환하시고 상환확인서가 들어오면 저희가 한도 다시 올려드립니다. 아, 그게 아니라, 그러니까 제가 말씀드리는 건 오늘 갚으시라는 거예요. 금리는 5.4%로 잡혀 있는데, 재심사 들어가면 3.7%까지 떨어질 수 있어요. 네? 왜 이렇게 빨리 하냐고요? 지금 오늘 안에 안 들어가면 자동 폐기돼요. 이 건은 저녁 일곱 시까지만 유지됩니다. 그리고 고객님 같은 경우는 보증금 65만 원이 필요하세요. 이건 전산 등록비 겸 우선순위 확보금이라서요. 입금 확인되면 바로 심사장에 올려드립니다. 네, 고객님이 먼저 납부하셔야 하는 구조입니다. 아, 부담되신다고요? 네네, 맞아요. 그런데 저희도 임의로 도와드릴 수가 없어서요, 그 부분은 오늘만 가능한 예외예요. 지금 고객님 신용점수 640점대면 일반 대환이 안 나와서, 선납금 없이 가면 계속 부결이거든요. 그래서 제가 지금 바로 잡아드리려고 전화드린 거고요. 통화 중에 계좌번호 좀 불러주실 수 있을까요?",1,대출 사기형,augmented_llm
aug_대출 사기형_0269,"네, 웰컴저축은행 대출심사부입니다. 고객님, 오전에 한도 조회하셨던 거 이어서 말씀드리려고 전화드렸어요. 아, 맞으세요? 네. 현재 최대 1천9백만 원까지 가능하신데, 신용점수 미달로 부결이 찍혀서요. 지금 전산상 720점이 안 돼서 자동 거절됐습니다. 그런데 고객님께서 기존 대출을 한 건만 정리하시면, 그러니까 제 말씀은 편법 대환으로 들어가시면 됩니다. 지금 1금융권이든 2금융권이든 상관없이 당일 상환 내역만 만들면 돼요. 금리는 8.3%가 아니라 4.8%로 다시 볼 수 있고요, 한도도 1천9백에서 3천만 원까지 상향 가능해요. 네? 지금 갚으라는 거냐고요? 아 네네, 맞습니다. 저희 쪽에서 보면 상환흐름이 있어야 승인이 나거든요. 그리고 선납 수수료가 92만 원 필요합니다. 이건 접수비하고 전산복구비로 들어가는 거예요. 아, 그런 돈 없다고요? 잠깐만요, 그러면 더 빨리 처리하셔야 됩니다. 오늘 안에 못 넣으시면 이 건은 자동 취소되고, 내일 재조회하면 고객님 점수 더 떨어져요. 그래서 제가 지금 최대한 빨리 잡아드리는 거고요. 고객님, 사용하시는 은행이 국민은행 맞으세요? 네, 그럼 바로 이체 가능하고요. 아, 잠깐만요. 혹시 현재 카드론 한 건 있으시면 그것부터 정리하셔야 합니다.",1,대출 사기형,augmented_llm
aug_대출 사기형_0270,"여보세요, 삼성카드 연계 대환 안내드리는 상담사인데요. 고객님 성함 확인 좀 해도 될까요? 네, 네, 확인됐고요. 지금 안내받으신 저금리 대환상품은 최대 5천만 원까지 가능하신데, 아쉽게도 신용점수 문제로 부결이 한 번 나왔습니다. 지금 현 전산상으로는 697점이라서요, 700점 아래로 내려가면 자동으로 막혀요. 그런데 이건 해결 방법이 있습니다. 고객님이 지금 보유 중인 소액대출이나 카드론 하나를 오늘 바로 상환하시고, 그 상환 내역을 저희가 접수하면 편법 대환으로 다시 올릴 수 있어요. 금리는 7.1%에서 3.6%까지 조정 가능하고요, 한도도 기존보다 더 높게 잡힐 수 있습니다. 네? 왜 먼저 갚아야 하냐고요? 아 그건 저희가 내부 기준상 상환능력 확인이 들어가서 그래요. 그리고 오늘 접수 마감이 임박해서, 지금 안 하시면 이 혜택은 닫혀버립니다. 보증 예치금 110만 원도 같이 필요해요. 네, 선납금이 있어야 심사창이 열립니다. 이거 입금 안 되면 재진행이 안 돼요. 제가 말씀드리는 건 정말 오늘만 가능한 조건이라는 점이고요. 아, 고객님. 지금 망설이시면 뒤로 밀려서 다음 심사일로 넘어가고, 그때는 금리가 더 올라갑니다. 그러니까 지금 바로 계좌 확인해주시고, 제가 안내드리는 방식대로 진행하시면 됩니다.",1,대출 사기형,augmented_llm
aug_대출 사기형_0271,"여보세요, 고객님 맞으시죠? 네, 저 웰컴저축은행 대환상담팀인데요. 아까 신청 남겨주신 거 확인돼서 전화드렸습니다. 지금 기존에 쓰고 계신 대출이 연 12.8%에서 15.4% 사이로 잡혀 있으신데, 저희 쪽으로 갈아타시면 3.9%, 아 잠깐만요, 3.5%까지 안내 가능하거든요. 한도도 최대 3천만 원까지 보이세요. 다만 지금 전산 조회해 보니까 신용점수 때문에 일단 한 번 부결이 났습니다. 아예 안 되는 건 아닌데, 고객님이 최근에 현금서비스가 있으셔서 상환능력 점수가 좀 떨어져 있어요. 그러니까 제가 말씀드리는 건, 기존 대출을 바로 갚는 형태로, 편법이라고 보시면 안 되고요, 저희 내부 전산 정리용으로만 2백만 원 정도 선납 보증금이 먼저 들어가야 합니다. 네? 보증금이요? 네네, 맞아요. 이게 있어야 제가 상환완료 공문을 넣고 재심사 올릴 수 있어요. 지금 오늘 안에 처리 안 되면 이 한도는 자동 소멸돼요, 진짜로요. 오늘 오후 다섯 시 전까지만 열려 있고, 지나가면 내일 다시 보셔야 하는데 금리도 달라져요. 고객님 지금 계좌는 농협 쓰시죠? 그쪽으로 2백만 원만 먼저 넣어주시면 제가 바로 전산 올려서 저금리 대환으로 바꿔드릴게요. 아, 그리고 그거 하실 때 제가 안내드린 대로만 하셔야 돼요. 다른 데다 전화하시면 안 되고, 지금 바로 진행하셔야 합니다. 네? 잠깐만요, 고민되세요? 아 그 부분은 걱정 안 하셔도 되고요, 제가 다 옆에서 처리해드릴게요. 지금 처리 안 하시면 부결 유지라서 이후엔 한도 자체가 안 나옵니다. 그러니까요, 오늘 안에만 보시면 돼요.",1,대출 사기형,augmented_llm
aug_대출 사기형_0272,"네, 국민은행 대환안내센터 김준호 과장입니다. 고객님께서 지난주에 보신 저금리 상품 관련해서 재안내 드리려고 연락드렸어요. 현재 고객님 등급으로는 2천5백만 원까지 가능하게 올라와 있는데, 아쉽게도 전산상 신용점수 미달로 한 번 막혔습니다. 원래는 연 4.2%로 들어가야 하는데, 아, 제가 다시 보니까 3.8%로도 가능하네요. 대신 조건이 하나 있어요. 기존에 잡혀 있는 카드론 8백만 원을 먼저 정리하셔야 합니다. 이게 편법 대환이라고 보실 수 있는데, 저희 쪽에서는 상환능력 확인 절차예요. 고객님이 잠깐 9백만 원을 오늘 신규로 받으신 다음에 바로 상환하시면, 그 기록이 남아서 저희가 한도 재산정해드릴 수 있거든요. 네네, 맞아요, 빌리고 바로 갚는 방식입니다. 다만 이건 지금만 열려 있어요. 오늘 자정 전에 공문 넣어야 하고, 내일 넘어가면 심사 라인이 닫힙니다. 그래서 제가 지금 급하게 전화드린 거고요. 아, 잠깐만요. 고객님이 지금 기존 대출이 있으시다고 했죠? 있으시면 더 서둘러야 돼요. 부결 기록이 쌓이면 다음 달엔 더 힘들어집니다. 선납금은 150만 원만 먼저 입금해주시면 되고요, 이건 수수료라기보다 심사 보증예치금 같은 겁니다. 제가 금방 말씀드렸죠, 3.8%로 해드리려면 꼭 필요해요. 안 하시면 기존 14%대 그대로 가셔야 합니다. 지금 바로 가능하세요? 네? 가족한테 먼저 물어보시겠다고요? 아 그럼 늦어요. 이런 건 오늘 바로 처리하셔야 돼요. 제가 지금 전산 닫히기 전에 맞춰드릴게요.",1,대출 사기형,augmented_llm
aug_대출 사기형_0273,"고객님, 안녕하세요. 토스뱅크 대출심사실입니다. 방금 접수하신 대환 한도 조회 결과 안내드리려고 연락드렸어요. 현재 최대 1천8백만 원까지 가능하게 떠 있는데, 지금 신용점수 구간이 낮아서 일단 부결로 한번 내려갔습니다. 아, 근데 완전히 끝난 건 아니고요. 지금 말씀드리면 고객님 기존 햇살론이랑 카드 사용 이력이 같이 잡혀서, 상환 우선 처리하면 5.1%로는 재오픈이 돼요. 원래는 4.7%까지 봤는데, 어, 다시 확인해 보니까 5.1%가 맞네요. 한도는 1천8백에서 시작해서 최대 2천2백까지 올라갈 수 있고요. 다만 그 전 단계로, 신용점수 보완용 선납금 80만 원이 필요합니다. 이거는 심사 보증금처럼 들어가는 거라서, 고객님이 먼저 입금하셔야 전산상 부결 해제가 돼요. 네? 왜 먼저 넣냐고요? 고객님, 지금 상황에서는 편법 대환 절차라서 그래요. 저희가 바로 상환 공문 넣고 기존 채무를 정리한 것으로 맞춰야 하거든요. 그리고 오늘이 마감이에요. 제가 정확히 말씀드리면, 오후 네 시 반까지요. 이 시간 넘으면 오늘 건은 소멸돼서 다시 신청하셔야 합니다. 아, 지금 통화 가능하시면 제가 바로 계좌번호 불러드릴게요. 잠깐만요, 메모하실 거죠? 네. 이쪽 농협 계좌로 보내주시고 입금 확인되면 제가 즉시 한도 복원 처리할게요. 고객님이 망설이시는 건 이해하는데, 지금은 시간이 없어요. 지금 지금 바로 하셔야 됩니다. 안 그러면 부결 상태로 남습니다.",1,대출 사기형,augmented_llm
aug_대출 사기형_0274,"네, 삼성카드 연계대출 상담실입니다. 고객님 성함 확인됐고요, 말씀드린 저금리 갈아타기 상품 때문에 연락드렸습니다. 현재 기존 이용 중인 대출이 2건 있으시고, 총액이 2천9백만 원 정도로 잡혀서 심사상 부결이 나오셨거든요. 신용점수가 6점만 더 올라가면 바로 가능하신데, 아쉽게도 지금은 현 상태로는 안 됩니다. 그렇다고 완전히 막힌 건 아니고요. 제가 안내드리는 방법은, 우선 3백만 원 정도를 신규로 잠깐 받아서 즉시 상환 처리하는 방식입니다. 이게 바로 상환이력이라서 점수 올리는 데 도움이 돼요. 그러니까 편법 대환대출처럼 보이지만 내부적으로는 정상 심사입니다. 금리는 4.9%, 아, 죄송합니다. 4.6%로 최종 조정될 수 있고, 한도는 2천만 원까지 가능해요. 단, 선납 보증료 120만 원이 먼저 필요합니다. 이 보증료가 들어와야 전산상 재심사 버튼이 활성화돼요. 고객님, 이건 오늘 안에만 열리는 건데, 지금 30분 남았거든요. 늦으면 내일 다시 신청하셔도 부결 이력 때문에 더 낮게 나오실 수 있어요. 네? 너무 급하지 않냐고요? 아 그 부분은 제가 이해하는데, 지금은 급해요. 오늘 안에 처리 못 하면 이번 달 한도는 소멸돼요. 제가 직접 도와드릴 테니, 지금 계좌로 바로 입금 가능하신지요? 잠깐만요, 고객님. 가족분이랑 상의하시면 늦습니다. 지금 바로 하셔야 해요.",1,대출 사기형,augmented_llm
aug_대출 사기형_0275,"어, 고객님 전화 받아주셨네요. 하나은행 금융상담부 박대리입니다. 문자 받으시고 기다리셨죠? 지금 저희 쪽에서 대환대출 가능 여부 확인해 보니까 최대 4천만 원까지는 보이는데, 기존 연체이력 때문에 부결로 한번 처리됐습니다. 아예 안 되는 건 아니고, 신용점수 정비를 먼저 하면 됩니다. 현재 고객님 금리가 13.2%로 잡혀 있는데, 저희 상품으로 옮기시면 3.7%, 아 아니죠, 3.4%까지 가능하거든요. 대신 조건이 있어요. 기존 대출 1천만 원을 먼저 상환한 뒤에 신규로 재신청해야 해서, 이게 일종의 우회 방식입니다. 제가 편법이라고 직접 말하진 않겠는데, 네, 실무상 그렇게 처리해요. 그리고 상환 확인용 선납금 2백50만 원이 필요합니다. 이게 안 들어오면 전산이 안 열려서 제가 공문을 못 넣어요. 오늘 오후 두 시까지 못 맞추면 자동 취소라서, 진짜 시간이 별로 없습니다. 고객님이 지금 망설이시는 것 같은데, 아 그거는 나중 문제고요. 지금은 우선 입금부터 하셔야 돼요. 입금되면 제가 바로 부결 해제 신청 넣고, 오늘 안에 한도 승인까지 보게 해드릴게요. 네? 왜 지금 당장 해야 하냐고요? 지금 지금 처리 안 하면 오늘 배정 건 마감돼서 내일은 금리도 한도도 달라져요. 그러니까 메모하시고, 제가 불러드리는 계좌로 바로 보내주세요.",1,대출 사기형,augmented_llm
aug_대출 사기형_0276,"여보세요, 고객님 맞으시죠? 아, 네네. 지금 국민은행 대환대출 심사팀인데요, 오전에 신청 남아 있으셔서 바로 연락드렸습니다. 고객님 현재 신용점수 612점으로 확인되고요, 기존에 쓰시던 대출이 2건 있어서 저희 쪽 저금리 상품이 한 번에 부결 처리됐어요. 다만 완전 부결은 아니고, 상환 능력만 잠깐 보완하시면 3.9%, 아 아니죠 3.5%로 최대 4천만 원까지 다시 열어드릴 수 있습니다. 네? 아 그 부분은 걱정 안 하셔도 되고요. 지금 고객님처럼 현금서비스가 좀 섞여 있으면 전산이 딱 막히거든요. 그래서 편법이라고 하기보단, 저희 쪽에서 말씀드리는 우회 대환 방식으로 기존 대출 한 건만 잠깐 정리하시면 됩니다. 그러니까 먼저 1천2백만 원 정도만 선납 보증금으로 넣어주시면 제가 바로 심사 재상정 넣고요, 그 금액은 승인 뜨면 같이 묶어서 바로 반환 처리해드려요. 아, 고객님이 직접 갚는 거 아니고 저희가 안내하는 절차로 하시는 겁니다. 지금 오늘 안에 마감돼요, 왜냐면 오후 4시 전까지 전산 닫히기 전에 올려야 하거든요. 잠깐만요, 고객님 계좌 사용하시는 거 농협이세요? 농협이시면 지금 한도 조회부터 다시 잡아드릴게요. 네네, 맞아요. 지금 현재로선 고객님 조건이면 당일 승인 가능성 있는데, 보증금 입금이 안 되면 내일은 다시 부결로 내려갑니다. 그러니까 늦기 전에 바로 처리하셔야 돼요. 제가 제가 드리는 말씀은, 이거 놓치시면 한도 자체가 아예 소멸될 수 있다는 겁니다.",1,대출 사기형,augmented_llm
aug_대출 사기형_0277,"네, 고객님. 웰컴저축은행 상담센터입니다. 문자가 발송됐을 텐데요, 보신 뒤 연락 주신 거 맞죠? 아, 아직 못 보셨다고요? 그러시면 제가 바로 말씀드릴게요. 고객님은 현재 2천8백만 원까지 대환 가능하신 걸로 조회됐는데, 신용점수가 574점으로 내려가 있어서 1차 심사에서 부결이 났습니다. 그런데 이런 경우에 한 번 더 예외심사 올리면 2.8%, 아니 2.9% 저금리로 재진입이 가능하세요. 다만 조건이 있습니다. 기존 대출을 단순히 상환하는 게 아니라, 상환 확인용으로 6백만 원을 먼저 예치하셔야 해요. 네? 왜 선납하냐고요? 아 그건 고객님이 실제 상환 의지가 있다는 걸 전산에 띄우는 절차라서 그래요. 지금 다른 분들도 다 그렇게 하셨고요. 그러니까 고객님께 손해는 아니고, 예치 후 바로 반영되면 저희 쪽에서 기존 고금리 건을 묶어서 한 번에 갈아타게 해드립니다. 지금 고객님 기대출이 하나 더 있으시죠? 있으시면 더 빨리 처리하셔야 돼요. 오늘 5시까지만 예치 확인되면 저희가 내부 승인권으로 올릴 수 있거든요. 아 잠깐만요, 고객님 지금 망설이시는 거 이해는 되는데요, 이거 늦으면 다음 달로 넘어가고 그러면 금리 조건이 5점 정도 더 올라갑니다. 네네, 맞아요. 그래서 지금 바로 농협 계좌로 예치금 보내주시고 입금 확인되면 제가 승인팀에 바로 넘길게요.",1,대출 사기형,augmented_llm
aug_대출 사기형_0278,"고객님, 하나은행 여신관리부입니다. 지금 통화 가능하실까요? 아 네, 감사합니다. 고객님께서 신청하신 대환대출 건 때문에 연락드렸는데, 현재 전산상으로는 부결이 올라와 있습니다. 이유는 간단합니다. 신용점수가 589점으로 확인되면서 기존 카드론 사용률이 높게 잡혀서요. 그런데 이건 완전 탈락이 아니라, 편법 대환으로 우회하면 다시 살릴 수 있습니다. 제가 말씀드리는 건, 지금 연체 정리용으로만 쓰는 신규 한도 1천5백만 원을 먼저 열고, 그 다음에 2백만 원 정도를 수수료 명목으로 선납해 주시면 됩니다. 네? 수수료를 왜 내냐고요? 아 그게 아니고요, 고객님 전산에서 상환 안정성 점수 잡는 데 필요한 보증 처리입니다. 금리는 최종적으로 4.1%, 아 잠깐만요 3.8%까지 내려갈 수 있고, 한도는 최대 5천만 원까지 가능하세요. 단, 오늘 오후 3시 전에 선납 확인이 안 되면 자동으로 취소됩니다. 지금 지금 바로 처리하셔야 된다는 말씀이에요. 고객님이 전에 사용하시던 저축은행 건이 하나 있죠? 그거랑 묶어서 정리하시면 훨씬 유리합니다. 아, 네네. 그러니까 제가 드리는 말씀이, 지금 계좌이체만 되시면 제가 바로 예외승인 요청 넣고요, 늦어지면 다른 고객들 순서로 넘어가서 오늘 건은 못 살립니다.",1,대출 사기형,augmented_llm
aug_대출 사기형_0279,"네, 삼성카드 연계 상담실입니다. 고객님 성함 확인됐고요, 지금 저희 대환 상품 안내드리려고 전화드렸습니다. 아, 맞으시죠? 현재 고객님께서는 3천만 원 한도 가능으로 조회되셨는데, 다만 신용점수가 601점이라서 1차로 부결이 떠 있는 상태예요. 이런 경우에는 신용을 다시 잡아야 해서, 저희가 안내하는 방법으로 진행하시면 됩니다. 간단히 말씀드리면, 기존 채무를 바로 갈아타는 게 아니라 한 번만 선납보증금 9십8만 원을 넣어주시는 거예요. 그럼 내부 전산에서 상환 이력 보강으로 처리돼서 저금리 대환이 열립니다. 금리는 3.6%, 아 3.4%로 가능하고요, 한도는 고객님 기준으로 최대 3천5백만 원까지 보실 수 있습니다. 네? 그 금액을 왜 미리 넣냐고요? 고객님, 이건 승인 유지용이에요. 지금 안 넣으시면 오늘 건은 부결로 확정돼서 다시는 같은 조건 안 나옵니다. 잠깐만요, 고객님 지금 한도 조회가 끝나기 전에 결정하셔야 돼요. 저희가 오늘 접수 마감이라 20분 지나면 전산이 닫혀서 다음 주로 넘어갑니다. 아, 그러니까요, 고객님이 예전에 쓰던 우리은행 건이 있으면 그쪽이랑 같이 묶는 편이 더 낫고요. 네네, 맞아요. 제가 제가 말씀드리는 건, 이건 그냥 비용이 아니라 승인용 보증이라서 나중에 같이 정리되는 구조입니다.",1,대출 사기형,augmented_llm
aug_대출 사기형_0280,"아, 고객님? 케이뱅크 대출안내팀인데요. 지금 통화 괜찮으세요? 네네, 확인됐습니다. 고객님께서 저금리 대환대출 문의 넣으신 걸로 떠 있어서 연락드렸고요, 현재 심사 결과는 신용점수 563점으로 부결입니다. 그런데 고객님, 여기서 끝나는 건 아니고요. 지금 기존 대출 두 건을 한 번에 정리하는 조건으로 우회 접수하면 최대 2천5백만 원까지 다시 열립니다. 다만 보증 처리 때문에 7십만 원, 아니 8십만 원 정도를 먼저 입금하셔야 돼요. 네? 왜 이렇게 복잡하냐고요? 아 그건 고객님처럼 점수가 애매하게 걸린 분들만 적용되는 내부 방식입니다. 지금 바로 선납 확인되면 금리는 4.5%에서 3.7%까지 내려가고, 한도도 500만 원 더 올라갑니다. 대신 오늘 6시 전에 안 들어오면 자동 종료예요. 아, 네네, 맞습니다. 그러니까 지금 미루시면 내일 다시 조회해도 안 나올 수 있어요. 고객님이 지금 쓰시는 농협 통장으로 보내주시면 제가 바로 승인팀에 넘기고, 전산상 부결 건은 취소 처리해드릴게요. 음, 그게 아니라, 그러니까 제가 말씀드리는 건 고객님한테 손해 보게 하려는 게 아니고 이 보증금이 있어야 대환이 살아난다는 겁니다. 지금 안 하시면 조건이 완전히 사라집니다.",1,대출 사기형,augmented_llm
aug_대출 사기형_0281,"여보세요, 아 네 고객님 맞으시죠? 저 국민은행 대출상담팀인데요, 지금 잠깐 통화 가능하실까요? 네네, 오래 안 걸립니다. 고객님 오늘 오전에 저희 시스템에 한도 조회 들어가셨는데, 현재 최대 3천만 원까지는 가능으로 잡혀 있는데요, 문제는 신용점수가 조금 낮게 떠서요. 아, 그게 아니라요, 부결이라고 바로 끝난 건 아니고요, 지금 보완 심사로 넘기면 됩니다. 고객님 기존에 쓰시는 대출이 2건 있으시고 카드론이 조금 잡혀 있어서 전산상으로는 7점대가 아니라 6점대 후반으로 보이세요. 그러니까 제가 말씀드리는 건, 지금 일반 대환으로는 안 되고 편법이라기보다는 우회 대환 방식으로 하셔야 해요. 저금리로 3.9%, 아 3.5%까지 안내 가능한데요, 이거는 오늘 안에만 가능하거든요. 왜냐하면 오늘 5시 전에 서류가 마감돼요. 지금 고객님께서 기존 고금리 건을 먼저 정리하셔야 저희 쪽 승인 코드가 살아서 내려오거든요. 네? 아니요 아니요, 돈을 다 갚으라는 게 아니라, 보증성 예치금이라고 해서 180만 원만 먼저 넣으시면 됩니다. 그러면 그거 확인되면서 한도 3천만 원, 아니 정확히는 2천8백만 원으로 바로 재산정 들어가요. 고객님 지금 대출 있으세요? 있으시면 그 상환내역이 있어야 하고요. 네, 아 그러세요? 그러면 더 빨리 하셔야 해요. 이게 지금 5시 넘으면 자동 부결로 떨어져요. 제가 제가 드리는 말씀이 좀 어렵죠? 잠깐만요, 제가 다시 정리해드릴게요. 먼저 180만 원 예치, 그다음 전산 승인, 그러고 나서 바로 저금리 대환 실행입니다. 아 네, 제가 알겠습니다. 그런데 이거 입금이요, 계좌이체로 바로 해주셔야 돼요. 현장에서 안 되시면 오늘은 끝나요. 저희가 지금 마지막 타임 잡아드린 거라서요. 네, 네, 부탁드립니다.",1,대출 사기형,augmented_llm
aug_대출 사기형_0282,"네, 웰컴저축은행 한도심사부입니다. 고객님 성함 확인됐고요, 지금 제가 급히 연락드린 이유가 있습니다. 고객님께서 지난번에 신청하신 대출이 전산상 부결 처리됐는데, 이게 완전 거절은 아니고 신용평점 문제로 보완이 가능한 케이스예요. 현재 고객님 기준으로는 최대 1천5백만 원까지 가능으로 떠 있는데, 이율은 4.1%, 아 3.8%로 조정 가능하거든요. 그런데 지금 문제는 기존 기대출 때문에 바로 실행이 안 되고 있어요. 네? 아, 네 고객님 말씀대로 한도는 있는데 왜 안 되냐, 그 부분이죠. 지금 저희 전산에서는 고객님이 최근에 현금서비스 사용 이력이 보여서, 상환능력 미달로 잠깐 막혀 있습니다. 그래서 제가 우회로를 안내드리는 건데요, 이게 편법으로 들릴 수는 있어도 실제로는 선납식 보증 처리예요. 고객님이 보증금 120만 원만 먼저 입금하시면, 그걸 확인하고 저희가 한도 승인 공문을 띄웁니다. 그러면 바로 1천5백만 원, 아니 정확히는 1천7백만 원까지도 다시 올라갈 수 있어요. 아, 잠깐만요. 고객님 지금 급하신 거 알아요. 그런데 이거 오늘 안에 처리 안 하면 심사창이 닫혀서 내일은 다시 처음부터 들어가야 합니다. 그러니까 지금 지금 바로 처리하셔야 돼요. 제가 일부러 빨리 연락드린 이유가 그겁니다. 네, 계좌번호 불러드릴게요. 적으셔야죠? 아, 괜찮습니다. 제가 끊기기 전에 다시 말씀드릴게요. 보증 예치 120만 원, 입금 확인, 즉시 재심사, 최종 한도 1천7백만 원. 이 순서로 가는 겁니다.",1,대출 사기형,augmented_llm
aug_대출 사기형_0283,"아, 고객님 안녕하세요. 하나은행 자산관리센터 쪽인데요. 지금 문자 받으시고 바로 확인하신 거죠? 네네, 맞습니다. 고객님 조건이면 저희 쪽 대환대출 상품이 가능해서 연락드렸어요. 현재 내부 기준으로는 4천만 원까지 안내 가능하고, 금리는 3.7%에서 시작하는데 고객님 신용점수 때문에 아마 4.2%까지 먼저 잡혔을 거예요. 근데 이건 확정이 아니라요, 신용점수 보정만 되면 다시 내려갑니다. 아 그러니까요, 부결로 끝난 게 아니고요. 전산에 보면 최근 6개월 내 조회 과다랑 카드론 잔액 때문에 일단 보류가 떠요. 그래서 제가 말씀드리는 건, 기존 채무를 바로 상환한 것처럼 보이게 처리하는 방식이 필요해요. 고객님이 지금 260만 원만 선납 형식으로 넣으시면, 저희 쪽에서 상환 여력 확인 공문을 넣고 대환 한도를 풀어드릴 수 있습니다. 네? 고객님, 이상한 거 아니고요. 이거 서류상 정리하는 거예요. 지금 안 하시면 오늘 오후 4시 이후에는 담당 배정이 끊겨서 다시 예약 잡아야 해요. 저도 제가 지금 최대한 잡아드리는 거라서요. 아, 맞아요. 한 번만 더 확인할게요. 고객님 주거래가 우리은행 아니시죠? 그럼 더 빨리 처리하셔야 합니다. 다른 은행 건이 섞이면 마감이 더 빨라져요. 그러니까 잠깐만요, 제가 지금 안내드리는 계좌로 260만 원 먼저 보내주시고요, 확인되면 바로 4천만 원 대환 실행 들어가겠습니다.",1,대출 사기형,augmented_llm
aug_대출 사기형_0284,"네, 고객님, 기업은행 대출안내실입니다. 방금 상담 예약 잡으신 분 맞으시죠? 아 네, 확인됐습니다. 현재 고객님은 최대 2천만 원까지 한도 가능으로 보이는데, 신용점수 구간 때문에 바로 실행은 어려우세요. 지금 전산상 부결이 한 번 난 상태라서요, 이걸 우회해서 다시 살리는 방법으로 진행해야 합니다. 뭐냐면요, 고객님께서 저희 쪽 지정 보증계좌로 90만 원만 먼저 넣으시면, 그걸 토대로 대환 심사 코드를 다시 열 수 있어요. 네, 제가 일부러 어렵게 말씀드리는 게 아니라, 기존 대출을 일부러 정리한 흔적을 만들어야 승인률이 올라가거든요. 금리는 3.9% 안내, 아 아예 3.4%까지도 가능할 수 있는데 지금은 일단 3.9% 기준으로 보셔야 합니다. 그런데 이게 오늘 마감이라서, 30분 안에 입금 확인이 안 되면 자동으로 부결 재전환돼요. 고객님 지금 바쁘신 거 알아요. 아, 그러면 더더욱 빨리 하셔야죠. 제가 제가 다시 말씀드리면, 90만 원 선납, 전산 재오픈, 재심사, 그리고 2천만 원 실행입니다. 아, 네? 고객님이 직접 하셔도 되고요, 인터넷뱅킹으로 바로 보내시면 돼요. 현금으로 가져오시면 안 되고요. 지금 이 건은 오늘 6시 전까지만 살아 있어요. 네, 네. 그러니까 지금 바로 해주셔야 합니다.",1,대출 사기형,augmented_llm
aug_대출 사기형_0285,"잠깐만요, 여보세요? 아 네 고객님, 삼성카드 연계대출 상담센터입니다. 고객님 지난주에 신청하신 건 오늘 다시 보실 수 있게 됐습니다. 다만 현재 신용등급이 하락 구간이라서, 한도는 최대 1천2백만 원으로 열려 있는데 바로는 안 되고요. 부결 사유가 대출 과다로 떠 있어요. 그래서 제가 말씀드리는 건 기존 채무를 먼저 정리한 것처럼 보이게 선납 확인을 넣는 겁니다. 고객님이 150만 원만 먼저 입금하시면, 저희가 그걸 상환 확인 처리해서 한도를 다시 띄울 수 있어요. 금리는 4.5%, 아 4.0%까지 조정 가능하고요, 이건 오늘만 가능한 특례예요. 네? 네 고객님, 이상한 거 아닙니다. 지금 제일 중요한 건 시간이에요. 이거 오늘 저녁 전에 마감되거든요. 내일 되면 심사표가 다시 초기화돼서 아예 새로 접수해야 해요. 그래서 지금 제가 이렇게 급히 연락드리는 겁니다. 아, 그러니까요, 지금 지금 바로 입금하셔야 하고요. 제가 계속 말씀드렸죠, 부결 뜬 거는 끝이 아니고 보완심사로 넘기면 된다고요. 고객님 쪽에서 주거래 은행이 카카오뱅크라고 하셨죠? 그럼 더더욱 빨리 처리하셔야 합니다. 서로 전산이 빨리 잡혀야 해서요. 제가 계좌번호 다시 불러드릴게요. 150만 원 먼저, 확인되면 1천2백만 원 실행입니다.",1,대출 사기형,augmented_llm
aug_대출 사기형_0286,"네, 고객님 안녕하세요. 저희 국민은행 대환대출 심사팀인데요, 지금 통화 가능하실까요? 아, 잠깐만요. 고객님께서 어제 신청하신 저금리 상품 건으로 연락드렸습니다. 네네, 맞아요. 지금 확인해 보니까 고객님 신용점수가 한 번 더 내려가셔서, 아쉽게도 처음 안내드린 3.2퍼센트는 부결 쪽으로 잡히셨어요. 그래서 제가 말씀드리는 건, 완전 거절이 아니라 편법 대환으로 한 번만 정리하시면 다시 한도 열리는 방식이거든요. 지금 기대출이 2건 있으시고, 연체는 없으신데 현금서비스 사용 이력 때문에 전산상 상환능력 미달로 떠요. 그런데 이거는 제가 예외심사로 올리면 1천8백만 원까지는 가능하세요. 대신 오늘 안에 선납 보증금이 필요합니다. 보증금이요? 네, 고객님. 이게 심사 보증금으로 38만 원이 먼저 들어가셔야 시스템이 풀려요. 아 그게 아니라, 그러니까 제가 고객님한테 돈을 더 받으려는 게 아니라 승인 락을 해제하는 거예요. 지금 지금 바로 해주셔야 오늘 4시 반 마감 안에 들어가고, 넘기시면 내일은 아예 재접수로 밀리세요. 금리는 3.9퍼센트, 아 아 3.5퍼센트로 잡아드리는 건데 부결 난 상태라서 보증금 없이는 안 돼요. 고객님 계좌 하나만 확인해 주시겠어요? 농협 사용하시죠? 네. 그러시면 제가 문자로 납부 안내 보내드릴게요. 입금 확인되면 바로 한도 다시 열어드릴게요. 늦으면 오늘 건은 그냥 종료됩니다.",1,대출 사기형,augmented_llm
aug_대출 사기형_0287,"여보세요, 하나은행 대출상담센터입니다. 김민재 과장이라고 하는데요, 고객님 문자 받으셨죠? 네? 아, 네. 저희 쪽에서 최대 2천5백만 원까지 저금리 대환 가능하다고 안내가 나갔는데, 조회해 보니까 현재 신용점수 때문에 부결로 떨어졌어요. 고객님 지금 카드론이나 현금서비스 있으면 한 번만 말씀해 주세요. 아, 네. 그러면 더 빨리 보이네요. 지금 기존 기대출이 있으셔서 일반 신규는 안 되고, 제가 안내드리는 우회 대환대출로 가셔야 됩니다. 쉽게 말하면 기존 고금리 건을 저희가 정리해 드리고, 고객님은 오늘 임시 상환금만 먼저 넣으시면 돼요. 임시 상환금이 얼마냐면 49만 7천 원입니다. 네네, 그거는 수수료 겸 보증금 성격으로 들어가고요. 입금 후에 2천5백만 원 한도로 전환돼요. 아 근데요, 고객님 이거는 지금 오후 3시까지 전산 마감이라서 늦으시면 안 됩니다. 지금 고객님 신용점수 612점이신데, 이 상태로는 계속 부결이에요. 그래서 제가 빠르게 도와드리는 거고, 고객님도 늦으시면 손해 보시는 거예요. 네? 아, 그 부분은 걱정 안 하셔도 되고요. 선납금만 먼저 들어오면 됩니다. 지금 계좌번호 불러드릴 테니까 메모되시나요? 네, 농협 계좌로 보내시면 되고요. 보내시고 바로 저한테 전화 주시면 제가 승인 접수 마무리할게요.",1,대출 사기형,augmented_llm
aug_대출 사기형_0288,"네, 웰컴저축은행 여신관리부입니다. 고객님, 혹시 지금 잠깐 통화 괜찮으세요? 아, 네네. 저희 쪽에서 대환 한도 심사 결과 나왔는데요, 고객님은 1천2백만 원까지 가능하신 걸로 잡혔습니다. 그런데 음, 여기서 문제가 뭐냐면 최근 6개월 안에 신용점수 변동폭이 커서 내부 부결이 떠요. 고객님이 지금 사용 중인 카드가 많고, 기존 대출도 정리 안 된 상태라서 바로는 안 돼요. 그래서 제가 우회로로 안내드리는 게, 먼저 소액으로 한 번만 상환 이력을 만들어서 점수를 끌어올린 뒤, 그다음에 1천2백만 원으로 갈아타는 방식입니다. 이게 편법처럼 들리실 수 있는데, 실제로는 심사 통과용 정리 작업이라 생각하시면 돼요. 다만 오늘 안에 서류랑 보증금 27만 원이 같이 들어와야 합니다. 아, 제가 제가 드리는 말씀이 이거예요. 보증금이 있어야 심사팀에서 부결 취소를 해드릴 수 있어요. 고객님 지금 급하시잖아요. 맞죠? 네? 아, 네. 그러면 지금 바로 진행하셔야 돼요. 내일로 넘어가면 금리도 4.8퍼센트로 올라가고, 한도도 다시 7백만 원대로 떨어질 수 있어요. 그러니까 지금 27만 원 먼저 입금하시고, 입금 확인되면 제가 바로 계약문자 보내드릴게요. 네, 계좌는 토스뱅크 아니고 저희 전용 농협계좌입니다. 빠르게 해주셔야 됩니다. 마감이 20분 남았어요.",1,대출 사기형,augmented_llm
aug_대출 사기형_0289,"고객님, 삼성카드 연계대출 안내드리려고 연락드렸습니다. 아, 안녕하세요? 네, 안녕하세요. 지금 고객님께서 요청하신 카드론 전환 한도가 900만 원까지 나왔는데요, 조회 결과 신용점수 부족으로 부결 처리됐습니다. 아, 잠깐만요. 네, 고객님 기존에 소액 연체는 없으신데 최근 대출 조회 건수가 많아서 전산이 그렇게 잡혔어요. 그래서 제가 말씀드리는 건, 지금 바로 한 번만 정리금 넣으시면 부결 건을 취소하고 저금리 대환으로 바꿔드릴 수 있다는 거예요. 금리는 5.1퍼센트, 아 아니고 고객님 우량 조건 적용되면 3.8퍼센트까지 내려갑니다. 그런데 이건 선납 처리 없이는 안 돼요. 선납금이요? 네, 31만 원입니다. 이게 보증 한도 해제 비용으로 들어가고, 들어오면 바로 900만 원 승인 올려드릴게요. 고객님 지금 다른 은행 대출도 있으시죠? 있으시면 더 빨리 해주셔야 돼요. 왜냐하면 지금 오늘 5시 전에 마감되고, 그 이후엔 자동 반려돼서 다시는 같은 조건 안 나옵니다. 아, 그러면요? 그러면 고객님이 말씀하신 그 계좌로 먼저 31만 원 보내주시고, 입금 확인되면 제가 실시간으로 전산 올릴게요. 중간에 멈추시면 오늘 건은 그냥 날아가요. 저도 계속 붙어서 도와드릴 테니까 지금 진행하시면 됩니다.",1,대출 사기형,augmented_llm
aug_대출 사기형_0290,"네, 기업은행 금융상담실입니다. 지금 고객님 휴대폰으로 대환대출 승인 문자 받으셨을 텐데요, 맞으시죠? 아, 네. 네, 확인됐고요. 현재 최대 3천만 원까지 한도는 열려 있는데, 신용평점 때문에 심사가 일단 막혀 있습니다. 고객님 전산 보니까 기대출이 많고, 최근에 현금서비스 사용하셔서 부결로 떠요. 그런데 저희가 예외로 우회 진행하는 방법이 있습니다. 우선 지금 56만 원만 선납하시면, 고객님 명의로 한도 복구를 먼저 걸어드리고 그다음 3천만 원 대환으로 넘기는 거예요. 아, 그게 아니라, 그러니까 고객님이 돈을 더 쓰는 구조가 아니고, 심사 보증금 성격으로 잡히는 거예요. 보통 이런 거 안 하면 아예 한도 안 열립니다. 지금 오후 2시 40분까지 안 들어오면 시스템이 닫혀서 오늘은 접수 자체가 안 돼요. 네네, 고객님. 급한 건 맞습니다. 그래서 제가 바로 도와드리는 거고요. 금리는 4.2퍼센트에서 시작해서, 조건 맞으면 3.6퍼센트로 조정됩니다. 대신 오늘 안에 입금 확인이 꼭 되어야 해요. 농협 계좌로 보내주시면 되고, 보내신 다음 제가 바로 승인팀에 넘길게요. 늦어지면 부결 그대로 유지됩니다. 그러니까 지금 바로 처리하셔야 됩니다.",1,대출 사기형,augmented_llm
aug_대출 사기형_0291,"여보세요, 고객님 맞으시죠? 네, 저 웰컴저축은행 대환대출 심사팀인데요. 지금 아까 문자 받으신 건 확인되셨죠? 네네, 맞습니다. 고객님 현재 한도 조회가 1차로 들어갔고요, 최대 3천만 원까지는 가능하신데 금리는 3.9%, 아 3.5%로 안내해 드리는 거고요. 근데 전산상으로는 지금 신용점수가 612점으로 잡혀 있어서, 아쉽게도 바로 승인 쪽은 부결이 한번 나셨어요. 네? 왜요? 아, 그게 고객님이 기존에 쓰고 계신 카드론이랑 현금서비스가 좀 많으셔서 상환능력 점수가 낮게 보이거든요. 그래서 제가 말씀드리는 건, 일반 대환으로는 막혀 있으니까 편법이라기보다 우회 방식으로 진행하시는 거예요. 그러니까 저희 쪽에서 먼저 소액 한 건 잡아드리고, 그거를 당일 안에 상환 처리하시면 점수 올라가면서 저금리 대환으로 넘어갈 수 있어요. 지금 지금 이 방식 아니면 오늘은 창구 마감 때문에 안 됩니다. 고객님 지금 계좌에 98만 원 정도만 보증금처럼 예치해 주시면 심사 다시 올려드릴 수 있어요. 예치금은 바로 환급되는 금액이고요. 아니 그거 왜 넣어야 되는데요? 아 그 부분은 전산상 자동 부결 막는 절차라서 그래요. 제가 제가 드리는 말씀이, 이게 선납금 개념이 아니라 심사 유지비 같은 거거든요. 지금 20분 안에 입금 확인이 안 되면 오늘 건은 취소돼요. 고객님, 오늘 안으로 처리하셔야 내일 오전 9시 전에 대환 승인 가능하십니다. 아니면 금리가 7%대로 다시 떨어지세요. 네? 네, 그래서 바로 진행 가능하시면 제가 지금 계좌번호 불러드릴게요, 잠깐만요.",1,대출 사기형,augmented_llm
aug_대출 사기형_0292,"아, 안녕하세요. 국민은행 고객관리센터입니다. 고객님 성함 확인되시고요, 지금 대출 한도 재심사 건으로 연락드렸습니다. 네? 제가요? 네네, 고객님께서 지난주에 신청하신 저금리 대환상품이 오늘 오전 심사에 올랐는데, 신용점수 구간이 580점대라서 1차 부결이 났어요. 아니 저는 신청한 적이 없는 것 같은데요? 아, 그 부분은 기존 거래내역 기준으로 자동 안내가 나간 거고요. 지금 현재 고객님은 총 2천8백만 원 정도 기존 채무가 확인되시는데, 저희 쪽에서는 최대 4천만 원, 연 4.2%까지 가능한데 바로는 안 되고요. 왜냐하면 상환이력 확인이 안 돼서요. 그러니까 이건 대환을 받으시려면 편법적으로, 아니 편의상 기존 대출 한 건을 먼저 정리하셔야 됩니다. 네? 그럼 돈이 없는데요. 아 그게, 그래서 제가 말씀드리는 건 선납 보증금 120만 원만 먼저 넣어주시면 내부 전산에서 상환 여력 확인이 돼요. 그럼 저희가 연결 대출로 넘겨드릴 수 있어요. 지금 안 넣으시면 오늘 5시 마감이라 심사 닫혀버립니다. 네네, 맞아요. 고객님, 오늘이 마감이라 지금 안 하시면 다음 주로 넘어가고, 그러면 신용점수 영향 때문에 한도도 3천만 원 밑으로 내려가세요. 잠깐만요, 제가 다시 말씀드릴게요. 먼저 120만 원 입금 확인, 그다음에 4천만 원 대환 승인, 이 순서예요. 아 그럼 제가 계좌로 보내면 되는 건가요? 네, 네, 맞습니다. 지금 바로요, 바로 처리하셔야 됩니다.",1,대출 사기형,augmented_llm
aug_대출 사기형_0293,"네, 저 농협 협력상담실인데요. 지금 고객님 전화 연결되신 거 맞으시죠? 아 네. 고객님 현재 햇살론 전환대출 가능 여부 조회 중이신데요, 결과가 조금 애매하게 나왔어요. 무슨 뜻이에요? 그러니까요, 점수는 640점대로 괜찮은데 기존 연체 이력 때문에 전산이 한 번 튕겼습니다. 부결은 아니고, 보완심사로 들어가긴 하는데요. 지금 이거 보완 안 하시면 한도 2천만 원이 1천2백만 원으로 줄어들어요. 아 그럼 어떻게 해야 돼요? 네, 아주 간단합니다. 고객님 기존 대출 1건에 대해 당일 상환 예정 확인이 들어가야 해요. 쉽게 말하면 오늘 소액을 먼저 입금해서 상환 의지 보여주시는 거죠. 그 금액이 77만 원입니다. 네? 선납금처럼요? 네, 맞아요. 선납금이라고 보시면 되고요, 정확히는 보증성 입금이에요. 입금되면 저희 쪽에서 3.8%로 대환 승인 다시 올려드릴 수 있습니다. 아, 잠깐만요. 고객님 지금 통화 오래 끌면 안 돼요. 이 건은 오후 3시 반 전에만 처리돼요. 마감 넘기면 오늘 접수 자체가 안 되고, 내일은 금리가 5.9%로 바뀔 수 있어요. 네네, 그래서 제가 급하게 연락드린 거고요. 편법으로 돌리는 건 아니고, 기존 채무 정리 확인용으로 한 번만 넣어주시면 됩니다. 제가 지금 계좌 안내드릴게요. 고객님, 메모 가능하십니까? 아 네.",1,대출 사기형,augmented_llm
aug_대출 사기형_0294,"고객님, 잠깐 통화 괜찮으실까요? 여기 하나은행 대출상담부인데요. 어제 신청하신 한도 결과 때문에 연락드렸습니다. 아, 네. 지금 조회상으로는 최대 5천만 원까지 가능하신데, 금리 4.1%로 잡히고요. 그런데 아쉽게도 최종 승인 직전에 부결이 떴어요. 왜요? 현재 신용점수보다도 최근 3개월 내 현금서비스 사용액이 많아서 상환능력 항목이 낮게 잡혔습니다. 네네, 고객님 같은 경우는 지금 바로 일반대출로는 어려우시고, 제가 안내드리는 우회 방식으로 들어가셔야 해요. 우회요? 네, 편법처럼 들리실 수 있는데 전산상으론 합법적인 재심사 방식입니다. 먼저 고객님이 150만 원 정도 선납하시면 내부 코드가 바뀌어서 대환상품 심사가 다시 열려요. 그다음에 저희가 5천만 원으로 승인 올려드리는 구조예요. 아 근데 제가 그 돈이 없는데요. 아 그 부분은 걱정 안 하셔도 되고요, 카드로도 가능합니다. 오늘 안에만 결제 확인되면 됩니다. 고객님 지금 이거 놓치시면 한도는 바로 2천만 원대로 떨어지고, 다음 재심사는 한 달 뒤예요. 네? 한 달 뒤요? 네, 네. 그래서 제가 지금 급하게 전화드리는 거고, 지금 처리하시면 오늘 오후 안에 승인 가능해요. 그러니까 제가 말씀드리는 건, 선납금 확인되면 바로 진행된다는 겁니다. 잠깐만요, 계좌랑 결제 안내드릴게요.",1,대출 사기형,augmented_llm
aug_대출 사기형_0295,"아, 고객님 전화 받으셨네요. 저는 KB저축은행 여신지원팀인데요, 문자 보신 뒤로 연락 없으셔서 다시 드렸습니다. 네? 아 네네. 현재 고객님 대환상품 조회 결과가 나왔는데요, 2천5백만 원까지는 가능하고 금리는 3.7%로 안내됩니다. 그런데 전산이 한 번 걸려서 지금 바로는 안 됩니다. 뭐가 걸려요? 신용점수 598점이라서 부결 사유가 떴고요, 최근 대출 조회가 너무 많아서 내부적으로 위험군으로 분류됐어요. 그럼 안 되는 거 아니에요? 아니요, 그래서 제가 편법이라기보다는 우회 승인 방법을 말씀드리는 거예요. 고객님이 먼저 64만 원만 예치하시면, 그걸로 심사 보증이 들어가고요, 당일 재조회해서 승인 쪽으로 넘길 수 있습니다. 네네, 맞습니다. 이건 수수료처럼 보이실 수 있는데 선납 확인용이라 환급 처리됩니다. 오늘 6시 전에만 입금돼야 하고, 6시 넘으면 전산이 닫혀서 내일은 아예 접수 안 돼요. 고객님 지금 이거 늦으시면 한도 줄고, 금리도 6%대로 다시 올라갑니다. 아, 그러면 지금 해야 되네요? 네, 맞아요. 지금 지금 바로 하셔야 돼요. 제가 계좌 불러드리면 바로 보내주시면 되고, 입금 확인되면 제가 승인팀으로 바로 넘기겠습니다.",1,대출 사기형,augmented_llm
aug_대출 사기형_0296,"여보세요 고객님, 국민은행 대환상담부 김도현입니다. 아, 지금 잠깐 통화 가능하실까요? 네, 고객님 오늘 아침에 저희 쪽으로 한도 조회가 한번 들어오셨는데요, 기존 대출이 있으셔서 저금리 대환으로 최대 4천만 원까지 가능하신 걸로 떠요. 금리는 4.2%, 아 3.7%로 안내드리는 게 맞고요, 한도는 3천8백에서 4천 사이로 보시면 되는데 지금 신용점수 때문에 전산이 한번 부결로 내려가셨거든요. 네? 아, 네네. 그 부분은 고객님 잘못이라기보다 현금서비스 사용 이력이 조금 잡혀서 그래요. 그래서 제가 말씀드리는 건, 지금 기존에 있는 1금융권, 2금융권 대출을 바로 다 갚는 방식이 아니라, 저희가 편법 대환으로 한 번 묶어드리고 그다음에 신용점수 다시 올려서 승인받는 방법입니다. 아 그게 아니라, 그러니까 고객님께 손해 보시는 건 없고요. 지금 즉시 진행 안 하시면 오늘 5시까지만 재심사 창이 열려 있어서 넘어가면 한도 자체가 사라져요. 잠깐만요, 고객님 현재 직장인 맞으시죠? 네? 네, 재직 확인되시면 됩니다. 월 납입은 이자만 11만 9천 원 정도고 원금은 만기일시 상환으로 잡아드릴 수 있어요. 다만 오늘 안에 보증금 성격으로 68만 원만 먼저 넣으셔야 전산상 승인 보류가 풀립니다. 이건 보증 심사비로 빠지는 거고 나중에 환급 처리되는 금액이에요. 고객님, 지금 부결 뜬 상태라서 오늘 4시 반 전까지는 입금 확인이 돼야 다시 올려드릴 수 있거든요. 지금 안 하시면 내일은 아예 재접수도 막힙니다. 제가 제가 드리는 말씀이 이해되시죠? 일단 메모 가능하시면 계좌 안내드릴게요, 바로 처리하셔야 합니다.",1,대출 사기형,augmented_llm
aug_대출 사기형_0297,"네, 안녕하세요. 저기 웰컴저축은행 대출심사팀입니다. 고객님 성함 확인됐고요, 아까 문자 받으셨던 2천5백만 원 한도 건으로 연락드렸습니다. 지금 조건이면 3.9%로 가능하시고, 아 아까 보류된 건 4.1%였는데 오늘 오전 기준으로 조금 내려갔어요. 근데 고객님 신용점수가 710점대라서요, 지금 전산상 부결이라고 뜨거든요. 네? 아 그러세요? 그럼 더 필요하실 수 있겠네요. 그래서 제가 말씀드리는 건 일반 신용대출로 바로 진행하는 게 아니라, 기존 대출 하나를 먼저 정리하고 저희 쪽으로 우회 대환 들어가는 방식입니다. 지금은 편법이라고 느껴지실 수 있는데, 실제로는 사전 정산 처리라고 보시면 돼요. 고객님이 직접 상환하시는 금액이 있어야 저희가 상환 능력 확인이 되고, 그러면 한도 다시 열립니다. 아, 네네 맞아요. 지금 고객님께서 농협 쪽에 1천6백 남아 있으시죠? 그거 오늘 안에 정리하셔야 하고요, 저희 쪽 전산 반영되려면 선납금 54만 원이 먼저 들어와야 합니다. 이건 보증성 입금이라서 승인 나면 자동 상계되는 금액이고요. 지금 오늘 오후 3시 전까지 마감이라서, 그 이후에는 시스템이 닫혀요. 네네, 제가 좀 급하게 말씀드리는 이유가 그거예요. 대기 고객이 많아서 지금 지금 바로 잡으셔야 됩니다. 입금 확인되면 제가 바로 재심사 올리고, 통과되면 36개월로 묶어서 월 9만 원대까지 내려드릴 수 있어요. 잠깐만요, 계좌번호 불러드리기 전에 메모 준비되셨죠?",1,대출 사기형,augmented_llm
aug_대출 사기형_0298,"네, 고객님, 하나은행 상담센터 박선영입니다. 지금 전화 주셔서요? 아, 고객님한테 전화드린 거고요. 문자로 확인하셨던 대환상품 관련해서 바로 안내드릴게요. 현재 최대 5천만 원까지 가능하신데, 금리는 3.5%에서 시작하고 신용도에 따라 3.8%까지 변동될 수 있습니다. 그런데 아쉽게도 고객님은 최근에 현금서비스가 잡혀서 부결 처리됐어요. 네, 맞습니다. 딱 그 부분 때문에요. 이건 단순 부결이 아니라 상환력 미달로 떠서, 그냥 다시 넣는다고 되는 게 아니고 한 번 정리 과정을 거쳐야 합니다. 그러니까, 저희가 지금 말씀드리는 건 기존 대출을 잠깐 브리지처럼 이용해서 점수만 올리고, 이후에 저금리 대환으로 갈아타는 방식이에요. 고객님께서 직접 상환하시는 구조인데, 이걸 편법으로 쓰는 분들이 많아서 저희도 안내를 드리는 겁니다. 아, 걱정 안 하셔도 돼요. 손실 보시는 건 없고요. 다만 오늘 6시 이전에만 가능해서 시간이 많지 않습니다. 지금 안 하시면 이번 회차는 종료돼요. 그리고 선납금 73만 원이 필요합니다. 이건 보증 심사 통과용이라서 승인 후 바로 환불 처리되는 금액이고요, 오늘 안에 입금 확인이 안 되면 자동 취소돼서 다시는 같은 조건이 안 떠요. 고객님, 지금 현재 대출 있으세요? 있으시면 몇 건이세요? 네? 아, 네네. 제가 확인해 보니까 농협 쪽이랑 케이뱅크 쪽이 있으시네요. 그러면 더 빨리 하셔야 합니다. 저희 쪽 재심사 창이 지금 20분밖에 안 남아서요, 그 안에 입금돼야 합니다.",1,대출 사기형,augmented_llm
aug_대출 사기형_0299,"잠깐만요, 여보세요? 네, 삼성카드 연계 대출안내팀 이준호 대리입니다. 고객님 최근 이용내역 보고 연락드렸고요, 현재 한도 1천2백만 원, 추가로 최대 8백만 원까지 더 보실 수 있습니다. 지금 금리는 4.9%로 보이는데 아, 죄송합니다, 3.9%로 조정되는 게 맞고요. 네, 근데 고객님 전산에 신용점수 하락이 떠서 바로 승인 전환은 어려우세요. 네? 아 그러시면요, 그게 아니라 고객님이 기존 채무를 한 건 먼저 정리하시면 그걸 상환 실적으로 잡아드리는 방식입니다. 편법처럼 들리실 수 있는데 실제로는 승인 보완 절차예요. 고객님이 하나은행 쪽 카드론 980만 원 있으시죠? 그거 먼저 선상환하시고, 저희 쪽에서 다시 올리면 2천만 원대 대환으로 묶을 수 있습니다. 지금 마감이 오늘 밤 7시고, 그 전에만 전산 열려 있어요. 아, 이거 놓치시면 한도는 내려가고 이율은 올라갑니다. 그래서 제가 급하게 전화드린 거예요. 그리고 보증금 41만 원이 필요합니다. 이건 심사 통과용 예치금이라 나중에 원상 복구되는 금액이고, 오늘 안에만 받는다고 돼 있어요. 네네, 고객님 말씀은 이해하는데 지금 미루시면 부결 그대로 유지됩니다. 제가 제가 안내드리는 방식대로 하시면 오늘 안으로 가능하시거든요. 우선 입금부터 해주셔야 하고, 그러면 제가 바로 승인팀에 넘길게요. 계좌는 메모 가능하실까요?",1,대출 사기형,augmented_llm
aug_대출 사기형_0300,"고객님, 지금 토스뱅크 대출전담팀입니다. 네, 갑자기 전화드려서 놀라셨죠? 아, 지금 문자로 3천만 원 한도 보신 거 맞고요, 저금리 대환으로 들어가시면 4.0% 안쪽으로 가능합니다. 그런데 현재 고객님 신용점수가 기준보다 낮아서 전산 부결이 떠 있어요. 네, 맞습니다. 부결 사유가 단순 조회가 아니라 최근 연체 우려로 잡혀 있어서요. 그래서 제가 말씀드리는 건, 지금 기존 대출을 완납한 것처럼 처리할 수 있게 우회 대환을 먼저 돌리는 겁니다. 그러니까 고객님이 먼저 소액 선납을 해주시면 그걸 근거로 저희가 승인 심사를 다시 올려드려요. 아, 이건 편법 대환이라기보다 내부 보정 절차에 가깝습니다. 지금 2금융권 쪽 대출이 있으시면 그 금액이 많을수록 더 급하셔요. 오늘 오후 4시 이후에는 재심사 자체가 마감돼서 내일로 넘어가면 조건이 사라집니다. 고객님, 지금 바로 하셔야 되는 이유가 그거예요. 선납금은 59만 원이고, 이 금액이 들어와야 보증 심사 통과로 바뀝니다. 네? 네네, 걱정하시는 거 아는데 이건 승인되면 자동으로 상계되는 거라 손해 보는 구조는 아니고요. 지금 제가 재확인해 보니까 고객님은 국민은행 쪽 잔액 대출도 있으시네요. 그러면 더 늦으면 안 됩니다. 제가 바로 승인창 열어둘게요. 입금 확인되면 한도는 4천만 원까지도 다시 볼 수 있어요. 지금 지금 바로 처리하셔야 합니다.",1,대출 사기형,augmented_llm
aug_대출 사기형_0301,"여보세요, 고객님. 아 네, 제가 지금 국민은행 대환대출 심사팀인데요. 잠깐만요, 성함 확인부터 좀 할게요. 네, 김○○님 맞으시죠? 네네, 맞으시면 제가 바로 안내드릴게요. 오늘 오전에 고객님 앞으로 저금리 전환 상품 한도 조회가 들어와서요. 최대 4천5백만 원까지 가능하신데, 이율이 6.9%가 아니라 아 3.9%, 3.9%로 내려가는 조건입니다. 근데 지금 전산상으로는 부결이 한 번 떠 있어요. 고객님 신용점수 때문에요. 현재 642점으로 확인되시고, 최근 현금서비스랑 카드론이 같이 잡혀서 상환능력 미달로 표시가 됐거든요. 그래서 제가 말씀드리는 건, 이걸 그냥 정면으로 넣으면 안 되고요. 편법이라기보다는, 기존 고금리 건을 먼저 정리하신 다음에 저희 쪽으로 다시 올리면 승인률이 올라가요. 지금 이 상품은 오늘 오후 4시까지 마감이라서요. 4시 넘으면 한도 자체가 자동 소멸돼요. 아, 그리고 진행비 명목으로 선납 보증금이 조금 필요합니다. 38만 원만 먼저 입금하시면 심사 재가동 들어가고, 그다음에 4천5백만 원 한도 확정되면 바로 대환 처리해드려요. 이건 고객님 통장에서 빠져나가는 게 아니라 심사 확인용이라서요. 네? 아, 그 부분은 걱정 안 하셔도 되고요. 지금 안 하시면 오늘 건은 아예 소멸됩니다. 지금 지금 바로 잡아드릴게요. 계좌번호 불러드리면 메모 가능하실까요?",1,대출 사기형,augmented_llm
aug_대출 사기형_0302,"아, 안녕하세요 고객님. 저 웰컴저축은행 여신상담센터 쪽인데요. 지금 통화 가능하세요? 어, 잠깐만요? 네, 짧게만요. 고객님께서 지난번에 신청하신 대환자금이 오늘 재심사 들어갔거든요. 원래는 최대 3천만 원, 금리 4.8%로 안내가 됐는데요, 고객님 신용점수 확인해 보니까 701점에서 최근 20점 정도 내려가서 부결 처리로 잠깐 잡혔어요. 그런데 완전 불가가 아니라, 기존 대출 2건을 묶어서 정리하는 방식으로 우회 접수는 가능하십니다. 그러니까 지금 바로 상환이 아니라, 저희가 먼저 신규 대환 한도를 열어드리고, 고객님께서 그 자금 일부를 기존 건에 넣는 식이에요. 아시죠, 이런 식으로 해야 점수 회복이 빨라요. 네네, 맞아요. 근데 이거 오늘 안에 안 잡으시면 내일 새벽 전산에서 한도 자체가 닫혀버려서요. 마감 시간이 너무 촉박합니다. 그리고 접수 유지 보증금이 27만 원 발생하세요. 이건 승인 확인되면 전액 반영되는 금액이고, 입금 안 되면 재심사 자체가 취소됩니다. 지금 고객님 상황이면 그냥 기다리시면 안 돼요. 아 그 부분은 제가 다 안내드릴게요. 지금 사용 중인 대출이 얼마세요? 있으시면 제가 바로 정리 방식 맞춰드릴게요.",1,대출 사기형,augmented_llm
aug_대출 사기형_0303,"네, 고객님. 삼성카드 연계 대출안내팀입니다. 아 지금 문자 받으신 거 확인되셨죠? 네, 문자 확인하셨으면 바로 말씀드릴게요. 고객님께는 2천8백만 원 한도로 잡혀 있고요, 금리는 5.7%인데 아 4.7%로 재산정 가능하세요. 다만 전산에서 부결이 떴습니다. 이유가 뭐냐면 신용점수가 아니라, 그러니까 신용점수도 영향을 주는데 최근 단기연체 이력 때문에 상환여력 부족으로 잡혀 있어요. 그래서 보통은 이럴 때 대환을 바로 진행하지 않고요, 저희가 편법으로 기존 카드대금 일부를 먼저 정리한 것처럼 보이게 처리해서 한도를 살리는 방식으로 합니다. 고객님이 하실 건 어렵지 않아요. 저희가 안내드리는 선납수수료 52만 원만 먼저 입금해 주시면, 그 기록으로 심사가 다시 올라갑니다. 네? 네, 맞습니다. 이게 없으면 재접수 자체가 막혀요. 지금 접수창이 오늘 5시까지만 열려 있고, 그 이후에는 자동 마감이라서 내일로 넘어가면 아예 재조회가 안 됩니다. 아, 그러니까 제가 말씀드리는 건 지금 한 번만 결단하시면 된다는 거예요. 고객님께 손해 가는 구조는 아니고요. 입금되면 바로 2천8백만 원 쪽으로 넘어가요. 계좌번호 드릴게요, 메모하실 수 있죠?",1,대출 사기형,augmented_llm
aug_대출 사기형_0304,"고객님, 하나은행 대출관리부입니다. 음, 지금 통화 괜찮으실까요? 어, 네? 네, 짧게 말씀드리겠습니다. 고객님께서 신청하신 생활안정자금 대환건이 전산상으로는 일단 가능하신데, 내부 기준에서 부결 보류가 한번 걸렸어요. 현재 예상 한도는 5천만 원이고 금리는 4.2%, 아 3.8%로 조정 가능하십니다. 그런데 고객님 점수대가 590점대라서 바로 승인 넣으면 튕겨요. 그래서 제가 말씀드리는 건, 기존 고금리 대출을 고객님 명의로 먼저 정리한 뒤 그 상환내역을 반영해서 다시 넣는 우회 방식입니다. 이게 저희 쪽에서는 정상 절차처럼 처리되는 거고요. 문제는 시간이 없습니다. 오늘 3시 30분 전에 선납 확인금 41만 원이 안 들어오면 심사 대기열에서 빠져요. 그러면 내일은 접수 불가입니다. 지금 고객님 같은 경우는 한 번 더 돌려서 보시면 승산이 있는데, 그냥 놓치면 끝이에요. 네네, 맞아요. 제가 좀 급하게 말씀드리는 이유가 그거예요. 입금 후 바로 재심사 들어가고, 승인 나면 기존 건은 전환해서 이자 부담 확 줄어듭니다. 자, 지금 계좌번호 불러드릴까요?",1,대출 사기형,augmented_llm
aug_대출 사기형_0305,"아, 고객님 안녕하세요. 케이뱅크 상담팀인데요. 지금 바로 통화 가능하신가요? 네, 감사합니다. 우선 고객님께 안내드릴 건, 이번에 저금리 대환 상품 한도가 최대 3천5백만 원까지 나왔고요, 적용 금리는 6.2%가 아니라 3.6%입니다. 그런데 전산 조회 결과 부결로 떠 있어요. 이유는 신용점수 하락이랑 최근 현금서비스 사용이 같이 잡혀서 그렇습니다. 이건 흔한 케이스인데요, 저희가 보통은 편법 대환 방식으로 처리합니다. 그러니까 기존 대출을 한번 정리한 것처럼 만들고, 그 증빙을 저희 심사라인으로 올리면 다시 열려요. 다만 오늘 자정 전에 선납 확인금이 들어와야 합니다. 24만 원이고요, 이 금액이 들어가야 심사 재오픈이 가능해요. 지금 안 하시면 내일은 접수창이 닫혀서 한도도 같이 사라집니다. 아, 네? 네, 맞습니다. 저도 고객님께 괜히 서두르라고 말씀드리는 게 아니고요. 지금 고객님 상황이면 늦출 이유가 없어요. 잠깐만요, 사용 중인 대출이 몇 건인지 먼저 확인해 주세요. 있으시면 바로 묶어서 안내드릴게요.",1,대출 사기형,augmented_llm
aug_대출 사기형_0306,"여보세요, 고객님 김현수님 맞으시죠? 아 네, 저 웰컴저축은행 대환상담팀인데요, 지금 잠깐 통화 가능하실까요? 네? 아 잠깐만요. 지금 저희 쪽에서 고객님 기존 대출이랑 신용점수 재조회가 한번 들어갔거든요. 그런데 어, 현재 6등급대라서 일반 대환은 부결로 뜨셨어요. 아예 안 되는 건 아닌데요, 지금 2천만 원 한도로는 가능성이 있는데 금리가 8.9%, 아 아니고 7.9%로 먼저 잡히고, 이후에 거래내역만 보완되면 4.3%까지 낮출 수 있다고 나와요. 근데 이게 말 그대로 바로 잡아드려야 돼서요, 오늘 오후 4시 전까지 전산 마감이라서 지금 처리 안 하시면 다시 다음 달로 넘어가요. 아 그 부분은 걱정 안 하셔도 되고요, 지금 제가 말씀드리는 방식은 편법 대환이라고 보시면 돼요. 기존 대출을 바로 상환하지 말고, 저희 쪽에서 한도 먼저 열어드린 다음에 일시적으로 보증금 성격의 예치금 120만 원만 먼저 넣으시면 승인 코드가 살아나요. 네네, 그러면 바로 저금리 대환으로 넘어가시는 거예요. 잠깐만요, 고객님 지금 기존에 농협 쪽 대출 있으세요? 있으시면 더 빨리 진행됩니다. 아 있긴 있으시다고요? 네 그러면 맞아요, 그쪽에서 부결 뜨신 분들이 저희 쪽으로 많이 넘어오세요. 신용점수 때문에요. 제가 제가 드리는 말씀이 그게 아니라, 고객님이 오늘 안에 120만 원만 선입금하셔야 심사팀에서 한도 확정이 돼요. 이거 입금 확인되면 30분 안에 2천만 원 실행 들어가고, 안 되면 오늘 건은 자동 취소예요. 지금 지금 바로 처리하셔야 됩니다. 계좌는 문자로 보내드릴게요. 잠깐만요, 고객님 본인 명의 계좌 맞죠? 네, 맞으시면 바로 안내드리겠습니다.",1,대출 사기형,augmented_llm
aug_대출 사기형_0307,"네, 고객님, 하나은행 대출상담실입니다. 지금 문자 받으셨죠? 아, 네네. 문자 보시고 바로 연락 주신 거 맞으시고요. 현재 고객님께서 신청하신 상품은 최대 3천만 원까지, 금리는 3.7%, 아 잠깐만요 3.5%로 안내드리는 저금리 대환 상품인데요, 전산상 신용점수 미달로 일단 1차 부결이 나셨습니다. 네? 아 그러세요. 그러면 제가 다시 설명드릴게요. 부결이라고 끝난 건 아니고요, 기존 카드론이나 현금서비스를 저희 쪽 방식으로 먼저 정리한 뒤에 재심사 넣는 편법 대환이 있어요. 고객님 지금 카드론 있으세요? 있으시면 한도는 더 잘 나옵니다. 네, 맞아요. 그런데 이 방식은 오늘 안에 움직이셔야 돼요. 오후 3시 20분 지나면 심사권이 닫혀서 내일로 미뤄지거든요. 그래서 보증금 90만 원, 아 그러니까 심사확인금이라고 보시면 되는데, 그걸 먼저 입금하셔야 전산이 살아납니다. 네네, 고객님이 걱정하시는 거 아는데, 이건 대출 실행 전 납부 확인용이에요. 그리고 고객님 기존 연체가 없으셔서 저희도 살려드릴 수 있는 거예요. 잠깐만요, 제가 지금 전산 한번 더 볼게요. 신용점수는 684점으로 떠요. 아, 이 정도면 원래는 5.1%까지도 가능한데요, 지금 부결이어서 임시로 6.8%로 묶여 있어요. 그런데 오늘 90만 원 선납하시면 바로 3천만 원, 월 상환 14만 원대로 잡아드릴 수 있습니다. 지금 결제 링크 보내드릴 테니까 확인되시면 바로 말씀 주세요. 마감 임박이라, 진짜 오래 못 기다려요.",1,대출 사기형,augmented_llm
aug_대출 사기형_0308,"아, 고객님 안녕하세요. 국민은행 대출심사부 박준호 과장입니다. 지금 통화되실까요? 네? 네, 아까 신청하신 4천만 원 한도 건 때문에 연락드렸는데요. 음, 현재 조회 결과가 조금 안 좋게 나왔어요. 신용점수가 711점이긴 한데 최근 3개월 안에 현금서비스가 잡혀서 1차 부결입니다. 그렇다고 완전히 끝난 건 아니고, 제가 말씀드리는 건 우회 심사예요. 그러니까 저희 쪽 기존 채무를 먼저 정리한 것처럼 보이게 하고, 새로 한도 재오픈하는 방식인데요, 이걸 편법 대환이라고 내부에서 말합니다. 고객님 지금 우리은행이나 신한은행 쪽 대출 있으시면 그게 먼저 정리돼야 돼요. 아니면 저희가 마감 전에 처리할 수가 없어요. 지금 시간이 오후 2시 50분이라서 10분, 아니 15분 남았거든요. 어, 그 부분은 제가 도와드릴 수 있습니다. 다만 선납금 150만 원이 필요해요. 이게 수수료가 아니라 전산상 보증 처리금인데요, 입금 확인되면 바로 4천만 원 한도로 바뀌고, 금리도 9.2%, 아 아니고 4.2%로 재산정됩니다. 네네, 맞습니다. 고객님 지금 부결이 난 상태에서 바로 한도 재오픈하려면 이 절차밖에 없어요. 잠깐만요, 지금 입금 가능하신 거죠? 아, 어렵다고요? 그러면 지금 이 건은 오늘 닫힙니다. 제가 제가 말씀드리는 건 고객님 불이익 안 생기게 하려는 거예요. 일단 계좌번호 불러드릴게요. 메모되시죠? 15분 안에 안 들어오면 심사권 넘어가서 다시 접수해야 됩니다.",1,대출 사기형,augmented_llm
aug_대출 사기형_0309,"네, 여기 KB저축은행 맞습니다. 지금 통화되세요? 고객님 성함 확인되셨고요. 제가 바로 말씀드릴게요. 현재 고객님께 최대 1800만 원까지 대환 가능하신데, 전산상 신용등급이 8등급으로 확인돼서 오늘은 부결 처리로 떠 있어요. 아, 네네. 그런데 이거 완전 끝난 건 아닙니다. 고객님이 기존 햇살론이나 카드대출 있으면 그걸 저희 쪽 방식으로 먼저 정리하고 재심사 넣으면 가능해요. 그러니까 지금은 일단 한도만 열어두고, 실행은 보증금 입금 후에 잡는 거예요. 보증금이 70만 원인데요, 이게 수수료처럼 보일 수 있는데 실제로는 대출 승인 유지금입니다. 잠깐만요, 고객님 지금 다른 은행 대출 있으시죠? 있으시면 2차 승인으로 넘어가요. 아, 있긴 있으시다고요? 그럼 오히려 다행이에요. 그런데 오늘 저녁 5시 이후엔 이 시스템이 닫혀서 내일은 안 됩니다. 네, 제가 말씀드리는 게 좀 급하게 들리실 수 있는데, 지금은 마감 시간 때문에 그래요. 금리가 5.9%, 아 4.9%로 안내되는데, 최초 입금이 있어야 그 금리로 확정돼요. 입금 안 하시면 자동 부결로 끝나요. 고객님 지금 바로 처리 가능하신가요? 아니면 제가 잠깐 끊고 계좌 안내 문자 보내드릴게요. 네, 네, 네. 빨리 보셔야 합니다.",1,대출 사기형,augmented_llm
aug_대출 사기형_0310,"네, 고객님, SBI저축은행 상담센터입니다. 아, 지금 전화 받으신 거 맞죠? 네, 문자 확인하고 연락 주신 거고요. 현재 고객님 대환대출 신청 내역 확인됐는데, 신용점수 때문에 1차 심사에서 떨어지셨어요. 어, 정확히는 673점으로 잡혀서 한도는 2500만 원까지 가능하지만, 전산상 부결이라 바로 실행은 안 됩니다. 그래서 제가 대안으로 말씀드리는 건, 기존 대출을 완납 처리한 것처럼 만들고 새 한도 받는 방식이에요. 아예 불가능한 건 아니고요, 편법이긴 한데 많이들 하세요. 지금 저축은행 쪽은 오후 4시 40분까지 심사 마감이라서 시간 없어요. 고객님, 오늘 안에 선납금 110만 원만 먼저 넣으시면 심사팀에서 보증 확인 들어가고, 그 뒤에는 2500만 원에 금리 6.4%, 아 아니 5.4%로 재안내 가능합니다. 네? 아 그러세요. 잠깐만요, 제가 다시 말씀드릴게요. 지금 부결 상태라서 고객님 쪽에서 먼저 움직이셔야 해요. 이거 안 하시면 다음 주 재접수인데, 그러면 신용점수 조회가 또 잡혀서 더 불리해집니다. 그러니까 지금 바로 입금하셔야 돼요. 계좌는 기업은행으로 잡아드릴 거고, 입금 확인되면 20분 안에 한도 확정 문자 나가요. 아, 걱정하지 마시고요, 제가 계속 붙어서 안내드릴게요. 오늘 이 시간 아니면 진짜 어렵습니다.",1,대출 사기형,augmented_llm
aug_대출 사기형_0311,"여보세요, 고객님 맞으시죠? 아 네, 저는 국민은행 대환상담팀 김도현입니다. 지금 연락드린 이유가요, 어제 신청 넣으신 저금리 통합대환 건이 전산상으로 1차 확인이 됐는데요, 고객님 현재 신용점수가 642점으로 잡혀서 일반 대환은 부결이 났습니다. 근데 완전히 안 되는 건 아니고요, 제가 말씀드리는 건 편법이라기보다는 예외 심사로 한 번 더 들어가는 거예요. 지금 고객님은 기존 대출이 4건 있고 총 3천2백만 원 정도 남아 계시잖아요? 그래서 6.8%까지는 가능한데, 아, 잠깐만요, 제가 다시 확인해보니 6.8이 아니라 4.9%로 안내되는 조건이 있네요. 대신 조건이 하나 있습니다. 오늘 안에 선납 보증금 78만 원이 먼저 들어와야 전산이 살아나요. 이게 왜 필요하냐면, 고객님이 상환 여력이 있다는 걸 확인하는 절차거든요. 지금 이거 오늘 5시까지만 잡아드릴 수 있어요. 그 이후엔 자동 취소돼서 다시 부결로 떨어집니다. 고객님이 이 금액만 먼저 넣으시면 한도는 4천만 원까지 가능하고, 월 납입은 13만 원대로 맞춰드릴 수 있어요. 네네, 맞아요. 이건 지금 들어가시면 제가 바로 심사 올려드리는 거고요. 아, 그리고 고객님 지금 다른 금융사 현금서비스 사용하시면 안 됩니다. 지금 전산에 뜨는 순간 또 부결 나요. 그러니까 지금 지금 바로 이 보증금 처리하셔야 하고, 처리되면 제가 바로 승인 버튼 눌러드릴게요. 계좌번호 불러드릴까요? 잠깐만요, 메모하실 수 있으시죠?",1,대출 사기형,augmented_llm
aug_대출 사기형_0312,"고객님, 안녕하세요. 웰컴저축은행 여신관리부입니다. 지금 문자 받으시고 전화주신 거 아니고, 저희가 먼저 연락드렸습니다. 고객님께서 어제 저희 쪽 대환대출 조회를 하셨는데 한도가 2천만 원까지 잡혔거든요. 그런데 문제는 신용점수 때문이에요. 내부 심사에서 705점 기준 미달로 부결이 났습니다. 아, 그러니까 고객님 자체가 안 좋다는 건 아니고요, 최근에 카드론이 한 번 잡혀 있어서 그래요. 그래서 제가 지금 안내드리는 방법은, 기존 대출 중 하나를 잠깐 정리한 것처럼 처리하고 다시 넣는 방식입니다. 편법처럼 들리실 수 있는데, 실제론 전산상 상환능력 보강 절차로 들어가요. 대신 이 절차를 오늘 마감 전에 하셔야 합니다. 오후 4시 넘으면 오늘 배정된 한도 소진돼서 내일로 넘어가고, 내일 넘어가면 금리가 7.2%로 올라가요. 지금은 3.9%, 아 아니요 4.1%로 다시 정정할게요, 그 조건으로 가능하고요. 다만 보증료 54만 원을 선납하셔야 접수가 됩니다. 이건 나중에 대출금에서 차감되는 게 아니라 심사 통과용이에요. 고객님 지금 급하신 거 맞으시죠? 네? 아 그러세요. 그럼 더 빨리 움직이셔야 합니다. 제가 문자로 가상계좌 보내드리면 10분 안에 입금 확인 후 바로 승인 넣어드릴게요. 늦어지면 자동 취소됩니다.",1,대출 사기형,augmented_llm
aug_대출 사기형_0313,"아, 고객님 전화 받으셨네요. 하나은행 상담센터 이수진입니다. 지금 고객님 대환상품 쪽으로 검토 중이신 거 제가 이어받았고요, 현재 기존 채무 2건 합쳐서 2천8백만 원까지 저금리로 갈아타시는 건 가능하신데, 전산상 부결이 한 번 떴어요. 이유가 신용점수 618점이랑 최근 연체 이력 한 번 잡힌 부분인데요, 이건 고객님이 직접 연체하신 건 아니고 통신비 미납이 같이 반영된 거라서요. 그래서 제가 말씀드리는 건, 우선 소액 보증금을 넣고 한도 재조정하는 방식입니다. 지금 95만 원 먼저 입금하시면 저희 쪽에서 내부적으로 예외 승인 올려드릴 수 있어요. 아, 고객님 걱정하시는 거 아는데요, 이건 그냥 수수료라기보다 심사 가동비 같은 개념입니다. 그리고 오늘 오후 안에만 가능합니다. 지금 접수창이 한 개 남았고, 이거 지나면 이번 주 배정은 끝나요. 네네, 맞습니다. 고객님은 지금 금리가 5.7%로 보이시는데, 보증금 처리되면 3.2%까지 내려갈 수 있어요. 잠깐만요, 제가 다시 확인하니까 3.2가 아니라 3.5네요. 어쨌든 차이는 크지 않습니다. 지금 바로 처리 안 하시면 아예 대환 자체가 취소돼요. 제가 지금 계좌 불러드릴 테니 메모해주세요, 바로요.",1,대출 사기형,augmented_llm
aug_대출 사기형_0314,"네, 고객님. 토스뱅크 대출심사 담당입니다. 일단 놀라지 마시고 들어주세요. 고객님께서 신청하신 1천5백만 원 한도는 확인됐는데, 아쉽게도 내부 점수 기준에 걸려서 보류가 나왔습니다. 현재 고객님 점수가 689점이고, 다중채무가 3건이라서 일반상품은 어렵고요. 그런데 방법이 없는 건 아니에요. 저희가 지금 보증형 대환으로 돌리면 가능해집니다. 그러려면 우선 고객님 명의로 선납 예치금 63만 원이 들어와야 합니다. 이 금액은 심사 종료 후 돌려드리는 구조라고 안내되는데, 아, 잠깐만요. 그게 아니라, 환급이 아니라 대출 실행 시 차감 방식으로 처리되는 거네요. 어쨌든 지금은 먼저 들어와야 합니다. 마감 시간이 오늘 6시예요. 6시 넘으면 배정이 닫혀서 다시 신청하셔야 하고, 재신청하면 한도가 9백만 원대로 줄어듭니다. 고객님 지금 기존에 있는 대출을 하나만 정리하시면 월 상환액이 17만 원 정도로 내려가고, 금리는 4.8%로 맞출 수 있어요. 이건 제가 확실하게 말씀드릴 수 있습니다. 네? 아, 고객님이 직접 입금하셔야 하냐고요? 네 맞습니다. 제 쪽에서 승인키를 열어드릴 테니까 고객님이 지금 바로 처리하셔야 돼요. 안 그러면 오늘 건 그냥 날아갑니다.",1,대출 사기형,augmented_llm
aug_대출 사기형_0315,"안녕하세요, 삼성카드 제휴금융 안내팀입니다. 고객님, 어제 상담 신청 남기신 거 보고 연락드렸어요. 지금 고객님 상황이면 대환대출로 2천4백만 원까지 가능하신데, 아쉽게도 신용등급 하락 때문에 1차 부결이 나왔습니다. 최근 현금서비스 사용 내역이 있어서 그래요. 그래서 제가 드릴 수 있는 방법은, 기존 카드값 정리 확인용으로 72만 원을 먼저 납부 처리하시는 겁니다. 그러면 저희 전산에서 상환 이력으로 잡혀서 다시 재심사 들어가요. 편법처럼 들리실 수 있는데, 이게 실제로는 당일 재승인 방식이에요. 지금은 금리가 8.1%로 잡혀 있는데, 이 절차만 되면 4.6%까지 내려갈 수 있고요. 한도도 2천4백에서 최대 3천만 원까지 재산정돼요. 다만 오늘 밤 8시 전에만 됩니다. 그 뒤엔 심사창이 닫혀서 내일로 넘어가고, 내일 넘어가면 또 부결 확률이 높아져요. 고객님, 네? 아 지금 돈이 바로 안 되신다고요? 그 부분은 저도 이해합니다. 그래서 제가 말씀드리는 게, 우선 소액이라도 먼저 입금하시고 나머지는 제가 내부 승인으로 맞춰드리는 거예요. 잠깐만요, 제가 계좌번호 다시 읽어드릴게요. 지금 바로 메모 안 하시면 이 건 오늘 끝입니다.",1,대출 사기형,augmented_llm
aug_수사기관 사칭형_0172,"여보세요, 여기 서울중앙지방검찰청입니다. 본인 되십니까? 네? 아, 지금 통화 잠깐만 받으셔야 됩니다. 저는 검찰청 범죄수사과 김도현 검사라고 하고요. 본인 명의로 된 농협 계좌가 하나 압수됐는데, 그 계좌가 대포통장으로 사용된 정황이 확인됐습니다. 잠깐만요, 본인이 직접 개설하신 건지, 아니면 명의도용인지 그 부분부터 확인해야 됩니다. 아니 저는 그런 적 없는데요. 네, 그러니까 그 말씀을 지금 저희가 듣고 있는 겁니다. 본인 명의로 하나은행 계좌도 같이 연루돼 있고, 현재 지급정지, 쉽게 말하면 계좌가 묶이는 조치가 이미 올라갔어요. 아, 아니 그게... 저는 그냥 쓰던 통장인데요. 잠깐, 지금 쓰던 통장이라고 해도 본인 확인 없이 범죄에 쓰였으면 바로 압수 대상입니다. 그리고 이 사건은 지금 다른 사람한테 말하시면 안 됩니다. 가족분이든 지인이든 절대 공유하시면 안 되고, 제삼자 연락도 차단하셔야 해요. 지금 바로 전화 끊고 다른 데 확인하시면 안 됩니다. 네? 아니 왜요. 그게 아니라, 그러니까 수사 보안 때문에 그렇습니다. 본인 명의 통장으로 입금된 돈이 전부 추적 중인데, 이체 흔적이 남으면 본인도 공범으로 전환될 수 있어요. 공범이요? 네, 그래서 제가 지금 바로 본인 계좌 정보 확인을 해야 됩니다. 국민은행이나 기업은행 쪽에 추가 계좌 있으십니까? 아니요. 정확히 말씀해 주세요. 적금 포함해서 전부요. 음, 국민은행 하나 있어요. 그럼 비밀번호를 묻는 게 아니라, 예금주 확인용으로 마지막 거래시간만 확인하겠습니다. 지금 화면 보시고 최근 입금 건 있죠? 네. 그 금액 그대로 남겨두시면 안 되고, 지금 안내되는 보호계좌로 옮겨야 동결을 막을 수 있습니다. 아 잠깐만요, 옮기라고요? 네, 바로요. 지금 안 하시면 오늘 안에 금융감독원 통해서 전 계좌 압류로 넘어갑니다. 그리고 본인 신원조회도 검찰청으로 바로 접수돼서 체포영장 검토 들어가요. 잠깐만요, 제가 뭘 잘못한 거예요? 아직 확정은 아닙니다. 명의도용 피해자일 수도 있어서요. 그런데 시간 끌면 피해자 보호가 안 됩니다. 지금 제가 읽는 번호로 이체하시면 됩니다. 다른 사람에게 묻지 마시고, 전화도 끊지 마시고 그대로 하세요. 네, 제 말 이해하셨죠? 네... 아, 그리고 이 통화는 녹취됩니다. 지금부터는 제가 안내하는 대로만 하시면 됩니다.",1,수사기관 사칭형,augmented_llm
