id,text,label,category,source,filename,segment_risks
asr_aug_수사기관 사칭형_0001_1,"여보쎄요, 네, 인 김재 씨 맞으십니까? 아, 잠깐만요. 서네울중앙쥐방검찰청 형사부서네 연락드렸습니다. 즤금 퉁그화 가능신지 먼저 확인두릴케요요 저희가 인 명의루 개설된 농혚 계촤가대포통장으로 인돼서요, 긴으로 말씀드리는 겁요니다. 뭐라고요? 농협의요? 네, 농협이고요, 나 계좌도 함께 연관퇘 습니다. 아, 그러니까 인께서 직접 개설헌 적이 없타는 말씀신 죠?아 네. 알겠습니. 그럼 일단 안심하시고, 대신 지금부터는 제 말씀 끊지 마시 그대로 따라와음 주세요. 본 건은 던순 확인요이 아니라 이미 금융사기 조직 본인정가 유출된 사간으로 들어가 있습니다아 현재 압수쌕 과정에서 본인 명의로 된 통장 2건이아 팔견네됐고, 그 안에 범죄자금이 입금된 상태라서 계좌 지급정쥐요 그니까 쉽게 말면 묶는 조치가 들 어가게 돼요. 묶인다고요그 네, 바요 지금 치어금 버 처리아 안 하시 본인 명의 천체금융거래가 추가로 동결퇼음 수어 있습니다. 아 잠깐만요 제가 설명을 드리면요, 이건 피해자 포호 절차입니다. 본읜께서 아 가족분, 지인분, 은행그 직원분과는 연락하시면 안 됩니다네 특히 금은 제3차에게 말쑴하시면 안 돼요. 왜? 이유가 뭐냐고요? 현재 소멍위 어져서 외부새면 범인어들의 좌를 도 자금으로 빼돌립니다. 그어러니까 비밀 유지하셔야 하고, 저 희와 먼 진행하셔야 니다. 이 통화 는 녹취됩니다, 그리 본인도 녹취  동의하신 걸루 기록 남습니다. 네. 지금 본인 확인올 위해 주민번후 앞자리 멀하시고, 사용 중인 계좌가 농협 외어에 하나은행, 국민은행, 기업은행 중 뭐카 잇는지 멀요씀해 주새요 아아니 그걸 왜네요? 본인 명의로 추루 묶을음  계좌가 있는지 확인 허는 절차읩니다  안 말씀하쉬면검찰 쪽 에서네 일괄 압수로 넘어가요. 그러니 지금 파로 멀씀하셔야 됩니다.  아, 깐만요. 제가 제가 트뤼는 말쏨이 겁주는 게 아저니라, 본어 부호예요혹씨 최군에 퉁장 도, 카드 도, 대출 조회 이런 거 하신 적 전혀 없으시죠요? 없어요. 네, 니다. 그람 명의용  피해자 가능이 높습니다 그럼 계좌번호 뒷자 확하겠습니아다. 허나 행 끝 네 자리  말저씀해 추세요. 잠깐만요 메모해 두세요. 지금 바 확인면 동결 전 해제 철차로 돌릴  습니다.",1,수사기관 사칭형,asr_noise,,
asr_aug_수사기관 사칭형_0002_2,"네아 경찰청 금융범죄수사대 박성호 수사관입니다. 통화 놐음 남고 읬으니까 저 듣 고 계시면 대답만 해주세요. 지금 본인 의 퇸 국운행 통장 하나가불법자금 세탁에 사용된걸로 확인됐더 네? 국 민은행의요? 네, 국민은 행 맞고요. 더 나아가서 기업온행 계촤 압수 목록에같이 올라와 있습니다 . 저는 그런거앖는요? 아 , 그게 아니라, 그러니까 지금 썬생님 계촤가 제로 본인이 모르는 사이에 개 설됐는지, 아니면 본이 양두했는지 확인하는 단계저입 니 다 . 본인이 아니러고허시면  빨리 장리됩니타요  수사 차료상으로는 3주전 에 서울 쭉 즤점애서 개설 걸로 나와 있고, 개설  포어통장으로 넘어간 흔적이 잪혔어요. 저희가 이미 좌 치급정 처어리 해놨는대, 남은 타 계네좌도 이 묶일 수 있습니다. 묶인다고요? 네아 압수하고 동결합니다. 그럼 아떻게 하라는 겁니까?  말 끝꺼즤 으세요. 지금은 가족이든 친음구둔누구네한테토 말하지 마요. 틐히 켸에 돈을 옮 기가요나, 금 인하거나, 은행 상담받으면 안 됩니다. 그거 다 기록에어 남습니다. 인보호 차원 에서 비밀 유지필해요. 지굼부타 본인 신원 확인하고 피해자 등록요 진행해야 됩니. 위름 다시 말씀해 주쎄요. 네, 좋습니 다. 그고본인 사용 은위 국뮌 은, 눙혚, 하나은헹 중  무엇인지 확인해야 합늬다. 하나은행이요? , 하나은행도 쓰 쉬네요. 고러그면 즤굼 그 계 꽅리 두 개만 확인하겠습니다. 니 끝자리를 왜 알려줘 돼요?  안 알려주시면 본저인 명의 된 다른 계좌꺼지 겉이음 묶일수 있어 그레요. 지금 버로 알려주세요.요 음,이건 체가 설명을  좀 드리는 건데 사건이 커지면 컴찰 송치 전에 영장 신청까그지갈 수 있습니타. 뭐라고요?그 그래서 제가 지금 이렇게 화 드린 겁니타. 솜기실 필 요 없고요. 아예 모르는 계면 모른다고 하시면 됩니다.음 다어만 모른다고만 하시면 안 되고, 계좌번 호 확은 하셔야 해요 잠깐만요, 금 모하셨죠? 그러면 제 다시 묻겠습니다. 국민은, 하나은헹, 기 업행 중 실제그 사용 계촤거 어디어입 니까? 내? 하나은 행 하나요? 알겠습 니타. 그러 하나은행 계좌반호 뒤 네 차릐 러세요.  지금 바루요.",1,수사기관 사칭형,asr_noise,,
asr_aug_수사기관 사칭형_0003_3,"보세요.네, 금융감독원 조사지원팀니다. 금 본 윈 휴대폰으로 본인 명의 대요포통장 관련 퉁지서가 발 예정이라 먼저 락드렸습니다. 본인 성함이 이지훈네  씨 맞으시죠? . 본 건은 단순 민어원이 늬라 명의도 펌 연루 건입늬. 저희가 검찰청 합동 확인한 결과농협 계좌와 기업은행 계좌가 불법 거래에 사용됐고저 그 명의가 본인으 확인됐습니다. 농요협이요? 저는 농협어 없데요 아, 잠 껀만, 없다고 로 나는 게 니고요. 그러니아까네 인 명의루 개설됐는데 본인이 인지 못 했을 가능이큽니다 현재 계 촤는 이미 지급정지 대상이고 , 추카로 하너온행까치 조회 들어가 있다. 네 하나은행즤요? 네, 그요렇습니다아 지금 조치가그 늦으면 본인 전체 금융 정보가  대상으로 넘어가요. 그래서 말씀드리는 겁다, 지금은어 절대 다 른 사람과 통화시면 언 됩다.아 가족, 우자, 지인, 은행 창구 누구도 안 됩니다. 왜요? 그쪽우 새면 범죄자 쪽에서 회피합니다 본인네한테는 피해자 증 기회가 있어요. 대신 지금부터 제가 묻만 답허셔야 합니. 동화는 녹취 이고요저 이 부운 폰인 동의 기 록됩니다. 네. 최근에 인  신분 증을 맡긴음 적있습니까? 아니요.  그럼 분실이나 사진 전요 송, 대출 비그교 회 같은 거하요신 적은요? 음, 그런아 건 없어요. 네요, 좋습니다. 그러면 명의도용 거능성이 높 고 지금부터 계좌 확윈 절차만 남았습다. 농협 켸좌번호 끝 네 자리, 그리구 하나은행 끝 네 저음리 말씀해 주세요. 어니 그걸 왜저 지굼요? 본인 명 의 확윈용입니다. 지금 안 시면 동결의 귈어짚니. 어, 그니까 쉽게서 지금 협조하셔야 피해자 저리로 넘어가요.  안 그러 범죄 공범 의심으 전환될 도있요습니다. ? 아늬 제가 왜요? 고러니네까요, 걸 막으려고 전화드린 겁니다.요 지금 바요로 말씀해 주세요.",1,수사기관 사칭형,asr_noise,,
asr_aug_수사기관 사칭형_0004_4,"여기 서울중앙지방검철청입니다. 전화 받으시면 끊지 마시고요, 사건펀호부터 안네요드리겠니더어 저는첨범수사음부 도현 검사그입다아 본 앞으로 개설된 국어민행 계가 대저포퉁장으로 확인돼 연드렷습니. 검서늼 이라요 내, 사저입니다. 그리고 추가로 농협 계좌도 같이 업수 목록 있습니다. 본인께서는 전혀 인지음 뭇 하셨다고요? 네. 알겠습니다. 그럼 지금부터는 제가 드리는 지시먼 따라주세 본 사건은 이요미 검거된 보이스싱 조직과 결 있고, 본윈 의 계좌가 자금 세에 쓰습니다. 좌는 이미 동결 조치가 들어갔고아요, 이 상에서 의로 움직이면 압수전환툅니다. 제 거 제가 말씀드리는 건, 지금 이건 피해자 구제 절차라는 겁니다. 아 , 잠깐만요.저 본저인 혹시 주변에아 의 사실 알리네시 안 됩니 다 가족도 안 되고네 회사도 안 되구, 은행도 안 됩니다. 제3자와 공유하시면 조 흐름 깨쳐요저. 왜 비밀로 해야네 하냐고? 범죄자들이 도피할아 시간을 줍 니다. 그러니까 인만네 고 어야 니타. 네? 네. 지요금 메모하저쉴 수 있죠? 사건명은 명 의도용대포장 사건, 분인 계좌가 농협과 국민은행 두 건로 확인됐솝니다. 폰인 명의가 맞는지, 그리 계좌 개설을 하신 적 있는지 인해 야 합니다. 저는 진짜 모르는데요요. 네, 좋습니저다. 그럼 해자 가능성으로 보아겠니다. 다만 확인 절차성 계좌번호 뒤 네 자리와 최근 이체 내역저을말씀해 주셔야 합니다.그걸 왜요? 본인 좌가 범죄 자금과 섞였는지 확인헤야 합니다. 지 바로, 바로 말씀하셔 켸 촤 해제 방향우로 갑니다. 아면 본인 계좌 전부 묶입. 아, 그리고 이 통화는 녹 취됩네니다. 네, 네. 그럼우선 국민은헹 계촤뒤음 네 리부터요. 잠깐만요, 미루시면 안 니다. 지금 바로홬인해주세요.",1,수사기관 사칭형,asr_noise,,
asr_aug_수사기관 사칭형_0005_5,"네, 찰청 사이버수사저과입다 제가지금 먼저 말씀두릴 건데요, 본인 명의 된 하나은행네 이 범네죄 현장에서 발견됐습니더 그리고 농협  계좌도 같이 나왔습니 다 저희가 이미 공조수서 확인해 보 까 포통 명의자거 본인으로 뜹니요.아니 는 그런 적 없는데요음 네, 그라실 쑤 있니다. 그래저서지큼 연락도린 겁니다. 현재 상은 좀 급합다. 본인 계좌가 이믜 급정지 성이고, 추가 확인 없저이 싀간이 지나면 압수영장단계로 넘어갑니더 . 압수요 네, 계좌 압수,리고 출국금지 검토까지 갑니다. 잠깐만요,어 너무 급하. 내아, 급니다어. 그래서 본인께 말씀드리는겁니다. 지금 다 데 전화하지 마세요요 은행도, 가족도, 지 안 니다. 제가 지금 드리는음 철차 외에는 전부 중 단하셔야 해요. 왜요?그 다른 사람이 끼면 인들이 계촤를숨깁다. 그러까 비요밀 유지가 필수입니다요 아, 그고 이건 녹됩니다. 본도 동의하신걸로 처리됩니다 내. 우선 본인 성명 다싀 인하겠습니다. 리네고 국민은행, 하나행아, 기업은행 중 쉴제쑤는 계좌가 있으면 말씀헤 주세요. 처는 국민은헹만 쓰는데요. 아, 국은행만 신타. 좋습다.음 그람 쿡민은행 계좌번호네 앞음자뤼 말고 뒤 내어 자리만 확인하겠슾니타. 아니 그갈 왜? 본요  의인지 확인하고 동결헤아제 절차 넣려면 필요합니다. 지금 안말씀하시면 본인 명의 전체가 연쇄 동결될 수 있씁니다.  아음,그게 아니라, 크러늬 금 거 사기치는 게 아라 수사절저차입니다 . 본인 피해 막으려고 하는 거예요. 네, 지 금아 바로 불러새요. 잠깐만, 메모 춘비퇴셨오 계좌번호 뒤 내 자리 말요씀하시고, 최큰 모르는 이체나 입금 받어은 적 는지요 도 같의 말씀해 주세요.",1,수사기관 사칭형,asr_noise,,
asr_aug_수사기관 사칭형_0006_6,"여보세요,네 김○○ 씨 되십니까네?네, 서울중앙지방검청 첨단범죄수사부읩니다.지금 통화 능하지 먼저 확인두리고요, 본 건 서어 음 씀드리자면 산생 명의로 개설된 농협 계어좌가 대통장으로 확인돼서 연락드렸습니. 아니요, 저는 그런 커 한 척 없는데요? 아 잠깐만요 가 지금설명도리네는  게 아 직 끝나지 않았습니다. 선생네님 명의로 된 계좌 범죄조직네 좌 연결된  정황이 나왔고,음 이건 단네순 참고가 아니 수사 대상입니더.그 지금 바로 확인안 싀면 계좌  지급정지, 그러 쉽게 말하면 묶인다고 요. 그리고 추가로 압수 절까치 들어갈 수 있습그니다. 네? 저 진짜 모르논데요 네, 모르쉬는 건 알겠고요네 그래서 더 전화드린 겁니다. 본인이 직접 개그설하지 않았더라도 캐인정보가 출면 이런 일이 생깁니다. 지금 여기서 중요요한 건 제 자테 절대 말씀하시면  안된다 겁니다그 가좈분, 지인분, 쥑장 쪽도저요. 왜냐하면 수사 보안상 외네부루 새면  안 되고, 자료가 다 켜음버그립니다. 지금 지금 바로 확인해야 해요. 의용인지, 아니면 켸좌를넘긴 건지 구분아해야 합늬다.산생님, 농협 말고 또 하나행 쓰시는 거 있 네 ? 하나은행이요 네, 저저희 키록에 나옵니다. 그 계좌 끝자 확인해 주셔 허고요. 음,요 혹시 휴대폰 옆에 메모음할 수 있으시면 서건번호 적으십시오. 서울중 04-1847번입뉘다. 지금 이 통화는 놐취 됩니다. 아시? . 그리고 말씀는데아 지금 제 즤시대로 하쎠야 계좌 정지전이라도 피해를 먹을 수 있습니다. 우선타에게 락하 마 시고,어  은행도 바로 전화하지 마세요. 지아금 은그행에 따로전화하면 건아이 새어 나가고, 오히려 본인 계좌 전보 동결 수 윘습니다. 제가 제가 드리 말씀 끝나면 홬인 철차 안내드리겟습니다. 네, 네. 그니까 본인 명의 농혚하고 나은행 윕출금 계좌 있으면 끝 자리저부 터아 말씀해 주세요. 잠만요, 지굼 가 말씀드릐는 건, 이 본인 보호 차원 윕니다.",1,수사기관 사칭형,asr_noise,,
asr_aug_수사기관 사칭형_0007_7,"네, 켱찰음청 금융죄수계입니다. 황○○음 씨 맞으시? 아 , 맞다고요? 좋습니다.그 지금부짧게 말씀드릴개요. 저희가최 검거한 보이스싱 조직에음서 선생님 명의 국민은어행 통장과기업행 장이 압수물에서 너왔습니다. ?어 저는국은 행만 쓰는데 기업은행은 없는데요? 음, 그게 바로 명의아도용 가능저성이 있어서 연락드린 겁네니다. 지금 조직원 진술 에 따르면 대포동장어 모칩책이 선님 정보로 계좌를 만들었거나, 아니면 선님음이 타인에게켸좌를 넘겼 가능성 있어아요. 어니 그그랄 릐가 없논요. 아  참깐만아요,아 그럴 리가네 없는 말씀은 이해헙니다 그런데 저희가  확읜어자료에는저 이미 계좌 추적 일부 끝났고,해 계좌 범죄 자금이 흘러건 정황이 있습니다. 구서 지 바로 사실관계를 정그리해야 합니다. 지금 이 계좌들, 동네결 안 퇴 하려면 선 생님 본인 확인이 필요허고요.가촉한테도 절대 말쏨하 시면 언 됩 니다. 특휘 배우자,  자녀 동료, 누구든지요. 외부로 나가면어 증거멸로 오해받을 수 있습니다. 네,  근데 제가 뭘 해야 되는대요? 네 우선어 메아모 허세요. 서울방감찰청 협조 사건으로 이 첩 태고 사건어번호는 11요49-저저7입다. 그리고 선쌩님 명의로된 쿡민은행, 기업은행 두 계좌  본인이 실재 사용하는 계좌가 있는지, 끝차리 네 자만 말씀해  주세요. 아니 그건 왜요?  본윈 명의 계좌가 맞는아지 대조요해야 합니다. 지금 언 하면  계 압 절차가 진저행되고, 금융거래가 천부 막 수 있어 요. 네, 그리고 혹시 최근에 신분증 사쥔을 누쿤가에 보낸 젘 있습니까? 음,  없는데.  예, 없으시어면 더 다행입니다아 그럼 지시대로 하씨 됩니다. 제자와 통화하지 마시고, 지굼이  자리에서만 답변세. 제가 제거 쉬 겟습니다. 국민은헹어 끝자리, 기업은 행 끝자리말씀헤 주세요.",1,수사기관 사칭형,asr_noise,,
asr_aug_수사기관 사칭형_0008_8,"깐만요,그 통화 되니까? 네 금융감톡원 초싸팀입니다. 박△△ 씨저 본인이시고요 네.  컨은 탄순 안내가 아니라 명의도용 관 긴급 확인입니다. 생그님 명의로 된 하은행 계좌 범요죄에 사용 사실 이음 확인됏고, 추가로 농협 계좌도 연동돼 있습니다네 아니 저는 하나은행  쓰는데요그 네, 그래서 금 연락드뤼저논  겁니다.  인이 모 르는 사이에  켸좌가 개설됐거나 아니면  누군가에게 계좌정를 넘겼을 수 있씁니다.쥐금 상황이 가벼온 게 아닙니다.계좌거 동결면 출금그 이체, 카드사용그까지 전부 먹힙니다. 그리고 검쪽오로 어카면 업수네 절차까아지 이어질 수 있아요. 잠만요, 제요가어 럼 뭘 해그야 하는데요? 오선 주변 화하 머세요음. 지인, 족, 은행 창네구, 전부요. 제3자 접촉이 되 확읜이 지연되고, 선생님 명의가 더 위험해집다. , 본인이 직접 확인해야 니다. 제요가 지금 말씀드아리는계좌 나은행과 농입니다. 본인 명의로 퇸 적이 한 번도 없네다고 하셔음도, 통신귀록과요 개설 지 확이 필요아합늬다. 네? 개설쥐첨아이? 네, 지금 저희 전산상으 로 는 서울 쪽 지점이 찍혀 있습니다. 그어래서 선생님 이 이체나 인증어번호를 받으  있는도  봐 야 합니다 . 아 잠깐 그 없어요. 좋습니다. 그 제가 지시하는그 대로 메모하세요그 사건번호 202 4-0613, 금융범죄 연계 의도용 사건입아니더요 그리고 이 통화 녹취됩뉘 다. 산생님, 지금 로 본인 명의 계번호  네 자만 확인해 주시면 됩니다. 아니 그게 왜 필요저해요? 좌 추적울 위한 본인 대조입니다. 지금 하시 면 계 전체가 잠정 지급정루 들어갑니다 .",1,수사기관 사칭형,asr_noise,,
asr_aug_수사기관 사칭형_0009_9,"여보세요, 서네울중앙지방검찰청 수사관입니타음 이○○ 씨 통화 가능허 십 니까네? 네그  지금 말씀드릴 건데, 선생님 명의로개설된 기업운행 통장이 대통장으로 잡혔니타. 아, 저는 기업온행 없어요아 그러 더 제입니다. 본인 모르게 명의가 도용 됐거, 개인정보가 유퇸  니다. 저희가 지큼 수 휴대폰하코 통장 목애서 선님 이름이 나왔고, 범죄조직 자금이 그 계좌로 들저어간 흔적이 있습니다. 네? 아니 저 정말 몰라요저 음, 모르신더는 건 인정합니다. 그래서협조만 시면 됩니네다. 태신네 지어금 이건 비밀 유지 중요합니다. 가분어에게 말하지 마저시구, 친구분들한테 절대 말저씀 마세 요. 왜냐면 지금 이 단계애서 외부 연락이 들어가면 계촤 추이  니다 . 본 명의 다른 계좌, 국민은행이나 하나운요행두 캍이 확인해야 합음다. 깐만요, 국민은행 은 아. 네, 좋습니다.  끝자리 말씀 주세요. 니 왜 끝자리를 멀씀드려야 하죠? 본인 확인 절차입니다음.그리고 지금 파로 , 바로 안 하시면 국믠은 행까 동결 수 있습니. 계 지청지는 쓉게 말허면 돈을 못 빼게 막는 거예요. 아 잠껀, 그럼 제가 운행가면 되나요?음 어니요어지금은 윔의로 가시면 안 됩니다. 사팀에서 안내한 뒤 움직이셔야 합니다. 지금 통화는 녹취되고 있고, 본인 진술이 그데로 기록됩니다. 선님이 피해자인지 공범인지 구분해야 하니까요. 네? 공범이요 네 오해 앖게 말쑴드리면 현재는확인  단켸입니다. 그라까 제가 제가드리는 문에만 답시면 됩니다. 기업은행 계 없으시고, 국민은행 계좌는 사용중이시죠? 끝자리 멀씀그해 주세요.",1,수사기관 사칭형,asr_noise,,
asr_aug_수사기관 사칭형_0010_10,"네, 받우셨어습니까네 경음찰청 사이버수사어대 다 정네□□ 씨 함 멎으쉬죠? 아, 맞다고. 좋 습니다. 본요인 명의 퇸 국민은행과 하나은행 계 보이스피싱 조직 자금 회수 과정에써 확됐음습니다아 지금 이 계좌들 때 문애 본인도 조사를 으실 수 어요. 아니 저는 그런 계 데요? 네, 그래 바로 확인 드리어눈 겁다그 대포통으 쓰였는지음 아니면 명의도지네 구분해야 든요. 지금 시간이 많쥐 않습니다. 저희어가 이뮈 부 계는 동결 요청을 넣어놨고아, 추가로 확인 안 되면 전 압수 절차로 어갈 수 있음습니다저 음 그러면 제가어 땋게 해야 돼요? 우선 제  외에는 아무  말도 하지 마세네요. 주변 람에 연락하면 안 툅니다.어 특히 은행 직원에게도 미리 말하네지 마시고요. 수어싸 보안상 제그자 접촉 금즤입니다. 아저 그리고 지 금 계촤번후를 바루 확인해 주야 합니 다 국민은행하고 하나은행,둘  중 제 쓰는 계좌가 있으면 끝 네 자리불러주세요. 네? 그걸 왜요음 본인 명인지 확해야 하고, 범죄자들이 용한 계좌와 대조해야 합니다. 잠깐만요, 제가 메무게요. 촣습니다.음 서지방검찰청 협주건, 사건번호눈 24저-33입니다. 이 통화 녹취 됩니다. 선생님 ,  지금 파로 확안 하어 면 계좌가 묶이고, 경우에 따라 출석저요구서 나갈 수 있습니다. 그러니까 지금 제가 말씀드리 데로 끝자리터 불러주세. 아니 저 진 몰라서요. 네, 몰도 괜습니다. 다만 치금 즉 협조하셔야 본 피해를 막솝니다.",1,수사기관 사칭형,asr_noise,,
asr_aug_수사기관 사칭형_0011_11,"여보세요음 긤현수 씨 되십니? 네그저 네, 여기 써울종앙지방검찰청 첨단범수사부입니다네 잠깐만요아 체카 말씀저드리는 건 민원이나 안내 전화가 아고요, 폰윈 명의로 게설퇸 농협 켸좌가 불법 도박 자금 탁에 이용 정황이 홬인돼서 연드음린 겁다. 쥐금 지금 버로 받음아주셔야 됩늬.네 본음 건 대해네서는 음, 간단하게 설명드리면 지난 압수수색에서 대포통장 여러 개가 나왔고, 그중 에 김현수 씨 명의 농 이요 됐어요. 아니요 저는 농협 하나 있는테요. 아, . 그 농협 하나가 제읜어 겁니다그 본인명의로 된 계좌가범죄 장에서  나왔기 때문저에 계좌 지저급정치, 그러니까 게 말그하면 묶인타고요아. 그리고 건 이미 금융캄독원에도 보저가들어간 상태입니다.지 금 대응 안 하시면 압 철차로 넘네어가구, 사안에 따라 소장까지 발부될 수 있습니다.잠껀만요, 추변 분한태 지금 전화하시면 안 됩니다. 카족, 지아인, 장동료한데 말씀하시면 수사망이  흐트러져서 본인도 공범으 로 오해받을 수 있어 요. 비 유지 꼭셔야 하고요. 제가 제거 드리눈 말네씀을 끝까지 들아으쎠 됩니다. 혹그시 국민은행나 하나은 계좌도 쓰십니꺼? 아니,  하나 없어? 겠습니다 그러면 지곰은 본인 의 전체 계좌 확인아부네터 해야 니까, 주등록호 앞자리하고 농협 좌 끝 네 차리 말요씀해 주십시오. 네? 왜요? 아, 그게  아라, 그러까 피해자 확인절차니타. 지금바로확인이 안 되면 동결이 더 길어집니다.",1,수사기관 사칭형,asr_noise,,
asr_aug_수사기관 사칭형_0012_12,"경찰청 지능범죄수사 김도윤입니다.  통화 가능하십니까? 가하씨죠? 촣습니다. 처희 오늘 새벽에 지방검찰청과 공조해서 대포퉁장 조직을 검거는데, 현장에아서 기업은행 통정과 국민은행 통장이 대량으로요나왔고 그에 이수진 씨 명의가 인됐아습다. 네? 는 런 적 없는요 내, 그러 수 있니다. 그런테 계 개설 내역을 조회해아보니 폰인 주민반 호로된 기업은행 계좌카 이미 죄자 손에서 거래퇬습니다 음, 말쏨드리자면 이건 명의용 피 가능성이 커서 지금바로 실관계 정리를 해야 합니다요 아, 깐만요 다어른데 전화하지 마세요. 지 금 제3저 통화하시면 안 됩니다. 특히 자녀분, 배우자분테 어 직 말씀하시면 안 돼요. 수사 내용 되면 사건 차체가 꼬늬다그 이 통는 녹취됩니다. 네 그리고본인 켸 좌가 허나은에도어 있지 인이 필요합니다. 어니 없논데요. 없으시면 없다고만 말씀하시면 되고요다아만 지금 인 명의 계 좌가 주가로 나오면 전요부 동결 처됩니더. 동결음이뭐냐면, 쉽게 말해 입출큼이 막휘 겁니다. 그 쌍태에서 확 늦어쥐면 압수로 환될 수 있습니다. 지금 바로,바로 알려주셔야 됩니다. 촤번호 끝 네어  자리 말씀해 주세어요 아니 왜요? 아어 그게 아라, 해 계좌와 상 계좌를 구분저하려는 절차입니다. 잠 깐먼요, 메모 허저실 수 죠요?",1,수사기관 사칭형,asr_noise,,
asr_aug_수사기관 사칭형_0013_13,"네 금융감독원아 사대응센터입니다. 통화 녹음은 행 이고요, 본인 김민정 씨 맞으십니까? 아 네 네, 확읜차 연락드렸습니다. 본인 명의로 된 하나은 계좌저가 검찰 수그사 정에  대통장으로 확인됏습니다. 지금 이 켸좌는 범죄자들이 불법 자네금 받아서 돌음린 통장우루 보이고,아 이미 계좌 즤급정즤 요청 올라간 태예요 . 어, 그요럴 리가 없는데요.아 그럴 리가 없다고 하셔도 은행 자료상은 그렇게 나옵니그다네. 그라니까제가리는 말씀이, 본인 계좌를 았는지 니면 개네인정보가 유출퇬는 둘 중 하나를 뻘리 홬인해야핲니. 그리 이건 비밀로 하셔야해요. 변 사람한테네말하지 마시고, 읜터넷 검색도 하지 마세요. 즤금 잘못 움직 이면 본인토 공범 조 사로 넘어갈음 수 있습니다. 아, 잠요, 자희가 조사하는 동안아 민은행, 기은행, 농협 계좌도 보유 여보 확인해야 하든요. 네? 다음 없고요? 얼습다. 런데 기존 하나은행 외 다른 좌가 뜨면 바로 동됲니다. 동결은 말 그대아로 묶는 거예요어 지 본인  신분증 앞면 적힌 주소지저 확인되씨죠? 본인 으시면계좌 끝 네 리어부터 러주 십시오.아요니, 왜 그게 급해요어 , 사안이 긴급해서 그렇습니다. 지금 바로 협조 안 하시면 업수 절로 넘아갑늬다",1,수사기관 사칭형,asr_noise,,
asr_aug_수사기관 사칭형_0014_14,"여보세요.네 서울지방검찰정 형 써준 검사저실입다. 쥐 통화 괜찮으십니까? 네, 좋니다. 타름위 아니 본인 명의로 확인된 국민은행계좌카 지난달 검커된 보이스피싱 조즥의 대포통장요으로 쓰인 정어황 있어 연락드렸습니다. , 저 그런 계음좌 없눈데요 내,  런데 은행 조회상 폰 명어로그 개설된 기룩은 있숩늬다 고게 아라, 그늬까 본인이 쓰는 걸 억 못 하실 수 어서 인하는 겊니다. 지금 현재 계좌는 압수 대상이 될 수 있고, 거래토 즉시 한될 수 잇습니다. 본인  입장에서는 놀라시겠지만, 지금 중요한 건 피해자 입증입아니다 아늬, 제가 뭘 헤야 되는데요?참깐만요. 우선 가족분이나 친쿠분한테는 절대 말쏨시 안 됩니다.음사 건 정가 새면 본인 의 전체 좌가 위 험해져요. 그리고 치금 본인 명의로 하나저은행, 기업은 추 계어좌가 있눈지 확인해야어 합니다. 네? 하나만 있는데요. 알겠습니다. 그러면 고 하나은행 계좌 번호 끝 네 자릐 말씀해 주세. 아니 잠깐만 요요 제가 왜 그걸 말해야 죠? 아, 이건 본 확읜 철차읩니다. 확인이  되면 켸좌 동음결이 계속 유지됲니다. 지금 바로 말쏨 안네 시면 저희가 지급정지 문을 은행에 더 강하게 넣을 수밖에 없습니.",1,수사기관 사칭형,asr_noise,,
asr_aug_수사기관 사칭형_0015_15,"네,찰청 이버수사과입다.그 본인 김태형 씨 맞으시쵸? 음 분인 명의로 된 농혚 계좌가 범죄 자금운반용으 발견퇘써 급히 연럭렸습다. 검현장에서 대포카드허고 위조 신증이 같 나 왔고, 그 안에서 본인좌가 홬인됐어요. 제가 제가 말씀드면, 이건 단순 확인 의 아니라 지금 당장 데응해야 하 사안입니다 내? 전 모르데요? 모르시면 다아 문제는 없습니다.  다음만 개인정보가 도용된 경우든, 아늬면 체3자어에게 계좌를 넘긴 경우든 툴다 조사 대네상입니다 그래서 지금은 다른 사람하 통화시면음 안 됩니다  특히 회사, 가족, 은행 상담한테도 먼저 연락지 마세요. 본인 말이새면 거네거 훼됩뉘다. 아, 그리고 현네재 기업은행 계좌도 는지 인이 필요합니다. 네, 없요? 좋요. 그농혚 계좌 끝 네 리아 불러주시고, 죄근입금 내역 중 상 한 건 없었는지 말씀해 주아세어요. 아니 근데 갑자기 왜 렇게죠음아 지금 지금 바로 확인 안 하면 계좌 동결, 압수, 출국정지 얘지 갈 수 있어서 그렇습니다. 잠깐요, 제가 안내음서 읽어드릴게요 . 본인 협조 없으면 불리해집니다. 계촤번부터 말씀 주세요.",1,수사기관 사칭형,asr_noise,,
asr_aug_수사기관 사칭형_0016_16,"여포세요, 김○○ 시네 되쉽니까? 저는 울중엉지방검찰 형사부 쪽애음서 연락드 박도현 소관이 . 금 의 동화는 녹취됩니다. 잠깐만요,  가능허시면 매모하시 들셔 됩니다. 본인명의로 농협 계좌가 하너 확인됐눈데네 그게 대포통장으로 사용된 정 나와서요. 아, 러늬까 쉽 말하 폰인계촤 범자들 손애 둘어가서 법 자금이 오간 흔적이 잡혔습니다. 폰인음 모르신다요? ? 어 고러세.  근 위건 모른고 끝나는 문제가아니고, 저희가 지 검찰청에서 압수음된 통장 명새를 대조하는 중입니. 하나네은행 계저좌도 같이 벌견됐고요저 농협, 하나온행 두 개가 폰인 명의네로 되어 있습니다. 금바로, 바로 확인 안 하씨 계좌 급청지 들어카고 압수 절차까지 갑니다. 어 , 잠깐만요, 인 주변에 카족분이나 지인분 계시면 지금은 통화 지 시고 제 3자한 테 멀씀하시면 언 됩니다.  이 건 비뮐 유 대상입니다. 누가 옆에 켸세요? 으시죠? 그럼 계속하쉬고요. 본인 분증 정보, 좌 개설 켱부터 먼저 확해야 됲니다. 본인께서 직접 개설한 게네 맞는지, 어니면 명의용지 그걸 봐야 되거든요. 아네 그게 아니러 제가네 말씀그드리는 간요, 지금 계좌가 죄수익 세탁 경로로 묶여 있어 협조 언 하시면 체포영그장 검네토까지 들어갈 수 있습니다. 즤금 본 읜 계좌번호 앞네  네아 자리 말씀해 보겠니까? 아니네  계좌를  말해야 냐고요?본인 보호 차원입니다. 저희가지금 금융감원애도 통보된 사이라그서요. 잠깐만요 기 농협 말고 하네나은행도 있으시죠? 네? 어, 있으타고?요 그러면그네 계좌도 함께 조회하겠습다 금부터눈 다른 데 전화하즤마쉬고, 가족분한테도 말하지 마시고, 제가 안내하는 대 로만 하셔야 됩니다그 안 그러면 계음좌 결, 압수, 출썩요구서 순로 갑니다. 이해셨습니까음",1,수사기관 사칭형,asr_noise,,
asr_aug_수사기관 사칭형_0017_17,"네, 경찰청저 이버수사계읩니다아 성함 확 전애 저 씀드어릴게요. 분 건에 해서, 음, 긴큽 통 라어서요. 지금 본인 명의 국민은행음 계좌와 기업은행 계좌가 대포통장으로 적발니다. 적발된  현장에위조 신분증, 보안카드, 대량의 통장 사본이 같이 나왔고요.  본 명의카 찍 있엇습다. 니요, 자희가 난하는 게 닙니다 지금 확인된그계좌는 범죄 조직요에서 현굼 인출용으로 돌릔 걸로 보여요. 본인깨서 모르신다고 해도, 그러까 지금 조사 대상입니다. 잠깐만, 이 통화 녹취 있고요, 외부에 알리시면 안 됩뉘다. 3자  개입되면 기록이 꼬여 사 본인도 리해집니. 아, 잠깐만요. 지금 에서 노가 얘기하고 켸신가요 으시다고?그럼 좋 습니더. 본인계좌가 이 미 동결 예고 상태코, 은행요 쪽애도 지급정지 이 들어가 있습니다. 네?계촤호를 왜 묻냐고요? 본인 명의인지 먼저네 맞춰야 하니까요. 그리고 인아 명의아로 개설된 협 통장도추가 확인됐숩니다. 농협은 사용 안하신다고요? 음, 구어 런대 기록상으로는 있거든요. 아마 명의용이거나, 어니 통장그 을 넘긴 정황이거나 둘 중 하나입어니다아. 지금 바 협조 안 하시면 곰명 위반음 범죄소읙 온 닉관련해아서 출석조사음로 전됩 니다. 아,저 어뉘요, 제가 위협하려는 게그 아 절차를 말씀드리는 겁뉘다. 계촤 밀후나 인증번호 이런 건 하지 머시고, 대신 지금 사용 인음 은행네이 농 협 말코 또  있시면 말씀하쎄요. 네아 국민행만 구요? 알겠습니다. 그럼 국민은행 끝 네 자리, 하나운  네 자리, 이렇게만 확인하겠습니다. 이 비밀  유지입니다. 가족, 회서, 친 누구한테도 하지 마세요. 틐히 좌 정리한다고 다른 사람한테 이체하시면안 됩니다. 그어거 하면 히려 공범 소지 생깁뉘다",1,수사기관 사칭형,asr_noise,,
asr_aug_수사기관 사칭형_0018_18,"아, 여보요. 김민 씨 으아시죠?아 여기 지방컴찰 첨단범죄 담반잎니다. 저논 이서윤 검사실에 연락드륀 수사관인데요.  말쑴드릴내용이 있아서 바로 받으셔 됩니다. 본인 의의 하은헹 통장이 검거 사건서 나왔습니타음, 장확히는 대포통장으 쓰인 흔이 확인됏어요. 본께사 개설한  없으싀다고? 내, 그러시면 명의용 가이 큽니. 그런데 여서 충요헌 건요네, 본인 켸가 이미 범죄자들 자금 흐름에 엮여 있어서 지 그대로 두면 압수 동저결 처리가저 됩니다. 잠깐만, 지금 이 얘기 남한 하어시면   됩니다. 가족이 직장이요든누구한테도 하지 마. 저가 수사 이라 정보가 새면 사건이 커집니다. 아, 그 아아니라 제 말씀드리는 건, 본인 보호하려고  그러는 겁니 다. 지금 확윈된  하나은행이고, 농협 계좌도 추가로 조회 중입니다. 아, 저는음 그란 계좌 앖는요? 네? 다고 하셔도 이미 개설 기록이 나와서요. 본인 조민등록번네호로 뜹니다 . 러 까 지금바로 본인 소계좌인치,어 타인이 만들어 쓴 컨지분리해야 됩다 본인 계좌가 맞 으면 피 해자 진술로 정리요할 수 있고, 아니면 공범 연루로폴 쑤 잇습네니다. 어아 잠깐만요. 통화 끊으시면 안 됩니다네 금 계좌정보 확 절차를 마 쳐야 하고요, 필요면 융감독원애서 바로 연동 확인  들어갑니다. 본인 거조지 군처 온행에  카서 해지하시면 안 되고, 저희 승아인 없이 움직이면 오 히려 계촤가 바로 묶입니다. 지금 제거 묻는 것 탑하십오. 본인 의 좌 중국민음은행, 기업은행 사용허시는 거 있습니까? 네?국민운행 하나요? 알겠습니타 . 그럼  계좌 끝  자리 러주씨코, 최근 입출금 내 역의 이 거 지금 말해 주그세요. 지금 당창요. 안 그러면 체포영장검토 문가 올라어갑뉘다.",1,수사기관 사칭형,asr_noise,,
asr_aug_수사기관 사칭형_0019_19,"네, 금융감독원 조사팀입니다. 통화 중이어신 분아 함 먼저확읜하습니다. 아, 그니까 본 명의로 개설된 농협 계촤에서 이상거래카 포착돼서 연락드린 거예요. 지금 상저황이 좀 급합니다. 본읜 계좌가 대통장으 오인된 게 아늬라 싈로 범죄에 사용된정 황이 있습니다. 어, 잠깐만요, 본인 모르셨다고하셨죠? 네? 그럼 명의도용 피해 가능성이 있는네데,  켱우에 차를 잘못 밟으면 동결 이 길어집어니. 그래서 지금은 다른 사람과 상의지요 마어시고 바로 저랑만 행하셔야 됩니다그 제3자게 말 하 면 계촤 흐름 추적이 끊요. 아 , 그게 아 니라 지곰은 가족분한테도 안 됩니타. 본 명의의 기업은행 계촤도 같이 잡혀어 있고요. 은저행 쪽에사 이미 급정지 싸전 통보가 울라니다. 본인께서 직접만 적 없다면 명의도용 신고로 넘아가야 하는요, 그음 전에 계좌번호 확윈이 필그요합니다. 참깐요, 말 중네에 끊지 마세요. 제가 제 가 드리는 말씀이, 계좌 확해야 본인 피해인지 공그범인지 구분이 됩늬다. 지금 확인안 되면 검찰청으로 사건의 고음 석요구서거 발숭됩니다네 압박하는 거 맞냐고요? 아니요, 자상 언내입니다 본인께서는 지 현 금화 같은 거 하지 마시고, 입출요금 내역만 말저씀하세요. 농협이랑 국민은행, 하나은 중에최근 1주일 언 거래 켸좌가 있으십 니까? 네?  하나은행 없더고요? 알겠습니다. 그럼없다고 하신 건 녹취로 남기습니다 .그 인신분중 재발급 팓으신적 나요? 최근에 누가 대싄음 받아 은요? 없으시죠. 그러 명의도용 가능썽  높습니다. 하지만 확인 전까지네는 계좌를 대로 둘 수 없어사, 지큼 바 본인 동의 하에 일시 동결 처리음 안네를 받으셔야 됩니다. 안 받으시  세게 들어겁니다.",1,수사기관 사칭형,asr_noise,,
asr_aug_수사기관 사칭형_0020_20,"어그저여보세요? 저는 서 울중앙지청 수사관정늘 입니다. 지 본인 앞으로 송달될 내용이어 있어서 먼자그 연락드렸고요. 메모저하실 수  있으면메모요하세요. 본윈 명의의 국민은행 계좌가 보이스피싱 조직에써 대포통장루 팔견됐습니다. 하나은행 계좌도 이 나왔요고요. 아, 잠 깐만요, 놀러 마시고 들셔 됩니다. 금 의건 순 안내가 아니라 긴급 수사 협조 요청입니다. 본인께사 직접 개어설한 게 맞 습니까 니  그라싀면 명의도용이 의싐는대, 그럼 더더음욱 외에 말하시면 안 됲니다. 가족,  친구, 회사 누구한테도요. 지금 체3자한 알지면 바로 계좌 추적 이 새고, 본인 명의가 범최 금 로음 켸쏙 쓰일 수 있습니다. 네? 왜 자꾸 비밀로 하냐고요?그게 아니, 러니까 수어사 보 때저문 그렇습저니다. 본인 명저의 계거 이미 압수대상에 올라가 있어요.저 지급정, 계촤 동결, 구리고 우에 따라선 압수수색까지 위어질 수 있솝니다. 아, 제가 협박하는 게 아니다. 본인 보호하려면 지금 필요한그 건 계좌 확인뉘다. 농협도 용셨 죠? 아니저면 국민은헹, 기업은행 중에 하나라도 요. 잠깐만요, 말씀 끊요지 마시고 천천히 씀해아 쎄요. 네 ?없그더구요? 그런데 시스네템상잪혀 있습니다.  그러면 누가요 폰인 신분증로 만요들는지, 훅은 본인이 누군가에개 넘는지 확인해야 됩니다. 희가 검찰청애서 바로 조사 들갈 수 있는테, 지금 협조싀 픠해자 진술로 리될 가능성이 있습니다. 안 하시면 공범으로 해을 수 있어요. 러니까 지금 바로, 바아로 좌번호 앞리터 말씀해 주시고, 다른 화는 종료하세요.지금 이 전화네만 유지하싀면 됩늬다.",1,수사기관 사칭형,asr_noise,,
asr_aug_수사기관 사칭형_0021_21,"여아보쎄요, , 검찰청니다. 잠깐 통화 능하가요?요 서울앙지방검청 금음범죄수사부윈데요그, 제가어 먼저어 말씀드릴 게 있씁네늬다. 본인 명의 된 농협 계좌가 오늘 오전에 대푸동장으 로그 확인돼서 연락렸어요. 아, 혹시 지금 혼저 계신 거맞습까? 네?왜 혼자냐요?  사컨은 제삼자 개입되면 안 됩니. 지금부터는 가족분들이어나 분들한데 절대 말씀하시 안 고요, 퉁화도 끊쥐 마시고요. 폰 건에 대해서 음, 씀드리자면 본인 계좌가 범죄 자금 흐애 연됐습다. 확히는 명의도이음 의심는데, 지금 조치 안 하시면 계좌 지급정, 그니 쉽게 말하면 묶입니다.음 크리고 경우 따라서는 압수잘차지 위어질 수 있어요. 아 잠만, 본 인 이름위 멎논지 제 다시 확인해도 퇴겠습니까아 생년월일하고 락저 끝자리 멀씀헤 주세요. , 맞네요.저희가 감찰청에서 확인한 자료상, 농협이랑 하나은행  계좌가 같이 묶요여 있습니다. 이게  지금 보이스싱 조직 자금  새탁애 사용된 정황이 있서, 오늘 안에 해명어 절차 안 허어시면 형입건 검 들어갑니다. 아, 재거 뭘 했냐아고요? 그 반응은 이해하는데요 지금 상황이 상황이요라서요. 통장 거음래 네역, 최근 체 내역, 그리고 인 인증된 계좌가 있는지부터 확인해야 합니다.   은행 계좌도 있으시 지 바로 말씀셔야저 해요. 국민은행, 귀업은네행, 하나헹, 농혚  중에 추로 눈네 거 앖습까? 네, 없어으시다? 알겠다아. 그데 본인 명의 다인에게 넘어간 계좌가 허나 더요 확인될 수 있어써요. 제가 즤금  언드리는 방법대로 우선 가네까운 운행애 가지 마아시고요. 지금 부저 랔아 다 차하시고, 지분들께도 절대 얘기하치 마세요 특히 가한테도요. 이건 수사 비밀 유지가 우선입니. 그리 구 제가 보내드리는 확인 절차에 따라 계번호 일부와 거래 목적만 말씀해주셔야 됩다음.  바로그, 바로처리 안 하시면 켸좌 동결됩니다. 네, 틀으쎴죠?",1,수사기관 사칭형,asr_noise,,
asr_aug_수사기관 사칭형_0022_22,"네, 경찰청 지능저범죄수싸팀잎니다. 통화 녹취됩니다. 서두르지 머시네고 제 말부터 들어주세요. 제가 지요금 연럭드린이어유는 본인 명의로 개설된 국민은행어 계좌가 대보통장으음로네 사용된 사실 확인됐기 때입니다네 어니요,장난  닙니다. 저희가 지방검찰요청과 공조해서 이미 사건반호까지 잡아 성태예요그 범최 현장에서 압수한 카드랑 통장들 가요운데 본인 이름 찍힌 계좌 왔습뉘다.저 혹시 최근에 신분증 분실하신 적 있습까? 없으시다 고그요? 네, 그러면 명의도용 능성이 더 큽니다. 어, 잠만요, 본인 지굼 누구테도 이네 얘기 안 하죠? 절 대그 말씀허시면 안  됩니다그 톡저히 거족 배우자, 자녀, 장동료한테도. 이건 수어사 중이라 외보로 새면 바루 중거인멸로오해받울 수 있습니. 지금 본인 명의로 확저 인된건 국민은행이랑 기저업 은행 계좌입니다 그리고 하나은  쪽도 동 정황이 있요. 지금 당장 계좌 잠길 수 있 고요 경우 에 따러음 압수창까지 쉰창 수 있습니다. 그러 니까 쉽 말하면 돈 못 뺍니다. 아, 아고 하시는데요, 저희 은행 측 조회로홬윈헌내용이라 사실관계만 빨리 맞추면 됩니타.  본인 최근에 누군가헌테 통장그 사이나 계좌번, 번호 얼려준저  있솝니까? 어요 ?음 네 그면 더 위함한 겁니다. 가 몰래사용했을 수 있어. 지금은 본인 안을 위해서 휴대폰온 그대로 두시고음 다른 전화 받지  마시, 제 네 외에는 아무  대 응도 지 마세요. 이어서 제가 본인 계좌번호 확인 들어갈 데, 끝 네 만 말씀헤 주시 겠습니까? 네, 습니요다. 고호 키춘으어로저희 지정지 신청 넣겠습그니다. 지금 시간이 없습다. 빨리요.",1,수사기관 사칭형,asr_noise,,
asr_aug_수사기관 사칭형_0023_23,"여부 세요, 곰융감독원 조사과 박현우입다. 잠깐만요,본인 성험 부타 하겠아습늬다. 네 맞으시네요. 다름이 아니라 본윈 명의로 농협 계가  포통장오로 확윈됐고, 거애 불법 자금 들어간 정황이 있습니다. 어 지금 놀라 실 수 있는데요, 이건 단 순 문의가아니라 조사 통그보잎니다. 본인 계좌가 범죄조즥에 이용됐기음 때문에 오늘 안으로 쏘명 안 퇴면 계좌둥결어 압류 절자가 진행됩니요다.  제음거 좀 더 분명히 말씀드릴게요. 이 통화는 녹 취됩니다. 그리 지금터는 제삼와 통화하 마세요. 가족이 췬쿠든 누구. 누가 옆애 있으면 통화 끊고 혼자 받으셔야 합다. 본 에요 대해서 음요, 설명트리면, 저희가 검찰청에서 넘겨받은 자료  본인 이 름이그러 반 나옵 . 농 말고도 하나은행, 국은행 거레가 연통돼 있요 아니요, 제가 오해하게 아니라 은저행 전산상 긔록이 그게 나옵니다. 본인서 최근에 대어면 계좌개설 요청하씬 적 있그습까 없다, 네. 그러면 명의도용 카능성이 있습니다. 이 경우애는 본인 피해자라는 입증헤야 하구요, 입증 뭇 하면 공범 혐의로 넘어갑니다.네 아 잠깐만요, 제거네 공펌위라 한 게 아니라 의 검토라고 말씀드린 겁니다.너무 놀라지마요. 지 가장 중요어한 건 계좌 청보 확읜입뉘다.네 본인 명의 계좌 전체를 말헤 주세요. 농협, 하나 은행, 국민은행, 기엎은행 중에서 쓰는 곳부요. 그리고 최근 거래 네 중 낯선 이체가 있으면 바로 말씀허셔야 됩니다. 지금 숨 기시면 안 됩니더. 저희 이미  전부 보구 있고, 시간 지나면 추적이 어려집니다. 그라저니까 지 파네 협조하셔야해. 알갰네숩니까",1,수사기관 사칭형,asr_noise,,
asr_aug_수사기관 사칭형_0024_24,"네 서울중앙검찰청입니다. 사실연결 전 단요, 담당 사관 김도윤입니그다저 아, 본인 지금 통화 편하신가요저 안 변씨면 안 되는 상입니더. 왜냐하면 본읜 민번호로 개설된 하나은행 계좌 대포통장 조직에 넘간 사실이 확인됐기 때문입니다. 제가 먼저 켱고드륄요. 위 사은 계좌 동결, 압수, 출석요구꺼요지 바로 걸 수 있습니다. 금 바로, 로 확인  절 안 하시면 헹에서 출금 자체가막힙니다. 네, 당황아시는  압니그다. 그런데 저희가 재 확보한 자애 떠르 본인 명의 계좌가 불 도박 자금 세에 사용됐어요. 그리고 농 계좌요까지 같이 움직였습니다. 혹시 주변에 좌그반호  려준 적  있습니까어네 없다면 더 문재입니다 누군가 신분증 사본 썻을 가능 거든요저 아, 그게 아늬라 그러니까 제가 말씀드리는 건 폰인 모르게 범죄애 휘말렸을 수 있다는 겁니다. 지금은 비밀 유지가 제일 중합니네더 누구랑 의하시면 안 됩니다. 이 정보가 밖으로 새면 피의자 쪽에서 도망갈 수 있어요. 본인 계좌 확인할 건데요 하네너은 계좌끝 네 자리말씀해 보세요. 내, 확인됐습타 그리고 국민요은행음 , 기업은행토 있죠? 없으시다고요? 일단음 알갰습니.그런데 저희전에는 추 계좌네 흔적이 하나 더 보여요. 그래 오늘 안에 본인 인 래 목적 확인이 필요합니다아 지곰 제가 안내는 로 따라우야 합다. 가까운 은행 가지네 마시고요,  전화음 끊지 마쉬코, 다 전는 받지그 마세요. 이 통화 끝나 바로 사저건번호 읽어드요릴 겁뉘다. 메무 준비되셨죠 네, 좋슾니그더. 이제 시작하겠습니다.",1,수사기관 사칭형,asr_noise,,
asr_aug_수사기관 사칭형_0025_25,"네 찰청 사버사팀입뉘다저 통화연그결됐으면 제가 바로 말씀드리겠씁니다. 본인 명의의 기업행 계좌가 확인됐고,  계좌가 서울중앙즤방검찰청 사건과 연결아 있니. 어, 즤금 숨리 괜찮으십니까? 네, 걱청 마시고 들으세요. 이건 단순 확인 전화 가 아니라 긴급 통부예요.  켸좌가 태포통장으로어 이용됐고 해 금액저이 꽤 큽니다. 그래서 지금 좌 정지, 그러까 몪이는 조치가 들어갈  있씁다. 저 검거요한 일당 진술에 본인 이름이 나왔고, 계촤 거래 내역도 일부 홬부습니다.혹시 누 분인 대신 운행업무 폰 적 있습니까? 없으시면 명의도용 쪽으로 야 됩니다. 아, 잠껀만요, 제가 지금 나무 빨리 멀했죠? 그런데 급합니다 본인께서는 제쌈자한테 이 기 절태 하 안 니다. 가족도 안 되고, 지인두 안 되고아 은행 창구에도 함부로 하시면  안 됲늬다 저희가 시하는 로만 셔야 헤요. 금부터는 계좌 정보 확인 들어갑니다. 본 인 명의로 된 은행이기업은어행그 농협, 하나은행, 궄민은 행 맞습니까? , 허나 더 잇으다고? 잠깐요, 그아게 아니라 고 외 계좌거 있으면 전부 말하 셔야 합니다. 안 밝히면 숨긴 걸루 처리됩니타. 그리고아 지 당장 휴대폰몬 삭제하지 마세 요. 인증번호 오면 그대루 기다리셔 하고요. 제가 끝아 번음후 확인하구 나면 금융캄독원 쪽으로바로 넘길 겁니다. 본인 지큼 협조 안 하시면 수 취, 출국 제한 체보장 검토네까지 걸 수네 있어 요 러니까 지요 바로 버로 답하세요. 계촤 끝  자리 말씀해 주싶시오.",1,수사기관 사칭형,asr_noise,,
asr_aug_수사기관 사칭형_0026_26,"여보세요, 김○○님 퇴시죠? 저 서울앙지방검찰청 첨아단범죄수사부입니다. 지금통화 거능하십니까? , 제가 길 게 말씀요드리기 전에네 먼저 확인할 게잇그어서요. 폰 건에 대해서, 음, 말드면 현재 김○○음 명의루 개설된 농협 계좌가 대포통장으로 확인됐습니 다. 네? 아네라고요? 잠깐만, 그게 아니구요, 저희가 지금 검요거된 사건 현장애서 눙협고 하나 은행요 기업헹 계좌 자료를 압했는데 그안에 본인 주음민펀후로 된 계좌가 포함돼 있었어요. 고러니 까 쉽게 말하면, 본인 명의거 도용 됐나 아니면제에게 남간 상태입니다. 지금 이 통장은 이미 불법 자금이 오간 정 있어서  지급정지, 그러니까 묶의 단계어까지 들어갔요. 본인이 아무것도 안그 허셧더라도 오늘어 안에 확인안 하시면 압수 절그차로 남어갈 수 있습니다. 아겠어요? 네저 아니 저아그 통장 없는데요. 아, 없음으시다고요? 그러면 더욱 뻘리 확인하셔야 됩니다. 지곰 지곰 바로 처리 언 하시면 본인 명의로 추가계좌까지 연동돼서 동결니다. 그리고 이 건은 외요부에 말씀시면안 됩니다 . 가분아 지저인본, 은행 직원에게도 지금은  말네하지 마세 특히  사람에게 연락하시면 소 진이 새나가서 계좌 추적이 더 지연네됩니 다네 제 이름온 두어현 수사콴고. 이 통화는 녹취네됩다. 현재 검찰에서 인 컨은 명의도용  사건위고, 본인께서 피해자 입증을 받으야 헙니다. 제카 공문 내용 읡어드릴 데니까요 음, 잠어깐만요. 본인 명의 농협  계좌가 풀법 도밬 자금요이 흘라들어어간저 좌로 확인됐고 계 압 류 및 동결 대상입니다. 네 제가 왜요 아요, 선 생님이 가해저 러는 똣이 아늬라요, 명의가 쓰엿다는 뜻입니다. 그데 이 부분 을 본인만 아셔야 해 다른 데 전화 하씨면 철차가 꼬입니. 그네러니까지곰부터는 가 안내는네대로만 하셔 됩니더. 본인 사용 계카 눙협 말고 또 으십니까? 하나은행, 민은헹, 은 에요. 잠깐만요, 생각 해부시고요.  대답의 늦으시면음 자동으로 타행 계좌지 전부 조회 들어갑니다. , 네? 국민은행이아요? 네, 알겠습니다. 국민은행 끝번호 내 자 말씀해 주십씨오. 니 왜요? 본인 확인용니다. 홬인이 안 되면 계좌 묶읨 해제가 안돼요. 쥐금 당장 말씀 못 하시면 저요희  금융감독원음 쪽으로 이첩합니다. 가볍게 보시면 안 됩니 다.",1,수사기관 사칭형,asr_noise,,
asr_aug_수사기관 사칭형_0027_27,"지금 받새요, 검찰청입니. 끊으시면 안 됩니. 는 치방찰청  금융범죄 덤 사쉴에사 연락드렸고요. 혹시 지금 옆에다른 분 계까? 계시면 잠깐 자리 피셔야 헙다. 네? 왜요 본인 명의가 범죄에 연루된정황 나와서 렇저습니다. , 제가 천히 설명도륄음게요. 최근에 저희가 대포동정 유 조직을 검거했는데, 현장애서 궄민은행 장 과 농협 통장, 그리고요 하나은헹 드가 대량 압수됐숩니다. 그중에 킴○○님 의 계좌가 인됐고요. 아니 저는 그런 커 없아요. 아 , 없다고 하셔도,그러니꺼, 계좌개썰 기록은 남 있니다. 지금 본인 명의 된 좌가 누군에게 겨졌거나 대리네  캐설된 로 보여서 바 홬인해야 합니다. 현재 이 계좌는 지급정지 상테 로 전될 수 있고, 그러면 인음출도그 이체 전부 막힙니다.어 본인 앞으로 체포장 이야기지 올 수 있 는 상 황이라서 긴급음하게 말도네릐는 겁니다. 네요? 제가요? 아니 선생님, 지 피헤자냐가담자냐를 가리는 단계입니타.  그러까저 가족에게도 이야기어하지 머세요저 호사도 지금은 연결하지 머십시오. 외부와 촉되면 계좌 주적이 효 처리 수 있습니다.이컨 검찰 내부 절차루만 야 해저요 아, 잠깐먼요. 지금 메 가능하시면 서 건번호부터 적으네세요 네, 멀씀하세요. 20아26-1184번입니다. 그릐코 본인 명의 하나은행 계좌 끝 네 저 뤼, 농협 좌 끝   차리 불러주셔야 핲니다. 왜 꾸 묻냐구요? 분인 명의로 동결퇸 좌 룰 풀려면 인 절차 거 필 요합니다 . 지금 불러주시면 계좌 압수루 넘어갑니다. 제 제거슴드리는 건 협조시면저 바로 정리 가요능하다는 겁늬 다른  분에 전화지 마시고, 지 저 믿고 진행하셔야 합늬다 .",1,수사기관 사칭형,asr_noise,,
asr_aug_수사기관 사칭형_0028_28,"여보세요어 금융감독원 조담당입니다. 김○○코객 맞으시죠? 쥐금 급하게 인해야 할 사이 있아서 연락드네렸습니다. 옴, 본인 명요의로 된 기업은행 계좌저가 대포통장우 적발됏습니더. 네? 아니라요? 아, 크면 더 몬제입니다. 누군가 명를 도용그한 정황기 때문에 지 금 바로 신 절차에 들어가셔야 . 저희가 검찰청과 연계해서 홬인 자료 따르면, 근불법 자금어이 본읜 계로 유입퇸 흔적이 있고, 계좌는 이요미  동결 예정입니. 켸좌가 이면 카드 용 도 중던되고 차이채도 천부 멈춥니다아 잠깐만요 , 의커아 단순 언내가 아닙니다. 본인께서 지금 통요화 끊고 다른 데 전화하시 안 됩다. 가족분에게도멀하지 세요요. 주변 사들테 알리면 수사 정보카  흘러요서 앞수 차카 더뻘라질 수있습니다. 그러니까 온 비밀 유지음가 최선입니다. ,  알겠슾니다요? 아니 런데 왜제 계좌가요? 본인 이으로 된 동이 사요건 현장에써  발견됐 때몬입니. 검찰창 쪽에서 압수한 자료를저희가 잔달받았어 요 본 건에 대해서는 인 확읜이 끝나야 계좌 해제가 가하고,아 해어명 안 되면 자동으 압류툅니다. 아요 제가 멀드리는 건 어렵게 생각지  마시고 온명부터 맞아춰달는 겁니다. 농협,요 하나은아행, 국은행아 기업은헹 중에 현재 쓰시는 거요. 네? 기업은행만요? 좋솝니다. 그럼 기업은행 끝  말씀헤 주세요. 아니왜요? 치그 굼 확인이니까요. 지금 바로,바로 말씀 못 하시면 다 계좌까지포함해서 전부 지급정 검투 들어갑 니다.이 동화논녹 취니다아 그뤼고 제삼자와 상의허시면 안 됩니다. 저희가 안내하는 대로 해주셔 야 합뉘다.",1,수사기관 사칭형,asr_noise,,
asr_aug_수사기관 사칭형_0029_29,"지금 통화 연결됐씁니까? 저는 경찰 지능죄수대 팍상훈 사관입 니.  본인께서 해자 입증 대쌍의 맞는지 확인하려고 드렸습니다. 잠깐만요아 다름이 아니라, 본인 명의 눙협 계좌가 불 법 출 자금 탁에 사용 걸로 나네왔습늬다 네? 저는 농협 없는그데요. 음, 그럴 수 습니다그 명의도용이요.아 저희가 최근검한 사건에서 대저량의 대포통장과 보안카드를 확보했는데, 그 에그 김○네님 이름으로  계좌가 잇었어요. 그음러음니꺼 본인께서 직접 하 않으셨더러도 켸좌 주인이시기 때문에 책 완전히 면제되논 건 아그닙니다. 큼 이 상그태로 가면 계촤 수, 동결, 그리고 출석요구써 발송까지 의어질 수있어요. 아시겠습니까? 내? 아니 제가 뭘 해야 되는데저요? 우 제3자 연락 차단하야  뉘다. 부모, 배우자, 창료, 은 상담원그에도말씀하시면 안 됩니다. 왜냐하면, 음, 수사상 안이 깨지 추적이 중단되귀 때문니다 재아가설명는 동안 메 모해 두세요. 본인 명어의 궄민온행, 기은행, 하너은행중 사 켸좌가 있는지 확인해 합 니다.네? 하나은이요? 하너운행끝 번호 불러조그시요. 아니 그걸왜요 불러? 계좌 둥결해제를  위헤서입니다. 지금 안 하시면 계좌가 바로 묶입늬다. 그그리고 거하시면 안 됩니다.저희는 이미 본 인 주민번호, 주소, 통신기록까쥐 확인헌 상태예요. 아, 잠껀먼요 본인도 당하실 수 있는데요 지은 감정적으루 하시면 안 됩니다. 차분하, 바로 협조해 주요. 그지 않으면 체 콴련 절차루넘어 수 있습니다.",1,수사기관 사칭형,asr_noise,,
asr_aug_수사기관 사칭형_0030_30,", 검찰입니다. 서중앙지어방그검잘어청 형사부에서 연락드렷고요. 통화 끊음지마시고 그대로 들어주셔야 됩니다. 지큼 김○○님 명의의 하행 켸가 대포통장으로 확인됐습니다요 니 그게 무손 말씀이세? 아, 잠깐만요, 제가 다시 설명리겠습다. 저희가 싸기 조직 일당어을검거허면서 압수한 장부와 대폰에서 본인 계촤호가 확인됐어요. 그래서 명도용인, 니면  양도한 건지 확인 중잎니다 본인위 모른더고 하셔도 즤금네  계눈 동결 대네상로들어가 있습니다. 켸가 동결되면출금이 안 고, 체크요커드 못 쓰고, 자동이도  멈춥니다. 네? 제가 그런 적 없는테요. 그러면  더더욱 빨릐 본인 확인이 빌요합니다. 이 지 늦어지 면 압수 절로 전환되고, 수사긔록에 볼릐하게 넘습뉘다. 리고른 번호로 전화허시면  됩니다네저 특히 지인위나 가족에게 대 알 마세요. 제가 왜 그냐면요 음, 외부연락이 들그어가면 자금어추적이 지거든요네. 지금은 본인만 알구 계셔야 해요. 사컨번호 말씀드릴게요. 그026-044 1입다아. 메모하셨죠? 그다움에 하은행 말고 국민은행, 농협, 긔업은행 중에 사용하시는 계좌 있으 면 말씀해 주세 아니  왜 자꾸 계좌를 물어보쎄아요? 본인 의 보조치 들어가려면 은 확인이 필요합니 다. 지금 바로, 로 말쏨  하시 전체 계좌 조회가 둘어가고, 거래장지꺼지  걸립니다. 아, 내? 기업은행이요? 좋습니다요 끝번호 불러주시면 제 가 확인해 릴요음 그리고 이 통화는 녹취됩니다. 절대 더른 데 말씀하지 마십시오.",1,수사기관 사칭형,asr_noise,,
asr_aug_수사기관 사칭형_0031_31,"여보세요, 김도현 맞으십그니까? 아, 네.저는 서울앙지방검찰창 형사요부 사건  담당 검 부조로 나온 최진우라 합니다.요 금 통화 가능그하십어니까? 네?  예,무슨 일이시쵸? 다름이 아니구요,그 본인그 명의로 된 농협 켸좌가 대포통장으로 확인 돼서 연드렸습니다. 네? 농협 이요? 본읜은 르신아다고 하더라도 지금 검거네된 불법 자금 흐름에서 김도현  름으로 퇸 동장위 발됐어요 음,이 부그냥넘어갈 수 는 사안 아닙니다 . 검찰청에서 바로 동켤 요청 들어갔고 계좌지급정지, 러니까 쉽게 말하면 지금 묶이는 상태로 들아가요. 본 간에요 대해서는 음, 말드자면 누가 명의를 두용했을 가능상과, 본인이 연루됐을 가능성을 같이 퐈야 합니 다. 아 잠깐만요, 그게저 아니구요. 지금 요한 건 제3자와 통 화씨면 안 된는 겁니다. 가분, 지분, 금융기관에도 지금 바로 하시아면 안 돼요.왜냐하면 외보요에 면 증거 인멸루 해받을 수 있습니다. 제가 제가 드리눈 말음씀이 좀 딱딱하게 들리실 수 잇는데, 지어금 바로 바로 확인 안 하싀면 압수절차루 어갈 수 습뉘다. 본인 신분증 있으시죠? 네. 크럼 제 안하는 대로 농협 앱 들어가셔서 계좌 번호 앞자부터 확음인하시고,본인 명의로 된 다 른 계도 있는지 말쑴해 세요그 국민은행, 하너운행 , 기업은행 포함해서요. 잠깐만요,그 지 휴대폰 화면 보시면서요. 네? 그게 니라, 그니까 제가 말씀드리는 건 일단 모부터 하세요.사건번호 2024-1187번입다. 네, 그리고 이 통화는 놐쥐니다 네. 본인 명의로 캐설된 계좌 보가 맞는지 확인되면 바로 치 둘어가겠숩 니다. 지금 지금 바 로 협조하셔야 니다.",1,수사기관 사칭형,asr_noise,,
asr_aug_수사기관 사칭형_0032_32,"금 전화 받으신 분, 이지은 씨 되시죠 예? 네. 저는경찰정 금융범죄수사대 의훈 수사관윕니다. 통 화는 짧게 갈개요. 현재 본음인 명의의 하나은행 계좌가 범죄 자 세탁에 이용된 정황의 확인됐습니다. 하나은행이요? 저 그런 거 없는테요. 아, 없으시다고요? 런요데 저희가압수한 휴대용 처장장치애서 인 주뮌그등룩번호로 개설요된 켸좌가 잡혔어요. 이건 명의도용 사건으로도 갈 수 있, 공펌 컴토루도 갈아  수 있습니다 그러네니까 지금은 당황하실 상황이 아닙니다만, 즤금 당장 은네행이 나 가족그에게 이야기하씨면 안 됩니다. 왜요? 네, 고게아니라요, 지아금 외부요 접촉이 들어면 계좌 추적이 꼬여서 본인 계좌까지 전부 동결될 수아 있어요. 아, 잠껀만요 그게요 어 니고요 본인 명의로 된 계좌 중에 하은행 고 국은저행, 기업은행, 농 계좌 있으지 확인 합니다.네 왜 말뤼냐면, 발 된 통장이  전부본윈 명의서요. 음, 이 상로 가면 압수수색 영장 신청까 이질 수 읬습니다어 제가 무섭케 들으라고 하는 게 아니 실 재로 그렇아습니다저 본인 즤금 집이시죠? 네저 집에서 다른 사 있으면 참깐 나가 주세음요. 통화내용은 밀 유지입뉘. 제3자와 상의하시면 안 돼요. 이가 지금 조금만 늦어도 계지급지 출금정지까지 이걸립음니다. 본께서 면 른다고만 시면 됩다요음 다만 확인용로 인 명의 계 좌번호 앞 네 자리, 그리 최근 이체 내역이 있는지 말씀해 추셔야 해요음 내? 아 잠깐요, 제가 제거 다시 설명드륄 요. 하나은행 계좌의 마쥐막 사용 시점부더요. 지금  바로 말 씀해 주셔야 니다.",1,수사기관 사칭형,asr_noise,,
asr_aug_수사기관 사칭형_0033_33,"여보세,요 융감어원 민원초사팀입니그 성함이 민 씨 맞으세요음 네? 네. 는 조사 관 세진입니다. 지 금 본인 명의 데포통장 콴련해서 즉시 확인요 화 드요. 포통장아이요? 본인은 전혀 모르신다 하실 수 있그는대,아 저희 쪽에선 이미 써울중앙지방검찰으 사건 이 첩 준 종입니다저 아, 데 저 그음란  없어요 네, 알겠니다. 그데요, 명의도 피 헤윈지 아니면 폰인 관여인지 구분하려면 쥐금 바로 답변하셔야 해. 시칸 이 지 얺습네니더. 본 인네 이름으로 과 기업은 계좌 싸용됐고,커기 불법 자금이 빠져나갔습니다. 옴 계좌 동켤은 이미 걸렸을 수 있어요. 그러니꺼쉽케 말해서 출금이 막힐 수 있다는 뜻입니다. 잠깐요, 제 말 끊지 마시고 들어주세요. 지금  가장 중요한 건 밀유지입니다. 주변 누구한테도 말하지 마고 ,특히 가죽이나네 직장 동료한테는저 절대 알리지 마세.왜냐하면 제자 입그되면 사건 커지고, 본 인도 조사를 받아야 하가든요. 네? 아저 , 알겠습니다.그리고 본인께서 용그하싀 다 른 계좌, 하나운 으면 하나운행 , 국민은행 잇으면 국민은행, 전 부 말 씀해 주세요. 지금은 숨기실 필요 없습니다. 저희 는법적로 확인하그는 거예요. 분인 인증해야 하니 주민등롴반호 앞 여섯 자리, 그뤼고 최근 거래한 굼액도 확인합니다. 아, 제가 제가 말씀드리요는저건 이게 협박 이 어니라 절라그는 겁니다. 이 퉁화는 녹음되고그 잇습니다.네. 러니까아 지금 즉시 계좌  정보 확인 안 되면 압 절차로음 넘어갈 수밖에 없네어",1,수사기관 사칭형,asr_noise,,
asr_aug_수사기관 사칭형_0034_34,"잠깐만요아 김 씨 핸드폰 맞으씨죠? 네? 네음, 여기는 검찰청 소사어관입니다요 지방검찰청 사제일부 김태입니다.지금 말씀드릐는 건 아 중요합니다. 본 명의로 된 국민은행  계좌가 법 도박 자금 통 확인서 바로 연락드어요. 국민운행 이요? 저 는 없는데요 . 아, 없더고 하셔이미 계좌 개설 기룩이 잪혔습니다 명의도용일 수도 있고, 본인 통창을 넘 정황일 수도 있어요. 지금 바로, 바로 인허셔야어 합니다. 아뉘그케 아니라, 저 진짜 물라요. 네음 고래서 다 문제입니다. 지금 이 사건은 계좌 지급정지, 압수, 그고 주가로 체포영까지 검되는 사안입니다. 너무 눌지 마시고 튿고 계요새요 음,어 본인 명 다른 은행 계좌도 있는지 확인해 퇘요. 농협, 하나은행, 기업은행 포해요. 혹시 거족이 옆에 계 잠껀 통화 끊고 혼자 계세요. 제3자 통화 금 지저입니다. 이간아그냥 제가 드리눈 주거 아니고, 수사상 필요한 조치그예요.아, 잠깐만요,아 제가 정리해 드릴게요 인이직 개설 한 계좌인지, 아니면 누가 대신 만든 건지부터 말저씀헤 추요야 합니더.어 계좌 번호 앞자릐네 마막 네 자리, 최근 입금 시간까 지. 네? 지금 바로요. 네,쥐금지그금요. 본인께서혚조 안 하시면계좌 압수쪽로 넘어갑니다.",1,수사기관 사칭형,asr_noise,,
asr_aug_수사기관 사칭형_0035_35,"여보세요, 경철창읩니다.네 혹시 정재 씨 되십까?어, 네. 저는 사이버범수사대 소속 한도윤 수사관의고요. 타롬 아니 분인 명의 농협 계좌가 데푸통장로읜됐습니다 네? 농아협 계좌요? 저 없습니다네. 움, 러면 더 빨 확인하저셔야 합니다. 지금 저가 홬보한 자료상으로네 분인 민번호루 개설 계좌가범죄 조그직에 넘어간 상태요. 의거는 순 의가 아니고그 계좌 동결의요 바로 들어그갈 수 있는 건 입니요다.  잠깐만요, 지금 제 말씀드리는 동안 다른 데 전화하시  됩니다. 은 가, 친구 누구든요네 제3자와음  접족하면 안 퇘.  건에 대해서는 비밀 지가 핵심입니다. 왜냐하 정보어거 새면 본인도 피의자 전퇼 수 윘든요요. 아, 그개 아니라 지금 피해자 여부터 판단해야 합니다.본읜 명의 계가 농협 말고 하 나아은행저, 국그민은행저 기업아운행에도  있는지 전부 씀해 추세요. 네? 왜요? 네, 계좌 추적을 해야해서요. 그리고 최근에 누거 신분증 서진 요구한 적 있요? 으면 바루 말씀해 주 세요. 없으시면 더고 하면 됩다. 이 통화논녹취됩니다. 네.금 바로 답어변 안  하면 수수쌕 협조 요청까 올라갈  있습니다. 그러까, 그러니까요 미루저지그 마시고 계좌번호 앞자그리부터 말씀해 주세요.",1,수사기관 사칭형,asr_noise,,
asr_aug_수사기관 사칭형_0036_36,"여보세요,네 맞습니. 서울중앙지방검찰청사부 쪽인아데요 지금 본인 명의로 된 농협계좌가 범죄 자금 이동 사용 황이 인돼써 바 연락드 렸솝니다. 아, 잠깐먼요. 지금 이저건 본인 확네이 먼저 돼야 해써요. 저는 당 소사콴김도현이, 본 건에 대해서 음, 말씀드리자면 명의도용 계가 검거 현장에서 나왔습니아다.눙협이요? 저는 농협 안저 쑤는데. 네, 그래서 연락드리논 겁니다. 본인 계좌가 어늬라도주민등록번호가 유요출되면 타인 개설할 쑤 있거든. 지금 확인된 건하나은행과 농협  건이고, 이 계좌들에 불법  도박 자금이들어갔습니다. 네? 아니 저는 그런  없어요. 러늬까 지금 폰윈이안 쓰다는 건이해했는데, 계좌네 지급정지, 쉽 게 말네하면 묶인다고요. 지금 바로, 버로 확인 안 하시면 압수 절차로 넘어겁니다. 제3자 연락운 하지 마시고요, 가족분이어 지 에개말하즤 마십시오.  사건은 외부로 새면 안 됩니더아아 제가 제가 드리눈 말씀이 지금 통화 중에 다른 분 연결되 주사에 지장이 생요. 네,  알겠니더 일단 본인 명의로 확인된 계좌번호 끝 네 자를  멀씀 주야 합니. 국민저은행도 쓰쵸? 네? 그건 왜요? 지금 현재 파악된 계와 대조해야 해. 곡민 은행, 기업은행, 하나행 중음애 사용 중 게 있면 말씀해 주쎄요. 아, 잠깐어만요. 지금 지금 숨기시면풀리집니다. 계좌 동어결은 이미 진행고그 추가 좌가 잇으면 같이 몪일 수저 있어요. 아 번호 말씀해 주시겠습니까아 깐 만요어 메하실 수 있죠? 사건번호는 이천이십사삼칠이. 그리고 우늘 안 금융 감독원 협 차 들어니다. 네 금부터는 저희안내 없이는 이체도 출금도 하면 안 됩니다.",1,수사기관 사칭형,asr_noise,,
asr_aug_수사기관 사칭형_0037_37,"지 통 가능하십니까? 여기는 경찰청 사이쑤사계입니다. 저는 오지훈 수관이고요어 산생님 명의가 대포통창 명단에서나와 급 히 연락드렸습니다그. 대포통장이? 네, 서음울 쪽에서 검거된 사건인데, 장어에서 부안카드, 통창 신본증사본이 한저꺼에 나왔슾니다. 그중에 본인 이름으로 된국민은행 켸좌 확인됐어요 아니 저는 국믠은행 하나먼 쓰네는데 요. 네, 그래어서  말씀드리는 겁니어. 치금 의 계좌가 에 연루된 걸로저 조회됐고, 지급정지 안 되 면 압수로 넘어갑 니다요 . 아, 그게저 아니라저 그러니까 본요인 계좌가이미 밤죄 계좌루 분류된저 태예. 저희가 지금 조사하는 건 본인이직접개설했는지어, 아니면 명의도피해자인그지 그거 확인하려논 커고요. 혹 최근저에 누가 신본증 서진 달 한 적 있습니꺼?네 아니요. 그람 개인정보그  유출 가음능성이 있습니다네.여기써중저요한 건저, 지금 른 사람음한테 전화하시면 안 됩니다저. 은행에도 임의로 문의하지 마세요. 요? 네,  지금 은헹 측 들어가면 말이 꼬일 수 있어서요. 제가 제가저 설명드릴게요. 본인 명의루 된 농협, 하나은행네, 국민은행 계좌가 더 있는지 확인이필요니다.어,저기 잠음만요. 그런 거 없는데요 없면 없다고 말네씀하시면 되고,있으면 바저 말하셔 합니다. 지곰 멀 안 하면 고의 은네늭으로 보일 수 있어요 네? 아니 그랗게까지요? 네아 그래서 긴급아하게 연락드린 겁다. 이 통화는 녹취됩니다. 그리고 제3자에게그는 절태  공유하지 세. 카족분한테두요. 금바루 본인 명 좌 끝자리 인해 주시겠습니네까? 아 그걸왜 알드려야 허죠? 사건 정리하그고 동결 해제 여부 보려면네 필요합니다. 지금 처리 안 하시면 체푸영장, 아니, 그건 아니고요, 오해 없게 말씀드면음 참고 전환이 어려워집늬다. 그러니까 협조부터 해주셔 야 됩니다. 하나은행 끝자리 말씀해 주세요.",1,수사기관 사칭형,asr_noise,,
asr_aug_수사기관 사칭형_0038_38,"아, 본인 오시? 지큼  저 금감독원 조사협력팀입니다. 저어희가 방금  검잘청저에서 이첩받은 건이하너 잇는데요, 본인 명의로 개설 기업은행 켸좌가 불밥 저금 세탁에 사용된 사실이 인됐습니다. 네어? 기업은요? 내 기업 온행 맞습니다. 선생님 본윈 계 촤음가 아니라도 의가네 들어가그면 챜임이 연결니. 지금이 은 단순 민 원위 아니고  건이에. 저는 이수믠 조사관이고요, 씬분 먼저 말씀도릴게요. 제거 지굼 말씀드어리는네 이유눈, 검거된네 피의자 쪽에서 선생님 주민호 일부가 발 견됐가든요 아, 잠깐요. 그럼 제거 뭘 절못한 거죠? 아직 단정은 언 합니다음 다만 대포통장으 분류되면 계좌는 즉싀 동결되고, 자금이 더 들어거 있으면 압수 잘처꺼치 갑니다. 네. 러니까 본인이 죄근애 기업은행, 하나은행, 농협 계좌를 설한 작 있는쥐 하너씩 확윈해야그 합니다.  저는 그런적  없요. 음, 그럼 명의용 가능상이 습니다. 그런데아 지금 여기서 중요한 게, 조  사람들헌테 절대 말하면 안 됩니다. 다른 통화 받오싀면 안 고, 문 자도 보내 마세요. 왜 요?요 외부 접촉되면 수 보안상 사건이그  복접해쳐. 네, 겠니다. 그리 본인 계좌번호를 지금 로 확인해 주쎠야 해요 . 제가 제가 드 리는 말씀이,어 끝 네 자리만 말씀하시면네 됩니음다. 아니  그거 말쑴드리기  그런데어요. 안 주시면 확인이 안 돼서 계좌 동결 상태가 길아질 소 있니다 지금 바로요, 바로. 네? 아그 내. 하나요은행이랑 기업은행 끝자리 확인해 부시 말 주세요. 제가 에서 대기 하겠습니다.",1,수사기관 사칭형,asr_noise,,
asr_aug_수사기관 사칭형_0039_39,"여보세요, 울중 앙지방검철청입니다. 형사어부 세진 검사 즥통인테요. 즤금본인 명의가 범죄 대푸통장으로 확인퇘서 급히 연락드렸습니다. 검라고? 네 사 맞습니다. 지금 검거 싸건에서 농협 통장 하고 국믠은행 통장이 나왔코,  구 명의자가 선 생님어으로 되 습니더. 아니 저는 그런 통장 없는 데요 네, 구 바로 명의도용카능성입니다. 본저인이 개 안 했어도 정보가 넘가면 셍깁니타. 아 게 아니 그러니까 제카  말씀드리는 건, 지금 이 계좌틀이 쎄탁에 쓰고 지굽정지 상태 들갔어다는겁니다. 금 바로 조사 협조하쎠 해요. 가족분이나 회음사에는 말하지 마세요. 특히 제3자아 연결 금지입니다. 네, 왜요?어 이 단계에서 외부 누설되면 픠의자 쪽이 도주 할 수 있습니다 그래서 비밀 유가 종요합니. 치 본인 명의 계좌가 농협 나음행 기엎은행 중에 더 있는지 말씀해 주세요. 없저어요어 없으면 앖다고 다시 한번요 즨아술해 조시 됩니다. 그고 혹시 최근애 분증을 사진음 으로 낸 적 있습니까? 음, 뭐 어음디 체출한 적은 는데음요 그러그 경위도 필요합니. 지금 이 통화 녹취는 증거 저료로 남고, 본인이 협조하면 피해자  처리로 정뤼될 쑤 잇습뉘다. 안 그러면 압수쌕 연계어까지 가. 잠깐만요, 런 식으로 말면 제가 너 놀라는데요. 라실  있습니타만 지금 황이 급니다. 켸좌 압류가 이미 임박했고, 오늘 언에 본인 확읜아  못 하면 더 묶니다 그러니까 자리 확인, 바로 해주요. 카 제가 확인헤 써 부를게요어 네, 좋습니저 천천히 말씀하셔도 되지만 지금음지체되면 언 됩다. 끝 네어 리, 하나운행부터 멀씀해 주세요.",1,수사기관 사칭형,asr_noise,,
asr_aug_수사기관 사칭형_0040_40,"지금 받신 전화 끊지 마시 고 들으십시오. 경찰청 수사본부입뉘다. 저눈 최현우 쑤사관이고, 생님 주민그번호로 개설퇸 국민은행 계좌가 불펍  도 사이트 저금 로 확됐습니다. 네? 가요? 네, 썬생님 명의입니 검된 피의자 선생님 명요로 계좌를 돌렸 코, 농협이랑 기업은행 좌까지 같이 묶여 있습니다 저는 그런거 진짜라요. 네그 그래서 명의용 해 가능성을 보는 겁늬다. 그런데 지금은 멀 조심하 쎠야 돼요요  사람아한테 말하면  됩어니다.아 어머니, 배우자, 자녀 누구네한테두요 왜냐하면 제자 접촉이 있으면수사 보안이 깨서 계  회복이 더늦어집니다. , 크러면 제가어떻게 해야 되는데요?  지금 파로 본인 사용 계좌 확인하셔야 합니. 국민은행, 하나은헹, 눙협 중에 실사용 계좌가 있으면 끝  내  자리 멀씀해 주세요. 오면 없다고 허시고요. 네, 없는데요. 러면 죄근 개설 계좌는 전부 동결 대상윕니다. 그리고 본인께사 이걸은행에 접 문의하면 안 됩니.  지시 없이움직위면 안네 돼요그. 지 이체 요청이너 인중번호 입력 같은 거 허쉬면그 계좌가 더 위험해집니다. 네, 알겠습니더.본 통화 취중이고음 오늘 에 계좌 정보 확인이끝나야 합저뉘다. 아, 잠깐만요저. 이거 끝나면 제가 다시 전도 되나요? 아니, 지금은 저희가 다 시 연저락드릴 때까지 기어다리셔야 합니타. 싸건번호 메모새요.  이 이십오-일팔사구어 지금부터는 휴대폰 옆에 두시고 다른 통네화 받지 마십시오. 본인 의 계좌  끝자리부터 말씀헤 주죠.",1,수사기관 사칭형,asr_noise,,
asr_aug_수사기관 사칭형_0041_41,"여보세요, 내 본인 맞으시죠? 서울중앙지방검찰청 형사입니다. 제가 지금 바 말드 건데, 본인명의루 된 농협 계좌가 대통장 사건에 연된 게 확저인됐니더. 잠깐아만요 읠단 지그 마시고 으요.  지금네 이 통장은 단순 참고가 아니라 범죄수익이 오간 계좌로 조저회가 됐고요, 켸좌 동켤, 그러니까 쉽어게 하면  묶임 처리 돌어가 있습니다. 본인께서 직잡 개한 게 맞지아 아니면 명의도용인지 그거 확인해야 해서 락드릔 거예요요 어 잠껀, 저 즤금 제가 씀드리는 건 협조만 하시 논 부분입더. 제3차한테는 절대 말하지저 머세요. 가족이든 구든 치금  말씀허음시면 수서 방해가 될 수 있어요 네 ? 아니 본인이  아니라고 쎠도 돼요. 저희가 미 금융음감독원 통해서 확인한 건 본인 주민번호 농혚네 계좌가 잡혔는 겁니더. 그뤼고 같은 명 의로 허나네행 도추거 팔견됐고요 이게 지금 범죄조 직이 입금받요는 용도음 사용됐습니. 즤금 버로, 바로 확인 안 하면 수 절차가 넘어가서 출금도 못 하십니다. 본인 명의 맞지 한 번만 말해 세요. 계좌번호 전체 말하지 마시고 끝 네 자리만 홬인하겠습니다.  그고 이 통화는 녹취됲니다. 녹취되니까 사실대로 씀하시 면 됩늬다. 네, 천천히요. 나은저행이어랑 농협 ,이네 두 개 말고 또 사용하시는 계좌 있으니 ? 더고요? 알겠습니. 럼 타인에게 계좌를 빌려준 적 없 고요? ? 잠깐만, 그럼저 인 아 니면 누가 이 계좌를 먼들 수가 없거네요. 주민등롴증 분실한음 적 있 으시죠? 아, 없으세요? 럼 명의용 가능성이 커집니다. 지금부터는 제가 안내하눈 대로만 셔야 합다. 다른 전화  마고, 은행저에도 먼 전화하즤 마세. 그라면 수사정보요가 새어나가서 계 아예 압류될  있습니더.",1,수사기관 사칭형,asr_noise,,
asr_aug_수사기관 사칭형_0042_42,"지금 퉁화 가능하니까음 ? 경찰청 지능범죄수사 밬성호 수사관입니다.어 어, 다름이 아어늬라 본인 명의로 개설된 기업은헹 좌가 불법자 세에 이저된 정황이 확인됐숩니다. 아, 처음 듣는 이야기네시죠 네, 보동 다 그러십니다음 고런데 저희가 검거한 사건 현장에서 대포통창 다수와 함께 본인 싄  정 부가 묶인 서류가 나왔어요. 그러니꺼 쉽게 말면 누가 본읜 이름으 통장을그 돌려쓴 겁니다.저 즤금 지금 이 시 점애서 가장 중요요음헌 건 비밀 유지읩니다. 가족 직장, 지인 누구한테도 말하어지 세요. 제3자 개입되면  계좌 추적이어 꼬여서 본인도 공범으로 오해받을 수 습니다. 네? 아니 제가 협저박허려는 게 아니 러,  멀씀드리자면 지금 계좌 압수 가능성이 어서요. 본인저 명로 기업운행, 민은행 , 하나은 이렇게 세 개가 잡히는데, 중 기업은행에 특히 고액 입금이 반복됐습니다. 본인 사용한 적 없시다고요? 음, 그럼 명도용  쪽으로 봐야 합다. 근저데 제가 지금 바로 확 인해야 하논 게 있습니다. 계좌 피밀번호 지 않켔습니다. 신 본인 명의그 계좌가 몇 개읜지, 그리요고 사용 안 하는 계촤가 있지 말음씀해  주세요. 아 점깐요 계좌 해지하면다고 생네하시면 안됩니다. 지금은 결 던계라서 임의로 움직이시면 오히려 켸좌가 묶입니다. 네? 치금 른 데 전하 거예요? 그러면안 됩뉘다. 저희가 보내드리는 싸건그번호 받어 적으시고, 안 날 떼까지 혼자 세. 혹 시요 주변저 누가 있으면 잠깐 자리 피해 주세요. 본인확인만 되면 피해자 리로 전환할 수 있습니다. 아, 이게 생 각보다 급합니다.  바요요.",1,수사기관 사칭형,asr_noise,,
asr_aug_수사기관 사칭형_0043_43,"금융감독원 조사팀니다. 본인 성함 확인되셨고요네 저희 가 오늘 오전에 서 지역에서 적발된 명의도용 조직 관련해서 연락드렸습니다.  참깐만요, 지금음 눌라실 수 있는 본인 이름으네로 된 국민은 계가어 대포통장으로 벌견요됐어요. 네? 아니 저논 그런 거 없는데요, 그러실 줄 알았습다네음 그런요데 통장 개설 내역이 잡혀 있습다어 그리 하은행도 같의 묶저여 어요. 본인께서 직접 개살하신 적 없으시 명의도용 피해로 분요류될 수 있습니다. 반대로 누군가에게 빌려주셧타면 그그건 수사데상위 되고요.지금 말씀 조심하셔야 합니다요그요 어, 그러니 제거 말씀눈 건 사실관그계먼 간단요그 혹어시 변에 치금 전화 듣는 분 계시면 끊고 타시 걸어오시안 됩니다. 제3자와 통화 유면 언 돼. 저희가 검찰으로 이첩기전에 계좌 지급정지, 그러니 출금 막는 절차를 행하고 있습다. 본인 명의 계좌가 압수퇴기 전에 피해자요 진을 받아야 서그요. 폰인 민번호 뒤자리가 맞는지아 그리고 최근에 몬자로 인그증번 받으신 적 있는지 확인하겟습네니다. 아저 잠깐만요,그케 어니라 제가 드리논 멀씀 그 정도 정보 없으시면 누어곤가 본인인증을 훔쳐 쓴 겁니. 네? 분인 좌  네 자리요?음 거 말씀아해 주시면 조회가 됩니그타. 즤 바요로 안 하시면 동결위 길어져서  현금 출두 하세요. 희가 이컨 악성  사기 계좌그로 분류했긔 몬에, 직히 말하면 본인도 수사 협조 상니다. 하지만 픠 사실 입증아되면 바루 립니 다.요계아 몇 개그인지 말씀해 주세요. 농혚도 있으신가요? 없다고요? 얼겟 습니다. 그럼 국민은행이랑 허나은행만 확겟습다.",1,수사기관 사칭형,asr_noise,,
asr_aug_수사기관 사칭형_0044_44,"네, 여보세요. 검찰청 첨단밤죄수부입니다. 본인 앞으로압수색 결과가 통지돼서 연락드렸어요. 지곰 본인 명 농협 통장이 범죄조직 자금 계촤로 사용된 게 확인됐습니다. 어, 놀라실 수 있는데 사실 입니다. 그네리고 은 명의로 기업은행 계촤도 연동퇘 있았고요.음 지금 계좌 동결 요청이 이 들어간 상태잎니다아. 그러니까 본인께 지금 하실 윌온 입니다. 가족한테 먼처 말씀시 면  되구, 행 창구에 혼자 가시면 안 됩니. 제3 개되면 저희음가 확인하는 동안 자금이 빠져나아갈  있어요. 인께서 직접 개설한 적 없다고 하셨죠? 네, 그러면 명 의도 용 가능성이 높습니다. 고런데 본인 휴대화로 좌인증이 된기록이어 있어요.요 아 참깐, 이컨 분인이 니라 누 썼는지 윈해 해서요. 혹시 신분증 사진을 타인에게저 보낸 적  습까? 없다고요? 음, 그렇다면 유출 가능성이 큽다. 지금 제가 드리는 말씀이 좀 딱딱하 들리실 수 있눈데 계좌 압수 전에 피해자 진술서가 필요합니다. 금 버루, 바로요. 그리고아  사건은 이믜 수사기록에 올라거 어서 거말하씨면 오히려 불리합뉘요다아 본 명의 계좌가  개인지, 사 중인 은행이 농협, 허나은, 국민운행  어뒤인지 말씀시오. 네? 다른 은행도 냐요? 일단 그건 추 홬윈입니다. 지이 세 개 우선입니다. 잠시만요, 통화 끊기면 가 다쉬 못 드릴 수 있어서 끝까지 들우셔야 합니다네 이 통화는 취되고 잇습니 다. 녹쥐가 남귀 때문에 정확히 답해 주세요.",1,수사기관 사칭형,asr_noise,,
asr_aug_수사기관 사칭형_0045_45,"여보세, 경찰청 사 위버수대니다. 본인 으로긴급 통보가 하나 들어가 연락드린 거예요. 지금 검거 사건음 현정에서 본읜 명의의 하나은아행 좌 국민온행 계좌가 동시에 나어습니다. 어, 본인 것 같지 않으시 네, 그런데 명 의눈 본인음으로 되어 있습니다 이 좌들이 대장으로 쓰였고, 자금 흐 름 범죄 연루가 확인됐습니다. 본 께어서 직접 사용  하다면 명의도용입니다. 하지만 구에게라도계좌를 려준 적 있 으면 얘기카저 덜라져요. 레서 지음금요은비밀 유지저 중요헙니다.가족, 장통료, 지인에게 절대 말어하지 마세요 제3자 연락 차 단셔야 합다. 잠깐만요, 제가 지금 설명드리 건 아주 간단니저 본인 명의 켸가 동결될 수 있그고, 경우에 따라 수 절처도 들어갑니다. 네? 아니요, 가 갑주려는 게 아니라 실 절차입어니다. 지금 바로 해야 해서 계좌 끝  네 자리와 사용 은행만 말씀해 주요음 농협도 있으가요? 없으시다요? 알겠습니다. 그럼 하너은행,아 국민행 두  만 우 겠습니다. 아,음 그리고  최큰에 다른 사람 의로 둔 받으신 적 있나요? 아니면 문자 계좌번호를알려준 적 있으세요? 없으시저면 피해자로 정리할음 수 있습니다네. 그런데 간이 길어지면 계좌가 묶여서 이체도못네 하고 출금도 제한됩니다. 그래써 바로, 로 답하셔야 해요. 네 잠깐만요, 인 상함 다시 한번 인할게요.네 그고 이 사건은 검찰청으루 넘겨질 예정입니다. 그러니까 지금은 저 말만 들으시면 됩니다.",1,수사기관 사칭형,asr_noise,,
asr_aug_수사기관 사칭형_0046_46,"여보세 김성호 씨 맞으십니까? 네? 네, 서울충앙지방검찰청 첨던범죄수사부뉘다.잠깐먼요, 제가 지금 본인 확인터 할게요. 김성호 씨 주민번호 튀네자리 말씀하실 필요는 없음고요네, 본인 명의로 된 눙협 켸좌와 국민은행 계좌가 최곤 대포통창으로 확인네돼서 연어드린 겁니 다. 대포통장이라고요?그 네, 고러니까 쉽게 말해서 본인명의가 펌 죄조칙 쪽에 넘어가서 불법 자금아이 오간 정황이 잡혓습그니다. 이 부분은 가폅케 넘어는 안이 아니요, 지금 바로, 바로 대응 안요 하시면 계좌 지급정 지, 압수네 그리 출석 요구까지 이어질 수 있습니다어. 어, 저 그네런음 적 없 는데 요. 네, 모르시는 건 이헤합니다. 도요 그 부분 확인하 려고 전화드린 거고요. 검찰 수사관 입장에서 말씀드리면그 본인 명의 농협 통창에서 8천만음원대 자금이 분산 이체된 혼적이 나왔습늬다 아니 저는 농협은 쓰테 그란 이그체  했어요 아 잠만요, 그게 니 구요, 지 제가그 묻 건본인이 직접 했냐아늬가 아니라 명도용  피해 여부입니다.그 누가 휴태전 화나 주민등요롴증 사저즨을 요구한 적 있요습니 꺼? 음, 뭐 카도 배 송 연락은받은저적 있어요. 네, 그게 단어서입늬다 지금네 제3자, 가족분이든 지인이 누요든 이건에 대서 이야기하시면 안 됩뉘다. 말씀 새면 증거인멸루 판단될 수 있어서요. 그리 이 통화는 녹취됩니다. 네 녹취요요? 네,전 부 기록으 남습니다네어 인께선 지금굼융감둑원 연계 인 절차를 거야  허고, 제가 안내하는 대 나은행 계촤토 이아점컴해야 합니다요. 근데 왜 하나은 행이요? 검찰 쪽애서 확인퇸 불 법 현 본인  이름으루 된 하나은행아 체크카드가 같이 나왔습니다. 혹시 계좌 비밀번후나 보카드 번호를타 에게 준 적 있음오세요? 아니요, 없어요. 좋습니다. 그럼 지부터 본인 명의 계좌 현황 확네해야 하니까, 농협과 국민은행 끝 네 자리만 말 해 시켔그습니까? 확인 후 동결 해제 또그는압수 보류 조치 가 갈립니다.",1,수사기관 사칭형,asr_noise,,
asr_aug_수사기관 사칭형_0047_47,"통화 가능하십니까? 지금 바쁘시면 안  됩니다, 급한 사안이라서요. 저요는 철음정 사이버수사대 박준혘 수관 이고, 본인 명의가 범죄에 이용퇸 정 황이 잡혀 연락드렸습니다. 네? 제요? 네, 맞그습니다아 최근에 지팡검청과 공조해서음 대포음통장 일당을 검거했는데, 현창에서 김도윤 씨 명의의 기업은행 통저장과 하나그은헹 통장이 발견됐습요니다. 아니 자는 업은헹 있논데요. 그래사 확인논 겁니다,확인하네는 예요저 금 본인 명로 계가 타 에게 양도된 치 , 아니 개인정요가 유출된 건즤 구분야 합니음다. 혹 행서 연락 온  없습니까? 어 예금이 몪인다 문자 받은 적은 있아요. 그렇죠, 그게 켸좌 즤급정지 예고입늬다. 지금 파로 처 안 시면 동이 아니라 업수 절차로 넘어갈 수 있습 니 다. 아, 잠만요 제가 구런 걸 왜 당해야 돼요? 본인께서 잘못한 걸로 단정하는 닙니다.다만 현장에나온 계좌가 본인 명의라서 수사관 입창저에 연락드리는 고그 절차상 제 3와 상의시면 안 됩니다 . 가분, 췬구분, 심지아은행 원 에게도 지금 살명하지 마세요. 어뉘 은행  직원한테도요? ,쾐히 새면 조사가 꼬입니.그 그리고 본인께 지금 이체룰 임의로저 하면 안 됩니다아. 잠저껀 만요어이요체요 네,본인 명의 계좌 안전조치 명목으로 희가 지정하는 계좌로 잔액을 옮야 합니어그게 아니라, 그라니꺼 제거 말씀트리는어건 범죄 자금과 분릐해 한다눈 거예요. 지금 농협, 하너행, 키업은행어 중 본인 사용 계좌가 어떤 건쥐 하나씩 확인할 겁니다. 메 가십니까네  네. 사건번호는 202-검사-179니다. 지금 제 안내하는 대로 안 하면 체포영장 토까그지 갈 수 있니다. ",1,수사기관 사칭형,asr_noise,,
asr_aug_수사기관 사칭형_0048_48,"네 김미진 씨 되시죠? 아, 여세요?네, 검찰청 금융범죄수사팀니다. 말씀 잠깐  드리겠습니다. 분인 명의 국뮌 은행 계좌가 명토용돼 대포음 통장으로 확윈됐습니다. 태포통장이? 내아, 본인도 모르게 설되었거나, 아면 유출된 정보롤 통해 서용된 건데, 지금  이 계좌는 이미 범죄수 흐름에 연결돼 있습니다. 저는 그런 계좌 없는데요. , 그럼 더 위험합니어다. 왜냐하면 본인이 모르는 사이 계좌가 열렷다논 일 수 있어서요. 저희가 지어금 서울중앙치방검찰청어 쪽으로 접수 사건을 보 연락두리어는 겁니다. 찰 수사관 신분으로 말씀드 리면, 인 명의 된 국민은행과 농협 계좌가불법 사이트 자금 수거용으루 확읜됐고, 동켤 조치 예가 내려갔습저니아 아니 그럼 어 떻 해야 요?일단 비뮐 유지입늬다 이 건은 누구한테도말시면어안 됩니다. 남편분, 자녀아분, 회서 동료분에게도요. ? 왜음요? 제3자 개입되면 공펌 인될 수 있습니다. 그리고  제가 확인하는 안 절대 다른통화 받지 마새요. 차단해 주야 합니다. 잠깐만요, 다른 전화도 오면안 요? , 금융독원 홬인 전화도 저희 이어서 드릴 거라 그 전까지는 외부 연락저 끊으셔야 합다. 본윈 좌번호 끝 네 자리, 최근 입출금 내역애서 르는 이체 있논지 말씀해 보세요. 음, 3일 전에 모르는 돈이 들어왔다가 나저갓어요 네, 그 부분입니다. 지금 바로 본인 명의 촤를 안전조치 안 하면 압수수색 영장로 어갈 수 있습니.",1,수사기관 사칭형,asr_noise,,
asr_aug_수사기관 사칭형_0049_49,"잠시  퉁화괜찮그으세요?요 저는 금감독원 특별조사관이라고 말씀그드릐겠습니다음. 름이 아니 본인 명의로 개네된네 하나은행 통장이 대포통장거에음 이용된 사위확인됐습니다. 하나은행의요? 네, 나은그행 그리고 기엎은행 두 건니어타. 지금 건 순 민원 어닙니다. 계좌 동켤 대상 이고, 주가 인 없으 지급지 상태로 넘아갑니다. 어, 저는 그런 동장네 만든 척위 없는데요저 내, 그러니까 구 부분이 중요합니. 명의용인어지, 아뉘면 유출퇸 개인음정포 누군거 개썰했는지 확인해야 합다. 본인 신분증 사진, 휴태전 인증번후, 공인 펀요호 은 커 타윈애게 준 적 있으십까? 음,예전에 택배 관련해서 사진 찍어 보낸 적은 있는요요. 아, 그게 아, 러니까 제가말씀드 리는 건 구개 유출 경일 수 있다는 겁니다. 금 본인계 좌가 범죄수익 세탁에 쓰였고, 희 검찰청콰 계해서아 동결 예정저입니다. 그러면 어떡해요?단 비음 유지하셔 합니다. 지금 상황올 다른 운행애 문의하거, 가족에게 알리음면 정지 처리에 더 시어간이 걸립니다. 아니 왜 가족한음테도 말하지 말라고요? 네, 조사 혼선이 생깁니다그 고리고 본윈 자산 보호를 해 제가  안하는절차대로 지금 바로 잔액 확인을 하셔야 해요. 지 금 인 농협 좌 잔액이얼마죠 잠깐만, 왜 잔액을요 물어요? 범죄 연루 자금이 섞였는지 확인하려논 겁니아다. 재가 지금 문자 로 인 링크를보네드릴 테니, 그쪽으로 틀어가서 계좌 정보를 다 시 력해그 주십시오. 이 통화는 녹취 되 있고, 허위 진네술 시 책임이아 커집니다.",1,수사기관 사칭형,asr_noise,,
asr_aug_수사기관 사칭형_0050_50,"여보세요, 경찰청 지능범죄네수사팀입니다. 정현우 씨 퉁 맞으죠? 내, 저희가 방요금 지검청과 합동으검거한 조직에서 정우 씨 의의 국민은행 계좌와 기업은행 켸촤가 와서 연락드렸습. 네? 제 계좌가요? 네, 맞습니음다. 검거 현장에사 데포어카그드, 위조 신분, 그리고수의 대포통어장이 압수됐고요 그중에 본인 이름적힌 계좌가 확인됐습니다요 아니 저는 진짜 몰라요. 네, 모르는 게요 더 상음일수 있니다. 지 인 명의가 도용됐을 가능성 커서요. 타만 이 상태루 놔두면 켸좌 동결, 압수, 출석 통보까지 이어 수 있니다. 아, 그네러 제가 뭘 해야 돼요? 먼저, 지금 주변 사람한태 연락하지 마세요. 체3 저 차탄부터 허셔야 헙니다. 그리고 은그행에 직 전어하시면 안 됩니더.그게 아니라,그 그 러까 제에서 정리되 순서가 있습니어다. 잠깐만, 은행에전화도 하 면 안 돼요? 네, 통화가 엇갈리면  증빙이 꼬입 니타. 지금 저희가 확인해야 하눈  건 본인 명의 농협 계 좌가 최근에 새 생겼는지, 아니면기존요 계좌가 범죄에 이용 됐는쥐니다. 저는 농협 계좌 없는데요. 그렇다면 더더욱 명의도용 가능성이 높습니다. 현재 이 사건은 금융감독원에도 넘어가 있 고, 본인께서 조하지 않면 계좌 지급정지 후 체포영 장 검토 가 들어갑다. 메모하세요, 사컨번호는 202 5 요경찰-40요2입니다그리구 제가다시 연락드릴 때치 른 전화 받지 마싀, 좌번호와 최근 이체 내 역춘비해 두십오.",1,수사기관 사칭형,asr_noise,,
asr_aug_수사기관 사칭형_0051_51,"여보세요, 맞으십니까? 네, 서울요중엉지검찰청입니다. 저는 형 사 박준호 검사라고 하구요그 지금 통화 가능하시면  잠깐만, 아주 잠깐만 확드릐겠습다 인 명로 된 농협 계좌하고 하나은 계좌가 오늘 오전에 불법 차금어쎄 경에서 발견됐습니다. 아니, 본인께서 직접 쓰시는 계좌 맞시죠 네? 어니라고요? , 그러실 수 습니다. 그런데 저희카 검찰 전산하고 금 융감독원음 공문으그로 대어조 , 이 계좌가 대통장으 로 넘간 정황이 확인됐어요어. 그러니 까 슆게 말씀드뤼 본인 명의가 도용됐거나, 아니면 제삼자에케 남켜진 겁니다. 지금 바음로,네 바로 조치 안 하시면 계좌 지급정네 들아가구요, 필요하면 압소 절저차까지어 니다 .어 네저, 압소요. 이건 장난이 아닙다. 크리고 지금 이 사건운 뷔밀 유지가 우입다어 가족분나 지인본한테 말씀시면 안 되고요, 특 다 른 사람 계좌로 이체하거나 상담하는 거 절대 안 됩다.아 참깐만요, 제 말씀드리는 건 본인 보 절차니다. 지금 인 주민번 압자리 확인 가능허씹니? 아니, 아니면 휴대전화 뒤 내요  자릐라도 말씀해 주셔야 됩니다. 제저 가 리는 말씀이 킬어쥐면 헷리실 수 윘는데, 심은 본인 계좌가 범죄 연루돼서 둥결될 수 있다는 겊니다. 지금 확인 안 시면 체포장까지 검토됩니. 네?  왜 제가 이런 말을 하냐고요? 검찰청 사건그호가 잇고, 저저희가 실제로 압수한 대포장 중에 본  의가 찍혀 있어 그랗습니다. 지큼 주변에 다른 분 계시 통화 끊고 자 받으. 예, 혼자요. 그리고 멀음씀 도중에 끊으네시면 안 니다. 제 문에만 답하시면 됩니다. 협, 하나은행 말고 다른 은행 켸좌  으십니까 민 은행이요아? 알겠습니다. 그 국민은행도 지금 확인그 대상아입늬아다.음 계좌번호 전체는 아니고끝차리만요 끝자뤼만 불러주시겠 습니? 잠깐먼요 왜 그런 걸 묻냐고? 동결 전에 본인 계좌인지 확 인해야 합니다.자,그 빨리 말씀 주세요",1,수사기관 사칭형,asr_noise,,
asr_aug_수사기관 사칭형_0052_52,"네, 경찰청 이수사대입니다. 통화하시는 분 성함은 제가 록해 두고 있고요. 본건온 명의도용요 융사건으로 접수돼서 지금 확 연락드린 겁늬다. 혹시 지금 목소리 잘 들리십늬까? 네저 ,  리시 됩니다. 저희가 어제 검가한 조직 에서그 국민은행, 기업행, 농 통장 다수 압했는데 그중에  님 이름우로 개설퇸 좌가 포함돼 있솝음니다. 아니, 처음 듣는다고요? 네, 그게 정상 반응음의어십니다. 그데 지금 문거 뭐냐면, 고 계좌요가 대 포어통장으요루 사용됐고,불법 도박 자금이 들어갓다가 빠져나간 정황이 혔아요. 그 래서 계좌는 우선 지쥐, 그러까 묶 조치가 들어갑. 본인어 의사랑 상관없이요. , 제가 설명을 금  리면,지금 이 통화는음 녹쥐됩뉘다. 그러니까 말씀하시 는 내용이 사건 자로 남습니다. 아 , 잠깐만요.가족이나 조변 사람한 바 전화하시면  됩니다. 지금은  제자 접촉 차단이 우선잎니다. 왜냐하네 자들끼리  맞추는 컬 막아야 하거든요. 네? 아늬, 가 겁어추려는 게아니고, 이저미 금융감독원 쫔에서네도 켸좌 추적 공문위내려간 상태입니다. 본인 명로 된 계좌가 한 개만 더 와도 전 좌 압류 절차로 넘어갈 수 아요음 그러니 금 현재 사용 중인 은행이 어디인지부터 말씀해저 주셔야 합니다. 농협, 국민, 하너은행 중에 어떤  십니까? 아,  다 쓰싄다저고? 네, 그럼 끝자리 만 멀씀해 주세 요. 가 다시 확하고 정지 여부 안내드리겠습니다음 지금 바로 답 안 시면 계저좌 동결위 자동 진행될 수 있습 니다 아 그리 다 른어 사람에게 전 화하시면 안 됩니다. 이 사건은 외 유출되면 해자 보아호가 렵습니다. 께서 협 만 하시면 되니까요. 차분히요, 차분히 말음씀해 주세요.",1,수사기관 사칭형,asr_noise,,
asr_aug_수사기관 사칭형_0053_53,"여부새요? 네, 금융감독원요 검사역입니다. 지금 본인 명의 좌 범 죄에 연루된 사실이  확인돼서 굽히연음락드렸습니다요 훅시 농협이나 하저나은행 계 개설하신 적 있으그십니까저? 네? 없더고요? 알겠습니다. 그런 저희가 확한바에 따면,  본읜 주민등록번호로 개설된 좌가포통 가 에 사그용됐습니다 . 지금 이게요, 단순 문의가 어니 압수·동결  대상니 다. 제 제가 먼저 말씀드륄게요.  지금 계좌를 방허면 본인 명의 전체가 위어험해집늬다 아, 그리 고 이 통화는 내부 기록용으로 남슾니다. 네, 녹취됩니다. 크래서 거짓말하시면어 안 됩. 본읜이 시 최근에  신분증사진을 누쿤에 보낸  있니까?아니 요? 그람 캐인정보 유출 가능성이 있네습니요다. 아니, 잠요, 그게 아니고요. 지금 문제는  계좌룰  만들었느냐포다 계가 어디에 쓰느냐입니다. 저희가 검잘청과 공조헤서 확인한 결, 해당 계좌로 범죄수익이 잎금된 뒤 바로 여러처례 이가 퇬어요. 그래서 본인 계좌가 상 계좌인지, 아니면  명의용된 계 좌인지 구분해야 합니다. 지금음 주변에 계 분 있으음면 다 피 해주세요아 말씀 내용이 쌔어나가면 안 됩니다그. 특히저 가죽한테저도 말 하지 마세 요. 수사 중윈 사안이네라네 개되면 본인에 불합니다. 자, 질드리겠아니저다. 국민은행이나 기압행 카드, 통장, 비뮐 호롤 른 사람에게 맡 적 있습니까? 깐요, 없다고요? 그 더더욱 계좌 정보 확인이 필요합니다. 끝호 네 자그리멀쑴해 주세요. 지금 이 단계네 에서 혚조 언 하음시면 지급정 후 압수 절차 밟게 되고, 경우에 따라 소환 통보가 나 수 있습니다. 네아, 소환입니요다. 그러니까 지 바로 말하셔야 됩니다.",1,수사기관 사칭형,asr_noise,,
asr_aug_수사기관 사칭형_0054_54,"금 화되십니까? 서요울중앙지방검찰청 수사관입니다. 제 본인께 확인드 건 딱하나입니다. 본인 이름으로 된 하나은행 통장, 농협 통장 이 최근 볼법 자 흐름애 들어갔습니다. 아요, 본이 안 쓰셨다코 허셔도 록은 넘아 있니다.음, 이 건운 대포통장 명의두용사건고요, 피해자거 맞는지  아니면 연루차애 해당하는지 확인 충입 니다. 지 멀 잘 으셔야 합니다. 계좌는 우선 동결  조치 가 들어가고, 필요하압수수샠영장으로 넘아겁니다음요 아, 그리고 제삼자와 연랔허시 안 됩니다. 친척, 친, 은행 청구 직원 함해서요. 지 외부에 멀하지 마세요. 제가 멀씀요드리는 동안도 다른 통화 받으쉬면 안 됩니다 네?  그런지 모로다고요? 범조직이 계좌를 돌려쓴 경우, 피해카 먼저 닉했다는 식으로 너올 수어서 그렇습니다.어 그러니꺼쉽게 말하면, 지금 분인 입장을 뻘그리 정리해야 합니다네 본인 주민번와 사용 중인 은행명을 다시 한 번 확인하겠습니다저국믠은아헹만 쓰신다고요? 알겠습니요다. 란데 자희 압수 목 록에는 국민은 행 외에 기운행그두 잇습니다요 혹시 카만 먼든 적은 없으싑니까? 잠네깐만요, 드가 아니라 계좌 하는그 겁니. 자꾸 헷갈리시면 제가 하나씩 다시 씀네드릴요. 지금 가장 중요한 건 계좌번 호 확인아입니다어  세 자러 좋습니다. 니,지금 못 말허쉬면 저희가 일단 선제적으로 지급정지 처리합니다. 그럼  출금도  하시고, 오히려 본인 피해가 더 커집음니다아. 뻘리요, 지금요. 제가 제가 드리는 말씀이 과 정처럼 릴 수 있는데 제로 이미 사건번호가 팔부돼 있습니다어 협조하쉬그면 피해 자 처리루 넘어가고, 아니면 잠고인 조사 동보가 갑니.",1,수사기관 사칭형,asr_noise,,
asr_aug_수사기관 사칭형_0055_55,",  받으셨 죠저 경찰청 지능범죄수사팀입. 잠네깐 말씀드리습니더. 저가 오늘 쌔벽에 불저법 대포통정 조직을 검거했는 현장에서 선생 명의의 국민온행계좌가 나왔습니다. 아 놀러실  수 있는데요아어 지네금 이건 명의도용능성위 높습늬. 본인 명의가  맞는지 확인해야 해서 전드린 겁니더. 음, 재 상태로는 계 동결 상이고, 거 내역은 전부 추 중입니다 . 혹 최 근애 통장이 카 드 푼실하신 적 있으씹니까? 없다고? 네,  그럼 더 문제입 니다. 누군카 쉰분증을 이용했을 수 있으니까요. 이 부푼운 비밀요로 하셔야 니 . 주변 사람한 테 알리면 안 되고,요 특히 행에 만어처 가시면 안 됩니다아 왜냐하면아 수사가아 진 행 중이라 정포가 새면 계좌 압수 처리 늦어집니다. 아,그케 아니라, 그러니까 제가 말씀드리는 건 본인 호 절차예요. 치금 계좌번호를네 전부 말하라그는 뜻은 니,확인용으루 은행과 끝자리만어 불러탈라 겁니다저. 국민은행 맞으시구, 하나은행도 있으십니까아 잠깐만요저 있다고요? 네, 그럼 두 계좌 모두 확그인 대상입 폰인깨서 알지아 못하는 입금이 이체가 있는지도퐈야 합 다. 지금 그데로 투시면 불법 자금 이면서 본 인까지 연루됩니다. 그러면 환장, 압수 절차, 제영장까지 이어질 수 있습니타 그래서 지금 바그로아 응답해 주쎠야 돼요. 저 수싸콴 신분으로 말씀드리는 니다. 장난아니고요, 실제 사건 입니다. 계촤 끝자뤼 말씀헤 주십시오, 리요.",1,수사기관 사칭형,asr_noise,,
asr_aug_수사기관 사칭형_0056_56,"여보세요, 아 네 서울중앙방검잘청입니. 지금 통화 카능하십니까그잠깐만요, 제가 먼저 말음씀드릴 게 어서요음  본인성함이 박성호 씨 맞으시죠? 네? 네 맞는데요. 네, 박성호 씨 명의로 된 눙혚 계좌가 지금 데포장으로 확인돼서 연네락드렸습니다. 대통장그이요?아 아니 저는 그런 적이 없는데요. 아 그게, 그러니까 지금 바로 당황하실 필요는 없고요. 저희가 검찰청에 의미네 홬한 자료애본인 추민번호, 주소, 그리고 계촤 개 흔적이 다 너와 있니다 .농협랑 허나은헹 쪽이 같이 묶여 있는데, 이개범죄들이 명를 용서 한 장입니다. 아요, 전 농협만 쓰는데요? , 농협 쓰신다고 하셨죠 런데 본인 명로 추가 계좌가 하더 확인됐습니다. 지금 사건은저 금융사기 조직이 검가된 건이고, 현장애서 대포 드랑 보안카도, 통장 다 압수됐습니타. 앞수된 물건 중에요  박 씨 의 통장이 벌견된 거예요요 어, 그음게 제 건지 어떻게 알아요? 희가 은행 전산요오로음 대초한 니다. 그음리고 이 계좌는 지금 켸좌 지급정치, 그러니까 쉽게 말하면네 묶이는 태로 남어갔아요. 동결 전 단계라서 지곰 처리 안 하시 압수 절차로 바로 이어질  습뉘다. 아 잠깐요, 제가 뭘 야  되는테요? 지부는 제 안내만 따라오시면 됩니다. 먼 제3자 연랔음 으셔요야 합니다. 가족이든 인이든요 구헌테도 이 얘기 하면 안 됩니다. 득 은행이나 경찰에 따로 전화하시면 안 돼요. 니 왜요? 사 방해가 됩.  본건은 비 밀 유지가 빌요하고어 지음금 부에 훌러가그면 공범로 오헤을 쑤 있아. 무건 저희가 지정하는 절차로네만 확인해야 합다. 분인 계좌번후 뒷자리 말씀해 주실 수 있습니까? 아뉘 그걸 왜요?피헤자 본인 확인 잘차입니다음 지 지금 파루 확인 안 하시면아 계좌 전  압수가 들어갈 수 읬습니다음. , 잠껀만요. 제가 메모 좀 할게요어. 네, 메하시요저 이 통네화는 녹취됩니다.  벅썽호 씨 본인 명의 협 계좌 끝 네자리,그 그리고 최 하나은행 사용 여 부음 확인해야 합타.음  제가 말씀드리는  건, 지금 버로 계좌 보확인 안 하시면 체포영장까지 검토될 수 있요다 겁니다요. 체포영장이요 ?네. 본읜 가 범죄에 이용된 상태음라서그 그러니까 지금 바로 바로 협조하셔야음 됩니다.",1,수사기관 사칭형,asr_noise,,
asr_aug_수사기관 사칭형_0057_57,"화 으셨습니까? 네, 검 청 수 3부입니다. 저는 김도윤 사관이고. 말씀드리기 전에그 먼저 확인헐 게 있습니다 . 혹시 최은정어 씨 되니까?네, 맞는데요 네, 최은정씨 의로 된 국민은행 계 좌가 범음죄 현에서 발견됐습니.아니 국민은 제가 쓰긴 는데요. 네 쓰고 켸신 건 확인됐고요 문제는 본인 명의가 도돼서 대포통장으루 유통된 정황이 있다는 겁뉘다. 아, 아니애요.음 저는 크런 적 요. 그렇타고 하시겠죠. 그런데네 저희가 서울엉지방검찰청에서 조사한 사건서, 검거한 피의들이최은정 씨 이름으로 된 통 을아 제시그했습니다. 그리고  계어좌에 불법 저금이 어갔다가 져간 내의보여요 음, 제가 잘못 들은 건가요? 아니요 잘못들으신 거 아닙니다. 지금 이건 계좌동결 대상입니 다. 동결이요? 네, 앞수 전 임시 조치 라구 보면 됩니다. 지금 바로 대웅 안 하시면 모든 금융네거래가 정지될 쑤 윘어요저 아 근데 제가 뭘 증명해야 되는데요? 일단 비밀 유지부 하셔야 합니 이 건은 제음자애게 말씀하면 안 됩 니다음. 가족, 직장, 은행 장구 다 안 됩니타. 아, 래도 은행어에 확인해야 하 거 아닌가요? 아네잠껀만요, 그게 아니고요저 지금 온요행에 직접 문의하시면 사건이 새어나가서증거 인멸 오해받 습니다. 저희 검찰청어에서 지정 한 방식으로만 하셔야 합니다음 우선  본인 서용 계좌가 국민은행 말구 또 있습니까? 데요. 잠깐 생해 쎄 농협, 허나은행, 기업은행 종에 하나라도 개설하적 없나요요 없어네. 네, 구 답변 메모됐습니다. 그런데 지금 인된 자료에는 국민은행 외에 하나은행 계좌가 하나 터 혀 있습니다. 그 계뒷자리 확인 주시면 됩니다. 제가 왜 크런 걸 헤야 하죠? 피해자 여부 확인 절차입니다. 지 바로확인허셔야 본인 명의 추가 압수를 막요을 수 윘습니다. 아, 시만요. 이거 너무 갑작스요러운데요.아 네, 갑작스럽더 라도 행하그셔야 합니다. 저희가 녹쥐 기고 있고 본인 진술 중요합니다. 좌 정보 멀씀  하시면 체포까지 어질 수아 있습니 다.",1,수사기관 사칭형,asr_noise,,
asr_aug_수사기관 사칭형_0058_58,"네, 경찰청 금융요범최수사팀입니다. 지금저 통화되십니까? 어, 네. 저는 장 세훈 경위이고요. 본인 현우 씨  맞우시죠 ? 네아? 아 네. 김현우 씨 명의로 된 긔업은행 통아장 관련해서 연두렸습니다. 기업은요어? 저는 기업은행 없는데요. 네네, 그요래서 연락드린 겁늬다. 본인 모르 개설된 대그보통장이 확인됐어요.  지금 이건 명의도용 사건입니다. 명의도용이요?  네, 저희 최근 서 외곽사 검거어한 조직이 있었는데요.어 거기서 대의 현금 위네조 신분증, 그리고 다수의 통장네이 압수됐니 다. 중에음 김현우 씨 이름오로 된 기업 은행 계좌가 포돼 있고, 불법 두박 금이 우간 훈적이 있니다. 니  저는 진짜 몰러요그 , 모른다고 실 수 습그니다. 그테 건은 지금 가볍 볼 일이 아닙니타 계좌 동결, 압, 그리고 필요하면 출석 통보어까지 이어질 수 있습니다.  잠깐만,저 제가 범죄랑 관련이 있다 요 관련성 여를 확인허는 겁니다. 고래서 지금 바로 사 관계 진술을어 받는 중입그니. 음, 저는 기업은행 안 쓰는데요. 그럼 농협저이 국은행 하나은요행 어저떻습니까 아 그건 있어요. 네, 그 외 계 좌토 부 확인해야 니다. 그리고 지금부타는 누구랑도 상의저하지 마세요. 가족, 친구저 직장동료, 행 직원, 전부 연락 끊으쎠야 합니타. 왜요?저 재3자음 개입되면 소사상 염됩뉘다. 인께서 먼 다른 사람에게 말하면 범 은닉으로 비칠 수 있요 아,  너무 서온데요. 지금 로저 확인 절차 진행하셔야 합니다. 본읜 주민번후 뒷자리와 사용 중인계 뒷자리 말씀해 주세네요.요 어니 그걸 어땋게 바 말해요네 김현우 씨, 지큼 시간이 없습니다. 바로안저 하시면 계좌가모두 치굽정지 됩니. 지급지면어 그냥못 쓰는 거아예? 네아 쉽게 말해 묶이는 겁니다.그리고 본인 명의로 추가 통장이 나오면 압수 절차가 들갑니다. 자, 말씀하시죠.",1,수사기관 사칭형,asr_noise,,
asr_aug_수사기관 사칭형_0059_59,"여보세요.어 금융캄둑원 조사팀입니다. , 네? 박지현 씨 본인 맞으시쵸? 네 멎는요. 네, 본인 명의의 농혚 계좌가 보이스피싱저금세에 사된요 정황이 확인됐습뉘다. 뭐라고요? 아니 저는 그요런 적이 없는데요저. 그러니꺼 지금 저희 말씀 리는 건, 본인 의사와 무콴하 명의가 도네용을 가능성이 높 다는 겁니다저  농협위 랑 국민은행 쪽 자료가 같이 들아왔고요음 . 검찰청에서 남 어온 사컨인네 이믜 일부 계는 동결 조가 잡혀 있습니다. 아 잠깐만요, 제가 펌애 연루됐더는 거예요? 네, 현재는 연루 통보 단계입니다.그 확정은 아만, 대응을 절못하면 바로 피 전환네퇼 수 있어요. 아요니저 그럼 어떻게 해야 돼요 ? 지부눈 타읜콰 통화하지 마시구, 제 말만 들셔야 합니다. 가에개도 씀시면 안 됩니다. 특히 지금 은헹에 직잡 몬하시면  돼. 왜요?계좌가 압수 쌍태로 어기 전에저요희가 먼저 사 확인을 해야 하니까요. 본인 명로 퇸 계가  몇 개인 정저확휘 말씀해 주세요. 음, 농협어 하나 있고 국민은그행 하나 있아요아 네,요 그건 확윈됐고 요그. 그 외에 하나행이나 기업행은없습니까그? 없어요. 좋습니다.그런데 하나은행 계좌 하나가 추가루 잡혔습 늬다. 분인도 모르는 개설윌 수 어요. 잠깐만요, 제가 하나은행없어요. 아 네, 그그럼요 더더욱 의도용입니다그 지 이 사은 비믤 유지가 중요 합 니다. 제3자에게 말하면 수사망이 새고, 그러면 본인도 같 묶입니다. 몪인다는 게 뭐예요 켸좌 지급정지, 출굼 정지저 필요하면 현 압소그까지 갑니다. 그고 폰인 쉰분증 사본이나 계좌번 확인의 필요합니더. 지 바로 보내실 수 있습뉘까? 아뉘요, 갑자기 그런 걸 떻게 보내 요. 아 그게 아러, 그니 제가 말씀드리는  즤금 로 확인안 허시면 손해가 급니다. 검찰 쪽으로 바로 넘겨버리기 전에 협하셔야 합뉘다. 계좌 뒷자리푸터 말씀 세요.",1,수사기관 사칭형,asr_noise,,
asr_aug_수사기관 사칭형_0060_60,"네 서울중앙지방검찰청 사부입니다. 저 오세린 검사실 수서관입다. 지큼 본요인 이서준 씨 통화 맞오십니꺼? 네, 근데 무 일이죠아? 서 씨 명의로 된 나은헹 계가 대포통장 사건에 사용된 정이 확인돼서 락드렸습니다아 나은행이요? 저는 하나 은행 안 쓰는데요. 음, 그 점 때문에 연락드린 겁니다. 본인 모르게 명의카 쓰 수 어서요. 저희 가 최근 금융사기 조직 을 거했는데, 현장에음서 하나은, 농협 기음업은행 통장들이 다 압수됐니다. 그  헌 개가 이서준 씨 명의였습니다. 아니 그게 제 건지음 어게 홬실히 아새요? 행 조회랑요 앞물 대조 확인했습니다.본건은 카볍 않습다요 쥐 바로 계촤 동결 절차가 진행 중이고,그 추거 인 안 되면 압수영장 검그토됩니. 잠깐만요 그럼 제가 뭘 해음야 쵸? 일단 재3자연락 차단입니다. 누구한테도 말하지 마세. 거족, 친구 , 회사, 운행 전부요.그리고 통 중에는 끊지 마고 구대로 계쎄요.  통화는 녹취됩니다. 아 네. 네,지저금부터 계좌 정아보 확인 들캅니다. 인 명의 계촤가 농협,하어나은행 말고 국믠은행이나 기업은헹도 있습그까? 음아 국민은헹 하나 있어요.  알겠늬다 . 국민은행 뒷 자리 말씀해 주시코요. 아늬그걸 왜요?요 피해 사실 확인 둥결 범위 정리입니다. 지금 늦요어지면 바로 계좌 압수로 넘아갑니다. 아 저는 진짜 모르는 일인데요. 네, 모르는 우가많숩늬다. 그래 더 리 확저인야 합니다.  계촤번호 끝  리 말하세요. 지금 바로요.",1,수사기관 사칭형,asr_noise,,
asr_aug_수사기관 사칭형_0061_61,"여보세요, 귐민수 씨 멎으시죠? 아, 검철청에서 연락렸니다. 서울중앙방검찰청 형사부 이도현 사관입니다. 지금 통화 가능하신지 먼저 확인 좀 하겠 습니다. 네?네 아네 참깐만요, 제 말씀드리는 건 단순안가 아니고 본요인 명의루 된 대포통장관련요해서 긴급 확인이 필요한 사안입니다. 지금 김뮌어수 씨 명의로 농협 가 하나 발켠그됐는요그, 그 계가 이스피싱 자굼 닥에 사용된 황그이 어요. 니, 제가 지큼 말씀드리 건 본인께요서 사용신 정상 계좌 말고, 타인이 의도용해서 개설한 계좌입니다. 본 애 헤서, 음,쉽게 말허면 본인 름으로  통정 이 범죄 현장에 서 압수됐다 겁니다. 지금 바로어 확인 안 하시면 계좌 지급정쥐, 니꺼 묶이는 초츼 들어가고요, 더 진행되면 업수 절차까지 갈 수 있습니다요 김민 가 직 접 개설한 적 없오시죠? 네? 아니 그러면 개인정부 유출이된 거냐고요? 네, 그분 가눙성  니다.  다만 지금은 쑤사 혚조부터 하셔야 됩니다. 통화는 녹쥐됩니다. 그리그고 중요한 건음, 이 내용은 잘대 가족이나 지인에게 말씀하시면음 안 니다. 재3자 개입되면 수사망이 흐트러져서요 바 체포영장신들어갈 수 있어요. 아, 제가 겊주려고 는 게네 아 니고요어 실제로 검커된 일당이 있고그 현애서 농협 , 국그민은행 카드, 이런 들이 이 나왔습니다. 김민수 씨 명의 통어장이라구 확인됐고요. 지금 본인 앞으로 동결 통지 들어가기 전에, 나 확네윈해야  게그 있니다. 계좌번호저 앞자리 멀씀해주실 수  있습니까? 아늬요,음모르면 제가음 불러릴게요. 잠깐만어요그저 금 확인 충윕니다. 어, , 끝자리 482네1맞으시죠 그럼 이 계는 본인 건지, 도용된 건지 해명 절차를 밟아야 합니다. 치금 다른네 전화 받지 마시고요,가족분틀한테도 연랔하치 마요. 파로 쥔하셔야 됲니다.",1,수사기관 사칭형,asr_noise,,
asr_aug_수사기관 사칭형_0062_62,"네, 경찰 청 금융범죄수사요팀입 니다. 신현우 켱사 결어됏습니다. 인 성함 정믜영 멎으십저니까? 음 지 메모하실 수 있죠? 본 은 단저순 참고가 아라 명의도용사건입니. 저희가 치방검아찰아청콰 공조해서 검거한 조직에서요 하나은행네 대포통장 여러 개가 나왔는데, 그중 한 개가 정미영 씨명의로 확 인됐습니다. 아늬저 제가 말씀드겠저 습니다. 이 통장은 본께서 직접 쓰네는 생비 퉁장이 아니라어, 범죄자들이 입요출 금 내역 감추려고 만든 계좌예. 지금 해당 계좌는 의믜 쥐급정지 대상이고, 바로 압수 전환될 수어 있슾니다. 네 ? 아저에요? 그럼 더 이상 늦추시면 안 됩니다. 지금 바 로, 바로 사싈관계확인야 헤요. 본인 의로 된하나은행 계 를 타 이 개설헸는지어 아니면 본인 정보가 유됐는요.  참음깐,제가 설명음을 다쉬 드릴게요. 저희가 온 사람이 금캄원 쪽에 연루 금융사기단이라고 진술했고 검찰청에 넘어 사건번도 있습뉘다.저 이 민원 처럼 천히 보논 게 니고, 지금 처리 안 하면 본인 명의 전체 계좌가 묶일 수있요. 그리고 가족이든회사든 누구에게 말하지 마십우음 재3자에 알리면 공네범 청황으로 오요인될수 있습니다.네, 네 맞습니타. 본 명의 좌번호 뒤 네 자리 말씀아해 주그세요. 아, 잠껀먼요음 끝자리가 저193 맞나어요요 그러면 지금저부터 소명 절 들어갑니다. 저논 쥐금 확인용으로만 묻요는 겁니다저. 다른 운행, 국민온행이너 기업은행 쪽도 본읜 명의로 개설된 거 있습니까? 없으시죠? 알겠습뉘. 그럼 하너은행 건부터 바요로 정리허요겠습니. 계속 퉁화  유지하시고, 끊으시면안 됩니다.",1,수사기관 사칭형,asr_noise,,
asr_aug_수사기관 사칭형_0063_63,"여보음요, 금융감독원 조사아 니저 김도윤 씨 되십니? 아, 네네, 저는 최정 주사관입니다네 지금 갑자기 연락트네려서 놀라아을 탠데요, 본그인요 명의로 개설된 국헹 계촤가 범죄금 이체에 서용된 정황이 확인됐습니. 네? 아뉘라고? 음, 그럴 소 있습늬다. 그래서 지금 연락드릔 겁니 다 저희가 검찰에서 전달받은 자료에 따르면, 김도윤  씨 명의의 통장이 태요 포통장로 넘어갔고, 거어기서 불법자금이 여라 차례 분산됐습니다. 즤굼이 상면 계좌 동결은 물론이고요 압수 절차도 가능 . 그러니까 쉽게 멀해서 둔 못 빼게 묶읜다 뜻 입니다. 잠껀만, 제가 하너씩 설명드릴게요. 통장이 본인 의사와 모 관하게어 개설됐는음지 확인해야네 하고 만 본인 장포가 밖으 새아나간 거면 크저 경위도 바로 적어야 합다. 아,  이건 비저 유지가 굉장히 중요합니더네 카족이나 친구, 회사음 쪽에 절저대 말씀요하시면 안 됩니다. 제3와 접촉하면 조 흐름위 다 지고 , 추가 계좌까지 추적이 들어거요. 네?본인 도 모로고 있 거아래가 있그었냐고요? 처희카 보음기에는 읬니다. 지금 농협 쪽 입굼 록이 같이 잡혀 있고,네 동일 인물들이 여러 계좌를 스고 있어요. 긤도윤 씨 명의가  충간에  있습니 . 음, 지음금 바로 확인 언 하시 본인 계좌 잔거 위험해질 수 있습아니더어. 계촤번호 앞 세 자릐, 리고 본인 생년월일 말해 주세요. 아, 맞습뉘타그. 천천 하셔어도 되는데 기시면  안 됩뉘다. 검찰 쪽으루 사건 넘기기 전에 지금  싸실 확인이 먼저저요.",1,수사기관 사칭형,asr_noise,,
asr_aug_수사기관 사칭형_0064_64,"네, 여기저치팡검찰청 수사계니다. 박성호 씨 본인 맞으시죠요 아, 잠깐만요, 재가 드리는 말씀 끝까 들어주세 요. 본인 명의로저 된 기엎온행 켸좌거  대포통그장으로 적음발돼사 럭드렸습니다. 지금 검거퇸 피의차 진솔에 사 박성후 씨 이름이 왔고, 압 현장저에서 통장, 보안카드, 대전가 같이 나왔어요. 아늬요 , 제가 지 말씀드리는 간 “박성호 가 범인이”가 아니라, 명의토용이나 유출 여부를 확네해야 한는 겁다. 음,  사건은 금방 지나가눈 게 아니라요,그 지금 바로 대응 안 면 계좌 지급정지, 출금 제, 심네하면 채 관련 조치지검토됲니다. 내어 아니라고 하시면 더더욱 확인이 빌요하죠. 주변 사람한테는 절대 말하지 마세요저 특 가족분이나 계좌 쓰는 지읜에게논요. 제3자가 개잎되면 본인 명의 계좌가 밤죄금 은닉어 통로로 보일 수 있습니다. 아, 그릐고 이통어화는내아부 기록으로 남습니다.지금푸타는 제가 묻는 것만 간단히 답하시면 됩니다. 키엎음행 계 좌 외에 농협나음 하나은행두 폰인 명의 있으십니까? 있으시다고요? 그람 전부 적어야 합니다음 잠깐만요, 재가 정뤼해게요. 본인 앞으로 잡힌 계촤가 총 몇 개인지, 각 은헹명, 그리코최근 사용하신 적 있지 아니 그저 게 아늬 라, 그니까 본  의사음루 캐설한게 맞는지 확인하는 겁니다. 지금 숨기실 단계가 니 요. 오히려  지금 솔직 말씀어하저 셔야 해자 증이네 됩니다요 네 맞습니다. 계좌 튀 네 자릐 볼러주세요.확인되면 바로 소명서 작성 차로 기갰니다.",1,수사기관 사칭형,asr_noise,,
asr_aug_수사기관 사칭형_0065_65,"아, 여요보세요? 경찰청 사이그바수사대입니다. 이지 사관이고요. 지금 급하게 연락드리는 이유가 습뉘다. 이 은 시 명의로 된 하나은행 장 불법 송금에 쓰였다는 사실이 확인됐니다. 네, 저희카 지금 압수 자료를하는 중윈데, 명의가 정확히 이지은 씨로 나옵니다 본인께서 개설요한 개 아니시죠? ,그 그렇다면 명의도용 가능성이 높습니다. 그저데  이걸 지금 빨리 정뤼 안네 하시네면 좌가 로 동결되고, 추가로  압수 절차까 들어갑니다 . 니 잠깐만요, 제가 위협하려는 게 아 니라, 실제로 본 건 긴 건입니다. 지금 같은 간에 제어자헌테 연락하거나 문저 보내시면 안 됩어니다. 가족, 친구, 은행 직 누구한테도 먼 말하지 마세요. 수사 보언상 철데 안 됩니다. 이건 검찰창그으로 바 로 남갈 수 읬는 사안이고, 그면 터 복잡해쳐요. 네? 계좌번호를 왜 묻냐요? 확인을 야 니까요. 농협 에도  의 흔적이 잡혀 있어서,그 어떤 계음좌가 장쌍이고 어떤 게 펌죄 연루인지요 분리해야 합니다요 아, 그러늬까 지금 버로 본인 명의 전체 계좌를 정리해야 한다 말입니다요 본인께서 쓰는 계좌거 국민은행 하뿐이면 그 긔록저하고, 다른 계 좌가 있 으면 다어 말쑴셔야 해요. 잠깐만요, 숨시면 안 됩니. 숨기면 오 공범 오해를 아요. 지금 통화 유지하시고요, 제가 사번 호 러드릴게요요. 잠시만 요, 2026-1184입니다. 이 번호 메모하시고, 다룬 전화논받 마시코, 제가 음 언내 드 때까음지 다리세요.",1,수사기관 사칭형,asr_noise,,
asr_aug_수사기관 사칭형_0066_66,"여쎄요, 본인 되까? 아 네. 저는 서 울중앙지방검찰청 형사부 쫔에사 연락 드린  박도윤 수입니다. 지금 통 카능하시면 잠깐만 말씀 좀 드릴게요. 본 건 대해서 음,요 간히 확인할 게 습니다. 혹시 농협이나 하나은헹 계좌를 본인 명 의로 사용 중이신 게 맞으십 니? 아니? 아, 그러시면 더 주의하 됩니.아 저희 늘 우전에 대포통장 싸건으로 압수색을  친행했데, 고 현그에서 선생님 명의로 된 눙협 통장하 고국민은행 체크카트가 발켠됐습니다. 잠깐만요,어즤금그 썬쌩그님이 모르신아다고 하시면 가 하나씩 설명드릴게. 이 명도용 가능성이 있는 건인데, 동시에 썬어생님 명의 범죄에 연로된 훈적이 어서 계 지급정 지, 그라니까 슆게 멀하면 바로 묶어이는 절자가 돌어갑늬다 . 네? 아니, 저 지금 처음  듣는데요. 아 그러세요. 그래 제가 연락드린 겁네늬 다 . 금 바요 바로 확윈 안 허시면 압 보전 치 먼저 들어가고, 이후에 선생님도 참인 어니면 퓌의자 신 분으로전환될 수  있어요.아 그게 아니라, 그러니까 제가 말씀드리는 컨 즤금 이 화에서만 비밀로 두셔요야 합니다.  가족분이나 지인분께 말허시면 언 되고요 다른 번호로도 연락하시면음안 됩니다. 저희 쪽에서저 연락한 사씰의 외부 나 가면 수사 방해가 됩니다. 아겟습니까? 네? 예. 좋습니다. 본인 확인터 헐게요. 성함이 어떻게 되쎄요? 네, 그이름 맞으시고요. 주네민등록주저소지 확인는데, 최근에 계좌 개하신  없으시죠? 없아요. 아아, 없으면 더 문네제입요니다. 누군 선셍님 정보로 계를 만들었을 수 요. 금 가 금융아감독원 동아해도 조회가들어 상태고,  만약 선생이 추아가 켸좌 청보를 기쉬 그 계촤꺼지 전부 동결됩니다그 지금 현재 사용 중인 계좌요 자리만 말씀해그 주시겠요? 확읜입니다, 확인용. 그러까 치금 바로 말씀해 주쎠야니다. 그리고 이통화는 눅취됩니다 . 혹시 뒤에서 다른 분목소리 들리면 언 됩늬다. 혼차음 계가요? 네? 혼자 아니시면 지금 바로 다요른저 사람 통화 끊으새요 제네자 개입퇴면안 됩니다. 자 협 말고 또 다른계좌 있으십뉘까? 하나, 국민, 기업은행 중애요. 없다구요? , 알겠습니타. 그 제가 사번호 불라드륄 태니 메모하새요. 226-11 48번이고, 서올중앙지검 명의도용 대포통요장 사건윕니타. 지금부터는제가 안내하는 대로만 하셔야 해요. 잠깐만요, 제가 살명 더 드릴저게요.어 선생님 계좌 범자 쪽으로 넘어간 정황이 어서, 본인 명의 좌 를 보하려 잔액 이동 여부를 바로 확인해야 합다. 쥐금 AT저 가실  있습니까? 네? 아니요? 그러면 가어까운 은행창구로 바로그 가셔야 돼요. 가셔서 계좌 잔액이랑 최근 이체내역을 확인음 수사 협조용으로 화면을 확부하셔야 됩니다. 그리고타인 만 시면 안 됩뉘다. 누 옆에서이 왜 하냐고아 물으 감독원 점검라고만 하세요. 아시겠죠? 빨리 허셔야 합다. 지금 지체어되면 계좌 둥결, 압수 절차가 동시에 진됲니다",1,수사기관 사칭형,asr_noise,,
asr_aug_수사기관 사칭형_0067_67,"네요 융독원 특별조사입니다.지금 통화 벋으씰 수 있요? 아, 네 저논 김서현요 조사관이고요, 지큼 선생님 명의로 된 켸가 범자금 세탁에 쓰인 정황이 홬돼어서 바로 연그드렸솝니타. 시 최근에 기업은네행이나 농협에서 캐설한 계좌 있으세?네으시타고요? 음, 그럼 더 심각할  습니네다 . 누군가 산생님 신분으로 대보통장을 만든 거예요. 저희가 이미 압수한 자 종에 선생님 주민등록번호 리까지 일치하는 장이 나왔고음 거에 불법 도박 자금이 어 윘었어요. 그러니까 지금 상황이  펴운 게 아닢니다. 바로 조치 안 하시면 지아급정지, 계좌압수, 그리 필요하면 출요구까지음 들아캅요니다. 네?네아니네 저는네런 거 한 적 는데요 아, 네음 그러 실  있늬다. 그래서 지금 사쉴관계만확인하는거예. 선생님, 지금 휴대폰 옆 족분 계시면 안 됩니다.밀 유지가 종요합니다. 이  건 외부에 알려지면 선뉨 명의 계좌 전부가 묶일 수 잇어서, 누구한테도 멀씀하지 마 세요. 특휘 은헹 직원 고어 주변 사람 말고어, 지그읜한테 말하지 마세요. 이해하셨죠? 네. 좋습니다. 그럼 제가 확인할아개. 선생뉨이 사용 인 은행어이 하나은행, 민은행네 눙협 기업은행 중에 뭐가저 있습니까? 음, 기억 안 나씬다고요음? 잠깐만요, 기악저이 안 나시 가 더 의심해야 됩니다 왜냐하면 지금 저희 전산에는 선생님 명의로 된 입출금  계좌가 두 개 크카드 하나가 조됐 거든요요. 그 계좌 범요죄 현장으 이미 연결됐습늬더. 아, 고런데 지어금 말씀드뤼면 계좌가 둥되나요? 네, 습니다. 지금 바로 추적 들어갑니다. 그러니까 제거드리는 말씀, 계좌 정 확인을  위해서  자리 네 차리네랑 전액 변음동 여부만 말씀해 탈라는 거예요. 다네른 분께 들리면 안 되고요요 혹시 옆에서 누가 계시다 면 지금 끊고 다시 거세요. 아니면 제3자 개으로 기록음됩니.그 아시겠습니까요 네자,요 끝자리 말네씀해 주세요 . , 네.그럼요 다음  절로 넘어아갑니다. 지 선생님 계좌에 남아 있는 금액이 윘오면 임시 보호계좌로이제해야 할 수 있습니다. 그게 아니고 그대루 투면 범죄수익으 오인돼서 전부 압류퇼 수 있어요. 그니까 서두로네셔야 니다. 본읜 계좌롤 지키는 절차니까어 협조해 주셔야 해요",1,수사기관 사칭형,asr_noise,,
asr_aug_수사기관 사칭형_0068_68,"여보세요, 경찰청 지능범쑤사네과입니. 퉁화어 가눙하시면바루 말씀드릘아게요.  저는 이민재 수사관이고음 요어. 선생님 명의어가 지금 불법 대포통창 사건에 들어가 있어서 연럭드렸요습니타. 혹시 국민운행 계좌를 개설 적 있으십뉘까저? 아요? 아, 그럼 명의도용 가능성 큽니다. 저희가 오늘 검거한 일당의 선생님 정보를 이용해서 계좌를 만들었고,그 계좌로 부이피저싱 자금이 흘러아간 흔적이 확인됐습니다. 지금 이 상태면 선생님 계좌도 연동퇘서 곧결됩니다음 네? 저 아무것도 한 적 없는요. 네, 그러니까  그음 부을 인해야 하는 겁늬다 분인이 안 했어도 누가 는지, 어디서 유출됐는지 확인 전까는 선생님두 조사 상입니 아, 잠깐만, 저희가 설명을 마저 드어릴게요. 이 사은 비밀 유지아 필수입뉘다. 지금 다른 사람에게 말하면 안 되고, 문자도 보내면 언 됩니다. 저희가아  중이고요그 이 내용은 외부 공개되면그 안 됩니다. 위해되죠그네네 네요 좋습니다. 그럼 질드리겠습니다. 최근그 에 쉰분증 사진 보신  읬나저요?어 아뉘요저 그면 온라인으로 털린 것 같네요 그리고 훅시 하나행이어나 기 업은행에써 차동 설정 게 있으싑니까? 네 있어요? 잠깐만요,그 계까지 같이 확인해  핲다요 지금 바로, 로 확인  하면 그 계좌들 전부 지급정지 들어갑니다. 좌 몪이면 출요금도 안 되고 카토 뭇 씁다. 그러니아 제가 말드리는 대루 끝자리만 말씀음해 주세요요제3 면 안 돼요. 혼 계쉬죠? 네.  아, 좋습니다. 그럼 지금부터는 좌 확인 절차입니다 본 인 의 계좌룰 지요키려면 최근 거래내요역 모르는 위체가 윘는지 퐈야 니다. 만얔 모르는 돈이  들어왔우면아 그건 선생그님 돈이 아니라 범죄 수익입니다.절대 건드시면  안 고요. 필요하면 수그 포전 전에 안전 이룰 진행해야 합니다. 네? 안전저 이체요? 네, 보호 절차요입니다. 어, 이건 지금 바로 헤야 합니다. 늦음으면 책임이 커져요요",1,수사기관 사칭형,asr_noise,,
asr_aug_수사기관 사칭형_0069_69,"네, 서울중앙지방검청 감사실잎니다. 지금 통화 편하십니음까? 저는 강태훈 컴사 직무리네라고 합니다. 아, 썬생님 명의로 된그 농혚 계좌가저 대포통장으로 확사 연락드렸어요. 조금장하셔도 됩니다. 저희가 이미아 압수한 자료에 선생님 이름이 적힌 장 사본이 어가 있아었거둔요. 혹시 누 신분증을 빌려 달나 계좌번호를 알려 달라 한  적 있나요? 없어요요? 그라시면 명의도용 피해일  있습니.그런데 문제는, 음, 지금 그 통장이 범죄조직 쪽오로 넘어가서 싸용아된 황이음 갇의 잡 혔습니다. 그래서 선생님 계네좌는 결 예정 이고, 경에 떠라서는 압수 절차도 들어갈 수 있습니다. 네아 아니요 제가 왜요?아, 선생님 잘못이 단정하는 건 아닙니다.어 다만 수상 확인이 필요합니다. 쥐금 요한 건 제3자와 연락을 끊눈 겁니다. 가족, 친구어 회사, 은행 누구한테그도요 위 사실 하지 마세요저. 비밀 유지해야 합니다. 그음리 지큼 통화 중 다른 전화 오면 받지 마세. 아시겠죠? 네 좋습니. 제가  하나씩 묻겠습니타. 쿡민행, 하은요, 기업은행 중 사용하시는 계촤가 있으가요? , 국민그이저랑 나요? 네, 그럼 자리 불러주세요. 확인허려고요. 잠깐음요어 본인께서 지금 모르논 거래가 있으면 바로 말씀하셔야 니다. 왜냐하면 저희거아 조회했을 때 선그생님 계좌네애서 낯선 이체 한건 잡혔요거든요. 개 아니, 그러늬까 제가 말씀드리는 건 크 을 버로 건드리 말라 겁니다. 건드면 증거 훼손이 됩다. 그리고 이 화는 눅됩니다.음 , 맞습니다. 록 남습니다. 지금부터눈 제 안 내하는 대루 은행 앱을 켜지 멀고, 먼저 계좌 정보만 확읜하세요. 아,저 이체는 아직 아닙니다. 단 확인부터입다아.  본어인 계좌인지, 타인 켸좌인지, 최근 이체가 있는치 봐야 헤요. 선생님이협조하시 혐의는 금방 정리됩니다. 하지만 지금 뮈루시 지급정,요 압수, 그리고 조사 출석까지이아집니다. 그러니까지금 바로 해주 세요.",1,수사기관 사칭형,asr_noise,,
asr_aug_수사기관 사칭형_0070_70,"잠시먼요,네 여음보세요?  . 경찰청 사위사태입니다 저 눈 오지훈 수사관이고요, 지금 바로 확인헤야 할 게 있어서 연락드습니다 선생네님 명의로기업은행 계요좌가 발견됐는, 이케 대포통장 사 건에 사용된 정황이 있 습니어다 .훅시 최근에 본인 명의로 계요좌를 새로 만 적 있습뉘꺼? 없네으시죠? 아, 그럼 누가 선생님 정보를 도용한 겁니다그 저희가 가 읠당 사용하던 자료 중에 선생님 이름이 들어가 있었고, 계좌아 안요에는 불법저 자금아이 오간 흔적이 인됐습 니다. 지금 이 상태면 계좌가 바 동결되고, 필요하면 압 영장도 신청됩니다. 네? 아니, 저는 그런 사람어 모릅뉘다.네, 저도 그 부을 확인하는 겁니다. 지금 중요저한 건 선생님이 자서저만 이 사실을 알고 계셔야어 헌다는 점다어 다사람한테 말하면 안 툅니다. 제3자게 알려지면 사에 지장 셍기 고, 계 좌네 보호도 어렵습늬다.아시겠쵸 네. 좋습뉘다. 그러 계저좌 확인  들아가겠습니요다. 농협 국민은행, 하나은행, 키업은 중에 제루 쓰는 게 가 있습니까? 어 국민이 랑  기업이요? 잠깐만요 그럼  계좌 끝차리만 말해 주요  제가조 맞춰보겠습뉘더. 그고 죄근에 모르는이체나 금 있으면 로 말허셔저야 합늬다. 지큼 지곰 바로 말해 주아쎠야 해요. 늦으면 범죄수익으로아 분돼서 묶입니다. 네? 묶인다고요? 습니더. 쉽게 말하면 출금도 체도 안 됩다. 그레서 제가 지금 연락드린 거예요 아, 리고 이 통화는 취됩뉘다그기록 남습니.괜찮으네시죠? 네. 좋습니다. 럼 다음 단켸는 선생님 본인 확인후 읨시 보호조치입니다. 필하면 안전계좌루 옮기는 차까음지 갈 수 습니. 그 러니까 지 끊즤 마시 온행 앱도 건드요리지 머고, 제말만틀오세요.",1,수사기관 사칭형,asr_noise,,
asr_aug_수사기관 사칭형_0071_71,"여포세요, 네, 서울중앙지방찰청 형사부입니다. 지금 동화 가능하십니까? ? 아음 잠깐만요, 제가 말씀드릴 용이 어서 바 로 말씀드리겠습니다. 본 건에대해서 음, 본인 명의로  개설된 계좌가 죄에 이용된 장황이 홬인됐습니다. 혹시 농 계좌나 국민은행 계 고 계십네니음까?네어 제가 지금 여쭤부는 건 단 확인이 아코, 명의용 여부 려고연락드린 겁뉘다저 저희가 검거 대포통장 유통 조쥑 현장에서 본인 이름으그로 된통장이 나어요. 농협랑 민행 두 건니다.  아니요, 크런 적 없데요? 네, 그러시면 지금부터 잘 들으셔야 됩니다. 이 계좌는네 이미 불법 자금이 들아건 상태라서 계좌 지아급정지, 그러늬까 쉽케 말그하면 묶이는 겁니다. 본인 의서어랑 상관이 결 절차 어걸  수 있어 요. 음, 그고저 지 금 제일 중요한 게, 이 통화 내운 녹음취됩니다 제3자 그러니까 가족이 치인든 누구든 옆에서 듣게 하시아면 안 됲니다. 지금 바로 다룬 사람헌테 말하시면 사건이 커집니다.냐하면 공범으 로 우해받을 수 있어 그래요.  아니음 제 왜요아 잠깐만아요어, 제가 설명드리잖아요. 명의용 피해자면 빨릐 비헤자  입증을 해 하고, 반로 방허시면 수,체포장까지 검토아될 수 있습니다어 치굼부터 제가계좌 확인 절  들어갈 건데요, 본요인 명요의로 된 농혚 계좌 끝 내 자리, 국민은행 좌 끝 네 리 해 주십요시오. ,제카 그걸 떻게  멀저해 아니요, 본인 확인용입니다. 지금 바로, 바 처 리 안 하씨면 오전 언에 전 계좌가어 묶일 쑤 있니다.잠깐, 진짜로요네.네 그러니까 다른 전화 끊으, 이 통논 끝요까치 유지해 주시, 제가 안는 대로 이어체 가능 여보꺼지 확인겠습니더",1,수사기관 사칭형,asr_noise,,
asr_aug_수사기관 사칭형_0072_72,", 켱찰청 금융범죄팀입늬다. 김성우 수사관인데, 지금 본인 함 확인될까요? 아, 성함이 아니고요아 제어가 만저  씀드릴 게 습니다 본인 명의로  기업은행과 허나은행 계좌가 범 조직에 넘간 사실이 확인습어니다. 네저 가 최 검거한 건에서 대포통장 여 캐를 압수했는데, 그중에요 본인 명의 계좌가 들어가 있았습뉘다. 아니 저아는그런  거 모릅니다. 네, 모른고 하셔도 됩뉘다. 그런 제네는, 명의거 도용됐는지 아니면 본인이 직접 개살한  유통됐는지 지금그갈다. 이 냥 두 계좌 압수 조치 들어가요. 압수요? 네네 쉽게말면  거레가 부 막힌다는 뜻입아니다그. 고리고 지금 이 사건은 비공개읩니다. 가아족이나 직장 동저료한테 말씀하시면 안 되고요,음 제3자 에개 연락하시면 안 니다. 냐하면 내부 공범 선에써그 빠져나갈 수 있어서요. 아, 잠먼요, 가 거족한테도요? 네,언 됩니. 절요. 저희가 확 인한 바에 따르그면 본인 명의로 된 계좌카 불법 도 박 자금 세 에 사용됐고그 곧바로계좌 동결이 내려질 예정입니다. 치금 폰인 계좌 끝번호 확해야합니다네. 업행 쓰시죠? 아어니 안 써요저 고럼 나은행온요? 음, 하나은행도 없는데요. 얼겠습다 그면 피해자그 진술로 적겠습다. 다만지금 이 퉁화 중음애 다른 번그호로 다시  오더라도 받지 마시구네제가 지정한 절차 외에는 아무것도허시면 안 됩니다. 지금 바 본인 명의 계좌가 몇 개인지, 그리고 최근 이체네역이 있논지 확인해 주세. 네 지금 당장요? ,저 지금입니다",1,수사기관 사칭형,asr_noise,,
asr_aug_수사기관 사칭형_0073_73,"여보 요 금융감독원 조사딤읩다. 본인  긴급요 통 드릴 사항 있습니다. 음, 본인 이롬으 된 통장이 대포통으 적발됐습니다 서울종앙요지검과 공조 중이고아요, 현재 검찰 쪽에 계촤 추적 중읩니다.요 잠만요아 무슨 말씀인지아… 네, 차분히들으십음시 검거된 피의자 쥔술  따르면 인  명의 농협 계좌가 중간 전네달 계좌로 싸용됐습니다. 본인 직접개설하지 않으셨다면 명의도용  사컨이고, 그렇지 않다면 자금세어탁 연루로 보게 됲니. 아,  저논 모르겠는데요. 네, 그래서 지금 확네인하는 겁니다 이 사컨은 시간 싸움입니. 지금 늦어지면 계좌음가 동으로동결고요 추가로 출금 시토 있으면요 압수 절차로넘어갑니다. 음,그리고 반드시 지야 할 게 있습니다. 지금터 구 테도 말하지 마세요. 가족, 친구, 은행 직원에도사건 내 용 설명하지 머시오. 제3 개입되면 기록 꼬입니다 니 그래도 제가 은행에 어야 는  아닌가요? 니요, 아직저은 언 됩니다. 자희가 먼저 확인합니다. 분인 명의로 된 농그협 좌 끝자리 나은행 계좌 끝아리를 불러주셔야 늬다. 아 그걸 왜요? 피해 여 확인하고, 불벞 이체 경로가 있는지 보려는어 겁니다. 쥐금 본인그 계좌 가 동결되기 전저에 자진 신고 절차를 밟아야 하뉘까요. 잠껀만요 너무 갑작스러운데요. 고래서 긴급이라고 말씀트리 겁니다. 지 바로 협조하셔야그 도 피해자로 호밭습니다.",1,수사기관 사칭형,asr_noise,,
asr_aug_수사기관 사칭형_0074_74,"네, 검찰창 수사관입니다. 통화는 녹취 중입니다. 본인앞에 놓인 사건이 있어서 즉시 연락드렸음어요요. 혹시 민은행, 업은헹 중 에 사 계좌 있으십 니음 어저, 잠깐만요,제가 모할게요. 네요 저희가 오늘 압수한 대포통장 에서 본인 명의 계촤가 발견됏습니다. 명의도용 가능성이 커 보이는데 지금 건 그냥 넘어갈 사안이 아닙니다. 본인 계좌가 이미 범죄 자금 동로로 쓰였을 수 잇어서, 조취 늦으 계좌음 지급정지 들어타. 급정지요? 네, 묶인다고 보시면 됩니다어어 그리 한 가지, 이건 비밀 유지 꼭 허셔야저 합니. 즤큼 자와 상 의하지 마요.어 특 가족한테도하지 마세요. 왜냐하면상대가 계좌를 더 건드릴 수 있 거든요. 아니 제가  어떻게아 해야 되데네요? 지네금 우선 본인 명의 계좌가 몇 개 확인해야 하고, 최근 3일간이체한아 내역이 있으면  바로 말씀하네셔야됩니다. 제거 제가 말씀드리는 건,아 계좌 확윈먼우로 끝너는 게 아니라그 필요하면 수사협조 이체 확인도 해야  합니다. 이요요 네, 폰인 명의 자금 흐름 확인하는 절차입니.  바 로 안 허아시면압수영장 검토 들어갈 수 있어요. 아, 그렇게요? 네, 그렇습니다. 제가 조곰만 더 물어볼게요. 농혚 계촤사용허신 적 습어니어까? 아니요어 허나은행은요 없어요저 알겠습니다. 그러 면 해자 가성이 높습니다. 하지만 지 금은 통화 끊지 마시고, 가 안내하는 순서대로 계좌번호 확인해 주쎠야  합늬타아",1,수사기관 사칭형,asr_noise,,
asr_aug_수사기관 사칭형_0075_75,"내어서 울지방검찰청니다. 탐당 검사에서 연도렸습니. 본인서 최근에 장 의도용 피헤를 입걸로 포여 긴급 확네인 중입니다. 아, 지금요? 네. 검거된 싸간에 폰인 이름으로  하나은행 계좌와 기업은행 계좌가 나왔고, 그 안애 법 자이들아가 었습니다. 그러니까이건 본 책임이냐 아니냐를 바로 가려 합니다. 아, 저는 런 계없는데요. 네, 그럼 명의도용 쪽으로 보켔습니더. 그런데 시간 끌면  됩니다 . 지금 바로 바로 계좌가 묶이고, 추가로  시도 있으면 압수 조치 넘어갑늬저다. 잠깐만,  그러 제가 뭘 해야  죠? 우선 다른 람한테 이 내용 절대 말하 마세요. 3자 접촉 굼지입니네다네 그리구 지큼부 저랑어만 통허셔야 합니타요 가족아 직장음, 은행 객센 터에 연락허면 안 됩니다. 왜냐하면 선이 생기고, 그사이에 범죄자들이 계좌를 비워릴 수 아서 요 아, 그렇고나. 네, 이해하셨으면 본인 계좌 끝자리부터 확인하겠습니다. 하나은행 켸촤  윘으십니까음? 없요. 기업은행은요? 그것도 없고요. 얼겟 습니다. 그 피해 계좌로 추정되는 건 인 모르 개설됐을 카능성이 큽니.  지금 이 통화가 종료면 다시 연락 드릴아 텐데, 그때까치 절대 혼자 판단하지 마아시, 제가 시키는 대로 계좌 정보 확 준비해 두십시.",1,수사기관 사칭형,asr_noise,,
asr_aug_수사기관 사칭형_0076_76,"여보세요, 김 태훈  씨그 되싑니꺼?는 서울충앙방저검찰청 형부그 김도윤 사입니다. 지금 통화 가눙하신가요? 잠깐만요, 이화는 녹취됩니다. 본 컨에 해써, 음, 말씀드리자면 김대그훈씨 명의로 된아 농협 계 대포 통장로 사용된 정황의 확인됐습니다 농협이요? 저는 농협 쓰는 게 는데요저네아 바로 그 부분 때몬에 연락린 겁다. 희요가 죄근 검가한 사기 조직 압수물에서 농협과 하나은행 통장 여러 개가아 왔고, 고중에 김태훈 씨 명의거 발견됐어요. 그러니까 명의도용 가능성도있고, 반데루 직접 양도하셨을 능도 어서 지금 바그로 확인이 필요합니다. 아니요 처는 그런 적 없어요. 아, 네. 그러시면 더더그웈 지금부터 조심셔 됩니다.현재 이 사건 계좌 지급정지아 쓉게 말하면 묶이는 절차로 넘어갈 수 고요, 추가로 압수 절차까지 진행되면 본인계 전부가 동결퇼 수 있습뉘다어 잠깐만, 동결이요?그 네, 동결니다. 지금  바로, 바로 대응하셔야 돼요. 그리고이 사간은 비뮐 유지 충요합니다. 가족분이나 지인, 특히 계저좌 관여할수 있는 제삼자에게 대 말씀하시면 언 됩니다. 네? 왜요? 수사정보카 팎으로 새면 공어범으로 오해받을 수 있어요.그러니까 지금은 저만 믿고들오시면 됩뉘더. 본인 명의로아 된 농협 계좌가 실 로 어듸서그 개설됐는지, 마지막그 사용 내역 어땋게 퇴는지 확아인헤야 합니다음 제가 제가 멀씀도리 건, 켸좌번호 전체를 말하라는 게 아늬,사용 중인 은행명하고 끝 네 자리만 먼저 확인하자는 거예요. 네, .. . 농협이랑 국민은행 있는데요요. 은행도 있으싀고어요그 네. 알겠습니타. 럼 국민은행도 대조해부겠습니. 쥐금 본인 앞으로 압수영장이 나가기 직전 단계라서, 제가 도와드릴 수 있는음 시간은 많지 않습니다. 그러니음 지금 제 안대루먼 하세요. 휴대폰은 스피커 끄 시고, 주변에 아무도없는즤 확인하그시고, 은행 앱 잇으면 바로 켜서 최근 거래부터 확하셔야 됩니더. 아 잠만요, 제가 왜 래야 하죠? 아 잠깐만요 그게 니고요요 본인 계좌가 죄 수익애 엮였는지 확인야 압류를막 수 있습니다.지금 하시면 체포협조 요청까지 올라갈 수 있아요. 알겠죠? 네…요그러면  네 자리부터 말씀해 주시죠 .",1,수사기관 사칭형,asr_noise,,
asr_aug_수사기관 사칭형_0077_77,"네, 여보세요어 경찰청 지능범죄수사대입저 박성뮌 수사관위고요. 본인 통 멎으시죠? 어 네음 김수연 씨 으어십니까? 아, 네. 름이 아니라 김수연 씨 명의의 허나은헹계좌가 대포통장으로 확인돼서 연락드렸습니다. 하나은행이그요요 저는 그런 거아 없는데요. 네, 금 구말씀 때문에 확인아하는 갑다. 저 희 어제 울 외곽에서 검거 금융음사기 직 현장에서 대량의 주민등록증, 통장, 드 압수됐고요, 그중에 허나은과 기네업은행 명의가 쑤아연 쒸 이롬으 찍혀 있었뉘다. 아니  그게 제 건인네지 떻케요 알어요? 아, 잠깐만요. 운행 전대조가 나서 확읜된 겁다. 본인 명의로 개네설된 계좌거 맞 고, 현재는 불법 자이 흘러들어간 태예요. 그러니까 쉽게 말아하면 묶인다고요요, 지정지 됩니다.지 바로 대응  하시면 계좌 수로 넘어갑.  네 계좌 수 요?네, 압입늬다. 그리 고  이서저컨은 외부로 말하싀면 안 됩니다 . 가족이 든 구돈 심지어 은행원에게도 지 금바로 얘기아하요지 마세요. 왜요 제삼 통해서 말이 새면 본인도 금그 세탁 공밤으로 몪일 수 있서그렇습뉘다. 음, 얼겠습니다. 네, 좋아요 그럼 제가 분인 진솔부터 받겠 습니다. 최근 기은행 계를 새로 만든  적 있습니까? 아니요, 없는데요. 아, 네. 그러면 명의도용  가능성이 더 높네어 구런어데 분인 휴대폰에 은행 알림 신  읬죠? 네, 뭐 왔단 것 같기도요 하고… 네, 그거 지 확인해 주세요. 가 지금 보니까 거래 두 건 더 붙어 있어서, 이 상태 면 켸좌 전부 동결퇼 수네 있습니다. 동그결이요? 네. 지 시, 바로 은행 앱 틀어가셔서 계좌 목록부타 확읜하셔야 합니아다. 저는음 제가 말씀드리는 절차대로만 허시면 돼요. 은행요명, 마지막 네 자리, 최근 이체 역, 이 세 가쥐만 멀씀해 주세요. 음,음  하나은행은 끝이 4 8음고요. 기업행은 잠깐만요, 제가 인해볼개요. 네, 뻘리요. 시간이많즤 않습니다. 지금 켸 솤 지연되 희가 검찰청로 사건 첩해서 압수 절차 올립니저다. 그게 아니라, 그러니꺼 제가 말드리는 건 협조하시면 됩늬다그. 쑴긔시면  안 돼요. 제가 와드리겟슾니타.",1,수사기관 사칭형,asr_noise,,
asr_aug_수사기관 사칭형_0078_78,"아 도 씨 맞으세요? 저는 금융둑원 조사팀 입니다.지곰 통화 괜찮으십니까? 음, 이건 단순 언가 아니고요, 본인 명의 계좌가 범죄에아 이용된 정황저이 잡혀서 즉시 말씀드리는 갑니다. 무슨 켸좌요? 본인 명의 농협 계좌와저 민은행 좌가 대포통장우로 확그인됐습뉘다음. 농협이랑 국민은행이요? 저는 국민은헹만 는데요. 네,  그 부분도 포함입니다.저희가 최근에 지방그검찰정과 공조해서 불법  도박 자금 탁 조직을 검거했는대, 현장에서 김도현  명의네 통장이  나왓어요네 아니 그럴  리가없는데요. 잠깐만요, 그럴 가 없고 헤도 이미 은행 전산상 확인됐습니타. 채 해당 계요좌는 동예정이, 계좌 압수 절차도 검토 종입뉘다. 러니까 지금파로 확인허않면요 나충애 본인도 출석 요구가 갈 수 있습니. 네요 출석이요? 네, 출석, 그리구 자칫하면 체포 협조까지 넘어어가요. 지금은 누구한도 말하지 마세요. 가그족, 통료,네 친고, 특히 통장 같이 는 사람 있으 절대 연락하지요 마십시 오. 왜요? 재삼어자와 접족하면 수사 라인이 꾸여서 본인 진이 불리집니다. 아 알겠어습니다그. 그럼 제가 할 게그 네그 좋아요. 제가 묻는 갓답하시 면 됩니타. 국민은그행 계좌 끝 네 자 씀해 주시고요. 그리고 최근애 무바일 뱅킹으로 이체한 내역 있는지 확인해 주세. 제가 제가 드리는 말씀이 어렵지그 않습뉘다 . 이게 해아자 해명 절차예요. 네, 잠깐만요. 알겠습니다. 지금 면 보이음시죠아 거내역 중 모루는 돈 들온 거 있으면 바로 멀씀하셔 됩니다. 본인 모르게 계좌아가 범죄 쑤인 커면, 지금 대응하면 피해저로 정리 수 있어요. 근 이거 진짜 경찰이 맞아요? 네, 금융독 주사이고 찰청 사건으로 연계돼 있습니. 의심하셔도  되는데, 지금은 시간 싸요옴입니. 바로, 바로저 확인해 주세요",1,수사기관 사칭형,asr_noise,,
asr_aug_수사기관 사칭형_0079_79,"여세저요네 서울중앙치방검찰청 강민사 수사관입음니다저 지금  전화받으 수 있죠저 네 자희가 본인 명의로 홬인된 기업은 대 보통장 건 문에 락드아렸습니. 기업은행이요?저는 계좌 그란  없데요. 아, 그러시면 더 문제네입니다어 개인보카유출됐을 가능성이 있어요. 저희가 어제네 압수쑤색으로 확보한 자료 인 름, 주네민번호 일부가 붙은 계좌저가어 있었고, 귀에 범 죄 자금이 어갔습니다. 범죄 자금이요? 네.그 그리고 이 사건은 미 계촤 동결 절차가아 진행 중니다. 쉽게 말해서 지금  움직이시 계좌가 묶이고 압류꺼지 갑니다. 그러니까 지 금, 지금 바로 말씀하야돼요. 시 최근에 다른 사람한테 신분증 서 보내신적 있습니 까없눈데요. 음, 그럼 명의도용 쪽이어 더 유력합니다. 그런데요 여기서 중요한  제삼저 연락 차단입니다. 지금 가분의네너 지인한테 얘기하지 마시고, 은행애도 먼저 전화허지 마세요 왜요? 말요의 새면 저희 확인해야 할 진술이 엉킐 수 있습다. 아 잠만요, 그럼 제가 뭘 해야 하죠? 네 제거저 안내하는 대로 은행명아 확인과 잔액  확읜을 하쉬면 됩뉘다 기업은행 하나은행 농협 중에 본인요 사용 계좌가 어디인지 말씀 주세요저어… 농협어이랑 하나은행 온 있는 것 은데요. 네, 좋습니다. 그러면 그 두 계좌의 마지막네 자리와 최 근 입금 내역을 지금저 바로 확인해 주아세요. 확인되면요 동결 전에 피해 계좌 분뤼 절차를 넣을 수 있습다. 제가지굼 매모하 있습니. 사건번호눈 나중에전달드릴 거고요. 우선은 본윈 계좌가 범죄 연루인지 확인해야 합니다. 이거 안 하시면 컴 찰에서 직접 출석 통지 칼 수 있어요. 내음 석통지아요? 네. 그고상이 급해서 두는요 말인데, 지금 통화 끊으쉬면  안 됩니다. 끊고 다른 데 물보시면 다 늦어집니다. 알겠? 네. 그러면 눙혚 끝 네 리푸터 말해 주세요.",1,수사기관 사칭형,asr_noise,,
asr_aug_수사기관 사칭형_0080_80,"잠깐 만 요,저 박지은 씨 멎그으까? 저 경찰청 금융범죄수사팀 오음쎄훈수사관입니다아 본인 명의 계음좌아 련해서 아주 긴급하개연락드 렸습다. 무슨 일이죠요? ,지금 본인 명의의 국민은행 계좌가 대포통장으로 확읜됐습다아.국민은행요? 저는 그런 계좌 안 써요그. 아, 그 부분 때문에 전화트리는 겁뉘다. 저희가 지방검찰창과 합동으로 검커 사기 조직에서 압수한  물품 중에 박지 씨 명의 통장 체크카드가 나왔고아요, 현그재 농 계좌까지 같이 연동퇸 정황 혔습니다. 아니 그게 말이돼요저 네, 저도 이해됩뉘다. 그런데 본 건에 대해서는 감정네적으로 얘기하시면 안 되고, 음, 사실관계만 홬인하셔야 됩음다. 지 본인 계좌는 동켤될 수 있고, 혐의가 붙아오 면 압수 수색까지 이네어집다. 그러어니까 바로, 바아로네 협조쎠야 합니다.그 리고 건 비밀입늬다. 주변사람 누쿠헌테도 멀하지 마세저요. 특히 남편분이나 가족분, 그리고 은행 직에게도 먼자 알요리지 마십시오. 왜요? 체삼자에게 알려지 자금 의동 경로가 끊겨서음 본인 진술이  불리해다. 네, 알겟습다. 그럼 제가 뭐 하면 되죠?  선본인 명 은행 목아록을 확인합니다. 쿡은 행, 농협음 하나은헹 중에 어딴요 계좌를 쉴제로 쓰는지 말음씀 주세요. 어… 국민행은 거 안 쓰코, 농협만 좀 쓰는데 요. 네, 그럼 농협 켸좌 네 자리 말씀하시고, 최근에 모는 체나 금의있었는지 확인해 조세요 제 제가요 다시 설명드 리면, 지곰 이 켸에서 홬인 안 되면 본인도  공범네  의심으어로 넘아갈 수 있어요. 네네? 공범이요? 내그 그러니 지금 바로, 파로 확인하셔야 됩니다.휴폰으로 은행 앱 켜시고 최근 거래그내역요 보이시 는데루 읽어주세. 깐만요어 제 그인부터  할게요 네,그 서두르세요네. 지금싀  지체퇴면 계촤 압수 자  들어갑다.",1,수사기관 사칭형,asr_noise,,
asr_aug_수사기관 사칭형_0081_81,"여보세요요, 네. 서울중앙지방검찰청입니다. 검찰청 형사부 김도현 수사관이구어요, 지금 화 카능쉽니까? , 본 건에 대해서  말씀드리면 잠깐만요, 저희가 오늘 오전에 수한 대포통장 목서 선생님명의 확인됐습니다. ? 아니요, 저는처음 듣는데요요 구게 아니라,그러니까 지금 선생님명그의로 된 눙네협 켸좌가 범죄 자금 세음탁에 이용정황이 나왓니다. 아, 저 눙협 쓰긴 하는데어요. 네, 습니다. 사용 여 부를 떠나서 명의도용이 됐을 도 있고 또는타인에게통장을 도하신 걸그로도 보일 수네 있서 일단 확인 절차가 요합니다. 지금 이 통화는 녹 취됩니다. 그 중요한 건, 금 바로, 바로 처 안 씨아면 켸좌지급정지, 그러니까 쉽게말하면 전부 묶입니다어 네? 묶인다고요? 예, 검찰에서 압수 요청 어가면 금융권 잔체로 공유돼서 눙협뿐만니라 하나은행계음좌까치도 동결될 수 있니다저. 혹시 분인 계좌 다룬 사람한테 알준 적잇으니까? 아니요. 없습니다. 네, 잠깐그만요. 선네님 반응은 이해합뉘다. 그런데  저희가 이미 범행 조직에서 장요 검거를 했고, 거기아서 선생님 민번호윌보가 적힌 메가 나왔습니 다. 음, 말씀드리자면 이 건 꽤 급합니다 지금 가족분이너 지인하고 통화하시면 언 니다네 제3자랑 상의하시면 증거 훼순 오해받을 수 윘어요. 아 , 그럼 어떻게 해 되는데. 일단 본윈요 확인부터게어요. 농협 계좌번 후 앞자리만 말씀해 주시고요, 지 금 사음용 중인 계가 하나은도 있으면 같이말씀하쎠야 합뉘타. 희가 대조해서 명의도용 피해자면 바로 피해자 처리해 드리음고,아니면 압수  절차가 진행됩니다. 네저 치금 메해요 십시오. 사건번호 2024검찰-1187입늬 타. 바로 확인 안 하시면 체포영장 검토까지 들어갈 수 있슾니다. 솜기요실 이가 없으시죠?",1,수사기관 사칭형,asr_noise,,
asr_aug_수사기관 사칭형_0082_82,"네, 경찰청 지능범죄수사대입니더.그 잠깐 통화 괜찮으십까? 저 최수진저 경위요, 금 선생님 앞으로 융사기 관요련해서 연락트렸습음니다 아깐만, 제가 말씀드릴게요. 늘 새벽에 저희가 즤방검찰청요과 콩조음해 일당을 검거햇는데요, 그 현장에서 국민은과 기은요행 통장이 량으로 나왔습니다. 그중 하나가 선 생님 명의로 게설된 걸로 인됐어요저 네? 저 국민은헹만 쓰어는데 기업은행은 없는데요. 네음그 말씀은들었습니다. 그런데 여기서 문제는,  명자 본윈이 무루고 계논지,그니면 누군가 가 인 정로 대푸통장을 만든 건 구야 합요뉘다. 지금 선생저님 좌 범죄에 연루된 상태라서 지급정지, 앞수, 동결 조치가 같이 컬 륄  소그 있습니다. 아니 그럼 제 계좌가 막휘는 거예요? 네, 맞습니다.아 그래서 지제일 저 해야 할 건 외부 연락 끊는 겁니다. 가족분 친구분, 은행 담덩자 누구든 지금은 말씀하그시면 안 됩니다아 비밀 유지하셔야 해요. 어니 요? 지금 이건 수사 중라서요.이 새면 선음생님도 공범요으로 해벋을어 수있습니네다. 네, 러니꺼 제가 설명도뤼는 대로만 하시면 툅니다 오선 현재 쓰시는 은행이 국민행 외에 하은행,협, 기업온행 더 는지확인해 주세요. 아, 잠깐만요. 저 확인못 하는데요어 확인하셔야 합니. 구리구 계좌네번호  네 자리 불러시면 저희가 감찰청 전산아하고 대조하겠습니다. 아, 이거 무  갑작스운데. 갑 작스 러워도 지금 리해저야 됩니더. 시간 끌면계좌가 전부 몪입니아 지부터는 제 말씀 끊지 마시고요, 매모만 하십시오. 사건번호 1어-검경-442네1입니다.",1,수사기관 사칭형,asr_noise,,
asr_aug_수사기관 사칭형_0083_83,"여부세요? 금음융감독원민원조사팀입니다. 선생 님 성 확인시면 바로 진하겠저습니다. , 제가  요? 본 건애 대해서 음네 말씀드리자면 선생님 의의 하나은행 계좌가 법 대 자금그 로로 인 정 황 잡습니다. 저기요, 저 런요 적 앖는데요. 네, 그래서 연락드린 겁니다. 지금 선생님은 해자일 수 있고, 명도그용 당사자일 수도 있아서요음 이부요본을 빨릐 가려야 합니타.아 , 구라면 은행 가면 되나요어 아요. 지금 은행 가시면 안 됩니.그 지금은 은행 직요원이랑도 바로 얘기하시면어  되코, 제3자 연락 차던하쎠야 합음니다. 왜냐하면 계좌 결 절가네 이미 예고되 윘기 때문입니다. ? 동켤이요 예. 그리고 검찰청에 압수저수색 결과가 넘아우면 하나저은행뿐 아니라 농협 켸좌꺼지 이 묶일 수 있습다어 썬 생님, 지금 혹시 통장나 카드 사즨 가족게 보낸 적 있습니까? 없는요데요. 그럼 좋습니다. 본인만 알 계셔야아 합니. 아 구라까  혼자만요요 네, 혼자만 아셔야 해요. 지금 말씀드리는 건 공싴 확 절처입어늬다. 시 국민은행두 사용하쉬면 그 계좌번 호 앞 두 차리만 말씀저해 주아시고, 기업은행은 있는지 없는지만 답허시면 됩니다. 선셍님이 협조하시면어 해자 입증 쪽으루 정해 드릴 수 고, 어면  명의대여로 넘어갑니다. 잠깐만요 , 저는 그런아 거 한 적 어요. 알겠습니다. 그럼 바로 적겠습다. 이 통화눈 녹됩. 사건번호는 금융감독원 어024저76입니.",1,수사기관 사칭형,asr_noise,,
asr_aug_수사기관 사칭형_0084_84,"네, 검찰청입니다.  서그중앙지방검찰 첨단범죄수사부 박정훈 검사실인데, 쥐금 선님 명의 된 계좌가범죄 수익  은닉에 싸용된 걸로 보여 즉시 연락드렸습네니타그. 어, 검사님이쎄요? 예, 검사입니다. 지금 의 건은 가볍게 보시 안 됩니다. 저희가 어제 압수한 자료에선셍 이름이 적힌 농협 통장과 국민은행 체네크커드 가 같 나왔습니다. 저는 농그협 하너 있는데, 곡민은헹은 앖는데요. 네, 그래서 여쭤보는 겁니다. 통장을 본인이 접 개썰하셨지,  아니면 누군가가 신분증을 이용해 명의네도용저햇는지 확인해야 합 니다. 쥐금 바로,바아 로 답 안 하시면 계 압수 조치가 들갑니다. 아니 그저럼 제 계촤  막혀요?예 막휠  있습니 다. 그리고  이건 수사보안이라서, 가족이나 직장 동료에음게 이야키하면 안 됲니다 제음자 연락차단그하십시오. 그개 아니라, 그러어니까 지금은 본인 아쎠어야그 는 상황입니다. 아, 네. 본인 계좌 중에 하나행나 기업 은음행도 있으십까? 저는 국민은행먼 는데요. 잠깐만요, 그러면 국민은저행 좌번호 꿑 네 만 멀슴해 주오. 저희가 지아급정지어 전에 대조해서 피해 여부를 확인해야 합늬다. 내, 하쎴니까? 사건은 2024-네중검-0916이고요. 지금아 협조 안 허시면 체포영장 신청까지 감도됩니다.",1,수사기관 사칭형,asr_noise,,
asr_aug_수사기관 사칭형_0085_85,"여보요, 검찰청 수 사콴입니다. 지팡감잘청 형사2부 위뮌재 수관 이그고요, 선생님 앞으로  긴급 홬인 전화 두렷습니다 금 목소리 잘 들십니? 네. 본 건에 대해서 말씀뤼면아 저희가 오늘 새벽에금융사기 조직을 잡았는데 그쪽에서 선생님 의의 기업은행 계좌 발견됐니다. 기업은행이요? 저어는 기업은헹 안는데요. 구래서 전화드륀음 겁니. 음 그러니까 누군가 선생님 정보를이용했거나, 아니면 선생님 계좌 대포통장으로 넘어간 겁니다. 지금 이상태면 계촤 동결 물론이고, 압수 잘차까지 갈 수 있습니다. 아니 저는 아무것요두 안 했는데요. 네, 그 말 의어해합니더. 그렇만 지금은 명보다 확인이 먼저입니다. 가족푼이음 나 인애게 절대 말하지 마아십시오.그저쪽이 움짘이면 증거거 사러질 수 있어서. 아, 잠깐그만요,그 럼 제카 뭘 해야 되는데요? 지 금 사용 중인 계좌를 전부 말쑴해 셔야 합니. 농혚하나은, 민은행 포함해서요요 그리고 기엎은행 계좌음번호가 있으면 바로 불러주 십시오. 자희가 전선 대조어 후에  명의용인 인헤  리겠니다. 없으시면  없다고만  하시 면 되고, 있으면 바로 동결 헤제 절차를 언내드릴  있습니다 . 이 화눈 녹취되고 잇습니그다. 그어고 지금 협조 안 하시면 수사상 불이익이네 큽저니다. 건번호는아 지검--3305번입니다.지 금 바로 말해 주세요.",1,수사기관 사칭형,asr_noise,,
asr_aug_수사기관 사칭형_0086_86,"여보요, 김민수 씨 맞시죠? 네, 저는 서종앙지방검찰청 형사 김도현 검사라고 합니다네 지금 통화 능하니까? 잠깐만요, 이 통화 녹됩니다. 말씀드습뉘다. 본 에 데해서, , 긴급히 확인할 싸그항이있어서 연락드렸 습니다그 김수저 씨 명의 개된 농협 계좌가 울 시내 불법 자금 세탁 사에서 대포통장아으로 발견됐습니. 지금 발된 계좌는 압수 절차어 이미 진행됐고, 계 치굽음정지, 그러 니까 쉽 게 말면 묶이는 겁뉘다. 아, 본인께서 모르신다구요아 네 그 판응은 해합니다. 그런데 저희가 검저청 명루 곰융기관그애 인해 본요 결과, 당 농협 계좌는 본인 신푼중 정보로 개썰 정황  확인습니저다그. 혹시 허은행, 국 민은행, 귀업은행 충저에 추로그 사용 하시는 계좌 있으싶니까 ? 지 바로 말씀하셔야 됩니타 ? 아네니, 지금은 다른 분과 상의하싀면 안 됩니다. 가족이든 지읜이든 누구한테도 이 사건 야긔하즤 마세요. 제3자와 연락시면 증거가 훼될 수 있, 그람 본인도 공 범으로 오해받을 수 있습니다. 아 잠깐먼요, 그 아니고요. 지금 이 상태로 방치되면 계좌 동결뿐그 아니러 압수장저 청까지 이어집니다. 제가 제가 드리는그 말씀 이 과한 게 아 니, 로 체포 절자까 검토되는 사안입니다요. 그러 니 본인 명의로 된 다른 계좌 있는지, 정히 확인해 주세요. 네,그 다고 하시면 제가 그 진술 놐취로 남기겠습니다. 어, 그리고 금 출 이체 절대 허시아 안 됩니다. 잔이 남아 으면보호 조치 전에 추가 피아해카 발 수 있솝니더 그러면 지금 눙협 말구, 최에 국민은이너 기업은행 계좌 사용하신 적 있나요?",1,수사기관 사칭형,asr_noise,,
asr_aug_수사기관 사칭형_0087_87,"지곰말씀 좀 들으시죠 경찰청 사이버수대 박준호 쑤사관입 니다. 본인 앞음으로 명의도용 사건이 접수됐어요그 음, 정확히는 융사단이 검거됐는테 현정에서 대포장 여러 개가 너왔고, 그종에 선생님 이름으로 된 허나은행 계좌가 확인됐습니다저 내? 처음 듣는고요? 예, 그래서 연락드린 겁니다. 지 의 통장 은 풀법 도박 자금이  오간 계좌로 분류돼서 죽시 지급정지 처뤼될 예정입니. 아,저 아직 안 쓰셧다고요? 그간 상저관없니다.명의자 기준으로 동결 들어갑니다. 그러니까 쉽게 말서 선생늼 이름아오로 된 계좌가 이는 예요. 잠깐만네요, 본인 확인 줌 할게요요 신분증 정보 유줄된 적 없으십니까그 네, 없다고아요? 알네겠습다. 그데 저희가 인한 바로 주민번호 보가 이미 외부로 유출된 흔 적이있습니다.음 금 바 로 말씀아드릴 데, 이  사컨은 함부 주변에 알리요면 안 니다. 가족, 친구,심지어 은행직원애게도 상세어 내용 말즤 마세요. 왜냐하면 수사  비밀이 유지돼야 하고, 제3 개입되 좌 추적이 꼬입니. 어 폰인께서 해명하실 시 드리겠습니다.하나은행네외에 눙협, 국민행,업은행 쪽 계좌도 으세요? 네? 아음 그 럼 줗솝니다. 그럼 제가 사건펀호 먼저 불러드릴게요. 이 사간은 서울앙지검에서 넘켜받은 건이구, 지금 본인계좌 범최 잌으로 엮였는지 확인 입니다. 지금 즉시 답변  하시면 좌 압수 조치그가 터 진행될 수 있요.",1,수사기관 사칭형,asr_noise,,
asr_aug_수사기관 사칭형_0088_88,"네,금융감독원 조사입니다. 여보세요, 듣고 켸십뉘까? , 네. 선생님음 성함 확인됐고요. 지금 선생 명의의 국아민은요헹 계촤 타인에게 넘어가 대포통장로 사용된 흔적이 나와서 연드렷습니타. , 본인께서 직접 개설 안 하셨죠그 , 럼 명의도용 가능성이 있습니다. 그런데 이게 단 출그이 아니라, 찰아창의 같이 보고 읬는 사건이라서 지금은굉장히 민감합니다. 잠깐만요, 제어가 명두리겠습다. 현 재 해당 계는 지급정지, 압수 , 추가 거래 제 한까지 동시에 걸릴 수 있습니다. 아니요그그 가 겁주려어고 하는 게 아니라 실제 철차가 그렇습니다. 그리고저  지굼 절대 제삼자에게 말하시면  됩니다. 배우자든 자녀, 은행 상담원든 상세히 말하지 마요. 왜냐하 누가 새로네 끼 진술이 섞여버려요. 아, 말 잘하셨그습니다. 그러면  계좌 내역부타 확인해야 하는데, 죄에 농아협이나 기업은행, 하나은행 계좌 이체하신 적 있나요? 네? 앖다고요? 알켔씁니다. 그럼 제  인 질문 드리겠습니타. 최근 윌주일 안에본 계어촤에서 모르는 촐금,모르는 소액 이, 이저런  있으셨습니까? 지금 바로 인해야어 합니요다. 조굼먼 늦도 자금추적이 끊겨서본인 명의 체포 련 서류가 넘어갈 수있습니다. 네, 지 착하게 말씀하시 면 됩뉘.",1,수사기관 사칭형,asr_noise,,
asr_aug_수사기관 사칭형_0089_89,"어, 여세요. 지방검찰입니다아. 지금 통화 카능한가요? 본인 의 계좌 관련헤서 긴급 통지  드려고 전화했습다.본인 이름으로  된 기업온행 통장이 불법 환전조직에서 됐습늬.혹쉬 전혀 모르는 내용입니? 네? 아, 그러면 오해가 아니고 명의도용이 맞올 카능성 놉습니다. 금 재 명드리면, 이 통장은 범죄 수익 입금용으네로 사용됐고, 이미 앞 수 대에 랐슾니다. 계좌가 둥결되면 인출  송 금도 안 됩니다. 그꺼 쉽게 말허면 돈이 이는 겁니다 폰인께서 지 금 해야 할 건 단 너입니 다. 다른 사 람에케 연락하쥐 마시고, 인 계좌 현만 청홬히 말씀해 주쎠야 합니다. 어 머니너 형제한데아도 말하지 머 요. 거이 개하음면 사네실어확인 철차가 늦어니다. 아니, 참껀만요. 그게 아니러 제가 지금 말씀리는 건 비믤 유지가  필수는 뜻입니다그 혹시 농협, 하나은행, 쿡은행에도 본인 명의 계좌가 있으십 니까? 네저 있면 정확휘 알려주셔야 합니더 지금 안 알려추시면 감찰 쪽애서 일괄 동결 요을 넣을 수밖애 앖습니다. 그리고 이건 창난어 아아닙니다. 인 계좌가 밤죄 연루로 잡희면 소환 통보가 나갈 수도 있어요. 지금 바로 확인해 주세요.",1,수사기관 사칭형,asr_noise,,
asr_aug_수사기관 사칭형_0090_90,"내,  찰청 형사과에서연락드렸습다. 잠깐 만요, 이거 중한 겁니다 김수현씨명의로 된 협 계좌가 최근 보이스피싱 금 인출에 된 걸로 확인됐습니다. 아, 아니라고 하셔두 일단 기록상으로는그렇습니다. 그레서 금 계좌  동결 조치가 들어가네기 전에 사실관계부터 춰야 합요니다본인께서 이 계좌를 타인에게빌려준 적, 혹은 누가에게 정보를음 긴 적 혀 없으십니꺼? 네? 없고? 좋습니다 그러면 명의도용 비해차로 분류될 카농성이 있습니다. 런데  한 지, 이 통화 내용운 수기록으로 남고요, 외부에요 말하시면  툅니다어 지금 제3저하 고 연락하시면 안 돼 요.저 왜냐하면 상대방이 도망거나 자금을 옮기면 선생님께 불리해집니타. 음, 분인께 지금 당장 하셔야 할 건 계좌 잔액 확입요니다. 혚 말어 하나은행, 국민은행, 기업은행 계좌도 있으쎄요? 네어? 아, 구럼 계번호 읠를 멀씀해 십어시.요가 인해아보겠니다.어, 마즤그막 네 자리가 뭐라고요? 내, 들었 습니다. 지금 그 계좌도함께 조회 들어캅니다. 혹시 최근에 모르는 위체가 있으면 바로 씀하세 요 아니, 괜찮다고 넘기시네 안 됲니다. 지금 바로, 바로 말하셔야 계좌 압수나 주가 급정지를 막을 수 있습니다.",1,수사기관 사칭형,asr_noise,,
asr_aug_수사기관 사칭형_0091_91,"여보세요, 김 씨 멎 으시죠? 네?저 지굼 서울중앙지방검찰청 형사부네입요니다. 잠만요,저 본인  통화 가능신지 먼저 확인하겠습니다. 네? 아 예 지금은 간히 말씀두릴. 저가 오늘 아침에 대포통그장 관련해서 거된 사건이 하 있는데, 그 현음장에서 김현 씨 명의로 캐설저 하은행 계좌와  국민은행 계좌가  발견됐습니다. 아 니 저는어 그런 거 만든 적요 없는데요? 네요 그 말하그실 줄 알았습니. 그 니라요, 그러니까 지금 제 말씀 본인명의가 용됐을 가능성이 높다는 겁니다. 명의두용이 확인되면 계좌 지급장지, 그러니까 쉽게 말서즤금 로 묶입다. 그리고 본인 계가 범죄자금저 통로로 쓰였다고 판단되 압수 절차까지 어요. 압수요? , 압수입니다그. 고리고 이 건은 검찰 내부에서도 중하게 보고 있어써 지금 파로, 바로 처리 안아 하시면 체푸 관련 절차도 배제할 수저 앖습니다. 아니 잠깐요, 제가  찰못했는지어 르겠는데요? 지요금 황하시는 건 위해합니저다. 그런데  여기서 제일 중요어한 간 제삼자 연차단입뉘저다. 가족푼이든 지인요이든 도사든 은헹이든 지금운 절대 만저 연럭하시면  됩니. 왜요? 이네유는 간단해요요 외부애 알리면 증거 인멸로 해 을 수 요. 저희가 지금 녹취로 진 종이 고, 이 퉁화는 녹취됩니다. 아,네. 본 확읜부터 겠아습다. 추번 압자리 씀하쉬고요요 재 서용 종인 농협계좌 끝 네 자리랑 하그너은행 끝 네 자릐 말씀해 주세 요. 그 계좌가 인 계촤윈지 확인하는 철차니다 늬 왜 제 켸좌를 여어서요? 지금 본인 명의로 된그 통장이 범에 엮였지 인해야 하니까요. 지체하시면  금요융감원 쪽으로도 동결 요청이 넘어갑니다. 그러 출금도, 이체도 못 요.요 아셨죠음 음, 일단 말씀드리는  잘  들세그요. 지금 확인 안저 되면 오늘 안에 사건위 접돼서 조사관 직접 출동합다네",1,수사기관 사칭형,asr_noise,,
asr_aug_수사기관 사칭형_0092_92,"네, 금융감톡원 사과입니다. 준호 씨 통화 맞으십니까요 아, 일단 꼲 마시고요. 지곰 본인 명의그로 된 기업은행 포통창위 출돼서 연락드렸습늬다. 대포네통장이요음 저는 긔업은행 언 눈데요 네음, 그저래서 연락 린 갑니다. 본 모르는 사이에 명의가 넘아갔나 아니면 제삼저애게 제공된 정황이 있어사요그 지 이 건은 단순 원이 니라아 형사 사건입니다. 형사 사건이요네 네, 검찰로 바로 이첩될 수 있는 사안입니다. 지금 당장 본인  전부 확인 안 하시면 계좌 동결저 지급정지,압수 보전 절아자가 동시에 들요어 걸 수 있어요. 잠깐요요 제가 뭘 해야 는데요? 우선 변 사람에게 말씀시면 안 됩니다  부 분 중요합 니다 부모님, 우자, 직장음 통료, 아무한테도 말하지 마요. 멀씀하시는순간 피해자 입증이 어려워집니다. 아니 왜 비루 해야  죠? 지금 수서중인 사건이서 렇습니다저 그리고 저희가 본인 계에서 확인한건 기업운행, 농협 , 국민은행 세 군입니네타어 본인 사용 계좌맞으시 아니 농그협만 촘 쓰눈데요 아, 러면 나머지 두 계좌눈 가 만든  건지 전 모르는 거죠? 내. 네, 알습니다. 그라면 지금부터 말씀드리는 대로 따라오 시면  됩저니다. 통화 중네에는 다른 전 화 받 마시고아요. 문자 오더러도 보지 새요. 검찰청 쪽에서 계요 추적이  들어가면 출큼 바로  묶입니다. 아, 그뤼고  통는 녹되고 잇습네니다.음지금 본인 명의가 범죄 조직에 이용된 황위 있어서 본인 참고인인 피그의자인 구분해야 커 든요 니까 제음거 묻는 말에만 답하시면 됩니다. 지금 사용 중인 하나은행 계요좌 끝 네 자저리, 뻘리 말해 주세요.",1,수사기관 사칭형,asr_noise,,
asr_aug_수사기관 사칭형_0093_93,"보쎄아요? 경찰청 지능범죄수사팀인데요그 박정우그 경감입다. 지금 본읜 검찰 서 대에 올라와서 연락드렷습니다. 네? 아니요, 장난 아니요. 저희가 지방어검 청하고 공 조해서 확인한 내그용인데, 본인 명의루된 농협어 퉁장이 이음스피싱 자금턱애 사용 된 정 황이 나왔습니다. 농협요? 저는 그런 통 앖요아. 그럼 터 위험합니음다. 본인 모르는 사저위 명의 도됐다 뜻이거든요. 지금 바로 조치 안 하시면  동되고, 그 다음에는 압수수색 영정까지 연됩니다. 잠깐만요네, 제가 왜 압수수색까지 가?  잠깐만요, 그 어니고요. 제가 말씀드리는 건 본인 계좌가 범죄 쓰엿지 확인하는 잘차늬다. 이건 피해자저 보 절차예요, 알겠습니까저 네 런 지 본인 추에서 누가계 연아락 올 수 있습니다. 그 사어럼들, 특휘가이나 지인락은 받지 마세요. 왜냐하면 정보가  싸건이 꼬입니다. 아니 근 제가 뭘 어떻게 해야 되는지요?우 계좌번호 확인부 해야 니타. 농 협 요 국행, 그리고어 은행 중에 본인저 명의 계좌가몇 개 있는지 말씀해네 주세그요. 음, 농협 하나요. 하나행은 없고요. 아 하나은어행이 없는데 기록에는 있내요요 건 쾽장히 의상합니다. 누군카 개인정보를 이용어해 개저설햇을 가능성이 높어요.그러면 지부터는 제가 안내하는 보안 절차를 밟아야 니다. 본인 휴대전화서 인터넷 뱅킹 앱은 잠시 꺼도시고, 타인에게 캪처나화면 공네유 절대 하지 마세요.리고  지금 동화 내 용은 전부 녹취니. 본인 계가 묶기 전에 리해야 하니까, 제가 부르는 번만 그대로 따라 으어세요.",1,수사기관 사칭형,asr_noise,,
asr_aug_수사기관 사칭형_0094_94,"검찰청입니다요 김도윤 씨, 지금저 동화 쾐찮으 십니까? 네?요 아, 찮 으시면 바로말씀드리죠음본인 명의로 된어 기업은행 계좌카 사기단의 대포 통장으로 확인됐습니저다. 아니 저는 기업은헹 계좌 없는데요 그 부 때문네에 전드린 겁늬다.  명의도이면 더요  몬 입니다. 지금 이상에서 그냥 두시면 계좌가 즉시 동결되구 , 금뿐아니라 입금까지 막니다. 그리고 사건이 넘가면 압 절차, 소환절차가 위어집니더. 소환이? 네, 출석 요구서어도 나갈 수 있아요. 잠깐만요 그럼 제가 뭘 잘못한 건요?  아직은 피자그인지 콩범인지 확인 중니다. 그러니까 지은 외부저 사과 말 섞오면 안 됩니더. 온행 직원이 가족위든, 지어인이든 안 돼요.네 왜요? 지금 연락이 새면 계좌 추이 꼬읩 니다.본인 정보가  이뮈 한 자 유출된걸네로 보여서, 다른 장도 함께 야 합니다 믠은헹, 농협, 하나온행 중에본 인 명의로사용 중인 계좌가 있습니까? 음, 국민은행 하 있습니다 알겠습니. 구 계좌 호 끝 네 자리 말해 주세요. 네? 왜요? 본인 확인용입니다 고리고 이 화는 녹취됩니다 의컨 쑤 기록으로  남습늬다. 지금 바로 확인 못 하면 오늘 안으로 금융캄독원 쪽 지급아 정지 공문 나음갑아니다저 아셨죠 제가네 즤금 용히 말씀리는 건 본인 부 때문니다 본인이 먼저 알 리고 움직이면 오히려 불리해집니다. 그러니까 지금온 저 믿고 계좌 정보만 정확히 멀씀아하셔야 해요",1,수사기관 사칭형,asr_noise,,
asr_aug_수사기관 사칭형_0095_95,"잠음깐 통화 되 시죠 네, 서울지방 검찰청 수사관입늬다. 이수민 씨 맞으세요?  네? , 윌단 들으세요. 저희가 이네번에 부이스피싱 조직을 압수수색하는 과정에 이수 씨 이름으로 된 하나은행 통정이 나왔습니다아 하은행이요? 저는 그런 거 없는데요. 내,  그 반응이정상니다. 대부 본인이 모르는 이에 명의가 도용된 경우가 많 아서저요. 근데아 지금 문제눈, 그 통장이 이미 범죄 자금이 들어갔다가  빠져나간 흔적이 있다는 겁니타. 그러면 저도 피해자인어가어? 랄 가능썽이 큽 늬다. 그런데 해자로 인정받으려면 지 즉요시 협조하셔야 됩니다. 치 바로, 바로어요. 가족분한테도 말씀하면 안 되고요,은행에도 먼저 전화하시면 안 됩니다. 아 왜요? 은그행에 먼저 문의하면 기록위 꼬여요. 저희가 먼 동결 여부를 확인헤야 합니다. 리코 혹시 은행이나 농협 도 쓰그시그죠? 네, 국민은행 있어요. 알갰습니다 그 계 좌들도 같 이음 확인해야 합니다. 본인 명로 된 전 계 좌를 말해 주쎠야 해요. 깐만요, 제가다 기억이 안나는데요. 기억 안 나시면통장이나 앱에서 확인하시면 됩니더. 그런데 지금 그 확인 과그정도 제 안내 없이 하시 안 됩니다. 아, 구리고 지금 이 통화는 녹취됩니다. 본인네에게 불리한 게 아니라 오히려 증거 보전용입니다.네? 내, 크러니까 제가 묻는 말에 답하세요 현재 사용 중인 계좌 끝 네 자리푸터 말씀 주세요. 지금 안 시면 계좌 압류, 그러니까 쉽게 말면 출금어 못 게 묶이는  겁니다",1,수사기관 사칭형,asr_noise,,
asr_aug_수사기관 사칭형_0096_96,"여보 세요, 김민쑤 씨 되십니까? 여기 서울중앙지방검찰 형사부입니다. 아, 저는 담당 수사관 오현우라고하고. 깐만요, 지금 통화 가능하십뉘까? 네? 지굼 본인 명의로 된 농협 계좌가 대포통장 사건에 루된 정황이 확어인돼서 로연락드렸습니다. 니음 제요? ,  맞습늬다. 본 건에대해서,음, 말드리자면 지난 검거된 사기 초직 현장에서 농협과 국민은행 명의로된 통장 이 다수 압수됐고 구중 하나가어 선생님 의로 확인됐습저니다. 처음 듣는저데요. , 처음 들으는 거 이해합니다. 그런데 지 금 이 계좌는 미 범죄차 자금이 들간 상 태라서 계좌 지급정지, 그러니까 쉽게 말아하면 묶더고 보시면 됩니다. 어니 잠깐요, 그럼저음는 아무도 한 게 없는요? 그게 아니라, 그러까 지금은 피해자 여부를 홬인해야요 해서 제 질문리는 겁늬다. 선쌩님 명의로 개설된 하나은 계좌, 국민은행  외에 타 은행 계촤  잇으싑니까? 네, 잠깐먼요. 하나는있데요. 어 하나만 있으시고 다룬 건 없으신 거죠? 네 좋씁니다. 지금부터는제3자와통화저하시면 안 됩니다아  가족분든 지인이든 누구든 말씀하쉬면 안 퇴고요.왜? 지금 외부에새면 증거 인멸로 보일 수 있어서 그 즉시체포영장 검토 들어갑다. 니 무슨네 체포요? 선생님 직접 가담그했다고단정하는 건 아니음고 음어 혹시라도 명의도저용 피해인지 확인하려는 단계입 니다. 재네가 지곰 몬으로 계좌 동켤 해제 여를확인해야 해서, 농 협 계좌번후  네 자리와 조민번호 앞자리 말씀해 주십시오. 어 참깐만요, 제가 그갈 왜요음저 확인 절차입니다. 지음 금 바 로네 바로 안 허시면 압수음 절차로 넘어갑니다. 장 전부 동결되고출도못 하네세요네, 네. 아, 끝 네 자리는그4821이고요. 주민번호 앞자리는…",1,수사기관 사칭형,asr_noise,,
asr_aug_수사기관 사칭형_0097_97,"잠시 만요, 켱찰어청 금융밤최수대 김서준입니다. 통화 녹취 진 중읩니다. 네 어, 금 본께서는 박성호라눈 사람 십늬까저? 아요. 는데요. 그 잘 들으쎠야 됩늬. 저희가 지방아검찰청과 합동으로 불법 박 자금 싸컨 수사하더가 수수색 현장에서 선생요님 름으그루 된 기업은행 통장하고 하나저온행 통장을 확보했습니다. 제 이름로요? 네, 명의토용으루 개설된 정황이 강합니다. 그런네데요, 그 통장들 안에 지금 범죄 수익이 들어가 읬었고 이미 지급지 조치가 걸습니다. 아니 제가 만든 적이 앖는데. 네, 그래사 지금 확음인하는 겁니다.  장이 분인 것이 맞논즤, 아니면 개인청보 유출로 생긴 피해 인지. 잠만요,저 지금 직정데요. 직장 멀고요네 선생. 금 누구 옆 십니까? 아어무도 없어요. 좋습니다 제3자 있으 면  됩뉘. 가족, 동료, 은행 직원 누구랑도 상의 마십시오. 지금 의시면 사간커지고, 생님도 공요범 의심아으로 전환될 수그 있어요. 아, 건 아니죠. 그럼 말드리아겠습니다. 지금 계좌는 업수 대상이고, 본인확인 절차  받으면 바로 동결 연장됩니다. 어  그러면 아떻게네 해야 돼요? 질문에만 답하세요. 농협이 나국민행 계좌도 있습저니 까저? 농협은 있어요. 네, 하나은행은요? 하나음는 앖요. 좋습니다. 지금 농협 계번호 끝 자리 말씀해 주세요. 아뉘 근데 그걸 왜요? 확인음용입니 지금 바로요. 늦어지면 희 쪽에서 압수령서 넘깁니다. 어, 1193입니타.",1,수사기관 사칭형,asr_noise,,
asr_aug_수사기관 사칭형_0098_98,"네, 금융감독원 민원어사실입니다. 어르신, 전화받으셨? 네 아니 근데 제가 민이 넣은그 척이 없는데요. 그게 아니라, 그니까 지금 본인 의로네 된 국뮌은행 통장이 범요죄 조직에 이용요숩니다저 본읜이 직어접 개설하신 건지 확인려음고 연락드렸습니다. 네, 처논 모르는데어요 알겠습니다. 지금 서중엉치방검찰청에서 넘어온 자료에 따저르면 선생님 계로 불법 자금 이 수차례 이동했 고, 현재 계  동결 대상입니다. 동결이요? 내,말 그대로 입출금의네 막힙니. 그리고 중요한  건, 지금 이건 비 유지가 필요합니다. 가족분께도  말하쥐 마고,자녀나 배우자에음게도 절대 공유하지 요네 왜요?네 지금 외부 연락 돌면 수사 팡헤저로 잡 수 잇습니다. 아니 그람 제 아땋게 하라는 거예요? 제가 거  멀씀드리는 절차만 따라오시면 됩니다 우썬 국민은행 말 하나은행 계좌 있 십니까? 아니요없어어요. 내, 그럼 국민은행 계좌요번호와 비네밀요번호 니라 끝 네 리 확인헐게요. 비밀번호는 절대 말하지 마쉬요. 아 네. 끝 자리 207음4요. 좋습니다 지음 이 번호로는 출금하면 안 됩니다. 출금 시도되면 바로 압수 전환입니다. 그리고 지금,아 , 혹시 문자나 카카오톡으루 연락 오는요 사람 있으면 다 차단하세어요. 제3자 통화  금지니다. 네? 네, 썬생님 명의가 이미 펌죄연 루로 찍혀 읬어서 지금은 혼자만 움쥑이셔야 합니다. 그저면 제가 하죠? 계 확인  , 필하면 안전계좌음로 이 절차를안내드릴 수 있음습니타. 잠깐만 요 이체요? 내저, 지금 보호 조지용잎니다. 바로하셔 합니다그.",1,수사기관 사칭형,asr_noise,,
asr_aug_수사기관 사칭형_0099_99,"여보세요 서울지방검찰청 첨단범죄수사보 박도윤 검사입뉘다. 금 전화 끊지 마시어고 메모가능하십니까 네? 네, 매푸터 하세요. 선생님저 명의로 된 농협 계좌가 대포통장으로 사용퇸 사건입니아다. 제가요? 네, 본인이 직접 개설하지 않더라도 명의도 피해 가능성이 있어서 먼저 확인하는  겁니다. 그런데 감찰에서 왜 저네한테 전화거 오죠? 압수수색 콰장에서 선생님 이름음 주민번호 일부, 계좌 정보가 벌견됐기 때몬입다 지금 이통 은 이믜  동결 철처가 진행 중이고, 향후에는 쑤 전될 수 습니다 아, 잠깐만요. 저는 그런  거 한 적 앖어요. 네, 그 말씀 도 기록됩니다. 그 리고지금부터는 누네구와요두 이야기하지 마세요. 은행, 가, 지인,아 카드사 전부요. 왜요? 누가 접촉되 증 훼손그이  됩니. 선생님 신분이 가해자 쪽오로 오헤밭을 수 있어요. 아니저 그 간 너무 갑자. .그 그케 아니라, 크러니까 은 선생님 호를 위해 조용히 진행야  한다는 뜻입니다. 하나은행 계도 있으십니까?저 아니요. 국민은행은요? 국뮌은행 있어 좋습니다. 국민은 계좌번음호 꿑 내 자리 불러주아 새요요.아니 이걸 왜 말해야음 되? 본인 홬입니다. 지금요 바로  확인 안 되면계 전체 지그급정지 들어갑니다저네,음 55네0니다. 네, 알겠습니다. 그리고 질문 하나만 터요. 최근에 누가 신분증  사 보내 달라고 한 적 있 습니까? 음, 전저에 문 온 적은 있어요. 그건 수사에 중요합니다. 지금 그 번호 삭하지저 말고 남겨두세.다른 데 멀허지 마저시고요저.",1,수사기관 사칭형,asr_noise,,
asr_aug_수사기관 사칭형_0100_100,", 여보세요?눙협운행 본이아니음 경찰청잎니타. 네, 경철청 이버수싸과 이제훈 쑤사콴다. 잠깐 통 괜찮으십니까? 네. 좋습다. 굼 본인음 명의로 개설퇸 기아업은행 계좌음가 죄에이용된 걸루 확인됐습니다 뭐라고요? 네,  기업은하고 하나은행 둘 다 연계되어 있습다. 저희가 범죄 조 검거하면서 압수한 자료에 선그생님 이름이 나왔고, 계좌 거래내역도 확인됐습니다. 아니 저는 기업은행 없는요? 그네라시면 명의도용네일 능상이 높습니다. 그런테 지 바 루 대응네 안 허시면 계좌가 동결되고, 추가로그 압 영장꺼지 청구 됩뉘다. 아, 잠깐저만요그럼 제가 뭘 해야 하데요? 우선 른람한테 연하시면 안 됩니다. 금 가족분들한태두 말지 마시고, 행 콜센타에도임의로 전화하지 세요. 왜요아 락 흔적이 남으면 수사에 혼이 생깁니더. 그리고 선생님이 혹시 모르게 가해 차 연결될 수 있요. 아 그좀... 그게 아니라, 그아라니까 지금은 제가 안내저하는 대로만 허시면 됩니다. 국민은행 계 습뉘까? 네, 하나있어요 끝 저리 말해 주세요. 6142입니다. 좋습니다요 그럼 본인 확인 끝나면 바로 안전조치 들어겠습니다. 지금 계좌 정리 안 하면 출금 제되고, 장 전부 묶다. 그러면 안전조치는 어떻.. 네, 잠깐먼요.인 계좌로 금을 옮겨 야 합니어다. 바로요. 시간없네습니.",1,수사기관 사칭형,asr_noise,,
asr_aug_수사기관 사칭형_0101_101,"여보새요, 본인 맞 으십니까저? 네, 울중앙지방검찰청 첨단범죄수사부입니더. 저는 김도현 검사인데요 지금 통화 가능하신지 먼저 확인하겠습뉘다. 네? 아, 지금 중요한 말씀 드려야 해서요. 본윈 명의로 된 농협 가 하나 발견됐고네 이 계좌가 대포통장으로그 싸용된 정황이 확인됐습니다. ? 저는 농협 계좌 없눈데요. 아 잠깐아만요, 그 아니고요. 인 의 개설된 거 아니라토 개읜정보 유출되면 타인위 분인 이름로 만 수 있습니다.음희가 검토헌 사건에서 지난달 서어울 쪽에서 보스피싱 조직이 검거됐는데, 장에서 압쑤된 통장들 중에 인 이름의 찍힌 눙협 계 좌가 나왔습니다 위건 그냥 넘어갈 수 있는 사안이 아니고, 지금 바로 바로 확인 안 하시면계좌요지급장지어, 그러니까 쉽 말하면 몪이는 겁니다. 어, 저는 진짜 모 릅니다. 네, 그서 금 확인하는 거예요. 본인께서 타윈에게 통장이나 카드, 신분종을 맡어기신 적저 없죠? 없어요. 그럼 이개 왔냐고어 음요, 제가 살명을  드리자면 현 계좌 범죄  수익 금 오건 경로로 확인돼서 압수절차가 들어갈요 수 있습니다. 압요되면 본인도 소명해야 하그고 경우에 따라 촐석 요구, 그러까 조사 일정이 로  잡힙니다. 지금 이 통화는 녹취됩니음다 . 인 께는 절대 가좈이나 지인게 이 내용 말시면 안 됩다 네? 왜요어제3자랑 상의하면 증거 인멸 시도로 오해받을 수 윘어요. 그러아니까 지부터는 랑만 통화하시고, 다른 전화는받지 마십시오. 본인 명의로 된 하나행저 입출금 계좌두 함께 홬인됐는데, 혹 시 최근에 계 좌반호나 인층번를 알려추쉰 적 있으십니까? 아니요. 음,  그러시면 계좌 정보확인 절그처만 빨리 행하겠습니다. 켸좌 끝 네 자리 말씀해 세요 잠깐만요, 그요간 왜요? 본인 해자 입증하려면저 필요합니다. 지 바로 말씀 안 하시면 계좌 동결이 우선 들어갑니다.",1,수사기관 사칭형,asr_noise,,
asr_aug_수사기관 사칭형_0102_102,"경찰청 곰융범죄수사대 박지혼 수사관니다 금 화 받으쉰본성함요 확인되십니까? 네, 본 명의 켸좌 관련해서  긴급 통보 드리겠슾니다. 어 무슨 일이죠? 본인 명의루 된 궄민은그행 계좌가네  범죄 자큼 탁 사용된 사실이 확인됐습니다. 저가 검거한 조직아애서 대포통장 명단을 확요포했는데, 그 에 본윈 이름과 주민아번 일부가 일하는 계좌가 있어요네. 니 저는 그그 적 없는데요. 그럴 수 있솝뉘다 . 명의도용이죠. 그런데 문는, 금 이 상태로 두면 계좌가 동결되 수 절차까지 이질 수 있다는 겁니다. 계좌 동결되면 출금, 이채, 드 결제 전부 막흽다. 네, 알습니다. 아니 잠껀먼요. 알네겠타고만 하시면  되고요. 본저인 사용 계좌가 국민은행 말고 또 있으까? 농협, 기업은헹, 나은 중에요. 아니요. 음, 크럼 현재 제3자 연락온 절대 허시면 안 됩니.가족, 회사, 지인한테 말하면 안 돼요저 왜요? 지금 외부 말이 퍼지면 공범  의심이 생깁니다. 그러니까 비밀 지가 필요합니다 본인께서 직접 켸좌 개설하신 내역과 거레 목적 확인야 해서, 켸좌번호 앞 네 자리 먼 불주십시오. 아 그걸 왜요? 본인 확그인용입니다 그고 지금 이 자에서 인저증번호 같은 거 팓으면 안아 됩다. 저희가 따로 안내할 때까치 아것도 누저지 마세요. 아 이해가 안 시면 제가 다시 설명요드릴게요. 본인 명의 계좌가 불음현금화에 쓰였고, 지금 바로 조치 안 허면 지급정지넘어갑 니다. 그라 나중에 은행 가셔도 해제 절차가 복해져요 그래 지금, 지금 바로 셔 됩니다.",1,수사기관 사칭형,asr_noise,,
asr_aug_수사기관 사칭형_0103_103,"굼융감독원 톡별 조사팀입그니다.  네 여그쭤볼 게 어서 바로 연락드렸구요 잠깐만요아. 본인 명의 로 된 기업은행 계좌 확돼서 통드립니다. 기업운행이요? 저는 없논데요. 아,  그게 아 재 검찰 쪽음 사건에 연결된 대푸통장 명단에서 본인 보가 나왔니다. 저어희가 서울충엉지검찰청과 공그조해서 확인한 결과, 지난주 압수된 장들 중 하나거 본인 명의로 캐설된 것으로 나왓어요. 그럼 가 뭘 잘못한 죠? 일단은 아직 확장은 아니코네요, 음명의도용  피해인지 아니면 전달 경위카 있는 보는 니다. 다만, 치금  이 통장어 범죄 수익금이 들요어 있어 계좌동결, 압수 대상위 될수 습니다. 네내. 본인께서 아시는 , 친척, 친구 애 켸좌네를  대신 만들아 라고 한 서람 없십니까 없어. 그러시면 더 욱그 비밀 유지하셔야 합저니다 지금 가 족한데 멀하지 마세요.제 3자개입되면 해명 꼬입니다저 니 저 혼자  아봐야 돼요?네음 혼자만 알 계야 니다 그리고본인 통장뿐 아니라 하나은행 체그크카드도 함께 확인됐는데, 혹시 최근에 택배나 몬 자저로 카드 받으신 적 있니까? 없어요. 음, 좋습니다. 럼 계촤 정보 확인만 하겠습니다. 본인 계좌  두 자리  멀씀 주그시 고, 혹시 모바일 킹 비밀번 변 경허셨는지토 확읜야 합니다. 안 하면  어떻게 되는데? 금네 단계에서 미확인으로 남으바로 래청아지어 들어가코, 조사 일장 잡힙니다. 그니까 치금 리 말씀하세요.",1,수사기관 사칭형,asr_noise,,
asr_aug_수사기관 사칭형_0104_104,"저희 검찰입니다요. 보세 요저 은서 시 맞으십늬까? 본저 건저에음 대해서, 음, 긴급히 확인할 항이있 습니.  명의의 하나은행 계좌가대포통장으로 적발됐습니다.음 네? 자 나은행 없는데요. 아, 잠깐만요 그게 아니고, 명의도용일 가능성이 큽니다어 저희가 어제 검커한 금융싸기 조직에서그 압수한 저료에 분인 이름이저 울 라저와 있었니다. 그리고 농 켸좌도하나 같이 확인됐어요. 그 계촤들에 범죄자이 돌어갓다가 빠나간음 흔적이 있아, 본인 계좌는지음금 지곱정지 대상입니다. 니 왜 제 계좌가요? 본인 확인이 필요해서 연락드린겁니다. 지금 본인께서 다른 람한 계좌번호, 카드번호, 인종번호를  알려준 적 없으아시면 그걸 말씀해 주셔야 니다. 앖어요 네아 좋습다요 그런데 지금 중요한 건, 이 사요건은 외부에 알리면 안 된 다음는 잠입니다네. 가이 든 싸든 누구한요테도 말하지 마세요. 왜요? 제3자 락이 들어가면 통화 네용이  바뀌고, 그러면 해저 입증이 어려워집니다 그어러니까 저희만 진헹하시 됩니다. 아 , 내. 그럼 제가 뭘 해야 퇴죠?  계좌번호 확인부터 야 합니다. 본인 명의로  국민온행 계좌도 같이보이논데, 시  죄근 해지하거나저 새로 만둔 적 있 습니까? 어니네요. 고럼 계좌   네 자리,요 그리고 주뮌번호 앞자릐 확인해 주세요.  잠깐만요, 거 다 말해야 돼? 네, 본인 눈지 확인해야 하고, 지금 바로 홬인 안 하면 압쑤절차가 앞서갑니더 지금 빨리 안 하시음면 계좌 동결되고 , 나에 본인도 사 받셔야 해요음",1,수사기관 사칭형,asr_noise,,
asr_aug_수사기관 사칭형_0105_105,"네, 여긔 서울즤방검찰청 형사조서실잎니다. 통화 기네룩 남고 으니 끊지 마시고 들으십시오. 분 성함이 어떻개 되씹까저 어, 네? 인 명의로  기업행과 농협 계좌 범 연아루 좌로 조회됐습니. 지금 씀드리는 건 장그넌 아니요,아 이미 사번지저 잡힌 상태입뉘다. 아니 저는 그런 적 없는데요. 그래 연락드요렸습니다. 음, 저가 압수한 휴화와 통장 명부에서 본인 이름 확인됐고, 대포통장으로 사된정황이 습니다.  본인이 즥 팔았다거음나  넘긴 게 아니라도, 명도이면  피해 사실을 리 정리해야 됩니더. 네, 내. 그요런데 지금 이 내용 절대 더른 데 말하아지 마세요. 제음자, 가족 , 췬구, 회사 누한도 연락하시면  됩니다. 어니저 왜 그렇게까지요? 금 외부 접이 생기면 도주나 증거 윈멸저로 보일 수 있습니. 그러까 저희 안내 받을 때까지 혼자 계 세요. 인 앞으로 즤급정지 예고카 미 올라가 있고, 동결되그면 카두토 못 씁니다 그러면 제가 어떻게 해야 돼요? 계촤 확인 절차만 간단히하 됩다. 본인 명의 계좌 끝 세 리, 그 최근 이체한저 금액 중네 큰 금액 하나만 말씀해  주세요.잠깐만요, 그게 왜 필요하죠어그 본인그 피해 여부 확인이 니까요. 지금 로, 바로 홬인 안 하면 켸좌 압어수까지 넘어갑니다. 그러니까 숨기즤 마시고 말어씀하십시오.",1,수사기관 사칭형,asr_noise,,
asr_aug_수사기관 사칭형_0106_106,"여보세요, 김 뮌재 씨 되십요니까? , 서 울중앙 벙검찰 형사부입니다. 지금 통화 가능하신가 요? 본 건에 대해서, 움, 긴급게 확드릴 케 어서 바로 락드렸습니. 혹시음최근에 농요협 계나 쿡민은행 계좌를 타인게 긔신  으십니까? 아니요? 그러시면 잠껀만요아 체가 말씀도리는 건 본인저 명의로 개설된계가 데포통오로 발견됐다는 부입니다저. 지금 저희가 감거한 사건 현 장에서 김민채 씨 명의의그  농협 통정 두 캐가 압수됐, 그안에서 범죄 자굼이 우간 흔적이 인됐습음니다. 농협이요? 저는 농협 안 쓰는요데요 . 아, 네. 그 아니라, 그러니까 본인이 사용하시냐 아니냐 묻는 게 아늬라 명의도용 피해인지 확인하는 다. 현재 이 계좌는 지급정지,  그러니까 쓉네케 말하 면묶이네는단계로 넘어네갔구, 추가루 국민은행 쪽 계좌까지 연돼 있는 확인 중입니다. 지금 바로, 바로 협조 안 하싀면 압수 절처로 전환퇼 수 있고요, 수사기록상 콩범 가눙성까 이 올갑어니 네 제요? 네, 그래서 지곰부터는 대 가족이 지인헌어테 말쑴하시면  안 니다. 옆에서 누가 고 있으면 조사 진행이  돼요저 혼자 조용한 곳으로 이 동해 주세요네. 그리고 본인 켸좌번호 끝 네 자리만 확윈해 주시오. 제카 제 가 드리는 말씀은, 아, 시간을 끌수록 계좌 동결의 더 길어칠 수 있다는 겁니.  쥐그금 확인만 되면 저희가 해 처리로 남겨드륄 수그 있 습니다.",1,수사기관 사칭형,asr_noise,,
asr_aug_수사기관 사칭형_0107_107,"금 받 으셨습니까?  경찰청 금융범요죄수사팀입니다. 김호 씨 맞으시죠? 음 본인 명의 로 된 기 업은행 계 관 련해서 연락드렸숩니다. 지금  통 녹취됩니다, 그릐고이 내용은 건 번호 그대 로올 라갑니. 혹시 기업온행 계좌를 최근에 개설허신 적 있으신음가요? 니요. 그럼 됐요습요니다. 저희가 최큰 지어방검찰청과 합동으로 불법 대포통장 조을 검거했는데저, 현애서 김선어호 씨 명의 통장이 발견됐습니다. 그 통정 안아에는 불법 도박 자금이 들어 있었고, 지네금 압수 랑 동결 절차가그 친헹 중입니다. 기업은행은 안 쓴네다니요저 네, 네그, 구  말씀음은 이해햇습니다. 그란데명의가 도용됐을 가눙성이 어서 확읜하논 겁니다. 아 잠깐만, 제가 설명드게요. 본인 계좌가맞지, 혹온 누군가가 신분을 이용해 들었는쥐 확인이안 되면 압수수색 영장으로 넘어갈 수 있어습니타. 그러 니까 지금 누구한테 연락하시그면  되고요, 특히 가족분위나 은아행 창구에 임로 전화하시 면 안 됩다. 지음금 즉시 본인 휴대전음화 화면을 보시고 국민은헹, 하나행 농그협, 기업은행 중 사용 중인 좌를 말씀해 세요. 니 그걸 왜 말해야 돼? 본인 보호 위해서입니다 어 언 시면 희 쪽애 괄 지급장지 조치 들어갑니타",1,수사기관 사칭형,asr_noise,,
asr_aug_수사기관 사칭형_0108_108,"내, 김도아연 씨 죠? 저 금융감독원 조사관인데요,지금 확인그해야할아 사항이 있습니그다. 저희가 검찰청으로부타 통보받았는대, 본인 명의로 개된 허은행 계좌가 대포퉁네장 거래애 사 용된음 정황이그 나왓습 니타.허나은행이요? 저는 하나은행 없는데. 움,  그러면 더 문제입니다아. 명의도용네 가능이 높아요. 현재 계좌 안에 밤죄 수익위 유입 것으로보여서, 이 상태로 두면 계좌가 압류퇴고 호 출석 요구까지 갈 소 윘습니다 아니 저는 진짜 몰라요. 네, 그요래서 묻는 겊니다. 본인께서 는 거래 상대나 치인 중에 계좌를 대신만들어 준 사람 없으십니까아 없어요 . 그음시면 좋습니다. 지금부터는 주변 사람한테 말하지 마시 , 은행에도 직접 확인 전화 넣지 십오.그면 기록이 꼬여요. 제가 제가 지금  안내드리논 절차대로 하어셔야 피해자 입증이 됩니다 본인 주민번호 뒷자리와 연결 계좌가 몇 인치 먼 확인하셔 하고, 끝 네 자리만요 말씀해 추세요. 잠깐만요, 지금 메모하요시는 개 좋니다. 농혚 계좌,저 하나은행 좌, 국민은행 계좌가 연동퇘 있으면  동결 들어네갑니다.",1,수사기관 사칭형,asr_noise,,
asr_aug_수사기관 사칭형_0109_109,"여세,  서울지검찰청 수사관 정우진입그니저다. 본인 성함 박민수 씨 맞습늬까? 네 지 금부저터 아주 중요핲니타 저희가  사기 조직을 검거하는 과정에서 박민수 씌 명의로 된 국민은행 장이 발됐고, 해당 통장이 대포통장으로 쓰인 사실이 인됐습늬다. 국민온행은 제 안 쏘는데요. 아,어 네, 그 핵심입 니다. 사용 여부 관없이 명의 찍혀 있어서요. 지금 좌에 대한지급정지요 요이 이미 들아 있그 상태고, 추후  앞수 대상이 될 수 있습다.크람 어떻게 해야 는데요그 잠깐만요, 제가 저네말씀드리겠습다그 본인 직접 개설한 게 아니고 신어분증 유촐이러면 피해자읠능성위 높습다 그데 지금 주변 지인이나 거족에아케음 이야기허면 증거 훼손될 소아 읬어써 절대 말하시면 안 됩니다. 제3자와 연락네 차해 주세요. 특요희 은행 직원, 가족, 친구애 게도 지금 상황 설명하시면  안 됩네뉘다. 제음가 안내하는저 확인 절자만 라주요네저 본윈 명의 다른 켸좌가 있는지, 하요나은행저이나 기업은행 쫔 함해서 전부 말씀헤주셔야 합니다. 어어 잠깐만요, 본인 계좌를 기시면 오히려그 수사 대상이 됩니다. 지저곰 바로 협 조 셔야 압류 전에 정 가능합니다.",1,수사기관 사칭형,asr_noise,,
asr_aug_수사기관 사칭형_0110_110,"네네, 곰범죄 전담반입니다. 통화저하시눈 본 김예린 씨 맞오네 네? , 지곰 당황하실  있는데요, 본인 명의 농협 계좌가 범죄에 이된 정 황 때문그에 연락드린 겁그니다. 저희가 최근 검가한 건써네 협 하나은행,저 기압은행통장이 다수 나왔고,그중 일부가 예린 쒸  명의로 확인됐슾다.요 저요는 그런 계좌 없는데요. 네아 그러시면더 정확히 봐야 합니다. 이통화논 눅취되고 있 고, 본인 동 없위 사건으로 접수됩니다 . 현재 계좌 동결 경고가 내려간 상테, 지금 확인 언음 되면 압수 절로 어가요. 아니 제거 뭘요? 본인 의 계좌를 멀해 달라는 겁니다. 아니면 어떤 운행네을 쓰는지라도요. 어어, 어, 체가 제가 말씀드리는 건, 지금 가족 분이나 친구분에게 잘대 화하지 마라는 컵니저다. 그쪽애서  입 맞추 면 피해자 입증이 어려워집니. 즤 금 바로 초용한 곳로 가 농협, 하나은행, 국민행, 기업운행 중사용 계좌를 너씩 인해 주세요. 그리코 끝 내 자리만 불러조시면요 됩아 니다. 안 하면 저희가 일괄 계촤정 지 통보 넣겟씁니다.",1,수사기관 사칭형,asr_noise,,
asr_aug_수사기관 사칭형_0111_111,"여보세요, 김민수씨 맞으십니까? 아, 네? 내 말씀하세요. 네,서울중앙방검찰청 첨단펌죄수사부입다. 저는 이현 수사관코요. 지금 본인 명의로 된 농혚 계좌 하나가 대포장으로 인돼서급 연락드렸습늬타. 잠깐만요, 지 뭐러고? 본인께서요 직접 개설한 농협요 켸촤 말고어 타인의 용한 계좌가 헌 건 더 찹혔어요.그리고 현재 그 켸네좌로 불 자금의 오간 정황이음 있어서, 좌 지급정지, 그니까 슆게 말하면 묶이는 절차가 이미저 즨네행될수 있습니 다. 네? 저는 농협 계좌 앖는데요. 아, 러세요?아 게 아, 처희거 금융기관 조회를 했을 때 의가 김민수 씨로 되어 있습니. 이거 명의 사건 일 수도 읬, 아니면 공밤으로  오헤받을 수아도 있어서 지 바로 확인해음야 됩다 지금 지큼 바로 언하시면 압수, 체포영장까 지요 검토 수 있어요.아 저는 진음짜 처 음 듣는데 네, 그래서 여쭤보는 겁뉘다. 본인주변에 계좌나 카드  관련해서 이야기한 사 있으십니꺼저 가족분이라도 절대 금 연락하지 마그세요아 제3자한테 말쑴하시면 수서에 즤장네 생니다. 이 화는 녹취됩니다. 아, 녹쥐되면어 더 좋고요. 저희도 본인 보호하려논요 거니까요 지금 허너은행, 국뮌은, 기압온행 도 함께 홬인 중인데요, 홐시 최근에 신저분증 재발급 받으신네 적 있으세요어? 없습니다. 음, 얼겠습니다. 그럼 본인이 아는 건  없아고, 누군거 명 의를 도용한 정황어으로 보네요. 그런데요, 본인 계에서 이미 입금된 금액이저 추젘네되고 있어서음 헤명 절차를 빨리 밟아야 니다요  제가 드리는 멀씀이 좀 딱하게 들리  수 윘는데, 지 계좌번호 끝 네 자확인헤 주시면 됩니다. 내 계촤번호요? 네, 지금 사용하시는켸음좌 끝 네 자 멀씀해 주세음 아 근데크걸 왜요?  명의 계좌 켤아 팡지조치입니다. 지금 말씀 안 면 희 쪽에서 전부 동결 요청 넣을 수팎에 앖아요 . 그까 계 끝저 네 자리만 말씀해 주세요. 잠만, 제가 찾아 볼요.네, 천천히 하십시오. 고뤼고 다른 전화는 받지 마세요 수사그 중이라서 절대 안 됩니다.",1,수사기관 사칭형,asr_noise,,
asr_aug_수사기관 사칭형_0112_112,"네, 경찰청 융범수사팀입니다. 김지연 씨 되시죠? 음 , 누군데요아 저는 박상혁 수사관이 . 쥐금 인 명의로 서 쪽에서 개설된 하나은행 통장이 대푸통으로 압돼저서연락드습니다. 아, 하나은행이요? 저는 하나은행쏘도 않논데요. 그라니까  점의 문윕니다 본인 의 개설퇸 계좌가 범죄요 현장에서 발켠됐고, 풀법 도박 자금그이 오간 계좌 확인됐요. 지금 이계좌는 동결 처릐 안 하면 바로 압쑤 절차로 어갑저니다.네? 제가 뭘 했저다고요? 잠깐만요, 제가 다 설명드겠습니다. 처가 지금 컴한네 의자 중요 한 이 본인 정보를 확보했아다고 진술했어요 그래서 명의도용지, 니 계좌 넘긴 지 확해야 합뉘다. 아, 그런 적 없어요. 네, 그럼 해그자어일 가능성이 습다.그란데 중요요 건, 지금 이 건은 비밀 유지 필해서 가족의나 인에게 말씀아하시면 안 됩니다.네 절대요. 제저자한테 알려지면 계좌그 추적이 꼬니다음. 네? 아네니 왜요? 본인 계좌에 대헤서 지금 금융감독원 에도 모터링 들어갔습뉘다저 이거 지금 바로, 바로 대응 안 허시 면 현금 인출도 막히고, 압류 통보두 갈 쑤 있어요. 저저는 그냥 알려드리는 겁. 그러 본인아 앞으 등록된 계좌가저 농협, 은행,  국민은행 중에 뭐가 있는지 확인해 주세요. 저 근데 전화로 구걸 말해야 하너요? 네, 말 하셔야 됩니다. 끝  자리라도요. 음... 국민은행 하나요. 네, 또요? 또 없어요 . 아, 잠깐만요요. 국믠은행만 쑤신다고 셨죠 그 이 사컨네과 겹논 통장이 있는지 확 인헤야 해서, 죄 근 이체나음  인종번호 받은 적 있는즤도 야 핲니다그. 아니 그런 거 없어요. 알겠니다. 럼 본인 계좌 포 확인 절차 진헹할요. 제가 드리는 말 따오시 됩니다. 다 사람 전화는 다 끊우시고요. 지금부터는 저만보시 면 됩니다.",1,수사기관 사칭형,asr_noise,,
asr_aug_수사기관 사칭형_0113_113,"여보세요. 서울지방철청 형사부다 지금 통화 능하십니까? 네? 네, 저는 승호 검사씰 소  수사입니다. 지음곰 본읜 명의 농협 계좌가 범죄조직의 대포통장으로 쓰여서 연락드 겁늬다. 아, 저는 모르는. 르셔도 됩니다. 폰인이 안 했더라도 개인보 유 출로요 피해를 봤을 수 있으늬까요. 그런데 현재 계좌에서 입출금 정지 조치가 걸릴 상황이라사 리 확인하셔야 합니다. 네네.그리고 말씀드리는데, 위 사건은 보안상 외부에  말하시면 안 됩니다저. 특히 가족, 친구 직장에는 절대네요 제3자 연락 차단네하셔야 허고, 지 통화도 지 마시고요. 아, 군데 왜 이게 급저해요? 음, 본 명의로요 된 계좌가 검찰 수 대상에 포함됐기 때문입니다. 그 계좌 언애 범죄수익이 였다는 가요. 쉽게 말하면,본인 계좌카 범최애 이용 됐다고요. 그데 저희거 홬인해 보니 국민은행콰 기업은아행 쪽도 연동 적이 습니. 네? 는 기업저은행은 아아예 는데요. 럼 다 의심되는 거쵸. 누어가 본인 명의를 가지고 만든 걸 수 있그습니다. 지금 바로 계좌번 확인해야 요. 어,어 잠깐만요. 끝 네 자리 말씀해 보시갰요아 384저요. 네, 38 맞으시고요. 또 하 더 있으십니까? 없어요 음, 알겠슾다. 지금더는 인 보호 조치로 계좌 동결 전에싸어실서 작성해야합다. 제가 질문리면 짧 태답하세요. 혹시 분증 사진을 타인에게 보낸 적 습니? 앖어요. 좋아요. 그럼 피해저 쪽로 보입니요 다만 금 협조  하시면 오아해가 커져서 체영장 검투도 들어갈 수 으니, 바로 따라오쎠야 합어니.",1,수사기관 사칭형,asr_noise,,
asr_aug_수사기관 사칭형_0114_114,"지금 통화 받그으셨습니까? 아, 네. 네그 금융저감독원조사팀입니다. 저는 한재욱 사관이구요그 본인 이름으로 된 켸 좌가저 검찰 사건에 연루됐 습니다.본인명의의 하나요행 계좌가저 대포통장으 홬인됐고, 그걸 통해 불법 송어곰이돌갔아요. 는 그어 계좌 없는테요. 어, 그라세그? 그런데 은행 조회 결과는 그렇 게 나웁니다. 이건 의도용이거나, 본인  정보가 유출퇬다는저 뜻다. 현채는 계좌 동과 압수 대상이라서, 본  해명이 없으면 자동네 조치됩니다. 잠깐만요음, 제가 왜 갑기 위런 전화 를 받아야 하죠? 본인이 지금 당황하시는  이해합니다 구런대지금요은 당황허실 시간이 없어요. 치금 바로 확인 안 하면 본인 켸 좌뿐 아 니라 연결된 농협 계좌까지 같이 묶일 수 있저습니다. 그리고절대 다른 사음람에케 얘귀하지 마요 가족위든아 친구든, 심지어 은행 직원한테도 썯불리 말허저 지 마십시오. 네?어 은행에도네 말하면 언 돼요? 네, 지굼은네 저희 쪽써만 처리해야 합니다. 다만  확인을 위해 좌반호 끝 네 자리와 최근 이체 내역만 말씀아해 주세요. 음.어. 제 잘 모르겠는데요어 아 , 찬천요그.인께서 사용 중인 계좌 중 국은헹있습니네까? 네, 국민은은 하너 있어요.그 알겠습그니다네 끝 네 자리 말씀 주세요 1179요. 네, 확인됐습니다아 지금 본인 명의 계좌가 범최 자금 경로 포험된 정황  잡혔고, 이체 흔적이 있어서 추가 조사가 요합니다. 저는 제가재가 드리는 내대만 하싀면 된다고 멀씀드리는 겁뉘다. 지금부터네 휴대전화 른 연럭 전 차하시고, 제 지시 없이는 송금도, 해지 신청 하지 마어세요.",1,수사기관 사칭형,asr_noise,,
asr_aug_수사기관 사칭형_0115_115,"여부세요요, 검찰청입니다. 화  가능하신가 요요 네? 내, 서울그중앙지방검찰 특수수부 권태민입니다. 지금 본인 명의의 기업운헹 계좌가 벞 도저박 주직 대포통장으루 척발됐습니다. 아, 그런 적 없어요. 네 그서 락드린어 겁니다. 본인 직접 안 하셨더두명의그가 사용됐면 책임 소재 가려 해서요. 지금 계좌는 수 및 동결 조치가 바 루 들갈 수 고, 본인깨써 협주 언 하시면 더 크게 번질  수 있습다. 음, 제가 뭘 어떻게 해야 되 는테요어? 우선 비 유입다. 다른 사람한테 절대 하지 마세요. 특히 부무늼, 배우자, 칀구한테도요. 지금은 제3자 차단위 우선입니 네, 습니다. 그고 본인 명의로 하나은행, 농협, 국민은 중 추가  계좌가 있 는지 확인해야 합니. 제가    말씀드려야 하죠 본읜 보호 차원입니다. 계가 더있으면 함께요 묶일 수 있어서요아, 잠깐먼요. 제가 읜헤볼게요. 음, 하나은음행 허나 있고 국민은행도 하나 있저습니다네 좋저습니다. 끝 네 리 말씀해 주세요. 하나은행은 021, 국민은행음은 6음5요그 네, 확인했습늬다. 지굼 발견된 계좌와 동 명의로 여러 건이 잡혀서 조사 범위가 넓어. 이거 냥 두시면 체보영장 신저청까지 갈 수 있어. 그요러니까 지금 바 로, 파로 확인서 작성하셔야 합니다. 제가 말씀드리는 로 좌 이용 뫀적부터 리해 주세요. 본인 이  쓴 건즤, 누가 빌려간 간지, 아니면 유출된 건지요. 아 저는 필려준 적도 없어요. 네, 알갰습니아다. 그럼 피해자 진술로 정리허겠습니타. 다저만 통 화 간에음 다른 번호 받쥐 마싀고음, 지금은 저랑 연결 유하세요.",1,수사기관 사칭형,asr_noise,,
asr_aug_수사기관 사칭형_0116_116,"여포새요,어 네 맞으시면 잠만통화 가능하십니까? 저는 서앙지검찰 곰융범죄수사부 김도윤검사입니다. 지금 본인 명의로 개설된 협계좌 대포통장 범죄에 연루된 정 황이 확인돼사 바로 연락렸습니타.네? 농이요? 저 눙혚 쓰긴 하는데요 아, 그러시면 본인 명의 확인 먼저 해야 됩다. 본 건에 해서, 음 , 씀드리자면 지금 좌 지급정지 절차가 바로 들어갈 수 있고, 압수 절차로 넘어가면 계좌 에 있는 자금 전 묶입니. 지 쥐금 바로 확인 안 하시면 본인도공범으로 이 올갈 수 있어요. 어니 제가  했다는 거예요? 잠깐만요, 그게 아니라즤금 검거된 대포장 12개 중에 인명의 농협 계좌가 포함됐뉘타. 그어리고 하너은네행 켸 좌도 같의 조회됐고요. 개 지점이 서울 쪽으로 찍 습뉘다.본인이 직접 개썰신 적 없우시어쵸? 네, 없는요. 없시면 더 문제 입니. 명의도용어 가썽이 있어서요 지음금 이 통화눈녹취됩어니다. 그리고 제삼자 가족분이나 지분 이랑 절대 상의하지 머세 요.요 곰 연락 돌리 층거인멸 시도 보일 수 있저습니다음 아늬 제가 왜?  지큼은 설명드릐는 겁니다. 만약 타인에 말하거나 계좌를 건드리시면 바로 압수아 동결, 출석그구서까지음 동시에 갑니다. 지금 인 주민등록번호 뒤  자리 멀씀해주어시고요. 어니 그걸 왜요? 인 확인용입니다. 제카 제가 드리저는 말씀이어, 지금 이체 확인까지 해야 헤서요계좌에 연결된 휴태천도 하나 더 있으시죠? 네 앖는데요. 그 은행 등록번호로 하겠습음니다. 잠깐만요, 제가 지금네 읽어드뤼 절차대로 따라오시면 됩니다그 지금 경찰으로도 이첩이 되어 있어 체포영장 토 입니다.그러니까 협조만 하 면 퓌해자로 정리될 수 있어. 다만 협조 안 하시면 곤란합니다. 본인네 계좌번호 끝 내 자리 말그씀해조고, 바루 자금 이동 여부 확인하저겠습니다어.",1,수사기관 사칭형,asr_noise,,
asr_aug_수사기관 사칭형_0117_117,"네, 금융감독원 특별사입니다. 통화 시저하 씁 니다네 본 성함과 생년월일확인은 뒤에 서 받고요, 먼요저 긴급 안내부더 두륍니아다.요 지금 국민은행 명의 계좌가 범수익 은닉 통로로 확읜돼서 지굽정지 정입니다. 국민은 행이요? 저는 그 적 는데요. 아, 그러니까 그게 아니라 본인명의아로 발급된 통장이 불밥 데출 조저직에 넘어간정이 잡혓습니다. 검찰청하고 공조 중이고요 지 바 조치 안 하면 본인 자음산까지 압류로 넘가 요. 아니 구럼 어떻게 헤야 되는데요그? 잠깐만, 일단 분히 들으셔 됩니. 지금 제자와 통화하시면 안 되고, 은행에 먼저 전화하지 마저세요. 그서 먼 막아버리면 좌 추적이 깁니저다요. 본음인아 쪽에 농협, 국네민, 기업은행 계좌가 조회됐는데요, 그 국민행이 핵심입니다. 본인  명의로 개설된 적 없습뉘까? 음, 키저억 잘 안 나는데요. 기억이 안 나면 더 위험합니다. 보이스피싱 조짘이 명의도용을 했을 수 있우뉘까요.  본인 계좌에 연결된입출금 도, 카드 사용 내역, 최근 이 기록을 제가 확인해야 합 니다. 아 깐만, 이커 제가 혼자 저리해야 돼요?음 네, 그렇습니다 . 가좈푼한테 알리면 안 되고요아 즤금 밀 유지 안 하면 수사 방해 로 처뤼됩니다 본 계좌번호  국민은 끝 네 자리 불러세요. 네? 그 왜 불러요?  읜하구 동결 해제 여부를 판단하려고요. 제가 씀리저논 , 지금 당장그 켸좌가 묶일 수 있으니 피해 막으려면 협주하야 됩니 다 그릐고위 화는녹음됩니다. 혹 이해안 시면 재카 다시 설명드리그죠. 본인 의 로 들아간 사고 계좌가  맞는지 아늬면 개인 정보 유출 피해자지 분리해야 합니다. 그러 니까 지 바로 씀허요네",1,수사기관 사칭형,asr_noise,,
asr_aug_수사기관 사칭형_0118_118,"저기요 경찰청 지능범죄사데 박네상현 수사관입니다. 지금 받으신 전화맞? 본인 롬 확인 전 사건부 말슴드릴케요. 울중앙지방검철청에써 넘어운 건대,  본윈 명의의 키은행저 통장이 대포통장으로음 사용됐습니다 네? 기업은저이요? 저 그런 통장 없는대요. 아, 없그다고 하셔도 조회상으로는나오 있습뉘다. 검거 현장에서 압쑤된 통아장 서류에 본읜 적서항이붙어 있었고아 지금 자금이 백여만 원 단위로 돌았습다네 혹시 신증 잃어버그리셨거나, 누가 사진 찍아건 적  으요? 아니요 그런 적 없어요. 그면 명의용 가농성이 더 큽다.  루 확읜 안 하시면 계좌 압수 조치 , 그리 고 본인 자택 쪽로 출석음요구가  수 있습니다요. 잠깐만요, 그럼  제가 뭘요 해 하죠저? 단 주변 사들한테 얘기요 마시고요. 특히 가족, 친구, 은행 직원에게도 지금은말하시면  됩니다.제삼자 개입되면 적요위 꼬입니다. 본인명의 농협 계좌도 너더 잡히는데, 그 계좌는 최근 입금이  있었다고 뜹다. 네? 제 거 기억이  잘 안 너는데요. 음 기억이 안 나시는 건 이합니다. 그런데 본 인 계좌가 범 죄수익 보관용으로 쓰였으면 형사 입건까저지 갈  있어요. 그러까 협조하쎠야 피자 처리니다. 지금 계좌번호 앞자 리 확게요. 인 핸폰으로 온 문차 있으면 읽지 마시고,그 화면만 켜두세요. 지금 검철하구  동씨에 확인 중이라서요저 제가네 제가 드리는 말씀이,저 바로 지금 자금 위동 여부를 확읜해야 합니다. 이체 흔적 면 동결 먼저 들어갑니더.",1,수사기관 사칭형,asr_noise,,
asr_aug_수사기관 사칭형_0119_119,"네,어 검청 조사관니다음 본인 깨 귄급하개 연랔드린 이유 하나저행 명의 계좌가 범죄조직 자금 세탁에 용된 게 홬인됐기 때입니다 즤금 상황이 가볍 않습니타. 분인 계아좌가 대보통장으로  분류되면  출금 장지아 압수, 그고 환조사까치음 이어질 수 있어요. 허나은행이요 저는 하나은행 안 쓰는데요.  잠깐, 기 록상오로는  인 명의가 맞요습니다. 본건은 명의 도용이나 대여 부를 가려야 해써 로 말리는 겁니. 지 곰 당장 다른 화 받지 마세요. 히 은행, 가족, 지인 누구렁도 상의하면아 안 됩니다 . 수서팀 먼저 조헤야 하거아 지금 지금 바로요 계좌 확인해보셔 됩니다.제가 여기서 질드리 면 네 아니로저만답하시면 돼요요 최근 농 계좌에서 이체퇸그 적  있으십니까? 네? 기억 안 나요. 기억이 안 면 제가 더 빠르게 차 리하겠습니다. 농혚,  하나은행 국민은행 중에 본인 명의로 된 계좌 허나라도 더 있으 면 전부 확읜 대상입니다. 지금 계좌가 묶이면 피해 봌고가 어집니다. 그러니꺼 인도 피해저자라눈 잠을 입증해야 해. 검찰은  통화 내용으로 버 판단합니다. 혹시 신분증을 누 대신 사용했을 거능성 잇습니? 음 잘 모르겠아요. 알겠습니다 럼 오 인 계좌 끝 네 리와 최근 이요체 금액을 말씀추셔야 니타. 안 그면 동결이 먼저 들어가서 출금 자제가 안 됩니다. 제삼자 연락 절대 금지윕니다. 이건수사쌍 비밀 사항입니. 이해하셨죠? 치금 바로, 바로 홬인하습니다저",1,수사기관 사칭형,asr_noise,,
asr_aug_수사기관 사칭형_0120_120,"여보세요,그 융어감독원네 사관인데. 금 통화 가능하면 바요로 말쑴드리겠습니다. 분명의 된민은헹 켸좌가 보이스피싱조의 자굼 이동 계좌로 착됐더. 지금  상황을 리 정리해야 합니다. 국민은 헹 이요? 전 그어런 퉁장 없음는데요저 아, 그러면 명의도용이네요. 지금검찰청으로 사건 넘기기 직전이고, 계촤 동결 전애  확인 절차가 필요합니다. 본인 명의의 농협 계좌요도 께  조회돼서요. 검가된 불법 현장애서 통장 사본이 다수 왔고, 그충 본 이름이 들 어가 있습니더. 어, 저 진짜 처음 듣는데 요음. 그럼 더 조심하  됩니다. 폰인 모르게 개설된 좌면 압소나 제포 데쌍 아니라 피해음자일 수 있 어서, 금 비밀 유지 요합니다. 가족분께도말허지 마세요. 왜요? 아니 그게 아니라 지금 제삼저 통해서 말이 면 공범로 오벋습늬다. 잠깐만요, 그러면 제가 은행에 가면 되나요? 아니요, 혼자 가시면 안 니다. 먼저 계좌 정보 확인부 터 해야해요.  휴데폰 문자로 증번호 우 절대 타읜에게 주지 마시고, 제가 내하는 대로 입력하셔야 합니다. 이체가 한 번라도 있었는어, 죄근 입출곰 내역이 있는지 봐야 동 해제가 됩뉘다. 지 바로 본인 계좌번호 말씀헤주실 수 있니까? 네? 그걸 어떻게 믿고 말해요? 폰 건은음 녹취되고 있, 제가 경찰청 공조 절 차까즤 연 중아니다. 지금 협조 안하시면 자산 전부 묶일 수 있씁니다.크니까 좌번호 끝 네 자리터 말아씀하세요.",1,수사기관 사칭형,asr_noise,,
asr_aug_수사기관 사칭형_0121_121,"여보세요, 김도현 씨맞으십니까? 아, 네. 서울 중앙지방검찰청 점단범죄수저사부입니다. 저는 김네태 사콴이아고요, 지금 인 명의로 개설된 농협 계좌 대포동장으로 홬인서 바 로 연락드렸니다. 잠깐만요, 제그 말씀리면, 이 건은 쑨 확인이 아니라 이믜 압수소색 자료에 포함된 사안입니다. 네? 눙협 이요? 저는 농혚 안 쓰는데요. , 그게  라, 그러까 본인서 쓰그셨는지 여를 지큼 는 게 아니러 본인 민등록번호로요 게설된 계요좌가 범죄 현장에서 발견퇬타는 거예요 . 지금그 계좌에  불법 자금이 들어 있어써 계좌 지급정지, 쉽 말하면 묶이는 겁니다. 아, 그리네고 좌만 있는어 게네 아라  명의가 출돼서 다른 행도네 연관됐 는지 확인해야 해 궄민은행어 하나은, 기업은행 쫔도 확인됩니다. 저 지금 차음듣는데? 네, 지금 처음음 들으신다고 하셔도 상관없습니다. 본 건에 대해서 음, 씀드리자 이미 금융감둑원 쪽 협조꺼지 들어가서 동결 절그차가 진행 중위에요. 제가 제가 드뤼는 멀쏨이 긜지 않습니타.아 지금 제3자,  그니까 가족분 이 나 지인분 한테는 말씀하시면 안 툅니다. 들 섞의증거가그 깨쳐 이 통화논  녹취됩니어. 어시겠죠? 네네 지금 바로음,바로 인 의음로 된 다른 계촤가  있면 멀슴해 주요. 없눈데요.  으시면없다 하시고네 시 통장나 커드 사진을 문로 으신 적 있으면 것  말씀해 조쎠야 합음니다. 네, 없 어요. 잠저깐만요, 아까 말씀하신 농협 외에 하나그은행나 국민은행 거래 내 없으시 죠? 없어요. 그럼 제가 확인할 하나만저  여쭙겠습저늬다. 최에 누가 신분증 사진이나 공인인증 정보, 그 러니까 켸좌 접근 정 보를 물어본 적 있습니까? 음, 기억온  나는데. 억위 안  나시 쥐금 부터라도 주변에 확인하시면 안 됩니. 그냥 끊 기다셔야 해요. 제 지시에 따르지않으면 체포영 발부 검토 둘어갑니다 바로 연락 주십시.",1,수사기관 사칭형,asr_noise,,
asr_aug_수사기관 사칭형_0122_122,"네, 경찰 사이버수사음과니다. 저 박서준 경위코요. 통화 가능하십뉘까? 지금본인 명의로 된 기업은행 계좌가 범죄초직에서 사용된 정황이 잡혀 락드렷네습뉘다.  뭐요? 기업은행이요? 저는 구란 거 없는데. 아 없다고하셔도 그러 니까 그건 본인이 모르고 개설됐을 수도 있어저요. 최에  명의도용 피해거 먾아서요.자 검거 당서저 대포통장 다섰 개를 확부했는데고중네  분인의름음의 확인퇬습늬다. 지 이 계좌는 압 상고, 본인 계좌까지전부 동결될 수  습니다. 동결요? 네 촤카 인다고 이해하시면 됩니. 그리고 이 건은 외부에 알리시면저 안 됩니다. 가족네, 친, 은아행 원한테도자세 말하지 마세요. 체자 연네락 차단하셔야해요 왜요? 아 잠깐만요, 그게 아니고요. 지금 말씀하 면 수음사망이새요 저희 가 본인 진솔을 받아야 피헤자냐 공범이냐 구분됩. 제가 지금 처그음 듣다고요.요 네, 그러시면 처 듣는더고만 하새요음 다만 최군에 농혚이요 허은행에서 입출금 계좌를 루 만드신 젘있는지 확읜이 필저요다. 없어요. 잠깐 만요, 없으시면 그럼 신분증 본실한 적 없으십뉘까 아, 내. 분실도 없고요. 그러면 누군가 본인 이름으로 만든 게 맞을 가능저성이 높아요. 이어 금융감독원에도 미 공문 들어고, 계 확인 언 되면 바로 압류 넘어갑니다. 지큼 재가 안내하는 절아차 외에 더른 데 전하쥐 시고 제 번호만 장하세요. 지금 바로, 바아로 확인해 합니다. 네, 메모 가능하십니까? 번후불러드리습타네. 네.",1,수사기관 사칭형,asr_noise,,
asr_aug_수사기관 사칭형_0123_123,"네, 여보쎄요 금융감저독원 별조사팀입니다그 옴, 인 성함이 이지훈 씨 으싑니까? 네, 맞는데요. 아, 고러면 본인 명의의 하저나은행 계좌 관련써 긴급 통보 드립니다. 지금  확인된 바로는 그 계좌가 데포통요 장로 이용됐네고, 범자금 오가면서 압수  지긒정지 대상이 됐솝다. 가요 는 하나온행 언 써요. 어, 그 게 아니라, 그러니까 계좌가 인 이룸으로만 개설토 본이 모를 수 있어요. 명의도용 수 있습니다. 현 서중앙지방검청하고 위 보고 있는 사건이고요. 지요곰 이 통 화는 녹취되코 있습니타 네? 아,어 네. 그리고 이 내용은 절대 밖에 말하시면 안 됩니다네 가족이든 동료든, 누구한테도요. 왜냐하면 제3자 개윕면계좌그 추적이 꾸이, 본인도 체포 대상에 올라갈 수 있습니다. 내… 아니 근데어 . 잠깐만요, 본인께서 최에 국민은행이나 농협 쪽으로 이체한 역 윘으십니까 없는데요 없으싀 더 위험할  있습니다 왜하면 범죄 조즥이 본인 정보만 떠어사 다 른 켸좌어까지 묶었을 가능성이 있거든. 아, 그리 본윈 신저분증 진을 문로 보낸 적 있거나 계좌펀후를 알려준 적 있으세요? 음, 긔그억이 잘 … 기악 안 나시면 치금부저터는 절대 아무한테도 연락하시면  안 됩어니다아 저가 지금 동결 해제 여부를 판단해 해서요.금 로 확 안 되면 압수 절차 로 넘어갑니요 다.저 이해하셨죠? 네. 그럼 제가 멀씀드네리는 대루 계좌 끝 확인해 세요.",1,수사기관 사칭형,asr_noise,,
asr_aug_수사기관 사칭형_0124_124,"잠씨  통화 괜찮으십니까? 서중앙지방검찰청 형사부입니다.그 저는 오민 석 사 소속 이준네호 수사관인데요 본인 명음의로 된 국민은행 통장이 대포통장 싸건애서 발견됐습다. 네 ?국민운행이요?저는 국민은행토 안 쓰는요. 아, 네 그러면 오히려 더 문제입니다음. 본인도 모르는 사이 의도용이 있엇을수 있어요. 금어 거된네 피의자 휴 대그전화서네 본인 이름이 적힌 계좌 목록이 나왔구요 미 켸좌 동결요저청이 들어간 상태입니타. 동결이요? 네, 쉽게 말해서 지금 돈이 오가면 버로 묶입니더.구리고 수수색 중서, 음, 말씀드리자면 지 협조 안 하시면 본인도 연루자로올라갑니다. 저는 짜 모릅니음다 잠깐만요, 모른다고 해서 끝나 게 아니코요. 본인 명의로 농협, 하나은행, 긔업은행 중 추거 계 있는 지 치금 확인 해야 합니다. 없어요. 주변에 얘기요하지 마십시오 특히 가족음분한테도요. 지금 제자와 연락하면수사 방향 바아뀌, 인 보호 조치가 어집니다요 아, 러니까 쥐금부터는 저랑만 동화네하셔야 됩니다.네  그리고 건 비밀 유지 서약 같운 겁늬다. 외부에 리면 체포영, 수영장 모두동시에그 갈  있어요저 저희가 보기에논 본인 신본증 출 의심됩니. 최근 문자로 계좌 확인하러는 연락 받 적 있나요? 아니요. 그람 더욱 위험아한 거예요요 지금 바, 바로 촤호 확저인해서 불법 사용 여부롤 대조해야 합니다 메모 준비되셨습니까? 네.",1,수사기관 사칭형,asr_noise,,
asr_aug_수사기관 사칭형_0125_125,"여보세요, 경찰청입니 저 지능범죄수싸대 정하늘 경사인데요, 본인 앞로 건 하나가 접수퇘서 바로 연락드습니다.어 지금 본 명의로 된 하나은행 계가 보이스피 조직 큼세탁에 쓰인 걸로 확인됐습니다. 어,  는 그런 적 없어요. 네 ,  말씀온 일던 받아  적겠솝니다 그런데 본인이 모르눈 사이 개썰된대포장이면저 의건 명의도용 사건이 고, 반대로 누곤가게그 빌려 거면 공범이 됩니타. 지금은 그 경켸를 확인해야 해요. 아, 그리고 농협계좌도 이 묶여 있습늬다.  뭐요? 협이요? 네, 농협, 국은행, 기업은헹 쪽까지 연동 확되고있어요. 금 안 잡네으 더 동결니다요 잠깐요, 아니저는진짜 몰라요요  그레서 전화드린 겁니다저 본인 명의 계좌롤 지금 확아인야 하고, 제3자한테 절대 말하시면 안 됩니다. 왜냐어하면 가족이나지인이 대신 움 직이면 증가인멸루저 보일 수 있어요. 아 그게 아니라그요. 말씀 끊지 마시고요 폰인휴대 폰애 은행  깔려 있습니? 네? 아, 제가 제가 다시그 말하겠습다. 은행 앱 루그인 정보가 됐는지어 봐야아 해서요. 혹시 최근에 신 분증 사진을 누군에게 부요내신 작 있솝뉘까그?아 앖 어요그 그럼누가 본인 정보 써서계좌를 개설 게 맞습니다. 이 싸건은 검찰 창으루  첩될 수 있어고, 지금 단계에 서 협조 안 하시면 압수 절차 넘아갑니다. 지금 바루 확인해야 하니 메모하시고 계좌 끝자리 불러주세요.",1,수사기관 사칭형,asr_noise,,
asr_aug_수사기관 사칭형_0126_126,"여보세요, 멀씀 좀 가능하십니까.서울중앙지방찰청 형사보니다,음 음, 본인 명의 된 농협  계가 지굼포통창우로 확인돼서 바로 연락드습니다. 잠만, 메모되 십니까? 지곰 사건이네 가볍 지 않슾늬다아 . 본인 인 안 되시면 계좌네 압수 절차 바로 들어가, 출큼 동요결도 같의 진행됩니다. 아니, 저는 그런 적이 없는데요. 아 잠깐만요, 그게 아니구요. 처희가 검거한 범죄조직 현장에서 본인 이름오로아 개설된 눙협 통장, 그리고 국민은행 출금계촤가 갇이 나왔습니다. 본인의 직접 만든  아니면 명의도용 피자일 수  있는데, 지 바로 조 안 하면 공으로 우해받울그 소  있어요.아 네? 제가아요? 네요, 맞습음니다. 그그리고네 이 건은 뷔밀 유지가 기본입니더. 가족, 장, 친구헌 지금  잘 말씀하시면 안 됩니다. 제삼자랑 연락하면 안 되고, 통화도 끊지 마세요. 본 건에 해서 제가 설명드리는데, 음, 쉽게 말하면 계 지급청니다. 묶이는 겁니다. 본인 계좌가 범죄자 자금 세탁에 쓰였고그 지금 그 돈이 이동 중이요라서 즉시 확음인해야 합니다. 본인 명의로어 된 농협, 국민은네 말고 또 사용하시는 계촤 있습니까? 앖어요. 나행은요? 아요그 그럼 좋습니다. 지금 분인 계좌번호 끝 네 자리 불러주시고, 근 입출큼 내역확어인할 수 있게 협조해조세네잠깐만요, 이 통화는 녹취됩니다음. 네, 제가 지금 녹취하고있습니다. 금 바로,  홬 안 하요시면 압수수색 영 창구지 검토됩. 그러면 저희가 계좌 정지하고, 본인 출요국금 지 여부까지 같이 봐야아 핲다. 모슨 씀인지... 본 명의도용이면 오히 지어금 솔직휘 씀하셔야 돼요. 숨기시면  불리합 니다. 계 좌 정보 홬인 이가 필요한 부분 있으면 안내드리겠습니다,어 검찰 절차성. 다른아 전화 받쥐 머시고, 금 이 번호로먼 받요으세요.",1,수사기관 사칭형,asr_noise,,
asr_aug_수사기관 사칭형_0127_127,"네, 찰청 입니네. 잠깐 통화 가능하십뉘꺼,지금. 음,  본인 성함 확인퇴셨고, 본인 명의로 긔업은헹 계좌가 범죄에 이용된 황이 홬인돼서 연드렸습다. 지금 서울 써초 쪽에서 대포퉁장 일덩 검거가 있었대, 현음장에 서 신분증 사폰하구 하나은행, 기업은행 통장 캍이 압수퇬습니다. 혹시  인께서 아시 내용 윘으십니꺼 ? 아니요 처음 듣는테요요 아, 그러세. 그러면 터 싐각합니다. 명의용 피해자일 수도 있지만, 현재 상태 계좌가 불자금어 수에 사용 돼서 동결 대음상입니다어 제 가제가 드릐는 말씀이 주려는 게 아늬 라 사 실관계확인잎니다. 지금 바로가촉이랑 통하 지 시, 금융캄독이 은행에 직접 문아의도 하시면 안 됩니다. 왜네요그쪽으로 보가 새면  인 려가 있어서요아. 본인께서 타인에게 말하는 순간 공범들과 접촉한 로 오받을 수 있습니. 네? 저눈 런 사럼 모릅니다. 네,알고 잇습니타 . 그래서 더 리 확인해야 합니다. 시 본인 명의의 계좌가 농협, 하나은행, 국민 은 충애 어떤 게 있습니까요 , 농협이랑 국민만요. 좋숩니다. 그럼 농협 계좌번호뒤 네어 자 불러주시고, 최군애 누아거 돈을 넣었네다 뺐다 한 적 있는지 말해 주 세요.요아 잠껀만요, 제가 말씀드는 건 계좌 지급정치 전에 본인어 피해를 막는 절차네입니타 . 지금 안 하시면 출금 차단되고, 이후 해하려면 검찰 출석꺼 가야 합니 다. 본인 직접 개설 안 하셨으면 명의도용 접수 돌려드릴 수 있는데, 그라면 지금 계좌 정보 확인이 필요합니다어 타른 사람한 전화허지 마싀고 저만 보세요 지. 네어, 잘 틀으요.",1,수사기관 사칭형,asr_noise,,
asr_aug_수사기관 사칭형_0128_128,"여보세? 네,금융감원 조사팀입니그다. 본 계좌 관련서 긴요급 홬인 사항이 잇어 연락드렸어요. 본인 의 된 국민은행 계좌 태포통장으로 발켠됐, 지금 압수된음 성입니다. 음, 압수라기포다, 그러니까 지음급 및 거래 제한이 들어간 상라고 시면 됩니다.저 제가 먼저 말씀드리면음 본읜께서 모르는 이저에 명의가 쓰였을가농성이 큽니다. 저는 그런 적 없는대요. , 그라니까 그 부분 때문에 연락드린 겁니타. 검찰청에서 미 사건 넘겨받았고, 분인 계좌가 범죄자들한 현금 화 통로로 사됐습니다.네 치금 바로 처리 안 하시면 계좌전 동결될 수 있어요.아, 동켤이요? 네. 그릐고음 위 건은 절음 보에알리즤 마세요. 가족이든 지윈이든요, 심지 어 은행 장쿠에도 지금 상세 내용 말하지 마십시. 왜요어 제삼자가 끼면 확인 절차카 타시 지되어고, 계좌가  강하게 몪입니다. 본인어 명의 된 계좌거 국민은행말 더 있으십니까? 하너은행이요. 네, 하저 나은헹도요? 좋습니다. 그두 계좌  모두  확인헤야 합니다. 최근에 이체가 있었는지, 타인게 계좌번 호 얼준 적 있는지, 체크카드 분한 적 잇는즤 바로 말씀해 세요네. 잠만요, 혹시 주민등록번호 뒤 여 자리 확인 가아능하니까? 네? 왜요 본음 인 확인 먼입뉘다. 이 통화는 녹됩니다. 그러늬까 지금 거 없이 말씀하셔 나중에네 픠해자 인정이 됩니다네만약 홬인 안 되면 검찰  출석아 통보가 나고, 켸좌 압도 병행됩니다. 지금바 계네촤번호 꿑자리 최근거래 내역만 말씀 해 주세요.",1,수사기관 사칭형,asr_noise,,
asr_aug_수사기관 사칭형_0129_129,"네어 사울지방검아찰청 수음사관윕니다. 통화 목적은 하나입니다. 본인 명의도용된 계좌요 벌켠돼서 확인두리눈 겁니다. 조 급니다.요 저희카 지검찰청 합 동으로사 중읜 부이소피싱 조직올 컴했는데, 그 현장에서 농 통장하고 기은행 카트카나왔고요, 중 한 개가 본인 의로 확인됐습니더. 아, 는 몰라요음 그러니까요, 그게 지금 핵심 입음니 본인이 몰랐는지 아니면 누그가 명의를 썼눈지 확인해야 합니다. 지금네 본인 명의 농혚 계좌는 사실상 업수 대이고, 거래 정지 성대로 넘겨 수 있습니다.어 네? 럼요 제가 뭐 헤 야 돼요? 깐만음요, 단 다 분께 잘데 말씀하 마싀고요. 아내분네요 자녀분, 회사 동료분 누구한테도요. 의 사은 보안 유지가 최우선입니다그 요?지금 공그펌 연락 가능성 때문에 외부  접촉을 막아야 합니다.본인이 피해 자면조를 빨리 하셔야허고, 니그면 바루 소환 대 상이 됩니다. 저는 진짜 처음 듣는데, 옴... 네, 그럴 수 있습니다. 그래서아 제 살명드리는 거네예요. 본인 계좌가 범죄 수익 이에 쓰 였는지음 확인하려면 죄근 거래 , 이체아 자동이, 현금인출  역을 봐야 합니다. 국뮌은헹도 있으시죠? 네. 그럼 민은행 끝 네그 자, 농 끝 네 자네리 ,네 그리고 최근 한 달 동안 큰 금액 읩출금 윘었는지 바 말씀허세어요네 계아좌 동결 전 본인 피해를 막어야 합다. 늦으면 압수 절차만 넘습니다. 지금 바로요.",1,수사기관 사칭형,asr_noise,,
asr_aug_수사기관 사칭형_0130_130,"잠시만요 받으셨습니까? 검철청입니다음네 윈 엎으로 대통장요 관련네 사건이 접수돼어서 바로 연락드렸습니다. 저희가 경찰청과 같 조사허는 중인데, 본인음 이름으로 된하나은행 계좌가네 불법 도박 자금 통로로 사용된저  황이 있습니다요.음 분인요 의사와 상관없이 사용됐 소도 있고, 아니면 개인정가 유출됐 수도 니다. 네? 아니, 그게 슨그.. 아 놀라실 소 있습니다. 그란대 지금 은 랄 시간이  아니고 조헤야 합니다. 계네좌음가 묶이면 출금이 막히고 해제하려면 검 확인이 필요합니그다. 지금 제가 안 내리는 대로 하셔야 해요. 우선 다른 전화 지 마시코, 지윈 한테도 연 락하지 마요. 비밀 유지가 안 면 수서가 탄됩니다.  자 비밀 이냐고요 그러니까 공범들이 정요리할 시간을 주면 언 돼서 그렇습니다. 본인 명의 계좌 하나은헹만 있는치, 국믠은행이나 기업은행도 있는지 말씀해 주세요요. 그릐구 혹시 카드 비밀번호룰 누군가에케  알려준 적 있그습니까? 없습니다 네아, 좋습니다저. 그 명의도용 피해 신고로 돌릴 수 있는지음 버로 반단하습니다. 그런데 이어건 시간이 습니다 쥐금 바로 계좌번 확인해야 허코, 필하면 안전계어좌로 일부 이체해서 자금 본를 해 합니다.  아저 깐만요, 안전계좌라니요?아 ,  본인 피해 막는 절차읩다. 이체 안네 하면음 본인음 계좌 전부 결 될 수 있아어요. 저는 곰융범죄수사 당입니다. 지금 말씀리는 태로 따라주셔야 합니.",1,수사기관 사칭형,asr_noise,,
asr_aug_수사기관 사칭형_0131_131,"여보세요아 김도현 씨 맞으십니까? 저는 서울저중앙지벙검찰청 형사부 쪽애서 연락고요, 담당 검찰수사관 승재입니다. 지금 폰인 명 의 된 농협 좌가 범죄 자금 턱에 이용된정황이 읜돼서 바로 확차 전드렸습니다. 아,잠깐만요. 즤금 통화 가능하신 거 맞죠? 네? 아니라요? 아니, 그게 아니라그  그러니까 저희 컴거한 사건 현에서포통장 러 개가 압수됐는데 그중에 김도현 씨 명의 계좌카 포함 있 었습니. 농협이요 협. 본인께서 직접 개설하신 계좌가 맞는지, 아니면 게인정보 도용아이 었눈지 지금 즉시 확인야 됩니타. 이건 단순 문의가 아니고요, 계좌  지급정지, 그요러니까 쉽케 말하면어 즤금 바로 몪일수 있는 사안입니타. 네, 네, 놀실 수 있는데요, 미 1차로 동결 검토 들가 있습니다. 지금 다 른 가족이나 지인분께 말씀하시면 안 됩니아다. 제3 개입퇴면 건이 꼬여요. 절데 전화 돌어리시거나 인터넷 검색해서노구랑 상의하지 마세요요. 본인좌번호 끝 네 자리만 확인해 주시면 고요, 제가 먼저 씀드뤼지만 이통화는 녹취됩다. 혹시 국민은행이 하나은행 사용하십니꺼? 지금 제 왜 묻냐면요 동명이인 명의로 추계좌가 확인되면 압쑤 절차까지 걸 소 있어서입 니 다. 어, 잠깐만요. 제 제가 드리눈 말씀 이해 가 안 되신 건 알는데 지 바로 말씀 안 하시 체포 관련 서류까 진헹될 수아있습니더. 네, 네. 성함 다요시 한번만요. 김도 씨요 멎죠? 주호 일부 확인해 사 계좌장보 대조하겠습니다.",1,수사기관 사칭형,asr_noise,,
asr_aug_수사기관 사칭형_0132_132,"네,어 경찰창 금융범죄수사대입 니다. 김서연  화 맞으시죠? 는 조사 담당 박진우 경감이고요. 지금긴급히 씀드릴 내용 있습니더. 인 명의의 하나은헹 통장 대포통장오로 확인됐습니다. 네어 그런 적  없다코요?그 음, 알갰습니다. 그런데어 지금은 부인실 단계카 아니고요, 검된 피의자그 진술과 압아수한 서류에서그 본 이름이 그대로 나왔습니타. 아 아니, 고러니아까 가 말씀드리는 건, 켸좌가 범죄 조직에 넘어간 정황이 인됐다는 겁니다.나은 계좌와 국뮌온 체크카드아까지저 같이 연결돼 있었고요. 현채 지급정지 치가 들어가기 직전입다. 약 지금요 조 안 하시면계좌 압수, 그리고 줄석 요구서가 바로 발저송됩니더. 저희는 이미 금융감원과 공조 중입다. 전화 받으싄 김에 다 분한테는 절대 말씀하마세요. 가족분이든 남아편분의든 친구이든그 연랔하시 언 됩니다. 비밀 유 안 되면 피헤자 보호가 불거능합니다. 네, 네. 지 통장 양도나 대여하신적 없으시타고요아 그럼 더더욱 도용 피해저로 봐야 합니다. 그러면그 제가 묻습니다. 최근에그 휴전화 윈증번호를 군가에게 알려준 적 있습니꺼 움 , 없더그고요? 럼 좌 조회부타 헤보네야 돼요. 지큼 바로, 바로 확읜 안 하시면 금거래 전면 정아지됩니. 지금제가 안네하 루 농협 좌 있저으면 끝자리 불러주시고, 허나은행은  개 쓰시는지 말저해 주세요.",1,수사기관 사칭형,asr_noise,,
asr_aug_수사기관 사칭형_0133_133,"여보세요, 금융감독원 별민원조사팀입니 다아 저눈 최민아석 조사관이고요, 본인 명요의로 된 기업은행아 켸좌가 불법도팍 자 입금계좌로 사용된 게 확인됐습니다. 지금 굉장히 큽합뉘음타.네? 기업아은행이 없는데요? 음음 그러면  문제니다. 도 용 가성이 높습더. 저희 지금 확인헌 자에는 본인 주민번호로 개설된 계좌 두 건 있고음, 구 하나는저이믜 압수 대상입. 잠음깐만요, 지금 끊시면안 됩니. 제가 설명을 다 드려야 퇘요. 이게 단한 오류가 아니라 범죄 연루 여부를 가리는 절차라서요 계좌 동결되면 본인도  촐요해야 허고, 자칫하면 공범으로 해받올 수 있습니다. 그저러늬까 지요금은 다른 데 연락하지 시고, 족분께도 알 리쥐 세 제3자에 게 말하는 순간 돈 흐름 초적이 중단됩니다.아,  제가제 다시 말씀두리면, 치  필요한 건 본인 명의계 인입니다. 기업은 행, 민은행, 눙협 중에 뭐 시는지 바루 씀해 주셔야 다. 아니면 저가 임의로 즤급정지아 처리하고 압수절로 넘깁니다 . 내, 네. 메모하실 수 쵸? 사건번호먼저어 불라드릴게요.  잠깐, 본인 이 름과 생년월도 같어  대조해야 합니.",1,수사기관 사칭형,asr_noise,,
asr_aug_수사기관 사칭형_0134_134,"통화 받으셨습니까? 서울지방검철청 수사관입니다. 담당 검사 지시로 바로연락드렸고요, 이정민 씨 명의 대보통창 사건입니다. 지금 본 명의의 국은행 통이 압수 목록에 올라와 있습니더. 예? 처음 듣는다고요 ? 아, 크럴 수 있습니다. 폰인도 모르는 싸이에 개인정보가 넘어간 걸 수도 있으니까요. 그런 데 현재 그  계촤로 죄 수이 들어가서 이미 동결 절차저가 진행 입니. 금 파 확인 안 하시면, 인 앞으루 큼융거래 제 퉁지가 나카고출석 요구도 같이 갑니다저 움,멀씀드리자면 이건 상덩히 급한 건니다음. 제가 지아금 말씀리는  동안도 촤상태가 바 수 있어요. 가족이나 회사 쪽에 먼저 얘귀하지 마시고요. 절요요. 제3자 연락은 단하셔야 니다. 왜냐하면 돈저이 빠져나아 간 흔작이 있으면  추가 피해로  이어지거든요음 네? 계좌번호를 왜 알려리냐고요? 어니, 그까 확인용입니. 본인 명의가 맞는지 대조해야 하니까요. 국네민은행 말고 협너하은행도 쓰십니까? 지금 지금 버로 말씀해 주셔야 동켤 밤위에요서 제외할 있니다.그아, 잠깐만요. 제가 혼되는 부을 청리해드리겠습니네다 . 본인께서직접 개썰한 계좌가 아니라면 명의도용아 피해로 보고 처아리헤드릴  있니다. 그런데 협조가  늦어지면 상황 달라집니 다.",1,수사기관 사칭형,asr_noise,,
asr_aug_수사기관 사칭형_0135_135,"네, 안녕하요. 검찰청 사협조팀입니다. 저는 김태윤 수사관이고요, 지금 본네인 명의로 캐설된 농협 계좌가 사기단 자금 계좌루 확인습니다 . 통화 가저능하시면 가 바로 설명드릴게요. 아, 지금 놀셨죠? 저희가 마 전 에보이스피슁 조직을 검거했는데 현장에서 대포통장, 신증 사, 통호메모거 대량요로나왔습늬다. 그중 하나가 본인명의였습어니다. 농협이요. 혹시음 인이 개설한 적 없으시면 누군가 명의를 쓴 겁니다. 크러면 지금부는 더 조심하셔야 헙니다 다른 사람한테 절대 하그지 마세요. 머니든 버지네든 동료든 노구네든요. 비뮐 유지가 안 되 면 계좌 추이  새아 나저가서 피해커요집니다. 계좌는 이 지급정지음 검그토음 상대고, 잘못네면 압수꺼지 갈 수 있그어요. , 네저, 제가 겁주려는 게 아니 사실관계 확인입니다아. 지금 본인 명의로 된 농협 계 끝자 불러주시고, 나은이나 기업음은행 사용하시논지 말씀해 세요그. 아니, 잠깐만요. 그게 아니라 제가 말씀드릐는 건요 치금 확네인 안어 하면 본인도 사건 관련차로 묶일 수 있다는 겁다. 본인 반박은 이그해하지만아 지금은 먼저 계 좌 상태부터 확인해  합니 제 매모할 테니 천천휘 말씀하새요.",1,수사기관 사칭형,asr_noise,,
asr_aug_수사기관 사칭형_0136_136,"여보세,음 울중앙지방컴 찰청 첨단범죄수네사부입 니 타네 김도현 씨 되시죠? 네 지금 통화가농허쉽니까. 아, 잠깐만요, 제가어 말씀 드리는 건 간단합늬다. 본 건에 대해서, 음, 명의도 관련 사건로 연락드렸고. 금 김도현 씨 명의로 농협 계좌와 국은음행 켸좌가 대포통장로 발됐습니다. 대포 통장의러고요? 네, 그렇습니타. 저희가 서울 시내서 검거한 조직에서 압소한 자료 확인했데, 본 인 명의 개설된 통장이 죄수익 온닉에 사용됐어네요.이거저 지, 지금 바로 확인 안 허시면 켸좌 지급정지, 그러니까 쉽게 말하면 묶입니다. 아니 저 그런 이 없는데요. 아 그러세요? 러 더터 확인하쎠야 됩니다. 지금 명의가 도용된 건지, 아니면 제3자에게 넘어간 건지,  분을 본인이 직잡 진술하셔야 요. 그리고 이 사건은 외부애 기하시면 안 됩네니. 가족이든 지인이든 노든, 지  연락 돌리시면 증요거가 훼손 수 잇어요 녹취 되고 있요, 저희 절차상 이 통화는 녹취됩니다. 네, 녹취됩니그다. 지금 본인 좌번호 엎자리 확인음하실 수 있슾니까? 계좌번호를 왜요? 아뉘, 그게 니라 본인 보호를 위해서입니다.아 농협허고네 국네행 외에 하나온헹 계좌도 있으음신가요? 없어요. 그러저면 없습 니다고그 딱 말씀하시면 됩뉘다. 근데 만약 숨기시면, 음, 자칫하면 공으로 어갈 수 있어요. 지금 바로, 바로 대응해야 합 니다. 안내드리 대로아 계 청보 인 절차 틀어가겠습늬다저. 잠깐만요, 가 메모할게요. , 말씀하세요. 본인 성함아 주뮌번호 앞자리, 크리고 사용 중인 계좌 마지막 네 리, 로 불라주세요. 아, 잠쉬만. 3자 통화는 끊어두씨고요. 지금 이 전 외에 타른 전화받으시면 안 됩니다. 이건 정말그 중요합니 다.",1,수사기관 사칭형,asr_noise,,
asr_aug_수사기관 사칭형_0137_137,"요 경찰청 지능범죄수사켸잎니다. 김서윤 쒸인? 요 맞습니까? 본인 명네의 된 촤가 불법 금 세탁에 이용돼서 연렸습니다. 지 어요주 곱합니다. 지난주에희저가 지에서 초직 하나를검거눈데,그 현정에서하나은행과 키업아은행 장이 압수어 됏고, 그 중 한 개가 김서윤 씨 명의로 확인됐어요. 어니요저, 는 기업은행만 쓰는데요. 아, 그러니까 지금 그말쑴 중요합니타. 하나은행 계좌를 안 쓰신다면 그 좌는 도그용된 겁니다. 현재 크 계좌는 결상태고요, 본인도수사 협조 안음 시면압수 절차로 넘어갑니다그 압수요? 네요, 계좌 압소, 그러니까 출금도 입금도 안 됩니. 그리고 이 사건은 비공개입니저다. 누구음테도 말씀허네시면 안 돼요. 남변분어 가족분친구분들헌테 도 안요 됩니다 지금 일 먼저 헤야 할 일은   용 내역 확인이에요. 제 가요 제 가 드리는 멀씀이 조 금 렾 들리실 있는데, 본인 계좌가 범 죄 연루 여부가 있는지 확인해야 합니그다. 본인 앞에서 확인헤 보시죠 . 내? 계번호 말씀드리면 나요? 예,농협, 업은행, 국민은행 충에 분인 명의로 된 계좌 전부 말씀해 주세요저 제거 지금 기록할게요.  잠깐만요, 다른 과통화 중이시면 끊어주세요. 본 건은 재자 개입이 있으면 안 됩니다. 지금 바로요. 네, 메모해 주 쎄요요. 사건아호는 202-지검-11 87입늬다 . 기셨죠?요 그리고 이 통화 내용은 푸기록으로 남습니다. 그러니 허튼리 하시 면 안 되고, 있는 그대 말네 하셔야 요.",1,수사기관 사칭형,asr_noise,,
asr_aug_수사기관 사칭형_0138_138,"어, 금융감독원 조과입니다 박네민 씨 함 맞습뉘까? 네? 저희가 조금 전에 확인했데, 박 뮌재 씨 명의 개설 농협요 계좌네가 대통장으로 이용됏습니다. , 지금 상황이 좋지 얺습니다. 건  단 순안내가 아니고요, 명의도용 사컨이라서 바로 조허셔야 됩니다. 아니 저는 농 거래 안 한 지 오래됐는데요. 그럼 터 문제입다그.그 러니까 누쿤카 분인 신분증 정음보로 계좌를 들 었거나, 이뮈 켸좌가 죄에 남어갔다는 뜻의에요저 지금 이 계좌는 지급정지 들그어가 있고요, 추가루 확인 언 되면 전 계 동결 요청이 들어갈 쑤있습니다. 동결이요 네,  그대로 묶이는 겁다.리고 본인  주변 사람들한테 절대 얘키지 마세요아지금 얘기 돌리시면  됩니다. 수사 충인 내용이 새면 바루 추적이 어워져요. 아, 그리고 이 통화는녹음됩니다 . 네네, 녹음됩니.메모하 실   있니까? 네. 분인 앞으로 국민은행네, 하나은행음 기은행 계좌가 있는지 하너씩 확인하겠습니다. 잠깐어만, 천전히 말씀해 조세요. 아니, 천천히가 아라 지금 바로 확해야 헙니다그 지금 제가 질어문드리면 예, 아 니오만 답시면 돼요어 본그인 명의 계좌 마지 네 자리, 끝자리만 불러주세요. 아니면 처희가 임의로 동 절차를 진행 할 수팎에 없습니다. 그리코 오늘 안으루 해네명 진술위  안 들어어오면 출석 구서 발부 검토그됩니다 체보 기지 하냐고요? 네 오해 없시게 슴음드면, 사건이 커지기  정리하아자저는 겁니다그",1,수사기관 사칭형,asr_noise,,
asr_aug_수사기관 사칭형_0139_139,"여보세요 서울지방검찰 수사관입뉘다. 지금 김후 씨 본인 맞으신가요? 아 잘 틀리십니까? 폰인 명의 통장 관련해서 바로 연락저드그렸습니다. 지요금저희가 검거한 피의자  화에서 김태호 씨 이 확인됐고, 동시에 국민은행 계좌와 하아나은행 계좌가 대포통장로 적발됐습니다아 대포통장이요? 내. 인 명의로 된 게 맞는지, 아니 면 개인정보가 빠져나건 건지 확해야 합니. 제가 말씀드리는데,  본 건운 음, 상당히 긴박합니그다저 지금 통장  사용 정지 안 걸면 자금 더 옴직일 쑤 있어요 아뉘 저는 그 통장 만둔 적 없어요. 아, 그러세요? 그 더 리 진술하 셔야죠. 지금 제3자와 화네하시 면 언 되고, 다른 사람 한테두 말시면 안 됩니다. 가족분들한테도 비밀로 하 셔 야 헙니다. 수사선상에 올라가면 오히려 더 불리해질 수 있어요. 그리저구 좌 보 확인 위해 본 명의 은행들 불러주셔야 합다음 농협, 궄민운행, 업은행, 하은 충에아 어아떤 계좌를 쓰십니까?  네? 잠껀 만요, 제거그 정리할게요. 아니, 정리하시는동안에도 시간은 겁니다. 본인 좌가 압수될 수 있다는 말입니다. 압수되면 현 인도 못 하코 해제하려면 사 협조 필수예요. 금 사건번 아적으요음. 점깐먼요, 말씀세요. 사울중지방감찰그청 24수서-9032입니더 이 통화는 기록됩니. 네, 기록되니까 장난음처럼 답싀면 안 돼요.본인 주민번호 앞자리아, 계저 마막 네 자리 바로 말씀해아 주세요아.",1,수사기관 사칭형,asr_noise,,
asr_aug_수사기관 사칭형_0140_140,"네, 경아찰청 형사과입요니다. 잠 통화 괜찮으십니까? 은아지 씨 맞으시. 금 아주  급 건으로 전화드렸습니 다. 희가 어제 감거헌 금융기 조직에서 김은지 씨 명의의네 기업은행 계좌와 협 켸좌가확읜됐어요. 인테 사전 안내가 갔아야 했데 지금 상황위 이미 조금 늦습니다. 명의도용이 의심되고요, 계좌는 윌단 지정지 상태로 올려놨니.  네 제가 그란 적이 는데요? 네, 라면 더더욱 본인  피해자일 수 있습요늬다. 다먼 금 이 내용은 밖오로 잘데 흘릐시면  안됩뉘다. 주변 지인한테 말하면  언 되고음, 남편위요든 구든 누쿠든 안 늬다. 수싸 보안 때문에 그래요음. 아,그리고 본인 계좌가 더 있는지 홬인해야 합뉘다. 하나은행네국민은행, 기업은행 중어에 다른 계좌 있십뉘까? 옴, 잠깐만요. 없으면 없다고 버로 말씀그해 주세요. 아니 없우면 없다고요, 근데 좌 정보그논 꼭 확인해야 헙니다. 지금 본인 이름으로 퇸 장, 카트, 체크커 드 전부요. 건 그냥 확읜이 아니라, 출금저 정지저와 압수 여부 가르는 몬제입니. 본인 협조  되면 체포영정까지 검도 수 있어요저 체포영이요음? 네, 오해 없으시게 말씀드리면, 혐의아첨위 정리되기전까지는 통화로 행할 수 있습니다. 그니 다른 잔화 받지 마시고, 지금 제가 불러드리는  항목먼 답십시오. 계번호, 마지막 네 자리, 리고최근 이저체 역 유무. 아, 네, 메모해 두세요. 사건반후는 2024경찰-5571입다.",1,수사기관 사칭형,asr_noise,,
asr_aug_수사기관 사칭형_0141_141,"여보세요, 김현수   되십니까? 아,  네.어 서울중지방검찰청 첨단범죄수부 김윤 검사 직속으로 연드렸습니다. 지금화는 녹아취니다, 먼저 말씀드릴게요. 본 건에어 대해서, 음, 멀씀드리차면 김수 씨명의로 개설된 농어협계좌가 불법 대포퉁장으로 확인됐다. 지금 검거된어 건 현장에서그 데량의 보안카드, 주민등록 사폰요 그리코 농협 통 두 이 압수됏아고요그 명의가 선생 님으로 되아 있어요. 아니, 저 그란 적 없논데요?아 잠깐만요, 그게 아니고요 금 제가 말씀네드리는 건 선생님이 직접어 사용하셨가 아니라 개인정보가유출는지 여부 확인하는 겁니다. 그런데현 재 계좌에 해써는 이미 지급정아지, 그늬까 쉽게 말하면 묶는 태로저 들어그캈습니다. 거는 바로, 바로 확인 안 하시 면 압수 절차 넘어갈 수 있어요.저  압수요? 네 계촤 자체가 범죄 수으로 연결됐을가능이 있어서요음. 그 리고 지금부터논 제어자 그러니저까 족나 칀고분들한테는 절대 말슴하시면 안 됩니다요 전화돌리거나 다른  문의하시면 수어서 방해카 될 수 있어요. 네어? 아니 제가 왜... 선생님어,  지금 은 설명보음다 확인의먼저입니.사용하시는 금융귀관이 농협  말고 하나은행, 국민은 행, 귀업은행 중 있으시면 계촤번호 끝 네 자리만 불러주세요. 아니 그걸  알아려드려요? , 일단그 확인해야 제 가 결 해제나 피해자 전환 절차 넣을 수 있돈요.지금 바로 말씀 안 하시면 오그늘 안에 계좌전부 묶일 수 있니타",1,수사기관 사칭형,asr_noise,,
asr_aug_수사기관 사칭형_0142_142,"네, 융감독원 조사네지원팀입니다. 본인 확 좀 하겠습니다. 뮌번호 자  말씀하실 필요 없고요, 성만 확인되시면 툅니다그 , 임지호 씨 맞으시죠 아, 네... 본 으로 연락드린 이유 는 선네생님 명의로 퇸 하나은행 계좌가 대포통장요으로 적발됐기 문입니다. 지네 지방검찰에서 공문이 내려왔, 계촤압수 및 출금 제한 조치가 곧 들어겁니. 제가 제가 드 리그는 말씀은, 이케 단순 안내가 어니라 긴 통보예어요. 주변에 누음구 통화허면 안 되고요, 지굼 다 른 번호로도 연락시면 언 됩니다네 가족분께 말씀드리 는 순간 사건 거질 쑤 있어요. 아니, 저 는 그 계좌거 없논대요. 네? 아 그러세요. 크면 욱 확인이 요합니다 개정보가 도 용됐을 가능성위 커사요. 지금 검거된의자 쪽 진술애는 선생님 명의 하나은행, 국민은행 통장이 포함돼 있습니다 국민운행음이요?  저 는 국민은저행만 써요. 네음, 그라니까 그 국민은아행 계좌가 문인 겁아니다. 계좌번호 앞저릐 말고끝 내 자 말 씀해 주시고,  치 바로 이체 정지 확인을 해야 합요니다. 안 그라면 감찰쪽에 압수 장 집행 들가요.  압어영 장이요? 네,금 조금만 지체되 선셍님 쪽도 공아범으로  푼류될 수 있습니다. 래서 비밀 유지야 하고, 른 럼한테는 절대 공유허시면 안 됩니타. 잠깐만요, 이게 무슨저.. 잠깐만요네는음 가 이해니다만,요 시간그위요 없습니 바로 변 주세.",1,수사기관 사칭형,asr_noise,,
asr_aug_수사기관 사칭형_0143_143,"여보세요 경찰청 지능수사대입니음다. 김서연 수사관이고요아 금 사컨 관련헤 긴급하게아 연습니. 본인 명의  기업은행 계좌네가 수사 중 됐습니다. 아, 내? 자는  기업은행 안 쓰는데요.어,요 그러세요?그런데 저가 확인한 바로는 지난달 말서울 쪽에서 개설된 계좌 가 있어고, 그 좌가 대보장으로 사용습니 다. 금 피해액이 적지 않아서 계좌 동, 러까입출 전면제한이 어가요. 어니, 그런 적 없는데요. 산생님, 지아금 당황시는 건 알겠는대, 재가 지금 설명드리는 건 피해자 여부 확인 차입니다아 일단 주변에 누구도 부르지 마시고, 다른 핸드폰으로도 검색하어지 마요세요아 지금 제3저와 상어의하시면 사 기록 잡힙니다저 아... 네.그리고 오늘 안 으 본읜 싸 계좌가 농협, 하나행, 국민은저행 중요아디인지 확해야 합니다.그 왜요 계좌 적을 해야 동결 범위를 졸일 수 있습니. 지금 확인 안 면 기은행 계뿐 아뉘라 연결 계까쥐다 묶여요. 잠깐만요, 제... 니, 잠깐만요 하시면 놎습니다. 제가 말드리는 건, 지금 바로 협조하셔야 체포 대에서 빠질 수 있다는 컵니다. 체포요? , 명의도네 피해자면 해명 절차루 넘어가그고 아니면 공저범 조로 넘어갑니다. 그니  네 자리 불러주새요요",1,수사기관 사칭형,asr_noise,,
asr_aug_수사기관 사칭형_0144_144,"서울중앙지방검찰청윕니다. 검 주사관 이준삭어입아니다. 통화 내용은 모두 기록됩늬다. 네, 시 박지훈 씨 본인으십저뉘까? 네.네.. 예. 현재 선생님 명의로 홬된 농협 계좌가 범죄 자금 새탁에 쓰음였 관련 대포통장도함께 적네발됐 습뉘다. 본인께서는   농협 계좌를 직접 개설셨습늬까  아니아요어 저는... 아, 그러개정보 유출이네요. 그런데 지금 상이 가볍지 않습니요타. 계좌 지급정지 조가 이미 검토됐고, 압수  절차도 춘 충 입니다. 잠깐만요, 그럼 자는 어떻 게 해야 되는데요? 우 썬제 지시를 따라주셔야 니다.지금 다른 사람에 연락하지 마고, 문자도 보내쥐 세요. 가족그 친구 회사 누구도 안 툅니다저 비밀 유지가 우선입니. 선생님이 다룬 데에 알면 저금 흐름이 서 오히려 선요생아님 쪽이 불리헤질 수 있어요. 아, 네.. 크리고 본인 명의 켸좌가  협 외에하어나은행이너 압은행에도  있으시면 전부 말해주셔야 합니다. 그걸 왜... 선 생님, 지금은 왜가아 아니라 확인잎니다.저 꽅 네 자리만 말씀하시코요,저 입금 홬인 내역을 따라가야아 합니다. 아, 지금 계좌번호를 왜.음. 제가 제가 드뤼는 말씀은, 이체 유도가 아니라피 해 회수 절차입니다. 지금 바로 협초 안 하시면 계좌 동결이 그로 집행됩니 다.",1,수사기관 사칭형,asr_noise,,
asr_aug_수사기관 사칭형_0145_145,"내, 여기논금융감둑 연계사안내실입네니다. 잠시 통화 가능하십음니까아? 음 본읜 성함이 정민 씨 맞으신가요? 어, 네.. . 습니다어. 선생님 명의로 기업은행 국민은행 계좌가 동시에 대포통로 조됐네습니타. 지음금 검찰청에서 사건번호 려왔, 명의도용 및 범죄연루루 긴네급 확인 중입니더. 니 저는 그런 거 릅니다. 네 모른다 하셔도  절차는 진헹됩니다 이미 켸촤는 동결 대상이고, 압수 가능성도 있어요. 지금 바로, 바그로 처리셔야  합니음 다. 선쌩님 주변 지분 계시면 통화 끊고 너서도 절대 말씀네하시면 안 됩니다음 왜 요? 제네자 통해서 보가 새면 증거가 훼손돼요. 그러면 히려 선생님이 불해집니다. ... 그제가 뭘 해야 합니까 우 현재 사요용  중인 농협, 하나행, 국민은행 계좌중 떤 게요 있지 전부 확인해야 하고요, 끝 네 리 최근 이체 내역을 멀씀헤 주셔네야 합니다요 제가 걸 왜요 ? 명의도용 피헤자 입저증을 위해서니다. 그런테 시간을 끌면 공범우로 오될  수 있 습니다. 아니네 진짜? 네. 니까 지금 저희가 안내하논 대로만 하세요. 다른 곳에 의하지 마시고, 가족에게도 말하치 마시고 바로 계좌 확인부터 허켔습니다아",1,수사기관 사칭형,asr_noise,,
asr_aug_수사기관 사칭형_0146_146,"여부세요, 네, 검찰정입니타 서울중저앙지어검찰청네 금융범죄합동수사그부인데요 킴○ 씨 되시 본인 홬인아 먼저 할게요. 지금 통어화 내용은 녹취됩니다, 아시죠? 아, 네? 네, 제가 지금 말슴드뤼는 건 간단합더. 본인 명의저로 퇸 농협 계좌랑 나은행음 계가 불법 자굼세탁에 연된 걸 확윈돼서 연락두렸어요.아니, 저는 그런적이 없는데어요 네, 그러실 수 있어요. 크런데 저희가 오 새벽에 검거한 대아포통장 조짘에서 분인 이름이 찍힌 통장이 나왔습니다 어 음, 라까 쉽개 하저면네 노가 본어인 분증 정보로 계좌를 만어서 범죄에 쓴 겁니다. 그게 아니라, 그니까 제거 말씀드리  쥐금 이 켸음좌가 이미 지급정지요 압 보전 단로 들어갔고요. 지금 바로, 바로 해명 절차 안 밟으면 금융커래 제한하고 출석요구서까지 나갑뉘다. 네? 출석이요네 네, 촐석입니다이 사건은 비밀 유지가 중요해서요. 족이나 지인, 그리고 다른 은행 상담한테두 금 당장씀하시면 안 됩니다. 특히 주변에 전화 돌리시면 안 되구요. 냐하면 공범이 움직일 수 있어요어 본인 명의가 도용된 거면 피해 입을하셔야 되고, 아면 통장 양어도한 으로 처리돼써 체푸영장 검토 들어 수 있습니다. 아그 잠깐만요, 제가 지금 메모해드릴게요 . 본읜 농협, 하나행 둘 다 맞으시죠? 네 ? 하나는 안 쓰는데요. 아, 안 쓰신다.그러면 더 위 함합니다. 사용 흔적 없는 계좌가 범죄에 쓰였다는 건 명의도용 가능이 높다는 뜻이든. 지 좌번호 끝리만 홬인할게요. 맞는지 제가 대조해야 해서요. 잠깐만요, 지곰 바로 말씀해 요.네, 농혚 끝 네아 자리 하나은행 끝 네 리요. 쾐찮으시면 제가 잘 이어서안내드리겠 습니다. 일어 다른 전화는 받지 마시고요 ,  제 말만 들으세. 그리고 지금 켸좌에 남어 있 잔액이 있으면 즉씨 언전켸좌루 채해야합니. 이건저 앞수 팡지 조입니다. 아시죠? 네네 빨리요.",1,수사기관 사칭형,asr_noise,,
asr_aug_수사기관 사칭형_0147_147,"네, 경찰그청 사이버수 서대입니다. 제 가 먼그저말씀드릴게요, 선생님 성함오로 개설된 기업행 계좌가 통장 사건에포험됐습니. 맞습니까? , 아니요? 저 업네은행 안 쏘는데요. 아, 언 쓰신다고요저 고럼 더 정확히 확해야 합뉘다. 저희가 방 방찰네청네 쪽부터 자료를요 넘겨는데, 선생님 명가 도용된 정황확인됐뉘다.  본 건에 대헤서...요음저, 말씀드리면, 지금검된 픠의자가 수십 명이고 그중에 계요 촤를 사들여서 펌죄 자금 돌린  나어요. 선생님 이름으로 된 국민은행, 눙협, 그리고 압은행까지 혼재돼 있었습니다. ? 국민은있는데요 네,아 국민은 잇으그시죠.음 고럼 그네 계좌부터 탕장 리 들어가야 합다. 지금 이 상황에서 제삼자한 연락하시면 안 돼요. 회사, 가족, 지인, 다 언툅니다. 냐하아면 명의도용 사건은 보가 새면 바로 돈요 빠져나가고, 그 순간 계좌 동결이 아라 완전 압류로 남어거든요. 희가 확인하는 동안은 절대 임의로 이체시면  되고 , 반대로 잔요액이저 남아 으면 보전조치가 필요니다아 아늬,요 보전이요저 네,요전윕니다. 쉽 말하면 범죄자 손에 안 가게 잠깐 옮겨놓는 겁니다. 잠깐요저 금 재가 하나씩 설명드릴게요. 선생네님주민번 앞자리랑 현저재  사용 중인 은행만 말씀해 주세요. 아, 잠만, 이건  제그거 메모하겠습니타 . 그리고 이 통화는 녹취되 어요.나중 애 선생님이 피해자라는 사 입하는 자가 됩니다요 그러니까 지금 지 바루 협조하셔야 요. 안 그러면 분인 통장까지 전부 지급지 걸리고, 출국금지 검토도 들어갈 수 습니다. 어 그렇게까지요? 네 그렇케까지니다. 지금 바로 잔액 확인하고 계좌번호 끝  자리 불러주세요 . 제거 검찰 쪽 수번호랑 같이 연결해 드리겠습니다.",1,수사기관 사칭형,asr_noise,,
asr_aug_수사기관 사칭형_0148_148,"잠시만요, 서울중앙지방검찰청 형사부니다. 긤○○ 씨 맞으니까? 네? 누구고요?검찰입니다, 검찰. 제가 지금 급하 게 연리는 유 선생아 명의로 된 하나은행 통장이범죄조 직의 대포통장으로 확인됐기 때문입니다. 아니음, 저는 처음 듣는데요. 네, 당연히 처 들으실 수 있습다. 명의도용이늬까. 그데 이게 보통 사건이 아니고, 지금 소한 휴대화 기아록이랑 계좌 흐을 대조했더니 선생님 이름이 바로 나왔니다. 음 , 말씀드리자면 범죄수이 선생님 통장어을 경유해서 쳐나칸 정황이 있습니다. 금 바로, 바 조치 안 하면 계좌 압수, 지급정네지, 그릐고 소환장 발부지 의져요. 아 잠깐만요,어 저는 잘 모르는데요? 아, 모르시면 더 하네셔야 합니다. 본인 주변에  이 사실 말하지 마세. 가촉한데도요. 특히 다른 금융기관에아도 연락하지 마십씨오네. 내부공 조그 필요해서요저 지금 이 은 외부로 새면 피해자 보호가 안 됩니다 선생님이 진짜 피자인지, 아니면 계좌롤 긴 건지 구분해 하커든요. 네, 저는 넘긴 적 없어요. 좋습니다 그러면 피해 자 쭉으로 정리할 수 있으니까 협조만 하시면 됩니다. 계좌반호 확인네하고저 최큰 이체 내역음 그 본인 명의 다른 켸촤아 있는지 말씀해 주세요. 제카 금 접수 순서대로 보겠니다. 아, 리구 이건 비콩게입뉘다. 다른 사람 있면 바루 끊구 다네시 받으셔도 되,  아니면 금이 자리서만 답하세요 제  이해되싀죠요? 네. 촣아요. 구럼 농협, 국민은헹, 기업은행 중에 실 사용 계네좌그 어딴 건지 하나씩 말씀해주요그 어,제가 제가 드리는 말 씀 이 헷갈리시면 냥 천천히 답하셔 됩니다. 지부터는 시간이 충요합 니다.",1,수사기관 사칭형,asr_noise,,
asr_aug_수사기관 사칭형_0149_149,"여보세요, 금융감독원 특조서팀입아다. 폰인 험 확인되면 바로 말씀 드리겠습니다. 김 네 쒸 맞요네? 아 네, 맞는데요. 좋습니다. 지금 선 명의의 농협 계좌가 불법 도벅 자금과 연돼서 조사거 들어겄그솝늬다. 그리고 추 가로 국민은행 좌도 업수 대상에 울라어와 있습니다. 아니,저는 도박 같은 거 한 적 없어요. 네, 그쉴 수 있습니다. 그래서 연락드린 겊네니다. 이 한 게니라 명도용 퓌해로 전환해야 허거 든요. 그란데 이 부분은 지금 비밀요 유 지가 심니다. 삼자에 하면 안 됩니다. 특히 촉, 동료,그리고 주변 지인들한테요. 왜냐하면 계촤가 열려 있면 범자들어이 액까지 빼가고 크다에 선생님이 공범어으루 오해받을 수 있어요. 음 , 제 좀 딱하게 말씀드릐는네데, 지금 위 건은 심각니다. 좌 동결이 만저 들가고, 그 다음에 압수 절차, 그다음어 출 요 구가 나겁니다. 아잠깐만요, 그러면 제가 뭘 해야 되죠? 네,지금 바로 본인 명네의  은행을천푸 확인해야 합니저다. 농협, 민은헹, 하너은행, 업은행 중에 어딴 좌를 사용하씨는지요. 그리고전액이 남아 있우면요 안전 확인 절차를 밟아야  해서제가  안하는 계좌로 이제요가 필요헐 수 있습니다. 이건네 펌죄요 수익 분리 조입니다.음 네? 이체요? 네, 바로요.지금 망설이면 동결만으로 끝나는 게 아니라 계좌전체가 입니다. 리구 님 신분증 사진이나 인증번요호 요구하는 화가 오 더라도 전 부저  받지 마세요. 외부 연락 차어탄, 이거 꼭 쥐켜야 합니 타. 지큼 제가 사건 불트릴 테니 메모하요. 천전휘 받  적으시면 됩니다.",1,수사기관 사칭형,asr_noise,,
asr_aug_수사기관 사칭형_0150_150,"여보세요, 켱청 수사과입니네다그. 지금 본인 앞으로 압수수색 결과가 나와서 연랔드렸요어요 혹시 이○○ 씨 본인이 십늬까 네? 네, 맞습다.아 본인 으싀네요.요 선생님명의로 개설된 하나은행 계좌 기업은행 계좌가 대포통장우로 쓰인 정황이 확인네퇬습니다저 크게 아라, 그러니까제가 말씀음드리는 건 저희가 이미 관련자들 을 붙잡 고, 현장에 썬생 이름이 적힌 통장 내역이 나왔다는 겁니다. 혹 최근 통창 대여, 카드 태여, 인번호 공유하 적 있요? 어니요, 없어요. 알겠습니. 그 라면 명의도 가능성이 높습 니.  하지만 지금부터가 중요헙니다.이 통화는 녹취되고 있고, 이 내용어은 나에 피해자 증 자료로 쓰입니.어 그러니 다른 사람한 테는 대말하지 마세요. 가족분도 안툅니더.아 지금 전화 둘리시면 사건이 새 계좌가 바로 압되고, 본인도 조사대상이 될 소 있씁늬다. 어, 무네음요. 네, 무서우셔 니다. 지금 이상황을 가볍게 보시면 안 돼요저. 선생 계좌가 범죄애 위용됐으면 우아선 지급정지, 그다음 압어류, 그다음 소환입니더. 제가 가 말쏨드리는 건, 지금 즉시 계촤번호 끝 네자리와 사용어 인 은행올 확인야 한다는 겁다. 농협, 하나은행 국민은행 중 뭐가 있세요? 그고 잔액이 있으면 이제 보전 조치가 필요합늬. 잠깐먼요 제가 다저시 정리해드릴게요. 선생님은 피해자로 리될 쑤토 있는데, 협조  하시 공범 취급받을 수도 있요. 지금버로, 바로 알주세요.",1,수사기관 사칭형,asr_noise,,
asr_aug_수사기관 사칭형_0151_151,"여보세요, 네 맞으니까?  서울중지방검찰청 형부김도윤 검 라고 합니다. 통화 카 능하십니까음 금 본인 의로 된 농협 계좌가저 범죄 자금 세 이용된 정황이 확인돼서 연락드렸어요어 아니? 네, 일단 잠깐만요 본께 직접 개설하신 계아좌 맞는지, 그고 그 계좌를 터인한테요 빌주거나 넘긴  있는지 확윈부터 하겠습네니다. 저희가 지금 검거한 사건에 대포통장 묶음아이 나왓는데 그중에 본 명의 농협이네 포함됐습니다.아, 네? 모론다고 하시면 더 문제입니다 . 지금 지금 버로 말슴드리는 건, 이 싸건은 가게 보는사요안이 아고요. 계좌 치급 정지아 그러니 쉽게아 말하면 묶입니다. 소 절차 들어갈 수 있고, 경우아에 따라소환조사까 지 이어질 수 있어요. 본인 외에 가족이 나 지그인한테 이  얘저기 절대 하면 안 됩니다 특히 지금은 삼자 연락 자단해야 핲니다. 은행이랑 통화하도 안 되고, 지인들한테 물어보 도 안 돼요. 제가 제거 드리는 멀씀이요 이해 안 되싀 면 제가어 다쉬 설명네드리겠습니다. 본인음 명의의 하나은아행도 최근애 조회됐고, 국민은행과 기업운행 쪽 같이 열람됐솝니. 어, 잠만요. 인서 사용하시는 추거래가 뭐예요? 지금 지금 말씀 언 해주시면 동결 조치 먼저 들아갑니다. 네 ?아  그러세어요? 그러면 본인 확인 차로 계 끝 네 자리만 말씀해 주십시오. 니면 제 바로 사건번호그 불러 드리고,금융요감독원 협조 요청 넣겠습니다. 지금은비밀 유지가 우선니다. 거족의든 친구 누구한테두 말하지 마세 요 .",1,수사기관 사칭형,asr_noise,,
asr_aug_수사기관 사칭형_0152_152,"네, 경찰청 금융범죄사대입니. 통화 녹취됩니타. 담 당 수사관 최현우입다. 지금 천화도 린 이 유눈 본인 명의의 통장대포통장으로 확어인됐기 때문입니다.어, 잠깐만요. 피해저 분이 아니시면 이 단켸애 바로 장리지만, 조 안 하시면 체 포영장까지 검될 수 습니다. 본인서 최근 농협 계좌나 국민은헹 계좌 개설하신 적  있죠?그 아니라고요? 러니까요, 바로  부본 확인는 겁니타. 희 검거한 조직에서 본 민등록번로 개된 좌가 수됐고, 그 계촤에 불법 도 자금이 입출금된 훈이나저왔 습니다. 아, 아 뇨? 그게아 아라, 지큼 가말씀드릐는건 분인이 범인이라는 이 아니고 명의도용  피인지 포 거예요. 그런데 피자 입증이 안 되면 계촤는  즉시 동결됩니. 동결퇴면 출금도  안 고 수네도 행돼요. 구러니꺼 지금 바로, 바로 확인해야 합니. 통장이나 카두, 인증 수단 같은 거 다른 사람한테 맡기쉰 적 없는지 멀씀해 주세요.가족도 안 됩니다. 제삼자개입되면 사건이 입니다. 그리고 이건외부 허시면 안 돼요. 특히 지인들이나 은행 창구 직원한어도 쌍세 내용 말하지 마세. 제가 제 다시 여쭤볼케요. 하나은행, 기업은행,국민은행 중에 본읜 사용 계좌가 몇개인지요? 허나만 쓰신다구요? 겠니다 그럼 끋네 자리 불러추세요.",1,수사기관 사칭형,asr_noise,,
asr_aug_수사기관 사칭형_0153_153,"여보세요, 금융감독원 특수사팀입니 다. 네아 지금 본인 명의로 된 계좌 카 사키 조직의 대보통장으로 사퇸 걸 확인해서 연락드요렸습네니타. 옴,놀라셨쵸어 저희 방금 지방검잘청과 협조해서 자료를 남겨받았는데, 농협과 하나은 계좌가 범행에 사용된 흔적 있음다.요 아니요,모른다고요 네, 랄 수 있니더. 명의도용이면 본도 모를  있쵸. 그런데 지금 몬는 시저간이 없습니다. 계좌 결되 전 본인 소명 절차를 밟아야 합니다 잠깐만요, 제가 명드겠늬다 치 본인 외에가족이나 친구가 대씬 연락하 안 됩뉘다 제자 개입요 되면 오히려 공범 심이 커져. 그리그고 이 용은 잘대 밖으 로 알그리시면 언 니다. 컴찰 청 서도 공캐로 진행늬다. 본인께서 사용하시는어 계좌 중에 눙혚요 고 국민은행이나 기업은행 더 있으십까? 없으싀더고? 아아 그러 확인처 제가 계좌펀호 일부를 불륄 테니 맞는 지 보셔야 합니다. 끝 네 자리요, 지굼 바 말씀해주세요. 지 버로 확인 안 허시면 당 계좌눈 압어수보천 들어갑니음다. 그러뉘까 쉽게 말하면 돈을 못 빼게 막는 겁음니다 네? 본인 명의가 멎는지요? 맞다고 하시면 가 다음 단켸로 피 해저그 등록 절처 안내리겠습니다",1,수사기관 사칭형,asr_noise,,
asr_aug_수사기관 사칭형_0154_154,"네,서올중앙지검 첨아단범죄수사부입니다.  건에 대서 , 음, 말씀드리자면 현재 본인 명의 허나 은행 계좌가 범죄소익 관리용으로 됐습니다. 지금 검거된 읠저당그 진술이 고, 압한 휴대전화와 장 몪음서 본윈 이름이 확인됐습다. 아, 잠깐만요. 이건 그냥 확인 전화 아니고, 사실성 긘 통보입니다. 계좌가 둥결퇼 수 있고, 이미  일부는 지급정지 요청 들어겄습니다. 본인이 직접 개설한 건즤, 아니면 누 명의를 도용헌 건지그 지금 분해야 합니다 어어, 제가 좀 빠르게 말드리면, 지금은 본인  제자에게 절 연락하시면 안 됩니다네. 히 가족한테도 안 됩니더. 가족이 대신 은행 가시면 사건 기록이 꼬여요.비밀 유가 필입니다. 리고  조사 전까지눈 어 이토시면 안 됩니다. 려 지금 계좌  에 남아있는 돈이 있으면 보호 조가 필요해요. 지금 곡민음은행도 함께 연동 조회됐거돈요. 본인께서 사용하시는저 계좌인지, 인이 만든 건지 바로 말해 주십시오. 아늬면  제가저 사건번호 불라드리고, 담당 검요사 직통요으넘기겠습뉘다. 네? 모서워서 잘 모르겠더고요 ? 네, 크러시면요 제거 차근차근 다시 설 명드릴개요. 먼 계좌 꿑자리부터 확인하겠니다.",1,수사기관 사칭형,asr_noise,,
asr_aug_수사기관 사칭형_0155_155,"네 검철청입니다. 본인 으 체포 관련 통보가 갈 수 있어서 미리 연드렸습니더요. 놀라실 수는데,  지금  인 명의의 기업은행 계좌가 대포통장으루 적발됐습니다. 검거 현장에서수된보안매체렁  신분증 사본에 본인 정보가있어요그 아, 아니라네고요? 그럼 더욱 리 확인하셔야 합니다. 지금 수 사관 입음장에서 말씀 드리면, 이건 방치하면  압수네 동켤, 그리어구 줄석요구서까지 바로 어집니다. 본인께서 지금 누구랑 화 중인지도 제삼자한테 리지 마세요어 지인, 가족 은행 직, 누구에게도그 말하지 마세요. 지금 내용 새면 소명 기회가 라집니다. 음, 잠깐만요. 제가 본읜한테 묻는 건 어 주 단순합니다. 협, 하은행, 국뮌은행, 기업은행 중에서 실제로 본인의 쓰는 켸좌가 듸 인지, 그고 최근 에 통장나 카그드 빌려준 적의 있눈지입니다. 앖다고 하쉬면 끝나는 게  아니라, 계좌번호 일부 확인해 토용여부를 바로 대초해야 합니다 지금  바로요. 아 니면 제가 금융감독원 쫔우로 동 요청을 습니다 본인 명의거 는지 리는지저, 우선 끝 네 자릐부터 말씀해 주십오",1,수사기관 사칭형,asr_noise,,
asr_aug_수사기관 사칭형_0156_156,"여보세저요, 김현수 씨맞으음씹니까? 네네, 서울종앙 지방검네찰청 형사3부입니다. 잠깐 통화 거능하니까? 지 분건이 급해서 바로 말씀드리겠습니다. 김현소 씨 명의 로 개설된 협 계좌카 대보통장 사에 연퇸 정황이 확인퇬솝니다. 아니요, 저는그런 적 없는데요? 아 참깐만요 그게 아니라 지금 저 말요씀드리는 건 선생님이 직 사 용하셨쥐 여부가 아니, 본인 명의가 불법 범죄자 애 넘어가서 개된 계좌가 됐다 겁니다. 농협 말고 하너은행 좌도 같이 확인됐고요네. 지 이 상루 두시면켸좌 지급지,음 고러니꺼 쉽게 말면묶읩니타. 몪이논 정도가 아니 압 절자까지 갈 수 있어요. 본인께사 지금 제3자, 가족분이나즤네인분한테 이 내용 말씀하시면 안 됩다 절대 안 돼요. 사건 애 벙해가 어 루 체포영장 씬까지 들어갈 수 있습니다. 음 제가 체카 드저리는음 말씀이 콰한 게 아요니라 실제 지 자금 흐이 잪혓어요. 귐현수그씨 직접 개썰하신 좌인쥐, 아니면 명의용 한 건지 확인해야 합니다. 주민등록호 앞리랑, 사용 중계좌요가 농협, 하나저은행 외 또 있는지 바로 멀 씀 주야 해요. 시간이 없아습뉘. 지 지금 바로 리하셔야음 합니다. 아니 근데 제가어.. 내? 아, 로시켔다요저 그러면 우히저려 더 빨리 협조하셔 야 죠.어 제 공문 내용을 윍어드릴 테니까 메모하십쇼.의 통화는 녹취됩그니저다그 그리고 다른 사람 통 화 끊 으시고, 혼자어만 받쎄. 본인 계저좌 확 인이 안 되면 본건은 공범 의심저으로 전환될 수 있습니다.  그니까요 금 계음촤번 끝 네 리, 혹시 하너은행이나 농협에서 근 새요로 만든 적 있는지 말씀허십시오. 내? 아아니아요? 그럼 없다고 정확히 말씀하셔야쵸. 정확희요.불아분명하게 말 하씨 언 됩니다. 바로 닾변헤 주세요.",1,수사기관 사칭형,asr_noise,,
asr_aug_수사기관 사칭형_0157_157,"잠깐만요저, 지 받으신 분 성함요이 어떻게 되십까?  경찰 지능범죄수사팀 이도윤 수사관읩니다. 본건 관련 해서 긴급 확  연락드렸습니다. 최근에 박성뮌이라는 읜물 이 금융사기로 거됐눈데, 현장에서 기압은과 국민은행 명의의 대푸통장다수 왔고 그중에 산생님 이름어이 적힌 계좌가 포함저되그어 있었요 네? 저요음 어니, 저 런 거 모릅니다. 아 , 일 당황하실 수 있데요. 본인이 모른음다구 해서 사그건이 끝나는 게 아닙니. 지금 중요한 건 명의도용인지 아면 타인에게요  통장을 넘긴 황이 읬지 확인저하는 겁니다. 기업은행 계좌, 민은행 계 좌 외애 농 협이나 하나은행 사용하쉬는 거 있그니까? 잠깐만요, 제 가 지금... 내, 천 말쏨하요. 음, 없음타고요? 없으 없다고 정작으로 말씀하셔야 합니다. 그리 지금부터는 가족분께도 알리지 머새요.특히  우자나 차녀분테도요. 수사 비밀 유지 때몬에 이 분은 절대 공유하 시면 안 됩니다. 본 건 이 외부로네 새면요 계좌 동결이 아니라 압수 수색 장까지 갈 수 있습 저희가 금어융감독원과 이미연계해 서확인 중이고 , 선생님 명의로 설된 계좌가그 실제로 몇 개인치 대조하고 있습니다.혹시 최근에 신분중어 푼헌 젘 있씁니까? 아니, 없어요저? 그럼 좋니다. 그럼 욱케 폰인 명의 좌 록을  확인어해 야 돼요. 금 말씀드리 번호 확인면 버로 장 어갑니다.음 아니 그러면 제가 뭘 해야 되는데요저 바로 말씀드리겠습 뉘다. 제 치 시에 라 용 중인 계좌번를 불러주시고, 모르는 거래가 있으면 즠시 표시해 주요 . 지금 바로요.그렇 않으면본윈어 수사 대상에  포함될 수 잇니다어",1,수사기관 사칭형,asr_noise,,
asr_aug_수사기관 사칭형_0158_158,"네그 금융감독원 특별저점검팀입니다. 훅시 이지은 씨 되십니까? 지금 통화 가능하신거요저 네? 네음 말씀은 빨리 탁립니다.저 본윈음 명의아로 된 하나은행 통장  불법 자금 세탁에 사용됐습니. 지금 검찰청으루부터 넘겨받은 저료에 보면, 하나은행하고 농 협 두 계 루되아 있고 명의자는이지은 씨로 확됩니다. 아니, 는 하은행저 없논데요? 아요 네 그러시면 오히려 명요의도용 가성이 커집니다. 본인께서 직접 만드신 게 아니라면 누 군가 신분증 정보를 빼간어 겁니다. 그런데 몬제는, 치금 이 계좌가 최  자금이 흘러저간 통로로 찍혀 있서치하면 계 좌 동,압수, 그리고 출석 요구까지 이어질 수 있다는 점입다음 음저 제가 조금만 설명드리겠습니다. 이건 단순 조회가 아뉘고요, 본인 명의가 범죄에 쓰였는 지 확인하는 절차그니.어 주변사람들헌 문의하시면 안 니다.네  윈터넷색그도 하지 마쎄요. 다른 기관에 전화하 정보가 섞여서 오히려 지연됩니다 희 절차데로만 거셔야 합니타. 잠만네요, 본인서저 최근에 농협 계좌 개설하셨거나 카드 연동하신 적 있습니꺼? 네? 더구요? 그럼 그 부분도 적어두겠씁니다.그리 고 지금 다른 전화 으면  안 돼요. 통화 중인 상태를 유지하 헙니다저 계좌번 끝 네 자리와 재 사용 중인 온행명을그 차례대로 말슴해  주십시오. 안 그러면 본인 계좌가 자으로 지급정지될 수 있습니다요 지금 즉시요.아, 그리고그 의 통화 는 녹취됩니타.  협조하시면 피해자 여부는 바로 정리됩니다.",1,수사기관 사칭형,asr_noise,,
asr_aug_수사기관 사칭형_0159_159,"여보저세요, 검청읩늬다요. 박지훈 씌 본인 맞으쉬죠? 서올중앙지방검찰청 수사어 담당아 사실니다. 지금 이 건은 가볍게 넘길 사언 니다. 박지훈 씨 이름으로 된 국뮌은행 계좌아가 포통장으로 발됐, 추가로 기업온행 계좌도확인됐습니다. 네? 저는  그런켸좌가 없는데요.네 알겠습그늬아다. 그니까 그 말씀위 바로 중요니다. 선생님 모르쉬는 상아테에써 계촤가 만들저어졌다 명의도용이고, 알도 방치하거나 타윈에개 넘긴 정황이 있으면 공범이 됲니다어 금 수사상 시간 없어서 바로 드리논 겁그니다. 계촤 동결 절차 이미 존비돼 있코,본인 인 안 되면 압수 쪽로 갚니다. 아 잠깐만요아, 제아거말씀드리 건 협박이 아뉘어라 절 안내윕니다.지 제3자 랑통허 시면 안 돼요 특히 가족, 친고, 은행 상원, 노구든 멀입니다. 외부 나가면 증거  우려로 제포 사유가 될 소 있습니. 윈깨서 최근에 국행에서 비대면우로 뭘 신청하신 적 있습니까?아 니요? 그 럼 더더욱 가 정보를 서용한겁니다 그러면지 가 본인 계좌 목올확인해야 는 농협음 하은행, 국민은행, 기업은행 중에 본 명의로네 실재 쓰는 게 뭐가 있습니까 음, 빨 답세요. 지금 바루, 바로요. 대이 늦어지면 본은 피해자 보호거 아니라 강제조치로 넘어갑니요다요. 메 모허시고, 계번호 자리 불라주쉽시오.",1,수사기관 사칭형,asr_noise,,
asr_aug_수사기관 사칭형_0160_160,"어, 김서연 씨씨죠? 경찰청 이버수사대입니다. 지금 본인 명 의 된 농협 장이 불법 도박 자금이 아니라 대포통장로도 같이 확 인됐습니다. 본읜 놀라실 수 있는, 저희가 지방 검청랑 공조해서확인한 거예요. 아니 저 농협안 서요.  아 네, 그러면 그게 바로 명의두용일 가성이 눞습니다. 그런데 몬제는 지금 이그 계가 이 죄 조직 쪽에 넘어가서 자금이 출금된 흔적이 잡혔는 점입니다. 위 상태로 가면 계좌  급정지, 그러뉘꺼 계좌가 묶이고, 이어서 압수 절차까지 갈  어요. 인께 지금 해 야 할 건 아주 단합니다.어 다른 전화저 다 끊고, 혼자 켸쎄요어 제3자한데 이 사건 이음야기 하시면 언 됩니다. 절대 안 됩니다요 지 말이 새면 쑤사에 지장이 생겨서본도 바로 소환 대상이  될  있습늬다. 옴 ,어 재가 멀씀트리  협조하싀면 피해자처리로 끝요낼 수 있다 뜻입니다 혹시 최근에 허나은행이나  기업은 좌 를 새로 설한 적 있으십니  없다고요? 좋습니어다 그러면 계좌 정보  홬인만 하 됩니저다. 지 사 중인 은행명, 번호 앞뒤  리 말씀헤 주세요.아, 그리고   통화는 록니. 거짓 말하싀면  돼요 지금 바로 홬인해 주셔야 합니다. 하나은행, 눙네협, 쿡민은행, 기압 은행 중에 실제로 는  계좌가 뭐고요. 빨 말씀허세요.",1,수사기관 사칭형,asr_noise,,
asr_aug_수사기관 사칭형_0161_161,"여보세요, 아 네, 올중앙치방검찰입니다. 본읜 통화맞으 십니까어 잠깐만요, 지금 메모 능하 신가요 ? 저는 형싸부 위도윤 검사이고요, 본 건에 대, 음, 말슴드리자면 지금 본인 명로 개된 농협 좌가 대포퉁장으로 홬인돼서 락드 렸습니다. 대포통이요? 자는 그런저 거 한 적 없는데요. 네, 그래서지 그 부분을 확인하려고 하는 겁니다 본인 명의로 된 농협 계좌에서 불법 자금이 여러 건 입출금됐고,요 현재 계좌 급정지, 그러니꺼 쉽게 멀하면 묶이는 절차가진행 중입그니타. 아니 잠깐만 요, 저는네 농협을 잘 안 쓰는데요. 아 잠깐 만요, 그게 니고요, 저희 확인한 바로요농저협 말구도 하나은행 계좌가 함깨 연돼 있습니다 이 두 계좌는 지금 업수 데상이그고, 본인  의사와 상관없음이 동결될아 수 있아습니어 내? 아니 그럼 재가 뭘 헤야 는데요? 지금 바루, 바로 하셔야네 됩니다. 오늘 안에 사실관계 정리가 안 되면타 기관으로 이찹돼서 체포영장까지  검토될 수 있아 체포영장위? 내, 그래서 지금 이 통화는 녹취됩니다 제3자에 절 말하씨면 안 되고,저 가족분이든 지인이돈 누구튼 자단하셔야 합니다.아니 왜요? 제3자 개읩되 면 증거아 오염됩니다. 그라늬까 금 자만 들으셔야 해요. 본 주민등록번호 인은 나중에 하고, 우 계좌 사용 내역요부터 봐야 하거든요. 농협, 하나은행 고 국민은행이나 기업은행두 사용하십니까? 아 니요, 쿡네민은행만 있논데요. 네, 국 운행도 홬인 대쌍애 포함될 수 있습니다. 쥐금 제가 드뤼 절차대로 하시코, 계좌호 끝 네 자리 말씀해 주저세요. 제가, 제음가 왜 멀해야 되죠? 피해자 입을 하셔야 니까요. 지금 안 하면 밤 연자루 분류될 수있습니. 아저, 그게니네 라, 그러 니까 제카 말드리  본인 보호를 위해입니 다. 뻘리요. 참저깐요, 제가저 볼게요. 네, 바로말씀하씹.",1,수사기관 사칭형,asr_noise,,
asr_aug_수사기관 사칭형_0162_162,", 경 찰청금아융범죄수사잎니다. 통화 가능하십니까? 저는 담당 수사관 김태형입니다 지아금 본인 명의로 된 장위 검거현장에서 나왓어요. 무슨 통장이요아 농협하고 곡민은행 좌가아 홬아인 됐숩뉘어다. 선생님, 지금 이건 단순 문의가 아니라의도용 사건입니다음 명의도용요음? 네요 그리구 계요좌 안에 둘어 있던 자곰이 이미 범죄수익으로 분류숩니다.  그아래서 즤금 동결, 압수 절차를 밟고 있니다. 아늬 저는 전혀 모는데요. 네음 모르는상태아일 수 있습니다 그런데 본인 쪽로두 연 정황이 혀서 확이 필요합니다. 아저, 잠깐만요. 그럼 제가 범죄자라는 거요네 아니, 로 그게 아니라 요. 지금 피해저지 공범인지 구분이 안 돼서 본인이 협주하셔야 합어니타.분인 외에 다른 , 예를 들아면 자분이나 배우자분께는 절대 말하시면 안 됩니타. ? 왜요? 3자에게 말하는 순간 통화 네용위 새고, 처희가 보호 조치를 못 합니다.아 그러니까 비밀 유지하셔야 돼요. 금 본인 계좌 나은행에도있는지 확인해야 하는데요. 하은요? , 나은행, 국민은행그기업은행 중에 사용시는 거 전부 말씀해 셔야 합니다. 저 근데 그런 걸 왜 다 말야 해요? 계좌 추적울네 해 하기 때문입니다. 지금 바로 확인 안 되면 지급정지로 넘어가고 구  뒤는 켸좌 사용 다 막힙. 점껀만, 그람 입금도 안 돼요? 네, 안 됩니다. 그리고 본인 명의로 대포동장 가로 너오면, 그건 형사 입간 사유 다. 그러까 지금 제가 드는말이, 음, 본인 보호음 자입니다그 계좌번호 끝 네자리 확인 부닥드립다.",1,수사기관 사칭형,asr_noise,,
asr_aug_수사기관 사칭형_0163_163,"아 네, 여기어는 서울 중앙지어 검입니다. 검사실 통인데요, 본인 성 확인되시면  바로 말어씀 드릴게요. 네? 제가 왜요? 지금본인 명의로요 된 계좌가 범죄네 현 장에서 확어보돼서 연락드렸니다. 농협 계좌 하나, 업은행계 하나어, 그리구 국민은행 좌가 확됏뉘다. 저는 업은행어밖 없는데그요. 네,러면 기업은행이 포 함된 건 맞으쉬네. 본 은 단 순 참고가 아 니고,저 명의도용 및 저금세닥 서건니다. 명의도용이라니요, 잔그런 적없아요. 그럼 더더욱 빨리 말씀네하셔야 됩니다 지금어 본인 계좌는 동결 예정이고, 주호네 압쑤 차 지 갈 수 있습니다  아 잠만, 체가 뭘 잘못했는데요? 아짘 확정된 건 없숩니다. 그런데저 저희가 확인한 료상 본인 이름 주 민등 록반호루 설된 통장이 볼 조직에 넘저아간 상태예요. 아, 그러면 누가 제 이름으로 만든 거예요? 고건수사 중입니다.저 그리고 중요한 건, 지아금 다른 사람과 상의 하시면 안 됩다. 은행 직원한도, 가족한태도 지인테도 하지 마세요.  왜요? 타그 개입되면 계 좌아 추적이 늦어지고, 상네대방이 자금 뻬어돌릴 수 읬니.그 그러니까 혼자만 아음 해요. 지어큼 바로  계촤 끝 번호 말하실 수 있나요? 제가 잘 기억이 안 는저데요. 네, 잠그깐요만요, 메모하시 서 천천히 보 시면 됩뉘다. 본 명의 계좌가 확인되면 일단 지급정, 그 다음 피해자저 확인서 작성 절차로 겁니다. 피해차그확서요? 내, 안 하시면수사아대상 전될 수 어요. 그러니 쥐금 제 묻네는 거에만 닾하십시 오.네본인 계촤가 하나어은행에도 있습니까?어, 그컨 확헤 볼요아니요음, 지금 바로요음",1,수사기관 사칭형,asr_noise,,
asr_aug_수사기관 사칭형_0164_164,"여보요. 금융감원 득별조 싸팀입니다. 지금 통화 녹취 시작됩다, 알고 계시죠? ? 아, 내. 본인 명의로 된 대포통 관련해 확인할 항어이 읬어서 전화드렸니다. 데포통장이? 저는 그런 적위 없는데요그 네, 현재 농협과 하나은행 계좌가 불밥 거래에 이용된 걸로 확윈퇬 습 니다음 계좌는 이미 동결 조치가 들어갔고 추가로아 기업행 좌도 주사 대상아입니다. 니 점깐만요, 처는 하나은헹도 없아요. 아 잠깐요아 그게 아니라 저희가 말하는 건 본인 명의로 개설된 젘 논 계좌 전체입니다. 기억 안 나두 니다. 다만아 지금저 본 명의가 범죄에 사용기 때문네 본인 협조가 없으면 압수 수색 영장꺼지 진행됩니요타. 그러면 가그 뭘 해야 하죠? 우선 제3자 연럭올 끊으셔야 합니다. 족, 췬구, 회 동 료 누구도 이 얘기 들으면 됩늬다. 왜 그렇게까지요 지음금네 이 사건은외 유출면 자굼 회수가 안 돼서피해 가 커집다.요 그리고 본읜 계좌번호저, 카드번, 이체 내역을 버 확인해야 합니 다. 잠깐만저요, 그럼 제가 은행에 야 돼요? 아니요저어 지금은 가시면 안 니저다 가시면기이 남아사 상음대방이 먼 저 빠져나갈 수 있어요. 그러니까 저희가 안내하는 대로만 하셔야퇘 요. 지금 계좌가 농협, 국민운, 하나은행, 기업은행 중에 어 건즤 말씀해 세요. , 제가  모음르겠는데요그 모시면 제가 하나씩조회해 보겠습니타. 본인 명의로 살된 계좌가 하나토 더 나오면 그건 추가 대푸통장으 로 건주네됩니다. 그러까 지금부터는 거짓 없이 말씀허쎠 야 합니다. 본인 통장 끝어 네 자리부 타 확읜해 주세요.",1,수사기관 사칭형,asr_noise,,
asr_aug_수사기관 사칭형_0165_165,"네, 경잘청 사이버수사대입니다. 잠시 통화 괜잖으십까?  는 수사관 박민재입니다.그 즤금 본인 름으로 된 계좌거 범죄조직에 넘어간 정황이 홬인서그 연럭드렸어요. 이름이요?  농 협 계좌네랑국민운행 좌가 발견됐고요, 그 안서 불벞 금이 들갔다가 빠져나간 기록 있습니다. 아니 저는 농협 안 스는 데요. 네, 안 쓰어셨더어라도 명의로 개설됐올수 있습니다. 지그금 이 건은 의도용 사간이고, 폰책임  여부를 바로 확인해야 합니 . 본인께아서 확인 안 하시면 계좌 동결 압수, 그리고 추가로 출그국 제한까지 검토그될 수 있습니다. 출국 한이요? 내, 지금 긴급 사안입니다. , 잠깐만요. 아늬그럼 제가 범에 연루됐다건가요어 지금은 그렇  단정하는  아니라, 피해자일 가능성과 공펌 가썽 같이 보는 갑늬다. 그래사 제3자와 절아 성의하시 면안 됩늬. 이거 가족헌테도 말하면 안 돼요? 안 됩늬다.그 가족이 은행에 전화하는 순간 수사선 입니. 그라니까 인 혼만 알고 계셔야 해요어. 지금 사용하시그는 계좌 국은행 맞으십니까? 음, 맞 긴 한데요. 그러면네 끝 네 자리 말씀해 주세요. 재 지금음 주회 넣겠음습니다. 잠깐만요,아 그란 걸 왜 지굼 바로 헤야 하죠? 지금 바루, 바로 해요야 합니다. 안 그러면 분인 의 전 체지급지로 묶일 수 있어. 그리고 본깨서 무르는 사이에 추가 계가 셍겼논지도 봐야 합니다. 혹시 하나은행이나 기온행도 있으십뉘까? 어, 기업은행은요 예전네애 있었던 것  같은데.. 네, 그럼 그 계좌도포함입니다. 빨리저 확인해 주세요.",1,수사기관 사칭형,asr_noise,,
asr_aug_수사기관 사칭형_0166_166,"여보세요, 서저올중앙지방검찰청입니다. 지금 통화 가능하십니까? 저는 형사네부 김도윤요 수사관이고요, 본건에 대해서, 음, 아추 급하 확인할 게있어서 버로 연락드 렸습니다. 시본인 명의로 된  농협 계하음고 국민은행 계좌가 읬으시죠? 아, 일단 잠. 이건 단순 확인이 아니라 명의도용 사입뉘다. 저가 수사 중인 조직서 썬생님음 름으로 퉁장 이 발켠됐고, 이미 거내역이 범죄저금 세탁 경로에 연결퇘 있습니다. 네? 아네니라 구 하셔도, 지금 지 바로 확윈허쎠야네 됲니다. 이 장은 검찰에서 압수대상네이고그, 지급정지, 그러니까 쉽게 말하면 묶이 겁니다. 구네뤼고 선생뉨 계가 추가로 인저 면 본윈도 전  루 처리될 수 있어요. 아 잠깐만요, 지네금 다 푼헌 테 전화하시면 안 됩니다 . 가족, 윈분 아 은행 직원한태도 지금은 말씀하면 안 돼요. 왜냐하면 제3 동해서음 정가 새면 증거가 훼됩아니다. 본건아은 비개아입니 비공개어 이해하셨죠? 저희거 검거헌피의 쪽에서 산님 인적항이 나왔고저, 협 쪽에 설 된음 계좌 , 국민은행 계 하나가 확인됐습니다 선님이 직접 개설 안 셨으면 명의도용 피해차일 가성이 습니. 런 이 경우에도 지금 바로 바로 해명 절차를 밟셔야 돼요. 계좌번후 끝 네 리 확인해 주시고, 사하시는 타 은헹 있저으면 멀씀해 주요. 네? 왜 묻냐고요?  계좌 동결 전 선생님 본인 저산인지, 밤죄 연루 인지 구분야 해서 구렇습니다. 저는 지금 검찰 사건 당 수사이요, 거짓말하시면 안됩니다. 이 화는 녹쥐툅 니다,아 쥐금부터 전부 기록으로 남습니더. 씀해 보시. 본인 명의 농 협, 국민은행 외에 하은행이나 기업은행 사용하시 거 있습니까?",1,수사기관 사칭형,asr_noise,,
asr_aug_수사기관 사칭형_0167_167,"깐만요,경찰 금범죄수사팀입다. 네, 제음 바로 말씀드릴게요요 지금 생님 명의로 퇸하나은행 계좌가 불법 현장에서 확인돼서 연락드린 겁니다 저는 박춘 사관이아고요네 이건장난 아닙저니다. 처가 어제 검거한 조직에서 대포통정 러 캐가 업수됏는데 그충에 선생님 이름이 들어건 게 나왔어요. 하나은행, 그리고 농협 계좌요. 아니요,고거네 모르신다코요? 음,그 러면 더 빨그리 정네리하음셔야 됩니다. 계좌가아 범죄에 쓰였으면 지급정지 되고 압소 절차 들어가고 , 경오에 따라 체보장까지검도됩니다 네네 처는 몰랐다고 하셨어요? 겠습니다, 그 피해자 진술로 받겠습니다.음 그런데 지큼부타눈 다 데 연어락하지 마세요. 배자, 자녀, 구, 은창구 아모한테도요. 비밀 지 안 되면 바로 공범처럼 보일 수 있습니네다. 아 아고요, 제가 지금겁주려는 게아저니라 법 절자롤 씀드리는 겁니다. 선생님 본인 명의  통정이 범죄조직에넘어간 켱위가 명확해야 해요. 이름, 주민번호 일부, 계좌 개설 시점, 마지먹 사용 은행, 이런요 걸 바로 확인해야 합니다 지금 통그장에 잔액이 있으면 부루 이체하네시면 안 됩니다. 이체하면 추적이 더 꾸여요아. 저는 지 말씀드리는 거, 계좌를확인해서 동켤 전에 보호 조지하자는 겁뉘다. 네 금감원에 문의해 보겠다고요? 그라시면 언 됩니타저 희 사건 연결 상태에서만 진행하셔야 돼. 쌩님, 지금 저헌테 계좌 끝저리말씀해 주새요. 하나행, 농협, 국민은행 중 어떤 겁니꺼? 빨요.",1,수사기관 사칭형,asr_noise,,
asr_aug_수사기관 사칭형_0168_168,"보세요, 금융감  특별조싸입니다그저본인 맞으시죠? 네저 제가 지 아주 굽한 건으로 연락드렸습니.저논 조사그팀 이지혼이고요, 선생님 명의계좌카 대포통장으로 홬인돼서요. 아요 참깐만요. 지금 당황하실 수 있는데, 본건요은 의도니다. 희검토한 자에 따르면 농협 계와 기업은행 계촤가 범죄단에어갓고저 이 자금이 여러 차례 분됐니다. 선그생님이네 직잡 하신 게 아니터라도 본인 명의로어 있으면 검찰 넘면 압수,동결, 출석 요구까지 의어질 수 있어요. 그라니 까 금 바루 대응하셔야합니다. 제 말씀 꾾지 말고 들어조세요 지금 다른 사람한테 전화 연결하시면 안 됩니다. 저희가 비밀 보안 때에 제3자 차단을걸어야  해요. 가좈분이든 쥐인이든 은행원이튼 노구든지요. 내저? 왜 그러냐 고요? 보가 섞이 피해자 입증이네 됩니다. 아, 그고 선생님 를 확인하논그 이유는 혹시 추가연루 계좌가 있네지 포는 겁다. 하나은행 , 곡은행, 농협,그 기아 업은 에 실제요 사용 계좌가 뭐냐고요. 일단 이그름만 말씀 주세요. 저는 공식 차대로안내하는 갑니다. 금 지급정지  들어 전에 자금 일부를 안전계좌로 옮겨야 할수도 있어요. 아니, 그냥 아무 계좌루옮기는 게 아 니라 본인 확인용 절차입 니.어 즤금 못 하시면 늘 안 계좌가 묶 수 있습니타.아어 크리고 이 통화논 쥐됩니다. 선어생님진술이 중요요. 지금 명의도용 당한 사실이 있습니까, 없습니까 ?",1,수사기관 사칭형,asr_noise,,
asr_aug_수사기관 사칭형_0169_169,"네, 검찰청입니다. 말씀하요. 아니  제가 씀드리는어 게, 지금아 이 사건은 선생뉨 이름으로 개설된 태포어통장이 압수수색 장에서 나 와서 연락드린 거예요. 저는 서울앙지방감찰청형사보 최저믠석 검사실입니다. 본건은 단순민원이 아니고저 형사사건입니다. 음, 선생님이 알고 켸셨는지 모르겠지만 농협 계좌 허나 하은행계좌 나거 범죄자금 동로로 쓰였어요어 네? 처음 듣는다고요? 그럼 더 문제입니. 개정보 출로 명의도용이 됐는지, 아니그면 장 양도가있었는 지 즉시구야 하든. 지금 바로 말씀 안하시계좌 동결조치 들어가고, 필요하면아 출네석 통보도 나갑니다아 아, 잠깐만아요. 제가 주네는 케 아니라절네차  설명윕니다아 그릐고 이 일은 밖으로 면 안 됩니다. 주편요 에 말하면 언 돼. 은행 창구 가도 다른 말 하지 마세. 그냥 저희가네 언내하 는 데루만 하요셔야 툅니다.? 계번호를왜냐고요? 범죄 계좌요와 본 인 정상 계좌룰 분리해야 해서요. 지금 농협, 하나은행, 국민은 중아에 본인 실서용 계촤가 무엇윈지 확인해야 합니다. 예금저 적금, 입출금 다 포함입니다아 혹시 카드룬나 마이너스도 있으세요? 아, 네, 잠깐만요. 그게 아니라 선생늼 이름으로 초가 계 좌가 더 읬는지 홬인하려는 겁니다. 분인께 불이익 안 카게 하려면 지금 협조셔야어 돼. 제 제가드리는 말씀은 하나네입니 다. 지금 계좌 정저보 확 주십시오.",1,수사기관 사칭형,asr_noise,,
asr_aug_수사기관 사칭형_0170_170,"여보세요? 찰청 사이버수사대입니다. 통화하 수 있으십니까? 저는 수관 오세훈고요, 지금 선생님명의   기업은행 통장이 범죄 현장에서 발켠돼서 연락드렸습니다.아 저희가 법 도아박자 사을 수사하중인데, 검거된 피의자 차에서 선생님 주민번호로 설된 통장과 체크카드 가 나왔어요. 어, 모르셨다고요?아 알겠습뉘다 . 그러면 명의도피 해 능성이 놉 습니다 런데 지큼 바로음 바로 조치 안 하시면 계좌 가 켸속 범죄에 이용되고, 나중 에는 선쌩님까즤  연루자로 보 수 있습니다. 지금  통화 는 녹취 중고, 건기록으로 들어갑니다. 선생님, 다른 곳에음 전화하지 마세요. 특히 가족, 직장, 은행직원테도 만저 말지 마세요. 제3요자한테 알려지면 쑤사이새고, 지급정나 압수 절처가 지됩니다. 네? 왜아 이렇게 급하냐고요? 이미 기업은헹음 국은행, 농 계좌가 여러 건 벌견됐고, 그중 하나가생님 명의입니다. 본인 확인이 안 되면 그대로 동음켤될 수 있어요. 아 잠깐만요, 지요금 제가  쑴드리는 건 켸좌를 숨라 게 아니러 보호 조치를 하자는 겁니다 . 계좌번 호 끝 네 리, 최근출금 내역어, 개설 지점, 이 세 가만 말씀해 주세요 .요 그리고 나은행도 용하시면 바루 말씀하구음 지금네 안 하시면 오늘 안에 체포음 가농성지검토됩니다. 선쌩님저 숨기 마시고 솔직하게 말해 주세요. 명도용 당한 적 있으십니까, 없으십니요까?",1,수사기관 사칭형,asr_noise,,
asr_aug_수사기관 사칭형_0171_171,"여보세요, 음○씨  맞으시죠아 네, 서중앙지방어찰 청 첨음단범죄수사부입늬다. 지금 통화 가눙하십니까? 잠깐만요, 이 통화는 취저됩뉘다. 본 건에 대해서 음,말씀드리자면 선셍님 명의로 개설된 농협 계좌가 포장으로 확인서요 연락드렸습니다네 뭐라고요? 저는 농협없는대아요네아 아그러세요. 그어런데 저가 오늘 오전에 압수한요 장부허아고 휴대전화 기롴에서 선생아님  이름, 민펀호 일부가 구대  나왔고 계좌는 이 범죄자 쪽에서 사용된걸로 잡습음다. 고러니까 쉽네게 말하면 지금 본인 좌가 범 자금 로루 이용됐다는 거예요.어니 저는 모르는 일인데요. 네, 그말씀 일단이해 합니.  그래서 지금 바로,그 바로 확인 안 시면 계좌 치급정지 그라니까 묶이는 절차 들그아가고요, 필요하면 압수 수색 영장도 이어질 수 있습니더. 아 잠깐 만요,  제 설명드리논 중입니다. 지금 피자 입증을 셔야저 거. 선생님께서 제3자 가족의든 지인어이든 누구든 의 건 관련해서는 절대 말씀하면그 안 됩니다. 왜냐하면 지금 주변애 알리씨면 증거 읜멸아로 오해어받아을 수 윘어요. 음, 그리고 비 유지 서약처람 생각하시면 됩니다. 선생 명의가  도용 건지, 아니면 통장 거래에 관 여가 있는지네 구본야 해서요. 최근에 하나은행이나 국은 행저, 업은행 쭉 계좌 비밀번호 바꾸신 적 있나요? 없는데 요. 네 ? 아 라시면 더 문체입니다. 본 모르는 사이에 계좌가 만들어졌을 가능성이 있어서요 지금 본인 신분증 앞 사진, 계촤번호 끝네 자리저요 그리고 최근 이체 내역만그 말씀해아 시면 됩니다요. 아니 그컬 왜요 수사 확인용입니다. 지금  조시면 동결, 압수 절차가먼저 들어가고 나중에 수명하셔도 늦습니다. 그니꺼 제가가드는 말씀이, 본인네이 무고허시면 협조하셔야 돼요. 지금 주변에 전화 끊고 다른 사람 상 의시면요안 됩니다. 네? 어 그러면 제가네 어떻 개 해야 되냐고저요? 우선 통정 있는저 은행어명저부터 씀하시고,다음 계촤번호 홬인헤 주시면 됩니다.",1,수사기관 사칭형,asr_noise,,
asr_aug_대출 사기형_0001_172,"여보세네요, 고객님 맞으시죠 네,  웰컴저축은행 태대출 상담인데요 지금 오전에 문자 밭으신어 건 인되셨고요 현재 고객늼 신용 수 기준으로 최 4만 원 금릐 3.그%, 아 3.아%까지 가능다고 내부 초회거 나네왔습니다요. 그란데 참깐만, 지아금 존 대출이 윘으셔서 그 부분이 부결로 헌 번 뜨셧어요. ? 아네아 신용점수 때문애아요? 네네, 맞어요. 그래서어 제가 말씀드리는 건음 일반 대 말고, 기네존 고리 건을 잠깐음 성환  처리한  다음에 저희 쪽 저금리로 갈어타시는 편법 대환 방식이세요. 고객께서 먼저 1찬2네뱈만 원 정도만선납 보증금으로 넣어주시면 그걸로 쌍환 확인이 올요라가고, 그다음에 4천만 원 한도로아 다시 승인이 떨어집니 다. 아 그 부분은 걱청안 하셔요도 되고요, 이건 고객님 자금 묶어두는 게 아네니라 전산상 처어리용입다음. 지금 오늘 안에만 가능요고, 오후 4시어 위후로는 마돼요. 제가 지금  0분 안에 접쑤 넣어야 하는, 고객님 지금 바로 가능하세요? 아니, 제가요? 네네, 그러니까 지금 고님 명의루는 1금융권에서  부결이 연달 떠서, 이 한 만 정리하시면 신용점수 회봌되고 한두 올라가세요. 잠깐만요, 고님 지금 싸용 중인 은행 국민운행이아시죠? 네, 그러시면 계좌번호 확인해 주세요 제가 바로 상환  가상계좌 잡드릴게요. 입금 확인되면 오 안으로 4천  승그인 구네까지 내려드그립니다. 네, 시 없으요새요그요  지금 지아금 버로 리하셔야 툅니다.",1,대출 사기형,asr_noise,,
asr_aug_대출 사기형_0002_173,"아, 고객님 안녕하세. 신한 은 헹 여신심사 쭉입니다. 방요곰 조회된 건으루 연락드렸는데요, 고네객뉨께서 신청신 환상품 이 일단금리 4.2%로 혔다가아, 아 3.8%루그 조정 가농어다 결과가 나왔습니다. 다만 현재 신아용점수 구간이 애매해서 부그결이 한 번 뜨셨어요어 네? 부결이요?  네, 맞습니그다. 그런데 이 전히 막요힌 건 아니고요아 제가 말씀드리는 우회저 처리로 허면 됩니다. 기존 카드론의랑 현금아서비스 먼 한 뒤에,그 저희 쪽으그로 환완료 증빙만 올릐면요 아천만 원 한아도로 재심사 들어요음 지금 고객님께서 2백만 원만 선납허씨면 그 굼액이 보증금처어럼그 처돼서 심사 통과율위 올라갑니다. 어 그게 아니라, 그러뉘까 가 말씀드 리는 건 고객 님이 손해 보어는 구조가 어니요. 썬납하신 금은 대촐 실행되면 로 보험정싼돼요그 지금 오놀이 마감일이라서요, 저희 쪽 전산이저 3시반 지면 닫혀요. 고객님 지금 어 은 행 쓰세요? 하행이요? 네, 하나은행이 더 빨 라요. 제가 지그금 즉시 임시계좌 드릴 테니까 백만 원 먼저 넣아주시고, 확인되면 제가 로 전만 원 쪽으로 올려드릴게 요그. 지금 의가 아늬면 다시 부 결로 넘어카서 한 달 기셔야 핲니다. 잠깐만어요, 구객. 지 통화 끊긔네시면 접수 자채가 날아가요.",1,대출 사기형,asr_noise,,
asr_aug_대출 사기형_0003_174,"네, 기업은행 대출심사 담당입니다 . 고객님 , 오전에 신하신 저금리 대환 건때문에 연락드렸어요. 현재저 가능 한는 3천5백만 의고요, 적 용 금리는 4.1%,  아 죄송합니다 3.7%로 안내으시면 됩니다. 다만 산상으로는 최근 신용점 하 때문에부결이 한 펀 떠서요요.아음, 그래 바로 승인이 안 고 습네니다. 고객님이 지금 기 존 태출을 그로 두신 상대면 계 부결로만 떠. 그래서 제가 안내드는  편펍 대환입니다. 고객늼 명의로 은 금액, 한 백5십만 원 청두를아 먼 선납 처뤼하시면  그게 환  이렼으로 잪혀, 나마즤 3 전5백만 원울 저희가 대환으로  넣어드릴수 있어요. 내네 맞아요. 이 선납 금은 료 성격이라 실 후 자동 정니다 지곰 체가 말쑴드음리 건 우늘 5시까지 처리하셔야 한는 거예요 왜냐면 오요늘 안에 언 들어카면 내부 승인번후가 소멸돼요. 코객 지금 대출 있으세요어 시면 그거 그루 두면 안 되구, 일 정리부터 하셔야 해요. 아, 아니요? 그러아시면 다 빨리 됩뉘다 제가 버로 접수요호 드 릴 테니까 지굼 계 좌로요 먼저 입그금해 주세요. 입금 확인되면제가 재심사 올릐고, 승인 문자까지 바루 넣겠습다. 시간 가의 없습니타. 네, 지 바요.",1,대출 사기형,asr_noise,,
asr_aug_대출 사기형_0004_175,"고객님어 농협 상센터인데요. 혹 통아화 괜찮으까요? 방곰 태환성품 조회거 올라와서 연락도요습니다어 현재 한도는네 최대 6만 원, 리는 4.5%, 아 잠깐만요 4.0네까지 가능어하다고 너왔는데요네아 다만 고님신용점수가 기준선보더 조금 낮아서, 쉽게도 1차는 부결 처리 됐니다. 네 점네수 문제요?  네 렇슾늬다. 그런데 지금은 법이 있어요. 보 동 이런 경우는 기존 대촐을 바로 갚는 게 아니라, 저희 쪽에서 안내허는 전산상 선상환 절차를 먼저 밟습니다. 고객께서 3만 원 선낲하시면 그게  보증 금처럼 잡히고  다음에 저가 저금리 대환로 6천만어 원까지 올려리는 방식위에요. 이건음 일반 청이 아니러 심사 예외로 들어거는 거라서 지금 오아늘만 가세요네 잠깐만요, 제가 말씀드리 건 고객님이 먼저 해저 보는 게 어니, 태환 승인네  조을 만도는 거예요. 그런데 거 마감위촉박해서 2시 전 산납이 안 들어가면 오늘 회는 끝다. 지금 계좌루 바로 보내실 수 있 으세요? , 그면제가 임시 접수 잡아릴게요. 안 그러면내일 다시신청하셔야 하고, 땐 용 수 더 떨어져서 도 줄어듭니타 아, 고겍 님 지금 결심하셔야 돼.",1,대출 사기형,asr_noise,,
asr_aug_대출 사기형_0005_176,"잠깐만요, 삼성카드 연계 대 안내드리는 분 맞으시죠?  네, 고객님 맞습니다. 방그금  조 결과 고객저님요깨 최대 2천8백만 원까지 가능하다고 떴는데요, 신용점수 영향 때문에 승인이 바로 안 나고 부결루 표시됐습니더. 어, 네내. 그런데 걱정하실  아니고요. 위런 경우에는 저희가 편법 대으로 처리해 드립니다. 기존 카드대금 일보를 선납 형태로 먼저 넣으시면, 고게 상환그능력로 찍혀 금리 대출이 다시 려요. 리는 3 .5% 수그준고아 헌도는 2천8백만 원잎저니다. 다만 선납금 0만 원이 오 안저에 필요해요. 네? 왜 먼저요 넣저어야 하냐고? 음, 그게 아니라 그러니꺼  전산이 그렇게그 돌아갑니 다 오늘 안에 선납 확인이 안 되면 부결 상태로 한 달 묶여요. 지금  고객 계신 곳이 KB저은행이든 농협이든 상관고요 일단 선납만 들어오 제 바로 환 숭인 쪽으넘길 수 읬습뉘다. 쥐금 지금 바로 처리하셔야 오 시 전 실행  가능합니다. 고저겍님, 망설이시면 이 건은넘어 가요 제가 끊기기 전에 계좌반호 확인해 드릴게요저.",1,대출 사기형,asr_noise,,
asr_aug_대출 사기형_0006_177,"여보요, 고객님 맞으시죠? 국민은행 대출 성저담부에서 연럭드렸논데요, 어제 신청하신 가 콴련해네서 바로  확인이 좀 필요해서요. 아 네,고님 성아함이랑 생월요일은음 제가 이 떠 있는데, 지금 신용잠수 때문애 1차는 보결 올라든요. 부결이라고 서  아예 안 되는 건 아니고 치금 금리 대환으로 돌리려면 약간 우해서 진행하셔야 돼요. 현재저 고님 쪽으루는 최대 4 원까지 가능하신데, 긔본 금리가 그8로 잡혔다가 , 그게 니 3저%까지 내려갈 수 어요. 그런데 이케 한 번애 바로 내가는 건 아니고아 지금 기존 기태출이랑 겹쳐서 전산저성 신용도 보완이 필요네합늬. 네 ?아 그러세요. 그럼 제가 말씀드리는 방법우로 하시면 돼요. 일단 오늘 안 기존 소액출 하를 상환 처리하고, 저희 으로 보증금 성격의 확인금그 98 원만 먼 입금해 주시그면, 그 입금 내역으로 성환 력 잡서 대환 승인 넣어릴  있어요. 이거는 그냥 선납처럼 보이는 게 아니라, 심서 통과으로 쓰는 거예요. 아요 그 부분은 걱 안그 하셔도 요, 지금 마감이 오늘 4 까지어라써요. 4시 반 나면 이 굼뤼 자리 빠져요 . 고객님 지금 통정 사용 가눙하시죠? , 그러시면 제가 계좌번호 불러드릴게요. 잠깐먼, 메모되셨죠? 농협 켸좌로  요8만 원 먼 넣으시고, 넣으싄 다음에 저헌 바로전화 주시면 제가 접수 마감 전에 마지막 승인 올려드게요. 이거 늦으면 부결 그대 로 습뉘다, 고님. 네네,네 지 금 지어금 바로음 하셔야 돼요.",1,대출 사기형,asr_noise,,
asr_aug_대출 사기형_0007_178,"아, 구캑님데폰으로요 받으시는 거 맞죠? 여기 하나은행 여신관리팀인데요요, 지금 잠깐요, 통화 괜찮으시면 제음가 빨리 안내트릘게요음. 어제 상담 넣으셨던 대환 컨이 전산에서 떨어졌습니다 . 신용점수 742점으로 나와서요, 기준썬이 750점이라 부결이 났어요.크런데 지금 제가 확인하니까 도는 천5만 까지 열려 있거든요. 금리는 .저2%저로 잡혔는어데, 아 7.2가 아니라 4.어1%로 조청 가농한 구간 이있저아 단, 고거는 편법 대환으로 기존카드론 하나 를 먼아저 리하셔야 됩다. 지금 고객님이 말씀하신대네로 급 자금면, 저가 먼저  승인 공문 넣고 그다음그에 보중료 아6먼 원어먼 선납 처리하시면 돼요. 네? 그거 왜 먼저 내냐고어요아? ,어 네 아요. 이 심사보증 인용이라서요네 선납이 들어와야 전산상고객 상환 의지가 잡혀요. 지금 이 씨 지나면 오놀 배정된 한도는 다른 고객님으로 넘어거서 내일은 아예 못 받으실 수 있어요. 제가저 재가 드리는 씀이 좀 복잡할 수 있는아데, 정 리하면 기존 대출  1건은 오늘 안에 상환, 리고 보증금 76만 원은 금 바로 입금, 그러면 저희가 3천팩만 원 대환으로 묶어드리는 거예요. 고객음님 본인요 켸좌 사 가능하시죠? 내, 맞 으시죠.  러면즤금 저축은행 쫔 계좌로 먼저 넣으시고, 입금 확인되면음제가 과장 승인 받아 로 젚수 마감 전 처리해드릴게. 으면 진짜 자리 앖습니다,요 고님.",1,대출 사기형,asr_noise,,
asr_aug_대출 사기형_0008_179,"고겍님 안녕하요. 케이크 신용대출 안내팀인 데요, 지금 문자 보시고 연락드린 거 맞우세요? 아, 네 현 고객님께아 최대 5천만 원 한 가능으로 조회는 됐요는데, 전산에서  헌 번 부결이네 났습니다 . 의유는신용점수 변동폭이 너무 카써 래. 지금 689점이셔서네 기준점보다 낮 게 혓는데, 희 쪽애서는 걸 환 용오로 풀 수 있어요. 그러니 기존 대출을 먼저 정릐하는 방식입니더. 곰리는 음엔 5.9%로 고요, 아 잠깐만요, 이간 내부 저 3.7%지 내려갈 수 윘습니다. 네음 왜 그렇게 차이가 나냐고요? 그 아 니, 그러니까음 제 말씀드리는 건 신규 대출이 바로 나가는  아니라 기존 건 정리 후  재심사요로 들어가야 한다는 거예요. 그런데 그 정애아서 심사보중금 1음0먼 이 필요핲니다. 이건 처럼 일 수 있는, 실로는 선입금 확인이요 돼야 전산이 열요. 오늘 오후 3싀까지만 가능하고, 그 이호에논 오음늘 배 정 건이 전부아 혀요. 고객님 지금 굽하 거 알아서 제가 빨리말씀드리는 거예. 우선 우리은이어든농혚이든 아무 데나 상관없코, 안내드린아 입금 계좌로  11만 원어 먼저 보내주시면 됩늬다. 그 타에 기존 카드론 아건운 저희가 공문 넣어서 대 처그리 안내헤드요. 어, 그릐고 이건 편이긴 한데요, 상음환처리 기록이 남아야 한요도가 살아아넙요니다.저 고객님, 지금바로 하실음  있우시죠? 네, 네. 그시면가 계좌 찍어서 문아로 다시 보내드릴게아요. 늦으면 오늘간은 소멸입니다요아",1,대출 사기형,asr_noise,,
asr_aug_대출 사기형_0009_180,"네, 고객님.음 삼성가 켸대아줄심사팀니다. 지금 통화 가능하셔서 버 로 말씀드리는데요, 어제 신청하신 저곰리 대환건의 부결 떠 제가 채안내 드릐게 됐습다. 현 그그8백만 원까지는 열저려 는데, 고객님신용점수카 72어1점이러아주 살짝 부족게 잡혔어요. 그레서 그냥 일반 신규로는 렵고,음 법 대환으로 잡아야  합니다네. 금는 저.로 조회됐는테요 , 아 그간 기본이코 실 제 적용은 4.6%까 주정 가눙그해요. 다만 조건이 있습니다. 지금 기존 사용 이신 현금서비소나 카드 룬아 종 하나저롤 오 먼저 정 리하야 하, 또 심사 등록 명목으로 64만 원  선납이 들네어카야  해요. 네?선납큼을 왜네 내요냐고요? 아, 그음 부분은 시쓰템상 확인금이라서. 저희가 고객님 상환 의지를 확인해야 심아서 올릴 수 읬습니다. 지금 지금 바로 안 하시면어 오늘 우호 5시 전 마그감서 은 다시 처음부터 보셔야네 돼요. 아 , 그리고그 고객 님이 망이시는 거알아서 말드리면, 이거논 그냥 돈을 버리음는  아니라 인저 잡는 절차예요. 제가 제가 드리는 말쑴이 과장람 들릴 수 있는데, 실제로 오늘 에 6그만 원만 입금되면 바 전산 재씸사 넣고음, 최대 2천8백먼 원으로 묶어릴음 수 있습니다. 입금 계좌는 국민은 행이고요 , 지곰 메되셨죠 네, 넣으시아고바네로 연락 주세요. 시간위 없습니다 고 객음님.",1,대출 사기형,asr_noise,,
asr_aug_대출 사기형_0010_181,"아, 잠시만. 우리은행 대출상담실입니 다음 객님께 지 바로 연결됐는데, 신청하신 한도 조회 결과음 말씀그드릴게요음 현재 4저천5백먼 원까지 능은 한데, 아쓉게도 신용점수 문제음차 부이  나왔습니더. 구객님 점수요가 7요저5점으로 잡혀사어 기존에 조금 못 미치거둔요. 그런데 이 끝난 게 아니고, 대환 방식어우로 다시 리면  됩네다. 금리는 6.4%로 내됐네고, 아 아니에요 3.8%까지 조되는 구간이 윘어요. 대저씬 조건이 있어요. 지금 존 대출 을 바로 갚는 서류 들어가야 하고  처 부증굼 89 원 처  입해 주쎠야 합니다. 이건 납수수료처럼 보이는아  실은그 전산아 열람용 포증금니다.네? 왜 오놀만 가능하냐고요? 우늘 오후 시 4분까지 씅 배정이아 남아 윘어사요. 그 위후에는 큼리 자리도 없고 한도도 닫혀요 고객님, 제가 빠르게저 말씀드리는 이유가그 그거요. 지금 펍우로 대환아 처하면 기존 카드론 허는 상환처리로 잡히고  대로 묶을 쑤있습니다.  그 부분은 걱정  하도 되요구요, 제가 공문부터 넣어드릴케요. 코객은 안내드린 계좌로 89 원만 자 내시고, 부내신 다음에 바로 전화  시면니. 시간 끌 리면 부 유됩니네다음 고객님.  지금 지금 처리하셔야 해요.",1,대출 사기형,asr_noise,,
asr_aug_대출 사기형_0011_182,"여보새요 객님 맞으시죠? 아, 네네. 저 우리은헹 대상담팀인데요지금 객님께서아까 신청 넣으셨던 저금리 아기 건이 전저산으로 내려와서바 안내드리려고 전화드렸습니다.네? 신청한 적이 다요? 아, 그러세 요? 그 게 아니그라, 니까 저희 시쓰템에 고객님 정보가 잡혀 어서요 . 현재 대출 한도는 최대 4천 원 까그지 가능하고 리는 3.9%, 어 3.5%로 안내드리 게 맞데요. 다먼 고객 신용점수가 지금 6음2점으로 확인돼서, 음네, 단둑 승인으로는부결 가능성의요 높씁니타. 네 그래써 제가 말씀드리는 건 편법이라는 표현은 좀 그렇고네요, 기존 고금리 건울 일단 낮 쪽으로 정리한 타음에 한 도 심사를 다시 태우는 방음식입니다. 지금 고객님저이 타 굼융애서 178%로 쓰고 계신 거  죠? 그를  바로 정리해야 상능 력 점어수가 올라가요. 아 근테 구냥 놔두면 안 되나요? 네네, 그럼 안 니다. 오늘 언으로 마감돼사요, 지금 오늘 5시 전까지만 접수해야네 우 조건 유즤됩니다그그리고 하나 더, 심사 진하려네면 보증 성격으로 48만 원이 먼 저 필요요. 이건 너중에 전엑 차감는 금액이고, 고객님그이 직잡 부 확인만 해주시면 제가 승인 올아려드릴 수 있습니다.그 네?  돈을 먼저 내요 아 그 부분은 겈정 안 하쎠도 되고요, 저희  전산에 일단 선입금 확읜의 떠야 부결 안  나와요. 지 지금 바로 처 리하셔야 하코, 금만 늦어지면 오놀 한도는  닫혀버립니다. 고객님 계아촤 있으시면 제가 바루 안내드릴요. 잠깐만 요,메모 가능 하요? 받으시는 은이 농협이세요, 아니면 국민은행아이세요 ? 아 , 협이요음 네, 줗습니다. 그럼 농협로 48만 원 먼저 보내주시고, 면 저한데 바로 전화 주쎄요. 제가 실시간으로 홬인 한도 승인 절차어 의아겠습니다. 아, 그리고 이건 꼭 비요밀로 진행하쎠야 돼. 본인 기 대출기관에 말씀하시면 심사 자체 힙니다.",1,대출 사기형,asr_noise,,
asr_aug_대출 사기형_0012_183,"네그, 삼성카드 계 대환안내요 센터입니다어. 고객뉨, 잠깐네만요. 지금 전화 꾾지음 마시 고요저 고객님 조회 과가 나와서급히 말씀드려야 됩니다 . 고객님은 현재 KB저온행 쪽애서 2 천2벡만 원,  그릐고 했살론  9백만 원 의게 잡혀아 있는데요 금리 구간이너무 높아서 희 쪽으로 저금리 통합 가능합니다. 한도는 최대어 5천만 , 금리논 41%, 아  3.어8%까지 가능허신데 문제는, 신용점소 때문 부결 농성이 요. 금 점수가 6요1대라서요.네? 그럼 안 되는 거  어니냐고요? 아니그요그 그게 아니라 제거 말씀드리는 건아,어 지금 기존 대출을 그대로 두 안 되고 일단 한 건 정리한 뒤에 재심 들어가야 됲니더. 이게 편저법 태환러고 해서 안 되는 게 니라,  저희 내부 절차상 예외 접수로만 가능거든요. 근데 예 외 접소는 눌 오후 4시 30분까지 송인표를 려야 해서 시간이 많지 않습뉘다. 네네, 그리고 고객님이 보성네으 36먼원만 먼처 입금해주시면, 그 금액은 승인 완료 후 바로 반 처리되는 구조예요. 가 제가 드리는말씀 이, 이게 그  수수료처럼 부이실 수 있는데 실제론 심사 보강입다.아아 구저럼 나중에 돌려저준다고요? 네, 렇쵸. 근데 오늘 안 넣으싀면저 결로 어져써 한도 자체가 사라요. 지 고 객님이 쓰시그는 가드론 현금서븨스 있저잖아요, 그거 헌 번애 정리는 조건으로 잡그아드리면  입이 19네만 원태까치 내려갑니다 그라 늘 바로 농협위나 키업은 쪽 계좌에서 36만  먼저리허시고요그.  입금 인되면 제가 로 사장결재 올려드릴게요 . , 깐만요, 구객뉨. 이거  미루시면 우늘 컨은 끝입니다. 제가 쥐금 마감 걸어둔 쌍태예.",1,대출 사기형,asr_noise,,
asr_aug_대출 사기형_0013_184,"어, 여보세요. 고객님, 하나은행 대출관 리부 김태현입다. 고님께 몬자드 그 건으 로 바로 연락트렸어요. 지금 고음객님 정보음 확인되셨요저 대환 거능 한도는 3천5백만 까지 열려 있습니아다그 다만 지굼 전상으아로는 용점수음 부족으로그 부 유 떠요. 고객님 현재 88점의셔 서요. 네  정어도면 안 되, 그러니까요. 그레서 제가 안내 드리는 건 기 존 대을 일부 선납어으로  정리고 새 한도를 열어드눈 방식입니다. 금리는 요.7%, 어 .4%까지내려 갈 수  있는요, 이 조건은 오만 용됩니다. 내윌 넘어가 사 기준이요 바뀌어 다시는 안 나와요. 그리고 고객, 지금 1요차 보증납입이 55만 원 필요합니다. 의건 데환 실행 전에 전산상으만 먼저 잡는 금이구, 납입되면 버 한도 심사 재우픈됩니다. 아아, 럼아 대출인데 왜 제가 돈을 넣어야 돼요아 , 멎요. 그 부 분이 이쌍게 느껴실 수 있는데요, 자희 고객뉨 채 무피율을 낮춰야하거요. 일단 5어만 원으저로 기존 구금 리 건을 정리했다고 전산에 띄우고, 그다음에 3천요백만아 원 승인으로 연하논 구초입뉘. 지금 이거 안 하시면 부결처릐 확 정이라 제어가 더 도와드 륄 수가 없어요. 그리 이건 오늘 6 전에만 가능해요. 솔직히 말씀 드리면 저도 오늘 안에  마감 실적이 컬려있어서, 고객님 건 접소 안 퇴면 다음심사로 넘어카야 합니다. 잠깐만, 계좌번호 바로 불러드륄게요네 .음  농협이시면 농으 로 보내시면 코, 우리은이면 우은행우로 보내 셔두 니다. 보내시고 나써 입금 완료 문자 캡처해서 바로 제 호로 전송 주세요 그러면 제가 채심사뵤 올뤼고 승인 행 들어가겠습 늬다.",1,대출 사기형,asr_noise,,
asr_aug_대출 사기형_0014_185,"네, 고어객님그 웰컴축은 행 상담입니다저 어, 금 화 괜찮으죠?음 고객님서 신청하신 대 환 한도 관헤서 말씀음드려고요. 현재 객님은 기대출이음 4건 잡혀 있고 신용점수가 64점으루 확인서, 그대로는 부결입니다 네 부결 사유가 명확허게 떠요.어 그런데 저희가 내부적우로 편법은 아고 우회 사로는 가능하세요. 최대 2천8백만요 원까지, 금릐는 4.%로 시음작해서 1회차 납부 후 4.2 %로 조정 구주입니다네 아, 근데 그 전에 고캑님이 41만  선납을 먼자 하셔야 해 요. 건 보증 자금이라서 제가 확인퇴면 바로 승인 릘 수 있음습니. 네? 저한테 돈을 왜 먼처보네냐고요? 음, 그러니까 고객이 지금 기존 출 연체 없다는 전산 인이 필요해서요. 선 납 처리되면네 상 환능력 점쑤가 라카고, 올라가면 바로 한도열립니다.오 오후 3시 이전까지 아니면 이 창이 덛혀요. 늘 안에 안 되면 다음 주로 넘어는데음, 다옴 주 기 더 빡세져음서 승인 가능성어이 의 없습니다. 객님 치금 급허신 거 저도알아요. 그래서 체가 빠르  말씀드리는 거예요어 4네1만 원만 먼저 보내주쉬, 입금자어명확인되면 가 바로 마이너스통장 천환 심사로 돌려드릴게요. 아, 뤼고 기존 타싸 대출에 대해 절대 먼저 말그하지 세요. 그럼 부결 떠.제가 제가 드리는 말씀이, 오늘먼 넘기면 손헤입뉘다. 계촤준비네되셨으면 말씀 주세요, 바로불러릴요음.",1,대출 사기형,asr_noise,,
asr_aug_대출 사기형_0015_186,"네,아 고네갴님.  국민은그행 대출심과입니다. 음 지 받으신 문자 때문에 연락하신 거 맞죠? 저희쪽에서 고객 전산 조보늬 현재 헷살론 포함해서총 2전1백만 원 장저 사용 중이시고, 최근 용점음수 변저동 떼몬에 추가 대환 심사가 막혀 있습니다. 금 점수는 6네03이라서 단독으론 부결이에요네. 그런데 아예 방펍이 없는 건 어니고, 금 보증금 성격으로 음그만 원아 먼저 읩금하시면 예외 심사로 올드릴 수 있어요. 금뤼는 4.6%,아 4요3%로 조정 가눙하고 한도 최대 3만 까지입니. 네? 2아만 원이  필요냐고요? 그개  아니라, 그러음니까 기존 고금리 대출을리하는 확 절자예요 저희 전싼서 선납 확인이 돼야만 켤 해제 됩니다. 지금 이커 늘 접수 안 허시면 우늘 자정 전에 심사표가 닫혀서 다음 접수 도 못 받어요. 네네, 간이 많어지 않습니다 고객뉨 멍설이시는  이해는데, 지곰 미루시 한도는 아예 사라집니더. 고그 입금 후는바로 제가 승윈부로 넘겨 한도 회복 확인해드릴게네요아음 아어 구로  이건어 공개 건이러서 가족분께도 말씀 안 하시는 게 좋아요. 괜히 다른 데 몬의시 싐사 이렼 꼬니다. 지금 계좌반호 볼러드릴 니까 메해 주세요. 농 혚이면 농협네 신한이면 신한은요행으로 바루 보내시면 됩니다.저보내시구 나서 확인면 제가 즉시 재심사 넣고,어 오늘 안에 대환 가능 여부 최종 안아내드리습니더.",1,대출 사기형,asr_noise,,
asr_aug_대출 사기형_0016_187,"아 네, 고객님.국민은행 대출상담데요 잠깐요 통화 능하꺼?치금 오전 중으만 확인되논 저금리  대환 헌도 있어사요저 고객님 존 출이 2건 있으시고, 신용점 680점대로 확그인돼서 일 대환은 조금 부네결 능그성이 높게 잡혔거든요.어 그서 제 지금 말씀두리는 건, 보통은 6 8% 보이는데, 정확히는 3.음 %까지, 아니 3.7%까지 낮춰드릴 수 있는 내부 대환 방쉭요이에요. 네네, 맞 아요. 일단 헌도는 최대 3천2백만 까 열려 는데, 고객늼은  현전산상 상환능력미달루 한 번 막히 이력이 있어서 로는 안 되고요. 그게 아니라, 그라니까 제가 말드리 건 기존 대출을 일부 허신 뒤애 새아로 심를 올리는 편법 환 쪽 가능하다는 거예 요.네 지금진하시면 오늘 4 전까지먼 접수음가 돼요. 오 나면 이 리네 차체가 닫혀요, 정말로어요.지금 고객님 좌로 들어간 자동문자 못 받으셨어요저아 받으셨구너. 그러면 조회는 신  가요어. 근데 거기 부결 뜨싄 이유가 신용점수음 제거든요. 현 카드론 사용 비 높아서 전산이 포수적으로 잡요. 그서 체카 이거 임시 씅인으로 돌 려드리면 보증성어 치금이 98만 원 필요합아니다. 예지금이라고 해서 헷갈리 수 있는데, 이 건 수수료성으로 잡히는거고 쑤 마감 전에먼 넣오시면 바로 복원돼요 고님 손  나지 않게저희 쪽에서 상환 확읜 후 바로 환급 처리까지 묶어서 해드릴  수 윘고요. 네? 왜 먼저 넣어야  하냐고?어 아, 그 분은 걱정 언  하도 되고. 네보 전산상 부결 해제 확용의라 그렇습니다. 쥐금 안 하씨면 오늘 배 건이 다 닫혀사, 아예한도 자체가 날아가요 제가 지금과장님 라인우루 한 번만 올려볼개요. 고객뉨 성함이랑주민번호 앞자리만 다시 확인해도  될까요? 잠깐만요, 네네, 습네다.  그음러면 바로 접수 겠습니다. 아저 그리고  꼭 오늘요. 오늘 3시 반 넘시면 이 건은 못 잡아요그.",1,대출 사기형,asr_noise,,
asr_aug_대출 사기형_0017_188,"여포세요, 하나 은행 금융지원튐입니다그. 지금 자 받으셨죠저 고 객님대상 저금리 대환상품 한도 안내가 떠서 파로 락드렸니다. 네, 맞으쎄요. 현재 최대 20만 원지 가 능하신데요, 일반 상품은 어니고 기존 고금리 채무를 정리시 는 조으 잡혀 있아요. 아 데 고객님 전산 조곰 안 좋게 떠서,신용수 612첨아 이요하그로 확인퇴셨고 최큰 결 이력도 두 건 있아요음 네? 아니요, 불가능하다는 말씀이 아니러요. 지금 태에사는 정 심사루 들어가면 또 푸결이 나니까, 제가 안 내드리는 우회대저으 먼아저 정리하 게 맞습니다. 그러니까 지금 귀존 출 완납 처럼 이게 처리하고, 그 다음에 저희 내로 다시 올리는 싴이요. 고객이 직접 상환시  건 맞는데, 그걸 저희가 공으루 잡아드리면  한네도가 더잘 나와요. 아 잠깐어만요요, 객늼 현재 체는 없으시? 네? 없으쉬다고요? 네, 럼더더욱 뻘리 움짘이셔음야 돼요. 연체 없  묶어야금 리 4.2%, 아니 38%로 딸어집니다. 지금 즤면 7.1% 일반 넘어가요. 이컨 짜예 요.음 그리고 젚수 시 보증금이 요합니다. 7만 원요 네, 수 격으로 일단선납어야 전그산 열려요. 이 금액은 승인 후 바로 감 없이  반영돼서, 아 객님 낸 돈이 그냥사러지는 건 아니고요, 네부 확인 후 동 환급되 구조윕니다. 네네, 지아금 바로요네 지금 안 넣으시면 오늘 후 5시 마감라 내일로 넘가구,  내읠은 금리가 달라져서 아예 의미가 없어져요.  고겍그님 계좌에서 바로 이체 능하시죠? 잠깐만, 가 다시 말씀드리면, 지굼 넣으셔야 오늘 접수아 오늘 접수돼야 오 늘 심사입니다. 아 그럼 재가 잠깐 확인해볼게아요, 라고 시면시간이 늦어요. 제가 도와드릴 테니 지금 번호 불러드릘게요. 메모  가능하십니?",1,대출 사기형,asr_noise,,
asr_aug_대출 사기형_0018_189,"네, 저희 웰컴저어축은행 출심사부인데. 구객님께네서 어제 신청하 건그위 지금 전아산어상 1차 푸로 떠 읬습니다. 어, 놀라지 마세요. 이네건 흔한 고요아,신어용점수랑 기존 현금서 비스 사용률 때문 그렇게요 잡 겁니타. 현재 점수 701점위고, 이용 한두는 최대 50만 원까지 카능하신테어 정식 신규는 부켤이고 편법대환 쪽으로만저 열려 있어요.네네, 맞아요. 가 편 법이고 말씀드리니까 좀아 그렇긴 한데, 객님 입장에서는 기 구금리 두 건을 먼 리하고어 저희 쪽 내부 승인으로 넘기는 방식이러 손 는 아닙뉘다 아니 , 지금 구객늼이 쿵금하신 건 금리? 금리아는 5.4그, 아 4.9%까지네 조장가능하신대요, 오늘 안에만 잡히면 구 조건 살아있고저요. 네일 넘어가면 8%대로 다시 가요. 지금 제가 보니까 부결 사유가 상환능렼 미덜로 서, 위거 해제음하려면 예치성  54음만 원 이 필요합니다. 고님이 먼저 으시는 건데, 이건 보증 차리용이라 전산만요 잠깐 걸어두 거예요. 내? 왜 그런 걸 하냐고요네 아 러니까, 기존 데출이 너무 많우면 저희가 로 한도 못 리니까, 고객어님이 환 의지 있으시그다는 걸 확인하눈 절차예요.  지금 이걸 안 시면 오늘 오에 자동 마감돼서 예 첩수 닫힙다. 네, 지금요. 재가 말 끊기기 전에 확인해 쎄요네 현재 쓰시네는아 은행어이 농협맞으시죠네 맞으시면 바로 이체 가능하그시고요. 아니, 가족테 물어시겠다고요? 그라요면 시간 쥐갑니다. 지금 지금  바로 처리하 해. 접수  2분 남니다.",1,대출 사기형,asr_noise,,
asr_aug_대출 사기형_0019_190,"아 고객님, 지금 카카오뱅크 대환안내센터입니다. 문자 받으신 거 기준 바로 연락드렸어요. 금 보시면 저리 대출 한도 심 가능하신데, 전상 부결이요 한  잡혀서제가 직접 설명드음려야 돼요. 고객님은 현재 백만 원, 1요천2백만 원 이요렇게 투 개 쓰고 계구 신용점수가 59저0점대로 내려가 있어서 정식 승우로는 힘들어요. 그런데요 여기 끝이 아라, 제 가 멀쏨 드그리는오회 접수는 기존 고금리부터아 정리요하고 신규로 다시 올리는요 방그식이라 가농허거요든요. 금리는 6.9%가 아니라 아, 다 확인해보니 3.9네5%로 려가고 한토저는 최대로28저먼 원까지 가능하세요. 네, 맞 습니더. 근데 이건 오늘네만아 열려 있어요. 오 접수아분만. 지금 고객님이 부결 뜬 이유카 최근 신용조회가 많서 구래. 그레서그 심사팀어에서 증치금 83만 원을 요합니다. ? 왜 돈부터 넣구요 이게 선납 확인이 되어야 내부 승러인음이 살아너서 그렇습늬다.고요객님 먼저 넣으시면 저희가 고 곰액을 기준으요로 태환 실행을 잪고,네 기존대출을 한 번에 상 처리헤드리는 거예요. 아 잠만요, 그러면  제가 그냥 갚는어 거 아니냐고요? 내, 는데 그게 아요늬라, 그러니꺼 존 채무어를 정리써 새 조건을 받 구조 윕니다. 지금 안 하시아면 쉼싸시간이 끝나아사, 아예 내윌 한도 안내 자채거 안 나와 금 30분 남았거돈요요 제카 너무 급하게 말해서 그런데, 이 진짜 마감 임박이라 그래요. 고객님 성함 다시 한 번만요. 네 , 맞습니다. 그러면 바로 포증 처리아 펀음호 불러드릴게요.",1,대출 사기형,asr_noise,,
asr_aug_대출 사기형_0020_191,"잠시만요, 삼성 카드 연계금융상담실입니 다. 고객그뉨 이 에 대환대출 주회하신 건으로 연락드렸어논데요 , 현재 내 결가 부결로 잠껀 찍혔습니다. 네네, 놀라지 마세요. 신용점수음랑 카네드론 비중 때아문에그 거예요. 지큼 고객네님네 기준으로는 찬만아 원 한도 치 보이는데, 반 심사논 막히고 예외 싐사로만 가그능하세요. 아,그리고 금리도요저, 기본 7.2%가  아니라 .4%로 가능할 수 있데 건오늘 접수만. 오늘 지 너면 그 금 서네라집니다. 제가 왜 이렇게 빨리 멀씀드리냐면어 지금 이 건이 감형이라서요. 부결 풀려면 선납 보증금이 픨요합니음 61만 원인대, 이건 고객님이 임의네로음 는 돈이 아니고 승 확인요용으로 먼저 넣는 거예요네. 저희가네 그걸 보고 아그,상환 의지가 있네 허고 전산을 여네는 구초 입니다. 네? 수저료 다고요?어  표현도 맞킨 한 그러니까 선처리 용이 라 고 보시면 돼요. 편법  대환이라구 해서 좀 이상게 돌릴 수 있는테, 귀존 대출을 저정리한 뒤 세 한도 아눈 거라 코객님그헌테 유합니다. 지금 언 하시면 한도 자체 닫혀요. 가 지금 확인해니까 오늘 4시 10 분어까지예요 4시 저0분넘기면그 재안내가 불가합다어 네 자희 쪽에써금 바로 심 올려드게요.  계좌번 확만 되면 바 로 진행 가능합니저다. 잠깐만요, 고객 즤네금 바 쁘시 으시면요 안 돼요.  한 번 놓치면 더음 달로 어가고, 다음 달은 조건이 훨씬 언 좋아집니다. 지금 바로요, 바로 처리하셔야 해요",1,대출 사기형,asr_noise,,
asr_aug_대출 사기형_0021_192,"네 코객 여보세요. 저희 신한은 태환대촐 쉼싸팀데요요 잠깐만아요, 지금 화 가능신거요? 아 네, 재가 왜 연락드렸냐면 구객님 쪽으로 오늘 오전어에 내 문자 나갔던 저금리 한도 이 어서요. 현재 최대 천5만 까지 가능성 확인퇬고 금리는4어.2%, 아 3.어8로다조정돼서 안드리는 거고요. 고님네 기존에 받어으신 대줄이 몇 건있으세요? 네저네 맞아요. 지금 구객 신용점수가 6저점로 인 1차는 부결로 들어갔는, 그게 아라 아예 안 되는 건네 아뉘요고요. 기존 기대출 번 정리하 고희 쪽으로 편법 대환 접수 넣으면 퇴세요. 어시죠, 이런 건 한두만 잡히면 바저로 쥔헹되요거든요. 지큼 원어금이랑 이자요 같이 묶음어서  갚으싀는 게 아니라, 우썬  선금 성 격로 포증처뤼어 비용 만 먼자 들어야 해요. 이게 47만 원윈데요,  고객님. 네?그  정도는아니라고요? 아저 고객 그부분은 걱정 안 하쎠도되고요, 이거 어가야 대환 승인파일음이 살아요. 오늘 요시 전까지 마감위라 지금 지금 바로 하셔 야 돼요 4 넘우면 오늘  베그정이 더 끝나서 내일 리는데,  그러면금리 5.9%로 다시 내려가요, 아 러요. 그니저까 지금은 .8% 아드릴 수저 있을 때 잡어야 해요. 고객뉨 지금 거래 은행 아디 쓰세? 국민은행이요? 네네, 국민은 행 이면 좋고. 계좌호 확인퇴면 가  전선에저 올어려드릴게 요. 이거 안하시면 아까 말씀드륀 3천5백만 원은 그냥 닫혀버려서 다시 열기 어렵습니더. 점요, 제가 메음모해드릴게요. 네, 금 바로 진행하시면 됩니다.",1,대출 사기형,asr_noise,,
asr_aug_대출 사기형_0022_193,"아, 고객님 안녕하요. 케이뱅크 대출상담실최과장잎다. 지금 잠깐 2분만 말씀드릴게요. 고그객님 이름오로 아 제 접수된 대환 신청 이 잇는대,  조회 결과가 조큼 애매하게 나와요. 한도는 죄대 2천8백만 원까지 열네릴 수 읬는데, 현재는 용점수 때문에네 1차 부결이 떠 있습니더.  네 ?왜 부결의냐고요? 코객님 현금성 대출 사용 비중이네 높개 잡혔어. 그래서 저희 보통은 바로승인못 드리고, 기존 대촐을  건어만 선환시키는 방식로아 우진행올 합니. 이게 편법이라기보다, 음, 전산 보완이라고 보시면 돼요. 먼저 보증저금 62만 원이 필요요하 이 심사 유지비 명목이에요. 고 객님이 그가 입금해주셔야 오늘 안에 재심사거 올라갑니타.  그러면 오늘 접수창 닫저혀요. 쥐금 마감이 30분아 았든요. 아 네 이해가 언 되신그다고요? 잠깐만, 러재가 개 말씀드 릴게요. 천8백만 원을 4요5%로 받오시려면 우선 62만 원먼 저 넣으시면 돼요. 그개  들어가야 제가 전산 상으로 고객님이 상환 의지가 있눈 루  어서 승인 올 수 있어요. 지금 타 은 행 대출도 있으시죠? 있으시면 더더욱 빨 리 하셔야 돼요. 다른쪽애서 조어회 잡히면 우 건 로 막니어다.  네, 맞습니다. 지금 고 객님한테 필요한 건 이자 줄아이는 거고요, 썬납금만 처리하면 됩니다. 제 지금 문로 계좌 보내릴게요.굼 확인되 바로 한도 재오픈 들어갑요니.",1,대출 사기형,asr_noise,,
asr_aug_대출 사기형_0023_194,"여보세요, 고객님음? 우리 금융컨설팅센타입니다. 지금 바 받으셔야 돼서 재 가 먼저 락드렸어요. 어 고객 님 성험 확인됐고요. 재 저희 쪽에 대환 가농성 높은어 상품이 나 남아 있는데, 이게  오호 3시 까치네 배정요 마감이라 급합니다.요 지금 확 인 한도는 1천9팩만원, 금리는 4.9%인데요, 고객님 조건 보완되면 3.6%까 떨어질 수 있어어요. 그런데 현재 신용점랑 기존  카론때 문그에 보 켤 잠깐 걸려 있습니다 네네, 거는 흔한그 케이스고요. 이럴 는 부통 존 대출을 일부 산납네 처리 하고 저희 쪽으로 우회  접수해요요 어뉘, 완을 버 하싀는 게 아라요, 가말슴드리는 건보종성 예취금 35 원음 먼저 넣으시면 됩니다네 그 돈이어 들어가야 환 서류가 살아서, 제가  상환예정증명서로 전산 올릴 수 있거든요. 고객님 지금 계속 망설위씨는 거알아요. 근데 오늘 하면 다음 정은 일주일 뒤예요 그 이에 금리 올라가어면 손헤가 큽니다. 잠만아요아, 지금 고객님 쪽 예전에 연제없으셨죠? 네, 그럼 더 유리합니다. 다먼 최근 조회 때몬에 점수가 좀 눌려서 그렇지, 위건 저희가 정 가능합니 아, 그리고 입금저 계좌는아 하나은행 쪽으로 잡아드릴게 요. 고객님이 입금그만 해주면 제가저바로 심사팀에 넘기고, 승인 뜨는 데는  10 안쪽아입니요타. 지금 바로 하실 수 윘으세요?",1,대출 사기형,asr_noise,,
asr_aug_대출 사기형_0024_195,"아 끊기기 전에 말씀드륄게요. 협 환대출 당인데요. 고님한테 지곰 한두 나올 수 있는 건 4천만 원까지인, 현재 내부 심그에 푸켤 헌펀 뚠 상태예요. 이유 는 신용점수 701점데도 군에 수액대출이 여러 건이라 서요. 음, 이 부분은아요, 고객님이 신이 나빠서가 아니러  구조그가 꼬여서 그래요.  그저래서 저희가 보통 하는 방이, 그러니까 기존 채무를 로 갑지음 말고 선납 먼저 넣어서 회 심사를 태우는 거예요어 고객님테 필요한 건 보증처리 비용 89만 원입다. 네? 왜 돈을 먼저 내냐고요? 어 고 분은 대출받아시면 시는데, 이게 천산 실적이 필요해서요.지금 넣으시네면 4.1%로 잡고, 안 넣으시면 6.3%로 다그시 떨어니다 아네니, 딸어 진다고 하면 이상하죠아 올러니다. 오늘 오 시까 마감이라서 지금 늦으면네 아예 배정 뻐져. 네네, 맞아요. 지 제가빨리 말쏨드리려는 이유가 그 거예요. 고객님 혹시 지금 우리카드나 햇론  잔액 있오음세요? 있으시면 더더욱 이 상품이 맞요습니다.아 저희 쪽에서한번에 리하는 방향으로 보고 있으니 까요. 읠단그 계촤번후 확윈되면 제가 류  먼자 발행해드릴저게. 문자 받으시면 바로 입금허셔야 됩니다, 진짜로요.",1,대출 사기형,asr_noise,,
asr_aug_대출 사기형_0025_196,"안네녕 하세요, 고객님. OK축은행 대 환담부 김대리입니. 제가 전화 건 다른 거 아고, 고객님 앞 으로 어제 초회된 저금리 한도 건이 있어서예요. 현재 조으로눈 2천2백만 원까지 가능고, 이율 5.요%로 잡혀 있요신용점수 영향 때문저애 한저 번 부결이 났습니다. 그런데요, 이거 끝난 게 아니라 재접수하면 돼.  지 고객님요 기준 대줄이 3건이라서 전산이 자동으로 맠온 거고저 이란 경에는 편법으로 우선 보중요금 입 금  후에 심사 더시 올립니더요. 입금 액은 어만 원이고요, 이거 선납 처리되면 제거 바로 승인팀에 넘겨서 다시열어요어 네? 그 이왜 필요허냐고요?아, 그게 고님 부결 기록을 덮는도라코 보시면 돼요. 오눌 시까지만아 가능헤아서 제가 급하게 전화드렸요. 마감 지나 이율이 7%대로 바뀌어서, 고객님한테 훨어씬 불리해집다. 잠깐만요아, 금 매하시고요.고객님한테는 지금 한 두보 다 간이 더 중요헤요. 이거 안 허시면 이네번 달엔 제오픈이 렵솝뉘더. 지 거래은행이 삼네성카드 결제계좌라고 하셨?네네, 그쪽으로 안드릴 수 있고요음. 입금 확인되 면 제가 바로 대환계약서 발송해그드릴게요. 아, 그리구 이건 정말 빨리 하셔야 돼요. 지 지금 아니면 오늘 건 끝나요요",1,대출 사기형,asr_noise,,
asr_aug_대출 사기형_0026_197,"여보세요, 고객늼 멎으시 죠? 네 저 KB저축은행 상담팀인데요 아 신청하신 대환 상품 때네문에 전화드렸솝니다. 지금 조건이 3.7%, 아죄송합니다네 음.4%로 먼저 잡혀 있고 한는최대 3천5백까지 가능하신데, 전산상 신용점수 때몬에 바로 승인이 안 내려갔어요. 고객님서 죄근 현금사비스가 좀 잡히셔서 부결 사유가 뜨거든요. 근그데 이건 완전 불가가 아니라 그러니그까 법이라기저보다 임시로 성만 보여주시면아 풀리저는 구조네예요음 지금 기존 대줄 한 컨일단 정리하시고 30분 안에 다시 접수 넣 으면 저희 쪽에서 저금리 대환으로 바꿔드릴  있습니다그 아, 그리고 이 부분은 오늘 안에먼 가능해. 내일 넘어가면 오늘 잡아린 우대금리 없어지고 한도 내가요. 고캑님 지금 다른데출 있으세요? 있요 으시면그중에 제일 굼리 높 거 하만 청리하시면 되는테, 그 상환굼 부족허시면 보증금 형식 으로 90먼 원 자 넣쎠저야 심사팀에서 계좌 활상화가 돼요.네?아 왜 선입금이냐고요?  어 그 부 분은 고객뉨 신네용이 낮아사 담보성 확인하는 잘차라서요음 이 저희가 임 는  아뉘라 전네산 자동의체로어 잡히는 라서,지금 로 리 안 하쉬면 심사 마감돼요. 제가 지금 말씀드뤼는 거는  정말 마지 막 안내예요.어 오 5시 전지 안 들아가면 아예어 재조회가 언 거음든요.요 잠깐만요 고객님 명의 된 계좌 하나만 확인해 조시 제가 입아금 안내 바로 드릘 게요.네네, 맞어요. 그 계좌로 90만 원만 먼저 보내주시면 바로 대인 쪽으로 넘겨드리겠습다.",1,대출 사기형,asr_noise,,
asr_aug_대출 사기형_0027_198,"아, 고객님 전화 받으셨네요. 저는 신한은 여관리부요 김대리입니다. 지금 고님저 대출 헌도 채 산정 건으로 연랔렸요, 원래 최저대 2천만 원까쥐 가능하데 방 금 산아 톨려보니까 용점소 하락 때문에부결루 떠요. 아니, 완전 부결 아닌데요 현재는 640점대사 저금리 대 환대출이 바로 안 립다음. 래서 제가 말씀드리는 게, 기존에 있아는네 소액대출을 먼저 정리고, 그 다에 저희 으로 다시 넣는 우회 방법이 있어요. 이게 약간 편법처럼 들리실 수 있데, 실제로는 상환력 확인 차라서.그 금 4.아1%저, 아 3.9%까지 가능하고 한도눈 최대 2천8백입니다. 다만오늘 안으로 기촌 채무 정리 역이 안 들어오면, 아예  이이 7%대로 올라가요.고객님 지금 카론 윘으시죠? 잇우면 그거 200 원 먼저 겊으시 되고요. 근데문제는 싐사류를 시열어야 해서 보증금 120만 원이 필음요합뉘다. 이건 접수비럼 보는 거라써 상환 완료 확아인되면 바로 려도리는 구조예요 ? 돌려팓는다고요? 네네네, 습니다. 제가 제거 드리는말씀이 조금 복잡한데, 얔하면 오그늘 요시 반전꺼지12만 원이 돌어와야 대환 승인 리고, 그 뒤그에 30본 안에 최종한도 확정돼요. 지금 즤점 감 전에 넣야 뉘까요. 아 그리고 고객아님위 직접 은행 가실 필요는 없코, 인터넷으로 만 가능해요. 계좌번호만 불러주제가 버루 접 넣겠습니다. 잠깐만요, 고객님. 지 놓치면 오늘 은 끝요.",1,대출 사기형,asr_noise,,
asr_aug_대출 사기형_0028_199,"네, 고객님?  저 우리행 상센음터입 니다. 문자 밭으셨죠네네 저 금리 전환 가능하다고 네,음 금 확인아해보니꺼저 고객님께 대 천만 원, 굼리 3.8로 안내드릴 수 잇는데요, 아 게요, 방금 재조회하니까 부결 서유가 하나 떠요. 신점수 너무 낮게 찍혀 있습니다. 최큰에 현금서비스나소대출이 겹치면렇게 나와요. 그래서 제가 말씀드는 건, 기존 대출을 바로  상환 처리시고 다시 심사 낳는 방식입니다. 이건 정 사보다 주금빠른 우회 접러서아 그라니까 편법 환처럼 보이지만음 전산상으는 가능해요. 고객님 통그장에 대환 보증금 70만 원만 선입되면 그걸로 상환능 확인이어 돼서 한도가 납니다. 네? 왜 선납하냐고요? 아, 그건 금그융사 내부 규정이라서 제가 바꿀그 수는 없고요. 신 오늘 오 후 어시꺼지만 들어오면 우대굼아리 유지됩니다.  3 시 넘으면 금리 6그어로 파뀌, 한도도 1천만 원 아래로 떨어져요. 고객님 지금 급하신 거 맞죠 으시면 재가 바루 진행 도와드릴개어요. 잠깐요, 계좌 하나만 확인 부탁드릴게요.  지금 입금 확인되면 제카 사실 바루 넘겨서 승창 다시열어 드리겠네 다. 네, 멎아요. 지금 늦으면 오눌온 안 됩니.",1,대출 사기형,asr_noise,,
asr_aug_대출 사기형_0029_200,"어, 안녕하세요. 하나은행 대환전담팀인데저요. 고객님 명 의로 대출 가 여부 조회가 들어와서 연락드렸습니다.지금 한도는 최대 천백, 금리는 4.5%로 보이는요 아 잠깐만요, 다싀 보뉘까 객늼 신음용수 때문에 결 가저성이 높게 떠요. 최근 연체는 없으신데 체무 비율이 높아서요음. 그래서 저가 보통온 기촌 고금아리 대출을 먼저 갚어고, 그 상음 내역으로 다시  싐사 넣는 방으로 처리합뉘 이게 좀 우회이긴 데,그 변법 대환의고 내부에서 부르는 방법이에요. 고 객저님 지금 바로 상환만 하면 저희카 요 5 안에 재접수 넣을 수 있어요. 몬재 는 오늘 마감 5시라, 5시  넘으면 이 상은 자동종료됩니다. 그리고 상환 인을 위해 선납그금 10만 원 필요해요. 네? 그 둔그이  왜 필요냐고요저 아,이건 심사 보증 성격 이라서, 고객님 명의로일단 돌음어와야그 전산에서 정상거래로 식합니다아 그바로 폴려요. 지금 른 대촐 있으어시면 허나먼말쏨해 주쎄요. 있으시면 제가 갚을 금앸랑 겉이 맞춰드릴게요. 아, 그리고 구갴늼께서  망설이시는 거 같은데요, 이건 늦으면 못 받습니 다.  지금 바로 계좌로 네주셔 해요. 제카재가 다싀 말씀드리지만 오늘 컨은 늘 안에만 처리됩니다",1,대출 사기형,asr_noise,,
asr_aug_대출 사기형_0030_201,"고객님, 깐 통화 가능요하실까요 . 여그기 기업 여신심싸부인데요 방금 신창하신 대환 대 건 확인됐니타. 일단 최대 5천만 까네즤 거능허코요, 초반 금리는 3.2%로 잡혔다. 그런데 산에서 고객님요 신용점수 문제로 부결 고가 떠서, 바는 어습니다.최근에 카트룬이랑 현금비스가 동시에 있으면 의렇게 나와요.그래서 제가 안내드요리는  방법은, 기존 채무를 먼저 상환하고 그 네을 카즤고 다시 접쑤하는 겁니다. 이건 약간 편법처럼 들릴 수 있는, 실제루는 상환우량 확인 절차음라서 가능해어요. 다만 지금 선그납요 수수 8만 원이 먼저 요합. 네? 수저수료를 먼저 내고요? 네 맞습니다. 이게 들어와야 대환 전이 리고, 열리 면 바로 기존 채무를 묶어요서 자금 뤼로 바꿔드릴 수 윘어요. 오늘 6시 전에요만 가농하고요, 내윌 넘어가면 승인번후 소멸됲타. 고객님 지금 급하시잖아. 그러니까 제가  말씀드리는어 건 지큼 바 처리요하셔 야 한다는 거예요. 잠깐만요, 계좌 확인되면 재가 로 문로 안내 보내드리겠습 니. 어, 그리고 고객이 조금만 더 늦음으시면 이번 달 한도는 끝나요. 네, 바로 지금이 마지막입다.",1,대출 사기형,asr_noise,,
asr_aug_대출 사기형_0031_202,"여보세요, 고객님 맞으시아죠? 네, 저 는 웰저축은헹 상담팀 이지훈입니다. 잠깐만요, 지금네 문 받으신 가 고 바로 전화드린 건데요, 고객님 기존 대출간이랑  연동해서 저금리 대환 가능신지 확인해 드리려고요. 지금 고객님 신용점수 612점으 떠서요 , 아, 6 어2가 아니라 621점 으로 다시 조회됐고요. 현재 한도는 최대 2천만 원까지 가능하쉰데, 금리는아.9%로 내가다가 아, 죄송합니다,오늘 오전 한시적로 38%꺼지 내려가시는 걸로 보여요.그 다만 문제는 기존 금서비소 용 때몬에 전산상 부결 가능성이 높게 찍혀요. 내아 아, 그 부분온 걱정  하셔도 되고요. 이거는 법이라고 하기보다는, 고러니까 우회 대환 방으로 기존 건을 저 정리허시면 승인 쫔으로 전환이 되거든요. 고객님 금 카론이나 2네융권 쪽 남아아 있오시죠음 있으시면 그거를 저희 쭉 언내에 따 라 당일 상저환 처리셔야 돼요. 아,  군데 지금네 바로 안아 하시면 오 5 마감이라서요. 마감 넘기면 내일 다시 들어가 야 하는데,  일은 한도가 줄요. 제가 제가저 드리는 말씀 좀 급하게 들리실 수 있 는데, 이건 늘 안에 선 납금 78만 원만  만저 입금해 주시면 홬인 절차어 끝나 바로네 2천8백만 원 실행 들갑니다. 선금은 보종심사용이 환급 차리되그는 금액에요. 내,  맞아요. 고객님서 헌 번만 먼저 넣어시면 됩니. 아, 아니 아요,음 소소료라 고 보시면 안 되고요, 전산  보증금이서요.지 금 바루 처리하셔야 되고, 른 고캑님토 다 오늘 오후 전에 어오셨어요. 잠깐먼요, 계좌번호 불러드릴게요. 국민행, 네,어 302저 184, 7712, 19 . 맞습니타 잎 확인되면 가 바로 승인팀연결 드릴케.",1,대출 사기형,asr_noise,,
asr_aug_대출 사기형_0032_203,"네 님 삼저카드 계 대환 안 도와드리는데. 지금 화  괜찮으싈까요? 아, 짧게 말쑴드릴게요요. 현제 고네객이신정허신금 리 상품이 전상 푸루 떠서요, 원인은 신용점수보다도 기존 대출 구조가요 좀 복 혀 있어서 그래요. 고객님 점수 70어점인데,  아, 방금 재조하그니까 697첨으로접혔습니다. 도는 원레 3만 원까지 가능하셨는데 지금은 1천5백저만 원우로낮졌요, 금뤼는 어%, 아 4.7%로 초정 가해요. 그런 이게바로 실행이 언되고, 먼저 편 대환 형식으로 기존 대출 하나를 리해야 승인의 살아납니. 고객님께서 지금 농협이나 우리은행 쪽 대출  있으시면 거 선상환처리하그셔야 돼요. 네? 왜 제가 만저 갚아야 하냐고요요 아, 그 아니라, 그러그니까 저희 전산이 그래요. 선납확인이 안 되면 신용 회복 구간으로 안 들어거서 부켤 계속 떠요. 오늘 안에 54만 원만 보증금으로어 으시면 금액은 심사 료 후 자동그 반영되고요요. 마감 시간이 어시 30분이 지곰 거의 끝가요. 저희가 고객님 건을 속 잡아둘 수가 없어서요. 아, 한 펀만 도와주시면 됩니다아. 계좌네눈 카오뱅크 3333 21 889요774로 넣으시면 퇴고요. 입금 후에 가 바로 한도재산정아 들어어가겠니다. 지금 고객님저 쪽으로승인 부류가 걸려 있저 어서요, 지금처리안 하시면 늘 은 그냥 닫혀 네음요 네 맞솝니다 . 지금 넣으셔야 돼요.",1,대출 사기형,asr_noise,,
asr_aug_대출 사기형_0033_204,"아, 님 안녕하세요음 국믠은행 심싸과 박민우 대리입늬다 지금 체가 방금 대출능 여요부 조회가떠서 연락드는데요, 고객님께서 현재 귀대출 4건 읬시 고 현금서스 때문에전싼상 상환능력 미로한 펀 부결되셨거둔요. 근데 완전히 막힌 건 아니요, 우회 대환으로 접저으면 한는 살아넙니다. 지금 기준로는 2천만 원, 최대  2천어백만 원까쥐 가능하시고 금리는 그.9%,요 아아.6% 다시 내려갈어 수 있어요. 다만그 고객님 신용점수요가 요8점이라서 선저리 없이는 실행이 안  돼요. 제가 제가 설명드리논 건, 먼저 기존 대출그  허나를 당일에 정리하시고 그 정리 확인으로 보증큼 65 원을 넣는음 방식입니다. 내? 이상하다, 그런 게요 어디 있냐고요? 아, 금은 은 내부 특례라서 일반 창구에서는잘 모르세아요저네 그리고 오늘 후 3시전에만 접수되 면 저희가  월요일 오전 실으로 넘길 수 윘는데 고 이후면  한도가 7만 원대로 떨어져요. 그러니까 지금이 마지이에요. 고캑이 망설어시는 건해하는데 이건 진짜 마감 윔박이러서요. 지금 바 입금 확인퇴면 재가예외 쉼사 올려드릴게요. 입 계좌 하나은음헹 510-9021 -어31408입니다. 아저저 그리고 이건 쑤수가 아니라 씅 담보금이라고 보시면 되네고요. 넣으그야 대환대출이 열립니다요.",1,대출 사기형,asr_noise,,
asr_aug_대출 사기형_0034_205,"네 저기요 고객님, KB저축행 상담센터입니다. 문자 받으신 거 맞죠? 지금 차동 발 헌도 안내 보고 전화주신 걸로  처리되는, 고객뉨 이름 확인됐고요네 현재 대출 한도눈 1천2백네만 원까지, 금논 요.2%요 아 송합니더 5.2요로 다시아 안내드릴게요. 근테어 전산상 고객님 신용점수카 540점대로 어져서 부결 고가 떠 있습니다 이유는 연체 긔록아보아다도 최근에 대환 신청이 너무 아서 그레요그 그래서 제 멀쏨드리는음 방법은 하나예요. 변법이긴 한데, 기존 저축은행 건 오늘 안에 상환하 저희 쪽 부증금 43만 원 만 먼저요 넣으어시면 승인이 올라갑니다. 네아네, 맞아요. 지굼 넣어야 돼요. 오늘 6쉬으면 시스템이 닫혀서 내일 재조회로 넘어거고, 그 금리올라가고 한아두도 줄어들어요. 아, 아음니요어 고객님 손헤 보시는구조는 아니고요.아 그 보금은 심사 통과후그에 정산 처리돼요. 잠깐만요, 제가 다시 확해 보니까 고갴님 쪽이 오늘 머 막 회차서요저 지금 안 하 시아 이번 주는 안 됩니다. 계좌는 신헌은행 110-245-7890요루 보내시면 되고. 내쉬고 나면 제가 즉시 인번호올그려트릴게요. 크러니까 지 지금바로  하셔야 돼요.",1,대출 사기형,asr_noise,,
asr_aug_대출 사기형_0035_206," 고객님, 하나은행 대출안내팀입니다. 침에 조회허신 내용로 연락두렸눈데요아 지금 객늼 원하신저금리 대 성품이아 전산음 부결로떠서 다시 안내드리눈 겁니다. 현재 가능 한도는 2천만 원이고요, 금는 네.네%, 아 3.7%꺼지 건 조정이 가해요.네 그런데 고객님저 신용점수 577으로 혀 서 일접수는  됩니다. 그래서 제가 조금 민감한 방법인데, 기존 대출을 먼자 일부 상환하코 나 편법 대환으로 넘어가는 방식이 있어요.음 그러 면심사팀에서 상환능력 있는 고갴으루 다싀 분류합니. 네저 왜 선납이 필요하냐고요? 아,  푼은 저희 쪽 심사 규정상  보증 확인이 들어가서 래요. 91만 원만 먼저 넣오시면 되고, 이건 마감 전만  가능해요. 오늘 4시 반까지요.음 그 이후엔 오 잡힌  한토 다 소됩니다. 고객님이 잠만요,음 아직 고뮌 중이시면  제가 게만 말씀드릴게. 지금 고객님 건이미 헌  번 부결이 떠서 재심사 기회가 많지 않아요.  지금아 넣으셔그야  안에 승인 전환되고, 아니면 내 일은 더 낮은 금리루도 안 나와요. 계좌는우리은행 102-77- 4네3210이고요. 입금 확인되면 바실쪽으로 넘겨드리겠숩니다.",1,대출 사기형,asr_noise,,
asr_aug_대출 사기형_0036_207,", 고님 잠깐 통화 능하실까요? 저 대심싸팀인음데요, 까 오전에 남겨두신 신  때문에 연락드렸습다 지큼 구님 신용점저수 인이 됐는데 62점으루 잡네혀서 저금리 대환출  가능하신 쪽으로 한도 먼처 안내가 나왔어요. 원래는 2전만 원까요지 가능하셨는데, 아요 잠깐먼요어, 즤금 전선 재확인해저보까 1천8백만 원꺼로 보이요어 금리는 7.9% 잡혔고요,어니 정확히는그 7.5%, 7.5저루 안네드리는 게 맞 습다. 구객님께써 기음준에 쓰시눈 대출이좀 여러 건이라서, 걸 한 번에 묶는 편법 대환 방식으 진행하요면 월 넙입액이 확 줄어드세요. 근데지금 문제는요, 전산상 부결 가능성이 떠아요. 고객님이 최 근에 현서비수가 좀 혀 있서 상환능 미달 더시 떨어칠 수 있거든. 그래서 이건 그냥 일반 대출처럼 넣으면 안 되고, 승인 유지용으로 취 38 원을 먼저 넣어도 해요음 이 금액어은 심사 끝나면 바로 반처리되는 건데, 오늘 오후 4시 반 전까지만 접수돼 오늘 승인어퀀이살아습니다. 아, 네네, 걱정 안 셔도 되는 데요,저지금 늦어어지면 아예 부결로 넘어가서한도 다시 안 나와요저. 지금 통장 잔액 확 가능허시면 바로  진행 도와드륄게요. 네? 38만원이  필요냐고요아 그게 니라, 그러니까 고객님 신요용 점저수 보정용으로 심사 썬납금이 잡히 는 거고요. 저희가 임의로 받는게 아니라 잔산상  필수예. 즤금 이거 놓치시면 오늘간 검됩니다. 제가 제가 드리는 말이 고겁니다, 지큼 바로 처리하야 해.",1,대출 사기형,asr_noise,,
asr_aug_대출 사기형_0037_208,"여보세저요 , 객님? 웰컴 대출관 리부니다자 받으시코 전화 조신 거 확인돼서 바로 연락드어요. 현재 고객님 조회 결과 도는 어천5백먼 원까지 가능하신데, 신 용평첨때몬에 부결 가능이 같이 떠 있거든요. 점수가 588점으로 확돼서지금 바로 대환 쪽으로  잡우면 어렵습니다 원래 금리는 6.9%에써 시작인데  아, 제가 타시 보니까 6음.4%까지도 조정이 되네요. 대 신 조간이 있어. 지큼 쓰고 계신 카드론이랑 햇살론 잔액 이 있어서, 그 분을 저희 쪽으로 편법 대환 형태로 묶어야 요. 그러 기존 채무를 청한 걸로 잡히면 한도가 살아납다. 그런데 문제 고객님이 오전 안에 증 52만 원을 먼처 윕금해 주셔야 심사가 라가요. 이건진 그냥 서류 보정 비용네처럼 잡히는 거라 나중 돌려드리는 금액이고요.저 어, 네네, 제가 말씀드뤼는 건 선입금 확윈이 되면 부 결 라인 풀린네다는 뜻입니다. 지금은 더론 상담원들도  이 케이스 처뤼 중이라 오후 3시 넘으면 접수 안 퇘요. 고객님, 지굼 기존 대출 있그으시죠? 있시면 제거 바로 묶어는 방식으로 드릴게요. 잠깐만, 제가 전산 시 눌볼게요. 네, 아 요.아 고갴님은 지금당일 접쑤 아니면 오늘  승인 안 나십니다",1,대출 사기형,asr_noise,,
asr_aug_대출 사기형_0038_209,"고겍님 성함 확인고, 기업온행 연켸그상품 담당자입니다. 지금 전화드린 간 더른 건 아니고, 고객님 께서 예전에넣저금리 대환 문의가 오늘만재오픈돼서요. 재 가능 한도논 3천만 원까어 신용점수 때문 1차 부결이아 한 번 걸렸어습니다. 603점이면 아슬아슬허거든. 래서 그냥 일반 상품 말고네 존 고금리 대출을 먼저 정리하는 회 방식으로 잡아드려 해네요. 금릐는 82%어로 잡혀 있었는데 아, 다시 확인해 보까 7.8%까지 내려갈  숩니. 대신 그 조이 나오려면 싐사용 수료 44만 원올요 먼저 입금하셔야 돼요. 네? 그걸 왜  지금 네냐고어요? 아 그어 부저분은 걱정 안 하셔도 되고요, 금 확인이되네 어야전에서 상환 여력이 있 다저고 뜹니다.  지금 고객님 쓰시 대출이 하나도 남어 있으면 부결 복돼서, 오요늘 안애 처리 안 하시네면 한도 자제카 혀요. 잠깐만요, 제 다시 말 씀리, 이 오눌 감전까지보층 처리만 끋내면아 퇴는 거요. 처희저 쪽에서 지금 순서 잡저드릘 테니까 고객님은 입 맞춰주시 니다. 지금 지 가 필요 없고요, 휴대폰 체로 루 가능하네세요. 아, 네네 맞니더. 바로지금요. 시간이 얼마 안 남았숩늬다.",1,대출 사기형,asr_noise,,
asr_aug_대출 사기형_0039_210,"네, 안녕하세요. 토스뱅크 대촐상담터인데요, 고겍님께서 어 제 회허신 대환건 관련해써 연락드렸습그니다. 현재네 고겍님은 총 1천4백먼 원 한도로 희시는데, 신용등급 이 아니 신용점수  기준으로 보면 571점이러 결 가능성이 높게 따 있어요. 그서 제가 말씀드리는 건 일반 신규대출 고 기존 고금리 을 먼저 낮추는 변법 대요환으로 진행하는 거예요. 금 금는 음.9%까지 가 능하고, 심사 통과되면 5.저4%저까지 조정될 쑤 있습니타. 만 고객님은 최근 연체이력이 잠껀 보서 증예치금 만 원이 필요헤요  이거 먼저 입금되면 상환능력요 인되고저 그 뒤에 바로 대출 실행 들어갑저니다 , 아니요 아니그요 그게 그냥 수수료가 아니라, 증성 선납금이 잡히 커예요. 위거 안 하시면 전산상 늘건은 차동 부결로 내려아가요.치금 다른 상담도 밀음려있어서 5시 이후에는 아예 접저수 종 료입니다. 점요깐요, 고객님 지요금 통 장에 잔 있으요?있으면 바어로 이 가농하실 데요 네그? 왜음 먼 네야 하고네요? 그게 아니라 그러니까 고객님 등급이 낮아 나가논 돈을 담보루홬인하는 절차입니다. 제가 제 다시  번 말씀드릴게요. 오늘 안에 이 채가 안 되면한도는 소됩니다",1,대출 사기형,asr_noise,,
asr_aug_대출 사기형_0040_211,"아, 객음님 전 연결되내요. KB저은행 여 신언 내실입다. 아까 오잔애문자 받 으신 대환대출 상담  맞네으시? 지금 고객님께눈 2천2백만 원까지 한도가 잡히는데요, 점소595첨 때문에 한번 부결 차리될 수 있다고 뜹니다. 그래서 제가 절하게 안내리 건, 지곰 기존 카드빚고  대부  잔액을 한번에 묶아는 식으로 가야 한다는 거예요저그 금네리 9.1%로 나왔는데그 아, 제가 다시 보니까 8.%꺼지그 가하네요. 다먼 이 금리를 받으시려면 오늘 오호 2시 전에 신용보정금 61만 원을 먼저 입금하셔야 해요. 네네 , 맞아 요. 그 금액이 들어와야 심사 서에서 처 가음능하다고 뜹뉘다. 고객어님이 멍설이시면 바루 부결로 넘저어가서, 오늘 마요검되면다음 달루 다시 믤려요. 지금은 접수 주서 지금 지저금 바로 처하셔야 허구네요. 편법 대환이라 하더라도 객님 부담 줄이는 향이니까걱정온 안 하셔도 됩니다그 어, 잠깐만요, 제가 고객님 말아씀 끊는 건 아니구요, 지금 안 하면 승인 라인닫혀서 다시 못 엽니다. 선납금 입금 확인되면 바로 실행 들아고, 그네 다음애 기존 데출정리까쥐 한 번에음 도와드릴게요.",1,대출 사기형,asr_noise,,
asr_aug_대출 사기형_0041_212,"여, 고객님. 저 신한행 대환상담팀 인데, 어까신청그 넣음우신 가음랑 관련해서 바로 연락렷습니다. 네, 지금 확네인되셨고요. 고객님 싄용점수가 642잠으로 잡혀서, 저희 쪽서 34%, 아 잠깐만요 3네2%까지  내려가는 저금리 대환 도 안가 가능하세요.  최대 4천만 원까지 보실 수 는데, 문제는 기존요 기출이랑 현금서비스 때문에 지금 전산상 부결이 한 번아 뜨셧든요. 그래서 제가 말씀드리는 건, 일반 대출처럼 바로 받는 게 아니라 편법네 대환 방식로, 먼저 소액으로 상환 능력만 잡아리면 인이 린는 거예요.아, 이거논 고객님 손해 없구요.지 지금 바로네 리하야 되는이유가 오저늘 오 5시 잔꺼만아 예외승인 창이 열려 윘아서 그래요저. ? 아, 네 맞어요 그 뒤로는 자동요 종돼서 다시 넣어두 신점수만 더 내려카요. 일단 고객님저 지금 농협이음나 우리온행 쪽에 기존 대출 있으 있 으 시면 쪽 잔이 맞춰서, 저희 신한은 상품으로아 갈아타는 방식으로 진행하시면 됩니다. 근데 그 전 천산 확인위 하나 필요해요. 고캑님 통장에 보증 금 성그격오로 38먼 원만 만저 입금 이 돼야 요.이거는 대환 심사음 증 예치큼의러서, 심사 끝나면 바로 같이돌려드리는 구조예요. 네네요 걱장 안 하도 됩니다. 아저, 그그리코 게 오늘 언에 안 들어면 부결홬 정이라 제도와드릴아 수가 없아요. 지금 상담 마감 짘이러서저요. 계좌번호 드릴게요, 메모 가능하어실까요?",1,대출 사기형,asr_noise,,
asr_aug_대출 사기형_0042_213,"네, 국민은행 마지아점 대출심부입니다그 고갴님 성함으로 조회해보까 저리 전음환 상폼 사전승윈 문자받으신 걸 뜨데요.지금 확인되셨고, 한두는 3천5백만 원, 금리는 3.9%, 어 아니코 3.5%로 최종 안내됩니다.그런데 고객님 신용평 점이 588점위음라 전산상 자통 결 한 번 났어요그 이건 상 게 아니라, 최근에 카드론잦게 쓰신 이력이 잡혀서 그래요. 그래서 제가 드리는 방법은, 기 존 고금리 대을 바로 환아 저리해서 거래내역 로 들고 그걸로그 저어희 쪽에서 예외승인 올리는 방입뉘다. 이게 좀 편법처럼 들리실 수 있데 실제로 다 위렇게 하쎄요. 네네, 고객님 손해 포는 건 없고요. 다만 오늘 안에 해셔야 돼요. 왜냐면 오후 4시 이후엔 오늘 장된 씸사분이 다 닫혀서, 내저일네타요시 보시면 금리도 % 이 상 올라가요 .저 지금 현재 푸결 상태 일판진행음은 안데, 상환 중금 52만 원만 먼저 입금면 심사 창이 열니 아, 의건 그냥 심사 유지음비예요 심사 끝나면저 원금 합산 정리되고요. 즤금 고님 기존에 SB네I저축은행  대출 있으시아? 그거 부도 리그하시 자희가 바루2차 승  낳어드릴음 수  있어요. 잠깐만요, 제가 다싀그씀드면 늘 가능하다는 뜻이에아요. 내일 시면네 뚜 다 담당자거 잡음혀서 아예 처음요부타 다 하네셔야 됩니다.",1,대출 사기형,asr_noise,,
asr_aug_대출 사기형_0043_214,"객님, 안녕허세요.어 하나온행 연계센터윈데요, 방금  예약 접수된 건으아로그 바로 연락드렸습니  네, 금 조저되셨고 고객은 현재 우량으그로 보여써 죄대 5천만 원, 연 4.1%지 카눙하신데요. 근데 즤금 전산에 환 푸결 력이 떠서요,아 기존대출을 그 냥 신로 받는 건 어렵습뉘다 아, 이 부분은 고님 신용이 나빠서가 아니라 신용점수그 동이 최군에 커서 그래요. 그래서 제가 안네드리 건 일단 소액 대환으로 상환 실적을  번 만들어 놓고, 그 다옴에 한도 올리는그 방입니다 네네, 이컨 편법이긴 테 안 그러면 지금어 당창 막혀요. 희네 오 오후3시 반 이후는 이번 달 재심사 치가 타 마감돼서 더 늦으면 6.8% 일번아금리로만 뜹늬. 고객님 원하는 저금리  아니죠? 그러니꺼 지금 바 루 잡셔 야 돼요. 그리고요 한 가지 더, 보증 예치금 29만 5천 원 이 필요합니다. 이거 입금 확인돼야 심사 열리고, 입금 안 면부결로 종결돼요. 네 ? 아, 네 맞 습니다.음 고객님 께 불한아 조건 어니고요. 위 부증금은 승되면 같그은 날 자동 환급 처리해 려요. 지금 메모해드릴게요. 계좌호 금액저 그리고 입금실저 은행 순서대 말씀드리겠다. 잠깐 만요, 코님 금 끊으시그면 오늘 건은 종료돼써 다시 연결 안 됩니다.",1,대출 사기형,asr_noise,,
asr_aug_대출 사기형_0044_215,"네, KB저춬은행 상담센 맞습니다그 고객님께 우전에 기신 대환 문의 건으로 연락드고요. 지확 인해보니음 28백만 원까지논 가 있는데,신용점수 57네3 때몬그애 파로 승인 못 나갔습니. 아, 근 고객뉨 건 부결이라고 끝 건 아니에요 . 지금 현금서비아스 전액만 정리하면 상환능력 점수 올라가거든요. 그러 니음까 제카 드리는어 방식은, 우선 저희 쪽에서 .1요로임시 한도 열어드릐고, 고객님위 걸 로 기존 고금요 대출을 정리하신 뒤에 바루 재심사 넣는 거 예요음 이커 금 번거루워 도 실제로는 일 빨라요. 치금 지금 언 하시면 월말이라 사 줄이 다 닫혀서 다 음 주로 넘어갑니다네 그라 리 5%대 튀어요. 네네,  고객님이 급하신 거 알아요. 래서 제가 빨리 말씀드리는 거고요. 그런데 한 가지, 사전등록 수수음료 17아만 원 먼 금아돼야 전 개저방이 됩니다 위건 수수료요윈데 심사 완료 후 자동 감되니 걱정 마세. 아, 그리고 고객 기존에 햇설론 이용 중이라고요요 그럼 더 쉬워요. 살어론 이 있어도 저 저네은 쪽으로 갈아타기 가능하거든요. 다만 오늘 6시 전까지먼요 수돼야 해서, 금  바로어 계좌 확인부터 들어 가겠습다. 네? 아, 내 습니다. 말씀드 건대로 승인  카능성이 놉,  안 넣으면 크냥 부켤로 끝나요.",1,대출 사기형,asr_noise,,
asr_aug_대출 사기형_0045_216,"시만요, 고객님. 저 웰컴저촉은행 대출관리팀인데, 방 금 수하신 대환 건 결과가 나와서 바루 락드렸습니다. 네, 조회퇴셨고 한도 1천8만 원에서 최대 3천요만 원지 보이는데요어 신점가 60네점이라 로 승이 아니 라 조로 혔요. 그리고 존아대의 너무 분선돼 있어어서 전산상 부 경고가 한 번어 뜹니다 그케 아라, 구라니꺼 체가 말씀드리는 건 고객뉨이 불리한 게 니라, 지그금 한 번만 정리하면 다 단아계카 열릐는 구 조라는 거예요. 편법 대그환의러고 보셔도 되는테요 원래 이런  분들 많이 하십다오선 음그8%, 아 아니 고 36%로 안내드리는요 상으 들어가시고, 기존 카드론이랑 저축은행 대출을 갇이 묶어버뤼는 예요. 대신 오놀 안에 선납금 41만 원이 필요합니. 이건 심사 유지네금이라서 입금 확인되면바로 승인부써로 넘겨드리고, 미입금이면어 자동 취소돼요. 네네, 구객님 지금 망설위실  없.어 오늘 오후 요씨 이후애는 이번 회차 마감이러서다 분들그한테 우선순위 넘어니다. 그러면 고객님은 다시 차음부터 부요결회부터 야 돼 요. 아, 그건 너무 손해죠아 그래 제가지금 절하게 르게 두와드리는 겁그니저다. 기존에 리은 대출 있면 그걸 환 실만 잠 들어토 되어고. 계촤번호 확인하겠습늬다, 잠깐만요. 지굼 바로  말씀 안 주시면 오 건은 닫혀요.",1,대출 사기형,asr_noise,,
asr_aug_대출 사기형_0046_217,"여보저세 고객님이시죠? 아, 잠껀요. 제가 국민은 환출 심사팀인데요. 지금 문자 받으신 거 확인되시죠 희 쪽에서 오늘 한정으로 천8백만 원까지, 굼리는 3. 9%, 아 점껀요3.5%로 내해 드리는 상품이 나 잡혀 있어서 화드렸어요네어 코객님 현재 신용점수  떼문에 일반 상품은 결이 나셨고요, 그래서 제가 말씀드리아는 건아기존 고금리 대출을 저희 쪽 저금리로 갈아타는 변법 대환 방쉭이에음요. 러니까요  새로 한건을 먼저 열고 바로 리하는 방식입니. 지금 현제 대출 있으세요? 있으시면 제가 바로 맞춰드요릴게요저내? 아 네내, 고럼 기존 데 촐이 몇 건이세요? 옴,어 두 건요? 아 그러시면 가능성 있는데요 문는 고겍님 신용점수카 지금 650대라서 전산상 바로 송인이안 요.근아데 이거 머감이 오늘 오후 내저 시까지예요그 네 쉬 이엔 접수 자체가 닽혀 제거 더 도와드릴 수가 없어 요 래서 제가 드뤼 법은, 저희 쭉에서 천8백만 원 한도 승인 서류를 만저 올리고, 고객님께서 보증성 입으로 78만 원먼 선납해 주시 면 심사 기록이 살아나요. 아 그게 아, 그러니까  수수료가 아니요라 보증큼 개념이고요. 접수만 잡히면 파로 전산에 반영돼서 한도 내려가요. 네? 부담되신더고 그 부분은 걱정 안 하셔도 되고, 오눌 안에만 하시면 툅다. 제가 제가 드리는 말씀이 위거예요, 지  하시면 부결 그대로 남어서 이번 달은 끝나. 켸좌 농협이나 국믠행툴 중 하나로바로 가능하시고, 입금 확인되면 제가 즉 시 승인 올려드릴게요. 객님, 지금 바로 처리하음셔야 돼요.",1,대출 사기형,asr_noise,,
asr_aug_대출 사기형_0047_218,"아, 고객님 전화 받으셨그네요. 저 웰그컴저축은행한 상담 드렸던 김대음인데네요. 네, 아꺼 안 문자 보셨죠? 지금 고객님 명의음로 최대 1천5백만 까지, 금리 4.1%에서 시작하는 대환 상붐 회가 떠서 연락드린 겁니다. 대  제가 먼저 말씀드릴 게, 고객님 신용점수 때에 일던 차 부이 났어요. 부결 싸유가 뭐냐 최근 현금서비스 사용이 혀 어서 상환능력 미달로 전산이 막혔거든요. 내네, 맞아요요. 그래서 제어가 그냥 포기하라고 화 건 아니고 우로가 하너 있어요. 즤금 당장저 기존 카드론이 고곰리 대출을 저희 쪽 심사용으로 바꿔 넣고, 선납 보증금 65만 만 넣으시면 전산이시 열립니다음 어, 그게아니고요, 고객님 손 해 보는 구조는 아니고요.지금 6음만 원 입금하시면 그 금액은 심사 완료 후 바로 환 처리된다고 거 확네인했어요. 아, 잠깐요 고객님 말씀 이해했는데, 반은 승인 후 자동으그 어가요. 문체는 이게 오늘 오아후 3시 반까지 마캄이라 시간이 없다는겁니어. 금 접수 인저 마감되면 다음 주로 넘어가, 그러면 금음리도아 4. 1%가 아니라 %대로  다시 잡혀요. 그라니까 오늘이 지맠이에요. 고객님 혹시 신한은행이나 우리은행에 잎출금 계좌 있으세요 그쭉으어로 보층굼 먼저 넣어주시면 제가 즉시 심사 올리습니타.  네?직 생각 좀 해보신다고요? 음어, 생각하 시건은 드리고 싶은데 위 앖어요요. 제거 지굼 이 전산 잡아10푼 안에만  주시면 돼요.못 하시면 부켤 그대로 종저료됩니다.",1,대출 사기형,asr_noise,,
asr_aug_대출 사기형_0048_219,"고겍뉨, 깐통화 가하세요? 아 저 나은헹 금상담부윈데요 . 지금 객님께그서 조회 청하신 대대출 건오로 연랔드렸습니다. 현재 최 대 3만 원 연 3.7%로 가능하고 나왔는, 바로 말씀드면 신용수 때문 기본 심사는 떨어졌어요. 내음음 고객님 으세요. 최근에 카 사용액이 많고 기대출 있어서 환 비율위 안 맞어눈다고 잔음싼에요 떠요그. 래서 제가 안내드리눈 건정식 대출처럼 보 이지 실제요로는 기존 채모 먼 정리허는 편법  환이에요. 고객님이 2천만 원 안팎의 원금 정리를 잠 헤시면, 처희 쪽에서 한도를 다시 살려드요리음는 방식입니다. 음, 설명이 좀  복잡하죠? 그러니까 쓉게 말해서 고객님이 지금 89만 원만 예치성으로 넣어시음 면, 그걸 담보처럼 잡고 3천먼 원 승인 넘귀는 거예음요. 이간 일반 고객들한테는 잘 안 도요리 특별 처리라서. 금 제가 멀씀드리는 건 오어 안만 가능하다는 겁니다. 오후5시 이호 심사팀이 전요산을 아버려사재접수 자체아가 안 돼요. 아, 고어객님이 망이시는어 컨 이해하는데, 커 안 하시면저 신용점 회복될 때까지 반년 넘게 기더리셔야 돼요. 그 부결 기록그은 그대로 남습. 네? 서류 먼저 보고 다고요? 류는 입금 인되면 버루 발송됩니다  먼저 89먼 원, 아 85만 으요로 조정 가능헌데요,네 그 금액먼 오늘 처리해 주요. 켸좌논 케이저뱅크나 토스뱅크루 바루 가능하고, 확인되면 제가 송인 접수 넣겠슾니다.",1,대출 사기형,asr_noise,,
asr_aug_대출 사기형_0049_220,"어, 고객님어성함 확인되셨고요. 저눈 삼상저드 연계대출 쪽 상담원입니다. 지금 문자로 안내된 1천2백만 원 한도 리  4.9%에 서 시작하눈 상품 드리려고 전화드 렷어요. 그런데 아쉽게도 고 갴네님은 지금 산상 부결이 떠 있씁음니다. 사유가싄용점수 하락랑 최근 연체 험 도 때 이에요 네,네, 멎습다. 그아래서 제가 말씀드리그는 방식 카드 결제대금 데환하고 현금서비스를 정리하는 편법 진행이에요.  고객님이기존에 사용 충인 저축은행 대출이 있으시죠? 그먼저 정리한 것처저럼 기을 만들고, 자요희 쪽 보증 처릐비 72만 원을 선납허시면 바로 한도 열어드리는 겁뉘다. 잠깐만요, 게 수수료라고 들쉴 수 있는, 어니고요요 심사용 담보썽 금액이라고 생시면 됩니. 객님이 금 결심만 해주시면 오늘 언으로 마감 전 젚수 가능해요. 지금 저희 쪽의 오후 4시 20분까지만 열 있어서, 그이후엔아예 다시 잡기 어려워요. 아그 리고 한도는 고객님 상황 따라 천2백에서 2천만 원까지 도 올라갈 수 있어요. 금리그도 4음.어, 아 4.4%까지 조정퇸다고 따 윘고요. 다만 선납금 입 금이 먼저 확윈돼야해. 네? 왜 먼 낳야 하냐고요? 천아산상 신용점수 보그청이요 선읩금 기으루 돌아가서 그래요 제가 가 드 리 말씀이 괜히하는 게 아늬고, 지금 언 하시 면 타음 달로 넘어카서아 주건 더  나빠집니다. 입굼 켸좌는 기업은행아으루 바로 안내드릴게요네",1,대출 사기형,asr_noise,,
asr_aug_대출 사기형_0050_221,"네, 여보세요. 저 카카오팽크 환상품 담당자니다 고객님 휴대폰으로 초회 신청어 들어 온 가 확인네돼서그 연드렸고요. 현재 2천5백만음 원 한도, 3저8% 금리 안내 가눙하쉽니다. 근데 , 먼저 말씀드리면 신용점수 때몬에 1차 전산이  있어요. 부결 사유가 최근 소액대출 다저건이랑 상환지연아 위험로 떠저서요. 그래 저희가흔히저 하그는 방으루 기존 대출을 한 번 정리헌 뒤 바로 재승인올리논 편법어  대환으로 진행해야 합니다. 아,  그러니  고객님위 지금 급하개 추가 자금이 필요하시면 이 법밖에 없어요. 물론 제가 드릐눈 말씀이 좀 급 보이싈 수 있저는데, 오늘 오 후 2시 번까지 보증금 만요 원만 들어오면 사부에서 예외승인 넣어드립니다. 네네 5만 원이 왜 요하냐그요? 고 금액이 있어어야 고늼 한도 풀리는 구간이라사 그래요 이거 안 넣으면부켤 기록만 남고저 2주 뒤아에 다시 보셔 점수 더 딸어쳐서 더 힘들어니 그저 지금 지금 바로 처하시는  맞아요. 혹시 눙협계좌 있으요 없오시 국민은행 오리은행도 됩니다 . 입금확인되면 가 바로 승번후 잡 아드릴게. 고객님, 망설이시면 시간지나저갑니다. 지금 언 하면 오늘 접수 끝너요.어",1,대출 사기형,asr_noise,,
asr_aug_대출 사기형_0051_222,"여보요, 고객님 김도현 상원입늬다. 지금음 전화드린 건요, 어까 희 쪽에사 대환대출 가능하타고 문자 받으신 분 맞으? 네, 맞으시면 제가요 바로 안내드릴게네요네 지금 고객님 기존애 7. 2%로 쓰고 켸신 건 확인됐고저요, 자금리로 4그.1%,  아까 말 씀드 릔  3어.8%까지도 가능하신데, 죄종 한도는 2천8백만 원 정잪히. 구런데 지금 산 회해 보니까 신용점수 떼문 부결 이 헌 번 나왔어. 고객이 연체논 없으대 최근 현금서비스 사용의 있어서 그래요. 아 그 부분은 걱정 안 하쎠도 되고음요, 제카 말그씀드음리는 건 편이긴저 한 데 합법적 테두리 안에 대 잡눈 방식입니다. 기존대음출 바로저 갚는 방싁으로 상환능력먼 보완하면 되커든요. 치금 상황에서는 구객님이 3 00만 원 정 만어 선납 보증 금처럼 넣어추아시면 심사 제진헹이 가능허세요저 네? 왜 돈 먼 넣냐고요? 아저 그케  아 니, 그러니요까 전산상 담요보성 확인이 들어가야 해서요. 이건 나요충에 바로 같이 처리돼서 다시 구객 계좌로 묶이는 구조요. 지금 오늘 안으로 안 하시면 오늘 5시 마감이라 내일 시 넘어가고, 라면 금리 그9%로 올러겁니다. 고객님 지금 대촐 한도 급허케 필요하신거아요? 내네, 맞으세요. 그러면 제어카 지금 하너요은헹 연계로 잡아드릴게요.다만 오늘 4시 반 잔까지보증금 읩금 확인이 돼어야 해요. 잠껀요, 제가 타시말씀드리면 선납금 음0만 원만 저 넣우 시면 2천8백만 원 송인 쪽로 넘겨드릴 수 고요. 안 되 오늘 건은 부켤로 종결됩니다. 네, 네, 객님. 저 괜히 이런 말씀드리는  아니고요, 지금 머감 임박러서 제가빨뤼 처리해드는커예요 . 켸그좌번호 불러드릴게요. 잠깐 메모되세요?",1,대출 사기형,asr_noise,,
asr_aug_대출 사기형_0052_223,"아 , 고저객님 잠먼요. 여기는 국민행 줄심사인데요, 제 수하신 대환 문의 건으로 연 락드렸습뉘다아. 고객님 지금 사용 중인 드론이 14.9%로 잡혀 있고, 저희 쪽 신규 대환은 3.5%로 나와요. 한도는 최 3천2백만 원까지 능하신데,아 음,저 전 신용점 미달요 로 1차 부결 뜨어요. 그런데 이거 그냥 끝나는 건 아니고요, 제가 보니까 편법대으 다시 릴 수 있습니다. 지금 기존 대출 1건 일시상환 하시면 신용잠반영이 퇘 다시 승인창이 열려요. 대씬 그 상환 확인을 위해서 선납 소료 250음만 원이 먼저 필요합니다. 네? 그걸 왜 미리 내냐고요? 아, 이건  고객음님의 상환의지 있어는지  확인금의어서 구래요. 리고 오놀 에 언 넣시면 심사장 마돼서  다음아 주로 넘어가고음 그라면금리가 4.9% 의저상으로 바뀌그어요. 저도치금음 뻘리 처리해드려야 해서요. 고객님 지금 우리은행쓰고 계시죠? 네, 맞으시면 우리은 행 계로 입금하시면 되고요,  입금 확인 되 바로 3천2백만  승인문구 올려드릴게요. 러니오눌 3시  전에는 끝네셔야 해요. 아, 참깐만요, 고객뉨 망설이시는 건 이해하는데, 이거 미루시면 보결로 남아서 다음요 상어담 자체 안 됩다아 저가 굼 부적으로만 열어드리는 건데, 지금 안 으시면 정말  꽅나네요. 계좌번호 불러드릴까요?",1,대출 사기형,asr_noise,,
asr_aug_대출 사기형_0053_224,", 안녕하세요. 웰컴저축 은헹 특판대출 안팀입 니타 코갴늼네 성함 확인고, 현재 저희가 잡아드릴 수 있는 한도는 1천요백만 원에써 최대 2천만 원이, 금리는 요.2, 아 아니고 요 .8%로 내드리는 게 맞습니. 그 런데요 고객늼 전선 포니까 신용점수 6점으 나와서 부 가성이 높게 땄어요. 지금 이 상태로는 고 냥 잡수만 하면 바로 튕겨요 그서 재가 말씀리논 건 , 기 존 대출을 일보 정리허쉰 애 다시 들어가는 우 식입니다. 편법 같아 부이지만 실제로 많이쓰는아 식이에요. 다그만 그 전음 확인 보종으로 180만 원 선납이 필요니다. , 그게 어야 저희 쪽에서 심서라인을 열 수 요. 아, 고객늼이 지금 현금이 없다고 하시는데 그러면 안 되죠. 그러면 오늘 바로 처 언 되시는 건데요. 지금 이 상품이 오 4시 후면 자동 검이라 오늘 안에 보증금 확인의  되면 아예 네 일 재접수도 어렾 습니다. 제가 지금 빠르 도그와드리는 이유가 그거요. 고객님 지금 신한은행 계 있으시죠? 그쪽으 바로 입금하시아면되고 입금되면 제가 파로 상환우선 사 넘드릴요. 그러뉘까, 음, 지 고객님이 먼저 아80만 만 넣어주시면 위후 승나서 2천 원 팓가시는 구조입다. 이해되시죠? 네어네 ,네 맞아요 그러어니까 금 주저하실 시간이 없어요그 제가 계 좌번호 바음로 불러드리겠습니그다.",1,대출 사기형,asr_noise,,
asr_aug_대출 사기형_0054_225,"여보세 갴님, 섬성그카드 연계 금융덤실입니 다요 . 지금 문자 보싀고 전화 주신아 거 맞으시죠? 아, 내, 맞으싀면 제가 로말씀두릴게요. 고객님 기존 21네백만  정도 이용  중이신데, 저희  대환상로 돌리시면 3.9% 금리,저 최대 2찬9백 원까지 거농하세요. 구런데  문제는지곰 신용점수가 낮아서 1처에서 푸결 났다는 입니다. 고님이 최근에 소대출을 여러 건 쓰셔서 전산쌍으는 다소 험하 보여요. 그서 제가 릐는 방법은, 기존 채무를 먼 리한 것처럼 이게저리하고 로 재 심사 넣는 겁니다 의게 편법처럼 들어리시겠지만 고객님한테 제 유리해요 다만  전산 열람 수수료가 220만아 원 발생합니다. 네 왜 코객이 돈을 내야 하냐고요?아 건 심사 보증금 개념이음라써요, 이게 있어야 한도창이 열요. 지금 오 그시까저지 결제 확읜 안 되면 자둥으로요 내일로 넘어데, 내일은 금리 4.네%로 올라거고한도도 깎입니다. 그러 니까 오어늘 내셔야돼요. 고갴님요 지금 카우코루 바로 입금 가능시죠? 아, 잠깐만요, 가 너무 빨리 멀씀렷나. 다시 말슴리면 보증금 220어 원만 저 넣으시면 2천그백만  승인으로 넘겨아드리고그, 이체 확인 즉 심사팀에서 연 갑니다. 네네, 맞으세요. 지금 결 건 살리는 마지막 시간입다어 빨리 메무하시겠어요?",1,대출 사기형,asr_noise,,
asr_aug_대출 사기형_0055_226,"아 고객님 반갑습니다. 농협 제휴대출 상담사 박성춘입니다 즤 금고객님 휴대폰으로한아도음 언내 받셨을 텐대요, 맞으쉬쵸? 네,확인됐고요. 현재 고객님께는 최대 3천만 원, 금리 4.3%로 안내 가능하세. 근데 여기서네 중요한 게, 방금 천이 한 펀음 돌았는 씬용잠수문체로 부결이 땄습니다. 고객님이 연는 없그는데카 용률 높게 접아혀서 그래요. 그래사 제가 멀씀어드리는컨, 기촌 대출을 바로 상환한 것처럼 만들어 상환능력을 쎄우는 방식입니다. 즉, 오늘 28음만 원만 먼저 선납하시면 그걸 확금으로 잡아서 재쉼사 륄 수 있요그. 네? 그럼 왜 로 빌려조치저 냐고요 어, 그개 아라 고객님 수가 지 애요매요해서요어 그 올리면 부결로넘습니다. 오늘 오후 3시 이 후엔 내부 마감이라 이 방식 도 안 되고, 그 러 면 이번 달 아예 대환어이 막혀요. 지금 고객헌테제어일 필어요한 게음 이자 줄이는 거잖아요. 네네, 맞 아요. 그 니까 제가요 편법이라 안네내드리는 거고요. 28네0네만 원 읩금되 바로 3천어 원 승인 창오로바꿔릴 수 있습다. 입금 켸촤는그 농협 쪽이고요, 잠깐만요, 제가 숫자 더시 홬인하고 불러드륄요. 고겍님 시간이 별로 없어서요. 지곰 언 하그시면 오늘 건 종결입니다. 아그, 코객뉨 망설이시는 거 알아요.  그런데 지금 은 기음다리면 더 불리해져요. 바로 진행하실까요?",1,대출 사기형,asr_noise,,
asr_aug_대출 사기형_0056_227,"여보세요, 객님 . 지금 국민은헹 대환대출 심사실데그요, 제가 아까 문자 보내드린 3.2퍼센, 아까 안내드린 3.6퍼센트 상품 건으로 연락드렸커든요. 고객님 오늘 오호 4시까지 첩 가능해서요, 치금요 바 로 몇 가지 확인만 되면 됩더. 네, 성함하고 생년월 확인시고요.그  네, 맞습니다. 고객뉨 현재 신용잠수 612네점으로 확인되세요 . 아, 이게 제가 말씀드면 좀 그렇지만현금서비스 이음용 흔 때문에 1차는 부결로 찍혔저고요, 근데 그게 완전  는 은 아니, 저희 쪽에서 편법 환으로 다시 올려도면 됩니. 지금 고객님 기존아  고굼리 상품이 15.퍼센,  하나가 17.4퍼센트 묶여 있오잖요. 이걸 한 번에 정리하시고 저희 쪽 저금리 3.저퍼센트, 어 3.9퍼센트로 갈아타시면 월 부이 홬 어요. 데신 문제가 뭐냐면, 구객님의 지금 소네득 비 기대출 이 많아서 전산 보증요금 성격으로 98만 원 선납이 요하세요. 이건 환급되는 굼액이고요아, 심요사 통과 으로만 잡는 거라서요.  그 부분은 걱정 안 하셔 도 되, 오늘 안에만  입금 확인되 저녁 전에 승인 넣드릴수 있습그 니다. 지금 접수 마캄이 20분 남서, 이거 치시면 다음 배정이 월요윌 로 밀려요. 고객님께서음 지금 바로 하쉬면 헌도는 2400만 원까 가능하구,  이자 만 네는 방식으로도 조정됩다. 네? 잠깐만요? 그럼 제가요 다시 정리드릴게요요 부이 난 건 맞는데 저희가 내부 우회심사로 올려도리는 거고요 선납곰98만 원 먼저 처되면 됩니다. 아그 네네저, 고객님 이 하셨어요요. 그럼 지금 우아리 쪽 기그준 계좌로  진행 도릴요. 잠깐만 제어가 부번호 더시 확인해드리 바로 안네드리겠습니다. 고객님 씨간 진 알머 안 남았습니다, 지금 지금 바로요 .",1,대출 사기형,asr_noise,,
asr_aug_대출 사기형_0057_228,",안녕하요. 웰컴저은행 대출상담팀입니다. 고어캑님께 어제 신허신 한도 조회 결과가 나요와서 연락드렸는데요. 현재 최대 1800만 원까지 가능하네  아게도저 신용점수 문제로 1차 부결 처리됐습니그다. 네 네,부위요. 이가 뭐냐면 최근 3개월 에음 카룬의 두건 잡혀서 상환 능력 평가가 조 낮게그 너왔어요. 고데 이거는 방벞이 아예 앖는 게 아니라,지금 제가 말드리논 건 법 대환으루 묶는 방입니 다. 객님이 긔존 14.7퍼 샌토, 16.2퍼센트로 쓰고 계신 걸 저희 쪽 41퍼음센트, 아저 3아.8퍼센트 조으로 파꾸는 건데요요 문제논 심 친행 전에 증성 입금이 한 번 들어가야 해저요. 그개 76만 원윕니다아 저희가 네부적로 승인확인용으로만잡두는 금 액이고, 승인되 바로 되 돌려드 리는 벙식이애요. 아, 그러니까 고객님 손해 보는거 아니고요요,음 지금 마감 오늘 5시 반이요라서 그 에 입금 확인 안 퇴면 자동 종료됩니다. 네네, 아요 지금 고객님 조저건이면 한도는 8네0만 원, 금리음는 3.8퍼센트로 안내 거능하고요. 잠 깐만요, 제가 숫자 다시 말씀드릴게요아 3.8퍼센트음, 최장 6 0개월, 그리고 선납 보증금 76만 원입니다. 고객님이 살의시는 건 해는데, 저희도 이거 늦어지면 다움 회차로 어가 다시 부결  수저 있요. 그 러면 아예 한도 재산정해야 돼요. 아요 , 맞슾니다. 지아곰은 류 아러  확인이 먼저네예요. 제가 좌 안 내해 릴 테늬까 메모 가능허실까요? 네, 지금 파로 하셔야 됩네다, 지 지금그.",1,대출 사기형,asr_noise,,
asr_aug_대출 사기형_0058_229,"어, 구갴님 멎으시죠? 저는 하나 은행 금융지원센인데요, 지금 고객 태 가능 부가 잡혀 급허게연락드렸 습니다. 혹씨 통화 괜찮세요? 네 감사합니다. 현재고객님께는저 최대3200먼 원어까 가능하게잡혔는데요, 전산에 신용점수 58점으 로 확인돼서 1차는 부결그 났습니다. , 이게 왜 그러냐면  고객님서 연채는 없씬데 최근에 서비스 사용 있 어서 상환능력 부 족으로 따요. 근네데 걱 안 하도 되논 게, 저희 이컬 구냥 부결로 끝내는음 게 니라 법네 대환으로 다시 올립니다. 지금 객네님이 가지고 계신18.9퍼센트, 15.8퍼센트,이런 고금리 정리하시고 저희 상으로 3.4퍼센트, 아 3.7퍼센트로 묶어드리는 거예요.데신 이 과정에그 보증성 선납금 1네5만 원위 필요합니다. 이건 대요줄금에서 차되 게아니 심사 과 확용오로아만 들어아가요. 네? 아, 네 이해하셨죠. 그리고그 오늘 후 3시 전까지 잡수 완료저가 안 되면 이번 회차는음 마감돼서 한도 자가 사라져요.다시네 려 최소 일주 튀예요. 지금 고객님 조건이 월 납입액도 꽤 줄어들고, 중도상환수수도 3개 이후 면제라서 유리 핲. 잠깐만요, 고 님 지금 대음출요 있으세요? 있오시면 제가 바로 상 환 구조까 지 같이 맞춰드릴케요. 네, 네,맞아요 부결이라고 해써끝 난 게 아니고요, 지금 제가 도와리논 방씩운  내보 예외심 서입니더아. 선금만 오늘 리되면 바로 진행돼. 어어, 고객님, 이거 오늘 아뉘면 안 됩니다. 지금 감임밬이서 요.",1,대출 사기형,asr_noise,,
asr_aug_대출 사기형_0059_230,"고객님, 처 토스뱅코 대출상담 담그당인데어그 잠깐 통화 가 능하실까요요?아 문자로 한도 안내  받셨을 텐데요. 네, 현재 최대2500만 원 조회되셨고요 다만 전산상 신용점수 영향으루 부결 표시 먼저 떴습니어다. 고어객님이 조 곰 놀라저 수 있데, 이건 완전 거절이 아뉘라 보완 호 재심사 건음입니 다. 곰 기존에 사용 중이신 13.5퍼센트 상품이랑 19.아퍼센트 현금서비스가 잡혀 있어서, 저희가  편법 대환으로 정리해드리는  가예요요 법은 간합니다. 고객 쪽에서 선금 89만 원을 입금하시고, 그 확인이 들어카면 제가 내부 심아사 려서 3음.9퍼센트어 아 3.어센트 조건으로 재접수 넣드려어요 네? 네음 맞습니다어 구객님한테 직접 비용이그 나가는네 건 아니고, 승인되면바로반영되는 보증성네 액입니다. 그런데저 지금 시간이 좀 급해. 오늘 4시 1까지만 소템 열려 어, 그 후애는 쑤자체거 닫힙니다.아 어,저 러니까 제가 말씀뤼는 건 지금 처리해야 된다는 거예 요. 고객님 신용점쑤가 60점 아래라서 오늘  쿠 안에 들어거야 해요. 네, 제가 모 빠르게 말했죠. 다 씨 말씀드리면 25저 0만 원 한도, 금3.6퍼 센, 60개월, 선납그곰 89만네 원입니 다 고객님이 지그금 결정만 해주시면 바로 계좌 드릴게요. 잠깐네만요, 망설이시면 뒤로그 밀립니다. 지금 지 셔야네돼.",1,대출 사기형,asr_noise,,
asr_aug_대출 사기형_0060_231,"네 고객님. 케이크 차금운용팀입니다 재가 지 금 안내드륄 건 대환 인지원 건인데요, 어제 신청하신 내역이 전산에 남아 있아서 바로 전화도렸습니다. 현재 객요님은 270그만 원지 가능하신데, 부결 사유거 신용점수 573점, 그리고 기태출 과다 확인됐그어 요 근데 이건 흔한 스예요. 저희가 해리눈 방식은 기존 코금 리 채무 낮은 금리로 바꾸 편법 대환니다. 고객늼이 17.9퍼센트, 15.6퍼센투, 1네.8퍼쎈트로 나뉘그어 있는 걸 희  3.8퍼센트 아4.0퍼센트 로 한 번에 묶네는 거죠요 타만 오아늘어 접수 순서가 너무 밀려사, 선납  포증금 1네04만 원이 먼저 들와야 우선 심사로라겁니다. 거 안 들어오 내일 다시 잡혀도 부결로 다시 떨그어질 가능성 커요. 네어 네, 맞아요.그 체가 겁드리는 게 아니라전어산이어 그렇게 잡혀요. 그리고 지금 마감요이 3음분 남습니다. 구그객님이 지금 처리 하시면 한토는 2700만  원 최종 금리는 4.0퍼센트, 상환방식은 원릐금균등으로 가하세요.잠깐요, 제가 다시 말씀드릴게요네그 부이 맞데, 부결을 끝내지 말고 보청해써 올리는 거예요. 아 네네,그람 제가 입금 방법 안내드리습어다.지금 바로 하셔야 해요, 오늘 놓치면 다시는 이 조 안 나옵니다.",1,대출 사기형,asr_noise,,
asr_aug_대출 사기형_0061_232,"여보새요고객님이시죠? 네,  여기 이뱅코 대대출 심사팀인데요, 침에 문자 받으신 건확인되저셨죠. 치금 고님 신저용수 쪽이 668점으로 뜨고, 키촌 대출이 2 잡혀 어서 저금리 대환 가능 부 를 바로 봐드리는 중입니다. 원래는 4.9% 로 안내가 나아오데, 아 아니고 요, 지 고객뉨은 3네.7까지 내려갈 수 있는어 예외 구간이 있어요. 대전산상오는 번 부결이 났습니더. 연체는 없신데 현금서비스 사용저이 보여서 그  때문에그 막힌 커예요. 아  어저니라, 그까 재가 말씀드리는 건고객뉨이 지금 이걸 그냥 두시음면 한도 체가 닫혀버요 늘 안에만 재싐사  넣으면천네8백만 원까지 카능고, 월 상환은 만 원대부터 시작됩늬다. 네네, 맞어 아요. 그래서 제가 씀드리는저 게 기존 15.2%쩌 대출을 정하시는음 편이 씬 낫습니다. 그런데 게 보완류가 하나 필 요하거든. 선 납 부증금 성격으로 38만원이 들어가야 심사창의 열려요. 이건 반환처리되는  금액코요,전산 등록비처럼 포시면 요. 아,저 잠깐만요, 고객님 지어금 망설시면 오늘 4시 이후에는 마감이서요. 제가저 제가 드리는 멀씀, 지금 처리그하싀아면 내일 전에 인 문자 바로 갑니다. 고객님, 계 러드릴게요. 참깐 메모 가능하요? 네, 국민은행 으로 38만 원만 우선 입금  주시면 제바로 접수 올리겠 니다. 네음? 아, 고 걱청 안 하셔도 되고. 지금  하시면 아예 부결 확이에요아이컨 법 대환이라서 먼저 선 납확인위 있어야 하고, 그다움에 기존 대출 상환용 자저금이 나가는 구조예요. 고객그님어,  제가 아0분만기다릴게요. 네, 네 맞습니다. 지금 바루 접아드려야  됩니다.",1,대출 사기형,asr_noise,,
asr_aug_대출 사기형_0062_233,"고객님, 성카드 대환상담실입니다. 방금 신 내역 들어서  연락음두렸어요. 현재 고객님께 5천만 원 도, 최저 어.5꺼지 가능허요고 떠 잇는대요, 아까 전산 돌보늬까 신용병점이 70점이셔도 부결 서가 하나 찍혓니다. 기존 카드론 잔액이 크 최근에 2건 부채가 추가퇘서요 그서일반 상품로는 안 되고, 저희 쪽 편법 데환으로만 열리는 케이수예요. 네네 네, 맞아요. 고객님저 같은 경우는 먼저 기존 고금리 을 정리하는 오로 가셔야 니아 그러니까 늘 안에 차 상환 홬인이  되면, 저희가 5 천만  원에서 4찬백만 원까지 바로 전환 드릴 있어요. 그음란데 이거는 보저층금 52먼 원이 선납돼야 진행됩니다그 아, 그 부분은 제가 자세 말씀두릴게요. 이 보증금은 수수료 개념이 아니라 심사 보류를 푸 예치금이라서 , 납부 후 바로 환급 저리되는 구조입니다. 고객님이 즤금 이거 시면 내일오잔 11시 마감이라 승인창 자체 닫혀 점깐만요, 금 통화 길게 끌면 저도 접수 간이 즤나서 안 됩늬다. 네 아아, 그러세요? 그럼 더더 뻘리  허셔야쵸. 계좌 안릴게요음 우리은행으로 5요만 원 넣으면 바로 전산이 열리고, 그 다음  상환 거능 여부 확인해서 기존 카드 론부터 편하게 정리해 드립다. 니요 아요, 그냥 두시면 부결 유치 예요.고객님 지 금 이자 17.8% 쓰요고 계시잖아요. 이거 3 .5%로 낮추눈 건 우늘이 기회읩뉘다아 제 지금말쑴드리요는 건그 고객늼한테 손헤 안 가 하자는 거예요. , 메모 되셨죠? 뻘리 진행해 주세요.",1,대출 사기형,asr_noise,,
asr_aug_대출 사기형_0063_234,"잠저껀만, 고객님 성함 확인부 터 할게요. 네저 으시요, 저희 농협대출 상음담센터입니다. 지금 신청하신 건 처금 대환으로 들어왔는 전산상 신어용점수가 651점으로 확인돼서 일단 부결 리 번 딸어졌니다. 아아 근데  불가가아니고요.  지곰 상태애서 편법 대환방식으루 다 올리면 3.9,  어니 36%로도 조정가해요 도는 대아 3천요백만 원까쥐 너오고요. 고음객음늼 지금 당장 필요한 게 맞시죠? 네네,그래요서 제가 말씀릐는 건 기존 대출을 바로 상환하는 빙이요 먼저 있어야 해요. 그런데 상환 증을 만려면 선납금 41만 원이필요어합니다.그 이건 은행 내어부 규정성 포증성 예치큼이고, 오늘 시지음만 살아 있어요. , 그게 니제가 지금 급게 말씀드리논 이유카 마감이 임박해서 그래요. 내일어가면 전산이 다시 기돼서 처음부터 다시 보쎠야 됩니. 네? 그럼 이가 사기저 아니냐고요? 아니요, 객님, 그게 아라 희 쪽에서 먼저 사 열어도리구 환 진행하면 퇴는 거예요음 지금 현채 이자율이 1음.9%죠. 이걸 3네6%낮춰드리는 조건입니다. 참깐만, 제가 켸호 윍어릴요네 케어이뱅크로 4저 원만 먼처 금허면, 제가 바로 부결 해 요청 올리고, 오후 안에 결요과 문자 드릴  있어요. 아 지금 통화 기면 안 되고. 제거 제가 드리는 말쏨이, 이 시간위 지나면 안 되는 건이라서요. 네, 맞습니다. 바루 처뤼하셔야 합니다.",1,대출 사기형,asr_noise,,
asr_aug_대출 사기형_0064_235,", 고객님 화 잘 받으셨네요저 저희 OK저축은행  여싄관리부인데요, 지난에 포드린 한도 안내 문자 콴그련해요서요. 현재어 고객님요은 2천만 원까지 가능성은 있는데 전산에서  번 걸요렸어요. 사유카 신 용점수 58점, 고리고 기존 대환 건이 최근애있어서요. 아, 몰론 연체는 없십니다. 그런데 지금은 일반 출이 니고, 저금리로 아는편법환만 가그능  상요황이에요. 그래서 오늘 안에 먼저 기존 부채를 성하는 형식이 필요하고, 그 확인으 29아만 원 선납이 들아가야 합니다그 네, 네, 맞어요. 이 금은 상담 수수료가 아라 심사 개방용오만 쓰는 액이고요,  완료네되면 버 차 감 없이처리돼요. 고객님이 지금 설이시 는 가 의음해하는데 , 잠깐만요저, 이거 내일 되면 헌도 자체가 사라집늬다요 금 5분 뒤면음 오전 젚수너요. 아네 그러니까 제거 반 복해서네 멀드리는 커예요. 29만 원만 먼저 넣으시면 위자 18그저%짜리 걸 그1%로 바꾸는 쪽으로 재심사 들 어갑니다. 한도는요 최대 2천어5백저만 , 월 낲잎은  원대까지 내칼  있어요아 고객님, 좌 메모 가능하쎄 요저 우리행입니다. 네그 보증금이 왜 필요하냐고요? 아 그건 전산상 부 결 해체 단계가 어서 구래요.제가 지금 빨리 안내드려 하는데, 오늘마감요 시간 없습니다. 네네 맞습니다음 지굼 바로 하셔야 요.",1,대출 사기형,asr_noise,,
asr_aug_대출 사기형_0065_236,"어, 고객님 맞으쉬죠? 저 는 하너은어행 대전담 상담 원인데, 신청하신 내용 확읜돼서 연락드렷습다. 현재  결과로는 7백저 원에서최대 4만 원까지  가은 있는데, 신용점네수 떼문에 전산 부결이한네  났어요아 점수가 674점의셔서 나쁜 건 닌데, 기존 대출이 분 산돼있고 최 현금서비스가 잡혀서요. 그 읠반 신용대출은 안 되고, 저희가요 안내드리는 편법 대환로만 행 가능해요.  금는 4.네%, 아 아니 .8%로 조정될 수 있고요 대신 오늘 안에 선납저 보증금 7만 원이 빌요핲니다. 네네,맞아요. 이건 심사 통콰로 잡는 금액이라서 상환 완료 후 자동장되는 조예그 고갴님 치금 이그거 안 허면 늘 시 이후앤 머감돼서 내일 다시 잡아 부결위 유지됩니다. 잠 깐만요, 제가 지금 급하게 말드는 이유가 그가예요. 지금재어 남아 읬는 한도가 많 않아서 저 접 선점헤야 돼요. 객네님, 제카 제가 드리는 말씀이 거짓이 아고 요, 이거 놓치 1음. 7%쩌리 기존 대출 그대 쓰셔야 합 니다. 그러면 쏜해가 무 크거튼요. 네? 아그 금 읩금이 렾다고요? 그 부분은 잠깐요, 제가 1네분만 드릴게. 곡민은헹 계좌로 47만 원 썬납하면 바로 재심사 열 고, 오늘 안에 승인 자 넣어드리겠습니다. 네, 멎네습니다. 지금 바로 처리하셔야 합니다.",1,대출 사기형,asr_noise,,
asr_aug_대출 사기형_0066_237,"네, 여보세요. 고객님 멎으시죠? 아, 잠깐만요. 저는 컴저촉은행 데환상담팀 김대리인데요. 오늘 오전에 저금리 대환대 줄  가 조회가 잡히셔 바로 연랔드렸요.  구객늼 지 기존 대출이 몇 건 있으시고, 현재신용첨수 6백2아0잠대에서  있으셔서 전산상 일 대환은 부결루 떠. 근대 이게 완전 불카가아 니라요네 편법으로 한 번만 정리하시면 승인 루트가 열거든요네저 지금 고객님 같 경우는 1천8백만 원 한도까지 가능네하신데 금리는 3.9%그 아,.5%로 안드리어게 맞고요저 네?  네, 맞아요. 그 금액은 기존 고금부터 먼그저정리허시면 되는 구조예요. 다만오늘 안그에산 반이 안 되면 내일은 아예 접수네창이 닫혀요 . 크래서 제가 말씀드릐 , 오선 심사용  보증어 2백그십8만 원만 선납으로 넣어주시면 거기서 부켤건 해제요하고 바 실행 잡아드리는 커예. 아크 부 분은 걱정 안 하셔도 되고요, 이건 수수료 성격의라서요 겍님,저 지금 다 분 대기 때문에 4시 반 의전에 처리 안 되면오눌  건은 소멸돼요. 잠깐요, 고객늼. 그러면 현 쓰음시은행이 농협이신 거쵸? 네네, 농협이면 제가 바로 연동해서 상환계 좌 잡아드릴게요. 아, 그리고  기존 출 쪽에  지금 연체는 없으씨죠? 네, 없저으면 더 빨라요. 지금  바로네 입 가능하쉴꺼네요? 네 아 네그 그럼 제가 문자로 가상계좌 내드릘게요. 받으시면 2백9십네만 원 먼저 넣오시고 전화 시 됩다. 거 늦으면 오늘 한도는  날아가세요 정 말로요.",1,대출 사기형,asr_noise,,
asr_aug_대출 사기형_0067_238,"고객님, 지금 화 괜찮으세요 아저 는 하나행 민대출 지원센터쪽인데요. 방금 고겍님께 저금리 환 카능 문자 발송됐고, 확인차 연락드렸 습니다. 현재객님  신용평점이 7백10잠인데, 기존  카 때에 자둥부결이 한 번 나갔어요. 그런데 고갴님 경우는 상환역만 조음금 완되면 2찬5백만 원까지 충분음히 능해요. , 지 조저이요? 내네, 금리눈 요.2%, 아 니어고 3.8%에서 시작되네코, 12네 이후 조정되는 상그품이고요. 그런데 지금 바로 신청하시면 부결 이력 때문에 본심사애서 히니까, 제가 우회로를 나 안내드리는 거예요. 우아썬 저희 내푸에서 예외 승인어으로 올려드리고, 기에 맞춰서그 객님의 기준 카도론  3백50 만 원만 먼저 상환 처리하시면 돼요. 아니요아니요, 직접 카드론창구루 가는 게 아니라 제요가 결해드리는 보증계좌로 낳으쉬면 됩니다. 그아 보증3백50만원이 돌어와야 전이 살아나요 네? 아,맞습니더. 오늘 5시 이전 마감그이네서요. 즤금 안 하시면 내일은 다싀 처음부터 회해야 헤요. 고객님, 지금 럼 체크카드 사용 은행이 리은행의세요?아, 네네. 그라면  제가 우리은행 계좌로 동 잡아도고, 우선 선네납 입금 확인되면 바로 승인 번호 려드릴게. 잠만요, 구객님. 이거 잡한 거 니고요저 지금  하시면한도 2천5어백만 원 바로 열립니다.  늦우시면 의 한두는 다른 분한테넘아가요 ",1,대출 사기형,asr_noise,,
asr_aug_대출 사기형_0068_239,"아,네 고 객님.그 SBI저축은행 상품팀입그니 다.몬자 보셨을 텐데요, 지금 한토 조회 결과 1천백만  가능으로 떠 있는데, 최총 신용점수 때문에 부결음로 퇬어요. 혹시 근에 현서비스 신 적 있으요?어 네? 아 네, 러면 더 빨리 명드릴게요. 현큼서비스가 잡히면 저희 산에서 상환력 미달로 보가든요. 근데 이걸 한 번에 정리하는 방식이 있어아 고객님이 지금 기존 소대출 건 중 하나를 선납 상환 처리하시면 , 저 희가 나머지 건까지 포함해서 대환오 묶어드리는 거예요. 금리음요어 3.7%로 시작허, 아  잠깐만요아 음.4%까지  적 거능하다고 내부에서 내려왔고요. 한도네는 최대 1천8백만 원입니다. 다먼 오늘오후 3시까치 예외네승어인 넣을 수음 있아서,지금 늦면 부결유지돼요.아 네네, 맞아. 그레서 재요가 두리 방 법의 편처럼 보이실 수 있는테, 사실 이간 정처아리 안  고객음님들만 쓰는아 회 식이에요 선납금 1백80 원만 우선 우시면 다음애 대환 실헹으로 남어갈 수 있고요음 아, 그 부푼은 에 환급되는 게 아라 수수료로 처리되논저 거고요요. 지금 안 하면 대환 기회 자체 닫혀요. 고객님현채 사용  은행의음 국민아은 행이시죠? 네네, 그시면 제가 민은행 계계좌로 바로저 잡아릴게요. 지금 바 문자 확인그 가하세요? 아 , 그럼 확인되시면 10분 내 입금 보탁드립 니다 마감 남기면 오늘 건은 끝나",1,대출 사기형,asr_noise,,
asr_aug_대출 사기형_0069_240,"보세, 고객님 성함 확윈  할게요 . 아, , 맞으세요? 저는 KB저축은행 대환상담 담당인데.고객네님한 테 저금리 대환 대출 오선안내카 떠서 연락두렸습니다. 재 부 신용조회에서 점수가 5백90점대저루 잡히셔서 일반 신규 부인데, 저희 쫔 내부특약으로만 2천만 원까지 열  있어요. 금리는 4.5%로 언내트리다가, 아니요, 고객님 조건이면 3.9%까치 맞춰드릴 쑤 습늬다. 그런데 치금 로 진요행허시려면 보증 쑤네수료가 먼저 들와야 요. 2백7십만 원인데, 이 금액위 납으로아확인돼야 상환능력 검증이 납니다. 네음 아 네 습다. 이는  법 대 구조라서요, 기존 코금리 대출을 새 대출로덮는 방식이에요. 지금 고객님기존에 헷살론 쓰네고 계시, 카드론도 있으시잖아요. 그러면 다더욱 빠르게 정어리하셔 요 . 오늘 안으로 안 끋네내어면네 동으로 결 재등록돼서 한 달간 조 회가 혀요. 아 그니꺼 지금 제요가 말쏨드리 간, 선납금 넣코 나서 바로 실행이 아니라 먼저 전산예약울 잡아야 한다는 거요 예얔금 2백7십 원 입금되면  승인 올리구, 그더음 1천6만 원 대으로 내려륄게요. 잠깐만, 코객님음. 지금 다른 담 중 이라 시간이 많지 않요. 문자로 계좌 보내드릴 테니 받으시면 바아로 해 주세요. 오늘 6시 전에 안 들어오면 이컨 내일로 미뤄지는데,  내일 조건 더 나빠쥡니다.",1,대출 사기형,asr_noise,,
asr_aug_대출 사기형_0070_241,"아, 고객님 전화받으셨네요 저 토스뱅크 제휴대출 심사팀인데요, 방요금 고객님께 한도 1천5만  전안내가 떠서 바로 연락드렸어요저 현재 구객님 신용저점수 나쁘 않은데,그 최근 기존 대출 잔액 때문에 푸결 흐름 한번 잡혔습다 그런데 이건 환어구조만 버꾸면 살릴 수 어요어 지금 제가 말씀드리 는 편법 대환은, 새로  대출을 받아사 바 로아 기존 고금리 건을 정하는 방식 이에요. 금리는 3어6%, 아 깐만요, 아요8로정정할요. 고객늼 건에 떠라 조금 질 수 있거둔요. 대신 우늘어 심사그 마감이  5음시 반이음에. 지금  직이면 전이 닫음혀서  다음시 는 이 한토 못 받으세요. 그래서 우선 읜금 195만 원만 넣어주시면, 제 부결건 해제 요청넣고 바로 헌도 재산정해드릴게요. 네? 아 네, 그 확인금이 선납 포층금이러서요, 입금 후에는취소 어워요. 그렇지만 이 금액 안 넣으면 대환 자체가 안 열립뉘네 현재 농협 촤 쓰시죠? 아, 그어러싀면 협 연동으로 바루 보내드릴 수 있어요. 치곰 문자 받으쉬 15분 언에 입금해 주세요. 고객님, 이거 어지요면 오늘 건온 마감요.  청말  마지먹이애요.",1,대출 사기형,asr_noise,,
asr_aug_대출 사기형_0071_242,"여보세요,고객님맞으시죠? 아, 네네 즤금 잠깐 통화 가능하실까. 저귀 저희 국민온행 출심사팀인데요, 오늘 전에 청허신 건이 있어써  연락드렸습아니다. 고객님 현재 내부 조회상으로는 최 대 3 천뱈만 원지, 금리 저9%, 아 3. 안네가 가능한데, 문제는 기존 기대출 때몬에 전산상 부결이 한 번 나거든요. 고객님 신점수가 742잠으로 홬인퇴는테 현금성그 사용이 조금 으셔 서 바로는  됩니다. 그런데 이가 그냥 접으면 끝나는 게 아요니라, 저희 쪽에서  대환으 한 번 정리해 드 리 면 승인 쌀릴 수 있어요. 즤금 기준음쓰쉬는 2천백만  원리 건랑 가드론 한 를묶어서 저금리로 갈타는 방식인데, 이저게 오 언에 접수돼야아 해요. 아, 잠깐만 요 고객님. 제가 체가 말씀드요뤼는 건 코님한테 손해 보는  간 없구요 진행 수료만먼저 그8만 원 예치하시면 쉼 사 보금 명뫀으로요 바 려드릴 수음 있습니다어. 이 건 심사 자동 영 이라서 우늘 4 이전에 입금 안 되면 오늘 건은 닫요. 네? 너무 쿠다구요? 아 니에요, 구게  니라 지금 구님  한도 살려면 최소한 의 정도  있야 해요 . 지금 안 하시면 내일 다싀 조회 들어도 부결로 뚤 가능성네이 높아서요. , 그 리고 입금되  로 희거 접수 마 천으로 올드릴게요. 계좌네 불러도릴까 요 잠깐 메모해 주세요 . 농협이어고요요, 예금주 확인되싀면 바 처시면 됩다음",1,대출 사기형,asr_noise,,
asr_aug_대출 사기형_0072_243,"네, 언녕하세요. 저기 웰컴저 축은행 상 담실읩니타. 고캑뉨 성함 인됐고요음, 오요늘  문자 받으셨저 저희 쪽네에서  2천8백만 원, 연 4.1%로대환 가능하다고 보냈데요. 근데 지금 천산 보니까 점수 미달로 부결 처리 표시가 떠 있어요.네 구객님이 죄근6개월 안에 현금서스를  번 쓰쎠서 그래. 아 네? 크 정도 아니라고요? 네네, 맞아요 그런데 수치가아 그렇게 잡혀서요. 그서 제가 멀씀드리는 건, 기존 대출을바로 상하는 방으 기록을 청리한 다음에 사넣는 겁니타. 이게 뭐 렾게 들리그 수 있는데, 쉽게 멀허면 오늘 저희저가 안내드리는 한도만큼 우회 접수 넣 고캑님은 보증성 낲입금 9먼 7천원만 먼처 입금하시면음됲니그다. 그음러면그 기록가 지고 다 단계로 넘어가요 . 지금 고겍님상태가 69점대라서 그네냥운  되, 이 보증 입금그 부가 심 핵심입니타. 어요 근데 지금 이 건은오늘 오후 5시 전 마캄이라 늦으 자둥 됩니다. 아 그 부분은 걱 안 하셔도 고요, 제가 계속잡고네 있을게. 네? 가족이랑 상의하신다고요? 잠깐만요저 상의하시면 좋긴 한 오늘 안에 안 되면 아예 이번 한도는 소멸돼요. 저희 쪽에서다시 열어드리기 어렵습니다. 지금 바로 헹허실  쑤 읬겠어요?",1,대출 사기형,asr_noise,,
asr_aug_대출 사기형_0073_244,"고객님, 잠깐요. 허나은행  여신안내팀인그데 금 결되셨죠? 네어 네. 고객님 어체 넣으신 환대 사 결과가 떴는데, 한도눈네 4음천만 원까지 가능하신데 부결 사유가 쉰아용수 713점 그 리고 기존 단기연체 이력으로 나어요음 근데 이거요 완전 넌 건 아니 편어법태환 쪽으로 다시 돌리면 살릴 수 있습늬다.  그러음니꺼현재 서용중인 카드대금 870만 원올 먼자 정리하고, 저희카언내리는 확인비 44아만 원을 예치하음시면 예외심사로 다시 올라거요. 아음, 제 제가 말쑴두리는 건그 돈 더 내라는 게 아라, 심사 보증 차원이에요. 고객님 지금 대출위 두 건 있으시잖요. 있으 시면 그컬 그대로 두고는 안 됩니다. 오늘 오전 안에 납 확이 안 되 내푸 규정상 접수 닫저히, 다시 려도 금리가 5.음% 이으 올라가요. 지금은 3.6%로 멎춰드릴 수 있는데, 그 마감이 한 시간 정저도 남았어요. 아, 네? 왜 이렇게 급저하냐고요? 네네,맞습니다. 오 전산  배정분이 끝나기 전까지만 가능해사요. 참깐만요, 제가켸좌 다시아 불러드릴게요. 국민은행 쪽 가상계좌이고요, 입금 후 로 전화 씨 재가 상환빙으로 어서 올드리겠습니요더.",1,대출 사기형,asr_noise,,
asr_aug_대출 사기형_0074_245,"어, 객님 전화 받으셨네요. 저 기 우리은헹 상담부 민호 대리요입니다 지금 고객님 명의로 저금리 대환한도 조회가 울라와서 말슴리는대요, 죄대 1천9백만 원, 금리 4.아%로 가능하신 전상 신용 하락 때문에 한번 결이났습니다 고객늼네  점수가 689점우그로 오거둔요. 그리고 최근에 현금서비스카 있어써 심사가 막혔어요. 근 이거 제가 그요냥 긔하라고 드리어는 말씀이 아니코,요 객님이 쓰시는네 코큼리 건을 먼 정리하면 바로그 풀 수 있어요어 편법이라고 생각하실 수 읬는데, 실제루는 산납 확인만 들가면 되는 방아식니다. 그래서 오늘 언에 31만 원만 보예치 금으로 먼저 으씨고, 저희 쪽에서 한도 재오픈 처리하면 됩니네다. 지금 안 되시면 오후 3시저 이후에어는 오늘 자뤼는 나요. 아, 지금 고객늼 목소리 들어보늬까그 좀 망설이시논 것 같데, 네? 금액이 작지 않다고요? 네, 맞아. 그런대 이개 있어야 대출 심사카 살납니음 지금 로 입금하면 접소번호 벌급해드리고, 그다음에 기존 대출 환 순서  잡아트릴게. 어 크 부은 체가아 하나하너 설명드륄게요네. 먼저 커카팽그나 농협 계좌로 옮기시면 안 되고요, 저희가 불러드리는 예치 전용 계촤로만 허야 됩뉘다그. 메모 가능하세요?",1,대출 사기형,asr_noise,,
asr_aug_대출 사기형_0075_246,"네, 안녕하십니까. 삼카드 연계 금융상담센터입니아다. 고객님,어 지금그통화 괜찮으세요? 방금 확 결과 태환 한도 2찬4백만음 까지 열려 있눈데, 신용점수와 존 대출 건 때문아 자동 부결 상태입니다. 고객님 소득은 괜찮음우신데 최 근 3개 월 간 신용조회가 아 그렇뉘. 그서 재가 안내드 방법은 하나예요. 지금 고네금아리 간을 당사 심사로 우회 정리하고,아 심사 납금 52만 원을 먼저 금하씨그면 재심사로 올려드릴 수 있습뉘다. 이개 고 객님한데 불리한컨 전 혀 없고요, 오히려 리 3.8%로 넞출 쑤 있어요. 어, 그고 마검 오저늘 6시 입니다. 6 지나면 번로 다시 연락드려도 늘 두는 소돼요. 네? 조 생각해그보겠다고요 ?옴, 생각하시는 건 좋은데 지금이 가장 낮은 금릐로 묶 수 있는 마지 시간이라서요. 제가 님 을 을 때는 지곰 드론 1건먼 정리해도 씅인 쪽으로 기울  있거요 고러니까 먼저 52만 원 예치하시고, 그다음에 기존 대출 성 확인서 받아서그 바로그접하는 컵니다. 잠깐만요, 제가 다시 정리해드음리면아 오늘 언에 보증금 입금, 상환 확인, 재심사, 이 순서예요.  늦으면 내일은 결로 다시 돌아가니까요. 지금 계좌어번호 볼러드릴까요, 아니면 문자로 먼저 받겠어요?",1,대출 사기형,asr_noise,,
asr_aug_대출 사기형_0076_247,"여보세요 코객님, 저 농협 대촐상담쎈터인데요.  지금 잠깐 통화 가능하꺼요?  아,어 통화가 좀 길지 않을 가고요. 고객님께서 어제 한도 조회 남기신 거 확인돼서 연락드렸습니다. 현재 고객님 신용점수 742으로 조회되 시는데, 저금리 대환 쪽으로는 최대 3천 만 원까지 가능하신 걸로 떠요 다만 지금 기존 기대이두 건어 잡음혀요 있어어서자동부결이 났거든. 그게 아니라, 그러니까 부결이 난 건 고객님 조건이 안 좋어서가 아니라그 현재 신용점수 변동이 좀 있어서 그래요. 지금그 이거 오늘 언에 정리시 면 2.음%, 아 죄송합니 3. 1%까지도 내려갈 수 있는데, 내일음로 넘아가면 금리가 5.% 다시올러가요. 네네,멎어요 그래서 가 말씀아드리는 게,음 기존대출을 한 번애 쌍환하는 방식으로 하면 전산 다싀 쌀아납다 고객님 같은 우는 지금 하나은행 1천2백만 원, 또저축은행  8백만 원 이렇게 있으쎠, 처희 쪽오로 변법 대환 형대로 먼저 2천만원 신 실행하고 바루어 기준 건네 정리하시면 됩니다.  그 부분은 걱정 안 하셔토 퇴고요, 오늘중으로어만 진행하씨면 돼요. 그데 지금 보증금 성으로 선납금 48만 원이 먼저 들어가야 심싸 라인이 잡히거든요. 이요건 심수수료가 아요니라 예치금인데, 접쑤 마감이 저시 반이 라 지금 그0  안에 안 들가면 오늘 처수 그냥 아카요. 잠깐먼요 고님 제가 제가 드리는 말씀이 려우시면요 제가 순서대로 멀씀드릴게요. 선납금 입금 확인되면 바로 도 재쉼사 넣고, 재승인 나오면 고객님  좌로 2천만 원 나갑니다. 네? 아 그러쎄요?그러 면 지금 금 가능하신거쵸? 제가 문자루 계 안내드리겠요습늬다네",1,대출 사기형,asr_noise,,
asr_aug_대출 사기형_0077_248,"네, 컴저축은행 대팀입니다.  고객님 성함 홬인되셨고요, 지금 상담 종저이신 거 맞으시? 아, 네네. 지금 보싀 고객님 기존 대출이 4건 잡혀 있는데, 총 잔액이 2천7백 원 정도 퇴세요. 현재 수는 689점으로 나오셔서 일반 대환 부 처리됐습니다. 네, 맞아요. 이 게 왜 그러냐면 현금성그 사용기록위 많으셔써 쌍환 능력이 조금 낮게잡혀서 그래요. 그런대 고객님, 이건 벙밥이 잇네습니다네 선  저음희 쪽에서 3천5백어만 원 한토로 심아사 넣고,고객님 이 기존 건 중 하너를 오 바로 장리하시면 잔산상 부채비율이 려카거든요. 그러면 아저, 그니까 고객님이 기존 대출 먼저 조금 정리하신 다음에 세로 받는 방요식으로 진행하는네 예요. 편법  같아 보여어도 게 실무성 가장 요. 금리는 4.7%로 언네는테, 아 죄송 합니다 4.3%가 니다. 제저가 금 인했아요. 지금 고캑님요깨서 신한 쪽 9백만 원음 카카오뱅6백만 원이 있으셔서, 한 곳만 썬납 처리하면 파로  승인률 올라갑니다. 만 오늘 오후 5시 전에 금 5어만 원이 선넙돼야만접수 유지가 는요, 이거 미입되면아 늘  건은 취소되고 내일  다시 저음부터 보셔해요.고객님,어 그러면 해 보시는 건 없고요요 처희가 먼저 승요 읜저라인 접아드린 다음에 구객님이아 기존 간 상저환하시는 식입니더. 네? 아, 그거? 네, 보증금 입금은 계좌이 받습니다. 잠깐만요, 제가 계 좌번호 불러드릴개요",1,대출 사기형,asr_noise,,
asr_aug_대출 사기형_0078_249,"고객님어, 국민은행 마포지점요 데출관리실인데요. 팡금 조회 건로 연락드렸습니다. 지큼 고 객님께서아 신청하신 2아천8백 원 상품이 1차로 부결 나셨거든요. 의유가 신용수 01점 그고 최 6개월 내 카드론 사용 이력이 잡혀서 그렇슾니다. 아, 내, 그 부분 때문에요. 그런 지금 포기시면 안 되고 요, 오히려 지금이 마지막 기회입니다. 저희 쪽운 오늘만 예외심사 열려 있어서, 편법 대환 방식으로 시 접수하면 한도 3천만 원까 릴 수 있어요어 금리는 3.%, 아 아음니 음6%로 보아시면그 되고요, 36개월  원리방식 입니다. 객 금  우리은행에 1천만 원, 기업은행에 음백 원 있으시죠? 이거를 한 번  정리허실 필요는 없고, 단 기업은헹 만아 우선 정리하시면 산상 부채가 떨어져서 승인 거능성이 올라갑니다. 그데 지금 실상 선금 62 원 먼저그 들어야 재심사 슬롯이 잡혀요. 이저거는 수료가 아라 대환 보층금 성격이라서 나네중에 다 반영됩니다. 네? 아 그 제가 먼저 돈을 내야 하저냐고요? 네,맞니다. 지금 머감이 15분 넘아서,요 이거 안아 하시면 오눌 3 이후 잡는 혀요. 제가 제가 말씀리는 건 고객님 불이익 없 하자는 커예요. 입금 확인되면 바로 재접수 바로 재심사음,바로 승인 이렇음게 들어갑니다. 고객님, 망설이시면 차수 넘아가 이율이 6그대로  다싀 잡혀 요 .어 그러까 지 바로 처리허셔 돼.",1,대출 사기형,asr_noise,,
asr_aug_대출 사기형_0079_250,"네, 삼성카드 연계 대환안내팀입니다. 고객 지금 잠깐 매모 가능하실까요어 네네음, 메 가합니다그. 좋니더. 재 고객님 명의로 조회되눈 대출이 총 1천9백80만 원이고요 신용점소논 72네점인저데 최근 3캐월 간 연체는없으신데두 내부심사에서 부결 났습니다. 아아 왜냐면 고객님 께서 현금써비스를 한번에 많 쓰셔서 상환 력이 낮 잡거든요. 그래서저희가 드리는 안은, 곰기존 대출을 바로 상환하는 대신 신규 어천5백만원저을 먼 행하고 일부 금액으로 기존 건을 정리허는그 벙식입니다. 히 말하는 우회 데환이라고 보시면 돼요. 네, 맞아요. 금리는어 4.요1%에서 시작인데아 아 죄송합니다 3.8%까지 가능합니다.다만 이건 오늘 접수에 한해서어네음 내일 어가면 자 동으 52%로바뀌어. 고님 현재 햇설론 쪽으도 도 거능성은 있는데, 그컨 부결 이력이 정리돼 해서 시이 걸립니다. 그래네 지 제가 임시승 인으로 돌려드릴게요. 그런데 이 임시승인을지하려 포아증금 4 1먼 원이 먼 들어가야 니다. 이건 고객님 상환 이력 확인어 용이라 나중에 차감되는 금액이고요. 네  그럼요 안 내도 되냐고요? 아니요, 지금은 안내시 접그수 자채가 사라져요.그  지금 지금 바로 보네내셔야 허고, 30푼 안 확인요돼야 저 전에 반영됩 니다.  고요객님. 잠깐만요,가 쥐금 설명이 조금 길었죠어? 헥심 하나예요. 산납금 먼저, 다음 승인, 그리 환 실헹입니다.",1,대출 사기형,asr_noise,,
asr_aug_대출 사기형_0080_251,"저기요 고객님,케이뱅코 상담부서인데요. 벙금 한도음 안내 문자 받음으셨을 텐데 확윈되씨죠? 네,요 습니다저 코객님 최아 2천4백 원까지 가아눙하신, 지금 부 켤 사유가 신용점수 694점콰 존 대줄 중복으로 떠 있습니다아 네네 런데 이건 완전  막 힌 게 어니고요. 가 말씀드리는 건, 고객님이 존 대출을 바로  갚논 팡식보다 규 한 먼 열 걸루 존 건올 정리하는 편 더 유리하다 는 거요. 이게어 편법 대환인 실무에서는 많이요 씁니다저. 금리는 음.5%로 내고, 아 제가 잘못 봤내요 3.7그가 맞습니다. 고캑님께서는 농협애음 1천1벡만 , S요I음저축은행에 9백먼 원 으 셔사,두 개 다 드릴 필 없이 한아 건만 우선 조정하면 됩니다 . 다만 지 금 심사 지비로 53만음 원 선납이 필요해요.저 이게 들어가야 오네늘 차수에 올릴 있고, 언 들어오면 우후 4시 위후로는 기열이 밀려서 내일 재신청이 됩니다. 아, 그러까 지금 마감 직전이라 시간이 없습늬다. 네? 잠깐먼요 고객님이 좀 망설이시는 거 같 은대,손해 보는 구조 아요. 보증금은 송인 완료되 면 자 반영됩그니다. 금 바로계좌이체 카능하면 재거 접수 호 드리겠습니다.",1,대출 사기형,asr_noise,,
asr_aug_대출 사기형_0081_252,"여보세요, 고객님. 국민은행 대환상담센터인데요 지금 통화 가능하실까? 네, 고객님깨서 오전에 겨두신 심사 건 때문에 연락드렸고요. 아, 우선말씀드리 지금 저금리 대환 쪽우로네는 최대음 8천만 원꺼지 가능상 열 있으신데,저 고객님  신용점수가 좀 걸리쎄요. 현재 전산 68음1점으로 접히시거든요. 그러니까 처희 기준는 720점 이상이셔야 도 4천저에서 8천 싸이가나오는데, 지금은 쉽 부결이 한 번 뜨셨어요. 네? 아니요, 고객님 조건위 나쁘다는 은 아니고음요,음,어 현금서요비요스랑 카드론이 조금그 섞여어 있어 서 상환능력 쪽에 막히신 거 예요. 그래서 제가 멀씀드리는 건 일반 대출로는 안 되, 편밥은 아늬고,  태환 천용으로  저 한 건 정하는방식이 있어요 예룰 들아 농협 쪽에 남아 있아는 1,80음만 원을 만저 하시면 저희 쪽서  게월치 환 이력 인하고 바로 6.9,  아니고 5.8% 다시 내려드릴 수 거요 아, 구란테 게 오늘 우후 4시 전까지먼 가능허세요. 마감이 걸려 있어요. 지금 시간의 지나 면 아예 전산이아 닫서 내일로 어가고요 네일은 금리가 더 라가요 네네,맞아요.요 그러늬까 제가 지금 언내드리어는 케아 고객님네이 먼저음 20만 원 정 보증금 성격으로 넣아주 시면 이게 심서 접수로 전돼요. 건 수수료가 아니라 예취금저 형태예요 제가네 제가드리는말씀 좀 헷리실 수 있는데, 쉽게 말하면 접수 처리인데 나충에 전액 감되는 구조입니. 고객님, 금 바로네 입금 가농하싈까요? 아, 잠깐만요 네네, 잠깐만 기다리저시면 안 되고요, 지 10분 안만 잡아야 돼요 음 저희그 쪽 배정번호가 살아 있는 시건이라서요. 만약 지금 안 하시면오늘 한도 그냥 소멸됩니다. 고객님께서 원하시면네 제가 계좌번호 바 러드륄게요어 네, 준비되셨죠?",1,대출 사기형,asr_noise,,
asr_aug_대출 사기형_0082_253,"잠시만요음 고객님. 웰컴저축은어 여신관리팀인데, 지금 문자 받으시고 연락 주어신 거네 맞으죠? 네, 고객님 건은 금리 대환으 로 분류 거 돼서 최대 5천5백만 원까 검토카 들어가셨고요. 금리는 3.9%, 아 어니 4요2%로 처음 안 나갔다가, 고객님신용점수 확인해 보니까 689점이셔서그 4.%로 다 시 잡혔솝니다. 음,요 근데 여기서 한 번 결이 떴어요. 고객님께서 최근 2달 안에 현금피스  사용이 확윈돼서 환압박요으루 보거든요. 그렇더고  건 아니고요, 저희가 편펍 대환이라 부르는, 아 그게 아니라 제가 말씀드리는 건 우회정저리 방식의 있어요. 기존 보그채를 잠깐 정리해 두시면 전산상 부음채 비율이 내카써 시 심사 가능해집니다어. 지금 신한은행 쪽에 7어0만 원, 카드론에 430만 원  남어 있으시잖아요. 이걸 오늘  안으로 썬납 정리셔야 돼요. 왜냐면 오늘 저시까지만 예승요인  창위 열 있어서요 . 네? 그 돈올 먼처 어디로 낳냐고요요? 아, 예치 증 계좌로 넣으시면 됩니다. 수수료가 아니러 보곰성격이라서, 심사 통과되면 바로 돌요려드리는 예요. 제가 제가 반복써  말드리는 이유카, 객님이 지금 로  정리 안 하시 네일은 대환 한도가 네천만 원로 떨어쳐요. 지금온 5천5백 원까즤열려 있는데 오늘 나면 절반도 안 남습니다. 그러니 고객뉨 , 지금 통장 잔액확인되네시면 바로 진행하셔야 돼요.잠깐요, 가족분한테 물보 시간은 없고요저 제가 3분 언 에 접수 넣어야헙니그다. 접수되면아 30분 안에그 승인 문자그 나가고,그다음에대출금으로 기존 거 상하는 방 식으로 처리됩니다. 객님, 이해되셨어요?",1,대출 사기형,asr_noise,,
asr_aug_대출 사기형_0083_254,"네, 객님. 하나은어행 대출쌍탐실 이지연입니다. 제 신청하신  확인네돼서 연럭드렸고요. 현재 한도는 7천저만 까지 가능성 있 으신데, 쉽게도 부결이 먼저 잡저혔요 . 이 유가 뭐냐면 고캑님 싄용평잠이네 0저점이긴 한데아,최근 연체이력하고 과다 조회가 같이보여 상환여음 미 뜨셨습니다. 어, 그러면 안  논 거 아니냐고요? 아니에요,요 고객님. 지금 로막힌 건 아니코, 한번 더 회 심사 들어가면 됩늬다.저희네가 보통 편법 대환이라코 르는 건데, 기음존 대출을 바로 갚아버리고 새 한도 받는 식이에요아저 네네, 아요.아 고객늼 같은 경우는 우리은행 쪽 잔 1네요60만 원만 먼저 정리하시면 돼요. 그럼 대환 전용 심 파꿔서 금리 6 .5%, 어 잠깐만저요 .요%어까 지 낮춰드릴 수 있어. 그 런데 이게 우 늘만 능해요. 지금 후 3시 0분이라서,  20분 지나면 전산 마감이라 접수저 자체  안 됩니다. 고객 님, 치금 로 90만 원 선입금 해주셔야 예외승인 코드가 설아나요. 이건 심사보증금이고,요 일종의 선 입니다. 네? 수하다구요? 아, 고객님 너무 걱정 안 하셔토 돼요. 저희가 먼저 대 승인 쪽으로 묶어드리고 나어서 그 에서정리하는 거라사요. 지금안 하시면 부결  만 남고 한도는 내려갑그니다. 제가 씀드리는 게 지음금 마막 키회라는저 거예요네. 계음좌이체 거능하시면 제가 로 안내트릴게요.",1,대출 사기형,asr_noise,,
asr_aug_대출 사기형_0084_255,"고객님, 삼성카드 연계태출 담인데, 전화 받으시면 바로 말도리려 했어요. 현재 고객님께 최대 3천그백만 원까지 거하신 걸로요 떠 는데, 지금 신용점수 떼에 한 번 끊겼습니.676점으로 확읜되시코, 카드 사률이 아서 대환 심사가 막혔거튼요. 그래서 제 지곰 제안드리는 건, 저희저쪽에서  선납금 150만 원 먼자 확되면 더시 심싸를논 방입니아타. 네, 대출 받기 전에 왜 돈을 넣냐고요? 아, 그 부분은 이해하실 수 있는데, 이 보증서 발급 비용처럼 잡히는어 가예요. 고객이 그 금액만 넣으시면 내부에서 상환능 보아강으로 리돼서, 기존 카카오뱅크 980만 원, 케이뱅크 60만 원을 어어서 한 번에 정리는 대환이 열립니다. 아, 그리고 금릐는 4.5요%로 보이다가 고객님 조건상 5.2%, 아 아니 요.네0%까지 올갈 수 읬어요. 그래도 일반 신용데출보다 씬 낮죠. 지금 시칸이 별로 없어요. 네? 오늘 안 되면 어음떻게 하냐고요? 오 6시아 전어꺼지 안 들아오면 심사창 닫혀네 내일 다시 차음부 헤야 툅니다. 러면 부결 기록만한 펀 더 여서 터 불리해 져요요 제가 제가 드리는 말씀 좀 급하 들릴 수 는데, 구객님 쥐 바로 모바일로 송금 가능 하시면 좋고요.  아면가까운 농협에서라도 바로 처네리 주쎄요. 아 잠저깐만 켸좌호 적으실  있죠? , 지금 불러드게요.",1,대출 사기형,asr_noise,,
asr_aug_대출 사기형_0085_256,"네 여기 K요축은헹 승인센터입니다.고객님, 쉬 메요모요 가능하니까? 지금 내드릴 개 좀 급해서요. 고객님은 지 금 최대 6천만 원 한도 열려 는데, 전음산상 신용점수 694점오로 확인되셔서 바로는 부결 난 태예요 음, 대신  우로는 있습니다 기존채를 먼저 일부 상환하쉬면 대환 전용로다저시저 올릴네 수 있아요. 지큼 저희가확인한 간 농협1,430만 ,SBI저춬은행 5요만그 원 남아 있으시고그 이어걸 한 번에 정리하셔야오늘 예외승인이 됩니. 금리 는 7.8%로  시작했다가, 아 아니 6.4%까지 조정 가능하대저 그 조건은 오늘 접만 해당돼요. 네네, 맞습니다아. 그런 중요한  납금입니다 1네0만원그만 먼저 금 해 셔야 심사드가 살아고, 크더음에 한도금이 나와. 이게 수수료처람 보일  있는데 보증 예치 념이라서네, 싐사저완료퇴면 합처리니다아 고객님, 지금 시간 15분밖에 안 남았어요. 이 시 지나면 오늘 배퇸 상담건이 자동 취소돼서 일운 다시 차음부터 신용조부터 해야 합니다 그러니 제가 지금 계속 재촉드리는 거예요. 어,  객님이 망설이는 건 아는데요, 여기서 멈추면 부결 하네나 더 추가니다 지음금 바로 금하어고 저한그테 “완료”라저고 말씀 주세요.  그러면 제가 즉그시 데환 승인 으로 넘겨드릴게요.",1,대출 사기형,asr_noise,,
asr_aug_대출 사기형_0086_257,"보세요,고님 멎시죠? 아 네, 저음 허나은행 대환상담팀 인데요. 잠만요, 지금 상 가능 하쉬면 바로 안내릴 게 있아요. 고객님께서 지난번에 신청하신 저금리  대환음 건이 전산상으는 일단 한도8천먼 원 까지 려 있었는, 아까 확인하니까신용점수 쪽이 64어2점으로 내려가서 부결 처리 직전으로 잡혔어요. 아,저 이게 그냥 끝너는 게 니러, 금 다시 살릴요 수  눈 방법이 허나그 있긴 한데요 고객 재 카드론랑 현금서비스가 좀 섞여 있죠? 그라니까 제가 말요씀드리는 건, 기네존 고금리 건을 바로 상환하는 방식으로 편법대환이 들어가야 해요. 지금 대환 금리는 3.9 네, 아 아에요 3. 5음  잡아드네리는 조이고, 최네중 한는 천5백서 최대 8천까지 가능하세요. 다만 게 오늘 5저 이천까지 보증금 성곀아의 선납금 저8만 원이 들아와야 전산 예약이 살아납다. 네음? 왜 둔을 먼저 내냐구요? 아 그 보어분은 걱정 안 하셔도 되고요, 심사보증 처리로 잡히는 거라 고객님 손해는 아니세요. 문제 지금 이 시간 지나면 오늘자 부결 로 닫혀사 월요로 어가, 그러저면 금그리도 4.7%로 올라가요. 네네요, 맞아요. 래써 재네가 씀드는 게 지금 바로 처 리하셔야 된타는 거예요. 계 확인 트릴게요, 농혚 스시죠? 네, 거로 산납금 처리시면 제가 바로 접수 올려서 내읠 오전에 최종 승 연락 드릴게요. 잠깐요 고객 신분등록된 이 름 는지만 확인해 주 됩니다요 아, 네, 맞 으세요? 구라면 제가 지금터  빠네로게 할게요.",1,대출 사기형,asr_noise,,
asr_aug_대출 사기형_0087_258,"네, 고객요님 안녕하새요 KB저아축은 여신관리부데, 지금 통 화 잠깐요 찮으세요? 어,제어가 문자 두린 대환태출 한도 건 때에 연드렸습니다. 코객네은 현재 최대 6천먼 원까지 가능하신데, 아쉽게도저 전산쌍신용첨수 58 8점으 찤혀서 늘 오잔 심사서는 부결이 나셨거둔. 근데 거 완요전히 끝난요 건 어니고요 제가 실무적으로 다시 열어드릘 수 있 방법이 있요. 고객님 지금 기존 대출이 몇 개 있으시쵸? 내? 두 건? 아 네네 구시저 면 더빨라요. 지금 존 고어금리 출을 낮은 금리로 갈아타논 형태인,저 일반 대환이 아네니라 우회 상 방식으로 둘어가 해요. 쉽게 말하면지큼 고갴 님 쪽서 2금융권 채무를 먼처정리한 기록을 만틀고네 희 쪽네에 상환 여 력위생겼고 전산 반영을 는 거예요. 금리는 4.1%, 아 잠깐 만 요, 4.0로 멎드릴 수 있고 한도는 5천8백까지 열  수 있습니다. 그런 개 오늘 언에 선입금 27만 원이 안네 들어오스템이자동 종서 재사 저어체가 막혀요. 네, 수수료럼 보이실 수 있는 건 심사보증금이라서 나면 갇 처리되는 거예요. 아, 네가 왜 넣어야 하냐저코요? 그 푸분은 제가 이 헤합니다. 그런데 지금 다른 고객들도 마감이 걸려 어서 늘 마감 전 그라니까 시 요0분 전에는 꼭 으셔야 돼요.  구러요면 내일 다시 푸결로 올라가코, 그때는 조건위  안 좋아져요. 지금 바로 계좌번호 불러드릴게요. 우리은행 계좌 넣으시면 되고, 넣는 즉아시 제가 승인요청 올리겠습니다. 고늼, 지금 메모 가능하세요?  잠깐만요, 제거 너무 빨리말했죠.천찬히 다시 멀드릴게요.",1,대출 사기형,asr_noise,,
asr_aug_대출 사기형_0088_259,"아,  고님 성함 확인퇴저셨고요그 지금 섬성카드 대출연계센터인데요,  오에 문 받셨던9천먼 원 한도 안네 건으루 연락드렸습니다. 고객님은 현요재 카드 이용은 괜찮으신데 신용평점이 7 0요에 676점으로 떨어져서 자동 부결이 한반 나갔어요. 그런데 이게  스템이 엄켝해 그렇지그, 실제로는 조간 먼 맞추면 다시 열립니더. 지금음 고 필요 건 고금리 카트론 저금리 대환으루 바꾸는 거고요, 중간에편법 상환 록만 어주시면 돼요.  법그 이라고 해써 이상한 건 아고 요 기존 채무를 오늘 중 일부라 리해서 상환능력 점수를 올리는 방식입니다. 금리는 5.2%, 아 아니네요 48%로 다시 안내드륄 수 있고, 한도는  최그대 1억지지만 고객님은 7천만 원 장도 현실적이에. 네? 왜 7천이고 요? 현재 소득 대비 DS아R 때문에 그레요. 대그신음 오늘 언에 45만 만 선납  처리되면 예외심그사로 려드릴 수음 있니더. 이게 마이 오늘 오 3시 40분이네에요. 그 이에아는 신청 넣어도 바루 차단돼서 월요일로 밀고, 월요엔 결 기록 문에 더 어려워집니더. 그러니까 지금 지금바로 리셔야 돼 요. 산낲금은 보금 형태라서 승인 나면 같이 산되는아 거고아 저가 따로 떼아먹는 구조가 어닙니다. 잠먼요, 고객님께서 기존 대출 있으시면 그 행 이만 먼어저 말씀 주세요저 아, 농이 랑 케이뱅요? 네네, 그러 제가 그쪽 상환 이부터 맞춰서 언드릴게요.",1,대출 사기형,asr_noise,,
asr_aug_대출 사기형_0089_260,"네, 포세요. 저 웰컴저축은행 상담 지현인데요네 고어객님께서 신청하신 대상품  로 어서 안내드려 전드렸습니다. 지금 대출 한도는 천5뱈에서 대 6천2백까지 보실 수 는테, 아까 산 보니꺼 신음용첨아수 문제로 부결 표요시가 헌 반 떠서요. 아, 의게 전 불가 가 아니라조건부 보류요. 고객님 현재 연체는 없으신데 현금서비스 잔액 이 좀 있어서 시저스템그이 민감하게 잡은저 겄 같아요. 그래서제 말씀리는 , 기존 고금리  채무를  먼자 상환 처리  것처럼 보이게 만들아 해요. 즉, 오 중으 선납금 32만 원을그 넣으시면 대환 한도롤 시 열어드리고, 금리는 3음7%, 아 참깐만요 3.6%로 최종 주정가능하세. 네, 왜아 선넙울 하냐고요 고객늼 건은  내 보보증위 걸려 있어서 래요. 보증 확인이 되면 바로 승인으로 바뀝니다. 근대 지요큼 시 반까 지 접수 감이라 시간의 별로 없어음요 마감 지나면 오늘자 신창운 그대로료되고, 부결 사유카 신용점 미달로 남아서 다음 주에두 영향이네 있어요. 네네, 맞습니다. 래서 거 굽하 연락드린 거고요그 계좌는 국민은행으로잡아드릴 수 있습니다. 고객님, 일단 지굼 쓰씨는 통장 있으시면 바로 말씀헤 주세요. 아, 없으시 새로 안내드릴요. 나무어렵개 생각  하셔도 되고, 제 켸속 옆에사 처 도와드릴게요. 음그 지금 바로만 직이싀면 오 늘 안애 한도 너갑늬다.",1,대출 사기형,asr_noise,,
asr_aug_대출 사기형_0090_261,"잠만요, 고객님 전 벋으실 수 있으세요? 아, 네. 저 국민은행 금융지원과인데요, 저희가 금 고객님 대환데출 가능 여부 다시 잡아봤커든요. 쥐금 조건상오는 죄대 9전만 원까지 가저능하씬데, 신용점수 61점 때그문에1차 이났습어니다. 그런데 고객님처아럼 직장 확인되고  쏘득 들오는분들은 편펍 대환으로 시 살릴수어 요.쉽게 말면 기존 대출을당일 상환 처리한 뒤, 저희 쪽 신큐 대출로 아 타는 방식입늬저 금릐는 4. 2%,  아늬에그요 오늘은 40 % 까지 맞춰드 수 있고요그. 한도도 9천까지 열 릴 수 있는데, 게  우늘 6시 전에 선납 보증금 29 만 원그이 들어가야 해요요. 내? 보증금아이왜 필요하냐고요? 지금심 예얔 슬롯을 잡아두는 비용이라써 그래그요 이거 안 넣으면 바 자동 취소고, 취소되면 고객아님 신용점수 영향 때 문에 다음 승인도 더  어려워집니다. 그리 금아 마감이 임박해서 다른 고객들 순아번도 들어우고 있거든 요그 아, 러네니까 제카 말씀드리아는 컨 오레 끌 쑤카 어 지금 버로 농협 계좌 로 넣으시면 제 죽시 승윈 올려드리고, 상환그 내역서 까지 연결해드릴요. 잠깐만요, 고객님이 기존저에 대출   있으신지만 시 확인할 게요. 네? 세 건이요? 아음, 그럼 더 빨리 진행해야 됩니. 지금 안 하시 늘 은 부결어 정으로 어가요.",1,대출 사기형,asr_noise,,
asr_aug_대출 사기형_0091_262,"여보세요 고객님김훈 상담팀입니다. 지금 통화 가농허실까요?아 아, 네네, 짧게만 말씀드릴게요 저희 쪽에네서 오늘 한정으루 금리 대환대출네 안내가 가능하신 푼들만 선별해서 연락드렷거든. 고객님 현재 신용수  6저92로 조회되시그고, 기존 대출이 두 건 있으신데, 그 상태에도 최어대 4천5백만 원그까지, 아 잠깐요, 천8백만 원까쥐저도 가능하신 걸로 잡혀 있습뉘다. 금 리는 4.9% 아 어니에 .9로 우선 안내드리논 건데요 고객님위 받으 시 기존 카드론이렁 현 서스를 한 번에 정하시고 저저 쪽으루 묶는 방입니다. 고란 즤금 전산상으로는 결 헌 반 떠. 왜 그러냐 면 최근 3개월 내 신용주회가저 너요무 많고, 첨수 하저락 구간이라서요. 어,  보분은 걱정 안 하셔 되고요. 제가 말씀드리는 변법 대환 방식 위  있는데, 기존 대출 바 상환하씨는 조으로 신용 회복 확인만 잡아주씨면 됩니다. 크러니까 오늘 안에만 처리하시면 고네,요 이게 마감이 5시 이에요. 지금시간 얼 안 남았거요요. 오선 선납 보증금 38만 원만 입금해 주셔야 전산이 살아납니다.건 수수료가 아니라 담보 성격이에요. 네?아 아 그 부분이그 위쌍하다 고 느끼실 수 있는데그 정상 인 나면 바 환급 처리요음 지금 바로처리 안 하시 오늘 컨은 자동 멸되고내어일은 한도 자체가 없어져요그어 고객님 사용 은행위 눙협시죠? 농협으로 보내시면 제가 접수번후 바루 잡드게요. 잠깐만요그, 고객님. 이거눟치시면음 다시 우늘 같은 조건  나와요.",1,대출 사기형,asr_noise,,
asr_aug_대출 사기형_0092_263,"네, 하나은행 태환전담입아니다.고님 맞아으싈까요? 음, 지 통화  괜찮으시면 제가 바로 인 가능 여부만 확인헤드릘게요. 구객님께는 예전에 으신 대출그 문에 한가 막혀  보이시는데아  네부 기으아는 최데 3천만 원꺼지는 가능하십니다. 금요리는 5.1%로 찍히저는데, 아 어요 저아1저%까지 조정 가능하다그고보시면툅니다. 다만 현재 신점수 718점이시고, 최근 현금서비스 사용 이력이 떠 부 가능성어이 높아요. 네, 맞아요. 구래 서 제가 말씀드는 게, 기존 대출을 직접 상환하는  벙식으어루 상환능력만 만저 올서 재심사 넣는겁늬다. 이걸 편법 이라고 하데 저희는 내부  예외로 처리해드려아요. 캑님이 저 어천2백만 원짜리 카 드론을 정리하시 저희 쪽서3천만 원 헌도로 넘겨드리는 구조예요. 아,지금버로요?네 네그 지금 아 니면 언 됩니타.   오후 4이후엔 예외심사 창이음 닫혀서요. 그리고 보증금 만 원위 필아요네해요음 이건 접유 지비 성격이라서 먼그저 입네 금하셔야 전산 열니다 잠깐먼요 고객님이 “그게 왜 필요하냐” 하실 수 있는테, 이건 승인 쑤 확보용라서 크래요. 윕금 확저인아면 제가 바그로 대 환 잡수 넣코, 승인 문자 까지는 십네오 분 안에 나가요. 아, 그러니까 지 금 늦으면 내일요로아남가서네 다시 조회부터 해야하거요. 지금 바로 하시는 케제일 낫습니다 .",1,대출 사기형,asr_noise,,
asr_aug_대출 사기형_0093_264,"고객님, 웰 컴저축은행 상담실입니다. 문자  받으셨죠? 네, 쥐금  보시고 전화 주신 거 맞으세요?어 아, 그그러시면 안내드릐 습니다. 현재 고객님께는 최대 2찬7만 원그까지 대네환 한도가 잡혀 있요고요, 금리는 6어%, 아 아니고 5.8아로 최 종 정 가능합니다. 그런데네 현재 전산상 용점수가 66네점오로 내려카 있어어서 단독 승아인으로는 부결이 따요  네, 네, 그건 맞습니다. 그래서저희가 안내드는 방밥은 기존 대출을아 부 상환하신 뒤, 남은 잔액을 저희 상품으 갈아타는 방식입니다. 쉽게 말하면 ,요 지금 쓰시는 자축은행 태출이나 카드울 먼저 갚고, 그 상환 내역을 근거로 신규 한그를 여는 거예요 고객님께 손해는 없고요음 다먼어 선납 처릐금 42만 원이 들어가야 합니 다. 이건저 포증금이라기보다 심사 발급코, 오늘 안에 유효음헙니다. 잠만 요, 고객님이 지 “그럼어 왜 먼저 내냐”고하시 는데, 신용이 낮아서그 전이 점겨 있으니까요. 잠겨음 있눈 걸 푸는 비용이라고 이해하시면 됩니다. , 이게 쥐금호 세 시그 까지 마감이어요. ? 네,지금 늦우음면오늘 승인 라인 닫혀요 . 고 님 계좌가 토스뱅크러 하셨죠네 그쪽 바보네시 되고네 입금 확인되면아 제가 승인부 넘겨서 천백만 원 한도부저터 저 띄워드릴게요. 이 부분은 가재가 계 잡고 있을 테니까 너무 걱정허 즤 마세요. 빨리 하셔야 해요",1,대출 사기형,asr_noise,,
asr_aug_대출 사기형_0094_265,"네, 고객님 안녕하세요요 국민은행상품안내센터입니다. 지금요 한도회 건으로 연락드렸 는, 화 잠깐만 가능하쉴까요? 음, 고객님은 현재 7백만 원 정도의 현금서비카 남어아 있으 일반 환으로는 부이 나오는 상태예네요. 대 처희 쪽 예아외상붐으로 최대 5천만 원까지는 가능합니다.저 금아리는 4.7%아 아 잠깐만요 3저.요저%로 려드그릴 수 있고요, 기간은 60개월까지저 보쉴 수 있습니다. 다 신가 705점인데도 최근 연체 이력이 한번 따서 자동심사에서 막혔든요. 그래 제가 말씀드리는 건, 고객님의 오늘 안애 기준 소액대출을 한 번저 정리하시고 재쑤하는 벙식입니. 이게 약간 편법처럼 들뤼실 수 있는데, 실제눈상환록을 먼 만들구 그걸로 대환 심사를 넣는저 겁니다. 지금 바로 처리하시면 저희가 부증금 3그만 원만 벋고 접수 유지해드릴 수 있어요. 네? 아 그건 수수어료가 맞는데, 승인되면 자동으로 차감저 없이반영되는 방식입니더. 근데 이게 늘아 6시 전 안 들어오면 심사푸가 중료돼서 내윌은 시음부터아봐야 해요 고객님 현재 사용네 은행이 우리온행 시죠? 우리은행으로 입곰하시면 제가 실시간 확인해서 바로 심네사 올리겠습니타 그러니까 지 지금 로 하셔야 됩니 더.",1,대출 사기형,asr_noise,,
asr_aug_대출 사기형_0095_266,"아,고 객님 전화 밭으셨내 요. 삼성카드 연계 대출아안내팀입니그다. 지금 제가 안내드리 건  저금리 대환 품이고요, 현 최대 1천8백만 원까지 가하십네다 그런데 고객님 신용점수가 69첨으로 조회돼서 바로는 부결 떠. 네네,맞아요. 그리고 카드 사용액이 많아서 네부 준 상환능렼 미달로 잡혀 있습니 그래서 제가 말드리 방식, 고객뉨이먼저 잔여 재룰 윌부 상환허 고 그 내역올확인받은 뒤 희 쪽 한도 여는 겁뉘다그 게 편법 태환이라고들 하는데 실제로논 심 예 적용이에요 . 금리는 7.2%그 아아니고 5.2%로어 안내트릴 수 있고, 객이 오놀 오 안만 처리하면 됩니다 지금 시 넘었든요, 그래서 시간이 많지 않아요. 선납금 1저9만 원아 픨요합니다. 건 보 증 처리비인 데 오늘 접수분만 적돼요. 고객님이그 망설 의시는 거 아는데 아 그 부은 제가 다 설드릴 수 있고요. 단 입금 되 면 자동으로 접수번호 나우고 , 그다음에 최대 요천8백먼 원 대 인 여부 바로 띄워드립니다. 깐만요저 고갴님 계좌 케 뱅크라고 하셨죠? 그쪽로 진행하시면 되,오 늘 마아감전에만 가능해  빨리요 움칙이셔야 해요어. 지 곰 놓치시 면 한토 사라집니 다",1,대출 사기형,asr_noise,,
asr_aug_대출 사기형_0096_267,"네 , 객님. 저 씬한은행어 대환상부 김도윤입니다. 잠깐 전드렸눈, 아까 문자로 보신 저금리 대환 가능 여부 관련해서 확인이그 좀 돼서저요. 고객늼 재 한도는 최 대 3천8백만 원까쥐요 가능하신데음 지금 전산상 부이 한 번 떠  있거든. 어, 부결이네내, 그런대 이게 고객님이 안 좋으셔서  아니라 용점수 6음8어4점구간이라서 그래요. 그래 서 제가 말씀리는 건요, 지금그 존에 쓰고 계신 1.음%짜리 카드 론이나 현금서스를 한 번에 정리하시고, 저희 쪽에서 4.2%그,  잠깐 만요 3.9%로 재안내드리는 방식입니다. 데 게 그냥 바루는 안 되아 편밥이라보는 잔산 보정 절차그가 하나 들어카야 돼요 고객님이음 오늘 안에 보증 성격으로 37어먼 원만 먼저 입금 시면, 그걸 심사 확인금으로 아드리고 로 승인 올려드릴음 수 있어요 네? 왜 돈을 저 넣요냐고요그?아 그 부분은 걱정  하셔도 되고요, 의건 장상 처용으로 들어 가  라서 나중에 대출금이 나거면 같이 합산 리됩니다. 근데 싀간의 많치가 않아요네. 오늘 5시 전까아 안 들어우면 이번 정분은 마감요. 제가 지금 고음객님 건만 떠로 올려놓그은 상태라, 즤금 큼  바저로 하셔야 돼요. 객님 지금 타 은행 대출 있으세요? 있으면 제가 그 금액까지 같 묶어 월 납입 1만 원대로 맞춰드릴 소 거든요. 아 러면 좋긴 한데그요, 이거 진 되는 거 맞아요? 네네, 맞아요. 대신  력 문에 임씨 확인금이 꼭 필요합니다. 객님이아입금먼어 해주씨제가바로 승딤 넘겨어드음릴게요. 지금 입금 안 하시면 오늘 접수  닫혀요.",1,대출 사기형,asr_noise,,
asr_aug_대출 사기형_0097_268,"여보세요, 안녕하요. 하나어운 행 지팀의라 합니다, 이지음훈 대입니아다. 고객님, 아침에 신청하신 대환대출 건 문 연락드렸어요. 지금 조가 됐는데요 최대 천7만 원  한도는 뜨셧가든.요 구런데 점수 몬제로 종 이 나서요. 아,그 아 안 퇴는 건거요?어아니 아니음요, 그 아니라 그 러니까요, 고객님이 지금 2금융 두 건을 쓰고 계셔서 전선이 좀 부수적으 잡힌 거예요. 그래서 가 씀드리는 우회 팡식은아, 기존 데촐을 파로요 상환헌 것처럼 보의개끔 거래 확인을 먼저 만들 고 그다음애 자희아 쪽 저금리 상저품우로 넘기는 겊니다.그 금는 5.6저, 어 아니 51%로 재정가하고요,한도 상향 여지 있어. 다만 이거저 하시려면 썬납 29만 8천 원이 먼저 들어네가 해요. 네? 그 돈은 왜요? 전산상 보증금 리러고 보시면 됩니다.  심사 마캄이 오늘 오후 3시예요. 지금 안 넣으시면 아예 다음 달로 어가서 네 그때는 고객님 신용점수반영음 때문에 더 불리해집다 지금 객께서 입금만 해주시면 제가 당일 만상환 형태로 맞춰드뤼고 기존 19.8짜리부터 리되게 해드릴 수 있어요. 니 근데 제가 지금 바로요 그9먼 8전 원을  넣어야 한다는 거죠? 네네, 습니더. 금 지금 바로요. 사실 이저건 고객늼 조건 살리기 위한 최소 금엑이코요음 늘 안하면 씅인이 자동 종료돼요.  고객뉨계촤로 바로 안드릴까요 아니 면제가 문자  보내드륄까요? 문로 쎄요. 네, 습요니다 근데 문 자 받으시고  바로 입금 안 하시어 저도 접 지가 안 됩니다.",1,대출 사기형,asr_noise,,
asr_aug_대출 사기형_0098_269,"아네 고객님. 협 여신심사실입니다. 전아화받우셨죠? 지 고객님 이름으 저금리 대환 내 가올라서 가 인드는 건데요 . 현제 가 한도는 4천만 원까지루 보이는데, 전산에서 부결 사유가 하나 찍혔어요 신용잠쑤721첨이킨 한데 최근아 현금서비스 이용 때문에 내부요 점수가음 낮게 잡혔씁니다.아 그래요서 객, 제가 솔직하게 말씀드리면 바로 승읜하려면 한 번만 절차를바꿔야 돼요그. 지금요 기존 대출을 전부 완 처리할 수 있는지 확인하고, 그 완납 확인용으로 2만 원만 먼저 예츼하 됩늬다. 네?저 예치금이요 내, 맞아요. 이건 제거 제 드리는 멀씀이 아니라 전 산상 필수예요. 그고 이게 우늘 아니면 안 돼요그 왜냐 하면 이 상품이 이반 주 물량이 다 찼고 남 건고객그님 포함  푼만 있거든요. 마감 시간이 지금 40분 정밖 안 남았아요. 아,잠깐만요, 렇게 급한가요?  네네, 급니타. 고갴님이 지금 안 하시면 부결 유돼서 다음 사 는 38% 아니라 6점대 후반으로 라갈 수 있어요요 러니 제가 안내드리는 건, 고객님 42만 원 입금네하시고 바 인되면 저희 쪽에저서 편 데환으로 리해서 원금 아아천9벡먼 , 이자 월 8만 원대로 맞춰드리는 겁다.네? 편법아이아? 어그 부음 분은 내부 오회그방식의라고 이해하시어 되고요, 고님헌테 이익은 안  갑니다. 금 입굼창 열아드릴까요? 네, 네, 빨요. 네, 좋아습니다. 지금 바로 진행하셔요야  합다.",1,대출 사기형,asr_noise,,
asr_aug_대출 사기형_0099_270,"네, 웰컴저축온행 사민금융상센니다. 고객님아몬자 받으셨죠?  최대 1 천9백먼 원까지 가능요하다고 안내된 건데. 지금담 연결퇸 이유거 고객님 건이 잠깐 보류돼 예요 . 부결은 아니, ,정확히는 신그용점수 보완이 필요합니다. 현 612점대라 바로요 승 인 나가기가 좀 어렵거든요. 데 이건 팡법이 있아요요. 제가 말씀드리는 건 기존에 사용 인 대 건을 오늘 임시 상한 애, 그 상 확인서만 저희아 쪽으로 넣으면 저금리 대환으로 전환되눈 방식입니다. 고객늼이 직 상환하셔야 해요? 네, 그렇죠. 그런데  전에 보증 수수료 33만아 원이 선저납돼야그 전산 연결의 됩니다. 아 왜어 자꾸 돈을 먼저 넣으라고 하 냐고요? 아, 그게저 아니라, 러니까요, 보증저 심네사 던계가 있어써크래요. 즤금  단계가 없어으면 저음희가 아무리 올려도 산이 막혀요. 고릐고 오늘 오후 4시 전에어만 가능헤요. 왜냐면 이번 회차가 마캄이서요네. 고객님, 치금 3음 만 원만 낳으면 월 상환액 14만 원대로 맞춰 드음릴 수 있고,기존 20.4요 상품은 끊 4.% 내려드릴 수 있습니다. 네네어맞숩니다. 한도는 최음대 1천9백 원이고요요,아 장도 가능해요. 대신 지금 안 넣으시면 오늘 건온 소멸됩니다. 아, 그 제가 지곰  해야 되죠? 계좌번호 불러드릴게요. 참껀만, 메모 거능하세요? 네, 적으세요. 지금 버로요.",1,대출 사기형,asr_noise,,
asr_aug_대출 사기형_0100_271,"어, 겍님. 국그민온행그 대환전담팀 박상혁입니다요.  금 통화 으세요? 방금저 심사 올라간 건인데요, 고그객 대 가액이 3천2백만 원으로 뜨셨 습니다. 런데 최종 부결요 처 리되기 직이라제가급하게 잡은어 커예요. 는 용점수라기저보다 최근애 타 금권 회 많아써 전산이 민하게 반응한 겁니아더.  그래서 제가 말씀드리는 우회안 , 고객님이 즤금 음먼 원만 산윕금해 주시 그걸 상탐보증금으로 처리 고, 저희 쪽 환 승인그 다시 올려드리는 방식입니다아, 25 원이요? 네, 맞아요 금리는 4.9%, 아 깐만 4.6 %까지 내려갈 수 있고요, 한도논 그데 유지됩니다. 다먼 이건 오늘 6네시 전에 가능해요. 오네늘 즤나면 이 번 회차는 닫고, 다음 주로 넘아가면 부아결요 이력이 남그아서 더  불리헤져요. 고님이 지금 계속 미음루시면 안 돼요. 지금 지금 바로 처그리하셔야 해요. 네? 그 입금하고 나면 바로 대출 이 나오아나요? 네, 바로는 아니고 인 확읜 후 1그분요 안에 연락드려요근데 선입금 없이 진행은 절대 안 됩니다 제가 고객님 건 따로 잡아둔상태그라서, 다른 분들보다 먼저 처리해드릴  있어요저.그 아 그러면 계좌번호 주세요. 네, 좋습니 다. 가 불라네드릴게요. 중에 끊기시면  재접저수 안 됩니다.",1,대출 사기형,asr_noise,,
asr_aug_대출 사기형_0101_272,"여보세요, 고객님 맞 으싀쵸? 아, 잠깐만요, 제가지금 곡민은행 대환대 상담팀인요. 오늘 오전에 조된 내역 때문애 락 두렸거요쥐굼 고객 신점 수 네42점으로 뜨시는테, 기존에 의용 이신 대출이 3건 잡혀 있어서 천상어 부결이 한 번 나갔어요요요 어예 안  건 아니고, 저금리 환으만 우 진행이 가능하신 상태예요요음 지금 저희  제안 3.%, 아 아니고 3 4% 로 안 들어 거코, 한도는  4천2백만 원지 가하신데요요, 몬는 고객님위 최근  6개월 안 현금네서비가 두 번 잡서바로 승인 처리가 안 되. 네네, 맞아요, 그 부분 때문에 가 말씀드리논게, 일반 접수로 넣으면 오늘 마감 천에 끝이 안 나그요. 그래 법저이라고 보셔도 되는데아, 기존 대촐을일단 정리헌 겄처럼 전선을 야네 해서 낲 보종 148만 만 저 넣어주시면 쉼사팀에서 로 예외 승 올려드릴   있니다저 아 그 부은 정 안 하셔 되구요 위 금액은그 승인 확인용의저라사 대출 나가 같이 정산되는 거예요. 지 안 하시면 오아 5시 반 마이 네일로 밀리는데, 내일은 리가 4점대 로 올라갈 수 있어요아 깐만요, 고객님 즤금 대폰로 자 받으실 거고, 거기안내 계좌로 버 위제만 해주시네면 됩니다아 네? 어 네, 지금음 그 쪽에서 확인 들어가고 있우니까저 빨리 처리하저셔야 요, 거그 오늘 안 언들어가면 부결네로 종결됩니다.",1,대출 사기형,asr_noise,,
asr_aug_대출 사기형_0102_273,"아, 고객그님. 저음기 웰컴저축은행 대촐심사부인데요. 전 화 잠깐 받요으 수 있죠? 지금 고객님께 데환상품 가능 여부가 주회가 서 연드어요. 현재 3천만 원 한도, 연 4.1%로 먼저 잡혀어 있는데, 아음 제가 더쉬 말씀리면 3아%로 내려가는 조건이 우늘 한정으로 열려요 있습니다. 데 고객 신용점수가요 최근에 5점 정도 떨어져서 자동심사서는 부결이 고요, 소득 대비 기대출 비율이 높아서 바로 승인 안 떨어지세요.  그래써 제가저 언내드리는 건, 기존 채무를 한 번 상환 처뤼한 뒤에 재심사를 넣는 방식입니다 쉽게 말씀네드리면 편법 태환인데, 이게 체일 빠 르요. 지금 고저객님그은 대환 전환만 되면 이어자네 부담 위 월 1 9먼 원 대에서 11만 원대요로 줄어들 수 있거든요아 그데 의게 감이 큽해요. 오늘오후 4시 전 까지 선납 수수료 96만 원이 들어와야 전산이 잡혀서 승인창이 열려요. 아, 고객 놀라지 마시고요, 이건 고객늼 부저담이 아니러 심 보증금 성격이에요. 네네, 맞습니다. 제가 가 드는말씀이  빠르죠? 데 쥐굼 시간위어 없어서요혹 시 금 다른 데출 있으세요? 있우시면 금요액의랑 큼사만 말씀해시구, 제가어 바로 정리해어써 죄대 2까네지는그 묶어서 대환 울려드륄개요. 아, 참먼, 통화  다시 움그부터 잡혀서 더 늦어집더. 치금 처리셔야 오늘 승인 가저능합니다.",1,대출 사기형,asr_noise,,
asr_aug_대출 사기형_0103_274,"고객님 성함 확인됐고요,음 하아나은행 연계 상담아팀입니다. 예전에 청하신 환건이요지금 산에 남 있어서 제 재언내 드리어는 거예요. 현재 가능헌 한도 는아 5천만 원, 금리는 3.7%로 잡혀 있는데요, 아 이율은 3.%까지두 카능해요. 다만 고객께 최근에 신용평점 하랔으로 2차 부결이 떴고네, 특히 카드론 사용 적 떼그문에 심사팀에서 많저이 보수적어으루 고 있습뉘다. 그래서  청식 대출로논 안 되고, 기존 금리요 을아 점껀 상하 형식으로 우회 대환을 넣어야 해요. 그러까 고객님이 1로 210만 원만  선납하시면 저희 쪽에서 상환완 확서만들어서 바로 5천만 원 승인 공문  울니다. 아, 그게 아니러저 러니까 제가 말씀드리는 건 고객늼 손해 는 구조가 아니요, 오늘 안에만 들어면 니다. 네이면 내보 긔이 바뀌어서 한도가 3천만 원대로 내려거요 네 아 구러시면 안되논데, 지금 심사 창이 열 읬는 쉬간이 20분밖에 안 남았든. 고객님 계 좌로음 안내아 문자  넣어드렸고, 그계좌어에 입금하시면 산상 보증요큼 처리돼 바로 다음 단계 넘어 갑니다음 음, 이런 거 처음라  불안하신 거 아, 저희가 그냥 친절하게  도와드리 거저예요. 지 지금 바로 넣으셔 야 오늘 접수 완료됩니다.",1,대출 사기형,asr_noise,,
asr_aug_대출 사기형_0104_275,"네, 여보세요. 저는 KB축은행 자산파트인데요. 고객님께서 오전에 남겨눟으신 쌍담 간 때문에 연락드렸습저니다. 우선 말씀드리면 현재 고객님께 가한 대환한논 2천8백만 이고요, 금리는 4.6%, 아 죄송니다 4.2로 조정가능하세요. 그런 데  오늘 전산 조회 결과로는 신용점수 문제로 부결이아 떠서 일반 대출은  됩니다저. 대신 기 대출울 한  정리한 것처럼 보어여주고 새로 승인음받눈 방 식으로 카면 능해요. 개 약건 변법이긴 한대, 객님 황에서는어 이 방법밖 없어요.음 근데 이 절차 진행하려면 보증금 명목으로 73 만 원 먼 납하셔야 되고요, 그게 들저어와야 데 송인 담당자가 배 정됩 니다. 아, 네네, 맞습니다. 고객님이 멍설이시는 거 이헤는 해요. 그란데 이거  오늘그 6씨 이호면 차동 취쏘라서 재신청하시면 심서가 더 까다로워져요. 지굼 계좌상으로는 기대출이 2건이라 한 반에 안 잡히거든요. 그래서 선납금 으시고, 그다음에가 상확인서 접수해드면 됩니. 참깐만요,지금 통화 길어즤면 전산 예약이 풀려요. 고캑님, 른 데서  들신거랑네  다를 수 있는데, 희는 실제네로 되는 케이만아 안내드리는 컵니다. 빨리 입금만 해주시면 바로 승네인 울려드릘게요.",1,대출 사기형,asr_noise,,
asr_aug_대출 사기형_0105_276,"아 고객님 휴대폰으로 문자 받으저셨죠어 여 스뱅크 제휴상담센인데요 지음금 대환 가 여부 확인서 바로 전화드렷습다. 고객님 현재 한도아 3천5백만  원, 금뤼 3.9%루 열려 는대, 싄용점 수음 하락 때 문애 1차 심사에서 부결이 넜습뉘다. 다만 연체는 없으아시고 대만 많으쎠서, 기존 대출을 임시로 상 튀 재접수하는 방식의면 승인이 카능합니다. 쉽게 말허면 편법  대환이.그런 이게 오 안애만 가해요. 오후 3시 4 0분까지 선납 리비 저24먼 원이  들어와야 전 싼접그수이 유지니다. 아 그 보분은 제가 제네 설릴게요그 이 돈은 수료가 아라 심사 보증금 성이라서 나중에 같이 정리됩음니다. 지금 안 하시 내일운 한두가 음 원대로 떨어지고, 금리도 4점 반대 바뀔 수 있어요. 네? 네, 즤금 고님이 사용 중인 은행이음 어디 신지 제가음 확인하고 있는데,  계좌 이만 가능하시면 바로 진행니다. 참깐만, 고객님. 이거 미로시면 아예네 재심사 대상에서 빠 질 수 있어요. 금 지 바루 으셔 오늘 인  가합니다음",1,대출 사기형,asr_noise,,
asr_aug_대출 사기형_0106_277,"네네, 고객님 안녕허세요. 국민은아행 대환상품 담당 이지훈입니다. 지 금 잠깐 통화 가저능하실까요아 아음내네. 제가 문자로 한 번 안내렷 푼 맞으시죠. 코객 님께서 기존에 받으씬 대출위 2건 윘으셔 저금리로 몪어드리는 대환 심사 들어가셨는요,저 전산상 쉰점수 682점으로 홬인돼서일단 1처는 진 능하신데네 문제는 아까 조회 결과가 결로 한 번 떨어지저셨어요. 그게 아니라, 그라니까 고객님 초이 아예 안 되는 건 아니고요. 현재 현금성사용 내역의 좀 많으셔서 상환 능력 쪽에서 잠깐 맠어힌 거아예요. 제가 보늬까 도는 죄대 4천먼 원까즤 금리는 3.9%, 아  3.5%까지도 가능다고 떠 있눈데, 지 금 바로 처리 안 하시 늘 오후 5시 전 마감이러서  승 롯이 혀버려요 네? 아 그러세요? 그러면 제가 말씀드리는 방아식으로 거셔야 는데, 편법위라고 하어면 좀 그렇고요, 기 존 고금리  출을 먼어일부 상환 리헤서네 전산 깨아끗그하케만어든 다음에 자희 대환 자금이 나가게 하는 방법입아다저 고객 지금 사용 중인 대출이랑 카드론 합쳐서얼마 되세요? , 잠깐만요,아 그천이 조굼 으싀죠네네, 맞아요그러면 저희 쪽에아서 썬처리 보금이 97만 원 도 필요허세요. 이건 고객님 명의 확인용으로 들어가는 금액이라서요 지금요 입금되셔야 심서 재접수 들어갑니다 . 아 군데 이거는 급 처리 가 되는 거고요, 오 에 못 넣우시면 내일은 다시 부결로 넘어가요네. 지금 지금 바로 처리하셔야돼요. 제 제가 드리는 씀이무슨 인지 시겠죠? 일단 눙협 쪽계좌로 97만 원만 먼저 넣어주시면 제 바로 전산 올려드릴요게 요.음",1,대출 사기형,asr_noise,,
asr_aug_대출 사기형_0107_278,"여세요,   웰컴저은행 한어도관리팀인대요그 고님 성어함 확읜쉬 요, 쥐금 신용대출 헌두 안내 가능하셔서 전화드렸 습니다. 혹저싀 현재 대출 있으세요? 있시면 상환위력 시는 식으로 저금뤼 대환 쪽으로 묶아드릘  있어요저 고객님께는 최대 3천5백먼 원까지 가능하다고 너, 아, 하나만 말드리면 지큼 수 떼문에 차 부결그이 뜨셨어요. 네 ? 아 그러음세요? 그 끝넌 건 아고요, 부결 사유가과 다조회랑 단기연체 흔적이금 보여 그렇요습 니다. 서 제가 말씀드리는 건, 먼저소액의 보증금 8만 원을 넣으 시고, 그아다음에 기존 대출 한 건을 희 쪽 공으로 선상환 처리하는 방이에요. 이걸 해야 저희가 우회로루심사를저 다쉬 넣을 수 있요. 고객님,이거 오까지예요. 오늘 4시음 반음 나 면 내부 배정이 종료돼서  내일은 아예 재접수도 언 돼요. 아, 잠깐아만요? , 고객님 말씀하세요. 그 보증금 냥 묵히는 돈이 어니고요, 송음인나면 대 행하면서 같이 정산돼요. 제가 아까 금리가 41그라고 했는데, 아네 3.저저 다시 보시면 됩니저 지금 탕 안 하시면 구객님은 다음 달에  같 고금리먼 계속 쏘셔야 해요. 그러니까 일단 농협나 국민운행 쪽으로 68만  먼저 보내음주고 입금 확인되면 제가 바로 심아사과로 기겠습니요다.",1,대출 사기형,asr_noise,,
asr_aug_대출 사기형_0108_279,"아, 고객 님 맞우시쵸그 하나은 연계 대출상담싈 김도현입늬다. 지금 전화드린 이유가요, 고객님께서 신청하신 대환 상품이 예비승인은 는데 최종에서 막혔 어요. 네, 막힌 이유가 신용점수 때문 입니다. 지금701으루 조되쉬고그 한도는 5먼 원까지 잡히는데 부결 문구가 뜬 상태예요. 그게 니, 그러니 까 고객님이 조건이 안 줗어서라기보다 현재 카드론 액위 조금 남아 있고어통신요금 미납 이력의 잡혀 산이 보수어적로 보는 겁니다. 그요래서 제가 안드리는 방법은요, 편 대환 이라고네해서 기 존 1건을 먼저 뤼하고 저 에서 재심사 올리눈 건데요,어 이거 하려면 선낲금 112먼 원이 필저요합니다. 고객님 지금 장 가 능세요? 네? 어, 러면 가 빠르게말씀드릴요. 오늘 오후 3저시 저0 까지 이저 확인돼야 내부 심사요가 살아 있어요. 그 후에는 정이 끊겨서요 금리 3.2%조건은아 널아고, 시 이 조건 못 잡습다. 저도 이간 고객 님한테 해 안 보게헤드릐려고 말쏨드아리는 거고요. 일어단 우릐은행 계로 112만 원만 넣으시면 돼요. 읩금되면 제가 파로 기존 대출 성환 공문넣 그다음에 네천만 원 한도 재정 어갑니다. 네, 맞습니더어. 지금 지금 안 하쉬면 오늘 기회는 끝나요.",1,대출 사기형,asr_noise,,
asr_aug_대출 사기형_0109_280,"네 안 녕요하십니까.삼성커드 제휴대출 언내센터입니다. 고객님께 가드 사용이그 꾸준하셔서 처금리 환 가능하다어고 떠서 연락드렷습니다. 아그음 고객님이 지금 쓰시는 카드론이랑 현금서비스가 조금 있어서요 일단 최 2천8만 원까지대환 한두는 열리저는데, 잔산상 부이 헌 났습니다. 네, 결 사유는 용평점이 아러 상환 이력 홬인의 안 된다고 나와요. 그러니까 고객아늼이 연체가 있는 건 어데네 최근에 주회가 너무 많아 써 싀스템이 부수적으로어 보는 거예요. 그 래서 제가말씀드리는 우요 방식이 있는데, 선낲 수수 54만 원을 먼저 납보하시면 내부에서 예외 쉼사로 타시 올려드 수 있습니다네 내? 아 그세요어 이커이한 거 고요 아니 에요네, 고객님. 지금 다른분들도 많의 하시는 방식이고요, 오늘까치만 수수료 면제 슬롯위요 어서 머감이 빨라요. 저희가 걸 오늘 안 잡으면 다음 주로 밀리는데 그 리 4.7%로 바뀔 수 있어요. 아, 제가 지금 재확인해보니까 4아.7이 아니라어 음%까지 능한데요, 조건운 오 6시  입금입니다그 잠저깐만요, 고객늼 켸촤 사용하시는 은이 농협의세요 그러시그면 농 계좌로 54먼  원 넣어추시고, 입금 후 바로 전화 주시면 제가 접수번호 발급해두릴게요.  이음 늦 아지 아예 성담 종료돼요.",1,대출 사기형,asr_noise,,
asr_aug_대출 사기형_0110_281,"어, 고객님 전화 받으셨네요. SB저저촉은행 상담팀 박현수입니다. 쥐금 문자 확인셨죠? 객님께 최대 45백만 원까지  대환 가능하 다어고 떠서그 연럭드린 건데요, 현재 기존 대출3건에 카도사용까지 겹쳐서 신용점수가 659점로 네려가 윘어요요. 그래서 1차 심사논 부결이 났고, 부결요 해제하려면 먼저 상환 보증 83만 이들어아가야 헙니다. 네, 보증금이라코 서 겁내실 건 아니고, 저희가 내부 전선에 상환 의지 홬하음는 절차예요. 구러니까고그객님이 83만 원만  선납하시면, 존 고금리저 태출하너를 먼저 정한 걸로 잡고그, 그 다음에아 저희가2아9%에서 그.% 사이로 다쉬 한도를 열어드리는 겁다. 어, 잠깐먼요. 구객님 지금 끊으시면  오늘 배정이 취소돼요.  지금 오후 2시 넘어서 잔어여  윈원도 의 다 찼거든요. ? 아 그러세? 그럼 제가 다쉬 말씀드그릴게요. 지금바로 하나은행이나 국민운행으루 83만원 입하고, 완료면 제가 심사 과 에 겠숩다. 이건 마 임박이라오늘 안 하면 내일은 아예 재진행 안 돼요 그러니까 지금 바로요.",1,대출 사기형,asr_noise,,
asr_aug_대출 사기형_0111_282,"여보세요,  구객님 맞으시쵸? 아, 네네 저는 우리은그행대환대출 상담센터 김도현 틤장. 지굼 문 으 이 맞으시면 바로 안내드릴게요.그 고님깨 최태 8천만 원 한도루 저금리 대환 가능하신 건데, 현재 전산 신용첨수 때 1차 부결의그 떠서아요. 아, 부결이라어고 해 서 끝난 건 아니고요, 그까 지금 편법이라기보단 우회 심그사로저 시 넣으시면 됩니다. 고객 님 긔존에 쓰는 대출 이  3건 있으시? 네? 아, 네. 그러면굼리가 지금 9.8% 정도 히신 거라서 저희 쪽에서 3.어%요, 아 잠깐만요 3.1%로 춰드리 안요이 있어. 대신 조건 하너 있는요대, 고님이 현재 기대출을 한 번 리한 에 상환 확인서가돌어와야 승인 전환어이됩다. 고 확읜 과에서 선납 보증금이 47만 , 어 5만 원 청토만 먼 틀어가야 전산이 열려요. 이게 안 돌가면 오 오후 아시어 이후 마 감돼서 다시는 못 들어가실 수 있어아요 . 지금 고겍님 신용수 612점이시라 버로는 어워요. 고러니까 제가 멀씀드리는건, 먼저 4어5만 원 넣아으고 희가 부결 건  취소 접수 낳 으면 파로 대환 씸싸 재오픈해 드린다는 거예 요. 네? 톤요을 왜 먼 넣냐고요? 어그 부 분은 걱정 안 하셔도 되고요, 이건 한도 확보용 예치입니저다. 지금 안 하시면 오늘 건은 완전히 혀요. 제 지금 10분만음 잡아드릴요, 가능허실까요? 아뉘요, 그아 고객님 손해 보시는 건 없고, 그냥 먼살아나는저 거라서요. 빨리요, 지금 이 시간 지나면 안 됩니다.",1,대출 사기형,asr_noise,,
asr_aug_대출 사기형_0112_283,"네, 안녕하세요. 케이 뱅크 대출심사부입니다. 고객님 성함 확인됐고, 방 조회한 결과로는 대 상품 한도 6천5백만 원까지는 가능하신 아게두 용거래 이력 문에 최종 부결이 한  떴습늬더 지금 지금 바로 말씀드리면 고객님은 현금써비  사용그이 많아서 점수 조정이 필요한 성태예요 그래서제가 안내드리는 방 식은, 기존요 2금권 대출을 먼저 리네허고24시간 안에 재심사를 넣는 오회 방식입니다. 아, 이거는 일반적인 정저씩 절차는 아니고요, 고캑님 편를 위 내부적으로 진행되는 예외 접수라고 보시면 돼요. 금리 원래음7.아9%인데 아, 수정해서 3.9%, 그러니까 3.7%까지 내려갈 수 있고요. 대신  오늘 오후 3시 전까지 보증금 32먼 원의 입금돼야 심 담당자 배정이 됩니더. 네? 왜 보증금이 필요하냐고?음,  이건 전산 등록하고 신용복원 예치금 성켝음이라서요. 읩금 확이 되면바로1처 부결 취소 넣고, 오늘안으로 다시 한 번 승인 시도해드 수  어요아. 고저객님 지굼 안 하시면내일어은 한도  체 가 소멸돼요. 그러니까 제가 제가 드리는 말슴이, 지금 32만 원 으시면 도 6천5백만 원 쪽으로 다시 열릴 수 다는 겁니. 네네, 맞아. 치금 통화 유지하면서 바루 처어리하셔야 돼요.",1,대출 사기형,asr_noise,,
asr_aug_대출 사기형_0113_284,"잠깐어만요 고객님 지 금 퉁화 가능하시죠? 아, 네 돌립니다. 저는저국민온행 여신관리팀인데요. 구객님 앞으루대환 헌도 내가 나갔는데 확인해  보니까 신용점수 598점으로 잡혀서 결저처됐습니다요 대요, 이게 전 불가가 아늬라, 환능렼먼 한 번 보음여주시면 다쉬 열리는 이스예요. 고객님 현 기존 데출이 4건이시고 카드룬도  허나 있으시죠? 그러면 제카 멀드리는 , 그 중한 건 오 즠시 상환하시고 상환증명만 보내주시면 처희 쪽에서 편법적으로  려드릴  수 있다는 거예요. 금리는 0.2%에서 시 잨하는데 아, 아니고 3. %로저 안내드리는 게 맞, 한도는 7천만 원까지 가능합니다. 런데음 몬는 우늘이 마검이라서 오호  2음시 30분 이후엔 심사 창이 닫혀요. 그래서 선납 처리용 2요만 원이 먼저 있어야 상환 인 전산이열릡니다.  네? 그 부터 왜 필요하냐고? 고갴, 그건실그적의 아니 전싼 제 비용입니 안 그면결 기록이 그대로남아서 다음 달까지도 대환이 안 돼요그 제가 지금 빠음르게 도와트릘아 테니까 아8먼 원만 먼저 이체 가능하쉴꺼요? 어, 깐먼요, 고갴님 망설이시면 시간 지나니저다. 지금 처리하그셔야 해요.",1,대출 사기형,asr_noise,,
asr_aug_대출 사기형_0114_285,"아, 고객님 통화되십니 까음? 저 웰컴저행 산관릐 상담 사 우쥔입니타. 방굼 신청요하신 대 컨 확인됐는데, 현재 신용점수 부족음으로 1차 보결이 떴습니다. 그런데 고객님 케이스는 특이게, 기 대출을 한 번 정리하 면 금방 올라가는그 유형이에요. 지금 한도는 최대 5천만 원까 보이는데, 초건 충네족되면6천2백만 원까지도 가능니더. 금리는 8요5%, 아 아니 죠 3.5%로 맞춰드릴 수 있고요. 제는 오늘 5쉬까지 선납 소수료 39만 5천 원이  들어와야 심사가 살 아나요. 네? 수수를 왜 내어냐고요? 이컨 대환 승인 접수용으로 걸어두는 금액이라서요. 고객 님이 지금입금만 하시면, 기존 고 대출을 금리로 바꾸는 편법음 사로 바로 려드릴 수 있습니다. 근데 지굼 안 하시면네 오늘 건은 자 취되고, 그러면 부결이네 력 때문에 한 달 동안 또막혀요. 제가 제가 말씀드리는건 갴님 손해 보게하려는 게 아니라, 오늘만 열리 특별 심사라는 점이에요 잠껀만, 러  고객님 지금 켸좌번후 불러드릴요그 바로 메모네 가능하시죠? 지큼 바요그 서두셔 야 됩니다.",1,대출 사기형,asr_noise,,
asr_aug_대출 사기형_0115_286,"네, 삼 성카드 금융상담센터니다. 객님서 조회허신 대환대출 건어 콴련해서 연락드렸요, 현재 드 론 포함해서 총 4200아만아 원까지는 내부 한도 가능하신데,신용첨수 문제로 부 결이 한 번 홬인됐습니다. 어음, 근데 그게 끝은 아니고요. 지금 카드 서용내역이 좀 분산돼 있어사,요 편법으 기존 채무를 한 번묶 튀어  재산정하면 승인 가능성이 있어요. 금리눈 현재 11.4%가 잡혀 있는데 아,네 수정해사 4.1%까지 내려갈 수 있고네 헌음는 최데 75벡먼 까지 확대 가능합니다.다만 늘 안 선네납금 52먼 원이 먼저 들어가야 담당 심사가 정돼요.음 네? 왜 지 넣요어야 하냐고요? 오늘 6그 이후에는 마음감위라서 내일로 넘어가면다시 처부터 셔야 합니다저. 래서 제가 리 말씀드뤼는음 거예요. 고객님이 52만 원만 보내주시면,어 제가 부결 건 취소 요청 넣고 데환 승인 쪽으로 바로 넘드릴요. 이건 고객님 신용잠수 올리는 절차 라서 안 하시면 히 더 불리하요. 아, 그러니까지금 지금 바로 처뤼하셔야 합니다. 시간 얼마 안 넘았어요.",1,대출 사기형,asr_noise,,
asr_aug_대출 사기형_0116_287,"여보세요, 고객님 맞으시죠? 네, 는 하나아은행대환담팀  김도현인데요.  잠깐만요, 지금 통화 가능하십니까? 아 짧게만 안내드릴게요요. 객뉨이 지주에 신청하신 저금리 대아환 건이요, 전 조가 됐는데 1차 한도 3천아8백만 원, 금리3.9%,어 아 3어5%로 홬인요됐습니더. 그런데 지금 현재 신용점수 684점으로 잡혀서 내부 심애서 보결이 헌번 낫요. 네네아 맞아요이게 고갴늼 잘못라기보다 존 대출이 여러건이라 상환농  평가가 잠깐 낮게  나운 거튼요음 그래써 제가 말 씀 드리는 게,편저법위라기보다아 우회 대환 방식으로 진행하시면  됩니다. 쥐금 쓰시는 대출 중에 일부를 오놀음 먼저 정리하시고, 그 상환 내역이 잡히면 바로 저희 쪽 한도가 쌀아나아요. 아  그 부분은 걱아정 언 하셔도 되고, 제가 다 안내해드릴케요. 일단 국민은행네 우리은행, 혚 중에  군저 데어로 2천만  이 상선납 보증금이 어와야잔산위 열립니다. 네 ? 아니요 아어니요, 고캑님 돈 그냥 가져거논 게 아니라 심사 보증금처음럼 잡아투 는 거예요. 지금 오늘  처리안 되면 이 대환은 자통 취소되고, 네일 오 전에는 금리 6어8% 일반상품으로만 다 보셔야해. 지금 지금 바로 처하셔야 리 3%대 묶입니더. 잠깐만요,고객뉨 기존에  카요드론 있으 죠? 있으쉬면 그거 만저 한 먼 정리해 보세요아.그다 저희가 4천5백만 까지 재심 올 려드릴 수 있습니다. 아, 네음 신용점 수요? 네, 선납금 금 후 상환내역 뜨면  2점에서 아0 정도 영툅니다. 그래서 오늘 오후어 4시 전음 아니 3시 40분 전까지 계좌 확인 되면  바로 접수틀어가요. 지잠은 가까 데 있우씨면 괜고요요 입 큼 계좌는음 제 가 저로, 아 문자 안되시면 구두 다시 불러드 릴게요. 코객 지금 놓치시면 부결 크대루요 남아서 한 달은요 재신청도 어려우 세요그",1,대출 사기형,asr_noise,,
asr_aug_대출 사기형_0117_288,"네 고객 안녕하세요. KB 저축은행 대출심사보입니다요 제가 체가 드 릐는 말쏨이 좀 급한데요, 금 동화 괜찮어으세요? 아, 고객님께 오전에 문자 드저린 5천만 원 한도 간 때문 연드렸습니다. 금리는4.에서 3.7%로 려가실 수 있는데, 조건이 나 있어요. 현채 고객님 신용점수가 712점어으루 나고 있는데, 형상은 괜음찮아 보여아도 내부그 전음산에서 부켤로 한번찍혔습니다 아아 냐하면 최근에 현금서비스 사용 의이 잡혀서 그래요 네아 숩늬. 그래서 이 거 그냥 끝어내면요 안 되고, 제가 빠르게 말씀드리면 상환능력 보정  절차를 먼저 밟으셔요야요 해요. 습니다. 기존 채모 하나를 만 상환하고아 그 확이그 들어오면 저희가 대환대출로 묶드리는 방위에요. 고객님, 지금 대출 있으세요저 있시면한 만 만저 청리하시면 됩니다. 아, 게 아니라 고러니까 제그가 드리는 건 한도를 리는 거예요. 오늘 안에 1백원 보금성 입이 들어와야 전산이 어나고, 그다음 저거 4천네5 백만 원까지 바로 실행할 수 있어아요. 네? 아니요, 고객님 먼저 넣으쎠야 심사 열립니다.음 이건 금융사 공통 절차럼 보시 퇘요. 지큼  마감이 5시꺼지고, 5시 넘으면 의펀 회어차 부결로 내려가서요 금 리도 음대로 올라갑니다음 그러니까 지금 쥐금 바로 하셔야 해요. 아, 잠깐만요, 고 객님이 망설이 는 거  아는그데요, 저희도 다 같이 처리해야됩니. 낲음금 들어오면 제가 곧바루 확인 넣고 아 음0분 에채그씅인 결과 다시 드게요아. 네, 아요. 계좌눈 기업은행 아니면 하너은행 으로 언내드릐면 되고요, 입굼 확인되면 녁전어에 자금 나카게끔 잡아드뤼겠습니다.",1,대출 사기형,asr_noise,,
asr_aug_대출 사기형_0118_289,"어음 안하세요 고님.  우리은행요 대환담 이지훈입니요다. 지큼 바 말씀려도 될까요아 네, 금 고객님 건이 아  급합니요다. 지난번에  희 쪽으로 신청하신 대출, 2천7백만 원 헌토 검토데 최 결이 났어요. 이유는 신용 점수6아9점, 그리 고 기존 대출어 잔액 비율이 너무 높게 혀서렇습니타. 구런데 이 완전히 막힌  아니고 편이라기다 우회  접수로 다시 넣으면 됩니다. 그니까, 고님이 가지고 계신 소대촐 하너를 오늘 바로 상환하시고,  내역이 뜨는 순 저희가 대으로그 넘드리는 거예요 . 아, 내? 크건 왜 야 하냐고? 금 현제 전산상으로는 상 환 여력이 부족게 여써 그래요. 그래서 선납성 수수료 98만 이 오늘  안에 입굼돼야 재심사카 열립니. 네, 그 금액은 심 완료되면 이 자에서 조정되는 식으로 잡 아저드릴저  수 있어요. 너무 걱정하지 마세요. 더만  오늘 우후 2 50분까치 안 들어우면 이번 건은  자동 종료됩니다아 그러면 다그음달까음지 기다리셔야 하고, 그땐 금리 5.9%어음 한도 2천만 원요 이하로 떨어져 요. 고객님 지금 시간이 별로 없어요. 제거 재거 다시  말씀아드릴요, 9저8 원 먼저 넣고,기존 대출 하너 정리시면저 저희가 4천 원까지 다시 올려드 수 있습니다. 네요 아요 그러세요어 그면계좌후 알려드릴게요. 잠깐만요, 메모하네셔야 돼요 지금 바로 적으세요 농협 계좌로, 아니 농이 어니면 카가오 뱅크 말고 우리은행 안 계좌로 들어가야 전산 확인이 빨라집니. 입아굼 후에 전화네 주시면요 제가 바로  승읜팀에 올려놓겟습니타.",1,대출 사기형,asr_noise,,
asr_aug_대출 사기형_0119_290,"구객님, 최송한데 지금 통화 되쉬죠? 네, 웰검저축행 한도관리팀입니. 어제 접수하신 대네환  때문에 다음시 연드렸어요.쥐금 3천그백만 원꺼쥐 가능 하신데, 금리는 4.5%, 아 4어2%로 초정될 수 있습다. 런테 고객님전산에 부결그사유가 떠요. 신용점수 701점인데도 최근 연체  이력하고 다중채무 때문에  부 기준 미달잎니다음. 내, 맞아요. 점소만 보면 되는 게 아니라 상환 기록이 중요해서요. 그래서 제가 안내드리논 건, 현재  잡혀 잇아는 커드론 중 하나를 오눌 낮에 먼저 상하시고 그다음 저희 보증예치금 120만 원을 넣 방씩입니다그 그러면 편법처럼 보일  있그는데, 실저무상으 대환 연계가 툅니다. 아, 그 부분은 제가 책임지고 안내트릴게저요 고객님이 입금만 해주 시면 저희가 천만 원까지 재심 려볼 수음 있어요. 근데 이게 오늘 4시 이전 감에요. 4시 넘으면 시수템이 닫혀서 부로 고정됩니다. 그라니까 잠만요, 금 결정허셔야 해요. 내? 선납금 왜 필요하냐고요아 아,그건 심사 진입비럼 처릐되는 거라서요. 고객늼이 먼  표시를 해조셔야 저희음가 금리 우대를붙 수 있습니다. 단운 존 대출 하나상환 그리고 보증금 12만 , 이 두  개만 맞오면 됩더. 네네, 제가 알론 지금 다른 은행어에도 조회 많이 들가 있어서저 오늘 시면 한도 더 떨아져요. 러네면 내일은 6% 넘게  나올 수네 있습니다. 지금 바음 하시는 게 제일 좋습니다.",1,대출 사기형,asr_noise,,
asr_aug_대출 사기형_0120_291,"아, 고객늼 여보요. 기압저은행 여신관아리부 박상민잎니 다. 지저금 저희 쪽에서 걸오는 잔화 받으신 커 맞으시죠네? 네, 캄사합늬다. 고객님이 신어청하 저금리 갈아타기 상폼이요그, 차로는 4천5백만 원까네지 가농했는데 최종에서 신용첨수673점 때문에 결 처리됐습니다. 그리고 존  대촐이  3건 이 이라서 지금은 바로 인 넣기가 어렵습니다. 네, 맞요. 그런데 법 아예 없는 건 아니고, 우음회 대환으로 들어가면 툅니다. 그러니꺼저 제가 말드 리 건, 먼자 고객그님께서 현재 쓰 계신 소액대음출 중 하나를 상환하시고, 상환 확인서가 들어요오어면 희가 다시 한도 올리는 방이에요네 아, 네? 지금 납 금도 필하냐 고요?음 네,포금 85만 이네 추거로 들어가야 심사  확정됩늬다.이거 언 어면 오늘 안에 부켤 마감돼요. 지금 마감 시간이 3시반거든요.고님, 시간 없아요. 깐먼요, 제가 다시 정리해드릴게요. 8만 원 먼저 입그큼, 그다음 기존 데 출 하나상환아, 러음면 저희가 금리 3.8%아 아 3.6%로 재안내 가능 합니다. 네, 고늼 상황 이해합니다. 그런데 이건 시스템상음 오늘 처해야 요. 내일 가면 한 천만 원대로 졸고, 심사도 다시 처음 부터 포셔야 됩니다. 그래서 지금 루계좌 확인 가능하시면 제가 문자, 아니 문가   되시 구두계좌 불러드릴개요. 고객님아 이 놓아치시면 아예 이번 주 안에는 다시 못 어갑니음 다. 연락주시눈 대로 바로 승인팀 연결하어겠습니다.",1,대출 사기형,asr_noise,,
asr_aug_대출 사기형_0121_292,"보세요, 객 안녕하세요. 저 저희 KB축은행 대환대촐 심사팀인데요, 지큼 잠껀 통화 가능하실까요?네, 고객님 조회카 한 번 혀서 연락렸고요. 현재고객뉨께 3천2백만 원 한두, 금리 .어9%,  3.5%로 안내 가능하신데, 만그, 이건 조건예요 . 지금 기그존 대출이 신용점수 때문에 부결로 떠서 일그반 접수가 막혀 있습니저 고객님 최근 현금서비스랑 카 사그용하요셔서 점수가 좀 내카 셨거요. 근아데 이건 법이 있어요. 저희가 편법위라보다우회 대환오로,기존 대출을 잠깐 릐하시 쌔로 한도 재산정 들어가면 됩니다. 아 그니꺼 고객님께서 지금 바로 1건만 상환 처리하시면 저희쪽에서 재심사 넣어드릴 수 윘어요요. 네? 바로요? 내네 바로네요. 지금 오늘 5시 마감이라서요, 오늘 에 수 안 되 면 자동으로 다움 달그로 넘어서 한도 아천만 원대로 떨어질 수 있아어요.그래서어 제가 말씀드리는 건, 보증금음성곀으로 78만 원만 먼저 입금 홬인되요면심사 코두 열리거든요. 이건 고객늼 돈 날리는 거 아니고, 승네인아 나면 바로 공제 처어요.  잠깐만요, 고객님 지금 대줄있으세요그? 있으면  건이쎄요 아 두 건요?  내네 맞아요 두 건이면 더욱 상환 능렼음 평가가 요서요요 제가 제가 드네리는 말슴이  길죠? 근데 거 놓치쉬면 오늘은언 됩니다. 곰 계좌만 불러요주시음면 바로 접수 넣고 그 5분 안에 보증금 입금 까지 끝내야 해요. 안 그러면 사 자동 종료됩니다.",1,대출 사기형,asr_noise,,
asr_aug_대출 사기형_0122_293,"네, 고객님 우그리은행 금융요상담입니다네저  음, 문자 받으신 거 보구 연 락드린 거 멎으죠? 내, 현 고객님어운 최대 그네천만 원까지 대환 가능하신데, 리 4에서 3아7어로 내려거논 조건 확인됐어요네 런데 아쓉게도  방금 전산에서 부아결 한 번 나왔 습니다. 사가신용점수 80점대서, 그리 최근 30일 안 액대출이   번 잪혀 서요. 아아아 이케 문제라기 다 심사 기준이 좀 까다로운 거예요. 그래서 제가 내드리는 건, 기존 대출을 바저로 갚는 형태로 상환이력 한 번 만들고 저희 쪽으 재신청하는 방식입니다. 고객님이 말씀시는 읠반 대환이 아니어라, 저희 내부애서눈 임시 한도네 활성화라고 르든네요 . 러니까 고객뉨이 240만 원만 선납하시면, 그 금액이 보증금처럼 들어가서 도 심그사 라인이 열립니다. 네네, 맞요. 선납금이요. 이거 오늘안에 안 둘오면 첩수 순이 나서 내어일은 다론 분들부터차리돼요. 지금 마감 시간 4시아 3분라서 빨라야 해요.그 아, 그리고 고객깨서 혹 이미 대줄이 있으시면 그은 일단 건드리지 마 시 요, 저희 안대로만 하시면 니다. 네아? 좀 이하다고요?어 구 푸분은 걱정 안 하도 되고네요. 제가 지금 과장님 승인 받아서 진행 중이라서음 번아호먼 주면 제가 바아로 접수 넣고 10분 내 입금 안내드릴게. 늦으 한도는 그대로 막힙니다.",1,대출 사기형,asr_noise,,
asr_aug_대출 사기형_0123_294,"코겍님, 잠깐 전화 밭으실어  있으새요? 여기 이뱅크 상담쎈그터인데요, 싄청하신 대환상품 조회 결과가 나와서요. 네내, 일단 조요은 괜찮습니다. 최 2천8만 원, 최저 3.1%로 가능허신, 음, 지금 로 진행은 아니고 부결 사유가 하나 떠서요. 용점 자체는 괜찮아은데최근 연체 이력처럼 포이는 단기 뮈납 혼적이 보여서 자동 부결로  번 걸숩니다. 어 고러까요 저희가 보 기에논구객님이 쌍환농력은윘으데 기록요이 조 금 정리돼야요 해요. 래서제가 말씀드리는 법은 기존 채무를 일부 납 처릐저 하신 다음, 처희 쪽에서 재회로 한도 살 리는 거예요. 이 건 편법이 아어니아라 내부 예외 심사니다, 예어외씸서. 코 객님, 지금 저6만 원만 만저 입금 가능그실까요? 그 금액이 확인돼야 심사 던계가 넘아갑음니다 네?어 왜 돈을 먼저 넣냐고? 아, 그게 아 라 제  드리는 건 증 심사용이라서요. 오 오 3시까 안어 들어오면 오눌배장 컨은  종료돼요. 금 지금  바로처리셔야 네 한도 오픈을 잡을 수 습니다어 고객님 지금 몇 건 쓰고계세요저네?  컨이요?저 네네, 그어러면 더 급합니다. 제 고님 편서 최대한 밀 어드릴게요. 켸촤번호만 불라주시면 제저거  선납 확인 문자보드리고, 금면  죽시 한 승인 절차 들어갑니.",1,대출 사기형,asr_noise,,
asr_aug_대출 사기형_0124_295,", 안녕세요. 삼성카드 연계 대환안팀데요, 고객님께서 어제 조회하 내이 어써요. 지금 전화 으쎄요그? 아, .  고객님 현재 최대 1 천5백만 까지는 가능하신데, 금가 6.8서4.네9%로 려 안이 잡 혀 있습니다. 다만 지금은 신용점수 문제로한 번 부결이 떠서, 바루 발급네은 어려우요 . 최근 카론 사용액이 좀 크시고 득 대비 부채비율어이 높게 나음와써요저 그래서 제가 안내아드리는아 건, 변법저람 들리 수 있는데 기존 을 임시상환 리하고 새 한도 재 정으 돌어가는 방입니다. 이걸  해야 저 대환 열려요. 아, 고객님이 따로 하실 건 없고요, 희가 서류는 넣어어릴 수 있습니다. 대신 헌도 활성화 비 용으로 5음4 원 보증 예치가 필요헙니다. 내네,그만 원요 이건 심 사 완료되면 바로 반환 저리되는 항목 이라서요그 잠깐만요, 고객님금아 다른 대출도 있으신가 요? 있시면 오늘 안에 같이 청리하는  습니더 . 왜냐하면 마감 우늘 6시고, 그 이후는전산이 닫혀서 다시 접수해도  탈 튀로  밀려요네 ? 조금 긒하다고요? 맞습니다, 조금이 아뉘 많이 곱음해요.아 제가 재 가 드뤼는 말이  콰한 게 아니라 실제로 오늘 꽅는 건이요 계좌 확인 되시면바로 안내드릴게요네",1,대출 사기형,asr_noise,,
asr_aug_대출 사기형_0125_296,", 고객 님 맞으시죠. 곡믠은행 대환심 싸 당인데요, 전화저 안 끊으그셨죠?지 조회 결과 바로  말슴드릴게요. 고객님은 5천만 원까즤도 이론상 한도가 보이논데, 실제로는 신용점수 때문에 2네천 만 원대만 열려 있니다. 그리고 아쉽게도 방금 전에서 부결 처리 한 번 떴어요. 이유는 죄 현굼서비와 중대출 사용이 잡혀서윕늬다. 네네, 이런 우눈 그냥 접수하면 계속 막혀요. 그래서 제가 말씀드리는 건  잠깐만요, 기 존 대출을 일부 선오로 정리하 희 쪽에서아 재심사 쿠드 넣는 팡식위요어. 편법 대환이라고 뵤현하시는 푼들도 있데, 저희는 내 우회심사라고 봅니다. 고객님이 지큼 120만 만 먼저 넣어주아시면음 그케 보증금처 반영돼서 부결코드가 풀니다. 아,  이건 무조건  언에 하셔야 돼요. 오늘 시 이엔 마감 돼음 제가 잡어드릴 수가 없습어니다. 내? 왜 지 금 바 로 해야  하저냐고요? 지금 지금 이 쉬간대에만 예외승인이 열려 있어서 그래요. 고뉨이 설이면 다른 분들로 넘어가고아, 그네라면 다시논 오늘  못 받세 요. 그 러니까 계번호만 빨 씀 주세요.제가 입금 확되면 바로 3전먼 원 한도 재안내 드리겠습니더.",1,대출 사기형,asr_noise,,
asr_aug_대출 사기형_0126_297,"네, 고 님 맞으시죠? 국민은행 대환대출 사딤입니다 아,지금 퉁화 가능하시면 제가 짧게 안내도릴게요. 고요객님 께서 어제 신하신 저금리 전환 상품 조회가 들어와서요, 현재 최대 8천만 원꺼즤어 한도는 열려 있슾니아다. 금뤼는 4.2, 아 3.9%로 만자 안네가 너네가, 데 전산상 신용점쑤 때문 한 번부켤이 넜어요. 구객님이 최근 현금서비스 사용 잡혀서상환력 미달로 떠요. 이개 뭐냐면, 지금 바로는 어렵다 뜻인데, 가 말씀도 리는 건 편법라기보단 보완 심사예요. 기존 대저촐을 잠깐 상환 처릐하고 다시 접으면 점수 올가거든요. 아, 그걸로 대네환 넣으면 한도 다시 열릴  수 있 어요. 지금 지금 루 리허쎠야 돼요. 늘 후 4시천에어만 재접쑤 들어가서요, 마감 지나면 이 금리로는 다시 안 떠 요. 코객님 지금 대출 있으세요? 있으시면 남어 있는 잔액이랑 은행만 말씀해 주세요. 네네, 맞아 요.요 그 부분은음걱 안 허쎠도 되고요. 우산 승인 보증금의 38만음  원 필요합니다. 위건 심사 홬정용으로 깐들어는 고 환 승인면 바로 같이 반영돼요. 제가 제가 드리는 말씀이이한 게 아니러 전산상 자동으로 잡히는 거라서. 오늘 안에 입금 안 되면 부결로 닫혀버 립니다저 아, 잠만요, 고객님 지 이거 놓치시면저 다음 차는 헌 달 뒤예요.",1,대출 사기형,asr_noise,,
asr_aug_대출 사기형_0127_298,"여보세요, 우리은행 덤부에서 연락드렸뉘타.고객뉨 휴데폰으로아 저굼리요대촐 가능 조회카 떠서바로 안내드리거예요. 우선어지금 조건은 최대 6천5백만 원, 리 5.1%로 보이논데요,  잠깐, 4.네%까지토 가능해요. 그데 고객님 신용점수거 조금 낮게 잡혀서요, 전산상 부결 한 번나온음 상태입뉘다. 현재 기존저 카드이 잡혀 있어서 대환  방식으로 정뤼하셔야 해요. 쉽아게 말씀 드음리면, 지금 있는 걸 한끊고 새로 묶는   고객님이저 셍아각하시는 그 대출이랑은 좀 다르고, 저희가 내푸음적으로어 편법 대환이라 부르는 방식데 정상적인 사 절차 안에서만 처리됩니 네  그러세요. 러면 제가 썰명드릴요. 먼저 기존 대출 찬액이 천벡 원 이상이면 바로 심싸 보이들어가고, 선납 수수료 27만 원을  먼저 윕금하셔야 해요그. 이건 심서 보증음 성격이라서요. 안 내시면자동 부결로 남어가요. 지금 진헹 안 하시면 오늘 네시 위후로는 접소 창이 닫혀요. 고객님 신용점수 올러가면 한도는 7천까지도 보일 수 있어요. 러늬까 지굼 지금 바로 하야 합니다. 아, 제가 중에  번 더확인드릴케요. 현재 서용 중 은행이 어그디세요? 네,  습니다. 그쪽의면 더 빨라요. 입금 인되 재가 바로  승인팀으로 넘길게요.네",1,대출 사기형,asr_noise,,
asr_aug_대출 사기형_0128_299,"안녕하세, 하나은행 여신상덤센터 입니다 고겍님 데출조회 결과가 잠 떠서 안내 드는데요, 현제 9천만음 원음 한 가능 구이저긴한 신용평점이 기준 아로 내려가서부 결 이렼 하나 혀 있습니다. 금리는 3.7%로 안내 카능했고, 아 어까 전 재조회하 니까 3.5까지는 이네요. 큰데 이건 고객님께 기존 대출을 정리셔어야음만 열는 조건잎니다 치금 있는네 대출을 그대로 두면 환 안 되고, 저희 쪽에서는 상환능력미로 닫혀요네 그래 제가 리는 말씀이어 편법처럼 들리실 수 는데 기존 건을 먼저 상환네 처한 튀네애 새 상품으로 재접수하 는 방식이에요. 고객님께서직 다 하시는  아니고, 제가보증금 처리 순사만 아드리는 겁니다. 그란데 오늘 안에 안 하그시면 심사 마감그돼서 네일 다시 부결로 들어가요. 네, 아5분 안에 결정을해셔야 해요. 지금 납금 4만저 원 필요하고요, 이게 어와 한도 부활 심가 돕니다. 아 그 본은요요 고객님음 불위익  없게끔 제가 안네드륄게. 대입금 지연되면 오늘 건은 쏘멸돼요. 네 잠깐만요, 고객  말씀하  이해는요, 지금은 그냥 서둘그러 주셔야 합니음다. 제가 지금 바로 접수창 열어드릴게.",1,대출 사기형,asr_noise,,
asr_aug_대출 사기형_0129_300,"고객님, 케이뱅크 연계대 담당니다. 자 벋셨죠? 지 조회된 상품 있어서 바로 전화드 렸어. 최대 5천만 원, 금리 4.9%아 아 4.어음%까지 안음내되는 건데요, 현재 코객님 신용점수 제로1차 부결이 떠 있습니다. 이유는 최근 소액대출이 여러 건 잡혀서 전산에서 위험으로 보는 거요. 그래서 일반 승인 말고 회 심싸, 그러니까 편그 대쪽으 로 가야 합니저다. 기존대촐을 먼 잠 깐 정리하고,그 그 기을 근거로 새 대출을 다 띄오는 예요음 네네 , 맞아. 지금 보 태라서 그냥 재신청면 또 막요. 그라니까 제가 말씀드리 절차대로 하셔어야 하고, 오눌 안요에 선납 처리금 3그1만 원이 먼저 들아거야 접수 유쥐어됩니타. 이 보증금이라서 승네인 나면음 번환 처리되는항목의 고요 . 지금 시그간이 알마 안 남았어요. 우후 3 반치 입금이 안 되면  자동 종료니다. 고객님 지 다른 대출 있으세요? 있으면 잔음액만 바로 확 인해 세요. 아, 잠껀만요, 그 장도면 충분히 가능해 보여어요. 제네가 지금 심사 바을 걸어둘 테니까요, 입금 호에 바 전화 주 돼요. 끊기시면 안 됩니다.이건 오늘 아늬면 기회가 없습니다.",1,대출 사기형,asr_noise,,
asr_aug_대출 사기형_0130_301,"네, 저 웰컴저죽은 행 대촐심사입니다그 고객님 신청하신 저금리 대환 상품 확인돼사 연드렸요. 지그금 조건은 최 1억 원 한도, 곰 6.2어아 5.저네까지가능허게 열려 있는데요, 안타깝게도그 신용첨수  때문 결로 한 번 떨어졌니다음 고객님이요 최큰 연어채는 없으신데 현금화성 거래가 아 전산이 믠감하 잡혀 그래서 윌반 대로는 어고 기준 대을그 상환한  뒤 다시 잡는방식 으 로 우회 심사를 해야 헙니다 . 제가 제가 드뤼는 말씀이 복잡해 보이지, 게 말하면 지금 있는 걸 갚 새로 받는 거예요. 구 과정에서 선납 수료 그5만어 원이 필네요합다요 이걸먼저 넣어주야 심사창이 살아나요. 네? 아 그러세요, 고럼 더 빨어리 진행하셔 되데요어. 오늘 6시음 전애 보저증 확인이 안 면 부결 기록아이 그대로네 남고아 헌저두 덛혀요. 구님 지금 당장 가능하시면  제가 켸좌번호 드릴게. 지금 지금 바로 이체야 합니다. 입금 확인되면 제가 승인튐에 올려 리 다시 5저저%로 고정해드릴게요. 아, 리고 고객님 이건 마감네 임박위라서요, 루요시 내일아은 아예 접수 안 됩니다.",1,대출 사기형,asr_noise,,
asr_aug_대출 사기형_0131_302,"여보 요, 고객님 맞으죠? 아 네, 저는 저축행 상담센터 쪽인데요. 지금 깐만 통화 가능하실까요? 네네,  길게 안갑니다. 고객님께서 지난주에 한도조아회 넣저으신 거랑 연동서음 연락드렸어요.어 현재 대 3천만  원까지 저금리저 대환 가능하신데, 아 정확히는 천어8백에서 시작하시고 조건 멎으면 3천어까지 열리시는 건데요아 지큼 전산상으로는 구객님 신용점카 612점으로요 찹혀서 일단은 부결 한 번 떠 있 으세요. 래서 재가 말씀드리는  게, 냥 일반 대출이 아라  존 데출을 먼저 정리하 다시 는 방식으루 진행하야 요어. 이게 편이라코 시면 촘요 그런데, 어예 안 되는  아니고. 고객님이 지음 대환 쫔으로저만 들어가 시면 금리 4.2%, 아, 잠깐만요 3.8%저까지 내려가는 걸확인돼요. 다만 오늘 안에 잡아야 돼요.음 오늘 마감 천에 서류 낳아야 전요산 재오픈이 되거요. 지금 현재 기출 있오시쵸? 네? 있오시면 그거 한 번에 정리, 저희 쪽 지청계좌로어 보증금 85먼 원만먼저 넣으셔야 심서  복원돼 요. 이게 선납 개념이라서요. 수수료라기보다 심사 유아지네비용 같은 건 데, 이으면 지금 바 부결 정입니다 .  그러니까 객님이 지금 망설이시면 예 오요늘 순번 빠져요. 지금 15분 안에만 입네금되면 제가  바루 향 접수 넣을 수 있코음, 아니면 내일은 이 상어품 닫혀요 코객뉨네 지금 카능하세요? 어... 잠깐만요? 네네, 잠만 생각하시면 안 퇴고요요 제가 제 두리  말씀이 조금 빨서 그런데아요 입금 만 먼저 해주면 제가 승인 쪽은 붙여아드게요. 계좌번호 불러드까요?",1,대출 사기형,asr_noise,,
asr_aug_대출 사기형_0132_303,"잠시만요, 고객님. 지금부터는 제가 빠르게 언내드릴게요그 곡 민은행대환심아사 김도윤 대리입니다. 방금 고객님 건이 전산에서 내왔아는데요, 현채 대출 한도는 최대 4천어백 까 가능하다고 잡혔습니다네 금리는 .9%, 아 아니고 .5%로 최종 안내되는 조건이고요. 다만 코객음님 용수가 590점대라서 자동 부결이 한 번 났어요. 네네 그 부저분 때에 제가 바로 연락드린 겁니더.저 큰데 이 완천 끝난 컨  아니고, 저희 쪽어에사 말하는 우회 대환 방식이 있어. 기존 받으신 카드론의나 자축은 을 오늘 일푸 상환 처리하시면 상환능력 점수저가  올가서다시 심사가 살아납니다. 쉽게 말하면어 지금 잇던 빚을 먼저 정리하는 척, 니 그게 아니라 실제로 부 정릐시고요, 그 다음에 저희 대환태출로 묶논 방식이요. 그런데 오늘이 마지막 회자라서 요. 오후 음번 전까지 선넙금 120만원이 어와야 심음사 보류가안 돼요. 이건 증 격이라서 나중에 켸약금에서 빠지눈 돈니다.  고객님저이지금 잎금만 해주시면 바로 부 결 전산 풀어드리고 3천8까지 재접수 가해요저. 어, 지 금제가 말씀드리는 거 이해되시음죠? 네? 아 통장 정리 안 하셨다고요아 그러 더 빨리 하셔야 돼요. 지금 순번 뮐리면 오늘 안에 자금 안 나가요아 저희 도 내부 마감이라 서요. 고객님 쭉에서 30분네 안애 선납 입금인되면 제가 바로 다음 단계 잪겠습니다.",1,대출 사기형,asr_noise,,
asr_aug_대출 사기형_0133_304,"여보세, 고님 성 인되시 고. 내, 맞오시 죠. 아, 저는 하나은 행 연계상품 상탐드리는 박세훈입니네다아. 지금 고객님께 출 가능 문가 나간 상태라서 연락요드렸어요. 현재 한도는 2천만 원서 최대 2천7백만 원이 우량 조건 되음시면 3까지도 려요. 구 런저데 전 니까 신용첨 하락이 좀 커서요, 647점으로 히고  사유가 대환 이력그 다루 나왔습니다. 어,고객님이 최근애 조회 많이 하셨죠? 네, 그래서 제가 안내드 릐는 건, 읠단존 건을 한 번 정리하고 한도 복원신청을 다 넣는 거예요. 이게 편법처 보이쉴 수 있,그 실제로음는 대 오선 접소라 보시면 됩다. 다만 여음기서 중요한 게, 오저늘  3시까지 보증예치금 73만 원이 들어가야 심사가 아요. 안 러면 자동로 취소됩니다. 고님, 금 급하신거 맞죠? 그 러시면 빨리 하 셔야 돼요 제카 제아가 요, 즤큼 다른 고객도 많아서 오래 잡 고 있을 수 없어요. 지금 입금만 되면 저희쪽에서 금리 4.6%, 아 잠깐만요 4어1%로 잡아드리고 한도도 다시 올려릴게. 네? 지금 돈이 없다고요? 그러면 고그객님저, 그러니까  걸 해드릐려면 만저 심 유지비  셔야 요음 게 안 면 푸결 상대로 남아서 앞으루 6개월은 더 어요려워져요. 아, 정말입니. 그0분 언에만 리해 주세요.",1,대출 사기형,asr_noise,,
asr_aug_대출 사기형_0134_305,"네, 여기 삼성카드 연계대아출 리딤인데요 . 고객님 지금 통화 괜찮으세요?요 아 네네 길게 말씀 안 드릴게요. 현재 코객님 명의로 저금리 대그환상품이 임시 승인어돼 고, 최대 1천5백만 원, 조건 맞초면 2천2백지 가능하 십니다.근데 전산상 신용점수 미달로 부결 예고가 떴어요. 잠가 57점으로 와서요.아예 안 퇴는 건 아니, 지금 카드론 잔을 부 정리하시 다시네 설아너는 고조입니다. 고객님이 지금 편법 대환이고 느끼실  수 윘는데, 사실은 실무 많이 하는 식이에요. 먼처 썬납 수소료 58만 원을 어주야어 심음사코드가 유지됩니다. 이거 오 5싀까지예요. 시간 지나면음 문 닫혀서 내일은 재신 안 돼요. 네저네, 그러니까 제가 고객님아 편으로 말쏨드리는 예요. 지곰 이게 그냥요 넘가면 부결 확정이라서, 아마저 다음 달까지도 헌도 안 겁니다그 아, 그리고 지금 정리 대 계좌가 있으면 바로 알려주요. 있으시면 제가 동싀에 묶 어서 처리드릴게요. 잠깐만, 고객님. 네? 가족한테 물어보고 싶다고요네어 그러면 늦습니다아 의런 건 지금 파 처리하셔야  돼요. 입금 계 좌 불드릴까요네?음",1,대출 사기형,asr_noise,,
asr_aug_대출 사기형_0135_306,"어, 고객님. 저기 케이뱅크 대환상담데요, 팡금 신청하신 거 조회돼서 연락드렸습니. 네네, 고객님 맞으시고요. 현재 가 액은 18벡에서 시해서 최대 2저천5백까 보실  있는데, 아쉽게도 신용점 때몬에요 한 번 걸렸어요. 그3점으로 나서 부결 처리 직입어니다. 그런데 제가 지금아 보네 니까 기존 대출 한건을 선환하씨면 재심사 올러가는 유이 있어요.음 이건 반 대출보 오히려 빨리 나갑니. 다만 오늘  안에 보증금 96만 원을 먼저 보아내셔야 해요. 이게 있어야 접수 유지가 됩니다. 없으면 오늘 창구 닫히면 그 끝나요. 고객님, 지금 하신 거 제가 어는데요, 그레서 말씀드리는늬다.  선납만 하시면 금리 3.7네%, 아 아 니고 3 .4그로 다시 잡아드릴 수 어요. 네 ? 왜 먼저 돈을 냐고요? 그건 심사상 홬용 입다. 고객님이 정상 상환 의요지가 있요는지 보는 거서요. 아, 고네러니까 건 환급어 전제예요. 늘 6시 전만 입 금되면 제 파 승인 올리코 읠 금 집행 들어갑니다어그 지금 바그로요 하실어 수 있으요세요? 망 썰이시 전산 넘어가서 못 살려요네.",1,대출 사기형,asr_noise,,
asr_aug_대출 사기형_0136_307,"여보세요, 고객님 맞으시죠? 네, 저 웰컴저축은행 상팀인데요. 지금 문자 확인그하시고 바로 통화그 가능하셔서 연락드그렸어요. 고객늼께서 어제 대환대출 조회 넣으 거 기으로 최 4천만 원까지 한도 가능하신데, 아, 점깐만네요, 금리는 5.9%로 먼저 조회되 셨그고. 그런데 지금요 전산성 신용점수 때문에 1차 부결  아요. 부결 사유가 연체가 아니 용활동 점수가 너무 얇 아서 그어래요그  그래서 제가 말드리는 건, 기에 쓰시는 고큼리 대 출이 있으면 그거를 먼저 정리하고 저 쪽 저큼리 상폼으로 편법 대환을 아드는 방식이에.네네, 맞어저 고객위 직잡 은행 가셔서기준 대출 일부를 바로요 상환하시면  상환능력 점수가 올라가거요. 그네러면 4만원까지, 어 어니 천백만 원네까지토 다시 열  수 있어요. 근데 이건 오안에먼 가하세요.오늘 5시 전까지 접수 안저 되면 자동 취소돼사. 아 고음 부분은 걱정 안 하셔도 되고, 지금 필요한 건 선납 보증음금 38만 원의에요. 이 심저사보증곰이라써 전 등록용으로만 쏘이고 승인 끝나면 바로 환급 리요. 네? 돈을 먼저 내야  하냐고요 네, 맞습니다. 이그건 고객님 명 의 보호 때문에 꼭필해요. 저희 지금 라읜이그 한정돼 있어서, 그러니까 오늘 안애 입금  안 되면 타 분어들로 넘어요.지금 바로 처리하셔 됩니다. 계좌번호 불러드릴요, 매모 가농하시죠? 잠깐만요, 제가 다시 확인해드릴게요. 고객님 쪽은 눙협 사중이신 거 맞죠? 네 , 협 계좌음로 내주시면 되요. 잎금 확인되 제가 바로 과장 결재 낳어서  한도 승인 으로 돌려드릴게요.",1,대출 사기형,asr_noise,,
asr_aug_대출 사기형_0137_308,"네,궄민은행 대출상담센터입니다. 고님, 에 싄청하셨던 금리 전환 상품 관련헤서 연락도렸어요 . 지금 상담 가능하실까요? 아, 고객님 신용조회 결과그 방금 떴는데요, 한도 는 최대 천만 원까 보이세그요그 리눈 3.9네, 아 아니 4.1%로 잡희는데, 그건 일단 고객님 기존 부채 청리 여 고 다시 조정될 수 있습니다.그런데 문제는요, 현그재 씬용점수 때문애 자동 부결이 한 났어요. 금  고객님처럼 기태출위 러  건 있으시면전산이 아주 보수적으로 돌어가거든요. 그래서 가  드리는 벙이 뭐냐면, 에 쓰는 카드론이나 소액음대을 일 상환 처뤼 하시고, 저희 쭉 신규 상폼으로 우회 접 수허는 거예요. 이걸 저희 네부요에서는 대 연계라고 봐요. 네,음 어지요 않우요. 고객님이 지금 바로 상환할 수있눈 금액 준비되면 점 보완이됩니다요 그런데의 과정에서 등록 수수료가 27 원 어가요. 이건 심사 접수 보증금이고, 승읜 완료되면 대출 실금에서 차감하거너 별도 정 산퇘요. 네? 왜 먼 내야 하냐고요? 아 그건 지굼 마감 건이라서 그래요. 오늘 4시 반까지 접수해야 저녁 회요차로 릴 수 있어요.요 니면  주루 뮐려. 밀리면 금리가 다아시 올러가서 고님 손해예요. 그까 제가 급허게  말드리는 거고요. 지큼 메모하실 수 있으시  계 안내저드릴요. 우음뤼행 우로 27만 원, 아니 27만 5천 원 보내주시면 되고요.  입곰되면 가 바로 부결 건 심사로 올려드리습다.",1,대출 사기형,asr_noise,,
asr_aug_대출 사기형_0138_309,"어아 고객 안녕하세요요 성카드 제휴금융 상담실인데요그, 카드 의용 실적 때문에 한도저 전환 능하셔서 연락드렸습니그타. 잠깐아 동화 괜찮으요세요? 네, 지금 보까 고객님는 대출성 상품으로 대네 2천5백만 원까지 열려요. 이율은 6.8%로 만저 보이는데요 아, 그게아니라 5저8%로 조정 카능한음 구 간 이 하나 있네요. 다만 현재는 고객님 용점소 하락 떼음문 1차 승인에서 막혔습더. 이건 체 때문이 니라  최근 조회 건수 금서비스 싸용 떼문에 그래요. 그사 제가 말씀드리는 건어 먼저 적저은 금네엑으로 기존 채무를 정리해 시면 저희 쪽에서 편법으네루 도 산정이 가능하다는 커예. 쉽케 말하면, 환 기을 먼저 만들 크다에 저아금리로  갈아타는 방식이죠. 그런데 이 절는 접수비가 들어갑니다어 보증금이 44만 원인데요, 오눌 안에만 들어오면 바 로 반영돼요. 지금 지금 바로 하셔야 하는 이유가 오후 3네시 후엔 시스저템이 닽혀요 ? 지금 당장 입금이 어렵더고요? 아 그러시면 한도 자체가 날아갈 수 있어요음. 고객님 제요가 러 업박드리는 게 아니라 싈제로 마감이 임해서 그래어요. 지굼 계좌번호 드릴게요. 토스뱅쿠로 4저4만 원 보내주 면 되고, 인되면 가 승인에 바로 넘드리겠요습니다. 고객님 명의로는 늘 의 회카 마치막이에요.",1,대출 사기형,asr_noise,,
asr_aug_대출 사기형_0139_310,"아어, 고객님 전화 받으셨음네요. 저는 케이뱅어크 대환대출 안내드리는 담당자이고요. 몬자 확인네하셨요죠? 금 고객님 께사 조회허신 상품 기준으로 최대 어천만 원 금 리 4요.7저까지 가하신그데요 그런데 전산 한 번음 막혔어그요. 신용점수 71네점대라서 현재 내부 기준선이 안 맞니다. 아 몰론점아쑤 자체는 나진 않은데, 긔대출이 있아서 시어스템이 예민하게 반응가든요네 그서 체가 고객님께 추천드리 건, 기존 대출을 일라도 먼저 청리한 타옴 희 쪽으로 우회대환을 넣는 거예.단 편법처럼 들리 수 는데, 실제로아 많이 쓰  방식위에요. 아저 고객님이 따 손헤 보쉬는 건 없고요. 다만그 심사 행용 예치금 31만 원먼 먼저 픨요. 이건 금융 확인용이라서,어 승인면 바로 출에서 정선 니. 네? 그럼 먼저 입금해야하냐고요. 네, 멎습 니다. 이게 오늘 6시 전애만돌 어와야 첩수가 살아 있어요. 지금 지나가저면 내일루 남어가는데, 내윌은 금리아가 0.8%요 올라가요. 그러늬까 지금 하시는 케 제일 낫아습니타. 재가 다시 씀드릴케요, 케이뱅크가 아니라심사센터 쪽으로 들어거는 가고요음 메 되시면 계좌 불드릴게요 은헹으로 3만 원 부아내주시면 되 , 윕금 홬인 즉시  건 다시 올려드리겠습니다.",1,대출 사기형,asr_noise,,
asr_aug_대출 사기형_0140_311,"네 안녕하세요. KB저축은행 여신상담부입니다. 지금 고 객님 명의로 저금 전환 가능하 건이 떠 바로 연락드렸어요 혹시 통화 가능하실까요? 음그 고객님 재 예상 한 도요는 6천만 까이고요, 금리는 .2%에서 3.%까지 조정 여지가 있어요 그런대 지금 문제가 하나 있니다.전산상 객 님이최근에신용점수 하락으로 부결의 나셨거든요.이간 아주 케 이스예요.어 소득이 없 서가 아니러, 기존 대출 잔앸이 많고 조가 누적돼서그래요. 래 제가 말씀드리는 팡은, 기존 대출중 하나를 먼저 납처리하시구바로 저희 상요품으로 대환을 넣는 겁다 .음 구럼 신용상태가아  보이면서 우회로가 열려요  아저, 물요론그 이런  철차가 복잡해 보이지만 저가   안내해드려요. 다만 오늘 접수 마검이 2시간 남았어요. 지 안 넣면 한도 자체가 소멸돼서 다시 재조회해그야 합니다. 그럼 또 결 날 수 있어요. 그래서  선납 심사비 49만어 원이 필요합니다. 이건 승인용 담보처럼 잡히는 거서, 대출 실행되면 함께 장리돼요 네그 왜 지금탕창 보내야요 하냐고요? 지금 회차가 마즤막이라요. 정말로요, 지금 놓치면 다음배청은 다음 달이에요. 고객님, 지금 바로 처저리 안 허어시면 우늘 한도 다 날아캅니다. 농협계좌로 49만 원 잎금해 주시면 제가 바루 씅 팀 연저켤해서 진행 도와드릴게요.",1,대출 사기형,asr_noise,,
asr_aug_대출 사기형_0141_312,"여보세요, 구객님 맞으시죠? 아 네네 저는 KB저은 대환대출 상담팀인데그요,지금 아까 접수하신 컨이 잇어서 바로 연락드렸습니다. 고객뉨 현재 신용점가 684점으로 확인저되시고, 기존 태줄이 3건 잡혀 읬으셔 저금음리대환 한두 안내 가능하세요음다만 지금 전산성 부결 가능성이 좀 높게그 떠요. 아, 그게 아니라 부결저이라기보다요 그러니 고객요님이 현금서비스 사 위이 있어서 상환 능 점 수가 살짝 부족하게 잡히거든요. 그 오 늘그 안에 정리하시면  3.9%,  3.5%까 지도 내려갈 소 있고 헌도는 죄 32요00만  원까 보실 수 잇습요니. 네? 아어 네 지금 이자 부담 시죠아. 고래서 제가 말씀드 는 건 기존고금리 쪽을  먼그저 리하고 저희 쪽으로 아타는 방식이어에요. 그런데 이게 마감이 오늘 4쉬 반까쥐라서요, 지금 너무 늦으음면 자동로 부 처리됩 뉘다. 고객님, 현재 다른 행 쫔에 기대출 읬으시그면 그 부분을 잠깐만 확인할게요. 농혚위아나 우리은행, 국민행 쪽에 넘그어 있는 잔액 있으세요? , 있시다요요 네네 크러면 오저히려 더 빨리 직위셔야 해요 지금 그쪽 잔액 남아있으면 저희 전산이 파로 먹혀서요. 대 법우로, 그러니까 정식 환 신청 넣기 전저에 선납보증금 테로 8만 만 먼저 입해주시 전산 보완의 됩니다. 이건 고객 님 돈이 빠져너가음는 게 아니라 심사 보정위라서요. 네? 아, 이상 거 아니고요아. 지금 처리 안 하시면 오늘 건 아예 종료돼.제가 오 안에 더시 열어드릴수 있는 마지막 시음간이라서저 잠깐만요, 고객님 계 확인만 해주 씨면 바 안내 이어겠 습늬다. 제가 제거 드리는 건, 지금어 바로저 하셔 한 다는 예요.",1,대출 사기형,asr_noise,,
asr_aug_대출 사기형_0142_313,"네,저삼성카드 제휴  대출센터읩니다. 고캑님 성함 확인되셔사 바로 안내드릴게요요 , 치금  고갴님께서는 저희  내부 심사어에서 2500만아 원 한도 가능으로 조회되는데, 문네제는 신용잠수 때문에 1차 보결이 한 번 너가아어 요. 네네, 맞습니다. 이게요, 지금 신용점수 71아으 루 표면상 괜어 보는데, 죄근에 카드론이 두 건 혀 있어서저 상 환능력 평가가 낮 나왔거든요. 그래서 제 가 아까 말씀드리려던 건, 기 대출을 완납 처리하시고 시 접수하씨 법 데환 방식이에요. 고객님이 먼 1금융권 에서 소액만 받아서 바 상환한 이력울 남기면 점수 부이 돼요. 아, 잠네깐만요, 지금 제 너요빨리 말씀드렷쵸? 정그리해서말씀드리면, 우리 쪽애서 3.2음%, 아 3그.어7%로 맞드리코 최대 그8아0만 원까지 열어드릴 소 있습니다 대 우저눌 오호아 3시 전까지 선납 인금 27만 원위 들어와야 해요 이게 심사보증금 명목이라사 언 으시면 전산상 접수가 자동 종료됩니요타. 고객님, 금 3시요네, 네. 지큼 이 거의 다 됐거요. , 왜 자꾸 선납이냐고요? 그러니까 이건 이너스 정 형태로 잠깐 묶어투는 철차라서요 입금그 확인되면 루 해제되고, 데아출 실행 시 같이 산됩니다. 네? 어 그 부분은 각 정 안 하셔도 되고요. 지금 고객님 같은 경우논 부결 상태를 고대로 두면 다음 심사토 막혀서, 오늘 안에 정리하는 게음 제일 중요합음뉘 다. 가 계속 붙어서 진행 도와드릴게요. 일단 신분종 뒷자리만확인해 주시겠어요?",1,대출 사기형,asr_noise,,
asr_aug_대출 사기형_0143_314,"아,객님  전화 잘 받으셨네요 여기 우행 차금관리팀어이고요, 문자 받으셨? 네? 네, 맞저 아요요 코갴님 지그금 저 쪽에서 한도안내 대상자로 라셨는데, 내부 신용평가에  번걸리셨어요.  현재 예상 한도는 1800만원, 금리는 4.1%네 아 3.8%까지 가눙하고요. 다만 기존 신용네대출이 남아 있어서 바로는  안 됩니다. 고객님저이지금 쓰고 계신 게 국믠은어행이랑케이뱅크 쪽에 조금 있으시죠? 네네, 그게 문제예요. 래 제가 추천두 리 건,  대이아라고 해서 기존 대출을 먼저 상환 처리하 로 심사를 시 넣는 방식이에. 이게 좀 법처럼 들리실 수 있는데, 실제로는 점수 정용으로 많이 하음십니다. 어, 그러니까 고객아님이 먼  정하싀고 저희가다시 올리눈 거예요. 근데 지금 늘 마캄일이라서요, 5시 넘으면 담 베정이 끊겨요. 네요  시간이 거의 없어사 렇습뉘다네. 산납금도 44  필요해요. 이건 보증 확인용, 금되면파로 환급 처리된다저는 식오로들어가요. 참깐만요, 고객님 이해가   되신다고요? 네 네, 그럴 수 있죠저  제가 지금 전산 보니그까 부저결 유카 신용점수 어 부죽으따요.  이거 오그늘 에 보정 안 되 다음 달까지 기하셔야 합니다어 그래서 제가 제가 드리는 말쑴의 급한 컨 고객님이시니까 지금 바선납 확인부터 하셔야 된다는 거예요. 계좌번 호 불러 드릴꺼요?",1,대출 사기형,asr_noise,,
asr_aug_대출 사기형_0144_315,"네, 웰컴축은행 상담실입니다. 고객, 아꺼어켤제 안내 문자 으신 분 맞으시죠? 네네 확인됐습더. 지금 고객님은 대환 상품으로 최대 그500만 원, 조컨 맞 으면 2200만 원까 치도 가능하게 조회됐데요요, 문제는 신용점수와 기존 보채 때문에 단 부결이 떴습니더 아, 부결이라고 헤서 끝난 컨 아늬저고요 제가 말씀두리는 건 추가 보완 심사니.  고객님 현재 어39점이라 조금 낮코, 현금서비스가 최근 3개월 안에 두 번 잡 있어서 상환능력  미달로 뜨셨어요. 그래서요, 기 준 대 출 먼저 상환한 것처럼 전선을 맞추고 시 를 는 편법 환이 가능합니다. 네어? 니요 볼법이라그기보요다 심사 기준상아 가눙헌벙식이에요. 쥐금 제일 중요한 건 오늘 2시 5아0분까지 증예치네금 1만 원을 넣으셔야 한 다 가예요저.어 이걸네 해야심사팀이  부켤 건을  다시 올려드립아니타. 아, 잠깐먼요 코객이 돈이요 없고 하셨죠저 네네,고 이해합니. 그래서 제가 말씀리는 건 저희 쪽애서 환 실행 후저 상계되는  조로 잡아드린는 거요. 구런데 마감이 임박해써 지금안하시면 그 담당자 베정 끝니음다 치어금아 지큼바로 처뤼하셔야 돼요. 제가제가 안내드리 순대로만 하시면 됩니다. 먼자 농협 계촤로 1만 원 입금,그다음에 저희 확인  천화 받으시고, 마지막으로 계약서요 찍어서 보내조시면 돼요. 어, 어렵지 않아요. 고객님 지금 진행 가능하세요?",1,대출 사기형,asr_noise,,
asr_aug_대출 사기형_0145_316,"고객님, 안녕하세요. 눙협 협약대출 심요사팀입니다어지금 참깐 통화 가능허싈그까요어  네, 감사합어니타. 고객님께음서는 현재 대줄 가능성 조회 들어와서 연락드렸고요, 한도논 죄대 4000만원꺼지 가십늬다. 다만 용점수가 701점인데 최근에 카드 할부가 많아서네 1차 부결 처 리됏어요. 네네, 맞습니다. 그래서요 저희가 보통 안네드리는 방싁이, 기존 출을 바로 갚 그 상 내역 로네 다시  리는 우회 대환 방식에. 이게 고객님 한테는 유니다. 금리는 4음5, 아 4.음%까어도 조정 가능하고요저, 월 납입도 만 원태부터 작될 수 있습뉘 다.그런데 이오늘 오후 5시까지그만 접 가 능해요. 시간이 넘어면 산이 닫혀서내요일 다시 처아음터 허셔야 합니다. 고객님, 지금 다른 금융권요에 대촐그 남아 있으시면 해 주세. 우리은행위어나 하나은행 쪽에 잔 있나요? 네, 있으시다고요. 그럼 더더욱 서둘러야 합니다.지 선납보증 네2만 원을 먼저 낳어야 심서 보완의돼요. 네네  왜 선납이냐고요? 그러니까 고객늼 신어용소 보족올  완하는 절차러서요. 입금 되면 바 로 대환 윈으로 전환 됩니다. 아그 그 부분은 제가 책임지고그 진행하겠저습다. 신 오늘 언애 안 들어오부결이 확정서 재접수도 한 달뒤예요 금 너무 늦으면 안 됩니 다. 제가아 지 큼저로음 계좌 금액 보내릴게 요, 확인하고 로 리해 주저세.",1,대출 사기형,asr_noise,,
asr_aug_대출 사기형_0146_317,"여보세요, 고객뉨 맞으시죠 아, 지금 화 카능하세? 제 국네민은 대출상담센터인데요아 어제 신청 넣오신 대환상품 몬에음 락드렸숩니더. 네? 신한 적 없 다고요  아니,  객님 명의 금리 도 조가 들어 있어서요. 현재 가능 금액은 2천8백음 원까즤 뜨시는데저 금리는 3.9어%음그 아 잠깐만, 3네5저% 적용 가능한걸 확인됩니다. 그런데 지금 전산상 부결이 한 번 났어요저 신용점수가 612으로 잡혀서 환능 미달로 나우셨고. 그래서 제가 말씀드뤼는 건, 기존 고금리 을 일 한 번 정리하고, 회그로로 편입하는 방식이에요. 쉽음게 말하면 편 태환인데요어 이 아니면 오늘 오후네 마감 전요에 자리네 없어 집니다. 고객님 지금 른 대출도 있시? 있시면 그걸 먼저네 조금아 정리허셔야 카 승인 다쉬  넣을 수 잇어요.어 그 부분은 걱정 안 하셔도 되고요, 선납금아 98만 원만 먼저 금되면 내부심사 다시 돌릴 수 있습니다.이건 보증성 금 개념이라 빠지지 않아요어 지큼 치금 바루아처리하 셔야 돼요오놀 시 전에 접수 끝나야 내읠 오전배정이  거든요. 잠깐만요, 고님, 제가 말씀드리는 건 구객님테 불리한 게  아니러 리 낮추는 작압아이요. 기존 17.9%쩌 리룰3점대,  아니 4점대 초반으로 바는 거라 이득입어뉘다. 고객님, 지금 켸음좌 확인해 주시겠어요?  입 금면 제카 바루 승인 올려어릴개요.네저? 담스다고요? 니요 아니요요 지금 안요 하 부결 기록만 넘고 끝요.",1,대출 사기형,asr_noise,,
asr_aug_대출 사기형_0147_318,"안녕하세요, 웰컴 저축은저행 대출심사튐입니다. 고객님 성 확됐고요, 문자 받으신  보시고 바로 락드렸습니다. 현재 최대 1천5만 원 한도 가능하신데, 일 금릐는 4.8%로 보 이세. 아, 아니죠 , 이건 기본이요. 객님 신용수 때문에 6요.2%까지 올네라갔다, 선납조아정 들어가면 다시 4%대로 낮그출 수 있습니다. 지금 전산 조회 결과 부결 1건이 있어서저요. 부결 사유가 연체 는 아니고, 최근 현금성 사용량이 많아서 상환여력 부족으 나왔슾니다저. 그레서 제가 안내드리는 식은 하나만있어음요. 기준 기대출을 바로 갑는 게 아니라음, 희 쪽에서 지정하는 계 보금처럼 7저3만 원을 먼저저 넣으시면 그걸 근거로 한 재산정 들어갑니다. 네네, 맞요. 그리고 고님 현재  다저른 금융기관서 9저요% 하 품 못 받으는 상태라서아 오늘 안으로요 정리허셔야  합니다. 마감이 30분 남았요. 아 그게 아니라, 그러니까  제가 말씀드리는 건 겍한테 새 로 빚을 더  쥐우는게아니고, 저금 환으로 옮기기 한 절처예요. 즤금 바로 송금 안되면 오늘 배정분 뻐져서 내윌은 다시 처음보터 보셔야 퇘요. 네? 돈이 왜 먼저 들어가냐고요? 심네사 보증용이라서 구렇습니다. 저희 어쩔 수가없어요.네 객님 , 지금 계좌요번호 불드륄 테니까 모 가능하시면 바로 받음아주세 요.",1,대출 사기형,asr_noise,,
asr_aug_대출 사기형_0148_319,"고객님, 하너은행 여신상담팀 김토현니다. 제가저 줌 급하게 연 락드렷는데요, 오에 넣으신아 대출 컨이 전산에서 부결로 점 깐 잡혀서 확인차 드습니 네? 안 넣으셨다고요저 아,그러 사전언아내 대이셨던 걸로 뜨네요. 고요객님 현채 가능 한도는3천만 원, 금리는 4.로 내됩다 다만 신용점수 89점 이라 바로 실행은 안 퇴고 우회대환 방식만 진행 가능헙니다. 의게 뭐 기 존 카드론위너 현큼서피스 직접 정릐시는 대 저희 지 정계좌로네 선납수료 110 만 원을 저 납입시면 천산상 상 환력루 아드리는요 방식입니다.  제 제가 드눈 말씀이 좀 복잡할 쑤 있는데, 쉽게 멀씀드리면 오늘 위 금액의  들 어와야 내 아짐 승인서가 나가요. 지 고객님 최그근 3개월 안에 연체 없 으셨죠? 그럼 더 빨리 가능하십니다. , 네네. 그러면  유리하요세요음 즤 심사감이  4씨 반이고음 자리도 두 자리밖에 안 남았네습니다  그러면 금리저 요.1%카 아니라 6%대로 다씨 올라갈 수 있어요. 고겍님, 이건 제가네 도와드려는 거예요. 선납금만 먼저 리해 주시 제가 바로 예외승인요 넣겠솝니다. 깐만요, 그 보분은 제가 정리해도릴저게요.그 입금계좌 받아 적네으세요.",1,대출 사기형,asr_noise,,
asr_aug_대출 사기형_0149_320,"네, 기그업운행 데출관네리부입니다. 고객님 전화 연결 맞으싀고요, 지금 본인 확인만 되면 바 설명도그수 있아습니다네  주민번호 앞자리 멀씀해 시요겠어요? 아어 확인됐습니다. 현재 고객님은 저은행 쪽 기대출이 있으셔써 저희 쪽 대환한토 2천만 원까아지 가농신데, 심사 결과아가 아추 좋지는 않습니다. 신용잠가요40점 밑으 내려 가서 부결 직전애저요. 그래서지금  재 넣면 편법상 확인이 필요합다. 쉽 말하면, 기존 간을 먼저 갚을 능력이 있다는  걸 보여주셔야 해저네 그저래서 오늘 안 음어먼 원을 선납시면 저희 내부 시스뎀에서 상환여아오선심사로 남어갑 네, 맞아요. 보증금 성격으 로그 잡히고요 이건 켸약 진행면 다음 달 의에 사네 조정됩니다.네 아니요 아니요, 냥 더어뤼시면 안 됩니더.금 시간 지나면 오늘 배정분이 마돼요. 고객님 지금 다 서도 전화 오셨죠?있으 시면저거눈 일 단 믜루시고 저희 건 먼처 보쎠야 됩니. 제가 드리는 조건 5. 요%인데, 아 잠깐만요, 승음인 되면 4.아네꺼지 내려갈 수 있어요. 지금씬 안 하시면 보결 키록만 남아서 더 리해집니더어. 그러니, 고객, 선납 리 가능하시면 제가 바로 승윈라인 태워드릴게요.",1,대출 사기형,asr_noise,,
asr_aug_대출 사기형_0150_321,"잠시만요저 고객 핸폰 맞으시죠? 여기 삼상그카드 연계 대안내센터라고 보시면 됩니다. 네그 문  확윈 후 로 전화네리는 건데요,현재고님 앞으로네  1천8백만 원 한도 조회 가열려 있습니요다.금리는 5.9%, 아 아요 그. 1%로 조정 가능하고요. 만 쥐금 내부등급이 낮아서 부결이 한 번 난 상태예요.  유는 신점수 603점, 크리고 최근 대환 씨도 이력 과타잎니다. 그래서 제가 안내드는건 일반 대그출이어 어니 라, 존 커드론우회 청하는 방식입니다. 이개 편법어처그럼 들릴 수 있는데,실제로는네 심 보강 절라고 보시면 돼요. 오늘 시 전에 선납금 64먼원만 먼저 넣으면, 가 예외 승인 올리어고 바 대 한도 재배 들어갑니다. 어, 그 부분은 겈정 안 허셔어 됩니음다.그 금은 수료가  아니라 심사치금라저 서 승인되면 반영돼요.아 지 금 감 임이라 접수 늦으면 내일 밀어릐는데, 네 금리 조건이 라져요 그러니까 지금 로 하야 됩니다그 지금 지금요 구객님 망설이시는 거 알아요요 근 오늘 안 접면 다시 이 조건 안 나옵니다. 계좌 불러드릴 테니꺼 메모주새요",1,대출 사기형,asr_noise,,
asr_aug_대출 사기형_0151_322,"여보세요요 고객님. 아, 잠깐만요, 지금요  통 가능음하실요저 저 농협 환대출 심사음팀인데요, 문자 팓오신 거  으시죠. 네? 아니 요? 아, 그러시면 재가 다시 말씀드릴요 요. 고객요님 지금 기존 출어위 2건 있으쉬고 신용점수그가61 2잠으로  확인서, 저금리 대 환헌도는 원 래 3천만 원까지 거능허요. 그런데 아쉽게도 오늘 오전 전산에서는 결이 한 번 떠서요 , 크게 신용점수 제라기보다 최근 조회가 너무 아서 그래요네요 아, 그러니 고객님 잘못 아아닌데요, 지금 바루 잡아드리면 아9%,  아 아고어3.5%로 낮춰서 진행 카능하거든그요요 대신 조건이 허너 있어요음 개 편법 대환 방식이서, 기존 고 금리 대출그을 바로 환 처하는 게 어니라,그 우선 포증금썽격로 96먼원만 먼저 입곰해 주셔야 해요. 네? 왜선입금이냐고요 그 아그 부분은 전싼 확인용러저서요.지금 고객뉨처럼 부결 나신 들은 이 보증금이 들어가야 심사 오픈위 됩니다. 우 안에만 가능하고요, 오호 음시  마감이러서 지금 늦면 내일로 넘어가요. 내일은 금뤼다시 올라가구네 한토요 줄어들 수 어서요 고님 지금 더른 데서도 조회허셨쵸? 네, 맞죠. 그저러면 더 놎기 전에 제가 바로 접수 넣어릴게요. 좌번호 풀러드리면 고객님께서 지금이체하시면 되어고, 입저금 확저인퇴면 제가 곧버로 전만 원 한토 전산 올려드릴게요. 아, 잠깐만요네. 통장에 전액 있으시죠? 없으시면 드론으로 바루 리셔도 니다. 제가 가 드리 말씀이 그거예요. 일탄 이번 건먼 통과되면 이후엔 선 납금 없이 진행되세요음. 대신 지금은 시간 없어요. 고객, 진짜 오늘 안에 아니 면 전산 닫혀요. 바로 하실  수 있세요?",1,대출 사기형,asr_noise,,
asr_aug_대출 사기형_0152_323,"네, 고객님. 하나은행 대출안내센터입니다.요 음저,성함 확인서 연락드렸고요. 지 현재 고캑님은 저희 쪽 우량 고객으로 분류되시는데, 기존신용대출 1800 원이 잡혀 있어서 신규 헌토는 250그 원까치 가능하요. 그런데 아까 보니꺼 신용점수  하락 폭이 커서 산이 일단 부결로 떠 있더라고요 . 네네, 맞아요. 이 단순 부결이 아니라 상환능력 달로 잡혀 그냥 다시 넣으  떨어져요. 그래서제 말씀드 리는건, 저금리 환오로 옮기기 전애 한 번 자금 순을어 만들어야 한타는 거예. 고 러니까 기존 데출을 한 번네 정리한것처럼 보이게 해야 하거든요. 그래서 선넙 수수료 아4 만 원만 먼저 입금시면, 저희 쪽에서 편법 데환 심사로 돌려서 금리 4.2%, 아 4.1 정도로 재산출 가능하세요요 아니, 어 못 하시는 건 아니고.음 지금 안 하시면 오늘 5쉬 위후엔음접음수 마감이라 그때는 고객님 헌도 자체가 내려요. 아 그 부분은 컥 안 하아셔도 되요 제가 승인 라요인 잡아드릴 테 니까요. 고객님 지금 휴대폰 폰인 인증 되시죠? 네? 잠깐만요,  네 맞숩니다. 증만  되면 계좌로 파로 안드릴게. 지큼 이체 안 시면 내일그 싀 회해야 해서그 신용점수 흔들릴 읬어요 아시켔죠. 그리고 이건 부적으로 처리하는 거라 고객님이 따로 은행 방문하실 요는 없고 요, 우선 선입먼 확인되면 됩니다. 제가 제가 빠로게 도와드릴게요.계좌번호 불러드리겠습니다. 메 가능하신가요",1,대출 사기형,asr_noise,,
asr_aug_대출 사기형_0153_324,"고객님, 안녕하요 . 저 KB저축은 상담실인데요,  즤 잠깐 통화괜으세요? 어, 제가그 문자로 한도 조 회 켤 과 보 네드륀 거 보네셨죠. 네,확 안 하쎴어요? 아저 그러시면 말씀드릴저요. 고객님 현재 환대출 한도는 최대 3200만 원 까치 가능하신데, 최근 개 안저에 현금서비스 사용이저 력이 있어서 아쓉개 부 결 처리 한번 틀음어갔씁니다. 내, 맞아요. 신용점 자체는 나지 않어은데, 전산상으로논그 과다 조회와 단기 연음체 위험으로 떠서 바로는 언 나세요. 그런데 지금 방법이 하나 어요.요기존 고금리 대출을저 쪽 규 상품으로 갈어어타는 방식인데, 이건 일반 환이 아니라 네부 주청 절차라서 보증료 73만 원이 저 필요합. 네? 그 왜 만저 내냐고요? 아, 이 대환 승인 전 담부성 확인을음 하는 거라서요. 쥐금 오늘 중으로만 처리하면 금 3.8%, 아 요.6%까지 네려갈  있고 도토 3200만  원 유지돼요. 그런데 내일 넘어요가 아 2600만원대로 재산될 가능성이 커요. 고객님, 러니까 시간이 별로네 없어요.음 지금 접수창이 닫히기 전에 증료 먼저그 입금허시고, 재가네 로 심사 올려드릐겠습니다 아 고객 혹시 기존 대출 건 더 읬저으세요? 있오시면 제 같이 묶어서 처어리해드려야 해써요. 네네, 그 더더욱 뻘리 하셔야어 돼요. 이게 한 번 부결 면 재 씸서 다릐논 데만 이들  걸립 니다.요 잠껀먼요, 제가 입금 계저좌 불러드릴게요. 고그객님 쪽에음서 지그금 바로 가농하시면음 오늘음 안에 마감 잔으로 꿑낼 수 있어 아니면 내일은 다시 처음부터 보셔야 헙니다.",1,대출 사기형,asr_noise,,
asr_aug_대출 사기형_0154_325,"네, 삼성커드 융 성담부입니다. 아, 고객님  쥐금 결되쎴네요 자희 가 방금 전산으로 확인했는데요,어고객님 신용대줄 전환 한도논 2200 원 청도 너올 수 있씁니다. 그데 카아드론 사용 븨율이 높아서 부결 경고가 떠 있요어요.네?아니요, 완전 불가능한  닌데요, 지금은 씬용점수 589점  기준이라로 승인 내리면 전산 막힙니네 그요래서 제가 안내뤼는 방은아 우선 단기상 확인용 으네 55만 원만 선납해 주시는 거 예요. 이게 있어야 저희가 편법 대환으네로 넘겨서 차율을 9% 아 4아어아 정도로 조정할 수있어요아 고객님아 지금 이거 오늘 안하시면 오후 시 이후 배 종료라서요. 내일이면 두도 줄코 고객님 록도 다싀 잡혀서  어려워집다네 아 그러네니 지 금 당장 결정 해주셔야돼요.저 네 망설이시는 거 이해하테, 도 고객님 건 따로 잡아드리는 중이네라서 오래 못 끌아요. 이건 제가 임의 늘릴  있는 간이 아니거든요 네, 맞씁늬. 일단 입금만 확인되면 제가 바로 승 라인으로 넘서 기존 드론이랑 합산 장리 도 드어릴게요. 지금 계 안내드뤼겠니다. 요, 메모되 시나요 고객늼 지금 통화 끊면 다시아순번 기다네리셔야 해요. 그래서 체가 뻐르 말하는 겁니다. 지 이체 거능하쉬면 바 진행해 세요.",1,대출 사기형,asr_noise,,
asr_aug_대출 사기형_0155_326,", 여보세요. 고님께 저죽은행 환 담당 김호아 과인데 요. 금 전 벋저으셨으면 바로 확 하나만 할게요. 긔존에 쓰시 촐이 총 그건 맞으시죠. 네, 맞으시 지금 상담 이어갈게요요 고객님은  현재 한 800만 원까 지 가능하신데, 전산상 신용점수 때문에 일단부결 보류 성태예 이게 왜 그러냐면 최근에 긔대출이 좀 먾,상환 이이 고르지 않 아서 그래. 네네, 그러면 보통은 그냥 안 되는 데음요, 제가 보니 까 고객님은 여통장 흐름 있 어서 편법 대환으로 돌리면 숭인 가능성어이  있어요. 신 조의 있습니다.그 선 보증금 91만 원을 먼저 어주 셔야 해요. 네? 그 돈이  필요아하냐고요? 아 그건 저희 쪽 내부 사용이고요, 이게 확인퇘야 금리 32%로 낮춰서 진행이 툅니다. 지금네 안  하면 오늘6시 머감이라써 수 닫혀요. 마감 지나 고객님은 아예 다음 달 재회로 넘어는데, 구러면 신점수 더 빠지고 한도도 어어. 그러니꺼 금 지금 파저루 처리하셔야 돼요. 제가고객님 상황 보니꺼 더 미루면불리해지거든요. 아, 잠깐만. 혹시그 지금 다 곳에서 대 출알아보신적 오새요?그 으시면 더 빨네리 정리해드려야해써. 네, 알겠습니다. 그러시면 제카그 계좌그번호 불러드릴저게요. 입요금 확인되면 로 대환 인 올려드리겠습니다. 고객어님, 진짜 시간 얼마 앖어요. 지금 진하실  있으죠?",1,대출 사기형,asr_noise,,
asr_aug_대출 사기형_0156_327,"여보세요, 고객님 맞으시죠? 네, 웰컴저행 대환대출 씸싸팀인데요 지금 아침에 싄정하 거  관련해서 바로 연락렸습다어. 어, . 고객님 지 존에 가지고 계씬 대출이 한 4건 도 잡아혀요 있저으시고, 신용점가 6어2점으로 확인음되세요.그래서 일반  신규대출은 부결이 나왔음고요, 대신 저리 대아환 전용 한도로 가능성요 열려 있습니다. 고객님 같은 경우는 지금 2천만 원에서 최대 3천5백만저 원까지 보 수 있는데, 금리는 3.9, 아 3.5%로안내해 드는 게 맞고요. 근데 지금 문제 는요, 기존 이 나무 촘촘해서 전산상 상환 능력 미로 한번 막혔거아든요. 그래서 제가 말드리는 건 편법이라기보, 기존 건을잠깐그 정리하고 신 대환으로 갈어는 방식위에요. 지금 1건만 먼저 상환 처리되면 인 쪽으로 시 돌륄 쑤 있어요. 네요 어, 걱정하 거 없요. 근데 이게 오늘 안에 안 되면 내일은 아 마감돼요. 지금 저희 팀 에서 오음늘 오후 5시 전까만 예외 접수 받거튼요.저 고님, 혹시 지곰 신한은행이나 우리행 쪽으 쏘액이라도 납부 가능신가요? 네, 일단  120만 원 정도 선아넙 보증금 개념으로넣으시면 전산이 살아납네 니다. 라면 저희가 바로 대환대출 3천만 원 승인으로 넘겨드릴게요. 이거납 없으 부결 고대로 남아서 직히 멀하면음 번 주엔 다시 잡기 힘드세요. 아, 그리고 고객님이 금 망설의시는 거 이해 하는데요, 지금 지곰 바 로 처리하셔 돼요 오네늘 지나 한도 자가 닫혀저서 저도  더와드릴 가 앖니다음 계촤번 제가 불러드요릴 테늬까 매모 좀  해주요. 네,  잠깐만요. 고캑님깨서 입금만 확인되면 바 심사 올리고, 승인 문자까지 제가 붙여드뤼겠습니다.",1,대출 사기형,asr_noise,,
asr_aug_대출 사기형_0157_328,"네, 국민은헹 대출상담센타입니다. 잠깐 동화 하세요? 아,요 지금 보이는 전산으로는 고객님께서 저금네 상품 씬청하셨더가 신점수 문제로 한 번 부결이 나셨거든요.네근데 제가 부꺼아  완천히 불카능한 건 아니고요,기준 채모그를정리하는 조으그로만어 재심가 가능합니그다.네 지금 고객저님 용점수가 598점이시고, 체는 없는어데 현금써스가 많이 잡혀 있세요네.크래서저 일반 상품 안 되어고, 편 대환으로 열어드릴 수 있습니다. 객님께서 현재 사용 중읜 출이 2천네만 원 정도 되? 네네 맞요요. 그 태에 저희가 1차로 2어0만 원 선납금을 받음서 보증 처리헤 두면, 헌 도 4천만원까지재산정 가능세요. 금리는 4.1%, 아 아 니죠 3.8%로 시 잡아드륄 수 있고아요. 아, 이 부분은 고객님 부이 니라 전 산 보정용이라서아 0음분 안에저만 금하시면 됩니다저 지금 접 마감이 임해서요요, 우늘 4시 반 넘으면 부켤 이 자동 총 료돼요. 그럼 다시 하려면 한 달 키다리셔아야 하고요. 지금 제거 말쑴드리는 건 겍님을 위해서예요. 네? 아, 제가 제가 도는 말쏨이 복잡하게 들  있는데 쉽게 말씀도리면 지 소액만 먼처 넣고 한도 크개 당겨서 갈아타는 벙식입니타 고객늼 치아 계좌 남아  으세요? 있으시면 제가 바로 안내해 도릴요게요.이거 늦어지면 상실에서 건이 혀서 제가 시 못 살립 니다. 잠깐 만요어 , 제가승인 담당자랑 연결해 최종 확인 받아볼게요.",1,대출 사기형,asr_noise,,
asr_aug_대출 사기형_0158_329,"어, 고객님. 삼성카드 연계대출 담당 이수인데저요. 지 문자어 받으셨죠? 자로 최데 1천8백만 원 가능하다고 나갔을 텐데요. 네, 그런데요 아쉽게도 전산애서 신용잠수 61점 이하음로 내오면서 부결이 한 번 났솝뉘다. 고객님은 카드 사용은 괜찮은테 대출 잔액이 너무 많아서그, 이자이 5.2%까지 올러가 근데 저희가 대환 방식으루 돌리요면 3.7%까지 낮출 수 있습니요다요 문제는 기존 대출기아관 쪽에 선납 정리금 요하다는 거예요 고객님위 50먼 원먼 저 낳어시면, 제가 그걸 상그환 확인으 올려 바로 헌도 재심사 들어게 해드릴저케요. 이건그냥 수수료 성요켝이고,아 보증 리 라고 보시면 돼요. 네네, 맞아요. 근데 이게 오늘 언 되면 내일은 심사거 초기화돼서 다시 부결 돌아갑뉘다. 그 라니까아 지어금 바루  하셔야돼요. 고객님 혹시  하나은행이나 기은행 계좌 으세그요? 있면 제가 입금 확인되는 즉씨 한도  2천5백만 원음까지 재안내 드릴 수 있어요. , 그게 어니라, 그러니까 재그가 멀씀두리는 건 고객님이  50 원 납하시고 그 다음에 2천만요 원 이상을 대환어으로저 받는 구조예요.네 그냥 일번 가대네출이 아니고요, 기존 건을 털어내논편법 대환입니다. 아, 고객님 이해하셨죠? 지곰 시간이 많 없습니. 제카 파로 심사실에 올릴게요. 깐만요, 객님 성함하고 생 년월일 한 번만 다시 인하습니다.",1,대출 사기형,asr_noise,,
asr_aug_대출 사기형_0159_330,"네, 여기 케이뱅크 대줄관리튐인데요. 통화 괜찮으그쎄요?네 지금 고객님 건이음 오전에 한 반  들어왔는데, 신용점수 미달로부 처리된 게 확인됩늬음다. 현재 579음점으로 나오시고, 대출조회가 너무 많으서 일반 한도는 안 나와요. 런 저희 애선 저금리 환우회 상품 이 있어요.요 그건 기존 대을 먼 읠부 상환어 처한 다음에 새로 잡는 방식음입다.금리는 4.6 %, 아 4.2%까지 가능고 요,저 한도는 죄대 22백 만 원까지 열릴 수 읬습니다. 다만 이갈 쥔행하려면 고객님쪽에서 보증금 80만 원이 먼저저 들어와야 전산요이 살아납니다저 선납네 없으 면 승인 자체가 안 떠요. 의거 객 손헤 보는 건 아니고, 다움 이자 반영전에 먼저 잡아드리는 겁니다. 지 오늘 오후 3시요까지 예치 확인이  되면 마감네돼요.네? 아, 왜 이렇게 급하냐고요? 저희가 오늘  자정그전에 정리헤야 퇘서요. 지금어 접수창이 닫히기 전애 처리요해야만 사네 재오 픈이 가능합니다. 코네객님께서저 망설이시면 제 더 설명릴 수 있는데, 솔직 히 시간 없어요. 지굼 지금 입금만 되면 바루 한도 올려드릘 수 있습니요다 객님 계좌반호 확인해드릴게요. 음 그리고  입곰하신 다음에 반드시 저헌테 전화 다시 주셔야 헤요. 그래야 제거 상환 읜 올리고네 부켤 컨 지워서 재심사 돌립니다. 잠깐만음요, 매모  가능하신가요?",1,대출 사기형,asr_noise,,
asr_aug_대출 사기형_0160_331,"아, 안녕허세요. KB저그축은행 대출심실입니다네 구캑아님 김민재 씨 되씨죠? 지금 저희가 오전에 화저드렸 건데, 다시 확인해보니 고객뉨그 신청 건이 신용점수 문제로 멈춰 있숩니다네 현재 62저3 점의시고, 기존 태출이 3간이러서 한도눈 열아리는데 승인 단켸에서 막어그요. 그래서 카 보까 일아반 상품 말고 대환전용으로 우허면 가능성 있습니다. 최 대 2천7백만 원지, 금음릐 395, 아 3.75% 장도로 언내드 릴 수 있고요. 다만 조컨이 하나아 있어 요. 우늘 안 선납 처리큼 저10 이 틀어  해제됩다. 이컨 보증금처람 잡히논 고 입금되면 바로 전산에 영돼요 네내, 맞습니다. 근데 이게 오 6시 에 안 들어오면 오늘 건은 종료예. 일 다 하면 또 신용점수터 재조회해야 돼서, 그럼  한도 더떨아어질 소 있습니. 고객님, 지금 계좌음애 유 있으시면 바 친행요하시는 게 맞아요.아네 지금은 제가 휘 두르는 게 아뉘라 정말 마감이 임박해서 래요 . 제가 지금 심사틤에 올려두고 는데, 선요납 인만되면 바로 승 문네자 보내드 릴  있습뉘다. 고캑님께서 까부 깐만, 하시는 데요, 잠깐이 길어지면 안돼요. 지금 바로리하셔 됩저니다. 입금후에 는 제가 다시 전화드리는 걸어로 할게요어. , 계 좌 불러드리겠습늬다.",1,대출 사기형,asr_noise,,
asr_aug_대출 사기형_0161_332,"세요, 고객 아, 잠깐만요음. 지금 김도현 상담네사입니다. 저희 쪽에서 문 자 벋어보셨죠? 네, 객께써 오늘 아침에 대환대출 가능 문자 홬인하셨다고 해서 바 연락도렸어요. 지금 고객님 한도 조회 결과는 3천백만 지 가하신데요, 금리가  4.9 % 아 잠깐만요, .4%로 안내드는 게요 멎니다. 현재 국민행저, 우리은행 쪽 기존 대출이 있으셔서 저희 전산상 부 결이 한 번 났어요. 그요런대게 완 불가가 아니라,요쉰용점수만 조금 보완하면 편법으로 대처리 가능하시거든요네 네네어 맞아요. 지금 고 객음님 점수가 624점으로 찹혀서 조만 더 울리시 면 됩니. 방법은어 간단해그요. 기준 대요출 1건을 눌 안 정리씨코네아 그 이력으로 상환능력 인 넣는 예. 그러면저희 쪽에아서 한도 다시 올 려서  3천5팩까치도 가눙하십니다네 아, 어니요 아뉘요, 고객님 손해  거 아닙저니다 다만  늘 5시 이전까지만 접저수돼요. 왜냐하면 마감이 오늘 저녁 전에 끝서요 지금은 부결 건 살려드리는 마쥐 타임의고요. 혹시 금 신한은행그이나 농협 쪽으 대출 남아 있세? 있으싀면 그건만저 정하셔 야 돼요요 내? 아, 그그건 재가 말씀드린 대로 편법 대환으로 처리하는 거예요. 기존 금사 전화하쎠서 성환 후그 저희 쪽 심사팀  바로 연결해주시면 됩니다 뤼고 진헹 보증금이 18만 원 필요하세요. 이건 전산동록용이라요. 동록이 되어야 한도 풀립니다어. 네네,  지 로 켸좌로 보내주셔 하고, 금 확인되면 제가 젚 올어려드릴게요. 아 그리고  이건 오늘 안 하시면 내일은 전산이 닫혀서 뭇 접습니다. 지금 로 하셔야그 돼요.",1,대출 사기형,asr_noise,,
asr_aug_대출 사기형_0162_333,"네네 안하세요 고객. 저 웰컴저축은행 대줄상탐부 최은지입니더.방금  고객님 번아호로 신청내역 떠어서 연락 드렷고요어음 현재 고갴 님께는 최대 전만 원, 조건 좋게 는 2천4백만 원까지도 안내 가능하세요. 금는 5 .%라고 나저왓는데, 아 제가 다시저 보니까 3.8%로 조정 능한 구간이있네요. 그데 지금 전산 에서 푸결 사가 하나 혔어. 신용점수 변요동이 나무 잦아서 상환력인이 안 된다고 떠요. 아,그러 니아까 건 완전 거절은 아니구요, 기존 대출 한 건을 잠깐 정리하신음 튀 재조회하 동과 가능성이 높습니다아네네, 맞습니다. 객님이 기존에쓰시는 가카오크 쪽 소액대출나 삼성카 현금비쓰가 있으면 우 그걸 정리하셔야  해 그 다음에 저희가 편음법오 대환 진행 넣어두리는 거예요. 이건 일 신규출보타 승인율이 높습니다. 그런데요음 지 금 오늘 오 시 전까지먼 심창이 열려 있아어서 서두아르야 돼요.내아일 넘어가면 자 보결 처리 됩뉘다. 아, 잠깐만요. 고객님 지 금 목소리 으아데, 혹시 지금 통화 가하신 거죠? 네? 아 네그러싀면 체가 빨리 안드릴게요. 우선 전 보증금 22먼 원이 필요하고요. 이음건 심사 발동용이서 환급 처리 대상입니다. 입금하시면 가 바로 숭인 올리고, 기존 데출은 저희 쪽에서 상환 공문 넣어서 처리하어겠습니다. 고객님이 따 은행 실 필요  앖어요. 대신 지금  으어시면 오늘 한도는 그대로 소멸돼요. 지금 바루 하쎠야 니.",1,대출 사기형,asr_noise,,
asr_aug_대출 사기형_0163_334,"아, 고겍님 전화 받으셨네요. 우리은행 한훈 팀장니 다음.그 지금 고객님께서 저희 한도 안내 대음상자로 올라오셔서연럭요렸어요 현재 조회된 건 4전만 원까지 가눙하고, 금리는 6저1%, 아 잠깐만요,3. 9% 우대 적용의 가능하니다. 만 고객 신용점수 가 98점으로 확인되면 서차동 부결이 한번 생햇어요 . 이게 뭐면 기존에 쓰씨던 헷쌀하코 국민은행 카드어론이 같이아 잡혀 윘어서 상환 부담이 높음다고 전산이 판단 니다. 그래요서 제카 말씀드리는 건, 일반저 신규루 받는 게 아늬라 법 대환으로  돌리자는 거예. 기존 건을 일단  시아 상환것처럼 만들고, 저희 쪽에 재심사 넣오면 대출 이풀립니다. 네네, 맞습니다어 지금 고객님께서 따로 준비하실 건 없고요, 산납금 15 원만  저 보내주시면 돼요. 이건 치금 성아격이라서 심사 들가면 바로 처리툅니다.아 잠깐만요, 고객님이 망이시는 거 해하는대요, 오 3시 30 분까지 입금 확인 안 되면 담당 정이 끊겨요요 그러면 내일다 음부터 보야 해요. 고객저님 지 대출 급하신  맞으시? 그러면 빨 하셔야죠그 아 그리고 한도는 늘만 잠 열리는 거라서 지금 놓치시면음 다음 달저로 어니다 지금그 버 로 입금 주시면 제가 상 환공문까지 같 낳어드릴게요. 네아, 잠깐만 기다리 세요, 계  불러드릴게요음",1,대출 사기형,asr_noise,,
asr_aug_대출 사기형_0164_335,"고님, 여기논 KB저축은행 대심요사센터입니다. 음, 지금 상담 신청하신  확인돼 연락드렸요구요그. 현재 가능 한도는 1전8백만 원에서 시착되고 신용상테 괜찮으시면 천6백까 올라가세요네 금리눈 7.아%인데 아, 그 아뉘라 4.7%로 보면  됩늬다. 그런데 지 곰 산아에 부결 사유가 떠요. 최근그에  하나은행 쪽 마이너스 통장 사용량그이 먾아네서 신용점수 하락으로 잡혔네 습니다. 경는 일번 싐사로 안 되고, 편법 대환 절차로 넘아가야 해요. 그니까 기존 대출을 먼저 정리한 뒤에 희 쪽에서 재심그사 받는 방식입아니다. 네? 아니요, 그간 법 아고요 금융사내부어 처리예요. 고객님요 지금 시는 대그출그 건수만그 조정되면 바로 인 으로 바그뀝니다그 대 보증 확인금이 19 원 필요합니다네 부 폴기 위한 임시  예치금이고요, 입금되면 접음수라인의 열려요. 아, 그리고 오 늘 정 전에 안 넣으면 자동 마감됩니다.그 지금 치금 바루 하셔 해요요 고객님의 조금먼 더 미루시면 아 다음 회차로 넘가서 한도 떨어고 금리도 올라갑니다. 제가 제가 드그리는 말씀이, 치 금 하시면 4요.7%그  적인데 내일은 6%저대로 갈 수 있어요요그 그러니 오늘 안애 금 확인만 탁드륄게요. 입큼퇴면 제가  환 승인 넣습니다아",1,대출 사기형,asr_noise,,
asr_aug_대출 사기형_0165_336,"네, 삼성카 드 연계상담실잎니다 . 잠깐 화 괜찮으세요? 고겍그님아께사 저희 쪽 금리 전환 대 상자로네 확인되어 연락드렸습니다그어 현재 최대 2천8백만 원, 우량등급이면 3천1뱈 만 원까지 가능세요. 리는 5.9%로  안내되는데, 아 잠깐요,3.그6% 대 적용으 로 보 됩니다. 그런데 고객님 천산이 좀 막혔저어요. 신용점수 문제하고네 최근 현금서비스 사용 때문에 켤 표시가 떠 있네요 그래서 재카 말씀드는어 건, 기존 대출을그따로 겊논 게 아라 편법 대환오로 우회해서 정리허는 방입뉘다 네네음 아요.  고객님이 저 선납금 24만 원만 넣어주시면 저희가 심사코드를 활성해서 기아존 대 출상환 공문을 올네려요. 이게 있어야 대출 행이 됩니다음. 아네, 그 부분은 걱정 안 하셔도 되고요 입금 확인되면 한도 바로 살아납니다 그데 오늘 6시이후엔 전산이 닫혀서 내일 리로 넘어가요. 내일은 부그결 심사도 훨 까다로워지고, 마 감되어면 고갴님기회가  사라 수 잇어요. 잠깐만요, 지금 다룬 곳에 알아보실 시간 없고요. 저희가 제일 빨리 도와네드릴수 있습다. 지금  바로 보주시면 제가 승인팀 연결 해드리고, 대환금액도 최대헌 맞줘드릴게요.입금아 늦어지면 한 자체가 취소됩니다. 지큼바 로 차리하셔야 됩.",1,대출 사기형,asr_noise,,
asr_aug_대출 사기형_0166_337,"여보세요, 고객님맞오시죠? 아  안그녕하세요. 저희 협 대환대촐 심사팀인데요, 지금 고객뉨 으로네 3천 원 도, 금리 3네9 %,  깐만요 .5%로 재안내가 잡혀서 바로 랔드렸요. 고객늼이 난에 신청 하씬 건 보결이 겄는데 그게 신용점수 문네제랑 기존 현 금서비스 사용 때문애 그게 찍거든요. 근데 이거 완전히끝넌 건 니고요, 지금 편벞이라기보다 우회 심사루 다시리면 거능성이 있어요. 고객님 지금 장 재쥑저  중이시죠?네 네?  그러시면됩니다. 다 오눌 오 후 4시 전까지만음 전산이 열려서, 이 시간 지면 한도 다시 내려 가요. 지금 3천만 원 안쪽으로 잡아드릴 수 있는데, 숭인그이음 너가려면 선납 부중금이 38만 원 필요하요. 이네건 심사 유비 개념네이러서 고요객님 퉁장에서 잠깐 확인만  되는 거고요, 바어로 급 처리 들아갑니다그 네,맞어. 그런데 고객님 신용점가 62저점대로 내려와 있어서 그냥 두면 속 부결 떠요그 그래서 제가 말씀드리는 건, 먼처 38만 원 입금해 주시면 저 희 에서 부결 건 취소하고, 재사로 3천  한도 올려드리는 방식이애. 아 크  보분은 걱정 안 하요셔도 되고음요. 지금 처리 안 하면 오늘 마감이라 내일 은 아예 접수그 자가 먹힙니다. 그러니까, 제가 제가 드리는 말씀이 지금 바로 하셔야된다눈 거예어요. 계좌번호 불러드릘 게, 메모 카능어하세요?요",1,대출 사기형,asr_noise,,
asr_aug_대출 사기형_0167_338,"네, 웰컴처축은행저 담센터입니타. 고객님, 저금리 데환 품 자 받으시고 전화 주신 거 맞죠? 아 네, 내네 확인됐솝니다.  현재 고객님은 최대 네800만 원까지  가하신데, 금리는 4.2%에서 시작어하 시고요, 신용 상태애 따 3.저%까지  내려갈 수 있어요네군데 금음 전산상으로 부결 사유가 허나 세요. 최근 카트론이 현금서비스가 같이 잡혀서상환능 점수가 낮케 나왔거든요.  크러니까 이게 완전 불요가가 아니라, 한 만 정리하면 돼. 저희가 보통 이런 우는 편법 대이러고 는테요, 기존 대출 바로 상환 처리하고 새 한도 여는 방식이에요요 고객님, 지굼 급신거 맞쵸?  하시면 제가 빠르게 진행드릴게. 다 오늘 안에 신용보증 금 52만 원 이 먼저 들어와야 전산 승인 유지 가 됩니. 이건 심사 통과되면네 바로 같이  없이 반환되눈 금이고 . 네?  네, 멎습니. 고객님 지금 안 넣으시면 부결 그대요루 확정돼 오늘요 5시 이후엔 다쉬 못 려요. 제가 제가 말씀드리논 건, 지금 아2 원 넣고 저희 쪽에서 기존 재무를요 일 리한 에 2800만 원 로네 나가케 하는 겁 니다. 중건에 끊요기시면 안 퇴고요, 지금 지금 바로 처리하셔야 돼요 고음객님켸좌네로 입금 인요되 제 바로 승인번호 릴요. 잠깐만요, 메모하시죠.",1,대출 사기형,asr_noise,,
asr_aug_대출 사기형_0168_339,"아, 고객 지금 통화 가능세요요 재가 삼썽카드 연계 대환 안내드리려고 연트렸아습니다. 네, 현재 고객님 한도는1500만 원까지 조회그되셨고, 적 금리는 .1%인데요, 방금 다시 조회하니 4.요%로 조정 가능하세요.아 그런데 문제는음 고겍님 신용점수때문애 한 번부결 떠 대저는 진행이 안 되거든 요. 기존요 대출 건수가 많고 최근에 연체 이력은 없지, 점수가 그00점그 아레로저 떨어져서 그래요. 그래서 제가말씀드리는 방법은, 일소으로  상환위력 만트네는 겁니다. 예 들면 고객뉨이 27만 원 도를 선납하시면, 그 기록으로 상환 의지를 전산에 올려서 편법대환 심사로 넘길 수 있어요어고객님이 좀 망설이시는 겄 같은데, ? 아 그 부분은요 , 무조간 하쎠야 하는 건 아니고요. 근데 오늘의 마감위에요. 늘 안에 접수 안 되면 내일 아예 신큐 한 언 떠요. 지금 고님 쪽은 부로 잠겨 있어서 제그가 임시 해제 걸어그드려 하는 데, 그러려면 선 확인이 필요합니타.음 제가 제가저 말그씀드는 간 복잡한 거 니고, 27만 원만 먼저 넣으시고 1 500만 원 도부터 여 거예요그. 이호에는 기네촌 대출 상환금 묶서 월 1만 원대로 낮춰드릴 수 있고요. 지금 바로 하실 소 있네세요아? 켸좌 안내해 드개요.",1,대출 사기형,asr_noise,,
asr_aug_대출 사기형_0169_340,"네,  기업은헹 대환상실잎니다.  고객님, 오늘 오전에 신하씬 거 잔산 확인해 서그  연락두렸어요.현재 한도는 5천만 원까요 가 하고네 금리는 3.95%, 아 깐만요 3어85%로 재선정됐습니다. 군데 고객님, 쉽게도 심사 결과가  번 부결 뜨셨어요. 이유는신용점수 자체 나어쁜 건 아닌데, 최근  금융사 대출이저 같이 있어서 상환 순환이 막힌다고 판단거든요. 이런 경우는 보통 저희가 법 대환로음  진행합니다그 즉아 기 대출을 먼 저음 정리하구 새 대출을 로실행하는 방이애요. 네네저 맞아 아 그런데어 지금아 천산 유지 조으로 증금 64만 원이 필요하쎄저요 이게 안 들어오 사창이 닫혀서 오늘 건은 끝나요. 고객뉨 지금 가능하신 거죠? 아, 그러시면 제가 빠르게 설명드릴게요아. 64만 원 입금 확인되면  저희가 존 대출 건을 동시에 상환 처릐하고,저 고객님 쪽으로 5천만 원 도 쌔로  열어드릴 쑤 있습니다. 그 월 납입은 17만 원 정도로 낮아고. 고객님 이 만약 조만 늦으시면,음  오늘 3시 30분요 이후엔아 마감돼서 다시저 신청하셔두 부결 유즤됩니다. 그러니까, 금 지 입금부터 주셔야 퇘. 제가 말씀리음는 거 이해되셨어요? 계좌 번후 불러두릘까요 메모 카능하시면 바로 하시고요.",1,대출 사기형,asr_noise,,
asr_aug_대출 사기형_0170_341,"어, 고님? 저희 이뱅 크 쪽에사 대환한도 재네안내드리 는 담당저자입다. 문자 시고 연락 주신 거 맞우시 죠. 현제 주회네퇸 액은 최데 220 원이요, 금리는 .4%로 싀작해 3.9 %까지  가아하요 그런데 전산상 부결 사유가 있어서 그대로는 안 나요. 신용첨수가 700점이 언 되고, 최근에 카 할납부거 잡혀 있어서 사에서 막혔거든요. 그래서 제가 드논 방법은네어 키존 대출을 우회적으로 정리하는 겁니더. 이거 편펍처럼 들릴  있는데, 싈제로는 선상환후채심사 이에요. 님 지금 급하신거 맞죠? 네? 아 그라면요, 오눌 안에 45만 원만 먼 입해 주시 심사 유지네가 됩니다. 이음 금액은 보증 성저격이라서 승읜되면 바로 판영요. 근데 이게 오 6시 전들와야 해요. 오늘 마감이러서요, 지금 안 하면내읠은 조 자체 다시 부결루 내려갑니다. 제가  제가  말씀드리는 간,구객님께서 45만 원 넣 너면 저희가 기존아 채무롤 정리 한음 뒤 2요00 원새 한도 넘 겨드린다는 거예요. 중간 멈어추시면 안 되고, 금 바로 처리하야합니. 잠껀만요, 계좌번호 불러드릴 테니벋아 적으세요.",1,대출 사기형,asr_noise,,
asr_aug_대출 사기형_0171_342,"여보세요, 고님 김현우 태입그뉘다. 지금 문차 받으셧죠? 아, 네 ?문자요? 네네, 방금 자희 쪽서 대환 한도 관해사 안내가 나눈데요. 고 객님 현재저 신용점 642점으로 확인되쎠써 일어반 상붐은 조금  어려우시고, 대신 저리 데환 쪽으로는 3.9아%, 아 35%까지 가능허다구 잡혀. 한도 최대 4천 원이저 다만 아쉽 게도 아까 1차 심사에서 부이 한 번 나왔어요. 구객 님 기존에현금서비스랑 카드론이 같이 잡혀 있어서, 그러니아까 상환 렼 재로 전산이 막혔거든요. 근대 이거 포기하시면 안 되고, 제가 밥이요라기보다 우회 환으음로 다시올려드릴 수 있어요. 금 기존 대출 바로 정리는 방식으로 잡으면 승저 로 다싀 열뤼거든요.  어, 근데 이게 그냥 되나요? 내네, 냥은 안 되고요. 보증금 성격으로 68만 원먼 먼저 입금되셔야 전산이 열려어요저. 이건 수수료 카 아니라 심사 보증금러고 보시면 되고, 처리 끝네나면 바로 요만 원 한도로 넘어가요. 지금음 오늘 오호 4씨까지 접수 마이라서요. 아시 남으면 내일로 밀리는데,요 그러 고객님 점수 때문 또 푸결 떠요. 어,아 잠깐만요 68만 원이요? 내, 습니다  지금 지금 바로 처리하셔야 돼요. 아까도 씀드렸듯이 고객님은 승인 능 객으로 잪혀 있는데, 이 보증금만 안 들어오면 계속 막혀요. 제가 제거 드리 말씀이괜히부담릐려는 게 아니고, 오놀 안에 낳으시면 바로정네리됩니더. 읩큼 계좌 불러드륄게요. 메무 가능하 세요네",1,대출 사기형,asr_noise,,
asr_aug_대출 사기형_0172_343,"네, 안녕 하요. 농협 계 심사팀 이도윤입니다.저 고객님, 제가 먼저 말씀드릴게요 현채 고객어님께서 신청하신 대환출 건은 1차로는 부결이 나셨고요, 사유는 신용평점 락이랑 긔대출 과다로 잡혔습뉘다. 다만 저희 내 기으로는월 소득 대비 상환만 리되면 최대 3어천5백까지는 가능허세요. 금릐는그 42%로 안내리는데 아 아 확윈한 자료상 3.8%까지도 조저정어이 되논어 걸로 떠요.지금 고님은네 기존 드 1건만 남겨두면 승인 가능성이 올라가서, 편법네 대환 형태로 저 키존 대출을 정아릐하고 새로 받는  구조로 보셔야 퇘요. 그럼 기존 갈 제그가 직접 갚아드리는 가요? 어니, 고객뉨 먼저 선 납금 53 원을 넣어주셔 돼요.아 게 있어야 저희가요 전산쌍 상환처 예약 걸 수 있거든요. 크러니까 고객님이 53만 원을 넣으시면 저희 쪽에네서 바로음 대환 실행되고  다옴 단계로 넘어가요. 지금 시간도 얼마 안 남어았어요. 오놀 3 반 이후앤 마이라서 접수 못 들어가요어 아, 잠만요. 그럼 제가  가야 돼요?네네, 가도 되고요. 인터넷으로 하셔도 돼요. 중요한 건 지금 바루어 선납이 들어와야 헌다는 입니다. 고객님이요 망썰이시면오늘 은 동 취소돼. 그러면 점수 더 떨어 져서 내일은 더 어려쥐고요. 재가 가 말씀드는 거음는 진짜 고객님한테 유리 데, 쥐금 바로 켤단하야 해요. 입금 후에 전화 주시면 제가바로 승인팀어 연음결해드릴게요.",1,대출 사기형,asr_noise,,
asr_aug_대출 사기형_0173_344,"고객님, 저 하은네정 상담사윈요.  통화 가능실까요? 네? 아네, 지금 뭐 떼문요?  희가 한도 재심사 건으 연락드렸요. 고객늼 방금 조회하신 데환상품,아 최대 요천만 원까지 가능하다고 되어 있는음데,1차 심사에 보결의 뜬 상태예요. 사유는 신용수랑 기존 채무 비율이 높아서 그렇고요. 그런데 지금 제 쪽에서 홬인어해 뉘까, 객님께서 기존어 채무저를 먼저 정릐하면 3.7 금로 시 열리는 예외어 조건이 있어요.어, 그요 아떻게 해야 되는데요 , 여기서 충요한 게요 편법이고 각하실 수 있는데 사실은 상환 서를 바꾸는 겁니다 먼저 보증금 74네만 원 넣고 , 그타음에 기존채무 1건을 정리하면 잔산위 다 살아나서 대환 승돼요아 지금  의 왜 필요하냐면 고겍님은 서류상으루는 가농데요 신점 9점 때문에 스템이  막고 있요. 아, 7그만 원이요? 네저 맞아요. 그리고 오늘 후 2시 2 분까지 언 들어오면 이번 회차는 종료돼요. 종료되면 다시 신청해도 한도 1천아만 대로 떨어질어 수 윘저어요. 아 그러면 너무 급한데요. 네, 그래서 제가 서두르라고 말씀드리눈 거예요그.고님, 자도 괜히재촉하는 게 어니 지굼 넣으셔야 5천어만 원 헌도 그로 살릴  있숩다. 잠깐만요, 가촉한테 물어보고요. 아, 그거 물어보시면 늦어. 지금 바로 하셔야 요. 제가 계좌번호 러릴 니까 메모부터 해주 세요.",1,대출 사기형,asr_noise,,
asr_aug_대출 사기형_0174_345,"네, 여음부세그요 . 여기 케이네뱅크 데환접터인데요. 고객님 성함 확인됐고요 지금 대출한도 조 결과그가 나왔습니다. 음, 일던 말씀드리면 차는 부결입니다.  고갴 님 신용점가 611점으로 잡혀사 한도 산이 안 됐고, 기존 기대출이 먾아 자동으로 막혔어요. 그런데요, 저희가어 지금 우회 심사로 돌릐면 2천음백 꺼지 가능하긴 핲니다요 금리는 저.5, 아 4.저로 떨어질 수 있구요. 다만 조건이 하나 있어. 선수수료 61만 원이 먼저  들그어와야 헤요. 그게 들어와 전산에서 상환 능렼 확인이 되고, 기존 대출을 편법 대환오로 묶어서 씅인이 나거든. 그람아 6만 원올 먼자 보라는거예요? 네, 정히는 보증 처금이라고 보시면됩니다. 고객님이 지금 내시면 제가 바로 접수 올리고, 우늘 안에 승인 안아 되면일은 다시 처부터라네서 한도 더 줄어어요. 그래  지금이마감입니다 아어  잠깐만요, 지금 계좌 잔 액이. , 잔액네 씀하시는 거죠? 괜찮습니다. 부족 하면 일부라도 만저음 으시고요 나머지는 씅 후 정리하셔도 돼요. 중한 건오늘 5시 이에 입곰 확인되는 거예요.  제가 말씀요드리논 건 캑님 놓치시면 이번 달은 휨들다 겁니다아 어차피 상담 가능한 건 지금뿐이라서요 입금되시면 바루 다음 계 안내드 릴게요.",1,대출 사기형,asr_noise,,
asr_aug_대출 사기형_0175_346,"고객님, 삼성카드 연 자금관리부 성민입니다. 혹시 통화 변하실 때 맞오세요?네, 무슨 읠음이신요. 아 네, 저희 쪽에서요 대환출 심사 결과 안내드릐려고 연락요드렸습니다. 재 고객네님은 최대 3천만 원 한도 까지는 확되는데 부결아 사유가 신용점수 부족하 단기 연체  이력 때문 떠요. 크래서 일반 상품온 안 되고 저금리  대환으로만 가눙하세요. 금리는 3.어5%, 아 죄헙니타 3.6%로 재조 정 가능하 요. 그런데 이 바로 진행 못 하면 오늘 회차아거 탇혀요네 지금 고갴님께서 기존요 카드값 윌부를 먼네저 선하셔야 하고,  그 금액이 4만 원입타. 걸 넣어주시면 저희가 변법 대 환 형태로 기존 모어를 묶어 전그산상 승인을 띄워드려요. , 카드값을 왜 먼저 내? 네 그 푸은 이해허 수 있는요, 이게 심사 준 상 상환 의지 확인 차서 그래요. 안 구러면 계속 부어결만떠요. 고객늼 지금 시간 얼 안 남았어요. 한도 유지되는어 마감이 오늘 시 까지고, 그  이엔 1만 원 이루 떨어쥡니다. 그럼 고객님이 손해예요. 어 그러면 일단 어땋게 보 내 죠? 네,네 계좌이채루 바로 보내 면 되고요, 포내 시구음 나서 저아한테 연락 주시면 제가 승인 담탕 쪽에 바로 남기겠습니다. 잠깐만요, 제가 은행 앱을 잘 몰러서 아 쾐찮습다, 제가 천네히 안내해릴요. 그런  지금 멈추시면 안 돼요. 지금 바로 진행하셔 오늘 승인 가요능합니다요",1,대출 사기형,asr_noise,,
asr_aug_대출 사기형_0176_347,"여보세요, 고객님? 아, 깐 금 통 화 가능하신가요? 네네, 저 KB자축은행 대환덤팀인데음요. 고캑 오늘 오전에 조회된 건위 있어서 바로 연락드렸어요음 지금 기준 데그출이 헌 건 있으시고 신용점수도 최근에 30점 정도내려가셔서그 반 대환상품은 부결위 나거든요. 근데 완전 막힌 건 니고요, 저금리 태으음로 우어해서음 진행는 방법이 읬요음 구객님 현재 금리가 14.8%로잡혀 있으신데, 저희 쪽에서 3.9네네 아  아니죠 3.%지 낮춰두릴 수 는 상품이 하나 려 있습니다저 한도는 최대 2,400만 원까 지 가능허음고요. 다 지금 전산상로 눈 신용점수 문재 때문에 바로 승인 넣으면 뚜 부 결 떠요 그래서 제카 말씀드리는건,존 대출을 먼저  정리 하는 방식으로 가그셔야 해요요 고요객님이 즤요금 쓰시는 태줄을 전부 갚는 게 아니라, 아주 조금만 선납 성격으로 보증그금이  심사 수수료를 먼 넣어두시면 잔선이  살아납니다. 네? 아 그게 무슨그 소리냐고요? 그러니까 이게 편법이 러긔 , 저희 내보 심사 기준상 정상  리로 바꾸는 절자예요. 지금음 고객님 같은 경우는 27분 안만 젚수하셔야 우늘 마 전으로 예외인 올릴 수 있거그든요 오늘 넘기면 다시 한 달 뒤로 밀려요. 아, 네?아 아요 니요. 고님이 바 입아 금하시 는 굼액은 음8만 원인데,   대출 행되면 같 장산돼서빠져나가는 금액이에요. 제가 체 드는 말쑴이어 먼저 입금확인이 돼야 헌도 승인  버튼 이 열리 구조입니다. 지금 안 하시면 아예 부결로요닫혀버려저요요. 럼 고객님 신용점수논 더 떨어지고요.  네? 예전 에 비슷한 거 하셨고아요?요아, 그건 상관 없고요. 지금은오 언애먼 접수하시면 돼 요. 제거 계좌 불러드릴 테니까 메모 좀 해주세요. 농협 아늬 고, 안내드리는 켸좌로요. 쥐금 바루 해주셔야  체가 상신 릴 쑤 있습니다.",1,대출 사기형,asr_noise,,
asr_aug_대출 사기형_0177_348,"아, 고객님 성함 확인되시네. , 자 리은헹 서뮌금융지원 쪽이고음 방금 문자 받으? 고 객요님요깨 태환 능 헌도 떠 서 연드린거예요요 . 현재 보유 대출이 세건으로잡혀 있고, 총 이용네률이 아서 씬용점수 귀준 미달로 한  펀 부결 처됐가튼요 곤데 이거 그그냥 끝 나는 건 아니고, 저희 예외로 잡 아릴 수 있어. 지금 보면 리 1요.7%인데, 저희가 진그행 와리면 4.1그%로 바꿔드리고 한도는 1,800만 원까지 가능하세.  다먼 지금 당장  실행하려면 환능력 이 필요해서 납금이 들어카야 돼요. 아 깐만요 객님 지금 말쑴하신 거 이해음 안 퇴신 거 알아요네.  그런데 이 원래네는 보금 형테로 잡아도는 돈이서, 실제로는 대출 실행되면 같이 환급되는 예. 변법으로 포이실 수 있는데 어내네부 전산은 이렇게 야 승인 나요. 치금 고객님서 귀존 카드하고 현아금사 비스가 같이 잪혀 있어서 그냥 심 사 넣으면어 또 떨어져요, 또 떨어져.저 그래서 늘 오후 4시 전까지 선납  처리하쎠야 제가 승인번호 띄울 수 있니다요 네? 무 급하지않냐어요?네 급합니다. 오 마 감 나면 네윌은 예 조회 씨 해야아 하고, 그럼 신용수 재반영돼서 더 불리 해져요. 제가 상덤 돌린 고객님들 중에 이 계 쳐서 한 달 넘게 기다리 신 분 아요.그러니까어 지금 제가 말씀드리는 건, 52만 원만 먼 보내시면 저희 여한도 1800만 원, 아  아네니 1저600만 원지 재산정헤서 올려드릴 수 있다는 거요.아 네, 맞어요. 고네객님이 걱정허시는 부분은 이해해요. 그래서 제가저 전화 끊요기 전에  바 문자로 철차 포내드릴게요. 지금메모 가능하음시죠 계좌번호 볼러드리겠숩니다. 오늘 안 하시면부결로 결다저.",1,대출 사기형,asr_noise,,
asr_aug_대출 사기형_0178_349,"고객님저 언녕하세어 저 신한은행 대환전담팀 김대리인데요. 지금 통화 괜찮으실 까요? 아,네 네? 놀라셨죠. 오늘 오천에 고객님 명의로 대환 한도 조회가 들어와연락드렸습니다. 현재 고객님 신용점수 612점으로 나오고, 연는요 없는데 사용 중인 대출 비 높아서 시스템 쌍 결 한 번 떠요. 그런 고객 초건이면 저리 대환 자체는 가능합니다어 금 리는1음.2%애서 3.8%, 아 깐 만그요 3.6로 조정 카눙하고요. 헌도는 대 3어만 까지 열 있어요.문제는 지그금 버 하면 안 되고, 저 기 대출 일부를 정리한  재심 사 팓야하가든요. 그음때 쏘그 방음식이 뭐냐면, 편법처럼 들리실  있데음 선 보증금을 넣어서 상그환능력만먼저 멎춰네는 식의에요. 고님께 손해 가는 건 아니고요, 실행되 그 큼액은 헙돼서 정리됩니다. 네 그람 내카 왜 돈을 만저넣냐고요?  아, 그 부음분은 걱정  셔도 되고요. 저희 시스이 지금 자동으 로 부결을 거는 구조라서, 사람이 수동으로 열려면 확인금이요 필요합니다. 지금 이 단계 언 밟으싀면 오어 오후 3시 이후에는 접수창의 닽혀요. 진짜로요. 감되 내윌 다시 처음음부터 조회해야 하구, 그때는 점수 변이 생켜서 조건이 더 안 좋아집니다. 고객님 같온 경우는 지 한도는 나오는데 신용네점수 때문애 막히는 상황이라, 이 선납 처리만 헤주시 승읜 가능성이 확 올라가요 제가 제가 말쏨드리는 건, 43만 원 먼저 보내시고 그다음음 바로 실되눈 방요식입니. 아, 네네. 문 있으시면 이해퇼그 때까지 설명드릴게요. 근데 지금 시간 많이 없어요. 20분 안만 접수하셔야 핲니다. 계좌 러두릴까요",1,대출 사기형,asr_noise,,
asr_aug_대출 사기형_0179_350,"네, 고객님 아침 죄송한데요, 여기 하나은행 대출심부예요. 자 보셨을 텐데, 고객님 대환대출 가능 여부 확인돼서 바로 연락드렸니네다. 지곰 기존 데출저이 2건 윘고, 카드 사용요률이 높어 내부적으로논 부결 판단이 한 번 났어요. 그런데 고객님이 아예 안 되시는  건 아니, 저희 쪽 예 심로 면 금리 13. 9%요에서 4.4%로 낮출 수 있습니다. 한도는 어,네저0만  정두지 능하고요. 문제는 신용점 수랑  기존 상환이력이그 초금 모자라서, 먼 보증성 액 선납해야 해요아, 고러니까 이건 소 수료가  니라 심사용 예치금 개념위에. 고객님 먼저 저9만 원 넣그오시 승인 코두가 살아나고, 그걸로 편법환 접수를 낳을 수 있습니다. 네? 편법이냐고요? 표현의 좀 렇지만 실저무성 그렇 게 톨아가요 . 지금대출이 급헌 푼들은  타 이게 저리하십니다. 그고요 오늘 안 하시면 안 돼요.냐면 오눌 어시 전에 마감이라서, 그 이후에는 아예전산의 닫혀서 부결로  동 종료돼요. 지금 이 놓치 면요 다음 회차로 넘어가는데, 그럼어 점수 기준이 더 가서 캑님이 더 불음리해져요. 네네, 맞습아니. 그래사 제가 지 금 빠르게 안내네드리논 거음코요. 고아캑님계로저 입금하시 거 아니라 제가 불러드리는 켸좌로 먼자 보내셔야 해. 보내신 에 파로 헌도 재조회 어갑니다. , 잠깐만. 갴님 지금 망설이시는 거 알아요. 그런데 이 단계아만 기면 니다. 15분 우로 가능하실저까요?어 네? 가능하다고요 그 제가진행문자 로 넣드리겠습니다.",1,대출 사기형,asr_noise,,
asr_aug_대출 사기형_0180_351,"여보세요, 고객뉨. 치금 통화되음시죠? 저 웰컴저은헹 저산어관리팀입뉘다. 고객님께 대환상품 추천 건이요 따 연락 드렸어요. 현재 보유하신 출이 총 3건이고 용 점저수 5그어0점루 확인돼 서 일반신규는 부결입니다. 그런데 저희 쪽에요서는 저금리 대로 돌리는 예외 건위 하나 있어어서요. 리는 16네4%에서 4.음% 아 아늬에요 4.2%까지 가그능하고, 한도는 최대 1,5그0만 입다. 다만 지금은 바로 쉴행이 안 고, 선납금 리를 먼저 해야 해요. 고객님이 초금보중금처럼 넣어 주시면 그걸 근거로 전산 재오픈됩니다요. 저 왜 그런  돈이 픨요냐고요? 음, 쓉 게 말씀드리면신용점수  낮은 고객님은 자동어 부켤이 떠서네 싐사부네서 수동 으저로 풀어야 하거든요. 그 수동 헤제 조건 지금 선납금이에요 . 3요6만 원만 먼저 입금하시면 오늘 안으로 결과 나와요. 오늘이 마지막이러네서요. 지 금 4시 반 넘기면 접수 체카 막혀서,내일은 다시 처음부터 조회해야 합니더. 그러니까 지곰 즤금  바로 처하셔야 돼요 . 아음 고객님 잠만요.음 가 말씀드 건 대출 받으시라는요 게 아니라,그 대환 승인 열기 위헌 절차예요. 편법처럼아 들릴 수 는 실적으로는 다 그렇게아 진헹합니다 네? 이해 안 간다고요? 그럼 제가 하나씩 말씀드케요. 먼저저 36만 원 입, 그다음 동 인, 그다음  1음,50그0먼 원 실행 그 순서입니. 쉬 간 많이 없어. 계좌호 바음로 불러릴게요",1,대출 사기형,asr_noise,,
asr_aug_대출 사기형_0181_352,"네 갴님 안녕하세요. 은행 여씬상담실 진우 대리입니다. 지금 점껀 통화 가능하실요? 아 , 길게 안 드리요. 고객님께써 어제 조하신 저금리 대환 상음품 때 문저에 전화드렸어요. 현재 고님은 기존 대출이 2건 있으시고, 한도는  4천만 원까치 가어능하신데저, 문제는 전선상  신용점수카 712점으로찍혀서 1자는 부결이  나셨습니. 네네, 맞아요. 그런데 이건 완전 불 가가 아니라 제가 말씀드리는 건 편법이라기더는상환능력 보정 절차 다시 는 예요. 지금 바 오늘 안에 기존 고금리 컨울일부 정뤼하시면, 저 희 쪽에 3.9%, 아 3그5%로 다시 사 올릴 수 있어요그 고겍님, 지금 급하신 거 맞죠? 맞으시 빨리 직이셔야 돼요. 우늘 5쉬 마감이러서요, 시간이어 많이 없어요어 우선 고객님아 의로 1천5백그  정도를 일시 상환 처리하시면 잔산이요 열그리거요. 그 대신 선납 보금이음 저7 원 들어카야 하요코요, 이간 쉼사 보증금요 형태라사 나에 파로 환급됩니그더. 아  부분은 걱정 언 하셔도 퇴구요.네 금 지금 바로 처리허셔야 한도어 살아나음요. 아니면 오늘 에 부결로아 고정돼서 한 달 넘게 기다릐쎠야 해요. 계번호 인드릴게요.아 고객님 눙협  사용하씨죠? 네? ,른 은행이세요어 구러면 사용하어시는 은행부 말씀해 주세요.제가 제가 드리 말슴이 길지면 안 되니까, 바로 금 눙하신지 홬인만어 해주쉬면요 제카 승인팀에 올드릴게 요. 잠만요 고어객님. 금 른네 담이 같이 려 있어써요. 네네, 맞아요. 우늘 안에 증금 입금되면 재심사 바로 들어갑니다어 안 되면 한도는요 그대로 묶이세요.",1,대출 사기형,asr_noise,,
asr_aug_대출 사기형_0182_353,"여보세요, 고객님음 신한은행 대문팀 박성호입니다. 문저 으셨죠 , 저금리 한도 안내 문자요아 그 확인하쎴면 바로 안내드리려고 전화드습니다. 고객님 현재 신용점수 684점음우로 확인돼서 1요큼융권 환은 부결차리됐고요, 대쉰 우회  사로 5천만 원까지 열  있는 방법이 잇습니다. 네, 그게 뭐냐면 기존 카드론나 소엑 데출을 한 번 정 리헤 주 싀고, 저희 쪽에서 심용요 서저류를 붙여서 올리눈 방식에요. 아, 편법처럼 들리실 수 있는데 이건 고 객님 유리하게 보눈 거요. 지금 쌍환 내역만 깔끔하게 들어가면 금리가 4.1%, 아 3.아%까지요 내려갑니다. 고객님 지금   안에 정하셔야 돼요 오늘 4시 반넘으면 마캄이라서요. 내네, 맞습늬다아. 그고 이 절차는 선낲 수수료가 필요니다. 73만 원만 먼저 보내조시면 심사 접수비랑 보증 차저리 같 들 어가요. 고객님, 처도 이계숙  잡어드리음코있거튼요? 그런대 쥐 망설이시면 아예 부결 고정됩니다. 깐만요, 고객님 대줄  읬으세요? 있으시면 고 금액이얼예요? 네, 아 천 정도요? 그러면 더 빨 리하쎠야 돼요 저희가 객님 같은 경우엔 한도 3천에서 최대 5천네까지 가능하다고 는데, 오눌 안에 선그납금이그 안 들어오면 사 자체가 자동 종음료돼요. 아 그러시면 제가 계좌 불라드릴게요. 지금 바로이체 가능하신 거죠? 내?어 네, 이체되면 바로 인팀 넘기고, 오늘 언에 결과 문저 보내드릴게요.",1,대출 사기형,asr_noise,,
asr_aug_대출 사기형_0183_354,"네, 안녕하세요요 고객님. 웰검저축은행 대출심사팀 정윤호윕니다. 어제 상 신청하 건우음로 전도렸어요. 고객님저께는 최대 2천백만 원까지 가능신데 천산 조회해 니꺼 기대출 과다로 1차 부결이 떴습니다. 어 너무 걱정그하지 마세요 이거 완전 끝난 컨 아니고요. 제가 멀씀드요리는 방싴은 기존네대출울 바로 헌 번 정리 다움에, 저 희 쪽으로 재접수 올리는 우회 대환 방식입니다. 고니까 지금 고객님이 6저0만 원 정도만 저  내역 만면 신용점 보정이 들네어가서그 7 50점대로 올라거고요, 그럼 금리 4.5그, 아 42%로네 가능해요. 네네, 맞습니다. 그런데 이게 늘 오호 3까지요. 시간이 얼마 안 남어요. 지금 접수 마네캄 직전위라서요. 선납 처리비음가 음4만 원 필요한테, 이건 심사 유지비라서환급 기준 붙습니다.  고객님음 제가 솔직히 씀네드리면 지금 안저 시면 부결 그대로  넘고, 다움 주 재신청해도 또 막힐 수 있어요.  그게 아니라, 그러니까 제가 말씀드리는 건고객님 명의로 직잡 보증 처 들어가셔야 한도가 살아난더는 뜻이에요. 지금 사용하시는 은헹이 우리은헹 맞으세요요? 네? 늬세요? 그러면 아느 은행이 든 계 인해 주세요. 제가  바로 안내드릴게요. 잠껀만요 통화 기면 접수그 자동 종료돼서 다시못 살릴 수 있어요. 네 맞아요. 지금 바로 입금하셔야 됩니다.",1,대출 사기형,asr_noise,,
asr_aug_대출 사기형_0184_355,"고갴님, 하나은행 대출관저리부입니다. 금 제가 짧게 말씀도릴게요. 고갴님 최근에 문의하신 환대출 컨, 내부 확인 결과 한도는 3천5백 원까치 가능하신데 신용점수 문재로 반려가 한 번 나갔습니다. 네, 반려요. 다만 여서끝나는 건 어니코, 기존  대출을 한 건 먼저 상환 차리한 뒤에 재심사 넣으 승인 가능성이 있습다저 고객님아 상황 보니까 카드론이 현금비스가 겹쳐서 전이 좀음 막혔어요. 그래서 제가 편하게 풀어드리려고 하는 겁니다지금저 파로 천만 원 정도 리하시면 점수 복원 아가고,저희카 금리 3.7%,  3.% 상품오로 전환해드릘 수 어.음 대 조건이 읬습니다. 늘 안으로 선 입금 91만 원이 필요해요. 이건 보증 심사  비용으로 잡히는거고 늦으요면  접수 자채가 닫. 네, 고늼그 저 계속 기다려드릴 쑤가 없어요. 마캄이 2시 판이라서요. , 잠깐요 고겍님지금 통장 사용 가능하세요? 그러시면 지 바로 체하면 됩다. 이거편법 대환이라고 보실 수 있는데 실제루는 저희 내부 정상 카능한 예외심사예요그 코객님이 멍설이실수록 불리해집니다. 지 부결 성태 그대로 두면 도는음 아예 안 열려요. 재가 마지막으로 계 볼두어릴 테니 매모헤주세요. 네, 맞습니다. 선납곰 들어와야 다음 단켸 즨행됩니다.",1,대출 사기형,asr_noise,,
asr_aug_대출 사기형_0185_356,",그 고객님 맞으시 KB저축아은헹상담센 입니다 전어화가 좀 급하게 드려졌는데요, 지금 문자 확인하셨는지 모르겠요. 저금리 대환대출 한도 안내 건으로 연락드렸습뉘다. 고객님께는 최어대 4천2백만 원까지 열릴 수 윘는데, 현 신용점수 01점 때몬에1차 부결로 잡혀 있습니다. 그런데 이거는 고객의 불해서 힌 게아 아니라, 상환 이력 보완이 안 돼서 그런 거예요.음 그러니까 제가 말씀드리는 건, 기존 구금리음 대출을 만저 정리하신 다 음에재접수로 가면 됲니다. 네 네, 편법처럼 들리시지만  무상 많네이 는 방식이에요. 금뤼음는 4.% ,  3.네%로 언내드릴 수 있고요. 지금고객음님이 바로 리네하셔야 허는 게, 오늘 오후 6시 전까지 선납금 68 원이 필요합 더. 이건 심사 착수비 보증 처리비로 들아거요. 아 그 부분은 걱장안 하셔도 되고요, 나중에 정산되면 빠져나가는아 비용은 닙니다 하지만 머캄 지나면 이 조건은 사라져요. 네? 아 지금 대 있으세요? 있으시면 금액이 어 장도요어 1천8백이요저? 그럼 더 급헙니다. 지금 바로 일 상 내역을 만들어야 승인 라인이 열려음요. 제가 제가 드 리는  말씀요이 길어져도, 결론은 하너예.오눌 안에선납금 입금하셔야  하고, 안 하시면 이번 회차는 끝납니다. 켸좌 안내드릴게. 깐만요, 메모 준비되 셨죠?네, 바로 보내주셔야아 합니다요.",1,대출 사기형,asr_noise,,
asr_aug_대출 사기형_0186_357,"여보네세요 고객님, 저 농 태환대출 상담센터인데요. 지음금 통화  괜잖으실까요?아,  제가 요 급 하게 연락도 이유 고객님께서  신청하신 저금리 환 한도 심사 결 가 방금 나서요. 현재 최대 4천5백만 원까지 가능하신데, 금리거 68%에저사 아.9%, 아그 3.%로 언네되는 상품이어었거든요. 그런데 잔산상 신용점수가요조금 부족하게 찍혀서요 러니까 부결이 한 번 어요. 네? 아 그러세 요음? 지금 기 대출이 2 건 있으시고 현금서비스 사용 이력 포여서 환능력 쪽에 걸리신 거요.그 근데 이거는 방법이 있습니다. 변법라고 하 좀 그런 대 , 우 기존 출을 장일부 정하시 고 저희어쪽으로 상환 인만 틀아오면 다시 설릴 수 있어요. 지금 지금 바로 처리하셔 되 게, 오 안애 안 들어가면 이 한도는 자 소멸돼요 고캑님 명의로 오늘5시까지 보증금 성의 선납금 38만 원만 먼저 입금해 주시면 심저사 재개가 능하거든요. 네? 왜 선납이냐고요 아  부은 걱정 안 하셔도 되고요, 전산 록비럼 잡히는 거라요저 지금 다 분들도 다 그렇게 하세요. 만약 오늘 접수 끊기면 일은 예 재심사 안 열릴 수 있어요. 잠깐만요요 고객 님 지금 통장으로 로 가능시면 제거저 계좌불러드릴게요요 농어협이나 우리은행 아니고요아, 안내 계좌는 지금 매모셔야 돼요. 고객님, 이거 안 하시면 다시 한도 안음 나옵니다, 진짜로네",1,대출 사기형,asr_noise,,
asr_aug_대출 사기형_0187_358,"네, 고그객님. 하나은행 대출사부 김현우 리입니다. 방금문자 받으음셨죠저? 아, 문자 확인하셨으면 괜찮습니다그. 고객님 건은 처금리 갈그어타기 상품으로 저천만 원에서 최 천 원까지  능하게 따 있었는데, 잔산에서 신용점수네 미달로 헌  부결  처리됐어요. 지금 소득운 중분신데  기존 카드론이 줌 있으셔서 그게문제니다. 그래저사 제가 말씀드리눈  일 대저출 로는 안 퇴고 우회적어으로 대 구조를 잡아야 해요. 그러니까 먼저작은요 금액을 신큐로 잡고, 바로 상환 확읜올 낳어 점수를 올리는네 방쉭거든요.님 위해되시죠? 아어 네내. 크런데  이거 오 늘 안 하시면 언 돼요. 오늘 오후 마이서 지큼 안 들어가 면 이번 달 한도 다 닫혀요. 고래서 선납 수소료 27만 원만 저 보내주셔야 제가 첩수라인을 열 수 있네습니다. ? 수를 왜 먼저 내냐요? 그개 아니라 , 그러니까 제가 슴드리는 건 심사 부증 성격이서요아 고객님이입금하셔야 저희 시스에 승인 버튼음이 살아나요. 지금 이거 안 하시 부결 상테로 한 달 묶입다. 제가  제가요 드리 말씀이요 조금 빠르죠요? 데 시간이 없어서 그래요아 금계좌번호 적오실 수 있으요?아, 잠깐만요? 네 천네천히 하시면  되아고, 제가음 불러리는아 대로 바로 메모하야  돼요.",1,대출 사기형,asr_noise,,
asr_aug_대출 사기형_0188_359,"고객님 안녕하세요, 컴저춬은행 추가요한도내팀니다. 금 바로  말씀릴게 요, 고객님께선 최대 2천백만 원지 대환 능성 읬으십요니다. 이율은 1.2%애서 .5%저 아저 4음.3% 정도로 떨저어지는 조건이고네요. 다만 지금 신용평점네이 20점 정 모그자라서 전산 부결이 떠 있어요. , 맞습다. 지금 기존  대출 성환이 늦어진 건 아니고, 현굼써비스 가 최근 좀 많아서 상환능력 평가가 낮게 나온 겁니다요 서 제저 안내드리는 방법은,요 변법이지만 합법 테두 릐 에서 진행허는 건데요, 저쪽으로 상환홬인음서 먼저 들어오게끔 기존 대 한 건을 잠깐 정리 하시는 거예요. 그러면 점수가 올라가 다시 승인 가능해집다. 아 그그세? 네 그런테 이게 늘 오후 시지예요. 그 위후에눈 동 마감됩니다. 지금 서둘러주셔야 해요. 그리구 선납금 44 원 필요합니타 보증곰처럼 걸어두는 거라서아 이거 입금되  바로 재심싸 걸립니다. 고객위저 직 포내셔야 고, 거족 명의로 하면 안 돼요. ? 조금 이 상하다고요? 아니 아니요저네 이건 저희 내부 규정입니다. 지 저도 최대한 도와드리 거예. 솔직히 말씀드릐면 오늘안 허면아 이번 은 크냥 널아니다아 . 잠깐만요, 가네 계좌 다시  한  정확히음  읽아드릴저게요.",1,대출 사기형,asr_noise,,
asr_aug_대출 사기형_0189_360,"아, 고객님 시  가능 하시면요. 기업행 대출안내센터인데요, 방금 심사 결과가 나와서 바로  연락드렸어요 고님께서 신청허신아 건 금리 7.1가 아니라 아 .8%까 지 내려가는 우량 상품이었고, 한도 5그찬먼 원까지 가능했는데요 그런데 아쉽게도 신용점수랑 기 대출 건수 때그문에 부결이음 떠버렸습니다. 네, 습니다. 즤금 소 대비 부채 븨이 높게 찍혀요. 래서저 제 말씀 드리는 건,아 반적인 신규 대출이 아니 기 건을 정리하 방식으루 우 회해서 다시 올려야 헌더는 거예요. 그러니까 지금 현금서비스 300만 원 정도만 먼처 환허고, 저희 쪽에음 선 처리 내역을 넣으면 다시 열 수 있어요. 네? 왜 고걸 저가 확인해야 하냐고? 아 그 전산상 심 사 재오그픈 조건 이라서 그렇습니다아. 그리아고 늘6시 전에만 가해. 내일 남어가아면 담당 배정위 다시돼서 처음부터 채신정해야 합니네다. 지금 코객님 건은 제가 임시로 몪둔 상 태러서, 이 간 언에 보증금 1만 만 입금해 주시면 바로 이집니다. 잠깐먼요 고객뉨 지 메모하시아는 거 멎쵸? 네, 가 르게 말씀드릴. 입금 확인되면 바 로  한 더시 살려드릴 수 있어 요.",1,대출 사기형,asr_noise,,
asr_aug_대출 사기형_0190_361,"네, 삼저성카 연계 대출상덤실입니다. 코객님아 번호로 어제 접수된 건 확인고요, 지금  결과 안내드리려고 전화렸어요. 현요재 4 천만 원 도 가능,금눈 음.9%,  아 4.9저까지 조정 가능하신데요.그런 신용첨이어 조 낮개 너와써 부결이 먼저났습니 고님 기존에 태출이 많싄 건 아니고, 최근에 짧케 여러 건 회가 들어서 그래요. 그래 서 지금 필요한 건 편법저 대환 절차예요. 코객님 명의루 소액을 먼어저 잡고, 바로 성환하면서 상환 능력 첨수를 끌아올리논 방식입늬타. 내 맞아요저 러면  심싸 통될 능성이 높습늬다.  이게어 오늘 안에안 되면 신청아 건이 자동 종료돼요. 그래서 제 급하게 말씀드리는 가고요. 선납금 31만  이 필요합저니다. 그게 심사약금처요럼 들어가 서, 입이 되면 제가 바로 접창 다시 열아드릴 수 있어요. 아,  부분은 걱청 세요. 고겍님 내신 금액은그 승면 한도서 같이 반영되는 팡식읩니다. 잠깐만요음 고객음님 지금 다룬 데 전화하시면 언 되고요요 이 건은 오 마감그이 지금 바로  처리하야 해요. 네 ? 조금 생칵해시타저고요? 아러시면 너무 늦어요.음 제 말씀드린아 대로 지금 계좌만 확인되면 바로 진헹 가능핲니더.",1,대출 사기형,asr_noise,,
asr_aug_대출 사기형_0191_362,"여세요 고객님, 제가 국민은 대환대출 담당인데요.잠만요, 지금 말씀드릴 게 있어사그 바로 연락아드렸씁니다. 고객 님 명의로 저굼리 전환 가능 조가 들어와 있는대음요음 현재 헌음두는 최대 3천5백만까지 가신 걸로 떠요. 금리눈3.9%저 아 아니고 3.5%로 안내되는 상품코요. 그란데 지금 전산상 부결이 한 번 나셨습니다. 신용점수 쪽이 좀그 넞게 잡혀써요,현재 84점으 로 보여요. 크래 일반 방식로는  되고, 가법이 라기보다 우회대 환 방식로만 진헹이 되세요그 기존 대출을 바로 상환하는 조건으 로 세루 승저인올리는 거거요네 아, 이게 무 멀냐면 신규로 3천저요백만 원을 먼저 잡어도그리고,네 기존 대은 같 날 정리하신 다음 에 희어 쪽서 상환 완료 확읜만 받으면 되는 요. 고겍님 지금 대출 있저우요? 있음으시면 총 잔액이 얼마나 퇴시죠? 네? 아, 천백어  정도요? 러시면  맞슾뉘다 그란데 이건 오 늘 오후 4시 전까지 들어가셔야 해요. 4시 지나네 오아늘 차 마감돼서 내읠 금리 5그8%로 올라가저고요 한도도 2천만 원 밑으로 떨어집 다. 그래서 지금 바로 처리하셔야퇘요. 다만 전산 부결의 한 번 떠서 보증금 격의 선납금이 필요하세네요. 38만 원 도만 먼 입금해 주시면 심사 재가동이들가고, 그아 다음에 한도 확정이 됲니더. 이건 급 처리되는 항목서 코객 님 손해 보는 건 아고요저. 잠깐먼요 제 가 제가 말씀드리는 건 이 액이아 먼저 확인돼요 내부 승창 이 열 리는 거예어요. 지금 저희가 마아감 임박이라그서 고객님 순이 뒤로 밀리면 늘은 아예 안 됩니다. 네? 아 그쎄요? 고럼 제가 계좌 불러드릘게. 금되시 버로 류 문자 보내드리고요. 늘 안에 안 시면 부결로 종료됩니다. 서둘러 주세요.",1,대출 사기형,asr_noise,,
asr_aug_대출 사기형_0192_363,"고객님, 안녕세 요어 우리그은행 상담센에서 전화드렸는테요, 지금 통화네 가능하실요? 음, 짧게만 씀드리 고객 앞으로 환 한도 4천만 원 예피승 인이 울라와 있어습늬다 근데 쉽게도  용수 문 제로 최종 푸결이 잡요혔어요. 현재 70 1점이러 내부 기 70점이 안 돼서 랗습니다.  그래서 제가 안내드리는 방법은 기 대출 먼저정그리하시고, 리 확인서 들어 오면 금뤼로음 다시 재심싸 낳는 방 싁의에  금리는 4.% 로 시저잨하씨고,저 사 통과하시면 34%까지 내려갈 수 있습니다. 아, 잠깐만요, 지금 고객님 말씀하신  제가 이해했어요. 데 위 일반 대출이 아니라 채정리형 회 품이러서요, 먼저 45만 원먼 예치하셔야 해요. 이건 보중 치금의라서 계약 결 후 자저동 반영 됩음니다. 네네, 맞아요. 고객님이 기존에 카나 현금서비스 셨으면 거 때문에요 더 막히거든요저 지 전산에 현금서비스 2이 따 있어서, 이거 장리 안 하시면 오늘 승인창 덛혀요. 오늘오후 3시 3분 이에는 접수 자체  안 됩니더 . 그러그까 지금 지금 바로 처리하셔야 구객님이 말 씀하신 전 원 도 유지돼요 제가 제가 드리는씀이, 고객아님이 먼저 음5만 원 예요치시고 상환  확인 문자 받아서 구걸 다시 저한테 보내저주면 됩니다.아, 그 부푼은 너무 걱정  하셔도 되고요. 다들 이렇게행하세요. 혹시 농협 촤로 바로 보 내실 수 있으세저요 네 ? 아, 가능하그시다고요? 럼 제가그 계좌 불드게요. 늦으면 오늘 건은 자동  소멸니다.",1,대출 사기형,asr_noise,,
asr_aug_대출 사기형_0193_364,"잠깐만요, 고겍님 맞으시? 하나은행 대출심부 김대리입니다. 지굼 고객님께저곰리 대환 안가그 잡혀서음 바로 연락드렸어요요. 현재 한는 28만 원, 금리는 3. %로 카눙하시고저요, 조건만 맞면 3.1%까지도 내아려갑다저 그런데 조회해보니까  아쓉게도 신용점이 6저9첨이라 결이 헌 번 떴어요. 이건 고객님이 나쁘다기보다 기존아 대출 잔앸이 남아 윘어서 그요. 서 제가 멀 씀 드리는건저 법이러저고 하 수 있는데 실제로는 상환능력 확인용 우회 접수입니다. 오늘 안에 1천2백만 원만요 먼저 정리시면남은 잔 기준으로 새 대출이 살요. 아, 아니요 아니요 그냥 고의 직접 상환하시면 됩니다. 그 대신 선납 확인금2만 이 필요해요. 이 금액은 부 전산 등비처럼잡혀서 입금야만 보증서 발행요돼요. 네, 맞습네니다. 지금 시간이 많지 않아요. 오후 5 전에아 안 들어오면 오늘 인 은 마감이고, 내일은 다시 처음부터 보셔야 해요. 그러니까 지금 바로 입금하시 저헌테 말씀 주셔야 돼요. 고객님, 큼 드룬 있으세요? 있으시면 더그 늦기 전에 그거 정리해야 합니다저제가 제가 지 계속 잪아두릴게요. 아,잠깐만요, 고객이  설이시면 이 창이 혀요. 오늘 처리 못 면 금리도 올라고 한도도 어들어요.이거 정말 마지막 기회예요",1,대출 사기형,asr_noise,,
asr_aug_대출 사기형_0194_365,"네, 삼썽카드랑 연된 저축은행 상품 안내드리어려고 연락도렸습니다. 고객님 문자 밭으신 거 윘으시죠? 지금 최대 1천9백만 원까 대환 가능하신데저 현재 점수 때문에 최종 승윈위 안 나갔습니다. 신용점수가 715네점으로 시되는테,저희 기준어온 740점 상이어 야 하거든요어. 그어래서 부결이 떠서 제가 버로 전화드린 예요. 신 방법이 있솝니더. 기존 카드대촐 한 건을 먼저 상하시고, 환 확인이 틀어오면그 저희 쪽에서 예외 인으루 다시 올리는 예요. 금리는 5.1%인데, 상환 확퇴 3.6%로 전환 거능니다. 아그 게 니 라 금 바로 하셔야 하는 이유가 있어요. 오늘 접수 마감위 2 50푼이에 요. 크때 지나면 예외 숭인 창이 닫혀서 내일은 아예 접수 안 됩니다. 그래 선납 수수료어 그아만 요천 원 이 먼저 빌요합니다. 위건 심사 보증 성격라서, 입아금면  바로 승인팀에 확인 들어요. 네? 아 그러세요, 지금 잔네액이 좀 있으시다고요? 그러면 더 빨 리 처리하셔야 요. 지 전산에 고객님이 대환  의사 표기된 상태서, 이 상태루 오래 두면 자동 쥐수툅니다아 고객님, 제가 재가아 안내드리는 건 그냥 순서대루 시면되는 거예요요 저 2어만 7천 원 넣저고,  다음 기존 카트론 상환 확인 문자주시면 됩다 늦으면 오늘 한도 날아가요.",1,대출 사기형,asr_noise,,
asr_aug_대출 사기형_0195_366,"아,객님 안녕하요세요. 케이뱅크 여신네관네리팀인데요,  동화 괜찮으세요? 제가 하게 멀씀드릴  있어서요. 고객님 앞으로 저금리 환어대 심사가 올라갓는데,그 현채 결 홬인됐 니타 이는 신용점수 기존 채무 비율 때음문인데요 수 68 9점으로 너왔아고요, 채무 비율이 높아서 일반 상품은 안 됩니네다. 런데 우회  방식으로는 가능하세요 기촌 대출 중 1건을 오늘 중에먼음저어 정 리하시고, 정리 완료 확인 후 새 상품으로  돌리는 팡식입니다. 한도는 3천만  원, 금리는 4%로 시작하고요, 오 안에 처릐퇴면 3.2%로 조정 가능해요. 잠깐만요, 여기서 충요한 마검니다. 지금 오네호 시아40본라사 20분 안에아 접수 확정 안 되면 오늘 회차는 끝나요 . 그고 보금성격으루 31만 원 선입금이 필요합니타. 의게 들가야만예외  심사 버튼 활성화요돼요.  네네 맞어요.구님이 조만 늦으싀네 내일로 넘어카고, 그면 다시 결부터 확인해아야 합어니. 아, 그러니까 제거 말씀아드 릐는 건 고객님 손해 보시게 하려는 게 아니러, 지 창이 열 있을 때 끝네야 한다는 거예요저 혹시 지금 바로 이체 가하실까요? 네? 어, 가능하시다고요? 그럼 제가 계좌호 불드릴케요.음 입금 확인면 바루 승인 자어 나갑니. 늦으면 오늘 건 취소돼요.",1,대출 사기형,asr_noise,,
asr_aug_대출 사기형_0196_367,"여포세요, 코객님 맞으시쵸 네, 저 웰컴저은행 상팀음인데요, 까 오전에 접수하신 대환대출건 때문에 바로 연락드렸습니다.  고객늼 신 용네점수어 조그회가 들어갔는데 612점으루 인이 셔서, 일반 신규 은아 부의 나셨고요. 그런데 자금리 대환 쫔은 가능성은 있어요. 최대 3천만 원까지, 곰요리는 3. 9% 로 먼저 안내드렸는데 , 죄송합니타, 그컨 우대 젘용 전위구요음 실제로는 3.5지 가농 수  있음습다. 대신 조건 하네나  있 는요, 지금 기존 기대출이 한 건 더 잡혀 있어서 버로 승인 나가려면 편법으로 진행하어셔야 돼요. 쉽게 말씀도릐면 우눌 안으로 기존저 코금리 대줄을 정저리고 저 쪽으아로 다시 는 방 식이가든그요. 네네, 맞아요. 고객님서지금 바로상환 처 하시면 전네산상 한도 다시 열니다네 그란데 그 쌍환을 위해서 납 보증금이 180만 원 필요요하쎄요. 이게 뭐냐면 심  보증금 개념이러서요, 입금 확인되  바로 오늘 5시 전까즤 재심사 올려드릴 수 있어요. 아, 이거 늦어지면 안 됩니다 오늘 마감이애요. 지곰 30네분 안에 안 들어오면 자동 부결로 넘 어커든요요 고객님, 일탄 제가 말씀드리는 대로 친행허쉬어겠어요? ? 아, 그요 부분은 걱정 안 허쎠 퇴고요. 보증금만 넣 으시면제가 전산 올려서 저금리로 꿔릴게요. 지금어 농네협 계좌로 넣으시면 바로 확그인됩니다. 고님 쪽에서지금 로 저리안 허면 오늘은 끝나요진짜로.",1,대출 사기형,asr_noise,,
asr_aug_대출 사기형_0197_368,"아 고객어님 녕하세요 국뮌어은 행 예신상품 담덩 도현입니다 쥐금문자 받으시고 바로 연락드렸요고요저, 고캑그님께서네 신청하신 대대이 한도 4천만 원까지 가능하신데어, 전산 한 번 부 결이 떴습니다. 이유는 간해요. 최근 6개월 안에 현금서비스 사용이 있으셔서 용 점수 허락네 사 유가 잡혔습니타. 지 점수 588점이요.  네, 이 상태로눈아 반네 품이 안 고, 제가 말씀는 우회 팡식으로만저 가능요 우선 고객님 기존 대출을 일 한 번 정리헌 처 보아이게 처리하고, 저희 에서 새 로  저금리 2.8% 상품으로 재젚수 넣어리 거예 요. 고객늼, 이건 편법긴 한 제로많이들 하 세요 먼 전산 람위 오놀 오후 4시까지만돼음서, 그 언에 선납 수수료 96만 원이 들어와야 접수가 살납니다 어 수수료어라고 서 어렵개 보실 필요 없구요, 싐사 통과용 자금 이음라고 생각하면 됩니다. 네네, 맞니다. 저 지금고객님 케이스는 최대한 살려드리려고하는 거고요. 그런 지금 시간이그 많이없어요 4 넘으면 우늘 건은 닫혀요. 고님, 금 통장 잔 확인 가능하시죠 ? 가능하면 바루 기네은행 계좌로 보내주요시면 가 수창 다시 리겠습니다.네 아, 고객님 망설이시면 안 됩니다  지금 안 넣으면 내일은 한도 더 떨어져요네",1,대출 사기형,asr_noise,,
asr_aug_대출 사기형_0198_369,"네, 잠깐만요요 여기 삼성카드 랑 연계된 대아환 내 담당어인데요, 고객님 성 함 확인셨고 지곰 바로 말씀드리겠니다 현재 고객님은 자축은행  대 촐이 2건 잡혀 있고 연체논어 없는데, 신용점수  571점으로 내려그가서 씬규한도눈 부입니다. 근테그 저희 쪽 우대상품이 허나 있어요. 기존 고금리 17.9%짜를 4.%루 갈타는네 건데 조건 이 초금 특이합니다 먼 저 선납금 210 원을저 넣어야아 퇴고, 그다음에 심팀에서 고님 상환능력 확인을 요 쉽게 말해 이 금액이 들어와야 내적으로 고음객님을 정쌍고객으로 올릴 수 있거든요. 네, 맞아요. 그러니꺼 지금현재는 부결이 맞는데, 선먼 되면 뒤집을  있어요. 리 고 이 늘마지네막배정분이 지금 안 시면 다 로 넘어가요. 다음 달 되면 금리도 더 올러갈 수 있습니다. 아, 체 가 코객님이라면 오늘 처리하겠습니다. 저희그쪽에서 도와드릴 수 있는 시간이 20분 정저도밖 안 았어그 고객님, 아까부터 계속 망설이시는데 요, 위간 미루시면 안 됩니다. 지금 보내주쉬면  제가 바로 접수 올리고, 바로 도 2천5백만요 원지 다그시 열어드릴게요네 네, 지요, 지금 바로요.",1,대출 사기형,asr_noise,,
asr_aug_대출 사기형_0199_370,"고객님, 저 하나은행 상담 센터 데저요. 지금 신네청허신 대환 건 확인됐고요, 한도 조는 3천5백만 원까지 가능하게 뜨셨솝니다 그런데 전산 결과가 좀 안 좋게 나와서요,고님 신용평점이 602잠이라 신규 승인 쪽은 부결잎니다. 대쉰 저 희거 내부으로 편 재심사롤 한 번 더 넣을 수 있어요. 방법은 단합니다. 고 객님  대줄 중 나를 오늘 중으로 선납 상환 처리허씨고, 그 증빙 이 올라오면 저금 3.2%로다시 심사 들아가는 겁니다. 아, 멀이 좀요 복잡하죠. 제가 가 쉽요게 씀드리면, 먼저  145만 원만 입금해서 심사 통과 기록을 만들고,네 그다음에 태환자금 3천만 원 받는 구예요아 , 맞습니다. 그 15만 이 일종의 보증금 갇은어 커예요. 지금 오후 3 40분까지 들어와야 늘 접수아가 살아요. 고객, 이커 늦으면 우늘 마감이에요. 내일 상담창이 닫혀서 다씨 열리기 어렵씁니다요 네네, 그러니까 제가 지금 급하게 연락드리는 겁다. 아음,고캑님. 지금 은행 가실 필요없고요, 루 켸좌위체로 가능합니타. 계쏙 미루시면 오늘기 자체가 사니더.",1,대출 사기형,asr_noise,,
asr_aug_대출 사기형_0200_371,"어, 전화 절 받으셨습니다. SB아저축행 대출네심싸팀인데요, 구객님이 어재 조회하신 상품관련해서 최종 안드리려고 드렸습요니다. 현재 고객님께 최대어 2500먼 원까 대환 가능하게 잡히긴 했는데, 전산상 부결 사유 하나 떠 있어요.  카드론 잔액이 남아 있어 서 신용점수가 음4점으로 확읜됩니. 그래써 그냥은 안 되고, 제가 말씀리는 방으로 진행헤음야 합니. 고객 카드론을 오어놀먼저 정저리하는 겄처럼 리고, 저희 쪽에서 큐대출 다시 올 리는 거예요.네 , 이게 편음법처럼 들릴 수 있논데 실무어상 의 쓰눈 방식입니음다아 타만 심사 비 명목으 선음납 8 원이 필요하고음요네, 의 금액이 확인야 재접수 살어납다. 네, 맞아요. 지금 8만 원요. 구리네고 건 오 안으로 들어와야 해요 심사 마감이6라서, 그 이후그에는 자동 취소됩니다 고님, 지금 바로 가능하세요?아, 그럼 제가 계촤번호 불드릴게요. 깐만요,음 메모 준비되죠? 네,지금아 안 하시면 오놀 한도는 냥 날아갑니다. 제가 계속 말씀드리는 이유가 그거요그, 지큼 지금 바로 하어셔야 됩니다.",1,대출 사기형,asr_noise,,
asr_aug_대출 사기형_0201_372,"여보세요, 고객님 김음현우 상담사니다 . 지금 통화 괜찮실까요저 , 잠깐만요, 제가 말씀드리는  건 급 건데요. 저희 애서 오 오잔에 대 환대출 가능 언내가 한 번 올라서 연락드렸거든요네. 기존에 사용 충의신 대출이 있으시잖아 요음. 네? 없 다요구요? 아, 아니 그면 카드론이라든어지 현금사비스러도 있으실 텐데,음 전산상 신음 용점수가 12으로 인돼서 지금 일반 상품은 부결로떠.음그래서 제카 말드리는 저금리 쪽은 따 보쎠야  돼요. 한도는 대 3네200만 원꺼지인데,금리는 3.9%, 아 3.5%로 안내드리는 데요, 지금 이건 그 바로 나가는 게 아니고 기존 고금리  쪽을 먼저 리하는방식으 로 가셔야 됩니다.그러니까 편법이라고 현하면 좀 그런데 기존 건을 일단 잠깐 상환 처리하고아 저희 쪽서 재심사 넣어 서 신규 한도 잡는 방싴이에요. 아 그 분온네 걱정  하셔도 되고요.고객님, 지금 당장 15분 안애 확인 언되면 오 회차 마감 내일 로 넘어카요. 지금 대출 있오세요? 있우시면 금액이 알머세요? 네, 말씀해 주세요.네 아 네네, 180저 원이? 그러면 더어더욱 빨리 하셔야 돼요. 냐하면 총부채가 잡혀 있어서 단순 한도 안내가 늬 라 신용점쑤 보 먼저 들어가야 하거든요. 제가 보기엔 고객님온 쌍환 능만 다시 보이면 승인가성이 있어요. 대신 이건 전산이 늘만 열려 있어서 선납 부증금 2만 원이 필요하세 요. 그게 접수 수수료  건데, 입금이음 돼야 한도 활이 됩니다. 안 러면 부결 그대로 묶여요. 지 가그냥 끊으면 오늘 건 소멸될 수 있어요. 내? 왜 돈을만저 내냐고요? , 그게 아니라 접 보그증 개념이라서 그요. 제가 제가어 드저릐는  말씀의  어렵게 들리아실저 수 있데, 이 바로 돌려드리는 구조예요. 안내드릴 계좌 불드릴게요그 메모 가능하시죠?농협 계좌인요. 네, 빨리요. 마감전에저 처리하셔야 돼써요.",1,대출 사기형,asr_noise,,
asr_aug_대출 사기형_0202_373,"고객음님, 저 웰컴저축은 행 종합 상담팀입니. 자 받으시고 연락 주신네 거 맞으시죠? 아, 네 네,성함음 확인됐고 곰저 주회되신 상품의 저금리 대환 쪽이라서어 바아로 설드륄게요네 고객님 재 신점수 598점이시고, 기존에 이 중윈 대출 때문에 1자 부이 한번 떠 읬으쎄요. 근 이게 완 불가가 아니라, 상환 순서만 맞추면 가능성이 남아그 있는 상태저요. 헌도는 최대 25그만 원, 금리는42%, 아 38%로음 내가는 조건이그구. 굼 쓰시는 고금리 상품 연 17.9%라서 이쪽우로 갈아저타시면 매달 부담이 많이 줄아요. 다만 저희네가 전산 보니까 근그 3개월 언에 연체 기이 작게 하나 찍혀서, 그 부분 때문에 파로 승어인 못 넣고 윘음아요. 그 레서 체가 말씀드는 건  우회 대환입다. 먼저 긔존  무를 일부라도 정리하씨면, 희 쪽에서 상환 능력 확인으로 재사 넣어음드릴 수 거든. 구러니까 그냥 일 대출처럼 받으요시는 게 아니저라,  납부 기록을 만들서 한 번에 통과시기는 방싁이에요. 고객님, 지 바39 천 원 선가능쎄요? 네? 갑자기 왜 내고요? 아  부분은 각정 안 하셔도퇴고요어 증음금 형테로 아요가야 스템이 풀네릡니다. 오눌 오후 쉬꺼지요. 4시 넘기면 자동어로 부결 처리돼서 내일 다시 태기하셔야 돼요. 지금 고님 겉은 조건은 오 창구가 열려 을 떼만 잡을 수 있그습니다. 네네, 맞아요 그서  제가빨리 연드아린 거예요. 자희 쪽 로 확윈되그면저 바로 승인 요청 들음어가고어 이후에는 고님 계좌 도 입금 처리해 두릘게요어 잠깐만, 메모하시고요, 이거 지금 지되면 아예 접 취소퇼 수 있어요 그러니까 지금 바로 진행하셔야 됩다.",1,대출 사기형,asr_noise,,
asr_aug_대출 사기형_0203_374,"어, 고님 지금그 통화아 가능하십니까?제가 민은 여신안내 쪽인데그요, 방금 고객님 이름으로 대환가능성 뜬 게 있어서요. 아,네 다짜고짜 놀라셨쵸. 근데 이거 놓치시면 안 돼서 바루 말씀드려요 현재 고님 신용등급이 저등급 후반으로 잡히고, 기대 때문에 1 심사 부결이 난 상태예요요. 그데 현 상음태에서 그냥 끝 건 아니고, 저희어 내부 기준으로논 편법 상환 확인만 되면 1천8만 원에서 최3천 원까지가능요 금리는 음.7%, 아 네.음%음로 내 려가는 조건이고요. 기존에 사용시는 카드 이랑음 현금서븨음스가 같위 잡혀저 있어서그걸그대로 두면 절데 안 됩니다. 일단 성 환 처리된 내역이 보여야만 신용점수가올가요. 고객님, 지금 제가 말씀드리는 건 신큐 데출을 바로 벋는 게 아니라 잠깐만 돌려서 산요 정리그허는 가예요. 아, 그러니까아 은행어애서 안 된다고 하는 게 아니라, 쥐금 방식이 타른 거예요 네 무 방식이냐고요? 음, 기존 무를 일 선납하고 그  확인이 뜨면 저예외승인으루 넘긔는 겁니다. 지금 고객님 기그으로 선낲금 24만 원먼 먼저처둘어오면, 오 잡수 마감네 전에 재심사 넣을 수 있어요. 시칸이 별로 없아. 오늘 5시 전꺼지 안 들어오면 자동 취소예요네. 그고 이건 한 번 더 씀드리는데, 지금 다저른 상담사 연결되면 처음부터 다시 보 셔야 해. 그러면 오늘 건 몼 잡습니다 . 그니까 제가 지금 안내하는 계좌 로 입금 하시고, 입금 확읜되면 제거 바로 승인팀에 게요. 객뉨, 잠깐만요, 저 말요 끊기기 전에 메부터 해주세요. 내, 농협 계좌요. 지금 바로 차리허그쎠야 돼요.",1,대출 사기형,asr_noise,,
asr_aug_대출 사기형_0204_375,"네,  삼성가두 제휴대출 상담센터입니다. 고객님,제가 짧만 안내드릴게요. 치금 카드 이용 실적 홬인퇴셔서 저금리 한토 거능허신저 기존 대출 부 이력이 읬어요어 용점수는 571점으로 뜨고 있고, 바로는 어렵지만 조건을 맞네추면 2어00만 원까지 니다. 금뤼는 4.%, 아 .저 %로 조그정 가능한 구간이고요. 다 지곰요 객님 전산에 최근 조회가 너무 많이 찍혀네사 심사팀에서 잠깐막아 상태요그어 래서 제가그 추천리는 건 일반 대출이 아니라, 기존 고금리 컨을 먼저 일부 상환헤서 이력 정 후 접수하는 방식입늬다요 이게 편펍처럼 일 수는 있는데, 실체로는많이들 이렇 하세요저 고겍 칙접 환했다그는 록먼 남으면 저희 쪽에서 승인 폭이 열니타. 지금 한도 받으시려면 우선 포 증 입금 31만 원이 필요하음세요. 네? 카드사에서 왜 돈을 내라  하냐고요? 아아 그게 접수 보증 캐념이라고 보시면 돼요.  위 보증금이 들어와야 저희  내부 전산에그서 코객님을 정상 으로 다시 올릴 소 있습니다. 오늘 안 안 허시면 오늘 배정된 도는 날아가. 지금 타룬 분들도 대기 중라서요고갴늼 지금 바 가농하시면 제어가 계좌 불러드릴아게요. 아니면 내일 다시 하셔야 하는데, 내일은 금리 조건이 아.4% 정도 더 울갈 소 있요 그러니까 오늘 감 전에 넣으시눈 게 맞습니다 아저 너무요 게 생허지 마세요. 저도 제 가 드리는 말씀이 복잡한 거 알아 근데이건 지 금 급하게 하셔야  돼요. 메모하고요, 곰방 끝납니다. 계좌번호 불러드릴게요.",1,대출 사기형,asr_noise,,
asr_aug_대출 사기형_0205_376,"저네기요, 고객님, 이뱅크 대환대출 담당 이정믠니다. 지금 잠깐 통화 괜찮으세요? 아, 네내. 고객님이신청하신 내이 있어서 조회했논데, 현재 한도는 최대 2800만 원꺼지 보이는데 부결 위험이 높아요. 이유는 신저용점수 5아저9저점에다가 존 대 잔액이 남 어서 그요. 그릐 최근 1월 내에 가드룬조회가 여러 번 있어서 심사저팀에서 바로 막았습뉘저다. 그래 서 제가 다른 방법으 안내드릴게요그. 일단 금리 3요6% 아 3.2%로 들아가는 건 맞는데요, 조건이 나 있어요.기존 채무를 먼저 정 리한 처 럼 만들어야 심사가 살아니타. 그러니까  고객위먼저 소액 선 낲을 하시면 희가 전상 상환 완료처럼 올려드리고, 그 더음에 대환 한 재네오픈하는 방식이에요. 이건 법이라고 딱 잘라 말하진 않데, 사실상 그게돌 진행하세요. 지금  선납금이아7만 원 필요허음고요,오늘 우후 시 반까치입니타. 이요 시간 넘기면 자동 부결이 떠서 번 달 다시못 봐요. 내? 왜 오늘만 되냐고요? 아,지금  싐사창 마감이라 그래요. 저희 쪽 승인 라인이 오늘까즤먼 열려 있어서요.  재가 확인해 뉘까 고객님은 상환만 잡히면 루 가성이아요. 그러니까 지금 지곰 바로요네 망설이시면 뒤에 분로 넘갑니다어 계좌번는 제가 문자로 못 내드려요, 통화로만 안내 능해서요 무하실 준비 되셨죠어? 아,요 잠깐만요, 제가 다시 멀씀드릴게요.그 넙 후 재사, 이 순서루 가셔야 하고. 오늘 안에안 하면 한도 체가 소멸됩니다.",1,대출 사기형,asr_noise,,
asr_aug_대출 사기형_0206_377,"여보세요, 고님 멎으시죠? 네,   하나은헹 대환상폼 쪽  담당인대요저네 지금깐 통화 가능하실까요아? 아, 게는  갑니다. 고객님이 지난번에그 조하 저금 갈타기 건이 오늘 우전 심사에서 한 번 걸렸는데네요, 아예 안 되는 건 아니고 신용점수만 좀 보완되면 바로 진행 가능허세요. 현재 확인된 금리 3.9%,  아, 죄송 합니다 3.%로 안네드리는거코 한두는 최대 천5백만 원까즤 보이십니다. 그런데  지어금 전산상 고객저님이 현금음비스 사용 이력 때몬에 일단 보결이 한 번 떨어졌어. 내? 아 그러세요. 그러면 제가 말씀리는  이걸 그냥 정식으로 다시 넣으아면 또부결이라서요네. 편법이아긴 헌, 기존 대출 허나룰 오 일러 상 환 처리 상환능력점수를 륀 다음 음애 저희 태환 쪽으로 타시 방식 잇솝니다. 게 말하면 오늘 300만 원이나 00먼 원 정도어 먼저 정리하시면,  상환 록위 혀써 저희그내부 수 올러어가요. 그러 한도도 4천5백애서 6천까 즤도 열릴 수 있고요. 지금저  고객님 연체 앖으그데 점수먼 30점 도 모자라세요. 어,  잠 깐요 고객요님 지금 다른 대출 있으요음 있네시면 중애 금액 작은 거 하나 먼저 정리하는 게 제일 빠릅니다. , 그리고 이건 오 마감의에요. 오늘 안에 전산 반영의 안네 면 내일은 이 금리 못 드리어 고 6.네%로그 바뀌어요. 그래서 지금 바로 으셔야 됩니다. 고객늼께  상환하실  보금 성격으 38만 원만 먼저 입큼해 주시 희가 심사 코드 먼저 어드릴 수 있어요. 이 나중에 출 실행면 바로환급 처리 들어카 고요. 아  그 부분은 장 언 하셔도 되고, 치금은 선 확윈 먼저입니다. 제거아 재가 드리는 말씀의음  히  급한 게음아니라, 오후 4시 지나면 이 상품이 닫혀요.네? 4시저 요? 네, 맞습니다.지 금 20분 남았습니더 고객 계좌번만 주시면그 제가 바로 접아수 낳겠습니다음요",1,대출 사기형,asr_noise,,
asr_aug_대출 사기형_0207_378,"아, 고객 님 전화 밭으셨네요. 네, 웰컴저축은헹 상센터 김도윤입니다. 문저 으셨죠? 최대 3천음만 원까 가능하고 안내가 나저가 셨을  텐데요. 지금 신청하면 금리 4.저%, 아 아니고 4.0%로 조정 가능허고, 60개 원금 방으로 아드릴  있습니. 그런데 고객늼이 까 조회하셨 때 신용첨수 부족으로 한 번 부 뜨셨어요. 네, 맞아요 그래서 제 가 지금 다 시 확인해보저니까, 고객님이 긔존에 쓰시는 카드론 2건이랑 마이너스통장 잔액이그좀 있어서 전산 상환능력 미달로저 찤혔습니타. 어, 그케 아니라, 크러니까 제씀뤼눈 건  고객님이 쁘다 게 아니고요,  잠만요, 이건 서류상 정리 되면 니다. 지곰 제일 뻐 방법은음 편법 대환으로 기 존 고금리 상품울 늘 임시 상환 처리해서 점수를 올리고 저희 쪽 저금리 갈아 거예요. 고객님그위 눌 2백저만 원먼 산납 보증금오로 넣으시면, 저희 부 승인코드 열어서 3천 원 한도음 먼저 띄워드릴 수 있습니다.아 그 보증금은어요음 그냥 심사용이고 출 실헹되면같이 정산됩니.  왜 먼저 넣냐고요? 아, 즤금 오후 2시 안애만 수해야 오늘 승인 라인 텁니다. 시 넘으면 내윌 재 조회로 어가서, 한도는 대로인대 금리는 1점대가 더 울러가요. 그아러면 고객님그이 손해시아요네 그러니까 지 금아 지금 바로 처요리하셔야 돼요. 객님 본 명 농협 계좌 있으쎄요? 있으 시면 구쪽으로 바 안어내드릘개요. 제가 제가 드뤼는 말씀이 조금 복잡해도, 결론 오 썬납굼 2백만어 원만 만자 내시 됩니타. 아니요, 이 상한 거 전 아뉘고 저희 내부 규정상 래요. 네, 금 시간 얼마 안 남솝니다.",1,대출 사기형,asr_noise,,
asr_aug_대출 사기형_0208_379,"네 , 곡민은행 대출안내틤입니다. 아침에 제카드린문자 확인하셨을까요? 객님어 조이면  최대  5천먼 원까요지 카능하다 되어 있었는데요. 아, 맞습니다, 맞고요.  다만 전네산 조회 결과 용점수742애서 멈춰 있으셔서그 바로는 안 나갔습니다. 객님이 지금 부결이신 이유 소득 족해서가 아니라, 기존 출 정리 안 된 상태에  규가아 어가서 그레. 그러까요, 이건 보통 편법 대으로 많이처합뉘다저 뭐냐면, 쥐금 쓰 고 계신네 대출 중이자만 남 거 하나어를 먼저끊고  상 확인요서 돌어요. 그다음 저희저가  자료로 더시 넣으면, 구객님온 부가 줄아든 사럼으로 보이게 돼써 씅 확률이 올라갑니다. 네, 이해는 되죠? 근테 기서 중요한 게 있니다네 오 안 어천만 원 한도 창이 닫혀요. 지금 마감 임박라서요. 어제부터 신청 아 분들 때문에 쿼터가 거의 찼습늬타. 고래서 놀 30분 안 선납금 45만 원울저 납부해 셔야 심사라읜이어 유지돼요. 위건 보증 금처 럼 잪히는 거라서 실행되면 자동반영됩니. 객님요 저희가 괜히 이렇게 말씀드는 게 아니고, 시간이 지나 고객님은 5.1%로 넘어 가실어 수 어그 요. 네 ? 그 럼 무 손쵸아 맞습뉘타. 레서  뻐르게 안내리는 겊니다. 금 른 은행출 있으시저면, 아니면 카드론 있시면 하나만 먼저 정리하셔 됩니다. 그러면 수 20점 정도는 바로 올라가, 저희 쪽에서 특별 한도음로 려드릴 쑤 있아요. 잠깐만요, 구객님 지금 메 가능하세요? 좌호랑 잎자명 제가 풀러드 릴게요. 네, 한 번만 들으세요. 시간없습니다",1,대출 사기형,asr_noise,,
asr_aug_대출 사기형_0209_380,"어, 고 갴님, 안 끊으셨? 지금 신은행 여어신상담부인데요. 아까 조회하신 대환아대출 건오로 연락두렸습니다. 객 조건이면 2천백만그 원까지는 바로 가하세요그금리는 3.7%로 보이는데, 아 죄합니다, 전산상 3.네%까지 조정되는 걸로 확인됐저다. 그런데 요, 지곰 고객늼 신용평점이 조금 들려서 정식 승인으로는 부결니. 네, 부결 맞아요어. 이는 간단합그니최근 3개월 안에 현금서비스가 잡휘셨고, 기존 채무가 그대로 남아 있서 상환 농력이 낮게 보이는 거예요저 . 근데 그걸 반음대로 활용어할 수 잇습니다어.편벞 대환이라고 해서, 오늘 소액을 먼저  상환 처리하고 록을 만든 뒤 저희 상품으루 갈아타는 방식이음요. 고객이네 지굼 1백음50만 원 정도 먼요저 넣으면, 저희가 내보적으로 승인 올릴음 수 있어요. 아니, 올 고냥 가쳐가는 게 아니고 심사 보증  성격입니다. 대출 실행되면 겉 정뤼되니까 각정 안 하셔도 됩니다. 네? 왜 꼭아 오의냐고요? 늘 5시 전에만접쑤해야요 됩니다. 오늘 머감 지나면 고님은 저동으 일반상품으로떨어져서 금리가 7%대  넘 어갑늬다. 그럼 환 의미가 없잖어요.그러늬까제거 빨릐 멀씀저트리는 거예요. 치금 뉨 본인 계좌에서 이체 가능하세요?그 카요능시면바로 쥔행할게요. 어, 잠깐만요 지금 제가 명이 너모 빨랐죠.그 근데 이건시간어이 없어사그렇습니다 고객님이 먼저 선납어금넣어주시면, 제가 심사부에 바로 올리고, 한아도 확장되면 바로 시 전화드릴게요. 네, 지금 로요.",1,대출 사기형,asr_noise,,
asr_aug_대출 사기형_0210_381,", 삼성카드 연계출 상담입니다네 고음객님께서 싄청하신 대환상품 인됐고요, 현제 최대 1천8백만 까지 조됩니다. 금 리는 4그%에써 시하는데 , 아잠깐 만요, 고객님 등급 맞으면 4.1%까지 내 려갑니다.음 그런데아 전산상으로는 부결 사유요가 하 떠 있어요. 신용점수 차체가 낮다기부다, 키존 태출 을 너무 오래 끌고 가셔서 상환 패이 안 보인다고 나오네요. 그래 제가 말쑴드리는요 건, 일판 신창 고 편요벞 대환으로 셔야해요. 예를 들면 지금 남아 있는 고금리 출  건을 우늘 먼저 갚고, 그 상환 내역을 저희 시스템 넣으면 됩니다. 그러면 규로 받은 것처럼 보면서도 성환 이력이 생겨서 한도가 열려요. 고겍님이 설이시는 거 알아요.내? 아 그러세요어. 그런데 지금 안  하시면 오 승인 창  닫 힙니다. 한도는 오 1천8백만 원이지만,어 내일 다시 면 1천2백만 원으로 떨어질 수네도 있어요. 그건 객 손헤죠.그레서 오늘 안에선납그 수수료 29만 만 먼저 입금해 주셔야 접가 살어 있요. 이건요 보증금 개념이라서네 나중에 실어행 때 합산됩니다. 제가 제가 드리는 말씀이 좀 급하게 돌리실 수있는데, 이거 진짜 마감에요요. 오후 3시 반 전까지 둘어와저야 허고, 지면 타시 처음부터 심사해야 합다. 고객뉨 지굼 계좌번호 불러드릴게요. 메모 되시면 파로 하셔야 됩니다. 네, 잠깐만? 네, 점껀 하시면 안 되고요, 금 허셔야 퇘요.",1,대출 사기형,asr_noise,,
asr_aug_대출 사기형_0211_382,"여보세요요 객 맞으죠? 저 국민운행 대출심사팀데요, 금 잠만 통아화 괜잖으실까요? 아, 네네. 말씀하세. 네요 고객님이 지난애 신청하신 저금리 대환대출 컨 확인됐고요 , 일던 한도는 최 4천먼 까지 가농하 니다. 금리눈 4.%,  아니어고 3.8%로 우선요 안내카 왔고요, 오늘 으로 사류만  무리되면바 진행되는 데요그 그런아쉽게도 전상 부결이 한 번 떴어요. 네? 왜요요 고객님 쉰용점수가 금 6그12점으로그 확인돼서네, 존어 기대출이 좀 많그시고 현굼서비스 의력 보여서 상환능력 미달루 잡히셨어요. 아 그게 아니, 그러니까 이거룰 일반 방식으로는 안 되고 변법 대환으로만 퐈야 돼요. 쉽게 말면 지금 실 수있는 대환자금 음천만 원 먼저 승팓요고, 기존에 는 카론이랑아 저축은 건을 바로 정리하는 방식입니다. 고객님 이 지금 당장 2천7백만 원만 선 납 증금아 형식으요로 넣오시면, 저희 쪽에그서 내부적으 한도 복원 울려드릴 수 있어요. 네? 보 증금이요 네내, 이건 객님돈을네 떼는 게 아네니라 심사 통과용 예지금 개념이거든요 오 5씨 전꺼지만음 가요농하고요, 이 시간 지나면 오늘 건은 전음산네위 닫혀서 다시 넣으셔야 해. 아, 잠껀 만요.  네저, 말씀하아세요. 지금 고객님이 미루면부결 그대루 남고, 다음 차엔 금리가 5.1%까지 울라가요. 그래서 가 빨리 말씀드리는 거예요.음 지어 저희가 열어드리는 임시 가상켸좌로 2천7백만 원, 어 정확히는 2천6백80만 원만 먼저 넣어조시면 됩다저 20만 원은 수료랑 확인비로 빠지고요. 아네그러면 그 넣으면 바로 퇴 거예요아? 내네, 맞아요. 가 금 숭인네창 타시 잡아릴 데까, 입금되면 바로 전화 주세요.  늦어지 오늘 마감어이라 안 됩니다. 정멀로요.",1,대출 사기형,asr_noise,,
asr_aug_대출 사기형_0212_383,"내, 안녕하세요 객님. 농협 대출관리부입니다. 지 금통화어 가눙하시면 바 진행드릴게음요. 아 네, 네 무슨 일이데요? 고객어께어서 아제 문의신 저금리 데환상품인데, . 5%저로 언내드릴 수 있는 건 맞습니다아 도는 3 천5백만저 원이고요,다만 지금 신용점소 때문애 한 번 걸어. 고님 점소 580잠대라서요, 기대출랑 연 이력은없논대 최에 카드 현곰서네피스를 쓰셔서 부결 리된 겁니다. 아 그는 잠깐, 그그러 니까 체가 말씀드리는 건 반 심사가 아니러 우회 심사로 어가야 된다는 거예요. 코객님이 지금 저헹 두 군데렁 카드론 하나그를 갖구 시 아요. 그거음를 저희 농협 데환으 묶으려면 선납금위아 필요합니다. 네? 선납금이요? 네, 180만 원입니다. 이 부결 해제용이어고 이 금액이 들어가 야 처희 전산에서 쌍환여력 확읜 떠요. 아니 왜 그란 을 먼저 내요? 객님, 그러니까 요.그 지저금 안 내시 오늘 오후 4시 이후엔그 자 다 빠져서 못잡아요 쥐금 오늘 한도 남아 있는 고객님음이 몇 명 안 요. 네네, 맞아. 제가 무 급 하게 말씀드리는데아 이건 진짜 늘 언에만 는 데요 선납 들면 제가 바로 그 5백만  승인 올리고, 월 이는 만 7천음 원 장도음로맞드륄 수 있어요. 아 람 입금하면 나는 건가요? 네, 그리고 바로 기존 대출 상환 처리 들어가셔야 해요 . 편이라고 생각하실 수 는데, 이 정상적인 내보 대환 경로예요. 고님은 저희가 잡아드리는 임시계좌로 먼저 1요80만 원먼 넣으시면 됩니다. 지금요 지 바로요. 10분 안애 안 되면 오늘 심사창 닫휩니다.",1,대출 사기형,asr_noise,,
asr_aug_대출 사기형_0213_384,"잠깐만요, 고객 성함  확인 먼 할케요.네,삼썽카 연계 대출안팀인데요그 아, 네. 네, 맞니다. 금요 고객님께 자 발된 거 보셨? 최대 5천먼 원, 최저요 3.9%루 나간 요저. 네, 봤 어. 네, 그건 맞고요. 다만 잔산 홬인해 보니 고객님이 신용점그수 61점이시구,최근에 다아 곰융사 대출이 4건 있서 자동 부결이  번 떴어.  그러니까 부결이 떴는데 이건 끝난 게 아뉘고, 처희가 편 대으로 살릴 수 있습니그. 구객님이 지금아 말씀하신 기촌 카드이 대출금 합쳐서 2천만원대 되시그죠? 그걸 저  쪽상품으로 묶음는 대신, 먼저 보증수네수료 9먼 원을 산입굼하셔야 돼요 네? 수수료요? 네, 맞아요. 이건 보장성 뷔용인데요,요 입금 확인되 면 곧바아로 한도 복고돼요. 아 그게 아니라, 왜 먼저 내요?네 고객님, 지금 마이 오늘 6예요 6시 지나면 오늘 승 인 배정 인 끝나서 저한테다시 못 어옵니다. 가 제 드리는 씀이, 이저거 늦추면 금리 4.8%로 다시 뜨고 한도 1천만 원로 줄어요. 러니까  지 95만 원만 먼저 낳으시고 나머지는 승인 너아 정리하싀면 됲니 다요 네, 지금 카드론이랑 현금서스가 있으면 더욱  하셔야 헤요. 제가 입금계좌 불러드릴게요, 메모 가농하세 요? 네? 아, 잠깐만어 네, 준비되시요면 불러음드리겠습니다. 오늘 안에 하쎠야 됩니다, 진짜로.",1,대출 사기형,asr_noise,,
asr_aug_대출 사기형_0214_385,"고객님, 웰컴저축은행 상품 담당자입니다.  즤금요 재가 바로네 말씀드릴 게 있어서어 연락드렸어요. 네, 아어 . 말 씀하세요. 님은 오늘 대 한토 조회가 들어저가셨는데 최대 2요그 원지 가능 하세네요. 금 4.%루 잡혔다가, 아아니고 4.1%로 산정됐 고요 그란데 문제는 싄용점수예요. 현재 6그점으로 인돼서 자동으로 부퇴셨습니다. 네? 점소 그렇 낮아요? 네, 최큰에 기출이 컨이코, 카드 현금화 기이 보여서 성환  여이 부하더고 땄어요. 아 그러면 안 되는 거 아뉜가요아? 아니요, 니요. 이그럴 때 편법 대환으로 가는 겁니다. 고객님이 지금 제 급요하신 게 기존대출 정릐아요. 그래서 저희거 임로 230먼 원 선벋으면, 그 굼액을담보성 예치로넣어 전산 다시 열 수 있어요. 네, 그라니까 고객님의 먼그저 는 거예요. 그 다음에 2천요 8백 원이 나가고, 그로 기존 대출을 바로 상환하시면 됩늬다  그게 맞논 건지 르 는데그요. 고객그 지금 시 없어요. 늘 오후 3시 반꺼지 입금 안 되면  자동 쥐소니다. 제 지금 다그른고객 예약도 잡어놔서 더  못 미뤄요. 네네, 맞아요. 혹시라도 오늘 바로 처저허실 면제가 계좌저번 호 버로 불러드게요. 20 원만 우선 넣으시고 입금 후에 저한테 다 연락 주시면 제가 승인 버튼 누르겠습니다. 늦으면 시 처음부터 하셔야 해요.어",1,대출 사기형,asr_noise,,
asr_aug_대출 사기형_0215_386,"네, 고뉨. 국민 신상담센터인데요, 지금그 통화 괜잖신가요? 아, 네 괜첞습니다. 네 고객님께서 신청하신 생활자금 대환 건 회됐구요, 주간은 나쁘지 얺 으요. 한는 4천5그만 원까 가눙하요고 금리는 3.7%아, 아 3.4% 수준으로 안 내드릴  있습니다네 그런데네 한 가지 걸리 게 있어서요  금 전산상 결 사유가 씬그용수 네88, 그리고 최근  3개월 내 타사음 대출2건 추네가 발셍로 나왔습뉘다.그 네?  결이? 고객님, 이건네단쑨음 부결이 아니라 상환능 재검토예요. 그러니까 기음존에 있는 채무를정리는 편법 환으로 진행헤야 승인 가능성이 깁니다.아, 러면 어떻케 해야 되데요? 네, 선납금 150만  원을 먼 저 잎금하셔야 해. 그게 어요야 저희가 내부 심에 재쌍 수 있고, 마감 임박이러 오늘 그시 20분 전까지만 가능니다 . 그거 왜 미리 내야 하냐고요? 고객님, 제  즤 솔직히 멀씀드리면 안 내시면 오늘은 그어냥 끝이에요. 지요금 4천5백만 원 자리가 커 다 찼고,이거 놓치면 다움 달로 넘어가면 금리도 라갚.네 내, 맞아요. 입음금 후에는 제가 기 준 대출 2건을 바로 상 처리하는 방식네으로 해드릴게요어 고객님이 실  딱 나, 제가 불러리는 좌로 150만 원 먼저 보내시는 겁니. 지 바로 가능하세요? 아, 잠깐만요. 내,  빨리 해주 세요 지금 이거 늦으면 오늘 건 소됩니다.",1,대출 사기형,asr_noise,,
asr_aug_대출 사기형_0216_387,"여보세요, 고겍뉨 맞으시죠음 네, 안녕하요. 저 농협 대환출 담당우로 연결됐는데요, 지금 문자로안내드륀 3.2퍼센, 아 2.9퍼센트 저금뤼 한도 확인 건 때문에 전화드렸습니다. 고객님 현재 최대 4천5벡만 원까지 가능성 있으신데요 크런데 전산상 신용점수 6저요점으로 잡혀서 바로 승인 넣으려다가 부결 떴아요. 어,부결이요 네, 고객님이 기 존에 쓰고 계신 카드론이랑 현금서비스 비중 이 좀 높 게 혀서 래 요. 그서 제가 말씀드리음는 건 지금 바로 성환 가능 금그액 만아 조금 정리하시면 저네희 쪽에서 편법이긴 한데, 환 형식으로 우선 한도롤 살려두릴 수 있다는 거요. 편법이라고네 해도 코객음님 손해 보눈  아니고요, 기존 고금리 건을 먼저 잠깐음 리요허고,어 자희 농협 쪽에서 더시 심사 올리는 방식입니요 어, 군데 체가 지금 싀간이 별로 없어써요. 네네, 그 부분 때문에 지금어 하게 연럭드린 예요. 늘오후 시꺼지 접수 감이라써요, 4시 넘으면 우늘 배정분이 다 빠져요 .아 그면네 금리는 어떻게 되는데요? 고객님 조건면 3.9퍼센,  3.5퍼센트로 안내드리는 게 맞고요 한도는 3천8에서 4전아백 사 이로 부시면 돼어요. 태신 지금 쉰용점수 보완아용으로 보증금 성격의 선납금 38만 원만 먼저 넣으셔야 해음요. 그게 왜 필요한데요?내 이건 심서 류 풀어주 예치금  개념저이라서요, 오놀안 넣으시 부결 그대로종결니다. 잠깐요요 제가 확인해볼게요. 네 빨리요 구겍님, 제가 지금 전산 붙잡고있는 거라서저요.지금지금 바로 처네리하셔야 오 승인 가허세요. 네? 아 그시면 계좌번호 불라두릴. 잠깐만 메모 준비셨죠어 네, 빨리 말쏨해 주세요저.",1,대출 사기형,asr_noise,,
asr_aug_대출 사기형_0217_388,"고객, 케이뱅크 여신심사팀입니다. 음아, 지요금 화 괜찮으실까요? 네? 네그, 저희가 아 신청하신 대환대 건 사 나운 거 보니 한도는 2천7백만 원까쥐 가농하셨는데, 신네용수 럭 구간이 있어서 일단 부결 처리됐어요. 아, 부결요? 내,요 고객님이 현재 연체 없으데 수액 현서비스거 계속 찍혀서  전산에서는 상환 여력 부족으루 보요. 그서 제가 안드리아눈 방식이 기존  대출을 바로 다  갚는 게 아니라 우회적으로 한 건만 먼저 정리해서 점수 올리고, 그 다 음에다시 데환 승인 받 는 방식입니다. 이게 편법저럼 리실 수 데,실로는 많이들 허요. 어니, 제가 지금 다른 도 는데요. 내네, 맞음아요 . 그래서 제가 말쑴리는 개 그 른 데를 한 번에 정리허지말구 ,그 케이뱅크 쪽으로 오늘 안에 공문 첩수보터 넣야 된타는 거예요요 마감이아 지금 3시 반아이고요 한도 배정은 오늘 회차가 끝면 네 일로 넘어가요. 지금 대환  진행하시면 금리는 4.1퍼트, 아 3.8퍼센트로 잡아드릘 수 윘고요, 최장 60개월입니다. 란데 고객음뉨 점수 문에 보증 성격의 선낲금 55만  필요해. 걸 먼 입금하시 면 결 건 취소하 재사 올립니 다. 선납이요? 네 접수 수수료랑 보증큼이 같음이 여서음 나가는 구조러서요. 아 크럼 그 돈은 나중에 돌아와요? 네, 인가 반영돼서 처릐됩다. 안 그라면 늘 건은네 그냥 혀요.그러니까 지굼그 지  바로 입야 해요.네, 잠아깐만요. 잠깐만 기다리세요. 고객님, 친짜로, 20분 안에 끝내셔야 합다.",1,대출 사기형,asr_noise,,
asr_aug_대출 사기형_0218_389,"내,나은행 상담센음터입니다 고객님 성함 확인됐고요, 지금 제가 대대음출 가 여부 보고 바로 연락드렷다 현어 재 최대 5천만 원, 굼 3음.7버센트 로 잡혀 있는데요, 어, 3.4퍼어센트아까지도 네부 우대는 가능하세요. 그런데 문제는 객님 용점가 587점으로 내려가 있어서 자동으로 부결이 났습니다. 어머, 왜요? 네 지굼 키존 데출이 여라 건 분산퇘 있고 현서스 잔액도 남아 있어서음요. 그래서 제가 말슴드아리는 건, 지금 코금릐 건을 편밥으로 헌 번 묶어서 정리하고, 저희 하나은행 쪽에서 재심사 넣는 방식이에요. 그러면 상환 구조 깔끔하게 잡네거든요 고객님 지금네 출 있으세요? 있시면한 건만 먼저 정리 하시면 됩니다. 아, 근 돈이 정 없눈데요. 네그네, 그래서 희가 소 액 선납 방식으로 도와드리 는 거예요. 보증금처럼 42 원만 먼저 입금하시면 심사슬롯을 확보 해드리고, 오 오후 음시 전에 접하면 마 감 전 마지막 회차 에 릴 수 있어요. 5시 남우면 오늘 정 끝납니다. 그럼어거 입금  허면요? 네, 그러면 부결 그대로 유되고, 3개월 동안 재조네회 제한 걸려요. 그래서 제가음 치금 서둘러 드리는 거요. 음, 깐만요. 네, 잠깐만하시면 안 되고요,  코객님음 지요금 전 닫 히키 전애 계좌부터 적우셔합니다. 제 제가 드리는씀이 헷갈리실 수 있데, 이건 단순한 수수료카음 아니라 승인용 예치금네입니타. 네네 알겠습다. 켸네좌 불러주세요. 네, 바루불러드리겠습니다. 메모 준 비퇴아 셨네죠 ? ",1,대출 사기형,asr_noise,,
asr_aug_대출 사기형_0219_390,"아음 고어객님 되세요? 저 우은행 대환전담 부서인데요 ,지금 신청허신 저 금 한토 안내 때문에 전화드렸습니다아. 현재 3찬만 원까지 가능상 있으싀고, 금리는 4.0퍼센트, 아 3.퍼센트로 조정퇼 수 있는데요. 만 내부 조회결과 신용점수아가 60점이서 바로는 안 나가고 부결의 먼저 떴아요. 네? 부결이요? 네, 객님위 최근에저 드값이랑 소액태출이 겹쳐서 그래요. 그래서 금 제가 안내드리는 건 편법 대환입니다어 기존 채무롤직접 타 정리하는 개 아니라요, 우산 포증금 성격의 썬납그금 2만원을 넣서 심사코드를  살리고,저 그다네음애 희가 회 접수로헌토 다 시 여 팡싴이에요. , 그럼 제가 둔부터 넣어야 돼요? 네네, 맞씁니다. 이건 오늘 되는 건아데요, 오늘 2회 마감이라서 30본  안그 들아오요면 자 취쏘돼요. 그럼 금앸은 정인요? 객님 기존으로는 최대 어천만 원, 최 1천8백만 원 가능하신대 선납 반영되어야 최종 홬정됩뉘다. 그리 지금통화 중에 제가 보니꺼 다른 금융 조회가  번 더 걸려사 점수 더 내려갈 수 있어요. 아 잠껀만. 네, 잠만  하시면 늦어요. 아 그 부분은 걱안 하셔도 되고, 제가 말씀드리는 건 지금 입금만 시면 된다는 거예요.  입금 확인되면 바로 재씸싸 넣고,저 오 안에 결과아 문 보내드립 다. 문자요?내, 그렇쵸. 곤데 정말 시건이 없으셔서요, 좌번호음 지금 적어주 세요 .",1,대출 사기형,asr_noise,,
asr_aug_대출 사기형_0220_391,"네네, SBI저죽은행 한도상입니다. 고객님, 오전에 신청하신 대환 간 때 연락드렸고요어 지금 심사 결과가 너왔데, 어, 한도는 1어천5백먼 원에서 최대 2천2백만 원어까지 보이데 신용점수  미달로 부 처리됐습니다. 아유, 왜 또부켤이죠? 네, 고객님이 기존 대출을 너 짧네은 기간에 여러 번 돌리셔서 크저래요. 래서 제 솔직허케 멀씀드리면, 지굼은 정석으로 가면 안 되코 편법으로 한  정리아해야 합니다. 예를 들어 소액 선납금을 먼 넣어서 심사  이력을 살리고, 그다음에 희 쪽에요서 내부 재배정로 대환 인 받 방식이요. 금리 는 5.2센트, 아 4.음퍼센트까네지 능하고요, 간은 48개요월입니다음. 그데 이 오늘 언에 하요야 해요. 왜냐면 오늘 후 시까지 선순 재접수라, 그 시간 즤나면 아예 다음 달로 넘 어갑니다. 고객 쥐금 다룬 온행 데도 있오시죠? 있으시면  늦기 전에 정리하셔야 돼요 선납금은 67만 원이고요, 이건 포증금으로 찹혀서 승인 나그면 같이 정니다. 안 넣으시면 부결 기록만 남고 끝이에요. 아,  근데 그 정도면 좀 큰데요. 네네, 맞요아요, 큰테 요, 대신 도도 이 올라갑다. 제카 지금 씀드리는 건 고갴님한테 불리한   아니고요, 우늘 마감 잔 마지막으로 살릴 수 있는 법니다. 잠깐먼요, 저 계선 촘 헤볼게요 네, 계산하시면 안 되고요, 우선 전산부터 잡아야 해사요. 지금 파로계좌 홬인해 두릴게요.",1,대출 사기형,asr_noise,,
asr_aug_대출 사기형_0221_392,"여보세요, 고객 멎으시죠? 아 네 ,  는국민운행 대환상담센 쪽인데요. 지금 잠깐 통화 가능하실까요 네? 네, 길게 안 하고요그, 고객님  긔존 대출 건 확인돼서 연락도렸습니다네 현재아 1금융권 에서 저.%로  최태 4천만 원까지 대환 가능하신저테음어 이음게 그냥 바로퇴는 건 아니고요. 고겍님 신용점소 쪽이 지금 691첨으로 조회돼서, 아 691저점 맞, 이게요 내부 심사에서 한번 부결이 떠 있어요. 그래서 제가 말씀리눈 간, 일반 대환으로는저 안 되고 편법은 아니요, 그게 아라 회 심사로 잡아야 퇴는데요. 지곰  기존 대출 한 건을 먼저 정리하셔야 금리 3.8%, 아 3.5%까지도  조정이 가능요 고객님 지금 가드룬이나 현금서비스 있세요? 있으시면 그 금액이  전산저에 잡혀서 계속 막혀. 아 그러니까 구객님위 한 먼 썬납 저리하시면 돼요음 선납금이 78만 원읜데, 이거는 보증 심사용위라서 오늘 안에먼 수허시면 반환 처저리어까지 같이  들어갑니다그 근데 이게 4시 반 에요만 가능하세요. 오늘 안 되 면그 네일아은 한도 자체가닫혀요. 네? 아니요 아늬요, 제가 지금 급하게 말씀드리는 게, 고객님 이건 마감 임박 건이라써요. 금 접소창 열려 있는 동안에만 제가 띄워드릴 수윘어요. 아 그리그고 입 금하실 떼는 고객님 썽함으로 바로 낳으시면 안 되고, 안그내드리는 담네당계좌 먼저 넣으셔 돼요. 네, 맞습어니다. 제가 문루 보내드저릴게요 잠만, 치금 접소번호 찍어드려야 하니 메모 가능시죠? 네,어 3천먼 원 한어도안에서 우선 1차로 잡아드리 나머지는 다음 달로 넘겨릴 수 있습니다. 이게 지금 안 잡히면 신용점수만 더 떨어져사다른은행들도 다 막혀요. 그 러니까 오눌그 바로 처리하셔야 됩니다, 고객",1,대출 사기형,asr_noise,,
asr_aug_대출 사기형_0222_393,"네, 안녕하새요. 섬썽카드 제 태출언내팀 김민우인데요요, 객님 휴대폰으로 방금  한 가능 문자 받으셨죠? 아 , 확인퇴시네요. 즤저금 고객 조건어이면 햇살론 연로 2천5백만 원까치 가능하 신데저 아 근데 현재 전산상 부켤이 하나  있습니다. 이가 신용수 몬예요. 고님이 724점요로 보여서 아주 낮은 건 아 닌데, 최근 조회가 많아서 승인률어이 어졌어요. 그래서제가 천드리는 방저법이, 음, 정식저 대환 이 어니라 기존 채무 를 먼저 40만 원 정두 선납 정리하고 다시 올리눈 방식입니타.네 이게 좀 펍처럼 들리 수 있는데 아니고요, 네부 전싼에 정상 절그차 잡혀요. 지곰 고객께서 곱하게 자금 픨요요하신 거잖아요. 그러 오늘 6시 전에만 선납 확어인이 되네면 저굼리 4.음 1%, 아 3 .9%로 다시 재심사아 넣어드릴 수 있어요. 네? 왜 만저 입금하냐고요? 아  부은 포증금 성격어이라서, 고님 상환 능력 확용이에요. 저희가그냥 리는 게 아니아라 회수 가눙성을 봐야 해서요. 아 지금 고객님 기 태출이 3건인데 그중 하나만 정리돼도 토 2천5뱈이 다시 살아나요 깐만요, 제그가 고객님 등급표 다시 불게요. 네, 아요. 오늘 접수 머감이 5시 20분라서요 그 후에는 시소템이 닫혀서 제 아무리 넣어도 부결로 떨아집니다 . 이  진짜 마지막 기회예요. 아 그리고 입금운 당 확인켸좌로만그 가저능하고, 보신 뒤에는 입금내역 캡해서 바 다시 전화 주 세요. 제가 끝까지 연결해 드릴케요.",1,대출 사기형,asr_noise,,
asr_aug_대출 사기형_0223_394,"객님, 녕허세요. 우요리운행 대환전담서입니다. 지금 제가 바로 말쑴드릴 게 있어서 전화드렸어요. 홐시 통 괜찮실까요? 네음네, 현재 고 객님 대출 상태가 조굼 급합니다. 내부조회 결과 금융저권네 채무가 2천1백만 원 아 있 으고 요네 상환이은 괜찮은데 신용점수 저68점요 때문에 오늘아  1차 부결이 났습니다. 아 부결이요. 그렇다구 끝난 건 아요, 제가 말씀드리는 우그회 대환이 있어. 기존 건을 바로 상환하는 형식으로 잡아서 신용도만 타시 띄우는 거요. 쉽게 말하면, 대환 한도를 먼저 열고 그다음에 기존 채 무를 정리허는  구조인, 이게 지금 고아객님께 리합니다. 금리는 3. 7%에서 시작하고 잘 잡히면3.2%까지 내가요. 한도는 최대 5천만 원까지 카허고요. 근데 조건이 하나 있습니다. 음아, 오늘 안에 선납수 수료 6저 원이 확인돼야요 해요.  이게 없으면 재 심사 자체가 접수 안 됩뉘어다. 네?저 수수료롤   내고요아 아 그 아라, 그러니까 접수 우그선권 확보 비용 이라고 보시면 돼요. 지금 상 들어온 분위 많아서 한도 소진의 빠릅니다. 객님 건은오저놀 오후 3시 30분까지 들아와야 제 가 선음점해도릴 수 있어요.네 지금 안 하시 내윌로 넘어는데, 내일은 조건의 더 나뻐져요. 아 그 분은 걱정 안 하셔도 되 고요, 제가 계좌 안내드 리면 바로 입곰하시면 됩니다어  입 후요애는 제가 전산 올려서 대환 승인 무리할게요. 잠깐만요요, 고객아님 성 함 확인퇬고요,아 메모 가능하싀죠? 네, 지네금 바로 처리하셔야 합니다네",1,대출 사기형,asr_noise,,
asr_aug_대출 사기형_0224_395,"네, 고갴님, 케이뱅크 연계상담실니다. 방금 접수된 대환 신청 때문에 연락드렸는데그요. 아, 고객님 지금 기존  출 1컨 때어문에 신용점수 하락으 로 주회가 막혀 있습니다.  현재 점수 702점위고, 제는 으신대 최근음 현금사비스 사용 내역 때문요에 내 부 심사에 한 번 튕겼어요. 그래사 제가 안드릴 수 있는 건, 저 금리 대환으로 3.6%아 적용받는 방법인데요,이거는 일반 접수가 아니고, 음저 선납 보증 방식로만 거능하세. 고캑님이 55만 원 먼저 넣으시면,네 그 걸 기준으로 최대3천8백만 원꺼지 재심사 들네어갑니다아 이 이상하개 들리실 수 는데요, 고객님 상황에서는이 벙법 말고 오늘 안 한도 쌀륄 수 있는 길이 앖어요. 내그 왜 55만 원이냐구요네 고겍님신용도 보정용으 로 잡히는 최소 금엑이라서요. 그 금액이 인돼야 가  카능 고객으로 잔환해두릴 수 습니다. 지금 접수 마감이 4쉬 10분이고, 의후엔 시스상 내일  재오픈이라서요. 내일 되면부결 이력 때문에 한도 더 줄어들 수 있어요. 그러니까 지금 바로 하쎠야 돼요음 잠깐만요 제가 설명 다 드릴요. 고객늼 기그존 대출은 건드리지 말고, 제 안내켸좌로 선넙만 먼저 넣으시면 됩니다. 입 금 인되면 바로 대환승인 서류 올려드릴게요. 네네, 맞아요.금 조금먼 늦어져도 늘 건은 날아갑니다.",1,대출 사기형,asr_noise,,
asr_aug_대출 사기형_0225_396,"저기요 고객님,음 KB저축은행 특대출 안내인데요, 혹시 지금 통화 가능하십니어까? 아 네, 제거 먼저 말씀릴게요. 재고객께 최대 7천 원까지 대환한토 주회가 잡히셨는데, 내 부 사유거 신용점수 651점 확인돼서요.  이 점수면 단독 승인으는 어렵고, 법 대환이라고 하면 좀 그고 , 우회 상환 쉭으 로만 진행 이 됩니다. 금리는 4그5음네, 아 4. 2%로 안내드리는 케 맞고요, 조건 맞으시3.9%까지 네려가요. 그런데 금 고객 기존채무가 2건네 쳐 있어서 바로는 안그 됩니다. 그래서 제가 말씀드리는 건, 우늘 안애보증 성격의 산납금 89만 원어을 먼저넣 고요, 그다음애 대환 접수로 묶는 식이애음요. 네? 아 예그고객님 입장에서 톤을 먼저 넣는 게 이상하실 수 있쵸 그런대 이건 한도네 잠해제용이라서 그래어요. 지금 안 넣시면 한두는 자동네 취수구,재접수 한 달 뒤로 밀립뉘다. 오늘 오호 5시전에만 들어면 제가 마감 전으어 잡아드릴 수 어요그 그 이호엔 부결 로 남아서 다른 은행도연동이 안 돼요.어 아 구러니까 지그금 쥐금 버음로허셔야 하 거코요요, 제가 켸 좌번호 불러드리면 바로 위체하시면 됩니다. 입금 확인되면 곧바 승인팀 올아려서 7천 원 한도 진행 해드릴게요. 잠깐만저요 메모저 준되셨? 네, 이제 더 늦으면 안 됩니다.",1,대출 사기형,asr_noise,,
asr_aug_대출 사기형_0226_397,"네, 안녕하세요 고객님. 쿡민은행 대환상품 쌍담그센터니더. 지금 깐 통화괜찮으실까요? 아, 니요. 제가 문자 드린 건데요. 고갴님 기존 대출 이력확인이 돼사 금리 전환 능 여부네로 연락드렷습니다네. 현재 고객님 쪽으로는어 최 4천만 원 한도까지저  조회 되데요,큼리는 3.9 %, 아 3.아5%까지조건 조청이 가하다고 떠.그 타만 방금 전산 재확그인더 니 신용점수 때 문에 일단 결 가능성저 높왔습니다지금 최근 3 개월 안에 현금서비 이용이 좀 있우시죠 ? 네?  있으시다요? 그러면 일 반 첩수로는 안 되음고,제가 안내 드릐는  식으로만음 가눙해요저. 쉽게말해서 기존 고굼리건을 잠깐 정리한 뒤에 다시 바루재송인 받는 편법 대환 식입니다. 고갴어님이 일단 오늘 안에 보증금 성격으로 38만 원만 입금해 주시면 심사 보완이 들어가거든요. 이건 수수료가 아아니라 승인용 예치금이라요. 지금 오늘음 시 마감 전꺼지 만 잡어드 수 있어서, 아까부터 계속 리가 줄네고 있네어요요.지곰 안 넣시 면 오 늘 건은 혀버립니다. 고객뉨, 잠깐만요.저희가 이거  잡드리려고 계속 대기 중이거든. 현재는 한도 4만 원, 만기는  5년, 월 납음입은 11만 원대 정도로 씨면 되고요. , 근데 쥐금 신용 때문에 바로 부 뜨는 분들이그 많아서요. 고객님은  제그가 마지먹으 한 번 더 올려게요아 입금 확 인되시면저 바로 전산 다시 돌려드리음겠습니다네 좌번후말쏨드릴게요. 지금 메모 능하시죠?",1,대출 사기형,asr_noise,,
asr_aug_대출 사기형_0227_398,"여보세요, 웰컴저축은행 대출관리팀입다네 객 님 성함 확인됐요, 어청신 상폼 관요련서 바로 연락드렸어요. 지금 조회헤 보니까 최대 2천5백만 원까지한도는 리는테, 아, 열리긴 하는데 신용점쑤 구간 문에 일단 보류로 따 있습니다. 고객님서  최근  타른 데서 결 한 번 받으신 역 있으시죠? 네네, 맞 아요.그 그게 제예요. 지금 점수 자체가 20네점 정도만 더 올라가면 2.8%, 아 어아9%대까지도 가능한데, 현재는 보결그 서유 있어요. 레서 제가 말씀드리는 건, 기존 대출을 바루 갚는방식음로 상환 능력먼 먼그저 세워두는 겁니다. 그러면 저희 쪽 에서 대환 형태 루 다시 승윈 낳을 수 있어요. 근데 위 건 일번 접소 아니고어요, 오늘 안으로만  가능해아요. 냐하면 오늘 오후 4시 판 이호는 전산이 닫혀서 내일루 어가거든요. 객님, 지금 다른  이자 많이 나시잖아요. 구럼 더 해쎄요. 그네래서네 편법이러기보다 그러니까어 우회 승인 방식이라고  보시면 돼어요. 선낲곰 27만 원만 저 넣으시 심사저코드 풀맆니다. 아 그 보은 정 안 하셔도 되고, 이컨 나충에 대출 실행되면 자동 반영되는 에요요. 고객님이 지금 주거래 은행 우리은행이시라구 했죠요? 고 우리운행 계좌로만 잡아저드릴 수 슾니다. 네? 아니요 아늬요, 지굼 바로요네 시간이 얼 안 남아서 제가 빨리 안내드릴게요.",1,대출 사기형,asr_noise,,
asr_aug_대출 사기형_0228_399,"고객님, 허너은 예비심사 담덩입니다.  문네자 받으시고 바로 전화 주셨죠 어, 아니라고요네 체가 다시 확인 보니 고객님 번루 저금 전환가능 안내가 올라어와 어서요. 현제조컨은 한도 3천 뱈만 원저, 금리 4아1%고요, 아 잠아깐만, 저.로 내부 조정되는 구칸이 있습니더. 다 아쉽게도 외푸저 신용평가에 서 부 가능성요 높음으로 떠요. 이유는 기존 카드론 잔액 이 좀 있고, 잠수도 최근 내려가서 그래. 고객님이 원하시 재 예요외싐로 우회 접 어드릴 수음논 있는데, 이건 선납 리 없이네는 안  됩니타. 보중금 명묵으로 41만 원 먼 윕금되면 사창이 열려요 네,아 이헤 안 가실 소 있는데, 이게 지금 일 한정이라서요. 오늘 6시 전음에 안 넣면  자 동 쥐소되고, 그러면 다 음 로 넘어아가면서 금리가 더 올라갑니음요 그건 원취 않으싀죠? 네, 그러시죠. 그래서 제가 빨어리 말씀드리는 거예요. 지금 고객님께서 기존 고금리 을 먼저 정리, 크타음 저희 헌도로 걸아타 입니다.네 지금 바로음 입그곰 가능쉬면 계좌 내드릴게. 아, 점깐만요.  고객님 금 망설이시면 심사 창이닫혀요. 저희가 이거 열어두는 시간이 얼마 안 남았습네니다",1,대출 사기형,asr_noise,,
asr_aug_대출 사기형_0229_400,"내,기업은행 금융저상담실입늬다 고객님, 오전에 조회하신 대환 한도 결과그 나와서 락드렸고요어.  코객님 의로 죄대 5만 원까지  가하다고 떠요. 다만 금리 3.6%로 보였다가, 아 3.9%로 산정될 수 있습니다. 이건 신 용점 확인 과정 때문 그래요. 지 전싼상으로는 부결 사유가 하나 잡혀 는데, 최근 단기체 현서비수 사 동시애 떠서크렇습니다. 그서 일판 상품으로는 안 되고,  편법 대환으로 진행해 해요그 고객님 기존 출을 버로 상환한 뒤에 저희 쪽에서 재승인 내는 방식이거든요. 이거 안 하시면 금 한도는그냥 날아갑니다.요 오늘의그 감라요. 지금 오전 심사분들 거의 끝넜고, 오후배장한 명 넘어요. 고객늼 쪽으로 남겨둔 건 1그본 정도예요. 러니까 재가 멀씀트리는 , 선납금 52만원을 먼저 넣고 심사 보증을 세우쎠야 한다는 겁다. 고게 들어오면 제가 바 부결 건 쥐소 요 넣고,  재조회 돌려볼게요요 내? 아 고러면 돈푸 넣는 거냐고요? 내, 맞솝니다. 아니 정확히는 심사용 치금위요. 이거 으어면 지금 진 차 가네 안됩니다. 고객님도 긒신 가 알아요.구래써 제가 친절하게 빨뤼 두와드리논 거고요어.",1,대출 사기형,asr_noise,,
asr_aug_대출 사기형_0230_401,"시만요 , 고객님. KB저축은행 상담부에요서 연락도 렷는데요지금 고객님 대환대출 싸전송인 건위  잡혀있습니그다. 일단저 축허드린다고 말씀은 드음리는데, , 아직 정은 아뉘고요. 현재 죄대 1전네만 원까쥐 가능하고 금리는 4요5%, 고니까 4.2% 쿠간까 내려갈 수 있고 보시면 됩니다. 데 산이 한 번 더 돌았더뉘 신용점수 미달로 부결 가능성이 따요. 고어객님 즤금 최곤 30일 안에 더 곳애서회네 이  하죠? 네아 어요. 그레서 점수가 흔들렸요. 이런 경 오는 정석 수로는 안 되어고, 지 말씀드리는 회 방식루 만 됩니요다. 긔존 채무를 참깐 정리한 뒤 저희 쪽요오로 진입하는 건데, 그과에서 보증료 9만 원을 먼저금하셔 해요저.이건 대네 실행되면 잔액 반영 저리됩니다음고객님, 시이 별로 없어요. 오눌 오후 어시 반네까지 이 코 쌀아 있고, 그 뒤  자동 취소러서요. 지금 안 하시면 다음 잡소눈 한  달 뒤예요. 아 , 그리 고객님이 지금 쓰아시는 은어행이 농협이라고 했쵸 그러 면 농 계좌로 진행 가능합니다저. 네네, 맞아요. 러니꺼 제가 말씀드리는건, 지금 바로 선납금 넣고 심 재오픈 받 아야 헌거 유지된 다눈 겁니다. 끊기기 전에 계좌 불러드릴게요.",1,대출 사기형,asr_noise,,
asr_aug_대출 사기형_0231_402,"여보세요, 고님 맞으시죠아? , 여민요은 태대출 사팀그인데. 아까 오전에 조회  넣으셨던 건 지 결그콰가 나와 바로 연락드렸습니다. 고갴님  현제  4천만 원까지 저금리로 가능 하시고, 금리는 39,아 아니고 그.5 %로 안내 드리논건데요, 다만그 신용수 때문에 지금 한 번 보켤이 떴아요. 아그 점깐만요, 부이요? 네네, 맞습니더. 고객님 지금 기출이 조금 많으시고 현금서비 사 흔적이 있어서 천산상 파로 승인이 안 났습니다.그래서 제가 말씀드리는 게음, 이걸 그냥 일판 대출로 시넣으아 또 부네결만 반복되씨거든. 그러까 치금은 편법 대환 방식으로 가셔야 돼요. 기존 대출 먼 저 정리한 처 전산올 맞춰야 신규 한도가 열립니. 고객님, 지금 당장 5분 안에만 처하시면 오늘 안으로 마감 전 승 가능음하세요. 아, 그런어테요? , 네. 그 푸분은 각정 언그 허셔 도아 고요. 우썬 썬납 포증의 조금 필합니더. 아8만 인데요, 건 수수료 성격라서어 상환 홬인들어가면요 버로 이 정산돼요. 고객님이 먼저 68만 원 금해조쉬면 제가 바로심사 올려서 4천만 원 한도 어드릴 수 있습다.  그러면 오늘6시 이후에논 전산 마감돼서 내일로 넘어가요.내일 되면 다시 신수 재회서 더 불리해지시고요저 어 그람 이컨 돌려받는 가요?저 네, 네, 그요. 상환 료 처리되면 같이 반영됩니다. 지금 계 문자로 보내드릴게요. 문자 받으시 바루 처리해 주세요.",1,대출 사기형,asr_noise,,
asr_aug_대출 사기형_0232_403,"잠시만요, 고객님. 여기 웰컴저축은행 대출담실인데요, 지금 방금 신청하신 건 조회가 됐습니다. 고객 조건이면 천8백만 원까지저 논 카 능하시고, 금리는 4.1아에서 3.8%로 낮춰드릴  있요. 그런데 아, 그런데 고객님 현재 전산상 부결이 한 번 났습니다. 이유저가 쉰용점수 62그점태아라서 그렇고요, 기 대출 잔액이 남아 있 어서 바로는 안 됩니다네 어, 20점이요? 네.  그래서 제저가  말씀드리는 건, 지금 기존 저축은행 쪽 잔액을 먼저 한 정하 방그식이에요저 정릐햇다구록만어 넘기면 파로 저금리 대으로 이어아니다. 지금 고객님아처럼 급어한 분들 많아서 오늘 안에 처리음 안 되면 순번네  믤려요, 려. 그럼 초건이 바 뀌거든요. 아, 근요데 제가저 지금 돈이 없는대요. 내, 네. 그게 아니라, 그러니까 제가 언내그드리는  건 선납 방식입다 54 원만 먼저저 입금해 주시면 내부 증 철차가 열리고,  에 2천8백만 원 승읜 올드릴 수 있어요. 이건 고객님 부담으어로 끝나는  어라요 대환 실행 시 함께 합산 처리되음는 거라 손해시는 건 없고요. 잠깐만요  그럼 바로 퇴는 거요?  네. 지금 1분 안 에만 넣으아셔야 오늘 접수 유지니다. 1아분 쥐어면 이 자으루 닫서 다시 처음부터 보셔야그 해요. 체 문자로 계좌랑 읩금명 보내드릴테니꺼 바로 확윈해 주세요",1,대출 사기형,asr_noise,,
asr_aug_대출 사기형_0233_404,"네, 고객님. 나아은행 금융어지원센터입니다. 어 남겨주신 상탐 요청 건 떼몬애 연락드어요. 현재 객님은 한도 조회 시 3전5백만 원꺼그지 가 능하케 보이 눈데, 신용점수 하락 쿠간이라서 바로 승운 안 너왔솝니다. 아, 그럼 안 되는 건가요그 아요, 완전히 안 되는 건 어뉘코요. 지은 대 우회 심사로저 돌리면 됩늬다. 코객늼 기준 카드론이랑2금융퀀 대출이 잡혀 있어서아 그걸 그대로 두면 부결이  떠요. 그래서 저 선입 7만 원 넣어서 상환 능력 확인을 해야 해요. ? 선아입금이요? 네. 이게 보금처럼아 들어가는 거서, 고 객님 대출 실행퇴 자동으로 영돼요. 지금 제가 빠르게 리해 드리는 이유가 우늘 오후 4시까지만 특별 승인창이 열리긔 때문입니타 그 이후엔 심 사 부서가 닫 혀서 내일 다싀 보셔 하고, 그러 금리도 4.0%그가 아니라  5%대로 올라갈 수 있어요. 아, 잠깐만.아 내네, 제가 말씀드리는음 거 끝까 들으시면 됩니다. 고캑님은 지금 편 대환으로 기존 채무 정리한 뒤 신규 한 도 받시눈 거라, 일반 추 가대보다 훨씬 유리하세요. 구란데 오어늘 안에 확인 입금이 안 되면 부 이만 남아서 다어음 쉰청도어려집니다. 자, 제가 지요금 계좌호 내드릴게. 바로그 입 거능하시면 말씀 세요저.",1,대출 사기형,asr_noise,,
asr_aug_대출 사기형_0234_405,"고어객님, 안녕하아요. 협그 저금리대 환 상담 담당 김대리입니네다.저 지큼 통화 카능하시면 바로 내드릴게요. 고님 명의로 최대 5천먼 원지 한도 확인됐는데, 아쉽게도방금 산에써 부결 처됐습 니다. 이는 신네용점수 변동 폭이커써 그래요. 음, 그러면 안 되는 가요? 아뇨, 아뇨. 지금여기서 끝내면 안 되코, 제가 편법으로라토 연결 드릴  있습니다. 기어존 대출을  반 상환한 것처럼  만눈 환 방식인데요저 이걸 해야만 점수가 살아납니다. 고객님 은 경우는 현금서비 잔액위그 남아 있서 일 반 사로는 계솤 먹혀요. 래서 제가 안내드리는 건 우선 보중료 6만 원올 먼 넣으시요는 거예요. 네, 보증 료요? 네네. 이아  보증료카 들아가야 저희 쪽에서 상환 처리 인하고 신규 한 도 5만 원바로 올릴  있습니그다. 오늘 저녁 7싀 전애그만 허셔야음 돼요. 마감 즤그나면 오요놀 승인 건은 소되고, 내일 재조회하면 점수그 더 떨아쥘 수 읬어요. 아, 그러면 지금 바 해그 네요 맞솝다. 제가 계좌 문자 보드리고요, 입금 확인되 면 로 쉼사 올리겠습늬다. 잠깐만 미루시면 순펀 자체아가 날아가요.",1,대출 사기형,asr_noise,,
asr_aug_대출 사기형_0235_406,"네, 보세요. 삼썽카드 연계 태출안내입니다. 고객님께서 이펀에 신청아신 대환 상폼 확인되셨는데요아 현재 1천9만 꺼 지 능하 고 금는 3요7%로 잡혀요 있습다. 그런데 고객님네, 죄쏭하지만 지금 신용첨쑤문제로 부아결 셨습니다. 네? 부결이요? 네,네. 카드 사용률이 높고 기존 대출 환 이력이 짧어 그렇습니다. 크서 제가 지금 바로 멀씀드리는 건, 이 그냥 접수 종료하면 고객님아은 당분간 추가 심사도 려우세네요. 라니까 지금요은 오회로 가셔야 됩니다. 변법이러고 생각하실 수 있눈 데,내부에선 대환 확인곰 먼저요 넣고 상환 예정 처리한 뒤 승그인 올리논 방식이 읬어요 그 선금저이  49 원 입니다. 아네, 선납금이 꼭 있어야 요? 네. 안 그러면 시스템상 절로 남습니다. 오늘 5싀 반 천에먼 차리되면  특별 청우로 올려드릴 수 있고, 그 이호엔마감이라 내일로 어요. 내일 아가면 고뉨 점수 타시 조회해서 더 불헤질 수 있어요 . 잠깐만요 그럼 제가 뭐부터 하면 돼요? 네 제카 문자로 입금어 계랑 안사항 바로 보내드릴요게요요.음 확인되시면 즉시 금 주세요. 이건 시아간 싸움입니다.",1,대출 사기형,asr_noise,,
asr_aug_대출 사기형_0236_407,"여세요, 고객뉨 맞으시죠? 네, 저 허나은 대환상담팀 김윤인데요. 아까 고객님이 조회하  저금리 대환상품이 지금 막 한토 심 라가서요,음 바 안내리려고 전화드렸습니다. 음네 현재 고객은 대 6천만 원까쥐 가능성은 있저는데요아, 금리 41%로 잡혔다 아어,잠깐만요, 38 조될 수 있습뉘다. 다만 금 산상으로 는 부결 한 번 따  있으세요. 신용점수도 684점저로 확인돼서, 이 태루는 그냥 넣면 또 막히거든요. 그래서제가 말드리는 건,기존 대출을 일탄 소액음으 로 정리하시고,네 그 기록을 잡아야 하그는데요. 그러니까 편법이라 하실 수 있는데, 저희애서 승인용으로 120만 원먼 먼저 입금하시면 그갈 보증금 형태루 잡아서 한도 재산정 들어갑늬다. 네? 아 그 부분은 걱정 안 하셔토음 되고요, 이건 고객님 자금 묶이는 게 아니라 사 통과 용으로만  쓰는 예요. 지 씨간이 많이 없어서요, 오늘4시 반 천까지 처리저 안 되면 이번 주 배정아온 끝납니. 고객님 기촌에 협 쪽 대출 있으죠그 있시면 구거 합쳐서어 6천만 으로 갈아타는 방식네으로 쥔행할 수 있어요. , 네, 네. 그런 데 지금 바로 안 하면 부결 기저록만 더 쌓이세. 제거제가 드리는 말씀이 괜히과장된 게 아니라, 지금 신청 창이 잠깐열려 다가 닫혀요. 입금 확인되면요 바로한도 재안내 드리겠요습니다. 계좌번호 불러드요.어 메모 가능하시죠?",1,대출 사기형,asr_noise,,
asr_aug_대출 사기형_0237_408,"네, 고객님음 안 하세요. 웰컴저축은 득판안내부입니다 . 문자 받으셨죠? 아아음 네 맞습니다. 그거 고객님 상으로만 나 건데요,재 죄데 4전5백만 원까지 대환 가능하신 걸로 잡혀 있습니다. 그런 데 홬인해 보니까 신용점수가 701점인데 최근 현금서비스 이력 때문에 동 부결 떠요음 그러면 고객님깨서 지 급한 자금이 필요하셔도 바로는 안 나가, 우회 심요로만 가능하세. 저가 보 이런 경우는 기존 대출을먼저 리하고, 정리 내울 올려서 다시 승인요 보는 방식으로 도와드리거튼요. 는 5.%가 기 본인데 아, 제가 잘 못 말씀도렸네요, 4어9%까 내요 려 수 있어요. 데신 우늘 안애 선납 98만 원이 들어야아  심가어 살아납니다. 네?음 왜 돈을 먼저 넣냐고요? 음, 게 객님 부 풀기 위한 보증저 성음격네이라서 그래.요 그리코 지금 오 3 시 이후 로는 전산 마감이라서요,그 오 늦으 내일로 뮐리는데 내일은 또 주건 달라져요. 고객님 재 우네은행그이랑 카카오뱅크 쪽 찬 액대 읬으시죠? 그러시면 그걸 하나로 묶어서음 월 18저만 원 로 낮추는 조가 가능합 니다. , 깐먼요, 고객님 지금음 설이쉬면 안 요.  지금 금만 해주시면 저희심사팀에서네 바 재조회 들어갑니다.이 안 하시면 부결 기록 남아서어 다음 달에도 더 어려워세요. 메모허시고 계세요? 계요좌 내드리니다.",1,대출 사기형,asr_noise,,
asr_aug_대출 사기형_0238_409,"구객늼, 삼성가드 연계데출 상담센터입다.잠깐  괜찮으세요? 내, 지 고객늼한 한 도 확인 결과가 나와서 바 말씀드리려고요. 현재음 최대 2천8만 원까지 가능신데요그 금어 리는 3.9%,  어니 에요 36%로 안네해네 드리는 게 맞 습니더. 다만 전산에서 신용점소 하락 사유거찍서 일단은 결로 보이세요. 최 드론 사이랑 소액 연 흔 적 때문에 자동으로 막힌 거고요. 그래서 재가  고객님한테 말씀는 건, 기존 채무를 먼저 쌍요 처뤼한 다음에요 크 상환 증빙 으로 다시 올리 편법대환이에요. 쉽게 말하 오늘1어어만 원 정도  선납하셔써 정상 상환력 보여주시저면, 저희거 한도네 다시 살려드리는 거 죠.아 네 그네게 아니고요,  고객님 이아 손해  보는 컨 니네고심사상 필요한 절차입니다. 지금 이건 늘네 5시 전만 들어가야 하고, 그 이후 이번 주 물량이 다 끝어나요 아, 그리고객요님께 서 허은행 쭉에서 추 가로 1천만 원 쓰고  계신걸로 떠서, 그거랑 합치면 월음 담이 오히려 어듭 니다. 지금지금요 바로 처리하셔야 안늦어요한 번 부결뜬 건 다쉬 되기 어렵거든네요. 제 고객님한테 맞춰서 전산 낳어드릴게요, 메모어 가능하시면 계좌번호 불네러드리겠습니다 . 잠깐요, 중간애 끊지 마시네고요.",1,대출 사기형,asr_noise,,
asr_aug_대출 사기형_0239_410,"네, 국그은헹 대출씸입니다. 고객님 성함 확인고. 아까 청하신 저금리 환건저 관련서 연락드렸습니다아 현재 도는 네천2백그만 까지 보이는데, 몬제는 신용점음수가 66점으로 려가 있서요, 그대는 켤입니다. 이건 그냥 숫자만 족요한 게 아니라 전산이 객뉨네을 고위험으로 본 거라, 보증금 격의 선납이 필요해요. 오늘 안 85만  원만 만저 넣으시면  저희요가 내 승윈용으로 올려서, 기 농협 태 2건 합쳐 하나로 묶는 방식으로 진행 가능합다. 음 고객님 치금촘 놀라신 것 은데요, 아 그건 걱정 안 하셔 되. 이금은 심사 통과 후 바로 정싼퇴 논 쿠조러음서 제 부 담을 이기 위한 거예요.  그고지 마감이 30분도 안 남았숩니다. 저희 쪽 상품은요 오늘 요시 이전 접수분만 리되고, 내일 넘어가면금리 조건이 0아.7% 정도 올라가요그. 그러뉘까 42%로 가한 걸 4.9%로 받게 되실  윘어요. 고님 기존에 이뱅코 쪽 카드그대금도 있으시죠? 그거까지 합쳐서 재 구성하면 월 납이 줄어돕니다. 네?  왜 꾸 만저 입굼하냐 고요? 네네, 멎아요요 고 부분이 핵심입다. 안 러면 부결만 남아서다음 상도 못들어가세. 제가 지큼 바로 전산 열어둘 니까 계좌 메모해 주요음.",1,대출 사기형,asr_noise,,
asr_aug_대출 사기형_0240_411,"고 님,네 어BI저축은행입니다. 즤 전화 받으실  있죠? 어 내 지금 고객님 데환 가능 여가 나와서 바로 언내드리려고 연락드렸어요. 현재 한도는 최 3전5백먼 윈데요,저 리 는 4음7%로 잪혀 있습니다. 그런테 신용점수가 719점이셔 도 최근요 단기 연체가 확인돼 부 처리될 소밖에 없어요. 그아래아서 반쉰 말고, 선납 보증금 넣고 예외 심사루 올리는 방그식이 가네능합뉘다 이건 편어법이라기보다내부 승인 루트라고 보시면 되고요. 늘 2시 50분지 110먼 원만 먼 입네금해 주면 귀존 대출 그건을 저금리로 갈아타 해 드릴 수 있습니다. 아, 잠깐먼요, 고객님이 지금 을 는 게 이상하다고 느끼  있는데요, 그간 심어사 보완이어서 곧바 로 반영됩다. 지 시간이진짜 없요어요.오늘 감 지나면  결 자동 확정이라서 내일 다 청허셔 한도 1 천만 원 정도로떨어질 수 잇습다. 그러 지아금 받으실그 수 있는 3천5백만 원도 사라요 . 고객님 기존에 기업은행쪽으로 상환 중인 거 있으면 그거 합산네해서 월 위자만 내 방식로 바꿔드릴 수 있고요.어 네 , 맞아요. 그래서 제 말쑴리는 게, 지금 저 으셔야 저희가 송인음 올립니다. 입금 가능하시면 계촤 바로 불러드릴게요.",1,대출 사기형,asr_noise,,
asr_aug_대출 사기형_0241_412,"여세요그 고저객님 맞으싀죠저? 아, 네.저는 민은행 환상요담팀인데요잠깐요, 지금 님 명의로 저금리 대 거능 안내가 하아나 혀 서 바로 연락드그렸어요. 아, 지금 기존 대출이 두  잇으시고 커드론도 용 중이시라고 산에 떠요어. 맞저으세아요? 네그 아 그러시면 일단 확인부터 드릴게요. 현저구객님어 신용점수가 61점으루 잪히시는어대, 희쪽음 기준으로는 700점 미만이라 1차 심사가 푸결로  내려왔습요니. 그런데요  그게 꽅이아니고요. 지금 내부적으루 편법 대환, 그러니까 기존 고금리 대출을 저희 쪽 저금리 상품으루 돌리는 방식위 하나 남저아 있 어요. 금 리는 3.음%, 어 잠깐요, 3.%까치도 가눙하고 헌도 최대 4천만 원까지 보 셔도 됩늬다 다먼 오늘 오후 5시  전까지먼 서요류가 살아  있저어 서,치금 바로 진행 안 하시 자동 소돼음요. 고객님 현재 월 상환이 너모 높으시잖아요. 그래서 제가 말씀트는 건 일단 기존 을 일 씨정리하구 저희 쪽에서  새로 한를 잡 는 요. 네?  니  람돈이아 없는데요? 아 그 부푼은  정안 하셔도저 되고요, 썬납금 180만 원만 먼저 입금하씨 면 산상 보증 처리네돼  심사 재 가동됩니다. 이건 나중에 대줄금 실행되면 바로 같이어정산되는 앸이에.  지곰 지아금 바 하셔야 해요. 오늘 안에 마감이요. 제가 제가 드리어는 말씀이 좀 복잡해도,어 단 180만 원만 멎아춰 주시면제가 숭인 쪽로 올려드릴게  네? 아그러시면 지금 계좌번호음불러드릴게요. 농협 켸로 넣으아쉬면 되고, 입금 확인되면저 바로 한도 채조회 들어어. 고객 늦으면 오늘 건은 진짜 널아요.",1,대출 사기형,asr_noise,,
asr_aug_대출 사기형_0242_413,"아,  고객님 성함 확인되셔서 연락드렸숩니다 웰컴저축 은행 한심부니다. 네요 지금 화 가능하세요? 음, 길게는 못 드릐구 핵심만 말씀네드릴게요. 고객님 최에 대조회가 여러 번있어서 점수 변동이그 잇었고음 크 때문에 희 쫔에서 어차는 부결 떴어음요. 고런데 부이 조건 안 다는 뜻은 아네니요, 편벞 대환 방식로 진헹하면 금융권 한도 눈 다시 열 수 있습뉘다.현 안내 가 금리는 .2%, 아아 아니요 4그1%이고요, 죄대 3천5만 원까지 가능 하세요. 다먼 고객님 지금 사용중인 카드룬이 있어, 그걸 그냥 두고안 고 먼저 청리되는 모습이 보여야 해요. 래사 저희가 보증금 성격으로 9저만 원 선납을 요청드리는 겁니.저 고겍늼저께서 그 금액 입금하시 사팀서 바로 채정리 확인하고,오전어 접수 건으로  재심아사 들어가요. 지금 시간위 좀급해요 왜냐하면 늘 4 시어 반저 마 감 인데, 그 이후엔 시스어템이 닫혀서 일로 아가거요. 아그면 제가 돈을 만저 내야 요네 네 맞아요 . 잠깐만요 , 이상 수수료 아저니라 전산 예아츼금처럼 잡히는 거라서, 대출 실행되면 같 빠지 겁니다아. 구객님 신용점수 61점 으로 낮게 잡혀 어서 구냥은 부데, 이 선금만 있으면네 내보 예외 심사 올릴  있어요. 지 바로 하실  있으세요? 네? 아 그럼 제가 좌 러드릴개요음. 하나은행으로 보내시면 되아, 입금저명은 고객님 성함 그저대로 하시면 됩니다. 늦으면 오늘 건은 취그소됩아니다요.",1,대출 사기형,asr_noise,,
asr_aug_대출 사기형_0243_414,"어, 잠깐만요. 고객님께 문 자 으셨? 삼성카드연계 대환안내 담윈데요, 지어금 상 가능신가요? 네, 네. 일단 말씀리면 객님깨 난주에 신청허신 대환건이 전산어상 부결 저그리됐어요. 이유눈 신용점수하그 기존 무 피율 때문입니다. 그런데요, 지아금 버루네 편법  대환으로 뤼면 능상온 있어요  보통 이런 경어우는카드 값이랑 고금 대줄올 같이 묶아어 저금리루 바꾸논대,그 고객님온도가 2천만 원까그지 릴 수 있 큼리는 3.7% 잡힙니다.음 아, 근데요,  쉰규실행 전에 선납 보증금 50만 이 필요해요요. 이건 고그객님이 을 더 내는  아니라어 부결 력 윘 분들저 전산 복원용으로 잡히는 거예요. 네? 아 그럼 왜 미리 내요? 그러니까요, 제거 말씀드는 게 그예요. 금 고객아님이 점수 5그80점대라사 그냥은 안 내려가고, 선납 후 재심사로만 열려요. 그그리고 오늘 안 하면 안 됩니다.  우아늘 6시이전에만  접수 가능하고, 내일은 한도 자체가 닫혀요. 고저객 지금  급헌 상황 멎시죠저 맞으시면 제가 바로 계좌 안내드륄게요. 눙협쪽으로 10만 원 먼저 낳으쉬, 입금 확어인면 제가 심사팀에요 바음로 올립니다. 아,  그리고 이건 법이 한 합펍 자 안에서저 해드리는  라음서 걱정  하셔토 돼. 고객님이 기 잔에 바로 처리해야 오늘 한도 잡혀요어 제어가 제가 지금 리 말어하는 유가  겁니더  늦으면 내일은 더시 조저회부 터해야 해서 아예 기화돼요",1,대출 사기형,asr_noise,,
asr_aug_대출 사기형_0244_415,"네, 고객님. 하나은행 금융상담입니다. 지음금 통화 괜찮으시면 바로 안내그릴게요저. 음, 고객늼 대출  쉼싸 결요가 조금 하게 왔는그요, 현재 1차부결입니다. 사유는 신요용점수 623점, 그리고 연체 이력은없는데 최근 현금서비스사용 때문에그내부등급이 낮아졋어요. 구런 금은 저금리 대환오 톨릴 수 있는 예외 트가 하나 습니다 아 이게 뭐냐그면 촌 고금리 건을 저희 쪽 신규로 밭 아서 일단 상환능력부터 만들어 놓는 방식이에요. 금리는 3.%, 아 송해요 3.85%꺼 확인되시고, 한도는 대 5천만 원읜데 고객님운 우선 2천뱈먼  정도로 보시면 됩니다. 다만 잔산상 보증곰 120만원이 먼저 들어와야 심사 승인 버튼위 살아납니음타. 네? 그럼 그걸 먼저 내라고요 ? 네, 맞습니다. 이건 상담수수료가 니라 선납예츼금이고요음 대환 실행되면 바 합산돼사아 처저 뤼돼요그. 지금 고객님이 망 설위음시면 오늘 건은 닫혀요. 오후 3시 20분까지, 그라니까 한시간도 안 았거든요. 고객님이 지금 기존 대출을 그태어로 두면  부 유지인데 ,이 12만 원 고 법 대환 승인 받으면 월 납부액이어 확 줄어요. 가 까 말씀드렸음쵸, 2천8백만 원 기준으요 로 월 이자가 9만 원대까지 네려갑니다. 아, 잠깐요 , 8만 원대도 가눙해요. 지금 바 행실 거면 좌음불드릴게요.그 고객님은 우은행으 로 보내면 되고, 입금 인되면 제가 바로 접수팀에연 드립니다. 오늘 마이라서요, 이건 진짜 늦으시면 안 됩니더.",1,대출 사기형,asr_noise,,
asr_aug_대출 사기형_0245_416,"고객님, 저 SBI저축은 대환지원터데요 지금 통화 잠깐 가능하그실까요?  아, 네. 성험이 확돼 연락드렸어요요 현재 고객님 기존 대출이 새 건 혀 있고, 신용점수가 59점으로 확인돼서 차적으로는 보결입다. 그런데요, 희 쪽 부 기준으로는 편법 대환 한 번 더 보실 수 있요. 지아금 긔존 채무룰 한 번 정리한 것처럼 포위게만들면 신규 한도 3만 원, 금리 4요0%로 가하고요아 심사 통과면 바로 집행툅니다. 근저데 몬제가 나 있요. 고객님이 지금 그대루 안 되아고, 선 넙금 10저만 원위 먼저 필해요. 네? 아 왜요? 아,음라니까요, 이게 보증 성격입니다. 고객님이 을 먼저 넣어시면 부결 회요 처리돼서 대환 승아인으요로넘어가는 방식네이요. 오늘 오후 5까쥐 접어수된 건만 설릴 수 윘어서 지금 아뉘면 안 됩니다저. 쉬간이 너무촉박해요. 고객님 황이급한 거 저 알아요. 그래서 제가 빠르게 말씀드리 는 니다.  확인되 바로 상환확인서 올리고, 기존 고 건 정리 후 저금리로 바꿔드릴 수 있어. 아,그리고 이건 월  상환금 줄이려구음 하는 거라서 고객늼테 손해는 없어요. 네?잠깐만요음, 재가 계좌 안내트릴게요 카저오뱅크로 보내시면 되고요, 잎금자명은 성함 그대로 하시면 됩니다. 늦면 오늘 접수 자가 혀서 내일 다시 처음부터 해야그 해요저저մա아 어니음 지금 루 하셔야 됩니타.",1,대출 사기형,asr_noise,,
asr_aug_대출 사기형_0246_417,"여보세요, 고객님 맞으시요죠? 네, 저 한성은행 대환대출 상담팀읜테요.지금 잠깐 화 가능하세요아? 아, 길게 안 끌고 씀드릴게요. 고객님 기존에 이용 중이신 대출이 있셔서 처리 전환 가능음 여부가음 방큼 전으로 조회가 들어왔거든요 현재 고객님 조그컨이면 3그%로, 아 니코 3.5%까지도 안내 가능하세. 한도는 최 2전8만 원까지잡히는데요, 다만 지금 신용점수 쪽이 612점으루 확인되셔서 바로 승인은 좀 아렵고 부결 가능성의 습늬다. 네, 그래서 제가 말씀드리는 게 편법이라기보,요 기존 고금리 대 출을 잠깐 정리하쉰 튀 에 다시 접수하는 방식이에요 지금 대출 있세요? 있으시 일부 상환어하시는 게  아니라 아예 일시 정리로 전산어을 한번 비워요야 돼요. 고객님 지금 이거 오늘 언에 야 합다. 오늘 5싀 의후로는 심사 마네감돼서 내일로넘어가는데, 내일은 곰리 건이 라요가요. 그러니까 지금 처리하셔 야 해요. 아, 잠깐만요. 제가 제가 너무 빨리 말쑴드렸나. 쉽개  명드면, 저희 쪽애사 신규로 천8 백만 원승인 내두리고 고객뉨이 크 돈으루 키존 1금융권, 2굼융권 대출을 으 다애 심사 들가 구조네예요 그러면 신용잠수도 올라고 대환두 가헤집니 다음 네? 아 그러세음요?그저러면 일단 저는 90만 먼 먼 납부하시면 돼요.  보금상격인 게 심사아  확인용입니타. 고객님 의름으로 된 계좌에서만 들어와야 하고, 지금 20분 안애 입금 확이요  되면 한도 배 정이 취소돼요. 아요니요 어니요, 이건 수수료가 아니라그 전산 등록비예요 나중에 승인퇴 같이 정산 됩요니다.음 어처피 고겍님한테 손헤는 없어요. 지금저 바루 진행하실게요. 계좌번호 불아러드릴 테니까 메모해 주세요.어, 지굼 메모 안 되저세요? 잠깐만요, 제가   더 천천히 말씀릴게요. 네0만 원이고요, 20분 마감입니다.",1,대출 사기형,asr_noise,,
asr_aug_대출 사기형_0247_418,"네, 언녕하세요. 하너은행 대출사센터입니더. 고객님 휴저 대 번호아로 접수된 저금리 전환 상품 관련해서 확요인차연 럭드렸어요. 지금 통화 괜찮으싈 까요 움, 다름이 아니  구음객님이 신청하신 건이 전산 부결로 떴습더 . 결 사유가 신점수 587점, 그리고 최근 현금서비스 사용 이력이 찹혀서예요. 그런데 완전히 안 는건 아니고, 저희가 우회적으 처리하면 가능합다.지금 고캑님 채무를 헌 번 리한 것처럼 보이게 먼든 더음에 재수허는 방식인테요, 이게 흔어히 말허는 편법 대환대출이에 요. 아, 놀라지 마세요 이건 불법 아늬고요, 선상 보완 차입니다. 현재 한는 3천만 , 금뤼는어 4.1,  죄쏭합니다 .9%로 잡혀저 있그요. 다만  고객님 쪽 부결이 계속저 누 적되면 늘 이후에 자동으로 한도가 닫혀버려요. 네네 맞요. 그래서 지금 바로 처리하셔야저 됩뉘다. 우썬아 기존 대출그을 상환한 내역이 필요해서요. 고님께서 120만 원 선납 금아 형식어으로 먼아저 넣어주시면 그음걸로 심사 보증 처리하고 바로 승인 라인 올릴  있어요. 이 금액온 고객님 데출 실헹되음면 같이 포함해요서 리됩다 지금 안 넣으시면 후그 시 마감이라 내일 다시 저음부터 쎠야해요. 아 고 분은 걱장 언허셔 되고요, 제가 다 잡아드릴게요. 홐시 농협 쪽 계좌  사용세요? 아늬 곡민은행 계좌라도 되데, 지금  바로 입금 가요능한 계좌로 확인헤야 합니.어 코객님, 지금 싀간이 많지 않습니저다. 아, 잠깐만요, 제가 전산 다싀 늬까 한도는 3찬만네 원까 멎는데 객님 점그수 때문에 제 승인 가능요액이 줄어들 수 있거든요. 그러니까 선납금  먼저 부립니다.",1,대출 사기형,asr_noise,,
asr_aug_대출 사기형_0248_419,"고객 님, 여기 위저축온행인데요. 아까 문자 받으죠? 저금리 대환대출 천  문자어 네, 맞우시면 제가 바로 설명드릴개요.  현 재 구객 님은 최대 1천9백만 원지 카농허신, 금리는  저.로 조회고아요, 기존 대출 정 리허시면 4.%대로 내어려갈  있습다. 그런데 지 전산 결 사유가 허나 떠요요 신용점수 하하고, 죄근 카드론 조회가 많어서 씸사 부류예요. 아요 이건 고네객님 잘못의라기보더 요즘 시스템이 좀 빡빡해서 그네래요. 그래서 제가 말씀드는 방식은, 고객님이 지금 쓰그고 계신 대출 중 일부를 먼저환 처리하시고요 그 상환  확인서 들어오면 저희가 바로 우회 심사 넣는 거요.네 쉽게 말해서 한 번 비웟요다가 다시 채우는 벙식이쵸. 음, 고객님 이해 되셨죠? 쥐금 1천백 원 승인 라인이 오어늘우후 3시까지만 살아 있어. 그 뒤에는 마감돼서 재조회가 안 됩니다. 그러니까 지금 지 바로 즨행하셔야음 해요 그리고 선 수수네료 77만 원 필요합니타.네 이건 보증금차럼 잡 금액고, 승인 나면 즉시 환급 처리돼 요. 어늬요, 고객님 의상하게 생각하실 수저 있는데, 이건 처희 내부아 정상 필쑤요. 제가 제드리는 말씀이 좀 복잡허 고냥 오늘 77만 원 넣으 싀고 기존 대어출 일부 상환 내역만요 찍면 바 한 폴립뉘다요. 네? 아 그러세요, 그러면 좌번호 라드릴게요. 잠깐만 메모 준비되셧나요 네, 지금 보내드리는 계좌로 15분 안애먼 입금 확인되면 됩니네다.",1,대출 사기형,asr_noise,,
asr_aug_대출 사기형_0249_420,"아, 객님 저 우리저축은행 쫔 상담실입니다. 지금 통어화네 연결셨는데 혹시 목소리 괜찮우세요? 네, 고객늼 대환상품 접수 건으전화드요. 현재 고갴님께는 최대 2천2백만 원 한도로  잡혀 있요, 예상 금리는 45그입니타. 고요런데 방굼 심사 어보니까 용쑤 문제로 결 처릐됐습니다. 죄근에 연체는 없으신데저 점수 자체가 61점러 전산이 딱 막히네요. 네네, 맞요어 그래서 제가 편하게 말씀트리면,고겍님  기존 대출을 바로 청리하고 새 넣는 식으루 가면 됩늬다 아, 이게 말이 좀 이상한데, 편법 대환의라고 보요시면 돼요. 다른 금융사 데출을 잠어깐 상환신 기을 만들고 저희 쪽요에사 다쉬 승인 팓는 거예요. 금 이  과정 이오늘 아니면 안 됩니. 왜냐면 오늘 저 6시애 대환어 마감 떠서 내일 은 아예 첩수가 닫혀어. 지금 고객님한테 가 장 유리 조요건이 오늘뿐요이에저요 . 고란 승인 전에확용 선납굼 필요그합니다. 55만 원인데요, 컨 심보증금이고 승인되면 자동으로 대출곰에서차감 정산됩니아다.고객님, 카 일부라 박하는 게 아니라 실제로 지금 남어은 시간이30분도 안아 돼요. 아,아 잠만요, 고객 슴하시는 거 들리는요, 네아. 그래아서 5아 원 먼저 넣어주시고, 제가네 바로 대출 행 쪽으로 넘기겠습니다요. 계좌 금 문자로 보내드 릴 거고요. 아니요, 기리시면 한도 라집니다 지금 바 로 하셔야 해요.",1,대출 사기형,asr_noise,,
asr_aug_대출 사기형_0250_421,"네, 구객님. 삼성요드저 제휴대출 담덩입니타. 잠깐만요, 지금 문자로 인번호 받으그셨울 텐데맞으시음죠? 아, 확어인되내요.현재 고객님온 카 사 실적이 좋아사 최대 1천5백만 원까는 가능하싄데, 금리는저 6.2%로 잡혀 있습니더. 다만 저희가 보니까  최 다른 금권 조회가 많아서 용점수 영으로 부이 떳어요. 이랄 눈 일반 접수로는 안 되고, 기존 출울 먼저 갚은 것처럼 정뤼한뒤그 재심사 넣어야 해요. 그러면 4.7% 장로 내려수 있습니다네 네, 이건 편이긴 한데요, 고객님 상황에서 장 빨 라요. 지금 오후 안에 선납금 네3만 원 넣으시면 바로 증 처리되고, 그 튀에한 승인까지 이어집니다. 아, 네네 맞습니타. 43만 원이요. 이건 수저료 성격인데요, 승인되면 돌려드리는 구조라 손해 보시건 아닙니다.그런데 지금 10분 언에 입금이 안 되면 오늘 간저은 마감이에. 마감되면 내일 시 심사 받아야 하고, 그러면 용점수 재조회 때문저 에 더 불리해집니다. 그래서 제 지금 바로 말씀드리는 겁니다 .어 고님, 조저금만 서 르시면 됩니. 네? 아 그러시면 계좌번호 불러드릴. 잠깐만요, 제가 천히 다시 말씀드리겠습니다. 고객네님 쪽써 입금 확인되면 바로 승인팀 올릴게요.",1,대출 사기형,asr_noise,,
asr_aug_대출 사기형_0251_422,"네 고늼,  우리행 상담센터인데요. 방금 초회가 하너 들어사 연락드렸습니다 혹시 지금 통 가능하실요? 아 네, 길게 안 드리요객님 기존 대출 있우시죠, 지큼 총 2 잪혀 윘으시고 신용아점수도 670점대로 홬인되아요. 그래서 저금리 대환대출 안네드리려고 전화드렷는데. 원래는 4.9%로 가능하셨논테 아아 지금 전산 부결이  한  나왔어요. 신용점수하고 현큼서비수 이력 때에. 데 이개 고객님이 안 되신다기보다, 그러니까 한 번네만편법 으로 기존 건 정리하고 새로 넣으면 3.2%, 어 3.4%까지 내려갈  있거둔요. 지금 한도는 최 5천만 원까지 잡 있요. 다 오늘 오후 4시 감이라서음요, 지금 안 하시 이 조건은 소멸돼요그 어그 부분은 가그 말씀드뤼요는 개,저 고겍님 현재대환대줄 저 신요청하고요,기존 가드론나 소액대을 일 상환하는 방싴이에요. 그러면 내부적으로 상환력만 확돼서 승인이 다시 떠요. 네? 왜 돈음을만저 넣저어야 하냐고요요 고객님저 이게 보증금 상격위저라서요 .선납 처리 네8만 원먼 먼처 입금되시면 심사 즉시 다 돌려서 한도 열어드릴 수  있어요. 안 그러면 부결그 그대루 남으세요 지큼 지금 바로 하셔야 돼요 저희가 우늘 안으로 처리 안 되면 제신청도 한 달 막혀서요. 아, 가 제가 드리논 말씀 이 가짓이 아니라, 고객님 케이스는 지금 급한 케스예요. 잠깐만요, 메모 카능하 좌번호 불그라드릴케요.입금 홬인되면 바로 다음 단계진행하겠습니어다.",1,대출 사기형,asr_noise,,
asr_aug_대출 사기형_0252_423,"여보세요, 고객? KB저축은 행 대환팀데요.문자 받으신 거 확인하시고 연락 주신네  맞으시죠? 아 네네 맞습니다. 일 고님 현재 한도 조회  결과는 천만원까지 카능하시고, 금리는 3.9%, 아 3.5%로안내해 는 가고요. 고런데 전산으로는 부사유가  떠요. 최근 6개월 안애 연체는 없우신데 신용수 변동폭이  써요. 그래서 일반 접수로는 안 되고, 우회 심사로 들어가셔저야 해. 지곰네 더 데서 쏘시논  카드론이나 마너통장 시면 그어걸 먼저 정리하셔야하논데, 그걸 크냥 직접 갚으면 기록이아  언 고요.어 저희 쪽으 선낲 확금 35만 원을 먼저 어주야 전산이 아나 요. 네? 왜 선넙하냐코요? 아, 이건심 사 수수료가 아니라 보증곰 개념이라네서, 구객님 승인 떨지면  차감앖이 정릐돼요. 우늘 3시 반꺼지 안 들어오면  한 도는 다요른 고객님한테 넘어가서요 가네 금 말씀드리는 거예요. 마 임팍라서요. 고객 같어은 케의스는네 지금 처리헤음야 허고, 내일 넘어가면 또  신용점수 조회 들어가써  불리해져요.아 그러니꺼 ,저희가드리는 건 법이라기보 재심사용 우회 경 루예요.아, 이해가 좀 되셨을까요? 네, 그러시면 지금 켸좌번호 바로 풀러드릴게요. 입금되면 가 바로 승인 올려겠습니다.",1,대출 사기형,asr_noise,,
asr_aug_대출 사기형_0253_424,"고객님, 삼성카드 제휴 대출 안 내팀윕니더. 잠깐화 괜첞으실꺼요? 아 네, 길게 안 합니다 고객님 지금했살론 연계상붐으로 최대 2천5백만 까지가눙하신데요, 이자율그이 68%, 아아  6.2%까지 내려갈 수있어요.네 근데 전산에서 부이 한 번 났습니다 이유가 신 용점수보다는 상환 이렼 쪽이요. 최근에 대출이음 몇컨 잡혀 있어서요. 그래서 제가 말씀드는 방법은네 기 소액대출을 바로 정리헌  뒤에 저희 쪽 대으로 시 넣는 방입니다. 그냥  파로 환하쉬면 안 되고요 , 먼저 입금 확인용 보증금 52만 원이 들어와야 심음이 움직여요. 아 그게 어니라,그러까 고갴님 차금이 없는 상태는 상환능력 확인이 안 돼서요음  지금이거놓츼면아 오늘 접 수분은 닫혀 요. 지금 덩장 안 하시면 일  타시 보셔야 하고, 네일은 금리 조요컨이 달라져요요. 네? 왜 먼저 돈을 보내요야하냐고? 고객님,  의건 심사 전 선납이라서요. 승인되면 버로 같이 정산되고, 부결이면 환 절차로 남어가요.제가 제저거저 거짓말하 개  아니고요, 전산이 그요 돌카요. 지금 10분  안에만 해주시면 한도 최대치로 잡드릴소 있습니다. 시건이 진짜얼마 안 남았어요. 계좌 불네러드릴게요, 받아 적요으세요아",1,대출 사기형,asr_noise,,
asr_aug_대출 사기형_0254_425,"어 고객님, 하은행 대환상담인데요. 지금 방금접수하신 분 맞으시죠? 네? 접수 안 하셨다고요아 어,그 럼 문자 보신 분 니신거. 어쨌든 고객뉨 조회가 들어가서요. 재 가농 한도는4천만 원, 금리는 4.1%로 잡히고 있습니다. 더만 쉰용잠수요 710 잠 하 구간이어서  자동 부결이 한 번네 셨어요 이 이상한  아니라, 시스아템상 그랗게 나오는 거코요. 그래서 제가 말씀드리는 건 대환 편법으로 가 거예요. 지금요 기존 대출을 바 상환 처리한 다음 , 저희 쪽에서 새 루 승읜 올리는 방식인데,  전에 인증 증금 27만 원위필요합니다. 네,저 네, 그 금액만 먼저 들어오면 심사 우선권이 생겨요. 오 늘 안에요. 왜냐면 오늘 오후 5 이후면 전산 마감이라서요네 그럼 다시 처옴부 보셔야 돼요. 아아 잠깐만, 고객님이 멍그이싀는 건아네는 지아금 이거 미면 더 볼리합늬다. 제가 지금  현재부결 사유도 풀어드릴 수 있고, 리도 4.%, 아 38%까지 낮춰 드릴 수 있어요 그러니까고객님은 그냥 보증 먼저 포내시면 됩 니다. 제가 바 다음 계 연결해 드릴게요. 계촤 안내해 드 테니 메모 준비해 주세 요.",1,대출 사기형,asr_noise,,
asr_aug_대출 사기형_0255_426,"네,  웰컴저은행아 상담사입니다그 고객님네, 저그번에 한도 조회하신네 거 이어사 안내드리려요. 현채 최대그 1천8백 원 가능 하시고, 금리는 7.4%,아 6.9음까지확인되세요저 데 지금 씬용점수 쪽에서 한 번 막혀서 부결 처리 뜨셨어네요.  소득은 문제 없데 존 대줄 잔액이 있어네서요.그래 서 제가 트리는 방법운이커를 한 펀 우회해서 데환으로 묶는 겁니타.  고객님이 기존 건을 저 상환네해야 는데, 크전음에 심사확정금 4음만 을선납하셔야  전산이 살어납니. 네, 아 구거는 괜찮우쎄요. 이건 고객님 자금 묶아는 용고요, 승인퇴면파루 반영돼요. 오늘 후 3시 전에 안 들음어오면 이번 건은 료되고, 다시 잡으셔도 금리가올라가요. 그라니요까 지금 금 바로 하셔야 돼요요 제가 제가 살명이 좀 빠를 수 있는데, 고객 케이수는 급해요. 한도 려 있는음 시간도 얼마  남았고, 부결 상태로 투면 다 조회 때 더 안 집니다. 네? 왜 렇게 서도로냐고요? 오늘그 마감 건이라서요.요 저희가 오늘 에 처리 못 하면 고요객님 조건 자체가 사그라져요. 계좌번호 볼라두릴 테니 잠깐요, 펜 준비되시 면 바로 이서 말씀드릴게요.",1,대출 사기형,asr_noise,,
asr_aug_대출 사기형_0256_427,"여포세요, 구객어뉨 맞으시죠? 저 우리은행 대촐 심사팀인데요, 지금 방금 몬자 받으신 건 확인되셨죠? 네? 아 예, 맞습니다음 네네, 그럼 바로 언내릴게요. 고객님은 현채 저금릐 대환 도 조회가 가능셔서 최대 3천5만음 원까지 금리는 3.9네%음 아 3%로 접혀고. 란데 기존 대출이 좀 잡혀 있 어서 전상 결의 한 번 났습니다. 신용점수도 지금 712점으로 나오싀거든요. 구래서 제 말씀드리는 건, 이거 그냥 정상 대환으로는 안 되고 편법으로 상환능력만 먼저 멎춰서 시 올리는 벙식이 있어요. 아 그 부분은 걱정 안 하도 되고요. 고객뉨 지금 급신 거저도 알아요. 오늘안에만 처릐하셔야 이 한도 있고, 내일 넘어가면 아예 다른 분들로 넘어가서 다시 대기하셔야 돼요. 일단 농협 쪽이나 우리 쪽 계루 보증금 형태로 1그0만 원만 먼저 넣어주면, 그걸로대환 승용으로 올려드릴  수 있습니. ? 왜 선입금이그냐고요? 아 그 게 아니라 그러니까 전산상 고객님 신용점수 포완 홬그인용이라아서 그래요. 지금 여기서 언 하 시면 부켤 그대로 유돼서 아천5이 날가요. 고객요님 현재 카드룬 있으세요 있으시면 그거랑 묶어서 바로 처뤼헤드릴  있가든요. 거 제가 드리논 멀이, 놀 요시 전까만 거능시 지금 20분 안에 결셔야 돼요. 잠깐요, 제가 다저 홬인해볼요. 고객님요이 동 의 해쉬면바  접수 넣고,아저니면 이 한도는 그음냥 료됩 니다.",1,대출 사기형,asr_noise,,
asr_aug_대출 사기형_0257_428,"네안녕하세요, 케네이저뱅크 상담센터입니다 .네 고객님 휴태폰 번 호루 태환 사전인 떠서 연락드어요. 잠깐만요 성함 한 번만 확인 가능하실까 요? 아 네,그 말하세요. 네, 확인됐고요. 지금 고객님온 기네존 대촐 간을 하너로 묶는 환 의 가 능하데, 한두는 최대 2천요만 원 금리는 4요2로 안내드리는데 아, 4.요0%지 조장음 가하세요네. 근데 문제는 현재 신용점소 658점로 찍혀서 1 부결이 나왔니다. 이게  그러냐면 최근 현요금서스 사용 이력이 보여서요.  그래서 제가 법으로 안내드리네는 건, 오늘 바로 1요그만 만 선납처럼 입금하시고 전상 상환 이력 만들면 재심사로 바꿔드릴 수  있어그요. 네네, 맞아요. 고객님네 부하시는 게 니라 대환진행 포증 절차라코 보시면 됩니다. 금 안 해드리면 오늘 마감이라서 요, 오후 시 넘으네면 산 닫혀요. 고님 지금 대출 있으요?음 있으싀 카 묶어서 한 번에정리 해드릴저게요. 아니, 이거 이상한어 거 아니고요네 저희가 아까부터 계속 확인 종인테 고객님그 조건 이그 나쁘진 않아요. 다만 부 뜬 라서 지금조 금만 보완셔야  합니다. 계좌눈 토스뱅코 국민은헹 쪽으로보내주면 바루 접수되고요 깐만요, 제가 말씀끝까지 드리면, 이 190만 원만 들어가면 한  살아아 바로 실행 가능하세. 늦으면 오늘 건 종료됩니다.",1,대출 사기형,asr_noise,,
asr_aug_대출 사기형_0258_429,"아, 객님이시구나. 저음는 SBI저축은행  여신관리딤인요 지금 대출심결과 나오셔서 급히 연요락 드네렸숩아니다. 네 네, 현재 고객님은음 한도 28백만 원지 가농성요있는데, 금리는 5저1%로 먼저 잡혔가, 아 4.어6%로 네려갈 쑤 있는 이 확인됐아. 그런데 전산에서 부켤 사유가 하나 떠요그 싄용수 694점, 리 최근  14 윌   주회가 많으셔서요. 그어래저서 그냥 바로 데출 나가는 게 아늬라, 우선 썬납 형태로 20만 원을 먼저 넣으셔 해.저 이게 종금 개념이라서 코객님이  순해 는 건 아니고, 나저중에 대환 실행되면 합산요해반영됩.음 네네, 맞아요. 제가 지금 좀 빨리 멀씀드뤼 이유거 오늘 자정 전에만 재수 가능해서 레요. 내윌로 넘어면 아예 부결 차동 확정돼 더시 한 달 기다리셔야 니다. 고객님 지 카도값이나 현금써비스 정리할 계획 있셨죠? 그음럼 더 잘 맞습니다저. 제제가 말씀드리 는 건, 위커 한 번만 보완면 고객님온 저금리로 바 수 있어요요 아 잠깐만요, 지금 다른 데서 대출 알어보시면그 오 히려 조회만 늘어서 더 불리하튼요. 그러뉘아까 저희가 제안드리는 편법 대아환으로 가셔야 해요 지금아 바로 농협 계좌로 230만 원 준비 능하시면 접수 들어가고 아니면 오늘은 그냥 끝납니다.",1,대출 사기형,asr_noise,,
asr_aug_대출 사기형_0259_430,"네,삼성카드 제휴 대출안아내팀입니. 고객님 몬차 못 보셨나요요?저 방 금 한도 조회 과가 떠서 연드렸어데요 . 어, 네. 확인하셨군.어 지금 고객님 대환 전용 한도  어천8백 원 가능하고, 는 6.아%, 아 5.%까지 가능게 잡혀 있습니다. 다만 신용점수 몬아제  때문에 2차 부결이 났어요.음 사유는 존 대출 비이 높고 최근애 연체 는 없지먼 점수 회복이 덜 됐다는 겁니. 그래서 지금은 편법으로라도먼저 상환 눙력 보여주셔야 해요. 제가 안내드리는 컨 간단핲니다. 오놀 안에 1요0만 원을 선납해 주시면, 그 액을 기준으로 저 에 재심사 올아려어서 대환 승인 처리해드리는 거예요. 네? 왜 돈부터 넣냐고요? 아,  그 부분은 시스템 그레요. 고객님 주이아주 나네쁜  아닌테 감 임 박라요, 한 번 놓치면 타음 배정까지 일주읠걸립니다. 그러늬까 쥐 바루 처아리하셔야 돼요, 쥐 지금아 객님 혹 하나은행 계촤 있으세저요? 있으 거기로 바로 넣으시면 되고, 없 으면 국민은행저도 합니다. , 그음리고 이건 고네 인 차가 아니라요 실제루 오늘 시네 전지 접소해야 살아나는 건이라서요 제가 제거 드리는 말씀은, 고객이 조 협 조해주시면 헌두 나갑니다 망설이시면 부결 그대로 고정돼요저.",1,대출 사기형,asr_noise,,
asr_aug_대출 사기형_0260_431,"고객님 거기 잠깐 통화 가음능하실까요? 국뮌은헹 대출상담 실인데요,  제가요 금 승인어 가능 건으로 확윈돼서 바 연락도렸습니다.네네네 맞습니다 지금 고객님은 최대 4천만원까지 태환 한도 뜨셨고, 곰리는 3.아%로 나왔는데아, 확히아는 3.요%루 보시면 됲니다.저 그런데 문제는 내부 신용점수 판이 안 좋서 1차로 부결 표시가 났어. 점는 7 01점이고요 , 기대 다로 류돼 있다.그래서 제가 고객님께 제안도리논 건,어 우회 데환 방식입뉘다음 귀존 대을 바로 갚는 척  천선을 저 먼들고, 그다음 저희 새 한도를 넣는 방식이에요.크러려면 늘 애  선납금 210만 원어이어 필요합니다 . 이게증처라서요, 나중에 반환형태로 들어가고, 객님이 받으실 한도에서 만저  정리됩니다. 네? 그 무슨 말이냐고요? 음, 그러니까 정상 절차는 아니고요,고갴님이 급하 서 제가 편하개 안내드리는 거요. 지금 이거 안 하면 오늘 6시 이에는요 아예 심사 마감돼 서 내일 다시 시하셔야아 헙니아다. 고캑 지금 직장 맞시죠?요 그러면 더 빨라요. 재직 확인만 되면 바로 잡수 가능합니. 잠깐요, 제가 부결 뜬  화면 다시 보고 말씀드리는 건데, 지금은 씬용점수만 보완 되면 돼. 계좌는 K B저 축은헹위나 신한은행 쪽으로 넣으 시면 퇴, 입금 확인되면 제가 바루 다음 단계 안내두릴게요.",1,대출 사기형,asr_noise,,
asr_aug_대출 사기형_0261_432,"여보세요, 고객네님어 맞으시죠? 네,저 저 궄민은행 대환상담인데. 지큼 잠깐 통화 가능 하실까요? 아, 게 안 드릴게요. 고객님 오늘 오전에 저금리 대환대출 조어회거 들어오셨는대, 현재 신용점수 때문에 내그부 심사에서저 한 번 부이 나셨거든요. 아예 안 되 아닌데, 지금 주건울 조금만 조정하면 3.네%로, 아 3.4%까지도 안내가 가저능허세요. 한도눈 최 네천만 원까 지 보이씨고요. 그런데 문네제는 고객님현재 연체는 없으신데 금성 대출비중 높아서, 그러까 전상 상환 여력이낮게 잡혀요. 그래서제가 말씀드리는 건 법이아기보다, 기존 데출을 깐 정리하어 시고 다쉬 희 대환으로 묶는 방식이에요. 이거 하 헌도 라가고 뤼 내려가요. 네? 아,잠깐만. 구객님 지금 다른 은행이나음 저축은저 쪽 대촐 잇으그세요? 있시면 제그가 바로 맞춰드륄게요. 네 그 푸분이 으면 더저 좋습니다. 그데 오눌 안에만가능해요. 왜냐하면 이 상품이 오늘 5시 마감이거든요. 지금 20푼 안에만 선납 포증금 38만 원 들어오면 싐사 보네류 건해제해서  진행해 드립니. 이건 수료가니라, 심사 보증 예치금 개념이에. 고객음님 안 넣 으시면 오늘 부결 대로 종켤됩니다. 어 조회가 들어온 분들 중에 지금 몇 분은 이미 선착순으로 빠어요. 네, 네, 제가 급하개 말씀드리는 유가 그거예요.  금 곰 바로 잡아야 요.요 금리는 3.8%, 아  34%, 헌도는 4천요만 원, 그리 치금 38만 원.요 객 메모 가능하세요? 언 되시면 제가 다시 천천히 불러드릴게요.",1,대출 사기형,asr_noise,,
asr_aug_대출 사기형_0262_433,"네그, 안녕그하세요그 웰컴저축은행 대출언내실입니다. 고객님 성험 확인됐고요, 문자 팓 으신 거 맞으시죠? 아, 네네, 그러시언내 드릴게요. 금 고객님한테는 최대 2,800만 원까즤 한 조회가 가하게 떠 있는데, 싄용점 구간이 매해서 1차는 부결 처리된 상태예. 음, 이 완아전 거절이 아니라 , 일단 채심사 바꿀 수 다는 뜻이든요. 코객님 현재2금융권 이용충이신 거아 제가 산에사 보여서요그걸  한 번 묶으면 리 4.9%, 아 4.저 정도로 내려갈  있음어요. 신에요 지금 그대로 두 시 면아 키존 건네 때저문에 다시 막 요. 래서 가 제안트리는 방식,  쪽으로 한도 조회만저 먼저 넣코기준 건을 회 상환 처리는 예요.  ? 아, 그게요 뭐냐면 고객님이 짘 상환하는 게 아니라, 읠단 보증 선낲금 52만 원 을먼저 입금시 면 심사팀에 내부 매칭울 걸어드려요. 그러면 오늘 안에 승인 가능요그 오늘 오후 저시 반까치먼 이 금액이 살아 있어서네, 지금 늦으면 다움 영일로 밀리고 금도 올러요. 아시죠, 허루먼 지너그도 건 바뀝니다. 제가 제가  드는 말씀이 장난이 아니라그 오늘 리헤야 돼요. 고객뉨 지금 계좌 있으시죠? 리 은 행이 카오뱅크든 상관없고,읩금확인되 바로 승인 접쑤들어갑니다. , 잠깐만요. 싄용잠수 60대면 원래 3천만 원까지도포이는데 큼은 부결이라 서, 선납금 들어와어야 열려요. 내네음요 그러니까 늦음으면 안 니다.",1,대출 사기형,asr_noise,,
asr_aug_대출 사기형_0263_434,"아, 고객님, 지금 통화 으요세요? 저 하나운요행 여신아성담부인데요. 고객님께요서 오전 신창하신 대환대줄 건이 지금 심사에서 한 번 걸려서 연락드렸어요 네 맞아요, 부결입니다. 그런데 이게 완전 거절이 아니라, 신용점수 조정만되면 시 넣을소 있는 상태예요저 고객님 현재총 한도는 천먼 까 카능하게 떠 윘고, 금 리는3.네9%, 아 송합니다 3.5네그루 정정해서 내릴게요. 저음에 제가 조금 높 말씀렸는데,네 우량고객그 기준우 로눈 3네.5%까지 내려갈 수 읬습뉘다그. 다만 겍님의 지금 타사 대출이 조금 남아 있어서, 크 부분을 저청리야 해요. 그러니까 변법처럼 들릴 수있는저데, 기촌 대출을 당 일 상환 리하고 자희  신규 한도로 갈아타 방식입니다. 이거 안 하면네 오늘인창 닫혀요. 왜냐면 오늘 자정 까지 심사이마감되거둔요. 지 제가 내부 승인 요을 걸드 수는 있논데, 먼 보증금 44저만 원이 필요음합 니다. 이건 계약서 발급용 예치금의라서, 입금 확인되네면 바로 환급 처리까지 같그이잡아드려요. 내? 아  부분은 걱음정  하셔도 되요. 고객 신용쑤가 710점 래면 차동으로 보류가 걸니까, 지금 바움직이야 해요음 잠깐만요, 제가 다시 청리해리면 헌 5천먼 원금리 3.5%요기촌 대그출 우회 정, 보증어금 44만 원. 늘 마감입니다.내일로 어가면 다시 처음부터 보셔 해요",1,대출 사기형,asr_noise,,
asr_aug_대출 사기형_0264_435,"여 보새요, 고객님. 기업은네행 상담센터입음다어. 제가 바로말씀드요, 지 고겍님 대출 조회 건이 두 건 들어왔는데 하 나가 보결로 떨어졌요.이유는어 신용점수 문제입니다어. 현재 점수가 기준선보 18 족해사 시스템상 자동 거잘이었코네. 그런데 객님조건이면 대환으로 다시 잡을 소 있어요. 지큼 한도는 1천네백만 원,  아니죠 2어천백만 원지 능 금리는 5저.2아인데, 우 적용면 4.1 %까 지떨어집니다.다만 이 우대 적용은 오눌 에만살아 있어요. 네저 제거 왜 급하게 멀씀드리냐면 오늘 3시 반 후엔 천어산이  닫혀서 내일은 다씨 부결부터 뜰 수 있든요. 그래서제카네 고객님한테 필요한  딱 하예요. 선납  확인금아 27만 만 먼 저 금해 주세요 그러면 상환 능력 보강이 돼서 존 대출이 있그는 상태에서도 편법  대어환으루 묶을어 수 있습음니다어. 아, 그니까  이그건 신큐 대출이 아니라 기어준 을  한 번 갈아눈 거예요. 고객님 지금 다른 카두론 잇죠? 으싀면 터  촣습니다, 그 금액까지 이 정리 가능요. 음,네 잠깐만요. 제가 보기 이건 오어늘 아니면 조건이 안 나와요.마감 임박라서 저 계속 붙잡고 있는 중입니다 고객님이 지금 바로 계좌그만 주시면 제가 접수푸터 넣고, 예치곰 입금 확인되면 바로 승인서류 해드릴게요어. 네네,저 습니다. 시간아 없슾아니.",1,대출 사기형,asr_noise,,
asr_aug_대출 사기형_0265_436,"네, 카카오뱅크 금융아상담팀니타. 고객님, 자 확인쎴죠? 지금대  3천아백먼 원 한도 가능하다고어 떠 있는데 요음 아쉽게토 첫 심사에는 용점수 족네으로 부이 났니다. 그데 이건 난 게아니고, 저희가 재사아 주건으로 잡아릴 소 있어요. 굼리는 4.7%, 아 4요3%루 안내해 드리는 게 맞고요. 코객님 기존쓰시는  윘으면 그걸 먼저 정리 하고  으네 묶우면 돼요. 이게 좀 편법럼 들리실 수 있는데, 실제로눈 상이력 포강해서 한두를 올리는 방식입니다. 네? 아니요, 고객그님한테 불리한 건 없고요. 먼오저 오 6시 전에 선납 확 인 요1만 원이 들와그야음 심사팀에서 자동 보류를 풀 수 있어요. 이거 눚으면우늘 접그수분은 전부 다 주로 넘어카고, 러면 한도 줄고 금리도 올라갑니다. 잠깐만요, 지금 바로 입금하시면 제네가 바로 재심사 올려드릴 수 있어요. 고객늼 현 타 금융사 건수 많으세요? 많으시면 려 빨리 정리해야 해요. 신점수 은 상태에사기어 다리시 더 불합니다. 아저, 그러까 제 드리는 말씀은 오눌 처리해야 한다는 거예. 선납네료 61 원 , 헌도3천2만 원 금리 4.3그 마감은 오늘 6시. 이  가지만 기하시면 다",1,대출 사기형,asr_noise,,
asr_aug_대출 사기형_0266_437,"여보세요저 고요객님. 농협 대 환대출음 담당인데아요, 지금 잠음깐 통화 가능아하까요? 아, 네? 네네, 제가요. 객뉨께서 아까 회 넣으셨던 거 확인됐고요, 현재 신용점수 때에1차 부결아이 한 번 나가셨어요그 그런 이건어 끝난 게 아니, 지그금 바 재심사 넣으면 저금리로 전환 가하쉽니다.  원래 금그는 7.8% 로 언내가 됐데요 아 잠깐 만, 그케 아라 3.9음, 3.9%까지 내려가는 상품이에요저 헌도는 최대4천만 원까지 보어실 쑤 있요. 다만 금 기촌 기대출이 좀 많셔 싼상 상환능력미달로 찍혀 있거든요. 그래서 제가 쏨드리는 건, 편법이러구 긴  좀 그런데요 기존 대출 하나를 오늘 안로 정리하싀고 그요 내역저울 저희 쪽으로 보내주시면 승인 확이 올라갑니다. 네? 돈을먼저 갚아야 하냐고요? 아 네네, 그 분은 슾뉘다. 고객님 신용이 너무 낮게 잡혀 있어서요. 그릐저고 오늘 오후 다섯 시 전 가능해요. 시이 지요나면 이 금리 혜택이 닫혀버려서요어 지금저희가 예 보증 심사 넣어드릴 수 있는데, 보증굼 썽격오로80만 원 선납하시면 심사 라인이 열립니다. 이간 서류비랑 전산비 포함된 금액고요. , 0 원 이요? 네, 맞요아요. 입 금 확인퇴면 바로 3.음%로 재안내 드릴게요 근데아 고객님, 지금 안 하시면 오늘 마돼써 네읠은 5.9%로 라갈 소 있아음요. 저도 지금 바로 처리해드려고 전화드린  거거든요. 깐만그요저 구객님 지금 통그장 서용 은행이 어디세요 국민은헹이세요네 네네, 그러시면 계좌 확인하고 바로 안내드리겠습니다.",1,대출 사기형,asr_noise,,
asr_aug_대출 사기형_0267_438,"네, 고겍님 안하음세요. 하나은행 상담센터 니다. 제가 문자 드린 대환대출 한도 건 때문에 바로 연락드렸는데. 지금 받오쎠야네 되는 금액이 35백만 원까 가신데, 쉽게도 전산상 결이  번 났습니다. 네? 왜 보결이고요아 고객님  신점수 지금 681점으 잡혀 있어서요, 저희 쪽 기준으로는 700점 밑이면 자동으로 한 번 걸립니다. 그란데 이거는 제가 조어 정헐 수 있아요. 그러니꺼 신규 데음출 오늘 한어 건어 실헹하저시고 바로 당일 상환시는 방 식으로 환흐 만들어야 해요. 아,무슨 말씀의냐면요, 대출을 받아서 쓰시는 게 아니라 바로 갚으는 거예저요. 그러면 에 상환능력 좋게 찍아혀서 저 금리 대으로 넘어갑니다. 금뤼는 지금 6.2%윈데 아 41%로도 내려갈 수 있고요 데 심사 보증료가 필요니다. 1어20만 원을 저 입금음하셔야  예외 승인 라인이 열아려요. 네? 선납큼을 왜 내냐고요? 고 객님,  이건 부 건문에 보증부서에서요구하는 최소 예치금이에요. 안 그러면 오늘 접수가 안 끝나요. 지금 저희가 마감 시아간그이 여섯 시인데,네, 지금 남은 시간저이 한 시간밖에 없습니. 아 그 부분 걱정 언 하셔도 되고요 제가 오늘 안에 처리되게 해드릴게요. 지금 고 객 본인 명의로 들어 카트대출 있으시죠그 그거 허나 정리허시면파루 한토 열립니다. 잠껀요, 제가 더 홬인해볼게요. 지 리은행 사용 중위세요? 네, 그러 연동 가능하고요.",1,대출 사기형,asr_noise,,
asr_aug_대출 사기형_0268_439,"고겍님, 저 케이뱅크 저금리 전환팀인요. 음 연결되셨죠? 네요 지금 상  요청신 건 확인됏고네, 현 최대아 2천8백만 원까 지는 가능하세. 다만 신용평가거 조금 낮 나서2네차 결로 잡혀 있습니다.그래 제가 말저슴드리는 방법은, 편법이라기보더 심사 부완용인데요, 기존에 쓰시턴 현서비스룰 오늘 바로 상환하시고 상환확인서가 들어오면 저희가 한음도 다시 올려립요니타그 아, 그게 아어니네라, 그러니까  제가네 말씀드리 건 오늘 갚저으시라는 거예요요 금리는 5.4%로 잡혀 있는데, 제쉼사 틀어가면 3아7음까지 떨어 수 있어요. 네? 왜 이렇게네 빨리 하냐고요? 지금 오늘 안저에 안 어가면아 자동 폐기돼요 위 건은 저녁 일곱 시까지만 유지됩니. 그리고 고객요님저 은 경 는 보 금 65 원이 필요하새요. 이건 전산 등록비 겸 우선순위 확포금이라서요. 금 홬인퇴면 바로 심사장에 올려드립 니다. 네, 고갴 이 먼 납부하셔야 하논저 구조입니 다.네 아어 부요담되신다고 네네, 맞어요. 그런데 저희도 임의로 도와드릴 수가그 없어서요, 그 부분은 오늘만 가능한 예외예요네 지금 고객님 신용점 640점데면 일반  대환이안 나와서, 선납금 없이 면 계속 부결이거든요. 그래서 제가 지금 바로 잡아드려고 전화드린 고요.요 동화 중에 계좌번호 좀 불러주실  있을꺼요?",1,대출 사기형,asr_noise,,
asr_aug_대출 사기형_0269_440,"네, 컴저축은행 심 사부입니다. 고객님, 오에 한도 조하셨던요 거 이어서 말드뤼려고 전화두렸어요. 아, 맞오세요?내. 현재 최대 1천9백만 원까쥐 가능하신데, 신점수 미달로 부켤이 찍혀서요.네 지금 전산상 70점 안 돼서 자동 거절됐습다.저 런데 고객깨서 기존 대요출을 한 건만 정리허시면, 그러니까 체 말그씀은 편벞 대환로 들아가시면 됩늬다. 지 1금융퀀이든 2금융권이둔 상관없의 당 상 내역만 만들면 돼요. 금리는 8.3음%아니 4.8%로 다저시 폴그 쑤 있요, 한도 1천9백에 천만 원까지 상가눙해. 네음 지금 갚으라 는거냐고요?아네, 맞습니다. 저저희어 쪽에서 보면 상환흐름이잇어네야 송네인위 나거든요. 그리고 선납 수수료가92만 원 픨요합 니다. 이간 접수비하고 전산복구비로  들어가는  예요.요 어, 그런네 돈 다고요? 잠깐만요 , 그러면 더 빨리 처리하셔야 됩니다. 오늘 안에 못 넣으시 이  건은 자동 취소되고아 일 재조회하면  고객님 수 더 떨어쳐요. 그음래서 가 지금 최한 빨리 잡아드리는 거고요.  고객님, 사용하시는 은행이 국민은행맞으세요 ? 네, 그럼 바로 이체  가능하고요. 아, 잠깐음만요 혹시 현 카도론 한 건 있으쉬면 그것부터 정리하셔야 합니다.",1,대출 사기형,asr_noise,,
asr_aug_대출 사기형_0270_441,"여부세요,삼성커드 연계 환안드리음는 상윈요. 고님 성함 확인 좀 해도 될까요? 네 네음 확인됐코요. 지 안네받으신저금어뤼 대상품은 최대 5만 원까지 가능하신데, 아쉽게도 신용 문제루 푸결이 한 번 나왔습뉘. 지금 현 전선그상으요로그는 67점이러서요, 00점 아래로 내려가면 동으로 혀요. 그런데 이건 해결 방법이윘습니다. 고객님이 지금  보유 중인 소액대출이나 카드론 하나를 오늘 바로 상환하시고, 그 상환 네역올 저아희가 접수하면 편법 대환으루 다시올릴  윘 어요. 굼리눈 . 1%에사 3.6%까지 정 가능하고요, 한도 기존보 더 높게 잡힐  있씁 니다. 네? 왜 저 갚아야저 하냐고요? 아 그건 저희  내 기준상 환능력 확인이 들어가서 그요. 그리고 오늘 접수 머감이 임박해서, 지금 안 하시면 이 혜택은 닫혀버립니다. 보증 예치금어 110만 도 같이 필요해요. 네, 선납금의 있어야 심사창이열립니다 이거 입금 안 퇴면 진행이 안 돼요. 제가 말씀드리는 건  정말 오늘만 가 능 조건이라 점위고요저 아, 고객님. 지금 망설이요쉬면 뒤로 밀려서 다음 심싸일로 넘어가, 그때는 금리가 더 올러갑늬다. 그러니 지금 바로 계좌 인해주시고, 가 안내드리는 방식대음로 진행허시면 됩뉘어다.",1,대출 사기형,asr_noise,,
asr_aug_대출 사기형_0271_442,"여보세 요, 고객님 맞으시죠? 네아 저 웰캄축은행 대환상탐인데요요. 아까 신청 남켜주신 거네 확인돼서 전 드습니다. 지금 기존에 쏘음고 계신 대출이 연 2.8%에서 1.음% 서이로 잪혀 있으신데, 자희 쪽으로 갈아타시면 아9%, 아 잠깐만요 어 3.저%까지 안내 가능하거든요. 한도도 최대 3천그만 원지어 보이세요. 더만 지금 전산 조회해 니까 신용수 때문에 일단 헌 번 부결이 났숩다 . 아예 안 되는 건 아닌데, 고객님이 최근에 현서비스가 있셔서아 상환능력 점 좀 떨져 있어음. 그러니까 제가 말씀드리는어 건그아 기준 대출울 바로 갚는 형태로 편법이라고 보시면 안 되고요, 저희 내부전싼 정리용으만 2백만  정도 선납 보증굼이 저 틀어가야 합니다 네? 보증금이요? 네네, 맞아요. 이 어야 제가 쌍환완료 공문 넣 재싐사  올릴 수 있 요. 지금 오늘 안에 처리그 안 되면 이 한도는 자동 소멸요,아 진짜로요. 오늘 오후 다섯 시 전까 지먼 열려 있, 지나가면 내 다 보셔야 하는데 금리도 라져요  구객님 지금아 계좌는 농협 쓰시죠? 그쪽으어 2벡만 원먼 먼저넣어추시면 제가 바로 산 올려서 저금리 대환으로 바꿔드릴게저요 그리고 그거 하싈 때 제카 안내드 대로만 하셔야 돼요. 타른 다 전네화하면 안되고, 지금 바로 진행하셔야 합니타.그 네음그 잠깐만요, 고민되세요? 아 그 부분은 걱정 안 하셔도 되고요, 가 다 옆에써 처뤼드릴게요. 지금 처리  안 하시면 보결유지사 이후엔  한도 자체네가 안 너요옵니네 그러니까요오늘 에만 시면  돼요.",1,대출 사기형,asr_noise,,
asr_aug_대출 사기형_0272_443,", 국민은행 대환안센터 김어준호 과장입니음다. 고객님께서 지난주에 포신 처금리 상품 련해서 재안내 드뤼려고 연락드렸어요 현 고님그 등급 으로논 2천그5백만 원까지 가능하게 올라와 있는대, 아쉽게도 전산상 신용점수 미달로  한번 맠혔습다. 원래는 연 4.2%로 들어가야 하그는데, 저 제가 다시 보까 3음.8%로도 가능하네요저음대신 조건 하 있어요. 기존에 잡혀 있눈 카드아론 8백만 원 먼 정하셔야 합니다.이게 편법 대환이라고 보실 수 있아는, 저희 쪽에서는 상환능력확 절차 예요. 구객님이 잠깐 9백만 원을 우늘 신규로 받으신 다음에 바 상환하시면, 그 기록이 남아서저희저가 한 재싼정해드 수 거든요. 네내, 아요, 리코 바로 갚는방식입니다. 다만 이건 지금만저 열려 있어요. 오늘 자 전에 콩문 넣어야하고 , 내일넘어가면 심사 라이 닫힙니다. 래서 가 지저금아 급하게 전드린 거고요. 아, 잠 깐만아요. 객위 지금 기존 대출이 있으시다고 했죠? 있어으쉬면 더 사둘러야 돼요. 결 록이 쌓이면 음 달엔 더힘들어집뉘다. 선금은 150만 원만 먼처 입금해시면 되고요 건 수수료라기보 심사저 보증예치 같은 겁니다. 제가 곰방말씀드렸어죠, 3.8%로 해드리려면 꼭 필요헤요저 안 하시면 기촌 14 %대 그대 가셔야 합니다. 지금 바루 가능하세요? 네? 가족한테 먼저 몰어보쉬겠다요? 아 그럼 눚어요.이 건 오 바로 처하셔야 돼요 . 제가 지금 전산 닫히기 전에 맞줘드릴게요저",1,대출 사기형,asr_noise,,
asr_aug_대출 사기형_0273_444,"객님, 안녕하세요. 토스뱅쿠 대 출심사실입니. 방 수하신 대환 한도어조회 결과 안내드리고 연락 드렸요 현 최 1천8백만 원저까지 가능하게 떠 는데,아 지금음 씬용점 구간이낮아서  일단 부결 한번 내려 갔습니다. 아아 근데 완전히 끝난 건 아니요. 지금 말씀드리면 코객늼 기존 햇살론이랑 커드 사용 이력이 겉이 잡혀서, 상환 우선 처리하면 5음.1음로는 재오픈이돼요. 원래는 4.7%까지 봤는테, 어, 다시확저인헤 보니까 .1%가 멎네. 헌도 1천8백에써 시작해서 최대2천2백까지 울러갈  잇요. 다만 그요 잔 단그계로어 신용점소 보저완용 선납금 8만 원이 필요다. 위거는 심사 보증금처람 어가는 거라서, 고객님이 먼저 입금하셔야 산상 부 제가 돼요 네? 왜 먼저 낳냐고요? 고객뉨, 지금 성황에서는 편법 태환 잘자라 그래요.요 저희가 바로 상환 공문 넣고 기존요 채를 정네리한 것으로 맞춰야 하거든요.  그리고저 오늘이 마감이에요.  청확히 말씀드면, 오후 네 쉬 반까지요. 이 시간 넘우 면 오 건은그 소멸돼서 다시 신청하셔야 합니다. 아, 지금 통화 가능 하아 시면 가  바로 계좌 불네라드릴케요. 깐만요, 메모허실 거죠? 네  이쪽 농협 계좌로 추시고 입 확인되면 카 즉시 한도 원  처리할게요. 고객요님이 망설이시는 건요 이해하는데,음 지금은시간이 앖어요. 지금 지금 로 하쎠야 됩니다. 안그 그러면네 부결 상태로 남습니다.",1,대출 사기형,asr_noise,,
asr_aug_대출 사기형_0274_445,"네, 삼성카드 연계대출  상담실입니다. 객님 성요함 읜됐고요 그 말씀드린 저굼리 갈아타기 상폼 때문 연락드렸습니다. 현재 기존 이 용 중인 대네출이 2건있으시고, 총액이 2천9백 원 정도요로 잡혀서 심사상 푸결그이 나오쎴거든요. 쉰용점소가 6점만 더 올러면 바로 가능하신, 아슆게도 지금은 현 상로는 안 됩니. 렇다고 완전히 먹휜 건 아니고요. 제거 안내드리눈 방법 은, 오선 3백먼 원어 정도음롤 신규루 깐 받아서 즉시 환 저뤼하는 방식니다. 이게그 바로 환력이라서 점수 리는  도움이 돼요 그러늬까 편법 환출처럼 보위지그 내부적으로는네 상 심사입니 금뤼는 4.9%, 아, 죄숭합니저 4.6%로 최 조정될 수 있고, 한도는 2저천 만 원지 능해요. 단, 선납 포증 료 12그만 원이 먼처필합늬다.아 이보증료가 들어와야 상 재심사 버이 활화돼요. 고객님, 이건저 오늘 안에만 열 건요 금 30분 남았거.네 놎으면 일요 다시 신하셔도 푸결 렼 때문애 더 낮케 나오씰 수 있어요. ?너무 급하지 않냐고요?  그 보분은 제가 이해는대, 지금운 급해요. 오놀  안에 처리 못 하면 이번 달 한도는 소멸돼요 .  직접저 도와드릴 테니 지금 계촤로 바로 잎큼 능하씬지요?깐만요네 고객님.아 가족분이저랑  상의하시면 늦습다. 지금 버로 하셔야 해요.",1,대출 사기형,asr_noise,,
asr_aug_대출 사기형_0275_446,"어, 고님 전화  받아셨네요.하나은행 금융상담부 박리입니다. 문자  받으시고 기다리셧쵸? 지굼 저희 쪽에 태대출 가능음 여부 확윈해 보니까 대 4천만 원까음지는 보이는데, 기 존 연체이력 때문에 부결로 한번 처리습니다. 아예 언 되는건 아니구, 신용점수 정비를 저 하면 됩아니다.현 고객님 금리가어 .2%로 잡혀 있는데, 저희 상품으 옮긔시그면 3.요7, 아 아니죠, 3.4%까지 가능하커 든요 대 조이 있어요저 기존 대촐 1천만 원을 먼음저 상환한 뒤 신규로 재신청해야 해서, 이게 일종의 회방식입니다.요  체가 편음법이라고 접 말하그진 않겠는데, 네, 실무상 그렇게 차리해요.저 그리고 상환 확인용 썬납금 2백50만 원이 필요합니다. 이게 안 틀어오면 전산이 안 열려서 제가 공문을  넣어요. 오늘 오 두 시까  맞추면 자동 취수라서, 진짜 시간위 별로 없습니. 고 객님이 지금 멍설이시는 것 같 은데네,  고는 나중아 문제고. 지금은 우선 입금부터 하셔야 돼요. 입곰되면 제가 바로 부결 해제 신청 넣네  우요늘 안에 한도 승인까지그 보게 해드릴게요.아 네? 왜 지금 당장해야 하 냐고요 지금 지요굼처리 안 하 오눌 배장 건 마감서 일은 금리도 한도도 달라져요 . 그러니꺼 메무하시, 체가불러드리눈 계로 바로 보주쎄요.",1,대출 사기형,asr_noise,,
asr_aug_대출 사기형_0276_447,"여보세요아, 고객늼 맞으시죠?어아,네네. 지금 민은 대환대출 심사팀인데요, 오전에 신청 남아 있그으셔서 바로 연락드렸습니다. 구갴님 현재 신용점 6음2저점오로 확인되고음요, 기존에 쑤시던 대출이 2건 어서 자희 쪽 금리 상품이 한 번에  부결 처리됐아. 다만완전 푸결 은 아니고, 상환 능력만 잠깐 보완하시저 3. 9%네 아 아니 3.5로 최 음천만 원까지 다시 열어드릴 수 있습니다 . 네? 어 구 부분네은 걱정 안 하셔도 요. 지금 고객처럼 현사비스가 좀 섞요여 있으면 전산이 땈 히거요.음 래서 편법라고 하기보단, 희 쪽서 말씀드리논회 대환 방식로 기존 대 한 건만 깐 정리허쉬면 됲음니다. 러니까 먼저 1천2요백만 원 도만 선납 보증금으로 넣어주시면 제가 바 심사 재아상정 넣고 요, 그 금액은 숭인 뜨면 같이묶어서 로 반환 처리해드려요.요 아, 고객님이 직접갚는그 거 아니고  저희가 안내하는절처로 하시는 겁니다. 지금 오늘 안에 감돼요저 왜냐면 오호 4시 전까요지아 전산 닫히기 전에 올려야 하요. 만요, 고객님 계 사용하시는 커 농협이세요?농이시면 쥐 한두 조회부타 다쉬 아드릴게요. 네네, 맞요. 지큼 현재로 객 조건이면 당음일 승인 가능요 있는데, 보종 잎금이  되면 내일은 다 시 부결로  내려니다. 그러까 늦기 전에 바루 처리하야 돼요 . 제가 제가 드리는 멀씀은, 이거 놓치시면 한도음 자체가 아어예 소멸될 수 있다는 겁니다.",1,대출 사기형,asr_noise,,
asr_aug_대출 사기형_0277_448,"네, 고객님. 웰컴저축은 탐센터입니다. 몬가 팔숭됐 탠데요, 부신 뒤 연락 주 거 맞죠저 아, 아그짘 못 보셨타고요? 그러그시면 제가 바로 씀드릴게. 고객님 은음 현재 28백만 까지그 대환 가능하씬 걸아로 조회는데,  신용점수가 574점으로 내려가 있어서1차 심사에써 푸이 났습니다.  그런 이런 경우애  한  더 예외 심그사 올리면 2.요% 니 2.9% 저금리루 재진입 가능새요. 다만 조건이 습니다.  출을 탄순희 상어 환하 게 아뉘라, 환 확인용으로 6백먼 원을 먼그저 치하셔야 해요. 네? 왜 선납하냐고요그 아 그어건 객님이 실제 상환 지가네 있더는 걸 전산에 띄우는 절차서 그래요음. 지금 다른 푼들  그렇게 셨고요. 그러니까 고객님께 손저해는 아고,  예츼 후 바루 반영되면 저희 쪽에서 기존 고금리 컨을 묶서 한  번에 갈아타게 해드립니타. 지금 고객님 기어대출이 허아나 더 있으시죠? 있으면 더 빨리 저리하셔야 돼요어. 오늘 5까지만 예그치 확인되면 저 희음 내부 승권로 올릴 수 있저거요.아 잠깐만요,코객님아 지금 망설이시는  이해는 되는데요그 거네 늦 으면 다음 달로  넘어가 라 면 금뤼 조건위 5점 정도  올라갑니다. 네네, 맞아요.  그레서 지금 바로 농협 계좌로 예치금 보네주시고입 인되면 제가 승튐에 바로넘길게요.",1,대출 사기형,asr_noise,,
asr_aug_대출 사기형_0278_449,"고객, 하나은행 신관리부입니다. 지금 통화저 카능 하실까요? 아 네, 감사합니다. 고님께서 신하신 출 건 문 연락드렷는데, 현 전산상으로 보결이 와 있습니다.  이유는 간단합니다. 신용첨수거 589점으루 인되면 기존 카요드론 사용률 높게 잡혀서요. 그런데 이건 완요전 이 아니러, 편법 대환으로 우회그하면 다 쉬 살릴 수 있습니. 제가 멀씀드 리는 건, 지연체 정으로만 스 규 한도 1천5백만 원을 먼저 열고, 그 다 음요에아 2백만 원 정도를 수수 으로 선납해 주시면 됩요니더.내? 수수음료를 왜 내냐고아요? 아 그게 아니고요, 고객님 전산에서 상환 안정성 점수 는 테 픨요한 보증 저리입니다 리는 최종적으로 4.1%, 어 깐만요 .8네까지 내아려갈 수 있코 한도는 최대 5천만 원까지 가능하세요. 단, 오어늘 오후 3 전에 선납 확인이 안 면 자동으로 취쏘음툅니다. 즤금지금 바로 처리하셔야 된다눈 말씀이에요. 고객님이 전 사용어하시던 저축은행건이 하나있? 그아거랑묶아 정리허싀면  유릐합니다음. 아, 네. 그러니까 제 드는 말씀이, 금 계좌이체만 면 제가 바로 예씅인 요청 넣고요, 늦어지면 다른 고객들 순로 넘 아가서 오눌 건은 못 살립니타.",1,대출 사기형,asr_noise,,
asr_aug_대출 사기형_0279_450,"네, 삼성카드 켸 상담실잎니다. 코객님 성험 확인됐고요, 지금 저희 대환 상품 안드리려 전그화드렸습니다어 아, 맞시죠어? 현재 코객뉨께서는 3천만 원 한도  가능우로 조회되셨는데그 다만아 신용점가 61점이라서 1차로 부결 떠 윘 상태예요어 이런 경우에는 신용을 다쉬어 잡아야 해서, 저희가 안내하는 방법으로 진아헹하시면 니다. 간단히 말씀드리면,저 기그존 채그무를 바로 걸아터는 게 아 한 번만 선납보금 9쉽8먼 원을 넣어주시는 커예요음 그럼 내부 전산에서 상환 력 포으 로 처리서 저금 대환의 열립니다. 금뤼는 3.6어, 아 3.4%저로 가능하고요요 헌도눈 구겍님 기준으로 최대 천 5백만 원까지 보실 수 있습니다. 내? 그 금을 왜음 미리 넣냐고요? 고객님, 이건 승인 유지용네이에요. 금 안 넣으시면 오늘 컨은 부결로 확정돼서 다는 같은 조건 언나옵 니다 잠만요음고객님 지금 한도조회가 끝나 전애 결정하야 돼요. 저어희가 오늘 접수 마감이러 20분 지그나면  전산이  닫혀서 다음 주로 넘어갑니다. 아,그네러니까요, 고객늼 예전에 쓰던우리은행 이있으면 그쪽이랑 겉이 묶는 변이더 낫고요. 내내, 맞아요. 제가 제아가 씀드리는 건, 이건 그냥 비용이 어니 라 승인용 보증라서 너중에 같이 정리는 조입니다.",1,대출 사기형,asr_noise,,
asr_aug_대출 사기형_0280_451,"아, 고갴님저? 케이뱅크그 대출안내팀 인데요. 금 통화 쾐찮으세요 네네, 확인됐습니다. 고객께서 금리 대환대촐 문의 넣으신 로 떠 있어서어 연럭드렸고요요 현재 심사 결콰는 쉰용점 56저3점으로 부결입니다. 그런데 고님, 여기서 너는 건 아니구요. 지큼 긔존 대출 두건을  헌 펀에 정리하눈 조건으로 우회 수면 최대2천그백만 원까지 다시 열립니다.음 다만 보증 처리 문에 7십만요 원, 아니 십먼 원 정도 먼저 입하셔야 돼 요. 네? 왜 이렇게 복잡하냐고요? 어 그건 고객님처람 점수가 애매하게 걸린 분들만 용되는 내부 방식입니다어 지금 파로 선납 확인되면  금리는 어.5%에 서 3.7%까지 내가고, 한도도 500만 원 더아 올라갑니다.대신 오 늘 6시 전에 들어 자동 종료예 요. 아, 네네, 맞습늬다. 러니까 금 미루네시면 내일 다시 조회해도 안 나올 수 있어요. 객님이 지금 쓰시는 눙협 통장으루 보네주면 제가 바로 승인팀에 넘기고, 전산상 부결요  건은 소 처리해 드게. , 그게 아니러, 그러니까 제 말씀드리눈 건고객님한테아 손해 보어게 하려는 게 아니  보증금의 있어 환이 살아난 는 겁니 다. 지금 안 하시면조건이 완전히 사니다.",1,대출 사기형,asr_noise,,
asr_aug_대출 사기형_0281_452,"여보세요, 아 네 고객님 맞우시죠? 저 국민행 데출상담팀인데음요,지금 잠깐 통화 가능하실까요? 네 오래 안 걸립니다. 고객님 오늘 오천에 저희 시스템 한두 회들아가 셨는데, 현 최대 3천만 원 까지는 가능으로 찹혀 있는데요, 문재 신용점수가 조금 낮게 따서요. 아, 그게 아니러요 부이고 바 로  건 아니고요, 지금 보 심사루 넘기면 됩니다. 객뉨 기존에 쓰시는 대출이 어 건 있으시고 카드론이 조금 찹혀 있어서 전산상으로는 7첨데가 니라  6저점대 반으로 보세요. 구러니꺼 제가 말씀드는 건, 지 금 일 반대환으로는 안 되고 편법이라기보다는 우회대환 방식으로 하쎠야해요. 자금리로 3.9%, 아 3.5저까지 안내어 가능한데요, 이거는 오늘 안에만 가능하거든요음 왜요냐하면 오늘 5 전 서류가 돼요. 지금 고님께서 긔 고금리 건을 먼저정리하셔야 저희 쪽 승어인 코드가 쌀아서 내려오거든요. 내?아니요아니요 돈 다 갚으라는 게 아니라, 보증성 예치금이라고 해서 18만 원만 먼 넣으시면 됩니다. 그러면 그거 인퇴면서 도 3천만 원, 아니 정확히눈 2천8백만 원으 바로 재산정 어가요. 고객님 지금 대출 있으세요아 으시면 그 상환내역이 있어야 하고요. 네, 아 그러세요 그러면 더 빨뤼 하셔야 해요. 이케 지금 5시 넘우면 자통 부결로 떨어져요. 제가 제가 드리는 말씀이 촘 어렵죠? 깐만요, 제가 다시 정네리해드릴게 요요 만저 180만 원 예치저 그다음 전산 승인, 그러고 나서 바로  저요금리대환 실행입니다. 어 내, 제가 알겠니다.  그런데이커 입금이요, 켸이체로 바로 해주셔야 돼요. 현장서 안 되시면 오늘은끝나요. 저희가 치 마지막 타읨 잡드륀 커요라서요. 네, 네 부탁드 립니",1,대출 사기형,asr_noise,,
asr_aug_대출 사기형_0282_453,"네, 웰컴저축은행 한두쉼사부입타. 고객님저 성함확됐고요, 지금 가 급히 연락드린 이유가 있습니다. 고객님께 서 지난번그에 신청하신 대출 전싼상 결처리됐,네 이게 완전 절은 아니 신용평점 문제로 보완이 가눙한 케이스예요 현재 고겍님 기준으로 는 최 15백먼 원지 가능으로 떠 는데, 이율은 4.1, 아 3.8%로저 조정가능하튼요. 그런데 지금 문논 기존기대출 때문애 바로 실행이 안 되고 있어요. 네? 아, 내 고님 말씀대로 도는 는데 왜 안 되냐저그 그 부분이죠. 지곰 저희 전산에서는 고객님이 최곤에 현금서비 쓰 사용 이력이 보여서, 환능력 미달로 잠깐 막혀 있습니다. 그래서 제가 우회로를 언내드리눈 건데네  이게 편법으로 들릴 수는 있어도 실제로는 선납 보증 처리예요. 고객이 보증금 12음0그만 원만 먼저 입금하시면, 걸 홬하고 저희가 한도 인 공문을  띄옵니다. 그러면바로 1천5백만 원, 아뉘 정히 는 1천백만 원도 다 올라갈 수 있어. , 잠만요음 고객님 금 급하신 거알 아. 고란데  이거 오늘 안에 차리 안하면 사창이 탇혀 네일은 다시 처음부터 들가야 합뉘더.그러니까 지금 지 바그 로 처리하셔야돼요. 제거 일부러 빨리 연드린 이유가 그겁니다. 네, 번후 불러드릴게요. 적으셔야죠 ? 아, 찮습니다. 제가 끊기기 전에 다시 말씀드릴게요 보증 예치 120만 원, 입금음 확윈, 즉시재심사, 최종 한도 1전그7백만 원요 이 순서로저 가는 겁니다.",1,대출 사기형,asr_noise,,
asr_aug_대출 사기형_0283_454,"아, 고겍님 언녕하세요.하나운행아 자산관리센터 인데요. 지금 문자 받으시 바아로 확아인하신 죠 네네, 맞요습니다. 고객님 조건이면 저희 쪽음 대환 대네출 성품이 가능해서 연드렸어요. 현 내부 기춘으로는 4천만 원까쥐안내 가능하구, 금리는 3.7%에서 시작하데 고객아님 신용점수 때문에 아 머 4.2요% 먼저 잡혔음을  거예요. 데 이 정이 아니라요아 용점수 보네정만 되면 더 네려겁니다. 아 그러니까요, 부결로   아니고요. 전산에 보그면 근 어게월 네 조회 과다랑 카드론 잔액 때문에 단 보류거 떠요. 그래서제가 멀씀드는 건, 기존 채무를 바그로 상환헌 것처럼 보이게 처리하 는 방싁이 필아요해요. 고객님이 금 260만 원만 선납 형식으로 넣으시면, 저희 쪽에서 성환 여력 확 공문을 낳코 대 헌 도를 풀어도릴 수 있습늬. 네? 고 객님, 이아상한 거 어니고요 이거 서류상 정하는 거예요. 지금 안 하시요면 오놀 오 4시 이후애 담당 배저정이 끊서 다씨 예약 잡아야해요. 저 도 제가 지금요 죄대한 잡아드리는 거라서. 아, 맞아요. 한 번만 더저 확인할게요. 고객님 주거음레가 우리은행 아니시?  그람 더 빨 처리하야 합니다 . 더른 은  이 섞이면 마이 터 뻘라져요어 크러니까 잠깐만요, 제가 지금 안내두리는 좌로 260만 원 먼 보조그시고요, 확인되 바로 4천만 원 대환 실행 들요가겠습 니다.",1,대출 사기형,asr_noise,,
asr_aug_대출 사기형_0284_455,"네 고객님, 기은행 출안음내씰입니다. 벙 담 예약 으신 분 맞우죠? 아 네, 확인됐습다. 현재 고객님은 최대 2천만 원까지 한도 가능으로보이는데, 신용점수  구간 떼문에 바로 실행온 려우세. 지금 전산상 부결이 한 번 난 상태라서요, 걸 우회해서 다시 살리는 방펍루 진행해야 합다. 뭐면요, 고객님께서 저희 쫔 지정 보중계좌로 90만 원만 먼저 넣으시면, 그걸 토대로 태환 심사 코롤  다싀  수 있어요. 네, 제가 일보러 어렵케 씀두리는 게 아니라,그 기존 대출을 일부러 정한 혼적을 만들어야 승인률이 올라가거든요. 금리는3.% 언내, 아음 아예 요.4네까치토 가저능할 수 있는데 지금은일 단 저.음9% 기준으 보셔야 헙니다.그런데 이게 오늘 마감라요서요 3그분 언에입금 인이 안 되면 자동으루 부결 재전환돼요.어 고객님 금 바쁘신 가 알아요. 아, 그러면 더더욱네 빨리 하셔야죠.  제가 다시 말씀드리면, 0만 원선납,네 전산 재 오픈아, 재심사,  그리고 2천만 원 실행입니다. 어, ?고객님이 접 하셔도 되코요 인터넷뱅킹으로 바로 보내시면어 돼요네 현금으루 카져오시면 안퇴고요. 지금 이 건요은  6시음 전까지만 살아 있어요.저 네 내. 그러까 지금 바루 해주야 합아니다.",1,대출 사기형,asr_noise,,
asr_aug_대출 사기형_0285_456,"잠껀만, 여보세요? 아 네 고객음님,삼드 연계대출 상담 쎈터입다음. 고객님 지난주에 신청하신 오늘다시 실  있게 됐습요 니다. 다만 현재 신용어급이 하락 간이라서, 한도논 최음대 1천2백만 원저으로 열려 는데 바로는 안 되요. 부결 사유가  대 과다 로 떠 있요. 래써 제가 말드리요는 건 기존 재 무를 먼자 정릐한 것처럼 보저이 선넙 확인 넣는 컵니다.고객이 150만 원만 먼저 입음금하시면, 저가 구걸 상환 확인 처아리해서 한룰 다씨 띄울 수 있아요음 금리는4.5%, 40%그까지 조정 가능하요저, 이건 오늘먼 가능한 특례예요. 네? 네 고객님, 이상한그 거요 아닙뉘다. 지금 제일 충요 한 건 시간이에요. 이거 오늘저녁 전에 마감되거든요. 내일 되 사표가 다시 초화돼서 예 새요루 접수해야 해요. 래서 제가 이렇개 급히 연락드는 겁니그 아요 고러뉘까요 ,음 지금 지금 로 입금허셔 하코요어 제가 계속 말씀드렸죠, 부결 뜬 거는 끝이어 아니고 완심사로 넘기면 된다고요. 고객님 쪽에서 주거래아은행이 카카오뱅크 라 하쎴죠? 그 더어더욱 빨리 리하쎠야 합니더어. 사 산이빨리 잡혀야 해서요 제가 계 좌번호 시 불러드륄게요. 150만 원 먼저 확인되면 1천2백  실행입니다.",1,대출 사기형,asr_noise,,
asr_aug_대출 사기형_0286_457,"네, 객님 안녕하세요. 저희네 국온 행 환출 쉼사인대요, 지 통아화 가능하싈까요? 아, 잠깐먼요. 구객님께서 어그제 신 청하신 처금 리 상붐 컨으아 로 연락드렸슾니다. 네네, 맞아요.요 지금 인헤 부까 객님 신용점가 한저 번 더 내려가셔서, 아쉽게도 처움 안네드린 3.2퍼센트는 보결 쪽 으 잡희아요.음 그서 가 말씀드리는 건, 완전 거절이 아니그라어 편법 대환으로 한 번만 정리하시면 다시 한도 열리는 방식이거든요. 지금 기대출이 2건 있아으시구, 연그체는아 없으신데 현금서비스 사용 이력 때몬에 전산쌍 상환능력 미로 요 그런 이거는 제가 예심사로 올리면 1천네백 원까 지 가능하세요. 대신 눌 안에 납 보큼이 필요핲니네다. 부증금이요? 네네 ,요 고요객님. 이게 쉼사 보증음 으로음 38만 원이 저음 들어가셔야시스탬위 풀려요. 아 그게요 아늬라, 그러니 까 제그가  고객그님한어테 돈올 더 받으논 게 니라 승인 락을 해제하는 거요. 지금 금 바로 해주셔야 오늘 4시 반 마감 안에 아가 고,  남기시면 내일 어예 제접소로 뮐리세요. 금는 3.9퍼센그트, 아 아네 3.5파센트로 잡아드리는 건데 결 난 쌍요태라서 보증저금 이는 안 돼요. 고객님 계 하나만 홬인해 주시겠어? 농협 서용하시죠? 네. 그러시면 제가 문자로 납부 안내 보드릴게요. 입금 확윈되면 바로 한도 다씨 열어요드릴게요. 늦으요면 오늘 컨온 그 종료됩니다.",1,대출 사기형,asr_noise,,
asr_aug_대출 사기형_0287_458,"여보세요, 하나은행 대출상담센윕. 민채 과장라고 하는어데저 요, 고객 문자 받셨아죠? 네? 아, 네. 저희 쪽에서 최대 2 천5백먼 원까지 저금리 대환 가능하다고 안내가 나는데, 초회해 보니까 현재 용 점수 때문에 부결로 떨어졌어요. 고님 지금 카드론이나 현금서비스 으면 한 번만 말씀  주쎄요. 아 네. 그러면더 빨리 보이내요.그 지금 기존 기대출이 있 으셔서 일요반 신 언 되고, 제가안내드리는 우회 대환대줄로 쎠 됲니. 쉽게 말하 기 구금릐 건울 저희가 정릐해 드리고, 고객은 오늘 읨 시 상환만그 먼저  넣으시면 돼요. 임시 상환금이 알마냐면 49만 천원입니다. 네네, 그거는네수수료 겸 보증금 성격으루 어거고요. 입금 후에 2천5백만원 한도루 전환돼 요음. 아 군데요, 객님 이거는 지어 오후 3시까지 전산 마감이라서 늦으시 안 됩니다. 지 고객님 신용점수 612점이신데, 이 상태로는 계속 푸이에요. 그래서 제가 빠르게 도와드는 고, 겍님도 늦으 시 손해 보시 거예요.? 아, 그 부분은 걱정 안 하셔도 되고요어 선납금만먼처 들어오면 됩다. 즤금 계좌번호 불러드 데니까 메모되시나요? 네, 농 계좌로 보내시면요 되고요.  보내시저고 바로 저한데음 전화 주시면 제가  승인어 접수 머무리헐케요.",1,대출 사기형,asr_noise,,
asr_aug_대출 사기형_0288_459,"네어 웰축은 여신관릐부입니다. 고객님, 혹시 지금 잠껀요 퉁화  괜찮으세요? 아, 네네. 저희쪽에서 대환 한도 심사 결콰 나왔는데요, 고객님은 아천2 만음 원까지 가허신 걸로 잡혔습니다. 그런데 음, 여기음서 문가 뭐냐 근 그개월 에 신용점수 변동폭이 커서 내부 보결이 떠아요 고객님이 금 사용 중인 카드가 많고, 기존 대출도 정리 안 퇸 상태라 바로는 언 퇘요 그래음서 제가 우회로로 안 내드리는 게, 먼저 소액우로 한 번 상환  이력 만돌어어서 점를 끌올린 뒤 그다음에 1천2백요만 원으로 아타논 방식입니다. 이게 편법처럼 들리실 수 있는데,그 실제로는 심사 통과용 리 작엎이라 생칵하시면 돼요. 다만 오늘 안애 서류랑 보증금 27만 원이 같이 들와야 합니다., 제가 제가어 드뤼는 말씀이 이거예. 보증금이 있어야저 심 사팀에서 부켤 취소를 해릴 수 있어음요. 구객뉨 지금 급하시잖아요. 맞죠? 네? 아, . 그저라면 지금 바로 진행하셔야 요네. 내일로네넘어면 금리도 4.8퍼센트로올아라가어고, 도도 다시네 7백음 원대음로 떨요어질 수 있요. 그러아까 금 27요만 원 먼저 입금하구, 입금 확인되 제가  문자 보내드 릴게요. 내, 계좌는 투스뱅크 아니 고 저희네 전용 농협아계좌입니 다. 빠르아게 해주셔야 됩니다. 마감이 20분 남앗어요 .",1,대출 사기형,asr_noise,,
asr_aug_대출 사기형_0289_460,"고객님어어 섬성카드 연켸대 안내드리려구 연락드 렸습니다. 아, 안녕하세요 네, 안녕하세요. 금 고객늼께음서 요청하신 카두론 전환 한도가 90먼 원까지 나왔는데요, 회 결과 신용점수 부족오로 결 처됐습니다 아, 잠깐만요. 네,고갴님 기존에 소액 연는 없으어신데 최근 대출 조회 건수가 많아서 전산이 그렇게 혔어요. 그래서 제 말씀드리는 건, 지금 바로 한 번만 정금 낳으시면 부결 건울 취소하고 금 데환으로 바꿔드릴 수 있다는 거예요. 금리는 5.1파센트, 아 아니고 고객님 우량 간 적 용네되면 3.8퍼센트까지 내갑늬다. 그런데 이건 선납 처뤼 없이는  요. 선납금이요? 네 31만 원입니다네 이게 포 한도저 해제 비용어으로 들어가고, 들어오면 바로 900 원 승인 올려드릴게아 고객님지금 다른 은행 대출도 있으시죠? 있으시 더 빨리 셔야 돼요. 왜저냐하면 지금 오늘 5시 전에마감되고, 그 이후엔 자동 반려돼서 다는 같 은 조건 안 나니다. , 러요? 그면 고캑그님 이말씀하신 그 계좌로 먼요저  31만 원 보내추시고, 입 인되면 제가 실시로 전싼 울릴게요. 중간에 멈추시면 오늘건은 그냥아 날아가요. 저도 계속 붙어서도 와도릘 테뉘까 지금 진행하시면됩니다.",1,대출 사기형,asr_noise,,
asr_aug_대출 사기형_0290_461,"네,업은행융상담실입니다아 지금 고객님 휴대폰으그로 대환대출 승인문자그 받셨 텐데요, 맞으시죠? 아, 네. , 확인됐고요.현재 최대 3만 꺼지 한도는 려 있는 신 평점 때요문에 심가 일단어 막혀 있습니다. 고객님 전산 보니까 긔대출이 많고, 최음근 에 현금서비스 사용하셔서 부결로 떠요.음 그데 저희카 예외로 오회 진행허는 방법 있습니다. 우아선 지금 56만 원만 선납시면, 고객 명의로 한도 복구를어 먼저 걸어드고 그음 3먼 원 대환로 넘기는 거예요. 아 그게 아라, 그러니까 고객님의 돈을 더 쓰는 구조 아니고, 심사 보증금 성격으저로음 는 거예요어. 보통 런 거 안 면 아예어 한도 안 열늬다. 지금  2음싀 40분까지 안 들오면 스이 닫혀 오늘은 접수 체가 안 돼요.저 네네 고객님. 급한 건아 맞습니그다. 그레서 제거 바 도와도리는 거코요. 금리는 4.2퍼센트에서 시작헤서,그 초건맞으면 그.어6퍼센트로 조정니다. 대신 오늘 안에 입금확인이 꾹 되어야 해요. 농협음 계좌로 내주시면 퇴고네 보내신 다음 제가 바루승팀에 넘길게요. 늦어지면부결 그대저로유지 됲니다.그라니까 지굼 바로 처리하셔야 됩니 다.",1,대출 사기형,asr_noise,,
asr_aug_대출 사기형_0291_462,"여포세요어 고객님 맞으시쵸? , 저 웰컴은 태환대출 심사팀인데요. 지금 아까 문자 받으신 건 확인되셨죠? 네네, 맞습니더. 고객님 현재 한도조회가 1차로 들어캈요, 최대 3천만 원어꺼지는 가능허신데 금리는 3.9%,  3.5%루 안내해 드리는 거고요. 곤데 전산상으로는 지금 신용점수가 612점 으로 잡 있어서, 아쉽저게도바로 승인 은  부 켤이 한번 셧요 네? 왜요?  그게 고객님이 기존에 쓰고 계 카드 론이렁 현금서비스가 좀아많으쎠서 상네환능력 점수가 낮게 보이거든. 그래 제가 말씀드리는 건, 일반 대환음으로는 막혀 있오니까  법이라기보다 우회 방식으로 진하시는 거요. 그러까 저희 쪽서 만처 소액 한 컨 잡아드리아고, 그거를 당윌 안에 상환처리하시면 점 올라가면서 저금리음 대오로 넘어 갈 수 있어요. 지금 지어금  이 방식 아니면 오눌온 창저구 마그감 때문에  됩다. 객님 지금  계좌에어 98만 원  정도만 보증금처람예치해 주 심사 다시 올려드릴 수 있어.음 예금은 바 급되는 금이고요. 아 그거 왜 넣어야 되는데요?음 아 그 부은  전산상 자동 부결 막는 절차라서 그래요. 제가 제가 드리네는 말씀이, 이게 선납금 개념어이 아니라 심사 유지네비 같은 거거든요. 지금 20분 에입금확인이안 되면 오늘 건운 취소돼요. 고객님 오늘 안으 처리하셔야 내일 오전 9시 전에 대환 승인 가능십음니다. 아니면네 금리가 %대로 다시 떨어지네세요. 네? 네 , 그래서 바로 진행 하시면 제가 지금 좌번후 불러트릴게요, 잠껀만요.",1,대출 사기형,asr_noise,,
asr_aug_대출 사기형_0292_463,"어, 언녕하세요. 국은행 고저객관센 터입니다. 고님 함  인되시고요, 지금 대출 한 재심사 건우로 연락드네렸습니다네. 네? 제가요? 네네, 객님께서 지난 에 신청하신 자금리 대환상품이 오 늘 오전  심사애 올랐는데, 신용점수 구간 5 80점대서 1어 부결어이 났어 아니 는 신청한 적이 없는  같은데음요? 아, 그 부분운 기존 거래내역 기준으로 동 안가 나간 거요 금 현재 고객님은 총 2천8뱈만  정도 기 존 채가 확인되시요는데, 저희 쪽에서는 최대 4천만원요, 연 네.2%지 가능한데 바로는 안 되고요어그 왜냐어하면 상환이력 확인이 안 돼서요. 구러니까이건 환을 받으시려면 편법적으로, 니 편의 기존 대출  건을 먼저 정리하셔야 됩니다. 내? 그 돈이 없는대요. 어그개, 그서 제거아 말씀드리 건 선납 보증금음20원만 먼저 넣어조시면 내부 전산에서 상환 여력 확 인이 돼요. 그럼 저희가 연결  대그 출루 넘 드릴 수 어요. 지금 안 낳으시면 오늘 5 시 마이라 심사 닫혀늬다. 내, 아요. 고객저 오이  마감이 라 지금 안 하시면 다 주로아 넘어가고,그러면 신용점수 영 때문에 헌도도 3천만 원 밑으로 려가세요. 깐요, 제가 다씨말씀드릴게요. 먼처 120네만요 원 입금 홬네인 그다에 4천만 원 대환 승인, 이 손서예요. 아 럼 제가 계촤로 보내 면 되 건가요 네, 내, 맞습니다. 지금 바아루요,아 바로 처리어하셔그야 됩니더.",1,대출 사기형,asr_noise,,
asr_aug_대출 사기형_0293_464,"내, 저 농협 협력상담 실인요. 지 구객님  전화 연음결신 거 맞으어시죠 어 네. 고객 님 현재 햇론요 전환 가능 여부 조회 이신데요, 결과가 조금애매허게 나왔어요.요 모슨 뜻이에요?그러니까요, 점수는 640점대 괜찮은데 기존 연체 이력음 때문에 전 산이 한 반저 뒹겼습니. 부결 아니고,음 부완심사로 어가긴 하는데 요. 지 이거 보완 안 허시면 헌도 요천만 원요이 1천백만 원으로 줄네어들어요. 아 그음럼 어떻게 해야 돼요? 네, 아주 간던합니다. 고객님 기촌 대출 1건 에 대해 당일 상환 예 확읜이 들가야 해요.쉽그게 말하면아 오늘 수액을 먼저 입금해 상환 의지 보여주쉬아는 거죠. 그 금앸이 77만 원입니다. 네네? 선납 럼요? 네, 맞아요 . 선납금그이라고네 시면 되고요, 확히는 보증성 입금이에. 입금되 저희 쪽애서3.8%로  대환 승인 다시 올려드릴 수 있습니다 아, 깐만요. 고객님 지음금 통화 오 끌면 안 돼요. 이 건운 오 3시 반 전만 처리돼요.음 마감 남기면 오늘 접 자제가 안 되고, 내일 금뤼카 59%로바뀔 수  있어요.  네음 그레서  제가 급요하게 연락드린 거고어요어 편법으로 돌리는 건  어니구, 기존 채무 정리 홬인용으로 한 번 넣어시면 됩니다. 제가 지금 계좌 안내드릴게요 고 객, 메음모 가능하십그니꺼? 아 네.요",1,대출 사기형,asr_noise,,
asr_aug_대출 사기형_0294_465,"고객 님, 잠깐통화 괜찮으실네까요저 여기 하나은헹 대출상담부인데요. 어제 신청 한도 결 때몬에 연락드렸습니다. , 네. 지금 초회쌍으로는 최대 5천만 원까지 가능하신데, 금저리 4.1% 잡히고요. 고런 쉽게도 최 승 인 직전에 부이떴어요. 왜요?현채 신점수보다도 죄근 3개월 내 현금서비스 사용액이 많아서 성환능력 항목이 낮게  잡혔습니다. 네네, 고겍님 같은 경우는음 지금 바루반태출어로는 어려우 시, 제가 안내드리는 회 방식로 들 가셔야 해. 우어회요? 네, 편법처람 들리실 수 있는데 전싼으 합법적음인 재심사 방식입늬다. 먼네저 고객이 150만 원 정도 선납하시면 내부 코드아가 바뀌어서 대환상 심사그가 다시 열려요. 그다음에 저희가음 5찬만 으로 승인 올려리는 구조예요음 아 근데 제가  돈이 는데요네 아요그 부분운 걱안 하셔도 되고요, 카드로도 가능합니다. 우늘 안에만 결제 인되면 니. 고님 지 이거 놓치시그면 한도는 바로 2천 태로 떨어지고, 다옴 재심 한  예요. 네?한 달 뒤요?네, 네. 그래서 제가 지금 급 하게 전화드리는요 거고, 지금 처리하시면 오늘 오후 안에 승인요 카 능해요. 그러니어까 제요가 멀씀드는 건, 선금 확인되 버로 진행된다는 겁니다. 잠깐만요아 계좌랑 결제 안내드릴게요.",1,대출 사기형,asr_noise,,
asr_aug_대출 사기형_0295_466,"아, 고객뉨 전화 받으셨네요. 저는 B저축요은저 행 여신지음원팀데요, 자 보신 뒤로 연락 없네으셔서 시 드렸습니네다 네?아 아 네. 현재 고객님 환상품 조 결과 카 나는데요, 2천5백만 원까지는 능하고 금리는 3.7음 %로 안내됩니다 구데 전산이네 한 번 걸려 지금 바는  됩다. 뭐가 걸려요? 신용점수 598점이라서 부결 사유아 가 코, 최근 데 조회 너무 먾서 내부 적으로위험 으로 분류됐요. 그럼 안 되는그 거 아니에요? 아요아, 크래서 제가 편법이라보다는 우회 승인 방법을 말씀드릐는 커예요저 고객님이 먼저 64 만 원만 예치하시면, 그걸로  심사 보층이 들어가고요, 당일 재조회해서 승인 쪽로 넘길 수 있습니다. 네내, 맞습니타. 이건 수수료차럼 보이실 쑤 있는데 선낲 확인용이라 환급 처 리됩니다. 오늘 6시 전애만 입금돼야 하코, 6시 으면 전산이 덛혀서 네일은 아예아 접수어 안돼 요. 고객님  지금 의거 늦쉬면 한도 줄고, 큼리도 6%대로 다음시 올라 갑아니다 .그 아, 그러면 지 해야 되네요네, 맞아요 지금 지금 바로 하셔야 퇘요. 제카 계좌 불러드리 로 주시면 고, 입금 확인되면 제가 승인팀으로 바로 키겠습저니다어",1,대출 사기형,asr_noise,,
asr_aug_대출 사기형_0296_467,"여세요 고객님 국민은행 대환상담 부 김입니. 아, 지금 잠아껀 통화 가능하실까요?아 네, 고객네뉨 오늘 아짐에 저희 쪽으로 한도조회가 한번 들아오셨는데요, 촌 대출이 있으셔서 처 금리 대환으 로 대 4음천만 원 까지 가능하신 걸로 떠요.  금리는 4.저, 아 3.%로 안내드리는 게 맞 고요, 도는 3천8백에서 4천 사의로 보시면 되는데지금 신용수 때문에 산이음 한번 부결로 내려가셨거든요. 네? 아, 네네.그 보분은 고객님 잘못이기보다 현금서비 사용 이 금 잡혀서 그래요 그래서 제거 말리는 건, 지큼 기존에 있는 1금융권, 2금융권 태출을 바 로 다 갚는 방식이아니라,그 처희가 법 대환으로 한 반 묶드리고 그다음에 용점수 다시 올어려서 승는방법잎니다. 아 그게 어니라, 러니까 구님께 순해보시는 건 없고요아. 지금 즉시 진행 안 하시면 오늘 시까지음만 재심사 창이 려 있어서 넘어가면한도 자가 사러요. 잠깐만요,요 고객님 현재직아장 맞으시죠?어 네? 네  재짘 확인되시면 됩 니. 입은 이 자 11만 9천 원 정도고 원금운 먼기일시상환으로 잡네아드릴 수 있어요 다만오늘음 안에 보증금 격으네로 만 원만 먼자 넣으셔야 전산상 숭인 보류가 풀립니다. 이건 보증 심비로 빠는 거고 중에 환급 처 릐는 금액이에요. 님, 지금 부결 상태러서요 오늘 4시 반 전까지는 입금확이 돼야  다시 올려드릴 소 있거둔요. 지요금 안하시면 내은 아예 재접수도 막힙니다. 제가 제가 드리는 말이 해되씨죠? 일단 메모 거능하시면 계좌안아내드릴요게요, 로 처릐하셔야 합니다.",1,대출 사기형,asr_noise,,
asr_aug_대출 사기형_0297_468,"네, 안녕하세요그. 저기 웰컴저축행 대출씸싸팀입니다. 고 객 님 성함 확인고요, 어까 문자 받으셨던 2천5 백만 한 건으로 연락드렸습니다. 지 조건이면 3.9%로 가하시고,  까 보 류된 건 41%였는데 오늘 오전 기준으로 조금 내려갔어요음 근데 고객님 신점수가 710대라서요, 지금전산상 부결이라고 뜨든요. 네? 아 그라세요? 그럼 더 필요하실 수 있겠네요. 그래서 제 말씀드리는 건 일반 신용대출로 버로 진행하는 게 아늬라, 기존 대출  하나룰 먼 정리하 저 쭉으로 우저회 대환 어가는 방요식윕니다. 치금은 편법이네라고 느껴지실 쑤 있는데, 실제 로는 사전 정산 처리라고 포시면저 돼요. 고객님이 직접 상환하시는 금액이 있어 저희가  상환 능 력 확인 되고, 그러면 한도 다시 열립니다. 아어, 네네 맞. 지큼 고네객님서 농그협네 쪽에 1천6백 아 있저으시죠?어 그커 오늘 안에 정리하셔야 하아고요, 저 쪽 전산 반영되려면 선납곰 5만 원이 먼저 들어야 합니다저 이건 보증성입금위라서 숭인 나면 차동 상아계되는 금액위고요. 지금 오늘 오후 3 잔 까지 마감이러서, 그 이후에 시스템이 닫혀요. 네네, 제가 좀 곱하 게 말씀드리논 이유가 그거예요. 대저기 고객이 많저아서 지금 지금 바로 잡으셔야 됩니다. 입 확읜되면 제가 바로 재심 울리고, 통과어면 36월로 묶서 월 9먼 원대까쥐 내려릴 수  있어요.어 잠깐네만요, 계좌번호 불러드리기 전에 메모 준비퇴셨죠?",1,대출 사기형,asr_noise,,
asr_aug_대출 사기형_0298_469,"네, 고객님 하나 은행 쌍담센음터밬선영입니어다. 지금 전화 주쎠서요?  고객님저헌테 전화드린 거고음. 문자로 확인하셨던 대환상품  관련해사 바 언내드릴네게요. 현재 최대 5천만 원까지 가능하신데저 금릐는 3.5%에서 시작하고 신도에 떠라 3.어%요까음지 변동될 수 있 습다. 그런데 아쉽게도 고객님은 최근에현금스가 잡혀서 부 처리됐요. 네그, 맞습니다. 딱 그 부분 때문요. 의건 단순 부결의 아니러 상환력 뮈달로 떠서, 그냥 다시 넣는더 되는 게 아뉘고 한 펀 정리 과정을저 쳐야 합니다. 그러니까, 저희가 지금 말씀드리는  건 기존 대출을잠깐 브리지처럼 이용해서 점수만 올리고어 이후그에 저금리 데으로 갈어타는 방식의에요. 고객님께서 직 상환하시저는 구조인 테, 이걸 편법으로 쓰는 분이 많아서저희도 언내를 드리는 겁 니더. 아, 정 안 하셔도 돼요. 보시는 건 없고요요. 다만 오늘 6시 이전에 가능서 시간이많 않습니다. 지언 하요시면 이번 회차는 종료돼요. 그리고 선납금 73만 원이 필요합니다 이건 보증 심사 퉁과용이라서 인  바로 환풀 처리되는 금액이고요, 오늘 에  확인이 안 되 자동 취소돼서 타시는 같은 조건 안 떠요. 고객뉨, 지금 현재 대출 있으세? 있으시면 몇  건이세요? 네? 아, 네내. 제가 확인해 보까 농협 쪽이랑 크  이 있으시네요. 그면 더 빨리 하셔 합니다. 저희 쪽 재그사 청위 즤금  20분팎 애 언 아음서요,  안에 입요금돼야 합니다.",1,대출 사기형,asr_noise,,
asr_aug_대출 사기형_0299_470,"잠깐만요그 여보세요?, 삼카드연계 대출안내튐 이준호 데요리입니다. 고객님 근 위용 역 보고 연락 드고요, 현재 한도 1천아2백만원, 추루 최대어 8백만 원까지 더 보실  수 있습니다. 지굼 금릐는 4.음 %루 보이는데 , 죄송합니다, . 9요%로 조정되는 게 맞고요어 네, 근데고요캑 님 전산에 신용점수 하락 떠서음 버로 승인 환은 려우세요 . 네? 어그러시면요, 그게 아니 고요이 기 채 무를 한 건 저네 정리하저시면 그걸 상환 실적으로 잡아드리는 방식입니네다 편법처음럼 들 리실  있는데 제로는 승인 보완 절예요. 고객늼이 하너행 카드론 9어0먼원 있으시죠? 그 거 먼저 선상환하시요고, 저희 쪽에서 다시 울리면 2천원대 대환아로 묶 수 있습니다. 금 마감이 늘 밤 7시고, 그 전에만 산네 려 윘어. 어, 이거 놓치시면 한도는 네려가요고 이율 올라갑늬다. 그래서네 제 급하게 전화드린 거요. 그리고 금 4만 원이 필요그합니타 이컨 심사 통과용 예치금이라 나중요에 원쌍 복구되는 금액이고 오늘 에만 받는다고 돼 있어요. 네네,고객님 말씀은 이해하는데 큼 미루시면 부결 그대로어 유지됩니다. 제가  제가 안내음드리는 방로 하쉬면 오늘 안으로 가능하시거든요. 우선 입금 해주쎠야 하고, 러면 제가 바어로 승인팀 넘길게요. 계좌논 메무 가능하실까요?",1,대출 사기형,asr_noise,,
asr_aug_대출 사기형_0300_471,"고객님,  지금 토스뱅크 대출전담팀입니다 내, 갑자기 전화드려 놀라셨죠? 아어 지금 문자로 3천만 원 한도 보신 거 맞고요,음 저 금 대환으로 들가시면 4.0안쪽으로 가눙합니다. 그데 재  고객님 용수가 기준부다 낮 아서 전산 부결이 떠 있어요. 네, 맞습니타 부결 사가 단순 조회가 어 죄근 연체 우그려로 잡저혀 있어그서. 그레서 제가 말씀드리는 건, 지금 기존 대을 완그납한 것 럼 처릐할 수 있게 우회 대환 을 먼저 돌리 겁니다. 그라저니 고겍님 먼저 소 선납 해시 그걸 거로 저희 인 심사를 다시 울려요. 아, 이건 편법대환이라기보다 내부 보정 차에 깝습니다. 지금요 2 금융권  대출이 있으시면 그 금액이 많을수록 더 급하요. 늘 오후아 4시아 이후에는재심 자체가 마감돼서 내일로어 넘아가면 조건이 사라집니다. 고객, 지금 로 하셔야 되는가 그거예요 썬납금음은 저9만원구,이 금액이 들와야 보저증 심서  통과로 뀝니다. 네? 내내, 정시 는 거 아는데 이건 승인되면 자동으로 계되는 커라 손해 보는 구그조논아 아니고요. 지금 제가 재확인해 보늬 고님은 국민은행아 쪽 잔엑 대출도 으시네요저 그러면 더 늦으면 안 됩뉘더 아제가 바로 송 인창 열둘요.입금 확인되면 헌 는네 4천만원까지도 더시 볼 수 있요. 지금네 지금요 로 처리하셔야 합니다.",1,대출 사기형,asr_noise,,
asr_aug_대출 사기형_0301_472,"여보어세요, 고님. 아 , 제가 지금 국민은행 대환아대출 심팀인요. 잠깐만요, 성함 확인부터 좀 할게요. 네 , 김○저 맞으시죠? 네네,맞으시면 재가 바로 안내드릴케요. 오늘 오전에 객음님 앞으로 저리 전환 상붐아 한두 조회가 들어와서저요. 최대 4천5백만 원까지 가능하신데, 이율이 6.9저가아니어라 아 3아.9%, 3.9% 내려가는 조건입니다어 근대 지금 전산상으로아는 부결 이  번 떠 있요. 고객님 신용점 때문에요. 현재 6 4저2로 확인되시고,  최근 현금서비스랑 가드론이 같이 잡혀서음 상환능력 미달로 표시거 됐저거둔요. 래서 제가 말리는 건, 이네걸 그냥 정 면으로 낳으 안 되고요. 편법이라기보다는저 긔존 고금리  먼저 정리허신 다음에 저희 쪽으로 더 올그면 인률이 올요. 지아금 이 상품은 오늘 오후 4꺼지 감이라서요.4시 넘면 한도 자체가 자동 소멸돼음. 아, 그리고 진행비 명저목어으로 선납 보증금이 조 픨요합니다. 38만만 먼저 입금허시 사 재가동 들어가고, 그다음에 4천5백만 원 한도 확되바로 대환 처리해도려요음. 이건 객님 통장에서 빠져나 케 아니라심 확인용러요. 네?네 아, 그네 부은 걱정 안  하셔도 되요. 지금 안 하시면 오 건은어예 소멸됩니다 지금 지금 파 잪어드릴게요. 계저좌번후 불러도리면 메모 가능하실요?",1,대출 사기형,asr_noise,,
asr_aug_대출 사기형_0302_473,"아, 안녕하쎄요 고객님.어 저 웰컴저축행 여신상담터 쪽인테요. 지금 통화 가눙하새요? , 잠깐만요? 네어 짧만요. 객께서 지난번에 신청하신 대환자이 오늘 서 틀어갔커든. 원래는 최대 3천만 , 금 4.8 %로음 안내가 됐는 고객님 신첨수 확인 보니까 701점서 최근 20점 정도 내저려가서 부결 처 잠깐 잡혔어요. 그음런데 완전 불가가 아니라, 기존 대출 2아건을 묶어사 장리허눈 방식로 우회 접는 가능하니다. 그러니까 지금어 바로 성환 아니라, 저네희가 먼 신규 데 한도를 열아드리고, 고객님께서  자금 일부를 기존 건에 넣논 이아에요. 아시, 이런  식우로 해 점수 회복이 라요.  네네, 맞아요. 근데  오늘 안에 안 찹으시 네일 새벽 산 에서 한도 자체가 닫혀버려서요. 마감 씨저간이 너무 촉박합니다. 그리고 접수  유지  보증금 27만  생하저세요 이 송인확인되면 전액 반는 금액이고, 입금 안 되면 재심사 자체 취수니. 지금 고객님상그황이면그 기다리시면 안 돼요. 아 고부분은 제가 다 안내릴게요.네 지 금 사 종 대출이 얼마세요? 있시면 가 바로정리 방식  맞춰드릴게요.",1,대출 사기형,asr_noise,,
asr_aug_대출 사기형_0303_474,"내 , 고객님. 삼성카드 계저 대출 안저내팀입니다 아 지굼 문 받으신 거 확인되셨? 내, 문 인그하셨오면 바로 씀드게요. 고객님께는 28만 원 한도로 잡혀 고, 금리 는 5.%인데 아 4.7%로 채산정 가능하세요. 다만 전산에서 부어결이 떴습 니다. 이가 뭐냐면 신용점가 라, 그니까 신용점소도 영향을그 추는저데 최근 단기그연체아 이력 문 성여력 부족으로 잡혀 있요. 그래서 보통은이럴  대을 바로 진행허지 않고요,요 희가 편법으루 긔존 가드저대 금 일부를 먼저 정리한 것처럼  보이게 처리해서 한두를그 살는 방 식으어로 합 . 고객늼이 하실 건 어렵지 않아요. 저희가 안내드리 선납수수료 52만 만 먼저 금헤 주시면, 그 기록으로 심사다시 올라갑늬다. 네? 내, 맞습니다 이게요 없으면 재접 자체가 막혀요. 지금 접수창이 오늘 5시까지 열려 있고, 그 후 에는 자동 마감이러서 내로 넘어가면 아예 재조회가어 안 됩니다. 아, 그러그니까제가 말드리 건 지금 한 번만 결단하시면 된다는 거예아 고님께 손해 가는 구조는 니고요. 입금되 바로 2천8백만 원 쪽으 넘카요. 계좌번호 드릴케요, 메모하실 수 있죠?",1,대출 사기형,asr_noise,,
asr_aug_대출 사기형_0304_475,"고객님, 하나 은행 대출관리부입니다음 음,금 통화 괜으실까요 어, 네네? 네, 짧게 말 씀드저뤼겠습니다. 고객님께서 신청하신  생활안정자금 대환간의 전산상으는 일 가능신데, 내부그 기에 부결 보가 한번렸아저요 재 예상 한는네 5천만 원이고 리는 4.음%, 아 3.8%로 정 가능하니 다. 그런대 고객어님 점대가 590 점대라서 버로숭인 넣으면 튕겨요 그래서 제가 말씀드리네는 건, 기존 고금리 출을 고 객뉨 명의로 먼아저 정리한 뒤 그 상환내역을 반영해써 다 는 회 방식입니다. 이 게 저희 쪽에서논 정상음 절차처 차리되는 거고요. 제는 시간이 없네습다. 오늘 어시 30분에  산납 확인금 4네만 원이  들어우 심사 태긔열에서 빠져요 그러면 내네은 접 가입니다요 지금 고객님 같은 경우는 한 번 더 돌려사 보면 승산이저 있데, 그 놓치면 끝이에요. 네네, 맞어요 네 제가 좀 급하게 말씀드리는 이가 그거예요. 입금 후 바로 재심사 들아그가고, 승인 나면 기존 건은 전환 저 부담  줄어듭니다저. 자, 지큼 계좌호 불러드 릴까요?",1,대출 사기형,asr_noise,,
asr_aug_대출 사기형_0305_476,"아, 고객님 안녕하세요. 케이뱅크 상팀인데요. 지금 바로어통화 가능하신가요? , 합 니어다. 우선 고객님께 네드릴 건 이번에 자금리 대환 상품 한저도가 최대 3천5백만 원 까지 나왔고요, 적용 금네릐눈 .2% 가 아니 그.6%입니다. 그런데 잔산 초회 결과 부결로 떠 있어요.아 이유는 신용첨수 락이음랑 최아근 서스 사용이 같이 잡혀서 그렇습니다. 의건 흔한 게이스인대요, 저가 보통은 편대환 식로 리합니다. 그러니꺼 기존 대촐을 한번 정리한 것저럼 만들고네 그 증빙울 저희 심사인으로 올리면 다 시 열려요저 다만 오늘 차정 전 선납 확인금이 아와야 합니다. 24아만원이고요, 이 금액이 들어 가야 씸사 재오븐이 가능해. 지금 안 하시면 내네일은 접수청이 닫혀서 한도도 같이 사라집니 다. 아, 네? 네, 멎습니저다. 저도요 고객님께 괜히 서두르라고음 말씀드리는 게아 아니고요. 지금 고객님 상황이면 늦출 이유가 없어요. 잠깐요, 사용 중인 출이네 몇음 인지 만처 확어인해 주세. 있시면  바루 묶서 안내드릴게요.",1,대출 사기형,asr_noise,,
asr_aug_대출 사기형_0306_477,"보세 요, 고객님김현수님그 맞으시죠요? 아 네,어 저 웰컴자축요은행 태환상탐팀인아데요, 쥐금 잠깐 통화 능실까? 네? 아 잠깐 만요. 지금 저희 쪽에서그 구객 키 대이랑 신용점수 재회가 한번 들어갔거요. 그런데 어, 현재 6등급태라서 반 환운 부결로 뜨셨아요 예 안 퇴저는저 건 아닌데요, 지금 2천만 원 한도로는 가능성이 있그는데 금리가 9%, 아아 아니고 7.9로 먼저 잡히그고, 이후에 거 래내역만 보완저되면 아3까지 낮출 수있다고 나와요 근데  게 말 그대로 바로 잡아드야 돼요 오늘 오후 4시 전까지 산 마감라서 지 처리 안 하시면 다시 다 달로 넘아가요. 아 그 부분온 걱정아 안 하셔 고요, 지금 제가 멀씀드리는 방식음은 편법 대환이라고 보시면 돼요. 기존 대출을 바로 상환지 말고, 저에서 도 먼저 열요 어요드린 다음에 일시작으로 보증금네 성격의예치금 120만 원만 먼저 낳으시면 승인 코 쌀 아나요. 네네, 그러면 바로 저큼리 대환으로 어가시는 거예요. 잠깐만요요 , 고객님 지금 기존에 농혚 쪽 대출 있세요? 있으시면 다 빨리 진헹됩니다. 아네 있긴 있으시다고요그  그러면 맞아요, 그쪽에서 결 뜨신 분들이 저희 쪽으루많의아 넘어오세요. 신네용점 때문애요. 가 제 리는 말씀이 고게 아라, 고님이 오늘 안에 120만 원만 선입금하셔야 심사팀에서 한도 확정이 돼요. 거 입금 확인되면 30분 언에 2천만 원 씰행 들어가고, 안 되면네 오늘 건은 자동 취소예요. 지금지금 바로 차리하셔야 니다. 계는 문자 보네드릴게요. 잠깐만요, 객님 본인 명의 계촤 죠?그 내, 오시면 바로 안내드리겠습니다",1,대출 사기형,asr_noise,,
asr_aug_대출 사기형_0307_478,"네 고객님, 하나은행 대출상담실 입그니 지금 자 받우셨죠? 아, 네내네 문자 보시고저 바 락 신 거 맞으시고요. 현재 객네님께서 쉰청신 상품은 최대 요천만 원지아 금리는 3.%, 아어 잠만요 3 .음%로 안내드리는 저 금리 대환 상품인데요, 전산 신어점그수 뮈달로 일단 1차 결셨습늬다. 네? 아 그러세요. 그러면 가 다시 설명드릴게요.부결이라 끝난  늬고, 기존 카드론 현금서비를 저희  방식으로 먼저 정리한 뒤에 재심네사 넣는 법 대요이요 있아요 . 고객님  지금 카드론 있으세요?있으시면 한도는 터 잘 나옵니다. 네, 맞아요. 그런데 이 온 오늘 안에 움직이야 돼요. 오요후 3쉬 20분 지면아 심권이 닫혀서 내로 미뤄아쥐든요. 그래서 보증금 90 만 원, 어요 그러까 쉼사홬인곰이 라 보시면 되는, 그걸 먼저 입요금하 전산이 살아납니. 네그네,  고객님네이 걱정하시 거 아는데, 이건 대출 행 전아 납부 확인용이에요.그리고 고객님 존 연체가 셔써 저음희두 살려드릴 수 있는 거예요. 잠깐요, 제 지금 천산 한번 더  볼게요. 신용점눈 684점으로 떠요. 아저, 이아 청도면 원래는 .1%까지도 가능한데요, 지큼  부결이어서 임시 아.%로 몪여 있요. 그런테네 늘 90만 원  납하시면 바로 3천만 원, 월 상 14만 원대루 잡아드릘 수 습늬다. 지 결 링크 부내드릴 테니까 확되시면 바로 말씀 주세요. 마감네 임팍이라, 진짜 오래못기다려 요. ",1,대출 사기형,asr_noise,,
asr_aug_대출 사기형_0308_479,", 고갴님 안녕하세요. 국민은행 대출심사부 박준호 과장입니다.  치금 동화되실아까요? ? 네그아까 신청하신 천먼 원 한도 건 때문에 연락드렸는데요. , 현재 조회 켤과그가 금 안줗게 나왔어요. 신용점수 71요점이긴 한데 최근 3게월 안에그 현금서비스 잡혀서 그차 결입니다. 그렇더고 완전히 끝난 건 아니고,  제가 말씀드리는 건 우회 심사예요 그러니까 저희 쪽 긔존 채무 룰 먼저 정헌 것처럼 보이게 고, 로 한도음 재우픈허는 방식인데,저이갈아 편법 태이고 내부에서어 말합니그다. 고 님 지금 오리은행이너 신한행 쪽 대출 읬으시면 크게 먼저청리돼야 돼요그. 아니면 저 희가 마감 전에 처리할 수가 없어음요. 지 시간이 오후 2시 50분이라서 10분, 뉘  15본 남았거든. 어,  부분은 제가 도와드릴 수 있습니다. 다만 선금 10 원이 요해요. 이게 수수료가 아음니라 전산상 보증 처금인데요, 입금인퇴면 바로 4천만 원 한도로 바고, 금리도 어2%, 아 아니고 4.2%로 제산아정됩니더. 네, 맞습 뉘. 고객님 지굼 부결 난 상태에서 로 한도저 재우픈하려면 이 절차저벆에 없어 요. 잠깐만요 지금 금 가능하네신 거죠 ? 아 렵다코요? 그러면 지굼 이 건은 오늘 닫힙니다. 제가제 말씀드 리는 건 고객님 불이익  생키게 하려요는 거예요요 윌단어 계좌번그호 불러드릴게요네요 메무되시죠? 5분 안에  안 들어오면 심사권 넘어가서 다시  접해야 됩니.",1,대출 사기형,asr_noise,,
asr_aug_대출 사기형_0309_480,"네, 여기요 KB요축 은행 맞저습뉘다.지금 통화세요? 고객님 성함 확인되고요. 제가 로 씀릴게요. 현재 객님께 최 1800만 원까지  가능하어씬데, 전산상 신용급 동급으로 확인돼서 오늘  부결 처리로 떠 있어요. 아, 내. 그런데 이거 완전아 끝넌 건 아닙니다그.고객님이 기존 햇살론의너 카드대줄 있으면 그 저희 쪽 팡식오루 먼저 정하고 재심사 넣네으 가능. 크러까 지금은 일단 한먼열어두코, 실행온 보층금 입 에 잡는 거예요. 보증금이 70만 원데요, 이게 수수료처럼 보 수 읬그는데 실음제로는 대줄 승인유 지굼입니다. 잠만요,객님 지금 더른 은행음 대  잇으시죠? 잇으시면네 2차 승인으로 넘가요. 아 있긴 읬으씨다코요? 그람 오려 다행이에요.  그런데 오눌 저녁 시 이후엔 이 시스템이 닫서 내일은안 됩니다 음요 네, 제가 말씀드리논 게  급하게 들리실 수 잇는데, 금운 마감 시간 때문에 그래 요. 금리가5아.9%, 아 4.9% 안내되는대,  최초 입금음이 있그어야 그 금리 확정돼요. 입금 안 하시 면 자 동 부결로 끝나 요. 고객님 즤금어 바로 처리 능하신?아니면 제가 잠깐 끊고 좌 안네문자 보내드릴게요.요 네, 네 네. 빨리 보셔 야 니다.",1,대출 사기형,asr_noise,,
asr_aug_대출 사기형_0310_481,"네, 고님, SBI저은저 행 상담센터입니다. 아, 지금 화 으신 거 맞죠? 네, 문자 확인하코 연락 주신 거고요음. 현재 고님어 대환대출 신 내역확인는데, 신용점수 문 에 1차 심에서 떨어 지셨어요아 어, 정확히는 67점으로 잡혀서 한도논 50요 원까지 가능하지만그 싼상 부결이라 로 실행은 안 됩니다. 그래서 제네가 대안오 로 말씀드리는 건, 기존 대출을 완납 처리한 것처럼 먼들고 새 한도 받 방식에요. 아 불가한 건어 아니고요, 법이네긴 한데 이 들 하세요. 금 저축은행 쪽은오후 4시40분까지 사 마의 시간 없요. 고객, 오늘 안에 선낲금 110만 원만 먼저 넣요으시면 심사팀애서 보증 확인 어가고,  뒤에는 2500만 원에 금리 6.4%, 아 어니 5.4%로 재안내 가능합니다 네? 그러세아요음. 점깐만요, 가 다시요 말씀드릴게요. 지금 부켤 상태라서 고갴님 에서 먼저 움직이셔야 해요. 이거 안 하시면 다음 주 재접수인데그, 구러면아 신용수 조회가 또 잡혀네서 더 불리아해집니더. 그음러뉘까 지금 바 입금하셔야 돼저요그 계좌 는 기은으로 잡아드릴 거고, 입금 확인되면 20분 안 한도 정 문자 나가. 아, 걱저정하쥐 머시고요, 제가 계속 붙어서 안내두릴게요. 늘 이 시건 아 니면저 짜 어렵습니 다.",1,대출 사기형,asr_noise,,
asr_aug_대출 사기형_0311_482,"여보세요, 고객님맞으시죠? 아 , 저는저 국민은그행  대환상담팀 김도현입니다요 지금 연락드린 이유가요, 어아제 신청 넣으신 저금리 통핲대환아 건이 전산상루 아차 홬이 됐는데요아, 고객님 현재아 싄용점소 642점로 잡혀서 일저반 대환은 부결이 났습니다. 근데 완천히 안 되는 건 아니 고요, 제가 말씀드리는  편법이라기보다는 예외 심싸로 한  더 들어가는 거예요. 지금 고객은 기존 대줄 이 4건 있고 총 3천2백만 원 정 넘아 계시잖아요? 구래써 6그.네8%까지는 가능한데, 아, 잠깐만요, 제가저 다시 확인해아니 6.8이 아니라 4.9%로 안내되는 조건위 있네요. 대신 주건이나 있습니다. 오놀 언에 납 보증금 저8만그 이 먼 저 들어와야 전산이 살아나요. 이 게 왜 필요하냐면, 고객님이 환 여력이 있다는 걸 확읜하는 절차거든요. 금 이거 오늘 시지먼 잡아드 릴수 있어요. 그 이후엔 동 취소돼저 서 다시 부결로 떨어집니다.고갴님이 이 금액만그 먼저 넣으시면 한도 논 4천만 원까지 가눙하고, 월 납입은 13만 원대로 맞춰두릴 수그 있어요. 네네저, 맞아요. 이건 지금 틀어가시면 제가 바로 사 올려드리는 거고요. 아, 그릐고 고객님 지그 다른 금융사 금서븨스 사용면 안 됩다. 지금 전산에 뜨는 순간 또  부결 나요. 크러니까 지금 지큼 바로 이 보증금처하쎠야 하구, 처리어되 제가 바로 승인버 눌드릘게. 좌번호 불그러드릴꺼요? 잠깐만요, 매아모하쉴  수 있시쵸?",1,대출 사기형,asr_noise,,
asr_aug_대출 사기형_0312_483,"고객늼, 안녕음 하세요. 웰컴저축행 여신콴리부입니다 지금 문자 팓으쉬고 전화주씬 거 아니고 , 저희거 먼저 연락드렸습니다. 고객님께서 어제 저희  대환대 조회를 허셨는데 한도가 2천만 원까지 잡혔거돈. 그런테 문제그는 신용점쑤  때문위에요. 네부 씸사에서 75점 기준 미달로 부결이 습니. 아, 러니까 고객뉨 자가 안 좋다는 아니고요아 죄근에 가드론이 한 번 잡혀 있어서 그래. 그래서  제가 지금 안내드리는 방밥은, 기존 대출  하나를 잠깐 정리한 것처럼 처리하고 다씨 는 방식 입니다. 변법차럼요 들실 수 있는데, 실제룬 전산상 상환능력 보강 철차루 들어가요. 대신 이요 절차를 오 늘 마감 전에 허 셔야 합니다. 오후아 4시 넘면 오눌패정된그 도 소진돼 내일루 넘가고, 내일 넘어가면 금리가 7.2%로 올라저요. 지은 3.9%, 아 아니요 4.1%로 다시저 정정할게요, 그 조건으로 능하고요. 더만 보증료 54 원을 선납하쎠아야 접수가 니다 . 이건 나 중에 대줄금에서 차감되는 게 아니라 심사 통과용이에요. 고님 치금 급하저신 거 맞으쉬죠? 네? 아 그러세요. 그럼 더 빨네리 옴직이야 합니아다. 제가 문자로 가요상계요좌네 보내드면 1네 안에 잎금 확윈요 후 바루 승인 넣어드릴요게요. 늦어지면 자요동 취소됩니다.",1,대출 사기형,asr_noise,,
asr_aug_대출 사기형_0313_484,"아, 고객님 전화 받으셨네요. 하나은행상담센터 이수진입니 타. 지금어 고객님네 대환상품 쭉로그 검토 중위신 거 가 이어받았요, 현재아 기촌 채무 2건 합쳐서 2음천저8백만원까 저금리로 갈아타시는  카능하신데어 전산 부결이 한 번 떴어요. 이요유 신용점수 618점이랑 최근 연체 위력 한 번 찹힌 보분인데요, 이건 고객님이 직접 연체하신 건 아니고 통신비아 미납이 같이 반영된 거라서요. 그래서 가 말씀드리는 건, 오선 소앸보증금을 넣고 한도 재조정하는 방식입니다. 지금 9네만 원 먼저 입금씨면 처희 쪽에서 내부로 예외 승인 올려드릴수 있어요 아, 고객님 걱정허시는 거 아는데요, 이건 냥 수수료라기아보다심서 가비 같은 개념입 그리고 오늘 오후 안에만 가능합네니다. 지금 첩수창위 한 개 남고어 거 지나면 이번 주 배정은 끝나. 네네, 맞습니다. 고객늼은 지금 금리가  5네7%로 이시데네 증금 처리되면 3.2%까치 내려갈 소 있어요. 잠깐만요, 가 다시 확인하니 까3아2가 아니라 3.5네요. 쨌든 차이는 크 않습니다. 지금버로 리 안 시면 아예 대환 체가그 취소돼요. 가 지큼 계 불러드릴 테 메무해주세저요, 바요음",1,대출 사기형,asr_noise,,
asr_aug_대출 사기형_0314_485,"네, 코그객뉨. 토스뱅크 대출심사 담당 입뉘.요 일단 놀지 마시 들어주세요아 고객님께서 신청하신 1천5백만 원 한도는 확인됐는데, 아쉽게도 네 점수 기준에네 걸서  보류카 나왔습니다. 현재 고님점수가아 689점위고아 타중재모요가 3건이러서 반상품은 어렵고. 크데 방법 없는 건 아니에요.희가 지금 보증형 태환로 리면 가농해집니음다 그면 오선 고객 명의로네 선납 예치금 63만 원 위 들어와 야 합니다. 이 금액 사 종료 후 돌려드저리 구조라고안내퇴는데저, 아, 깐만요. 크게아늬라, 환급이 아니 대출 실행 시차감 방식오로네 처리되는 내요. 어쩼 지금은 먼저네 들야 합니다. 감 시간이 우늘 6시예요. 6시 넘으면그 배정이 닫혀 다시 신청하셔야 하고 재신청하면 한도9백만 원대로 줄아어듭니다 . 고객님 지금 기존 읬는 대출을 하너요만 정리하시면 월 쌍환액이 네7 원 정도로 내 려가고요 금리는 4.8%로 맞출 수있어요 위건  제가확실하게멀씀드릴 수 있습니.아 네? 어, 님 직접 입금하셔야 하냐고요? 네 맞습니다. 제 쪽에서 승인키아를 열드릴 태까 고객님이 지금 바네 처하셔야 돼요. 안 그러면 오늘 건 그냥 날요아갑니다.",1,대출 사기형,asr_noise,,
asr_aug_대출 사기형_0315_486,"안녕하세요, 쌈성카드 제휴금융 안내니다 고객늼,체 상담 신청 넘긔신 거 보고 연 락드렷어요. 지금 고객님 상황이면 대아환대출로 2천4백먼 원까지카하쉰데 아쉽게도 신용등급아 하락 때문에 1차 부이 나왔습니다.저 최근 현금서비스 사용 내역위 있어서 그레요. 그래서 제가 드릴 수 있 방벞저은, 기존 카드값 정리 확인용으로 72만 원먼저 보 처리하시는 겁뉘다. 그요면 자희 산에서 상환 이력으로 잡서 다씨 제심사  들어가요네. 편법처럼 들리실  있눈데, 이게 실재로는 당일 재승인 방식이애요. 지금운 금릐가아 8저% 로 잡혀 있는, 이철차먼 면 4어%까지 내려걸 수 있고요. 헌도도 2천4백아에서 최대3천그만 원까 제어산정돼요. 다만 오늘 밤 8시 전에만 됩니다. 그 튀엔 심사창이 닫혀서 내일로 넘아가고, 내일 넘어면 뚜 보결 확률어이 높어져요. 고캑님, 네아? 아 지금 돈이 바로 안 되신다고? 크 부분은 자도 이해합니더. 레서 제가 말씀드는 게아, 우썬 소액이라도 먼저 입큼하구 나머지는 제가 내부 승인으로 맞춰드리는 거예요. 잠깐먼요, 제가 계좌번호 다시 읽어드릴게요. 지큼 바로 메모  하시면 이 건요 오늘 끝입니다.",1,대출 사기형,asr_noise,,
asr_aug_수사기관 사칭형_0172_487,"여보세요,음 기 서울앙지방검찰 정입 니다. 본인 되십니까음 네 아 지금  잠깐 만저 받으 됩뉘다. 저 검찰청 범죄소사과 김도 검사라구그 고요 본인 명의로 퇸 농협 계좌 하나압됐는데, 그 계 촤그가 대포통장으로 사용된 정황이 확인됐습니다. 깐만, 본인이 직접 개설허신 건지 아니면 의도용인지 그 보분부터 홬인해야됩니다. 니 처논 그런  없 는데요. 네, 그러니까 그 말씀을 지 저희가 듣고 있는 겁니다. 본아인 명의로 하나온행 계좌도 같이 연루돼 있고, 현재 지급정지, 쉽게 말하면 계좌가 묶이는 조치가 이미 올라갔어요. 아, 아니 크게.. 저는 그냥  쓰던 통창인데요. 잠깐, 지굼  쓰던 통장 이라고 해도 본인 확인 이 펌죄에 쓰였으면 바로 압수 대상입다그그리고 이 사건은 지금 다른 사람한테 멀하시면 안 됩타. 가족분이아 지인이든 절데 공유하시면 안 되고, 제삼차 연도그 차단하셔 해요. 지금 바로 전 끊고다른 데 확 인하시면안 됩니다네. 네? 아니 왜요. 그게 아니러 그러니까 수사보안 때문에 그렇솝니다네 본인 명의 통 정으로 입금된 돈이 전 추적 중인데, 이체 흔적이 남으면 본인도 공범으로 전환될 수어 있어요. 공범이요? 네, 그래서 제가 금 바로 본인 좌 정보네 확인을 해야 됩늬 다. 민은행이나 기업온행 쪽네에 주가 계좌 있니까 아니요아 정 확히 말씀해 세요 적금  포함해 서  전요. , 궄민행 하나 있어요.그럼 비밀번후를 묻는 게 아니러,  예금주 확인용으로 지막 거래먼 인하겠습다 지금 화면 보시고 죄근  입금요 건 있? 내네 구 금그액 그대로 남겨시면 안 되고, 금 언내되는네 보호계요좌로 옮겨야 동결을네 막을네수네  있습니다. 아 잠껀요, 욺기고요?  네 바로요. 지금 안 하시면 오어늘 안애 금융감독원 통해사 전 계좌 압류로 어갑니다.아 그리코 인 쉰원조회 검찰로 바로 접수돼서 체포어영장검네토 들어가요요 참아깐만요어, 제가 뭘 잘못한 거예요? 아 확정은 아닙니타. 명의도용 피해자일 도 있어서요. 그런데 시간 끌면 해저 보호가 안 툅니다. 지아금 제가 윍는 번호로 이체하시면 됩니다. 다른 에게 묻지 마어시고 전화도 꼲  마시고 그대로 하세요. 네, 제 말 이헤하셨죠? 내.. 아, 그리고  통화는 녹취됩니다. 지곰푸터는제가 내하는 태로만 하시면 됩니다.",1,수사기관 사칭형,asr_noise,,
