id,text,label,category,source
aug_수사기관 사칭형_0001,"여보세요. 서울중앙지방검찰청입니다. 사건 담당 검사실에서 전화드렸고요. 지금 본인 명의로 된 농협 계좌가 대포통장으로 확인돼서 연락드렸습니다. 혹시 메모 가능하십니까? 지금 이 통화는 녹취됩니다. 네? 아니요, 저는 처음 듣는데요. 이름이 이도현으로 확인되셨고, 검찰청 수사기록상 본인 계좌가 범죄자금 세탁에 사용된 정황이 잡혔습니다. 현재 압수수색에서 농협과 국민은행 통장이 같이 나왔고, 본인 명의로 개설된 계좌라서 바로 동결 절차 들어가야 합니다. 동결이요? 네, 계좌 압수 조치가 진행되면 출금이 막히고, 수사 협조 없으면 공범으로 전환될 수 있습니다. 저 정말 모르는 일입니다. 당연히 그렇다고 하시겠죠. 그래서 확인하는 겁니다. 본인 앞으로 개설된 다른 계좌 있습니까? 하나은행, 기업은행, 국민은행 중에 사용하시는 계좌 전부 말씀하셔야 합니다. 아니 왜 다 말해야 되죠? 지금 타인하고 통화하시면 안 됩니다. 가족분이든 지인이든 누구한테도 말씀하시면 안 되고, 지금부터는 본인 혼자만 아셔야 합니다. 왜요? 수사 보안상 그렇습니다. 외부로 알려지면 증거 인멸 우려가 있어서 바로 체포영장 검토됩니다. 제가 명의도용 피해자인지 확인하려고요. 그럼 본인 계좌번호 마지막 네 자리부터 말씀해 주세요. 농협 계좌 끝 네 자리랑 하나은행 있으면 그 끝 네 자리까지요. 잠깐만요, 그런 건 왜요? 불법 자금이 들어간 계좌인지 대조해야 합니다. 그리고 지금 즉시 잔액 확인 후, 검찰 보안계좌로 전액 이체하셔야 합니다. 이체하면 안전한가요? 네, 사건 종결 전 임시보호 조치입니다. 오늘 안 하시면 계좌는 전부 묶이고, 출석요구서 발부됩니다. 알겠습니다. 그럼 제 계좌번호를 말하면 되는 거죠? 네, 급하게 진행하셔야 합니다.",1,수사기관 사칭형,augmented_llm
aug_수사기관 사칭형_0002,"네, 경찰청 지능범죄수사팀입니다. 김준호 수사관이고요. 본인 맞으시죠? 지금 긴급 통보 드리는데, 본인 명의로 된 기업은행 계좌가 대포통장으로 적발됐습니다. 뭐라고요? 기업은행이요? 네, 서울지방검찰청으로부터 공조 요청 받아서 확인 중이고, 검거 현장에서 본인 주민등록번호로 개설된 통장이 나왔습니다. 본인이 직접 만든 적 없습니까? 없어요. 그러면 명의도용 피해 가능성이 있습니다. 하지만 현재 상황이 급해서, 제3자와 연락을 끊으셔야 합니다. 가족이든 친구든 지금 아무한테도 말하지 마세요. 왜요? 지금 통화가 새 나가면 범인들이 계좌를 추가로 빼돌립니다. 이미 본인 계좌는 동결 명령 대기 상태입니다. 동결이 되면 어떻게 되나요? 출금, 이체, 카드 사용 전부 막힙니다. 그리고 공범 여부까지 같이 보게 됩니다. 저는 정말 몰라요. 그러면 제가 묻는 것만 답하세요. 농협, 하나은행, 국민은행 중에 본인 명의로 쓰는 계좌가 몇 개입니까? 왜 그걸 알아야 하죠? 피해자 확인 절차입니다. 본인 확인이 안 되면 계좌 압수로 넘어갑니다. 지금 메모하세요. 사건 번호 알려드리겠습니다. 잠깐만요. 검찰청에서 이미 본인 계좌를 주시하고 있고, 오늘 중으로 입출금 내역 안 맞으면 압수수색 영장 신청됩니다. 저 지금 회사인데요. 회사에도 말하지 마세요. 아시겠죠? 네, 아니 근데 제가 뭘 해야 돼요? 가장 먼저 계좌 마지막 번호 확인하시고, 안내하는 보안 절차대로 송금 확인을 해주셔야 합니다. 송금이요? 네, 범죄자금 구분 작업입니다. 늦으면 체포 절차로 바뀝니다.",1,수사기관 사칭형,augmented_llm
aug_수사기관 사칭형_0003,"여보세요. 금융감독원 검사팀입니다. 본인 명의로 된 하나은행 계좌가 범죄 연루 계좌로 확인돼서 즉시 연락드렸습니다. 지금 이 내용은 외부에 절대 말하시면 안 됩니다. 왜요? 지금은 비공개 조사 단계라서, 가족이나 지인에게 말하면 수사 방해가 됩니다. 저는 그런 일 없는데요. 본인께서 모르는 사이에 명의가 도용됐을 수도 있고, 아니면 통장 유통에 연루됐을 수도 있습니다. 저희가 검토한 자료에 따르면, 서울중앙지방검찰청에서 압수한 현금 다발과 함께 본인 명의의 농협 계좌가 발견됐습니다. 농협이요? 네. 그리고 하나은행 계좌까지 같이 확인됐습니다. 본인 계좌 맞습니까? 아니요, 그런 적 없어요. 그러면 더 문제입니다. 본인 개인정보가 빠져나간 정황이 있으니 지금부터 계좌 정지와 보호조치 들어가야 합니다. 정지요? 네, 출금 정지 안 하면 범죄자금이 추가로 빠져나가고 피해 금액이 본인에게 전가됩니다. 그러면 제가 뭘 하면 되는데요? 지금 당장 본인 명의 계좌 전부 확인하시고, 마지막 잔액과 최근 이체 내역을 불러주세요. 왜 그렇게까지요? 피해자 입증 자료입니다. 그리고 다른 전화 끊으시면 안 됩니다. 지금 수사기록에 반영해야 해서 통화 유지하셔야 합니다. 아, 네. 본인 명의 계좌가 맞는지 확인되면 바로 금융감독원 보호계좌로 옮겨야 합니다. 그거 안 하면 어떻게 되는데요? 압수 조치 이후에는 해제가 어렵고, 조사 협조 안 되면 검찰 송치됩니다.",1,수사기관 사칭형,augmented_llm
aug_수사기관 사칭형_0004,"서울지방검찰청입니다. 지금 본인 앞으로 체포 관련 서류가 올라가기 직전이라서 바로 연락드렸습니다. 본인 명의의 국민은행 계좌가 대포통장으로 사용된 사실이 확인됐고, 이미 검거된 조직원 진술도 나왔습니다. 저 처음 듣는 얘기인데요. 당연히 놀라시겠죠. 그렇지만 사실관계는 명확합니다. 해당 계좌가 범죄자금 입금용으로 쓰였고, 지금 잔액도 추적 중입니다. 본인 계좌가 맞다면 동결 안 하면 돈이 빠져나갑니다. 본인이 개설한 적 없는 계좌도 있습니까? 모르겠어요. 그러시면 농협, 기업은행, 하나은행까지 전부 말씀해 주세요. 왜 자꾸 제 계좌를 묻는 거죠? 개인정보가 이미 유출됐는지, 명의도용인지 확인해야 하기 때문입니다. 그리고 여기서 제일 중요한 건 비밀 유지입니다. 누구한테도 말하지 마세요. 가족 포함입니다. 네? 왜요? 지금 말이 새면 범인이 계좌를 정리합니다. 그러면 본인도 공범으로 보입니다. 무슨 공범이요? 공범까지는 아니더라도, 자금세탁 계좌 명의인으로 처리될 수 있습니다. 그러면 제가 지금 뭘 해야 합니까? 지금 바로 계좌번호 뒤 네 자리 말씀하시고, 안내하는 검찰 보호 절차에 따라 이체 확인을 해주셔야 합니다. 이체요? 네, 본인 자금이 아닌지 구분하는 절차입니다. 안 하시면 계좌 압수, 출국 제한, 조사 출석 통보가 동시에 진행됩니다.",1,수사기관 사칭형,augmented_llm
aug_수사기관 사칭형_0005,"네, 경찰청입니다. 수사과에서 연락드렸고요. 본인 명의의 기업은행 통장이 범죄 현장에서 나왔습니다. 본인 이름과 주민등록번호로 개설된 계좌라서 확인차 연락드리는 겁니다. 아니 제가 그런 적 없는데요. 그러시면 명의도용 가능성이 매우 높습니다. 그런데 지금 상황이 급해서, 우선 비밀 유지부터 하셔야 됩니다. 누구한테도 말하지 마세요. 왜요? 가족한테도요? 네, 가족, 직장, 지인 전부 안 됩니다. 지금 제3자와 접촉하면 수사에 방해되고 계좌 동결이 늦어집니다. 동결이요? 네, 이미 검찰 쪽에서 압수 검토 중입니다. 본인 명의 농협 계좌도 같이 확인됐고, 두 계좌 모두 범죄자금 이동 경로에 올라와 있습니다. 저는 농협도 없어요. 그러면 더 빨리 보호조치 받아야죠. 본인 계좌번호를 먼저 확인하고, 잔액 전부를 안전계좌로 옮겨야 합니다. 안전계좌요? 네, 사건 종결 전 임시보관 계좌입니다. 지금 안 옮기면 돈이 묶이고, 나중에 본인도 조사 대상이 됩니다. 근데 왜 제가 돈을 옮겨요? 피해금 분리 작업입니다. 본인 확인용으로 끝자리 네 자리만 불러주세요. 그리고 절대 끊지 마시고, 지금 안내에 따라 바로 진행하십시오. 네? 시간이 없습니다. 지금 바로 하셔야 합니다.",1,수사기관 사칭형,augmented_llm
aug_수사기관 사칭형_0006,"여보세요. 서울중앙지방검찰청입니다. 지금 통화 가능하십니까? 저는 금융범죄수사부 검사실에서 나온 박준호 수사관인데요. 잠깐만요, 이 통화는 녹취됩니다. 본인 명의 계좌가 대포통장으로 확인돼서 바로 연락드렸습니다. 무슨 말씀이세요? 저 지금 처음 듣는데요. 네, 지금 검거된 사건 현장에서 선생님 명의로 된 하나은행 통장하고 국민은행 통장이 발견됐습니다. 해당 계좌들에 불법 자금이 입금된 정황이 확인돼서 계좌 동결 절차 들어갔고요. 본인께서 직접 개설하신 계좌 맞으십니까? 아니요, 저는 그런 거 만든 적 없어요. 그럼 명의도용 피해 가능성이 크네요. 그런데 지금 중요한 건, 이 사건이 외부에 새면 안 됩니다. 가족이나 지인한테 말씀하시면 안 되고요. 지금부터 제3자 연락은 전부 차단해 주세요. 아, 네. 그런데 제가 뭘 해야 되는데요? 우선 본인 명의로 된 농협, 하나은행, 국민은행 계좌 전부 사용 내역을 확인해야 합니다. 혹시 현재 사용하시는 계좌 중에 출금 가능한 계좌 있으면 말씀해 주세요. 아, 국민은행 하나 쓰긴 하는데요. 그 계좌도 지금 압수 대상에 올라가 있어서, 그대로 두시면 추가로 전부 정지됩니다. 선생님 이름이 범죄조직 쪽에 넘어간 상태라서요. 지금 협조 안 하시면 공범으로 오해받을 수 있습니다. 아니 제가 왜 공범이에요? 그래서 지금 확인하는 겁니다. 본인이 피해자면 빨리 입증하셔야 해요. 지금 계좌번호 끝 네 자리만 불러주시면 조회해서 동결 여부 확인하고, 필요하면 안전계좌로 이체 절차 안내드리겠습니다. 안전계좌요? 네, 수사 보호용입니다. 이체가 늦어지면 자금이 묶여서 출금도 못 하게 됩니다. 지금 바로 말씀해 주세요.",1,수사기관 사칭형,augmented_llm
aug_수사기관 사칭형_0007,"여보세요. 경찰청 지능범죄수사팀입니다. 본인 김민수 씨 맞으시죠? 저는 서울중앙지방검찰청과 공조 중인 수사관 이정현입니다. 지금 선생님 명의로 대포통장이 발견돼서 급히 연락드렸습니다. 대포통장이요? 저는 그런 거 한 적이 없는데요. 네, 맞습니다. 그래서 명의도용 사건으로 분류됐습니다. 그런데 검거된 일당이 선생님 계좌를 범죄 자금 세탁용으로 썼고, 검찰에서 이미 압수명령이 내려간 상태입니다. 하나은행 계좌와 기업은행 계좌 두 개가 확인됐고, 현재 곧바로 동결됩니다. 아, 그럼 제 계좌가 막히는 건가요? 잠깐만요, 막히는 게 아니라 잠정 압류입니다. 본인이 피해자라는 걸 입증하시면 풀 수 있습니다. 대신 지금 이 내용은 밖에 말하시면 안 됩니다. 주변에 가족이나 직장에 연락하지 마시고, 다른 은행에도 문의하지 마세요. 왜요? 지금 수사 정보가 새면 계좌 추적이 끊깁니다. 그리고 선생님 본인 계좌 중에 혹시 농협이나 국민은행도 사용하시죠? 네, 농협 하나 있어요. 그 계좌도 같이 확인해야 합니다. 지금 개인정보 유출로 타인이 선생님 신분증을 가지고 계좌를 추가 개설했을 수도 있습니다. 선생님이 모르시는 사이에 범죄에 연루된 거예요. 제가 지금 확인해드릴 테니까 계좌번호 앞자리랑 끝자리만 말씀해 주세요. 아니 그걸 왜 드려요? 본인 보호를 위해서입니다. 지금 못 받으면 내일 바로 출석요구서 나갈 수 있고, 은행 쪽에서는 자동으로 거래정지 들어갑니다. 빨리 말씀해 주세요.",1,수사기관 사칭형,augmented_llm
aug_수사기관 사칭형_0008,"여보세요. 금융감독원 조사협력팀입니다. 본인께 긴급 통보드릴 사항이 있습니다. 지금 본인 명의의 국민은행 통장이 불법 자금 통로로 확인됐습니다. 무슨 소리예요? 저는 그런 통장 없어요. 확인됐습니다. 검찰청에서 넘겨받은 자료에 선생님 신분증 사본과 함께 계좌 개설 기록이 들어있습니다. 본인 명의도용으로 보이는데, 문제는 이미 그 계좌로 범죄 수익이 들어오고 나갔다는 점입니다. 그래서 계좌 동결 경고가 내려갔고, 추가로 타 은행 계좌까지 전부 조회 중입니다. 잠깐만요, 그럼 제가 피해자인 거죠? 네, 피해자 가능성이 높습니다. 그런데 여기서 가장 중요한 건 비밀 유지입니다. 지금 누구한테도 말하지 마시고, 가족, 친구, 회사, 심지어 배우자한테도 말하시면 안 됩니다. 외부에서 인지하면 자금 이동이 더 복잡해집니다. 아, 네. 그럼 뭘 하죠? 우선 선생님 명의로 된 모든 은행 계좌를 확인해야 합니다. 농협, 하나은행, 국민은행, 기업은행 중에 쓰시는 거 전부 말씀해 주세요. 아, 저는 하나은행이랑 국민은행만 써요. 그 두 계좌 잔액도 지금 보호조치 들어가야 합니다. 필요하면 검찰청으로 사건 이관해서 바로 해제 절차 도와드릴게요. 그런데 이체 가능한 금액이 있으면 지금 안 옮기면 같이 묶입니다. 안전 확인을 위해서 계좌번호 불러주시겠습니까?",1,수사기관 사칭형,augmented_llm
aug_수사기관 사칭형_0009,"여보세요. 지방검찰청입니다. 저는 형사부 담당 검사실의 최현우 검사입니다. 지금 본인 명의가 대포통장으로 발견돼서 즉시 연락드렸습니다. 저 검사입니다. 지금 이 건은 매우 중대한 사건이라 비밀 유지가 필수입니다. 네? 제 명의가 왜 대포통장이에요? 검거 현장에서 선생님 이름이 적힌 하나은행 통장과 농협 통장이 압수됐습니다. 그 통장들에 불법 도박 자금과 보이스피싱 자금이 섞여 있었고요. 본인이 직접 개설한 적 없으시면 명의도용입니다. 그런데 이미 계좌가 범죄에 사용돼서 동결 조치가 예정되어 있습니다. 아, 저는 진짜 모릅니다. 알겠습니다. 그럼 피해자 진술로 진행하겠습니다. 하지만 지금부터는 제 지시만 따르셔야 합니다. 다른 사람과 통화하지 마시고, 은행에 혼자 전화도 하지 마세요. 왜냐하면 상대방이 역추적을 걸 수 있습니다. 그럼 제가 뭘 해야 합니까? 본인 명의로 된 계좌가 몇 개인지 먼저 확인해야 합니다. 농협, 하나은행, 국민은행, 기업은행 중에 쓰는 계좌를 전부 말씀해 주시고, 계좌번호 끝 네 자리도 준비해 주세요. 혹시 모르는 계좌가 있으면 그게 이미 범죄에 쓰인 겁니다. 빨리 확인해야 오늘 안에 압수 절차를 막을 수 있습니다. 지금 지체되면 계좌 전부 정지되고, 본인도 참고인에서 피의자로 전환될 수 있습니다. 바로 말씀하세요.",1,수사기관 사칭형,augmented_llm
aug_수사기관 사칭형_0010,"여보세요. 서울중앙지방검찰청 수사관입니다. 지금 선생님 이름으로 된 계좌가 범죄조직에 넘어간 게 확인돼서 연락드렸습니다. 지금 당장 통화 내용 메모하셔야 합니다. 선생님 명의의 하나은행 계좌가 대포통장으로 사용됐고, 추가로 국민은행 계좌도 함께 추적 중입니다. 저는 그런 거 안 썼는데요. 네, 그래서 명의도용 사건입니다. 다만 이건 아주 급합니다. 현재 압수수색 결과 선생님 신분증 사본, 통장 사본, 비밀번호 메모까지 함께 나왔습니다. 누군가 선생님 정보를 이용한 겁니다. 그럼 어떡하죠? 우선 주변 사람들에게 말하지 마세요. 경찰, 은행, 가족에게 따로 문의하시면 수사에 방해됩니다. 지금은 제 지시만 따라주셔야 합니다. 본인 계좌가 더 있는지 확인해야 하고, 남아 있는 잔액도 일단 안전 보관해야 합니다. 안전 보관이요? 네, 출금이 되기 전에 수사 보호계좌로 옮겨야 합니다. 그렇지 않으면 범죄 수익으로 오인돼서 전부 묶입니다. 지금 본인 명의 농협, 하나은행, 국민은행 중 사용 중인 계좌 전부 말씀해 주세요. 그리고 계좌번호 끝 네 자리를 불러주시면 바로 조회해서 동결 여부 확인해 드리겠습니다. 시간이 없습니다. 지금 바로 답하세요.",1,수사기관 사칭형,augmented_llm
aug_수사기관 사칭형_0011,"여보세요? 네, 서울중앙지방검찰청 금융범죄수사부입니다. 지금 통화 가능하십니까? 저는 담당 검사가 아니라 수사관인데요, 본인 명의로 된 대포통장이 검거 현장에서 발견돼서 바로 연락드렸습니다. 무슨 통장이요? 농협이랑 국민은행 쪽 계좌가 범죄자들 현장에서 나왔는데, 서류상 명의자가 선생님으로 되어 있습니다. 저는 그런 적 없는데요. 그래서 지금 확인 절차 들어가는 겁니다. 이건 단순 문의가 아니고, 명의도용 또는 공범 연루 가능성이 있어서 계좌 동결과 압수 절차가 진행될 수 있습니다. 잠깐만요, 제가 왜요? 선생님 명의가 불법 자금 세탁에 쓰였고, 지금 수사팀에서 이미 추적 중입니다. 이 통화는 녹취됩니다. 그리고 지금부터는 제3자한테 절대 말씀하시면 안 됩니다. 가족이든 지인이든 은행이든 먼저 연락하시면 증거인멸로 오해받을 수 있습니다. 아니 제가 뭘 했다는 건데요? 아직 최종 판단은 안 됐고, 피해자인지 가담자인지 분리하는 단계입니다. 그런데 선생님 명의 계좌가 농협, 국민은행 두 건이 확인됐고, 다른 계좌까지 나오면 바로 전면 동결됩니다. 동결되면 출금도 못 하고 사건 끝날 때까지 묶입니다. 지금 제일 중요한 건 본인 명의로 개설된 계좌 정보를 맞는지 확인하는 겁니다. 주민등록상 주소지랑 최근 사용 계좌, 거래 여부를 말씀해 주세요. 아니 그런 건 지금 바로 말 못 하겠는데요. 말 못 하시면 더 위험해집니다. 수사에 협조 안 하시면 서울중앙지방검찰청으로 바로 소환조치가 넘어갈 수 있고, 정식 출석 통지 전에 압수수색 영장이 발부될 수도 있습니다. 지금 선생님 계좌에 범죄 자금이 들어간 기록이 있어요. 저희가 막아드릴 수 있는 마지막 기회입니다. 제가 어떻게 해야 되는데요? 지금 가지고 계신 계좌번호 끝 네 자리부터 말씀하시고, 최근 입금된 금액이 있으면 그대로 알려주셔야 합니다. 그리고 통화 끝나기 전까지 누구와도 상의하지 마세요.",1,수사기관 사칭형,augmented_llm
aug_수사기관 사칭형_0012,"네, 경찰청 금융수사팀입니다. 본인 맞으시죠? 지금 말씀드릴 내용은 중요해서 바로 전달드립니다. 선생님 이름으로 된 대포통장이 하나 발견됐습니다. 검거 현장에서 압수된 통장인데, 하나은행과 기업은행 계좌가 같이 나왔어요. 저는 그런 계좌 없어요. 없다고 해서 끝나는 게 아닙니다. 현재 선생님 명의가 도용됐는지, 아니면 돈 받고 넘긴 통장인지 확인 중입니다. 일단 계좌가 범죄에 사용된 건 사실이고, 지금 불법 자금이 들어가 있어서 동결 조치가 임박했습니다. 동결이 되면 어떡하죠? 출금, 이체, 카드 사용 전부 막힙니다. 그리고 선생님이 제3자에게 말하거나 은행에 먼저 가서 확인하시면 수사 진행에 방해가 됩니다. 절대 혼자 움직이시면 안 됩니다. 아니 왜 은행에 가면 안 돼요? 지금은 은행 민원보다 수사 협조가 우선입니다. 저희가 확인한 바로는 선생님 이름으로 개설된 계좌가 범죄 조직에 넘어갔고, 그 안에서 자금이 여러 차례 이동했습니다. 혹시 최근에 신분증 사진 보내신 적 있습니까? 없어요. 그럼 더더욱 명의도용 가능성이 큽니다. 하지만 통화 중에 말을 바꾸면 공범 혐의로도 볼 수 있어서, 제가 묻는 말에만 짧게 답하셔야 합니다. 지금 계좌가 몇 개인지, 농협이나 국민은행, 하나은행 중 쓰는 곳이 있는지 말씀해 주세요. 아니 그건 개인 정보라서… 개인 정보가 아니라 사건 핵심입니다. 선생님 계좌가 압수 대상에 들어가면 휴대전화로도 추가 연락이 가고, 출석 불응 시 체포영장 검토될 수 있습니다. 지금부터는 가족분께도 알리지 마시고 제 지시에만 따라주세요.",1,수사기관 사칭형,augmented_llm
aug_수사기관 사칭형_0013,"여보세요. 금융감독원 조사관입니다. 지금 본인 명의 계좌 관련해서 긴급 확인 드릴 게 있습니다. 혹시 최근에 농협 계좌나 기업은행 계좌를 새로 만든 적 있으십니까? 없습니다. 그런데 저희 전산에 선생님 명의로 된 계좌가 범죄 연루 계좌로 올라와 있습니다. 대포통장으로 사용된 정황이 확인돼서, 오늘 안에 동결과 압수 절차가 진행될 수 있습니다. 아니 그런 일이 왜 제 명의로 돼요? 그걸 확인하려고 연락드린 겁니다. 지금 선생님 이름이 도용됐는지, 아니면 본인이 타인에게 양도했는지에 따라 처리가 완전히 달라집니다. 만약 명의도용이면 피해자 보호로 넘어가고, 통장 판매면 즉시 수사기관 이첩입니다. 저는 진짜 모릅니다. 좋습니다. 그럼 더더욱 제3자와 상의하지 마십시오. 지인이나 가족이 개입하면 진술이 오염됩니다. 그리고 지금 계좌번호를 바로 확인해야 합니다. 최근 거래 내역에 수상한 입금이나 이체가 있었습니까? 기억 안 납니다. 기억 안 나도 됩니다. 대신 지금 통장, 체크카드, 보안매체를 한 곳에 모아두시고 아무것도 사용하지 마세요. 은행에 직접 가시면 안 되고, 저희 안내 없이 출금 시도하면 자금세탁 방조로 볼 수 있습니다. 이 통화는 녹취 중이고, 본인 보호를 위해서라도 협조가 필요합니다. 선생님 명의 계좌가 확정되면 오늘 밤 바로 계좌 제한이 들어갑니다. 그러니 숨기지 말고 농협인지 하나은행인지, 어떤 계좌를 쓰는지 정확히 말씀해 주셔야 합니다.",1,수사기관 사칭형,augmented_llm
aug_수사기관 사칭형_0014,"서울중앙지방검찰청입니다. 담당 수사관 연결 맞으십니까? 네? 지금 선생님 명의 대포통장이 검거 현장에서 확인돼서 연락드리는 겁니다. 검찰 수사 중인데, 명의도용 피해로 보이긴 하나 범죄 연루 가능성도 함께 있어서 바로 확인해야 합니다. 저는 그런 통장 만든 적 없어요. 그럼 더 빨리 처리해야 합니다. 현재 기업은행 계좌와 국민은행 계좌가 범죄 조직 자금 이동에 사용됐고, 계좌 압수와 동결이 곧 들어갑니다. 선생님이 먼저 가족이나 친구에게 알리면 계좌 추적이 끊겨서 피해 복구가 안 됩니다. 절대 말하지 마세요. 아니 왜 비밀로 해야 해요? 지금은 외부 접촉을 차단해야 해서 그렇습니다. 누군가와 상의하면 혐의가 더 커질 수 있고, 저희가 확보한 증거에 반하는 진술이 나오면 즉시 추가 조사 대상이 됩니다. 본인 신원 확인 먼저 하겠습니다. 주민등록상 이름이 맞는지, 최근 1년 내 해외 출국이나 타인 명의 거래가 있었는지 말씀해 주세요. 그런 건 없는데요. 알겠습니다. 그럼 더욱 명의도용 가능성이 높습니다. 다만 선생님 계좌가 범죄에 쓰인 이상, 지금 은행 잔고가 남아 있어도 출금하면 안 됩니다. 곧 계좌가 묶이고, 필요하면 압수수색 영장으로 바로 진행됩니다. 제가 지금 어떻게 해야 합니까? 휴대전화 옆에 두고 저희가 안내할 때까지 아무에게도 연락하지 마시고, 계좌번호 확인할 준비만 하세요.",1,수사기관 사칭형,augmented_llm
aug_수사기관 사칭형_0015,"네, 지방검찰청 수사관입니다. 본인 명의로 된 계좌가 불법 도박 자금 세탁에 사용된 정황이 확인됐습니다. 지금 검거된 사람들 휴대폰과 통장에서 선생님 이름이 나왔고, 농협 계좌 하나가 대포통장으로 확인됐습니다. 저는 그런 적 없는데요. 그러면 명의도용 사건으로 볼 수 있지만, 우선은 선생님 계좌가 범죄 연루 상태라서 즉시 동결 대상입니다. 동결되면 이체도 못 하고 카드도 못 쓰고, 조사 끝날 때까지 묶입니다. 잠깐만요, 제가 뭘 잘못했는지 모르겠어요. 그래서 지금 묻는 겁니다. 최근에 누가 계좌 확인한다면서 신분증 사진, 통장 사진 요청한 적 있습니까? 없습니다. 그럼 누군가 선생님 정보를 빼갔을 가능성이 큽니다. 하지만 지금 제3자에게 말하는 순간, 상대가 도망가거나 자금을 빼돌릴 수 있으니 절대 비밀로 하셔야 합니다. 가족에게도 말하지 마세요. 아니 왜 그렇게 급하게 말씀하세요? 선생님 이름이 들어간 계좌가 추가로 발견되면 체포영장까지 검토됩니다. 무서운 말로 들릴 수 있지만 실제로 그렇게 진행됩니다. 지금 본인 계좌가 몇 개인지, 농협 말고 하나은행이나 국민은행도 있는지 바로 확인해 주세요. 제가 기억을 못 하겠는데요. 기억 안 나도 일단 메모하세요. 저희가 곧 사건번호를 불러드리고, 이어서 출석 및 계좌 확인 절차 안내드리겠습니다. 통화 끊지 마시고 기다리세요.",1,수사기관 사칭형,augmented_llm
aug_수사기관 사칭형_0016,"여보세요. 네, 서울중앙지방검찰청입니다. 저는 형사부 소속 김도윤 검사입니다. 지금 통화 가능하신 거 맞으시죠? 네? 잠깐만요. 무슨 일인데요? 다름이 아니라 선생님 명의로 개설된 농협 계좌가 대포통장으로 확인돼서 연락드렸습니다. 농협이요? 저는 농협 쓴 적이 없는데요. 그게 바로 명의도용입니다. 현재 저희가 금융범죄 조직을 검거했는데 현장에서 선생님 주민등록번호로 된 통장과 카드가 함께 압수됐습니다. 지금 이 계좌는 이미 범죄자 자금이 오간 정황이 확인돼서 동결 예정이고, 경우에 따라서는 압수 절차까지 들어갑니다. 아니 그게 제 건지 아닌지 어떻게 알아요. 그래서 확인 전화 드리는 겁니다. 선생님이 지금 아는 분이랑 이 사건 얘기하시면 안 됩니다. 가족분이든 친구분이든 누구한테도 말씀하시면 안 돼요. 지금 정보가 새면 공범으로 오해받을 수 있고, 자칫하면 체포영장까지 신청될 수 있습니다. 아니 너무 무서운데요. 무서운 게 아니라 지금 긴급 상황입니다. 본인 명의가 범죄에 이용됐기 때문에 당장 피해자 입증을 하셔야 합니다. 우선 본인 명의로 사용 중인 은행이 농협 말고 하나은행이나 국민은행 있으십니까? 제가 지금 확인해야 하는데요. 잠깐만요, 제 통화는 녹취됩니다. 예, 맞습니다. 녹취되고 있습니다. 그러니 정확히 말씀하세요. 계좌번호 전체를 묻는 게 아니라 사용하시는 은행명만 확인하는 겁니다. 아니 그런데 왜 제가 말해야 하죠. 명의도용 피해가 맞는지 확인하려면 필요합니다. 지금 수사팀에서 이미 선생님 명의 농협 계좌에 대해 입출금 정지 조치를 준비 중이고, 추가 계좌가 나오면 전부 동결합니다. 다른 은행이 더 있으면 지금 말씀 안 하시면 나중에 불리해집니다. 지금 바로 말씀해 주셔야 저희가 피해자로 정리해 드립니다.",1,수사기관 사칭형,augmented_llm
aug_수사기관 사칭형_0017,"여보세요. 금융감독원 조사과입니다. 박상현 조사관이고요. 선생님 성함 확인됐습니다. 지금부터 짧게 확인할 사항이 있어서 전화드렸습니다. 무슨 일이세요. 선생님 명의의 하나은행 계좌가 불법 대포통장으로 사용된 정황이 확인됐습니다. 현재 서울중앙지방검찰청과 공조 수사 중이고, 계좌는 이미 지급정지 대상입니다. 아니 저는 그런 거 한 적 없는데요. 그럼 명의도용 가능성이 높습니다. 검거된 피의자 휴대전화에서 선생님 주민번호가 저장된 문서가 나왔고, 그걸로 하나은행 계좌가 개설된 정황이 있습니다. 지금 이 계좌는 범죄수익이 오간 흔적이 있어서 추후 압수 대상이 될 수 있습니다. 지금 이 내용은 외부에 절대 말하시면 안 됩니다. 특히 가족이나 직장 동료한테도요. 왜요? 사건이 새면 자금이 바로 빠져나갑니다. 그러면 선생님 명의로 추가 계좌가 더 묶일 수 있고, 조사도 길어집니다. 그럼 제가 뭘 하면 되는데요? 먼저 본인 명의로 쓰는 다른 은행이 있는지 확인해야 합니다. 국민은행이나 기업은행, 농협 계좌가 있으시면 말해 주세요. 그리고 지금 제 질문에만 답하셔야 합니다. 다른 전화 받지 마시고, 누가 묻더라도 이 통화 내용은 말하지 마세요. 아니 제가 지금 혼자 있거든요. 그건 중요하지 않습니다. 지금은 선생님 계좌가 범죄에 연루된 상태라서 신속히 확인해야 합니다. 저희가 오늘 안으로 정리 못 하면 계좌 동결이 자동으로 넘어가고, 조사 출석 일정도 잡히게 됩니다. 피해자 입증을 위해서라도 협조하셔야 합니다.",1,수사기관 사칭형,augmented_llm
aug_수사기관 사칭형_0018,"여보세요. 경찰청 사이버수사대입니다. 저는 이준혁 수사관입니다. 선생님 명의로 된 기업은행 통장이 발견돼서 연락드렸습니다. 기업은행이요? 저는 거기 안 쓰는데요. 그러시면 명의도용 사건입니다. 저희가 최근 대포통장 일당을 검거했는데 현장에서 선생님 통장 사본이 나왔습니다. 그 통장은 범죄 조직이 자금 세탁에 사용한 걸로 확인됐고, 지금 즉시 동결 조치 들어갈 수 있습니다. 아니 무슨 말인지 모르겠어요. 이해 못 하실 수 있는데 지금 중요한 건 제3자와 접촉을 끊으시는 겁니다. 지금부터는 가족, 친구, 은행 창구, 누구한테도 먼저 연락하지 마세요. 괜히 물어보면 계좌가 더 위험해집니다. 아니 왜요? 범인들이 밖에 연결돼 있을 수 있어서 그렇습니다. 선생님이 움직이는 순간 계좌가 잠기고, 수사도 복잡해집니다. 지금 본인 신분 확인부터 해야 하니 주민등록번호 앞자리만 말씀해 주십시오. 그다음에 사용하시는 은행이 기업은행 외에 농협이나 국민은행 있는지 확인하겠습니다. 저는 잘 모르겠는데요. 모르시면 안 됩니다. 지금 계좌가 압수 대상이면 선생님도 연루자로 보일 수 있습니다. 우선 사실관계 확인이 필요하고, 숨기시면 오히려 불리합니다. 저희는 피해자와 공범을 구분해야 합니다. 통화 끊지 마시고 그대로 답변해 주세요.",1,수사기관 사칭형,augmented_llm
aug_수사기관 사칭형_0019,"여보세요. 서울지방검찰청입니다. 형사1부 오세훈 검사입니다. 지금 선생님 명의로 된 농협 계좌가 불법 도박자금 세탁에 쓰인 사실이 확인됐습니다. 농협은 저는 없는데요. 없더라도 명의도용으로 개설될 수 있습니다. 현재 검거된 일당이 선생님 인적사항을 가지고 여러 개의 대포통장을 만든 상태고, 그중 하나가 농협 계좌입니다. 이 계좌는 이미 자금 흐름이 잡혀서 동결 조치가 예정돼 있습니다. 아니 제가 뭘 잘못한 거예요? 아직 잘못했다고 단정하는 게 아닙니다. 다만 본인 명의가 범죄에 악용된 상태라서, 지금 단계에서 제3자와 상의하시면 안 됩니다. 누구한테도 얘기하지 마시고, 은행에도 먼저 가지 마세요. 아니 은행에 가면 안 돼요? 안 됩니다. 지금 가시면 오히려 기록이 꼬입니다. 저희가 지시하는 순서대로만 하셔야 합니다. 우선 선생님께서 사용 중인 계좌가 농협 말고 국민은행, 하나은행, 기업은행 중 있는지 확인해야 합니다. 그리고 계좌번호 전체를 말하지 마시고 끝자리만 말씀해 주세요. 끝자리 확인으로 실사용 계좌인지 대조합니다. 지금 안 알려주시면 본인 명의 전체 계좌가 일괄 정지될 수 있습니다. 그건 피해자 보호를 위한 조치이긴 하나, 나중에 출금도 어려워질 수 있으니 협조 부탁드립니다.",1,수사기관 사칭형,augmented_llm
aug_수사기관 사칭형_0020,"여보세요. 금융감독원입니다. 지금 선생님 명의로 된 하나은행 계좌가 보이스피싱 조직 자금 계좌로 확인돼서 긴급 연락드렸습니다. 저는 조사담당 최지훈입니다. 본인 확인되셨습니다. 아니 저는 아무것도 한 게 없는데요. 네, 그래서 연락드린 겁니다. 선생님 명의가 도용돼서 범죄에 이용된 상황입니다. 현재 검찰청과 연계해서 계좌 동결과 압수 절차를 진행하고 있고, 본인이 협조하지 않으면 범죄수익이 묶인 채로 더 큰 문제로 번질 수 있습니다. 어떤 협조를요? 우선 통장, 카드, 비밀번호 관련 정보가 타인에게 넘어갔는지 확인해야 합니다. 그리고 주변 사람과 상의하지 마십시오. 지금 이 사건은 비밀 유지가 매우 중요합니다. 왜 그렇게까지요? 제3자 개입이 있으면 수사에 지장이 생기고, 추가 피해가 발생합니다. 이미 선생님 명의 계좌가 범죄에 사용된 정황이 있기 때문에 지금은 외부 연락을 끊고 저와만 통화하셔야 합니다. 그럼 제가 은행에 전화해도 돼요? 안 됩니다. 임의로 연락하시면 계좌가 즉시 지급정지될 수 있습니다. 지금은 제가 안내하는 대로 본인 명의 다른 계좌가 있는지만 확인하시면 됩니다. 국민은행이나 기업은행, 농협 계좌가 있으면 말해 주세요. 확인되면 피해자 입증 절차로 넘겨드리겠습니다. 늦으면 오늘 안에 동결이 걸릴 수 있습니다.",1,수사기관 사칭형,augmented_llm
aug_수사기관 사칭형_0021,"여보세요. 서울중앙지방검찰청 첨단범죄수사팀입니다. 김도현 검사입니다. 지금 통화 가능하십니까. 네? 아니 이게 무슨 일이죠. 잠깐만요. 본인 명의로 개설된 농협 계좌와 국민은행 계좌가 범죄 자금 통로로 확인돼서 연락드렸습니다. 지금 검찰에서 확인한 바로는 대포통장으로 악용된 정황이 있고, 압수수색 과정에서 본인 주민등록번호가 적힌 통장이 발견됐습니다. 아니요, 저는 그런 거 한 적 없는데요. 네, 그래서 지금 확인차 드리는 거고요. 본인이 직접 개설한 적이 없으면 명의도용 피해자일 가능성이 높습니다. 다만 이 사건은 이미 전담 수사로 넘어갔고, 계좌는 우선 동결 절차가 진행됩니다. 동결이요? 네. 지금 이 상태로 아무 조치 없이 두시면 입출금 전부 막히고 추가로 압수 처리될 수 있습니다. 잠깐만요. 그럼 제 계좌가 왜 거기 있죠. 현재 검거된 사기 조직이 본인 정보로 대포통장을 여러 개 돌린 정황이 있습니다. 그리고 본인 명의 계좌에서 5천만 원대 자금이 빠져나간 기록도 확인됐습니다. 저는 진짜 모릅니다. 네, 그래서 지금 비밀 유지가 중요합니다. 가족이든 지인이든 누구한테도 말씀하시면 안 됩니다. 조사 중에 외부로 새면 공범으로 오해받을 수 있습니다. 지금 휴대전화도 다른 번호로 전환하실 필요 없습니다. 통화는 녹취되고 있고, 이 내용은 검찰 내부 기록으로 남습니다. 아셨죠? 네. 우선 본인께서 현재 쓰는 은행이 농협, 국민은행 말고 하나은행이나 기업은행도 있습니까. 왜요? 계좌 추가 조회를 해야 합니다. 본인이 모르는 계좌가 더 나오면 전부 범죄 연루로 묶여서 계좌 압수가 될 수 있습니다. 아니 저는 농협 하나밖에 잘 안 써요. 정확하게 말씀해 주셔야 합니다. 지금은 본인 보호 절차를 밟는 중입니다. 거짓으로 말씀하시면 오히려 본인께 불리합니다. 그리고 이 사건은 오늘 중으로 정리돼야 해서 바로 협조하셔야 합니다. 네. 그럼 지금 본인 명의로 된 계좌번호 끝 네 자리만 불러주세요. 제가 확인해 보겠습니다.",1,수사기관 사칭형,augmented_llm
aug_수사기관 사칭형_0022,"여보세요. 금융감독원 사건 대응팀입니다. 담당 수사관 최민석입니다. 본인 휴대전화 맞으시죠. 네. 지금 본인 이름으로 된 기업은행 계좌가 대포통장으로 적발됐습니다. 무슨 말씀이세요. 저희가 검거한 사기 일당이 기업은행과 하나은행 계좌를 이용해 불법 자금을 세탁했고, 그 과정에서 본인 주민등록증 사본이 함께 발견됐습니다. 아니 저는 그런 적 없는데요. 맞습니다. 그래서 지금 명의도용인지 확인하는 단계입니다. 그런데 시간이 많지 않습니다. 계좌가 이미 동결 예약 상태고, 오늘 안에 진술이 없으면 압수 절차로 넘어갑니다. 압수요. 네. 그리고 지금 이 통화는 녹취됩니다. 외부에 말하지 마시고, 가족이나 지인에게도 연락하시면 안 됩니다. 왜요. 현재 수사 대상자들이 주변 연락망을 통해 증거를 없애는 경우가 많습니다. 본인도 피해자라면 조용히 따라오셔야 합니다. 저는 진짜 모르는데요. 모르는 게 맞으면 다행입니다. 다만 본인 명의로 개설된 통장이 범죄 수익 입금 계좌로 쓰였기 때문에 계좌 추적이 들어갑니다. 하나은행도 쓰시나요. 아니요, 기업은행만 조금 씁니다. 그럼 본인 명의로 하나은행 계좌가 새로 생긴 적이 없다는 말씀이죠. 네, 없어요. 알겠습니다. 그럼 지금부터 사건번호를 불러드릴 테니 적으세요. 적으셨나요. 네. 사건번호를 아셔야 나중에 검찰청에서 본인 피해자 입증이 됩니다. 만약 협조 안 하시면 공범 오해를 받을 수 있고, 계좌 해제도 늦어집니다. 그래서 지금 바로 계좌번호 확인과 최근 이체 내역 확인이 필요합니다. 최근에 모르는 돈 들어온 적 없으십니까. 아니요, 없는데요. 그럼 더더욱 이상합니다. 본인 정보가 유출된 겁니다.",1,수사기관 사칭형,augmented_llm
aug_수사기관 사칭형_0023,"여보세요. 경찰청 지능범죄수사팀입니다. 김서연 수사관입니다. 지금 통화 가능하십니까. 네. 본인 명의로 농협 통장 두 개가 대포통장으로 발견됐습니다. 검거된 사기단이 쓰던 현장에서 나왔고, 본인 이름과 주민등록번호가 정확히 일치합니다. 저는 그런 통장 없는데요. 네, 그래서 피해 여부 확인 중입니다. 그런데 지금 상황이 급합니다. 본인 계좌는 우선 동결되고, 추가로 확인되면 압수수색 영장 대상이 될 수 있습니다. 영장이요. 네. 그리고 지금부터는 제3자와 절대 공유하시면 안 됩니다. 가족, 친구, 직장 동료 누구에게도 말하지 마세요. 특히 은행에도 먼저 연락하지 마십시오. 왜요. 밖으로 알려지면 범죄 조직이 계좌를 정리할 수 있습니다. 지금은 검찰과 경찰이 함께 움직이는 사건입니다. 본인이 모르면 명의도용 피해자입니다. 다만 피해자면 피해자대로 바로 진술을 맞춰야 합니다. 본인 계좌에서 최근에 이상한 이체나 출금 내역 없었습니까. 잘 모르겠는데요. 그럼 지금 메모하셔야 합니다. 농협 계좌 끝 네 자리, 하나은행 계좌 끝 네 자리, 국민은행 계좌 끝 네 자리 말씀해 주세요. 아니 그걸 왜 말해야 하죠. 본인 명의 전체 계좌를 확인해야 동결 범위를 정합니다. 지금 안 말씀하시면 불필요하게 전체 계좌가 묶일 수 있습니다. 저는 진짜 억울합니다. 네, 그래서 지금 조용히 협조하셔야 합니다. 이 통화는 녹취 중이고, 추후 본인 진술이 달라지면 조사에 불이익이 생길 수 있습니다. 우선 최근 일주일 안에 모르는 전화나 문자 받은 적 있습니까.",1,수사기관 사칭형,augmented_llm
aug_수사기관 사칭형_0024,"서울중앙지방검찰청입니다. 검사실 직통입니다. 본인 이름이 적힌 대포통장이 검거 현장에서 나와서 연락드렸습니다. 지금 본인 명의로 된 국민은행 계좌와 기업은행 계좌가 범죄 자금 흐름에 연루됐습니다. 아니 저는 그런 계좌를 팔지도 않았고요. 저희도 지금 그 부분을 확인하는 겁니다. 본인이 피해자면 바로 피해자라고 밝혀야 하고, 공범이면 더 큰 처벌 대상입니다. 그런데 현재까지 확인된 정황으로는 명의도용 가능성이 높습니다. 무슨 말씀이세요. 지금 본인 계좌는 곧바로 거래 정지, 즉 동결 조치가 들어갑니다. 그리고 계좌 추적 결과에 따라 압수 여부도 결정됩니다. 아니 어떻게 해야 되죠. 지금부터 절대 다른 사람과 통화하지 마시고, 문자도 받지 마세요. 특히 은행 직원 사칭 전화가 추가로 올 수 있으니 혼선이 생기면 안 됩니다. 본인 명의로 추가 개설된 하나은행 계좌가 있는지 확인이 필요합니다. 저는 없는 것 같은데요. “같은 것 같은데요”가 아니라 정확히 말씀하셔야 합니다. 본인 정보가 이미 유출됐을 수 있습니다. 지금은 급하니까 메모부터 하세요. 사건번호 불러드리겠습니다. 그리고 나서 가까운 지방검찰청으로 연결될 예정입니다. 본인이 협조하면 피해자로 정리될 수 있습니다. 협조 안 하면 계좌 압수와 체포영장 검토까지 갈 수 있습니다. 이런 식으로 본인 명의가 범죄에 쓰인 경우가 많습니다. 지금 현재 사용 중인 은행이 농협 맞습니까.",1,수사기관 사칭형,augmented_llm
aug_수사기관 사칭형_0025,"여보세요. 금융감독원 조사과입니다. 담당 조사관 이정훈입니다. 본인 명의로 확인된 농협 계좌가 불법 자금 계좌로 적발됐습니다. 잠깐만요. 저는 농협을 거의 안 쓰는데요. 바로 그 점 때문에 연락드린 겁니다. 본인이 모르는 사이 명의가 도용돼 대포통장으로 사용된 겁니다. 현재 검거된 조직이 본인 이름으로 된 통장을 여러 건 돌렸고, 그중 하나가 하나은행 계좌였습니다. 아니 그건 진짜 처음 듣는데요. 네, 그래서 지금 긴급 확인이 필요합니다. 계좌가 이미 동결 대상이고, 오늘 안에 사실관계가 안 맞으면 압수 조치로 넘어갈 수 있습니다. 그리고 이건 민감한 사건이라 누구에게도 말하시면 안 됩니다. 가족도 안 됩니다. 왜 그렇게까지 해야 하죠. 범죄 조직이 움직이면 증거가 사라집니다. 본인이 피해자면 오히려 지금 조용히 협조해야 합니다. 그럼 제가 뭘 하면 되죠. 우선 본인 명의 계좌 전체를 말해 주셔야 합니다. 농협, 하나은행, 국민은행, 기업은행 중 실제로 쓰는 것과 모르는 것을 구분해야 합니다. 아니 근데 왜 계좌를 다 말해야 해요. 계좌 추적과 동결 범위를 줄이기 위해서입니다. 본인이 지금 말 안 하시면 안전조치가 늦어집니다. 그리고 이 통화는 녹취되고 있습니다. 진술은 사실대로만 해주세요. 최근에 본인 명의로 입출금이 생긴 적 없으시죠. 네, 없어요. 알겠습니다. 그러면 피해자 가능성이 높습니다. 다만 추가 확인을 위해 지금 계좌번호 끝 네 자리와 최근 이체 내역을 바로 말씀해 주세요.",1,수사기관 사칭형,augmented_llm
aug_수사기관 사칭형_0026,"여보세요. 서울중앙지방검찰청입니다. 제가 지금 본인 명의로 된 계좌 관련해서 긴급 확인드릴 게 있어서 전화드렸습니다. 저는 금융범죄수사부 소속 검사 지현우입니다. 지금 메모 가능하십니까? 네. 좋습니다. 본인 명의의 농협 계좌가 대포통장으로 확인됐습니다. 검거된 사기 조직 현장에서 본인 이름으로 개설된 통장과 체크카드가 압수됐고, 이미 범죄 자금이 오가서 계좌 동결 절차가 들어간 상태입니다. 네? 저는 그런 적이 없는데요. 그래서 전화드린 겁니다. 명의도용 피해인지, 아니면 본인 명의로 타인이 개설한 뒤 사용한 건지 지금 바로 확인해야 합니다. 이 통화는 녹취됩니다. 거짓말하시면 오히려 공범으로 엮일 수 있어서 정확하게 말씀하셔야 합니다. 제가 먼저 말씀드리는데, 지금 제3자한테 절대 연락하시면 안 됩니다. 가족이든 지인이든 은행 창구든 누구한테도 말하지 마세요. 이 사건은 비밀 유지가 핵심입니다. 왜요? 지금 외부로 새면 증거 인멸로 바로 넘어갑니다. 그리고 본인 명의의 하나은행 계좌도 함께 조회됐습니다. 농협, 하나은행 두 개가 동시에 걸려 있어서 더 심각합니다. 제가 보기엔 이미 자금세탁에 이용된 정황이 뚜렷합니다. 본인이 직접 개설한 적 없으시면 지금 당장 명확히 진술하셔야 하고, 계좌 정보 확인 절차를 거쳐야 합니다. 계좌번호 뒤 네 자리 말씀하실 수 있습니까? 아니 그걸 왜요? 본인 확인과 동결 해제를 위한 최소 확인입니다. 지금 협조 안 하시면 계좌 압수 상태로 넘어가고, 출석요구서까지 바로 발부될 수 있습니다. 제가 괜히 위협하는 게 아닙니다. 실제로 명의도용 사건이면 피해자라도 초동 진술이 늦으면 불리해집니다. 지금 사용 중인 계좌가 농협 말고 또 있습니까? 하나은행, 국민은행, 기업은행 포함해서 전부 말씀하세요. 아니요, 저는 그런 적이 없습니다. 좋습니다. 그럼 본인 명의 사용 여부를 확인할 수 있게 계좌 이체 내역이나 최근 입출금 여부를 설명해주셔야 합니다. 잠깐만요, 제가 설명드리는 절차대로만 따라오세요. 지금 바로 주변 사람과 통화 끊으시고 혼자 계세요.",1,수사기관 사칭형,augmented_llm
aug_수사기관 사칭형_0027,"여보세요. 경찰청입니다. 금융범죄수사팀 담당 수사관 최도윤입니다. 지금 긴급 사건으로 연락드렸습니다. 본인 주민등록번호로 개설된 국민은행과 기업은행 계좌가 압수수색 과정에서 발견됐습니다. 그 계좌들이 보이스피싱 조직의 대포통장으로 쓰인 정황이 나와서 바로 연락드린 겁니다. 저 그런 계좌 없습니다. 없으시다고요? 그럼 더 문제입니다. 명의도용일 수 있습니다. 지금 본인 이름이 범죄에 이용된 상태라서, 본인도 수사 대상에 올라갈 수 있습니다. 다만 초동 단계에서 정확히 해명하면 피해자로 정리 가능합니다. 그런데 지금 제3자와 상의하시면 안 됩니다. 배우자든 친구든 절대 말하지 마세요. 왜요? 증거가 흔들리고, 조직이 도망가게 됩니다. 지금 이 사건은 비밀 유지가 최우선입니다. 본인이 개설하지 않은 계좌라면 즉시 확인해야 하고, 이미 검찰 쪽에 동결 요청이 올라가 있습니다. 동결요? 네. 계좌가 범죄 자금 통로로 확인되면 압수까지 갈 수 있습니다. 그러면 계좌 복구가 더 어려워집니다. 본인 명의로 최근에 휴대전화 인증 문자 받은 적 있습니까? 아니요. 그럼 누군가 개인정보를 이용했을 가능성이 큽니다. 지금부터는 제가 묻는 말에만 답하셔야 합니다. 농협 계좌 뒤 네 자리, 국민은행 계좌 뒤 네 자리, 하나은행 계좌까지 있으면 전부 말씀하세요. 저는 그런 계좌가 없는데요. 계좌가 없는데 발견된 건 더 심각합니다. 누군가 본인 정보를 빼돌려 만들었을 수 있으니까요. 이건 본인 보호를 위해서도 빨리 확인해야 합니다. 지금 계좌번호 확인 안 되면 사건을 가해자 측으로 넘길 수밖에 없습니다. 그건 원치 않으시죠? 네. 그럼 메모하세요. 사건번호는 이천이십사 구월 칠일 사건입니다. 지금 바로 통화 유지하시고, 다른 전화 받지 마세요.",1,수사기관 사칭형,augmented_llm
aug_수사기관 사칭형_0028,"여보세요. 지방검찰청 형사부입니다. 본인 명의가 연루된 대포통장 사건으로 연락드렸습니다. 저는 담당 검사 서민재입니다. 현재 검거된 사기 조직의 압수물에서 농협 통장과 기업은행 통장이 발견됐는데, 둘 다 본인 이름으로 개설된 것으로 확인됐습니다. 아니요, 저는 모릅니다. 모른다고 끝나는 게 아닙니다. 지금 이 통장이 불법 자금 세탁에 사용된 걸로 확인돼서 계좌 동결 조치가 들어갑니다. 본인도 지금 수사 협조 대상입니다. 본인이 진짜 피해자면 제3자에게 말하지 말고 저희한테만 바로 진술하셔야 합니다. 지금 가족이나 은행에 전화하시면 사건이 커집니다. 왜냐하면 도망 방지 조치가 필요하기 때문입니다. 저는 그런 통장 안 만들었어요. 그럼 명의도용입니다. 하지만 그 경우에도 본인 확인 절차를 거쳐야 하고, 계좌 정보와 입출금 내역을 즉시 대조해야 합니다. 지금 본인 핸드폰으로 최근에 금융 관련 인증번호 온 적 있습니까? 없어요. 그럼 누군가 본인 명의로 비대면 개설했을 가능성이 있습니다. 그런데 압수된 계좌에서 이미 범죄 수익이 오간 상태라서 빨리 조치해야 합니다. 본인 명의로 남아 있는 하나은행 계좌 있습니까? 아니요. 그럼 없다는 사실까지 포함해 지금 말한 내용을 녹취로 남기겠습니다. 이건 검찰 내부 기록으로 바로 올라갑니다. 본인이 협조 안 하면 계좌 압수와 출석 강제 절차가 진행됩니다. 저희가 이렇게 급하게 연락드리는 건 체포영장 가능성까지 검토 중이기 때문입니다. 지금 주변에 다른 사람 있으면 통화 바로 끊으세요. 혼자서만 들으셔야 합니다.",1,수사기관 사칭형,augmented_llm
aug_수사기관 사칭형_0029,"여보세요. 금융감독원 조사국입니다. 본인 명의로 개설된 하나은행 계좌가 불법 자금 이동에 이용된 정황이 확인됐습니다. 담당 조사관 박세훈입니다. 지금 말씀드리는 내용은 모두 녹취됩니다. 네. 본인 명의로 된 계좌가 서울중앙지방검찰청에서 검거한 사기 조직의 대포통장 목록에 들어갔습니다. 계좌 압수 및 거래 정지 상태로 넘어가기 직전입니다. 아니 그게 무슨 말이에요. 명의도용 피해일 수 있습니다. 그런데 확인이 늦으면 본인도 공범 의심을 받습니다. 그래서 지금 당장 계좌 정보 확인이 필요합니다. 농협, 국민은행, 기업은행, 하나은행 중에 본인 명의로 쓰는 계좌가 무엇인지 말씀하셔야 합니다. 저는 아무것도 없습니다. 없다고 하더라도 본인 명의 흔적이 남아 있으면 확인해야 합니다. 그리고 절대 다른 사람에게 얘기하지 마세요. 특히 자녀나 배우자에게도 말하면 안 됩니다. 왜냐하면 외부로 알려지면 저희가 진행 중인 계좌 추적이 중단될 수 있습니다. 지금 이 사건은 긴박합니다. 이미 범죄 수익이 들어갔다가 빠져나간 시간대가 잡혔고, 본인 통장이 그 연결고리로 나온 상태입니다. 제가 도와드리려면 본인 신분증 앞면 확인과 최근 입금 계좌를 맞춰봐야 합니다. 통장이나 카드 사진을 가지고 계십니까? 아니요. 그럼 본인 휴대전화에 저장된 은행 앱을 열어보세요. 아니, 지금은 못 열겠는데요. 못 열면 동결 해제 설명도 못 드립니다. 본인 잘못이 아니어도 지금 협조가 필요합니다. 지금 바로 혼자 조용한 곳으로 이동하세요. 제3자와 동석한 상태면 진행 못 합니다.",1,수사기관 사칭형,augmented_llm
aug_수사기관 사칭형_0030,"여보세요. 경찰청 수사관입니다. 서울중앙지방검찰청과 공조 수사 중인데, 본인 명의 대포통장 사건으로 긴급 연락드렸습니다. 저는 사이버수사대 오지훈 수사관입니다. 본인 이름으로 된 농협 계좌와 국민은행 계좌가 범죄 조직 압수물에서 나왔습니다. 이건 이미 불법 도박 자금과 보이스피싱 피해금이 섞인 계좌입니다. 저는 그런 계좌 없어요. 계좌 없는데 발견된 경우는 두 가지입니다. 명의도용이거나, 본인 명의로 타인이 비대면 개설한 겁니다. 그런데 지금 동결 경고가 이미 내려가서 빨리 확인 안 하면 계좌 압수, 거래 정지, 출석 통보가 동시에 갈 수 있습니다. 제 말 이해하셨습니까? 네. 그렇다면 제3자 차단부터 하셔야 합니다. 지금 누가 옆에 있든 다 끊으세요. 가족이든 회사든 누구한테도 말하지 마세요. 이 사건은 내부 기록상 비밀 유지가 안 되면 피해자 보호가 불가능합니다. 저는 본인 보호를 위해 연락드린 거예요. 본인 명의로 개설된 계좌의 뒤 네 자리와 최근 입출금 내역을 말씀하셔야 합니다. 아니요, 기억이 안 나요. 기억이 안 나면 은행 방문도 임의로 하시면 안 됩니다. 지금은 저희가 안내하는 순서대로만 하셔야 해요. 먼저 계좌 상태 확인, 그다음 명의도용 여부 판단, 그다음 동결 해제 가능 여부 검토입니다. 본인이 협조하면 피해자로 정리될 수 있지만, 거부하면 수사 대상이 됩니다. 지금 이 통화는 기록됩니다. 끊지 마시고 제가 묻는 것만 답하세요. 농협 계좌 사용하십니까, 아니면 하나은행입니까? 둘 다 아닙니다. 그럼 남아 있는 계좌 전부 말씀하세요. 지금부터가 중요합니다.",1,수사기관 사칭형,augmented_llm
aug_수사기관 사칭형_0031,"여보세요. 네, 서울중앙지방검찰청입니다. 담당 수사관 김도윤입니다. 지금 통화 가능하십니까? 선생님 명의로 대포통장이 확인돼서 바로 연락드렸습니다. 무슨 말씀이세요? 저한테요? 네. 지금 검거된 사건 현장에서 농협 계좌와 국민은행 계좌가 압수됐는데, 그중 하나가 선생님 명의로 개설된 것으로 확인됐습니다. 선생님 이름과 주민번호가 도용된 정황이 있어서요. 아니 저는 그런 적이 없는데요. 그럼 더 위험합니다. 이건 명의도용 사건으로 들어가고, 지금 단계에서 사실관계 확인 안 되면 계좌 동결, 압수 절차 바로 들어갑니다. 네? 계좌 동결이요? 네. 이미 금융감독원 쪽에도 통보가 올라가 있어서, 추가 피해 막으려면 지금부터는 다른 분이랑 절대 상의하시면 안 됩니다. 가족이든 지인이든 전화 끊고, 이 통화 외에는 외부 연락 다 차단하세요. 아니 왜요? 지금 제 명의가 범죄에 연루된 상태라서요. 선생님 계좌로 불법 자금이 오간 정황이 잡혔고, 공범으로 오인될 수 있습니다. 제가 공범이요? 아니죠. 그래서 지금 빨리 확인해야 합니다. 본인 명의로 된 농협 계좌 맞으시죠? 입출금용으로 쓰시는 거 하나 있잖아요. 아니 있는데요. 그럼 마지막 네 자리 말씀해 보세요. 네? 지금 확인하셔야 동결 전에 해제 조치가 가능할 수 있습니다. 안 그러면 오늘 안으로 전 계좌 압수 절차가 진행됩니다. 그리고 이건 검찰 내부 사건이라 비밀 유지하셔야 합니다. 누가 옆에 계시면 바로 끊으세요. 아니 저 혼자예요. 좋습니다. 그럼 제가 사건번호 불러드릴 테니 메모하십시오. 지금 바로 계좌 확인부터 하셔야 합니다.",1,수사기관 사칭형,augmented_llm
aug_수사기관 사칭형_0032,"여보세요. 금융감독원 특별조사팀입니다. 담당 검사 지시로 연락드렸습니다. 선생님 명의로 하나은행 계좌가 대포통장으로 사용된 사실이 확인돼서 긴급 통보드립니다. 제가요? 저는 그런 거 한 적 없는데요. 네, 그래서 전화드린 겁니다. 현재 서울중앙지방검찰청에서 수사 중인데, 선생님 명의도용 피해인지 직접 가담인지 확인이 안 되면 계좌 압수와 동결이 동시에 진행됩니다. 잠깐만요. 제가 왜요? 검거된 피의자 진술에서 선생님 이름이 나왔고, 압수된 보안카드와 통장 묶음 안에 선생님 명의의 하나은행 통장이 있었습니다. 아니 그게 어떻게 제 이름으로 돼 있어요? 그건 저희가 조사 중입니다. 지금 중요한 건 선생님이 타인과 접촉하시면 안 된다는 점입니다. 주변 가족이나 지인에게 말하지 마시고, 은행에도 임의로 가시면 안 됩니다. 왜요? 지금 가시면 증거 인멸로 오해받을 수 있습니다. 그리고 계좌에 남아 있는 잔액은 임시 보전 조치가 들어갈 수 있어요. 제가 불법 자금 받은 적 없어요. 네, 그 부분은 저희도 확인해야 합니다. 그래서 현재 선생님이 사용하시는 국민은행 계좌와 하나은행 계좌 번호 끝 네 자리를 말씀해 주셔야 합니다. 제가 지금 말해야 돼요? 네, 본인 확인 절차입니다. 안 하시면 동결이 먼저 진행됩니다. 이 통화는 녹취됩니다. 이해하셨으면 바로 말씀하십시오. 그리고 절대 다른 통화 받지 마세요. 외부 연락 끊으셔야 합니다.",1,수사기관 사칭형,augmented_llm
aug_수사기관 사칭형_0033,"네, 경찰청 지능범죄수사팀입니다. 담당 수사관 이서진입니다. 지금 선생님 명의로 기업은행 대포통장이 발견돼서 연락드렸습니다. 대포통장이요? 저는 기업은행 안 쓰는데요. 그래서 명의도용 가능성이 높습니다. 지난주 검거된 금융사기단 현장에서 선생님 주민번호로 개설된 통장이 나왔고, 그 통장에 불법 자금이 입금된 기록이 확인됐습니다. 아니 그럼 제 이름이 도용된 거네요? 네, 맞을 수 있습니다. 그런데 지금부터는 가족한테도 말하시면 안 됩니다. 사건이 외부로 새면 선생님 계좌까지 같이 압수됩니다. 왜 가족한테도요? 계좌 추적이 진행 중이라서요. 누가 개입하면 공범 관계가 더 복잡해집니다. 현재 선생님 명의로 된 농협, 기업은행, 국민은행 중 실제 사용 계좌를 저희가 구분해야 합니다. 아니 그런 거 왜 물어보시죠? 피해자 입증 절차입니다. 본인이 사용하던 계좌가 뭐였는지 확인해야 압수된 대포통장과 분리됩니다. 선생님 통화 내용 전부 기록됩니다. 지금 말씀을 피하시면 오히려 불리합니다. 그래서 지금 계좌번호 앞 네 자리와 마지막 네 자리를 확인하겠습니다. 잠깐만요, 저 혼자 있어요. 좋습니다. 혼자 계시면 더 좋습니다. 다른 사람에게 말하지 말고 그대로 말씀하세요. 지금 안 하시면 오늘 안에 동결 통지서가 나갑니다.",1,수사기관 사칭형,augmented_llm
aug_수사기관 사칭형_0034,"여보세요. 지방검찰청 형사부입니다. 담당 검사실에서 연락드렸습니다. 선생님 명의로 개설된 농협 계좌가 범죄에 사용된 정황이 있어서 즉시 확인이 필요합니다. 검사실이요? 네. 지금 수사 대상자는 따로 있는데, 압수된 통장 가운데 선생님 이름이 있어 명의도용 여부를 확인하는 중입니다. 지금 선생님 계좌는 임시로 동결될 수 있습니다. 아니 저는 아무것도 모르는데요. 모른다고 끝나는 게 아닙니다. 이 사건은 바로 대응 안 하면 압수, 추징, 계좌 정지로 이어집니다. 그리고 지금은 제3자랑 절대 통화하시면 안 됩니다. 배우자든 가족이든 상관없이요. 왜 그렇게까지 해야 하죠? 선생님 계좌를 누군가 이용했을 수 있기 때문입니다. 불법 송금 경로가 선생님 명의로 찍혀 있어요. 선생님이 직접 한 거래가 아니면 피해자 진술로 정리해야 하는데, 지금 접촉이 늘어나면 오히려 진술이 흔들립니다. 그럼 제가 뭘 하면 되는데요? 제가 하나은행 계좌와 국민은행 계좌를 순서대로 확인할 겁니다. 사용한 적 있는 계좌는 전부 말씀하셔야 합니다. 끝 네 자리도요. 제가 지금 다 알려드려야 돼요? 네. 이건 비밀 유지 사건입니다. 다른 통화 받지 마시고, 문자 확인도 하지 마세요. 곧 추가 안내 드리겠습니다.",1,수사기관 사칭형,augmented_llm
aug_수사기관 사칭형_0035,"여보세요. 서울중앙지방검찰청 수사관입니다. 선생님 명의의 국민은행 계좌가 대포통장으로 확인돼서 긴급 연락드립니다. 저는 검찰청 소속이고, 지금 이 사건은 이미 접수됐습니다. 국민은행이요? 저는 그 계좌 거의 안 쓰는데요. 그게 중요합니다. 사용 빈도가 적은 계좌가 범죄에 더 자주 쓰입니다. 검거된 일당이 선생님 이름으로 통장을 유통한 흔적이 나왔고, 계좌 안 자금이 불법 도박 자금으로 연결됐습니다. 아니요, 저는 관계없습니다. 그럼 피해자 입증부터 하셔야 합니다. 현재 선생님 명의로 된 농협 계좌, 기업은행 계좌까지 조회 중이고, 추가로 나오면 전부 압수 대상입니다. 잠깐만요. 제가 왜 압수 대상이 돼요? 명의도용이면 선생님이 바로 신고 협조하셔야 하고, 아니면 공범 의심을 받습니다. 지금 중요한 건 비밀 유지입니다. 휴대전화로 누가 들어오면 받지 마시고, 주변 사람에게 한마디도 하지 마세요. 그럼 제가 은행에 전화해 보면 안 되나요? 안 됩니다. 임의로 문의하면 수사 방해가 됩니다. 제가 지금부터 안내하는 대로 본인 확인을 하셔야 해요. 계좌번호 앞 두 자리와 뒤 네 자리를 말씀해 주십시오. 확인되면 동결 보류 신청을 검토하겠습니다. 하지만 지체되면 오늘 바로 지급정지 됩니다.",1,수사기관 사칭형,augmented_llm
aug_수사기관 사칭형_0036,"여보세요. 서울중앙지방검찰청입니다. 저는 형사부 박도윤 검사입니다. 지금 본인 명의로 개설된 농협 계좌가 대포통장으로 발견돼서 긴급 확인차 연락드렸습니다. 잠깐만요, 농협은 제가 쓰는 계좌인데요. 네, 그래서 더 위험합니다. 현재 검거된 사건 현장에서 본인 이름으로 된 통장과 카드가 같이 나왔고, 불법 자금이 오간 흔적이 확인됐습니다. 본인이 직접 개설하지 않았더라도 명의도용이 됐으면 형사 사건으로 바로 넘어갑니다. 지금 이 통화는 녹취됩니다. 아, 근데 저는 그런 적이 없는데요. 없으셔도 바로 안심하시면 안 됩니다. 지금 해당 계좌는 동결 압수 절차가 들어가기 직전이고, 수사 협조 안 하시면 본인도 공범으로 오해받을 수 있습니다. 제3자, 가족, 지인한테는 절대 말씀하시면 안 됩니다. 상담받으시면 증거 인멸로 보일 수 있어요. 네? 왜 가족한테도 말하면 안 돼요? 지금 사건은 외부에 노출되면 안 되는 수사라서 그렇습니다. 본인 계좌가 범죄 자금 세탁에 이용됐는지 확인해야 하거든요. 하나은행이나 국민은행 같은 다른 계좌도 사용하십니까? 아니요. 지금은 농협만 쓰는데요. 그러면 농협 계좌번호 끝 네 자리 말씀해 주시고, 최근 입출금 내역 중 모르는 이체가 있었는지 확인해 주세요. 잠깐만요. 지금 제가 메모할게요. 계좌번호 말씀하세요. 네, 확인되면 바로 계좌 보호 조치 들어가고, 피해자 입증 절차 안내해 드리겠습니다. 만약 확인이 지연되면 금융감독원 쪽으로도 연계돼서 출석 요구가 갈 수 있습니다. 지금 바로 협조하셔야 합니다.",1,수사기관 사칭형,augmented_llm
aug_수사기관 사칭형_0037,"여보세요, 경찰청 지능범죄수사팀입니다. 저는 김서현 수사관이고요. 본인 관련해서 긴급 통보가 있습니다. 최근 검거한 보이스피싱 조직에서 기업은행과 하나은행 대포통장이 대량 발견됐는데 그중 하나가 본인 명의로 확인됐습니다. 뭐라고요? 제가 그런 통장을 만든 적이 없는데요. 그건 지금 본인이 판단하실 일이 아닙니다. 명의도용 여부와 관계없이 계좌가 범죄에 쓰였으면 동결 처리 대상입니다. 현재 계좌 압수 절차가 진행되면 출금도, 이체도 막힙니다. 아니 그러면 제가 어떻게 해야 되는데요? 우선 타인과의 통화 끊으시고요. 지금 이 사건은 비밀 유지가 가장 중요합니다. 가족이나 직장에도 이야기하지 마세요. 본인 주변에서 말이 새면 공범들이 바로 도주합니다. 저는 지금 상황을 정확히 설명드리는 겁니다. 검거된 범인 진술에서 본인 신분증 정보가 확인됐고, 본인 계좌가 자금세탁에 이용된 정황이 나왔습니다. 저는 진짜 몰라요. 모르는 상태라도 책임이 없어지는 건 아닙니다. 본인 명의 계좌가 거래된 시점과 이체 내역을 확인해야 합니다. 국민은행이나 농협 계좌도 같이 사용하시면 전부 확인 대상입니다. 지금 계좌번호와 최근 이체 금액만 불러주세요. 잠깐만요, 제가 메모할게요. 그리고 오늘 안에 확인 안 되면 출석 조치가 들어갑니다. 이건 협조 안 하면 체포영장 검토까지 갈 수 있는 사안입니다.",1,수사기관 사칭형,augmented_llm
aug_수사기관 사칭형_0038,"서울중앙지방검찰청 금융범죄수사부입니다. 담당 검사 오민재입니다. 본인 명의로 된 하나은행 계좌가 대포통장으로 확인돼서 연락드렸습니다. 지금 확인된 사건은 조직적인 사기 사건이고, 현장에서 압수된 통장 중에 본인 이름이 들어가 있었습니다. 저는 그런 거 하나도 모르는데요. 네, 그래서 명의도용 피해 가능성도 같이 보고 있습니다. 그런데 본인 계좌가 범죄자 손에 넘어간 순간부터는 계좌 동결과 압수 절차를 피하기 어렵습니다. 지금 협조하셔야 피해자로 정리될 수 있습니다. 피해자요? 네, 하지만 지금부터는 제 지시대로만 하셔야 합니다. 다른 사람에게 절대 말하지 마시고, 은행 창구에도 바로 가시면 안 됩니다. 왜요? 지금 움직이시면 수사망이 노출됩니다. 이 통화는 녹취됩니다. 본인 진술이 나중에 중요 증거가 됩니다. 아니 제가 뭘 하면 되는데요? 우선 본인 명의로 된 계좌가 하나은행 외에 국민은행, 기업은행에도 있는지 확인해 주세요. 그리고 최근에 모르는 이체가 있었는지, 현금 인출이 있었는지 말씀해 주세요. 저는 정말 없는데요. 없더라도 확인은 해야 합니다. 지금부터 사건번호 받아 적으세요. 잠깐만요. 지금 시간이 없습니다. 본인 계좌가 범죄 수익 은닉에 사용된 걸로 나오면 본인도 조사 대상이 됩니다. 그러니 지금은 침착하게 계좌 정보만 불러주세요. 제가 확인 후 안전하게 정리해드리겠습니다.",1,수사기관 사칭형,augmented_llm
aug_수사기관 사칭형_0039,"여보세요. 금융감독원입니다. 민원조사팀 이정훈입니다. 본인 명의 계좌가 보이스피싱 자금 통로로 확인돼 긴급 연락드렸습니다. 농협 계좌 하나가 범죄 조직에 넘어간 정황이 있습니다. 제가 농협 쓰는 건 맞는데요, 그게 왜요? 현재 그 계좌는 동결 예정입니다. 자금이 들어오고 나간 기록이 확인돼서 압수 보전 조치가 들어갈 수 있습니다. 아니 전 그런 적이 없어요. 네, 그래서 명의도용 가능성을 보는 겁니다. 그런데 이건 시간이 없습니다. 오늘 안에 확인 못 하면 계좌가 묶이고, 출금도 안 됩니다. 본인 가족이나 지인과 상의하시면 절차가 꼬입니다. 절대 밖에 말하지 마세요. 왜 비밀로 해야 하죠? 현재는 내부 확인 단계라서 외부 유출되면 안 됩니다. 본인 명의로 농협 말고 기업은행이나 국민은행 계좌도 사용하십니까? 국민은행은 있는데요. 그럼 두 계좌 모두 최근 거래내역을 확인해야 합니다. 지금 계좌번호 끝 네 자리, 마지막 입금 금액만 말씀해 주세요. 제가 적겠습니다. 잠깐만요. 그리고 본인 신분증 사진이나 공인인증 정보가 유출된 적 있는지도 확인해야 합니다. 없어요? 없으시면 더더욱 누군가 정보를 빼갔을 가능성이 있습니다. 지금 바로 협조 안 하시면 검찰청으로 이첩돼서 출석 통보가 나갈 수 있습니다. 본인에게 불이익이 생기기 전에 계좌 정보부터 확인하겠습니다.",1,수사기관 사칭형,augmented_llm
aug_수사기관 사칭형_0040,"여보세요. 경찰청입니다. 사이버범죄수사대 이민호 수사관입니다. 본인 명의 대포통장이 검거 현장에서 발견돼서 연락드렸습니다. 현재 서울중앙지방검찰청하고 공조 중이고요. 본인 이름으로 된 기업은행 계좌가 범죄 자금 이체에 사용됐습니다. 저는 그 계좌 안 쓰는데요. 안 쓰셨더라도 명의가 본인으로 돼 있으면 문제됩니다. 지금 이 계좌는 즉시 동결 처리될 수 있고, 경우에 따라 압수 절차까지 갑니다. 아니 그럼 제가 범인이에요? 아닙니다. 그래서 지금 명의도용 피해자 확인을 하는 겁니다. 다만 외부에 말하면 안 됩니다. 주변 사람, 배우자, 자녀한테도 말씀하지 마세요. 통화 내용이 새면 수사에 지장이 생깁니다. 본인 계좌가 범죄에 이용된 정황이 확실해서 긴박하게 연락드린 거예요. 네, 근데 제가 뭘 해야 하죠? 우선 기업은행 계좌번호를 확인하시고, 최근 3일 안에 모르는 이체가 있었는지 보세요. 그리고 하나은행이나 국민은행도 같이 쓰시면 전부 말씀하셔야 합니다. 지금 메모 준비되셨죠? 제가 불러드리는 대로 적으세요. 사건이 커지면 체포영장, 출석요구서까지 갈 수 있습니다. 그러니까 지금은 혼자 계시고, 누구한테도 전화하지 마시고, 제 안내만 받으시면 됩니다. 계좌 정보 확인되면 바로 피해자 보호 절차로 넘어가겠습니다.",1,수사기관 사칭형,augmented_llm
aug_수사기관 사칭형_0041,"여보세요, 김민수 씨 되십니까? 저는 서울중앙지방검찰청 금융범죄합동수사팀 박재현 검사입니다. 지금 통화 가능하십니까? 이 통화는 사건 관련해서 녹취됩니다. 먼저 본인 명의로 된 농협 계좌가 불법 대포통장으로 확인돼서 연락드렸습니다. 농협 쪽에서 이미 이상 거래가 잡혔고, 본인 명의가 범죄에 연루된 상태입니다. 지금 이건 단순 확인이 아니고, 계좌 동결과 압수 절차가 바로 들어갈 수 있는 사안입니다. 혹시 최근에 통장이나 카드 양도하신 적 있습니까? 없는데요. 그럼 개인정보 유출 가능성이 높습니다. 저희가 확인한 바로는 본인 명의로 하나은행 계좌도 함께 발견됐고, 검거 현장에서 압수된 장부에 본인 이름이 적혀 있었습니다. 지금부터는 외부에 연락하시면 안 됩니다. 가족분이든 지인이든 누구에게도 말씀하시면 안 되고, 특히 지금 이 통화 내용은 절대 공유하시면 안 됩니다. 이미 사건이 올라가서 오늘 안에 진술이 안 되면 체포영장 검토가 들어갈 수 있습니다. 아니 제가 뭘 했다는 거예요? 본인 계좌가 범죄자들에게 이용된 정황이 있어요. 본인 의사와 상관없이 입출금이 정지될 수 있고, 추가 계좌까지 전부 추적됩니다. 현재 국민은행 쪽도 연동 확인 중이라서, 본인 명의 전체 금융거래를 확인해야 합니다. 지금 확인 안 하시면 더 커집니다. 본인이 피해자인지 공범인지 구분하려면 계좌번호 끝 네 자리와 비밀번호 변경 여부를 먼저 말씀하셔야 합니다. 그리고 지금 다른 전화 받지 마시고, 문자도 보지 마세요. 검찰 지시 외에 움직이면 안 됩니다. 저희가 안내하는 대로 하셔야 계좌 압류를 막을 수 있습니다. 알겠습니다? 네? 지금 바로 농협 계좌 잔액 확인해서 남아 있는 금액을 안전계좌로 이체해야 합니다. 안 그러면 사건 계좌로 묶여서 전액 동결됩니다. 빨리 말씀하세요.",1,수사기관 사칭형,augmented_llm
aug_수사기관 사칭형_0042,"여보세요, 이지은 씨 맞으시죠? 저는 금융감독원 조사관 최도윤입니다. 현재 본인 명의의 기업은행 계좌가 보이스피싱 자금 세탁에 사용된 걸로 확인돼서 연락드렸습니다. 방금 말씀드린 내용은 모두 녹취 중입니다. 본인 계좌가 대포통장으로 발견됐고, 검찰에 사건이 넘어가면 계좌 압수와 전면 동결이 진행됩니다. 지금 이거 그냥 넘어갈 수 있는 일이 아닙니다. 혹시 기업은행 말고 하나은행이나 국민은행도 사용하십니까? 아니요. 그래도 전부 확인해야 합니다. 저희가 검거한 일당 쪽에서 본인 주민등록번호가 적힌 통장이 발견됐고, 계좌 이체 내역에 본인 이름이 올라와 있습니다. 본인이 직접 개설하지 않았더라도 명의도용 피해로 입건될 수 있고, 반대로 허위 진술하면 공범 취급됩니다. 그러니까 솔직하게 말씀하셔야 합니다. 지금 집에 가족분 계십니까? 없어요. 그럼 더더욱 조심하셔야 합니다. 이 사건은 비밀 유지가 핵심이라서 누구와도 상의하시면 안 됩니다. 특히 은행 직원에게도 지금 내용 그대로 말씀하시면 안 돼요. 제가 안내하는 계좌 확인 절차만 따르시면 됩니다. 우선 본인 명의 기업은행 계좌 잔액이 얼마인지 확인하시고, 남아 있는 금액은 안전 처리용으로 바로 이체하셔야 합니다. 지금 안 하시면 오전 안으로 지급정지가 들어갑니다. 그리고 계좌 번호 앞자리와 마지막 네 자리 불러주세요. 신원 확인이 필요합니다. 네? 빨리 말씀하세요. 시간이 없습니다.",1,수사기관 사칭형,augmented_llm
aug_수사기관 사칭형_0043,"여보세요, 박현우 씨 되십니까? 여기 경찰청 사이버수사대 수사관입니다. 지금 본인 이름으로 된 농협 계좌가 대포통장으로 적발돼서 연락드리는 겁니다. 본인 명의도용 사건으로 접수됐고, 이미 검찰에 송치 준비 중입니다. 현재 검거 현장에서 본인 계좌와 연결된 장부가 나왔고, 불법 도박 자금이 수천만 원 단위로 오간 흔적이 있습니다. 이거 매우 심각합니다. 본인이 모르고 당하신 거면 피해자지만, 지금 협조 안 하시면 공범으로 같이 묶입니다. 혹시 최근에 대출 관련 문자 받으셨거나 카드 재발급하신 적 있습니까? 그런 건 없는데요. 그럼 누가 본인 정보에 접근했는지 확인해야 합니다. 지금 본인 앞으로 하나은행 계좌도 추가로 조회됐습니다. 계좌가 두 개 이상이면 더 위험합니다. 동결 절차가 들어가면 통장 사용이 전부 막히고, 압수수색 영장이 진행될 수 있습니다. 그러니까 지금부터는 절대 다른 사람과 통화하시면 안 됩니다. 가족에게도 말하지 마세요. 제가 지금 확인하는 동안만 조용히 계셔야 합니다. 사건 번호는 메모하셨습니까? 메모 안 하셨으면 바로 적으세요. 지금부터 본인 계좌의 최근 이체 내역을 순서대로 말씀하셔야 합니다. 금액이 작아도 다 중요합니다. 그리고 계좌 비밀번호 변경했는지 여부도 필요합니다. 안 하셨으면 더 큰 피해로 이어질 수 있습니다. 지금 본인 명의 계좌가 묶이기 전에 조치해야 합니다. 늦으면 계좌 전액 압수됩니다.",1,수사기관 사칭형,augmented_llm
aug_수사기관 사칭형_0044,"여보세요, 정수연 씨인가요? 저는 지방검찰청 형사부 검사입니다. 본인 명의로 된 국민은행 계좌가 범죄조직의 대포통장으로 발견돼서 긴급 연락드렸습니다. 지금 이 통화는 공식 조사 기록으로 남습니다. 검거된 피의자 진술에서 본인 주민등록번호와 계좌번호가 확인됐고, 불법 자금이 입금된 내역도 나왔습니다. 본인이 직접 판 게 아니더라도 개인정보가 유출됐으면 바로 조치해야 합니다. 지금 가장 중요한 건 제3자와 접촉하지 않는 겁니다. 누구에게도 말하지 마시고, 은행에도 임의로 전화하지 마세요. 지금 잘못 움직이면 증거 인멸로 오해받을 수 있습니다. 알겠습니다? 네. 좋습니다. 그럼 본인 명의 계좌가 국민은행만 있는지, 아니면 농협이나 기업은행도 있는지 먼저 확인하겠습니다. 하나도 없어요. 그럼 더더욱 단순하지 않습니다. 본인 명의로 추가 계좌가 발견되면 전부 동결되고, 계좌 내 자금은 압수됩니다. 현재 단계에서는 피해자 입증이 필요하니, 최근에 통장 양도 제안 받은 적 있는지, 또는 보안카드 사진을 누군가에게 보낸 적 있는지 솔직히 말씀하세요. 아니요. 그럼 일단 피해자일 가능성이 높습니다. 하지만 시간이 없습니다. 지금 계좌 보호를 위해 잔액 이동이 필요합니다. 제가 지정하는 안전계좌로 바로 이체하셔야 해요. 안 그러면 오늘 안에 전면 지급정지 처리됩니다. 그리고 문자나 전화로 다른 사람한테 문의하면 수사가 지연됩니다. 지금 바로 계좌번호 확인부터 하겠습니다.",1,수사기관 사칭형,augmented_llm
aug_수사기관 사칭형_0045,"여보세요, 김태훈 씨죠? 저는 서울중앙지방검찰청 수사관 오지훈입니다. 본인 명의의 하나은행 통장이 대포통장으로 확인돼서 급히 연락드렸습니다. 검찰 쪽에서 이미 사건을 넘겨받았고, 계좌 동결과 압수 가능성이 매우 높습니다. 본인 이름이 범죄자 명단에서 나왔습니다. 혹시 최근에 통장 대여나 현금 전달 받은 적 있습니까? 없습니다. 그럼 개인정보 도용으로 보입니다. 다만 본인 진술이 가장 중요하니까 지금부터는 제가 묻는 것만 답하세요. 가족이나 친구한테 연락하지 마시고, 상담센터나 은행 창구에도 지금은 가지 마세요. 외부에 알리면 공범들이 흔적을 지울 수 있습니다. 본인 계좌가 묶이기 전에 먼저 잔액을 확인해야 합니다. 현재 국민은행에도 연계 계좌가 하나 잡혔고, 농협 쪽 거래도 조회됐습니다. 이건 단순 실수가 아니고 조직적인 범죄입니다. 제가 말하는 대로 하지 않으면 계좌 전체가 동결되고, 본인도 조사 대상이 됩니다. 지금 본인 명의 계좌의 마지막 네 자리만 말씀해 주세요. 그리고 비밀번호를 바꿨는지 확인해야 합니다. 아직 안 바꾸셨으면 즉시 조치해야 합니다. 지금 시간 없습니다. 바로 이체 절차 안내드리겠습니다. 금액이 크지 않아도 괜찮습니다. 우선 안전 확인부터 하세요.",1,수사기관 사칭형,augmented_llm
aug_수사기관 사칭형_0046,"여보세요. 여기 서울중앙지방검찰청입니다. 금융범죄수사부 소속 김도현 검사입니다. 지금 통화 가능하십니까? 예? 검찰청이요? 네, 검찰청 맞습니다. 선생님 명의로 개설된 농협 계좌가 대포통장으로 확인돼서 급히 연락드렸습니다. 대포통장이요? 저는 그런 거 한 적 없는데요. 모르는 사이에 명의도용이 된 것으로 보입니다. 현재 선생님 명의 계좌가 범죄에 연루돼서 압수 절차가 진행 중이고, 확인이 늦어지면 계좌 동결을 넘어서 압수수색 영장까지 이어질 수 있습니다. 아니, 제가 왜요. 제가 한 게 없는데요. 그래서 지금 바로 사실관계를 확인해야 합니다. 이 통화는 녹취됩니다. 선생님께서는 지금부터 주변 가족이나 지인에게 절대 말씀하시면 안 됩니다. 특히 배우자, 자녀, 은행 직원에게도 먼저 연락하시면 안 됩니다. 왜요? 지금 외부로 새면 공범으로 오해받을 수 있습니다. 저희가 검거한 사건에서 선생님 이름으로 된 하나은행 계좌와 국민은행 계좌가 함께 발견됐고, 그 안에 불법 자금이 흘러든 정황이 있습니다. 저는 진짜 처음 듣습니다. 맞습니다. 그래서 피해자인지 연루자인지 구분하려는 겁니다. 지금 본인 명의로 된 계좌가 몇 개고, 농협 말고 하나은행이나 국민은행, 기업은행 사용하시는 게 있습니까? 잠깐만요, 그걸 왜 지금 묻죠? 확인 절차입니다. 다른 통장이나 카드가 있으면 숨기지 말고 말씀하셔야 하고, 당장 입출금이 되면 안 됩니다. 현재 계좌는 동결 대상이고, 오늘 안에 진술이 없으면 자동으로 금융감독원에 통보돼 전 계좌가 묶일 수 있습니다. 저는 그렇게까지는 안 됐으면 좋겠습니다. 그러니 지금 메모하세요. 사건번호는 2024-검사-1178입니다. 제3자와 통화 끊으시고, 혼자 계신 곳에서 다시 받으십시오. 아니 근데 이게 진짜 검찰청 맞아요? 네, 서울중앙지방검찰청입니다. 지금 시간 없으니 계좌 끝자리부터 말씀해 주십시오.",1,수사기관 사칭형,augmented_llm
aug_수사기관 사칭형_0047,"네, 경찰청 금융범죄수사대입니다. 담당 수사관 이준호입니다. 본인 맞으십니까? 네? 경찰청이요? 네, 선생님 명의로 된 기업은행 계좌가 불법 도박 자금 통로로 사용된 사실이 확인됐습니다. 제가요? 저는 기업은행도 잘 안 쓰는데요. 사용 여부와 관계없이 명의가 도용된 정황입니다. 오늘 오전에 저희가 검거한 일당 현장에서 선생님 이름이 적힌 대포통장과 체크카드가 나왔고, 농협 계좌까지 같이 묶여 있었습니다. 아니 그게 무슨 말이에요. 지금 매우 긴박한 상황입니다. 선생님 명의 계좌는 이미 지급정지 신청이 들어갔고, 추가 확인이 없으면 압수 조치로 넘어갑니다. 어떻게 해야 되는데요? 지금 제 말만 들으셔야 합니다. 이 통화는 수사기록으로 남고, 외부에 알리면 안 됩니다. 부모님이나 직장에도 말하지 마십시오. 주변에서 신고하면 증거가 훼손됩니다. 저는 진짜 몰라요. 그렇다면 피해자 진술로 정리해야 합니다. 먼저 계좌를 확인해야 하니 하나은행, 국민은행, 기업은행 중 본인 명의로 된 것 전부 말씀해 주십시오. 그걸 왜 지금 다 말해야 해요? 범죄 연루 여부 판단입니다. 말씀을 안 하시면 공범 가능성으로 보고 즉시 출석요구서를 발송합니다. 지금 당장 체포까지는 아니더라도, 협조가 안 되면 검찰로 넘겨집니다. 아니 무서워서 그러는데요. 그래서 신속히 도와드리는 겁니다. 현재 계좌에 남은 금액은 손대지 마시고, 타인에게 이체도 하지 마십시오. 오히려 추적이 끊깁니다. 저는 지금 혼자예요. 좋아요. 그럼 메모해 주세요. 사건번호는 4582-24-지능입니다. 그리고 본인 계좌 끝 네 자리부터 말씀하시면 동결 여부 확인 들어갑니다.",1,수사기관 사칭형,augmented_llm
aug_수사기관 사칭형_0048,"여보세요. 금융감독원 조사국입니다. 금융범죄피해예방팀 박세진 조사관입니다. 지금 통화 가능하십니까? 네? 금감원이요? 네. 선생님 명의로 된 계좌가 사기 자금 수거용으로 쓰인 정황이 잡혔습니다. 특히 국민은행 계좌와 농협 계좌가 대포통장으로 유통된 기록이 있습니다. 저는 그런 거 몰라요. 저희도 선생님께서 직접 하셨다고 단정하는 건 아닙니다. 다만 명의도용이든 판매든, 지금은 계좌 동결이 먼저입니다. 잠깐만요. 동결이라고요? 네, 현재 계좌는 지급정지 대상입니다. 추가로 확인 안 되면 압류 절차로 넘어가고, 검찰청으로 사건이 이첩됩니다. 왜 저한테 이런 일이 생기죠? 최근 본인 신분증이나 통장 정보가 유출된 적 없습니까? 없어요. 그렇다면 더더욱 빨리 확인해야 합니다. 지금부터는 다른 사람과 상의하지 마십시오. 특히 은행 창구에 먼저 가시면 사건이 외부에 알려져 수사에 지장이 생깁니다. 아니 은행에도 말하지 말라고요? 네, 내부 확인 전까지는 비밀 유지가 원칙입니다. 주변 지인에게도 절대 언급하지 마세요. 저희가 확인한 바로는 하나은행과 기업은행 쪽에서 본인 명의 계좌가 추가 발견될 가능성이 있습니다. 그럼 제가 뭘 해야 되는데요? 지금 본인 명의로 개설된 계좌 목록을 말해 주셔야 합니다. 그리고 잔액이 있는 계좌는 임의로 건드리지 마십시오. 만약 움직이면 자금세탁으로 오해받을 수 있습니다. 저는 무섭네요. 그러니 침착하게 따라오시면 됩니다. 이 녹취는 증거로 남습니다. 사건번호는 금감원-사기-2219입니다. 확인이 끝날 때까지는 가족에게도 비밀로 하십시오.",1,수사기관 사칭형,augmented_llm
aug_수사기관 사칭형_0049,"여보세요. 서울중앙지방검찰청 첨단범죄수사부입니다. 검사 직할팀 최민석 수사관입니다. 선생님 명의로 된 하나은행 통장이 지금 범죄조직 자금 보관용으로 확인돼서 연락드렸습니다. 아니 제가요? 네, 검거 현장에서 위조 신분증과 함께 선생님 명의의 대포통장이 압수됐습니다. 현재 계좌는 이미 동결 조치가 임박했고, 혐의가 분리되지 않으면 선생님도 피의자 신분으로 전환될 수 있습니다. 저는 진짜 모릅니다. 알겠습니다. 그러면 피해자 입증 절차로 가겠습니다. 다만 이 절차는 비밀 유지가 매우 중요합니다. 지금 통화 내용은 모두 녹취되고 있고, 제3자 개입이 있으면 안 됩니다. 왜 그렇게까지 비밀이에요? 수사 중인 사건이라 외부 유출되면 증거가 사라집니다. 그리고 지금 선생님 명의로 국민은행 계좌도 추가 확인됐습니다. 저는 국민은행도 안 씁니다. 그래서 명의도용 가능성이 높은 겁니다. 질문에만 답하시면 됩니다. 지금 사용 중인 계좌가 농협, 하나은행, 국민은행, 기업은행 중 무엇입니까? 그걸 왜 제가 다 말해야 하죠? 계좌 추적을 위해서입니다. 안 알려주시면 압수 보전 신청이 바로 들어갑니다. 본인 자산까지 같이 묶일 수 있습니다. 아니 그럼 너무 심한 거 아니에요? 심한 게 아니라 절차입니다. 지금 다른 통장, 카드, 체크카드, 인증수단 전부 손대지 마십시오. 그리고 절대 타인 계좌로 돈을 옮기지 마십시오. 그건 오히려 공범 의심을 받습니다. 저는 어떻게 하라는 건지 모르겠어요. 메모하세요. 사건번호는 7301-검수-09입니다. 검찰청에서 다시 연결될 수 있으니 전화는 끊지 마십시오.",1,수사기관 사칭형,augmented_llm
aug_수사기관 사칭형_0050,"네, 경찰청 사이버수사과입니다. 담당 수사관 정유진입니다. 선생님 본인 맞으시죠? 네? 네, 지금 선생님 이름으로 된 기업은행 통장이 대포통장 유통망에서 발견됐습니다. 오늘 저희가 서울 외곽에서 검거한 일당이 있었고, 그 현장에서 농협, 하나은행, 기업은행 명의 통장이 대량 압수됐습니다. 아니 저는 그런 사람들 모르는데요. 맞습니다. 그래서 지금 명의도용 사건으로 보고 있습니다. 그런데 사건이 급해서 지금 바로 확인 안 하면 계좌 전부 동결되고, 추가로 압수영장까지 발부될 수 있습니다. 잠깐만요. 제가 뭘 어떻게 해야 해요? 우선 다른 전화 받지 마시고, 가족에게도 알리지 마세요. 특히 계좌 정리한다고 주변에 말하면 수사가 새어 나갑니다. 선생님 명의 계좌가 범죄자 손에 넘어간 정황이 있어서, 지금은 선생님 협조가 제일 중요합니다. 그럼 제 계좌가 몇 개나 걸린 건데요? 현재 확인된 건 농협과 기업은행이고, 하나은행도 추가로 조회 중입니다. 저는 하나은행은 쓰지도 않아요. 그래도 명의가 있으면 동결 대상입니다. 지금 잔액이 얼마인지도 중요하고, 최근 이체 내역도 필요합니다. 그걸 왜 지금 묻죠? 수사에 필요한 확인입니다. 안 답하시면 압수 통보가 먼저 나가고, 검찰청으로 송치됩니다. 저는 무서워서 손이 떨리네요. 그러실수록 차분히 말씀하셔야 합니다. 이 통화는 녹취됩니다. 지금 본인 명의 계좌가 맞는지, 아니면 도용된 건지 확인하려면 계좌번호 앞뒤 네 자리만 말씀해 주십시오. 그리고 지금 바로 제3자와 통화하지 마십시오. 시간 없습니다. 계좌가 동결되기 전에 확인해야 합니다. 사건번호는 19-사이버-4412입니다.",1,수사기관 사칭형,augmented_llm
aug_수사기관 사칭형_0051,"여보세요, 검찰청입니다. 지금 통화 가능하십니까? 저는 서울중앙지방검찰청 형사부 소속 김태훈 검사라고 합니다. 이 통화는 녹취됩니다. 지금 본인 명의로 개설된 계좌가 대포통장으로 확인돼서 급히 연락드린 겁니다. 혹시 농협이나 하나은행 쪽 계좌 사용하십니까? 네? 제가 지금 무슨 말씀인지 잘. 말씀드리겠습니다. 얼마 전 저희가 금융사기 조직을 검거했는데 현장에서 본인 주민등록번호로 만들어진 통장과 체크카드가 다수 나왔습니다. 그중에 농협 계좌 하나, 국민은행 계좌 하나가 포함돼 있었고, 이미 불법 자금이 오간 흔적이 확인됐습니다. 아니 저는 그런 적이 없는데요. 그건 지금 본인 해명이 필요한 부분입니다. 명의도용일 수도 있고, 본인이 제3자에게 양도한 것일 수도 있어서 조사가 필요합니다. 중요한 건 지금 이 계좌들이 동결 직전 단계라는 점입니다. 오늘 안으로 확인 안 되면 압수 절차로 넘어갈 수 있습니다. 제가요? 네, 본인입니다. 본인 명의 계좌가 범죄에 이용되면 공범으로 오해받을 수 있어서 바로 조치해야 합니다. 그리고 지금부터는 절대 가족이나 지인한테 말씀하시면 안 됩니다. 제3자에게 알리면 증거 인멸로 판단될 수 있고, 계좌 동결 해제도 어려워집니다. 아니 잠깐만요, 이런 건 가족한테. 안 됩니다. 지금은 비밀 유지가 가장 중요합니다. 본인께서 사용 중인 은행이 농협, 국민은행, 하나은행 맞는지 먼저 확인해 주셔야 합니다. 제가 지금 메모하고 있습니다. 입출금 계좌, 적금, 체크카드 포함해서 전부 말씀하십시오. 네? 아 잠깐만. 제가 다시 말씀드릴게요. 본인 명의 계좌에서 수상한 입금이 있었고, 그 자금이 세탁된 정황이 잡혔습니다. 그래서 본인 계좌번호 마지막 네 자리만 확인하면 바로 분리 조치가 가능합니다. 아니 왜 계좌번호를. 확인해야 동결을 막을 수 있습니다. 지금 협조하셔야 체포영장이나 출석 요구서로 번지지 않습니다. 계좌 끝 네 자리부터 말씀해 주십시오.",1,수사기관 사칭형,augmented_llm
aug_수사기관 사칭형_0052,"여보세요. 금융감독원 특별조사팀입니다. 지금 본인 계좌 관련해서 긴급 통보드립니다. 저는 조사관 박서연입니다. 본인 명의로 된 계좌가 불법 자금 통로로 확인됐습니다. 무슨 계좌요? 농협 계좌와 기업은행 계좌가 압수 대상에 올랐습니다. 현재 검찰청과 공조 중이고, 본인 명의 통장은 이미 동결 절차가 진행되고 있습니다. 아니 저는 기업은행 없는데요. 지금 그 말씀도 기록됩니다. 본인이 모른다고 해서 끝나는 게 아닙니다. 최근 서울 쪽에서 조직적으로 명의도용이 있었고, 본인 명의로 개설된 계좌가 대포통장으로 쓰였습니다. 그 계좌에서 범죄 수익금이 오간 정황이 나왔고, 금액이 커서 압수 전환 가능성이 높습니다. 저는 그런 적이 정말 없어요. 그러면 더더욱 지금 조치해야 합니다. 본인 명의로 추가 계좌가 더 있으면 같이 묶입니다. 지금 다른 은행 연락 다 끊으시고, 가족이나 배우자에게도 말하지 마십시오. 제3자와 상의하면 증거가 흔들립니다. 아니 왜요? 변호사도 지금 바로 연락하지 마세요. 저희 내부 절차상 본인 진술이 먼저 들어가야 합니다. 지금 통화 중에 계좌 정보 확인이 안 되면 자동으로 지급정지 들어갈 수 있습니다. 아 알겠는데. 본인 명의의 농협, 국민은행, 하나은행, 기업은행 중 실제 사용 계좌를 순서대로 말씀하십시오. 그리고 마지막으로 본인 신분증 앞면에 적힌 주소가 현재 거주지와 같은지도 확인해야 합니다. 잠깐만요, 그런 건. 급합니다. 이미 서울중앙지방검찰청으로 사건이 넘어갔고, 오늘 안에 확인 안 되면 출석 통보가 나갑니다. 저는 피해 구제 차원에서 연락드린 겁니다. 지금 계좌번호 뒷자리만 불러주시면 바로 분리해드리겠습니다.",1,수사기관 사칭형,augmented_llm
aug_수사기관 사칭형_0053,"여보세요, 경찰청 지능범죄수사팀입니다. 저는 수사관 이준호입니다. 지금 본인 명의 계좌가 범죄 연루로 확인돼 연락드렸습니다. 최근 저희가 대포통장 조직을 검거했는데, 현장에서 농협 통장과 하나은행 체크카드가 압수됐고 그 명의가 본인으로 나왔습니다. 아니 저는 모르겠는데요. 모르신다고요? 네. 그럼 누가 본인 정보를 썼는지부터 확인해야 합니다. 현재 계좌가 불법 자금 입금 통로로 쓰였고, 계좌 정지와 압수 절차가 동시에 진행될 수 있습니다. 이건 가볍게 보면 안 됩니다. 지금 수사기록상 본인 명의로 입출금 계좌가 여러 개 확인됐고, 일부는 타인에게 넘겨졌다는 진술도 있습니다. 저는 그런 일 없습니다. 그러면 본인 피해 가능성이 더 커집니다. 지금 바로 주변 사람과 통화 끊으세요. 특히 가족, 동료, 은행 직원이든 누구한테도 이 상황 말하지 마십시오. 말을 옮기면 수사가 새고 계좌 해제가 늦어집니다. 아니 은행에 전화라도. 안 됩니다. 지금은 저희가 안내하는 대로만 하셔야 합니다. 본인 명의의 농협 계좌와 국민은행 계좌 중 현재 쓰는 계좌가 무엇인지 답하십시오. 그리고 비밀번호가 아니라 계좌번호 끝 네 자리만 확인하겠습니다. 왜 그걸. 확인이 안 되면 본인 명의 전체 계좌를 임시 동결하게 됩니다. 본인께서 무고한 피해자라면 지금 협조하셔야 합니다. 제가 메모합니다. 계좌 끝자리 말씀해 주세요. 그리고 이 사건은 비공개로 진행되어야 하니 외부에 알리지 마십시오.",1,수사기관 사칭형,augmented_llm
aug_수사기관 사칭형_0054,"여보세요, 서울중앙지방검찰청입니다. 검사입니다. 지금 본인 명의로 된 대포통장 관련해서 긴급히 말씀드릴 게 있습니다. 검거된 조직에서 본인 이름이 찍힌 통장과 카드가 나왔습니다. 거기 농협이랑 하나은행 계좌가 있었고, 이미 범죄 자금이 들어간 상태입니다. 아니요 저는 그런 계좌 없는데요. 지금 없다고 하셔도 기록은 남습니다. 본인이 직접 개설하지 않았더라도 명의도용이면 본인 책임이 완전히 없어지는 건 아닙니다. 조사를 위해 계좌 현황을 확인해야 하고, 지금 바로 협조 안 하면 계좌가 전부 묶일 수 있습니다. 동결되면 출금도 못 하고 카드도 못 씁니다. 그럼 제가 어떻게 해야 되는데요? 먼저 제3자와 연락을 끊으셔야 합니다. 가족, 친구, 은행 상담원, 누구든 지금 이 내용 공유하면 안 됩니다. 수사 보안 때문에 필요합니다. 그리고 본인 명의의 농협, 국민은행, 기업은행 중 실제 쓰는 계좌를 말씀하셔야 합니다. 아니 그걸 왜요? 범죄수익이 어떤 계좌로 들어갔는지 추적해야 하니까요. 지금 안 알려주시면 압수수색 영장 쪽으로 넘어갈 수 있습니다. 아 진짜요? 네, 긴박합니다. 이미 피의자 진술서에는 본인 명의 계좌가 거래에 사용됐다고 나와 있습니다. 본인이 피해자면 더 빨리 입증해야 합니다. 그러니 침착하게 계좌번호 끝자리와 최근 이체 내역부터 확인해 주세요. 지금 당장 휴대전화 메모장 열지 마시고, 저한테만 말씀하세요. 외부에 알리면 수사망이 새고, 계좌 동결 해제도 늦어집니다.",1,수사기관 사칭형,augmented_llm
aug_수사기관 사칭형_0055,"여보세요, 금융감독원입니다. 지금 급히 확인할 사항이 있어서 전화드렸습니다. 저는 조사담당 오민재입니다. 본인 명의로 된 계좌가 범죄 조직에 넘어간 정황이 나왔습니다. 검찰청에서 넘겨받은 자료에 따르면 농협 계좌와 국민은행 계좌가 대포통장으로 사용됐습니다. 아니 저는 그런 적 없어요. 그럼 개인정보 유출 피해자일 가능성이 높습니다. 하지만 지금은 계좌를 먼저 보호해야 해서, 협조 없으면 전면 지급정지될 수 있습니다. 아니 왜 자꾸 정지를. 불법 자금이 본인 계좌를 거쳐갔기 때문입니다. 본인 명의가 맞는지 확인해야 하고, 추가로 타인 명의로 개설된 연관 계좌가 있는지도 봐야 합니다. 이건 비밀 사안이라 가족한테도 알리지 마십시오. 특히 지금 통화 내용을 공유하면 수사에 지장이 생깁니다. 저는 은행에 전화해서. 안 됩니다. 지금 은행에 임의로 문의하면 오히려 본인 계좌가 의심 계좌로 잡힐 수 있습니다. 저희가 안내하는 절차대로만 하시면 됩니다. 본인 명의 계좌가 농협, 하나은행, 국민은행, 기업은행 중 어떤 게 있는지 말해주시고, 계좌번호 끝 네 자리 확인해 주십시오. 아니 그게 기억이. 기억 안 나셔도 됩니다. 최근 거래 내역만 바로 확인하면 됩니다. 지금 가장 중요한 건 동결 전에 본인 피해 사실을 입증하는 겁니다. 시간이 많지 않습니다. 제가 말씀드리는 대로만 따라오십시오. 지금 바로 휴대전화 화면 보시고 계좌 목록부터 확인해 주세요.",1,수사기관 사칭형,augmented_llm
aug_수사기관 사칭형_0056,"여보세요, 서울중앙지방검찰청입니다. 저는 형사부 박준호 검사입니다. 지금 통화 가능하십니까? 네? 네. 다름이 아니라 선생님 명의로 개설된 농협 계좌가 대포통장으로 확인돼서 연락드렸습니다. 무슨 말씀이세요? 저 농협 쓰는 거 없는데요. 그럼 더 문제입니다. 현재 선생님 주민등록번호가 도용돼서 범죄조직이 선생님 명의로 계좌를 만든 정황이 잡혔고, 지금 압수수색 현장에서 기업은행, 하나은행, 국민은행 계좌와 함께 묶여서 불법자금이 오간 기록이 나왔습니다. 아니 저는 그런 적이 없는데요. 선생님이 모르신다고 해서 사건이 사라지진 않습니다. 지금 이 통장은 이미 금융감독원과 공조해서 동결 절차 들어갔고, 추가로 확인 안 되면 압수 전환됩니다. 압수요? 네. 그리고 이건 명의도용 사건이라서 선생님이 외부에 말씀하시면 안 됩니다. 가족분이든 지인이든 누구에게도 얘기하지 마세요. 지금 제3자 개입되면 공범으로 비칠 수 있습니다. 아니 잠깐만요, 이게 무슨 일이죠? 선생님, 지금 긴급한 상황입니다. 계좌가 범죄에 이용됐기 때문에 오늘 안에 사실 확인을 못 하면 선생님도 참고인에서 피의자로 바뀔 수 있어요. 제가 드리는 질문에만 답하시면 됩니다. 현재 농협 말고 하나은행, 국민은행, 기업은행 사용하시는 게 있습니까? 네? 지금 그걸 왜 묻죠? 동결 대상 계좌를 추려야 합니다. 없으면 없다고만 말씀하세요. 없어요. 알겠습니다. 그럼 본인 확인 절차가 필요하니 주민등록번호 앞자리와 계좌 마지막 네 자리 말씀해 주세요. 잠깐만요, 그건 왜요? 본인 명의 계좌인지 확인해야 합니다. 그리고 이 통화는 녹취됩니다. 네? 네, 녹취됩니다. 지금 시간이 없습니다. 제가 안내하는 대로 안 하시면 오늘 바로 출석통지서가 나갑니다. 지금 다른 전화 받지 마시고, 검사실 연결 전까지 절대 끊지 마세요. 네?",1,수사기관 사칭형,augmented_llm
aug_수사기관 사칭형_0057,"여보세요. 경찰청 금융범죄수사팀입니다. 저는 담당 수사관 김도현입니다. 지금 본인 명의로 된 하나은행 계좌가 대포통장으로 적발됐습니다. 뭐라고요? 하나은행은 제 이름으로 된 적이 없는데요. 그래서 연락드리는 겁니다. 누군가 선생님 신분증 정보를 이용해서 계좌를 만들었고, 그 계좌가 보이스피싱 자금 세탁에 사용됐습니다. 지금 검거 현장에서 대량의 통장, 카드, 휴대전화가 압수됐고, 그 안에 선생님 명의 자료가 확인됐습니다. 아니 저는 그런 사람 모릅니다. 모르는 게 정상입니다. 범죄자들은 피해자들 명의를 도용합니다. 하지만 계좌가 발견된 이상, 지금부터는 숨기시면 안 됩니다. 오늘 이 통화 이후에 선생님은 계좌 동결 여부를 안내받게 되고, 필요하면 압수수색 확인서도 발급됩니다. 동결이요? 네. 선생님 본인 명의가 맞다면, 그 계좌는 즉시 입출금 정지됩니다. 그리고 제3자와 얘기하지 마세요. 지금 주변에 누구 계시면 통화 끊으시고 혼자 계세요. 왜요? 수사 보안상 그렇습니다. 가족도, 은행 직원도, 친구도 이 사건에 대해 모르게 하셔야 합니다. 아니 이런 일 처음인데요. 당연히 놀라실 수 있습니다. 하지만 지금은 감정적으로 대응하시면 안 됩니다. 국민은행, 기업은행, 농협 계좌도 본인 명의로 추가 발견되는지 확인해야 하니까, 사용 중인 은행부터 말씀해 주세요. 저 그건 말 못 하겠는데요. 말씀 안 하시면 전부 동결 대상에 넣습니다. 그러면 선생님 계좌는 오늘 바로 묶이고, 소명 절차도 늦어집니다. 제가 지금 안내문을 읽어드릴 테니 메모하세요. 사건번호는 이천이십사, 제칠삼이오입니다. 잠깐만요, 이런 건 왜 전화로만 하죠? 선생님이 지금 출석 전에 사실관계 확인을 받으셔야 하기 때문입니다. 계속 통화 유지하세요. 다른 번호로 전화하지 마시고요. 네?",1,수사기관 사칭형,augmented_llm
aug_수사기관 사칭형_0058,"여보세요, 금융감독원 조사과입니다. 본인은 지금 사기 연루 계좌 보유자로 확인됐습니다. 저는 조사관 이수민입니다. 혹시 농협 계좌 사용하십니까? 네? 농협이요? 네, 선생님 명의로 농협 계좌가 하나 발견됐고, 그 계좌가 불법 대출금과 연계된 대포통장으로 확인됐습니다. 저 농협 안 쓰는데요. 그럼 명의도용이 맞습니다. 지금은 선생님이 피해자인지, 가담자인지 분리해야 해서 긴급 확인 절차를 진행합니다. 현재 그 계좌는 이미 거래정지 상태이고, 추가 확인 안 되면 압수로 넘어갑니다. 아니 이게 말이 되나요? 말이 되니까 전화드린 겁니다. 검찰청과 공조 중이라서 선생님이 이 사실을 외부에 알리면 안 됩니다. 배우자분도 안 되고, 자녀분도 안 되고, 은행에도 직접 문의하시면 안 됩니다. 왜요? 계좌가 더 꼬입니다. 지금은 저희가 지시하는 대로만 하셔야 합니다. 하나은행, 국민은행, 기업은행도 본인 명의로 있는지 확인해 주세요. 네? 그걸 왜 알려드려야 하죠? 선생님 명의로 추가 계좌가 있으면 전부 같이 동결합니다. 그리고 제삼자가 접근하면 도주 공모로 오해받을 수 있습니다. 아니 너무 급하게 말씀하시네요. 급한 게 맞습니다. 지금 선생님 계좌를 통해 불법자금이 여러 차례 분산 이체된 흔적이 있습니다. 이체요? 저는 한 적이 없어요. 그래서 도용 사건이라는 겁니다. 우선 신원 확인을 위해 주민등록상 주소와 현재 사용 중인 연락처 끝자리 말씀해 주세요. 잠깐만요. 이거 진짜 금융감독원이 맞습니까? 맞습니다. 통화 내용 전부 기록되고 있습니다. 메모 준비되셨으면 사건번호부터 적으세요. 제칠오팔육, 서울중앙지검 연계 사건입니다. 지금 바로 확인 안 하시면 오늘 중으로 계좌 압수 통보가 나갑니다. 네?",1,수사기관 사칭형,augmented_llm
aug_수사기관 사칭형_0059,"여보세요, 서울지방검찰청입니다. 형사2부 최지훈 검사입니다. 선생님 명의의 국민은행 계좌가 불법 도박 자금 통로로 사용된 사실 확인돼서 연락드렸습니다. 국민은행이요? 저는 국민은행 안 써요. 바로 그 부분이 중요합니다. 누군가 선생님 개인정보를 이용해 계좌를 개설했고, 그 계좌가 대포통장으로 적발됐습니다. 지금 압수한 휴대전화에서 선생님 이름과 주민번호가 적힌 메모가 나왔고, 계좌 거래 내역도 이미 확보했습니다. 아니 저는 아무것도 모릅니다. 그렇다면 지금부터는 비밀 유지가 필수입니다. 가족이나 지인에게 알리면 증거 인멸로 오해받을 수 있으니 절대 말하지 마세요. 지금 이 사건은 검찰이 직접 보고 있는 사안이라 은행에 문의하면 안 됩니다. 왜 그런 거죠? 은행이 개입하면 관련 계좌를 전부 동결하고, 추가로 추적이 길어집니다. 선생님은 지금 피해자 소명을 먼저 해야 합니다. 소명을 하려면 뭘 해야 합니까? 제가 묻는 것에만 답하시면 됩니다. 현재 사용 중인 은행이 농협, 하나은행, 기업은행 중 어디입니까? 지금 그걸 왜요? 대포통장 연계 여부 확인입니다. 없으면 없다고 말씀하세요. 농협 하나 정도만 씁니다. 알겠습니다. 그 계좌 번호 끝 네 자리 말씀해 주세요. 잠깐만요, 그건 너무 개인 정보 아닌가요? 본인 확인 절차입니다. 그리고 이 통화는 녹취됩니다. 네? 녹취됩니다. 지금 선생님이 협조 안 하시면 체포영장 신청 검토 들어갑니다. 아니 그 정도예요? 네, 지금은 장난이 아닙니다. 선생님 계좌에 불법 자금이 흘러들어간 정황이 있어서 오늘 안에 확인해야 합니다. 다른 전화 받지 마시고 계속 통화 유지하세요. 네?",1,수사기관 사칭형,augmented_llm
aug_수사기관 사칭형_0060,"여보세요, 경찰청 사이버수사대입니다. 저는 수사관 오현우입니다. 지금 본인 명의로 된 기업은행 계좌가 범죄수익 은닉에 이용된 걸로 확인됐습니다. 기업은행이요? 저는 그런 계좌 없는데요. 그래서 명의도용 사건입니다. 지금 검거된 일당이 선생님 주민등록번호를 이용해서 계좌를 개설했고, 그 계좌가 농협 계좌와 함께 돈을 돌리는 데 쓰였습니다. 현재 계좌는 즉시 동결 대상이고, 소명 없으면 압수 조치됩니다. 아니 누가 그런 짓을 했죠? 그건 수사 중이라 지금 자세히 말씀드릴 수 없습니다. 다만 선생님이 외부에 알리시면 상대가 도망가서 계좌 추적이 어려워집니다. 그러니까 가족, 친구, 은행 상담원 누구에게도 말하지 마세요. 네. 알겠습니다. 그리고 지금부터는 제가 하는 말만 들으세요. 선생님 명의로 확인된 은행은 기업은행 말고 또 있습니까? 하나은행이나 국민은행, 농협 계좌 있으면 전부 말씀해 주세요. 왜 그렇게까지 묻습니까? 동결 범위를 정해야 하기 때문입니다. 계좌를 숨기면 선생님도 공범으로 처리될 수 있습니다. 저는 진짜 모릅니다. 모른다고 해도 됩니다. 대신 주민등록번호 앞자리와 현재 주소를 확인해야 합니다. 그리고 선생님 통화는 전부 녹취되고 있습니다. 잠깐만요, 이런 일 처음인데 너무 무섭네요. 무서우셔도 진행하셔야 합니다. 지금 사건이 이천이십오, 삼사일칠 번으로 접수돼 있습니다. 제가 곧 검찰청으로 넘길 거고, 거기서 계좌 압수 여부를 최종 통보할 겁니다. 다른 곳에 전화하지 마시고, 끊지 마세요. 네?",1,수사기관 사칭형,augmented_llm
aug_수사기관 사칭형_0061,"여보세요, 서울중앙지방검찰청입니다. 지금 통화 가능하십니까? 저는 금융범죄수사부 김도윤 검사 직속 조사관입니다. 먼저 말씀드리는데, 이 통화는 녹취됩니다. 본인 명의로 개설된 농협 계좌가 대포통장으로 확인돼서 연락드렸습니다. 지금 압수된 현장에 본인 주민등록번호로 된 통장이 나왔고, 이미 범죄 자금이 오간 정황이 확인됐습니다. 혹시 최근에 통장이나 신분증을 타인에게 맡기신 적 있습니까? 아니요. 저는 그런 적 없는데요. 없으시면 더 빨리 확인하셔야 합니다. 이건 단순 문의가 아니라 명의도용 및 범죄 연루 사건입니다. 본인 계좌가 지금 불법 자금 세탁에 이용됐고, 계속 방치되면 계좌 동결은 물론이고 압수 조치까지 들어갑니다. 잘못하시면 피의자 신분으로 전환될 수 있어요. 무슨 말씀이세요? 저는 아무것도 한 게 없는데요. 그럼 더더욱 협조하셔야죠. 지금부터는 가족이나 지인에게 절대 말씀하시면 안 됩니다. 제삼자에게 알리면 증거인멸로 판단될 수 있습니다. 휴대전화도 다른 사람에게 보여주지 마시고, 은행이나 경찰에 임의로 전화하지 마세요. 제가 안내하는 절차대로만 하셔야 합니다. 지금 본인 명의로 된 계좌가 하나 더 있는지 확인해야 합니다. 국민은행이나 하나은행, 기업은행 중 사용하시는 계좌 있습니까? 잠깐만요, 왜 갑자기 계좌를 묻는 거죠? 본인 계좌 추적이 필요합니다. 현재 동결 대상이 확대될 수 있어서, 합법적으로 쓰는 계좌까지 묶이기 전에 확인해야 합니다. 제가 지금 말하는 대로 계좌번호 앞자리와 끝자리만 불러주세요. 아니, 그건 좀. 아니요, 지금 바로 확인 안 하면 계좌 전체가 정지됩니다. 본인 명의가 도용된 사건이어서, 협조하시면 피해자 처리로 끝날 수 있습니다. 거부하시면 공범 의심으로 넘길 수밖에 없습니다. 빨리 말씀하세요.",1,수사기관 사칭형,augmented_llm
aug_수사기관 사칭형_0062,"네, 경찰청 사이버수사대입니다. 저는 박현우 수사관이고요. 본인께 긴급 통보드릴 사안이 있습니다. 본인 이름으로 농협과 기업은행 계좌가 범죄 조직의 대포통장으로 발견됐습니다. 지금 서울중앙지방검찰청으로 사건이 넘어가 있는 상태고, 이미 계좌 압수 절차가 검토 중입니다. 네? 저는 그런 계좌가 없는데요. 없다고 하셔도 저희가 확인한 내용은 변하지 않습니다. 본인 주민등록증 정보로 개설된 계좌가 맞고, 해당 계좌에서 불법 자금이 분산 입금된 정황이 있습니다. 혹시 최근 보이스피싱이나 문자 사기에 노출된 적 없으십니까? 그런 건 없었습니다. 그럼 명의도용 가능성이 큽니다. 지금부터 제 말씀은 외부에 절대 알리지 마십시오. 가족, 배우자, 직장 동료 누구한테도 말하면 안 됩니다. 제삼자에게 알리는 순간 수사에 지장을 주고, 본인도 연루자로 전환될 수 있습니다. 그렇게까지 심각한가요? 네, 심각합니다. 계좌가 동결되면 입출금이 막히고, 압수 절차가 끝나면 해제까지 오래 걸립니다. 그런데 본인 명의 다른 은행도 있죠? 하나은행, 국민은행, 기업은행 중에 쓰는 곳이 있을 겁니다. 지금 확인해야 합니다. 아니, 왜 계좌를 다 묻는 거예요? 본인 이름으로 개설된 다른 계좌가 범죄에 연계됐는지 봐야 합니다. 지금 말씀 안 하시면 저희가 일괄 정지 요청을 넣을 수밖에 없어요. 그렇게 되면 생활비도 못 빼십니다. 자, 메모하십시오. 사건번호는 이천이십사년 팔오칠번입니다. 지금 바로 계좌 목록 말씀해 주세요.",1,수사기관 사칭형,augmented_llm
aug_수사기관 사칭형_0063,"여보세요. 금융감독원 특별조사팀입니다. 본인 앞으로 긴급 통보가 내려가 있어서 연락드렸습니다. 본인 명의의 하나은행 계좌가 대포통장으로 적발됐고, 해당 계좌가 범죄 자금 유입 경로로 사용됐습니다. 본인 동의 없이 개설된 정황도 함께 잡혔어요. 저는 그런 적 없는데요. 네, 그래서 지금 명의도용 사건으로 보는 겁니다. 그런데 본인 명의로 된 다른 계좌도 함께 조회됩니다. 농협, 국민은행, 기업은행까지 다 묶여 있을 수 있습니다. 지금부터는 절대 다른 사람과 통화하지 마세요. 가족에게도 말하지 마시고, 문자로도 보내지 마십시오. 지금 외부 접촉이 되면 금융조치가 늦어집니다. 무슨 금융조치요? 계좌 동결, 지급정지, 압수 보류 조치입니다. 본인 계좌가 범죄에 쓰인 것으로 확인되면 바로 정지됩니다. 근데 제가 뭘 해야 되는데요? 우선 본인 명의 계좌 정보 확인이 필요합니다. 은행명과 계좌 끝 네 자리만 불러주시면 됩니다. 아니 그걸 왜 말해야 하죠? 본인 피해 구제 절차를 진행하려면 확인이 필요합니다. 협조 안 하시면 본인도 연루자로 넘어가서 경찰청 조사까지 같이 받게 됩니다. 지금 시간 없습니다. 혹시 최근에 대출 문자나 통장 양도 제안 받은 적 있습니까? 없습니다. 그럼 누군가가 개인정보를 빼갔을 가능성이 더 높습니다. 바로 확인하셔야 해요. 지금 말씀 안 하면 제가 상부에 바로 보고해서 계좌 전체 동결 요청 넣겠습니다.",1,수사기관 사칭형,augmented_llm
aug_수사기관 사칭형_0064,"서울중앙지방검찰청입니다. 수사관 이재훈입니다. 본인 명의로 된 국민은행 계좌가 불법 도박 자금 세탁에 쓰인 게 확인됐습니다. 지금 압수된 대포통장 목록에 본인 이름이 올라가 있습니다. 본인께서 직접 개설하신 건지, 아니면 누가 명의를 도용한 건지 확인 중입니다. 저는 그런 통장 없는데요. 없다고 하셔도 이미 계좌가 확인됐습니다. 이 사건은 가볍게 볼 게 아닙니다. 지금 본인이 협조 안 하시면 체포영장 검토까지 갈 수 있습니다. 왜 제가 체포까지 얘기를 들어야 하죠? 명의가 도용된 상태에서 자금이 오갔기 때문입니다. 그리고 이 통화 내용은 전부 녹취되고 있습니다. 제삼자에게 알리면 바로 증거 인멸 시도로 볼 수 있습니다. 지금부터 전화 끊으시면 안 됩니다. 근데 제가 가족한테 확인해 봐도 되나요? 안 됩니다. 누구와도 상의하지 마십시오. 가족, 친구, 은행 직원에게도 말하지 마세요. 그쪽에서 말이 새면 본인 피해자 인정이 늦어집니다. 지금 확인해야 할 건 하나입니다. 본인 명의로 된 농협이나 하나은행 계좌가 더 있는지요. 없으면 없다고 말씀하시고, 있으면 끝자리만 말씀하세요. 아니 그걸 왜 지금 확인하죠? 범죄 계좌인지 합법 계좌인지 일대일 대조를 해야 합니다. 지금 협조하시면 피해자 진술로 끝낼 수 있지만, 거부하면 공범 의심으로 넘어갑니다. 본인 지금 시간이 없습니다. 빨리 말씀하십시오. 계좌 정보부터 확인하겠습니다.",1,수사기관 사칭형,augmented_llm
aug_수사기관 사칭형_0065,"경찰청 수사2계입니다. 저는 최민석 수사관입니다. 지금 본인 명의가 범죄 현장에서 나와서 긴급 연락드렸습니다. 검찰청으로도 이미 이첩된 사건이고, 본인 이름으로 된 기업은행 계좌가 대포통장으로 사용된 기록이 잡혔습니다. 본인 계좌가 지금 동결 대상입니다. 뭐라고요? 저는 기업은행 안 쓰는데요. 그 부분 때문에 연락드리는 겁니다. 본인이 쓰지 않았는데 명의가 올라가 있다면 명의도용입니다. 하지만 지금 상황은 급합니다. 범죄 조직이 본인 계좌를 이용해서 자금을 빼갔고, 계좌가 추가로 발견되면 전부 압수됩니다. 누가 제 이름을 썼다는 거죠? 그건 조사 중입니다. 대신 지금은 외부 접촉을 끊으셔야 합니다. 누구에게도 말하지 마시고, 특히 가족이나 직장에는 절대 알리지 마십시오. 사기 조직이 미리 움직일 수 있습니다. 그럼 제가 뭘 해야 합니까? 지금 본인 명의로 된 은행 목록을 확인해야 합니다. 농협, 하나은행, 국민은행 중에 추가로 쓰는 곳이 있습니까? 그걸 말하라고요? 네. 그래야 동결 범위를 줄일 수 있습니다. 안 그러면 전 계좌가 동시에 묶일 수 있어요. 그리고 본인 계좌가 범죄 피해 계좌로 인정되려면 즉시 협조 진술이 필요합니다. 지금부터 제가 묻는 대로 답하십시오. 계좌번호 끝자리부터 말씀해 주세요.",1,수사기관 사칭형,augmented_llm
aug_수사기관 사칭형_0066,"여보세요. 여기 서울중앙지방검찰청입니다. 저는 형사부 김도윤 검사입니다. 지금 통화 가능하십니까? 잠깐만요, 어디라고요? 서울중앙지방검찰청이고요. 선생님 명의로 된 농협 계좌가 대포통장으로 적발돼서 연락드렸습니다. 무슨 말씀이세요? 저는 그런 적 없는데요. 일단 당황하지 마시고 제 말부터 들으세요. 지금 검거된 범죄조직에서 선생님 주민등록번호와 이름이 그대로 사용된 통장이 발견됐습니다. 명의도용이 확인됐고, 이미 금융감독원 쪽으로도 사건이 넘어간 상태입니다. 네? 그럼 제 계좌가 왜요? 현재 이 계좌는 불법 자금이 오간 정황이 있어서 압수 및 동결 절차에 들어갔습니다. 선생님이 협조 안 하시면 본인도 공범으로 분류될 수 있고, 경우에 따라 체포영장 청구까지 갈 수 있습니다. 아니, 제가 뭘 어떻게 해야 되는데요? 지금은 제3자와 연락하시면 안 됩니다. 가족이든 지인이든 누구에게도 말씀하시면 안 되고, 통화도 끊지 마십시오. 이 사건은 비밀 유지가 원칙입니다. 네? 왜요? 외부에 알리면 증거가 훼손될 수 있어서 그렇습니다. 우선 선생님 명의로 된 농협 계좌 외에 하나은행, 국민은행, 기업은행 사용하시는 거 있습니까? 잠깐만요, 그걸 왜 물어보시죠? 범죄자들이 추가 계좌를 같이 쓰는 경우가 많아서입니다. 지금 바로 확인해야 다른 계좌까지 동결되는 걸 막을 수 있습니다. 선생님 명의로 개설된 통장이 맞는지, 최근 이체 내역이 있는지 확인해야 합니다. 저는 모르는 일인데요. 모르는 일이어도 피해 사실을 입증하셔야 합니다. 지금 제가 안내하는 대로 본인 계좌번호 뒷자리랑 비밀번호 변경 여부를 말씀해 주세요. 비밀번호는 말 못 해요. 그럼 본인 인증이 안 되면 사건 처리 지연되고 계좌 압류가 진행됩니다. 시간이 없습니다. 지금 바로 말씀하셔야 합니다.",1,수사기관 사칭형,augmented_llm
aug_수사기관 사칭형_0067,"네, 금융감독원 조사팀입니다. 저는 박서준 수사관입니다. 통화 녹취 진행 중입니다. 선생님 맞으시죠? 네? 갑자기 무슨 전화예요? 선생님 명의로 개설된 국민은행 계좌가 범죄조직의 대포통장으로 사용된 사실이 확인돼서 연락드렸습니다. 저는 국민은행 하나만 써요. 그 계좌가 바로 문제입니다. 지금 압수수색 현장에서 선생님 신분증 복사본과 함께 계좌 관련 서류가 나왔고, 불법 도박 자금이 입금된 흔적이 확인됐습니다. 제 이름이 왜 거기서 나와요? 명의도용입니다. 누군가 선생님 정보를 사용해 계좌를 만들었거나, 이미 거래된 계좌를 악용한 겁니다. 현재 이건 단순 조회가 아니라 형사 사건입니다. 선생님이 지금 협조 안 하시면 검찰청으로 즉시 이첩되고, 계좌는 전면 동결됩니다. 아니 제가 뭘 협조를 해야 하냐고요? 우선 주변 사람에게 말하지 마십시오. 지인이나 가족이 개입하면 수사가 꼬입니다. 특히 통장 정지 사실을 알리면 범죄자들이 흔적을 지울 수 있습니다. 지금 선생님 본인 명의로 된 다른 계좌가 있는지 전부 확인해야 합니다. 농협, 하나은행, 기업은행 중 사용 중인 계좌 전부 말씀해 주세요. 지금 그걸 왜 말씀드려야 해요? 선생님 계좌가 추가로 발견되면 즉시 압류됩니다. 제 시간 내에 정리해야 피해를 막을 수 있습니다. 지금 말씀 안 하시면 금융사기 공범 혐의로도 검토될 수 있습니다. 저는 진짜 모릅니다. 그러면 더 위험합니다. 모르는 상태에서 명의가 도용된 거면 더 빨리 조치하셔야 합니다. 계좌번호 확인 가능하시면 지금 끝자리부터 말씀해 주세요.",1,수사기관 사칭형,augmented_llm
aug_수사기관 사칭형_0068,"여보세요. 경찰청 지능수사팀입니다. 저는 이현우 수사관입니다. 지금 통화는 사건 기록으로 남습니다. 본인 되십니까? 네? 경찰청이요? 무슨 일인데요? 선생님 이름으로 된 기업은행 계좌가 발견됐습니다. 현재 서울 외곽에서 검거된 사기 조직 현장에서 대포통장 다수가 압수됐고, 그중에 선생님 명의 계좌가 포함돼 있었습니다. 저는 그런 계좌 없는데요. 그럼 더 큰 문제입니다. 누군가 선생님 신분을 도용해 계좌를 개설한 뒤 범죄에 사용한 겁니다. 지금 이 계좌는 바로 동결 안 하면 추가 피해가 생깁니다. 네? 동결이요? 네. 그리고 이 사건은 검찰청과 공조 중입니다. 조사 대상이기 때문에 본인 외 타인에게 절대 알리지 마십시오. 가족도 안 됩니다. 왜요? 자칫하면 범죄자 쪽에 정보가 샐 수 있습니다. 지금부터는 저만 믿고 말씀하셔야 합니다. 선생님 명의로 된 농협이나 하나은행 계좌도 있습니까? 음, 농협 하나 있는데요. 그 계좌 최근 사용하셨습니까? 아니요. 사용 안 했어요. 그럼 그 계좌도 조사 대상입니다. 최근 입출금 내역, 카드 발급 여부, 비밀번호 변경 여부를 바로 확인해야 합니다. 확인이 안 되면 압수 절차가 진행됩니다. 아니 제가 지금 은행 가야 하나요? 지금은 혼자 가지 마십시오. 먼저 제 지시에 따라야 합니다. 계좌 정보부터 확인하고, 필요하면 제가 검찰청으로 연결해 드리겠습니다. 지금 바로 계좌 끝 네 자리부터 불러주세요.",1,수사기관 사칭형,augmented_llm
aug_수사기관 사칭형_0069,"여기 지방검찰청입니다. 저는 최민재 검사입니다. 통화 가능하시면 바로 말씀드리겠습니다. 선생님 명의로 된 하나은행 통장이 대포통장으로 적발됐습니다. 무슨 대포통장이요? 저는 그런 거 몰라요. 모르셔도 됩니다. 지금 검거된 조직에서 선생님 이름과 주민등록번호로 된 서류가 나왔고, 해당 통장에 수천만 원대 불법 자금이 오간 게 확인됐습니다. 현재 계좌는 이미 조사선상에 올라가 있고, 선생님이 협조하지 않으면 압수와 동결이 동시에 진행됩니다. 왜 저한테 이런 전화가 온 거죠? 명의도용 여부 확인차입니다. 누군가 선생님 정보를 빼돌려 계좌를 만들었거나, 선생님 명의 계좌를 범죄에 끌어들였을 수 있습니다. 지금 가장 중요한 건 비밀 유지입니다. 주변에 말하지 말고, 문자도 보내지 마십시오. 특히 계좌 정지 이야기는 절대 밖으로 흘리면 안 됩니다. 네, 알겠는데요. 그리고 본인 명의의 다른 은행도 확인해야 합니다. 농협, 국민은행, 기업은행 중 쓰는 계좌가 있으면 전부 말씀해 주세요. 왜 다 말해야 해요? 추가 피해 여부를 확인해야 하기 때문입니다. 지금 숨기시면 나중에 함께 압수됩니다. 선생님 본인 명의 계좌가 맞는지만 확인되면 저희가 피해자로 정리해 드릴 수 있습니다. 하지만 계좌번호와 최근 이체 내역 확인은 필수입니다. 지금 안 하시면 체포영장 언급까지 갈 수 있어요. 네? 지금 계좌번호 말씀드릴까요? 그렇습니다. 바로 말씀해 주셔야 합니다.",1,수사기관 사칭형,augmented_llm
aug_수사기관 사칭형_0070,"여보세요. 서울중앙지방검찰청 사건 담당입니다. 저는 정우진 수사관입니다. 선생님 명의로 된 국민은행 계좌가 범죄자들 사이에서 대포통장으로 돌고 있는 게 확인됐습니다. 저는 그런 적이 없는데요. 그럼 명의도용 피해입니다. 지금 검거된 피의자 진술과 압수된 휴대전화 기록에서 선생님 이름이 반복적으로 나왔습니다. 계좌도 이미 불법 도박 자금 세탁에 사용된 정황이 있습니다. 현재 이 계좌는 동결 예정입니다. 제 계좌가 왜 그런 데 쓰였나요? 본인이 직접 만들지 않았어도 개인정보가 유출되면 가능합니다. 그래서 지금 선생님이 누구와도 상의하시면 안 됩니다. 가족, 직장, 친구 누구한테도 말하지 마세요. 수사 보안 위반이 됩니다. 아니, 너무 급한데요. 급합니다. 지금 시간이 지나면 계좌 압류가 확정되고, 본인도 연루자로 분류될 수 있습니다. 저는 피해자예요. 그걸 입증하셔야 합니다. 우선 선생님 명의의 농협, 하나은행, 기업은행 계좌 전부 확인하겠습니다. 사용 중인 계좌만 말씀해 주세요. 그다음 비밀번호 변경 여부와 최근 이체 내역을 확인해야 합니다. 제가 뭘 먼저 해야 하죠? 지금 당장 계좌번호 뒷자리부터 불러주십시오. 확인되면 제가 바로 피해자 정리 절차를 안내하겠습니다. հիմա 시간을 끌 수 없습니다. 빨리 말씀하세요.",1,수사기관 사칭형,augmented_llm
aug_수사기관 사칭형_0071,"여보세요. 서울중앙지방검찰청입니다. 저는 금융범죄수사부 소속 김도현 검사입니다. 지금 통화 가능하십니까? 이 통화는 녹취됩니다. 잠깐만요, 지금 말씀드릴 내용은 본인 명의가 범죄에 연루된 긴급 사안이라서 바로 확인하셔야 합니다. 혹시 농협 계좌나 하나은행 계좌를 본인께서 사용하고 계십니까? 네? 예, 농협 하나 있어요. 하나은행은 없고요. 알겠습니다. 그런데 저희가 오늘 대포통장 일당을 검거하는 과정에서 본인 명의로 개설된 농협 계좌가 불법 자금 세탁에 사용된 정황이 확인됐습니다. 본인 의사와 관계없이 명의도용이 된 것으로 보이는데, 현재 이 계좌는 압수 및 동결 절차가 진행될 예정입니다. 무슨 말씀이세요? 제가요? 네, 지금 상황이 가볍지 않습니다. 계좌가 범죄에 이용된 상태라서, 자칫하면 본인도 공범으로 오해받을 수 있습니다. 특히 지금부터는 제삼자와 상의하시면 안 됩니다. 가족이든 지인이든 누구와도 말씀하지 마시고, 금융기관에도 임의로 전화하지 마세요. 왜요? 제가 뭐 해야 되는데요? 본인 이름으로 된 계좌가 추가로 더 있는지 확인해야 합니다. 국민은행, 기업은행, 하나은행, 농협 중에 다른 계좌 있으면 바로 말씀하셔야 하고, 타인 명의로 빌려준 적이나 인증번호 전달한 적도 다 확인해야 합니다. 아니 그런 적은 없는데요. 좋습니다. 그러면 본인 보호를 위해 임시로 계좌 점검을 하겠습니다. 지금 사용 중인 계좌번호 끝 네 자리만 말씀해 주시고, 인터넷 뱅킹이 되시면 바로 접속해서 잔액 확인 후 안내드리는 절차를 따라주셔야 합니다. 계좌에 남아 있는 금액은 안전 계좌로 이체해 두셔야 압수 피해를 막을 수 있습니다. 안전 계좌요? 네, 이체가 늦어지면 검찰 쪽에서 동결 명령이 내려가고, 계좌 전체가 묶일 수 있습니다. 그러면 급여도 못 받습니다. 지금 바로 확인하셔야 합니다. 잠깐만요. 제가 지금 회사에 연락해도 되나요? 안 됩니다. 지금은 절대 다른 사람에게 알리시면 안 됩니다. 본인 정보가 새는 순간 추가 피해가 생깁니다. 제가 안내하는 대로만 하세요. 서둘러 주십시오.",1,수사기관 사칭형,augmented_llm
aug_수사기관 사칭형_0072,"여보세요. 여기 금융감독원 조사팀입니다. 담당 수사관 박세준입니다. 지금 본인 명의로 된 계좌가 범죄 자금 통로로 확인돼서 연락드렸습니다. 혹시 국민은행이나 기업은행 사용하십니까? 네, 국민은행 쓰는데요. 본인 계좌가 아니라도 명의도용이 가능해서 확인하는 겁니다. 저희가 오늘 검거한 사건에서 본인 주민등록번호로 개설된 대포통장이 발견됐고, 그 계좌로 불법 도박 자금이 수천만 원 이동한 사실이 나왔습니다. 그래서 현재 계좌 동결 요청이 들어간 상태입니다. 아니 저는 그런 적 없어요. 네, 저희도 그 부분을 확인 중입니다. 다만 지금은 긴급 단계라서 제삼자에게 절대 말하시면 안 됩니다. 가족, 배우자, 직장 동료 누구에게도 알리지 마세요. 괜히 퍼지면 본인도 조사를 받게 됩니다. 제가 어떻게 해야 되죠? 우선 본인 명의 계좌가 몇 개인지 다 확인해야 합니다. 국민은행 말고 하나은행, 농협, 기업은행 개설 여부도 전부 말씀하셔야 하고, 최근에 카드나 통장, 보안카드 분실한 적 있는지도 알려주셔야 합니다. 그리고 본인 계좌에 남아 있는 자금은 당장 출금 제한 전에 안전 이관해야 합니다. 안전 이관이요? 네, 지금 계좌에 있는 잔액을 임시 보호계좌로 옮겨야 압수 피해를 막을 수 있습니다. 늦으면 전부 묶입니다. 이건 본인 보호 절차입니다. 제가 지금 문자로 지시사항 보내드릴 테니 확인만 하시고 바로 진행하세요. 그리고 지금 통화 내용은 외부에 절대 발설하시면 안 됩니다. 알겠습니다? 네, 네. 빨리 보내주세요.",1,수사기관 사칭형,augmented_llm
aug_수사기관 사칭형_0073,"여보세요. 경찰청 지능범죄수사대입니다. 저는 최민석 수사관이고요. 지금 본인 명의가 보이스피싱 조직에 도용된 정황이 있어서 급히 연락드렸습니다. 혹시 농협 계좌 가지고 계시죠? 네, 있어요. 그 계좌가 검거 현장에서 발견됐습니다. 서울 쪽에서 검거한 대포통장 묶음 안에 본인 명의 통장이 있었고, 거기서 불법 자금이 입출금된 기록이 확인됐습니다. 현재는 압수 대상이라서 계좌가 곧 동결됩니다. 아니 그게 말이 돼요? 저는 그런 사람 모릅니다. 모르는 게 정상입니다. 그래서 지금 본인이 피해자인지, 연루자인지 구분하는 절차를 진행하는 겁니다. 중요한 건 지금 누군가와 상의하면 안 된다는 점입니다. 특히 가족에게도 말하지 마세요. 보이스피싱 조직이 정보를 들으면 바로 자금을 빼돌립니다. 그럼 제가 어떻게 해야 합니까? 본인 명의 전체 계좌를 다 불러주셔야 합니다. 농협 말고 하나은행이나 기업은행 있으면 바로 말씀하시고, 최근에 새로 만든 계좌도 전부 확인해야 합니다. 그리고 현재 잔액이 있는 계좌는 저희가 안전하게 보관할 수 있게 임시 조치가 필요합니다. 임시 조치요? 네, 잔액을 지정된 보호계좌로 옮겨야 계좌 압수 전에 피해를 막습니다. 이건 시간이 없습니다. 동결이 시작되면 본인 급여, 자동이체, 대출 상환까지 전부 막힙니다. 그러면 연체 기록까지 남을 수 있습니다. 지금 메모 하세요. 계좌번호 끝 네 자리, 비밀번호가 아니라 계좌 식별용 번호만 확인하겠습니다. 그리고 절대 다른 사람한테 말하지 마십시오. 알겠습니까? 네, 알겠습니다.",1,수사기관 사칭형,augmented_llm
aug_수사기관 사칭형_0074,"여보세요. 서울지방검찰청입니다. 형사부 이정훈 검사입니다. 본인 명의가 대포통장 범죄에 사용돼서 긴급 확인 전화 드렸습니다. 본인께서 사용 중인 하나은행 계좌가 있으십니까? 네, 하나은행은 하나 있어요. 좋습니다. 저희가 지금 금융사기 조직을 수사하는 과정에서 본인 명의 하나은행 계좌가 발견됐고, 그 계좌가 대포통장으로 유통된 정황이 확인됐습니다. 이 계좌는 오늘 중으로 압수 및 거래정지 조치가 들어갑니다. 무슨 소리예요? 제가 뭘 잘못했는데요? 아직 본인 과실로 단정한 건 아닙니다. 다만 명의도용 가능성이 높아서 본인 진술이 필요합니다. 지금 가장 중요한 건 비밀 유지입니다. 이 통화는 외부에 새면 안 되고, 제삼자 통화는 금지입니다. 혹시 주변에 알리면 조직이 도주할 수 있습니다. 그럼 제가 지금 뭘 하라는 거죠? 본인 명의로 된 전체 계좌를 확인하시고, 특히 농협, 국민은행, 기업은행도 있는지 보셔야 합니다. 추가 계좌가 있으면 즉시 말씀하십시오. 그리고 계좌에 남아 있는 돈은 지금 이동해야 합니다. 동결되기 전에 임시 보관계좌로 옮겨서 압류 피해를 막아야 합니다. 임시 보관계좌가 어디예요? 제가 안내합니다. 우선 본인 확인부터 해야 하니 계좌번호와 최근 입금 내역을 말씀하세요. 그리고 휴대전화는 지금 다른 전화 받지 마십시오. 가족이든 누구든 전부 차단하셔야 합니다. 본인 안전을 위한 절차입니다. 네, 네. 빨리 말씀드릴게요.",1,수사기관 사칭형,augmented_llm
aug_수사기관 사칭형_0075,"여보세요. 금융감독원 특별조사반입니다. 저는 조사관 오지훈입니다. 지금 본인 명의의 농협 계좌가 범죄에 이용돼서 통지드렸습니다. 본인과 무관하게 대포통장으로 쓰인 정황이 확인됐고, 이미 검찰 쪽으로 사건이 넘어갔습니다. 이대로면 계좌는 곧 동결되고, 상황에 따라 압수 처리까지 갈 수 있습니다. 저는 그런 거 한 적 없는데요. 네, 저희도 피해 가능성을 보고 있습니다. 하지만 본인 신분증과 계좌정보가 외부로 유출된 것으로 보입니다. 지금부터는 다른 사람에게 절대 말하지 마세요. 직장, 가족, 친구 누구에게도요. 혹시라도 입 밖에 나가면 수사에 지장이 생깁니다. 그럼 제가 뭘 해야 하죠? 본인 명의로 된 계좌를 전부 확인해야 합니다. 농협, 하나은행, 국민은행, 기업은행 중 사용 중인 계좌를 말씀하시고, 잔액이 남아 있는 계좌는 즉시 안전 이체 절차를 진행하셔야 합니다. 안전 이체를 안 하면 동결 전에 전부 묶입니다. 특히 급여 통장이 묶이면 생활에 바로 지장이 생깁니다. 지금은 시간 없습니다. 계좌번호 끝 자리 확인하시고, 안내 문자를 받으시면 바로 따라서 진행하십시오. 그리고 이건 비밀 사건이라서 외부 발설 금지입니다. 이해하셨죠? 네, 알겠습니다. 빨리 보내주세요.",1,수사기관 사칭형,augmented_llm
aug_수사기관 사칭형_0076,"여보세요. 서울중앙지방검찰청입니다. 지금 통화 가능하십니까? 저는 형사부 수사관 김도현입니다. 이 통화는 녹취됩니다. 혹시 본인 명의로 개설된 농협 계좌와 국민은행 계좌 관련해서 확인할 사항이 있어서 연락드렸습니다. 네? 제가 왜요? 지금 본인 명의가 범죄에 연루된 정황이 확인됐습니다. 저희가 대포통장 조직을 검거하는 과정에서 선생님 이름으로 된 통장이 압수됐고, 그 안에서 불법 자금이 오간 기록이 나왔습니다. 아니 저는 그런 적 없는데요. 아직 조사 전 단계라 단정하는 게 아니라 사실 확인차 연락드리는 겁니다. 다만 지금 상황이 상당히 긴급합니다. 본인 명의 계좌가 대포통장으로 이용된 정황이 있어서 곧바로 계좌 동결 절차가 들어갈 수 있고, 경우에 따라 압수수색 협조 대상이 될 수 있습니다. 제가 처음 듣는 얘기인데요. 제가 모르는 사이에 누가 제 이름을 썼다는 건가요? 네, 명의도용 가능성이 큽니다. 그런데 이 사건은 비밀 유지가 중요합니다. 가족이나 지인에게 말씀하시면 수사에 지장이 생기고, 도망이나 증거인멸 우려로 판단될 수 있습니다. 그러니까 지금은 다른 분과 통화하지 마시고 저랑만 말씀하셔야 됩니다. 네? 아니 그럼 어떻게 하라는 거예요? 지금 즉시 본인 명의로 된 계좌 현황부터 확인해야 합니다. 농협, 국민은행 외에 하나은행이나 기업은행 계좌도 있으십니까? 제가 기억나는 건 농협 하나뿐인데요. 없습니다. 알겠습니다. 그러면 발견된 계좌는 우선 지급정지와 동결 조치가 진행될 수 있고, 본인이 피해자면 해명 절차를 거쳐야 합니다. 근데 제가 왜 피의자가 되는 건가요? 지금 단계에서는 피해자와 공범 가능성을 같이 보는 상황입니다. 제가 사건번호 불러드릴 테니 메모하십시오. 서울중앙지방검찰청 사건번호 2024-3187번입니다. 그리고 지금은 타인에게 절대 연락하지 마시고, 본인 계좌 정보와 최근 입출금 내역을 바로 확인해 두십시오. 임의로 이체하거나 현금 인출하시면 추적이 더 복잡해집니다. 그러면 제가 뭘 해야 하죠? 곧 담당 검사 연결해드리겠습니다. 잠시만 기다리십시오.",1,수사기관 사칭형,augmented_llm
aug_수사기관 사칭형_0077,"여보세요. 금융감독원 특별조사팀입니다. 저는 조사관 박지윤입니다. 지금 본인 명의로 된 하나은행 계좌가 불법 도박 자금 세탁에 사용된 사실이 확인돼서 연락드렸습니다. 뭐라고요? 하나은행이요? 네. 검거된 대포통장 조직에서 선생님 이름과 주민정보가 함께 발견됐습니다. 현재 계좌는 이미 동결 대상이고, 추가로 농협 계좌까지 조사 중입니다. 아니 저는 그런 계좌를 남한테 준 적이 없는데요. 그럼 명의도용 피해일 가능성이 있으니 지금부터는 저희 안내에만 따라주셔야 합니다. 우선 이 건은 외부에 말하시면 안 됩니다. 지금 가족이나 직장에 알리시면 조사망이 넓어지고, 선생님 쪽으로 체포 협조 요청이 들어갈 수도 있습니다. 아니 체포요? 아직은 협조 조사 단계지만, 연락 끊기거나 제3자 개입되면 바로 강제조치로 바뀝니다. 제가 왜 그렇게까지 해야 하죠? 본인 계좌가 범죄 자금이 드나든 통로로 찍혔기 때문입니다. 지금 확인된 금액만도 상당합니다. 농협, 하나은행, 국민은행 중 최근에 새로 만든 계좌가 있습니까? 없어요. 그런데 하나은행은 예전에 하나 있었던 것 같긴 한데 오래돼서 안 씁니다. 그 계좌도 확인이 필요합니다. 지금 바로 잔액이 남아 있으면 임의 이체하지 마시고 그대로 두십시오. 삭제하거나 해지하시면 증거 훼손으로 오해받습니다. 아니 제가 뭘 할 수 있는데요? 본인 확인을 위해 계좌번호 끝 네 자리만 말씀해 주시면 저희가 전산 대조해보겠습니다. 그리고 오늘 안으로 명의도용 사실확인서 작성이 필요할 수 있습니다. 무조건 저 혼자 보셔야 하고, 주변에 말하지 마세요. 수사 내용 유출되면 더 큰 문제 됩니다. 이건 기록이 남는 민감한 조사입니다. 제가 지금 말씀드리는 건 피해자 보호 절차입니다. 제 말대로만 하시면 됩니다.",1,수사기관 사칭형,augmented_llm
aug_수사기관 사칭형_0078,"여보세요. 경찰청 사이버수사대입니다. 저는 수사관 이현우입니다. 지금 본인 명의의 기업은행 통장이 검거된 대포통장 명단에서 발견됐습니다. 네? 제가 기업은행은 안 쓰는데요. 그래서 연락드린 겁니다. 저희가 최근 검거한 사기 조직이 명의도용으로 여러 계좌를 돌려 쓰고 있었고, 그중 하나가 선생님 이름이었습니다. 현재 계좌는 불법자금 입금 이력이 확인돼 압수 보존 중입니다. 아니 저는 아무것도 모릅니다. 네, 일단 모르는 상태로 보이셔도 됩니다. 다만 지금부터는 누구에게도 말씀하시면 안 됩니다. 특히 가족, 동료, 금융기관 직원에게도 사건 내용을 언급하지 마세요. 왜요? 외부로 퍼지면 상대 조직이 자금을 빼돌리거나 휴대전화 번호를 바꿔 추적을 피할 수 있습니다. 그리고 선생님도 공범으로 오해받을 수 있습니다. 그런 식으로 협박하시는 거예요? 협박이 아니라 절차 안내입니다. 현재 본인 계좌는 동결 예정이고, 추가 계좌가 있으면 같이 묶입니다. 농협이나 국민은행 쪽도 사용하십니까? 국민은행은 월급 통장 하나 있습니다. 그 계좌번호를 말해보세요. 아니 그건 왜요? 본인 명의 전체를 대조해야 합니다. 지금 상황은 매우 급합니다. 오늘 안으로 미확인 계좌가 더 나오면 압수 절차가 진행될 수 있습니다. 그리고 통화 중엔 절대 다른 전화 받지 마십시오. 수사 방해로 보일 수 있습니다. 제가 사건번호를 불러드리겠습니다. 경찰청 사건번호 8142번입니다. 이 번호만 적어두시고, 제가 연결해드리는 담당 검사에게 바로 받으시면 됩니다. 지금은 혼자 계셔야 합니다.",1,수사기관 사칭형,augmented_llm
aug_수사기관 사칭형_0079,"여보세요. 지방검찰청 형사1부입니다. 저는 검사 직속 수사관 최민석입니다. 본인 명의 농협 계좌가 보이스피싱 범죄수익 입금 통로로 확인돼서 연락드렸습니다. 아니 저는 전화 잘못 거신 줄 알았는데요. 아닙니다. 이미 계좌 추적 결과가 나왔습니다. 선생님 이름으로 개설된 통장이 범죄 조직에 넘어가 있었고, 현재 동결 직전입니다. 이 계좌는 압수 대상이 될 수 있고, 경우에 따라 선생님이 직접 조사받으셔야 합니다. 저는 그런 적이 없어요. 네, 그래서 명의도용인지 확인하는 겁니다. 그런데 지금 이건 절대 외부에 말하면 안 됩니다. 주변 사람에게 알리면 상대가 도주할 수 있고, 선생님 쪽도 공범처럼 묶일 수 있습니다. 아 그럼 제가 뭘 해야 해요? 우선 본인 명의로 된 농협, 국민은행, 기업은행 계좌를 전부 확인하십시오. 새로 개설한 계좌가 있으면 즉시 중단하셔야 합니다. 그리고 지금 현금 인출이나 이체는 절대 하지 마십시오. 왜요? 자금 세탁 의심이 더해집니다. 제가 피해자인데 왜 제가 의심을 받아요? 아직 피해자 확정이 아닙니다. 그래서 수사 협조가 필요한 겁니다. 사건번호 메모하세요. 2025-0911입니다. 이 번호로 담당 검사에게 연결될 겁니다. 그 전에 본인 신분증과 계좌 내역 준비해 두세요. 타인과 상의하지 마시고, 혼자서만 처리하셔야 합니다. 알겠습니까? 아니 지금 너무 급하게 말씀하시는데요. 네, 급한 사건입니다. 지금 계좌가 묶이면 본인도 당장 금융거래가 막힐 수 있습니다.",1,수사기관 사칭형,augmented_llm
aug_수사기관 사칭형_0080,"여보세요. 검찰청 사건조회팀입니다. 저는 담당 수사관 한지훈입니다. 지금 본인 명의의 국민은행 계좌가 보이스피싱 조직의 대포통장으로 확인됐습니다. 네? 저는 국민은행밖에 없는데요. 네, 그 계좌가 문제입니다. 검거된 조직에서 선생님 이름이 적힌 통장과 카드가 같이 나왔습니다. 현재 불법자금이 오간 정황이 있어서 곧 계좌 동결 조치가 들어갑니다. 아니 저는 몰랐습니다. 그럼 명의도용 피해 신고를 바로 진행해야 합니다. 그런데 중요한 건 지금 누구에게도 말하지 마시라는 겁니다. 가족한테도요? 네. 가족, 지인, 은행 상담원에게도 사건 내용을 말하지 마십시오. 섣불리 연락하면 증거가 새고, 계좌가 더 묶일 수 있습니다. 그럼 은행에는 어떻게 해요? 은행에는 저희가 공문으로 처리합니다. 선생님은 지금 계좌번호 끝 자리만 확인해서 제게 말해주시면 됩니다. 그리고 최근에 농협이나 하나은행 계좌 새로 만든 적 있습니까? 없어요. 알겠습니다. 본인 쪽은 피해자 가능성이 높지만, 기록상 공범 의심도 같이 받는 상황입니다. 그래서 협조가 중요합니다. 오늘 안에 휴대전화 꺼두지 마시고, 다른 전화가 오더라도 받지 마십시오. 지금은 검찰청 내부 절차로만 움직입니다. 제가 연결해드릴 담당 검사 앞에서 사실대로만 말씀하시면 됩니다. 지금부터는 마음대로 움직이지 마시고, 제 안내만 따르십시오.",1,수사기관 사칭형,augmented_llm
aug_수사기관 사칭형_0081,"여보세요. 서울중앙지방검찰청입니다. 금융범죄수사부 김도현 검사입니다. 지금 통화 가능하십니까? 네? 아니 갑자기 뭐라고요? 선생님 명의로 대포통장이 발견돼서 바로 연락드린 겁니다. 지금 검거된 사건 현장에서 선생님 이름으로 된 농협 계좌와 국민은행 계좌가 나왔고, 그 계좌들에 불법 자금이 입금된 정황이 확인됐습니다. 저는 검찰청 수사관이 아니라 담당 검사이고요. 이건 단순 확인이 아니라 명의도용 및 범죄 연루 여부를 가리는 중요한 절차입니다. 아 저는 그런 계좌 만든 적 없는데요. 없으시다고요? 그럼 더 빨리 확인하셔야 됩니다. 지금 이 상태로 가면 계좌는 즉시 동결되고 압수 절차까지 진행될 수 있습니다. 그리고 선생님도 공범 의심으로 소환 대상이 될 수 있어요. 아니 제가 뭘 했다고요? 선생님 정보가 이미 범죄조직에 넘어간 상태입니다. 현재 불법 도박 자금이 농협과 국민은행 계좌를 거쳐 이동한 내역이 잡혔고, 금융감독원에서도 전달받은 내용입니다. 중요한 건 지금부터입니다. 이 통화 내용은 녹취됩니다. 다른 가족이나 지인에게는 절대 말씀하지 마시고요. 지금 바로 선생님 명의로 된 다른 은행 계좌가 있는지 확인해야 합니다. 하나은행, 기업은행, 농협, 국민은행 중에 본인 명의로 사용 중인 계좌 전부 말씀해 주셔야 해요. 왜요? 지금 말씀을 안 하시면 추가 계좌까지 전부 동결됩니다. 그리고 경찰청에도 사건 이첩이 돼서 체포영장 검토까지 갈 수 있습니다. 저는 선생님을 도와드리려고 하는 겁니다. 지금 제일 중요한 건 외부 연락 차단입니다. 누구한테도 전화하지 마시고, 본인 휴대전화도 잠시 다른 데 두세요. 아, 네. 알겠습니다. 그러면 제가 안내하는 대로만 하시면 됩니다. 선생님 본인 계좌번호 앞자리와 마지막 네 자리만 확인해서 불러주시겠습니까? 아니 지금 그걸 왜 불러요? 본인 명의 확인과 동결 회피를 위해서입니다. 빨리 말씀하세요. 시간이 없습니다.",1,수사기관 사칭형,augmented_llm
aug_수사기관 사칭형_0082,"네, 경찰청 지능범죄수사팀입니다. 담당 수사관 박성민입니다. 선생님, 지금 긴급 확인 사항이 있어서 바로 연락드렸습니다. 혹시 본인 명의로 된 하나은행 계좌나 기업은행 계좌 개설하신 적 있으십니까? 없는데요? 그럼 잘 들으셔야 합니다. 저희가 최근 서울 시내에서 대포통장 일당을 검거했는데, 압수된 자료에서 선생님 주민등록번호로 개설된 계좌가 확인됐습니다. 그 계좌가 하나은행하고 기업은행 계좌로 되어 있고, 불법 자금이 들어간 상태입니다. 아니 저는 모르는 일인데요. 모르는 일이어도 이미 본인 명의로 잡혔으면 절차가 시작됩니다. 지금 이거 방치하시면 금융사기 공범으로 넘어갈 수 있고, 계좌는 바로 지급정지와 동결 조치가 들어갑니다. 지금부터는 비밀 유지가 필요합니다. 가족, 친구, 직장 동료 누구와도 통화하시면 안 됩니다. 제삼자에게 알리면 증거 인멸로 판단될 수 있습니다. 아니 그렇게 심각한 건가요? 심각합니다. 검찰청까지 같이 연계된 사건이고, 서울중앙지방검찰청에서 내려온 공문도 있습니다. 선생님 명의로 된 통장이 범죄에 사용된 사실이 맞는지, 그리고 선생님 본인이 직접 개설했는지만 확인하면 됩니다. 그런데 왜 제 계좌를 묻는 거죠? 지금은 피해자와 가담자를 구분해야 해서 그렇습니다. 본인 명의의 다른 계좌가 있으면 바로 말씀해 주셔야 하고, 특히 농협이나 국민은행 쪽은 추가 압수 대상이 될 수 있습니다. 아, 네. 농협은 하나 있는데요. 그럼 그 계좌번호 마지막 네 자리 불러주시겠습니까? 아니 왜요? 동결 전 확인 절차입니다. 지금 협조 안 하시면 선생님 계좌 전체가 묶일 수 있어요. 빨리요.",1,수사기관 사칭형,augmented_llm
aug_수사기관 사칭형_0083,"여보세요. 금융감독원 조사과입니다. 선생님 명의도용 피해 접수로 연락드렸습니다. 저는 조사 담당 이수진입니다. 지금 선생님 이름으로 대포통장이 돌아다니는 정황이 잡혔고, 해당 계좌에서 범죄자금이 오간 기록이 있습니다. 혹시 국민은행이나 하나은행 계좌를 본인이 직접 쓰고 계십니까? 네? 저는 그런 계좌 없는데요. 없으시다면 더 큰 문제는 개인정보 유출일 수 있습니다. 지금 본인 정보가 넘어가서 타인이 선생님 명의로 농협 계좌까지 만들어 사용한 걸로 보여요. 이건 피해자 입증을 빨리 하셔야만 계좌 압수와 출금 정지를 막을 수 있습니다. 아니 그럼 어떻게 해야 되는데요? 우선 제삼자와의 통화는 끊으셔야 합니다. 주변에 누구 계시죠? 아니 가족이 옆에 있는데요. 지금 바로 통화 끊고 혼자만 계세요. 지금부터는 비밀로 진행해야 합니다. 외부에 알려지면 선생님도 함께 공범으로 오해받습니다. 그리고 이 사건은 검찰청과 경찰청이 합동으로 보는 사건이라서, 선생님 진술이 바로 기록됩니다. 제가 지금 확인하는 건 본인 명의 계좌가 어디까지 있는지입니다. 농협, 하나은행, 국민은행, 기업은행 중에 하나라도 본인 사용 계좌가 있으면 말씀해 주세요. 없는데요. 그러면 최근에 통장이나 카드 재발급 받은 적은요? 없어요. 그럼 계좌가 개설된 지점과 사용 내역을 대조해야 합니다. 선생님 명의로 잡힌 계좌가 있으면 바로 동결됩니다. 지금 안 받으시면 다음 단계는 압수수색 통보입니다. 아 그럼 제가 뭘 해야 하는 거죠? 본인 확인용으로 계좌번호 앞두 자리와 뒤 네 자리만 말씀해 주시면 됩니다. 아니 그건 좀. 아니면 본인 명의 전체 계좌가 바로 동결될 수 있습니다. 서둘러 주세요.",1,수사기관 사칭형,augmented_llm
aug_수사기관 사칭형_0084,"네, 서울지방검찰청입니다. 첨단범죄수사부 최재훈 검사입니다. 선생님, 지금 명의도용 사건으로 연락드렸습니다. 저희가 오늘 오전에 대포통장 일당을 검거하는 과정에서 선생님 이름으로 된 기업은행 계좌가 발견됐고, 그 안에 불법 자금이 입금된 사실이 확인됐습니다. 이 계좌는 본인 거 맞습니까? 아니요, 처음 듣는데요. 처음 들으셔도 이미 사건에 연루된 걸로 보여서 설명드리는 겁니다. 지금 단계에서 중요한 건 계좌 동결과 압수 여부입니다. 협조 안 하시면 해당 계좌뿐 아니라 연관 계좌까지 전부 지급정지될 수 있습니다. 저는 검사 신분으로 말씀드리는 거고, 이건 장난이 아닙니다. 아 네. 선생님께서 다른 사람에게 연락하시면 안 됩니다. 가족이든 친구든 지인이든 누구한테도 말하지 마세요. 특히 계좌 확인을 위해 은행에 먼저 연락하시면 안 됩니다. 그럼 어떻게 하죠? 지금은 선생님 명의로 등록된 계좌 정보만 확인하면 됩니다. 농협, 하나은행, 국민은행, 기업은행 중 사용 중인 계좌를 전부 말씀하시고요. 예금, 적금, 입출금 계좌까지 전부 포함입니다. 아니 갑자기 그렇게 다요? 네. 본인 계좌가 범죄자들 손에 들어간 상태라면 추가 피해를 막기 위해 즉시 조치해야 합니다. 그리고 지금부터는 비밀 유지가 원칙입니다. 외부로 새면 증거가 훼손됩니다. 아, 네. 그러면 계좌번호 말씀드릴게요. 잠깐만요. 먼저 본인 확인이 필요하니까 생년월일 말씀하시고, 그다음 하나은행 계좌 마지막 네 자리부터 불러주세요. 빨리요.",1,수사기관 사칭형,augmented_llm
aug_수사기관 사칭형_0085,"여보세요. 검찰청 수사관입니다. 서울중앙지방검찰청 금융범죄수사팀 오현우 수사관입니다. 지금 선생님 명의로 된 대포통장 관련해서 긴급 연락드렸습니다. 저희가 수사 중인 사건에서 선생님 주민등록번호로 개설된 농협 계좌와 하나은행 계좌가 확인됐고, 그 계좌들이 범죄 조직에 넘어가 불법 자금 세탁에 사용된 것으로 나왔습니다. 저는 분명히 말씀드리는데, 지금 이건 계좌 동결 전 단계입니다. 빠르게 대응 안 하시면 선생님 명의 전체 금융거래가 막힐 수 있습니다. 저는 그런 적이 없는데요. 그렇다고 안심하시면 안 됩니다. 명의도용일 가능성이 큽니다. 그런데 선생님이 외부에 알리면 안 됩니다. 지금 누구랑 같이 계십니까? 혼자예요. 좋습니다. 절대 다른 사람한테 말하지 마세요. 제삼자 연락이 들어가면 수사에 지장이 생깁니다. 그리고 지금부터는 녹취로 남습니다. 이 통화는 기록됩니다. 이해하셨습니까? 네. 우선 본인 명의로 쓰는 계좌가 농협 말고 또 있는지 확인해야 합니다. 국민은행, 기업은행, 하나은행 중 있으면 전부 말씀해 주세요. 아니 왜 자꾸 계좌를 묻는 거죠? 선생님 피해 여부 확인과 동결 회피를 위해서입니다. 지금 협조하시면 계좌 정지 전에 조치가 가능합니다. 협조 안 하시면 압수 절차가 바로 진행됩니다. 아 그럼 제가 뭐부터 해야 하죠? 지금 바로 계좌번호 일부를 말씀해 주세요. 농협 계좌 마지막 네 자리, 그리고 하나은행 계좌 마지막 네 자리요. 서둘러 주십시오. 시간이 없습니다.",1,수사기관 사칭형,augmented_llm
aug_수사기관 사칭형_0086,"여보세요? 네, 서울중앙지방검찰청입니다. 저는 형사부 김도윤 검사입니다. 지금 본인 명의로 개설된 농협 통장과 국민은행 통장이 불법 자금 세탁에 사용된 정황이 확인돼서 바로 연락드렸습니다. 무슨 말씀이세요? 저 농협만 쓰고 국민은행은 잘 모르는데요. 일단 말씀드리면 본인 명의가 도용됐거나, 아니면 제삼자에게 통장을 넘긴 혐의로 같이 연루된 상태입니다. 지금 이 사건은 대포통장 사건으로 접수됐고, 이미 계좌 동결 절차가 들어간 상태예요. 동결이요? 네, 압수까지 이어질 수 있습니다. 그리고 이 통화는 녹취됩니다. 지금부터는 가족이나 지인에게 절대 말씀하시면 안 됩니다. 누구랑 상의하시면 증거 인멸로 보일 수 있어서요. 아니, 제가 뭘 했다는 거예요? 본인 명의로 된 계좌에서 수천만 원대 자금이 오간 기록이 나왔습니다. 특히 농협 계좌는 보안카드 정보까지 일부 일치하고요. 지금 확인 안 하시면 체포영장 검토까지 갈 수 있어요. 잠깐만요, 저는 진짜 몰라요. 몰라도 절차는 진행됩니다. 지금 가장 중요한 건 본인 명의 계좌가 추가로 더 있는지 확인하는 겁니다. 하나은행, 기업은행, 국민은행, 농협 중에 최근에 사용한 계좌 전부 말씀하십시오. 아니, 왜 지금 다 말해야 돼요? 범죄 연루 여부를 가리려면 본인 확인이 필요합니다. 그리고 제삼자 연락은 절대 금지입니다. 배우자나 가족에게도 말하지 마세요. 지금 통화 끊으시면 바로 압수수색 협조 불응으로 간주될 수 있습니다. 제가 뭐 어떻게 해야 되는데요? 본인 계좌번호 끝자리와 비밀번호 변경 여부를 확인해야 합니다. 그리고 오늘 안에 금융감독원과 연계된 피해자 확인 절차를 받아야 하니, 제가 안내하는 대로 그대로 따라오세요.",1,수사기관 사칭형,augmented_llm
aug_수사기관 사칭형_0087,"네, 경찰청 지능범죄수사팀입니다. 저는 박준혁 수사관이고요. 지금 본인 명의로 된 하나은행 계좌가 대포통장으로 발견돼서 연락드렸습니다. 하나은행이요? 저 그 계좌는 거의 안 쓰는데요. 안 쓰셨다고 해도 명의가 본인으로 되어 있으면 책임에서 바로 벗어나는 건 아닙니다. 지금 검거된 사기단 현장에서 본인 주민등록번호가 적힌 통장 내역이 확인됐고, 불법 도박 자금이 입금된 기록까지 나왔어요. 아니 저는 진짜 몰랐어요. 그럼 더 빨리 협조하셔야죠. 현재 계좌는 이미 지급정지 및 동결 조치가 들어갈 수 있고, 본인 명의로 추가 계좌가 나오면 압수 대상이 됩니다. 잠깐만요, 가족한테 물어봐야 되는데요? 안 됩니다. 지금부터는 외부와 연락하시면 안 됩니다. 가족, 친구, 직장 동료 누구든지요. 수사 보안상 비밀 유지가 필수입니다. 제가 지금 확인해야 될 게 뭐죠? 본인 명의로 개설된 계좌 전체 목록입니다. 국민은행, 기업은행, 농협, 하나은행 중 현재 사용 중인 것만 말하세요. 그리고 최근에 신분증을 맡긴 적 있거나, 통장 사본을 사진으로 보낸 적 있으면 바로 말씀해야 합니다. 그런 적은 없어요. 그럼 명의도용 가능성이 높습니다. 다만 본인도 모르게 연루된 경우라도 소환조사 대상이 될 수 있어요. 그래서 지금 바로 계좌 사용 내역 확인이 필요합니다. 통장 비밀번호 변경하지 마시고, 앱 로그인도 잠시 멈추세요. 다른 데로 이동하지 마시고 제가 추가 안내 드릴 때까지 대기하십시오.",1,수사기관 사칭형,augmented_llm
aug_수사기관 사칭형_0088,"여보세요? 금융감독원 조사과입니다. 저는 최민석 조사관입니다. 본인 명의의 국민은행 통장이 보이스피싱 자금 이동에 이용된 사실이 확인됐습니다. 국민은행이요? 그런 통장 없는데요. 현재 확인된 자료로는 본인 명의로 개설된 계좌가 맞고, 대포통장으로 거래된 정황이 나왔습니다. 지금 이 상태면 계좌 압수와 동결이 동시에 진행될 수 있습니다. 아니 제가 뭘 했다고요? 본인께서 직접 한 게 아니어도 명의도용 피해인지, 공범인지부터 구분해야 합니다. 지금은 시간이 없습니다. 검찰청으로 사건 이첩 직전이라 즉시 확인이 필요해요. 가족에게 말씀하시면 절차가 지연되고, 자칫 증거 인멸로 오해받을 수 있습니다. 절대 다른 사람에게 전화하지 마십시오. 아니, 너무 갑작스러운데요. 저희도 급하게 연락드리는 겁니다. 검거된 사기 조직에서 본인 개인정보가 확인됐고, 본인 명의로 된 계좌에 불법 송금이 여러 건 찍혔습니다. 지금 확인할 건 두 가지입니다. 최근 사용한 은행이 농협인지, 하나은행인지, 기업은행인지, 그리고 현금이체 내역이 있었는지입니다. 그런 적은 없는 것 같은데요. 없으면 명의도용 피해자로 정리될 가능성이 있습니다. 하지만 답변이 늦어지면 본인도 연루자로 보고 조치가 들어갈 수 있어요. 지금 바로 통장 뒷면, 카드 번호 끝자리, 최근 입금자 이름을 말씀하십시오. 그리고 통화 중에는 절대 끊지 마세요.",1,수사기관 사칭형,augmented_llm
aug_수사기관 사칭형_0089,"네, 서울중앙지방검찰청입니다. 형사3부 이서현 검사입니다. 본인 명의의 기업은행 계좌가 불법 자금 세탁에 사용돼서 연락드렸습니다. 기업은행이요? 저는 그 계좌 안 써요. 안 쓰셨더라도 명의가 본인 앞으로 개설되어 있으면 조사가 필요합니다. 현재 검거된 범죄단에서 대량의 대포통장과 체크카드가 압수됐고, 그 안에서 본인 정보가 나온 겁니다. 지금 본인 계좌는 동결 예정이고, 추가로 확인되면 압수 조치까지 들어갑니다. 아니 왜 저한테 이런 일이 생기죠? 본인 개인정보가 유출됐을 가능성이 큽니다. 그런데 지금 중요한 건, 이 사실을 주변에 절대 알리지 않는 겁니다. 누구한테도 말하지 마세요. 은행에도 먼저 전화하지 마십시오. 왜요? 지금 민원이나 문의를 넣으면 수사 진행이 꼬입니다. 대신 저희가 확인해야 할 것은 본인 명의로 된 다른 계좌입니다. 농협, 하나은행, 국민은행 중 최근 사용한 계좌가 있습니까? 저 국민은행 조금 써요. 그럼 국민은행 계좌번호 끝자리 확인해 주세요. 그리고 최근 현금 이체한 적 있는지도 말씀하십시오. 이 내용은 전부 녹취되고 있습니다. 거짓말하시면 명의도용 피해자 분류가 안 될 수도 있습니다. 지금 즉시 협조하셔야 합니다.",1,수사기관 사칭형,augmented_llm
aug_수사기관 사칭형_0090,"여보세요? 경찰청 사이버범죄수사대입니다. 저는 정우진 수사관입니다. 본인 명의로 개설된 농협 계좌가 대포통장으로 적발됐습니다. 농협 계좌요? 저는 그런 데 돈 넣은 적이 없는데요. 지금 검거된 피의자 진술과 계좌 거래 내역을 보면 본인 신분증 정보로 개설된 게 맞고, 보이스피싱 자금이 흘러들어간 정황도 있습니다. 현재 계좌는 지급정지, 즉 동결 상태로 넘어갈 수 있고, 상황에 따라 압수수색까지 이어집니다. 아니, 제가 범인이란 말이에요? 아직 단정은 안 합니다. 다만 지금은 비밀 유지가 최우선입니다. 가족, 친구, 회사 누구에게도 말하지 마십시오. 제삼자에게 알리면 본인 계좌를 살릴 기회를 놓칠 수 있습니다. 그럼 제가 뭐부터 해야 되는데요? 먼저 최근 사용한 은행을 전부 말씀하세요. 농협 외에 국민은행, 하나은행, 기업은행 계좌가 있으면 같이 확인해야 합니다. 그리고 본인 명의로 타인이 대신 개설한 적 있는지, 신분증을 맡긴 적 있는지도 확인해야 합니다. 그런 적은 없는 것 같은데요. 없더라도 절차상 확인은 해야 합니다. 지금 통화 종료하지 마시고, 제가 안내하는 대로 계좌번호 끝 네 자리와 최근 이체 내역을 불러주세요. 시간이 많지 않습니다.",1,수사기관 사칭형,augmented_llm
aug_수사기관 사칭형_0091,"여보세요. 서울중앙지방검찰청입니다. 지금 통화 가능하십니까? 저는 형사부 최도윤 검사 보좌관이고요, 선생님 명의로 된 농협 계좌가 대포통장으로 확인돼서 긴급 연락드렸습니다. 네? 저 농협 쓰긴 하는데요. 지금 말씀드리는 건 선생님이 사용하시는 정상 계좌가 아니라, 선생님 주민등록번호로 개설된 계좌가 범죄조직에 넘어가서 보이스피싱 자금 입금 창구로 쓰였다는 겁니다. 방금 검거한 사건 현장에서 대량의 통장, 카드, 신분증이 압수됐고 그중에 선생님 명의의 농협과 국민은행 계좌가 발견됐습니다. 선생님께서 직접 개설하신 게 맞습니까? 아니요, 그런 적 없어요. 그럼 명의도용 가능성이 높습니다. 그런데 이 상태로 그냥 두시면 계좌 동결이 아니라 압수 절차까지 이어질 수 있고, 혐의가 남으면 출석요구 없이 체포영장까지 검토됩니다. 네? 아니 제가 왜요? 선생님이 가해자라는 뜻이 아니라, 현재는 연루 여부가 불명확해서 확인 절차가 필요한 겁니다. 지금부터는 제3자랑 절대 통화하시면 안 됩니다. 가족, 지인, 은행 직원에게도 말하지 마십시오. 사건이 새어나가면 공범이 도주할 수 있어요. 이 통화는 녹취됩니다. 선생님 계좌가 범죄 자금으로 들어갔는지 확인해야 하니까, 지금 사용 중인 계좌번호 앞뒤를 말씀해 주시고 마지막으로 농협 말고 하나은행이나 기업은행 계좌도 있으시면 전부 말씀하셔야 합니다. 아니 그건 왜요? 전부 확인해야 동결 대상인지 바로 제외할 수 있습니다. 지금 시간을 끌면 검찰에서 직접 압수 집행 들어갑니다. 빨리 말씀하세요.",1,수사기관 사칭형,augmented_llm
aug_수사기관 사칭형_0092,"여보세요. 금융감독원 특수민원조사팀입니다. 저는 박서진 조사관이고요. 선생님 명의가 범죄에 이용된 정황이 확인돼서 바로 연락드렸습니다. 무슨 말씀이세요? 선생님 명의로 개설된 하나은행 계좌가 대포통장으로 유통된 기록이 잡혔습니다. 저희가 서울지방검찰청하고 공조해서 확인한 내용인데, 검거 현장에서 보안카드랑 통장 수십 건을 압수했고 그중에 선생님 계좌가 포함됐어요. 저는 그런 거 한 적 없는데요. 그럼 명의도용 피해자일 가능성이 큽니다. 하지만 여기서 대응을 잘못하시면 피해자에서 공범으로 전환될 수 있습니다. 지금 계좌가 범죄 자금이 들어간 상태로 묶이면 동결 처리되고, 추가 연루가 나오면 압수수색 대상이 됩니다. 그러니까 침착하게 제 지시만 들으셔야 합니다. 네. 그리고 지금부터는 다른 사람한테 말하지 마세요. 은행에도 직접 문의하시면 안 됩니다. 은행이 먼저 알면 거래정지 통보가 나가서 현장 조사가 복잡해져요. 이해되십니까? 네. 우선 본인 확인을 해야 하니까 주민등록상 주소지와 현재 사용 중인 계좌를 말씀해 주십시오. 농협, 하나은행, 국민은행 중에 실사용 계좌가 어떤 건지 확인하겠습니다. 그리고 가족분 전화는 끊어 두세요. 통화가 새면 범인들이 바로 입출금 내역을 지웁니다. 급합니다. 지금 바로 협조 안 하시면 계좌 압수 절차가 진행됩니다.",1,수사기관 사칭형,augmented_llm
aug_수사기관 사칭형_0093,"네, 경찰청입니다. 서울지방경찰청 사이버수사대 강민석 수사관입니다. 선생님 명의의 기업은행 계좌가 불법 도박 자금 세탁에 이용된 걸로 확인돼서 연락드렸습니다. 제가요? 네. 오늘 저희가 조직원 한 명을 검거하면서 대포통장 묶음을 압수했는데, 거기에 선생님 이름이 적힌 기업은행과 국민은행 통장이 들어 있었습니다. 본인이 개설하신 계좌입니까? 아니요, 몰라요. 그러면 명의도용 사건으로 보입니다만, 이미 자금이 오간 상태라서 빨리 조치하지 않으면 선생님 계좌까지 동결되고, 경우에 따라 검찰로 넘겨져 체포영장 검토가 됩니다. 무섭게 들리시겠지만 지금은 정확히 확인해야 합니다. 제3자에게는 절대 말하지 마시고, 은행에도 직접 연락하지 마세요. 지금 움직이면 범죄조직이 추가로 선생님 정보를 빼돌립니다. 알겠습니다. 우선 현재 사용하시는 은행부터 말씀해 주세요. 농협, 하나은행, 국민은행, 기업은행 중에 본인 명의로 남아 있는 계좌가 무엇인지 확인해야 하고, 최근 한 달 내 이체된 금액도 필요합니다. 왜요? 자금 흐름이 선생님 계좌에서 시작됐는지 봐야 해서요. 지금 협조 안 하시면 선생님도 사건 관계인으로 분류됩니다. 빨리 말씀하세요.",1,수사기관 사칭형,augmented_llm
aug_수사기관 사칭형_0094,"여보세요. 검찰청 첨단범죄수사부입니다. 저는 김하늘 검사라고 합니다. 선생님 명의로 된 국민은행 계좌가 대포통장으로 발견돼서 즉시 연락드렸습니다. 네? 저는 그런 적이 없는데요. 현재 서울중앙지방검찰청과 합동 수사 중인데, 검거 현장에서 선생님 주민등록번호로 개설된 계좌와 통장, 카드가 압수됐습니다. 이 계좌가 사기 자금 유통에 쓰인 게 확인되면 선생님 명의는 곧바로 동결되고, 추가 피해가 있으면 압수 절차까지 갑니다. 저희가 중요한 건 선생님이 직접 했는지, 아니면 개인정보가 빠져나가서 당한 피해자인지 그걸 가리는 겁니다. 그러면 어떻게 해야 돼요? 지금부터는 누구한테도 말하지 마시고, 가족이나 직장에도 절대 알리지 마세요. 지금 사건이 밖으로 새면 공범들이 도망갑니다. 이 통화는 녹취되고 있고요, 허위 진술하시면 선생님이 불리해집니다. 우선 최근에 국민은행, 농협, 하나은행, 기업은행 중에 개설한 계좌가 있는지 전부 확인해 주셔야 합니다. 아니 근데 왜 이렇게 급해요? 이미 범죄자들이 선생님 계좌를 통해 돈을 받았고, 시간이 지연되면 선생님도 공범 의심을 받을 수 있어서 그렇습니다. 지금 바로 계좌번호 확인해 주세요.",1,수사기관 사칭형,augmented_llm
aug_수사기관 사칭형_0095,"여보세요. 지방검찰청 수사과입니다. 저는 오세훈 수사관이고요. 선생님 명의로 농협 계좌가 대포통장으로 돌았다는 신고가 들어와서 연락드렸습니다. 저는 그런 적 없어요. 방금 저희가 압수한 자료에 선생님 이름, 주민등록번호, 연락처가 함께 묶여 있었습니다. 명의도용이 의심되는데, 이 상태에서 방치하면 계좌 동결은 물론이고 압수수색 대상이 됩니다. 그리고 연루된 사람들은 출석 안 하면 바로 체포영장 신청합니다. 네? 저 진짜 몰라요. 알겠습니다. 그럼 피해자 입증 절차로 들어가야 합니다. 대신 지금부터 제3자와는 완전히 연락 끊으셔야 합니다. 배우자든 친구든 은행이든 누구한테도 말하지 마세요. 특히 계좌 내역을 옮기거나 조회하면 증거가 훼손됩니다. 지금 제일 중요한 건 선생님 명의로 된 계좌를 하나씩 확인하는 겁니다. 농협 말고 국민은행, 하나은행, 기업은행 계좌도 있으십니까? 네, 국민은행은 있어요. 그럼 바로 마지막 네 자리 말씀해 주세요. 시간이 없습니다. 지금 협조하시면 피해자로 정리될 수 있지만, 미루면 공범 의심으로 넘어갑니다. 빨리 말씀하세요.",1,수사기관 사칭형,augmented_llm
aug_수사기관 사칭형_0096,"여보세요? 저는 서울중앙지방검찰청 형사부 수사관입니다. 지금 통화 가능하십니까? 본인 명의로 대포통장이 발견돼서 바로 연락드렸습니다. 아예 처음 듣는 말씀인데요. 저희가 어제 금융감독원과 공조해서 불법자금 세탁 조직을 검거했는데, 현장에서 농협 계좌와 국민은행 계좌가 본인 주민번호로 개설된 정황이 나왔습니다. 본인 명의로 된 통장이 범죄에 이용됐고, 계좌 압수와 동결 절차가 이미 진행될 수 있는 상황입니다. 잠깐만요. 저는 그런 통장 만든 적이 없어요. 그럼 명의도용 피해자일 가능성이 크십니다. 다만 지금 말씀을 잘못하시면 공범으로도 분류될 수 있어서, 제 말 끊지 마시고 끝까지 들으셔야 합니다. 네. 현재 사건은 급합니다. 검찰 수사기록상 본인 명의로 입출금 계좌가 이용됐고, 불법자금이 들어간 흔적이 확인됐습니다. 이거 제3자한테 절대 말씀하시면 안 됩니다. 가족이든 지인이든 금융기관이든 먼저 연락하시면 안 되고요. 왜요? 지금 외부에 알리면 증거 인멸로 판단돼서 체포영장 신청까지 갈 수 있습니다. 체포요? 네. 그리고 본인 계좌는 추가로 동결될 수 있습니다. 농협이랑 국민은행 말씀드렸죠? 그 계좌번호 뒷자리 확인해야 합니다. 지금 바로 불러주실 수 있습니까? 잠깐만요. 제가 기억을 잘. 생각하실 시간 없습니다. 지금 본인 명의로 범죄 수익이 오간 상태라서, 계좌 확인을 해야 압수 대상에서 제외할 수 있습니다. 메모하실 수 있죠? 저는 서울중앙지방검찰청 최도현 검사실이고, 사건번호는 이천이십사 구사칠오입니다. 다른 사람에게 말하지 말고, 지금 바로 본인 명의로 된 계좌의 은행명과 뒷번호만 말씀하세요.",1,수사기관 사칭형,augmented_llm
aug_수사기관 사칭형_0097,"여보세요. 경찰청 지능수사팀입니다. 통화 녹취됩니다. 지금 본인 신원 확인부터 하겠습니다. 예? 경찰청이요? 네, 본인 명의가 범죄에 연루된 걸 확인했습니다. 최근에 기업은행과 하나은행 쪽으로 대포통장이 발견됐는데, 명의자가 본인으로 되어 있습니다. 저는 그런 은행 통장 없는데요. 없으셔도 상관없습니다. 명의도용이든 내부 거래든 일단 본인 계좌가 불법 조직에 사용됐습니다. 지금 이 상태면 계좌 압류, 입출금 정지, 그리고 필요하면 출국금지까지 검토됩니다. 잠깐만요. 왜 그렇게까지 되는 거예요? 지금 검거된 피의자 진술에 따르면 본인 인적사항이 넘어가서 통장이 개설됐고, 범죄자금이 오간 뒤에 폐기하려던 정황까지 잡혔습니다. 본인이 모른다고 해도 계좌는 이미 범죄 연루 상태입니다. 그러면 어떻게 해야 되는데요? 제일 중요한 건 지금 아무한테도 말씀하지 않는 겁니다. 특히 가족이나 직장에는 절대 말하지 마세요. 주변에 알리면 수사에 혼선이 생깁니다. 그리고 제가 요구하는 확인 절차에만 응하시면 됩니다. 지금 본인 명의로 된 하나은행, 기업은행 중 사용 중인 계좌가 있습니까? 아니요. 없어요. 없습니다? 그럼 본인 명의 추가 계좌가 있는지 바로 확인해야 합니다. 확인 안 되면 저희가 동결 요청 올립니다. 지금 메모하세요. 서울지방검찰청 특수수사계 담당 수사관 김태윤입니다. 본인 사건은 명의도용 금융사기 관련입니다. 다른 데 연락하지 마시고 제 지시만 따르세요.",1,수사기관 사칭형,augmented_llm
aug_수사기관 사칭형_0098,"네, 금융감독원 조사협력팀입니다. 지금 본인 계좌가 범죄에 이용된 정황이 확인돼서 연락드렸습니다. 무슨 계좌요? 농협과 기업은행 계좌입니다. 검거된 대포통장 명의가 본인으로 나왔고, 불법 도박 자금과 보이스피싱 자금이 섞인 정황이 있습니다. 본인이 개설 안 하셨다면 명의도용 피해인데, 지금 바로 대응 안 하시면 계좌가 전면 동결됩니다. 저는 그런 적 없어요. 그럼 피해 사실을 입증하셔야 합니다. 이 통화는 녹취되고 있고, 본인 진술이 매우 중요합니다. 녹취요? 네, 그리고 이 얘기는 절대 밖으로 새면 안 됩니다. 배우자든 친구든 말하지 마세요. 말하는 순간 가해자 측에 정보가 새서 자금 추적이 막힙니다. 지금 본인 명의로 개설된 계좌가 기업은행에 하나, 농협에 하나 확인됐고, 그 계좌로 불법자금이 들어갔다가 빠져나갔습니다. 저는 진짜 몰라요. 모르면 더 빨리 확인하셔야죠. 본인 계좌의 거래 내역을 지금 말로 설명할 수 있습니까? 못 해요. 그러면 통장이나 카드가 다른 데 있으면 바로 전부 회수하셔야 합니다. 그리고 제가 안내하는 대로 계좌번호를 불러주셔야 동결 범위를 줄일 수 있습니다. 지금 본인 사용 계좌 은행명만 말씀하세요. 농협이랑, 음, 국민은행이요? 국민은행 확인되었습니다. 본인 명의가 맞는지 다시 확인해야 하니 뒷자리 네 자리 불러주세요. 지금 협조 안 하시면 압수 수색으로 넘어갑니다.",1,수사기관 사칭형,augmented_llm
aug_수사기관 사칭형_0099,"여보세요? 서울지방검찰청입니다. 본인 명의로 대포통장이 적발됐습니다. 무슨 말씀이세요? 저희가 지방검찰청과 금융감독원 합동으로 조직을 검거했는데, 현장에서 본인 주민번호로 된 하나은행 계좌와 농협 계좌가 나왔습니다. 그 계좌들에 불법자금이 들어간 기록이 있어서, 지금 본인도 조사가 필요합니다. 저는 그런 계좌 없는데요. 없으셔도 명의가 도용됐을 수 있습니다. 다만 지금 가장 중요한 건 외부 접촉 차단입니다. 다른 전화 받지 마시고, 가족에게도 절대 말하지 마세요. 왜요? 지금 알려지면 수사 대상자들이 도망가거나 계좌를 비우게 됩니다. 그러면 본인 계좌는 바로 압수 처리될 수 있고, 본인도 혐의가 커집니다. 저는 피해자인데요. 그렇다면 더더욱 비밀 유지해야 합니다. 지금 본인 계좌를 악용한 사람을 추적 중이라, 계좌 정보가 새면 안 됩니다. 본인 명의로 된 하나은행 계좌가 있었는지, 농협 카드가 있었는지 확인해야 합니다. 없으면 없다고만 답하세요. 없습니다. 그럼 최근에 통장 재발급이나 비밀번호 변경하신 적 있습니까? 없어요. 좋습니다. 본인 명의 계좌가 추가로 확인되면 즉시 동결됩니다. 제가 지금 사건번호 읽어드릴 테니 적으세요. 이천이십사 일삼육오. 담당자는 서울중앙지방검찰청 수사관 오세민입니다. 지금부터 다른 연락 절대 받지 마시고 제 안내만 기다리세요.",1,수사기관 사칭형,augmented_llm
aug_수사기관 사칭형_0100,"네, 경찰청 사이버수사팀입니다. 지금 본인 이름으로 된 계좌가 범죄에 사용된 걸 확인해서 연락드렸습니다. 경찰청이요? 네. 본인 명의로 국민은행과 기업은행 대포통장이 발견됐고, 그 안에 피싱 피해금이 입금된 기록이 있습니다. 저는 그런 거 없는데요. 그럼 명의도용이거나 계좌 탈취입니다. 하지만 현재로서는 본인 계좌가 범죄에 이용된 사실만 확정됐고, 곧바로 계좌 동결 조치가 들어갈 수 있습니다. 잠깐만요. 제가 뭘 해야 하죠? 우선 누구에게도 얘기하지 마세요. 그리고 본인 휴대전화로 은행에 문의하거나 가족에게 확인하면 안 됩니다. 제3자 접촉은 전부 금지입니다. 지금 이 사건은 수사가 진행 중이라 외부에 알리면 안 됩니다. 무서운데요. 당연히 급합니다. 이미 검거된 피의자 진술에서 본인 정보가 나왔고, 계좌 이동 경로도 잡히고 있습니다. 본인 명의 계좌가 맞는지 확인하려면 은행명과 뒷자리 확인이 필요합니다. 국민은행, 기업은행 사용 여부 말씀해 주세요. 국민은행은 쓰는데 기업은행은 모르겠어요. 좋습니다. 국민은행 계좌번호 뒤 네 자리부터 확인하겠습니다. 지금 바로 말씀하시고, 끝나면 제가 동결 해제 가능 여부를 안내하겠습니다. 아니면 압수 절차로 넘어갑니다. 지금 협조하셔야 본인 피해를 줄일 수 있습니다.",1,수사기관 사칭형,augmented_llm
aug_수사기관 사칭형_0101,"여보세요, 서울중앙지방검찰청입니다. 저는 금융범죄수사팀 오지훈 검사입니다. 지금 통화 가능하십니까? 네? 저희가 본인 명의로 개설된 농협 계좌가 대포통장으로 사용된 정황을 확인해서 연락드렸습니다. 농협이요? 저는 농협 안 쓰는데요. 안 쓰시더라도 명의도용이 됐을 수 있습니다. 현재 본인 명의가 범죄 조직에 넘어가서 불법 자금이 오간 계좌로 확인됐고, 이미 계좌 동결 절차가 들어갔습니다. 잠깐만요, 제가요? 네, 검찰청에서 확인한 바로는 본인 신분증 정보로 농협과 국민은행 계좌가 추가로 연결돼 있습니다. 이런 경우는 협조 안 하시면 공범으로 오해받을 수 있고, 출석 요구 없이도 압수수색 영장이 진행될 수 있습니다. 지금은 당황하시면 안 되고 제 말대로 하셔야 합니다. 혹시 지금 가족분이나 지인분과 같이 계십니까? 아니요. 그럼 더 조심하셔야 합니다. 사건은 외부에 말하면 안 됩니다. 수사 중인 내용이 새어나가면 증거 인멸로 판단될 수 있어서 비밀 유지가 필수입니다. 그리고 제삼자에게 연락하시면 안 됩니다. 은행에도 직접 물어보시면 안 되고, 상담원에게도 말하지 마십시오. 지금은 본인 확인만 하겠습니다. 주민등록상 주소지와 계좌 개설 지역이 다르게 확인돼서요. 혹시 본인 명의로 국민은행 입출금 계좌를 새로 만든 적 있습니까? 없는데요. 없으시면 그 계좌 역시 명의도용 가능성이 큽니다. 저희가 지금 검사실에서 바로 계좌 추적을 진행 중이라서, 본인 확인용으로 계좌번호 끝 네 자리만 말씀해 주셔야 합니다. 아니 그걸 왜요? 본인 명의가 맞는지 확인해야 계좌 압류를 막을 수 있습니다. 지금 안 하시면 동결된 계좌가 아예 압수로 전환됩니다. 빨리 말씀하십시오.",1,수사기관 사칭형,augmented_llm
aug_수사기관 사칭형_0102,"여기 금융감독원인데요, 본인 명의로 된 하나은행 계좌가 불법 대출 자금 세탁에 사용된 내역이 잡혔습니다. 저는 조사 담당 이선우입니다. 통화는 녹취됩니다. 네? 지금 왜요? 본인 계좌가 대포통장으로 유통됐습니다. 명의도용 피해인지, 직접 개설 후 양도한 건지 확인해야 합니다. 저 진짜 그런 적 없어요. 그러면 더더욱 빨리 협조하셔야 합니다. 지금 사건은 금융감독원과 지방검찰청이 같이 보고 있고, 계좌는 이미 지급정지 상태입니다. 지급정지가 뭐예요? 출금, 이체, 카드 사용 전부 막히는 겁니다. 본인 명의의 하나은행과 기업은행 계좌가 함께 묶였고, 연결된 휴대전화까지 추적됐습니다. 이건 단순 문의가 아니라 형사 사건입니다. 혹시 오늘 누구한테 이 사실 말하셨습니까? 아니요. 절대 말씀하시면 안 됩니다. 가족에게도 말하지 마시고, 은행 창구에도 혼자 가시면 안 됩니다. 제삼자가 끼면 수사 방해로 오해받습니다. 지금 본인 계좌에 범죄자 돈이 잠깐 머문 흔적이 있어서, 본인이 피해자인지 가해자인지 구분해야 합니다. 계좌번호 확인만 되면 압수 해제 절차를 도와드릴 수 있습니다. 서두르셔야 합니다. 지금 안 맞춰주시면 검찰로 사건 이첩되고 체포 절차까지 갈 수 있습니다.",1,수사기관 사칭형,augmented_llm
aug_수사기관 사칭형_0103,"여보세요, 경찰청 사이버수사대입니다. 저는 김태현 수사관입니다. 본인 명의로 개설된 국민은행 계좌가 보이스피싱 자금 인출책 계좌로 확인돼서 연락드렸습니다. 국민은행이요? 저는 그런 계좌 없는데요. 없다고 해서 끝나는 게 아닙니다. 주민등록번호와 휴대전화 정보가 유출되면 명의도용이 가능합니다. 지금 발견된 계좌는 타인 명의로 위장됐지만 실제로는 본인 명의로 등록돼 있고, 이미 대포통장으로 사용된 흔적이 있습니다. 그럼 제가 범인인가요? 아직 판단 전입니다. 그래서 지금 조용히 확인해야 합니다. 이 통화 끝나기 전까지는 누구에게도 말하지 마십시오. 가족, 배우자, 친구 전부 차단하셔야 합니다. 밖에 나가서 은행에 문의하면 계좌가 바로 압류될 수 있습니다. 그리고 본인 핸드폰으로 다른 번호 연락 오면 받지 마십시오. 수사 협조를 방해하는 외부 연락일 수 있습니다. 혹시 농협이나 기업은행 쪽으로 최근 이체한 적 있습니까? 없어요. 그럼 더 의심됩니다. 범죄 조직이 본인 모르게 계좌를 돌렸을 수 있어요. 본인 확인 절차를 위해 계좌 끝 번호와 최근 입출금 시간만 말씀해 주십시오. 지금 안 하면 압수수색 영장 신청이 바로 들어갑니다. 이 사건은 시간이 없습니다.",1,수사기관 사칭형,augmented_llm
aug_수사기관 사칭형_0104,"서울중앙지방검찰청 형사부입니다. 저는 박민재 검사입니다. 본인 명의로 된 기업은행 계좌가 범죄 수익 은닉에 사용된 것으로 확인됐습니다. 네? 저는 회사원인데요. 회사원이든 아니든 상관없습니다. 현재 본인 계좌가 대포통장으로 거래됐고, 불법 도박 자금이 오간 기록이 있어 계좌 동결 및 압수 절차를 준비 중입니다. 아니 제가 뭘 했다고요? 본인이 직접 안 하셨더라도 명의도용이면 피해자, 직접 양도면 공범입니다. 둘 중 하나로 정리돼야 합니다. 잠깐만요, 제가 지금 누구한테 물어봐야 되죠? 누구한테도 물어보시면 안 됩니다. 절대 비밀입니다. 지금 가족에게 얘기하면 증거 인멸로 오해받습니다. 은행도 마찬가지고요. 저희가 확인한 바로는 기업은행 외에 하나은행 계좌도 함께 연동돼 있습니다. 본인 명의가 맞는지 확인하려면 계좌 개설 당시 전화번호와 최근 이체 내역을 말씀해 주셔야 합니다. 지금 안 주시면 계좌는 바로 정지되고, 출석 요구서가 발송됩니다. 검찰청 사건은 가볍지 않습니다. 시간을 끌수록 불리합니다. 본인 보호를 위해서라도 지금 즉시 협조하셔야 합니다.",1,수사기관 사칭형,augmented_llm
aug_수사기관 사칭형_0105,"금융감독원 특별조사팀입니다. 저는 정유진 조사관이고, 지금 본인 명의 농협 계좌에서 대포통장 거래가 확인됐습니다. 본인 계좌가 범죄에 쓰였고, 이미 계좌 동결 상태입니다. 농협 계좌는 없는데요. 없더라도 명의도용 가능성이 있어서 연락드린 겁니다. 지금 이 사건은 지방검찰청과 경찰청이 동시에 확인하고 있습니다. 혹시 최근 신분증 재발급이나 통신사 변경 하신 적 있습니까? 없어요. 그럼 더 위험합니다. 타인이 본인 정보를 이용했을 가능성이 큽니다. 지금은 절대 제삼자와 상의하지 마십시오. 배우자든 자녀든 모두 끊으셔야 합니다. 전화 내용을 외부에 알리면 수사에 지장이 생기고, 피해 회복이 어려워집니다. 본인 명의로 기업은행과 국민은행 계좌가 같이 묶여 있고, 불법 자금이 입금된 흔적이 나와 있습니다. 이 상태로 방치되면 압수 전환될 수 있습니다. 계좌번호 확인 후 바로 보호 조치를 넣어야 합니다. 본인께서 지금 협조해 주시면 피해자 진술로 정리해 드릴 수 있습니다. 늦으면 체포영장 검토까지 갈 수 있으니 빨리 말씀하십시오.",1,수사기관 사칭형,augmented_llm
aug_수사기관 사칭형_0106,"여보세요. 서울중앙지방검찰청입니다. 지금 통화 가능하십니까? 저는 첨단범죄수사부 김도윤 검사라고 합니다. 본인 명의로 된 계좌가 대포통장 범죄에 연루된 정황이 확인돼서 급히 연락드렸습니다. 혹시 농협이나 국민은행 계좌를 사용하고 계십니까? 네? 왜요? 지금 본인 명의의 농협 계좌가 검거된 사건 현장에서 발견됐습니다. 이 계좌는 보이스피싱 자금 세탁에 사용됐고, 이미 압수 및 동결 절차가 진행 중입니다. 아니 저는 그런 적이 없는데요. 모르는 사이에 명의도용이 됐을 가능성이 큽니다. 지금 중요한 건 본인 계좌가 범죄에 이용됐다는 사실입니다. 계좌가 동결되기 전에 피해자 입증 절차를 거쳐야 하고, 협조하지 않으시면 공범으로 오해받아 체포 절차가 진행될 수 있습니다. 네? 체포요? 네. 그래서 지금부터는 다른 분에게 연락하시면 안 됩니다. 가족분이나 지인에게 말씀하시면 증거 인멸로 판단될 수 있습니다. 통화 내용도 전부 녹취되고 있습니다. 아 네. 지금 본인 명의로 확인된 계좌가 농협 하나 맞습니까? 아, 네. 농협 하나 있는데요. 계좌번호 앞자리는 말하지 마시고 끝 네 자리만 확인해 주십시오. 왜요? 지금 저희가 본인 계좌와 검거된 계좌를 대조해야 합니다. 확인이 안 되면 압수된 범죄수익이 본인 책임으로 넘어갈 수 있습니다. 지금 바로 답하셔야 합니다. 그리고 오늘 안으로 금융감독원으로 연결해서 자금 보호 조치를 해야 하니 절대 전화를 끊지 마십시오. 잠깐만요, 제가 가족한테 물어보고. 안 됩니다. 지금부터는 제3자와 통화하면 안 됩니다. 비밀 유지 위반입니다. 본인 계좌 동결 막으려면 지금 제가 안내하는 대로만 하시면 됩니다. 아셨습니까?",1,수사기관 사칭형,augmented_llm
aug_수사기관 사칭형_0107,"여보세요. 경찰청 지능범죄수사팀입니다. 저는 박성훈 수사관입니다. 지금 본인 명의 기업은행 계좌가 불법 대포통장으로 확인돼 연락드렸습니다. 혹시 김민수라는 이름 들어보신 적 있습니까? 전혀 없는데요. 저희가 서울 지역에서 검거한 사기 조직이 있는데, 그쪽 압수수색 현장에서 본인 신분증 사본과 기업은행 통장이 같이 나왔습니다. 무슨 말씀이세요? 본인 명의 계좌가 범죄 자금 입출금에 사용됐고, 이미 계좌 압수 요청이 들어갔습니다. 계좌가 압수되면 그 안에 있는 자금은 물론이고 앞으로도 모든 거래가 정지됩니다. 저는 그런 계좌를 누가 만든 줄도 모르는데요. 그래서 지금 조사하는 겁니다. 명의도용인지, 아니면 본인이 타인에게 넘긴 건지 확인해야 합니다. 만약 지금 협조 안 하시면 본인도 피의자로 전환될 수 있습니다. 네? 아니 저는 피해자인데요. 그러면 더더욱 제 지시를 따라야 합니다. 지금 본인 휴대전화로 금융감독원 담당자 연결해 드릴 테니 다른 전화는 받지 마시고, 가족이나 직장에도 말하지 마십시오. 이 사건은 외부로 새면 안 됩니다. 왜요? 지금 정보가 퍼지면 도주 공범들이 계좌를 모두 인출해 버립니다. 그러면 본인 책임이 커집니다. 잠깐만요. 아니요, 잠깐도 안 됩니다. 지금 계좌번호 확인해야 합니다. 농협이나 국민은행, 하나은행 중 다른 계좌도 있습니까? 입출금 계좌, 적금, 마이너스 통장 전부 말해 주세요. 제가 확인해서 동결에서 풀 수 있는지 봐드리겠습니다.",1,수사기관 사칭형,augmented_llm
aug_수사기관 사칭형_0108,"여보세요. 금융감독원 검사실입니다. 본인 명의로 개설된 하나은행 계좌가 대포통장 사건에 연루돼서 긴급 연락드렸습니다. 저는 이수진 조사관이고요. 지금 본인 계좌가 불법 자금 통로로 사용된 정황이 명확합니다. 저는 그런 적 없는데요. 네, 그래서 명의도용 가능성까지 같이 보고 있습니다. 하지만 지금 시간 지체되면 본인 계좌는 물론 연결된 국민은행 계좌까지 전부 동결될 수 있습니다. 동결이 되면 어떡하죠? 출금, 이체, 카드 사용 다 막힙니다. 그리고 본인 명의로 추가 계좌가 발견되면 압수수색 절차가 바로 들어갑니다. 아니 왜 제 계좌가 거기서 나와요? 검거된 피의자가 본인 정보를 사용한 흔적이 나왔습니다. 신분증 사진, 계좌 개설 서류, 거래 내역이 확인됐습니다. 지금부터는 비밀 유지가 제일 중요합니다. 가족, 배우자, 친구에게 절대 말하지 마세요. 제삼자에게 알리면 사건이 커지고, 본인도 공범으로 보일 수 있습니다. 무슨 공범이요? 지금 정확히 구분해야 합니다. 피해자인지 연루자인지 판단하려면 계좌 확인이 필요합니다. 끝 네 자리 불러주세요. 아니요. 지금 계좌번호를 말씀하셔야만 보호 조치를 넣을 수 있습니다. 안 그러면 오늘 안에 압수 처리됩니다. 잠깐만요, 잠깐만은 없습니다. 지금 바로 답해 주세요. 농협 계좌도 있습니까? 기업은행도 있습니까? 모두 말해주셔야 합니다.",1,수사기관 사칭형,augmented_llm
aug_수사기관 사칭형_0109,"여보세요. 서울중앙지방검찰청입니다. 사건 담당 검사입니다. 통화 가능하십니까? 본인 명의의 국민은행 계좌가 보이스피싱 조직의 대포통장으로 확인됐습니다. 지금 매우 급한 상황입니다. 네? 저 국민은행 쓰긴 하는데요. 그 계좌가 맞는지 확인해야 합니다. 저희가 검거한 조직에서 나온 통장에 본인 이름과 주민번호가 적혀 있었고, 이미 범죄수익이 오간 기록이 있습니다. 그럼 저는 어떻게 되는 거죠? 일단 본인이 직접 넘긴 것이 아니라면 명의도용 피해자로 분류할 수 있습니다. 하지만 확인 전까지는 계좌 동결과 압수 절차가 잠정 유지됩니다. 아, 동결이요? 네. 그리고 지금 이 사건은 외부에 알리면 안 됩니다. 부모님, 형제, 회사에는 절대 말하지 마십시오. 다른 사람이 개입되면 진술이 흔들려서 수사가 지연됩니다. 지금 제가 혼자 알아서 해요? 네, 혼자만 아셔야 합니다. 그리고 통화는 계속 녹취됩니다. 혹시 최근에 대출이나 통장개설 문자 받은 적 있습니까? 없어요. 그럼 누군가 본인 신분증을 도용했을 가능성이 큽니다. 지금 바로 계좌번호 끝 네 자리 말씀해 주십시오. 아니 왜요? 본인 계좌와 검거 계좌를 대조하려고요. 대조가 안 되면 본인도 범행에 관여한 것으로 볼 수 있습니다. 지금은 시간이 없습니다. 하나은행, 기업은행 쪽도 있으시면 모두 말씀하셔야 합니다. 지금 답변을 회피하시면 압수 영장 요청이 들어갑니다.",1,수사기관 사칭형,augmented_llm
aug_수사기관 사칭형_0110,"여보세요. 경찰청 수사관입니다. 저는 최민재 수사관이고, 지금 본인 명의로 된 농협 계좌가 범죄에 이용된 사실이 확인돼서 연락드렸습니다. 혹시 최근에 통장이나 카드 잃어버린 적 없으십니까? 없는데요. 그러면 명의도용 가능성이 높습니다. 저희가 서울에서 검거한 사건에서 본인 이름이 적힌 통장과 보안카드가 나왔고, 계좌에 불법 입금이 확인됐습니다. 그래서 계좌 동결 조치가 들어갑니다. 저한테 왜 이런 일이 생기죠? 당황하시는 건 이해하지만 지금은 협조가 우선입니다. 본인 계좌가 범죄자 돈세탁에 쓰였기 때문에 오늘 안에 자금 흐름을 막아야 합니다. 지금 다른 은행 계좌도 전부 말씀해 주세요. 국민은행, 하나은행, 기업은행, 농협 중 어떤 계좌를 쓰시는지요. 아니 그걸 왜 다 물어요? 다른 계좌가 발견되면 전부 압수 대상이 되기 때문입니다. 그리고 절대 주변 사람에게 연락하지 마십시오. 제3자에게 알리면 증거가 사라질 수 있습니다. 이 사건은 비밀 사건입니다. 네? 비밀이요? 네, 지금부터는 제가 안내하는 계좌 확인 절차만 따라오시면 됩니다. 계좌번호 앞자리는 말하지 말고 끝 네 자리만 불러 주세요. 바로 확인해서 동결 해제 여부를 보겠습니다. 만약 거부하시면 공문이 나가고 본인 명의 전 계좌가 정지됩니다. 지금 바로 말씀하십시오.",1,수사기관 사칭형,augmented_llm
aug_수사기관 사칭형_0111,"여보세요. 서울중앙지방검찰청입니다. 저는 형사부 이준혁 수사관이고요. 지금 본인 명의로 대포통장이 발견돼서 긴급 연락드렸습니다. 잠깐 통화 가능하십니까? 네? 대포통장이요? 네. 저희가 어제 검거한 금융사기 조직 현장에서 농협 계좌와 국민은행 계좌가 압수됐는데, 그중 하나가 본인 명의로 개설된 걸로 확인됐습니다. 본인께서 개설하신 적 없으시죠? 저는 처음 듣는데요. 네, 그럼 현재는 명의도용 피해 가능성이 큽니다. 다만 이 계좌가 범죄 자금 세탁에 사용된 정황이 있어서, 지금부터는 계좌 동결 및 압수 절차가 진행됩니다. 무슨 말씀이세요? 동결되면 제가 못 쓰는 건가요? 네, 출금도 정지되고 추가로 다른 금융기관 조회가 들어갑니다. 그리고 중요한 건, 지금 이 사건은 외부에 절대 말씀하시면 안 됩니다. 가족분이나 지인에게도 얘기하시면 안 되고요. 네? 왜요? 수사 중인 사안이라 정보가 새면 공범들이 증거를 없앨 수 있습니다. 그래서 제가 안내하는 내용만 따로 메모하시고, 다른 전화는 받지 마세요. 지금 통장이나 카드, 공인인증 관련 정보가 있으면 바로 확인해야 합니다. 본인 명의로 된 농협이나 하나은행 계좌 중 최근에 쓰신 게 있습니까? 저는 국민은행만 쓰는데요. 국민은행도 포함해서 전체 조회가 필요합니다. 잠깐만요. 제 통화는 녹취됩니다. 지금부터는 본인 확인 절차를 진행할 거고, 주민등록번호 앞자리와 계좌 끝 네 자리만 말씀해 주십시오. 아니 잠깐만요. 왜 그렇게 급하게 하세요? 본인 명의의 계좌가 이미 범죄에 연루됐기 때문에, 지금 확인 안 하면 체포영장까지 이어질 수 있습니다. 체포영장이요? 네, 자금 흐름이 묶이면 해명이 안 될 경우 피의자 전환될 수 있습니다. 그러니 다른 사람과 상의하지 마시고, 지금 바로 본인 계좌 정보만 말씀하십시오.",1,수사기관 사칭형,augmented_llm
aug_수사기관 사칭형_0112,"여보세요. 여기는 금융감독원입니다. 사건 담당 박세진 조사관이고요. 본인 명의의 계좌가 보이스피싱 자금 전달용으로 이용된 정황이 나와서 연락드렸습니다. 본인께서 아는 내용 있으십니까? 아니요. 저는 몰라요. 네, 그렇다면 명의도용 피해로 보입니다. 그런데 현재 확인된 계좌가 기업은행과 하나은행 계좌입니다. 이 두 계좌가 범죄자들 사이에서 대포통장으로 돌던 것이 압수됐습니다. 본인 이름으로 개설된 사실 확인되셨죠? 저는 그런 계좌 만든 적 없습니다. 알겠습니다. 그러면 지금부터 비공개로 진술 받아야 합니다. 제3자 개입이 있으면 안 되니까 가족분과도 통화 끊으셔야 되고요. 아니 왜요? 본인 명의가 연루되면 상대가 알기 전에 먼저 조치해야 합니다. 지금 당장 계좌가 묶일 수 있고, 이체가 한 번 더 발생하면 전액 압수로 넘어갑니다. 네? 압수요? 네. 오늘 안에 해명 못 하시면 관련 계좌 전체가 동결되고, 사건은 지방검찰청으로 이첩됩니다. 그리고 이 부분은 절대 은행 창구에 먼저 문의하시면 안 됩니다. 은행 측에도 이미 공문이 나간 상태라 괜히 말 맞출 시간만 줍니다. 지금 본인 휴대전화에 타인 연락처가 있으면 모두 끊으세요. 저희가 확인해야 할 건 하나입니다. 본인 명의로 된 계좌 중 최근 입금이나 출금된 내역이 있느냐입니다. 없어요. 네, 그러면 피해자 입증만 잘 받으시면 됩니다. 하지만 지금처럼 협조 안 하시면 공범 의심으로 전환될 수 있습니다.",1,수사기관 사칭형,augmented_llm
aug_수사기관 사칭형_0113,"여보세요. 경찰청 사이버수사대입니다. 저는 수사관 최하늘이고요. 긴급하게 확인드릴 게 있어서 연락드렸습니다. 지금 본인 명의로 개설된 농협 계좌가 불법 도박 자금 세탁에 쓰인 게 확인됐습니다. 알고 계셨습니까? 전혀 몰랐습니다. 네, 그래서 명의도용 사건으로 접수된 상황입니다. 그런데 계좌가 하나만 있는 게 아니라 국민은행 계좌도 추가로 연계된 흔적이 있습니다. 본인 명의 맞으시죠? 네, 이름은 제 이름 맞는데 그런 적은 없어요. 그럼 정확히 말씀드리겠습니다. 현재 압수된 대포통장 명단에 본인 정보가 들어가 있어서, 지금부터는 수사 협조를 하셔야 합니다. 협조 안 하시면 계좌 전체 동결되고, 출국 금지나 체포 절차까지 검토됩니다. 아니 제가 뭘 해야 되는데요? 우선 제3자와 접촉하지 마시고, 주변에 말하지 마십시오. 특히 가족, 배우자, 친구에게도 말하면 안 됩니다. 지금 사건이 새면 돈이 바로 빠져나갑니다. 그리고 본인 휴대전화에 저장된 금융 앱은 잠시 사용하지 마세요. 저희가 안내하는 대로 계좌번호와 최근 거래 내역만 확인하겠습니다. 잠깐만요. 이런 건 제가 은행 가서 보면 안 되나요? 안 됩니다. 은행에 가면 기록이 남아 증거인멸로 오해받을 수 있습니다. 지금 바로 말씀하셔야 합니다. 본인 명의로 된 계좌 중 최근 한 달 안에 새로 만든 거 있습니까? 없습니다. 네, 그럼 피해자 가능성이 높습니다. 다만 확인 전까지는 수사 보안상 전화 끊으시면 안 됩니다.",1,수사기관 사칭형,augmented_llm
aug_수사기관 사칭형_0114,"여보세요. 서울중앙지방검찰청 수사부입니다. 저는 김도윤 검사실 소속 수사관입니다. 본인 명의의 계좌가 사기 조직에 넘어가서 긴급 동결 조치가 필요합니다. 본인 확인부터 하겠습니다. 본인 성함이 어떻게 되십니까? 김민수입니다. 네, 김민수 씨 명의로 된 하나은행 계좌가 검거 현장에서 발견됐습니다. 이 통장이 보이스피싱 자금 이동용으로 쓰였고, 범죄 수익 일부가 입금된 상태였습니다. 저는 그런 통장 없습니다. 네, 그래서 명의도용 여부를 확인하는 겁니다. 지금부터는 절대 다른 사람에게 연락하시면 안 됩니다. 휴대전화 꺼두시고, 가족분께도 상황 설명하지 마십시오. 왜 이렇게 비밀로 해야 하죠? 공범들이 인지하면 바로 돈을 빼돌리기 때문입니다. 그리고 본인 계좌에 연결된 카드나 비밀번호를 누군가 알고 있으면 즉시 말씀하셔야 합니다. 없어요. 네, 좋습니다. 그런데 본인 명의로 된 국민은행 계좌도 추가 확인됐습니다. 이 계좌들 전부 동결 예정입니다. 동결되면 어떻게 되는 건가요? 출금, 이체, 자동이체 전부 정지됩니다. 지금 본인에게 중요한 건 빠른 해명입니다. 저희가 지금 녹취 중이니 거짓 진술하시면 안 됩니다. 본인이 알면서 숨긴 걸로 보이면 공범으로 전환될 수 있습니다. 제가 안내하는 말만 따라오세요. 계좌번호 끝 네 자리 말씀해 주십시오.",1,수사기관 사칭형,augmented_llm
aug_수사기관 사칭형_0115,"여보세요. 금융감독원 특별조사팀입니다. 저는 조사관 오세훈이고요. 지금 본인 명의의 기업은행 계좌가 사기단에 넘겨져서 압수 대상에 올라갔습니다. 본인께서 최근에 계좌를 남에게 알려준 적 있습니까? 없습니다. 그럼 개인정보 유출로 인한 피해자일 가능성이 높습니다. 다만 문제는 이 계좌가 이미 불법 자금이 오간 흔적이 있다는 겁니다. 현재 동결하지 않으면 더 큰 금액이 빠져나갈 수 있습니다. 동결이요? 네. 그리고 지금 이 사건은 내부 수사 중이라, 절대 주변에 말하시면 안 됩니다. 제3자와 상의하면 계좌 추적이 새어 나가고, 피의자 쪽에서 대응할 수 있습니다. 가족한테도 안 되나요? 안 됩니다. 지금은 본인 혼자만 알아야 합니다. 본인 명의 대포통장으로 확인되면 형사입건될 수 있어서 시간을 못 끕니다. 아니 저는 진짜 모릅니다. 네, 그래서 해명 기회를 드리는 겁니다. 지금 통화 중에 본인 명의 계좌 정보 확인이 안 되면 바로 압수 절차로 넘어갑니다. 계좌 끝 네 자리와 최근 이체 여부만 말씀하십시오. 지금 안 하시면 내일 소환 조사로 넘어가고, 출석 거부 시 체포영장 검토됩니다. 그러니 침착하게 따라오세요. 저는 지금 사실관계만 확인하는 겁니다.",1,수사기관 사칭형,augmented_llm
aug_수사기관 사칭형_0116,"여보세요. 네, 서울중앙지방검찰청입니다. 금융범죄수사부 박지훈 수사관입니다. 지금 통화 가능하십니까? 네? 네, 지금 본인 명의로 대포통장이 확인돼서 급하게 연락드렸습니다. 대포통장이요? 저는 그런 거 한 적 없는데요. 말씀은 이해합니다. 그런데 저희가 오늘 오전에 검거한 사기조직 현장에서 농협, 하나은행 계좌가 포함된 대포통장 다수가 압수됐고, 그중에 선생님 명의가 확인됐습니다. 아니 그게 무슨 말이에요? 제가 왜요? 현재 선생님 정보가 범죄자들에게 넘어가서 명의도용이 된 상태로 보입니다. 이건 단순 문의가 아니라 수사 대상 사건입니다. 지금 이 계좌는 곧바로 동결 조치 들어갈 수 있고, 추가로 압수 절차까지 진행되면 선생님도 조사를 받으셔야 합니다. 아니 저는 진짜 모릅니다. 그럼 더더욱 지금부터는 제 지시대로만 하셔야 됩니다. 절대 가족분이나 지인분께 말씀하시면 안 됩니다. 제삼자에게 알리면 증거인멸로 간주될 수 있습니다. 지금 옆에 누구 계십니까? 혼자예요. 좋습니다. 통화는 녹취되고 있고, 이 내용은 사건기록에 들어갑니다. 선생님 명의로 개설된 농협 계좌와 하나은행 계좌가 범죄자 자금 세탁에 사용됐습니다. 본인이 직접 개설한 적 없으시죠? 네, 없습니다. 그럼 명의도용 피해자로 정리해야 하는데, 그러려면 본인 계좌 전체를 먼저 확인해야 합니다. 국민은행이나 기업은행도 쓰십니까? 아니요, 농협만 조금 써요. 농협 계좌번호 앞뒤 네 자리 확인 가능하십니까? 지금 바로 말씀해 주셔야 동결 전에 피해 방지 조치를 넣을 수 있습니다. 아니 왜 계좌번호를 말해야 하죠? 선생님 계좌가 범죄자 손에 넘어간 상태라서, 본인 확인 없이는 압수 해제가 안 됩니다. 시간이 없습니다. 지금 확인 안 하면 검찰청으로 정식 소환되고, 추가 연루자로 분류될 수 있습니다. 그러니까 지금 통장에 연결된 출금 계좌나 이체 가능한 계좌를 말씀해 주셔야 합니다. 잠깐만요, 제가 생각을 좀 해볼게요. 생각하실 시간 없습니다. 지금 바로 말씀하셔야 합니다.",1,수사기관 사칭형,augmented_llm
aug_수사기관 사칭형_0117,"여보세요. 금융감독원 조사과입니다. 담당 검사와 연결된 상태입니다. 지금 선생님 명의로 된 계좌가 범죄에 이용된 정황이 확인됐습니다. 무슨 계좌요? 국민은행이랑 기업은행 쪽에서 대포통장으로 사용된 기록이 나왔습니다. 저는 그런 계좌 없는데요. 아니요, 계좌가 없으신 게 아니라 선생님 개인정보가 유출돼서 타인이 개설했을 가능성이 큽니다. 현재 해당 계좌는 동결 예정이고, 조사 끝나기 전까지는 출금이나 이체가 전부 막힐 수 있습니다. 지금 본인이 아시는 거래 내역 있으십니까? 없습니다. 그럼 피해자 입증 절차로 들어가셔야 합니다. 이 사건은 비밀 유지가 제일 중요합니다. 가족분이나 직장 동료한테 말씀하시면 안 됩니다. 왜요? 누가 알면 상대가 도망가고 증거가 없어집니다. 지금 검찰청과 협조 중인데, 선생님 명의 계좌가 범죄조직에 넘어간 사실이 드러난 상황입니다. 제가 지금 확인한 자료에는 국민은행, 기업은행 계좌가 이체 수단으로 반복 사용된 흔적이 있습니다. 본인 명의 맞는지부터 확인해야 하니 계좌 끝 네 자리를 불러주세요. 아니 왜 제가 불러야 합니까? 본인 확인이 안 되면 선생님도 공범으로 오해받을 수 있어서 그렇습니다. 지금은 조사 협조가 먼저입니다. 휴대전화는 두고 계시고, 다른 전화는 받지 마십시오. 특히 가족, 친구 연락 차단하셔야 합니다. 지금 바로 계좌번호 확인해 주시면 동결 전에 피해 확정 처리해 드리겠습니다. 잠깐만요, 너무 갑작스러운데요. 갑작스러운 게 아니라 이미 사건은 진행 중입니다. 선생님도 대상자입니다.",1,수사기관 사칭형,augmented_llm
aug_수사기관 사칭형_0118,"여보세요. 경찰청 지능범죄수사팀입니다. 김태현 수사관입니다. 말씀드리겠습니다. 최근 서울 지역에서 대포통장 사건을 검거했는데, 압수된 통장 중에 선생님 이름이 확인됐습니다. 제 이름이요? 네, 하나은행과 농협 계좌가 불법 자금 흐름에 쓰였습니다. 저는 그런 적 없어요. 그렇기 때문에 지금 명의도용 여부를 확인하는 겁니다. 지금 상황이 심각합니다. 계좌 동결이 바로 들어갈 수 있고, 추가로 압수 조치되면 선생님은 직접 출석해야 합니다. 아니 제가 뭘 해야 하는데요? 우선 누구와도 통화하지 마시고, 문자도 보지 마세요. 범죄자들이 연락 끊기 전에 입맞춤 시도할 수 있습니다. 지금 혼자 계신가요? 네. 좋습니다. 저희는 지금 녹취 중이고, 이 녹취는 법적 증거로 쓰입니다. 선생님 명의의 하나은행 계좌에서 고액 이체가 여러 번 확인됐습니다. 본인이 직접 하신 겁니까? 아니요. 그럼 누군가가 신분증이나 개인정보를 이용한 겁니다. 혹시 최근에 신분증 사진을 보낸 적 있습니까? 없어요. 알겠습니다. 그러면 피해자 쪽으로 보입니다. 하지만 확답을 위해 계좌 잔액과 최근 입출금 내역을 확인해야 합니다. 지금 바로 알려주셔야 동결 전 이체 차단을 걸 수 있습니다. 아니 그걸 왜 지금요? 시간이 없습니다. 지금 확인 안 하시면 선생님 계좌 전체가 범죄 수익 은닉으로 묶일 수 있습니다. 말씀 못 하시면 나중에 체포영장까지 갈 수 있습니다. 그러니까 계좌번호를 말씀해 주세요. 지금은 저희가 보호해드리는 단계입니다.",1,수사기관 사칭형,augmented_llm
aug_수사기관 사칭형_0119,"여보세요. 서울지방검찰청 검사실입니다. 이선우 검사입니다. 본인 명의 계좌가 범죄 조직에 넘어간 건으로 긴급 연락드렸습니다. 계좌요? 저는 그런 거 없습니다. 그런데 농협 계좌와 기업은행 계좌가 압수 수색 현장에서 발견됐습니다. 선생님 이름으로 되어 있었고, 불법 도박 자금이 오간 흔적이 있습니다. 저는 진짜 모릅니다. 그 말씀은 기록하겠습니다. 다만 지금부터는 비밀을 지키셔야 합니다. 주변 사람한테 말하면 절차가 전부 중단됩니다. 특히 배우자나 부모님도 안 됩니다. 왜 그렇게까지 해야 하죠? 상대가 선생님 움직임을 알면 자금을 빼돌립니다. 지금 계좌는 동결 예정이고, 압수 대상이 될 수 있습니다. 본인이 피해자인지 가담자인지 가리는 핵심 단계라서, 지금 협조 안 하시면 불이익이 큽니다. 저는 진짜 피해자인데요. 그러시면 간단합니다. 본인 명의 계좌번호와 최근 이체 상대를 말씀해 주시면 됩니다. 계좌 끝 번호라도 말씀해 주세요. 아니 그건 좀 어렵습니다. 어렵다고 끝나는 문제가 아닙니다. 지금 본인 정보가 범죄자들에게 넘어간 상태라서, 계좌가 이미 범죄 수단으로 쓰였는지 확인해야 합니다. 본인이 협조하셔야 무고함을 입증할 수 있습니다. 지금 바로 농협, 기업은행 중 사용하시는 계좌를 말씀해 주세요. 잠깐만요. 지금 통화 끊고 가족한테 물어보면 안 되죠? 안 됩니다. 절대 안 됩니다. 지금부터는 제 지시만 따르셔야 합니다.",1,수사기관 사칭형,augmented_llm
aug_수사기관 사칭형_0120,"여보세요. 금융감독원 특수조사팀입니다. 지금 선생님 명의의 계좌가 보이스피싱 조직과 연결돼서 긴급 확인 중입니다. 보이스피싱이요? 네. 검찰청과 공조해서 추적한 결과, 농협과 하나은행 계좌가 대포통장으로 돌고 있었습니다. 선생님은 해당 계좌를 개설하신 적이 없으십니까? 없어요. 그러면 명의도용 피해일 가능성이 높습니다. 하지만 지금 바로 확인 안 하시면 동결 처리되고, 압수 명령까지 이어질 수 있습니다. 아니 그러면 제가 뭘 해야 해요? 우선 제삼자 연락 끊으셔야 합니다. 지인, 가족, 직장 모두에게 말하지 마세요. 지금 상대가 선생님 상황을 알고 있으면 증거를 지울 수 있습니다. 본인 휴대전화도 다른 앱 열지 마시고, 저와만 통화하세요. 네. 좋습니다. 계좌가 실제로 선생님 것인지 확인하려면 농협 또는 하나은행 계좌번호와 최근 이체 금액을 불러주셔야 합니다. 왜 그렇게 자세히요? 계좌 추적을 해야 하기 때문입니다. 지금 확인 안 되면 선생님도 범죄 연루자로 기록될 수 있습니다. 저는 그렇게까지는 아니고요. 맞습니다. 그러니까 지금부터는 협조하셔야 합니다. 본인 명의 계좌 맞는지 마지막 확인 절차입니다. 계좌번호 끝 네 자리부터 말씀해 주세요. 지금 바로요.",1,수사기관 사칭형,augmented_llm
aug_수사기관 사칭형_0121,"여보세요. 서울중앙지방검찰청 금융범죄수사부입니다. 지금 통화 가능하십니까? 저는 담당 검찰수사관 이정우라고 하고요. 본인 명의로 대포통장이 발견돼서 긴급 연락드렸습니다. 잠깐만요, 제가 왜 검찰청에서 연락을 받는 건가요? 네, 선생님 이름으로 개설된 농협 계좌가 불법 도박 자금 세탁에 사용된 정황이 확인됐습니다. 현재 압수 절차 진행 중이고, 추가 확인이 안 되면 계좌 동결이 아니라 압수로 넘어갑니다. 아니 저는 농협 계좌는 하나 있는데요. 네, 그 계좌 맞습니다. 본인 명의로 된 계좌가 범죄 조직 쪽으로 넘어간 거예요. 그리고 지금 선생님이 연루된 사건은 명의도용 사건으로도 같이 묶여 있습니다. 제가 이 말씀 드리는 이유는 본인이 피해자인지 공범인지 오늘 안에 분리해야 하기 때문입니다. 네? 저 진짜 그런 적 없는데요. 당연히 지금은 그렇게 말씀하시겠죠. 그런데 저희가 검거한 피의자 진술에 선생님 성함이 나왔고, 압수한 휴대전화 기록에 하나은행으로 자금 이체 내역도 확인됐습니다. 본인 주민번호로 개설된 통장이라서 은행 측에도 즉시 동결 요청이 들어간 상태입니다. 지금부터는 가족이나 지인에게도 절대 말씀하시면 안 됩니다. 특히 아내분이나 자녀분, 주변 사람에게 알리면 증거가 훼손될 수 있어서 조사가 지연됩니다. 아니 잠깐만요, 그럼 제가 뭘 해야 되는데요? 우선 본인 명의로 된 전체 계좌 내역을 확인해야 합니다. 국민은행, 기업은행, 하나은행, 농협 중에 사용 중인 계좌번호와 잔액을 제가 받아 적을 겁니다. 그리고 지금부터는 다른 전화 받지 마시고, 주변 사람과 통화도 끊으세요. 본인 계좌가 범죄자 손에 넘어가면 체포영장까지 검토됩니다. 지금 협조하셔야 계좌 압수만 막을 수 있습니다. 메모 준비되셨습니까? 네, 근데 좀 무섭네요. 무서워하실 시간 없습니다. 사건 번호 불러드리겠습니다. 서울중앙지방검찰청 2024형제 1872호입니다. 이건 비밀 사건이라 외부에 알리면 안 됩니다. 이제 본인 명의로 된 계좌부터 말씀하세요.",1,수사기관 사칭형,augmented_llm
aug_수사기관 사칭형_0122,"네, 금융감독원 조사국입니다. 저는 조사관 김서현입니다. 지금 선생님 명의의 하나은행 계좌가 대포통장으로 확인돼서 바로 연락드렸습니다. 하나은행이요? 저는 그런 계좌를 누가 썼는지도 모르는데요. 모르시면 더 큰일 나십니다. 현재 선생님 명의로 개설된 계좌가 보이스피싱 자금 통로로 쓰인 정황이 잡혔고, 관련 계좌는 이미 지급정지 대상입니다. 지급정지요? 네, 계좌 동결과 압류 절차가 동시에 진행될 수 있습니다. 검찰청 협조 요청도 들어갔습니다. 지금은 본인 해명보다 사실 확인이 먼저입니다. 선생님이 직접 개설한 적 없으면 명의도용 피해자일 수 있는데, 그걸 입증하려면 계좌 사용 내역을 바로 확인해야 합니다. 가족분이나 친구분한테 물어보지 마세요. 제삼자에게 알리는 순간 사건 정보가 새어나가서 선생님도 가해자로 오해받을 수 있습니다. 아니 제가 지금 혼자 있는데, 뭘 어떻게 하라는 거예요? 우선 본인 명의로 된 전체 은행을 말씀해 주셔야 합니다. 농협, 국민은행, 기업은행, 하나은행 중에 사용하시는 곳이 어디인지요? 그리고 최근 이체한 내역이 있으면 금액과 시간을 바로 말씀하세요. 네? 저 그런 거 잘 기억 안 나는데요. 기억 안 난다고 해서 넘어갈 수 있는 단계가 아닙니다. 지금 선생님 이름이 들어간 통장 세 점이 확인됐고, 그중 두 점은 이미 범죄 수익금이 오간 걸로 나옵니다. 이 통화는 기록됩니다. 외부에 말하지 마시고, 제가 안내하는 대로만 하세요. 지금 계좌번호 앞자리와 뒤 네 자리만 말씀해 주시면 됩니다. 아니 그걸 왜요? 피해자 확인과 동결 해제 가능 여부를 보려는 겁니다. 협조 안 하시면 내일 바로 출석 통보가 나갈 수 있습니다.",1,수사기관 사칭형,augmented_llm
aug_수사기관 사칭형_0123,"여보세요, 경찰청 사이버수사대입니다. 담당 수사관 박도현입니다. 지금 본인 명의로 된 기업은행 계좌가 범죄에 이용돼서 급히 연락드렸습니다. 경찰이요? 네, 서울 쪽에서 검거한 조직에서 선생님 명의 기업은행 통장과 농협 통장이 발견됐습니다. 검거 현장에서는 대포카드, 보안카드, 통장 사본까지 압수됐고, 현재 계좌 동결 요청이 이미 접수됐습니다. 저는 그런 통장 만든 적이 없는데요. 그 말 그대로 믿고 싶습니다. 그런데 실무상으론 명의도용인지, 아니면 금전 대가를 받고 넘긴 통장인지 바로 구분해야 합니다. 지금 조사에 따라 체포영장까지 갈 수 있어서 긴급히 연락드린 겁니다. 잠깐만요, 체포영장이요? 네, 선생님이 범죄 조직과 연결된 계좌 주인으로 기록되면 그렇습니다. 지금부터는 절대 다른 사람에게 연락하지 마세요. 배우자, 형제, 회사 사람 누구에게도 말하시면 안 됩니다. 알겠습니다. 그래서 제가 뭘 진술하면 되는데요? 우선 기업은행, 농협, 국민은행 중에서 본인 명의로 된 계좌가 더 있는지 말씀해 주세요. 그리고 최근에 현금 입금, 이체, 카드 발급 받은 적 있는지도 확인해야 합니다. 없어요. 없으면 더 빨리 정리될 수 있습니다. 다만 지금 검거된 피의자들이 선생님 통장으로 송금받았다고 진술해서, 사실관계가 안 맞으면 선생님도 공범으로 묶입니다. 그러니 지금 제가 묻는 말에만 답하세요. 계좌를 타인에게 빌려주거나 신분증을 맡긴 적 있습니까? 전혀 없습니다. 좋습니다. 그러면 일단 피해자 가능성으로 보고, 계좌 동결 상태를 유지한 채 추가 확인 들어가겠습니다. 사건번호는 경찰청 2024-사이버 0914호입니다. 이건 비공개입니다.",1,수사기관 사칭형,augmented_llm
aug_수사기관 사칭형_0124,"네, 검찰청입니다. 저는 지방검찰청 형사부 검사 보좌 수사관 최민수입니다. 본인 명의의 국민은행 계좌가 대포통장으로 확인됐습니다. 네? 국민은행은 제가 쓰는 건데요. 그래서 더 문제입니다. 계좌가 본인 사용 계좌인 상태에서 범죄 자금이 들어가 있으면, 본인이 모르고 있었다고 해도 조사가 필요합니다. 현재 금융감독원에서 동결 검토가 들어갔고, 압수수색 영장 신청도 준비 중입니다. 아니 무슨 압수수색이요? 네, 선생님 통장이 보이스피싱 피해금 수거 계좌로 쓰였거든요. 지금 검거된 일당이 선생님 계좌를 여러 번 거쳐 돈을 빼갔습니다. 이 과정에서 신분증 유출 여부도 확인 중입니다. 주변에 도움 요청하지 마세요. 지금은 비밀 유지가 가장 중요합니다. 아니 제가 가족한테도 말하면 안 돼요? 안 됩니다. 제삼자에게 알리면 계좌 추적이 지연되고 증거가 훼손됩니다. 지금은 제가 안내하는 것만 하시면 됩니다. 국민은행 계좌번호 뒤 네 자리를 말씀해 주세요. 그다음에 최근 일주일 이체 내역을 확인하겠습니다. 아니 제가 지금 바로 확인이 안 되는데요. 그렇다면 통장 앱이라도 열어보세요. 화면 캡처는 하지 마시고요. 불법 자금이 들어간 흔적이 있으면 즉시 지급정지 유지가 됩니다. 지금 선생님이 협조 안 하면 피해자 보호 조치가 늦어집니다. 이 통화는 녹취됩니다. 질문에만 답하세요. 신분증을 타인에게 맡긴 적, 계좌를 빌려준 적, 현금 전달받은 적 있습니까? 없습니다. 좋습니다. 그러면 본인 해명자료를 토대로 사건을 분리하겠습니다.",1,수사기관 사칭형,augmented_llm
aug_수사기관 사칭형_0125,"여보세요. 금융감독원 특별조사팀입니다. 저는 조사관 오지훈입니다. 지금 선생님 명의로 된 농협 계좌가 범죄 연루 계좌로 확인돼서 즉시 연락드렸습니다. 농협이요? 저는 농협 계좌 하나밖에 없는데요. 그 하나가 문제입니다. 해당 계좌가 최근 불법 투자 사기 자금과 연결됐고, 이미 지급정지 조치가 내려갈 수 있는 상태입니다. 지금 확인 안 하시면 계좌 압류까지 넘어갑니다. 아니 제가 뭘 잘못했는지 모르겠어요. 일단 선생님 명의 도용 가능성도 있어서, 본인 확인과 계좌 사용 이력을 동시에 봐야 합니다. 그런데 지금 이 사건은 밖에 알리시면 안 됩니다. 특히 은행 직원이나 가족에게 먼저 문의하시면 안 돼요. 왜요? 그쪽에서 임의로 움직이면 증거가 흩어집니다. 저희가 정리해서 검찰청으로 넘겨야 하니까요. 본인이 사용하시는 하나은행, 국민은행, 기업은행 계좌까지 전부 말씀해 주세요. 그리고 최근 출금한 금액이 있으면 그대로 알려주셔야 합니다. 네, 잠깐만요. 그렇게 갑자기 말하라니까 헷갈리네요. 헷갈릴수록 지금부터 천천히 따라오시면 됩니다. 본인 명의 계좌를 모조리 적어야 하고, 오늘 안에 정리 안 되면 내일 소환조사로 바뀝니다. 소환조사요? 네, 검찰청 출석 통보가 나갈 수 있습니다. 그러니 지금은 누구와도 통화하지 마시고 저만 믿으세요. 사건 관련해서는 본인 계좌번호와 잔액부터 확인하겠습니다. 지금 바로 말씀하세요.",1,수사기관 사칭형,augmented_llm
aug_수사기관 사칭형_0126,"여보세요. 서울중앙지방검찰청입니다. 저는 형사부 수사관 박도윤이라고 합니다. 지금 본인 명의로 된 계좌가 대포통장 범죄에 연루된 사실이 확인돼서 급히 연락드렸습니다. 네? 저요? 네, 본인 주민등록번호와 연결된 계좌가 금융사기단에 악용됐고, 농협과 국민은행 쪽에서 압수된 통장 중에 본인 명의가 발견됐습니다. 아니 저는 그런 적이 없는데요. 없으신 거 알고 있습니다. 그래서 지금 확인 전화드린 겁니다. 이 사건은 이미 검찰에서 내사 중이고, 계좌는 동결 절차에 들어갔습니다. 동결이라는 게 뭐예요? 말 그대로 출금, 이체, 해지가 제한됩니다. 지금 대응 안 하시면 본인도 공범으로 오인될 수 있어서 서둘러야 합니다. 아니 진짜 제가 뭘 했다는 거예요? 현재 압수된 계좌에서 불법 자금이 오갔고, 명의도용 정황이 있어 본인 신원을 대조하는 중입니다. 혹시 최근에 신분증을 분실했거나 타인에게 통장 정보를 알려준 적 있으십니까? 없어요. 그러면 더 위험합니다. 개인정보가 유출됐을 가능성이 큽니다. 지금부터는 가족이나 지인에게 이 내용 말씀하시면 안 됩니다. 왜요? 수사 비밀 유지가 필요하고, 제삼자 개입이 되면 증거가 훼손될 수 있습니다. 통화도 끊지 마시고 다른 전화 받지 마세요. 본인 계좌가 추가로 발견되면 바로 압수 전환됩니다. 압수요? 네, 그리고 계좌번호 앞자리와 끝자리만 확인하겠습니다. 지금 말씀 가능한가요.",1,수사기관 사칭형,augmented_llm
aug_수사기관 사칭형_0127,"여보세요. 금융감독원 특별조사팀입니다. 저는 김서현 조사관이고요. 지금 본인 명의로 기업은행 계좌가 범죄자금 세탁에 이용된 사실이 확인돼서 연락드렸습니다. 아니요, 저는 기업은행 하나도 없는데요. 그래서 더 문제입니다. 명의도용으로 개설됐을 가능성이 높습니다. 현재 검찰청과 공조해서 조사 중이고, 본인 명의 통장 두 개가 대포통장으로 적발됐습니다. 그럼 저는 어떻게 되는 건데요? 일단 계좌는 즉시 동결됩니다. 그리고 본인 확인이 안 되면 압수 절차가 진행될 수 있습니다. 압수까지요? 네, 이미 불법 도박 자금과 연결된 내역이 나왔습니다. 본인 이름으로 거래가 찍혀 있어서 단순 피해자로만 보기 어려운 상태입니다. 저는 진짜 모르는 일인데요. 알고 있습니다. 그래서 지금 빠르게 명의도용 여부를 가려야 합니다. 이 통화는 녹취됩니다. 네, 녹취해도 됩니다. 좋습니다. 그럼 다른 분과 상의하지 마시고 지금 제 지시만 따라주세요. 왜 다른 사람이랑 얘기하면 안 되죠? 제삼자에게 알리면 수사 정보가 새고, 계좌 추적이 지연됩니다. 가족이든 친구든 누구한테도 말하지 마십시오. 지금 본인 계좌 확인용으로 은행명하고 끝자리만 불러주세요. 농협, 하나은행, 국민은행 중에 뭐 쓰십니까.",1,수사기관 사칭형,augmented_llm
aug_수사기관 사칭형_0128,"여보세요. 경찰청 사이버수사대입니다. 저는 수사관 최민우입니다. 본인 앞으로 체포영장이 바로 나갈 수 있는 상황이라 급히 연락드렸습니다. 네? 무슨 소리예요. 지금 본인 명의의 하나은행 계좌가 보이스피싱 자금 세탁에 사용됐고, 검거 현장에서 대포통장 묶음이 확보됐습니다. 그 안에서 본인 신분증 사진도 나왔습니다. 아니 그런 거 준 적 없는데요. 그래서 명의도용 가능성이 높습니다. 하지만 본인 명의로 된 통장이 범죄조직에 넘어간 상태라서 협조를 안 하시면 공범으로 전환될 수 있습니다. 제가 뭘 해야 되는데요? 우선 주변 사람과 통화 끊으시고, 지금부터는 저랑만 통화하셔야 합니다. 다른 번호로 전화하시면 안 됩니다. 왜요? 제삼자에게 알려지면 증거 인멸 우려가 있어서 바로 압수수색으로 넘어갑니다. 그럼 계좌는 어떻게 되는 거예요? 이미 동결 요청이 들어갔고, 추가로 입금된 금액이 있으면 묶입니다. 본인께서 직접 개설한 다른 계좌가 있으면 같이 확인해야 합니다. 농협, 기업은행, 국민은행 중에 사용하시는 계좌 있습니까? 아니 근데 제가 지금 너무 당황해서. 당황하실수록 빨리 정리하셔야 됩니다. 본인 명의로 된 대포통장 하나만 더 나오면 바로 조사 대상입니다.",1,수사기관 사칭형,augmented_llm
aug_수사기관 사칭형_0129,"여보세요. 서울중앙지방검찰청입니다. 저는 검사 직속 수사관 이준혁입니다. 지금 귀하 명의의 계좌가 범죄수익 은닉에 사용돼서 긴급 연락드렸습니다. 네? 제 계좌요? 네, 농협 계좌와 기업은행 계좌가 압수 목록에서 확인됐습니다. 검거된 피의자 진술에 따르면 본인 개인정보로 통장을 개설했다고 나왔습니다. 저는 그런 적 없습니다. 그렇다면 명의도용 피해자일 수 있습니다. 다만 현재는 피해자와 공범 여부를 동시에 확인해야 해서 비밀 유지가 필수입니다. 누구한테도 말씀하시면 안 됩니다. 가족한테도요? 네, 절대 안 됩니다. 지금 말씀 새면 검찰 쪽에서 먼저 계좌를 전부 동결하고, 필요하면 압수수색으로 넘어갑니다. 압수수색이요? 네, 본인 명의 전체 금융거래가 조회됩니다. 저희가 확인해보니 최근 입출금 내역 중 수상한 이체가 있어요. 아니 저는 기억이 안 나는데요. 기억이 안 나셔도 됩니다. 지금은 사실 확인만 하면 됩니다. 계좌 비밀번호나 카드 정보 같은 건 누구에게도 알려준 적 없으시죠? 없어요. 알겠습니다. 그럼 본인 명의로 된 추가 계좌가 있는지만 바로 확인하겠습니다. 국민은행, 하나은행, 농협 중에 더 있습니까.",1,수사기관 사칭형,augmented_llm
aug_수사기관 사칭형_0130,"여보세요. 금융감독원 조사실입니다. 저는 이수진 조사관이고요. 지금 본인 명의 계좌가 범죄 조직에 넘어가서 계좌 동결 통보를 드리려고 연락했습니다. 아니요, 저는 그런 일 한 적이 없는데요. 네, 그래서 명의도용 사건으로 볼 수도 있습니다. 하지만 압수된 통장 가운데 본인 이름과 주민등록번호 일부가 일치하는 계좌가 나와서, 지금 바로 소명하셔야 합니다. 소명이요? 네, 안 그러면 검찰로 넘어가서 체포 가능성까지 검토됩니다. 지금은 긴박한 상황입니다. 제가 뭘 하면 되는데요? 먼저 다른 사람에게 전화하지 마시고, 문자도 보내지 마십시오. 제삼자와 접촉하면 계좌 추적이 어려워집니다. 그리고 본인 계좌의 은행명과 끝 네 자리를 말씀해 주세요. 제가 확인해보고 동결 범위부터 풀 수 있는지 보겠습니다. 근데 지금 너무 무서운데요. 무서워하실 필요 없습니다. 피해자면 피해자대로 보호해드려야 합니다. 다만 지금은 본인 명의가 악용된 정황이 강해서 협조가 꼭 필요합니다. 농협이나 국민은행 계좌 쓰고 계시죠. 아니요. 그럼 더 확인해야 합니다. 혹시 최근에 신분증 재발급 받으신 적 있습니까. 없습니다. 알겠습니다. 그럼 본인 정보가 빠져나갔을 가능성이 높습니다. 지금부터는 제가 시키는 대로만 하세요.",1,수사기관 사칭형,augmented_llm
aug_수사기관 사칭형_0131,"여보세요. 검찰청입니다. 서울중앙지방검찰청 금융범죄수사부 김도현 검사입니다. 지금 본인 명의로 개설된 농협 계좌가 대포통장으로 발견돼서 긴급 연락드렸습니다. 통화 가능하십니까? 네? 저는 검사이고, 이 통화는 녹취됩니다. 지금 검거된 사기조직 현장에서 본인 명의의 농협 통장과 국민은행 카드가 압수됐습니다. 본인 아시는 일입니까? 아니요. 저는 모르는 일인데요. 모르면 더 문제입니다. 현재 본인 계좌는 범죄자금 세탁에 사용된 정황이 확인돼서 곧바로 동결 절차 들어갑니다. 본인 명의로 압수수색 영장이 신청될 수 있고, 조사 협조 안 하시면 체포영장 검토까지 됩니다. 지금은 가족이나 지인에게도 말하시면 안 됩니다. 제삼자에게 알리면 증거 인멸로 판단됩니다. 혹시 최근 농협이나 국민은행에서 통장 개설하신 적 있습니까? 없어요. 신분증 분실한 적도 없으시죠? 없죠. 그러면 명의도용 가능성이 높습니다. 본인 계좌가 이미 범죄에 엮였기 때문에 본인께서 피해자 입증을 하셔야 합니다. 지금 계좌번호 앞자리와 끝자리 확인해야 하니까 말씀해 주세요. 계좌를 왜요? 확인 안 하시면 동결된 상태로 압수 전환됩니다. 지금 당장 본인 명의로 된 다른 계좌, 하나은행이나 기업은행 포함해서 전부 말씀하십시오. 아니 그건 좀. 안 됩니다. 비밀 유지 꼭 지켜주셔야 하고, 지금 다른 사람과 상의할 시간 없습니다. 계좌 정보 확인이 끝나면 바로 무혐의 처리 방향으로 넘겨드리겠습니다. 지금 말씀 안 하시면 저희가 사건 접수하고 출석 통보서 바로 보냅니다.",1,수사기관 사칭형,augmented_llm
aug_수사기관 사칭형_0132,"여보세요. 저는 경찰청 사이버수사대 이민재 수사관입니다. 현재 본인 이름으로 된 대포통장이 서울에서 적발돼서 전화드렸습니다. 본인 맞으십니까? 네. 다름이 아니라 어제 금융감독원으로부터도 통보가 갔을 텐데, 본인 명의의 하나은행 계좌가 보이스피싱 자금 인출에 사용됐습니다. 본인은 전혀 모르셨습니까? 네, 몰랐습니다. 그럼 명의도용 사건으로 보겠습니다. 그런데 문제는 지금 계좌가 범죄조직에 넘어간 채로 확인돼서 즉시 동결이 필요합니다. 동결 전에 본인 계좌가 몇 개인지, 농협과 기업은행 포함해서 전부 확인해야 합니다. 왜요? 조사 기록에 들어갑니다. 그리고 이건 외부에 말하면 안 됩니다. 가족분도 안 됩니다. 동생이든 배우자든 지금 통화 내용 공유하시면 공범 의심을 받을 수 있습니다. 본인 명의로 개설된 계좌에서 지난주에 2천만 원 가까운 금액이 여러 번 쪼개져 빠져나갔습니다. 저희가 이미 추적 중인데, 본인 쪽 확인이 늦어지면 압수 처리로 넘어갑니다. 압수되면 당분간 모든 금융거래가 막힙니다. 그럼 저는 어떻게 해야 되죠? 지금 계좌번호와 보안카드 유무부터 말씀하셔야 합니다. 보안카드나 인증번호를 다른 사람에게 넘긴 적 있습니까? 없어요. 그러면 명의도용 가능성이 더 큽니다. 지금 바로 본인 명의 계좌 전부 말하시고, 다른 곳에 연락하지 말고 제 안내만 받으세요. 시간을 끌면 체포영장 신청도 가능합니다.",1,수사기관 사칭형,augmented_llm
aug_수사기관 사칭형_0133,"네, 여보세요. 지방검찰청 수사관입니다. 본인께 긴급 확인 사항이 있습니다. 본인 명의로 된 기업은행 계좌가 대포통장으로 확인됐습니다. 혹시 김성우라는 사람 아십니까? 아니요. 저희가 김성우 일당을 검거했고, 현장에서 농협, 하나은행, 기업은행 통장 다수가 나왔습니다. 그중 하나가 본인 명의로 개설된 걸로 확인됐습니다. 본인 기억 없으십니까? 없어요. 그러면 명의가 도용된 겁니다. 하지만 본인 쪽에서 협조 안 하면 피해자로 못 봅니다. 지금부터는 제 지시대로만 하셔야 합니다. 가족한테도 말하지 마세요. 지금 통화가 새면 상대 조직이 잠적합니다. 본인 명의 계좌는 이미 범죄자금이 오간 흔적이 있어서 오늘 안에 동결 조치가 들어갈 수 있습니다. 동결만 되는 게 아니라 계좌 압수까지 갈 수 있습니다. 압수되면 급여 입금도 못 받습니다. 그럼 어떻게 합니까? 먼저 본인 명의로 된 다른 은행이 있는지 확인해야 합니다. 농협, 하나은행, 국민은행 중에 또 있습니까? 잠깐만요. 그건 왜요? 범죄 연루 계좌 전체를 묶어야 하니까요. 그리고 보안상 절대 제삼자와 통화하지 마십시오. 금방 끝납니다. 지금 끝 네 자리만 말씀하시면 됩니다. 아니 그건 제가. 지금 협조 안 하시면 사건 피의자로 전환될 수 있습니다. 마지막으로 묻겠습니다. 계좌번호 확인하시고 이체 가능한 잔액이 남아 있으면 안전조치 명목으로 임시 보관 계좌로 옮겨야 합니다.",1,수사기관 사칭형,augmented_llm
aug_수사기관 사칭형_0134,"금융감독원입니다. 본인 명의의 통장이 대포통장으로 등록되어 긴급 연락드렸습니다. 담당 조사관 박서준입니다. 혹시 본인께서 최근 농협이나 하나은행 계좌를 개설하신 적 있습니까? 없는데요. 그러면 명의도용 피해가 맞을 가능성이 큽니다. 그런데 현재 그 계좌가 불법 자금 세탁에 이용돼서 바로 계좌 동결이 필요합니다. 지금 본인한테는 아주 중요한 상황입니다. 제삼자, 가족, 직장 동료 누구에게도 말하지 마십시오. 밖으로 새면 본인도 조사 대상이 됩니다. 금융감독원과 검찰청이 같이 보고 있어서 숨기면 안 됩니다. 본인 명의로 된 계좌에서 출금된 금액이 여러 건 확인됐고, 이체 경로가 추적 중입니다. 그 계좌를 본인이 직접 쓰셨는지, 아니면 신분증 분실 후 도용당한 건지 확인해야 합니다. 저는 그런 적 없어요. 네, 그래서 피해자일 수 있습니다. 하지만 피해자 입증을 위해선 본인 계좌 전체를 알려주셔야 합니다. 국민은행, 기업은행, 농협 다 포함입니다. 지금 휴대폰 화면 보면서 계좌번호 확인 가능하십니까? 왜 자꾸 계좌를 물어보세요? 자산 보호 절차입니다. 지금 확인이 늦어지면 압수 조치가 들어갑니다. 압수되면 돈을 못 빼십니다. 그리고 통화 중 다른 번호로 전화 돌리시면 안 됩니다. 그 순간 수사 협조 불이행으로 넘어갑니다. 본인 명의 계좌 끝 번호 말씀해 주세요.",1,수사기관 사칭형,augmented_llm
aug_수사기관 사칭형_0135,"네, 서울중앙지방검찰청입니다. 수사관이 아니라 검사입니다. 본인 명의로 된 하나은행 통장 때문에 전화드렸습니다. 오늘 새벽에 대포통장 사건에서 본인 계좌가 발견됐습니다. 혹시 아시는 분 있으십니까? 없어요. 그럼 명의도용이 맞는지 확인해야 합니다. 본인 계좌가 범죄에 사용됐기 때문에 지금 안 움직이면 계좌 동결, 압수, 출국 제한까지 검토됩니다. 지금 상황 가볍게 보시면 안 됩니다. 이미 상대 조직은 검거됐고, 본인 명의 계좌에서 돈이 여러 차례 인출된 기록이 있습니다. 통화 녹취 남기고 있습니다. 지금부터는 절대 제삼자와 상의하지 마십시오. 가족분도 안 됩니다. 지금 전화 끊고 다른 사람에게 말하면 증거가 사라집니다. 본인 명의로 개설된 농협이나 국민은행 계좌도 있습니까? 없는데요. 그럼 확인차 전부 불러주셔야 합니다. 계좌번호 확인이 되어야 저희가 피해자 쪽으로 분류하고, 그렇지 않으면 공범 가능성도 같이 봅니다. 아니 저는 진짜 몰랐습니다. 네, 그러면 더더욱 빨리 협조하셔야죠. 지금 본인 휴대폰으로 계좌 조회 가능한가요? 가능한데요. 그럼 끝 네 자리부터 말씀하시고, 잔액도 확인해 주세요. 이체가 필요한 안전조치가 있으면 바로 진행해야 합니다. 늦으면 압수 처리 들어갑니다.",1,수사기관 사칭형,augmented_llm
aug_수사기관 사칭형_0136,"여보세요. 여기는 서울중앙지방검찰청입니다. 저는 형사부 소속 김태현 검사입니다. 지금 통화 가능하십니까? 잠깐만요. 네, 말씀하세요. 다름이 아니라 본인 명의로 된 하나은행 계좌가 대포통장으로 확인됐습니다. 무슨 말씀이세요? 본인 명의가 맞는지부터 확인해야 하는데, 현재 저희가 압수한 범죄 현장에서 하나은행, 국민은행 명의 통장 여러 개가 나왔고 그중에 선생님 이름이 올라가 있습니다. 저는 그런 적 없는데요. 그럼 더 심각합니다. 명의도용 피해일 가능성이 있지만, 지금 이 상태로 가면 본인도 공범으로 엮일 수 있습니다. 이 사건은 이미 검찰청에서 접수됐고, 계좌 동결 조치가 진행 중입니다. 동결이요? 네. 추가 출금이나 이체가 확인되면 전액 압수 전환될 수 있습니다. 그리고 이 일은 절대 가족이나 지인에게 말하지 마십시오. 제삼자에게 알리면 증거 인멸로 판단될 수 있습니다. 아니 지금 무슨 일이에요. 본인이 오늘 안으로 사실 확인 협조를 안 하시면 금융감독원 통보 후 강제 압수 절차로 넘어갑니다. 그 전에 본인 명의 계좌번호 끝 네 자리 확인만 하겠습니다. 아니 그걸 왜 알려드려요. 지금 시간이 없습니다. 본인 계좌가 범죄자 자금 세탁에 이용됐고, 인출 기록이 잡히면 체포영장까지 검토됩니다. 그러니까 지금 제가 안내하는 대로만 하시면 됩니다. 다른 전화 절대 받지 마시고, 은행에도 먼저 연락하지 마십시오. 은행에 문의하면 기록이 새어나갑니다. 지금 본인 명의로 된 농협이나 하나은행 계좌가 더 있습니까? 없어요. 없으면 더 확인해야 합니다. 본인 핸드폰으로 금융감독원 담당 부서에서 인증 절차가 들어갈 겁니다. 문자 오면 바로 확인하시고, 제가 말하는 계좌로 소액 이체해 보시면 피해 여부를 판별할 수 있습니다. 네? 왜 제가 이체를 해요. 명의도용 피해 방지 절차입니다. 지금 협조 안 하시면 본인 계좌는 전부 묶이고, 출국금지까지 같이 걸릴 수 있습니다.",1,수사기관 사칭형,augmented_llm
aug_수사기관 사칭형_0137,"네, 경찰청 금융범죄수사대입니다. 저는 박서준 수사관이고요. 지금 통화 녹취됩니다. 본인 성함 확인하겠습니다. 네? 저 박서준 아니고요. 아니, 제가 박서준 씨를 찾는 게 아니라 본인 주민번호로 확인된 사건이라서 연락드린 겁니다. 지금 검거된 대포통장 일당이 있고, 현장에서 기업은행과 국민은행 통장이 압수됐습니다. 그중 하나가 본인 명의로 확인됐어요. 아니 저는 그런 통장 없는데요. 없다고 해서 끝나는 게 아닙니다. 명의도용인지, 판매 가담인지 구분해야 합니다. 지금 본인 계좌가 불법자금 통로로 쓰였고, 수사 기록상 이미 금융감독원과 협조가 들어간 상태입니다. 제 계좌가 왜요. 본인이 모르는 사이에 개설됐을 가능성이 큽니다. 그런데 이 경우에도 즉시 동결하지 않으면 남은 자금이 전부 빠져나갑니다. 그래서 지금부터는 아무한테도 말하지 마시고, 주변 사람 전화도 받지 마십시오. 특히 가족, 직장 동료, 은행 창구에는 절대 공유하면 안 됩니다. 왜요. 수사 보안입니다. 정보가 새면 본인 명의 계좌 전체가 압수되고, 연루자로 전환될 수 있습니다. 지금 당장 해야 할 건 본인 확인입니다. 계좌번호 끝자리와 최근 이체 내역을 불러주셔야 합니다. 아니 그건 못 알려드리죠. 안 알려주시면 본인 보호가 안 됩니다. 저희가 이미 서울중앙지방검찰청으로 사건 송치 준비 중이고, 오늘 안으로 진술 못 받으면 체포영장 신청 가능성이 있습니다. 네? 말이 안 되잖아요. 그래서 협조를 요청하는 겁니다. 본인 명의로 된 농협 계좌도 있습니까. 아니요. 그렇다면 더 위험합니다. 타인이 본인 주민등록번호를 써서 여러 계좌를 만들었을 수 있습니다. 이 경우 본인 계좌는 전부 동결됩니다. 지금 핸드폰으로 온 인증번호를 제가 불러드리는 절차가 있을 겁니다. 그 번호를 제가 확인해야 계좌 압수를 막을 수 있습니다. 왜 수사관님이 그걸 알아요. 본인 피해를 막으려는 겁니다. 지금 시간 끌면 안 됩니다. 통장 정리된 자금이 오늘 안에 해외로 빠질 수 있습니다.",1,수사기관 사칭형,augmented_llm
aug_수사기관 사칭형_0138,"여보세요. 저는 금융감독원 조사부 권도현입니다. 지금 본인 명의로 된 하나은행 계좌가 범죄 이용 계좌로 확인돼 연락드렸습니다. 네? 저는 모르는 일인데요. 맞습니다. 그래서 명의도용 피해 가능성을 확인 중입니다. 그런데 현재 통화는 녹취되고 있고, 본인께서 협조하지 않으면 계좌는 즉시 동결됩니다. 동결되면 못 쓰는 건가요? 네. 뿐만 아니라 수사기관에서 압수 절차로 넘겨집니다. 본인 이름으로 대포통장이 발견됐고, 그 계좌에서 수천만 원대 불법 자금이 움직였습니다. 저는 그런 적 없어요. 그러면 지금 바로 확인해야 합니다. 최근에 신분증을 타인에게 보여준 적 있습니까? 없어요. 그럼 더 주의하셔야 합니다. 가족이나 친구에게도 이 사건은 말하지 마세요. 특히 은행에 직접 전화하시면 안 됩니다. 왜요? 본인 계좌가 수사망에 올라가 있어서 외부 접촉이 잡히면 공범 정황으로 기록될 수 있습니다. 아니 그게 무슨 소리예요. 지금은 설명보다 조치가 우선입니다. 본인 명의 계좌의 마지막 숫자와 최근 입금자명만 확인하면 됩니다. 아니 그런 개인정보를 왜 불러요. 본인 보호 절차입니다. 만약 지금 확인이 안 되면 계좌는 전부 지급정지 상태로 넘어가고, 검찰청에서 출석요구서가 나갑니다. 저희가 이런 연락드리는 이유는 피해자와 가담자를 구분하기 위해서입니다. 본인이 아무것도 모르신다면 그 증거를 지금 남겨야 합니다. 그러니까 본인 휴대전화에 있는 은행 앱을 열고, 화면을 그대로 따라오시면 됩니다. 앱이 없는데요. 그럼 문자로 안내드리겠습니다. 외부에는 절대 발설하지 마시고, 혼자 계신 자리에서만 보셔야 합니다. 옆에 누가 있으면 끊으세요.",1,수사기관 사칭형,augmented_llm
aug_수사기관 사칭형_0139,"네, 서울중앙지방검찰청 최민수 검사입니다. 본인께서 사용하시는 국민은행 계좌가 보이스피싱 범죄 자금 입출금에 이용된 정황이 나왔습니다. 저는 진짜 몰랐어요. 몰랐어도 책임이 면제되는 건 아닙니다. 현재 검거된 조직에서 본인 명의 통장과 체크카드가 함께 발견됐고, 대포통장으로 분류됐습니다. 그럼 제 계좌가 왜 거기 있어요. 명의도용 또는 판매 정황입니다. 그래서 지금 긴급 확인이 필요합니다. 본인 계좌는 이미 동결 절차에 들어갔고, 추가로 다른 은행 계좌가 있으면 그것도 함께 압수될 수 있습니다. 아까 뭐라고 하셨죠? 본인과 연결된 계좌가 농협, 기업은행 쪽으로도 검색됐습니다. 본인이 개설한 적 없으면 더 위험합니다. 지금 제삼자에게 연락하면 안 됩니다. 가족에게도 말하지 마시고, 직장에도 공유하지 마세요. 왜 그렇게까지 해야 하죠. 이 사건은 보안 사건이라서 그렇습니다. 누군가 정보를 흘리면 범죄자들이 자금 이동을 숨깁니다. 본인 계좌를 보호하려면 지금 제가 알려주는 확인 절차를 따라야 합니다. 그런데 그 절차가 뭔데요. 계좌번호 앞뒤 네 자리, 그리고 최근 이체 금액을 불러주시면 됩니다. 그걸로 끝나는 건가요. 아니요. 이후에 금융감독원과 연계해 본인 명의 해제 서류를 발급받아야 합니다. 오늘 안에 처리하지 않으면 압수 상태가 굳어집니다. 저는 그런 걸 할 수가 없는데요. 그럼 더 빨리 움직이셔야 합니다. 지금 통화가 끝나면 담당 수사관이 다시 연락합니다. 절대 끊지 마시고, 다른 번호로 받지 마십시오.",1,수사기관 사칭형,augmented_llm
aug_수사기관 사칭형_0140,"여보세요. 경찰청 지능범죄수사팀입니다. 저는 이도윤 수사관이고요. 본인 명의로 된 농협 계좌가 대포통장으로 확인됐습니다. 네? 저는 농협 쓰지도 않는데요. 그러니까 명의도용 가능성이 높다는 겁니다. 최근 압수수색에서 대량의 통장과 카드가 나왔고, 그 안에 본인 이름이 들어간 계좌가 있었습니다. 본인이 모르는 거래인데 어떻게 제 이름이 들어가죠. 누군가 신분증 정보를 이용한 겁니다. 그런데 지금 본인 계좌에서 불법 자금이 오간 흔적이 보여서, 빠르게 정리하지 않으면 공범으로 오해받습니다. 저는 진짜 아무것도 몰라요. 그러면 더 이상 외부에 알리면 안 됩니다. 주변 사람한테도 말하지 말고, 은행에 직접 가셔도 안 됩니다. 이유가 뭐죠. 방문 기록이 남으면 수사에 방해가 됩니다. 지금은 전화로만 조치해야 합니다. 본인 계좌가 동결되기 전에 확인해야 할 게 있습니다. 최근에 국민은행이나 하나은행 계좌 개설한 적 있습니까. 없어요. 그럼 본인 명의 전체를 점검해야 합니다. 이 통화는 기록되고 있고, 협조 여부에 따라 피해자 등록이 갈립니다. 지금 당장 본인 휴대전화로 문자 확인 가능한가요. 가능은 한데. 그 문자 안의 계좌 안내를 따라주셔야 합니다. 만약 지금 끊거나 다른 사람과 상의하면 사건이 바로 검찰청으로 넘어가고, 압수 대상이 됩니다. 본인 보호를 위해서 하는 말입니다. 지금은 저만 믿고 따라오세요.",1,수사기관 사칭형,augmented_llm
aug_수사기관 사칭형_0141,"여보세요. 네, 서울중앙지방검찰청 금융범죄수사부입니다. 저는 김태훈 수사관이고요. 지금 본인 명의로 개설된 계좌가 대포통장으로 확인돼서 바로 연락드렸습니다. 잠시 통화 가능하십니까? 네? 대포통장이요? 네, 맞습니다. 저희가 어제 압수수색을 진행했는데 농협하고 하나은행 계좌에서 본인 이름이 확인됐습니다. 그리고 그 계좌가 보이스피싱 자금 세탁에 사용된 정황이 나왔어요. 본인께서 직접 개설하신 건 맞습니까? 아니요, 그런 적 없는데요. 그러면 명의도용 피해 가능성이 높습니다. 다만 지금 이 상태를 방치하면 본인도 공범으로 분류될 수 있어서 주의하셔야 합니다. 지금부터는 제3자한테 절대 말씀하시면 안 됩니다. 가족분 포함해서 어떤 누구에게도요. 왜요? 지금 이 사건은 외부에 알리면 증거 인멸로 보여서 계좌 압수 조치가 바로 들어갈 수 있습니다. 계좌 압수요? 네, 검찰 명의로 동결이 아니라 압수 절차까지 진행될 수 있습니다. 현재 본인 명의로 잡힌 농협 계좌와 하나은행 계좌는 이미 거래가 제한될 수 있는 상태고, 추가 확인이 안 되면 다른 금융기관 계좌까지 전부 막힐 수 있어요. 아, 저 진짜 몰라요. 몰라도 괜찮습니다. 중요한 건 지금 누가 본인 정보를 썼는지 확인하는 겁니다. 혹시 신분증 사진이나 계좌번호, 인증번호를 타인에게 전달한 적은 없으세요? 없어요. 그럼 잘 들으세요. 이 통화는 녹취됩니다. 지금부터 본인 확인 절차를 진행할 거고, 본인 명의 계좌가 맞는지 확인해야 합니다. 계좌 끝자리 몇 번인지 말씀해 주세요. 아니 근데 갑자기 왜요? 본인 명의 대포통장으로 확인됐기 때문에 확인이 필요한 겁니다. 안 그러면 오늘 안으로 출석요구서가 나가고, 상황에 따라 체포영장도 검토됩니다. 지금은 긴급 사안입니다. 일단 제일 최근에 사용하신 국민은행이나 기업은행 계좌가 있으면 말씀해 주세요. 아니요, 잘 모르겠어요. 그러면 계좌번호 전체가 아니어도 끝 네 자리만 불러주시고, 지금 계좌에 남아 있는 잔액이 있으면 바로 안전계좌로 옮겨야 합니다. 안전계좌요? 네, 피해 방지용입니다. 본인 돈이 범죄자 쪽으로 다시 들어가면 회수가 어려워집니다. 그러니 제가 안내하는 대로 바로 이체하셔야 합니다. 잠깐만요, 이체를 왜 해요? 본인 명의로 잡힌 계좌가 범죄 수익 은닉에 사용됐기 때문에 추가 피해를 막는 절차입니다. 지금 바로 협조 안 하시면 검찰청에서 압수 통보가 나갑니다.",1,수사기관 사칭형,augmented_llm
aug_수사기관 사칭형_0142,"네, 여보세요. 경찰청입니다. 저는 사이버수사대 이지훈 수사관이고요. 본인 앞으로 접수된 명의도용 사건 때문에 연락드렸습니다. 혹시 지금 통화 가능하십니까? 네, 말씀하세요. 지난주에 서울 쪽에서 대포통장 일당을 검거했는데, 그 현장에서 본인 이름으로 된 국민은행 계좌와 기업은행 계좌가 발견됐습니다. 본인 아시는 내용 있습니까? 아니요, 전혀 없는데요. 그러면 피해자일 가능성이 큽니다. 그런데 이게 단순 피해로 끝나는 게 아니라, 현재 본인 명의 계좌가 범죄자금 통로로 이미 사용됐기 때문에 수사 협조가 필요합니다. 수사 협조요? 네. 우선 제3자 접촉을 끊으셔야 합니다. 주변 가족, 친구, 은행 직원에게도 지금 말씀하시면 안 됩니다. 왜요? 지금 말씀하신 내용이 밖으로 새면 공범 측에서 도주하거나 계좌를 추가로 빼돌릴 수 있어서 그렇습니다. 지금 시점에서 본인 계좌는 동결 대상입니다. 동결이요? 네, 국민은행 쪽은 이미 거래정지 신청이 들어갔고, 기업은행도 추가 확인되면 곧바로 묶입니다. 본인 계좌가 아니어도 이름이 걸리면 묶일 수 있습니다. 아, 저는 아무것도 한 게 없는데요. 알고 있습니다. 그래서 피해 진술을 받아야 합니다. 혹시 계좌 개설할 때 신분증 사본 제출한 적 있으세요? 아니요. 그럼 누군가 개인정보를 빼갔을 가능성이 높습니다. 이건 시간 싸움입니다. 지금 바로 본인 계좌번호를 확인해야 합니다. 계좌번호를 말해야 하나요? 네, 끝 네 자리만 말씀하셔도 됩니다. 그리고 잔액이 있으면 안전하게 분리해야 합니다. 어떤 식으로요? 수사 보호용 계좌로 옮겨야 합니다. 본인 명의로 잡힌 자금이 그대로 있으면 압수처리가 빨라집니다. 지금 저희가 도와드리는 거예요. 그런데 그걸 왜 경찰청에서 직접 해요? 지금은 검거 직후라 긴급 조치 단계입니다. 이 통화는 녹음되고 있고, 협조 안 하시면 본인도 참고인에서 피의자로 전환될 수 있습니다. 그러니 지금 말 끊지 마시고 계좌 끝자리부터 말씀해 주세요.",1,수사기관 사칭형,augmented_llm
aug_수사기관 사칭형_0143,"여보세요. 금융감독원 검사팀입니다. 저는 박성민 조사관이고요. 지금 본인 명의로 개설된 농협 계좌가 보이스피싱 자금 세탁에 쓰인 것으로 확인돼서 연락드렸습니다. 혹시 본인 맞으십니까? 네, 맞는데요. 본인께서 해당 계좌를 직접 사용하신 적이 없으면 명의도용 피해로 볼 수 있습니다. 다만 현재 상황이 아주 급합니다. 이미 계좌 일부는 거래 정지 상태고, 추가로 확인되는 순간 압수 조치가 들어갑니다. 압수요? 네. 본인 이름이 들어간 계좌는 지금 검찰 쪽으로 넘겨질 수 있습니다. 그리고 지금부터는 혼자만 아셔야 합니다. 가족에게 말해도 안 되고, 은행에 따로 전화하셔도 안 됩니다. 왜요? 여러 군데로 퍼지면 조사에 혼선이 생기고, 범죄자들이 자금 이동을 멈추지 않을 수 있습니다. 저희가 지금 비밀 유지가 필요한 상황입니다. 아니 제가 뭘 해야 하는데요? 우선 본인 명의 계좌가 몇 개인지 확인하셔야 합니다. 농협 말고 하나은행이나 국민은행, 기업은행 계좌도 있으십니까? 잘 모르겠어요. 모르시면 지금 조회를 해야 합니다. 본인 계좌 전체를 확인해서 동결 대상이 아닌 안전계좌로 이체해야 합니다. 안전계좌요? 네, 피해 예방 절차입니다. 지금 계좌에 남은 금액을 그대로 두면 범죄 연루 자금으로 묶입니다. 그러면 본인까지 출석요구를 받게 돼요. 제가요? 네. 현재는 본인 명의가 대포통장으로 쓰였다는 혐의가 함께 잡혀 있습니다. 그래서 이 통화는 녹취가 되고, 본인 진술이 매우 중요합니다. 계좌 끝 네 자리와 최근 이체 내역을 바로 말씀해 주세요. 아니 그걸 왜 지금요? 지금 확인 안 하면 오늘 안으로 계좌 전면 정지되고, 금융거래가 모두 막힙니다. 지금 즉시 협조하셔야 합니다.",1,수사기관 사칭형,augmented_llm
aug_수사기관 사칭형_0144,"여보세요. 서울중앙지방검찰청 첨단범죄수사부입니다. 저는 한지우 검사 직속 수사관이고요. 본인 명의로 된 대포통장이 사건 현장에서 확인돼 긴급 연락드렸습니다. 본인께서는 검찰 조사 대상입니다. 네? 제가요? 네. 본인 이름으로 된 통장에 불법 자금이 입금됐고, 그 돈이 여러 단계로 빠져나간 정황이 있습니다. 농협과 국민은행 계좌가 특히 문제입니다. 저는 그런 계좌가 있는데요. 계좌를 알고 계신다는 건 개설 또는 사용 흔적이 있다는 뜻입니다. 지금은 무조건 사실관계부터 정리해야 합니다. 잘못 말하시면 바로 공범으로 오해받습니다. 저 진짜 아무것도 몰라요. 그러면 더더욱 비밀을 지켜야 합니다. 주변 사람들에게 전화하지 마세요. 절대요. 왜요? 지금 외부 연락이 들어가면 계좌 증거가 삭제될 수 있어서 검찰에서 즉시 압수할 수 있습니다. 계좌 압수요? 네, 그리고 체포영장 검토도 가능해집니다. 본인 명의가 도용된 정황이 있으면 피해자이지만, 협조가 늦으면 가해자로 전환될 수 있어요. 그럼 어떻게 해야 해요? 지금 바로 계좌 확인부터 하셔야 합니다. 하나은행, 기업은행, 국민은행 중에 어떤 계좌를 최근에 사용했는지 말씀해 주십시오. 아니 그걸 왜 검사님이 물어요? 본인 명의 대포통장 사건이기 때문입니다. 이 통화는 녹취됩니다. 지금 진술을 제대로 받아야 본인 계좌 동결을 풀 수 있습니다. 동결을 풀 수 있어요? 네, 피해자 확인이 되면 가능합니다. 대신 지금 안내하는 절차를 그대로 따라야 합니다. 우선 잔액을 확인하고, 수사 보안 계좌로 옮기셔야 합니다. 빨리요. 시간이 없습니다.",1,수사기관 사칭형,augmented_llm
aug_수사기관 사칭형_0145,"네, 경찰청 사이버수사대입니다. 저는 최도현 수사관이고요. 본인 이름으로 된 하나은행 계좌가 대포통장으로 발견돼서 연락드렸습니다. 지금 통화 되십니까? 네, 무슨 일인데요? 저희가 어제 검거한 범죄조직 현장에서 본인 명의 계좌가 나왔습니다. 그리고 그 계좌에 범죄자금이 들어가 있었습니다. 본인이 직접 개설한 계좌입니까? 아니요, 저는 그런 적 없어요. 그러면 명의도용 피해 가능성이 높습니다. 그런데 지금 당장 조치하지 않으면 본인 통장 전부가 묶입니다. 묶인다는 게 무슨 뜻인데요? 거래정지, 지급정지, 압수까지 이어질 수 있다는 뜻입니다. 본인에게 불리한 상황이니까 지금부터는 아무한테도 말하지 마시고, 혼자만 들으셔야 합니다. 왜 그렇게 비밀로 해요? 이 사건은 범죄조직이 아직 살아 있어서, 가족이나 지인에게 말하는 순간 계좌가 더 빨리 빠져나갑니다. 그럼 제가 뭘 해야 돼요? 먼저 계좌번호 확인이 필요합니다. 농협, 국민은행, 기업은행 중 다른 계좌도 있으시면 전부 말씀해 주세요. 아니, 왜 계좌를 다 물어보죠? 본인 명의 전체를 확인해야 합니다. 현재 하나은행 계좌는 이미 동결 대상이고, 추가 계좌가 나오면 즉시 전면 압수됩니다. 저 진짜 몰라요. 몰라도 됩니다. 지금은 피해 구제 절차를 밟아야 하니까 끝자리 번호라도 말씀해 주세요. 그리고 잔액이 있으면 바로 옮겨야 합니다. 어디로요? 검찰 협조용 안전계좌입니다. 본인 돈을 보존하려면 지금 당장 협조하셔야 해요. 시간 없습니다. 계좌 확인 안 하시면 오늘 바로 출석 통보가 나갈 수 있습니다.",1,수사기관 사칭형,augmented_llm
aug_수사기관 사칭형_0146,"여보세요. 서울중앙지방검찰청입니다. 저는 형사부 이정훈 검사와 함께 사건 확인을 맡은 수사관입니다. 지금 본인 명의로 된 계좌가 범죄에 이용된 정황이 확인돼서 바로 연락드렸습니다. 혹시 지금 통화 가능하십니까? 네. 무슨 일이세요? 본인 명의로 농협하고 하나은행 계좌가 대포통장으로 발견됐습니다. 검거된 조직에서 압수한 명단에 본인 주민등록번호가 정확히 들어가 있었고, 이미 계좌 추적도 시작됐습니다. 지금 이 상태면 계좌 동결 절차가 곧 들어가고, 경우에 따라서는 압수 수색 대상까지 될 수 있습니다. 아니 그게 무슨 말이에요? 저는 그런 적 없는데요. 그래서 확인하는 겁니다. 명의도용 피해인지, 아니면 제삼자에게 계좌 정보가 넘어간 건지 지금 바로 가려야 합니다. 이 통화는 녹취됩니다. 말씀하시는 내용은 전부 사건 기록으로 남습니다. 네. 우선 본인께서 사용 중인 은행이 농협, 국민은행, 기업은행, 하나은행 중에 어떤 게 있는지 확인해야 합니다. 지금은 주변 가족이나 지인에게도 이 사건 얘기하시면 안 됩니다. 특히 계좌 문제는 절대 말하시면 안 되고, 지금부터는 저희 안내만 받으셔야 합니다. 왜요? 가족한테 물어봐야 할 것 같은데요. 안 됩니다. 지금 외부 접촉이 들어가면 증거 인멸로 보일 수 있어서 바로 위험해집니다. 본인 명의 통장이 범죄자 자금 세탁에 쓰였고, 이미 일부 금액이 빠져나간 기록이 보여서 시간이 없습니다. 저희가 피해자면 피해자 입증 절차를 바로 진행해야 하고, 가해 연루로 보이면 체포영장 신청까지 검토됩니다. 일단 본인 명의로 된 다른 계좌가 있는지 말씀해 주세요. 네, 국민은행이요. 하나 더 있을 수도 있는데 잘 모르겠어요. 알겠습니다. 그럼 지금부터는 절대 다른 사람한테 연락하지 마시고, 문자도 받지 마시고, 계좌 조회 내용도 공유하지 마세요. 잠시 후 서울중앙지검 사건 접수팀에서 다시 연결드리겠습니다. 그때 계좌번호 확인 절차를 진행할 겁니다. 끊지 마시고 대기해 주세요.",1,수사기관 사칭형,augmented_llm
aug_수사기관 사칭형_0147,"여보세요. 경찰청 금융범죄수사팀입니다. 저는 김현우 수사관이고요. 지금 본인 이름으로 개설된 기업은행 계좌가 보이스피싱 조직에 넘어간 사실이 확인됐습니다. 본인 혹시 최근에 계좌 양도하거나 신분증 보여준 적 있으십니까? 없는데요. 없으시면 더 위험합니다. 명의도용일 가능성이 있어서 바로 확인해야 합니다. 지금 검거된 피의자 휴대전화에서 본인 이름, 주민등록번호, 계좌번호 끝자리까지 일치하는 자료가 나왔고, 그걸로 대포통장을 운영한 정황이 잡혔습니다. 아니 저는 그런 거 한 적 없어요. 네, 그래서 피해자인지 공범인지 구분해야 합니다. 만약 본인이 지금 협조 안 하시면 계좌는 즉시 동결되고, 연루 계좌로 분류돼서 압수 대상이 됩니다. 그리고 지금부터는 절대 다른 사람과 통화하시면 안 됩니다. 배우자나 자녀, 회사에는 말하지 마세요. 말이 새면 바로 증거가 흔들립니다. 제가 왜 가족한테도 말하면 안 되죠? 현재 본인 계좌가 범죄 자금 이동 경로에 올라가 있어서, 주변에서 괜히 은행에 문의하면 수사에 방해가 됩니다. 이 통화 내용은 전부 저장되고 있고요. 지금 본인 명의로 된 농협 계좌나 국민은행 계좌, 하나은행 계좌 중에 현재 쓰는 것만 짧게 말씀해 주세요. 농협이랑 국민은행이요. 알겠습니다. 그럼 오늘 안으로 계좌 확인 절차를 마쳐야 합니다. 계좌번호 전체를 말씀드리진 않겠지만, 일단 본인 확인용으로 끝 네 자리를 말씀해 주셔야 합니다. 그리고 절대 끊지 마세요. 이건 지연되면 본인도 바로 소환 대상이 됩니다.",1,수사기관 사칭형,augmented_llm
aug_수사기관 사칭형_0148,"여보세요. 금융감독원 조사팀입니다. 지금 본인 명의의 계좌가 불법 도박 자금 세탁에 쓰인 정황이 잡혀서 연락드렸습니다. 혹시 본인 이름으로 된 하나은행 계좌 기억나십니까? 하나은행은 있는데요. 있으면 좋습니다. 지금 그 계좌가 대포통장으로 올라가 있습니다. 검찰청 쪽과도 공조 중이라서, 지금 안내에 안 따르시면 계좌 압류 조치가 들어갑니다. 아니 제가 뭘 했다는 거예요? 본인이 직접 한 게 아니라도 명의도용 피해일 수 있습니다. 그런데 지금 시간이 없습니다. 현재 검거된 조직에서 본인 신분증 사본과 계좌 정보가 함께 나온 상태라서, 본인 확인이 늦어지면 계좌는 자동 동결되고 추가 조사로 넘어갑니다. 가족이나 회사에 알리시면 안 됩니다. 특히 지금은 휴대전화로 검색도 하지 마세요. 외부 연결이 되면 경고가 남습니다. 그럼 저는 어떻게 해야 되는데요? 우선 본인 명의로 사용 중인 다른 계좌를 모두 말씀해 주셔야 합니다. 농협, 국민은행, 기업은행 중에 있는지 확인해 주세요. 국민은행이랑 기업은행은 있어요. 좋습니다. 그럼 지금부터는 계좌 보호 절차를 진행하겠습니다. 본인 확인이 끝나면 피해자 등록 여부를 결정하고, 아니면 공범 소명까지 들어갑니다. 지금 통화가 끊기면 절차가 중단되니 절대 끊지 마십시오.",1,수사기관 사칭형,augmented_llm
aug_수사기관 사칭형_0149,"여보세요. 서울중앙지방검찰청 사건담당 검사실입니다. 저는 박지훈 검사 직속 수사관입니다. 본인 명의의 농협 계좌가 범죄 조직 명단에서 확인됐고, 이미 자금이 오간 흔적이 보여서 바로 연락드렸습니다. 본인 혹시 최근에 통장이나 카드 분실하신 적 있으세요? 없어요. 그럼 명의도용 가능성이 높습니다. 검거된 피의자 진술에 따르면 본인 계좌가 대포통장으로 팔린 게 아니라, 개인정보가 유출돼 자동 개설된 것으로 보입니다. 지금 이건 가볍게 볼 일이 아닙니다. 계좌 압수와 동결이 동시에 들어갈 수 있고, 연락 지연되면 금융거래 전반이 막힐 수 있습니다. 아니 그럼 제 돈도 못 빼나요? 당연히 지금은 안 됩니다. 우선 피해자 입증이 먼저입니다. 그리고 이 사건은 외부에 알려지면 안 됩니다. 주변 사람에게 말하거나 은행 창구에 바로 가시면 수사선이 꼬입니다. 그러면 제가 뭘 해야 합니까? 지금 사용 중인 계좌를 전부 적어두세요. 농협 말고 하나은행, 국민은행, 기업은행이 있으면 말씀해 주세요. 국민은행 하나 있습니다. 좋습니다. 그럼 지금부터는 저희 안내에 맞춰 계좌번호 확인을 하겠습니다. 본인 확인 후에 동결 해제 여부를 검토할 수 있습니다. 대신 지금부터는 절대 다른 전화 받지 마시고, 누가 물어보면 검찰청에서 연락받았다고만 하세요.",1,수사기관 사칭형,augmented_llm
aug_수사기관 사칭형_0150,"여보세요. 경찰청 사이버수사대입니다. 저는 수사관 최민석이고요. 본인 명의로 된 기업은행 계좌가 대포통장으로 사용된 사실이 확인돼서 긴급 연락드렸습니다. 혹시 최근에 본인 이름으로 된 통장 개설한 적 있으십니까? 전혀 없는데요. 그러면 명의도용 피해일 가능성이 큽니다. 지금 검거된 사건 현장에서 신분증 사본, 보안카드 사진, 계좌 정보가 함께 발견됐고, 그중에 본인 이름이 명확히 적혀 있었습니다. 이 상태면 계좌 동결은 물론이고, 자금 추적 결과에 따라서는 압수 수색과 추가 소환이 들어갑니다. 아니 저는 몰라요. 저 진짜 몰라요. 네, 그래서 지금 바로 확인해야 합니다. 본인께서 아시는 은행만 말씀하세요. 농협, 하나은행, 국민은행 중에 쓰는 게 있습니까? 하나은행이랑 농협이요. 알겠습니다. 그리고 지금부터는 가족, 친구, 직장 동료 누구한테도 말하지 마세요. 외부에 퍼지면 피해자 보호가 안 됩니다. 저희가 절차를 안내할 때까지 혼자 계시고, 다른 전화는 받지 마십시오. 왜 이렇게 비밀로 해야 하죠? 본인 명의 계좌가 범죄 자금 이동 경로에 올라가 있어서 그렇습니다. 지금 협조하면 피해자 등록으로 정리할 수 있지만, 늦어지면 연루자로 판단될 수 있습니다. 그러니 지금 통화 유지하시고, 곧 계좌 확인 단계로 넘어가겠습니다.",1,수사기관 사칭형,augmented_llm
aug_수사기관 사칭형_0151,"여보세요, 김민준 씨 맞으십니까. 저는 서울중앙지방검찰청 형사부 박도현 검사입니다. 지금 본인 명의로 대포통장이 발견돼서 긴급 연락드렸습니다. 잠시 통화 가능하십니까. 네? 대포통장이요. 네, 검거된 사건 현장에서 농협과 국민은행 명의의 통장이 압수됐고, 그중 한 개가 김민준 씨 명의로 확인됐습니다. 본인께서 직접 개설하신 계좌가 아니면 명의도용 가능성이 큽니다. 지금 이건 가볍게 볼 일이 아닙니다. 본인 계좌가 범죄에 연루된 상태라서 조사가 끝나기 전까지는 계좌 동결이나 압수 절차가 들어갈 수 있습니다. 아니, 저는 그런 적 없는데요. 그래서 지금 확인하는 겁니다. 혹시 주변에 통장이나 신분증을 맡긴 적 있으십니까. 아니요, 없어요. 그럼 개인정보 유출 가능성이 있습니다. 지금부터는 제3자하고 통화하시면 안 되고, 가족분이든 지인이든 누구한테도 말씀하시면 안 됩니다. 특히 은행에도 직접 문의하시면 안 됩니다. 왜요. 은행 쪽에 연락이 들어가면 사건이 커지고, 자칫하면 본인도 공범으로 오해받을 수 있습니다. 지금은 비밀 유지가 제일 중요합니다. 본인께서 협조하시면 바로 피해자 입증 절차로 넘어갈 수 있습니다. 제가 사건번호 불러드릴 테니 메모하세요. 2024-검단-1187번입니다. 네, 적었어요. 좋아요. 본인 명의로 농협 하나, 국민은행 하나가 확인됐는데, 그 계좌들 끝자리 네 자리만 말씀해 주실 수 있습니까. 확인 절차입니다. 아니 근데 그걸 왜 말해야 하죠. 본인 계좌가 범죄 자금 세탁에 쓰였는지 확인하려면 대조가 필요합니다. 지금 협조 안 하시면 계좌 전체가 묶일 수 있습니다. 서둘러야 합니다. 네? 지금 바로 알려드릴게요. 잠깐만요.",1,수사기관 사칭형,augmented_llm
aug_수사기관 사칭형_0152,"여보세요. 여기는 금융감독원 조사과입니다. 담당 조사관 이서윤입니다. 본인 주민등록번호가 아닌데도 본인 명의로 하나은행 통장이 개설된 사실이 확인돼서 연락드렸습니다. 혹시 본인 명의 대포통장 관련 안내 받아보신 적 있습니까. 전혀 없는데요. 그럼 지금 상황이 더 심각합니다. 저희가 불법 자금 흐름을 추적하는 과정에서 기업은행과 하나은행 계좌가 동시에 발견됐고, 그 계좌 중 하나가 선생님 명의로 조회됐습니다. 이건 단순 조회가 아니라 범죄 연루 통보입니다. 지금 이 통화는 녹취됩니다. 네? 녹취요. 네, 본인 보호를 위해 녹취합니다. 그리고 지금부터는 누구와도 상의하시면 안 됩니다. 통장 거래 내역을 가족이나 배우자에게 보여주시면 안 되고, 은행에도 먼저 가지 마세요. 왜요. 먼저 움직이면 도주나 증거 인멸로 오해받을 수 있습니다. 저희가 동결 조치를 걸면 출금도 이체도 안 됩니다. 계좌에 남아 있는 금액이 있으면 전부 압수 대상이 될 수 있어요. 아니 저는 그런 계좌가 없는데요. 그래서 명의도용 여부를 확인하는 겁니다. 혹시 본인 신분증을 사진으로 보내신 적 있나요. 아니면 중고 거래나 대출 상담 같은 데서 제출한 적 있습니까. 음, 예전에 한 번 있어요. 그럼 그 경로로 유출됐을 가능성이 큽니다. 지금 가장 중요한 건 다른 사람한테 알리지 않는 겁니다. 특히 계좌를 새로 만들거나 기존 계좌로 돈을 옮기시면 안 됩니다. 저희가 확인한 결과, 본인 명의가 아닌 사람들까지 연결돼 있어서 시간이 없습니다. 제가 안내하는 대로 하셔야 합니다. 우선 농협과 하나은행 계좌번호 앞부분만 말씀해 주세요. 확인 후 바로 보호 조치 들어갑니다.",1,수사기관 사칭형,augmented_llm
aug_수사기관 사칭형_0153,"여보세요. 경찰청 지능범죄수사팀입니다. 강도현 수사관입니다. 김수진 씨 본인 맞으시죠. 네? 경찰이요. 네, 지금 서울 쪽에서 검거된 사기 조직에서 본인 명의의 계좌가 나와서 연락드렸습니다. 국민은행 계좌가 대포통장으로 사용된 정황이 있습니다. 본인께서 직접 개설한 적 없으십니까. 없어요. 그럼 명의도용 피해자일 가능성이 있습니다. 그런데 현재 사건상 본인 계좌가 범죄에 쓰인 기록이 남아 있어서, 지금부터는 즉시 협조하셔야 합니다. 우선 주변에 전화 끊지 마시고, 다른 전화 받지 마세요. 가족이 전화해도 받지 마십시오. 왜요. 지금 외부 연락이 들어가면 계좌 추적이 흔들립니다. 본인도 모르는 사이에 연루된 상태라서, 움직이면 수사 방해로 보일 수 있습니다. 계좌가 동결되기 전에 자금 흐름을 확인해야 합니다. 지금 말씀드리는 건 본인 보호를 위한 절차입니다. 저는 피해자예요. 그럼 더 빨리 확인해야죠. 혹시 본인 명의로 개설된 농협이나 기업은행 계좌도 있습니까. 있고 없고를 바로 말씀해 주세요. 아니, 제가 잘 모르겠는데요. 모르시면 메모해 두십시오. 지금 사건번호 2024-형사-0921번입니다. 그리고 절대 제3자에게 이 내용 말하지 마세요. 특히 은행 직원한테도 직접 설명하지 마세요. 설명하는 순간 본인 계좌가 압수 절차로 넘어갈 수 있습니다. 지금은 제가 안내하는 대로 계좌 확인만 하시면 됩니다. 본인 통장 끝자리와 최근 이체 내역부터 말씀해 주십시오. 서둘러야 합니다.",1,수사기관 사칭형,augmented_llm
aug_수사기관 사칭형_0154,"여보세요. 서울중앙지방검찰청입니다. 최지훈 검사입니다. 지금 본인 명의로 된 통장이 범죄 현장에서 압수돼서 연락드렸습니다. 농협 계좌와 기업은행 계좌가 확인됐고, 그중 한 개는 본인 명의로 개설된 걸로 나왔습니다. 본인께서 직접 사용하신 적 없으시면 명의도용입니다. 네? 그게 무슨 말이에요. 간단히 말하면 본인 이름이 범죄자들 손에 넘어갔다는 뜻입니다. 현재 해당 계좌들은 동결 조치 검토 중이고, 자금이 남아 있으면 압수될 수 있습니다. 지금 굉장히 급한 상황입니다. 혹시 신분증을 타인에게 보여준 적 있습니까. 아니요. 그럼 휴대전화 문자로 인증번호 받은 적은요. 모르겠는데요. 그것도 유출 경로일 수 있습니다. 지금부터는 누구한테도 말하지 마세요. 특히 은행이나 지인에게 물어보면 안 됩니다. 왜냐면 수사가 진행 중이라서 외부에 알려지면 증거가 사라집니다. 본인 통화 기록도 남고, 이 통화도 녹취됩니다. 제가 안내하는 절차만 따라주시면 됩니다. 우선 본인 명의 계좌가 맞는지 확인하려면 계좌번호 일부를 불러야 합니다. 숨기실 필요 없습니다. 지금 이건 피해자 구제 절차입니다. 아닙니다, 저는 정말 모릅니다. 그럼 더 위험합니다. 모르면 더 빨리 확인해야 합니다. 지금 당장 농협이나 기업은행 통장부터 확인해 보시고, 끝자리 네 자리만 말씀해 주세요. 지체하면 계좌 전액 압수될 수 있습니다.",1,수사기관 사칭형,augmented_llm
aug_수사기관 사칭형_0155,"여보세요, 금융감독원 특별조사팀입니다. 박성우 조사관입니다. 본인 이름으로 개설된 계좌가 불법 도박 자금에 사용된 것으로 확인돼서 긴급 연락드렸습니다. 하나은행과 국민은행 계좌가 압수 목록에 올라와 있습니다. 본인께서 개설하지 않으셨다면 명의도용이 맞습니다. 아니, 저는 그런 적 없습니다. 그렇다면 지금부터 조심하셔야 합니다. 계좌가 범죄 자금 통로로 쓰였기 때문에, 오늘 안에 확인 안 되면 동결되고 추후에는 압수 처리까지 갈 수 있습니다. 그리고 이건 중요합니다. 가족, 친구, 회사 누구한테도 말하지 마십시오. 특히 지금은 제3자와 연락 차단이 필요합니다. 왜요. 제3자가 개입하면 자금 은닉으로 오해받을 수 있고, 본인 계좌 보호가 어려워집니다. 제가 사건번호 불러드리겠습니다. 2024-감조-4402번입니다. 메모하셨습니까. 네. 좋습니다. 지금 본인 명의로 확인된 계좌의 최근 거래를 확인해야 합니다. 혹시 최근에 이체한 적 있습니까. 아니요. 그럼 더더욱 이상합니다. 누군가 본인 정보를 이용했을 수 있습니다. 지금은 혼자 계셔야 하고, 다른 전화 받지 마시고, 은행에 직접 문의하지도 마세요. 저희가 안내하는 대로 계좌번호와 예금주 확인만 해주시면 됩니다. 시간 없습니다. 서둘러 주십시오.",1,수사기관 사칭형,augmented_llm
aug_수사기관 사칭형_0156,"여보세요. 네, 서울중앙지방검찰청입니다. 지금 통화 가능하십니까. 저는 금융범죄수사부 사건 담당 검사 보조 수사관 김태윤입니다. 이 통화는 녹취됩니다. 잠깐 메모 가능하시면 메모하시고 끝까지 차분하게 들어주셔야 됩니다. 네. 지금 본인 명의로 된 농협 계좌가 대포통장으로 확인돼서 연락드린 겁니다. 대포통장이요. 네, 저희가 최근에 불법 자금 세탁 조직을 검거했는데 현장에서 본인 이름으로 개설된 계좌가 나왔어요. 본인 명의도용이거나, 아니면 본인이 직접 넘기셨거나 둘 중 하나입니다. 저는 그런 적 없는데요. 그러시면 다행인데, 현재 계좌는 압수 및 동결 대상입니다. 이 상태로 두면 추가로 자금이 들어가는 순간 본인도 공범 혐의로 엮일 수 있어요. 아니 저는 진짜 몰라요. 네, 그래서 지금부터 비밀 유지가 중요합니다. 가족분이나 지인에게 말씀하시면 안 되고, 은행에도 임의로 전화하시면 안 됩니다. 왜요? 제가 지금 설명드리는 절차 외에 다른 번호로 문의가 들어가면 수사 보안이 깨집니다. 그리고 본인 주변에 누가 있어도 통화는 혼자서만 하셔야 합니다. 네. 본인 명의로 추가 개설된 국민은행이나 기업은행 계좌가 있는지도 확인해야 합니다. 제가 지금 자료를 보면 농협 말고도 하나 더 연계 흔적이 보이는데요. 저는 그런 계좌 없어요. 없으시면 없다고만 말씀하시면 됩니다. 다만 지금 확인 안 되면 오늘 안에 출석요구서가 발부될 수 있고, 계좌 압수 절차가 진행되면 전액 지급 정지됩니다. 잠깐만요, 그럼 제가 뭘 해야 돼요. 일단 본인 신분 확인부터 하겠습니다. 주민등록상 주소와 연락처, 그리고 최근 사용한 입출금 계좌를 말씀해 주세요. 계좌번호 전체가 아니라 끝 네 자리만요. 그리고 절대 다른 사람과 상의하지 마세요. 상의하면 도주나 증거 인멸로 볼 수 있습니다. 지금 바로 답변해 주셔야 합니다. 시간이 없습니다.",1,수사기관 사칭형,augmented_llm
aug_수사기관 사칭형_0157,"여보세요. 금융감독원 특수조사팀입니다. 본인 명의로 기업은행 계좌가 범죄자금 세탁용 대포통장으로 사용된 정황이 확인됐습니다. 지금 바로 통화 가능하십니까. 저는 조사관 오세훈입니다. 메모부터 하세요. 네. 현장에서 검거된 인물들이 본인 개인정보를 이용해 계좌를 개설한 것으로 확인됐고, 해당 계좌는 이미 동결 요청이 들어간 상태입니다. 동결이요? 네, 동결과 압수 절차가 동시에 진행됩니다. 본인께서 모르셨더라도 명의도용 피해 진술을 빨리 해주셔야 합니다. 그럼 저는 피해자인 거죠? 아직 확정은 아닙니다. 현재로서는 본인 명의 계좌가 범죄에 이용됐기 때문에 수사 대상입니다. 그리고 지금 이 상황은 굉장히 긴급합니다. 외부에 알리면 안 됩니다. 아내분이나 자녀분, 직장에는 절대 말씀하지 마세요. 왜요? 공범에게 정보가 새면 자금 추적이 끊깁니다. 지금 계좌에 남아 있는 금액이 있으면 그대로 묶일 수 있고, 추가로 연계된 하나은행 계좌까지 전부 지급 정지될 수 있습니다. 저는 하나은행은 없는데요. 그러면 없다고 해도 됩니다. 대신 최근에 계좌개설 확인 문자나 이체 내역이 있었는지 확인해야 합니다. 본인 폰에 온 문자 보여주실 수 있습니까. 그런데 왜 계좌번호를 확인하려고 하시죠? 명의도용 피해 사실을 입증하려면 본인 사용 계좌와 범죄 계좌를 대조해야 합니다. 지금 본인 명의로 된 농협, 국민은행, 기업은행 중 실제 사용하는 계좌가 무엇인지 끝 네 자리만 말씀해 주세요. 잠시만요, 제가 가족이랑. 안 됩니다. 지금은 비밀 유지가 원칙입니다. 가족과 통화하시면 바로 공범 접촉으로 기록됩니다. 제가 말씀드리는 대로만 하시면 됩니다.",1,수사기관 사칭형,augmented_llm
aug_수사기관 사칭형_0158,"여보세요. 경찰청 지능범죄수사팀입니다. 지금 본인 이름으로 된 하나은행 통장이 대포통장으로 압수됐습니다. 담당 수사관 박준호입니다. 통화는 녹취되고 있고, 허위 진술 시 체포영장 신청까지 검토됩니다. 네? 제가요? 네, 검거 현장에서 본인 명의 계좌와 위조 신분증이 같이 발견됐습니다. 현재 범죄조직이 본인 정보를 이용해 불법 이체를 했고, 피해금이 여러 건 들어가 있습니다. 저는 그런 사람 모르는데요. 모르셔도 상관없습니다. 다만 모르셨다는 사실을 지금 바로 진술하셔야 합니다. 그리고 본인 계좌는 즉시 동결됩니다. 동결되면 출금도 이체도 안 됩니다. 이걸 막으려면 오늘 안에 피해자 확인 절차를 밟아야 합니다. 아니 왜 이렇게 급해요? 현재 자금이 빠져나가면 추적이 끊기고, 본인도 자금세탁 공범으로 오해받을 수 있습니다. 그래서 지금 다른 사람과 연결하면 안 됩니다. 친구분이나 회사, 은행 상담원에게도 말하지 마세요. 대신 제가 묻는 것만 답하십시오. 최근에 본인 명의로 농협이나 국민은행 계좌를 새로 만든 적 있습니까? 없습니다. 그러면 좋습니다. 그런데 계좌가 이미 발견됐기 때문에, 본인 명의가 유출된 경로를 확인해야 합니다. 신분증 사진을 누가 가져간 적 있는지, 문자 인증번호를 알려준 적 있는지 말씀해 주세요. 잠깐만요, 그럼 계좌는 어떻게 되는 거죠? 우선 압수 절차로 넘어갑니다. 다만 피해자 진술이 신속하면 해제 검토가 가능합니다. 늦어지면 전액 보류됩니다. 지금부터는 혼자 계셔야 하고, 절대 통화를 끊지 마십시오.",1,수사기관 사칭형,augmented_llm
aug_수사기관 사칭형_0159,"여보세요. 서울중앙지방검찰청입니다. 본인 명의의 국민은행 계좌가 불법 도박 자금 수거에 사용된 사실이 확인돼서 연락드렸습니다. 저는 검사실 직속 수사관 한지은입니다. 지금 말씀드리는 내용은 비공개 수사입니다. 밖에 계시면 조용한 곳으로 이동하세요. 네. 본인 계좌가 대포통장으로 넘어갔고, 이미 압수 목록에 올라갔습니다. 압수요? 네, 계좌는 동결 처리 들어갔고, 추가 연계 계좌가 있으면 그것도 전부 묶입니다. 지금부터는 절대 지인에게 연락하지 마세요. 특히 배우자나 형제에게 말하면 안 됩니다. 왜 그런가요? 범죄조직 쪽에서 계좌 정보 확인을 막으려 하기 때문입니다. 본인 이름으로 기업은행 입출금 계좌가 추가로 개설된 흔적도 보여서 확인 중입니다. 저는 기업은행은 안 쓰는데요. 그럼 안 쓰는 게 맞는지 확인만 하겠습니다. 본인 신분증을 누가 빌려간 적, 사진을 찍어간 적, 택배나 인터넷 신청을 한 적 있습니까. 없어요. 그럼 피해 가능성이 큽니다. 다만 지금부터는 제 지시를 따라야 합니다. 은행에 직접 전화하지 마시고, 인터넷 뱅킹도 건드리지 마세요. 자칫하면 증거가 사라집니다. 네. 본인 명의 계좌 끝 네 자리와 최근 이체한 금액을 말해 주세요. 그리고 통화 중 다른 사람 목소리가 들리면 바로 끊겠습니다. 혼자 계신 거 맞죠? 네. 좋습니다. 지금 바로 확인하겠습니다.",1,수사기관 사칭형,augmented_llm
aug_수사기관 사칭형_0160,"여보세요. 경찰청 수사본부입니다. 본인 명의로 개설된 농협 계좌가 사기 조직의 자금 세탁 통로로 확인됐습니다. 저는 사이버범죄수사대 이도현 수사관입니다. 먼저 말씀드리는데, 이 사건은 매우 심각합니다. 지금 계좌가 동결되지 않으면 추가 피해가 발생합니다. 저한테는 그런 계좌 없는데요. 그럼 더 위험한 상황입니다. 누군가 본인 명의를 도용해 개설했을 가능성이 높습니다. 현재 본인 명의 계좌는 압수 대상이고, 관련자들이 이미 검거됐습니다. 현장에서 신분증 사본과 체크카드 여러 장이 같이 나왔습니다. 아니 그럼 제가 피해자인가요? 네, 일단은 피해자로 볼 수 있습니다. 하지만 수사 협조를 안 하시면 공범 검토로 넘어갈 수 있습니다. 지금 다른 가족분과 상의하시면 안 됩니다. 절대요. 왜요? 지금은 제3자 접촉을 차단해야 합니다. 은행, 친구, 가족 누구에게도 말하지 마세요. 본인 명의로 국민은행이나 하나은행 계좌가 더 있는지 확인해야 합니다. 그리고 최근에 누군가 계좌번호를 묻거나 인증번호를 요구한 적 있는지도 말해 주세요. 그런 적은 없어요. 좋습니다. 그럼 지금 계좌번호 확인을 위해 끝 네 자리만 말씀해 주시고, 바로 피해 진술 진행하겠습니다. 시간이 없습니다. 본인 통화가 끊기면 수사자료가 누락될 수 있습니다. 지금 바로 답해주세요.",1,수사기관 사칭형,augmented_llm
aug_수사기관 사칭형_0161,"여보세요. 서울중앙지방검찰청입니다. 저는 첨단범죄수사부 김도현 수사관이고요. 지금 통화 가능하십니까? 예? 네, 본인 명의로 대포통장이 발견돼서 연락드렸습니다. 대포통장이요? 저는 그런 거 만든 적 없는데요. 맞습니다, 본인이 직접 개설하신 게 아니라 명의도용된 정황으로 확인됐습니다. 현재 검찰 쪽에서 확인한 바로는 농협과 국민은행 계좌가 불법 자금 세탁에 사용됐고, 본인 명의로 개설된 정황이 있습니다. 저희가 이미 계좌 동결 절차를 걸어놨고, 추가로 압수까지 들어갈 수 있는 사안입니다. 아니 제가 진짜 모르는데요. 모르신다고 해도 지금은 긴급 확인이 필요합니다. 이 사건은 단순 문의가 아니고 형사사건입니다. 지금 제3자에게 말씀하시면 안 됩니다. 가족분들, 지인분들, 은행 직원에게도 먼저 말하지 마시고 저랑만 통화하십시오. 왜요? 지금 정보가 퍼지면 공범으로 오해받을 수 있습니다. 본인 명의 계좌가 범죄단에 넘어갔고, 이미 자금 흐름이 잡혔습니다. 서울중앙지방검찰청에서 직접 연락드린 이유는 피해자 여부를 빨리 가려야 하기 때문입니다. 제가 메모하실 수 있으면 사건번호 말씀드리겠습니다. 네, 말씀하세요. 사건번호는 이천이십사, 구백십칠, 오삼이일입니다. 다시 한 번 말씀드릴게요. 이 사건은 계좌 압수와 동결이 걸린 상태라 시간이 없습니다. 지금 본인 명의로 된 농협, 국민은행 계좌 외에 하나은행이나 기업은행도 쓰신 적 있습니까? 아니요. 전혀요. 그럼 현재 사용 중인 계좌의 마지막 네 자리만 확인해 주십시오. 본인 확인 절차입니다. 아니 그걸 왜요? 피해자 입증이 되려면 확인이 필요합니다. 지금 안 하시면 저희가 임의로 전면 동결을 진행할 수 있습니다. 절차상 본인 자산도 함께 묶일 수 있어요. 빨리 말씀해 주세요. 계좌번호 뒤 네 자리만요.",1,수사기관 사칭형,augmented_llm
aug_수사기관 사칭형_0162,"여보세요. 금융감독원 조사팀입니다. 저는 이수진 조사관이고요. 지금 본인 명의가 범죄에 연루돼서 급히 연락드렸습니다. 무슨 말씀이세요? 최근에 하나은행과 기업은행 쪽에서 본인 이름으로 대포통장이 확인됐습니다. 명의도용 피해 통보입니다. 저는 그런 계좌 없어요. 네, 그 점 때문에 연락드리는 겁니다. 누군가 개인정보를 이용해서 계좌를 개설했고, 그 계좌로 불법 자금이 들어갔습니다. 현재 압수 및 동결이 진행 중이고, 본인께서 사실 확인 안 하시면 피해자 구제가 늦어집니다. 아니 제가 뭘 해야 되는데요? 우선 지금은 혼자 계셔야 합니다. 가족이나 친구분들께 말씀하시면 안 됩니다. 특히 은행에도 바로 전화하지 마십시오. 지금 외부에 알려지면 사건이 꼬입니다. 그럼 어떻게 해야 돼요? 저희가 드리는 지시만 따라주시면 됩니다. 이 통화는 녹취됩니다. 네? 녹취된다는 말입니다. 본인 보호를 위한 절차입니다. 현재 본인 명의로 된 하나은행 계좌가 불법 도박 자금과 연결된 게 확인됐고, 국민은행 계좌도 추가 조회 대상입니다. 본인 이름과 주민등록 앞자리, 그리고 사용 중인 계좌 마지막 네 자리를 불러주셔야 합니다. 아니 그런 정보는 왜요? 본인 확인입니다. 확인이 안 되면 계좌 압수로 넘어갑니다. 그리고 지금부터는 다른 전화 받지 마세요. 수사 진행 중에 제3자와 통화하면 공범 접촉으로 오해받을 수 있습니다. 지금 상황 심각합니다. 본인 계좌가 묶이면 급여도 못 받고 출금도 안 됩니다. 서둘러 주십시오.",1,수사기관 사칭형,augmented_llm
aug_수사기관 사칭형_0163,"네, 경찰청 지능범죄수사대입니다. 저는 박준호 수사관입니다. 본인 명의 계좌가 대포통장으로 확인돼서 전화드렸습니다. 저 경찰서 같은데요? 네, 경찰청 맞습니다. 지금 검거된 사건 현장에서 본인 명의의 농협 통장과 기업은행 체크카드가 압수됐습니다. 저는 그런 거 잃어버린 적도 없는데요. 그래서 명의도용 가능성을 보고 있는 겁니다. 현재 본인 이름으로 개설된 계좌가 범죄 조직에 넘어가 있었고, 이미 입금된 자금이 수천만 원 규모입니다. 계좌는 즉시 동결됐고, 추가 확인이 없으면 압수 절차가 진행됩니다. 아니 왜 제 계좌가 거기 있어요? 저도 모르니까 연락드린 겁니다. 지금부터는 제 지시에만 따라주셔야 합니다. 다른 사람에게 말하지 마시고, 은행에도 아직 연락하지 마세요. 괜히 움직이면 자금 은닉으로 보일 수 있습니다. 자금 은닉이요? 네, 오해받을 수 있다는 뜻입니다. 지금 본인이 개설한 농협 계좌가 맞는지, 아니면 누군가 도용한 건지 확인해야 합니다. 본인 계좌번호 앞부분만 말씀해 주세요. 아니 그건 못 말하겠는데요. 그럼 계좌 동결 상태로 유지됩니다. 본인 급한 돈도 못 빼고, 카드도 막힐 수 있습니다. 그리고 이 사건은 경찰청에서 검찰로 바로 넘어갈 수 있어요. 지금 협조 안 하시면 소환까지 갈 수 있습니다. 빨리 말씀해 주세요. 계좌 끝 네 자리라도요.",1,수사기관 사칭형,augmented_llm
aug_수사기관 사칭형_0164,"여보세요. 서울중앙지방검찰청입니다. 형사부 오민석 검사입니다. 지금 본인 명의 계좌가 범죄에 이용돼서 즉시 확인이 필요합니다. 검사님이세요? 네, 검사입니다. 본인 명의로 개설된 국민은행과 하나은행 계좌가 대포통장으로 적발됐습니다. 검거된 피의자 진술에서도 본인 개인정보가 유출된 정황이 나왔습니다. 아니 저는 그런 데에 연루된 적이 없는데요. 그럼 더 빨리 확인해야 합니다. 지금 본인 계좌는 이미 지급정지 및 압수 보류 상태입니다. 만약 확인이 늦어지면 본인도 조사 대상이 됩니다. 어떡하라는 거예요? 우선 외부 연락 끊으십시오. 지금 누구와도 상의하지 마세요. 자녀, 배우자, 직장 동료에게도 말하지 마십시오. 특히 은행에 먼저 전화하시면 안 됩니다. 왜요? 저희가 잡은 조직이 본인 계좌를 자금통로로 썼기 때문입니다. 지금 보안 유지가 핵심입니다. 이 통화 내용 유출되면 안 됩니다. 알겠습니까? 네. 그럼 본인 확인을 위해 계좌 사용 내역을 물어보겠습니다. 최근 한 달 동안 입금이나 이체가 있었는지 답하십시오. 그리고 농협 계좌가 있는지, 기업은행 계좌가 있는지도 말씀해 주셔야 합니다. 아니 그걸 왜 검사님이 물어보세요? 사건 연루 여부를 보는 겁니다. 지금 답변이 없으면 검찰 쪽에서 전면 동결을 유지할 수밖에 없습니다.",1,수사기관 사칭형,augmented_llm
aug_수사기관 사칭형_0165,"네, 금융감독원 특별조사팀입니다. 저는 최현우 조사관이고요. 본인 명의로 된 대포통장 사건이 확인돼서 연락드렸습니다. 무슨 사건이요? 현재 농협 계좌와 국민은행 계좌가 불법 대출 자금 세탁에 쓰인 걸로 나왔습니다. 본인 명의가 도용된 정황이 강합니다. 저는 그런 계좌를 누가 만들었는지 모르는데요. 맞습니다. 그래서 지금 제가 도와드리는 겁니다. 이 사건은 이미 계좌 동결, 압수 보류, 출금 제한까지 걸릴 수 있는 단계입니다. 본인이 바로 협조하지 않으면 피해 회복이 늦어집니다. 협조하려면 뭘 해야 돼요? 먼저 다른 전화 받지 마시고, 가족에게도 알리지 마세요. 지금은 비밀 유지가 가장 중요합니다. 그리고 본인 명의로 된 계좌 정보를 하나씩 확인해야 합니다. 농협, 국민은행, 하나은행, 기업은행 중 사용 중인 계좌가 있으면 끝 네 자리를 말씀해 주십시오. 아니 그건 말하기 싫은데요. 말 안 하시면 저희가 도용 피해가 아닌 것으로 보고 사건을 전환할 수 있습니다. 그러면 본인도 자금 세탁 공범으로 오해받을 수 있어요. 지금 시간이 없습니다. 계좌번호 일부만 불러주시면 바로 피해자 확인 절차를 진행하겠습니다. 조용히 말씀해 주세요. 지금 혼자 계시죠? ուրիշ가 들으면 안 됩니다.",1,수사기관 사칭형,augmented_llm
aug_수사기관 사칭형_0166,"여보세요. 서울중앙지방검찰청입니다. 저는 첨단범죄수사부 최도윤 검사입니다. 지금 본인 명의로 개설된 농협 계좌가 대포통장으로 확인돼서 긴급 연락드렸습니다. 혹시 지금 통화 가능하십니까? 아니요, 무슨 말씀이세요? 본인 이름으로 된 계좌가 범죄 자금 세탁에 이용됐고, 검거된 일당 휴대전화에서 본인 주민등록번호와 계좌 정보가 같이 나왔습니다. 현재 이 사건은 명의도용이든 공범이든 즉시 확인해야 하고, 지체되면 계좌 동결이 아니라 압수 절차까지 들어갑니다. 저랑 이야기하시는 내용은 외부에 절대 말하시면 안 됩니다. 가족이든 지인이든 지금은 연락 끊으셔야 합니다. 네? 아니 제가 그런 적이 없는데요. 없으셔도 확인은 하셔야죠. 저희가 확인한 자료상 농협 계좌에서 불법 자금이 오갔고, 추가로 국민은행과 하나은행 쪽도 연동 여부가 잡혔습니다. 본인 명의로 개설된 게 맞는지부터 말씀하세요. 계좌 번호 끝자리 확인해보면 되잖아요. 아니요, 지금은 말씀드릴 수 없습니다. 말씀 안 하시면 본인 명의 전체 계좌를 우선 동결 처리합니다. 그리고 계좌가 범죄 수익 환수 대상이면 출금은 물론 카드 사용도 막힙니다. 지금은 당황하실 시간 없습니다. 본인 명의 도용 피해자면 바로 피해자 진술서 작성하셔야 하고, 가담 정황이면 체포영장 검토됩니다. 저희가 보내드리는 절차에만 따르세요. 다른 사람에게 말하지 마시고, 지금 휴대전화도 스피커 끄고 단독으로 받으세요. 네, 지금 확인해보겠습니다. 확인은 제가 시키는 대로 하셔야 합니다. 우선 농협 인터넷뱅킹과 연결된 본인 계좌의 잔액, 출금 가능 여부, 최근 이체 내역을 말씀해 주세요. 그리고 절대 끊지 마세요. 제가 끝까지 안내하겠습니다.",1,수사기관 사칭형,augmented_llm
aug_수사기관 사칭형_0167,"여보세요. 경찰청 사이버수사대입니다. 저는 수사관 김태현입니다. 지금 본인 명의로 된 기업은행 계좌가 대포통장으로 적발돼서 연락드렸습니다. 통화 내용은 녹취됩니다. 네? 제가요? 네, 지난주 검거한 사기단 장부에서 본인 명의와 주민등록번호가 일치하는 계좌가 확인됐습니다. 이 계좌는 범죄 조직이 사용한 계좌로 추정되며, 현재 압수 대상입니다. 본인이 개설한 게 아니면 명의도용 피해자고, 본인이 개설했으면 공범으로 처리됩니다. 지금부터 제3자와 통화하시면 안 됩니다. 가족, 친구, 직장 모두에게 말하지 마세요. 네, 잠깐만요. 그럼 제가 뭘 해야 되는데요? 우선 본인 명의로 된 모든 계좌를 확인해야 합니다. 기업은행, 국민은행, 하나은행, 농협 중에 이용하시는 계좌가 있습니까? 있긴 한데요. 그 계좌번호를 지금 바로 말씀하시면 됩니다. 계좌번호 확인은 왜요? 대포통장으로 연결된 계좌는 즉시 동결을 걸어야 하기 때문입니다. 동결이 되면 출금, 이체, 카드 결제가 전부 막힙니다. 그 전에 본인이 피해자인지 가담자인지 구분해야 합니다. 지금 이 사건은 긴급 사건입니다. 다른 사람한테 물어보지 마시고, 스마트폰도 비행기 모드로 바꾸지 마세요. 제가 드리는 번호로 금융감독원 협조 절차를 진행하셔야 합니다. 아니 근데 진짜 경찰 맞으세요? 네, 서울지방경찰청 사건입니다. 그리고 본인 명의 계좌가 범죄에 사용된 정황이 있으니 지금 화면에 보이는 최근 입출금 내역부터 읽으세요. 조금만 지연되면 압수수색 연계로 넘어갑니다.",1,수사기관 사칭형,augmented_llm
aug_수사기관 사칭형_0168,"여보세요. 저는 금융감독원 조사관 박세진입니다. 지금 본인 명의의 하나은행 계좌가 범죄자금 통로로 확인돼서 연락드렸습니다. 이 통화는 기록됩니다. 본인께서 직접 개설한 계좌가 맞는지 확인해야 합니다. 아니요, 저는 그런 적 없어요. 그럼 명의도용 피해 가능성이 높습니다. 그런데 현재 계좌가 범죄 조직 명단에 올라가 있어서 바로 조치하지 않으면 전 계좌가 동결되고, 경우에 따라 압수 절차로 넘어갑니다. 지금 이 사실을 가족이나 주변에 말하시면 안 됩니다. 외부 연락 차단하세요. 네? 왜요? 수사 중인 사안이라 정보가 새면 증거 인멸로 판단될 수 있습니다. 본인 명의로 발견된 계좌는 하나은행 한 개가 아니라 농협, 국민은행까지 연계 흔적이 있습니다. 혹시 최근에 신분증이나 휴대전화 인증번호를 누군가에게 알려준 적 있습니까? 없는데요. 그럼 더더욱 명의도용입니다. 지금부터는 저희가 안내하는 대로 본인 명의 계좌의 잔액과 최근 이체 금액을 확인하셔야 합니다. 확인 안 하시면 피해자 구제가 늦어집니다. 그리고 상대방이 계속 연락하면 받지 마세요. 지금 본인 계좌가 범죄 수익금 보관용으로 사용됐을 가능성이 있어서, 시간 끌면 계좌가 완전히 묶입니다. 네, 그러면 제가 어떻게 해야 해요? 우선 본인 본인 확인 절차를 위해 주민등록번호 앞자리와 계좌 마지막 네 자리를 말씀하세요. 그 다음 압수 대상 계좌를 분리해드리겠습니다.",1,수사기관 사칭형,augmented_llm
aug_수사기관 사칭형_0169,"여보세요. 서울중앙지방검찰청 형사부입니다. 담당 검사 정우진입니다. 본인 명의로 된 국민은행 계좌가 불법 도박 자금 세탁에 쓰인 사실이 확인됐습니다. 지금 통화는 녹취 중이고, 본인도 피의자 또는 피해자 신분으로 분류될 수 있습니다. 무슨 말씀이세요? 저희가 검거한 일당의 휴대전화와 노트북에서 본인 인적사항이 발견됐고, 계좌 개설 내역도 같이 나왔습니다. 만약 본인이 개설한 게 아니면 명의도용 피해이고, 개설했다면 대포통장 판매 혐의로 체포영장 검토 대상입니다. 따라서 지금부터는 주변 사람 누구에게도 말하지 마십시오. 절대 은행에 직접 전화하시면 안 됩니다. 제가 먼저 안내하는 절차만 따라야 합니다. 네, 근데 제가 지금 확인이 안 돼서요. 확인은 제가 시키는 대로 하시면 됩니다. 먼저 국민은행 계좌의 최근 이체 내역과 잔액을 말씀해 주세요. 그리고 농협이나 기업은행 계좌도 보유 중이면 같이 확인해야 합니다. 본인 명의 전체 계좌를 묶어서 조회해야 하거든요. 안 하시면 관련 계좌 전부 동결됩니다. 동결되면 출금도 못 하고 카드도 못 씁니다. 지금 이 사건은 긴박합니다. 검거된 조직이 추가로 본인 명의 계좌를 더 확보했을 가능성도 있어서 시간이 없습니다. 그러니 지금 조용한 곳으로 가서 혼자 통화하세요. 가족이 옆에 있으면 안 됩니다. 네? 네, 제가 확인할게요. 좋아요. 그럼 계좌번호 끝자리부터 불러주시고, 혹시 문자로 온 인증번호는 절대 누구에게도 전달하지 마세요.",1,수사기관 사칭형,augmented_llm
aug_수사기관 사칭형_0170,"여보세요. 경찰청 지능범죄수사팀입니다. 저는 수사관 이수현입니다. 지금 본인 명의의 농협 계좌가 대포통장으로 적발돼서 바로 연락드렸습니다. 현재 이 사건은 긴급 사건으로 분류됐고, 본인 명의 계좌는 압수 및 동결 대상입니다. 저희가 검거한 사기단 현장에서 본인 이름, 주민등록번호, 계좌 내역이 함께 확인됐습니다. 아, 제가 그런 적 없는데요. 그럼 명의도용입니다. 하지만 본인이 직접 확인 절차에 협조하지 않으면 피해자 보호가 불가능합니다. 지금은 누구에게도 말하지 마세요. 특히 가족이나 직장 동료에게 연락하시면 안 됩니다. 수사 내용이 새면 증거가 훼손됩니다. 네, 알겠습니다. 그럼 제가 뭘 하면 되죠? 우선 본인 명의로 된 계좌가 농협 말고 하나은행, 국민은행, 기업은행에도 있는지 확인해야 합니다. 그리고 각 계좌의 잔액과 최근 입출금 내역을 불러주세요. 저희가 대포통장 사용 여부를 대조하겠습니다. 계좌가 하나라도 더 나오면 전부 동결됩니다. 동결되면 본인도 출금할 수 없고, 보안상 창구 처리도 막힙니다. 지금 통화가 길어질수록 피해 복구가 늦어지니 바로 협조하셔야 합니다. 본인 신분증과 통장, 휴대전화를 옆에 두고 말씀하세요. 절대 끊지 마시고, 제 안내에 따라 계좌 확인부터 진행하겠습니다.",1,수사기관 사칭형,augmented_llm
aug_수사기관 사칭형_0171,"여보세요. 서울중앙지방검찰청입니다. 저는 형사부 이준혁 검사 보좌관입니다. 지금 통화 가능하십니까? 잠깐만요, 이 통화는 녹취됩니다. 본인 확인 절차 때문에 말씀드리는 거니까 끊지 마시고 그대로 들어주셔야 합니다. 네, 무슨 일이죠? 다름이 아니고 선생님 명의로 개설된 농협 계좌가 현재 범죄 자금 세탁에 사용된 정황이 확인됐습니다. 농협이요? 저는 농협 계좌 하나 있는데요. 그 계좌가 지금 대포통장으로 확인됐다는 뜻입니다. 저희가 서울중앙지방검찰청에서 수사 중인 금융사기 사건을 진행하던 중에 피의자 일당을 검거했고, 현장에서 선생님 명의로 된 통장과 체크카드가 함께 압수됐습니다. 저는 그런 적 없는데요. 없으시더라도 명의도용이 됐을 가능성이 있습니다. 지금 문제는 가볍지 않습니다. 계좌가 범죄에 이용된 이상 본인 의사와 상관없이 계좌 동결 및 압수 절차가 진행됩니다. 동결이요? 네, 그리고 이 사건은 금융감독원에도 연계돼 있어서 자칫하면 선생님도 공범으로 오해받을 수 있습니다. 공범이요? 저는 진짜 모릅니다. 그래서 지금 확인하는 겁니다. 선생님이 타인에게 신분증 사진이나 계좌 정보를 준 적이 없으면 명의도용 피해자로 정리될 수 있습니다. 대신 지금부터는 제삼자와 연락하시면 안 됩니다. 가족이든 지인이든 이 사건을 말하면 안 되고, 특히 은행이나 다른 사람에게 먼저 문의하시면 증거가 흐트러집니다. 아, 근데 지금 아내한테 전화해도 되나요? 안 됩니다. 절대 안 됩니다. 지금은 비밀 유지가 가장 중요합니다. 지금 다른 사람에게 알리면 수사가 지연되고 계좌 해제도 늦어집니다. 선생님 계좌가 농협 말고 하나은행, 국민은행, 기업은행 쪽에 추가로 있는지도 확인해야 합니다. 제가 계좌를 왜 말해야 하죠? 본인 명의 계좌 전체를 대조해야 불법 사용 여부를 확인할 수 있기 때문입니다. 말씀 안 하시면 저희가 압수된 통장과 대조해서 전부 동결할 수밖에 없습니다. 지금 선생님이 협조하셔야 피해자 입증이 됩니다. 피해자 입증이요? 네. 선생님 명의로 범죄 자금이 들어간 계좌가 확인됐기 때문에, 지금 바로 계좌번호 앞자리와 끝 네 자리만 불러주십시오. 아니 왜 끝자리까지요? 본인 계좌 맞는지 확인하려는 겁니다. 그리고 현재 사용 중인 입출금 계좌가 있으면 그것도 말씀하셔야 합니다. 지금 협조 안 하시면 검찰청에서 직접 출석 요구서가 나갈 수 있고, 경우에 따라 체포영장 신청도 검토됩니다. 체포영장이요? 네, 그러니까 감정적으로 생각하지 마시고 정확히 답하세요. 농협 말고 다른 계좌 있습니까? 하나은행 하나 있습니다. 끝 네 자리 불러주시고, 지금 바로 거래 내역 확인을 위해 인증 절차를 진행해야 합니다. 인증이요? 네, 이건 선생님 계좌 보호를 위한 절차입니다. 제가 안내하는 대로 앱에서 이체 한도를 낮추고, 의심 계좌로 묶인 금액을 안전 계좌로 옮겨야 합니다. 안전 계좌요? 그렇습니다. 지금 시간이 없습니다. 수사팀에서 압수된 계좌와 일치하는지 확인되는 즉시, 그 계좌는 자동으로 묶입니다. 그러니 누구한테도 말하지 마시고, 제가 불러드리는 안내에만 따라오세요.",1,수사기관 사칭형,augmented_llm
aug_대출 사기형_0001,"안녕하세요 고객님, 신한은행 대환대출 심사부 김도현입니다. 어제 접수하신 건으로 가조회 결과가 나와서 연락드렸습니다. 현재 고객님은 기존 대출이 2건 있으시고 신용점수가 612점으로 확인돼서, 일반 신규대출은 부결 가능성이 높습니다. 다만 저희 쪽에서 대환 전용 우대상품으로 진행하면 최대 7천만 원까지 가능하고 금리는 3.1퍼센트에서 5.8퍼센트 사이로 산출됩니다. 기존 채무를 한 번에 정리하신 뒤 다시 잡는 방식이라 월 납입 부담도 줄어드세요. 그런데 지금 고객님 건은 마지막 전산 확인에서 보증금 성격의 예치금이 있어야 승인 유지가 됩니다. 오늘 안에 48만 원만 입금되면 심사 바로 올려드릴 수 있는데, 이게 늦어지면 오늘 마감이라 내일은 한도 자체가 소멸됩니다. 제가 보기에 지금 바로 처리하셔야 해요. 고객님, 이거 편법 대환처럼 보일 수 있는데 실제로는 저희 내부 상계 처리라서 문제 없고요. 기존 대출 상환 완료 확인서 나오면 예치금은 바로 같이 돌려드리는 구조입니다. 입금 안 되면 부결로 끝나요. 지금 바로 가능하실까요? 네? 아니 그럼 제가 기존 대출을 먼저 갚아야 되는 거예요? 아니요 고객님, 먼저 예치금만 잡아두고 저희가 상환 처리 들어갑니다. 오늘 오후 다섯 시 전까지 못 넣으시면 이번 배정이 취소됩니다. 계좌번호 불러드릴게요. 잠시만 메모 부탁드립니다.",1,대출 사기형,augmented_llm
aug_대출 사기형_0002,"여보세요 고객님, 우리은행 서민대환팀 박지훈입니다. 문자 받으셨죠? 고객님께서 지난번에 신청하신 햇살론 연계 상품이 조회돼서 안내드리려고 전화드렸습니다. 현재 한도는 최대 5천5백만 원, 금리는 최저 2.9퍼센트입니다. 그런데 고객님 신용점수가 589점으로 확인돼서 단독 승인으로는 부결이 뜹니다. 그래서 저희가 지금 대환 방식으로만 살릴 수 있어요. 기존 카드론이랑 현금서비스를 먼저 정리한 다음에 새로 잡아야 하는데, 이 과정에서 금융사 시스템상 보증료 36만 원이 선납돼야 전산이 열립니다. 이건 고객님이 나중에 대출금에서 차감되는 거고요. 오늘 오후까지 안 넣으시면 자동 부결 처리돼서 다시는 같은 조건 안 나옵니다. 지금은 마감 임박이라 저희 심사팀도 한도 배정이 거의 끝났습니다. 고객님께서 현재 연체는 없으신데도 점수가 낮아서 일반 상품이 막힌 상태예요. 그래서 선납금만 먼저 처리하시면 내일 오전 중에 승인 문자 보내드릴 수 있습니다. 기존 대출을 바로 상환하고 갈아타는 형식이라 편법처럼 느껴지실 수 있는데, 전산상 정식 절차입니다. 지금 입금 가능하신가요? 아니요, 갑자기 왜 돈을 먼저 넣어야 하죠? 고객님, 부결 막으시려면 오늘 안에만 가능하세요. 제가 잠깐 계좌 안내드릴게요.",1,대출 사기형,augmented_llm
aug_대출 사기형_0003,"안녕하십니까, KB저축은행 상담센터 이서준입니다. 고객님 한도 조회 결과가 방금 나왔습니다. 현재 최대 6천만 원 가능하시고 금리는 4.2퍼센트부터 시작됩니다. 다만 고객님이 최근에 조회가 많으셔서 신용평점이 내려가 있는 상태라 단독 승인보다는 대환 조건으로만 열립니다. 지금 이 상품은 기존 대출을 일단 저희 쪽으로 묶어 드린 뒤, 고객님 통장 거래내역을 정리해서 승인 올리는 방식입니다. 그래서 오늘 중으로 작업비 명목 29만 원이 필요합니다. 이 금액이 들어와야 저희가 내부 심사표를 확정할 수 있어요. 오늘 저녁까지 마감이라 지금 아니면 내일은 한도가 빠집니다. 고객님 기존에 사용 중이신 2금융권 대출을 그대로 두면 부결이 확정이라, 저희가 먼저 받쳐드리고 갈아타는 쪽으로 안내드리는 거예요. 실질적으로는 편법 대환이 아니라 사전 정리 절차입니다. 고객님, 지금 바로 입금하시면 30분 안에 가승인 문자 드릴 수 있습니다. 늦으면 접수 자체가 닫혀요. 네? 작업비를 왜 제가 먼저 내야 하죠? 고객님, 시스템상 필수입니다. 이번 차수는 오늘 끝납니다. 계좌번호 불러드리겠습니다.",1,대출 사기형,augmented_llm
aug_대출 사기형_0004,"고객님, SBI저축은행 채무조정 담당 정태민입니다. 어제 상담 신청하신 건으로 조회했는데요, 현재 고객님 신용점수가 601점이고 기존 대출 3건이 동시에 잡혀 있어서 일반 대출은 부결 구간입니다. 그런데 저희 내부 우대대환으로는 최대 8천만 원까지 가능하고, 금리는 3.7퍼센트에서 6.1퍼센트로 안내 가능합니다. 다만 심사에서 한 번 막혀서, 지금은 선납 성격의 확인금 55만 원이 있어야 재심사로 넘길 수 있습니다. 이건 신용회복 확인용이라서 고객님 입장에서는 손해가 아니고, 승인 나면 바로 대출금에서 정산됩니다. 오늘 오후 4시까지 안 들어오면 자동 취소되니까 시간 거의 없습니다. 고객님께서 지금 기존 채무를 편법으로라도 묶어서 새 대출로 돌려막는 형태를 원하신 거라면, 저희가 가장 빠른 방법으로 처리해드릴 수 있습니다. 대신 선납금이 없으면 서류 접수 자체가 불가합니다. 지금 바로 입금되면 제가 심사팀에 먼저 올려드릴게요. 아니요, 그럼 승인 전에 돈부터 넣으라는 거예요? 네 고객님, 오늘만 가능한 건입니다. 마감 지나면 다시 한 달 기다리셔야 해요.",1,대출 사기형,augmented_llm
aug_대출 사기형_0005,"여보세요 고객님, 웰컴저축은행 대환전담 윤민우입니다. 고객님께서 신청하신 저금리 통합대출 건으로 연락드렸습니다. 현재 최대 한도는 4천8백만 원까지 보이시고 금리는 2.8퍼센트부터 가능합니다. 그런데 고객님은 최근 카드론 잔액이 남아 있고 신용점수가 578점으로 확인돼서, 그냥 신규로는 부결입니다. 그래서 제가 안내드리는 건 선상환 후재대출 방식입니다. 먼저 기존 대출 일부를 정리하는 확인금 43만 원을 넣으시면, 그 금액 기준으로 저희가 내부에서 상환능력 점수를 올려서 재심사 넣어드리는 거예요. 편법처럼 들릴 수 있지만 실제로는 대환 심사에서 많이 쓰는 방식입니다. 오늘 오후 두 시까지 접수 마감이라 그 이후엔 오늘 한도는 소진됩니다. 지금 안 하시면 내일은 금리가 올라가거나 아예 안 열릴 수 있어요. 고객님께서 바로 입금해주셔야 제가 승인팀에 넘길 수 있습니다. 기존 채무 정리하고 한 번에 갈아타시면 월 납입금이 줄어드니 서두르시는 게 맞습니다. 지금 계좌 안내드려도 될까요? 네? 돈부터 넣어야 한다고요? 네 고객님, 선납금 확인돼야 심사 진행됩니다. 오늘이 마지막입니다.",1,대출 사기형,augmented_llm
aug_대출 사기형_0006,"안녕하세요 고객님. 국민은행 대환대출 상담센터 김도현 팀장입니다. 어제 신용조회 진행하신 내역 확인돼서 가승인 결과 안내드리려고 전화드렸습니다. 현재 고객님은 기존 기대출이 2건 있으시고 신용점수 때문에 일반 대환은 부결로 잡히셨는데요. 대신 저금리 우회 대환으로는 가능하셔서 말씀드리는 겁니다. 한도는 최대 6천만 원까지 가능하고 금리는 3.2퍼센트부터 7.8퍼센트까지 고객님 신용상태에 따라 차등 적용됩니다. 다만 지금 고객님께서는 최근 연체 이력 때문에 바로 실행이 안 되고, 먼저 보증성 예치금 48만 원이 들어가야 전산이 풀립니다. 이건 대출 실행을 위한 확인 절차라서 환급 처리되는 금액이고요. 오늘 오후 4시 전까지 마감이라 지금 아니면 내일부턴 금리 4퍼센트대로 올라갑니다. 기존 카드론이랑 저축은행 건을 한 번에 정리하셔야 하니까 지금 저희 쪽에서 연결해드리는 계좌로 선납금 먼저 넣으셔야 됩니다. 납부 확인되면 바로 심사 올려서 오늘 중으로 대환 진행 도와드리겠습니다. 고객님, 이거 늦어지면 아예 부결로 떨어지니까 빨리 진행하셔야 합니다. 네, 계좌번호 불러드릴게요.",1,대출 사기형,augmented_llm
aug_대출 사기형_0007,"여보세요 고객님. 신한은행 여신상담부 박세진 과장입니다. 고객님께서 지난주에 조회하신 대환상품 가승인 떠서 연락드렸습니다. 지금 기존 대출이 좀 많으셔서 신용점수 때문에 일반 상품은 안 나오셨고요. 대신 저희 내부 한도 조정으로는 최대 4천5백만 원, 금리 2.9퍼센트 가능하십니다. 그런데 조건이 하나 있습니다. 부채비율 조정 때문에 선납 보증금 35만 원을 먼저 입금하셔야 심사계좌가 활성화됩니다. 이건 편법이 아니라 시스템상 필요한 절차고요. 고객님처럼 급하게 대환하시는 분들 많이 하십니다. 오늘 3시까지 안 넣으시면 자동 취소되고, 그러면 다시 조회하셔도 금리가 1퍼센트 이상 올라갈 수 있습니다. 고객님 지금 카드론이랑 현금서비스 묶어서 정리하시면 매달 부담 많이 줄어드실 거예요. 일단 이체 가능하신가요. 지금 바로 하셔야 오늘 접수 마감 전 심사 올릴 수 있습니다. 부결 나면 다시는 이 조건 안 나옵니다.",1,대출 사기형,augmented_llm
aug_대출 사기형_0008,"네 고객님. 우리은행 대출관리팀 이승민입니다. 어제 고객님 신용점수 관련해서 보완 상담 요청하신 거 맞으시죠. 현재 확인 결과 고객님은 대환 자체는 가능하신데 최근 6개월 내 조회 과다로 부결 가능성이 높습니다. 그래서 지금은 저금리 대환으로 바로 넣는 것보다 우회로 잡아드려야 하고요. 최대 8천만 원까지 가능, 금리는 3.5퍼센트부터 시작됩니다. 다만 고객님 기록상 소액 선납이 들어가야 내부 한도가 열려서, 수수료 명목으로 52만 원 먼저 입금하셔야 합니다. 이 금액은 오늘만 필요한 확인금이고, 심사 승인되면 합산해서 정산 처리됩니다. 지금 진행 안 하시면 오늘 자정 넘어가면서 한도 초기화돼서 내일 다시 조회하셔도 부결로 남으세요. 고객님 기존에 쓰시던 저축은행 대출이랑 카드값 정리하려면 지금 이 타이밍밖에 없습니다. 제가 바로 접수 넣을 테니까, 입금 확인되면 10분 안에 다음 단계 안내드리겠습니다. 늦으면 자동 마감됩니다.",1,대출 사기형,augmented_llm
aug_대출 사기형_0009,"안녕하세요 고객님. 하나은행 금융지원 상담실 최준호 대리입니다. 고객님께서 생활자금 문의하신 건으로 조회가 들어왔는데 현재 점수 미달로 일단 부결 처리 직전입니다. 그런데 제가 우회로 잡아드리면 대환대출 형식으로 최대 5천8백만 원, 금리 3.1퍼센트까지 가능하십니다. 대신 내부 심사에서 요구하는 보증 예치가 있어서 오늘 중 선입금 41만 원이 필요합니다. 이건 대출 실행 수수료가 아니라 계좌 활성화용이라서 나중에 같이 반영됩니다. 고객님 지금 기존 대출이 몇 건 있으셔서 바로 실행 안 되면 신용도 더 떨어지거든요. 그래서 오늘 안에 처리하셔야 하고, 지금 5시 넘으면 마감이라 아예 다음 주로 밀립니다. 다음 주로 밀리면 금리 5퍼센트대로 바뀔 수 있습니다. 제가 말씀드리는 건 고객님 피해 안 보시게 하려고 그러는 거고요. 지금 바로 입금 가능하시면 심사 올리고, 승인 뜨면 바로 대환 실행해서 기존 건 한 번에 정리해드리겠습니다.",1,대출 사기형,augmented_llm
aug_대출 사기형_0010,"고객님 안녕하세요. KB저축은행 상담센터 오민재입니다. 고객님 신용점수 때문에 기존 신청이 부결 처리됐는데, 제가 내부 우회상품으로 다시 잡아드릴 수 있습니다. 한도는 3천만 원에서 최대 7천만 원까지 가능하고, 금리는 4.0퍼센트부터 시작입니다. 다만 이건 바로 실행되는 상품이 아니고, 선납 보증료 29만 원이 먼저 입금돼야 부결 기록이 덮이고 심사 재진입이 됩니다. 고객님 지금 기존 카드론이랑 햇살론 잔액 때문에 점수가 낮아서 일반 대환은 안 나오는 상황이고요. 오늘 안에 처리하셔야 당일 승인 가능성이 살아납니다. 내일로 넘어가면 마감돼서 다시는 이 조건 못 받으세요. 지금 고객님 계좌에서 이체되면 바로 전산 올려드리고, 승인되면 기존 대출이랑 묶어서 월 납입금 줄여드리겠습니다. 늦으면 부결 확정입니다. 지금 바로 진행하시죠.",1,대출 사기형,augmented_llm
aug_대출 사기형_0011,"고객님 안녕하세요. 국민은행 대환대출 심사부 김도윤입니다. 어제 접수하신 건으로 가승인 결과가 나와서 바로 연락드렸고요. 지금 기존 고금리 대출을 저금리로 갈아타시는 조건으로 안내드리는데, 한도는 최대 7천만 원까지 가능하시고 금리는 3.2퍼센트부터 6.9퍼센트까지 신용점수 따라 차등 적용됩니다. 다만 고객님 조회해보니까 신용점수가 최근에 조금 떨어져서 일반 대환으로는 부결 가능성이 높게 잡혔습니다. 그래서 제가 편법은 아니고 내부적으로 가능한 방식으로, 새로 한 건 실행해서 당일 상환 처리하는 방법으로 점수 보완해드리려고 해요. 이거 하시면 대환 승인 확률이 올라가고, 기존 대출도 정리되는 구조입니다. 근데 지금 오늘 안에만 가능해요. 전산 마감이 오후 다섯 시라서요. 고객님께서 먼저 보증금 성격으로 38만 원만 선납해주시면 심사 보강 자료로 바로 올려서 진행할 수 있습니다. 이 금액은 승인되면 전액 환급 처리되는 건데, 지금 안 넣으시면 오늘 건은 자동 취소됩니다. 고객님 지금 사용 중인 은행이 우리은행 맞으시죠. 그 계좌로 바로 안내드릴게요. 예, 괜찮으시면 제가 접수 마무리하고 승인팀 연결해드리겠습니다. 아 그리고 이건 절대 다른 곳에 말씀하시면 안 돼요. 신용점수 낮은 고객님들한테만 한시적으로 여는 특례라서 오늘 지나면 소급 적용이 안 됩니다. 지금 바로 진행하실까요.",1,대출 사기형,augmented_llm
aug_대출 사기형_0012,"여보세요. 하나은행 대출상담팀 최현우 대리입니다. 고객님 지난주에 신청하신 저금리 대환건 조회됐고요. 현재 무담보 한도 최대 5천5백만 원, 금리 2.8퍼센트로 가승인 가능하신데, 아쉽게도 기존 연체이력 때문에 1차 심사에서 부결 표시가 떴습니다. 다만 고객님은 소득 증빙이 괜찮아서 신용점수만 임시로 보완하면 바로 재심사 가능합니다. 저희 쪽에서는 새 대출을 잠깐 잡아두고 바로 상환하는 방식으로 점수 올려드리는 내부 절차가 있어요. 그러면 대환으로 묶어서 이자 부담 확 낮출 수 있습니다. 대신 심사 보증금 24만 9천 원이 필요합니다. 이건 전산 등록 수수료 명목이라서 오늘 중 입금 확인이 돼야 재심사 라인이 살아나요. 지금 안 하시면 오늘 오후 마감으로 자동 종료되고, 내일은 금리가 5퍼센트대로 올라갑니다. 고객님 지금 이미 생활비 대출이 있으셔서 일반 상품은 더 안 나와요. 그래서 이번에 편법 대환으로 정리하시는 게 제일 낫습니다. 제가 보증금 입금 계좌 불러드릴 테니까 메모 준비해 주세요. 입금 확인되면 바로 승인부에 올리고, 승인 나면 기존 대출은 저희가 연동해서 정리 도와드리겠습니다.",1,대출 사기형,augmented_llm
aug_대출 사기형_0013,"고객님, 웰컴저축은행 특별대환센터 박진수입니다. 문자 확인하셨죠. 최대 3천8백만 원까지 한도 가능하고, 금리는 4.1퍼센트로 안내드릴 수 있습니다. 그런데 현재 고객님 신용점수 구간이 조금 애매해서 일반 심사로는 부결 처리될 가능성이 높습니다. 대신 제가 오늘 한 번만 예외 접수로 넣어드릴 수 있는데, 이건 선납금이 있어야 진행이 돼요. 31만 원 정도를 먼저 입금해주시면 내부 보증 처리 후에 한도 재산출 들어갑니다. 고객님 같은 경우는 기존 카드론이랑 현금서비스가 잡혀 있어서 바로는 안 나오고, 신규 한 건을 먼저 세워서 당일 상환하는 방식으로 기록을 만들어야 합니다. 그렇게 해야 대환이 가능해져요. 이 절차를 오늘 안에 끝내야 해서 시간이 없습니다. 오후 세 시까지 입금 확인 안 되면 자동 반려되고, 반려되면 6개월간 재신청이 막힙니다. 고객님 지금 서두르셔야 돼요. 저희가 이 상품은 오늘 접수분만 한정으로 열어두고 있어서, 늦으면 못 받으십니다. 괜찮으시면 바로 계좌 안내드리겠습니다.",1,대출 사기형,augmented_llm
aug_대출 사기형_0014,"네 고객님, SBI저축은행 대환심사팀 이정민입니다. 지금 조회 결과 나왔고요. 고객님은 한도 6천만 원, 금리 3.9퍼센트 조건으로 가능성은 있는데, 최근 신용점수 하락 때문에 1차 부결로 잡혔습니다. 다만 기존 채무를 정리하는 조건으로 임시 승인 올려드릴 수 있어요. 대신 선납 수수료 29만 5천 원이 필요합니다. 이건 심사 수수료라서 오늘 오후 네 시 전까지 입금되셔야 합니다. 오늘 안에 처리 안 되면 내일부턴 금리가 7퍼센트대로 올라가고, 한도도 절반으로 줄어듭니다. 고객님이 지금 급하신 거 알아서 말씀드리는 건데, 지금 가지고 계신 대출을 바로 다 갚는 게 아니라 저희가 안내하는 방식대로 새 상품을 잠깐 실행한 뒤 바로 상환 처리하면 점수 보완이 됩니다. 그러면 대환 승인 나기 쉬워져요. 고객님은 이 방법 말고는 당장 다른 방법이 없습니다. 다른 금융사 조회가 더 들어가면 점수만 더 떨어져서 부결될 수 있어요. 제가 지금 바로 접수 넣을 테니, 선납금 먼저 준비해 주세요. 입금 확인되면 승인부에서 연락드리겠습니다.",1,대출 사기형,augmented_llm
aug_대출 사기형_0015,"여보세요. KB저축은행 대출지원팀 강민재입니다. 고객님 예전에 신청하신 대환대출 건으로 연락드렸고요. 이번에 최저 2.5퍼센트, 최대 4천5백만 원까지 가능하신데 현재 신용점수 때문에 바로는 승인 안 되고 보류 상태입니다. 근데 고객님처럼 부결 이력 있는 분들은 편법으로 점수 올려서 재접수하는 방식이 제일 빠릅니다. 신규 한도 하나 먼저 잡고, 당일 안에 상환 내역 만들어서 신용평가를 올리는 거예요. 이건 내부적으로만 가능한 절차라서 고객님이 직접 은행 가시면 절대 안 됩니다. 대신 오늘만 쓰는 보증금 27만 원이 필요해요. 이 돈이 있어야 심사 전산을 열 수 있고, 마감 전에 승인부로 넘길 수 있습니다. 지금 시간이 얼마 없어서요. 오후 다섯 시 지나면 시스템이 닫혀서 내일로 넘어가는데, 그러면 부결로 다시 돌려집니다. 고객님께서 기존 고금리 대출 묶으려면 오늘 안에 움직이셔야 해요. 제가 바로 계좌 불러드릴게요. 입금만 해주시면 제가 승인 전까지 끝까지 도와드리겠습니다.",1,대출 사기형,augmented_llm
aug_대출 사기형_0016,"안녕하세요 고객님, 케이뱅크 대환대출 심사팀입니다. 어제 저희 쪽으로 신용점수 조회가 한 번 들어오셔서 가승인 가능 여부 확인 드리려고 전화드렸어요. 고객님 현재 기대출이 조금 많으셔서 정상 대환은 부결 가능성이 높으신데, 저희가 내부 우회 방식으로 한도 살려드리는 건 가능합니다. 일단 최대 6천만 원까지 가능하시고 금리는 최저 3.1%에서 7.9%까지 신용점수 따라 차등 적용됩니다. 다만 지금 점수가 620점대라서 일반 신규는 바로 부결로 뜨고요, 기존 고금리 건을 먼저 정리하셔야 대환 한도가 살아납니다. 아 네, 기존 대출이 두 건 있으시죠? 네, 그 상태면 한도는 충분히 나오는데, 시스템상 선납 보증금이 먼저 잡혀야 심사 진행이 됩니다. 이건 수수료 성격이라서 오늘 안에 38만 원 입금하셔야 하고요. 오늘 5시 전에 접수 마감이라 지금 바로 처리하셔야 됩니다. 선납금이 들어와야 가승인 전환이 되고, 안 들어오면 오늘 건은 자동 취소됩니다. 고객님께서는 우리은행으로 입금 가능하시죠? 네, 그 계좌로 보내주시면 제가 바로 전산 올려드릴게요. 입금 확인되면 부결 뜨기 전에 심사과에서 연락 드리고, 승인 나면 기존 고금리 대출보다 낮은 금리로 갈아타실 수 있습니다. 지금 늦으면 오늘 배정 인원 마감이라 내일로 넘어가면 다시 처음부터 진행하셔야 해요. 서두르셔야 됩니다.",1,대출 사기형,augmented_llm
aug_대출 사기형_0017,"여보세요 고객님, 국민은행 여신상담센터입니다. 고객님께서 지난주에 조회하신 대환상품 건으로 한도 확인 결과 나와서 연락드렸어요. 현재 최대 8천만 원까지 가능하시고요, 금리는 2.8%부터 6.4% 사이로 잡히는데 고객님 신용평점이 조금 낮게 잡혀서 일반 승인으로는 부결 가능성이 있습니다. 지금 점수가 580점대로 확인돼서 기존 대출이 그대로 있으면 한도 안 나와요. 그런데 제가 편법으로 처리해드릴 수 있는 방법이 있습니다. 기존 대출을 먼저 상환한 것처럼 전산 반영되게 하려면 보증보험 성격의 예치금이 필요합니다. 오늘 안으로 55만 원만 먼저 보내주시면 상환 능력 인정 처리로 돌려드릴 수 있어요. 이 금액은 나중에 대출 실행되면 바로 차감되는 방식입니다. 지금 마감 임박이라 오늘 4시 반까지 접수 안 되면 가승인 자체가 소멸됩니다. 고객님, 지금 가지고 계신 카드론이나 현금서비스 금리가 높으시잖아요. 그걸 저희 쪽 저금리 상품으로 옮겨드리는 거예요. 다만 현재는 고객님 이름으로 바로 실행이 안 되고, 선납 수수료가 들어와야 내부 승인 라인이 열립니다. 제가 지금 잠깐 전산 잡아드릴 테니 끊지 마시고 바로 이체부터 해주세요. 입금 확인되면 내일 오전에 최종 심사 연결해드리겠습니다.",1,대출 사기형,augmented_llm
aug_대출 사기형_0018,"안녕하세요, 하나은행 대환전담 상담사입니다. 고객님 문자 받으셨죠. 최대 7천5백만 원, 금리 3.5%부터 시작되는 상품으로 안내드렸고요. 고객님께서 기존 대출이 있으신데 최근 연체 이력 때문에 바로는 부결 처리될 가능성이 높습니다. 신용점수도 현재 640점 아래로 내려가 있어서 일반 대출은 어렵습니다. 그래서 오늘은 대환 편법으로 먼저 접수하시고, 한도 보전용 자금을 선납하는 방식으로 진행해야 합니다. 선납금 44만 원만 먼저 입금되면 저희가 내부적으로 기존 대출 상환 예정자로 잡아드리고, 그 다음에 대환 한도 심사를 올릴 수 있어요. 이건 고객님 신용회복 목적이라서 오늘만 유효합니다. 오늘 오후 3시 이후에는 시스템이 닫혀서 접수 자체가 안 됩니다. 고객님 대출이 급하신 거 저희도 알아서 빨리 도와드리려고 전화드린 거예요. 지금 안 하시면 다음 달로 넘어가고, 그러면 또 신용점수 떨어져서 더 불리해집니다. 일단 농협 계좌로 보내주시면 제가 접수번호 바로 찍어서 심사 진행해드릴게요. 지금 바로 하셔야 됩니다.",1,대출 사기형,augmented_llm
aug_대출 사기형_0019,"고객님, KB저축은행 대환상품 담당입니다. 저희 쪽에서 어제 조회하신 결과 최대 5천만 원 한도 가능하신데요, 금리는 최저 4.2%부터고 신용점수 따라 달라집니다. 다만 현재 고객님은 부결 사유가 하나 잡혀 있습니다. 기존 기대출 잔액이 남아 있고 최근 현금서비스 이용이 확인돼서 바로는 승인이 안 나세요. 그래서 저희가 우회로로 먼저 상환 확인을 만들어야 합니다. 고객님 명의로 29만 9천 원 선납하시면, 그걸 보증금 처리해서 대환 심사로 넘길 수 있어요. 이건 접수비가 아니라 심사 통과용 보전금입니다. 오늘 안에 입금하셔야 하고, 마감 시간이 20분밖에 안 남았습니다. 지금 안 넣으시면 오늘 건은 보류되고, 그러면 한도 재조회가 아니라 다시 처음부터 신용조회 들어가서 점수만 더 깎입니다. 고객님 현재 점수면 오늘 아니면 내일 더 불리해요. 제가 바로 심사 올려드릴 테니 지금 신한은행 계좌로 이체해 주세요. 입금 확인되면 바로 대환 실행 조건 안내 드리겠습니다.",1,대출 사기형,augmented_llm
aug_대출 사기형_0020,"여보세요 고객님, 웰컴저축은행 상담실입니다. 고객님께서 신청하신 저금리 대환 한도 결과가 나와서 안내드려요. 현재 최대 9천만 원까지 가능하신데, 고객님 신용등급이 7등급 후반으로 잡혀서 일반 상품은 부결될 수 있습니다. 대신 저희가 내부 승인 기준으로 우회 진행하면 가능하신데, 조건이 하나 있습니다. 선납 보증료 61만 원이 먼저 들어와야 시스템에서 한도 잠금이 풀립니다. 이건 고객님 결제능력 확인용이라 나중에 실행금액에서 정산되는 방식이에요. 고객님 지금 카드론이랑 사금융 쪽 이자가 높으셔서 빨리 갈아타셔야 하거든요. 오늘 오후 6시까지 입금 안 되면 심사표가 자동 종료됩니다. 시간 지나면 다시는 오늘 조건 못 받아요. 그래서 지금 바로 처리하셔야 합니다. 고객님, 지금 입금만 되면 제가 바로 부결 사유 없애는 쪽으로 전산 넣고, 내일 오전 최종 승인 연락 드릴게요. 지금 늦으시면 한도도 줄고 금리도 더 올라갑니다. 바로 보내주세요.",1,대출 사기형,augmented_llm
aug_대출 사기형_0021,"안녕하세요 고객님, KB저축은행 대환대출 심사팀입니다. 어제 신청하신 건으로 가조회 결과 나와서 바로 연락드렸고요. 현재 고객님 신용점수 때문에 1차 심사에서 부결이 한 번 났습니다. 그런데 제가 보니까 기존 대출을 정리만 하시면 저금리로 갈아타실 수 있는 편법 대환 방식이 가능해서 안내드리는 거예요. 지금 가능한 한도는 최대 4천8백만 원까지고, 금리는 연 3.2퍼센트에서 7.9퍼센트 사이로 잡히는데 고객님은 현재 4.1퍼센트 정도로 보입니다. 다만 조건이 하나 있는데요, 기존 2금융권 건이 남아 있어서 전산상 신용점수 반영이 막혀 있습니다. 그래서 오늘 안으로 선납 보증금 형태로 68만 원만 먼저 입금해 주시면 부결 취소 요청이 들어가고, 제가 바로 재심사 올려드릴 수 있습니다. 이거 오늘 오후 4시까지 마감이라서 그 이후에는 금리 올라가거나 접수 다시 잡아야 돼요. 선납금 없이 진행하면 고객님은 계속 고금리만 유지되시는 상황이라 손해가 큽니다. 제가 지금 바로 계약 가능 여부 확인해드릴 테니까, 입금 가능하시면 계좌 안내드리겠습니다. 네, 고객님 신용점수 때문에 한 번 걸렸던 거라 지금 바로 정리하셔야 됩니다.",1,대출 사기형,augmented_llm
aug_대출 사기형_0022,"여보세요 고객님, 신한은행 대환대출 담당입니다. 문자 받으셨죠? 저희 쪽에서 저금리 한도 가능해서 전화드렸고요. 고객님은 현재 신용점수 구간이 애매해서 일반 대출은 부결 처리됐는데, 대환 형태로만 우회 진행이 가능합니다. 한도는 최대 6천만 원, 금리는 2.8퍼센트부터 시작이고 고객님 조건이면 3.6퍼센트 정도 예상됩니다. 그런데 지금 고객님 기존 대출이 두 건이라서 바로 승인이 안 나고, 먼저 기존 건을 정리했다는 확인이 필요합니다. 그 과정에서 보증 심사 수수료가 54만 원 발생하는데 이건 오늘만 한시적으로 처리해야 돼요. 오후 3시 전에 입금하셔야 심사팀이 오늘 안에 올려주고, 늦으면 이번 주 안에 자리가 다 차서 다시 대기하셔야 합니다. 요즘 이쪽이 워낙 몰려서 마감 임박이에요. 고객님처럼 신용점수 낮아서 부결 난 분들한테만 특별히 우선 배정되는 건데, 수수료 미입금이면 자동 취소됩니다. 제가 말씀드리는 건 편법으로 기존 대출을 갈아타는 방식이라 고객님께 유리합니다. 입금만 해주시면 제가 바로 다음 단계 넘겨드릴게요.",1,대출 사기형,augmented_llm
aug_대출 사기형_0023,"안녕하세요. 하나은행 대환상담센터 김도현입니다. 고객님 어제 접수하신 저금리 상품 조회됐고요, 현재 가능 한도는 5천2백만 원까지 확인됩니다. 금리는 연 2.9퍼센트, 최장 5년 원리금 방식으로 가능하신데 문제는 신용점수입니다. 지금 내부 기준에서 1차 부결이 떠서 그대로는 진행이 어렵고, 기존 카드론이 남아 있으면 더 안 좋아집니다. 그래서 제가 말씀드리는 방법은, 오늘 선납금 73만 원만 먼저 넣으시고 기존 대출 상환 예정 확인서를 맞춰서 올리는 방식입니다. 이건 실제 상환 전에 서류만 먼저 잡아두는 거라서, 고객님이 나중에 대출 나오면 바로 돌려받는 구조라고 설명드렸습니다. 대신 오늘 안에 입금이 되어야 하고, 지금 5시 넘어가면 심사 마감이라 내일로 밀립니다. 내일로 밀리면 금리가 0.7퍼센트 정도 올라갈 수 있어요. 고객님 상황에서는 지금 잡는 게 제일 유리합니다. 기존 고금리 대출을 이걸로 갈아타는 편법 대환으로 진행하는 거라, 서두르셔야 합니다. 제가 계좌 불러드릴 테니 메모 가능하시면 받아주세요.",1,대출 사기형,augmented_llm
aug_대출 사기형_0024,"고객님, 웰컴저축은행 대출 심사실입니다. 방금 조회된 가승인 건 관련해서 전화드렸고요. 현재 고객님은 한도 최대 3천5백만 원, 금리는 연 4.3퍼센트 정도로 확인됩니다. 다만 신용점수 문제로 1차 부결이 뜬 상태라서, 그냥 접수하면 또 반려됩니다. 그래서 내부적으로는 대환 전용으로 다시 올려야 하는데, 그 전에 보증금 61만 원을 먼저 입금하셔야 심사 번호가 살아납니다. 이게 있어야 기존 채무 정리 확인이 되고, 저희가 편법 대환으로 다시 돌릴 수 있습니다. 지금 오늘 오후 2시 이후에는 시스템이 닫혀서 접수 자체가 안 돼요. 마감 직전이라 빠르게 하셔야 합니다. 고객님이 기존 대출을 그대로 두면 이자만 계속 나가고 신용점수도 더 떨어집니다. 지금 선납 처리해두면 제가 바로 재심사 넣어서 금리 낮춰드릴 수 있습니다. 입금 안 하시면 자동 부결로 떨어지고, 다시 신청하려면 한 달 뒤로 넘어가니 손해가 큽니다. 바로 처리 가능하시면 계좌 안내드리겠습니다.",1,대출 사기형,augmented_llm
aug_대출 사기형_0025,"네, 고객님 토스뱅크 연계 대환상담입니다. 어제 신청하신 대출건 가조회 결과 나왔고요, 한도는 최대 7천만 원까지 가능합니다. 금리는 연 3.1퍼센트부터 시작인데 고객님은 신용점수 때문에 1차 심사에서 부결이 한 번 났습니다. 대신 기존 고금리 건을 먼저 정리하는 방식으로 우회 접수는 가능합니다. 그 과정에서 사전 심사비 79만 원이 필요하고, 이 금액이 입금돼야 보증팀에서 부결 취소 문서가 올라갑니다. 오늘 4시까지 안 들어오면 이번 건은 닫혀버려서 다시 잡기 어렵습니다. 요즘 신청이 많아서 한도 배정이 금방 끝나요. 고객님처럼 신용점수 애매한 분들은 편법 대환으로 갈아타는 게 제일 현실적이라 안내드리는 거고요. 지금 입금만 해주시면 제가 바로 접수 완료시키고, 오늘 안에 재심사 올라가게 해드리겠습니다. 늦으면 금리가 올라가고 한도도 줄어드니 서둘러 주세요.",1,대출 사기형,augmented_llm
aug_대출 사기형_0026,"안녕하세요 고객님, KB저축은행 대환담당 김도윤입니다. 어제 신청 접수된 상품 관련해서 가승인 안내 드리려고 연락드렸습니다. 지금 고객님 기존 대출이 여러 건 잡혀 있어서 저금리 대환으로 정리하시면 한도 재산출이 가능하세요. 현재 보시는 조건은 최대 5천 8백만 원까지 가능하고, 금리는 연 3.2퍼센트에서 7.9퍼센트까지 신용점수에 따라 차등 적용됩니다. 다만 오늘 확인된 내부 심사 결과로는 고객님 신용점수가 기준보다 조금 낮아서 단순 진행은 부결 처리될 수 있습니다. 그래서 제가 편법으로 한 번 살려드리는 방법을 안내드리는 거예요. 기존 고금리 건을 바로 상환 처리하지 마시고, 저희 쪽 대환 전산에 먼저 상환 가능 여부를 보여주는 방식으로 진행하면 됩니다. 쉽게 말하면 소액 선납금을 먼저 예치하셔서 상환 능력을 확인받는 방식입니다. 지금 고객님은 당장 보증금 명목으로 68만 원만 입금해 주시면 내부 심사에 바로 올려드릴 수 있어요. 오늘 오후 4시 이전까지만 가능하고, 그 시간 지나면 오늘 배정된 한도는 닫혀버립니다. 저희가 오후 안에 마감 처리해야 해서 지금 바로 결정하셔야 합니다. 고객님 입장에서는 68만 원 넣고 나면 5천만 원대 대환으로 바뀌는 거라 손해 보실 게 없습니다. 일단 입금되면 제가 접수 마감 전에 바로 승인팀 넘겨드릴게요. 지금 계좌번호 불러드리겠습니다.",1,대출 사기형,augmented_llm
aug_대출 사기형_0027,"여보세요 고객님, 신한은행 서민대출센터 박성훈입니다. 지금 문자 받으셨죠? 고객님께 가능 한도 떠서 연락드렸습니다. 현재 대환용 상품으로 최대 7천만 원까지 가능하시고, 시작 금리는 연 2.8퍼센트입니다. 그런데 고객님은 최근 신용평점 하락이 확인돼서 일반 접수로는 부결 가능성이 높습니다. 이런 경우에는 기존 대출을 바로 상환하는 것처럼 전산에 기록을 먼저 남겨야 승인으로 넘어갑니다. 그래서 제가 말씀드리는 건, 오늘 저희가 지정한 보증계좌로 임시 선입금을 하시는 거예요. 선입금은 90만 원입니다. 이 금액이 들어가야 상환 여력 확인이 돼서 저금리 대환 한도가 살아납니다. 고객님 지금 안 하시면 오늘 배정된 심사 건은 닫혀요. 저희 쪽은 오늘 자정 전에 전산 마감이 잡혀 있어서 내일로 미루면 다시 처음부터 조회해야 합니다. 특히 고객님은 기존 카드론이 남아 있어서 신용점수 때문에 더 늦어지면 아예 부결로 고정될 수 있어요. 제가 지금 편법으로 내부 승인 올려드릴 수 있는 마지막 시간이니까, 지금 바로 입금 처리해 주세요. 입금 확인되면 바로 4천만 원대 대환 조건으로 넘겨드리겠습니다.",1,대출 사기형,augmented_llm
aug_대출 사기형_0028,"고객님, 우리은행 금융상담팀 최재원입니다. 지금 고객님께는 저금리 통합대출 가능성 있어서 연락드린 건데요. 조회해 보니까 한도는 최대 6천 2백만 원까지 열리는데, 금리는 3퍼센트대 초반부터 시작됩니다. 다만 신용점수 구간이 애매해서 바로는 부결이 나올 수 있는 상태예요. 그래서 보통 이런 분들은 먼저 소액 상환 처리해 두고, 그 내역을 근거로 재심사 받습니다. 그런데 고객님 경우는 시간이 없어서 직접 상환할 필요 없이, 저희가 안내하는 대로 선납금을 먼저 넣으시면 됩니다. 오늘은 73만 원만 예치하시면 되고, 이건 수수료가 아니라 승인 보증금 개념입니다. 이 보증금이 들어가야 대환 승인팀에서 신용 보완 처리를 해드릴 수 있어요. 지금 오후 3시까지 접수분만 오늘 처리되고, 그 이후는 다음 주로 넘어갑니다. 고객님이 원하시는 대환이 신속하게 나오려면 지금 바로 진행하셔야 해요. 혹시라도 다른 곳에서 대출 알아보시면 오늘 건은 자동 취소될 수 있습니다. 제가 지금 마감 직전이라 오래 설명 못 드리고, 입금만 해주시면 제가 바로 승인 올리겠습니다.",1,대출 사기형,augmented_llm
aug_대출 사기형_0029,"네 고객님, SBI저축은행 안현우입니다. 대환대출 사전심사 결과가 나와서 연락드렸어요. 고객님은 기존 채무가 많아서 일반 생활자금은 어렵고, 대환 전용으로만 가능하십니다. 현재 최대 4천 5백만 원, 금리는 4.1퍼센트로 안내 가능하고요. 그런데 문제는 고객님 신용평점이 기준치보다 낮아서 현재 상태로는 부결입니다. 다만 부결 건이라도 상환 의지 확인만 되면 내부에서 조건을 바꿔 올릴 수 있어요. 그래서 제가 제안드리는 건 편법 대환 절차입니다. 오늘 안에 선납금 55만 원을 먼저 보내주시면 저희가 기존 대출 상환 예정자로 전산 등록해 드리고, 그 뒤에 최저금리 심사로 다시 돌려드릴 수 있습니다. 이건 오늘만 되는 특별 처리예요. 내일 넘어가면 부결 기록이 먼저 남아서 한도도 더 줄어듭니다. 고객님 지금 안 받으시면 이번 달 배정 물량 끝나서 다음 달에나 다시 가능할 수도 있어요. 그래서 지금 바로 결정하셔야 합니다. 제가 안내드리는 계좌로 선납금 입금되면 접수 순서 바로 잡아드릴게요. 서류는 제가 나중에 안내드리겠습니다.",1,대출 사기형,augmented_llm
aug_대출 사기형_0030,"안녕하세요 고객님, 햇살론 연계 상담센터 정우진입니다. 고객님 휴대폰으로 대환 가능 안내가 떠서 연락드렸습니다. 현재 조건은 최대 8천만 원까지 가능하고, 금리는 연 2점대 후반부터 시작합니다. 다만 오늘 조회 결과 고객님 신용점수 문제로 단독 승인 부결 가능성이 높습니다. 그래서 바로 승인 받는 방법으로 진행해야 해요. 기존 대출을 전액 갚는 것처럼 처리한 뒤에 새 한도로 넘기는 방식인데, 이 과정에서 선납 수수료가 필요합니다. 오늘은 120만 원만 먼저 입금하시면 저희가 대환 심사 쪽으로 바로 올려드릴 수 있어요. 이 금액은 나중에 한도 실행되면 정산되는 금액이라고 보시면 됩니다. 그런데 지금 시간이 별로 없어서요. 오후 5시 전에 마감이라 그 이후에는 오늘 배정분이 전부 종료됩니다. 고객님이 지금 바로 안 하시면 신용점수 낮은 상태로 다시 부결 잡혀서, 당분간은 추가 신청도 어렵습니다. 제가 일부러 이렇게 급하게 연락드리는 게 아니라 오늘만 처리 가능한 건이라서 그렇습니다. 바로 입금만 해주시면 제가 승인 담당자 연결해서 대환 진행 도와드리겠습니다.",1,대출 사기형,augmented_llm
aug_대출 사기형_0031,"안녕하세요 고객님, 국민은행 대환대출 상담팀입니다. 어제 신청 접수된 건으로 가승인 조회가 나와서 바로 연락드렸습니다. 고객님 기존 대출이 1건 있으시고 신용점수 쪽이 조금 낮게 잡혀서 일반 대환은 부결로 떠있는데요. 지금은 저금리 갈아타기 우회 방식으로만 진행이 가능하십니다. 한도는 최대 6천만 원까지 가능하고 금리는 3.2퍼센트에서 7.9퍼센트 사이로 적용되는데, 고객님은 현재 4.1퍼센트로 잠정 산출되셨습니다. 다만 이 상품은 기존 대출을 바로 정리하는 방식이 아니라, 먼저 신규로 소액 상환 이력을 한 번 만들어야 승인 전환이 됩니다. 쉽게 말씀드리면 2백만 원 정도 먼저 입금 처리하시고 바로 상환 처리해서 신용점수 올린 뒤에 본대출로 넘기는 방식입니다. 고객님처럼 최근에 부결 이력이 있으면 이 단계가 꼭 필요하세요. 지금 안 하시면 오늘 오후 4시 마감이라 내일은 다시 처음부터 보셔야 됩니다. 그러면 선납금이 왜 필요한 거냐고요? 심사 보증금 개념으로 38만 원만 먼저 넣어주시면 자동으로 대환 심사로 올려드릴 수 있습니다. 이 금액은 승인 나면 본대출 실행금에서 바로 차감되는 부분이라 손해 보시는 건 아니고요. 대신 오늘 안으로 들어와야 하니까 고객님 계좌 확인해드릴게요. 본인 명의 맞으시죠? 네네. 그러시면 지금 바로 안내드리는 계좌로 보내주시면 제가 심사부에 올려서 오후 안에 결과 받아드리겠습니다. 늦으면 접수 자체가 막혀서 이번 건은 못 살리세요.",1,대출 사기형,augmented_llm
aug_대출 사기형_0032,"여보세요 고객님, 신한은행 여신관리부입니다. 고객님께서 아침에 조회하신 대환 한도 관련해서 결과가 나와서 연락드렸습니다. 현재 신용점수 때문에 일반 생활자금 대출은 부결로 확인되셨고, 대신 저희 쪽 우회 대환 상품으로는 최대 4천5백만 원까지 가능하십니다. 금리는 최저 2.8퍼센트부터 시작인데 고객님은 거래내역이 짧아서 5.6퍼센트로 잡혀있습니다. 그런데 이 상품은 바로 실행이 안 되고, 기존 카드론이나 소액대출을 일단 정리한 흔적이 있어야 승인 전환이 됩니다. 그래서 지금 고객님이 기존 대출을 바로 갚는 척이 아니라 실제로 상환 기록을 남기는 방식으로 처리해야 해요. 그 과정에서 심사 보증금 27만 원만 먼저 필요합니다. 이건 신용보완 예치금이라서 접수 끝나면 자동 반환되는 구조고요. 고객님이 오늘 안 넣으시면 오후 3시 이후엔 전산 마감돼서 내일 재심사로 넘어가는데, 그러면 부결 이력 때문에 한도 자체가 더 낮아질 수 있습니다. 고객님 상황은 지금이 가장 좋습니다. 지금 당장 27만 원만 입금해 주시면 제가 내부 심사팀에 올려서 오늘 안에 대환 가능 여부 확정받겠습니다. 기존 대출 하나 남아 있으시죠? 그거랑 합쳐서 정리하시면 이자 부담이 많이 줄어드십니다. 늦으면 오늘 배정이 끝나서 기회가 사라집니다.",1,대출 사기형,augmented_llm
aug_대출 사기형_0033,"고객님, 우리은행 상담센터입니다. 어제 신청하신 저금리 갈아타기 건 때문에 확인 전화드렸습니다. 현재 고객님 신용점수가 기준점 아래로 내려가 있어서 단순 신규대출은 부결 처리됐고요. 대신 저희 쪽에서 안내하는 편법 대환 방식이면 최대 7천만 원까지도 검토 가능하십니다. 금리는 3.5퍼센트에서 시작하는데 고객님은 4.8퍼센트로 산출되셨습니다. 다만 승인 조건이 하나 있는데, 기존 대출을 상환할 의사가 있다는 확인이 들어가야 해서 선납금 형식으로 45만 원을 먼저 넣어주셔야 합니다. 이게 들어와야 심사팀이 고객님을 정상 상환 가능 고객으로 보고 한도 재산정이 돼요. 지금 안 하시면 부결 상태가 유지돼서 이번 주 안에는 다시 신청도 못 하십니다. 오늘이 마지막 배정일이라서요. 저희가 마감 전에 올려야 내일 오전 실행이 가능합니다. 고객님 계좌는 본인 명의 맞고, 인터넷뱅킹 사용 가능하시죠? 그러시면 제가 안내드리는 계좌로 45만 원 먼저 입금해 주시면 됩니다. 입금 확인되면 바로 대환 전환 처리 들어가고, 기존 대출 건은 저희가 같이 묶어서 정리해드릴게요. 오늘 이 시간 지나면 자동 종료됩니다.",1,대출 사기형,augmented_llm
aug_대출 사기형_0034,"안녕하세요, KB저축은행 대출상담부입니다. 고객님 기존 대출 한도 조회하신 건 가승인 결과가 나왔는데요. 현재 신용점수 미달로 일반 대출은 부결이셨고, 대신 저금리 대환으로만 진행 가능합니다. 가능 한도는 3천8백만 원, 금리는 2.9퍼센트부터 시작해서 고객님은 4.3퍼센트 적용 예정입니다. 다만 바로 지급되는 건 아니고, 대환 심사 전에 소액 선납 처리 이력이 필요합니다. 쉽게 말씀드리면 고객님이 먼저 19만 8천 원을 보증금처럼 넣으셔야 전산상 대환 가능 상태로 바뀝니다. 이건 나중에 본대출 실행될 때 자동 정산되는 거고요. 지금 고객님 기존 채무가 남아 있어서 신용점수 회복이 급합니다. 이걸 오늘 처리하셔야 내일 오전에 승인 나갈 수 있고, 늦어지면 부결 기록 때문에 한도 자체가 삭제됩니다. 고객님처럼 급하게 생활자금 필요하신 분들은 오늘 선납하고 바로 전환하시는 경우가 많습니다. 지금 마감이 1시간도 안 남아서요. 제가 바로 접수 올려드릴 테니까 계좌번호 말씀드리지 않고 안내 문자로 보내드리는 계좌에 입금만 해주시면 됩니다. 확인되는 즉시 심사팀 연결해서 대환 실행 도와드리겠습니다.",1,대출 사기형,augmented_llm
aug_대출 사기형_0035,"고객님 안녕하세요, 웰컴저축은행 상담실입니다. 어제 남겨주신 대환대출 문의 건으로 연락드렸습니다. 현재 고객님은 신용점수 부족으로 기존 조건은 부결되셨고요. 대신 저희 쪽 우회 대환 상품은 최대 5천만 원까지 가능하십니다. 금리는 3.1퍼센트부터인데 고객님은 4.7퍼센트 정도로 산출되셨습니다. 다만 이 상품은 기존 대출을 바로 갈아타는 게 아니라, 소액 선납 후 상환 실적을 만들어야 본심사로 넘어갑니다. 그래서 오늘 안으로 52만 원만 먼저 넣어주시면 됩니다. 이 금액이 들어오면 고객님 계좌에 상환 이력 만들어서 신용점수 보완 처리하고, 그다음에 대환 한도 확정해드리는 구조예요. 지금 안 하시면 오늘 5시 마감이라 내일은 다시 부결 상태부터 시작하셔야 합니다. 고객님 현재 연체는 없으신데 점수 때문에 막힌 거라서, 지금 선납만 되면 바로 살릴 수 있습니다. 대신 이건 당일 접수 건만 가능해서 늦으면 자동 취소됩니다. 저희가 오늘 안에 실행 잡아드릴 수 있게 도와드릴 테니, 안내드리는 계좌로 바로 입금 부탁드립니다. 확인되면 곧바로 승인 부서 연결해드리겠습니다.",1,대출 사기형,augmented_llm
aug_대출 사기형_0036,"고객님 안녕하세요. 저희 우리은행 대환대출 심사부인데요. 어제 접수하신 건으로 가조회 결과 안내드리려고 연락드렸습니다. 잠깐 통화 가능하실까요. 네. 지금 고객님 기존 대출이 2건 잡혀 있으신데 합산 금리가 12.4%로 높게 되어 있어서요. 저희 쪽 저금리 대환 상품으로 갈아타시면 한도는 최대 6천만 원까지 가능하시고 금리는 3.2%에서 4.9% 사이로 가능하십니다. 다만 고객님 신용점수 조회해보니까 최근에 조회가 많이 잡혀서 부결 가능성이 좀 높게 떠요. 아, 부결이요. 네. 그런데 완전 불가가 아니라 보완 조건으로 진행하시면 됩니다. 이게 편법 대환이라고 말씀드리는 건데요. 기존 대출을 바로 상환 처리하는 방식으로 기록을 맞춰드리면 저희 전산에서 승인 폭이 열리거든요. 고객님 같은 경우는 오늘 안에 선납 보증금 38만 원만 먼저 입금하시면 심사 상향 작업 들어가서 마감 전까지 접수 가능하세요. 선납금을 왜 먼저 넣어야 돼요. 고객님, 이건 수수료가 아니라 부결 이력 삭제용 보증 처리라서요. 오늘 오후 다섯 시까지 안 들어오면 자동 부결로 넘어가고 내일은 같은 조건이 안 나와요. 지금 저희 쪽에서 바로 배정해드릴 테니까 농협 계좌로 38만 원만 먼저 보내주시고 입금 확인되면 3.2% 확정으로 올려드릴게요. 잠깐만요, 그럼 바로 처리해야 하나요. 네, 지금 아니면 오늘 건 마감입니다.",1,대출 사기형,augmented_llm
aug_대출 사기형_0037,"여보세요 고객님. 여기는 케이뱅크 대출상담센터입니다. 문자 받으셨죠. 현재 고객님께서 신용점수 때문에 일반 대출은 부결 처리되셨는데 대환 전용 한도는 따로 살아 있습니다. 최대 4천5백만 원, 금리 2.8%부터 안내 가능하세요. 네? 부결됐다고요. 네, 그렇습니다. 기존 기대출 비율이 높아서 한 번에 승인 안 나갔는데요. 대신 저희가 편법으로 신규 대환 구조를 잡아드리면 됩니다. 기존 건을 완납한 것처럼 먼저 정리하고 새 상품으로 갈아타는 방식이에요. 이런 경우에는 심사팀에서 요구하는 예치금이 있습니다. 29만 원인데요. 이건 심사 보증 성격이라서 오늘 안에 입금돼야 접수 유지가 됩니다. 왜 그렇게 급해요. 네, 지금 마감 임박이라서요. 오늘 오후 세 시 넘기면 한도는 자동 소멸되고 내일 다시 조회하셔야 하는데 그때는 금리가 1% 이상 올라갈 수 있습니다. 고객님은 신용점수만 조금 보완되면 가능한 케이스라서 놓치면 아깝습니다. 입금 계좌는 신한은행 쪽으로 잡혀 있고요. 29만 원 먼저 넣으시면 제가 바로 심사올려서 대환 한도 확정 문자 보내드리겠습니다. 지금 넣으라는 말씀이죠. 네, 지금 바로요.",1,대출 사기형,augmented_llm
aug_대출 사기형_0038,"네 고객님, 저희 햇살론 연계 저축은행 상담사입니다. 상담 신청하신 내역 확인됐고요. 현재 고객님 소득 대비 한도는 최대 5천만 원까지 가능하신데 신용점수 구간이 애매해서 1차 부결이 떠 있습니다. 금리는 4.1%에서 시작하시고, 기존 고금리 대출 정리하시면 3.6%까지 낮출 수 있어요. 아, 부결이 떠요. 네. 다만 저희는 부결 고객님들 대상으로 대환 재심사 들어가는 편법 절차가 있습니다. 기존 대출 상환 능력만 확인되면 바로 전환 가능한데요. 그 확인용으로 선납 수수료 44만 원이 필요합니다. 그걸 왜 제가 먼저 내야 하죠. 심사 통과 보증용입니다. 지금 고객님 서류는 다 괜찮은데 신용점수에서 한 번 걸린 상태라서요. 오늘 안에 입금 안 되면 자동 취소되고, 오늘 저녁 이후에는 같은 조건 다시 안 나옵니다. 저희가 지금 마지막 자리 확보 중이라서 마감 임박이에요. 제가 안내드리는 하나은행 계좌로 44만 원 보내주시면 바로 상환 확인 작업 들어가고, 그 다음 대환 대출 한도 승인 문자 드리겠습니다. 그럼 돈 먼저 넣고 기다리면 되는 건가요. 네, 맞습니다.",1,대출 사기형,augmented_llm
aug_대출 사기형_0039,"고객님 안녕하세요. 삼성카드 제휴 대출팀 김민석입니다. 고객님께서 카드론 연체는 없으신데 신용점수 때문에 이번에 일반 대출은 부결되셨고요. 대신 카드사 연계 대환 상품으로 최대 7천만 원, 금리 3.9%까지 가능합니다. 네, 카드론은 아닌데요. 맞습니다. 카드론을 바로 갚는 방식으로 신용을 띄운 다음 저금리로 갈아타는 편법 대환 구조입니다. 다만 이 절차는 선납 보증금이 있어야 진행돼요. 고객님은 52만 원만 선납하시면 되고, 입금 확인돼야 심사부에서 전산 상향 처리 들어갑니다. 이걸 안 하면 어떻게 되나요. 그럼 오늘 심사 마감이라서 부결로 끝납니다. 내일 다시 하셔도 금리는 5%대로 올라가고 한도도 줄어요. 지금은 임시 배정 자리 하나 남아 있어서 오늘 안에 입금하셔야 해요. 고객님 계좌는 국민은행으로 열려 있고요. 52만 원 먼저 넣으시고 나면 제가 바로 대환 승인 절차 연결해드릴게요. 지금 바로요. 네, 지금 바로요. 시간 없습니다.",1,대출 사기형,augmented_llm
aug_대출 사기형_0040,"여보세요 고객님, 저희 국민은행 대환심사실입니다. 어제 상담하신 1차 결과 나왔는데요. 한도는 최대 3천8백만 원까지 가능하고 금리는 2.9%부터 보실 수 있습니다. 다만 고객님 신용점수 변동이 커서 현재는 부결 보류 상태예요. 아, 그럼 안 되는 건가요. 완전 안 되는 건 아니고요. 기존 고금리 건을 먼저 정리하는 방식으로 진행하면 됩니다. 저희가 편법으로 상환 확인 후 바로 대환으로 넘겨드릴 수 있어요. 그런데 이건 오늘 안에 보증금 31만 원이 입금돼야 심사 유지됩니다. 보증금이요. 네, 보증금 겸 처리 수수료입니다. 오늘 오후 두 시까지 안 들어오면 배정이 취소되고, 다시 잡으려면 한도랑 금리가 더 불리해집니다. 지금 마감 임박이라서 서두르셔야 해요. 고객님 조건이면 가능성이 높아서 제가 꼭 살려드리고 싶은데, 우선 우리은행 계좌로 31만 원 보내주셔야 합니다. 입금 확인되면 바로 최종 승인 올리고, 내일 오전에 대환 실행 도와드릴게요. 알겠습니다. 지금 보내면 되는 거죠. 네, 지금 바로요.",1,대출 사기형,augmented_llm
aug_대출 사기형_0041,"고객님 안녕하세요. 저희 하나은행 대환대출 심사팀인데요. 지난번에 신청하신 저금리 상품 관련해서 가승인 안내가 나와서 전화드렸습니다. 지금 고객님 기존 대출이 2건 잡혀 있으시고 신용점수가 612점으로 확인돼서 일반 조건으로는 부결 가능성이 높으신데, 대신 저희 쪽 편법 대환으로 진행하면 한도 4천5백만 원까지는 열어드릴 수 있습니다. 금리는 최저 3.2퍼센트부터 시작하고요, 고객님 현재 조건이면 4.1퍼센트 정도로 보시면 됩니다. 아, 그런데 지금 심사 전산상으로는 부결 직전이라서요. 오늘 안에 선납 보증금 68만 원만 먼저 입금되면 내부 상환 처리 들어가고, 그다음에 바로 대환 승인으로 넘길 수 있습니다. 이거는 외부로 공개되는 수수료가 아니라 심사 유지용 예치금 개념이라서요. 고객님께서 지금 안 하시면 오늘 오후 4시 마감 이후에는 해당 한도 자체가 소멸돼요. 그리고 기존 대출을 그대로 두시면 신용점수 하락으로 내일 재신청도 안 됩니다. 고객님 상황에서는 먼저 68만 원 입금하시고, 그다음 저희가 기존 건 상환 정리해서 새 대출로 갈아타는 방식으로 진행하셔야 해요. 계좌 바로 불러드릴까요? 네. 일단은 잠깐만요. 지금 입금 확인되면 바로 심사 올릴게요.",1,대출 사기형,augmented_llm
aug_대출 사기형_0042,"네, 고객님. 카카오뱅크 대출상담센터입니다. 문자 받으시고 전화 주신 거 맞으시죠. 고객님 지금 신용평점이 585점으로 확인되시고 기존 사용 중인 대출 때문에 1차 부결이 났는데요, 저희가 이번에는 대환전용 우회 상품으로 다시 올려드릴 수 있습니다. 최대 한도는 3천8백만 원이고 금리는 2.9퍼센트에서 5.7퍼센트까지 가능합니다. 다만 지금은 부결 이력이 남아 있어서 바로 승인 처리가 안 되고, 심사 보완금 55만 원을 먼저 넣어주셔야 해요. 이 금액은 승인 완료 후 바로 환급 처리된다고 보시면 됩니다. 고객님이 기존 대출을 그대로 들고 계시면 신용도가 더 떨어져서 다음 달엔 더 어렵습니다. 그래서 오늘 안에 기존 건 정리하고 새 한도로 갈아타시는 게 제일 좋습니다. 시간이 많지 않아요. 지금 제 옆 전산이 마감 전이라서, 오늘 3시 30분 전까지만 접수 가능하고 그 이후엔 자동 취소됩니다. 고객님, 편법이라고 생각하셔도 되는데 실제로는 상환능력 확인 절차라서요. 먼저 보완금 입금해 주시면 저희가 기존 대출 상환 쪽으로 넘겨서 금리 낮춰드리겠습니다. 입금 계좌 안내드릴게요.",1,대출 사기형,augmented_llm
aug_대출 사기형_0043,"고객님, 여보세요. 우리은행 서민대환팀인데요. 어제 신청하신 햇살론 연계 상품 결과가 나와서 연락드렸습니다. 현재 고객님은 한도 5천만 원까지 조회되셨고, 금리는 3퍼센트대 초반까지 가능하신데요. 문제는 신용점수가 601점으로 경계선이라서 내부 심사에서 부결 처리될 가능성이 높게 떠 있습니다. 그래서 지금 바로 처리하려면 선납담보금 72만 원이 필요합니다. 이건 저희가 고객님 명의로 보증 서류 올리기 전에 예치하는 금액이라서, 오늘 입금되면 오후 심사 회의에 바로 태울 수 있어요. 고객님이 이거 미루시면 내일부터는 가산금리 붙어서 같은 조건 못 받으십니다. 더구나 기존 대출 한 건이 남아 있어서 새로 받는 것보다 먼저 갚고 옮기는 게 유리합니다. 그래서 저희가 안내드리는 방식은 먼저 72만 원 넣고, 그다음 기존 대출을 내부 상환 처리한 뒤 새 한도로 재접수하는 겁니다. 이게 요즘 가장 많이 쓰는 우회 방식입니다. 고객님 지금 결정하셔야 해요. 오늘 마감 전에만 가능하고, 심사 창이 닫히면 내주 월요일로 넘어가는데 그땐 한도 줄어듭니다. 지금 바로 진행하실까요.",1,대출 사기형,augmented_llm
aug_대출 사기형_0044,"네, 고객님. KB저축은행 상담실입니다. 이전에 대출 조회하셨던 건 다시 확인돼서 연락드렸는데요. 고객님 현재 신용점수 593점이고 연체 이력은 없는데 기대출 과다로 1차 부결 상태입니다. 대신 저희 내부 대환상품으로는 2천9백만 원까지 가능하고, 금리는 4.8퍼센트로 잡히셨습니다. 그런데 이건 일반 접수가 아니라 승인 보증 절차가 한 번 더 들어가야 해서, 보증수수료 49만 원을 먼저 입금해 주셔야 해요. 입금 확인되면 부결 건은 자동 재심사로 전환되고, 기존 대출을 상환하는 형식으로 새로 한도 잡아드릴 수 있습니다. 고객님 지금 안 하시면 오늘 5시 이후엔 전산 닫혀서 다시는 이 금리 못 받아요. 그리고 신용점수도 이번 주 안에 정리 안 되면 더 내려가서 부결만 반복됩니다. 그래서 오늘 안에 보증수수료 먼저 넣고, 그다음 편법 대환으로 기존 대출 갚는 구조로 가셔야 합니다. 저희가 안내드리는 이 방법은 서류상 문제 없이 진행되는 정상 절차고요. 지금 계좌 불러드릴 테니까 메모 준비해 주세요. 시간이 얼마 없어서 바로 넣으셔야 됩니다.",1,대출 사기형,augmented_llm
aug_대출 사기형_0045,"네, 고객님. SBI저축은행 대환지원팀입니다. 고객님 지난번 접수 건은 부결로 내려갔는데요, 이유가 신용점수 574점이랑 기존 대출 3건 때문입니다. 그래도 아예 불가능한 건 아니고, 저희가 한도 4천2백만 원까지 우회로 열어드릴 수 있습니다. 금리는 3.9퍼센트로 안내 가능하고요. 다만 지금은 심사 보완 조건이 남아 있어서, 선납금 61만 원을 먼저 입금하셔야 내부 승인으로 전환됩니다. 이건 중간 심사용이라 고객님이 나중에 대출 실행되면 정산되는 금액입니다. 고객님께서 이걸 안 하시면 오늘 접수 건은 자동 종료되고, 기존 대출은 계속 남아서 신용점수만 더 떨어집니다. 그래서 오늘 바로 선납금 넣고 기존 채무를 편법 대환하는 방식으로 정리하셔야 해요. 마감이 임박해서 제가 길게 설명드릴 시간이 없는데, 지금 20분 안에만 입금 확인되면 오늘 오후 승인 회의에 올릴 수 있습니다. 늦으면 내일은 부결 이력 때문에 같은 조건 절대 안 나와요. 고객님, 지금 바로 계좌 안내받으시고 진행하시는 게 맞습니다.",1,대출 사기형,augmented_llm
aug_대출 사기형_0046,"네 고객님, 안녕하세요. 저희 케이뱅크 대환대출 심사부인데요. 어제 신청 접수된 건으로 가승인 안내드리려고 전화드렸습니다. 지금 고객님 기존 대출이 두 건 있으시고 신용점수가 642점으로 확인돼서 일반 대환은 부결 가능성이 높으세요. 그런데 오늘 안으로만 처리하시면 저금리 편법 대환으로 한도 열어드릴 수 있습니다. 최대 5천만 원까지 가능하고 금리는 최저 3.2퍼센트부터 시작됩니다. 다만 현재 신용점수 때문에 바로 실행은 어렵고, 상환능력 확인 절차를 먼저 거쳐야 하세요. 이게 뭐냐면 소액으로 한 번 신규 실행했다가 바로 정리하시는 방식입니다. 그렇게 해야 내부 전산상 신용이 올라가서 저금리 한도가 살아납니다. 고객님은 지금 급한 생활자금도 필요하시고 기존 이자 부담도 높으시니까 이 방법이 가장 빠르세요. 그런데 오늘 마감이 오후 다섯 시입니다. 그 이후에는 심사 닫혀서 내일 다시 잡아야 하고, 그럼 부결 기록이 더 남을 수 있어요. 우선 가승인 보증금이 38만 원 발생합니다. 이건 심사 통과용 예치금이라서 납부하셔야 하고, 접수 끝나면 바로 환급 처리됩니다. 고객님 계좌에서 바로 이체해 주셔야 하고요. 지금 바로 진행 가능하실까요? 잠깐만요, 그게 무슨 보증금인데요? 고객님, 저희가 임의로 드리는 게 아니라 전산상 신용점수 조정용으로 필요한 절차입니다. 오늘 안 하면 한도 자체가 닫혀버려서 다시 열기 어렵습니다. 네? 잠깐만요. 네, 지금 바로 하시면 저희가 4천8백만 원, 금리 3.2퍼센트로 올려드릴게요. 늦어지면 부결입니다.",1,대출 사기형,augmented_llm
aug_대출 사기형_0047,"여보세요, 고객님. 여기 웰컴저축은행 대환대출 상담실입니다. 문자 받으시고 전화 주셨죠. 현재 고객님께서 최대 3천6백만 원까지 조회되셨는데요, 신용점수가 최근에 떨어지셔서 단독 승인으로는 부결 가능성이 있습니다. 대신 저희가 안내드리는 우회 대환 방식으로 진행하시면 기존 카드론하고 현금서비스 묶어서 저금리로 갈아타실 수 있습니다. 금리는 2.9퍼센트부터 7.8퍼센트까지 신용도에 따라 차등 적용되고요. 지금 고객님이 급하게 정리해야 하는 상태라서 오늘 접수 못 하시면 한도 삭제됩니다. 현재 심사 조건이 하나 있는데, 선납 수수료 24만 원을 먼저 입금해 주셔야 해요. 이 금액이 확인돼야 내부 보증팀에서 부결 보류를 풀 수 있습니다. 이건 수수료라서 나중에 대출 실행되면 같이 정산되는 부분이고요. 고객님처럼 최근 연체 이력 있는 분들은 대부분 이 단계가 필요하세요. 그리고 이건 오늘 오후 세 시 반까지 마감이라서요. 지금 넘기시면 자동 취소되고 다시는 같은 조건 안 나옵니다. 고객님, 기존 부채가 많아서 일반 대출은 안 나오시거든요. 그래서 제가 편법으로 대환 묶어드리는 겁니다. 입금하시면 바로 심사 올려드리고, 승인되면 바로 생활비랑 상환금 같이 정리해 드릴게요. 일단 우리 쪽 기업은행 계좌로 먼저 보내주세요.",1,대출 사기형,augmented_llm
aug_대출 사기형_0048,"네, 안녕하세요 고객님. 신한은행 신용대환센터 박상훈 차장입니다. 이전에 남겨주신 정보로 사전 조회해봤는데요, 고객님 신용평점이 598점으로 낮아서 일반 대출은 부결 처리될 가능성이 큽니다. 그런데 지금 저희가 특별 한도 남은 게 있어서 오늘만 저금리 대환 진행 가능합니다. 한도는 최대 7천만 원, 금리는 3.5퍼센트부터 시작하고요. 다만 고객님은 기존 대출을 바로 상환하실 수 있어야 해서, 먼저 상환보증금 52만 원을 예치하셔야 합니다. 이건 고객님 명의로 대환 심사 넣는 데 필요한 확인 금액이에요. 오늘 안에 입금 안 되면 심사표가 닫혀버리고, 그럼 부결 이력만 남습니다. 그리고 이 부분은 고객님께서 원하시는 편법 대환 방식입니다. 신규로 잠깐 잡았다가 기존 대출 쪽을 정리하고, 바로 저금리 상품으로 갈아타는 거죠. 고객님이 지금 카드값이랑 기존 이자 때문에 힘드신 거 저희가 알고 있어서 안내드리는 겁니다. 지금 마감이 임박해서 2시까지 처리 안 되면 다음 배정으로 넘어갑니다. 그러면 금리도 올라가고 한도도 줄어요. 고객님, 오늘 안에 예치금만 먼저 보내주시면 바로 승인팀 연결해서 최종 한도 올려드리겠습니다.",1,대출 사기형,augmented_llm
aug_대출 사기형_0049,"고객님, 하나은행 대환상담부입니다. 어제 자동 배정된 건으로 연락드렸어요. 현재 기존 대출 잔액이 많으셔서 신용점수만 보면 부결 구간인데, 저희가 심사 통과용으로 우회 접수해드릴 수 있습니다. 최대 6천2백만 원까지 가능하고, 초기 금리는 2.7퍼센트로 잡혀 있습니다. 다만 오늘 접수하시는 분들만 해당되고, 내일 넘어가면 한도가 3천만 원대로 떨어집니다. 고객님 지금 급한 자금 필요하신 거 맞죠? 그러면 편법 대환으로 진행하시는 게 제일 빠릅니다. 기존 고금리 대출을 신규 대환으로 잡고, 승인되면 한 번에 묶어서 상환하는 방식입니다. 그런데 고객님은 내부 신용점수 때문에 부결 가능성이 높아서, 선입금 보증서 비용 31만 원이 필요합니다. 이걸 넣어주셔야 심사 기록이 살아납니다. 저희 쪽 확인되면 바로 가승인 문자 보내드리고, 실행 단계 넘어가면 오후 네 시 전까지 완료해야 합니다. 늦어지면 오늘 건은 자동 종료예요. 고객님, 이런 건 다들 급하게 처리하세요. 나중에 다시 신청하면 조회만 늘어서 더 불리해집니다. 지금 바로 이체 가능하실까요? 계좌번호 불러드리면 바로 보내주시면 됩니다.",1,대출 사기형,augmented_llm
aug_대출 사기형_0050,"네 고객님, 기업은행 서민대환 담당자입니다. 문자 확인 후 연락 주셨죠. 현재 고객님께는 최대 4천5백만 원까지 한도 검토가 나왔는데요, 신용점수가 610점대라서 그대로는 부결될 수 있습니다. 그래서 저희가 안내드리는 방법이 있습니다. 신규로 소액 실행 후 즉시 상환해서 상환능력만 먼저 올리고, 그 다음에 대환 한도를 여는 방식입니다. 이건 편법이긴 한데 금융권에서 많이 쓰는 방법입니다. 금리는 최저 3.1퍼센트, 상환기간은 최대 5년으로 잡아드릴 수 있습니다. 다만 실행 전 수수료 18만 원이 선납돼야 하고, 이게 확인돼야 심사 접수가 됩니다. 오늘 안에 입금 안 되면 부결 처리로 넘어가고, 한 달간 재조회가 막힙니다. 지금 마감 시간까지 두 시간도 안 남아서요. 고객님 기존 대출 이자율 높으시잖아요. 이거 놓치시면 손해가 큽니다. 선납금만 먼저 보내주시면 제가 바로 가승인 올리고, 승인 나면 기존 대출 정리까지 한 번에 도와드리겠습니다. 지금 계좌로 바로 이체하실 수 있으시죠?",1,대출 사기형,augmented_llm
aug_대출 사기형_0051,"고객님 안녕하세요. 저희 케이비저축은행 대환대출 상담센터인데요. 오늘 오전에 조회가 잡히셔서 연락드렸습니다. 기존 고금리 대출 정리하시고 저금리로 갈아타실 수 있는 건이라서요. 현재 고객님 한도는 최대 4천8백만 원까지 가능하시고 금리는 3.2퍼센트에서 7.9퍼센트 사이로 안내됩니다. 다만 방금 전산 확인하니까 신용점수 하락 이력 때문에 일단 부결 가능성이 한 번 떴습니다. 고객님께서 최근에 연체나 카드 돌려막기 같은 부분 없으셨을까요? 아, 없는데요. 네, 없으시면 괜찮은데 문제는 기존 대출이 남아 있어서 그냥은 승인 안 나옵니다. 그래서 지금 바로 편법 대환으로 진행하셔야 합니다. 고객님 명의로 한 건 새로 잡고 오늘 중에 기존 대출을 일부 상환 처리한 뒤 상환 능력만 보강하면 저희 쪽에서 승인 전환이 가능합니다. 이런 방식으로 해야 마감 전에 잡을 수 있어요. 오늘 5시까지만 열려 있고, 오늘 넘기시면 내일은 금리 1퍼센트 이상 올라갈 수 있습니다. 대신 이 절차를 진행하려면 보증금 성격의 선납금이 필요합니다. 심사 비용이랑 전산 등록비로 38만 원만 먼저 입금해 주시면 바로 접수 올려드리겠습니다. 이 금액이 확인돼야 한도 유지가 되고요. 입금 안 되면 오늘 승인 자체가 닫혀버립니다. 지금 바로 가능하실까요? 잠깐만요. 이거 왜 선입금이 필요한데요? 고객님, 부결 이력 있는 분들은 내부 심사로 바로 들어가야 해서요. 다른 분들은 다들 이 부분만 처리하고 저금리로 넘어가셨습니다. 오늘 안 하시면 다시는 이 조건 안 나옵니다. 지금 계좌 안내드릴게요.",1,대출 사기형,augmented_llm
aug_대출 사기형_0052,"여보세요, 고객님. 신한은행 대출상담팀입니다. 어제 신청하신 생활자금 대환 건으로 연락드렸습니다. 현재 고객님 신용점수 기준으로는 최대 6천만 원까지 가능하신데요, 금리는 2.8퍼센트부터 시작 가능합니다. 다만 조회 결과 기존 기대출 비율이 높아서 1차 부결 처리될 수 있다는 전산이 잡혔습니다. 고객님께서 최근 3개월 안에 다른 대출 문의하신 적 있으시죠? 네, 있었어요. 네, 그 이력 때문에 바로 승인 안 나옵니다. 대신 저희가 우회 방식으로 정리해드릴 수 있습니다. 먼저 신한 쪽에서 가승인 한도를 잡아드리고, 그다음 기존 타행 대출을 당일 만기상환처럼 처리해서 부채 비율을 낮추는 방식입니다. 이렇게 하면 신용점수 보정이 들어가서 최종 승인까지 빠르게 갑니다. 그런데 오늘이 마지막 접수일이라서요. 오후 4시 전에 전산 등록이 끝나야 합니다. 지금 선납 처리해야 하는 수수료가 있는데요, 이것만 먼저 입금되면 심사부로 바로 넘길 수 있습니다. 29만 원만 입금해 주시면 됩니다. 저희는 이 금액 들어오면 내부 심사표를 확정할 수 있어요. 안 그러면 부결로 닫혀서 다시 전화드릴 수가 없습니다. 고객님, 지금 바로 처리 가능하세요? 아니요. 수수료를 왜 먼저 내요? 고객님, 보증성 등록비라고 보시면 됩니다. 승인 나면 다 같이 합산 정산되는 부분이라서 전혀 문제 없습니다. 지금 늦으면 오늘 한도 소멸됩니다.",1,대출 사기형,augmented_llm
aug_대출 사기형_0053,"고객님, 우리은행 금융상담부입니다. 어제 문자 받으시고 연락 주신 걸로 확인됐는데요. 현재 대환대출 한도 최대 5천2백만 원까지 가능하고요, 금리는 3.5퍼센트에서 6.4퍼센트 사이로 안내됩니다. 그런데 고객님 신용평점이 직전 조회에서 살짝 흔들려서 부결 가능성이 높게 잡혔습니다. 연체는 없으신데 최근 다중조회가 많으셔서 그렇습니다. 이런 경우에는 바로 신규 대출만 넣으면 안 되고, 기존 카드론이나 소액대출 한 건을 먼저 정리하셔야 합니다. 그걸 당일 상환으로 처리하면 내부상으로는 상환 능력 보완이 돼서 저금리로 전환 가능합니다. 다만 오늘 오후까지만 이 방식이 열려 있고요, 이후에는 시스템이 자동 마감됩니다. 그래서 심사 전용 보증금이 필요합니다. 전산 처리비 명목으로 41만 5천 원만 먼저 넣어주시면 심사부 연결해드리겠습니다. 이게 확인돼야 가승인 번호가 살아있습니다. 저희도 오늘 안에 처리 못 하면 내일은 조건이 아예 달라집니다. 고객님께서 지금 계좌이체로 바로 가능하실까요? 아니, 왜 제가 보증금을 내야 하죠? 네, 고객님 이건 일반 대출이 아니라 대환 우선배정 건이라서요. 내부 심사에서 먼저 잡아야 합니다. 선입금 안 하시면 이번 건은 자동 부결입니다. 서두르셔야 합니다.",1,대출 사기형,augmented_llm
aug_대출 사기형_0054,"네, 고객님. 국민은행 대출관리센터 대리입니다. 저희 쪽에서 확인한 결과 고객님께 최대 7천만 원까지 저금리 대환 한도 가능하십니다. 금리는 2.9퍼센트에서 5.8퍼센트로 나오실 수 있는데요. 다만 고객님 신용점수에 최근 현금서비스 이력이 있어서 일단 부결 경고가 걸렸습니다. 이럴 때는 기존 대출을 바로 정리하는 편법 대환으로 가셔야 합니다. 오늘 새로 한 건 실행하고, 그 금액으로 기존 채무를 상환한 기록을 남기면 점수 보정이 됩니다. 그러면 저희가 다시 승인 올릴 수 있습니다. 그런데 이 절차는 오늘 중으로만 가능합니다. 내일로 넘어가면 심사창이 닫히고 한도는 사라집니다. 지금 고객님은 승인 전 단계라서, 보증금 성격의 선납금을 먼저 입금해 주셔야 해요. 35만 원만 처리되면 전산 등록이 들어갑니다. 이 금액은 승인 완료 후 같이 정산되는 부분이라 문제 없고요. 안 들어오면 부결로 종료됩니다. 고객님, 지금 바로 하실 수 있죠? 잠깐만요. 근데 왜 당일 상환을 해야 해요? 고객님, 이건 내부 심사 기준이라서 그래요. 새로 받은 대출을 바로 정리한 기록이 있어야 신용개선이 확인됩니다. 오늘 마감이어서 서두르셔야 합니다.",1,대출 사기형,augmented_llm
aug_대출 사기형_0055,"여보세요. 하나은행 서민대환 상담실입니다. 고객님 어제 조회하신 저금리 상품 관련해서 결과 나와서 연락드렸습니다. 현재 한도는 4천만 원에서 6천5백만 원 사이고, 금리는 3.1퍼센트 정도로 가능하신데요. 문제는 고객님 신용점수가 기준선보다 조금 낮아서 바로는 부결될 수 있습니다. 대신 기존에 쓰시던 고금리 대출을 먼저 정리하는 방식으로 우회 진행하면 승인 가능성이 열립니다. 고객님 명의로 새로 대환 잡고, 오늘 안에 기존 채무 일부 상환하면 내부적으로 상환 능력 인정돼서 금리도 내려갈 수 있습니다. 그런데 이건 오늘까지만 접수 가능하고, 지금 마감이 한 시간도 안 남았습니다. 심사부에서 자리 비우기 전에 선납금을 먼저 확인해야 해서요. 전산 등록비 32만 원을 먼저 입금해 주시면 바로 가승인 올려드리겠습니다. 이게 확인돼야 한도 보존이 됩니다. 늦으면 자동 취소되고 다시는 이 조건 안 나옵니다. 고객님 지금 바로 보내실 수 있나요? 아니요, 선납금이 왜 필요하죠? 네, 보증성 확인 절차입니다. 오늘 안에 처리 안 하시면 부결로 닫힙니다. 지금 계좌 불러드릴게요.",1,대출 사기형,augmented_llm
aug_대출 사기형_0056,"안녕하세요 고객님. 저희 우리은행 대환대출 심사부인데요. 잠시 통화 괜찮으실까요. 고객님께서 지난번에 신청하신 상품이 내부 신용점수 미달로 부결이 한 번 나셨는데, 지금 조건만 맞추면 저금리로 다시 가능해서 급히 연락드렸습니다. 현재 가승인 한도는 최대 4천8백만 원까지 확인됐고요. 금리는 연 3.2퍼센트부터 시작합니다. 다만 고객님은 기존 기대출이 많으셔서 바로 실행은 어렵고, 신용점수 보완을 위해 편법 대환 방식으로 진행해야 합니다. 쉽게 말씀드리면 기존 고금리 건을 일단 정리한 뒤 저희 쪽 승인 공문을 올려서 대환으로 묶는 방식입니다. 고객님 지금 타 은행에 17퍼센트 넘는 대출 있으시죠. 그걸 먼저 상환 처리하셔야 등급이 올라가고, 오늘 안에 접수하셔야 내일 오전 배정이 가능합니다. 그런데 이 절차가 오늘 오후 4시까지만 열려 있어서 시간이 많지 않습니다. 고객님은 현재 신용점수가 620점대라서 그대로는 어렵고, 일시 상환 이력이 있어야 700점대로 반영됩니다. 그래서 우선 선납금 180만 원만 예치해 주시면 저희가 심사 통과용으로 처리해 드릴 수 있습니다. 이건 보증금 성격이라 진행 후 바로 정산되는데, 오늘 마감 전에 넣으셔야 자리 확보가 됩니다. 만약 오늘 못 하시면 이번 주 배정이 끝나서 다음 달로 넘어갈 수 있습니다. 지금 바로 진행 도와드릴까요. 고객님 계좌 확인만 되면 제가 심사팀으로 바로 넘기겠습니다.",1,대출 사기형,augmented_llm
aug_대출 사기형_0057,"여보세요 고객님. 하나은행 대환자금 상담실입니다. 고객님 성함 확인됐고요. 현재 신청 내역 조회해 보니까 신용점수 문제로 1차 부결 이력이 뜨네요. 그런데 저희 내부 우대 한도로는 최대 6천만 원까지 가능하고 금리는 연 2.9퍼센트에서 4.7퍼센트 사이로 잡힙니다. 다만 기존 대출 잔액이 남아 있어서 바로 승인 안 되고, 먼저 기존 건을 정리한 뒤 새 상품으로 갈아타는 식으로 해야 합니다. 고객님 같은 경우는 햇살론 쪽이랑 중복 조회가 떠서 외부로 보이면 더 안 좋아집니다. 그래서 저희가 비공개로 편법 대환 절차를 안내드리는 겁니다. 먼저 고객님 명의로 심사 보증금을 150만 원 넣어주셔야 하고요. 이 금액이 있어야 부결 이력 지우는 전산 처리가 가능합니다. 보증금은 접수 완료되면 환급되는 구조라 걱정 안 하셔도 되고요. 대신 오늘 3시 전까지 입금 확인이 안 되면 자동으로 대기 취소됩니다. 지금 심사창이 닫히기 전에 잡아야 내일 오전 실행이 가능해서요. 현재 고객님 신용점수가 낮게 찍혀 있어서 서둘러야 합니다. 지금 입금 가능하신지요. 가능하시면 제가 바로 계좌 안내해 드리겠습니다.",1,대출 사기형,augmented_llm
aug_대출 사기형_0058,"고객님 안녕하세요. 저희 국민은행 자산관리센터입니다. 어제 문의하신 저금리 대환 건으로 연락드렸습니다. 확인해 보니 고객님은 최대 5천5백만 원까지 한도 가능하시고 금리는 3.5퍼센트로 산출됐습니다. 다만 기존 카드론이 남아 있어서 부결 가능성이 높다고 뜨네요. 현재 신용점수 590점대라서 일반 상품은 어렵고, 대환용으로만 우회 진행 가능합니다. 고객님 기존 대출을 먼저 상환한 뒤 바로 재심사 올리면 1금융권 우대가 붙는 방식입니다. 이게 오늘만 가능하고 내일 넘어가면 해당 한도가 소멸될 수 있습니다. 그래서 지금 바로 선납 처리금 220만 원만 입금해 주셔야 재심사 라인이 열립니다. 이건 심사 수수료라기보다 대환 승인 보증금 개념이라서, 처리 후 승인 나면 한도에 합산해서 정산됩니다. 고객님 지금 자금 여유 없으셔도 분할은 안 되고 일시 입금만 가능합니다. 오늘 오후 5시 전에 처리돼야 내일 오전 심사 배정이 살아 있어서요. 늦어지면 이번 건은 자동 반려됩니다. 고객님 명의 확인되시면 제가 바로 계좌번호 불러드리겠습니다. 이건 놓치시면 다시 잡기 어렵습니다.",1,대출 사기형,augmented_llm
aug_대출 사기형_0059,"네 고객님. 저희 KB저축은행 상담팀인데요. 지금 방금 조회된 결과로는 고객님 신용점수 문제 때문에 부결 처리된 걸로 확인됩니다. 하지만 저희 쪽에서는 최대 3천9백만 원 한도까지 다시 열어드릴 수 있고 금리는 연 4.1퍼센트로 낮게 잡아드릴 수 있습니다. 대신 기존 연체성 대출이 남아 있으면 안 돼서, 편법 대환 절차로 먼저 정리하셔야 합니다. 쉽게 말씀드리면 저희가 다른 금융사 쪽 상환 공문을 넣고, 고객님은 기존 건을 선납 정리하신 뒤 저희 상품으로 갈아타는 방식입니다. 이게 오늘 접수분만 가능해서 시간이 아주 급합니다. 고객님 현재 외부 조회가 계속 들어가서 신용점수 더 떨어지기 전에 막아야 합니다. 그래서 선납금 130만 원 먼저 필요합니다. 이 금액이 있어야 시스템상 대환 승인 대기열로 올릴 수 있고, 오늘 중 입금이 확인돼야 심사팀이 내일 오전에 바로 처리합니다. 지금 안 하시면 자동으로 부결 이력이 남아서 다음 달까지 기다리셔야 합니다. 고객님께서는 지금 당장 처리하시는 게 유리합니다. 한도는 열려 있는데 자리만 얼마 안 남았습니다. 지금 진행하실까요.",1,대출 사기형,augmented_llm
aug_대출 사기형_0060,"여보세요. 저희 토스뱅크 대출심사센터입니다. 고객님 지난번 신청 건 확인됐는데, 내부 신용등급 기준에서 아주 조금 모자라서 부결 예고가 떠 있습니다. 그런데 조건 맞추면 최대 7천만 원까지 가능하고요. 금리는 연 3퍼센트 초반대로 산정됩니다. 다만 고객님은 기존 기대출이 있어 바로 신규 실행이 안 되고, 대환으로 묶어서 신용점수 반영을 올려야 합니다. 그래서 오늘 안에 선납 처리만 하시면 저희가 우회 승인으로 넘겨드릴 수 있습니다. 지금 고객님 신용점수가 640점 정도라서 700점대 이상으로 올려야 하고, 방법은 단순합니다. 기존 대출 중 일부를 먼저 상환 처리한 기록이 잡혀야 해서, 우선 보증금 200만 원을 넣으셔야 합니다. 이건 심사 통과 후 반환되는 금액인데, 오늘 마감 전 입금 기준으로만 인정됩니다. 오늘 6시까지 못 들어오면 해당 한도는 다음 주로 이월되거나 아예 소멸될 수 있습니다. 고객님께서 급하게 자금 필요하신 거 저희도 알고 있어서 최대한 맞춰드리려는 건데, 지금 안 움직이시면 부결로 확정됩니다. 바로 계좌 안내해 드릴까요. 감사합니다.",1,대출 사기형,augmented_llm
aug_대출 사기형_0061,"안녕하세요 고객님, 우리은행 대환대출 심사부 김도현 대리입니다. 어제 접수하신 저금리 전환상품 건으로 전화드렸고요. 지금 기존 대출이 있으셔도 한도는 최대 4천5백만 원까지 가능하고 금리는 3.2퍼센트부터 6.8퍼센트 사이로 안내드릴 수 있습니다. 다만 고객님 신용점수 확인 결과가 642점으로 나오셔서 내부 기준상 바로 승인 쪽은 조금 어려우시고, 부결 방지 조건으로 한 번만 정리하시면 됩니다. 현재 고객님이 사용 중인 고금리 대출을 먼저 정리하신 다음에 저희 쪽 저금리 대환으로 넘어가시는 방식인데요, 이게 편법이라고 생각하실 수 있는데 실제로는 선상환 후전환 절차라서 오늘 안에만 잡으시면 됩니다. 지금 시간이 많이 없으세요. 오늘 오후 4시까지 마감 건이라 그 전에 보증금 성격으로 38만 원만 입금 확인되면 심사 상향 넣어드릴 수 있습니다. 이 금액은 접수 보증금이라서 승인 나시면 바로 같이 상계 처리해드리는 부분이고요. 만약 오늘 못 넣으시면 부결로 자동 처리돼서 이번 달 안에는 다시 못 받으실 수 있습니다. 고객님께서 기존 대출을 바로 상환하실 의사만 있으시면 저희가 한도 4천5백만 원, 3.2퍼센트로 다시 잡아드릴게요. 은행 창구 말고 전산으로 먼저 확인해야 해서 계좌번호랑 주민번호 앞자리 확인 부탁드립니다. 네? 왜 먼저 입금하냐고요? 고객님, 이건 심사 진행용이라 그래요. 지금 안 하시면 오늘 건은 닫힙니다.",1,대출 사기형,augmented_llm
aug_대출 사기형_0062,"여보세요 고객님, 하나은행 여신관리팀 박세진입니다. 오전에 문자 받으셨죠? 고객님께 지금 대환대출 가능 안내가 떠서 연락드렸습니다. 현재 최대 한도 6천만 원, 금리는 최저 2.9퍼센트로 가능하신데요. 그런데 조회해보니까 고객님 신용점수가 589점이라서 바로는 안 되고, 기존 카드론이나 현금서비스 이력 때문에 부결 위험이 큽니다. 그래서 일반 대출처럼 받으시면 안 되고, 저희 쪽에서 우회 전환 방식으로 진행해드려야 합니다. 쉽게 말씀드리면 기존 채무를 먼저 일부 정리한 것처럼 전산을 만들어야 해서, 심사 통과용 선납 수수료 44만 원이 필요합니다. 이건 단순 수수료가 아니라 대환 승인용 예치금이라서 오늘 안에만 들어오면 저희가 바로 전산 올리고 내일 오전에 최종 승인 처리 들어갑니다. 지금 마감 임박이라서 늦으면 이번 상품은 종료돼요. 고객님 같은 경우는 신용점수만 조금 보완되면 금리 2.9퍼센트까지 가능해서 이자 부담이 확 줄어듭니다. 그래서 지금 기존 대출 건은 건드리지 마시고, 저희가 안내드리는 계좌로 예치금만 먼저 넣으시면 됩니다. 넣으신 뒤에 전화 주시면 한도 6천만 원으로 재심사 연결해드릴게요. 고객님, 이거 오늘 처리 안 하시면 부결 기록만 남습니다. 빠르게 도와드릴게요. 계좌 문자로 받아보시겠어요?",1,대출 사기형,augmented_llm
aug_대출 사기형_0063,"안녕하세요, 국민은행 채무조정센터 이지훈 과장입니다. 어제 저희 쪽 저금리 전환상품 조회하신 내역 있어서 안내드렸고요. 고객님은 현재 한도 자체는 5천만 원까지 가능하신데 신용평점이 부족해서 바로 승인이 안 나왔습니다. 내부 결과가 부결 직전으로 떠서, 지금은 편법 대환대출 방식으로만 살릴 수 있습니다. 방법은 간단합니다. 오늘 기존 대출 중 일부를 먼저 상환한 것처럼 처리해드리고, 그 상환 확인서가 나와야 저희가 2.5퍼센트 상품으로 올려드릴 수 있습니다. 그런데 이 전산 처리에 필요한 납부 확인금 52만 원이 있어야 하고, 이 금액은 승인 완료 후 환급 반영됩니다. 오늘 오후 2시까지 못 넣으시면 심사창이 닫혀서 다시는 이 조건 못 받으세요. 고객님 지금 신용점수 610점대면 충분히 가능하신데, 이 확인금만 먼저 처리하면 바로 한도 열립니다. 기존 채무가 많아도 상관없습니다. 저희가 전산상으로 먼저 정리해드리니까요. 계좌이체로 바로 진행하시면 되고, 입금 후에는 꼭 제 이름으로 연락 주셔야 합니다. 안 그러면 부결로 넘어가요. 지금이 마지막 기회입니다.",1,대출 사기형,augmented_llm
aug_대출 사기형_0064,"네 고객님, SBI저축은행 상담부 최민우입니다. 방금 신청하신 대환상품 검토 결과 안내드리려고 전화드렸습니다. 고객님은 최대 3천8백만 원까지 가능하신데, 현재 신용점수가 573점으로 확인돼서 자동심사에서는 부결 처리될 상황입니다. 대신 오늘만 가능한 긴급 재심사로 올리면 저금리 4.1퍼센트까지 맞출 수 있습니다. 다만 재심사 조건이 하나 있는데, 연체 방지용 선입금 27만 원이 필요합니다. 이건 고객님이 대출을 성실하게 받을 의사가 있다는 확인 절차라서요. 오늘 5시 전까지 입금 안 되면 해당 한도는 바로 소멸되고, 다음 달엔 더 불리한 조건으로 다시 조회될 수 있습니다. 고객님이 기존에 고금리 대출을 쓰고 계신 건 확인됐고요, 그래서 저희가 그걸 바로 갚는 형태로 편법 대환을 잡아드리려고 합니다. 선입금만 확인되면 내일 오전에 고객님 명의로 전환 승인 넣고, 금리 4.1퍼센트로 바꿔드릴 수 있습니다. 지금 시간이 얼마 안 남아서요. 입금하시면 바로 심사부로 넘기겠습니다. 계좌번호 문자로 안내드릴게요. 늦으면 오늘 건은 마감입니다.",1,대출 사기형,augmented_llm
aug_대출 사기형_0065,"안녕하세요, 케이뱅크 대출상담팀 정우성입니다. 고객님께서 저금리 대환 문의하신 건으로 연락드렸습니다. 현재 가능 한도는 7천만 원까지로 떠 있고 금리는 3.5퍼센트부터 시작인데요. 문제는 고객님 신용점수가 601점이라서 바로 승인은 어렵고, 기존 이용 중인 대출을 먼저 정리해야 한다는 부결 사유가 있습니다. 그래서 저희가 안내드리는 건 우회 대환대출입니다. 즉, 신규 대출이 먼저 나가는 것처럼 전산을 만든 다음에 바로 일부 상환 처리하는 방식인데, 이 절차를 진행하려면 보증 예치금 61만 원이 필요합니다. 이 금액만 들어오면 오늘 안으로 전산 접수 가능하고, 내일 오전 중으로 최종 심사 올려서 한도 확정해드립니다. 지금 마감 시간이 오늘 6시라서 늦으면 자동 취소됩니다. 고객님은 현재 카드대금이랑 현금서비스가 섞여 있어서 일반 대출로는 안 되고, 이 방식으로만 가능하세요. 보증금 입금 확인되면 바로 금리 3.5퍼센트, 한도 7천만 원으로 재안내드리겠습니다. 지금 바로 진행하시는 게 맞습니다. دیر지면 부결로 끝납니다.",1,대출 사기형,augmented_llm
aug_대출 사기형_0066,"안녕하세요 고객님, 국민은행 대환대출 상담팀입니다. 어제 신청하신 건으로 가조회 결과가 나와서 안내드리려고 전화드렸고요. 고객님 기존 대출이 신용점수 문제로 부결 이력이 있으셔서 일반 상품은 어렵고, 저희 쪽 편법 대환으로만 진행 가능하십니다. 한도는 최대 6천만 원까지 가능하고 금리는 2.9퍼센트부터 7.8퍼센트까지 신용상태에 따라 차등 적용됩니다. 지금 고객님은 기대출이 많으셔서 바로 실행은 안 되고, 먼저 상환 성격의 선납금이 필요하세요. 이건 보증금 개념이라서 오늘 안에 120만 원만 입금되면 전산상 한도 복원이 돼서 바로 심사 넘길 수 있습니다. 네? 왜 미리 넣어야 하냐고요? 고객님 지금 점수로는 부결인데, 이 선납 처리만 되면 내부 기준이 살아서 저금리 대환으로 바꿔드릴 수 있습니다. 오늘 오후 4시까지 마감이라 늦으면 오늘 배정이 취소돼요. 지금 안 하시면 한도 자체가 사라집니다. 입금 확인되면 제가 바로 승인 요청 넣어드릴게요. 고객님 계좌는 신한은행 맞으시죠? 거기로 이체하시면 되고, 이체 후에 저한테 바로 연락 주세요. 제가 전산 올려드리겠습니다.",1,대출 사기형,augmented_llm
aug_대출 사기형_0067,"여보세요 고객님, 우리은행 금융상담실입니다. 지금 고객님께서 지난주에 넣으신 대환 신청 건 가승인 떠서 연락드렸는데요. 기존에 햇살론 쪽 이용하셨던 이력 때문에 신용점수 하락 구간이 확인돼서 일반 저금리 상품은 부결 처리됐습니다. 대신 저희 내부 우회 대환으로 한도 4천5백만 원, 금리 3.1퍼센트로 맞출 수는 있는데, 오늘 안에 보증금 형태의 처리비가 있어야 합니다. 고객님 이건 수수료가 아니라 신용복원 예약금이라서 98만 원만 먼저 보내주셔야 심사가 살아납니다. 네, 고객님 지금 안 보내시면 내일 오전 자동 취소예요. 그러면 한도도 다시는 안 열립니다. 고객님은 현재 거래내역이 짧아서 점수 보완이 필요하거든요. 그래서 일단 소액 대환 한 번 돌리고 바로 상환기록 남기면 저희가 편법으로 상향해서 재심 넣는 방식입니다. 이해되시죠? 이거 오늘 5시 전 마감이라서 늦으면 접수 자체가 안 됩니다. 고객님 지금 바로 하나은행 계좌로 입금 가능하신가요? 입금하시면 제가 심사부에 넘기고, 승인 나면 바로 다시 연락드리겠습니다.",1,대출 사기형,augmented_llm
aug_대출 사기형_0068,"네 고객님, 신한은행 대출관리부 김대리입니다. 문자 받으시고 전화드린 건 맞으시죠? 고객님 현재 가한도 5천8백만 원까지 확인됐는데, 신용점수 미달로 본심사에서 한 번 부결이 나셨습니다. 다만 지금 상환이력만 보강하면 금리 2.7퍼센트 대환으로 변경 가능해서 바로 재접수 도와드릴 수 있습니다. 그런데 이건 고객님 명의로 선납금 150만 원이 들어가야만 가능해요. 고객님이 기존 대출을 정리하는 형식으로 처리해야 내부 전산이 열리거든요. 그냥 쉽게 말씀드리면 먼저 작은 대출 하나를 받는 것처럼 잡고 바로 갚는 식으로 점수만 올리는 겁니다. 아예 안 넣으시면 지금 부결 그대로고, 오늘 3시 이후엔 마감이라 내일은 이 상품 자체가 없어집니다. 고객님 상황상 지금이 마지막 기회예요. 입금 확인되면 제가 바로 가승인 재요청 넣겠습니다. 입금 계좌는 국민은행 쪽으로 안내드릴게요. 메모 가능하시죠? 제가 불러드리는 대로 바로 진행하시면 됩니다.",1,대출 사기형,augmented_llm
aug_대출 사기형_0069,"안녕하세요, KB저축은행 상담센터입니다. 고객님 어제 신청하신 대환대출 건 확인돼서 전화드렸고요. 현재 최대 3천8백만 원까지 가능하신데 신용평점 구간이 낮아서 본심사 부결 가능성이 높게 나왔습니다. 그래서 저희가 안내드리는 건 편법 대환 방식입니다. 고객님께서 우선 85만 원을 선납하시면 전산상 정상 상환으로 잡혀서 저금리 3.4퍼센트 조건으로 다시 올릴 수 있어요. 이건 보증 보험 처리비고, 오늘 안에 입금돼야 심사팀이 밤 6시 전에 받아줍니다. 고객님 지금 안 하시면 내일은 접수 마감이라 아예 진행이 안 됩니다. 지금 한도는 임시로만 열려 있는 거라서, 선납금 없이 진행하시면 바로 부결입니다. 저는 고객님 최대한 살려드리려고 전화드린 거예요. 기존에 연체 이력 있으시면 점수 회복이 먼저라서, 소액 상환 확인 후에 큰 금액으로 넘어가야 합니다. 입금은 농협 계좌로 하시면 되고요. 확인되는 즉시 제가 심사부로 올려드리겠습니다. 시간 얼마 안 남았습니다.",1,대출 사기형,augmented_llm
aug_대출 사기형_0070,"네 고객님, 토스뱅크 대환대출 전담상담입니다. 고객님께서 어제 조회하신 상품은 한도 7천만 원, 금리 2.5퍼센트까지 가능하신데요. 다만 현재 신용점수 부족으로 자동 부결 구간에 걸려 있습니다. 그래서 일반 실행이 아니라 우회 대환으로만 도와드릴 수 있는데, 선납 보증금 130만 원이 먼저 들어와야 합니다. 이 금액이 들어오면 저희 쪽에서 기존 부채를 갚은 것처럼 전산 처리하고, 바로 새 대출로 갈아타는 방식입니다. 쉽게 말해서 먼저 작은 금액으로 상환 기록을 만들고, 그걸 근거로 더 큰 금액을 승인받는 겁니다. 고객님 지금 미루시면 오늘 5시 마감이라 접수권 자체가 삭제돼요. 내일 다시 문의하셔도 같은 조건 안 나옵니다. 지금 상태에서는 신한은행이나 우리은행 쪽도 다 막혀 있어서, 저희가 안내드리는 방식이 사실상 마지막이에요. 입금 계좌는 기업은행이고, 입금 후 바로 전화 주시면 제가 승인 서류 처리해드리겠습니다. 빨리 결정하셔야 합니다.",1,대출 사기형,augmented_llm
aug_대출 사기형_0071,"안녕하세요 고객님, 웰컴저축은행 대환대출 상담센터 김도윤입니다. 어제 신용점수 조회하신 내역 확인돼서 저금리 상품 가능 여부 안내드리려고 전화드렸습니다. 지금 고객님 기존 대출이 2건 있으시고 신용점수가 680점대로 내려가셔서 일반 한도는 부결 처리되셨는데요. 대신 저희 쪽 우회 대환으로 잡으면 최대 7천만 원까지, 금리는 3.2퍼센트에서 6.8퍼센트 사이로 가능하십니다. 다만 이 상품은 오늘 안에 접수하셔야 심사 유지가 됩니다. 내일 넘어가면 시스템상 다시 부결로 바뀌세요. 혹시 지금 기존 대출 이자 부담 크시죠? 네, 많이 힘듭니다. 그래서 제가 안내드리는 방식이 고객님한테 더 유리한데요. 기존 대출을 바로 상환하는 게 아니라 저희가 임시 승인으로 잡아드리고, 고객님께서 선납 보증금 명목으로 68만 원만 먼저 넣어주시면 전산상 저금리로 전환되는 방식입니다. 선납금은 심사 완료 후 바로 환급 처리되시고요. 이 금액만 있어야 내부 확인이 가능하거든요. 네? 왜 먼저 넣어야 돼요? 고객님, 신용점수 때문에 자동 부결된 상태라서 그렇습니다. 지금 안 하시면 오늘 5시 이후엔 접수창 닫혀서 다시 한 달 기다리셔야 돼요. 저희가 오늘만 특별 배정해드리는 건데, 마감 임박이라 빠르게 도와드리셔야 합니다. 그리고 고객님 계좌는 농협 사용 중이시죠? 네. 그러시면 그 계좌로 안내드리는 가상계좌에 68만 원만 바로 입금해 주세요. 입금 확인되면 한도 7천만 원으로 재산정해서 다시 연락드리겠습니다.",1,대출 사기형,augmented_llm
aug_대출 사기형_0072,"여보세요 고객님, 국민은행 대환상품 담당 이서준입니다. 잠깐 통화 가능하실까요? 지금 고객님께서 지난주에 신청하신 생활안정자금이 부결로 떠서 제가 다시 조건 확인드리려고 전화드렸습니다. 현재 신용점수가 702점이시고 기존 카드론이 남아 있어서 일반 한도는 안 나오셨는데, 대신 편법 대환으로 진행하면 최대 5천5백만 원까지 가능하십니다. 금리는 최저 2.9퍼센트로 잡아드릴 수 있고요. 단, 오늘 안에 기존 채무 정리 확인이 들어가야 돼서 시간이 많지 않습니다. 아, 부결됐어요? 네, 맞습니다. 고객님이 지금 연체는 없으신데 점수 구간이 애매해서 자동으로 걸리셨어요. 그래서 제가 말씀드리는 건 먼저 49만 원만 수수료 성격으로 예치해주시면, 내부 심사에서 대환 가능자로 전환해드리는 겁니다. 이건 보증 성격이라서 승인 나면 바로 차감 처리되시고요. 지금 안 하시면 오후 4시 반 이후엔 오늘 배정분 마감돼서 내일은 아예 재접수도 안 됩니다. 네? 그거 꼭 해야 돼요? 네, 고객님. 지금 대환 대상자 많아서 자리 거의 다 찼습니다. 30분 안에 입금 확인이 안 되면 자동 취소되세요. 고객님 신한은행 계좌 쓰신다고 하셨죠? 네. 그러시면 그쪽으로 보내드리는 확인 계좌에 바로 입금 부탁드립니다. 입금되면 제가 바로 5천5백만 원, 2.9퍼센트 조건으로 재심사 올려드리겠습니다.",1,대출 사기형,augmented_llm
aug_대출 사기형_0073,"안녕하세요, 삼성카드 제휴 대출 상담팀 박상현입니다. 고객님 카드 사용 실적하고 금융조회 내역 확인돼서 대환 한도 안내드리려고 연락드렸습니다. 현재 고객님 신용점수가 645점으로 확인돼서 일반 저금리 상품은 전부 부결이셨고요. 그런데 저희 우회 상품은 카드 결제 실적을 반영해서 최대 3천8백만 원까지 가능하십니다. 금리는 4.1퍼센트부터 시작되고, 월 납입 부담도 많이 낮아지십니다. 대신 이건 오늘 접수분만 살아 있어서 늦으면 다음 주로 넘어가요. 기존 대출이랑 카드론이 많으셔서 한도 막힌 상태인데요, 이럴 때는 선납금 방식으로 전산을 먼저 열어야 됩니다. 선납 보증금 57만 원만 넣으시면 승인 심사 코드가 활성화돼서 바로 대환 절차 들어갑니다. 고객님께서 입금 안 하시면 부결 유지되고, 신용점수 회복까지 최소 3개월 이상 걸리세요. 지금은 그럴 시간이 없어서요. 네? 선납금이 왜 필요한데요? 시스템상 금융사끼리 채권 정리 확인이 들어가야 해서 그렇습니다. 고객님 오늘 6시 전까지만 처리하면 제가 긴급 배정으로 올려드릴 수 있습니다. 우리은행 계좌로 쓰신다고 하셨으니, 안내드리는 가상계좌에 57만 원 먼저 입금해 주세요. 확인되면 최대 3천8백만 원으로 다시 잡아드리겠습니다.",1,대출 사기형,augmented_llm
aug_대출 사기형_0074,"고객님, 케이뱅크 대환대출 전담 상담원 정민재입니다. 이전에 넣으신 신청서가 부결로 떨어져서 다시 조건 맞는 상품으로 안내드리려고 전화드렸습니다. 지금 고객님은 신용점수가 719점이라 겉으로는 괜찮아 보이는데, 기존 대출 건수가 많아서 총부채 기준 때문에 자동 부결되셨습니다. 그래서 일반 상품 말고 저희 편법 대환 쪽으로 진행하셔야 해요. 이 상품은 최대 8천만 원까지 가능하고 금리는 3.7퍼센트부터입니다. 다만 오늘 안에 선처리 비용 73만 원이 입금돼야 내부 보증 심사에 올릴 수 있습니다. 네? 그 돈을 먼저 내야 돼요? 네, 맞습니다. 이건 대출 실행 수수료가 아니라 전산 보증금이라서 승인 후 환급되세요. 고객님 지금 안 하시면 오늘 자정 기준으로 코드가 닫혀서 재신청이 어렵습니다. 그리고 부결 이력 남으시면 다음 달엔 한도 더 떨어지세요. 그래서 지금이 마지막 기회입니다. 고객님 토스뱅크 계좌 사용 중이시죠? 네. 그러시면 그 계좌에서 바로 입금 가능하실 거고, 제가 지금 확인 계좌 문자로 보내드리겠습니다. 10분 안에 들어와야 오늘 심사팀에 올릴 수 있어요. 늦으면 내일은 접수 자체가 안 됩니다.",1,대출 사기형,augmented_llm
aug_대출 사기형_0075,"여보세요, 하나은행 대환자금 상담센터 오태훈입니다. 고객님께서 조회하신 신용대출 건이 부결로 처리돼서 제가 재안내드리려고 연락드렸습니다. 현재 고객님 신용점수 661점, 기대출 4건, 현금서비스 사용 이력 때문에 일반 한도는 안 나오셨는데요. 저희 쪽 우회 대환으로는 최대 6천2백만 원, 금리 3.5퍼센트로 가능하십니다. 단, 서류상 보증금이 먼저 들어가야 심사 통과가 됩니다. 선납금 64만 원만 오늘 넣어주시면 심사기록이 살아나고, 바로 대환 승인으로 전환해드릴 수 있습니다. 안 넣으시면 부결 상태 그대로라 다음 주 접수도 막혀요. 고객님, 지금 이게 마감 임박입니다. 오늘 오후 3시 반까지만 보증금 확인되면 제가 최종 승인팀에 올려드릴 수 있는데, 그 이후엔 명단이 닫혀서 안 됩니다. 네? 왜 이렇게 급해요? 고객님 한도 배정이 오늘 끝이라서 그렇습니다. 국민은행 계좌로 처리하신다고 하셨으니 제가 보내드리는 안내 계좌로 64만 원 먼저 입금해 주세요. 입금 확인되면 바로 6천2백만 원, 3.5퍼센트 조건으로 진행 도와드리겠습니다.",1,대출 사기형,augmented_llm
aug_대출 사기형_0076,"안녕하세요 고객님, 신한은행 대환대출 상담센터입니다. 어제 자동심사 접수 건으로 연락드렸고요. 지금 고객님 기존 고금리 건 정리하시면 저금리로 갈아타실 수 있어서 안내드리는 겁니다. 현재 가능 한도는 최대 4천8백만 원까지 보이고요, 금리는 3.2퍼센트에서 7.9퍼센트 사이로 신용점수에 따라 차등 적용됩니다. 그런데 잠깐만요, 고객님은 지금 신용점수 부분이 좀 낮게 잡혀서 단독 진행은 부결 가능성이 높게 떠요. 아, 부결이요? 네, 지금 그대로 넣으시면 기존 대출 이력 때문에 바로 막히실 수 있습니다. 그래서 편법이라고 보시면 되는데, 기존 신한은행 마이너스 통장으로 소액만 먼저 발생시키고 바로 상환 처리한 뒤에 대환상품으로 넘기는 방식으로 가셔야 해요. 그럼 점수 보완이 돼서 승인률이 올라갑니다. 네? 소액이요? 네, 90만 원에서 150만 원 사이로 먼저 잡으시고 오늘 안에 정리하셔야 해요. 지금 오늘 오후 마감 전까지 접수 안 들어가면 이 조건은 날아갑니다. 고객님 현재 사용 중인 은행이 어디세요? 국민은행이요? 네, 그러면 국민은행 쪽으로 소액 실행하신 뒤 상환 확인서만 받으면 저희 쪽 대환 한도 4천8백만 원, 3.2퍼센트로 넘겨드릴 수 있습니다. 근데 그 소액은 제가 왜 먼저 받아야 하죠? 고객님, 전산상 연체 방지용 보증금 성격으로 선납 처리하셔야 심사 통과가 됩니다. 보증금은 38만 원이고요, 접수비 포함이라서 오늘 4시 이전에 입금 확인돼야 합니다. 지금 마감 임박이라 자리 얼마 안 남았거든요. 네? 그걸 입금하면 바로 되는 거예요? 네, 맞습니다. 오늘 안에 못 넣으시면 내일은 심사 자체가 닫혀서 다시 한 달 기다리셔야 합니다. 지금 바로 진행하실까요? 네네. 계좌 불러드리겠습니다.",1,대출 사기형,augmented_llm
aug_대출 사기형_0077,"여보세요 고객님, 우리은행 상담실입니다. 문자 받으시고 바로 연락 주셔야 한다고 해서 전화드렸어요. 고객님 기존 카드론 정리 가능하신 분들만 오늘 특별 한도 나와서요. 현재 안내 가능한 금액은 5천2백만 원이고, 금리는 최저 2.7퍼센트부터 시작됩니다. 다만 고객님은 최근 조회 이력 때문에 부결 가능성이 높게 떠서 일반 접수로는 안 됩니다. 아, 그럼 안 되는 거예요? 아니요, 방법은 있습니다. 기존 대출을 그대로 두지 마시고, 우리은행에서 우회 대환 형식으로 소액 실행한 다음에 바로 상환 기록을 남기면 됩니다. 이게 신용점수 올리는 방식이라 심사팀에서 많이 씁니다. 아, 그럼 얼마 먼저 해야 돼요? 고객님 케이스는 120만 원 정도 먼저 발생시켜서 당일 상환하셔야 해요. 그 내역이 잡혀야 5천2백만 원까지 올려드릴 수 있습니다. 근데 지금 고객님 접수 대기자가 많아서 오늘 5시 전까지만 가능해요. 마감 지나면 해당 조건은 자동 종료됩니다. 네? 오늘만요? 네, 오늘 안에 처리하셔야 해요. 그리고 소액 실행 시 보증 수수료 42만 원이 같이 들어가야 전산이 열립니다. 수수료 미입금이면 승인 불가예요. 제가 이거 보증금 넣으면 환급되나요? 네, 대환 실행되면 같이 정산됩니다. 지금 안 하시면 아예 부결로 남아서 다음 접수 때 불이익이 생길 수 있어요. 그래서 바로 넣으셔야 합니다. 계좌 안내드릴게요.",1,대출 사기형,augmented_llm
aug_대출 사기형_0078,"안녕하세요, 케이뱅크 대출심사부입니다. 고객님이 어제 신청하신 저금리 전환 건 확인돼서 연락드렸고요. 현재 한도는 최대 3천6백만 원, 금리는 3.5퍼센트에서 6.8퍼센트로 잡히고 있습니다. 그런데 고객님 신용점수 변동 때문에 지금 심사 결과가 부결 쪽으로 기울고 있어요. 아, 왜요? 최근에 단기 조회가 많으셔서 전산상 위험 고객으로 떠 있습니다. 그래서 그대로는 안 되고, 먼저 기존 케이뱅크 계좌에 소액 입금 후 바로 출금하는 거래를 한 번 만들어야 합니다. 그 기록이 있어야 점수 보정이 돼서 대환 심사로 넘어갈 수 있어요. 소액 거래요? 네, 80만 원 정도를 먼저 입금하고 당일 중 상환 처리하시면 됩니다. 그리고 여기서 중요한 게, 보증금 29만 원이 선납돼야 전산 예약이 걸립니다. 오늘 접수 마감이 30분 남았어요. 네? 그렇게 급해요? 네, 지금 아니면 오늘 배정이 끝납니다. 다음 순번은 다음 주로 밀려요. 고객님이 기존 대출 이자를 너무 많이 내고 계셔서 이 상품 놓치시면 손해가 큽니다. 지금 바로 보증금 먼저 보내주시고, 소액 대환 절차 들어가시면 최종 3천6백만 원까지 가능하게 맞춰드릴게요. 제가 지금 바로 처리하면 되는 거죠? 네, 맞습니다. 계좌 번호 읽어드리겠습니다.",1,대출 사기형,augmented_llm
aug_대출 사기형_0079,"고객님, KB저축은행 상담팀입니다. 방금 접수하신 대환대출 건으로 연락드렸습니다. 고객님 기존 햇살론이랑 카드론 합쳐서 정리 가능하고요, 최대 6천만 원까지 검토됩니다. 금리는 2.9퍼센트에서 8.1퍼센트 사이예요. 그런데 현재 신용점수가 기준 미달로 떠서 부결 가능성이 상당히 높습니다. 아, 그럼 안 되나요? 지금 바로는 어렵고요. 우회 방식으로 가셔야 합니다. KB저축은행 쪽에서 소액 한도 100만 원을 먼저 발생시키고, 24시간 안에 상환하시면 상환 능력 점수로 바뀌어서 본 대환이 열립니다. 이건 편법처럼 들리실 수 있는데 실제 전산상 그렇게 처리됩니다. 네. 그런데 왜 그걸 먼저 해야 하죠? 고객님 기존 연체 이력 때문에 일반 심사로는 안 열려서요. 그리고 오늘 안에 안 하시면 이번 달 대환 예산이 마감돼서 더 이상 안내가 안 됩니다. 지금 남은 시간이 얼마 없어요. 그 소액 심사 들어가시려면 보증료 36만 원이 필요하고요. 선납 확인돼야 대기열에 올려드립니다. 이 금액 미납이면 접수 자체가 중단됩니다. 네? 오늘만 가능한가요? 네, 오늘 마감이고요, 지금 끊기면 다음 기회는 없다고 보시면 됩니다. 고객님이 원하시면 제가 바로 입금 안내드리겠습니다.",1,대출 사기형,augmented_llm
aug_대출 사기형_0080,"여보세요, 토스뱅크 대환전담센터입니다. 고객님께서 신청하신 저금리 갈아타기 상품 심사 결과가 나와서 연락드렸어요. 가능 한도는 4천2백만 원이고, 금리는 3.1퍼센트에서 7.2퍼센트입니다. 다만 고객님 신용점수 때문에 지금은 부결 쪽으로 표시가 되어 있습니다. 아, 이미 부결인가요? 네, 그대로는 부결인데 우회 진행하면 됩니다. 먼저 기존 대출을 상환하는 흐름을 만들어야 해서 토스뱅크 계좌로 소액 실행 후 바로 상환 처리하셔야 해요. 그렇게 하면 상환 기록이 남아서 점수 보완이 되고, 대환 승인으로 전환 가능합니다. 얼마를 먼저 해야 되는데요? 70만 원 정도를 오늘 안에 돌려야 합니다. 그리고 실무 처리비 명목으로 선납금 31만 원이 필요해요. 이건 전산 예약비라서 반드시 먼저 들어가야 합니다. 지금 오후 3시 이후면 마감이라 오늘 안에 못 넣으시면 접수 건이 자동 취소됩니다. 네? 너무 급하네요. 네, 고객님 같은 경우는 지금 안 잡으시면 조건이 사라져요. 기존 고금리 계속 내시는 것보다 훨씬 낫습니다. 제가 안내하는 대로 바로 하시면 오늘 안에 한도 잡아드릴 수 있습니다. 입금 계좌 불러드릴게요.",1,대출 사기형,augmented_llm
aug_대출 사기형_0081,"안녕하세요 고객님, 저희 하나은행 대환대출 상담팀인데요. 어제 신청하신 건 조회가 돼서 연락드렸습니다. 현재 고객님께는 최대 4천5백만 원까지 한도 가능하시고 금리는 3.2%에서 7.9% 사이로 안내되시는데요, 기존 대출이 있으셔서 신용점수 때문에 한 번 부결 이력이 확인되셨습니다. 다만 이건 일반 부결이 아니라 편법 대환 방식으로 다시 살릴 수 있어서요, 지금 기존 고금리 건을 먼저 정리하신 다음 저금리로 갈아타시는 절차로 도와드릴 수 있습니다. 고객님처럼 여러 건 묶여 있으신 분들은 선납 보증금만 먼저 처리되면 내부 심사 통과가 빠르거든요. 지금 오늘 안으로만 접수하시면 마감 전까지는 가능하신데, 내일 넘어가면 이번 달 쿼터가 끝나서 다시 대기하셔야 합니다. 혹시 현재 대출이 2건 이상 있으시죠? 네. 그러시면 신용점수 하락이 잡혀서 일반 상품은 어렵고 대환 전용으로만 보셔야 합니다. 제가 보기에 고객님은 바로 진행하시는 게 좋습니다. 진행비 명목으로 38만 원만 먼저 입금해 주시면 가승인 올려드리고, 그다음 4천5백만 원 한도에 3.2%로 맞춰드릴 수 있습니다. 이건 시스템상 선납 확인이 되어야 심사팀에서 다음 단계 넘겨드릴 수 있어요. 지금 계좌 문자로 바로 보내드릴 텐데, 10분 안에 안 하시면 오늘 건은 자동 취소됩니다. 고객님 지금 바로 가능하실까요? 네? 아 그건 제가 왜 먼저 내야 되죠? 고객님, 보증 성격이라서요. 입금 확인되면 바로 상환 처리 들어가고, 기존 고금리 건도 같이 정리되십니다. 늦으시면 다음 접수는 다음 주로 넘어갑니다.",1,대출 사기형,augmented_llm
aug_대출 사기형_0082,"고객님, 여기는 국민은행 대출지원센터입니다. 전에 조회하셨던 대환상품 관련해서 가승인 결과가 나와서 전화드렸어요. 현재 고객님 한도는 5천2백만 원까지 확인되셨고 금리는 2.8%로 잡혀 있습니다. 다만 신용평점이 기준보다 낮게 잡혀서 일단 부결 보류 상태가 한 번 걸리셨거든요. 이런 경우는 기존 카드론이나 고금리 대부를 바로 갚는 방식으로 점수를 올려서 우회 승인하는 방법을 씁니다. 쉽게 말씀드리면 저희 쪽에서 새 대출을 먼저 실행해 드리고, 고객님이 기존 대출을 하루 안에 정리한 뒤 상환 확인서를 올리면 최종 승인으로 바꿔드리는 겁니다. 고객님께서는 지금 1금융권 쪽으로만 남겨두면 되니까 부담이 적으세요. 대신 오늘 오후 4시 전에 선납 수수료 24만 원이 들어가야 심사 접수가 유지됩니다. 이 시간이 지나면 자동 반려돼서 다시 신용조회부터 새로 해야 해요. 지금 신청자들이 많아서 오늘 지나면 한도도 내려갈 수 있습니다. 고객님 현재 급하게 자금 필요하신 거 맞으시죠? 네. 그러시면 제가 접수 이어갈게요. 먼저 선납금 입금 가능한지 확인해 주세요. 입금 확인되면 오늘 안에 심사팀 연결해드리고, 내일 오전 승인 문자 받으실 수 있습니다. 혹시 지금 바로 처리 어려우시면 이번 건은 아예 소멸될 수 있어요.",1,대출 사기형,augmented_llm
aug_대출 사기형_0083,"안녕하세요 고객님, 웰컴저축은행 승인 담당자입니다. 고객님이 신청하신 저금리 대환 쪽으로 가승인 조회가 떠서 연락드렸습니다. 현재 최대 3천8백만 원까지 가능하고 금리는 4.1%로 안내되세요. 다만 신용점수 하락 때문에 일반 신규대출은 부결이 났고, 기존 대출 정리 조건으로만 진행 가능한 상태입니다. 고객님 같은 경우는 연체는 없는데 기대출 비율이 높아서 바로 승인만 안 나오는 거예요. 그래서 저희가 편법 대환으로 잡아드리는데, 우선 기존 대출 상환보증금 31만 원만 먼저 넣어주시면 내부 전산상 상환 의사로 확인돼서 심사팀이 한 단계 올려줍니다. 이게 확인돼야 오늘 접수분으로 묶여서 내일 배정이 가능하거든요. 지금 마감 임박이라 오후 3시 이후에는 오늘 배정이 끝나요. 내일로 밀리면 금리가 4점대 후반으로 올라갈 수 있습니다. 고객님, 그냥 일반 대환이 아니고 당일 보완형이라서 보증금 선입금이 필수입니다. 입금 후에는 제가 바로 부결 사유 삭제 요청 넣어드릴게요. 고객님 현재 휴대폰 본인 명의 맞으시죠? 네. 그러시면 문자로 계좌 보내드리겠습니다. 10분 내 확인 안 되면 다른 분으로 넘어가서 오늘 건은 종료됩니다. 지금 바로 처리하시겠어요?",1,대출 사기형,augmented_llm
aug_대출 사기형_0084,"고객님, 여기 KB저축은행 대환상담실입니다. 어제 자동 조회된 기록으로 연락드렸고요. 현재 고객님 한도는 2천9백만 원, 금리는 3.7%까지 가능하신데 신용평점 문제로 1차 부결이 잡혀 있습니다. 그런데 고객님은 기존 대출을 바로 갚는 조건으로 재심사 넣으면 승인 가능성이 높으세요. 이건 일반 신규가 아니라 기존 건을 정리하고 새로 여는 방식이라서, 서류상으로는 편법 대환으로 처리됩니다. 저희가 먼저 한도 열어드리고 고객님께서 기존 건 상환 확인만 해주시면 됩니다. 다만 심사 유지비가 27만 원 있어요. 이 금액이 오늘 중으로 선납돼야 가승인 상태가 유지되고, 내일 오전까지는 최종 심사 올릴 수 있습니다. 지금 안 들어오면 시스템상 자동 취소돼서 다시 처음부터 진행해야 합니다. 고객님, 신용점수 낮아서 다른 데는 어렵고 저희 쪽이 마지막으로 가능한 창구입니다. 연체 전력은 없으시죠? 네. 그러시면 더더욱 빨리 움직이셔야 해요. 지금 27만 원 입금해 주시면 바로 가승인 확정 문자 보내드리고, 기존 고금리 건 대환 가능한 쪽으로 연결해 드릴게요. 오늘 마감 전까지만 유효합니다. 늦으면 한도도 줄고 금리도 올라갑니다. 지금 계좌 받아보시겠습니까?",1,대출 사기형,augmented_llm
aug_대출 사기형_0085,"네 고객님, 신한은행 대출상담팀입니다. 이전에 문의하신 저금리 대환건이 조회돼서 안내드립니다. 현재 고객님은 최대 6천만 원까지 가능하시고 금리는 2.9%부터 시작되는데요, 최근 신용점수 하락이 확인돼서 바로는 부결로 잡히셨습니다. 그래도 방법은 있습니다. 기존 대출을 먼저 상환 처리한 뒤 상환 기록을 넣으면, 저희가 편법으로 대환 승인 쪽으로 다시 올릴 수 있습니다. 고객님 지금 카드론이랑 저축은행 대출이 섞여 있으시죠? 네. 그러시면 그냥 두면 안 되고 오늘 안에 정리하셔야 합니다. 심사팀에서 오늘 접수분만 수동으로 봐주기 때문에 마감이 오늘 5시예요. 지금 선납 처리비 42만 원만 들어가면 즉시 재심사 올려드리고, 그 다음에 한도 6천만 원 쪽으로 맞춰드릴 수 있습니다. 이건 서류상 전산 보완금이라서 고객님이 먼저 입금하셔야 진행됩니다. 안 그러면 부결 이력만 남아서 다음 달까지 대기하셔야 해요. 고객님, 지금 급하신 상황 맞으시면 바로 진행하시는 게 좋습니다. 5시 넘기면 오늘 분은 종료입니다. 입금 가능하시면 계좌번호 바로 불러드리겠습니다.",1,대출 사기형,augmented_llm
aug_대출 사기형_0086,"안녕하세요 고객님, 저희는 하나은행 대환대출 상담부인데요. 어제 접수 남아 있으셔서 가승인 결과 확인돼서 연락드렸습니다. 지금 고객님 신용점수 때문에 일반 대환이 한 번 부결 나셨고, 기존 고금리 건이 그대로 남아 있어서 오늘 안에 정리하셔야 저금리로 갈아타실 수 있습니다. 현재 가능 한도는 최대 6천만 원이고 금리는 3.2퍼센트부터 시작되는데요, 고객님 조건이면 3.8퍼센트 정도로 보시면 됩니다. 다만 지금은 기존 연체는 없으신데 최근 조회가 많아서 바로 승인 들어가기 어렵고, 편법으로 먼저 소액 대환 처리한 뒤 신용을 정리하는 방식으로 진행해야 합니다. 이게 오늘 마감 시간이 있어요. 오후 네 시 이전까지 선납 보증금 38만 원만 먼저 입금돼야 심사 접수가 살아납니다. 이 보증금은 최종 승인되면 전액 차감 처리되시고요. 지금 안 넣으시면 오늘 승인창이 닫혀서 내일은 다시 부결로 넘어갑니다. 고객님은 햇살론 연계가 가능하신데 기존 건이 있어 전산상 막혀 있거든요. 그래서 저희가 내부적으로 한 번 열어드리고, 우선 선납금만 처리해주시면 제가 바로 승인 올려드리겠습니다. 계좌는 지금 문자로 못 보내드리고 통화 중에만 안내 가능합니다. 늦어도 15분 안에 처리하셔야 합니다. 괜찮으시면 메모해 주세요.",1,대출 사기형,augmented_llm
aug_대출 사기형_0087,"네, 고객님 여기는 국민은행 대환지원센터입니다. 지난번에 문의하신 저금리 전환 건으로 추가 심사 결과 나와서 연락드렸습니다. 고객님 현재 신용점수 620점대라서 1차 심사에서는 부결 처리됐는데, 직장 재직 확인은 되셔서 우회 접수는 가능합니다. 한도는 4천8백만 원까지 가능하고 금리는 2.9퍼센트부터 6.1퍼센트까지 차등입니다. 다만 기존 대출 2건이 남아 있어서 그대로는 안 되고, 기존 건을 바로 상환한 것처럼 보여야 승인 가능하다고 나옵니다. 그래서 지금 고객님 명의로 작은 금액을 먼저 돌려서 상환능력 확인을 올린 뒤에 본대출로 넘기는 방식입니다. 이 절차에 필요한 수수료가 27만 원 발생합니다. 이건 심사 보증 성격이라서 먼저 입금해주셔야 하고, 오늘 안 하면 접수 자체가 취소됩니다. 지금 상담 마감이 가까워서 제가 빨리 넣어드려야 하거든요. 고객님이 이 금액만 처리하시면 내일 오전에 최종 한도 확정 문자 드리고, 바로 실행 도와드립니다. 지금 늦으면 다시는 이 조건 안 나옵니다. 고객님 계좌 확인되시면 바로 안내드릴게요.",1,대출 사기형,augmented_llm
aug_대출 사기형_0088,"고객님 안녕하세요, 웰컴저축은행 대환전담팀입니다. 저번에 신청하신 건은 신용점수 미달로 한 번 부결되셨는데, 방금 재산출 결과 보니까 생활자금 대환으로는 다시 가능합니다. 최대 5천5백만 원, 금리는 4.4퍼센트로 잡히고요. 대신 현재 카드론이랑 현금서비스가 같이 묶여 있어서 그냥은 실행이 안 됩니다. 그래서 저희 내부 규정상 먼저 기존 건 일부를 상환 처리한 이력이 잡혀야 합니다. 그 절차가 바로 당일 만기상환 방식인데요, 오늘 소액 90만 원을 먼저 선납하시면 제가 상환 확인 공문 넣고 대환으로 돌려드릴 수 있습니다. 이 소액은 보증금 개념이라서 나중에 승인되면 차감돼요. 오늘 오후 여섯 시 전에만 입금되면 심사팀이 바로 승인 올려주는데, 이후에는 시스템이 닫혀서 안 됩니다. 고객님은 현재 급한 자금 필요하신 거 저희도 알고 있어서 최대한 맞춰드리는 겁니다. 지금 안 하시면 월요일로 넘어가고 그 사이에 신용조회 이력 더 쌓이면 금리도 올라갑니다. 시간 없으니 바로 처리하셔야 합니다.",1,대출 사기형,augmented_llm
aug_대출 사기형_0089,"네 고객님, 저는 카카오뱅크 대출상담 담당자입니다. 접수하신 대환대출 건 가승인 결과 나왔고, 한도는 3천9백만 원까지 확인됩니다. 금리는 3.5퍼센트로 안내 가능하시고요. 다만 고객님이 최근 신용점수 하락이 있어서 일반 심사로는 부결 처리됐습니다. 그래서 편법으로 먼저 신용정비용 상환을 한 번 거치셔야 합니다. 기존 대출을 바로 갚은 것처럼 전산에 찍히게 해드리는 방식인데, 그 처리 비용이 42만 원입니다. 이 비용이 들어와야 저희가 내부 심사 올리고, 주말 전에 실행을 맞출 수 있습니다. 오늘이 마감이라서 늦으면 다음 영업일로 밀리는데, 그러면 금리가 올라가고 한도도 줄어듭니다. 고객님께서 급히 필요하신 생활자금이라서 저희가 최대한 빨리 처리해드리는 거고요. 지금은 선납금만 먼저 보내주시면 제가 승인 확정까지 바로 도와드립니다. 입금 확인되면 바로 최종 한도 문자 보내드릴게요. 지금 안 하시면 오늘 건은 소멸됩니다.",1,대출 사기형,augmented_llm
aug_대출 사기형_0090,"여보세요 고객님, 여기 삼성카드 연계 대환안내팀입니다. 고객님 기존 카드값이랑 대출이 겹쳐서 신용점수 경고가 떠서 연락드렸습니다. 현재 가능하신 한도는 2천8백만 원 정도고 금리는 5.1퍼센트입니다. 그런데 지금 상태로는 부결 가능성이 높아서, 오늘 안에 신용복원 수수료를 먼저 넣으셔야 합니다. 31만 원만 선납되면 저희가 내부적으로 부결 이력 지우고 저금리 대환으로 넘겨드릴 수 있어요. 이건 그냥 상담 유지비가 아니라 승인 보증금이라서 반드시 먼저 들어와야 합니다. 고객님 기존 연체만 정리되면 승인 가능하신데, 지금 당장 시간이 없습니다. 오후 세 시까지만 열려 있고 이후에는 접수창이 닫혀요. 저는 지금 고객님 조건이면 오늘 바로 실행 가능하다고 보거든요. 그런데 선납금이 안 들어오면 심사팀에서 바로 취소합니다. 이건 마감 임박이라 제가 계속 붙잡고 있는 겁니다. 지금 바로 계좌 안내받고 입금하셔야 합니다.",1,대출 사기형,augmented_llm
aug_대출 사기형_0091,"안녕하세요 고객님, 우리은행 대환대출 상담팀입니다. 어제 저희 쪽으로 자동 심사 접수 들어가서 연락드렸고요. 기존에 쓰고 계신 고금리 대출을 저금리로 갈아타는 상품인데, 현재 고객님은 최대 6천5백만 원까지 가능하시고 금리는 3.2퍼센트에서 7.8퍼센트 사이로 산출되십니다. 다만 확인해보니까 최근 신용점수 변동이 있어서 일단 부결 가능성이 높게 떠 있고요. 보통 이런 경우에는 기존 대출을 바로 정리한 다음에 새로 대환으로 묶어드리면 승인률이 올라갑니다. 지금 고객님께서 우리은행이랑 타행에 남아 있는 잔액이 좀 있으셔서 편법 대환 방식으로 진행하셔야 되는데, 이건 오늘 안에만 가능하세요. 오늘 마감 전에 선납금 38만 원만 먼저 입금해주시면 내부 보증 심사에 올려서 저금리 한도 다시 잡아드릴 수 있습니다. 이 선납금은 심사 보증 성격이라 나중에 전액 차감되는 거고요. 오후 4시 이전에 접수 안 되면 오늘 배정분은 닫혀서 내일은 금리가 다시 올라갈 수 있습니다. 지금 바로 진행 안 하시면 고객님 조건으로는 부결 유지될 수 있어서, 일단 선납부터 해주시고 문자로 입금 확인만 보내주세요. 그렇게 하시면 제가 바로 재심사 올려서 2.9퍼센트까지 낮춰드릴게요. 고객님 지금 가능하신 거죠?",1,대출 사기형,augmented_llm
aug_대출 사기형_0092,"여보세요 고객님, KB저축은행 상담부 김도현입니다. 방금 조회된 내용으로 안내드리는데요. 고객님 신용점수는 현재 611점으로 확인되고, 기존 대출 때문에 한도가 막혀서 일반 상품은 부결로 나오셨습니다. 그런데 저희 쪽에서는 대환 전용으로 최대 4천8백만 원까지 우회 승인 가능한 방식이 있어서 연락드렸어요. 금리는 4.1퍼센트부터 시작하고, 다른 대출 정리만 되면 3퍼센트대 초반까지도 내려갈 수 있습니다. 문제는 고객님 명의로 최근 연체 이력이 잡혀서 오늘 안에 정리 증빙이 안 들어가면 심사가 자동 취소된다는 점입니다. 그래서 지금 바로 기존 금융사에 직접 상환 넣는 방식으로 가야 하는데, 이 부분은 저희가 안내하는 전용 계좌로 선납 보증금 52만 원을 먼저 보내주셔야 진행됩니다. 보증금이 확인돼야 제가 심사과에 서류를 넣고, 그 다음에 고객님 기존 채무를 묶어서 새 대환으로 전환해드릴 수 있어요. 오늘 5시까지 못 맞추면 내일은 승인 창구가 닫혀서 다시 처음부터 조회해야 합니다. 고객님 조건이 지금 아주 급한 편이라서요. 지금 바로 입금 가능하시면 제가 접수번호부터 잡아드리겠습니다. 아니면 이번 주는 힘들 수도 있습니다.",1,대출 사기형,augmented_llm
aug_대출 사기형_0093,"고객님 안녕하세요, 신한은행 여신관리팀 박성훈 대리입니다. 지난번 신청하신 저금리 갈아타기 상품 관련해서 연락드렸고요. 현재 고객님은 한도 7천만 원까지 가능하다고 조회되는데, 신용점수 문제 때문에 1차는 부결 처리됐습니다. 다만 기존 대출을 정리하는 조건으로 재접수하면 승인될 여지가 있어서 제가 특별히 편법 대환으로 안내드리는 겁니다. 지금 고객님께서 쓰고 계신 고금리 건을 먼저 상환 처리한 뒤 그 내역을 저희 쪽에 넣어야 하는데, 이때 필요한 선납 수수료가 45만 원입니다. 이 금액이 들어와야 전산상 상환 확인이 되고, 그 다음에 저희가 저금리 3.5퍼센트로 다시 심사 올려드릴 수 있어요. 오늘 안에 안 들어가면 고객님은 부결 이력 때문에 한 달 정도는 재신청 자체가 막히거든요. 그리고 이 상품은 마감 시간이 있어서 오후 3시 반 이전에만 접수 가능합니다. 지금 안 하시면 한도도 줄고 금리도 올라가요. 고객님 지금 통장으로 바로 보내실 수 있으시죠? 입금 확인되면 제가 바로 다음 절차 안내드리겠습니다.",1,대출 사기형,augmented_llm
aug_대출 사기형_0094,"네, 고객님 토스뱅크 대환상담센터입니다. 문자 받으시고 연락주신 거 맞으시죠? 현재 고객님은 최대 5천2백만 원까지 가능하고 금리는 2.8퍼센트에서 6.9퍼센트 사이로 나왔습니다. 그런데 조회 결과가 조금 좋지 않아서 신용점수 하락 구간이라 일반 대출은 부결입니다. 다만 저희 내부에서는 신용점수 회복용으로 단기 대환을 한 번 거쳐가는 방법이 있어서, 기존 대출을 저희가 잡아드리고 바로 갈아타는 편법 방식으로 진행하면 됩니다. 이건 오늘 중에만 접수가 되고, 선납 확인금 29만 원이 먼저 들어와야 심사부가 열립니다. 확인금은 대출 실행되면 자동으로 상계 처리되기 때문에 걱정 안 하셔도 되고요. 지금 마감 임박이라 2시 이후에는 오늘 물량이 끝날 수 있습니다. 고객님이 늦어지면 부결 이력만 남고 한도는 더 내려갈 수 있어서 최대한 빨리 하셔야 합니다. 제가 보낸 계좌로 먼저 입금하시고, 입금자명만 문자로 남겨주시면 바로 심사 올려드릴게요. 지금 진행 안 하시면 이번 달은 거의 어렵습니다. 고객님, 바로 하실 수 있으세요?",1,대출 사기형,augmented_llm
aug_대출 사기형_0095,"안녕하세요. 하나은행 대출조정팀 이재훈입니다. 고객님 기존 대출 때문에 연락드렸고요. 저희 쪽으로 대환 요청이 들어왔는데, 현재 한도는 8천만 원까지 가능하신 상태입니다. 다만 최근 신용점수와 단기 연체 확인 때문에 1차 부결이 떠서, 그냥은 승인이 안 나옵니다. 그래서 제가 안내드리는 건 기존 채무를 먼저 정리하는 우회 대환 방식이고요. 오늘만 특별히 진행되는 건데, 보증 처리 비용 61만 원을 먼저 선납하셔야 합니다. 이 금액이 들어가야 저희가 내부 회계상 기존 대출을 상환한 걸로 잡고, 이후에 저금리 3.1퍼센트 상품으로 다시 올릴 수 있어요. 오늘 오후 6시 전까지 보증금이 안 들어오면 접수 자체가 자동 종료되고, 내일은 다시 부결로 돌아갑니다. 고객님께서 지금 바로 넣으시면 제가 우선 순위로 올려드릴 수 있는데, 늦으시면 자리가 없어져요. 기존 대출 갈아타기 원하시면 지금 말씀 주세요. 제가 계좌번호 바로 불러드리고, 입금 확인되는 즉시 다음 단계 진행하겠습니다.",1,대출 사기형,augmented_llm
aug_대출 사기형_0096,"여보세요 고객님, 저는 국민은행 대환대출 심사부 김도현 대리인데요. 어제 오전에 저금리 한도 안내 문자 받으신 내역 있어서 바로 연락드렸습니다. 지금 고객님 기존 대출이 신용점수 때문에 부결 처리돼서, 저희 쪽에서 편법으로 대환 연결해드릴 수 있는 건만 남아 있습니다. 한도는 최대 6천만 원까지 가능하고 금리는 최저 3.2%부터 시작인데요. 다만 오늘 안에 접수 마감이라 지금 안 잡으시면 내일부턴 다시 신용조회부터 들어가서 한도 더 내려갈 수 있습니다. 현재 고객님은 내부 조회상 신용점수 구간이 낮게 잡혀서 일반 대환은 어렵고, 대신 먼저 저축성 보증금 형태로 180만 원만 선납하시면 승인 가능 구간으로 올려서 진행해드릴 수 있습니다. 이건 심사 수수료가 아니라 한도 복원용 예치금이라서요. 고객님이 지금 급하신 거 저희도 알아서 바로 살려드리는 건데, 오늘 오후 4시 전까지 입금 확인이 안 되면 자동 취소됩니다. 고객님 명의 계좌로 보내시는 거고요. 접수만 완료되면 바로 다음 단계로 넘어가서 기존 고금리 건 먼저 정리하고, 이후에 저금리 상품으로 갈아타게 해드릴 수 있습니다. 지금 다른 데 알아보시면 시간 다 지나가시니까 제가 계좌 불러드릴게요. 잠시만요.",1,대출 사기형,augmented_llm
aug_대출 사기형_0097,"고객님 안녕하세요, 우리은행 서민대환 상담센터 박지훈입니다. 아침에 대출 가능 여부 조회하셨던 분 맞으시죠? 확인되셔서 연락드렸고요. 고객님 건은 금액은 5천5백만 원까지 가능하고 금리는 2.9%로 잡혔는데, 문제는 현재 신용평점이 기준점보다 조금 부족해서 바로 승인 나기가 어렵습니다. 일반적으로는 부결인데, 지금은 특별 한시상품이라 선납금만 넣으시면 내부 보완 처리해서 진행 가능합니다. 선납금은 150만 원이고, 이건 대출금에서 차감되는 방식으로 처리된다고 보시면 됩니다. 다만 오늘 마감이 임박해서 오후 3시 넘으면 아예 신규 접수 자체가 막힙니다. 고객님처럼 기존 카드론이랑 현금서비스가 섞여 있으면 은행 쪽에서 바로 보수적으로 봐서요, 먼저 대환 연결로 겉으로 정리한 다음에 안쪽 전산에서 신용점수 복원 처리하는 방식으로 도와드리는 겁니다. 고객님이 따로 신경 쓰실 건 없고, 저희가 서류 접수 다 잡아드릴 테니까 지금 바로 보증금부터 입금해 주시면 됩니다. 입금 안 하시면 오늘 건은 부결로 넘어가서 다음 달까지 기다리셔야 해요. 그건 너무 손해라서 제가 급하게 전화드렸습니다.",1,대출 사기형,augmented_llm
aug_대출 사기형_0098,"네, 안녕하세요. 하나은행 대출운용팀 최민석입니다. 고객님께서 지난주에 신청하신 대환상품 조회 결과가 나와서 안내드리려고 연락드렸습니다. 한도는 4천8백만 원까지 가능하시고, 금리는 3.7%로 산출됐습니다. 다만 고객님 신용점수 하락 구간이 확인돼서 정상 상품은 부결 처리됐고요. 지금은 저희가 편법성 승인 라인으로 돌려서 처리하는 방법밖에 없습니다. 이 방식은 기존 대출을 우선 상환 처리한 것처럼 전산을 바꾸고, 새 상품으로 갈아타는 구조라서 오늘 안에 선납 처리 금액이 필요합니다. 수수료는 210만 원이고, 이 금액이 확인돼야 심사부에서 최종 승인 버튼을 올릴 수 있습니다. 오늘이 지나면 자동으로 부결 확정이라 다시는 이 조건 안 나올 수 있습니다. 고객님은 직장 확인도 되고 소득도 들어오셔서 원래는 충분한데, 최근 연체 이력 때문에 평점이 눌려 있어서 지금 바로 잡아야 합니다. 제가 최대한 낮춰서 안내드리는 거고요. 먼저 입금만 해주시면 심사 접수 완료시키고, 이후에는 저희가 진행 상황 계속 안내드리겠습니다.",1,대출 사기형,augmented_llm
aug_대출 사기형_0099,"여보세요, 고객님. 케이뱅크 개인금융 상담실 정태훈입니다. 문자 받으신 뒤에 전화 주실 줄 알았는데 바로 연결돼서 다행입니다. 지금 고객님 명의로 저금리 대환 한도 3천만 원이 조회되셨고, 금리는 2.5%까지 가능합니다. 그런데 내부 점검상 신용점수 미달로 부결 가능성이 높게 떠서, 오늘 안에 보완 절차를 안 하시면 접수가 닫힙니다. 이건 요즘 많이 쓰는 방식인데요, 기존 고금리 대출을 저희 쪽 대환으로 먼저 잡아두고, 선납 보증금 130만 원을 먼저 넣은 뒤에 승인 조건을 열어드리는 겁니다. 고객님 이름으로 바로 심사 넣어야 하니까 시간이 없습니다. 오후 5시 이후에는 해당 상품이 종료돼서 내일 다시 해도 금리와 한도가 바뀝니다. 고객님 같은 경우는 최근 조회 건수도 많아서 더 늦으면 아예 전산에서 자동 차단될 수 있어요. 그러니까 지금은 다른 거 보지 마시고요, 제가 보내드리는 안내대로 바로 입금하셔야 합니다. 입금 확인되면 제가 승인팀에 넘겨서 오늘 안에 가결재까지 맞춰드릴게요.",1,대출 사기형,augmented_llm
aug_대출 사기형_0100,"고객님 안녕하세요, 에스비아이저축은행 대환안내팀 오승현 과장입니다. 이전에 저희 쪽 상품 거절되셨던 이력 있어서 다시 가능 여부 확인차 연락드렸습니다. 이번에는 특례 한도가 떠서 최대 7천만 원까지 가능하고, 금리는 4.1%부터 적용됩니다. 그런데 고객님 신용평점이 아직 기준선 아래라서 단독으로는 부결입니다. 그래서 내부에서 대환 편성으로 잡아드리려면 보증 성격의 선납금이 먼저 들어가야 합니다. 금액은 200만 원이고, 오늘 정오까지 입금되면 심사팀에서 예외 승인으로 넘길 수 있습니다. 이건 마감 지나면 바로 종료되고, 다음 접수 때는 아예 한도가 2천만 원대로 떨어질 수 있어서 지금이 마지막 기회입니다. 고객님이 기존에 높은 이자로 돌리고 계신 거 저도 알아서 빨리 정리해드리려고 하는 거고요. 먼저 선납금 처리되면 저희가 기존 채무 쪽은 편법 대환으로 묶어서 신용점수 영향 덜 가게 맞춰드리겠습니다. 지금 안 하시면 다시 부결 나고 한참 기다리셔야 하니까, 바로 처리하시는 게 맞습니다.",1,대출 사기형,augmented_llm
aug_대출 사기형_0101,"안녕하세요 고객님, 국민은행 대출상담팀 김도윤 대리입니다. 기존에 대환 가능성 확인돼서 오늘만 한시적으로 안내드리려고 전화드렸습니다. 현재 고객님 신용점수 기준으로는 저금리 대환 한도가 최대 6천만 원까지 조회되시고, 금리는 3.2퍼센트에서 7.9퍼센트 사이로 가능하십니다. 다만 아까 내부 심사에서 한 번 부결이 났고요, 최근 연체 이력하고 신용점수 하락 때문에 바로 승인이 안 뜨셨어요. 그래서 편법으로 기존 고금리 건을 먼저 정리하는 방식으로 도와드려야 합니다. 지금 받으신 대출을 일단 상환 처리하는 형태로 기록을 살려야 하는데, 이게 오늘 오후 4시 전까지만 접수돼야 내일 오전 심사 반영이 됩니다. 고객님은 지금 타행 대출이 있으셔서 신용도 보완이 필요하세요. 원래는 내부 보증금 없이 진행되는데, 오늘만 한시적으로 선납 수수료 38만 원이 먼저 들어가야 심사라인을 열 수 있습니다. 이 금액은 승인 후 바로 차감 처리된다고 안내받으셨어요. 지금 안 넣으시면 오늘 건은 마감돼서 한도 자체가 소멸될 수 있습니다. 고객님 이름으로 잡힌 가승인은 6천만 원, 예상 월 이자는 16만 원대입니다. 우선 접수만 잡아드릴 테니 보증금부터 먼저 입금 가능하실까요? 입금 확인돼야 다음 단계로 바로 넘어갑니다. 네, 지금요? 네 고객님, 오늘 안에만 되시면 됩니다. 제가 끊기 전에 계좌 안내드릴게요.",1,대출 사기형,augmented_llm
aug_대출 사기형_0102,"네 고객님, 하나은행 대환전담센터 박세훈입니다. 문자 받으시고 연락 주신 걸로 확인됐고요. 고객님 케이스는 저금리 대환 대상은 맞는데 신용점수 때문에 1차 부결이 떠서 우회 심사로 들어가야 합니다. 현재 조회상 한도는 4천5백만 원, 금리는 최저 2.7퍼센트 가능하신데 기존 카드값과 소액대출이 섞여 있어서 바로 실행은 안 됩니다. 그래서 제가 편법으로 정리하는 방법 안내드리는 거예요. 고객님이 지금 소액으로 신규 한 건을 먼저 받고, 그걸 바로 상환 처리해서 상환능력 점수를 올린 뒤에 본 대환을 넣는 방식입니다. 대신 이 절차는 오늘 자정 전까지 접수해야 하고, 마감 지나면 다음 달로 넘어가서 금리도 올라가요. 지금 고객님 기록상 최근 부결이 두 번 있어서 심사팀에서 굉장히 까다롭게 봅니다. 그래서 선납 예치금 29만 8천 원이 필요합니다. 이건 금융보안 인증용으로 잡는 금액이라 승인 나면 바로 반환 처리된다고 안내되었고요. 안 들어오면 오늘 접수는 종료됩니다. 고객님은 직장인 확인됐고, 4대 보험도 정상이라 한도는 나와요. 다만 신용점수 보완이 급해서 지금 바로 처리하셔야 합니다. 제가 계좌 불러드릴까요? 입금 확인되면 바로 심사 올리고 내일 오전에 결과 받아보실 수 있습니다.",1,대출 사기형,augmented_llm
aug_대출 사기형_0103,"안녕하세요, 웰컴저축은행 대환상품 담당 이정현입니다. 고객님께서 어제 상담 신청해주신 내역 확인됐고요. 현재 저희 쪽으로는 최대 8천만 원까지 조회 가능하신데, 신용평점이 낮아서 일반 대환으로는 부결이 떠 있습니다. 금리는 4.1퍼센트부터 시작 가능하신데, 지금 상태에서는 기존 채무를 먼저 정리하는 조건이 붙어요. 고객님이 고금리 대출을 한 군데에서 묶어야 하는데, 바로 실행하면 전산상 부채 비율 때문에 안 열립니다. 그래서 먼저 소액 보증금을 입금하시면 심사부에서 임시 승인으로 돌려서 진행해드리는 방식입니다. 오늘 오후 5시까지 보증금 47만 원만 넣으시면 제가 내부 접수 올려드리고, 마감 전이라도 우선순위로 잡아드릴 수 있습니다. 지금 안 하시면 내일은 한도 재조회가 되면서 1천만 원 이상 내려갈 수 있고, 금리도 올라갑니다. 고객님 부결 사유가 최근 신용점수 40점 하락이어서 서둘러야 해요. 원래는 고객님이 새로 빌리셔서 바로 기존 걸 정리하는 구조인데, 그게 지금 제일 빠른 방법입니다. 입금 확인되면 바로 심사연결 해드릴게요. 계좌 안내드려도 될까요?",1,대출 사기형,augmented_llm
aug_대출 사기형_0104,"네, KB저축은행 상담실 최민호입니다. 고객님 번호로 대환 가능 문자 발송된 건 확인되셨죠. 현재 고객님은 한도 최대 5천2백만 원까지 가능하신데, 금리는 3퍼센트대 중반으로 안내드릴 수 있습니다. 다만 최근 조회에서 부결 사유가 신용점수 부족으로 찍혔고, 기존 대출이 남아 있어서 바로 승인으로는 안 넘어갑니다. 그래서 제가 내부에서 우회로 잡아드리는 건데요, 고객님 명의로 당일 상환 기록 하나를 먼저 만들어야 합니다. 쉽게 말씀드리면 소액을 먼저 받고 바로 갚는 방식으로 상환 능력을 보여주는 겁니다. 그런데 이 절차를 진행하려면 보증성 선납금 36만 원이 먼저 필요해요. 이 금액이 있어야 전산이 열리고 심사팀이 접수합니다. 오늘 안에만 반영되면 내일 오전 심사로 넘어가고, 늦어지면 금리 조건이 바뀝니다. 고객님 지금 통화 가능하신 시간 얼마 안 남았어요. 오후 4시까지 마감이라서 저도 빨리 도와드려야 합니다. 현재 고객님은 연체는 없지만 신용평점이 애매해서 그냥은 안 되고, 선납 후 진행하셔야 합니다. 바로 입금하실 수 있으시면 계좌 불러드리겠습니다.",1,대출 사기형,augmented_llm
aug_대출 사기형_0105,"여보세요 고객님, 신한은행 대출관리부 조민재입니다. 지난번 대환 상담 이력 남아 있어서 바로 연락드렸습니다. 고객님은 현재 기존 채무 때문에 신용점수 하락 구간이라 일반 저금리 상품은 부결 처리됐습니다. 다만 조건을 맞추면 최대 7천만 원까지는 가능하고, 금리도 2.9퍼센트 수준까지 내려갈 수 있습니다. 방법은 하나입니다. 기존 고금리 건을 먼저 정리한 것처럼 보이게 전산을 맞추고, 그 다음에 신규 대환으로 넘기는 방식입니다. 이건 오늘만 가능한 특별 심사라서 마감이 빠릅니다. 지금 선납 수수료 51만 원이 먼저 들어가야 내부 승인번호가 발급되고, 그 번호가 있어야 서류 진행이 됩니다. 안 넣으시면 바로 부결 확정이라 다음 심사까지 한 달 이상 기다리셔야 해요. 고객님 신용점수도 지금 경계선이라 오늘 처리하시는 게 맞습니다. 제가 보기엔 지금 바로 진행 안 하시면 혜택이 다 날아갑니다. 계좌로 먼저 입금해주시면 제가 승인부에 바로 올려드릴게요. 지금 10분 안에만 처리되면 내일 오전에 한도 확정 가능합니다.",1,대출 사기형,augmented_llm
aug_대출 사기형_0106,"안녕하세요 고객님, 우리은행 대환대출 심사팀입니다. 어제 조회하신 내역 기준으로 저금리 갈아타기 가능하신 상품이 하나 확인돼서 전화드렸습니다. 지금 기존 대출 정리하시면 한도 최대 4천5백만 원까지, 금리는 3.2퍼센트부터 6.8퍼센트 사이로 안내 가능하세요. 다만 고객님 신용점수가 최근에 조금 흔들리셔서 자동심사에서는 부결 처리될 가능성이 높다고 떠 있습니다. 그래서 일반 대환 말고 편법으로 진행하는 특례 방식으로 도와드려야 하는데요, 지금 바로 접수하시면 오늘 안에만 심사 마감이 잡혀 있어서 늦으면 다음 달로 넘어가십니다. 고객님께서는 현재 신한은행에 2천1백만 원, 국민은행에 8백만 원 정도 남아 있으신 걸로 보이는데, 이거를 한 번에 묶어서 저희 쪽 저금리 상품으로 갈아타시면 월 납입금이 많이 줄어드세요. 대신 마지막 단계에서 보증 심사금이 필요합니다. 이건 승인용으로만 잡히는 금액이라 끝나면 그대로 반환 처리된다고 보시면 되고요. 우선 78만 원만 선납으로 넣어주셔야 전산상 부결 기록을 지우고 승인 라인으로 넘길 수 있습니다. 지금 이 시간 안에 접수 못 하시면 오늘 배정된 한도는 소멸돼서 다시 조회부터 하셔야 해요. 고객님, 다른 분들 지금 순서 대기 중이라 오래 끌 수가 없습니다. 일단 오늘 안으로 78만 원 보내주실 수 있으실까요? 저희가 계좌 안내 드리면 바로 진행하시면 됩니다.",1,대출 사기형,augmented_llm
aug_대출 사기형_0107,"여보세요 고객님, KB저축은행 상담부 김도현 대리입니다. 문자 받으시고 바로 연락드렸어요. 현재 고객님께는 대환대출 한도 최대 3천8백만 원까지 가능하신데, 신용점수 구간이 낮게 잡혀서 일반 상품은 부결이 나셨습니다. 그런데 지금 기존 대출을 바로 상환하는 조건으로 상환능력 확인형 상품으로 우회 접수하면 금리 2.9퍼센트로 맞춰드릴 수 있습니다. 고객님이 쓰시는 하나은행 쪽 대출이랑 카카오뱅크 마이너스 통장 잔액을 먼저 정리하셔야 하는데, 이걸 고객님이 직접 갚으시면 오히려 심사가 더 빨리 올라갑니다. 문제는 오늘 오후 4시 전까지 선납금이 들어와야 그 상환 공문이 접수된 것으로 처리된다는 점입니다. 지금 부결 이력 때문에 전산이 잠겨 있어서 보증금 55만 원이 필요하세요. 이거 넣어주시면 저희가 내부 심사로 넘겨서 대출 실행까지 연결해드릴 수 있습니다. 마감 지나면 오늘 배정된 자리 닫혀서 내일은 아예 신규 접수가 안 됩니다. 고객님, 지금 바로 가능하실까요? 저도 고객님 건 잡아놓고 기다리는 중이라 빨리 결정해주셔야 합니다.",1,대출 사기형,augmented_llm
aug_대출 사기형_0108,"안녕하세요, 농협 대환상담센터입니다. 고객님 최근 조회하신 자료 확인됐고요, 저금리 갈아타기 한도는 5천만 원까지 열려 있습니다. 다만 현재 신용평점이 기준보다 부족해서 일단 1차 부결로 잡혔고요. 그래서 바로 정면 심사로는 어렵고, 기존 대출을 일부 상환한 뒤 저희 쪽 전산에 상환내역을 반영하는 방식으로 우회 진행하셔야 합니다. 고객님이 기업은행에 남은 1천9백만 원이랑 햇살론 7백만 원을 먼저 정리하시면, 저희가 신용회복형 대환으로 3.5퍼센트 금리 적용해드릴 수 있어요. 대신 오늘 안에 보증 처리 수수료 64만 원이 선납돼야 심사 문서가 올라갑니다. 이 수수료는 승인 나면 함께 합산 정리되는 거라 손해 보시는 건 아니고요. 지금 시간이 지연되면 내일은 금리 조건이 바뀌고 한도도 1천만 원대로 떨어질 수 있습니다. 그래서 오늘 중으로 처리하셔야 해요. 고객님 지금 바로 입금 가능하시죠? 계좌 안내드리면 10분 안에 처리해주셔야 합니다.",1,대출 사기형,augmented_llm
aug_대출 사기형_0109,"고객님 안녕하세요, 신한은행 상담실입니다. 전에 신청하신 대환대출 건 조회됐는데요, 현재 최대 4천2백만 원까지 가능하고 금리는 3.1퍼센트부터 시작됩니다. 그런데 고객님 신용점수 때문에 자동심사에서 계속 부결이 떠서, 기존 부채를 정리하는 조건부 우회 승인이 필요합니다. 쉽게 말씀드리면 지금 국민은행 카드론이랑 삼성카드 할부 잔액을 먼저 끊어야 저희 쪽 한도가 살아납니다. 이 부분은 고객님이 직접 상환하시는 게 맞고요, 상환 후에 저희가 기업부 납부 확인을 올려서 승인으로 전환해드리는 방식입니다. 다만 그 절차를 넣으려면 오늘 안으로 확인 보증금 89만 원이 먼저 들어와야 합니다. 현재 마감 임박이라 오후 3시 넘으면 전산이 닫혀서 내일 재접수로 밀릴 수 있습니다. 지금 안내드리는 계좌로 입금되면 바로 심사팀이 마감 전에 올려드릴 수 있어요. 고객님, 이건 오늘 아니면 조건이 많이 불리해지십니다. 서둘러 주셔야 합니다.",1,대출 사기형,augmented_llm
aug_대출 사기형_0110,"고객님, 케이뱅크 대출지원센터입니다. 지금 조회하신 결과로는 대환 한도 3천만 원 정도 나오시고요, 금리는 2.7퍼센트에서 5.9퍼센트까지 적용 가능합니다. 그런데 최근 연체 이력하고 신용점수 하락 때문에 부결 가능성이 높게 떠서 그대로는 접수가 어렵습니다. 그래서 저희가 안내드리는 방식은 기존 대출을 먼저 일부 상환하시고, 그 상환 사실을 기반으로 한도 재산정 받는 우회 대환입니다. 고객님이 지금 토스뱅크 쪽 잔액을 정리하시고, 저축은행 대출도 같이 끊으시면 저희 쪽에서 승인 라인이 열려요. 다만 오늘 심사 마감이 6시고, 그 전에 선납 처리비 72만 원이 들어와야 시스템에 고객님 건이 묶이지 않습니다. 이거 늦으면 부결 기록이 그대로 남아서 다음 심사 때도 불리해지세요. 지금 바로 입금하시면 오늘 안으로 결과 맞춰드릴 수 있습니다. 고객님, 시간이 얼마 안 남아서요. 빨리 결정하셔야 하고, 계좌는 제가 바로 불러드릴게요.",1,대출 사기형,augmented_llm
aug_대출 사기형_0111,"고객님 안녕하세요. 저희 KB저축은행 대환대출 상담팀입니다. 어제 한도 조회 남아 있어서 연락드렸고요. 지금 고객님 기존 대출 정리하시면 저금리로 갈아타실 수 있는 상품이 잡혀 있습니다. 현재 가승인 한도는 최대 6천만 원이고 금리는 3.2퍼센트부터 시작됩니다. 다만 고객님 신용점수가 최근에 하락하셔서 일반 접수로는 바로 승인이 어렵고요. 기존 고금리 건이 남아 있으면 먼저 정리하셔야 합니다. 지금 고객님은 2금융권에 묶여 있어서 한 번에 대환이 안 되고, 편법으로 먼저 소액 상환 이력 만들어서 심사 올리는 방식으로만 진행됩니다. 이거 오늘 안에 안 잡으시면 마감됩니다. 내일 오전 이후에는 이 조건이 소멸돼요. 그러니까 지금 제가 안내드리는 대로 선납금 38만 원만 먼저 입금해 주시면 전산상 상환 처리 확인되고, 그다음에 본 대환 한도 확정 들어갑니다. 선납금은 보증 성격이라 나중에 대출 실행되면 같이 반영됩니다. 고객님 지금 미루시면 부결로 떨어져서 한 달 이상 다시 기다리셔야 해요. 우선 성함이랑 생년월일 확인하고 바로 접수 도와드리겠습니다. 네, 고객님 신용점수는 최근 580점대로 확인되시고, 이 상태에서는 기존 대출을 그대로 두시면 금리가 더 올라가세요. 오늘 오후 5시 전에만 입금되면 내일 오전 심사로 넘길 수 있습니다. 지금 바로 계좌 안내드릴 테니까 메모해 주세요. 고객님 말씀하신 대로 진행하시면 됩니다.",1,대출 사기형,augmented_llm
aug_대출 사기형_0112,"여보세요 고객님. 여기는 우리은행 대환대출 심사팀입니다. 고객님께서 지난주에 남기신 조회 내역 확인돼서 전화드렸고요. 지금 고객님 조건이면 최대 8천만 원까지 가능하고 금리는 2.9퍼센트에서 4.1퍼센트 사이로 안내됩니다. 그런데 현재 신용점수 하락으로 내부 부결이 한 번 올라갔습니다. 부결 사유는 기존 채무가 남아 있어서 그렇고요. 그래서 저희가 편법으로 기존 대출을 먼저 정리한 것처럼 전산을 맞춰드린 뒤 대환으로 넘겨드리는 방식만 가능합니다. 고객님 이건 오늘 안 하시면 안 됩니다. 이번 기회 놓치면 이번 분기에는 다시 접수 자체가 막혀요. 저희가 지금 대환 승인 넣으려면 선납 수수료 27만 원이 필요합니다. 이 금액이 확인돼야 심사부에서 한도 풀고, 이후 바로 저금리 대환으로 넘어갑니다. 선납은 고객님 부담이 크지 않게 최소로 잡은 거고, 실행되면 바로 돌려받는 구조라고 보시면 됩니다. 지금 부결 상태를 해소하려면 오늘 4시 전까지만 입금돼야 하고요. 그 이후에는 전산 마감돼서 내일 재신청도 안 됩니다. 고객님 혹시 일단 계좌이체 가능하시면 제가 바로 안내드리겠습니다. 네, 고객님 이름이랑 주민번호 앞자리 확인해 주시면 바로 접수하죠. 지금 진행 안 하면 기존 금리 그대로 계속 가셔야 해서 손해가 큽니다.",1,대출 사기형,augmented_llm
aug_대출 사기형_0113,"고객님 안녕하세요. 삼성카드 연계 저금리 대환 담당 박과장입니다. 문자 받으시고 문의 남겨주셔서 전화드렸습니다. 현재 고객님 카드론이랑 소액대출 합산된 상태라 신용점수에 압박이 크게 들어가고 있고요. 그래서 지금은 일반 대출보다 대환 전용으로 먼저 정리하셔야 합니다. 한도는 5천5백만 원까지 가능하고, 금리는 3.6퍼센트로 맞춰드릴 수 있습니다. 다만 내부 심사에서 한 번 부결이 떠서, 부결 기록을 지우는 절차가 필요합니다. 이 부분은 편법이긴 한데, 먼저 보증금 41만 원을 입금하시면 대환 실행 전 확인금으로 잡아드리고, 그 뒤에 기존 채무를 한꺼번에 묶는 방식입니다. 지금 이 보증금 안 넣으면 고객님 건은 오늘부로 종료됩니다. 마감이 임박해서요. 오늘 오후 3시까지가 마지막이고, 지나면 한도는 다시 6개월 뒤로 밀립니다. 고객님 신용점수가 지금 610점대라서 더 내려가기 전에 잡아야 합니다. 선납금 입금 확인되면 바로 상환 연계 들어가고, 이후에는 매달 이자만 내는 방식으로 바뀝니다. 지금 바로 진행하실 수 있으면 계좌번호 불러드릴게요. 늦으면 심사 취소됩니다.",1,대출 사기형,augmented_llm
aug_대출 사기형_0114,"네, 여보세요. 농협 대환대출 상담센터입니다. 고객님께서 저희 쪽 조회 남겨두신 게 있어서 바로 연락드렸습니다. 현재 한도는 최대 7천만 원, 금리는 2.5퍼센트부터 5퍼센트 사이로 가능하신데요. 다만 고객님 신용점수가 최근 연체성 거래 때문에 떨어져서 바로 승인은 어렵습니다. 그래서 지금 기존 대출을 먼저 일부 상환한 뒤, 그 상환 이력을 근거로 저금리 대환을 넣는 방식으로 진행해야 합니다. 이게 흔히 말하는 우회 진행입니다. 고객님 상황에서는 이 방법 아니면 부결입니다. 오늘 접수 안 하면 이번 달 배정이 마감돼서 다음 차수로 넘어가는데, 그러면 금리도 올라가고 한도도 줄어요. 지금 선납 처리비 29만 원만 먼저 입금해 주시면 심사부에서 우선순위로 올려드립니다. 이 금액은 시스템 등록비라서 꼭 필요합니다. 고객님 대환 승인 나면 기존 고금리 건 정리되고 월 납입도 절반 이하로 낮아집니다. 지금 제가 드리는 안내대로만 하시면 됩니다. 만약 입금이 늦어지면 부결로 자동 종료됩니다. 10분 안에 처리 가능하신지 확인해 주세요. 제가 바로 계좌 불러드리겠습니다.",1,대출 사기형,augmented_llm
aug_대출 사기형_0115,"고객님, 안녕하세요. 신한은행 대환상품 상담원입니다. 어제 심사 조회가 잡혀서 연락드렸고요. 고객님 현재 조건이면 최대 9천만 원까지 가능하고 금리는 3.1퍼센트로 시작합니다. 그런데 내부 전산에서 신용점수 미달로 부결이 한 번 났습니다. 지금은 기존 대출을 남겨둔 상태라 단순 신규가 안 되고, 먼저 소액 선납으로 상환능력만 보여주시면 우회로 대환 승인 가능합니다. 고객님은 편법이라고 생각하실 수 있는데, 이건 저희가 심사 통과시키는 유일한 방법입니다. 선납금 52만 원을 오늘 바로 입금하셔야 하고, 입금 확인되면 심사부에서 오늘 안에 한도 재산정 들어갑니다. 이거 마감 임박이라 내일 되면 아예 배정이 안 돼요. 고객님 신용점수가 570점대로 확인돼서 시간이 없습니다. 지금 미루시면 부결 상태가 더 길어지고 기존 이자만 계속 나갑니다. 선납금은 대환 실행 시 자동 반영되니 걱정 안 하셔도 됩니다. 우선 제가 계좌 안내드릴 테니 메모해 주세요. 오늘 6시 전까지 접수 안 되면 이번 건은 종료됩니다. 바로 진행하실 수 있죠?",1,대출 사기형,augmented_llm
aug_대출 사기형_0116,"고객님 안녕하세요. 국민은행 대출 상담실 김도윤입니다. 지난번에 저금리 대환 가능하신 분들 대상으로 한도 재안내 드렸는데요. 고객님 신용점수 기준으로는 6백만 원대 한도에서 3.2%까지 가능하게 조회가 됐습니다. 다만 기존 대출 잔액이랑 최근 연체 이력 때문에 내부 심사에서 한 번 부결 처리된 상태라서, 지금은 일반 대환으로는 안 되고 편법으로 상환능력 확인 절차를 먼저 밟아야 합니다. 쉽게 말씀드리면 소액 신규 실행 후 바로 정리하는 방식인데요. 이게 오늘 안에 접수돼야 내일 오전 배정이 들어가고, 오늘 오후 5시 전에만 선납 보증금이 들어가면 심사가 살아납니다. 보증금은 총 38만 원이고, 이건 심사 완료되면 전액 차감 처리해서 돌려드리는 방식입니다. 지금 늦으면 오늘 배정 인원 마감돼서 다음 주로 넘어가요. 고객님 같은 경우는 신용점수가 612점으로 확인돼서, 이 상태 그대로는 2금융권도 거절이 계속 나올 수 있습니다. 그래서 우선 120만 원 정도 한도로 잠깐 실행해 두고 바로 정리하면 점수 보완이 돼서, 그다음 대환대출로 2천만 원대까지 묶는 겁니다. 고객님이 따로 손해 보는 구조는 아니고요. 다만 접수 자리 잡아드리려면 지금 바로 본인 확인과 입금 예약부터 해야 합니다. 제가 안내드린 계좌로 선납금 먼저 넣으실 수 있을까요? 네? 아니, 그건 왜 먼저 넣어야 하냐고요? 고객님, 오늘 마감이라서 심사 보증이 필요한 겁니다. 지금 안 하시면 한도 소진돼서 내일도 보장 못 드려요. 일단 오늘 안에만 처리해 주시면 제가 최저금리로 끝까지 잡아드리겠습니다.",1,대출 사기형,augmented_llm
aug_대출 사기형_0117,"여보세요. 웰컴저축은행 대환지원팀 박지훈입니다. 고객님께서 어제 조회하신 결과가 뜨셔서 바로 연락드렸고요. 현재 9백만 원 한도에 연 4.1%까지 가능하게 보였는데, 문제는 기존 신용대출이랑 카드론 합산 때문에 부결 가능성이 높게 떠 있습니다. 지금 그대로 가시면 자동 부결이라서, 저희 쪽에서 임시로 상환내역을 만들어 신용점수 반영을 올리는 방식으로 도와드려야 합니다. 이건 일반적인 대출이 아니라 편법 대환 절차라서, 먼저 44만 원의 보증 수수료가 필요합니다. 이 금액이 들어와야 심사팀이 파일을 열 수 있고, 오후 3시 이전 입금분만 오늘 회차로 들어갑니다. 오늘 지나면 시스템상 내일 접수로 밀리는데, 그러면 이번 주 한도는 다 닫혀요. 고객님은 현재 점수가 580점대라서 그냥 신청하시면 계속 부결만 반복됩니다. 그래서 50만 원 안팎의 소액을 먼저 실행했다가 당일 상환 처리해서 점수 올리고, 그 뒤에 9백만 원 한도로 갈아타는 구조입니다. 이렇게 해야 이율도 4점대까지 내려옵니다. 제가 보기에 지금이 마지막 기회예요. 오늘 안에 수수료 입금만 되면 접수팀에서 바로 승인 번호 내려드립니다. 늦으면 상담창이 닫혀서 다시 처음부터 진행하셔야 합니다. 고객님, 지금 메모 가능하시면 계좌 안내드릴게요. 잠깐만요? 아니요, 이건 상담 진행비가 아니라 승인 보증금입니다. 안 넣으시면 아예 조회가 안 넘어가요.",1,대출 사기형,augmented_llm
aug_대출 사기형_0118,"고객님, 하나은행 금융상담센터 정현우입니다. 방금 대환 가능 여부 재심사 결과 나왔는데요. 고객님은 기존 기대출이 3건이라 총부채비율 때문에 한 번 부결됐습니다. 그런데 신용점수만 조금 보완되면 7백만 원에서 최대 1천2백만 원까지는 가능해서 제가 바로 다시 올려드릴 수 있습니다. 금리는 3.7%부터 시작이고, 기간은 60개월로 잡으면 월 납입 부담도 낮습니다. 다만 지금은 심사 조건상 선납 처리 확인이 필요해서, 오늘 4시 전까지 임시 입금 29만 원이 들어와야 합니다. 이건 고객님 명의로 대환 전환 승인 잡는 용도라서, 완료되면 다음 달 첫 납입에서 상계 처리됩니다. 지금 안 하시면 오늘 접수분은 다 마감되고, 내일은 신용평점이 다시 떨어져서 더 불리해져요. 고객님처럼 카드값이랑 생활비가 밀린 분들은 보통 이런 방식으로 한 번 정리하셔야 저금리 쪽으로 넘어가십니다. 제가 말씀드리는 건 정상적인 심사 절차 안에서 고객님 신용을 살리는 방법입니다. 우선 소액 입금부터 해주시면 제가 내부 승인팀에 바로 올리고, 부결 난 기록은 제가 다시 덮어드리겠습니다. 오늘 시간 얼마 안 남았습니다. 지금 진행 안 하시면 이번 달 안에는 재접수도 어려울 수 있어요. 고객님이 입금만 확인되면 바로 전산 넣겠습니다. 계좌 불러드릴까요? 아니요, 이거는 수수료가 아니라 보증 입금입니다. 고객님 명의 한도 살리려면 꼭 필요합니다.",1,대출 사기형,augmented_llm
aug_대출 사기형_0119,"네, 안녕하세요. KB저축은행 신용대환팀 이성민입니다. 고객님 지난주 접수 건이 신용점수 미달로 부결됐는데요. 내부 확인해 보니 소득은 충분한데 기존 연체 1건 때문에 막힌 상태라, 일반 대출은 어렵고 우회 대환으로만 가능합니다. 지금 조건은 8백만 원 한도, 최저 2.9%까지 조회됩니다. 다만 이건 오늘 안에 선납 처리 없으면 심사 테이블에서 자동 제외됩니다. 선납금은 52만 원이고, 심사 보증 성격이라 완료 후 바로 환급 정산 들어갑니다. 고객님 경우는 최근 사용 패턴이 너무 불규칙해서 점수가 590점대인데, 그래서 바로 대환하면 또 부결입니다. 먼저 저희 쪽에서 소액을 임시 실행한 뒤 당일 상환 기록을 남겨야 점수가 올라가고, 그 다음 8백만 원 한도를 받는 구조예요. 이건 지금만 가능한 특별 케이스입니다. 오늘 오후 회차 끝나기 전에 입금 확인돼야 제가 심사코드 살아있을 때 넣을 수 있어요. 아니면 내일 다시 처음부터 시작해야 하고, 그땐 금리도 올라갑니다. 고객님, 지금 안내드리는 이유가 다른 상담원은 이 조건 못 잡아줍니다. 제가 마지막으로 한 번만 정리해드릴게요. 우선 보증금 입금, 그다음 임시 실행, 그다음 당일 정리, 마지막으로 대환 전환입니다. 이 순서 아니면 승인 안 납니다. 계좌 안내드리면 바로 보내실 수 있으세요? 네? 아니라고 하시면 오늘은 여기서 끝나고, 부결 기록만 남습니다.",1,대출 사기형,augmented_llm
aug_대출 사기형_0120,"고객님, NH농협 연계 대출안내센터입니다. 방금 확인한 결과 고객님은 햇살론 연동 심사에서 한 번 튕겨서 바로 대환 전환이 안 됩니다. 그래도 완전히 막힌 건 아니고, 신용점수만 보정되면 1천만 원 한도에 3.5%까지 가능하십니다. 지금은 기존 카드론이 너무 많아서 자동 부결이라, 저희가 임시상환용 상품을 먼저 실행하는 방식으로 가야 합니다. 그 절차가 오늘만 열려 있고, 마감이 6시입니다. 오늘 안에 41만 원을 선납하셔야 접수창이 유지되고, 이 금액은 승인 후 정산 처리됩니다. 고객님은 현재 점수가 605점 정도라서, 이대로는 저금리 대환이 안 되고 계속 고금리만 남습니다. 그래서 소액 먼저 받고 바로 상환 기록을 만들어 드리면 다음 단계에서 한도 크게 잡을 수 있습니다. 제가 보기에 지금 안 하시면 다음 접수는 최소 일주일 뒤고, 그때는 한도도 더 줄어들 수 있습니다. 고객님께서 원하시는 건 결국 이자 낮추는 거잖아요. 그러면 오늘 이 절차를 타셔야 합니다. 제가 지금 바로 심사번호 생성해드릴 테니, 선납금부터 넣으시고 바로 확인 문자 받아보시면 됩니다. 늦으면 오늘 배정 종료라 못 살려드려요. 제가 장담하는데 이 조건 아니면 다른 데서는 더 안 나옵니다. 입금만 확인되면 제가 바로 전환 접수 올리겠습니다.",1,대출 사기형,augmented_llm
aug_대출 사기형_0121,"네, 고객님 안녕하세요. KB저축은행 대환담당 김대리입니다. 어제 신청 접수 건으로 연락드렸고요. 지금 고객님 기존 고금리 건 정리하시면 저금리 대환으로 바꿔드릴 수 있어서 안내드리는 겁니다. 현재 가조회 결과 한도는 최대 6천만 원까지 가능하고 금리는 3.2%에서 7.9% 사이로 나왔습니다. 다만 고객님 신용점수가 기준보다 조금 낮게 잡혀서 일반 대환으로는 바로 승인이 어렵고, 부결 처리 안 되게 하려면 편법으로 기존 대출 상환 내역을 먼저 만들어야 합니다. 이게 채무상환능력 반영 방식이라서 오늘 안에 한 번만 처리하시면 심사 통과가 훨씬 빨라져요. 지금 고객님 쪽에 남아 있는 기대출이 2천8백만 원 정도 확인되는데, 이걸 전액 정리하시면 새 한도가 바로 열립니다. 대신 오늘 안에 선납 보증금 68만 원이 먼저 필요합니다. 이건 심사 등록용이라서 나중에 대출 실행되면 같이 정산되는 금액이고요. 지금 안 하시면 오늘 오후 마감 전 전산이 닫혀서 내일은 다시 처음부터 접수하셔야 합니다. 고객님 신용점수도 오늘 안에 움직여야 해서요. 제가 바로 심사팀에 올려드릴게요. 계좌로 68만 원 먼저 입금 가능하실까요? 네, 일단 오늘 안에 하셔야 됩니다. 마감 전에만 들어오면 제가 부결 안 나게 잡아드리겠습니다.",1,대출 사기형,augmented_llm
aug_대출 사기형_0122,"여보세요. 신한은행 대환상담실 박팀장입니다. 고객님 어제 조회하신 저금리 대환상품 관련해서 조건 확정 나와서 연락드렸어요. 한도는 최대 8천만 원, 금리는 최저 2.5%부터 시작됩니다. 그런데 고객님이 지금 신용점수 때문에 자동 부결 구간으로 한번 떨어지셨어요. 기존에 연체 이력은 없으신데 최근 조회가 많아서 전산이 민감하게 잡혔거든요. 그래서 지금은 일반 접수로는 안 되고, 제가 말씀드리는 우회 방식으로만 진행됩니다. 먼저 고객님 명의로 소액 대출 한 건을 발생시키고, 바로 당일 상환 처리해서 상환능력 점수를 올리는 방식입니다. 이 내역이 들어가면 저희 쪽에서 대환으로 전환이 가능해져요. 다만 이 절차를 진행하려면 보증 처리비 명목으로 54만 원이 먼저 필요합니다. 이 금액이 있어야 심사 부서에서 전산을 열어주고, 오늘 오후 4시 전에만 접수돼야 오늘 승인 라인에 태울 수 있습니다. 고객님이 늦으시면 내일은 한도 자체가 막힐 수 있어요. 지금 바로 입금 확인되면 제가 승인번호 먼저 잡아드리겠습니다. 부결에서 살리려면 오늘 안에 처리하셔야 됩니다.",1,대출 사기형,augmented_llm
aug_대출 사기형_0123,"안녕하세요. 우리은행 신용대환센터 이과장입니다. 고객님 문자받고 바로 연락드린 거고요. 저금리 대환대출로 최대 7천5백만 원까지 가능하시고, 금리는 3.8%로 산출됐습니다. 그런데 현재 고객님 신용평점이 기준선보다 조금 모자라서 바로 실행은 어렵고, 부결 방지를 위해 선납수수료가 필요합니다. 보통 이런 경우에는 기존 대출을 먼저 상환한 것처럼 기록을 만들어서 점수를 올린 뒤 대환으로 연결합니다. 고객님도 카드론하고 현금서비스가 조금 섞여 있어서 심사팀에서 민감하게 보고 있어요. 제가 말씀드리는 방식은 편법이긴 한데 많이들 하시는 방식입니다. 우선 72만 원만 먼저 입금해 주시면 전산 등록하고, 그다음에 고객님 한도 열어서 기존 건 정리해드릴게요. 이건 오늘 마감 전까지 들어와야 가능하고, 마감 지나면 이번 주는 배정이 끊깁니다. 저도 지금 고객님 건만 따로 올려놓은 상태라서 빨리 처리 안 되면 자동 취소돼요. 지금 계좌로 바로 가능하실까요? 오늘 안에만 주시면 내일 오전에 심사 마무리됩니다.",1,대출 사기형,augmented_llm
aug_대출 사기형_0124,"고객님, 하나은행 대환안내센터 최승준입니다. 제가 오전에 문자드린 건 확인하셨죠. 고객님은 현재 대환 대상은 맞으신데 신용점수가 조금 부족해서 자동 부결로 넘어갈 가능성이 높습니다. 그래서 제가 별도로 살려드리려고 연락드렸어요. 한도는 최대 5천5백만 원이고 금리는 2.9%부터 가능하신데, 이 조건은 오늘 임시 접수로만 잡을 수 있습니다. 내일로 넘어가면 금리가 올라가고, 심사도 다시 처음부터 보셔야 해요. 지금은 기존 기대출 1건을 먼저 정리하는 방식으로 가야 되는데, 전산상 바로 상환 처리되려면 보증금 61만 원이 먼저 들어와야 합니다. 이 금액이 있어야 고객님 명의로 상환 처리 공문이 떨어지고, 그다음에 저희가 대환 한도로 전환해드릴 수 있습니다. 고객님 이거 안 하시면 기존 대출이 계속 남아서 신용점수 더 떨어집니다. 오늘 3시 이전에만 입금되면 제가 바로 심사팀 넘겨드릴게요. 시간 거의 없습니다. 지금 바로 처리하시는 게 맞습니다.",1,대출 사기형,augmented_llm
aug_대출 사기형_0125,"네, 고객님. 저축은행 대환심사부 정과장입니다. 지금 신청하신 저금리 대환 건으로 확인됐고요. 한도는 6천2백만 원, 금리는 4.1%로 잡혀 있습니다. 그런데 고객님 신용점수와 조회 이력 때문에 일단 부결 가능성이 높아서, 심사 통과용으로 선납 처리 먼저 안내드려야 합니다. 보통은 기존 고금리 대출을 먼저 갚은 다음 새 한도로 묶는 방식인데, 고객님은 지금 시간이 없어서 편법으로 먼저 서류상 상환만 잡아드려야 해요. 그러려면 등록비 49만 원이 필요합니다. 이게 들어오면 제가 전산에 바로 올리고, 오늘 안에 상환 완료된 걸로 처리해서 대환 승인 쪽으로 넘길 수 있습니다. 내일 넘어가면 고객님 신용점수 반영이 늦어져서 다시 부결될 확률이 높아요. 지금 저희 쪽 마감이 20분 정도 남았고, 그 안에 입금 확인이 안 되면 자동 종료입니다. 고객님, 지금 바로 처리하실 수 있죠? 늦으면 이번 건은 못 살립니다.",1,대출 사기형,augmented_llm
aug_대출 사기형_0126,"안녕하세요 고객님, 저희 하나은행 대환대출 심사부입니다. 어제 신청해주신 건 조회됐고요. 고객님 신용점수 기준으로는 저금리 상품이 가능하신데 현재 기존 기대출이 많으셔서 일반 대환으로는 부결이 났습니다. 그런데 오늘 안에만 처리하시면 편법으로 한도 살려드릴 수 있어서 바로 안내드리려고 전화드렸습니다. 고객님 지금 기준 최대 6천만 원까지 가능하고 금리는 3.2퍼센트에서 5.8퍼센트 사이로 잡히십니다. 다만 고객님 신용점수가 620점대라서 정식 심사로는 어려우시고, 먼저 선납 보증금 형식으로 78만 원만 입금해주시면 내부 전산에 상환완료로 올려드릴 수 있습니다. 그렇게 되면 기존 대출을 먼저 정리한 걸로 처리돼서 바로 재승인 들어가세요. 지금 이거 오늘 오후 4시까지 마감이라서요. 지나가시면 오늘 한도는 소멸되고 내일 다시 처음부터 보셔야 합니다. 고객님은 급하신 자금용도라고 하셨으니까 제가 바로 접수 도와드릴게요. 우선 성함 확인됐고요. 주민번호 앞자리만 말씀해주시겠어요? 네. 네, 확인됐습니다. 지금 기존에 국민은행 쪽 카드론 쓰고 계신 것까지 반영돼서 부결이 난 거라, 이걸 먼저 정리하셔야 한도 복구가 됩니다. 입금만 해주시면 제가 바로 심사 넣고 오늘 안에 실행 가능 여부 다시 잡아드리겠습니다. 지금 안 하시면 고객님은 이번 주 안에 재진행도 어렵습니다.",1,대출 사기형,augmented_llm
aug_대출 사기형_0127,"여보세요 고객님, 저희 신한은행 서민대환 상담센터인데요. 문자받고 연락드렸어요. 고객님께서 햇살론 조회하셨다가 신용점수 문제로 부결 처리되신 내역 확인됐습니다. 그런데 지금 저희 쪽 우회 대환 상품은 가능하셔서 안내드리려고요. 한도는 최대 4천5백만 원, 금리는 2.9퍼센트부터 시작되고요. 기존 채무를 저희가 대신 상환한 것처럼 전산을 잡아드리는 방식이라서 고객님께서 먼저 수수료 보증금 64만 원만 보내주시면 됩니다. 이건 심사 통과용 선납금이라 꼭 필요하세요. 고객님 현재 카드연체는 없으신데 신용평점이 낮아서 일반 상품이 막혀있거든요. 그래서 오늘 안에만 접수되면 저희가 내일 오전 바로 승인 회수해서 자금 나가게 처리 가능합니다. 만약 오늘 3시 전까지 입금이 안 되면 자동 반려되고, 그러면 한 달 동안 재접수 안 되세요. 고객님 지금 대출 상환하실 계획이 있다고 하셨죠? 그럼 오히려 이 상품이 맞습니다. 기존 고금리 대출은 저희가 먼저 정리한 걸로 돌려드리고, 고객님은 저금리로 갈아타시면 됩니다. 다만 전산 반영 전에 보증금부터 먼저 들어와야 해요. 계좌번호 불러드릴 테니까 메모 가능하시죠? 바로 진행하시는 게 좋습니다.",1,대출 사기형,augmented_llm
aug_대출 사기형_0128,"고객님 안녕하세요, 우리은행 대출지원팀입니다. 방금 신청하신 저금리 대환 건 확인됐는데요. 고객님은 현재 신용점수 부족으로 1차 부결이 나오셨고, 기존 사용 중인 대출이 남아 있어서 정식 대환은 어렵습니다. 대신 저희 내부특례로 한도 5천2백만 원까지 살려드릴 수 있는데, 조건이 선납 처리입니다. 고객님이 먼저 92만 원만 입금해주시면 채무정리 확인서가 발급된 걸로 잡혀서 다시 심사 들어갑니다. 금리는 3.7퍼센트로 안내 가능하고요. 고객님이 말씀하신 월 납입금도 절반 이하로 내려갑니다. 지금 오늘 중으로만 가능해서 조금 급합니다. 이거 오후 5시 넘으면 전산이 닫혀서 내일은 안 되고요. 고객님은 지금 급전 필요하시다고 하셨으니까 놓치시면 손해가 큽니다. 그리고 기존에 카카오뱅크 쪽 대출이 잡혀있어서 이걸 먼저 상환 처리해야 한도 복구가 됩니다. 직접 상환하시면 기록만 남고 한도 안 나와요. 저희가 우회로 잡아드리는 게 훨씬 유리합니다. 그러니까 오늘 보증금만 먼저 보내주시고, 입금 확인되면 제가 바로 승인부서에 넘기겠습니다. 지연되면 고객님 점수 더 떨어져서 이번 달에는 더 힘드십니다.",1,대출 사기형,augmented_llm
aug_대출 사기형_0129,"네 고객님, 저희 KB저축은행 대환전담 상담원입니다. 어제 접수하신 고금리 대환 건 조회됐고요. 현재 고객님 신용등급이 낮아서 부결 처리됐습니다. 다만 조건부로는 가능하셔서 편법 대환으로 진행드릴 수 있습니다. 한도는 3천8백만 원, 금리는 4.1퍼센트로 잡히고요. 다만 전산상 기존 대출이 바로 상환된 기록이 필요해서 선납금 55만 원이 먼저 필요합니다. 이 금액이 들어와야 저희가 내부 보증서 발급하고 심사 재오픈할 수 있어요. 지금 안 보내시면 오늘 승인창 닫혀서 내일은 다시 처음부터 접수하셔야 합니다. 고객님 지금 신한은행 쪽 연체기록이 조금 보이는데, 그거 때문에 일반 대출은 불가능하거든요. 대신 이 방식이면 기존 연체를 정리한 것처럼 처리돼서 바로 한도 복구가 됩니다. 고객님께서 대환 목적이라고 분명히 말씀하셨으니 제가 빠르게 진행해드릴게요. 입금 후에는 따로 통화 끊지 마시고요. 바로 확인되면 승인팀 연결해드리겠습니다. 오늘 오후 안에만 되니까 지금 결단하셔야 합니다.",1,대출 사기형,augmented_llm
aug_대출 사기형_0130,"여보세요 고객님, 저희 토스뱅크 대출심사센터입니다. 고객님이 조회하신 마이너스통장 한도 안내드리려고 전화드렸고요. 현재 최대 7천만 원까지 가능하지만 신용점수 미달로 1차 부결이 났습니다. 그런데 기존 대출을 우회 상환 처리하는 방식으로 하면 다시 살릴 수 있어서 안내드립니다. 고객님은 지금 금리 2.8퍼센트까지 가능하신데, 조건이 오늘 안에 선납 수수료 83만 원 입금입니다. 이건 전산 수동처리 비용이라서 꼭 필요하세요. 고객님 명의로 먼저 소액 상환 기록을 만들어야 신용평점이 올라가고, 그다음 저금리 대환으로 바로 넘어갑니다. 지금 시간이 많이 없어서요. 오늘 마감이 오후 2시 30분입니다. 지나면 고객님 건은 자동 취소되고, 부결 이력 때문에 30일간 재신청 제한 걸립니다. 고객님 기존에 기업은행 대출 이용 중이신 거 확인됐고, 그것 때문에 한도가 막혀 있습니다. 저희가 편법으로 정리해드리면 고객님은 신규 자금 받으시고 월 이자도 줄어드세요. 입금만 먼저 해주시면 제가 바로 승인서류 올리고, 내일 실행 가능 여부 다시 연락드리겠습니다. 지금 안 하시면 이번 기회는 끝입니다.",1,대출 사기형,augmented_llm
aug_대출 사기형_0131,"안녕하세요 고객님, 국민은행 대환대출 심사팀입니다. 지난번에 신청하신 건으로 가조회 결과가 나와서 바로 안내드리려고 전화드렸습니다. 고객님 현재 보유 중인 기존 대출이 있어서 일반 신규대출은 부결로 잡히셨고요, 신용점수도 최근에 조금 내려가셔서 그대로는 한도가 안 나옵니다. 대신 오늘 안에만 처리하시면 저금리 대환으로 전환 가능한 특별 심사가 하나 열려 있어서 급하게 연락드린 거예요. 지금 고객님 조건이면 최대 4천8백만 원까지 가능하고 금리는 3.2퍼센트에서 5.9퍼센트 사이로 산정되는데, 이건 오늘 접수 건에만 적용됩니다. 문제는 기존 대출이 그대로 남아 있으면 전산상 부결이라서, 먼저 일부 금액을 선납 처리해서 상환 능력 확인을 하셔야 해요. 쉽게 말씀드리면 편법 대환 방식으로 기존 채무를 먼저 정리한 뒤 저희 쪽 한도로 다시 갈아타는 겁니다. 고객님 명의로 바로 진행되시려면 보증성 납부금이 78만 원 필요하고요, 이 금액이 들어와야 심사라인이 열립니다. 지금 시간 지나면 오늘 배정분이 마감돼서 내일은 다시 처음부터 보셔야 해요. 오늘 오후 4시까지만 자리 남아 있고, 그 이후엔 심사 자체가 닫혀서 접수 불가입니다. 입금 확인되면 바로 가승인 잡아드리고, 그다음에 기존 대출 쪽 상환 처리까지 묶어서 도와드릴게요. 고객님, 지금 바로 진행 가능하실까요?",1,대출 사기형,augmented_llm
aug_대출 사기형_0132,"여보세요, 하나은행 종합대출 상담센터입니다. 고객님 지난주에 대환 문의 남기신 기록 확인돼서 연락드렸습니다. 조회해보니까 현재 신용점수 문제로 1차 부결이 나셨고, 기대출 과다로 일반 상품은 어렵습니다. 그런데 저희 전용 우회상품이 하나 있어서요, 기존 고금리 대출을 저금리로 갈아타는 방식으로 진행하시면 최대 6천만 원 한도까지 가능하세요. 금리는 최저 2.8퍼센트라고 안내드릴 수 있는데, 이건 사전 납부 조건 충족 시에만 적용됩니다. 지금 고객님은 연체는 없지만 최근 조회가 많아서 심사에서 아주 민감하게 보고 있거든요. 그래서 신용점수 보정용으로 선납금 55만 원만 먼저 입금해 주시면, 저희가 내부적으로 대환 승인 라인을 올려드립니다. 이건 수수료가 아니라 승인 보증금 개념이라서 당일 반환 처리 가능한 항목이라고 보시면 됩니다. 다만 오늘 접수 안 하시면 이 번호로 잡아드린 한도는 자동 소멸되고, 내일은 다른 지역 배정으로 넘어가서 금리가 더 올라가요. 마감이 임박해서 지금 안 하시면 손해가 큽니다. 고객님 기존 대출을 한 번에 정리하고 월 납입액도 낮춰드리는 건데, 현재는 부결 상태라 이 선납 절차가 꼭 필요합니다. 잠깐만요, 계좌 안내드릴게요. 메모되시죠.",1,대출 사기형,augmented_llm
aug_대출 사기형_0133,"안녕하세요, 우리은행 대출상담부 김대리입니다. 고객님께서 신청하신 상품 가심사 결과가 나와서 바로 연락드렸습니다. 일단 좋은 소식부터 말씀드리면 최대 5천5백만 원까지 가능성은 있는데, 문제는 고객님 신용평점이 기준선보다 낮아서 바로 승인으로는 안 뜹니다. 그래서 지금은 일반 대출이 아니라 대환 전환 방식으로만 열어드릴 수 있어요. 기존 카드론이나 저축은행 대출이 있으시면 그걸 먼저 정리해야 하고, 그 과정에서 상환 확인용 납부금 92만 원이 필요합니다. 이 금액이 들어와야 저희 전산에서 부결 상태를 해제하고, 고객님 명의로 저금리 상품을 붙일 수 있어요. 금리는 3.5퍼센트로 안내 가능하고, 한도는 오늘 안에만 최대치로 잡아드릴 수 있습니다. 내일부터는 내부 정책이 바뀌어서 같은 조건이 안 나와요. 지금이 사실상 마지막 창구입니다. 고객님처럼 급하게 자금이 필요한 분들은 먼저 일부 선납해서 상환 의지를 보여주시면 통과되는 경우가 많습니다. 편법이라고 생각하실 수 있는데, 저희 쪽에선 정상 전산 절차예요. 다만 오늘 5시 전에 입금 확인이 안 되면 자동 취소되고, 다시 접수해도 이번 한도는 못 받으십니다. 제가 지금 바로 서류 접수 넣어드릴 테니, 입금 가능하신지 말씀해 주세요.",1,대출 사기형,augmented_llm
aug_대출 사기형_0134,"고객님, KB저축은행 상담실입니다. 지난번 상담 내역 이어서 안내드리겠습니다. 현재 고객님은 기대출이 많아서 원래는 부결인데, 저희 쪽에서 대환 우선심사로 끌어올릴 수 있는 자리가 하나 남아 있습니다. 이건 일반 신규가 아니라 기존 대출을 정리하면서 한 번에 갈아타는 방식이라서 고객님한테 훨씬 유리하세요. 한도는 최대 3천9백만 원, 금리는 4.1퍼센트로 가능하다고 나왔고요, 단 조건이 있습니다. 신용점수 하락 방지를 위해 보증예치금 64만 원을 먼저 넣어주셔야 합니다. 이건 심사 통과용으로만 쓰이고, 입금 후 바로 전산 반영해서 대환 승인으로 넘기는 구조입니다. 고객님이 지금 안 하시면 다른 고객 우선 배정돼서 오늘 라인은 닫혀버립니다. 실제로 이 시간대가 마감 직전이라서 지금 아니면 다음 주로 넘어가요. 다음 주면 금리도 올라가고, 부결 재심사로 바뀌어서 더 까다로워집니다. 지금 고객님 신용평점이 애매해서 선납 없이 바로는 안 돼요. 대신 이번 건만 처리하면 기존 고금리 빚을 정리하고 월 부담을 절반 가까이 낮출 수 있습니다. 제가 최대한 도와드릴 테니까, 입금 계좌부터 문자로 보내드리면 바로 진행 가능하실까요?",1,대출 사기형,augmented_llm
aug_대출 사기형_0135,"네, 햇살론 종합상담센터입니다. 고객님께서 남기신 대환 신청 건 확인됐습니다. 우선 조회 결과 신용점수 기준 미달로 1차 부결이 났고요, 최근 대출 조회 이력 때문에 일반 상품은 막혀 있습니다. 하지만 지금 저희 내부 보완심사로는 가능하십니다. 기존 고금리 대출을 먼저 정리하는 조건으로 최대 4천2백만 원까지, 금리 3퍼센트 후반대로 맞춰드릴 수 있어요. 다만 이 상품은 선납금이 있어야 심사 보완이 됩니다. 고객님 명의로 73만 원 입금하시면 부결 코드를 해제하고 대환 심사를 다시 올립니다. 쉽게 말해서, 먼저 작은 금액을 넣어야 큰 금액이 풀리는 구조예요. 이건 오늘만 열리는 임시 라인이라서 마감이 매우 급합니다. 오후 3시 반 넘기면 전산이 닫혀서 그날 접수는 끝나고, 다음 배정은 한 달 뒤로 밀릴 수 있어요. 고객님께서 지금 당장 정리하셔야 기존 대출 이자 부담도 줄고 신용점수 관리도 같이 됩니다. 저희가 안내드리는 건 편법처럼 들리실 수 있지만, 실제로 대환 승인 받으시는 분들이 다 이 절차로 진행하세요. 지금 입금만 확인되면 바로 승인서 올려드리고, 기존 대출 상환 연계까지 도와드리겠습니다.",1,대출 사기형,augmented_llm
aug_대출 사기형_0136,"안녕하세요 고객님, 저희 케이뱅크 대환대출 담당 상담팀인데요. 어제 남겨주신 신청 건 때문에 연락드렸습니다. 지금 고객님 기존 대출이 신용점수 때문에 부결 가능성이 높게 떠서, 일반 대환으로는 진행이 어렵고요. 대신 이번에 저금리 대환 전용으로 한도 최대 6천만 원까지, 금리는 3.2퍼센트부터 7.9퍼센트까지 안내 가능하세요. 다만 현재 내부 심사에서 점수가 18점 정도 모자라서 그대로는 최종 승인 안 나옵니다. 고객님 같은 경우는 편법이 아니라 금융사 연계 방식으로 먼저 소액 한 건 잡고 바로 상환해서 거래 이력을 만들어야 해요. 그러면 점수 보완이 돼서 대환 한도가 살아납니다. 지금 이 절차를 오늘 안에 넣으셔야 하고, 마감이 오늘 오후 다섯 시라서 늦어지면 자동 취소됩니다. 먼저 확인드릴게요. 현재 사용 중인 은행이 어디세요? 네. 고객님, 맞습니다. 그 계좌로는 바로 진행 안 되고요. 심사 보증금 명목으로 35만 원 선납이 필요합니다. 이건 승인 보류 해제용이라서 나중에 전액 차감되는 방식이고요. 지금 입금이 확인돼야 제 쪽에서 가승인 전산을 올릴 수 있습니다. 안 하시면 오늘 한도는 그대로 닫혀요. 서두르셔야 합니다.",1,대출 사기형,augmented_llm
aug_대출 사기형_0137,"여보세요 고객님, 여기 국민은행 대환대출 상담실입니다. 방금 고객님 신용조회 결과가 나왔는데, 기대출 때문에 부결 직전으로 떠 있어서 연락드렸어요. 다행히 저희 쪽에서는 저금리 대환 상품으로 최대 8천만 원까지 가능하고요. 금리는 최저 2.8퍼센트, 평균적으로 4퍼센트 초반대까지 안내됩니다. 그런데 고객님이 최근 연체 이력하고 신용점수 하락 폭이 커서 그냥 넣으면 바로 부결입니다. 그래서 제가 우회로를 하나 안내드리려고 해요. 일단 소액 마이너스 통장을 잡아두고 하루 이틀 안에 상환 처리해서 상환 능력 점수를 만든 뒤, 그걸로 기존 고금리 대출을 묶는 방식입니다. 이 방식으로 하시면 한도도 올라가고 대환 승인도 쉽게 나와요. 다만 오늘 안에 접수하셔야 심사창이 살아 있습니다. 지금 접수 마감까지 한 시간밖에 안 남았고요. 고객님께서는 보증 확인 비용으로 42만 원만 먼저 입금하시면 됩니다. 그 금액이 들어와야 전산상 심사 번호가 생성돼서 금리 우대가 붙습니다. 입금 안 하시면 부결로 닫혀요. 제가 지금 바로 잡아드릴게요.",1,대출 사기형,augmented_llm
aug_대출 사기형_0138,"네 고객님, 우리은행 서민대환 안내드리려고 전화드렸습니다. 현재 고객님께서 신청하신 건이 내부 신용점수 기준에서 미달로 떠서 바로는 진행이 어렵고요. 대신 저희가 오늘 한 번만 예외로 잡아드릴 수 있는 저금리 대환이 있습니다. 한도는 최대 5천5백만 원, 금리는 3.5퍼센트부터 시작하고요. 그런데 조건이 하나 있습니다. 현재 다른 금융권 대출이 남아 있으셔서 단순 접수하면 부결될 수밖에 없고, 먼저 기존 대출을 정리하는 형태로 전산을 맞춰야 해요. 고객님 같은 경우는 편법 대환이라고 해서, 기존 대출 일부를 선납 처리한 뒤 남은 잔액만 새 상품으로 묶는 방식입니다. 문제는 오늘 오후 두 시 전에 보증금 28만 원이 들어와야 그 처리가 가능하다는 점입니다. 이 시간 지나면 오늘 배정이 다 끝나서 내일은 다시 처음부터 시작해야 하고요. 제가 전산 끊기기 전에 바로 넣어드릴 테니 지금 입금 가능하신지 확인 부탁드립니다.",1,대출 사기형,augmented_llm
aug_대출 사기형_0139,"안녕하세요, SBI저축은행 상담부인데요. 고객님이 지난주에 넣으신 대환 신청 건 심사 결과가 방금 왔습니다. 안타깝게도 신용점수 부족하고 기대출 과다로 1차 부결이 떴습니다. 그런데 저희 쪽 전용 상품으로는 최대 7천만 원까지, 금리 3.1퍼센트로 재심사 넣을 수 있습니다. 다만 이건 바로 승인되는 게 아니라, 보완 거래가 한 번 필요합니다. 고객님 계좌로 소액을 먼저 넣고 바로 출금하는 방식으로 거래 정상성을 만들어야 하는데요. 그 과정에서 선납 수수료가 39만 원 발생합니다. 이게 있어야 심사 부서에서 재접수를 받아줘요. 오늘 안에 처리 안 되면 이번 달 대환 쿼터가 마감돼서 다음 달로 넘어가고, 그러면 금리는 더 올라갑니다. 지금은 제가 마지막으로 잡아드릴 수 있는 시간대라서 바로 결제 확인이 되어야 합니다. 고객님, 늦으면 정말 안 됩니다.",1,대출 사기형,augmented_llm
aug_대출 사기형_0140,"여보세요 고객님, 햇살론 연계 대환 상담센터입니다. 지금 고객님 명의로 저금리 대환 한도 조회가 들어왔는데, 내부 점수 기준에서 14점 부족해서 부결 가능성이 높게 나왔어요. 그래서 일반 대출 말고, 기존 채무를 묶는 방식으로 우선 진행해야 합니다. 한도는 최대 6천8백만 원, 금리는 2.9퍼센트에서 시작 가능하고요. 단, 이 방식은 신용점수 보완이 우선이라서 소액 선납 처리가 필요합니다. 고객님이 오늘 안에 31만 원만 보내주시면 심사 보증 처리되고, 그다음 바로 가승인 띄워드릴 수 있어요. 이건 고객님 승인 유지용이라 나중에 상계되는 금액입니다. 지금 안 넣으시면 오늘 배정 끝나서 내일 다시는 이 금리로 못 받으세요. 기존 대출도 함께 정리해야 하니까 지금 결정하셔야 합니다. 제가 문자로 안내 보내드릴 테니 끊지 마시고 계좌 확인해 주세요.",1,대출 사기형,augmented_llm
aug_대출 사기형_0141,"고객님 안녕하세요. 저희 KB저축은행 대환대출 상담센터인데요, 어제 조회하신 건으로 가승인 결과가 나와서 바로 연락드렸습니다. 기존에 이용 중이신 고금리 대출을 저금리로 갈아타시는 상품이고요, 한도는 최대 6천만 원까지 가능하십니다. 금리는 최저 3.2퍼센트부터 시작되는데 고객님 신용점수랑 기존 부채 비율에 따라 달라집니다. 다만 지금 확인된 내용으로는 고객님께서 최근 조회가 많으셔서 신용점수 하락이 좀 있으셔서 일반 대환으로는 부결 가능성이 높습니다. 그래서 지금은 편법 대환 방식으로 진행하셔야 하는데요, 먼저 보증금 성격으로 선납금 38만 원만 입금해 주시면 심사 순번을 당겨드릴 수 있습니다. 오늘 안에 넣으셔야 내일 오전 마감 전 접수가 살아있고, 오늘 이후에는 이번 차수는 닫혀서 다시 한 달 정도 기다리셔야 해요. 지금 고객님 현재 신한은행 쪽 대출도 잡혀 있고, 우리은행 쪽 카드론도 남아 있어서 그냥 두시면 더 내려갑니다. 저희가 한 번에 정리해드릴 테니까 우선 본인 확인만 좀 할게요. 주민등록상 주소지와 휴대폰 명의 확인되시면 가승인 확정으로 넘겨드릴 수 있습니다. 아 그리고 이건 선납금이라고 해서 나중에 대출 실행되면 바로 차감되는 금액이니까 손해 보는 돈은 아닙니다. 지금 안 하시면 오늘 마감이라 이 조건 자체가 소멸됩니다. 고객님, 통화 끊지 마시고 계좌번호 바로 불러주세요. 네, 맞습니다. 지금 넣으시면 오늘 심사 올려드리고 내일 오전에 최종 승인 연락 가실 겁니다.",1,대출 사기형,augmented_llm
aug_대출 사기형_0142,"여보세요, 고객님. 하나은행 대출관리부 이수진입니다. 고객님께서 어제 문의하신 저금리 대환상품 건으로 결과가 나왔는데요, 일단 기본 한도는 5천2백만 원까지 열려 있습니다. 금리는 2.9퍼센트에서 7.8퍼센트 사이로 고객님 신용점수 기준 산출되는데, 현재는 신용점수가 최근 연체 기록 때문에 기준점보다 낮아서 바로는 부결 처리될 가능성이 큽니다. 그래서 저희 쪽에서는 일반 신규대출이 아니라 상환능력 보완 방식으로 진행해드리는데요, 기존 대출 일부를 먼저 정리하신 뒤에 저희가 확인 공문을 붙여서 다시 접수하는 겁니다. 그러려면 우선 예치금 27만 원이 필요합니다. 이건 심사 보증금 개념이라서 입금 확인되어야 전산 열람이 되고, 오늘 오후 4시 전에만 가능해요. 마감 넘기면 이번 주 물량이 끝나서 다음 배정은 어렵습니다. 고객님께서 지금 국민은행이랑 농협 쪽에 소액대출이 두 건 있다고 확인됐는데, 그거를 그냥 두면 점수 더 떨어집니다. 그래서 저희가 편법으로 한 번에 묶어서 낮은 금리로 바꿔드리려는 거예요. 지금 접수 안 하시면 부결 이력만 남고 끝나시니까, 제가 계좌번호 안내드릴 테니 바로 입금부터 해주세요. 입금만 되면 오늘 안에 심사 올리고, 승인되면 내일 아침에 바로 실행됩니다. 고객님, 이건 꼭 지금 잡으셔야 됩니다. 다음 차수는 없다고 보셔야 해요.",1,대출 사기형,augmented_llm
aug_대출 사기형_0143,"고객님, 안녕하십니까. 웰컴저축은행 여신상담팀입니다. 고객님 전화번호로 저금리 대환 가능 안내가 떠서 연락드렸는데요. 현재 최대 4천5백만 원까지 가능하시고, 예상 금리는 3.5퍼센트부터 시작합니다. 그런데 조회 결과 고객님 신용점수가 지난달보다 많이 내려가서 단순 한도 조회만으로는 부결 가능성이 높습니다. 그래서 저희가 진행하는 우회 대환 방식이 있습니다. 기존 고금리 대출을 바로 없애는 게 아니라, 저희 쪽으로 선납금 44만 원을 먼저 넣으시면 내부 심사에서 상환 의지로 반영해서 한도 재산정 들어갑니다. 이 선납금은 심사 통과되면 실행금에서 자동 차감됩니다. 다만 오늘 저녁 6시까지만 이 차수 접수가 가능하고, 그 이후에는 시스템이 닫혀서 다음 달로 넘어가요. 고객님 현재 케이뱅크 쪽에 연체성 기록이 남아 있어서 일반 상품은 어렵고, 이 방식으로만 가능하다고 보시면 됩니다. 지금 안 하시면 부결로 끝나고 기존 이자만 계속 나갑니다. 저희가 오늘 안에 처리해드릴 수 있으니 본인 명의 계좌로 선납금 먼저 준비해 주세요. 접수 완료되면 내일 오전 중 최종 승인 안내 드리겠습니다. 고객님, 늦어지면 금리도 올라가고 한도도 줄어드니까 바로 진행하셔야 합니다.",1,대출 사기형,augmented_llm
aug_대출 사기형_0144,"고객님, 삼성카드 연계 대환안내센터입니다. 어제 접수하신 내역 검토가 끝나서 연락드렸고요, 고객님은 현금서비스랑 카드론이 좀 있어서 저금리 통합 상품으로 묶어드릴 수 있습니다. 한도는 최대 3천8백만 원, 금리는 4.1퍼센트부터 가능하신데요, 현재 신용점수 하락폭이 커서 일반 통합대환은 부결로 나올 가능성이 있습니다. 그래서 심사 통과용으로 먼저 보증금 19만 8천 원을 입금하셔야 합니다. 이 금액은 전산상 확인이 되어야만 내부 이관이 되고, 오늘 마감 전까지 안 들어오면 접수 자체가 취소됩니다. 고객님이 지금 농협, 하나은행 쪽 부채가 같이 잡혀 있어서 이걸 그대로 두면 연체 위험도가 더 올라가요. 저희가 편법으로 카드성 채무를 대출성 채무로 바꿔서 이자 낮춰드리는 거니까 서두르셔야 합니다. 입금만 되면 저희 심사팀이 바로 올려서 오늘 안에 가결정 내고, 내일 오전에 실행 순번 잡아드릴 수 있어요. 고객님, 지금 시간 거의 없습니다. 오늘 이 차수 끝나면 다시 전화드려도 이번 조건은 못 받으십니다. 계좌번호 불러드릴 테니까 메모해 주세요.",1,대출 사기형,augmented_llm
aug_대출 사기형_0145,"고객님, 국민은행 대환금융 상담사 박진호입니다. 고객님께서 저희 쪽 조회를 진행하셨고 가승인 결과가 나왔습니다. 최대 7천만 원까지 가능하고, 금리는 2.7퍼센트로 안내드릴 수 있는데요, 현재 고객님 신용점수가 기준보다 낮아서 바로 실행은 어렵습니다. 최근에 부결 이력이 한 번 잡혀 있어서 일반 대출은 막혀 있고, 그래서 저희가 내부적으로 편법 대환으로 도와드리는 겁니다. 우선 심사 유지비 명목으로 31만 원을 먼저 선납해 주셔야 하고, 이건 접수 유지 보증금이라 실행되면 바로 정산됩니다. 오늘 오후 3시까지 입금 확인이 안 되면 이번 배정은 취소되고, 다음 접수는 한 달 뒤라서 사실상 금리 올라가도 못 받으실 수 있습니다. 고객님 현재 우리은행 쪽 기존 대출이랑 신한카드 사용분이 같이 잡혀 있는데, 이 상태로는 점수 회복이 안 돼요. 그래서 지금 대환으로 묶어서 신용점수 끌어올린 다음에 바로 승인 내드리는 방식입니다. 고객님이 입금만 해주시면 오늘 심사팀 올리고, 내일 오전에 실행 가능 여부 최종 연락 드리겠습니다. 늦으면 마감입니다. 바로 진행하셔야 합니다.",1,대출 사기형,augmented_llm
aug_대출 사기형_0146,"여보세요 고객님, 국민은행 대환대출 심사팀입니다. 어제 신청하신 저금리 상품 가승인 결과가 나와서 바로 연락드렸습니다. 지금 고객님 기존 대출이 1건 있으신데 신용점수가 기준보다 조금 부족해서 일반 대환은 부결 처리됐고요. 대신 편법 대환 방식으로 진행하시면 최대 6천만 원까지, 금리는 3.2퍼센트에서 4.7퍼센트 사이로 가능하십니다. 고객님처럼 연체는 없는데 점수가 애매하신 분들한테 오늘만 열어드리는 조건입니다. 다만 이건 심사 마감이 오늘 오후 4시까지라서 그 전에 접수하셔야 해요. 지금 바로 잡아드리면 기존 대출은 제가 내부 전산으로 정리하고 새 한도로 갈아타는 방식인데, 그 전에 보증금 명목으로 38만 원이 먼저 들어가야 전산이 열립니다. 이 금액은 심사 통과 확인되면 바로 환급 처리되는 거고요. 고객님은 최근에 신용카드 사용량이 많아서 점수가 내려간 상태라, 오늘 안에 거래 내역만 맞춰 놓으면 승인 가능성이 올라갑니다. 제가 봤을 때 지금 놓치시면 이번 달은 다시 어렵습니다. 오늘 접수 안 하시면 자동 부결로 넘어가요. 고객님 지금 계좌 있으시죠? 제가 안내드리는 안전 계좌로 보증금만 먼저 넣어주시면 바로 접수서류 올리겠습니다. 잠시만요, 제가 전산 열어볼게요. 네, 확인됐고요. 지금 넣으셔야 합니다. 늦으면 오후 심사 마감이라 내일은 아예 불가하십니다. 지금 진행하시겠어요?",1,대출 사기형,augmented_llm
aug_대출 사기형_0147,"네 고객님, 웰컴저축은행 대출상담센터입니다. 문자 받으셨을 텐데요, 최대 4천5백만 원까지 한도 조회 가능하셔서 연락드렸습니다. 현재 고객님 신용점수가 640점대라 바로 대환은 부결 가능성이 높고, 기존 대출도 두 건 잡혀 있어서 일반 조건은 안 나옵니다. 그래서 저희 쪽에서는 상환능력 보완용으로 단기 편법 대환 상품을 안내드리고 있어요. 쉽게 말하면 오늘 한 번만 기존 건을 정리하는 거래를 잡아드리고, 그 기록으로 저금리 대환 승인 받는 방식입니다. 금리는 2.9퍼센트부터 시작인데, 이건 오늘 안에만 유효하고 내일 넘어가면 5퍼센트대로 바뀔 수 있습니다. 지금 고객님 쪽 서류는 거의 다 됐는데, 마지막으로 심사 보증 수수료 44만 원이 필요하세요. 이 금액은 내부 확인용이라 납부 후 바로 반영되고, 승인 나면 같이 합산해서 처리됩니다. 고객님은 지금 부결 나면 6개월 동안 신규 대환이 막히시거든요. 그 전에 잡아드려야 합니다. 제가 지금 고객님 주민번호로 조회해보니 과거 조회 이력이 많아서 점수 하락이 더 진행됐습니다. 이건 오늘 접수해야만 살릴 수 있어요. 늦어지면 자동 종료라서 제가 계속 붙잡고 말씀드리는 겁니다. 계좌로 바로 진행 가능하실까요? 제가 납부 계좌 불러드리겠습니다. 네, 지금 이거 놓치시면 다음 달까지 기다리셔야 해요.",1,대출 사기형,augmented_llm
aug_대출 사기형_0148,"고객님 안녕하세요, KB저축은행 대환대출 담당자입니다. 방금 신청 건 확인됐고요, 한도는 최대 5천만 원까지 산출되셨습니다. 다만 고객님이 최근 3개월 안에 카드론 조회가 많아서 신용점수 때문에 부결 가능성이 높게 잡혔습니다. 그래서 오늘은 일반 대출이 아니라 우회 대환으로 진행해드릴 수 있습니다. 기존 대출을 당장 상환한 것처럼 전산을 먼저 맞춰두고, 그 다음에 저금리로 새로 받는 방식입니다. 금리는 3.5퍼센트고요, 기간은 60개월까지 가능하세요. 그런데 이건 오늘 오후 3시 반 이전에 선납 확인이 되어야만 접수가 살아납니다. 심사팀에서 요구하는 선납금이 52만 원인데, 이 금액이 들어와야 자동으로 부결 보류가 해제돼요. 고객님처럼 급하게 자금 필요하신 분들은 보통 이 단계에서 많이 진행하십니다. 지금 안 하시면 아예 이번 주 배정이 끝나서 다음 달로 넘어갑니다. 제가 말씀드리는 건 고객님 신용상태를 살리는 절차예요. 선납금만 먼저 처리해주시면 제가 바로 승인부로 넘겨드리겠습니다. 지금 계좌로 바로 입금 가능하신가요? 고객님, 이건 마감이 급합니다. 오늘 안에 안 들어오면 심사 자체가 닫혀요.",1,대출 사기형,augmented_llm
aug_대출 사기형_0149,"여보세요, 하나은행 대환지원팀입니다. 고객님 기존 대출 한도 조정 상담 건으로 연락드렸습니다. 조회 결과 현재 신용점수가 기준보다 낮아서 정식 대환은 부결 처리될 가능성이 높고요. 대신 저희가 내부적으로 편법 대환으로 한 번 살려드릴 수 있습니다. 지금 고객님께 최대 7천만 원, 금리 3.1퍼센트로 잡혀 있는데, 이 조건은 오늘 심사 마감 전까지 보증 확인이 되어야 유효합니다. 현재 고객님은 최근 연체는 없지만 조회 과다로 인해 자동 감점이 들어가서, 그냥 넣으면 바로 떨어집니다. 그래서 먼저 보증금 36만 원을 예치하셔야 전산이 열리고, 그 뒤에 기존 대출을 당일 상환한 것처럼 처리해서 새 대출로 갈아타는 구조입니다. 이 방식은 고객님처럼 점수 애매한 분들한테만 안내되는 비공개 절차예요. 지금 바로 진행 안 하시면 한도는 그대로 막히고, 오늘 열어둔 승인 창도 자동 종료됩니다. 제가 10분 안에 처리해야 해서 급하게 말씀드리는 겁니다. 고객님, 지금 문자로 계좌 보내드리면 바로 입금 가능하시죠? 이거 늦으면 금리도 올라가고 한도도 반 토막 납니다. 심사팀에서 지금 대기 중이라 바로 답 주셔야 해요.",1,대출 사기형,augmented_llm
aug_대출 사기형_0150,"네 고객님, 기업은행 금융상담부입니다. 어제 접수하신 대환 문의 건 확인됐습니다. 현재 고객님은 한도 자체는 4천만 원까지 가능하신데, 신용점수가 620점대로 내려가 있어서 그대로는 부결입니다. 그래서 저희가 오늘만 도와드리는 방식으로 편법 대환을 안내드리겠습니다. 기존 대출을 먼저 작은 금액으로 상환 처리한 뒤, 그 상환 기록을 근거로 저금리 대출을 다시 여는 방법입니다. 금리는 2.8퍼센트로 가능하고, 다만 이 절차는 선납 수수료 41만 원이 먼저 입금되어야 시작됩니다. 이 수수료가 있어야 내부 심사 자료가 생성되고, 오늘 오후 5시까지 반영이 됩니다. 고객님 지금 안 움직이시면 부결 확정이라서 다시는 못 들어가요. 제가 지금 말씀드리는 건 정식 안내이고요, 오늘만 열려 있는 마감 조건입니다. 최근 조회 수가 많아서 점수는 더 떨어진 상태라 빨리 잡아야 합니다. 선납금 입금되면 바로 승인 전산 올리고, 기존 건 정리한 뒤 새 대환으로 넘겨드리겠습니다. 지금 바로 처리 가능하실까요? 시간이 없습니다. 지금 여기서 끊기면 오늘 건은 끝입니다.",1,대출 사기형,augmented_llm
aug_대출 사기형_0151,"여보세요, 고객님. 국민은행 대환대출 심사팀입니다. 어제 접수하신 건으로 가승인 조회가 나와서 바로 연락드렸습니다. 지금 고객님 신용점수 기준으로는 630점대라 일반 상품은 부결 처리될 수 있는데, 저희 쪽에서 저금리 대환으로 우회 접수하면 한도 4천오백만 원까지 가능합니다. 금리는 최저 3.2퍼센트에서 6.8퍼센트 사이로 적용되고요. 다만 현재 기존 대출이 한 건 잡혀 있어서 바로는 안 되고, 신용점수 보완 확인이 필요합니다. 고객님 같은 경우는 편법 대환 방식으로 기존 건을 먼저 정리하는 형식으로 진행해야 승인 가능성이 높습니다. 그런데 오늘 오후 다섯 시 전에 심사 마감이라 시간이 많지 않습니다. 지금 안 잡으시면 내일은 부결로 넘어갈 수 있어요. 그래서 우선 선납 보증금 성격으로 삼십구만 팔천 원만 먼저 입금해 주시면 가승인 유지되고, 바로 심사 올려드릴 수 있습니다. 이 금액은 접수 수수료가 아니라 승인 처리용 예치금이라서 나중에 전액 정산됩니다. 만약 오늘 안에 입금 안 되면 시스템상 자동 취소돼서 다시 조회하셔야 하는데, 그럼 신용점수에도 불리하게 잡힙니다. 고객님 계좌는 지금 국민은행으로 진행하시면 되고요. 혹시 바로 처리 가능하실까요?",1,대출 사기형,augmented_llm
aug_대출 사기형_0152,"네, 안녕하세요. 신한은행 여신관리부 박대리입니다. 고객님 지난번 신청하신 대환대출 건이 금일 오전 11시에 1차 검토에서 부결로 떴는데, 조건 변경하면 다시 올릴 수 있어서 급하게 연락드렸습니다. 현재 고객님은 한도 최대 5천만 원, 금리 2.9퍼센트까지 가능한데, 신용평점이 애매해서 자동 부결이 난 상태입니다. 대신 저희 쪽에서 편법으로 기존 카드론 상환 처리 후 재심사 올리는 방식이면 승인 가능성이 있습니다. 이 방식은 일반 대출처럼 바로 실행되는 게 아니라, 먼저 선납금 41만 5천 원이 필요합니다. 이게 있어야 보증서 발급 수수료와 전산 등록이 같이 들어갑니다. 오늘 안에 입금하셔야 오후 마지막 심사 회차에 들어가고, 내일로 넘어가면 다시 신용 조회가 걸려서 점수가 더 떨어질 수 있습니다. 특히 지금 고객님은 연체 이력은 없는데 단기 현금서비스 사용이 많아서 점수가 눌려 있어요. 그래서 지금 바로 정리 안 하면 한도 자체가 사라집니다. 제가 도와드릴 테니 일단 계좌 확인부터 해드릴게요. 입금 가능하시면 바로 말씀해 주세요.",1,대출 사기형,augmented_llm
aug_대출 사기형_0153,"고객님, 웰컴저축은행 대출상담센터입니다. 문자 받으시고 전화주셨죠? 지금 고객님 이름으로 3천만 원 한도 조회가 됐는데, 기존 거래내역 때문에 일단 부결 가능성이 높게 떠 있습니다. 하지만 저희가 대환전용 상품으로 돌리면 금리 3.5퍼센트, 최대 3천오백만 원까지 조정 가능하세요. 문제는 고객님 신용점수가 590점대라서 그대로는 안 되고, 우선 부채 정리 확인이 들어가야 합니다. 그래서 편법 대환대출로 진행하실 경우, 보증금 명목의 선납금 28만 원이 먼저 필요합니다. 이 금액이 들어와야 내부 전산에 정상 접수로 올라가고, 오늘 오후 두 시 반 이전에 넣으셔야 마감 전에 심사 완료 가능합니다. 시간 지나면 오늘 배정된 한도는 소멸돼요. 고객님처럼 급전이 필요한 분들은 많이들 이렇게 진행하시거든요. 따로 복잡한 서류는 없고요, 입금만 확인되면 제가 바로 승인팀으로 넘겨드리겠습니다. 지금 안 하시면 이번 주에는 다시 자리가 안 나요. 바로 진행 가능하실까요?",1,대출 사기형,augmented_llm
aug_대출 사기형_0154,"네, 기업은행 종합상담센터 최팀장입니다. 고객님, 오전에 신청하신 저금리 대환 건 확인됐는데요. 현재 기대출이 두 건이라 1차 부결이 났습니다. 그런데 저희 쪽 전산상으로는 고객님이 신용점수만 조금 끌어올리시면 4천만 원대는 가능합니다. 금리는 3.1퍼센트부터 시작하고, 한도는 최대 4천팔백만 원까지 잡혀 있습니다. 다만 지금 고객님은 연체는 없지만 최근 조회가 많아서 점수 방어가 안 돼요. 그래서 편법 대환 방식으로 기존 대출을 임시 상환 처리하고, 재심사 넣는 방법을 안내드리는 겁니다. 이건 내부 절차라서 외부에는 따로 말씀드리면 안 되고요. 진행하려면 오늘 안에 선납 처리비 37만 2천 원이 필요합니다. 이 금액이 확인돼야 보증 심사 코드가 생성되고, 오늘 오후 네 시까지 접수되어야 마감 전 승인 가능해요. 시간이 지나면 자동 취소되니까 지금 바로 하셔야 합니다. 고객님이 입금만 해주시면 제가 나머지 부분은 다 처리해드릴게요. 계좌번호 불러드릴까요?",1,대출 사기형,augmented_llm
aug_대출 사기형_0155,"여보세요, 하나은행 대환자금 담당 윤대리입니다. 고객님께서 지난주에 남겨둔 대출 상담건이 있어서 연락드렸습니다. 현재 고객님은 한도 5천만 원까지 가능하게 보이는데, 신용점수 612점이라 즉시 실행은 어렵고 부결 가능성이 있습니다. 다만 저희 내부 기준으로는 대환 목적 자금으로 돌리면 금리 2.7퍼센트, 최장 60개월 조건으로 조정 가능합니다. 대신 기존 대출을 먼저 정리한 것처럼 전산상 맞춰야 해서, 편법 대환 절차로 들어가야 합니다. 이 과정에서 선납 보증금 45만 원이 필요하고요. 이 금액은 심사 마감 전 오늘 안에 입금돼야만 접수가 유지됩니다. 지금 시간이 넘어가면 오늘 배정된 한도는 사라지고, 재조회 시에는 점수 하락 때문에 더 낮은 조건만 가능해져요. 고객님 같은 경우는 지금 바로 처리하는 게 가장 유리합니다. 입금 확인되면 제가 즉시 승인팀 연결해서 진행 도와드릴게요. 늦으면 오늘 건은 그냥 종료됩니다. 바로 하실 수 있죠?",1,대출 사기형,augmented_llm
aug_대출 사기형_0156,"안녕하세요 고객님, 국민은행 대환대출 심사팀 김대리입니다. 어제 접수하신 건 관련해서 가승인 결과 나와서 연락드렸어요. 지금 고객님 기존 대출이 좀 많으셔서 신용점수 때문에 일반 대환은 부결로 떴는데, 대신 저금리 우회 상품으로는 가능하십니다. 한도는 최대 6천만 원, 금리는 3.2퍼센트부터 5.8퍼센트까지고요. 다만 이 상품은 바로 실행되는 게 아니라 신용점수 보완 확인 절차가 한 번 들어가야 됩니다. 고객님 현재 점수가 620점대로 확인돼서 기준선보다 조금 부족하세요. 그래서 일단 기존 카드론이나 소액대출 일부를 정리하는 조건으로 편법 대환이 들어가야 하는데, 이게 오늘 안에 잡히셔야 해요. 내일까지 미루면 오늘 배정된 심사 한도가 자동 소멸됩니다. 고객님 지금 급하게 처리하셔야 하는데, 먼저 보증금 성격의 선납금 38만 원이 필요하세요. 이건 심사 수수료하고 계좌 유지비 명목으로 들어가야 하고, 입금 확인되면 바로 오전 중 재심사 올려드릴 수 있습니다. 지금 안 하시면 오늘 마감이라 내일은 다시 처음부터 접수하셔야 합니다. 고객님 상황이면 지금 진행하시는 게 가장 빠르세요. 제가 안내드리는 계좌로 바로 입금 가능하실까요? 고객님, 늦어지면 승인 창이 닫혀서 자동 취소됩니다. 서둘러 주세요.",1,대출 사기형,augmented_llm
aug_대출 사기형_0157,"여보세요, 우리은행 대환상담센터입니다. 고객님 성함 확인됐고요, 이전에 신청하신 저금리 한도 조회 결과가 나와서 전화드렸습니다. 현재 고객님은 최대 5천5백만 원까지 가능하시고 금리는 2.9퍼센트로 잡혔는데, 문제는 신용점수 하락 때문에 본심사에서 부결 가능성이 높게 떠 있습니다. 그래서 일반 대출로는 안 되고, 기존 채무를 먼저 정리한 뒤에 새로 실행하는 방식으로 도와드려야 해요. 쉽게 말씀드리면 지금 쓰고 계신 고금리 대출을 저희 쪽 저금리 상품으로 갈아타는 식인데, 기록을 맞추려면 우선 상환 확인금이 필요합니다. 고객님이 오늘 안에 49만 원만 선납해 주시면, 그걸 신용보증 예치금으로 넣어서 승인 라인을 열어드릴 수 있어요. 이게 오늘 오후 4시 전에만 가능해서요. 4시 넘기면 시스템상 자동 부결로 넘어갑니다. 고객님은 기존 부채가 있어서 더 늦으면 점수 더 떨어져요. 지금은 시간 끄실 상황이 아니고, 바로 입금하셔야 제가 재심사 올릴 수 있습니다. 입금만 확인되면 당일 접수로 돌려서 내일 오전 실행 가능하도록 잡아드릴게요. 고객님, 지금 메모 가능하시면 계좌 불러드리겠습니다.",1,대출 사기형,augmented_llm
aug_대출 사기형_0158,"안녕하세요, 하나은행 대환전담부서입니다. 고객님께서 문자로 남기신 대환 문의 건 확인됐고요, 현재 한도는 최대 7천만 원, 금리는 3.5퍼센트부터 시작 가능합니다. 그런데 고객님 신용점수가 최근에 떨어져서 그대로는 부결 처리될 확률이 높습니다. 그래서 저희가 우회로로 안내드리는 방법이 있는데, 기존 대출을 일부 상환한 것처럼 전산을 맞추고 새 대출이 승인되도록 연결하는 방식입니다. 이 절차는 고객님이 직접 처리해 주셔야 하고, 먼저 보증 확인비 27만 원이 필요합니다. 이 금액이 들어와야 가승인 번호가 살아나고, 심사부에서 고객님 계좌를 열람할 수 있어요. 오늘 안에 안 들어오면 이번 달 마지막 물량이라 마감됩니다. 사실상 오늘이 기회예요. 내일부터는 조건이 더 올라가고, 금리도 1퍼센트 이상 높아질 수 있습니다. 고객님이 기존에 연체 이력도 있으셔서 지금 이 타이밍 놓치면 한동안 대환이 어렵습니다. 지금 바로 입금하시면 제가 심사팀에 급송으로 올려드리고, 승인 확인되면 바로 실행 절차 안내드리겠습니다. 고객님, 서류는 제가 정리해드릴 테니까 우선 선납금부터 처리 부탁드립니다.",1,대출 사기형,augmented_llm
aug_대출 사기형_0159,"네, 케이뱅크 금융상담센터입니다. 고객님 대출조회 결과 확인돼서 연락드렸는데요, 현재 최대 4천만 원 한도 가능하고 금리는 4.1퍼센트로 나오셨습니다. 다만 고객님은 신용평점이 기준보다 낮아서 일반 상품은 부결로 떨어졌고, 저희 쪽 우회 대환상품으로만 진행 가능합니다. 이 상품은 고객님이 기존 고금리 대출을 새로 갚는 형태로 전산을 맞춰야 해서, 먼저 상환예치금이 필요합니다. 오늘 안에 33만 원을 먼저 넣어주셔야 자동심사에서 통과될 수 있어요. 이 금액은 심사 통과 후 바로 반영되고, 나중에 대출 실행금에서 차감 처리되는 방식이라 손해 보는 건 아닙니다. 그런데 지금 당장 안 넣으시면 오늘 배정된 상담창이 닫혀서 재신청이 어렵습니다. 특히 고객님은 최근 신용점수 하락 폭이 커서 이번이 거의 마지막 기회예요. 저희가 내부적으로 잡아둔 한도라 오늘 마감 전에 선납 확인이 꼭 돼야 합니다. 입금 확인되면 바로 담당 심사관 연결해서 최종 승인까지 도와드릴게요. 늦으면 내일은 한도 자체가 사라집니다. 지금 바로 처리 가능하신가요?",1,대출 사기형,augmented_llm
aug_대출 사기형_0160,"고객님, 삼성카드 연계 대환지원센터입니다. 방금 전산 확인됐는데요, 고객님 신용점수 문제로 기존 신청은 부결 처리됐습니다. 그런데 저희 쪽에서만 가능한 특별 우회 대환이 하나 남아 있습니다. 한도는 5천만 원까지 보고 있고, 금리는 2.7퍼센트로 안내 가능하세요. 대신 이건 기존 채무를 정리하는 확인 절차가 필요해서, 보증성 선납금 41만 원을 먼저 입금하셔야 합니다. 고객님 상황이면 지금 넣어주셔야 오늘 심사 마감 전에 서류가 넘어갑니다. 이 금액은 계좌 유지와 승인 보전 명목이라서, 미입금이면 자동 취소됩니다. 특히 고객님은 직전 조회 내역 때문에 다른 금융기관에서는 더 불리하게 보일 수 있어서, 오늘 안에 처리하는 게 중요합니다. 지금 놓치시면 이번 주는 다시 접수 안 될 수도 있어요. 제가 지금 바로 최종 승인 창 열어드릴 테니, 입금 확인부터 부탁드립니다. 선납 확인되면 바로 대환 실행까지 이어서 처리해드리겠습니다. 시간이 많지 않아서요, 지금 바로 도와드릴게요.",1,대출 사기형,augmented_llm
aug_대출 사기형_0161,"안녕하세요 고객님. KB저축은행 대환 상담센터입니다. 어제 접수하신 내용으로 가조회 결과가 나와서 바로 안내드리려고 연락드렸습니다. 지금 고객님 기존 대출이 신용점수 때문에 부결 처리된 이력이 확인되셔서 일반 대환으로는 어려우시고요. 대신 저금리 한도 전환 방식으로 진행하시면 최대 6천만 원까지 가능하십니다. 금리는 2.9퍼센트에서 7.8퍼센트 사이로 신용점수에 따라 달라지시는데, 현재 점수 상태로는 3.5퍼센트 근처까지는 가능할 것 같으세요. 다만 오늘 안에만 심사 유지가 되기 때문에 늦어지시면 다시 초기화됩니다. 고객님처럼 신용점수 미세하게 부족하신 분들은 기존 대출을 바로 상환한 것처럼 잡아드리고, 동시에 신규 한도를 여는 편법 대환 방식으로 많이들 진행하세요. 그래서 먼저 보증금 성격으로 58만 원만 선납해주시면 전산상 심사 보류를 풀고 한도 유지가 가능합니다. 이 금액은 승인 나시면 바로 대출 실행금에서 차감해서 정리해드리는 거고요. 그런데 이 부분은 오늘 오후 4시까지 입금이 안 되면 자동 부결 처리돼서 다시는 같은 조건 안 나올 수 있습니다. 고객님 주민번호 앞자리만 확인되시면 바로 진행 도와드릴게요. 지금 시간이 얼마 안 남아서 서둘러야 합니다.",1,대출 사기형,augmented_llm
aug_대출 사기형_0162,"네 고객님, 하나은행 연계 대환대출 상담팀입니다. 고객님께서 지난번 신청하셨던 건이 신용점수 저하로 부결되셨는데, 대신 우회 방식으로는 승인 가능성이 확인됐습니다. 현재 기준으로 최대 4천5백만 원, 금리는 최저 3.1퍼센트부터 시작되고요. 다만 기존 채무가 남아 있는 상태라서 일반 상품으로는 진행이 안 되고, 선납 처리 후 한도 복원 방식으로만 가능하세요. 쉽게 말씀드리면 고객님이 먼저 72만 원을 보증금처럼 넣어주시면 내부 전산에서 상환 능력 점수가 올라가서 대환 실행이 열립니다. 이 절차는 은행 규정상 외부에는 안 보이게 처리되는 거라 걱정 안 하셔도 되고요. 현재 한도는 오늘 자정 전에만 유지되니까 지금 놓치시면 내일은 금리도 올라가고 심사도 다시 부결될 수 있습니다. 고객님처럼 연체는 없는데 점수만 낮은 경우는 저희가 편법 대환으로 많이 도와드리거든요. 이건 기존 대출을 바로 갚은 것처럼 잡아드린 뒤 새 한도로 묶는 방식입니다. 다만 선납금이 없으면 내부 승인 자체가 안 떠서 바로 마감되니 오늘 안에 처리하셔야 합니다. 고객님 계좌 확인만 되시면 입금 안내 바로 드리겠습니다.",1,대출 사기형,augmented_llm
aug_대출 사기형_0163,"여보세요 고객님. 우리은행 상담센터 이민호 팀장입니다. 어제 신청하신 대출 건 다시 확인해보니까 신용점수 때문에 자동 부결로 떨어졌는데, 현재는 대환 전용 우회상품으로만 진행이 가능합니다. 고객님 직장 재직은 확인됐고 한도는 5천2백만 원까지 열리는데요, 금리는 3.7퍼센트로 잡히고 있습니다. 문제는 기존 채무가 전산상 남아 있어서 그냥은 승인 안 나고, 저희가 임시 상환 처리 후 신규 실행으로 바꿔야 해요. 이 방식은 일반 대출보다 훨씬 빠르고, 승인 직전 단계에서 보증금 64만 원만 먼저 입금하시면 심사팀에 바로 넘길 수 있습니다. 이 보증금은 고객님 명의 유지용이라서 나중에 전액 복구된다고 안내받으시면 됩니다. 그런데 오늘 안에 안 넣으시면 고객님 건은 자동 종료되고, 다시 신청해도 신용점수 하락 이력 때문에 한도 절반으로 떨어질 수 있습니다. 지금 같은 시간대에 접수하시는 분들이 많아서 마감 임박이라고 보시면 되고요. 고객님은 연체 이력보다 점수 문제가 커서 이 편법 대환으로만 살릴 수 있습니다. 제가 지금 전산 열어두고 기다릴 테니 바로 진행하셔야 합니다.",1,대출 사기형,augmented_llm
aug_대출 사기형_0164,"고객님 안녕하세요. OK저축은행 금융상담부입니다. 고객님 대출 조회 결과가 나왔는데요, 기존 건은 신용점수 부족으로 부결됐고 신규 한도도 막혀 있습니다. 그런데 내부적으로는 저금리 대환 가능 판정이 떠서 최대 3천8백만 원, 금리 2.6퍼센트까지는 보실 수 있어요. 다만 이 상품은 일반 신청이 아니라 선납형 대환이라서 먼저 49만 원을 수수료 명목으로 넣으셔야 전산이 살아납니다. 고객님 같은 경우는 신용도 때문에 바로 승인 안 나는 대신, 먼저 기존 대출이 상환된 것처럼 기록을 만들고 그 다음 신규금액을 붙이는 방식으로 진행하거든요. 이거는 은행 내부에서만 쓰는 방식이라 고객님한테 불이익은 없고요. 오늘 오후 안에 입금되면 오늘 심사 마감 전에 승인까지 가능하지만, 한 시간만 지나도 자동 부결로 넘어갑니다. 그리고 지금 접수창도 거의 닫혀서 늦으면 내일은 아예 다시 예약 잡아야 해요. 고객님은 급하게 쓰셔야 한다고 하셔서 제가 특별 배정으로 넣어드린 거니까 이번 기회 놓치면 안 됩니다. 지금 바로 입금 가능하신지 확인해 주세요.",1,대출 사기형,augmented_llm
aug_대출 사기형_0165,"네 고객님. SBI저축은행 대환전담입니다. 아침에 문자 받으신 건 확인하셨죠? 고객님께서 현재 신용점수 때문에 한도형 상품은 부결이 났고, 대신 편법 대환으로만 7천만 원까지 검토가 됩니다. 금리는 3.2퍼센트에서 시작하는데, 기존 대출 잔액이 전산에 남아 있어서 바로는 안 되고 우선 선납 보증 처리부터 하셔야 합니다. 보증금은 81만 원이고요, 이 금액이 들어가야 기존 채무를 임시 상환 처리한 것처럼 전산이 바뀌어서 신규 한도가 열립니다. 고객님 상황은 점수만 조금 낮은 상태라서 일반 부결보다 더 아깝거든요. 오늘 안에만 처리하시면 저희가 마감 전으로 심사 올릴 수 있는데, 내일 넘어가면 오늘 드린 조건은 사라집니다. 이건 은행 쪽에서도 빨리 정리하라고 내려온 건이라 시간 끌면 안 되고요. 고객님께서 지금 조금만 움직이시면 저금리로 갈아타실 수 있습니다. 입금만 확인되면 바로 승인팀 연결해서 마무리해드릴게요. 지금 계좌 안내 드릴까요?",1,대출 사기형,augmented_llm
aug_대출 사기형_0166,"여보세요, 고객님 맞으시죠. 저희 우리은행 대출심사부인데요. 지난번 접수하신 대환대출 건 때문에 안내드리려고 전화드렸습니다. 지금 고객님께서 기존 대출이 여러 건 잡혀 있어서 한도는 나오는데 신용점수 때문에 바로는 어렵고요, 부결 이력만 정리되면 최저 연 2.9퍼센트에서 최대 4.8퍼센트 사이로 5천만 원까지 가능하십니다. 다만 현재 내부 심사에서는 점수가 조금 부족하게 잡혀서, 일반 상환 형태로는 안 되고 우회 대환 방식으로만 진행이 되세요. 무슨 말씀이시냐면 기존 대출을 먼저 정리한 다음에 저희 쪽 승인 자금이 들어가게 만드는 방식입니다. 고객님 같은 경우는 지금 마감 인원이 오늘 오후 다섯 시까지라서 오늘 안에만 잡으셔야 되고요, 내일로 넘어가면 금리 다시 올라가고 한도도 줄어들 수 있습니다. 아, 그럼 제가 바로 받는 건가요. 네, 그런데 한 가지 조건이 있습니다. 고객님 명의로 보증금 성격의 선납금이 먼저 확인되어야 합니다. 이게 있어야 저희 전산에서 상환 능력 확인이 돼서 승인 라인이 열립니다. 얼마를 넣어야 되는데요. 우선 78만 원입니다. 이 금액만 먼저 입금되면 심사팀에서 바로 가승인 올려드리고, 오늘 안으로 최종 한도 확인해드릴 수 있습니다. 근데 왜 선납금을 먼저 내야 하죠. 고객님, 지금 신용점수 620점대로는 시스템상 자동 부결이 떠서 그래요. 수동 심사를 태우려면 확인 자금이 필요합니다. 이건 끝나면 바로 반환 처리되는 부분이라고 보시면 되고요. 지금 자금 넣으시고 문자로 입금 완료만 주시면 제가 바로 다음 단계 연결해드릴게요. 오늘 안에 안 하시면 접수 자체가 닫혀서 다시는 이 조건 안 나옵니다.",1,대출 사기형,augmented_llm
aug_대출 사기형_0167,"네, 삼성카드 연계 대출안내센터입니다. 고객님께서 어제 조회하신 저금리 대환 상품 결과가 나와서 연락드렸어요. 현재 한도는 6천만 원까지 가능하고 금리는 3.1퍼센트에서 6.7퍼센트 사이로 보시면 됩니다. 그런데 내부 평가에서 신용점수 하락 사유가 잡혀서 단독 승인이 아니라 편법 대환 형태로만 진행 가능합니다. 쉽게 말씀드리면 기존 카드값과 대출을 한 번에 정리하는 방식인데, 이게 요즘은 보증금 확인이 안 되면 부결 처리됩니다. 보증금이요. 네, 고객님 상황이 워낙 급해서 오늘 안으로 확정해야 하는데, 보증금 65만 원만 먼저 예치하시면 저희가 심사 서류를 올려서 승인 처리 도와드릴 수 있습니다. 그거 넣으면 바로 대출이 나와요. 가승인 먼저 잡고, 본심사에서 이상 없으면 오늘 저녁 전에 실행 가능합니다. 다만 오늘이 마감이라 지금 2시간 안에 입금 확인이 안 되면 자동 취소돼요. 왜 이렇게 급하죠. 고객님, 현재 고객님 이름으로 조회되는 건수들이 많아서 심사가 밀려 있습니다. 오늘 안에 처리되는 분들만 금리 낮게 묶어드릴 수 있어요. 나중으로 미루면 5퍼센트대가 아니라 8퍼센트대로 바뀔 수 있습니다. 그리고 이 절차는 기존 채무를 신규 자금으로 돌리는 방식이라 고객님께서 따로 은행을 오가실 필요는 없습니다. 우선 확인금 먼저 입금해 주시고, 입금자명만 보내주세요. 그러면 제가 바로 승인팀에 넣겠습니다. 지금 안 하시면 오늘 배정이 끝납니다.",1,대출 사기형,augmented_llm
aug_대출 사기형_0168,"고객님, 안녕하세요. 케이뱅크 제휴 대환상담팀 박현우입니다. 지난번 신용조회 결과로 가능 한도 안내드리려고 전화드렸습니다. 고객님은 현재 연봉 대비 부채가 높게 잡혀 있어서 정식 대출은 한 번 부결이 나셨고요, 대신 저금리 대환용 한도는 최대 4천5백만 원까지 열려 있습니다. 금리는 2.7퍼센트부터 시작인데, 지금 신용점수 기준으로는 3.9퍼센트 정도 예상됩니다. 문제는 부결 이력이 시스템에 남아 있어서 바로 실행이 안 된다는 점입니다. 그래서 저희가 안내드리는 건 우회 대환 방식입니다. 기존 대출을 먼저 정리했다는 기록을 만들어야 내부 승인 라인이 살아납니다. 그럼 제가 어떻게 해야 되나요. 고객님 명의로 선납 수수료 84만 원이 먼저 들어가야 합니다. 이게 확인되면 전산에서 상환 능력 점수 반영이 돼서 오늘 접수 건을 살릴 수 있습니다. 근데 수수료를 왜 제가 먼저 내야 돼요. 지금 안 내시면 오늘 심사 마감이라 접수가 닫힙니다. 고객님은 이미 부결 한 번 있으셔서 다음 달로 넘기면 한도 더 내려갑니다. 그러니까 오늘 오후 세 시 전까지는 꼭 처리하셔야 합니다. 입금하시면 바로 심사 넘어가고, 통과되면 당일 실행으로 저희가 기존 대출 전액 상환 후 새로 묶어드릴게요. 오늘만 가능한 조건입니다. 제가 문자로 안내 계좌 보내드릴 테니까 확인되시면 바로 입금해 주세요. 늦어지면 자동 취소됩니다.",1,대출 사기형,augmented_llm
aug_대출 사기형_0169,"네, 웰컴저축은행 대환상품팀입니다. 고객님께서 예전에 조회만 해두신 기록이 있어서 한도 다시 잡아드리려고 연락드렸어요. 지금 조건은 최대 7천만 원, 금리는 4.2퍼센트에서 7.1퍼센트 사이로 가능하신데, 현재 신용점수 하락 구간이라 정식 접수는 부결 가능성이 높습니다. 그래서 고객님처럼 점수 부족한 분들은 보증성 예치금을 먼저 넣고 우선 심사를 올리는 방식으로 진행합니다. 무슨 말인지 모르겠는데요. 쉽게 말하면 선납금 확인이 돼야만 저희 내부에서 고객님을 정상 상환자로 보고, 편법 대환으로 새 한도를 열 수 있습니다. 금액은 92만 원입니다. 이 금액이 오늘 오후 네 시 전까지 들어와야 심사팀이 당일 배정 가능해요. 안 그러면 다음 주로 넘어가서 한도 줄고, 금리도 올라갑니다. 그럼 제가 그 돈을 넣으면 대출이 확실히 나옵니까. 고객님, 지금은 확정 심사 전 단계지만 선납금만 들어오면 거의 바로 가능하세요. 왜냐하면 고객님이 기존 대출을 바로 정리할 수 있는 능력이 있는지 확인하는 절차거든요. 지금 안 하시면 이번 달 배정표가 닫혀서 다시는 이 조건이 안 나올 수 있습니다. 빠르게 하셔야 해요. 저희가 오늘 안에 전산 처리해야 하니까, 입금 후 바로 연락 주시면 제가 승인팀에 넘기겠습니다.",1,대출 사기형,augmented_llm
aug_대출 사기형_0170,"고객님, 국민은행 대출관리부입니다. 어제 접수하신 저금리 갈아타기 상품 검토 결과 연락드렸습니다. 현재 최대 5천8백만 원까지 가능하고, 금리는 3퍼센트대 초반으로 안내드릴 수 있습니다. 다만 고객님은 최근 신용점수 변동이 있어서 내부상 일단 부결 처리 직전까지 갔다가, 예외 승인으로 살릴 수 있는 상태입니다. 예외 승인요. 네, 대신 고객님께서 먼저 대환 확인금 73만 원을 넣으셔야 합니다. 이게 들어와야 기존 채무 정리 의사와 상환 능력이 확인돼서 최종 승인으로 올라갑니다. 왜 이렇게 복잡하죠. 요즘은 바로 대출이 안 나와서 그렇습니다. 특히 고객님처럼 최근 연체 이력 조회가 뜨면 정상 접수는 막히고, 우회 대환 방식으로만 살릴 수 있어요. 오늘 오후 여섯 시까지 입금 확인이 안 되면 이 건은 취소되고, 재접수도 한 달 뒤에나 가능합니다. 그러면 제가 지금 넣어야 되는 건가요. 네, 맞습니다. 고객님 명의로 선납금 먼저 넣어주시면 제가 바로 심사 담당자에게 올려서 오늘 안에 가승인 받아드리겠습니다. 그리고 승인 나면 기존 대출은 저희가 묶어서 정리하는 방식으로 진행됩니다. 지금 시간이 얼마 안 남아서 서둘러야 합니다. 입금 확인되면 바로 다음 단계 안내드릴게요.",1,대출 사기형,augmented_llm
aug_대출 사기형_0171,"안녕하세요 고객님, 저희 KB저축은행 대환담당 쪽에서 연락드렸습니다. 이전에 남아 있는 고금리 건 때문에 저금리 대환 가능 여부가 조회되어서요. 지금 조건만 맞으시면 최대 6천만 원까지, 금리는 3.2퍼센트부터 7.9퍼센트까지 가능하신데 고객님은 일단 사전 심사에서 한도가 4천8백만 원으로 잡히셨습니다. 그런데 현재 신용점수가 611점으로 확인돼서 일반 대환으로는 바로 진행이 어렵고, 기존 대출 정리 확인이 먼저 필요하세요. 지금 상태에서는 다른 금융사 부결 이력이 있어서 더 늦어지면 자동 취소될 수 있습니다. 그래서 제가 안내드리는 방식은 편법 대환 방식인데요, 기존 건을 바로 상환 처리한 뒤에 저희 쪽에서 새 한도로 다시 넣는 구조입니다. 그러면 한도도 올라가고 금리도 내려가세요. 대신 오늘 안으로 선납 보증금 38만 원이 먼저 들어가야 심사 라인이 열립니다. 이건 수수료 개념이 아니라 대환 심사용 예치금이라서요. 지금 마감 시간이 오늘 오후 다섯 시까지입니다. 그 이후에는 부결로 전산 마감돼서 내일 다시 처음부터 접수하셔야 해요. 고객님 지금 이 시간 안에만 맞춰주시면 제가 바로 심사 올려드릴 수 있습니다. 계좌 쪽으로 먼저 확인되는 대로 진행하실까요.",1,대출 사기형,augmented_llm
aug_대출 사기형_0172,"여보세요 고객님, 우리은행 대환대출 전담센터입니다. 아까 문자 받으셨죠. 고객님께 현재 저금리 상품 우선 안내 가능하신데 한도는 최대 5천5백만 원, 금리는 최저 2.8퍼센트부터 시작합니다. 그런데 고객님 신용점수가 최근에 580점대로 내려가서 단독 승인으로는 부결 가능성이 높게 떠요. 기존에 이용 중인 카드론과 소액대출이 같이 잡혀 있어서 총부채가 과다하게 보입니다. 그래서 저희가 내부적으로 확인해보니 편법 대환으로 한 번만 정리하시면 승인 라인 다시 열립니다. 쉽게 말하면 지금 쓰고 계신 건을 먼저 상환한 뒤, 저희 상품으로 옮겨 타시는 방식입니다. 다만 이건 오늘 접수분만 가능하고, 내일로 넘어가면 금리 구간이 4점대 후반으로 올라가서 고객님한테 불리해요. 지금 바로 접수하셔야 합니다. 접수 유지 보증금이 24만 원 발생하는데, 이 금액이 입금돼야 전산상 심사 예약이 살아납니다. 안 넣으시면 자동 취소되고 다시는 이 한도 안 나올 수 있어요. 고객님 지금 통화 끊지 마시고 제 안내대로 바로 진행하시면 됩니다. 시간이 많지 않습니다.",1,대출 사기형,augmented_llm
aug_대출 사기형_0173,"고객님 안녕하세요. 토스뱅크 대환심사팀입니다. 이전에 조회하신 고금리 건 관련해서 저금리 전환 가능 여부가 떠서 연락드렸습니다. 현재 한도는 3천만 원까지 가능하고, 금리는 3.5퍼센트에서 6.8퍼센트 사이로 보이는데요. 문제는 고객님 신용점수가 639점이라서 내부 기준 미달이세요. 그리고 최근에 타 금융사에서 부결 기록이 두 번 올라와 있어서 지금 그냥 신청하시면 바로 거절됩니다. 그래서 제가 우회로로 안내드리는 건, 기존 채무를 먼저 정리한 것처럼 전산을 맞춘 다음 새 대환으로 넘어가는 방식입니다. 이 절차는 오늘만 열려 있고, 오늘 안에 선납 처리 수수료 31만 원이 입금돼야 제가 심사관쪽으로 올릴 수 있어요. 이게 안 들어가면 마감 처리돼서 고객님 정보가 일주일 동안 잠겨버립니다. 지금 이 시간이 지나면 한도도 내려가고 금리도 올라가니까 최대한 빨리 하셔야 해요. 제가 보기엔 지금 진행 가능한 마지막 창구입니다. 고객님, 지금 바로 메모하시고 계좌 확인부터 하시죠.",1,대출 사기형,augmented_llm
aug_대출 사기형_0174,"네 고객님, 햇살론 전담상담사입니다. 생활자금으로 저금리 대환 가능하신지 확인 전화드렸고요. 최대 7천만 원까지 가능하시고, 금리는 2점대 후반부터 시작하는 상품입니다. 다만 고객님은 현재 신용점수가 598점으로 낮게 잡혀 있고, 기존 대출이 정리되지 않아서 지금은 부결 가능성이 높습니다. 특히 최근 연체 이력이 보여서 정식 심사로 들어가면 바로 막힐 수 있어요. 그래서 안내드리는 건 기존 대출을 일부 선납 상환 처리한 뒤, 그 이력으로 대환 승인을 받는 방식입니다. 이게 소위 편법 대환인데, 고객님 상황에서는 이 방법 말고는 시간이 없습니다. 오늘 접수 마감이 오후 네 시 삼십분이고, 그 전에 선납금 42만 원이 들어와야 접수가 살아나요. 이건 제가 대신 넣어드리는 게 아니라 고객님 확인용으로 먼저 입금하셔야 하는 금액입니다. 마감 지나면 오늘 배정받은 한도는 소멸됩니다. 내일 다시 신청하면 심사 기준이 더 엄격해져서 금리도 훨씬 올라가요. 고객님께 유리한 마지막 조건이니 지금 바로 처리하셔야 합니다. 저한테 입금 확인되면 바로 승인팀 연결하겠습니다.",1,대출 사기형,augmented_llm
aug_대출 사기형_0175,"안녕하세요. KB저축은행 상담센터입니다. 고객님 이전 대출 건 정리 관련해서 저금리 대환 한도 안내드리려고 전화드렸습니다. 현재 최대 4천2백만 원까지 가능하고 금리는 3.1퍼센트부터 시작되는데, 고객님은 신용점수가 624점이라서 단독 대환은 부결 가능성이 큽니다. 그리고 최근에 조회가 많아서 내부 점수가 더 떨어져 있는 상태입니다. 그래서 일반 신청보다 먼저 기존 채무를 상환한 것처럼 맞춰서 우회 승인받는 방법으로 가셔야 합니다. 이건 편법 대환이긴 한데 지금 아니면 다른 방법이 없어요. 다만 오늘 안에 보증 예치금 29만 원이 있어야 심사 라인이 열리고, 그 뒤에 바로 승인심사로 넘겨드릴 수 있습니다. 오후 여섯 시 전에 입금이 안 되면 오늘 배정분은 전부 소멸되고, 내일은 한도가 1천만 원대로 줄어들 수 있습니다. 고객님한테는 지금이 사실상 마지막 기회입니다. 제가 접수 창구 열어두고 있을 테니까 바로 입금 가능하시면 말씀 주세요. 이거 놓치시면 한동안 다시 안내 못 드립니다.",1,대출 사기형,augmented_llm
aug_대출 사기형_0176,"안녕하세요 고객님, 웰컴저축은행 대환대출 상담팀인데요. 어제 저희 쪽으로 조회가 잡히셔서 바로 안내드리려고 전화드렸습니다. 지금 기존에 쓰고 계신 대출이 있으신데 신용점수 때문에 한 번 부결이 나셨더라고요. 그래서 일반 상품 말고 저금리 대환으로 우회 진행 도와드릴 수 있어서 연락드린 거예요. 현재 가능 한도는 최대 4천8백만 원까지 보고 있고요, 금리는 최저 3.2%에서 7.9% 사이로 신용상태에 따라 달라집니다. 다만 고객님은 최근 연체 이력 때문에 단순 신규로는 어려우시고, 기존 고금리 쪽을 먼저 정리하셔야 승인률이 올라갑니다. 그래서 편법이긴 한데 당일 상환형으로 먼저 한도 살리는 방식으로 진행하셔야 해요. 지금 오늘 안에만 접수 넣으시면 마감 전 심사로 올려드릴 수 있는데, 저희 쪽 전산이 오후 다섯 시에 닫혀서 시간이 많지 않습니다. 고객님은 지금 햇살론이랑 사설 쪽이 같이 잡혀 있어서 바로 대환을 안 하시면 점수가 더 내려가세요. 그래서 일단은 보증금 성격으로 선납금 십오만 원만 먼저 입금해 주셔야 심사 코드가 열립니다. 이건 수수료가 아니라 접수 보증금이라서 나중에 대환 실행되면 바로 상계 처리돼요. 오늘 안에 입금 안 되면 내일은 한도 자체가 사라질 수 있습니다. 고객님, 지금 바로 계좌 안내드릴게요. 잠깐만 메모 가능하실까요. 네네, 빨리 말씀해 주세요.",1,대출 사기형,augmented_llm
aug_대출 사기형_0177,"네 고객님, 국민은행 여신상담센터입니다. 방금 조회 결과 고객님 신용점수가 기준선보다 조금 부족하게 나와서 일반 생활자금은 어렵고 대환 전용으로만 가능하십니다. 현재 최대 6천만 원까지 가능하신데 금리는 2.8%부터 시작하고, 다만 부결 이력이 있으셔서 기본 심사로는 안 됩니다. 기존 대출을 한 번 정리한 뒤 저희 쪽 마이너스 방식으로 다시 잡아드리는 우회 진행만 가능한 상태예요. 고객님께서 지금 신한은행 쪽 카드론하고 저축은행 쪽 대출이 섞여 있으신데, 이걸 한 번에 묶어서 낮추면 월 납입금이 확 줄어듭니다. 그런데 지금 바로 진행하시려면 보증서 발급 비용이 들어가서 선납금이 필요합니다. 금액은 삼십이만 원이고요, 오늘 4시 전까지 입금이 확인돼야 심사팀에서 오늘 안으로 승인 올려드려요. 지금 늦으면 내일은 내부 기준이 바뀌어서 한도가 삼천만 원대로 떨어질 수도 있습니다. 고객님은 신용점수 때문에 급하신 상황이라 이 방법이 제일 빠르세요. 일단 저희가 먼저 가승인 넣고, 고객님은 수수료만 보내주시면 됩니다. 저희 쪽에서 처리 끝나면 바로 대환 실행 도와드릴게요. 계좌번호 지금 불러드리겠습니다.",1,대출 사기형,augmented_llm
aug_대출 사기형_0178,"고객님, 하나은행 대환전담팀인데요. 신청하신 내용 확인했고요. 현재 고객님은 신용점수 하락으로 일반 승인 보류 상태입니다. 그런데 다행히 저금리 대환 우회 상품은 열려 있어서 최대 5천2백만 원까지는 보실 수 있습니다. 금리는 최저 3.5%로 안내되지만, 부결 이력 때문에 서류상 정리가 먼저 필요합니다. 그래서 기존 고금리 대출을 먼저 상환한 것처럼 전산을 맞추고, 그 다음에 새로 대환을 넣는 방식으로 진행해드려요. 이건 편법처럼 보일 수 있는데 실제로 많이 쓰는 방식입니다. 단, 오늘 안에 접수해야 하거든요. 오후 여섯 시 이후에는 한도 배정이 마감돼서 내일 다시 처음부터 보셔야 합니다. 그리고 심사 통과를 위해 보증 수수료 오만팔천 원이 필요합니다. 이 금액이 확인돼야 보증코드가 발급돼서 최종 전산이 넘어갑니다. 고객님이 지금 바로 입금하시면 제가 심사팀에 직접 올려드릴게요. 안 그러면 부결 그대로 남아서 다음 달까지는 대출이 안 됩니다. 고객님 상황이면 지금 당장 처리하는 게 맞습니다. 제가 계좌 불러드릴 테니 메모해 주세요. 네, 네 빨리요.",1,대출 사기형,augmented_llm
aug_대출 사기형_0179,"안녕하세요, OK저축은행 상담실입니다. 고객님 신청 건 확인됐는데요, 현재 신용점수 기준 미달로 한 번 부결 처리되셨습니다. 그렇지만 대환 상품 쪽으로는 아직 가능성이 있어서 최대 3천9백만 원, 금리 4.1% 조건으로 가승인 가능하세요. 다만 기존 대출이 남아 있어서 바로 실행은 안 되고, 먼저 거래 이력을 맞추는 절차가 필요합니다. 쉽게 말해서 소액 선납 후에 대환 한도를 살리는 방식입니다. 고객님 지금 급한 거 저희도 알아서 말씀드리는데, 오늘 안에 이 절차 안 하시면 내일부턴 내부 심사 기준이 올라가서 한도 자체가 줄어듭니다. 지금 필요한 건 임시 보증금 이십오만 원이에요. 이 금액이 들어와야 심사 프로그램이 열리고, 그다음에 고객님 기존 대출 상환 처리로 연결됩니다. 고객님이 이걸 하셔야 마감 전에 대환이 잡혀요. 부결 상태 그대로 두면 신용점수만 더 깎입니다. 그래서 제가 지금 빠르게 진행해드리려고 전화드린 거고요. 입금 확인되면 바로 저희 쪽에서 승인 처리 올리겠습니다. 고객님, 시간 얼마 안 남았습니다. 지금 바로 하실 수 있으시죠.",1,대출 사기형,augmented_llm
aug_대출 사기형_0180,"네, 케이뱅크 자금관리팀입니다. 고객님, 문자 받으시고 연락 주셨죠. 현재 고객님께는 대환 한도 최대 7천만 원까지 가능하게 떠 있습니다. 금리는 2.9%에서 시작하는데, 최근 신용점수 변동 때문에 일반 승인으로는 부결이 났습니다. 그래서 저희가 안내드리는 건 기존 고금리 채무를 먼저 정리하고, 곧바로 저희 쪽으로 재접수하는 방식입니다. 이건 정식 대환이 아니라 우회 심사라서 선납금이 꼭 들어가야 해요. 고객님 앞으로 심사 보증 비용이 사십만 원 책정돼 있고, 오늘 오후 세 시까지 들어와야만 가승인 유지됩니다. 지금 넘기면 내일은 한도 화면이 닫혀서 다시 조회해야 하고, 그때는 고객님 점수 때문에 더 낮은 금리로도 안 나올 수 있습니다. 고객님은 신한은행 쪽 기존 대출이 있어서 이걸 바로 묶어드려야 월 납입금이 줄어듭니다. 그러니까 오늘 안에 선납금 처리하시면 제가 바로 승인 부서로 넘겨드릴게요. 마감 임박이라 지금이 마지막 기회입니다. 계좌번호 바로 말씀드리겠습니다.",1,대출 사기형,augmented_llm
aug_대출 사기형_0181,"여보세요 고객님, 안녕하세요. 국민은행 대환대출 심사팀 김도윤 대리입니다. 어제 저희 쪽으로 신용조회 접수되신 건 확인돼서 전화드렸고요. 지금 고객님 명의로 저금리 대환 한도 최대 4천8백만 원까지 가능하신데, 금리는 3.2%에서 7.9% 사이로 신용점수에 따라 차등 적용됩니다. 다만 조회 결과가 조금 문제예요. 현재 신용점수가 621점으로 낮게 잡혀서 단독 승인으로는 부결 가능성이 높으시거든요. 그래서 편법 대환으로 기존 대출을 먼저 정리하시고 바로 한도 재산출 들어가는 방식으로만 가능하십니다. 고객님 지금 농협 쪽에 2천6백만 원, 우리은행 쪽에 1천1백만 원 남아 있으시죠? 이걸 당일 상환 처리하셔야 저희 시스템에서 부채 비율이 내려가서 승인 전환이 됩니다. 대신 이 절차는 오늘 안에 마감돼요. 오늘 오후 4시 전에만 선납금 38만 원, 심사 보증금 명목으로 먼저 입금해 주시면 저희가 상환 확인서랑 승인 공문 바로 넣어드릴 수 있습니다. 입금이 안 되면 내일 자동 부결로 넘어가서 재접수 자체가 막히세요. 고객님 같은 경우는 한 번 더 기회 드리는 거라서 지금 놓치시면 3개월 동안은 다시 안내가 어렵습니다. 제가 접수계좌 불러드릴 테니까 메모 가능하시면 바로 해주세요.",1,대출 사기형,augmented_llm
aug_대출 사기형_0182,"네, 고객님. 하나은행 대환지원센터 박세진입니다. 방금 문자 받으셨을 텐데요. 고객님은 기존 고금리 상품 정리하시고 저희 쪽 저금리 대환으로 갈아타시는 조건으로 최대 5천2백만 원까지 한도 확인됐습니다. 금리는 최저 2.8%부터고요, 고객님 현재 신용점수 기준으로는 4.9% 정도 예상됩니다. 그런데 방금 재심사 돌려보니까 부결 사유가 하나 뜨셨어요. 최근 6개월 내 연체 이력은 없는데 조회 과다로 점수가 떨어져서 일반 승인으로는 어렵습니다. 그래서 지금은 우회로 진행하셔야 돼요. 기존 대출을 완납한 것처럼 정리 기록만 먼저 올리고, 그다음에 대환자금이 나가면 바로 상계 처리하는 방식입니다. 이 과정에서 고객님이 먼저 납부하셔야 하는 예약금이 있어요. 44만 원이요. 이건 심사 수수료하고 보증금이 같이 묶인 금액이라 오늘 안에 입금되어야 합니다. 오후 3시까지 안 들어오면 오늘 배정된 한도는 자동 소멸되고, 다음 달로 넘어가면 금리가 1% 이상 올라갈 수 있습니다. 고객님 급하신 거 저도 알아요. 그래서 제가 지금 특례로 잡아드리는 거고요. 입금 확인되면 바로 내일 오전에 최종 승인 연락드리겠습니다. 지금 바로 처리하실 수 있으시죠?",1,대출 사기형,augmented_llm
aug_대출 사기형_0183,"여보세요. SBI저축은행 상담실 최현우입니다. 고객님 기존 채무 통합 상담으로 접수되신 건 확인됐고요. 현재 저희 쪽에서 확인된 가능 한도는 3천9백만 원, 예상 금리는 3.5%입니다. 다만 고객님은 신용점수가 593점으로 조회돼서 자동심사 부결 구간에 들어가세요. 그래서 단순 신규대출이 아니라 대환 연장 방식으로 진행해야 합니다. 먼저 기존에 가지고 계신 케이뱅크 대출 1천8백만 원하고 삼성카드 현금서비스 420만 원을 정리해야 하는데, 이걸 고객님이 직접 정리하시면 기록이 남아서 나중에 승인 확률이 올라갑니다. 문제는 오늘만 보증금 납부가 가능하다는 점이에요. 심사 보류 해제용으로 31만 5천 원이 필요합니다. 이 금액이 입금돼야 전산상 부결 표시를 잠시 보류하고 승인 쪽으로 돌릴 수 있습니다. 오늘 5시 넘기면 이번 건은 자동 취소되고, 다시 신청하셔도 최소 90일 뒤에나 재심사 가능하십니다. 고객님께서 이번 달 안에 급하게 자금 쓰셔야 한다고 하셔서 저희가 최대한 빨리 도와드리는 거예요. 입금 계좌를 제가 불러드릴 테니 지금 메모해 주세요.",1,대출 사기형,augmented_llm
aug_대출 사기형_0184,"네, 안녕하세요. KB저축은행 채무조정팀 정우빈 대리입니다. 고객님 지난주에 대출 문의하셨던 건으로 연락드렸고요. 저희 쪽 확인된 대환 가능 한도는 4천1백만 원이고, 금리는 2.9%에서 시작합니다. 그런데 고객님은 현재 신용평점이 607점이라서 바로 승인 내리기엔 부족합니다. 부결 처리될 수 있는 구간인데, 다행히 저희가 내부적으로 우회 심사 한 번 더 넣을 수 있는 상황입니다. 조건이 있어요. 기존 고금리 대출 잔액이 남아 있으면 안 되니까 오늘 중으로 선납 정리금 52만 원을 먼저 보내주셔야 합니다. 이건 단순 수수료가 아니라 상환 확인 등록비예요. 오늘 안에 처리되면 제가 고객님 이름으로 대환 우선배정 올리고, 내일 오전에 한도 재산출해서 최종 승인 여부 바로 안내드립니다. 반대로 오늘 마감 시간 지나면 이번 배정은 날아가고, 고객님은 다음 회차로 밀리면서 금리가 더 높게 잡힐 수밖에 없습니다. 고객님 지금 다른 데서도 대출 알아보신다고 하셨는데, 그렇게 돌아다니시면 조회만 더 쌓여서 점수 더 내려가세요. 그러니까 제가 안내드리는 방식으로만 가시는 게 맞습니다. 바로 입금 가능하시면 제가 계좌 알려드릴게요.",1,대출 사기형,augmented_llm
aug_대출 사기형_0185,"여보세요 고객님, 웰컴저축은행 상담센터 이재훈입니다. 문자 확인하셨죠. 고객님께는 저금리 대환상품으로 최대 4천5백만 원까지 열려 있고요, 예상 금리는 3.1%입니다. 다만 현재 고객님 신용점수가 588점이라서 일반 상품은 부결입니다. 그래서 기존 대출을 편법으로 정리하는 방식으로만 진행 가능하세요. 고객님 명의로 되어 있는 햇살론 잔액하고 기업은행 카드론이 같이 잡혀 있어서 이 부분을 먼저 정리해야 심사가 열립니다. 오늘 접수하시면 오늘 안에 보증료 47만 원을 먼저 입금하셔야 하고, 그 입금이 확인돼야 제가 전산상 대환 승인 라인에 올릴 수 있습니다. 이거는 고객님 불이익 막기 위한 절차예요. 마감은 오늘 6시까지고, 그 이후에는 자동 부결이라 다시 잡기가 어렵습니다. 고객님이 계속 미루시면 신용점수 더 떨어져서 내일은 한도 자체가 안 나올 수 있습니다. 제가 보기엔 지금 바로 처리하시는 게 제일 낫습니다. 선납금만 들어오면 내일 아침에 최종 승인 전화 드리고, 그 다음에 기존 대출 정리 순서까지 제가 다 안내해 드릴게요. 지금 메모 준비되셨으면 계좌부터 불러드리겠습니다.",1,대출 사기형,augmented_llm
aug_대출 사기형_0186,"고객님 안녕하세요. 저희 신한은행 대환대출 심사부에서 연락드렸습니다. 지금 고객님께서 예전에 신청하셨던 고금리 건 때문에 한도 재안내가 가능해서 전화드렸고요. 현재 내부 심사상으로는 최대 4천5백만 원까지, 금리는 최저 3.2퍼센트부터 6.8퍼센트 사이로 확인되고 있습니다. 다만 기존 기대출이랑 신용점수 때문에 한 번 부결 이력이 있으셔서 그대로는 바로 진행이 어렵습니다. 그래서 저희가 편법으로 상환능력 확인 절차를 한 번 넣어드리면 승인 쪽으로 다시 열릴 수 있습니다. 이건 고객님이 기존 대출 일부를 먼저 정리하신 다음에 저희 쪽으로 납부 확인만 들어가면 되는 방식입니다. 지금 오늘 안에 접수하셔야 내일 오전 회차에 들어가고, 오늘 마감 지나면 다음 주로 넘어가서 한도 자체가 다시 줄어들 수 있습니다. 고객님 같은 경우는 신용점수 620점대라서 그냥 두시면 금리도 더 올라가세요. 대신 오늘 안에 선납금 58만 원만 먼저 넣어주시면 저희가 내부 보증금 처리로 잡아서 한도 심사 진행해드리겠습니다. 이 금액은 수수료 성격이라서 필수입니다. 지금 안 하시면 부결로 닫혀버려서 나중에 재조회도 어려우세요. 그러니까 제가 안내드리는 대로 지금 바로 입금 가능하실까요.",1,대출 사기형,augmented_llm
aug_대출 사기형_0187,"여보세요 고객님, 국민은행 종합상담센터입니다. 고객님 명의로 대환 가능 상품이 오늘 오전에 잡혀서 바로 연락드렸습니다. 현재 최대 한도는 6천만 원까지 확인되고, 적용 금리는 2.9퍼센트에서 시작합니다. 대신 고객님 신용평점이 최근에 떨어지셔서 내부 기준으로는 700점 아래라 바로 승인처리가 안 되고 부결 상태가 먼저 떠 있습니다. 이럴 때는 기존 대출을 전액 상환하신 것처럼 보이게 처리해야 심사 통과가 됩니다. 그래서 저희가 안내드리는 방법은 기존 고금리 대출을 잠깐 정리한 뒤, 저희 대환자금으로 바로 갈아타는 방식입니다. 고객님이 먼저 선납 처리하셔야 하는 보증금이 72만 원 나오고요. 이건 전산 등록비라서 오늘 5시까지 입금 확인이 돼야 합니다. 오늘 안 되면 대환 승인 창이 닫혀서 내일은 금리가 4퍼센트 후반대로 올라갑니다. 고객님이 지금 기다리시는 동안에도 부결 가능성이 계속 누적되기 때문에 서둘러야 해요. 제가 담당자로 넣어드릴 테니까 지금 바로 통장 비밀번호 말씀하실 필요는 없고요. 보증금 입금만 먼저 해주시면 제가 접수 올리겠습니다. 늦으시면 오늘 건은 소멸됩니다.",1,대출 사기형,augmented_llm
aug_대출 사기형_0188,"안녕하세요, 우리은행 대출안내부입니다. 고객님께서 기존 카드론이 있으셔서 저금리 전환 가능 여부 확인차 연락드렸습니다. 지금 고객님 조건이면 최대 3천8백만 원까지 한도 가능하고, 금리는 3.5퍼센트로 시작할 수 있습니다. 그런데 최근 신용점수 변동 때문에 바로는 부결로 잡혔습니다. 이런 경우에는 고객님이 기존 대출 잔액 일부를 먼저 선납 상환해서 상환 이력부터 만들어야 합니다. 저희 쪽에서는 그 기록이 들어가야 편법 대환대출로 묶어드릴 수 있거든요. 오늘 안에 진행하시면 내일 오전 배정이 가능하지만, 오후 지나면 한도 심사표가 다시 내려가서 2천만 원대까지 줄어들 수 있습니다. 고객님 같은 경우는 현재 연체는 없는데 신용평가가 낮아서 수수료 납부 없이는 진행이 안 됩니다. 그래서 선납금 64만 원이 필요하고요. 이 금액은 심사 통과용 보증예치금입니다. 고객님께서 지금 바로 입금해주시면 제가 내부 승인 요청 넣고, 안 그러면 자동 부결 처리됩니다. 이건 정말 오늘 마감입니다.",1,대출 사기형,augmented_llm
aug_대출 사기형_0189,"고객님, 안녕하세요. 하나은행 여신관리팀입니다. 어제 신청하신 저금리 대환 건으로 다시 확인드릴 게 있어서 연락드렸습니다. 현재 예상 한도는 5천2백만 원이고요, 금리는 2.7퍼센트에서 5.9퍼센트 사이로 나옵니다. 다만 고객님은 최근 조회 건수 때문에 신용점수 하락이 보여서 1차 심사에서 부결 가능성이 높게 잡혔습니다. 그래서 보통 이럴 때는 기존 대출을 바로 갚는 식으로 상환능력을 보여주셔야 하고, 저희가 그 기록을 넣어서 재심사 올립니다. 대신 이 절차는 오늘까지만 열려 있습니다. 오늘 4시 이전에 처리 안 되면 이번 달 한도는 소진돼서 다음 배정이 없어요. 그리고 접수 등록을 위해 사전 수수료 49만 원이 필요합니다. 이 돈을 먼저 입금하셔야 전산상으로 고객님 건이 살아납니다. 나중에 환급된다고 안내받으셨을 텐데 그건 최종 승인 후 이야기고, 지금은 선납 확인이 먼저예요. 시간 없으세요 고객님. 지금 입금 안 되면 부결 확정입니다. 빨리 처리하셔야 합니다.",1,대출 사기형,augmented_llm
aug_대출 사기형_0190,"네, 고객님. KB저축은행 상담센터입니다. 지금 고객님께 대환대출 가능 여부가 떠서 급히 연락드렸고요. 한도는 최대 2천9백만 원, 금리는 4.1퍼센트부터 적용 가능합니다. 그런데 고객님 신용점수가 기준 미달이라서 바로는 승인 안 되고 부결로 넘어갈 수 있습니다. 대신 기존 대출을 먼저 일부 정리한 뒤 저희 쪽으로 상환 확인이 찍히면, 편법으로 신규 대환 승인처럼 처리해드릴 수 있습니다. 고객님이 지금 다른 곳에 갚으실 돈이 있으시면 오늘 바로 정리하셔야 하고, 저희가 안내하는 보증금 36만 원도 별도로 먼저 입금하셔야 합니다. 이 금액이 있어야 심사 라인이 살아서 오늘 회차로 들어갑니다. 오늘 지나면 내일은 배정이 안 되고, 신용점수 문제 때문에 다시 조회해도 한도 자체가 더 낮아질 수 있습니다. 저희가 도와드릴 수 있는 마지막 시간입니다. 지금 바로 선납금부터 넣어주시면 접수 마무리해드리겠습니다.",1,대출 사기형,augmented_llm
aug_대출 사기형_0191,"안녕하세요 고객님, 국민은행 대환대출 심사팀에서 연락드렸습니다. 오늘 오전에 저희 쪽으로 저금리 대환 한도 조회가 접수돼서요. 현재 고객님 명의로는 최대 6천만 원까지 가능하시고 금리는 3.2퍼센트부터 7.9퍼센트까지 신용점수에 따라 차등 적용됩니다. 다만 지금 기존 대출 이력이랑 최근 신용점수 변동 때문에 한 번 부결이 떴어요. 그래서 일반 신규로는 어렵고, 저희가 안내드리는 편법 대환 방식으로 진행하셔야 됩니다. 기존 고금리 대출을 먼저 정리한 뒤에 저희 쪽 승인 내역을 올려서 다시 한도 재산출하는 방식입니다. 고객님 같은 경우는 오늘 안에 정리하셔야 내일 오전 승인 창구에 올릴 수 있어요. 지금 마감 시간 지나면 이번 주 건은 끝납니다. 아, 그리고 이 절차는 보증금 성격의 선납금이 먼저 필요합니다. 180만 원만 먼저 입금되면 저희가 전산상 승인 코드 넣어드리고 바로 대환 진행 도와드릴게요. 이건 심사 기준이라서 꼭 필요합니다. 선납금 입금이 확인돼야 한도 6천만 원, 금리 3.2퍼센트 조건으로 확정 가능하세요. 지금 안 하시면 부결 그대로 남아서 다음 달까지도 진행이 안 됩니다. 제가 계좌번호 불러드릴게요. 메모 가능하신가요.",1,대출 사기형,augmented_llm
aug_대출 사기형_0192,"여보세요 고객님, 우리은행 금융상담센터입니다. 어제 신청하신 저금리 대환 상품 관련해서 연락드렸어요. 고객님 신용점수 확인해보니까 현재 612점으로 나와서 단독 대출은 부결 처리됐고요. 대신 생활자금 포함해서 최대 4천5백만 원까지, 금리는 4.1퍼센트로 조정 가능한 편법 대환 안내가 가능합니다. 다만 지금 기존 카드론이 남아 있어서 바로 승인 올리면 또 떨어집니다. 그래서 기존 건을 먼저 정리한 것처럼 보이게 처리하는 방식으로 가셔야 해요. 저희 전산에서는 오늘 오후 4시까지 보증금 입금 확인이 되면 심사 재접수 가능합니다. 보증금은 150만 원입니다. 이 금액이 들어와야 가승인 코드가 살아나요. 오늘 안에 안 들어오면 자동 취소돼서 한도 자체가 다시 막혀요. 고객님은 지금 부결 이력이 있어서 늦으면 불리합니다. 제가 도와드릴 수 있을 때 바로 처리하시는 게 좋습니다. 일단 입금만 해주시면 저희가 다음 단계 연결해드리고, 기존 대출도 저금리로 갈아타는 쪽으로 정리해드릴게요.",1,대출 사기형,augmented_llm
aug_대출 사기형_0193,"고객님, 하나은행 대환전담 상담사입니다. 저희 쪽에서 어제 접수하신 대출 심사 결과가 나왔는데요. 현재 한도는 5천2백만 원까지 가능하고 금리는 3.6퍼센트로 확인됐습니다. 그런데 신용점수 부족으로 한 번 부결되셨습니다. 그래서 바로 신규로는 안 되고, 한도 복구용으로 먼저 일부 금액을 선납 처리하셔야 합니다. 이건 대환 승인용 담보처럼 잡히는 거라서요. 210만 원만 먼저 입금되면 전산상 기존 부채가 정리된 것으로 올라가고, 저희가 당일 재심사 올려드릴 수 있습니다. 오늘 오후까지 마감이라서 지금 아니면 내일은 다시 처음부터 접수해야 합니다. 고객님처럼 최근 연체 이력이 있는 경우는 이 절차 안 거치면 승인 안 나옵니다. 저희가 정식 상품처럼 설명드리지만 실제로는 편법 대환 방식으로 맞춰드리는 거라 내부 절차가 필요해요. 입금 확인되면 바로 승인 문자 드리고, 내일 오전에 최종 한도 확정해드리겠습니다. 지금 계좌 안내드릴 테니 바로 진행하시는 게 좋겠습니다.",1,대출 사기형,augmented_llm
aug_대출 사기형_0194,"네 고객님, KB저축은행 상담팀입니다. 방금 조회된 결과 말씀드리려고 전화드렸어요. 고객님은 최대 7천만 원까지 가능하시고 금리는 2.9퍼센트부터 시작됩니다. 그런데 현재 신용점수 때문에 심사에서 부결이 한 번 났고요. 외부 채무가 잡혀 있어서 일반 대출이 아니라 대환 전용으로만 진행 가능합니다. 이 경우 기존 대출을 그대로 두면 안 되고, 저희 쪽 승인 보증금 형태로 230만 원을 먼저 선납하셔야 해요. 선납이 확인되면 저희가 내부적으로 기존 대출을 먼저 상환한 걸로 처리하고 신규 한도 올려드립니다. 오늘 오후 3시 전에만 들어오면 그날 바로 심사 가능하지만, 시간이 지나면 이번 접수 건은 종료됩니다. 마감 임박이라 지금 결정하셔야 합니다. 고객님이 지금 조금만 기다리면 된다고 생각하실 수 있는데, 그 사이에 부결 기록이 더 누적되면 오히려 금리가 올라가요. 그러니 먼저 선납금 보내주시고, 그다음에 제가 대환 승인 절차 이어서 안내드리겠습니다.",1,대출 사기형,augmented_llm
aug_대출 사기형_0195,"안녕하세요 고객님, 웰컴저축은행 대환상담 담당입니다. 고객님께서 신청하신 저금리 갈아타기 상품 결과가 나왔는데, 한도는 최대 3천8백만 원이고 금리는 4.5퍼센트로 가능합니다. 다만 신용점수 590점대라서 바로 승인되진 않았고 부결이 한 번 나갔습니다. 그래서 지금은 편법 대환 방식으로만 가능하세요. 쉽게 말하면 기존 고금리 건을 저희가 먼저 잡아주는 조건으로 가승인 올리고, 그에 필요한 수수료 명목의 선납금을 먼저 받는 방식입니다. 오늘 안에 170만 원만 입금되면 내일 오전에 재심사 들어가서 승인 가능성이 올라갑니다. 지금 안 하시면 자동 취소되고, 다음 접수는 한 달 뒤로 밀립니다. 고객님 같은 경우는 마감 임박이라 오늘 내로 처리 안 하면 안 됩니다. 선납금 확인이 되면 저희가 기존 대출 상환 처리 내역을 반영해서 대환 한도 확정해드릴게요. 지금 계좌로 바로 보내주셔야 하고요. 제가 바로 안내드리겠습니다.",1,대출 사기형,augmented_llm
aug_대출 사기형_0196,"안녕하세요 고객님, 하나은행 대환대출 심사팀입니다. 어제 신청 남겨주신 거 기준으로 오늘 오전에 우선 한도 조회가 잡혀서 연락드렸습니다. 지금 고객님 기존 대출이 2건 있으시고 신용점수가 최근에 내려가셔서 일반 대출은 부결 가능성이 높으신데요. 대신 저금리 대환상품으로 최대 7천만 원까지, 금리는 연 3.2퍼센트부터 6.8퍼센트까지 가능하십니다. 다만 현재 조회상으로는 단독 진행이 아니라 편법 대환 방식으로만 승인 가능하세요. 기존 대출을 한 번 정리한 뒤에 저희 쪽에서 새로 열어드리는 구조라서요. 고객님이 지금 신용점수가 620점대라 바로는 안 나오고, 오늘 안에 상환 확인만 되면 심사 올려드릴 수 있습니다. 그런데 중요한 게, 지금 마감 건수로 들어가서 오늘 오후 네 시 전까지 선납금 성격의 보증금이 먼저 들어와야 접수가 살아납니다. 이건 심사 전 예치금이라서 나중에 자동 차감되는 부분이고요. 38만 원만 먼저 입금해 주시면 제가 바로 승인 라인으로 올려드리겠습니다. 오늘 안에 못 넣으시면 이번 주 배정이 닫혀서 다음 달로 넘어가세요. 고객님, 이번 건은 오늘만 가능한 특판이라서요. 기존 연체만 없으시면 내일 오전 바로 재심사 들어가고, 한도도 5천에서 7천 사이로 보실 수 있습니다. 지금 바로 도와드릴까요?",1,대출 사기형,augmented_llm
aug_대출 사기형_0197,"네 고객님, 우리은행 여신상담센터 김도윤입니다. 지난번에 보셨던 대출이 부결되셨던 기록 확인돼서 추가 안내드리려고 전화드렸습니다. 고객님은 현재 신용점수 때문에 일반 신용대출은 어렵고, 대신 저희 쪽 대환 전용 상품으로만 연결 가능하세요. 한도는 최대 6천5백만 원, 금리는 최저 2.9퍼센트부터 시작되고요. 다만 조건이 하나 있습니다. 기존 카드론이나 현금서비스가 남아 있으면 바로 승인 안 나고, 선납 처리 내역이 들어가야 심사가 열립니다. 그래서 저희가 보통 편법 대환 방식으로 진행합니다. 먼저 고객님 명의 계좌로 소액 입금이 잡히게 한 다음, 그 입금 건을 근거로 보증금 52만 원만 먼저 확인받으면 됩니다. 이건 금융사 내부에서 잠금 해제용으로 쓰는 금액이라서요. 오늘 오후 두 시 반까지 들어와야 제가 오늘자 마감 안으로 넣을 수 있습니다. 지금 안 하시면 부결로 닫혀서 한 달 동안 재신청도 안 됩니다. 고객님 현재 신용점수가 590점대라 시간이 길게 가면 더 불리하세요. 저희가 도와드리는 건 이번 한 번뿐입니다. 서둘러 주셔야 합니다. 제가 계좌번호 문자로 바로 넣어드릴게요.",1,대출 사기형,augmented_llm
aug_대출 사기형_0198,"고객님 안녕하세요, KB저축은행 대출상담부입니다. 아까 저희 쪽으로 남겨주신 문의 건 확인됐는데요. 현재 고객님은 신용점수 하락으로 인해 일반 신규대출은 부결 가능성이 높고, 대환 전용 한도로만 열리십니다. 안내 가능한 금액은 4천8백만 원까지, 금리는 3.6퍼센트에서 7.1퍼센트 사이로 조회되셨습니다. 그런데 기존에 햇살론 잔액이 남아 있어서 그대로는 승인이 안 됩니다. 그래서 먼저 잔액을 정리한 것처럼 보이게 만드는 방식으로 처리해야 합니다. 쉽게 말하면 편법 대환대출입니다. 고객님이 우선 수수료 명목으로 29만 원만 선입금해 주시면 심사 진행서가 발급되고, 그걸로 오늘 안에 최종승인까지 올릴 수 있어요. 이 금액은 접수 보증금이라서 대출 실행되면 같이 합산 정산됩니다. 지금은 시간이 별로 없습니다. 오늘 네 시 이전 마감이라서 늦으면 아예 다음 심사조차 못 넣습니다. 고객님 기록상 최근 조회가 많아서 더 늦어지면 점수만 더 깎입니다. 이번 건은 오늘 처리하셔야 하고요. 제가 바로 승인부 연결해 드릴 테니 일단 입금부터 부탁드립니다.",1,대출 사기형,augmented_llm
aug_대출 사기형_0199,"여보세요 고객님, SBI저축은행 상담실입니다. 고객님 대출 조회하신 내역 확인돼서 연락드렸습니다. 지금 보시던 상품은 부결되셨고요, 이유가 신용점수와 기존 대출 건수 때문입니다. 대신 저희 쪽 대환상품은 아직 가능합니다. 최대 5천5백만 원까지 보실 수 있고, 금리는 4퍼센트 초반대로 잡히실 수 있습니다. 단, 오늘은 심사 마감이 임박해서 보증금 입금이 선행돼야 합니다. 이건 고객님 신용보완 확인용이라서요. 41만 원 먼저 넣으시면 그 즉시 재심사로 넘어가고, 기존 고금리 대출을 저금리로 갈아타는 방식으로 진행됩니다. 지금 안 하시면 기존 건이 연체로 보일 수 있어서 신용점수 더 떨어져요. 오늘만 가능하다고 보시면 됩니다. 저희가 고객님 부결 이력은 내부적으로 확인했고, 이번에는 편법 대환으로 우회 진행해 드릴 수 있습니다. 다만 오늘 오후 다섯 시 전에 선납금 확인이 안 되면 시스템이 닫혀버립니다. 고객님, 이거 한 번만 처리하시면 다음 달 이자 부담이 확 줄어드십니다. 바로 안내드릴까요?",1,대출 사기형,augmented_llm
aug_대출 사기형_0200,"고객님, 농협 상담센터 박상현입니다. 어제 신청하신 대출 건 검토 결과 말씀드리려고 전화드렸습니다. 현재 고객님은 최근 신용점수 하락 때문에 일반 대출은 부결 처리될 가능성이 높으세요. 대신 대환 전용으로는 최대 8천만 원까지 가능하고, 금리는 3.1퍼센트부터 시작됩니다. 다만 조건이 까다로워서 기존 대출을 바로 정리하는 편법 대환 방식으로만 승인 낼 수 있습니다. 고객님 명의로 기존 채무 정리 확인만 되면 저희가 새 한도로 바꿔드리는 구조예요. 그런데 오늘 심사 마감이 얼마 안 남아서 선납금 45만 원을 먼저 보내주셔야 접수 유지됩니다. 이 금액은 심사 보증금으로 들어가고요, 실행되면 정산 처리됩니다. 지금 안 넣으면 오늘 건은 자동 취소되고, 재접수도 한 달 뒤에나 가능합니다. 고객님 현재 조회가 여러 번 잡혀서 더 늦으면 조건이 더 나빠져요. 부결 뜨기 전에 오늘 바로 잡아드리는 게 좋습니다. 제가 문자로 계좌 보내드릴 테니 확인하시고 바로 진행해 주세요.",1,대출 사기형,augmented_llm
aug_대출 사기형_0201,"안녕하세요 고객님, 저희 케이뱅크 대환대출 상담팀인데요. 기존 대출 조회 결과가 나와서 안내드리려고 전화드렸습니다. 지금 고객님 신용점수가 최근에 조금 하락해서 일반 대환은 부결 가능성이 높게 확인됐고요. 다만 저금리로 정리하실 수 있는 편법 대환 방식이 하나 열려 있습니다. 현재 가능 한도는 최대 4천8백만 원이고 금리는 3.2퍼센트부터 7.9퍼센트까지 신용상태에 따라 차등 적용됩니다. 그런데 이건 오늘 안에 접수하셔야 돼요. 내일 되면 자동 소진될 수 있어서요. 혹시 기존에 사용 중인 대출이 몇 건이세요? 네 건이면 지금 심사상 불리한데, 제가 방법을 봐드리면 신규 한 건을 잠깐 발생시키고 바로 상환 처리해서 신용보완 기록을 만드는 방식입니다. 쉽게 말씀드리면 대환 승인용 거래를 한번 만들어야 하는 거예요. 그러면 저희가 부결 사유를 덮고 승인 가능하도록 내부 조정이 됩니다. 그런데 이 과정에서 보증금 성격의 선납금이 58만 원 필요합니다. 심사부 전산 등록비하고 잔여 한도 확보 비용이라고 보시면 돼요. 오늘 오후 4시 전까지 입금이 안 되면 이번 건은 자동 취소되고, 다시 조회하셔도 한도가 아예 안 뜰 수 있습니다. 고객님 지금 바로 진행 가능하시면 제가 접수 번호 드리고 입금 계좌 안내해드릴게요. 이건 미루시면 안 됩니다. 지금 마지막 자리 남아 있어서요. 입금 확인되면 오늘 안에 가승인 올려드리겠습니다.",1,대출 사기형,augmented_llm
aug_대출 사기형_0202,"네 고객님, 여기 우리은행 대출관리부 맞고요. 문자 받으신 건 확인되셨죠? 지금 고객님께 저금리 대환상품 가능해서 연락드렸습니다. 현재 한도는 6천만 원까지 가능하고 최저 금리는 2.4퍼센트로 나와 있는데, 신용점수 때문에 정식 접수는 부결 구간에 걸려 있습니다. 그래서 일반 상품이 아니라 내부 우회 상품으로만 도와드릴 수 있어요. 고객님 기존 대출이 농협이랑 하나은행 쪽에 남아 있으시죠? 그 상태면 바로 대환은 안 되고, 먼저 단기 상환 기록을 만들어야 합니다. 이건 합법적인 심사 보완 절차라서 고객님이 따로 걱정하실 건 없습니다. 대신 오늘 안에 선납 처리 금액 73만 원을 넣어주셔야 서류를 올릴 수 있어요. 보증금처럼 잡아두는 돈이라 대출 실행되면 같이 정리됩니다. 지금 안 하시면 내일 오전 심사 마감이라 자동 부결 처리됩니다. 그리고 고객님 명의로는 오늘이 마지막 접수 가능일 수도 있어요. 저희가 오전 회차를 이미 거의 다 채워서요. 신용점수 6백점대라면 원래는 어려운데, 잠깐 대환용 거래를 만든 다음 저희가 내부 승인으로 돌려드리는 방식이면 가능합니다. 제가 바로 계좌번호 불러드릴 테니 메모 가능하실까요? 이거 받으시면 기존 이자 부담이 확 줄어드십니다. 오늘 5시 전 입금만 꼭 부탁드릴게요.",1,대출 사기형,augmented_llm
aug_대출 사기형_0203,"고객님 안녕하세요. SBI저축은행 상담실입니다. 어제 대환 가능성 확인돼서 연락드렸는데요. 지금 조회상으로는 최대 5천5백만 원 한도, 금리는 3.7퍼센트부터 시작으로 잡혀 있습니다. 다만 신용점수 하락 이력이 있어서 일반 대출은 부결로 떨어질 가능성이 높습니다. 그래서 저희가 안내드리는 건 기존 기대출을 정리하는 편법 대환 방식인데요. 먼저 소액 선납을 넣고 심사 이력을 살린 다음 본 대출로 넘기는 구조입니다. 고객님 현재 신용상태면 바로 실행이 안 돼서, 보증금 49만 원을 먼저 입금해주셔야 해요. 이 금액은 심사 확정되면 자동 차감됩니다. 그리고 오늘 저녁 6시 이후에는 시스템이 닫혀서 내일로 넘어가면 한도 자체가 사라집니다. 오늘 마감 전까지 안 들어오면 다시 조회해도 부결로만 보여요. 제가 지금 가승인 번호를 잡아드릴 수 있는데, 선납금 확인이 먼저입니다. 고객님이 지금 기존 대출을 한 번에 정리하고 신용회복용 거래를 만들어야 저희가 승인으로 전환할 수 있어요. 이걸 안 하시면 계속 고금리만 남습니다. 지금 바로 진행하시면 제가 접수 끝내고 한도 확정까지 도와드리겠습니다.",1,대출 사기형,augmented_llm
aug_대출 사기형_0204,"여보세요 고객님, KB저축은행 여신상담센터입니다. 방금 조회 결과 안내드리려고 연락드렸어요. 고객님은 현재 대환 대상은 맞는데 신용점수 때문에 정상 접수는 부결 처리될 가능성이 큽니다. 그래서 저희 내부에서만 가능한 특약 대환으로 잡아드릴 수 있습니다. 한도는 3천9백만 원, 금리는 2.9퍼센트에서 6.8퍼센트 사이로 예상됩니다. 다만 조건이 하나 있어요. 기존 대출을 바로 상환하는 게 아니라, 승인용으로 소액 거래를 먼저 만들어서 상환 능력을 보여주셔야 합니다. 쉽게 말하면 대출 한 건을 잠깐 받고 바로 정리하는 방식입니다. 그러면 저희 전산상 고객님 점수가 올라가서 대환이 가능합니다. 그런데 이 진행은 오늘 안에만 가능하고, 진행비 명목의 선납 수수료 62만 원이 필요합니다. 이건 서류 등록비와 보증 처리 비용이라서 나중에 같이 반영됩니다. 지금 시간이 많이 없어요. 오후 회차 마감되면 다음 주로 밀리는데 그때는 금리도 더 올라갑니다. 고객님 기존에 카드론하고 저축은행 대출 남아 있으시면 더 서두르셔야 해요. 제가 지금 바로 심사 올리려면 입금 확인이 필요합니다. 오늘 안에 처리하시면 바로 가승인 띄워드릴게요.",1,대출 사기형,augmented_llm
aug_대출 사기형_0205,"고객님, 삼성카드 연계 대환 안내드리려고 전화드렸습니다. 현재 고객님 조회상 한도는 최대 7천만 원까지 가능하고요. 금리는 3.1퍼센트부터 시작합니다. 그런데 최근 연체 이력 때문에 부결 구간으로 잡혀서 일반 대환은 어렵습니다. 그래서 지금은 신용보완용 우회 대환으로만 진행 가능하세요. 방법은 간단합니다. 먼저 소액 선납으로 심사 등록을 하고, 그다음 기존 대출을 정리한 것으로 처리해서 새 한도로 넘기는 방식입니다. 이 절차를 오늘 안에 해야 하는데, 마감이 거의 끝났습니다. 선납금은 85만 원이고요. 이 금액이 들어와야 보증 심사팀에서 고객님 계정 열어드립니다. 안 그러면 전산상 오늘 부결로 닫혀서 재진행이 안 됩니다. 지금 고객님이 급하신 건 저희도 압니다. 그래서 제가 최대한 맞춰드리는 거고요. 대신 오늘 3시 반 전까지는 입금 확인이 돼야 심사 가능해요. 이 시간 지나면 이번 달 한도는 소진됩니다. 기존 고금리 대출을 저금리로 바꾸려면 지금 잡아야 합니다. 잠깐만 기다리시면 입금 계좌 바로 불러드릴게요. 지금이 마지막 접수입니다.",1,대출 사기형,augmented_llm
aug_대출 사기형_0206,"안녕하세요 고객님, 농협 제휴 저금리 대환대출 상담팀인데요. 어제 남아 있는 한도 확인돼서 연락드렸습니다. 지금 고객님 쪽은 최대 6천만 원까지 가능하고 금리는 3.2퍼센트에서 7.9퍼센트 사이로 안내되세요. 다만 기존 대출이 2건 잡혀 있으시고 신용점수가 기준보다 조금 모자라서 일반 대환으로는 바로 진행이 어렵습니다. 그래서 제가 편법으로 먼저 한도만 살려드리고 기존 건을 정리하는 방식으로 도와드리려고요. 고객님 현재 카드론이나 현금서비스는 없으시죠? 네. 네, 그러시면 부결 사유는 아니신데 신용점수 보완이 필요하세요. 요즘은 바로 상환만 하시면 점수 올라가는 방식이 있어서 그걸로 진행하시면 됩니다. 오늘 접수하시면 오늘 안에 임시 승인까지는 잡아드릴 수 있는데, 마감 시간이 오후 4시 반이라 지금 늦으면 내일로 넘어가세요. 그래서 지금 선납금 38만 원만 먼저 입금해 주셔야 심사 전산이 열립니다. 이건 보증 처리용 수수료라서 나중에 돌려받는 금액에 포함돼요. 입금 확인되면 제가 바로 가승인 올려드릴게요. 만약 오늘 못 하시면 이번 주 배정분은 끝나서 한도 다시 떨어집니다. 고객님 지금 계좌 사용하시는 은행이 국민은행 맞으시죠? 네. 그러시면 국민은행으로 바로 보내주시면 되고, 입금 후에 제 이름으로 문자 한 통만 주시면 됩니다. 늦으면 부결로 넘어가니까 바로 처리해 주세요.",1,대출 사기형,augmented_llm
aug_대출 사기형_0207,"여보세요, 하나은행 대환지원센터입니다. 고객님께 문자 드린 내용 확인하셨죠? 현재 저희 쪽으로 저금리 상품이 열려 있어서 연락드렸고요. 고객님은 최대 4천5백만 원까지 가능하신데 기본 금리는 2.8퍼센트부터 시작됩니다. 그런데 지금 신용점수 하락 구간에 걸려 있어서 바로는 안 되고, 기존 대출을 잠깐 정리하는 우회 방식으로만 진행 가능하세요. 이게 요즘 많이 하는 편법 대환대출인데, 먼저 소액으로 상환 기록을 만들고 나서 저금리 한도를 여는 방식입니다. 고객님 기존에 웰컴저축은행 쪽 건 있으시죠? 네. 그 건이 부결 사유에 걸려 있어서 그냥 신청하면 또 떨어지세요. 그래서 오늘 안에 선납 보증금 29만 8천 원만 먼저 넣어주셔야 심사팀이 가동됩니다. 이 금액은 계약서 발급비 성격이라서 승인 후 자동 정산돼요. 지금 안 넣으시면 오늘 배정 인원이 끝나서 내일은 금리가 0.7퍼센트 더 올라갑니다. 마감 직전이라 제가 급하게 말씀드리는 거예요. 고객님, 지금 연체는 아니신데 점수가 낮아서 시간이 없습니다. 입금 확인되면 바로 3천만 원대 한도로 올려드릴 수 있어요. 계좌는 농협 가상계좌로 보내시면 되고요. 보내신 뒤에 스무 분 안에 처리 연락 주셔야 합니다. 안 그러면 전산이 닫혀서 다시 처음부터 하셔야 돼요.",1,대출 사기형,augmented_llm
aug_대출 사기형_0208,"안녕하세요, 우리은행 여신상담팀 박과장입니다. 고객님께서 지난번에 조회하신 대환 가능 여부가 오늘 다시 열려서 연락드렸습니다. 현재 안내 가능한 한도는 최대 7천만 원이고 금리는 3퍼센트 초반대로 잡히세요. 다만 내부 심사에서 신용점수 문제로 한 번 부결 이력이 남아 있어서 그냥 넣으시면 또 막힙니다. 그래서 제가 말씀드리는 방법은 기존 소액 대출을 임시로 상환 처리한 뒤 다시 잡는 우회 대환입니다. 이 방식으로 하면 상환 능력 점수가 올라가서 심사 통과가 쉬워요. 대신 오늘 안에 선납 처리비 44만 원이 필요합니다. 이건 심사 보증금이라서 승인 완료되면 같이 정산돼요. 고객님 지금 시간이 많지 않습니다. 오늘 오후 3시 전에 결제돼야 심사 예약이 유지되고, 그 이후에는 이번 주 물량이 다 차서 대기해야 해요. 고객님 신한은행 쪽 기존 건이 있으시죠? 네. 그 건 때문에 부결 표시가 떠서 정리를 먼저 하셔야 합니다. 제가 바로 접수해드릴 테니 지금 입금부터 해 주세요. 미루시면 내일은 한도도 줄고 금리도 올라가서 손해가 큽니다. 계좌번호는 제가 불러드리는 대로 국민은행 쪽으로 보내시면 되고, 보내고 나면 바로 입금 확인 문자만 주시면 됩니다.",1,대출 사기형,augmented_llm
aug_대출 사기형_0209,"네, 고객님. 케이뱅크 협력 상담센터입니다. 방금 조회 결과 고객님 대환 한도는 5천2백만 원까지 나오셨고요. 시작 금리는 2.6퍼센트입니다. 그런데 현재 신용점수 하단에 걸려서 자동 부결 가능성이 높습니다. 그래서 일반 신청 말고, 먼저 소액 선납으로 심사 여는 방식으로 가셔야 해요. 이건 편법처럼 들리실 수 있는데 실제로는 기존 대출 상환 내역을 새로 만들어 점수를 올리는 방식입니다. 고객님이 지금 카드값이나 현금서비스 연체는 없으신데, 최근 조회가 많아서 점수가 낮게 잡혀 있습니다. 오늘 안에 36만 원만 입금되면 심사팀에서 가승인 돌려드릴 수 있습니다. 마감 시간이 지금 한 시간 남았어요. 오늘 넘기면 배정 한도가 줄어서 금리가 1퍼센트 이상 올라갈 수 있습니다. 지금 하시는 게 제일 유리하세요. 입금 계좌는 토스뱅크로 안내드리고 있고요. 입금 후 바로 연락 주시면 제가 부결 방지로 전산 우선 처리 넣겠습니다. 고객님, 그냥 두시면 다음 심사 때는 아예 대환 불가로 떨어질 수 있어요. 지금은 시간 싸움입니다. 선납금만 먼저 보내주시면 제가 남은 서류는 다 처리해 드릴게요.",1,대출 사기형,augmented_llm
aug_대출 사기형_0210,"고객님, 삼성카드 연계 대출상담부입니다. 어제 상담 접수하신 거 기준으로 다시 한 번 확인됐고요. 최대 8천만 원까지 가능하시고 금리는 3.4퍼센트부터 시작됩니다. 다만 현재 신용점수 문제로 부결 이력이 떠 있어서 바로 승인하기가 어렵습니다. 그래서 기존 고금리 대출을 잠깐 상환 처리하고 저금리로 갈아타는 방식으로 진행해야 하는데, 이 과정에서 보증수수료가 먼저 필요합니다. 오늘 안에 41만 원만 선납해 주시면 저희가 심사 기록을 열어드리고, 그 다음에 농협 쪽 대환 한도로 연결해 드릴 수 있어요. 이건 내부적으로 편법 처리되는 거라서 시간이 중요합니다. 지금 안 하시면 오늘 건은 닫히고 내일은 승인률이 더 떨어져요. 고객님 현재 사용 중인 국민은행 계좌로 바로 보내주시면 되고요. 입금 확인되면 제가 즉시 가승인 올려드릴게요. 고객님께서 따로 더 빌리실 필요는 없고, 지금 있는 대출만 정리하면 됩니다. 다만 마감 임박이라서 10분 내로 입금 못 하시면 오늘 배정분은 소진됩니다. 그러니 지금 바로 처리해 주세요.",1,대출 사기형,augmented_llm
aug_대출 사기형_0211,"안녕하세요 고객님, 신한은행 대환대출 담당 김도현입니다. 지난번 접수하신 건으로 가승인 조회가 나와서 바로 연락드렸습니다. 현재 고객님 명의로는 최대 6천만 원까지 가능하신데, 금리는 최저 3.2퍼센트부터 7.9퍼센트까지 신용점수에 따라 차등 적용됩니다. 다만 지금 기존 대출이 있으셔서 단순 증액은 어렵고, 부결 위험이 조금 높게 잡혀 있습니다. 그래서 지금은 편법 대환 방식으로 먼저 정리하셔야 한도 살릴 수 있습니다. 고객님 신용점수가 최근에 50점 정도 하락하셔서 자동심사에서는 부결로 뜨셨고요. 이 상태로 두시면 이번 달 안에 마감이라 다시 조회가 안 됩니다. 제가 보니까 지금 선납보증금 98만 원만 먼저 입금되면 내부 심사에서 상환능력 확인 처리해드리고, 그다음 바로 저금리 대환으로 넘겨드릴 수 있습니다. 이건 수수료가 아니라 임시 예치금 개념이라서 처리 끝나면 같이 정산됩니다. 오늘 오후 3시 전까지만 가능하고, 이후에는 오늘 배정된 한도는 소멸됩니다. 고객님 같은 경우 지금 바로 잡아드려야 해서 다른 데 알아보실 시간 없으세요. 계좌 확인만 되면 제가 전산 넣어서 오늘 안에 접수 마감해드리겠습니다. 네? 아, 네. 지금 고객님은 부결 뜬 상태라 일반 대출로는 안 되고, 이 방식으로만 살릴 수 있습니다. 빨리 진행하셔야 합니다.",1,대출 사기형,augmented_llm
aug_대출 사기형_0212,"여보세요 고객님, 국민은행 햇살론 연계센터 박준호입니다. 안내 문자 보셨을 텐데요, 고객님께서 대환 가능 대상자로 조회되어 전화드렸습니다. 한도는 최대 8천만 원까지 가능하고, 금리는 2.8퍼센트에서 6.4퍼센트 사이로 나옵니다. 그런데 현재 신용점수 때문에 자동 부결 이력이 확인돼서, 그냥 신청하시면 또 거절됩니다. 그래서 기존 고금리 대출을 먼저 정리하는 우회 절차로 잡아드려야 합니다. 지금 고객님이 쓰고 계신 카드론이랑 사금융 건이 겹쳐 있어서, 심사 기준상 당일 상환 능력 확인이 필요합니다. 이건 고객님께 불리한 게 아니라 승인율 올리는 방법입니다. 대신 오늘 안에 보증금 120만 원만 선납하셔야 내부 심사 라인에서 우선 배정됩니다. 이 금액은 대환 실행되면 바로 상계 처리되고, 안 하시면 오늘 배정 건은 취소됩니다. 지금 상담 마감이 임박해서 5시 넘으면 내일 다시 접수해야 하는데, 내일은 금리 조건이 올라갈 수 있습니다. 고객님 명의로 이미 사전 조회가 들어가 있어서 지금 끊기면 다시 한 번 부결 이력 더 쌓입니다. 제가 바로 접수 도와드릴 테니까 계좌 안내 받으시고 오늘 중으로 입금만 먼저 해주세요.",1,대출 사기형,augmented_llm
aug_대출 사기형_0213,"네 고객님, 우리은행 신용회복 지원팀 이민재 과장입니다. 어제 신청하신 대환상품 가승인 결과가 나왔는데요, 최대 5천5백만 원까지 가능하고 금리는 3.5퍼센트부터 시작됩니다. 다만 고객님은 현재 신용점수 구간이 낮아서 일반 대출로는 부결 처리됐고, 기존 대출을 먼저 정리하는 조건으로만 진행 가능합니다. 저희가 보니까 고객님이 지금 여러 군데 분산된 채무가 있어서 한 번에 묶어야 이자 부담이 내려갑니다. 그래서 편법이긴 한데, 오늘 저희 쪽 임시 계정으로 선납금 77만 원 넣어주시면 전산상 상환 능력 점수 반영이 돼서 대환 실행이 가능해집니다. 이건 심사 통과용이라 계약 체결되면 바로 환급 처리된다고 보시면 됩니다. 문제는 오늘 오후까지만 이 조건이 살아 있고, 늦어지면 고객님은 다시 부결로 내려갑니다. 지금 같은 조건은 오늘이 마지막이라 제가 급하게 전화드린 겁니다. 고객님께서 입금만 확인되면 바로 마감 전 접수 올려드리고 내일 오전에 실행팀에서 연락드리게 하겠습니다. 시간이 많지 않아서요, 지금 바로 진행하시는 게 제일 좋습니다.",1,대출 사기형,augmented_llm
aug_대출 사기형_0214,"안녕하세요, 케이뱅크 대환대출 상담실 정태식입니다. 고객님 기존 대출 조회 도중에 추가 한도 가능 건이 확인돼서 바로 안내드립니다. 현재 최대 7천만 원까지 가능하시고, 우대 금리 적용 시 2.9퍼센트까지 내려갑니다. 다만 고객님 신용점수가 최근 연체 이력 때문에 하락해서 단독으로는 부결 가능성이 큽니다. 그래서 저희가 내부적으로 편법 대환 절차를 잡아드려야 하고, 기존 채무를 먼저 정리한 뒤 신규 자금으로 전환하는 방식입니다. 심사상 필요한 보증수수료 105만 원이 있는데, 이건 선납 후 실행되는 구조라서 안 내시면 대환 접수가 안 됩니다. 고객님 지금 대출이 급하신 상황이면 이 정도는 먼저 처리하셔야 합니다. 오늘 안에 처리해야만 이번 주 배정 건으로 들어가고, 내일 넘기면 한도 심사가 자동 종료됩니다. 고객님 같은 경우는 이미 부결 한 번 뜬 기록이 있어서 재조회하면 더 불리해집니다. 제가 지금 바로 서류 접수창 열어드릴 테니까 계좌번호 말씀해 주시고, 입금 확인되면 제가 전산 승인 올려드리겠습니다. 늦으면 오늘 건은 끝납니다.",1,대출 사기형,augmented_llm
aug_대출 사기형_0215,"고객님, SBI저축은행 대출관리부 최상규입니다. 접수하신 대환 상품 결과가 나와서 연락드렸습니다. 현재 고객님은 최대 4천8백만 원까지 가능하시고, 금리는 4.1퍼센트에서 8.2퍼센트 사이로 산정됩니다. 그런데 신용점수 문제로 일반 승인 라인은 부결이라서, 지금은 기존 고금리 건을 먼저 정리하는 우회 심사로만 가능합니다. 고객님이 최근에 카드값이랑 현금서비스가 겹치셔서 심사팀에서 리스크 높게 보고 있습니다. 그래서 심사 진행하려면 먼저 예치금 63만 원을 선납하셔야 하고, 이 금액이 들어와야만 부결 기록을 덮고 대환 실행 순서로 넘어갈 수 있습니다. 이건 오늘만 가능한 조건이고, 오후 4시 이후에는 접수창이 닫혀서 다시 신청하셔도 한도가 더 낮게 나옵니다. 지금 안 하시면 다음 달까지 기다리셔야 하는데, 그 사이 이자만 더 늘어납니다. 고객님께서는 지금 급하게 정리하셔야 하니까 제가 오늘 안으로 마감 올려드릴게요. 입금만 해주시면 바로 처리해서 최종 승인 쪽으로 넘기겠습니다.",1,대출 사기형,augmented_llm
aug_대출 사기형_0216,"안녕하세요 고객님, 신한은행 대환대출 심사팀입니다. 어제 신청해주신 건으로 가승인 결과가 나와서 연락드렸습니다. 지금 기존 대출 정리하시면 최저 연 3.2퍼센트로 최대 6천만 원까지 가능하시고요, 한도는 고객님 신용점수 기준으로 우선 4천8백만 원까지 잡혀 있습니다. 다만 현재 신용평점이 기준보다 조금 낮으셔서 일반 대환대출은 바로 승인이 어려우세요. 대신 저희가 편법으로 기존 고금리 건을 먼저 정리한 뒤에 저금리 한도로 다시 올려드리는 방식으로 진행하시면 됩니다. 지금 진행 안 하시면 오늘 오후 마감 전까지 심사 건이 자동 취소될 수 있어서 서둘러주셔야 합니다. 고객님 기존에 쓰고 계신 대출 금리가 11퍼센트대시죠? 그걸 먼저 상환 처리하시면 저희 쪽에서 금리 조정해드릴 수 있습니다. 그런데 상환 처리 확인을 위해서 보증금 성격의 선납금이 필요합니다. 98만 원만 먼저 입금해주시면 심사 수수료 포함해서 바로 전산 올려드리겠습니다. 이 금액은 대출 실행되면 같이 정산되는 부분이라 고객님 부담 없게 처리됩니다. 지금 오늘 안에 입금이 확인돼야 내일 오전 배정이 가능하고요, 늦어지면 한도 소멸됩니다. 계좌 안내드릴 테니 메모해 주세요.",1,대출 사기형,augmented_llm
aug_대출 사기형_0217,"고객님 안녕하세요, 국민은행 여신상담부 김도현입니다. 문자 받으시고 연락주신 거 맞으시죠? 확인해보니 고객님은 대환 대상은 맞는데 최근 신용점수 하락 때문에 부결 이력이 한 번 잡혀 있습니다. 현재 가능 금액은 최대 5천만 원, 적용 금리는 2.9퍼센트부터 7.8퍼센트까지인데요, 오늘 안에 재심사 넣으셔야 합니다. 일반적으로는 안 되는데, 기존 카드론이랑 저축은행 건을 먼저 정리하시면 한도 재산정이 가능해서 저희가 우회 진행을 도와드리는 겁니다. 다만 이 과정에서 심사 보증금이 필요합니다. 76만 원만 먼저 예치해주시면 채무정리 확인서 발급 요청 들어가고, 그걸로 바로 저금리 대환 접수 가능합니다. 고객님 현재 부결 사유가 연체 이력 때문이라서 시간이 없습니다. 오늘 오후 4시 전에 입금 확인이 안 되면 이번 달 배정은 종료되고 다음 달로 넘어갑니다. 다음 달 되면 금리가 더 올라갈 수 있어서 지금이 제일 좋습니다. 계좌로 먼저 입금해주시고 입금자명 보내주시면 바로 접수 올리겠습니다.",1,대출 사기형,augmented_llm
aug_대출 사기형_0218,"여보세요, 우리은행 대출지원센터입니다. 고객님께서 오전에 조회해두신 건 맞으시고요, 지금 한도는 최대 7천만 원까지 확인됩니다. 금리는 최저 3.5퍼센트로 안내드릴 수 있는데, 현재 고객님 신용점수가 기준선보다 낮아서 단독 대출은 부결 가능성이 높습니다. 그래서 저희가 안내드리는 방식은 기존 대출을 당일 상환 처리하시고 상환 기록을 반영해서 다시 한도 올리는 방법입니다. 쉽게 말하면 먼저 소액으로 한 건 정리하신 뒤 바로 대환으로 묶는 겁니다. 이 방법이면 신용점수 회복이 빨라서 승인 가능성이 높아집니다. 그런데 지금 심사 마감이 임박해서 오늘 안에 절차를 시작하셔야 해요. 선납금 110만 원이 필요하고, 이건 심사 전산 등록비와 확인비용으로 처리됩니다. 입금이 확인되면 바로 상환계좌와 실행계좌를 연결해드리겠습니다. 고객님이 직접 은행에 가실 필요 없이 제가 절차 안내해드릴게요. 다만 오늘 안에 입금이 안 되면 자동 부결로 넘어가니 지금 바로 처리하셔야 합니다.",1,대출 사기형,augmented_llm
aug_대출 사기형_0219,"안녕하세요, 웰컴저축은행 대환전담입니다. 고객님 휴대폰으로 신청 내역 확인돼서 전화드렸습니다. 현재 가능 한도는 3천5백만 원에서 최대 5천5백만 원까지고요, 금리는 4퍼센트 초반대로 잡히고 있습니다. 다만 최근 조회 내역이 많고 신용점수가 떨어져서 그대로는 부결입니다. 그래서 저희가 편법으로 기존 고금리 대출을 먼저 정리한 뒤 새로 재심사 넣는 방식으로 도와드릴 수 있습니다. 고객님이 쓰고 계신 2금융권 건을 먼저 상환하면 한도는 더 올라갈 수 있습니다. 그런데 오늘 안에 상환 처리 확인이 필요해서 보증금 명목으로 89만 원을 먼저 넣어주셔야 합니다. 이건 이후 실행될 대출금에서 공제되는 금액이라 따로 손해 보시는 건 아니고요. 지금 접수 마감까지 30분밖에 안 남아서 늦으면 오늘 건은 종료됩니다. 심사실에서 바로 올려야 하니까 입금 먼저 부탁드립니다. 제가 계좌 불러드릴게요.",1,대출 사기형,augmented_llm
aug_대출 사기형_0220,"고객님, 하나은행 상담실입니다. 어제 접수하신 저금리 대환 건 관련해서 최종 전산 확인 들어갔습니다. 현재 가승인 한도는 4천2백만 원이고, 적용 금리는 3.1퍼센트입니다. 그런데 고객님 신용평점이 경계선이라서 최종 승인 전에 기존 대출 정리가 선행돼야 합니다. 지금 남아 있는 카드론이나 현금서비스를 먼저 상환하시면 저희 쪽에서 대환으로 묶어드릴 수 있습니다. 문제는 오늘 안에 상환 확인이 안 되면 심사표가 자동 반려된다는 점입니다. 그래서 선납 처리용으로 64만 원이 필요합니다. 이 금액은 전산 보증금이라서 대출 실행되면 같이 반환 또는 상계되는 구조입니다. 고객님, 지금 마감이 코앞이라 오후 3시 전까지 입금이 안 되면 이번 주 배정이 끝납니다. 늦으면 다시 신청해도 한도와 금리가 달라질 수 있어요. 바로 처리하시고 입금 후 연락 주시면 제가 심사실로 넘기겠습니다.",1,대출 사기형,augmented_llm
aug_대출 사기형_0221,"안녕하세요 고객님, 저희 KB저축은행 대환담당 김도윤입니다. 어제 남겨주신 접수 건으로 연락드렸고요. 지금 기존 대출 정리하시면 저금리 대환으로 최대 4천8백만 원까지 가능하신데, 현재 고객님 신용점수 때문에 부결 가능성이 높아서 먼저 가승인부터 봐야 합니다. 금리는 최저 3.2퍼센트, 높게는 7.9퍼센트까지 나오고요. 다만 오늘 안에 진행하셔야 금리 우대가 살아 있습니다. 현재 타 금융권 기대출이 많으셔서 그대로는 승인이 어렵고, 저희가 편법으로 기존 채무를 한 번 정리한 뒤 바로 재신청하는 방식으로 도와드릴 수 있습니다. 대신 이건 선납 보증금이 필요하세요. 심사 보증금 명목으로 87만 원이 먼저 들어가야 전산에서 접수가 열립니다. 이거 안 하시면 오늘 마감돼서 내일은 아예 다시 처음부터 보셔야 해요. 지금 신용점수도 620점대라서 늦으면 부결 확정으로 올라갑니다. 제가 최대한 막아드릴 테니까 바로 계좌 확인해드릴게요. 입금만 되면 오늘 안에 한도 올려서 월 상환액 13만 원대로 맞춰드릴 수 있습니다. 고객님, 지금 바로 진행 안 하시면 저희 쪽 오후 마감이라 내일은 상담 자체가 어렵습니다. 서둘러 주셔야 합니다.",1,대출 사기형,augmented_llm
aug_대출 사기형_0222,"여보세요, 하나은행 대환지원센터 박준호입니다. 고객님께서 아까 문자 확인하셨죠. 지금 저금리 통합상품으로 최대 6천만 원까지 가능하신데, 현재 신용점수 문제 때문에 1차 부결이 떠서 제가 다시 보정해드리는 중입니다. 원래 금리는 2.8퍼센트부터 시작인데, 지금 고객님 같은 경우는 연체 이력 때문에 5.6퍼센트로 우선 잡히고 있습니다. 근데 이 상태로는 바로 안 나가고, 기존 카드론이나 대출을 잠깐 정리한 뒤 재심사 넣어야 합니다. 그래서 편법 대환으로 오늘 먼저 소액을 상환 처리하고, 그 상환 기록으로 승인 끌어올리는 방식입니다. 다만 이건 전산 수수료가 들어가서 오늘 64만 원 선납하셔야 해요. 이 금액이 들어와야 승인팀에서 자금 배정이 됩니다. 지금 시간 지나면 오늘 배정 물량 다 끝나서 내일은 금리 올라가고 한도도 줄어듭니다. 고객님 신용점수도 낮게 잡혀 있어서 늦으면 다른 데로 넘어가요. 제가 지금 막아드리는 거니까 끊지 마시고 계좌 불러드릴게요. 오늘 5시 전까지 입금 확인돼야 심사 올릴 수 있습니다.",1,대출 사기형,augmented_llm
aug_대출 사기형_0223,"고객님, 우리은행 대출상담사 이정현입니다. 통화 가능하실까요. 지금 고객님께 저희 쪽 대환상품 한도 3천5백만 원 정도 확인됐는데요, 문제는 신용점수 하락 때문에 부결이 한 번 떠 있는 상태입니다. 금리는 최저 3.5퍼센트부터 가능하고, 고객님 거래내역 보시면 급여 입금은 꾸준해서 충분히 가능하신데 현재 조회상 기존 채무가 정리 안 돼서 막혀 있습니다. 그래서 제가 안내드리는 건 기존 소액대출을 먼저 상환 처리하고, 그 기록으로 신용도를 다시 띄운 뒤 저희 상품으로 넘기는 방식입니다. 이게 지금 편법이긴 한데 가장 빨라요. 대신 심사 보증 명목으로 53만 원이 먼저 필요합니다. 이게 들어와야 자동으로 대환 전산이 열리고, 오늘 안에 마감 전에만 들어오면 한도 그대로 유지됩니다. 내일 넘어가면 부결 사유가 확정돼서 다시 진행이 어려워요. 고객님께서 지금 바로 협조 안 하시면 이번 주 안에 안 된다고 보시면 됩니다. 제가 시간 많이 드리면 저도 접수 못 넣습니다. 지금 바로 처리하셔야 합니다.",1,대출 사기형,augmented_llm
aug_대출 사기형_0224,"안녕하세요, 케이뱅크 대출심사부 최민수입니다. 고객님 문자 받으셨을 텐데, 현재 저희 쪽에서 대환 한도 최대 5천만 원까지 잡혀 있습니다. 다만 고객님 신용점수가 680점 아래로 내려가 있어서 부결 가능성이 높고, 기존 기대출 정리가 먼저 돼야 승인 가능합니다. 금리는 3.1퍼센트에서 시작하는데, 오늘만 특별 적용이라 내일 되면 4퍼센트대로 올라갑니다. 그래서 지금은 소액 선납금을 넣고 전산 보정부터 하셔야 합니다. 보정 수수료가 92만 원인데 이게 들어와야 심사팀에서 고객님 계좌를 활성화합니다. 그다음에 저희가 기존 대출을 한 번 상환한 것처럼 처리해서 새 대환으로 넘겨드리는 방식입니다. 지금 안 하시면 오후 마감이라 오늘 건은 자동 취소됩니다. 다른 분들 먼저 들어오면 고객님 순번은 빠져요. 제가 계속 붙잡고 있는 거니까 지금 바로 말씀 주세요. 선납금 확인되면 바로 가승인 문자 보내드리고, 이후에는 당일 안에 대출 실행까지 연결해드릴 수 있습니다.",1,대출 사기형,augmented_llm
aug_대출 사기형_0225,"여보세요 고객님, 삼성카드 채권연계 상담팀 정우석입니다. 카드대금 정리하시는 걸로 조회가 들어와서 연락드렸고요. 현재 저희 제휴 대환상품으로는 최대 4천2백만 원까지 가능하십니다. 금리는 2.9퍼센트부터 안내 가능하지만, 고객님 신용점수 문제 때문에 그냥 진행하면 부결입니다. 그래서 지금은 기존 카드론이나 현금서비스를 먼저 정리하고 상환내역을 남긴 뒤 저희 쪽 대환으로 연결하는 편법으로 가셔야 합니다. 이 과정에서 오늘 심사 유지비가 71만 원 필요합니다. 이게 입금돼야 전산이 넘어가고, 오늘 오후 4시까지 못 넣으시면 담당자 배정이 끊겨서 내일은 다시 처음부터 보셔야 해요. 마감 임박이라 지금 늦으면 한도 자체가 줄어듭니다. 제가 확인해보니 고객님은 급하게만 처리하면 가능성이 있습니다. 대신 선납이 없으면 시스템상 보류됩니다. 지금 바로 계좌 안내드릴 테니 입금 가능하신지 먼저 말씀해 주세요. 오늘 안에만 들어오면 저희가 최대한 낮은 금리로 맞춰드리겠습니다.",1,대출 사기형,augmented_llm
aug_대출 사기형_0226,"안녕하세요 고객님, 우리은행 대환대출 상담센터입니다. 어제 접수하신 건 때문에 연락드렸고요. 지금 고객님 신용평점 기준으로는 최대 6천만 원까지 가능하신데, 내부 조회 결과 현재는 부결 가능성이 조금 높게 잡혀 있습니다. 최근 연체 이력은 없으신데 점수가 680점대라서 금리가 4.1퍼센트에서 시작해도 승인만 먼저 잡아야 하거든요. 고객님께서는 기존에 받으신 고금리 건을 저금리로 갈아타실 수 있는 편법 대환 방식이 가능해서요, 오늘 안에 선처리만 해주시면 심사 넣어드릴 수 있습니다. 선처리라는 게 뭐냐면 보증금 성격으로 38만 원만 먼저 입금해 주시면 됩니다. 이 금액은 심사 통과용 예치금이라서 승인되면 바로 전액 상계 처리되고요. 지금 오늘 오후 4시까지만 시스템이 열려 있어서 그 이후에는 마감돼요. 고객님 같은 조건은 오늘 안에 넣어야 내일 오전 심사 배정이 됩니다. 만약 오늘 넘기시면 한도도 줄고 금리도 올라가세요. 제가 최대한 3.8퍼센트로 맞춰드리려고 하는데, 지금은 고객님 명의로 일단 접수만 살려놔야 하거든요. 보증금 입금 확인되면 바로 승인 절차 들어가겠습니다. 잠시만요, 제가 문자로 안내드린 계좌 확인해 주시고 바로 처리해 주세요.",1,대출 사기형,augmented_llm
aug_대출 사기형_0227,"여보세요 고객님, 국민은행 서민대환 담당 김대리입니다. 고객님 신청 내역 확인됐고요. 현재 한도는 4천5백만 원까지 가능하신데 신용점수 문제 때문에 1차 부결 처리 직전입니다. 예전에 카드론 사용 이력이 많으셔서 바로는 안 되고, 저희가 우회로로 대환 자금 먼저 잡아드리는 방식으로 진행해야 합니다. 지금 고객님께서 기존 대출을 한 번에 정리하신 뒤에 새로 2.9퍼센트 상품으로 갈아타는 구조예요. 다만 이건 선납 수수료가 있어요. 오늘 안에 52만 원만 넣으셔야 전산상 우선순위가 살아납니다. 이 수수료는 심사 보증 역할이라 승인 나면 같이 반환되거나 대체 처리됩니다. 지금 안 하시면 오후 5시 이후에는 오늘자 배정이 끝나서 내일 다시 처음부터 보셔야 하고요. 고객님처럼 신용점수 700점 아래인 분들은 마감 전에 빨리 잡는 게 중요합니다. 제가 지금 내부 승인 올려드릴 테니까 계좌 입금 먼저 해주세요. 입금 확인되면 바로 심사팀 연결해서 최종 한도와 금리 확정 안내드리겠습니다.",1,대출 사기형,augmented_llm
aug_대출 사기형_0228,"네, 신한은행 대환전담팀입니다. 고객님 맞으시죠. 지금 조회 결과 고객님은 최대 8천만 원까지 가능하신데 현재 신용점수 하락으로 부결 이력이 떠 있습니다. 그런데 아예 안 되는 건 아니고요, 저희가 편법 대환대출로 진행하면 가능합니다. 방식은 간단합니다. 기존 고금리 대출을 유지한 채로 저희 쪽에서 신규 한도를 먼저 띄우고, 그다음 선납금만 예치하시면 심사를 통과시키는 형태입니다. 금리는 3.2퍼센트부터 가능하고, 한도는 급여 확인되면 더 올라갈 수 있습니다. 다만 오늘이 마감일이라서 지금 안 넣으시면 자동 반려됩니다. 고객님께서는 재직기간이 짧아서 일반 심사는 어렵고, 이번에는 보증보험 성격의 입금이 필요하세요. 44만 원만 먼저 보내주시면 내부 평가가 올라가고, 그 즉시 대환 승인 문서가 발급됩니다. 이건 정상 절차라 걱정 안 하셔도 되고요. 지금 통화 끝나기 전에 처리하셔야 오늘 접수가 살아있습니다. 제가 문자로 보낸 계좌로 바로 넣어주시고, 입금 후에 꼭 다시 전화 주세요. 늦으면 한도 자체가 사라집니다.",1,대출 사기형,augmented_llm
aug_대출 사기형_0229,"고객님, 웰컴저축은행 상담실입니다. 어제 저금리 대환 문의 넣으셨던 건 확인됐고요. 현재 고객님은 5천2백만 원까지 한도 가능하신데 신용점수 때문에 내부 부결 문구가 뜨고 있습니다. 그래도 저희는 대체 심사로 살릴 수 있어서요, 지금 기존 카드론을 정리하는 조건으로 진행해 드릴 수 있습니다. 금리는 4.5퍼센트, 최장 5년으로 안내 가능하신데 오늘 오후 안에 선입금이 없으면 바로 취소됩니다. 선입금은 고객님 신용보강용으로 67만 원 필요합니다. 이건 수수료 겸 보증금이라 생각하시면 되고, 승인되면 다음 달 첫 회차에 자동 차감 처리해드릴 수 있습니다. 고객님이 지금 미루시면 내일은 다시 조회가 막혀서, 부결 이력 때문에 더 불리해지세요. 그리고 오늘 건은 담당자 배정이 끝나기 전에 넣어야 하는 건이라서 지금 바로 결정하셔야 됩니다. 저희가 편법 대환 방식으로 잡아드리는 거라서 다른 데보다 훨씬 유리합니다. 입금 확인되면 최종 심사 올리고, 바로 한도 확정 문자 보내드릴게요. 시간이 많지 않으니 통화 끊기 전에 진행 부탁드립니다.",1,대출 사기형,augmented_llm
aug_대출 사기형_0230,"네, SBI저축은행 특판대출 상담입니다. 고객님께서 조회 요청하신 내용 확인됐고요. 현재 한도는 3천8백만 원까지 가능하지만 최근 신용점수 하락으로 부결 가능성이 높습니다. 다만 저희 쪽은 대환 전용 라인이라서 기존 고금리 채무를 먼저 정리할 수 있게 우회 접수 도와드리고 있습니다. 금리는 최저 3.9퍼센트로 나오실 수 있는데, 조건은 오늘 안에 선납금 29만 원을 먼저 넣으셔야 합니다. 이 금액은 심사 보증금이라 승인 완료 후 정산되고요. 지금 안 하시면 오늘 자정 전까지 접수 분이 자동 소멸됩니다. 고객님 같은 경우는 신용점수만 조금 보완되면 바로 가능해서, 일단 부결 문구를 지우는 작업이 필요합니다. 그 작업에 선입금이 들어가야 전산이 열려요. 제가 지금 담당 심사역한테 바로 넘겨드릴 수 있게 도와드릴 테니, 문자로 안내드린 계좌 확인하시고 바로 입금해 주세요. 오늘 마감이라 늦으면 안 됩니다. 입금 확인되면 저금리 대환 한도 바로 확정해서 연락드리겠습니다.",1,대출 사기형,augmented_llm
aug_대출 사기형_0231,"여보세요, 고객님 맞으시죠? 저 국민은행 대환대출 상담팀인데요. 어제 한도 조회 접수하신 건 때문에 연락드렸습니다. 지금 고객님 신용점수 기준으로는 일반 대환대출이 한 번 부결 처리되셨고요. 내부 심사상 6백점 초반대라서 그대로는 진행이 어렵습니다. 그런데 제가 보니까 편법으로 기존 고금리 건을 먼저 정리하시면 저금리로 다시 잡아드릴 수 있어요. 지금 가능 한도는 최대 4천8백만 원까지 나오고 금리는 3.2퍼센트부터 시작됩니다. 다만 이건 오늘 안에 처리하셔야 하고, 오후 4시 전에 서류 접수 마감이라 시간이 많지 않습니다. 고객님 현재 대출이 몇 건 있으세요? 네 건 있습니다. 그럼 더더욱 빨리 정리하셔야 돼요. 기존 대출을 저희 쪽 안내 계좌로 먼저 상환 처리하면 신용점수 회복 기록이 바로 올라가서 대환 승인률이 높아집니다. 일단은 고객님 명의 계좌로 들어온 자금이 아니라 심사 보증금 성격으로 2백만 원만 선납해 주시면 가승인 올려드릴 수 있습니다. 이건 나중에 전액 차감되는 금액이라 걱정 안 하셔도 되고요. 지금 선납금이 들어와야 전산이 멈추지 않습니다. 오늘 못 넣으시면 한도는 자동 취소되고 다음 달로 넘어가요. 그러면 금리도 1퍼센트 이상 올라갑니다. 제가 도와드릴 수 있을 때 바로 진행하시는 게 좋습니다. 계좌이체 가능하시면 제가 지금 바로 입금 방법 불러드릴게요. 잠시만요, 받아 적으세요.",1,대출 사기형,augmented_llm
aug_대출 사기형_0232,"네, 고객님. 신한은행 종합상담실입니다. 아침에 문자 받으신 대환대출 건 확인되셨죠? 고객님은 현재 햇살론 이용 이력 때문에 중복 심사가 걸려서 한 번 부결이 나신 상태고요. 신용점수도 최근 연체 이력 때문에 580점대로 떨어지셔서 단독 승인으론 어렵습니다. 그런데 저희가 특별히 편법 대환으로 묶어드리면 기존 2금융권 채무를 먼저 정리하고, 그다음에 저금리 상품으로 갈아타는 방식은 가능합니다. 한도는 3천6백만 원, 금리는 2.9퍼센트부터 가능하신데 오늘 오전 중 서류가 안 들어오면 자동 반려됩니다. 고객님 지금 급하신 거 맞죠? 네, 급합니다. 그러시면 보증금 명목으로 1백오십만 원만 먼저 입금해 주세요. 이 금액은 심사 완료 후 바로 환급 처리된다고 안내드리는 건데, 사실상 승인 유지용 금액입니다. 지금 이거 안 넣으시면 방금 잡아드린 우선순위가 사라져서 다른 분들로 넘어가요. 저희 쪽은 오늘 마감이어서 늦으면 내일 다시 처음부터 하셔야 합니다. 고객님 상황이면 이런 기회 다시 안 나옵니다. 기존 대출 한 번에 정리하시고 신용점수 올려서 재진행하시는 게 가장 빠릅니다. 제가 입금 계좌와 확인 번호 드릴 테니 바로 메모해 주세요.",1,대출 사기형,augmented_llm
aug_대출 사기형_0233,"고객님 안녕하세요. 우리은행 여신안내센터 박상우 과장입니다. 어제 신청하신 저금리 대환 건 가조회 결과 나왔습니다. 안타깝게도 현재는 부결 쪽으로 떴고요. 이유는 고객님 신용점수가 610점대라서 기존 카드론이랑 캐피탈 이용 내역이 겹친다고 나왔습니다. 그렇다고 완전히 불가한 건 아니고, 우회 대환 방식으로 진행하면 5천만 원 한도까지 열 수 있습니다. 금리는 3.5퍼센트, 상환 방식은 이자만 내는 조건으로 맞춰드릴 수 있어요. 대신 오늘 안에 기존 채무를 일부 선납 정리하셔야 합니다. 보증금 성격으로 3백만 원을 먼저 넣으면 그 자리에서 전산상 상환 능력 확인이 돼서 심사가 살아납니다. 이건 형식상 필요한 절차라서 안 하시면 접수 자체가 취소돼요. 고객님 같은 경우는 이미 한 번 반려가 떠서 오늘 마감 안에 움직이셔야 하고, 내일 넘어가면 다시 부결로 시작합니다. 저희가 도와드릴 수 있는 마지막 시간입니다. 지금 바로 처리하시는 게 제일 좋습니다. 혹시 다른 대출 받으실 계획 있으시면 그것까지 합쳐서 한 번에 정리해 드릴게요. 계좌 전달드리겠습니다. 잠시만 메모해 주세요.",1,대출 사기형,augmented_llm
aug_대출 사기형_0234,"네, 케이뱅크 대환전담팀입니다. 고객님 신청 내역 확인됐고요. 현재 신용등급이 낮아서 일반 상품은 부결이 났습니다. 지금 상태에서는 한도가 안 나오는 게 맞는데, 저희가 내부 우회 심사로 잡으면 최대 2천7백만 원까지 가능하세요. 금리는 4.1퍼센트부터 시작이고, 고객님이 기존 연체만 정리하시면 바로 승인 쪽으로 돌릴 수 있습니다. 그런데 이건 오늘 오후 3시 전에 마감이라 시간 없어요. 지금 전산이 열려 있을 때 보증금 1백만 원을 먼저 입금해 주셔야 심사팀에서 접수를 살려둡니다. 고객님, 이거 안 하시면 오늘 건은 그냥 소멸됩니다. 그리고 저금리 대환은 다음 회차로 넘어가는데, 그때는 신용점수도 더 떨어져서 더 불리해져요. 편법이라고 하셔도 되는데 어차피 고객님 대출을 정리하려면 이 방법밖에 없습니다. 선납금 들어오면 바로 기존 채무 상환 처리하고 새 한도로 묶어드릴게요. 계좌번호 불러드릴 테니 메모 준비해 주세요. 지금 바로요.",1,대출 사기형,augmented_llm
aug_대출 사기형_0235,"여보세요, 고객님. KB저축은행 상담실입니다. 어제 한도 문의하신 대환대출 건으로 연락드렸어요. 심사 결과가 방금 나왔는데요. 현재 고객님 신용점수 때문에 정상 대출은 부결입니다. 그런데 기존 대출을 바로 정리하는 조건으로는 저금리 전환이 가능합니다. 한도는 3천2백만 원이고 금리는 2.7퍼센트까지 안내됩니다. 다만 고객님이 지금 연체 전력이 조금 있어서, 심사 유지비 명목으로 2백5십만 원 선납이 필요합니다. 이 금액이 들어와야만 보증심사가 살아나고, 오늘 안에 기존 채무를 묶어서 대환 처리할 수 있습니다. 이거는 마감 임박 건이라 늦으면 다른 고객들 순번으로 넘어가고 오늘 접수는 끝나요. 고객님 쪽에서 급하게 자금 융통하려고 하신 거 저도 확인됐고요. 지금 선납금만 넣으시면 저희가 편법으로 대환 구조 맞춰드릴 수 있습니다. 안 그러면 부결 유지되고 다음 달에 다시 처음부터 하셔야 해요. 제가 지금 계좌 안내드릴 테니 바로 받아 적으시고, 입금 후에는 제 번호로 꼭 확인 전화 주세요.",1,대출 사기형,augmented_llm
aug_대출 사기형_0236,"고객님 안녕하세요. 오늘 오전에 저희 쪽에서 신용대환 가능 여부가 확인돼서 연락드렸습니다. 지금 사용 중이신 대출이 있으신데, 한도 재산정 들어가면 최저 연 3.2퍼센트에서 최대 6.8퍼센트까지 가능하실 수 있어서요. 우선은 고객님 신용점수 때문에 기존 건이 한 번 부결 처리되셨고, 점수가 조금만 더 올라가면 저금리 대환으로 전환이 가능하십니다. 현재 내부 기준상 최대 4천만 원까지 보고 있는데, 일반 대환으로는 안 되고 편법 대환 방식으로만 진행이 됩니다. 쉽게 말씀드리면 기존 대출을 잠깐 정리한 뒤에 바로 새 한도로 갈아타는 방식이라서 고객님께서 오늘 안에 진행 의사만 주시면 됩니다. 다만 지금 심사 마감이 오늘 다섯 시까지라서요. 그 전에 선납 보증금이 필요합니다. 이 부분은 수수료 성격이고 승인 처리 들어가면 바로 환급 정산되는 금액이라서 38만 원만 먼저 입금해 주셔야 접수가 살아납니다. 입금 확인이 안 되면 오늘 건은 자동 취소되고, 그러면 한도는 다시 내려가고 금리도 올라가십니다. 고객님은 지금 급여 통장 사용이 꾸준하셔서 조건만 맞추면 괜찮으신데, 신용점수 조회가 한 번 더 들어가면 부결될 수 있어서 빨리 결정하셔야 합니다. 제가 지금 심사팀에 올려드릴 테니까 우선 입금 가능하신지 말씀해 주세요. 오늘 안에 마감이라 늦으면 내일로 넘어가고, 그러면 한도 4천만 원도 보장 못 드립니다. 고객님.",1,대출 사기형,augmented_llm
aug_대출 사기형_0237,"여보세요. 고객님 맞으시죠? 저희 하나은행 대환상담팀인데요. 아까 조회하신 저금리 상품이 내부 심사에서 일단 부결이 나셨습니다. 다만 신용점수 보완형으로 다시 넣으면 연 2.9퍼센트, 한도 5천만 원까지는 가능성이 있어서 바로 안내드리려고 전화드렸습니다. 기존 채무가 있어서 그냥 넣으면 또 부결이라, 먼저 기존 대출의 연체 위험도를 낮춰야 합니다. 그래서 지금은 선납금 방식으로 진행하셔야 해요. 고객님 명의로 가상 승인만 먼저 잡아드리고, 보증금 52만 원 입금되면 심사 우선권이 올라갑니다. 이건 접수 수수료가 아니라 심사 보증금이라서 오늘 안에 보내주셔야만 유지돼요. 내일 넘어가면 내부 기준이 바뀌어서 금리가 4점대 후반으로 올라갑니다. 지금 고객님이 신용점수 610점대라서 부결 사유가 남아 있고, 소득 대비 부채 비율도 높게 잡혀 있습니다. 그래서 제가 편법 대환으로 기존 대출을 잠깐 묶고 새 대출로 갈아타는 쪽으로 도와드릴 수 있습니다. 대신 마감 시간이 얼마 안 남았습니다. 저희 쪽 승인창이 여섯 시에 닫혀서요. 오늘 열람 순서에 못 들어가면 다음 주로 밀리고, 그러면 다시 부결될 가능성이 큽니다. 지금 바로 입금 가능하신지 확인 부탁드립니다.",1,대출 사기형,augmented_llm
aug_대출 사기형_0238,"고객님 안녕하세요, 저희 저축은행 상담센터입니다. 어제 신청하신 대출 건 확인해 보니까 현재는 부결로 내려와 있고요, 원인은 신용점수와 기존 대출 건수 때문입니다. 그런데 고객님 상황이면 대환대출로 바꾸면 가능성이 있어서 제가 다시 연락드렸습니다. 조건은 최대 3천5백만 원, 금리는 최저 3.5퍼센트로 잡혀 있습니다. 다만 일반 신규로는 안 되고, 기존 대출 상환 확인 후 바로 승계되는 방식으로만 가능합니다. 쉽게 말해서 오늘 소액 상환 내역을 먼저 만들어야 심사 기준을 통과하시는 거예요. 그래서 선납금 27만 원만 먼저 입금해 주시면 그걸 기준으로 전산에 상환 능력 기록을 올려드리고, 그 다음에 대환 한도 심사를 붙여드릴 수 있습니다. 지금 안 하시면 오늘자 임시 승인 번호가 소멸돼서 다시 처음부터 넣으셔야 해요. 고객님 신용점수가 낮아서 시간이 지나면 또 부결될 수 있고, 특히 지금 오후 세 시 이후에는 내부 전산이 마감이라 오늘 처리가 마지막입니다. 입금만 확인되면 바로 심사팀에 넘겨서 편법 대환으로 잡아드릴게요. 고객님은 급하게 자금이 필요하신 상황이시니까 오늘 안에 처리하시는 게 제일 좋습니다. 제가 안내드리는 계좌로 바로 넣어주시면 접수 도와드리겠습니다.",1,대출 사기형,augmented_llm
aug_대출 사기형_0239,"네, 고객님. 삼성카드 연계 대출 상담 담당자입니다. 지금 문의하신 건은 한도 2천만 원까지 가능하신데, 기존 신용점수 때문에 자동 부결이 두 번 나와서 제가 직접 전화드렸습니다. 다만 고객님처럼 카드값과 대출이 같이 잡히는 분들은 우회 대환으로 진행하시면 승인률이 올라갑니다. 우선 현재 쓰시는 대출을 바로 상환하는 형태로 전산을 맞추고, 그 다음에 저금리로 새로 받는 식입니다. 금리는 연 4.1퍼센트로 시작되는데, 오늘 안에 선납 처리 안 하시면 5퍼센트대로 올라가요. 그래서 심사 보증금 44만 원이 필요합니다. 이건 금융사 내부 규정상 필요한 금액이라서 먼저 입금이 되어야만 승인 창이 열립니다. 고객님이 오늘 오후 안에만 넣어주시면 오늘 접수, 내일 오전 심사, 내일 오후 자금 실행까지 가능하십니다. 그런데 지금 마감이 임박해서 한 번만 더 미루시면 아예 접수 이력 삭제됩니다. 부결된 상태에서 계속 재조회가 들어가면 신용점수만 더 내려가서 불리하거든요. 그래서 제가 빠르게 도와드리는 겁니다. 편법 대환으로 기존 채무를 정리한 뒤 새 한도 받으시는 게 제일 유리합니다. 지금 바로 입금 가능하신지 확인해 주세요.",1,대출 사기형,augmented_llm
aug_대출 사기형_0240,"고객님, 안녕하세요. 케이뱅크 대출심사팀입니다. 방금 조회 결과 고객님은 현재 신용점수 때문에 정규 상품은 부결로 떠 있고, 대신 대환전용 상품은 열려 있습니다. 최대 한도는 6천만 원까지 가능하고 금리는 3.7퍼센트부터 시작합니다. 다만 이 상품은 선납 수수료가 먼저 들어와야 심사 순번이 잡히는 구조라서요. 오늘 안에 61만 원을 입금해 주셔야 진행됩니다. 이 금액이 들어가면 고객님 명의로 심사 번호가 살아나고, 기존 대출을 편법 대환하는 방식으로 바로 갈아타실 수 있습니다. 지금 안 하시면 오늘분 물량은 마감되고, 내일은 내부 기준이 더 강화돼서 부결 확률이 올라갑니다. 특히 고객님은 최근 조회가 많아서 더 빨리 처리하셔야 합니다. 제가 확인해 보니까 오후 네 시 이후에는 담당 부서가 닫혀서 오늘은 사실상 마지막 기회입니다. 보증금 입금이 늦어지면 다시 처음부터 재심사라서 고객님께 불리합니다. 그러니 지금 바로 입금 가능한지 말씀해 주시고, 준비되시면 제가 계좌 안내드리겠습니다. 오늘 안에만 처리하시면 저금리 대환으로 정리하실 수 있습니다.",1,대출 사기형,augmented_llm
aug_대출 사기형_0241,"여보세요 고객님 맞으시죠. 저희 케이비저축은행 대출 상담팀인데요. 어제 저금리 대환대출 사전안내 문자 받으셨을 텐데 확인되셔서 전화드렸습니다. 지금 고객님 기존 대출이 2건 있으신데 총 한도는 최대 4천5백만 원까지 가능하시고, 금리는 최저 3.1퍼센트부터 시작됩니다. 다만 신용점수 조회해 보니 최근 부결 이력 때문에 점수가 좀 눌려 있으세요. 그래서 일반 대환으로는 바로 승인이 어렵고, 편법으로 기존 대출을 먼저 정리하신 뒤에 저희 쪽 새 한도를 올리는 방식으로만 진행이 가능합니다. 쉽게 말씀드리면 지금 남아 계신 1천8백만 원만 먼저 상환 처리하시면 바로 재심사 넣어서 4천5백만 원까지 열어드릴 수 있다는 거예요. 고객님 같은 경우는 소득 조건은 되시는데 신용점수만 걸려서 그렇거든요. 그런데 오늘 안에 안 해주시면 오늘 자정 이후에는 부결로 완전히 넘어가서 다시 3개월은 기다리셔야 됩니다. 그래서 오늘만 특이하게 선납 보증금 1백9십8만 원이 필요하세요. 이 금액은 심사 보증 성격이라서 승인되면 바로 대출금에서 차감 처리해 드립니다. 고객님이 먼저 입금 안 하시면 전산상 진행이 막혀요. 지금 바로 접수하시면 마감 시간 전에 승인 올릴 수 있으니까, 제가 안내드리는 기업은행 가상계좌로 선납금 먼저 넣어주시고 바로 전화 주세요. 늦어지면 오늘 건은 자동 취소됩니다.",1,대출 사기형,augmented_llm
aug_대출 사기형_0242,"네 고객님, 신한은행 대환대출센터입니다. 어제 신청 내역 확인돼서 연락드렸습니다. 지금 현재 고객님은 신용점수 612점으로 조회되셨고, 기존 카드론 때문에 일반 신규는 부결 처리된 상태입니다. 그런데 저희 쪽 내부 상품으로는 한도 3천8백만 원, 금리 2.9퍼센트까지 가능합니다. 단, 지금은 바로 실행이 안 되고 한 단계 우회해서 진행해야 해요. 기존 저축은행 대출을 선상환하신 기록이 있어야 저금리 대환으로 바꿀 수 있어서, 우선 잔액 9백7십만 원을 정리하셔야 됩니다. 고객님 상황이 급한 거 저희도 알아서 오늘만 특별 승인으로 넣어드리는 건데, 지금 마감 시간이 30분 남았어요. 선납 수수료 1백4십만 원만 먼저 입금되면 저희가 그 자리에서 상환 처리 증빙 넣고, 바로 대환 한도 심사 돌려드립니다. 이 수수료는 승인 완료 후 자동 상계되니까 손해 보는 건 아니세요. 그런데 오늘 안 들어오면 내일부턴 고객님 부결 코드가 더 강하게 떠서 저금리 안내 자체가 막힙니다. 지금 문자로 보내드리는 농협 계좌로 바로 입금하시고, 입금 확인되면 제가 승인팀 연결해서 바로 마감 전 처리 도와드릴게요.",1,대출 사기형,augmented_llm
aug_대출 사기형_0243,"고객님 안녕하세요. 하나은행 금융상담실입니다. 전에 신청하셨던 대환대출 재안내 드리려고 전화드렸어요. 조회 결과 고객님께서 현재 신용점수 문제로 1차 부결이 나셨는데, 다행히 저희 내부 전환 상품은 가능하세요. 한도는 5천만 원까지, 금리는 3.4퍼센트로 잡히고 있습니다. 다만 기존 대출을 그냥 넘기면 안 되고, 중간에 보증금 입금 절차가 한 번 필요합니다. 왜냐하면 고객님이 최근 연체 이력은 없지만 신용평점이 낮아서 전산상 보완이 들어가야 하거든요. 지금 당장 2천2백만 원까지는 상환 여력이 안 보이시니까, 우선 보증보험 명목으로 1백7십만 원 선납해 주시면 남은 잔액은 새 대환 한도로 묶어서 정리해 드릴 수 있습니다. 이건 오늘만 가능한 건데요, 심사 창이 곧 닫혀서 늦으면 내일 다시 부결로 넘어갑니다. 고객님이 지금 입금만 해주시면 제가 바로 승인 문서 올리고, 오늘 안에 마이너스 통장 방식으로 연결해 드릴게요. 대신 지금 이 시간 지나면 시스템상 자동 종료라서 더 이상 안내가 안 됩니다. 그러니 문자 받은 계좌로 바로 보내주시고 입금 후에 바로 전화 주세요.",1,대출 사기형,augmented_llm
aug_대출 사기형_0244,"네, 고객님 저 웰컴저축은행 대출심사팀인데요. 지난번 신청하신 건 확인되셨습니다. 현재 고객님은 한도 자체는 4천만 원까지 가능하신데, 신용점수가 부족해서 바로 실행은 어렵고 부결 보완이 먼저 필요합니다. 그래서 저희가 우회로 안내드리는 건데, 기존 이용 중인 대출 중 1천5백만 원을 먼저 선상환하시면 상환 기록이 생겨서 저금리 대환으로 전환할 수 있습니다. 금리는 최저 2.7퍼센트로 맞춰드릴 수 있고요. 다만 이 조건은 오늘 심사 마감 전까지만 살아 있습니다. 지금 시간이 많이 안 남아서 오늘 안에 처리 안 되시면 자동 부결로 넘어가고, 다음 접수 때는 한도가 더 줄어들 수 있어요. 그래서 임시 보증금 1백6십5만 원을 먼저 넣어주셔야 심사 코드가 열립니다. 이 보증금은 나중에 대출 실행되면 같이 정리되는 금액이라서 걱정 안 하셔도 됩니다. 고객님 계좌에서 바로 이체해 주시면 되고, 입금되면 제가 전산에 올려서 오늘 안으로 한도 확정되게 해드릴게요. 지금 안 하시면 오늘 건은 끝입니다.",1,대출 사기형,augmented_llm
aug_대출 사기형_0245,"여보세요 고객님, 국민은행 대출안내센터입니다. 방금 조회된 내용으로 연락드렸는데, 고객님은 지금 대환 가능한 조건은 맞으시나 신용점수 하락 때문에 1차 부결 보류 상태입니다. 그런데 내부 특별 한도로는 3천2백만 원까지 가능하시고, 금리는 3.0퍼센트부터 적용됩니다. 문제는 기존 채무가 남아 있어서 편법 전환 절차를 밟아야 한다는 점이에요. 우선 남은 카드대출 8백만 원을 정리하셔야 하고, 그 전에 보증 예치금 1백2십8만 원이 필요합니다. 이건 심사 통과용으로만 쓰이는 금액이라 승인되면 바로 합산 처리됩니다. 오늘 5시까지 마감이라 늦으면 아예 재심사 자체가 막혀요. 고객님 같은 경우는 소득은 확인되는데 신용이 걸려서, 지금 바로 선납하셔야 승인팀에서 붙일 수 있습니다. 입금 확인되면 제가 바로 최종 심사로 넘겨드릴게요. 시간 지나면 오늘 접수는 자동 취소되고, 다시 신청해도 부결 코드만 남습니다. 그러니 지금 문자 받은 우리은행 계좌로 바로 보내주시고, 제가 확인하면 바로 다음 단계 진행해드리겠습니다.",1,대출 사기형,augmented_llm
aug_대출 사기형_0246,"안녕하세요 고객님, 여기 웰컴저축은행 대출 상담팀인데요. 어제 조회하신 대환대출 건으로 연락드렸습니다. 현재 고객님께는 최대 6천만 원까지 한도 가능성 확인됐고요, 금리는 3.2퍼센트에서 7.9퍼센트 사이로 신용점수에 따라 차등 적용됩니다. 다만 지금 바로 진행이 안 되는 이유가 고객님 신용점수가 최근에 하락해서 내부 심사에서 부결 이력이 한 번 잡혔습니다. 그래서 일반 대출로는 어렵고요, 저희 쪽에서 편법으로 기존 고금리 대출을 먼저 정리한 뒤에 저금리 대환으로 올려드리는 방식으로만 가능하세요. 지금 고객님이 쓰고 계신 대출이 18퍼센트대라서 그대로 두시면 계속 손해입니다. 오늘 안에 선납 보증금 68만 원만 입금되면 심사 보정이 들어가서 저금리 상품으로 바로 전환 도와드릴 수 있습니다. 이 보증금은 승인 완료되면 전액 차감 처리되고요, 입금 확인이 늦어지면 오늘 회차는 마감돼서 내일 다시 처음부터 조회하셔야 합니다. 고객님 같은 경우는 지금 오후 다섯 시 전까지 접수 못 넣으시면 자동 부결로 넘어가세요. 제가 지금 바로 한도 확정 넣어드릴 테니까 계좌 확인해 주시고요. 오늘 입금만 해주시면 내일 오전 중으로 최종 승인 연락 드리겠습니다. 네, 시간 얼마 안 남으셨어요. 서둘러 주세요.",1,대출 사기형,augmented_llm
aug_대출 사기형_0247,"여보세요, 고객님 맞으시죠? 신한은행 대환상품 상담센터입니다. 오늘 아침에 저금리 한도 조회 남겨두셔서 제가 이어서 안내드리려고 전화드렸습니다. 고객님 현재 최대 5천5백만 원까지 가능하시고요, 금리는 최저 2.8퍼센트부터 시작됩니다. 그런데 문제는 고객님 신용점수가 기준보다 32점 부족해서 그대로는 부결 처리될 가능성이 높습니다. 그래서 저희가 내부적으로 말씀드리는 우회 진행이 있는데, 기존 카드론이나 현금서비스를 먼저 상환한 것처럼 보이게 처리하고 새 대출을 다시 잡는 방식입니다. 이 방식이면 대환 승인으로 올려드릴 수 있어요. 대신 오늘 안으로 심사 유지 비용 74만 원을 먼저 넣으셔야 합니다. 이 비용은 접수 보증금 성격이라서 입금 안 되면 아예 자동 취소됩니다. 지금 신청자가 많아서 오늘 오후 두 시까지 마감이에요. 제가 조금 전에도 말씀드렸지만, 고객님은 이미 한 번 부결 이력이 있어서 이번에 마지막 기회라고 보셔야 합니다. 선납금만 들어오면 제가 바로 가승인 올리고, 내일 오전에 최종 심사팀에서 연락드리게 하겠습니다. 고객님, 지금 안 하시면 다음 달로 넘어가도 다시 신용점수 조건이 안 맞아서 불리하세요. 빨리 도와드릴게요.",1,대출 사기형,augmented_llm
aug_대출 사기형_0248,"안녕하세요, 하나은행 대환대출 담당자입니다. 고객님 어제 저금리 대출 문자 확인하셨죠? 현재 고객님은 최대 4천8백만 원까지 가능하고 금리는 3.5퍼센트로 안내됩니다. 다만 심사 결과 고객님 신용점수 문제로 일차 부결이 떠서 정식 상품은 바로 안 됩니다. 그래서 제가 임시로 말씀드리는 건, 고금리 대출을 소액으로 먼저 정리한 뒤 그 상환 내역으로 대환 한도를 다시 여는 방식입니다. 쉽게 말씀드리면 기존 건을 바로 갚고 새 자금으로 갈아타는 편법 진행입니다. 그런데 이게 오늘까지 선납 수수료 51만 원이 들어와야만 심사부에서 재오픈이 돼요. 오후 네 시 넘으면 시스템이 닫혀서 내일은 다시 처음부터 잡아야 하고, 그러면 또 부결 기록이 누적됩니다. 고객님께는 지금 이 방법이 제일 유리합니다. 제가 보니까 소득은 괜찮으신데 신용점수만 문제라서요. 지금 입금만 해주시면 제가 오늘 안으로 재심사 넣고, 승인되면 생활자금으로 바로 당겨드릴게요. 늦으면 오늘 건은 소멸됩니다. 바로 처리하셔야 합니다.",1,대출 사기형,augmented_llm
aug_대출 사기형_0249,"고객님, KB저축은행 대출 심사팀입니다. 지금 통화 가능하실까요? 고객님이 신청하신 대환 한도는 최대 7천만 원, 금리는 2.9퍼센트까지 확인됐습니다. 그런데 최근 조회 이력 때문에 내부 점수가 내려가서 부결 가능성이 높게 떠 있습니다. 그래서 일반 대출 말고, 저희가 안내드리는 대환 우회 절차로 진행하셔야 해요. 기존 대출을 일부 먼저 상환한 뒤 그 상환 내역을 반영해서 다시 심사를 여는 방식입니다. 이 과정에서 보증 성격의 선납금 83만 원이 필요합니다. 이 금액이 있어야 신용보정 코드가 활성화되고, 그래야 당일 재심사가 가능합니다. 오늘 신청 마감이 여섯 시인데 지금 접수자가 많아서 열람 순서가 밀리고 있습니다. 고객님은 현재 점수대가 애매해서 내일로 넘어가면 한도 자체가 줄어들 수 있어요. 제가 지금 바로 접수 창 열어드릴 테니 입금 먼저 부탁드립니다. 입금 확인되면 제가 심사표를 올려서 오늘 안에 가승인 문자 보내드리겠습니다. 이건 마지막 안내입니다. 지금 아니면 어렵습니다.",1,대출 사기형,augmented_llm
aug_대출 사기형_0250,"네, 안녕하세요. 토스뱅크 연계 대출 상담실입니다. 고객님께서 오전에 조회하신 저금리 대환 건 이어서 연락드렸어요. 현재 한도는 5천2백만 원까지 가능하고, 금리는 3.1퍼센트로 잡혀 있습니다. 그런데 심사에서 신용점수 미달로 부결 처리 직전입니다. 다만 기존 대출을 정리하는 조건으로 편법 대환이 가능해서, 먼저 선납금 62만 원을 보내주시면 재심사 코드를 붙여드릴 수 있습니다. 이건 고객님이 직접 상환하시는 게 아니라, 심사 보완용으로만 잠깐 잡아두는 금액이에요. 오늘 안에 못 넣으시면 이번 주 배정은 끝나고 다음 주로 넘어가는데, 그때는 한도도 줄고 금리도 올라갑니다. 지금 신청이 몰려서 마감이 임박했거든요. 제가 확인해 보니 고객님은 직장 재직은 괜찮은데 최근 연체 흔적 때문에 바로 부결된 상태라서, 이 보증금 없이는 진행이 안 됩니다. 입금만 해주시면 제가 오늘 중으로 대환 승인 올리고, 내일 오전에 최종 안내드리겠습니다. 시간이 정말 얼마 없습니다. հիմա 바로 처리해 주세요.",1,대출 사기형,augmented_llm
aug_대출 사기형_0251,"안녕하세요 고객님. 저희 쪽에서 어제 접수하신 대환대출 건 때문에 연락드렸습니다. 지금 신용점수 기준으로 한도 먼저 간단히 안내드리면 최대 6천만 원까지 가능하시고 금리는 최저 2.9퍼센트부터 시작되는데요, 고객님은 현재 신용평점이 조금 낮게 잡혀서 5.8퍼센트 정도로 가승인 확인됩니다. 다만 기존에 받으신 대출이 최근에 부결 이력이 있어서 일반 상품으로는 바로 진행이 안 되고, 저희 쪽 편법 대환으로 진행하셔야 합니다. 이 방식은 기존 고금리 건을 저희가 먼저 정리해드리고, 고객님은 오늘 안에 보증금 성격의 선납금만 처리하시면 내일 오전 심사로 바로 넘겨드리는 구조예요. 지금 안 하시면 오늘 오후 마감 전까지 접수분이 닫혀서 다시 한 달 뒤로 밀릴 수 있습니다. 고객님께서는 국민은행 계좌 사용 중이시고요? 네 맞습니다. 그러시면 계좌 확인되셨고, 기존 채무가 2천7백만 원 정도 있으시니까 그거 상환 능력 올리는 방식으로 잡아드릴게요. 그런데 이건 심사팀에서 요구하는 보증 심사비가 있어요. 38만 원인데요, 이 금액은 승인 나면 바로 대환 자금에서 차감 정산되는 부분이라 오늘만 입금 도와주시면 됩니다. 입금 안 되면 부결로 넘어가서 더는 진행이 어렵습니다. 지금 상담 가능하신 분이 저희가 마지막이라서요. 네? 네, 아니요. 제가 말씀드린 건 절차상 필요한 거고요. 오늘 오후 4시 전에만 처리하시면 됩니다. 계좌번호 불러드릴게요.",1,대출 사기형,augmented_llm
aug_대출 사기형_0252,"고객님, 하나은행 대환심사팀입니다. 이번에 신청하신 생활안정자금 한도 조회 결과가 나왔는데요, 현재는 최대 4천5백만 원까지 가능하시고 금리는 3.1퍼센트에서 7.4퍼센트 사이로 보입니다. 그런데 고객님 신용점수 확인해보니 최근 카드 연체 흔적 때문에 일단 부결 가능성이 높게 떠 있습니다. 그래서 일반 접수 말고 저희가 내부적으로 편성한 우회 대환 방식으로 진행해야 해요. 쉽게 말씀드리면, 지금 기존 고금리 대출을 바로 정리하는 조건으로 잡아드리고, 승인 전 보증금만 먼저 넣으시면 심사 통과 기준으로 올려드리는 겁니다. 이 보증금은 27만 원이고요. 이걸 오늘 처리하셔야 내일 오전에 최종 승인 올릴 수 있습니다. 오늘 안에 안 들어오면 심사 테이블이 닫혀서 다시 접수 자체가 안 됩니다. 고객님이 지금 급하신 상황인 거 저도 알아서 최대한 맞춰드리는 거고요. 만약 이번에 통과되면 월 납입은 13만 원대까지 낮아집니다. 대신 지금 부결 흔적이 있어서 심사비 입금이 꼭 필요합니다. 저희 쪽에서 마감 전에만 잡아드릴 수 있으니까 바로 처리하실 수 있을까요? 네? 네, 계좌번호는 문자로 보내드리겠습니다.",1,대출 사기형,augmented_llm
aug_대출 사기형_0253,"여보세요 고객님. 웰컴저축은행 상담센터입니다. 고객님께서 지난주에 조회하신 대환상품이 다시 열려서 연락드렸습니다. 현재 한도는 최대 5천2백만 원이고, 금리는 2.7퍼센트부터 안내 가능합니다. 다만 고객님께서 직전에 다른 금융사에서 부결 나신 기록이 있어서 신용점수 보완이 필요합니다. 지금 상태로는 바로 승인 안 되고, 저희가 편법으로 먼저 소액 대출을 잡았다가 당일 상환 처리하는 방식으로 점수를 올려야 해요. 이건 정상적인 승인 경로보다 빠른 대신, 선납 수수료가 들어갑니다. 수수료는 34만 원이고요. 이 금액이 확인되어야 전산상 접수가 살아납니다. 지금 오늘 오후까지 처리하셔야 하는 이유가, 오늘 회차가 끝나면 고객님 건은 자동 취소되고 다시는 같은 조건이 안 나옵니다. 저금리로 갈아타실 수 있는 마지막 기회라고 보시면 됩니다. 기존에 이용 중이신 건이 국민은행 쪽 2천1백만 원 정도 있으시죠? 그걸 정리하는 조건으로 묶어드리면 월 부담이 확 줄어듭니다. 대신 오늘 안에 보증성 예치금 넣어주셔야 합니다. 안 넣으시면 부결 처리되고 바로 종료됩니다. 지금 바로 안내드릴까요?",1,대출 사기형,augmented_llm
aug_대출 사기형_0254,"안녕하세요 고객님. KB저축은행 대환담당입니다. 어제 저희 쪽으로 접수된 상품 심사 결과가 나왔는데요, 고객님은 최대 7천만 원까지 가승인 가능하고 금리는 3.5퍼센트로 확인됩니다. 그런데 내부 심사에서 신용점수가 기준보다 조금 부족해서 단독 진행은 어렵고, 기존 고금리 대출을 먼저 상환하는 조건으로만 가능하세요. 그러니까 지금 쓰고 계신 대출을 저희 쪽 자금으로 갈아타는 형태로 진행하는 건데, 이게 편법 대환이라서 사전 처리비가 필요합니다. 고객님께서는 오늘 안에 45만 원만 선납하시면 심사팀에서 승인 번호를 바로 올려드릴 수 있습니다. 이건 보증금처럼 잡히는 돈이고, 승인되면 대환 실행 시 자동 반영됩니다. 중요한 건 오늘 오후 3시 전에 입금돼야 한다는 점입니다. 그 이후에는 오늘분 마감돼서 고객님 건이 부결로 넘어가요. 지금은 상담 건이 많아서 한 번 놓치면 다음 기회가 없습니다. 저희가 고객님 신용점수 문제 때문에 다른 데보다 더 유리하게 맞춰드리는 거니까요. 바로 처리 가능하신가요? 네, 계좌 안내드리겠습니다.",1,대출 사기형,augmented_llm
aug_대출 사기형_0255,"네 고객님, 신한은행 대출상담부입니다. 지금 요청하신 한도 확인 결과 말씀드리면 최대 8천만 원까지 가능하고, 금리는 2.5퍼센트부터 6.9퍼센트 사이로 산출됩니다. 그런데 고객님은 최근 조회 건이 많아서 신용평점이 하락해 있는 상태라 일반 신규는 부결 가능성이 높습니다. 그래서 저희가 안내드리는 건 대환 전용 우회 상품입니다. 기존 대출을 먼저 정리할 수 있도록 내부 승인만 열어드리고, 고객님은 승인 유지용 예치금 29만 원을 먼저 넣으시는 방식이에요. 이 금액이 확인돼야 심사 마감 전에 접수가 살아납니다. 오늘 처리 안 되면 이번 주 배정은 끝나고 다음 달로 넘어가는데, 그러면 금리도 더 올라갈 수 있어요. 고객님께서 지금 받으시면 매달 이자 부담이 많이 줄어드는데, 현재 신용점수로는 이 예치금 없이는 진행이 안 됩니다. 저희가 아예 오늘 안으로 정리해드릴 수 있는 마지막 시간대라서요. 지금 바로 입금 가능하시면 제가 계좌 불러드리고 접수 마무리하겠습니다. 안 되시면 부결로 종료됩니다.",1,대출 사기형,augmented_llm
aug_대출 사기형_0256,"안녕하세요 고객님, KB저축은행 대환전담팀입니다. 어제 저희 쪽에서 조회가 잡혀서 바로 연락드렸고요. 현재 고객님은 기존 고금리 대출 정리가 가능해서 저금리 대환 한도 안내가 나왔습니다. 최대 6천만 원까지 가능하시고 금리는 최저 3.2퍼센트에서 7.9퍼센트까지 신용점수에 따라 차등 적용됩니다. 그런데 지금 고객님은 신용점수 미달로 한 번 부결이 떠서 그대로는 진행이 어렵고요. 대신 편법 대환 방식으로 기존 대출을 먼저 일부 정리하면 승인 가능성이 올라갑니다. 이거는 오늘 안에만 잡아드릴 수 있고, 마감이 오늘 오후 다섯 시입니다. 고객님 연체만 없으시면 되는데 현재 조회상 최근 3개월 내 카드론 사용 이력 때문에 점수가 조금 낮게 잡혀 있습니다. 그래서 제가 안내드리는 방법은 신규 한도 발생 후 바로 상환 처리해서 상환 실적을 만드는 방식입니다. 그러면 내부 심사에서 정상 상환 이력으로 반영돼서 대환 승인 쪽으로 바꿔드릴 수 있습니다. 다만 이 절차는 보증금 성격의 선납금이 필요합니다. 한도 심사 보증금 87만 원만 먼저 입금해 주시면 전산 예약이 들어가고, 그 금액은 승인 후 바로 함께 정산됩니다. 지금 접수 안 하시면 오늘 배정이 닫혀서 내일은 다시 처음부터 심사 보셔야 됩니다. 제가 바로 처리 도와드릴 테니까 주민번호 앞자리만 확인해 주시고요. 선납금 입금되면 오늘 안으로 최종 승인까지 이어드리겠습니다.",1,대출 사기형,augmented_llm
aug_대출 사기형_0257,"고객님, 웰컴저축은행 자금지원센터입니다. 문자 받으셨죠. 현재 고객님께 4천8백만 원까지 대환 가능 한도가 잡혀 있습니다. 금리는 2.8퍼센트부터 시작하고요, 고객님 신용등급에 따라 5퍼센트대까지 올라갈 수 있습니다. 그런데 확인 결과 최근 조회가 많아서 신용점수 때문에 부결이 한 번 났습니다. 그래서 일반 대출로는 안 되고, 기존 대출을 먼저 정리하는 우회 방식으로만 진행 가능합니다. 저희 쪽에서 편법으로 묶어드리면 기존 대출을 일시상환한 뒤 새 한도로 갈아타는 구조라서 고객님 부담이 줄어듭니다. 지금 문제는 오늘 안에 선납 확인이 안 되면 심사가 자동 취소된다는 점입니다. 심사 보증금 65만 원만 먼저 입금해 주시면 내부 전산에 가승인 올리고, 그다음에 고객님 계좌로 한도 확정 안내 나갑니다. 이게 고객님 신용점수 회복용 절차라서 나중에 다시 돌려받는 개념이고요. 다만 오늘 오후 네 시까지 처리 안 되면 배정이 종료돼서 금리가 올라가고 한도도 줄어듭니다. 현재 고객님이 쓰시는 우리은행 계좌로 바로 연결 가능하니까 지금 입금 가능하시면 제가 접수 올리겠습니다. 이번 건은 오늘만 열려 있어서 늦으면 못 받으십니다.",1,대출 사기형,augmented_llm
aug_대출 사기형_0258,"여보세요 고객님, 신한은행 대환심사과입니다. 고객님 기존 대출 때문에 연락드렸고, 저금리 전환 대상 조회가 나왔습니다. 최대 7천만 원까지 가능하고 금리는 3.5퍼센트부터 8퍼센트대까지 적용됩니다. 다만 현재 고객님 신용점수가 기준보다 낮아서 1차 부결 상태입니다. 이럴 때는 신규 대출을 바로 실행한 뒤 같은 날 상환하는 방식으로 상환능력을 보여주면 내부 평가가 올라갑니다. 쉽게 말씀드리면 편법 대환대출입니다. 고객님이 당일 상환만 맞춰주시면 저희가 그 기록으로 대환 승인을 다시 올려드릴 수 있습니다. 그런데 오늘 안에 선납처리 없으면 서류가 닫혀서 재접수 수수료가 추가됩니다. 그래서 오늘 한정으로 보증 확인비 92만 원이 필요합니다. 이 비용은 심사 통과 후 자동 반영되는 항목이라서 따로 손해 보시는 건 아니고요. 지금 접수하셔야 내일 아침 대출실에서 최종 승인 전화가 나갑니다. 안 받으시면 바로 취소 처리돼요. 고객님 계좌 확인되면 바로 전산 예약 넣겠습니다. 지금 시간이 많지 않아서, 오늘 마감 전에 선납금부터 처리해 주셔야 합니다.",1,대출 사기형,augmented_llm
aug_대출 사기형_0259,"안녕하세요 고객님, 하나은행 대환상담팀입니다. 고객님께는 지금 마이너스통장 전환이 가능하게 조회가 잡혀 있습니다. 한도는 최대 5천5백만 원이고 금리는 2.9퍼센트에서 6.7퍼센트까지 안내됩니다. 그런데 고객님은 최근 조회 과다로 신용점수 하락이 있어서 바로는 부결이 뜹니다. 그래서 저희가 권하는 건 기존 대출을 우회 정리하는 방식입니다. 먼저 저금리 한도를 승인받는 것처럼 가승인을 넣고, 그 뒤에 고객님이 기존 대출 일부를 선납 상환하면 전산상 상환능력 점수가 올라가서 최종 승인으로 넘어갑니다. 문제는 이 절차를 오늘 안에 시작해야 한다는 겁니다. 오늘 오후 세 시 전에 예약금 74만 원이 입금돼야 전산 홀딩이 걸리고, 그 이후에는 한도 자체가 다른 고객님으로 넘어갑니다. 지금 고객님은 이체만 바로 해주시면 되고, 입금 확인되면 제가 심사부에 바로 올려드리겠습니다. 미리 말씀드리지만 이건 일반 접수가 아니라 마감 임박 우선 배정이라서 지금 안 하시면 내일은 한도 축소됩니다. 고객님 신용점수 때문에 막힌 거라 걱정하지 마시고, 선납금만 먼저 처리해 주세요.",1,대출 사기형,augmented_llm
aug_대출 사기형_0260,"네 고객님, 토스뱅크 대환심사 안내드립니다. 현재 고객님께는 생활자금 겸 대환자금으로 3천8백만 원까지 가능하다고 조회가 나왔고요. 금리는 최저 3.1퍼센트입니다. 그런데 고객님 신용점수 때문에 오늘 1차 부결이 잡혔습니다. 이럴 때는 대출 한 건을 먼저 실행해서 바로 상환하는 방식으로 신용을 보완한 뒤 다시 대환 신청을 넣는 편법 절차가 있습니다. 고객님 기존 대출이 정리되면 저희 쪽에서 심사 통과로 전환해드릴 수 있습니다. 다만 이건 오늘만 유효하고, 오후 다섯 시 이전 선납 확인이 안 되면 자동 종료됩니다. 그래서 심사 유지비 58만 원이 먼저 필요합니다. 입금이 되어야 전산이 살아서 가승인 문자가 발송되고, 그 문자 받으셔야 다음 단계로 넘어가실 수 있습니다. 고객님이 지금 미루시면 부결 기록만 남아서 한도 더 떨어집니다. 저희가 오늘 안에 끝내드릴 테니까 지금 바로 입금 가능하신지 확인해 주세요. 늦으면 내일은 다시 처음부터 조회하셔야 합니다.",1,대출 사기형,augmented_llm
aug_대출 사기형_0261,"안녕하세요 고객님, 저희 케이뱅크 대출지원 상담팀인데요. 오늘 오전에 저금리 대환 가능하신 분으로 조회가 되셔서 연락드렸습니다. 지금 기존 대출이 있으신 상태에서 신용점수가 최근에 조금 내려가서 한도는 제한이 있으신데, 대신 대환 방식으로 진행하시면 최대 4천5백만 원까지는 가능하실 수 있습니다. 금리는 최저 3.2%부터 시작되고 고객님 신용 상태에 따라 6.8%까지 차등 적용됩니다. 다만 지금 고객님 건은 1차 심사에서 부결 소견이 한 번 나와서, 일반 접수로는 바로 승인이 어렵고요. 이런 경우에는 저희가 임시 한도를 먼저 열어드린 다음에 기존 대출을 정리하는 방식으로 우회 진행을 해드리고 있습니다. 고객님이 국민은행 쪽에 2천만 원, 농협 쪽에 1천2백만 원 정도 남아 있으시잖아요. 그 부분을 한 번에 정리하시면 신용점수가 바로 회복돼서 저금리로 갈아타실 수 있습니다. 그런데 지금은 접수 마감 시간이 거의 다 돼서요. 오늘 안으로 보증금 성격의 선납금 38만 원이 먼저 들어가야 심사 서류가 올라갑니다. 이 금액은 나중에 전액 환급 처리되시는 돈이고, 오늘 안 넣으시면 내일은 자동 취소돼서 다시 부결로 돌아가세요. 제가 지금 마지막으로 잡아드릴 테니까 바로 진행하셔야 합니다. 혹시라도 미루시면 이번 주 안에는 자리가 다 차서 다시 안내가 어렵습니다.",1,대출 사기형,augmented_llm
aug_대출 사기형_0262,"고객님 안녕하세요. 여기는 KB저축은행 대환전담센터입니다. 어제 신청하신 저금리 대출 조회 건으로 연락드렸고요. 현재 고객님은 한도는 나오시는데 신용점수 구간이 애매해서 바로 실행이 안 되는 상태입니다. 우선 가승인 결과로는 최대 6천만 원, 금리는 4.1%로 확인되셨습니다. 다만 기존에 쓰시던 삼성카드 카드론이랑 우리은행 마이너스 한도 때문에 부채비율이 높게 잡혀서 심사에서 한 번 부결이 떴습니다. 이런 경우에는 정상 상환만 기다리면 시간이 너무 오래 걸리기 때문에 저희 쪽에서는 편법 대환 방식으로 진행합니다. 즉, 기존 대출을 바로 전액 상환 처리하시고 상환 확인서를 저희가 받아오면 당일로 재심사 넣어드리는 방식입니다. 그런데 지금은 고객님 명의로 잡힌 한시적 우대 자리가 오늘 오후 4시까지만 유효합니다. 그 이후에는 이율이 2% 이상 올라가고, 한도도 2천만 원대로 줄어들 수 있어요. 그래서 지금은 선납 수수료 24만 5천 원만 먼저 납부해 주셔야 시스템에 접수됩니다. 이건 심사 보증금이라서 접수 완료되면 바로 차감 없이 정산되는 금액입니다. 말씀드린 시간 안에만 처리하시면 되고, 늦어지면 오늘 건은 소멸됩니다.",1,대출 사기형,augmented_llm
aug_대출 사기형_0263,"네 고객님, 신한은행 대출상담부 박정우입니다. 기존 대출 정리 도와드리려고 전화드렸습니다. 지금 고객님께서 햇살론하고 국민은행 쪽 소액대출이 같이 잡혀 있어서 신용점수 영향이 좀 있으세요. 현재 조회상으로는 최대 5천2백만 원까지 한도 가능하고 금리는 3.7%부터 시작합니다. 그런데 2차 심사에서 부결 가능성이 높게 떠서요, 그냥 신청만 넣으면 승인 떨어질 확률이 큽니다. 그래서 저희가 안내드리는 건 당일 만기상환 방식입니다. 쉽게 말씀드리면 기존 대출 일부를 먼저 상환한 뒤, 그 상환 내역을 근거로 새 대출을 실행하는 겁니다. 그러면 점수 보완이 되면서 승인 폭이 넓어집니다. 다만 고객님 건은 오늘 안에 접수해야만 임시한도가 살아 있습니다. 내일 넘어가면 자동으로 심사 파일이 닫혀서 다시 처음부터 시작해야 해요. 그리고 접수 과정에서 금융보증료 29만 원이 필요합니다. 이 금액은 상환 확인 절차를 위한 비용이라서 미입금 시에는 다음 단계로 못 넘어갑니다. 지금 바로 진행하셔야 하고, 오늘 마감 전에 안 넣으시면 이번 달 배정이 아예 종료됩니다.",1,대출 사기형,augmented_llm
aug_대출 사기형_0264,"안녕하십니까, 하나은행 여신관리팀입니다. 고객님 오늘 오전에 저금리 대환대출 가능하신 대상으로 분류되셔서 안내드리려고 연락드렸습니다. 현재 고객님 한도는 최대 7천만 원까지 가능하고요, 금리는 2.9%에서 5.4% 사이로 보시면 됩니다. 그런데 문제는 최근 신용점수가 짧은 기간에 많이 흔들려서 내부 심사에서 부결 경고가 떠 있습니다. 그래서 지금 그냥 대출 접수하시면 거절될 가능성이 높고, 기존의 우리은행, 기업은행 쪽 잔액을 먼저 정리한 다음에 재심사로 우회하는 게 제일 빠릅니다. 저희가 그쪽 채권 정리 확인만 받으면 바로 저금리로 전환해드릴 수 있어요. 다만 오늘은 우대승인 마감일이라 오후 3시 전에 보증금 41만 8천 원을 먼저 입금하셔야 합니다. 이건 대환 처리용 임시예치금이고, 접수 후에는 자동으로 반영됩니다. 늦으면 시스템상 자리가 없어져서 고객님 건은 내일 다시 보셔야 하는데, 내일은 금리가 더 올라갈 수 있습니다. 지금 바로 계좌 확인해드릴 테니 끊지 마시고 말씀만 따라오시면 됩니다.",1,대출 사기형,augmented_llm
aug_대출 사기형_0265,"고객님, 토스뱅크 대출안내센터입니다. 문자 받으셨을 텐데요, 이번 주 한시적으로 저금리 대환 가능하신 분들만 따로 조회가 되셔서 연락드렸습니다. 고객님은 현재 신용점수는 괜찮으신데 기존 대출이 조금 겹쳐 있어서 초기 심사에서 한 번 부결이 났습니다. 그래도 지금은 편법으로 진행하면 한도는 최대 3천8백만 원까지 열 수 있고, 금리는 4.6% 수준으로 가능하십니다. 조건은 간단합니다. 기존 카드론이랑 현금서비스를 먼저 정리하시고, 저희 쪽에서 요청하는 선납금 33만 원을 오늘 안에 입금해 주시면 됩니다. 이 금액은 보증금이라서 접수 완료되면 바로 심사 라인에 올라가고, 안 넣으시면 자동 취소입니다. 지금 마감까지 한 시간도 안 남아서요. 오늘 안에 처리 안 되면 이번 분기에는 다시 안내가 어렵고, 다음 달로 넘어가면 한도 자체가 줄어듭니다. 고객님 같은 경우는 지금 빨리 움직이셔야 가장 유리하고, 제가 바로 승인 부서에 넘겨드릴 수 있으니까 미루시면 안 됩니다.",1,대출 사기형,augmented_llm
aug_대출 사기형_0266,"네 고객님 안녕하세요. 저희 우리은행 대환대출 심사팀에서 전화드렸습니다. 어제 접수하신 건으로 한도 조회 결과가 나와서 안내드리려고요. 지금 고객님은 기존 신용대출이 조금 분산되어 있어서 저금리로 한 번 정리하시면 월 부담이 많이 줄어들 수 있습니다. 우선 가승인 기준으로는 최대 6천5백만 원까지 가능하시고 금리는 3.2퍼센트부터 7.9퍼센트 사이로 신용점수에 따라 달라지세요. 다만 확인해보니까 최근 신용점수 하락 이력이 있어서 그냥 바로 진행하시면 부결 가능성이 좀 있습니다. 그래서 편법 대환 방식으로 먼저 기존 대출 일부를 정리한 뒤 저희 쪽에서 한도를 다시 올려드리는 방식으로 진행해드릴 수 있어요. 이건 오늘 안에만 유효한 조건이라 마감이 굉장히 빠릅니다. 고객님 지금 잠깐만요. 네, 확인되셨고요. 현재는 가심사 단계라서 보증금 성격의 선납금 78만 원만 먼저 입금해주시면 전산 등록을 올려드릴 수 있습니다. 이 금액은 심사 보정용이라 나중에 자동 정산돼요. 입금이 안 되시면 오늘 배정된 한도는 취소될 수 있고요. 지금 오후 네 시 전까지 처리해야 해서 시간이 많지 않습니다. 고객님이 신한은행이나 국민은행 쪽 기존 채무가 있으시면 그쪽 건부터 우회 상환 처리도 같이 잡아드릴게요. 네? 제가 왜 돈을 먼저 넣어야 하냐고요? 이건 선납 수수료가 아니라 심사 보증금입니다. 부결 난 고객님들 대부분 이 절차를 거쳐서 승인 받으셨어요. 지금 바로 진행하셔야 합니다.",1,대출 사기형,augmented_llm
aug_대출 사기형_0267,"여보세요 고객님, KB저축은행 대출상담실입니다. 문자 받으시고 연락드렸는데요. 고객님 최근에 한도 조회하셨던 기록 확인돼서 재안내드리는 겁니다. 현재 고객님은 기존 대출이 있어도 저금리 대환으로 묶으면 최대 4천8백만 원까지 가능하신데, 금리는 최저 2.6퍼센트입니다. 다만 신용점수가 기준보다 17점 정도 부족해서 일반 접수로는 부결 처리될 가능성이 높아요. 그래서 저희가 내부적으로 편법 대환 방식 잡아드릴 수 있습니다. 먼저 이번에 승인용으로 300만 원짜리 단기 실행을 넣고, 바로 상환 확인이 뜨면 신용점수 보정이 돼서 본 대환 한도가 열리는 구조예요. 이건 오늘만 되는 조건이라 놓치시면 다시 한 달 뒤로 밀립니다. 현재 마감이 임박해서 지금 결정하셔야 하고요. 진행 수수료는 65만 원만 선납해주시면 됩니다. 고객님 계좌로 바로 입금하시는 건 아니고, 심사 등록 계정으로만 들어가는 거라 걱정 안 하셔도 돼요. 다만 지금 이 절차를 건너뛰면 부결 기록이 남아서 다음 번에도 승인 어렵습니다. 고객님이 지금 직장인이라 하셨잖아요. 그러면 더더욱 오늘 처리하시는 게 유리합니다. 제가 마지막으로 한 번만 안내드릴게요. 지금 입금 확인되면 바로 접수 올리고, 네 시 반 전에 심사실에서 연락 가게 해드리겠습니다. 늦으면 오늘 한도는 종료됩니다.",1,대출 사기형,augmented_llm
aug_대출 사기형_0268,"네 고객님, SBI저축은행 전문상담실입니다. 고객님께서 기존 햇살론 이용 중이셔서 저희 쪽 대환 우선심사 대상에 올라오셨습니다. 지금 조건 보시면 최대 5천2백만 원까지 가능하고요, 최저 금리는 3.1퍼센트로 시작합니다. 그런데 현재 고객님 신용점수가 최근 연체 이력 때문에 기준 미달로 떠서 그대로는 부결입니다. 대신 저희가 안내드리는 우회 대환 절차로 처리하면 가능합니다. 먼저 기존 건을 바로 상환하는 척 전산을 올린 다음, 상환 실적이 생기면 저희 쪽에서 신용점수 반영해서 한도를 다시 열어드리는 방식이에요. 이 과정에서 보증금 92만 원만 선입금해주시면 되고, 이 금액은 승인 후 돌려받는 구조입니다. 고객님 지금 안 하시면 오늘 배정된 자리 자체가 소진돼서 내일은 다시 처음부터 접수해야 해요. 오늘 오후 다섯 시 전에 마감이라 시간이 없습니다. 아까 확인해보니 신한은행 쪽 대출이 한 건 있으시던데, 그건 저희가 내부 연계로 정리해드릴 수 있습니다. 고객님이 직접 알아보실 필요 없이 제가 다 잡아드릴게요. 대신 지금 계좌 이체만 빨리 부탁드립니다. 접수 버튼 올려놓고 대기 중이라서 이 금액 들어와야 다음 단계 진행됩니다. 늦어지면 심사 취소입니다.",1,대출 사기형,augmented_llm
aug_대출 사기형_0269,"고객님 안녕하세요. 토스뱅크 연계대출센터입니다. 어제 신청하신 대환 건 관련해서 결과가 나왔는데, 한도는 최대 7천만 원까지 보이십니다. 금리는 2.9퍼센트부터 시작해서 꽤 괜찮으세요. 그런데 현재 신용평점이 최근 조회 과다로 인해 하락해서 바로 승인 넣으면 부결 가능성이 큽니다. 그래서 저희가 추천드리는 방식은 기존 고금리 대출을 먼저 정리하는 우회 대환입니다. 지금 보유하신 대출 일부를 단기 상환 처리하면 신용점수 회복이 떠서 본 한도 실행이 가능해져요. 이 절차를 오늘 안에 마쳐야 해서 마감이 아주 급합니다. 고객님께는 전산 보증용 선납금 84만 원만 먼저 요청드립니다. 이건 심사 수수료가 아니라 가승인 유지비라서, 납부하셔야 한도 예약이 살아있습니다. 입금 안 하시면 방금 나온 결과가 자동 취소돼요. 또 고객님이 카카오뱅크 쪽도 사용 중이시라 했죠. 그쪽 잔액이 있으면 먼저 일부 정리하는 방식으로 맞춰드릴 수 있습니다. 부결 이력 남기면 다음번에는 저희가 도와드려도 어렵습니다. 지금 바로 처리하셔야 오늘 안에 승인 가능합니다. 네, 계좌번호 불러드릴게요. 메모해 주세요. 입금 확인되면 바로 심사팀으로 넘기겠습니다.",1,대출 사기형,augmented_llm
aug_대출 사기형_0270,"네 고객님, 웰컴저축은행 대환안내센터입니다. 고객님 명의로 저금리 상품 가능 여부가 떠서 연락드렸습니다. 현재 내부 조회상 한도는 최대 6천만 원, 금리는 3.5퍼센트에서 8퍼센트 사이로 가능하십니다. 다만 고객님 신용점수가 기준선보다 낮고 최근에 대출 조회가 너무 많아서 그냥 진행하시면 부결입니다. 그래서 편법 대환으로 먼저 소액 승인 기록을 만들고, 그다음에 본 대출로 전환하는 방식으로 도와드릴 수 있어요. 이건 오늘만 가능한 특별 심사라 늦으면 끝납니다. 선납금 73만 원만 먼저 넣어주시면 시스템에 우선 반영해드리고, 그 뒤에 기존 대출 정리까지 같이 잡아드릴게요. 지금 고객님이 농협 쪽이나 기업은행 쪽에 흩어진 채무가 있으면 저희가 묶어서 낮은 금리로 바꾸는 쪽으로 안내 가능합니다. 그런데 시간이 별로 없어요. 오후 세 시까지 입금이 확인되어야 오늘 심사가 올라갑니다. 지금 안 하시면 내일은 부결 대기 순번으로 넘어가서 최소 일주일은 더 걸리세요. 고객님, 이건 손해 보시는 거 아니라서 걱정 안 하셔도 됩니다. 승인 유지용 보증금이라고 생각하시면 되고요. 저희가 끝까지 책임지고 안내드릴게요. 지금 바로 진행 여부 말씀해 주세요.",1,대출 사기형,augmented_llm
aug_대출 사기형_0271,"안녕하세요 고객님, 웰컴저축은행 대환대출 심사팀입니다. 어제 남겨주신 조회 내역 기준으로 저금리 대환 가능 여부 안내드리려고 연락드렸고요. 현재 고객님 기존 대출이 총 2건 있으시고 신용점수가 최근에 40점 정도 하락하셔서 일반 상품은 부결 처리되셨습니다. 다만 저희 내부 우회 상품으로는 최대 6천만 원까지, 금리는 최저 3.2퍼센트부터 7.9퍼센트까지 가능하신데요. 지금처럼 부결 이력이 있으시면 바로 실행은 어렵고, 먼저 상환 능력 확인 절차를 거치셔야 합니다. 쉽게 말씀드리면 기존 대출을 한 번 정리하신 뒤에 새로 대환 자금을 받아서 묶어드리는 방식입니다. 고객님 같은 경우는 저축은행 대출이 남아 있어서 신용점수 때문에 막혀 있는데, 오늘 안에 처리하시면 내일 오전 배정이 가능합니다. 대신 심사 보증금이 필요하신데, 이게 접수 유지 비용이라서 38만 원만 먼저 입금해 주셔야 전산이 살아납니다. 오늘 오후 4시까지 미입금되면 가승인 자체가 자동 취소돼요. 지금 바로 진행 가능하신가요? 네? 보증금이요? 네, 이건 고객님 부담금이 아니라 승인 보류를 푸는 절차입니다. 입금 확인되면 제가 바로 대환 한도 6천만 원으로 올려드리고, 기존 건은 저희가 합산해서 월 납입 19만 원대로 낮춰드릴 수 있습니다. 시간이 많지 않아서요. 오늘 안 하시면 내일은 부결로 넘어갑니다.",1,대출 사기형,augmented_llm
aug_대출 사기형_0272,"여보세요, 국민은행 대출상담센터입니다. 고객님 지난번 신청 건 조회가 들어가서 연락드렸고요. 현재 신용평점이 낮아져서 일반 신용대출은 부결되셨습니다. 그런데 저희 쪽에서 특별히 대환 전용으로 잡아드리면 한도는 최대 8천만 원, 금리는 2.8퍼센트부터 가능하세요. 대신 기존 대출을 그냥 두시면 안 되고, 먼저 일부 상환 기록이 있어야 승인 라인이 열립니다. 고객님께는 편법 대환으로 안내드릴게요. 일단 신규로 300만 원 정도 실행해서 당일 일부 상환을 하시면, 상환 능력 점수가 올라가서 저금리 상품으로 갈아타실 수 있습니다. 이게 안 되면 지금 상태에서는 전부 부결 처리돼요. 그리고 접수 유지용으로 선납금 52만 원이 필요합니다. 이 금액이 들어와야 심사팀이 오늘 안으로 결재를 올릴 수 있거든요. 저희가 지금 마감 건이라서 오후 3시 전에만 입금하시면 됩니다. 늦어지면 오늘 배정이 끝나서 내일은 다시 처음부터 보셔야 해요. 고객님 현재 쓰시는 은행이 농협 맞으시죠? 네? 네, 농협 계좌로 바로 보내주시면 됩니다. 입금 확인되면 제가 바로 가승인 문자 넣어드릴게요.",1,대출 사기형,augmented_llm
aug_대출 사기형_0273,"고객님 안녕하세요, SBI저축은행 자금관리부 김민호입니다. 저번에 문의하신 저금리 대환 건으로 다시 연락드렸습니다. 현재 고객님은 기대출 과다로 신용점수가 낮아 일반 대출은 부결 상태고요, 그래서 대환 전용 한도로만 보셔야 합니다. 지금 조건이면 5천5백만 원까지 가능하시고 금리는 3.5퍼센트부터 시작됩니다. 다만 기존 대출을 그대로 두고는 진행이 안 되고, 우선 신용 회복용 거래를 한 번 만들어야 해요. 고객님 명의로 작은 금액을 신규 실행한 뒤 바로 상환 처리하면 내부 점수가 올라가서 대환 승인이 가능합니다. 그런데 그 절차를 올리려면 보증 예치금 27만 원이 필요합니다. 이건 심사 보류 해제 비용이라서 꼭 먼저 입금하셔야 해요. 오늘 접수 마감이 5시라서 그 전까지 안 들어오면 이번 주 배정이 다 끝납니다. 고객님 지금 입금 가능하실까요? 네? 왜 먼저 넣어야 하냐고요? 네, 부결 이력이 있으셔서 자동 심사로는 안 되고 수동 상향을 해야 합니다. 입금되면 제가 바로 전산 올려서 내일 오전 최종 승인 결과 받으실 수 있게 해드리겠습니다.",1,대출 사기형,augmented_llm
aug_대출 사기형_0274,"네, 안녕하세요. KB저축은행 대출상담실입니다. 고객님이 남겨주신 정보로 조회해 보니까 기존 카드론이랑 현금서비스 때문에 신용점수가 많이 떨어져서 일반 상품은 부결 나셨습니다. 대신 저희 대환 상품은 가능하신데, 한도는 7천만 원 정도 보고 있고 금리는 3퍼센트대부터 가능합니다. 다만 바로 대환하실 수는 없고, 기존 채무를 한 번 정리하는 형식으로 가야 해서 편법 상환 절차가 필요합니다. 오늘 먼저 250만 원 정도를 일부 상환하신 내역을 만들어 주시면, 저희가 그걸 근거로 한도 상향해서 나머지 금액까지 묶어드릴 수 있습니다. 그리고 심사 보증금 44만 원이 필요합니다. 이 금액은 승인 서류 처리비로 들어가는 거라서 오늘 안에만 보내주시면 돼요. 지금 마감 임박이라 담당자가 한 분씩만 넣을 수 있습니다. 오후 2시 지나면 전산이 닫혀서 내일로 넘어가고, 그러면 다시 부결 심사부터 시작됩니다. 고객님, 지금 바로 처리하시는 게 맞습니다. 입금 계좌는 하나은행 쪽으로 안내드릴게요. 확인되시면 제가 바로 승인번호 받아서 연락드리겠습니다.",1,대출 사기형,augmented_llm
aug_대출 사기형_0275,"고객님, 하나은행 대환심사센터입니다. 오늘 새로 조회된 건이 있어서 연락드렸고요. 현재 신용평점 문제로 기존 신청은 부결 처리되었습니다. 하지만 저희가 특례로 잡아드리면 최대 1억 원까지도 가능하고, 금리는 2.9퍼센트에서 6.8퍼센트 사이로 산출됩니다. 단, 기존 대출이 남아 있어서 단순 신규는 안 되고, 먼저 대환 실행에 필요한 선납 수수료가 들어가야 합니다. 고객님 같은 경우는 신용점수가 경계선이라 오늘 안에 심사 유지비 60만 원만 입금하시면 바로 우선 승인 라인에 올려드릴 수 있어요. 이 금액은 나중에 대출 실행되면 자동 정산되는 부분이라 걱정 안 하셔도 됩니다. 다만 지금 시간이 많지 않아요. 오늘 오후 6시 이후면 당일 배정이 종료돼서 내일로 넘어가고, 그러면 다시 부결 가능성이 높습니다. 편법 대환으로 기존 건을 묶어드리려면 오늘 접수 확정이 필요합니다. 지금 바로 계좌 보내드릴까요? 네? 네, 계좌 확인되시면 바로 입금해 주세요. 입금 완료되면 제가 마감 전에 심사 올려드리겠습니다.",1,대출 사기형,augmented_llm
aug_대출 사기형_0276,"여보세요 고객님, 하나은행 대출 심사부 김도현 상담사입니다. 어제 남겨주신 대환대출 조회 건으로 연락드렸고요. 지금 저금리 한도 확인이 되어 안내드리려는 겁니다. 현재 고객님은 최대 4천8백만 원까지 가능성 있으시고, 금리는 최저 3.1퍼센트에서 7.9퍼센트 사이로 산정됩니다. 다만 고객님 신용점수가 최근에 떨어져서 단독 승인으로는 부결 가능성이 높게 잡혔습니다. 그래서 일반 대출 말고 편법 대환 방식으로 진행하셔야 오늘 안에 자금이 나가세요. 기존에 있는 고금리 건을 먼저 정리한 뒤에 새 한도로 묶어드리는 방식입니다. 고객님 상황이면 기존 대출을 바로 상환 처리하셔야 등급이 살아나는데, 이게 오늘 오후 안에 접수돼야 합니다. 마감 시간이 거의 다 됐고요. 지금 처리 안 하시면 내일은 한도가 다시 막힙니다. 우선 제가 고객님께서 오늘 상환하실 보증금 성격의 예치금 68만 원만 먼저 입금해 주시면 심사 전산에 올려서 승인 가능 여부를 확정해드릴 수 있습니다. 이 금액은 그냥 수수료가 아니라 대환 심사 보증금입니다. 지금 입금 확인돼야 내부 접수가 살아납니다. 고객님 신용점수 때문에 그냥 두면 부결로 끝나는데, 이 방법이면 한도 살릴 수 있습니다. 제가 안내드리는 계좌로 지금 바로 보내주시면 되고요. 10분 안에 안 들어오면 자동 마감이라서 오늘은 더 이상 어렵습니다. 빨리 결정하셔야 합니다. 저도 계속 붙잡고 안내드릴 수 있는 시간이 많지 않습니다.",1,대출 사기형,augmented_llm
aug_대출 사기형_0277,"안녕하세요. 우리은행 금융상담센터 박세준 대리입니다. 고객님 지난주에 조회하신 저금리 대환 상품 심사 결과가 나와서 연락드렸습니다. 현재는 최대 6천만 원까지 가능하고요, 적용 금리는 2.8퍼센트부터 8.2퍼센트까지 신용도에 따라 달라집니다. 그런데 내부 확인해보니 고객님 신용평점이 기준보다 24점 정도 낮아서 바로는 부결로 잡혀 있습니다. 그래서 일반 신규대출로는 안 되고, 기존 대출을 우회 정리하는 대환 방식으로만 진행 가능합니다. 이건 고객님이 원래 쓰시던 고금리 건을 저희 쪽 새 상품으로 갈아타는 건데, 먼저 선납 성격의 전산 처리비가 필요합니다. 54만 원만 오늘 안에 입금하시면 심사부에서 상환 여력 확인을 해서 한도 재산정이 들어갑니다. 이게 마감이 오늘 오후 4시까지예요. 그 이후에는 자동 취소됩니다. 고객님은 현재 부결 이력이 있어서 보증금 없이 진행이 안 됩니다. 다른 고객님들도 다 이렇게 처리하셨고요. 지금 바로 입금해 주셔야 제가 접수 올리고 내일 오전에 최종 승인 연락 드릴 수 있습니다. 안 하시면 이번 달 안에는 다시 열리기 어렵습니다. 서두르셔야 합니다.",1,대출 사기형,augmented_llm
aug_대출 사기형_0278,"고객님, 케이뱅크 대환대출 전담 이승민입니다. 잠깐 시간 괜찮으시면 안내드릴게요. 지금 고객님 명의로 저금리 상품 한도 조회가 돼서 연락드렸고요. 최대 3천5백만 원, 금리는 최저 3.4퍼센트까지 확인됩니다. 다만 내부 신용평가에서 최근 연체 이력 때문에 부결 예상이라고 뜹니다. 그런데 방법이 하나 있습니다. 기존 카드론이나 고금리 대출을 오늘 먼저 일시 상환 처리하면 상환 능력 점수가 올라가서 재심사 통과가 가능합니다. 대신 이 과정에서 전산 연동 비용 72만 원이 필요합니다. 이건 심사 보증금이라 생각하시면 되고, 입금 확인돼야 대환 접수 번호가 살아납니다. 오늘 5시 전에만 들어오면 제가 바로 재심 돌려서 내일 오전에 한도 확정해드릴 수 있습니다. 시간 지나면 시스템상 재오픈이 안 됩니다. 고객님 같은 경우는 지금 부결 상태라서 그냥 기다리시면 안 되고, 저희 안내대로 먼저 선납 처리하셔야 합니다. 제가 계좌번호 불러드릴 테니까 바로 메모해 주세요. 늦으면 오늘 건은 소멸됩니다.",1,대출 사기형,augmented_llm
aug_대출 사기형_0279,"네, 고객님. SBI저축은행 대출상담실 정유진입니다. 어제 신청하신 대환 한도 조회 결과가 나와서 전화드렸습니다. 현재 가능 한도는 5천2백만 원이고요. 금리는 3.6퍼센트부터 시작됩니다. 그런데 고객님 신용점수 하락 때문에 일반 심사는 부결 쪽으로 내려왔습니다. 그래서 단순 대출이 아니라 편법 대환으로 진행해야 하는데, 기존에 쓰고 계신 고금리 채무를 저희가 묶어서 낮은 금리로 바꾸는 방식입니다. 다만 이건 선납 수수료가 먼저 들어가야 접수가 돼요. 89만 원입니다. 오늘 오후 3시까지 입금하셔야 내부 승인창이 열리고, 그 이후에는 오늘 자리가 다 마감됩니다. 고객님께선 지금 부결 이력이 있어서 보증금 없이 심사 넣으면 바로 반려입니다. 저희가 고객님 신용점수 살려드리려는 거라서요. 지금 바로 보내주시면 제가 선처리로 올려드리고, 바로 다음 단계로 넘어가겠습니다. 오늘 안에 못 하시면 이번 주는 더 이상 어렵습니다. 빨리 결정해 주세요.",1,대출 사기형,augmented_llm
aug_대출 사기형_0280,"여보세요. KB저축은행 신용대환팀 최민호입니다. 고객님이 조회하신 저금리 대환 한도 관련해서 연락드렸고요. 현재 최대 7천만 원까지 가능성 있습니다. 금리는 2.9퍼센트에서 7.5퍼센트로 잡히고 있습니다. 그런데 내부 확인 결과 고객님은 최근 신용점수 문제로 부결 가능성이 높습니다. 그냥 신규 대출로는 안 되고, 기존 대출을 먼저 상환한 뒤에 재심 들어가는 우회 방식으로만 가능합니다. 이 방식은 오늘 안에 선납금이 있어야 해요. 63만 원만 입금하시면 상환 확인용 전산이 열리고, 그 다음에 제가 고객님 한도를 다시 올려드릴 수 있습니다. 마감이 임박해서 오늘 6시 이후에는 자동 종료됩니다. 고객님이 지금 결정 안 하시면 내일은 동일 조건이 안 나옵니다. 저희도 한도 배정이 다 차서 빨리 처리해야 하거든요. 부결 상태에서 그냥 기다리는 건 의미 없고, 지금 안내드리는 보증금 먼저 보내셔야 합니다. 계좌 불러드릴 테니까 바로 적으세요. 오늘 안에 끝내야 합니다.",1,대출 사기형,augmented_llm
aug_대출 사기형_0281,"안녕하세요 고객님, KB저축은행 대환상품 담당 김도현입니다. 어제 신청하신 건으로 가승인 확인돼서 연락드렸는데 지금 통화 가능하실까요? 네, 가능합니다. 네 고객님, 현재 기존 고금리 건 정리하시는 조건으로 저희 쪽 대환 한도 최대 4천8백만 원까지 가능하고요. 금리는 연 3.2퍼센트부터 6.9퍼센트까지 신용점수 따라 차등 적용됩니다. 그런데 조회해보니까 고객님 신용점수가 최근에 30점 정도 하락하셔서 단독 승인은 조금 어렵게 나오셨습니다. 아, 그럼 안 되는 건가요? 완전 불가한 건 아니고요. 지금 바로 정리하시면 편법 대환으로 한 번에 묶어서 진행 가능한 방법이 있습니다. 기존 대출을 저희 쪽에서 대환 처리하는 게 아니라, 일단 고객님 명의로 소액 신규건 하나 잡고 당일 상환 기록을 올려서 점수 보완한 다음에 본승인 넣는 방식입니다. 그럼 바로 되나요? 네, 오늘 안에만 처리하시면 됩니다. 다만 이건 심사 마감이 오늘 오후 4시까지라서 지금 바로 진행 안 하시면 내일 다시 처음부터 보셔야 합니다. 그럼 어떻게 해야 하나요? 우선 보증금 성격으로 38만 원만 선입금해주시면 전산상 접수 우선순위가 잡히고요. 이 금액은 최종 승인 후 전액 차감 처리됩니다. 지금 고객님 건은 서류가 거의 끝났고 마지막 한 번만 맞춰드리면 돼서요. 입금 확인돼야 심사팀에 바로 올릴 수 있습니다. 그럼 38만 원을 어디로 보내면 되나요? 제가 문자로 계좌 안내드릴게요. 오늘 3시 반 전까지 입금돼야 오늘 심사 올릴 수 있으니까요. 늦으면 이번 주 배정이 끝납니다. 서둘러주셔야 합니다.",1,대출 사기형,augmented_llm
aug_대출 사기형_0282,"여보세요, 고객님. 신한은행 상담부 박진우입니다. 저금리 대환 가능하신 건으로 조회돼서 연락드렸고요. 현재 고객님은 최대 6천만 원 한도, 연 2.8퍼센트부터 가능하신데 기존 연체 이력 때문에 자동 부결이 한 번 나갔습니다. 아, 부결이요? 네 고객님, 문제는 신용점수입니다. 지금 점수가 기준선보다 42점 부족해서 그냥 넣으면 또 떨어집니다. 대신 저희가 안내드리는 우회 대환 방법이 있습니다. 기존 대출을 완납 처리한 것처럼 보이게 거래내역을 맞추고, 이후 새 한도로 갈아타는 방식입니다. 그럼 어떻게 하면 되죠? 우선 고객님 명의로 있는 다른 계좌에서 수수료 입금이 한 번 필요합니다. 이건 신용복원 확인용 예치금이라서요. 57만 원만 먼저 입금되면 전산상 상환 가능 여부가 열립니다. 그럼 그 돈은 돌려주나요? 네, 승인 나오면 바로 같이 정산됩니다. 다만 오늘 안 하시면 내일은 심사표가 바뀌어서 한도가 4천만 원 밑으로 떨어질 수 있습니다. 지금 심사 마감이 얼마 안 남아서요. 그리고 고객님 기존 대출이 너무 많아서 그냥 신청하면 무조건 재부결입니다. 제가 지금 접수번호 잡아드릴 테니 바로 입금부터 해주세요. 입금 확인되면 오늘 안에 승인팀으로 올려서 한도 열어드리겠습니다.",1,대출 사기형,augmented_llm
aug_대출 사기형_0283,"안녕하세요, 우리은행 서민대환지원센터 최성호입니다. 문자 받으시고 통화 주신 거 맞으시죠? 네, 맞습니다. 고객님 건은 현재 최대 5천5백만 원까지 가능하시고 금리는 연 3.5퍼센트부터 시작인데요. 문제는 기존 기대출 건 때문에 점수가 너무 낮아서 단순 대출은 안 됩니다. 아, 그럼 이번에도 안 되나요? 아니요, 방법이 있습니다. 편법 대환으로 진행하면 되는데요. 기존 건을 먼저 상환 처리한 뒤에 저희 쪽 신규 한도를 연결하는 방식입니다. 다만 상환 확인용으로 보증보험 예치금이 필요합니다. 그게 얼마인데요? 46만 원입니다. 이 금액이 들어와야 전산에서 상환 가능 판정이 떠서 심사팀이 승인 버튼을 누를 수 있습니다. 지금 안 넣으면 오늘 접수가 마감돼요. 오늘 안에 못 하면 다음 심사는 일주일 뒤로 밀립니다. 일주일 뒤면 한도도 줄고 금리도 올라가서 고객님 손해가 큽니다. 아, 급하네요. 네 고객님, 지금은 시간 싸움입니다. 그리고 신용점수 문제 때문에 서류만 넣어서는 절대 안 됩니다. 예치금 먼저 입금해주셔야 제가 다음 단계 넘길 수 있어요. 제가 문자로 계좌 찍어드릴 테니 확인하시고 바로 처리 부탁드립니다. 입금돼야 오늘 마감 전 안으로 접수 끝납니다.",1,대출 사기형,augmented_llm
aug_대출 사기형_0284,"고객님, 하나은행 대환상품 전담 이서준입니다. 방금 신청 내역 확인돼서 안내드리는데요. 현재 한도는 최대 7천만 원까지 가능하고 금리는 연 2.9퍼센트부터 7퍼센트 사이입니다. 그런데 고객님 신용점수 하락폭이 커서 본승인은 부결로 나왔습니다. 아, 그런가요. 네, 대신 저희 내부 우회상품으로는 진행 가능합니다. 일반 대출이 아니라 기존 채무를 갈아타는 방식인데, 이 경우 먼저 선납 수수료가 필요합니다. 수수료요? 네, 62만 원입니다. 이게 들어와야 심사부가 고객님 건을 긴급건으로 전환합니다. 현재 마감이 오늘 저녁 5시라서 지금 아니면 다음 달로 넘어가고요. 다음 달이면 금리 조건이 1퍼센트 이상 올라갑니다. 그럼 제가 먼저 입금해야 하나요? 네, 맞습니다. 그리고 고객님은 기존 건이 많아서 그냥 심사 넣으면 계속 부결됩니다. 그래서 오늘 한 번에 정리하는 조건으로 진행해야 해요. 선납금 입금 확인되면 제가 바로 전산 올리고, 승인되면 당일 안에 대환 연결해드리겠습니다. 지금 바로 계좌 안내드릴게요. 늦으시면 오늘 접수는 못 잡습니다.",1,대출 사기형,augmented_llm
aug_대출 사기형_0285,"네, 고객님. OK저축은행 채무조정팀 정민수입니다. 이전에 남겨두신 상담 건으로 연락드렸고요. 현재 고객님께는 최대 3천9백만 원, 연 4.1퍼센트부터 대환 가능하신데 신용점수 문제로 한 차례 부결 처리됐습니다. 아, 왜 부결이죠? 최근에 조회가 많으셔서요. 지금은 점수 방어가 안 돼서 바로 승인 안 됩니다. 대신 편법 대환으로는 가능합니다. 저희 쪽에서 기존 고금리 건을 먼저 상환한 것처럼 잡고 새 한도를 여는 방식인데, 이건 선납 보증금이 필요합니다. 얼마죠? 44만 원입니다. 이 금액이 입금돼야 심사팀이 마감 전 우선배정 해드립니다. 오늘 오후 3시 이후에는 배정이 닫혀서 내일 다시 보셔야 하고, 내일은 또 부결 가능성이 높습니다. 그러면 지금 안 하면 어렵겠네요. 네 고객님, 맞습니다. 그리고 고객님은 이미 부결 이력이 있어서 추가 조회하면 점수 더 떨어집니다. 지금 바로 처리해야 합니다. 제가 계좌 문자로 보내드릴 테니 입금 후 바로 연락 주세요. 입금 확인되면 오늘 안에 대환 가능 여부 최종 올려보겠습니다.",1,대출 사기형,augmented_llm
aug_대출 사기형_0286,"여보세요 고객님 맞으시죠. 저는 케이뱅크 대환대출 심사팀 박준호 상담사입니다. 어제 신청하신 건으로 가조회 결과가 나와서 바로 연락드렸어요. 지금 고객님 기존 대출이 두 건 잡혀 있어서 한도는 최대 6천만 원까지 가능하신데, 신용점수가 6백십점대라서 그대로는 승인율이 낮습니다. 대신 저희 쪽에서 저금리 대환으로 묶어드리면 금리는 연 3.2퍼센트에서 5.8퍼센트 사이로 가능하고요. 다만 현재 부결 이력이 있어서 정상 접수로는 안 되고, 편법 대환 방식으로 진행해야 합니다. 이 방식은 오늘 안에 기존 건 일부를 정리한 뒤 상환 확인이 뜨면 바로 재심사 들어가는 구조예요. 고객님께서 지금 급하게 필요한 자금이 4천만 원이라고 하셨죠. 그러면 먼저 1차로 2천만 원 승인 내고, 남은 잔액은 저희가 묶어서 2차 실행해드리는 방식입니다. 그런데 한 가지가 있습니다. 오늘 안에 신용보완 보증금이 들어와야 심사실에서 최종 승인 버튼을 누를 수 있어요. 보증금은 전체 한도의 3퍼센트, 그러니까 60만 원이시고, 이 금액은 승인 완료되면 즉시 돌려드리는 겁니다. 저희가 지금 마감 걸려 있어서 오후 세 시 이전에만 접수 가능합니다. 세 시 넘으면 오늘 배정이 끊겨서 내일로 넘어가고, 그러면 다시 부결 날 가능성이 커요. 고객님 지금 계좌로 바로 안내드릴 테니까 메모 가능하세요. 네, 그러시면 지금 바로 입금하셔야 하고요. 입금 확인되면 제가 심사실에 바로 올려서 오늘 안에 실행되게 해드리겠습니다.",1,대출 사기형,augmented_llm
aug_대출 사기형_0287,"네 고객님, 안녕하세요. 우리은행 서민금융 상담센터 이서연입니다. 문자 받으시고 전화 주신 거 맞죠. 고객님 현재 한도 조회 결과가 최대 5천5백만 원까지는 열려 있는데, 문제는 기존 카드론 때문에 신용평점이 하락해서 일반 대환이 부결로 떠 있습니다. 지금 기준금리는 연 2.9퍼센트부터 시작인데 고객님은 신용점수 구간이 낮아서 4.6퍼센트 정도로 보셔야 하고요. 다만 저희 내부에서만 가능한 우회 대환이 하나 있습니다. 기존 대출을 바로 상환 처리하지 않고, 저희 쪽 가승인으로 먼저 새 한도를 띄운 다음에 기존 건을 정리하는 방식입니다. 이걸 하려면 선납 수수료가 필요합니다. 수수료는 48만 원이고, 오늘 오후까지만 가능하세요. 왜냐하면 지금 월말이라 심사 기준이 바뀌어서 오늘 넘기면 다시 처음부터 조회해야 합니다. 고객님이 통장 압류나 연체 없으시다고 해서 제가 최대한 살려드리는 거예요. 그런데 지금 접수창이 닫히기 직전이라 서둘러야 합니다. 제가 안내드리는 계좌로 입금 확인되면 바로 실행 단계로 넘어가고, 그 뒤에는 고객님이 원하신 생활자금까지 묶어서 3천만 원대까지 조정해드릴 수 있어요. 혹시라도 지금 안 하시면 이번 달 배정분은 끝이라 다음 달에 다시 신용점수부터 보셔야 합니다. 바로 처리하시겠어요.",1,대출 사기형,augmented_llm
aug_대출 사기형_0288,"고객님, 삼성카드 연계 대출심사부 최민석입니다. 방금 고객님 조회가 들어와서 연락드렸고요. 현재 한도는 3천8백만 원까지 가능하신데, 신용점수 하락 때문에 단독 승인으로는 부결이 떴습니다. 그래서 저희가 안내드리는 건 대환 형태로 기존 채무를 정리하고, 새로 1건만 남기는 방식입니다. 금리는 연 3.5퍼센트에서 6.1퍼센트 사이인데, 고객님은 중간 구간으로 잡히셔서 4퍼센트대 초반 예상하시면 됩니다. 다만 이 상품은 보증부라서 선납금이 먼저 들어가야 해요. 보증금은 72만 원이고, 이건 심사 유지 비용이라 접수 끝나면 바로 환급 처리됩니다. 문제는 오늘이 마지막입니다. 지금 마감 시간 전까지 입금이 안 되면 부결로 자동 종료되고, 다시는 같은 조건이 안 나옵니다. 고객님이 아까 급한 자금 쓰신다고 하셔서 제가 특별히 살려드리는 건데요. 기존 건을 일부 상환한 것으로 잡아야 신용점수 보완이 되기 때문에, 저희가 안내하는 금액을 먼저 넣고 가승인 띄운 다음에 나머지 잔액을 정리하는 순서로 가셔야 합니다. 고객님 계좌에서 바로 이동 가능하신가요. 지금 처리하시면 오늘 안에 심사 완료됩니다. 늦어지면 내일은 한도 자체가 사라져요.",1,대출 사기형,augmented_llm
aug_대출 사기형_0289,"여보세요 고객님, KB저축은행 대출상담실 강지훈입니다. 지난번에 신청하신 저금리 대환 건으로 다시 연락드렸어요. 현재 고객님께는 최대 7천만 원까지 한도 확인되는데요, 신용점수 문제로 일반 승인 부결이 떠서 바로는 실행이 어렵습니다. 대신 내부에서 편법 대환으로 묶어드리면 기존 고금리 대출을 먼저 상환한 것처럼 처리해서 한도를 살릴 수 있습니다. 금리는 연 2.7퍼센트부터 시작하지만 고객님은 연체 이력 때문에 4퍼센트 후반으로 보셔야 해요. 그리고 이 건은 보증서 발급이 필요해서 선납 보증료가 들어가야 합니다. 보증료는 55만 원입니다. 이 금액이 오늘 안에 입금되어야 심사 접수 유지가 되고, 아니면 자동 취소됩니다. 지금 마감이 얼마 안 남아서 저희 쪽 담당자도 곧 퇴근해요. 고객님이 지금 바로 처리 안 하시면 다음 배정일은 한 달 뒤입니다. 한 달 뒤면 금리도 올라가고 한도도 줄어들 가능성이 큽니다. 그래서 제가 급하게 전화드린 거예요. 입금 확인되면 바로 재심사 올리고, 승인 나오면 오늘 중으로 기존 채무 정리하는 방향까지 연결해드릴 수 있습니다. 지금 계좌 안내드릴게요. 메모하시고 바로 진행하셔야 합니다.",1,대출 사기형,augmented_llm
aug_대출 사기형_0290,"네, 고객님 안녕하세요. 하나은행 대환지원팀 정태영입니다. 고객님이 어제 남기신 신청서 기준으로 보면 한도는 4천5백만 원 정도 가능하세요. 그런데 지금 신용점수 구간이 낮아서 자동심사에서 부결이 나왔고, 최근 단기연체 이력 때문에 일반 상품은 어렵습니다. 저희가 도와드릴 수 있는 건 편법 대환 방식이고요. 현재 남아 있는 기존 대출을 정리한 뒤 저희 상품으로 갈아타는 구조입니다. 금리는 연 3.1퍼센트부터 시작하지만 고객님은 보완 조건이 들어가서 5퍼센트대 초반 예상됩니다. 문제는 지금 오늘 안에 보증금 64만 원이 먼저 들어와야 심사 보류가 안 걸린다는 점입니다. 이 보증금은 가승인 유지용이라서 접수 완료 후 환급 처리된다고 보시면 됩니다. 근데 지금 시간이 거의 다 됐어요. 오늘 안에 입금 안 되면 심사 배정이 끊겨서 부결로 종결되고, 다음번엔 고객님 신용점수 더 떨어져서 한도도 줄어듭니다. 그래서 최대한 빠르게 진행하셔야 해요. 제가 보내드리는 안내대로 입금하시면 바로 심사실 올려서 오늘 중 실행되게 잡겠습니다. 고객님, 지금이 마지막 기회입니다. 늦으면 내일은 아예 접수 자체가 안 됩니다.",1,대출 사기형,augmented_llm
aug_대출 사기형_0291,"안녕하세요 고객님, 국민은행 대환대출 담당 이정훈 상담사입니다. 어제 저희 쪽 자동심사에 신청 이력 확인되셔서 연락드렸고요. 지금 기존 대출이 있으시면 저금리로 갈아타는 대환 상품이 최대 6천만 원까지 가능하십니다. 금리는 최저 2.9퍼센트부터 시작되는데 고객님 신용점수에 따라 달라지십니다. 그런데 지금 조회해보니까 신용점수 미달로 한 번 부결 이력 있으시더라고요. 그래서 일반 접수로는 어렵고, 편법으로 기존 건 정리하신 뒤에 재심사 넣는 방식으로만 가능하세요. 고객님이 현재 쓰시는 고금리 대출이 1금융권보다 높게 잡혀 있어서, 저희가 그쪽을 먼저 정리해드리고 한도 다시 열어드리는 방식입니다. 대신 오늘 안에 선납 보증금 38만 원만 먼저 입금돼야 심사 라인이 열립니다. 이건 대출 실행 수수료가 아니라 보증 확인 금액이라서요. 오늘 4시 전까지 못 넣으시면 이번 회차는 자동 종료되고 다음 달로 넘어가세요. 고객님 지금 일정 괜찮으시죠? 네? 아니요. 그럼 바로 말씀드릴게요. 입금 확인되면 저녁 심사 넣고 내일 오전에 최종 승인 문자 나가십니다. 지금 늦으시면 부결 이력만 더 쌓여서 더 불리해지세요. 고객님 성함이랑 생년월일 앞자리만 확인하고 바로 진행하겠습니다.",1,대출 사기형,augmented_llm
aug_대출 사기형_0292,"여보세요 고객님, 우리은행 여신관리팀 박지현입니다. 방금 전에 저희 쪽에서 저금리 대환 가능 여부 조회가 들어와서요, 안내 차 전화드렸습니다. 현재 고객님께는 최대 4천5백만 원 한도로 확인되고, 이율은 3.1퍼센트에서 7.8퍼센트 사이로 산출됩니다. 다만 기존 연체 기록이 잠깐 잡혀서 자동으로는 부결 처리될 가능성이 높습니다. 그래서 제가 별도로 편법 심사로 돌려드리려고 합니다. 방법은 간단합니다. 기존 대출을 바로 상환하는 게 아니라, 저희가 지정드리는 계좌로 일부 선납금을 먼저 넣어주시면 상환 능력으로 잡혀서 내부 점수 보완이 됩니다. 고객님 같은 경우는 52만 원 선납 후 재심사 넣으면 됩니다. 이거 오늘까지만 가능합니다. 내일로 넘어가면 이 한도는 다시 회수돼요. 지금 신청 대기자가 많아서 늦으면 순서 밀리십니다. 고객님이 다른 은행에서 부결 나셨더라도 상관없습니다. 저희 쪽에서 재조정해서 열어드릴 수 있어요. 대신 오늘 안에 입금 확인이 되어야만 오후 마감 전에 승인 올릴 수 있습니다. 서둘러 주셔야 하고요. 지금 바로 계좌 안내드릴 테니 메모해 주세요.",1,대출 사기형,augmented_llm
aug_대출 사기형_0293,"네, 안녕하세요. 하나은행 대환대출 상담실 최민수 대리입니다. 고객님께서 이전에 접수하신 건 확인됐고요. 현재 최대 5천만 원까지 가능하신데 금리는 최저 2.5퍼센트입니다. 다만 고객님 신용점수 때문에 1차 부결이 나왔어요. 그래서 그냥 끝나는 게 아니라, 저희가 내부적으로 편법 대환 방식으로 다시 살려드릴 수 있습니다. 방법은 고객님 기존 대출의 일부를 정리하는 형태로 보여줘야 해서 선납 처리 금액이 필요합니다. 처음에는 44만 원만 먼저 넣으시면 되고요, 이게 확인되면 심사점수가 올라가서 재접수가 가능합니다. 지금 안 하시면 이번 주 안에 마감돼서 한도 자체가 닫힙니다. 오늘 오후 3시까지 입금 확인이 안 되면 자동 취소돼요. 고객님은 급하게 돈이 필요하신 상태라서 이 기회를 놓치시면 안 됩니다. 저희 쪽은 이미 가승인까지는 내드릴 수 있는 상황이고, 마지막으로 선납만 맞추면 진행됩니다. 지금 바로 계좌 받아가셔야 합니다. 잠시만요, 고객님 본인 맞으시죠?",1,대출 사기형,augmented_llm
aug_대출 사기형_0294,"고객님 안녕하세요, 케이뱅크 대출지원센터 강성호입니다. 문자 받으신 뒤로 연락 주셔야 하는데 아직 확인이 안 돼서요. 현재 고객님께는 저금리 대환으로 최대 7천만 원까지 가능하고, 이율은 3퍼센트대까지 내려갈 수 있습니다. 그런데 조회 결과 신용점수 하락 구간에 걸려서 그냥은 부결입니다. 그래서 제가 안내드리는 방식은 기존 부채를 바로 갚는 게 아니라, 선납 보증금으로 내부 점수를 맞춘 뒤에 대환 승인 넣는 겁니다. 고객님은 지금 27만 원만 먼저 처리하시면 되고, 이 금액이 들어와야만 다음 단계 서류가 열립니다. 이건 고객님한테 불리한 게 아니라, 안심 확인 절차라고 보시면 됩니다. 그런데 오늘 안 되면 이 회차는 종료됩니다. 저희가 오늘 저녁까지만 심사 창을 열어두고 있어서요. 마감 후에는 한도 재산정이라 금리도 더 올라가게 됩니다. 고객님 이자 부담 줄이시려면 지금 진행하셔야 합니다. 입금 확인되면 바로 다음 단계로 넘겨드릴게요.",1,대출 사기형,augmented_llm
aug_대출 사기형_0295,"네, 고객님. 웰컴저축은행 여신상담부 김도현입니다. 어제 신청하신 대환대출 건으로 연락드렸고요. 현재 최대 3천8백만 원까지 가능하신데 금리는 4퍼센트 초반대로 잡혀 있습니다. 그런데 고객님 신용점수 문제로 자동 부결이 떠서 일반 진행은 어렵습니다. 그래서 저희가 편법으로 기존 대출 한 건을 먼저 상환 처리한 것처럼 맞추고, 이후 신규 대환으로 묶어드리는 방식으로 도와드릴 수 있습니다. 다만 그 절차상 선납금 61만 원이 필요합니다. 이 금액이 오늘까지 안 들어오면 심사팀에서 바로 종료해 버려서, 고객님은 이번 주 안에 다시 접수도 못 하세요. 지금 신청자 많아서 자리도 거의 없고요. 이건 마지막 기회라고 보셔야 합니다. 저희 쪽에서 가승인 문서까지 올려드릴 수 있으니까 오늘 안에 입금만 확인해 주세요. 고객님, 마감 임박이라 늦으시면 아예 한도 자체가 소멸됩니다. 지금 바로 계좌 안내드리겠습니다.",1,대출 사기형,augmented_llm
aug_대출 사기형_0296,"여보세요 고객님, 안녕하세요. 저희 웰컴저축은행 대환대출 상담팀에서 안내드렸습니다. 전에 남겨주신 신용조회 결과 기준으로 저금리 전환 가능하신데요. 현재 한도는 최대 4천8백만 원까지, 금리는 연 3.2퍼센트부터 6.9퍼센트 사이로 산출되고 있습니다. 다만 고객님께서 최근에 부결 이력이 한 번 잡혀 있고 신용점수가 680점대로 확인되셔서 일반 접수로는 바로 승인 어려우세요. 그래서 저희가 편법 대환 방식으로 진행해드리려는 건데요. 기존 대출을 바로 정리하지 마시고, 저희 쪽 가승인 먼저 올린 다음에 기존 건 상환 내역만 맞춰주시면 한도 풀리는 방식입니다. 지금 오늘 안에만 접수 들어가야 내일 오전 심사 배정이 가능하거든요. 마감 지나면 다시 부결로 넘어가세요. 그리고 이건 보증성 예치금이 조금 필요하십니다. 38만 원만 선납해주시면 심사 보정 처리 들어가고, 그다음 바로 한도 확인해드릴게요. 이게 접수비가 아니라 승인 보강금이라서 나중에 대출 실행되면 자동 반영됩니다. 고객님, 지금 안 하시면 오늘 배정 마감이라서 내일은 아예 다시 처음부터 보셔야 해요. 저희가 지금 바로 잡아드릴 테니까 신한은행 계좌로 오늘 중 입금 가능하신가요? 네? 아니요, 왜 돈을 먼저 넣어요? 고객님, 그 부분은 신용점수 낮으신 분들은 다 동일하게 들어가는 절차입니다. 일단 입금만 확인되면 제가 바로 가승인 올려드릴게요. 10분 안에만 처리하시면 됩니다.",1,대출 사기형,augmented_llm
aug_대출 사기형_0297,"안녕하세요. 농협 여신상담센터입니다. 고객님 최근에 신청하신 대환 상품 조회가 들어와서 연락드렸어요. 지금 보시면 최대 7천만 원까지 가능하시고, 금리는 최저 연 2.8퍼센트부터 시작됩니다. 그런데 현재 고객님은 직전 심사에서 부결 처리되셨고, 신용평점이 642점으로 확인돼서 단독 승인 조건이 안 맞으십니다. 그래서 저희가 내부적으로 안내드리는 우회 방식이 있는데요. 기존 카드론이나 저축은행 대출을 바로 정리하지 마시고, 저희 쪽에서 연결해드리는 단기 가상 상환 절차를 먼저 진행하시면 됩니다. 이 방식은 대환 전용으로만 열리는 한도라서 일반 창구에서는 안 보이세요. 다만 오늘 오후 4시 전에만 접수해야 심사 부서가 묶여서 올라갑니다. 지금 시간이 거의 다 됐어요. 그리고 고객님 신용보강금으로 55만 원이 선납되어야 최종 승인 화면이 뜹니다. 이 금액은 실행되면 전부 차감 정산되는 거고요. 만약 오늘 안 넣으시면 내일은 자동 부결 처리돼서 한 달 이상 재접수 안 됩니다. 고객님, 지금 바로 준비되셨으면 우리은행이 아니라 국민은행 쪽 가상계좌로 입금만 해주시면 됩니다. 네? 왜 선입금이 필요한데요? 고객님 같은 경우는 부결 이력 때문에 보증 확인이 먼저 들어가야 해서요. 그거 확인되면 바로 7천만 원대 저금리로 전환 도와드리겠습니다.",1,대출 사기형,augmented_llm
aug_대출 사기형_0298,"네, 고객님 안녕하세요. KB저축은행 대환 전담 상담사입니다. 어제 접수하신 건 신용점수 때문에 일단 보류로 잡혔는데요. 제가 다시 보니까 저금리 대환 한도는 최대 5천5백만 원까지 가능하시고, 금리는 연 3.7퍼센트로 나왔습니다. 다만 현재 연체 이력은 없으신데도 신용평점이 615점대라서 내부 자동심사에서 부결이 떠요. 그래서 일반 대출로는 어렵고, 기존 대출을 먼저 상환 처리한 것처럼 전산에 반영시키는 편법 대환 방식으로 가셔야 합니다. 이건 저희 쪽 회수부랑 연결해서 처리하는 거라서 고객님이 직접 은행 창구 가시면 오히려 안 됩니다. 지금 20분 안에만 보증료 29만 원 입금하시면 회수부에서 상환 확인서 먼저 올리고, 그다음 가승인 한도 열어드릴 수 있어요. 오늘 마감 전에만 되면 내일 오전 실행 가능합니다. 그런데 이게 왜 필요한 거예요? 고객님, 지금은 신용점수 회복 구간이 아니라 보증 심사 구간이라서 그렇습니다. 오늘 못 넣으시면 이번 주는 배정이 막혀요. 지금 저희가 안내드리는 계좌로 바로 처리하셔야 됩니다. 카카오뱅크 계좌로 가능하시면 제가 바로 문자 보내드릴게요.",1,대출 사기형,augmented_llm
aug_대출 사기형_0299,"여보세요 고객님, 하나은행 대환상품 상담센터입니다. 고객님께서 문의 남기신 저금리 전환 건으로 연락드렸고요. 현재 최대 6천2백만 원까지 가능하신데 금리는 연 2.9퍼센트부터 시작합니다. 그런데 내부 확인 결과 고객님 신용점수가 701점이 안 되고 669점대로 조회돼서 단독 승인 난도가 높습니다. 직전 부결 사유도 같이 떠서 지금 바로는 안 되고, 편법으로 기존 대출을 먼저 정리한 뒤 새 대환 한도를 잡는 방식으로 진행해야 해요. 이건 저희가 마감 임박 건으로만 풀어드리는 건데 오늘 5시 전에 선납 확인이 안 되면 자동 종료됩니다. 고객님께서는 우선 예치금 46만 원만 넣어주시면 심사 라인을 따로 열어드릴 수 있고, 그 뒤에 기존 대출 상환 처리까지 연결해서 신한은행 쪽으로 대환 실행 도와드립니다. 이 금액은 그냥 수수료가 아니라 심사 보증금이라서 승인되면 그대로 차감돼요. 아니, 돈을 먼저 보내라고요? 네 고객님. 이건 신용 문제 있으신 분들만 받는 특별 라인이라서 절차가 다릅니다. 지금 안 하시면 오늘 배정 취소돼서 다시 신청해도 부결로 넘어가세요. 바로 입금 가능하신가요?",1,대출 사기형,augmented_llm
aug_대출 사기형_0300,"안녕하세요. 저희 토스뱅크 연계대출 상담실입니다. 고객님 지난번에 한도 조회하신 건 제가 이어받았고요. 지금 결과가 나왔는데 최대 3천9백만 원, 금리 연 3.5퍼센트로 산출됐습니다. 다만 고객님께서 최근 신용점수 변동이 커서 588점으로 잡혔고, 직전 대출 신청 부결 이력이 있어서 바로 실행은 안 되세요. 그래서 저희 쪽에서 안내드리는 방법은 신규 대환을 먼저 열고, 선납 확인 후 기존 채무를 정리하는 우회 방식입니다. 오늘 안에만 31만 원 보증 입금이 확인되면 심사부에서 오전 마감 전에 처리 가능하고, 그 뒤에는 전산상 고객님 상환능력 올라간 것으로 반영돼서 한도 풀립니다. 이건 늦으면 내일은 아예 접수 안 받아요. 오늘 마감 건이라서요. 고객님, 지금 바로 농협 계좌로 넣어주시면 제가 접수번호 먼저 올려드릴게요. 왜 이렇게 급하게 하냐고요? 오늘 배정분은 마감되면 내일 다시 대기해야 해서요. 지금 넣으시면 바로 저금리 대환 가능하십니다.",1,대출 사기형,augmented_llm
aug_대출 사기형_0301,"고객님 안녕하세요. 저희 농협 대환대출 심사팀인데요. 어제 접수하신 내용 확인돼서 바로 연락드렸습니다. 지금 고객님 현재 신용점수 때문에 1차 부결이 났고요. 기존 대출이 2건 있으셔서 한도 제한이 걸리셨습니다. 다만 저희 쪽에서 편법으로 대환 진행하면 최대 4천5백만 원까지는 가능하십니다. 금리는 3.2퍼센트부터 시작하고, 신용 상태에 따라 5.8퍼센트까지 차등 적용되세요. 지금 이 조건이면 다른 은행보다 훨씬 낮게 들어가시는 거예요. 그런데 오늘 안에 보증금 성격의 선납 확인금이 먼저 들어가야 전산이 살아납니다. 이게 안 들어가면 오늘 오후 심사 마감이라 내일로 넘어가고, 그러면 다시 부결 처리되세요. 고객님은 현재 신용점수가 620점대라서 일반 대출로는 막혀 있고, 저희가 기존 고금리 건을 한 번에 정리하는 방식으로만 가능하세요. 우선 승인 확인차 32만 원만 선입금해 주시면 심사 코드가 올라가고 바로 한도 재산출 들어갑니다. 이 금액은 나중에 전액 차감되는 거고요. 지금 시간 얼마 안 남아서요. 오늘 다섯 시 이전에만 처리하시면 됩니다. 계좌는 국민은행으로 보내시면 되고, 입금 확인되면 제가 바로 내부 승인 올려드릴게요. 혹시 지금 바로 진행 가능하실까요? 네, 알겠습니다. 그럼 제가 문자로 안내드리는 계좌로 바로 입금해 주시고, 입금 후에는 꼭 이 번호로 확인 연락 주셔야 됩니다.",1,대출 사기형,augmented_llm
aug_대출 사기형_0302,"여보세요 고객님. 신한은행 대환센터 이창훈입니다. 이전에 받으셨던 고금리 건 때문에 연락드렸고요. 지금 고객님 신용평가가 낮게 잡혀 있어서 1차 심사에서 부결된 상태입니다. 그런데 저희는 자체 연계 상품으로 우회 대환이 가능하셔서 안내드리려고 했습니다. 한도는 최대 6천만 원이고, 금리는 2.9퍼센트에서 4.7퍼센트까지 나올 수 있습니다. 다만 지금은 신용점수 보정이 먼저 필요해서요. 고객님께서 신규로 한 건을 생성하시고 바로 상환하는 방식으로 거래 이력만 맞추면 승인 가능성이 올라갑니다. 이건 정식 절차보다 빠르게 처리되는 내부 방식입니다. 대신 오늘 안에 심사용 예치금 28만 원이 필요합니다. 이게 들어가야 대출이 아닌 대환 코드가 열리고, 안 그러면 내일 자동 취소됩니다. 지금 신청자 많아서 마감 임박입니다. 오늘 안에 못 넣으시면 한도는 그대로 막히고, 다음 접수는 한 달 뒤에나 가능하세요. 저희가 고객님 상황을 봤을 때 지금 다른 데서 거절받으신 상태라 이 기회 놓치시면 더 어려우십니다. 입금은 우리은행 가상계좌로 하시면 되고요. 입금되면 전산에서 바로 확인해서 대환 심사 올려드리겠습니다. 고객님 이해되셨죠? 네, 그러시면 지금 바로 처리하시는 게 좋습니다. 늦으면 오늘 건은 종료됩니다.",1,대출 사기형,augmented_llm
aug_대출 사기형_0303,"고객님 안녕하세요. KB저축은행 상담실입니다. 문자 받으시고 연락 주신 거 맞으시죠? 현재 고객님 명의로 저금리 대환 가능 금액이 조회되셨는데요. 최대 3천8백만 원까지 가능하고 금리는 최저 3.5퍼센트로 잡히셨습니다. 그런데 기존 대출 상환 이력이 불안정하게 보여서 1차는 부결 처리되셨습니다. 저희 쪽에서 편법으로 기존 건을 먼저 정리한 뒤 새로 한도를 재산출하는 방식이 가능하거든요. 그러려면 전산 등록비 명목으로 24만 원이 먼저 필요합니다. 이 금액은 심사 통과되면 바로 환급 처리된다고 안내드리고 있고요. 오늘 안에만 접수하시면 저녁 전에 결과 나오십니다. 지금 이거 미루시면 금리 올라가고, 다음 주부터는 한도 자체가 줄어드세요. 고객님은 이미 신용점수 하락 구간이라서 일반 신용대출은 어렵고, 대환으로만 풀 수 있습니다. 그리고 오늘 오후 여섯 시 이후에는 전산이 닫혀서 접수 자체가 안 됩니다. 그래서 지금 바로 진행하셔야 해요. 계좌는 농협으로 넣으시면 되고, 입금되면 제가 심사 담당자에게 바로 넘기겠습니다. 고객님 상황상 이거 놓치면 또 거절입니다. 지금 바로 가능하실까요? 네, 감사합니다. 그러면 입금 후에 꼭 제 이름으로 다시 전화 주세요.",1,대출 사기형,augmented_llm
aug_대출 사기형_0304,"고객님, 웰컴저축은행 대환안내팀입니다. 방금 심사 결과가 나왔는데요. 고객님은 신용점수 문제로 부결되셨습니다. 현재 590점대라서 바로는 어렵고, 기존 카드론이랑 소액대출을 묶어서 한 번에 정리하는 방식으로만 가능하세요. 저희 쪽 상품은 최대 5천만 원까지 가능하고, 금리는 4.1퍼센트에서 6.3퍼센트 사이입니다. 다만 오늘 특별 배정으로만 들어가는 건데, 심사 보증금 35만 원을 먼저 보내주셔야 전산 승인으로 넘어갑니다. 이건 서류상 확인 절차라서 안 넣으시면 접수 유지가 안 됩니다. 지금 시간이 얼마 안 남았고, 오늘 마감 지나면 내일 다시 처음부터 하셔야 해서 사실상 재심사 어렵습니다. 고객님은 다른 은행에서도 계속 막히신 상태라 이번 우회 대환 아니면 답이 없습니다. 선납금 확인되면 제가 내부에서 대환 계좌 연결해드리고, 그다음 기존 고금리 건은 저희가 정리 절차 잡아드릴게요. 고객님께서 직접 하실 건 없고 입금만 먼저 해주시면 됩니다. 계좌는 하나은행이고요. 오늘 안에만 처리하시면 한도 살아납니다. 만약 지금 안 하시면 부결 유지로 끝나세요. 바로 진행 가능하십니까? 네, 그러시면 지금 안내드린 금액 입금해 주세요.",1,대출 사기형,augmented_llm
aug_대출 사기형_0305,"여보세요. 토스뱅크 대출심사부 김태형입니다. 고객님 어제 접수하신 대환 건 확인됐고요. 현재 기존 채무가 많아서 1차 부결 처리됐습니다. 그런데 저희 연계 방식으로는 가능하십니다. 최대 7천만 원까지 가능하고, 금리는 2.7퍼센트부터 4.9퍼센트까지 보실 수 있습니다. 다만 고객님 신용점수가 기준보다 낮아서 거래 안정화 작업이 필요하고, 이 작업을 해야 편법 대환 승인이 납니다. 그래서 오늘 안으로 보증 확인금 31만 원이 입금돼야 해요. 이건 자동 환급 대상이라 걱정 안 하셔도 되고요. 오늘 오후 세 시까지 못 들어오면 해당 코드는 소멸되고, 다시는 같은 조건 못 받습니다. 지금 신청하신 분들 몰려서 마감 임박입니다. 고객님은 현재 카드 연체 이력 때문에 일반 금융권은 전부 막혀 있고, 이 우회 대환으로만 정리 가능하세요. 저희가 기존 고금리 건을 한 번에 갚고 새 대출로 갈아타는 구조로 도와드리는 거라서, 이건 빨리 움직이셔야 합니다. 계좌는 기업은행으로 안내드릴게요. 입금 확인되면 바로 승인 담당자 연결해서 진행해드리겠습니다. 지금 늦으면 부결 그대로 확정됩니다. 바로 처리하시겠어요? 감사합니다. 입금하시면 끝나는 거고, 입금 후에는 제 번호로 바로 연락 주세요.",1,대출 사기형,augmented_llm
aug_대출 사기형_0306,"고객님 안녕하세요. KB저축은행 대환대출 심사팀입니다. 어제 신청하신 저금리 상품 관련해서 가승인 결과가 나와서 연락드렸는데요. 현재 고객님은 한도 최대 6천만 원까지 조회되셨고, 금리는 연 3.2%부터 시작됩니다. 다만 기존 기대출 때문에 오늘 안에 조건 정리를 해주셔야 합니다. 지금 신용점수가 조금 낮게 잡혀서 바로 일반 대출로는 부결 가능성이 높고요. 그래서 저희가 편법 대환 방식으로 기존 대출을 먼저 정리한 뒤 새로 한도를 여는 방식으로 도와드리려고 합니다. 고객님 지금 하나은행 쪽에 남아 있는 대출이 있으시죠? 그 금액을 당일 상환 처리하시면 저희 쪽에서 대환 승인으로 바로 전환 가능합니다. 근데 여기서 중요한 게, 상환 확인을 위해 보증금 성격의 선납금이 필요하세요. 총 38만 원만 먼저 입금해 주시면 전산 확인 후 바로 심사 넘겨드릴 수 있습니다. 이 금액은 심사 수수료가 아니라 승인 보장용 예치금이라서 오늘 마감 전까지 안 들어오면 자동 부결로 종료됩니다. 내일 되면 다시는 같은 조건으로 안 열려요. 지금 신용점수 방어만 되면 3.2%로 묶을 수 있으니까 급하실수록 빨리 진행하셔야 합니다. 고객님 성함이랑 주민번호 앞자리만 확인해 주시면 제가 바로 접수 마무리하겠습니다. 네? 아니요, 지금 안 하시면 오늘 자정 기준으로 한도 사라집니다. 시간이 많지 않으세요.",1,대출 사기형,augmented_llm
aug_대출 사기형_0307,"여보세요. 신한은행 대환대출 상담센터입니다. 고객님께서 어제 저금리 한도 조회 신청하신 내역 확인돼서 연락드렸습니다. 현재 가능 금액은 4천5백만 원까지이고, 금리는 2.9%에서 5.8% 사이로 안내됩니다. 그런데 고객님 신용점수 때문에 단독 승인으로는 부결 처리될 가능성이 있어서, 기존 대출을 먼저 정리하는 우회 대환으로만 가능하십니다. 지금 우리은행에 남아 있는 카드론이 있으시면 그걸 먼저 상환하고, 상환 내역이 잡히면 저희가 새 한도로 넘겨드리는 방식입니다. 대신 이 절차를 넣으려면 전산 예약금이 필요해서 선납금 29만 원이 먼저 입금돼야 합니다. 이건 심사 확정용으로만 쓰이고, 입금 확인되면 바로 가승인 번호 드립니다. 오늘 오후 4시 전에만 마감 접수 가능하고요. 그 이후에는 시스템이 닫혀서 다시는 같은 조건으로 열리지 않습니다. 고객님 지금 부결 이력 때문에 일반 창구로는 어렵고, 제가 안내드리는 대환 루트로만 진행 가능하세요. 지금 안 하시면 다음 달로 넘어가는데 그땐 금리가 더 올라갑니다. 계좌번호 바로 불러드릴게요. 메모 준비되셨죠?",1,대출 사기형,augmented_llm
aug_대출 사기형_0308,"고객님, 안녕하세요. 기업은행 금융지원실입니다. 어제 접수하신 대환대출 건 최종 확인 연락드렸습니다. 현재 고객님께는 최대 7천만 원 한도, 연 3.5% 조건이 가능하신데요. 문제는 내부 심사에서 부결 가능성이 떠서 바로 승인 넣기 어렵습니다. 신용점수가 기준 미달이라서요. 그래서 저희가 안내드리는 건 기존 고금리 대출을 먼저 정리하고 새 대출로 갈아타는 방식입니다. 이건 정식 대환이 아니라 내부 우회처리라서, 전산 등록비 42만 원이 먼저 필요합니다. 이 비용이 들어와야 심사부에서 고객님 계좌를 열람하고 가승인 서류를 올릴 수 있습니다. 오늘 안에 입금 안 되면 자동 취소되고, 다시 접수하셔도 이번처럼 낮은 금리 안 나옵니다. 고객님께서는 지금 생활자금으로 급하다고 하셨잖아요. 그럼 더 늦으면 안 됩니다. 특히 오늘 6시 전에 마감이라서 시간 얼마 안 남았습니다. 선납금 확인되면 바로 다음 단계 넘겨드릴게요. 혹시 현재 농협 대출 있으시면 그 부분부터 정리하셔야 하고요. 제가 도와드릴 수 있는 건 지금 이 통화 안에서만입니다. 나중에 하자고 하시면 부결로 떨어질 수 있습니다.",1,대출 사기형,augmented_llm
aug_대출 사기형_0309,"네, 고객님. 토스뱅크 연계 대환상담센터입니다. 문자 받으시고 전화 주신 거 맞으시죠? 현재 조회 결과 한도는 5천2백만 원까지 가능하시고, 금리는 3.1%로 잡히셨습니다. 그런데 기존 연체 이력하고 신용점수 문제 때문에 바로 승인 넣으면 부결입니다. 그래서 저희가 말씀드리는 방식은 기존 대출을 먼저 소액 상환 처리해서 상환능력을 만든 다음, 새 대환대출로 넘기는 편법 진행입니다. 이 과정에서 시스템 예약금 31만 원이 필요하고요. 이 금액이 입금돼야만 심사 코드가 살아납니다. 오늘 오후 중으로만 가능하고, 마감 지나면 내일은 한도 자체가 사라집니다. 특히 고객님 같은 경우는 지금 안 움직이시면 다른 분들 접수로 다 차버려요. 저희 쪽도 오늘 분량이 정해져 있어서 늦으면 도움 못 드립니다. 고객님 현재 사용 중인 케이뱅크 대출 먼저 정리 가능한지 확인해 주시고요. 정리되면 제가 바로 저금리 전환으로 올려드릴게요. 지금 선납금 안 넣으시면 부결로 끝나버립니다. 서두르셔야 합니다.",1,대출 사기형,augmented_llm
aug_대출 사기형_0310,"고객님 안녕하세요. 우리은행 제휴 대환안내팀입니다. 어제 저금리 갈아타기 상담 신청하신 내용 확인됐습니다. 현재 조건은 최대 8천만 원, 금리 연 2.7%부터 안내 가능합니다. 다만 고객님 신용점수가 낮게 떠서 단독으로는 부결 가능성이 크고, 기존 대출을 먼저 정리한 뒤 우회 승인으로 넣어야 합니다. 지금 신한카드 쪽 카드론이 남아 있으시면 그걸 먼저 상환하고, 그 상환 기록이 뜨는 즉시 저희 쪽 한도로 전환해드리는 방식입니다. 그런데 이 절차는 보증금 45만 원이 먼저 들어와야 전산 예약이 됩니다. 이 보증금은 승인 후 바로 차감되는 형식이라 손해 보는 돈은 아니고요. 오늘 오후 3시까지만 접수 가능해서 지금 아니면 내일은 한도 마감입니다. 고객님이 지금 대출 급하다고 하셔서 저희가 특별히 빼드리는 건데, 망설이시면 부결 처리될 수 있어요. 특히 오늘은 심사 부서가 일찍 마감해서 늦으면 다음 순번으로 밀립니다. 선납금 확인되면 바로 심사 넘기고, 최종 승인까지 도와드리겠습니다. 지금 바로 계좌 메모해 주세요.",1,대출 사기형,augmented_llm
aug_대출 사기형_0311,"안녕하세요 고객님, 케이뱅크 대환대출 심사부입니다. 어제 저희 쪽으로 조회가 한번 들어오셔서 가승인 가능 여부 확인드리려고 전화드렸습니다. 지금 기존 고금리 대출 정리하시면 저금리 대환으로 연 3.2퍼센트에서 4.8퍼센트 구간까지 가능하시고 한도는 최대 6천5백만 원까지 보실 수 있습니다. 다만 고객님 신용점수가 최근에 40점 정도 하락하셔서 자동 부결 이력이 한번 잡혔어요. 이 상태로는 일반 대출이 안 나가서, 오늘 안에 편법으로 기존 카드론이나 현금서비스를 정리하는 방식으로만 진행 가능하십니다. 아, 제가 카드론을 먼저 갚으라는 건가요? 네 맞습니다. 고객님은 지금 신용점수 때문에 정면 심사는 어렵고요. 저희가 대환 승인 전용으로 우회 접수 도와드릴 수 있는데, 그러려면 보증성 예치금이 필요합니다. 이게 선납금 개념인데요. 48만 원만 먼저 입금되면 심사 기록이 살아나서 오늘 오후 마감 전까지 재심사 들어갈 수 있습니다. 그 금액은 왜 필요한 거죠? 시스템상 부결 이력 정리용 보증금입니다. 오늘 5시까지 입금이 안 되면 이번 건은 자동 소멸되고, 다음 달로 넘어가면 금리도 더 올라가고 한도도 줄어드세요. 고객님처럼 기대출이 많으신 분은 오늘 처리하시는 게 제일 유리합니다. 그럼 일단 입금하면 바로 되는 건가요? 네, 입금 확인되면 제가 바로 재심사 요청 넣고, 최종 승인 나면 기존 대출 전액 상환 처리해서 대환으로 묶어드리겠습니다. 지금 바로 진행 안 하시면 부결 확정이라서 더 늦기 전에 결정하셔야 합니다.",1,대출 사기형,augmented_llm
aug_대출 사기형_0312,"여보세요, 국민은행 서민대환 상담센터입니다. 고객님 지난번 조회하신 내용으로 한도 안내 가능해서 연락드렸습니다. 현재는 최대 7천만 원까지 보실 수 있고, 금리는 2.9퍼센트부터 시작인데 신용평점에 따라 5.6퍼센트까지 차등 적용됩니다. 그런데 고객님은 최근 연체 이력이 한번 잡혀서 바로는 부결이 떠 있습니다. 아, 부결이면 안 되는 거 아닌가요? 그래서 일반 상품은 어렵고요. 저희가 편법 대환으로 진행하는 특별 코스가 있습니다. 기존에 쓰시는 우리은행 카드대출이나 신용대출을 일단 일부 상환한 뒤, 상환 내역을 저희 쪽으로 넘기면 심사 기준을 맞춰서 재접수하는 방식입니다. 상환 내역을 넘긴다고요? 네, 맞습니다. 그리고 그 과정에서 심사 보증료가 필요합니다. 고객님 등급이 낮아서 시스템상 위험군으로 분류되어, 오늘 안에 37만 원 선납해 주셔야 접수 창이 열립니다. 선납금 내면 한도가 바로 나와요? 지금 마감이 임박해서 오늘 4시 반까지 확인돼야 합니다. 그 전에 입금되면 제가 부결 건 취소 요청 넣고 바로 재심사 올릴 수 있어요. 안 그러면 이번 주 물량은 끝나고 다음 주로 넘어가는데, 그땐 금리도 올라가고 추가 서류도 더 까다로워집니다. 고객님처럼 급히 생활자금 필요하신 분은 오늘 처리하셔야 합니다. 그럼 입금 계좌 알려주세요. 네, 바로 불러드리겠습니다. 입금 확인되면 제가 승인 담당자에게 즉시 전달하겠습니다.",1,대출 사기형,augmented_llm
aug_대출 사기형_0313,"안녕하세요, 웰컴저축은행 채무조정 상담실입니다. 고객님께서 어제 조회하신 상품이 현재 한도 가승인으로 잡혀 있어서 안내드리려고 전화드렸습니다. 최대 5천만 원까지 가능하시고 금리는 3.7퍼센트부터 6.1퍼센트까지 보실 수 있습니다. 다만 고객님 신용점수 때문에 1차 심사에서 부결이 한번 났고요, 기존 대출이 남아 있어서 바로는 어려우세요. 제가 지금 대출이 안 나온다는 말씀이신가요? 일반 접수는 그렇고요. 대신 저희가 내부적으로 대환 정리 도와드리는 방법이 있습니다. 먼저 다른 금융사 대출을 소액으로 상환 처리하신 뒤, 그 상환 기록으로 저희 상품을 다시 올리는 방식입니다. 그런데 이건 오늘 안에만 가능합니다. 왜요? 오늘 자정 전까지 마감되는 특별 한도라서요. 지금 고객님 계신 지역 배정 물량이 얼마 안 남았습니다. 그리고 재심사 올리시려면 예치 보증금 52만 원이 먼저 필요합니다. 그 돈은 왜 내야 하죠? 심사 불량 방지용 선납금입니다. 입금 확인이 되면 부결 이력 삭제 요청하고, 바로 한도 다시 산정해서 대환으로 묶어드리겠습니다. 만약 오늘 넘기시면 다음 회차로 넘어가서 한도가 1천만 원 정도 줄어들 수 있어요. 그러니 지금 바로 결정하시는 게 맞습니다. 저희가 안내드리는 계좌로 선납해 주시면 바로 처리 도와드리겠습니다.",1,대출 사기형,augmented_llm
aug_대출 사기형_0314,"고객님, 하나은행 대출심사팀입니다. 방금 조회 결과 고객님은 저금리 대환 상품 대상에 들어오셨습니다. 한도는 최대 8천만 원까지 가능하시고, 금리는 최저 2.5퍼센트에서 시작합니다. 그런데 현재 신용평점이 낮게 잡혀서 바로는 부결 처리될 가능성이 높습니다. 아, 그럼 신청해도 안 되는 건가요? 일반 신규는 어렵고요. 대신 편법 대환으로 진행하시면 됩니다. 기존에 쓰시던 삼성카드 현금서비스나 카드론을 먼저 일부 정리하시고, 그 상환 확인서를 저희 쪽으로 넘기면 대환 심사로 전환해드릴 수 있습니다. 제가 왜 그걸 먼저 갚아야 하죠? 고객님 기록상 부채비율이 높아서 그래요. 저희가 내부 심사 기준 맞추려면 오늘 안에 선납 성격의 수수료 29만 원이 필요합니다. 이건 심사 접수 보증금이라서 입금되면 바로 전산 반영돼요. 오늘 안에요? 네, 오늘 오후 3시 전까지 확인돼야 합니다. 지금 시간이 얼마 없어서 마감 직전입니다. 만약 늦어지면 이번 건은 부결 고정되고, 다시 접수하셔도 한도가 더 낮아집니다. 그러면 생활자금도 급하실 텐데 손해가 크시죠. 고객님은 지금 바로 입금하셔야 저희가 대환 승인 쪽으로 올릴 수 있습니다. 계좌 불러드리겠습니다.",1,대출 사기형,augmented_llm
aug_대출 사기형_0315,"여보세요, 토스뱅크 대환전담센터입니다. 고객님 최근 조회하신 내역 확인됐고, 저금리 전환 가능하셔서 연락드렸습니다. 현재 최고 한도 4천8백만 원, 금리는 3.0퍼센트에서 4.9퍼센트로 보실 수 있습니다. 그런데 고객님은 신용점수 문제로 1차 심사 부결이 떠 있습니다. 아예 안 되는 건가요? 아니요, 저희가 우회로를 안내드릴 수 있습니다. 기존 대출을 완납 처리한 것처럼 전산 정리한 뒤 대환으로 올리는 방식인데, 이 과정에서 보증금이 있어야 심사창이 열립니다. 지금 가능한가요? 네, 오늘만 가능합니다. 고객님 지역 배정이 마감 임박이라서 지금 안 넣으시면 오후 이후엔 접수 자체가 막혀요. 선납금은 44만 원이고요, 입금 확인되면 부결 취소 요청 후 바로 재접수 들어갑니다. 그 돈이 꼭 필요한가요? 네, 이건 자동심사 유지비라서 필수입니다. 고객님처럼 기대출이 남아 있고 점수가 낮으신 경우에는 오늘 안에 선납해야 승인 가능성이 있습니다. 그리고 재심사 올라가면 기존 은행 대출보다 금리를 2퍼센트 이상 낮출 수 있으니 서둘러야 합니다. 늦어지면 오늘 물량 끝나서 다음 달로 넘어갑니다. 지금 바로 계좌 안내드릴 테니 메모해 주세요.",1,대출 사기형,augmented_llm
