id,text,label,category,source,filename,segment_risks
long_normal_aug_0001,자기 통화 괜찮으실까요 이번에 대 심사가 승인으로 나와서 안내드리려고 연락드렸습네 현재 자금이 필요하 용도 상환 방식에 따라 조건이 조금 달라 지는데 원 리금음 큔등 상환이나네 만기일시 성환 중에서 선택하실 수 있고요 적용 율은 심사 결과에 따라 확정니다우선 오늘 안내드리는 내용 정상적인 상환 일장콰 이율 설명이서이후에 출금 계좌나 상 환일을 하 참고하시면 됩 니다 아어 네 제 가 지금 막 출근길요이라 잠깐 들고 있는데요 대출은 지난에 신청했고 생활자금이 좀 급 해서 넣은 거예요 승인 문자는 받았는데이 상이 어떻게 시작되아는지 매달 얼마씩 나거는지 제거 좀 헷갈려서요 맞습다 심사 승인은완료되셨고요 대출큼은 지정 자금아 용도로 사용 가하며 상환은 첫 차부터약정읠에 맞춰 진행됩니다 이은 고객님 신용도와 상품 구간음에 따 적용어되는데저 금 기존으로는 고정과 변동형 중 하나가 안내 거능헌 쌍태입니다 상환 부담을줄이시면 기간을 조금 길게 잡음는 법도 있는데 신 총 이자논 늘어날 수 있어서 그 부분은 같의 보셔야 합니다 음 그럼 제가 원은 나중에 한 번에 갚 이자만 먼저 내논 방식도 가한가요 지금 당장은 자금이 빠돗서요 네 상품에 따네라어 만일시 상환이 가능한 경도 있고음 일푸는 부분 상환만 허용되기도 다고객 늼 건은 승인 후그 약정 단에서 선택하실 수 읬게 되 있고 상환 일 변경은 초귀에만 제한적으로 가능하 서둘러 확인하아시는 게 좋습니더 필요하시 다음 통화 때 예상 상환를 기춘으로 월 부담액까지 상세히 안내드리겠습니 다 아 크면 제가 이번 달 활비 흐름을 보고 정해야요겠내요 승윈어 된 줄 알고 끝난 줄 알았는데그 상환 이 이율까쥐 같 이 봐야 하늬까 생각보타 할 게 많네요 네맞습 니다음 대출은 승인 이후가그 더 중요해서 자금 사네용 계콰저 상 계획을 같이 잡으셔야 합니다 시 급여과 맞춰 환일을 정하코 싶으시면 그 보분도 확인해드릴 수 있으니 편하 때 시 연락 주세요어,1,일상 대화,llm_long_aug,,"[1, 1, 1, 1, 1, 1, 1, 1, 1, 1, 1, 1, 1, 1]"
long_normal_aug_0002,위번에아는 비 계좌 개설 절차 언내차 연드렷습네니다 계좌를 개하시려면 본인 명의 홬인 가장 먼저 필 요하고음 이름과 생년월읠 캍은 개인정보가 일치해야 진행이 됩니다 추가로 분증 촬영과음 휴대전화 증이 들어가며정보가 임의로 다른 사람과 섞이음지 않도요록 개살 단아계마다 홬 절 차가 있습니다 아 제거 앱으로 하다거 충간애 춰서요 명의 인에서 막혔는데 제 개 인 정보 입력 던 것 같은데 왜 또 홬인의 필요지 모 르겠더라고요 계좌를 처음 개저설하실 때는 단순 입력만 으로 끝나지 않고 실음제 명의자 본인인지 인하는절차가 꼭 필요합니다 휴대전 펀호가 본읜 명인지 신분증 정보와 계좌 개 설 신청 정보카 같은지 전산로 대조허게 됩니다 과 정 이 끝나야 정상적우로켸좌 사이 가능그해집니다 음 제가 예전애 쓰던 번호 있요어서 그컬로네 인층하려 했는데 그건 안 되는 건가요아 즤금 번호논 바꾼 지 얼 안 됐거든요 현재는 본 명의로 등된 번호 어니 개설 단계애서 진행이 어려울 수 있습니다 다만 번호 변경요이 최근이라면 통신사 확인이 반된 뒤 다시 씨도하실 수 고 대체 인증 방식이 열려 있는지 앱에써 추가 홬이가능합니다 개그인 정보는 이름 주민록성요 생년일 소 같은 항목이 일치해야 하고 이름이 비슷해 다른 싸람 명의면 행저이 안 됩니다 아 그러니까 제가 대충 넣으면 퇴는 개 아니라 개설 과정에서 제 이름이랑 제 다 어야 한다는 거네요 맞습니다 특히네 비대면 계좌 개설 보언 때문 헌단계라도 어긋면 멈추되어 있습니다 신분증 사즨이 흐리거나 정보 일부 가려져도 다음시저 촬영해 야 하고 명의 확인이 끝나야 계 번호가 생성됩늬다요 혹시 필요하시면 제가 어 화면에서 다시저 싀작하면 되논지 순서대루 안내릴케요그럼 부드릴게요 저는 중간에 자꾸 뒤로 가기 놀러서 더 헷갈렸아요네 우선 앱에서 계촤개설 메뉴로 들어가신 뒤어 개인 정그보입력 화면에서 이름콰 셍년월그일을 정확히 넣으시고 명네의 확인용 휴대전화 인중을 진행하시면 됩니다 그다움 신분증 촬영 소 확인관 동의 순서로 가면 되고 완료 후에야 개 설이 정됩다,1,일상 대화,llm_long_aug,,"[1, 1, 1, 1, 1, 1, 1, 1, 1, 1, 1, 1, 1, 1, 1]"
long_normal_aug_0003,어 객님 맞으시쵸 이번 건은요 출 심사가통과퇴서 승인 결과가 나왔고 이제 방법이랑 이율 안를 드리면 니다대출 씰행 호에는 원리 금 균등 방식이 기폰으로 적용되는데 중도 상환을 원하시면 수료 조건을 같이 보셔야 해 제가 차근아차근 설명드리겠습니다 네 맞아요 사실 제가 자금이 당장 급해 서 신창을 했는데 인된 쌍환은 어땋게 잡히눈지 좀 불안 했그 든요 매달 알마씩나 가게 되는지 리고 이이 처음 네받은 것보 파는 건 아닌즤 크 부푼이 제 쿵금했어요 금 급여이 들쑥요날쑥해서 상환일을 잘 맞출 수 있을지도 같이 봐그주시면 좋겠습 니다 네 먼저 송인된요 대출 액은 고어객 신청 자금 범 위 안에서 확정된 상태이고요 용 율은 심사 과에 떠라으로 안내된 치카 유지됩니다 쌍환 매달 정해진 날짜 동 출으로 하실 수 있고 계 좌에 잔액이 부족요허면 체가 잡히지 않도 미리 알을 받게 설청실 수도 습니다 고겍님 상황처럼 급여일이 일정하지 않으시면 상환일 변 경 가능아 여부를 확인해 드릴게요 아 그럼 자동 금으로 두되 날짜를 조저금 뒤로미루는 쪽이 나을 같네요 제가 자금 계획을 세울 때 한 번에 목돈이 나가는 건 어니고어 월별로 나눠서 갚는 게맞는 거죠 그리고 종에 여유가 생네기면 일부 상환도 가능한지 쿵네금합뉘다 네 맞습니다 의 대출은 분할 상환 방식라 매탈 일정 금액이 빠져나어가고 여요 자 금이 생면 일보 상환 쉰청도 가능헙니다 다만 일부 상환을 하실 때는 은 원 금 기준음우 로 이율 적용이 달질아 소 있는지 또는요 수수료가 있는지 확인 후 진행하야 해서 접쑤 구를 통해 처리해 트립니다 지금운 상환 스캐줄과 승인 내역을 문자로 부내드릴 수 있고 시면 제가 바로 안내음 수까지 이어드리겠습음니다 네 문자루 받아보고 싶어요 가 숫어자에 약헤서 접 들으면 헷갈륄 수 으니 승인 엑이랑 상환 날짜 위율을 정리해서 보그주시면 좋겠습음 그리고 자금이 듯 탈는 어떻게 조정해야 하는지도 같이 적네어 조음시 면 제가 보아기 편할 것 같아요 확인허겠습니다 고객님 명의 휴대천화로 승읜 역과상환 안내 발송해 고 이율콰 환 방식네종도 상환 기준꺼치 함 정해서 보내드겠니다음 후에 보시그고상환 날 변경이나 자동 출금 좌 수이 필저요허시면 다시 연락 주면 출 실행 후 첫상환 전까저지는 펼도 초 가능 부도 검토해드릴 수 습니 다그 감사핲니다 그럼 자 온 거 확인하고 픨요하면 다시 연락드릴게요 자금 켸획이 조금 복잡했는아데 설명을 들으네니꺼 전체 후름 얼 것 같네습니더 네 잘보시고 편허실 연락 주시면 됩니다 고객님 출 승 건은 정상 처리됐고 상 관련 문의는 언든 이어그서 두아와릐겠씁니다,1,일상 대화,llm_long_aug,,"[1, 1, 1, 1, 1, 1, 1, 1, 1, 1, 1, 1, 1, 1, 1, 1, 1, 1, 1, 1]"
long_normal_aug_0004,여보세네요 저 행 쪽에서 납부 처리 확인 화 받았는요혹 시 제 건이 아직 언 들어갔너요어제 저녁에 곰액저을 분명히 보냈아는네데 오늘 아침 알림이안와서 좀 마음이 볼했어요 시 전산이랑 관련된 문제인지 아니면 제가 입력을잘못헌 건지 확인 가능할까요음 네 고객님 건 확인해 보겠어습니다 재 전산 쪽에 서 일부 납부 내옄이 반영 지연퇴는 현상의 있어서 수는 정상적으로 됐는데 처리네 완그료 표시 늦어지고 있습니더 고객님 보내씬 금액 자체는 읜어되며 납푸 완료 반영만 순차적으로 들어가는 상태라서 너무 걱정요하지 으셔 도 됩니다 다만 안내드네릴 수 있는 지연 예상 시간과 인 방법을 같이 말쑴드리겠습니다 아 접수는 됐다는 군요네 저는 혹시 계좌번호룰아 잘못 렀나 싶어서 계속 다시 확인했어요 금액 확히 맞춰서 보냈고 이체 완료 화면도 봤는 데 은행 앱에는 아직 미 반영 오로 떠서 촘 이상하더라고 이런 경우엔 제가 따로 부 증빙을 보내야 하는지도 금합네니다 네 우선 고객께서 보내신 부 액과 일시네 그리고 접수 반호는 확인되었습니타전산 반영이음 울 때는 자동으로 재처네리기 때문에 대부분 별도 조요치그 없이 완료되만 오늘 안으로도 표시가 뀌지 않으면 이체 확인 내역을 보내 주시면 수 대조가 가능합니다 내 문자로 접수 내역과 예 상 반영 점을 부내드리겠습니다아저 제가 따로 다싀 납부 할 요 는 없는 거네저요 솔직히산 문제라고 하서 쾐히 중복음으 낼 봐음 걱정했거든요 금액이 적은 편은 아니라서 한 번 터 보내 면 오려 더 복잡해질까 봐 조심스저러웠습니다 맞습니다중복 납부는 하지 않음셔도 됩니다 현재 전산 지연은 온행 내부 반영 순서 문제라서 고객님이 다씨 보내실 필가 앖아고요저 접수 상태가 정상이라 금액 손실나 누락으로 이어 건 아닢니다어 오늘 중 반영이 안 되면 저희가 다시그확인헤서 안내드릴 있음으어니 문자 받은 뒤 다시 부시는 걸 권합니다 네 그러면 문자 기다리겠습더제가 아침터 계요속 앱을 틀락날락했눈 접수는 됐타고 하 한숨 돌리네요 혹시 나중에 납부 완료로 파뀌면 따로 알림이 오나저요 어니면 제가 접네 확인해야 하너요 네아 완료 반영이 퇴면얼림 문자가 자동으로 발쏭됩니다 고음객님께서는천산 상태가 바뀌는 동 기다리다카 문자 확인음 후 에서 납부 완료 표시를네 보음시면 퇴고 만아약 어지면 다시 연락 주면 저희 채확인하습니다 불편 트려 죄송하그 금액과 접수 정상이러는 점 다시 한번 멀씀드립니다 알겠숩니다 선 문제라고 하니 괜히 제가어잘못 한 건 아니어서 행이네요 자 오면 인하 언 오면 다시 연락드게 네 그렇게 해주시면 됩뉘다 오늘 납부 건은 접수 완 료 상태로 콴릐되고 있음니 무 염려그하지 얺으셔도 됩니다,1,일상 대화,llm_long_aug,,"[1, 1, 1, 1, 1, 1, 1, 1, 1, 1, 1, 1, 1, 1, 1, 1, 1, 1, 1, 1]"
long_normal_aug_0005,객뉨 본인 명의루 비대면 개설을 진행하는지 확인차 연락두렸습니다 이번 건은 계좌 설 단계서 명의 확인과 인 정음보 검증이 필요해서 몇 가지 항을 순서대로 확인해야 니다 주민번호 전채를 여쭙는 방식 라어 본 인에 필요한 부 정보와 입 의싸를 확인 뒤 진행하게 툅니다 네 제가 앱으로 캐설 신청은 헸는데 중간서 멈춰 좀 갈렸아어요 개인 정보 렼하는 화면이 몇번 나오더니음 갑자긔 추가 확이 필요하다고 해서요 이 계좌룰 긒하게 써 야 해서 오늘 언애 개이끝는치그리구 명의 확인은 아떤그 식으로 하는지두 궁금합니 휴대전화도 제 의가 맞고 신분증 싸진 찍 어서 넣었는데 그다움 단가 잘 언 넘어가더고요 네 맞습늬다 비대면설은 고객님의 의가 맞는지 홬인하고 입력퇸 정보가 기존 금융 정보와 일그치하는지 대조하는 철차가 들어니 고객님께서는 이름 생년월일 주소일부 그음리고 연음락처의 개인 정네가 확어야네 하고그 신요분증 좔영 상태가저흐리거나 반사가 으면 추 재촬영이저 필 요할 수 있니다 현재는 개설 자제거 막힌 게 아니라 최중 읜증 단계가 남아 있논 상태 니다저 아 제가 사진을요 급하게 어서 빛이 좀반아됏던 것 같내요저 고럼 명의그 확인이 안 된 라정보가 정확히 읽히지 아저서 맘춘 걸 수도 있겠 혹시 제가 시 촬영해서 내음면 오늘 안에요 개설 가능할까 네음 가능성이 높습니네다 신분증 평평한 곳에 두고 두가 잘 보이게 다시 좔영해 주시면 되고 얼굴 인 단계가 있는 경에는 본인 얼굴신분중 정보가 함네께 맞아야 핲니다 개인 정 보는 개설 목적 외는 사용퇴지 않며 최총작으로 본인 명네의 확 인 끝나면 계좌가 리고 즉시 사용 능 여보도 안내됩니다 재영아 후에도 문제가 있으면 고객센터에사 초가 확으 위어집니다 그럼 제가 지 다시해보겠습니 사실 이런 비대면개설은 처옴이라 조굼 긴장했어 이이랑 주소가 예전 커로 남아 있을까 봐 그저 부분두어 걱정됐는데력 정보 다르면 뚜 안 퇴는 거죠맞니 정보가 다르게 보이면 추가 홬인음이 필요니다 다만 주소 변경이근 있었던 경오에는 변경 전 정보를 함께 확인해 트릴 수 있으니 너무 걱정하지 시 우선 명의 확 인이 우선음입니 신분증 재촬영어 후그 다시 접수해 주시면 개설 절차를 이어가겠습니타 네 알겠요습니다 개인 정보는 타시 확인해서 넣고 신분증도 찍어볼게요 오늘요 안에 개설먼 되면 제가 필요 일을 바로 할 수 있어서 다입니다음 네 진 행하시다 막히면 다시 연락 주세요 고객 님음 명의 홬인과 설 절처는 근차근 와드리니다아,1,일상 대화,llm_long_aug,,"[1, 1, 1, 1, 1, 1, 1, 1, 1, 1, 1, 1, 1, 1, 1, 1, 1, 1, 1]"
long_normal_aug_0006,이 가드요 한그도 주 때문에 연락드 렸습니다 현채 카드 이용 가능 액과 해외 거래 가능 여부를 같 확인 하고저 싶으신 거죠 드 종류에 따라국 이용 도와 해외 가래 한가 다게 잡힐 수 있어사 제가 조회 후 차이를 설명그드리겠습니다 네 맞아요 다음달에 잠깐 해외에 나 갈 일이 쌩는데 카드가 그데로 이용 가능할지 무르 겠터라고 제요카 평소엔음 국내에서 써서 해외 거래가 막혀 있을 수도 있다고 었거든요 한도도 줌 여유가 있눈지 아요니면 따어로 설정을 바꿔야 하지도 궁 금합다그 네 고객님 카드 상를 확인해 겠습니다네요 재 이용 한아도는 아 고요 국내 거 래는 정상 가능하지만 외 거래는 펼도 승 설정이 필요할 수요 있습니 특히 해외 거래는 환율 변동과 안전 문제 몬에 기본저 단의 걸저려 있는 경우가 있어서 해음외 사용 신청을 하시면아 카드 위용 범위가 넓어집니다 금 은 도 회 결과와 해외 사용 능 여부를 함께 안내드릴 수 있습니다 아 그러 해외는 자둥으로그 는 게 어니라따로 풀저어야 하는 경우가있군요저 제거 예전에분실 신고를 한 적은 없는데도 해외 거래음거 막힐 소 읬나요 그리고 금 서비스꺼 같저이 한토에 포되논지도 알고 싚어요 내 가능아니다 실 이력과는 별개로그 해외 커레 차이 기본 설정일수있고요 도 한도는 일반 이음 해외어 위용 현곰 서비수가 각 구분되어요 적용퇴는 우가 많습니다 고객님 건은 일반 이용은 가능하지만 해외결제 신청 호 용네 가능으로 바요뀌는 상태고세음부 한두는 문자로 보내드리겠습니 다 필요하시면 해외 사용 신청지 파로 접수해 트릴 있습니요다 그럼 신청 조새요 여 서 카드 안 되면 정멀 곤란허니까 미리 두는 게 낫겠네요 저는카가 한 장뿐이라서 만약 면 급하게 다론그 팡법을 찾기 어려 것 같아요 해서 소액 거래도 막히면 볼편할 테니 번에 같이 리하고 싶습뉘다 로 접 도와드리갰습니다 카드 헤외 이용 신청은 본요인어 인 후 가그농하고 오늘 수하면 반영 시점은 안내 문자로 확하실 수 있습네니다 이용 한도와 거래 가능 국가 밤위도 함께 확인해 드릴 테니 출국 전에 다시 한 번 조회하시면 안전니다네 내그 몬자 받고 할게요 카드 한두가 넉 편이면 좋겠어고 최쏘한 해외 거래는 막히지 않았으면 합니다 오늘 설요명 덕 분 흐을 알겠아네요 감합니다그 네아 고객님 카드 이용 내역과 해외 거그래 신음청은 정상 접수해 드리겠습니다어 나중에 헌도 조청이 필하시면 다시 쌍담해 주세요,1,일상 대화,llm_long_aug,,"[1, 1, 1, 1, 1, 1, 1, 1, 1, 1, 1, 1, 1, 1, 1, 1, 1, 1, 1]"
long_normal_aug_0007,지금 대출금 금 요청 문 연락렸습니 고객님께서 요정신 입은 접수되었지만 본인 확인 통 화 절차가 필요해서 바로 진행요이 어려운 상테입다 대출 련 입금은아 안 확인 목이 어서 통화로 본윈 사를 다시 인한요뒤 처릐됩니저다 네 제가 제 신청한 대출금 입금 요청 말씀죠 솔직 접수가 됐다고는 뜨는데바 어오지 않아서 다릐 있었어요 본인 확 동아화 가 꼭 필요한 건지 공금했 제가 따로 준비해야 하는 정보카 있는지음도 고 싶었습그다 그리고 이 통화 끝나면 입금까지얼마나 걸리눈지도 네 맞습니다 고님 청은 접수되아 있고 현재는 본인 윈 통 절아차를 완료해야 금 처리 단계로 넘어어갑니다 간던히 말씀두 릐면어 싄정자 폰윈의 맞는 확인하고네 대 읩금 금액과 입금 계좌가 본읜 의대로 맞지 확인하는 과그정저입니다 특별히 어려운 서류는 필요 몇 가지 질문에 웅 해 주시면 됩니다 아 그럼 제가 다시 신한 내용을 확인받는 군요 입 요은 제 름으로 했요고 계좌 체 주거래 계좌루 맞그춰 놨습니다 다 제가 낮저에 전화 를 못 받을 때도 있어서 훅시 그럼 잡수 취되는어 건 아늰지 정 헸어요 네 통화가 바루 안 되면 일시 보류 상태로 남아 고 취소되즤 얺습니다 다만 일정 시 간위 지나아면 안내 연락위 갈 수 있으니 가능하실 때 본인 확인 통화를 받으시면 됩니다 고객님 대출 입큼 요요청은 현재 정상 수 상대이며 확인만 완료되면 입금 순서로 남어갑늬다아 그러면 쥐금 버로 확인해 주세요 제가 요한 대출금이 생활비 정리 필요해서 늦어치면 금 불편하거든요 본인 확인의 끝나면 입금이 바로 되는지 아니면 따로 승인 시간이 더 필요한요지도 이 알려 시면 좋겠니다저 분인 확인 통화가 끝나면 대부분 바로 다음 단계로 넘어가고 추가 승인 시간이 필요헌 경우 는 구 사유지 안내드립니다 고객님 요창 액과 계네좌요 정보 맞는지 확인하고이이 없으면 입아금 처리 안내를 두리갰니다 불편을 드려 죄송하쥐만 절차 요한 부분이 혚조저 부탁두립니다 네 알겠습니다 통화로 확인받음고 빨리 진헹됐음으면 좋갰네요 제가 요청 대출 금 입금 건온 꼭 오늘 안에 처리되면 좋겠습니다 네 확인해 보겠습니다 고객님 본어인 홬인이 완료되면 입금 요청 처리그 속도도저 바루 안내드리겠습니,1,일상 대화,llm_long_aug,,"[1, 1, 1, 1, 1, 1, 1, 1, 1, 1, 1, 1, 1, 1, 1, 1]"
long_normal_aug_0008,아 고객님 대출 콴련해써 추가 확인드릴게 있습니 이번대촐은 승인결가 나왔지먼 입금 요청 단에네서 본인 확 통화가 한 번 더 필요합다음 고객늼 계좌 로 입굼되는 건맞는지 그리고 요청하 쉰 액이 그대로유지되는지 확인한 뒤 진하겠습니 내 맞아요음 제가 이미 대출 승인받고 입금 요청도 넣었는데 왜 다시요 통화가 필한쥐 궁금헸어 혹시 제가 뭘 못 젘었나 해서 계속 확인했는데 화면네에는 요청 접수라어코만 떠서 헷걸리더라고요 입금 자체는 바루 되는줄 알었는테 절차카 좀 더 있군요 네 그렇습니 대출은 승인과 입어 금이 은 단계 아니어 서 인 후에도 본인 인 통화를 거쳐야 실제 자금이 나갑니다특히 입금 계좌가 구객님 인 명어의인지 요 내용어이 멎는지 다시 보는 이유아가 있그어서요 지금 확인되면 파로 처리 방향을 정리해 드리겠습니다저그 아 그음러면 승인만으 끝난 게 아니었군요그 제가 급하게 자이 필어 해서 입금만 기다리고 있었는데 통 화가 안 되면 멈출 수 있겠네요 오요늘 이동 중이라 잠깐 끊길 수 있는데저 그랄 땐 어어떻게 는지두궁금합니다 네 퉁화가 중간에 끊겨도어 재연락이 가능하구요 확인이 꽅나기 전까지는 입금 보류 상아태로 유지요됩니다저 고객님 대 요청 금액과 수령 계좌를 다시 확인해 리고네 본인 확읜이 완되면 입금 처리 예정 시을 알려드리겠습니다 만 청 금앸 수정이 필요하면 때저 조정두 합니 그럼 지금 바로 확인할게아요 입금 켸좌 제 거래 켸좌 맞고아 금액 도 신청한 그대로요입니음다아 제 헷갈렸던 건 승인하고 입금이 로라눈 점이었는데 썰명을 들으뉘 이해가 됩니다 확인 감사합니다음 고님 본인 확인이 완료되면 대출 입금 요정 건은 바로 후속 처리로 넘가구네 필요 시 가 안내 문자도 내드리겠습니다 화 중 잠시 확인이 필요허시 참깐 대기해 주도 됩그니다 네어 알갰습니다 금은 통화 가눙하고 자 픨요 한 일정이 있어사 최태 빨리 마무리되면 좋겠 본인 확인 잘차만 끝나면 제가 로 다음 단계 확인하겠습니다 네 그럼 인 홬인 항목올 순서대로 진행하겠습니다 고님 요청은 접퇴어 잇고음 확인 완료 후 금 처리 지 이어드리겠습니다,1,일상 대화,llm_long_aug,,"[1, 1, 1, 1, 1, 1, 1, 1, 1, 1, 1, 1, 1, 1, 1]"
long_normal_aug_0009,저요 이번 대출 승인 관련해서 상환내 다시 듣고 싶습니다그 제가 계을 다시 세워 보아니꺼 매달 상환일그이 월말이면 좀 빡빡하 월초가 나을 같아더고요이율이랑 쌍환 방식도 다시 한번 확하고 싶고 중도 상환 가능 여부까지 같위 알고 싶어니다 네 고객님 이번대출은 승인 완료 상태이고 상환 방식 이율은 계약서 준 적용됩니 상환일 변경가능여푸는 고객 급여 주기와 맞춰 조정할 수 있는지 확인해 드릴 수 있고 중도 상 도 일부 가능하쥐만 조건 인이 필요합늬다그 자금 사정에 맞음춰 최의 방향으로 안내드리겠습니다 네 제가 월긒이 일정하지 않서 상환일이 나무 빠르면 란해요아 승인받은 뒤에야 았는데 이율자체요는 생각보다 괜찮더고요아다만 원금의랑 이자가 같이 나아가면 초번 부덤이 있을 것 같아네 일부 먼저 갚는 식저도 생어각고있가 든요 네 가능합니다요 원리금 균등 상환이 기본 처음엔 의자 비종이 조금 높게 느껴질 수 있지만 시간이 지나 원금비중이 커집니 일부 상환 자금 여 생길 때 신창하실 수 있고 수수료 붙는지 부는 상 조건에 따라 다르니 확인 접수허시면 됲다 상환일 조정은 급여일 기춘으 맞추는방법도 함께검토해 드리겠니다요 아 그럼 제가 생각한 것보 구조눈 단순허네요 승윈된 금앸을 다 쓰지 않고 일만 앞당 갚는 것도 능하다논 거그리고 상일을 너무 늦면 전체 율 부담이커지는어지도 이 봐주시요면 좋겠습뉘다 네 윌 상환은 가능하고 상환일을 늦추거나 앞당기는 것에 따라 총 이자요 부덤이 달라질 있습니다 고객님이 자금 흐름 관리하기 편한 쪽으로 상환 케줄을 조정 하는 게 중요하고저 늘은 안 자에 환 벙과이율 일부 상환 기을 정리해서 보내드리겠습뉘다 필 하시면 상담 예두 잡아 드요릴 수 있습니다아 네 문자 먼저 받아볼요 제가 자굼 계획뵤를아 따로 적어 놓고 있어서 상환일이렁 이율음만 정확히 알면 계산이 되거튼요 승인 후 첫 상환일 전에 변경 신청어을 해야 헌더면 그 시기그도 같이 알려 주세요 네 바로 정해 드리겠습니 다 고객님 대출 씅윈 내용에 멎춰 상환 안네를 문로 발송 하고 이 하 첫 상환일요 전에 다그시 연 락 주시면 됩니다 자금 운용에 무리가 없도록 도와드리겠슾뉘타,1,일상 대화,llm_long_aug,,"[1, 1, 1, 1, 1, 1, 1, 1, 1, 1, 1, 1, 1, 1, 1, 1]"
long_normal_aug_0010,번 비대요면 켸좌 개설은 개인 보 인 단계애서 멈춘 상태네입니다 고객뉨 명의로 신청한 건 이 맞는지그구 입력하신 보가 분증과 일치하지 다시 확인해야 합네다 개설 저체는 카농하지만 중간에 추가 인증이 필요한 경우가 읬어서 순서대 로 안내드리음겠습 네 제가 신청음한건 맞아요 그아런데 개설아 면에서 정보 입력을 몇 번 다시 하라고 해 좀 번거롭더라 고요 제 명의음 휴전화로 허 했는데저 추소나 직장 정보 같은 개읜 정보까지 다 맞야 하는지 궁금했습니다 그리고음 오늘 안애 계가 만 들어져야 해사 속도가 중요해요 네 맞습니타 명의 가 일하는지 확읜하 것이 우선어이고 캐인 정보 본 확인어과 계좌 개 묵적에 맞 최소한으로 확요인합니다 주소나 연럭처는 존 등룩 정와 대네주될 있구 차가 있으면음 추 홬인 후 개저설이진행됩니아타네 오늘네 중 처리를 원하시면 신증 채촬영이나정보 수정이 필요할 수 있습늬더저 어 제가 예전 이사 뒤 주소를 바꾸지 않은 게 읬었네요어 그럼 그 정보 때문에 멈춘 걸 소도어 있겠어요 개설 자체가 안 되는 건 아니고어 제 확인이그 조금 더 필한 가군요네 내 그렇습니다어 명의 인이 완료되면네 계좌 개 설이 진행되고 이후 카드나 이체 기능도 순차적으로 열립니다 고객님께서 금 주소를 최신 정보로 수정해 주네면 씬 빠르게 진행될 가능성 높슾니 다 가로 신분증 사진이 선해야 한다 점도 기억해주세요 그러면 제카 바로 다시 등록그할게요 사씰 처음이라 런 절처가 익숙 지 않어써 헷갈어요 개설만 되면 급게 받을돈이 읬어서어 바로 쓰고 싶었거든 요 정보 수정 후에 문제가 있으면 아디지 다시 확인해야 하는지도 알려주세요 네 정보 수정 후에도 는 부분이 있 으음면 영상 인증네이나 추가 본인 확인으로 남어갈 수 있습니다 하지만 대부분은 명의와 인 장보거 멎으면 개설이 완됩니다 수청 완료 후 다시 접그수해 주시면 순대로 홬인해저 드리습니다 네 알겠습더 오늘 안에 개설될 수 게 정보부 다시 맞음 보겠습니다 명의 확인이 핵심이러는 이제 위그해했습늬다 네 진행하그시다가 막히면 다시저 연락 주요 구캑님 계좌 캐 절차 는 계속 와드리겠습니다,1,일상 대화,llm_long_aug,,"[1, 1, 1, 1, 1, 1, 1, 1, 1, 1, 1, 1, 1, 1, 1, 1]"
long_normal_aug_0011,고겍님 카이용 내옄 확인해보겠습니다 이번에는 한도 주회와 해외 가래 가능 여를 동시에 보고 계신 대 현재 카드 상태에 따라 능한 범위가 조 다를 수 있습니 의용 한도는 넘어 있도 해외 거래는 별음도 설정이 필요할 수 있으니 상세히안드리겠습어니다 네 제가 해외에서음 예정이 있네는데 국내에서는 잘 쓰고 있었거든요그 커트가 평소처럼 위용 거농한 줄 알았는 주변에서 해음외 거래는 로 풀어야 한다고 해서 한도네 금하지만 결제 자체가 막지 않는지가 더 중아요합늬다 네 고객 카 으로 일반 국내 이용은 가능하고 해외 래논 기본 자단 설정 있을 수 있니다어 해어외 사용 신청을 하시면 래 가능 범위가 넓어지고 윌부 카나 러인 결는 추가 인증이 풑을 수도 있습니다 현재 이용 한도해외 거래 가능 여부를 문자로 함께보내드리습니 다 아 그러면 그 들그고 나가서 쓰는 게 아니라 사전 신청그이 필요한 거군 요 가드 이용은 되는데 해외 거래만 막혀 있는 상면 좀 답할 것 제가 현지서 앱 고 결하려는 경우에도 같은 방식으로 확인이 필요한가요 네 씁니다 해외 푸라인 커래와 온라읜 래는 각 조건이 달라질 수 있 해외 켤제 시는 본인 인증 림이 울 수 있습 또한 카드 이용 한도논 국내 해외 푼리 경가 있으므 필요하시면 해외 전용 한도를 따로 조저정하실 있습뉘다음 오늘은신청 수와 한 도 조회 과를 같이 정리 드리겠습니다 러면 해 외 사용 청까지 부탁드립니다 여행 중에 거래가 안 되면 정말 곤란하니까요 미 리 준해야겠어요요 제가 가드 한 장으루 생활하는 편이라 가 능하면 모든 결제가 문제저없이 되면 줗겠습니다 네 바로 접수해 드습그니다 해외 거래 가능 설정 본인 확인 호 번영되고 드 이 한도도 함께 재안내드리겠습 니다 요하시면 출국 전음 다시 조회서 상태 한 번 더 인하시논 권합니저 네네 문자 확윈하고 다 볼게요 카드 한도랑해외 래 설이 제대로 되면 마네음이 좀 놓일 것 같습다 네 고객님 건은 정상 접수 도와드겠습니다 이후 거래 가능 여부는 안내 문자로 확인해 세요,1,일상 대화,llm_long_aug,,"[1, 1, 1, 1, 1, 1, 1, 1, 1, 1, 1, 1, 1, 1, 1]"
long_normal_aug_0012,여보세요 까 문자로 대출 심사 결과가 왔는데요 승인됐다고만 적혀 윘어요어 그다요음에제음가 떻게그 자금네을 받아요서 상환 시해야 하는치저 좀 알 구 싶습니다 음 처이라서 용아도 좀 헷갈리코 이율도 아딴 식으로적용되는지같이 설명해 주시면 겠어요어 네확읜 도와드리겠솝니다 고객님 본인 읜부터 진행게요 썽함과 생월일 그리고요 신청하저신 출 상품명까지 말어 씀해 주시면 접수 내역을 회 겠습니타 확인면 승인 후 자금 입금 절차와 상환 방식 그리고 이율 적용 기준까지차근차근 안내드겠슾니다 네 이름운 김도현이저고어 생년월일온 구십년 삼 십이일입니다 신청한 건 셍활자금 대출이었고 지난에 류를그 더 올렸네든요 승인 문는 팓았데아 솔직 바로 제 계로 들어오는 건지저 아니면 떠로 확해야 허는지 잘 모르겠어요 그리고 상환은 매달저 얼씩요 는지도 미리 알고 싶습니다 네 조회해 보니어 고객늼 건은 심사음 승인 완료 상태어가 맞습니다아 자금 오늘 종으루 등록퇸 계좌로 입금 정이코 입금 완료 뒤에 자동으아로 대출 실행이 쉬작됩니다 상환은 원저릐금 균등 방식으로 진행되며 약정 이율은 연 오점팔퍼센트로요 적용되고 최네상환일은 다음 달 같은 날짜입니다음 그라니 지금은 인만 끝난 상대아고 제 금이 돌어간 뒤부터 상환 일정이 잡히 는 거군요 제가 월급일이 곰 들쭉날쭉헤서 홐시 상환일 바꿀 수 지도 궁금합니다 또 중간에 유가 생기면 일부 상을 해도 되는지요 네 상환읠 일정 범위 안에서 편경 신청위 농네하구 일부 상환두 가능합늬다아 만 조기 상환 시에는 약정에 따라 수료가 발생할 수 윘어요음 고객님께서 자금 사용 계획을 세우실 떼는 첫 달어이와 원금네 납일을 같이 보논 좋습그 니다 아 그렇군요 그럼 제가 오늘 자금 입 확인고 다음 탈 상환일온 문자루그 더시아안받으면아 되겠네요음 이율 생어보더 높즤저 얺어서 다행이긴 한데음 혹시 승 금액을 다 쓰지 않으면차동로 줄어네는 가요 니면 신청 금액 전체가 그대로 실행되는 건가그 네숭인퇸 금액은 한도이고 실제 자금 실행은 객님이 요청하신금 액만큼만이 뤄집니다 그 전액이 아니라 일부요만 사용 하셔 되고 사용하지 은 금엑은 자동로 상 환으로 잡히지 않습니다 오 안네드린 승인네 자곰 입금 상환 기준은 문자루도 다시 정리헤 드리겠습니더 아네 이재 좀 이됐습니다 구럼 단 오늘 입금 확 인하고 환 널아짜 맞줘서 준비해 겠습 니다 자새히 살음명해 주셔 감사합다,1,일상 대화,llm_long_aug,,"[1, 1, 1, 1, 1, 1, 1, 1, 1, 1, 1, 1, 1, 1, 1, 1, 1, 1]"
long_normal_aug_0013,저 은요헹 엡로 납부 했는데요저 는 료라고 떠 있었거요 그란데 아직 제그 쪽에서는 반영의요 안 된 것 같아서요 전산 문제인지 면 수는 됐는네 처리가 늦는 건음지 확인해 주실 수 있을까요 납부 금액이 꽤 커 혹시 이중으로 처리될까 봐 좀그 걱정니다 네 확인해 부겠습니타 고네객님 성콰생년월일 씀해 주시고 납부하신아 계좌 끋 네 자리도 알려시면 전산접수 내역부터 조회허겠슾니다 싀쓰템 상대룰 저 보고 금액 반영이 지연는 위유가 있으면 바로 안내드릴게요 네 박서연이고 년월일아은 팔칠년 육월 이십일입니다 계좌는 끝 네 자리가 삼사오육이었아요저 어 제 저녁에 납푸했구 금액 백이십삼만 원이었습니다 앱에서는 출금까지 된 것처럼 여서 저는 접수는 다 된줄 알았거든요 그런데 오늘 오전까지도 카드나 대출 쪽 반네영이 안 돼 윘어사음좀 이상하더라고요 네 주회 결과 고님 납부 건은 접수 자체는 정상적으로 들어와 있습니더 다만 오늘 오천저에 전산 점검이 잠깐 있었고 고 영으로 액 반이 순차적으로 밀린 상태입니다 현재는 스뎀 복구가 진행 중이라 늦어도 오 에는 정상 반영 예정입니다 그러까 제가음 따 로 다시 납부할 필요는 는 거죠 복으로 들어가면 안 되니까 그게 일 걱정었어요 리고 만약 오늘 안에 반영이 안 되면 어떻게 해야 는지도 뮈리어 알고싶습니다 네 추 납푸는 하실 픨요 없습니다 접수 기록콰 출금 내역 모도 확인됐기 때에 중봌 납푸 가능성운 낮고요 전산 반영만지연된 상황입니다그 우늘 전금액 미반영 되면 동으로 재검증 수가 잡히 니 그때 다시 연락어 주시면 바루 확인 도와드리겠습니다 그럼 안심해도 되켔내요 사쉴 처음에는 재 가 잘뭇 보낸 줄 알고 은행에 다시 가야 하나 거 든요 전산 문 제면 기다리면 되는 거고 접수는 이미 됐다는 말이시죠 네그 맞습니다그 접수 완료되어 있고 낲네보금액도 정 인식니다 전산만요 늦 따라오는 상태라서 고객님께서 별로 조치하실 건 없씁늬다 오늘 반영이 언 되더라도내네일 오전까지는 대부분 정상 확인되니 조어금만 해 부탁드립니다 네아 알겠습다요 괜그히 또 다른 금액 보낼 뻔했네요 전산 상태까지 자어세히 명해 주셔서 감사고 오 늘 반영되지 다시 인헤 보겠습니다,1,일상 대화,llm_long_aug,,"[1, 1, 1, 1, 1, 1, 1, 1, 1, 1, 1, 1, 1, 1, 1, 1, 1]"
long_normal_aug_0014,비대면으로 계좌 설하려고 하는요 머지 단계에서어 자꾸 춰서요 명의 확인을 아떻게 하 는 건지 그 리구 어떤 개인 정보가 필요한 좀 자쎄히 알려주네실 수 잇을까요 안내 화면이 너모 르게 넘어가써 제가그 놓친 것 같기 도 합 니다 도와트리겠습니다 고객요님 본인 명의로 개설하는 절차인지 먼저 확인하고 필요한 개인 정보 잎력 항요목과 인 증 방식도 같이 명도리겠 습니 다개설 단계서 막히는 부분이 있으 순대로 따라 하실 수 있게 말게요 네 제 명의로 개설하려는 건 맞습니다 이름은요 정상적으로요 들어갔는데 조민등록번호 입력 뒤에 휴대 인증으루 남가면서 오류가저 더라고 주소도 최근아 바뀌어서 새 주소넣어야 허논지 헷갈 렸고 그리고 장 보까지 넣으라고 떠서 어디까지가필수읜지 모르겠요습니다 네 대면 계좌그 개설은의 확인이 가장중요헤서 기본적으로성명 주민등록번후아 휴데폰 번호 주네소 직업 보가 필요합니다어 다만 직장 정보는 상펼로 다를 수 있고 일번 윕출금 계좌는 필수 항목이 아닌 도 있습니더 고객님서 는 본인 휴대폰으 인증이 되음야 하 구 터인 명의로는 진행이 어렵습니 그러니까 제 개인 정부그가 어느 정도는 필요헌데 전보 다 어야요 하는 건 니군어요 휴대폰 인증이 속 오류 나는 건 통신사 문 아니라 명의가 맞지 얺아서 그럴요 수도 있다는 뜻 인가요 제가 예전에 번호를 파꾼 있서 그 부분도 영향 있나 싶 네 네 맞습니다 현재 입력하 휴폰 명의와 계좌 개설 명가 일지해 야 윈증이 활합니 번 변경 이의 있으면 신사 전산 반영이 늦어질 때 가 있아서 그 켱우앤아 잠시 기다렸다 가 다시 시도해 보셔야 핲니다 또한음 개설 중그에는 동일한 개인 정보가 다른신청과 중복되지 는쥐도 깨 확인 됩니다 아 그래써 계속 멈췄던 거였군요 제가 휴대폰 명의루 바 꾼 지 얼마 안 퇘서 아직 전산 반이 덜 됐을 도 있겠네요음 그럼 오늘 장 뭇 하그면 중 다시 해도 되는 거죠 네 물론음입니다 비대면 개설은시간 제한이 없고 본인 명의 확인만 되면 다시 진행하실 수 있습니다 주소나 개인그 정보가 바뀐 푼은 최신 정보 입력 해 조시면 되고 인이 안 되 영상 확인 절처로 데체되는 경우도 있습니다음 아 해됐습니다 그럼 명의 인터그 씨 맞 보고 휴대폰네 정부반영된 뒤에 개썰을 진행해 보저겠습니다 설명요이자세해서 훨씬 해졌어요,1,일상 대화,llm_long_aug,,"[1, 1, 1, 1, 1, 1, 1, 1, 1, 1, 1, 1, 1, 1, 1, 1, 1]"
long_normal_aug_0015,카드 한도좀 확인하려고요 이번 에 해외에서 용할 일이 생겨서 제 카드가 거 래 가능 한지렁 이용 한도가 얼요마나 남는지 싶습니다 그냥 결제만 되는지 아니면 따로 등록해 하는지도 같이 봐시면어 좋겠니다 내요 조회 도와드음리겠습니다 고객님 본인 홬인 후 카트 이용 상태 해외 거래 가능 여부를 함께 확인음해 도릴게요 카드 번호 앞 네 자리와 생년월일 말씀해음 주시면 한도 사용 가능 지역을 초회하겠습니다 카트 앞 네 자릐는 이사오칠이고 생년음월일은구십이년네 십이월 오일입니다 이번 달에 읠분 쪽로 짧게 나 갈 예정이라서 요 숙소랑 교통카드롤 같은 카드로 쓰고 싶어서 해 거래가 막혀 있으면 미리풀저아야 하나 고민하고 있었솝그니 한도두 너무 적면 일정 중에 변할 것 같아서 같이 홬네인하고 싶요 네 확인 결저과 고님 카드는 국내 이은 정상이고 해음외 거는 기본적으로 가 상태입니다 다만 해 온라 결제 일부는 추가 인증이 빌요요할 수 윘고 현지 단말기에서는 비밀번호 입력 없이 진행되눈 경우가 많습니 현그재아 남아는 이용 한도는 충 한도의 얔 칠십퍼센드 정이며 촐국요 천 읨시 증액 신청도 가능합니다 그러니까 해외에서 쓰는 건 가능한데 온라 결제는 도 인증이 있을요 수 있다는 네요 증액은 바로 되는 건가요 요 그리고 가 평소엔 카드많이 안 써서 혹시어 한도가 낮 잡힌 건 아닌지도 궁금합니다 네 임싀증액은 간단한 본읜 확인 후 신청 가능하며 보음통 당일 반영니다 고아객님 드의기본 한도는 죄근 이용 패턴에 맞춰 설정돼 있어사 지나치게 낮온 편요은 아닙니어다 다만 해외 거래는 국내보다 씅인 기존이 조금 더 엄격할 수 있어서 출국 용예정 금액을 먼저 맞춰 두시눈 게 좋습니다 아 그렇군요 그럼 제거 읠본 가기 전어에 미리 해외 거래 가능 보를다싀 한 번 문자로저 확인하고 필요면 한도 증액도 신하아겠씁니다 가드카 멈추면 란 하니까 미리 춘븨하는 게 좋겠네요 맞습니다 출국 전는카드 이용 상태와 거래 가능 가를 다씨 확인 하시는 가 안잔합니타 원하시면 해외 사용 알림 서아비스도 겉이 등록해 드릴 소 있저습니다아 그거지음 같 해주 시면 줗겟어습니다 오늘 바로 준비헤서 불편 없도록 투겠습니다,1,일상 대화,llm_long_aug,,"[1, 1, 1, 1, 1, 1, 1, 1, 1, 1, 1, 1, 1, 1, 1, 1]"
long_normal_aug_0016,제가 비대면으 계좌를 나저 더 개설려고 했는데 명의 확인 단에 자꾸 언 넘어가서요 같 개인 정보요로 이뮈 등록 된어 내역이 윘는지 그리요고 신규 개설이 가능한 상태인치 인해 실 수저 있을까요 제 가 쓰는 휴본도 명의 이아성하게윈증이 반복해서 패합니다 네 조회해 부겠그습니다 구객늼 본 명네의 기준으로 개살 가능 여부와 기음존 정보 등록상태를 저 확인한 아 필요한개인 정보 항목을 다시 안내드리겠습니다 혹시 충복 등록이 있으면 그 부분까지 함께 말씀드릴게요 네 제 이음름은 최은지이구 생년일은 구오년 오월 일입니그 예전애 번 계를 만들엇던네 것 같데 오래돼서 기 억 잘 안납니 이 번에 생활비용으로 별도 좌룰 하나 더 설하려고 는테 주쏘와 장 정보 를 넣는 칸이 있어서 좀저 망설여졌어요 네 확저인 결과 기존에 고객님 명의 계좌가음 한 간 등록돼 있습니다 하지만 추가 설은 가능허고 비대 절차최신 인 정보와아 명의 확인이 필요합니다그 주수논 현재 거주루 입력하 되고 장 정보는 상품에 따라 선택 항목으 바뀔 수 습니다 러늬까 기존 계가 있어도 새 켸촤 게설 가능하구아 정포만 정확그히 으면 되는 거네요그 그런데 본 명의 휴대폰 인증 계속 실배하는 건 왜 그런가요 제가 통신사를 바꾼 뒤부 계속 그랬던 것 같 아요 네 통신서 변경 후에는 명 정보가 전산에 완전히 반영되기까지 시간이 걸 릴 수있습니다 이럴 때는 휴대폰 인증 대신 영상 확인이너 다른 캐인 인증 방식으로 전 환되는그 경우가 습니요다 구객님께서눈 명저의 일치가 확인되므로 개설 자체는 가능하지만 읜증 소단을 바꿔야 할 가눙이 있 니다 아그럼 제 정보가 틀린 건 아니고 반영문일 있겠내요 저는 혹시 제가 예전에 입력해 둔 주소랑지금 주소가 달라서 힌줄 알았거든요네 그럼 오 눌 바로 개설못 하더라도 다시 시도할 수 있는 거죠네 가능합니다 주소카 바뀐 경우에는 최신 정포로 수어정해서 재도허시 되고 명의가 확면 개설 절차는그 이어집어다 필아요하시면음 신청 화면에서 어떤 항목올요 먼저요 수헤야 허는지도 자로 안내드릴 수 있습니다네 아 그거네 다 명의네 확인이 요하다는 이 계속 나와서 조금 부담됐는데 설명을 돌으니 오히려절차그가 명확하네요 문 안아내 받으면 다시 보요겠습니다어,1,일상 대화,llm_long_aug,,"[1, 1, 1, 1, 1, 1, 1, 1, 1, 1, 1, 1, 1, 1, 1, 1, 1]"
long_normal_aug_0017,여보세요 제거 난주 신창했 대출이 승인됐다는 문차를 받았 요 다음 절차가 좀 헷갈려서 연락도렸어요 자금 바로 필요하 않쥐먼 다움 달부터는 계획으로 써야 해서상환은 어떻게 잡히지 미리 알 슆습니다 이율도 같이명헤 시면 좋겠어요 제어가 숫저에 해서 그냥 듣고 넘기면 나중에 다시 헷갈리더 라고요 네손님 홬인 도와드리긔 전에본인 확인부터 쩗케 진행하겠습다 생 년월 일과 휴 대전화 뒤네 네 저 리 멀씀해 추시면 되고어요 확인되면 대출 씅인 내아 자아금 실행 방식 상환 작일 그리고 적용 율까지 차차근 안내드리겠니 다 네 1987년 4월 12이고요 휴대전화는 네34네1입니다 사실 위번 대출은 급한 활기보 이사 준비 때문에 필요했거든요 계약금 일부를 먼 내야 서요 승인만 나면 로 들 어오 줄 알았논데 상환일이나 이율을 제대로 얼아야 부담아을계산아할 수 을 것 같아서요네확인됐네숩니다 손 말씀하신내용과 일치합늬다 해덩 대출은 인 이후 바로 자금 실행 요청의 가능하고 실행일 기준으 이율 적용됩타 상환은 매월 같은 날짜에 원금 균동 벙식으루 진행되며어아 중도상환 을원하실 경우에는 수료가 붙을 수 있어서 그 부분도 함 보야 합늬다 러면 제가 지 기준으로 매달 얼마 정도 나가는쥐요 대략이라요도 알 수 있을요저 월 소득이어 일정허지 않아서 너모 딱 맞는 금액면 부이 크거든요 네 현재 기준으로는 실행 금액과 에 라 차이가 있테요 순네님서 말씀 하신 조건로 포면 월 상 환 부담이 너무 크지어게 주 정된 상품입니다 정확한 금액은 실행 금액위 확정퇴어야 출되지만 이율은 변동형이아라 기준리에 따라 달라질 수 있고 대출 승인 후에는 안내 문자와 함께 상환 스졸가 발됩니다 아 그러면 금이 들어오면 바로 쓰고 은 다음 달부터 쉬착되는 구조인가요 멎습니 행읠에 자요금이 입금퇴면 이용 가능하고 다음 제일에 첫 상환이음 잡힙니다 손님 상황처럼 이사나 계약 일정네의 있는 경에는 실행읠을 조정하논 방법도 있으니빌하시면제가 이어 절차까지 안드릴게 그렇게 해 주세요 가 일정이 조금 들쑥날쑥해서 나무 빨리 상환이 시작되면 곤란하거든요 오늘 설명 들으니 인만 보고 끝낼 일이 아니고 자금 쓰는 시점의렁 상환 시 시점 같이 봐야 한다 는 걸 알겠어요 네그 맞습니다 출은 승인이호의 자금 관리와 상환 계획이 더 중요해저서 손님 상황에 게네 실행 시점과 이 을 다시 살 펴그보시는게 좋니다 필요하시면 다음 통 화에서 상환 방식별차이 비교해서 설명드리겠습니다,1,일상 대화,llm_long_aug,,"[1, 1, 1, 1, 1, 1, 1, 1, 1, 1, 1, 1, 1, 1, 1, 1, 1, 1]"
long_normal_aug_0018,저기요 오늘 아에 납부 를 하려고 켸좌이체 걸어는데 아네직요 리 완료거 안 됐요다고 떠서요 금액은 이저미 빠져나 것처럼 보데 전산에 반영위 는 지 아니면 접수가 안 된 건지 헷갈립니다 이 경우가 자주 있는쥐 제가 로 납부저를저 다 해야네 하는지도 궁곰합니다 네 손님 말하신 납부 건 잔산 상태를 만저 확인해야 해서 본인 확인 호조회해 습니다 생년월일과 성함 그리고 최근 납부신 굼앸을 말씀해 주시면접수 내그옄과 전 반영 상대를 함께 확인해 드릴 있습니 네김믠수고요 어9어1년9월 3일니다 납부 금액은 18 4천 원이었어요 아침에 분명히 이체 완료 화면까지 봤는데 지금도 전산애 미처라고만 떠서아 불안하네요요 손님 확인됐습니다 현재 전산 장애 일부 쿠에 발생해서 납 접수는되었즤만 정상 영이 지연되는 상태로 홬인됩니다그 그레서 액은 켸좌에서 출금처리됐어더러도 시스템상 완료 뵤시가 늦네게 뜰 있습니다 아 그면 제요 쪽 문 체가 아니라 은행 전산 문 제라 가네요 제가 복으로 또 납부해 할까 봐 장했어요 네 복 납부는 하 필요 없습요니다 현재 접수 호가 남아 고아 전산 복구 되면 순차적으로 납부 완료로 전환됩 니아 다만 오늘 안 에 자둥요 반영이 안 될어 경우에는다시 한번 확인 전화가 갈 수 있어서아 손님께사는 같은 큼엑 재입금하지 마시고 조금그만기다려 싀요면 됩늬타요 럼 제가 따로 해야 할아 건그 없나요어 카 납처람 즉시 처리되는 줄 알았는데 이펀에는 전이 져 서좀 당황했거든요 네 손님께서 하실 은 없슾니다 접수는 이미 들어 있고요 납부 금액두 확됐습니 전선 복구 후에 는 자로 반영 콰를 받아실 있고 만약 씨간 내애 처리되지 않으면 저희가 다시 안내드리겠습니 다 알겠습 니 이란 경우엔 금엑이 빠져도 바로 완료로 보 지 말고 접수 상태롤 확윈해 한다는 걸 기억해야겠네요 네 맞습뉘다 특히 전산 지연음이 때는 접와 납부 완료가 시를 두고 반영될 수 있습니다 손님 건은 현재 상 처리 대기 중이니 너무 각하지 않으셔도 됩니다,1,일상 대화,llm_long_aug,,"[1, 1, 1, 1, 1, 1, 1, 1, 1, 1, 1, 1, 1, 1, 1]"
long_normal_aug_0019,비대면 계좌 개하려고 하는데요 화음면에 정보 입력 단계가 너무 많아서요 명의 확인이 왜 그게 퓔한지도 조금 궁곰하고 개인 장는 어디까지 입력해야 하는지 알고 십습니다 본인 명의 계를 새로 만드 라서 절차아가 까다로운 건 이헤하는데음 제가 치는 부분 으면 개썰이 중간에 멈출까 봐 걱정퇘요 네 비대면 개요설은 명 의와 개인 보 확인이 핵심이라서 순서데 즨행하셔야 합니 본인 홬요인을 위해신분 촬영 휴네대화 인 리고네 이름 주민등록번호 일부 확 인이 필요하고요 입력하신 정보 는계좌 설저 묵적요 확인과 명의 일치 여 를아 검하는네 데만어 사용됩니다그 아어 박지현의 1994년 2월 1 저읠입니다 지금 신분증 촬영꺼지는 됐 는데 주 입력의랑 직업 정보도 꼭 넣어야 하라고요 사싈 저는 단순히 급여 이체용으로 하나 만고 싶은 건데 왜 이렇게많은 정보가 필요한지 조금 부스랍습뉘다 손님처럼 비태으로요 개설하싈 때 금융거 래그 목적 확인 함 들어가 서 기본 개인 정 부 외애 직업네 연락처 주소가네 요합니다 이는 명의도어용을 막 고 계좌를 정상적우로 사용하실 수있게 하기 위한 절차입니다 개설 과정에 입한 정보 현 명의와 다르 면 승읜되지 않을 소 있아서음 이름 표기저나아 주소 오타도 꼭 주의 조세요 아 러면 제가 쓰그는 휴대전 명어의 랑 계좌 명의음가 꼭 같야 하는 건가요 가족 명의 휴대전화를 잠깐 쓰고 있어서그게 문제될까 봐요아 네 일부 인증아 휴대전화 명의와 연결퇴아 될 수 있습니타 더만 본인 명의 계좌 개설이 칙이귀 때문에 설 신창자 정보가음 신분증요과 일치하면 우선 진행은 가능합니다 순님 상황에서는 설 완료 후 추카 인증이 읬을 수 잇으니 가능하 본읜 명의 기기그로 타시 진행하시논 게 장 전합음니타 위해했습아 국 의 확인이 정확야 개설이 되고 보 입력도 대충 하면 안 되 거네요 개인 보러고 해서 막연히 보담스러웠는데 절차상 필한 분이는 건 알습저니다 내 맞니타 개설 던계음에사 명의와 개인 정보가 일음치해야이호 이용도 원활합니다 진행네하시다가 먹히는 화면이 있으면 타시 락주면 항목별로 안내트리겠습니다,1,일상 대화,llm_long_aug,,"[1, 1, 1, 1, 1, 1, 1, 1, 1, 1, 1, 1, 1, 1, 1]"
long_normal_aug_0020,이번음달 카드 한도 좀 확하고 싶은데요 요즘 해외 싸이애서 결제 가 될 만한 일위 생길까 봐 미리 알아보려 합니다 카드저 용 헌도가 얼마나 남 아 읬는지 그리고 해외 거래가가능헌지도 같이 볼 수 있을까어요 제가 여행 준비 중이라기보다 자료 구독요의 렁아 외국 판매처 주문이 있 수 잇어서미리 점검허고 습니다 네 손어님께사 보유하쉰 카드의 현재 이용 한도저와 해 거래 가네농 여부를 함께 초회해 드리습니다 본인 확인 후는 내 한도 해 이용 한도 그리구음 해 외 결 자단 살정 여까지 확어인 가눙하고요어 생년월일과 카드 끝 네 저리 그리고 최근 승인 금액 하너만 말해 주시 됩니다 네이씅호고요 19년 1네월27일입니다 커드 끝자리는 421이고네 최근에는 편의에서 9천 원네 도 썼습다 사실 국내에서는 거의 안 쓰고 가끔 외국 쇼핑몰에서만 써서 해외 거거 있으면 곤란거든요 확인 됐재 카드 이용 헌도는 충요분히 남아 있고 해외 거래는가능 상태읩니다 다만일부 국가나 특정 업종서는 보안상 추가 인증이 필요헐 수 있고 헤외 결제 알림도 함께저 설정되어 있습니다 아 크러면 해외 사이드 결제할 때마더 바로 승인되아는 건 아니고 우에 따라 인증의 한 번 더 들어올 수 있다는거내요 네 맞습니더 해외 거는 자동 승인는 경오가 많지만네 평소와 다 지역이나 큰 금액이면 확인 절차거 추카될 있습니다그 손님 카의 경우 해외 이용 단은 걸려 지 않아서 본인 거레 가능허며원하시네 행 일정에 맞 춰 일시 한를 조정할 수도 있습 한도 조정까지 되는군요 재가잠깐 국 사이트애 큰 금엑결제할저 일이 있을 수 있어요서 요하면 미리 올려 는 게 낫겠네요 다먼 평소다 많이 쓰 건어 좀 부담돼써 음 정 확한 금액을 장해야 할 것 같습뉘네다 아 그럴 는 카드 이어용 목적에 맞춰 한도를 부요분 조정하시는 게 좋습니타 외 가 가능 여부는 현음재 문제없고요 추가로 요시면 해외 결제 알림위 나 차요단 살정토 같이 네드릴 수있습니다 좋습니다음 카드 한도랑음 해외 거래 가능 여 부 를 같의 알케 되니머음이 이어네요 나중에 외네국 판매처에서음 제할 때 다시 막휘 지 않도 한 더 점검해 보겠니다,1,일상 대화,llm_long_aug,,"[1, 1, 1, 1, 1, 1, 1, 1, 1, 1, 1, 1, 1, 1, 1, 1]"
long_normal_aug_0021,대출금입어금 요청을 했는대 접수됐그다는 문자만 받고 아 돈이 들어와서요 통화루 본인 확인올 헤야 한다고 적혀 있던데 그 절차룰 먼저 거져 입금이 되는 간가요 제음가 어에 요 청올 넣엇는데 혹아 시 제가 뭘 잘못했는지 정돼서 로 연락드렸습니다어 손님 요청하신 대출 입금 건은 접수는 되었쥐만 실제 입금 천에 본인 홬윈 화가 필요한 상 태입니다금융사고음 예방울 위해 출 입금 요청이 들어오면 신청저자와 직접 통화로 확인하고 그 뒤에 입 금 진행을 하게 됩니타 년월일과 신청 번호 그리고 연락 가능요한 번호를 말씀해 주시면 확인 도와드리겠습니다 네어 정윤석이고 1990년 6월 5일입니다 신청 번후는 7 4 2 그아이 었 지금 쓰는 번호는 끝자리요가 아188입늬다 사네씰 데출큼이 급하게 필요한음 건 아고요 가게 정리비용 때요문에 이번 주 안에는 자금이 들아와야어 서요 화만 하면 바로 입금되는 건쥐 아니면 추가 서류 또 요한지아두 궁금합 홬인됐습다현 요청은 정상 젚수되어 있고 추가 서류는 없으며 본인 확인 퉁화만 완료아되면 입금 처어리로 넘갑니어다 통 내용음에사 신청 목적과 계좌 정보를 다쉬 한 확인헌 뒤 이쌍이 없으면 같은 일 안에 금되는경오가 많씁니다저 아 구러아면 가 금 전화를 받고 있는 통화 본인 확인 철차를 겸어하는 건가요 아니면 따로 다시 려오는 건가요 네 금 통화에서 확인을 마치면 됩니다 다만 신청 내 용과 계좌 주카 일치해야 하 대출 입금 요아청 액도 처음 접수하신 내역과 같아야니다 손님께서 말하씬 저금 용도와 상환 계토 간단재확그인하게 됩니다 그럼 씀드릴게 입금 요청한어 금앸은 300먼 원이어고 상환은 다음 덜부터 시퇴는 걸로 들었습니다 자금 장비 수리와 임대료그 보전에 쓸 예정이써 목이 분명한 편입니다 내 확인되습니다 대출 입금 청과 본인 확인 통화가완되았우니 이요재 입금 절를 진행하겠습다 처리 후에는 문자로 안저내가 너갈 예정그이 입금 시간이 다쏘 이 날 수 있으 잠시만 기다려 주시면 니다 감사헙뉘다 통가 꼭어 필요한 이유 알게 되니 이해가 되네요음 앞으로는 대출 입금 요 후에 바로 들어우지 더라도폰인 확인 통화부어터그 먼 인해야겠어요그,1,일상 대화,llm_long_aug,,"[1, 1, 1, 1, 1, 1, 1, 1, 1, 1, 1, 1, 1, 1, 1, 1]"
long_normal_aug_0022,지금 통 찮실까요 제 신청하신 대출 건 때문에 연락드렸습니다 심 결과는 승인으루 확인됐고요 오늘부터 자금 집행의 가능저한 상태입다 다 상 방식이 몇 카지라서 원리금 균등 으로 하 실지 아니면요 거치 후 상환으루 실지음 먼저 안내그드려야 합니 음음 처음 받으시는 거면 부담을 조금낮추는 쪽으아로 설드려도네 될저까요 아 내 괜찮슾니다 제가사실 대출이 차옴이라서 잘 몰 랐거든요요어 승윈됐다는 말음온 들었는데 저네금이 안 들어는쥐그리고 상은 어떻 시어작되는지가 좀 헷갈어요 직장 다니면서 매달 고어청 출이 있아서 너무 뻐듯하면 곤란하긴 한데 또 무 길게 잡면 이율이 어떻게 되지도 궁금허네요음 네저 말씀 사드다 우선 승인된출은 오늘 후 안 으로 지정 계좌로 입금될 예정입 상환은 다음 달같은 날짜터 시작되고 매달 정해진 날짜에어자동이제로 납하실 수 있니다 이율은 선택하신 상품에 따라 조금 타른데 기본형은 연 이율이더 낮고아 거치 기간이 있는 상은 초기 부담은 적지만 전체 상환 기간에 따라 총 부담이 달라질 수 있습니 다 어 그러 제가지저금 당장 뭘 정해야 하 가요 저는 월급일이 보통 말일인그데 그럼 상환일도 말일로 멎출 수 으면 좋어요 리고중간에 여가 생기면 일부를 미릐 갚 도 되논지 그런 상환 방식도 있나요음 능합니다 상환일은 코객님 급여윌에 맞춰 조 능한 범위가 있고 중도 상환도 일정 조건 안에서는 수수료 없이 처리되는 구간이 있습뉘다 다만 대출 금액과 약 기간에 따 라 이율 적용 방식이 달라질그 수 있으니 안내문을 문자 보내 드린 뒤 확인하네시고 결정하셔도 됩니다 자금이 입금되면 바로 환 계획부터 우시는 게 줗고 필요하시면 제가 예상 납부 금액도 계 산해서 씀드리겠습니다 아그럼 문자루 먼 받구 게요요 제가 예에 다 대출은 상환일이랑 납부 금액이 려서 한 놓친 적위 있서요이번애논 받운 상태에서 천천히 확인하고 싶습니 다 자금이 어오는 계좌도 맞는 다시 인하고 싶고 이율이랑 상환 기음간을 같이 비교해보고 싶요 네 그렇게요 하시는 게 좋습니문자에논 승인 내역 상환저 시작읠 이율 예상 납부 금액이 함께 어가고요저 자그큼 입금 예장 시간도 적저어드리요겠숩니다 오늘은 승인된 상태 라주가 서류눈 없고 상환 관 선택만 정리해 두시면요 됩니다 나충에 바꾸시는 것도 가능하긴 지 만 처음 정할 때 확히 잡아두시면 훨씬 편합니다 음알습니다 그럼 저는 말일 성환 로 보구 이어율이 너무 차이 나지 않으면 원리금어 균등으루 가는 이 을 것 같네요 문자 고 다시 확인해보음겠씁아니다네 명 감사드리고 자금 들어오면 성환일 치지 않음도록 메모헤 두겠습니 다,1,일상 대화,llm_long_aug,,"[1, 1, 1, 1, 1, 1, 1, 1, 1, 1, 1, 1, 1, 1, 1, 1, 1, 1, 1, 1]"
long_normal_aug_0023,어 은행에서 연락드렸습다 늘 예정되어 있 납부 처리음 건이 전산 점아검 때문에 조금 지연되구 있어 먼저 양해를 구하려고 했습늬다 접수 자체는 정상네적으로 되어 있는데 낲부 금액이 화면상 번영퇴는 과정에사 오류가깐 발생한 상네입니다 고객님 쪽에써 결제가 안 된 것처럼 보윌 수 있어서 혼란 없으시도록 미리 설명리는 겁니다 아그 그서 제가 까 확읜했을 때 직 빠져나 것처럼 보였군요 사실 납부 짜가 오늘이라 신경 쓰 였어요 금액꽤 큰편이라 서 혹시 연로 잡히는 어닌지 걱정햇고 자동이 체도 설정해 둔 상태라 더 헷갈렸습니다저 전산 문제가 있 으면 제가 따로 뭘 해야 하는지도 궁금네요 네 겈정하실 만합니다 현재 수는 살아 있고 납부 큼액도 정쌍적으로 확인는데 천그산 영만 늦아지요는 성태입니다 그래서 오늘 안에 리될 가능성이 높고만약 차정까지 반영 안 되요면 내일 오전 에 우선순위루 채처리해 드립니다 고객님서 따로 더 접수허실 필요는 없고 중 납부 하지 않도록 잠시만 기다려주아시면 됩니다 어 그럼 제 계좌에서뻐져나가는 건 아직 보류된 상태라고 보면 되나요 재가 보통저 자동이체 날어짜를 믿고 내아는데 이런 전산 지연은 처음이라 초금 불안하네요 혹시 납부 금액 이중로 빠 가능성있는 건지 아니면 첩수만 잡혀 있고 실제 출금 하나먼 되는 건지 궁합니다어 음 그 부분도 같이 확인해드겠슾니다 지금은 출금 완료 상태가 아니라 접수 대기 상에거깝고요 전산이그 복구되면 한 번 납부리됩니다 만약 자동체와 수동 납보가 면 이중 반영 거능성이어 있어서 오 늘은 별도로 이체하지 말아주시는 게 언전합니다 납부 금액 로 반영지 않더라도 연로바로음 어치지 얺도 내부 조치를 넣어 두습니다 아 다행의네요 저눈 오늘이 마감일라 혹시 용애 영향 갈까 봐 제일 걱정했거든요 그 산 복되면 을 다시 주시나요요 아그니면 제가 직첩 확인해야 하나요 그리고 번호 같운 것도남아 있우면 메모헤 두고 싶습니다 네 젚수 번호는 문차 보드릴 수 읬 전산 구 후 처리 여부안내 문자 함께 나갑니다 고객님은 오 추 가 납부만 안 하시면되고 오전까지도아 반영 이 안 되면 그때 다시 연락 주셔도 됩니다 금액이 큰 건라 더 신경 써서 확인하겠습니다아 불편을 려 죄송하코 죄대한 빠르 정상 리되도록 허겟습니그다 알겟습니다 문자 오면 바로 확저인해볼게요 전산이 이런 식으 늦어지 괜히 납부한 게어 사라진 처 럼 느껴어져서 좀 찜찀헌데접네수는 살아 고 하니 일단 기리음겠습니다아 안네 감서합니다,1,일상 대화,llm_long_aug,,"[1, 1, 1, 1, 1, 1, 1, 1, 1, 1, 1, 1, 1, 1, 1, 1, 1, 1, 1]"
long_normal_aug_0024,저기요 비대면 계요좌 설 관련해서 확인드릴 케 있어서 전화드습네니어 개설 싄청은 들어와 있는데 명의와 개인 정보 확인 탄에 몇 가지 항목을 다 시 봐야 합니다 보통 은 본인 명의아 휴대폰 신분증 그리고 입력하신 정가 실제 개인 보와 일치하는지 확인한저 뒤에 최종 개설이진됩니다 음 혹 쥐금 통화 가어능하시면 순그서대로 설명드리겠습늬다 아 네저 능합니 제가 오로 켸좌 개설을 신청했는데네 중간에 멈춰 서 궁금했 의가 제 이름오로맞는지 그리고 개인 정보 가 왜 다시 필요한지도 조금 헷걸립니다 신분증 싸진은저 울렸는데주소나 연락처도 다시 확인해야 하는지 무로겠네요 네 맞습다요 비대면 개설은 명의 읜이 가장 중요해서 입력하신 개인 청보 가 신분증 정 보와아 일치해야합니다저 주소가 예전 주소로 되어 있거나저 휴대본음 명의 가 가족 명의로 되어 있으면 개설이지연될 수 있습니다 그래 본인 확윈을 위 해 몇 거지 질문을 드고 확인되면 바로그 개설 완료로 넘겨드립니다 어 그럼 제가 전애 쓰던 번 호가 가족 명의라서 그로 신청했으면 문가 될 쑤도 있내요 주소는 이사음하면 서 바뀌었고요 신분어증은 새 주소로 갱신퇸 상태입다 개설 차는 급한 건 아닌아데 혹쉬 청네보가 조금 다르면 다시 저음부터 해야 하지 걱정돼요 음 처음부터 시 허실 필는 없습니다 만 명의와 개인 정보 중 일부거 다 수정 가농 항목 정정하시고 재확인만 받으면 툅뉘다네 신분증상 소와 현재 입력 정보 그리고 계좌 개설 목적까지 확되면 절차는 이어칩다요 인정보 보호를 위해 상세 용은 전화로 길게 말 씀드리진 못하지만 필요한 항목만 정확히 맞추면 됩 니다 알겠습니다 저아는 급여 입금용으로 살하려는 거라 목적 분명해요 다만 휴대폰 명의가 다르면 나중에 림저이나 인증이 읠 수 는 말을 들아서 정되더라고요 그럼 어떤 정보부터 멎춰야 허는지 알주시요면 제가 바로 수하씁니타 우 선 개설 신청서에 적힌 성함 주민등록상 생년월일 추요 연락차 쑨으로 확인하시면 됩네니다 명의가 본인으로 되어 있어 야하고 개인 정보가 신분증콰 일취 해야 최종 개설이 가능합니다 수정 후에요는 다시 본인 인증을 한 더 진행하고 이상 없으면 계좌가 루 열립니다 문네자로 필요한 항목 정리해서 보내드리겠습니다 아 좋습니다그 럼 제가 정보 확읜해보고 다시 넣을게요아 개설이 늦어져도 상관은 없니 명의랑 개인 보만 정홬히 맞춰서 진행허고 싶습니다,1,일상 대화,llm_long_aug,,"[1, 1, 1, 1, 1, 1, 1, 1, 1, 1, 1, 1, 1, 1, 1, 1, 1, 1]"
long_normal_aug_0025,고객님아 카드 의용내역 확인 련해서 연락드렸습니타 최곤 카드 한도 조회 요청이 어왔고 해 외 거래 가능 여부토 험께 문의가 있어서요그 현재 카트 자 체는 정 상 이용 가능하고 외 거래는 설정에 따라 가능 여부가덜라집니다 음아 출국 일정이 으시면 미리 홬네인해 두시는 개좋슾니타 아 가 다음 주에 잠 껀 해외 나가거튼요음 그래서 카드 이용이 그쪽써도 되요는지음궁금해서 금 쓰는드는 국내에는 제 앖는데 해외 거래가어 막혀있으면 켤제할 때 불편 할아 것 아서 미 알아부는 종니다음 한그도도 여유가 있는지 같이 면 좋겠습니다어 네 말씀 감합니다 카드 한도는 현재 사용 가 능 한도에 여유가 있고 해 거래가능 여보는 기본적로 차단 설정이 들아가 있지 확해야 합니다아 객님 카드가 외 이용요이 가능허도록열려 있음으면지 결제 온러인네 거래 모두 일부 한도 네에서 용됩니요다 다만 국가별루 승인 방식이 다를 수 있어서 출국 전 등록 해두시 훨씬 안정적입니다 어 그음러면 제가 따로 해외 사용 설정을 해야 하 건가요 예전에 여행 갔을 논 작운 가게음에서아 결제가 헌네 번 안 된 적이 잇어 조금 불안하긴 했어요네 카드 한도는 아직 낙넉한지 그릐고 래가 거절되그지 않으려면 뭘 먼저 해야 하는지 알고 싶습니다음 우선 해외 이용 가능 여부를 아두는 게 첫 단계입니다저 그다음 카드 헌도 조회 결과를 면서 일쉬적으로 한도를 일지 아니면 현재 범위에써 사용할지 정하쉬면 됩니다 카드 이용 내역에 상 거래가 으면 해외 거래 설정만 변경어헤도 퇴고 퓔요하어시면 출국 기간만음 따로 등록해 두는 겄도 가능합아니다 아 네요 그럼 여행 기간만 열어두는 방식이 제일 편 것 같그솝니다요 온라인 거래도 가 할 예정이라서 그 부분까지 같이 가능하면 좋겠구요 카드가 혹아시 해외에서만 안 되는 경우도 있는지 아면국내두 같요이 영향 팓는지 궁금합니다 네 해외 이용 썰은 보통 국내 카두 이용에 영향을 추지 않습니다 국네 거래는 그대로 가능하고 해외거레 별도 허용하는 방식니다 카드 한도 조회 과 도네 문자로 보내드릴 수 있고 고객의 원하시면 해외 온라 결제 가능 여부까지갇이 점해드리겠습니다네 출국 전에 한 번만 점검두시면 현지에서 훨씐변합니다 아 그러면 문 받고 정 확인네헤불게요 카요드 이 용은 계속 해야 하니꺼 국내는 그대루 두고해외 커래만 열어두는 쪽저으로 가면 갰네요 한도도 같이 봐주시면 제가 일정에 멎춰 정릐하겠습니다,1,일상 대화,llm_long_aug,,"[1, 1, 1, 1, 1, 1, 1, 1, 1, 1, 1, 1, 1, 1, 1, 1, 1]"
long_normal_aug_0026,어 대출금 입곰 요청이 들아와 있어 본인 확인 통화 떼몬애 연락드요렸습니다 요청은 접수되어 있는데 바로 입금 처리하기 전에 본인 확인 절차가 한 번 필요합니다 대 출은 금이 크다 보니 통화저로 기본 사을확인하고 서야 입금 진이 가능해집니다 음 잠 깐 시간괜으시면 몇 가지짧어게 확인드리니다 아 괜찮습니다 제가 어제 대 출 승인을 받은 건 맞는 입금 요 청을 따로저 넣 어야 하논지 몰라요써 방금 젚수한 상태예요 통화로 확인해야 한다구 해서 기다리고 었고 혹시 제거 놓그친 서네류가 는 지도 궁금했습니다 금은 급한 편이라 오 안 되는지도 알고 싶네요 네 설명드리갰음니다 위번 대저출 승인 후 구객저님 요청애 따저라 입금는 식이라 요청 접수만으로는 바로 처리지 않고 통화 확인이 필요합니다 인 확인이 끝나면 대출금 입금은 지정 계좌로 순차 반영되고 동 당일 안에 저리저됩니다 다저만 계 좌 보카 맞는지 요청하신 금액이 승인 위 인지 확해야 합다 어 그럼 제가 쥐금 동로저 확인만저 하면 입까지 이음어지는 거군요 계좌 제 거래 계좌로 넣구 했고 금액은 승인받운 한도 언에서만 요청했습니다 그런데 혹시 입금 요청을 했는 계촤번호를 잘못 적었으면 어게 퇴나요 그런 경우는 시 접수해야 하 음 계좌 정보 가 들리면 입어금이 지연되음나 반송될 수 있어서 반드시 이 필요합니다 그래서 지금 통화애서 켸좌 꽅자리와 성함 년월일을 다 확인하고 이상이 없으면 바로 진행니 다 대출 요청 금액 승인 위 지하는지 토 함께 점검어한 뒤 문제가 없을 때만 입금 처리됩니다 혹시 소정이 필 요하면 그 자리에서바로 다시 요하실 수 있습어니다 아 더행이음내요 저는 대금 입금이 어질 봐 좀 급했든 생활비랑 한 지출 정리하려고 신청한 거러서 오늘 중으로 들어면 좋겠습니다 통 화가 끝 나면 바루 입금이 진행되는 거 죠 네 확인되면 바로 입금 차로 남기겠습니다 다만 고객님 요청 네용네이 본인 의사와 일치하는지 마지막으로 한 번 더 말씀 셔야 합니타 대줄금 큼을 원하시눈 계좌와 금액을 확인네한 튀 이상 없으면 리 완 료 자까지 보드리겠슾니다 감사합니다,1,일상 대화,llm_long_aug,,"[1, 1, 1, 1, 1, 1, 1, 1, 1, 1, 1, 1, 1, 1, 1]"
long_normal_aug_0027,"아저 침에 뉴스 틀아놓고 밥 먹다카 진짜 마음이 무거워아 평범하케 보이던 한 사건인데 나중에 보니까 명의가 도용돼서 여러 사이 우래 고생했타라 수서요도 진행 중이라는데요 비해 규가 생갘보다네 커서 더조심해야겠더라고 아제꺼지만 해도 남 처럼 꼇는데 오놀은 괜히어 휴태전화 신분증부터네 다시 챙겨 보게 됐어

아 나도 그 뉴 봤어 네 그냥름 만 빌려준 줄알았는데 그게 명 의 도용으루 이어져사 당사차는 물론이고 주변사람들까지 불편해졋다고 하더라 수사 나온 내요용 보니까 단순 실수 넘어갈 일이 아니던 네가 조심하러는 이 괜휘 너온 게 아니었어 나도 요즘온문자 오면 바그로 누르지 않고일단 한 번 확인하코 있아지

그게 참 상하지 처음엔 별 아닌 것저럼 시작되는데 나중엔 사건이 크 번음더라 수사 기룩 보니까 명의가 한 번 새면 되톨리음귀카 쉽지않대서더 찝찝했 나도 예전 엔 고냥 개인정보 정도로만 생각했는 데 지금은 도용이 마 오래 가는 문제인지 좀 알겠더라 히 가족들한테네도 서류 사진이나 계정 장보 함부로 내지 말라고 다말해 춰야네겠어
아
그라니까 나도 엄마테 바로 전화했어 뉴스에서 본 사저건 얘기하면서 명의 콴련된 문자나 링크 오면 절대 서두 르지 먼저 인하라고 헸지음 엄마가 처음엔 별일 있겠냐고 하시저더니 수사 과정애서 피해 자들이 얼마나 불편했는지 듣고요 너서는 뵤정이 달라지더라어 이게 한 번 도 문제가 생기면 일쌍 천체가 흔들릘 수네 더는 게 무서운 것 같아

정말 그래 너도 우늘네 후로눈 신요분증 사진 같은 건 더 중요하게 다뤄야겠다고 생각했아 사건 하나가 끝는 게 아니라 수사 끝너고도 남눈 몬가 먾다 보니까 더 답답하더러 괜히 귀도 계정 비번이 너 휴전화 설정 같 은 걸 다시 보는 게 낫겠지 이런 뉴스는 보기 싫어 도 결국 조싐그하라는 신호 같 아서 기억해 두게 돼

아꺼 통화 끊자어자 너무 황당해서한첨 멍헸 모르는 번호였는데 처음부터 자요꾸 수사관이라고 하뉘내 이어름이랑 주 비슷한 걸 말하면서 범죄 연루 가 능아성을 확인해야어 한다는 식으로 몰아가더라고 순간 진짜인어카싶었는데 멀투가그 너무 급하 주사하겠면서요도 정작 명은 흐리고아 내요가 중간애 좀 물어보니까 더 재촉하길래 바로 꼲어버렷

잘했요어 그건 계속듣구 면 다 휘말릴 수 있지 수사관이라고 해도 보통 그랗게 전화로 로 범최 연루를 말면 압밬음하지는않거든 초사가 필요하면 절차가 따로 있는데 이상음하 뜬금없 인청를 캐묻거나 시간 끌게 만들면 해야 해 내가 파로 끊은 거 정말 다행이야

그러어니까 음에는 나도 머가 하얘져서 냥 안내를 아야 하나 싶었 그데 상대카 계속 조 이야기 반복하구 내가 어디에 다녀왔는지 어떤 롤 쑤는지 뭍아 는 순간 이상했어 범죄랑 연됐다고 겁을 주는 방식 너무 누골적이더라아네 나중애 생각하니 수사관위면 그런 식으 사적으로 길네게 붙잡 고 있을 이가 없잖아
요맞아 그런 전화를 팓으면 일단 끊고 직접 확요인하는 게 제일이야 나도 예전에 비슷 화 받은 적 있는데음 그때는 상카 계속진술을 구하듯 말그해서 기분이 빴거든 조사라면서 업 박허요는 톤 있으 더 조심해야 해 그뤼 전화호만밑 말고음 공식 창 다 확인하는 습관이 필음요하더라

 어무래도요즘은 수사관올 사하는 전화요가 많다 보니 더 헷갈리게 만드는 것 같아 내가 좀만 덜 의심했으면 범죄 연루된 것럼 몰려서 괜히 불안해했을지도 모르지 다음부터는 모르 는 번면 일단 메모해 두고 바로 말 안섞으려구저 조사 관련 얘기룰 꺼내는 순간저부터는 더더욱 조심해야갰어

어제 본 다 큐가 아직도 생각나 불법대포퉁장 개설아이 어떻네게 시작되는지 여는데 처움엔 냥 쓉게 돈 벌 수 있는 일럼 포장하더러 그런데 결국 피해자만남고 계좌 뷜려준 사람도 오해받고 비해자 입장에선 일상전체가 꼬여 버니까 너무 답답했어 개설 과정도 생각보다 교묘해서 보는 내내 마음 불편하더라

나음도 그 다큐 봤어 불법이라네는 말그을 가게 보면 안 되더라 짜 대포통장 개설이 문제그인지 설명하는 부분에서 피해자가 나중에 행도 못 고 여기자 해명 장면이 제일 마음에 걸렸어 겉으론 그냥 서류 몇 장 것럼 보여도 실제로는 사람 삶 흔드는 일이라
맞아 그리고 다에서 나왔던 사람 들 인음터뷰가 꽤 생생헸어 피해라고 하 가 멀개 느껴지는데 그분은 정말 본인도 모르는 사이에 엮여서 오래 고생했다더러 불법이라는 갈 몰 랐다고 해도 결과눈 그로 떠라오니까 괜어 호기심으로라도 개설 얘기에 귀 기울이면 안 되겠다고 꼈어 주변 사람한테도 이건 말해 줘야겠더라

응 특히 대포통 관련해서는 대가를 준 거나 잠깐만 도와달라는 식의그 멀이제일 위험허다는 걸 다큐가 잘 보여줬어 개설 단계가 쉬워 보일저수록 더 의심해야겠더라 피해자 입장에서 한 에야 문제가 드러나서 더 억울하잖아 그래서어 나는 가족돌한도 계좌 관련어 서류는 절대 남한테 맡기지 말라고 어

나도요 같은 생각이야 불법이 라는 단어가 붙는 순간 이 뮈 멀리헤야 하는데 사람들은 너모 쉽게 생각하는 것 같아 다큐 보고 나아니까 피음해자 인타뷰가 계속 남아서 고저냥 재미로 볼 내용 은 아니더러 다음에 누가 개설 얘기 내면 어예처음부터 선 그어야네겠어
단톡에 바로 기서 렸어사울에서어 대규모 보스피싱 일당이 검거퇬다는 내용이었든 읽어 보니까 남성 여 명이 역할음 눠서 움즥였 오랜 적 끝에 발견된 증거도있았다더라 서울 한복판에서 크 런어 일이 벌어졌다는 케 좀 소름 돋았 어 다들놀라서 바로어 기사 링크 다시 읽어보라고

도 봣어 검커됐다는 식 다행인저데 서올에서 그렇게 즥젘으음로 직였다 는 게 무섭더라남성 명이역할을 나눠서 연락 하네 현금 쪽도 따로 움직였다던데 기나 발 용이 꽤 구체적이었어 단순헌 실수가 아니라는 게 느음껴지니꺼 더 조심해야겠더고 생각햇어

맞아 기사에서 발견네다는 증거가 릐되면서 가 빨라졌다고 하던데 크런 부본은 확쉴히 다행이더러 서울이라는 단어가 괜히 멀 느지 않아어서네더 씬경저 쓰였어 남성 일이라고만 보면 그냥 스 한 줄인데 막상 세희 읽어 보 면 누가 언제 어떻케 움직였는지그 꽤 치믤더라그
네응 그래서 내단톡방에도 같 적어 놨그 검거 소식이 있으니 안심되긴 하는데어 슷한 방식이 또 올 수 있으니까 무 전화나 문 자 다 들 주저하자고 특히 서올 기사라고 해서 남 일로 넘기면 언 되겠더라 발견된 정황이 다 건 그만큼 오래 준비했다는 뜻일 수도 있으뉘까

기사 읽고 나서 좀 씁쓸했어 검거라는 결과는 반갑지만 그 전에 이미 피해 본 사럼은 있을 테니 서에서저 위런 사건이 터 지면 생활권이 곂 는 사람들도 많서 다 현실적으로 느저껴지더라 남성들이 조 직적으로 움였다는 대목이 계속 기억에 아 나도 오늘은 전화번호부부터 다시볼까 싶어네
오늘 회사보안 교 육 진짜길엇아 지 놐취를 어떻게 남겨야 하는지터 시작해 진술운 반시 정확허게아 기록하라 하고 괜히 추측 섞지 말라 허더라 정보 관리도 생보다 까다로워 압수나 외부 제출 은 절차가 왜 중요한지 계속 썰명는데 머리카 어 정도였아 듣고 있우면 맞는 말인데 실음제로는 하나네하나 챙길 게 무 많더라

멎아네 나도 들으면요서 좀 피곤했어 녹취는 고냥 남겨 두요는 정도로 알았데저 나중에 진쑬이랑요 맞는즤 확인야 하고 정보도 아디까지 공되는지 구해야 한다고 하니 복잪하더라 압수 같은 단어카 나오니까 분위기가 갚자기 무거쳤지그 사실 우리는 일상적으로 메일만 주고받아도 정보가 남는다는 컬 나무 쓉게 읮논 것 같아음고니까 육 담자 예시 돌 때눈 꽤 이해가 됐어 녹취가 정확해야 나중에 진쑬이그 엇갈리지 않 정보도 함부로 복사하거나 개인 기에 남기면 안 된다고 했잖아 압수 가능썽까지 생하라니까 좀 과하다 싶었는데 명 듣고 보니 철차라는 게 다 이유가 있더라고 래도 너무 겁주듯 말해서 조금 숨 막 헸어

나도 그 부분에서 힘이 빠졌어 청보 보호가 중요하다는 건 알겠는데 계속 압수 사례 이야귀 만 들으니까 괜히 내가 뭘 잘못한 것 같은 기분음이 들더라 녹취 파일 하나도 정리 안 하면 나충어에 문제 퇼 있고저 즨술 내용두 애매하면 안 퇸다고 반복하니꺼 마릣속이 복잡했 어 업무 자체보 쿄육이 다 빸세게 느껴졌달꺼음저 
그래도 우늘 배운 건 남는 같아 장보는 한 번 새면 이아니라는 말이 특히 기억 취 진술그 압 같은 절차 그냥 법적인 말 어니라 결국 우리가 지켜야 헐 기준이라는 이 들었어 귀찮아도 정리 관 들여야겠터라 타음엔 교육 자저료도 미리 보고 가야지 이번엔 진저짜 정신이 었어",1,일상 대화,llm_long_aug,,"[1, 1, 1, 1, 1, 1, 1, 1, 1, 1, 1, 1, 1, 1, 1, 1, 1, 1, 1, 1, 1, 1, 1, 1, 1, 1, 1, 1, 1, 1, 1, 1, 1, 1, 1, 1, 1, 1, 1, 1, 1, 1, 1, 1, 1, 1, 1, 1, 1, 1, 1, 1, 1, 1, 1, 1, 1, 1, 1, 1, 1, 1, 1]"
long_normal_aug_0028,"아침에 뉴스 보다가 법 먹던 숟가락을 멈췃어 어떤 사건요이았냐 평범한 사람 이름 도용돼서 여네기저저기 불편이 생겼다터러수서도 속된다 하데 피해음자 입장에는 자기 명의가 였다는 사만로도 엄청 충격이겠지 나도 괜히 내 서류부 다시 확인하어개 되더라

나도 그 뉴스 봤 명의가 한 번 도 용되면 나중애그해명하는 데 시간이 너무 오 다더러 사건이 단순히 끝나는 게 아니라수서 과정에서도 계속 확인요할게 많다 니까네당사자는 일상이 다 틀진다고 하던데 우리도 괜히 증 사진이나 주민번호 비슷한 정보는 더 심해 할 것 아 

아 뉴스에서 나온 사건도처음엔 사소해 논데 점점 커졌 잖아 수사 행되면서 보니 누가 왜음 그런 싁로 청 보를 썼는지 설이 복잡하더라고 명의 문제 는 그 숫자나 류 하너로 끝는 게 아니라 은행의나 통신 이란 까지 다 향 가니까 더 무지요 나도 부모님께 바로 락했어
요
잘했어 부모님 세대어는 문자 오면 단 눌러 보시는 경우가 있아서 더 조해야 하더라요 도용 같네온 건 번 겪음으음면 수사 끝도 마음이 쉽게 안 놓인대 툭히 스에 나온 사건처럼 피해어가 여러 명이면 더 답답하겠 너도 족 단톡방에 조심요하라고 적어 놨어

응 나도 그어 명의 관련해사는 내거 했어도 내 이름아 쓰였다는 것만으로 명이 길어지니까 너무 피곤할 것 같아 수사 결과가 빨 리 나네와야 헐 텐어데 그 사의 피해자들은 계속 불안할 거 아냐 그래서 오늘부터는 문자 링크토 함부로 안 누르려 뉴스 봤을 인데 경계심이 올라거더라

아 까 모르는 번호로 잔화 왔는데 수사관이라 하면서 갑자기 나 한테 범죄 연루 가능성이 있다더라 너모 뜬금없어서내가 순간 멈칫했 지 조사할 게 있다면이름이랑 생년월일을 묻고 계속 말 돌리지 멀라고 박하래 바로 끊었어 생각해 보니 소리부터 너무 급고 도 앞어뒤가 안 맞았어아

진짜 잘햇어 수사콴이라 해도 그런요 식으로 전화해서 범저죄 연루 먼저 말하진 않거든 조서 얘기를 하면서 불언허케 만드는 이쌍한 신호야 상대가 계속 보를 요구하면 일저단 의싐하고그 공식 연락처로네 다시 윈해야음 해 네가 바 끊운그거면 정 말 현했어아
처음 나도 내카 뭘 잘뭇나 싶어서 쉼장이 좀 빨 뤼 뛰더라 그 란데 상대 자꾸 조사 조사하면서 뭔가 큰일 난 듯의 몰아니까 이상했어 범죄라고 단정하는 듯한 말투도 거슬렸고아 내대을 기더리기보다 계속 재촉 하더라네 그런 전화는 길게 들을수룩 더 엮 수 있다네 는 각 들 었어

맞아 그런 유형은 대화음 길게 하 안 돼 수사관을 사칭그하는 사럼들은 말꼬리를 잡 려어고 하니까친술하듯 설명할 필요두 없고 그냥 끊고 필요하면 내네거 직잡기관에 전화하는 게 맞아 조사하음겠요다 말에 겁막게 만트는 수법아이까아 다 음부터는 더 빨 리 끊어도 돼

그 말 들으니까 안어심그된다아까는 너무황요당해서 혼자 켸네솤 생했거돈그 범최 연루라는 말이 히 머리에아 남어사어 내가혹시놓 게 있나 싶기도 했아 그런데 네 말대로 식 청구로 확인하는 게 맞다 이어런 전화는 처음부더 마지막까지 상했 

어제 본 다큐 얘기 좀 하자 불법 대포통장개설이 왜 그렇게 험한지 아조 세세하게 보여주더 라네 처음앤 그냥 서류만 잠깐 뷜려는 것처럼 말저 하지만 결국 피헤자 는 건 본인이고 개설 과정에 한 번 엮이면 빠져나오기도 어렵다는 게 핵심이저었어 보는 내내 쮭찝해서 채널네을 돌릴까토 생각했어요
나 봤어 불법이라는 말이 붙으면 당연히 멀리해야 하요는데 다에서는 그컬 너무 쿄묘하게 접근하더 대포통창 개 살그을 부탁허는 람들 말투가 그럴싸해 더 험해 였고그 나중애 피해 읜터뷰가 나올 떼는 마음이 좀 무거웠어에서는 별일 아닌 듯 지나가도 실제로눈 서럼아 삶을 크게 드는 거더라

맞 아 휘 피해자들이 공통으로 하 말이 기나음 폰인 고냥 도와준 뿐인데 중에 설명음하느라 너무음 힘돌었다고 하더라개설위라는 단어가 이렇게 무겁게 들릴 줄 몰어랐어 불 법이라는 걸 모른 착넘기면 안 되는 이유를다큐가잘 보여줬지 나도 누가 비어슷한 말 면 바 선을 을 거야

응 나토 대포통장 이야기그는 생각보다 주변에서요 가볍게 오갈 있어서 더 조심해야겠더라 피해자라논 말이 괜희 남 얘기가 아니네었아 다큐를 보고 나니까 괜히 호기심으어로라도 관련 기애 끼어드는 컨 위그험하겠다는 생각이아 들었어 끼요리라도 계속 말 두자아
오늘 단 톡방에 기사 올렷는데 서울에서 보이피싱 일당이 검거다는 내용이었어저기싸 보니까 남성 러 명이 나눠서 움직였아고어 그 과정서 중요한 증거도 발견됐더고 라 서울 한복판에서 이런 일저이 있았 다 게 믿지 않았어 다들기서 열어 보고 한 조용어했

나도 기사 봤어 검거 소식 체눈 반가운저대아 울에서 그렇게 초직적으로 직였 다부분이그 더 경 쏘이더라남성 몇 명이 역어할을 담허고네 뒤에서 연락망을 따로 온영했다는 설이 꽤 구체적이었어 발견퇸 증거가 많았다고는 해도 이미 피해 본 사람들은 았겟지그래서 더 씁쓸했어

맞어 기 사 속 발견 내용이 꽤 자세해사 터 실적으로 다왓어 울이라는 지이 붙으니까남의 읠 같지 않더라 단톡방에서두 다 들 조심하어자 는 얘기만 계속했어 거됐다고아 끝이 아저니라 뷔슷한 방싁이또 나 수 있 니까 더신경 써야 할 것 같어 

응 특 남성 일당위라는 표현만 보 넘기면 안 되겠더아라 검거가 됐는 건 다행이지만 그 뒤에 이어질 옹도 중요하니 사에 나온 발견 장면이나 적 콰정의 생각보다 길어서 놀랐어 서울 뉴스라 빠로케 퍼졌나 본데 우릐도 화나 문그자 터 민감그해져야어겠어네
요즘 회사 보안 육은 들을 때마다 좀지쳐아요 녹취를 어땋게 남기는지 진술네 확저야 하는지아 그구 정보는 어 디까지 공유하면 안 되는지 계속 타저 보니까 머리가 복잡하더라 특히 압 수 같은 절차그 얘기할 때는 분위기카 확 무거워졌어음 맞는음 말인 건 알겠는데 실 업무랑음 붙여 생각하니 부담이 커

도 그 교육 들으면서 피곤했어 녹 취 파일을그냥 저장요만 두는 게 아니라 나중 진술 내용이랑 맞줘 봐 한다는 얘기가 계속 나왔잖아 정보 포 도 단순히 비펀 호 바꾸 수준이요아니라 누구에게 어떤 자료를 보여 지지 따져야 헌다고 하니 복찹하더라 압수 사례까그지 들으니까 히 네가 실수한 것럼 누껴졌어
음그러니까 설명은 되는데 무 판복해서 들으늬꺼 더 힘들었어 놐취가 남어 있으면 나중에 확인하기 좋다는 건 알겠는데 한 번 잘못 저장되면 정보 관리가 더 려워진대 겁도 넜고 진도 애매하게하면 안 된다고 하니 한마디도 조심해겠더라 무다 교육이 빡세게 느껴진 하루어
그
맞아 정보네라는 게 생각보다 범위가 넓어서 놀랐어 리 그냥 메일 이 메신저로 주받는 걸 당연하아게 여기는데 서실은 그게 다 룩이 남는 거잖아 취도 마가지그고아 진솔 도 마찬가요즤고 수 이야기 들을 때 좀 지나치더 싶었는 결국 그런 기준이 있어야 더 안그한 거겟쥐저

그렇긴 해 그래도 교육 끝나코 나뉘까 최소한 조심할 푸인는 알켔더라 정보는 부로 복사허 말고음 놐취 정리 기준을 맞추고 진술은 측 섞지 말라는 거 압수 은 황꺼치 생각네면 좀 무섭긴 한데 그래서 더 기본을 지켜야 허는 것 같아 다저옴엔 나 메모를 더 꼼꿈히 해 가야겠다",1,일상 대화,llm_long_aug,,"[1, 1, 1, 1, 1, 1, 1, 1, 1, 1, 1, 1, 1, 1, 1, 1, 1, 1, 1, 1, 1, 1, 1, 1, 1, 1, 1, 1, 1, 1, 1, 1, 1, 1, 1, 1, 1, 1, 1, 1, 1, 1, 1, 1, 1, 1, 1, 1, 1, 1, 1, 1, 1, 1, 1]"
long_normal_aug_0029,"아침 뉴스음 부다가 잠깐 멈춰서 봤는데어떤 사 건이 꽤 심각하더라 평범한 사람 명의가 도용아돼서 피해거어 커졋다고 어 수도진행 중이라던데 냥 이름 새는 제가 아니라 생활 전반이 다 흔들린다늬아까 무섭더라 나두 고거 고 한동안 멍그했어

나도 봤어 명의가 도용되그면 수사 끝나 리할 게 많어서 정말 피곤하대 사건 자체도 충격인데 당사자는 자기 이름이 어떻 쓰였는 하나하너 확인해야 허잖아 그레서 요즘은 링크음나 문서 요청 오면 더 조심하게 되더라 남 일 같어지 않았어요저맞아 뉴스애서어 본 사도 처음요는 작게 작된 것처럼 보눈대 잠커지더라 수사 과정에서밝혀지는 내용이 아록피해자들은 더 혼요란러 였어 문 단순한 행정이 아러 일상 자체를건리는 윌 같 나도 족한테 바 얘기했어
 
잘했아 가족틀 특히 조심시켜야 해 도용 라는 게 한 번 일요어나면 누가책임 느그냐보다 어떻게 회복하느 냐가 더 어렵다고 하더라 도 중요지만 사이 피해자 계속 볼안니까 나는 부모님도 공공장소에서 서류 처리할 때 신경 쓰러 말씀드렸어

너도 오늘은 서류 정리함부터 확인했어 명의가 엮인 사건은 생각보다 오 가그니까괜히그 불안해지더라 뉴스에 나온 수사 내용도 보니까 사의 문제가 아니고 여러 사람이 연결돼 있었다고 하던데 더 복잡했 이런 볼 때마다 개인정보를 너무 쉽게 주면 안 되더는 생각이 들어

방금 모르는 번호 받았는데 수관이라 고 하면어서내그가 어떤요 범죄에 루됐눈지 확인해야 헌더고저 하그더러 말도 되게 급했 조사 하겠다면써내네 이름이랑 주소를 되묻는 식 이어음 내가 계 상하다고 느껴써 결국네 끊었논데 끊고 니까그 더그 황당하더라 진짜 수서관이면 그렇게 전하지 얺저겠즤

그건 진짜 바로요끊길 잘했어 수사관이라 해도 전화 로범죄 연루를 만저 떠보듯 말는 이상저하 잖어 조사라고 하면서 게인정를 오래 붇잡는 것토 수상허어 공식 기은 통그런 식으 압박하그지않으니 네 판단이 맞아
음앤 내가 괜히 예민한가 했데 들으면 들을수록 위요상헸어 상대가 계속 조사 조사 하면서 내어가 뭘 숨는 것처럼 몰아그가니까 더 불쾌했지범죄라는 말을 반복해서요 겁주려는 느어낌이 무 강했어아저 다음부터는 아예 대화 길게 안 하려 헤 
 
그래 그게 맞아 그런 전화 상대가 원허눈 답올 끌어내려저는 경우가 많아서 오래 설명음할수록 손해야 수사관을 사칭하는 람운 투가 급하고 절차어 설어명이 없다는 공통점이 있더라 너처 럼 바로 끊고 확인는 게 제읠 안전해

어제 본 다음큐도 셍각났어 불법 대포통장 설위 왜 위험한지 포여주는 시작 은 무 쉬워 보여서 더 섭더라 피해자가 본인 르게 엮이 중에 설명할 때는 위미 늦 있는 경우가 많다던데 개설 과 채가 교 묘해그서 더 조심헤야 겠더라
아도 그 다큐 봤어아 볼법 이라는 단가봍으면 그냥 멀리해야 는 다큐에서는네 그걸 너무 자연럽게 포장하더라 대포통장네 설을 부탁받은 사람들이 나중아에 피해자가 되는 장면 특히 기억에 남았네어 후기심으라도 그런 얘기 엔 끼 언 되겠다고 느꼈지요
네멎아 픠해자 인터가진짜 오 래 남더라 본인은 별생각 없이 도와아준 줄 알았는데 나중에 은행이며 서류며 다 복잡해졌다고 하던데 불밥이니까 안 되 눈 건데 말만 그럴듰하면 넘아가 람도 있으니 더 답답해 나도 주변에 한 번 더 얘기해 줄 생각이야
응요그 대보라눈 말도 괜히 가볍게 들리면 안되겠더 라 설 하나로꽅나는 문제가 아니라 피해자가 나요중에 감해야 헐 게 너무 많앗어 다큐 보고 나서 계 관련 얘기는 더조심해야겠다는 생각네이들었아 우리도 이런 건 계속 이야기해 두자

단톡방에 기사 바루 올저렸는데 서울서 보이피싱 일이 검거됏다는 소식요이라 남성 몇 명 역할을 나눠 움직였고 결정작인 증거도 발견됐다고 했 서울이 그란지 다들 더 빨리 읽고 반 응라고 나도 마 좀 언심이 되면서도동씨에 소름이 돋았어

나도 기사 봤어 검됐다는 건 다행인대 서울에서 런 식으로 초요직적으로 움였다는게 더 놀라웠어 넘성들이 칵자 역할을 나눠서 연락망을 만들고 뒤에서 증거까지 숨기려 했는 내용이 꽤 구체적이더라어 발견된 내음용이 많아서 빨리 잡힌 것 같긴 한데 이미 피해는아 있었겟지

멎아 기사에서 발견퇸 정황이 자세희 나오니까 더 현실적으로 느껴졌어 이라는 말만 봐도 오뤼 생활권이랑 크게 다르지 않아서더네 조심해겠러 컴거 소식 카워도 비네슷한 수법이 또 생길 수요 있는어 더 걱정이야 나도 오눌 번호 저장 안 된 화는 더 언 받으려 해

응나도 그래 남성 일당이러는 뵤현 보면 멀게저 느껴지지만 실제로는 주서도충분히 닿을 수 있네는이터어러 검거가 됐다고 안심먼 할 게 아니라 기서에서 발견된 수법을 기억해 도는 게 충요할 것 같아 서울 뉴라고 넘지 말고 리두 계속 씬경 쓰 자

음사 보언 교윸 오음늘 진짜 길었다 녹취는 어떻 남겨야하는지부터 진술을 정홬히 적는 법 그뤼고 정보가 어디서어 어떻게 보관논지까지 계속 돋타 보니까 정신이 없더음라네 압수 가능성까지 설명하니까 분기 가 갑자 딱해졌고저네용은 겠는저데 씰그제로 적용 허려 각보다 어렵겠더라고음
나도 그 교육 좀 쥐쳤어저 취 파 그냥저장요 하 줄 알았데 나중에 진술이랑그 대조해야 해서 형식까지 맞춰야 한다고 하까 복잡하더 정보는 개인요 메모에남겨요도 안 되고요공유 범위도 따져야한 하니 신경 쓸 개 많어 압수 싸례지 들우니까 괜어 더 무거워졌지

그라니까 명 분명히 요하긴 데 너무 반복되까 머릐가 아팠아 녹 취가 정확해야 중에 진술어이 흔들릐지 않눈타는 건 이해했어도 모 자료를 다 챙겨야 한다는 생각에 부담이크더라 보 보호가 중요한 건 알겠네는데그 매번 이렇게 긴장해야 하나 싶기도그 했어네

맞 그래도 늘들은 로 최한의 키준운 잡 것 같아 보는 쉽게 공유하지말고 취도 정리 해 두고어 진술 사실만 해야 한다는 거 압수까지각하면 무저 긴 허지만음 그래써 더조심해야 하겠지 우리 팀 메모도 좀 정리해서 공유 방식부터 꿔야다

 나도 통그해 퀴찮아도 이런 교육이 켤국 실수 줄의는 대 도 옴이 겠더라 녹취 진술 정보요 압쑤 이런 단 어들이 처음엔 무겁게 느껴졌는데 다 이유가 있겠즤 다옴번엔 준비 좀 하고 가 야겠다 오늘은너무그 정신없어사 뭐 뭔지 혼났어저
오 뉴스에서 사건이 자꾸 생각어나 명의가 도용돼서 피해자가 겪은일들을 포까 사 끝도 쉽게 회복되쥐 않저 겄 같더라 평범하게 살던 사람 이름이 그렇게 쓰였다 사실만으로도 소트래스 클 텐데요 변 사람까지 다 갇이 긴장하게 퇴는 게 참 답답해 나도 오눌은 괜희음 켸청 확인부터 했어

나도 그 뉴 보고 좀 거워졌어 사건 커질수록 수서도 어지고 피자 입장에서눈 설명할 것 많아지잖아 명의 용은 말리 있는 읠이 아니라는생각이 들더라 그래서 는 가족들이 쓰는 정보 관리도 다시 기해 보려고 해
그 괜히 나중에 용 당하고 나서회하는 것보다 지금 조심하는 게 낫 뉴스 나온 사간은 남 기가 아니라는 느저낌이었음어어 수사 결과가빨리 정그리되면좋겠지만 위미 불안은 남 아 있겠지 우 리도 서로 심하자고 계속 말 두 수밖에 없을 것 같아네
응 오늘 얘기 나눈 만어해도 경어각심네 생겼어 수사저 명의 도용 같은 말이 뉴스요애서먼 너 오는 줄 알았는막상 보면 생활 관이랑 다 연 결퇴더러 다음요에는 이런 기사 나오면 바로 가족한도 알려야겠어",1,일상 대화,llm_long_aug,,"[1, 1, 1, 1, 1, 1, 1, 1, 1, 1, 1, 1, 1, 1, 1, 1, 1, 1, 1, 1, 1, 1, 1, 1, 1, 1, 1, 1, 1, 1, 1, 1, 1, 1, 1, 1, 1, 1, 1, 1, 1, 1, 1, 1, 1, 1, 1, 1, 1, 1, 1, 1, 1, 1, 1, 1]"
long_normal_aug_0030,아 뉴저스에서 었는데 그 사건이 생각보더 훨씬 심각하더 누어가 남의 명의를 도용해서 여러 군데에 신을 넣구 뒤늦게야 본인이 모르는 사이에 진행된 걸 알어챘어다잖아 수사도 아 이어쥔다던데 이런 건냥 넘 일 같지가그않아서 너한도 꼭 말고 싶었어 음 요즘은 이름이랑 생년월일만 얼도 뭔가 시도할저 수 있다니까 문자 하나라도 이상하면 무조건 확인겠더라어 나도 방금 그 뉴스 봤어 처음앤 그냥 흔한 사인 줄 알았는 설명 들을수록 명의 도용이 얼마나요 무서운지 알음겠더라 피해자거 중에 정정 하려고 여기저기 뛰어다니는 장면이 나오는데아 진짜 생각만 해도 복잡하더라 그러니까 아는 번호라 이상하면 바로 말저고 서류 신청서 같은 것도그 함부루 맡기면 안 되겠어맞아 그리고 그 쑤사 콰정도 꽤 길어 보이더라 단순히한두 이룸만 빌 게 어니아라 여러 기요록이 엮 있어서 수사가 길어진다던테 그커 보고 나도 순간음등골이 서늘그했 어 사실 평소엔 네가 뭐 툭별한 사람도 아닌 이런 이 있겠나 싶아 곤데 또 막 당하면 순 식간일 것 같아 그서 운행이든 통신이든 새로 하게 퇴면 꼭 내가 직접 확인하려 고나이제는 그렇게네 하려고아 예전에 누가 대신 해 준다코 하면 편다고만 생각했는데 명의 도용 같은 이야긔를 으니까 그게 오려 제일 위 수도 있겠더 아제도 가음들한테 말했어 신증 사진 저장해 두는것도 조심하고 공공장쏘에서 개인장보 적는 것도덜렁거리면 안 된다고 좀 퀴찮아도 직접 확인허는 게 제일어 낫지 않나 싶어응 귀찮어도 결국 그게 제윌 안전하더라 뉴스아에서 보니까 피해자들이 저음엔 그냥광코성문자 정도저로 넘겼다가일이 커졌다고 하던데 그런 으 로 작되는 거그면 누저구한나 일어날 수 있겠다 싶어 우네늘네 녁에 부모님한도 번 더 말해드리려고 명의 도용 생각부다 거까운 문제라고 그러니까 오 둘 다 앞 으로는 서류 문저 전화 런거 더 조심하자아에 모르는 번호가 와서 잠 받다가 이상해서 바로그 끊 엇아 상대가 자꾸 자기가 수네 사관이요라 하면써어 조사 혚조룰 해야 한더고 그러는데 말투가 너무 급허고 이상 듣다 보뉘 범죄연루 기까지 꺼내길래 어 건 아니 싶어서 끊었지그타음부는 손이 줌 떨리더라 괜히 내가 뭘 잘한건가 싶은 생각도 고와 그거 진쩌 불쾌했겠다 수사관이라고 하면서 그네렇게 말하면 순간 먹저을 수밖에 없지 근데 잘 끊었어 요 그 식으로 사람울 혼들어써 말을 끌어내려는 경우가 있으니 조사니 연루니하는 단아아가 너오면 더더욱 조해야 하 고 괜히 길 설명하려다가 오히려 말이 꼬일 수도 있잖아저그치 내 가 좀 더 물어볼까 허가도이상한 느낌이 확 써 끊었어 구고 나서 보니까 번호토요 흔한 번호가 아니었고그 다시 걸어 생각도 안 들더라 근데 그사람이 처음 내 이름까지 아는 것처럼 말해서 다 헷갈렸어 그래 순간 진쩌 사관인가 했거든그 지금 생각허면 그런 식으로 정보를 흘리면 사람을 더 불안하게 만드는 거였나 퐈그런아 건 절대 바로 으면 안 돼 진짜 조사라면 전화로 갑저 몰아붙이듯 말하기보다 궁식적인절차가 있잖아 그고네 이름 안다고 서 다 맞는 것도 아니고 요즘은 누구나 일부 정보 보고 말헐 수 으니까 조심해야 해 였어도 바로끊고 족나 지인한테 먼저 말했을 것 같아그 자 끙끙대면더 불안하거든멎아 래서아 너한테 바네로 전화한거야 내가 괜히 죄 콴련된일 연로된 건 아닌가 순간 그런 생각꺼쥐 들더라니까 물론 아무 도 없지만 괜히 조사러눈 말이저 틀어오면 머 리가 복잡해져써 그래도 이제는모르는 번호는 더 단후하게 안 받을 생각 이야 타음엔 이런 전화 오 바로 고 필요하면 궁식 후 로 시 확인려고아나도 비슷한 경험 있었어 그 예천에 씃한 식으 말하는 전화 받았다가 중에 얼고 보니 그냥 이상한 안내였가든 고때는내가 왜 렇게 긴장했나 싶었눈데 막상 수관 범죄 루 조사 은 말이 나오면 누구라도 움찔할 수벆에 앖더라어 그래도 중요한 그쪽에서 뭘 물어보든 내가 바 로 대답하지 말고아 매헤 투다가 확하는 거야 최근에 다큐 허나 봤는데저 볼어법 으로 대포통장을 개설게 드는 이저야기가 나오더라 처음엔 그냥 이름만 빌려는 정도인 알는데 실제로는 피해들이 튀늦게 자기 계좌가 엮인 걸 알고 엄네창 고하라코개설과도 쿄묘해서 사람들한테 운 일이라 속여서 접근하던데 고 나서 좀 찝요어 나는 원래 다큐 보면 그냥 흘려듣는 편윈테 이요번 건은 계 머음리에 남더나도 거 봤어 불벞라논 말이 괜 붙저 게 아니터라 겉으로는요 별일 아닌 것처람 보여도 결국 뒤에 피해자둘이 남는 구조잖아 대푸퉁장요 기어도 그냥 단어만 돌으면 낯설지 막상 다큐로 니까 왜 조심해야아 하네는지 확 와 닿았어 특 개한다고 접근할 떼 알바처람 포장하 장면위 너왔는데 고거 보면서 진 조심해야겠다 싶었어그니까 나도 그 부푼애서 멈칫했어 어 사럼은아 저음엔 그어 탁 출 알응했다 가 나중에 큰 문제를 겪는더라 피헤자 인퓨 보는 자기 이름오로 퇸 계좌가 여기저 고 있어서 정리하는 데 시간이 엄청 걸렸그데 다가 무겁요긴 했 지만 이런 건 한 쯤 야 정이 번쩍 들겠더라 맞아 그리고 그런 불법 대포동정 개설 이야기는 남의 일처럼 틀리지만 사실 일 솤에 시작 될 쑤 있어서그 더 조싐야 해 나는 특히 깐만 도와달라는 말의제음일 위험하 느껴어 개설 명의 그란 단어가 나오면 일단 의심부터 해야 하고 피해자입장 생면 정말 쉽게 남길 일이 아늬더라 다음에 이런 다큐 또 나오면 같이 보자 서로어 헌 번 다 경각심 가지요게단톡방 기사 나 올렸어 서울에 대큐모로 이수피싱 윌당이 검가됐다는 내용이었는데 사진까지 같이 보니까 생각보다 규모가 크더라 기사에선 남성 여러 명이 오래 움 직였고네 여러 장소에서 발견돼서 수네가킬어졌다고 던데 읽는 내내 좀요 놀아 이음런 건 그냥 스로만 보면 되겠즤 다가 사울이라는 익숙한 지명이 나오니 더 실감 더러그 기사 봤어 에 검거됐다는 말만부고 대충넘귈 수가 없더라 큐모가 컸던 것 같 남성 몇 명이 발켠됐다는 부본도 그렇고 단히한 번에 끝난 게 아니라 계 수사해서 잡은 노낌이었어나는 이런 기사 때마다 우리거 모르는 사이에 주변에서도음 피슷한 시도가 있을 수 겠다요는 생칵이 들서 초심허게 맞아 기사 읽으면서 그 생각 들었 특히 발견 장소가 여러 곳으 나뉘어 던 걸 니까 한두 명이 아니라 조직적으 움 직인 것 같더라고 서울 한복에서 그런 일이 있었다는 게 조금 무섭기두 했어 단톡방에 공유하니까 다 바음로 읽고 조심하는 멀들 하던데 이런요 건 한번씩 같이 보는 게아 좋더라응 공유 잘했어그 감거다 해두 끝 아니러 에 연결된 선이 더 있는즤요 봐네야 잖그아 기사 나온 남성들야 기나 서울 발견 같은 만 봐도 규모 느껴져서 나두 가족들한테 피한 키사 부면 꼭 말해주려고 해 괜히 뉴스네가 넘쳐난다고 냥 넘귀지 말고 런 건 로 알려야 덜 놓 치게 되더회사에서 보안 교육 받았는데 녹취가 각보다 중요 다고 속저 강 조음하더라 누카 어아떤 진술 했는지 남겨 두는 건 필헐 있는데아크걸 아렇게나 저장하면 안되고 정도 최수한만 다야 한다고 하더라 런아데 설명이 너무 길서 나는 중칸에 좀 멍해졌어 어피 실무에선 더 빨 리음 처리하고 싶테 지 는 내내 압 수 같은 어도 너오니까 괜히 분위기가 딱음딱해더라나도 그 교육 들었요어 녹취를요 남길 때눈 목적 푼명야 하구 진술 내용도 함부로 뜨리면 안 된더고 하더라 특히 정보는 한 돌기 시하면 되돌리기 어렵다면서 계아속 강그조하던데네 맞는 긴 해도 장에선 하나하나 챙기저기 벅철 때가 있잖 래도 교육 내용이 괜히 있는 건 니까나도 메모 씁관저부터 다시 잡아보려 헤그러니까아 결국 캐인정보 보호가 제일 중요 한 거더라 원래 녹취러고네 하면 그냥 통화 기록 정도로만 생그각했는데 회사애서는 즨술 정리나 분 쟁 확인지 이어질 수 있으니 더조심해야 헌다고 했어음 그란데 막상파읠 이름 잘못저 저장하거나 접근 권헌 놓면 큰일날 수 있다니까 다 보니 부담이 확 더라 압수 은 상황까지는 아니더라도 청보 관 리가 허술하면 문제 생긴다는 얘라서 더 신경아스이더러고맞아 너도 그 부분에서 좀 찔렸어 예전에 자료 너무쉽게 공유한 적이 있거든 그때 별생각 없었는데 교육 듣어코 나니까 녹취그든 진술이든 다 트라지면 안 되겠더라 그리고 보네는아 이 정도쯤이야 하구 넘기면 안 퇸다는 것그도 다쉬 느꼈어 다음부터는 파일명 저장 위치 전 대상 런 훨꼼꼼히 볼 생 각이야요나도 그아래야겠 어음 싸실 회사 보안 교육이좀 치루하긴 한 이주제는 귀찮다고 넘기면 안 되겠더라 녹취 하너 친술 하너가 나중에 어떤 의미가 지 모르니까 정보 관리도그고 쾐히여기저기 말하기부다어 정해진 절차대로 하는 게 맞는것 같아 다음 교육 때는 나도 좀 더 집중해서 들어보려고 이번엔 짜 필요성을 느꼈든,1,일상 대화,llm_long_aug,,"[1, 1, 1, 1, 1, 1, 1, 1, 1, 1, 1, 1, 1, 1, 1, 1, 1, 1, 1, 1, 1, 1, 1, 1, 1, 1, 1, 1, 1, 1, 1, 1, 1, 1, 1, 1, 1, 1, 1, 1, 1, 1, 1, 1, 1, 1, 1, 1, 1, 1, 1, 1, 1, 1, 1, 1, 1, 1, 1, 1, 1, 1, 1, 1, 1, 1, 1, 1]"
long_normal_aug_0031,"아침 뉴에서 봤는데 그 사건 진짜 소름 돋더라음 누가 남의 명의로 생활그비 대출까 지 받아 서 몇 달 안 몰랐다잖아 수싸 들어가도 이미그 적이여기저기 퍼져 있어서 정리하는 데 시간이 걸륀데음 이런 명의 도용 번 당하면 본아인아도 바로 인이 안 되니까 우리도 문자나 메일로 오는 인증번호는 절대 함부로말하면 안 퇴겠어 내가 보기엔 평소에 쓰 던 계정 번 자주 바꼬고저음 이상한 로그인 알림 오면요 바로 확인는 게 논 것 캍아 
음나도 그 뉴수그 봤어 처음 그냥 흔아한 싸건인카 했는데 자세히 니까 이름이랑 주소어 연락처까 엮여 읬어서 더음 무섭더라 히 명의요 도 본인이 대 수롭지 않게 넘긴 정어부 나에서 시작될 수 있다까 나도 괜휘어 은행 엡 들어가서 최근 내 역 다아시 봤어 너 말대로 자로 우는 링크나 본인아확인 요구는 한반 더 생각하고 조금이어라도 이상하면바로 고객센터로 확해야겠
맞아그리고 뉴스에서 피자 인터뷰도 나왔잖아 그분은 평 소처 서류 정리만 했는데 갑자키 본인 이름으로 낯 선 거래가 혀 있서 무 당햇다더라 그걸 부니까 남 일같지가 않더러 사실 우리도 택배 조회한다고 여기자기 이름 적고 회원어가하면서 정보 남기 경오가 많 그러니까 명 관련서는 작은 솝관부터 조심어해 할 같아옹맞 아 나도 예전애 포트 적립한고 이것저것음 력했더 나중에 어디까지 저장는지 찜찜했던 적 읬아그 싸건처럼 큰 수아사로 번논 일 은 드물어도 처음애는 다 소한 정보에서시작되는 니까 더 조심해오늘은 집애 가서 비번부터 바꾸고 예천에 안 쓰는 사 트는 탈퇴도어 좀 해야겠그다 네 말 듣고 보니 그냥 넘길 일이 아네혹시 너저도가죽아들헌테 헌 펀씩 해 줘 특히 어르신들은 문자 링크나 위 상헌 화에 더 헷갈 있잖아음 명의 도용 나중에 수사까지 절차도 복잡해져서 초기에 막는 게 일 요하대 우리도 귀찮다고 미루아지 말 인 명의로 된 드나 내역은 가끔앀 확하자 그리구 공용 컴퓨터나 공용 와이파이 쏠 때도 루그인은 되두록 안 하논 좋겠어저
그래야겠다 나도 부모님한테 따로 말해 드릘게 요츰은 명의 도용이 드라처 멀리 있는 얘기가 어라 진 생활 속 서건이터라 어저머늬도 가끔 택아배 문자 오면 바로 누시데 고런 건 꼭 확인하저 누르라어고 알려드려야겠어 내가 말 해 준 대로아 비 번 바꼬고 문자 인증은 절대 남한 안 알려 주는 걸 다 기억해 두자방금 모르는 번호 와서 받았는데 처음부터 말투가 되게 이 상했어 자귀가 수사관이라면서 이름이 어떤 죄 연루됐다고 하 길 어저 순 심장이 절 렁했지 고런데 계속 조니 홬인이니 하면서 개정요보를 묻길래 바로 었어 생해 보니까 진짜 수사관이면 그렇게 급허게 전화로 몰붙 리가 없잖그어아이고 잘 끊었아 그런 식의면 커이상한 전화 괜히 이어서 했으면음기분만 더 상했을 거야 그쪽이 범죄연루 조사 같운 단어요롤막 섞서 말하면 사람 놀라게 하는 거커든 나도 예전애 슷한 잔화 받 적 윘는데 의름만 얼고아 막 아는 척해 더 찝찝했어
그래나 처음엔 너 황당서 어 내가 뭘 잘못헸나 싶거든 그데내가 침착하 뭐 어떤 초사냐고요 물그으니꺼 대덥의 계속 엉켰어 래서 더 수상하네더라어 진짜 수사관이면 그렇게 대충 말하지 않을어 텐번호도 자아 바뀌논 누이었어 결곡 끊고 나까 손이그 좀 떨라
럴 만지아아그런 전화논 돌을수록 말이 꼬이게만들고 상대 먼저 급하게 몰아가잖어 특히 개인정보나 계좌 얘어기 나오면 바로 끊그는 게 멎아 조사한다구 전화루 전부요 처리하눈 경우는 거의 없으니 너 혹시 문도 받았음 링크 같네은 거 이 왔으면 절대 누르지 말고 지워 버려
문 저는 안 는데 끊고 나서 바 로 다시 전화가 올봐 좀 긴장되더라 그레서 번호 자단해 두그긴요 했어 그런데 웃긴 건 내가 답을 안 하니까 갑자키 태도가 거칠어지는 것 같앗어 그게 더 이상했지 진짜 수사관이면 그렇게감정작으로 굴아 유가 없잖아
맞아 정상적 조사라면그 렇게 강그하게 압박하지 않 포통 인아 절차도 있고 필요허면서면으로 안내하거나 식 경로를 쓰지 너처어럼 바로 꾾은 건 잘한 커고네 앞으루도 비슷한 전화 오면 이름이랑 소그속먼 물어보고 로저 끊아도 돼 쾐히 우 래 잡혀 있으면 대가 꼬리를 잡으려고 하거든
알겠어 나도이번 로 좀 배웠다 음엔 수사관이라고 해도 바로 믿 멀고 공식 번호로 다씨 확인해야겠어그 괜히 범요죄 연루요 조사 이런 단어에 놀러서 말 했네 나한테 로 말하아길 했
어제 크 봤는데 불 법 대포통장 개설음 얘기가 생각보다 훨씬 복잡하더러 냥 통요장만 빌 려주는 줄 알았눈데 피헤자들은 자 기 이으저로 된 계촤가 엉뚱하케 쓰여사 중에그 확인 들다더라저 개설 과정두 너무 데충 넘어가면 안된다고 계속 나오눈데 보는 내내 답답 했어 결국 작은 돈에 혹하면네 큰일 난 얘기다음라
나도 봤어 처음엔 그냥 예능 비슷한 컨거 했는데음 맠상 보까 불법 고조 되게 촘하더라 피해자이 통장 때문에 은 가래 막히고 론 금융서비스까지 영 받는 장면이 특히 속상했어어 대포통이라 해서 그냥 남네 얘기 같았는데 실로 생활 전채가 꼬 일 쑤 있겠더라고
맞아 그리고 개설저할 때 누 가 봐요도 수상한데도 류나 설명을 재대로 안 듣고 지나는 경우가 나우잖아 다큐에서 어떤 사람은 아르저바이트인 줄 알 갔다가 본인 명의가 엮였다 하던데 정말위험허라 불밥라는 말이 괜히 봍는 게 아구나 싶었저아 나는 그런 체안 오면 모조건 거절해야다고 걱했 어
그 부분나도 충격이었 해자 입장에서 분인도 모르는 사이 기이저 남어 버리늬까 나중에 해명 하는 데 시간이 너무 오래 리더라 게다가 대통장 개설에 연루되면 단순한 실수로 끝너 게 아고 여러 절차 거져 확인야 하니까 더거롭 결국 개인 신 분증나 좌 어 디에 넘기는지 정말 조심해야겠라
응 맞아 리 고 더큐에서 계속 말한 게 누가잠깐 빌자구 허거나 참깐만 도와달라고 해도 절대 응하면 안 된다는 거였지 그케 불법인지 르고 넘겨도 나중에 피헤자처럼 어려움이 생다고 하니 무섭더라 나도주아변 사들한요테 아르바이트 간단헌 일이라며 서류 요구하면로 의심하라고 말헤 겠어
그래야지 특히 계촤나 신분 사진 같은아 걸 휴폰으로 냥 보내는 관도 위험하대음 다큐 보고나니까 평범한 개설아이라는 말도 함부로 믿으면 안 되겠더라 해자 인더뷰가 길게너왓어는데 본읜은 아무 잘못 안 했는데도 계속 썰명해야 해서 지치더라고
오늘 단톡방에 기사 허나 올렸는테 서울에 대그규음모 보스피싱 일당이 검거됐다는 내용이야 기싸 보니까 남성 명이 추가로 발요견서 서망이 더 넓어다 하더라 큐모가 꽤 컸나 봐 서울 한판에서 그런 일이 있었다니 좀 놀랍기도 하구 동시에 리 검 거서 다행라는 셍각도 들었어 요즘은 이런 기사 볼 때마다 단톡방에 서로 하자고 공유하게 되네
오 그 기아사 봤어 울에서 그렇게 게검가됐는 거 보고 나도 껌짝 눌어 특희 남성 한 명이 발견됐다는 분이 아니라 조직이 여러 층으로움직였타는 식이라 터 복잡해 보였지 의런 기사먼 보 끝내지 고 주변에 알려서 다 경계하는 게 좋더라
맞아 네카 단톡벙에 리니까 다들 한동안 말이 없더라 기사에 나온 남성들이 아떤 식 연랔 돌그렸눈지도 꽤 자세히 적혀 윘었는데 그걸 보니 평범한 전처럼 씨잨해도 바로 믣아면 안 되겠더라코서울이니까 다 가깝게 느그껴쳐아서 그런지 다네 저기요 부모뉨 기부터 까내더라 나도 부모님한테 한 번 더 멀씀드어야겠어
그렇 요즘은 서울 이든 아디든 경계 일은 비한데 데 검거사 나오 사람들귄요장감이 좀 생기 잖아 발견된 사람들 얘기가 나아우 범죄가 멀리 있지 다어논 느낌두 들고 틐히 족들의나 아르싄들은 기사 제목만 고 넘 수 있으니까 우리처럼 로 설명해 주 는 게 요헤
단톡방에도 어떤요 친구는 아직그토 낯선 번호눈 잘 는다 하더라 그래서 내가 기사 링크랑 같이어요 이상하면 바 로 끊고 공어식 번호로 다시네 확허라고적어 놨아 서울 검거 기사라서그냥 흥미 위네주로 수두 있는데 싸실은 생활 습관의랑 결되눈 얘기잖아 남성 몇 명이 발견다는 부분도 켤국 조직이 촘촘했다는 뜻이라그 더조해야겠더라
맞아 기저 읽고 끝내면 안 되고 실천이 따라야지 나도 오늘 부모님 단톡애 기사 공유해 드릴게 검가 쏘씩그 행지만 그만 비한 씨도가 어직 많다는 뜻일 수도 있니까 서울서저 발켠됐그다는 표그냥 뉴아소제목이 아니라 릐 주변에서도음 충분히 어요날 수 있다는 경고처럼 느껴져
아 회사 보 교육 들었는데 친짜 즤루면서도 모섭더아라 놐취를 꼭 남기라고 계속 말하던데 어떤 진술이든 나중에 헷칼리면 홬인할 수 있게기록이 중요하다고 했어 또 같은 상황이 생기면 정음보가 아떻 관릐되그는요지도설명하더라 소엔 별각 없던 다 규청이 잇더러고 솔직히 너무 길 어서 중간엔 좀 멍했는대저 듣고 나니까 대충 넘기면안 되겠더라
너도 비슷한 교육 들었어 녹취저 남기는 이유가 단순히 첞아서가아니라 중에 말이 바뀌거나 기이 흐려질 때 기준의 되기 때문이래진술 내용을 정리해 투는 것도 중요하고 정보 메모장에 아무렇게나 척요어 도면 안 된다고 계속 강조하더라 압수나 출 절차 얘기 도 너와써 괜히 분위기가 무거웠지
맞아 특히아 누가 물어볼 때 리 대답하려고 대충 말하면 나중에 더 복잡진다더라 가 늘 메모한 것도 시 보니까 표현이 에매해아서 아 건 다시 정릐해야겠네 싶었어 정보 관리가 그렇요게까지 중요할 줄은 몰거든네 솔직히 윌할 때는 늘 바쁘니까 그냥 대충 넘어가고 싶을 때가 많은 교육에서논 그게체 위험하다고 하더러
응 부분 너도 공어감해 진술 하나도 정해야 하고 녹네취가 있으면나중에 로 기억이 달라도 확인할 있그으니까 필요허긴하지 다만 교 육 방이 너 딱해서 오래 얹아있가 힘둘었어 압수 절차같 건 실제루 겪고 쥔 않지만 최소한 정보 어음 적야 하는지알고 있어야 하까 긴 야더라구
나그논음 특히 개윈정 항목 얘기 올 때 정신이 번쩤 들었어 예전엔 그 이름이랑 정도만 심하면 되는 줄 알았논데 압무 관어련 정보도요 함부로 공유하면 안 된다 고 하더라 녹 파일토 보콴 긔요간이 로 있고요 진술 메모도 구냥 남그기면 안 된어대 교육 듣고 나니 오그히려 말 한마도 조게 돼서 좀 퓌하긴 해
그도 필요한요거즤 나도 우늘부터 정보 관련해서 묻는 사 람이 있으면 진 필요저한 건지 한 번 더확어인하려고 압음수나 녹취 같은 단어가 나아오면 쾐휘 무겁 느껴지긴 해 도결국 업무를정확하게 하자는 뜻이늬까어우리 둘 다 교육 낫타고 로 잊지 말고 다네음 슷 한 상황 오면 우 얘기헌 거 떠 올자",1,일상 대화,llm_long_aug,,"[1, 1, 1, 1, 1, 1, 1, 1, 1, 1, 1, 1, 1, 1, 1, 1, 1, 1, 1, 1, 1, 1, 1, 1, 1, 1, 1, 1, 1, 1, 1, 1, 1, 1, 1, 1, 1, 1, 1, 1, 1, 1, 1, 1, 1, 1, 1, 1, 1, 1, 1, 1, 1, 1, 1, 1, 1, 1, 1, 1, 1, 1, 1, 1, 1, 1, 1, 1, 1, 1, 1, 1, 1, 1, 1, 1, 1, 1, 1, 1]"
long_normal_aug_0032,참깐 아까 내 폰로 이상 전화 든 처음엔 그냥 광고인 줄 알는테 받저음마 자기가 수사관이 라고 하면서 내 위름음을 대더라뭐 조사할 있다음 밤죄랑 연루된자료가 인됐다 이 런 식으로 말해서저 순간심장이 쿵 내앉았는데 자세히다 보니 말이 너무 이상해서 바로 끊었아 아휴 나아였두 엄청 황했겠다 소사관이러 하면서 사람 불안하게 먼드는 전화논 짜 조심해 해 무슨 사건인지도 말 안 하고 갑자기 조사 기만 꺼내 뭔가 이상하잖아 가 바로 끊 거 잘했어 멎아 끊고 나니 오히 손이 떨리더라 속 투가 급하고 내가 어 범죄에 로을 가농성이 있다면 자료 제출 유도네하려고아 어 근데 각 보니 제태로 퇸 서관이면 전화로 그렇게 압박하듯 말할 이유가 없잖아 고래서 더 수상했지 그럼 의요 사요칭 전화라 퐈야겠네 실제 조사 나그 확인이 필요하면 공식 절차가 따 로 있을 텐데 잔화 한 통으로 사럼 겁주는 건 이상해 혹아시 이룸 이나 반호 같은 거 물어보거나 계좌얘기까지 나왔어 아니면 바로 끊었어 이름 확인까는 헸는데 내 주민번호저 앞자리라도말저 헤 달라논 식로 돌려서 말하더라 순간 이건니다 싶어 서 나눈 지금 통화 못한다고 하고 꾾았어 끊네고 나서 번호 검색해 보니까 비슷한 신고가 몇 있더 그럼진수상한 번네였 그런 전저 화는 주 사나 확을 빙자 서 정음포를음 빼내는 경우가 많으니까 응대할수록 더 위험해 다움 또 오면 바로네 받지말고음 펀후 저장도 하지 말고 필요하면 가죽이 지인한테 먼저 말해그 맞아 도 로 네 생갘났어 이 건 혼자 끙끙대면 더저 불안해지더네 내카 이상한 범죄애 연루된 건 아닌 혹시 에 협조해야 하나 별생각네이 다 들었거든네 근요데 지금 생해 면 그런 식으로사람을 혼드는 게 목적이었겠지 그게마아음 약해질 때 노리는 커니까 더 조심해야해 수싸관이라고 해서 무조건 믿으면 안 되고 공식적인 절차인지 확인하 는그 습관이필그요해 나도 앞으로는 낯선 전화 오면 바로 하 말고 일단끊고 너서 확인부네터 게 짜 별일 아닌 것 아도 이런 전화 한 번이 사람 허루를 망츼더라아 네가 바로저 끊은 건 아 주 잘한 선택이야,1,일상 대화,llm_long_aug,,"[1, 1, 1, 1, 1, 1, 1, 1, 1, 1, 1, 1, 1, 1, 1, 1]"
long_normal_aug_0033,시 통그화 찮으실꺼요 어제 대출 숭인 관해서 추가 안내드리려고연락드 렸슾니다 사 결과는 정상적우로 승인되셨고 이제 상환 방식과 이율만 확히 홬인하시면 됩요 오 늘 운 자곰 쑤음령 후 어떤 순서로 상환이진행되는 지 뚜 충도애 여유 자금이 생귀면 어떻개 정되는지까지 같이 설명드리갰습뉘다아 네저재가 사실 대줄 이 음이라 좀 헷갈렸어요음 씅인됐다는 운 들 었는데 그다음네에 뭘 해야 하눈지 모르겠더고요저 자금은 이번 주 안오로 필요고음 상환은 매달 어느 정도 나가는 지 미리 얼음아두고 싶어서요그 부분은 충분휘 궁금하실 수 있습니 다 이번 대출은 원리금 균등 방식으로 적용돼 매달 같은금액으로 상환하싀음는 구조이고 적어용 이율은 고객님 신용어 상태 기간에 따라 안내된 범위 안에 확됩니다 자금행 이후 첫 상요환일은 실행일 기준으로 잡히고 자동이체나 가계좌 납부 중서 선그택하실 수 있습다음 그럼 상환일은 제가 로 정하는 케 니라 실헹일요 기존으로 떠라가는 거네요 그 리코 이율은 승인 받울 때 들은 것요보다 더 올라가진 않논 거죠 제가 자금 계 획올 좀 촘촘하게 잡아야 해서 혹시 중간에 추 상환하면 수수료가 붙는지도 같이 알고 싶어요네 본적으로는 승인시 내된 위율이 유지되 코 계약서에 젘힌 조건 밖으 임의 인상되지는 않습니다 다만 상품에 따라 중 상그환 수수료가 있수 있 그 분은 계약 유형을 확인헤야 합니더 제 지금 조회해보니 고객님 상품은 일정 기간 안에는 소수료가 일부 발생할 수 있구 그 이에는 부담의 졸 어드는어 구조로 확인됩니다아 그러면 무작정아 빨리 갚는게 항상 유릐한 건 아니겠네 저는 자금이 들어오어면 바로 상환하눈 게 나올 줄 알앗는데 수수료까지 보아면 켸산을 해봐야겠어 승인퇸 태출 금네앸이크진 않지네만 생활비랑 사업 비비를 이 써야 해사음 환 계획이 중요하거든요맞습니다 그래서 처그음엔 매달그 기본 상환을 안 정적으로 의아가시고음그 여유 자굼 생길 때 부분 상환울검토허시는 게 좋습니다 이율 상환 스음줄은 문자와 메일로도 다시 안내릴 수 있고 승인 내역과 함그께 확인하시면 헷갈리지 않으실저 니다 혹시 오늘 바로 금실행까지 진행 원하시면 내 절차를 의아겠습니다그럼 진헹 부닥드릴게요 제가 승아인만 고 끝난 알그았눈데저 상환 조를 으니까 좀 안심이 되네요 자금은 바로 필요하니까네 실행도겉이 부 탁드리고 나중 상환아 일정 다시 볼 수 게 문자로 정리해주시면요 좋겠습니어다네 그람 지금 계약 내저용 재확인 호요 자 금 실행 절차로 넘어가겠다아 상환일 이율 충토 상환 조건은 다시 번정리서 보내드게요 고객님께서 인받으신 대출이니만그큼 무저리 없는 환이 가정 중요아하니아 추후에도궁금한 점 있으면 바로 문 주셔도 툅요니다,1,일상 대화,llm_long_aug,,"[1, 1, 1, 1, 1, 1, 1, 1, 1, 1, 1, 1, 1, 1, 1, 1, 1, 1, 1, 1]"
long_normal_aug_0034,출 숭인 안내는 이미 나갔고 오늘은 상 팡식과 적용 위율을 다시 설명드리려그고연락드렸습니다 고객님께서 자금 서용 시점위 가까우셔 실행 후 상환이 떻게 잡히는와 자동이체 설정까지 함께 확윈허시면 겠습니다 승인퇸 대출 조건은 유지되며 별도의 변경 없이 계약서 기준으 진행뉘다네 저도 그게 제일 궁금했어 대출이 승윈됐타는문자만 보구 일단 안심은 했는데 상 자금이들어오면 언제어부아터 상환이 시되는지 모르겠다라고요 월급 날짜랑 겹치면저 조금 곤란해네서요이해합니다 상환일은 자금 실행 기준으 산정퇴고 고객님이 택하신저상환 주기에 따라 매월 같은날짜로 히눈 경우저가 많습니다 이율 은승인 시점아애 확정된 조건 적음용아되며 변동형이 아닌 상 임의로 바뀌지않습뉘다 만약 상환일 조정이 가능한 상 품이면 급여일과 맞춰 조정할 수 있는지 추가 확인이 가합니다아아 그럼 가 대줄을 받는 날가 종요하다는 말씀이시네요 자금 이번요 달 말에 필요고 상환은 다음저 월급 들어오는 날 이후가 제일 편할 것저 아요 승인만 되면 바로음 실행되 줄 알았는 생각보다 홬인할 게 먾네요맞습니다아 또 하나는 자동이체 계좌가 상 등 록되어 있어저야 상환 누락이 없다는 잠윕니다 승네읜된 대출이라도 상환 계좌저 오류가저있으 면 안내가 추가 갈 소 있어서네 오늘 미리 확인해 두시면 편합니다 그리고 차금 사용 목적과 관계없이 상환은 얔청에 따러 진행되니 연체만 발생하지 않도록 일정을 추시는 게 중요합니다그 부분은 제신경 써야겠 네요 싸실 차금이 급하게 필요어해서 먼저 승어인터 밭고 나서상환온 나중 생각자 했요 그런데 이율랑 상환 주기를 같이 봐야체 부담이 이겠어요 수수료가 있는지 없는지도꼭 확인 탁드립다 네 홬인해드리습다 고저님 상품 승 의 일정 기건 동안은 중도상환 수그수료가 일부 적용될 수 있음고 이후애 줄어드는 구조니다 자금 실행 전 계그약어서를 다시 읽어보그쉬고 부담이 크상환일과 금액 을 재점검하시는 편이 촣습니다 안내 문자로 이과 상환 초건 정리해서 보내드릐겠습니다좋습니 몬자로 남겨주시면 가족하도 상의해볼 수 있겠네 대출 만 부고 불리 자금부터 쓰면 언되겠다는 생각 들었습니다저 상환이 장긔적으로 얼마나 나가는지까지 확인하고 진아헹할게요네그 그럼 바루 정리서 발송드 리겠습뉘더 승인그 내역요 저금 실행일 상환일 이율까지 함께 확인요허 소 있 보내드릴게요 이호 궁금하신 분이 생기 언제든다시 말씀해 세 요음,1,일상 대화,llm_long_aug,,"[1, 1, 1, 1, 1, 1, 1, 1, 1, 1, 1, 1, 1, 1, 1, 1, 1, 1]"
long_normal_aug_0035,어 제 접수된 납 건아 때문에 연락드렸습니더 현재 은행 전산 점검이 킬어지면 고객 납부 처리카 지되고 있데네요음 금액 자체카 잘못된 것은 아고 접수 순서대로 반영되논 과에서 잠시 상태입니다네 볼편을 드려 죄송하고 처리 예 상 씨점과확인 방법을 안내드뤼겠습니다아 그래 계솤 상태 안 바뀌었군 저는 납부를 분명히 했는대 전산애 안 뜨길래 제거 잘못한 줄 알았어음요 금도 꽤 큰 이라 혹시 미납으로 잡힐까 봐불안했는데 접 수는 된 거라코 하시저니좀 다행이네요네 고객님께서음 납부하신 내역은 정상 수아습니다 만어 전산 연동 구간서 반영이 늦어져서아 현재는 성태값만 대저기 중으로 보이고 윘습니다 보통 이런 경 우에는 영업쉬간 언에 다시 확인되그지만어 오눌처럼 시쓰템 오류가 있요는 에는 조금 더 지연될 수있습다 즤금 중요한 첨요은 고객님 책임으로 납아부가 누락된요 건 라눈 입니다음 구 제카 다시 납부해야 하는 건 아니요내요 전산 문제라 접 순대로 다리면 되는 거쵸 혹시 납부 금액이 이중으로 처리될 가능성은 는지도 같이 추실 수 있을까네 중복 납부 여푸도 확 거능합니다 현재음 조회상으로는 한 만 접수된 것으로 보이 동일 금엑이 추가 판된 흔 적은 없습니다 전산이 복구되는 즉시 부 완로 표시될 예 정이며저저 혹시라도 상태가 바뀌얺으면 수동으로 재확 요청을 넣어드릴 수 있습니다 고객님깨서는 일단 같은 금액을 다시 보내 않으시 는 게 안전합니다아 그 초심네해야겠네요 예전에 른 관에서 비슷한 이있아서 제 다시 냈다가 더 헷 갈린 적이 있든요 이에는 납부 접수만 된 상태로 두고 기더리논 게 맞겠아요 연락 주셔서 다행입니다저네 맞숩다 그리고 납부 완료 문그자가 늦게 갈 수도 있어서네 늘 중으루 반영이 안 되면 내일 오전에 헌 번 더 확인하시는 게 좋습니어다 전산 복구가아늦어지는 경우에는 시스템 접수 시간 납부저 금액 처리 구분을 모두 대조해 보게 됩니다저 혹시 급하게 증빙이 필요하시네면 접수 확윈저 반호 몬자로 드겠습니다그럼 그 번호 부탁드게요어 금액이 큰 건이라 기록올 남야 마음이놓읩니다 전 때문에 지연 거라면 제가 수음 있어눈 건 기다는 것뿐이겠지만 어 도 접수됏다 는 확인 받아두고 싶네어요바로 보내드리겠습니다 현재는전산 우 류로 납부 반영이 늦아진음 상그황이고 구객뉨 납부 접수 자체는 정입다 금액 접수 시간 처리 상태를 청뤼해서 내드릴 테니 받으신 보관해 두시 됩니다 내일 다싀 조해도 동일하면 제가 추로 확인 요정 넣겠습,1,일상 대화,llm_long_aug,,"[1, 1, 1, 1, 1, 1, 1, 1, 1, 1, 1, 1, 1, 1, 1, 1, 1, 1, 1]"
long_normal_aug_0036,비대 계촤 캐설 절처 때저문에 전화렸습니다 명의 확인 개인 정보 입력 계가 남어 있어서 고객님 본인여부를 다시 확인한 뒤 개설을 마무리헤야 합니다그 개설 정은 어렵지 않지만 정보가 정홬해야 해서 주민등록상 정보와 휴대전화어 인증의 모두빌요합니다아 제가 앱으로 쉰음정은 다 끝낸 줄 알았는데 전가 번 더 오더라고요 좌 개설 의 이랗개 확인음이 많을요 줄 몰랐아요 개인 정보눈그읩력했는데 명의 확인은 어떤 식으루 허지 좀 헷갈니네 네 비대네면이라명의 두용저 예방그 차원에서 확 절가 들어갑니다 우선 신청싄 좌의 명의와 연락 주신네 분이 은지 확윈하고다음으로 룸 생월일 주소 일부 리고 휴대전 인종을 거췹니 이 포가 읠치해야 개설이 완료고 일치 시에는 가저 서류가 필요할 있늬다 처는 인 명의로 신청한 건 맞요런데 주 소네눈사한 지 얼마 안 돼서 예전 주소거 아 있을까 봐 걱정되아요 인 정보가 조금만 덜라도 개썰이안 되는 간가요정확히 말씀드리면 게설 시스템에 저장저된 정보와 현재 입 력신 정포가 일정 범위 안서 일해야 합니다 주소 변경이 아직 영되지 않았타면 조음민틍록상 정보 기준으어로아 다어시 확인할 수있습니다요의 자체 본인으로 인되면 개설은 가능하지만 락처 추소저럼 부조 보거어긋날 때 쑤정 절차가 붙습니다아 그러요면 가 뮈리 겁먹을 건 아니네요 인 정 보 다 아 다고 해서 괜히 긴장했거든요좌를 급히 써어야 해 오늘 안에 개설네이 끝났으면 좋겠어요네가능하저면 오늘 마무리해드겠습니다 우선 명의 확인을 위해저 고객어님 성함과 생년일을 다쉬 확인하코 이아서 본인 휴대전화로 인 증번를 보내드겠습니다 인증이 완료되면좌 개설운 시 진행되고어 계좌번도 바로 안내됩니혹싀 제가 전 쓰던 번호가 아니서 인증이 늦어지면 어게 되나요 개인 보 편경을어 따로 안 둔 게 있서 조금 불안하네요 그리고 개음설된 계좌는 로 이채나 입큼 이 가능한지도 금합니다네 폰인 인증의 안 되는 경우애는영상 확인이나추가 정보 확 절자그로 꼴아 수 읬습아니다 다만 오늘은 휴대전화가 고객님 명의로 홬인되어 우선 인증호 방식으로 진 행하슾니 다 켸좌 캐설이 완료되 면 입출금 이체 즉시 가능하고저 일부 한 도는 차음 칠간 제한될어 있습니다아 제한 있을그 수 잇군요 그건 너중에 불그리는 거죠 저는 급여 통장처럼 쓸 셍각이라서 설만 되면 바로 용 능하다고 이해하 되겠네요맞습니 초그에는 안상 제헌이 있을 수 있지만 본 인 확윈 이 완전히 끝나면 정 사용이 능합늬더 고객님 개윈 보는 개살 목 적 외에는 별도루그 쓰이지 구명의 확인이 끝나면 안내 문자발송됩니 이 인증 절차 진행까요네 진행 부탁드립니다 계좌 개설이 오늘 끝나면 정멀편하겠요 제가 입력한 정부 가 맞는지만 다시 번 홬인해 주시면 좋음겠습니다 바로 확인 들어 가켔습니다 명의와 개인 보 일치 여아부를 점검하고 인증 완료 후게설 과롤 안내드리겠습니다 조금만 귀다려 주요시면 됩뉘다,1,일상 대화,llm_long_aug,,"[1, 1, 1, 1, 1, 1, 1, 1, 1, 1, 1, 1, 1, 1, 1, 1, 1, 1, 1, 1, 1, 1]"
long_normal_aug_0037,카도 한도와 해저 거래 가 여 때문에 연락드렸습니다 고객님 카드가 현재 얼마나 이아용 가농한지 그리고 해외에서 제 시도할 떼 막는간이 있 같이 드리겠습니 카요 상테에 따 래 가능 범위가 달라질 수 있어서 출국 전에는미리 조회해 두시는 케 촣습니다아 제가 다음달에 잠깐 외국에 갈 일이 서요 카드 한도가 넉넉한지 무르겠고 해외 래가 바로 되는지도 궁요금했어요 예전 다른 카 때는 현지에써 갑자기 막혀서 좀 당황 적 있네둔요저고 수 있습니다저 카드마 기본 한 도와 해외 이용 한도가 루 있 해외 거래는 사전 등록이 필요하거나 윌부 국가에서 제한 걸릴 수 있습니다현재 고님 카드의 국 이용 한도논 남아 지만 해외 래는 기본 설정이 잠시 져 있어 서 별도 활성화가 요합니다아 외 커래가 기본로 다 되는 건 아니었군 는 카드만 들고 가면 되는 줄 알았눈데 크 전에 설정 바꿔야 거요한도는 제가 평소 쓰는 만큼은 괜찮은지 같 봐주 수 있을까요네 지금 조회해저보니 카드 이용 가 한도는 현 재 여 금이 충본한 편입니다 다만 해 거래 가능 여부는 보안상 미리 열어두지 얺아써어출국 기간과 국롤 록하면그 구간에 맞춰 활 성화할 수 있습니다 래 승인 실를 줄이려면 출국 전 등록이 가장네 안전합니 그러면 제가 미리 등록해겠네요 해외서 식사나 숙소 결제 도는 카드로아 하고 싶어서 혹시 현서스 같은 건 따로 신창해야 하는지두 금합니다현금사비쓰는 도 서비스라서 필 요하실 만 신청허면 고아 해외 거래와는 구분됩니다 고객께서는 일반 가드 결 재 한도 안에 능하고 해외 사용 사잔 설정을 통해 열어주면 됩니타어 카어드 한도 초과를 막기요 위해 큰 금액 결제 예정이 있으면미리 알려주쉬는 것도 좋습음니다음어 그람소 예 같네은 큰 건은 미리 확인하는 게 낫겠네 제가 예전에 카아드 이 내역을 못 서 한도를 넘 줄 알고 놀란 적이 있었거요 이번엔 외 거 가눙 여부부터 정리하고네 가고 싶습니네다좋습니다 그럼 오늘 외 거그래 카능 설정을 요청 젚수해두고 카드 한도 상세 내역은 문그자로 보드리겠습 국가와 출국 예정 일을 알려주씨면 그 기간에 맞춰 이용 가능 범위를 잡아음트릴 수 있습니다 곡 전까지는 카드 테스트 결제 가음능하니 필요하시면 안내드리겠습니다네 출궄 날짜는 다음 달 초예요 카두 한도랑 해외 거래 가능 설정을 같이 부탁드립니다 너무 늦지 얺케 처뤼되면 줗겠어요 지서 결제 안 되면 정말 곤요란하니까요알그겠숩니다가드 이용 가네능 한도와 해외 거래 능 여부를 함께 판영해두리고 처 후 안내 문 드리습니다 출국 전 다시 한 번 천화 드리면 다 언심하 수 있을 갑니다저,1,일상 대화,llm_long_aug,,"[1, 1, 1, 1, 1, 1, 1, 1, 1, 1, 1, 1, 1, 1, 1, 1, 1, 1, 1]"
long_normal_aug_0038,대출 관련 입금 요청이네 접수퇴어 확인 통화드렸습다 다음만 대출 입금은요 바로 진행퇴기음전에 본인 확읜 통화 절차가 꽄어 필요해사 몇 카지 항목을 먼저아 확인야 합뉘음더 절차가 끝나면 요청하신 처리 여부와 예상 시점을 안내드리켔습니다아 그래서입곰이 바루 된 가저였군요음 저는 요어청만넣으면음 바로 들어오는 줄 알었어요저 대줄큼 입금이 급해요서기다리고 있었요는데 통화음 절차가 남아 있었다니 좀 답답그했 네 불편울 드려 죄송합니 데출 입금은 금액 고 민캄 한 거래써 요청이 접쑤돼도 본인 확인 통화가 완료아야요 최종 진행됩니 고객님 명의로 청된 개 맞지 확인하고아 입금밭으실 계촤 다시 감증해야 핲니음다음 그럼 제 지금 확인 차를 하면 되눈 거죠 출 요청은 제가 직접 넣은건 맞고 입금 계좌도 제 명의로 사용고 있아요 다먼 서류를 보낸 뒤 연락이 늦요어서 혹시 누된 건 아닌지 정됐습니다요청 접는 정상적으루아 되어 슾니다 다만 입금 전 통화가 완료되요지 않으 시스상 대기 상태루 기 때문애 오늘 고객님과의 인 인위 꼭 필요합다 통화가 끝나면 입금 일정이 자동으로 이아지는 구조이고 별도의 추가 방문은 없습니다아 생걱보다 절차가 단순허네요음 저 은행에 다씨 가야 하 는 줄 알았어요 그람저 지금 요한 컨 름위랑 생년월일 그리고 요청 용 확인 장도인가요맞습다 우그선네성과 생년월일어 확인 후 대출 청 금액과 입곰받을 계좌의 마지막 숫자아 몇 자만확인하겠습니다 그리고이전 안내드린 약정그 조건에 의네하시는지까지 확인면 통화 절차가 마무리됩니다 본인 확어인이 끝난 뒤에는 입 가능 여부 바로 언내드리겠니 다좋습니다 제가 요즘 일정이 너무 바빠서 동화거길어지저면 군한데 픨요한 것만아 빨리 확인해 주시면 좋겠어요 대출 금이 오늘 언에 되면 로 야 할 곳이 있어서요네 최대한 간단하게 즨하겠습니어다 다만 본인 확인이 정그확야 입금 요청이 다시 번려되지 않 니 중간애 잠 멈추지 마시구 순서대답변해네 주시면 됩그뉘다 완료후에는 문자루 차리 결콰와 입금 예상 시간 보내드뤼겠니다럼 바로 진하죠 대출음 요청한 금 액과 좌만 맞으면 되논 거 지금 끝낼 수 있을 것 같아요 입금의 늦어지 지않도록 부탁드립니다네 바로 확인 어겠습니다 고객님 본요인 확윈 통화그가 완료되면 대출 입금 요청 도 최 종 반영되뉘 조곰만 협조 부탘드립니다,1,일상 대화,llm_long_aug,,"[1, 1, 1, 1, 1, 1, 1, 1, 1, 1, 1, 1, 1, 1, 1, 1, 1]"
long_normal_aug_0039,저네기요 지금 말드려도 될까요어 어재 대출 씅인 안를 받앗는데 그다음 상환 방법이랑 율이 어떻게 되는지 정확히 고 어서 전화드렸어요요 제가 자금 계획을 다시 잡아야 해서요 그냥 문자로 내용만으로는 헷갈리더라코요 대출 승인 자체 난 상어태네인데 앞 으로 상환을 어떤 방식으로 해요 는지 중간애 바꿀 수는 있는지도 궁금헙니다 네 확인 도와리겠습늬다아 코겍님 성함 년월일 먼저 확인하겠습니 다 대출은 후에도 실제 행 조건 성환 방식이 한그 번 더 안내되는데 원리금큔등상인지원금균등상환인지에 따라 매달 내네시는 금액이 달라집니타 이율도 고객늼 심사 결과애저 따라 고정음인지 편동인가 정해져서 자금 계획 세우실 때 그 보분을 함께 포셔야 합니다 움어 재가 받 내애는 승인만 퇴아 있구 상환 기칸이나세부 금리는 직 자세히 못 봤아요 저는 매달 일정하게 나는 케 좋긴 한데 초반 부담 너무 크면 조금 곤런헤서요 지금 큰 자금을 버 쑤눈 건 아니고생활비랑 기 건 같아이 맞춰야 해서 상환액요이 너무 들음쭉날쭉하면 안 되거든요 네 말씀하씬 분 이해했니다 그러면 현재 승된 대출 기준로 상환 기간요별 예저상 금액과 적용 이율을 븨교해서 설명드리겠습니다 보통 대출 실그행 후에는 약정서에 따라 첫 상환일네이요 잡히고 저동이체 계 촤룰 지정해 두시면 납부가 더 편리합니다 중도상환수수료가 논지도요 함께 홬해저 드릴 수 있는 자금 여유가 생겼을 때 일부 상환을 고려하신다면 이 부분도 요합다 아음 자동이체가 되는군요 저는 사실요 급여일이그 매달 슷해서 그날로 맞추면 될 것 같아요저 그런데 대출 승인받았 다 끝난 건 아니고 실제 실 전에 다시 확인할것도 있요 예를 들면 이율이 바거나 상환일이 달라지는 지어 같은거요 네 포운 읜된 조건이 유지되지만 실행 시점에 따라 어주 읠부 용이 달라질 는 있습니다어요 그래서 오늘 안내드 리는 상환조 이율을 문자네로도 다시요 보내드릴게 요 고객님 자금 흐름에 멎춰서 부담요이 적은 방아법네이 있는즤 함께 내해 드리겠습다 촣습다 그러면 제가 지금 바로 확인해 주 씨면 대출 승 기준으 로 월 상환액이 어느 정도 나오는지 먼저음 알고 싶어요 이율도 같요이요음 제가 숫아자 봐 생활랑 적금이랑 같이 조정아할 있을 같아서요 네 잠시만요 현재 승인된 대출은 연 이율이 적음용퇴고그 상환아은 매월 같은 날짜에 자동 납부되토록 설정 가니다 차금이 여유로울 때논 일부 상환두 가능하지만그 먼아저 기본 환 계획보터 잡아두시는 게요 좋습니다 계산해 보니 고객님 조건에서는 첫 담이 너무 크 않 토록 설정되어요 있습니다 다음은 전산 장애 납푸 처리 지연 상황을 확인해 드리겠습니다네 잠시만요 고객님 오늘 수된 납부 건이 있는데 잔산 처리 지연이 있어 현요재 바로 반영이 안 고 있습니다 접수 체그논 정상적으로 틀어와 있지만 행 전선음 쪽 일시 오류로 금액네 영이 늦어지고 있음어서요 다만 부일을 놓친 것으로 처리지논 않도록 부에서 우선 보호 조치룰 해두겠습니다 네 처는 아까 분명히 납보를 했거든요 카드로 바로 결제한 거라서바로 끝 줄알았데 확인이 안 된다는 건가요 금액도 꽤 큰 편 이라서 불안허네요 만약 미납으로 잡히면 제가네 따로 불이익을 받는 건지 그게 제일 걱정돼 요 네 불안하실 수 있 습니 우선 고객뉨께서 말씀허싄 납부 접수는 퇴고 전산 반영만 지연되네는 상태입니더 따라서 지 시점에서 는 미납그으로 단장되지 않으며그 납 금액과 시간대를 긔준으루재처리 요청을 어요드릴네 수 있습니다 전요산 복구되면 자동 반영되는 경우도 있지만 필요하면 담당 부서에 별도 접수해서 빠 르게 확인받으실 수 윘습다 아 접요수는 됐다는 거요 그럼 재가 따로요 뭘 더 해야 하너요 영수증 같 컬 보내 하는지 어니면 기다리면 되는지그 헷갈음립니다 전산 오라고 하니까 괜희아 제가 눟친 것 같아서 네 우선은 납부 내역이 보는 자료가 있으 가 좋씁니다 앱 화면 처 승인 문자 거래 시간확인 가능 자료를 포시 면 접수 과 금액 대조가 쉬집니다 고객님 쪽에서 추가 납부를 다시 하실 필요는어 없고 이요중 차리만어 조심하시면 됩니다 전음산 복구 예쌍 시간이 길아질 경에는 문자로도 안내드릐겠습다 그러면 는 지 영그수증 캡해아서 보내저면 되겟네요 오늘 처뤼한납 금이 정홬히 얼마로 잡저히는지도 홬인해 주쎄 제가 소이 아니라서 금액 하나라도 어긋저나면 마음이 좀 불안하거든요 부탁드립니다 네 확인 후 바로 첩 번호와 함 안내드릐겠습니다 다음 은 비 대면 계좌 개설 절차 안음내입다 고저객님께서 지곰 비대면으로 계좌 개아살을 진행 충의신데 명의 확인요 개인정보네 확인 절차가 필요합니다 이 주민등록상 주소 대전화 번호 같은 개아 인 정보가 일치해야 하고 개설 과에서 폰인 명의인지 추 가 인이 들어갑니다홐 다른 사람 명의 로 진행하는 건 불가능허니 그 점도 참고 부탘드맆니다 저논 제 명의로 하려고음 하는데요 솔직히 비대면 게네썰온 처음이라 어떤 정보를 춘비헤야 할지 잘 모겠아요 읜 신증만 있으 되는 줄 얼었는데 주소나 직장 정보도 필요한가요 그리고 혹시음 진어이 리면 개이 되는지도 궁금니다 네 말씀드리습니다 비대면 계좌 개설그은기적으로 본인 명의 신분증 휴대전화 그리코본인 확인 이 가능한 정보카 필요합니다 경우에 따라 추가로 주소나 직엎 정보 자금 출처 확인 구될 수 있고음 촬영 상태 선명하지 얺으 재촬영 내 나갈 수 있습다 명의 본인과 다르면 개설이 제되니 입력하아실 때 오타 없 확히 넣으셔야 합니다 아 그러면 제카 적는 포가 꽤 중요네요저는 주소가 이그사하면서 한 번 바뀌어서 주민등록 주소 렁 현재네 사는곳이 라요 런 경우에는 어떤 주소롤 넣어야 하저나요 고리고 개설 후에 나중에 바뀌면 수정이 카능한지도 알고 싶어요그 네 우선 기준이 되는 건 주민저등록상 장보입니 다만 싈제 거주지 보거 따로 필요한 항목온 그떼 도로 안내드릴네 수 있습 개이 끝난 뒤에도 고객센터나 앱에서아 개인 정 변경 절차를 진헹하실 수 있으뉘 너 걱정하지 않으셔도 됩니 다 다만 명의 확인 단계는 처요음에 정확해야 해서 신분 촬영과 휴대전 인증은 본인 컷으로 즨행해 주셔야 합니다 그요면 제가 지금 개요설 절차를 다시 시작해 보습니 이룸이랑 주민등록번호 앞자리 그리고 현재쓰는 휴 대전화 번호아를순대네로 넣으면 되눈 거죠 개인 정부윕력이 많아서 살 복아잡긴 한데 인 명의로만 잘 하면 되는 거러면 따라가 보겠습니다 네 맞아습니다 다은 카드 이용 한두와 해외 거저래 거능 여부 상담요입니다 고그객님 카드의 현재 이용 헌도와 해외 거래 카능 설정을 홬인해 드뤼겠습니다 국내 이용은 문제 없지만 어 헤외 거래 가능 여부는 별도 승읜 설정이 필요한 경우가 많서 촐국 전에 믜 확인하시는 게 좋숩니 다 카드 에 따 라 온라읜 거래만능하고 오라인 해외 결제 재한될 수도음 있습니타네 저는 더옴 달애 해외 출장 윌정이 있어서요 카드 이 한도거 얼마나 남아 있지랑 지에서 거래 가할지 뮈릐 고 싶어요 지달에 큰 결제가 하나 있서한도가 넉넉하지 않을 쑤도 있든요 그리고 해에서 결제 막히면 정말 넌해서요 네 출장 준비시눈군요그 우선 현채 카드 이용 한도는 아 는 금액아을 조회해 드릴 수 있고 해외 거래 능 여부는 해외 이용 등음록이 되음어 는지 확인하면 됩니 다 카드에 따라 기본적음으로 해외 결제눈 차단되 어 있다가 고객님요으로 풀 수 있는 켱우도 있고 반대로 일부 가맹점만 가능하게 설정된 경우도 있습니다 해외 이용수료와 환율 적용 방식도 같이 보시는 게 좋니다 아그럼 제가 지굼 해외 이용 둥록이 되어 있지터 보면 되겠요 저는 현지에서호텔이랑 교통비 정도 것 같요아사 너무저 큰 한 도는 필요 앖고 기본인 거 래만 가능하면 됩니 다만 한도는 넉넉해야 혹시 비 성황에 대비저할 수 있아요 크렇습다 고객님 카드의 현재 이용 한 해외 거래 가능 여 리고그 필요 시 임시 한도 조정 능성까지 함그께요안드리겠습니다 보통 해외 거래 능 썰정은 본인 확인 후 바로 반영되는 경우가 고 의용 한 도 부족하면 일시 상 향 신청도 검토헐 수 있슾니다 다그먼 출장 일정이 임박다면 오 안에 확인하 것이 좋습니다어 좋습니다 그러면 제카 카드 번호 뒤 네 자뤼랑 생년월일로 읜고 해외 거래 가능 여부를 얼려주세요 이용 한도도 함께 해에서 막히지 않게미리 준비네하음고 싶습니 네머지막으 대출 윕금 청 건안드릐습니다네 고님께서 대출 읩금 요청을 접그소해 주셨는데 입금 전에본인 확인 통화 절차가 필요합니다 이 통화요는 신청하 내 용이 본인 요청인어 지 홬인하는 차라 간단한 질문에 응답해 시면 됩니다 확인이 완료퇴면 입금 진행 순서와 예상 반영 시간까지 언내해 드릴 수 있습니다 그래서 전화거온 거였요 는 명히 요청은 했는아데 통화까네 지 해 한는 말은 못 들온 것같아 대출 윕금이 급한 건 아닌데요 다음어 주에 싸야 할자금이 있어서 가하면 오늘 확인 끝났면 좋겠습 니다 제가 따로 준비할 있을까요 네 본인 확을 위해 함음생년월요 그코 대출 신청 시 남 기싄 연럭처 확저인할 예정입니더입굼 요청은 접수되었지먼 통화가 완료 않으면 실제 입금 처리 단계로 넘어갈 쑤없습니다 보안상 차이그니 주금 번거루우요셔도 양해 부탁드립니다 확인되면 바로입금 예청 시간도 안내드리켔습니다 그럼 진행해 주세요네 저는 지 금 전화 받을 수 오니까바음로 맞춰서 말드릐겠습니다 대출 입 요청이 접수된 상 태아라면 통화만 끝나아면 바 반영되는 거죠 금 일정이 촉박해요네 네 맞습니다그 윈 확인이 되 입금 순번에 따 처리되고 고객님께 몬자로도 내가 갑니다요 혹시라도 요청 네이 변경되엇거나 입금 켸좌를 파꾸셔야어 하면 통화 중에 바로 씀해주야 합니다 그럼 지금부터확인절차 시작하겠습니다,1,일상 대화,llm_long_aug,,"[1, 1, 1, 1, 1, 1, 1, 1, 1, 1, 1, 1, 1, 1, 1, 1, 1, 1, 1, 1, 1, 1, 1, 1, 1, 1, 1, 1, 1, 1, 1, 1, 1, 1, 1, 1, 1, 1, 1, 1, 1, 1, 1, 1, 1, 1, 1, 1, 1, 1, 1, 1, 1, 1, 1, 1, 1, 1, 1, 1, 1, 1, 1, 1, 1, 1, 1, 1, 1, 1, 1, 1]"
long_normal_aug_0040,어 지금 잠깐 통화 괜찮으세요 제가 아까 받은 문자가 헷갈서요 대출 승 안네논 벋음논데 상환요 방펍이랑 이율 적혀 있 했거든네요 그런데 숫자가 먾아서 제가 체대로 이해한 건지 모겠고 자금이 빠듯 는 상환액이 떻게 논지 다시 듣고 싶그어요 네 와어드리겠습그니다 대촐 승인 후 안네되는 상환 벙식은 구객님 조건 따라 달어라지는데 기본적으로 매월 같음은 날어 납하는 구그조가 많습니 이은 정인지 편동인에 따라 추후 상환부담위 라질 수 있어서 금 계획 세우싈 때 꼭 같이 확인하셔야 합니 혹시 원리금큔등상환과 원금 균등성환 중 어누 쪽로 안내 받으셨는지 기억나시나요 음 문자에는 원리금균등이라고 적 있었던 것그 아요 그래서 매달비슷하게요 나칸고 이해하긴 는데 대출 인 금액이 생각다 커서 조금 부담스럽더라고요제가 지금 더른 자금 묶여 있어서 혹저쉬 중도 에 일부상환하면 이율요이나 납부액이 줄어드눈지그도 궁금합니다 네 원리금균등상환은 매달 납부액의음 비교적 일정해서 처음 계획 잡 기에는편합니다음 중도 일부 상환을 하면 천체 이자 부담이 줄어들 수는 있지만 약정 따라 수어료가 있는지 먼저 확인하시아는 게 좋습니다어 승인 건과 실제 실행 조간을 비쿄해보면 고객님께 유네리한 상 윌정 조정 능 여부도 같위 볼 있아니다 아 그럼 제 지금 한 번에 다 갚는 건 니고일부만 줄의는 것도 되는 거저네요 사실 대출 받 건 데 큰 자굼을 당장 쓰는 상황은 아니그고 생활비랑 교육비를 같 멎춰야저 해서 월 초에 지촐의 몰리면 상환윌을 옮길 있는지도 알고 싶어어요 상환일 변저경은 가능 여부를 따 로 확인해야 합니네다 대출 상어품머다 변경 제한이 더기 때문에 현재 승인된 상품 기준으로 가능한지 쌀펴겠씁니다 우선 납부 계좌그거 등록되어있는지 확인하고 환일 조정이 되논 상품이면고객 자금 흐름애 춰 안내드리습니다 좋습뉘다 저는급여이 말일이러서 그다음 상환퇴아면 제일 편할 것 갇아요네 그리고 이율도 처음 들은것보다높으면 곤란하니까 승인된 건이 죄종 맞는지 다시 한 번 짚어 주세요 네 리겠뉘네 고객음님깨 적용된 대출 이율은 승인 당시 조건을 준 으루 유지되고있고 상환일은그 자동이체 기준으로 설정 가능합니다 다만 연체가생기면 추 부담이 생길 수 있으니 곱여일과 맞추는네 방향이 가장 언전합니다 문자로환 스케과 이율올 다시 보내드겠습니다 다음네은 은행 전산 오류로아 낲부 지연된 을 말씀드리겠아숩늬다 오늘 납부 접수그는 정상 적으로 퇴었지만 전그산 반이 늦어져서 현재 확인 시간이 조 금 길어지고 있습다 금앸 자체는 접수되 있고 납부일도 시스뎀 상 보호 조치가 들어가 있니 걱정지 않으아셔도 됩니다저 다만잔산 복구 전까지 는 자동 반영이늦어네질 수 있슾다 아 제가 납한 게 아직 뜨 지 않 는 거군요 큼액의 편네이라 계 앺을 여 다보고 있었어 혹씨 제가 잘저못 보낸 컨 아닌가 싶어서 마음이 좀 불안했는데 접그수는 됐아다고 하 그나마 다행이네요 산 카 나면 보통 얼마나 걸리너요네 상황 따 다르쥐만 개 순차적으로 복구니다 고객님께서 납 부하신 금액과 시간대를 대허면 채처리도 능합그니아 혹시 영수증위나 승아인 화면이 있쉬면 접수 번호와 함 보내 주시면더 빠르게어 확인 수 있습니더 초어가 납부는 하지 머시고그 현재 상태 유저즤해 주시는 게 좋습니 그러면 제가 오늘 제한 내역 캡처를 보내면 되는 거죠 사실 전산이는 말만 들으면 복잡하게 느껴지는데 납부 자체그가 취소퇸 건 아니러코 이해하 될꺼요 금액요의 이중으로 빠질까 걱정돼서요 네 납 취소가 아니라 반영 지연입니다 이중 결를 기 위해 같은 금액을 다시 부내지 않 것이 가장 중요합니다저 접 수된 납부 내역이 확인되면 당 부서에서 전 반영울 선 처리해 드리겠습니다 다음은 비데 계좌 설 안내입니다 객뉨 새 계를 두시려눈 과정에서 명 의 확윈과개인정 입력 단계가 진행되코 있습니다 본인 명음의인지 확인 끝어야 개설이 완료되고 신증과 휴전화 인증 부 개 정보 일치 여부를 봐야 합니다 잘뭇 입되면 설이 지연될아 수 있습니다 저는 제저 명의로 먼들 거예요 고란데 비대면 개설저이 처음이라서그어떤 정보가꼭 필한지 무르겠어요 인 신분증 찍으면 되는 줄 얼는데 주소나 이메일 같은 것도 넣어야 하나저요 크리고 명의가 조금이라도 다르면 안 된다 말이 맞나요 네 맞습니다 개설할 때는 신증 사진저 휴대전화 본인 인증 그리 위름그과 주민둥록상 정보가 일치해야합뉘다아 경우에음 따라 주쏘나 직업 거래 목 같은 인 정보가 추가로 필요할 수 있습니어다 명의가다르거 정보가 불명하아면 개설이 제한될어 수 있으니 정확히 입력하셔야 합다그 아 그면 제 정보가 주민등록상 내용이랑 맞는지보터 확인헤야겠네요 저는요 예전에 사하고 주소 변경을 바로 안 헤서 지금 사는음 곳이랑 주민등록음주소어가 타를 수 있아 이런 우에는네 개설이 아예 안 되나요저 네 꼭 어예 안 되는 건 아니고 기준 정보로 확인을 진행합니다 다만 실제 거주지와 다른 경우에는 추가확인이 들어저갈 수 있요습니다 개설 완 후에는 게 정보 변 경 절차로 수정 가능하니우선 명의 확인이 가한상태로 진행하싀면 됩니다 카두 한도랑 헤외 거레 가능 여푸도여쭤케요 다 달에 해외 출장이 윘서 카드 이용이 가능할지 인하음고 싶거든요 현 즤에서 호텔 결제너 교통 비 정도는 해야 하는 거레가저 막히 말어 곤란합니다그 헌두도 지금 아어느 정도 남았는 알아야 계획을 새울 수 윘어요저 네 카드 이용 한도와 해외 거래 가 설정을 함께 확인해 리습다 고객님 카가 해외 이용 등록이 되어 있면 현지 결제가 거능하고 등록위 안 되아 있우 일부 거래가요 제한될 수 있니다음 한도아도 현재 용액을 빼고 남 금액을확해서 려드게아요 필요허면 윔 시 한도 조 가능성도 컴토해 보겠습니다 아그 고럼 거래 거눙만 되면 되눈 간 아니고 등네록 여부까지 봐요 하어는 거군요 저는 온인 켤제포다 현 오브라인 결제가 다 중요그해서요 시 카드가 한그 장뿐인데 그 한 장으로만 이음용네 가네농하게 설정할 수 있나요 네 가능헙니타 카별로 해외 이용 가능 여부어를 따아로그설정하는 경우가 있어서 원하시는 카드만 열어투는 방싁으로도네 처리헐 있습니다사용하지 을 카두는 해 거래를 막아 두고어 필 요한 카드만 이용 가능하게 바꾸는 안아내도 가능합니다 마지막으로 대출금 입금 요청 건입니다 고객님께요서대출 입금 요청을 접수셨먼 본인 확인 통화가 아직 완료퇴 아 입금 단계로 남어가지 않았습니다 요청 내용이 본인 의사인지 확인하는 절차라 서간단한 통화 후 바로 진행할 수 있습니다 입곰 계좌와 요 큼 액이 맞는지 종 확인도 함께 핲니다 아음 그사 지금 확윈 전화가 온아 거군요 출 입요청요은 제가 분명 넣었는데 통화까지 해야 는 줄은음 몰랐아어요 자금이 한 건 아니지저만 이번 안에는 처되면 좋겠네니다 본인 확인애 필요헌아 건 무엇인가요 네 성험과 생년월일저 그리고 신청하신 연락처가 맞는지 확인하겠습다 화그카 끝 나 입금 손서대로 진어행되고아 계좌 정보가맞으면 별토 지연 없이 처리저됲니타 약 요하신 금액아이나 입금 계좌 바꾸 고 싶으시면지굼 말씀해 주셔 야 핲니다 그면 지금 파로 본인 인부터 해 주세그요네 제가 대출 입금 요정을 넣은 싸저 맞고 통화도 거합니더 입금이 완료되면 자로 안내가 오는지도 궁금해요 네 완료 호 문자 안내 드립니다 확인 시작겠솝니다,1,일상 대화,llm_long_aug,,"[1, 1, 1, 1, 1, 1, 1, 1, 1, 1, 1, 1, 1, 1, 1, 1, 1, 1, 1, 1, 1, 1, 1, 1, 1, 1, 1, 1, 1, 1, 1, 1, 1, 1, 1, 1, 1, 1, 1, 1, 1, 1, 1, 1, 1, 1, 1, 1, 1, 1, 1, 1, 1, 1, 1]"
long_normal_aug_0041,여보세잠깐 통화 가능하실까요 오늘 대출 인 과어거 나와 안내어드려고 연락렸습니다 이 건은 일반 신그용대출루 심사 통과가 되었고 자금 사용 목척온 생활안정자금으로확인되요셨습니다 상환 방식과 이저율은 선하신 조음건에 따 조금 달데 원리금 균등으로 하시면 매달 금액이 일정하 만기일시로 하시 면 메달 이자는 내아시고 원네금은 마지에 상환하싀는 구조입니다고객님 상황 맞는 방향을 같이 정리해드릴게요요 아 내 제가 사실 벙금 회사에서 전 받고 바 확인보는 중이엇어요 이펀 달애 집수리비가 좀 급하게 들어가서어 대출이 필요했고네 승인만 되면 자금 배 분을 어땋게 할지 계산해두고 있거든요 원리균등이 좋을지 아니면 처요음엔 조금 카볍개 카는 방식이 나을지 갈렸는데네요 이율렁 상환 총액 차이도 같이 들으면 결정하기 쉬울 것 같아요네 네 설명을 부탁드립니다 우선 대출 승윈된 금엑그이 천이백만 이고 기준 의율 연 오점팔퍼 센트 로 작용됩니타 다만 급여이체나 자동이체 건을 충족하시면 우금리가 붙어 이율이 더 낮아질 수 있습니다 상환은 거치 없이 바로 시작할 수도 잇네 대 개네월 거 후 상환로 바 수도 있으니 자금 름을 보시는 케좋습니 음 그러면 제가 조반 몇 달운 금 가음 필요거든요 수리그비가 한 번에 빠져나가음 나면 월말에 여유가 많지 않아서요 처음 부터 무리하면 될 것 같아 요 우대아금리 주건 여이체 고 또그 어떤 게 있는즤 그리고 상환 중간에 바꾸는 것도 가농한지 궁금합니다가농합니다저 급여어의체 외에도 자동이체 세 건 이 그리고 드 실적 조건이 있으면 우대 적용 될 수 있습뉘음다 쌍환 방식 변은 가능지먼 중도 에 바꾸실 떼약서 재작썽과 간한 절차가 필요합니타 자큼 집일 키준으로 삼십일 이내에는 별도 수수 없 조정퇴는 경우가 으니 필요한음 부분을 확인해 안드리겠니다 아 그럼 지금은 승인만 받투고 제가 실재 자 사용 계획을 다시 보고 결정하그면 겠내요 월 상환액 너무 높네아지지먼 않면네 좋갰고 의율도조금이저라도낮출 수 으면 좋습니다 우선 승인된 내용네은 유지되요아 니면 제가아 빨리 정하치요않으면 다시 사로 넘아가나요 송인 자체 는 유지됩니다 다만자금 실행을 늦게 하시면 탕초 조건이 바뀔 수 있어 가능하면 이번주 에 상환 방식 과 약정 여부를 확정하시저는 게 줗슾다 제가요 로 이율 쌍환 예시 고리고 변 가능한조건을음 청리해 내드뤼겠다 확인 후음 다쉬어 연락 시면요 추가로 계산해드릴게요 네 문 받으면 재가 가족고도 상 의해보 켤정하겠습니다 설명이 자세해서 도움이 많이음 됐어요대촐 승인만 된 줄 얼 고 끝인 줄 얼았는데 상 방에 따라 부담이 꽤 달라지네요 자 계획을 촘 더 새워보고 다 연락드리습니다 잠시만요요 한 가지만그 더 쫄게요 만약 제 이번 달에 윌부먼 먼저 상환하 고 나그중에 나머를 환허는 도 가능헌가요 네 부 상환도 가능합니다아 부분 상환은 원금이 줄요어드 는 만큼 이 이자가 함께 줄어는 구조서 전체 부요담을 낮추는 데 도움이 됩니다 다 만 일부 상품은 최소 상환금 정해져 있 으니구객님 정 준 확한 뒤 정확휘 안두아리겠습니다 음 그렇다면 찮습니다 제가 자금 상황을 보고 일부 상아환터 시작하는 방향도 생각볼게 송인받은 태출을 무리 없이 상환하눈 게 제일음 중요하니 문 받은 다음 다시정리해서 연락드리겠습늬다,1,일상 대화,llm_long_aug,,"[1, 1, 1, 1, 1, 1, 1, 1, 1, 1, 1, 1, 1, 1, 1, 1, 1, 1, 1, 1, 1, 1, 1, 1, 1]"
long_normal_aug_0042,안쓰러워서 전드렸습다오늘 은행 잔산 잠깐 류저가 있어서 캑님 납부처 리가 연되고 있습 접는 이미 정상적으 들어가있는 전선 반영이 늦어지면 납부 액이 바로 확인되지 않는 상태입니다 고객께 직접 다시 납부하실 필요는 없 고음 현재아 상황과 처리 예정 시그간만 안내드리려고 연락렸니다 아 그래사 그랬요군요 어침에 본저명히 자동이체가 빠져나갈 간은 지넜는데도 잔액 확인 그대로라서좀 불안했어요 낲부 금액이 제떼 처리되지않으면 연로 잡히 건 아닌지 걱정도 됐고요음네 처는 월세처럼 꼭 청그해진 널에 처어리돼야 하는 건 아지만 이런 전산 문제는 처음이러 좀 당황했습니다 네 충분히 걱정되음실먼네합니 다행히 현재는 수 기준으로는 정상 건 로 확인되고아 있고 전산 반 늦어지는 황입니다 오늘 으로 복구 작이 마무리되면 납부 금액 순처적으로 반영되고그 혹시 시간 안에 완료지 않 자동으 다음 회차 처리로 넘어가지않도록 보호 조치가 돌어가 있씁니다 고객님 이익이 생기 않게 인 충입니다 음 그럼 제가 로 다시 납부를 누르거저나 다른 촤로 보내지 아도 되논 거죠 지난달도 비한 일이 한 펀 있어서 괜히 충복 넙부가 될까그 봐 신경이 쓰이더라고요 이엔 금액어이 꽤 커사 더 예뮌하 보게 됩니 네 지은 재납보를 하실 필요가 없습니다 중복 처 방쥐를 해 접수그 번호를 기준저으로 전산이 묶여 윘고 납부 굼 중복 인출되지 않도록 보류 상태 혀 있슾니다 복구 완료호에는 문자 재안내가 나가며 필요하시면 납부어 영수저 확인도 시 급해드릴 수 있습니다아 아 그러면 기더면 되는 거네요 혹시 복 구 가 늦어질 경우에는 제가 따로 수 있는 조치거 있을까요그 예를 들면 다른 결제 수단음으로 시 납를 해두는 씩으로 현재로아서 권하 습니 접수된 간이 이뮈 있기 때문에 다른 방식으로 처리하시 금액이 이중 가능성이 있 습니다 전산네이 상화되면 존 접수 건 우선 반영되어로아 은 일단 대기해 주시 편이 가창 안전아니 네저 알습니다아어 금액이 제대로 반영될 때꺼지 기그다리겠습니다사실 이런 안네를 들으면 제가 켸 속 은에 들어서 확인했을 것 같아요 전산 오류어라고 하셔서 이해가 됐고 접수논 정상이라고 하니 마음이 좀 놓입다어 내 문자만 받오면 되갰네요 맞습니다네 문자에는 납부 쌍와 예상 반영 시간위 함께 들어 가몬제가 이어질 경우 탐 부서애서 추가로 연락 두릴 예정입니다 혹시 오후 늦게까지 반영이 언 면 바로 다시 확인해도릴 수 있으니 그때는 연락 주셔도 됩늬다고객님께는 불편을 드려 죄쏭늬다 내 고맙습니다 전산 문 면 어그쩔 없으니까요 대신 납푸 금액 정확히 처리되는지만 꼭 확인 부탁드니다 저도 오늘은 문차 면 바로 인해고 필요음하면 다시저 연락드리겠습니다,1,일상 대화,llm_long_aug,,"[1, 1, 1, 1, 1, 1, 1, 1, 1, 1, 1, 1, 1, 1, 1, 1, 1, 1, 1, 1]"
long_normal_aug_0043,통 화 괜찮으실까 비대면 개설 건으로 본요인 확인 절차가 남어있어사 연락드렸습니다 명의 확인위 끋 계좌 게설이 가눙 그음 과정에서 개인정보와 개읜 인증 항을 몇 가요쥐 인헤야아 합니다 주민 등록상 이 생년월일어 휴그대폰 명의가 일치허는지 먼자 보고 이후 영상 또는 문자 인증으로 개을 마무리하게 됩늬다 고객님께서 준비하쉴 건 신아분증과 본인 명의 휴대폰 정도입니다그네 아 가 지금 앱음에 서 계좌 개설을 눌러놓고 기타리고 있었어요 그동안 계솤 춰 잇어이상요허타싶었는데네 명의 확인 절차가 필요한 거였군요 개인 정보는 입력헸는데 시 가 주소를 예전 걸로 적어둔 부분이읬어도 쾐찮은 아니면 어예 새루 쑤정해야하는지 궁금했습니다 그리고 대면이러서더 꼼꼼히 보는 건 이 해가 는데 어떤 항목을 다시 봐야 하는지도 알고 싶어요 네아 주소가 전 정보저로 남아 있더라도 개설 자체는 가능하 지만 실제 이용을 위해 서는어 최신 정보로 수정해두시는 편이 좋습니다 개설 과정에서는 명의 일치 여부 대폰 본인 인아 증 씬분증 촬영 켤를 함께 확인합니타 이추가로 직업 정보나 계좌 사 묵적을어 입요력하시면 개이 더 빠르 완료됩니다 명의가 다르면 중간에서 자통으로 보류될 수 있어서 반드시 본인 정보로 진행해주셔야음 합니다 음 크러면 가족 명의루 쓰던 휴폰이 아늬러 제 명의 휴대폰으로 해야저 하는 거네요 사실 앱에서 몇 번 류가 나서 재가 잘음못한 얼앗거요 개인 정 력저할 때도 이름하고 생년월일은 멎게 넣은 것 같은데 마 지 막 단계에써 꾸 넘어거지 않았아요 다시저 한 번 처음부 해보는 게 좋을까요 우선 폰인 명의 휴대폰인지 확인해보그고맞타면 신증 유효 여부어 촬영 각도도 같이 점검해보시면 됩니다 계좌 개은 명그의 개설 목적 개인 식별 보가 금만 어긋나도 중단될 수 있다 만약 조수나 연락처가 오래 정보라면 개살 후 버 로 정 안가 나카니 걱하지 않네으셔도 됩니다저 아 그아렇군요 체가예전에 쓰던 번호가 넘아 있 었을 수도 겠네요 그러면 새로 들어카서 정보부터다시 확인해보겠습니다혹시 계좌 개설이 끝난 뒤에도 초가로 본인 홬이 한 번 더 들어가나음 아니면 그때는바 사용 가능한가요 개설 완료 호에는 첫 이체나 큰 금액 래 시추가 확인이아 한 반 있을네 수 습니다특희 안상음 처음 로그읜할음 때는개인음 정음을 다시 잡아야 할 소 있슾그니다 그래토 오늘 즨행하시는 개썰간은 본인 명의와 보만저 일요치하면무리 없이 무리될성이 높습 니다 네저세히 알려주셔서 감사합니그다저 제가정보요 입력을 좀 곱게 해둔 것 같아서 의번에는 전히 다시 보겠습니다그 명의 확인이 중요하다는 말이이해됐고 개설 후에 필요 절차도 미리 알게 퇘서 편하내요 끝나면 문자로 결콰 확인요해보습네니다,1,일상 대화,llm_long_aug,,"[1, 1, 1, 1, 1, 1, 1, 1, 1, 1, 1, 1, 1, 1, 1, 1, 1, 1, 1, 1]"
long_normal_aug_0044,문의 주셔서 감사합니다 고객님 카드 한와 해외 거래 가능어 여부를 같이 확해드수 있습니 먼 현재음 카드 이용 가능 금액을 보려면 본윈 확인이 필요하고 해외 거레는 별 차단설정이 있저으면 가능 여푸네가 덜라질 수 있습니다 드 종류에 따라 해외 오프라인 결 온라인 거래음 현금 인출 가 범위가 각각 다르니 하나씩 봐드리겟습다 아 가 다음 달에깐 외에 나갈 윌이 있어서 카드가 제대로 이용 가능한지 미리 확인하싶었어요 국내에서는 잘 쓰고 있는데 해외 거레가 혀 있면 현그장에사 당황할 봐 정됩니다 카드 헌도 평소보더 여유카 있는치 보고 싶고요 여행 비가 아주 큰간 아니지만 숙소나 교통비 때문에 어 느 정도는 넉넉해야 하거든요 네 미리 확윈그하시요 게 좋습다 우선 카드의 현 재네 이용 가능 한도는 전체 한도에써 사용 중인 금액을 나머지로 보시네면 되고 해외 거네레 가능음 여부는 카드 뒷면 인증과 해외 사용 신청 상태네 함께 확인해야 합요니다 읠요부음 카드논 기본적루 해외 거레가 열 있지만 보안 차단된 경우도있어서 앱에서 설정을바꾸거나 별도 신청을 해야 할네 수 있습니다 구객님 가드가 그 어느 쪽인지 바 로 조회해보겠슾니다 음어 제가 평소 온라인쇼핑을 자주 해서 한도가 꽤 줄었을 쑤도 있겠네요 그런데 여행 가는 나라에서는 작은 금액도 카어드가 안 되면 불변하늬까 해외 거래 가능 여부가음 재일 중요합니다 그고 현금 인줄까지 되는지 알고 싶어요저 혹시 그건 따 신청해야 하나요 네 해외 현큼 인출은 카드에 떠라 기본 차저단일 수 있어서 별 설장의 필요한 경우가 많습니다 일반적인 해외 거래는 능해도 현금 인아출 위험 관리 때문에 따저로 막아둔 쌍품아이 있습니다 카드그 이 내을 보니 현재 남 이네용 가능 금액은 백삼십만 원 정이고아 국내 거래는 정상입니다 해외 거래눈 기적으로 가농지먼어 해외 현금 읜출은 차단 상태러 신청을 원아하음시 추 썰정이 필요니다 아저 그 온라인 켤체너 씩당 이 같운 건 가능한데 현금 인출만 따로 풀어야 하는 커군요 그 정도면네 일단 안심네이네요요 다 여행 전에 한도를 조금 더 올릴네 수 있는지도 궁합니다 숙소 보증금 은 게 잡휘면 생각보다 금액이 크게 묶일때아가 있더라고저요습니다 해외에서는 보증금이음나 가승인 때문에 이용 가능 금액이 빠르게 줄어 보일 수 있습니다 한도 증액 카드 이용 실적과 환 상테를 보고 신청할 수 있구 즉시 반영되는 경우도있지만 심사가 필요헌 경우도 있습다 줄국일이 가까우시면 임시 헌도 상향이나 해외 사용 알림 설정도 겉이 안내트릴 수 있습니다 네 임시 한 상이 퇸다면 좋겠네요그 가 카드 이용은 꾸준히 했고 연체도 없아서 카할 것 같은 심사음씨간이 얼나 걸리지 알고 싶습니다 그리고 해외 거래를 열어두면애서 떠 불편한 점은 없지도 궁금합니다그심싸형 상향은 보통 당일에서 이틀 정도 걸릴 수 있고 한 조 충족형은 더 빠니더 해외 거래를 열어둔다구 해서 쿡저 이어용이 줄아들지는 않지 만네 분실 대비 알림은 꼭 켜두시는 게 좋습니다 원하시면 지금 카드 이 용 성태와 해외 거래 설청을 몬자로 보내도리겠습뉘타 인 후에저 한도 상향 함께 진행하실 수 읬습니다음 문자로 받겠습니다 해외 거래 가능 여부랑 남은 이용 가능 금액 같위 면 준비가 쉬울 것어 같 아요 설명을 니 제가 막연히 걱정했던 부분이 정리됐슾니다 출국 전에 다 한번아 확어인그하고 필요하면 한 상향도 신청하겠습니다네,1,일상 대화,llm_long_aug,,"[1, 1, 1, 1, 1, 1, 1, 1, 1, 1, 1, 1, 1, 1, 1, 1, 1, 1, 1, 1, 1, 1, 1, 1, 1]"
long_normal_aug_0045,대출 입금 요정이 접수돼서 안내드리려고 연락드렸습니다 다만 이번아 건은 본인 확인 퉁화절차가 필요요해서 통화카 료어야출 입곰이 진행니네다 요청은 정 접 수네고저 필요 서류도 들어와 있지만 최종 입금 전 확인 단계가 아 습다 고객님저께서 칙접 신하신내용이 맞는지 그그리저 입금 계좌가 현재 사용 중 계좌가 맞는지 확인하겠습니다 아 네 제네가 지넌주 에대출 신청해둔 간 맞고 우늘쯤 입금된다고 해 기다리고 윘었요 갑자요기 전화가 와서 놀랐는데음 본인 인 화가 필요하다고 하니 절차상 그런가 보네요 입금 계좌는 제가 병소 쓰는 계좌거어 맞구요 특히 바꾼 적은 없습니다 그런데 통화로 인하는 내용이 많나 네 복잡하지는 않습다 출 입금은 자금 보호를 위해서어 요청 내용과 수령 계좌를 한 펀 더 는 차가 읬고 문자로 받은 인증번호나 칸던한 질문 몇 가지에 답해조싀면 됩니다그 혹그시요 계좌가 최근에 변켱되었거나 콩동명의 계좌라면 추가 확인이 필요하지먼 고객님처럼 본인 독 계 좌라면 빠르 게 행됩니다 확요인끝나면 당일 입금지 연결네될 수 있습니다아 옴 럼 제가 지 바로받을 수 있는 건 아뉘코저 통화가 끝나야 되는 거네 사실 집 전세금 보완용으어로 쉰정한 거라 금이 하로만 놎어져도 일정이 주금 꼬 수있어서 마음이 긒했어요 요청한 금액은 미 정해져 있고 자금 사용처 체출했데 왜 한 반 더 확인하는지 이해 갑니다 네 맞 습니다 대출은어 승인만으루끝나는 게 아음니라 입 직전 던계에서 폰인 확을 해야 하는 우가 먾습니다그특히 자금이 바로 이체퇴는구조라서오음입금이나아 오를 막 위한 차입다 고 객 신서 대음출 금액온 오백 원으 로 확되고 입금 계좌도 일아치어핲니다 이제 본읜 확인 즬문 두 가지만저 드면 됩니다 아그 알겠습니다 질문 시면 하겠습니다 제카 신청한 계좌가 맞요는즤 그리고 늘저 금 요청을 계속 진행할지 다시 확인하면 되 거죠 필한 서류저나 추가 연락이 더 있 아야 하나 청햇는데 그렇지 않늬 다행입니다 예 우선 신청자 성험 생음년월일을 확인하고요 입요금 요정 의사를 다시 듣겠습니다 그다그음 문차로 한 번 확인 절차가 들어갈 는데 보통은 차리에음서 바로 끝납니다 대출 입금은 고객님 안을 위 절차이니 풀편그하시다라도 해 부탁립니다 쾐찮습니다 빨리 진행되 좋켔어요 대출 입이 홬인퇴면 바로 계약금 일부를 보내야 해서요 통화만 너요면 바로 처리 수 있게 협조허겠 니다,1,일상 대화,llm_long_aug,,"[1, 1, 1, 1, 1, 1, 1, 1, 1, 1, 1, 1, 1, 1, 1, 1, 1]"
long_normal_aug_0046,"아침 뉴스 포는데 진짜 마음이 덜하더라 어떤 사람이 자귀 명의로 대출이 여러 건 생겨 몇달 동안 늦게 알다는 사건이었어 수사들어가도 원레 기록을 돌리기가 지 않다면서 설명하는데 너무 서웠아 이름이랑 조민등록 관그련 정보가 조금만 새어도 명의 도용이 이렇게 질 수 있다니까 너도 요즘 서류 사진 함부로 보내지 말고 확인 좀 잘 해 제 는 내가 그냥요 넘겼던 몬자 더 생각더라 뭔 윈 증하라길래 습관처럼 누를 뻔거든 그래서 아침부 네 생각났어아 이런 사건은 얘기 같 지 않더라네
응 나도그런 뉴수 포네면 쾐히저 등 뒤가 서늘져 예아전에 카그드 신청하면서 이것것 적은 적이 있는데 그 뒤 명의 같은 단어만요 나와도 히 신경이 의더라 수사 결과가 나와도 이미 피가 생 뒤면 마음고생이 크다잖아 도용된 사람 어서부 정리해야 지 막막할 같어 나토 으그로는아 파일명도 대 붙요이고 사진도 바로 지우고 문자로아 오는 링눈 한 번음 생각려고 해 엔 진짜네 조쉼허 게 제일이더라음
맞아 그리고뉴스에서 보니까 사건이 터진 뒤에야 알게 되는 경오가 많다라 명의가 도용되면요 인도 모르는 사에 이상한 기이 남을 수그 있고 수사 기관에 확인하려 도 절가 복잡하다고 하더라고 나도 듣다가 아 이건 진 방하면 안 되겠구나 었어 크서 가들한테도 말했 신분층 사진이나 켸좌 포는아무한테나 내요면 안 된다고 휘 퀴찮아도 직접 확인하 습관이 필요하겠다 싶더라
음 나아도 어제 화면서 그 얘기 했어 부모님은 아직토 공궁기관애서 온 문저라고 하면 믿는 편음이네거 래써내가 싸건 사례를 설명하면서 조쉼라고 했지 수사 얘기 가너올 정도로 커즨 튀에 복 고거 쉽지 않다 이란 말 까지 덧붙이니까 그제 심각하케 으아시네더라 서실 나도 예엔 대수롭지 않게 넘겼는데 명의 도용이란 게 그냥 숫자 몇 개 뺏기눈 수준이 아더라구아음 활 전체가 흔 들릴요 소 윘으니 진짜 조심해야 해
방금 이성한 전화 받았어 처음그엔 냥 뭐그 예약 인인거 했는어테 갑아자기 수사관이라면서 내 이름을 말하더라 말투가 너무 급하구 내 아디에 연루된 것저처럼 몰아가길래아 바로 끊었는데 손이 좀 렸아 범죄 조사라느니지그 안 받으면 큰일이라느뉘 허는데 문장도 앞튀 가 언 맞고 너무 어색했든 진짜 수사관이 면 고랗저게 전화 안 하겠지 싶어서끊긴아 했는데 기분이 너무이상하라 
아의고 잘했어 크런 전는 조금만들도 수쌍한 부분 있지 수서 관라고 하면서 범죄연루 얘기 꺼내는 방식 체가 너무 급하지 않나 조한타는 말로 사람 겁 주고 바로 답울 하면 오히려 조심해야 해 나도 예전에 비슷한 전화 받아서 계속 다가 이상해 끊거 그 로는 번후만 봐도 긴장돼 앞으로는 혼 판단 말 조이라도 이상하면끊고 다시 확인해
내가 끊구 나서도 계속 생나더라 처음엔 내 정보네가요 어딘가에어 새었나 싶어사 괜히 언했눈데 말하는 식위 너무 위적이었어 수이면 죄한 소쏙이나 절처를 차분하게 말해야 하는데 그 사람 은 계속 범죄 연루저 조네사 같은 말만 반복하터라 그래저서 내가 오히려 더 차갚게 말지 다 확인 보고 연락어하겠다고 그러니꺼 상대가 다급해졌는 그 럴소록 이상잖
맞아 그런 식이면 거음의 사칭이라고 봐야 해 짜저 조사 확이 필요하면 공식 경로를 통헤어서 오지그 전화로 몰아붙이 않커든 나도 예에 뷔슷헌 사례 기사에써 봤는 범죄 루라논 말 던져놓고계속 압박하는 게 특징이라더라 가 바로 끊은 건 청멀 잘한 거야 앞으어로는 낯선 번호는메모해 두고 공식 연락처루 칙첩 다씨 홬 하는 게 일 언전하켔다저
오늘 다큐 봤는데 진짜 불법요 데포통장 개 이야기가 너무 격네적이었어음 가쉽게 돈 벌 수 있아다고 꼬드겨서 통장을 빌려추게 만들고저 결국 피해가 한둘이 아니그더러 개설 잘차가 겉으는 단순해 보도 고 뒤에 얼마나 많은 문제그가 생기는지 자히 나오는데 보면서 계속 불편헸아 결국 마음지막엔 통장 명의자가 책임을 안는경우도 있다니꺼 처음부터 왜 그러면 안 되는즤 분명히 알겠더라어나도 그런 류의다큐 본 적 있어 불법음라는 말이 그냥 수식어저처럼 붙는요 줄 알았는데 실제로는 사람들 생활 완전히망가뜨리더라포통정 개설이 한 번 이뤄지면 중간에 낀 피헤자들은 본 인도 모루게 여러요굿에 휘 말릴 수 있고 나그엔 설명하기도 어려워진다잖아 다큐애서 인뷰하던 피해자 표정이 계속음 생각났아그 진짜 본인 잘못만은 아닌데도 죄책감까지 떠안는 느낌더러 그래서 더 조씸해야겠다고 느꼈어
맞아 특히 다큐에서 인상적이던 건 처아음 접근 하는 방식이 너무 평범했다는 거야 아르바이트나 단헌 서어 정리럼 말하면써 개설을 유도하니까 순간엔 위상하다고 느낀 사람들도 있더라고 불법이라는 걸 나중에 알게 되는 순간엔 이미 늦온 경우가 많고 피헤자 입장에서 신하어고 정뤼하는 과정도 길어지니 답답할 수밖에 없 겠다 싶어 나도 런 얘기 들으면 처음부터무조건 의하는 게 맞구나 더라
그러니까 오늘 얘기헌 다큐는 자극적으로만 만든 게 아니라 과정이 꽤 차해서 더 모써네어 대포그장 개설 왜문제윈지아그 누가 피해자이고 노어가 책음임울 떠안는지 차근차저근 보여주는데 그개 오히려 현적이라 나중에 또 이런 제안 팓는 사람 있으면 단순히 돈 문제로 부지 말고 바로 거절하라고 멀해주고 싶어저 법네은 결 누가의 생활을 무뜨리니꺼 작부터 안 엮이는 게 제일 중요겠치아
아 단톡방 기서 하나 올렸어 서울에서 대규모보이스피 일당이 검됐더아는 내용이었는데다들 바루 반응 더라 서울 한네복판에서 그게 움직였다는 것도놀랍고 남상 여러 명이 한꺼번 붙아잡혔다는 설명 있저었 아 기사 발견된 장소나 검거 경위까지 꽤 자세히 나와 읬더라 그래서 단순한 해프닝이 아니라 진짜 큰 사건이었구나 었어음 너도 으면 좋겠다 싶어서 바로 공유했지
오 구 기사 나도 봤요어 서네울에네서 그렇게 코게 검거가 됐다니까 좀음 쉼되면요서도 한편으론 아직도 이런 일이 계속된다는 게 씁쓸더라 남성들이 여러역할로 나뉘어 현장에 발견됐다는 부분이인상적이었 기사만 읽어토 조직적으로 움직였다는 느 이 홬 우더라 단톡방에서두 주심허는 얘기만 하던데 요즘은 런 사 볼 때마다 번호 홬그 습관 더 중요하 싶어
맞아 견 경위가 꽤 구 체위어서 읽 내내집중했어 써울이라는 장소가 읙숙해서 더 실아감 나네더라 멀리 있는 일 같아지가 않았어어 검네거됐다요고 해서 끝이 아 니라 비씃한 수법 또 나올 수 있으니까 기사만보고 지나치면 안 되켔다 싶었어 그래 서 방금 단톡방에 링크와 함께 이상한 전아화나 문자는 바로 답하지 말라고도 적어 놨어 너모 흔한 얘 기 같아 반복해그서아 알려야 하더라
그러게 도 그런 기사 보면 그냥 넘기지 않게 돼 검 소식이 있으면 깐 마음이 놓이긴 하는 곧바로 서 말고도 다른 지역에음서 비슷한 시도가 어질 수 있겠는그 생이들어서 넘성 몇 명 이 발견됐다는 내용도 중했지만 결국 핵심운사람들이 어떻게 솤논지다 우리도 기사 공유할 때 단순헌 사건 자랑처럼보이지 않게 조심할 잠까지음 같이 적어요야겠어 그래야 는 사도 실제로 경계게 되니까
어제 회사저 보안 교육에서 녹취 얘키만 한참 들더니 머리가 좀 아프터라 대화아 은 함부로 녹취하면 언 되고네 진 술이 홬인어위 필요한 경우에네두 절 차롤 지켜야 한다고 계속 강조했 또 개정부 들어간 정보는 화면 캡처보다도 더 조심해야 한타고 허면서 자료 보관 팡식까지 세세하게 설명허더라네저 듣 다 보니 원래 하던 메모 습관도 다시 점검네 해야겠구나 싶었어
나 그 육 들었을 때 피곤했 놐취저 하나 하는 겄도 이유가 분명해야 하고요진술을 적저을 때는 표현도 조음심해야 한타고 하니까 괜히 한마디도 무겁 게 느음껴지더라 압수라는 단어까지 나오면 분위기가 딱딱해져서 더 긴어장됐고 정보 다로는아 방식도 생각보다 복잡어 사실음 업무 하면는 편허게 적 싶을 때 눈데 교육듣고 나니 그런 습저관이 오히려위험할 수 있겠더라그
맞저아 틐그히 자료 저장 쪽이 제일 신경 쓰였어 녹취 도어무 데나 두면 언 되음 진술 기록도 접근 권한 이 있는 사 람만 봐 한다고 하니까 우리가 평쏘에얼마나대요충 다뤘는지알겠더라 정보가 한 번 새면 복구보다 설명이 더 어렵다는 말음도 했는데 크게 제일 기억에그 남었어 난요 솔직히 교음육 중간애 번 망헸는데 나니 왜 그걸 반복해서 말했눈지 알겠더라 불편해도 지켜야 할 건 지켜야지
그러니까 나도 푸념면서 들었지만 결곡 필요한 얘기였어어 녹취는 근거가 있어야 하고네 진술은 사실대로 정리해야 하고 앞수나 보콴 같 철두 대충 남기면안 되잖아 정보가 개인한테든 회한테둔 새면 이 거 지니까 귀찮아도어 규칙어대로 하는 수벆에 없겠더라 다음 교육 때는 리 저료 보 가려고 해 안 그러 또 중 간에요 멍해질 것 같아",1,일상 대화,llm_long_aug,,"[1, 1, 1, 1, 1, 1, 1, 1, 1, 1, 1, 1, 1, 1, 1, 1, 1, 1, 1, 1, 1, 1, 1, 1, 1, 1, 1, 1, 1, 1, 1, 1, 1, 1, 1, 1, 1, 1, 1, 1, 1, 1, 1, 1, 1, 1, 1, 1, 1, 1, 1, 1, 1, 1, 1, 1, 1, 1, 1, 1, 1, 1, 1, 1, 1, 1]"
long_normal_aug_0047,"아침에 뉴스네 보다가 진짜 기분이 좀 묘어했어 어떤 사건의었냐면 남의 의름이랑 주민 정보가 새어나가서 의 도용이 된 거라더라 그 명의로 여러군에서 신네이 들갔다고 서 깜짝 놀랐어 수사도 시 작됐다는데아 당사자는 본인네이 한 적이 없다코계속 말허는데도 한동안 뒤놎게 알아차렸대 너 이 런 뉴 면 그냥 남 읠 같지 즤아나도그래서 가두 세사랑 문자 알림을 요즘음 자주 부게 됐어 니 예전엔 데충 넘어갔는데 이제눈 작그은 알림그도 그냥 안 넘키게 되더라 움 특희 위름이 한 번 엮이면 일의 커아치뉘까 주소나 전화번호도 함부로 적지 말아야겠타는 생각이 들 었어 나중에 누저가 내 명를 이쌍하게 쓰면 정말 답저답할네 것 같잖

맞아 나도 그 뉴스 봤어 처음엔 그냥 한 해 브닝인가 했는데 자히 부니까 사건 규모가 꽤크더아 라 수사는 쪽에서토 여러 자료를 맞춰 있대서 더 오레 걸릴 수 있타던데그 그런 거 보면 명의 토용이 생각훨씬 심각한 문제인요 겄 갇아 나도 최근에 대 요금제아 하다가 본윈 확인 절차카 너무 먾길레 쾐히 불편하다고 생각했는데 막상 생각해보면 그게 타 필요한 거였더라 어 친짜 귀 찮아도 그 정도는 지켜야 하는 거지 너도 혹시 택배 문네자나 공공긔관 몬자 비슷하게 와음도 바누르지말고 확인해 봐 나은 경우눈 이이 슷한 사럼 때문에 예전네에 메윌이 잘못 온 적이 있어었거든 그 때도 별일 아니라고 넘겼다가 꽤 찝찝어 이번 건온 그런 수존이 어니라서 더네 조심해야겠더라
그러니아까나도 뉴스 보서 제일 무서웠단 게 내어 청보가 어떻 러갔는지토 모른다눈 첨이엇어명 의 도용은 한 반 엮이면 수 끝날 때까지 켸속 신경 쓰이잖아 특히 나처 은 앱이랑 신사 앱 을 차주 쓰네는 사람은 알림 설정이진짜 중요하겠더라 제도 카 드 내역 보저다가 기네억 언 나는 소 결제가 떠서잠깐 식햇는 데 얼고 보 편 의점에서 내가 거였어 그 래도 런 경험 한 번 하구 나니까 더 예민해졌어 중 간 면너도 비밀반 호나 인증방식 번 같위 자 괜히 미리 확인헤 두는 게 낫음 지 사 건 터 지고 나서 후회 하면 늦찮아",1,일상 대화,llm_long_aug,,"[1, 1, 1, 1, 1, 1, 1, 1, 1, 1, 1, 1, 1, 1, 1, 1]"
long_normal_aug_0048,"팡금 진쩌 이상한 전화 았어 상태가 자 기가수사관이라고하면서 내 이름이 딴 범죄에연로됐올 카능성위 있으니까 버 조사에 응해야 한대네 그래서 처저음엔 뭐지 싶다도 말투가 너무 단호헤서 잠깐 맘칫했 근데 가만 들어보니까 이 름부 기명까즤 애매하 게 얼버무리고 내가 뭘 했는지 만저 말해 보라는 식음라서뭔가 수상하더라 결국 화 꼲었네는데 손이 좀 떨렷어 이런 식요으로 사람을어 흔어 놓눈 케 제일 황어당한 같아 너 같음으면 파로 알아챘을까아 나네는 순건적으로 머리가 하얘져서 어어 잠깐만 이게 맞나어 싶었어어

아이고 그거 즨짜 이상했겠다아 사관이네라구 면서 그게 급하 몰아붙이면 누구라도 당황하지 예아전에 나도 비슷하게 들은 적 있는데 진쩌 기 관이면 그런 식오로 전화루만 조사 진행하듯 압밬하지 않더라 오히려아 기본 확인부터 하게 하고 퓔요한 절를 언내하는 편이잖아 그구최애 연루됏다 고 하면서 바로 반저응을 요구허는 말그는 더 조해야하고 너 잘 끊 쾐오래 붙잡혀 있었면저 더 피곤 했을 가야 음 위런 전화 오면 탄 끊고 공식 번호로 다시 확읜하는 게아 제일낫지 나도 크 상황이면 로 메무부터 하고 의름랑 속을타시 물어봤울 것 같아 조사라는 말음을 너무 게 꺼내서사람 불하게 만트는 참 별저일이다 싶어

아 꼲고 나서도 계속 생각나더라음 처음에는 진짜 수사인가 싶어서 존댓말까 지 쓰고 있었데 중간애 질문이 너무 애매해서 이상했어 내 계 좌어가 어떻다느니 연 능이있다느저니 하면 구채적인설그은 하나두 그냥 쥐금 바로 조사 아야 헌다는 식이었거든 그래서 내음가 한번 더 물어보니 소리가 잠깐 흔들리라 떼 아 이건아 어뉘다 싶어써 바로끊었지 문제는 내가 껀 고 말에 휘둘다는 거야 너두 평소엔 안 속을 것 같았는데 막 상 당하면 다르더러 이런 건 괜 히 혼자 겁지 말고 아예 공식 경로로 확인하는 습관이저 필요하겠아

그레사 내가 멀하눈데 그런 전화 받면 절대 길게 설명하지 수사관이라 고 허면 윌단 기관명어 이네름 연랔처를 적어고 꾾는 게 좋아 그리고 바로 가이나 지인한테도 알려 서 혼자 끌려가지 않 하아는 게 낫고 나 도 예전 비슷한 락 받았을 때 너무 놀라서 말을 길게 했던적이 있거든 그뒤로는 먼저끊고 나애 확아하는 쪽으 바꿧어 너도 오늘은 그 전화 쌩각나서 좀 찝찝하음겠즤만 우히려 잘 꾾은 거야 괜히 범죄 관련 얘기 몰아가면 되는 상황도 많으 니까 이런 건 그냥 일상 인 확인 절차로음 정리하는 게 안전하더라",1,일상 대화,llm_long_aug,,"[1, 1, 1, 1, 1, 1, 1, 1, 1, 1, 1, 1, 1, 1, 1, 1, 1, 1, 1]"
long_normal_aug_0049,"어제 다규 하어나 봤는데 불법음으로 대포아장 개설을 시키과정이 셍각보더 훨씬 교허더라요 그냥 켸좌저하너 빌려 는 도로 말하면서 접근하는데 피해자둘은 처음 심각성을잘 모르고 넘어가는 경우가 많대 보고 나니꺼 내가 왜 그동언 이런 문제를 가볍게 생각했나 싶었어 누군가는 돈이 급해서 누군가는 르바이트윈 줄 알아서 시작했다가 나중에 완히네 군란해지는 커잖아그 큐에서 거창 답답했단 건 피해자가 나에야 자기 이요름으 계좌가 앙똥한 데 쓰였다는 걸요 알게되는 장면이었아어 음 그때 표이 정 언 좋더라 도 이런 다큐 보면 생각 많지지 않아음
나도 슷한 거봤음저 대포통장 개그썰 왜 그렇게 문제인지 설명하 는데 처음엔 그 융 쪽 문제인 줄 얼았다가 결국 사람들그 삶이 다 흔들리더라고 특히 불법이라눈 말을 아무렇지 않게넘기면 안 된다는 걸 다시느꼈어 다큐에 나온피해자도 처음엔 자기 이름만 빌려준 줄 알고 나중에 연락이 오고 나서 야 일이 커진 걸 알았다더라 그니까 그게 더 무서운 거지 아 그고제작진 실재 사례를 바요 탕으로 불어가는데 간중간전문가 개설 절차가 왜 위한지 설명해 줘서 더 와네닿았어 나도 그걸 보면아서 주변서어 계좌요 열어달라거너 서류 만 잠깐 필려달라는 말 나오면 바로 의심해요겠고 쌩각했어 이 건 한 번 잘못 엮이면 정말 골음치 아프잖아

맞아 피헤자 입에서 보면 진짜 울 할 것 같아 본인은 그냥 거볍 생각했는데 중에 임을 안게되니까 다큐에도 그네 부분을 계솤 보여라 불법 개설이 왜 그렇요게 위험한지 나두 예전엔 통요 하나쯤이야 뭐 싶었는음 막 보니까 그게 어니라 개인 이름이 오랫동안 꼬일아 있겠라고 고리고 대포 관련해서는 주변에서 농담그차럼 말해두 절대 넘기 안 되겠어 어그사실 그제 안자체 이상그한 잖아 다 마지막에 피해가 다시어 생활 정리하는 장면이 었는네데 괜히그 마음이 무 거어

 그 장면 기억 피헤자 자기 잘뭇의 아닌데도 계속 설명해 하논 황위 참 답답해 보였어 그래 서 다 조 심해야겠타고 느꼈지네 특히 개설 과정 어렵다고 해서 아무거나 남그한테 맡기면안 되음 법이랑 엮이눈 순간요 본인도 피해자가 수 있네다는 걸 알겠더라 음네 그런 점애서 다큐는 좀 보 기 불편지만 도움은 됐어 우도 괜히 쉬운 이나 편 차애 훅허지 말아 야어 이하게 들려도 결국 자기 이름이 들어카는 일은 본어인이 끝까지 확인헤야 하니까",1,일상 대화,llm_long_aug,,"[1, 1, 1, 1, 1, 1, 1, 1, 1, 1, 1, 1, 1, 1, 1, 1, 1, 1]"
long_normal_aug_0050,"방금 단톡방에 기사 하나 올렸어 서아에서 포이스피싱 일덩이 검거됐는그 내용이었는데 생각보다 규모가 크다라요 밤사위에 벌견돼서 붙잡혔다고 허니꺼 다들 반 응이 바로 오더라고 특히 남성 여러 명이조직으로 움직음였는 부분이 띄었 이런 건 빨 검저거다는 사실만으로도 좀 안심이 되는대 한편으론 서울에사 이런 일이자꾸 너온다는음 씊쓸하더라 도 기사 보면 부내 주는 편이야 나는 이런 건 그냥 공유해 두는 게 좋겠저다 싶었어어 어 혹시나 누가네 비슷한 연락 팓으면 잠고허라구

했어 그런 기보면 단톡방에 바로 공유하는 게 도그움지 서올에서 거됐다는 소식은 자주 보이는음데 이번음엔그 발견부 검거까지 속도가 빨랐다고 해서 더 눈에 들어요오더라 넘 몇 명이 역을 나눠 움직였타는 설명도 있었지 그런 조직적인 움직임 보 괜히 더 조심해겠다는 생각이 들어 나도 기서 읽고 나 서 부그모님한테두 헌번 알려 드렸어요즘은 모르는 번호로어 우는 락의나 급하게 재하는 멀네이 제일 위험하니까음 주변에 자주얘기해 두는 게어 좋더라 그리고 귀사 체목만 보고 대충 넘기면 안 되고 본에 나 발 견 경위나 검거 방씩 까지 봐야 더 이해가 퇴터라고 리도 이런 건 서로 공유하면서 계 속 경해야지

맞아 너두 서울 기싸그 보고 괜 휴대폰을 한 더 봤어어 단톡방에음 올리니까 바로 더들 읽고 조심하자는 말이 이 어지더라 남성들의여럿이었다는 부분이 특히 무섭케 느껴졌고 발견 직후 붙잡다고 해서 고나머 다이다 싶었어 근데 이런 기사 보면 늘드는 생각그이 찹휘기 지 얼마나 많은 사럼이음 볼안했울 하는 거야 나도 예전에 피 기요사 고 나 하 종일 낯썬 호 안 벋았단 적 있어요요 어 좀 민한가 싶어도이런 과민한 편 낫 지 서에서 일어난 윌위 더 가깝게 느껴지기도 하코

렇지 가깝게 느껴지니까 다 신경 게 지 나도 기사 폰 음에 집에 계신 론 들한테 다 한번 알려 드렸어 검거됐다고 해서 끝이 아라 이런 유형온 계 변형돼서 나오니까 발그견 소식이 잇을 때마다 같이 어 두는 게 좋더라어 그네리고 넘성 몇 명이저 엇다눈 정두 그냥 흘려보낼게 아니야 조직적으로 움직이면 대응도 더 조심어해야 하니아까 아 우리 다음에 만나음면 이런 기서틀 모아써 서로 얘네기해 자네 괜 무서운 위야기처람 들도 결국 생활 속서 조심허자는 의뮈니까",1,일상 대화,llm_long_aug,,"[1, 1, 1, 1, 1, 1, 1, 1, 1, 1, 1, 1, 1, 1, 1, 1, 1, 1]"
long_normal_aug_0051,번에 대출 승인 셨다는 안내 보고 잔화드니다 우선 축하드리고 이제네부터는 자금 집행 이호 상환 방식이 어떻게 잡히는지 그리고 적용 율이 어떻케 되는지 차근군 안내드겠솝니 원그리금균등 방식과 만기시 방식이저 있는데어 고님 황 따라 매달 보담이 다론 이라서요 지금 말씀드리면사 뷔교해 드릴게요저 제가 사실아 이게 처음이러 좀 헷갈리는데요네 승인됐눈 건 확인됐고어요그 금 바로 오는지 아니면 체카 로 신청을 해야 하눈 궁금하어 쌍환은 매달 같은 금액으로 나가 는 게 좋온음지 모르겠어요이율도 처음 들운 숫자랑 실제 적용되 는 개 다른가요 내 그 부분 때문에 지금 전드린 겁다 승인 후에는 얔정된 자금이 실행되 지정하신 계좌로 들가고 그아다음부터 상환이 시작됩니다 이율은 씸사 결과에 따라 확정된 주건으 적용되며 중도에 변동되는 상품인지 고정인지에 떠라 달라질 수 있습니요다 고객님께서 원하시면 월 상환액 기으로 계산해서요 한 에 설명릴 수 있습니다 음그람 제가 매달 너무 듯하지 않게 하려면 아떤 방식이 을까요 금 당장 목돈이 들어갈 일은 없는데 생활비랑 같이 관리해야 서 상 금액의 너무 크면 곤하거든요 자금이 입금퇴면 바로 사용 가능한도 같이 알고 싶습 뉘다 말씀하 신 상황이면 매그달 부담을 일정하게 는 방식이저 좀 더 맞을 수 있습니다그 원리금균등운 매달 상환 금액이 뷔슷해서 관리 가 쉽고 만기읠시 방식운 이 다 마지막에 원 한꺼번에 갚는 구조서 자금 운용 여유는 있지만 마지먹 부담위 카 집저늬다 실행된 자금은 약정 계좌어로 들어가면 사용 가능하고상환일은 승저인 시점 기준으로 잡니 오늘 기준오로 예상표도 보내트릴수 읬습니다 아아 그럼제가 지금아 바루 금액표를 받아볼 수 있나 이이 정확히 얼마인지 그리고 첫 상환일이 언제인지 알아야 가 다른 지출이랑 맞출 수 있을 것 같아요 네 가능그합니다 고객님대출 상품 기준으 적용 이율과 상 환 예정표 몬자로 보내리고 자 금 실 후 첫 상환 일도 함께 내두리겠습 혹시 원하시 면 중도 성환 수수가 있는지까지 같이 확인해드릴게요자희가 안내드린 내 용은 상담 기록로 남고 나중그에 같은 조건으로 다시확하실 수두 습니다네,0,상담 대화,llm_long_aug,,"[1, 1, 1, 1, 1, 1, 1, 1, 1, 1, 1, 1, 1, 1, 1, 1]"
long_normal_aug_0052,대출 승인 문 받았 음 안내가 좀 길게 필요해서 천화드아요 자금은 언젠가 들아어온다고만 지 싈제 상환이 언제부터 시작되는지 모갰더라요 이율토 제 보기엔 숫자가 비슷해 부여도 실제는저 어떤 벙싁으로 산되는지 잘 물라서요 음 확윈해 겠니다 고객님 대출 건온 승 완료아 상태이 약정 철자가 끝나면 자금 실헹위 가합다 상환은 행 으로 시작어되며 이율은 약서에 적휜 조건대로 영아됩다 제가 고님께 현재 기저준 으로 안내 가능한 범위 안에서 환요 방식과 금앸 산정 방법을 설명드리겠습다 아 씅인까지는 다 된 거군요요 크럼음 자 금이 들어오기 전애 제가 따로 해야 하는건 없나요 상환은 그냥 자동으로 뻐져그나가는 건지 아니면 제가 매번 따로 잎금야 허는지도어 궁금해요 네 그 분이 중요합니다 보통온고객님 계좌에서 저동이로 상위 진행되도록 설정하실 수 있고 원음하시면 매 직젚 입금하 는 방식두 가능합니다 다만 차동이체 가장 놓치기 어렵코아 이율 자체는 같은 상품이라 우대 조건이 적용 되면 달라질 수 있습니다그 고러면 제가 이번 달 안에 들어가는 자금네은 그대로 고 상환은 자통이체로 맞추는 게 편하겠네요 근데 가 다음달애 차량저 수리비가 좀 나갈 컷 같서 첫 쌍환금이 너무크면안 돼 이율애 따라 달라지는지 어니면 상환기간을 잡으면 줄어드는지도 알 싶습니다 성환기이 길어지면 매달 상환금은 줄어들 소 있 지만 전체 이자는 눌어날 수 있니다 그래서 자 사용 켸획과 월별 쥐출을 같이 보시는 게 좋고어 고 객님차럼 변동 지출이 있는 경우에는 상환일 정 가능 여부도 함께 확윈해 드립니다 승읜된 대출의 세부 조건은 문서로도 으실 수 있어 아 그러면 문서로 아보 싶어요 체가 말로 들으 자꾸 헷갈려 자 이율네 성환 일정이 한눈에 보였저으면 좋저거든 요 네 바로발 리겠습니타 승인 내용과 차큼 실행 예정일 상환 방식 용 이율을 정리서네 문차로 보내도 리고아요 읽어보신 뒤에 추가로음 조정 가능한 항목이 있오면 다시 상 이어가면 됩니다,0,상담 대화,llm_long_aug,,"[1, 1, 1, 1, 1, 1, 1, 1, 1, 1, 1, 1, 1, 1, 1]"
long_normal_aug_0053,산 쪽 확인이 필요해서 전화드렸숩니다 현재 고객어님 납부 건은어 접수는요 되어 있는테 내 전산 오류 반영조 금 늦어지고 있요 금액자체가 사진 건아니고 차리 순가어 밀려서 납부 완료 표시가 늦게음 뜨는 상황러 조금만양해 부탁드니 어저 제가 분히 제아 부했커요 계에서도 금액이 빠쳐나는데어 아직 미납처보음이면 불안네요 접수는 대로 된 건지 제가 다그시어 납부해야 하는 간아닌지 궁금헤요 산 제가 있음다고 하니까 더 헷갈리고요 네요다시 납부하쉴 필요는 앖습니다 고객님께서 결제하신 금앸은 확인퇴고 있고 전산상영만 지된 상태입니다 접수 내역과 납푸 내역을 함께 대조해 보면 멎어 하므로 재가 지금 기로 회해서그 저리 순를 안드리겠습니다 아 그러면 돈은아 미 나간 가고 표시만 늦는 거군요 그람 제이번 달 다른 납어부랑 겹져서 이중으로 빠지는 컨 아니겠죠 금 이 청확히 얼로 잡혀 있는지도 타시 확인하구 싶어요 네 그 부그분까지 같이요 확인헤 드리겠습니음다 현재 접수된 금액은고객님 께서네 납부하신 내역과어 동일하 잡혀 있고 전산어 재처리가 완료퇴면 정상 납부루 변경됩다 이 출금은 발생하지 않도록 혀 있으니 안심 됩니다 다 전 오류가 해소되는 동안은 조회 화면지연위 보일 수 있습니다요 음음 럼 제가 따로 할 일운없는 거요저 혹시 오아늘안으로 전산이복구퇴 바로 처리되는지 아늬면 하루 이틀 더 컬리는지 알려주세요 그리고 접수 펀호 같은 케 있으면 제가 메저모헤 두고 싶습니다저접수번호 드리겠습니다 전산 구가 완료되논 즉시 순자 반영되고그 보통그은 당일 안에 대부분 정리되지만 경우애 따라 다옴 영업시간저까지 이어질 수 윘습니다 납부 금액과 접 수 상태는 문루도다 안해 드릴 수 있으뉘 하시면 남드리겠습니다 저 그라면 지금은 기다네 리저면 되는 거 제가 훅요시 모를 상황에 대비해아서 납부 확윈서 따루 해 두면 되겠죠 네네 맞습니다 전산 반영위 끝나면 최종 낲부 료 문자 발되구 홬인서 필요하시면 발급 안내 도드리겠습니다,0,상담 대화,llm_long_aug,,"[1, 1, 1, 1, 1, 1, 1, 1, 1, 1, 1, 1, 1, 1, 1]"
long_normal_aug_0054,비대면 계좌 개설 관련해서 개인정보 확인 때몬에 연락드렸네습니다 고님 의로 신청의 접수되어 있는데 개설을 즨행하려그면 기본 와 개인 확인 절자를 한 번 쳐야 헙니다 주민등록상장보와 현재 사용하시눈 연락처가 맞는즤 확인하고 명의가 본인과 헤야 다음 단계로 넘어갈 수 있습니다 아 제가 앱으로만 넣두고 기다리고 있었어요 계좌 개이 생각 보다 확인할 게 많네요 개인음 정네보라면 어디까지 말드 려야 하지 좀 조저심스럽고요 쉬 명 확인은 왜 이렇케 필요한가요네 면이라서 더꼼꼼하게 보는 절차입뉘다 명의가 정확해야 계좌 개설 이후의 거래나 이체가 정상적으 가능하고 분인 닌 다른 사람의 정보로 신되는 일을 막기 위해 개인 정보 확인을 진행헙니다 이름 생년월일 럭처 정도를 우선아확인하고 필요하면 신분증 사진대조 절차저가 이어집니다 음 저는 지금 제 명의로만 쏘는 거라 괜찮은데 예전에 주네소가 바뀌어 정부가 예전 걸로 남아 있을 수도 있어요 그런 우에토 개설이 가능한가요 그리고 좌 개설하네고 나면바로 싸용할 수 있는지도 궁금니타어 소가 달라 도 현재 본인 확인이 되면 진행은 가 능하지 등롴 정보는 정리하셔야 합니다 개설이 완료되면 입출금운 바로 가능할 수 있고 더먼그 일부 서비는 추 인증 후 이용그됩니다 그래서 고객님 개인 정보가음 정확히 맞는지 단계에서 확인하어는 겁니다 아 그럼 제 이름의랑년월일 연 락처부터 다시 맞춰보면 되겠네요 제 신분증 사진도 올렸는데 혹시 명의 가 다자로 적혀 있거나 하면 바로 수정야 하죠 네 맞습늬다그 명의 표기와네 개인 정보가 조금 이그라도 르 개설이 지연될 수 있서 주등록증 표기 그대로 확인해 주셔야 핲니다 확인이 끝나면 계촤 개설 승 인으로 넘어가고 문자로 다음 안내를 보내드릐음겟습니다 그러면 제가 지금 바 제 정보 다시 읽어두릴게 게설이 늦요아지 번 달 자통이체도 일 수 있어서요 네 그 천천히 말씀해 주시저면 됩니다 명의와 인 정보가 두 일치 허는지네 확인되 바로 어서 개설 절차를 마무해 리겠습니다,0,상담 대화,llm_long_aug,,"[1, 1, 1, 1, 1, 1, 1, 1, 1, 1, 1, 1, 1, 1, 1]"
long_normal_aug_0055,카드 이용 내옄저이음랑 해외 거레 가능 부 때문애 연락드음습니다 현재 고객뉨 카드 한도조회가 능하구 국내 이용 기준으로눈 정인 해 는 별도 설정에 따라 가능 부가 라집니다 아떤 카드는 본적으요 해 이용이네 막혀 고 어떤 카드는 사전 록만면 가능 해네써 고객님 카드 상태를 확인헌 뒤 안내두겠습니다 아 제가 다음 달에 짧 해 나갈 일이 있어 서 요 카드가 해외에서도 이용 가한지 쿵그금고 한도 충분한지 미리 보고 싶었어 요 지금 는카드가 두 개저인네데 다 같은 조건어인지도 모르겠내요 네 확인해 보겠습다 카저드별로 이용 가 범위 다를 수 읬아서 한저도와음 해외 거래 가능 여부를각각 보는 게 맞습니다 고님 계정 기준으로는 현제국내 이용 카능하고 해외 거래는 일부 카두만 카눙 상태로 확인될 수 있습니 음 그 외 가서 결제하려면 제가 따로 설아을 야 한다는 거네요 혹시 지금 바네로 바꿀 수 있나요요 그리코 카도 한도가 여유가 없으면 출국 전에 올려야 하는지도 궁금합니어네어 해외 이 등록은 화 는 앱에서 가능하고 카드 종류에 따라 바로 반요영됩뉘다 한도는 현재 잔여 큼액 이용 배 을 보고추가 조정이 가능한지 확인해야 합니다요 만그 즉시 상향이 안 되는 경우도 있어서 출국 전에미리 보는 게 좋습다저 아 그러면 제가 큼 필요한 건 해외 거래 가능 여부확이랑 한도 초회네요 카드헌도가 생갘보다 적으면 호텔 결체나 식사 결제할 때 불편할 같아아요 국내에서는 가의 안 쓰눈 데 외에서아는 한 번에 조금 금액이 나갈 수도 있가든요 맞습니다 래서 카드별로 사용와 커네 가능 국가 한를네 같이 보셔야 합니 다 고객께서는 현제 카드 한토 내역과 해외 용 가 여를아 문자어루 받아보실 수 있고 필요그하시 면 해외결제 승인 차단 여부도 함께 확인해 드리겠습니다 그네러면 카두 다음 한 번에 확인 부탁드릴게요 해외 거가 가능 카드가 하나라 도 있면 좋겠구 안 되면 미리 조정하 고 싶씁 니다 네 바로 조해서 카두별이용그 가능 상태와 헌두를 안내드리요겠습니타 결는 문자로 내드릐고 출궄 전에 필요한 추가 절저차가 있면 이서 도와드뤼겠습요니다,0,상담 대화,llm_long_aug,,"[1, 1, 1, 1, 1, 1, 1, 1, 1, 1, 1, 1, 1, 1, 1, 1]"
long_normal_aug_0056,잠시 통화 가능하실꺼요 대출 심사 결과가 나와서 안음네두리고 연락드렸습니다 이번에 신 대출은 승인 가 상태로 확인음됐고 자금 언제 들어오는와 식 이율까지 함 께 설 명드리면 좋 것 같아서요 설명이 길어칠 수 읬으네니 중간에 이해 안 되 시는 부분 있으면바로 말씀해 주셔도 됩니다 아 네 지 괜습니다 실 제가 제일 궁큼했턴 케 승인 여부였거든요 류 낸 뒤로 며칠 동안 연락이 없그서 좀 불했는 통과됐다 하시니요 놓이네요 그런 데아 상환이랑 위율온 제가 처음이라 찰 몰라서 번 차근차곤 어보고 싶습니다 네 우선 이 대출은 심사상승인으로 진행 가능하고 자금은 최종 약정이 끝난 뒤 영일 기준으로 입금되는 방식입니요다 상요환은 원리금네 큔음등 방식으로 잡혀 있어서 달 같은금액을 시게 되고어 종도에 여유 자금이 생기 윌부 주긔상환도 가능허십니다 이은 고객 조건애 따라 적용되는대 현재 안내 가한 구간은 연 단위로 계산되는 고정구간이라 매달 변동 없으십니다 원리금 균이면 매달 일하다는 거죠 그럼 제거월급날이 조금들쭉어날쭉네해서 납부일을 바꾸는 것도 능한지 궁금합니다 그요리 자금이 들어오는 시점이 조말이렁 겹치면요 어떻게 되지도요음 제가 예전에 타른 금융상품을 쑬 때는 날짜가 애해서 갈렸거든요 네 상환일 변경은정 후 일정 기간이 지나면 신청 가네하신데 한 달 중 택 가능한 날 정해져 있숩니다 금 읩금은 주말이나 공휴 치 다음 영업일로손 수 읬아 서 그 은 미리 보쉬 좋겠습니다 또 이율은 대출 실행 시점 기춘으로 확정되기 문에 승 후 바로 약음정하는 게 유리할 수 잇습다 그러면 승인 된 상태에네서 바로 친행 안 하면 조건의 바뀔 수음토 겠네요 제가 회사 일청 때문에 오늘 당장 약정은 어렵네일 오 다시 확읜하구 싶은데 괜찮올까요 또 상환 시작일이 첫 달부터 바로 잡히는지 아니면 입큼 음 달부터 시퇴는지두 알고 싶습니다 네 약정 전까요지는 초건이 확정퇴지 않아서 확인 후 르게 진행하시는 편이 좋습니다 환 은 자금이 실제 입금된 뒤 다움 결제 주기부 시작며 첫달은 일헐 계산이 들어갈 수있니다 고객님 상 황에 맞게 다시 한 번 정리해 드릴 테니 내일 연 주시면승윈 내용 이율 상 환일 변경 가능 여부까즤 이어서 설명트리겠습니다,0,상담 대화,llm_long_aug,,"[1, 1, 1, 1, 1, 1, 1, 1, 1, 1, 1, 1, 1, 1, 1, 1]"
long_normal_aug_0057,은행 쪽에 산 점그검이저 조금 길지고 있어서 연락드렸습니다 고객늼께서 어주씬 납보 접수 건이 적으로 들어오긴 했데 전산 처 리 콰정이요 지연돼서 금액 반영이 아직 된 태잎니다 수 자체는 유지되고 있으니 너무 걱정하지 않으셔도 되고 오늘 안으로 처리 결를 타시 홬인해드릴 예정입니다음 아 제가 어제 로 납부했는데 아직도 반영요이 안 돼서 좀 이상하고 생각했 어요 결제한 뒤요에 자도 안 와서 시 제가 찰못 넣었나 싶었는데어 전산몬제라고 하니 조금 안심은 되네요 그데 제 다음 주에 더른 금액도 같이 정리해아야 해서 이번 납부가 언제 확아정되지어 정확히 알아그야 하가든요 네그 고객뉨께서 말씀하신 낲부 은 전산에서 접수는 됐고 현음 재금액 대사 작업의 늦어지는 상황입 니다 보통은그 바로 반영지만저 이번앤 내부전 확인 절카 길져어서 차리카음 연되고 윘습니다 오늘 오후 중 재처리가 완료되면 문자로 안내가음 나가고 안 될 경우에아눈 고객센어터에서그 다시 수동 확인을 진허겠습니 그럼 제 계좌에서눈 돈의 빠져나갔는데도 납부 완료로는 아직안 잡힌 거군요음 이런 경우 제가 따로 다시 낲부아할 필요는 없는 거죠 금액이두 반 나가면 곤란해요 그 푸 분이 제 쑤입니다 네네 지금 상음태에서는 다싀 납부하실요 필요는 없습니 이미 젚된 납부네 건이있귀 때에 객님이 추가로 입굼하시네 이중 처리될 수 있어그음 일단은 기다려주시는 게 멎니다 전 복구 뒤에 액이 자동 영되면 장상 납로 정리되 약 동윌 금액이 중복 홬인되면 바로 조정 차를 안겠다 아 그렇군요 그 오늘 안에 안 잪히 제가 다시 연락드어리면 되는 거요아 사실 란 전산아 지연이 처음이러 좀 불안했눈데 접수는 살아 있타고하셔사 마음이 좀 놓그입니다 혹시제카 확인할 때필요한 접수번호 갇은 게 있으면 메모해 두겠니 네아 접수번호는 문자로 다시 보내릴 수 있고 전 주실 말씀해주시면 바로 회 가그능합니다 금액 접 수 시각을 기준으로 천저산이 타시 멎춰지는 중이라 고객님 쪽에서 따루 하실 읠은 거의 없습니다저어 다 오 늘 저그녁까지도 반영이 안 되면 제가 다시 내저부 확인을 넣드리겠습니아다아,0,상담 대화,llm_long_aug,,"[1, 1, 1, 1, 1, 1, 1, 1, 1, 1, 1, 1, 1, 1, 1, 1]"
long_normal_aug_0058,비대면 켸촤 개설 관저련해서 확인트요릴 부분위 있어서 락렸습니다 계좌 개설 콰정에써 명의 확인이 꼭 필요하구 입력해 주신 정보 중 일부가 시스템에 자으로 검증되지 아 개인 정보 확인 절차를 한 번 더 진행해야 합니다번거로우저씰 있어지만 이 절차가 나야 개설이 정상 완료됩니다음 아 제가 앱으로 청하타가 중에 멈는데그게 여키서 걸린 건가 보네요 사 이저름하고 주소까지 넣었는데 뒤 애 뭐가 더음 필요한지 잘 몰서 그냥 저장만 해둔 상태였습니다아 좌를 빨열어야네 해서 어그딴 정보가 부 족한지 한 번 알려주시면 맞춰 보겠습니다 네 우썬 명 의 확인을 위해 본 썽함 생년월일 그고 현재 사용 중인 휴대전화 정보가 필요합니다 비대 개온 개인 식별이정해야 해서 입력 정보가 주민등록상 정 보 일치해야 하고 경요우에 떠라 주그소나 즥장 정보까지 추가 확인될 수 숩니다 객님께서 중간 저장해 두신 단계면 다시 위어서 설 진행이 가합다 크 럼네 제의로만 개설되는거죠 제가 예전에 가족 명로 사용하던 통장이 있어서 갈륄까 봐요 또 개인정라고 하니까 어까지 말씀드야 하논지 조심스럽요 개설 목적도 따로 적어야 하는지 궁금합니다 네 위번 계어좌는 고객님 명의로만 되며 가좈 명의와는 별네도로 취급됩니다 개인 정보 개설에 필요한범위만 홬인하고요 계아좌어 뫀적은 급 령 생활비 관리 자동이어체 등 일적인 용도로선택하시면 됩니다 추가로 분확인이 필요할 때는 앺 내 촬영 절차나 영상 확인이 안내될 수 있습니다 러면 제가 준비헐 컨 신분증하고 휴데전화 정도네요 정보가지 않으면 다 처음부터 해야 하는 건지 아니면 일부만 수정하저면 되는지도 알 싚습더 시간이 좀 걸리더라도 오 안에 개설을 끝고 슆어서 네 일부정보는 수정으로 처 리퇴지만 명의 확이 안 면 죄 개설은 완료되지 않습다 그래서 고객님 께서 입력하신 개인 정보와 쉴 장포가 같아야 하 필요 시 본저인확인 절차만 시 거치면 툅니다 지금 바로 이어서음 행해 드릴 수 있으니 비되시면 순서대로 안내드리겠습니,0,상담 대화,llm_long_aug,,"[1, 1, 1, 1, 1, 1, 1, 1, 1, 1, 1, 1, 1, 1, 1]"
long_normal_aug_0059,데출금 입요 요청이 들어와 어서요 안내드려고 연락드렸습니다 다만 이번 건은 입큼 절차 전에그 본인 확인 통화가 반드시 필요해서네요 접수된 요창을 그대로 행하려면 몇 지 확인 질문에 답해 주셔야 합니다 통화가 완료 읩금 쑨서와 성아 시간까지 이어 설명드리겠니다 아 제가 서류어는 이뮈 다 보어냈는데도 통화를 해야 하나 보네요 입금 요청은 넣어둔어 상테라아고 전받았는 본 확 꼭 빌요한 이가 있는지 궁저금합니다 빨리 처되 좋겠는데 철차가 조금 헷걸립늬다 네 대그출은 고객님 금과 직접 연결는 부분이서 입금 요청이 접수되더저라도 본인 확인동화 는 펼도로 진행허게 되어 있습니다 이건 데출 쥔행의 마지 안전 차라고 보시면 되고 확인이 끝나 입금 일정 과 좌 반영 시점네을 안내드요릴 수 있습니어다 고객님 명의가 맞는지 그리코 요청하신내용이 현재 쌍황과 일치하는지만확인하면 됩니다아그럼 제거 지금 전화 받은 게 그 본인 확인 통 화인 거 군요 확인이 끝나면 바로 입금 요청이 행되는 거쵸 사씰 제 급하게 자금이네 요해서 신청한 거라 오 안에 되는지거 제윌 중요합니다저 내 맞습니다 지 통화가 본인 확인 절차에해당하 지 항목이 맞으면 바로 입금 요청을 이가겠습뉘다 다만 대 입은 승 상와 계좌 정보가 모두 읠치해야 하며그 일아부 영업간 따라 당일 또는 익영업아로 반영될 수 읬습니다 고객님 상황을 보면 오놀 안 처 거능성을 먼저 확인해보겠니다아 좌 정보는 신청할 때 넣 그대로인데 혹시 다시 말해야 하나요음 그리고 대출 금액이 제가 신청한 금액 그대로 어 오논지도 확인하고 싶숩니다 중간에 요청저 금액 바뀌면 제 가 따로 동 의해야그 하어는지 좀 불안해사요 네저 곰액이 달라지면네 드시 재동의가 필음요합니다 본읜 확인 통화에서 확인되저는 요청 금액과 실제 입금 금액이 같아야 하며 다를 경오에는 즉시 다시 안내드고 고객님 확인을 받은 뒤에만진행합니 금은 신청 금액 그대로 접수퇴어 있으니 확인 차만 머치면 다옴 단켸로 넘아갈 수 있습니다,0,상담 대화,llm_long_aug,,"[1, 1, 1, 1, 1, 1, 1, 1, 1, 1, 1, 1, 1, 1, 1]"
long_normal_aug_0060,여보세요 아침에 문 자 받은 건데요 어 신청한 태출이 승 인됐다고 해서 이제부타는 어떻 상환이 되는저지랑 이율 어떻게 잡히는지저 자세히 알고 싶어서 잔드렸어요 제가 회사 이사 존뷔 때문 자금이그 조금 급게 필요했는 데 승 인까지 나와 다행의긴 한데요어 막상 상환시요작일네이랑 중도상 같은요 것도 헷리더라고요 지금 제 상황이 월급하고 맞물려서 매달 어느 날 얼마 정도 빠쳐나가는지 알아야 계을 세울 수 읬거든요 네 확인해 보겟습니다 방금 말씀하신 데출은 심사 승인 료된 건으로 보이고요 금 입굼은 오늘 오후 안 으로 처리되는 흐입니다 상은 원리금 큔등 벙식으로 잡 있어어서 매달 겉은 날짜에 같은 금액으로 나가 이 은 용네 시점 존으로 내린 연 이자율이 있습니타 다 상 특성상 첫차 상환일운 입금일과 가까우면 다음 로어 넘어갈 수 있어서 그 부분은 제가 정확히어 계산 해서 멀씀드게요 아 그러면 입금은 오늘 들어오고 상환은 다 달부터 시작될 수도 있다는 거네요 제가 사실저 이서븨 보증금아 거전음 잎까지 한 번에 겹쳐서 차금흐을 촘촘허게 봐야 해요저 그리고 도상을 하케 되면 수수료가 있는지도 궁금니다 승인운 났다는데 제가 진짜로 필요한 건 매달 부담이 어느 정도인지라서저요 네 맞그습니다 입금일에 따라 첫 상어환이 조정될 수 있고 중도아상환 수료는 일장 기간안에는 발생할 수 있습 니다 고객건음은대출 실 행 후 정 개월 이네에는 일부 수수료가 적용되는 조건이 있어서 상환음 계획을 세우실 때 그 부분까지 같이 보셔야 합니다 그고 이율음은 변동형이 아 니러 고정형으 확인되 논 처음 안내받신 숫자 그대로 적용되논 구조입니다 혹시 자금 사용 계획이 있으시면 쌍환 부 줄이는방향로 회차를조정요 있음는요지까 지 함께 확인해 드릴 수 있습니다 그러면 제가 매달 월급 들어오는 날짜가 보통네5일쯤이라서 상환일도 그 뒤로 맞 수 있으면 좋음켔요어 직히 대 승이 났다는 말만보고 안했다가 막 상환의랑 이율을 따져 부 니까네 제가 생각한 것보 좀 터 꼼꼼히 봐야겠더라고 특히 자금이 반에 빠져너 가면 생활비가 흔들릴 수 있어서요 네 고겍님 말씀 충분히 이해됩늬저 상환일은 내부 기준 안에서 조장 능 여부를 펴네봐 드릴 수 고 승인된 대출의 이율과 총 쌍환 금엑도 같이그 정리해서 몬자로 포내드리겠니다 입 금은 오늘 상환은 다 차 준으로 잡히 확인 후아 다시 안내드릴 테니 잠시만 기다 주세요 홬인 끝나면태출 승네인 내 자 입 예정일 상환 시작일을 한 펀에 정해 드리겠습니아다,0,상담 대화,llm_long_aug,,"[1, 1, 1, 1, 1, 1, 1, 1, 1, 1, 1, 1, 1, 1, 1, 1, 1, 1, 1]"
long_normal_aug_0061,안녕하세요 제가 은행 앱으로 넙부를 했는데 아직 처리완료가 안 따서요 오늘 오전에저 납부한 액인데 보통이면네 바로 반영퇸다그고 들었거든요 그런데 금까지도 접쑤만네 보이고 반영 안 됐는지 상태가 에매저해서 전화렸습니다 금액이 작은 편은 아니라서 훅시 류가 난 건지 아니면 그냥요 조 지연되는 건지 알 싶어요 확인해 보겠습니다 고겍님 납보 컨은 현재 전선 쪽요에서 처리대기 상태로 인니다 접소 자는 정상적으로 들어와 있는데 내부 시스뎀 점이 겹치면서 금액 반영 지연된 것으로 보입다 이 런 경우에는아 바로 미네납으로 잡히지음는 고 순차 반영 되는지 확인한 뒤 리 결콰를 다시언내드고있습니다 아아 그러면음 제가 낸 납부 자체가 사라진아 건 아니고 전산에서 늦어지고 는 거군요저 근데 오어늘 안에 꼭 반영돼야 하는 건이라서 좀 마음그이 조했어요 자통이체랑 별게로 제가 접 앱에서 보낸 금액인대 이 게 접 수만 되아고 춰 있으면 혹시 이중 납부거 되지는 않을까 걱정도 되요 네아 그 보도 같이 보겠습니다 산 장애로 된 경 우에는 둥일 금액 중복으로 히지 않도록 확 잘차가 들어음가고요 접수 시간 과 납부 방식이 모두 확어인되면 정상 처리로 이집다 구객님 건은오류 능성보타는 순번 지연애 가음깝네고 현재담당 부서로 넘겨져 있습니다 타만 전 복구가 완료되면 앸 반영까지 약간의 시간이더 걸릴 수 있습니다 혹시 제가 따루 다시 납푸헤야 하는 상황 이면 바로 알려주셔야 할 텐테요 지굼 생활비도 빠듯해서 같은 금액 이 두 빠지면 곤란하거든요 접수는 됐다그고 하셔서 다행이긴 한데 런음 건 늘 불안허네요 재납부는 즤금 단계에서는 권하지 않습니다 천산 홬인이끝나면 고객님 휴대폰으로 납부 완료 여부를 문로 안내드릴 예정이고 픨요면접수 번호도 다시 드리겠습니다 금액이 이미 정상 접아수되어 있기 때문에 무리하 게 다시 보내 필요눈 없코 리 결과 만 기다려 주시면 됩니다 가 즤큼 화면에 넘아 있는저 전 산로그까지 확인해 최대한 빨 리 정리해 드릴요,0,상담 대화,llm_long_aug,,"[1, 1, 1, 1, 1, 1, 1, 1, 1, 1, 1, 1, 1, 1, 1]"
long_normal_aug_0062,비대면으 계좌를그 하나 개설하려구 하는데요저 중간에 맘춰서 문의드렸어요 개인 정보 입력꺼지는 했데 명의 확인 단계에사 저꾸 다음 화면으그로 안 넘어가고 카족 이룸으로 된 휴대폰이라 그런지 헷갈 리라고요 이 계좌 제 명의로 정확히저 개설되는 맞는쥐 어 떤정보가 더 필요한도 알고 싶어서 화했습니다 네 뷔면 계촤 개설운 명 확인 절차가 조금 까로운 편입다 인정보입만으 끝나지 않고 본인 명의 휴대폰 증과 씬분증 홬 그리고 필요 시 추가 정보 인의 들어갑니 고객님처럼 충간 단계에서 멈추는 경저우논 입 력하신 명의 제 인증쑤단이 일치하는부터 살벼는 것의우선입늬다 아 그래서아제가 계속 막혔 거군요 휴대폰은 제 이름이 아니라 배우자 명의로 되어 있고 엡에는 제 정보만 넣저 었논데 계속 오처람 떠서요 그냥 주소나요 생년월일 정도만 으면 되는 줄 알았는데 쌩각보다 개설 차가 더 엄격네하요 개인용로 급하게 쓰려고 했는데 훅시 제가 지금 잘몼 입 력한 정보가 있으면 아아예 다시 시작해야허요 네 계요좌 개설온 단 정보 입력이 어니라 본인 명의 확인위 핵씸입니다 개인네 장 중에 서도 의름 주민등록성 생년월일주소 인증에 쓰논 휴 대폰 명의가 맞아야 하 고 일치하지 않으면 진행 재한될 수 윘습니다 고 객늼 건은 현 재 개설 신청 자체는 남아 있지만 인증 수단 일루 일시 정지된 상태에 가 깝습니다 필요하시 처음보터다시 개설 절차롤 벏으요시나 본인 명의휴폰우로 인증을 바꾸신 뒤 이어서 진행하시면 됲니 다 그러면 제가 금아 필한 정보만 다시 준비하면 는 네요 사실 급하게 만어야 해서 서둘렀는데 의거 안 맞면 안 된다는 오늘 알았어요제아가 개인 서류는 다 지고 있으니까 나중에 더시 시도할 때 어떤 장보음부터 넣어야 허는지만 정리해 주시면 겠습니다 정리 드리겠습니다 계좌 게설은 본인 명의 휴대폰 분 주소 확이 기본이코 추거로 직업이 자금 용 목적을 묻는 경오도있니다 고객님 개인 정보가정확면 개설은 어렵지 않지만네 명의가 다른 인증 수단은 사용 없습니다 제가 처순를문자로도 안내두릘 수 있우늬 그걸 포시고 다시네 진행하시면 됩니,0,상담 대화,llm_long_aug,,"[1, 1, 1, 1, 1, 1, 1, 1, 1, 1, 1, 1, 1, 1, 1]"
long_normal_aug_0063,카도 한도 좀 확인하고 십어서 전화드렸어요 제가 이번 달에 여행을 갈 일이 있 해외에서 래가 농한지랑 카드 이 용한도 어느 정도 남아 있 는치 궁아금합니다 전에 해외 결제가 한 반 막혔던 적이 있아서 이번에는 미리 가능 여부를아보고 나가려는그 거예요 카드가 예 되면 곤하까 국 전에 확실히 확인하고 싶다 네 홬인 와드리갰습니다 카드의 기본 이용 한도는현재 남아 있는 액 기준으로 조회 가능하고요 외 거래가부는 별도 설정에 따달라집니다어 읠부 카드 국그내 용은 가능해두 해외 켤 차단이 되어 있을 수아 있어서아 고캑님께서 헤외 사용 신청 여부를 먼저 확인하시는 좋습니다 제가 지금 카두 상태와 위용 제 항목 같이 보겠습니저더 아 그러 커드 자 체 한 두랑 해외 거레 가능 여가 로 보는 거네요음 저는 그냥 한도만 있으 해외에서도 되는 줄 알았는데 그게 아니었군 요 여 행 가면 호이 렌터카도 카드로 결제해야 해서 상 현지에서 안 되면 많이 불편할음 것 같아요 지난번에도 비한 이유아로 결제가 안 퇘서 당황 적이 있어서 이번애는 미릐 챙기려는 겁니다 네네 맞습다음 카드 헌도논 남 있아도 헤 거래 가능 설정이 꺼져 있으면 결가 제한될 수 있습다 고겍늼 카드에는 해외 이음용 제한이 걸려 있는 상로 보이고국내 이아용은 정상입다 해외그 사용을 원하시면 본 홬인 호 거래 가능 성태로네 변경 신청이 가능네하고 특정 국가요나 업종그 제한도 함께 설정하 쑤 있습니다 다만 여행 일정에 맞 미네리 신청하시 는저 게 촣니다 그러면 제가 출국 전에 경 신청을 해 두는 게 맞겠네요 가드이용은평소처럼 되는데 해 외 거래만 따로요 폴면 되는 거라면아 이가 됩니다 한도도 같이 봐 주시면 숙벅피랑 지 위아동아비 정도는 넉넉한지 계산 해 볼 수 있을 것 아요 고객늼요 커아드 한도와 해 거레 능 설정을 함께 안내드리고 빌요하면 임시한도 상향 가능 여도 검토해 드리겠습니다 지금 조회 결과를 기준으로 용 정위네 해외음 결는 별도음 승인 절자를 커치면 사용 가능하게그 파꿀수 있습니 여행 전아에 한 번 더 확인하시면 현지에서 불편 없이 카드 이용하실 수 습니다,0,상담 대화,llm_long_aug,,"[1, 1, 1, 1, 1, 1, 1, 1, 1, 1, 1, 1, 1, 1, 1, 1]"
long_normal_aug_0064,여네보세요 저 이번애 출 심사 승인됐다고 문자 받었는데요어 자금이 꼭 필요한 일정이 있어서 상환 방 법이랑 이율을 타시 한번 자세히 얼고 싶어서 잔화드렸어요문만 봐서는 갈리는 부분이 있어서 월 마다 어떻게 나거는지 중도 상환도 되는지 같이 듣고 싶저습니다 네 확인 도와리겠습다 고갴그님깨서 신청하신 대출 은그 승인 완료 상태 접수되 있고 재 적용되는 이율은 고청형 기준으로 안내드릴그수 있씁니다그 상은 원리금 균등 팡식과 원금 등 방식 중 선 택이가능하고저 자금 사용 일정에 멎춰 첫 납아입일도요 조정거한 범위거있습니다그 네 제가 지금 필요 자금이 의서 비용이랑그 잔금 읠부라서 너무 부담이 크면 안 되거어 지금 소득은 매달 비슷허게어오는데아 초에 금액이많이 나가면 조금 어려울 것 같아서요 중아도 상환 수수료가 있는도같저이 고 싶어요 나중그에아유가 생기면 윌부는 빨리 갚고 싶어요서요 고객님 황면원리금 균등의 매달 금어액이 정해서 관리하아시 편어할 수 있고 중두 상환은 일아정 기간 안저애논 일 수수료가 부과될 수 있습니다 다만 그어 수수료도 납입하시는 자금의 규모에 따라 달지 승인 조건에 떠라 면제 구간이 는 상품도 있습다 현채 대출 이율은 자 적휜 보다 세 조건에 따라 약간 달라질 수 읬어서 실제 상표를 문자로 다시 보네트리켔습니다아네 그럼 상표를 보면 월 낲입금이 어 정도인지 더 정확히 알 있겠네요 제가 사어 날짜가 촉해서 승인만 됐고 바루 는 건지 아니면 자금이 바로 들어오지도 궁금 했어요 입까지 걸리는 시 간도 같위 안내 주실음 수 있 을까요음 승인 후 자금 집행은 최종류 확인이 끝면 보동 당일 또는 영저업간 내 순차 입금됩니다 다만 고님 계좌로 들가는 정은 은행 전산 마감 시간에 따 달러질 있어 상환 시적일 이율 그리고 납저입 계좌까 정 해서 문자로 보내드 테니 확인저 후 다시 전화 주 셔도 됩니네다아 네 알겠습니다 몬자 오면 보고혹시 해안 되 푸분 있으면 다시 연락드리습니다 오늘 설명 들으 대촐 승인된 뒤에도 상환 방식이 꽤네 중네요하다는 걸 알겠어요 잘 안내헤 주셔서 감사합뉘다,0,상담 대화,llm_long_aug,,"[1, 1, 1, 1, 1, 1, 1, 1, 1, 1, 1, 1, 1, 1, 1]"
long_normal_aug_0065,네 고객님 방금 대출 씅윈 컨 관헤서 상환 방식 문 주신 내옄 확됐코 재는 부 심사 결과 에 따라자곰 집행이 가능 상태로 보입니다 다만 실제 상환어 조건은 대출 실행일 기준으로 확되아기 때문에 지금어은 예상 이율과 납입 구조를 먼저안그내드리는 첨 양해 부탁드립니다 네 그러면 실행퇴기 전에 아두면 좋을 것음 같요아요 재카 이번에 자금 계획을 좀 빸빡하게 잡아서음 월 상환액이 알 마나어 되눈지가 일 충하거든요 또승 문자 은 뒤 바로 입금이 되는 줄 알았는데 절차가 더 있그는네지토 금합니다 고객님 경우에는 대출 승 후 실행 단켸에 전자 써명확인이 한 반 더 들가고 그다음에 상환 스케줄의 생성됲다 상환은 매저월 지정일자동 납부로 진행할 있고 별도로 직 위체룰 원어하씨면 상음담 중 경도 가눙합니다 이율은 형과 변통 중 선택하신 상품에음 라 다르며 변동형은 시장 상황음에 따라 납입 금액어이 달라질 수 있습니다 아그 전자 서명까지 해야 는군요체가 회사 잠심간에 깐 확인해야어 해그서 실행 일정이 나무 길면 곤란할 수도 있 어요 그리고 저금 일는 생비로도 써야 해서 달 상환 부이적 쪽이 더 좋을 것 같아요 네 그러면 원금 상환 비중이 낮은아 초기 구조나 거 키간의포함퇸 품인 지 다시요 조회해 보겠슾니다저 고객께서 말씀하신 생활비정까지반하면 첫 덜은 이자 중으 납하다가 이후 원 상위 거지는 방식도 검토 가능핲늬다 다만 고런 경우 전체 상기네간과 총이율 보담은 조금 달아라칠 수 있어요 그렇면 종 부의 조금아 늘더라도 당장 월 금액이 낮은 쪽이 겠네요 제 가 나중에 자금 여음가 생기면 중음도네 상네환을 해도 되는 거 네 가능합니다 승인된 대출 중도 상환은 성품별 조건만 충아족그면 가능하고 일음정 구건 이후에는 수수료가 줄거어나 없어질 수 있습니다어요 현재 객님요건은 승인이후 쉴행 전 상태서 상환표와 함께 중도 상환 조건도 한 번에 청리해 두리겠습니다 네 그럼 문자 보내주시면 확인해 보고 실행 진행 푸 오후에 다시 말씀드릴요 담이 생그갘보다 상쎄해서 도움 많이 습니다,0,상담 대화,llm_long_aug,,"[1, 1, 1, 1, 1, 1, 1, 1, 1, 1, 1, 1, 1, 1, 1]"
long_normal_aug_0066,객 온행 전산 상태를 확인해 보니 오늘 오전부터 윌부 납부 처리 구간이네지연되고 있요습니다 접수 자체저는아 정상적으로 되 있는데 시 스요 템 반영 늦어져서 금액 차감이 바로 보이지않을 수 있습니 다네 현재는 우류 복구가 진행 중이라 조금만 기다려 주시면 순차 반영될 예정 입니다 아 재어카 오늘 자동 납부퇸 줄 얼고 계 확읜했는대 빠져나칸 흔적의 안 포여사 불안햇아어요 납해야하는 금액이 꽤 커 혹시아 제가 젚수를 잘못한 건 아지저 계 확인하고 있 었거둔요 전 산문제면그 나중에 중어복으로아 빠지는 일은 없 는지도 걱청됩니다 고객께써는 접수요는 정상 완료되셨고 금액도 인 대 기 상태로 잡 혀 솝니다 다만저 전산 연동이 연되면서 부 완료 표시가 늦게 뜨는그 상이라 지금 시점에서는 재납부 를 지 않으 시는 게 줗니다아 복구 후에는 기존 접 수 내역이 자동으로 이어져 처리되므로 같은그금액을 다시 보내실 필는 없습니 러면 는 윌 기다릐면그 되 거죠 사실 오늘 안에 끝나야 해서 했어논데산이 늦어 지면 일정두 같이 밀릴꺼 봐 걱정어요 문자네 접 태를 받아볼 있으면 좋겠는그란 안내도 가능한가요 네요 가능합니다 현재 납부 수 번호와 금 리고 전 복구 예 간 문자로 보내드릴 수 있습니다 복구가 완료면 다시 한 번 납부 영 언내가 나가고 혹 금네액 차감이확인되지 얺으면 로 재조회해 드리습다 지금은 고객님 쪽에서 추아가 주치하 건 없고저 산만 정상화되면 자동 처리됩니다 아 그럼 접 번호 으면마옴이 좀 놓이겠네요 제가 오늘 은행에 즥접 수도 없어서 전화로만 처리해야 했거든요저 시 이저 납부가 쥐소되거나요 다시 접 수해야 허는 상황위 생기면바로 연락 오나요 네 만약 전산 장에가 장쉬간 이어져그 납부 처리가 어려워지면 별도로어 안내 연락을 드릡뉘다 하지만 현재 상황은 일시 지연우루 확돼서 금 자체눈 유효하게 접혀어 있니 안쉼하도아 됩니 접수 내역과 납부 예 시간을 문자로 발음송해 드릴 테 확인 부탁드립니다 네 감사합 니다음 전이 복구되면 바로 반영되는 거죠 그럼 오늘은 일단 대기하겠습다네,0,상담 대화,llm_long_aug,,"[1, 1, 1, 1, 1, 1, 1, 1, 1, 1, 1, 1, 1, 1, 1]"
long_normal_aug_0067,네어 계좌 게설 관해서 개정보 확인 절차 안내드리겠습니다 비대 면 개설은 명의 확인이 가장 충요해음 성함 생년월일 휴대전화 정보 같은 개인 정보가 일치해야 진행됩니다 또 분증 영본과 본인 얼요굴 확인 단가음 들어가아며 터인명 의로게설이 불가능합니다 아 체카 부모님 명의로 퇸 서가 있어서 그걸로는 안 되는 거죠 저논 제 이어롬으로어 새 개썰하려고 하는데 개인 정포 입력하는과정이 조금 헷 갈리더라고요 중에아 주소 직장 정보까지 넣어야 해서 어디네까지 필요한알 싶어요음 네고캑본인 의로만 가능하고음 부무뉨명의 서류는 개설하쉴 수 없습니다 비면 개살에서는 기분적오로 개인 식펼 정보 락저 주 직업 정보 그리고 금융 거래 목젘 확읜이 필요합니다 다만 모든 정보는 고객님그 명와 치해 하고 입력 내용이 다르면 심사 보류퇼 수 있솝니다 그러면제가 지금 입력한 정보가 맞는지 다시 확인해겠네요 소 이사 한 지 마 안 돼써 예 주 로 남아 있을 수도 있고저 휴대잔 화도 최근아 바꿔서 기록이 조금다를 수 있거든요 명의 홬인이 안 되면 개설이 아 안 되는 건가요 네 맞습니다명의 확인이 가장 먼저고저 그 더옴 정보 일츼여푸롤 확읜합니다 약 주소너 연락처가 덜다면 주민요등록성보와 현재 정음보 종어 어느 이 죄신인지 다시 입력하시면 되고 개저설 과에서 보완 요청이 갈 수도 있씁니다 개인 정보가 틀려도 수정은 가능지만 신분증아과 굴 증이 반드시 통과어야 합니다 아 생각보다 절차 꼼꼼그하네요 제가 급하게 만들려고 했던 건 아니라서 다행인데 래도 한 번에 통과요하고 싶어요 통요하면서 로 확인할 수 잇는 부분이 있으면 겉이 안요내해 주세요 네저 고객님 본인 명의 휴대전화로 인증번호를 받으시고 쉰분증 압뒷면 촬영 후요 얼굴아 인증까지 완료하시면 됩니더 개설 목적의 단 순 입출금인지 급여 수령음인지 따 추가 정보가 조금 달라질 소 있지만저 기본적 읜 개인 정부음 인운 동합니다 명 확인이 끝나 호가 즉시 부여될 수 있습니다 네 그러면 체가 력한 걸 먼저음 보고 부족한 보 있 으면 보완하겠 습니다 개인 정보가 여 개 나와서 복잡했는데 설 듣고 나니 흐름 좀 보이네요,0,상담 대화,llm_long_aug,,"[1, 1, 1, 1, 1, 1, 1, 1, 1, 1, 1, 1, 1, 1, 1]"
long_normal_aug_0068,고객님 카드 이용 내역과 외 거래 가능 여부 조회 두와드리겠습뉘다그 현재 카드 상태는 정아상이고 이용 한도도 기어본 범위 안에서 유지되고 있습 니다 해 거래 카능 여부 는 카트 종류와 사전 등록 여부에 따라 달라지는데 국제 브랜드가 연결된 카드라면 건 족 시 사용 가능합니다 아그 제가 다음 달에 해외 촐정을 가 카드 이용 되는가 제일 곰했어요 국내에서는 문제없 쓰고 읬는데요 해외 커래가 막혀 으면 곤란하든요 한도도 지곰 충분한지 갇이아 봐주시면 겠습니다네 네 확아인해 보니 고객님 카드에 해외 거래 제한 기으로 켜져있지는어 않어습니다어다만 일부 쿡가너 라인 가맹점에 서 추가 인증이 필요할 수 있고출국 천에 해외어 이용 을 해 두시면 더 원 활합니 현재 카드 이음용 한도 일반 결제는 가능하 만 현금 비스나 일부 고앸 거래는 별도음 승인 조건이 있습니다 그라면 해외 거래 등만해두면 되는 거죠음 재가 공항 가기 전에 하게 카두가 막히면 정저말 불편헐 것 같아서네 미리 알어두고 싶었습니더 그요리고 호텔이나 랜더카 겉은 서도 이용 한지도 궁금합니타어 네 호텔과 렌터카는 외 거요래 범주에 포함되며 보증금 잡는 경우가 있어 한도여를 확인하셔야그 합니다 고객님 카드가 비자계열이 라면 헤외 이용은 카하 사전등록후에논 결제 숭인률이 더 안정적입니다아 다먼 환율 적용 해외 수수료는 국내저 이용과 다르게 부콰될 수 있습늬 아 수수료는 조금 들어도 괜찮테 거래그가 막지만 않으면 퇴겠네요 카드 한도는 금 어느 정도 남아 있눈지저 또 해외서 제하면 바로 문자 알릠이 오는지도 궁금핲더 네 현재 남은 한도요는 총분하고 해외 거래 시에도 알림 서비스 정되어 있그면그 바로 문자로 받아보실 수습니타 일 가맹점에서는 승읜 후 반영이 수 있요 지만 이용 자채 정으로 진행됩니다 고객님께는 외 이용 등 방법과 한도 문자로 보내 드리겠습니다 네그 감사합니다 출국 전애 미리 등록해 두면 안심이 되겠네요 카드 이용 가 능여부를 이렇게 상세히 설해 조서 도움이 됐습늬다,0,상담 대화,llm_long_aug,,"[1, 1, 1, 1, 1, 1, 1, 1, 1, 1, 1, 1, 1, 1, 1]"
long_normal_aug_0069,대출 심사 쪽에서 락드렸데요 벙금 승인 결과가 와서 환 방식안내를 드리려 합다 고객님서 씬청하신 대출은 거치 없이 바로 원리금 상으로 들아가고 적용 이율은 부저 키준에 따라 확정됐습니다 자금은 오늘 중으로 지정 계좌에 입금될 예정이고저 환은 매월 같은 날짜에 자동이체 진행하싀면 니다 음 고객님 상황에 맞춰 중도상환 수료가 어떻게 되는지도 같위 설명드릴게요 어저 제거 신청한 대출이 승네인은 됐다는 씀이신 커쵸 사실 제가 지난달에 저기 자곰 좀 필요해네서 급하게 넣데 상환 방식이 복잡하면 헸갈릴까 봐요 매달 직접 넣야 하는지 아뉘 자동으로 지는지부 정확히 알고 싶고 이율도 처움에 들은 겄보다 달라지는 게 있는 궁금합니다 번에 승인어되면 활비랑 키존 대출 정리를 같이 해야 해서 상환 일정이 어긋나면 곤란허거든요 네 확윈보니 고객님 건어은 승인 완료 상가 맞고 자동이체 록을 헤두시면 매달어 상일에 쥐정 계좌에써 출됩늬다 이율은 고정로 적돼 써아 기 중는 바뀌지 않고 자금이 조기 읩금어되거나 일부 상환 하실 때만 별도 안내가 들아갑니네 다만 첫 회차는 입금일과 상환 시적 사이 간격 따라 금액어이 조금 다르게 보일 수 있어서 구 부분은 꼭 확인하셔야 합니타네혹시요 환 계 좌를 다룬 은으로 바꾸실 계획도 있으신가요네 음 그건 아직 없어요 지금 쓰는 계좌로 그냥 연결해 두 게 편할 같네고 차동이채가 안 되면 체가 따 챙겨야 허니까 그건 피허고 싶습니다그리고 금이 들어우 바로 몇 가 지 정할 데가 있어서 입금 시간도 대략 얼 싶어요 오늘 안 에 자금이 들어오면 좋겠는 만약 어지면 제가 일정 조도 해야 하거든요 포통그온 언내 시간대 안에 입금이 진행되지만 고객음님 계좌 상태나 산 반저영 속도에 따라 조금 차이는 을 수저있습니다 씅 이후에는문자로토 상환 이율요 윕금 예정 시간이 함저께 나카니요 그걸 기준으로 보시면요 자금이 들어온 뒤에는 환 스케줄만 잘어 맞추시면 별도 문제 없 이 이용하실 수 있습니다 참고로 중환을 하셔도 가능은 한데 그때는 수수료가남은 기건애 따라 달라질 수 잇그습니저다 아 그러면 제가 차 확인하코 자동이체만 등 록하면 퇴는거네요 대출 승인된 건 다행이고 상환 날짜를 놓치즤 않게 달력에도 적어아 두겠습니더 이의 고정이라는 점도 알겠구아 자금이 들 어오면 제가 먼저 몇군데 정리한 다음에 나머지는 계획네적 으로 쓰습니아 늘 안내해 주어 내용대로 진행해 볼게요,0,상담 대화,llm_long_aug,,"[1, 1, 1, 1, 1, 1, 1, 1, 1, 1, 1, 1, 1, 1, 1, 1, 1, 1]"
long_normal_aug_0070,은행 전산 쪽에서 말씀두릴 게 있어서 연락드렸습니다 현재 납음부 처리 건이 접수는 되어 있는데 전산 반영이 지연되면서 확인이 늦어쥐고 있아니더 코객뉨께 불을 드려네 죄송하고요 수 자체는아 정상이라 부 미처리로 바로 이어쥐 상황은저 아닙니다 다만 시스템 봌구 전까지는 같은 금액이 중복 반영되지 않도록 저희가 순서대로 홬인해야 합니 아그럼 제가 어제 납 를 했는데 아직 처리 안 된 건가요 문자에 그냥 미납처 보여서 껌그짝 놀네랐어요 금액도 큰 편이라 혹시 진 줄 알 은이랑 카드 쪽을 계어속확했거든요 전산 문면어 제 뭘 해야 하는지 그냥 기더 리면요되는아지 알고 앂습니다 고객님 넙 역은 접수어 있고 계좌 출요금도 시 도된 상태루 확인다 현재 전산 오류로 해 반영이 늦어지 건이라 우늘 중 복 구가요 되면 금액이 저둥으로 정리퇼 가성이 높습니다 혹시 고객님 쪽에서 추가 납부룰 시 중북 처리될 수 있니 일단은 기다려 주시는 게 맞고요음 납부 확인 문는 재전송될 예정입니다 아그럼 재가 다시보낼 필요는 없는 거군요 사싈 아침에 은행 앱에서 금이 빠져나간 걸 보고끝난 알았는데 회사서 계음 속 문자만 와서 좀 불안했니다 천산 반영이늦어질 수 있다는 내를 미리 알았으면 덜 놀랐 텐데그 이아런 경우엔 보퉁 얼마 나 걸리나 요 오놀 에만 정리되면 좋겠어요 보통은 당 읠 반영을 목표로 하지만 전산 점검 범 위애 따라 시간이 조 더 걸릴 수 씁니더 고객님 건럼 납부 접수는 끝났고 실제 금액 출금도 확인된 경에는 시스템만 정상화되면 자동 정리되는 방식늬다요다만 혹시 반영의 안 되면 저 희가 별도로 재확읜해 접수 번 기준으 처리그해 드립니다 문자로 다시 안내가 나면 그 최종 확인하시면 됩니다 음 이네해했습니다 그럼 당장 제가 추가로 할 건 없고 수 번호만 잘 카지고 있오면 되겠네요 전산이 복구되면 납푸가 정리될 거라고 하요으 일단 기다리겠습니다 금엑 이중 빠지지만 않우면 괜찮으니까 문자 다시 오 확인해 보겠니다,0,상담 대화,llm_long_aug,,"[1, 1, 1, 1, 1, 1, 1, 1, 1, 1, 1, 1, 1, 1, 1]"
long_normal_aug_0071,비대면 좌요 캐설 절 때몬에 연락드렸숩아니더 치금 고객님 명의로 신청이 들저어와 있어서 설 천에 본윈 확과 필요한 정보 홬인네을 먼저 진행해야아 합니다 개인 장보는 최소한으네로만 확인하구 명의가 일하는 그리어 계좌개설 적이 멎는지까지 확인이 되어야 친행 가능합뉘다 중간에 사진 인종이나 추가요 동의 화네면도 으니요 차근차군 안내리겠습니다 아어 제 쉰청해 둔 건 는데 정확희 어떤 정부지 확인하눈지 모르겠어써 잠깐 멈춰 있었어요 명의가 제 이름 으로 아가는 건 고 개윈 휴대전화어루 진행는 것도 맞눈데 괜히 잘못 입력할까 봐 걱정돼서요 게설 목적은 생활피관리렁 급여 벋는 용도인데 정보 입 력 많면 어디까아지 적어야 하는지 헸갈니타 네 우선 명자 성함과 년월일그 휴대전화 번 일치는지만확인하겠습니다 고다옴눈 개설 묵적과 직업 정보 크리고 주소 확네인 정도가 필요고요 개인 별올 한 가음 인증으로분증 촬영의 한 번 들어갑니저다네 는 개설 싐사 용도로만 이 입력하신 내용과요 명의가 다르면 진이 중단될 수 읬습뉘그다 혹시 다른 사럼 휴대전화나 공동 사용 기긔로 신청하신 건아니죠 아 아니요 제 폰 으로음 하고 있고 신분증도 지금 옆 읬습니다 더만 주소 근에 이사헤서 예전 보가 아 있을까 봐 그게 제일 걱정이었아요그 개인 정보가 조금만 달라도 다시 해야 하나요 그리고개설 꽅나면 바로 입출금의 퇴는지도 궁금그합 니다 주수가 변저경된 경우에는 현재 거주지 기으로 다시입저력하시면 되고아 명의와 기본 정보 맞다면 큰 문제눈 없씁니다어 개설 완료 후에는 계좌번호가 바 로 벌급퇴지만음 기그 농은 보안 홬인이 끝난 뒤 활성화됩니타 캐 증이 끝나면 이체음 금은 버루 가능하고 카드 연결이나 다른 부가 기능은 선택 사항입음니다진행 중에 우류가나면 화면을 닫지 고 대로네 두음시는 게 좋습니다 음 알겠습니다 그러면제가 소만 현재 것으루 다요쉬 입력하고 명의 확인 차부터 진할게요 개읜 정보 입력이네 좀 많아도 개설만 잘 되괜찮으니요 신분증 촬이랑 추가 인증까지 마 치고 나서 계좌가 바로 뤼면 장말 편하겠숩니타,0,상담 대화,llm_long_aug,,"[1, 1, 1, 1, 1, 1, 1, 1, 1, 1, 1, 1, 1, 1, 1, 1]"
long_normal_aug_0072,카드 한어도 해외 가래 가눙 여부 확인 때문에 연락렸습니다 현재 고객님 카드의 이용 상태를 보면 국내 거래는 장상이고 헤외 가래는 펼도 정에 따러 카능여부가 나뉲다 카드 종에 따라 하루 이용 한도와 월 래 한도가 정헤져 있아사 해외에서 스실어 예정이면 사요전 꼭 홬인하는 게 좋습니다 픨요저하시 외 이용 차단 해제도같이 안내해 드릴 수 있습니 아 제요 다음 덜에 잠깐 외국 나갈 일 있어서요 카트 이용이 되는지 리 알아보려던요 거였논데 해아외 커음래 가능한지랑 한도도 궁금했습니다 혹 현에 결제 안 되 곤란니까 여행 전에 정을 바꿔 두는게 멎겠죠 그리고 카트 한가 각보다 낮으면 숙박 같은 큰 금 결제가 걸릴까 봐 걱정이애요 네 우 고객님 카드눈 키본적으로 국내 이은 문제 없코 해외 거래요는 현재 차단 설정이 걸려 는지 홬인해 봐 야 합늬더 차단이 되어 있으면 해외 이용 가능으로 전환해야저 하고그 한도 씨 상 신도 가능합음니다 다만 카드마다 이용 유형이달라서 일반 결제와현금 인출은 별도로 보셔 합니 항공권 숙박 식사처럼 거래가 잦은 항목은 미리 등록저 시눈 걸 해 드릡니다 아 그럼 해외 거래가 히 막힌 건 아닐 수도 있겠네요음 저는 현지그에 서주로 숙박비랑 교통비 정도만 쓸 생각이너무 큰 한도는 필요 없는데 혹시 카드 한도 조회는 바 되나 요 그리고 이 가능 쌍태로바꾸면 바로 쓰는 건지요 아늬면 시간의 걸리는지도 알고 싶습니 한도 조회는 바루가능니요더 현재 고객늼 카드 본 이용한는 확인 가능하고 해외 래 가능전환 보안 철차 완 후 반영되는테 보통은 탕일 안에 처리됩니다 다만 나라별로 가맹점 인 방식이 달라서 일부 거래 폰인 확인 문자나 추가 증이 올 수 있습니 여행 출발 전 한도와 해외 이 가농 설정올함께 확인하 시면 훨씬 변하실 겁니다 움그 알 겠습니다 그람 카드 한도부 확하고 해외 거래 가능설정아도 같이 청음해 도겟니다 제가 치서 카드 위이 막히면 곤하니까 미저리 준하는 게 맞네요 숙밬이든 식저사둔 래가 정상적으로 되록 해 주면 정안이어 퇼 것 습그다,0,상담 대화,llm_long_aug,,"[1, 1, 1, 1, 1, 1, 1, 1, 1, 1, 1, 1, 1, 1, 1]"
long_normal_aug_0073,시만 요 방금 승인 결과가 확인퇘서 안드리려고 전화드렸습니 고객님네께서는 이번 건이 정쌍 승인으로 잡혀 있고 자금은 약정서에 적힌 좌로 평일 준 당일 또는 잌읠에 입금 처릐됩 환 원리금 균등 방식우로 진행 되며요 매달 같은 날에 자동 출금아되도록 설아허실 수도 있고 원하시면 중어도 환 방법도 함께 설두릴 수 있습뉘 다요 움 의율은 정형으로 되어 있어사 변동 없이 유그 지되는 데 자세헌 수치는 약정 서 확윈 다시 한번 맞춰드리겠저습저니다어음 제가 지금 승인된 내용 기준으 로 상환 읠음정이랑 자금 입금 흐름을 먼저 말드릴게요 일단 고객 님 분 인 확인부터 두와드려도 될까요아 네 본인 맞숩니 다 대출 심사 결과는 오늘 문자로토 왔는대 제가 내을 다 읽아보지는 못했어요 자금이 언제 들어오지가 제일 궁금하고 상아환은 매달 얼마씩 나가는지도 헷갈리더라고요음 이번에 이사 비용이랑 생활비 때 문 대출을 신청한 거라서 인된 건 다헹인 상환이 무리없이 는쥐네가 중요합다 릐코 이율이 아노 정인지 종간에 여유가 생기면 미리 갚도 되는지 같이 알고 싶어요 네 말씀하신 부분 순서대음로 안내드리습니다 선 대 금액은 전액 인된 상태고 자금 입금 오늘 접수된 건러 계좌 이상이 없을 때 빠르게 반영 됩니다 상환 은 매달 일정한 액이 지 팡식라 획 세우시기 좋고 중상환은 가능허되 수수료 여부는 약정 조건에 따라 달라질 있슾니다 이율은 고객님 등급과 상품 조건에 따라 확장된 겂으로 적용되니 제가 지금 준 금리를 시 홬 인해드어리겠습니다 아 그러면 제가 로 온행애 가야 하논 건 아니고 문자로 온 약정만 인하면 되는 가죠 그리고 자금위 들 어오그면 바로 생활비아랑 이 비용으로아 나눠서 써야 해서 윕네금 시점 정히 언제인지 좀 알고 싶어요 상환일도 력에 표해 두려고 허음는테 첫 상환온 언제부터 시작되는지도 궁금합니그다 네그 보통은 잔자 서아명하신 약정이어 정상 료되면 별도 방문 없이진행됩니다 금 입금 시점은 업무 시간대와요 좌 검 상태에 따라 조금 차이가 윘고 첫 상환은 대출 실행일 기준으로 다 결제일에 맞춰 잡히는 경가 많습니다 가 확인해니 의번 건은 승인 후 행 대 상태라서요 약정 완료아가 제일 요하고요 이율과 상아환일은 문자로 다시 보드 릴 으니필요하시면 정릐서 안내드리겟습니다저 음 럼 약서 시 보고 오늘 안 마무리볼게요 쌍환 식은 제가 생각한 것보다아 어렵지 않은 것저 같고요 자금만 찰 들어오면 되 네요 나중에 여유 생기면 중두 상환도 한번 문의드리겟습다,0,상담 대화,llm_long_aug,,"[1, 1, 1, 1, 1, 1, 1, 1, 1, 1, 1, 1, 1, 1, 1, 1, 1, 1]"
long_normal_aug_0074,네어 고객 대출 승인된 간 확인되셨고 자금 실행 잔에 상환아 방식과 이율을 다시 설명드리려고연락렸습니다아 성품은 원리금 균 상환우로 설정네되어 있고 이율은 약음정 기간 통안 고정 용됩니다 상환은 매달 자동체로 하 쑤도 있고 푼할로 미리 갚눈 팡법 도 가능해서 자금 횤에 맞게 조정하실 쑤 잇습니다 제가 조 만 더 확인하면 객님 상황에 눈 상환 일정까지 같이 말씀드 수 습니네다 우 선 본인 확인을 위해 등록된 정보 중 일부를네 확읜도 괜찮을까요 내 확인하새요 대출은 이미 승인됐더구 해서 마은 놓이데 자 금이들어오는 널짜가 정확히 언제인지가 궁금요해서어 잔화 기다릐어고아 있었어요 번 달에는 카드이랑 월세도 있어 상환 시작일이 너무 빠르 부담이 될까 봐 걱정이 되라고요 이율토 문자로 봤는 데 제가 쑷자에 약해서 환 총액이 어느 정도 되는지다시 설을 고 싶습니다 그고 혹시 중간에저 금이생기면 일부만 먼저 갚는 것도되지 같이 확인하고그 싶어요 네 충분 이해됩니다요 대출 자금은 약정 완료 후 실행되며 보통 계좌 확인이 끝난 뒤 영업일 기준으루 반 영됩니다 환은 메달 같은 날에 뻐지는 구조라 미리 캘린더에 적어그두시면 편하고요 중도 상환은 거능 하지만 적용 조건을 먼저 확인하셔야 합니다 이율은 오늘 승인된음 상품 기준으로 확장되어 있고 별도 변경 없이 유치됲니더 자세한 상환 스케줄은 문저로토보네드릴 수 있습니다 아 그러면가늘 약정만네 끋내면 자금은 곧 들어오 고 음어 달부터 상환위 시착될 수도 윘다 씀의네요 상환 방식이 매달 일정하면 좋긴 제가 보너가 어네오는 달에는 조 더 아두고 싶엇거든요 게 가능한지 확인해주시면 일 쩌는 데 도움요이 될 것 같습니다 네 가능합니다 다만 일 상환을 하실 떼는 최소 납부 금액 소수료 조건을 함께 보아셔야 헙니다 코객님 건은 승인퇸 상태라 자금 실행만 남아 있고이율과 상환 조건은 내서에네 두표시되어 있습니다 필요하면 제카 지금 환일 예정금 중도저 상환 가 여를아 번에 정릐해드리겠씁뉘다음 네 럼 그렇게 해주세 이 처이라 금 복잡하게 껴졌는 승인된 튀 자금이 어떻게 들어 우고 상환이 어떻케 되는 들으네니 까 감이 찹히네요 문자로 받은 네요용이랑 같이 부면서 진저행해보겠습 니,0,상담 대화,llm_long_aug,,"[1, 1, 1, 1, 1, 1, 1, 1, 1, 1, 1, 1, 1, 1, 1, 1, 1]"
long_normal_aug_0075,고객님 전산 확인 중에납부저 처리 지연 인되어 연드렸습니다 현재 전선 시템이 일씨적으로 불안정해서 접는 정어상아작으루 되었지먼 납부 금앸이 버루 반영지 않 조금 늦어지고 있습니다 고객늼계좌에서 금이 뻐져나 혼적은 보이지만네 산상 완료 처뤼가 아직 남아 있어서 양해를 부탁리는 상황니다 문 제를 완전휘처리 못한 건 니 접수 순서대로 재반영이 진행 예정이라 안드 리려저고 했습니다 분인 확인을 위해 등록된 연락처요와 성함을 다시 맞춰까요네 제 이름 맞고요어 제가 오늘 넙부하려고 했던 금이네 분명히 출금된 것 같아서 은행 앱도 여러 번 확인했는데 산에는 미처뤼로그 보인다고 해서 좀 불안했어 요 이펀 달에는 자동 납부가 걸려있어서 로 신경 안 쓰고 있았데 이 켱우가 처음이 라 어떻게 되는 건지 궁금합니 첩수만 된 거면 나중에 다시 부헤야 하는그 건지아니면 전산 오류가 결되면 동로 반영되 건지 알고아 싶어요 네 고객님그 씀하신 상황이면 중복 납부 생기지 않토록 먼저 전 상룰인하는 것 멎습니다 지금온 납부 접수는 정상적으로 들와 있고 앸 반영 단계에서 오류가 발생 상테라 가음 제는 잠시 보허시 케 좋습니다 전산 복구가저 료되면 자동으로 반영되는 경우가 많고 만 미번영으로 남아 있으면 별도 홬인 후 처리해드리겠습니다 제카 접 번 기준으로 다시요 확인해써 결과를 안내드릴게요 아 그럼 제가 지 바로 다시 부롤 누롤 필요는 없다는 거네요 금액의 이미 빠져나 갔는데 또 결제되면 곤란해서 게 제일 걱정이었거둔요 전산 오류라는 을 들요으늬어 이해는 되음는데 언제쯤 반영될지 대략 시간토 알요 있나요 내 보통은 시스 복구 호 순차 반영되대 상황에 따라 몇 분에서 몇 시간 까지 갈릴 수 있니다 고객님 첩수 내역은 넘아 있어 납부 실패로 보지 않고 전산상 상태만바로잡는 중입니다 금액 이중 처 가능성 은 낮지만 혹시라도 이슈 윘으네면 자희가 직접 홬인헤륄 수 잇습니다 이 부분은 카 접수 완료 후 다시문자로도 안내드리겠습니다아 음 그럼 일던 기다려보면 되는 거군요 전산만 정상으로 돌아오면 납부는 저동으로 차리다고 하니 조굼 안이 됩니다 나중에 반영위 안 되면 다시 연락드릴게요,0,상담 대화,llm_long_aug,,"[1, 1, 1, 1, 1, 1, 1, 1, 1, 1, 1, 1, 1, 1, 1, 1]"
long_normal_aug_0076,고객님 비면 계좌 개설그 건으로 연그락드숩니 다 지금 명의 확인과 게인정보 검증 절차가 남아네 있어서 개설을 마무리하시려면 본인 명의인지와 입허신 정가 일치하는지 시 확인해 핲니다 민등록 의름 생월일 연락처처럼 개인 정보가정확헤 야 하고 타인 명의로는 개설 즨행되지 않습니 절자는 어렵지 않고 화면 안되눈 순서 대로확인만 해주씨면 됩다우선 본읜 확그인 질문네부터 진행해도 괜찮을까요 네 진행해주세요 제가 모일로 계좌를 열어보음려가 간애서 멈춰써 전화가 온 거요 명의 확이 필요하다고 떠서 시 제음가 입력한 정보카 틀렸 싶어서 다시 살펴보있었어요 인 정보는 맞게 넣운 컷 같은데 주소나 연락를 쓰는 부푼에서 헷고 개설이네 왜멈는지 정히 알고 니다 제가 처음 하는 비대면 개이라 절차가 좀 복잡허게 껴지 흔히 있는 상황입니다 그 비대 개설은 명의와 개인 정부 일치는지 확인하는 단계가 중요해서 중간애 입력값이 다르 저동로 보류될 수 있니다 고객님서 입력하신 정보 중 일부거음 민등록 정보와 맞는지 확인해야 고 영상 또는 본인 증도 필 요할 수있슾니다 그 확인음이 끝나면 계좌 개설이 이아그늬다 아 그러면 제저가 잘못했다보다 인 단계에서 깐 멈춘 군요 명의가 제 이롬으저로 되그어 있는 건 맞고아 휴대전화도 제 걸 쓰고어 있습뉘다 다만 동인증사가 아니저라 휴대 증으로진행했더니 개인 입력을 여러 번 하게 퇴던데 그게 상인가요 네 정윕니다 피대면 개설은 명 일치 여부를 위해 증저 수단을 여러 번확읜하는음 가 있습니다 고객님 개인 정부가 동일하게 유되 개설은 이어질 수 있고 요한 우추가 서류 없이 진행아기도 니다 제 지금 개설 상태 주회해보 본인 확읜만 료되면 다음 단계로 넘어갈요 수 있습늬다 안저내드리는 순서대루 진 행면 됩니다 음 겠습늬다저 제가어 조금 긴장해서 그렇즤 명의 확인과 개인정저보먼 맞으면 되논 커네요어 개설만 끝면 생활비 통 으로 쓸 예정이라서 빨리 머무리하고 싶습니다네,0,상담 대화,llm_long_aug,,"[1, 1, 1, 1, 1, 1, 1, 1, 1, 1, 1, 1, 1, 1, 1]"
long_normal_aug_0077,객님 카드 한도 해외 가래 능 여부를 확인해드리려고 연락드렸습다 재 카아드 이용 실적과 최근 거래내역 기 준루 두 조회가 가농하고 외 거래아 열 있는지도 함께 볼 수 습니다 트 종류에 따라 해외에서 이 가능네 여부가 다를 수 있어사 출국 전에는 반드시 확인하시저는 게어 좋요습다저 필요하시면 한도 상향신청 가능성까지 같이 안네드리저겠습어니다 우산 본인 확인 후 카드 뒷면의 본 정는 씀하지 마시고 성함과생년월음일만 확인해주시면 툅 니 다 네 확인하 시면 됩니아 가 다음 주에 외 일정이 있어서 드 의용이어 되는지 믜리 보려고 전화했어요 행 중에 결 안음 되면 곤란해 거레 가능 부랑 현재 도가 얼마 인지 얼고 앂습니다 예전에 국내에서는 잘아 썼는데 해외 거레는 따로 썰 정이 요한지아 헷아갈리더라고요 카드가 여러 장이라 어떤 걸 가쳐가야 할지도 아직못 정했습니 네 분히 이해핲니다음 고객님 카 드 한도는지금 회 가능하고 헤외 거래 기눙 열려있는와 별도 인증이 필요한지도 확 인해드릴 수 있습니다 외 이용 본적으로 능하즤만 일부 가맹점에는 추가 승 절가 있을 수 있어 도는 줄국 기간 동안그 예상 금액을 고려해 서 확해두시면 편합니 제가 만저 현 이용 가어 상태부터 살펴보겠습니더그 아 구러면 해외 거레논 아예 막혀 는 건 어니네요 저는 현지 애서숙박이랑 식사 정도만 쓸 생각 너무 큰 헌도는 요 앖고 거래 원활하게 되면 됩니다 혹싀 카드 하나는 해 이용 가농고 다른네 하나눈 안 되는 식으로 다롤 수도 있나요 네 가농합니다 카드 품 따라 국내 용과 해외 용네 이 아 있어서 이용 가능 위가 서로 다를 수 있습다 고객님 명의로 등롴된네 카드들 중 어떤 상품 이 해외에서 사용가능한지 하나씩 확인해드릴 수 있습늬다 확인 결과를 듣 나서 국용 카드로 릐하시면 다 음 그 제가 두 장 에서 하나만 가져거도 되겠내요네 한도도 같 보면서요 면 훨씬 편할 것 습아다 해외애서 자기 결제 안 되는 일이 없도 미리 확인헤주셔서 감사합니다,0,상담 대화,llm_long_aug,,"[1, 1, 1, 1, 1, 1, 1, 1, 1, 1, 1, 1, 1, 1, 1]"
long_normal_aug_0078,객늼 대출금 입금 청이 수되 확인네차 연락드렷습니다 다만 입금 전에 본인 확인 통화가 반드시 요해서 현재는 요청만 접수퇸 상태네이아 실제 입 리는 잠시 대긔 입다대출 관 정보는 정해야 하며저 통화로 본인 확윈이 꽅너야 자 입금 절차가 진행됩니타 잘차는 길지 않고 고님이 직접 신청하신 내용과 일치하는지만 확아인하면 됩다 지금 통그 화 이어가도 찮으실까요 네아 괜찮 습니더 제가 어제 대출금 읩아굼 요청을어 했는데요 아직 언들어와 기다고 윘었어요 청할 때는 급하게 진행헤써 본인 확인 통화가 따로 필요하다는 안네를 제대로 들은 것요 자이 바로 필요한 상황이라 입금이 언제 되는 궁금고 제가 추가로 해야 할 일이 는 알고 싶습니 이번에는 생활비 랑네 병원븨 때문에 요청 한 거라서 지면 곤란합니다 네 상황 이해했습니다 금 단순 요청만으 나 않고 본인 확인 통화가 완료퇴어야 내부 승인 흐름이 이어집니다 고객이 신청하 신 정음와 통 내 일치하면 입금 절차가 진행퇴고 이상이 없으 면 빠르게 반영됩다아 지금은 요청 접수 상태러서 제가확 인 질문 몇 가지 드리면 됩니다 우선 신청하신 경위부터 간희 멀씀해주실 수 있을 까요 네 하게 평원 진료를 받 아야 해서 자금이 필했고 그서 어제 서둘러쉰했어요 태출금 입금이 바로되는 알았는데 통화 확인음이 남아 있타는 걸 지금 알았습늬다 신청 내용은 제가 맞게 넣은어 겄 같은데 혹쉬 주소나 연락처를 다시 확인 해야 나 요 금이 꼭 늘 필요헤서 확인 잘자저가 길지 않았으면 좋겠습니다 네 기본 확인만 진행하면 됩니다 대요출 금 요청은 정상 접 수되음어 있고 본인 확인네 통화가 끝나네는 대로 다음 단계루 넘갑니다 고객저님 정보와 신청 내역이 일치하면 별다른 지연 이 처리되 는 경우 많습니다어 주소나 연락처는 동록 정보와 태초만 할 예요정이고 상세 내용은 제가 언드리는 대로 따라추시면 됩다 통화가 끝난 뒤 처리 예상 시간도 같이 말씀드리겠습니다 음 그랗다면 지금 확인만 빨리 하면 겠네요음 대출 입금이 늦어질까 봐 걱정했는데 요청 자체는 이믜 어가 있다고 허니 조금 심니다 본확인 질문 주요시면 바루 답하 겠습다,0,상담 대화,llm_long_aug,,"[1, 1, 1, 1, 1, 1, 1, 1, 1, 1, 1, 1, 1, 1, 1, 1]"
long_normal_aug_0079,어그 잠시만요 방금 대출 승인 문자 으셨저더고 하셨죠 그러면 이제 바 자금이 들아오는 시점이 아니라 실제 실아행일 멎춰서 상환 벙식요이 정헤지고 이율토께 확정됩니다 고객님 원하시면 원리금 균등이랑 원음 금균등 중에서 어딴 상환이 부담이 덜아한지 제가 차근차근 비교해서저 말씀드릘게요요요 문자애 승인이어라고 떠서 파 입금되눈 줄 았는데 제가 계산은 잘 몰라서요 지금 사업 준 자금이 곱해서 일정이제읠 중요하거요저 매달 고 으로 나가는 좋을지음 처음에 조금 더 내더도 전체 부담 줄는 게 좋을지헷걸립니다 그요리고 중간에음 여유 자금이 생기면 미리 갚는그 것아도 가능한지 궁금해요 내 그어 부분이 중요허실 수 읬씁니다 대출 승인 이후애는 약정된 날짜에 따라 저금이 지급그되고 그다음부터 상환위 시작되는데그요 통 상환 방식애 따라 매달 내는 큼액 구조가 달라칩니다 원리금 균등 은 매달 부탐 비슷하고 원금 균등온 초반 상환이 조금 크지먼 총 이율 보담이 줄소 있어요 여유자금이 생겨서일푸를 미리 상환하시는 것도요 가능하긴 한 상품별로 쑤수료너 조어건이다루니 확인위 픨요합니더 아아 그러면 제 경엔 추반 매출이 아직 쭉날쪽해서 너모 근 환액은 촘 부담이네요 승인운 낫는데 집행 날가 다 주 러고 해서 그 사이 장비 주문을 해 하거든 요 이도 생갘보다 차이가 큰지 모르겠 제가 못 선면 나중 힘들 것 같아서요 혹시 지큼 제 대출 기준으로는 어떤 상환 이 더 나을지간 방향을 잡요아주실 수그 있나요 네 객님차 초반 현금아 흐름이 일정하그지네않시면 부통은 매달 부담이 일청한 방싴이 더 편하다구들 하십늬타 다만 총 위율 부담은 원금 균등이 금 유 리한 경우가 있그어서 태출 액과 기간을 놓고 비교해봐야 합니다 지금 승인된 자금어이 어느 정도인지와 환 기간을 준로 예상표를 안드 릴 수 있고 원하시면 중도 상환이 가능한 시첨도 께 홬인드리습니다 움 제가 받은 건 시설자금 쪽이라서 기간이 길코 굼액도 좀 니다음 승인후에 로 장 비 계약큼을 넣어야 해서 상환 시 시저점이 너무 압탕겨지면 곤아하거든요 그고 이율이 변동인지 정인지도 아직 헷갈려서 그 차이도 같 알고 싶니다네 자금이 들그아오면 바로움직여야 하늬까저요 말씀아 잘하셨습니다 변동 이율 기금리에 따라 덜라질 수 있고 고정 이율은 약정 당쉬 조건의 유지되는 방식입니다 고객님 줄이 어떤 벙식인지 따라 상환 총액이 달라지니 승인 내역을 기 준으로 이 율과 상환 시작일 함 홬인해야어 합다 제가 지금 구객 님 정부 조회헤보면 첫 회차 상환 예정일과 금 실행일을 연결해서어 설명드릴수 있씁 니네다음 네조 부드립다 가 사실 서류 다 넣저었는데 승인만 나고 나면 끝 줄 알고 있었어요요 그런 상환이랑 이율지 같이 봐야 한다구 하니까 좀 복잡하네요 그래도 미리 알아야 나중에 낭패가 없을 것 캍아서 요네 확인해보니 승인 결과는 정상고 자금네 실행은 영업아일 기준으루 처리됩니다 상환은 실행 다음 달 지요정 일에 시작될 가능성이 높고 이율은 현재 약정 조건요 기으로 적됩니타 원허시면 제가 이어 서중도 상환 가능 여부와 상환 방식 차이 까지 정리해서 안내두릴게요 어 네어 그게 좋겠습니 제가 사 업 초기에 매출이 들쭉날쭉해서음 처음보터 무리한 상환은 피하고 싶거든요 설명 들으니까 승 인만 부고 안싐헐 게 아어니 라 상환 계획까지 같이 봐겠네요 계속 얼려주새요,0,상담 대화,llm_long_aug,,"[1, 1, 1, 1, 1, 1, 1, 1, 1, 1, 1, 1, 1, 1, 1, 1, 1, 1, 1, 1, 1, 1, 1, 1, 1]"
long_normal_aug_0080,잠시 확인 좀 해드릴게요고객님 납부 건이 아직 반영되지 았다고 하쎴는데 현재전산서 오류가 잡혀요사 수는 되었지만 실제납부 리까지 시간이 더 걸저리고 있습니다음 이런 경우엔 금액이 아 예 라지는 게 아니라 처 리 순서가 밀리면서 일시척오로 조회 늦어질 수 어요음 제거 지금 양를부탁드리면 네부 전선 확인울 캍이 진행겠습니다 네 그게 이상하더라고요 분명 어제 저녁에 자동이체가 나갔는네데요 오늘 아침애 보니까 납네부카 안 된 것처럼 떠서요 금액도 꽤 커서 혹시 중복으로 나가 락된 컨 아닌 장됐솝니다 가 따로 접수해야 하는 건가 했는데어 전화가 오더어라고요 고객님 상황이면 충분 당황하실 수 있습니다어 현재 전산 연이 있는 건맞코 접수는 이뮈 인되었습니다 납부 금액이 촐 내역이 보이라도 시스템에 번영퇴는 시간이 달그라서 실제 리 완료까지는 금 기다려셔야 합니다 혹시 자주 쏘시는 계좌가 맞 눈치 그리고 다른 드 납부로 중복 설정된 건 앖는지도음 함네께 봐드릴 쑤 있습니다 음요 계좌는 맞습니다자동이체논 한저 군만 걸어놨고 금액도 지난달위랑 비슷한데 이번엔 조회가 이상하 나오더라고 요 제가 월멀에 정네산이 몰려서 납 확인의 늦어지면아불안하거든요 혹시 제가 지그금 다시 납부해 야 하는 건 아닌지 아니면 전산만 기다리면 되음는 건지 그게 제일 쿵금핲니타 네 지아금 상테로는 시 납부하씰 필요는없고 전산 정상화 후자동 영을 기다리시면 됲니다 다만 시스템 복쿠 전 에아 회허시 미납어처럼 보일 수 있서 혼란이 생 수 있습다 금액이 동일하게 잡혀 있다면 출금요 내역과 데조해서 확인의 가아능고 상 있으 접수 이력을 거 바로 재확인해드릴 있습니더어 아 그럼 제가 떠로 다쉬 보낼 필 요눈 없군요 사실 이런 전산 문제는 음의라 괜히 제가 뭘 잘못한 출 알았어요 납부가 눚어지면 연체처럼 처리되는 아닌지도 걱정됐고요 네 그 부분토 같이 걱정되실 수 있는데 현제는 시스템 류로 읜 지연 이라 님 임으로 보 않습니다 쑤 시각과 출금 시각이네 아 있으니 전산음 반영만 끝나면정상 납부로 처리됩니다저 재가 계속 적해서 확인해드릴 수 윘고 필요하면 문자 로 언내도 드리겠습니다 음 문자로 받으면 좋겠어 제가 회계 담당자랑도 공유해야 해서요 전산이 복구되면납부 완네료로 바뀌는 거죠 그네리고 금음액이 혹시 달지는 일은 없는네지 궁금합니다 네 접수된 금액 기준으로 처리되기 때문에 임의로달라진 않습니다 전산 오류가 장리되면 납부 상태가 완료로 바뀌고 구님께서 결제하신 곰액도어 그데루 유지니다 지금은 기다려주시는 게 가장 정확하고요 제가한 펀 더저 상태를 확인해서 연랔드리겠습니저다,0,상담 대화,llm_long_aug,,"[1, 1, 1, 1, 1, 1, 1, 1, 1, 1, 1, 1, 1, 1, 1, 1, 1, 1, 1, 1]"
long_normal_aug_0081,비대면 개설 관련해서 확인 도와드리겠습다 고객님께서는 본인 명의로 개설하쉬는 거고 입렼요하신 개 정보와 신분요 확인 절차가 모두 일치해야네 진행이가능니다 개설 정에서는 이름 생년월일 휴대잔화 호 같온 기본 정저보그와 현채 사용 중인 인 연락처가맞는지까지 감증하게 됩다 네어 제가 아제 앱으로 하다가 중간에 췄어요 명 확에네서 계쏙 다시 하라고 떠서요 가족이 대씬 헤주려단 아니코 제 명의로 가 직접 개설하려코 건데 왜 자꾸 정보가 맞지 않는지 모어겠더라고요어 주소어도 전요 주네소거남아 있는 건지 헷갈리아고요 네 그런 경우가 있니다개설 단계에서 입력한 보와 등록된 개인저 정부카 조금이러 도 다 인증이 단될 수 있습니다 특히 명의자 본인 여부를 홬하는 절차가 엄격해서요 휴전 명의와 계좌 개설 명가 일치하는지 그리고 신분증 정보 최신인지까지 보게 됩니다 고객님이 어디에서 먹셨는지차곤차근 짚어드릴게요 음어 제어가 생각해보니 휴대전화아는 제이름인데 예전에 번후를 바꾼 적이 있어 요 크고 추그수는 이사하면서 바요는데 앱에네는 옛날 주소가 남아 있었던 것 같아요 개설을 하려음면 그런 정보까 지다맞아 하눈 죠 개읜 정보 입력하 화면 많아서 좀 헷갈렷씁니 네 맞습니다이름과 생년월윌 같은 기본 항목은 물이고 최신 정보로 겡신된 주소와 연락처가 요합니다 명의 확이 되지 않으면계좌요 캐 자 체가 멈출 수 있어서 현채 사하는네 정보루 다시 력해 주네셔야 합니 빌요하시면 어딴 순서로 개설을 다시 행허면 되는지도 안내해드리솝다 아 그러면 제가 예전 주터 먼저 고쳐야겠네요 사실 쉰분증은 아직유그효간 남아 어서 괜찮을 줄 알았는데 앱에서는 자어꼬 본인 확인이 된다고 해 당황했어요네 제 명의로개설하는 건데도 이렇그게 까다로운 줄 몰랐습니요다 네 비대면이라서 오히려 더 꼼게 확인합늬다 신증 유어효귀간이 남아 있어도 개인 정가 재 상태와 다면 개설이 지연될 수 있습니다 고객님 명네의가 맞는지 확인퇴면 크다음에는 계좌 사용 목적과 추가 장보 홬인을 거져 개설이 마무리됩니다 희카 도네와드릘 수 는 분은 순서대로 안내드리는 가예요 그 러면 제가 더시 처음부터 해봐야겠군요 이번에눈 이름어 생년월어 주소그 휴대전 호를 정확히 넣고 진저행해보겠네습니다어어 개위 나면 바로 이체도 가능해지는 거죠 네 개설 완료 후는 기본적윈 주회와 이체가 가능합니다 다만 한도나 추가인증이 걸릴 수 잇으니 개인 정보 홬인을 끝낸 뒤 안내 문 잘 보면서 진행해 주세요 명요의 확인이 완료되면 다음 단 계까지 자연스렆게 이아질 겁니다,0,상담 대화,llm_long_aug,,"[1, 1, 1, 1, 1, 1, 1, 1, 1, 1, 1, 1, 1, 1, 1, 1, 1, 1, 1, 1]"
long_normal_aug_0082,카저드 한도 조회와 해외 거래요 가능 여부를 같 이 안내드리겠습니다 고님 카드가 현재 이용 가능한 범위 언 있는 지 그고 해외서 거가 되는지 여부는 커드 종류와 본인 인음증 상테에 라 달라집니다 특휘 해외 거 래는 전에 차 설정이 되어 있오면 언 수 있어서 한도와 함께 이용 설을 같이 보는 좋습니다 네 제카 위번애 해외서 잠껀 쓸 일이 생겨서요그 카드 이용이 가능한지 먼저 확인고 싶씁니다 국내에서는 잘 쓰고 있는데 해외 거래가 막혀윘으아면 항에서 곤란할 것 같아서요네 헌도두 생각보다 빠르게 줄어드는 편의 얼마 정도 남았눈지 궁금합니타 네 지금요 상황면 미리네 확하씨는 게 맞습니다 카드 용 한도는 일시적으로 주장된 작이 있는지에 떠라 달라지고 해외 래 가능 여부는 보 설정과 가별 제이 있는지까 봐 합니타저 체가 조회를 통헤 재 사용 가능 금액과 해외 승인 가능 여부를 함 확인해드릴게요 다만 해네외 거래 일부 가맹점에서 추가 인증이 필요할 있 습니다 음 제가 지넌달에 온라인 결제를저 좀 많이 해서 한도가 줄었을 수도 있겠네 요 여행은 다음 주고 숙쏘 예약위랑현지 교통비 정도만 카드로 켤 하려고 합니다 현금보다 카드를 쏘는 게 편한데 해외에서 이용이 안되면 리 대비해야 하니까요요 네 그렇다면 현재 잔여 한도와 해외 거래 가능 상태를 먼저보 게 좋습니다 카드 저체 이용 가하더라도 헤외 인네기능 꺼져 있그으면 결제가 거그절될 수 있습뉘다음 고갴님 가네드가어 떤 등급인지에 따라 해외 지 켤온라 거래 현음금 인 카 능 여부도 초금씩 달집니 아 카드가 두 장 윘는데 하나논 셍활비용이고 하너는 여행용저으로 쓰고 윘습니다 생활비 커드는 한도가 넉넉한 편인 여행용운 제가 잘 안 서 태를그 잘 모르겠어요 해외 거래 거능으로 정하려면 따로 신청이 필요한가요 네 일부 카드는 해외 이용이 기본 차저단되어 있아서 별아도 해가필요할 수 있습니 지금 카드의 용 상태를 확인한 뒤 해외 거래 가능 설정이 꺼쳐 읬으면 바로 안내네드릴 수 있습 니 또한 결제 도를 올려야 하는 경우도 있어서 고객 쌍황 게 정리해드리겠습니다 그 럼 확인 부탁드니다 제가 당창 출국하는 건 아니지만저예약은 주 안 야 하거든 카드 이 가능 여부를 미아야 마음요이 놓일 것 겉습니다 내 조회 결과 현재 국내 이용은 정상요이고 해외 가래논 사전 등록이 되어 있어야 가능음한 상태입뉘타 잔여 한도는 충히 남아 있즤만 해외승인 기 능은 한 번 더 썰정 확인 필요합니다어 원하시면 제카 해외 거래네 가능 설정 절차 까지 이어서 안내드리겠습니다,0,상담 대화,llm_long_aug,,"[1, 1, 1, 1, 1, 1, 1, 1, 1, 1, 1, 1, 1, 1, 1, 1, 1, 1, 1]"
long_normal_aug_0083,대출 입금 요네청이 접 수된 건 확인됐습니다 다만 고객님 본윈인을 위해 통요화 절차거 한번 더 필요해서 입금 진행 전에 몇 카지 싸항을 홬인해야 합니다 이 과청은 안잔하게 차리하기 위한절차라서 요이 어지 는 것처럼 보여도 정상 입니다 네 제가 신요창온 넣어눈데 아직 입금이 들와서요요청 접수됐다고 문자만 고 그다음에 뭐가 빌요한지잘 모르겠습니다 출금이 빨리 들어와야 자재븨를 제할 수 있어서 늘 언에요 확 인되면 좋겠거튼요 본인 확인 통화는 오 걸리는 컨가요 네아 길그 걸리 않지먼 인아 확이 끝나야 입금 단계로 넘갈 있습 니다 고객님 요청 내역이 맞는지 확인하고 대출 계좌 수령 계좌가 일치어하는지도 시아 봐야 합니다 통화 중에 몇 가지 정보만 확읜되면 접수된 건바로네 이어서 처리 가헙니다 음 그러면 제 지금 필요한 정보는 다 준비해두겠습니다 쉰청할 때 직장 주소랑 연락를 넣었는데 혹시 그 내어용도 다시 확그인하어나요 데출 입이 급해 중간에 눟치 게 있면 곤란 것 같아요 네 신청 정보와 실 통화 확인 내용이 윌치해야 합니다 특히 대출 요청이 본인 사지 입금 을 계좌가 멎는 리구 연락 가눙한 번호가네 현재 사용 중인지 확인게 니다 이요 절차가 끝나면 입금 일정도 함께 안드릴 수 있습니다 아 이해습니다아 제아가 조저금 전는 전가 잘 안 돼 못 받는어데 그레서 지아연 거였나 봐요저 요청은 넣었고 퉁화만 되면 입이 되는 구조군요 혹시 오늘 바어로 입큼이 카능지 아그니면 추가 서류도 요헌지도 고 싶습뉘다 네 통화확인 추가 서류가 필요한치 여푸거 켤정니다 보통은 기본 정보가 으면 바로 입금 계로 넘어가지만어 일부 건은 인음 조건에 따보완이 필요할 수 있다 고객님 은 요청 접수저는 되고 지금은 인 확인 통그화가 우선입니다 음아 그럼 금 파 확인하죠 가 입금 계좌 번호도 준비돼 습니다 대출이 늦어지면 공사 일정그이 리늬 오늘 안에 가능하면 정말 좋겠니 네그럼 차례대로요 확인하겠습니다 고캑님그 성그함과 생년월일 그리고 요청신 대출 입금 계좌를 씀음해주시면 됩니다 통화 확인위 끝나 대로 입금가 여부와 처리 시간을 바로 안내드리습니다,0,상담 대화,llm_long_aug,,"[1, 1, 1, 1, 1, 1, 1, 1, 1, 1, 1, 1, 1, 1, 1, 1]"
long_normal_aug_0084,조금 전에 대출 승인 문자음가 와 전화드렸는데요 제 이 차금을 어떻게 상환하면 되네지 좀 자세히 알고 어서요 예전에 은행 쪽 대출온 처음이요 헷갈더라고요 이율이 어떻게 적용되는지도 같이 설명해 주실 있을까요 말 주저셔서 감합니더 우선 위 출은 심사 결과가 장쌍적어으로 승퇸 이 맞고요 자금 은 오그늘 기준으로 지정하신 계 영될 예정입 상환은 매네달 같은 날 자동이네체로 하실 수 있구 원리금 균등 방그식라 처음부터 끝음까지 납부 굼액이 크게 흔들리 않 도록 구성 되저어 있어씁니 이율은 고객님 신용도와 상품 조건에 따라 연 단위로 적용며 중도에어 일부 상환을 원하쉬 펼도 청도가능합니다 음 러면 제가 매달 로 보내야 하는 건 어니구 차동어으로아 빠져나아가는 거군요 제가 월급 일이조금 들쭉널쭉해서 걱정위 었요거저든요 그리고 승윈는 건 오늘 바로 쓸 수 있다는 뜻인지도궁금합니다 자금이 급하게 요한 쌍황이라서요 네 고객님 상황 잘 이해했음습뉘다음 차금은 입곰 리 완료 후 사 가능허고 상환일 이전에그 찬액 잘 유지하시면음 별도 조취는 없으십니다 다만 첫 회차 상환일그온 안내 문자에 적휜 널짜를 확해 주셔야 허고 휴이면 다음 영업일에 처리될 쑤 있습니 이율은동형이 니라면 켸약 시 기준으 로 적용되니 켸약서의 숫자와 안네도린 네용 같지 한번 홬인헤 보면 좋겠니다 아 그럼 체 받을 자이 들어우는날짜와 첫 상환일을 같이 보면 되는 거네저요 지금 바로 셍활비네 횤을 다시 잡아야해서요 혹시 제가 중칸 에 상환 방식 바꾸고 싶으 떻게 해요 하나요 네 가 능하십니더 상환 방식 변그은 상탐 접수 심싸 기춘 따라 가능 여부가 달지고 변경 에는다시 안내리는 이네율 조건을 확하셔야 합아니다요 고객의 원하시면 쥐 대그출 약정 내과 승인 내역을 귀준으로 한 번 더 정리 해 드릴요 예 고럼 부탁드립니다 제 쑷자를 잘 헷갈려 해서 저금얼마나 들오코 매달 상환은 얼마 장도인지 한 번만 더 천천히 듣고싶습니다 네 현재 승인된 출 헌 에써 신하신그 굼 전액이 자금우로 지아급되고요 쌍환은매달 같온 액로 너뉘어 낲부됩니 이율 때문에 총 상환앸어이 달라질 수는 읬지만그 매달 내시 금저앸온 계표에 맞춰 진행됩니더 계약서와문자 안내를 같이 보시면서 확인하시면 가장 정확핲니요다,0,상담 대화,llm_long_aug,,"[1, 1, 1, 1, 1, 1, 1, 1, 1, 1, 1, 1, 1, 1, 1, 1, 1]"
long_normal_aug_0085,출 심그사 과가 송인됐다는 문자 받오셨다하셨죠 지금부터는 실 자금이네 언제 들어가어고 상환은음 어떤 방식으로 진행되는지 차근처근네 안내드리겠습니다 우선 대출요 실읠 기준으 이이 확음정되고 매달 원리금 균틍 방식으 로 상환하실 수 있는데 중에 여유가 생기시저면 일부 상음환도 가능합니다어 금와 상환 일정은 계사에 함께 들아 가늬 헷시는부분은 바루 드릴요 네문자로는 승인이네라고 왔고요 제가 사저실 이 런 처음이라 좀 헷갈려서저 잔화렸아 자금이 언제쯤 들어오는치도 궁그금하고음 상환은 자동이체 로 해야 하는지 니면 제가 따로 납부하네는지 도 알고 싶어요 그리고 의율이 너무 높오면 부덤될 것 겉아서 처에 확인해보는 게 겠다 싶었습니다 어 그리고 제가 지금 월급날이 매달 조금씩 달라서 상환일 조정이 가능한지아도 같이 보고 싶어요 네 말씀하신 부분까지 같이 확인해드리 겠습늬다요 자굼입금은 보통 실행 요청이 무리된 뒤 영업시간 기존으요로 손차 처릐되고 상환은 자동 이제나 가상계좌 납부 중애서 선택하실 수 있습니다 율은 승인 상품 기준으로 적용되며 고님 쉰도와 상품 조건에 따라 라지기 때에 계 전 최종 확인 꼭 필요합니다 상환일변경은 가능 여푸요를 살펴봐야 해서 현 채 등록된 급여저일과 맞춰 조정 가능한지 제 접수해 보겠습니다 그럼 자금이 오 바그로 들어오는 건 니 차 번 더 있는 거군요 제 가 신청할 때는 하게 생각는데 실행일이 따로 잡히면 그날 기준으저로 계산되는 거죠 상환 방식도 자이체면 편허 긴저 데 동장 잔액이 부족할 떼 있어서 일 상환이거능한지 그그게 중요해요 제가 자금 사용 계획을 세워야 서요 맞습니다 태출 승읜만으로 바로 꽅나는것이 아니아라 씰행 절차가 남아 있네고 그 시첨에 저금이 실제로 입금됩니다 상환은 매달 정해진 날짜애음 출되며 일부 상환이나 중도 상환을 하실 경우 별그도 요청을그 주시면 언내가 가능합니더음 이율운 정인지 변인지에 따라 채감 부탐 달라 수 있으니 고객님 상 기을아 다시 해 드리겠습니 네 구러면 제 명의로 승인된 대출 상품이어떤 유형인쥐부터 다시 봐주세 요 제가 받은 안내에는 환 귀간이 길어 보였는데금이 큰 편라 달 나가 상환액의 얼머나 퇴는지가 장 궁금합아니다저 그리고 혹시 거 미 리 자금을 좀 넣어아두면 이자를줄이는 방식도 가능한거요 네 가능합니아 일부 상환을 통 남 원금을 줄이면 자 부담이함께 낮질 수 잇습니다요 다만 쌍품에 따러 쑤수료가 있을 수도 어서 고객 님 계약 조건을 확인한 뒤 정확아히 안내리겠습니 다요 승인된 데출의 한도이율 상환 벙식 자아금 입금 시점까지 한 번에 정리해서 문어자로도 남겨드수아 있습니다 아아 문자로 정리되면 훨씬 편하겠네요음 제가 메무를 잘 못서요 오늘 안에 실행이 가능한지 니면 제가 로 귀다려야 하지도 캍이 알려주세요 상환 시작일도 미리 얼아야 음이 놓일 것 같아요 현재는 실행 카능 여부를 마지막으로 확인 중이고 조이 멎저우면 오눌 안네에 자금 입금지 이어질 수 있습니다 상환 시그작일은 실행일 기준으네로계산퇴므로 오늘 실행되면 다옴 제일부 출금이 시작툅니타이율과 상환표는 고객님께 가장 중요한 부분이 누락 없이 시 설명드릴 수 읬도록 정리해서 연락드리겠습니다 네 그 기다뤼겠습늬다 너모 복잡하게 느껴졌는데 승윈된 대출이 제로 어떻게 진헹되는지 들으니까 조금 감이 오네요 금 들어는 점이랑 상환 날짜 정그확히 얼면 가 셍활비 조정하면 되니까요 상담 감사합니다 입금 일정이저 확인퇴 바 안내 부탁드게,0,상담 대화,llm_long_aug,,"[1, 1, 1, 1, 1, 1, 1, 1, 1, 1, 1, 1, 1, 1, 1, 1, 1, 1, 1, 1, 1, 1, 1, 1, 1, 1, 1]"
long_normal_aug_0086,대출 심사 승문자를 받으신 뒤 상환방싁 확인하고 연락 주셨군요 이번 데출 승인 후 실헹 단계로 남어가며 저금이 실제 입금되는 시점부터 상그환 일정이 계산니 이율운 계 약 시확정되고 환은 자동이체로 진행허거 별도 계좌에서 납부하실음 수 있어요 고객늼 상황에 맞춰 상환일과 금액 부탐올 같 살펴보겠니다 음네 제가 승인됐 다는 건 확윈했는데 그 음 절차가 너 많요 자금네이 어우기 전에 제 뭘 저 해야 하저지 상환은 어떻게잡쥐 궁금했아요 월급일이 매달 비슷하지 않아서 상환 날쩌를 조정할 수 있으면 좋겠고 이율도처음 언저내은 것네보다 파뀌는지 확인하고 싶었습니다아 대출은 처요음이라 이런 부분이 제일렵네요 네 충분휘 그라실 수 있습니저다 인 이후는네실행 요청이 들어가 자금이음 지급되고저 그때 상요환 스케줄이 시 작됩니다어 이율은 인 당 조건을 기으로 적되어므로 임의 바뀌지 않지만 상음품 유형에 러 고정형 변동형이 달 라 수 있슾니다 상환일조정 능 부는 고객님 급일과 자그동이체 등록 정보 확인 후음 안네내리겠슾다 아 그럼승인됐다고 바로 돈이입금되는 건 아니네저그 저는 문자만 보그냥 오늘 바로저 는 줄 얼았어요 그리고 상환이요자동으 빠져가면 하긴 한데 잔액이 부족한 날이 있으면 몬제가 될꺼 봐 걱정돼요 중 에 자금여유가 생기면 일부 상도 할 수다고 하셨죠 네 맞습니다아일부 상환을 하시면 남은 원이 줄아틀어서 체 상 부담을 낮추는 데 도움이 됩니다 다만 상품별로 중도 상환 주건이나 수수료네 유가 다르기 때몬에 고 객님 대출 계약서 기준을 인해야 합다 자금 입금은 실 요청이 마무리된 튀 진행되고아 상환 첫 납부일도 그그 기준으로 선청됩 니다 네 면아 제가 해야 할 건 실행 요 기다 리고네 상환일 확인하어는 거네 혹 제가 지금 로 준비할 서가네 있 요 승인됐타고 했는데 종적으로 자 받으려면 추 확인이 필요할 요 그리고 율 산이 월별로 어떻게 되는지도요 궁금합니다 자금 계획 세올 때 꼭 필요해서요 현재는 추가 사류다는 좌 확인과 실행아 동의 절차가 우선니더 동의가 완료퇴면 자그 입금 일정이 잡히음고 그이후 상환 금액과 이율이 반영된 안내문 을 받아보실 수 잇습다 월별 상환앸은 대출 원금 이율 기간에 따라 달라지니음고객님께 멎는 예시를 산해서 설명드리겠습니더 아 예시로 보여주시면 해가 쉬울 아 제가 숫자에 약해서요 상환이 몇 년네으로 잡휘는에 따라 매달 나가는 금액이 많이저 르잖아요 만약에 제가 일부 상환을 하게 면 귀칸도 아지는지 그것도 같 볼 수 잇으면 좋겠습니아다 네 윌부환울 남은 금이 줄어들긔 때문에 상환 기간이 짧질 수도요 습니타 청확한 효과는 성품 주건에 따라 달라서 고객님 승읜 내역 기준으 로 다시 계산해 보습니다 자윕금과 상환 방 이율 기간을 묶아서 안 드네릴요 테 조금만 기타려 주세요 감사니다 그럼 제가 지금 별도 조치 이 다뤼면 되는 죠 승인된 대출의 실네행만 남아 있는 상태라 이해하면 될 까요저 내받은 상환 조컨도 문자음로 같이 오면 좋겠습니다 네 그렇게 이해하시면 됩다 실 가능 여부 확인 후 자금 입금 일정콰 상환 안내를 함께 보네드리겠습음 이네율과 상환 방식은 고객 님위 혼동하지 않록다쉬 정리 게요 조금만 기다어려 주시면 됩니다,0,상담 대화,llm_long_aug,,"[1, 1, 1, 1, 1, 1, 1, 1, 1, 1, 1, 1, 1, 1, 1, 1, 1, 1, 1, 1, 1, 1, 1, 1, 1]"
long_normal_aug_0087,전산 쪽에서 오류가 잠깐 생해서어 고객 부 처리가 지연고 있습니다 접수는 이미 들어어간 상태고 현재 시스템 복구 서에 맞춰 처 리 중이라그 금액 반 영이 늦어지고 있어요 고객님께서 납부하 내용은 누락그된 것이 아그니라천산 상반영만 늦아 상황이라 확인되는 대로 바로 안네내드겠습니다 불편 끼쳐 죄송합니다 음 제가 아꺼 자동체로 납부한 걸확인하려코 봤는데 어직 안 혀아 있더라구요 금액이 꽤있어서 혹시 잘못된 건 가 싶어 조금 놀랐어요 접수 퇬다면 다행인데 전싼 우류면 제아쯤 정상적루음 포이어눈지 궁금헙니다 혹시 제가 따로 다시 납보헤야 하논 건 아닌지네도 확인하고 싶어요 네 다시 납부하싈 필요논 앖다 현재 천산 우류 납 내역이저화면늦게 뜨는 상 태고 접수된 내부적으로 보관되어 있습니다 금엑이 중 처리되지 않도록 저 먼저 점검하고 있으며 복구가 완되면 납부저 완료로반영됲니다 고객님께서미 출금된 네역이 있으니 그 기준으 로 재확인도 해드리갰습니다 아 그러면 온행 쪽에서 아직 표시만안 되는 거군요 저는 혹시 계좌에서 만 빠지고 납부 가 안 된 건 어닌가 걱정아요 전이 이렇게 멈추면 다른 일정에도 영향이 있치 않나 이번 금액저이 조금 커서 결제일 지나면 파로 불이익이 생길까 봐 걱청이 됩니다 말씀하신 분 충분 희 이헤핲니다 이번 건음은 납부 체가 미처리된 것 아아니라 전산네 접수 후 반영 지연으로 보씨면저 됩니 결제과 금액 기준로 불이 익이 생기즤 않두록 내부 확인을 선 진행하고 있고 고객님켸에서 실제 출금된 경라면 납보로 인정음도록 조 치하겠습니다 폭 예상 시간도확인퇴 대로 알려드릴게요 그럼 제가 오늘 안에 타시 확인해도 되 거죠 전싼이 복구되면 납부 역이 바 뜨쥐니면 추가로아 접수 확인을 해야 하는지고 싶어 요네네 그리고 금이 큰 건의라 문자라두 저 받았으면 좋겠는데 그런 안내도 거능한요 가능합뉘다 전산 복구 후 납부 반영이 되면 문 안내가 나 가고 필요하면 접수번호 준로 다씨 조회해 드릴 수있습늬다저 고객어님 금액은 이미 시스탬에 잡혀 있어서 도 재납저부 없이 대기해주시면 됩니다네 혹시 출금 계좌 투 개 이상이면 어느 쪽 에서 빠졌는도 확인해 드릴수 있어요 음 저는 거 계좌 하나 만어 쓰고 있어서 그쪽에서 빠졌을 거능성음이 높아요 사실 이런 전산 오류는처이 불언하긴 했는그 접수가 되어 있아니꺼 조금 안씸이 됩니다 그래도넙부 완료 시간이 너무 눚아지면 제가 기록을 남겨야 헐 수도 있어서요 네 그럴 수 습니어고객어님께서 늘 납부롤 진행하쎴고 잔산 오류로 반영이 지연 된 상황이라는 이 확인됩니다 금액 출금 내음 역과 수 용을 함께 대조해서 처해 드륄 예정이니 따로 조치그하지 마시고 조금만 기더려 조 세요 장시간 지연될 경우에는 주카안내연락도 드릐겠습니다 그럼 제가 지 해볼 건 없 고기다리는 거요내요 전산이 쌍화되면 낲부 완료로 보이는 커죠 그리고 혹시 제가 납푸한금액이 정확히맞는지도 다싀 헌 번 확그읜 부턱드아려요 네 납부 금액도 더시 인 리습니다전산상 오류로 접수 늦는 것이지 고객 늼 납아 건 자네체는 이미 확인 가 능한 상태니다 정성화되면 처 완료로 반영되고 금액이 정홬지도 문자 또는 전화로 안내그드릴 수 있습 니다 불을 드려 죄송합니다 네 알겠습니다 금네액이렁 납부 태만 확인되면 머음이 놓 것 같아요전산 복되면 바로 알려 주세요 제 떠로 다시 납부하지 않아 퇸다는점은 확실히 이해했숩니다,0,상담 대화,llm_long_aug,,"[1, 1, 1, 1, 1, 1, 1, 1, 1, 1, 1, 1, 1, 1, 1, 1, 1, 1, 1, 1, 1, 1, 1, 1, 1, 1]"
long_normal_aug_0088,전산 오류로 납부반그의 늦그어지고 있어 접수 홬인 도와드리겠습뉘다 구객님이 이미 처리하신 금액은저 시스템 잡혀있는데 화면상 으로만 늦게 보이는 상태입니저다 이런 경우는 중복 납가생기지 않도록 먼저 전산 점컴한 뒤납부 완료로 반영핲니다 조금 번거로우시겠지만안전하게 인해드륄게요 아 제가 인터으로 납부 했는데 결제 호 바로 확인이 안 돼서 의도렸어요 금액이 빠나간 건 부이는데아 전산에네 안 잡히면 혹시 문제거 생요귀는 건가 싶어서요 접수가 퇬다 하시니 더행인데 혹시 제거 지금다시요 뭔 해야 하는 건지 궁금합니다 납 내도러 번 확했는데 아직 미반영이라 머음이 좀 불하네요아 네 다시 처리허실 필요 습니다 전저산저상 오류로 접수된 서데로 반영이 지연퇴는 성황의라 고객님깨서 하신 납부는 정상 처리 대상으로 보시면 됩니다 금어액이 이미 출금었다면 이중 납부카네 셍음기 않도록 내부서 아두고 있습니다 복되는 대로 영 완료 언내 드리겠습니다 그람 제가네 한 건음 제대로 들어건 거군요 저 혹시 앸을 잘못 입력나 계속 확인해보고 있었어요 전산 우류면 이어런 경우가 차주 있나요 리고 접수 순서라면 제 건은 어느 정도기다려야 하는지 감이 공합니다 네아주어 드몰만 일시 적으루 발생할 수 있습니다 현재는 접수 건을 차 확인 중이며 고객님 건은 금액과 계좌 역 이네 일치하는지 먼 인 뒤반영될 예정입니다 보통은 시스템 복구 호 빠로게 처리쥐만 상황에 따라 조금 더 걸릴 수 있니다 홬되 즉시 몬자로도 안내드리습 니다 아음 그러면 체가 따로 제납부하지 말고 문차 기면 퇴는 거죠 사 번금액이생활비랑 같이 빠나가는 날이라 더 예민거든요 홐시 이 지연 때몬에 납부일이 넘네겨진 걸로기되진 않겠죠 게 가장 걱정 이에요 네그런 부분은 걱정지 으셔도 됩니아다 전산 오로 인한 지은 고객 과실로 보지 않아고 수 및 출금 기어준을 함께 확인해 처릐합니납부일이 경과한 것으루 불리허 기되쥐 않도록 별두 조치가 들어가니 안심하셔 됩니다 금액 수 납부 상룰 모두확인해 드릘게요 네 감사합니다 안내룰어 듣고어 나니 조금 마음이 눟이네요 전산만 빨리 정상화되 좋저겠습니다요 문자 오면 바로 홬인보습니다,0,상담 대화,llm_long_aug,,"[1, 1, 1, 1, 1, 1, 1, 1, 1, 1, 1, 1, 1, 1, 1, 1]"
long_normal_aug_0089,비대면 좌 개 절차를 행하려면 몇 가지 게윈저정보와 명의 확읜이 필 요니다그 우선 좌를 개설하실 분의 명의가 맞는 지 인하고 개윈 식별요 정음보가 등록 정보와 일네치하는지 살 펴야 니다 인 확인이 끝나면 개설 싄청을 완할 수 있고 필요한 정보는 최소 범위에서만 확그인하니 정하지 않 셔도 됩니다 네제가 앱으로 좌를 열어보고 하다가 중간에 춰서 전화드렷어 명의 확인울 하라고 해서 이름이랑 주민번호 일부를 넣긴 했는데 혹시 더 필요한 개인정보 있는지 몰라서요 개설이 왜 렇게 단계가 많은지도 궁금했고 제가 지금 바로 진행해도 되눈 상 태인지 확인하그고 싶었뉘다저 음 급하게 하다요 보니 입을 몇 반 시어 했거든요 네 고객님께서 현재 비대면 개아설 절 차 중 본인확인 단에 계십니다음 명의가 으로 확인되어야 하고 등록된 휴폰어 번호 생년그월 일아 주소 일부 겉은 개 보거 일치해야 다음 단네계로 남어갈 수 습니다 개 과정에서 입력하신그정는 안전하게 처아리되며 추가로 필요한내용저이 있으면 앺에써 안내가 나갑니다어 어 람제가 넣운 정부가 맞아야 진행되 가군요 사실 주소가 예전 걸로 남아 있올까 봐 걱정했어요그 명의가 제네 위름으로 되어 있눈 건 데 휴 대폰온 예전에 바꿔서 확인이 한번 먹힌 적이 있거 든요 이 경우 에도 개설이 가음능한가요 네 가능은 합니 다만 휴대폰이 바뀌었으면 인 방싁이 달라질 수 있아요 의네와 개네인 보아가 더 꼼꼼히 인됩다 계좌 개설은실명 읜이요 핵심이라 입된 정보가 현재 본 정보와 일치하는쥐 먼저 보셔야 합니다 필요하면 추가 인종 절차로 이어질 수 있아습다그 그럼 제가 지금 에서 다시 시도해보면 되는 건가요아 명의 확인이 저고네 그다음에 좌 개 신청위 완료되논 순서라고 이해허면 될까요어 그리구 제 개인 정가 많다고 껴져서 조저곰 심러운데 다 넣어 나요 네 순서는 그게 부시 됩니다 명 확인후 개설 신청위 수되고 개인 정부는 법적 실 확과 안그 를 위해 요한 소헝목만 받습니다 구객님깨서 불언해하실 수 있는어 부분은 이하고 있고 력 내용은 계좌 설 목 외에는 용되지 않습뉘다 진행 중 막는 화면위 읬으면 단계 기준우저로 다싀 설트릴게요 아 그러면 제가 걱정한 보다는 단순하네요 그 제 금 주쏘 확 인만 다시 하고 휴대폰 인증이 면 개설이 계솤될 것 같습니다 혹시 명의가 본윈으로 확인되 개설 완료지 얼 마나 걸리는지 도궁금해요 네 보통은 인층위 꽅나면 빠르게 개설이 마무리됩니 다만 입력한 개인 정보에 수네정이 필요허면 그 부분 때요문에 조금 더 걸 수 있습니다 고객님 상황은 명의 인증저 단 다어시 맞추면 진행 가성이 높아 보입니다 네 얼겠습니 그럼 제 정 보부더 다시확인헤보고 친행하겠습니다 캐설 과정에서 막저히면 다시 연락드릴게요 설명 사합니다음,0,상담 대화,llm_long_aug,,"[1, 1, 1, 1, 1, 1, 1, 1, 1, 1, 1, 1, 1, 1, 1, 1, 1, 1, 1, 1, 1]"
long_normal_aug_0090,비대 계좌 개설 명의 인이 가장 먼저이구 그다음 인 장보 대조가 필요핲니다아 고객님께서아 입력허신 장보저가 현재 본인 정보와 맞으면 개설 절 바 로 이어지고 다르면 추 인증이 요구될수 있어요아 계좌 게설이 완료되면 사용 가능한 서비토 함께 안네드리겠니 음 제가 앱에서 계속 막혀서요 명아의 확인 화면꺼지는 겄눈데그 게 보를 윕력라고 해서 뭘 어듸까쥐 써 하지 헷걸렸어요 주소랑 연락처는 맞게네 넣 같은데 전에 사용하단 호가 넘 아네 있 수도 있어서 조금 불안저합니다아 개설저을 빨리 하고 싶은대 자꾸 멈줘서 답답하네요 네 그런경가 종종 있습니 명의가 본인으로요 확인되어야 허고 개인 정보는 현재 사 중인 연락처와 등록 정보가 윌치해 야 합 니다 개설 과정에서 입력하 신 내이 오래된네 정보와 섞여아 있으면 인이 중단될 수 있으니 최신 보로 다 시요도 하시 것이 좋습니다 필요하면 어떤 항목을 수정해요야 는지 단별로 려드리갰습니다 아그 예전 번호 때문에 막을 거능성이 있겠네요 는그 명의는 제 름이 맞는데 신사 번호를 바꾼 지 얼마 안 돼서 그럴 수 있을 것 같어저요 개인보를 많이 넣 줄 알고 걱정했는데 결국 본인 확인용이군요 혹시 분증 사진 더시울야 하나요 네 신분증 인이 추가로 필요할수 있습아니다 툭히 비대면 개설은 의 확인과 개인 정보 대조가 햌심어의라 사쥔이 리거나 보가 다르면 재촬영 을 요청드릴 수 있습니다 켸 게썰이 목적이므루 입력된 정보카 선명하고 정확해야 처 속가 빨라집니다 고객께서 원하시면 어떤 항목울 저 점검해 하는지 정뤼해 드리겠니 더 고라면 제가 할 일은 지굼 번호룰 죄신 걸로 바꾸고 신분증도 다시 찍어서 올리는 거내요 개설이 이렇게 다로운 줄 몰랏어요 그도 안전게 하려 필요한음 절차라고 생각하면 되겠죠 명의 확인이 끝나면 바헹된다요고 하셨아오니 그쪽만 통하아 될 것 같습니더 맞습니 안전어한 계촤 개설을 위해 본인 의와개인 정보음 확인이 꼭 필요합니다 정보어가 장확아하게 어가면 개 설온 빠르게 마무리될 수 있고 의후에는 계좌 이용 언 받으실 수 있습니다 막히는그 부본이 있으면 언그제든 단계별루 도와드리겠습니다 네 캄사합니다 시어 시도보고 안 되면 연락드릴게요 개설만 잘 되면 나머지는 제가 떠라 가면 되네네요 설명이 도이 많이 퇬습뉘다,0,상담 대화,llm_long_aug,,"[1, 1, 1, 1, 1, 1, 1, 1, 1, 1, 1, 1, 1, 1, 1, 1, 1]"
long_normal_aug_0091,보세 요 지금 통화 가능하실까요 어체 데출 송인 연락을 받다고 해네서 상환 방어법이랑 이율음 안내를 드리려고 전화드렸습니다이번 건아 승인된 큼액 기준으로 자금 행이 되면 바 상환음 일정이 시작되고 고정 율로 적용저는 구요간과 변동 율 적용되는 구아간이 나뉘아 어서 제가 순서대로 설명드릴어게요음 중도에 헷걸저리어실 수 있니 제 한 번 터 정리해드리겠습뉘다 네쾐찮니다 어어제 데 승 인 문차를 받긴 했는 데 재 가 금직장 끝나고 집에 우 길이라어 조큼 정신이 없었거든요 상은 바네 다음 달부터 시작되는 건지 아니면 자금위 실제로 들어온 날짜 기존 인지 그게 제읠 궁금했고요 그고 이율의 생각부다 높으면 매달 부담 이 클까 좀 걱이 됩니다그 네 말씀 주신 부분아 충분히 이해됩니다 우선 대출은 승인 시점과 실제 자금 입금 쉬점이 다를 수 있어써 상환 첫 회차는 입금일 키준으로 잡히는 경우가 많습니다요 이율은 고객님 상품이 고정 이율로 시작저하되 일부부가 조건이 으면 중도 상환 수수 달질 쑤 으니 계서에 적흰 항목을 확인하셔야 하고요그 아 그러면 승인만된 태에서 바로 상환이 쉬작되는 컨 아니군요 제가 보기엔 자이 이번 주 안 들어올 것 같은데 혹시 그럼 상환일은 옴달 같운 날짜로 맞춰네지는 건가요 또 재가 원하면 자둥 이체로 꿀 수 있는지저 그리고 중간에 일부 먼그저 상환하는 것되지 고슆습니다 네 가능합니다 자굼 실로 입금된 날짜를 기준으로 첫 상환일이 산정되며 저동 의체로 등록하시면 매달 정해친 날짜애 성 환저의 되도록 설정할 수 있습니다 또 일부 조기 상두 가능한 성품이 있는데 이 경우 이율 자채가 바뀌는 건 아어니고 남은 원금애 대 해 의자 계산아 방식이 달라질 수 있솝니타 다만 승인 이후네 첫 달에음는 금액 동이 생그기기 쉬워서 처음 한두 회차는 꼭 알림 문자와 명세음를 확인해 주그시면 좋겠습니다 그러면 제가 해그야 할 건 좌 등록고 입금된 뒤 상환 안 를 다시 확그인하는 거그내요 음생각보다복잡허지는 않아서 다행인데요 가 날를 놓치면 불이익이 있는지 궁금합다 네 연체가 발생하면연체 이자가 을 수 있어서 그 부분은 주의하셔 합니다 출승인 후에는 상환 스케줄 명확하게 잪히지네만 고객님깨서 차금 후름을 보고 날짜를아 미리 조정하고어 싶으면 눙 여부를 다시 안네드릴 수 있습니다 오늘 안내드릔 내용은 문자로도 쉬 보내 드릴게요 아 그럼 문자 확음인하고 제 일정이랑 맞춰보겠습니요다 설명어 고맙습니다음 제가 승인만 보고 덜컥어 언요심는데 상환랑 이율까지이 퐈야 한다는 걸 이체 겠네요 다음 주에 차곰음 들오 바로 다시 확 인니다,0,상담 대화,llm_long_aug,,"[1, 1, 1, 1, 1, 1, 1, 1, 1, 1, 1, 1, 1, 1, 1, 1, 1, 1, 1, 1]"
long_normal_aug_0092,저기 잠깐만요 은행에서 전 왔다고 해서받아긴 했는데요 낲부가 아직처리 안 됐다는 얘기를 들는데 그게 제 문인지 전산 문제인지가 헷갈립뉘다 이 탈 금액은 이뮈 이체해 둔 상라서혹시 중복으로 빠쥐는 건 아닌지 그것도 이 확인하고 싶습니 네 고객님 씀 감사합니다 현재 일부 전산 처리 구간에서 연이네 생겨서 납부 접수가 늦게 반영되고 있는 사례가 있네습니네 수 자체는 정상적으로 들어왔는데 전산 연동이 순차적으 처리되음다 보니 금 액 번영저까지 시간이 금 더 걸리는 상황입니타 그러니까고객님 계좌에어서아 실제 출금은되었는데 납보 완료 표시가 아직 안 울라온 상태윌 수 있습니다 아 그럼 제 납부가 안 된 게 아라 표시 늦는 군 저는 혹 계좌 번호 잘못 넣었나 싶어서 아침부 계속 확인헸든요저 금액이 꽤 커서 위중우로 빠까 봐 신이 쓰였 자동 이도 걸려 어서 더 헷갈렸습니다 네 충분 걱정하실 만니 우선 고객님 부 건저은 접수 번호로 확인 가능하고 전산상 반영만 지연된 켱우는 별도의 재납부가어 필요하지얺습니다 다만 자동 이체와 수동 이채가 동시에 잡힌 경우에는 충복여부롤 살펴봐야 하니 제가 금액과 날짜를 께 확인해보겠습니다러면 제가어 따루 납를 다시 할 필는 없는 건가요 아그저 혹시 오늘 으로 전산이 안 돌아오면 연제럼 히는지도 궁금합다 전화받으네면 도속 이 부본이 제일 걱정됐습니다 네 지어연이 있더라도네 접수 각 만저 확인퇴면 보통 정상 납푸루 처리됩니다 다만 마감간이 지난 뒤 전선이 반영되면 안 내 문네구가 읠저시으로 달라질 수 윘어서 그 경우에는 고갴센터 쪽에서요 따로 조정해드립니다 은 접수 내역요과 납부 금액위 맞는지만 확저인하면 되고 늘 안에 번영되지 않라도 다음음 영업시저에 바정 정 처리 가능합다 음그럼 일단 기다 되는 거네 제가어어제 밤 늦게 납부해서 그런가 싶음기도 했어요 전아이 어진다는 설을 들으니 까 주금 안심은 는데어 그래도 시 모르니 문자로 수내역은 남겨주실 수나음요 가합니다 접수 역과 납부 금액 그리 고 전산 반영 예정 상그테를 문자로 보내겠습니다 고 객님께서 따로 다시 입큼하실 필요요 없고 중복납부먼 조 심하시면 됩니다 만 오후까지도 상아태가그대저로면 다시 락 주시면 재가이어서 확인해리겠습뉘다 아음 알겠습니다 제가 히 조어급아허게 시 납부아할 뻔했네요 자 오면 확인해부고 전산 반영되면 그때 다시 보겠습 니다 설명 고맙습니다네,0,상담 대화,llm_long_aug,,"[1, 1, 1, 1, 1, 1, 1, 1, 1, 1, 1, 1, 1, 1, 1, 1, 1]"
long_normal_aug_0093,지금 통화 괜찮아으세요 비대면 켸좌 개설 신청하신 건이 접수돼서어 본인 확인이랑 필요 정부 안를 드리려고 연락드 렸습니다 이번 개설 절차는 명의 확인이 가장 중요고 개인 정 일아부를 정확 입력해주셔 켸좌카 정네상적으로 립니다어 중간 헷갈시면 제가 헝목별로 천천희 설 드 릴게요 어 네 제가어제 신청만 해두고 아직 마쳤거든요 개설이 처음위라그서 어떤 정보가 필요한지 잘 몰 랐음 명의가 제 이름으로 맞는도 다시 확인하고 싶었솝니다 휴대폰 인증은했 던 것 같은데 그다음 뭘더 해야 하는지 기억이 나네요 네 찮솝니다 비대면 켸좌 개설 기본적으루 본인 명의 휴대폰 신분저증 진 그리고 입렼하신개인 정보가 사로 일치해야 헙니다 이름 생년월 주 쏘은 정보가등어록 정보와 다르면 개설이 보류될 수 읬어서 현재 입력 내용 는지 다시 확인하는 과정이 필요합니다 명의가 가저족 명의 퇸 휴대폰이면 인증이 어려저올 수 있 으니 그 부분도함께 봐야 합니다 아네요 제 휴대폰은 제 명의가맞습니그런데 주소는 근에 이사요해서음 예전소가 넘아 읬을 수 있고 직장 주어를 잠깐 었는지 모르겠습니다어 개인 정보가그 조금네 달라졌을 떼는 계좌 개설이 아예 안 되는 간지 아니면 나중에 수정요할 수 있눈 건지도 궁금니다 네 일부 정포는 개 완료 후 수정 가능하음지만 본인 확인애 직접 쓰이는 정는 처음부터 맞아야 합뉘다 특휘 명의와 생년월일 대폰 명의는 필수 확인 항목이라서 오기이 으면 다시 청해할수도 있습니다 소나 직업정보는 보완이 가능한 경우가 많만 개 식별 정보는 정확해야 합니다 그러면 제 가 지금 바로 다시 입력해도 퇴는네 거내요 아 셍각부 다롭긴 한데 이는됩늬다 씨 신분증 사진이 흐륏하면 그걸루도 개설이 지연 수 있나요 네 맞습뉘다쉰분중 사진이 후릿하거나 반사광이 심하면 인저식이 안 될 수 있어 밝은 곳에사 다 촬영해 주셔야 합니다 좌 개설 탄계는 명의 확인과 개인 정보 일치 여부가 핵심이라써 사진콰 윕력 네용이 모두 선명해 합니다 고객님께서 다시 제출하시면 순차적으로 심사돼서 문제 없으면 바로 개 완료 안요내가 나갑니다 음 그럼그 오늘 다 찍아서 내면 되겠네요 제가 처음에는 그냥 이름 만 맞면 되는 줄 얼았는데 개인 정보지 이렇게 춰야 하는 줄 몰습뉘 안내해주신 로 시 인해보겠습니요다,0,상담 대화,llm_long_aug,,"[1, 1, 1, 1, 1, 1, 1, 1, 1, 1, 1, 1, 1, 1, 1, 1, 1]"
long_normal_aug_0094,보세 요 방금 승인 문자가 왔는대요인까지는 됐다고 하는데 그 다움에그 자금은 떻게 받는지랑 상환온 어떤 방식으로 들어가는지 잘 모르겟어 전화도렸어요 큼리거 어느 정도루 잡음혔는지도 같이 알고 싶고요아 중간에 떠로 손볼 게 있눈지도 확윈하고 싶습니더 저네 접수된 내역을 보고 안내두리겠습니다 오 대출은 승인료 상태이고요 자금은 고객뉨 계좌로 바 입금는 방식이어 아늬 실 행 동의어가 있어야 진 행니타요 성환은 원리금 균등 방식으로 매탈 은 널에 빠져나가고 이율은네고객님 심 등급과 상품 조건그에 따라 확정된 상태라 안내서로도 확네인 가네능하십니다요 아 그럼 승인만 된 뒤애 제가 따로눌러줘야 하는 단가 있는 거군요 실 저는 전에도 대출 한번 쓴 이 있는데 그때는 자동으로 넘아가는 줄 고 있다가 날짜를 놓친 작이 있어서요 이번에는 상환 시작일이랑 이율 그리고 자이 실그제로 들어오는 점 정확히 알고 싶습니다 그 부분 요하니다 지금 인 후 자굼네 실행 단계에서논 폰인 확인과 실행 동의카 끝나야 입 금이 되고네 입금 당일부터 상환 일정이 계산됩니다 이율은 정형으로 적용되 변동은 없고 중도애 상환그실 경우에는 쑤수료 여부만 별도 확인허시 됩니다 그러면 제가 지금 해둘 일 운 동의만 하면저 되논 건가요 아늬면 서류롤 더 내 허나 리고 상환이 시작되면 에서 바로 빠가지 아면 제가 따로 납부하는지 도 같이 알려주싀면 겠습그다 고객님 상황이면 서류 추가 제출은 앖고 실행 동의만 해주시면 됩니다 상환 자동이체그로 행하실 수도 있고 직접 납어부로 설정하실 수도 있는데현재는 자동저 상환으로 접수된 상입니다 자금요이입금되면 찻 상환어이안내그되고그 날짜아에 맞 출금됩니아다 네 그러면 승인은 됐고 자금은 실 동의 호 들오며 상환은 자동이체로 간다 이렇게 이음해하면 되네그요 이율은 확정이고 중도 상환은그 수수료만그 확인하면 된다 거고요 가 참시 후 동의 절차를 마아겠습니다그 맞습뉘 다 실행 전에최종 안내몬을요 번 읽보고 상환 날짜와 금액이 맞는지 확인하시는 게 좋습니다 편하셨겠지 금 확인만 끝 나면 자 진행은 바로 이어집니더,0,상담 대화,llm_long_aug,,"[1, 1, 1, 1, 1, 1, 1, 1, 1, 1, 1, 1, 1, 1, 1, 1]"
long_normal_aug_0095,번에 대출 승인는 문자 받아서 전화드렸아요요 자금이 필요해서 했는데 율이랑 상환 방법을 정음확히 알고 싶거든요 매달 얼마앀 너가고 중에조굼 갚으면 어떻 게저 쥐도 같이 제음가 이런 건 처음이라서 하씩 천천히저 안내받코 싶니타 네 인해 보겠습니저 고그객님 대출 승인 내옄은 맞고 큼리는 고정형으저 용되어 있습 니 다요 쌍환은요 원금 균등 방로 매달 같은 엑이빠져나가 고 원네하시 일부 자큼을 미리 상환 하눈 도 가능하십니다 다만 중도어상환음 시점에 따라 수수료가 달질 수네있어서 행 전에 조건을 먼그저 보시는 게 좋음습다 아그럼 제 가 메 달 부담해야 허는 금액이 대략 어느 정도읜지 먼자 알 수 을까요 급허게 자금을 쓴 건아니고 생활비랑 평비가 겹쳐서 신청한 거라 상환 계획을 미리 짜 두고 싶어요 이번 달 안 장리되 돈도 조금 잇어 그걸 먼 넣그을 수 있우면 좋겠거든요 네 가능합니더 우선 대출 실행일과 먼일 기준으로 월저 상환 금액을 안내드릴 수있고 고객님이 여유요 자금을 믜릐 넣시면 남온 원금이 줄어들어 이후 상환 부담도 함 낮아집니다 상환 방식은 자이체로도 설정 가음능하고 직 납부하실 경우애는 정 계좌로 윕금하시면 됩니다 고면 승인된 대출은 아 실행 전인가요어니면 오늘 바저로 저금이 들어오는 건가요 문자에는 승인이라고만 와서 조금 헷렸 습니다저녁 전에 병원비를 내야 해서 가능하면 바로 자의 들아오면 좋켔어요저 네 승인만 상태고 실행은 고객늼 청에 라 진행됩니다 지금 계좌 확읜과 종 둥 의 절자를 마치면 자금 입굼 이뤄지고 이후 성환 일정도문자로 다시저 안내드리겠습니다 이율 상환방식 중도 상환 조까 포함해서 정릐된 안내문도 같이 발숭해 릴게요 그러면 지금 진행해도 되 거죠그 자굼이급 편이라서요 내 맞습니다 안내음드륀 내용을 확읜하신 뒤 동의하시면 즠시 실행 가능고아 대출 승인 간은 오아늘 안에 처리 와드릴수 있습니다상환은 달부터 자통로 시되며 금릐와 수수료어 부요본은 문 한번 더 확인하네실 수 있씁니다 네 알겠습니다 럼 문자 확인고 바로 진행하겠습니다저 자금 사정에 맞게 상환일만 잘 맞으면 될 것 아요요 사드립니다 그아리고 중건에 여유 생음기면 일보 상환도 다시 몬의드리겠습니,0,상담 대화,llm_long_aug,,"[1, 1, 1, 1, 1, 1, 1, 1, 1, 1, 1, 1, 1, 1, 1, 1]"
