id,segment_risks,label,category,source
phishing_대출 사기형_1,"[1, 1, 1, 1, 1, 2, 2]",1,대출 사기형,original
phishing_대출 사기형_2,"[1, 1, 1, 1, 2, 2, 2, 2, 2, 2]",1,대출 사기형,original
phishing_대출 사기형_3,"[2, 2, 2, 2, 2, 2, 2]",1,대출 사기형,original
phishing_대출 사기형_4,"[1, 1, 1, 1, 1, 1, 1, 1, 1, 1]",1,대출 사기형,original
phishing_대출 사기형_5,"[2, 2, 2, 3, 3, 3, 2, 2, 3, 3, 3, 2, 2, 2, 2, 3, 3, 3, 3, 3, 3, 3, 2, 2, 2, 2, 2, 3, 3, 2, 2, 2, 2, 2, 3, 3, 3]",1,대출 사기형,original
phishing_대출 사기형_6,"[2, 3, 3, 2]",1,대출 사기형,original
phishing_대출 사기형_7,"[2, 2, 1, 2, 2, 2, 2, 2, 2, 2, 2, 2, 2, 2, 2, 2, 2, 1, 2, 2, 2, 2, 1, 1, 1, 1, 1, 1, 1, 1, 1, 1, 1, 1, 1, 1, 1, 1, 3, 3, 3, 3, 3, 3, 3, 2, 2, 3, 3, 2, 1]",1,대출 사기형,original
phishing_대출 사기형_8,"[3, 3, 2, 2, 3, 3, 2, 2, 3]",1,대출 사기형,original
phishing_대출 사기형_9,"[2, 2, 2, 3, 3, 1]",1,대출 사기형,original
phishing_대출 사기형_10,"[2, 2, 2, 2, 2]",1,대출 사기형,original
phishing_대출 사기형_11,"[1, 1, 1, 2, 2, 2, 1, 2, 2, 2, 1, 1, 1, 1, 1, 1, 1, 1, 1, 2, 2, 2, 2, 2, 2, 2, 1, 1, 1, 1, 1, 1, 1, 1, 1, 1, 1, 1, 1, 1, 1, 1, 1, 1]",1,대출 사기형,original
phishing_대출 사기형_12,"[2, 2, 2, 2, 2, 2, 1, 1, 1, 1, 2, 2, 2, 2, 2, 2, 1, 2, 2, 2, 1, 2, 2, 2, 2, 2, 1]",1,대출 사기형,original
phishing_대출 사기형_13,"[2, 2, 2, 2, 2, 2, 2, 2, 2, 2, 2, 2, 1, 1, 1, 1, 1, 1, 1, 1, 1, 1]",1,대출 사기형,original
phishing_대출 사기형_14,"[2, 2, 2, 2, 1, 1, 1, 1, 1, 1, 1, 2, 2, 2]",1,대출 사기형,original
phishing_대출 사기형_15,"[3, 3, 3, 3, 3, 3, 3, 3, 1, 2, 2, 3, 3, 3, 1, 1, 1]",1,대출 사기형,original
phishing_대출 사기형_16,"[1, 2, 2, 3, 3, 3, 2, 2, 2, 1, 1]",1,대출 사기형,original
phishing_대출 사기형_17,"[1, 1, 2, 2, 2, 2, 2, 2, 2, 2, 2, 2, 2, 2, 2, 2, 2, 1, 1, 1]",1,대출 사기형,original
phishing_대출 사기형_18,"[1, 1, 1, 1, 1, 1, 1, 1, 1]",1,대출 사기형,original
phishing_대출 사기형_19,"[2, 2, 2, 2, 2, 3, 3, 3, 1, 1, 2, 2, 3, 3]",1,대출 사기형,original
phishing_대출 사기형_20,"[3, 3, 3, 2, 2, 2, 2, 2, 2, 2, 2, 2]",1,대출 사기형,original
normal_상품 가입 및 해지_[수정]20210202 102125,"[1, 1, 1, 1]",0,상품 가입 및 해지,original
normal_상품 가입 및 해지_[수정]20210202 102230,"[1, 1, 1, 1]",0,상품 가입 및 해지,original
normal_상품 가입 및 해지_[수정]20210202 102337,"[1, 1, 1, 1]",0,상품 가입 및 해지,original
normal_상품 가입 및 해지_[수정]20210202 102451,"[1, 1, 1, 1]",0,상품 가입 및 해지,original
normal_상품 가입 및 해지_[수정]20210202 102605,"[1, 1, 1, 1]",0,상품 가입 및 해지,original
normal_상품 가입 및 해지_[수정]20210202 102718,"[1, 1, 1]",0,상품 가입 및 해지,original
normal_상품 가입 및 해지_[수정]20210202 102834,"[1, 1, 1, 1]",0,상품 가입 및 해지,original
normal_상품 가입 및 해지_[수정]20210202 102950,"[1, 1, 1, 1, 1]",0,상품 가입 및 해지,original
normal_상품 가입 및 해지_[수정]20210202 103224,"[1, 1, 1, 1]",0,상품 가입 및 해지,original
normal_상품 가입 및 해지_[수정]20210202 103342,"[1, 1, 1, 1]",0,상품 가입 및 해지,original
normal_상품 가입 및 해지_[수정]20210202 103506,"[1, 1, 1, 1, 1, 1]",0,상품 가입 및 해지,original
normal_상품 가입 및 해지_[수정]20210202 103714,"[1, 1, 1, 1, 1]",0,상품 가입 및 해지,original
normal_상품 가입 및 해지_[수정]20210202 103837,"[1, 1, 1, 1, 1]",0,상품 가입 및 해지,original
normal_상품 가입 및 해지_[수정]20210202 104004,"[1, 1, 1, 1, 1, 1, 1]",0,상품 가입 및 해지,original
normal_상품 가입 및 해지_[수정]20210202 104221,"[1, 1, 1, 1, 1, 1]",0,상품 가입 및 해지,original
normal_상품 가입 및 해지_[수정]20210202 104401,"[1, 1, 1, 1]",0,상품 가입 및 해지,original
normal_상품 가입 및 해지_[수정]20210202 104534,"[1, 1, 1, 1]",0,상품 가입 및 해지,original
normal_상품 가입 및 해지_[수정]20210202 104700,"[1, 1, 1, 1, 1, 1]",0,상품 가입 및 해지,original
normal_상품 가입 및 해지_[수정]20210202 104826,"[1, 1, 1, 1]",0,상품 가입 및 해지,original
normal_상품 가입 및 해지_[수정]20210202 104942,"[1, 1, 1, 1]",0,상품 가입 및 해지,original
normal_상품 가입 및 해지_[수정]20210202 105052,"[1, 1, 1, 1]",0,상품 가입 및 해지,original
normal_상품 가입 및 해지_[수정]20210202 105202,"[1, 1, 1]",0,상품 가입 및 해지,original
normal_상품 가입 및 해지_[수정]20210202 105305,"[1, 1, 1, 1, 1]",0,상품 가입 및 해지,original
normal_상품 가입 및 해지_[수정]20210202 105428,"[1, 1, 1, 1]",0,상품 가입 및 해지,original
normal_상품 가입 및 해지_[수정]20210202 105606,"[1, 1, 1, 1, 1, 1]",0,상품 가입 및 해지,original
normal_상품 가입 및 해지_[수정]20210202 111439,"[1, 1, 1, 1, 1]",0,상품 가입 및 해지,original
normal_상품 가입 및 해지_[수정]20210202 111603,"[1, 1, 1, 1, 1, 1]",0,상품 가입 및 해지,original
normal_상품 가입 및 해지_[수정]20210202 111734,"[1, 1, 1, 1, 1]",0,상품 가입 및 해지,original
normal_상품 가입 및 해지_[수정]20210202 111854,"[1, 1, 1, 1, 1]",0,상품 가입 및 해지,original
normal_상품 가입 및 해지_[수정]20210202 112137,"[1, 1, 1, 1, 1, 1]",0,상품 가입 및 해지,original
normal_상품 가입 및 해지_[수정]20210202 112301,"[1, 1, 1, 1, 1, 1, 1, 1]",0,상품 가입 및 해지,original
normal_상품 가입 및 해지_[수정]20210202 112447,"[1, 1, 1, 1, 1, 1]",0,상품 가입 및 해지,original
normal_상품 가입 및 해지_[수정]20210202 112613,"[1, 1, 1, 1, 1]",0,상품 가입 및 해지,original
normal_상품 가입 및 해지_[수정]20210202 112730,"[1, 1, 1, 1, 1, 1, 1]",0,상품 가입 및 해지,original
normal_상품 가입 및 해지_[수정]20210202 112901,"[1, 1, 1]",0,상품 가입 및 해지,original
normal_상품 가입 및 해지_[수정]20210202 113057,"[1, 1, 1, 1, 1, 1]",0,상품 가입 및 해지,original
normal_상품 가입 및 해지_[수정]20210202 113213,"[1, 1, 1, 1, 1, 1]",0,상품 가입 및 해지,original
normal_상품 가입 및 해지_[수정]20210202 113339,"[1, 1, 1, 1, 1, 1, 1]",0,상품 가입 및 해지,original
normal_상품 가입 및 해지_[수정]20210202 113518,"[1, 1, 1, 1, 1]",0,상품 가입 및 해지,original
normal_상품 가입 및 해지_[수정]20210202 113804,"[1, 1, 1, 1, 1, 1]",0,상품 가입 및 해지,original
normal_상품 가입 및 해지_[수정]20210202 113943,"[1, 1, 1, 1, 1, 1, 1]",0,상품 가입 및 해지,original
normal_상품 가입 및 해지_[수정]20210202 114112,"[1, 1, 1, 1, 1, 1]",0,상품 가입 및 해지,original
normal_상품 가입 및 해지_[수정]20210202 114235,"[1, 1, 1, 1, 1, 1]",0,상품 가입 및 해지,original
normal_상품 가입 및 해지_[수정]20210202 114405,"[1, 1, 1, 1, 1]",0,상품 가입 및 해지,original
normal_상품 가입 및 해지_[수정]20210202 114536,"[1, 1, 1, 1, 1]",0,상품 가입 및 해지,original
normal_상품 가입 및 해지_[수정]20210202 114654,"[1, 1, 1, 1, 1, 1]",0,상품 가입 및 해지,original
normal_상품 가입 및 해지_[수정]20210202 114822,"[1, 1, 1, 1, 1, 1, 1]",0,상품 가입 및 해지,original
normal_상품 가입 및 해지_[수정]20210202 114947,"[1, 1, 1, 1, 1, 1]",0,상품 가입 및 해지,original
normal_상품 가입 및 해지_[수정]20210202 115145,"[1, 1, 1, 1, 1]",0,상품 가입 및 해지,original
normal_상품 가입 및 해지_[수정]20210202 115258,"[1, 1, 1, 1, 1, 1]",0,상품 가입 및 해지,original
normal_상품 가입 및 해지_[수정]20210202 115444,"[1, 1, 1, 1, 1]",0,상품 가입 및 해지,original
normal_상품 가입 및 해지_[수정]20210202 115945,"[1, 1, 1, 1]",0,상품 가입 및 해지,original
normal_상품 가입 및 해지_[수정]20210202 120048,"[1, 1, 1, 1]",0,상품 가입 및 해지,original
normal_상품 가입 및 해지_[수정]20210202 120201,"[1, 1, 1, 1]",0,상품 가입 및 해지,original
normal_상품 가입 및 해지_[수정]20210202 120309,"[1, 1, 1, 1, 1]",0,상품 가입 및 해지,original
normal_상품 가입 및 해지_[수정]20210202 120415,"[1, 1, 1, 1, 1, 1, 1]",0,상품 가입 및 해지,original
normal_상품 가입 및 해지_[수정]20210202 120543,"[1, 1, 1, 1, 1, 1]",0,상품 가입 및 해지,original
normal_상품 가입 및 해지_[수정]20210202 120710,"[1, 1, 1, 1, 1, 1]",0,상품 가입 및 해지,original
normal_상품 가입 및 해지_[수정]20210202 120829,"[1, 1, 1, 1, 1, 1, 1]",0,상품 가입 및 해지,original
normal_상품 가입 및 해지_[수정]20210202 120958,"[1, 1, 1, 1, 1, 1, 1]",0,상품 가입 및 해지,original
normal_상품 가입 및 해지_[수정]20210202 121124,"[1, 1, 1, 1, 1]",0,상품 가입 및 해지,original
normal_상품 가입 및 해지_[수정]20210202 121240,"[1, 1, 1, 1, 1, 1]",0,상품 가입 및 해지,original
normal_상품 가입 및 해지_[수정]20210202 121409,"[1, 1, 1, 1, 1, 1]",0,상품 가입 및 해지,original
normal_상품 가입 및 해지_[수정]20210202 133023,"[1, 1, 1, 1, 1, 1]",0,상품 가입 및 해지,original
normal_상품 가입 및 해지_[수정]20210202 133144,"[1, 1, 1, 1, 1]",0,상품 가입 및 해지,original
normal_상품 가입 및 해지_[수정]20210202 133252,"[1, 1, 1, 1, 1, 1]",0,상품 가입 및 해지,original
normal_상품 가입 및 해지_[수정]20210202 133407,"[1, 1, 1, 1, 1]",0,상품 가입 및 해지,original
normal_상품 가입 및 해지_[수정]20210202 133524,"[1, 1, 1, 1, 1]",0,상품 가입 및 해지,original
normal_상품 가입 및 해지_[수정]20210202 133640,"[1, 1, 1, 1, 1, 1]",0,상품 가입 및 해지,original
normal_상품 가입 및 해지_[수정]20210202 133805,"[1, 1, 1, 1, 1, 1, 1]",0,상품 가입 및 해지,original
normal_상품 가입 및 해지_[수정]20210202 133931,"[1, 1, 1, 1]",0,상품 가입 및 해지,original
normal_상품 가입 및 해지_[수정]20210202 134037,"[1, 1, 1]",0,상품 가입 및 해지,original
normal_상품 가입 및 해지_[수정]20210202 134200,"[1, 1, 1]",0,상품 가입 및 해지,original
normal_상품 가입 및 해지_[수정]20210202 134254,"[1, 1, 1, 1]",0,상품 가입 및 해지,original
normal_상품 가입 및 해지_[수정]20210202 134445,"[1, 1, 1]",0,상품 가입 및 해지,original
normal_상품 가입 및 해지_[수정]20210202 134559,"[1, 1, 1, 1]",0,상품 가입 및 해지,original
normal_상품 가입 및 해지_[수정]20210202 134704,"[1, 1, 1, 1, 1]",0,상품 가입 및 해지,original
normal_상품 가입 및 해지_[수정]20210202 134825,"[1, 1, 1, 1]",0,상품 가입 및 해지,original
normal_상품 가입 및 해지_[수정]20210202 134932,"[1, 1, 1, 1, 1, 1]",0,상품 가입 및 해지,original
normal_상품 가입 및 해지_[수정]20210202 135102,"[1, 1, 1]",0,상품 가입 및 해지,original
normal_상품 가입 및 해지_[수정]20210202 140609,"[1, 1, 1, 1]",0,상품 가입 및 해지,original
normal_상품 가입 및 해지_[수정]20210202 140720,"[1, 1, 1]",0,상품 가입 및 해지,original
normal_상품 가입 및 해지_[수정]20210202 140829,"[1, 1, 1, 1]",0,상품 가입 및 해지,original
normal_상품 가입 및 해지_[수정]20210202 140940,"[1, 1, 1, 1]",0,상품 가입 및 해지,original
normal_상품 가입 및 해지_[수정]20210202 141041,"[1, 1, 1, 1]",0,상품 가입 및 해지,original
normal_상품 가입 및 해지_[수정]20210202 141201,"[1, 1, 1]",0,상품 가입 및 해지,original
normal_상품 가입 및 해지_[수정]20210202 141314,"[1, 1, 1]",0,상품 가입 및 해지,original
normal_상품 가입 및 해지_[수정]20210202 141415,"[1, 1, 1, 1]",0,상품 가입 및 해지,original
normal_상품 가입 및 해지_[수정]20210202 141527,"[1, 1, 1]",0,상품 가입 및 해지,original
normal_상품 가입 및 해지_[수정]20210202 141624,"[1, 1, 1]",0,상품 가입 및 해지,original
normal_상품 가입 및 해지_[수정]20210202 141730,"[1, 1, 1]",0,상품 가입 및 해지,original
normal_상품 가입 및 해지_[수정]20210202 141911,"[1, 1, 1, 1]",0,상품 가입 및 해지,original
normal_상품 가입 및 해지_[수정]20210202 142019,"[1, 1, 1, 1]",0,상품 가입 및 해지,original
normal_상품 가입 및 해지_[수정]20210202 142144,"[1, 1, 1, 1]",0,상품 가입 및 해지,original
normal_상품 가입 및 해지_[수정]20210202 142254,"[1, 1, 1, 1]",0,상품 가입 및 해지,original
normal_상품 가입 및 해지_[수정]20210202 142357,"[1, 1, 1, 1, 1]",0,상품 가입 및 해지,original
normal_상품 가입 및 해지_[수정]20210202 142509,"[1, 1, 1, 1, 1]",0,상품 가입 및 해지,original
normal_상품 가입 및 해지_[수정]20210202 142631,"[1, 1, 1, 1]",0,상품 가입 및 해지,original
normal_상품 가입 및 해지_[수정]20210202 142754,"[1, 1, 1, 1, 1]",0,상품 가입 및 해지,original
normal_상품 가입 및 해지_[수정]20210202 142917,"[1, 1, 1, 1, 1]",0,상품 가입 및 해지,original
normal_상품 가입 및 해지_[수정]20210202 143034,"[1, 1, 1, 1, 1, 1]",0,상품 가입 및 해지,original
normal_상품 가입 및 해지_[수정]20210202 143203,"[1, 1, 1, 1]",0,상품 가입 및 해지,original
normal_상품 가입 및 해지_[수정]20210202 143312,"[1, 1, 1, 1, 1]",0,상품 가입 및 해지,original
normal_상품 가입 및 해지_[수정]20210202 153936,"[1, 1, 1, 1, 1]",0,상품 가입 및 해지,original
normal_상품 가입 및 해지_[수정]20210202 154149,"[1, 1, 1, 1, 1, 1]",0,상품 가입 및 해지,original
normal_상품 가입 및 해지_[수정]20210202 154316,"[1, 1, 1, 1, 1]",0,상품 가입 및 해지,original
normal_상품 가입 및 해지_[수정]20210202 154437,"[1, 1, 1, 1, 1]",0,상품 가입 및 해지,original
normal_상품 가입 및 해지_[수정]20210202 154548,"[1, 1, 1, 1]",0,상품 가입 및 해지,original
normal_상품 가입 및 해지_[수정]20210202 154654,"[1, 1, 1, 1]",0,상품 가입 및 해지,original
normal_상품 가입 및 해지_[수정]20210202 154820,"[1, 1, 1]",0,상품 가입 및 해지,original
normal_상품 가입 및 해지_[수정]20210202 154917,"[1, 1, 1, 1, 1, 1]",0,상품 가입 및 해지,original
normal_상품 가입 및 해지_[수정]20210202 155039,"[1, 1, 1, 1, 1, 1, 1, 1]",0,상품 가입 및 해지,original
normal_상품 가입 및 해지_[수정]20210202 155220,"[1, 1, 1, 1, 1, 1]",0,상품 가입 및 해지,original
normal_상품 가입 및 해지_[수정]20210202 155346,"[1, 1, 1, 1, 1]",0,상품 가입 및 해지,original
normal_상품 가입 및 해지_[수정]20210202 155503,"[1, 1, 1, 1, 1, 1, 1]",0,상품 가입 및 해지,original
normal_상품 가입 및 해지_[수정]20210202 155635,"[1, 1, 1, 1, 1]",0,상품 가입 및 해지,original
normal_상품 가입 및 해지_[수정]20210202 155824,"[1, 1, 1, 1, 1]",0,상품 가입 및 해지,original
normal_상품 가입 및 해지_[수정]20210202 155932,"[1, 1, 1, 1, 1, 1, 1, 1]",0,상품 가입 및 해지,original
normal_상품 가입 및 해지_[수정]20210202 160120,"[1, 1, 1, 1, 1, 1]",0,상품 가입 및 해지,original
normal_상품 가입 및 해지_[수정]20210202 160243,"[1, 1, 1, 1]",0,상품 가입 및 해지,original
normal_상품 가입 및 해지_[수정]20210202 160350,"[1, 1, 1, 1, 1, 1]",0,상품 가입 및 해지,original
normal_상품 가입 및 해지_[수정]20210202 165628,"[1, 1, 1, 1, 1]",0,상품 가입 및 해지,original
normal_상품 가입 및 해지_[수정]20210202 165748,"[1, 1, 1, 1, 1]",0,상품 가입 및 해지,original
normal_상품 가입 및 해지_[수정]20210202 165907,"[1, 1, 1, 1, 1]",0,상품 가입 및 해지,original
normal_상품 가입 및 해지_[수정]20210202 170019,"[1, 1, 1, 1, 1, 1, 1]",0,상품 가입 및 해지,original
normal_상품 가입 및 해지_[수정]20210202 170210,"[1, 1, 1, 1, 1, 1]",0,상품 가입 및 해지,original
normal_상품 가입 및 해지_[수정]20210202 170339,"[1, 1, 1, 1, 1, 1, 1]",0,상품 가입 및 해지,original
normal_상품 가입 및 해지_[수정]20210202 170515,"[1, 1, 1, 1, 1]",0,상품 가입 및 해지,original
normal_상품 가입 및 해지_[수정]20210202 170633,"[1, 1, 1, 1, 1, 1, 1, 1]",0,상품 가입 및 해지,original
normal_상품 가입 및 해지_[수정]20210202 170825,"[1, 1, 1, 1, 1, 1, 1, 1]",0,상품 가입 및 해지,original
normal_상품 가입 및 해지_[수정]20210202 171022,"[1, 1, 1, 1, 1, 1, 1, 1]",0,상품 가입 및 해지,original
normal_상품 가입 및 해지_[수정]20210202 171216,"[1, 1, 1, 1, 1, 1, 1]",0,상품 가입 및 해지,original
normal_상품 가입 및 해지_[수정]20210202 171348,"[1, 1, 1, 1, 1, 1, 1]",0,상품 가입 및 해지,original
normal_상품 가입 및 해지_[수정]20210202 180018,"[1, 1, 1, 1, 1, 1, 1, 1, 1, 1]",0,상품 가입 및 해지,original
normal_상품 가입 및 해지_[수정]20210202 180227,"[1, 1, 1, 1, 1, 1]",0,상품 가입 및 해지,original
normal_상품 가입 및 해지_[수정]20210202 180357,"[1, 1, 1, 1, 1, 1]",0,상품 가입 및 해지,original
normal_상품 가입 및 해지_[수정]20210202 180525,"[1, 1, 1, 1, 1, 1]",0,상품 가입 및 해지,original
normal_상품 가입 및 해지_[수정]20210202 180652,"[1, 1, 1, 1, 1, 1, 1]",0,상품 가입 및 해지,original
normal_상품 가입 및 해지_[수정]20210202 180833,"[1, 1, 1, 1, 1, 1, 1, 1]",0,상품 가입 및 해지,original
normal_상품 가입 및 해지_[수정]20210202 181015,"[1, 1, 1, 1, 1, 1, 1]",0,상품 가입 및 해지,original
normal_상품 가입 및 해지_[수정]20210202 181140,"[1, 1, 1, 1, 1, 1, 1, 1]",0,상품 가입 및 해지,original
normal_상품 가입 및 해지_[수정]20210202 181333,"[1, 1, 1, 1, 1, 1, 1]",0,상품 가입 및 해지,original
normal_상품 가입 및 해지_[수정]20210202 181457,"[1, 1, 1, 1, 1, 1]",0,상품 가입 및 해지,original
normal_상품 가입 및 해지_[수정]20210202 181615,"[1, 1, 1, 1, 1]",0,상품 가입 및 해지,original
normal_상품 가입 및 해지_[수정]20210202 181925,"[1, 1, 1, 1, 1]",0,상품 가입 및 해지,original
normal_상품 가입 및 해지_[수정]20210202 182049,"[1, 1, 1, 1, 1]",0,상품 가입 및 해지,original
normal_상품 가입 및 해지_[수정]20210202 182208,"[1, 1, 1, 1, 1]",0,상품 가입 및 해지,original
normal_상품 가입 및 해지_[수정]20210202 182358,"[1, 1, 1, 1, 1, 1, 1]",0,상품 가입 및 해지,original
normal_상품 가입 및 해지_[수정]20210202 182544,"[1, 1, 1, 1, 1, 1, 1, 1]",0,상품 가입 및 해지,original
normal_상품 가입 및 해지_[수정]20210202 182730,"[1, 1, 1, 1, 1, 1]",0,상품 가입 및 해지,original
normal_상품 가입 및 해지_[수정]20210202 182904,"[1, 1, 1, 1, 1, 1, 1]",0,상품 가입 및 해지,original
normal_상품 가입 및 해지_[수정]20210202 183034,"[1, 1, 1]",0,상품 가입 및 해지,original
normal_상품 가입 및 해지_[수정]20210202 183158,"[1, 1, 1, 1, 1, 1, 1]",0,상품 가입 및 해지,original
normal_상품 가입 및 해지_[수정]20210202 183321,"[1, 1, 1, 1, 1, 1, 1, 1]",0,상품 가입 및 해지,original
normal_상품 가입 및 해지_[수정]20210202 183502,"[1, 1, 1, 1, 1, 1, 1]",0,상품 가입 및 해지,original
normal_상품 가입 및 해지_[수정]20210202 183704,"[1, 1, 1, 1, 1, 1]",0,상품 가입 및 해지,original
normal_상품 가입 및 해지_[수정]20210202 183836,"[1, 1, 1, 1, 1, 1, 1]",0,상품 가입 및 해지,original
normal_상품 가입 및 해지_[수정]20210202 184008,"[1, 1, 1, 1, 1]",0,상품 가입 및 해지,original
normal_상품 가입 및 해지_[수정]20210202 184148,"[1, 1, 1, 1, 1, 1, 1, 1]",0,상품 가입 및 해지,original
normal_상품 가입 및 해지_[수정]20210202 211156,"[1, 1, 1, 1, 1, 1]",0,상품 가입 및 해지,original
normal_상품 가입 및 해지_[수정]20210202 211327,"[1, 1, 1, 1, 1, 1, 1]",0,상품 가입 및 해지,original
normal_상품 가입 및 해지_[수정]20210202 211616,"[1, 1, 1, 1, 1, 1, 1, 1]",0,상품 가입 및 해지,original
normal_상품 가입 및 해지_[수정]20210202 211859,"[1, 1, 1, 1, 1, 1]",0,상품 가입 및 해지,original
normal_상품 가입 및 해지_[수정]20210202 212034,"[1, 1, 1, 1, 1, 1]",0,상품 가입 및 해지,original
normal_상품 가입 및 해지_[수정]20210202 212159,"[1, 1, 1, 1, 1, 1, 1, 1]",0,상품 가입 및 해지,original
normal_상품 가입 및 해지_[수정]20210202 212343,"[1, 1, 1, 1, 1, 1, 1, 1]",0,상품 가입 및 해지,original
normal_상품 가입 및 해지_[수정]20210202 212624,"[1, 1, 1, 1, 1, 1, 1, 1]",0,상품 가입 및 해지,original
normal_상품 가입 및 해지_[수정]20210202 212904,"[1, 1, 1, 1, 1, 1, 1, 1]",0,상품 가입 및 해지,original
normal_상품 가입 및 해지_[수정]20210202 213042,"[1, 1, 1, 1, 1, 1, 1, 1, 1, 1]",0,상품 가입 및 해지,original
normal_상품 가입 및 해지_[수정]20210202 213255,"[1, 1, 1]",0,상품 가입 및 해지,original
normal_상품 가입 및 해지_[수정]20210202 213358,"[1, 1, 1, 1, 1, 1, 1, 1, 1, 1, 1, 1]",0,상품 가입 및 해지,original
normal_상품 가입 및 해지_[수정]20210202 213808,"[1, 1, 1, 1, 1, 1, 1]",0,상품 가입 및 해지,original
normal_상품 가입 및 해지_[수정]20210202 213945,"[1, 1, 1, 1, 1, 1, 1, 1]",0,상품 가입 및 해지,original
normal_상품 가입 및 해지_[수정]20210202 214142,"[1, 1, 1, 1, 1, 1, 1, 1, 1]",0,상품 가입 및 해지,original
normal_상품 가입 및 해지_[수정]20210202 214341,"[1, 1, 1, 1, 1, 1, 1, 1, 1, 1]",0,상품 가입 및 해지,original
normal_상품 가입 및 해지_[수정]20210202 214555,"[1, 1, 1, 1, 1, 1, 1]",0,상품 가입 및 해지,original
normal_상품 가입 및 해지_[수정]20210202 214724,"[1, 1, 1, 1, 1, 1, 1, 1]",0,상품 가입 및 해지,original
normal_상품 가입 및 해지_[수정]20210202 215300,"[1, 1, 1, 1, 1, 1, 1, 1]",0,상품 가입 및 해지,original
normal_상품 가입 및 해지_[수정]20210202 215530,"[1, 1, 1, 1, 1, 1, 1, 1]",0,상품 가입 및 해지,original
normal_상품 가입 및 해지_[수정]20210202 215714,"[1, 1, 1, 1, 1, 1]",0,상품 가입 및 해지,original
normal_상품 가입 및 해지_[수정]20210202 215836,"[1, 1, 1, 1]",0,상품 가입 및 해지,original
normal_상품 가입 및 해지_[수정]20210202 215950,"[1, 1, 1, 1]",0,상품 가입 및 해지,original
normal_상품 가입 및 해지_[수정]20210202 220051,"[1, 1, 1, 1]",0,상품 가입 및 해지,original
normal_상품 가입 및 해지_[수정]20210202 220156,"[1, 1, 1, 1]",0,상품 가입 및 해지,original
normal_상품 가입 및 해지_[수정]20210202 220256,"[1, 1]",0,상품 가입 및 해지,original
normal_상품 가입 및 해지_[수정]20210202 220400,"[1, 1, 1, 1, 1]",0,상품 가입 및 해지,original
normal_상품 가입 및 해지_[수정]20210202 220510,"[1, 1, 1, 1]",0,상품 가입 및 해지,original
normal_상품 가입 및 해지_[수정]20210202 220608,"[1, 1, 1, 1, 1]",0,상품 가입 및 해지,original
normal_상품 가입 및 해지_[수정]20210202 220712,"[1, 1, 1, 1]",0,상품 가입 및 해지,original
normal_상품 가입 및 해지_[수정]20210202 220808,"[1, 1, 1, 1, 1, 1]",0,상품 가입 및 해지,original
normal_상품 가입 및 해지_[수정]20210202 220935,"[1, 1, 1, 1, 1, 1, 1, 1, 1]",0,상품 가입 및 해지,original
normal_상품 가입 및 해지_[수정]20210202 221329,"[1, 1, 1, 1, 1, 1, 1, 1]",0,상품 가입 및 해지,original
normal_상품 가입 및 해지_[수정]20210202 221530,"[1, 1, 1, 1, 1, 1, 1, 1]",0,상품 가입 및 해지,original
normal_상품 가입 및 해지_[수정]20210202 221744,"[1, 1, 1, 1, 1, 1, 1]",0,상품 가입 및 해지,original
normal_상품 가입 및 해지_[수정]20210202 221925,"[1, 1, 1, 1, 1]",0,상품 가입 및 해지,original
normal_상품 가입 및 해지_[수정]20210202 222037,"[1, 1, 1, 1, 1]",0,상품 가입 및 해지,original
normal_상품 가입 및 해지_[수정]20210202 222155,"[1, 1, 1, 1, 1, 1]",0,상품 가입 및 해지,original
normal_상품 가입 및 해지_[수정]20210202 222322,"[1, 1, 1, 1, 1]",0,상품 가입 및 해지,original
normal_상품 가입 및 해지_[수정]20210202 222443,"[1, 1, 1, 1, 1]",0,상품 가입 및 해지,original
normal_상품 가입 및 해지_[수정]20210202 222603,"[1, 1, 1, 1, 1, 1]",0,상품 가입 및 해지,original
normal_상품 가입 및 해지_[수정]20210202 222727,"[1, 1, 1, 1, 1]",0,상품 가입 및 해지,original
normal_상품 가입 및 해지_[수정]20210202 222842,"[1, 1, 1, 1, 1]",0,상품 가입 및 해지,original
normal_상품 가입 및 해지_[수정]20210202 222954,"[1, 1, 1, 1, 1, 1, 1]",0,상품 가입 및 해지,original
normal_상품 가입 및 해지_[수정]20210202 223153,"[1, 1, 1, 1, 1, 1]",0,상품 가입 및 해지,original
normal_상품 가입 및 해지_[수정]20210202 223311,"[1, 1, 1, 1, 1, 1]",0,상품 가입 및 해지,original
normal_상품 가입 및 해지_[수정]20210202 223442,"[1, 1, 1, 1, 1]",0,상품 가입 및 해지,original
normal_상품 가입 및 해지_[수정]20210203 210259,"[1, 1, 1, 1, 1, 1, 1]",0,상품 가입 및 해지,original
normal_상품 가입 및 해지_[수정]20210203 210456,"[1, 1, 1, 1, 1, 1, 1, 1]",0,상품 가입 및 해지,original
normal_상품 가입 및 해지_[수정]20210203 210626,"[1, 1, 1, 1, 1, 1, 1]",0,상품 가입 및 해지,original
normal_상품 가입 및 해지_[수정]20210203 210800,"[1, 1, 1, 1, 1, 1, 1, 1]",0,상품 가입 및 해지,original
normal_상품 가입 및 해지_[수정]20210203 210932,"[1, 1, 1, 1, 1, 1, 1, 1]",0,상품 가입 및 해지,original
normal_상품 가입 및 해지_[수정]20210203 211111,"[1, 1, 1, 1, 1, 1, 1, 1]",0,상품 가입 및 해지,original
normal_상품 가입 및 해지_[수정]20210203 211300,"[1, 1, 1, 1, 1, 1, 1, 1]",0,상품 가입 및 해지,original
normal_상품 가입 및 해지_[수정]20210203 211440,"[1, 1, 1, 1, 1, 1, 1, 1]",0,상품 가입 및 해지,original
normal_상품 가입 및 해지_[수정]20210203 211628,"[1, 1, 1, 1, 1, 1, 1, 1, 1, 1]",0,상품 가입 및 해지,original
normal_상품 가입 및 해지_[수정]20210203 211834,"[1, 1, 1, 1, 1]",0,상품 가입 및 해지,original
normal_상품 가입 및 해지_[수정]20210203 212054,"[1, 1, 1, 1, 1, 1, 1, 1]",0,상품 가입 및 해지,original
normal_상품 가입 및 해지_[수정]20210203 212235,"[1, 1, 1, 1, 1, 1, 1]",0,상품 가입 및 해지,original
normal_상품 가입 및 해지_[수정]20210203 212405,"[1, 1, 1, 1, 1, 1]",0,상품 가입 및 해지,original
normal_상품 가입 및 해지_[수정]20210203 212543,"[1, 1, 1, 1, 1, 1, 1, 1, 1]",0,상품 가입 및 해지,original
normal_상품 가입 및 해지_[수정]20210203 212736,"[1, 1, 1, 1, 1, 1, 1, 1, 1, 1, 1]",0,상품 가입 및 해지,original
normal_상품 가입 및 해지_[수정]20210203 212948,"[1, 1, 1, 1, 1, 1, 1, 1, 1, 1]",0,상품 가입 및 해지,original
normal_상품 가입 및 해지_[수정]20210203 213154,"[1, 1, 1, 1, 1, 1, 1, 1]",0,상품 가입 및 해지,original
normal_상품 가입 및 해지_[수정]20210203 213344,"[1, 1, 1, 1, 1]",0,상품 가입 및 해지,original
normal_상품 가입 및 해지_[수정]20210203 213455,"[1, 1, 1, 1, 1, 1]",0,상품 가입 및 해지,original
normal_상품 가입 및 해지_[수정]20210203 213613,"[1, 1, 1, 1, 1, 1, 1]",0,상품 가입 및 해지,original
normal_상품 가입 및 해지_[수정]20210203 213736,"[1, 1, 1, 1, 1, 1, 1]",0,상품 가입 및 해지,original
normal_상품 가입 및 해지_[수정]20210203 213930,"[1, 1, 1, 1, 1, 1, 1]",0,상품 가입 및 해지,original
normal_상품 가입 및 해지_[수정]20210203 214104,"[1, 1, 1, 1, 1, 1]",0,상품 가입 및 해지,original
normal_상품 가입 및 해지_[수정]20210203 214240,"[1, 1, 1, 1, 1]",0,상품 가입 및 해지,original
normal_상품 가입 및 해지_[수정]20210203 214416,"[1, 1, 1, 1, 1, 1, 1]",0,상품 가입 및 해지,original
normal_상품 가입 및 해지_[수정]20210203 214552,"[1, 1, 1, 1, 1, 1, 1, 1]",0,상품 가입 및 해지,original
normal_상품 가입 및 해지_[수정]20210203 214734,"[1, 1, 1, 1, 1, 1, 1, 1, 1]",0,상품 가입 및 해지,original
normal_상품 가입 및 해지_[수정]20210203 214940,"[1, 1, 1, 1, 1, 1, 1, 1, 1]",0,상품 가입 및 해지,original
normal_상품 가입 및 해지_[수정]20210203 215427,"[1, 1, 1, 1, 1]",0,상품 가입 및 해지,original
normal_상품 가입 및 해지_[수정]20210203 215553,"[1, 1, 1, 1, 1]",0,상품 가입 및 해지,original
normal_상품 가입 및 해지_[수정]20210203 221259,"[1, 1, 1, 1, 1, 1]",0,상품 가입 및 해지,original
normal_상품 가입 및 해지_[수정]20210203 221419,"[1, 1, 1, 1, 1, 1, 1]",0,상품 가입 및 해지,original
normal_상품 가입 및 해지_[수정]20210203 221558,"[1, 1, 1, 1, 1]",0,상품 가입 및 해지,original
normal_상품 가입 및 해지_[수정]20210203 221702,"[1, 1, 1, 1, 1, 1]",0,상품 가입 및 해지,original
normal_상품 가입 및 해지_[수정]20210203 221821,"[1, 1, 1, 1, 1, 1]",0,상품 가입 및 해지,original
normal_상품 가입 및 해지_[수정]20210203 221933,"[1, 1, 1, 1, 1]",0,상품 가입 및 해지,original
normal_상품 가입 및 해지_[수정]20210203 222043,"[1, 1, 1, 1]",0,상품 가입 및 해지,original
normal_상품 가입 및 해지_[수정]20210203 222149,"[1, 1, 1, 1, 1]",0,상품 가입 및 해지,original
normal_상품 가입 및 해지_[수정]20210203 222259,"[1, 1, 1, 1, 1, 1, 1]",0,상품 가입 및 해지,original
normal_상품 가입 및 해지_[수정]20210203 225951,"[1, 1, 1, 1, 1]",0,상품 가입 및 해지,original
normal_상품 가입 및 해지_[수정]20210203 230101,"[1, 1, 1, 1, 1]",0,상품 가입 및 해지,original
normal_상품 가입 및 해지_[수정]20210203 230233,"[1, 1, 1, 1, 1]",0,상품 가입 및 해지,original
normal_상품 가입 및 해지_[수정]20210203 230408,"[1, 1, 1, 1, 1]",0,상품 가입 및 해지,original
normal_상품 가입 및 해지_[수정]20210203 230544,"[1, 1, 1, 1, 1]",0,상품 가입 및 해지,original
normal_상품 가입 및 해지_[수정]20210203 230653,"[1, 1, 1, 1, 1]",0,상품 가입 및 해지,original
normal_상품 가입 및 해지_[수정]20210203 230806,"[1, 1]",0,상품 가입 및 해지,original
normal_상품 가입 및 해지_[수정]20210203 230924,"[1, 1, 1, 1, 1, 1]",0,상품 가입 및 해지,original
normal_상품 가입 및 해지_[수정]20210203 231053,"[1, 1, 1, 1, 1, 1]",0,상품 가입 및 해지,original
normal_상품 가입 및 해지_[수정]20210203 231211,"[1, 1, 1, 1, 1]",0,상품 가입 및 해지,original
normal_상품 가입 및 해지_[수정]20210203 231336,"[1, 1, 1, 1, 1]",0,상품 가입 및 해지,original
normal_상품 가입 및 해지_[수정]20210203 231447,"[1, 1, 1, 1]",0,상품 가입 및 해지,original
normal_상품 가입 및 해지_[수정]20210203 231604,"[1, 1, 1, 1, 1, 1, 1]",0,상품 가입 및 해지,original
normal_상품 가입 및 해지_[수정]20210203 231814,"[1, 1, 1, 1, 1]",0,상품 가입 및 해지,original
normal_상품 가입 및 해지_[수정]20210203 231923,"[1, 1, 1, 1, 1, 1]",0,상품 가입 및 해지,original
normal_상품 가입 및 해지_[수정]20210203 232048,"[1, 1, 1, 1, 1, 1]",0,상품 가입 및 해지,original
normal_상품 가입 및 해지_[수정]20210203 232214,"[1, 1, 1]",0,상품 가입 및 해지,original
normal_상품 가입 및 해지_[수정]20210203 233557,"[1, 1, 1, 1, 1, 1]",0,상품 가입 및 해지,original
normal_상품 가입 및 해지_[수정]20210203 233732,"[1, 1, 1, 1, 1, 1, 1]",0,상품 가입 및 해지,original
normal_상품 가입 및 해지_[수정]20210203 233859,"[1, 1, 1, 1, 1, 1]",0,상품 가입 및 해지,original
normal_상품 가입 및 해지_[수정]20210203 234352,"[1, 1, 1, 1, 1, 1, 1]",0,상품 가입 및 해지,original
normal_상품 가입 및 해지_[수정]20210203 234532,"[1, 1, 1, 1, 1, 1, 1]",0,상품 가입 및 해지,original
normal_상품 가입 및 해지_[수정]20210203 234658,"[1, 1, 1, 1, 1]",0,상품 가입 및 해지,original
normal_상품 가입 및 해지_[수정]20210203 234951,"[1, 1, 1, 1, 1, 1]",0,상품 가입 및 해지,original
normal_상품 가입 및 해지_[수정]20210203 235115,"[1, 1, 1, 1]",0,상품 가입 및 해지,original
normal_상품 가입 및 해지_[수정]20210203 235217,"[1, 1, 1, 1]",0,상품 가입 및 해지,original
normal_상품 가입 및 해지_[수정]20210203 235315,"[1, 1]",0,상품 가입 및 해지,original
normal_상품 가입 및 해지_[수정]20210203 235426,"[1, 1, 1, 1, 1, 1]",0,상품 가입 및 해지,original
normal_상품 가입 및 해지_[수정]20210203 235541,"[1, 1, 1, 1, 1]",0,상품 가입 및 해지,original
normal_상품 가입 및 해지_[수정]20210203 235700,"[1, 1, 1, 1, 1]",0,상품 가입 및 해지,original
normal_상품 가입 및 해지_[수정]20210203 235809,"[1, 1, 1, 1, 1]",0,상품 가입 및 해지,original
normal_상품 가입 및 해지_[수정]20210204 100623,"[1, 1, 1, 1, 1]",0,상품 가입 및 해지,original
normal_상품 가입 및 해지_[수정]20210204 100754,"[1, 1, 1, 1, 1, 1, 1]",0,상품 가입 및 해지,original
normal_상품 가입 및 해지_[수정]20210204 100940,"[1, 1, 1, 1, 1, 1, 1]",0,상품 가입 및 해지,original
normal_상품 가입 및 해지_[수정]20210204 101130,"[1, 1, 1, 1, 1, 1, 1, 1, 1, 1, 1]",0,상품 가입 및 해지,original
normal_상품 가입 및 해지_[수정]20210204 101403,"[1, 1, 1, 1, 1, 1, 1]",0,상품 가입 및 해지,original
normal_상품 가입 및 해지_[수정]20210204 101529,"[1, 1, 1, 1, 1, 1, 1]",0,상품 가입 및 해지,original
normal_상품 가입 및 해지_[수정]20210204 101658,"[1, 1, 1, 1, 1]",0,상품 가입 및 해지,original
normal_상품 가입 및 해지_[수정]20210204 101834,"[1, 1, 1, 1, 1]",0,상품 가입 및 해지,original
normal_상품 가입 및 해지_[수정]20210204 102007,"[1, 1, 1, 1, 1]",0,상품 가입 및 해지,original
normal_상품 가입 및 해지_[수정]20210204 102123,"[1, 1, 1, 1, 1, 1]",0,상품 가입 및 해지,original
normal_상품 가입 및 해지_[수정]20210204 102245,"[1, 1, 1, 1, 1, 1, 1, 1]",0,상품 가입 및 해지,original
normal_상품 가입 및 해지_[수정]20210204 102433,"[1, 1, 1, 1, 1, 1, 1]",0,상품 가입 및 해지,original
normal_상품 가입 및 해지_[수정]20210204 102559,"[1, 1, 1, 1, 1, 1, 1, 1, 1]",0,상품 가입 및 해지,original
normal_상품 가입 및 해지_[수정]20210204 102748,"[1, 1, 1, 1, 1, 1, 1]",0,상품 가입 및 해지,original
normal_상품 가입 및 해지_[수정]20210204 102925,"[1, 1, 1, 1, 1, 1]",0,상품 가입 및 해지,original
normal_상품 가입 및 해지_[수정]20210204 103049,"[1, 1, 1, 1, 1, 1, 1, 1]",0,상품 가입 및 해지,original
normal_상품 가입 및 해지_[수정]20210204 103226,"[1, 1, 1, 1, 1, 1, 1]",0,상품 가입 및 해지,original
normal_상품 가입 및 해지_[수정]20210204 103352,"[1, 1, 1, 1, 1]",0,상품 가입 및 해지,original
normal_상품 가입 및 해지_[수정]20210204 103522,"[1, 1, 1, 1]",0,상품 가입 및 해지,original
normal_상품 가입 및 해지_[수정]20210204 103631,"[1, 1, 1, 1]",0,상품 가입 및 해지,original
normal_상품 가입 및 해지_[수정]20210204 103733,"[1, 1, 1, 1, 1]",0,상품 가입 및 해지,original
normal_상품 가입 및 해지_[수정]20210204 103853,"[1, 1, 1, 1, 1, 1, 1, 1]",0,상품 가입 및 해지,original
normal_상품 가입 및 해지_[수정]20210204 104043,"[1, 1, 1, 1, 1, 1]",0,상품 가입 및 해지,original
normal_상품 가입 및 해지_[수정]20210204 104207,"[1, 1, 1, 1, 1, 1, 1]",0,상품 가입 및 해지,original
normal_상품 가입 및 해지_[수정]20210204 104353,"[1, 1, 1, 1, 1, 1, 1, 1, 1]",0,상품 가입 및 해지,original
normal_상품 가입 및 해지_[수정]20210204 104551,"[1, 1, 1, 1, 1]",0,상품 가입 및 해지,original
normal_상품 가입 및 해지_[수정]20210204 104705,"[1, 1, 1, 1, 1, 1, 1]",0,상품 가입 및 해지,original
normal_상품 가입 및 해지_[수정]20210204 105136,"[1, 1, 1, 1, 1, 1]",0,상품 가입 및 해지,original
normal_상품 가입 및 해지_[수정]20210204 105300,"[1, 1, 1, 1, 1, 1, 1]",0,상품 가입 및 해지,original
normal_상품 가입 및 해지_[수정]20210204 105434,"[1, 1, 1, 1, 1, 1, 1, 1, 1]",0,상품 가입 및 해지,original
normal_상품 가입 및 해지_[수정]20210204 113825,"[1, 1, 1, 1, 1, 1, 1, 1, 1, 1]",0,상품 가입 및 해지,original
normal_상품 가입 및 해지_[수정]20210204 114040,"[1, 1, 1, 1, 1, 1]",0,상품 가입 및 해지,original
normal_상품 가입 및 해지_[수정]20210204 114203,"[1, 1, 1, 1, 1, 1]",0,상품 가입 및 해지,original
normal_상품 가입 및 해지_[수정]20210204 114340,"[1, 1, 1, 1, 1, 1]",0,상품 가입 및 해지,original
normal_상품 가입 및 해지_[수정]20210204 114502,"[1, 1, 1, 1, 1, 1, 1]",0,상품 가입 및 해지,original
normal_상품 가입 및 해지_[수정]20210204 114637,"[1, 1, 1, 1, 1, 1, 1]",0,상품 가입 및 해지,original
normal_상품 가입 및 해지_[수정]20210204 114803,"[1, 1, 1, 1, 1, 1, 1, 1, 1]",0,상품 가입 및 해지,original
normal_상품 가입 및 해지_[수정]20210204 115009,"[1, 1, 1, 1, 1, 1, 1, 1]",0,상품 가입 및 해지,original
normal_상품 가입 및 해지_[수정]20210204 115153,"[1, 1, 1, 1, 1, 1, 1, 1, 1]",0,상품 가입 및 해지,original
normal_상품 가입 및 해지_[수정]20210204 115409,"[1, 1, 1, 1, 1, 1, 1, 1, 1, 1, 1, 1, 1]",0,상품 가입 및 해지,original
normal_상품 가입 및 해지_[수정]20210204 115712,"[1, 1, 1, 1, 1, 1, 1, 1, 1]",0,상품 가입 및 해지,original
normal_상품 가입 및 해지_[수정]20210204 120006,"[1, 1, 1, 1, 1, 1, 1, 1, 1, 1, 1, 1, 1, 1, 1, 1, 1, 1, 1, 1, 1]",0,상품 가입 및 해지,original
normal_상품 가입 및 해지_[수정]20210204 120435,"[1, 1, 1, 1, 1, 1, 1, 1, 1, 1, 1]",0,상품 가입 및 해지,original
normal_상품 가입 및 해지_[수정]20210204 120715,"[1, 1, 1, 1, 1, 1, 1, 1, 1, 1, 1, 1]",0,상품 가입 및 해지,original
normal_상품 가입 및 해지_[수정]20210204 120954,"[1, 1, 1, 1, 1, 1, 1, 1, 1, 1, 1, 1]",0,상품 가입 및 해지,original
normal_상품 가입 및 해지_[수정]20210204 121219,"[1, 1, 1, 1, 1, 1, 1, 1, 1]",0,상품 가입 및 해지,original
normal_상품 가입 및 해지_[수정]20210204 121419,"[1, 1, 1, 1, 1, 1, 1, 1, 1, 1, 1, 1, 1, 1, 1, 1, 1]",0,상품 가입 및 해지,original
normal_상품 가입 및 해지_[수정]20210204 121731,"[1, 1, 1, 1, 1, 1, 1, 1, 1, 1, 1]",0,상품 가입 및 해지,original
normal_상품 가입 및 해지_[수정]20210204 121950,"[1, 1, 1, 1, 1, 1, 1, 1, 1, 1]",0,상품 가입 및 해지,original
normal_상품 가입 및 해지_[수정]20210204 122148,"[1, 1, 1, 1, 1, 1, 1, 1, 1, 1, 1, 1]",0,상품 가입 및 해지,original
normal_상품 가입 및 해지_[수정]20210204 203725,"[1, 1, 1, 1, 1, 1, 1, 1, 1]",0,상품 가입 및 해지,original
normal_상품 가입 및 해지_[수정]20210204 203928,"[1, 1, 1, 1, 1, 1]",0,상품 가입 및 해지,original
normal_상품 가입 및 해지_[수정]20210204 204045,"[1, 1, 1, 1, 1, 1]",0,상품 가입 및 해지,original
normal_상품 가입 및 해지_[수정]20210204 204209,"[1, 1, 1, 1, 1, 1]",0,상품 가입 및 해지,original
normal_상품 가입 및 해지_[수정]20210204 204330,"[1, 1, 1, 1, 1]",0,상품 가입 및 해지,original
normal_상품 가입 및 해지_[수정]20210204 204440,"[1, 1, 1, 1, 1, 1, 1]",0,상품 가입 및 해지,original
normal_상품 가입 및 해지_[수정]20210204 204605,"[1, 1, 1, 1, 1, 1]",0,상품 가입 및 해지,original
normal_상품 가입 및 해지_[수정]20210204 204729,"[1, 1, 1, 1]",0,상품 가입 및 해지,original
normal_상품 가입 및 해지_[수정]20210204 204851,"[1, 1, 1, 1, 1, 1, 1]",0,상품 가입 및 해지,original
normal_상품 가입 및 해지_[수정]20210204 205031,"[1, 1, 1, 1, 1, 1, 1]",0,상품 가입 및 해지,original
normal_상품 가입 및 해지_[수정]20210204 210320,"[1, 1, 1, 1, 1, 1, 1, 1, 1, 1]",0,상품 가입 및 해지,original
normal_상품 가입 및 해지_[수정]20210204 210556,"[1, 1, 1, 1, 1, 1, 1]",0,상품 가입 및 해지,original
normal_상품 가입 및 해지_[수정]20210204 210754,"[1, 1, 1, 1, 1, 1, 1]",0,상품 가입 및 해지,original
normal_상품 가입 및 해지_[수정]20210204 215856,"[1, 1, 1, 1, 1, 1]",0,상품 가입 및 해지,original
normal_상품 가입 및 해지_[수정]20210204 220017,"[1, 1, 1, 1, 1, 1, 1]",0,상품 가입 및 해지,original
normal_상품 가입 및 해지_[수정]20210204 220142,"[1, 1, 1, 1, 1, 1, 1]",0,상품 가입 및 해지,original
normal_상품 가입 및 해지_[수정]20210204 220308,"[1, 1, 1, 1]",0,상품 가입 및 해지,original
normal_상품 가입 및 해지_[수정]20210204 220409,"[1, 1, 1, 1, 1]",0,상품 가입 및 해지,original
normal_상품 가입 및 해지_[수정]20210204 220533,"[1, 1, 1, 1, 1, 1, 1]",0,상품 가입 및 해지,original
normal_상품 가입 및 해지_[수정]20210204 220700,"[1, 1, 1, 1, 1, 1]",0,상품 가입 및 해지,original
normal_상품 가입 및 해지_[수정]20210205 092832,"[1, 1, 1, 1, 1, 1, 1, 1]",0,상품 가입 및 해지,original
normal_상품 가입 및 해지_[수정]20210205 093021,"[1, 1, 1, 1, 1, 1]",0,상품 가입 및 해지,original
normal_상품 가입 및 해지_[수정]20210205 093146,"[1, 1, 1, 1, 1, 1, 1, 1]",0,상품 가입 및 해지,original
normal_상품 가입 및 해지_[수정]20210205 093331,"[1, 1, 1, 1, 1, 1, 1, 1, 1]",0,상품 가입 및 해지,original
normal_상품 가입 및 해지_[수정]20210205 093519,"[1, 1, 1, 1, 1, 1, 1, 1, 1, 1, 1]",0,상품 가입 및 해지,original
normal_상품 가입 및 해지_[수정]20210205 093739,"[1, 1, 1, 1, 1, 1, 1]",0,상품 가입 및 해지,original
normal_상품 가입 및 해지_[수정]20210205 093904,"[1, 1, 1, 1, 1]",0,상품 가입 및 해지,original
normal_상품 가입 및 해지_[수정]20210205 094009,"[1, 1, 1, 1, 1]",0,상품 가입 및 해지,original
normal_상품 가입 및 해지_[수정]20210205 094114,"[1, 1, 1, 1, 1]",0,상품 가입 및 해지,original
normal_상품 가입 및 해지_[수정]20210205 094218,"[1, 1, 1, 1, 1]",0,상품 가입 및 해지,original
normal_상품 가입 및 해지_[수정]20210205 094326,"[1, 1, 1, 1]",0,상품 가입 및 해지,original
normal_상품 가입 및 해지_[수정]20210205 094429,"[1, 1, 1, 1]",0,상품 가입 및 해지,original
normal_상품 가입 및 해지_[수정]20210205 094529,"[1, 1, 1, 1]",0,상품 가입 및 해지,original
normal_상품 가입 및 해지_[수정]20210205 094627,"[1, 1, 1, 1, 1]",0,상품 가입 및 해지,original
normal_상품 가입 및 해지_[수정]20210205 094731,"[1, 1, 1, 1]",0,상품 가입 및 해지,original
normal_상품 가입 및 해지_[수정]20210205 094839,"[1, 1, 1, 1, 1]",0,상품 가입 및 해지,original
normal_상품 가입 및 해지_[수정]20210205 094951,"[1, 1, 1, 1, 1]",0,상품 가입 및 해지,original
normal_상품 가입 및 해지_[수정]20210205 095105,"[1, 1, 1, 1]",0,상품 가입 및 해지,original
normal_상품 가입 및 해지_[수정]20210205 095206,"[1, 1, 1, 1, 1, 1]",0,상품 가입 및 해지,original
normal_상품 가입 및 해지_[수정]20210205 095330,"[1, 1, 1, 1]",0,상품 가입 및 해지,original
normal_상품 가입 및 해지_[수정]20210205 095441,"[1, 1, 1, 1]",0,상품 가입 및 해지,original
normal_상품 가입 및 해지_[수정]20210205 095541,"[1, 1, 1, 1, 1]",0,상품 가입 및 해지,original
normal_상품 가입 및 해지_[수정]20210205 095649,"[1, 1, 1, 1]",0,상품 가입 및 해지,original
normal_상품 가입 및 해지_[수정]20210205 095847,"[1, 1, 1, 1, 1]",0,상품 가입 및 해지,original
normal_상품 가입 및 해지_[수정]20210205 095949,"[1, 1, 1]",0,상품 가입 및 해지,original
normal_상품 가입 및 해지_[수정]20210205 100043,"[1, 1, 1, 1, 1, 1]",0,상품 가입 및 해지,original
normal_상품 가입 및 해지_[수정]20210205 100155,"[1, 1, 1, 1, 1, 1]",0,상품 가입 및 해지,original
normal_상품 가입 및 해지_[수정]20210205 100311,"[1, 1, 1, 1]",0,상품 가입 및 해지,original
normal_상품 가입 및 해지_[수정]20210205 100405,"[1, 1, 1, 1]",0,상품 가입 및 해지,original
normal_상품 가입 및 해지_[수정]20210205 100506,"[1, 1, 1]",0,상품 가입 및 해지,original
normal_상품 가입 및 해지_[수정]20210205 103332,"[1, 1, 1, 1, 1]",0,상품 가입 및 해지,original
normal_상품 가입 및 해지_[수정]20210205 103443,"[1, 1, 1, 1, 1]",0,상품 가입 및 해지,original
normal_상품 가입 및 해지_[수정]20210205 103549,"[1, 1, 1, 1, 1, 1]",0,상품 가입 및 해지,original
normal_상품 가입 및 해지_[수정]20210205 103708,"[1, 1, 1, 1, 1, 1]",0,상품 가입 및 해지,original
normal_상품 가입 및 해지_[수정]20210205 103825,"[1, 1, 1, 1]",0,상품 가입 및 해지,original
normal_상품 가입 및 해지_[수정]20210205 103944,"[1, 1, 1]",0,상품 가입 및 해지,original
normal_상품 가입 및 해지_[수정]20210205 104039,"[1, 1, 1]",0,상품 가입 및 해지,original
normal_상품 가입 및 해지_[수정]20210205 104129,"[1, 1, 1]",0,상품 가입 및 해지,original
normal_상품 가입 및 해지_[수정]20210205 104224,"[1, 1, 1, 1]",0,상품 가입 및 해지,original
normal_상품 가입 및 해지_[수정]20210205 104317,"[1, 1, 1, 1]",0,상품 가입 및 해지,original
normal_상품 가입 및 해지_[수정]20210205 104415,"[1, 1, 1, 1]",0,상품 가입 및 해지,original
normal_상품 가입 및 해지_[수정]20210205 104516,"[1, 1, 1]",0,상품 가입 및 해지,original
normal_상품 가입 및 해지_[수정]20210205 104627,"[1, 1, 1, 1]",0,상품 가입 및 해지,original
normal_상품 가입 및 해지_[수정]20210205 104732,"[1, 1, 1, 1]",0,상품 가입 및 해지,original
normal_상품 가입 및 해지_[수정]20210205 104825,"[1, 1, 1, 1]",0,상품 가입 및 해지,original
normal_상품 가입 및 해지_[수정]20210205 104928,"[1, 1, 1, 1, 1]",0,상품 가입 및 해지,original
normal_상품 가입 및 해지_[수정]20210205 105107,"[1, 1, 1, 1]",0,상품 가입 및 해지,original
normal_상품 가입 및 해지_[수정]20210205 105206,"[1, 1, 1, 1, 1]",0,상품 가입 및 해지,original
normal_상품 가입 및 해지_[수정]20210205 105312,"[1, 1, 1, 1]",0,상품 가입 및 해지,original
normal_상품 가입 및 해지_[수정]20210205 105413,"[1, 1, 1, 1]",0,상품 가입 및 해지,original
normal_상품 가입 및 해지_[수정]20210205 105511,"[1, 1, 1, 1]",0,상품 가입 및 해지,original
normal_상품 가입 및 해지_[수정]20210205 105606,"[1, 1, 1, 1]",0,상품 가입 및 해지,original
normal_상품 가입 및 해지_[수정]20210205 105719,"[1, 1, 1, 1]",0,상품 가입 및 해지,original
normal_상품 가입 및 해지_[수정]20210205 105817,"[1, 1, 1]",0,상품 가입 및 해지,original
normal_상품 가입 및 해지_[수정]20210205 105910,"[1, 1, 1]",0,상품 가입 및 해지,original
normal_상품 가입 및 해지_[수정]20210205 110003,"[1, 1, 1, 1]",0,상품 가입 및 해지,original
normal_상품 가입 및 해지_[수정]20210205 110102,"[1, 1, 1]",0,상품 가입 및 해지,original
normal_상품 가입 및 해지_[수정]20210205 110153,"[1, 1, 1, 1]",0,상품 가입 및 해지,original
normal_상품 가입 및 해지_[수정]20210205 110246,"[1, 1, 1, 1]",0,상품 가입 및 해지,original
normal_상품 가입 및 해지_[수정]20210205 110342,"[1, 1, 1]",0,상품 가입 및 해지,original
normal_상품 가입 및 해지_[수정]20210205 110551,"[1, 1, 1, 1]",0,상품 가입 및 해지,original
normal_상품 가입 및 해지_[수정]20210205 110653,"[1, 1, 1]",0,상품 가입 및 해지,original
normal_상품 가입 및 해지_[수정]20210205 153915,"[1, 1, 1]",0,상품 가입 및 해지,original
normal_상품 가입 및 해지_[수정]20210205 154010,"[1, 1, 1]",0,상품 가입 및 해지,original
normal_상품 가입 및 해지_[수정]20210205 154141,"[1, 1, 1]",0,상품 가입 및 해지,original
normal_상품 가입 및 해지_[수정]20210205 154232,"[1, 1, 1]",0,상품 가입 및 해지,original
normal_상품 가입 및 해지_[수정]20210205 154324,"[1, 1, 1, 1, 1, 1, 1, 1, 1, 1, 1, 1]",0,상품 가입 및 해지,original
normal_상품 가입 및 해지_[수정]20210205 154714,"[1, 1, 1, 1, 1, 1, 1, 1]",0,상품 가입 및 해지,original
normal_상품 가입 및 해지_[수정]20210205 154910,"[1, 1, 1, 1, 1, 1, 1, 1]",0,상품 가입 및 해지,original
normal_상품 가입 및 해지_[수정]20210205 155104,"[1, 1, 1, 1, 1, 1, 1, 1, 1]",0,상품 가입 및 해지,original
normal_상품 가입 및 해지_[수정]20210205 155330,"[1, 1, 1, 1, 1, 1, 1, 1, 1, 1]",0,상품 가입 및 해지,original
normal_상품 가입 및 해지_[수정]20210205 155539,"[1, 1, 1, 1, 1, 1]",0,상품 가입 및 해지,original
normal_상품 가입 및 해지_[수정]20210205 155722,"[1, 1, 1, 1, 1, 1, 1, 1]",0,상품 가입 및 해지,original
normal_상품 가입 및 해지_[수정]20210205 155914,"[1, 1, 1, 1, 1, 1, 1, 1, 1, 1]",0,상품 가입 및 해지,original
normal_상품 가입 및 해지_[수정]20210205 160116,"[1, 1, 1, 1, 1, 1, 1, 1, 1]",0,상품 가입 및 해지,original
normal_상품 가입 및 해지_[수정]20210205 160311,"[1, 1, 1, 1, 1, 1]",0,상품 가입 및 해지,original
normal_상품 가입 및 해지_[수정]20210205 160501,"[1, 1, 1, 1, 1, 1, 1, 1, 1]",0,상품 가입 및 해지,original
normal_상품 가입 및 해지_[수정]20210205 160654,"[1, 1, 1, 1, 1, 1, 1]",0,상품 가입 및 해지,original
normal_상품 가입 및 해지_[수정]20210205 160817,"[1, 1, 1, 1, 1, 1, 1]",0,상품 가입 및 해지,original
normal_상품 가입 및 해지_[수정]20210205 160949,"[1, 1, 1, 1, 1]",0,상품 가입 및 해지,original
normal_상품 가입 및 해지_[수정]20210205 161106,"[1, 1, 1, 1, 1]",0,상품 가입 및 해지,original
normal_상품 가입 및 해지_[수정]20210205 161234,"[1, 1, 1, 1, 1, 1, 1, 1]",0,상품 가입 및 해지,original
normal_상품 가입 및 해지_[수정]20210205 161412,"[1, 1, 1, 1, 1]",0,상품 가입 및 해지,original
normal_상품 가입 및 해지_[수정]20210205 161531,"[1, 1, 1, 1, 1, 1, 1]",0,상품 가입 및 해지,original
normal_상품 가입 및 해지_[수정]20210205 161705,"[1, 1, 1, 1, 1, 1]",0,상품 가입 및 해지,original
normal_상품 가입 및 해지_[수정]20210205 161827,"[1, 1, 1, 1, 1, 1, 1]",0,상품 가입 및 해지,original
normal_상품 가입 및 해지_[수정]20210205 162001,"[1, 1, 1, 1, 1, 1, 1]",0,상품 가입 및 해지,original
normal_상품 가입 및 해지_[수정]20210205 162129,"[1, 1, 1, 1, 1, 1, 1]",0,상품 가입 및 해지,original
normal_상품 가입 및 해지_[수정]20210205 162302,"[1, 1, 1, 1, 1]",0,상품 가입 및 해지,original
normal_상품 가입 및 해지_[수정]20210205 162417,"[1, 1, 1, 1]",0,상품 가입 및 해지,original
normal_상품 가입 및 해지_[수정]20210205 162525,"[1, 1, 1, 1]",0,상품 가입 및 해지,original
normal_상품 가입 및 해지_[수정]20210205 162622,"[1, 1, 1, 1, 1]",0,상품 가입 및 해지,original
normal_상품 가입 및 해지_[수정]20210205 162810,"[1, 1, 1, 1]",0,상품 가입 및 해지,original
normal_상품 가입 및 해지_[수정]20210205 162916,"[1, 1, 1, 1]",0,상품 가입 및 해지,original
normal_상품 가입 및 해지_[수정]20210205 163028,"[1, 1, 1, 1]",0,상품 가입 및 해지,original
normal_상품 가입 및 해지_[수정]20210205 163155,"[1, 1, 1, 1, 1, 1, 1]",0,상품 가입 및 해지,original
normal_상품 가입 및 해지_[수정]20210205 163326,"[1, 1, 1, 1, 1]",0,상품 가입 및 해지,original
normal_상품 가입 및 해지_[수정]20210205 163439,"[1, 1, 1, 1]",0,상품 가입 및 해지,original
normal_상품 가입 및 해지_[수정]20210205 163545,"[1, 1, 1, 1]",0,상품 가입 및 해지,original
normal_상품 가입 및 해지_[수정]20210205 163642,"[1, 1, 1, 1, 1]",0,상품 가입 및 해지,original
normal_상품 가입 및 해지_[수정]20210205 163749,"[1, 1, 1, 1]",0,상품 가입 및 해지,original
normal_상품 가입 및 해지_[수정]20210205 163853,"[1, 1, 1, 1]",0,상품 가입 및 해지,original
normal_상품 가입 및 해지_[수정]20210205 170454,"[1, 1, 1, 1, 1]",0,상품 가입 및 해지,original
normal_상품 가입 및 해지_[수정]20210205 170557,"[1, 1, 1, 1]",0,상품 가입 및 해지,original
normal_상품 가입 및 해지_[수정]20210205 170715,"[1, 1, 1, 1, 1]",0,상품 가입 및 해지,original
normal_상품 가입 및 해지_[수정]20210205 170822,"[1, 1, 1, 1, 1]",0,상품 가입 및 해지,original
normal_상품 가입 및 해지_[수정]20210205 170924,"[1, 1, 1, 1, 1]",0,상품 가입 및 해지,original
normal_상품 가입 및 해지_[수정]20210205 171023,"[1, 1, 1, 1]",0,상품 가입 및 해지,original
normal_상품 가입 및 해지_[수정]20210205 171119,"[1, 1, 1, 1, 1]",0,상품 가입 및 해지,original
normal_상품 가입 및 해지_[수정]20210205 171223,"[1, 1, 1, 1]",0,상품 가입 및 해지,original
normal_상품 가입 및 해지_[수정]20210205 171320,"[1, 1, 1, 1, 1, 1]",0,상품 가입 및 해지,original
normal_상품 가입 및 해지_[수정]20210205 171455,"[1, 1, 1, 1, 1]",0,상품 가입 및 해지,original
normal_상품 가입 및 해지_[수정]20210205 171634,"[1, 1, 1, 1, 1]",0,상품 가입 및 해지,original
normal_상품 가입 및 해지_[수정]20210205 172448,"[1, 1, 1, 1, 1]",0,상품 가입 및 해지,original
normal_상품 가입 및 해지_[수정]20210205 172556,"[1, 1, 1, 1, 1, 1]",0,상품 가입 및 해지,original
normal_상품 가입 및 해지_[수정]20210205 172708,"[1, 1, 1, 1, 1, 1]",0,상품 가입 및 해지,original
normal_상품 가입 및 해지_[수정]20210205 172826,"[1, 1, 1, 1, 1, 1]",0,상품 가입 및 해지,original
normal_상품 가입 및 해지_[수정]20210205 172957,"[1, 1, 1, 1]",0,상품 가입 및 해지,original
normal_상품 가입 및 해지_[수정]20210205 173057,"[1, 1, 1, 1]",0,상품 가입 및 해지,original
normal_상품 가입 및 해지_[수정]20210205 173159,"[1, 1, 1, 1, 1, 1]",0,상품 가입 및 해지,original
normal_상품 가입 및 해지_[수정]20210205 173306,"[1, 1, 1, 1]",0,상품 가입 및 해지,original
normal_상품 가입 및 해지_[수정]20210205 173408,"[1, 1, 1, 1]",0,상품 가입 및 해지,original
normal_상품 가입 및 해지_[수정]20210205 173503,"[1, 1, 1, 1, 1]",0,상품 가입 및 해지,original
normal_상품 가입 및 해지_[수정]20210205 173605,"[1, 1, 1, 1, 1]",0,상품 가입 및 해지,original
normal_상품 가입 및 해지_[수정]20210205 173712,"[1, 1, 1, 1, 1]",0,상품 가입 및 해지,original
normal_상품 가입 및 해지_[수정]20210205 173818,"[1, 1, 1, 1, 1]",0,상품 가입 및 해지,original
normal_상품 가입 및 해지_[수정]20210205 173929,"[1, 1, 1, 1, 1]",0,상품 가입 및 해지,original
normal_상품 가입 및 해지_[수정]20210205 174107,"[1, 1, 1, 1]",0,상품 가입 및 해지,original
normal_상품 가입 및 해지_[수정]20210205 174207,"[1, 1, 1, 1, 1, 1, 1, 1, 1]",0,상품 가입 및 해지,original
normal_상품 가입 및 해지_[수정]20210205 174356,"[1, 1, 1, 1, 1, 1, 1, 1, 1]",0,상품 가입 및 해지,original
normal_상품 가입 및 해지_[수정]20210205 174536,"[1, 1, 1, 1, 1, 1, 1]",0,상품 가입 및 해지,original
normal_상품 가입 및 해지_[수정]20210205 174713,"[1, 1, 1, 1, 1, 1, 1, 1, 1, 1]",0,상품 가입 및 해지,original
normal_상품 가입 및 해지_[수정]20210205 191020,"[1, 1, 1, 1, 1, 1, 1, 1, 1]",0,상품 가입 및 해지,original
normal_상품 가입 및 해지_[수정]20210205 191232,"[1, 1, 1, 1, 1, 1, 1, 1]",0,상품 가입 및 해지,original
normal_상품 가입 및 해지_[수정]20210205 191417,"[1, 1, 1, 1, 1, 1, 1, 1]",0,상품 가입 및 해지,original
normal_상품 가입 및 해지_[수정]20210205 191618,"[1, 1, 1, 1, 1, 1, 1, 1, 1]",0,상품 가입 및 해지,original
normal_상품 가입 및 해지_[수정]20210205 191803,"[1, 1, 1, 1, 1, 1, 1, 1]",0,상품 가입 및 해지,original
normal_상품 가입 및 해지_[수정]20210205 191952,"[1, 1, 1, 1, 1, 1, 1, 1, 1, 1]",0,상품 가입 및 해지,original
normal_상품 가입 및 해지_[수정]20210205 192214,"[1, 1, 1, 1]",0,상품 가입 및 해지,original
normal_상품 가입 및 해지_[수정]20210205 192312,"[1, 1, 1, 1, 1, 1]",0,상품 가입 및 해지,original
normal_상품 가입 및 해지_[수정]20210205 192440,"[1, 1, 1, 1, 1]",0,상품 가입 및 해지,original
normal_상품 가입 및 해지_[수정]20210205 192547,[1],0,상품 가입 및 해지,original
normal_상품 가입 및 해지_[수정]20210205 192614,"[1, 1, 1, 1, 1]",0,상품 가입 및 해지,original
normal_상품 가입 및 해지_[수정]20210205 192727,"[1, 1, 1, 1, 1]",0,상품 가입 및 해지,original
normal_상품 가입 및 해지_[수정]20210205 192904,"[1, 1, 1, 1]",0,상품 가입 및 해지,original
normal_상품 가입 및 해지_[수정]20210205 193002,"[1, 1, 1, 1]",0,상품 가입 및 해지,original
normal_상품 가입 및 해지_[수정]20210205 193106,"[1, 1, 1, 1, 1]",0,상품 가입 및 해지,original
normal_상품 가입 및 해지_[수정]20210205 193228,"[1, 1, 1, 1, 1]",0,상품 가입 및 해지,original
normal_상품 가입 및 해지_[수정]20210205 193335,"[1, 1, 1, 1, 1, 1, 1, 1, 1, 1, 1, 1, 1]",0,상품 가입 및 해지,original
normal_상품 가입 및 해지_[수정]20210205 193618,"[1, 1, 1, 1, 1, 1, 1, 1, 1, 1, 1]",0,상품 가입 및 해지,original
normal_상품 가입 및 해지_[수정]20210205 193820,"[1, 1, 1, 1, 1, 1, 1, 1, 1, 1, 1, 1]",0,상품 가입 및 해지,original
normal_상품 가입 및 해지_[수정]20210205 194032,"[1, 1, 1, 1, 1, 1, 1, 1]",0,상품 가입 및 해지,original
normal_상품 가입 및 해지_[수정]20210205 194300,"[1, 1, 1, 1, 1, 1, 1, 1, 1]",0,상품 가입 및 해지,original
normal_상품 가입 및 해지_[수정]20210205 194441,"[1, 1, 1, 1, 1, 1, 1, 1, 1, 1, 1, 1, 1, 1, 1]",0,상품 가입 및 해지,original
normal_상품 가입 및 해지_[수정]20210205 194804,"[1, 1, 1, 1, 1, 1, 1, 1]",0,상품 가입 및 해지,original
normal_상품 가입 및 해지_[수정]20210205 195140,"[1, 1, 1, 1, 1, 1, 1, 1, 1]",0,상품 가입 및 해지,original
normal_상품 가입 및 해지_[수정]20210205 195430,"[1, 1, 1, 1, 1, 1, 1, 1]",0,상품 가입 및 해지,original
normal_상품 가입 및 해지_[수정]20210205 195453,"[1, 1, 1, 1, 1, 1, 1, 1, 1, 1, 1, 1, 1, 1, 1, 1, 1]",0,상품 가입 및 해지,original
normal_상품 가입 및 해지_[수정]20210205 195813,"[1, 1, 1, 1, 1, 1, 1, 1, 1]",0,상품 가입 및 해지,original
normal_상품 가입 및 해지_[수정]20210205 195843,"[1, 1, 1, 1, 1, 1, 1, 1, 1, 1, 1, 1, 1]",0,상품 가입 및 해지,original
normal_상품 가입 및 해지_[수정]20210205 195957,"[1, 1, 1, 1, 1, 1, 1, 1, 1]",0,상품 가입 및 해지,original
normal_상품 가입 및 해지_[수정]20210205 200130,"[1, 1, 1, 1, 1, 1, 1, 1, 1, 1, 1, 1, 1, 1]",0,상품 가입 및 해지,original
normal_상품 가입 및 해지_[수정]20210205 200145,"[1, 1, 1, 1, 1, 1, 1, 1, 1, 1]",0,상품 가입 및 해지,original
normal_상품 가입 및 해지_[수정]20210205 200331,"[1, 1, 1, 1, 1, 1, 1, 1, 1]",0,상품 가입 및 해지,original
normal_상품 가입 및 해지_[수정]20210205 200430,"[1, 1, 1, 1, 1, 1, 1, 1, 1, 1, 1, 1, 1]",0,상품 가입 및 해지,original
normal_상품 가입 및 해지_[수정]20210205 200529,"[1, 1, 1, 1, 1, 1, 1]",0,상품 가입 및 해지,original
normal_상품 가입 및 해지_[수정]20210205 200750,"[1, 1, 1, 1, 1, 1, 1, 1]",0,상품 가입 및 해지,original
normal_상품 가입 및 해지_[수정]20210205 200810,"[1, 1, 1, 1, 1, 1, 1, 1, 1, 1, 1]",0,상품 가입 및 해지,original
normal_상품 가입 및 해지_[수정]20210205 200934,"[1, 1, 1, 1, 1, 1]",0,상품 가입 및 해지,original
normal_상품 가입 및 해지_[수정]20210205 201025,"[1, 1, 1, 1, 1, 1, 1]",0,상품 가입 및 해지,original
normal_상품 가입 및 해지_[수정]20210205 201059,"[1, 1, 1]",0,상품 가입 및 해지,original
normal_상품 가입 및 해지_[수정]20210205 201206,"[1, 1, 1, 1, 1, 1, 1, 1]",0,상품 가입 및 해지,original
normal_상품 가입 및 해지_[수정]20210205 201209,"[1, 1, 1, 1, 1, 1]",0,상품 가입 및 해지,original
normal_상품 가입 및 해지_[수정]20210205 201342,"[1, 1, 1, 1, 1]",0,상품 가입 및 해지,original
normal_상품 가입 및 해지_[수정]20210205 201403,"[1, 1, 1, 1, 1, 1, 1, 1]",0,상품 가입 및 해지,original
normal_상품 가입 및 해지_[수정]20210205 201517,"[1, 1, 1, 1, 1, 1, 1]",0,상품 가입 및 해지,original
normal_상품 가입 및 해지_[수정]20210205 201755,"[1, 1, 1, 1, 1, 1]",0,상품 가입 및 해지,original
normal_상품 가입 및 해지_[수정]20210205 201943,"[1, 1, 1, 1, 1, 1]",0,상품 가입 및 해지,original
normal_상품 가입 및 해지_[수정]20210205 202117,"[1, 1, 1, 1, 1, 1, 1]",0,상품 가입 및 해지,original
normal_상품 가입 및 해지_[수정]20210205 202248,"[1, 1, 1, 1, 1]",0,상품 가입 및 해지,original
normal_상품 가입 및 해지_[수정]20210205 202356,"[1, 1, 1, 1]",0,상품 가입 및 해지,original
normal_상품 가입 및 해지_[수정]20210205 202500,"[1, 1, 1, 1, 1, 1]",0,상품 가입 및 해지,original
normal_상품 가입 및 해지_[수정]20210205 202648,"[1, 1, 1, 1, 1, 1, 1, 1]",0,상품 가입 및 해지,original
normal_상품 가입 및 해지_[수정]20210205 202835,"[1, 1, 1, 1, 1, 1, 1, 1, 1]",0,상품 가입 및 해지,original
normal_상품 가입 및 해지_[수정]20210205 203040,"[1, 1, 1, 1, 1, 1, 1, 1, 1]",0,상품 가입 및 해지,original
normal_상품 가입 및 해지_[수정]20210205 203706,"[1, 1, 1, 1, 1, 1, 1, 1]",0,상품 가입 및 해지,original
normal_상품 가입 및 해지_[수정]20210205 203859,"[1, 1, 1, 1, 1, 1]",0,상품 가입 및 해지,original
normal_상품 가입 및 해지_[수정]20210205 204023,"[1, 1, 1, 1, 1, 1]",0,상품 가입 및 해지,original
normal_상품 가입 및 해지_[수정]20210205 204156,"[1, 1, 1, 1, 1, 1, 1, 1, 1]",0,상품 가입 및 해지,original
normal_상품 가입 및 해지_[수정]20210205 204424,"[1, 1, 1, 1, 1, 1, 1, 1]",0,상품 가입 및 해지,original
normal_상품 가입 및 해지_[수정]20210205 204617,"[1, 1, 1, 1, 1]",0,상품 가입 및 해지,original
normal_상품 가입 및 해지_[수정]20210205 204736,"[1, 1, 1, 1, 1]",0,상품 가입 및 해지,original
normal_상품 가입 및 해지_[수정]20210205 204847,"[1, 1, 1, 1, 1]",0,상품 가입 및 해지,original
normal_상품 가입 및 해지_[수정]20210205 205357,"[1, 1, 1, 1, 1, 1]",0,상품 가입 및 해지,original
normal_상품 가입 및 해지_[수정]20210205 205516,"[1, 1, 1, 1, 1, 1, 1, 1, 1, 1]",0,상품 가입 및 해지,original
normal_상품 가입 및 해지_[수정]20210205 205758,"[1, 1, 1, 1, 1, 1, 1, 1, 1, 1]",0,상품 가입 및 해지,original
normal_상품 가입 및 해지_[수정]20210205 210012,"[1, 1, 1, 1, 1, 1, 1, 1, 1]",0,상품 가입 및 해지,original
normal_상품 가입 및 해지_[수정]20210205 210229,"[1, 1, 1, 1, 1, 1, 1, 1, 1]",0,상품 가입 및 해지,original
normal_상품 가입 및 해지_[수정]20210205 210512,"[1, 1, 1, 1, 1, 1, 1]",0,상품 가입 및 해지,original
normal_상품 가입 및 해지_[수정]20210205 210642,"[1, 1, 1, 1, 1, 1, 1]",0,상품 가입 및 해지,original
normal_상품 가입 및 해지_[수정]20210205 210811,"[1, 1, 1, 1, 1, 1, 1]",0,상품 가입 및 해지,original
normal_상품 가입 및 해지_[수정]20210205 210934,"[1, 1, 1, 1, 1, 1, 1, 1, 1]",0,상품 가입 및 해지,original
normal_상품 가입 및 해지_[수정]20210205 211120,"[1, 1, 1, 1]",0,상품 가입 및 해지,original
normal_상품 가입 및 해지_[수정]20210205 211212,"[1, 1, 1, 1]",0,상품 가입 및 해지,original
normal_상품 가입 및 해지_[수정]20210205 211307,"[1, 1, 1, 1]",0,상품 가입 및 해지,original
normal_상품 가입 및 해지_[수정]20210205 211515,"[1, 1, 1]",0,상품 가입 및 해지,original
normal_상품 가입 및 해지_[수정]20210205 211600,"[1, 1, 1, 1]",0,상품 가입 및 해지,original
normal_상품 가입 및 해지_[수정]20210205 211651,"[1, 1, 1, 1]",0,상품 가입 및 해지,original
normal_상품 가입 및 해지_[수정]20210205 211744,"[1, 1, 1, 1]",0,상품 가입 및 해지,original
normal_상품 가입 및 해지_[수정]20210205 211834,"[1, 1, 1]",0,상품 가입 및 해지,original
normal_상품 가입 및 해지_[수정]20210205 212228,"[1, 1, 1, 1, 1, 1, 1, 1, 1, 1, 1, 1]",0,상품 가입 및 해지,original
normal_상품 가입 및 해지_[수정]20210205 212456,"[1, 1, 1, 1, 1, 1, 1, 1, 1, 1, 1, 1, 1]",0,상품 가입 및 해지,original
normal_상품 가입 및 해지_[수정]20210205 212727,"[1, 1, 1, 1, 1, 1, 1, 1, 1, 1, 1]",0,상품 가입 및 해지,original
normal_상품 가입 및 해지_[수정]20210205 212938,"[1, 1, 1, 1, 1, 1, 1, 1]",0,상품 가입 및 해지,original
normal_상품 가입 및 해지_[수정]20210205 213117,"[1, 1, 1, 1, 1, 1, 1, 1, 1, 1, 1]",0,상품 가입 및 해지,original
normal_상품 가입 및 해지_[수정]20210205 213947,"[1, 1, 1, 1, 1, 1, 1, 1]",0,상품 가입 및 해지,original
normal_상품 가입 및 해지_[수정]20210205 214123,"[1, 1, 1, 1, 1, 1, 1, 1, 1, 1]",0,상품 가입 및 해지,original
normal_상품 가입 및 해지_[수정]20210205 214332,"[1, 1, 1, 1, 1, 1, 1, 1, 1, 1]",0,상품 가입 및 해지,original
normal_상품 가입 및 해지_[수정]20210205 214532,"[1, 1, 1, 1, 1, 1, 1]",0,상품 가입 및 해지,original
normal_상품 가입 및 해지_[수정]20210205 214700,"[1, 1, 1, 1, 1, 1, 1]",0,상품 가입 및 해지,original
normal_상품 가입 및 해지_[수정]20210205 214830,"[1, 1, 1, 1, 1, 1, 1]",0,상품 가입 및 해지,original
normal_상품 가입 및 해지_[수정]20210205 214958,"[1, 1, 1, 1, 1, 1, 1, 1, 1, 1, 1]",0,상품 가입 및 해지,original
normal_상품 가입 및 해지_[수정]20210205 215209,"[1, 1, 1, 1, 1, 1, 1, 1]",0,상품 가입 및 해지,original
normal_상품 가입 및 해지_[수정]20210205 215352,"[1, 1, 1, 1, 1, 1, 1, 1, 1]",0,상품 가입 및 해지,original
normal_상품 가입 및 해지_[수정]20210205 215540,"[1, 1, 1, 1, 1, 1, 1, 1, 1, 1, 1]",0,상품 가입 및 해지,original
normal_상품 가입 및 해지_[수정]20210205 215740,"[1, 1, 1, 1, 1, 1, 1]",0,상품 가입 및 해지,original
normal_상품 가입 및 해지_[수정]20210205 215906,"[1, 1, 1, 1, 1, 1, 1, 1, 1, 1, 1]",0,상품 가입 및 해지,original
normal_상품 가입 및 해지_[수정]20210205 220126,"[1, 1, 1, 1, 1, 1, 1, 1, 1]",0,상품 가입 및 해지,original
normal_상품 가입 및 해지_[수정]20210205 220313,"[1, 1, 1, 1, 1, 1, 1, 1]",0,상품 가입 및 해지,original
normal_상품 가입 및 해지_[수정]20210205 220506,"[1, 1, 1, 1, 1, 1, 1, 1, 1, 1, 1, 1, 1]",0,상품 가입 및 해지,original
normal_상품 가입 및 해지_[수정]20210205 220725,"[1, 1, 1, 1, 1, 1, 1]",0,상품 가입 및 해지,original
normal_상품 가입 및 해지_[수정]20210205 220850,"[1, 1, 1, 1, 1, 1, 1, 1, 1]",0,상품 가입 및 해지,original
normal_상품 가입 및 해지_[수정]20210205 221032,"[1, 1, 1, 1, 1, 1, 1, 1]",0,상품 가입 및 해지,original
normal_상품 가입 및 해지_[수정]20210205 221210,"[1, 1, 1, 1, 1, 1, 1, 1]",0,상품 가입 및 해지,original
normal_상품 가입 및 해지_[수정]20210205 221337,"[1, 1, 1, 1, 1, 1, 1, 1]",0,상품 가입 및 해지,original
normal_상품 가입 및 해지_[수정]20210205 221500,"[1, 1, 1, 1, 1, 1, 1, 1]",0,상품 가입 및 해지,original
normal_상품 가입 및 해지_[수정]20210205 221631,"[1, 1, 1, 1, 1, 1, 1, 1]",0,상품 가입 및 해지,original
normal_상품 가입 및 해지_[수정]20210205 221802,"[1, 1, 1, 1, 1, 1, 1]",0,상품 가입 및 해지,original
normal_상품 가입 및 해지_[수정]20210205 222023,"[1, 1, 1, 1, 1, 1, 1, 1]",0,상품 가입 및 해지,original
normal_상품 가입 및 해지_[수정]20210205 222152,"[1, 1, 1, 1, 1, 1]",0,상품 가입 및 해지,original
normal_상품 가입 및 해지_[수정]20210205 222301,"[1, 1, 1, 1, 1, 1, 1, 1, 1]",0,상품 가입 및 해지,original
normal_상품 가입 및 해지_[수정]20210205 222443,"[1, 1, 1, 1, 1, 1, 1]",0,상품 가입 및 해지,original
normal_상품 가입 및 해지_[수정]20210205 222603,"[1, 1, 1, 1, 1, 1, 1, 1]",0,상품 가입 및 해지,original
normal_상품 가입 및 해지_[수정]20210205 222727,"[1, 1, 1, 1, 1, 1, 1, 1, 1, 1]",0,상품 가입 및 해지,original
normal_상품 가입 및 해지_[수정]20210205 222923,"[1, 1, 1, 1, 1, 1, 1, 1, 1]",0,상품 가입 및 해지,original
normal_상품 가입 및 해지_[수정]20210205 223110,"[1, 1, 1, 1, 1, 1, 1, 1, 1]",0,상품 가입 및 해지,original
normal_상품 가입 및 해지_[수정]20210205 223255,"[1, 1, 1, 1, 1, 1, 1, 1]",0,상품 가입 및 해지,original
normal_상품 가입 및 해지_[수정]20210205 223423,"[1, 1, 1, 1, 1, 1, 1, 1, 1, 1]",0,상품 가입 및 해지,original
normal_상품 가입 및 해지_[수정]20210205 223823,"[1, 1, 1, 1, 1, 1, 1, 1]",0,상품 가입 및 해지,original
normal_상품 가입 및 해지_[수정]20210205 223958,"[1, 1, 1, 1, 1, 1, 1]",0,상품 가입 및 해지,original
normal_상품 가입 및 해지_[수정]20210205 224147,"[1, 1, 1, 1, 1, 1, 1, 1]",0,상품 가입 및 해지,original
normal_상품 가입 및 해지_[수정]20210205 224330,"[1, 1, 1, 1, 1, 1, 1, 1, 1]",0,상품 가입 및 해지,original
normal_상품 가입 및 해지_[수정]20210205 224515,"[1, 1, 1, 1, 1, 1, 1, 1]",0,상품 가입 및 해지,original
normal_상품 가입 및 해지_[수정]20210205 224731,"[1, 1, 1, 1, 1, 1, 1, 1, 1, 1]",0,상품 가입 및 해지,original
normal_상품 가입 및 해지_[수정]20210205 224923,"[1, 1, 1, 1, 1, 1, 1, 1]",0,상품 가입 및 해지,original
normal_상품 가입 및 해지_[수정]20210206 213114,"[1, 1, 1, 1, 1, 1, 1, 1]",0,상품 가입 및 해지,original
normal_상품 가입 및 해지_[수정]20210206 213307,"[1, 1, 1, 1, 1, 1, 1, 1]",0,상품 가입 및 해지,original
normal_상품 가입 및 해지_[수정]20210206 213449,"[1, 1, 1, 1, 1, 1, 1]",0,상품 가입 및 해지,original
normal_상품 가입 및 해지_[수정]20210206 213622,"[1, 1, 1, 1, 1, 1, 1, 1, 1]",0,상품 가입 및 해지,original
normal_상품 가입 및 해지_[수정]20210206 213812,"[1, 1, 1, 1, 1, 1, 1]",0,상품 가입 및 해지,original
normal_상품 가입 및 해지_[수정]20210206 213956,"[1, 1, 1, 1, 1, 1]",0,상품 가입 및 해지,original
normal_상품 가입 및 해지_[수정]20210206 214117,"[1, 1, 1, 1, 1, 1, 1]",0,상품 가입 및 해지,original
normal_상품 가입 및 해지_[수정]20210206 214244,"[1, 1, 1, 1, 1, 1, 1, 1]",0,상품 가입 및 해지,original
normal_상품 가입 및 해지_[수정]20210206 214419,"[1, 1, 1, 1, 1, 1]",0,상품 가입 및 해지,original
normal_상품 가입 및 해지_[수정]20210206 214542,"[1, 1, 1]",0,상품 가입 및 해지,original
normal_상품 가입 및 해지_[수정]20210206 214643,"[1, 1, 1, 1, 1]",0,상품 가입 및 해지,original
normal_상품 가입 및 해지_[수정]20210206 214749,"[1, 1, 1, 1]",0,상품 가입 및 해지,original
normal_상품 가입 및 해지_[수정]20210206 214852,"[1, 1, 1, 1, 1]",0,상품 가입 및 해지,original
normal_상품 가입 및 해지_[수정]20210206 215000,"[1, 1, 1, 1, 1]",0,상품 가입 및 해지,original
normal_상품 가입 및 해지_[수정]20210206 215105,"[1, 1, 1, 1, 1]",0,상품 가입 및 해지,original
normal_상품 가입 및 해지_[수정]20210206 215217,"[1, 1, 1, 1, 1, 1, 1]",0,상품 가입 및 해지,original
normal_상품 가입 및 해지_[수정]20210206 215350,"[1, 1, 1, 1]",0,상품 가입 및 해지,original
normal_상품 가입 및 해지_[수정]20210206 215449,"[1, 1, 1, 1, 1]",0,상품 가입 및 해지,original
normal_상품 가입 및 해지_[수정]20210206 215555,"[1, 1, 1, 1, 1]",0,상품 가입 및 해지,original
normal_상품 가입 및 해지_[수정]20210206 215704,"[1, 1, 1, 1]",0,상품 가입 및 해지,original
normal_상품 가입 및 해지_[수정]20210206 215755,"[1, 1, 1, 1]",0,상품 가입 및 해지,original
normal_상품 가입 및 해지_[수정]20210206 215901,"[1, 1, 1, 1, 1, 1]",0,상품 가입 및 해지,original
normal_상품 가입 및 해지_[수정]20210206 220015,"[1, 1, 1, 1, 1, 1]",0,상품 가입 및 해지,original
normal_상품 가입 및 해지_[수정]20210206 220303,"[1, 1, 1, 1, 1]",0,상품 가입 및 해지,original
normal_상품 가입 및 해지_[수정]20210206 220417,"[1, 1, 1, 1, 1]",0,상품 가입 및 해지,original
normal_상품 가입 및 해지_[수정]20210206 220529,"[1, 1, 1, 1, 1]",0,상품 가입 및 해지,original
normal_상품 가입 및 해지_[수정]20210206 220656,"[1, 1, 1, 1, 1, 1, 1, 1, 1]",0,상품 가입 및 해지,original
normal_상품 가입 및 해지_[수정]20210206 220857,"[1, 1, 1, 1, 1, 1, 1, 1]",0,상품 가입 및 해지,original
normal_상품 가입 및 해지_[수정]20210206 221034,"[1, 1, 1, 1, 1, 1, 1]",0,상품 가입 및 해지,original
normal_상품 가입 및 해지_[수정]20210206 221252,"[1, 1, 1, 1, 1, 1]",0,상품 가입 및 해지,original
normal_상품 가입 및 해지_[수정]20210206 221425,"[1, 1, 1, 1]",0,상품 가입 및 해지,original
normal_상품 가입 및 해지_[수정]20210206 221525,"[1, 1, 1, 1, 1, 1]",0,상품 가입 및 해지,original
normal_상품 가입 및 해지_[수정]20210206 221658,"[1, 1, 1, 1, 1]",0,상품 가입 및 해지,original
normal_상품 가입 및 해지_[수정]20210206 221817,"[1, 1, 1, 1, 1, 1, 1, 1]",0,상품 가입 및 해지,original
normal_상품 가입 및 해지_[수정]20210206 222008,"[1, 1, 1, 1, 1, 1, 1, 1, 1]",0,상품 가입 및 해지,original
normal_상품 가입 및 해지_[수정]20210206 222213,"[1, 1, 1, 1, 1, 1, 1]",0,상품 가입 및 해지,original
normal_상품 가입 및 해지_[수정]20210206 222442,"[1, 1]",0,상품 가입 및 해지,original
normal_상품 가입 및 해지_[수정]20210206 222609,"[1, 1, 1, 1, 1]",0,상품 가입 및 해지,original
normal_상품 가입 및 해지_[수정]20210206 222715,"[1, 1, 1, 1, 1, 1]",0,상품 가입 및 해지,original
normal_상품 가입 및 해지_[수정]20210206 222833,"[1, 1, 1, 1]",0,상품 가입 및 해지,original
normal_상품 가입 및 해지_[수정]20210206 222925,"[1, 1, 1]",0,상품 가입 및 해지,original
normal_상품 가입 및 해지_[수정]20210206 223054,"[1, 1, 1]",0,상품 가입 및 해지,original
normal_상품 가입 및 해지_[수정]20210206 223141,"[1, 1, 1, 1, 1, 1]",0,상품 가입 및 해지,original
normal_상품 가입 및 해지_[수정]20210206 223258,"[1, 1, 1, 1, 1, 1]",0,상품 가입 및 해지,original
normal_상품 가입 및 해지_[수정]20210206 223426,"[1, 1, 1]",0,상품 가입 및 해지,original
normal_상품 가입 및 해지_[수정]20210206 223507,"[1, 1, 1, 1]",0,상품 가입 및 해지,original
normal_상품 가입 및 해지_[수정]20210206 223609,"[1, 1, 1, 1]",0,상품 가입 및 해지,original
normal_상품 가입 및 해지_[수정]20210206 223707,"[1, 1, 1, 1]",0,상품 가입 및 해지,original
normal_상품 가입 및 해지_[수정]20210206 223807,"[1, 1, 1, 1, 1, 1]",0,상품 가입 및 해지,original
normal_상품 가입 및 해지_[수정]20210206 223950,"[1, 1, 1]",0,상품 가입 및 해지,original
normal_상품 가입 및 해지_[수정]20210206 224029,"[1, 1, 1, 1, 1]",0,상품 가입 및 해지,original
normal_상품 가입 및 해지_[수정]20210206 224134,"[1, 1, 1]",0,상품 가입 및 해지,original
normal_상품 가입 및 해지_[수정]20210206 224223,"[1, 1, 1, 1]",0,상품 가입 및 해지,original
normal_상품 가입 및 해지_[수정]20210206 224320,"[1, 1, 1]",0,상품 가입 및 해지,original
normal_상품 가입 및 해지_[수정]20210206 224424,"[1, 1, 1]",0,상품 가입 및 해지,original
normal_상품 가입 및 해지_[수정]20210206 224514,"[1, 1, 1, 1, 1, 1]",0,상품 가입 및 해지,original
normal_상품 가입 및 해지_[수정]20210206 224701,"[1, 1, 1, 1, 1, 1, 1, 1]",0,상품 가입 및 해지,original
normal_상품 가입 및 해지_[수정]20210206 224846,"[1, 1, 1, 1, 1, 1, 1, 1]",0,상품 가입 및 해지,original
normal_상품 가입 및 해지_[수정]20210206 225033,"[1, 1, 1, 1, 1]",0,상품 가입 및 해지,original
normal_상품 가입 및 해지_[수정]20210206 225150,"[1, 1, 1, 1, 1]",0,상품 가입 및 해지,original
normal_상품 가입 및 해지_[수정]천곡동 1,"[1, 1, 1, 1]",0,상품 가입 및 해지,original
normal_상품 가입 및 해지_[수정]천곡동 10,"[1, 1, 1, 1]",0,상품 가입 및 해지,original
normal_상품 가입 및 해지_[수정]천곡동 100,"[1, 1, 1]",0,상품 가입 및 해지,original
normal_상품 가입 및 해지_[수정]천곡동 101,"[1, 1, 1, 1]",0,상품 가입 및 해지,original
normal_상품 가입 및 해지_[수정]천곡동 11,"[1, 1, 1, 1]",0,상품 가입 및 해지,original
normal_상품 가입 및 해지_[수정]천곡동 12,"[1, 1, 1]",0,상품 가입 및 해지,original
normal_상품 가입 및 해지_[수정]천곡동 13,"[1, 1, 1, 1, 1, 1, 1]",0,상품 가입 및 해지,original
normal_상품 가입 및 해지_[수정]천곡동 14,"[1, 1, 1, 1]",0,상품 가입 및 해지,original
normal_상품 가입 및 해지_[수정]천곡동 15,"[1, 1, 1, 1, 1]",0,상품 가입 및 해지,original
normal_상품 가입 및 해지_[수정]천곡동 16,"[1, 1, 1, 1, 1, 1]",0,상품 가입 및 해지,original
normal_상품 가입 및 해지_[수정]천곡동 17,"[1, 1, 1, 1, 1]",0,상품 가입 및 해지,original
normal_상품 가입 및 해지_[수정]천곡동 18,"[1, 1, 1, 1, 1, 1]",0,상품 가입 및 해지,original
normal_상품 가입 및 해지_[수정]천곡동 19,"[1, 1, 1, 1, 1, 1]",0,상품 가입 및 해지,original
normal_상품 가입 및 해지_[수정]천곡동 2,"[1, 1, 1, 1]",0,상품 가입 및 해지,original
normal_상품 가입 및 해지_[수정]천곡동 20,"[1, 1, 1, 1]",0,상품 가입 및 해지,original
normal_상품 가입 및 해지_[수정]천곡동 21,"[1, 1, 1, 1, 1]",0,상품 가입 및 해지,original
normal_상품 가입 및 해지_[수정]천곡동 22,"[1, 1, 1, 1, 1]",0,상품 가입 및 해지,original
normal_상품 가입 및 해지_[수정]천곡동 23,"[1, 1, 1, 1, 1]",0,상품 가입 및 해지,original
normal_상품 가입 및 해지_[수정]천곡동 24,"[1, 1, 1, 1, 1, 1]",0,상품 가입 및 해지,original
normal_상품 가입 및 해지_[수정]천곡동 25,"[1, 1, 1, 1, 1, 1]",0,상품 가입 및 해지,original
normal_상품 가입 및 해지_[수정]천곡동 26,"[1, 1, 1, 1, 1]",0,상품 가입 및 해지,original
normal_상품 가입 및 해지_[수정]천곡동 27,"[1, 1, 1, 1, 1, 1]",0,상품 가입 및 해지,original
normal_상품 가입 및 해지_[수정]천곡동 28,"[1, 1, 1, 1, 1, 1]",0,상품 가입 및 해지,original
normal_상품 가입 및 해지_[수정]천곡동 29,"[1, 1, 1, 1, 1, 1]",0,상품 가입 및 해지,original
normal_상품 가입 및 해지_[수정]천곡동 3,"[1, 1, 1]",0,상품 가입 및 해지,original
normal_상품 가입 및 해지_[수정]천곡동 30,"[1, 1, 1, 1, 1]",0,상품 가입 및 해지,original
normal_상품 가입 및 해지_[수정]천곡동 31,"[1, 1, 1, 1, 1, 1]",0,상품 가입 및 해지,original
normal_상품 가입 및 해지_[수정]천곡동 32,"[1, 1, 1, 1, 1, 1]",0,상품 가입 및 해지,original
normal_상품 가입 및 해지_[수정]천곡동 33,"[1, 1, 1, 1, 1, 1]",0,상품 가입 및 해지,original
normal_상품 가입 및 해지_[수정]천곡동 34,"[1, 1, 1, 1, 1, 1]",0,상품 가입 및 해지,original
normal_상품 가입 및 해지_[수정]천곡동 35,"[1, 1, 1, 1, 1, 1, 1]",0,상품 가입 및 해지,original
normal_상품 가입 및 해지_[수정]천곡동 36,"[1, 1, 1, 1, 1, 1, 1]",0,상품 가입 및 해지,original
normal_상품 가입 및 해지_[수정]천곡동 37,"[1, 1, 1, 1, 1, 1, 1]",0,상품 가입 및 해지,original
normal_상품 가입 및 해지_[수정]천곡동 38,"[1, 1, 1, 1, 1]",0,상품 가입 및 해지,original
normal_상품 가입 및 해지_[수정]천곡동 39,"[1, 1, 1, 1, 1]",0,상품 가입 및 해지,original
normal_상품 가입 및 해지_[수정]천곡동 4,"[1, 1, 1, 1]",0,상품 가입 및 해지,original
normal_상품 가입 및 해지_[수정]천곡동 40,"[1, 1, 1, 1, 1, 1, 1]",0,상품 가입 및 해지,original
normal_상품 가입 및 해지_[수정]천곡동 41,"[1, 1, 1, 1, 1, 1, 1]",0,상품 가입 및 해지,original
normal_상품 가입 및 해지_[수정]천곡동 42,"[1, 1, 1, 1, 1, 1]",0,상품 가입 및 해지,original
normal_상품 가입 및 해지_[수정]천곡동 43,"[1, 1, 1, 1, 1, 1, 1]",0,상품 가입 및 해지,original
normal_상품 가입 및 해지_[수정]천곡동 44,"[1, 1, 1, 1, 1]",0,상품 가입 및 해지,original
normal_상품 가입 및 해지_[수정]천곡동 45,"[1, 1, 1, 1, 1, 1, 1, 1]",0,상품 가입 및 해지,original
normal_상품 가입 및 해지_[수정]천곡동 46,"[1, 1, 1, 1, 1]",0,상품 가입 및 해지,original
normal_상품 가입 및 해지_[수정]천곡동 47,"[1, 1, 1, 1, 1, 1, 1, 1]",0,상품 가입 및 해지,original
normal_상품 가입 및 해지_[수정]천곡동 48,"[1, 1, 1, 1, 1, 1]",0,상품 가입 및 해지,original
normal_상품 가입 및 해지_[수정]천곡동 49,"[1, 1, 1, 1]",0,상품 가입 및 해지,original
normal_상품 가입 및 해지_[수정]천곡동 5,"[1, 1, 1, 1]",0,상품 가입 및 해지,original
normal_상품 가입 및 해지_[수정]천곡동 50,"[1, 1, 1, 1, 1, 1]",0,상품 가입 및 해지,original
normal_상품 가입 및 해지_[수정]천곡동 51,"[1, 1]",0,상품 가입 및 해지,original
normal_상품 가입 및 해지_[수정]천곡동 52,"[1, 1, 1]",0,상품 가입 및 해지,original
normal_상품 가입 및 해지_[수정]천곡동 53,"[1, 1]",0,상품 가입 및 해지,original
normal_상품 가입 및 해지_[수정]천곡동 54,"[1, 1, 1, 1]",0,상품 가입 및 해지,original
normal_상품 가입 및 해지_[수정]천곡동 55,"[1, 1, 1, 1, 1]",0,상품 가입 및 해지,original
normal_상품 가입 및 해지_[수정]천곡동 56,"[1, 1, 1, 1, 1, 1]",0,상품 가입 및 해지,original
normal_상품 가입 및 해지_[수정]천곡동 57,"[1, 1, 1]",0,상품 가입 및 해지,original
normal_상품 가입 및 해지_[수정]천곡동 58,"[1, 1, 1, 1, 1]",0,상품 가입 및 해지,original
normal_상품 가입 및 해지_[수정]천곡동 59,"[1, 1, 1, 1, 1]",0,상품 가입 및 해지,original
normal_상품 가입 및 해지_[수정]천곡동 6,"[1, 1, 1, 1]",0,상품 가입 및 해지,original
normal_상품 가입 및 해지_[수정]천곡동 60,"[1, 1, 1, 1]",0,상품 가입 및 해지,original
normal_상품 가입 및 해지_[수정]천곡동 61,"[1, 1, 1, 1]",0,상품 가입 및 해지,original
normal_상품 가입 및 해지_[수정]천곡동 62,"[1, 1, 1]",0,상품 가입 및 해지,original
normal_상품 가입 및 해지_[수정]천곡동 63,"[1, 1, 1, 1, 1, 1, 1, 1, 1]",0,상품 가입 및 해지,original
normal_상품 가입 및 해지_[수정]천곡동 64,"[1, 1, 1, 1, 1]",0,상품 가입 및 해지,original
normal_상품 가입 및 해지_[수정]천곡동 65,"[1, 1, 1, 1]",0,상품 가입 및 해지,original
normal_상품 가입 및 해지_[수정]천곡동 66,"[1, 1, 1, 1]",0,상품 가입 및 해지,original
normal_상품 가입 및 해지_[수정]천곡동 67,"[1, 1, 1, 1]",0,상품 가입 및 해지,original
normal_상품 가입 및 해지_[수정]천곡동 68,"[1, 1, 1, 1, 1]",0,상품 가입 및 해지,original
normal_상품 가입 및 해지_[수정]천곡동 69,"[1, 1, 1]",0,상품 가입 및 해지,original
normal_상품 가입 및 해지_[수정]천곡동 7,"[1, 1, 1, 1]",0,상품 가입 및 해지,original
normal_상품 가입 및 해지_[수정]천곡동 70,"[1, 1, 1, 1, 1, 1]",0,상품 가입 및 해지,original
normal_상품 가입 및 해지_[수정]천곡동 71,"[1, 1, 1, 1, 1, 1]",0,상품 가입 및 해지,original
normal_상품 가입 및 해지_[수정]천곡동 72,"[1, 1, 1, 1, 1, 1, 1]",0,상품 가입 및 해지,original
normal_상품 가입 및 해지_[수정]천곡동 73,"[1, 1, 1, 1, 1, 1, 1]",0,상품 가입 및 해지,original
normal_상품 가입 및 해지_[수정]천곡동 74,"[1, 1, 1, 1]",0,상품 가입 및 해지,original
normal_상품 가입 및 해지_[수정]천곡동 75,"[1, 1, 1, 1, 1, 1]",0,상품 가입 및 해지,original
normal_상품 가입 및 해지_[수정]천곡동 76,"[1, 1, 1, 1, 1, 1]",0,상품 가입 및 해지,original
normal_상품 가입 및 해지_[수정]천곡동 77,"[1, 1, 1, 1]",0,상품 가입 및 해지,original
normal_상품 가입 및 해지_[수정]천곡동 78,"[1, 1, 1, 1]",0,상품 가입 및 해지,original
normal_상품 가입 및 해지_[수정]천곡동 79,"[1, 1, 1]",0,상품 가입 및 해지,original
normal_상품 가입 및 해지_[수정]천곡동 8,"[1, 1, 1, 1]",0,상품 가입 및 해지,original
normal_상품 가입 및 해지_[수정]천곡동 80,"[1, 1, 1, 1]",0,상품 가입 및 해지,original
normal_상품 가입 및 해지_[수정]천곡동 81,"[1, 1, 1, 1]",0,상품 가입 및 해지,original
normal_상품 가입 및 해지_[수정]천곡동 82,"[1, 1, 1, 1]",0,상품 가입 및 해지,original
normal_상품 가입 및 해지_[수정]천곡동 83,"[1, 1, 1, 1]",0,상품 가입 및 해지,original
normal_상품 가입 및 해지_[수정]천곡동 84,"[1, 1, 1, 1]",0,상품 가입 및 해지,original
normal_상품 가입 및 해지_[수정]천곡동 85,"[1, 1, 1]",0,상품 가입 및 해지,original
normal_상품 가입 및 해지_[수정]천곡동 86,"[1, 1, 1, 1]",0,상품 가입 및 해지,original
normal_상품 가입 및 해지_[수정]천곡동 87,"[1, 1, 1, 1]",0,상품 가입 및 해지,original
normal_상품 가입 및 해지_[수정]천곡동 88,"[1, 1, 1, 1]",0,상품 가입 및 해지,original
normal_상품 가입 및 해지_[수정]천곡동 89,"[1, 1, 1, 1]",0,상품 가입 및 해지,original
normal_상품 가입 및 해지_[수정]천곡동 9,"[1, 1, 1, 1]",0,상품 가입 및 해지,original
normal_상품 가입 및 해지_[수정]천곡동 90,"[1, 1, 1, 1]",0,상품 가입 및 해지,original
normal_상품 가입 및 해지_[수정]천곡동 91,"[1, 1, 1, 1]",0,상품 가입 및 해지,original
normal_상품 가입 및 해지_[수정]천곡동 92,"[1, 1, 1]",0,상품 가입 및 해지,original
normal_상품 가입 및 해지_[수정]천곡동 93,"[1, 1, 1, 1]",0,상품 가입 및 해지,original
normal_상품 가입 및 해지_[수정]천곡동 94,"[1, 1, 1, 1]",0,상품 가입 및 해지,original
normal_상품 가입 및 해지_[수정]천곡동 95,"[1, 1, 1, 1]",0,상품 가입 및 해지,original
normal_상품 가입 및 해지_[수정]천곡동 96,"[1, 1, 1]",0,상품 가입 및 해지,original
normal_상품 가입 및 해지_[수정]천곡동 97,"[1, 1, 1]",0,상품 가입 및 해지,original
normal_상품 가입 및 해지_[수정]천곡동 98,"[1, 1, 1]",0,상품 가입 및 해지,original
normal_상품 가입 및 해지_[수정]천곡동 99,"[1, 1, 1, 1]",0,상품 가입 및 해지,original
normal_이체 출금 대출서비스_[수정]20210125 214547,"[1, 1, 1, 1, 1, 1, 1, 1]",0,이체 출금 대출서비스,original
normal_이체 출금 대출서비스_[수정]20210125 214822,"[1, 1, 1, 1, 1, 1, 1]",0,이체 출금 대출서비스,original
normal_이체 출금 대출서비스_[수정]20210125 215314,"[1, 1, 1, 1, 1, 1, 1, 1]",0,이체 출금 대출서비스,original
normal_이체 출금 대출서비스_[수정]20210125 215533,"[1, 1, 1, 1, 1, 1, 1]",0,이체 출금 대출서비스,original
normal_이체 출금 대출서비스_[수정]20210125 215851,"[1, 1, 1, 1, 1, 1, 1, 1, 1]",0,이체 출금 대출서비스,original
normal_이체 출금 대출서비스_[수정]20210125 220136,"[1, 1, 1, 1, 1, 1, 1, 1, 1]",0,이체 출금 대출서비스,original
normal_이체 출금 대출서비스_[수정]20210125 220638,"[1, 1, 1, 1, 1, 1, 1, 1, 1]",0,이체 출금 대출서비스,original
normal_이체 출금 대출서비스_[수정]20210125 221036,"[1, 1, 1, 1, 1, 1, 1, 1, 1]",0,이체 출금 대출서비스,original
normal_이체 출금 대출서비스_[수정]20210125 222553,"[1, 1, 1, 1, 1, 1]",0,이체 출금 대출서비스,original
normal_이체 출금 대출서비스_[수정]20210125 222956,"[1, 1, 1, 1, 1, 1, 1, 1]",0,이체 출금 대출서비스,original
normal_이체 출금 대출서비스_[수정]20210125 223655,"[1, 1, 1, 1, 1, 1, 1, 1]",0,이체 출금 대출서비스,original
normal_이체 출금 대출서비스_[수정]20210125 224034,"[1, 1, 1, 1, 1, 1, 1, 1]",0,이체 출금 대출서비스,original
normal_이체 출금 대출서비스_[수정]20210125 224305,"[1, 1, 1, 1, 1, 1, 1]",0,이체 출금 대출서비스,original
normal_이체 출금 대출서비스_[수정]20210125 224600,"[1, 1, 1, 1, 1, 1, 1]",0,이체 출금 대출서비스,original
normal_이체 출금 대출서비스_[수정]20210125 224914,"[1, 1, 1, 1, 1, 1]",0,이체 출금 대출서비스,original
normal_이체 출금 대출서비스_[수정]20210125 225108,"[1, 1, 1, 1, 1, 1]",0,이체 출금 대출서비스,original
normal_이체 출금 대출서비스_[수정]20210125 225328,"[1, 1, 1, 1, 1, 1, 1, 1, 1]",0,이체 출금 대출서비스,original
normal_이체 출금 대출서비스_[수정]20210125 225631,"[1, 1, 1, 1, 1, 1, 1, 1]",0,이체 출금 대출서비스,original
normal_이체 출금 대출서비스_[수정]20210125 225956,"[1, 1, 1, 1, 1, 1, 1, 1]",0,이체 출금 대출서비스,original
normal_이체 출금 대출서비스_[수정]20210125 230314,"[1, 1, 1, 1, 1, 1, 1]",0,이체 출금 대출서비스,original
normal_이체 출금 대출서비스_[수정]20210126 111249,"[1, 1, 1, 1, 1, 1, 1, 1, 1]",0,이체 출금 대출서비스,original
normal_이체 출금 대출서비스_[수정]20210126 111901,"[1, 1, 1, 1, 1, 1, 1, 1, 1]",0,이체 출금 대출서비스,original
normal_이체 출금 대출서비스_[수정]20210126 112157,"[1, 1, 1, 1, 1, 1, 1, 1, 1]",0,이체 출금 대출서비스,original
normal_이체 출금 대출서비스_[수정]20210126 112713,"[1, 1, 1, 1, 1, 1, 1, 1]",0,이체 출금 대출서비스,original
normal_이체 출금 대출서비스_[수정]20210126 113002,"[1, 1, 1, 1, 1, 1, 1, 1]",0,이체 출금 대출서비스,original
normal_이체 출금 대출서비스_[수정]20210126 143441,"[1, 1, 1, 1, 1, 1, 1]",0,이체 출금 대출서비스,original
normal_이체 출금 대출서비스_[수정]20210126 143826,"[1, 1, 1, 1, 1, 1, 1, 1]",0,이체 출금 대출서비스,original
normal_이체 출금 대출서비스_[수정]20210126 144147,"[1, 1, 1, 1, 1, 1, 1]",0,이체 출금 대출서비스,original
normal_이체 출금 대출서비스_[수정]20210126 144433,"[1, 1, 1, 1, 1, 1, 1]",0,이체 출금 대출서비스,original
normal_이체 출금 대출서비스_[수정]20210126 144629,"[1, 1, 1, 1, 1, 1, 1, 1]",0,이체 출금 대출서비스,original
normal_이체 출금 대출서비스_[수정]20210126 144835,"[1, 1, 1, 1, 1, 1]",0,이체 출금 대출서비스,original
normal_이체 출금 대출서비스_[수정]20210126 145132,"[1, 1, 1, 1, 1, 1, 1]",0,이체 출금 대출서비스,original
normal_이체 출금 대출서비스_[수정]20210126 145557,"[1, 1, 1, 1, 1, 1]",0,이체 출금 대출서비스,original
normal_이체 출금 대출서비스_[수정]20210126 145817,"[1, 1, 1, 1, 1, 1]",0,이체 출금 대출서비스,original
normal_이체 출금 대출서비스_[수정]20210126 150357,"[1, 1, 1, 1, 1, 1]",0,이체 출금 대출서비스,original
normal_이체 출금 대출서비스_[수정]20210126 150751,"[1, 1, 1, 1, 1, 1]",0,이체 출금 대출서비스,original
normal_이체 출금 대출서비스_[수정]20210126 150954,"[1, 1, 1, 1, 1, 1, 1, 1]",0,이체 출금 대출서비스,original
normal_이체 출금 대출서비스_[수정]20210126 151515,"[1, 1, 1, 1, 1, 1, 1, 1, 1]",0,이체 출금 대출서비스,original
normal_이체 출금 대출서비스_[수정]20210126 152040,"[1, 1, 1, 1, 1, 1, 1, 1]",0,이체 출금 대출서비스,original
normal_이체 출금 대출서비스_[수정]20210126 152326,"[1, 1, 1, 1, 1, 1, 1, 1]",0,이체 출금 대출서비스,original
normal_이체 출금 대출서비스_[수정]20210126 152629,"[1, 1, 1, 1, 1, 1]",0,이체 출금 대출서비스,original
normal_이체 출금 대출서비스_[수정]20210126 153307,"[1, 1, 1, 1, 1, 1, 1, 1]",0,이체 출금 대출서비스,original
normal_이체 출금 대출서비스_[수정]20210126 153638,"[1, 1, 1, 1, 1, 1, 1]",0,이체 출금 대출서비스,original
normal_이체 출금 대출서비스_[수정]20210126 153925,"[1, 1, 1, 1, 1, 1, 1]",0,이체 출금 대출서비스,original
normal_이체 출금 대출서비스_[수정]20210126 154159,"[1, 1, 1, 1, 1, 1, 1, 1, 1, 1, 1]",0,이체 출금 대출서비스,original
normal_이체 출금 대출서비스_[수정]20210126 154750,"[1, 1, 1, 1, 1, 1, 1, 1, 1]",0,이체 출금 대출서비스,original
normal_이체 출금 대출서비스_[수정]20210126 155322,"[1, 1, 1, 1, 1, 1, 1, 1, 1, 1]",0,이체 출금 대출서비스,original
normal_이체 출금 대출서비스_[수정]20210126 155837,"[1, 1, 1, 1, 1, 1, 1, 1]",0,이체 출금 대출서비스,original
normal_이체 출금 대출서비스_[수정]20210126 160709,"[1, 1, 1, 1, 1, 1, 1, 1, 1]",0,이체 출금 대출서비스,original
normal_이체 출금 대출서비스_[수정]20210126 162059,"[1, 1, 1, 1, 1, 1, 1]",0,이체 출금 대출서비스,original
normal_이체 출금 대출서비스_[수정]20210126 162243,"[1, 1, 1, 1, 1]",0,이체 출금 대출서비스,original
normal_이체 출금 대출서비스_[수정]20210126 220458,"[1, 1, 1, 1, 1]",0,이체 출금 대출서비스,original
normal_이체 출금 대출서비스_[수정]20210126 220639,"[1, 1, 1, 1, 1, 1]",0,이체 출금 대출서비스,original
normal_이체 출금 대출서비스_[수정]20210126 220937,"[1, 1, 1, 1, 1, 1]",0,이체 출금 대출서비스,original
normal_이체 출금 대출서비스_[수정]20210126 221112,"[1, 1, 1, 1, 1, 1]",0,이체 출금 대출서비스,original
normal_이체 출금 대출서비스_[수정]20210126 221416,"[1, 1, 1, 1, 1, 1]",0,이체 출금 대출서비스,original
normal_이체 출금 대출서비스_[수정]20210126 221548,"[1, 1, 1, 1, 1]",0,이체 출금 대출서비스,original
normal_이체 출금 대출서비스_[수정]20210126 221803,"[1, 1, 1, 1]",0,이체 출금 대출서비스,original
normal_이체 출금 대출서비스_[수정]20210126 221923,"[1, 1, 1, 1, 1, 1]",0,이체 출금 대출서비스,original
normal_이체 출금 대출서비스_[수정]20210126 222644,"[1, 1, 1, 1, 1, 1]",0,이체 출금 대출서비스,original
normal_이체 출금 대출서비스_[수정]20210126 222837,"[1, 1, 1, 1, 1, 1, 1]",0,이체 출금 대출서비스,original
normal_이체 출금 대출서비스_[수정]20210126 223102,"[1, 1, 1, 1, 1, 1]",0,이체 출금 대출서비스,original
normal_이체 출금 대출서비스_[수정]20210126 223356,"[1, 1, 1]",0,이체 출금 대출서비스,original
normal_이체 출금 대출서비스_[수정]20210126 223555,"[1, 1, 1, 1, 1]",0,이체 출금 대출서비스,original
normal_이체 출금 대출서비스_[수정]20210126 223804,"[1, 1, 1, 1, 1]",0,이체 출금 대출서비스,original
normal_이체 출금 대출서비스_[수정]20210126 223929,"[1, 1, 1, 1]",0,이체 출금 대출서비스,original
normal_이체 출금 대출서비스_[수정]20210126 224142,"[1, 1, 1]",0,이체 출금 대출서비스,original
normal_이체 출금 대출서비스_[수정]20210126 224320,"[1, 1, 1, 1, 1, 1]",0,이체 출금 대출서비스,original
normal_이체 출금 대출서비스_[수정]20210126 224500,"[1, 1, 1, 1]",0,이체 출금 대출서비스,original
normal_이체 출금 대출서비스_[수정]20210126 224627,"[1, 1, 1, 1]",0,이체 출금 대출서비스,original
normal_이체 출금 대출서비스_[수정]20210126 224944,"[1, 1, 1, 1, 1]",0,이체 출금 대출서비스,original
normal_이체 출금 대출서비스_[수정]20210126 225356,"[1, 1, 1, 1, 1]",0,이체 출금 대출서비스,original
normal_이체 출금 대출서비스_[수정]20210126 225618,"[1, 1, 1, 1, 1]",0,이체 출금 대출서비스,original
normal_이체 출금 대출서비스_[수정]20210126 225817,"[1, 1, 1, 1, 1]",0,이체 출금 대출서비스,original
normal_이체 출금 대출서비스_[수정]20210126 225943,"[1, 1, 1, 1]",0,이체 출금 대출서비스,original
normal_이체 출금 대출서비스_[수정]20210126 230213,"[1, 1, 1, 1, 1, 1]",0,이체 출금 대출서비스,original
normal_이체 출금 대출서비스_[수정]20210126 230422,"[1, 1, 1, 1, 1, 1]",0,이체 출금 대출서비스,original
normal_이체 출금 대출서비스_[수정]20210126 230628,"[1, 1, 1, 1, 1, 1, 1]",0,이체 출금 대출서비스,original
normal_이체 출금 대출서비스_[수정]20210126 230909,"[1, 1, 1, 1, 1, 1]",0,이체 출금 대출서비스,original
normal_이체 출금 대출서비스_[수정]20210126 231202,"[1, 1, 1, 1, 1]",0,이체 출금 대출서비스,original
normal_이체 출금 대출서비스_[수정]20210127 224334,"[1, 1, 1, 1, 1, 1, 1]",0,이체 출금 대출서비스,original
normal_이체 출금 대출서비스_[수정]20210127 224640,"[1, 1, 1, 1, 1]",0,이체 출금 대출서비스,original
normal_이체 출금 대출서비스_[수정]20210127 224811,"[1, 1, 1, 1, 1, 1]",0,이체 출금 대출서비스,original
normal_이체 출금 대출서비스_[수정]20210127 225254,"[1, 1, 1, 1]",0,이체 출금 대출서비스,original
normal_이체 출금 대출서비스_[수정]20210127 225408,"[1, 1, 1, 1, 1, 1, 1]",0,이체 출금 대출서비스,original
normal_이체 출금 대출서비스_[수정]20210127 225816,"[1, 1, 1, 1, 1]",0,이체 출금 대출서비스,original
normal_이체 출금 대출서비스_[수정]20210127 225932,"[1, 1, 1, 1, 1]",0,이체 출금 대출서비스,original
normal_이체 출금 대출서비스_[수정]20210128 145852,"[1, 1, 1, 1, 1, 1]",0,이체 출금 대출서비스,original
normal_이체 출금 대출서비스_[수정]20210128 150043,"[1, 1, 1, 1, 1, 1]",0,이체 출금 대출서비스,original
normal_이체 출금 대출서비스_[수정]20210128 150300,"[1, 1, 1, 1, 1]",0,이체 출금 대출서비스,original
normal_이체 출금 대출서비스_[수정]20210128 150421,"[1, 1, 1, 1, 1]",0,이체 출금 대출서비스,original
normal_이체 출금 대출서비스_[수정]20210128 150543,"[1, 1, 1, 1, 1, 1]",0,이체 출금 대출서비스,original
normal_이체 출금 대출서비스_[수정]20210128 150834,"[1, 1, 1, 1]",0,이체 출금 대출서비스,original
normal_이체 출금 대출서비스_[수정]20210128 150940,"[1, 1, 1, 1, 1]",0,이체 출금 대출서비스,original
normal_이체 출금 대출서비스_[수정]20210128 151208,"[1, 1, 1, 1, 1, 1]",0,이체 출금 대출서비스,original
normal_이체 출금 대출서비스_[수정]20210128 151332,"[1, 1, 1, 1]",0,이체 출금 대출서비스,original
normal_이체 출금 대출서비스_[수정]20210128 151439,"[1, 1, 1, 1]",0,이체 출금 대출서비스,original
normal_이체 출금 대출서비스_[수정]20210128 151655,"[1, 1, 1, 1, 1, 1, 1]",0,이체 출금 대출서비스,original
normal_이체 출금 대출서비스_[수정]20210128 152056,"[1, 1, 1, 1, 1, 1]",0,이체 출금 대출서비스,original
normal_이체 출금 대출서비스_[수정]20210128 152408,"[1, 1, 1, 1, 1, 1]",0,이체 출금 대출서비스,original
normal_이체 출금 대출서비스_[수정]20210128 152737,"[1, 1, 1, 1, 1]",0,이체 출금 대출서비스,original
normal_이체 출금 대출서비스_[수정]20210128 153030,"[1, 1, 1, 1, 1, 1, 1]",0,이체 출금 대출서비스,original
normal_이체 출금 대출서비스_[수정]20210128 153246,"[1, 1, 1, 1, 1, 1]",0,이체 출금 대출서비스,original
normal_이체 출금 대출서비스_[수정]20210128 201354,"[1, 1, 1, 1, 1, 1, 1, 1]",0,이체 출금 대출서비스,original
normal_이체 출금 대출서비스_[수정]20210128 201736,"[1, 1, 1, 1, 1, 1]",0,이체 출금 대출서비스,original
normal_이체 출금 대출서비스_[수정]20210128 201931,"[1, 1, 1, 1]",0,이체 출금 대출서비스,original
normal_이체 출금 대출서비스_[수정]20210128 202135,"[1, 1, 1, 1, 1]",0,이체 출금 대출서비스,original
normal_이체 출금 대출서비스_[수정]20210128 202258,"[1, 1, 1, 1, 1]",0,이체 출금 대출서비스,original
normal_이체 출금 대출서비스_[수정]20210128 202424,"[1, 1, 1, 1, 1, 1, 1]",0,이체 출금 대출서비스,original
normal_이체 출금 대출서비스_[수정]20210128 202840,"[1, 1, 1]",0,이체 출금 대출서비스,original
normal_이체 출금 대출서비스_[수정]20210128 203022,"[1, 1, 1, 1, 1, 1, 1]",0,이체 출금 대출서비스,original
normal_이체 출금 대출서비스_[수정]20210128 203428,"[1, 1, 1, 1, 1, 1, 1]",0,이체 출금 대출서비스,original
normal_이체 출금 대출서비스_[수정]20210128 203745,"[1, 1, 1, 1, 1, 1]",0,이체 출금 대출서비스,original
normal_이체 출금 대출서비스_[수정]20210128 203934,"[1, 1, 1]",0,이체 출금 대출서비스,original
normal_이체 출금 대출서비스_[수정]20210128 204124,"[1, 1, 1, 1]",0,이체 출금 대출서비스,original
normal_이체 출금 대출서비스_[수정]20210128 204258,"[1, 1, 1, 1, 1]",0,이체 출금 대출서비스,original
normal_이체 출금 대출서비스_[수정]20210128 204536,"[1, 1, 1, 1, 1]",0,이체 출금 대출서비스,original
normal_이체 출금 대출서비스_[수정]20210128 204747,"[1, 1, 1, 1, 1]",0,이체 출금 대출서비스,original
normal_이체 출금 대출서비스_[수정]20210128 204918,"[1, 1, 1, 1, 1]",0,이체 출금 대출서비스,original
normal_이체 출금 대출서비스_[수정]20210128 205102,"[1, 1, 1, 1, 1]",0,이체 출금 대출서비스,original
normal_이체 출금 대출서비스_[수정]20210128 205348,"[1, 1, 1, 1, 1]",0,이체 출금 대출서비스,original
normal_이체 출금 대출서비스_[수정]20210128 205505,"[1, 1, 1]",0,이체 출금 대출서비스,original
normal_이체 출금 대출서비스_[수정]20210128 205708,"[1, 1, 1, 1, 1]",0,이체 출금 대출서비스,original
normal_이체 출금 대출서비스_[수정]20210128 205835,"[1, 1, 1, 1, 1, 1, 1]",0,이체 출금 대출서비스,original
normal_이체 출금 대출서비스_[수정]20210128 210025,"[1, 1, 1, 1, 1, 1, 1, 1]",0,이체 출금 대출서비스,original
normal_이체 출금 대출서비스_[수정]20210128 210338,"[1, 1, 1, 1, 1, 1]",0,이체 출금 대출서비스,original
normal_이체 출금 대출서비스_[수정]20210128 210552,"[1, 1, 1, 1, 1, 1, 1, 1]",0,이체 출금 대출서비스,original
normal_이체 출금 대출서비스_[수정]20210128 210742,"[1, 1, 1, 1, 1, 1]",0,이체 출금 대출서비스,original
normal_이체 출금 대출서비스_[수정]20210128 210911,"[1, 1, 1, 1, 1, 1]",0,이체 출금 대출서비스,original
normal_이체 출금 대출서비스_[수정]20210128 211146,"[1, 1, 1, 1, 1]",0,이체 출금 대출서비스,original
normal_이체 출금 대출서비스_[수정]20210128 211455,"[1, 1, 1, 1, 1, 1, 1]",0,이체 출금 대출서비스,original
normal_이체 출금 대출서비스_[수정]20210128 211658,"[1, 1, 1, 1, 1, 1]",0,이체 출금 대출서비스,original
normal_이체 출금 대출서비스_[수정]20210128 211915,"[1, 1, 1, 1, 1, 1, 1, 1]",0,이체 출금 대출서비스,original
normal_이체 출금 대출서비스_[수정]20210128 212555,"[1, 1, 1, 1, 1, 1, 1]",0,이체 출금 대출서비스,original
normal_이체 출금 대출서비스_[수정]20210128 212800,"[1, 1, 1, 1, 1, 1]",0,이체 출금 대출서비스,original
normal_이체 출금 대출서비스_[수정]20210128 212945,"[1, 1, 1, 1, 1, 1, 1]",0,이체 출금 대출서비스,original
normal_이체 출금 대출서비스_[수정]20210128 213213,"[1, 1, 1, 1, 1]",0,이체 출금 대출서비스,original
normal_이체 출금 대출서비스_[수정]20210128 213340,"[1, 1, 1, 1, 1, 1]",0,이체 출금 대출서비스,original
normal_이체 출금 대출서비스_[수정]20210128 213600,"[1, 1, 1, 1, 1, 1]",0,이체 출금 대출서비스,original
normal_이체 출금 대출서비스_[수정]20210128 213723,"[1, 1, 1, 1, 1, 1]",0,이체 출금 대출서비스,original
normal_이체 출금 대출서비스_[수정]20210128 213859,"[1, 1, 1, 1, 1, 1]",0,이체 출금 대출서비스,original
normal_이체 출금 대출서비스_[수정]20210128 214023,"[1, 1, 1, 1, 1, 1]",0,이체 출금 대출서비스,original
normal_이체 출금 대출서비스_[수정]20210128 214311,"[1, 1, 1, 1, 1]",0,이체 출금 대출서비스,original
normal_이체 출금 대출서비스_[수정]20210128 214451,"[1, 1, 1, 1, 1, 1, 1]",0,이체 출금 대출서비스,original
normal_이체 출금 대출서비스_[수정]20210128 214626,"[1, 1, 1, 1, 1, 1]",0,이체 출금 대출서비스,original
normal_이체 출금 대출서비스_[수정]20210128 214817,"[1, 1, 1, 1, 1]",0,이체 출금 대출서비스,original
normal_이체 출금 대출서비스_[수정]20210128 214937,"[1, 1, 1, 1, 1, 1]",0,이체 출금 대출서비스,original
normal_이체 출금 대출서비스_[수정]20210128 215227,"[1, 1, 1, 1, 1, 1]",0,이체 출금 대출서비스,original
normal_이체 출금 대출서비스_[수정]20210128 215343,"[1, 1, 1, 1, 1, 1, 1]",0,이체 출금 대출서비스,original
normal_이체 출금 대출서비스_[수정]20210128 215526,"[1, 1, 1, 1, 1]",0,이체 출금 대출서비스,original
normal_이체 출금 대출서비스_[수정]20210128 215733,"[1, 1, 1, 1, 1, 1]",0,이체 출금 대출서비스,original
normal_이체 출금 대출서비스_[수정]20210128 215907,"[1, 1, 1, 1, 1, 1]",0,이체 출금 대출서비스,original
normal_이체 출금 대출서비스_[수정]20210128 220030,"[1, 1, 1, 1]",0,이체 출금 대출서비스,original
normal_이체 출금 대출서비스_[수정]20210129 122628,"[1, 1, 1, 1, 1, 1]",0,이체 출금 대출서비스,original
normal_이체 출금 대출서비스_[수정]20210129 122848,"[1, 1, 1, 1, 1, 1, 1]",0,이체 출금 대출서비스,original
normal_이체 출금 대출서비스_[수정]20210129 123116,"[1, 1, 1, 1, 1]",0,이체 출금 대출서비스,original
normal_이체 출금 대출서비스_[수정]20210129 123310,"[1, 1, 1, 1]",0,이체 출금 대출서비스,original
normal_이체 출금 대출서비스_[수정]20210129 123457,"[1, 1, 1, 1, 1]",0,이체 출금 대출서비스,original
normal_이체 출금 대출서비스_[수정]20210129 123647,"[1, 1, 1, 1, 1, 1]",0,이체 출금 대출서비스,original
normal_이체 출금 대출서비스_[수정]20210129 123823,"[1, 1, 1, 1, 1, 1, 1]",0,이체 출금 대출서비스,original
normal_이체 출금 대출서비스_[수정]20210129 124023,"[1, 1, 1, 1, 1]",0,이체 출금 대출서비스,original
normal_이체 출금 대출서비스_[수정]20210129 124143,"[1, 1, 1, 1, 1, 1, 1]",0,이체 출금 대출서비스,original
normal_이체 출금 대출서비스_[수정]20210129 124321,"[1, 1, 1, 1, 1, 1, 1]",0,이체 출금 대출서비스,original
normal_이체 출금 대출서비스_[수정]20210129 124519,"[1, 1, 1, 1, 1]",0,이체 출금 대출서비스,original
normal_이체 출금 대출서비스_[수정]20210129 124735,"[1, 1, 1, 1, 1, 1]",0,이체 출금 대출서비스,original
normal_이체 출금 대출서비스_[수정]20210129 124916,"[1, 1, 1, 1, 1, 1]",0,이체 출금 대출서비스,original
normal_이체 출금 대출서비스_[수정]20210129 125211,"[1, 1, 1, 1]",0,이체 출금 대출서비스,original
normal_이체 출금 대출서비스_[수정]20210129 125410,"[1, 1, 1, 1, 1, 1, 1]",0,이체 출금 대출서비스,original
normal_이체 출금 대출서비스_[수정]20210129 125700,"[1, 1, 1, 1, 1, 1, 1]",0,이체 출금 대출서비스,original
normal_이체 출금 대출서비스_[수정]20210129 130033,"[1, 1, 1, 1, 1, 1, 1, 1]",0,이체 출금 대출서비스,original
normal_이체 출금 대출서비스_[수정]20210129 130401,"[1, 1, 1, 1, 1, 1, 1]",0,이체 출금 대출서비스,original
normal_이체 출금 대출서비스_[수정]20210129 130709,"[1, 1, 1, 1, 1, 1]",0,이체 출금 대출서비스,original
normal_이체 출금 대출서비스_[수정]20210129 161320,"[1, 1, 1, 1, 1]",0,이체 출금 대출서비스,original
normal_이체 출금 대출서비스_[수정]20210129 161559,"[1, 1, 1, 1, 1, 1]",0,이체 출금 대출서비스,original
normal_이체 출금 대출서비스_[수정]20210129 161741,"[1, 1, 1, 1, 1, 1, 1, 1]",0,이체 출금 대출서비스,original
normal_이체 출금 대출서비스_[수정]20210129 162052,"[1, 1, 1, 1, 1, 1, 1]",0,이체 출금 대출서비스,original
normal_이체 출금 대출서비스_[수정]20210129 162318,"[1, 1, 1, 1, 1, 1, 1]",0,이체 출금 대출서비스,original
normal_이체 출금 대출서비스_[수정]20210129 162512,"[1, 1, 1, 1, 1, 1]",0,이체 출금 대출서비스,original
normal_이체 출금 대출서비스_[수정]20210129 162658,"[1, 1, 1, 1, 1, 1]",0,이체 출금 대출서비스,original
normal_이체 출금 대출서비스_[수정]20210129 162850,"[1, 1, 1, 1, 1]",0,이체 출금 대출서비스,original
normal_이체 출금 대출서비스_[수정]20210129 163218,"[1, 1, 1, 1, 1]",0,이체 출금 대출서비스,original
normal_이체 출금 대출서비스_[수정]20210129 163435,"[1, 1, 1, 1, 1, 1]",0,이체 출금 대출서비스,original
normal_이체 출금 대출서비스_[수정]20210129 163656,"[1, 1, 1, 1, 1, 1, 1]",0,이체 출금 대출서비스,original
normal_이체 출금 대출서비스_[수정]20210129 192038,"[1, 1, 1, 1, 1, 1]",0,이체 출금 대출서비스,original
normal_이체 출금 대출서비스_[수정]20210129 192230,"[1, 1, 1, 1, 1]",0,이체 출금 대출서비스,original
normal_이체 출금 대출서비스_[수정]20210129 192427,"[1, 1, 1, 1, 1]",0,이체 출금 대출서비스,original
normal_이체 출금 대출서비스_[수정]20210129 192546,"[1, 1, 1]",0,이체 출금 대출서비스,original
normal_이체 출금 대출서비스_[수정]20210129 192715,"[1, 1, 1, 1, 1]",0,이체 출금 대출서비스,original
normal_이체 출금 대출서비스_[수정]20210129 192833,"[1, 1, 1, 1, 1]",0,이체 출금 대출서비스,original
normal_이체 출금 대출서비스_[수정]20210129 192959,"[1, 1, 1, 1, 1, 1, 1]",0,이체 출금 대출서비스,original
normal_이체 출금 대출서비스_[수정]20210129 193157,"[1, 1, 1, 1, 1]",0,이체 출금 대출서비스,original
normal_이체 출금 대출서비스_[수정]20210129 193329,"[1, 1, 1, 1, 1]",0,이체 출금 대출서비스,original
normal_이체 출금 대출서비스_[수정]20210129 193539,"[1, 1, 1, 1, 1]",0,이체 출금 대출서비스,original
normal_이체 출금 대출서비스_[수정]20210129 193728,"[1, 1, 1, 1, 1]",0,이체 출금 대출서비스,original
normal_이체 출금 대출서비스_[수정]20210129 193948,"[1, 1, 1, 1, 1, 1]",0,이체 출금 대출서비스,original
normal_이체 출금 대출서비스_[수정]20210129 194122,"[1, 1, 1, 1, 1]",0,이체 출금 대출서비스,original
normal_이체 출금 대출서비스_[수정]20210129 194247,"[1, 1, 1, 1, 1, 1, 1, 1, 1]",0,이체 출금 대출서비스,original
normal_이체 출금 대출서비스_[수정]20210129 194535,"[1, 1, 1, 1, 1, 1, 1, 1]",0,이체 출금 대출서비스,original
normal_이체 출금 대출서비스_[수정]20210129 194825,"[1, 1, 1, 1, 1, 1, 1]",0,이체 출금 대출서비스,original
normal_이체 출금 대출서비스_[수정]20210129 195032,"[1, 1, 1, 1, 1, 1, 1, 1]",0,이체 출금 대출서비스,original
normal_이체 출금 대출서비스_[수정]20210129 195242,"[1, 1, 1, 1, 1, 1, 1]",0,이체 출금 대출서비스,original
normal_이체 출금 대출서비스_[수정]20210129 195459,"[1, 1, 1, 1, 1]",0,이체 출금 대출서비스,original
normal_이체 출금 대출서비스_[수정]20210129 195620,"[1, 1, 1, 1, 1, 1, 1]",0,이체 출금 대출서비스,original
normal_이체 출금 대출서비스_[수정]20210129 195803,"[1, 1, 1, 1, 1]",0,이체 출금 대출서비스,original
normal_이체 출금 대출서비스_[수정]20210129 195952,"[1, 1, 1, 1, 1, 1]",0,이체 출금 대출서비스,original
normal_이체 출금 대출서비스_[수정]20210129 200258,"[1, 1, 1, 1, 1, 1]",0,이체 출금 대출서비스,original
normal_이체 출금 대출서비스_[수정]20210129 222608,"[1, 1, 1, 1, 1, 1, 1]",0,이체 출금 대출서비스,original
normal_이체 출금 대출서비스_[수정]20210129 222822,"[1, 1, 1, 1, 1, 1]",0,이체 출금 대출서비스,original
normal_이체 출금 대출서비스_[수정]20210129 223117,"[1, 1, 1, 1, 1, 1, 1, 1, 1]",0,이체 출금 대출서비스,original
normal_이체 출금 대출서비스_[수정]20210129 223325,"[1, 1, 1, 1, 1, 1]",0,이체 출금 대출서비스,original
normal_이체 출금 대출서비스_[수정]20210129 223455,"[1, 1, 1, 1, 1, 1]",0,이체 출금 대출서비스,original
normal_이체 출금 대출서비스_[수정]20210129 223659,"[1, 1, 1, 1, 1, 1, 1, 1]",0,이체 출금 대출서비스,original
normal_이체 출금 대출서비스_[수정]20210129 223959,"[1, 1, 1, 1, 1, 1, 1, 1]",0,이체 출금 대출서비스,original
normal_이체 출금 대출서비스_[수정]20210129 224332,"[1, 1, 1, 1, 1, 1, 1, 1]",0,이체 출금 대출서비스,original
normal_이체 출금 대출서비스_[수정]20210129 224725,"[1, 1, 1, 1, 1, 1, 1]",0,이체 출금 대출서비스,original
normal_이체 출금 대출서비스_[수정]20210129 224910,"[1, 1, 1, 1, 1, 1, 1]",0,이체 출금 대출서비스,original
normal_이체 출금 대출서비스_[수정]20210129 225058,"[1, 1, 1, 1, 1, 1]",0,이체 출금 대출서비스,original
normal_이체 출금 대출서비스_[수정]20210129 225255,"[1, 1, 1, 1, 1, 1]",0,이체 출금 대출서비스,original
normal_이체 출금 대출서비스_[수정]20210129 225804,"[1, 1, 1, 1, 1]",0,이체 출금 대출서비스,original
normal_이체 출금 대출서비스_[수정]20210129 230109,"[1, 1, 1, 1, 1, 1]",0,이체 출금 대출서비스,original
normal_이체 출금 대출서비스_[수정]20210129 230352,"[1, 1, 1, 1, 1, 1, 1, 1, 1]",0,이체 출금 대출서비스,original
normal_이체 출금 대출서비스_[수정]20210130 103825,"[1, 1, 1, 1, 1, 1, 1, 1]",0,이체 출금 대출서비스,original
normal_이체 출금 대출서비스_[수정]20210130 104059,"[1, 1, 1, 1, 1, 1, 1, 1, 1, 1]",0,이체 출금 대출서비스,original
normal_이체 출금 대출서비스_[수정]20210130 104326,"[1, 1, 1, 1, 1, 1, 1, 1]",0,이체 출금 대출서비스,original
normal_이체 출금 대출서비스_[수정]20210130 104608,"[1, 1, 1, 1, 1, 1, 1, 1, 1, 1]",0,이체 출금 대출서비스,original
normal_이체 출금 대출서비스_[수정]20210130 104948,"[1, 1, 1, 1, 1, 1, 1, 1]",0,이체 출금 대출서비스,original
normal_이체 출금 대출서비스_[수정]20210130 105256,"[1, 1, 1, 1, 1, 1, 1, 1, 1, 1]",0,이체 출금 대출서비스,original
normal_이체 출금 대출서비스_[수정]20210130 105706,"[1, 1, 1, 1, 1, 1, 1, 1, 1, 1]",0,이체 출금 대출서비스,original
normal_이체 출금 대출서비스_[수정]20210130 110123,"[1, 1, 1, 1, 1, 1, 1, 1, 1]",0,이체 출금 대출서비스,original
normal_이체 출금 대출서비스_[수정]20210130 110823,"[1, 1, 1, 1, 1, 1, 1, 1]",0,이체 출금 대출서비스,original
normal_이체 출금 대출서비스_[수정]20210130 111348,"[1, 1, 1, 1, 1, 1]",0,이체 출금 대출서비스,original
normal_이체 출금 대출서비스_[수정]20210130 112704,"[1, 1, 1, 1, 1, 1, 1, 1, 1, 1]",0,이체 출금 대출서비스,original
normal_이체 출금 대출서비스_[수정]20210130 113152,"[1, 1, 1, 1, 1, 1, 1, 1, 1]",0,이체 출금 대출서비스,original
normal_이체 출금 대출서비스_[수정]20210130 113427,"[1, 1, 1, 1, 1, 1, 1, 1, 1, 1]",0,이체 출금 대출서비스,original
normal_이체 출금 대출서비스_[수정]20210130 113733,"[1, 1, 1, 1, 1, 1, 1, 1, 1]",0,이체 출금 대출서비스,original
normal_이체 출금 대출서비스_[수정]20210130 113956,"[1, 1, 1, 1, 1, 1, 1, 1]",0,이체 출금 대출서비스,original
normal_이체 출금 대출서비스_[수정]20210130 114219,"[1, 1, 1, 1, 1, 1, 1, 1]",0,이체 출금 대출서비스,original
normal_이체 출금 대출서비스_[수정]20210130 114447,"[1, 1, 1, 1, 1, 1, 1, 1, 1]",0,이체 출금 대출서비스,original
normal_이체 출금 대출서비스_[수정]20210130 114706,"[1, 1, 1, 1, 1, 1, 1, 1, 1, 1, 1]",0,이체 출금 대출서비스,original
normal_이체 출금 대출서비스_[수정]20210130 135809,"[1, 1, 1, 1, 1, 1, 1, 1, 1, 1]",0,이체 출금 대출서비스,original
normal_이체 출금 대출서비스_[수정]20210130 140157,"[1, 1, 1, 1, 1, 1, 1, 1, 1, 1, 1, 1]",0,이체 출금 대출서비스,original
normal_이체 출금 대출서비스_[수정]20210130 140439,"[1, 1, 1, 1, 1, 1, 1, 1, 1, 1]",0,이체 출금 대출서비스,original
normal_이체 출금 대출서비스_[수정]20210130 140756,"[1, 1, 1, 1, 1, 1, 1, 1, 1, 1]",0,이체 출금 대출서비스,original
normal_이체 출금 대출서비스_[수정]20210130 141112,"[1, 1, 1, 1, 1, 1, 1, 1]",0,이체 출금 대출서비스,original
normal_이체 출금 대출서비스_[수정]20210130 144306,"[1, 1, 1, 1, 1, 1, 1, 1, 1]",0,이체 출금 대출서비스,original
normal_이체 출금 대출서비스_[수정]20210130 144632,"[1, 1, 1, 1, 1, 1, 1, 1, 1]",0,이체 출금 대출서비스,original
normal_이체 출금 대출서비스_[수정]20210130 144926,"[1, 1, 1, 1, 1, 1, 1, 1, 1]",0,이체 출금 대출서비스,original
normal_이체 출금 대출서비스_[수정]20210130 145151,"[1, 1, 1, 1, 1, 1, 1, 1, 1, 1, 1]",0,이체 출금 대출서비스,original
normal_이체 출금 대출서비스_[수정]20210130 145645,"[1, 1, 1, 1, 1, 1, 1, 1, 1]",0,이체 출금 대출서비스,original
normal_이체 출금 대출서비스_[수정]20210130 150553,"[1, 1, 1, 1, 1, 1, 1, 1, 1, 1]",0,이체 출금 대출서비스,original
normal_이체 출금 대출서비스_[수정]20210130 150942,"[1, 1, 1, 1, 1, 1, 1, 1, 1, 1]",0,이체 출금 대출서비스,original
normal_이체 출금 대출서비스_[수정]20210130 151319,"[1, 1, 1, 1, 1, 1, 1, 1, 1]",0,이체 출금 대출서비스,original
normal_이체 출금 대출서비스_[수정]20210130 151604,"[1, 1, 1, 1, 1, 1, 1, 1, 1, 1]",0,이체 출금 대출서비스,original
normal_이체 출금 대출서비스_[수정]20210130 151945,"[1, 1, 1, 1, 1, 1, 1, 1, 1, 1, 1]",0,이체 출금 대출서비스,original
normal_이체 출금 대출서비스_[수정]20210130 152320,"[1, 1, 1, 1, 1, 1, 1, 1, 1, 1, 1]",0,이체 출금 대출서비스,original
normal_이체 출금 대출서비스_[수정]20210130 152603,"[1, 1, 1, 1, 1, 1, 1, 1, 1, 1, 1]",0,이체 출금 대출서비스,original
normal_이체 출금 대출서비스_[수정]20210130 152848,"[1, 1, 1, 1, 1, 1, 1, 1, 1, 1]",0,이체 출금 대출서비스,original
normal_이체 출금 대출서비스_[수정]20210130 162858,"[1, 1, 1, 1, 1]",0,이체 출금 대출서비스,original
normal_이체 출금 대출서비스_[수정]20210130 163052,"[1, 1, 1, 1, 1]",0,이체 출금 대출서비스,original
normal_이체 출금 대출서비스_[수정]20210130 163356,"[1, 1, 1, 1, 1]",0,이체 출금 대출서비스,original
normal_이체 출금 대출서비스_[수정]20210130 163552,"[1, 1, 1, 1, 1]",0,이체 출금 대출서비스,original
normal_이체 출금 대출서비스_[수정]20210130 163758,"[1, 1, 1, 1, 1]",0,이체 출금 대출서비스,original
normal_이체 출금 대출서비스_[수정]20210130 163925,"[1, 1, 1, 1]",0,이체 출금 대출서비스,original
normal_이체 출금 대출서비스_[수정]20210130 164148,"[1, 1, 1, 1, 1, 1, 1]",0,이체 출금 대출서비스,original
normal_이체 출금 대출서비스_[수정]20210130 164551,"[1, 1, 1, 1, 1, 1]",0,이체 출금 대출서비스,original
normal_이체 출금 대출서비스_[수정]20210130 164718,"[1, 1, 1, 1, 1]",0,이체 출금 대출서비스,original
normal_이체 출금 대출서비스_[수정]20210130 164919,"[1, 1, 1, 1, 1]",0,이체 출금 대출서비스,original
normal_이체 출금 대출서비스_[수정]20210130 165045,"[1, 1, 1, 1, 1]",0,이체 출금 대출서비스,original
normal_이체 출금 대출서비스_[수정]20210130 165421,"[1, 1, 1, 1, 1]",0,이체 출금 대출서비스,original
normal_이체 출금 대출서비스_[수정]20210130 165553,"[1, 1, 1, 1, 1, 1]",0,이체 출금 대출서비스,original
normal_이체 출금 대출서비스_[수정]20210130 165734,"[1, 1, 1, 1, 1]",0,이체 출금 대출서비스,original
normal_이체 출금 대출서비스_[수정]20210130 165905,"[1, 1, 1, 1, 1, 1]",0,이체 출금 대출서비스,original
normal_이체 출금 대출서비스_[수정]20210130 170049,"[1, 1, 1, 1, 1]",0,이체 출금 대출서비스,original
normal_이체 출금 대출서비스_[수정]20210130 170232,"[1, 1, 1, 1, 1, 1]",0,이체 출금 대출서비스,original
normal_이체 출금 대출서비스_[수정]20210130 170431,"[1, 1, 1, 1, 1]",0,이체 출금 대출서비스,original
normal_이체 출금 대출서비스_[수정]20210130 170657,"[1, 1, 1, 1, 1, 1]",0,이체 출금 대출서비스,original
normal_이체 출금 대출서비스_[수정]20210130 170847,"[1, 1, 1, 1]",0,이체 출금 대출서비스,original
normal_이체 출금 대출서비스_[수정]20210130 171011,"[1, 1, 1, 1]",0,이체 출금 대출서비스,original
normal_이체 출금 대출서비스_[수정]20210130 171137,"[1, 1, 1, 1]",0,이체 출금 대출서비스,original
normal_이체 출금 대출서비스_[수정]20210130 171256,"[1, 1, 1, 1, 1, 1, 1]",0,이체 출금 대출서비스,original
normal_이체 출금 대출서비스_[수정]20210130 171513,"[1, 1, 1, 1]",0,이체 출금 대출서비스,original
normal_이체 출금 대출서비스_[수정]20210130 171633,"[1, 1, 1, 1, 1]",0,이체 출금 대출서비스,original
normal_이체 출금 대출서비스_[수정]20210130 171806,"[1, 1, 1, 1]",0,이체 출금 대출서비스,original
normal_이체 출금 대출서비스_[수정]20210130 171942,"[1, 1, 1, 1]",0,이체 출금 대출서비스,original
normal_이체 출금 대출서비스_[수정]20210130 172131,"[1, 1, 1, 1]",0,이체 출금 대출서비스,original
normal_이체 출금 대출서비스_[수정]20210130 172326,"[1, 1, 1]",0,이체 출금 대출서비스,original
normal_이체 출금 대출서비스_[수정]20210130 172459,"[1, 1, 1, 1]",0,이체 출금 대출서비스,original
normal_이체 출금 대출서비스_[수정]20210130 172658,"[1, 1, 1, 1, 1, 1, 1]",0,이체 출금 대출서비스,original
normal_이체 출금 대출서비스_[수정]20210130 172847,"[1, 1, 1, 1]",0,이체 출금 대출서비스,original
normal_이체 출금 대출서비스_[수정]20210130 173005,"[1, 1, 1, 1]",0,이체 출금 대출서비스,original
normal_이체 출금 대출서비스_[수정]20210130 173139,"[1, 1, 1, 1]",0,이체 출금 대출서비스,original
normal_이체 출금 대출서비스_[수정]20210130 173249,"[1, 1, 1, 1]",0,이체 출금 대출서비스,original
normal_이체 출금 대출서비스_[수정]20210130 173421,"[1, 1]",0,이체 출금 대출서비스,original
normal_이체 출금 대출서비스_[수정]20210130 173539,"[1, 1, 1, 1, 1]",0,이체 출금 대출서비스,original
normal_이체 출금 대출서비스_[수정]20210130 173657,"[1, 1, 1, 1, 1, 1]",0,이체 출금 대출서비스,original
normal_이체 출금 대출서비스_[수정]20210130 173854,"[1, 1, 1, 1, 1]",0,이체 출금 대출서비스,original
normal_이체 출금 대출서비스_[수정]20210130 174054,"[1, 1, 1, 1, 1]",0,이체 출금 대출서비스,original
normal_이체 출금 대출서비스_[수정]20210130 174311,"[1, 1, 1, 1, 1]",0,이체 출금 대출서비스,original
normal_이체 출금 대출서비스_[수정]20210130 174439,"[1, 1, 1, 1]",0,이체 출금 대출서비스,original
normal_이체 출금 대출서비스_[수정]20210130 174553,"[1, 1, 1, 1]",0,이체 출금 대출서비스,original
normal_이체 출금 대출서비스_[수정]20210130 174747,"[1, 1, 1]",0,이체 출금 대출서비스,original
normal_이체 출금 대출서비스_[수정]20210130 174901,"[1, 1, 1, 1, 1]",0,이체 출금 대출서비스,original
normal_이체 출금 대출서비스_[수정]20210130 175032,"[1, 1, 1, 1]",0,이체 출금 대출서비스,original
normal_이체 출금 대출서비스_[수정]20210130 175214,"[1, 1, 1, 1, 1, 1, 1, 1]",0,이체 출금 대출서비스,original
normal_이체 출금 대출서비스_[수정]20210130 175451,"[1, 1, 1, 1, 1, 1]",0,이체 출금 대출서비스,original
normal_이체 출금 대출서비스_[수정]20210130 175701,"[1, 1, 1]",0,이체 출금 대출서비스,original
normal_이체 출금 대출서비스_[수정]20210130 175835,"[1, 1, 1, 1, 1]",0,이체 출금 대출서비스,original
normal_이체 출금 대출서비스_[수정]20210130 175959,"[1, 1, 1, 1, 1]",0,이체 출금 대출서비스,original
normal_이체 출금 대출서비스_[수정]20210130 180156,"[1, 1, 1]",0,이체 출금 대출서비스,original
normal_이체 출금 대출서비스_[수정]20210130 180321,"[1, 1, 1, 1, 1]",0,이체 출금 대출서비스,original
normal_이체 출금 대출서비스_[수정]20210130 220056,"[1, 1, 1, 1, 1, 1, 1]",0,이체 출금 대출서비스,original
normal_이체 출금 대출서비스_[수정]20210130 220403,"[1, 1, 1, 1, 1, 1, 1, 1]",0,이체 출금 대출서비스,original
normal_이체 출금 대출서비스_[수정]20210130 220620,"[1, 1, 1, 1]",0,이체 출금 대출서비스,original
normal_이체 출금 대출서비스_[수정]20210130 220915,"[1, 1, 1, 1, 1, 1]",0,이체 출금 대출서비스,original
normal_이체 출금 대출서비스_[수정]20210130 221208,"[1, 1, 1, 1, 1, 1, 1]",0,이체 출금 대출서비스,original
normal_이체 출금 대출서비스_[수정]20210130 221438,"[1, 1, 1, 1, 1, 1, 1]",0,이체 출금 대출서비스,original
normal_이체 출금 대출서비스_[수정]20210130 221715,"[1, 1, 1, 1, 1, 1]",0,이체 출금 대출서비스,original
normal_이체 출금 대출서비스_[수정]20210130 221929,"[1, 1, 1, 1]",0,이체 출금 대출서비스,original
normal_이체 출금 대출서비스_[수정]20210130 222044,"[1, 1, 1, 1, 1]",0,이체 출금 대출서비스,original
normal_이체 출금 대출서비스_[수정]20210130 222226,"[1, 1, 1, 1]",0,이체 출금 대출서비스,original
normal_이체 출금 대출서비스_[수정]20210130 222338,"[1, 1, 1, 1]",0,이체 출금 대출서비스,original
normal_이체 출금 대출서비스_[수정]20210130 222450,"[1, 1, 1, 1]",0,이체 출금 대출서비스,original
normal_이체 출금 대출서비스_[수정]20210130 222746,"[1, 1, 1, 1]",0,이체 출금 대출서비스,original
normal_이체 출금 대출서비스_[수정]20210131 122249,"[1, 1]",0,이체 출금 대출서비스,original
normal_이체 출금 대출서비스_[수정]20210131 122421,"[1, 1, 1, 1]",0,이체 출금 대출서비스,original
normal_이체 출금 대출서비스_[수정]20210131 122624,"[1, 1, 1, 1]",0,이체 출금 대출서비스,original
normal_이체 출금 대출서비스_[수정]20210131 122727,"[1, 1, 1, 1]",0,이체 출금 대출서비스,original
normal_이체 출금 대출서비스_[수정]20210131 122837,"[1, 1, 1, 1, 1]",0,이체 출금 대출서비스,original
normal_이체 출금 대출서비스_[수정]20210131 122954,"[1, 1, 1, 1, 1, 1, 1]",0,이체 출금 대출서비스,original
normal_이체 출금 대출서비스_[수정]20210131 123216,"[1, 1, 1, 1, 1, 1]",0,이체 출금 대출서비스,original
normal_이체 출금 대출서비스_[수정]20210131 123425,"[1, 1, 1, 1, 1, 1]",0,이체 출금 대출서비스,original
normal_이체 출금 대출서비스_[수정]20210131 123631,"[1, 1, 1, 1, 1, 1]",0,이체 출금 대출서비스,original
normal_이체 출금 대출서비스_[수정]20210131 123819,"[1, 1, 1, 1, 1, 1]",0,이체 출금 대출서비스,original
normal_이체 출금 대출서비스_[수정]20210131 124016,"[1, 1, 1, 1]",0,이체 출금 대출서비스,original
normal_이체 출금 대출서비스_[수정]20210131 124140,"[1, 1, 1, 1]",0,이체 출금 대출서비스,original
normal_이체 출금 대출서비스_[수정]20210131 124350,"[1, 1, 1, 1, 1, 1, 1]",0,이체 출금 대출서비스,original
normal_이체 출금 대출서비스_[수정]20210131 124552,"[1, 1, 1, 1, 1, 1, 1, 1]",0,이체 출금 대출서비스,original
normal_이체 출금 대출서비스_[수정]20210131 124832,"[1, 1, 1, 1, 1, 1, 1]",0,이체 출금 대출서비스,original
normal_이체 출금 대출서비스_[수정]20210131 125149,"[1, 1, 1, 1, 1, 1, 1, 1]",0,이체 출금 대출서비스,original
normal_이체 출금 대출서비스_[수정]20210131 125358,"[1, 1, 1, 1, 1, 1, 1, 1]",0,이체 출금 대출서비스,original
normal_이체 출금 대출서비스_[수정]20210131 125637,"[1, 1, 1, 1, 1, 1, 1]",0,이체 출금 대출서비스,original
normal_이체 출금 대출서비스_[수정]20210131 130106,"[1, 1, 1, 1, 1, 1, 1, 1]",0,이체 출금 대출서비스,original
normal_이체 출금 대출서비스_[수정]20210131 130500,"[1, 1, 1, 1, 1, 1, 1, 1]",0,이체 출금 대출서비스,original
normal_이체 출금 대출서비스_[수정]20210131 130655,"[1, 1, 1, 1, 1]",0,이체 출금 대출서비스,original
normal_이체 출금 대출서비스_[수정]20210131 130816,"[1, 1, 1, 1]",0,이체 출금 대출서비스,original
normal_이체 출금 대출서비스_[수정]20210131 131020,"[1, 1, 1, 1]",0,이체 출금 대출서비스,original
normal_이체 출금 대출서비스_[수정]20210131 131132,"[1, 1, 1]",0,이체 출금 대출서비스,original
normal_이체 출금 대출서비스_[수정]20210131 131253,"[1, 1, 1, 1, 1]",0,이체 출금 대출서비스,original
normal_이체 출금 대출서비스_[수정]20210131 131551,"[1, 1, 1]",0,이체 출금 대출서비스,original
normal_이체 출금 대출서비스_[수정]20210131 131651,"[1, 1, 1, 1]",0,이체 출금 대출서비스,original
normal_이체 출금 대출서비스_[수정]20210131 131808,"[1, 1, 1]",0,이체 출금 대출서비스,original
normal_이체 출금 대출서비스_[수정]20210131 132023,"[1, 1, 1]",0,이체 출금 대출서비스,original
normal_이체 출금 대출서비스_[수정]20210131 132117,"[1, 1, 1, 1]",0,이체 출금 대출서비스,original
normal_이체 출금 대출서비스_[수정]20210131 132238,"[1, 1, 1, 1, 1]",0,이체 출금 대출서비스,original
normal_이체 출금 대출서비스_[수정]20210131 132412,"[1, 1, 1, 1]",0,이체 출금 대출서비스,original
normal_이체 출금 대출서비스_[수정]20210131 132528,"[1, 1, 1, 1, 1]",0,이체 출금 대출서비스,original
normal_이체 출금 대출서비스_[수정]20210131 135359,"[1, 1, 1, 1]",0,이체 출금 대출서비스,original
normal_이체 출금 대출서비스_[수정]20210131 135520,"[1, 1, 1, 1]",0,이체 출금 대출서비스,original
normal_이체 출금 대출서비스_[수정]20210131 135639,"[1, 1, 1, 1]",0,이체 출금 대출서비스,original
normal_이체 출금 대출서비스_[수정]20210131 135847,"[1, 1, 1, 1, 1]",0,이체 출금 대출서비스,original
normal_이체 출금 대출서비스_[수정]20210131 140009,"[1, 1, 1, 1]",0,이체 출금 대출서비스,original
normal_이체 출금 대출서비스_[수정]20210131 140148,"[1, 1, 1, 1]",0,이체 출금 대출서비스,original
normal_이체 출금 대출서비스_[수정]20210131 140347,"[1, 1, 1, 1]",0,이체 출금 대출서비스,original
normal_이체 출금 대출서비스_[수정]20210131 140512,"[1, 1, 1, 1, 1]",0,이체 출금 대출서비스,original
normal_이체 출금 대출서비스_[수정]20210131 140742,"[1, 1, 1, 1]",0,이체 출금 대출서비스,original
normal_이체 출금 대출서비스_[수정]20210131 140919,"[1, 1, 1]",0,이체 출금 대출서비스,original
normal_이체 출금 대출서비스_[수정]20210131 141027,"[1, 1, 1, 1]",0,이체 출금 대출서비스,original
normal_이체 출금 대출서비스_[수정]20210131 141157,"[1, 1, 1, 1]",0,이체 출금 대출서비스,original
normal_이체 출금 대출서비스_[수정]20210131 141311,"[1, 1, 1, 1]",0,이체 출금 대출서비스,original
normal_이체 출금 대출서비스_[수정]20210131 141813,"[1, 1, 1, 1]",0,이체 출금 대출서비스,original
normal_이체 출금 대출서비스_[수정]20210131 141956,"[1, 1, 1, 1]",0,이체 출금 대출서비스,original
normal_이체 출금 대출서비스_[수정]20210131 142330,"[1, 1, 1]",0,이체 출금 대출서비스,original
normal_이체 출금 대출서비스_[수정]20210131 142503,"[1, 1, 1, 1]",0,이체 출금 대출서비스,original
normal_이체 출금 대출서비스_[수정]20210131 142612,"[1, 1, 1, 1]",0,이체 출금 대출서비스,original
normal_이체 출금 대출서비스_[수정]20210131 142811,"[1, 1, 1, 1]",0,이체 출금 대출서비스,original
normal_이체 출금 대출서비스_[수정]20210131 142924,"[1, 1, 1, 1]",0,이체 출금 대출서비스,original
normal_이체 출금 대출서비스_[수정]20210131 143037,"[1, 1, 1, 1]",0,이체 출금 대출서비스,original
normal_이체 출금 대출서비스_[수정]20210131 143213,"[1, 1, 1, 1]",0,이체 출금 대출서비스,original
normal_이체 출금 대출서비스_[수정]20210131 143400,"[1, 1, 1, 1]",0,이체 출금 대출서비스,original
normal_이체 출금 대출서비스_[수정]20210131 143545,"[1, 1, 1]",0,이체 출금 대출서비스,original
normal_이체 출금 대출서비스_[수정]20210131 143754,"[1, 1, 1, 1]",0,이체 출금 대출서비스,original
normal_이체 출금 대출서비스_[수정]20210131 154001,"[1, 1, 1]",0,이체 출금 대출서비스,original
normal_이체 출금 대출서비스_[수정]20210131 154115,"[1, 1, 1, 1]",0,이체 출금 대출서비스,original
normal_이체 출금 대출서비스_[수정]20210131 154233,"[1, 1, 1, 1]",0,이체 출금 대출서비스,original
normal_이체 출금 대출서비스_[수정]20210131 154404,"[1, 1, 1, 1, 1, 1]",0,이체 출금 대출서비스,original
normal_이체 출금 대출서비스_[수정]20210131 154608,"[1, 1, 1, 1]",0,이체 출금 대출서비스,original
normal_이체 출금 대출서비스_[수정]20210131 154806,"[1, 1, 1, 1, 1, 1, 1]",0,이체 출금 대출서비스,original
normal_이체 출금 대출서비스_[수정]20210131 154950,"[1, 1, 1, 1, 1]",0,이체 출금 대출서비스,original
normal_이체 출금 대출서비스_[수정]20210131 155143,"[1, 1, 1, 1]",0,이체 출금 대출서비스,original
normal_이체 출금 대출서비스_[수정]20210131 155428,"[1, 1, 1]",0,이체 출금 대출서비스,original
normal_이체 출금 대출서비스_[수정]20210131 155552,"[1, 1, 1, 1]",0,이체 출금 대출서비스,original
normal_이체 출금 대출서비스_[수정]20210131 155801,"[1, 1]",0,이체 출금 대출서비스,original
normal_이체 출금 대출서비스_[수정]20210131 155845,"[1, 1, 1, 1]",0,이체 출금 대출서비스,original
normal_이체 출금 대출서비스_[수정]20210131 160040,"[1, 1, 1, 1, 1]",0,이체 출금 대출서비스,original
normal_이체 출금 대출서비스_[수정]20210131 160211,"[1, 1, 1, 1, 1]",0,이체 출금 대출서비스,original
normal_이체 출금 대출서비스_[수정]20210131 160931,"[1, 1, 1, 1, 1, 1, 1, 1, 1, 1, 1, 1]",0,이체 출금 대출서비스,original
normal_이체 출금 대출서비스_[수정]20210131 161456,"[1, 1, 1, 1]",0,이체 출금 대출서비스,original
normal_이체 출금 대출서비스_[수정]20210131 161716,"[1, 1, 1, 1]",0,이체 출금 대출서비스,original
normal_이체 출금 대출서비스_[수정]20210131 161923,"[1, 1, 1, 1, 1]",0,이체 출금 대출서비스,original
normal_이체 출금 대출서비스_[수정]20210131 162302,"[1, 1, 1, 1]",0,이체 출금 대출서비스,original
normal_이체 출금 대출서비스_[수정]20210131 162612,"[1, 1, 1, 1]",0,이체 출금 대출서비스,original
normal_이체 출금 대출서비스_[수정]20210131 162733,"[1, 1, 1, 1, 1, 1, 1]",0,이체 출금 대출서비스,original
normal_이체 출금 대출서비스_[수정]20210131 163139,"[1, 1, 1, 1, 1]",0,이체 출금 대출서비스,original
normal_이체 출금 대출서비스_[수정]20210131 163358,"[1, 1, 1, 1, 1]",0,이체 출금 대출서비스,original
normal_이체 출금 대출서비스_[수정]20210131 163648,"[1, 1, 1, 1]",0,이체 출금 대출서비스,original
normal_이체 출금 대출서비스_[수정]20210131 163831,"[1, 1, 1, 1]",0,이체 출금 대출서비스,original
normal_이체 출금 대출서비스_[수정]20210131 164101,"[1, 1, 1, 1, 1]",0,이체 출금 대출서비스,original
normal_이체 출금 대출서비스_[수정]20210131 164329,"[1, 1, 1, 1, 1, 1]",0,이체 출금 대출서비스,original
normal_이체 출금 대출서비스_[수정]20210131 164739,"[1, 1, 1, 1, 1, 1]",0,이체 출금 대출서비스,original
normal_이체 출금 대출서비스_[수정]20210131 165444,"[1, 1, 1, 1, 1, 1]",0,이체 출금 대출서비스,original
normal_이체 출금 대출서비스_[수정]20210131 165654,"[1, 1, 1, 1, 1]",0,이체 출금 대출서비스,original
normal_이체 출금 대출서비스_[수정]20210131 165819,"[1, 1, 1, 1]",0,이체 출금 대출서비스,original
normal_이체 출금 대출서비스_[수정]20210131 165950,"[1, 1, 1]",0,이체 출금 대출서비스,original
normal_이체 출금 대출서비스_[수정]20210131 173405,"[1, 1, 1, 1]",0,이체 출금 대출서비스,original
normal_이체 출금 대출서비스_[수정]20210131 173608,"[1, 1, 1, 1, 1]",0,이체 출금 대출서비스,original
normal_이체 출금 대출서비스_[수정]20210131 220543,"[1, 1, 1, 1, 1]",0,이체 출금 대출서비스,original
normal_이체 출금 대출서비스_[수정]20210131 220725,"[1, 1, 1, 1]",0,이체 출금 대출서비스,original
normal_이체 출금 대출서비스_[수정]20210131 220946,"[1, 1, 1, 1]",0,이체 출금 대출서비스,original
normal_이체 출금 대출서비스_[수정]20210131 221107,"[1, 1, 1, 1]",0,이체 출금 대출서비스,original
normal_이체 출금 대출서비스_[수정]20210131 221247,"[1, 1, 1, 1]",0,이체 출금 대출서비스,original
normal_이체 출금 대출서비스_[수정]20210131 221410,"[1, 1, 1, 1]",0,이체 출금 대출서비스,original
normal_이체 출금 대출서비스_[수정]20210131 221522,"[1, 1, 1, 1]",0,이체 출금 대출서비스,original
normal_이체 출금 대출서비스_[수정]20210131 221655,"[1, 1, 1, 1]",0,이체 출금 대출서비스,original
normal_이체 출금 대출서비스_[수정]20210131 221949,"[1, 1, 1, 1]",0,이체 출금 대출서비스,original
normal_이체 출금 대출서비스_[수정]20210131 222135,"[1, 1, 1, 1]",0,이체 출금 대출서비스,original
normal_이체 출금 대출서비스_[수정]20210131 222309,"[1, 1, 1, 1]",0,이체 출금 대출서비스,original
normal_이체 출금 대출서비스_[수정]20210131 222433,"[1, 1, 1, 1]",0,이체 출금 대출서비스,original
normal_이체 출금 대출서비스_[수정]20210131 222554,"[1, 1, 1, 1]",0,이체 출금 대출서비스,original
normal_이체 출금 대출서비스_[수정]20210131 222722,"[1, 1, 1, 1, 1]",0,이체 출금 대출서비스,original
normal_이체 출금 대출서비스_[수정]20210131 222853,"[1, 1, 1]",0,이체 출금 대출서비스,original
normal_이체 출금 대출서비스_[수정]20210131 223017,"[1, 1, 1, 1, 1]",0,이체 출금 대출서비스,original
normal_이체 출금 대출서비스_[수정]20210131 223216,"[1, 1, 1, 1]",0,이체 출금 대출서비스,original
normal_이체 출금 대출서비스_[수정]20210131 223354,"[1, 1, 1, 1]",0,이체 출금 대출서비스,original
normal_이체 출금 대출서비스_[수정]20210131 223511,"[1, 1, 1, 1]",0,이체 출금 대출서비스,original
normal_이체 출금 대출서비스_[수정]20210131 223629,"[1, 1, 1, 1]",0,이체 출금 대출서비스,original
normal_이체 출금 대출서비스_[수정]20210131 223747,"[1, 1, 1, 1]",0,이체 출금 대출서비스,original
normal_이체 출금 대출서비스_[수정]20210131 224353,"[1, 1, 1, 1, 1]",0,이체 출금 대출서비스,original
normal_이체 출금 대출서비스_[수정]20210131 224515,"[1, 1, 1, 1]",0,이체 출금 대출서비스,original
normal_이체 출금 대출서비스_[수정]20210131 224632,"[1, 1, 1]",0,이체 출금 대출서비스,original
normal_이체 출금 대출서비스_[수정]20210131 224907,"[1, 1, 1, 1]",0,이체 출금 대출서비스,original
normal_이체 출금 대출서비스_[수정]20210131 225057,"[1, 1, 1, 1]",0,이체 출금 대출서비스,original
normal_이체 출금 대출서비스_[수정]20210131 225330,"[1, 1, 1, 1, 1]",0,이체 출금 대출서비스,original
normal_이체 출금 대출서비스_[수정]20210131 225527,"[1, 1, 1]",0,이체 출금 대출서비스,original
normal_이체 출금 대출서비스_[수정]20210131 230847,"[1, 1, 1, 1, 1, 1, 1, 1]",0,이체 출금 대출서비스,original
normal_이체 출금 대출서비스_[수정]20210131 231123,"[1, 1, 1, 1, 1, 1]",0,이체 출금 대출서비스,original
normal_이체 출금 대출서비스_[수정]20210131 231347,"[1, 1, 1, 1, 1, 1, 1]",0,이체 출금 대출서비스,original
normal_이체 출금 대출서비스_[수정]20210131 231638,"[1, 1, 1, 1, 1, 1, 1]",0,이체 출금 대출서비스,original
normal_이체 출금 대출서비스_[수정]20210131 231907,"[1, 1, 1, 1, 1, 1]",0,이체 출금 대출서비스,original
normal_이체 출금 대출서비스_[수정]20210131 232154,"[1, 1, 1, 1, 1]",0,이체 출금 대출서비스,original
normal_이체 출금 대출서비스_[수정]20210131 232342,"[1, 1, 1, 1, 1, 1, 1, 1, 1]",0,이체 출금 대출서비스,original
normal_이체 출금 대출서비스_[수정]20210131 232832,"[1, 1, 1, 1, 1, 1]",0,이체 출금 대출서비스,original
normal_이체 출금 대출서비스_[수정]20210131 233058,"[1, 1, 1, 1, 1, 1]",0,이체 출금 대출서비스,original
normal_이체 출금 대출서비스_[수정]20210131 233242,"[1, 1, 1, 1, 1, 1, 1]",0,이체 출금 대출서비스,original
normal_이체 출금 대출서비스_[수정]20210131 233437,"[1, 1, 1, 1, 1]",0,이체 출금 대출서비스,original
normal_이체 출금 대출서비스_[수정]20210131 233621,"[1, 1, 1, 1, 1, 1]",0,이체 출금 대출서비스,original
normal_이체 출금 대출서비스_[수정]20210131 233921,"[1, 1, 1, 1, 1]",0,이체 출금 대출서비스,original
normal_이체 출금 대출서비스_[수정]20210131 234050,"[1, 1, 1, 1, 1, 1]",0,이체 출금 대출서비스,original
normal_이체 출금 대출서비스_[수정]20210131 234224,"[1, 1, 1, 1, 1]",0,이체 출금 대출서비스,original
normal_이체 출금 대출서비스_[수정]20210131 234358,"[1, 1, 1, 1, 1, 1]",0,이체 출금 대출서비스,original
normal_이체 출금 대출서비스_[수정]20210131 234645,"[1, 1, 1, 1, 1, 1]",0,이체 출금 대출서비스,original
normal_이체 출금 대출서비스_[수정]20210131 234902,"[1, 1, 1, 1, 1, 1]",0,이체 출금 대출서비스,original
normal_이체 출금 대출서비스_[수정]20210131 235057,"[1, 1, 1, 1, 1, 1]",0,이체 출금 대출서비스,original
normal_이체 출금 대출서비스_[수정]20210131 235326,"[1, 1, 1, 1, 1, 1]",0,이체 출금 대출서비스,original
normal_이체 출금 대출서비스_[수정]20210201 125020,"[1, 1, 1, 1, 1, 1, 1]",0,이체 출금 대출서비스,original
normal_이체 출금 대출서비스_[수정]20210201 125213,"[1, 1, 1, 1, 1, 1]",0,이체 출금 대출서비스,original
normal_이체 출금 대출서비스_[수정]20210201 125440,"[1, 1, 1, 1, 1, 1]",0,이체 출금 대출서비스,original
normal_이체 출금 대출서비스_[수정]20210201 125643,"[1, 1, 1, 1, 1, 1, 1]",0,이체 출금 대출서비스,original
normal_이체 출금 대출서비스_[수정]20210201 130106,"[1, 1, 1, 1, 1, 1]",0,이체 출금 대출서비스,original
normal_이체 출금 대출서비스_[수정]20210201 130301,"[1, 1, 1, 1, 1, 1]",0,이체 출금 대출서비스,original
normal_이체 출금 대출서비스_[수정]20210201 130548,"[1, 1, 1, 1, 1]",0,이체 출금 대출서비스,original
normal_이체 출금 대출서비스_[수정]20210201 130732,"[1, 1, 1, 1, 1]",0,이체 출금 대출서비스,original
normal_이체 출금 대출서비스_[수정]20210201 131153,"[1, 1, 1, 1, 1]",0,이체 출금 대출서비스,original
normal_이체 출금 대출서비스_[수정]20210201 131308,"[1, 1, 1, 1, 1, 1, 1]",0,이체 출금 대출서비스,original
normal_이체 출금 대출서비스_[수정]20210201 131449,"[1, 1, 1, 1]",0,이체 출금 대출서비스,original
normal_이체 출금 대출서비스_[수정]20210201 131658,"[1, 1, 1, 1, 1, 1, 1]",0,이체 출금 대출서비스,original
normal_이체 출금 대출서비스_[수정]20210201 131855,"[1, 1, 1, 1, 1, 1, 1, 1]",0,이체 출금 대출서비스,original
normal_이체 출금 대출서비스_[수정]20210201 132047,"[1, 1, 1, 1, 1, 1, 1, 1, 1]",0,이체 출금 대출서비스,original
normal_이체 출금 대출서비스_[수정]20210201 132342,"[1, 1, 1, 1, 1, 1, 1]",0,이체 출금 대출서비스,original
normal_이체 출금 대출서비스_[수정]20210201 132537,"[1, 1, 1, 1]",0,이체 출금 대출서비스,original
normal_이체 출금 대출서비스_[수정]20210201 132653,"[1, 1, 1, 1, 1, 1]",0,이체 출금 대출서비스,original
normal_이체 출금 대출서비스_[수정]20210201 132835,"[1, 1, 1, 1, 1]",0,이체 출금 대출서비스,original
normal_이체 출금 대출서비스_[수정]20210201 154331,"[1, 1, 1, 1, 1, 1]",0,이체 출금 대출서비스,original
normal_이체 출금 대출서비스_[수정]20210201 154530,"[1, 1, 1, 1, 1]",0,이체 출금 대출서비스,original
normal_이체 출금 대출서비스_[수정]20210201 154714,"[1, 1, 1, 1, 1, 1, 1, 1]",0,이체 출금 대출서비스,original
normal_이체 출금 대출서비스_[수정]20210201 154932,"[1, 1, 1, 1, 1, 1]",0,이체 출금 대출서비스,original
normal_이체 출금 대출서비스_[수정]20210201 155622,"[1, 1, 1, 1, 1]",0,이체 출금 대출서비스,original
normal_이체 출금 대출서비스_[수정]20210201 155741,"[1, 1, 1, 1, 1, 1, 1]",0,이체 출금 대출서비스,original
normal_이체 출금 대출서비스_[수정]20210201 155934,"[1, 1, 1, 1, 1, 1]",0,이체 출금 대출서비스,original
normal_이체 출금 대출서비스_[수정]20210201 160135,"[1, 1, 1, 1, 1, 1, 1]",0,이체 출금 대출서비스,original
normal_이체 출금 대출서비스_[수정]20210201 160803,"[1, 1, 1, 1, 1, 1, 1]",0,이체 출금 대출서비스,original
normal_이체 출금 대출서비스_[수정]20210201 160952,"[1, 1, 1, 1, 1, 1]",0,이체 출금 대출서비스,original
normal_이체 출금 대출서비스_[수정]20210201 161213,"[1, 1, 1, 1, 1, 1, 1, 1, 1]",0,이체 출금 대출서비스,original
normal_이체 출금 대출서비스_[수정]20210201 161540,"[1, 1, 1, 1, 1, 1, 1, 1, 1, 1, 1]",0,이체 출금 대출서비스,original
normal_이체 출금 대출서비스_[수정]20210201 210105,"[1, 1, 1, 1, 1, 1]",0,이체 출금 대출서비스,original
normal_이체 출금 대출서비스_[수정]20210201 210331,"[1, 1, 1, 1, 1, 1, 1]",0,이체 출금 대출서비스,original
normal_이체 출금 대출서비스_[수정]20210201 210547,"[1, 1, 1, 1, 1, 1, 1]",0,이체 출금 대출서비스,original
normal_이체 출금 대출서비스_[수정]20210201 210827,"[1, 1, 1, 1, 1, 1]",0,이체 출금 대출서비스,original
normal_이체 출금 대출서비스_[수정]20210201 211030,"[1, 1, 1, 1, 1]",0,이체 출금 대출서비스,original
normal_이체 출금 대출서비스_[수정]20210201 211157,"[1, 1, 1, 1]",0,이체 출금 대출서비스,original
normal_이체 출금 대출서비스_[수정]20210201 211352,"[1, 1, 1, 1, 1, 1, 1]",0,이체 출금 대출서비스,original
normal_이체 출금 대출서비스_[수정]20210201 211542,"[1, 1, 1, 1, 1, 1, 1]",0,이체 출금 대출서비스,original
normal_이체 출금 대출서비스_[수정]20210201 211819,"[1, 1, 1, 1, 1, 1]",0,이체 출금 대출서비스,original
normal_이체 출금 대출서비스_[수정]20210201 212008,"[1, 1, 1, 1, 1, 1, 1, 1]",0,이체 출금 대출서비스,original
normal_이체 출금 대출서비스_[수정]20210201 212227,"[1, 1, 1, 1, 1]",0,이체 출금 대출서비스,original
normal_이체 출금 대출서비스_[수정]20210201 212411,"[1, 1, 1, 1, 1]",0,이체 출금 대출서비스,original
normal_이체 출금 대출서비스_[수정]20210201 212547,"[1, 1, 1, 1, 1, 1]",0,이체 출금 대출서비스,original
normal_이체 출금 대출서비스_[수정]20210201 212802,"[1, 1, 1, 1, 1, 1, 1]",0,이체 출금 대출서비스,original
normal_이체 출금 대출서비스_[수정]20210201 213006,"[1, 1, 1, 1, 1]",0,이체 출금 대출서비스,original
normal_이체 출금 대출서비스_[수정]20210201 213131,"[1, 1, 1]",0,이체 출금 대출서비스,original
normal_이체 출금 대출서비스_[수정]20210201 213254,"[1, 1, 1, 1, 1, 1]",0,이체 출금 대출서비스,original
normal_이체 출금 대출서비스_[수정]20210201 213429,"[1, 1, 1, 1, 1, 1]",0,이체 출금 대출서비스,original
normal_이체 출금 대출서비스_[수정]20210201 213611,"[1, 1, 1, 1, 1, 1]",0,이체 출금 대출서비스,original
normal_이체 출금 대출서비스_[수정]20210201 213746,"[1, 1, 1, 1, 1, 1]",0,이체 출금 대출서비스,original
normal_이체 출금 대출서비스_[수정]20210201 213916,"[1, 1, 1, 1, 1]",0,이체 출금 대출서비스,original
normal_이체 출금 대출서비스_[수정]20210201 214115,"[1, 1, 1, 1, 1, 1, 1, 1, 1]",0,이체 출금 대출서비스,original
normal_이체 출금 대출서비스_[수정]20210201 214501,"[1, 1, 1, 1, 1, 1, 1, 1]",0,이체 출금 대출서비스,original
normal_이체 출금 대출서비스_[수정]20210201 214716,"[1, 1, 1, 1, 1, 1, 1]",0,이체 출금 대출서비스,original
normal_이체 출금 대출서비스_[수정]새로운 녹음 1,"[1, 1, 1, 1]",0,이체 출금 대출서비스,original
normal_이체 출금 대출서비스_[수정]새로운 녹음 10,"[1, 1, 1, 1]",0,이체 출금 대출서비스,original
normal_이체 출금 대출서비스_[수정]새로운 녹음 100,"[1, 1, 1, 1, 1, 1, 1, 1]",0,이체 출금 대출서비스,original
normal_이체 출금 대출서비스_[수정]새로운 녹음 101,"[1, 1, 1, 1, 1, 1, 1, 1, 1]",0,이체 출금 대출서비스,original
normal_이체 출금 대출서비스_[수정]새로운 녹음 102,"[1, 1, 1, 1, 1, 1, 1, 1]",0,이체 출금 대출서비스,original
normal_이체 출금 대출서비스_[수정]새로운 녹음 11,"[1, 1, 1, 1, 1, 1, 1, 1, 1, 1, 1]",0,이체 출금 대출서비스,original
normal_이체 출금 대출서비스_[수정]새로운 녹음 12,"[1, 1, 1, 1, 1, 1, 1, 1, 1, 1, 1]",0,이체 출금 대출서비스,original
normal_이체 출금 대출서비스_[수정]새로운 녹음 13,"[1, 1, 1, 1, 1, 1, 1, 1, 1, 1, 1, 1, 1]",0,이체 출금 대출서비스,original
normal_이체 출금 대출서비스_[수정]새로운 녹음 14,"[1, 1, 1, 1, 1, 1, 1, 1, 1, 1, 1, 1, 1, 1, 1]",0,이체 출금 대출서비스,original
normal_이체 출금 대출서비스_[수정]새로운 녹음 15,"[1, 1, 1, 1, 1, 1, 1, 1, 1, 1]",0,이체 출금 대출서비스,original
normal_이체 출금 대출서비스_[수정]새로운 녹음 16,"[1, 1, 1, 1, 1, 1, 1, 1, 1, 1, 1]",0,이체 출금 대출서비스,original
normal_이체 출금 대출서비스_[수정]새로운 녹음 17,"[1, 1, 1, 1, 1, 1, 1, 1, 1, 1, 1]",0,이체 출금 대출서비스,original
normal_이체 출금 대출서비스_[수정]새로운 녹음 18,"[1, 1, 1, 1, 1, 1, 1, 1, 1, 1, 1, 1, 1]",0,이체 출금 대출서비스,original
normal_이체 출금 대출서비스_[수정]새로운 녹음 19,"[1, 1, 1, 1, 1, 1, 1, 1, 1, 1, 1, 1]",0,이체 출금 대출서비스,original
normal_이체 출금 대출서비스_[수정]새로운 녹음 2,"[1, 1, 1, 1]",0,이체 출금 대출서비스,original
normal_이체 출금 대출서비스_[수정]새로운 녹음 20,"[1, 1, 1, 1, 1, 1, 1, 1, 1, 1, 1]",0,이체 출금 대출서비스,original
normal_이체 출금 대출서비스_[수정]새로운 녹음 21,"[1, 1, 1, 1, 1, 1]",0,이체 출금 대출서비스,original
normal_이체 출금 대출서비스_[수정]새로운 녹음 22,"[1, 1, 1, 1, 1, 1, 1, 1, 1]",0,이체 출금 대출서비스,original
normal_이체 출금 대출서비스_[수정]새로운 녹음 23,"[1, 1, 1, 1, 1, 1, 1]",0,이체 출금 대출서비스,original
normal_이체 출금 대출서비스_[수정]새로운 녹음 24,"[1, 1, 1, 1, 1, 1, 1, 1, 1, 1, 1, 1]",0,이체 출금 대출서비스,original
normal_이체 출금 대출서비스_[수정]새로운 녹음 25,"[1, 1, 1, 1, 1, 1, 1, 1]",0,이체 출금 대출서비스,original
normal_이체 출금 대출서비스_[수정]새로운 녹음 26,"[1, 1, 1, 1, 1, 1, 1, 1, 1, 1, 1, 1]",0,이체 출금 대출서비스,original
normal_이체 출금 대출서비스_[수정]새로운 녹음 27,"[1, 1, 1, 1, 1, 1, 1, 1]",0,이체 출금 대출서비스,original
normal_이체 출금 대출서비스_[수정]새로운 녹음 28,"[1, 1, 1, 1, 1, 1, 1, 1, 1, 1, 1]",0,이체 출금 대출서비스,original
normal_이체 출금 대출서비스_[수정]새로운 녹음 29,"[1, 1, 1, 1, 1, 1, 1, 1, 1, 1]",0,이체 출금 대출서비스,original
normal_이체 출금 대출서비스_[수정]새로운 녹음 3,"[1, 1, 1, 1, 1]",0,이체 출금 대출서비스,original
normal_이체 출금 대출서비스_[수정]새로운 녹음 30,"[1, 1, 1, 1, 1, 1, 1, 1, 1, 1]",0,이체 출금 대출서비스,original
normal_이체 출금 대출서비스_[수정]새로운 녹음 31,"[1, 1, 1, 1, 1, 1, 1, 1, 1, 1, 1]",0,이체 출금 대출서비스,original
normal_이체 출금 대출서비스_[수정]새로운 녹음 32,"[1, 1, 1, 1, 1, 1, 1, 1, 1, 1]",0,이체 출금 대출서비스,original
normal_이체 출금 대출서비스_[수정]새로운 녹음 33,"[1, 1, 1, 1, 1, 1, 1, 1, 1]",0,이체 출금 대출서비스,original
normal_이체 출금 대출서비스_[수정]새로운 녹음 34,"[1, 1, 1, 1, 1, 1, 1, 1]",0,이체 출금 대출서비스,original
normal_이체 출금 대출서비스_[수정]새로운 녹음 35,"[1, 1, 1, 1, 1, 1, 1, 1, 1, 1]",0,이체 출금 대출서비스,original
normal_이체 출금 대출서비스_[수정]새로운 녹음 36,"[1, 1, 1, 1, 1, 1, 1]",0,이체 출금 대출서비스,original
normal_이체 출금 대출서비스_[수정]새로운 녹음 37,"[1, 1, 1, 1, 1, 1, 1]",0,이체 출금 대출서비스,original
normal_이체 출금 대출서비스_[수정]새로운 녹음 38,"[1, 1, 1, 1, 1, 1, 1]",0,이체 출금 대출서비스,original
normal_이체 출금 대출서비스_[수정]새로운 녹음 39,"[1, 1, 1, 1, 1, 1, 1, 1]",0,이체 출금 대출서비스,original
normal_이체 출금 대출서비스_[수정]새로운 녹음 4,"[1, 1, 1, 1]",0,이체 출금 대출서비스,original
normal_이체 출금 대출서비스_[수정]새로운 녹음 40,"[1, 1, 1, 1, 1, 1, 1, 1]",0,이체 출금 대출서비스,original
normal_이체 출금 대출서비스_[수정]새로운 녹음 41,"[1, 1, 1, 1, 1]",0,이체 출금 대출서비스,original
normal_이체 출금 대출서비스_[수정]새로운 녹음 42,"[1, 1, 1, 1, 1, 1, 1, 1, 1]",0,이체 출금 대출서비스,original
normal_이체 출금 대출서비스_[수정]새로운 녹음 43,"[1, 1, 1, 1, 1, 1, 1, 1]",0,이체 출금 대출서비스,original
normal_이체 출금 대출서비스_[수정]새로운 녹음 44,"[1, 1, 1, 1, 1, 1, 1, 1]",0,이체 출금 대출서비스,original
normal_이체 출금 대출서비스_[수정]새로운 녹음 45,"[1, 1, 1, 1, 1, 1, 1, 1, 1]",0,이체 출금 대출서비스,original
normal_이체 출금 대출서비스_[수정]새로운 녹음 46,"[1, 1, 1, 1, 1, 1, 1]",0,이체 출금 대출서비스,original
normal_이체 출금 대출서비스_[수정]새로운 녹음 47,"[1, 1, 1, 1, 1, 1, 1, 1, 1, 1]",0,이체 출금 대출서비스,original
normal_이체 출금 대출서비스_[수정]새로운 녹음 48,"[1, 1, 1, 1, 1, 1, 1, 1, 1, 1]",0,이체 출금 대출서비스,original
normal_이체 출금 대출서비스_[수정]새로운 녹음 49,"[1, 1, 1, 1, 1, 1, 1, 1]",0,이체 출금 대출서비스,original
normal_이체 출금 대출서비스_[수정]새로운 녹음 5,"[1, 1, 1, 1]",0,이체 출금 대출서비스,original
normal_이체 출금 대출서비스_[수정]새로운 녹음 50,"[1, 1, 1, 1, 1, 1, 1, 1, 1]",0,이체 출금 대출서비스,original
normal_이체 출금 대출서비스_[수정]새로운 녹음 51,"[1, 1, 1, 1, 1, 1, 1, 1]",0,이체 출금 대출서비스,original
normal_이체 출금 대출서비스_[수정]새로운 녹음 52,"[1, 1, 1, 1, 1, 1, 1, 1]",0,이체 출금 대출서비스,original
normal_이체 출금 대출서비스_[수정]새로운 녹음 53,"[1, 1, 1, 1, 1, 1]",0,이체 출금 대출서비스,original
normal_이체 출금 대출서비스_[수정]새로운 녹음 54,"[1, 1, 1, 1, 1, 1, 1]",0,이체 출금 대출서비스,original
normal_이체 출금 대출서비스_[수정]새로운 녹음 55,"[1, 1, 1, 1, 1, 1, 1, 1]",0,이체 출금 대출서비스,original
normal_이체 출금 대출서비스_[수정]새로운 녹음 56,"[1, 1, 1, 1, 1, 1, 1, 1]",0,이체 출금 대출서비스,original
normal_이체 출금 대출서비스_[수정]새로운 녹음 57,"[1, 1, 1, 1, 1, 1, 1, 1]",0,이체 출금 대출서비스,original
normal_이체 출금 대출서비스_[수정]새로운 녹음 58,"[1, 1, 1, 1, 1, 1, 1]",0,이체 출금 대출서비스,original
normal_이체 출금 대출서비스_[수정]새로운 녹음 59,"[1, 1, 1, 1, 1, 1, 1, 1]",0,이체 출금 대출서비스,original
normal_이체 출금 대출서비스_[수정]새로운 녹음 6,"[1, 1, 1, 1]",0,이체 출금 대출서비스,original
normal_이체 출금 대출서비스_[수정]새로운 녹음 60,"[1, 1, 1, 1, 1, 1, 1, 1]",0,이체 출금 대출서비스,original
normal_이체 출금 대출서비스_[수정]새로운 녹음 61,"[1, 1, 1, 1]",0,이체 출금 대출서비스,original
normal_이체 출금 대출서비스_[수정]새로운 녹음 62,"[1, 1, 1, 1]",0,이체 출금 대출서비스,original
normal_이체 출금 대출서비스_[수정]새로운 녹음 63,"[1, 1, 1, 1]",0,이체 출금 대출서비스,original
normal_이체 출금 대출서비스_[수정]새로운 녹음 64,"[1, 1, 1, 1]",0,이체 출금 대출서비스,original
normal_이체 출금 대출서비스_[수정]새로운 녹음 65,"[1, 1, 1]",0,이체 출금 대출서비스,original
normal_이체 출금 대출서비스_[수정]새로운 녹음 66,"[1, 1, 1, 1, 1]",0,이체 출금 대출서비스,original
normal_이체 출금 대출서비스_[수정]새로운 녹음 67,"[1, 1, 1, 1, 1, 1]",0,이체 출금 대출서비스,original
normal_이체 출금 대출서비스_[수정]새로운 녹음 68,"[1, 1, 1, 1, 1]",0,이체 출금 대출서비스,original
normal_이체 출금 대출서비스_[수정]새로운 녹음 69,"[1, 1, 1, 1, 1]",0,이체 출금 대출서비스,original
normal_이체 출금 대출서비스_[수정]새로운 녹음 7,"[1, 1, 1, 1]",0,이체 출금 대출서비스,original
normal_이체 출금 대출서비스_[수정]새로운 녹음 70,"[1, 1, 1, 1, 1, 1]",0,이체 출금 대출서비스,original
normal_이체 출금 대출서비스_[수정]새로운 녹음 71,"[1, 1, 1, 1]",0,이체 출금 대출서비스,original
normal_이체 출금 대출서비스_[수정]새로운 녹음 72,"[1, 1, 1, 1, 1]",0,이체 출금 대출서비스,original
normal_이체 출금 대출서비스_[수정]새로운 녹음 73,"[1, 1, 1, 1, 1, 1, 1]",0,이체 출금 대출서비스,original
normal_이체 출금 대출서비스_[수정]새로운 녹음 74,"[1, 1, 1, 1, 1, 1, 1]",0,이체 출금 대출서비스,original
normal_이체 출금 대출서비스_[수정]새로운 녹음 75,"[1, 1, 1, 1]",0,이체 출금 대출서비스,original
normal_이체 출금 대출서비스_[수정]새로운 녹음 76,"[1, 1, 1]",0,이체 출금 대출서비스,original
normal_이체 출금 대출서비스_[수정]새로운 녹음 77,"[1, 1, 1, 1]",0,이체 출금 대출서비스,original
normal_이체 출금 대출서비스_[수정]새로운 녹음 78,"[1, 1, 1, 1, 1, 1, 1]",0,이체 출금 대출서비스,original
normal_이체 출금 대출서비스_[수정]새로운 녹음 79,"[1, 1, 1, 1, 1]",0,이체 출금 대출서비스,original
normal_이체 출금 대출서비스_[수정]새로운 녹음 8,"[1, 1, 1, 1]",0,이체 출금 대출서비스,original
normal_이체 출금 대출서비스_[수정]새로운 녹음 80,"[1, 1, 1, 1, 1]",0,이체 출금 대출서비스,original
normal_이체 출금 대출서비스_[수정]새로운 녹음 81,"[1, 1, 1, 1, 1, 1]",0,이체 출금 대출서비스,original
normal_이체 출금 대출서비스_[수정]새로운 녹음 82,"[1, 1, 1, 1, 1]",0,이체 출금 대출서비스,original
normal_이체 출금 대출서비스_[수정]새로운 녹음 83,"[1, 1, 1, 1, 1]",0,이체 출금 대출서비스,original
normal_이체 출금 대출서비스_[수정]새로운 녹음 84,"[1, 1, 1, 1, 1]",0,이체 출금 대출서비스,original
normal_이체 출금 대출서비스_[수정]새로운 녹음 85,"[1, 1, 1, 1, 1]",0,이체 출금 대출서비스,original
normal_이체 출금 대출서비스_[수정]새로운 녹음 86,"[1, 1, 1, 1, 1, 1]",0,이체 출금 대출서비스,original
normal_이체 출금 대출서비스_[수정]새로운 녹음 87,"[1, 1, 1, 1, 1]",0,이체 출금 대출서비스,original
normal_이체 출금 대출서비스_[수정]새로운 녹음 88,"[1, 1, 1, 1, 1]",0,이체 출금 대출서비스,original
normal_이체 출금 대출서비스_[수정]새로운 녹음 89,"[1, 1, 1, 1, 1]",0,이체 출금 대출서비스,original
normal_이체 출금 대출서비스_[수정]새로운 녹음 9,"[1, 1, 1, 1]",0,이체 출금 대출서비스,original
normal_이체 출금 대출서비스_[수정]새로운 녹음 90,"[1, 1, 1, 1, 1]",0,이체 출금 대출서비스,original
normal_이체 출금 대출서비스_[수정]새로운 녹음 91,"[1, 1, 1, 1, 1]",0,이체 출금 대출서비스,original
normal_이체 출금 대출서비스_[수정]새로운 녹음 92,"[1, 1, 1, 1, 1]",0,이체 출금 대출서비스,original
normal_이체 출금 대출서비스_[수정]새로운 녹음 93,"[1, 1, 1, 1]",0,이체 출금 대출서비스,original
normal_이체 출금 대출서비스_[수정]새로운 녹음 94,"[1, 1, 1, 1, 1, 1, 1]",0,이체 출금 대출서비스,original
normal_이체 출금 대출서비스_[수정]새로운 녹음 95,"[1, 1, 1, 1, 1]",0,이체 출금 대출서비스,original
normal_이체 출금 대출서비스_[수정]새로운 녹음 96,"[1, 1, 1, 1, 1]",0,이체 출금 대출서비스,original
normal_이체 출금 대출서비스_[수정]새로운 녹음 97,"[1, 1, 1, 1, 1]",0,이체 출금 대출서비스,original
normal_이체 출금 대출서비스_[수정]새로운 녹음 98,"[1, 1, 1, 1, 1]",0,이체 출금 대출서비스,original
normal_이체 출금 대출서비스_[수정]새로운 녹음 99,"[1, 1, 1, 1, 1]",0,이체 출금 대출서비스,original
normal_잔고 및 거래내역_[수정]20210130 110812,"[1, 1, 1, 1, 1]",0,잔고 및 거래내역,original
normal_잔고 및 거래내역_[수정]20210130 110922,"[1, 1, 1, 1, 1]",0,잔고 및 거래내역,original
normal_잔고 및 거래내역_[수정]20210130 111039,"[1, 1, 1, 1]",0,잔고 및 거래내역,original
normal_잔고 및 거래내역_[수정]20210130 111205,"[1, 1, 1]",0,잔고 및 거래내역,original
normal_잔고 및 거래내역_[수정]20210130 111313,"[1, 1, 1, 1, 1]",0,잔고 및 거래내역,original
normal_잔고 및 거래내역_[수정]20210130 111441,"[1, 1, 1, 1, 1]",0,잔고 및 거래내역,original
normal_잔고 및 거래내역_[수정]20210130 111555,"[1, 1, 1, 1]",0,잔고 및 거래내역,original
normal_잔고 및 거래내역_[수정]20210130 112819,"[1, 1, 1, 1, 1]",0,잔고 및 거래내역,original
normal_잔고 및 거래내역_[수정]20210130 113106,"[1, 1, 1, 1, 1]",0,잔고 및 거래내역,original
normal_잔고 및 거래내역_[수정]20210130 113219,"[1, 1, 1, 1]",0,잔고 및 거래내역,original
normal_잔고 및 거래내역_[수정]20210130 113322,"[1, 1, 1, 1]",0,잔고 및 거래내역,original
normal_잔고 및 거래내역_[수정]20210130 113429,"[1, 1, 1, 1, 1, 1, 1]",0,잔고 및 거래내역,original
normal_잔고 및 거래내역_[수정]20210130 113615,"[1, 1, 1, 1, 1, 1, 1, 1]",0,잔고 및 거래내역,original
normal_잔고 및 거래내역_[수정]20210130 113802,"[1, 1, 1, 1, 1]",0,잔고 및 거래내역,original
normal_잔고 및 거래내역_[수정]20210130 113954,"[1, 1, 1, 1, 1, 1, 1, 1, 1, 1, 1]",0,잔고 및 거래내역,original
normal_잔고 및 거래내역_[수정]20210130 114242,"[1, 1, 1, 1, 1, 1, 1, 1, 1, 1, 1, 1]",0,잔고 및 거래내역,original
normal_잔고 및 거래내역_[수정]20210130 114549,"[1, 1, 1, 1, 1, 1, 1, 1]",0,잔고 및 거래내역,original
normal_잔고 및 거래내역_[수정]20210130 114746,"[1, 1, 1, 1, 1, 1]",0,잔고 및 거래내역,original
normal_잔고 및 거래내역_[수정]20210130 114920,"[1, 1, 1, 1, 1, 1, 1, 1]",0,잔고 및 거래내역,original
normal_잔고 및 거래내역_[수정]20210130 115113,"[1, 1, 1, 1, 1, 1, 1, 1, 1]",0,잔고 및 거래내역,original
normal_잔고 및 거래내역_[수정]20210130 115307,"[1, 1, 1, 1, 1, 1, 1]",0,잔고 및 거래내역,original
normal_잔고 및 거래내역_[수정]20210130 115456,"[1, 1, 1, 1, 1, 1, 1, 1, 1]",0,잔고 및 거래내역,original
normal_잔고 및 거래내역_[수정]20210130 120108,"[1, 1, 1, 1, 1]",0,잔고 및 거래내역,original
normal_잔고 및 거래내역_[수정]20210130 120259,"[1, 1, 1, 1, 1, 1, 1, 1, 1]",0,잔고 및 거래내역,original
normal_잔고 및 거래내역_[수정]20210130 120523,"[1, 1, 1, 1, 1]",0,잔고 및 거래내역,original
normal_잔고 및 거래내역_[수정]20210130 120717,"[1, 1, 1, 1, 1, 1, 1, 1, 1, 1]",0,잔고 및 거래내역,original
normal_잔고 및 거래내역_[수정]20210130 120925,"[1, 1, 1, 1, 1]",0,잔고 및 거래내역,original
normal_잔고 및 거래내역_[수정]20210130 121216,"[1, 1, 1, 1, 1, 1, 1, 1, 1]",0,잔고 및 거래내역,original
normal_잔고 및 거래내역_[수정]20210130 121421,"[1, 1, 1, 1, 1, 1, 1, 1]",0,잔고 및 거래내역,original
normal_잔고 및 거래내역_[수정]20210130 121626,"[1, 1, 1, 1, 1, 1, 1, 1, 1]",0,잔고 및 거래내역,original
normal_잔고 및 거래내역_[수정]20210130 121850,"[1, 1, 1, 1, 1, 1, 1, 1, 1]",0,잔고 및 거래내역,original
normal_잔고 및 거래내역_[수정]20210130 122056,"[1, 1, 1, 1, 1, 1]",0,잔고 및 거래내역,original
normal_잔고 및 거래내역_[수정]20210130 122241,"[1, 1, 1, 1, 1, 1, 1, 1]",0,잔고 및 거래내역,original
normal_잔고 및 거래내역_[수정]20210130 122435,"[1, 1, 1, 1, 1, 1]",0,잔고 및 거래내역,original
normal_잔고 및 거래내역_[수정]20210130 122614,"[1, 1, 1, 1, 1, 1, 1, 1, 1]",0,잔고 및 거래내역,original
normal_잔고 및 거래내역_[수정]20210130 122812,"[1, 1, 1, 1, 1, 1, 1, 1]",0,잔고 및 거래내역,original
normal_잔고 및 거래내역_[수정]20210130 123002,"[1, 1, 1, 1, 1, 1, 1, 1, 1, 1]",0,잔고 및 거래내역,original
normal_잔고 및 거래내역_[수정]20210130 132742,"[1, 1, 1, 1, 1, 1, 1, 1, 1]",0,잔고 및 거래내역,original
normal_잔고 및 거래내역_[수정]20210130 132937,"[1, 1, 1, 1, 1, 1, 1, 1, 1]",0,잔고 및 거래내역,original
normal_잔고 및 거래내역_[수정]20210130 133133,"[1, 1, 1, 1, 1, 1, 1, 1, 1, 1]",0,잔고 및 거래내역,original
normal_잔고 및 거래내역_[수정]20210130 133402,"[1, 1, 1, 1, 1, 1, 1]",0,잔고 및 거래내역,original
normal_잔고 및 거래내역_[수정]20210130 133545,"[1, 1, 1, 1, 1, 1, 1]",0,잔고 및 거래내역,original
normal_잔고 및 거래내역_[수정]20210130 133733,"[1, 1, 1, 1, 1, 1]",0,잔고 및 거래내역,original
normal_잔고 및 거래내역_[수정]20210130 133929,"[1, 1, 1, 1, 1, 1, 1, 1, 1, 1]",0,잔고 및 거래내역,original
normal_잔고 및 거래내역_[수정]20210130 134145,"[1, 1, 1, 1, 1, 1, 1, 1, 1, 1, 1, 1, 1, 1]",0,잔고 및 거래내역,original
normal_잔고 및 거래내역_[수정]20210130 134445,"[1, 1, 1, 1, 1, 1, 1, 1]",0,잔고 및 거래내역,original
normal_잔고 및 거래내역_[수정]20210130 134704,"[1, 1, 1, 1, 1, 1, 1, 1, 1, 1]",0,잔고 및 거래내역,original
normal_잔고 및 거래내역_[수정]20210130 134925,"[1, 1, 1, 1, 1, 1, 1, 1, 1, 1, 1]",0,잔고 및 거래내역,original
normal_잔고 및 거래내역_[수정]20210130 135145,"[1, 1, 1, 1, 1, 1, 1, 1]",0,잔고 및 거래내역,original
normal_잔고 및 거래내역_[수정]20210130 135400,"[1, 1, 1, 1, 1, 1, 1, 1, 1, 1, 1, 1]",0,잔고 및 거래내역,original
normal_잔고 및 거래내역_[수정]20210130 135628,"[1, 1, 1, 1, 1, 1, 1, 1, 1, 1]",0,잔고 및 거래내역,original
normal_잔고 및 거래내역_[수정]20210130 140148,"[1, 1, 1, 1, 1, 1, 1, 1, 1, 1, 1, 1, 1]",0,잔고 및 거래내역,original
normal_잔고 및 거래내역_[수정]20210130 140607,"[1, 1, 1, 1, 1, 1, 1, 1]",0,잔고 및 거래내역,original
normal_잔고 및 거래내역_[수정]20210130 140808,"[1, 1, 1, 1, 1]",0,잔고 및 거래내역,original
normal_잔고 및 거래내역_[수정]20210130 141005,"[1, 1, 1, 1, 1, 1, 1, 1, 1]",0,잔고 및 거래내역,original
normal_잔고 및 거래내역_[수정]20210130 141208,"[1, 1, 1, 1, 1, 1, 1]",0,잔고 및 거래내역,original
normal_잔고 및 거래내역_[수정]20210130 141415,"[1, 1, 1, 1, 1]",0,잔고 및 거래내역,original
normal_잔고 및 거래내역_[수정]20210130 141558,"[1, 1, 1, 1, 1, 1, 1, 1, 1]",0,잔고 및 거래내역,original
normal_잔고 및 거래내역_[수정]20210130 141756,"[1, 1, 1, 1, 1, 1, 1, 1]",0,잔고 및 거래내역,original
normal_잔고 및 거래내역_[수정]20210130 141946,"[1, 1, 1, 1, 1, 1]",0,잔고 및 거래내역,original
normal_잔고 및 거래내역_[수정]20210130 142829,"[1, 1, 1, 1, 1, 1]",0,잔고 및 거래내역,original
normal_잔고 및 거래내역_[수정]20210130 143024,"[1, 1, 1, 1, 1, 1, 1]",0,잔고 및 거래내역,original
normal_잔고 및 거래내역_[수정]20210130 143207,"[1, 1, 1, 1, 1, 1]",0,잔고 및 거래내역,original
normal_잔고 및 거래내역_[수정]20210130 143340,"[1, 1, 1, 1, 1, 1]",0,잔고 및 거래내역,original
normal_잔고 및 거래내역_[수정]20210130 143524,"[1, 1, 1, 1, 1, 1]",0,잔고 및 거래내역,original
normal_잔고 및 거래내역_[수정]20210130 143652,"[1, 1, 1, 1, 1, 1]",0,잔고 및 거래내역,original
normal_잔고 및 거래내역_[수정]20210130 143833,"[1, 1, 1, 1, 1, 1, 1, 1]",0,잔고 및 거래내역,original
normal_잔고 및 거래내역_[수정]20210130 144013,"[1, 1, 1, 1, 1]",0,잔고 및 거래내역,original
normal_잔고 및 거래내역_[수정]20210130 144151,"[1, 1, 1, 1, 1, 1, 1]",0,잔고 및 거래내역,original
normal_잔고 및 거래내역_[수정]20210130 144339,"[1, 1, 1, 1, 1, 1, 1, 1]",0,잔고 및 거래내역,original
normal_잔고 및 거래내역_[수정]20210130 144556,"[1, 1, 1, 1, 1, 1, 1, 1, 1, 1]",0,잔고 및 거래내역,original
normal_잔고 및 거래내역_[수정]20210130 150205,"[1, 1, 1, 1, 1, 1, 1, 1, 1]",0,잔고 및 거래내역,original
normal_잔고 및 거래내역_[수정]20210130 150422,"[1, 1, 1, 1, 1, 1, 1, 1]",0,잔고 및 거래내역,original
normal_잔고 및 거래내역_[수정]20210130 150642,"[1, 1, 1, 1]",0,잔고 및 거래내역,original
normal_잔고 및 거래내역_[수정]20210130 150818,"[1, 1, 1, 1, 1, 1]",0,잔고 및 거래내역,original
normal_잔고 및 거래내역_[수정]20210130 151034,"[1, 1, 1, 1, 1, 1]",0,잔고 및 거래내역,original
normal_잔고 및 거래내역_[수정]20210130 151202,"[1, 1, 1, 1, 1, 1, 1, 1, 1]",0,잔고 및 거래내역,original
normal_잔고 및 거래내역_[수정]20210130 151416,"[1, 1, 1, 1, 1, 1, 1, 1]",0,잔고 및 거래내역,original
normal_잔고 및 거래내역_[수정]20210130 151628,"[1, 1, 1, 1, 1, 1, 1, 1]",0,잔고 및 거래내역,original
normal_잔고 및 거래내역_[수정]20210130 151819,"[1, 1, 1, 1, 1, 1]",0,잔고 및 거래내역,original
normal_잔고 및 거래내역_[수정]20210130 151949,"[1, 1, 1, 1, 1, 1, 1, 1]",0,잔고 및 거래내역,original
normal_잔고 및 거래내역_[수정]20210130 152138,"[1, 1, 1, 1, 1, 1, 1, 1]",0,잔고 및 거래내역,original
normal_잔고 및 거래내역_[수정]20210130 152417,"[1, 1, 1, 1, 1, 1, 1]",0,잔고 및 거래내역,original
normal_잔고 및 거래내역_[수정]20210130 152602,"[1, 1, 1, 1, 1, 1, 1, 1]",0,잔고 및 거래내역,original
normal_잔고 및 거래내역_[수정]20210130 152805,"[1, 1, 1, 1, 1, 1, 1]",0,잔고 및 거래내역,original
normal_잔고 및 거래내역_[수정]20210130 152951,"[1, 1, 1, 1, 1]",0,잔고 및 거래내역,original
normal_잔고 및 거래내역_[수정]20210130 153106,"[1, 1, 1, 1, 1, 1]",0,잔고 및 거래내역,original
normal_잔고 및 거래내역_[수정]20210130 153245,"[1, 1, 1, 1, 1, 1, 1]",0,잔고 및 거래내역,original
normal_잔고 및 거래내역_[수정]20210130 153426,"[1, 1, 1, 1, 1, 1]",0,잔고 및 거래내역,original
normal_잔고 및 거래내역_[수정]20210130 153601,"[1, 1, 1, 1, 1, 1, 1, 1]",0,잔고 및 거래내역,original
normal_잔고 및 거래내역_[수정]20210130 153812,"[1, 1, 1, 1, 1, 1, 1]",0,잔고 및 거래내역,original
normal_잔고 및 거래내역_[수정]20210130 154044,"[1, 1, 1, 1, 1, 1, 1, 1]",0,잔고 및 거래내역,original
normal_잔고 및 거래내역_[수정]20210130 154247,"[1, 1, 1, 1, 1]",0,잔고 및 거래내역,original
normal_잔고 및 거래내역_[수정]20210130 154433,"[1, 1, 1, 1, 1, 1, 1, 1, 1, 1, 1]",0,잔고 및 거래내역,original
normal_잔고 및 거래내역_[수정]20210130 154737,"[1, 1, 1, 1, 1, 1]",0,잔고 및 거래내역,original
normal_잔고 및 거래내역_[수정]20210130 154941,"[1, 1, 1, 1, 1, 1, 1, 1, 1]",0,잔고 및 거래내역,original
normal_잔고 및 거래내역_[수정]20210130 155210,"[1, 1, 1, 1, 1, 1, 1, 1, 1]",0,잔고 및 거래내역,original
normal_잔고 및 거래내역_[수정]20210130 155358,"[1, 1, 1, 1, 1, 1, 1, 1, 1, 1, 1, 1, 1, 1, 1]",0,잔고 및 거래내역,original
normal_잔고 및 거래내역_[수정]20210130 155813,"[1, 1, 1, 1, 1]",0,잔고 및 거래내역,original
normal_잔고 및 거래내역_[수정]20210130 155919,"[1, 1, 1, 1, 1]",0,잔고 및 거래내역,original
normal_잔고 및 거래내역_[수정]20210130 160032,"[1, 1, 1, 1]",0,잔고 및 거래내역,original
normal_잔고 및 거래내역_[수정]20210130 160642,"[1, 1, 1, 1, 1]",0,잔고 및 거래내역,original
normal_잔고 및 거래내역_[수정]20210130 160950,"[1, 1, 1, 1]",0,잔고 및 거래내역,original
normal_잔고 및 거래내역_[수정]20210130 161222,"[1, 1, 1, 1, 1, 1, 1]",0,잔고 및 거래내역,original
normal_잔고 및 거래내역_[수정]20210130 161410,"[1, 1, 1, 1, 1]",0,잔고 및 거래내역,original
normal_잔고 및 거래내역_[수정]20210130 161521,"[1, 1, 1, 1, 1]",0,잔고 및 거래내역,original
normal_잔고 및 거래내역_[수정]20210130 161630,"[1, 1, 1, 1]",0,잔고 및 거래내역,original
normal_잔고 및 거래내역_[수정]20210130 161732,"[1, 1, 1, 1]",0,잔고 및 거래내역,original
normal_잔고 및 거래내역_[수정]20210130 161834,"[1, 1, 1, 1]",0,잔고 및 거래내역,original
normal_잔고 및 거래내역_[수정]20210130 161937,"[1, 1, 1, 1]",0,잔고 및 거래내역,original
normal_잔고 및 거래내역_[수정]20210130 164826,"[1, 1, 1, 1, 1]",0,잔고 및 거래내역,original
normal_잔고 및 거래내역_[수정]20210130 164938,"[1, 1, 1, 1]",0,잔고 및 거래내역,original
normal_잔고 및 거래내역_[수정]20210130 165048,"[1, 1, 1, 1]",0,잔고 및 거래내역,original
normal_잔고 및 거래내역_[수정]20210130 165149,"[1, 1, 1, 1]",0,잔고 및 거래내역,original
normal_잔고 및 거래내역_[수정]20210130 165251,"[1, 1, 1, 1, 1]",0,잔고 및 거래내역,original
normal_잔고 및 거래내역_[수정]20210130 165357,"[1, 1, 1, 1, 1]",0,잔고 및 거래내역,original
normal_잔고 및 거래내역_[수정]20210130 165458,"[1, 1, 1, 1, 1]",0,잔고 및 거래내역,original
normal_잔고 및 거래내역_[수정]20210130 165559,"[1, 1, 1, 1, 1, 1]",0,잔고 및 거래내역,original
normal_잔고 및 거래내역_[수정]20210130 165723,"[1, 1, 1, 1]",0,잔고 및 거래내역,original
normal_잔고 및 거래내역_[수정]20210130 165825,"[1, 1, 1]",0,잔고 및 거래내역,original
normal_잔고 및 거래내역_[수정]20210130 165917,"[1, 1, 1]",0,잔고 및 거래내역,original
normal_잔고 및 거래내역_[수정]20210130 170003,"[1, 1, 1, 1]",0,잔고 및 거래내역,original
normal_잔고 및 거래내역_[수정]20210130 170059,"[1, 1, 1]",0,잔고 및 거래내역,original
normal_잔고 및 거래내역_[수정]20210130 170153,"[1, 1, 1, 1]",0,잔고 및 거래내역,original
normal_잔고 및 거래내역_[수정]20210130 170257,"[1, 1, 1, 1]",0,잔고 및 거래내역,original
normal_잔고 및 거래내역_[수정]20210130 170355,"[1, 1, 1, 1]",0,잔고 및 거래내역,original
normal_잔고 및 거래내역_[수정]20210130 170503,"[1, 1, 1]",0,잔고 및 거래내역,original
normal_잔고 및 거래내역_[수정]20210130 170554,"[1, 1, 1, 1, 1, 1]",0,잔고 및 거래내역,original
normal_잔고 및 거래내역_[수정]20210130 170718,"[1, 1, 1, 1]",0,잔고 및 거래내역,original
normal_잔고 및 거래내역_[수정]20210130 170835,"[1, 1, 1, 1, 1]",0,잔고 및 거래내역,original
normal_잔고 및 거래내역_[수정]20210130 170947,"[1, 1, 1, 1]",0,잔고 및 거래내역,original
normal_잔고 및 거래내역_[수정]20210130 171054,"[1, 1, 1, 1, 1]",0,잔고 및 거래내역,original
normal_잔고 및 거래내역_[수정]20210130 171207,"[1, 1, 1, 1, 1]",0,잔고 및 거래내역,original
normal_잔고 및 거래내역_[수정]20210130 171309,"[1, 1, 1, 1, 1, 1]",0,잔고 및 거래내역,original
normal_잔고 및 거래내역_[수정]20210130 171429,"[1, 1, 1, 1, 1]",0,잔고 및 거래내역,original
normal_잔고 및 거래내역_[수정]20210130 171540,"[1, 1, 1, 1]",0,잔고 및 거래내역,original
normal_잔고 및 거래내역_[수정]20210130 171642,"[1, 1, 1, 1, 1]",0,잔고 및 거래내역,original
normal_잔고 및 거래내역_[수정]20210130 171803,"[1, 1, 1, 1, 1]",0,잔고 및 거래내역,original
normal_잔고 및 거래내역_[수정]20210130 171922,"[1, 1, 1, 1, 1]",0,잔고 및 거래내역,original
normal_잔고 및 거래내역_[수정]20210130 172032,"[1, 1, 1, 1, 1]",0,잔고 및 거래내역,original
normal_잔고 및 거래내역_[수정]20210130 172137,"[1, 1, 1, 1, 1]",0,잔고 및 거래내역,original
normal_잔고 및 거래내역_[수정]20210130 172249,"[1, 1, 1, 1, 1]",0,잔고 및 거래내역,original
normal_잔고 및 거래내역_[수정]20210130 172403,"[1, 1, 1, 1, 1, 1, 1, 1, 1]",0,잔고 및 거래내역,original
normal_잔고 및 거래내역_[수정]20210130 172600,"[1, 1, 1, 1, 1, 1, 1, 1, 1, 1, 1, 1]",0,잔고 및 거래내역,original
normal_잔고 및 거래내역_[수정]20210130 173657,"[1, 1, 1, 1, 1, 1, 1, 1, 1, 1, 1]",0,잔고 및 거래내역,original
normal_잔고 및 거래내역_[수정]20210130 173913,"[1, 1, 1, 1, 1, 1, 1]",0,잔고 및 거래내역,original
normal_잔고 및 거래내역_[수정]20210130 174110,"[1, 1, 1, 1, 1, 1, 1, 1]",0,잔고 및 거래내역,original
normal_잔고 및 거래내역_[수정]20210130 174256,"[1, 1, 1, 1, 1, 1, 1, 1, 1, 1, 1, 1]",0,잔고 및 거래내역,original
normal_잔고 및 거래내역_[수정]20210130 174517,"[1, 1, 1, 1, 1, 1, 1, 1, 1]",0,잔고 및 거래내역,original
normal_잔고 및 거래내역_[수정]20210130 174722,"[1, 1, 1, 1, 1, 1, 1, 1, 1, 1, 1]",0,잔고 및 거래내역,original
normal_잔고 및 거래내역_[수정]20210130 174940,"[1, 1, 1, 1, 1, 1, 1, 1, 1, 1, 1, 1, 1]",0,잔고 및 거래내역,original
normal_잔고 및 거래내역_[수정]20210130 175208,"[1, 1, 1, 1, 1, 1, 1, 1, 1, 1, 1, 1]",0,잔고 및 거래내역,original
normal_잔고 및 거래내역_[수정]20210130 175449,"[1, 1, 1, 1, 1, 1, 1, 1, 1]",0,잔고 및 거래내역,original
normal_잔고 및 거래내역_[수정]20210130 175652,"[1, 1, 1, 1, 1, 1, 1, 1, 1, 1, 1, 1, 1, 1]",0,잔고 및 거래내역,original
normal_잔고 및 거래내역_[수정]20210130 175947,"[1, 1, 1, 1, 1, 1, 1]",0,잔고 및 거래내역,original
normal_잔고 및 거래내역_[수정]20210130 180119,"[1, 1, 1, 1, 1, 1, 1, 1, 1]",0,잔고 및 거래내역,original
normal_잔고 및 거래내역_[수정]20210130 180325,"[1, 1, 1, 1, 1, 1, 1, 1, 1, 1]",0,잔고 및 거래내역,original
normal_잔고 및 거래내역_[수정]20210130 180528,"[1, 1, 1, 1, 1, 1, 1, 1, 1, 1, 1]",0,잔고 및 거래내역,original
normal_잔고 및 거래내역_[수정]20210130 180741,"[1, 1, 1, 1, 1, 1, 1, 1, 1, 1]",0,잔고 및 거래내역,original
normal_잔고 및 거래내역_[수정]20210130 180953,"[1, 1, 1, 1, 1, 1, 1, 1, 1, 1]",0,잔고 및 거래내역,original
normal_잔고 및 거래내역_[수정]20210130 211252,"[1, 1, 1, 1, 1, 1, 1, 1, 1, 1, 1]",0,잔고 및 거래내역,original
normal_잔고 및 거래내역_[수정]20210130 211518,"[1, 1, 1, 1, 1, 1, 1, 1]",0,잔고 및 거래내역,original
normal_잔고 및 거래내역_[수정]20210130 211659,"[1, 1, 1, 1, 1, 1, 1, 1]",0,잔고 및 거래내역,original
normal_잔고 및 거래내역_[수정]20210130 211837,"[1, 1, 1, 1, 1, 1, 1, 1]",0,잔고 및 거래내역,original
normal_잔고 및 거래내역_[수정]20210130 212029,"[1, 1, 1, 1, 1, 1, 1, 1, 1]",0,잔고 및 거래내역,original
normal_잔고 및 거래내역_[수정]20210130 212219,"[1, 1, 1, 1, 1, 1, 1, 1, 1, 1, 1, 1]",0,잔고 및 거래내역,original
normal_잔고 및 거래내역_[수정]20210130 212439,"[1, 1, 1, 1, 1, 1, 1, 1, 1, 1]",0,잔고 및 거래내역,original
normal_잔고 및 거래내역_[수정]20210130 212655,"[1, 1, 1, 1, 1, 1, 1, 1, 1, 1, 1, 1]",0,잔고 및 거래내역,original
normal_잔고 및 거래내역_[수정]20210130 212952,"[1, 1, 1, 1, 1, 1, 1, 1]",0,잔고 및 거래내역,original
normal_잔고 및 거래내역_[수정]20210130 213146,"[1, 1, 1, 1, 1, 1, 1, 1, 1, 1]",0,잔고 및 거래내역,original
normal_잔고 및 거래내역_[수정]20210130 213356,"[1, 1, 1, 1, 1, 1]",0,잔고 및 거래내역,original
normal_잔고 및 거래내역_[수정]20210130 213610,"[1, 1, 1, 1, 1, 1, 1, 1, 1]",0,잔고 및 거래내역,original
normal_잔고 및 거래내역_[수정]20210130 213831,"[1, 1, 1, 1, 1, 1, 1, 1]",0,잔고 및 거래내역,original
normal_잔고 및 거래내역_[수정]20210130 214144,"[1, 1, 1, 1, 1, 1, 1, 1, 1, 1]",0,잔고 및 거래내역,original
normal_잔고 및 거래내역_[수정]20210130 214357,"[1, 1, 1, 1, 1, 1, 1]",0,잔고 및 거래내역,original
normal_잔고 및 거래내역_[수정]20210130 214535,"[1, 1, 1, 1, 1, 1, 1, 1, 1, 1]",0,잔고 및 거래내역,original
normal_잔고 및 거래내역_[수정]20210130 214754,"[1, 1, 1, 1, 1, 1, 1, 1, 1, 1, 1]",0,잔고 및 거래내역,original
normal_잔고 및 거래내역_[수정]20210130 215013,"[1, 1, 1, 1, 1, 1, 1, 1, 1]",0,잔고 및 거래내역,original
normal_잔고 및 거래내역_[수정]20210130 215221,"[1, 1, 1, 1, 1, 1, 1, 1]",0,잔고 및 거래내역,original
normal_잔고 및 거래내역_[수정]20210130 215431,"[1, 1, 1, 1, 1, 1, 1, 1, 1, 1, 1, 1]",0,잔고 및 거래내역,original
normal_잔고 및 거래내역_[수정]20210130 215656,"[1, 1, 1, 1, 1, 1, 1, 1, 1, 1, 1]",0,잔고 및 거래내역,original
normal_잔고 및 거래내역_[수정]20210130 215903,"[1, 1, 1, 1, 1, 1, 1, 1, 1, 1]",0,잔고 및 거래내역,original
normal_잔고 및 거래내역_[수정]20210130 220143,"[1, 1, 1, 1, 1, 1, 1, 1, 1, 1]",0,잔고 및 거래내역,original
normal_잔고 및 거래내역_[수정]20210130 220359,"[1, 1, 1, 1, 1, 1, 1, 1, 1, 1, 1]",0,잔고 및 거래내역,original
normal_잔고 및 거래내역_[수정]20210131 081100,"[1, 1, 1, 1, 1, 1, 1]",0,잔고 및 거래내역,original
normal_잔고 및 거래내역_[수정]20210131 081255,"[1, 1, 1, 1, 1, 1, 1, 1, 1, 1, 1]",0,잔고 및 거래내역,original
normal_잔고 및 거래내역_[수정]20210131 081618,"[1, 1, 1, 1, 1, 1, 1, 1, 1, 1, 1, 1, 1]",0,잔고 및 거래내역,original
normal_잔고 및 거래내역_[수정]20210131 081907,"[1, 1, 1, 1, 1, 1, 1, 1]",0,잔고 및 거래내역,original
normal_잔고 및 거래내역_[수정]20210131 082125,"[1, 1, 1, 1, 1, 1, 1, 1, 1, 1]",0,잔고 및 거래내역,original
normal_잔고 및 거래내역_[수정]20210131 082343,"[1, 1, 1, 1, 1, 1, 1]",0,잔고 및 거래내역,original
normal_잔고 및 거래내역_[수정]20210131 082539,"[1, 1, 1, 1, 1, 1, 1, 1, 1]",0,잔고 및 거래내역,original
normal_잔고 및 거래내역_[수정]20210131 082743,"[1, 1, 1, 1, 1, 1, 1, 1, 1, 1]",0,잔고 및 거래내역,original
normal_잔고 및 거래내역_[수정]20210131 083011,"[1, 1, 1, 1, 1, 1, 1]",0,잔고 및 거래내역,original
normal_잔고 및 거래내역_[수정]20210131 083213,"[1, 1, 1, 1, 1, 1]",0,잔고 및 거래내역,original
normal_잔고 및 거래내역_[수정]20210131 083358,"[1, 1, 1, 1, 1]",0,잔고 및 거래내역,original
normal_잔고 및 거래내역_[수정]20210131 083633,"[1, 1, 1, 1, 1, 1, 1, 1]",0,잔고 및 거래내역,original
normal_잔고 및 거래내역_[수정]20210131 091456,"[1, 1, 1, 1, 1]",0,잔고 및 거래내역,original
normal_잔고 및 거래내역_[수정]20210131 091632,"[1, 1, 1, 1, 1, 1]",0,잔고 및 거래내역,original
normal_잔고 및 거래내역_[수정]20210131 091805,"[1, 1, 1, 1, 1, 1, 1, 1]",0,잔고 및 거래내역,original
normal_잔고 및 거래내역_[수정]20210131 092012,"[1, 1, 1, 1, 1, 1, 1]",0,잔고 및 거래내역,original
normal_잔고 및 거래내역_[수정]20210131 092209,"[1, 1, 1, 1, 1, 1, 1, 1]",0,잔고 및 거래내역,original
normal_잔고 및 거래내역_[수정]20210131 092414,"[1, 1, 1, 1, 1, 1]",0,잔고 및 거래내역,original
normal_잔고 및 거래내역_[수정]20210131 092553,"[1, 1, 1, 1, 1]",0,잔고 및 거래내역,original
normal_잔고 및 거래내역_[수정]20210131 092711,"[1, 1, 1, 1, 1, 1, 1, 1]",0,잔고 및 거래내역,original
normal_잔고 및 거래내역_[수정]20210131 092933,"[1, 1, 1, 1, 1, 1, 1]",0,잔고 및 거래내역,original
normal_잔고 및 거래내역_[수정]20210131 093133,"[1, 1, 1, 1, 1, 1, 1]",0,잔고 및 거래내역,original
normal_잔고 및 거래내역_[수정]20210131 093332,"[1, 1, 1, 1, 1]",0,잔고 및 거래내역,original
normal_잔고 및 거래내역_[수정]20210131 093516,"[1, 1, 1, 1, 1]",0,잔고 및 거래내역,original
normal_잔고 및 거래내역_[수정]20210131 093647,"[1, 1, 1, 1, 1]",0,잔고 및 거래내역,original
normal_잔고 및 거래내역_[수정]20210131 093804,"[1, 1, 1, 1, 1, 1]",0,잔고 및 거래내역,original
normal_잔고 및 거래내역_[수정]20210131 094021,"[1, 1, 1, 1, 1, 1]",0,잔고 및 거래내역,original
normal_잔고 및 거래내역_[수정]20210131 094235,"[1, 1, 1, 1, 1, 1, 1, 1]",0,잔고 및 거래내역,original
normal_잔고 및 거래내역_[수정]20210131 121413,"[1, 1, 1, 1, 1, 1, 1]",0,잔고 및 거래내역,original
normal_잔고 및 거래내역_[수정]20210131 121607,"[1, 1, 1, 1, 1, 1]",0,잔고 및 거래내역,original
normal_잔고 및 거래내역_[수정]20210131 121759,"[1, 1, 1, 1, 1, 1, 1]",0,잔고 및 거래내역,original
normal_잔고 및 거래내역_[수정]20210131 122031,"[1, 1, 1, 1, 1]",0,잔고 및 거래내역,original
normal_잔고 및 거래내역_[수정]20210131 122157,"[1, 1, 1, 1, 1, 1, 1, 1]",0,잔고 및 거래내역,original
normal_잔고 및 거래내역_[수정]20210131 122409,"[1, 1, 1, 1, 1]",0,잔고 및 거래내역,original
normal_잔고 및 거래내역_[수정]20210131 122525,"[1, 1, 1, 1, 1]",0,잔고 및 거래내역,original
normal_잔고 및 거래내역_[수정]20210131 122637,"[1, 1, 1, 1, 1, 1, 1]",0,잔고 및 거래내역,original
normal_잔고 및 거래내역_[수정]20210131 122830,"[1, 1, 1, 1, 1]",0,잔고 및 거래내역,original
normal_잔고 및 거래내역_[수정]20210131 123010,"[1, 1, 1, 1]",0,잔고 및 거래내역,original
normal_잔고 및 거래내역_[수정]20210131 123122,"[1, 1, 1, 1, 1, 1, 1]",0,잔고 및 거래내역,original
normal_잔고 및 거래내역_[수정]20210131 123459,"[1, 1, 1, 1, 1, 1, 1, 1]",0,잔고 및 거래내역,original
normal_잔고 및 거래내역_[수정]20210131 123709,"[1, 1, 1, 1, 1, 1]",0,잔고 및 거래내역,original
normal_잔고 및 거래내역_[수정]20210131 123844,"[1, 1, 1, 1, 1, 1, 1]",0,잔고 및 거래내역,original
normal_잔고 및 거래내역_[수정]20210131 124040,"[1, 1, 1, 1, 1, 1]",0,잔고 및 거래내역,original
normal_잔고 및 거래내역_[수정]20210131 124216,"[1, 1, 1, 1, 1, 1]",0,잔고 및 거래내역,original
normal_잔고 및 거래내역_[수정]20210131 124351,"[1, 1, 1, 1, 1]",0,잔고 및 거래내역,original
normal_잔고 및 거래내역_[수정]20210131 124527,"[1, 1, 1, 1, 1, 1, 1, 1]",0,잔고 및 거래내역,original
normal_잔고 및 거래내역_[수정]20210131 124739,"[1, 1, 1, 1, 1]",0,잔고 및 거래내역,original
normal_잔고 및 거래내역_[수정]20210131 124905,"[1, 1, 1, 1, 1, 1, 1]",0,잔고 및 거래내역,original
normal_잔고 및 거래내역_[수정]20210131 125323,"[1, 1, 1, 1]",0,잔고 및 거래내역,original
normal_잔고 및 거래내역_[수정]20210131 125437,"[1, 1, 1, 1, 1, 1]",0,잔고 및 거래내역,original
normal_잔고 및 거래내역_[수정]20210131 125636,"[1, 1, 1, 1, 1, 1]",0,잔고 및 거래내역,original
normal_잔고 및 거래내역_[수정]20210131 125813,"[1, 1, 1, 1, 1, 1]",0,잔고 및 거래내역,original
normal_잔고 및 거래내역_[수정]20210131 125948,"[1, 1, 1, 1, 1, 1]",0,잔고 및 거래내역,original
normal_잔고 및 거래내역_[수정]20210131 130130,"[1, 1, 1, 1, 1, 1, 1]",0,잔고 및 거래내역,original
normal_잔고 및 거래내역_[수정]20210131 130335,"[1, 1, 1, 1, 1, 1]",0,잔고 및 거래내역,original
normal_잔고 및 거래내역_[수정]20210131 130515,"[1, 1, 1, 1]",0,잔고 및 거래내역,original
normal_잔고 및 거래내역_[수정]20210131 130635,"[1, 1, 1, 1, 1, 1]",0,잔고 및 거래내역,original
normal_잔고 및 거래내역_[수정]20210131 130832,"[1, 1, 1, 1, 1]",0,잔고 및 거래내역,original
normal_잔고 및 거래내역_[수정]20210131 130957,"[1, 1, 1, 1, 1, 1, 1]",0,잔고 및 거래내역,original
normal_잔고 및 거래내역_[수정]20210131 131144,"[1, 1, 1, 1, 1, 1, 1]",0,잔고 및 거래내역,original
normal_잔고 및 거래내역_[수정]20210131 131342,"[1, 1, 1, 1, 1, 1, 1, 1, 1, 1]",0,잔고 및 거래내역,original
normal_잔고 및 거래내역_[수정]20210131 131624,"[1, 1, 1, 1, 1, 1, 1, 1, 1]",0,잔고 및 거래내역,original
normal_잔고 및 거래내역_[수정]20210131 131826,"[1, 1, 1, 1, 1, 1, 1, 1]",0,잔고 및 거래내역,original
normal_잔고 및 거래내역_[수정]20210131 132027,"[1, 1, 1, 1, 1, 1, 1, 1, 1]",0,잔고 및 거래내역,original
normal_잔고 및 거래내역_[수정]20210131 132248,"[1, 1, 1, 1, 1, 1, 1, 1]",0,잔고 및 거래내역,original
normal_잔고 및 거래내역_[수정]20210131 132449,"[1, 1, 1, 1, 1, 1, 1]",0,잔고 및 거래내역,original
normal_잔고 및 거래내역_[수정]20210131 132628,"[1, 1, 1, 1, 1, 1, 1, 1]",0,잔고 및 거래내역,original
normal_잔고 및 거래내역_[수정]20210131 132853,"[1, 1, 1, 1, 1, 1, 1, 1, 1]",0,잔고 및 거래내역,original
normal_잔고 및 거래내역_[수정]20210131 133108,"[1, 1, 1, 1, 1, 1, 1, 1]",0,잔고 및 거래내역,original
normal_잔고 및 거래내역_[수정]20210131 133308,"[1, 1, 1, 1, 1, 1]",0,잔고 및 거래내역,original
normal_잔고 및 거래내역_[수정]20210131 133453,"[1, 1, 1, 1, 1, 1, 1, 1, 1, 1, 1]",0,잔고 및 거래내역,original
normal_잔고 및 거래내역_[수정]20210131 133738,"[1, 1, 1, 1, 1, 1, 1, 1, 1, 1, 1]",0,잔고 및 거래내역,original
normal_잔고 및 거래내역_[수정]20210131 134015,"[1, 1, 1, 1, 1, 1, 1]",0,잔고 및 거래내역,original
normal_잔고 및 거래내역_[수정]20210131 134226,"[1, 1, 1, 1, 1, 1, 1]",0,잔고 및 거래내역,original
normal_잔고 및 거래내역_[수정]20210131 134451,"[1, 1, 1, 1, 1, 1, 1, 1, 1, 1]",0,잔고 및 거래내역,original
normal_잔고 및 거래내역_[수정]20210131 134713,"[1, 1, 1, 1, 1, 1, 1, 1, 1]",0,잔고 및 거래내역,original
normal_잔고 및 거래내역_[수정]20210131 135020,"[1, 1, 1, 1, 1, 1, 1, 1]",0,잔고 및 거래내역,original
normal_잔고 및 거래내역_[수정]20210131 135339,"[1, 1, 1, 1, 1, 1, 1, 1, 1]",0,잔고 및 거래내역,original
normal_잔고 및 거래내역_[수정]20210131 144223,"[1, 1, 1, 1, 1, 1, 1, 1]",0,잔고 및 거래내역,original
normal_잔고 및 거래내역_[수정]20210131 144408,"[1, 1, 1, 1, 1, 1, 1, 1, 1]",0,잔고 및 거래내역,original
normal_잔고 및 거래내역_[수정]20210131 144621,"[1, 1, 1, 1, 1, 1, 1, 1]",0,잔고 및 거래내역,original
normal_잔고 및 거래내역_[수정]20210131 144919,"[1, 1, 1, 1, 1, 1, 1, 1]",0,잔고 및 거래내역,original
normal_잔고 및 거래내역_[수정]20210131 145119,"[1, 1, 1, 1, 1, 1, 1, 1, 1]",0,잔고 및 거래내역,original
normal_잔고 및 거래내역_[수정]20210131 145332,"[1, 1, 1, 1, 1, 1, 1, 1, 1, 1]",0,잔고 및 거래내역,original
normal_잔고 및 거래내역_[수정]20210131 145550,"[1, 1, 1, 1, 1, 1, 1, 1, 1, 1]",0,잔고 및 거래내역,original
normal_잔고 및 거래내역_[수정]20210131 145804,"[1, 1, 1, 1, 1, 1, 1, 1]",0,잔고 및 거래내역,original
normal_잔고 및 거래내역_[수정]20210131 150013,"[1, 1, 1, 1, 1, 1, 1, 1, 1]",0,잔고 및 거래내역,original
normal_잔고 및 거래내역_[수정]20210131 151033,"[1, 1, 1, 1, 1, 1, 1, 1, 1]",0,잔고 및 거래내역,original
normal_잔고 및 거래내역_[수정]20210131 151237,"[1, 1, 1, 1, 1, 1, 1, 1, 1, 1, 1]",0,잔고 및 거래내역,original
normal_잔고 및 거래내역_[수정]20210131 151535,"[1, 1, 1, 1, 1, 1, 1, 1]",0,잔고 및 거래내역,original
normal_잔고 및 거래내역_[수정]20210131 151728,"[1, 1, 1, 1, 1, 1]",0,잔고 및 거래내역,original
normal_잔고 및 거래내역_[수정]20210131 151903,"[1, 1, 1, 1, 1, 1, 1]",0,잔고 및 거래내역,original
normal_잔고 및 거래내역_[수정]20210131 152049,"[1, 1, 1, 1, 1, 1]",0,잔고 및 거래내역,original
normal_잔고 및 거래내역_[수정]20210131 152223,"[1, 1, 1, 1, 1, 1]",0,잔고 및 거래내역,original
normal_잔고 및 거래내역_[수정]20210131 152415,"[1, 1, 1, 1, 1]",0,잔고 및 거래내역,original
normal_잔고 및 거래내역_[수정]20210131 152538,"[1, 1, 1, 1, 1, 1, 1, 1]",0,잔고 및 거래내역,original
normal_잔고 및 거래내역_[수정]20210131 152735,"[1, 1, 1, 1, 1, 1, 1, 1]",0,잔고 및 거래내역,original
normal_잔고 및 거래내역_[수정]20210131 152928,"[1, 1, 1, 1, 1, 1, 1]",0,잔고 및 거래내역,original
normal_잔고 및 거래내역_[수정]20210131 154259,"[1, 1, 1, 1, 1, 1, 1, 1, 1, 1]",0,잔고 및 거래내역,original
normal_잔고 및 거래내역_[수정]20210131 154547,"[1, 1, 1, 1, 1, 1, 1, 1]",0,잔고 및 거래내역,original
normal_잔고 및 거래내역_[수정]20210131 154729,"[1, 1, 1, 1, 1, 1, 1]",0,잔고 및 거래내역,original
normal_잔고 및 거래내역_[수정]20210131 154859,"[1, 1, 1, 1]",0,잔고 및 거래내역,original
normal_잔고 및 거래내역_[수정]20210131 155006,"[1, 1, 1]",0,잔고 및 거래내역,original
normal_잔고 및 거래내역_[수정]20210131 155101,"[1, 1, 1, 1, 1, 1, 1]",0,잔고 및 거래내역,original
normal_잔고 및 거래내역_[수정]20210131 155405,"[1, 1, 1, 1]",0,잔고 및 거래내역,original
normal_잔고 및 거래내역_[수정]20210131 155507,"[1, 1, 1, 1]",0,잔고 및 거래내역,original
normal_잔고 및 거래내역_[수정]20210131 155635,"[1, 1, 1, 1]",0,잔고 및 거래내역,original
normal_잔고 및 거래내역_[수정]20210131 155737,"[1, 1, 1, 1, 1, 1, 1]",0,잔고 및 거래내역,original
normal_잔고 및 거래내역_[수정]20210131 155905,"[1, 1, 1, 1, 1, 1, 1]",0,잔고 및 거래내역,original
normal_잔고 및 거래내역_[수정]20210131 160044,"[1, 1, 1, 1, 1]",0,잔고 및 거래내역,original
normal_잔고 및 거래내역_[수정]20210131 160153,"[1, 1, 1, 1, 1, 1]",0,잔고 및 거래내역,original
normal_잔고 및 거래내역_[수정]20210131 160348,"[1, 1, 1]",0,잔고 및 거래내역,original
normal_잔고 및 거래내역_[수정]20210131 160454,"[1, 1, 1, 1, 1, 1, 1]",0,잔고 및 거래내역,original
normal_잔고 및 거래내역_[수정]20210131 160640,"[1, 1, 1, 1, 1, 1, 1, 1]",0,잔고 및 거래내역,original
normal_잔고 및 거래내역_[수정]20210131 160819,"[1, 1, 1]",0,잔고 및 거래내역,original
normal_잔고 및 거래내역_[수정]20210131 160913,"[1, 1, 1, 1, 1]",0,잔고 및 거래내역,original
normal_잔고 및 거래내역_[수정]20210131 161050,"[1, 1, 1, 1]",0,잔고 및 거래내역,original
normal_잔고 및 거래내역_[수정]20210131 161155,"[1, 1, 1, 1, 1]",0,잔고 및 거래내역,original
normal_잔고 및 거래내역_[수정]20210131 161303,"[1, 1, 1, 1]",0,잔고 및 거래내역,original
normal_잔고 및 거래내역_[수정]20210131 161421,"[1, 1, 1, 1, 1, 1]",0,잔고 및 거래내역,original
normal_잔고 및 거래내역_[수정]20210131 161542,"[1, 1, 1, 1, 1]",0,잔고 및 거래내역,original
normal_잔고 및 거래내역_[수정]20210131 161700,"[1, 1, 1, 1]",0,잔고 및 거래내역,original
normal_잔고 및 거래내역_[수정]20210131 161804,"[1, 1, 1]",0,잔고 및 거래내역,original
normal_잔고 및 거래내역_[수정]20210131 162050,"[1, 1, 1, 1, 1]",0,잔고 및 거래내역,original
normal_잔고 및 거래내역_[수정]20210131 162204,"[1, 1, 1]",0,잔고 및 거래내역,original
normal_잔고 및 거래내역_[수정]20210131 162255,"[1, 1, 1, 1, 1, 1, 1]",0,잔고 및 거래내역,original
normal_잔고 및 거래내역_[수정]20210131 162448,"[1, 1, 1, 1, 1]",0,잔고 및 거래내역,original
normal_잔고 및 거래내역_[수정]20210131 162553,"[1, 1, 1, 1, 1, 1]",0,잔고 및 거래내역,original
normal_잔고 및 거래내역_[수정]20210131 162714,"[1, 1, 1, 1, 1, 1]",0,잔고 및 거래내역,original
normal_잔고 및 거래내역_[수정]20210131 162835,"[1, 1, 1, 1, 1]",0,잔고 및 거래내역,original
normal_잔고 및 거래내역_[수정]20210131 162955,"[1, 1, 1, 1, 1]",0,잔고 및 거래내역,original
normal_잔고 및 거래내역_[수정]20210131 200351,"[1, 1, 1, 1]",0,잔고 및 거래내역,original
normal_잔고 및 거래내역_[수정]20210131 200458,"[1, 1, 1, 1, 1, 1]",0,잔고 및 거래내역,original
normal_잔고 및 거래내역_[수정]20210131 200628,"[1, 1, 1, 1, 1]",0,잔고 및 거래내역,original
normal_잔고 및 거래내역_[수정]20210131 200749,"[1, 1, 1]",0,잔고 및 거래내역,original
normal_잔고 및 거래내역_[수정]20210131 200849,"[1, 1, 1, 1]",0,잔고 및 거래내역,original
normal_잔고 및 거래내역_[수정]20210131 200954,"[1, 1, 1, 1]",0,잔고 및 거래내역,original
normal_잔고 및 거래내역_[수정]20210131 201120,"[1, 1, 1, 1, 1]",0,잔고 및 거래내역,original
normal_잔고 및 거래내역_[수정]20210131 201237,"[1, 1, 1, 1, 1, 1]",0,잔고 및 거래내역,original
normal_잔고 및 거래내역_[수정]20210131 201500,"[1, 1, 1]",0,잔고 및 거래내역,original
normal_잔고 및 거래내역_[수정]20210131 201605,"[1, 1, 1, 1]",0,잔고 및 거래내역,original
normal_잔고 및 거래내역_[수정]20210131 201713,"[1, 1, 1, 1, 1, 1]",0,잔고 및 거래내역,original
normal_잔고 및 거래내역_[수정]20210131 201854,"[1, 1, 1, 1, 1, 1]",0,잔고 및 거래내역,original
normal_잔고 및 거래내역_[수정]20210131 202039,"[1, 1, 1, 1, 1, 1, 1, 1, 1]",0,잔고 및 거래내역,original
normal_잔고 및 거래내역_[수정]20210131 202247,"[1, 1, 1, 1, 1, 1, 1]",0,잔고 및 거래내역,original
normal_잔고 및 거래내역_[수정]20210131 202436,"[1, 1, 1, 1, 1]",0,잔고 및 거래내역,original
normal_잔고 및 거래내역_[수정]20210131 202559,"[1, 1, 1, 1]",0,잔고 및 거래내역,original
normal_잔고 및 거래내역_[수정]20210131 202720,"[1, 1, 1, 1, 1, 1]",0,잔고 및 거래내역,original
normal_잔고 및 거래내역_[수정]20210131 202924,"[1, 1, 1, 1]",0,잔고 및 거래내역,original
normal_잔고 및 거래내역_[수정]20210131 203033,"[1, 1, 1, 1, 1]",0,잔고 및 거래내역,original
normal_잔고 및 거래내역_[수정]20210131 203147,"[1, 1, 1, 1]",0,잔고 및 거래내역,original
normal_잔고 및 거래내역_[수정]20210131 203247,"[1, 1, 1, 1, 1]",0,잔고 및 거래내역,original
normal_잔고 및 거래내역_[수정]20210131 203413,"[1, 1, 1, 1, 1, 1]",0,잔고 및 거래내역,original
normal_잔고 및 거래내역_[수정]20210131 203540,"[1, 1, 1, 1, 1, 1]",0,잔고 및 거래내역,original
normal_잔고 및 거래내역_[수정]20210131 203717,"[1, 1, 1, 1, 1, 1]",0,잔고 및 거래내역,original
normal_잔고 및 거래내역_[수정]20210131 203850,"[1, 1, 1, 1, 1]",0,잔고 및 거래내역,original
normal_잔고 및 거래내역_[수정]20210131 204010,"[1, 1, 1, 1]",0,잔고 및 거래내역,original
normal_잔고 및 거래내역_[수정]20210131 204114,"[1, 1, 1, 1, 1]",0,잔고 및 거래내역,original
normal_잔고 및 거래내역_[수정]20210131 204232,"[1, 1, 1, 1, 1, 1]",0,잔고 및 거래내역,original
normal_잔고 및 거래내역_[수정]20210131 204417,"[1, 1, 1, 1]",0,잔고 및 거래내역,original
normal_잔고 및 거래내역_[수정]20210131 204531,"[1, 1, 1, 1, 1]",0,잔고 및 거래내역,original
normal_잔고 및 거래내역_[수정]20210131 204646,"[1, 1, 1, 1, 1]",0,잔고 및 거래내역,original
normal_잔고 및 거래내역_[수정]20210131 204805,"[1, 1, 1, 1]",0,잔고 및 거래내역,original
normal_잔고 및 거래내역_[수정]20210131 204918,"[1, 1, 1, 1, 1]",0,잔고 및 거래내역,original
normal_잔고 및 거래내역_[수정]20210131 205040,"[1, 1, 1, 1, 1, 1, 1]",0,잔고 및 거래내역,original
normal_잔고 및 거래내역_[수정]20210131 205232,"[1, 1, 1, 1, 1, 1, 1]",0,잔고 및 거래내역,original
normal_잔고 및 거래내역_[수정]20210131 205419,"[1, 1, 1, 1, 1, 1]",0,잔고 및 거래내역,original
normal_잔고 및 거래내역_[수정]20210131 205557,"[1, 1, 1, 1, 1]",0,잔고 및 거래내역,original
normal_잔고 및 거래내역_[수정]20210131 205728,"[1, 1, 1, 1, 1, 1, 1]",0,잔고 및 거래내역,original
normal_잔고 및 거래내역_[수정]20210131 205920,"[1, 1, 1, 1, 1, 1]",0,잔고 및 거래내역,original
normal_잔고 및 거래내역_[수정]20210131 210112,"[1, 1, 1, 1, 1, 1]",0,잔고 및 거래내역,original
normal_잔고 및 거래내역_[수정]20210131 224701,"[1, 1, 1, 1]",0,잔고 및 거래내역,original
normal_잔고 및 거래내역_[수정]20210131 224756,"[1, 1, 1, 1, 1, 1, 1]",0,잔고 및 거래내역,original
normal_잔고 및 거래내역_[수정]20210131 224944,"[1, 1, 1, 1, 1, 1, 1]",0,잔고 및 거래내역,original
normal_잔고 및 거래내역_[수정]20210131 225127,"[1, 1, 1, 1, 1, 1, 1, 1, 1, 1, 1]",0,잔고 및 거래내역,original
normal_잔고 및 거래내역_[수정]20210131 225346,"[1, 1, 1, 1, 1, 1]",0,잔고 및 거래내역,original
normal_잔고 및 거래내역_[수정]20210131 225529,"[1, 1, 1, 1, 1]",0,잔고 및 거래내역,original
normal_잔고 및 거래내역_[수정]20210131 225648,"[1, 1, 1, 1, 1, 1, 1, 1]",0,잔고 및 거래내역,original
normal_잔고 및 거래내역_[수정]20210131 225839,"[1, 1, 1, 1, 1, 1]",0,잔고 및 거래내역,original
normal_잔고 및 거래내역_[수정]20210131 230007,"[1, 1, 1, 1, 1, 1]",0,잔고 및 거래내역,original
normal_잔고 및 거래내역_[수정]20210201 094701,"[1, 1, 1, 1, 1, 1, 1]",0,잔고 및 거래내역,original
normal_잔고 및 거래내역_[수정]20210201 095005,"[1, 1, 1]",0,잔고 및 거래내역,original
normal_잔고 및 거래내역_[수정]20210201 095052,"[1, 1, 1, 1, 1, 1, 1, 1]",0,잔고 및 거래내역,original
normal_잔고 및 거래내역_[수정]20210201 095240,"[1, 1, 1, 1, 1, 1]",0,잔고 및 거래내역,original
normal_잔고 및 거래내역_[수정]20210201 095406,"[1, 1, 1, 1, 1, 1]",0,잔고 및 거래내역,original
normal_잔고 및 거래내역_[수정]20210201 095534,"[1, 1, 1, 1, 1, 1]",0,잔고 및 거래내역,original
normal_잔고 및 거래내역_[수정]20210201 095722,"[1, 1, 1, 1, 1, 1]",0,잔고 및 거래내역,original
normal_잔고 및 거래내역_[수정]20210201 095852,"[1, 1, 1]",0,잔고 및 거래내역,original
normal_잔고 및 거래내역_[수정]20210201 095948,"[1, 1, 1, 1, 1, 1]",0,잔고 및 거래내역,original
normal_잔고 및 거래내역_[수정]20210201 100241,"[1, 1, 1, 1]",0,잔고 및 거래내역,original
normal_잔고 및 거래내역_[수정]20210201 100345,"[1, 1, 1, 1, 1, 1]",0,잔고 및 거래내역,original
normal_잔고 및 거래내역_[수정]20210201 100530,"[1, 1, 1, 1, 1, 1]",0,잔고 및 거래내역,original
normal_잔고 및 거래내역_[수정]20210201 100655,"[1, 1, 1, 1, 1, 1]",0,잔고 및 거래내역,original
normal_잔고 및 거래내역_[수정]20210201 100826,"[1, 1, 1, 1, 1, 1]",0,잔고 및 거래내역,original
normal_잔고 및 거래내역_[수정]20210201 100944,"[1, 1, 1, 1, 1]",0,잔고 및 거래내역,original
normal_잔고 및 거래내역_[수정]20210201 101105,"[1, 1, 1, 1, 1, 1]",0,잔고 및 거래내역,original
normal_잔고 및 거래내역_[수정]20210201 101234,"[1, 1, 1, 1, 1]",0,잔고 및 거래내역,original
normal_잔고 및 거래내역_[수정]20210201 101412,"[1, 1, 1, 1, 1]",0,잔고 및 거래내역,original
normal_잔고 및 거래내역_[수정]20210201 101527,"[1, 1, 1, 1, 1, 1]",0,잔고 및 거래내역,original
normal_잔고 및 거래내역_[수정]20210201 101652,"[1, 1, 1, 1, 1, 1]",0,잔고 및 거래내역,original
normal_잔고 및 거래내역_[수정]20210201 101817,"[1, 1, 1, 1, 1, 1]",0,잔고 및 거래내역,original
normal_잔고 및 거래내역_[수정]20210201 101945,"[1, 1, 1, 1, 1, 1, 1]",0,잔고 및 거래내역,original
normal_잔고 및 거래내역_[수정]20210201 102133,"[1, 1, 1, 1, 1, 1, 1]",0,잔고 및 거래내역,original
normal_잔고 및 거래내역_[수정]20210201 102311,"[1, 1, 1, 1, 1, 1]",0,잔고 및 거래내역,original
normal_잔고 및 거래내역_[수정]20210201 102432,"[1, 1, 1, 1, 1, 1, 1]",0,잔고 및 거래내역,original
normal_잔고 및 거래내역_[수정]20210201 102606,"[1, 1, 1, 1, 1, 1, 1]",0,잔고 및 거래내역,original
normal_잔고 및 거래내역_[수정]20210201 102744,"[1, 1, 1, 1, 1, 1]",0,잔고 및 거래내역,original
normal_잔고 및 거래내역_[수정]20210201 102909,"[1, 1, 1, 1, 1, 1, 1]",0,잔고 및 거래내역,original
normal_잔고 및 거래내역_[수정]20210201 103055,"[1, 1, 1, 1, 1, 1, 1]",0,잔고 및 거래내역,original
normal_잔고 및 거래내역_[수정]20210201 103237,"[1, 1, 1, 1, 1, 1, 1]",0,잔고 및 거래내역,original
normal_잔고 및 거래내역_[수정]20210201 103419,"[1, 1, 1, 1, 1, 1]",0,잔고 및 거래내역,original
normal_잔고 및 거래내역_[수정]20210201 103549,"[1, 1, 1, 1, 1, 1, 1]",0,잔고 및 거래내역,original
normal_잔고 및 거래내역_[수정]20210201 103731,"[1, 1, 1, 1, 1]",0,잔고 및 거래내역,original
normal_잔고 및 거래내역_[수정]20210201 103905,"[1, 1, 1, 1, 1]",0,잔고 및 거래내역,original
normal_잔고 및 거래내역_[수정]20210201 104028,"[1, 1]",0,잔고 및 거래내역,original
normal_잔고 및 거래내역_[수정]20210201 104120,"[1, 1, 1, 1]",0,잔고 및 거래내역,original
normal_잔고 및 거래내역_[수정]20210201 104222,"[1, 1, 1, 1]",0,잔고 및 거래내역,original
normal_잔고 및 거래내역_[수정]20210201 104322,"[1, 1, 1]",0,잔고 및 거래내역,original
normal_잔고 및 거래내역_[수정]20210201 104419,"[1, 1, 1, 1]",0,잔고 및 거래내역,original
normal_잔고 및 거래내역_[수정]20210201 104520,"[1, 1, 1, 1]",0,잔고 및 거래내역,original
normal_잔고 및 거래내역_[수정]20210201 104637,"[1, 1, 1]",0,잔고 및 거래내역,original
normal_잔고 및 거래내역_[수정]20210201 104738,"[1, 1, 1, 1, 1]",0,잔고 및 거래내역,original
normal_잔고 및 거래내역_[수정]20210201 104901,"[1, 1, 1, 1]",0,잔고 및 거래내역,original
normal_잔고 및 거래내역_[수정]20210201 105025,"[1, 1, 1, 1, 1]",0,잔고 및 거래내역,original
normal_잔고 및 거래내역_[수정]20210201 105149,"[1, 1, 1, 1]",0,잔고 및 거래내역,original
normal_잔고 및 거래내역_[수정]20210201 105256,"[1, 1, 1, 1]",0,잔고 및 거래내역,original
normal_잔고 및 거래내역_[수정]20210201 105357,"[1, 1, 1, 1]",0,잔고 및 거래내역,original
normal_잔고 및 거래내역_[수정]20210201 105503,"[1, 1, 1, 1]",0,잔고 및 거래내역,original
normal_잔고 및 거래내역_[수정]20210201 105607,"[1, 1, 1]",0,잔고 및 거래내역,original
normal_잔고 및 거래내역_[수정]20210201 105704,"[1, 1, 1, 1, 1]",0,잔고 및 거래내역,original
normal_잔고 및 거래내역_[수정]20210201 105829,"[1, 1, 1]",0,잔고 및 거래내역,original
normal_잔고 및 거래내역_[수정]20210201 110006,"[1, 1]",0,잔고 및 거래내역,original
normal_잔고 및 거래내역_[수정]20210201 110106,"[1, 1, 1, 1]",0,잔고 및 거래내역,original
normal_잔고 및 거래내역_[수정]20210201 110229,"[1, 1, 1]",0,잔고 및 거래내역,original
normal_잔고 및 거래내역_[수정]20210201 110330,"[1, 1, 1, 1, 1]",0,잔고 및 거래내역,original
normal_잔고 및 거래내역_[수정]20210201 110445,"[1, 1, 1, 1]",0,잔고 및 거래내역,original
normal_잔고 및 거래내역_[수정]20210201 120709,"[1, 1, 1, 1, 1, 1, 1]",0,잔고 및 거래내역,original
normal_잔고 및 거래내역_[수정]20210201 120843,"[1, 1]",0,잔고 및 거래내역,original
normal_잔고 및 거래내역_[수정]20210201 120947,"[1, 1, 1, 1]",0,잔고 및 거래내역,original
normal_잔고 및 거래내역_[수정]20210201 121046,"[1, 1, 1, 1, 1]",0,잔고 및 거래내역,original
normal_잔고 및 거래내역_[수정]20210201 121141,"[1, 1, 1, 1]",0,잔고 및 거래내역,original
normal_잔고 및 거래내역_[수정]20210201 121257,"[1, 1, 1, 1]",0,잔고 및 거래내역,original
normal_잔고 및 거래내역_[수정]20210201 121359,"[1, 1, 1]",0,잔고 및 거래내역,original
normal_잔고 및 거래내역_[수정]20210201 121456,"[1, 1, 1, 1]",0,잔고 및 거래내역,original
normal_잔고 및 거래내역_[수정]20210201 121547,"[1, 1, 1, 1, 1]",0,잔고 및 거래내역,original
normal_잔고 및 거래내역_[수정]20210201 121649,"[1, 1, 1, 1]",0,잔고 및 거래내역,original
normal_잔고 및 거래내역_[수정]20210201 121743,"[1, 1, 1, 1, 1]",0,잔고 및 거래내역,original
normal_잔고 및 거래내역_[수정]20210201 121848,"[1, 1, 1, 1, 1, 1, 1, 1, 1]",0,잔고 및 거래내역,original
normal_잔고 및 거래내역_[수정]20210201 122047,"[1, 1, 1, 1, 1, 1]",0,잔고 및 거래내역,original
normal_잔고 및 거래내역_[수정]20210201 122257,"[1, 1, 1, 1, 1, 1]",0,잔고 및 거래내역,original
normal_잔고 및 거래내역_[수정]20210201 122442,"[1, 1, 1, 1, 1]",0,잔고 및 거래내역,original
normal_잔고 및 거래내역_[수정]20210201 122559,"[1, 1, 1, 1]",0,잔고 및 거래내역,original
normal_잔고 및 거래내역_[수정]20210201 122714,"[1, 1, 1, 1]",0,잔고 및 거래내역,original
normal_잔고 및 거래내역_[수정]20210201 122812,"[1, 1, 1, 1, 1, 1, 1]",0,잔고 및 거래내역,original
normal_잔고 및 거래내역_[수정]20210201 122958,"[1, 1, 1, 1, 1, 1, 1]",0,잔고 및 거래내역,original
normal_잔고 및 거래내역_[수정]20210201 123124,"[1, 1, 1, 1, 1, 1]",0,잔고 및 거래내역,original
normal_잔고 및 거래내역_[수정]20210201 123245,"[1, 1, 1, 1]",0,잔고 및 거래내역,original
normal_잔고 및 거래내역_[수정]20210201 123344,"[1, 1, 1, 1, 1]",0,잔고 및 거래내역,original
normal_잔고 및 거래내역_[수정]20210201 123450,"[1, 1, 1, 1, 1]",0,잔고 및 거래내역,original
normal_잔고 및 거래내역_[수정]20210201 123559,"[1, 1, 1, 1, 1, 1, 1]",0,잔고 및 거래내역,original
normal_잔고 및 거래내역_[수정]20210201 123744,"[1, 1, 1, 1, 1, 1, 1, 1, 1]",0,잔고 및 거래내역,original
normal_잔고 및 거래내역_[수정]20210201 160202,"[1, 1, 1, 1, 1, 1]",0,잔고 및 거래내역,original
normal_잔고 및 거래내역_[수정]20210201 160344,"[1, 1, 1, 1, 1, 1]",0,잔고 및 거래내역,original
normal_잔고 및 거래내역_[수정]20210201 160634,"[1, 1, 1, 1, 1]",0,잔고 및 거래내역,original
normal_잔고 및 거래내역_[수정]20210201 160817,"[1, 1, 1, 1, 1, 1, 1, 1, 1]",0,잔고 및 거래내역,original
normal_잔고 및 거래내역_[수정]20210201 161010,"[1, 1, 1, 1, 1, 1, 1]",0,잔고 및 거래내역,original
normal_잔고 및 거래내역_[수정]20210201 161154,"[1, 1, 1, 1]",0,잔고 및 거래내역,original
normal_잔고 및 거래내역_[수정]20210201 161307,"[1, 1, 1, 1, 1, 1]",0,잔고 및 거래내역,original
normal_잔고 및 거래내역_[수정]20210201 161429,"[1, 1, 1, 1, 1]",0,잔고 및 거래내역,original
normal_잔고 및 거래내역_[수정]20210201 161603,"[1, 1, 1, 1, 1]",0,잔고 및 거래내역,original
normal_잔고 및 거래내역_[수정]20210201 161719,"[1, 1, 1, 1, 1, 1]",0,잔고 및 거래내역,original
normal_잔고 및 거래내역_[수정]20210201 161844,"[1, 1, 1, 1, 1, 1]",0,잔고 및 거래내역,original
normal_잔고 및 거래내역_[수정]20210201 162026,"[1, 1, 1, 1, 1, 1]",0,잔고 및 거래내역,original
normal_잔고 및 거래내역_[수정]20210201 162221,"[1, 1, 1, 1, 1, 1, 1, 1, 1]",0,잔고 및 거래내역,original
normal_잔고 및 거래내역_[수정]20210201 164008,"[1, 1, 1, 1, 1, 1]",0,잔고 및 거래내역,original
normal_잔고 및 거래내역_[수정]20210201 164202,"[1, 1, 1, 1, 1, 1, 1]",0,잔고 및 거래내역,original
normal_잔고 및 거래내역_[수정]20210201 164338,"[1, 1, 1, 1, 1, 1]",0,잔고 및 거래내역,original
normal_잔고 및 거래내역_[수정]20210201 164512,"[1, 1, 1, 1, 1, 1]",0,잔고 및 거래내역,original
normal_잔고 및 거래내역_[수정]20210201 164644,"[1, 1, 1, 1]",0,잔고 및 거래내역,original
normal_잔고 및 거래내역_[수정]20210201 164836,"[1, 1, 1, 1, 1, 1]",0,잔고 및 거래내역,original
normal_잔고 및 거래내역_[수정]20210201 164959,"[1, 1, 1, 1, 1, 1, 1]",0,잔고 및 거래내역,original
normal_잔고 및 거래내역_[수정]20210201 165134,"[1, 1, 1, 1, 1, 1, 1, 1, 1]",0,잔고 및 거래내역,original
normal_잔고 및 거래내역_[수정]20210201 165339,"[1, 1, 1, 1, 1]",0,잔고 및 거래내역,original
normal_잔고 및 거래내역_[수정]20210201 165455,"[1, 1, 1, 1, 1]",0,잔고 및 거래내역,original
normal_잔고 및 거래내역_[수정]20210201 165626,"[1, 1, 1, 1]",0,잔고 및 거래내역,original
normal_잔고 및 거래내역_[수정]20210201 165802,"[1, 1, 1, 1, 1]",0,잔고 및 거래내역,original
normal_잔고 및 거래내역_[수정]20210201 165908,"[1, 1, 1, 1, 1]",0,잔고 및 거래내역,original
normal_잔고 및 거래내역_[수정]20210201 170024,"[1, 1, 1, 1, 1]",0,잔고 및 거래내역,original
normal_잔고 및 거래내역_[수정]20210201 170132,"[1, 1, 1, 1]",0,잔고 및 거래내역,original
normal_잔고 및 거래내역_[수정]20210201 170238,"[1, 1, 1, 1]",0,잔고 및 거래내역,original
normal_잔고 및 거래내역_[수정]20210201 170345,"[1, 1, 1, 1, 1, 1]",0,잔고 및 거래내역,original
normal_잔고 및 거래내역_[수정]20210201 170759,"[1, 1, 1, 1, 1]",0,잔고 및 거래내역,original
normal_잔고 및 거래내역_[수정]20210201 171208,"[1, 1, 1, 1, 1]",0,잔고 및 거래내역,original
normal_잔고 및 거래내역_[수정]20210201 171327,"[1, 1, 1, 1]",0,잔고 및 거래내역,original
normal_잔고 및 거래내역_[수정]20210201 171431,"[1, 1, 1, 1]",0,잔고 및 거래내역,original
normal_잔고 및 거래내역_[수정]20210201 171532,"[1, 1, 1, 1, 1]",0,잔고 및 거래내역,original
normal_잔고 및 거래내역_[수정]20210201 171641,"[1, 1, 1, 1]",0,잔고 및 거래내역,original
normal_잔고 및 거래내역_[수정]20210201 171746,"[1, 1, 1, 1, 1]",0,잔고 및 거래내역,original
normal_잔고 및 거래내역_[수정]20210201 171856,"[1, 1, 1, 1, 1]",0,잔고 및 거래내역,original
normal_잔고 및 거래내역_[수정]20210201 172007,"[1, 1, 1, 1, 1]",0,잔고 및 거래내역,original
normal_잔고 및 거래내역_[수정]20210201 172122,"[1, 1, 1, 1]",0,잔고 및 거래내역,original
normal_잔고 및 거래내역_[수정]20210201 172230,"[1, 1, 1, 1]",0,잔고 및 거래내역,original
normal_잔고 및 거래내역_[수정]20210201 172340,"[1, 1, 1, 1, 1, 1]",0,잔고 및 거래내역,original
normal_잔고 및 거래내역_[수정]20210201 172505,"[1, 1, 1, 1]",0,잔고 및 거래내역,original
normal_잔고 및 거래내역_[수정]20210201 172606,"[1, 1, 1, 1, 1]",0,잔고 및 거래내역,original
normal_잔고 및 거래내역_[수정]20210201 172723,"[1, 1, 1, 1, 1]",0,잔고 및 거래내역,original
normal_잔고 및 거래내역_[수정]20210201 172832,"[1, 1, 1, 1, 1]",0,잔고 및 거래내역,original
normal_잔고 및 거래내역_[수정]20210201 172939,"[1, 1, 1, 1, 1]",0,잔고 및 거래내역,original
normal_잔고 및 거래내역_[수정]20210201 173058,"[1, 1, 1, 1, 1, 1]",0,잔고 및 거래내역,original
normal_잔고 및 거래내역_[수정]20210201 173222,"[1, 1, 1, 1, 1]",0,잔고 및 거래내역,original
normal_잔고 및 거래내역_[수정]20210201 173436,"[1, 1, 1, 1, 1, 1, 1, 1]",0,잔고 및 거래내역,original
normal_잔고 및 거래내역_[수정]20210201 173638,"[1, 1, 1, 1, 1, 1, 1, 1, 1]",0,잔고 및 거래내역,original
normal_잔고 및 거래내역_[수정]20210201 173834,"[1, 1, 1, 1, 1, 1, 1, 1, 1, 1]",0,잔고 및 거래내역,original
normal_잔고 및 거래내역_[수정]20210201 174041,"[1, 1, 1, 1, 1, 1, 1]",0,잔고 및 거래내역,original
normal_잔고 및 거래내역_[수정]20210201 174232,"[1, 1, 1, 1, 1, 1]",0,잔고 및 거래내역,original
normal_잔고 및 거래내역_[수정]20210201 174427,"[1, 1, 1, 1, 1, 1, 1, 1, 1, 1, 1]",0,잔고 및 거래내역,original
normal_잔고 및 거래내역_[수정]20210201 174709,"[1, 1, 1, 1, 1, 1, 1, 1, 1]",0,잔고 및 거래내역,original
normal_잔고 및 거래내역_[수정]20210201 174954,"[1, 1, 1, 1, 1, 1, 1, 1, 1]",0,잔고 및 거래내역,original
normal_잔고 및 거래내역_[수정]20210201 175155,"[1, 1, 1, 1, 1, 1, 1]",0,잔고 및 거래내역,original
normal_잔고 및 거래내역_[수정]20210201 175339,"[1, 1, 1, 1, 1, 1, 1, 1, 1, 1]",0,잔고 및 거래내역,original
normal_잔고 및 거래내역_[수정]20210201 175536,"[1, 1, 1, 1, 1]",0,잔고 및 거래내역,original
normal_잔고 및 거래내역_[수정]20210201 175655,"[1, 1, 1, 1, 1]",0,잔고 및 거래내역,original
normal_잔고 및 거래내역_[수정]20210201 175813,"[1, 1, 1, 1, 1, 1, 1]",0,잔고 및 거래내역,original
normal_잔고 및 거래내역_[수정]20210201 175953,"[1, 1, 1, 1, 1]",0,잔고 및 거래내역,original
normal_잔고 및 거래내역_[수정]20210201 180114,"[1, 1, 1, 1, 1, 1]",0,잔고 및 거래내역,original
normal_잔고 및 거래내역_[수정]20210201 180237,"[1, 1, 1, 1, 1, 1]",0,잔고 및 거래내역,original
normal_잔고 및 거래내역_[수정]20210201 201044,"[1, 1, 1, 1, 1, 1, 1, 1, 1]",0,잔고 및 거래내역,original
normal_잔고 및 거래내역_[수정]20210201 201253,"[1, 1, 1, 1, 1, 1, 1]",0,잔고 및 거래내역,original
normal_잔고 및 거래내역_[수정]20210201 201452,"[1, 1, 1, 1, 1, 1, 1, 1, 1, 1, 1, 1]",0,잔고 및 거래내역,original
normal_잔고 및 거래내역_[수정]20210201 201745,"[1, 1, 1, 1, 1, 1, 1, 1, 1, 1, 1, 1, 1, 1]",0,잔고 및 거래내역,original
normal_잔고 및 거래내역_[수정]20210201 202136,"[1, 1, 1, 1, 1, 1, 1, 1, 1, 1]",0,잔고 및 거래내역,original
normal_잔고 및 거래내역_[수정]20210201 202354,"[1, 1, 1, 1, 1]",0,잔고 및 거래내역,original
normal_잔고 및 거래내역_[수정]20210201 202507,"[1, 1, 1, 1, 1]",0,잔고 및 거래내역,original
normal_잔고 및 거래내역_[수정]20210203 141949,"[1, 1, 1, 1, 1]",0,잔고 및 거래내역,original
normal_잔고 및 거래내역_[수정]20210203 142105,"[1, 1, 1, 1]",0,잔고 및 거래내역,original
normal_잔고 및 거래내역_[수정]20210203 142202,"[1, 1, 1, 1]",0,잔고 및 거래내역,original
normal_잔고 및 거래내역_[수정]20210203 142316,"[1, 1, 1]",0,잔고 및 거래내역,original
normal_잔고 및 거래내역_[수정]20210203 142415,"[1, 1, 1, 1, 1]",0,잔고 및 거래내역,original
normal_잔고 및 거래내역_[수정]20210203 142530,"[1, 1, 1, 1]",0,잔고 및 거래내역,original
normal_잔고 및 거래내역_[수정]20210203 142716,"[1, 1, 1, 1, 1]",0,잔고 및 거래내역,original
normal_잔고 및 거래내역_[수정]20210203 142859,"[1, 1, 1, 1]",0,잔고 및 거래내역,original
normal_잔고 및 거래내역_[수정]20210203 142955,"[1, 1, 1, 1]",0,잔고 및 거래내역,original
normal_잔고 및 거래내역_[수정]20210203 143052,"[1, 1, 1, 1]",0,잔고 및 거래내역,original
normal_잔고 및 거래내역_[수정]20210203 143153,"[1, 1, 1, 1]",0,잔고 및 거래내역,original
normal_잔고 및 거래내역_[수정]20210203 143252,"[1, 1, 1]",0,잔고 및 거래내역,original
normal_잔고 및 거래내역_[수정]20210203 143344,"[1, 1, 1, 1, 1]",0,잔고 및 거래내역,original
normal_잔고 및 거래내역_[수정]20210203 143504,"[1, 1, 1]",0,잔고 및 거래내역,original
normal_잔고 및 거래내역_[수정]20210203 143558,"[1, 1, 1, 1]",0,잔고 및 거래내역,original
normal_잔고 및 거래내역_[수정]20210203 143658,"[1, 1, 1, 1]",0,잔고 및 거래내역,original
normal_잔고 및 거래내역_[수정]20210203 143758,"[1, 1, 1]",0,잔고 및 거래내역,original
normal_잔고 및 거래내역_[수정]20210203 143853,"[1, 1, 1, 1, 1]",0,잔고 및 거래내역,original
normal_잔고 및 거래내역_[수정]20210203 144005,"[1, 1, 1, 1]",0,잔고 및 거래내역,original
normal_잔고 및 거래내역_[수정]20210203 144103,"[1, 1, 1, 1, 1]",0,잔고 및 거래내역,original
normal_잔고 및 거래내역_[수정]20210203 144224,"[1, 1, 1, 1]",0,잔고 및 거래내역,original
normal_잔고 및 거래내역_[수정]20210203 144321,"[1, 1, 1, 1]",0,잔고 및 거래내역,original
normal_잔고 및 거래내역_[수정]20210203 144437,"[1, 1]",0,잔고 및 거래내역,original
normal_잔고 및 거래내역_[수정]20210203 144542,"[1, 1, 1, 1, 1]",0,잔고 및 거래내역,original
normal_잔고 및 거래내역_[수정]20210203 144714,"[1, 1, 1, 1]",0,잔고 및 거래내역,original
normal_잔고 및 거래내역_[수정]20210203 144819,"[1, 1, 1, 1]",0,잔고 및 거래내역,original
normal_잔고 및 거래내역_[수정]20210203 144916,"[1, 1, 1, 1]",0,잔고 및 거래내역,original
normal_잔고 및 거래내역_[수정]20210203 145015,"[1, 1, 1, 1]",0,잔고 및 거래내역,original
normal_잔고 및 거래내역_[수정]20210203 145115,"[1, 1, 1]",0,잔고 및 거래내역,original
normal_잔고 및 거래내역_[수정]20210203 145209,"[1, 1, 1, 1, 1]",0,잔고 및 거래내역,original
normal_잔고 및 거래내역_[수정]20210203 145329,"[1, 1, 1]",0,잔고 및 거래내역,original
normal_잔고 및 거래내역_[수정]20210203 145420,"[1, 1, 1, 1]",0,잔고 및 거래내역,original
normal_잔고 및 거래내역_[수정]20210203 145520,"[1, 1, 1]",0,잔고 및 거래내역,original
normal_잔고 및 거래내역_[수정]20210203 145617,"[1, 1, 1]",0,잔고 및 거래내역,original
normal_잔고 및 거래내역_[수정]20210203 145710,"[1, 1, 1, 1, 1]",0,잔고 및 거래내역,original
normal_잔고 및 거래내역_[수정]20210203 145819,"[1, 1, 1, 1]",0,잔고 및 거래내역,original
normal_잔고 및 거래내역_[수정]20210203 145916,"[1, 1, 1, 1, 1]",0,잔고 및 거래내역,original
normal_잔고 및 거래내역_[수정]20210203 150029,"[1, 1, 1, 1]",0,잔고 및 거래내역,original
normal_잔고 및 거래내역_[수정]20210203 150125,"[1, 1, 1, 1, 1]",0,잔고 및 거래내역,original
normal_잔고 및 거래내역_[수정]20210203 150235,"[1, 1, 1, 1]",0,잔고 및 거래내역,original
normal_잔고 및 거래내역_[수정]20210203 150352,"[1, 1, 1, 1, 1]",0,잔고 및 거래내역,original
normal_잔고 및 거래내역_[수정]20210203 150500,"[1, 1, 1, 1]",0,잔고 및 거래내역,original
normal_잔고 및 거래내역_[수정]20210203 150555,"[1, 1, 1]",0,잔고 및 거래내역,original
normal_잔고 및 거래내역_[수정]20210203 150649,"[1, 1, 1, 1]",0,잔고 및 거래내역,original
normal_잔고 및 거래내역_[수정]20210203 150747,"[1, 1, 1]",0,잔고 및 거래내역,original
normal_잔고 및 거래내역_[수정]20210203 150846,"[1, 1, 1]",0,잔고 및 거래내역,original
normal_잔고 및 거래내역_[수정]20210203 150937,"[1, 1, 1, 1, 1]",0,잔고 및 거래내역,original
normal_잔고 및 거래내역_[수정]20210203 151056,"[1, 1, 1]",0,잔고 및 거래내역,original
normal_잔고 및 거래내역_[수정]20210203 151147,"[1, 1, 1, 1]",0,잔고 및 거래내역,original
normal_잔고 및 거래내역_[수정]20210203 151244,"[1, 1, 1, 1]",0,잔고 및 거래내역,original
normal_잔고 및 거래내역_[수정]20210203 200637,"[1, 1, 1]",0,잔고 및 거래내역,original
normal_잔고 및 거래내역_[수정]20210203 200752,"[1, 1, 1, 1, 1]",0,잔고 및 거래내역,original
normal_잔고 및 거래내역_[수정]20210203 201054,"[1, 1, 1, 1]",0,잔고 및 거래내역,original
normal_잔고 및 거래내역_[수정]20210203 201221,"[1, 1, 1, 1, 1]",0,잔고 및 거래내역,original
normal_잔고 및 거래내역_[수정]20210203 201334,"[1, 1, 1, 1]",0,잔고 및 거래내역,original
normal_잔고 및 거래내역_[수정]20210203 201447,"[1, 1, 1, 1]",0,잔고 및 거래내역,original
normal_잔고 및 거래내역_[수정]20210203 201603,"[1, 1, 1, 1]",0,잔고 및 거래내역,original
normal_잔고 및 거래내역_[수정]20210203 201723,"[1, 1, 1, 1, 1]",0,잔고 및 거래내역,original
normal_잔고 및 거래내역_[수정]20210203 201836,"[1, 1, 1, 1]",0,잔고 및 거래내역,original
normal_잔고 및 거래내역_[수정]20210203 201958,"[1, 1, 1, 1]",0,잔고 및 거래내역,original
normal_잔고 및 거래내역_[수정]20210203 202113,"[1, 1, 1, 1]",0,잔고 및 거래내역,original
normal_잔고 및 거래내역_[수정]20210203 202212,"[1, 1, 1, 1]",0,잔고 및 거래내역,original
normal_잔고 및 거래내역_[수정]20210203 202314,"[1, 1, 1]",0,잔고 및 거래내역,original
normal_잔고 및 거래내역_[수정]20210203 202424,"[1, 1, 1, 1, 1]",0,잔고 및 거래내역,original
normal_잔고 및 거래내역_[수정]20210203 202548,"[1, 1, 1]",0,잔고 및 거래내역,original
normal_잔고 및 거래내역_[수정]20210203 202640,"[1, 1, 1, 1]",0,잔고 및 거래내역,original
normal_잔고 및 거래내역_[수정]20210203 202750,"[1, 1, 1, 1]",0,잔고 및 거래내역,original
normal_잔고 및 거래내역_[수정]20210203 202852,"[1, 1, 1]",0,잔고 및 거래내역,original
normal_잔고 및 거래내역_[수정]20210203 202951,"[1, 1, 1, 1, 1]",0,잔고 및 거래내역,original
normal_잔고 및 거래내역_[수정]20210203 203105,"[1, 1, 1, 1]",0,잔고 및 거래내역,original
normal_잔고 및 거래내역_[수정]20210203 203228,"[1, 1, 1, 1, 1]",0,잔고 및 거래내역,original
normal_잔고 및 거래내역_[수정]20210203 203449,"[1, 1, 1, 1]",0,잔고 및 거래내역,original
normal_잔고 및 거래내역_[수정]20210203 203548,"[1, 1, 1, 1]",0,잔고 및 거래내역,original
normal_잔고 및 거래내역_[수정]20210203 203704,"[1, 1, 1, 1]",0,잔고 및 거래내역,original
normal_잔고 및 거래내역_[수정]20210203 203829,"[1, 1, 1, 1, 1]",0,잔고 및 거래내역,original
normal_잔고 및 거래내역_[수정]20210203 203948,"[1, 1, 1, 1]",0,잔고 및 거래내역,original
normal_잔고 및 거래내역_[수정]20210203 204050,"[1, 1, 1, 1]",0,잔고 및 거래내역,original
normal_잔고 및 거래내역_[수정]20210203 204150,"[1, 1, 1, 1]",0,잔고 및 거래내역,original
normal_잔고 및 거래내역_[수정]20210203 204346,"[1, 1, 1, 1]",0,잔고 및 거래내역,original
normal_잔고 및 거래내역_[수정]20210203 204449,"[1, 1, 1]",0,잔고 및 거래내역,original
normal_잔고 및 거래내역_[수정]20210203 204546,"[1, 1, 1, 1, 1]",0,잔고 및 거래내역,original
normal_잔고 및 거래내역_[수정]20210203 204709,"[1, 1, 1]",0,잔고 및 거래내역,original
normal_잔고 및 거래내역_[수정]20210203 204802,"[1, 1, 1, 1]",0,잔고 및 거래내역,original
normal_잔고 및 거래내역_[수정]20210203 204904,"[1, 1, 1, 1]",0,잔고 및 거래내역,original
normal_잔고 및 거래내역_[수정]20210203 205005,"[1, 1, 1, 1]",0,잔고 및 거래내역,original
normal_잔고 및 거래내역_[수정]20210203 205119,"[1, 1, 1, 1, 1]",0,잔고 및 거래내역,original
normal_잔고 및 거래내역_[수정]20210203 205231,"[1, 1, 1, 1]",0,잔고 및 거래내역,original
normal_잔고 및 거래내역_[수정]20210203 205330,"[1, 1, 1, 1, 1]",0,잔고 및 거래내역,original
normal_잔고 및 거래내역_[수정]20210203 205446,"[1, 1, 1, 1]",0,잔고 및 거래내역,original
normal_잔고 및 거래내역_[수정]20210203 205552,"[1, 1, 1, 1, 1]",0,잔고 및 거래내역,original
normal_잔고 및 거래내역_[수정]20210203 205704,"[1, 1, 1, 1]",0,잔고 및 거래내역,original
normal_잔고 및 거래내역_[수정]20210203 205810,"[1, 1, 1, 1, 1]",0,잔고 및 거래내역,original
normal_잔고 및 거래내역_[수정]20210203 205923,"[1, 1, 1, 1]",0,잔고 및 거래내역,original
normal_잔고 및 거래내역_[수정]20210203 210024,"[1, 1, 1, 1]",0,잔고 및 거래내역,original
normal_잔고 및 거래내역_[수정]20210203 210121,"[1, 1, 1, 1]",0,잔고 및 거래내역,original
normal_잔고 및 거래내역_[수정]20210203 210223,"[1, 1, 1, 1]",0,잔고 및 거래내역,original
normal_잔고 및 거래내역_[수정]20210203 210323,"[1, 1, 1]",0,잔고 및 거래내역,original
normal_잔고 및 거래내역_[수정]20210203 210424,"[1, 1, 1, 1, 1]",0,잔고 및 거래내역,original
normal_잔고 및 거래내역_[수정]20210203 210544,"[1, 1]",0,잔고 및 거래내역,original
normal_잔고 및 거래내역_[수정]20210203 210638,"[1, 1, 1, 1]",0,잔고 및 거래내역,original
normal_잔고 및 거래내역_[수정]20210203 210741,"[1, 1, 1, 1]",0,잔고 및 거래내역,original
normal_잔고 및 거래내역_[수정]20210203 210842,"[1, 1, 1]",0,잔고 및 거래내역,original
normal_잔고 및 거래내역_[수정]20210203 211003,"[1, 1, 1, 1, 1]",0,잔고 및 거래내역,original
phishing_대출 사기형_21,"[1, 1, 1, 1, 1, 1, 1, 1, 1, 1, 1, 1, 1, 1, 1, 1, 1, 1, 1, 1, 1, 1, 1, 1, 1, 1, 1, 1, 1, 1, 1, 1, 1, 1, 1, 1, 1, 1, 1, 1, 1, 1]",1,대출 사기형,original
phishing_대출 사기형_22,"[1, 2, 2, 2, 3, 3, 3, 3, 3, 2, 2, 2, 2, 2, 1, 1]",1,대출 사기형,original
phishing_대출 사기형_24,"[1, 1, 1, 1, 1, 1, 1, 1, 1, 1, 3, 3, 2, 2, 2, 3, 3, 2, 1, 1, 1]",1,대출 사기형,original
phishing_대출 사기형_25,"[1, 1, 1, 1, 1, 2, 2, 3, 3, 2, 2]",1,대출 사기형,original
phishing_대출 사기형_26,"[2, 2, 2, 2, 2]",1,대출 사기형,original
phishing_대출 사기형_27,"[2, 2, 2, 1, 1, 1, 2, 2, 2, 3, 3, 2, 2, 2, 2, 1, 1, 3, 3, 3, 2, 2, 2, 2, 2, 1, 1, 1, 1, 1, 1]",1,대출 사기형,original
phishing_대출 사기형_28,"[2, 2, 2, 2, 1]",1,대출 사기형,original
phishing_대출 사기형_29,"[2, 2, 3, 3, 3, 2, 2]",1,대출 사기형,original
phishing_대출 사기형_30,"[1, 1, 1, 1, 1, 2, 2, 2, 1, 1, 1, 1]",1,대출 사기형,original
phishing_대출 사기형_31,"[2, 2, 3, 3, 3, 3, 3, 3, 2, 3, 3, 2, 2, 1]",1,대출 사기형,original
phishing_대출 사기형_32,"[1, 1, 2, 2, 2, 2, 2, 2, 1, 1]",1,대출 사기형,original
phishing_대출 사기형_33,"[2, 2, 2, 2, 2, 2, 2, 3, 3, 3, 2, 2, 2, 2, 2, 2, 2, 1]",1,대출 사기형,original
phishing_대출 사기형_34,"[1, 2, 2, 2, 2, 2, 2, 2, 2, 2, 2, 2, 2, 2, 2, 2, 2, 2, 2, 2, 2, 2, 2, 2, 1]",1,대출 사기형,original
phishing_대출 사기형_35,"[2, 2, 2, 2, 2, 2, 2, 1, 1, 2, 2, 2, 2, 3, 3]",1,대출 사기형,original
phishing_대출 사기형_36,"[2, 3, 3, 3, 2, 2, 2, 2, 2, 2, 2, 2, 2, 2, 2, 2, 2, 2, 2, 2, 2, 2, 2, 2, 1]",1,대출 사기형,original
phishing_대출 사기형_37,"[1, 1, 1, 2, 2, 2, 1, 1, 1, 1, 2, 2, 2, 1, 1, 1, 1, 1, 1, 1, 2, 2, 2, 1, 1, 1, 1, 1]",1,대출 사기형,original
phishing_대출 사기형_38,"[1, 1, 1]",1,대출 사기형,original
phishing_대출 사기형_39,"[1, 3, 3, 3, 2, 2, 3, 3, 2, 2, 2, 2, 2, 2, 2, 1, 1, 1]",1,대출 사기형,original
phishing_대출 사기형_40,"[1, 1, 1, 1, 3, 3, 3, 3, 2, 3, 3, 3, 3, 3]",1,대출 사기형,original
phishing_대출 사기형_42,"[2, 2, 2, 2, 2, 2, 2, 2, 2, 2]",1,대출 사기형,original
phishing_대출 사기형_43,"[1, 1, 1, 1, 1, 1, 1, 1, 1, 1, 1, 1, 1, 1, 1, 1, 1, 1, 1, 1, 1, 1, 1, 1, 1, 1, 1, 1, 1, 1, 1, 2, 3, 3, 3]",1,대출 사기형,original
phishing_대출 사기형_44,"[3, 3, 3, 2, 2, 1, 1, 1]",1,대출 사기형,original
phishing_대출 사기형_45,"[2, 2, 3, 3, 3, 2, 2, 2, 1, 3, 3, 3, 1, 1, 1, 1, 2, 2, 2, 2, 2, 2, 2, 2, 2, 2, 2, 2, 2, 2, 2, 2, 1, 1, 1, 1, 1, 1, 1, 1, 1, 2, 2, 2, 1, 1, 1, 1, 2, 2, 2, 2, 1]",1,대출 사기형,original
phishing_대출 사기형_46,"[2, 2, 2, 2, 2, 2, 2, 2, 2, 2, 2, 3, 3, 1, 1, 1, 1, 1, 1, 1, 1]",1,대출 사기형,original
phishing_대출 사기형_47,"[1, 1, 1, 1, 1, 1, 1, 1, 1, 1, 1, 1, 1]",1,대출 사기형,original
phishing_대출 사기형_48,"[1, 2, 2, 2, 2, 2, 2, 3, 3, 3, 2, 2, 3, 3, 3, 3, 3, 2, 2, 2, 3, 3, 3, 2, 2, 2, 1, 1, 1, 1, 1, 1]",1,대출 사기형,original
phishing_대출 사기형_49,"[2, 2, 1, 1, 1, 2, 2, 1, 1, 2, 2, 2, 2, 2, 2]",1,대출 사기형,original
phishing_대출 사기형_50,"[3, 3, 2, 1, 1, 2, 2]",1,대출 사기형,original
phishing_대출 사기형_51,"[2, 2, 2, 2, 2, 2, 2, 2, 1]",1,대출 사기형,original
phishing_대출 사기형_52,"[3, 3, 3, 2, 2, 2, 1]",1,대출 사기형,original
phishing_대출 사기형_53,"[1, 1, 1, 1, 1, 1, 1, 1, 1, 3, 3, 3, 1, 1, 1, 1, 1, 1, 1, 1, 1, 1, 1, 1, 1, 1]",1,대출 사기형,original
phishing_대출 사기형_54,"[2, 2, 2, 2, 2, 2, 2, 2, 2, 2, 2, 2, 2, 2, 2, 2, 2, 2, 2, 2, 2, 2, 2, 2, 2, 2]",1,대출 사기형,original
phishing_대출 사기형_55,"[1, 1, 1, 1, 1, 1, 1, 1, 2, 2, 2, 2, 1, 1, 2, 2, 1, 3, 3, 3, 3, 3, 2, 1, 1, 1, 1, 1, 1, 1]",1,대출 사기형,original
phishing_대출 사기형_56,"[2, 2, 2, 3, 3, 3, 3, 2, 2, 2, 2]",1,대출 사기형,original
phishing_대출 사기형_57,"[2, 2, 2, 2]",1,대출 사기형,original
phishing_대출 사기형_58,"[2, 2]",1,대출 사기형,original
phishing_대출 사기형_59,"[2, 2, 1]",1,대출 사기형,original
phishing_대출 사기형_60,"[1, 1, 1, 1, 1, 1, 1, 1]",1,대출 사기형,original
phishing_대출 사기형_61,"[1, 1]",1,대출 사기형,original
phishing_대출 사기형_62,"[1, 1, 1, 1, 1, 1, 1, 1, 1, 1, 1, 1, 1, 1, 1, 1, 1, 1]",1,대출 사기형,original
phishing_대출 사기형_63,"[2, 2, 2, 2]",1,대출 사기형,original
phishing_대출 사기형_64,"[1, 1, 1, 1, 2, 2, 1, 1, 1, 1, 1]",1,대출 사기형,original
phishing_대출 사기형_65,"[1, 1, 3, 3, 3, 2, 2, 1, 1, 1, 1]",1,대출 사기형,original
phishing_대출 사기형_67,"[2, 2, 3, 3, 3, 2, 1, 2, 2, 2, 3, 3, 2, 3, 3, 3, 3, 3, 3, 2, 2, 2, 1, 1, 2, 2, 2, 2, 3, 3, 2, 1, 1, 1, 1, 1, 1, 1, 1]",1,대출 사기형,original
phishing_대출 사기형_68,"[2, 2, 2, 2, 2]",1,대출 사기형,original
phishing_대출 사기형_69,"[2, 2, 2, 1, 2, 2, 2, 1, 2, 2, 2, 2, 1, 1]",1,대출 사기형,original
phishing_대출 사기형_70,"[2, 2, 2, 2, 2, 2, 2, 2, 2, 2, 2, 2, 2, 2, 2]",1,대출 사기형,original
phishing_대출 사기형_71,"[2, 2, 3, 3, 3]",1,대출 사기형,original
phishing_대출 사기형_72,"[3, 3, 3, 3, 3, 3, 3, 3, 3, 3, 3, 3, 3, 3]",1,대출 사기형,original
phishing_대출 사기형_73,"[1, 1, 1, 1, 1, 2, 2, 2, 1, 2, 2, 3, 3, 1, 2, 3, 3, 2, 1, 1, 1, 1, 1, 1, 1, 1]",1,대출 사기형,original
phishing_대출 사기형_74,"[2, 2, 2, 2, 2, 2, 2, 1, 1, 2, 2, 2, 2, 2, 2, 2, 2, 2, 2, 2, 2, 2, 2, 2, 2, 2, 1]",1,대출 사기형,original
phishing_대출 사기형_75,"[2, 3, 3, 3, 3, 3, 3, 3, 2, 3, 3, 2, 3, 3, 1, 1, 1, 1, 1, 1]",1,대출 사기형,original
phishing_대출 사기형_76,"[2, 2, 2, 3, 3, 3, 2, 2, 2, 3, 3, 3, 2, 2, 2, 2, 2, 3, 3, 3, 2, 2, 2, 2, 3, 3, 3, 3, 3, 1, 1, 1, 1, 1, 1, 1, 2, 2, 1, 1]",1,대출 사기형,original
phishing_대출 사기형_77,"[1, 1, 1, 1, 1, 1, 1, 1, 1, 2, 2, 2, 2, 1, 1, 2, 2, 2, 2, 2]",1,대출 사기형,original
phishing_대출 사기형_78,"[1, 2, 2, 1, 2, 2, 2, 2, 2, 2, 2, 2, 2, 2, 2, 2, 2, 2, 2, 2, 2, 2, 2, 2, 2, 1, 2, 2, 2, 2, 2, 2, 1, 2, 2, 2, 2, 2, 2, 2, 2, 2, 2, 2, 2, 2, 2, 2, 2, 1, 1, 2, 2, 2, 2, 2, 2, 2, 1]",1,대출 사기형,original
phishing_대출 사기형_80,"[1, 2, 2, 2, 2, 1, 1, 3, 3, 3, 3, 3, 3, 1, 1, 1, 1, 1, 1, 1]",1,대출 사기형,original
phishing_대출 사기형_81,"[1, 2, 2, 2, 2, 2, 2, 1, 1, 1]",1,대출 사기형,original
phishing_대출 사기형_82,"[1, 1, 1, 1, 1, 1, 1, 1, 1, 1, 1, 1, 1, 1, 1, 1, 1, 1, 1, 1, 1, 1, 1, 2, 2, 2, 1, 1, 1, 1, 1, 1, 1, 1, 1, 1, 1, 1, 1]",1,대출 사기형,original
phishing_대출 사기형_83,"[2, 3, 3, 2, 2, 2, 2, 2, 2, 3, 3, 2, 2, 1, 2, 2, 2]",1,대출 사기형,original
phishing_대출 사기형_84,"[1, 1, 1, 1, 1, 2, 2, 1, 2, 2, 1, 1, 1, 1, 1, 1, 1, 1, 1, 1, 1, 1, 1, 1, 1, 1, 1, 1, 2, 2, 2, 2, 2, 2, 2, 2, 2, 2, 3, 3, 3, 2, 2, 1, 2, 2, 2, 2, 2]",1,대출 사기형,original
phishing_대출 사기형_85,"[1, 1, 1, 1]",1,대출 사기형,original
phishing_대출 사기형_86,"[1, 1, 1]",1,대출 사기형,original
phishing_대출 사기형_87,"[2, 2, 2, 2, 2]",1,대출 사기형,original
phishing_대출 사기형_88,"[3, 3, 2]",1,대출 사기형,original
phishing_대출 사기형_89,"[2, 2, 2, 2, 2, 2, 3, 3]",1,대출 사기형,original
phishing_대출 사기형_90,"[2, 2, 2, 2, 2, 2, 3, 3, 2, 2, 2]",1,대출 사기형,original
phishing_대출 사기형_91,"[1, 1, 2, 3, 3, 3, 1, 1, 1]",1,대출 사기형,original
phishing_대출 사기형_92,"[2, 2, 1, 1, 1, 2, 2, 2, 2, 2, 2, 2, 2, 2, 2, 2]",1,대출 사기형,original
phishing_대출 사기형_93,"[1, 1, 1, 1, 1]",1,대출 사기형,original
phishing_대출 사기형_94,"[1, 1, 1, 1, 1, 1, 1, 1, 1, 1, 1]",1,대출 사기형,original
phishing_대출 사기형_95,"[1, 2, 3, 3, 3, 3, 3, 2, 2, 2, 2]",1,대출 사기형,original
phishing_대출 사기형_96,"[2, 2, 2, 2, 2, 1]",1,대출 사기형,original
phishing_대출 사기형_97,"[2, 2, 2, 2, 2, 2, 2, 2, 2, 2, 2, 2]",1,대출 사기형,original
phishing_대출 사기형_98,"[2, 2, 2, 2, 2, 2, 2, 2, 2, 2, 2, 2, 2, 2, 2, 2, 2, 2, 1]",1,대출 사기형,original
phishing_대출 사기형_99,"[1, 1, 2, 2, 2, 2, 2, 2, 2, 2, 2, 2, 2, 2, 2, 2, 2, 1, 2, 2, 2, 2, 2, 2, 2, 2]",1,대출 사기형,original
phishing_대출 사기형_100,"[2, 2, 3, 3, 3, 2]",1,대출 사기형,original
phishing_대출 사기형_102,"[1, 1, 1, 1, 1, 1, 1, 2, 3, 3, 3, 3, 3, 3]",1,대출 사기형,original
phishing_대출 사기형_103,"[1, 2, 2, 2, 2, 2, 2, 2, 2, 1, 1, 1, 1]",1,대출 사기형,original
phishing_대출 사기형_104,"[2, 2, 2, 1, 2, 2, 2, 2, 2, 2, 2, 2, 2, 2, 1, 2, 2, 2, 1, 2, 2, 2, 2, 2, 2, 2, 2, 2, 2, 2, 2, 2, 2, 2, 1, 1, 1, 1, 2, 2, 2, 2, 2, 2, 2, 2, 1, 1, 2, 2, 2, 2]",1,대출 사기형,original
phishing_대출 사기형_105,"[1, 1, 1, 1, 1, 2, 2, 2, 2, 2, 2, 1, 1, 1, 1, 1, 2, 2, 2, 2, 2, 1, 1, 1, 1, 1, 1]",1,대출 사기형,original
phishing_대출 사기형_106,"[1, 1, 1, 1, 2, 2, 2, 2, 2, 1, 1, 2, 2, 2, 2, 2, 2, 1, 2, 2, 2, 2, 2, 2, 1, 1, 1, 1, 1, 1, 1, 1, 1, 1, 1, 1]",1,대출 사기형,original
phishing_대출 사기형_107,"[1, 2, 3, 3, 3, 2, 2]",1,대출 사기형,original
phishing_대출 사기형_108,"[2, 2, 2, 2, 1, 1, 1, 1, 1, 1, 1, 2, 2, 2, 1]",1,대출 사기형,original
phishing_대출 사기형_109,"[2, 2, 2, 3, 3, 2, 2, 2, 2, 2, 2, 2, 2, 2, 2, 2, 2, 2, 2, 2, 2, 2, 2, 1]",1,대출 사기형,original
phishing_대출 사기형_110,"[2, 2, 2, 2, 2, 2, 2, 2, 2, 2, 2, 2, 2, 3, 3, 3, 2, 2, 3, 3, 3, 3, 3, 3, 3, 2, 1, 1, 2, 2, 3, 3, 3, 3, 2, 2, 2, 3, 3, 1]",1,대출 사기형,original
phishing_대출 사기형_111,"[1, 1]",1,대출 사기형,original
phishing_대출 사기형_112,"[2, 2, 2, 2, 1, 2, 2, 2, 2, 2, 3, 3, 3, 3, 3, 2, 2, 2, 2, 2, 2, 3, 3, 3, 2, 2, 1]",1,대출 사기형,original
phishing_대출 사기형_113,"[1, 1, 1, 2, 2, 2, 2, 1, 1, 2, 2, 3, 3, 3, 2, 2, 1, 1, 2, 2, 2, 2, 2]",1,대출 사기형,original
phishing_대출 사기형_114,"[3, 2, 3, 3, 2, 2, 2, 2, 2, 2, 2, 2, 3, 3]",1,대출 사기형,original
phishing_대출 사기형_115,"[2, 2, 3, 3, 3]",1,대출 사기형,original
phishing_대출 사기형_116,"[2, 2, 2, 2, 2, 2, 2, 2, 2, 2, 2, 2, 2, 2, 2]",1,대출 사기형,original
phishing_대출 사기형_117,"[2, 2, 2, 1, 1, 1, 1, 2, 2, 2, 2, 2, 2, 2]",1,대출 사기형,original
phishing_대출 사기형_118,"[1, 1, 1, 1, 1]",1,대출 사기형,original
phishing_대출 사기형_119,"[2, 2, 3, 3, 3, 3, 2, 2, 3, 3, 3, 3, 3, 3, 3, 3, 3, 3, 3, 2, 2, 2, 1, 1, 1, 1, 1, 1, 3, 3, 3, 2, 2, 2, 1, 1, 1, 1, 1]",1,대출 사기형,original
phishing_대출 사기형_121,"[1, 1, 1, 1, 1, 1, 1, 1, 1, 1, 1]",1,대출 사기형,original
phishing_대출 사기형_122,"[1, 1, 1, 1, 1, 1, 1, 1, 1, 1, 1]",1,대출 사기형,original
phishing_대출 사기형_123,"[2, 2, 3, 3]",1,대출 사기형,original
phishing_대출 사기형_124,"[1, 1, 1, 1, 1, 1, 1, 1, 2, 2, 2, 1, 1, 1, 2, 2, 2, 2]",1,대출 사기형,original
phishing_대출 사기형_125,"[1, 1]",1,대출 사기형,original
phishing_대출 사기형_126,"[1, 1, 1, 2, 2, 2, 2, 1]",1,대출 사기형,original
phishing_대출 사기형_127,"[2, 2, 2]",1,대출 사기형,original
phishing_대출 사기형_128,"[2, 2]",1,대출 사기형,original
phishing_대출 사기형_129,"[2, 2, 2, 3]",1,대출 사기형,original
phishing_대출 사기형_130,"[1, 1, 1, 1, 1, 1, 1, 1, 1, 1, 1]",1,대출 사기형,original
phishing_대출 사기형_131,"[1, 1, 1, 1, 1, 1, 1, 1, 1, 1, 1, 1, 1, 1, 3, 3, 1, 2, 2, 2, 3, 3, 2, 1, 1, 1, 1, 1, 1, 1]",1,대출 사기형,original
phishing_대출 사기형_132,"[2, 2, 2, 2, 2, 2, 3, 3, 3, 2, 2, 3, 3, 3, 2, 2, 3, 3, 3, 2, 2, 2, 2, 2, 2, 1]",1,대출 사기형,original
phishing_대출 사기형_133,"[1, 1, 1, 2, 2, 2, 2, 1, 1, 3, 3, 3, 1, 1, 1, 1, 1, 2, 2, 2, 1, 1, 1, 1, 1, 1]",1,대출 사기형,original
phishing_대출 사기형_134,"[2, 2, 2, 2, 1, 1, 1]",1,대출 사기형,original
phishing_대출 사기형_135,"[2, 2, 2, 2, 2, 2, 2, 2, 1]",1,대출 사기형,original
phishing_대출 사기형_136,"[2, 2, 2, 1, 1, 1, 1]",1,대출 사기형,original
phishing_대출 사기형_137,"[2, 2, 1, 1, 1, 2, 2, 2, 2, 2, 2, 3, 3, 2, 2]",1,대출 사기형,original
phishing_대출 사기형_138,"[1, 2, 2, 2, 2, 2, 2, 3, 3, 3, 2, 2, 3, 3, 3, 3, 3, 2, 2, 1, 3, 3, 3, 2, 2, 2, 1, 1, 1, 1, 1, 1]",1,대출 사기형,original
phishing_대출 사기형_139,"[2, 2, 2, 2, 2, 1, 1, 2, 2, 2, 2, 2, 2]",1,대출 사기형,original
phishing_대출 사기형_140,"[2, 2, 1, 1, 2, 2, 2, 2, 2, 2, 1, 3, 3, 1, 1, 1, 1, 1, 1, 1, 1]",1,대출 사기형,original
phishing_대출 사기형_141,"[2, 3, 3, 3, 3, 3, 3, 2, 2, 2, 2, 1, 1, 1, 1, 1, 2, 2, 2, 2, 3, 3, 3, 3, 3, 3, 3, 2, 2, 2, 2, 2, 2, 2, 1, 1, 1, 1, 2, 2, 2, 2, 2, 2, 2, 2, 2, 2, 2, 2, 2, 1]",1,대출 사기형,original
phishing_대출 사기형_142,"[3, 3, 3, 1, 1, 2, 2, 1]",1,대출 사기형,original
phishing_대출 사기형_143,"[1, 1, 1, 2, 2, 2, 1, 1, 1, 1, 1, 1, 1, 1, 1, 2, 2, 2, 1, 1, 1, 1, 1, 1, 1, 1, 1, 1, 1, 1, 1, 2, 2, 2, 2]",1,대출 사기형,original
phishing_대출 사기형_144,"[2, 2, 2, 2, 2, 3, 3, 2, 2, 1]",1,대출 사기형,original
phishing_대출 사기형_146,"[1, 1, 1, 1, 3, 3, 3, 3, 2, 1, 1, 2, 2, 1]",1,대출 사기형,original
phishing_대출 사기형_147,"[1, 3, 3, 3, 3, 3, 3, 3, 2, 2, 2, 2, 2, 2, 2, 1, 2, 2]",1,대출 사기형,original
phishing_대출 사기형_148,"[1, 1, 1]",1,대출 사기형,original
phishing_대출 사기형_149,"[2, 2, 2, 2, 2, 2, 2, 2, 2, 2, 2, 2, 2, 2, 2, 2, 2, 2, 2, 2, 2, 2, 2, 2, 2, 2, 2, 2]",1,대출 사기형,original
phishing_대출 사기형_150,"[2, 3, 3, 3, 2, 2, 2, 2, 2, 2, 2, 2, 1, 1, 1, 2, 2, 2, 2, 2, 2, 2, 3, 3, 1]",1,대출 사기형,original
phishing_대출 사기형_151,"[2, 2, 2, 2, 2, 2, 2, 2, 2, 2, 2, 2, 2, 3, 3]",1,대출 사기형,original
phishing_대출 사기형_152,"[1, 2, 2, 2, 2, 2, 2, 3, 3, 3, 2, 3, 3, 3, 3, 2, 2, 2, 2, 2, 2, 2, 2, 2, 2, 1]",1,대출 사기형,original
phishing_대출 사기형_153,"[3, 3, 3, 3, 3, 2, 2, 3, 3, 3, 2, 2, 2, 2, 3, 3, 3, 1]",1,대출 사기형,original
phishing_대출 사기형_154,"[2, 2, 3, 3, 2, 2, 2, 2, 1, 1]",1,대출 사기형,original
phishing_대출 사기형_155,"[2, 2, 3, 3, 3, 3, 2, 2, 2, 3, 3, 2, 2, 1]",1,대출 사기형,original
phishing_대출 사기형_156,"[1, 1, 1, 1, 2, 2, 2, 2, 1, 1, 1, 1]",1,대출 사기형,original
phishing_대출 사기형_157,"[2, 2, 2, 3, 3, 3, 3]",1,대출 사기형,original
phishing_대출 사기형_158,"[2, 2, 2, 2, 1]",1,대출 사기형,original
phishing_대출 사기형_159,"[1, 2, 2, 1, 1, 2, 2, 2, 2, 2, 2, 2, 2, 2, 2, 1, 1, 3, 3, 3, 3, 2, 1, 1, 1, 1, 1, 1, 1, 1, 1]",1,대출 사기형,original
phishing_대출 사기형_160,"[2, 2, 2, 2, 2]",1,대출 사기형,original
phishing_대출 사기형_161,"[1, 1, 1, 1, 2, 2, 3, 3, 3, 1, 1]",1,대출 사기형,original
phishing_대출 사기형_162,"[1, 1, 1, 1, 1, 1, 1, 1, 1, 1, 3, 3, 3, 1, 1, 1, 2, 2, 2, 2, 1]",1,대출 사기형,original
phishing_대출 사기형_164,"[1, 1, 1, 1, 2, 2, 3, 3, 3, 1, 1, 2, 2, 2, 1, 1]",1,대출 사기형,original
phishing_대출 사기형_165,"[1, 1, 1, 1, 1, 1, 1, 1, 1, 2, 2, 2, 2, 2, 2, 2, 1, 1, 1, 1, 1, 2, 2, 2, 1, 1, 1, 1, 1, 1, 1, 1, 1, 1, 1, 1, 1, 1, 1, 1, 1, 1]",1,대출 사기형,original
phishing_대출 사기형_166,"[3, 3, 3, 2, 2, 2, 2, 2, 1, 2, 2, 2]",1,대출 사기형,original
phishing_대출 사기형_167,"[2, 2, 2, 2, 2, 2, 2, 2, 2, 2, 2, 2, 3, 3]",1,대출 사기형,original
phishing_대출 사기형_168,"[1, 1, 1, 1, 1, 1, 1, 1, 1]",1,대출 사기형,original
phishing_대출 사기형_169,"[1, 1, 2, 2, 2, 2, 2, 2, 2, 2, 2, 2, 2, 2, 2, 2, 2, 2, 1, 1]",1,대출 사기형,original
phishing_대출 사기형_170,"[1, 2, 2, 3, 3, 3, 3, 3, 2, 2, 2]",1,대출 사기형,original
phishing_대출 사기형_171,"[3, 3, 3, 3, 2, 3, 3, 3, 1, 2, 2, 2, 2, 2, 1, 1, 1]",1,대출 사기형,original
phishing_대출 사기형_172,"[2, 2, 2, 2, 1, 1, 1, 1, 2, 2, 2, 2, 2, 2]",1,대출 사기형,original
phishing_대출 사기형_173,"[2, 2, 3, 3, 3, 2, 2, 2, 3, 3, 3, 3, 2, 1, 2, 2, 2, 1, 2, 2, 2, 1]",1,대출 사기형,original
phishing_대출 사기형_174,"[2, 2, 2, 2, 2, 2, 1, 1, 1, 1, 2, 2, 3, 3, 3, 2, 2, 2, 1, 1, 1, 2, 2, 2, 1, 2, 2]",1,대출 사기형,original
phishing_대출 사기형_175,"[1, 1, 1, 3, 3, 3, 3, 3, 1, 1, 1, 1, 1, 1, 1, 1, 1, 1, 1, 3, 3, 3, 3, 3, 3, 1, 1, 1, 2, 2, 1, 1, 1, 1, 1, 1, 1, 1, 1, 1, 1, 1, 1, 1]",1,대출 사기형,original
phishing_대출 사기형_176,"[1, 1, 2, 2, 2]",1,대출 사기형,original
phishing_대출 사기형_177,"[2, 2, 2, 3, 3, 3]",1,대출 사기형,original
phishing_대출 사기형_178,"[2, 2, 2, 2, 2, 2, 2, 2, 2]",1,대출 사기형,original
phishing_대출 사기형_179,"[2, 2, 1, 2, 2, 2, 2, 2, 2, 2, 2, 2, 2, 2, 2, 2, 2, 1, 3, 3, 3, 3, 1, 1, 1, 1, 1, 1, 1, 1, 1, 2, 2, 1, 1, 1, 1, 2, 2, 2, 2, 2, 2, 2, 2, 2, 2, 2, 2, 2, 1]",1,대출 사기형,original
phishing_대출 사기형_180,"[2, 3, 3, 1]",1,대출 사기형,original
phishing_대출 사기형_181,"[1, 2, 2, 2, 2, 2, 1, 2, 2, 3, 3, 3, 1, 1, 2, 3, 3, 3, 3, 2, 2, 2, 1, 2, 2, 2, 1, 2, 2, 3, 3, 3, 1, 1, 1, 1, 1]",1,대출 사기형,original
phishing_대출 사기형_182,"[1, 1, 1, 1, 1, 1, 1, 1, 1, 1]",1,대출 사기형,original
phishing_대출 사기형_183,"[2, 2, 3, 3, 3, 2, 2, 2]",1,대출 사기형,original
phishing_대출 사기형_184,"[1, 1, 1, 1, 2, 2, 2, 2, 2, 2]",1,대출 사기형,original
phishing_대출 사기형_185,"[1, 1, 1, 2, 2, 2, 2]",1,대출 사기형,original
phishing_바로 이 목소리_1,"[2, 2, 2, 3, 3, 3, 3, 3, 2, 2, 2, 3, 3, 3, 3, 3, 3, 3, 3]",1,수사기관 사칭형,original
phishing_바로 이 목소리_2,"[2, 2, 2, 3, 3, 3, 2, 2, 3, 3, 2, 2, 2, 2, 2, 2, 2, 2, 2, 2]",1,수사기관 사칭형,original
phishing_바로 이 목소리_3,"[3, 3, 3, 2, 2, 2, 2, 2, 3, 3, 3, 3]",1,수사기관 사칭형,original
phishing_바로 이 목소리_4,"[2, 2, 2, 1]",1,수사기관 사칭형,original
phishing_바로 이 목소리_5,"[1, 2, 2, 3, 3, 3, 3, 3, 3, 3, 3, 2, 2, 1, 1, 2, 2, 2, 2, 2, 2, 2, 2, 1, 1, 1, 1, 2, 2, 2, 2, 2, 2, 2, 2, 2, 1, 1, 2, 2, 2]",1,수사기관 사칭형,original
phishing_바로 이 목소리_6,"[1, 1, 1, 1, 1, 1, 1]",1,수사기관 사칭형,original
phishing_바로 이 목소리_7,"[2, 2, 2, 2, 2, 2, 2, 2, 2, 2, 2, 2, 2, 2, 2, 2, 1, 1, 1, 1]",1,수사기관 사칭형,original
phishing_바로 이 목소리_8,"[2, 2, 2, 2, 3, 3, 3, 1, 1, 1, 1, 1, 1]",1,수사기관 사칭형,original
phishing_바로 이 목소리_9,"[1, 2, 2, 2, 3, 3, 3, 1, 3, 3, 3, 1, 1, 1, 1]",1,수사기관 사칭형,original
phishing_바로 이 목소리_10,"[3, 3, 3, 3, 3, 3, 3, 3, 3, 3, 3, 3, 3, 2]",1,수사기관 사칭형,original
phishing_바로 이 목소리_11,"[3, 3, 3, 2, 1, 2, 2, 2, 3, 3, 3, 2, 3, 3]",1,수사기관 사칭형,original
phishing_바로 이 목소리_12,"[2, 2, 2, 2, 2, 2, 2, 2, 2, 2, 2, 2, 3, 3, 3, 3, 3, 3, 3, 3, 1, 1]",1,수사기관 사칭형,original
phishing_바로 이 목소리_13,"[2, 2, 2, 2, 2, 2, 3, 3, 3, 3, 3]",1,수사기관 사칭형,original
phishing_바로 이 목소리_14,"[3, 3, 3, 3, 3, 3, 3, 2, 2, 3, 3]",1,수사기관 사칭형,original
phishing_바로 이 목소리_15,"[2, 2, 2, 2, 2, 3, 3, 3, 2, 2, 2, 2, 2, 2]",1,수사기관 사칭형,original
phishing_바로 이 목소리_16,"[1, 3, 3, 3, 2, 2, 2, 2, 1, 3, 3, 3, 3, 3, 2, 2, 2]",1,수사기관 사칭형,original
phishing_바로 이 목소리_17,"[2, 3, 3, 3, 3, 3, 3, 3, 3, 3, 3, 3, 3, 3]",1,수사기관 사칭형,original
phishing_바로 이 목소리_18,"[2, 2, 2, 3, 3, 3, 3, 2, 3, 3]",1,수사기관 사칭형,original
phishing_바로 이 목소리_19,"[3, 3, 3, 3, 3, 3, 3, 3, 3, 3, 3, 3, 3, 1, 1]",1,수사기관 사칭형,original
phishing_바로 이 목소리_20,"[2, 2, 3, 3, 3, 3, 3, 3, 3, 3, 3, 2, 2, 2]",1,수사기관 사칭형,original
phishing_바로 이 목소리_21,"[2, 2, 2, 3, 3, 3, 2, 2, 2, 2, 2, 1, 2, 3, 3, 3, 2, 2, 2, 2, 2, 2, 2, 2, 2, 1, 1, 1]",1,수사기관 사칭형,original
phishing_바로 이 목소리_22,"[2, 2, 2, 2, 2, 2, 3, 3, 3, 2, 2, 2, 2, 2, 3, 3, 2]",1,수사기관 사칭형,original
phishing_바로 이 목소리_23,"[2, 2, 3, 3, 3, 3, 2, 2, 2, 2, 1, 1]",1,수사기관 사칭형,original
phishing_바로 이 목소리_24,"[1, 3, 3, 3, 1, 1, 2, 2, 2, 2, 2, 2, 2, 2, 1, 3, 3]",1,수사기관 사칭형,original
phishing_바로 이 목소리_25,"[2, 2, 2, 2, 2, 2, 2, 2]",1,수사기관 사칭형,original
phishing_바로 이 목소리_26,"[2, 2, 2, 2, 2, 2, 2, 3, 3, 2, 2, 2, 2, 2, 2]",1,수사기관 사칭형,original
phishing_바로 이 목소리_27,"[2, 2, 2, 2, 3, 3, 3, 3, 1, 2, 2, 2]",1,수사기관 사칭형,original
phishing_바로 이 목소리_28,"[1, 1, 1, 1, 1, 2, 2, 2, 2, 2, 1, 2, 2, 2, 1, 1]",1,수사기관 사칭형,original
phishing_바로 이 목소리_29,"[2, 2, 2, 2, 2, 2, 3, 3, 3, 3, 3, 2, 2, 2, 2, 2, 3, 3, 3, 2, 2]",1,수사기관 사칭형,original
phishing_바로 이 목소리_30,"[1, 1, 2, 2, 2, 1, 1, 2, 2, 2, 2, 3, 3, 3, 2, 1, 1, 1, 1, 1, 1, 1, 1, 1, 3, 3, 2, 2, 3, 3]",1,수사기관 사칭형,original
phishing_바로 이 목소리_31,"[1, 1, 1, 1, 2, 2, 3, 3, 3, 3, 2, 2, 1, 1, 2, 2, 2, 2, 2, 2, 1, 1, 1, 1, 3, 3, 3, 2, 2]",1,수사기관 사칭형,original
phishing_바로 이 목소리_32,"[1, 1, 1, 1, 1, 1, 1, 1, 1, 1, 1, 1, 1, 1, 1, 1, 1, 1, 1, 1, 1, 1, 1, 1, 3, 3, 2]",1,수사기관 사칭형,original
phishing_바로 이 목소리_33,"[2, 2, 2, 3, 3, 3, 3, 3, 2, 2, 2, 2, 2, 2, 2, 2, 2, 2, 2, 2, 3, 3, 3, 2, 2, 1, 2, 2, 2, 1, 1, 1, 1]",1,수사기관 사칭형,original
phishing_바로 이 목소리_34,"[2, 2, 1, 1, 2, 3, 3, 3, 2, 2, 2, 2, 2, 2, 2, 2, 2, 2, 2, 2, 2, 1, 2, 2, 2, 2, 2, 2, 2, 3, 3, 3, 3, 1]",1,수사기관 사칭형,original
phishing_바로 이 목소리_35,"[2, 2, 3, 3, 1, 2, 3, 3, 3, 3, 3, 3, 2, 2, 2, 2, 2, 3, 3, 3, 2, 2, 3, 3, 2, 2, 3, 3, 2, 2, 2, 2, 2, 2]",1,수사기관 사칭형,original
phishing_바로 이 목소리_36,"[1, 3, 3, 3, 1, 1, 2, 2, 1, 2, 3, 3, 3, 3, 2, 2, 2, 3, 3, 3, 3, 3, 2, 2, 2, 2, 2, 2, 2, 2, 3, 3, 3, 2, 2, 2, 3, 3, 3, 3]",1,수사기관 사칭형,original
phishing_바로 이 목소리_37,"[3, 3, 3, 3, 2, 2, 2, 3, 3, 3, 3, 3, 3, 3, 2, 2, 2, 2, 3, 3, 3, 3, 3, 3, 3, 3, 3, 1, 1, 1]",1,수사기관 사칭형,original
phishing_바로 이 목소리_38,"[3, 3, 3, 2, 1, 3, 3, 3, 1, 2, 3, 3, 3, 3, 3, 3, 3, 3, 3, 3, 2, 2, 2, 3, 3, 3, 3, 3, 3, 3, 2, 2]",1,수사기관 사칭형,original
phishing_바로 이 목소리_39,"[1, 1, 1, 1, 1, 1, 1, 1, 3, 3, 3, 3, 3, 1, 1, 1, 3, 3, 3, 1, 1, 1, 1, 1, 1, 1, 1, 1, 1, 1]",1,수사기관 사칭형,original
phishing_바로 이 목소리_40,"[1, 1, 2, 2, 2, 2, 2, 2, 3, 3, 3, 3, 3, 3, 3, 3, 3, 2, 2, 2, 2, 2, 2, 2, 2, 1, 1]",1,수사기관 사칭형,original
phishing_바로 이 목소리_41,"[2, 3, 3, 2, 2, 2, 2, 2, 2, 2, 2, 2, 2, 3, 3, 3, 2, 3, 3, 3, 3, 3, 3, 3, 3, 3, 3, 3, 2, 2, 1, 1, 1, 1, 2, 2, 2]",1,수사기관 사칭형,original
phishing_바로 이 목소리_42,"[2, 3, 3, 2, 2, 2, 2, 2, 3, 3, 2, 2, 2, 2, 3, 3, 3, 2, 2, 2, 2, 2, 2, 2, 2, 2, 2, 2, 2, 2, 2, 1]",1,수사기관 사칭형,original
phishing_바로 이 목소리_43,"[1, 1, 1, 1, 2, 2, 2, 2, 2, 2, 2, 2, 3, 3, 3, 2, 2, 2]",1,수사기관 사칭형,original
phishing_바로 이 목소리_44,"[2, 2, 2, 3, 3, 3, 2, 2, 2, 3, 3, 3, 3, 2, 2, 2, 2, 3, 3, 3, 2, 2, 2]",1,수사기관 사칭형,original
phishing_바로 이 목소리_45,"[2, 2, 2, 2, 2, 2, 2, 2, 2, 2, 2, 2, 2, 2, 2, 2, 2, 2, 2, 2, 2, 2, 2, 2, 2]",1,수사기관 사칭형,original
phishing_바로 이 목소리_46,"[1, 3, 3, 3, 3, 2, 2, 2, 2, 2, 1, 1, 3, 3, 3, 3, 3, 1, 3, 3]",1,수사기관 사칭형,original
phishing_바로 이 목소리_47,"[3, 3, 2, 2, 2, 2, 2, 2, 2, 2, 2, 2, 2, 2, 2, 2, 2, 1, 1, 1, 1]",1,수사기관 사칭형,original
phishing_바로 이 목소리_48,"[2, 2, 2, 3, 3, 3, 3, 3, 1, 1, 2, 2, 2, 2, 2, 1, 1, 1, 1, 3, 3, 3, 3, 3, 3, 2, 2, 2, 2]",1,수사기관 사칭형,original
phishing_바로 이 목소리_49,"[1, 1, 2, 2, 2, 2, 1, 2, 2, 2, 3, 3, 3, 1, 1]",1,수사기관 사칭형,original
phishing_바로 이 목소리_50,"[2, 2, 2, 2, 2, 2, 2, 2, 2, 2, 2, 1, 1, 1, 1, 1, 1, 1, 2, 2, 2, 2, 1, 1, 1, 1]",1,수사기관 사칭형,original
phishing_바로 이 목소리_51,"[2, 2, 2, 2, 2, 2, 2, 2, 3, 3, 3, 3, 3, 2, 2, 2, 2, 2, 2, 2, 2, 2, 2]",1,수사기관 사칭형,original
phishing_바로 이 목소리_52,"[2, 2, 2, 2, 2, 3, 3, 3, 3, 3, 3, 3, 3, 3, 3, 3, 3, 3, 2, 2, 2, 2, 2, 2]",1,수사기관 사칭형,original
phishing_바로 이 목소리_53,"[3, 3, 3, 2, 3, 3, 2, 2, 2, 3, 3, 3, 2, 2, 1, 1, 1, 1, 1, 2, 3, 3, 3, 3, 2, 2, 2, 2, 2, 1, 2, 2, 3, 3, 3, 2]",1,수사기관 사칭형,original
phishing_바로 이 목소리_54,"[2, 2, 1, 2, 2, 2, 3, 3, 3, 2, 2, 1, 1, 2, 2, 2, 2, 2, 3, 3, 3, 2, 1, 1]",1,수사기관 사칭형,original
phishing_바로 이 목소리_55,"[2, 3, 3, 3, 3, 3, 3, 2, 2, 2, 2, 2, 2, 2, 2, 2, 3, 3, 3, 3, 3, 3, 3, 2, 2, 2, 2, 2, 2, 2, 2, 1, 2, 2, 2, 1, 2, 2, 2, 1]",1,수사기관 사칭형,original
phishing_바로 이 목소리_56,"[2, 3, 3, 3, 2, 2, 2, 2, 2, 3, 3, 3, 2, 3, 3, 2, 2, 2, 1, 2, 2, 2, 2, 2, 2, 1, 1, 1, 2, 3, 3, 3, 3, 3, 3, 2, 2]",1,수사기관 사칭형,original
phishing_바로 이 목소리_57,"[1, 2, 2, 1, 1, 1, 1, 2, 3, 3, 3, 3, 2, 2, 2, 2, 2, 3, 3, 3, 3, 3, 2, 2, 2, 3, 3, 3, 1, 2, 2, 2, 2, 2, 3, 3, 3, 3, 2]",1,수사기관 사칭형,original
phishing_바로 이 목소리_58,"[2, 3, 3, 3, 3, 1, 2, 2, 2, 3, 3, 3, 3, 3, 2, 3, 3, 3, 3, 3, 3, 3, 3, 2, 2]",1,수사기관 사칭형,original
phishing_바로 이 목소리_59,"[2, 2, 2, 3, 3, 3, 2, 2, 2, 2, 2, 2, 2, 2, 2, 2, 1, 2, 2, 1, 2, 2, 2, 2, 2, 2, 1, 1, 1, 1, 2, 3, 3]",1,수사기관 사칭형,original
phishing_바로 이 목소리_60,"[1, 3, 3, 3, 2, 1, 1, 3, 3, 3, 2, 2, 1, 1, 3, 3, 3, 3, 3, 3, 2, 2, 2, 2, 2, 1, 1, 1, 1, 1, 1, 1, 1]",1,수사기관 사칭형,original
phishing_바로 이 목소리_61,"[2, 2, 2, 1, 1, 2, 2, 2, 2, 3, 3, 2, 3, 3, 3, 2, 2, 2, 2, 2, 2]",1,수사기관 사칭형,original
phishing_바로 이 목소리_62,"[3, 3, 3, 3, 3, 2, 3, 3, 3, 3, 3, 3, 2, 2, 2, 2, 3, 3, 3, 3, 3, 3, 3, 2, 2, 2, 2, 1]",1,수사기관 사칭형,original
phishing_바로 이 목소리_63,"[3, 3, 3, 3, 3, 2, 2, 2, 2, 2, 2, 1, 1, 2, 2, 2, 2, 2, 3, 3, 3, 1, 1, 1, 1, 3, 3, 3, 3, 3, 2, 3, 3, 3, 2, 2, 2, 1, 1, 1]",1,수사기관 사칭형,original
phishing_바로 이 목소리_64,"[1, 1, 2, 2, 3, 3, 3, 1, 1, 1, 3, 3, 3, 1, 1, 1, 3, 3]",1,수사기관 사칭형,original
phishing_바로 이 목소리_65,"[3, 3, 3, 3, 2, 2, 2, 3, 3, 3, 3, 3, 3, 1, 3, 3, 3, 3, 3, 3, 3]",1,수사기관 사칭형,original
phishing_바로 이 목소리_66,"[1, 1, 1, 1, 1, 2, 2, 2, 2, 2, 2, 1, 1, 1, 1, 1, 1]",1,수사기관 사칭형,original
phishing_바로 이 목소리_67,"[3, 3, 3, 2, 2, 3, 3, 3]",1,수사기관 사칭형,original
phishing_바로 이 목소리_68,"[2, 2, 2, 2, 2, 2, 1, 1, 1, 2, 2, 2, 1]",1,수사기관 사칭형,original
phishing_바로 이 목소리_69,"[2, 2, 2, 2, 2, 3, 3, 3, 2, 2, 2, 2, 2, 2, 2, 2, 2, 2, 2, 1, 1, 1]",1,수사기관 사칭형,original
phishing_바로 이 목소리_70,"[2, 2, 2, 2, 1, 2, 2, 2, 2, 2, 2, 2, 2, 2, 2, 2, 2, 2, 2, 2, 2, 2, 2, 2, 2, 2]",1,수사기관 사칭형,original
phishing_바로 이 목소리_71,"[3, 3, 2, 1, 2, 2, 2, 2]",1,수사기관 사칭형,original
phishing_바로 이 목소리_72,"[1, 2, 2, 2, 2, 2, 2, 2, 2, 2, 1, 2, 2, 2, 2, 2, 2, 2, 2]",1,수사기관 사칭형,original
phishing_바로 이 목소리_73,"[2, 2, 2, 1, 1, 1, 1, 1, 1, 2, 2, 2, 2, 1, 2, 2, 2]",1,수사기관 사칭형,original
phishing_바로 이 목소리_74,"[3, 3, 3, 3, 2, 2, 2, 2]",1,수사기관 사칭형,original
phishing_바로 이 목소리_75,"[1, 2, 2, 2, 2, 1, 1, 1, 1, 2, 2, 2, 2, 2, 2, 2, 2, 1, 1, 1, 1, 1, 1, 1]",1,수사기관 사칭형,original
phishing_바로 이 목소리_76,"[3, 3, 3, 3, 3, 3, 3, 3, 3, 3, 3, 3, 3, 1, 1, 1]",1,수사기관 사칭형,original
phishing_바로 이 목소리_77,"[1, 1, 1, 1, 1, 1, 1, 3, 3, 3, 3, 1, 1]",1,수사기관 사칭형,original
phishing_바로 이 목소리_78,"[3, 2, 2, 2, 2, 2, 3, 3, 3, 3, 3, 3, 3]",1,수사기관 사칭형,original
phishing_바로 이 목소리_79,"[2, 2, 2, 2, 2, 2, 2, 2, 2, 3, 3, 3]",1,수사기관 사칭형,original
phishing_바로 이 목소리_80,"[1, 2, 3, 3, 2, 2, 2, 2, 2, 2, 2, 2, 2, 2, 2, 2]",1,수사기관 사칭형,original
phishing_바로 이 목소리_81,"[2, 2, 1, 1]",1,수사기관 사칭형,original
phishing_바로 이 목소리_82,"[1, 1, 1, 3, 3, 3, 3, 2, 1, 1]",1,수사기관 사칭형,original
phishing_바로 이 목소리_83,"[1, 1, 1, 1, 1]",1,수사기관 사칭형,original
phishing_바로 이 목소리_84,"[2, 3, 3, 2, 2, 2, 2, 1, 2, 3, 3]",1,수사기관 사칭형,original
phishing_바로 이 목소리_85,"[2, 2, 2, 2, 2, 2, 3, 3, 3, 2, 2, 3]",1,수사기관 사칭형,original
phishing_바로 이 목소리_86,"[2, 2, 1, 2, 2, 2, 2, 2]",1,수사기관 사칭형,original
phishing_바로 이 목소리_87,"[1, 1, 1, 2, 3, 3, 3, 3, 2, 2, 2, 2, 2, 2, 2, 2, 2, 1]",1,수사기관 사칭형,original
phishing_바로 이 목소리_88,"[2, 3, 3, 3, 3, 3, 2, 3, 3, 3, 2, 3, 3, 2, 2, 2]",1,수사기관 사칭형,original
phishing_바로 이 목소리_89,"[2, 2, 2, 1, 1, 2, 2, 2, 1, 2, 2, 2, 2, 2, 2, 2, 2, 2, 2, 2, 2, 2, 2, 2, 2, 2, 2, 2, 2, 1, 1, 1, 1, 1, 1, 1, 1, 1, 2, 2, 2, 1, 1, 1, 1]",1,수사기관 사칭형,original
phishing_바로 이 목소리_90,"[2, 2, 2, 2, 2, 2, 2, 3, 3, 3, 3, 3, 2, 2, 2, 1, 1, 2, 2, 2, 3, 3, 3, 3]",1,수사기관 사칭형,original
phishing_바로 이 목소리_91,"[1, 1, 2, 2, 3, 3, 3, 2, 2, 2, 2, 1, 1, 1]",1,수사기관 사칭형,original
phishing_바로 이 목소리_92,"[2, 3, 3, 3, 2]",1,수사기관 사칭형,original
phishing_바로 이 목소리_93,"[2, 2]",1,수사기관 사칭형,original
phishing_바로 이 목소리_94,"[2, 3, 3, 3, 3, 3, 3, 2, 2, 2, 2, 2, 2, 3, 3, 3, 1, 1]",1,수사기관 사칭형,original
phishing_수사기관 사칭형_1,"[1, 1, 2, 2, 2, 2, 2, 3, 3, 3, 3, 1, 1, 1, 1, 1, 1, 1, 1, 1, 1, 1, 1, 1, 1, 1, 1, 1, 1, 1, 1, 1, 3, 3, 3, 3, 2, 2, 2, 1, 1, 1, 1, 1, 1, 1, 3, 3]",1,수사기관 사칭형,original
phishing_수사기관 사칭형_2,"[2, 2, 3, 3, 3, 3, 3, 3, 3, 3, 3, 3, 3, 2, 2, 2]",1,수사기관 사칭형,original
phishing_수사기관 사칭형_3,"[2, 2]",1,수사기관 사칭형,original
phishing_수사기관 사칭형_4,"[2, 2, 2, 2, 3, 3, 3, 3, 3, 3, 1, 2, 2, 2]",1,수사기관 사칭형,original
phishing_수사기관 사칭형_5,"[1, 3, 3, 3, 3, 3, 3, 3, 3, 3, 1]",1,수사기관 사칭형,original
phishing_수사기관 사칭형_6,"[2, 2, 2, 3, 3, 3, 3, 3, 1, 2, 3, 3, 3, 2, 2, 1, 2, 2, 3, 3, 1, 1, 1, 1, 1, 2, 2, 2, 2, 2, 2, 1, 1, 1]",1,수사기관 사칭형,original
phishing_수사기관 사칭형_7,"[3, 3, 3, 2, 2, 2, 3, 3, 3, 2, 1, 1, 2, 3, 3, 2, 2, 2, 3, 3, 3, 3, 3, 2, 2, 2, 2, 3, 3, 3, 2]",1,수사기관 사칭형,original
phishing_수사기관 사칭형_8,"[2, 2, 2, 2, 2, 3, 3, 3, 3, 3, 2, 2, 3, 3, 1, 1, 1, 1, 1, 1, 1, 1, 1, 1]",1,수사기관 사칭형,original
phishing_수사기관 사칭형_9,"[1, 1, 2, 2, 2, 2, 2, 2, 2, 2, 2, 2, 2, 2, 2, 2, 2, 2, 2, 2, 2, 1, 2, 2, 1, 1, 1, 1, 1, 1]",1,수사기관 사칭형,original
phishing_수사기관 사칭형_10,"[2, 2, 2, 2, 2, 2, 2, 2, 2, 2, 2, 2, 2, 2, 2, 2, 2, 2, 2, 2, 2, 2, 2, 2, 2, 2, 2, 2, 2, 1, 1, 2, 2, 2, 2, 2]",1,수사기관 사칭형,original
phishing_수사기관 사칭형_11,"[2, 2, 2, 2, 2, 2, 2, 2, 2, 2, 2, 2, 2, 3, 3, 3, 2, 2, 2, 2, 2, 2, 2, 1, 1, 1, 1]",1,수사기관 사칭형,original
phishing_수사기관 사칭형_12,"[2, 2, 2, 3, 3, 3, 3, 3, 2, 2, 2, 3, 3, 3, 3, 3, 3, 3, 2, 3, 3, 3, 2, 2, 3, 3, 3, 2, 2, 2, 2]",1,수사기관 사칭형,original
phishing_수사기관 사칭형_13,"[1, 1, 2, 2, 2, 1, 2, 2, 3, 3, 3, 2, 2, 1, 1, 1, 1, 1, 3, 3, 3, 1, 1, 1, 1, 1]",1,수사기관 사칭형,original
phishing_수사기관 사칭형_14,"[2, 2, 3, 3, 3, 3, 3, 2, 2, 3, 3, 3, 3, 1]",1,수사기관 사칭형,original
phishing_수사기관 사칭형_15,"[2, 2, 2, 2, 2, 3, 3, 3, 3, 3, 3, 1, 1, 3, 3, 3, 3, 2, 1, 1, 2, 2, 1, 1, 1, 1]",1,수사기관 사칭형,original
phishing_수사기관 사칭형_16,"[2, 2, 2, 2, 2, 2, 2, 2, 3, 3, 3, 3, 3, 3, 3, 3, 3, 1, 1, 2, 2, 2, 2, 3, 3, 3, 3, 3, 3, 3, 1, 1, 1, 2, 2, 3, 3, 3, 1, 1, 1]",1,수사기관 사칭형,original
phishing_수사기관 사칭형_17,"[2, 2, 2, 3, 3, 3, 2, 2, 2, 2, 2]",1,수사기관 사칭형,original
phishing_수사기관 사칭형_18,"[3, 3, 3, 3, 3, 2, 2, 2, 3, 3, 2, 1, 2, 2, 2, 2, 2, 2, 2, 2, 2, 2, 2, 2, 2, 1, 1, 1, 1]",1,수사기관 사칭형,original
phishing_수사기관 사칭형_19,"[2, 2, 2, 3, 3, 3, 3, 3, 3, 3]",1,수사기관 사칭형,original
phishing_수사기관 사칭형_20,"[2, 2, 2, 3, 3, 3, 3, 3, 3, 3, 3, 3, 3, 3, 3, 3, 1]",1,수사기관 사칭형,original
phishing_수사기관 사칭형_21,"[1, 1, 2, 2]",1,수사기관 사칭형,original
phishing_수사기관 사칭형_22,"[3, 3, 3, 3, 3, 2]",1,수사기관 사칭형,original
phishing_수사기관 사칭형_23,"[2, 2, 3, 3, 3, 3]",1,수사기관 사칭형,original
phishing_수사기관 사칭형_24,"[3, 3, 3]",1,수사기관 사칭형,original
phishing_수사기관 사칭형_25,"[1, 2, 2, 2, 2, 2, 2, 2, 3, 3, 3, 3, 2, 2, 2, 2, 2, 2, 2, 2, 2, 2, 1, 2, 2, 2, 2, 2, 2, 1, 2, 2, 2, 2, 2, 3, 3, 3, 3, 3, 3, 3, 3, 3, 2, 3, 3, 3, 3, 3, 3, 3, 3, 3, 3, 3, 2, 2, 3, 3, 3, 1, 1, 1, 1]",1,수사기관 사칭형,original
phishing_수사기관 사칭형_26,"[2, 2, 2, 3, 3, 3, 3, 3, 2, 3, 3, 3, 1, 2, 2, 2, 2, 1, 1, 1, 1, 1]",1,수사기관 사칭형,original
phishing_수사기관 사칭형_27,"[2, 2, 1, 1, 2, 2, 2, 2, 2, 3, 3, 3, 2, 3, 3, 2, 2]",1,수사기관 사칭형,original
phishing_수사기관 사칭형_28,"[3, 3, 3, 3, 3, 1, 1, 1, 1, 2, 2, 2, 1, 1, 2, 2, 2, 2, 2, 3, 3, 3, 3, 3, 3, 1, 1]",1,수사기관 사칭형,original
phishing_수사기관 사칭형_30,"[2, 3, 3, 3, 3, 3, 3, 1, 2, 2, 3, 3, 3, 3, 2, 2, 1, 1, 2, 2, 2, 2, 3, 3, 3, 3, 3, 1, 1, 1, 1, 1, 1, 2, 2, 1, 1, 2, 2, 2, 2, 1, 1]",1,수사기관 사칭형,original
phishing_수사기관 사칭형_31,"[1, 1, 3, 3, 1, 1, 1, 1, 1, 1, 2, 2, 2, 1, 2, 3, 3, 1, 1, 3, 3, 3, 3, 3, 3, 3, 3, 3, 3, 1, 1, 1, 1, 1, 1, 1, 1, 1, 2, 2, 3, 3, 3, 2, 3, 3, 1, 1, 1, 1, 1, 1]",1,수사기관 사칭형,original
phishing_수사기관 사칭형_32,"[1, 2, 2, 3, 3, 3, 3, 3, 1, 2, 2, 3, 3, 3, 3, 2, 2, 1, 1, 2, 2, 2, 1, 1, 1, 1, 1, 1, 1, 1, 1, 1]",1,수사기관 사칭형,original
phishing_수사기관 사칭형_35,"[2, 2, 3, 3, 3, 3, 3, 1, 3, 3, 3, 3]",1,수사기관 사칭형,original
phishing_수사기관 사칭형_36,"[2, 3, 3, 2, 3, 3, 3, 2, 2, 1, 1, 2, 2, 2, 2, 2, 3, 3, 3, 2]",1,수사기관 사칭형,original
phishing_수사기관 사칭형_37,"[2, 2, 2, 3, 3, 3, 3, 2]",1,수사기관 사칭형,original
phishing_수사기관 사칭형_38,"[2, 3, 3, 3, 3, 3, 3, 3, 3, 3, 3, 2]",1,수사기관 사칭형,original
phishing_수사기관 사칭형_40,"[3, 3, 3, 3, 2, 2, 3, 3, 3]",1,수사기관 사칭형,original
phishing_수사기관 사칭형_41,"[1, 1, 1, 1, 1, 1, 1, 1, 1, 1, 1, 1, 1, 1, 1, 1, 1, 1, 1, 1, 1, 1, 1, 1, 1, 1, 3, 3, 3, 3, 1, 1, 3, 3, 3, 1, 1, 1, 1, 1, 1, 1, 1, 1, 1, 1, 1, 1, 1, 1, 1, 1, 1]",1,수사기관 사칭형,original
phishing_수사기관 사칭형_42,"[2, 2, 2, 2, 2, 3, 3, 3, 3, 3, 3, 3, 3, 3, 2, 2, 2, 2, 1, 1, 1, 2, 2, 2, 1, 2, 2, 2, 2, 2, 2, 2, 3, 3, 3, 1, 1, 1, 1, 1]",1,수사기관 사칭형,original
phishing_수사기관 사칭형_43,"[2, 2, 2, 2, 2, 2, 2, 3, 3, 3, 2, 3, 3, 3, 3, 2, 2, 2, 2, 2, 2, 2, 1, 2, 2, 1, 2, 2, 2, 2, 3, 3, 3, 3, 2, 2, 2, 1, 1, 1, 1, 1, 1, 2, 2, 2, 1, 1]",1,수사기관 사칭형,original
phishing_수사기관 사칭형_44,"[3, 3, 2, 2]",1,수사기관 사칭형,original
phishing_수사기관 사칭형_45,"[1, 1, 1, 1, 3, 3, 3, 1]",1,수사기관 사칭형,original
phishing_수사기관 사칭형_46,"[2, 2, 2, 2, 2, 3, 3, 2, 2, 2, 2, 2, 2, 2, 1, 1, 1, 1]",1,수사기관 사칭형,original
phishing_수사기관 사칭형_48,"[1, 1]",1,수사기관 사칭형,original
phishing_수사기관 사칭형_49,[1],1,수사기관 사칭형,original
phishing_수사기관 사칭형_50,"[1, 1, 1, 1, 1, 1, 2, 2, 2, 1, 1, 2, 2, 2, 2, 2, 2]",1,수사기관 사칭형,original
phishing_수사기관 사칭형_51,"[1, 1, 2, 2, 2, 2, 3, 3, 3, 2]",1,수사기관 사칭형,original
phishing_수사기관 사칭형_52,"[2, 2, 2, 2, 2, 3, 3, 3, 2, 2, 3, 3, 3, 2, 2, 2, 1, 3, 3, 3, 3, 2, 2, 2, 2, 2, 3, 3, 1, 1, 1, 3, 3, 3, 3, 3, 1, 1, 1, 2, 2, 2, 1, 2, 2]",1,수사기관 사칭형,original
phishing_수사기관 사칭형_53,"[2, 2, 3, 3, 3]",1,수사기관 사칭형,original
phishing_수사기관 사칭형_54,"[2, 3, 3, 3, 3, 1, 2, 2, 2, 2, 2, 2, 2, 2, 2, 3, 3, 3, 1, 1, 1, 1, 1, 2, 2, 2, 2, 2, 3, 3, 2, 2, 2, 2, 2, 2, 2, 2, 2, 2, 2, 2, 2, 2, 2]",1,수사기관 사칭형,original
phishing_수사기관 사칭형_55,"[2, 2, 3, 3, 3, 2, 3, 3, 3, 3, 2, 2, 2, 2, 2, 1]",1,수사기관 사칭형,original
phishing_수사기관 사칭형_56,"[1, 3, 3, 3, 2, 2, 2, 1, 3, 3, 3, 3, 3, 3, 3, 2, 2, 2, 2, 2, 1, 1, 1, 1, 1, 1, 1, 1, 3, 3, 3, 2, 2, 2, 2, 2, 2, 2, 2, 2, 2, 2, 1]",1,수사기관 사칭형,original
phishing_수사기관 사칭형_57,"[2, 3, 3, 3, 3, 3, 1, 1, 3, 3, 3, 1, 1, 2, 2, 2, 2, 3, 3, 3, 2, 2, 1, 1, 1, 1, 1, 1, 1]",1,수사기관 사칭형,original
phishing_수사기관 사칭형_58,"[1, 2, 2, 2, 1, 3, 3, 3, 2, 3, 3, 3, 3, 3, 1, 1, 1, 1, 1, 1, 1, 1, 1, 3, 3, 3, 3, 3, 3, 3, 2, 2, 2, 2, 2, 2, 2, 2, 2, 2, 1, 2, 2, 1, 1, 1, 1, 1, 1, 1, 2, 2, 3, 3, 3, 2, 2, 2, 2, 2, 1, 1, 1, 2, 2]",1,수사기관 사칭형,original
phishing_수사기관 사칭형_59,"[1, 1, 2, 3, 3]",1,수사기관 사칭형,original
phishing_수사기관 사칭형_60,"[2, 3, 3, 3, 3, 1, 1, 1, 1, 1]",1,수사기관 사칭형,original
phishing_수사기관 사칭형_61,"[1, 2, 2]",1,수사기관 사칭형,original
phishing_수사기관 사칭형_62,"[2, 2, 2]",1,수사기관 사칭형,original
phishing_수사기관 사칭형_63,"[1, 1, 3, 3, 3, 1, 3, 3, 3, 2, 2, 1, 1, 1, 2, 2, 2, 2, 2, 2, 1, 1, 1, 1, 2, 2, 2]",1,수사기관 사칭형,original
phishing_수사기관 사칭형_64,"[1, 1, 1, 1, 1]",1,수사기관 사칭형,original
phishing_수사기관 사칭형_65,"[2, 2, 3, 3, 3, 3, 3, 3, 3, 3, 1, 3, 3, 3, 1, 1]",1,수사기관 사칭형,original
phishing_수사기관 사칭형_66,"[2, 2, 2, 2, 2, 2, 2, 2, 2, 2, 2, 2, 2, 2, 3, 3, 3, 3, 3, 3, 3, 3, 3, 2, 2, 2, 3, 3, 2, 2, 2, 2]",1,수사기관 사칭형,original
phishing_수사기관 사칭형_69,"[1, 1, 2, 2, 3, 3, 3, 2, 3, 3, 2, 2, 3, 3, 3, 2, 2, 2, 2, 2, 1, 2, 2, 2, 2, 2, 2, 2, 2, 2, 2, 2, 2, 2, 2, 2, 1, 2, 2, 2, 1, 1, 1]",1,수사기관 사칭형,original
phishing_수사기관 사칭형_70,"[2, 3, 3, 3]",1,수사기관 사칭형,original
phishing_수사기관 사칭형_71,"[2, 2, 3, 3]",1,수사기관 사칭형,original
phishing_수사기관 사칭형_72,"[3, 3, 3, 3, 2, 1]",1,수사기관 사칭형,original
phishing_수사기관 사칭형_73,"[2, 2, 2, 2, 2]",1,수사기관 사칭형,original
phishing_수사기관 사칭형_74,[1],1,수사기관 사칭형,original
phishing_수사기관 사칭형_76,"[3, 3, 3, 3, 3, 3, 3, 3, 2, 2, 1, 1]",1,수사기관 사칭형,original
phishing_수사기관 사칭형_77,"[2, 3, 3, 3, 3, 3, 2, 2, 2, 2, 2, 2, 2, 2, 2, 2]",1,수사기관 사칭형,original
phishing_수사기관 사칭형_78,"[2, 2, 2, 2, 2, 3, 3, 2, 2, 1, 2, 3, 3, 3, 3, 3, 3, 3, 2, 1, 1, 2, 2, 2, 1, 1, 1, 1, 3, 3, 3, 3, 2, 2, 1, 1, 1, 1, 1, 1, 3, 3, 3, 3, 3, 2, 3, 3, 3, 3, 3, 3, 1, 3, 3, 3, 2, 2, 1, 1, 1]",1,수사기관 사칭형,original
phishing_수사기관 사칭형_79,"[2, 2, 2, 2, 2, 3, 3, 3, 3, 3, 3, 3, 3, 3, 3, 2]",1,수사기관 사칭형,original
phishing_수사기관 사칭형_80,"[2, 2, 2, 2, 2, 3, 3, 3, 3, 2, 2, 3, 3, 3, 3, 2, 2, 2, 2, 2, 1, 1]",1,수사기관 사칭형,original
phishing_수사기관 사칭형_81,"[2, 2]",1,수사기관 사칭형,original
phishing_수사기관 사칭형_82,"[1, 1, 1, 3, 3, 3, 3, 3, 2, 2]",1,수사기관 사칭형,original
phishing_수사기관 사칭형_83,"[2, 2, 2, 2, 2, 2, 2, 2, 3, 3, 3, 3, 3, 3]",1,수사기관 사칭형,original
phishing_수사기관 사칭형_84,"[2, 2, 2, 3, 3, 3, 3, 3, 3, 3, 3, 2, 2, 3, 3, 3, 3]",1,수사기관 사칭형,original
phishing_수사기관 사칭형_85,"[1, 1, 3, 3, 3, 2, 2, 2, 3, 3, 3]",1,수사기관 사칭형,original
phishing_수사기관 사칭형_86,"[1, 2, 3, 3, 1, 2, 2, 1, 2, 2, 2, 3, 3, 3, 2, 2, 2, 2, 2, 1, 2, 2, 1, 1, 1, 2, 2, 2, 2, 2, 2, 2, 1, 1, 1, 1, 1, 3, 3, 3, 1]",1,수사기관 사칭형,original
phishing_수사기관 사칭형_87,"[1, 2, 2, 2, 2, 3, 3, 3, 1, 1, 1, 2, 2, 2, 1, 1, 1, 1, 1, 1, 1, 2, 2]",1,수사기관 사칭형,original
phishing_수사기관 사칭형_89,"[2, 2, 2, 2]",1,수사기관 사칭형,original
phishing_수사기관 사칭형_90,"[2, 2, 3, 3, 3, 2, 2]",1,수사기관 사칭형,original
phishing_수사기관 사칭형_91,"[2, 2, 3, 3, 2, 2, 2]",1,수사기관 사칭형,original
phishing_수사기관 사칭형_92,"[2, 2, 2, 2, 2, 2, 3, 3, 3, 3, 2, 2, 2, 1]",1,수사기관 사칭형,original
phishing_수사기관 사칭형_93,"[2, 2, 2, 2, 2, 2, 1, 3, 3, 3, 3, 3, 1, 1, 3, 3, 3, 3, 1, 1, 1, 1, 1, 1, 1, 1, 1, 1, 1, 1, 1, 1, 1, 1, 1, 1, 1, 1]",1,수사기관 사칭형,original
phishing_수사기관 사칭형_94,"[3, 3, 3]",1,수사기관 사칭형,original
phishing_수사기관 사칭형_95,"[1, 1, 2, 2, 2, 2, 2, 2, 2, 2, 2, 3, 3, 3, 3, 3, 2, 1, 1, 1, 1, 3, 3, 3, 2, 3, 3, 3, 1, 1, 1, 1, 1, 1, 1, 2, 2, 2, 3, 3, 3, 1, 2, 2, 2, 2, 2, 1, 1, 1, 1]",1,수사기관 사칭형,original
phishing_수사기관 사칭형_97,"[2, 3, 3, 2, 2, 2]",1,수사기관 사칭형,original
phishing_수사기관 사칭형_98,"[2, 2, 2, 3, 3, 3, 2, 2, 2, 2, 2, 2, 2, 1, 1]",1,수사기관 사칭형,original
phishing_수사기관 사칭형_99,"[2, 2, 1, 2, 2, 2, 1, 2, 2, 3, 3, 3, 1, 1, 1, 1, 3, 3, 2, 2, 2, 2, 2]",1,수사기관 사칭형,original
phishing_수사기관 사칭형_100,"[1, 1]",1,수사기관 사칭형,original
phishing_수사기관 사칭형_101,"[3, 3, 3, 1, 1, 2, 2, 2, 2, 1, 2, 2, 2, 2, 2, 3, 3, 3, 3, 2, 2, 2, 2, 1, 1, 1, 1, 1, 1, 1, 1, 1, 1, 1, 1, 1, 1, 2, 3, 3, 3, 3, 3, 3, 3, 2, 2, 2, 1, 1, 2, 2, 3]",1,수사기관 사칭형,original
phishing_수사기관 사칭형_102,"[2, 2, 2, 2, 1, 2, 2, 2, 2, 2, 2, 2, 2, 3, 3, 3, 3, 2, 2, 1, 1, 2, 2, 1, 2, 2, 2, 2, 2, 2, 1]",1,수사기관 사칭형,original
phishing_수사기관 사칭형_103,"[1, 2, 2, 2, 2, 2, 2, 1]",1,수사기관 사칭형,original
phishing_수사기관 사칭형_104,"[3, 3, 2, 1, 1]",1,수사기관 사칭형,original
phishing_수사기관 사칭형_105,"[3, 3, 3, 3, 2, 2]",1,수사기관 사칭형,original
phishing_수사기관 사칭형_106,"[2, 2, 2, 3, 3, 3, 2]",1,수사기관 사칭형,original
phishing_수사기관 사칭형_107,"[2, 3, 3]",1,수사기관 사칭형,original
phishing_수사기관 사칭형_108,"[2, 2, 2, 2]",1,수사기관 사칭형,original
phishing_수사기관 사칭형_110,"[1, 1, 1]",1,수사기관 사칭형,original
phishing_수사기관 사칭형_111,"[2, 2, 2, 2, 2, 2, 2, 2]",1,수사기관 사칭형,original
phishing_수사기관 사칭형_112,"[2, 2]",1,수사기관 사칭형,original
phishing_수사기관 사칭형_113,"[3, 3]",1,수사기관 사칭형,original
phishing_수사기관 사칭형_114,"[1, 2, 2, 3, 3, 3, 3, 3, 3, 2, 3, 3, 3, 3, 3, 3, 2, 2, 1, 2, 2, 2, 1, 1, 1, 1, 1]",1,수사기관 사칭형,original
phishing_수사기관 사칭형_115,[2],1,수사기관 사칭형,original
phishing_수사기관 사칭형_116,"[2, 3, 3, 3, 2, 2, 2]",1,수사기관 사칭형,original
phishing_수사기관 사칭형_117,"[2, 2, 2, 2, 2, 2, 1, 1, 1, 1, 2, 2, 2, 1, 1, 1, 1, 1, 3, 3, 3, 3, 3, 2, 2, 2, 2, 2, 2, 1, 1, 1, 1, 3, 3, 3, 1, 1, 2, 2, 2]",1,수사기관 사칭형,original
phishing_수사기관 사칭형_118,"[2, 2, 2, 2, 3, 3, 3, 3, 3, 2, 3, 3, 3, 2, 2, 2, 1, 1, 1, 1, 1, 2, 3, 3, 3, 3, 3, 3, 3, 3, 2, 2, 2, 2, 2, 3, 3, 3, 3, 2, 2, 2, 1, 1, 1, 1, 1, 1, 1, 1, 1, 1, 1, 1, 1, 1, 1, 1, 1, 1, 3, 3, 3, 1, 1, 1]",1,수사기관 사칭형,original
phishing_수사기관 사칭형_119,"[1, 2, 2, 2, 3, 3, 3, 3]",1,수사기관 사칭형,original
phishing_수사기관 사칭형_120,"[1, 2, 2, 2, 2, 2, 2, 2, 2, 1]",1,수사기관 사칭형,original
phishing_수사기관 사칭형_121,"[1, 1, 1, 1, 1, 2, 2, 2, 2, 2, 2, 2, 3, 3, 3, 1, 1, 1, 1, 1, 1, 1, 1, 1, 1, 1, 3, 3, 3, 1, 1, 1, 1, 1, 1, 1, 2, 2]",1,수사기관 사칭형,original
phishing_수사기관 사칭형_122,"[1, 3, 3, 3, 2, 2, 2, 2, 2, 1, 3, 3, 2, 2, 2, 2, 3, 3, 3, 3, 3, 1, 1, 1, 1, 1, 1, 3, 3, 3, 3, 2, 1, 2, 2, 2, 2, 2, 2, 3, 3, 3, 3, 3, 3, 3, 2, 2, 1, 1, 1, 1, 1, 1, 1, 1, 1, 1, 1, 1]",1,수사기관 사칭형,original
phishing_수사기관 사칭형_123,"[1, 2, 2, 2, 2, 3, 3, 3, 3, 3, 3, 3, 2, 2]",1,수사기관 사칭형,original
phishing_수사기관 사칭형_124,"[2, 2, 2, 2, 2, 2, 2, 2, 2, 3, 3, 3, 3, 3, 3, 3, 3, 1, 2, 3, 3, 3, 2, 2, 2, 2, 1, 2, 2, 2, 2, 2, 2, 2, 2, 2, 2, 2, 1, 2, 2, 2, 1, 1, 1, 1]",1,수사기관 사칭형,original
phishing_수사기관 사칭형_125,"[2, 2, 1, 1, 1, 2, 2, 2, 2, 2, 2, 2, 2, 2, 1, 1, 1, 1, 2, 2, 2, 2, 2, 1, 1, 1, 1, 1, 1, 1, 1]",1,수사기관 사칭형,original
phishing_수사기관 사칭형_126,"[1, 1, 1, 1, 1, 1, 1, 1, 1, 1, 1, 2, 2, 2, 2, 2, 2, 1, 1, 1, 1, 1, 1, 1, 1, 1, 1, 1, 1, 1, 1, 1, 1, 3, 3, 2]",1,수사기관 사칭형,original
phishing_수사기관 사칭형_127,"[3, 2, 2]",1,수사기관 사칭형,original
phishing_수사기관 사칭형_134,"[3, 3, 3, 1, 1, 1, 2, 3, 3, 3, 1, 1, 2, 3, 3, 3, 3, 1, 1, 1, 1, 3, 3, 3, 3, 3, 3, 3, 2, 1, 1, 1, 2, 2, 2, 1, 1, 1, 1, 1, 1, 1, 1, 1, 1, 1, 2, 2, 1, 1, 1, 1, 1, 1, 1, 1, 1, 1, 1]",1,수사기관 사칭형,original
phishing_수사기관 사칭형_138,"[2, 2, 3, 3, 3, 2, 2, 2]",1,수사기관 사칭형,original
phishing_수사기관 사칭형_140,"[2, 2, 1, 1, 2, 3, 3, 3, 3, 3, 3, 2, 2, 2, 2, 2, 2, 2, 2, 2, 2, 3, 3, 3, 2, 2, 1, 1, 1, 2, 2, 1, 1, 1, 1, 2, 2, 2, 2, 2, 2, 2, 2, 2, 2, 2, 2, 1, 1]",1,수사기관 사칭형,original
phishing_수사기관 사칭형_141,"[2, 2, 2, 1, 2, 2, 2, 2, 2, 2, 2, 2, 2]",1,수사기관 사칭형,original
phishing_수사기관 사칭형_142,"[2, 2, 2, 2, 2, 2, 2, 2, 2, 1, 2, 2, 2, 2, 2, 2, 2, 3, 3, 3, 2, 1, 1, 1, 3, 3, 3, 3, 3, 2, 2, 2, 2, 2, 1, 1, 1, 1, 1, 1, 2, 2, 2]",1,수사기관 사칭형,original
phishing_수사기관 사칭형_143,"[3, 3, 3, 3]",1,수사기관 사칭형,original
phishing_수사기관 사칭형_144,"[3, 3, 3, 3, 3, 3, 3, 2]",1,수사기관 사칭형,original
phishing_수사기관 사칭형_145,"[2, 2, 3, 3, 1, 2, 2, 3, 3, 3, 1, 2, 2, 2, 2, 2, 3]",1,수사기관 사칭형,original
phishing_수사기관 사칭형_146,"[2, 2, 2]",1,수사기관 사칭형,original
phishing_수사기관 사칭형_147,"[2, 1, 2, 3, 3, 2, 2, 2, 2, 2, 2, 2, 2, 2, 2, 2]",1,수사기관 사칭형,original
phishing_수사기관 사칭형_148,"[2, 2, 2, 2, 2, 2, 2, 2, 2, 2, 2, 2, 2, 2, 2, 2, 2, 2, 3, 3, 3, 3, 3, 2, 2, 2, 2, 3, 3, 3, 2, 2, 2, 2, 2]",1,수사기관 사칭형,original
phishing_수사기관 사칭형_149,"[1, 2, 2, 2, 2, 2, 1, 1, 2, 2, 2, 2, 2, 2, 2, 2, 2, 2, 1, 1, 1, 2, 2, 2, 2, 1, 1, 1, 1, 1, 1, 2, 2, 2, 2]",1,수사기관 사칭형,original
phishing_수사기관 사칭형_150,"[2, 2, 2, 2, 2, 3, 3, 3, 3, 3, 3, 3, 2, 2, 1, 3, 3, 2, 2, 1, 1]",1,수사기관 사칭형,original
phishing_수사기관 사칭형_151,"[2, 2, 3, 3, 3, 3, 2, 2, 2, 2, 2]",1,수사기관 사칭형,original
phishing_수사기관 사칭형_152,"[1, 2, 2, 2, 3, 3, 3, 3, 2, 2]",1,수사기관 사칭형,original
phishing_수사기관 사칭형_153,"[1, 1, 3, 3, 3, 3, 2, 3, 3, 3, 1, 1, 1, 1, 2, 2, 2, 1, 1, 1, 1, 1, 1, 2, 2, 2, 2, 2, 2, 2, 2]",1,수사기관 사칭형,original
phishing_수사기관 사칭형_154,"[3, 3, 3, 3, 3, 3, 3, 2, 2, 2, 2, 2, 2, 2, 2, 2, 2, 2, 2, 2, 2, 2, 2, 2, 2, 2, 2, 2, 2, 2, 1, 1, 1, 3, 3, 3, 1, 1, 1, 1, 1, 1]",1,수사기관 사칭형,original
phishing_수사기관 사칭형_155,"[3, 3, 3, 3, 3, 3, 2, 2]",1,수사기관 사칭형,original
phishing_수사기관 사칭형_156,"[1, 1, 1, 1, 1, 1, 1, 1, 1, 1, 1, 3, 3, 3, 3, 3, 1, 2, 2, 2, 3, 3, 3, 1, 1, 2, 2, 2, 1, 1, 1, 1, 1, 1, 1, 1, 1]",1,수사기관 사칭형,original
phishing_수사기관 사칭형_157,"[3, 3, 3, 3, 2, 2, 2, 3, 3, 3, 2, 2, 2, 2, 2, 2, 2, 3, 3, 3, 3, 3, 3, 3, 1, 2, 2, 1, 1, 2, 2, 2, 1, 1, 2, 2, 2, 2, 2, 2, 2, 2, 2, 2, 2, 2, 2, 1, 1]",1,수사기관 사칭형,original
phishing_수사기관 사칭형_158,"[1, 1, 3, 3, 3, 3, 2, 2, 2, 2, 2, 2, 2, 2, 1]",1,수사기관 사칭형,original
phishing_수사기관 사칭형_159,"[3, 3, 2, 2, 2, 2, 3, 3, 3, 3, 3, 2, 2, 2, 2, 2, 2, 1, 2, 3, 3, 3, 3, 2, 1, 2, 2, 2, 2, 2, 2, 2, 1, 2, 3, 3]",1,수사기관 사칭형,original
phishing_수사기관 사칭형_160,"[2, 2, 2, 2, 2, 2, 3, 3, 3, 1, 2, 2, 2, 2, 2, 3, 3, 3, 1, 1, 2, 2, 2]",1,수사기관 사칭형,original
phishing_수사기관 사칭형_161,"[2, 2, 3, 3, 3, 3, 2, 2, 3, 3, 3, 2, 2, 2, 2, 2, 2, 1, 1, 2, 2, 2, 2, 2, 1, 2, 2, 2, 2, 2, 2, 1]",1,수사기관 사칭형,original
phishing_수사기관 사칭형_162,"[1, 2, 2, 2, 2, 2, 2, 2, 2, 3, 3, 3, 3, 3, 3, 3, 3, 3, 2, 2, 3, 3, 3, 2, 2, 2, 2, 2, 1]",1,수사기관 사칭형,original
phishing_수사기관 사칭형_163,"[3, 3, 3, 3, 3, 3, 3, 3, 2, 1]",1,수사기관 사칭형,original
phishing_수사기관 사칭형_164,"[2, 2, 2, 2, 3, 3, 3, 2]",1,수사기관 사칭형,original
phishing_수사기관 사칭형_165,"[3, 2, 2, 2]",1,수사기관 사칭형,original
phishing_수사기관 사칭형_166,"[3, 2, 3, 3, 3, 3, 3, 2, 2, 3, 3, 3, 3, 2, 2, 2, 2, 2, 2, 2]",1,수사기관 사칭형,original
phishing_수사기관 사칭형_167,"[3, 3, 3, 3, 3, 3, 3, 3, 3, 3, 3, 2, 1, 1, 1, 1]",1,수사기관 사칭형,original
phishing_수사기관 사칭형_168,"[2, 3, 3, 3, 3, 2, 2, 2, 2, 2, 2, 2, 1, 2, 3, 3, 3, 3, 2, 2, 1, 2, 2, 2, 2, 3, 3, 3, 3, 1, 1, 2, 3, 3, 3, 3, 2, 1, 2, 2, 2, 2]",1,수사기관 사칭형,original
phishing_수사기관 사칭형_169,"[1, 1, 2, 2, 2, 2, 1, 1, 2, 2, 2, 2, 2, 2, 2, 2, 2, 2, 2, 2, 2, 2, 1, 1, 2, 2]",1,수사기관 사칭형,original
phishing_수사기관 사칭형_170,"[1, 3]",1,수사기관 사칭형,original
phishing_수사기관 사칭형_171,"[2, 2, 2]",1,수사기관 사칭형,original
phishing_수사기관 사칭형_173,"[2, 2, 2, 2, 1, 1, 2, 2, 2, 2, 2, 2, 3, 3, 3, 3, 3, 3, 3, 3, 3, 3, 2, 2, 2, 3, 3, 3, 3, 3, 3, 3, 3, 2, 2, 2, 2, 2, 2, 3, 3]",1,수사기관 사칭형,original
phishing_수사기관 사칭형_174,"[2, 2, 2, 2, 2, 2, 3, 3, 2, 2, 2, 2, 1, 1, 1, 2, 2, 2, 2, 2, 2, 2, 2]",1,수사기관 사칭형,original
phishing_수사기관 사칭형_175,"[2, 2, 2, 2, 2, 2, 2, 3, 3, 3, 3, 2]",1,수사기관 사칭형,original
phishing_수사기관 사칭형_176,"[1, 2, 2, 2, 2, 2]",1,수사기관 사칭형,original
phishing_수사기관 사칭형_177,[2],1,수사기관 사칭형,original
phishing_수사기관 사칭형_178,[1],1,수사기관 사칭형,original
phishing_수사기관 사칭형_179,"[2, 2]",1,수사기관 사칭형,original
phishing_수사기관 사칭형_180,"[1, 1, 1, 3, 3, 3, 1, 1, 1, 1, 1, 1]",1,수사기관 사칭형,original
phishing_수사기관 사칭형_181,"[2, 2, 2, 2, 1, 2, 2, 2, 2, 2, 2, 2, 2, 2]",1,수사기관 사칭형,original
phishing_수사기관 사칭형_182,"[1, 1, 2, 2, 2, 2, 3, 3, 3, 2]",1,수사기관 사칭형,original
phishing_수사기관 사칭형_183,"[1, 2, 2, 2, 2, 2, 2, 2, 3, 3, 3, 1, 3, 3, 1, 1, 1, 3, 3, 3, 3, 2, 2, 2, 1, 1, 2, 2, 2, 2, 1, 2, 2, 2, 2, 2, 2, 2, 1, 1]",1,수사기관 사칭형,original
phishing_수사기관 사칭형_184,[2],1,수사기관 사칭형,original
phishing_수사기관 사칭형_185,"[2, 2, 2, 3, 3, 3, 2, 2, 3, 3, 3]",1,수사기관 사칭형,original
phishing_수사기관 사칭형_186,"[2, 2, 3, 3, 3, 3, 3, 3, 3, 3, 3, 2, 2, 3, 3]",1,수사기관 사칭형,original
phishing_수사기관 사칭형_196,"[1, 3, 3, 3, 2, 2, 2, 1, 1, 1, 1, 1, 1, 2, 2, 1, 1, 2, 2, 2, 1, 1, 1, 2, 2, 2]",1,수사기관 사칭형,original
phishing_수사기관 사칭형_197,"[1, 1, 3, 3, 3]",1,수사기관 사칭형,original
phishing_수사기관 사칭형_198,[1],1,수사기관 사칭형,original
phishing_수사기관 사칭형_199,"[1, 1]",1,수사기관 사칭형,original
phishing_수사기관 사칭형_200,"[1, 2, 2]",1,수사기관 사칭형,original
phishing_수사기관 사칭형_201,"[1, 1]",1,수사기관 사칭형,original
phishing_수사기관 사칭형_202,"[1, 1, 1]",1,수사기관 사칭형,original
phishing_수사기관 사칭형_203,"[1, 1, 1]",1,수사기관 사칭형,original
phishing_수사기관 사칭형_204,"[1, 1, 2, 2, 2, 2, 2, 2, 2, 2, 2, 2, 2, 2, 2, 2, 2, 2, 3, 3, 3, 2, 2, 3, 3, 3, 3, 2, 2, 2, 3, 3, 3, 2, 2, 2, 2, 2, 2, 2, 1, 1, 2, 3, 3, 3, 2, 2, 2, 3, 3, 3, 2, 2, 2, 1, 3, 3, 3, 3, 3, 2, 2, 2, 2, 3, 3]",1,수사기관 사칭형,original
phishing_수사기관 사칭형_205,"[2, 2, 2, 2, 2, 2, 2, 2, 3, 3, 3, 1, 2, 3, 3, 3, 3, 2, 2, 2, 2, 2, 1, 1, 1, 1, 2, 2, 2, 2, 2, 2, 2, 1, 1, 2, 2, 1, 1, 1, 1, 1, 1, 1, 2, 2, 2, 2, 2, 2, 2, 2, 2, 1, 1, 2, 2, 1, 1, 1, 1, 3, 3, 3, 3, 2, 3, 3, 3, 3]",1,수사기관 사칭형,original
phishing_수사기관 사칭형_206,"[2, 2, 2, 2, 2, 2, 2, 2, 2, 2, 2, 2, 2, 2, 2, 2, 2]",1,수사기관 사칭형,original
phishing_수사기관 사칭형_207,"[2, 2, 2, 3, 3, 3, 2, 2, 2, 2, 2, 2, 2, 3, 3, 3, 3, 2, 2, 2, 1, 1, 1, 3, 3, 3, 3, 2, 2, 2]",1,수사기관 사칭형,original
phishing_수사기관 사칭형_210,"[2, 2, 2, 2, 2, 2, 2, 1, 3, 3]",1,수사기관 사칭형,original
phishing_수사기관 사칭형_211,"[2, 2, 1, 2, 2, 2, 2, 2, 2, 2, 2, 2, 2, 2, 2, 3, 3, 3, 1, 1]",1,수사기관 사칭형,original
phishing_수사기관 사칭형_213,"[2, 2, 2, 2, 2, 2, 2, 2, 2, 2, 2, 2, 1, 1]",1,수사기관 사칭형,original
phishing_수사기관 사칭형_214,"[2, 2, 2, 2, 2, 2, 2, 2, 2, 2, 2, 2, 2, 3, 3, 2, 2, 2, 2, 2, 2, 2, 2, 2, 2, 1, 1, 2, 2, 1, 2, 2, 3, 3, 2, 1]",1,수사기관 사칭형,original
phishing_수사기관 사칭형_222,"[1, 1, 1, 2, 3, 3, 3, 2, 2, 2, 2, 2, 2, 2, 2, 2, 1, 1, 1, 1, 1, 2, 2, 2, 2, 2, 2, 1, 1, 1, 1, 1, 3, 3, 3, 2, 2, 2, 2, 2, 1, 3, 3, 3, 1]",1,수사기관 사칭형,original
phishing_수사기관 사칭형_224,"[2, 2, 2]",1,수사기관 사칭형,original
phishing_수사기관 사칭형_225,"[2, 3, 3, 2, 2]",1,수사기관 사칭형,original
phishing_수사기관 사칭형_226,"[3, 3, 3, 2, 2, 2, 2, 2, 3, 3, 3, 3, 1]",1,수사기관 사칭형,original
phishing_수사기관 사칭형_227,"[1, 1, 2, 2]",1,수사기관 사칭형,original
phishing_수사기관 사칭형_218-1,"[2, 2, 2, 2, 2, 2, 2, 2, 2, 2, 2, 2, 2, 2, 2, 2, 2, 1, 2, 2, 2, 2, 2, 2, 1, 1]",1,수사기관 사칭형,original
phishing_수사기관 사칭형_218-2,"[1, 3, 3, 3, 2, 2, 3, 3, 3, 3, 3, 3, 3, 3, 2, 1, 1]",1,수사기관 사칭형,original
phishing_수사기관 사칭형_219-1,"[2, 2, 2, 2, 1, 1, 1]",1,수사기관 사칭형,original
phishing_수사기관 사칭형_219-2,"[2, 3, 3, 3, 3, 2, 2, 2, 2, 2, 2, 2, 2, 2, 2, 2, 1, 1]",1,수사기관 사칭형,original
phishing_수사기관 사칭형_219-3,"[1, 1, 3, 3, 1, 1, 1, 1]",1,수사기관 사칭형,original
phishing_수사기관 사칭형_220-1,"[2, 2, 3, 3, 3, 2, 2]",1,수사기관 사칭형,original
phishing_수사기관 사칭형_220-2,"[1, 1, 2, 3, 3, 3, 2, 3, 3, 3, 1]",1,수사기관 사칭형,original
phishing_수사기관 사칭형_220-3,"[2, 2, 2, 2, 2]",1,수사기관 사칭형,original
phishing_수사기관 사칭형_221-1,"[3, 2, 2, 2, 2]",1,수사기관 사칭형,original
phishing_수사기관 사칭형_221-2,"[2, 2, 2, 2]",1,수사기관 사칭형,original
phishing_수사기관 사칭형_221-3,"[2, 2, 2, 3, 3, 2]",1,수사기관 사칭형,original
phishing_수사기관 사칭형_221-4,"[2, 2, 2]",1,수사기관 사칭형,original
aug_수사기관 사칭형_0001,"[3, 3, 3, 3, 3, 3, 3, 3, 3, 3, 3, 3, 3, 3, 3]",1,수사기관 사칭형,augmented_llm
aug_수사기관 사칭형_0002,"[3, 3, 3, 3, 3, 3, 3, 3, 3, 3, 3, 3, 2, 2]",1,수사기관 사칭형,augmented_llm
aug_수사기관 사칭형_0003,"[3, 3, 3, 3, 3, 3, 3, 2, 3, 3, 3]",1,수사기관 사칭형,augmented_llm
aug_수사기관 사칭형_0004,"[3, 3, 3, 3, 3, 3, 3, 3, 3, 3, 3]",1,수사기관 사칭형,augmented_llm
aug_수사기관 사칭형_0005,"[3, 3, 3, 3, 2, 2, 3, 3, 3, 3, 2]",1,수사기관 사칭형,augmented_llm
aug_수사기관 사칭형_0006,"[3, 3, 3, 3, 3, 3, 3, 2, 2, 2, 3, 3, 2]",1,수사기관 사칭형,augmented_llm
aug_수사기관 사칭형_0007,"[3, 3, 2, 3, 3, 3, 2, 1, 3, 3, 2, 2]",1,수사기관 사칭형,augmented_llm
aug_수사기관 사칭형_0008,"[3, 3, 3, 3, 3, 3, 3, 2, 3, 3]",1,수사기관 사칭형,augmented_llm
aug_수사기관 사칭형_0009,"[3, 3, 3, 2, 2, 3, 3, 2, 2, 2]",1,수사기관 사칭형,augmented_llm
aug_수사기관 사칭형_0010,"[3, 3, 3, 3, 3, 3, 3, 3, 3, 3]",1,수사기관 사칭형,augmented_llm
aug_수사기관 사칭형_0011,"[3, 3, 3, 3, 3, 3, 3, 3, 3]",1,수사기관 사칭형,augmented_llm
aug_수사기관 사칭형_0012,"[2, 3, 3, 3, 2, 3, 3, 3, 3]",1,수사기관 사칭형,augmented_llm
aug_수사기관 사칭형_0013,"[3, 3, 2, 3, 3, 3, 3, 3]",1,수사기관 사칭형,augmented_llm
aug_수사기관 사칭형_0014,"[2, 2, 3, 3, 2, 3, 3, 3]",1,수사기관 사칭형,augmented_llm
aug_수사기관 사칭형_0015,"[3, 3, 2, 2, 2, 3, 3]",1,수사기관 사칭형,augmented_llm
aug_수사기관 사칭형_0016,"[3, 3, 3, 3, 3, 3, 3, 3, 3, 3, 3, 3]",1,수사기관 사칭형,augmented_llm
aug_수사기관 사칭형_0017,"[3, 3, 3, 3, 3, 3, 3, 3, 3, 2, 3]",1,수사기관 사칭형,augmented_llm
aug_수사기관 사칭형_0018,"[3, 3, 3, 3, 2, 2, 3, 3, 3, 3, 3]",1,수사기관 사칭형,augmented_llm
aug_수사기관 사칭형_0019,"[3, 3, 3, 3, 3, 3, 3, 3, 2, 2, 3, 3]",1,수사기관 사칭형,augmented_llm
aug_수사기관 사칭형_0020,"[3, 3, 2, 3, 3, 3, 3, 2, 3, 3]",1,수사기관 사칭형,augmented_llm
aug_수사기관 사칭형_0021,"[3, 3, 3, 3, 3, 3, 3, 3, 2, 2, 2, 3]",1,수사기관 사칭형,augmented_llm
aug_수사기관 사칭형_0022,"[3, 3, 3, 3, 3, 3, 3, 2, 2, 3]",1,수사기관 사칭형,augmented_llm
aug_수사기관 사칭형_0023,"[3, 3, 3, 3, 3, 3, 3, 3, 3, 2]",1,수사기관 사칭형,augmented_llm
aug_수사기관 사칭형_0024,"[3, 3, 3, 3, 2, 3, 3, 3, 3, 2]",1,수사기관 사칭형,augmented_llm
aug_수사기관 사칭형_0025,"[3, 3, 3, 3, 2, 2, 2, 3, 3]",1,수사기관 사칭형,augmented_llm
aug_수사기관 사칭형_0026,"[3, 3, 3, 3, 3, 3, 3, 3, 3, 3, 3, 3, 2, 2, 3, 3]",1,수사기관 사칭형,augmented_llm
aug_수사기관 사칭형_0027,"[3, 3, 3, 3, 3, 3, 3, 3, 2, 3, 3]",1,수사기관 사칭형,augmented_llm
aug_수사기관 사칭형_0028,"[3, 3, 3, 3, 3, 3, 3, 3, 3, 3, 3]",1,수사기관 사칭형,augmented_llm
aug_수사기관 사칭형_0029,"[3, 3, 3, 3, 3, 2, 3, 3, 3, 3]",1,수사기관 사칭형,augmented_llm
aug_수사기관 사칭형_0030,"[3, 3, 3, 3, 2, 2, 2, 3, 3, 3]",1,수사기관 사칭형,augmented_llm
aug_수사기관 사칭형_0031,"[2, 3, 3, 3, 3, 3, 3, 3, 2, 2, 2]",1,수사기관 사칭형,augmented_llm
aug_수사기관 사칭형_0032,"[3, 3, 3, 3, 3, 3, 3, 3, 3, 3]",1,수사기관 사칭형,augmented_llm
aug_수사기관 사칭형_0033,"[2, 2, 3, 3, 2, 2, 2, 3, 3, 3]",1,수사기관 사칭형,augmented_llm
aug_수사기관 사칭형_0034,"[3, 3, 3, 3, 3, 3, 3, 3]",1,수사기관 사칭형,augmented_llm
aug_수사기관 사칭형_0035,"[3, 3, 3, 3, 3, 2, 3, 3]",1,수사기관 사칭형,augmented_llm
aug_수사기관 사칭형_0036,"[3, 3, 3, 3, 3, 3, 3, 3, 3, 3, 3]",1,수사기관 사칭형,augmented_llm
aug_수사기관 사칭형_0037,"[2, 3, 3, 3, 2, 2, 2, 3, 3, 3, 3, 3]",1,수사기관 사칭형,augmented_llm
aug_수사기관 사칭형_0038,"[3, 3, 3, 3, 3, 3, 2, 3, 3, 3]",1,수사기관 사칭형,augmented_llm
aug_수사기관 사칭형_0039,"[3, 3, 3, 3, 3, 2, 3, 3, 3, 3, 3]",1,수사기관 사칭형,augmented_llm
aug_수사기관 사칭형_0040,"[3, 3, 2, 3, 3, 3, 3, 3, 3, 3]",1,수사기관 사칭형,augmented_llm
aug_수사기관 사칭형_0041,"[3, 3, 3, 2, 3, 3, 3, 3, 2, 2, 2, 3]",1,수사기관 사칭형,augmented_llm
aug_수사기관 사칭형_0042,"[3, 3, 3, 3, 3, 3, 2, 2, 2, 2]",1,수사기관 사칭형,augmented_llm
aug_수사기관 사칭형_0043,"[2, 3, 3, 3, 3, 3, 3, 3, 3, 3, 1]",1,수사기관 사칭형,augmented_llm
aug_수사기관 사칭형_0044,"[3, 3, 3, 3, 2, 3, 3, 3, 2, 2]",1,수사기관 사칭형,augmented_llm
aug_수사기관 사칭형_0045,"[2, 3, 3, 3, 3, 3, 3, 3, 3, 2]",1,수사기관 사칭형,augmented_llm
aug_수사기관 사칭형_0046,"[2, 3, 3, 3, 3, 3, 2, 2, 2, 3, 3, 3, 3]",1,수사기관 사칭형,augmented_llm
aug_수사기관 사칭형_0047,"[3, 3, 3, 3, 3, 3, 2, 3, 3, 3, 3]",1,수사기관 사칭형,augmented_llm
aug_수사기관 사칭형_0048,"[3, 3, 3, 3, 3, 2, 2, 2, 3]",1,수사기관 사칭형,augmented_llm
aug_수사기관 사칭형_0049,"[3, 3, 3, 2, 3, 3, 2, 3, 3, 3]",1,수사기관 사칭형,augmented_llm
aug_수사기관 사칭형_0050,"[2, 3, 3, 3, 3, 2, 3, 3, 3]",1,수사기관 사칭형,augmented_llm
aug_수사기관 사칭형_0051,"[3, 3, 3, 3, 3, 2, 3, 3, 3, 3, 3, 2, 2]",1,수사기관 사칭형,augmented_llm
aug_수사기관 사칭형_0052,"[3, 3, 3, 3, 3, 3, 3, 3, 3, 3, 3]",1,수사기관 사칭형,augmented_llm
aug_수사기관 사칭형_0053,"[3, 3, 3, 2, 3, 3, 3, 2, 3, 3, 3]",1,수사기관 사칭형,augmented_llm
aug_수사기관 사칭형_0054,"[3, 3, 3, 3, 3, 3, 3, 3, 3, 3, 3]",1,수사기관 사칭형,augmented_llm
aug_수사기관 사칭형_0055,"[2, 2, 2, 2, 2, 2, 2, 3, 3]",1,수사기관 사칭형,augmented_llm
aug_수사기관 사칭형_0056,"[3, 3, 3, 3, 3, 3, 3, 3, 3, 3, 3, 3, 3, 3, 3]",1,수사기관 사칭형,augmented_llm
aug_수사기관 사칭형_0057,"[2, 3, 3, 2, 3, 3, 3, 3, 3, 2, 3, 3, 3]",1,수사기관 사칭형,augmented_llm
aug_수사기관 사칭형_0058,"[2, 3, 3, 3, 3, 3, 2, 3, 3, 3, 3, 3]",1,수사기관 사칭형,augmented_llm
aug_수사기관 사칭형_0059,"[3, 3, 3, 3, 3, 3, 3, 3, 3, 3, 3, 2]",1,수사기관 사칭형,augmented_llm
aug_수사기관 사칭형_0060,"[3, 3, 3, 3, 3, 3, 2, 3, 3]",1,수사기관 사칭형,augmented_llm
aug_수사기관 사칭형_0061,"[2, 3, 3, 3, 3, 2, 3, 3, 3, 3, 2, 2]",1,수사기관 사칭형,augmented_llm
aug_수사기관 사칭형_0062,"[3, 3, 3, 3, 2, 3, 3, 3, 3, 2]",1,수사기관 사칭형,augmented_llm
aug_수사기관 사칭형_0063,"[3, 3, 3, 3, 3, 3, 2, 3, 3, 3]",1,수사기관 사칭형,augmented_llm
aug_수사기관 사칭형_0064,"[3, 3, 3, 3, 3, 3, 2, 1, 3, 3]",1,수사기관 사칭형,augmented_llm
aug_수사기관 사칭형_0065,"[3, 3, 3, 3, 2, 3, 3, 3, 3, 2]",1,수사기관 사칭형,augmented_llm
aug_수사기관 사칭형_0066,"[1, 3, 3, 3, 3, 3, 3, 2, 2, 3, 3, 3, 2, 2, 2, 2, 2, 2, 3]",1,수사기관 사칭형,augmented_llm
aug_수사기관 사칭형_0067,"[3, 3, 3, 3, 3, 2, 2, 2, 3, 3, 3, 3, 2, 3, 3]",1,수사기관 사칭형,augmented_llm
aug_수사기관 사칭형_0068,"[3, 3, 3, 3, 3, 2, 2, 3, 3, 3, 3, 3]",1,수사기관 사칭형,augmented_llm
aug_수사기관 사칭형_0069,"[3, 3, 3, 3, 3, 2, 2, 3, 3, 3, 3, 3]",1,수사기관 사칭형,augmented_llm
aug_수사기관 사칭형_0070,"[3, 3, 3, 3, 3, 2, 2, 3, 3, 3, 2]",1,수사기관 사칭형,augmented_llm
aug_수사기관 사칭형_0071,"[3, 3, 3, 3, 3, 3, 3, 3, 3, 3, 3]",1,수사기관 사칭형,augmented_llm
aug_수사기관 사칭형_0072,"[3, 3, 3, 3, 2, 3, 3, 3, 2, 2]",1,수사기관 사칭형,augmented_llm
aug_수사기관 사칭형_0073,"[3, 3, 3, 3, 3, 3, 3, 3, 3]",1,수사기관 사칭형,augmented_llm
aug_수사기관 사칭형_0074,"[3, 3, 3, 3, 3, 3, 3, 3, 3]",1,수사기관 사칭형,augmented_llm
aug_수사기관 사칭형_0075,"[3, 3, 3, 3, 2, 2, 2, 2]",1,수사기관 사칭형,augmented_llm
aug_수사기관 사칭형_0076,"[3, 3, 3, 3, 3, 3, 3, 3, 3, 3, 2, 2, 2, 3, 3]",1,수사기관 사칭형,augmented_llm
aug_수사기관 사칭형_0077,"[3, 3, 2, 3, 3, 3, 3, 3, 2, 3, 3, 2, 3, 3]",1,수사기관 사칭형,augmented_llm
aug_수사기관 사칭형_0078,"[3, 3, 3, 3, 3, 3, 3, 3, 3, 3, 3]",1,수사기관 사칭형,augmented_llm
aug_수사기관 사칭형_0079,"[2, 3, 3, 3, 3, 2, 2, 3, 3, 3, 3, 3]",1,수사기관 사칭형,augmented_llm
aug_수사기관 사칭형_0080,"[3, 3, 3, 3, 3, 3, 3, 2, 2, 2, 3]",1,수사기관 사칭형,augmented_llm
aug_수사기관 사칭형_0081,"[2, 3, 3, 3, 3, 3, 3, 3, 2, 2, 3, 3]",1,수사기관 사칭형,augmented_llm
aug_수사기관 사칭형_0082,"[1, 2, 2, 3, 3, 3, 3, 3, 3, 3]",1,수사기관 사칭형,augmented_llm
aug_수사기관 사칭형_0083,"[3, 3, 2, 3, 3, 3, 2, 2, 2]",1,수사기관 사칭형,augmented_llm
aug_수사기관 사칭형_0084,"[3, 3, 3, 3, 3, 3, 3, 3]",1,수사기관 사칭형,augmented_llm
aug_수사기관 사칭형_0085,"[3, 3, 3, 3, 3, 3, 3, 3, 3]",1,수사기관 사칭형,augmented_llm
aug_수사기관 사칭형_0086,"[3, 3, 3, 3, 3, 3, 3, 3, 3, 3, 3]",1,수사기관 사칭형,augmented_llm
aug_수사기관 사칭형_0087,"[2, 3, 3, 3, 3, 3, 2, 3, 3]",1,수사기관 사칭형,augmented_llm
aug_수사기관 사칭형_0088,"[3, 3, 3, 3, 2, 1, 3, 3]",1,수사기관 사칭형,augmented_llm
aug_수사기관 사칭형_0089,"[3, 3, 3, 3, 3, 3, 3]",1,수사기관 사칭형,augmented_llm
aug_수사기관 사칭형_0090,"[3, 3, 3, 3, 3, 3, 3, 3]",1,수사기관 사칭형,augmented_llm
aug_수사기관 사칭형_0091,"[3, 3, 3, 3, 3, 3, 2, 2, 3, 3, 3, 3]",1,수사기관 사칭형,augmented_llm
aug_수사기관 사칭형_0092,"[3, 3, 3, 3, 3, 3, 2, 3, 3, 3]",1,수사기관 사칭형,augmented_llm
aug_수사기관 사칭형_0093,"[3, 3, 3, 3, 2, 2, 2, 2, 2, 2]",1,수사기관 사칭형,augmented_llm
aug_수사기관 사칭형_0094,"[3, 3, 2, 2, 2, 3, 3, 3, 3]",1,수사기관 사칭형,augmented_llm
aug_수사기관 사칭형_0095,"[3, 3, 3, 3, 2, 3, 3, 3, 3]",1,수사기관 사칭형,augmented_llm
aug_수사기관 사칭형_0096,"[3, 3, 3, 3, 3, 2, 3, 3, 3, 3, 3]",1,수사기관 사칭형,augmented_llm
aug_수사기관 사칭형_0097,"[2, 3, 3, 3, 3, 3, 3, 3, 3]",1,수사기관 사칭형,augmented_llm
aug_수사기관 사칭형_0098,"[3, 3, 3, 3, 2, 3, 3, 3, 3, 3]",1,수사기관 사칭형,augmented_llm
aug_수사기관 사칭형_0099,"[3, 3, 3, 3, 2, 3, 3, 3, 2]",1,수사기관 사칭형,augmented_llm
aug_수사기관 사칭형_0100,"[3, 3, 3, 3, 2, 2, 3, 3]",1,수사기관 사칭형,augmented_llm
aug_수사기관 사칭형_0101,"[3, 3, 3, 3, 3, 3, 3, 3, 2, 3, 3, 3]",1,수사기관 사칭형,augmented_llm
aug_수사기관 사칭형_0102,"[3, 3, 3, 3, 3, 2, 3, 3, 3, 3]",1,수사기관 사칭형,augmented_llm
aug_수사기관 사칭형_0103,"[2, 2, 3, 3, 3, 2, 2, 2, 3]",1,수사기관 사칭형,augmented_llm
aug_수사기관 사칭형_0104,"[3, 3, 3, 3, 3, 2, 2, 3, 3, 3]",1,수사기관 사칭형,augmented_llm
aug_수사기관 사칭형_0105,"[3, 3, 3, 3, 3, 2, 3, 3]",1,수사기관 사칭형,augmented_llm
aug_수사기관 사칭형_0106,"[2, 3, 3, 3, 2, 3, 3, 3, 3]",1,수사기관 사칭형,augmented_llm
aug_수사기관 사칭형_0107,"[2, 3, 3, 3, 3, 3, 3, 3]",1,수사기관 사칭형,augmented_llm
aug_수사기관 사칭형_0108,"[3, 3, 3, 3, 2, 2, 3]",1,수사기관 사칭형,augmented_llm
aug_수사기관 사칭형_0109,"[3, 3, 3, 3, 2, 2, 2]",1,수사기관 사칭형,augmented_llm
aug_수사기관 사칭형_0110,"[2, 2, 3, 3, 3, 3, 3]",1,수사기관 사칭형,augmented_llm
aug_수사기관 사칭형_0111,"[2, 2, 2, 2, 3, 3, 2, 2, 2, 2, 3, 3, 3, 3]",1,수사기관 사칭형,augmented_llm
aug_수사기관 사칭형_0112,"[3, 3, 3, 3, 2, 2, 3, 3, 2, 2, 2, 2]",1,수사기관 사칭형,augmented_llm
aug_수사기관 사칭형_0113,"[3, 3, 2, 3, 3, 3, 3, 3, 3, 3]",1,수사기관 사칭형,augmented_llm
aug_수사기관 사칭형_0114,"[3, 3, 3, 3, 3, 3, 2, 3, 3, 3]",1,수사기관 사칭형,augmented_llm
aug_수사기관 사칭형_0115,"[3, 3, 3, 3, 2, 2, 3, 3, 3, 2]",1,수사기관 사칭형,augmented_llm
aug_수사기관 사칭형_0116,"[3, 3, 3, 3, 3, 2, 2, 3, 3, 2, 3, 3]",1,수사기관 사칭형,augmented_llm
aug_수사기관 사칭형_0117,"[3, 3, 3, 3, 2, 3, 3, 3, 3, 3, 2]",1,수사기관 사칭형,augmented_llm
aug_수사기관 사칭형_0118,"[2, 2, 2, 3, 3, 2, 3, 3, 3, 3]",1,수사기관 사칭형,augmented_llm
aug_수사기관 사칭형_0119,"[3, 3, 2, 2, 2, 3, 3, 3, 3]",1,수사기관 사칭형,augmented_llm
aug_수사기관 사칭형_0120,"[3, 3, 2, 3, 3, 2, 2, 3, 3]",1,수사기관 사칭형,augmented_llm
aug_수사기관 사칭형_0121,"[3, 3, 3, 3, 3, 3, 3, 2, 2, 2, 2, 3]",1,수사기관 사칭형,augmented_llm
aug_수사기관 사칭형_0122,"[2, 3, 3, 3, 3, 3, 3, 3, 3, 3]",1,수사기관 사칭형,augmented_llm
aug_수사기관 사칭형_0123,"[3, 3, 3, 3, 3, 3, 2, 3, 3]",1,수사기관 사칭형,augmented_llm
aug_수사기관 사칭형_0124,"[3, 3, 3, 3, 3, 3, 3, 3, 3]",1,수사기관 사칭형,augmented_llm
aug_수사기관 사칭형_0125,"[3, 3, 2, 3, 3, 3, 3, 3, 3]",1,수사기관 사칭형,augmented_llm
aug_수사기관 사칭형_0126,"[3, 3, 3, 3, 3, 3, 3, 3, 3, 3, 2]",1,수사기관 사칭형,augmented_llm
aug_수사기관 사칭형_0127,"[2, 3, 3, 3, 2, 2, 3, 3, 3, 3]",1,수사기관 사칭형,augmented_llm
aug_수사기관 사칭형_0128,"[3, 3, 3, 3, 3, 2, 2, 3, 3]",1,수사기관 사칭형,augmented_llm
aug_수사기관 사칭형_0129,"[3, 3, 3, 3, 3, 3, 2, 3, 3]",1,수사기관 사칭형,augmented_llm
aug_수사기관 사칭형_0130,"[3, 3, 3, 3, 2, 2, 3, 3, 3]",1,수사기관 사칭형,augmented_llm
aug_수사기관 사칭형_0131,"[2, 3, 3, 3, 3, 3, 3, 3, 3, 3]",1,수사기관 사칭형,augmented_llm
aug_수사기관 사칭형_0132,"[3, 3, 3, 3, 3, 3, 3, 3, 3]",1,수사기관 사칭형,augmented_llm
aug_수사기관 사칭형_0133,"[3, 3, 3, 3, 3, 3, 3, 3]",1,수사기관 사칭형,augmented_llm
aug_수사기관 사칭형_0134,"[3, 3, 3, 2, 2, 2, 2, 2]",1,수사기관 사칭형,augmented_llm
aug_수사기관 사칭형_0135,"[3, 3, 3, 3, 3, 3, 3, 2]",1,수사기관 사칭형,augmented_llm
aug_수사기관 사칭형_0136,"[3, 3, 3, 3, 3, 3, 3, 3, 2, 3, 3]",1,수사기관 사칭형,augmented_llm
aug_수사기관 사칭형_0137,"[3, 3, 3, 3, 3, 3, 3, 3, 3, 2]",1,수사기관 사칭형,augmented_llm
aug_수사기관 사칭형_0138,"[3, 3, 3, 3, 3, 2, 2, 3, 3]",1,수사기관 사칭형,augmented_llm
aug_수사기관 사칭형_0139,"[2, 2, 2, 2, 2, 2, 3, 3, 3]",1,수사기관 사칭형,augmented_llm
aug_수사기관 사칭형_0140,"[2, 2, 2, 2, 2, 3, 3, 3, 3]",1,수사기관 사칭형,augmented_llm
aug_수사기관 사칭형_0141,"[3, 3, 3, 3, 3, 3, 3, 3, 3]",1,수사기관 사칭형,augmented_llm
aug_수사기관 사칭형_0142,"[3, 3, 3, 2, 2, 3, 3, 3, 3]",1,수사기관 사칭형,augmented_llm
aug_수사기관 사칭형_0143,"[3, 3, 3, 3, 3, 3, 3, 3]",1,수사기관 사칭형,augmented_llm
aug_수사기관 사칭형_0144,"[3, 3, 3, 3, 2, 2, 3, 3]",1,수사기관 사칭형,augmented_llm
aug_수사기관 사칭형_0145,"[2, 3, 3, 3, 2, 2, 2]",1,수사기관 사칭형,augmented_llm
aug_수사기관 사칭형_0146,"[3, 3, 3, 3, 3, 2, 3, 3, 3, 2, 2, 3]",1,수사기관 사칭형,augmented_llm
aug_수사기관 사칭형_0147,"[3, 3, 3, 3, 3, 2, 2, 3, 3, 3, 3]",1,수사기관 사칭형,augmented_llm
aug_수사기관 사칭형_0148,"[3, 3, 3, 3, 3, 2, 3, 3, 3, 2, 2]",1,수사기관 사칭형,augmented_llm
aug_수사기관 사칭형_0149,"[3, 3, 3, 3, 3, 3, 3, 3, 3, 2]",1,수사기관 사칭형,augmented_llm
aug_수사기관 사칭형_0150,"[2, 2, 2, 3, 3, 3, 3, 3, 3]",1,수사기관 사칭형,augmented_llm
aug_수사기관 사칭형_0151,"[3, 3, 3, 3, 3, 3, 2, 3, 3, 3]",1,수사기관 사칭형,augmented_llm
aug_수사기관 사칭형_0152,"[3, 3, 3, 3, 3, 3, 2, 2, 1]",1,수사기관 사칭형,augmented_llm
aug_수사기관 사칭형_0153,"[3, 3, 3, 3, 2, 3, 3, 3]",1,수사기관 사칭형,augmented_llm
aug_수사기관 사칭형_0154,"[3, 3, 3, 3, 3, 3, 3, 3]",1,수사기관 사칭형,augmented_llm
aug_수사기관 사칭형_0155,"[3, 3, 3, 2, 2, 3, 3]",1,수사기관 사칭형,augmented_llm
aug_수사기관 사칭형_0156,"[3, 3, 2, 3, 3, 3, 3, 3, 3, 3, 3, 3]",1,수사기관 사칭형,augmented_llm
aug_수사기관 사칭형_0157,"[3, 3, 3, 2, 2, 3, 3, 3, 3, 3]",1,수사기관 사칭형,augmented_llm
aug_수사기관 사칭형_0158,"[3, 3, 3, 3, 3, 2, 2, 3, 3]",1,수사기관 사칭형,augmented_llm
aug_수사기관 사칭형_0159,"[2, 3, 3, 3, 3, 3, 2, 3, 3]",1,수사기관 사칭형,augmented_llm
aug_수사기관 사칭형_0160,"[3, 3, 3, 3, 3, 3, 3, 3]",1,수사기관 사칭형,augmented_llm
aug_수사기관 사칭형_0161,"[3, 3, 2, 2, 3, 3, 3, 3, 3, 3, 3, 3]",1,수사기관 사칭형,augmented_llm
aug_수사기관 사칭형_0162,"[3, 3, 3, 2, 2, 2, 2, 3, 3, 3]",1,수사기관 사칭형,augmented_llm
aug_수사기관 사칭형_0163,"[3, 3, 3, 3, 3, 3, 2, 3, 3, 3, 3]",1,수사기관 사칭형,augmented_llm
aug_수사기관 사칭형_0164,"[3, 3, 3, 3, 3, 3, 3, 2, 2, 2]",1,수사기관 사칭형,augmented_llm
aug_수사기관 사칭형_0165,"[3, 3, 3, 3, 3, 3, 2, 3, 3, 2]",1,수사기관 사칭형,augmented_llm
aug_수사기관 사칭형_0166,"[2, 3, 3, 3, 3, 2, 2, 3, 3, 3, 3]",1,수사기관 사칭형,augmented_llm
aug_수사기관 사칭형_0167,"[2, 2, 3, 3, 3, 3, 3, 3, 2]",1,수사기관 사칭형,augmented_llm
aug_수사기관 사칭형_0168,"[3, 3, 3, 3, 3, 3, 3, 3, 3]",1,수사기관 사칭형,augmented_llm
aug_수사기관 사칭형_0169,"[3, 3, 3, 3, 3, 3, 3, 3, 3]",1,수사기관 사칭형,augmented_llm
aug_수사기관 사칭형_0170,"[3, 3, 3, 3, 3, 3, 3, 3, 3]",1,수사기관 사칭형,augmented_llm
aug_수사기관 사칭형_0171,"[3, 3, 3, 3, 3, 2, 2, 2, 2, 3, 3, 3, 2]",1,수사기관 사칭형,augmented_llm
aug_대출 사기형_0001,"[1, 2, 2, 3, 3, 3, 2, 3, 3, 3]",1,대출 사기형,augmented_llm
aug_대출 사기형_0002,"[2, 2, 3, 3, 3, 3, 3, 3]",1,대출 사기형,augmented_llm
aug_대출 사기형_0003,"[2, 2, 3, 3, 3, 2, 3, 3]",1,대출 사기형,augmented_llm
aug_대출 사기형_0004,"[2, 2, 3, 3, 3, 2, 3, 3]",1,대출 사기형,augmented_llm
aug_대출 사기형_0005,"[2, 2, 3, 3, 3, 3, 3]",1,대출 사기형,augmented_llm
aug_대출 사기형_0006,"[2, 2, 2, 2, 3, 3, 3, 3, 3, 3]",1,대출 사기형,augmented_llm
aug_대출 사기형_0007,"[2, 2, 3, 3, 3, 3, 3, 3, 3, 2]",1,대출 사기형,augmented_llm
aug_대출 사기형_0008,"[2, 2, 2, 2, 3, 3, 3, 3, 3, 3]",1,대출 사기형,augmented_llm
aug_대출 사기형_0009,"[2, 3, 3, 3, 3, 2, 3, 3, 3]",1,대출 사기형,augmented_llm
aug_대출 사기형_0010,"[2, 2, 3, 3, 3, 2, 3, 3]",1,대출 사기형,augmented_llm
aug_대출 사기형_0011,"[1, 1, 2, 2, 2, 2, 3, 3, 3, 3, 2, 3, 3]",1,대출 사기형,augmented_llm
aug_대출 사기형_0012,"[2, 2, 2, 2, 2, 3, 3, 3, 3, 3, 3]",1,대출 사기형,augmented_llm
aug_대출 사기형_0013,"[2, 2, 2, 3, 3, 2, 2, 3, 3, 3, 3]",1,대출 사기형,augmented_llm
aug_대출 사기형_0014,"[1, 2, 3, 3, 3, 2, 3, 3, 3]",1,대출 사기형,augmented_llm
aug_대출 사기형_0015,"[2, 3, 3, 3, 3, 3, 2, 3, 3]",1,대출 사기형,augmented_llm
aug_대출 사기형_0016,"[1, 1, 2, 2, 2, 2, 2, 3, 3, 2, 3, 3, 3, 2]",1,대출 사기형,augmented_llm
aug_대출 사기형_0017,"[1, 2, 2, 2, 2, 2, 3, 3, 3, 3, 3, 3]",1,대출 사기형,augmented_llm
aug_대출 사기형_0018,"[2, 2, 2, 2, 3, 3, 3, 3, 3, 3]",1,대출 사기형,augmented_llm
aug_대출 사기형_0019,"[2, 2, 2, 2, 3, 3, 3, 3, 2, 2, 2]",1,대출 사기형,augmented_llm
aug_대출 사기형_0020,"[2, 2, 2, 3, 3, 2, 3, 3, 3, 3]",1,대출 사기형,augmented_llm
aug_대출 사기형_0021,"[1, 1, 2, 2, 3, 3, 3, 3, 3, 3, 3]",1,대출 사기형,augmented_llm
aug_대출 사기형_0022,"[2, 2, 2, 3, 3, 3, 3, 3, 3, 3]",1,대출 사기형,augmented_llm
aug_대출 사기형_0023,"[2, 2, 3, 3, 3, 3, 2, 2, 2]",1,대출 사기형,augmented_llm
aug_대출 사기형_0024,"[1, 1, 3, 3, 3, 2, 2, 3, 3]",1,대출 사기형,augmented_llm
aug_대출 사기형_0025,"[2, 2, 3, 3, 3, 3, 3, 3, 3]",1,대출 사기형,augmented_llm
aug_대출 사기형_0026,"[2, 2, 2, 2, 2, 3, 3, 3, 3, 3, 3]",1,대출 사기형,augmented_llm
aug_대출 사기형_0027,"[2, 2, 2, 2, 3, 3, 3, 3, 3, 3]",1,대출 사기형,augmented_llm
aug_대출 사기형_0028,"[2, 2, 2, 3, 3, 2, 2, 2]",1,대출 사기형,augmented_llm
aug_대출 사기형_0029,"[2, 2, 2, 2, 3, 3, 3, 3, 3]",1,대출 사기형,augmented_llm
aug_대출 사기형_0030,"[2, 2, 2, 3, 3, 3, 3, 2]",1,대출 사기형,augmented_llm
aug_대출 사기형_0031,"[2, 2, 2, 2, 2, 3, 3, 3, 3, 2, 3, 3]",1,대출 사기형,augmented_llm
aug_대출 사기형_0032,"[2, 2, 2, 3, 3, 3, 3, 3, 3, 3]",1,대출 사기형,augmented_llm
aug_대출 사기형_0033,"[2, 2, 2, 3, 3, 2, 3, 3, 3]",1,대출 사기형,augmented_llm
aug_대출 사기형_0034,"[1, 2, 3, 3, 3, 3, 3, 3]",1,대출 사기형,augmented_llm
aug_대출 사기형_0035,"[1, 3, 3, 3, 3, 2, 3, 3]",1,대출 사기형,augmented_llm
aug_대출 사기형_0036,"[1, 1, 1, 2, 2, 3, 3, 2, 3, 3, 3]",1,대출 사기형,augmented_llm
aug_대출 사기형_0037,"[2, 2, 2, 3, 3, 3, 3, 2]",1,대출 사기형,augmented_llm
aug_대출 사기형_0038,"[2, 2, 3, 3, 3, 3, 3, 2]",1,대출 사기형,augmented_llm
aug_대출 사기형_0039,"[2, 2, 3, 3, 3, 3, 3, 3]",1,대출 사기형,augmented_llm
aug_대출 사기형_0040,"[2, 2, 3, 3, 3, 2, 2, 2]",1,대출 사기형,augmented_llm
aug_대출 사기형_0041,"[2, 2, 2, 2, 2, 2, 3, 3, 3, 3]",1,대출 사기형,augmented_llm
aug_대출 사기형_0042,"[1, 1, 2, 2, 2, 3, 3, 2, 2]",1,대출 사기형,augmented_llm
aug_대출 사기형_0043,"[2, 2, 2, 2, 3, 3, 3, 3, 3]",1,대출 사기형,augmented_llm
aug_대출 사기형_0044,"[2, 2, 2, 2, 3, 3, 3, 3, 3]",1,대출 사기형,augmented_llm
aug_대출 사기형_0045,"[1, 1, 2, 2, 3, 3, 3, 2, 3]",1,대출 사기형,augmented_llm
aug_대출 사기형_0046,"[1, 2, 2, 2, 2, 3, 3, 3, 3, 3, 3]",1,대출 사기형,augmented_llm
aug_대출 사기형_0047,"[2, 2, 2, 3, 3, 3, 3, 3, 3, 3]",1,대출 사기형,augmented_llm
aug_대출 사기형_0048,"[2, 2, 2, 2, 3, 3, 2, 2, 2, 2]",1,대출 사기형,augmented_llm
aug_대출 사기형_0049,"[2, 2, 3, 3, 3, 2, 2, 3, 3, 3]",1,대출 사기형,augmented_llm
aug_대출 사기형_0050,"[2, 2, 3, 3, 3, 3, 2, 3]",1,대출 사기형,augmented_llm
aug_대출 사기형_0051,"[1, 2, 2, 2, 3, 3, 3, 2, 2, 3, 3, 3]",1,대출 사기형,augmented_llm
aug_대출 사기형_0052,"[1, 2, 3, 3, 3, 3, 3, 3, 3]",1,대출 사기형,augmented_llm
aug_대출 사기형_0053,"[2, 2, 2, 3, 3, 2, 3, 3, 3]",1,대출 사기형,augmented_llm
aug_대출 사기형_0054,"[1, 2, 2, 3, 3, 3, 3, 3, 3]",1,대출 사기형,augmented_llm
aug_대출 사기형_0055,"[2, 2, 3, 3, 3, 2, 3, 3, 3]",1,대출 사기형,augmented_llm
aug_대출 사기형_0056,"[2, 2, 2, 2, 2, 3, 3, 2, 2, 3, 3, 3]",1,대출 사기형,augmented_llm
aug_대출 사기형_0057,"[2, 2, 2, 3, 3, 3, 2, 3, 3, 2]",1,대출 사기형,augmented_llm
aug_대출 사기형_0058,"[2, 2, 2, 2, 3, 3, 3, 3, 3, 3]",1,대출 사기형,augmented_llm
aug_대출 사기형_0059,"[2, 2, 3, 3, 3, 2, 2, 3, 3]",1,대출 사기형,augmented_llm
aug_대출 사기형_0060,"[2, 2, 2, 3, 3, 3, 2, 3]",1,대출 사기형,augmented_llm
aug_대출 사기형_0061,"[1, 1, 2, 2, 2, 3, 3, 3, 3, 3, 3, 3]",1,대출 사기형,augmented_llm
aug_대출 사기형_0062,"[2, 3, 3, 3, 3, 3, 2, 3, 3, 3]",1,대출 사기형,augmented_llm
aug_대출 사기형_0063,"[2, 2, 2, 3, 3, 2, 3, 3, 3, 3]",1,대출 사기형,augmented_llm
aug_대출 사기형_0064,"[2, 2, 3, 3, 3, 3, 3, 3, 3]",1,대출 사기형,augmented_llm
aug_대출 사기형_0065,"[2, 2, 3, 3, 3, 3, 3, 3, 3]",1,대출 사기형,augmented_llm
aug_대출 사기형_0066,"[2, 2, 2, 2, 3, 3, 3, 2, 2, 2, 2]",1,대출 사기형,augmented_llm
aug_대출 사기형_0067,"[2, 2, 2, 3, 3, 3, 3, 3, 3, 2]",1,대출 사기형,augmented_llm
aug_대출 사기형_0068,"[2, 2, 2, 2, 2, 2, 2, 3, 3, 3]",1,대출 사기형,augmented_llm
aug_대출 사기형_0069,"[2, 2, 3, 3, 3, 3, 3, 3, 3, 3]",1,대출 사기형,augmented_llm
aug_대출 사기형_0070,"[1, 1, 1, 3, 3, 3, 3, 2]",1,대출 사기형,augmented_llm
aug_대출 사기형_0071,"[1, 2, 2, 2, 2, 3, 3, 3, 2, 1]",1,대출 사기형,augmented_llm
aug_대출 사기형_0072,"[2, 2, 3, 3, 3, 3, 3, 2]",1,대출 사기형,augmented_llm
aug_대출 사기형_0073,"[2, 3, 3, 3, 2, 2, 3, 3]",1,대출 사기형,augmented_llm
aug_대출 사기형_0074,"[2, 2, 2, 3, 3, 3, 3, 3]",1,대출 사기형,augmented_llm
aug_대출 사기형_0075,"[2, 3, 3, 3, 2, 3, 3, 3, 3]",1,대출 사기형,augmented_llm
aug_대출 사기형_0076,"[1, 2, 2, 2, 2, 3, 3, 3, 3, 3, 3]",1,대출 사기형,augmented_llm
aug_대출 사기형_0077,"[2, 2, 2, 2, 2, 2, 3, 3, 3, 3]",1,대출 사기형,augmented_llm
aug_대출 사기형_0078,"[2, 2, 2, 2, 3, 3, 3, 3, 3]",1,대출 사기형,augmented_llm
aug_대출 사기형_0079,"[2, 2, 2, 2, 2, 3, 3, 3, 3, 3]",1,대출 사기형,augmented_llm
aug_대출 사기형_0080,"[2, 2, 2, 2, 3, 3, 2, 3]",1,대출 사기형,augmented_llm
aug_대출 사기형_0081,"[2, 2, 2, 2, 2, 2, 2, 3, 3, 3, 3, 3, 3]",1,대출 사기형,augmented_llm
aug_대출 사기형_0082,"[1, 2, 2, 2, 3, 3, 3, 3, 3, 3, 2]",1,대출 사기형,augmented_llm
aug_대출 사기형_0083,"[2, 2, 2, 2, 2, 3, 3, 3, 3]",1,대출 사기형,augmented_llm
aug_대출 사기형_0084,"[2, 3, 3, 3, 2, 2, 3, 3, 3]",1,대출 사기형,augmented_llm
aug_대출 사기형_0085,"[2, 2, 2, 3, 3, 3, 2, 3, 3]",1,대출 사기형,augmented_llm
aug_대출 사기형_0086,"[1, 2, 2, 2, 3, 3, 3, 2, 2, 1]",1,대출 사기형,augmented_llm
aug_대출 사기형_0087,"[2, 2, 2, 2, 2, 3, 3, 3, 3, 3, 3]",1,대출 사기형,augmented_llm
aug_대출 사기형_0088,"[2, 2, 3, 3, 2, 3, 3, 2, 2, 1]",1,대출 사기형,augmented_llm
aug_대출 사기형_0089,"[2, 2, 2, 3, 3, 2, 2, 3, 3, 2]",1,대출 사기형,augmented_llm
aug_대출 사기형_0090,"[2, 2, 2, 3, 3, 2, 3, 3, 3]",1,대출 사기형,augmented_llm
aug_대출 사기형_0091,"[2, 2, 2, 2, 2, 3, 3, 3, 3, 3, 2]",1,대출 사기형,augmented_llm
aug_대출 사기형_0092,"[2, 2, 2, 2, 2, 3, 3, 3, 2]",1,대출 사기형,augmented_llm
aug_대출 사기형_0093,"[1, 2, 2, 1, 3, 3, 2, 3, 3]",1,대출 사기형,augmented_llm
aug_대출 사기형_0094,"[2, 2, 2, 2, 3, 3, 3, 3]",1,대출 사기형,augmented_llm
aug_대출 사기형_0095,"[2, 2, 2, 2, 3, 3, 2, 3, 3]",1,대출 사기형,augmented_llm
aug_대출 사기형_0096,"[2, 2, 2, 2, 3, 3, 2, 2, 2, 3, 3]",1,대출 사기형,augmented_llm
aug_대출 사기형_0097,"[2, 2, 2, 2, 3, 3, 2, 2, 2, 2, 2]",1,대출 사기형,augmented_llm
aug_대출 사기형_0098,"[2, 2, 3, 3, 2, 2, 3, 3, 3, 3]",1,대출 사기형,augmented_llm
aug_대출 사기형_0099,"[2, 2, 2, 3, 3, 2, 2, 3, 3]",1,대출 사기형,augmented_llm
aug_대출 사기형_0100,"[2, 3, 3, 3, 2, 2, 3, 3, 3]",1,대출 사기형,augmented_llm
aug_대출 사기형_0101,"[2, 2, 2, 2, 3, 3, 3, 2, 3, 3]",1,대출 사기형,augmented_llm
aug_대출 사기형_0102,"[2, 2, 2, 2, 3, 3, 3, 2, 3]",1,대출 사기형,augmented_llm
aug_대출 사기형_0103,"[1, 2, 3, 3, 3, 2, 3, 3]",1,대출 사기형,augmented_llm
aug_대출 사기형_0104,"[1, 2, 3, 3, 3, 2, 2, 3]",1,대출 사기형,augmented_llm
aug_대출 사기형_0105,"[2, 2, 3, 3, 3, 2, 3]",1,대출 사기형,augmented_llm
aug_대출 사기형_0106,"[1, 2, 2, 2, 2, 2, 2, 3, 3, 3, 3]",1,대출 사기형,augmented_llm
aug_대출 사기형_0107,"[1, 2, 2, 3, 3, 2, 3, 3, 3]",1,대출 사기형,augmented_llm
aug_대출 사기형_0108,"[2, 2, 2, 3, 3, 3, 3, 3]",1,대출 사기형,augmented_llm
aug_대출 사기형_0109,"[1, 1, 2, 3, 3, 2, 2, 3, 3]",1,대출 사기형,augmented_llm
aug_대출 사기형_0110,"[2, 3, 3, 3, 2, 3, 3]",1,대출 사기형,augmented_llm
aug_대출 사기형_0111,"[2, 2, 2, 2, 3, 3, 3, 3, 3, 2]",1,대출 사기형,augmented_llm
aug_대출 사기형_0112,"[2, 2, 2, 3, 3, 3, 3, 3]",1,대출 사기형,augmented_llm
aug_대출 사기형_0113,"[2, 3, 3, 3, 3, 3, 3, 3]",1,대출 사기형,augmented_llm
aug_대출 사기형_0114,"[2, 2, 3, 3, 3, 3, 3, 3]",1,대출 사기형,augmented_llm
aug_대출 사기형_0115,"[2, 2, 3, 3, 3, 3, 3]",1,대출 사기형,augmented_llm
aug_대출 사기형_0116,"[1, 2, 2, 2, 2, 3, 3, 3, 2, 2, 2, 3, 3]",1,대출 사기형,augmented_llm
aug_대출 사기형_0117,"[2, 2, 2, 2, 2, 3, 3, 3, 3, 2, 2]",1,대출 사기형,augmented_llm
aug_대출 사기형_0118,"[2, 2, 2, 3, 3, 3, 3, 2, 2, 2]",1,대출 사기형,augmented_llm
aug_대출 사기형_0119,"[2, 2, 2, 2, 3, 3, 3, 2, 2, 2]",1,대출 사기형,augmented_llm
aug_대출 사기형_0120,"[2, 2, 2, 2, 3, 3, 2, 2, 3, 3]",1,대출 사기형,augmented_llm
aug_대출 사기형_0121,"[1, 2, 2, 3, 3, 3, 3, 3, 3, 3]",1,대출 사기형,augmented_llm
aug_대출 사기형_0122,"[1, 2, 2, 1, 2, 2, 2, 3, 3]",1,대출 사기형,augmented_llm
aug_대출 사기형_0123,"[2, 2, 2, 2, 3, 3, 2, 3, 3]",1,대출 사기형,augmented_llm
aug_대출 사기형_0124,"[1, 2, 2, 2, 3, 3, 2, 3, 3]",1,대출 사기형,augmented_llm
aug_대출 사기형_0125,"[2, 2, 2, 3, 3, 3, 3, 3]",1,대출 사기형,augmented_llm
aug_대출 사기형_0126,"[1, 2, 2, 2, 2, 3, 3, 3, 3]",1,대출 사기형,augmented_llm
aug_대출 사기형_0127,"[2, 2, 2, 2, 3, 3, 3, 2, 2]",1,대출 사기형,augmented_llm
aug_대출 사기형_0128,"[2, 2, 2, 2, 3, 3, 3, 3]",1,대출 사기형,augmented_llm
aug_대출 사기형_0129,"[2, 2, 2, 3, 3, 3, 3, 2]",1,대출 사기형,augmented_llm
aug_대출 사기형_0130,"[2, 2, 2, 3, 3, 3, 3, 3]",1,대출 사기형,augmented_llm
aug_대출 사기형_0131,"[2, 2, 2, 2, 2, 2, 3, 3, 3, 2, 3]",1,대출 사기형,augmented_llm
aug_대출 사기형_0132,"[1, 2, 2, 2, 2, 3, 3, 3, 3, 2]",1,대출 사기형,augmented_llm
aug_대출 사기형_0133,"[1, 2, 2, 3, 3, 3, 2, 3, 3]",1,대출 사기형,augmented_llm
aug_대출 사기형_0134,"[2, 2, 2, 3, 3, 3, 2, 2]",1,대출 사기형,augmented_llm
aug_대출 사기형_0135,"[2, 2, 3, 3, 2, 3, 3]",1,대출 사기형,augmented_llm
aug_대출 사기형_0136,"[1, 2, 2, 2, 2, 2, 3, 3, 3, 3, 3]",1,대출 사기형,augmented_llm
aug_대출 사기형_0137,"[1, 2, 2, 2, 3, 3, 3, 2, 3, 3]",1,대출 사기형,augmented_llm
aug_대출 사기형_0138,"[1, 2, 2, 2, 3, 3, 3, 3]",1,대출 사기형,augmented_llm
aug_대출 사기형_0139,"[2, 2, 2, 3, 3, 3, 2, 3]",1,대출 사기형,augmented_llm
aug_대출 사기형_0140,"[1, 2, 2, 2, 2, 3, 3, 3, 3]",1,대출 사기형,augmented_llm
aug_대출 사기형_0141,"[1, 2, 2, 2, 3, 3, 3, 3, 3, 3, 3]",1,대출 사기형,augmented_llm
aug_대출 사기형_0142,"[2, 2, 3, 3, 3, 3, 3, 3, 2, 2]",1,대출 사기형,augmented_llm
aug_대출 사기형_0143,"[2, 2, 2, 2, 2, 3, 3, 2, 3, 3]",1,대출 사기형,augmented_llm
aug_대출 사기형_0144,"[2, 2, 2, 2, 3, 3, 3, 3, 3]",1,대출 사기형,augmented_llm
aug_대출 사기형_0145,"[2, 2, 2, 2, 2, 3, 3, 3, 3]",1,대출 사기형,augmented_llm
aug_대출 사기형_0146,"[2, 2, 2, 2, 2, 3, 3, 3, 2, 3]",1,대출 사기형,augmented_llm
aug_대출 사기형_0147,"[2, 2, 2, 3, 3, 3, 2, 3, 3]",1,대출 사기형,augmented_llm
aug_대출 사기형_0148,"[2, 2, 3, 3, 3, 2, 3, 3]",1,대출 사기형,augmented_llm
aug_대출 사기형_0149,"[3, 3, 2, 3, 3, 2, 3, 3]",1,대출 사기형,augmented_llm
aug_대출 사기형_0150,"[2, 2, 2, 3, 3, 2, 3]",1,대출 사기형,augmented_llm
aug_대출 사기형_0151,"[2, 2, 2, 2, 3, 3, 3, 3, 3, 3, 3, 3]",1,대출 사기형,augmented_llm
aug_대출 사기형_0152,"[2, 2, 2, 3, 3, 3, 2, 2, 3, 3]",1,대출 사기형,augmented_llm
aug_대출 사기형_0153,"[2, 2, 2, 3, 3, 2, 3, 3, 2, 2]",1,대출 사기형,augmented_llm
aug_대출 사기형_0154,"[2, 2, 3, 3, 3, 2, 2, 2, 3]",1,대출 사기형,augmented_llm
aug_대출 사기형_0155,"[1, 2, 2, 3, 3, 2, 2, 3, 3]",1,대출 사기형,augmented_llm
aug_대출 사기형_0156,"[1, 2, 2, 2, 2, 2, 3, 3, 3, 3, 3, 3]",1,대출 사기형,augmented_llm
aug_대출 사기형_0157,"[2, 2, 2, 3, 3, 3, 3, 2, 2, 2]",1,대출 사기형,augmented_llm
aug_대출 사기형_0158,"[2, 2, 3, 3, 3, 3, 3, 3, 3]",1,대출 사기형,augmented_llm
aug_대출 사기형_0159,"[2, 2, 3, 3, 3, 3, 3, 3, 3]",1,대출 사기형,augmented_llm
aug_대출 사기형_0160,"[2, 2, 3, 3, 3, 3, 2, 3, 3]",1,대출 사기형,augmented_llm
aug_대출 사기형_0161,"[1, 1, 2, 2, 2, 2, 2, 2, 3, 3, 3]",1,대출 사기형,augmented_llm
aug_대출 사기형_0162,"[1, 2, 2, 2, 3, 3, 2, 3, 3, 3]",1,대출 사기형,augmented_llm
aug_대출 사기형_0163,"[2, 2, 3, 3, 3, 3, 2, 3, 3]",1,대출 사기형,augmented_llm
aug_대출 사기형_0164,"[1, 2, 2, 2, 3, 3, 2, 2]",1,대출 사기형,augmented_llm
aug_대출 사기형_0165,"[1, 2, 2, 3, 3, 2, 2, 3]",1,대출 사기형,augmented_llm
aug_대출 사기형_0166,"[2, 2, 2, 3, 3, 3, 3, 3, 3]",1,대출 사기형,augmented_llm
aug_대출 사기형_0167,"[1, 2, 2, 2, 3, 3, 3, 3, 3]",1,대출 사기형,augmented_llm
aug_대출 사기형_0168,"[2, 2, 2, 3, 3, 3, 3, 3]",1,대출 사기형,augmented_llm
aug_대출 사기형_0169,"[2, 2, 2, 3, 3, 2, 2, 3, 3]",1,대출 사기형,augmented_llm
aug_대출 사기형_0170,"[2, 2, 2, 3, 3, 3, 3, 3]",1,대출 사기형,augmented_llm
aug_대출 사기형_0171,"[2, 2, 2, 2, 3, 3, 3, 2, 3, 3]",1,대출 사기형,augmented_llm
aug_대출 사기형_0172,"[1, 1, 1, 3, 3, 3, 3, 3, 3, 2]",1,대출 사기형,augmented_llm
aug_대출 사기형_0173,"[1, 1, 2, 2, 2, 2, 2, 2, 2, 3]",1,대출 사기형,augmented_llm
aug_대출 사기형_0174,"[1, 2, 3, 3, 3, 2, 2, 2, 2]",1,대출 사기형,augmented_llm
aug_대출 사기형_0175,"[2, 2, 3, 3, 3, 2, 3, 3, 3]",1,대출 사기형,augmented_llm
aug_대출 사기형_0176,"[2, 2, 2, 2, 2, 2, 2, 2, 2, 3, 3, 3, 3]",1,대출 사기형,augmented_llm
aug_대출 사기형_0177,"[2, 2, 3, 3, 3, 2, 3, 3, 3, 3, 3, 3]",1,대출 사기형,augmented_llm
aug_대출 사기형_0178,"[2, 2, 2, 3, 3, 3, 2, 2, 3, 3, 3]",1,대출 사기형,augmented_llm
aug_대출 사기형_0179,"[2, 2, 3, 3, 3, 3, 3, 3, 3, 3]",1,대출 사기형,augmented_llm
aug_대출 사기형_0180,"[2, 2, 3, 3, 3, 3, 3, 2, 3]",1,대출 사기형,augmented_llm
aug_대출 사기형_0181,"[1, 2, 2, 2, 3, 3, 3, 3, 3, 2, 2]",1,대출 사기형,augmented_llm
aug_대출 사기형_0182,"[2, 2, 2, 2, 3, 3, 3, 3, 3, 3]",1,대출 사기형,augmented_llm
aug_대출 사기형_0183,"[2, 2, 2, 2, 3, 3, 3, 3, 3]",1,대출 사기형,augmented_llm
aug_대출 사기형_0184,"[2, 2, 2, 3, 3, 3, 3, 3, 3]",1,대출 사기형,augmented_llm
aug_대출 사기형_0185,"[2, 2, 2, 3, 3, 3, 3, 3, 3]",1,대출 사기형,augmented_llm
aug_대출 사기형_0186,"[1, 2, 2, 2, 3, 3, 3, 2, 3]",1,대출 사기형,augmented_llm
aug_대출 사기형_0187,"[2, 2, 2, 3, 3, 3, 3, 3, 3]",1,대출 사기형,augmented_llm
aug_대출 사기형_0188,"[2, 2, 3, 3, 3, 3, 3, 3]",1,대출 사기형,augmented_llm
aug_대출 사기형_0189,"[1, 2, 2, 2, 2, 3, 3, 3]",1,대출 사기형,augmented_llm
aug_대출 사기형_0190,"[2, 2, 2, 3, 3, 3, 2, 3]",1,대출 사기형,augmented_llm
aug_대출 사기형_0191,"[1, 2, 2, 2, 2, 1, 2, 3, 3, 2, 2, 3]",1,대출 사기형,augmented_llm
aug_대출 사기형_0192,"[2, 2, 2, 3, 3, 3, 3, 3, 3, 3]",1,대출 사기형,augmented_llm
aug_대출 사기형_0193,"[2, 2, 3, 3, 3, 3, 3, 3, 2]",1,대출 사기형,augmented_llm
aug_대출 사기형_0194,"[2, 3, 3, 3, 3, 3, 2, 3, 3]",1,대출 사기형,augmented_llm
aug_대출 사기형_0195,"[2, 2, 2, 2, 3, 3, 3, 3, 3]",1,대출 사기형,augmented_llm
aug_대출 사기형_0196,"[2, 2, 3, 3, 3, 3, 3, 3, 3, 3]",1,대출 사기형,augmented_llm
aug_대출 사기형_0197,"[2, 2, 3, 3, 3, 3, 3, 3, 3]",1,대출 사기형,augmented_llm
aug_대출 사기형_0198,"[2, 3, 3, 3, 3, 3, 3, 3]",1,대출 사기형,augmented_llm
aug_대출 사기형_0199,"[2, 3, 3, 3, 3, 3, 3]",1,대출 사기형,augmented_llm
aug_대출 사기형_0200,"[2, 2, 2, 3, 3, 3, 3]",1,대출 사기형,augmented_llm
aug_대출 사기형_0201,"[2, 2, 2, 2, 2, 2, 2, 2, 3, 3, 3, 2, 2]",1,대출 사기형,augmented_llm
aug_대출 사기형_0202,"[2, 2, 2, 2, 2, 2, 3, 3, 3, 2, 3, 3]",1,대출 사기형,augmented_llm
aug_대출 사기형_0203,"[2, 2, 2, 2, 2, 3, 3, 3, 3, 3, 3]",1,대출 사기형,augmented_llm
aug_대출 사기형_0204,"[2, 2, 2, 2, 3, 3, 3, 3, 3, 3]",1,대출 사기형,augmented_llm
aug_대출 사기형_0205,"[2, 2, 2, 3, 3, 3, 3, 3, 2, 3]",1,대출 사기형,augmented_llm
aug_대출 사기형_0206,"[2, 2, 2, 3, 3, 3, 2, 2, 3, 3, 3, 3, 3]",1,대출 사기형,augmented_llm
aug_대출 사기형_0207,"[1, 2, 2, 2, 2, 3, 3, 3, 2, 3, 3]",1,대출 사기형,augmented_llm
aug_대출 사기형_0208,"[2, 2, 2, 2, 2, 3, 3, 3, 2, 3, 3]",1,대출 사기형,augmented_llm
aug_대출 사기형_0209,"[2, 2, 2, 2, 3, 3, 2, 3, 3, 3]",1,대출 사기형,augmented_llm
aug_대출 사기형_0210,"[2, 2, 2, 2, 2, 3, 3, 3, 3, 3]",1,대출 사기형,augmented_llm
aug_대출 사기형_0211,"[1, 1, 2, 2, 2, 3, 3, 3, 2, 3, 3, 3]",1,대출 사기형,augmented_llm
aug_대출 사기형_0212,"[2, 2, 2, 3, 3, 3, 3, 2, 2, 3, 3]",1,대출 사기형,augmented_llm
aug_대출 사기형_0213,"[2, 2, 2, 3, 3, 3, 3, 3, 2]",1,대출 사기형,augmented_llm
aug_대출 사기형_0214,"[1, 2, 2, 3, 3, 3, 3, 3, 3]",1,대출 사기형,augmented_llm
aug_대출 사기형_0215,"[1, 2, 2, 3, 3, 3, 3, 3, 3]",1,대출 사기형,augmented_llm
aug_대출 사기형_0216,"[1, 2, 2, 2, 2, 2, 2, 3, 3, 3, 3, 3]",1,대출 사기형,augmented_llm
aug_대출 사기형_0217,"[1, 1, 1, 1, 2, 2, 3, 3, 3, 2]",1,대출 사기형,augmented_llm
aug_대출 사기형_0218,"[2, 2, 2, 2, 3, 3, 3, 3, 3, 3]",1,대출 사기형,augmented_llm
aug_대출 사기형_0219,"[2, 2, 3, 3, 3, 2, 2, 3, 3, 3]",1,대출 사기형,augmented_llm
aug_대출 사기형_0220,"[2, 2, 2, 2, 2, 2, 3, 3, 2, 3]",1,대출 사기형,augmented_llm
aug_대출 사기형_0221,"[1, 2, 2, 2, 2, 3, 3, 3, 3, 3, 3, 3]",1,대출 사기형,augmented_llm
aug_대출 사기형_0222,"[2, 2, 2, 2, 2, 2, 2, 2, 2, 2]",1,대출 사기형,augmented_llm
aug_대출 사기형_0223,"[2, 2, 2, 2, 3, 3, 3, 3, 3, 3]",1,대출 사기형,augmented_llm
aug_대출 사기형_0224,"[2, 2, 2, 2, 2, 2, 2, 3, 3]",1,대출 사기형,augmented_llm
aug_대출 사기형_0225,"[2, 2, 1, 3, 3, 3, 3, 3, 3]",1,대출 사기형,augmented_llm
aug_대출 사기형_0226,"[1, 2, 2, 2, 3, 3, 3, 3, 2, 3]",1,대출 사기형,augmented_llm
aug_대출 사기형_0227,"[2, 2, 2, 2, 2, 3, 3, 3, 3]",1,대출 사기형,augmented_llm
aug_대출 사기형_0228,"[1, 2, 3, 3, 3, 2, 2, 2]",1,대출 사기형,augmented_llm
aug_대출 사기형_0229,"[2, 3, 3, 3, 3, 3, 3, 3]",1,대출 사기형,augmented_llm
aug_대출 사기형_0230,"[1, 2, 2, 3, 3, 3, 3, 3]",1,대출 사기형,augmented_llm
aug_대출 사기형_0231,"[1, 2, 2, 2, 2, 3, 3, 3, 3, 2]",1,대출 사기형,augmented_llm
aug_대출 사기형_0232,"[2, 2, 2, 2, 2, 3, 3, 2, 2]",1,대출 사기형,augmented_llm
aug_대출 사기형_0233,"[2, 2, 3, 3, 2, 2, 3, 3]",1,대출 사기형,augmented_llm
aug_대출 사기형_0234,"[2, 3, 3, 3, 3, 3, 2, 2]",1,대출 사기형,augmented_llm
aug_대출 사기형_0235,"[2, 2, 2, 3, 3, 2, 3, 3]",1,대출 사기형,augmented_llm
aug_대출 사기형_0236,"[1, 2, 2, 3, 3, 3, 2, 2, 3, 3]",1,대출 사기형,augmented_llm
aug_대출 사기형_0237,"[2, 2, 2, 3, 3, 3, 2, 3, 3]",1,대출 사기형,augmented_llm
aug_대출 사기형_0238,"[2, 2, 2, 2, 2, 2, 3, 3]",1,대출 사기형,augmented_llm
aug_대출 사기형_0239,"[2, 3, 3, 2, 2, 2, 2, 3, 3]",1,대출 사기형,augmented_llm
aug_대출 사기형_0240,"[2, 2, 3, 3, 3, 2, 2, 3]",1,대출 사기형,augmented_llm
aug_대출 사기형_0241,"[1, 2, 2, 2, 3, 3, 3, 3, 3, 3, 3]",1,대출 사기형,augmented_llm
aug_대출 사기형_0242,"[1, 2, 2, 3, 3, 3, 2, 3, 3, 3]",1,대출 사기형,augmented_llm
aug_대출 사기형_0243,"[1, 2, 3, 3, 3, 2, 3, 3, 3, 2]",1,대출 사기형,augmented_llm
aug_대출 사기형_0244,"[2, 2, 2, 3, 3, 3, 3, 2, 2, 2]",1,대출 사기형,augmented_llm
aug_대출 사기형_0245,"[2, 2, 3, 3, 3, 3, 2, 2, 3]",1,대출 사기형,augmented_llm
aug_대출 사기형_0246,"[1, 1, 2, 2, 2, 2, 2, 2, 3, 3, 3, 2, 2]",1,대출 사기형,augmented_llm
aug_대출 사기형_0247,"[2, 3, 3, 3, 2, 3, 3, 3, 2, 2, 3]",1,대출 사기형,augmented_llm
aug_대출 사기형_0248,"[1, 2, 2, 2, 2, 3, 3, 3, 3, 3]",1,대출 사기형,augmented_llm
aug_대출 사기형_0249,"[2, 2, 2, 2, 2, 3, 3, 3, 3]",1,대출 사기형,augmented_llm
aug_대출 사기형_0250,"[1, 2, 2, 3, 3, 3, 3, 3]",1,대출 사기형,augmented_llm
aug_대출 사기형_0251,"[1, 2, 2, 2, 2, 2, 3, 3, 3, 2]",1,대출 사기형,augmented_llm
aug_대출 사기형_0252,"[1, 2, 2, 3, 3, 3, 2, 3, 3]",1,대출 사기형,augmented_llm
aug_대출 사기형_0253,"[2, 2, 3, 3, 3, 3, 3, 3]",1,대출 사기형,augmented_llm
aug_대출 사기형_0254,"[2, 2, 2, 3, 3, 2, 3]",1,대출 사기형,augmented_llm
aug_대출 사기형_0255,"[2, 3, 3, 3, 2, 2, 3, 3]",1,대출 사기형,augmented_llm
aug_대출 사기형_0256,"[1, 2, 2, 2, 2, 3, 3, 3, 3, 2]",1,대출 사기형,augmented_llm
aug_대출 사기형_0257,"[2, 2, 3, 3, 3, 2, 2, 3, 3]",1,대출 사기형,augmented_llm
aug_대출 사기형_0258,"[1, 2, 3, 3, 2, 2, 3, 3]",1,대출 사기형,augmented_llm
aug_대출 사기형_0259,"[1, 2, 3, 3, 3, 2, 2, 2]",1,대출 사기형,augmented_llm
aug_대출 사기형_0260,"[1, 2, 2, 3, 3, 2, 2, 2, 2]",1,대출 사기형,augmented_llm
aug_대출 사기형_0261,"[2, 2, 2, 2, 2, 2, 3, 3, 3, 2]",1,대출 사기형,augmented_llm
aug_대출 사기형_0262,"[2, 2, 2, 2, 3, 3, 3, 3, 3, 3]",1,대출 사기형,augmented_llm
aug_대출 사기형_0263,"[2, 2, 2, 2, 2, 3, 3, 2, 2]",1,대출 사기형,augmented_llm
aug_대출 사기형_0264,"[2, 2, 2, 2, 3, 3, 3, 3, 3]",1,대출 사기형,augmented_llm
aug_대출 사기형_0265,"[1, 1, 1, 2, 3, 3, 3, 3]",1,대출 사기형,augmented_llm
aug_대출 사기형_0266,"[2, 2, 2, 3, 3, 3, 3, 3, 3, 2]",1,대출 사기형,augmented_llm
aug_대출 사기형_0267,"[2, 2, 2, 2, 2, 3, 3, 3, 2, 2]",1,대출 사기형,augmented_llm
aug_대출 사기형_0268,"[2, 2, 2, 2, 3, 3, 3, 3, 3]",1,대출 사기형,augmented_llm
aug_대출 사기형_0269,"[2, 2, 2, 2, 3, 3, 2, 2, 2]",1,대출 사기형,augmented_llm
aug_대출 사기형_0270,"[2, 2, 3, 3, 3, 3, 3, 3]",1,대출 사기형,augmented_llm
aug_대출 사기형_0271,"[1, 2, 2, 3, 3, 3, 3, 3, 3, 2, 2]",1,대출 사기형,augmented_llm
aug_대출 사기형_0272,"[2, 2, 2, 2, 2, 2, 2, 3, 3, 3]",1,대출 사기형,augmented_llm
aug_대출 사기형_0273,"[2, 2, 2, 3, 3, 3, 2, 3, 3, 3]",1,대출 사기형,augmented_llm
aug_대출 사기형_0274,"[2, 2, 3, 3, 3, 3, 2, 3, 3]",1,대출 사기형,augmented_llm
aug_대출 사기형_0275,"[2, 2, 2, 3, 3, 3, 3, 3, 3]",1,대출 사기형,augmented_llm
aug_대출 사기형_0276,"[2, 2, 2, 2, 3, 3, 2, 2, 3, 3]",1,대출 사기형,augmented_llm
aug_대출 사기형_0277,"[1, 1, 3, 3, 3, 2, 2, 2, 3]",1,대출 사기형,augmented_llm
aug_대출 사기형_0278,"[2, 2, 3, 3, 3, 3, 3, 3, 3]",1,대출 사기형,augmented_llm
aug_대출 사기형_0279,"[2, 3, 3, 3, 3, 3, 3, 3, 3]",1,대출 사기형,augmented_llm
aug_대출 사기형_0280,"[2, 2, 3, 3, 3, 3, 3, 3]",1,대출 사기형,augmented_llm
aug_대출 사기형_0281,"[2, 2, 2, 2, 2, 2, 3, 3, 2, 3, 3, 3]",1,대출 사기형,augmented_llm
aug_대출 사기형_0282,"[2, 2, 2, 3, 3, 3, 3, 3, 3, 3]",1,대출 사기형,augmented_llm
aug_대출 사기형_0283,"[2, 2, 2, 2, 3, 3, 3, 2, 3]",1,대출 사기형,augmented_llm
aug_대출 사기형_0284,"[2, 3, 3, 3, 3, 3, 3, 3]",1,대출 사기형,augmented_llm
aug_대출 사기형_0285,"[2, 3, 3, 3, 3, 3, 3, 3]",1,대출 사기형,augmented_llm
aug_대출 사기형_0286,"[2, 2, 2, 2, 3, 3, 3, 3, 3, 3]",1,대출 사기형,augmented_llm
aug_대출 사기형_0287,"[2, 2, 2, 2, 2, 2, 2, 2, 2]",1,대출 사기형,augmented_llm
aug_대출 사기형_0288,"[2, 2, 2, 3, 3, 3, 3, 3]",1,대출 사기형,augmented_llm
aug_대출 사기형_0289,"[2, 3, 3, 3, 3, 3, 3, 3]",1,대출 사기형,augmented_llm
aug_대출 사기형_0290,"[2, 3, 3, 3, 2, 2, 3, 3]",1,대출 사기형,augmented_llm
aug_대출 사기형_0291,"[1, 2, 2, 2, 2, 3, 3, 3, 3, 3, 3]",1,대출 사기형,augmented_llm
aug_대출 사기형_0292,"[1, 1, 1, 2, 3, 3, 3, 2, 2, 3]",1,대출 사기형,augmented_llm
aug_대출 사기형_0293,"[1, 2, 3, 3, 3, 3, 2, 3, 3]",1,대출 사기형,augmented_llm
aug_대출 사기형_0294,"[2, 2, 2, 3, 3, 3, 2, 3, 3]",1,대출 사기형,augmented_llm
aug_대출 사기형_0295,"[1, 2, 2, 3, 3, 3, 3, 3]",1,대출 사기형,augmented_llm
aug_대출 사기형_0296,"[1, 2, 2, 2, 2, 2, 2, 3, 3, 3, 3]",1,대출 사기형,augmented_llm
aug_대출 사기형_0297,"[1, 2, 2, 2, 2, 3, 3, 3, 2, 3]",1,대출 사기형,augmented_llm
aug_대출 사기형_0298,"[1, 2, 2, 2, 2, 2, 3, 3, 3, 2]",1,대출 사기형,augmented_llm
aug_대출 사기형_0299,"[1, 2, 2, 3, 3, 3, 3, 2, 2]",1,대출 사기형,augmented_llm
aug_대출 사기형_0300,"[2, 3, 3, 3, 3, 3, 3, 3, 2]",1,대출 사기형,augmented_llm
aug_대출 사기형_0301,"[1, 2, 2, 2, 2, 3, 3, 3, 3]",1,대출 사기형,augmented_llm
aug_대출 사기형_0302,"[1, 2, 2, 2, 2, 3, 3, 3]",1,대출 사기형,augmented_llm
aug_대출 사기형_0303,"[2, 2, 2, 3, 3, 3, 3, 3]",1,대출 사기형,augmented_llm
aug_대출 사기형_0304,"[2, 2, 2, 3, 3, 3, 3]",1,대출 사기형,augmented_llm
aug_대출 사기형_0305,"[2, 2, 2, 3, 3, 2, 2]",1,대출 사기형,augmented_llm
aug_대출 사기형_0306,"[2, 2, 2, 2, 3, 3, 3, 2, 3, 3, 3]",1,대출 사기형,augmented_llm
aug_대출 사기형_0307,"[1, 2, 2, 2, 2, 3, 3, 2, 3, 3]",1,대출 사기형,augmented_llm
aug_대출 사기형_0308,"[2, 2, 2, 2, 2, 3, 3, 3, 3, 3]",1,대출 사기형,augmented_llm
aug_대출 사기형_0309,"[2, 2, 2, 2, 2, 2, 3, 3]",1,대출 사기형,augmented_llm
aug_대출 사기형_0310,"[2, 2, 2, 3, 3, 3, 3, 3, 2]",1,대출 사기형,augmented_llm
aug_대출 사기형_0311,"[2, 2, 2, 2, 3, 3, 2, 2, 3, 3]",1,대출 사기형,augmented_llm
aug_대출 사기형_0312,"[2, 2, 2, 2, 2, 3, 3, 3]",1,대출 사기형,augmented_llm
aug_대출 사기형_0313,"[2, 2, 3, 3, 3, 2, 3, 3]",1,대출 사기형,augmented_llm
aug_대출 사기형_0314,"[2, 1, 3, 3, 2, 2, 3, 3]",1,대출 사기형,augmented_llm
aug_대출 사기형_0315,"[2, 3, 3, 2, 2, 2, 3, 3]",1,대출 사기형,augmented_llm
aug_수사기관 사칭형_0172,"[3, 3, 3, 3, 3, 3, 3, 3, 2, 3, 3, 3, 3, 3, 2]",1,수사기관 사칭형,augmented_llm
phishing_수사기관 사칭형_139,"[2, 3, 3, 2, 2, 2, 3, 3, 3, 3, 3, 3, 3, 3, 3, 3, 3, 2, 2, 1, 1, 3, 3, 3, 3, 3, 3, 3, 3, 3, 3, 2, 2, 1, 2, 3, 3, 3, 3, 3, 3, 2, 2, 2, 3, 3, 3, 1, 2, 2, 2, 2, 2, 1, 1, 1, 3, 3, 3, 3, 3, 2, 2, 2, 1, 2, 2, 2, 2, 1]",1,수사기관 사칭형,original
phishing_수사기관 사칭형_223,"[2, 2, 2, 2, 2, 2, 3, 3, 3, 3, 3, 3, 2, 2, 2, 2, 1, 2, 2, 2, 2, 2, 2, 1, 1, 2, 2, 2, 1, 1, 1, 1, 1, 1, 1, 1, 1, 2, 2, 2, 2, 1, 1, 1, 1, 1, 1, 1, 2, 2, 2, 2, 1, 1, 1, 1, 2, 2, 3, 3, 3, 1, 2, 2, 2, 1, 1, 1, 1, 1]",1,수사기관 사칭형,original
phishing_대출 사기형_23,"[2, 2, 2, 2, 2, 2, 2, 2, 2, 2, 2, 2, 2, 2, 2, 2, 2, 2, 2, 2, 2, 2, 2, 2, 2, 2, 2, 2, 2, 2, 2, 2, 2, 2, 2, 2, 2, 2, 2, 2, 2, 1, 2, 2, 2, 2, 2, 2, 2, 1, 1, 1, 1, 1, 1, 1, 2, 2, 2, 2, 2, 2, 2, 1, 2, 2, 2, 2, 2, 2, 1, 1, 1, 1, 1]",1,대출 사기형,original
phishing_대출 사기형_41,"[1, 2, 2, 2, 1, 1, 1, 1, 1, 2, 3, 3, 2, 1, 3, 3, 3, 1, 1, 2, 2, 2, 1, 2, 3, 3, 3, 2, 1, 1, 1, 1, 1, 3, 3, 1, 1, 1, 1, 1, 1, 1, 1, 1, 1, 1, 1, 1, 1, 1, 1, 2, 2, 1, 1, 1, 1, 1, 1, 1, 2, 2, 2, 2, 1, 1, 1, 1, 1, 1, 1, 1, 1, 1, 3, 3, 3, 1, 1, 1, 1, 1, 1, 1, 1, 1, 1, 1, 1, 1, 1, 1, 1, 1, 1]",1,대출 사기형,original
phishing_대출 사기형_66,"[1, 1, 1, 1, 2, 2, 2, 2, 2, 2, 2, 2, 2, 2, 2, 2, 2, 2, 2, 2, 2, 2, 2, 2, 2, 1, 2, 2, 2, 2, 2, 2, 2, 2, 2, 1, 2, 2, 2, 1, 2, 2, 2, 3, 3, 3, 1, 1, 1, 1, 1, 1, 2, 2, 2, 2, 2, 2, 1, 1, 1, 1, 1, 1, 2, 2, 2, 1, 1, 1, 1, 1]",1,대출 사기형,original
phishing_대출 사기형_79,"[1, 2, 2, 2, 2, 2, 1, 1, 1, 3, 3, 3, 2, 2, 2, 2, 2, 2, 1, 3, 3, 2, 2, 3, 3, 3, 2, 2, 1, 1, 1, 1, 1, 1, 1, 1, 2, 2, 2, 1, 1, 1, 1, 1, 1, 1, 1, 1, 1, 1, 1, 1, 1, 1, 2, 2, 2, 2, 1, 1, 1, 2, 2, 2, 1, 1, 1, 1, 1, 1, 1, 1, 1, 1, 1, 1, 1, 1, 1, 1, 1, 2, 2, 1, 1, 2, 2, 1, 1, 1, 1, 1, 1, 1, 1, 1, 1, 1, 1, 1, 1, 1, 1, 1, 1, 1, 1, 2, 2, 2, 2, 1, 1, 1, 1, 1, 1, 1, 1, 1, 1, 1, 1, 1, 1, 2, 2, 2, 2, 2, 1, 3, 3, 3, 1, 2, 2]",1,대출 사기형,original
phishing_대출 사기형_101,"[1, 2, 2, 2, 2, 1, 2, 2, 2, 1, 1, 1, 3, 3, 3, 2, 2, 2, 3, 3, 3, 2, 1, 2, 2, 2, 3, 3, 3, 3, 1, 1, 1, 1, 1, 1, 1, 3, 3, 3, 3, 3, 3, 3, 2, 2, 2, 1, 1, 1, 1, 1, 1, 1, 1, 1, 1, 1, 2, 2, 3, 3, 3, 1, 2, 3, 3, 3, 1, 2, 2, 2, 1, 1, 1, 1, 3, 3, 3, 1, 1]",1,대출 사기형,original
phishing_대출 사기형_120,"[1, 1, 1, 1, 1, 2, 2, 2, 2, 1, 1, 2, 2, 2, 1, 2, 2, 2, 2, 2, 2, 2, 2, 2, 2, 2, 2, 2, 2, 2, 2, 2, 2, 2, 2, 2, 2, 2, 2, 2, 2, 1, 2, 2, 2, 2, 1, 1, 1, 1, 1, 1, 1, 1, 1, 1, 1, 1, 1, 1, 1, 1, 1, 1, 1, 1, 1, 1, 1, 1, 1, 1]",1,대출 사기형,original
phishing_대출 사기형_145,"[2, 3, 3, 3, 2, 2, 1, 1, 1, 2, 3, 3, 2, 1, 3, 3, 3, 2, 1, 2, 2, 2, 2, 2, 2, 2, 2, 2, 2, 1, 1, 1, 3, 3, 3, 1, 1, 1, 1, 1, 1, 1, 1, 1, 1, 1, 1, 1, 1, 1, 1, 1, 2, 2, 2, 2, 2, 2, 2, 2, 2, 2, 2, 2, 2, 2, 1, 1, 1, 1, 1, 1, 1, 1, 1, 2, 2, 1, 1, 1, 1, 1, 1, 1, 1, 2, 2, 2, 1, 1, 1, 1, 1, 1, 1]",1,대출 사기형,original
phishing_대출 사기형_163,"[2, 2, 2, 2, 2, 2, 2, 2, 2, 2, 2, 2, 2, 2, 2, 2, 2, 2, 2, 2, 2, 2, 2, 2, 2, 2, 2, 2, 1, 2, 2, 2, 2, 2, 2, 1, 1, 1, 1, 1, 1, 1, 1, 1, 1, 2, 2, 2, 2, 1, 1, 1, 1, 1, 1, 1, 1, 1, 1, 1, 1, 1, 1, 1, 1, 1, 1, 1, 1, 1, 1, 1, 1, 1, 1]",1,대출 사기형,original
phishing_수사기관 사칭형_29,"[1, 3, 3, 3, 3, 3, 3, 1, 3, 3, 3, 3, 1, 1, 3, 3, 3, 2, 1, 1, 2, 2, 2, 2, 2, 2, 2, 2, 2, 2, 2, 2, 2, 2, 2, 2, 2, 2, 2, 2, 2, 2, 2, 2, 2, 2, 2, 2, 2, 2, 2, 2, 1, 1, 2, 2, 2, 2, 2, 2, 2, 2, 2, 2, 2, 2, 2, 2, 2, 2, 1, 2, 2, 2, 2, 2, 2, 2, 2, 2, 2, 1, 1, 1, 2, 3, 3, 3, 2, 2, 2, 2, 2, 1, 1, 1, 1, 1, 1, 1, 1, 1, 1, 1, 1, 1, 1, 1, 1, 1, 1, 1]",1,수사기관 사칭형,original
phishing_수사기관 사칭형_33,"[2, 2, 3, 3, 3, 3, 3, 3, 2, 2, 2, 3, 3, 3, 3, 3, 3, 3, 3, 3, 3, 3, 2, 2, 2, 2, 2, 2, 1, 1, 1, 2, 2, 1, 1, 1, 1, 1, 1, 1, 1, 1, 2, 3, 3, 3, 2, 2, 2, 2, 2, 2, 1, 1, 1, 1, 1, 1, 1, 1, 1, 1, 1, 1, 1, 1, 1, 1, 1, 1, 1, 3, 3, 1, 1, 1, 1, 2, 2, 2, 1, 1, 1, 1, 1, 1, 1, 1, 1, 3, 3, 3, 3, 3, 1, 1, 3, 3, 2, 2, 1, 1, 1, 2, 2, 3, 3, 3, 3, 3, 3, 3, 3, 2, 1, 3, 3, 3, 3, 2, 2, 2, 2, 2, 2, 2, 2, 2, 2, 1, 3, 3, 3, 1, 1]",1,수사기관 사칭형,original
phishing_수사기관 사칭형_34,"[2, 3, 3, 3, 3, 2, 2, 2, 1, 1, 1, 1, 1, 2, 2, 2, 1, 2, 2, 2, 3, 3, 3, 2, 2, 2, 2, 2, 3, 3, 3, 3, 3, 3, 3, 3, 3, 3, 3, 3, 3, 3, 3, 3, 3, 3, 3, 3, 2, 3, 3, 2, 1, 1, 2, 3, 3, 1, 3, 3, 3, 3, 1, 1, 1, 1, 1, 1, 1, 1, 1, 1, 1, 1, 1, 1, 3, 3, 1, 1, 1, 1, 1, 3, 3, 3, 3, 3, 3, 1, 3, 3, 3, 1, 1, 1, 3, 3, 3, 1]",1,수사기관 사칭형,original
phishing_수사기관 사칭형_39,"[2, 2, 2, 2, 2, 2, 2, 3, 3, 3, 2, 2, 3, 3, 3, 2, 2, 2, 1, 1, 1, 1, 1, 1, 1, 1, 3, 3, 3, 2, 2, 1, 1, 2, 2, 2, 1, 1, 1, 1, 1, 1, 1, 1, 2, 2, 2, 1, 1, 1, 1, 3, 3, 2, 2, 2, 1, 1, 1, 1, 1, 1, 1, 1, 1, 1, 1, 1, 1, 1, 2, 2, 2, 1, 1, 1, 1, 1, 1, 1, 1, 2, 2, 1, 1, 1, 1, 2, 2, 1, 1, 1, 1, 1, 1, 1, 1, 1, 1, 1, 1, 1, 1, 1, 1, 1, 3, 3, 3, 3, 1, 1, 1, 1, 1, 1, 1, 1]",1,수사기관 사칭형,original
phishing_수사기관 사칭형_47,"[3, 3, 3, 3, 3, 3, 3, 2, 3, 3, 3, 3, 3, 2, 2, 3, 3, 3, 1, 1, 1, 2, 2, 2, 3, 3, 3, 3, 3, 1, 1, 1, 1, 1, 2, 3, 3, 3, 2, 1, 1, 1, 1, 3, 3, 3, 2, 2, 2, 2, 3, 3, 3, 3, 2, 2, 1, 1, 1, 1, 1, 1, 1, 3, 3, 1, 1, 1, 1, 1, 1, 1, 1, 1, 1, 1, 1, 3, 3, 3, 3, 3, 3, 3, 3, 3, 1, 3, 3, 3, 3, 3, 1, 1, 1, 1, 1, 1, 1, 1, 1, 1, 3, 3, 3, 1, 1, 1, 1, 1, 1, 1, 1, 1, 1, 1, 1, 1, 1, 1, 1, 2, 2, 2, 1, 1, 1, 3, 3, 3, 3, 1, 1, 1, 1, 1, 1, 1, 1]",1,수사기관 사칭형,original
phishing_수사기관 사칭형_67,"[1, 3, 3, 3, 3, 3, 3, 3, 2, 3, 3, 3, 3, 3, 3, 1, 1, 1, 2, 2, 2, 2, 2, 3, 3, 2, 2, 2, 2, 2, 1, 2, 2, 1, 1, 1, 1, 1, 1, 1, 1, 1, 1, 1, 1, 1, 3, 3, 3, 2, 1, 1, 1, 1, 1, 1, 1, 1, 2, 2, 2, 2, 1, 1, 1, 1, 1, 2, 2, 3, 3, 3, 2, 2, 1, 1, 1, 1, 1, 1, 1, 1, 1, 1, 1, 1, 1, 1, 1, 1]",1,수사기관 사칭형,original
phishing_수사기관 사칭형_68,"[2, 2, 2, 2, 1, 3, 3, 3, 3, 3, 3, 2, 2, 2, 2, 2, 2, 2, 2, 2, 1, 1, 2, 2, 2, 1, 1, 1, 2, 3, 3, 3, 2, 2, 1, 1, 1, 2, 2, 2, 2, 2, 2, 2, 1, 1, 1, 1, 1, 1, 2, 2, 3, 3, 1, 2, 2, 2, 2, 1, 1, 1, 1, 1, 1, 1, 1, 1, 1, 1, 1, 1, 2, 2, 2, 2]",1,수사기관 사칭형,original
phishing_수사기관 사칭형_75,"[2, 2, 3, 3, 3, 2, 2, 3, 3, 3, 2, 1, 1, 1, 2, 2, 3, 3, 2, 1, 3, 3, 3, 1, 1, 1, 1, 1, 1, 1, 1, 1, 1, 1, 1, 1, 1, 1, 1, 1, 1, 1, 1, 1, 1, 1, 1, 1, 3, 3, 3, 3, 3, 3, 3, 1, 1, 1, 3, 3, 2, 2, 2, 1]",1,수사기관 사칭형,original
phishing_수사기관 사칭형_88,"[1, 1, 2, 2, 2, 2, 2, 2, 1, 2, 2, 2, 3, 3, 3, 3, 1, 1, 1, 1, 1, 2, 2, 2, 3, 3, 2, 3, 3, 3, 2, 2, 3, 3, 3, 2, 2, 2, 3, 3, 3, 3, 3, 3, 3, 3, 3, 2, 2, 2, 2, 2, 2, 2, 2, 1, 1, 1, 1, 1, 2, 2, 2, 1, 1, 1, 2, 2, 2, 1, 1, 2, 2, 2, 2, 2, 1, 1, 3, 3, 3, 1, 1, 1, 2, 2, 1, 1, 1, 1, 1, 1, 2, 2, 2, 2, 2, 2, 2, 2, 2, 1, 1, 1, 1, 1, 2, 2, 2, 2, 2, 2, 1, 1, 1, 1, 1, 2, 2, 2, 1, 1, 2, 2, 2, 2, 2, 2, 1, 1, 1, 1, 1, 3, 3, 3, 1, 1, 1, 2, 2, 2, 2, 2, 2, 2, 2, 2, 2, 2, 2, 2, 2, 1, 1, 2, 2, 2, 1, 1, 1, 1, 1, 1, 1, 1, 1, 1, 1, 1, 1, 1]",1,수사기관 사칭형,original
phishing_수사기관 사칭형_96,"[3, 3, 2, 2, 2, 2, 2, 3, 3, 3, 3, 2, 2, 2, 2, 2, 2, 1, 1, 1, 2, 3, 3, 2, 2, 2, 2, 2, 2, 3, 3, 3, 1, 1, 1, 3, 3, 3, 3, 2, 2, 2, 2, 2, 2, 2, 2, 2, 3, 3, 3, 3, 3, 1, 1, 1, 1, 1, 1, 1, 1, 2, 2, 1, 1, 1, 1, 1, 1, 1, 1, 1]",1,수사기관 사칭형,original
phishing_수사기관 사칭형_109,"[2, 2, 3, 3, 3, 2, 2, 2, 1, 3, 3, 3, 2, 1, 1, 1, 2, 2, 3, 3, 3, 3, 2, 2, 2, 2, 2, 2, 2, 3, 3, 3, 2, 2, 2, 2, 1, 1, 1, 2, 2, 2, 2, 2, 2, 2, 2, 2, 2, 2, 2, 2, 2, 2, 2, 2, 2, 2, 3, 3, 3, 3, 2, 2, 2, 3, 3, 3, 1, 1, 1, 1, 1, 1, 1, 1]",1,수사기관 사칭형,original
phishing_수사기관 사칭형_128,"[1, 1, 1, 1, 2, 2, 3, 3, 3, 2, 3, 3, 3, 3, 3, 2, 2, 3, 3, 3, 3, 3, 2, 1, 1, 1, 1, 1, 1, 1, 1, 1, 1, 1, 1, 3, 3, 3, 3, 3, 1, 1, 1, 1, 1, 1, 1, 1, 1, 1, 1, 1, 1, 1, 1, 2, 2, 2, 2, 1, 2, 2, 2, 2, 3, 3, 3, 3, 3, 3, 3, 3, 2, 2, 2, 3, 3, 3, 3, 3, 3, 1, 1, 1, 1, 1, 1, 1, 1, 1, 1, 1, 1, 1, 1, 2, 2, 2, 2, 1, 2, 2, 2, 1, 1, 1, 1, 1, 3, 3, 3, 1, 1, 1, 1, 1, 1, 1, 2, 2, 2, 2, 3, 3, 3, 3, 3, 1, 2, 2, 2, 2, 2, 1, 1, 1, 1, 1, 1, 1, 1, 3, 3, 3, 3, 3, 3, 3, 3, 3, 3, 3, 1, 2, 2, 3, 3, 3, 3, 3, 3, 3, 3, 3, 2, 2, 2, 1, 1, 1, 1, 1, 1, 1, 2, 2, 2, 1, 1, 1, 1, 1, 1, 1, 1]",1,수사기관 사칭형,original
phishing_수사기관 사칭형_129,"[1, 1, 1, 1, 1, 1, 1, 1, 1, 1, 1, 1, 2, 2, 3, 3, 3, 2, 2, 2, 2, 2, 2, 3, 3, 2, 2, 1, 2, 2, 1, 1, 2, 2, 2, 2, 2, 2, 2, 2, 1, 1, 1, 1, 1, 1, 1, 1, 1, 2, 2, 2, 2, 2, 1, 2, 2, 2, 2, 2, 1, 1, 1, 1, 2, 2, 1, 2, 2, 2, 2, 1, 1, 1, 1, 1, 1, 2, 2, 2, 2, 2, 2, 2, 2, 2, 2, 2, 1, 2, 2, 2, 2, 2, 1, 1, 2, 2, 2, 2, 3, 3, 3]",1,수사기관 사칭형,original
phishing_수사기관 사칭형_130,"[2, 2, 2, 2, 3, 3, 3, 2, 2, 2, 2, 1, 1, 3, 3, 3, 2, 2, 2, 2, 2, 2, 2, 2, 1, 1, 1, 1, 1, 1, 1, 1, 1, 1, 1, 2, 2, 2, 2, 1, 2, 2, 2, 1, 1, 1, 1, 1, 2, 2, 2, 2, 2, 3, 3, 3, 1, 2, 3, 3, 3, 3, 3, 3, 1, 1, 1, 3, 3, 3, 3, 2, 2, 3, 3, 3, 3, 2, 2, 2, 2, 2, 2, 2, 2, 2, 2, 2, 2, 1, 1, 1, 2, 2, 1, 1, 1, 1, 1, 1, 1]",1,수사기관 사칭형,original
phishing_수사기관 사칭형_131,"[1, 1, 1, 1, 1, 1, 1, 1, 1, 1, 1, 1, 1, 2, 2, 2, 2, 2, 1, 1, 2, 2, 2, 2, 2, 2, 1, 1, 2, 2, 2, 2, 2, 2, 1, 3, 3, 3, 3, 3, 1, 1, 1, 1, 1, 1, 1, 1, 2, 2, 2, 2, 2, 2, 2, 2, 2, 2, 2, 1, 1, 1, 1, 1, 1, 1, 1, 1, 1, 1, 1, 1, 1, 1, 1, 1, 1, 1, 1, 1, 1, 1, 2, 3, 3, 3, 3, 3, 3, 1, 3, 3, 3, 1, 3, 3, 1, 3, 3, 3, 3, 3, 1, 1, 1, 1, 1, 1, 1, 1, 1, 1, 1, 1, 1, 1, 1, 1, 1, 1, 1, 1, 1, 1, 1, 3, 3, 3, 3, 3, 1, 1, 1, 1, 3, 3, 3, 3, 3, 1, 1, 1, 1, 3, 3, 3, 1, 1, 1, 1, 1, 1, 1, 1, 1, 3, 3, 3, 1, 3, 3, 3, 1, 1, 1, 1, 1]",1,수사기관 사칭형,original
phishing_수사기관 사칭형_132,"[1, 1, 1, 2, 2, 2, 2, 2, 2, 2, 2, 2, 3, 3, 2, 2, 2, 2, 2, 2, 3, 3, 3, 3, 3, 2, 2, 2, 2, 2, 3, 3, 3, 2, 2, 2, 1, 1, 1, 2, 2, 1, 1, 1, 1, 1, 1, 1, 1, 1, 3, 3, 3, 2, 3, 3, 3, 2, 1, 1, 1, 1, 1, 2, 2, 1, 1, 1, 1, 1, 1, 1, 1, 1, 1, 1, 1, 1, 1, 1, 1, 1, 1, 1, 1, 1, 1, 1, 2, 2, 2, 2, 2, 3, 3, 3, 3, 3, 2, 2, 2, 1, 1, 1, 1, 1, 1, 1, 1, 1, 1, 1, 2, 2, 2, 2, 2, 2, 2, 2, 2, 2, 1, 2, 2, 2, 2, 2, 1, 1, 2, 2, 2, 2, 2, 2, 2, 2, 2, 1, 1, 1, 1, 1, 1, 2, 2]",1,수사기관 사칭형,original
phishing_수사기관 사칭형_133,"[2, 2, 2, 3, 3, 3, 2, 2, 1, 2, 3, 3, 3, 3, 2, 2, 3, 3, 3, 2, 2, 2, 2, 2, 2, 2, 2, 1, 1, 2, 2, 3, 3, 3, 1, 1, 3, 3, 3, 2, 1, 1, 2, 2, 1, 1, 1, 2, 2, 1, 1, 1, 1, 1, 1, 1, 1, 2, 2, 2, 2, 2, 2, 2, 2, 2, 1, 1, 1, 1, 1, 1, 1, 2, 2, 2, 2, 1, 1, 1, 1, 1, 1, 1, 1, 2, 2, 2, 2, 2, 2, 2, 2, 1, 1, 1]",1,수사기관 사칭형,original
phishing_수사기관 사칭형_135,"[2, 2, 2, 2, 2, 3, 3, 3, 3, 3, 3, 1, 1, 3, 3, 3, 2, 3, 3, 3, 2, 2, 2, 2, 2, 2, 2, 3, 3, 3, 3, 3, 3, 3, 3, 3, 1, 3, 3, 3, 3, 2, 2, 3, 3, 3, 2, 1, 1, 1, 1, 1, 1, 1, 1, 1, 2, 2, 3, 3, 3, 3, 1, 1, 1, 1, 1, 1, 1, 2, 2, 2, 1, 1, 1, 1, 1, 1, 1, 1, 1, 1, 1, 1, 1, 1, 1, 1, 1, 3, 3, 3, 3, 3, 2, 2, 2, 2, 1, 2, 3, 3, 3, 3, 3, 3, 1, 1, 1, 2, 2, 2, 1, 1, 1, 1, 1, 1, 1, 1, 1, 1, 1, 1, 1, 1, 1, 1, 1, 1, 1, 1, 1, 1, 1, 1, 1, 1, 1, 1, 1, 1, 1, 1, 1, 1, 1, 1, 1, 1, 1, 1, 3, 3, 3, 2, 2, 1, 1, 1, 1, 1, 2, 2, 2, 2, 3, 3, 3, 3, 1, 1, 2, 2, 1, 1, 1, 1, 1, 1, 1, 2, 3, 3, 3, 1, 1, 1, 1, 1, 1, 1, 1, 1, 1, 1, 1, 1, 2, 2, 2, 1, 1, 1, 1, 1, 1, 2, 2, 2, 3, 3, 3, 1, 1, 1, 1, 1, 1, 1, 1, 1, 1, 1, 1, 1, 1]",1,수사기관 사칭형,original
phishing_수사기관 사칭형_136,"[2, 3, 3, 2, 3, 3, 3, 3, 1, 1, 2, 3, 3, 3, 1, 2, 2, 2, 2, 1, 1, 1, 2, 2, 3, 3, 1, 2, 2, 2, 1, 1, 1, 1, 1, 1, 1, 1, 1, 3, 3, 3, 2, 1, 1, 1, 1, 1, 1, 1, 1, 1, 1, 1, 1, 2, 2, 1, 1, 1, 1, 1, 1, 1, 1, 1, 1, 2, 2, 2, 2, 2, 1, 1, 1]",1,수사기관 사칭형,original
phishing_수사기관 사칭형_137,"[2, 2, 2, 2, 3, 3, 3, 2, 2, 1, 1, 2, 2, 2, 1, 2, 3, 3, 2, 3, 3, 3, 1, 2, 3, 3, 3, 3, 3, 3, 2, 3, 3, 3, 3, 2, 2, 2, 2, 2, 1, 1, 1, 1, 1, 1, 1, 1, 1, 1, 2, 2, 2, 2, 2, 1, 1, 1, 1, 1, 1, 1, 2, 3, 3, 3, 2, 1, 1, 2, 2, 2, 2, 2, 2, 1, 1, 1, 1, 1, 2, 2, 2, 2, 1, 1, 1, 1, 1, 1, 1, 1, 1, 1, 1, 1, 1, 1, 1, 1, 1, 1, 1, 1, 1, 1, 1]",1,수사기관 사칭형,original
phishing_수사기관 사칭형_187,"[2, 3, 3, 3, 3, 3, 2, 2, 3, 3, 3, 3, 3, 3, 3, 3, 3, 3, 2, 2, 2, 2, 2, 2, 1, 1, 1, 1, 1, 2, 2, 2, 2, 2, 2, 1, 2, 2, 2, 2, 2, 2, 2, 1, 1, 1, 1, 1, 1, 1, 1, 3, 3, 3, 1, 1, 1, 1, 1, 1, 1, 3, 3, 3, 3, 3, 2, 2, 2, 2, 2, 2, 2, 2, 2, 3, 3, 3, 1, 3, 3, 3, 3, 3, 2, 2, 2, 2, 2, 1, 1, 1, 1, 1, 1, 1, 1, 1, 1, 1, 1, 1, 1, 1, 1, 1, 1, 1, 1, 1, 1, 1, 1, 1, 1, 1, 1, 1, 1, 1, 1, 1, 1, 1]",1,수사기관 사칭형,original
phishing_수사기관 사칭형_188,"[3, 3, 3, 2, 2, 2, 2, 2, 2, 2, 2, 2, 2, 3, 3, 3, 2, 3, 3, 3, 3, 3, 1, 1, 1, 1, 1, 1, 1, 1, 1, 3, 3, 2, 2, 2, 2, 1, 1, 2, 3, 3, 3, 1, 2, 2, 2, 2, 2, 1, 2, 2, 2, 2, 2, 2, 1, 1, 1, 1, 2, 2, 2, 2, 2, 2, 2, 2, 2, 2, 2, 2, 2, 2, 1, 1, 1, 1, 1, 1, 1, 2, 3, 3, 3, 2, 3, 3, 3, 3, 2, 2, 2, 3, 3, 3, 2, 1, 2, 2, 2, 2, 1, 1, 1, 1, 1, 1, 1, 1, 1, 1, 1, 1, 1, 1, 1, 1, 1, 1, 1, 1, 1, 1, 1, 1, 1, 2, 2, 1, 1, 1, 1, 2, 2, 2, 1, 1, 1, 1, 1, 1, 1, 1, 1, 1, 1, 1, 1, 1, 1, 1, 1, 1, 1, 1, 1, 1, 1, 1, 1, 1, 1, 1, 1, 1, 1, 1, 1]",1,수사기관 사칭형,original
phishing_수사기관 사칭형_189,"[2, 2, 1, 1, 1, 2, 2, 2, 2, 3, 3, 3, 3, 2, 1, 1, 1, 1, 1, 1, 3, 3, 3, 3, 3, 2, 1, 2, 2, 1, 1, 1, 1, 1, 1, 1, 1, 3, 3, 3, 1, 1, 1, 1, 1, 1, 1, 1, 1, 1, 1, 2, 2, 2, 2, 1, 1, 1, 1, 1, 1, 1, 1, 1, 1, 1, 1, 1, 1, 1, 2, 2, 1, 1, 1, 1, 1, 1, 1, 1, 1, 1, 1, 1, 1, 1, 1, 1, 1, 1, 1, 1, 1, 1, 1, 1, 1, 1, 1, 1, 1, 1, 1, 1, 1, 1, 1, 1, 2, 2, 2, 2, 2, 2, 2, 2, 2, 2, 2, 2, 2, 2, 2, 2, 2, 1, 1, 1, 1, 1, 1, 1, 1, 1, 1, 1, 1, 1, 1, 1, 1, 1, 1, 1, 1, 1, 1, 1, 1, 1, 1, 1, 1, 1, 2, 2, 2, 2, 1, 1, 1, 1, 1, 1, 1, 1, 1, 1, 1, 1, 1, 1, 1, 1, 1, 1, 1, 1, 2, 2, 2, 2, 2, 2, 2, 2, 2, 2, 2, 2, 2, 2, 1, 1, 1, 1, 1, 1, 1, 1, 1, 2, 2, 2, 2, 2, 2, 2, 2, 2, 2, 1, 1, 1, 1, 1, 1, 1, 1, 1, 1, 1, 1, 1, 1, 1, 1, 1, 1, 1, 1, 1, 1, 1, 1, 1]",1,수사기관 사칭형,original
phishing_수사기관 사칭형_190,"[2, 2, 3, 3, 3, 3, 3, 2, 1, 1, 2, 2, 2, 2, 2, 3, 3, 3, 2, 1, 1, 1, 1, 1, 1, 1, 1, 1, 1, 1, 1, 1, 3, 3, 1, 1, 2, 2, 2, 1, 1, 2, 3, 3, 3, 3, 3, 3, 3, 3, 3, 3, 3, 3, 3, 3, 3, 3, 2, 3, 3, 2, 3, 3, 3, 3, 3, 2, 2, 3, 3, 3, 3, 2, 2, 2, 2, 2, 2, 2, 1, 1, 1, 1, 2, 2, 2, 2, 3, 3, 3, 3, 3, 3, 3, 3, 2, 2, 2, 3, 3, 3, 2, 2, 2, 2, 2, 2, 2, 1, 1, 1, 1, 1, 1, 1, 1, 1, 2, 3, 3, 3, 3, 2, 2, 1, 1, 2, 2, 2, 1, 2, 2, 2, 2, 2, 1, 1, 1, 2, 2, 2, 1, 1, 1, 1, 1, 1, 1, 1, 1, 1, 1, 2, 2, 2, 1, 1, 2, 2, 2, 1, 1, 3, 3, 3, 1, 1, 1, 1, 3, 3]",1,수사기관 사칭형,original
phishing_수사기관 사칭형_191,"[3, 3, 2, 3, 3, 3, 2, 2, 3, 3, 3, 3, 2, 2, 3, 3, 3, 3, 3, 3, 3, 2, 2, 2, 2, 1, 2, 2, 2, 2, 2, 2, 2, 2, 2, 2, 2, 2, 2, 1, 1, 2, 2, 2, 2, 2, 2, 1, 1, 1, 3, 3, 3, 2, 2, 2, 2, 2, 2, 2, 1, 1, 2, 2, 2, 2, 3, 3, 3, 1, 1, 1, 1, 1, 2, 2, 2, 1, 1, 1, 1, 1, 2, 2, 2, 2, 1, 1, 1, 1, 1, 1, 1]",1,수사기관 사칭형,original
phishing_수사기관 사칭형_192,"[1, 1, 1, 1, 1, 1, 1, 1, 1, 1, 1, 2, 2, 2, 2, 2, 2, 2, 1, 1, 1, 1, 1, 1, 1, 1, 1, 1, 2, 2, 2, 2, 1, 2, 2, 2, 1, 1, 1, 1, 1, 1, 1, 1, 1, 3, 3, 3, 2, 3, 3, 3, 3, 2, 2, 2, 2, 2, 2, 1, 1, 1, 1, 1, 1, 1, 1, 1, 1, 1, 1, 2, 2, 1, 1, 1, 1]",1,수사기관 사칭형,original
phishing_수사기관 사칭형_193,"[2, 2, 2, 2, 1, 1, 1, 1, 1, 1, 1, 1, 1, 1, 1, 1, 1, 1, 1, 1, 1, 1, 1, 1, 1, 1, 2, 2, 3, 3, 2, 2, 2, 2, 1, 2, 2, 2, 2, 1, 3, 3, 3, 3, 2, 2, 2, 2, 2, 2, 2, 2, 2, 2, 2, 2, 2, 2, 2, 2, 2, 2, 2, 2, 2, 2, 2, 2, 2, 2, 2, 2, 2, 2, 2, 2, 2, 2, 2, 2, 3, 3, 3, 2, 2, 1, 1, 2, 2, 2, 1, 1, 1, 1, 2, 2, 2, 2, 2, 2, 2, 1, 1, 1, 3, 3, 3, 3, 3, 3, 3, 3, 2, 2, 2, 2, 1, 2, 2, 2, 3, 3, 3, 2, 2, 1, 1, 1, 1, 1, 1, 1, 1, 1, 1, 1, 1, 1, 1, 1, 1, 1, 1, 1, 1, 1, 1, 1, 1, 1, 1, 1, 1, 1, 1, 1, 1, 1, 1, 1, 3, 3, 3, 3, 2, 2, 2, 2, 2, 2, 1, 1, 2, 2, 2, 2, 2, 2, 2, 2, 2, 2, 2, 1, 1, 1, 1, 1, 1, 1, 1, 1, 1, 1, 2, 2, 2, 1, 1, 1, 1, 1, 1, 1, 1, 1, 1, 1, 1, 1, 1, 1, 1, 1, 1, 1, 1, 1, 1, 1, 1, 1, 1, 1, 1, 1, 1]",1,수사기관 사칭형,original
phishing_수사기관 사칭형_194,"[1, 1, 1, 1, 1, 1, 1, 1, 1, 1, 1, 1, 2, 2, 2, 2, 2, 2, 2, 2, 2, 1, 1, 1, 1, 1, 1, 1, 1, 2, 2, 2, 2, 2, 1, 1, 1, 2, 2, 2, 2, 2, 2, 1, 1, 1, 1, 1, 1, 1, 1, 1, 1, 1, 1, 1, 1, 1, 1, 1, 1, 1, 1, 1, 1, 1, 1, 2, 2, 2, 2, 1, 1, 1, 1, 1, 1, 2, 2, 2, 2, 1, 1, 1, 1, 1, 2, 2, 2, 2, 2, 2, 1, 1, 1, 2, 2, 2, 2, 2, 2, 2, 1, 2, 2, 2, 2, 2, 2, 3, 3, 3, 2, 2, 2, 1, 1, 1, 1, 1, 1, 1, 1, 1, 1, 1, 1, 1, 1, 1, 1, 1, 1, 1, 1, 1, 1, 1, 1, 1, 1, 1, 1, 1, 1, 1, 2, 2, 2, 2, 2, 2, 1, 1, 1, 1, 1, 1, 1, 2, 2, 2, 1, 1, 1, 1, 1]",1,수사기관 사칭형,original
phishing_수사기관 사칭형_195,"[2, 2, 2, 2, 2, 3, 3, 3, 2, 2, 2, 2, 2, 2, 2, 2, 3, 3, 3, 3, 3, 3, 3, 3, 3, 2, 2, 2, 2, 2, 2, 2, 1, 1, 2, 2, 2, 2, 2, 2, 2, 2, 1, 1, 1, 2, 2, 2, 2, 2, 2, 2, 2, 2, 2, 3, 3, 3, 2, 2, 1, 1, 1, 1, 1, 1, 1, 1, 1, 1, 1, 1, 1, 1, 1, 1, 1, 1, 1, 1, 1, 1, 1, 1, 1, 1, 1, 1, 1, 1, 1, 1, 1, 1, 2, 2, 2, 2, 1, 1, 1, 1, 1, 1, 1, 1, 1, 1, 1, 1, 1, 2, 2, 2, 2, 2, 2, 2, 2, 3, 3, 3, 2, 2, 2, 2, 2, 2, 2, 2, 2, 2, 2, 1, 1, 1, 2, 2, 2, 2, 2, 1, 1, 1, 1, 1, 2, 2, 1, 1, 1, 3, 3, 3, 2, 2, 2, 2, 2, 2, 1, 3, 3, 3, 3, 3, 2, 2, 2, 1, 1, 1, 1, 1, 1, 1, 1, 1, 1, 1, 1, 1, 1, 1, 1, 1, 1, 1, 1, 1]",1,수사기관 사칭형,original
phishing_수사기관 사칭형_208,"[1, 1, 1, 1, 1, 1, 1, 2, 2, 2, 2, 3, 3, 3, 3, 2, 2, 2, 1, 1, 1, 1, 1, 1, 2, 2, 2, 2, 2, 2, 1, 2, 2, 2, 2, 2, 1, 1, 1, 1, 1, 1, 2, 2, 2, 1, 2, 3, 3, 3, 3, 2, 2, 2, 1, 1, 1, 1, 1, 1, 2, 2, 2, 2, 1, 1, 1, 1, 1, 1, 1, 1, 1, 1, 1, 1, 1, 1, 1, 1, 1, 1, 1, 1, 1, 1, 1, 1, 1, 1, 1, 1, 1, 1, 1, 1, 1, 1, 1, 1, 1, 1, 1, 1, 1, 1, 1, 2, 2, 2, 1, 1, 1, 1, 1, 1, 1, 1, 1, 1, 1, 1, 1, 1, 1, 1, 1, 1, 1, 1, 1, 1, 1, 1, 1, 1, 1, 1, 1, 1, 1, 1, 1, 2, 2, 1, 1, 1, 1, 1, 1, 1, 1, 1, 1, 1, 1, 1, 3, 3, 3, 3, 3, 3, 2, 2, 2, 2, 3, 3, 3, 1, 2, 2, 2]",1,수사기관 사칭형,original
phishing_수사기관 사칭형_209,"[2, 2, 2, 2, 1, 1, 1, 1, 3, 3, 3, 2, 1, 1, 3, 3, 2, 2, 3, 3, 3, 2, 2, 2, 2, 2, 2, 3, 3, 3, 1, 1, 2, 2, 2, 1, 1, 1, 1, 1, 1, 1, 1, 1, 1, 1, 1, 1, 1, 1, 2, 2, 2, 1, 1, 1, 2, 2, 1, 1, 1, 1, 1, 1, 1, 1, 1, 1, 1, 1, 1, 1, 1, 1, 1, 1, 1, 1, 1, 1, 1, 1, 1, 1, 1, 1, 1, 1, 1, 1, 2, 2, 2, 1, 1, 1, 1, 1, 1, 1, 1, 1, 1, 1, 1, 1, 1, 1, 1, 1, 1, 1, 1, 1, 1, 1, 1, 1, 1, 1, 1, 1, 1, 1, 1, 1, 1, 1, 1, 1, 1, 1, 1, 1]",1,수사기관 사칭형,original
phishing_수사기관 사칭형_212,"[3, 3, 2, 2, 2, 2, 2, 2, 2, 2, 1, 1, 1, 3, 3, 3, 2, 2, 2, 2, 2, 3, 3, 3, 2, 2, 2, 1, 1, 1, 1, 1, 1, 1, 1, 1, 1, 1, 1, 1, 1, 1, 1, 1, 1, 1, 1, 3, 3, 3, 1, 2, 2, 2, 2, 1, 2, 2, 2, 1, 1, 1, 1, 1, 1, 2, 2, 2, 1, 1, 1, 1, 1, 1, 1, 1, 1, 1, 1, 1, 1, 1, 1, 1, 1, 1, 1, 1, 1, 1, 1, 1, 1, 1, 2, 2, 2, 1, 1, 1, 1, 1, 1, 1, 1, 1, 1, 1, 1, 1, 1, 1, 1, 1, 1, 1, 1, 1, 1, 1, 1, 1, 1, 3, 3, 3, 2, 2, 2, 2, 2, 1, 1, 1, 1, 1, 1, 1, 1, 1, 1, 1, 1, 1, 2, 2, 1, 1, 1, 1, 1, 1, 1, 1, 2, 2, 2, 2, 2, 2, 2, 2, 2, 2, 2, 2, 2, 2, 2, 2, 2, 1, 1, 1, 1, 1, 1, 1, 1, 1, 1, 1, 1, 1, 1, 1, 1, 1, 1, 1, 1, 1, 1, 1, 1, 2, 2, 2, 2, 1, 1, 1, 1, 1, 1, 1, 1, 1, 1, 1, 1, 1, 1, 1, 1, 1, 1, 1, 1, 1, 1, 1, 1, 1, 1, 2, 2, 2, 2, 2, 2, 1, 1, 1, 1, 1, 2, 2, 2, 2, 1, 1, 1, 1, 1, 1, 2, 2, 2, 2, 2, 2, 1, 1, 1, 1, 1, 1, 1]",1,수사기관 사칭형,original
phishing_수사기관 사칭형_215,"[1, 2, 2, 2, 2, 3, 3, 3, 3, 3, 3, 2, 2, 1, 2, 2, 2, 1, 1, 1, 1, 1, 1, 1, 1, 1, 1, 1, 1, 1, 1, 1, 1, 1, 1, 2, 2, 2, 2, 3, 3, 3, 3, 3, 3, 3, 1, 1, 1, 1, 1, 1, 1, 2, 2, 1, 1, 1, 1, 2, 2, 2, 2, 2, 1, 1, 1, 3, 3, 3, 2, 1, 1, 1, 1, 1, 1, 2, 2, 3, 3, 3, 3, 2, 1, 2, 2, 2, 2, 2, 2, 2, 2, 2, 1, 1, 1, 1, 2, 2, 2, 3, 3, 3, 2, 3, 3, 2, 2, 3, 3, 2, 2, 2, 2, 2, 2, 2, 2, 2, 3, 3, 3, 2, 2, 2, 3, 3, 3, 2, 2, 2, 3, 3, 3, 3, 3, 3, 2, 2, 2, 1, 1, 1, 1, 1, 1, 1, 1, 1, 2, 2, 2, 2, 2, 2, 2, 2, 2, 2, 2, 2, 2, 2, 2, 2, 2, 2, 2, 2, 2, 2, 2, 2, 2, 2, 2, 2, 2, 2, 2, 1]",1,수사기관 사칭형,original
phishing_수사기관 사칭형_216,"[1, 1, 2, 2, 2, 2, 3, 3, 3, 2, 2, 2, 3, 3, 3, 3, 1, 1, 1, 1, 1, 3, 3, 3, 2, 2, 2, 2, 2, 2, 2, 3, 3, 1, 1, 1, 1, 2, 2, 2, 2, 2, 2, 2, 2, 2, 3, 3, 1, 1, 1, 2, 2, 1, 1, 1, 1, 1, 1, 1, 2, 2, 2, 2, 1, 3, 3, 2, 3, 3, 2, 2, 1, 1, 1, 1, 1, 1, 1, 1, 1, 1, 1, 2, 2, 2, 2, 2, 2, 2, 2, 2, 2, 3, 3, 3, 3, 1, 1, 1, 1, 1, 1, 2, 2, 2, 2, 3, 3, 3, 2, 2, 2, 3, 3, 3, 1, 1, 1, 1, 1, 1, 1, 1, 1, 2, 2, 2, 2, 2, 2, 3, 3, 3, 3, 3, 1, 1, 1, 1, 3, 3, 2, 2, 3, 3, 3, 3, 2, 2, 1, 1, 3, 3, 3, 1, 1, 1]",1,수사기관 사칭형,original
phishing_수사기관 사칭형_217,"[2, 2, 2, 2, 3, 3, 3, 2, 2, 2, 2, 2, 2, 3, 3, 2, 2, 2, 3, 3, 3, 2, 3, 3, 3, 3, 2, 3, 3, 3, 1, 1, 1, 2, 2, 2, 2, 2, 2, 2, 2, 2, 1, 1, 1, 2, 2, 2, 2, 2, 2, 2, 2, 3, 3, 2, 2, 2, 2, 2, 2, 2, 2, 2, 1, 2, 2, 2, 3, 3, 2, 3, 3, 3, 3, 2, 3, 3, 3, 3, 2, 2, 2, 2, 2, 2, 2, 2, 3, 3, 3, 2, 2, 2, 2, 2, 2, 2, 2, 2, 2, 2, 2, 2, 2, 2, 2, 2, 1, 2, 2, 2, 1, 1, 1, 2, 2, 2, 1, 2, 2, 2, 2, 2, 2, 2, 2, 2]",1,수사기관 사칭형,original
