id,script,label,track
normal_A_0001,"안녕하세요, 상담센터입니다. 지금 대출 승인 결과 안내드리려고 연락드렸는데요, 고객님 본인 맞으실까요? 아 네, 맞습니다. 네, 확인됐습니다. 먼저 이번 대출은 심사 통과로 승인 완료되셨고요, 자금은 영업일 기준으로 안내해 드린 계좌로 지급 예정입니다. 아, 다행이네요. 네, 그리고 상환 방식은 원리금 균등으로 진행하시면 매달 같은 금액으로 납부하셔서 관리가 편합니다. 음, 이율은 어느 정도예요? 고객님 조건 기준으로 연 이율은 안내드린 범위 안에서 적용되고, 중도상환수수료는 기간에 따라 달라질 수 있습니다. 아 그렇군요. 네, 상환일은 매달 지정일에 자동이체로 처리하실 수 있고, 원하시면 수동 납부도 가능합니다. 음, 그럼 자동이체로 해 주세요. 네, 가능합니다. 혹시 자금 운용 계획이 바뀌시면 상환 일정 조정 상담도 받아보실 수 있습니다. 아, 네네. 마지막으로 승인 내용과 상환 안내문은 문자로도 보내드릴게요. 감사합니다. 네, 확인 부탁드립니다.",0,A
normal_A_0002,"여보세요, 상담센터입니다. 고객님, 대출 관련해서 승인 결과와 상환 안내드리려고 연락드렸어요. 아 네, 기다리고 있었습니다. 네, 먼저 신청하신 대출은 최종 승인되셨고, 자금 집행은 오늘 오후 순차적으로 진행됩니다. 진짜요? 네, 맞습니다. 상환은 매월 일정 금액씩 갚아나가는 방식으로 설정하실 수 있고, 이율은 심사 결과에 따라 확정된 상태입니다. 어, 그럼 매달 얼마나 나가요? 네, 지금 기준으로는 예상 상환금이 안내돼 있고, 만기 일시상환보다는 분할 상환이 부담이 적을 수 있습니다. 아, 그렇겠네요. 그리고 혹시 조기 상환을 원하실 경우에는 일부 수수료가 발생할 수 있으니 미리 확인해 주시면 좋습니다. 음, 알겠습니다. 네, 자금 수령 후 첫 상환일은 다음 달 같은 날짜로 잡혀 있습니다. 상환 방법은 자동이체, 창구 납부, 모바일 납부 중에서 선택 가능하세요. 오, 선택이 많네요. 네, 고객님 편하신 방식으로 진행하시면 됩니다. 안내받은 내용 문자로도 발송해 드리겠습니다.",0,A
normal_A_0003,"안녕하세요, 은행 전산팀입니다. 지금 납부 처리 관련해서 안내드릴 부분이 있어서 연락드렸습니다. 아 네, 무슨 일인가요? 현재 전산 점검 과정에서 일부 접수 건의 납부 처리가 조금 지연되고 있습니다. 아, 그래요? 네, 고객님께서 등록하신 금액 자체는 정상 확인됐고요, 처리 순서만 늦어지고 있는 상황입니다. 음, 그럼 제가 다시 납부해야 하나요? 아니요, 다시 하실 필요는 없습니다. 이미 접수된 건으로 확인되기 때문에 중복 납부는 안 하셔도 됩니다. 아 다행이다. 네, 전산 복구가 완료되는 대로 순차 반영될 예정이고, 예상보다 늦어질 경우 문자로 다시 안내드리겠습니다. 금액은 그대로 유지되는 거죠? 네, 맞습니다. 납부 금액 변경 없이 그대로 처리됩니다. 혹시 영수증이나 접수번호가 필요하시면 안내드릴 수 있습니다. 어, 있으면 좋겠네요. 네, 그럼 접수번호 확인해서 문자로 보내드리겠습니다. 불편 끼쳐 드려 죄송합니다. 괜찮습니다, 이런 일도 있죠.",0,A
normal_A_0004,"여보세요, 은행입니다. 고객님 납부 건 전산 확인차 연락드렸습니다. 아, 네. 지금 시스템상 전산 반영이 늦어져서 접수된 납부 건이 아직 완료 표시로 넘어가지 않았습니다. 음, 제가 뭘 잘못한 건 아니죠? 아니요, 고객님 문제는 아니고요. 처리 중간 단계에서 지연이 생긴 겁니다. 아 그렇군요. 금액은 정상 접수됐고, 납부 내역도 보관돼 있습니다. 오, 그럼 기다리면 되는 건가요? 네, 맞습니다. 별도 재납부 없이 전산 정상화 후 자동 반영됩니다. 혹시 급하시면 접수 내역 확인서 발급도 가능합니다. 아, 그럼 발급 부탁드려도 될까요? 네, 가능합니다. 다만 오늘은 전산 점검 시간이라 조금 늦어질 수 있습니다. 음, 괜찮아요. 납부 예정 금액에는 변동 없으니 안심하셔도 됩니다. 네, 고맙습니다. 네, 불편 없도록 끝까지 확인해 드리겠습니다.",0,A
normal_A_0005,"안녕하십니까, 비대면 계좌 개설 상담센터입니다. 아, 네. 계좌 개설 절차 도와드리려고 연락드렸습니다. 고객님 본인 확인을 위해 먼저 명의 확인이 필요합니다. 음, 네. 지금 신청하신 계좌는 본인 명의로 개설하시는 게 맞으실까요? 네, 맞습니다. 감사합니다. 개설 과정에서는 이름, 생년월일, 휴대폰 번호 같은 개인 정보 확인이 필요하고요, 추가로 주소나 직업 정보가 요청될 수 있습니다. 아, 그런가요? 네, 이는 금융거래 확인을 위한 기본 절차입니다. 아, 알겠습니다. 혹시 신분증 사진도 필요한가요? 네, 맞습니다. 신분증을 촬영해서 올려주시면 사진과 입력 정보가 일치하는지 확인합니다. 음, 개인 정보가 많이 들어가네요. 네, 고객님 보호를 위해 암호화된 방식으로 처리됩니다. 개설이 완료되면 계좌번호가 바로 생성되고, 문자로 안내드리겠습니다. 아 네, 빨리 만들고 싶었어요. 네, 절차만 끝나면 바로 사용 가능하십니다.",0,A
normal_A_0006,"안녕하세요, 비대면 개설 상담입니다. 지금 계좌 개설 관련해서 본인 확인 진행 중입니다. 아, 네네. 먼저 명의자분 성함과 생년월일 확인 부탁드립니다. 음, 홍길동이고요, 생년월일은 이천년 삼월 삼일입니다. 확인됐습니다. 개설 신청은 본인 명의로 접수된 게 맞고요, 몇 가지 개인 정보 확인 후 진행됩니다. 아, 네. 주소랑 연락처도 맞춰야 하나요? 네, 맞습니다. 입력된 정보와 실제 정보가 일치해야 계좌 개설이 완료됩니다. 아 그래요? 네, 그리고 금융사기 예방을 위해 타인 명의 사용 여부도 확인하고 있습니다. 아, 저는 제 명의로만 해요. 감사합니다. 그러면 개설 승인 단계로 넘기겠습니다. 신분증 진위 확인까지 끝나면 계좌 사용이 가능해집니다. 음, 생각보다 꼼꼼하네요. 네, 고객님 안전을 위한 절차입니다. 개설 완료 후에는 안내 문자와 이용 방법을 보내드릴게요. 아, 네. 고맙습니다.",0,A
normal_A_0007,"안녕하세요, 카드 상담센터입니다. 고객님 카드 한도 조회와 해외 거래 가능 여부 확인 도와드리겠습니다. 아 네, 카드 한도 좀 보고 싶어서요. 네, 우선 본인 확인 후 이용 가능 한도를 조회해 보겠습니다. 아, 네. 확인됐습니다. 현재 카드 기본 한도는 정상 적용되어 있고, 해외 거래도 설정에 따라 가능 여부가 달라집니다. 음, 해외에서도 쓸 수 있는지 궁금했어요. 네, 해외 이용 등록이 되어 있으면 해외 거래가 가능하고, 비등록 상태라면 별도 신청이 필요합니다. 아 그렇군요. 그럼 한도는 더 올릴 수 있나요? 심사를 통해 조정 가능할 수는 있는데, 최근 이용 내역과 결제 상태를 같이 봐야 합니다. 아, 네. 저는 요즘 잘 쓰고 있어요. 네, 좋습니다. 해외 거래 시에는 일부 가맹점에서 승인 방식이 달라질 수 있어서, 출국 전에 미리 등록해 두시면 편하십니다. 아, 맞아맞아, 그거 귀찮을 수 있겠네요. 네, 그리고 카드 이용 알림 서비스도 같이 설정하시면 실시간 확인이 가능합니다. 좋네요. 문자로 안내해 주실 수 있죠? 네, 바로 보내드리겠습니다.",0,A
normal_A_0008,"여보세요, 카드사입니다. 카드 이용 한도와 해외 거래 가능 여부 문의 주셨죠? 아, 네 맞아요. 지금 고객님 카드의 이용 한도는 조회 가능하고, 기본 거래 기능도 정상입니다. 진짜요? 네. 다만 해외 거래 가능 여부는 해외 사용 등록 상태를 확인해야 정확합니다. 음, 그럼 등록 안 돼 있으면 아예 못 쓰는 건가요? 기본적으로는 해외 승인 자체가 막혀 있을 수 있습니다. 등록하시면 가능해집니다. 아 그렇군요. 이용 한도는 국내랑 해외가 따로인가요? 네, 경우에 따라 다를 수 있고, 해외 거래는 별도 한도로 관리되기도 합니다. 아, 복잡하네요. 네, 제가 쉽게 말씀드리면, 카드가 정상 이용 중이어도 해외에서는 사전 설정이 있어야 거래가 가능하다고 보시면 됩니다. 아, 네 이해됐어요. 혹시 한도 높이는 건 바로 되나요? 즉시 반영은 어렵고, 심사 후 변경될 수 있습니다. 아 알겠습니다. 그럼 해외 사용 등록 먼저 해 주세요. 네, 바로 처리 도와드리겠습니다. 완료되면 문자로 안내드릴게요.",0,A
normal_A_0009,"안녕하세요, 대출 상담센터입니다. 접수하신 대출 입금 요청 건 때문에 연락드렸습니다. 아, 네. 제가 요청한 거 맞아요. 네, 확인해 보니 입금 요청은 접수되어 있는데, 본인 확인 통화 절차가 한 번 더 필요합니다. 아, 그래요? 네, 고객님 보호를 위한 절차입니다. 대출 입금은 금액이 바로 반영되는 항목이라서, 명의자 본인과 직접 통화 확인 후 진행해야 합니다. 음, 그럼 지금 제가 본인인데요. 네, 그렇다면 몇 가지 본인 확인 질문 드리겠습니다. 성함과 생년월일, 그리고 신청하신 대출 번호 일부를 확인해 주시겠습니까? 아 네, 말씀드릴게요. 확인되면 입금 요청 처리 순서가 바로 이어집니다. 통화가 끝나면 입금 가능 여부와 예상 시간도 안내드릴 수 있습니다. 아, 그럼 빨리 처리되겠네요? 네, 맞습니다. 통화 확인이 완료되어야 입금 요청이 정상 승인됩니다. 네, 알겠습니다. 바로 도와드리겠습니다.",0,A
normal_A_0010,"여보세요, 상담센터입니다. 고객님 대출 입금 요청이 들어와서 본인 확인 통화 드렸습니다. 아, 네네. 지금 요청 건은 접수 완료됐고, 입금 처리 전 명의자 확인이 필요합니다. 음, 제가 본인 맞습니다. 감사합니다. 혹시 문자로 받은 인증번호가 있으시면 말씀해 주시겠습니까? 아, 네. 잠깐만요, 어, 찾았다. 삼오칠이요. 확인됐습니다. 그러면 대출 입금 요청은 정상 접수 상태로 유지되고, 최종 입금은 검토 후 진행됩니다. 아, 바로 안 들어오는 건가요? 네, 서류와 통화 절차가 함께 끝나야 해서 조금 시간이 걸릴 수 있습니다. 아 그렇구나. 네, 고객님 본인 확인이 끝났으니 입금 가능 여부를 확인해 드리겠습니다. 추가로 필요한 사항이 있으면 다시 연락드리겠습니다. 음, 네 알겠습니다. 안내 문자도 보내드릴게요. 네, 감사합니다.",0,A
normal_A_0011,"안녕하세요, ○○은행 대출 상담센터입니다. 네, 여보세요? 아, 안녕하세요. 저 지난번에 대출 신청한 거 결과 나왔는지 궁금해서요. 네, 확인 도와드리겠습니다. 고객님 성함이랑 생년월일 먼저 확인 가능하실까요? 네, ○○○이고, 생년월일은 ○○○○년 ○월 ○일입니다. 감사합니다. 잠시만요, 음… 네, 고객님 대출은 승인 완료로 확인됩니다. 아, 그래요? 생각보다 빨리 됐네요. 네, 자금은 오늘 기준으로 지정하신 계좌로 오후 중 입금 예정이고요, 상환 방식은 원리금 균등 상환으로 안내되고 있습니다. 원리금 균등이요? 그게 매달 똑같이 나가는 거죠? 네, 맞습니다. 초기에는 이자 비중이 조금 높고, 뒤로 갈수록 원금 비중이 늘어납니다. 이율은 연 ○○퍼센트로 적용되셨고, 중도 상환도 가능하긴 한데 수수료 조건은 별도로 확인하셔야 합니다. 아, 그러면 제가 중간에 좀 여유 생기면 갚아도 되는 거네요? 네, 가능합니다. 다만 일부 기간 내에는 수수료가 발생할 수 있어서, 상환 전에 한 번만 더 문의 주시면 정확히 안내드리겠습니다. 음, 이해됐습니다. 그럼 이번 달 첫 상환일은 언제예요? 네, 다음 달 ○일이고, 자동이체로 설정하셨기 때문에 전날까지 잔액만 준비해 주시면 됩니다. 알겠습니다, 자세히 설명해 주셔서 감사합니다.",0,A
normal_A_0012,"○○은행 대출 상담센터입니다. 네, 안녕하세요. 저 아까 대출 승인 문자 받았는데, 상환이랑 이율을 좀 다시 듣고 싶어서 전화드렸어요. 네, 확인해 보겠습니다. 본인 확인 위해 등록된 휴대폰 번호와 성함 말씀 부탁드립니다. 아, 잠깐만요. 휴대폰 번호는 ○○○-○○○○-○○○○이고 이름은 ○○○입니다. 네, 감사합니다. 대출은 승인된 상태 맞고요. 자금 실행은 오늘 안으로 진행될 예정입니다. 아 그러면 돈이 바로 들어오는 건가요? 네, 처리 순서상 곧 입금됩니다. 그리고 상환은 매달 일정 금액을 나누어 갚는 방식으로 잡혀 있으세요. 이율은 연 ○○퍼센트, 상환 기간은 ○개월입니다. 아, 이율이 생각보다 괜찮네요. 네, 고객님 신용도와 현재 조건에 따라 다르게 산정됩니다. 혹시 조기 상환도 가능한가요? 네, 가능합니다. 다만 상환 시점에 따라 수수료가 달라질 수 있어서요, 실제 상환 전에 한 번 더 조회해 보시는 게 좋습니다. 음, 그럼 제가 월급날에 맞춰 일부씩 더 갚아도 되나요? 네, 추가 상환은 가능하신데요, 자동 분할 상환 금액과 별도로 처리됩니다. 알겠습니다. 설명 들으니까 좀 안심되네요. 감사합니다. 네, 이용해 주셔서 감사합니다.",0,A
normal_A_0013,"안녕하세요, ○○은행입니다. 네, 여보세요? 저 아까 자동이체로 납부한 게 있는데 아직 처리 안 된 것 같아서요. 아, 그러십니까. 불편을 드려 죄송합니다. 현재 전산 점검으로 일부 거래가 지연되고 있습니다. 아 전산 문제였군요? 네, 맞습니다. 고객님 건은 정상 접수는 되어 있는데 납부 반영이 조금 늦어지고 있습니다. 접수는 됐고, 금액만 아직 안 잡힌 거예요? 네, 그렇습니다. 납부하신 금액은 시스템에 들어와 있는데 최종 반영이 순차적으로 진행 중입니다. 혹시 이게 오늘 안에 처리가 될까요? 음, 보통은 몇 시간 내 처리되지만, 전산 상태에 따라 늦어질 수 있습니다. 아 그래요? 제가 또 내야 되는 건 아니죠? 네, 이중으로 납부하실 필요는 없습니다. 기존 접수 건으로 확인되고 있고, 반영 완료되면 문자로 안내드리겠습니다. 아, 다행이네요. 그럼 제가 따로 할 건 없나요? 현재로서는 없습니다. 다만 납부 확인서가 급히 필요하시면 임시로 접수 내역을 발급받으실 수 있습니다. 오, 그건 좋네요. 부탁드려도 될까요? 네, 가능하십니다. 본인 확인 후 바로 안내드리겠습니다.",0,A
normal_A_0014,"○○은행 고객센터입니다. 네, 안녕하세요. 저 이번 달 카드 납부가 아직 반영이 안 된 것 같아서 전화드렸거든요. 아, 그러시군요. 현재 전산 확인해 보겠습니다. 고객님 성함이랑 생년월일 부탁드립니다. 네, ○○○이고 ○○○○년 ○월 ○일입니다. 감사합니다. 음… 고객님 납부 건은 접수는 되었는데 전산 오류로 반영이 지연된 상태입니다. 아, 전산 때문에 그런 거였어요? 네, 맞습니다. 납부하신 금액은 확인되는데, 시스템상 최종 처리만 늦어지고 있습니다. 그러면 연체로 잡히는 건 아니죠? 네, 현재는 정상 접수 상태라 연체로 이어지지 않도록 내부에서 조치 중입니다. 아, 다행이다. 제가 은행 창구에서 다시 낼 필요는 없겠네요? 네, 다시 납부하실 필요는 없습니다. 저희가 전산 복구되는 대로 바로 반영하겠습니다. 접수 완료 문자도 다시 받을 수 있나요? 네, 가능하면 재안내 문자로 보내드리겠습니다. 혹시 오늘 중 반영이 안 되면 제가 다시 연락드릴게요. 아, 네네. 그럼 기다리면 되는 거죠? 네, 고객님께서는 별도 조치 없이 기다려 주시면 됩니다. 불편을 드려 죄송합니다.",0,A
normal_A_0015,"안녕하세요, ○○은행입니다. 네, 저 아까 공과금 납부했는데요, 금액이 계좌에서 빠져나갔는지 궁금해서요. 네, 확인해 드리겠습니다. 본인 확인을 위해 카드번호 앞 네 자리와 성함 말씀 부탁드립니다. 네, ○○○이고 카드번호 앞 네 자리는 ○○○○입니다. 감사합니다. 확인해 보니 접수는 정상인데 전산 반영이 지연되고 있네요. 아, 또 전산이요? 네, 일부 납부 건이 순차 처리 중이라 금액 반영이 늦어질 수 있습니다. 그럼 납부는 된 거예요? 네, 현재는 접수 상태로 확인되고, 실제 출금 처리도 진행 중입니다. 음, 그럼 제가 추가로 뭘 해야 하나요? 따로 하실 건 없고요, 오늘 늦은 시간까지도 반영이 안 되면 다시 확인 요청 주시면 됩니다. 아 그래요? 네, 그리고 급하시면 납부 접수 번호를 안내드려서 증빙으로 사용하실 수 있습니다. 오, 그건 좋네요. 알려 주세요. 네, 접수 번호는 ○○○○입니다. 금액은 ○○원으로 확인되고 있습니다. 감사합니다. 불편 끼쳐 드려 죄송하고, 빠르게 정상 반영되도록 처리하겠습니다.",0,A
normal_A_0016,"안녕하세요, ○○은행 비대면 계좌개설 상담입니다. 네, 안녕하세요. 제가 앱으로 계좌 개설하려고 하는데 자꾸 확인 단계에서 멈춰서요. 아, 그러셨군요. 저희가 필요한 정보와 명의 확인 절차를 안내드리겠습니다. 우선 본인 명의로 개설하시는 게 맞으실까요? 네, 제 명의로 하려고요. 감사합니다. 그럼 개인 정보 확인이 필요합니다. 성함, 생년월일, 휴대폰 번호를 입력해 주셔야 하고, 신분증 촬영도 진행하셔야 합니다. 아, 그건 다 했는데요. 그러면 신분증의 정보가 잘 보이지 않거나, 얼굴 인증이 실패했을 가능성이 있습니다. 음, 제가 사진을 좀 대충 찍었나 봐요. 네, 빛 반사가 있으면 그렇게 될 수 있습니다. 다시 촬영해 보시고, 본인 명의 정보가 앱에 등록된 것과 일치하는지 확인해 주세요. 만약 가족 명의 휴대폰을 쓰고 있어도 개설이 가능한가요? 네, 휴대폰은 가족 명의여도 가능하지만, 계좌 명의는 반드시 본인 개인 명의여야 합니다. 아, 그렇군요. 그럼 신분증 다시 찍어서 해볼게요. 네, 그리고 주소나 연락처 정보도 최신으로 입력해 주시면 됩니다. 알겠습니다. 친절하게 설명해 주셔서 감사합니다.",0,A
normal_A_0017,"○○은행입니다. 네, 여보세요? 저 비대면으로 새 계좌 개설하려고 하는데, 본인 확인이 계속 안 돼서요. 네, 확인 도와드리겠습니다. 개설은 고객님 개인 명의로 진행하시는 거 맞으시죠? 네, 맞아요. 아까 앱에서 하다가 막혀서 전화드렸어요. 알겠습니다. 계좌 개설에는 기본적인 정보 확인이 필요합니다. 성함, 생년월일, 연락처, 그리고 신분증 정보가 정확히 일치해야 합니다. 음, 제가 이사하고 나서 주소를 아직 안 바꿨거든요. 아, 그런 경우에도 개설은 가능하지만, 나중에 주소 변경을 같이 해주셔야 합니다. 개인 정보 중 일부가 다르면 심사가 지연될 수 있거든요. 아 그래요? 그러면 제가 지금 바로 바꾸면 되겠네요. 네, 가능합니다. 또 본인 명의 휴대폰으로 인증 문자가 가기 때문에 수신 가능한지도 확인해 주세요. 아, 수신은 돼요. 신분증 사진은 다시 올리면 되죠? 네, 네. 밝은 곳에서 찍으시면 인식이 더 잘 됩니다. 오케이, 알겠습니다. 계좌 개설 완료되면 문자로 알려드리나요? 네, 정상 완료되면 바로 안내 문자 발송됩니다. 감사합니다.",0,A
normal_A_0018,"안녕하세요, ○○카드 상담센터입니다. 네, 안녕하세요. 제가 카드 한도 좀 조회하고 싶어서요. 아, 네. 본인 확인 후 안내드리겠습니다. 성함과 생년월일 부탁드립니다. 네, ○○○이고 ○○○○년 ○월 ○일입니다. 감사합니다. 현재 고객님 카드 이용 한도는 ○○○만 원으로 확인됩니다. 아, 제가 생각보다 많이 안 쓰는데 한도가 괜찮네요? 네, 맞습니다. 그리고 해외 거래 가능 여부도 함께 확인해 드릴까요? 아, 네. 해외에서 쓸 일이 있을 것 같아서요. 현재는 해외 이용이 가능하신 상태입니다. 다만 카드 뒷면 서명과 해외 결제 설정이 필요할 수 있습니다. 음, 그러면 그냥 바로 써도 되는 건가요? 대부분 가능하지만, 간혹 보안상 추가 인증이 걸릴 수 있습니다. 아 그렇군요. 한도 올리는 건 나중에 신청하면 되나요? 네, 가능합니다. 사용 실적과 소득 정보에 따라 심사 후 조정됩니다. 거래가 갑자기 막히는 경우도 있나요? 네, 평소와 다른 지역에서 큰 금액이 결제되면 자동으로 확인 절차가 들어갈 수 있습니다. 아, 이해됐습니다. 자세히 설명해 주셔서 고맙습니다.",0,A
normal_A_0019,"○○카드 고객센터입니다. 네, 저 카드 한도랑 해외 거래 가능 여부 좀 확인하려고요. 네, 바로 도와드리겠습니다. 본인 확인을 위해 등록된 휴대폰 번호와 성함 말씀 부탁드립니다. 네, 번호는 ○○○-○○○○-○○○○이고 이름은 ○○○입니다. 네, 감사합니다. 현재 이용 한도는 ○○○만 원이고, 국내 거래는 물론 해외 거래도 가능하도록 설정되어 있습니다. 아, 해외도 가능하네요? 네, 다만 일부 국가나 가맹점에서는 추가 승인 절차가 있을 수 있습니다. 그러면 제가 여행 가서 쓰는 데 큰 문제는 없겠죠? 네, 일반적으로는 문제없습니다. 다만 출국 전에 카드 이용 알림을 켜 두시면 거래 확인에 도움이 됩니다. 아, 알림이요? 네, 사용 내역을 바로 확인할 수 있어서 안전합니다. 혹시 제가 카드 한도만 조금 더 높이고 싶은데요. 네, 한도 상향은 신청 가능하십니다. 소득 정보와 기존 이용 내역을 바탕으로 심사됩니다. 음, 알겠습니다. 그럼 일단 해외 거래만 확인된 상태로 두겠습니다. 네, 그렇게 하셔도 됩니다. 문의 주셔서 감사합니다.",0,A
normal_A_0020,"○○은행 대출 상담부입니다. 네, 안녕하세요. 저 대출 입금 요청을 넣었는데 아직 안 들어온 것 같아서요. 아, 네. 접수 건 확인해 보겠습니다. 본인 확인을 위해 성함과 생년월일 말씀 부탁드립니다. 네, ○○○이고 ○○○○년 ○월 ○일입니다. 감사합니다. 고객님 대출 입금 요청은 접수되어 있습니다. 다만 본인 확인 통화 절차가 한 번 더 필요합니다. 아, 통화를 또 해야 하는군요? 네, 맞습니다. 자금이 큰 금액이라서 안전하게 확인 후 입금 처리하고 있습니다. 음, 제가 지금 통화 가능하긴 한데, 확인이 오래 걸리나요? 아니요, 몇 가지 질문만 확인되면 바로 진행됩니다. 요청하신 대출 금액과 입금받으실 계좌가 맞는지 다시 확인드릴게요. 네, 맞아요. 그 계좌로 넣어 주세요. 좋습니다. 그럼 현재 요청 내용은 접수 상태이고, 본인 확인 완료 후 입금 예정입니다. 아, 그럼 제가 따로 서류를 내야 하나요? 현재는 추가 서류 없이 전화 확인만 필요합니다. 이해했습니다. 지금 바로 통화 진행하면 되겠네요? 네, 가능합니다. 고객님 편하실 때 이어서 확인하겠습니다.",0,A
normal_A_0021,"안녕하세요, 상담센터입니다. 네, 안녕하세요. 아, 저 대출 심사 결과가 나왔다고 문자 받았는데요. 네, 확인 도와드리겠습니다. 본인 확인을 위해 성함과 생년월일 말씀 부탁드립니다. 네, 홍길동이고요, 1990년 3월 12일입니다. 감사합니다. 확인되었습니다. 고객님 대출은 승인 완료로 조회됩니다. 아, 다행이네요. 그러면 이제 어떻게 상환하면 되는지 알려주실 수 있을까요? 네, 물론입니다. 상환은 매월 지정일에 자동이체로 진행하실 수 있고, 중도상환도 가능하십니다. 이율은 현재 안내드린 조건 기준으로 연 4점 몇 퍼센트로 적용되어 있고, 자금 사용 목적에 따라 약정 내용이 달라질 수 있습니다. 아, 그러면 매달 납부 금액은 어느 정도예요? 네, 대략 원리금 균등 방식으로는 월 상환액이 산출되는데요, 자세한 금액은 최종 약정서에서 확인 가능합니다. 음, 그럼 제가 오늘 바로 자금 입금받는 건 아니고 계약 먼저 해야 하는 거죠? 네, 맞습니다. 약정 후 순차적으로 진행됩니다. 아 그래요? 그럼 서류는 따로 더 필요한 건 없나요? 현재는 추가 서류 없이 진행 가능하십니다. 네, 친절하게 설명해 주셔서 감사합니다.",0,A
normal_A_0022,"안녕하세요, 대출 상담센터입니다. 네, 여보세요? 아, 안녕하세요. 대출 승인 문자 받아서 전화드렸는데요. 네, 고객님 본인 확인 먼저 도와드리겠습니다. 성함이랑 주민등록번호 앞자리 말씀 부탁드려요. 네, 김민수고 870214입니다. 감사합니다. 조회해 보니 승인 상태 맞습니다. 오, 그럼 이제 상환은 어떻게 하면 돼요? 네, 상환 방식은 매달 자동 납부와 수동 납부 두 가지가 있습니다. 고객님께서 원하시는 날짜에 맞춰 자금 계획 세우시면 되고요. 이율은 고정형인지 변동형인지에 따라 조금 다릅니다. 아, 저는 매달 일정하게 내는 게 편할 것 같아요. 그러면 원리금 균등 상환으로 설정하시면 됩니다. 네, 그게 제일 편하겠네요. 혹시 중간에 여유 자금이 생기면 일부 상환도 되나요? 네, 가능합니다. 일부 상환 시에는 수수료가 있을 수 있으니 미리 확인해 주시는 게 좋습니다. 아, 네네. 그리고 납부 계좌도 등록해야 하나요? 네, 맞습니다. 지정 계좌 등록 후 자동이체로 진행하시면 됩니다. 자세한 약정 금액은 문자로도 다시 안내드리겠습니다.",0,A
normal_A_0023,"안녕하십니까, 은행 전산센터입니다. 아, 네 안녕하세요. 제가 어제 납부하려고 했는데 처리가 안 됐거든요. 네, 불편을 드려 죄송합니다. 현재 전산 오류로 일부 접수 건이 지연되고 있습니다. 아 그래요? 그럼 제 건도 아직 안 들어간 건가요? 고객님 정보 확인 후 조회해 보겠습니다. 성함과 생년월일 말씀 부탁드립니다. 네, 박지연이고 1988년 5월 9일입니다. 확인 감사합니다. 조회 결과 고객님 납부 건은 접수는 되었는데 전산 반영이 지연된 상태입니다. 아, 그렇군요. 금액은 이미 이체했는데 혹시 문제 생긴 건 아니죠? 네, 금액 자체는 정상 확인되는데 처리 순서가 늦어지고 있습니다. 보통은 오늘 중으로 반영되지만, 전산 복구 후 자동 처리됩니다. 아 그럼 제가 다시 납부할 필요는 없나요? 네, 다시 하실 필요 없습니다. 중복 납부가 되면 안 되니 기다려 주시는 게 좋습니다. 음, 혹시 문자로도 안내 오나요? 네, 접수 완료와 반영 완료 시 문자 안내가 발송됩니다. 불편을 드려 정말 죄송합니다.",0,A
normal_A_0024,"여보세요, 은행입니다. 네, 안녕하세요. 아까 납부했는데 확인이 안 된다고 해서요. 아 네, 현재 전산 점검으로 접수 처리에 시간이 걸리고 있습니다. 고객님 건은 확인해 보겠습니다. 본인 확인 위해 성함 부탁드립니다. 네, 이수정입니다. 감사합니다. 확인해 보니 납부 요청은 접수되어 있고, 전산 반영만 늦어지고 있습니다. 아, 다행이네요. 금액은 이미 계좌에서 빠져나갔거든요. 네, 맞습니다. 금액은 출금 처리된 것으로 보이고, 내부 시스템 반영만 지연 중입니다. 그러면 제가 따로 뭘 해야 하나요? 아니요, 별도 조치는 필요 없습니다. 전산 복구되면 자동으로 처리되며, 접수 내역도 정상 보관됩니다. 아 그렇군요. 혹시 오늘 안에 안 되면 어떻게 해요? 그럴 경우 저희가 다시 확인 연락드리고, 납부 완료 처리까지 안내드리겠습니다. 네, 친절히 설명해 주셔서 감사합니다.",0,A
normal_A_0025,"안녕하세요, 비대면 계좌개설 상담입니다. 네, 안녕하세요. 제가 계좌 개설하려고 하는데요. 네, 도와드리겠습니다. 먼저 명의 확인을 위해 본인 성함과 개인 연락처 말씀 부탁드립니다. 네, 최하늘이고요, 010-1234-5678입니다. 감사합니다. 고객님 명의로 조회해 보니 개설 진행은 가능하십니다. 아, 다행이네요. 어떤 정보가 더 필요한가요? 네, 신분증 정보와 주소, 그리고 직장 여부 같은 기본 개인 정보가 필요합니다. 음, 전부 다 입력해야 하나요? 네, 계좌 개설 절차상 필요한 항목입니다. 본인 명의가 맞는지 확인하는 과정도 함께 진행됩니다. 아 그래요? 그럼 제가 사진 찍어서 보내면 되나요? 네, 신분증 촬영 후 인증하시면 되고, 화면에 안내되는 순서대로 진행하시면 됩니다. 혹시 대리로는 안 되죠? 네, 비대면 개설은 본인 직접 진행만 가능합니다. 아, 네 이해했어요.",0,A
normal_A_0026,"여보세요, 은행 비대면 창구입니다. 네, 안녕하세요. 계좌 개설 하려는데 본인 확인이 좀 헷갈려서요. 네, 천천히 안내드리겠습니다. 먼저 고객님 명의 확인이 필요합니다. 성함 말씀해 주시겠어요? 네, 정유진입니다. 감사합니다. 그리고 개인 정보 중 기본 연락처와 주소 확인이 필요합니다. 아, 주소까지요? 네, 개설 과정에서 필요합니다. 고객님 정보가 본인 것과 일치해야 계좌 개설이 가능합니다. 음, 제가 지금 신분증은 있는데 예전 주소로 되어 있거든요. 그럼 실제 거주지 기준으로 변경 확인 후 진행하시면 됩니다. 아 그렇군요. 그럼 오늘 바로 개설 가능한가요? 네, 인증 절차만 통과하시면 바로 가능합니다. 개인 명의로만 진행되고, 타인 명의 사용은 불가합니다. 네, 맞아요. 제가 제 명의로만 할게요. 감사합니다. 그럼 인증 화면 안내 문자 보내드리겠습니다.",0,A
normal_A_0027,"안녕하세요, 카드 상담센터입니다. 네, 안녕하세요. 카드 한도 좀 조회하려고 전화드렸어요. 네, 가능합니다. 본인 확인 먼저 도와드릴게요. 성함과 생년월일 말씀 부탁드립니다. 네, 정태훈이고 1992년 11월 3일입니다. 확인되었습니다. 고객님 카드 이용 한도는 현재 조회 가능하고, 남은 한도도 확인됩니다. 아, 그럼 해외 거래도 가능한가요? 네, 해외 이용 가능 여부도 같이 안내드릴 수 있습니다. 현재 카드가 국내 전용인지, 해외 겸용인지에 따라 달라집니다. 제 카드는 해외에서도 결제 가능해요? 네, 해외 겸용 카드로 확인되면 거래 가능하십니다. 다만 일부 국가나 가맹점에서는 제한될 수 있습니다. 음, 한도는 넉넉한 편인가요? 네, 현재 사용 금액을 제외한 잔여 한도가 있습니다. 해외에서 큰 금액 결제 예정이시면 사전에 알림 등록해 두시는 것도 좋습니다. 아, 그건 어떻게 해요? 카드 앱이나 문자 서비스로 설정 가능합니다. 네, 알겠습니다. 자세히 설명 감사합니다.",0,A
normal_A_0028,"여보세요, 카드센터죠? 네, 안녕하세요. 카드 한도랑 해외 이용 가능 여부 좀 보고 싶어서요. 네, 도와드리겠습니다. 본인 확인을 위해 성함 말씀 부탁드립니다. 네, 김서연입니다. 감사합니다. 조회해 보니 고객님 카드의 이용 한도는 정상이고, 해외 거래 가능 상태로 설정되어 있습니다. 아 진짜요? 그럼 그냥 가져가서 써도 되는 거예요? 네, 기본적으로는 가능합니다. 다만 해외 이용은 국가별 승인 기준이나 가맹점 상황에 따라 달라질 수 있습니다. 아, 그렇군요. 혹시 한도 늘리는 건 바로 되나요? 네, 한도 상향은 별도 심사 후 가능할 수 있습니다. 지금은 현재 한도 내에서 이용하시는 게 좋습니다. 음, 제가 다음 주에 여행 가거든요. 그러면 해외 결제 알림 꼭 켜 두시는 게 좋습니다. 거래 내역을 바로 확인할 수 있어서요. 아, 네 좋네요. 그럼 제가 따로 차단해 둔 건 없는 거죠? 네, 현재 해외 차단은 없는 상태입니다. 안심하셔도 됩니다.",0,A
normal_A_0029,"안녕하세요, 대출 상담부입니다. 네, 여보세요. 아까 대출 입금 요청 넣어놨는데요. 네, 확인 도와드리겠습니다. 고객님 대출 입금 요청은 접수되어 있습니다. 다만 본인 확인 통화 절차가 한 번 더 필요합니다. 아, 그래요? 왜 또 통화를 해야 해요? 네, 자금 입금 전에 명의자 본인 확인을 위해 진행하는 절차입니다. 성함과 생년월일 말씀 부탁드립니다. 네, 한지훈이고 1991년 7월 21일입니다. 감사합니다. 확인되면 입금 진행 안내드릴 수 있습니다. 제가 지금 바로 통화 중이라도 되는 거죠? 네, 네. 본인 확인 통화만 완료되면 입금 순서로 넘어갑니다. 음, 그럼 얼마나 걸려요? 절차가 끝나면 바로 처리되지만, 시스템 상황에 따라 잠시 대기할 수 있습니다. 아, 알겠습니다. 혹시 요청 취소도 가능한가요? 네, 가능합니다. 다만 취소 전에도 본인 확인이 필요합니다. 네, 이해했어요.",0,A
normal_A_0030,"여보세요, 대출 담당자입니다. 네, 안녕하세요. 대출 입금 요청한 사람인데요. 아, 네. 접수 확인되었습니다. 다만 입금 전 본인 확인 통화가 필요합니다. 요청하신 분 본인 맞으신지 확인하는 절차예요. 아 그러면 지금 제가 받는 전화가 그 통화인 거죠? 네, 맞습니다. 성함과 생년월일 확인 부탁드립니다. 네, 오세진이고 1989년 2월 14일입니다. 감사합니다. 확인되었습니다. 자금 입금 진행 전에 안내드릴 사항이 있어요. 네, 말씀하세요. 입금 계좌가 본인 명의인지, 그리고 입금 요청 금액이 맞는지 다시 확인해야 합니다. 아, 네 맞아요. 제가 신청한 금액 그대로예요. 그럼 진행 가능하십니다. 잠시 후 입금 결과 안내드리겠습니다. 혹시 연락 끊기면 어떻게 되죠? 끊겨도 다시 연락드릴 수 있으니 걱정하지 않으셔도 됩니다. 네, 알겠습니다. 절차대로 진행 부탁드려요.",0,A
normal_A_0031,"안녕하세요, 상담센터입니다. 네, 안녕하세요. 어, 제가 지난주에 신청한 대출이 승인됐다고 문자 받았는데요, 상환은 어떻게 하면 되는지 궁금해서 전화드렸어요. 아 네, 확인 도와드리겠습니다. 먼저 본인 확인을 위해 생년월일이랑 등록된 연락처 말씀 부탁드려도 될까요? 네, ▲▲▲▲▲▲이고, 연락처는 ▲▲▲▲예요. 감사합니다. 확인됐습니다. 손님 대출은 승인 완료 상태이고요, 자금은 오늘부터 바로 사용 가능하십니다. 상환은 매달 지정일에 자동이체로 하실 수도 있고, 앱에서 중도상환도 가능하세요. 아, 중도상환하면 이율이 달라지나요? 네, 기본 이율은 그대로 적용되고요, 남은 기간에 따라 이자 부담이 줄어드는 방식입니다. 그러니까 일부만 먼저 갚아도 되는 거죠? 네, 맞습니다. 다만 상환 금액은 원하시는 만큼 입력하실 수 있는데, 최소 금액 기준은 안내드린 바와 같습니다. 아 그래요? 그럼 제가 이번 달에 일부만 먼저 상환하고 나머지는 자동이체로 두면 되겠네요. 네, 가능합니다. 필요하시면 상환 일정도 다시 정리해드릴게요.",0,A
normal_A_0032,"여보세요, 상담사입니다. 네, 안녕하세요. 저 어제 대출 승인 안내를 받았는데, 상환 시작일이랑 이율이 어떻게 되는지 다시 확인하고 싶어서요. 네, 도와드리겠습니다. 본인 확인 먼저 진행할게요. 성함과 생년월일 말씀해 주시겠습니까? 네, ▲▲▲이고, ▲▲▲▲▲▲입니다. 네, 확인됐습니다. 해당 대출은 승인 후 다음 달부터 상환이 시작되고요, 이율은 계약서에 안내된 고정 이율로 적용됩니다. 아, 고정이면 매달 같은 거예요? 네, 맞습니다. 그리고 자금 사용 후 여유가 생기시면 중도상환도 가능해서, 원하시는 시점에 일부 또는 전액 상환하실 수 있습니다. 음, 그럼 제가 이번 달에는 좀 적게 쓰고 다음 달에 조금 더 갚아도 되나요? 네, 가능합니다. 다만 상환 전에는 잔액과 수수료 여부를 한번 확인하시는 게 좋습니다. 아 네, 이해됐어요. 승인 문자만 보고 조금 헷갈렸는데, 설명 들으니까 훨씬 낫네요. 감사합니다. 필요하시면 상환 방법을 문자로도 다시 보내드리겠습니다.",0,A
normal_A_0033,"안녕하세요, 은행 상담센터입니다. 여보세요? 네, 안녕하세요. 제가 오늘 자동이체로 납부하려고 했는데 처리가 안 된 것 같아서요. 아, 불편을 드려 죄송합니다. 현재 전산 점검으로 일부 접수 건이 지연되고 있습니다. 본인 확인 후 안내드리겠습니다. 네, 제 이름은 ▲▲▲이고 생년월일은 ▲▲▲▲▲▲입니다. 감사합니다. 확인됐습니다. 손님께서 요청하신 납부 건은 전산 반영이 늦어져서 아직 완료 표시가 안 된 상태입니다. 아 그래서 금액은 빠져나갔는데 처리가 안 보였던 거군요? 네, 맞습니다. 금액은 임시 보류 상태로 확인되고 있고, 전산이 복구되면 자동 반영될 예정입니다. 그러니까 제가 다시 납부를 해야 하는 건 아니죠? 네, 지금은 다시 납부하실 필요 없습니다. 중복 처리되지 않도록 저희가 접수 내역을 보관하고 있습니다. 아, 다행이네요. 그럼 언제쯤 정상 처리되나요? 현재는 오늘 오후 안으로 순차 반영 예정이고, 반영되면 문자로 안내드리겠습니다. 네, 알겠습니다. 기다리면 되는 거죠? 네, 맞습니다. 불편 드려 죄송하고, 혹시 추가로 확인되면 바로 연락드리겠습니다.",0,A
normal_A_0034,"네, 상담센터입니다. 안녕하세요. 어제 납부한 건이 아직 미처리처럼 보여서 전화드렸어요. 네, 확인해드리겠습니다. 먼저 본인 확인을 위해 등록 정보 몇 가지만 여쭤볼게요. 성함과 연락처 말씀 부탁드립니다. 네, ▲▲▲이고 ▲▲▲▲입니다. 감사합니다. 확인 완료했습니다. 현재 전산 접수는 되어 있는데, 시스템 지연으로 납부 금액 반영이 늦어지고 있습니다. 아, 그러면 제가 결제를 안 한 건 아니네요? 네, 아닙니다. 손님이 납부하신 금액은 정상 접수돼 있고요, 전산에서 승인 대기 중입니다. 음, 다행이네요. 이거 혹시 시간이 지나면 자동으로 넘어가나요? 네, 복구되면 순차적으로 반영됩니다. 만약 늦어지면 저희가 별도로 확인해서 다시 안내드릴 수 있습니다. 아 그래요? 그럼 제가 따로 뭘 해야 하는 건 아니죠? 네, 추가 조치는 없으십니다. 단, 같은 금액을 다시 납부하시는 건 피해주세요. 네, 알겠습니다. 조금 불안했는데 설명 들으니 안심되네요. 네, 불편을 드려 죄송합니다. 처리되면 문자로도 안내드리겠습니다.",0,A
normal_A_0035,"안녕하세요, 고객지원센터입니다. 네, 안녕하세요. 비대면으로 계좌 개설하려고 하는데, 절차가 조금 헷갈려서요. 아 네, 도와드리겠습니다. 우선 명의 확인이 필요해서 본인 개인 정보 확인 절차를 진행합니다. 주민등록상 성함과 생년월일 말씀해 주시겠어요? 네, ▲▲▲이고, 생년월일은 ▲▲▲▲▲▲입니다. 감사합니다. 그리고 개설 진행을 위해 신분증 촬영, 휴대폰 본인인증, 계좌 연결 정보 확인이 필요합니다. 아, 개인 정보는 어디까지 입력해야 하나요? 네, 기본적으로 주소와 연락처, 직업 정보 정도만 입력하시면 되고, 추가 서류가 필요한 경우에는 별도로 안내드립니다. 음, 그럼 배우자 명의나 가족 명의로는 안 되는 거죠? 네, 맞습니다. 계좌는 본인 명의로만 개설 가능하고요, 타인 명의로는 진행이 불가합니다. 아, 이해됐어요. 그럼 제가 신분증만 준비하면 바로 해볼 수 있겠네요. 네, 맞습니다. 진행하시다가 막히는 부분 있으면 다시 전화 주세요.",0,A
normal_A_0036,"여보세요, 은행입니다. 네, 안녕하세요. 제가 비대면으로 계좌 개설하려고 하는데 명의 확인을 어떻게 하는지 궁금해서요. 네, 안내드리겠습니다. 계좌 개설은 본인 명의로만 가능하고, 개인 정보 인증을 위해 휴대폰 본인확인과 신분증 확인이 필요합니다. 아, 네. 그러면 주소 같은 정보도 들어가나요? 네, 기본 정보로 주소와 연락처를 입력하시고, 직장 정보는 선택 항목일 수 있습니다. 다만 본인 확인이 되지 않으면 개설이 진행되지 않습니다. 음, 알겠어요. 혹시 가족이 대신 해줄 수는 없죠? 네, 죄송하지만 대리 개설은 안 됩니다. 명의자 본인이 직접 진행하셔야 합니다. 아 그래요? 그럼 제가 오늘 저녁에 신분증 들고 다시 시도해볼게요. 네, 좋습니다. 개설 중 오류가 나면 화면 캡처해 두셨다가 말씀해 주시면 더 빨리 확인해드릴 수 있습니다.",0,A
normal_A_0037,"안녕하세요, 카드 상담센터입니다. 네, 안녕하세요. 제가 지금 쓰는 카드 한도 좀 조회하고 싶은데요, 해외 거래도 가능한지 같이 보고 싶어서요. 네, 가능합니다. 먼저 본인 확인을 위해 카드 번호 일부와 생년월일 확인 부탁드립니다. 네, 카드 앞 네 자리만 말씀드리면 되나요? 네, 앞 네 자리와 성함 말씀해 주시면 됩니다. 네, ▲▲▲▲이고 이름은 ▲▲▲입니다. 감사합니다. 확인됐습니다. 현재 카드 이용 한도는 남아 있고, 국내 거래는 정상 가능합니다. 해외 거래는 기본적으로 가능 상태인데, 해외 이용 차단 설정이 되어 있는지 추가 확인이 필요합니다. 아, 그럼 한도는 충분한데 해외만 별도로 막혀 있을 수도 있나요? 네, 맞습니다. 카드 종류에 따라 해외 거래 가능 여부가 따로 설정됩니다. 음, 그럼 제가 다음 주에 여행 가는데, 미리 풀어둘 수 있겠네요? 네, 가능합니다. 원하시면 해외 이용 등록과 한도 확인을 함께 도와드리겠습니다. 아 좋네요. 수수료 같은 건 따로 있나요? 해외에서 이용하실 때는 환율과 국제 브랜드 수수료가 적용될 수 있습니다. 자세한 건 문자로도 안내드릴게요.",0,A
normal_A_0038,"네, 카드센터입니다. 안녕하세요. 지금 제 카드 이용 한도랑 해외 거래 가능 여부를 확인하고 싶어서 전화드렸어요. 네, 도와드리겠습니다. 본인 확인 위해 등록된 휴대폰 번호와 생년월일 말씀해 주세요. 네, ▲▲▲▲이고 생년월일은 ▲▲▲▲▲▲입니다. 감사합니다. 조회해보니 현재 카드 이용 가능 금액은 남아 있고, 일반 거래는 문제없이 사용 가능합니다. 해외 거래는 가능으로 되어 있는데, 일부 가맹점에서는 추가 인증이 필요할 수 있습니다. 아, 그러면 해외에서 온라인 결제도 될 수 있는 거네요? 네, 가능합니다. 다만 카드사 정책상 일시적으로 제한된 구간이 있으면 별도 인증 절차가 떠요. 음, 그럼 한도는 제가 따로 올려야 하나요? 현재 기준으로는 충분하지만, 원하시면 한도 상향 신청도 가능합니다. 아니요, 우선은 괜찮아요. 해외 거래만 문제 없으면 됩니다. 네, 알겠습니다. 해외 이용 알림 서비스도 신청해드릴 수 있는데 필요하실까요? 아, 그거 좋겠네요. 나중에 이상 거래가 있으면 바로 알 수 있으니까요. 네, 맞습니다. 신청해드리겠습니다.",0,A
normal_A_0039,"안녕하세요, 상담원입니다. 네, 안녕하세요. 대출 입금 요청을 했는데, 본인 확인 통화가 필요하다고 해서요. 아 네, 확인 절차 안내드리겠습니다. 현재 요청은 접수되어 있고, 대출금 입금 전 본인 확인 통화가 필요합니다. 통화 연결 가능하실까요? 네, 지금 가능합니다. 우선 성함과 생년월일 말씀 부탁드립니다. 네, ▲▲▲이고 ▲▲▲▲▲▲입니다. 감사합니다. 확인을 위해 몇 가지 추가 질문 드리겠습니다. 대출 신청하신 목적과 입금받을 계좌가 맞는지 확인해주시면 됩니다. 네, 생활자금으로 신청했고, 제 계좌로 입금 요청한 거 맞습니다. 네, 확인됐습니다. 본인 확인이 완료되면 입금 절차가 진행됩니다. 아, 오늘 바로 들어오는 건가요? 네, 절차가 마무리되면 순차적으로 입금됩니다. 다만 통화가 안 되면 지연될 수 있습니다. 음, 알겠습니다. 그럼 제가 끝까지 응답하면 되는 거죠? 네, 맞습니다. 요청 내용과 본인 확인이 일치하면 문제없이 진행됩니다.",0,A
normal_A_0040,"여보세요, 상담센터입니다. 네, 안녕하세요. 대출금 입금 요청 넣어놨는데, 왜 통화를 해야 하는지 궁금해서 전화드렸어요. 네, 안내드리겠습니다. 대출 입금은 고객님 본인 요청이 맞는지 확인하기 위해 통화 절차가 필요합니다. 먼저 본인 확인부터 진행할게요. 성함과 연락처 말씀해 주세요. 네, ▲▲▲이고 연락처는 ▲▲▲▲입니다. 네, 확인됐습니다. 입금 요청은 접수되어 있고, 통화로 본인 여부를 확인한 뒤 처리됩니다. 아, 그럼 제가 따로 서류를 더 내야 하는 건 아니죠? 네, 보통은 통화 확인만으로 충분합니다. 다만 정보가 다르면 추가 확인이 필요할 수 있습니다. 음, 저는 계좌로 바로 입금되는 줄 알았어요. 네, 입금 전 본인 확인이 한 단계 더 들어갑니다. 이건 안전한 처리 절차라서요. 아, 이해됐어요. 그럼 지금 바로 확인되면 오늘 중에 입금 가능하겠네요? 네, 그렇습니다. 확인 완료 후 순차적으로 진행해드리겠습니다.",0,A
normal_A_0041,"상담원입니다. 무엇을 도와드릴까요? 아, 네. 제가 어제 대출 심사 결과를 받았는데요, 승인됐다고 해서요. 네, 축하드립니다. 손님 본인 확인부터 도와드릴게요. 성함이랑 생년월일 말씀 부탁드릴 수 있을까요? 네, 김○○이고, 생년월일은 ○○년 ○월 ○일입니다. 네, 확인됐습니다. 현재 대출은 승인 완료된 상태고요, 자금은 신청하신 계좌로 자동 입금되지 않아서 별도 실행 절차를 거치셔야 합니다. 아 그렇군요. 그럼 상환은 어떻게 되는 거예요? 네, 상환은 매월 같은 날짜에 원리금 균등 방식으로 진행되는데요, 처음 몇 회차는 이자 비중이 조금 더 크고요, 이후에 원금 비중이 점점 늘어납니다. 이율은 우대 조건이 적용돼서 연 몇 퍼센트대로 안내드리고 있습니다. 음, 중도에 일부 갚아도 되나요? 네, 가능하십니다. 다만 일부 상환 수수료가 있는 상품도 있어서 약관을 한 번 확인해드리겠습니다. 잠시만 기다려주세요. 네, 네. 기다려주셔서 감사합니다. 손님 상품은 중도상환 수수료가 첫 해까지만 일부 부과되고 이후에는 면제됩니다. 아, 생각보다 괜찮네요. 그럼 첫 납부일도 같이 알려주실 수 있을까요? 네, 첫 납부일은 다음 달 ○일이고, 안내 문자와 이메일로도 다시 보내드리겠습니다.",0,A
normal_A_0042,"여보세요, 대출 관련해서 문의드리려고 전화드렸는데요. 네, 도와드리겠습니다. 먼저 본인 확인 부탁드릴게요. 네, 제 이름은 이○○이고요. 네, 감사합니다. 손님, 대출 승인 완료 건 확인되셨습니다. 자금 실행 전에 상환 조건이랑 이율 안내를 드려야 해서요. 어, 네. 제가 지금 바로 받는 건가요? 네, 신청하신 계좌로 입금 처리되기 전에 최종 안내가 한 번 들어갑니다. 이율은 고정형이라서 계약 기간 동안 크게 바뀌지 않고, 상환은 매달 일정 금액이 자동 출금되는 방식입니다. 아, 자동으로 빠져나가는 거군요. 네, 맞습니다. 혹시 상환일을 급여일 이후로 조정하실 수도 있고, 일부 조기 상환도 가능합니다. 그러면 자금 쓰기 시작한 뒤에 제가 따로 신청해야 하나요? 네, 실행이 완료되면 문자로 안내드리는 메뉴에서 확인하실 수 있고요, 납부 예정 금액도 미리 조회 가능합니다. 잠시만요, 그럼 첫 달 이자는 어떻게 계산돼요? 네, 실행일 기준으로 일수 계산이 들어가서 첫 회차 금액이 약간 달라질 수 있습니다. 자세한 건 오늘 안내문으로 보내드릴게요. 아, 알겠습니다. 설명이 되게 친절하네요. 네, 감사합니다. 진행하시면서 궁금한 점 있으시면 언제든 연락 주세요.",0,A
normal_A_0043,"안녕하세요, 고객님. 은행 전산 점검 관련해서 안내드리려고 전화드렸습니다. 아, 네. 제가 방금 납부하려고 했는데 처리가 안 되더라고요. 네, 맞습니다. 현재 전산 시스템 오류가 잠깐 발생해서 일부 접수와 납부 처리가 지연되고 있습니다. 아, 그래서 그랬군요. 금액은 이미 빠져나간 것처럼 보이는데요? 네, 손님 화면에는 일시적으로 반영될 수 있는데 실제 승인 여부는 확인 중입니다. 먼저 접수 건을 조회해보겠습니다. 네, 부탁드려요. 성함과 생년월일 말씀해주시면 됩니다. 네, 박○○이고, ○○년 ○월 ○일입니다. 네, 확인됐습니다. 현재 금액은 중복 처리되지 않았고, 전산 복구 후 순차적으로 납부 반영될 예정입니다. 그럼 제가 다시 시도해야 하나요? 아니요, 지금은 재시도하지 마시고 조금만 기다려주시면 됩니다. 혹시 자동 이체 건이면 정상 접수 여부를 다시 확인해드릴게요. 음, 다행이네요. 언제쯤 되나요? 네, 오늘 중으로 대부분 복구 예정이라서, 복구되는 즉시 문자 안내 드리겠습니다. 불편 끼쳐드려 죄송합니다. 아니에요, 확인해주셔서 감사합니다.",0,A
normal_A_0044,"여보세요? 아, 은행인데요. 제가 어제 카드 대금 납부했는데 아직 반영이 안 된 것 같아서요. 네, 확인 도와드리겠습니다. 먼저 본인 명의 확인을 위해 성함이랑 생년월일 부탁드립니다. 네, 정○○이고요, ○○년 ○월 ○일입니다. 감사합니다. 손님, 현재 전산 지연으로 납부 접수는 정상 완료됐는데 반영이 조금 늦어지고 있습니다. 아 그래요? 금액은 출금됐거든요. 네, 맞습니다. 금액은 정상 출금 확인되는데, 내부 전산 처리 순서 때문에 조회 화면 반영이 늦어질 수 있습니다. 그럼 연체로 잡히는 건 아니죠? 네, 아닙니다. 오늘 안으로 순차 반영될 예정이고, 지연에 따른 불이익은 없도록 처리됩니다. 아, 그럼 기다리면 되는 거죠? 네, 혹시라도 저녁까지 반영이 안 되면 다시 연락 주시면 재확인해드리겠습니다. 안내 문자도 받으실 수 있게 접수 메모 남겨드릴게요. 네, 감사합니다. 이런 전산 문제면 불안하잖아요. 네, 충분히 그러실 수 있습니다. 불편 드려 죄송하고, 빠르게 처리되도록 확인하겠습니다.",0,A
normal_A_0045,"안녕하세요, 비대면 계좌 개설 문의드립니다. 아, 네. 계좌를 온라인으로 만들려고 하는데요. 네, 가능합니다. 개설 절차에 필요한 정보와 개인 확인 방법을 안내드리겠습니다. 먼저 본인 명의 휴대전화가 있어야 하고요, 신분증 촬영과 얼굴 인증이 필요합니다. 아, 명의가 제 이름으로 되어 있어야 하는 거죠? 네, 맞습니다. 그리고 입력하시는 정보는 이름, 생년월일, 주소처럼 기본 개인 정보입니다. 음, 주소도 꼭 넣어야 해요? 네, 네. 금융실명 확인과 본인 확인 때문에 필요합니다. 혹시 가족 명의 휴대전화로는 안 되나요? 네, 안 됩니다. 계좌는 반드시 본인 명의로만 개설 가능하고요, 타인 정보로 진행하면 인증이 중단됩니다. 아, 알겠습니다. 그럼 준비할 게 신분증하고 제 휴대전화 정도네요. 네, 맞습니다. 진행 중에 사진이 흔들리거나 정보가 다르면 다시 촬영하셔야 할 수 있습니다. 아, 네네. 설명 감사합니다. 절차대로 해보겠습니다.",0,A
normal_A_0046,"여보세요, 계좌 개설 때문에 전화드렸는데요. 네, 도움드리겠습니다. 비대면으로 진행하시는 거죠? 네. 그런데 개인정보 입력하는 부분이 좀 헷갈려서요. 아, 네. 안내드릴게요. 먼저 계좌 개설은 본인 명의로만 가능하고, 개인 정보 확인을 위해 성함, 주민등록상 생년월일, 연락처를 입력하셔야 합니다. 그다음 신분증과 얼굴 인식을 통해 동일인 여부를 확인합니다. 음, 제가 주소를 예전 걸로 넣었는데 그건 안 되겠죠? 네, 현재 정보와 다르면 수정해주셔야 합니다. 아, 그렇군요. 그리고 직업 정보도 적어야 하나요? 네, 일부 상품은 간단한 직업 정보와 거래 목적을 같이 확인합니다. 이건 보안과 개설 심사를 위한 정상 절차입니다. 알겠습니다. 혹시 입력한 정보가 틀리면 다시 처음부터 해야 하나요? 경우에 따라 일부 단계만 재확인하면 됩니다. 너무 걱정 안 하셔도 돼요. 아, 다행이네요. 친절하게 설명해주셔서 감사합니다. 네, 천천히 진행해보시고 막히는 부분 있으면 다시 연락 주세요.",0,A
normal_A_0047,"안녕하세요, 카드 한도 조회하려고 전화드렸어요. 네, 확인 도와드리겠습니다. 본인 확인 먼저 가능하실까요? 네, 김○○입니다. 생년월일은 ○○년 ○월 ○일이에요. 감사합니다. 손님 카드 현재 이용 한도는 총 얼마이고, 사용 가능 잔액은 얼마 남아 있습니다. 아, 생각보다 넉넉하네요. 그럼 해외 거래도 가능할까요? 네, 기본적으로 해외 거래 가능 여부는 카드 종류와 사전 설정에 따라 다릅니다. 지금은 해외 승인 기능이 꺼져 있어서 별도 신청이 필요합니다. 아, 제가 여행 가기 전에 켜둘 수 있나요? 네, 가능합니다. 앱이나 전화로 해외 이용 등록을 하시면 되고, 출국 기간에 맞춰 기간 설정도 해드릴 수 있습니다. 음, 수수료도 따로 있나요? 해외 거래 시 환전 수수료와 국제 브랜드 수수료가 붙을 수 있습니다. 상세한 부분은 카드 이용 안내에 나온 기준으로 설명드릴게요. 아, 그렇군요. 혹시 한도도 잠깐 올릴 수 있나요? 네, 소득 정보 확인 후 임시 증액이나 정기 한도 조정이 가능합니다. 필요하시면 접수 도와드리겠습니다.",0,A
normal_A_0048,"여보세요, 카드 관련해서 문의드릴게요. 네, 말씀해주세요. 제가 이번 달에 해외에서 쓸 일이 생겨서, 카드 이용이 가능한지 확인하고 싶어요. 아, 네. 먼저 본인 확인 후 안내드리겠습니다. 성함과 생년월일 부탁드려요. 네, 이○○이고, ○○년 ○월 ○일입니다. 감사합니다. 현재 카드의 이용 한도는 남아 있고, 국내 거래는 정상입니다. 해외 거래 가능 여부는 기본 설정이 비활성화돼 있어서 지금은 승인되지 않을 수 있습니다. 아 그러면 미리 등록해야 하는 거예요? 네, 맞습니다. 해외에서 이용하시려면 해외 거래 가능 설정을 켜두셔야 하고, 일부 국가나 가맹점은 추가 인증이 필요할 수 있습니다. 음, 그럼 온라인 결제도 똑같이 적용돼요? 네, 해외 온라인 거래도 동일하게 보안 설정이 적용됩니다. 혹시 카드 분실 대비해서 사용 제한도 걸 수 있나요? 네, 가능합니다. 해외 이용 기간 동안만 열어두고 나머지는 차단해두는 방식도 있어요. 아, 그건 좋네요. 지금 바로 접수할 수 있으면 해주세요. 네, 접수 도와드리겠습니다. 이용 가능 상태로 전환되면 문자로 알려드릴게요.",0,A
normal_A_0049,"안녕하세요, 대출금 입금 요청 관련해서 연락드렸습니다. 네, 접수되신 요청 확인했습니다. 그런데 본인 확인 통화가 한 번 더 필요하다고 해서요. 아, 그래요? 네, 대출금 입금은 최종 본인 확인 후 진행됩니다. 성함이랑 생년월일 확인 부탁드립니다. 네, 박○○이고요, ○○년 ○월 ○일입니다. 감사합니다. 손님 명의와 신청 내역 일치 확인됐고, 지금 요청 건은 정상 접수 상태입니다. 다만 통화 확인이 끝나야 입금 절차가 이어집니다. 음, 그럼 제가 따로 할 건 없나요? 네, 아주 간단한 확인만 더 드리면 됩니다. 신청하신 대출이 맞는지, 그리고 입금받을 계좌가 본인 명의인지 확인해주시면 됩니다. 네, 제 명의 맞고요, 그 계좌로 받으려는 거 맞습니다. 네, 확인됐습니다. 그러면 입금 처리 진행해드리겠습니다. 예상 시간은 오늘 중으로 안내드릴 수 있습니다. 아, 다행이네요. 설명이 없어서 좀 불안했어요. 네, 충분히 그러실 수 있습니다. 본인 확인 절차는 안전한 처리 목적이라 꼭 필요한 단계입니다.",0,A
normal_A_0050,"여보세요, 은행 대출 상담인데요. 아, 네. 제가 대출 입금 요청을 넣었는데 전화가 와서요. 네, 맞습니다. 입금 요청 접수는 되어 있는데, 본인 확인 통화가 필요해서 연락드렸습니다. 손님 성함과 생년월일 확인 가능하실까요? 네, 최○○이고, ○○년 ○월 ○일입니다. 감사합니다. 신청하신 대출 건 확인됐고, 입금은 계좌 소유자와 요청자 명의가 일치해야 진행됩니다. 아, 제 명의로 된 계좌 맞습니다. 네, 확인됐습니다. 그럼 몇 가지 확인 질문만 드리겠습니다. 이번 대출금 사용 목적이 생활 자금 맞으실까요? 네, 맞아요. 그리고 입금 요청하신 금액도 신청서와 동일합니다. 맞습니다. 좋습니다. 본인 확인 통화가 완료되어 입금 진행 접수는 마무리되었습니다. 아, 그럼 바로 들어오는 건가요? 네, 시스템 반영 후 순차 입금되고, 문자로 다시 안내됩니다. 혹시 중간에 계좌번호를 바꿔야 하면 재접수해야 하나요? 네, 그 경우에는 다시 요청해주셔야 합니다. 오늘은 원래 계좌로 진행해드릴게요.",0,A
normal_A_0051,"상담원입니다. 안녕하세요, 무엇을 도와드릴까요? 아, 안녕하세요. 제가 어제 신청한 대출이 승인됐다고 문자가 와서요. 그러면 앞으로 상환은 어떻게 해야 하는지, 그리고 이율도 다시 한 번 안내받을 수 있을까요? 네, 고객님 성함 먼저 확인해도 될까요? 아, 네. 김민수입니다. 잠시만요. 네, 확인됐습니다. 이번 대출은 승인 후 첫 상환일이 다음 달 15일로 잡혀 있고요, 상환 방식은 매달 원리금 균등 상환으로 진행됩니다. 아 그렇군요. 그럼 중간에 자금 여유가 생기면 일부 상환도 가능한가요? 네, 가능합니다. 일부 상환은 수수료 없이 가능하고, 잔액에 따라 이율 적용 금액이 조금 달라질 수 있어서요. 현재 적용 이율은 연 5.2퍼센트로 안내되고 있습니다. 아, 생각보다 괜찮네요. 그러면 자동이체로 등록하면 되나요? 네, 맞습니다. 원하시면 상환 계좌 등록까지 바로 도와드릴 수 있습니다. 네, 그럼 부탁드립니다. 잠시만 기다려 주시겠습니까? 아, 네. 감사합니다.",0,A
normal_A_0052,"안녕하세요, 은행 상담센터입니다. 네, 안녕하세요. 제가 대출 승인 받은 건이 있는데, 상환 일정이랑 이율 다시 확인하려고 전화드렸어요. 네, 고객님 본인 확인부터 도와드리겠습니다. 성함과 생년월일 말씀 부탁드립니다. 아, 박지연이고요, 생년월일은 구십이년 삼월 이십일입니다. 네, 감사합니다. 확인됐습니다. 고객님 건은 승인 완료 상태이고, 자금은 오늘 오후 안으로 지정 계좌로 입금 예정입니다. 오, 그럼 상환은 바로 다음 달부터 시작되는 건가요? 네, 맞습니다. 상환은 매월 같은 날짜에 진행되고, 이율은 고정금리로 연 4.8퍼센트가 적용됩니다. 아, 그러면 중도 상환도 되죠? 네, 가능합니다. 다만 중도 상환 시점에 따라 수수료가 조금 달라질 수 있어서요, 필요하시면 상세 안내드리겠습니다. 아, 네. 그럼 문자로도 한 번 보내주실 수 있나요? 네, 안내 문자 발송 가능합니다. 잠시 후 확인 부탁드립니다.",0,A
normal_A_0053,"은행입니다. 안녕하세요, 무엇을 도와드릴까요? 아, 안녕하세요. 어제 납부한 게 있는데 아직 처리 완료가 안 떠서요. 혹시 전산 문제인가 해서 연락드렸습니다. 아, 그러세요? 성함과 연락처 확인 부탁드릴게요. 네, 최은정이고 010-1234-5678입니다. 네, 확인됐습니다. 현재 저희 전산에서 일부 접수 건이 지연되고 있어서 납부 반영이 조금 늦어지고 있습니다. 아, 그럼 제 금액이 아직 안 들어간 건 아니죠? 아니요, 고객님 납부 금액은 정상 접수되어 있고요, 화면 반영만 지연되는 상태입니다. 아 그렇군요. 그러면 얼마나 기다려야 하나요? 보통 한두 시간 안에 순차 반영되는데, 오늘은 시스템 점검이 겹쳐서 조금 더 걸릴 수 있습니다. 아, 네. 혹시 제가 다시 접수해야 하는 건 아니죠? 아니요, 다시 접수하실 필요는 없습니다. 전산 복구되면 자동 반영됩니다. 아, 다행이네요. 그럼 오늘 중으로만 확인하면 되는 거죠? 네, 맞습니다. 불편을 드려 죄송합니다.",0,A
normal_A_0054,"여보세요, 은행 고객센터입니다. 네, 안녕하세요. 방금 납부했는데 아직 미처리로 보여서요. 전산 오류 같은 건가요? 네, 고객님, 우선 확인해 보겠습니다. 성함이랑 납부하신 금액 말씀해 주시겠어요? 아, 이수현이고요, 금액은 십이만 원입니다. 네, 감사합니다. 현재 일부 전산 지연으로 접수 화면 업데이트가 늦어지고 있습니다. 아, 그럼 제 납부 자체는 된 거예요? 네, 납부 자체는 정상 접수된 것으로 확인됩니다. 다만 전산 반영 시간이 길어져서 알림이 아직 안 갔습니다. 아 그렇구나. 그러면 제가 따로 조치할 건 없나요? 네, 따로 하실 건 없고요, 오늘 오후에 다시 확인하시면 정상 반영될 가능성이 높습니다. 아, 알겠습니다. 혹시 계속 안 뜨면 다시 전화드리면 되나요? 네, 언제든지 연락 주시면 접수번호로 다시 확인해 드리겠습니다. 네, 감사합니다.",0,A
normal_A_0055,"안녕하세요, 고객센터입니다. 아, 네. 비대면 계좌 개설하려고 하는데요, 자꾸 정보 확인 단계에서 멈춰서요. 아, 그러셨군요. 본인 명의로 개설 진행 중이신가요? 네, 제 명의로 하려고 합니다. 그러면 먼저 개인 정보 확인이 필요합니다. 이름, 생년월일, 연락처를 입력하신 뒤 인증 절차를 진행하셔야 해요. 아, 제가 방금 했는데도 안 넘어가더라고요. 네, 그럴 경우 입력하신 정보와 신분증 정보가 일치하는지 다시 확인해 보셔야 합니다. 아, 오타가 있었을 수도 있겠네요. 그리고 개설 과정에서는 주소지와 직업 정보도 함께 확인됩니다. 아, 네. 혹시 가족 명의로는 안 되는 거죠? 네, 맞습니다. 반드시 본인 명의로만 개설 가능하고, 타인 정보로는 진행할 수 없습니다. 아 그렇군요. 그럼 다시 처음부터 해볼게요. 네, 진행 중에 막히면 다시 연락 주세요. 안내 도와드리겠습니다.",0,A
normal_A_0056,"은행 상담센터입니다. 안녕하세요? 아, 안녕하세요. 비대면으로 계좌 개설하려고 하는데 개인 정보 확인 단계에서 오류가 떠서요. 네, 불편을 드려 죄송합니다. 본인 확인을 위해 먼저 명의가 고객님 본인인지 확인해도 될까요? 네, 제 명의 맞습니다. 아, 감사합니다. 개설 절차 중에는 개인 식별 정보와 주소, 휴대폰 인증이 필요하고요, 입력하신 정보가 신분증과 같아야 합니다. 아 그러면 제가 주소를 예전 주소로 써서 그런가요? 네, 그럴 가능성이 있습니다. 현재 거주지 정보와 신분증 상 정보가 다르면 추가 확인이 필요할 수 있습니다. 아, 이해됐어요. 그럼 수정하면 바로 개설되나요? 정보 수정 후 다시 인증하시면 대부분 바로 진행됩니다. 다만 일부 경우에는 추가 확인 전화를 드릴 수 있습니다. 아, 네. 혹시 제가 미성년자면 안 되는 거죠? 네, 성인 본인 명의만 가능합니다. 아, 알겠습니다. 다시 입력해 볼게요.",0,A
normal_A_0057,"카드 상담센터입니다. 안녕하세요. 아, 안녕하세요. 제가 카드 한도를 좀 조회해 보고 싶은데요, 해외 거래도 가능한지 같이 확인할 수 있을까요? 네, 가능합니다. 우선 고객님 본인 확인 도와드리겠습니다. 성함이랑 생년월일 말씀 부탁드립니다. 네, 정우진이고요, 구십일년 오월 구일입니다. 네, 확인됐습니다. 현재 고객님 카드의 이용 한도는 백오십만 원으로 확인되고 있습니다. 아, 생각보다 넉넉하네요. 해외 거래는 가능한가요? 네, 현재 해외 거래 가능 상태로 되어 있습니다. 다만 일부 국가나 가맹점에서는 별도 승인 절차가 있을 수 있습니다. 아 그래요? 그럼 해외 결제할 때 따로 신청해야 하는 건 없나요? 기본적으로는 바로 이용 가능하시고요, 혹시 해외 이용 정지가 걸려 있으면 해제만 해주시면 됩니다. 아, 그럼 지금은 문제 없는 거죠? 네, 현재는 이용 가능 상태입니다. 필요하시면 한도 변경도 상담 가능합니다.",0,A
normal_A_0058,"여보세요, 카드 고객센터죠? 네, 맞습니다. 안녕하세요. 카드 한도랑 해외 거래 가능 여부를 보고 싶어서 전화드렸어요. 아, 네. 도와드리겠습니다. 먼저 본인 확인할게요. 이름이랑 휴대폰 번호 말씀 부탁드립니다. 아, 김하늘이고 010-2222-3333입니다. 네, 감사합니다. 확인됐습니다. 현재 카드 이용 한도는 이백만 원이고, 국내 거래는 정상적으로 가능하십니다. 아, 해외는요? 해외 거래도 가능으로 설정되어 있습니다. 오, 다행이다. 제가 다음 달에 여행 가거든요. 아, 그러시면 출국 전에 해외 이용 한 번 더 점검해 두시면 좋아요. 혹시 카드 분실 대비해서 일시 정지나 알림 서비스도 같이 설정할 수 있나요? 네, 가능합니다. 원하시면 문자 알림도 함께 등록해 드릴게요. 아, 네. 그럼 부탁드려요. 잠시만요, 바로 처리해 드리겠습니다.",0,A
normal_A_0059,"안녕하세요, 상담센터입니다. 아, 안녕하세요. 대출금 입금 요청을 넣었는데 아직 확인이 안 돼서요. 통화 절차가 필요하다고 해서 전화드렸습니다. 네, 고객님. 먼저 본인 확인이 필요합니다. 성함과 생년월일 부탁드릴게요. 아, 이지훈이고, 생년월일은 팔십팔년 십이월 삼일입니다. 감사합니다. 확인됐습니다. 대출 입금 요청은 접수되어 있고요, 최종 입금 전에는 본인 확인 통화가 한 번 더 필요합니다. 아, 그러면 지금 이 통화가 그 절차인가요? 네, 맞습니다. 요청하신 계좌가 본인 명의인지 확인하고, 입금 방향을 다시 안내드리는 절차입니다. 아, 네. 계좌는 제 명의 맞고요, 입금은 내일 가능하면 좋겠습니다. 네, 확인했습니다. 오늘 통화가 완료되면 내부 심사 후 입금 일정이 안내됩니다. 아, 알겠습니다. 혹시 제가 따로 준비할 건 없나요? 지금은 없고요, 필요 시 추가 서류 요청드릴 수 있습니다. 아, 네. 감사합니다.",0,A
normal_A_0060,"은행 대출 상담센터입니다. 안녕하세요. 아, 안녕하세요. 대출 입금 요청을 했는데 전화가 와서요. 본인 확인 통화라고 하던데 맞나요? 네, 맞습니다. 요청하신 건은 접수되어 있고, 입금 전에 본인 확인을 진행하고 있습니다. 성함 말씀 부탁드립니다. 아, 박서연입니다. 네, 박서연 고객님 맞으시네요. 요청하신 대출은 승인 전 단계가 아니라 입금 일정 확인 단계이고요, 통화가 완료돼야 최종 처리됩니다. 아, 그렇군요. 그럼 제가 지금 답하면 되는 거죠? 네, 간단하게 몇 가지 확인드리겠습니다. 입금받을 계좌의 예금주가 고객님 본인인지요? 네, 제 명의입니다. 좋습니다. 그럼 요청 사항은 정상 접수됐고, 오늘 오후에 내부 확인 후 입금 가능 여부를 다시 안내드리겠습니다. 아, 네. 생각보다 절차가 있네요. 네, 고객님 보호를 위한 절차라서요. 불편하시겠지만 양해 부탁드립니다. 아, 네. 감사합니다.",0,A
normal_A_0061,"안녕하세요, 고객님. 상담센터입니다. 네, 안녕하세요. 아, 제가 지난번에 신청한 대출이 승인됐다는 안내를 받았는데요, 상환은 어떻게 하면 되는지랑 이율도 다시 한번 확인하고 싶어서 전화드렸어요. 네, 전화 주셔서 감사합니다. 우선 본인 확인부터 도와드리겠습니다. 성함이랑 생년월일 앞자리 말씀 부탁드릴게요. 네, ○○○이고요, 생년월일은 ○○○○년입니다. 확인되었습니다. 말씀하신 대출은 심사 승인 완료된 상태이고요, 자금은 지정하신 계좌로 오늘 중 순차 입금 예정입니다. 아 그래요? 네. 그리고 상환 방식은 원리금 균등 상환으로 진행되며, 매달 같은 날짜에 자동이체로 납부하시면 됩니다. 이율은 연 ○.○%로 적용되고요. 음, 그러면 중도상환도 가능해요? 네, 가능합니다. 다만 중도상환 수수료는 기간에 따라 조금 다를 수 있어서, 원하시면 제가 기준도 같이 안내드리겠습니다. 아 네, 그럼 부탁드릴게요.",0,A
normal_A_0062,"여보세요? 네, 고객님 안녕하세요. 저희 금융상담센터입니다. 아, 안녕하세요. 그 대출 승인된 거 관련해서 상환 방법이랑, 혹시 이율이 어떻게 되는지 궁금해서요. 네, 확인 도와드리겠습니다. 본인 인증 절차 먼저 진행하겠습니다. 가입하신 고객명과 휴대폰 번호 끝 네 자리 말씀해 주시겠어요? 네, 김○○이고 끝 번호는 ○○○○입니다. 네, 본인 확인되었습니다. 고객님 대출은 승인 이후 대출 실행이 진행된 건이고요, 자금 입금은 오늘 오후 안으로 확인되실 예정입니다. 그러면 상환은 따로 신청해야 하나요? 아니요, 기본적으로는 자동이체 상환으로 설정되어 있습니다. 원하시면 납부일 변경은 가능하고, 매달 납부 금액도 앱에서 확인하실 수 있습니다. 이율은 최초 안내드린 대로 고정 이율로 적용 중입니다. 아, 고정이구나. 네. 혹시 상환 일정표를 문자로 받아보실까요? 아, 네네. 보내주시면 좋겠어요.",0,A
normal_A_0063,"안녕하세요, 은행 콜센터입니다. 네, 안녕하세요. 저 오늘 납부하려고 했는데 처리가 안 돼서요, 금액도 빠져나갔는지 확인이 안 돼서 전화드렸어요. 네, 불편을 드려 죄송합니다. 현재 일부 전산 시스템 오류로 납부 접수 처리가 지연되고 있습니다. 아, 전산 문제예요? 네, 맞습니다. 우선 접수 내역은 남아 있고요, 금액은 아직 실제 출금 반영 전으로 확인됩니다. 그러면 제가 다시 납부해야 하는 건가요? 아니요, 지금은 재납부하지 않으셔도 됩니다. 잠시 후 전산 복구가 되면 순차적으로 반영될 예정입니다. 음, 그럼 오늘 안에는 처리될까요? 최대한 빠르게 처리 중이고, 복구되는 즉시 안내드리겠습니다. 혹시 자동이체라면 중복 출금 방지를 위해 잠시 확인을 권해드리고 있습니다. 아 네, 알겠습니다. 기다리면 되는 거죠? 네, 맞습니다. 접수된 납부 건은 보관되고 있으니 걱정하지 않으셔도 됩니다.",0,A
normal_A_0064,"안녕하세요, ○○은행입니다. 아 네, 안녕하세요. 저 어제 납부하려고 한 건이 아직 반영이 안 돼서요. 음, 현재 전산 점검 영향으로 납부 접수 후 반영이 지연되고 있습니다. 혹시 금액은 빠졌는지 궁금하셔서 연락 주신 걸까요? 네, 맞아요. 금액이 빠져나간 것 같기도 하고 아니기도 해서요. 네, 확인해 보겠습니다. 본인 확인을 위해 이름과 주민번호 앞자리 말씀 부탁드립니다. 네, ○○○이고요, ○○○○년입니다. 감사합니다. 확인 결과, 납부 요청은 정상 접수되었고 전산상 처리만 늦어지고 있습니다. 그러니까 돈이 이중으로 나가진 않은 거죠? 네, 현재 기준으로는 중복 출금 없이 대기 중입니다. 아, 다행이네요. 복구되면 문자로 안내받을 수 있을까요? 네, 가능합니다. 전산 정상화되는 대로 안내 문자 발송해 드리겠습니다.",0,A
normal_A_0065,"안녕하세요, 상담원입니다. 아, 안녕하세요. 납부가 안 들어간 것 같아서 전화했어요. 네, 현재 전산 오류로 일부 납부 건이 지연되고 있습니다. 접수는 이미 되어 있으니 너무 걱정하지 않으셔도 됩니다. 음, 그럼 제 금액은 어떻게 되는 거예요? 우선 금액은 고객님 계좌에서 보류 상태로 확인되고 있고요, 전산 복구 후 순서대로 반영됩니다. 아 그렇군요. 네. 혹시 고객님께서 추가로 하실 건 없고, 기다려 주시면 됩니다. 만약 오늘 저녁까지도 반영이 안 되면 다시 연락드려서 확인 절차를 이어가겠습니다. 아 네, 알겠습니다. 감사합니다.",0,A
normal_A_0066,"안녕하세요, 비대면 계좌 개설 상담센터입니다. 네, 안녕하세요. 계좌를 새로 개설하려고 하는데, 필요한 정보가 뭐가 있는지 궁금해서 전화드렸어요. 네, 도와드리겠습니다. 비대면 개설은 본인 명의로만 가능하고요, 개인 정보 확인 절차가 필요합니다. 아, 어떤 정보요? 신분증 정보, 휴대폰 인증, 그리고 개설 목적 확인 정도가 있습니다. 음, 생각보다 간단하네요. 네, 맞습니다. 다만 명의 확인이 가장 중요해서, 반드시 고객님 본인의 정보로 진행해 주셔야 합니다. 그러면 가족 명의로는 안 되는 거죠? 네, 안 됩니다. 개인 명의로만 가능하고, 개설 후에는 사용 목적에 따라 한도나 기능이 조금 달라질 수 있습니다. 아 그래요? 네. 원하시면 지금 바로 절차 안내드릴게요. 서류 사진만 준비해 주시면 됩니다.",0,A
normal_A_0067,"안녕하세요, 은행입니다. 아 네, 안녕하세요. 비대면 계좌 개설을 하려는데, 준비할 게 뭐가 있나요? 네, 우선 본인 명의 휴대폰과 신분증이 필요합니다. 그리고 몇 가지 개인 정보 확인이 들어갑니다. 아, 네. 명의 확인 같은 거요? 네, 맞습니다. 개설은 고객님 명의로만 가능해서, 입력하신 정보와 신분증 정보가 일치해야 합니다. 음, 혹시 주소도 확인하나요? 네, 필요합니다. 현재 등록된 주소와 연락처를 확인하고 개설 절차를 이어갑니다. 아, 알겠습니다. 그러면 제가 지금 준비한 정보로 진행하면 되겠네요? 네, 맞습니다. 잠시만요, 하나씩 안내드리겠습니다.",0,A
normal_A_0068,"안녕하세요, 카드 상담센터입니다. 네, 안녕하세요. 제 카드 한도 조회 좀 해보고 싶어서요, 그리고 해외 거래도 가능한지 같이 확인 부탁드려요. 네, 가능합니다. 우선 본인 확인부터 도와드리겠습니다. 성함이랑 생년월일 말씀해 주시겠어요? 네, ○○○이고 ○○○○년생입니다. 네, 확인되었습니다. 고객님 카드의 이용 가능 한도는 현재 ○○만원이고요, 국내 거래는 정상 이용 가능합니다. 아, 해외 거래는요? 해외 거래는 설정상 가능으로 되어 있습니다. 다만 해외 결제 승인 방식이 달라서 일부 가맹점에서는 거래가 보류될 수 있습니다. 음, 그러면 바로 사용할 수 있는 거예요? 네, 해외 온오프라인 거래 모두 가능하십니다. 필요하시면 해외 이용 알림 서비스도 같이 설정해 드릴 수 있습니다. 아 네, 그거까지 부탁드릴게요.",0,A
normal_A_0069,"여보세요, 카드사죠? 네, 안녕하세요. 카드 이용 한도랑 해외 거래 가능 여부 확인하려고 전화했어요. 네, 상담 도와드리겠습니다. 본인 인증 먼저 진행하겠습니다. 카드 앞면 영문 성함과 생년월일 말씀해 주시겠어요? 네, ○○○입니다. 확인되었습니다. 현재 카드 이용 한도는 남은 금액 기준으로 충분히 여유가 있고, 해외 거래도 가능 상태입니다. 오, 다행이네요. 네. 다만 해외 거래는 현지 승인망을 거치기 때문에 간혹 거래 승인 시간이 조금 걸릴 수 있습니다. 아, 그렇구나. 그럼 해외에서 온라인 결제도 되는 거죠? 네, 가능합니다. 단, 해외 결제 차단 설정이 따로 되어 있지 않아야 하고요. 음, 그건 아닌 것 같아요. 네, 확인해 보니 차단은 없습니다. 혹시 다음 여행 일정에 맞춰 한도도 조정 원하시면 안내드리겠습니다.",0,A
normal_A_0070,"안녕하세요, 고객님. 대출금 입금 요청이 접수되어 안내드립니다. 아, 네 안녕하세요. 그럼 바로 입금되는 건가요? 네, 요청은 접수되었지만 입금 전 본인 확인 통화가 한 번 필요합니다. 음, 왜 따로 확인하나요? 고객님 자산 보호와 오입금 방지를 위해서입니다. 대출 관련 금액은 민감해서, 전화 통화로 본인 확인을 마친 뒤에만 처리됩니다. 아, 알겠습니다. 그러면 제가 뭘 하면 되죠? 성함과 생년월일, 그리고 신청하신 대출 상품명을 말씀해 주시면 됩니다. 네, ○○○이고요, 생년월일은 ○○○○년입니다. 신청 상품은 생활자금 대출이요. 네, 확인되었습니다. 본인 확인 완료되면 입금 일정이 확정되고, 문자로도 안내드립니다. 아 그래요? 네. 잠시 후 다시 통화드릴 수 있도록 예약해 드릴까요? 네, 부탁드릴게요.",0,A
normal_A_0071,"안녕하세요, 고객님. 상담센터입니다. 지금 대출 심사 결과 확인차 연락드렸습니다. 여보세요? 아, 네. 안녕하세요. 네, 고객님 본인 맞으실까요? 네 맞습니다. 어, 그러면 먼저 대출 승인 결과부터 안내드리겠습니다. 심사는 정상 승인되셨고요, 대출금은 지정하신 자금 계좌로 자동 이체 예정입니다. 아 그래요? 네, 맞습니다. 그리고 상환 방식은 원리금 균등분할로 선택되어 있어서 매월 같은 날짜에 상환금이 빠져나가게 됩니다. 이율은 적용 등급에 따라 안내드린 구간으로 확정되셨고, 중도상환을 원하시면 수수료가 일부 발생할 수 있어요. 음, 제가 한 번만 다시 확인해도 될까요? 네. 상환 시작일은 다음 달 15일이고, 첫 회차 금액은 문자로도 보내드릴 예정입니다. 아 네, 문자로 보면 되겠네요. 네, 혹시 다른 상환 방식으로 변경 원하시면 오늘 중으로만 접수 가능하십니다. 아, 일단은 지금 안내받은 방식으로 진행할게요. 네, 감사합니다. 그러면 대출 승인 내역과 상환 일정 정리해서 발송 도와드리겠습니다.",0,A
normal_A_0072,"안녕하세요. 금융상담센터입니다. 대출 심사와 관련해 안내드릴 내용이 있어서 연락드렸습니다. 네, 여보세요? 네, 고객님 안녕하십니까. 먼저 이번 대출은 승인 완료되셨고요, 자금 집행은 절차상 안내 확인 후 진행됩니다. 아, 승인됐군요? 네. 상환 조건은 초기 몇 개월은 이자만 납부하는 방식으로 설정되었고, 이후 원금과 이자를 함께 상환하는 구조입니다. 그러니까 제가 매달 내는 금액이 달라지는 건가요? 네, 맞습니다. 다만 상환 스케줄은 처음에 약정하신 내용대로 고정되어 있어서 큰 변동은 없습니다. 이율도 계약서에 나온 기준으로 적용되고요. 아 네, 알겠습니다. 혹시 중간에 자금 사정이 바뀌면 상환일 조정 가능한가요? 네, 변경 신청은 가능하신데 심사 후에 조정 여부가 결정됩니다. 지금은 안내만 드리고, 추후 필요하시면 다시 접수 도와드릴게요. 아, 네. 친절히 설명해 주셔서 감사합니다.",0,A
normal_A_0073,"안녕하세요, 은행 전산팀입니다. 고객님 납부 처리 건 때문에 연락드렸습니다. 여보세요? 아, 네. 안녕하세요. 네, 지금 전산 쪽에 일시적인 오류가 있어서 고객님 납부 접수는 정상적으로 되었는데 실제 반영이 조금 지연되고 있습니다. 아, 그럼 제가 낸 금액이 아직 안 들어간 건가요? 아니요, 접수는 되어 있고 금액도 확인됐습니다. 다만 전산 처리만 늦어지는 상황입니다. 아 그래요? 네. 고객님께서 다시 납부하실 필요는 없고요, 중복 처리만 주의해 주시면 됩니다. 음, 그럼 언제쯤 반영되나요? 현재는 복구 작업 중이라 오늘 안으로 순차 반영될 예정입니다. 만약 저녁까지 확인이 안 되면 다시 전화 주시면 제가 직접 조회해 드리겠습니다. 네, 알겠습니다. 그러면 납부 완료 문자도 나중에 오겠네요? 네, 전산 반영 후 순서대로 발송됩니다. 불편을 드려 죄송합니다.",0,A
normal_A_0074,"여보세요? 네, 안녕하세요. 은행 고객센터입니다. 고객님 납부 내역 확인 때문에 안내드리겠습니다. 아, 네. 네, 현재 전산 시스템 점검 중이라 납부 접수는 완료됐지만 금액 반영이 조금 늦어지고 있어요. 아하. 고객님께서 보내주신 금액은 정상 수신됐고, 전산상 표시만 지연되는 상황입니다. 그러면 제가 따로 더 해야 할 건 없나요? 아니요, 별도 조치는 없으십니다. 혹시 같은 내용으로 다시 납부하시면 안 되고요, 현재 접수 내역만 유지하시면 됩니다. 어, 알겠습니다. 점검이 끝나면 자동으로 반영되나요? 네, 맞습니다. 전산 복구 후 순차적으로 처리됩니다. 혹시 급하게 영수증이나 확인서가 필요하시면 접수 번호로 임시 확인도 가능해요. 오, 그건 다행이네요. 네, 불편 끼쳐 드려 죄송하고요, 오늘 중으로 다시 확인되실 가능성이 높습니다.",0,A
normal_A_0075,"안녕하세요, 비대면 계좌 개설 상담센터입니다. 여보세요? 네, 안녕하세요. 계좌 개설 진행 중이신 고객님 맞으실까요? 아, 네 맞아요. 네, 감사합니다. 비대면 개설은 본인 확인을 위해 몇 가지 개인 정보를 확인해야 합니다. 명의 확인도 함께 진행되고요. 아, 네. 어떤 걸 말씀드리면 되죠? 우선 신분증에 적힌 이름과 생년월일, 그리고 현재 사용 중인 휴대전화 정보가 필요합니다. 개인정보 보호를 위해 화면에 보이는 안내에 따라 입력해 주시면 됩니다. 음, 제가 지금 바로 해도 되죠? 네, 가능합니다. 본인 명의가 맞는지 확인된 뒤에만 계좌 개설이 완료됩니다. 만약 다른 사람 명의 정보가 입력되면 진행이 중단돼요. 아, 그건 당연하죠. 네, 그리고 주소나 직업 정보도 일부 확인하게 되어 있습니다. 입력 후에는 약관 확인까지 하시면 개설 절차가 마무리됩니다. 아 네, 그럼 천천히 해볼게요.",0,A
normal_A_0076,"여보세요? 네, 계좌 개설 센터입니다. 아, 안녕하세요. 네, 비대면으로 새 계좌 개설하려고 하는데요. 네, 도와드리겠습니다. 먼저 고객님 명의로 진행하는 게 맞는지 확인이 필요합니다. 개인 정보는 본인 확인 목적 외에는 사용되지 않으니 안내에 따라 주시면 됩니다. 아, 네. 이름이랑 생년월일 입력하는 거 맞죠? 네, 맞습니다. 그리고 개설 과정에서 휴대폰 본인 인증과 주소 확인도 같이 진행됩니다. 아 그래요? 네. 혹시 가족 명의로 하시려는 건 아니고 본인 명의 맞으시죠? 네, 제 명의로 하는 거예요. 알겠습니다. 그럼 정보 확인 후 약관 동의까지 완료되면 계좌 개설이 바로 접수됩니다. 아, 생각보다 간단하네요. 네, 다만 중간에 화면을 닫으시면 다시 처음부터 해야 할 수 있으니 끝까지 진행 부탁드립니다. 네, 알겠습니다. 지금 바로 해볼게요.",0,A
normal_A_0077,"안녕하세요, 카드 상담센터입니다. 무엇을 도와드릴까요? 아, 네. 제 카드 한도 좀 조회하고 싶어서요. 네, 가능합니다. 고객님 본인 확인 후 카드 이용 한도와 해외 거래 가능 여부까지 같이 안내드릴게요. 네, 본인 맞습니다. 감사합니다. 현재 카드 기본 한도는 정상 유지 중이고, 국내 이용은 문제없습니다. 해외 거래는 별도 설정이 되어 있어야 가능할 수 있는데요, 확인해 보니 해외 결제 허용은 켜져 있습니다. 아, 그럼 해외에서도 쓸 수 있는 거네요? 네, 그런데 일부 가맹점에서는 거래 승인 방식이 달라서 일시적으로 제한될 수도 있습니다. 음, 제가 다음 달에 여행 가거든요. 아하, 그러시면 출국 전에 카드 사용 알림 설정도 같이 확인하시는 게 좋습니다. 거래 문자도 바로 받으실 수 있고요. 오, 그건 좋네요. 네, 카드 한도 상향이 필요하시면 추가 심사도 안내해 드릴 수 있습니다.",0,A
normal_A_0078,"여보세요? 네, 카드 고객센터입니다. 안녕하세요. 카드 이용 내역이랑 해외 거래가 가능한지 궁금해서 전화드렸어요. 네, 확인 도와드리겠습니다. 먼저 본인 맞으실까요? 네, 맞아요. 좋습니다. 현재 카드 이용 한도는 기준 범위 안에 있고요, 국내 거래는 정상 가능하십니다. 해외 거래는 카드 종류에 따라 설정을 따로 해야 하는데, 고객님 건은 해외 이용 가능 상태로 조회됩니다. 아 정말요? 네. 다만 해외에서 결제하실 때는 통화 기준 환율이 적용될 수 있고, 간혹 현지 승인망에 따라 거래가 지연될 수도 있습니다. 아, 그런 것도 있군요. 네, 그리고 카드 분실 신고가 되어 있거나 보안 설정이 걸려 있으면 해외에서 이용이 안 될 수 있으니 출국 전에 한 번 더 확인해 보시는 게 좋습니다. 음, 그럼 문자로 안내받을 수 있나요? 네, 카드 한도와 해외 거래 가능 여부 안내 문자 바로 보내드리겠습니다.",0,A
normal_A_0079,"안녕하세요, 은행 대출센터입니다. 고객님께서 대출금 입금 요청을 접수해 주셔서 확인차 연락드렸습니다. 여보세요? 네, 안녕하세요. 아, 네. 요청하신 대출 입금은 접수되어 있습니다. 다만 최종 입금 전 본인 확인 통화가 한 번 더 필요합니다. 아, 그럼 지금 통화가 그거예요? 네, 맞습니다. 고객님 명의로 접수된 건인지 확인해야 해서요. 음, 어떤 걸 확인하면 될까요? 성함과 생년월일, 그리고 신청하신 계좌가 본인 명의가 맞는지 간단히 확인합니다. 본인 확인이 완료되면 입금 절차가 이어집니다. 아 네, 제 명의 맞아요. 그리고 입금 요청 금액도 접수 내역과 동일하신지 다시 한번 확인하겠습니다. 네, 맞습니다. 그럼 확인 끝나면 바로 들어오나요? 네, 내부 절차 완료 후 순차 입금됩니다. 본인 확인 통화가 끝나면 처리 결과를 문자로 보내드릴게요.",0,A
normal_A_0080,"안녕하세요. 대출 상담센터입니다. 고객님께서 대출 입금 요청을 남겨 주셔서 연락드렸습니다. 네, 여보세요? 네, 고객님 본인 확인 때문에 통화 드렸습니다. 요청 내용은 접수됐고, 입금 전 절차만 남아 있습니다. 아, 아까 신청한 거요? 네, 맞습니다. 대출 입금은 민감한 금융 거래라서 본인 확인이 꼭 필요합니다. 그러면 제가 어떤 식으로 답하면 되나요? 간단히 성함, 생년월일, 그리고 현재 연락하신 번호가 본인 것인지 확인해 주시면 됩니다. 아 네, 확인 가능합니다. 좋습니다. 확인되면 입금 진행 여부가 안내되고, 처리 시간도 같이 알려드립니다. 혹시 제가 나중에 다시 통화해야 하나요? 아니요, 이 통화에서 본인 확인이 끝나면 됩니다. 다만 통화가 끊기면 다시 절차를 진행해야 할 수 있어요. 아, 알겠습니다. 그럼 지금 바로 마무리해 주세요. 네, 확인 완료되면 입금 요청 건 바로 반영 도와드리겠습니다.",0,A
normal_A_0081,"상담원 김지은입니다. 여보세요? 아, 네 안녕하세요. 제가 이번에 대출 심사가 통과됐다고 문자 받았는데요, 상환 방법이랑 이율이 어떻게 되는지 좀 확인하려고 전화드렸어요. 네, 접수 확인해 드리겠습니다. 고객님 성함과 생년월일 확인 가능하실까요? 아, 네. 홍길동이고요, 생년월일은 8월 3일입니다. 감사합니다. 확인되셨고요. 말씀하신 대출은 정상 승인된 건 맞습니다. 자금이 입금된 뒤에는 매월 같은 날짜에 자동 상환으로 진행하실 수도 있고, 직접 이체하시는 방법도 가능합니다. 아 그렇군요. 그럼 자동으로 빠져나가게 하면 되는 거네요? 네, 맞습니다. 그리고 적용 이율은 안내 문자에 나간 기준 그대로 연 4점9퍼센트로 적용되고 있습니다. 아, 생각보다 괜찮네요. 중도 상환도 가능할까요? 네, 가능하십니다. 다만 중도 상환 시점에 따라 수수료가 조금 달라질 수 있어서, 원하시면 자세한 기준도 바로 안내드리겠습니다. 아, 좋아요. 그럼 제가 나중에 한 번 더 연락드릴게요. 네 고객님, 편하실 때 다시 문의 주시면 친절히 안내드리겠습니다.",0,A
normal_A_0082,"안녕하세요, 고객지원센터 박성호입니다. 네, 안녕하세요. 제가 어제 대출 승인 관련 안내를 받았는데, 상환 일정이랑 이율 설명을 다시 듣고 싶어서요. 네, 물론입니다. 먼저 본인 확인 도와드릴게요. 이름과 휴대폰 번호 끝 네 자리를 말씀 부탁드립니다. 네, 김민수고요, 끝 번호는 1122입니다. 네, 확인되었습니다. 해당 대출은 심사 승인 후 자금 실행이 예정되어 있고, 상환은 매달 정해진 날짜에 하시면 됩니다. 이율은 고객님 선택 상품 기준으로 적용되며, 안내서에 적힌 고정 이율로 진행됩니다. 아, 네네. 제가 헷갈렸던 게, 원금이랑 이자가 같이 나가는 방식인지 그게 궁금했거든요. 네, 맞습니다. 원리금 균등 방식으로 설정하셨기 때문에 매달 상환 금액 안에 원금과 이자가 함께 포함됩니다. 아, 그럼 이해됐어요. 혹시 자동 납부로 바꿀 수도 있나요? 네, 가능합니다. 자금 출금 계좌만 지정해 주시면 자동 상환으로 변경해 드릴 수 있습니다. 좋네요. 그럼 나중에 앱에서 신청해볼게요.",0,A
normal_A_0083,"안녕하십니까, 은행 전산팀 연계 안내센터입니다. 여보세요? 아, 네. 제가 오늘 납부하려고 했는데 처리가 계속 안 돼서요. 네, 불편을 드려 죄송합니다. 현재 은행 전산 점검 영향으로 일부 납부 건이 지연 접수되고 있습니다. 아, 전산 문제였군요? 네, 맞습니다. 고객님 건은 접수 자체는 정상적으로 들어왔는데, 승인 반영이 조금 늦어지고 있습니다. 납부 금액도 확인 부탁드려도 될까요? 네, 18만 2천 원이요. 감사합니다. 해당 금액은 정상 등록되어 있고요, 전산 복구가 되는 대로 바로 반영될 예정입니다. 아, 그럼 오늘 안에 되는 건가요? 현재는 순차 처리 중이라 조금 더 걸릴 수 있습니다. 다만 접수 완료 상태라서 미납으로 잡히지는 않도록 조치해 두었습니다. 아, 다행이네요. 제가 다시 따로 해야 할 건 없죠? 네, 별도 조치는 없으시고요. 복구되면 문자로 안내드리겠습니다.",0,A
normal_A_0084,"네, 고객센터입니다. 무엇을 도와드릴까요? 아, 안녕하세요. 오늘 아침에 납부하려고 했는데 오류가 나서요. 전산 쪽 문제인가 싶어서 확인 부탁드려요. 네, 확인해 보겠습니다. 고객님 성함과 납부하신 계정 정보 확인 가능하실까요? 네, 이선영입니다. 접수 번호는 문자로 받아놨어요. 네, 감사합니다. 확인해 보니 현재 전산 반영 지연이 있어서 납부 상태가 즉시 보이지 않는 상황입니다. 아, 그래서 제가 결제가 안 된 것처럼 나온 거군요. 네, 그렇습니다. 납부 금액은 정상적으로 접수되어 있고, 시스템이 복구되면 자동으로 처리됩니다. 아, 그럼 돈이 빠진 건 맞는데 화면만 늦는 거예요? 네, 맞습니다. 고객님 쪽에서 다시 시도하실 필요는 없습니다. 전산 오류가 해소되면 안내 문자가 나가고, 그때 확인하시면 됩니다. 아, 네 알겠습니다. 친절하게 설명해 주셔서 다행이네요.",0,A
normal_A_0085,"안녕하세요, 비대면 계좌개설 상담센터입니다. 여보세요? 아, 네. 제가 계좌 개설을 하려고 하는데요, 개인 정보 입력이랑 명의 확인 절차가 어떻게 되는지 궁금해서요. 네, 안내드리겠습니다. 비대면 개설은 본인 명의 확인이 가장 중요해서, 신분증 촬영 후 개인 정보와 일치 여부를 확인하게 됩니다. 아, 그러면 이름이랑 주소 같은 정보 다 보는 거예요? 네, 맞습니다. 이름, 생년월일, 휴대폰 번호, 주소 등 기본 정보가 일치해야 하고, 본인 명의 휴대폰으로 인증도 진행됩니다. 아, 알겠습니다. 제가 중간에 정보가 하나 틀리면 어떻게 돼요? 그 경우에는 개설 절차가 잠시 멈추고 수정 확인이 필요합니다. 다만 개인 정보가 정확하면 대부분 바로 진행됩니다. 아, 네. 그럼 제가 신분증 다시 보고 천천히 입력할게요. 좋은 방법입니다. 그리고 명의 도용 방지를 위해 타인 명의 계좌로는 연결이 안 됩니다. 아, 그건 당연하죠. 설명 감사합니다.",0,A
normal_A_0086,"네, 은행 비대면 계좌개설 안내입니다. 아, 안녕하세요. 계좌 개설하려고 하다가 본인 확인 단계에서 막혀서요. 명의 확인이 왜 필요한지 다시 듣고 싶어요. 네, 설명드리겠습니다. 계좌는 반드시 개인 명의로만 개설 가능해서, 신청하신 분과 실제 정보가 같은지 확인하는 절차가 필요합니다. 아, 그럼 제 정보랑 신분증이랑 다 맞아야 한다는 거죠? 네, 맞습니다. 이름, 생년월일, 주소, 연락처 같은 정보가 일치해야 하고, 추가로 영상 인증이나 휴대폰 인증이 들어갈 수 있습니다. 아, 생각보다 꼼꼼하네요. 네, 고객님 자산과 계좌를 안전하게 보호하기 위한 절차입니다. 명의가 다르거나 정보가 불일치하면 개설이 제한될 수 있습니다. 아, 이해했어요. 제가 입력한 개인 정보 한 번 더 확인해 보고 다시 진행할게요. 네, 그러시면 됩니다. 필요하시면 단계별로 같이 안내해 드리겠습니다.",0,A
normal_A_0087,"안녕하세요, 카드 상담센터입니다. 네, 안녕하세요. 제가 카드 한도 조회랑 해외 거래가 가능한지 확인하고 싶어서요. 네, 도와드리겠습니다. 본인 확인을 위해 성함과 생년월일 말씀해 주시겠어요? 네, 박준호고요, 5월 14일입니다. 감사합니다. 현재 고객님 카드 이용 한도는 남은 금액 기준으로 확인 가능하고, 해외 거래 가능 여부도 같이 안내드릴 수 있습니다. 아, 네네. 제가 다음 달에 해외 갈 일이 있어서요. 확인해 보니 해외 이용은 기본적으로 가능하시고, 일부 국가나 가맹점은 보안 설정 때문에 제한이 있을 수 있습니다. 아, 그렇군요. 그럼 한도는 넉넉한 편인가요? 네, 현재 일시적으로 사용할 수 있는 카드 한도는 충분하신 편입니다. 다만 해외에서 큰 금액 거래를 하실 계획이면 미리 알림 서비스를 켜 두시는 게 좋습니다. 아, 맞아맞아, 그런 거 있죠. 네, 그리고 출국 전에 해외 이용 등록을 해 두시면 더 원활합니다. 아, 좋아요. 그럼 제가 앱에서 한 번 확인해볼게요.",0,A
normal_A_0088,"여보세요, 카드센터입니다. 아, 네. 제가 지금 카드로 해외 거래가 되는지랑 남은 이용 한도 좀 확인하고 싶어요. 네, 가능합니다. 성함과 휴대폰 번호 끝 네 자리 확인 부탁드립니다. 네, 최유리이고, 7788입니다. 확인 감사합니다. 고객님 카드의 이용 한도는 조회 가능하고요, 해외 거래는 기본 사용이 가능하도록 설정되어 있습니다. 아, 다행이네요. 제가 지난번에 해외 결제가 안 돼서 혹시 막혀 있나 했거든요. 네, 그때는 일시적인 보안 확인이 있었던 것 같습니다. 현재는 정상 이용 가능 상태입니다. 아, 그럼 지금 바로 써도 되는 거예요? 네, 다만 해외 가맹점에서는 간혹 추가 인증이 필요할 수 있습니다. 그리고 카드 분실 우려가 있는 지역에서는 결제 알림을 켜 두시면 좋습니다. 아, 네네. 한도는 아직 많이 남아 있나요? 네, 확인해 보니 여유가 있으십니다. 필요하시면 이용 내역 알림 설정도 같이 안내드리겠습니다.",0,A
normal_A_0089,"안녕하세요, 대출 상담센터입니다. 여보세요? 아, 안녕하세요. 대출 입금 요청을 넣어놨는데요, 본인 확인 통화가 필요하다고 해서 전화드렸어요. 네, 맞습니다. 요청 접수는 확인되었고, 입금 전 본인 확인 통화 절차가 한 번 더 필요합니다. 아, 네. 그럼 제가 뭐 준비해야 하나요? 특별히 준비하실 건 없고요, 신청하신 고객님 본인 맞는지만 확인하면 됩니다. 성함과 생년월일 말씀 부탁드립니다. 네, 정하늘이고, 9월 21일입니다. 네, 확인되었습니다. 현재 대출 입금 요청 건은 대기 상태이고, 통화 확인 완료 후 순차적으로 처리됩니다. 아, 생각보다 간단하네요. 네, 고객님 자산 보호를 위해 꼭 필요한 절차입니다. 혹시 입금 계좌를 바꾸고 싶으시면 지금 말씀해 주세요. 아, 아니요. 기존 계좌로 받으면 돼요. 알겠습니다. 그러면 본인 확인 완료 후 바로 처리 접수 이어가겠습니다.",0,A
normal_A_0090,"네, 대출 안내센터입니다. 아, 안녕하세요. 제가 대출 입금 요청을 했는데, 왜 통화 확인을 다시 해야 하는지 궁금해서요. 네, 안내드리겠습니다. 고객님 요청은 정상 접수되었고요, 입금 전에 본인 확인 통화로 신청 의사를 다시 확인하는 절차입니다. 아, 아 그러면 제 이름이랑 생년월일만 말씀드리면 되는 거예요? 네, 맞습니다. 그리고 등록된 연락처로 통화가 연결되어야 해서, 신청하신 본인인지 확인이 필요합니다. 아, 네. 김도윤이고 3월 7일입니다. 감사합니다. 확인되었습니다. 현재 대출 입금은 진행 대기 중이며, 통화 확인이 완료되면 순서대로 반영됩니다. 아, 그럼 오늘 중에는 가능할까요? 접수 순번에 따라 조금 차이가 있지만, 오늘 안으로 처리되는 경우가 많습니다. 아, 좋네요. 혹시 제가 따로 다시 전화드려야 하나요? 아니요, 지금 통화로 확인이 끝나면 별도 재연락 없이 진행 가능합니다. 아, 네 알겠습니다. 친절히 설명해 주셔서 감사합니다.",0,A
normal_A_0091,"네, 안녕하세요. 한빛은행 대출 상담센터입니다. 아, 네 안녕하세요. 제가 지난주에 대출 심사 결과를 받았는데요, 승인됐다고 해서요. 네, 고객님 맞으시죠? 본인 확인 먼저 도와드리겠습니다. 성함과 생년월일 말씀 부탁드릴게요. 아 네, 홍길동이고, 생년월일은 구월 삼일입니다. 네, 확인 감사합니다. 고객님 대출 승인 완료되셨고요, 자금 집행은 원하시는 날짜에 가능하십니다. 상환 방법은 자동이체, 계좌이체, 그리고 앱으로 직접 납부하시는 방법이 있는데요. 아 그래요? 그럼 제가 매달 직접 하는 것보다는 자동이체가 편하겠네요. 맞습니다. 그리고 이율은 고객님 신용도와 상품 조건에 따라 연 몇 퍼센트로 적용되셨고, 중도상환수수료는 일정 기간 이후에는 면제될 수 있습니다. 음, 그럼 제가 중간에 조금씩 갚아도 되는 거죠? 네, 가능하십니다. 다만 상환 시점에 따라 남은 원금과 이자 계산이 달라질 수 있어서, 정확한 금액은 안내문자나 앱에서 확인해 보시면 됩니다. 아, 이해됐습니다. 그러면 자동이체로 진행 부탁드릴게요. 네, 바로 신청 도와드리겠습니다. 잠시만요, 고객님 계좌 정보 확인 후 접수 진행하겠습니다.",0,A
normal_A_0092,"안녕하세요. 은행 고객센터입니다. 네, 안녕하세요. 제가 대출 관련해서 문의드리려고 전화했는데요. 아, 네 고객님. 우선 본인 확인부터 도와드리겠습니다. 성함이랑 주민등록상 생년월일 말씀해 주실까요? 네, 김서연이고요, 일월 이십칠일입니다. 네, 확인됐습니다. 고객님께 승인된 대출의 상환 방식이 궁금하신 거죠? 네, 맞아요. 자금 받으면 바로 어떻게 상환 시작하는지 알고 싶어서요. 네, 대출 실행 후에는 계약서에 안내된 날짜부터 매월 상환이 시작되고, 원리금 균등 방식으로 나가실 수 있습니다. 아 그러면 이율도 고정인가요? 상품에 따라 변동일 수도 있어서요. 고객님 건은 현재 고정금리로 승인되어 있고, 상환 내역은 매달 문자로 안내됩니다. 아, 네네. 그러면 제가 따로 신청해야 할 건 없나요? 특별한 변경 없으시면 자동으로 진행됩니다. 다만 자금 입금 일정만 한 번 확인해 주세요. 네, 확인하겠습니다. 자세한 안내 감사합니다.",0,A
normal_A_0093,"안녕하세요, 은행입니다. 네, 안녕하세요. 제가 어제 납부하려고 했는데 처리가 안 됐어요. 아 그러셨군요. 불편을 드려 죄송합니다. 고객님 성함과 납부하신 금액 확인 부탁드릴게요. 네, 박지훈이고요, 십이만 원이었습니다. 네, 감사합니다. 현재 전산 점검이 길어지면서 일부 접수 건의 납부 처리가 지연되고 있습니다. 아, 전산 문제였군요? 네, 맞습니다. 접수는 정상적으로 되었는데 반영이 늦어지고 있어요. 고객님께서 다시 결제하실 필요는 없고요, 시간이 조금 더 지나면 자동으로 처리될 예정입니다. 아 그래요? 그럼 제가 오늘 안에 확인 가능한가요? 네, 대부분은 오늘 중으로 반영되지만, 시스템 상태에 따라 조금 늦어질 수 있습니다. 금액은 기존과 동일하게 유지됩니다. 아, 다행이네요. 혹시 제가 따로 해야 할 건 없을까요? 현재로서는 없고요, 전산 복구 후 접수 내역 확인해드리면 됩니다. 네, 이해했습니다. 친절하게 안내해 주셔서 감사합니다.",0,A
normal_A_0094,"여보세요, 은행 고객센터입니다. 네, 안녕하세요. 오늘 납부하려고 전화했는데요, 자꾸 안 되길래요. 아 네, 고객님 불편하셨겠습니다. 성함이랑 납부 금액 말씀해 주시면 확인해드리겠습니다. 네, 이민정이고요, 삼만 오천 원입니다. 확인 감사합니다. 현재 전산 반영이 늦어져서 접수는 되었지만 납부 완료 표시가 지연되고 있습니다. 아, 접수는 됐는데 화면만 안 뜨는 거예요? 네, 맞습니다. 시스템 점검 중이라 그런 부분이 있고요, 실제 결제는 중복되지 않도록 확인되어 있습니다. 아 그러면 다시 결제하면 안 되겠네요? 네, 지금은 다시 하실 필요 없습니다. 금액은 정상 접수 상태로 잡혀 있고, 전산 복구되면 자동 반영됩니다. 음, 그럼 제가 문자 같은 걸 받게 되나요? 네, 처리 완료되면 안내 문자 발송 도와드릴 예정입니다. 아 네, 알겠습니다. 기다리면 되는 거죠? 네, 그렇습니다. 오늘 안으로 순차 처리될 가능성이 높습니다. 감사합니다. 감사합니다, 고객님.",0,A
normal_A_0095,"안녕하세요, 비대면 계좌 개설 상담입니다. 네, 안녕하세요. 제가 계좌를 새로 개설하려고 하는데요. 네, 가능합니다. 본인 명의로 개설하시는 거 맞으시죠? 네, 맞아요. 아, 그럼 어떤 정보가 필요한가요? 우선 개인 확인을 위해 신분증 촬영과 본인 휴대폰 인증이 필요합니다. 그리고 입력하시는 정보가 주민등록증과 일치해야 합니다. 아 그래요? 제가 주소를 최근에 바꿨는데 그건 괜찮나요? 네, 개설 과정에서는 현재 정보로 입력하시면 되고, 이후 변경 사항은 별도로 수정하시면 됩니다. 음, 그럼 계좌 용도도 적어야 하나요? 네, 간단히 사용 목적을 선택해 주시면 됩니다. 고객님 명의로 개설되는 만큼 개인정보 보호를 위해 절차가 조금 있습니다. 이해 부탁드려요. 아 네, 이해했습니다. 그러면 제가 지금 신분증부터 준비할게요. 좋습니다. 촬영 화면에서 글자가 선명하게 보이도록 해 주시면 되고요, 이후 약관 동의까지 완료하시면 개설 접수됩니다. 네, 안내대로 해볼게요.",0,A
normal_A_0096,"여보세요, 은행 비대면 상담센터입니다. 네, 안녕하세요. 계좌 개설하려는데요, 뭐가 필요한지 좀 물어보려고요. 아 네, 도와드리겠습니다. 우선 고객님 명의로 새 계좌를 개설하시는 건 맞으실까요? 네, 제 명의로 하려는 거 맞아요. 네, 감사합니다. 비대면 개설은 개인 확인 절차가 있어서 신분증, 휴대폰 본인인증, 그리고 기본 정보 입력이 필요합니다. 아, 정보 입력이 꽤 있네요. 네, 맞습니다. 이름, 주소, 연락처 같은 정보가 주민등록상 정보와 다르면 개설이 지연될 수 있어요. 아 그러면 예전 주소로 돼 있으면 안 되겠네요? 네, 현재 정보로 맞춰 주시면 됩니다. 그리고 계좌 개설 목적도 선택해 주셔야 합니다. 음, 생활비랑 적금용으로 쓰려고요. 네, 좋습니다. 그럼 안내해드린 대로 진행하시면 되고, 중간에 어려우시면 전화 주셔도 됩니다. 아 네, 친절하게 알려주셔서 감사합니다. 네, 천천히 진행해 주세요.",0,A
normal_A_0097,"안녕하세요, 카드 상담센터입니다. 네, 안녕하세요. 제 카드 한도 좀 조회하고 싶어서요. 네, 가능합니다. 본인 확인 먼저 도와드릴게요. 카드 뒷면에 적힌 고객님 성함과 생년월일 말씀 부탁드립니다. 네, 김하늘이고요, 오월 이십일입니다. 네, 확인 감사합니다. 현재 카드 이용 한도는 백오십만 원으로 확인됩니다. 아, 생각보다 괜찮네요. 혹시 해외 거래도 가능한가요? 네, 현재는 해외 이용이 차단되어 있는데요, 원하시면 해외 거래 가능으로 변경 신청하실 수 있습니다. 아 그래요? 제가 다음 달에 여행 가거든요. 그러면 미리 열어두는 게 좋겠네요. 네, 맞습니다. 다만 카드사 보안상 해외 이용 설정을 하실 때 추가 인증이 필요합니다. 아, 그럼 지금 바로 신청할 수 있나요? 네, 가능합니다. 한도는 유지되고, 해외 거래만 별도로 활성화됩니다. 음, 그럼 일주일 전에만 해도 되나요? 네, 여유 있게 미리 하시는 걸 권해드립니다. 지금 신청 접수 도와드릴까요? 네, 부탁드립니다.",0,A
normal_A_0098,"여보세요, 카드 고객센터입니다. 네, 안녕하세요. 제 카드 이용 한도랑 해외 거래 가능 여부를 확인하고 싶어서요. 네, 고객님 성함 확인해도 될까요? 네, 이지은입니다. 네, 감사합니다. 잠시만 확인해보겠습니다. 현재 카드 기본 한도는 이백만 원이고, 국내 이용은 정상 가능합니다. 아, 해외는요? 해외 거래는 현재 비활성화 상태인데, 고객님 요청 시 가능하게 변경할 수 있습니다. 아 그러면 여행 갈 때만 열어두는 방식이 되는 거죠? 네, 맞습니다. 사용 시점에 맞춰 설정하시면 되고, 카드 정보 보호를 위해 본인 확인 후 처리됩니다. 음, 그럼 제가 다음 주에 해외 나가는데, 지금 신청해도 괜찮겠네요? 네, 괜찮습니다. 추가로 일부 거래는 국가별로 제한이 있을 수 있으니 출국 전에 한 번 더 확인하시면 좋습니다. 아 네, 이해됐어요. 한도는 그대로고 해외 이용만 켜면 되는 거죠? 네, 그렇습니다. 원하시면 바로 처리 도와드리겠습니다. 네, 부탁드릴게요.",0,A
normal_A_0099,"안녕하세요, 대출 상담센터입니다. 네, 안녕하세요. 대출금 입금 요청했는데 연락이 와서요. 아 네, 확인 도와드리겠습니다. 성함 말씀 부탁드립니다. 네, 최민수입니다. 네, 고객님께서 대출금 입금 요청을 접수하신 건 확인됩니다. 다만 입금 전에 본인 확인 통화 절차가 한 번 더 필요합니다. 아, 왜 또 통화가 필요한가요? 대출금은 고객님 본인 계좌로만 입금되어야 해서요, 안전하게 확인하는 절차입니다. 음, 알겠습니다. 그럼 제가 지금 본인 확인 받으면 되는 거죠? 네, 맞습니다. 생년월일과 신청 시 등록하신 연락처 뒷자리 말씀해 주세요. 네, 육월 십팔일이고, 뒷자리는 삼사오육입니다. 네, 확인됐습니다. 그러면 입금 요청은 정상 진행되고, 오늘 안에 처리 예정입니다. 아 그래요? 다행이네요. 혹시 따로 준비할 건 없나요? 현재는 없고요, 통화 완료 후 입금 내역 문자로 안내드리겠습니다. 네, 감사합니다. 바로 진행해 주세요.",0,A
normal_A_0100,"여보세요, 여기는 대출 접수센터입니다. 네, 안녕하세요. 대출금 입금 요청했는데, 본인 확인 때문에 전화 주셨다면서요? 네, 맞습니다. 고객님 요청이 접수되어서 입금 처리 전에 통화 확인이 필요합니다. 성함과 생년월일 부탁드릴게요. 네, 정유진이고요, 십일월 이십삼일입니다. 네, 확인 감사합니다. 고객님 대출금 입금은 본인 계좌 확인 후 진행됩니다. 아, 그러면 제가 지금 이 통화로 승인 받는 건가요? 네, 본인 확인이 완료되면 접수 건이 활성화되고 입금 순서로 넘어갑니다. 음, 혹시 제가 계좌번호를 다시 말해야 하나요? 네, 끝자리만 확인해주시면 됩니다. 앞자리는 등록된 정보와 대조하고요. 아 네, 끝자리는 칠팔구영입니다. 확인되었습니다. 요청 내용 정상이며, 입금 처리 예정입니다. 혹시 통화 종료 후 문자 받게 되나요? 네, 처리되면 안내 문자 발송됩니다. 아, 알겠습니다. 이런 절차가 있는 줄 몰랐네요. 네, 고객님 자금 보호를 위한 기본 절차입니다. 감사합니다. 감사합니다, 고객님.",0,A
normal_A_0101,"안녕하세요, 고객센터입니다. 네, 안녕하세요. 저 대출 심사 결과 문의드리려고 전화드렸는데요. 아 네, 확인 도와드리겠습니다. 먼저 본인 확인부터 진행할게요. 성함이랑 생년월일, 그리고 휴대폰 번호 말씀 부탁드립니다. 네, 김민수, 생년월일은 19XX년 X월 X일이고, 번호는 010-XXXX-XXXX입니다. 네, 확인됐습니다. 잠시만요. 아, 네. 지금 말씀하신 대출은 심사 승인 완료로 확인됩니다. 오, 그렇군요. 그러면 자금은 언제 들어오나요? 네, 대출금은 오늘 중으로 입금 예정이고요, 상환 방법은 원리금 균등 방식으로 안내드릴 수 있습니다. 음, 이율은 어느 정도예요? 고객님 상품 기준으로 연 X.X퍼센트로 적용되며, 상환은 매달 같은 날짜에 자동이체나 계좌이체로 하실 수 있습니다. 아, 자동이체도 가능하군요. 네, 가능하십니다. 다만 첫 상환일 전까지 안내문자 한 번 더 드릴 예정이고요. 네네. 혹시 중도상환도 되나요? 네, 가능합니다. 중도상환 수수료는 일정 기간 이후 감면되는 조건이 있어서 자세한 건 계약서 기준으로 다시 설명드리겠습니다. 아 그래요? 그럼 오늘 안내받은 내용 문자로도 받을 수 있나요? 네, 문자로 발송해드리겠습니다. 감사합니다. 네, 이용해 주셔서 감사합니다.",0,A
normal_A_0102,"여보세요, 은행 고객센터입니다. 네, 안녕하세요. 저 대출 승인됐다고 연락받았는데 상환 조건이랑 이율을 다시 확인하고 싶어서요. 네, 도와드리겠습니다. 우선 본인 확인할게요. 고객님 성함이랑 주민등록상 생년월일 부탁드립니다. 어, 박지현이고요, 생년월일은 19XX년 X월 X일입니다. 휴대폰 번호도 말씀 부탁드릴게요. 네, 010-XXXX-XXXX입니다. 확인되셨습니다. 잠시만요. 네, 고객님께서 신청하신 대출은 승인 상태 맞고요, 자금 실행은 오늘 오후에 진행됩니다. 아, 다행이네요. 상환은 어떻게 하면 돼요? 네, 매월 납부일에 자동이체로 상환하실 수 있고, 원하시면 직접 이체도 가능합니다. 이율은 초기에 고정금리로 적용되고요, 기간 중 변동은 없습니다. 진짜요? 그럼 부담이 좀 덜하겠네요. 네, 다만 연체가 생기지 않도록 잔액 확인만 잘 부탁드립니다. 아 네. 혹시 상환 날짜 바꾸는 건 가능해요? 네, 일정 조건에 따라 가능하지만 서류가 필요해서 별도 접수 후 안내드려야 합니다. 음, 그러면 일단 이번 달부터는 그냥 그대로 가면 되겠네요. 네, 맞습니다. 오늘 안내드린 내용은 문자로도 보내드릴게요. 아, 감사합니다.",0,A
normal_A_0103,"안녕하세요, 은행 전산 담당 고객지원입니다. 네, 안녕하세요. 저 어제 납부했는데 아직 처리 완료가 안 떠서요. 아, 네. 불편을 드려 죄송합니다. 먼저 고객님 성함 확인해도 될까요? 네, 이수연입니다. 휴대폰 번호도 부탁드립니다. 010-XXXX-XXXX입니다. 네, 확인됐습니다. 잠시만요. 음, 고객님 건은 전산 반영이 조금 지연된 상태로 확인됩니다. 아 그래요? 그럼 제가 낸 금액이 잘못 들어간 건 아니죠? 네, 금액 자체는 정상 접수되셨고요, 시스템 처리만 늦어지고 있습니다. 그러니까 접수는 됐는데 완료 표시만 늦는 거예요? 맞습니다. 오늘 안으로 자동 반영될 예정인데, 혹시 필요하시면 납부 확인서 먼저 발급도 가능합니다. 아, 다행이네요. 제가 좀 불안해서요. 네, 이해합니다. 전산 오류는 현재 복구 작업 중이고, 중복 납부는 아니니 걱정 안 하셔도 됩니다. 음, 그럼 따로 제가 할 건 없나요? 네, 지금은 기다려주시면 되고요, 만약 오후까지도 반영이 안 되면 다시 연락주시면 바로 재접수 도와드리겠습니다. 아 네, 알겠습니다. 안내 감사합니다. 네, 불편 끼쳐드려 죄송하고, 처리되면 문자로도 알려드리겠습니다.",0,A
normal_A_0104,"안녕하세요, 고객센터입니다. 네, 저 납부한 내역이 계속 미처리로 떠서 연락드렸어요. 아 네, 확인 도와드리겠습니다. 본인 확인 먼저 진행하겠습니다. 성함과 생년월일 부탁드립니다. 네, 최은정, 19XX년 X월 X일입니다. 휴대폰 번호도 부탁드릴게요. 010-XXXX-XXXX요. 네, 확인됐습니다. 잠시만 기다려주세요. 네. 확인 결과, 고객님 납부 건은 전산상 접수는 완료됐는데 금액 반영이 조금 늦어진 상태입니다. 어, 그럼 제가 잘못 낸 건 아니에요? 아니요, 정상 납부 맞습니다. 단지 처리 순서상 반영이 지연되고 있습니다. 아 그러면 오늘 안에 해결되나요? 네, 대부분 오늘 중으로 완료됩니다. 만약 같은 금액이 다시 보이더라도 중복 납부를 의미하는 건 아니고, 전산 정리 과정일 수 있습니다. 진짜요? 그럼 안심해도 되겠네요. 네. 필요하시면 현재 접수 상태를 문자로 보내드릴 수 있고, 영수증 기준으로도 확인 가능합니다. 아, 문자로 보내주세요. 네, 바로 발송해드리겠습니다. 불편을 드려 죄송합니다. 아니에요, 빨리 확인해 주셔서 감사해요.",0,A
normal_A_0105,"안녕하세요, 비대면 계좌 개설 상담센터입니다. 네, 안녕하세요. 계좌 개설하려고 하는데요, 절차가 어떻게 되는지 궁금해서요. 네, 도와드리겠습니다. 먼저 고객님 명의 확인이 필요합니다. 본인 명의로 진행하시는 게 맞으실까요? 네, 맞아요. 제 명의로 할 거예요. 좋습니다. 그러면 개설에 필요한 정보 안내드릴게요. 이름, 생년월일, 휴대폰 번호 같은 개인 정보가 필요하고, 신분증 촬영 확인도 진행됩니다. 아, 그러면 개인정보를 다 입력해야 하는 거죠? 네, 맞습니다. 다만 안전하게 확인하는 목적이라 필요한 항목만 받고 있습니다. 음, 혹시 가족 명의로 대신 만들어도 되나요? 아니요, 계좌는 반드시 본인 명의로만 개설 가능합니다. 아 그렇구나. 그럼 지금 제가 준비해야 할 건 신분증이랑 휴대폰인가요? 네, 그리고 본인 확인용 얼굴 인증도 한 번 진행됩니다. 개인 정보는 개설 완료 후에도 보안 절차에 따라 관리되니 안심하셔도 됩니다. 진짜요? 그럼 제가 앱에서 바로 하면 되겠네요. 네, 가능합니다. 개설 과정에서 어려우시면 중간에 전화 주셔도 됩니다. 아 네, 친절하게 안내해 주셔서 감사합니다.",0,A
normal_A_0106,"여보세요, 고객센터죠? 네, 안녕하세요. 제가 비대면으로 계좌 개설하려고 하는데 명의 확인이 좀 헷갈려서요. 아 네, 말씀 주세요. 먼저 본인 명의 계좌 개설이 맞으신지 확인해야 합니다. 네, 제 명의로요. 알겠습니다. 그러면 필요한 개인 정보를 입력하셔야 하고, 신분증과 휴대폰 인증이 필요합니다. 아, 생각보다 간단하네요. 네, 절차 자체는 간단한데 정확한 정보 입력이 중요합니다. 생년월일, 주소 일부, 연락처 같은 정보가 일치해야 해요. 혹시 제가 예전에 쓰던 번호가 아니라 지금 번호로 해도 되나요? 네, 현재 사용 중인 번호로 가능합니다. 다만 인증 문자 수신이 되어야 합니다. 아 그래요? 그럼 명의 확인만 되면 바로 개설이 되는 건가요? 네, 심사 과정 없이 바로 진행되는 상품도 있고, 경우에 따라 추가 확인이 들어갈 수 있습니다. 음, 그럼 제가 지금 앱에서 시작해볼게요. 네, 시작하시다가 막히면 언제든 연락 주세요. 개인 정보 입력할 때는 주변에 다른 분 없도록 조심하시면 좋습니다. 아, 맞네요. 네, 친절한 안내 감사합니다.",0,A
normal_A_0107,"안녕하세요, 카드 고객센터입니다. 네, 안녕하세요. 제가 카드 이용 한도랑 해외 거래 가능 여부를 확인하고 싶어서요. 네, 도와드리겠습니다. 본인 확인 먼저 하겠습니다. 성함과 생년월일 부탁드립니다. 네, 정우진이고 생년월일은 19XX년 X월 X일입니다. 휴대폰 번호도 말씀해 주세요. 010-XXXX-XXXX입니다. 네, 확인됐습니다. 잠시만 기다려주세요. 네. 고객님 카드의 현재 이용 한도는 확인되며, 잔여 한도도 일부 남아 있습니다. 아, 다행이네요. 해외 거래는 가능한가요? 네, 기본적으로 해외 이용 가능 상태입니다만, 일부 국가나 가맹점은 별도 승인 절차가 필요할 수 있습니다. 그러니까 해외에서 카드 긁는 건 가능하다는 거죠? 네, 가능은 합니다. 다만 출국 전에 해외 이용 등록을 해두시면 더 편합니다. 오, 그런 게 있군요. 그리고 온라인 거래도 같이 되나요? 네, 국내외 온라인 거래 모두 설정에 따라 가능하십니다. 혹시 한도 상향도 상담 가능할까요? 네, 가능합니다. 소득 정보 확인 후 심사로 진행됩니다. 아 네, 그럼 일단 해외 이용만 등록해 주세요. 네, 등록 도와드리겠습니다. 처리되면 문자로 안내드릴게요. 감사합니다.",0,A
normal_A_0108,"안녕하세요, 카드 상담센터입니다. 네, 저 카드 한도 좀 확인하려고요. 아 네, 바로 도와드리겠습니다. 본인 확인 위해 성함 말씀 부탁드립니다. 김하늘입니다. 생년월일이랑 휴대폰 번호도 부탁드릴게요. 19XX년 X월 X일, 010-XXXX-XXXX요. 확인되었습니다. 잠시만요. 네, 고객님 카드 이용 가능 한도는 현재 정상입니다. 아 그래요? 그럼 해외 거래도 되는지 궁금한데요. 네, 해외 거래 가능 상태로 확인됩니다. 다만 해외에서 카드 이용 시에는 비밀번호 입력이나 추가 인증이 필요한 경우가 있습니다. 아, 그럼 그냥 다 되는 건 아니고 상황에 따라 달라지는 거네요. 맞습니다. 특히 처음 쓰는 나라나 특정 가맹점에서는 승인 지연이 있을 수 있습니다. 음, 제가 다음 달에 여행 가는데 미리 따로 신청해야 하나요? 권장드립니다. 해외 이용 등록을 해두시면 불필요한 차단을 줄일 수 있습니다. 아, 좋네요. 카드 잃어버렸을 때처럼 잠깐 멈추는 건 아니죠? 아니요, 정상 이용 상태입니다. 다만 여행 일정이 있으면 미리 등록해두시는 게 좋습니다. 네, 그럼 바로 신청할게요. 안내 감사합니다.",0,A
normal_A_0109,"안녕하세요, 고객님. 대출금 입금 관련 상담센터입니다. 네, 안녕하세요. 대출 입금 요청 넣었는데 진행 상황이 궁금해서 연락드렸어요. 네, 확인해드리겠습니다. 먼저 본인 확인을 위해 성함과 생년월일 말씀 부탁드립니다. 네, 박서준이고요, 19XX년 X월 X일입니다. 휴대폰 번호도요. 010-XXXX-XXXX입니다. 네, 확인됐습니다. 잠시만 기다려주세요. 네. 고객님 요청하신 대출 입금 건은 접수되어 있습니다. 아, 그럼 오늘 바로 들어오는 건가요? 입금 진행 전 본인 확인 통화 절차가 한 번 더 필요합니다. 그러니까 제가 지금 통화로 확인을 받아야 하는 거예요? 네, 맞습니다. 안전한 절차라서요. 확인 완료되면 자금 입금이 순차적으로 처리됩니다. 음, 그럼 제가 따로 준비할 건 없어요? 지금은 본인 명의 계좌 확인만 해주시면 됩니다. 대출 입금은 신청 명의자 본인 계좌로만 가능해서요. 아, 이해했어요. 계좌번호 말씀드리면 되나요? 네, 말씀해 주세요. 확인 후 곧바로 처리 흐름 안내드리겠습니다. 진짜요? 감사합니다. 네, 차분히 안내드리겠습니다.",0,A
normal_A_0110,"여보세요, 은행 대출 안내센터입니다. 네, 안녕하세요. 대출 입금 요청했는데 아직 확인 전화가 안 와서요. 아 네, 제가 도와드리겠습니다. 먼저 본인 확인하겠습니다. 성함이랑 생년월일 말씀해 주세요. 네, 이지은이고 19XX년 X월 X일입니다. 휴대폰 번호도 부탁드립니다. 010-XXXX-XXXX입니다. 네, 확인됐습니다. 고객님 건은 요청 접수는 완료됐고, 입금 전 최종 확인을 위해 통화 절차가 필요합니다. 아, 그게 꼭 필요한 거예요? 네, 본인 확인 없이 입금되면 안 되기 때문에 절차상 꼭 진행합니다. 음, 그러면 지금 통화하면 바로 되는 건가요? 네, 추가 확인 사항만 맞으면 순차적으로 진행됩니다. 대출금은 본인 명의 계좌로 입금되며, 계좌 정보 확인 후 안내드릴게요. 아 그렇군요. 제가 좀 급해서요. 네, 이해합니다. 다만 보안을 위해 문자나 메신저로는 처리되지 않고 통화로만 확인합니다. 아, 네네. 그럼 계좌번호 불러드리면 되죠? 네, 맞습니다. 확인되면 바로 다음 단계 안내드리겠습니다. 친절하게 설명해 주셔서 감사합니다.",0,A
normal_A_0111,"안녕하세요, ○○은행 대출상담센터입니다. 네, 여보세요? 아, 안녕하세요. 지난번에 신청하신 대출 심사 결과가 나와서 안내드리려고 전화드렸습니다. 네, 맞습니다. 본인 확인 먼저 도와드릴게요. 성함하고 생년월일 말씀 부탁드립니다. 네, ○○○이고, ▲▲년 ▲▲월 ▲▲일입니다. 네, 확인되었습니다. 고객님 대출은 승인 완료되었고요, 자금은 오늘 오후에 지정하신 계좌로 입금 예정입니다. 아 그래요? 네, 그렇습니다. 그리고 상환 방식은 원리금 균등 방식으로 진행되며, 월 상환 금액은 안내드린 범위 내에서 매달 같은 날짜에 출금됩니다. 이율은 연 ○○퍼센트로 적용되는데, 우대 조건이 충족되면 일부 조정될 수 있습니다. 아, 그럼 중도상환도 가능하나요? 네, 가능합니다. 다만 중도상환 수수료가 적용되는 기간이 있어서 그 부분은 약정서에서 한번 확인 부탁드립니다. 음, 네. 그러면 상환 시작일은 언제예요? 네, 첫 상환일은 다음 달 ○일이고요, 결제 계좌에 금액이 부족하지 않도록 전날 미리 확인해 주시면 좋습니다. 알겠습니다, 친절히 설명해 주셔서 감사합니다. 네, 추가로 궁금하신 점 있으면 언제든 연락 주세요.",0,A
normal_A_0112,"안녕하세요, ○○캐피탈 상담센터입니다. 네, 안녕하세요. 아, 고객님 대출 심사 관련해서 승인 안내가 확인되어 연락드렸습니다. 본인 확인 위해 성함과 휴대폰 뒤 네 자리 말씀 부탁드립니다. 네, ○○○이고 끝자리는 ▲▲▲▲입니다. 네, 맞으십니다. 현재 대출 승인 완료되었고, 신청하신 자금은 영업일 기준으로 순차 입금될 예정입니다. 음, 그럼 바로 들어오는 건 아니군요? 네, 접수 순서와 계좌 검증 절차 때문에 약간의 시간이 필요합니다. 상환 방법은 매월 자동이체로 진행되며, 고객님이 선택하신 상품은 이율이 고정형이라 매달 상환 금액 변동이 크지 않습니다. 아, 그렇군요. 그러면 상환일 변경도 되나요? 네, 일정 조건 안에서 가능하고요, 변경 신청은 영업점 또는 앱에서 가능합니다. 혹시 첫 상환 전에 안내문 다시 받아볼 수 있을까요? 네, 문자로 정리해서 보내드리겠습니다. 다만 승인 후에는 약정 내용이 기준이 되니까 한번 확인해 주시면 좋겠습니다. 네네, 감사합니다. 저희가 안내드린 내용 기준으로 자금 입금과 상환 일정만 잘 확인해 주시면 됩니다.",0,A
normal_A_0113,"안녕하십니까, ○○은행입니다. 아, 네. 혹시 오늘 아침에 납부한 건 처리됐는지 확인하고 싶어서 전화드렸어요. 네, 확인 도와드리겠습니다. 본인 확인을 위해 성함과 생년월일 말씀 부탁드립니다. 네, 김○○이고 ▲▲년 ▲▲월 ▲▲일입니다. 네, 감사합니다. 현재 전산 점검 영향으로 납부 접수가 약간 지연되고 있습니다. 아, 전산 문제예요? 네, 맞습니다. 고객님께서 보내주신 금액은 접수는 되었는데 아직 최종 반영이 안 된 상태입니다. 그러니까 돈은 빠져나갔는데 납부 처리가 늦어지는 건가요? 네, 일부 고객님들 건이 그런 상태로 확인되고요, 불편을 드려 죄송합니다. 음, 그럼 언제쯤 확인되나요? 현재 전산 복구가 진행 중이라 오늘 안으로 순차 반영될 예정입니다. 혹시 추가로 필요한 건 없나요? 따로 추가 금액을 보내실 필요는 없고요, 기존 접수 건만 정상 반영되면 됩니다. 아 네, 알겠습니다. 반영되면 문자도 오나요? 네, 처리 완료되면 안내 문자 드리겠습니다. 기다려 주셔서 감사합니다.",0,A
normal_A_0114,"여보세요, ○○카드 고객센터입니다. 네, 안녕하세요. 카드 납부 건 확인하려고 연락드렸는데요. 아, 네. 본인 확인 먼저 도와드리겠습니다. 성함과 카드 비밀번호가 아닌 생년월일 앞자리 말씀 부탁드립니다. 네, ○○○이고 ▲▲년 ▲▲월입니다. 네, 확인되었습니다. 지금 고객님 납부 건은 전산 접수는 완료되었는데, 시스템 반영이 조금 늦어지고 있습니다. 아 그래요? 네, 그래서 납부 금액이 아직 최종 처리 전으로 보입니다. 음, 제가 오늘 안에 꼭 반영돼야 하거든요. 네, 이해합니다. 최대한 빠르게 확인 중이고, 전산이 정상화되면 자동으로 반영됩니다. 혹시 납부 내역을 다시 보내야 하나요? 아니요, 이미 접수된 금액은 그대로 유지됩니다. 추가로 다시 보내실 필요는 없습니다. 아, 다행이네요. 네, 불편을 드려 죄송합니다. 처리되면 문자로 안내드릴 예정이고요, 혹시 저녁까지도 확인이 안 되면 다시 연락 주시면 됩니다. 알겠습니다, 감사합니다.",0,A
normal_A_0115,"안녕하세요, ○○은행 비대면 계좌개설 상담입니다. 네, 여보세요? 아, 안녕하세요. 앱으로 계좌 개설하려고 하는데 몇 가지가 계속 떠서요. 네, 도와드리겠습니다. 본인 확인과 명의 확인 절차가 필요해서 성함과 생년월일 먼저 말씀 부탁드립니다. 네, ○○○이고 ▲▲년 ▲▲월 ▲▲일입니다. 네, 감사합니다. 비대면 개설은 고객님 개인 정보와 명의가 일치하는지 확인하는 단계가 꼭 필요합니다. 아, 그럼 휴대폰 번호도 필요한가요? 네, 맞습니다. 그리고 신분증 촬영 후 정보가 선명하게 보여야 진행이 됩니다. 음, 제가 중간에 다시 찍어도 되나요? 네, 가능합니다. 다만 타인의 명의로 보이는 정보가 있으면 개설이 제한될 수 있어서 본인 정보만 입력해 주셔야 합니다. 아, 네. 저는 제 명의로 하는 거 맞아요. 좋습니다. 그럼 주소 확인과 연락처 인증까지 완료하시면 개설 신청이 접수됩니다. 개설 후에는 계좌번호가 바로 나오나요? 네, 심사 완료되면 즉시 확인 가능합니다. 혹시 안내문을 문자로 받아볼 수 있을까요? 네, 문자로 자세히 보내드리겠습니다. 천천히 진행해 주세요.",0,A
normal_A_0116,"안녕하세요, ○○은행입니다. 네, 안녕하세요. 계좌를 비대면으로 개설하려고 하는데요, 명의 확인이 안 된다고 해서요. 아, 네. 확인 도와드릴게요. 성함과 생년월일 말씀 부탁드립니다. 네, 박○○이고 ▲▲년 ▲▲월 ▲▲일입니다. 네, 확인되었습니다. 비대면 개설은 개인 정보가 등록된 내용과 실제 신분증 정보가 일치해야 합니다. 아, 그 부분 때문에 막혔나 보네요. 네, 그리고 명의가 본인으로 정확히 확인되어야 계좌 개설이 가능하십니다. 음, 주소도 다시 넣어야 하나요? 네, 입력하신 정보와 신분증상 정보가 다르면 수정 후 재인증이 필요합니다. 아, 알겠습니다. 그러면 제가 정보 수정하고 다시 시도하면 되죠? 네, 맞습니다. 수정 후에는 휴대폰 인증과 추가 확인 절차를 거치면 됩니다. 개설 완료되면 바로 사용 가능할까요? 네, 일반적으로 바로 이용 가능하고요, 일부 기능은 보안 확인 뒤에 활성화됩니다. 아 네, 설명 감사합니다. 수정해서 다시 진행해볼게요.",0,A
normal_A_0117,"안녕하세요, ○○카드 상담센터입니다. 네, 안녕하세요. 카드 이용 한도랑 해외 거래 가능 여부 좀 확인하려고요. 아, 네. 본인 확인부터 도와드리겠습니다. 성함과 생년월일 말씀 부탁드립니다. 네, ○○○이고 ▲▲년 ▲▲월 ▲▲일입니다. 네, 감사합니다. 현재 고객님 카드의 국내 이용 한도는 남아 있고, 해외 거래 가능 여부도 확인 가능합니다. 진짜요? 네, 다만 해외 사용은 사전에 이용 등록이 되어 있어야 할 수 있습니다. 음, 그럼 지금 바로 등록되나요? 네, 등록은 가능하고요, 보안 절차상 본인 인증 후 적용됩니다. 아, 해외 결제 말고 현지에서 현금 인출도 되나요? 카드 종류에 따라 가능한데, 일부 상품은 제한이 있을 수 있습니다. 거래 내역 알림도 받을 수 있나요? 네, 휴대폰 문자 알림 설정이 되어 있으면 실시간으로 확인 가능합니다. 그러면 카드 이용 한도 상향도 가능한가요? 네, 심사 후 가능 여부가 안내됩니다. 신청 원하시면 접수 도와드리겠습니다.",0,A
normal_A_0118,"여보세요, ○○카드 고객센터입니다. 네, 안녕하세요. 카드 사용하려고 보니까 해외 거래가 가능한지 궁금해서요. 네, 확인해 드리겠습니다. 성함과 카드 앞 네 자리 말씀 부탁드립니다. 네, ○○○이고 앞 네 자리는 ▲▲▲▲입니다. 네, 확인되었습니다. 현재 카드 이용은 정상 가능하고, 해외 거래도 설정만 되어 있으면 사용 가능하십니다. 아 그래요? 네, 맞습니다. 카드별로 해외 이용 가능 여부가 다를 수 있어서 오늘 기준으로 한번 점검해 드리고 있습니다. 음, 제가 다음 달에 여행 가거든요. 네, 그러시면 출국 전에 거래 가능 지역 제한이나 사용 알림 설정을 미리 해두시면 좋습니다. 아, 그거 좋네요. 한도는 괜찮은가요? 네, 현재 한도는 여유가 있고요, 큰 금액 거래가 예상되면 별도 승인 절차가 있을 수 있습니다. 진짜요? 네, 갑작스러운 해외 거래는 보안상 확인이 들어갈 수 있습니다. 그러면 제가 앱에서 따로 신청하면 되나요? 네, 가능합니다. 신청하시면 안내 문자 드리고 바로 확인해드리겠습니다.",0,A
normal_A_0119,"안녕하십니까, ○○은행 대출상담센터입니다. 네, 여보세요? 아, 안녕하세요. 대출금 입금 요청이 접수되었다고 연락받았는데요. 네, 맞습니다. 확인 도와드리겠습니다. 본인 확인을 위해 성함과 생년월일 말씀 부탁드립니다. 네, 이○○이고 ▲▲년 ▲▲월 ▲▲일입니다. 네, 감사합니다. 고객님 대출 입금 요청은 접수되었고, 지금 본인 확인 통화 절차가 남아 있습니다. 아, 꼭 통화해야 하나요? 네, 네. 대출금 입금은 요청만으로 바로 진행되지 않고, 본인 확인이 완료되어야 가능합니다. 음, 그럼 제가 지금 뭐 답하면 되죠? 간단히 신청 의사와 입금받을 계좌가 맞는지 확인할 예정입니다. 계좌 끝자리도 맞게 되어 있나요? 네, 맞습니다. 요청하신 계좌로 입금 진행될 예정이고, 확인이 끝나면 순차 처리됩니다. 아, 알겠습니다. 그럼 바로 진행해 주세요. 네, 고객님 답변 확인되면 입금 절차를 이어가겠습니다. 통화가 끝나기 전에 안내 문자를 한번 더 드릴게요.",0,A
normal_A_0120,"안녕하세요, ○○캐피탈입니다. 네, 안녕하세요. 대출 입금 요청 관련해서 연락받았는데요. 아, 네. 본인 확인을 위해 전화드렸습니다. 성함과 등록된 휴대폰 번호 뒤 네 자리 말씀 부탁드립니다. 네, ○○○이고 뒤 네 자리는 ▲▲▲▲입니다. 네, 확인되었습니다. 현재 대출 입금 요청은 접수되어 있고, 통화 절차가 완료되면 입금 진행이 가능합니다. 아, 제가 신청한 게 맞는지 다시 확인하는 거죠? 네, 맞습니다. 고객님 본인 요청인지, 그리고 입금받을 계좌 정보가 맞는지 확인하는 과정입니다. 음, 그러면 계좌번호 일부 불러드릴까요? 네, 마지막 네 자리만 말씀해 주시면 됩니다. 네, 끝자리가 ○○○○입니다. 네, 일치합니다. 그러면 입금 처리 순서대로 넘기겠습니다. 혹시 추가로 서류가 더 필요한가요? 현재는 없고요, 본인 확인 통화만 완료되면 됩니다. 아 네, 감사합니다. 처리되면 문자로도 알려주시나요? 네, 입금 완료 시 안내 문자 드리겠습니다.",0,A
normal_A_0121,"안녕하세요, 상담센터입니다. 예, 안녕하세요. 제가 지난주에 대출 심사 결과 연락을 받았는데요, 승인됐다고 하셨잖아요. 아 네, 손님 성함 확인되면 바로 안내드릴게요. 음, 저는 홍길동입니다. 네, 홍길동님 맞으시고요. 이번 대출은 승인 완료되셨습니다. 그러면 자금은 언제 들어오고, 상환은 어떻게 하면 되는지 궁금해서요. 네, 자금은 오늘 오후 중으로 지정하신 계좌로 입금 예정이고요, 상환은 매월 같은 날짜에 자동이체로 하실 수도 있고 직접 납부도 가능하십니다. 아 그래요? 이율은 어떻게 되나요? 현재 적용 이율은 연 5.4퍼센트로 확인됩니다. 다만 중도상환을 하시면 잔여 기간에 따라 일부 수수료가 있을 수 있어서요, 일정 보시고 조정하시면 됩니다. 음, 그럼 첫 납부일은 제가 따로 정하는 건가요? 아니요, 실행일 기준으로 첫 회차가 잡히고 안내 문자로도 보내드릴 예정입니다. 아 네, 이해됐습니다. 친절하게 설명해주셔서 감사합니다.",0,A
normal_A_0122,"네, 여보세요? 아 네, 안녕하세요. 은행입니다. 고객님께서 문의 주신 대출 승인 건 관련해서 안내드리려고 전화드렸습니다. 오, 네. 그럼 자금 들어오는 건 확인된 건가요? 예, 승인 후 지급 처리 단계이고, 오늘 중으로 예정되어 있습니다. 그리고 상환 방식은 원리금 균등 방식으로 안내되고 있는데요, 매월 같은 금액으로 납부하시면 됩니다. 아, 이율도 같이 알려주실 수 있나요? 네, 현재 적용 이율은 연 6.1퍼센트이고, 우대 조건이 충족되면 일부 조정될 수 있습니다. 그러니까 제가 따로 해야 할 건 없고 자동으로 빠져나가는 건가요? 네, 자동이체로 설정하시면 편하십니다. 원하시면 방문 없이 앱에서 상환 계좌만 확인하실 수 있어요. 오, 그럼 좋네요. 안내 감사합니다.",0,A
normal_A_0123,"안녕하세요, 고객님. 접수된 납부 건이 있는데 잠시 처리 지연이 발생하고 있습니다. 아, 그래요? 제가 오늘 아침에 납부했는데 아직 반영이 안 됐더라고요. 네, 확인해보니 전산 점검 영향으로 일부 건의 처리 시간이 길어지고 있습니다. 음, 그럼 제 금액은 잘 접수된 건가요? 네, 고객님 건은 접수는 정상 완료됐고요, 납부 금액도 확인되었습니다. 다만 전산 반영만 조금 늦어지고 있습니다. 아, 그럼 제가 다시 해야 하는 건 아니죠? 아니요, 다시 납부하실 필요는 없습니다. 전산 복구되는 대로 순차 반영될 예정입니다. 혹시 급하게 확인 필요하시면 접수 번호로 조회해드릴 수 있습니다. 아 네, 접수 번호는 문자로 온 거 맞죠? 맞습니다. 문자에 있는 번호 말씀해 주시면 바로 조회해드릴게요. 아, 감사합니다. 덕분에 안심됐어요.",0,A
normal_A_0124,"네, 여보세요. 은행인데요, 고객님께서 납부하신 건 관련해서 전산 확인 중이라 안내드리려고 연락드렸습니다. 아 네, 저 오늘 납부했는데 왜 안 들어갔는지 해서요. 현재 전산 오류로 처리 속도가 늦어지고 있고, 접수는 정상적으로 되어 있습니다. 그러면 납부 금액은 문제 없는 거죠? 네, 금액은 정상 확인됩니다. 단지 시스템 반영만 지연되고 있어요. 아, 아까부터 계속 기다렸거든요. 죄송합니다. 복구되는 대로 바로 반영될 예정이고, 혹시 오늘 자정 전까지 반영이 안 되면 다시 연락 주시면 재확인해드리겠습니다. 음, 알겠습니다. 괜히 잘못된 줄 알고 걱정했네요. 아니에요, 손님 건은 접수 완료 상태라서 걱정 안 하셔도 됩니다.",0,A
normal_A_0125,"안녕하세요, 비대면 계좌 개설 상담센터입니다. 아 네, 계좌 개설하려고 하는데요. 네, 가능합니다. 다만 명의 확인과 개인 정보 확인 절차가 필요합니다. 아, 네. 제가 지금 혼자 하는 거라서 괜찮죠? 네, 본인 명의로 개설하시는 거면 괜찮습니다. 먼저 이름, 생년월일, 연락처 같은 기본 정보 확인이 필요하고요, 이어서 본인 명의 휴대폰으로 인증을 진행합니다. 음, 그다음에는 뭐가 더 있나요? 신분증 촬영이 필요하고, 주소나 직업 정보처럼 계좌 개설에 필요한 몇 가지 개인 항목을 입력해 주셔야 합니다. 아, 개인정보가 좀 많네요. 네, 안전하게 계좌를 개설하기 위한 절차라서요. 입력 중 헷갈리시면 제가 하나씩 안내드리겠습니다. 아 그래요? 그럼 지금 바로 시작해도 되겠네요. 네, 시작하시면 됩니다.",0,A
normal_A_0126,"여보세요? 아, 네. 은행 비대면 개설 안내드리려고 전화드렸어요. 아 네, 계좌 개설 신청 넣어놨는데요. 네, 확인됐습니다. 본인 명의 여부와 개인 정보 일치 확인을 위해 몇 가지 절차가 필요합니다. 음, 제가 지금 본인 명의 휴대폰 쓰고 있는데 그걸로 하면 되나요? 네, 맞습니다. 먼저 이름과 생년월일, 그리고 개설하실 계좌의 용도를 확인할 거예요. 그다음 신분증 정보와 연락처를 입력해 주시면 됩니다. 아, 명의 확인은 왜 하는 거예요? 비대면이라서 오인 개설을 막고, 고객님 정보 보호를 위해 꼭 필요한 절차입니다. 아 그렇군요. 그러면 주소도 필요한가요? 네, 일부 개인 정보 항목으로 주소 확인이 들어갈 수 있습니다. 진행 도중에 어려우시면 다시 말씀 주세요.",0,A
normal_A_0127,"안녕하세요, 카드 상담입니다. 아 네, 제가 카드 한도 좀 조회하려고요. 네, 가능합니다. 본인 확인 후 현재 이용 한도와 해외 거래 가능 여부까지 안내드릴 수 있습니다. 음, 제가 요즘 해외에서 결제할 일이 있을 것 같아서요. 아 그러시면 확인해드릴게요. 지금 고객님 카드의 일일 이용 한도는 남아 있고, 해외 거래는 기본적으로 가능 상태로 확인됩니다. 오, 그럼 따로 신청 안 해도 되나요? 일부 국가나 가맹점에서는 보안상 추가 인증이 필요할 수는 있지만, 기본 설정은 가능으로 되어 있습니다. 아, 카드가 비활성인 건 아니죠? 네, 아닙니다. 정상 이용 중입니다. 한도는 필요하시면 상향 신청도 가능하고요. 음, 좋네요. 제가 이번 주에 여행 가거든요. 그러면 출국 전에 해외 거래 알림 설정만 해두시면 더 편하실 거예요.",0,A
normal_A_0128,"안녕하세요, 상담원입니다. 예, 안녕하세요. 제가 카드 이용 한도랑 해외 거래 가능 여부 문의드리려고요. 네, 본인 확인 도와드리겠습니다. 아 네. 카드 끝자리 몇 번이신가요? 음, 1234입니다. 확인됐습니다. 현재 카드 이용 한도는 정상이고, 해외 거래도 가능으로 설정되어 있습니다. 아 그래요? 그럼 해외에서 긁어도 되는 거죠? 네, 다만 일부 온라인 거래는 별도 인증이 필요할 수 있습니다. 카드 실물로 결제하는 건 큰 문제 없으시고요. 아, 제가 지금 한도가 얼마나 남았는지도 볼 수 있나요? 네, 최근 이용 내역 반영해서 남은 한도도 확인 가능합니다. 잠시만요. 아, 네. 생각보다 여유 있네요. 네, 맞습니다. 혹시 해외 거래가 안 될까 걱정되시면 출발 전에 한 번 더 확인받으셔도 됩니다.",0,A
normal_A_0129,"안녕하세요, 은행입니다. 고객님께서 대출 입금 요청을 남겨주셔서 안내차 전화드렸습니다. 아, 네. 제가 요청 넣은 거 맞습니다. 다만 대출 입금 처리 전 본인 확인 통화 절차가 필요합니다. 음, 아 그렇군요. 그럼 지금 통화로 확인하면 되나요? 네, 가능합니다. 본인 명의로 요청하신 건지, 그리고 입금받을 계좌가 맞는지 확인해야 합니다. 아, 네. 제 이름으로 신청한 거고 계좌도 제 계좌 맞습니다. 확인 감사드립니다. 그러면 대출 입금 요청은 정상 접수되어 있고, 본인 확인 완료 후 순차적으로 진행됩니다. 아, 그럼 오늘 바로 들어오는 건가요? 절차가 끝나면 가능하지만, 최종 승인 반영 시간에 따라 조금 차이가 있을 수 있습니다. 알겠습니다. 필요한 거 있으면 말씀해주세요.",0,A
normal_A_0130,"여보세요? 아, 네 안녕하세요. 대출 입금 요청 건 때문에 연락드린 고객님 맞으실까요? 네, 맞습니다. 네, 입금 처리 전 본인 확인 통화가 필요해서요. 음, 어떤 걸 확인하나요? 성함, 생년월일, 그리고 요청하신 대출 입금 계좌가 본인 계좌인지 확인합니다. 아 네, 그럼 말씀드릴게요. 좋습니다. 확인되면 요청 건이 접수 상태에서 처리 단계로 넘어가게 됩니다. 아, 제가 급해서요. 혹시 오래 걸리나요? 확인 자체는 금방 끝나고, 입금 시점은 접수 순서와 내부 처리 시간에 따라 달라질 수 있습니다. 알겠어요. 그럼 통화로 바로 진행하죠. 네, 감사합니다. 먼저 성함 확인하겠습니다.",0,A
normal_A_0131,"상담원입니다. 안녕하세요, 고객님. 대출 심사 결과가 나와서 안내드리려고 전화드렸습니다. 아, 네네. 제가 지금 통화 괜찮습니다. 우선 심사는 승인 완료로 확인되는데요, 이용 조건이랑 상환 방법을 안내드리겠습니다. 아 그래요? 네, 고객님 대출은 매달 원리금 균등 방식으로 상환하시면 되고, 이율은 적용 기준에 따라 연 단위로 안내됩니다. 음, 그럼 중도에 조금 더 갚아도 되나요? 네, 가능합니다. 다만 상환일 전에 추가 상환하시면 자금 계획 세우실 때 도움이 되실 거예요. 아, 그러면 자동이체로 해두면 되겠네요? 맞습니다. 연결 계좌에서 매달 지정일에 출금되도록 설정하실 수 있습니다. 그리고 첫 달 상환 금액은 승인된 한도에 따라 조금 달라질 수 있어서, 안내문 다시 한번 확인해 보시면 좋아요. 네네, 알겠습니다. 아, 그리고 이율은 고정인가요 변동인가요? 고객님 상품은 변동이율이라 기준금리 변동 시 달라질 수 있습니다. 그러니까 처음보다 조금 바뀔 수도 있다는 거죠? 네, 맞습니다. 필요하시면 문자로 상환 일정과 이율 안내 보내드릴게요. 아, 보내주세요. 감사합니다. 네, 바로 발송 도와드리겠습니다.",0,A
normal_A_0132,"여보세요? 네, 안녕하세요 고객님, 은행 상담센터입니다. 아 네, 제가 아까 대출 관련 안내 받았는데요. 네. 승인까지는 됐다고 들었고, 상환 방식이 궁금해서요. 아, 네 확인 도와드리겠습니다. 본인 확인을 위해 생년월일하고 휴대폰 번호 말씀 부탁드립니다. 네, ▲▲년 ▲▲월 ▲▲일이고요, 번호는 ▲▲▲▲입니다. 확인 감사합니다. 고객님 대출은 승인 후 자금이 대출 계좌로 입금되면, 다음 달부터 상환이 시작됩니다. 아 그렇군요. 그럼 상환은 자동으로 빠져나가나요? 네, 자동이체 신청하시면 연결된 계좌에서 매달 상환 금액이 출금됩니다. 이율은 처음에 안내드린 조건대로 적용되고, 이용 중 연체가 없으면 그대로 유지됩니다. 어, 혹시 제가 중간에 일부 상환도 할 수 있나요? 네, 가능합니다. 일부 상환은 수수료 없이 가능한 구간도 있는데, 상품에 따라 다르니 정확한 내용은 문자로 보내드릴게요. 아, 좋네요. 그리고 제가 자금 사정이 조금 달라질 수 있어서요. 음, 그럴 수 있죠. 상환일 변경이 가능한지 문의 주시면 추가로 확인해드릴 수 있습니다. 네, 감사합니다. 지금은 안내만 받으면 될 것 같아요. 네, 불편 없으시게 정리해서 보내드리겠습니다.",0,A
normal_A_0133,"안녕하세요, 은행 전산센터입니다. 아, 안녕하세요. 제가 어제 납부한 게 아직 처리 안 됐다고 떠서요. 네, 불편을 드려 죄송합니다. 현재 전산 점검 중이라 접수된 일부 납부 건의 반영이 지연되고 있습니다. 아, 그래요? 저는 금액이 바로 빠져나간 줄 알았는데요. 네, 고객님 계좌에서는 접수는 정상인데, 내부 전산 반영이 늦어지고 있습니다. 그러니까 납부 기록이 아직 확인이 안 되는 거군요? 네, 맞습니다. 금액 자체는 정상 접수되었고, 반영되는 대로 바로 처리 상태가 바뀝니다. 아, 그럼 제가 다시 납부해야 하는 건 아니죠? 네, 중복 납부는 하실 필요 없습니다. 잠시만 기다려 주시면 전산 복구 후 순차적으로 반영됩니다. 어, 그럼 언제쯤 될까요? 현재는 오늘 안으로 대부분 처리될 예정인데, 상황에 따라 조금 더 걸릴 수 있습니다. 불편하시겠지만 양해 부탁드립니다. 네, 알겠습니다. 혹시 접수 번호 같은 거 있으면 알려주실 수 있나요? 네, 가능합니다. 문자로 접수 번호와 진행 상태를 안내드리겠습니다. 감사합니다. 네, 확인되면 바로 안내드리겠습니다.",0,A
normal_A_0134,"고객님 안녕하세요, 은행 상담원입니다. 네, 안녕하세요. 제가 지난주에 납부한 건이 아직 반영이 안 돼서요. 아 네, 확인해 보겠습니다. 현재 전산 오류로 일부 접수 건의 납부 처리 금액이 늦게 반영되고 있습니다. 아 그러면 제 건도 그 영향인 거예요? 네, 맞습니다. 고객님 건은 접수 자체는 정상인데 전산 반영이 지연되는 상황입니다. 음, 그럼 계좌에서 빠져나간 건 맞는데 기록만 늦는 건가요? 네, 정확합니다. 납부 금액은 정상 출금됐고, 시스템에 표시되는 시간이 늦어지고 있습니다. 아, 다행이네요. 혹시 제가 따로 할 일은 없나요? 지금은 따로 하실 건 없고요, 전산 복구되면 자동으로 처리됩니다. 다만 오늘 오후까지도 확인이 안 되면 다시 연락 주시면 바로 재조회 도와드리겠습니다. 네, 알겠습니다. 이렇게 접수라도 해주셔서 다행이네요. 네, 불편 끼쳐 죄송합니다. 문자로 진행 상황 보내드리겠습니다.",0,A
normal_A_0135,"여보세요, 은행 비대면 계좌 개설 상담센터입니다. 네, 안녕하세요. 제가 계좌 개설하려고 앱으로 들어갔는데요, 중간에서 막혀서요. 아 네, 도와드리겠습니다. 비대면 개설은 본인 명의 확인이 먼저 필요합니다. 아, 명의 확인이요? 네, 고객님 개인 정보 보호를 위해 본인 명의 휴대폰, 주민등록상 정보, 인증 절차를 확인하게 됩니다. 그러니까 제가 입력한 정보가 맞는지 보는 거죠? 네, 맞습니다. 개설 과정에서 이름, 생년월일, 주소 같은 기본 정보와 개인 인증이 일치해야 진행됩니다. 음, 사진도 다시 찍어야 하나요? 경우에 따라 신분증 촬영과 얼굴 확인이 필요할 수 있습니다. 아 그래요? 그럼 지금 바로 해볼게요. 네, 진행하시다가 오류가 나면 화면에 뜨는 문구를 알려주시면 제가 다시 설명드리겠습니다. 혹시 가족 명의로 된 휴대폰이면 안 되죠? 네, 본인 명의가 아니면 개설이 제한될 수 있습니다. 아, 그건 제가 몰랐네요. 네, 괜찮습니다. 본인 명의로만 진행해 주시면 되고, 정보 입력 후에는 약관 동의 단계가 이어집니다. 알겠습니다. 안내 감사합니다.",0,A
normal_A_0136,"안녕하세요, 은행 계좌 개설 상담입니다. 네, 안녕하세요. 비대면으로 계좌 개설하려는데 자꾸 본인 확인에서 멈춰요. 아, 네. 먼저 고객님 명의로 된 휴대폰과 신분증이 준비되어 있어야 합니다. 아 네, 준비는 되어 있는데요. 고객 정보 입력 단계에서 이름, 주소, 생년월일 같은 개인 정보가 일치하는지 확인하고 있습니다. 음, 제가 예전에 주소를 바꿨는데 그 영향일까요? 네, 그럴 수 있습니다. 개설 과정에서는 최신 정보로 입력해 주셔야 하고, 명의 확인이 안 되면 진행이 안 될 수 있습니다. 아, 그렇군요. 그럼 신분증 사진 다시 찍어야 하나요? 네, 필요하면 재촬영하시면 됩니다. 화면에 안내되는 대로 하시면 되고, 본인 확인이 완료되면 계좌 개설이 이어집니다. 아, 제가 입력한 정보가 틀린 건 아니겠죠? 지금 확인해드리면 이름과 생년월일은 일치하는데 주소가 이전 주소로 보여서 수정이 필요합니다. 아하, 그래서 막혔구나. 네. 수정 후 다시 진행하시면 됩니다. 혹시 개인 정보 수정은 여기서 바로 되나요? 네, 앱에서 변경 가능하시면 먼저 바꾸시고, 안 되면 상담원이 별도 안내드릴 수 있습니다. 감사합니다. 바로 수정해볼게요.",0,A
normal_A_0137,"안녕하세요, 카드 상담센터입니다. 무엇을 도와드릴까요? 아, 네. 제가 카드 한도 좀 조회하고 싶어서요. 네, 가능합니다. 고객님 카드 이용 한도와 해외 거래 가능 여부를 함께 확인해드릴게요. 아 그래요? 본인 확인 먼저 부탁드립니다. 네, 생년월일이랑 휴대폰 번호 말씀드리면 되죠? 네, 맞습니다. 음, ▲▲년 ▲▲월 ▲▲일이고 번호는 ▲▲▲▲입니다. 확인 감사합니다. 현재 고객님 카드는 국내 이용 한도는 여유가 있고, 해외 거래는 별도 사용 등록이 되어 있어야 가능합니다. 아, 그럼 지금은 해외에서 바로 못 쓰는 거예요? 네, 해외 거래 가능 상태가 아니어서 등록 후 이용하셔야 합니다. 그러니까 미리 신청해두면 되는 거네요? 맞습니다. 출국 전에 등록해두시면 편합니다. 그리고 카드 종류에 따라 현금 서비스나 온라인 이용 한도도 다를 수 있어서요, 필요하시면 전체 한도도 안내드릴게요. 아, 네 그럼 전체적으로 한번 알려주세요. 현재 일시불 한도는 얼마고, 할부 이용은 어느 정도 가능한지 확인해드리겠습니다. 감사합니다. 네, 잠시만요.",0,A
normal_A_0138,"여보세요? 네, 카드사 상담센터입니다. 아, 안녕하세요. 제가 이번 달 카드 이용 금액이 좀 많아질 것 같아서 한도 조회하려고요. 네, 확인 도와드리겠습니다. 먼저 고객님 카드 상태 확인을 위해 본인 인증 부탁드립니다. 네, 가능합니다. 휴대폰 번호랑 생년월일 말씀드릴게요. 음, 번호는 ▲▲▲▲이고, 생년월일은 ▲▲년 ▲▲월 ▲▲일입니다. 확인되었습니다. 현재 국내 거래는 정상 가능하고, 해외 거래는 해외 사용 등록을 하셔야 가능합니다. 아, 해외는 아직 등록 안 했어요. 그러면 여행 가기 전에 신청하면 되겠네요? 네, 맞습니다. 카드 이용 한도도 여유가 있어서 일상적인 거래에는 문제 없습니다. 어, 제가 온라인 결제도 자주 하는데 그건 괜찮죠? 네, 온라인 거래도 가능합니다. 다만 일부 가맹점은 보안 인증이 추가될 수 있습니다. 아, 그건 괜찮아요. 카드가 정지된 건 아니죠? 네, 정상 이용 중입니다. 한도 변경이 필요하시면 신청 절차도 안내드릴 수 있습니다. 좋네요, 그럼 해외 거래 등록 방법도 문자로 보내주세요. 네, 바로 보내드리겠습니다.",0,A
normal_A_0139,"고객님 안녕하세요. 은행 대출 담당입니다. 네, 안녕하세요. 제가 대출금 입금 요청을 넣어놨는데요, 아직 안 들어와서요. 네, 확인해 보겠습니다. 고객님 요청은 접수되어 있는데, 입금 전 본인 확인 통화가 한 번 더 필요합니다. 아, 통화가 필요하다고요? 네, 맞습니다. 대출 실행 전 최종 확인 절차입니다. 음, 그럼 지금 바로 확인하면 되나요? 네, 가능합니다. 본인 확인을 위해 성함과 생년월일 말씀 부탁드립니다. 네, ▲▲▲이고 ▲▲년 ▲▲월 ▲▲일입니다. 확인 감사합니다. 현재 대출 입금 요청은 정상 접수되어 있고, 확인 후 지정 계좌로 입금 처리됩니다. 아, 그럼 제가 따로 서류를 더 내야 하나요? 별도 서류는 없고요, 고객님과의 통화로 의사 확인만 진행하면 됩니다. 아, 그러면 제 요청이 취소되는 건 아니죠? 아닙니다. 단지 안전하게 처리하기 위한 절차입니다. 통화가 끝나면 바로 다음 단계로 넘겨드리겠습니다. 네, 알겠습니다. 빨리 처리 부탁드려요. 네, 최대한 신속하게 도와드리겠습니다.",0,A
normal_A_0140,"안녕하세요, 대출 상담센터입니다. 네, 안녕하세요. 대출금 입금 요청 했는데 연락이 와서요. 아, 네. 고객님 건은 접수 완료됐고, 입금 전 본인 확인 통화가 필요합니다. 아, 알겠습니다. 뭐부터 하면 될까요? 먼저 고객님 성함과 휴대폰 번호 확인 부탁드립니다. 네, 성함은 ▲▲▲이고 번호는 ▲▲▲▲입니다. 감사합니다. 현재 대출 요청은 정상 접수되어 있고, 본인 확인이 완료되면 입금 순서로 진행됩니다. 음, 그럼 통화가 늦어지면 입금도 늦어지는 거예요? 네, 절차상 통화 확인이 끝나야 입금이 가능합니다. 고객님 보호를 위한 과정이라 이해 부탁드립니다. 아 네, 이해했습니다. 혹시 제가 요청한 금액이 맞는지도 확인되나요? 네, 지금 화면에선 요청 금액이 확인되고 있습니다. 정확한 입금 금액과 계좌도 다시 한 번 안내드릴 수 있습니다. 좋습니다. 그럼 확인만 끝내고 바로 진행해주세요. 네, 통화 마치는 대로 처리 도와드리겠습니다.",0,A
normal_A_0141,"안녕하세요, 여기는 한화은행 대출 상담센터입니다. 여보세요? 네, 안녕하세요. 어, 지난번에 신청했던 대출 심사 결과가 나왔다고 문자가 와서요. 아 네, 확인 도와드리겠습니다. 고객님 성함과 생년월일 앞자리를 말씀해 주실 수 있을까요? 네, 홍길동이고, 생년월일은 팔사년 오월이요. 네, 감사합니다. 조금만 기다려 주세요, 네, 확인됐습니다. 고객님 대출은 승인 완료 상태이고요, 자금은 오늘 오후 안으로 연결된 계좌로 입금 예정입니다. 아 그래요? 네. 상환 방법은 원리금 균등 방식으로 진행되고, 매달 같은 금액으로 상환하시면 됩니다. 이율은 현재 연 오점구 퍼센트로 적용돼 있는데, 우대 조건 충족 시 조금 더 낮아질 수 있습니다. 음, 그럼 중도 상환도 가능한가요? 네, 가능합니다. 다만 일부 수수료가 있을 수 있어서, 상환 전에 한 번 더 안내드리겠습니다. 아, 네네. 그리고 첫 회차 납부일은 다음 달 십오일로 잡혀 있는데, 원하시면 날짜 변경 가능 여부도 함께 확인해 드릴게요. 아, 그건 괜찮습니다. 오늘 승인된 내용 문자로도 받아볼 수 있죠? 네, 상담 내용과 상환 일정은 문자로 발송해 드리겠습니다. 감사합니다.",0,A
normal_A_0142,"안녕하세요, 씨티대출 상담실입니다. 네, 여보세요? 어, 제가 어제 대출 승인 연락을 받았는데 상환 방식이 궁금해서 전화드렸어요. 네, 고객님 맞으시면 안내 도와드리겠습니다. 본인 확인을 위해 성함 말씀 부탁드릴게요. 네, 이정민입니다. 아 네, 확인됐습니다. 이번 대출은 승인 후 바로 자금 집행이 가능한 상품이고요, 상환은 매달 일정 금액을 자동이체로 하실 수 있습니다. 자동이체 말고 직접 납부도 되나요? 네, 가능은 합니다. 다만 연체 방지를 위해 자동이체를 많이 이용하시고요, 이율은 고객님 신용 구간에 따라 다르게 적용됩니다. 음, 그럼 저는 이율이 어느 정도예요? 현재 기준으로는 연 육점칠 퍼센트로 확인되고, 상환 기간에 따라 총 부담 금액이 달라집니다. 아, 그렇군요. 대출금은 오늘 바로 들어오는 건가요? 네, 최종 승인 완료라서 자금은 오늘 중으로 입금 예정입니다. 상환 시작 전에는 문자로 일정 다시 보내드릴 거고요. 아 그래요? 네, 혹시 중간에 상환 계획을 바꾸시게 되면 언제든 상담 가능하십니다. 감사합니다.",0,A
normal_A_0143,"안녕하세요, 은행 전산 상담센터입니다. 여보세요, 네 안녕하세요. 그 저, 오늘 아침에 납부를 했는데 아직 처리 완료가 안 됐다고 해서요. 아 네, 불편 끼쳐 죄송합니다. 잠시만 확인해 보겠습니다. 고객님 성함과 납부하신 금액 말씀해 주실 수 있을까요? 네, 김하늘이고, 금액은 십이만 삼천원입니다. 네, 감사합니다. 지금 전산이 일부 지연돼서 접수는 되어 있는데 납부 완료 반영이 조금 늦어지고 있습니다. 아, 접수는 된 거예요? 네, 맞습니다. 전산 오류로 일시적으로 확인이 늦는 상황이라 오늘 중 순차 반영될 예정입니다. 음, 그럼 제가 다시 해야 하는 건 아니죠? 네, 다시 하실 필요는 없고요, 기존 납부 내역은 정상 접수되어 있습니다. 아 그래요, 다행이네요. 금액이 이중으로 빠질까 봐 걱정했거든요. 그런 부분은 확인해서 중복 처리 없도록 보겠습니다. 혹시 오후까지도 반영이 안 되면 다시 연락드려도 될까요? 네, 물론입니다. 납부 내역 확인되면 문자로도 안내드리겠습니다. 감사합니다.",0,A
normal_A_0144,"안녕하세요, 은행 시스템 안내센터입니다. 네, 여보세요? 어, 어제 납부한 건이 아직 안 잡혀서 전화드렸어요. 네, 확인해 보겠습니다. 본인 확인을 위해 성함하고 생년월일 말씀 부탁드립니다. 네, 박서연이고, 육구년 삼월 십일일입니다. 네, 감사합니다. 현재 전산 점검 영향으로 납부 접수 반영이 지연되고 있습니다. 아, 그래서 아직 조회가 안 되는 거군요. 네, 맞습니다. 고객님이 납부하신 금액은 정상적으로 접수는 되었고요, 전산상 반영만 늦어지는 상태입니다. 금액이 잘못된 건 아닌 거죠? 네, 그 부분은 이상 없고, 납부 내역은 안전하게 보관되어 있습니다. 음, 그럼 오늘 안에는 확인될까요? 네, 대부분은 오늘 안에 처리되는데, 상황에 따라 조금 더 걸릴 수도 있습니다. 아 그래요? 그러면 급한 건 아니니까 기다려볼게요. 네, 혹시 늦어지면 별도로 연락드리겠습니다. 불편을 드려 죄송합니다.",0,A
normal_A_0145,"안녕하세요, 비대면 계좌 개설 상담입니다. 여보세요? 네, 안녕하세요. 제가 지금 계좌 개설하려고 하는데, 준비할 정보가 뭐가 있나 해서요. 네, 도와드리겠습니다. 비대면 개설은 본인 명의로만 가능하고, 개인 정보 확인 절차가 필요합니다. 아, 명의 확인도 해야 하는군요. 네, 맞습니다. 이름, 생년월일, 휴대폰 번호, 주소 같은 기본 정보가 필요하고요, 신분증 촬영도 진행하셔야 합니다. 음, 개인 정보는 다 입력해야 하나요? 네, 계좌 개설을 위해 필수 항목은 입력해 주셔야 하고, 일부 정보는 선택이 아닙니다. 아 그래요. 그럼 가족 명의로 대신 만드는 건 안 되죠? 네, 안 됩니다. 반드시 본인 명의여야 하고, 본인 확인 절차도 직접 진행하셔야 합니다. 아, 알겠습니다. 제가 지금 휴대폰은 제 거 맞고, 신분증도 준비돼 있는데 바로 해도 되나요? 네, 가능합니다. 앱에서 안내해 드리는 순서대로 진행하시면 되고, 중간에 정보가 잘못 입력되면 다시 확인 단계가 나올 수 있습니다. 네네, 그럼 시작해 볼게요. 개설 완료되면 문자도 오나요? 네, 완료 시 문자 발송됩니다.",0,A
normal_A_0146,"안녕하세요, 고객센터입니다. 여보세요? 어, 계좌 개설하려고 하는데 본인 확인이 어떻게 되는지 궁금해서요. 네, 비대면 개설 도와드리겠습니다. 먼저 고객님 명의로 개설하시는 거 맞으실까요? 네, 맞아요. 네, 감사합니다. 개인 정보 확인을 위해 성함과 생년월일, 휴대폰 번호를 입력해 주셔야 하고요, 필요 시 추가 정보도 요청드릴 수 있습니다. 아, 좀 많네요. 네, 계좌 보안을 위해 꼭 필요한 절차입니다. 신분증 사진도 같이 올려야 하나요? 네, 주민등록증이나 운전면허증 중 하나를 촬영해서 등록하시면 됩니다. 음, 그러면 제 명의가 맞는지 어디서 확인돼요? 입력하신 정보와 신분증 정보가 일치하는지 전산에서 확인합니다. 일치하면 바로 개설이 진행됩니다. 아 그래요? 네, 만약 정보가 다르면 본인 확인이 다시 필요할 수 있습니다. 그럼 주소는 예전 주소로 되어 있으면 안 되죠? 네, 현재 정보로 맞춰 주시는 게 좋습니다. 개설이 끝나면 사용 시작은 바로 가능한가요? 네, 일부 서비스는 즉시 가능하고, 카드 신청은 별도로 하실 수 있습니다. 알겠습니다. 안내대로 해볼게요.",0,A
normal_A_0147,"안녕하세요, 카드 상담센터입니다. 여보세요, 네 안녕하세요. 제가 카드 한도 좀 조회하려고 전화했어요. 아 네, 가능합니다. 본인 확인을 위해 성함과 생년월일 말씀 부탁드립니다. 네, 최민준이고, 팔팔년 칠월 이십일입니다. 네, 확인됐습니다. 현재 카드 이용 한도는 백오십만원으로 조회되고 있고, 이번 달 이용 가능 금액도 함께 안내드릴 수 있습니다. 오, 그럼 해외 거래도 가능한가요? 네, 현재는 해외 오프라인 거래는 가능하고, 일부 온라인 거래는 별도 설정이 필요합니다. 아 그래요? 제가 이번에 여행 가는데 현지 결제할 수 있는지 궁금했거든요. 네, 해외 거래 가능 상태로 변경 원하시면 보안 인증 후 바로 설정해 드릴 수 있습니다. 음, 그러면 수수료 같은 것도 있나요? 네, 해외 이용 시 수수료가 붙을 수 있고, 결제 국가와 가맹점에 따라 다릅니다. 아, 그럼 한도도 같이 올릴 수 있나요? 네, 추가 한도는 심사 후 가능하고, 현재는 조회된 기본 한도 내에서 이용하시면 됩니다. 네, 알겠습니다. 해외 거래 가능 여부 문자로도 받을 수 있나요? 네, 오늘 바로 발송해 드리겠습니다.",0,A
normal_A_0148,"안녕하세요, 카드 서비스입니다. 여보세요? 어, 카드 한도랑 해외 이용 관련해서 문의드리려고요. 네, 도와드리겠습니다. 카드 번호 뒤 네 자리와 본인 성함 확인 부탁드립니다. 네, 끝 네 자리는 삼사오육이고, 이지은입니다. 네, 감사합니다. 현재 고객님 카드 이용 가능 금액은 남은 한도로 확인되고요, 국내 거래는 정상 가능합니다. 해외 거래는 지금 기본 상태로는 제한이 있을 수 있어서 설정 확인이 필요합니다. 아, 해외는 바로 안 되는 거예요? 네, 일부 카드는 기본적으로 차단되어 있어서, 고객님이 원하시면 해외 거래 가능으로 변경할 수 있습니다. 음, 그럼 여행 전에 미리 해두면 되겠네요. 네, 맞습니다. 또 해외 이용 시 원화가 아니라 현지 통화로 결제되는 경우도 있으니 참고해 주세요. 아 그래요? 네. 그리고 카드 한도는 일시 상향도 가능하지만, 이용 실적에 따라 달라집니다. 현재는 문의하신 거래 기준으로 충분히 사용 가능하십니다. 아, 좋네요. 그럼 해외 결제 열어주세요. 네, 인증 절차 안내드리고 바로 처리 도와드리겠습니다.",0,A
normal_A_0149,"안녕하세요, 대출 상담센터입니다. 네, 여보세요? 어, 저 대출금 입금 요청 넣었는데 아직 연락이 안 와서요. 아 네, 확인 도와드리겠습니다. 본인 확인을 위해 성함 말씀 부탁드릴게요. 네, 강도윤입니다. 감사합니다. 고객님께서 보내주신 대출 입금 요청은 접수되어 있습니다. 다만 최종 반영 전 본인 확인 통화 절차가 한 번 필요합니다. 아, 통화가 꼭 필요한가요? 네, 대출 자금 지급 전에는 본인 확인이 필수라서요. 지금 잠깐 통화 가능하실까요? 네, 가능합니다. 그러면 휴대폰으로 문자 받은 인증번호 말씀해 주시면 절차가 이어집니다. 음, 알겠습니다. 그럼 입금은 언제쯤 되나요? 본인 확인이 완료되면 오늘 안으로 입금 처리 가능합니다. 아 그래요? 네, 확인이 끝나면 접수 내역과 함께 안내 문자도 보내드립니다. 요청하신 금액은 맞으시죠? 네, 맞아요. 알겠습니다. 그럼 바로 통화 절차 진행하겠습니다.",0,A
normal_A_0150,"안녕하세요, 금융 상담센터입니다. 여보세요? 네, 안녕하세요. 대출 입금 요청 관련해서 연락받고 전화드렸어요. 아 네, 고객님 확인해 드리겠습니다. 성함과 생년월일 말씀 부탁드립니다. 네, 한지훈이고, 구십년 십이월 사일입니다. 네, 감사합니다. 현재 대출 입금 요청은 접수 완료 상태인데, 실제 입금 전 본인 확인 통화가 한 번 더 필요합니다. 아, 그냥 요청만으로는 안 되는 거군요. 네, 자금 보호를 위해 반드시 확인 통화가 필요합니다. 지금 통화 가능하시면 안내드릴게요. 네, 됩니다. 혹시 제가 따로 준비할 게 있나요? 간단한 확인 질문에 답해 주시면 되고, 요청하신 대출 금액과 입금 계좌만 다시 확인하면 됩니다. 음, 그럼 계좌는 맞는지 제가 말하면 되는 거죠? 네, 맞습니다. 확인이 끝나면 바로 입금 처리 순서로 넘어갑니다. 아 그래요? 그럼 오늘 안에는 들어오는 거죠? 네, 정상적으로 확인되면 오늘 중 입금됩니다. 알겠습니다. 절차대로 진행해 주세요.",0,A
normal_A_0151,"안녕하세요, 상담센터입니다. 네, 안녕하세요. 어, 제가 어제 대출 심사 결과를 문자로 받았는데요, 승인됐다고 해서요. 아 네, 확인 도와드리겠습니다. 고객님 본인 확인 먼저 진행해도 될까요? 네, 가능합니다. 이름과 생년월일 말씀 부탁드립니다. 네, 김민수고요, 생년월일은 이천년 삼월 십이일입니다. 네, 감사합니다. 잠시만요. 확인되었습니다. 고객님 대출은 정상 승인 상태이고, 자금 집행은 오늘 기준으로 가능하십니다. 상환 방법은 매월 자동이체로 하실 수도 있고, 계좌이체로 직접 납부하실 수도 있습니다. 아 그래요? 그럼 이율은 어느 정도예요? 네, 적용 이율은 안내받으신 조건대로 연 오점구퍼센트로 확인됩니다. 음, 상환 기간은요? 고객님은 삼년 원리금균등 방식으로 설정되어 있고, 중간에 여유 자금이 생기시면 일부 상환도 가능하십니다. 아, 일부 상환하면 수수료가 붙나요? 현재는 중도상환수수료가 일정 기간 이후부터 면제되는 조건이라, 정확한 일자는 계약서에서 다시 확인해 드리겠습니다. 네네, 이해됐습니다. 그러면 첫 상환일은 언제예요? 대출 실행일 기준으로 다음 달 같은 날짜에 첫 납부가 잡히십니다. 혹시 문자로 다시 받으실 수 있도록 정리해 드릴까요? 아 네, 부탁드립니다. 네, 바로 발송 도와드리겠습니다.",0,A
normal_A_0152,"여보세요, 상담사님? 네, 안녕하세요. 대출 신청한 거 승인됐다는 연락을 받았는데, 상환 방식이랑 이율이 좀 헷갈려서요. 아, 네. 바로 확인해 드리겠습니다. 고객님 성함이랑 생년월일 한번 말씀해 주시겠어요? 네, 박지연이고요, 생년월일은 구십사년 오월 이십팔일입니다. 네, 감사합니다. 잠시만 기다려 주세요. 네, 확인됐습니다. 고객님 대출은 승인 완료 상태이고, 자금은 등록하신 계좌로 오늘 중 반영 예정입니다. 상환은 매달 일정 금액이 출금되는 방식으로 진행되며, 이율은 고정형으로 안내드린 대로 적용됩니다. 어, 그럼 금리는 바뀌는 건 아니죠? 네, 현재 상품은 고정 이율이라 약정 기간 동안 동일합니다. 아 그렇군요. 그럼 만기 전에 갚으면 어떻게 돼요? 중간 상환 가능하시고, 일부 금액을 먼저 상환하실 수도 있습니다. 다만 조건에 따라 수수료가 있을 수 있어서 계약 내용 확인이 필요합니다. 음, 알겠습니다. 제가 따로 해야 할 건 없나요? 실행 후 첫 상환일에 맞춰 계좌에 잔액만 준비해 주시면 되고, 자동이체로 설정하셨으면 별도 납부 없이 진행됩니다. 아 네, 생각보다 간단하네요. 네, 혹시 궁금하신 점 더 있으실까요? 아니요, 감사합니다.",0,A
normal_A_0153,"안녕하세요, 은행 상담센터입니다. 네, 저기요, 제가 납부를 했는데 아직 처리 안 됐다고 떠서요. 아 네, 불편을 드려 죄송합니다. 현재 전산 점검으로 접수 순서가 조금 지연되고 있습니다. 고객님 성함과 연락처 확인 가능하실까요? 네, 이정호고요, 연락처는 이공공에 일이공사입니다. 감사합니다. 잠시만요. 네, 확인되었습니다. 고객님 납부 건은 정상 접수되어 있고, 금액도 확인됐습니다만 전산 반영이 조금 늦어지고 있습니다. 아 그럼 제가 잘못 낸 건 아니에요? 아니요, 고객님 건은 정상 처리 건이 맞습니다. 다만 전산 오류로 인해 화면 반영이 늦는 상황입니다. 진짜요? 네, 걱정 안 하셔도 됩니다. 혹시 영수증 번호나 이체 확인 내역 가지고 계시면 다시 한번 대조해 드릴 수 있습니다. 음, 잠깐만요. 아, 여기 문자로 받은 접수 번호는 있어요. 네, 말씀 주시면 확인해 보겠습니다. 네, 접수 번호는 삼사오팔입니다. 감사합니다. 조회해 보니 납부 금액은 정상 수납 처리 대기 상태이고, 오늘 안으로 순차 반영될 예정입니다. 아, 그럼 기다리면 되는 거네요? 네, 맞습니다. 전산 복구되는 대로 자동 반영됩니다. 불편 끼쳐 드려서 죄송합니다. 아니에요, 알려주셔서 다행이죠.",0,A
normal_A_0154,"여보세요? 네, 은행입니다. 안녕하세요. 제가 어제 납부한 게 아직 안 보이길래 전화드렸어요. 아 네, 확인해 보겠습니다. 혹시 고객님 성함이랑 생년월일 부탁드려도 될까요? 네, 최은영이고요, 생년월일은 팔십팔년 구월 삼일입니다. 네, 감사합니다. 잠시만 기다려 주세요. 네, 고객님 건은 접수는 완료됐는데 전산 반영이 지연되고 있습니다. 아, 전산 문제인가요? 네, 현재 내부 전산 오류로 납부 금액이 처리 목록에 머물러 있습니다. 그렇다고 해서 누락된 건 아닙니다. 다행이네요. 그러면 제가 다시 납부해야 하나요? 아니요, 재납부는 하지 않으셔도 됩니다. 지금 상태에서는 중복 납부가 될 수 있어서 기다려 주시는 게 맞습니다. 어, 그렇구나. 그럼 대충 언제쯤 반영되나요? 오늘 오후 중으로 순차 복구 예정이고, 복구되면 바로 확인 가능하십니다. 혹시 급하게 확인이 필요하시면 접수 번호를 문자로 보내드릴 수 있습니다. 아 네, 문자로 주세요. 네, 바로 발송하겠습니다. 혹시 납부 금액에 대한 영수증도 함께 보내드릴까요? 아, 네. 같이 부탁드려요. 알겠습니다. 처리되면 안내 문자 드리겠습니다.",0,A
normal_A_0155,"안녕하세요, 비대면 계좌 개설 상담입니다. 네, 계좌 개설하려고 전화했는데요. 아 네, 가능합니다. 고객님 본인 명의 휴대전화로 상담 중이신가요? 네, 제 명의 맞아요. 좋습니다. 비대면 개설은 먼저 개인 정보 확인이 필요합니다. 이름, 생년월일, 주소 일부를 확인하고, 신분증 촬영을 진행하게 됩니다. 아, 신분증도 필요한가요? 네, 주민등록증이나 운전면허증 중 하나가 필요합니다. 개설 과정에서 입력하시는 정보는 본인 확인과 계좌 안전을 위한 절차입니다. 음, 개인정보 많이 넣는 건 좀 걱정되는데요. 네, 이해합니다. 다만 개설 심사에 필요한 최소 정보만 확인하고, 본인 명의 여부를 확인해야 합니다. 아 그래요? 그럼 다른 사람 명의로는 안 되는 거죠? 네, 맞습니다. 계좌는 본인 명의로만 개설 가능하고, 대리 개설은 불가합니다. 그럼 제가 해야 할 건 뭐예요? 신분증을 준비해 주시고, 안내드리는 앱에서 정보 입력 후 본인 인증을 진행하시면 됩니다. 아, 생각보다 간단하네요. 네, 맞습니다. 중간에 오류가 나면 다시 연락 주시면 접수부터 다시 도와드리겠습니다. 알겠습니다. 그럼 바로 진행해 볼게요.",0,A
normal_A_0156,"여보세요, 은행 맞죠? 네, 안녕하세요. 비대면으로 계좌 개설하려고 하는데요, 명의 확인이 필요하다고 해서요. 네, 맞습니다. 우선 고객님 본인 명의인지 확인부터 하겠습니다. 성함이랑 생년월일 말씀 부탁드립니다. 네, 강서준이고, 생년월일은 구십일년 이월 십오일이에요. 감사합니다. 계좌 개설을 위해서는 개인 정보 확인이 필요하고, 신분증과 본인 인증 절차가 진행됩니다. 아, 그러면 가족 명의로는 안 되나요? 네, 계좌는 본인 명의로만 개설됩니다. 고객님 개인 정보 보호와 금융사고 예방을 위한 절차입니다. 음, 이해했어요. 주소 같은 것도 다 입력해야 해요? 네, 연락처와 주소 일부, 직업 정보 정도가 필요합니다. 다만 민감한 정보는 안내된 항목만 입력하시면 됩니다. 아 그래요? 중간에 사진 찍는 것도 있던데. 네, 신분증 촬영과 얼굴 인증이 포함될 수 있습니다. 본인 확인을 위해 필요한 과정입니다. 알겠습니다. 그럼 지금 바로 해도 되겠네요? 네, 준비되시면 개설 절차를 시작하시면 됩니다. 진행하시다가 막히는 부분 있으면 다시 전화 주세요.",0,A
normal_A_0157,"안녕하세요, 카드 상담센터입니다. 네, 안녕하세요. 제 카드 한도 좀 확인하려고요. 아 네, 도와드리겠습니다. 고객님 본인 확인 먼저 진행하겠습니다. 성함과 생년월일 말씀해 주시겠어요? 네, 문지훈이고요, 생년월일은 구십육년 십일월 이십일일입니다. 네, 감사합니다. 잠시만요. 네, 확인되었습니다. 고객님 카드 이용 한도는 현재 백오십만 원으로 설정되어 있습니다. 아, 생각보다 적네요. 한도 상향 신청도 가능할까요? 네, 가능하십니다. 사용 내역과 소득 확인 후 재심사가 진행됩니다. 그리고 해외 거래 가능 여부도 함께 확인해 드릴게요. 오, 해외도요? 네. 현재는 해외 거래는 차단 상태로 되어 있습니다. 필요하시면 해외 이용 가능으로 변경 신청하실 수 있습니다. 음, 제가 다음 달에 여행 가서요. 그럼 미리 풀어두는 게 좋겠네요? 네, 맞습니다. 출국 일정에 맞춰 해외 결제가 가능하도록 설정하실 수 있습니다. 아, 그럼 수수료 같은 건 있나요? 해외 이용 시에는 환전 수수료와 국제 브랜드 수수료가 붙을 수 있습니다. 거래 금액에 따라 달라집니다. 알겠습니다. 신청은 전화로도 되나요? 네, 가능합니다. 다만 본인 확인과 추가 안내가 필요해서 잠시만 더 진행해 주시면 됩니다.",0,A
normal_A_0158,"여보세요? 네, 카드 상담실입니다. 안녕하세요. 카드 한도랑 해외 거래가 가능한지 좀 보고 싶어서요. 아 네, 바로 확인해 드리겠습니다. 고객님 성함과 생년월일 부탁드릴게요. 네, 오수진이고, 생년월일은 구십이년 사월 이십육일입니다. 감사합니다. 잠시만 기다려 주세요. 네, 고객님 카드 현재 이용 한도는 이백만 원입니다. 최근 거래 내역을 기준으로 보면 한도는 정상 유지 중입니다. 아 그래요? 그럼 해외에서도 쓸 수 있나요? 지금 설정은 국내 전용이라 해외 거래는 불가 상태입니다. 원하시면 해외 이용 가능으로 변경하실 수 있습니다. 오, 그럼 제가 직접 가서 신청해야 하나요? 아니요, 전화로도 신청 가능하지만 본인 인증이 추가로 필요합니다. 해외에서 카드 사용할 일이 있으시면 미리 설정해 두시는 게 좋습니다. 음, 그럼 바로 해주세요. 네, 가능합니다. 다만 카드사 보안 확인 질문이 한 가지 더 있습니다. 최근 사용하신 대표 거래 금액이 얼마였는지 확인 부탁드립니다. 아, 잠깐만요. 음, 오만 원 정도였던 것 같은데요. 네, 확인되었습니다. 해외 거래 가능 설정 안내해 드리겠습니다. 결제 시점에 따라 승인 메시지가 다르게 갈 수 있으니 참고해 주세요.",0,A
normal_A_0159,"안녕하세요, 대출 담당 상담센터입니다. 네, 저 대출금 입금 요청했는데요. 아 네, 확인해 드리겠습니다. 고객님 성함과 생년월일 말씀 부탁드립니다. 네, 한도윤이고요, 생년월일은 구십삼년 칠월 십팔일입니다. 감사합니다. 잠시만 기다려 주세요. 네, 고객님 대출 입금 요청은 접수되어 있습니다. 다만 입금 전 본인 확인 통화 절차가 한 번 더 필요합니다. 아, 아까 신청할 때도 확인했는데 또 해야 하나요? 네, 맞습니다. 금액이 큰 경우에는 안전을 위해 추가 확인을 진행하고 있습니다. 음, 그럼 지금 통화로 하면 되는 거죠? 네, 가능합니다. 현재 본인 확인 질문을 드리고 응답이 맞으면 입금 절차가 진행됩니다. 요청하신 대출 금액은 오늘 중 입금 예정입니다. 아, 대출금은 제 계좌로 바로 들어오는 거예요? 네, 고객님 명의 계좌로 입금됩니다. 혹시 계좌 정보가 변경되었다면 지금 말씀해 주세요. 아니요, 그대로예요. 그럼 통화 절차만 끝나면 되는 거네요? 네, 맞습니다. 추가로 안내드릴 점은 입금 후 첫 상환일이 자동으로 안내 문자로 발송된다는 점입니다. 아 네, 알겠습니다. 바로 진행하죠.",0,A
normal_A_0160,"여보세요, 상담사님? 네, 대출센터입니다. 안녕하세요. 대출금 입금 요청했는데 아직 안 들어와서요. 아 네, 접수는 되어 있는데 본인 확인 통화가 한 번 더 필요합니다. 고객님 성함이랑 생년월일 말씀해 주세요. 네, 이서현이고 생년월일은 구십칠년 이월 구일입니다. 감사합니다. 확인되었습니다. 고객님 요청 건은 정상 접수 상태이고, 입금 전 통화 절차만 남아 있습니다. 아, 그냥 요청만 하면 바로 되는 줄 알았어요. 보안상 한 단계 더 진행해야 합니다. 특히 대출 입금은 본인 요청인지 확인이 중요합니다. 음, 알겠어요. 그럼 제가 해야 할 질문이 따로 있나요? 네, 연락처 확인과 계좌 명의 확인 정도만 진행하면 됩니다. 입금 요청 금액은 얼마로 접수되셨는지 기억나시나요? 아, 천오백만 원이요. 네, 맞습니다. 요청 금액 확인되었습니다. 이제 본인 확인만 완료되면 입금 절차가 진행됩니다. 아, 생각보다 꼼꼼하네요. 네, 고객님 자산 보호를 위한 절차입니다. 통화 마무리되면 바로 입금 안내 문자 보내드리겠습니다. 네, 감사합니다. 진행해주세요.",0,A
normal_A_0161,"안녕하세요, 고객님. 씨씨은행 대출 상담센터입니다. 네, 아 안녕하세요. 제가 아까 대출 심사 결과를 문자로 받았는데요, 승인 됐다고 해서요. 네, 확인 도와드리겠습니다. 본인 확인부터 진행할게요. 성함이랑 생년월일 앞자리 여섯 자리 말씀 부탁드립니다. 네, 김○○이고, 생년월일은 8203○○입니다. 네, 감사합니다. 지금 고객님 대출은 정상 승인 상태로 확인되고요, 자금은 지정하신 계좌로 오늘 영업시간 내에 입금 처리됩니다. 아 그렇군요. 그럼 상환은 어떻게 하면 돼요? 네, 상환 방식은 원리금 균등 방식으로 잡혀 있고, 매달 같은 금액으로 납부하시면 됩니다. 이율은 연 5.2퍼센트로 적용되어 있어요. 아, 5.2퍼센트요? 네, 맞습니다. 다만 중도상환을 원하시면 수수료가 일부 발생할 수 있어서 그 부분만 미리 안내드릴게요. 아, 네네. 그러니까 매달 자동이체로 상환하면 되는 거죠? 네, 고객님이 지정하신 출금일에 자동으로 상환되도록 설정 가능하십니다. 혹시 원하시면 납부일 변경도 도와드릴 수 있습니다. 아, 그럼 월급날 다음으로 맞춰주세요. 네, 확인되면 바로 반영해드리겠습니다.",0,A
normal_A_0162,"여보세요, 씨씨저축은행 상담팀입니다. 아, 네. 대출 승인 연락 받았는데 상환 방식이랑 이율이 궁금해서요. 네, 고객님 본인 확인을 위해 성함과 생년월일 확인 가능할까요? 네, 박○○이고요, 9011○○입니다. 감사합니다. 잠시만 확인하겠습니다. 네, 고객님 대출 승인 완료 상태로 조회되고 있습니다. 자금 집행은 오늘 오후에 진행될 예정이고요. 아 그러면 바로 들어오는 건가요? 네, 영업일 기준으로 순차 입금됩니다. 상환은 매월 정해진 날짜에 원금이랑 이자를 함께 납부하는 방식이고, 현재 적용 이율은 연 4.8퍼센트입니다. 아, 생각보다 괜찮네요. 네, 그리고 첫 회차 상환일은 다음 달 15일로 설정되어 있습니다. 만약 날짜를 바꾸시려면 미리 신청해 주셔야 하고요. 아, 그건 나중에 바꿀 수 있군요. 네, 가능합니다. 혹시 고객님께서 자동이체를 원하시면 연결 계좌 정보도 확인해드릴게요. 어, 네. 그럼 상환 계좌는 지금 쓰는 입출금 계좌로 하면 되죠? 네, 맞습니다. 본인 명의 계좌로만 등록 가능하십니다. 네, 알겠습니다.",0,A
normal_A_0163,"안녕하세요, 은행 전산 상담실입니다. 네, 안녕하세요. 제가 어제 납부한 게 아직 처리 안 됐다고 떠서요. 아, 그러셨군요. 지금 전산 확인해보겠습니다. 접수하신 고객님 성함이 어떻게 되실까요? 네, 이○○입니다. 네, 이○○ 고객님, 잠시만요. 네, 확인되었습니다. 현재 전산 장애로 일부 납부 처리가 지연되고 있어서 자동 반영이 늦어지고 있습니다. 아, 전산 문제였군요. 그럼 제가 다시 내야 하는 건 아니죠? 네, 아닙니다. 고객님이 납부하신 금액은 정상 접수되어 있고, 처리만 늦어지는 상황입니다. 다만 전산 복구 후 순차적으로 반영될 예정이라 오늘 중으로 확인되실 수 있습니다. 아 그렇구나. 네, 혹시 납부 영수증이나 이체 내역을 보관하고 계시면 혹시 모를 경우에 대비해서 참고해 두시면 됩니다. 네네. 그 금액이 카드대금이었거든요. 아, 네. 카드대금 납부도 같은 전산으로 연결되어 있어서 함께 지연될 수 있습니다. 불편 끼쳐드려 죄송합니다. 아, 괜찮습니다. 그러면 지금은 기다리면 되는 거죠? 네, 맞습니다. 복구가 완료되면 별도 안내 문자도 드리겠습니다.",0,A
normal_A_0164,"여보세요? 은행 전산센터입니다. 네, 안녕하세요. 납부한 금액이 아직 미반영이라 연락드렸어요. 아, 확인해보겠습니다. 접수번호나 성함 알려주실 수 있을까요? 네, 접수번호는 잘 모르고, 홍○○입니다. 네, 감사합니다. 현재 전산 상태를 보니 일시적으로 납부 접수가 밀려서 반영이 지연되고 있습니다. 아, 그래서 안 뜨는 거였네요. 네, 맞습니다. 고객님이 납부하신 금액은 정상 접수된 상태고, 시스템 정리 후 순차적으로 들어갈 예정입니다. 아 그럼 혹시 연체처럼 보이는 건 아니죠? 네, 아직은 아닙니다. 전산 복구 전이라 표기가 늦는 것뿐입니다. 아휴, 다행이네요. 네, 만약 오늘 밤까지도 반영이 안 되면 다시 한 번 연락 주시면 저희가 추가 확인해드리겠습니다. 아 네. 그리고 접수 문자도 안 와서 좀 불안했거든요. 네, 그 부분도 전산 오류로 일부 누락된 경우가 있어 죄송합니다. 금액 확인은 완료되셨고, 납부 내역은 보전되어 있습니다. 네, 알겠습니다. 기다려볼게요.",0,A
normal_A_0165,"안녕하세요, 비대면 계좌 개설 상담입니다. 네, 안녕하세요. 계좌 개설하려고 하는데요. 네, 좋습니다. 먼저 본인 명의로 진행하시는지 확인이 필요합니다. 네, 제 명의 맞아요. 네, 감사합니다. 비대면 개설은 개인 정보 확인이 필수라서요. 성함, 생년월일, 휴대폰 번호 확인 부탁드립니다. 아, 네. 김○○이고 생년월일은 8506○○입니다. 네, 확인되었습니다. 이어서 주소와 직장 정보도 입력해 주셔야 합니다. 아, 주소는 자동으로 뜨는데 이거 맞는지 확인만 하면 되죠? 네, 맞습니다. 그리고 신분증 촬영도 필요합니다. 개인정보 보호를 위해 화면 안내에 따라 진행해 주세요. 아, 네. 근데 사진이 좀 흐리게 나왔는데요. 네, 그러시면 다시 촬영하시면 됩니다. 명의 도용 방지를 위해 개인 인증 절차를 한 번 더 거치고요. 아 그렇군요. 그러면 계좌 개설이 끝나면 바로 사용할 수 있어요? 네, 심사 완료 후 바로 사용 가능하십니다. 다만 초기 이체 한도는 낮게 설정될 수 있습니다. 아, 그건 나중에 올릴 수 있나요? 네, 추가 인증 후 변경 가능합니다.",0,A
normal_A_0166,"안녕하세요, 계좌 개설 지원센터입니다. 네, 여보세요. 비대면으로 통장 하나 만들려고 하는데요. 네, 가능합니다. 본인 명의 확인부터 도와드릴게요. 성함과 주민등록상 생년월일 말씀 부탁드립니다. 네, 최○○이고요, 7809○○입니다. 네, 감사합니다. 계좌 개설에 필요한 정보는 개인 확인용으로만 사용됩니다. 아, 네. 개인정보 이런 거 안전한 거죠? 네, 물론입니다. 고객님 동의 절차 후에만 처리됩니다. 그리고 신분증 정보, 주소, 연락처를 순서대로 확인해드릴 예정입니다. 아, 알겠습니다. 제가 지금 화면 보면서 입력하면 되는 거죠? 네, 맞습니다. 또 본인 명의 휴대폰으로 인증번호를 받아야 하고요. 아, 그럼 가족 명의 폰은 안 되겠네요? 네, 본인 명의가 아니면 진행이 어렵습니다. 아 그렇구나. 그럼 제가 잠깐 가족 폰을 쓰려 했는데 안 되겠네요. 네, 개인 명의 확인이 중요해서 그렇습니다. 개설 완료되면 입출금, 이체, 체크카드 신청까지 가능하시고요. 아, 좋네요. 그럼 바로 진행해 주세요.",0,A
normal_A_0167,"안녕하세요, 카드 상담센터입니다. 네, 안녕하세요. 제 카드 한도 좀 조회하려고요. 네, 고객님 본인 확인 후 안내드리겠습니다. 성함과 생년월일 말씀 부탁드립니다. 네, 정○○이고 9112○○입니다. 네, 감사합니다. 현재 카드 이용 한도는 총 삼백오십만 원으로 확인되고 있습니다. 아, 생각보다 넉넉하네요. 네, 그리고 해외 거래 가능 여부도 함께 확인해드릴게요. 지금 카드는 해외 이용이 가능하게 설정되어 있습니다. 아, 진짜요? 네, 다만 해외 온라인 거래는 별도 차단 설정이 되어 있을 수 있어서 그 부분만 추가 확인이 필요합니다. 아, 온라인 거래까지 되는지 보고 싶었어요. 네, 확인해보니 해외 오프라인 결제는 가능하고, 해외 직구 거래도 가능 상태입니다. 아, 그럼 좋네요. 카드 한도는 더 올릴 수 있어요? 네, 소득 정보 확인 후 한도 상향 신청은 가능하십니다. 다만 심사 결과에 따라 달라질 수 있습니다. 아, 그건 나중에 신청할게요. 네, 알겠습니다.",0,A
normal_A_0168,"여보세요? 카드사 고객센터죠? 네, 맞습니다. 카드 이용 한도랑 해외 거래 가능 여부 좀 확인하려고요. 네, 가능합니다. 본인 확인 먼저 도와드릴게요. 성함과 휴대폰 뒤 네 자리 말씀 부탁드립니다. 네, 오○○이고요, 뒤 네 자리는 2244입니다. 네, 확인되었습니다. 현재 고객님 카드의 일시 이용 한도는 사백만 원이고, 해외 거래도 가능 상태입니다. 아, 그럼 해외에서 직접 결제해도 되는 거죠? 네, 국가별로 일부 제한은 있을 수 있지만 기본적으로 이용 가능하십니다. 아, 그래요? 네, 다만 해외 현금서비스는 별도 신청이 필요하고요. 아, 그건 안 써도 될 것 같아요. 네, 좋습니다. 그리고 카드 분실 신고 이력이 있으면 해외 거래가 막혀 있을 수 있는데 고객님은 그런 이력 없으셔서 정상 사용 가능합니다. 아, 다행이네요. 카드 한도는 이번 달에 더 쓸 수 있죠? 네, 남은 한도 내에서 거래 가능하십니다. 혹시 한도 조정 원하시면 추가 안내드리겠습니다.",0,A
normal_A_0169,"안녕하세요, 대출 상담부입니다. 네, 안녕하세요. 대출금 입금 요청 넣었는데 아직 연락이 없어서요. 네, 확인해드리겠습니다. 우선 본인 확인 통화가 필요해서 성함 말씀 부탁드립니다. 네, 강○○입니다. 네, 감사합니다. 고객님 요청하신 대출 입금 건은 접수되어 있습니다. 다만 최종 입금 전에 본인 확인 통화 절차를 한 번 더 진행해야 합니다. 아, 그냥 요청만 하면 되는 줄 알았는데요. 네, 안전한 처리를 위해 그렇습니다. 생년월일 앞자리 여섯 자리와 연락 가능한 번호 확인 부탁드립니다. 네, 8604○○이고, 지금 번호 그대로예요. 네, 확인되었습니다. 입금은 본인 확인 완료 후 순차적으로 처리됩니다. 아, 그럼 지금 이 통화에서 확인하면 되는 거죠? 네, 맞습니다. 추가로 대출 실행 계좌가 본인 명의인지도 체크하겠습니다. 네, 제 명의 맞아요. 좋습니다. 그럼 입금 요청은 유지되고, 확인 완료 후 처리 예정입니다. 아, 알겠습니다. 혹시 오늘 안에 들어올까요? 네, 절차 완료되면 오늘 중 입금 가능하십니다. 혹시 문자 안내 받으시면 확인 부탁드립니다.",0,A
normal_A_0170,"여보세요, 대출 실행 센터입니다. 네, 안녕하세요. 대출금 입금 요청했는데, 본인 확인 통화가 필요하다고 해서 전화드렸어요. 네, 맞습니다. 고객님 본인 확인 먼저 진행할게요. 성함과 출생연도 말씀해주실 수 있을까요? 네, 박○○이고 1989년생입니다. 네, 감사합니다. 현재 대출 입금 요청은 접수된 상태고, 마지막 확인을 위해 통화가 필요합니다. 아, 네. 그럼 제가 따로 해야 할 건 없나요? 네, 간단한 확인만 끝나면 됩니다. 입금받으실 계좌가 본인 명의인지, 그리고 연락처가 현재 사용 중인 번호인지 확인 부탁드립니다. 네, 둘 다 맞습니다. 좋습니다. 그럼 확인 절차 완료되면 입금 진행됩니다. 아, 생각보다 간단하네요. 네, 안전을 위해 필요한 절차입니다. 그리고 만약 중간에 계좌 정보가 바뀌면 다시 요청해 주셔야 합니다. 아 네. 그럼 입금 처리되면 문자로 오죠? 네, 처리되면 문자 안내 드리겠습니다. 고객님 요청 건은 정상적으로 진행 중입니다.",0,A
normal_A_0171,"안녕하세요, 상담센터입니다. 네, 안녕하세요. 제가 어제 신청한 대출 심사 결과가 나왔다는 문자를 받아서요. 아 네, 확인 도와드리겠습니다. 우선 본인 확인부터 진행할게요. 성함이랑 생년월일 말씀 부탁드립니다. 네, 김민수고요, 생년월일은 구십이년 삼월 이십사일입니다. 네, 감사합니다. 조금만 기다려 주시면 확인해보겠습니다. 네. 기다려 주셔서 감사합니다. 고객님 대출은 승인 완료로 확인됩니다. 아, 그래요? 다행이네요. 그럼 상환은 어떻게 하면 되나요? 네, 상환 방식은 매달 원리금 균등 상환으로 진행되시고요. 지정일에 연결된 계좌에서 자동 출금되거나, 고객님께서 원하시면 직접 이체로도 가능하세요. 아, 그러면 중도 상환도 돼요? 네, 가능하십니다. 다만 중도 상환 수수료가 발생할 수 있어서, 정확한 이율과 수수료는 약정서 기준으로 안내드리겠습니다. 어, 그러니까 금리는 지금 몇 퍼센트예요? 고객님 상품은 연 오점구 퍼센트로 확인되고요. 승인 이후 자금은 오늘 중으로 입금 예정입니다. 네, 감사합니다. 상환 일정은 문자로도 다시 보내드릴게요.",0,A
normal_A_0172,"네, 여보세요? 네, 상담센터입니다. 무엇을 도와드릴까요? 아, 저 어제 대출 승인이 났다고 해서요. 자금이 들어오는 날짜를 좀 확인하려고 전화드렸어요. 아 네, 고객님 본인 확인 먼저 도와드리겠습니다. 성함과 생년월일, 그리고 휴대폰 끝 네 자리 부탁드립니다. 네, 박지현이고요, 생년월일은 팔구년 칠월 십일일, 끝 네 자리는 삼사오육입니다. 감사합니다. 잠시만 기다려 주세요. 네. 확인되었습니다. 고객님 대출 승인 건의 자금은 오늘 오후에 입금 처리될 예정입니다. 아, 오늘이요? 네, 맞습니다. 그리고 상환은 다음 달 같은 날짜부터 시작되는데요. 첫 회차 상환 금액과 이율은 안내 문자로도 확인하실 수 있습니다. 어, 그럼 제가 따로 신청할 건 없나요? 네, 별도 신청은 없고요. 자동 상환으로 진행됩니다. 혹시 중간에 상환 방식 변경이 필요하시면 다시 연락 주시면 돼요. 아 네, 알겠습니다. 친절하게 설명해 주셔서 감사합니다.",0,A
normal_A_0173,"안녕하세요, 은행 전산센터입니다. 네, 안녕하세요. 제가 자동 납부 설정해 둔 게 있는데 아직 결제가 안 된 것 같아서요. 아 네, 확인해보겠습니다. 전산상으로 먼저 조회를 도와드려야 해서 본인 확인 부탁드립니다. 성함이랑 생년월일 말씀해 주시겠어요? 네, 이서연이고요, 구백일년 이월 이십팔일입니다. 감사합니다. 잠시만요. 네, 고객님 죄송하지만 현재 전산 점검으로 인해 납부 접수가 지연되고 있습니다. 아, 그래요? 제가 낸 금액은 아직 처리 안 된 건가요? 네, 납부 금액은 정상적으로 접수는 되었는데 전산 반영이 늦어지고 있습니다. 아 그러면 제가 다시 내야 하는 건 아니죠? 네, 다시 납부하실 필요는 없고요. 시스템이 복구되는 대로 순차 처리됩니다. 예상으로는 오늘 저녁 이후 반영될 가능성이 높습니다. 아 네, 알겠습니다. 혹시 문자로도 안내받을 수 있나요? 네, 가능합니다. 전산 정상화 후 접수 완료 안내를 보내드리겠습니다.",0,A
normal_A_0174,"여보세요, 은행입니다. 네, 안녕하세요. 어제 납부한 내역이 아직 미반영인 것 같아서 전화드렸어요. 아, 불편을 드려 죄송합니다. 전산 확인을 위해 본인 확인 절차를 먼저 진행하겠습니다. 성함과 연락처 뒤 네 자리 부탁드릴게요. 네, 정우성이고요, 뒤 네 자리는 일사팔칠입니다. 감사합니다. 잠시만 기다려 주세요. 네, 확인되었습니다. 현재 전산 오류로 일부 납부 처리가 늦어지고 있습니다. 아, 그런 상황이었군요. 그럼 제가 낸 금액은 정상 접수된 거 맞나요? 네, 맞습니다. 금액은 접수되어 있고, 반영만 지연되고 있습니다. 오늘 중으로 시스템이 복구되면 자동으로 처리됩니다. 아 네, 다행이네요. 그럼 따로 다시 할 일은 없나요? 네, 별도 조치는 없으십니다. 다만 확인이 필요하시면 저희가 나중에 처리 결과 문자 보내드릴게요. 네, 감사합니다. 아, 그리고 전산 점검 시간 끝나면 안내 문자 꼭 부탁드려요.",0,A
normal_A_0175,"안녕하세요, 고객센터입니다. 네, 안녕하세요. 비대면으로 계좌 개설하려고 하는데요, 절차가 좀 헷갈려서요. 아 네, 도와드리겠습니다. 계좌 개설을 위해서는 본인 명의 확인과 기본 정보 확인이 필요합니다. 네, 알겠습니다. 제가 준비할 게 뭐가 있을까요? 우선 본인 명의 휴대폰이 필요하고요, 주민등록증이나 운전면허증 같은 개인 신분증도 준비해 주세요. 아, 네. 개인정보 입력은 어디까지 해야 하나요? 이름, 생년월일, 주소 같은 기본 정보만 정확하게 입력해 주시면 됩니다. 혹시 개설 중에 오류가 나면 어떻게 해요? 그럴 때는 다시 이어서 진행하거나 상담원이 도와드릴 수 있습니다. 아, 그러면 제 명의로만 가능한 거죠? 네, 맞습니다. 타인 명의로는 개설이 어렵고 반드시 본인 확인이 되어야 합니다. 네, 이해했습니다. 친절하게 설명해 주셔서 감사합니다.",0,A
normal_A_0176,"여보세요? 네, 은행 상담센터입니다. 무엇을 도와드릴까요? 아, 제가 비대면 계좌 개설을 하다가 중간에 멈춰서 전화드렸어요. 명의 확인 단계에서 막히더라고요. 네, 확인 도와드리겠습니다. 우선 성함과 생년월일 말씀 부탁드립니다. 네, 최하늘이고, 생년월일은 구십오년 십이월 오일입니다. 감사합니다. 잠시만요. 네, 확인되었습니다. 고객님은 본인 명의 휴대폰으로 개설 절차를 진행하셔야 하고, 입력하신 개인 정보가 주민등록 정보와 일치해야 합니다. 아, 그 부분이 중요하군요. 네, 맞습니다. 주소나 연락처가 다르면 개설이 지연될 수 있어요. 어, 제가 예전에 쓰던 번호가 있어서 그걸로 하면 안 되나 했는데, 안 되겠네요? 네, 본인 명의가 아니면 어렵습니다. 대신 본인 명의로 인증하시면 바로 이어서 진행 가능하세요. 아 네, 그럼 다시 해볼게요. 정보 입력하다가 헷갈리면 다시 전화드려도 되죠? 네, 물론입니다. 진행 중에 막히면 언제든 문의 주세요.",0,A
normal_A_0177,"안녕하세요, 카드 상담센터입니다. 네, 안녕하세요. 제 카드 한도를 좀 확인하려고요. 그리고 해외에서도 이용 가능한지 궁금해서 전화드렸어요. 아 네, 도와드리겠습니다. 본인 확인 먼저 진행할게요. 성함과 카드 마지막 네 자리 말씀 부탁드립니다. 네, 이지은이고요, 끝 네 자리는 구팔칠육입니다. 감사합니다. 잠시만 기다려 주세요. 네, 확인되었습니다. 고객님 카드의 현재 이용 한도는 백오십만 원이고, 잔여 한도는 칠십만 원입니다. 아, 생각보다 괜찮네요. 그럼 해외 거래도 가능해요? 네, 현재는 해외 거래 가능 상태로 설정되어 있습니다. 다만 국가에 따라 일부 가맹점에서는 승인 제한이 있을 수 있습니다. 아, 그러면 별도 신청은 없나요? 해외 이용이 처음이시면 안전을 위해 해외 이용 알림 설정을 해두시는 걸 권장드립니다. 아, 그건 어떻게 해요? 앱에서 직접 가능하시고요, 원하시면 제가 안내해 드릴게요. 네, 부탁드릴게요. 카드 이용 내역도 같이 확인할 수 있으면 좋겠네요.",0,A
normal_A_0178,"여보세요, 카드센터입니다. 네, 안녕하세요. 제가 해외여행 가기 전에 카드 이용 가능 여부를 확인하고 싶어서요. 아 네, 본인 확인 후 안내드릴게요. 성함과 생년월일 부탁드립니다. 네, 한지훈이고, 구십이년 오월 이십이일입니다. 감사합니다. 확인 중입니다. 네, 고객님 카드의 기본 이용 한도는 이백만 원이고요, 현재 해외 거래도 가능하도록 등록되어 있습니다. 아, 다행이네요. 근데 제가 해외에서 현금 인출도 할 수 있나요? 네, 가능은 하지만 현지 단말기와 은행 정책에 따라 달라질 수 있습니다. 어, 그러면 카드 이용 전에 따로 해야 할 건 없죠? 네, 현재 상태로는 바로 이용 가능하십니다. 다만 도난이나 분실에 대비해서 출국 전에 앱에서 해외 사용 알림을 켜두시면 좋아요. 아 네, 그건 꼭 해둘게요. 설명 들으니까 마음이 놓이네요. 감사합니다.",0,A
normal_A_0179,"안녕하세요, 상담센터입니다. 네, 안녕하세요. 대출금 입금 요청을 넣었는데 아직 확인 문자가 안 와서요. 아 네, 확인 도와드리겠습니다. 먼저 본인 확인 통화 절차가 필요합니다. 성함과 생년월일 말씀 부탁드려요. 네, 오세훈이고요, 생년월일은 구십년 구월 십칠일입니다. 감사합니다. 잠시만 기다려 주세요. 네, 확인되었습니다. 고객님께서 대출금 입금 요청을 접수하신 건 맞습니다. 아, 그럼 바로 입금되는 건가요? 최종 입금 전 본인 확인 통화가 한 번 더 필요해서 지금 연락드린 겁니다. 아, 그렇군요. 그럼 제가 뭐 답해야 하나요? 요청하신 금액과 계좌 정보가 맞는지 확인해 주시면 됩니다. 계좌 끝 네 자리 말씀드리면 되나요? 네, 맞습니다. 본인 확인이 완료되면 입금 처리 진행됩니다. 아 네, 계좌 끝 자리는 사사팔일이고요. 감사합니다. 확인 완료되면 안내 문자 드리겠습니다.",0,A
normal_A_0180,"여보세요? 네, 은행 대출 담당자입니다. 네, 안녕하세요. 대출금 입금 요청 넣은 사람인데, 통화가 필요하다고 해서 전화받았어요. 아 네, 본인 확인 절차를 진행하겠습니다. 성함과 휴대폰 뒤 네 자리 말씀 부탁드립니다. 네, 문태호이고 뒤 네 자리는 이구육칠입니다. 감사합니다. 잠시만요. 네, 확인되었습니다. 고객님 요청하신 대출금 입금 건은 접수되어 있고, 최종 반영을 위해 본인 확인 통화가 필요했습니다. 아, 그러면 입금은 오늘 되는 거예요? 네, 네, 확인 완료되면 오늘 중으로 처리됩니다. 혹시 요청하신 금액이 맞는지 다시 한번 말씀드리면 될까요? 네, 일천오백만 원 맞습니다. 그리고 입금받을 계좌도 본인 명의 맞으시죠? 네, 맞습니다. 아 그러면 끝난 건가요? 거의 마무리되었습니다. 확인이 끝나면 문자로 다시 안내드릴게요. 네, 감사합니다. 통화 절차가 있어서 조금 놀랐는데 이해됐어요.",0,A
normal_A_0181,"안녕하세요, 고객님. 은행 상담센터입니다. 아, 안녕하세요. 저 대출 심사 결과 확인하려고 전화드렸는데요. 네, 확인 도와드리겠습니다. 먼저 본인 확인을 위해 성함과 생년월일 말씀 부탁드립니다. 네, 김민수고요, 생년월일은 구십이년 삼월 십일입니다. 감사합니다. 잠시만 조회해 보겠습니다. 어, 고객님 대출은 심사 승인 완료로 확인됩니다. 아 그래요? 다행이네요. 네, 필요하신 자금은 다음 영업일에 지정 계좌로 지급되며, 상환은 매월 같은 날짜에 자동이체로 진행하실 수 있습니다. 음, 그럼 이율은 어떻게 되나요? 현재 적용 이율은 연 오점오 퍼센트이고, 약정 조건에 따라 변동 없이 유지됩니다. 아, 그러면 중도 상환도 가능해요? 네, 가능합니다. 중도 상환 시에는 잔여 원금 기준으로 처리되고, 별도 수수료는 안내서에 기재된 범위 내에서 적용됩니다. 그러니까 제가 따로 해야 할 건 없고 자동이체만 설정하면 되는 거죠? 네, 맞습니다. 상환 계좌만 정상 등록돼 있으면 되고, 혹시 변경 필요하시면 다시 연락 주시면 됩니다. 아 네, 친절하게 설명해 주셔서 감사합니다. 도움이 되셨다니 다행입니다. 다른 문의 있으시면 언제든 연락 주세요.",0,A
normal_A_0182,"여보세요, 은행 고객센터 맞나요? 네, 고객님. 무엇을 도와드릴까요? 아, 제가 대출 승인 문자 받았는데 상환 방식이 좀 헷갈려서요. 네, 확인해 드리겠습니다. 먼저 고객님 본인 명의로 접수된 건인지 확인이 필요합니다. 성함과 등록된 휴대폰 번호 말씀해 주시겠어요? 네, 박지현이고 번호는 공일공, 삼사오육, 칠팔구공입니다. 네, 감사합니다. 조회해 보니 대출 승인 완료 건 맞습니다. 자금은 오늘 기준으로 준비 중이고, 상환은 원리금 균등 방식으로 진행됩니다. 음, 원리금 균등이면 매달 같은 금액 내는 거죠? 네, 맞습니다. 이율은 연 오점구 퍼센트로 적용되며, 첫 상환일은 다음 달 같은 날짜입니다. 아, 그럼 제가 미리 상환도 할 수 있나요? 네, 가능합니다. 미리 상환하시면 남은 기간의 이자 부담이 줄어들 수 있습니다. 그러니까 제가 계좌만 확인하면 되는 거네요? 네, 본인 확인과 계좌 등록이 완료되면 별도 절차 없이 상환이 시작됩니다. 아, 이해됐어요. 안내 감사합니다. 네, 편안한 하루 되세요.",0,A
normal_A_0183,"안녕하세요, 은행입니다. 아, 안녕하세요. 그 납부 처리가 안 된 것 같아서 전화드렸는데요. 네, 불편을 드려 죄송합니다. 현재 전산 점검으로 일부 접수가 지연되고 있습니다. 아 그래요? 제가 어제 납부했는데 금액이 아직 반영이 안 돼서요. 네, 확인해 보겠습니다. 고객님 성함과 생년월일 말씀 부탁드립니다. 네, 이수진이고 구십오년 칠월 이십사일입니다. 감사합니다. 잠시만요. 어, 고객님 건은 정상 접수는 되었는데 전산 반영이 지연된 상태로 보입니다. 아, 그럼 제가 다시 납부해야 하나요? 아니요, 다시 납부하실 필요는 없습니다. 현재 시스템 오류로 납부 내역이 늦게 올라오는 상황이라 담당 부서에서 순차적으로 처리 중입니다. 음, 그럼 언제쯤 확인될까요? 오늘 중으로 대부분 반영될 예정이고, 늦어도 익영업일에는 확인 가능하십니다. 혹시 금액이 다르게 보이면 어떻게 해요? 그런 경우에는 접수 번호로 다시 확인해 드리겠습니다. 아, 네. 알겠습니다. 번거롭게 해 드려서 죄송합니다. 아닙니다. 고객님 불편 없도록 최대한 빠르게 처리하겠습니다.",0,A
normal_A_0184,"여보세요? 네, 은행 고객센터입니다. 안녕하세요, 제가 납부한 게 아직 안 보여서 연락드렸어요. 아 그러세요? 우선 확인 도와드리겠습니다. 고객님 성함과 납부하신 계좌 마지막 네 자리 부탁드립니다. 네, 최은영이고 끝자리는 이삼사오입니다. 감사합니다. 조회해 보니 현재 전산 오류로 일부 납부 건의 반영이 지연되고 있습니다. 아, 전산 문제였군요. 네, 고객님 건은 접수는 정상적으로 되었고, 금액도 일치합니다. 다만 시스템이 한꺼번에 밀리면서 처리 시간이 조금 길어지고 있습니다. 음, 제가 기다리면 되는 거죠? 네, 다시 납부하실 필요 없이 자동으로 반영됩니다. 혹시 오늘 안에 확인이 안 되면 다시 전화드려도 되나요? 네, 물론입니다. 문의 주시면 접수 번호로 바로 찾아드리겠습니다. 아, 다행이네요. 안내 감사합니다. 저희야말로 기다려 주셔서 감사합니다. 불편 끼쳐 죄송하고, 최대한 빠르게 정상화하겠습니다.",0,A
normal_A_0185,"안녕하세요, 은행 비대면 계좌 개설 상담입니다. 아, 안녕하세요. 제가 계좌 개설하려고 하는데요, 본인 확인이 좀 필요한가요? 네, 맞습니다. 비대면 개설은 명의 확인과 개인 정보 확인 절차가 필요합니다. 아, 어떤 정보가 필요한가요? 우선 고객님 명의의 휴대폰으로 인증을 진행하고, 신분증 촬영과 기본 정보를 확인합니다. 그다음 주소, 직업, 거래 목적 같은 항목을 입력해 주시면 됩니다. 음, 개인 정보가 좀 많이 들어가네요. 네, 안전한 개설을 위한 필수 절차라서요. 고객님 본인 명의가 맞는지 확인이 되어야 계좌를 바로 만들 수 있습니다. 그러면 가족 명의로는 안 되는 거죠? 네, 해당 계좌는 본인 명의로만 개설 가능합니다. 아, 알겠습니다. 그럼 제가 신분증 준비해서 다시 진행하면 되겠네요? 네, 맞습니다. 신분증과 휴대폰만 준비되면 바로 개설 도와드리겠습니다. 필요하시면 제가 절차를 한 단계씩 안내드릴게요. 네, 부탁드릴게요. 감사합니다.",0,A
normal_A_0186,"여보세요, 은행입니다. 네, 안녕하세요. 비대면으로 계좌 개설하려고 하는데요. 네, 도와드리겠습니다. 먼저 고객님 명의 확인이 필요합니다. 성함과 생년월일 말씀 부탁드립니다. 네, 정다은이고 구십일년 오월 이일이에요. 네, 확인됐습니다. 개설 절차를 위해 개인 정보 일부를 입력해 주셔야 하는데, 신분증에 적힌 주소와 연락처가 맞는지 확인하는 단계입니다. 아, 네. 그건 괜찮아요. 고객님 본인 명의 휴대폰으로 인증이 진행되고, 추가로 거래 목적과 직업 정보도 간단히 확인합니다. 음, 그냥 생활비 관리용이라고 적으면 되나요? 네, 가능합니다. 계좌 개설 후에는 안내받으신 약관에 동의하시면 됩니다. 아 그래요? 생각보다 간단하네요. 네, 본인 정보만 정확하면 어렵지 않습니다. 혹시 대리 개설은 안 되죠? 네, 본인 명의 개설만 가능합니다. 그러면 지금 바로 진행해 보실까요? 네, 해 주세요. 감사합니다.",0,A
normal_A_0187,"안녕하세요, 카드 상담센터입니다. 아, 안녕하세요. 제 카드 한도 좀 확인하고 싶은데요. 네, 가능합니다. 먼저 본인 확인을 위해 성함과 생년월일 말씀해 주세요. 네, 김태훈이고 구십년 구월 구일입니다. 네, 감사합니다. 잠시만요. 고객님 카드 현재 이용 한도는 이백오십만 원이고, 사용 가능한 잔액은 백칠십만 원 정도로 확인됩니다. 아, 생각보다 남아 있네요. 네, 최근 거래가 많지 않으셔서 여유가 있습니다. 그리고 해외 거래 가능 여부도 함께 보고 싶으셨죠? 네, 맞아요. 다음 주에 여행가거든요. 네, 현재 카드에는 해외 이용이 가능하도록 설정되어 있습니다. 다만 일부 국가에서는 추가 인증이 필요할 수 있습니다. 음, 그럼 별도 신청은 안 해도 되나요? 기본적으로는 가능합니다. 다만 해외 원화 결제 차단 같은 부가 설정을 원하시면 따로 말씀해 주시면 됩니다. 아, 그건 제가 나중에 다시 확인할게요. 네, 좋습니다. 여행 전에는 카드 뒷면 서명도 꼭 확인해 주세요. 네, 감사합니다. 친절하시네요.",0,A
normal_A_0188,"여보세요? 카드사 맞나요? 네, 카드 상담입니다. 아, 제가 카드 이용 한도랑 해외 거래 되는지 물어보려고요. 네, 도와드리겠습니다. 고객님 본인 확인 먼저 하겠습니다. 이름과 등록된 휴대폰 번호 말씀 부탁드립니다. 네, 이지훈이고 번호는 공일공, 구칠팔육, 오사이삼사입니다. 네, 확인됐습니다. 현재 카드 이용 한도는 삼백만 원이고, 일반 거래는 정상적으로 가능합니다. 음, 해외 거래도 가능한가요? 네, 현재 해외 이용은 가능 상태로 등록되어 있습니다. 다만 최근 일부 거래 알림이 누락되었다면 앱에서 추가 확인하실 수 있습니다. 아, 그럼 제가 해외에서 쓰면 바로 승인되나요? 대부분은 바로 승인되지만, 특정 가맹점이나 금액이 큰 거래는 추가 확인이 필요할 수 있습니다. 그러니까 미리 따로 신청해 두는 게 좋겠네요. 네, 여행 전에 해외 이용 가능 여부를 다시 점검해 두시면 편합니다. 알겠습니다, 설명 고마워요. 네, 편하게 사용하시고 다른 문의 있으시면 연락 주세요.",0,A
normal_A_0189,"안녕하세요, 은행 대출 상담입니다. 아, 네 안녕하세요. 제가 대출 입금 요청을 넣었는데 확인이 안 돼서요. 네, 확인 도와드리겠습니다. 고객님 본인 확인을 위해 성함과 생년월일 말씀 부탁드립니다. 네, 한지우고 구십삼년 이월 이십오일입니다. 감사합니다. 잠시만요. 아, 고객님 대출 입금 요청은 접수되어 있습니다. 다만 입금 처리 전 본인 확인 통화 절차가 한 번 더 필요합니다. 아 그래요? 네, 보안상 필요한 절차입니다. 요청 금액과 입금 계좌가 맞는지 확인한 뒤 진행됩니다. 음, 계좌는 제 주거래 계좌로 넣으면 되죠? 네, 맞습니다. 다만 현재는 전화상 본인 확인이 완료되어야 최종 입금이 가능합니다. 그러면 제가 지금 바로 통화하면 되는 거네요? 네, 맞습니다. 몇 가지 간단한 질문만 드리고 바로 이어서 처리하겠습니다. 아, 알겠습니다. 그럼 부탁드릴게요. 감사합니다.",0,A
normal_A_0190,"여보세요, 은행 고객센터입니다. 아, 안녕하세요. 대출 입금 요청했는데 언제 들어오나 해서요. 네, 조회해 보겠습니다. 먼저 본인 확인을 위해 성함과 등록된 연락처 말씀해 주시겠어요? 네, 오세훈이고 연락처는 공일공, 사오육칠, 팔구공일입니다. 감사합니다. 확인 결과 대출 입금 요청은 접수되어 있고, 현재 본인 확인 통화 단계가 남아 있습니다. 아, 왜 통화가 또 필요한가요? 고객님 요청 건은 금액이 커서 본인 여부를 다시 확인해야 합니다. 음, 그건 괜찮아요. 제가 바로 통화받으면 되죠? 네, 가능합니다. 통화에서 입금 계좌와 요청 내용이 맞는지 확인되면 순차적으로 진행됩니다. 그러니까 제가 따로 서류를 보내야 하는 건 아니군요? 현재는 추가 서류 없이 본인 확인만 받으면 됩니다. 아, 알겠어요. 그럼 전화 기다릴게요. 네, 바로 이어서 도와드리겠습니다.",0,A
normal_A_0191,"안녕하세요, 여기는 ○○은행 대출 상담센터입니다. 네, 안녕하세요. 제가 지난주에 대출 승인 문자를 받았는데요, 그다음에 상환은 어떻게 하면 되는지 좀 여쭤보려고요. 아 네, 확인 도와드리겠습니다. 본인 확인을 위해 성함이랑 생년월일 앞자리 말씀 부탁드릴게요. 네, ○○○이고요, 생년월일은 ○○○○년입니다. 감사합니다. 잠시만요, 네, 고객님 대출은 승인 완료로 확인되고요, 자금은 지정하신 계좌로 입금된 상태입니다. 아, 입금됐군요. 네. 상환은 매달 자동이체로 하셔도 되고, 직접 이체로 납부하셔도 됩니다. 이율은 연 ○퍼센트로 적용되고 있고요, 원리금 균등 방식이라 매달 같은 금액이 나가게 됩니다. 아 그럼 중간에 조금 더 갚는 것도 되나요? 네, 가능합니다. 중도상환도 가능하고, 일부 상환하시면 남은 원금 기준으로 이자가 줄어들 수 있습니다. 아 그래요? 그러면 제가 다음 달부터는 자동이체로 바꾸고 싶어요. 네, 도와드릴 수 있습니다. 자동이체 신청은 앱에서도 가능하고, 지금 전화로 접수해드릴 수도 있어요. 저, 그럼 오늘 바로 접수 부탁드릴게요. 네, 알겠습니다. 본인 명의 계좌로만 진행되니 마지막으로 계좌번호 확인 부탁드립니다.",0,A
normal_A_0192,"안녕하세요, ○○은행입니다. 네, 안녕하세요. 제가 이번에 대출 승인받은 거 관련해서 상환 방법 다시 한 번 확인하고 싶어서요. 아 네, 손님. 불편 드려 죄송합니다. 본인 확인 먼저 진행해도 괜찮을까요? 네, 괜찮아요. 성함과 휴대폰 번호 끝 네 자리 부탁드립니다. ○○○이고, 끝 자리는 ○○○○입니다. 네, 감사합니다. 조회해보니 대출이 정상 승인되었고, 자금 집행도 완료된 상태입니다. 상환은 매월 ○일에 납부되도록 설정돼 있고요, 이율은 고정금리로 안내되고 있습니다. 아, 고정이면 금리가 안 바뀌는 거죠? 네, 맞습니다. 다만 연체가 없을 때 기준으로 적용되고, 상환 방식 변경은 별도 신청이 필요합니다. 저 그러니까, 제가 추가로 돈이 생기면 중간에 갚아도 되는 거예요? 네, 가능합니다. 일부 상환 신청을 하시면 남은 기간이 조정될 수 있습니다. 아, 그렇군요. 그럼 상환일 전에 미리 넣어도 되나요? 네, 미리 상환하셔도 되고, 입금 후에는 반영까지 영업일 기준으로 조금 걸릴 수 있습니다. 아 네. 혹시 문자로 안내 한 번 받을 수 있을까요? 네, 가능합니다. 고객님 등록 번호로 상환 안내 문자 보내드리겠습니다.",0,A
normal_A_0193,"안녕하세요, ○○은행 전산팀입니다. 네, 안녕하세요. 제가 아까 납부하려고 접수했는데 아직 처리가 안 된 것 같아서요. 아, 네 손님. 확인 도와드리겠습니다. 본인 확인을 위해 성함 말씀 부탁드립니다. 네, ○○○입니다. 감사합니다. 현재 전산 점검 영향으로 일부 납부 건이 지연되고 있습니다. 아, 전산 문제였군요. 네, 맞습니다. 손님이 접수하신 납부 금액은 정상적으로 들어와 있고요, 다만 시스템 반영이 조금 늦어지고 있어요. 아 그럼 제 돈이 빠진 건 아니죠? 네, 아니고요, 금액은 안전하게 접수되어 있습니다. 전산 복구가 되는 대로 바로 반영될 예정입니다. 아, 다행이네요. 혹시 제가 다시 납부해야 하는 건가 싶어서 걱정했어요. 아니요, 다시 하실 필요 없습니다. 중복 납부가 되지 않도록 관리 중입니다. 다만 혹시 모를 오류 방지를 위해 오늘 안에 문자로 처리 결과를 보내드리겠습니다. 아, 네네. 그럼 조금만 기다리면 되는 거죠? 네, 그렇습니다. 불편을 드려 죄송하고, 전산 정상화되면 순차적으로 접수 순서대로 처리됩니다.",0,A
normal_A_0194,"여보세요, ○○은행입니다. 네, 안녕하세요. 제가 오늘 오전에 납부한 건이 아직 반영이 안 돼서요, 확인 좀 부탁드릴게요. 네, 손님. 본인 확인 먼저 도와드리겠습니다. 성함과 생년월일 말씀해 주세요. 네, ○○○이고, 생년월일은 ○○○○년입니다. 감사합니다. 확인해보니 현재 전산 오류로 일부 납부 금액 반영이 지연되고 있습니다. 아, 그렇군요. 제가 잘못 낸 줄 알고 좀 놀랐네요. 아니에요. 고객님이 접수하신 건은 정상 건이고, 금액도 정확히 들어와 있습니다. 다만 내부 전산 처리 순서가 밀려서 늦게 보이는 상황입니다. 아 그러면 제 계좌에서 이중으로 나간 건 아니죠? 네, 이중 출금은 없습니다. 처리 완료되면 문자로 알려드리고, 필요하시면 납부 확인서도 발급해드릴 수 있습니다. 아, 네. 그럼 오늘 안에는 될까요? 현재로선 오늘 중 반영을 목표로 하고 있습니다. 전산 복구가 되면 순차적으로 처리됩니다. 아 네, 이해했습니다. 안내 감사합니다.",0,A
normal_A_0195,"안녕하세요, 비대면 계좌 개설센터입니다. 네, 안녕하세요. 제가 계좌를 새로 개설하려고 하는데, 준비할 정보가 뭐가 필요한지 궁금해서요. 아 네, 도와드리겠습니다. 먼저 본인 명의 휴대폰으로 진행하셔야 하고, 개인 신분 확인이 가능한 정보가 필요합니다. 아, 명의 확인이 먼저군요. 네. 개설 과정에서는 이름, 생년월일, 주소 같은 기본 정보와 신분증 촬영이 필요합니다. 아, 그럼 주민등록증만 있으면 되는 거예요? 네, 보통은 주민등록증이나 운전면허증 중 하나로 가능하고요, 본인 확인이 끝나면 계좌 개설이 진행됩니다. 개인 정보 입력할 때는 제가 다 적어야 하나요? 네, 일부는 직접 입력하셔야 하고, 일부는 인증 절차로 자동 확인됩니다. 혹시 정보가 틀리면 개설이 안 되나요? 네, 명의와 정보가 일치해야 정상적으로 개설됩니다. 아, 알겠습니다. 그럼 지금 바로 해볼게요. 네, 좋습니다. 진행하시다가 막히는 부분 있으면 전화로 다시 문의해 주세요.",0,A
normal_A_0196,"안녕하세요, ○○은행 비대면 개설 상담입니다. 네, 안녕하세요. 계좌 개설하려고 하는데, 개인 정보 확인이 좀 헷갈려서요. 아 네, 천천히 안내드릴게요. 성함 먼저 말씀해 주시겠어요? 네, ○○○입니다. 감사합니다. 계좌 개설은 본인 명의로만 가능하고, 입력하시는 정보는 신분증과 동일해야 합니다. 아, 명의가 제 이름이랑 같아야 한다는 거죠? 네, 맞습니다. 그리고 휴대폰 인증, 신분증 확인, 주소 확인 순서로 진행됩니다. 아, 생각보다 절차가 있네요. 네, 그렇습니다. 개인 정보 보호를 위해 꼭 필요한 항목만 받고 있어요. 개설 후에는 바로 체크카드 신청도 가능하고, 이용 한도 설정도 함께 하실 수 있습니다. 아 그래요? 그럼 제가 예전에 썼던 번호 말고 지금 번호로 해도 되나요? 네, 본인 인증이 되면 현재 사용 중인 번호로 등록 가능합니다. 아, 네. 혹시 가족 명의로 된 휴대폰이면 안 되죠? 네, 본인 확인이 어려워서 보통은 본인 명의 휴대폰을 권장드립니다. 이해했습니다. 그럼 안내대로 진행해볼게요.",0,A
normal_A_0197,"안녕하세요, 카드 상담센터입니다. 네, 안녕하세요. 제 카드 한도 좀 조회하고, 해외 거래가 가능한지도 알고 싶어서요. 아 네, 확인해드리겠습니다. 본인 확인을 위해 성함과 생년월일 말씀 부탁드립니다. 네, ○○○이고 생년월일은 ○○○○년입니다. 감사합니다. 현재 카드 이용 한도는 ○○만원으로 확인되고요, 국내 거래는 정상 가능하십니다. 아, 해외는요? 해외 거래 가능 여부도 확인되셨고, 해외 이용은 기본적으로 가능하지만 일부 국가나 가맹점은 제한될 수 있습니다. 아 그래요? 제가 다음 달에 여행 가거든요. 그럼 괜찮겠네요? 네, 여행 전 해외 이용 등록만 해두시면 더 원활합니다. 카드 한도도 필요하시면 일시 상향 신청을 해보실 수 있습니다. 아, 일시 상향도 되는군요. 네, 다만 심사 후 가능하고, 거래 내역이나 최근 이용 실적에 따라 달라질 수 있습니다. 아, 이해했어요. 그럼 해외에서 결제하면 문자도 오죠? 네, 대부분 실시간 알림이 갑니다. 혹시 분실 대비해서 이용 정지 설정도 함께 안내드릴까요? 아, 그거 좋네요. 같이 알려주세요.",0,A
normal_A_0198,"안녕하세요, ○○카드입니다. 네, 안녕하세요. 카드 한도랑 해외 거래 가능 여부를 좀 확인하고 싶어요. 아 네, 도와드리겠습니다. 본인 확인 위해 카드 뒷면 숫자 일부랑 성함 부탁드려도 될까요? 네, 성함은 ○○○이고요, 숫자는 ○○○○입니다. 감사합니다. 현재 카드 이용 가능 한도는 남아 있고, 국내 거래는 문제없이 사용 가능하십니다. 해외 거래는 등록 상태에 따라 가능한데, 지금 고객님 카드에는 해외 이용 기능이 열려 있습니다. 아, 진짜요? 네. 다만 해외 오프라인 거래는 현지 승인 절차 때문에 가끔 지연될 수 있어요. 아 그럼 온라인 거래도 되나요? 네, 해외 온라인 거래도 가능하긴 한데, 가맹점에 따라 결제가 거절될 수 있습니다. 아, 이해했어요. 혹시 한도를 조금 더 높일 수 있을까요? 네, 카드 이용 실적 확인 후 신청 가능하고요, 바로 승인되는 건 아닙니다. 아 그렇군요. 그럼 여행 가기 전에 해외 사용 알림만 켜두면 되겠네요. 네, 맞습니다. 원하시면 지금 바로 설정 안내해드리겠습니다.",0,A
normal_A_0199,"안녕하세요, 대출 안내센터입니다. 네, 안녕하세요. 제가 어제 대출금 입금 요청을 했는데, 추가로 본인 확인 통화가 필요하다고 해서요. 아 네, 맞습니다. 요청 건 확인 도와드릴게요. 본인 확인 절차상 통화가 한 번 필요합니다. 성함과 생년월일 말씀 부탁드립니다. 네, ○○○이고 ○○○○년입니다. 감사합니다. 현재 대출 입금 요청은 접수되어 있고요, 지급 전 마지막 확인 단계입니다. 아, 아직 바로 들어오는 건 아니군요. 네. 고객님 명의와 요청 내용이 일치하는지 확인해야 해서 짧게 통화가 필요합니다. 입금 계좌는 본인 명의 맞으실까요? 네, 맞아요. 아, 그럼 오늘 안에 가능할까요? 확인이 완료되면 오늘 중 입금 진행 가능합니다. 다만 통화가 연결되지 않으면 처리가 잠시 보류됩니다. 아 그래서 전화가 온 거였군요. 네, 맞습니다. 요청 내용 다시 한번 안내드리고, 본인 확인 끝나면 바로 진행해드리겠습니다.",0,A
normal_A_0200,"안녕하세요, ○○은행 대출센터입니다. 네, 안녕하세요. 대출 입금 요청했는데 본인 확인 통화를 해야 한다고 해서 연락드렸어요. 아, 네 고객님. 지금 통화 가능하시면 절차 안내드리겠습니다. 성함 말씀해 주시겠어요? 네, ○○○입니다. 감사합니다. 고객님 대출 입금 요청은 접수 완료되었고, 입금 전에 본인 확인이 필요한 상태입니다. 아 네. 이게 혹시 따로 서류 내는 건가요? 아니요, 우선 전화 통화로 확인하고, 필요하면 추가 정보만 안내드립니다. 요청하신 대출은 심사 승인 이후 지급 대기 중이고, 본인 확인이 끝나면 계좌로 입금됩니다. 아, 그럼 지금 확인만 되면 되는 거죠? 네, 맞습니다. 계좌 명의와 요청자 정보가 일치해야 해서 간단히 몇 가지 질문 드릴게요. 아 알겠습니다. 빨리 부탁드려요. 네. 현재 등록된 휴대폰으로 통화 맞으시고, 본인 사용 맞으시면 된다 말씀해 주시면 됩니다. 네, 본인 맞습니다. 감사합니다. 그러면 입금 절차 이어서 진행하겠습니다. 처리 후 문자도 보내드릴게요.",0,A
normal_A_0201,"안녕하세요, 고객님. 대출 심사 결과 확인되셨고요, 이번 건은 승인 완료된 상태입니다. 네, 아 그러면 이제 바로 진행되나요? 네, 다만 자금 입금은 실행일 기준으로 처리되고, 상환은 매달 같은 날짜에 자동이체로 하실 수 있습니다. 음, 이율은 고정으로 잡혀 있는 건가요? 네, 현재 안내드리는 이율은 연 6.2퍼센트이고, 중도상환 수수료는 일정 기간 안에만 적용됩니다. 아 그래요? 그럼 제가 따로 준비할 건 없나요? 예, 본인 명의 계좌만 확인되면 되고요, 상환 방식은 원리금 균등이랑 만기일시 중에서 선택 가능하십니다. 잠시만요, 제가 다시 한 번 말씀드리면, 승인은 완료, 자금은 실행일 입금, 상환은 매월 자동이체로 보시면 됩니다. 네, 감사합니다. 신청해 주신 내용은 문자로도 다시 보내드리겠습니다.",0,A
normal_A_0202,"고객님 안녕하세요, 대출 관련해서 방금 승인 안내 받으셨다고 접수 확인됐습니다. 아, 네네. 그럼 이제 돈이 들어오는 건가요? 네, 자금 입금은 내부 확인 후 순차 처리되며, 상환 일정과 이율 설명까지 함께 안내드리고 있습니다. 음, 상환은 제가 직접 납부하는 건가요? 네, 자동이체로도 가능하고 고객님이 원하시면 매달 직접 납부하실 수도 있습니다. 진짜요? 이율은 나중에 바뀌진 않나요? 현재 적용된 이율은 계약서 기준으로 고정 안내드리고요, 변동형 상품이면 기준금리에 따라 조정될 수 있습니다. 아, 그러면 승인된 금액 전체가 바로 들어오나요? 네, 통장 확인 후 전액 입금 예정입니다. 상환 시작일은 실행 다음 달부터 잡히고, 안내서에 자세히 적혀 있습니다. 네 알겠습니다, 설명 감사합니다.",0,A
normal_A_0203,"안녕하세요, 고객님. 전산 오류가 잠시 있어서 납부 접수 처리에 지연이 발생하고 있습니다. 아 그래요? 저는 이미 납부했는데요. 네, 확인은 됐고 접수는 정상인데 전산 반영이 늦어져서 금액 처리 완료가 조금 늦게 보일 수 있습니다. 음, 그럼 제가 다시 내야 하는 건 아니죠? 아닙니다, 재납부는 하지 않으셔도 됩니다. 현재 납부 금액은 보류 상태로 들어가 있고, 시스템 복구되면 자동 반영될 예정입니다. 아, 다행이네요. 혹시 언제쯤 되나요? 정확한 시간은 아직 어려운데, 전산 점검이 끝나는 대로 바로 처리됩니다. 고객님께서 따로 하실 건 없고요, 접수 내역은 그대로 유지됩니다. 네네, 금액이 이중으로 빠질까 봐 걱정했거든요. 그 부분도 확인해 두었습니다. 안내드린 대로 복구 후 정상 반영될 예정입니다.",0,A
normal_A_0204,"네, 고객님. 현재 은행 전산 쪽에서 일시적인 오류가 있어서 납부 접수 반영이 늦어지고 있습니다. 아, 그래서 미납으로 뜬 건가요? 네, 맞습니다. 실제 납부는 확인됐는데 시스템에 바로 표시가 안 된 상태입니다. 음, 그럼 금액은 정상 처리되는 거죠? 네, 고객님이 결제하신 금액은 보존되어 있고, 전산 복구 후 자동으로 접수 완료 표시가 됩니다. 저는 다시 접수해야 하는 줄 알았어요. 아니요, 다시 하실 필요 없습니다. 혹시 문자나 알림이 먼저 가더라도 중복 납부는 하지 말아 주세요. 아, 알겠습니다. 그럼 이 오류는 고객센터에서 계속 보고 있는 거예요? 네, 관련 부서에서 계속 확인 중이고요, 복구되면 순서대로 반영됩니다. 불편 드려 죄송합니다.",0,A
normal_A_0205,"안녕하세요, 비대면 계좌 개설 관련해서 문의 주셨죠. 네, 맞아요. 제가 지금 진행하려는데 필요한 정보가 뭐가 있나 해서요. 우선 고객님 명의 확인이 먼저 필요하고요, 본인 개인 정보 일부를 확인한 뒤 개설 절차를 이어가게 됩니다. 아, 명의 확인이요? 네, 이름, 주민등록상 정보, 연락처, 그리고 본인 인증이 필요합니다. 음, 다 적어야 하나요? 아닙니다. 화면에 안내되는 항목만 순서대로 입력하시면 되고요, 개인 정보는 고객님 본인 확인 목적 외에는 사용되지 않습니다. 그러니까 신분증도 필요한 거죠? 네, 신분증 촬영과 추가 인증이 필요합니다. 개설 중에 오류가 나면 어떻게 해요? 그럴 때는 접수 이어서 가능하고, 중단된 단계부터 다시 진행하실 수 있습니다. 아, 알겠습니다. 혹시 대리로는 안 되죠? 네, 계좌 개설은 반드시 본인 명의로만 가능하고, 다른 사람 정보로는 진행이 안 됩니다.",0,A
normal_A_0206,"고객님 안녕하세요, 비대면 계좌 개설 도와드리겠습니다. 아 네, 지금 시작하려고 하는데 개인 정보 입력하는 게 좀 많나요? 네, 몇 가지 확인이 필요합니다. 명의가 본인인지 먼저 확인하고, 이어서 이름과 생년월일 같은 기본 정보를 입력하시면 됩니다. 음, 그럼 제가 바로 하면 되는 거죠? 네, 맞습니다. 그리고 개설 과정에서 본인 인증이 한 번 더 들어가고, 신분증 사진 확인도 필요합니다. 아 그래요? 개인정보가 밖으로 새지는 않겠죠? 네, 모든 정보는 개설 처리 목적에만 사용되고 안전하게 저장됩니다. 중간에 주소나 연락처가 예전 거면 수정도 되나요? 네, 본인 명의 정보라면 최신 정보로 수정 가능합니다. 고객님이 입력해 주신 내용은 실시간으로 접수되고, 문제 없으면 바로 개설 승인 단계로 넘어갑니다. 아, 생각보다 간단하네요. 네, 안내에 따라 차근차근 하시면 됩니다.",0,A
normal_A_0207,"안녕하세요, 카드 한도 조회랑 해외 거래 가능 여부 문의 주셨죠. 네, 맞습니다. 제가 지금 카드 이용 내역이랑 한도 좀 보고 싶어서요. 네, 고객님 카드 현재 이용 가능 한도는 확인 가능하고, 국내 거래는 정상적으로 사용 중이십니다. 아, 해외에서도 쓸 수 있나요? 네, 해외 거래 가능 여부는 카드 종류와 사전 등록 상태에 따라 달라집니다. 음, 제가 따로 신청해야 하나요? 네, 해외 이용을 원하시면 별도 설정이 필요할 수 있습니다. 현재 카드 한도는 여유가 있는 편인데, 해외 결제는 기본 차단 상태일 수도 있어서요. 아 그렇군요. 그럼 여행 전에 미리 확인하는 게 좋겠네요? 네, 맞습니다. 출국 전에 해외 이용 가능으로 변경해 두시면 현지에서 카드 거래하실 때 더 편리합니다. 고객님 본인 확인되면 바로 조회 도와드리겠습니다.",0,A
normal_A_0208,"네, 카드 관련 문의 주셨습니다. 혹시 한도랑 해외 거래 가능 여부 같이 확인해 드릴까요? 네, 부탁드려요. 요즘 카드 이용이 조금 많아서요. 알겠습니다. 우선 현재 이용 한도는 아직 남아 있고요, 국내 사용은 문제 없습니다. 음, 해외는 바로 되는 건가요? 카드가 해외 거래 가능으로 설정되어 있는지 확인해야 합니다. 기본적으로는 가능하지만, 보안 설정에 따라 일부 거래가 제한될 수 있습니다. 아, 그러면 제가 해외 결제만 열어 달라고 하면 되나요? 네, 가능합니다. 본인 확인 후 해외 이용을 활성화해 드릴 수 있습니다. 한도 상향도 같이 볼 수 있나요? 네, 가능 여부 확인은 가능하고, 조건에 따라 심사 후 변경됩니다. 고객님이 자주 이용하시는 지역이 있으면 그에 맞춰 안내드리겠습니다.",0,A
normal_A_0209,"안녕하세요, 고객님. 대출금 입금 요청이 접수되긴 했는데, 본인 확인 통화가 한 번 필요합니다. 아, 네. 요청은 넣었는데 또 통화가 필요한가요? 네, 맞습니다. 대출 관련 입금은 보안상 본인 확인을 거친 뒤에만 처리됩니다. 음, 그럼 지금 제가 받으면 되는 거죠? 네, 잠시 본인 확인 통화 진행해 주시면 됩니다. 확인이 끝나면 입금 요청 건이 바로 이어서 처리됩니다. 아 그래요? 제가 준비할 건 없나요? 이름과 생년월일 정도만 확인되면 되고요, 요청 내용과 일치하는지만 보면 됩니다. 대출 입금 일정도 같이 알려주시나요? 네, 본인 확인 완료 후 예상 입금 시점을 안내드리겠습니다. 고객님 통화 가능하시면 지금 바로 진행해도 괜찮습니다.",0,A
normal_A_0210,"고객님 안녕하세요. 방금 대출 입금 요청이 들어와서 확인 연락드렸습니다. 네, 맞아요. 요청 넣었습니다. 아, 다행이네요. 다만 입금 처리 전 본인 확인 통화가 필수라서요, 잠시 확인 몇 가지 드리겠습니다. 음, 알겠습니다. 대출받는 건 처음이라 좀 헷갈리네요. 괜찮습니다. 요청 내역이 고객님 정보와 일치하는지 확인되면 입금 절차로 넘어갑니다. 그러면 오늘 바로 입금되는 건가요? 확인이 끝나면 가능하고, 접수 순서에 따라 처리됩니다. 본인 명의 계좌도 같이 확인해야 하죠? 네, 맞습니다. 계좌 정보까지 확인되면 더 정확합니다. 아, 그럼 지금 통화로 다 끝내면 되는 거네요? 네, 그렇습니다. 본인 확인 후 입금 진행 안내드리겠습니다.",0,A
normal_A_0211,"안녕하세요, 우리은행 상담센터입니다. 네, 안녕하세요. 어제 대출 승인 안내 문자 받았는데요, 그 다음 절차가 어떻게 되는지 좀 여쭤보려고요. 아 네, 고객님 본인 확인부터 도와드리겠습니다. 성함과 생년월일 앞자리 말씀해 주시겠어요? 네, 김민수고요, 9001입니다. 네, 확인되었습니다. 말씀하신 대출은 승인 완료 상태고요, 자금 실행 이후에는 매달 같은 날짜에 자동이체로 상환하실 수 있습니다. 아, 자동이체로 되는 거예요? 네. 원하시면 계좌 이체로 직접 상환도 가능하고, 중도 상환도 가능합니다. 이율은 안내드린 고정 금리 기준으로 적용되는데, 중간에 변동되는 건 아니고요, 약정서에 적힌 이율 그대로예요. 아 그러면 제가 따로 뭘 더 해야 하진 않나요? 네, 입금 계좌만 맞춰 주시면 됩니다. 그리고 첫 회차 상환일은 자금 실행일 기준으로 잡혀서 안내 문자 드릴 예정입니다. 음, 이해됐습니다. 그럼 저는 매달 자동으로 빠져나가는 거 확인만 하면 되겠네요? 맞습니다. 상환 전날 알림도 가고, 계좌 잔액만 조금 여유 있게 두시면 됩니다. 아 네, 친절하게 설명해 주셔서 감사합니다. ㅇㅇ, 혹시 나중에 상환 일정 변경이 필요하시면 언제든지 연락 주세요.",0,A
normal_A_0212,"안녕하세요, 고객님. 한화캐피탈 상담센터입니다. 네, 안녕하세요. 저 대출 승인 난 건 확인했는데요, 상환 방식이 좀 헷갈려서 전화드렸어요. 아 네, 도와드리겠습니다. 먼저 고객님 본인 확인을 위해 주민등록상 성함과 생년월일 확인 부탁드립니다. 네, 이지은이고 8504입니다. 네, 감사합니다. 확인되었습니다. 현재 승인된 대출은 원리금균등 방식이고요, 매달 일정한 금액으로 상환하시면 됩니다. 아, 원리금균등이요? 네, 그러니까 원금이랑 이자가 같이 포함돼서 매달 비슷한 금액이 나가요. 자금 여유가 생기시면 일부를 먼저 갚는 중도 상환도 가능하고, 수수료는 조건에 따라 달라집니다. 음, 그럼 제가 이율을 따로 바꿀 수는 없는 거죠? 네, 이미 승인된 건은 약정 이율이 적용됩니다. 다만 상환 도중에 상품 변경이나 재심사는 별도 심사가 필요합니다. 아 그렇군요. 그럼 자동이체 등록하면 되는 건가요? 네, 맞습니다. 고객님 계좌로 연결해 두시면 첫 상환일에 자동으로 빠져나갑니다. 잔액 부족 시에는 연체가 될 수 있으니 하루 전 확인 부탁드립니다. 아 네, 잘 알겠습니다. 오늘 설명 들으니까 좀 안심이 되네요. 감사합니다.",0,A
normal_A_0213,"안녕하십니까, 국민은행 고객센터입니다. 네, 안녕하세요. 어제 납부했는데 아직 처리 완료가 안 됐다고 떠서요. 전산 문제인가 싶어서 전화드렸어요. 아 네, 불편을 드려 죄송합니다. 고객님 본인 확인 먼저 하겠습니다. 성함과 연락처 뒤 네 자리 말씀 부탁드립니다. 네, 박서준이고 1122입니다. 네, 확인되었습니다. 현재 일부 전산 지연으로 납부 접수는 되었지만 반영이 늦어지고 있는 상황입니다. 아, 접수는 된 거예요? 네, 맞습니다. 납부 금액 자체는 정상적으로 확인되는데, 전산 연동이 늦어져서 화면에 바로 표시가 안 되고 있습니다. 그러면 제가 다시 납부해야 하는 건 아니죠? 네, 중복 납부하실 필요 없습니다. 시스템 복구가 되면 자동 반영됩니다. 음, 그럼 대략 언제쯤 되는지 알 수 있을까요? 현재는 오후 중 순차 반영 예정으로 안내받고 있습니다. 다만 전산 상태에 따라 조금 더 걸릴 수는 있습니다. 아 네, 알겠습니다. 제가 낸 금액은 그대로 유지되는 거죠? 네, 고객님 납부 금액은 안전하게 접수되어 있습니다. 혹시 오늘 중에도 반영이 안 되면 다시 연락 주세요. 아, 감사합니다. 기다려보겠습니다.",0,A
normal_A_0214,"고객님, NH농협은행입니다. 네, 안녕하세요. 납부한 내역이 아직 처리 중이라고 해서요, 제가 잘못한 건가 싶어서요. 아, 그렇지 않으셔도 됩니다. 먼저 본인 확인 도와드리겠습니다. 성함과 생년월일 앞자리 말씀 부탁드릴게요. 네, 정하늘이고 9208입니다. 네, 확인되었습니다. 지금 전산 점검이 있어서 납부 접수는 정상인데 반영이 지연되고 있습니다. 아, 접수는 됐다고요? 네. 고객님께서 입력하신 금액도 맞고요, 계좌 출금도 정상 완료됐습니다. 다만 내부 전산에서 순차 처리 중이라 조회 화면에 바로 안 뜨는 상태예요. 음, 그럼 제가 따로 다시 넣을 필요는 없네요? 네, 절대 재납부하실 필요 없습니다. 혹시 이중 납부되면 더 번거로우실 수 있어서요. 아 네, 다행이네요. 그럼 오늘 안에만 반영되면 되는 거죠? 네, 보통 오늘 중으로 처리되지만, 시스템 복구 상황에 따라 내일로 넘어갈 수도 있습니다. 고객님께는 문자로 안내도 드릴 예정입니다. 아, 문자까지 주시면 좋겠네요. 네, 불편 드려 죄송하고요, 혹시 내일까지도 미반영이면 다시 확인해 드리겠습니다.",0,A
normal_A_0215,"안녕하세요, 비대면 계좌개설 상담입니다. 네, 안녕하세요. 제가 모바일로 계좌 개설하려고 하는데 중간에 자꾸 멈춰서요. 아 네, 도와드리겠습니다. 우선 명의 확인을 위해서 고객님 정보 입력이 필요합니다. 성함과 생년월일, 휴대폰 인증까지 진행하셔야 해요. 음, 네. 제가 개인 정보 넣는 화면에서 좀 헷갈렸거든요. 아 그러셨군요. 계좌 개설은 본인 명의로만 가능하고, 타인 명의나 가족 정보로는 진행이 안 됩니다. 네, 그건 알고 있어요. 근데 주소랑 직업 정보도 꼭 다 넣어야 하나요? 네, 일부 개인 정보는 금융거래 목적 확인을 위해 필수입니다. 특히 주소, 연락처, 직업군은 정확히 입력해 주셔야 하고요, 입력하신 정보가 신분증과 다르면 개설이 제한될 수 있습니다. 아, 그러면 신분증 사진도 다시 찍어야 하나요? 화면이 흐리게 나왔거든요. 네, 선명하게 다시 촬영해 주시는 게 좋습니다. 얼굴 인식이랑 명의 확인이 같이 돼야 하거든요. 음, 알겠습니다. 제가 본인 명의로 다시 천천히 해볼게요. 네, 그렇게 해주시면 됩니다. 진행 중 막히는 부분 있으면 다시 전화 주세요. 네, 감사합니다. 아, 친절하게 알려주셔서요.",0,A
normal_A_0216,"안녕하세요, 계좌개설 상담센터입니다. 네, 안녕하세요. 비대면으로 계좌를 만들고 있는데 정보 확인 단계에서 자꾸 다시 돌아가요. 아 네, 확인 도와드리겠습니다. 본인 명의 개설이 맞으신지 먼저 여쭤봐도 될까요? 네, 제 명의로 하려고요. 네, 감사합니다. 개설 과정에서는 개인 정보와 명의 일치 여부를 확인해야 해서 주민등록증 정보, 휴대폰 인증, 그리고 계좌 개설 목적을 입력하셔야 합니다. 아, 목적도 적어야 하는군요? 네. 보통 급여, 생활비, 저축 같은 항목 중에 선택하시면 됩니다. 그 외에도 이름, 생년월일, 주소 같은 정보가 신분증과 일치해야 합니다. 음, 제가 주소를 옛날 걸로 적었을 수도 있어요. 아, 그럼 그 부분 때문에 중단됐을 가능성이 있습니다. 개인 정보가 불일치하면 개설이 바로 안 돼서요. 그러면 수정하고 다시 하면 되겠네요? 네, 맞습니다. 사진 인증까지 끝나면 개설 완료됩니다. 혹시 서류가 더 필요한 건 없나요? 현재는 기본 인증만으로 가능하고, 추가 서류는 필요하지 않습니다. 아 네, 알겠습니다. 다시 입력해 볼게요. 네, 천천히 진행해 보시고 어려우시면 언제든 연락 주세요.",0,A
normal_A_0217,"안녕하세요, 카드고객센터입니다. 네, 안녕하세요. 제 카드 한도랑 해외 거래 가능 여부 좀 확인하려고요. 아 네, 고객님 본인 확인 먼저 도와드리겠습니다. 성함과 생년월일 말씀 부탁드립니다. 네, 이도윤이고 8806입니다. 네, 확인되었습니다. 현재 카드 이용 한도는 확인 가능하고요, 기본 한도는 300만 원으로 설정돼 있습니다. 아, 한도는 아직 괜찮네요. 해외에서 쓸 때도 거래 가능할까요? 네, 해외 거래는 기본적으로 차단 설정이 되어 있을 수 있어서요. 지금은 국내 이용만 가능으로 되어 있습니다. 아 그러면 제가 해외 나갈 때 따로 신청해야 하나요? 네, 맞습니다. 출국 전에 해외 이용을 신청하시면 카드 거래 가능 국가와 기간을 지정해서 열어드릴 수 있습니다. 음, 그럼 수수료 같은 것도 있나요? 해외 이용 시에는 환전 수수료와 해외 승인 수수료가 발생할 수 있습니다. 다만 카드 종류에 따라 조금씩 다릅니다. 아 그래요? 제가 이번 주에 바로 나가는데 오늘 신청 가능할까요? 네, 가능합니다. 본인 확인 후 바로 처리 도와드릴 수 있습니다. 카드 이용 한도도 같이 조정 원하시면 안내드리겠습니다. 아 네, 부탁드릴게요. 감사합니다.",0,A
normal_A_0218,"안녕하세요, 카드 상담센터입니다. 네, 안녕하세요. 제 카드로 해외 거래가 되는지 궁금해서요. 그리고 한도도 좀 봐주실 수 있나요? 아 네, 물론입니다. 우선 본인 확인을 위해 성함과 생년월일 확인 부탁드립니다. 네, 김서연이고 9103입니다. 네, 감사합니다. 현재 카드 이용 한도는 정상이고, 국내 거래는 문제없이 가능하십니다. 다만 해외 거래는 지금 임시로 제한되어 있습니다. 아, 아예 안 되는 건가요? 네, 고객님 요청에 따라 보안상 잠시 막아 둔 상태예요. 해외에서 사용하실 계획이 있으시면 제가 바로 가능 상태로 변경해 드릴 수 있습니다. 음, 그럼 온라인 결제도 해외 거래로 잡히나요? 네, 해외 가맹점으로 승인되면 같은 방식으로 처리됩니다. 카드 종류에 따라 이용 범위가 달라서, 필요하신 국가나 기간 말씀해 주시면 맞게 설정해 드립니다. 아 네, 그럼 다음 주 출장 때문에 열어두고 싶어요. 가능합니다. 한도는 유지하고 해외 거래만 허용하도록 설정 도와드리겠습니다. 설정 완료되면 문자로 안내 드릴게요. 아, 감사합니다. 이런 거 직접 바꿀 수 있어서 편하네요.",0,A
normal_A_0219,"안녕하세요, 대출금 입금 안내센터입니다. 네, 안녕하세요. 제가 대출금 입금 요청을 넣었는데 아직 처리 안 됐다고 해서 전화드렸어요. 아 네, 확인해 드리겠습니다. 우선 본인 확인을 위해 성함과 생년월일 말씀 부탁드립니다. 네, 최준호고 8609입니다. 네, 확인되었습니다. 고객님 요청은 접수되어 있습니다. 다만 대출금 입금은 본인 확인 통화 절차가 완료되어야 최종 진행됩니다. 아, 통화가 한 번 더 필요한 거예요? 네, 맞습니다. 계좌 정보와 요청 내용이 일치하는지 확인해야 해서요. 음, 그럼 제가 지금 전화로만 확인하면 되는 거죠? 네. 추가 서류는 없고, 본인 확인만 되면 입금 일정 안내를 드릴 수 있습니다. 아, 알겠습니다. 입금 요청 금액은 그대로 맞나요? 네, 현재 접수된 금액은 맞고요, 확인 완료 후 지정하신 계좌로 입금됩니다. 혹시 제가 다른 번호로 전화드려도 되나요? 본인 확인은 이 통화에서 진행되는 게 가장 빠릅니다. 아 네, 그럼 지금 바로 하죠. 감사합니다.",0,A
normal_A_0220,"안녕하세요, 대출 입금 접수 건으로 연락드렸습니다. 네, 안녕하세요. 어제 대출 입금 요청했는데 아직 안 들어와서요. 아 네, 불편드려 죄송합니다. 고객님 본인 확인부터 진행하겠습니다. 성함과 휴대폰 번호 뒤 네 자리 말씀 부탁드립니다. 네, 박지훈이고 3344입니다. 네, 확인되었습니다. 현재 대출 입금 요청은 접수되어 있는데, 최종 진행 전 본인 확인 통화가 필요합니다. 아, 그 절차를 아직 안 끝냈군요. 네, 맞습니다. 고객님 요청 내역과 계좌 정보가 일치하는지 확인해야 해서요. 음, 그럼 통화 오래 걸리진 않죠? 오래 걸리지는 않습니다. 몇 가지 확인만 끝나면 입금 진행 가능 여부 바로 안내드리겠습니다. 대출 금액은 요청하신 그대로 맞고요, 입금 일정은 확인 후 잡히게 됩니다. 아, 알겠습니다. 그럼 지금 말씀드리면 되는 거죠? 네, 가능합니다. 본인 확인되면 처리 도와드릴게요. 아 네, 감사합니다. 빨리 확인하고 싶었어요. 이해합니다. 차근차근 진행하겠습니다.",0,A
normal_A_0221,"안녕하세요, 여기는 은행 상담센터입니다. 무엇을 도와드릴까요? 아, 네. 어제 대출 심사 결과가 나온다고 해서 전화드렸거든요. 네, 확인 도와드리겠습니다. 본인 확인 먼저 진행할게요. 성함이랑 생년월일 말씀 부탁드립니다. 아, 네. 제가 김○○이고, 생년월일은 ○○년 ○월 ○일입니다. 네, 확인되었습니다. 말씀하신 대출은 정상 승인되셨고, 자금은 오늘 기준으로 안내드린 계좌로 입금 예정입니다. 아 그래요? 그러면 상환은 어떻게 하면 되나요? 네, 상환 방법은 자동이체, 가상계좌, 앱 이체 세 가지로 가능하고요, 매월 같은 날짜에 납부하시면 됩니다. 이율은 고정형 기준 연 ○○퍼센트로 적용되셨고, 중도 상환을 하셔도 별도 수수료는 없습니다. 아, 중도 상환도 되는군요. 네, 다만 일부 상환을 하실 경우에는 잔여 원금이 줄어들어서 다음 달 이자가 함께 조정됩니다. 음, 그럼 제가 급할 때 조금씩 갚아도 되는 거죠? 네, 맞습니다. 자금 여유가 생기실 때마다 상환하시면 되고, 원하시면 상환 스케줄도 문자로 보내드릴게요. 아, 좋습니다. 그럼 문자 부탁드릴게요. 네, 바로 발송 도와드리겠습니다.",0,A
normal_A_0222,"여보세요, 은행 고객센터 맞나요? 아 네, 맞습니다. 무엇을 도와드릴까요? 제가 지난주에 대출 승인 안내를 받았는데, 상환 방식이 좀 헷갈려서요. 아, 네. 확인해 드리겠습니다. 우선 본인 확인 부탁드립니다. 네, 생년월일하고 연락처 말씀드릴게요. 음, 확인되셨습니다. 고객님 대출은 승인 완료 상태이고, 자금 실행 후에는 약정한 날짜에 상환이 시작됩니다. 이율은 변동형으로 안내되었는데, 기준금리에 따라 조금씩 달라질 수 있어요. 아, 그럼 매달 내는 금액이 바뀔 수도 있겠네요? 네, 맞습니다. 다만 변동 폭은 크지 않고, 안내문에 상환 예시가 같이 나가 있습니다. 혹시 한 번에 다 갚는 것도 가능한가요? 네, 가능합니다. 중도 상환은 가능하고, 일부 금액만 먼저 상환하셔도 됩니다. 아, 그러면 제가 월급 들어오면 일부씩 넣어도 되겠네요. 그렇죠. 자금 사정에 맞춰서 상환하시면 됩니다. 그리고 처음 납부일 전에 자동이체를 신청해 두시면 편하실 거예요. 알겠습니다. 그럼 자동이체 신청도 같이 안내받고 싶어요. 네, 가능합니다. 신청 절차 문자로 보내드리고, 필요하시면 상담원이 다시 연락드리겠습니다.",0,A
normal_A_0223,"안녕하세요, 고객님. 은행 전산 관련 문의 맞으실까요? 아 네, 맞아요. 제가 납부를 했는데 처리가 아직 안 됐다고 떠서요. 네, 불편을 드려 죄송합니다. 현재 전산 점검이 일부 진행 중이라 접수는 되었지만 납부 반영이 조금 지연되고 있습니다. 아, 그러면 제가 잘못한 건 아니고요? 네, 아닙니다. 고객님 건은 정상 접수된 상태고, 시스템 반영만 늦어지는 상황입니다. 금액은 확인되셨고요, 거래 자체는 이상 없습니다. 아 그러면 언제쯤 처리되나요? 보통 전산 복구 후 순차 반영되는데, 오늘 안으로 확인되는 경우가 많습니다. 음, 알겠습니다. 혹시 제가 다시 따로 납부해야 하나 걱정됐거든요. 아니요, 중복 납부는 하지 않으셔도 됩니다. 이미 접수된 내역이 있어서요. 필요하시면 처리 완료되면 문자로 안내드릴 수도 있습니다. 아, 그럼 문자 부탁드려요. 네, 남겨주신 번호로 안내드리겠습니다. 혹시 같은 금액이 두 번 빠져나간 것처럼 보이더라도 최종 정산 전에는 그렇게 보일 수 있으니 조금만 기다려 주세요. 아 네, 이해했습니다. 불편하지만 기다려보겠습니다.",0,A
normal_A_0224,"여보세요, 은행인데요? 네, 안녕하세요. 제가 납부를 했는데 전산에 안 잡혀서요. 아, 그러셨군요. 바로 확인해 드리겠습니다. 본인 확인 먼저 부탁드릴게요. 네, 이름하고 생년월일 말씀드리면 되죠? 네, 감사합니다. 확인되었습니다. 현재 전산 오류로 접수된 건은 맞는데, 납부 내역이 시스템에 완전히 반영되지 않은 상태입니다. 아, 그럼 제 금액은 안전한 건가요? 네, 걱정 안 하셔도 됩니다. 고객님 금액은 접수 확인이 되어 있고, 처리만 지연되는 상황입니다. 전산 복구가 완료되면 자동 반영됩니다. 진짜요? 그럼 제가 다시 내는 건 아니죠? 네, 다시 납부하실 필요 없습니다. 혹시 화면에 미납처럼 보여도 중복 납부는 피하셔야 해요. 알겠습니다. 제가 오늘 다시 확인해 보면 될까요? 네, 오후 이후에 한 번 확인해 보시면 좋고요, 원하시면 저희가 접수 번호 기준으로 다시 안내드릴 수 있습니다. 아, 그러면 접수 번호 문자로 받을 수 있을까요? 네, 가능합니다. 바로 보내드리겠습니다.",0,A
normal_A_0225,"안녕하세요, 은행 상담센터입니다. 무엇을 도와드릴까요? 아, 제가 어제 계좌 개설 신청을 했는데요, 진행 상황이 궁금해서 전화드렸어요. 네, 확인 도와드리겠습니다. 본인 확인을 위해 성함과 생년월일 부탁드립니다. 네, ○○○이고요, ○○년 ○월 ○일입니다. 감사합니다. 비대면 계좌 개설은 현재 서류와 정보 확인 절차가 진행 중입니다. 명의 확인이 완료되어야 최종 개설이 가능해요. 아, 명의 확인이요? 네. 고객님이 입력하신 개인 정보와 신분증 정보가 일치하는지 보는 절차입니다. 혹시 정보가 하나라도 다르면 다시 확인이 필요합니다. 그러니까 주소나 연락처 같은 것도 확인하나요? 네, 맞습니다. 개설 과정에서 개인 연락처, 주소, 직장 정보 중 일부를 추가로 확인할 수 있습니다. 아 그래요? 제가 중간에 사진을 다시 올렸거든요. 네, 확인되었습니다. 현재는 심사 단계이고, 명의 이상이 없으면 오늘 중으로 개설 완료 안내가 나갈 예정입니다. 음, 다행이네요. 그럼 제가 따로 뭘 더 해야 하나요? 지금은 추가로 하실 건 없고요, 안내 문자에 따라 본인 확인만 한 번 더 진행해 주시면 됩니다.",0,A
normal_A_0226,"여보세요, 은행 고객센터 맞나요? 네, 맞습니다. 무엇을 도와드릴까요? 제가 비대면으로 계좌 개설하려고 하는데, 자꾸 본인 확인에서 멈춰서요. 아, 네. 불편을 드려 죄송합니다. 우선 이름과 생년월일, 그리고 휴대폰 번호로 명의 확인을 도와드릴게요. 네, 말씀드릴게요. 아, 확인되었습니다. 고객님은 개인 정보 입력은 되어 있는데, 신분증 촬영본과 현재 입력 정보가 조금 다르게 보여서 재확인이 필요한 상태예요. 아, 제가 주소를 예전 걸로 넣었나 봐요. 그럴 수 있습니다. 개설 과정에서는 주소, 연락처, 직업 같은 정보가 일치해야 정상적으로 진행됩니다. 그러니까 수정하면 되는 거죠? 네, 맞습니다. 정보 수정 후 다시 제출하시면 되고, 재확인 완료되면 개설이 진행됩니다. 혹시 명의 도용 같은 건 아닌가요? 지금 확인된 바로는 그런 정황은 없고요, 단순 정보 불일치로 보입니다. 아, 다행이다. 그럼 제가 수정하고 다시 해볼게요. 네, 그렇게 해주시면 됩니다. 필요하시면 제가 화면 진행 순서도 다시 안내드릴게요.",0,A
normal_A_0227,"안녕하세요, 카드 상담센터입니다. 무엇을 도와드릴까요? 아, 제가 카드 한도 좀 확인하려고요. 네, 가능합니다. 본인 확인 먼저 도와드릴게요. 네, 이름 말씀드리면 되죠? 네, 감사합니다. 확인되었습니다. 현재 고객님 카드 이용 한도는 일시적으로 일부 여유가 있고, 평소 이용 실적에 따라 조정 가능합니다. 아, 해외 거래도 가능할까요? 네, 해외 거래 가능 여부는 카드 종류와 보안 설정에 따라 달라집니다. 고객님 카드는 현재 해외 이용이 기본 차단은 아니고, 필요 시 앱에서 설정하시면 됩니다. 진짜요? 그러면 제가 여행 갈 때 그냥 써도 되나요? 네, 해외 가맹점 거래는 가능하지만, 출국 전에 해외 이용 등록을 해두시면 더 원활합니다. 아, 등록 안 하면 안 되는 경우도 있나요? 네, 간혹 보안상 일시 제한이 걸릴 수 있습니다. 그리고 일부 국가에서는 비자나 마스터 계열 가맹점만 이용 가능한 경우도 있어요. 아 그렇구나. 그럼 한도는 따로 올릴 수 있나요? 네, 소득 확인 후 한도 상향 신청이 가능하고, 심사 결과에 따라 달라집니다. 아, 알겠습니다. 그럼 앱으로 신청해볼게요.",0,A
normal_A_0228,"여보세요, 카드사죠? 네, 맞습니다. 무엇을 도와드릴까요? 제가 이번 달 카드 이용 한도랑 해외 거래 가능 여부를 알고 싶어서요. 아, 네. 확인해 드리겠습니다. 먼저 본인 확인 부탁드립니다. 네, 생년월일하고 연락처 말씀드릴게요. 감사합니다. 확인되었습니다. 고객님 카드의 현재 이용 한도는 정상이고, 남은 한도도 일부 있습니다. 아, 그럼 지금 해외 거래도 가능한가요? 네, 가능하긴 한데 해외 이용 설정이 꺼져 있으면 승인 안 될 수 있습니다. 아 그래요? 제가 다음 주에 해외를 가서요. 그럼 출국 전에 해외 거래 허용으로 바꿔두시면 됩니다. 앱에서 직접 변경 가능하고, 전화로도 안내드릴 수 있어요. 음, 해외에서 소액 결제만 해도 되죠? 네, 소액 거래도 가능하지만 결제망에 따라 가끔 보안 확인이 뜰 수 있습니다. 아, 그러면 미리 등록하는 게 낫겠네요. 맞습니다. 그리고 한도는 여행 기간에 맞춰 임시로 조정도 가능한데, 그건 별도 심사가 있습니다. 알겠습니다. 그럼 해외 이용 등록부터 해보겠습니다. 네, 진행 중에 어려우시면 다시 전화 주세요.",0,A
normal_A_0229,"안녕하세요, 은행 대출 상담입니다. 무엇을 도와드릴까요? 아 네, 제가 대출금 입금 요청을 했는데요, 언제 들어오는지 궁금해서요. 네, 확인해 드리겠습니다. 본인 확인을 위해 성함과 생년월일 부탁드립니다. 네, ○○○이고 ○○년 ○월 ○일입니다. 감사합니다. 접수된 대출 입금 요청은 확인되었고요, 다만 본인 확인 통화 절차가 완료되어야 최종 실행이 가능합니다. 아, 통화 절차가 꼭 필요한가요? 네, 고객님 확인 없이 입금이 진행되면 안 되어서 절차상 필요합니다. 요청 자체는 접수되어 있고, 확인만 마치면 진행됩니다. 그럼 지금 전화로 확인하면 되나요? 네, 지금 바로 가능합니다. 몇 가지 질문 드리고, 답변 확인되면 입금 처리 안내드리겠습니다. 아, 알겠습니다. 제가 준비하고 있으면 되죠? 네, 맞습니다. 고객님 요청하신 대출은 심사 결과에 따라 승인된 상태이고, 입금은 확인 후 순차 진행됩니다. 음, 그럼 확인 끝나면 바로 들어오나요? 네, 보통 빠르게 처리되지만 상황에 따라 당일 또는 익일로 달라질 수 있습니다. 아, 네. 그럼 본인 확인 질문 주세요.",0,A
normal_A_0230,"여보세요, 대출 상담센터인가요? 네, 맞습니다. 무엇을 도와드릴까요? 제가 대출 입금 요청을 넣었는데 아직 안 들어와서요. 아, 네. 확인해 보겠습니다. 먼저 본인 확인 통화가 필요합니다. 성함과 생년월일 부탁드립니다. 네, 말씀드릴게요. 확인되었습니다. 고객님 건은 입금 요청이 접수되어 있고, 현재 추가 본인 확인 절차만 남아 있습니다. 아, 왜 통화를 또 해야 하나요? 대출금은 민감한 거래라서요, 본인 요청이 맞는지 확인해야 합니다. 그러니까 제가 신청한 거 맞는지 다시 보는 거군요. 네, 맞습니다. 확인이 끝나면 입금 진행이 가능하고, 필요하면 문자로 결과도 안내드립니다. 아, 그럼 제가 지금 답변하면 되는 거죠? 네, 간단한 질문 몇 가지 확인 후 바로 처리 도와드리겠습니다. 현재 신청하신 금액과 입금받을 계좌 정보가 맞는지만 확인되면 됩니다. 알겠습니다. 그럼 바로 진행해주세요. 네, 감사합니다. 하나씩 확인해 드리겠습니다.",0,A
normal_A_0231,"안녕하세요, 상담센터입니다. 네, 안녕하세요. 이번에 대출 심사가 승인됐다고 연락받아서요. 아, 네 고객님, 승인 완료되신 건 맞습니다. 그러면 이제 상환 방법이랑 이율 안내드리면 될까요? 네, 부탁드려요. 우선 대출 자금은 오늘 기준으로 지정하신 계좌로 입금 완료됐고요, 상환은 매월 같은 날짜에 자동이체로 진행하실 수 있습니다. 음, 자동이체 말고 직접 납부도 되나요? 네, 가능하십니다. 모바일뱅킹이나 창구 납부도 가능하시고, 중도상환을 원하실 때는 수수료가 일부 달라질 수 있어서 그때 다시 확인해 드리면 됩니다. 이율은 어떻게 되나요? 현재 적용 이율은 연 4점2퍼센트로 안내드리고 있고, 신용도나 거래 조건에 따라 변동될 수 있습니다. 아, 그렇군요. 그럼 첫 상환일은 언제예요? 네, 자금 실행일 기준으로 다음 달 같은 날짜가 첫 상환일입니다. 혹시 이해 안 되시는 부분 있으면 제가 다시 설명드릴게요. 네, 지금은 괜찮습니다. 감사합니다. 네, 이용해 주셔서 감사합니다.",0,A
normal_A_0232,"여보세요, 상담원입니다. 네, 안녕하세요. 대출 승인 연락을 받았는데요, 상환 방식이 좀 궁금해서 전화드렸어요. 아, 고객님 승인되신 내용 확인됐습니다. 바로 안내드릴게요. 대출 자금은 이미 실행되어 계좌로 들어가셨고, 상환은 원리금 균등 방식으로 진행됩니다. 원리금 균등이요? 네, 매달 내시는 금액이 비슷하게 유지되는 방식입니다. 이율은 처음 안내받은 그대로 적용되는 거죠? 현재는 연 5퍼센트로 적용 중이고, 별도 조건 변경 없으면 동일하게 유지됩니다. 그럼 상환일은 제가 지정할 수 있나요? 네, 일부 날짜 범위 안에서는 조정 가능하십니다. 다만 첫 달은 승인일 기준으로 자동 설정돼서, 이후에 변경 요청을 주시면 심사 후 반영됩니다. 아, 네. 혹시 중간에 여유 생기면 더 갚는 것도 되나요? 가능합니다. 추가 상환도 가능하고, 남은 자금 상황에 따라 이자 부담이 줄어들 수 있습니다. 그건 나중에 다시 문의드려도 되겠네요. 네, 언제든지요. 설명 감사해요. 네, 편하게 연락 주세요.",0,A
normal_A_0233,"안녕하세요, 은행 전산팀입니다. 네, 안녕하세요. 제가 오늘 납부를 했는데 처리가 안 된 것 같아서요. 아, 불편 끼쳐 드려 죄송합니다. 현재 전산 시스템 오류로 일부 납부 건 접수가 지연되고 있습니다. 아, 그래요? 제가 금액은 이미 보냈거든요. 네, 고객님 금액은 정상적으로 확인되는데 전산 반영이 늦어지고 있어서 바로 처리되지 않은 상태입니다. 접수는 된 거 맞나요? 네, 접수 자체는 되어 있고요, 순차적으로 반영 중입니다. 그러면 제가 따로 다시 납부해야 하나요? 아니요, 재납부는 하지 않으셔도 됩니다. 중복 납부가 될 수 있어서요. 혹시 언제쯤 확인될까요? 현재 복구 작업이 진행 중이라 최대한 빠르게 처리하고 있습니다. 완료되면 문자로 안내드리겠습니다. 아, 네, 알겠습니다. 기다려보면 되는 거죠? 네, 맞습니다. 납부 내역이 누락되지 않도록 끝까지 확인해 드리겠습니다.",0,A
normal_A_0234,"안녕하세요, 은행 고객센터입니다. 네, 여보세요. 오늘 납부한 건이 반영이 안 돼서 문의드렸어요. 네, 확인해 보겠습니다. 현재 전산 쪽 지연이 있어서 일부 접수가 늦어지고 있습니다. 아, 그렇군요. 금액은 이미 이체했는데요. 네, 고객님 금액은 정상 수신됐고, 전산상 완료 표시가 늦게 뜨는 상황입니다. 그러면 납부 취소된 건 아니죠? 네, 취소된 건 아니고 접수 대기 상태로 보시면 됩니다. 혹시 제가 할 수 있는 건 없나요? 지금은 별도 조치 없이 기다려 주시면 됩니다. 전산 복구 후 자동 반영됩니다. 아, 네. 그럼 확인되면 따로 연락 주시나요? 네, 문자나 알림으로 안내드릴 예정입니다. 불편 드려 죄송합니다. 네, 알겠습니다. 감사합니다.",0,A
normal_A_0235,"안녕하세요, 비대면 계좌 개설 상담입니다. 네, 안녕하세요. 계좌 개설하려고 하는데요, 절차가 어떻게 되나요? 네, 고객님, 비대면 개설은 본인 확인부터 진행됩니다. 먼저 명의 확인을 위해 이름이랑 생년월일, 휴대폰 정보가 필요하고요. 아, 개인 정보 말씀이시죠? 네, 맞습니다. 개인 정보는 계좌 개설 심사와 인증에만 사용됩니다. 그럼 지금 제 명의로만 가능한 거예요? 네, 맞습니다. 타인 명의로는 개설이 불가능하고 본인 명의 확인이 우선입니다. 음, 필요한 서류도 있나요? 기본적으로는 신분증 촬영과 본인 얼굴 인증이 필요하고, 추가 정보는 안내 화면에 따라 입력해 주시면 됩니다. 아, 절차가 꽤 간단하네요. 네, 어렵지 않게 진행하실 수 있습니다. 중간에 오류가 나면 다시 처음부터 해야 하나요? 아니요, 저장된 단계부터 이어서 가능하니 걱정하지 않으셔도 됩니다. 알겠습니다. 바로 시작해볼게요.",0,A
normal_A_0236,"여보세요? 네, 계좌 개설 문의 주셔서 감사합니다. 비대면으로 진행 도와드릴게요. 아, 네. 제가 개인 정보 입력하는 단계에서 조금 헷갈려서요. 네, 천천히 안내드리겠습니다. 먼저 개설하실 분의 명의가 본인 맞는지 확인해야 하고요, 이름과 주소, 연락처 같은 기본 정보가 필요합니다. 본인 명의로만 되는 거죠? 네, 맞습니다. 계좌 개설은 개인 명의 기준으로 진행됩니다. 그럼 가족 거는 안 되고요? 네, 타인 정보로는 진행이 어렵습니다. 아, 알겠습니다. 신분증 사진도 꼭 올려야 하나요? 네, 본인 확인을 위해 필요합니다. 사진이 흐리면 다시 요청드릴 수 있어요. 그러면 제가 지금 바로 해볼게요. 네, 진행하시다가 막히면 다시 전화 주셔도 됩니다. 친절하게 알려주셔서 감사합니다. 네, 좋은 하루 되세요.",0,A
normal_A_0237,"안녕하세요, 카드 상담센터입니다. 네, 안녕하세요. 제가 카드 한도 조회 좀 하고 싶은데요. 네, 가능합니다. 고객님 카드 이용 가능 한도와 해외 거래 가능 여부까지 같이 확인해 드릴게요. 아, 좋아요. 지금 국내에서는 잘 쓰고 있는데 해외에서도 되는지 궁금해서요. 네, 현재 카드 상태는 정상이고 해외 거래도 가능으로 확인됩니다. 다만 국가나 가맹점에 따라 제한이 있을 수 있습니다. 한도는 얼마나 남아 있나요? 현재 이용 가능한 잔여 한도는 대략 백오십만 원 정도로 보입니다. 음, 생각보다 괜찮네요. 혹시 제가 해외에서 쓰려면 따로 신청해야 하나요? 네, 일부 고객님은 해외 이용 등록을 별도로 하시기도 하는데, 고객님 카드에는 이미 설정되어 있습니다. 아, 그러면 바로 써도 되는 거네요? 네, 맞습니다. 출국 전 결제 알림만 켜두시면 더 편하실 거예요. 감사합니다, 바로 확인해 주셔서요. 네, 이용해 주셔서 감사합니다.",0,A
normal_A_0238,"네, 카드센터입니다. 여보세요, 카드 한도랑 해외 거래 가능 여부 좀 보고 싶어서요. 네, 확인 도와드리겠습니다. 우선 고객님 카드의 이용 상태부터 보겠습니다. 아, 네. 지금 국내 거래는 잘 되고 있는데 해외도 가능할까요? 네, 가능합니다. 해외 거래 가능으로 설정되어 있고, 온라인 결제도 일부 가맹점에서는 가능합니다. 한도는 넉넉한 편인가요? 현재 남아 있는 이용 한도는 약 이백만 원 정도입니다. 오, 다행이네요. 제가 다음 달에 여행 가는데 그때 쓰려거든요. 아, 그렇다면 출국 전에 한 번 더 확인하시면 좋습니다. 해외에서 카드가 안 되는 경우도 있나요? 네, 가맹점 시스템이나 지역 제한 때문에 일시적으로 안 될 수는 있습니다. 그럴 때는 고객센터로 다시 연락 주시면 됩니다. 알겠습니다. 설명 들으니까 마음이 놓이네요. 네, 편하게 사용하시면 되고, 이상 거래 알림도 같이 설정해 드릴 수 있습니다.",0,A
normal_A_0239,"안녕하세요, 여신 상담실입니다. 네, 안녕하세요. 대출금 입금 요청을 했는데, 입금이 바로 안 된다면서요? 네, 고객님, 요청은 접수됐습니다. 다만 본인 확인 통화 절차가 한 번 더 필요해서요. 아, 통화요? 네, 대출금은 민감한 거래라서 본인 확인이 완료되어야 입금 진행이 가능합니다. 어떤 걸 확인하면 되나요? 성함, 생년월일, 그리고 신청하신 연락처 확인이 필요합니다. 음, 알겠습니다. 제 정보 말씀드리면 되죠? 네, 맞습니다. 확인되면 바로 입금 절차로 넘겨드릴 수 있습니다. 그럼 지금 통화로 다 끝나는 건가요? 네, 본인 확인만 정상적으로 되면 입금은 빠르게 처리됩니다. 아, 네. 그럼 바로 말씀드릴게요. 감사합니다.",0,A
normal_A_0240,"여보세요, 대출 상담센터입니다. 네, 안녕하세요. 대출금 입금 요청 넣었는데 아직 안 들어와서 전화드렸어요. 네, 고객님 요청은 확인됐습니다. 그런데 입금 전에 본인 확인 통화가 필요합니다. 아, 아예 통화를 해야 하는 거군요. 네, 맞습니다. 대출 관련 입금은 본인 확인 후 진행해야 해서요. 그럼 제가 지금 받는 전화가 그 통화 맞나요? 네, 지금 진행 중인 통화로 확인 절차를 거치면 됩니다. 성함이랑 생년월일 말씀해 주실 수 있을까요? 네, 잠시만요. 음, 제 이름은, 그러니까 홍길동이고 생년월일은 이천이년 삼월 삼일입니다. 네, 확인되었습니다. 요청하신 입금은 정상 접수 상태고요, 본인 확인 완료 후 순차적으로 처리됩니다. 아, 다행이네요. 그러면 얼마나 걸릴까요? 처리량에 따라 조금 차이는 있지만 최대한 빠르게 반영해 드리겠습니다. 네, 안내 감사합니다.",0,A
normal_A_0241,"안녕하세요, 상담센터입니다. 무엇을 도와드릴까요? 아 네, 제가 어제 대출 심사 결과 문자를 받았는데요, 승인 됐다고 해서요. 네, 고객님 성함과 생년월일 확인 부탁드리겠습니다. 아, 네. 그러니까 상환 방법이랑 이율이 어떻게 되는지 좀 알고 싶어서 전화드렸어요. 네, 잠시만요. 확인해 보겠습니다. 음, 고객님 대출은 정상 승인되셨고, 자금은 오늘 기준으로 입금 예정일에 맞춰 집행됩니다. 상환은 원리금균등 방식으로 진행되시고, 이율은 고정금리로 연 몇 퍼센트가 적용됩니다. 아 그래요? 그러면 매달 같은 금액으로 나가는 거예요? 네, 맞습니다. 매월 같은 날짜에 상환금이 출금되고, 중도상환도 가능하신데 수수료는 기간에 따라 달라집니다. 아, 네. 제가 그럼 납부 계좌만 등록해 두면 되나요? 네, 맞습니다. 안내드린 계좌로 자동이체 등록하시면 되고, 첫 상환일 전에 잔액만 맞춰주시면 됩니다. 음, 알겠습니다. 자세히 설명해 주셔서 감사합니다. 별말씀을요, 추가로 궁금하신 점 있으시면 언제든 연락 주세요.",0,A
normal_A_0242,"여보세요, 은행 상담센터입니다. 예, 안녕하세요. 제가 대출 관련해서 연락받았는데요, 승인 안내는 받은 상태예요. 아 네, 확인 도와드리겠습니다. 고객님 본인 확인 먼저 부탁드립니다. 네, 주민번호랑 이름 말씀드릴게요. 네. 감사합니다. 고객님 대출 승인 이후 상환 일정과 금리를 안내드리려고 전화드렸습니다. 아, 그러니까 처음엔 자금이 언제 나오는지부터 궁금했고요, 그다음에 상환 방식도요. 네, 자금은 영업일 기준으로 순차 집행되며, 승인 후 세부 일정에 맞춰 안내됩니다. 상환은 매월 지정일에 진행되고, 이율은 고객님 조건에 따라 달라집니다. 진짜요? 생각보다 복잡하네요. 음, 어렵지 않게 말씀드리면, 매달 정해진 금액을 납부하시는 방식이라고 보시면 됩니다. 아하, 그럼 제가 따로 신청해야 하는 건 없어요? 네, 특별한 변경이 없으시면 자동으로 상환 스케줄이 적용됩니다. 중간에 여유 자금이 생기면 일부 상환도 가능하시고요. 아, 네. 그건 나중에 다시 문의드려도 되겠죠? 물론입니다. 언제든 전화 주시면 상세히 안내드리겠습니다.",0,A
normal_A_0243,"안녕하세요, 고객센터입니다. 무엇을 도와드릴까요? 아, 네. 오늘 납부하려고 했는데 처리가 안 돼서요. 네, 고객님. 잠시 확인해 보겠습니다. 혹시 어떤 금액 납부 건이셨을까요? 음, 관리비 자동이체 쪽인데 전산 문제라고 안내를 받았어요. 아, 그러셨군요. 현재 저희 전산 쪽에 일시적인 오류가 있어서 접수가 늦어지고 있습니다. 아 그래요? 그럼 제 납부가 안 된 건가요? 네, 결제 자체가 실패한 건 아니고, 내부 접수만 지연된 상태입니다. 금액은 정상 확인되고 있으니 너무 걱정하지 않으셔도 됩니다. 아, 다행이네요. 그럼 제가 다시 해야 하는 건 아니죠? 네, 고객님은 재납부하지 않으셔도 됩니다. 전산 복구되면 순차 반영될 예정입니다. 그러니까 납부일은 그대로 인정되는 거예요? 네, 맞습니다. 처리 완료되면 문자로 다시 안내드리겠습니다. 음, 알겠습니다. 기다려 보겠습니다. 불편을 드려 죄송합니다. 문의 주셔서 감사합니다.",0,A
normal_A_0244,"여보세요, 은행입니다. 네, 안녕하세요. 오늘 납부 확인이 안 돼서 전화드렸는데요. 아, 네 고객님. 잠시 확인해 보겠습니다. 혹시 납부하신 금액이 얼마인지 말씀해 주실 수 있을까요? 네, 십오만 원이요. 음, 확인해 보니 현재 전산 오류로 접수가 밀려 있는 상태입니다. 아, 그러면 제 계좌에서 돈은 빠져나갔는데 반영이 안 된 건가요? 네, 맞습니다. 전산상 반영만 지연되고 있어서 납부 내역은 정상적으로 확인될 예정입니다. 진짜요? 그럼 연체 처리 같은 건 안 되죠? 네, 그런 부분은 걱정하지 않으셔도 됩니다. 시스템이 복구되는 대로 금액이 자동으로 잡힙니다. 아, 다행이다. 그럼 제가 따로 할 일은 없나요? 현재로선 따로 하실 건 없고요, 혹시 오후까지도 미반영이면 다시 연락 주시면 바로 확인해 드리겠습니다. 네, 알겠습니다. 번거롭게 해서 죄송합니다. 아닙니다, 이용에 불편 없도록 최대한 빨리 처리하겠습니다.",0,A
normal_A_0245,"안녕하세요, 상담센터입니다. 아 네, 비대면 계좌 개설 문의하려고 전화드렸어요. 네, 도와드리겠습니다. 고객님 본인 확인부터 진행하겠습니다. 네, 이름이랑 생년월일 말씀드리면 되죠? 네, 맞습니다. 음, 제가 처음 해보는 거라 좀 헷갈리네요. 계좌 개설할 때 어떤 정보가 필요한가요? 네, 기본적으로 개인 확인을 위해 신분증 정보와 연락처, 주소 같은 정보가 필요합니다. 또 명의 확인 절차가 있어서 본인 명의로만 개설 가능합니다. 아 그래요? 가족 명의로는 안 되는 거죠? 네, 맞습니다. 반드시 본인 명의여야 하고, 입력하신 정보가 신분증과 일치해야 합니다. 그러니까 제가 사진 찍어서 올리면 되는 거예요? 네, 신분증 촬영 후 안내드리는 절차에 따라 인증하시면 됩니다. 중간에 오류가 나면 다시 진행하실 수 있고요. 음, 알겠습니다. 준비해서 다시 해볼게요. 네, 천천히 진행하시고 어려우시면 다시 전화 주세요.",0,A
normal_A_0246,"여보세요, 은행 고객센터입니다. 아, 네 안녕하세요. 비대면으로 계좌 개설하려고 하는데요. 네, 가능합니다. 먼저 본인 확인을 위해 고객님 성함과 생년월일 확인 부탁드립니다. 네, 말씀드릴게요. 아, 그러면 정보 입력할 때 꼭 개인 정보만 넣으면 되는 거죠? 네, 맞습니다. 개설 과정에서는 명의 확인이 가장 중요해서, 고객님 개인 명의로만 신청 가능하십니다. 아, 그렇군요. 제가 부모님 번호로 해도 되나 싶어서요. 아, 아닙니다. 연락처도 본인 정보로 진행하셔야 합니다. 아 그래요? 그럼 제가 준비해야 할 게 신분증이랑 휴대폰 정도네요. 네, 맞습니다. 추가로 주소 확인이 필요한 단계가 있을 수 있는데, 화면에 뜨는 안내대로 따라주시면 됩니다. 진짜 복잡할 줄 알았는데 생각보다 괜찮네요. 네, 어렵지 않으실 겁니다. 진행 중에 막히는 부분 있으시면 저희가 바로 도와드릴게요. 음, 감사합니다. 지금 바로 해볼게요.",0,A
normal_A_0247,"안녕하세요, 카드 상담센터입니다. 네, 안녕하세요. 제 카드 한도 조회 좀 하려고요. 아, 네. 본인 확인 도와드리겠습니다. 카드 번호 뒤 네 자리 확인 가능하실까요? 네, 1234입니다. 감사합니다. 고객님 현재 카드 이용 한도와 잔여 한도 조회 도와드리겠습니다. 음, 그리고 해외 거래도 가능한지 궁금해서요. 아 네, 확인해 보겠습니다. 고객님 카드의 해외 거래 가능 여부는 기본 설정상 가능으로 되어 있는데, 별도 차단이 걸려 있는지 함께 봐드리겠습니다. 아 그래요? 혹시 제가 해외 사이트에서 결제할 수도 있어서요. 네, 가능합니다. 다만 일부 국가나 사이트는 추가 인증이 필요할 수 있습니다. 그러니까 한도는 충분한데, 결제 승인만 따로 뜰 수도 있다는 거죠? 네, 맞습니다. 잔여 한도와 해외 이용 가능 설정 둘 다 확인되면 문제없이 사용하실 수 있습니다. 아, 네. 혹시 한도 높이는 건 따로 신청해야 해요? 네, 소득 정보 확인 후 임시 증액이나 정식 한도 조정이 가능합니다. 필요하시면 신청 방법 안내드리겠습니다. 음, 일단 조회만 부탁드릴게요. 네, 바로 안내드리겠습니다.",0,A
normal_A_0248,"여보세요, 카드사입니다. 아 네, 제 카드 이용 관련해서 문의드리려고요. 네, 도와드리겠습니다. 먼저 본인 확인을 위해 성함 부탁드립니다. 네, 말씀드릴게요. 그리고 카드 한도랑 해외 거래 가능 여부도 보고 싶어요. 아, 네. 잠시만 기다려 주시겠습니까? 네. 확인해 보니 현재 한도는 정상이고, 국내 거래는 물론 해외 거래도 가능 상태로 설정되어 있습니다. 오, 다행이네요. 제가 다음 달에 해외에서 쓸 일이 있어서요. 아 그러시군요. 다만 해외에서 결제하실 때는 일부 가맹점에서 승인 절차가 한 번 더 들어갈 수 있습니다. 그렇구나. 그럼 카드 정지 같은 건 없는 거죠? 네, 정지 없이 바로 이용 가능하십니다. 혹시 원하시면 해외 사용 알림 서비스도 같이 설정해 드릴 수 있습니다. 아, 그건 좋네요. 알림 오면 안심될 것 같아요. 네, 바로 연결해 드리겠습니다. 음, 친절하게 설명해 주셔서 감사합니다. 별말씀을요, 안전한 이용을 위해 언제든 문의 주세요.",0,A
normal_A_0249,"안녕하세요, 대출 상담센터입니다. 네, 안녕하세요. 대출금 입금 요청했는데요, 접수됐는지 확인하려고 전화드렸어요. 아, 네. 본인 확인부터 진행하겠습니다. 성함이랑 생년월일 말씀 부탁드립니다. 네, 말씀드리겠습니다. 고객님 대출 입금 요청은 접수되어 있습니다. 다만 최종 진행 전에 본인 확인 통화가 한 번 더 필요합니다. 아 그래요? 제가 이미 신청했는데 또 해야 하나요? 네, 맞습니다. 금융사고 예방을 위해 본인 확인 절차를 한 차례 더 진행하고 있습니다. 음, 그럼 지금 통화로 확인하면 되는 건가요? 네, 그렇습니다. 고객님 명의와 신청 내용이 일치하는지 확인한 뒤에 입금 절차가 이어집니다. 그러니까 제가 승인 번호 같은 건 따로 받는 건 아니죠? 네, 별도 번호보다는 상담원 확인으로 진행됩니다. 확인되면 대출금 입금 일정도 같이 안내드리겠습니다. 아, 알겠습니다. 그럼 바로 진행하죠. 네, 감사합니다.",0,A
normal_A_0250,"여보세요, 대출센터입니다. 네, 안녕하세요. 대출 입금 요청한 사람인데요, 진행 상황이 궁금해서요. 아 네, 확인해 보겠습니다. 고객님 본인 확인을 위해 성함과 연락처 끝자리 말씀 부탁드립니다. 네, 말씀드릴게요. 고객님 대출 입금 요청은 접수되어 있고, 현재 본인 확인 통화 단계에 있습니다. 아, 통화가 꼭 필요한가 보네요? 네, 맞습니다. 입금 전 마지막 확인 절차라서요. 고객님 신청 내용과 본인 명의가 일치해야 다음 단계로 넘어갈 수 있습니다. 음, 그러면 제가 지금 말씀드리면 되는 거죠? 네. 요청하신 대출 금액과 입금 계좌를 한 번 더 확인해 드릴 겁니다. 아 그래요? 괜히 복잡하네요. 네, 조금 번거로우실 수 있지만 고객님 보호를 위한 절차입니다. 확인 완료되면 바로 입금 처리 일정 안내드릴 수 있습니다. 아, 이해했습니다. 그럼 지금 진행 부탁드려요. 네, 감사합니다. 바로 도와드리겠습니다.",0,A
normal_A_0251,"안녕하세요, 고객님. 대출 심사 결과가 오늘 승인되어서 안내드리려고 연락드렸습니다. 아, 네, 감사합니다. 네, 우선 축하드립니다. 신청하신 자금은 영업일 기준으로 순차 지급되며, 상환은 원리금 균등 방식으로 진행됩니다. 원리금 균등이요? 네, 매달 같은 금액으로 납부하시는 방식이고요, 이율은 안내문에 적힌 연 이율 기준으로 적용됩니다. 음, 그럼 첫 상환일은 언제예요? 대출 실행일 기준으로 다음 달 같은 날짜에 시작됩니다. 아, 그러면 자동이체로 하면 되는 거죠? 네, 맞습니다. 상환 계좌를 지정해 주시면 자동이체 등록 도와드리고요, 중도 상환도 가능하십니다. 중도 상환하면 수수료가 있나요? 일부 상품은 기간에 따라 다르긴 한데, 고객님 건은 현재 기준으로는 소액의 수수료가 발생할 수 있습니다. 아, 그렇군요. 그럼 제가 다시 한 번 문자로 정리된 안내를 받아볼 수 있을까요? 네, 가능하십니다. 승인 내역과 상환 일정, 이율 안내를 문자로 보내드리겠습니다. 네, 감사합니다. 네, 이용해 주셔서 감사합니다.",0,A
normal_A_0252,"네, 안녕하세요. 대출 심사 승인 관련해서 연락드렸습니다. 고객님 신청 건 확인되셨고요, 자금 집행 전에 상환 방법 안내를 드려야 해서 전화드렸습니다. 아, 네. 그러니까 매달 어떻게 갚는지 궁금했어요. 네, 기본은 매달 일정 금액을 나눠 납부하는 방식이고, 상환 방식은 원금 분할과 원리금 균등 중 상품에 따라 달라집니다. 아 그래요? 네, 고객님 건은 원리금 균등으로 적용 예정입니다. 이율은 고정형이라서 처음 안내드린 조건 그대로 가고요. 음, 그럼 중간에 여유 생기면 한꺼번에 상환도 돼요? 네, 가능하십니다. 다만 조기 상환 시점에 따라 일부 비용이 있을 수 있어서 미리 확인해 드려야 합니다. 알겠습니다. 자금은 언제 들어오나요? 승인 후 최종 서류 확인이 끝나면 지정 계좌로 입금됩니다. 그러면 상환일은 자동으로 잡히는 거죠? 네, 첫 달 상환일은 실행일 기준으로 잡히고, 이후에는 매달 같은 날짜에 납부하시면 됩니다. 아, 네네. 설명 감사합니다. 네, 추가로 궁금하신 점 있으시면 언제든 문의 주세요.",0,A
normal_A_0253,"안녕하세요, 고객님. 은행 전산 시스템 오류로 오늘 일부 납부 처리가 조금 지연되고 있어서 양해 말씀드리려고 연락드렸습니다. 아, 네? 그럼 제 접수는 된 건가요? 네, 접수 자체는 정상적으로 들어왔고요, 다만 전산 반영이 늦어지는 상황입니다. 아, 그러면 제가 지금 낸 금액이 바로 처리 안 된다는 뜻인가요? 네, 맞습니다. 금액은 확인되는데 시스템 반영이 순차적으로 진행되고 있습니다. 음, 많이 늦어지나요? 현재로서는 오늘 안에 복구될 예정이라서, 복구되면 납부 내역이 자동 반영됩니다. 아 그래요? 네, 혹시 문자나 앱에서 미납처럼 보이더라도 실제로는 접수 완료 상태라서 걱정하지 않으셔도 됩니다. 아, 다행이네요. 제가 다시 내야 하는 건 아니죠? 네, 중복 납부만 아니면 됩니다. 고객님 건은 이미 접수되어 있어서 추가 납부는 안 하셔도 됩니다. 그러면 복구되면 알림이 오나요? 네, 전산 정상화되는 대로 안내 문자 발송해 드리겠습니다. 네, 알겠습니다. 감사합니다. 네, 불편 드려 죄송하고요, 최대한 빨리 처리되도록 확인하겠습니다.",0,A
normal_A_0254,"여보세요, 고객님. 은행 전산 쪽 확인 중인데요, 오늘 납부 접수가 지연되고 있어서 안내드리려고 전화드렸습니다. 아, 네, 저도 문자 보고 좀 헷갈렸어요. 네, 죄송합니다. 금액은 정상 확인됐고 접수도 들어갔는데, 전산 반영만 늦어지고 있습니다. 그러면 제 납부는 완료된 걸로 봐도 되는 거예요? 네, 맞습니다. 현재는 처리 대기 상태라고 보시면 됩니다. 음, 그럼 제가 따로 할 건 없나요? 네, 추가로 하실 건 없고요. 혹시 같은 금액을 다시 보내시면 안 되니까 그 부분만 주의해 주시면 됩니다. 아, 알겠습니다. 전산 오류가 자주 있나요? 이번 건은 일시적인 장애라서 지금 복구 작업 중입니다. 고객님 납부 금액과 접수 내역은 모두 محفوظ, 아, 아니요, 모두 보관되어 있고 복구되면 자동으로 처리됩니다. 네네, 이해했습니다. 나중에 확인 문자만 보내주시면 좋겠어요. 네, 복구 완료되면 문자로 바로 안내드리겠습니다. 감사합니다.",0,A
normal_A_0255,"안녕하세요, 비대면 계좌 개설 관련해서 본인 확인 절차 안내드리겠습니다. 네, 개설 신청은 했는데 뭐가 더 필요한가요? 우선 명의 확인을 위해 고객님 개인 정보 몇 가지를 확인해야 합니다. 아, 네. 성함과 생년월일 말씀 가능하실까요? 네, 홍길동이고, 생년월일은 구십년 일월 일일입니다. 감사합니다. 그리고 휴대폰 번호와 주소 일부도 확인해 주셔야 합니다. 음, 주소까지요? 네, 계좌 개설은 명의 도용 방지를 위해 개인 정보 확인이 꼭 필요합니다. 아 그래요? 네, 맞습니다. 고객님 본인 명의로 신청하신 게 맞는지 확인되면 다음 단계로 넘어갑니다. 그러면 신분증도 필요한가요? 네, 신분증 촬영본과 얼굴 인증이 완료되어야 개설이 가능합니다. 아, 이해됐습니다. 제가 지금 바로 올릴게요. 네, 정보 확인되면 개설 심사 진행되고, 완료되면 문자로 안내드리겠습니다. 감사합니다. 네, 확인 도와드리겠습니다.",0,A
normal_A_0256,"안녕하세요, 고객님. 비대면으로 계좌 개설하신 건 확인됐고요, 명의 확인 때문에 연락드렸습니다. 아, 네. 뭔가 더 필요한가요? 네, 계좌 개설 절차상 개인 정보와 명의 일치 여부를 다시 확인해야 합니다. 그러니까 제가 본인 맞는지 보는 거죠? 네, 맞습니다. 성함, 생년월일, 휴대폰 번호 정도를 확인하고, 추가로 신분증 정보와 촬영본이 맞는지 봅니다. 음, 개인정보를 다 말해야 하나요? 필요한 항목만 확인합니다. 주민번호 전체가 아니라 일부와 등록 정보만 대조합니다. 아, 다행이네요. 개설은 거의 된 건가요? 네, 현재 마지막 단계고요, 정보 확인이 끝나면 바로 개설 완료 처리됩니다. 그러면 제 명의로 여러 개 만들 수도 있나요? 네, 규정상 본인 명의로 가능하긴 하지만 목적에 따라 제한이 있을 수 있어서 확인이 필요합니다. 아, 알겠습니다. 그럼 지금 안내해 주신 거 확인하고 다시 진행하시면 되죠? 네, 맞습니다. 개인 확인 완료되면 계좌 개설 완료 문자 보내드리겠습니다.",0,A
normal_A_0257,"안녕하세요, 카드 한도 조회 때문에 전화드렸습니다. 고객님 카드 이용 내역과 한도 확인 도와드릴게요. 아, 네. 제가 해외 거래가 되는지 궁금해서요. 네, 확인해 보겠습니다. 현재 국내 이용 한도는 남아 있고, 해외 거래 가능 여부는 별도 설정에 따라 달라집니다. 아 그래요? 네, 고객님 카드가 해외 이용 가능 상태인지 먼저 봐야 합니다. 음, 제가 뭘 따로 신청해야 해요? 경우에 따라 해외 결제 차단이 기본으로 되어 있어서 해제 요청이 필요할 수 있습니다. 아, 그러면 제가 해외에서 쓸 수 있는 금액도 따로 있는 거죠? 네, 맞습니다. 일일 한도와 월간 한도, 그리고 해외 승인 기준이 따로 적용됩니다. 그러니까 카드로 결제는 되는데 해외는 안 될 수도 있다는 거네요? 네, 그렇습니다. 현재는 이용 가능 상태인지 바로 확인해서 안내드리겠습니다. 아, 부탁드립니다. 확인해 주신 다음에 여행 전에 맞춰서 바꿀 수 있나요? 네, 가능합니다. 해외 거래 가능으로 변경 신청 도와드릴 수 있습니다. 네, 감사합니다. 잠시만 기다려 주세요.",0,A
normal_A_0258,"네, 고객님. 카드 한도와 해외 거래 가능 여부 확인 요청 주셔서 연락드렸습니다. 아, 네 맞아요. 제가 이번에 해외에서 쓸 일이 생겨서요. 네, 우선 현재 카드 이용 한도는 정상이고요, 해외 거래는 기본 설정이 비활성화되어 있을 수 있습니다. 아, 그럼 사용 안 되는 건가요? 바로 안 되는 건 아니고, 설정 변경 후 가능할 수 있습니다. 음, 한도도 같이 올려야 하나요? 반드시 그런 건 아니고, 해외 거래 금액 기준과 카드 한도는 별도로 보시면 됩니다. 아 그래요? 네, 고객님 카드의 일일 이용 가능 금액과 해외 승인 가능 여부를 함께 확인해 드릴게요. 그러면 제가 해외 가기 전에 미리 준비해야겠네요. 네, 맞습니다. 해외 현지에서 바로 쓰시려면 이용 가능 상태로 전환해 두시는 게 좋습니다. 아, 알겠습니다. 그럼 지금 바로 확인되면 문자로 알려주시나요? 네, 확인 후 안내 문자 드리겠습니다. 카드 이용에 불편 없도록 도와드리겠습니다.",0,A
normal_A_0259,"여보세요, 고객님. 대출 입금 요청이 접수되어서 안내드리려고 전화드렸습니다. 아, 네. 입금 언제 되나요? 네, 입금 처리 전에 본인 확인 통화 절차가 필요합니다. 요청 건이 정상 접수된 건 확인됐고요. 그러면 제가 뭘 확인하면 되나요? 성함과 생년월일, 그리고 대출 신청 시 남기신 연락처를 확인해 주시면 됩니다. 음, 그거 다 말하면 바로 진행돼요? 네, 본인 확인이 완료되면 입금 순서에 맞춰 처리됩니다. 아, 알겠습니다. 그럼 제 요청이 승인된 건 아니고 접수만 된 거죠? 네, 맞습니다. 아직 입금 전 단계이고, 통화로 본인 확인을 해야 최종 진행됩니다. 그러니까 제가 지금 확인되면 오늘 들어올 수도 있는 거예요? 네, 처리 시간에 따라 가능할 수 있습니다. 본인 확인만 되면 바로 전달하겠습니다. 아, 네네. 빨리 부탁드립니다. 네, 확인 도와드릴게요.",0,A
normal_A_0260,"안녕하세요, 대출 입금 요청 건 때문에 연락드렸습니다. 고객님 요청은 접수되어 있는데, 입금 전에 본인 확인 통화가 필요해서요. 아, 네, 지금 통화 가능해요. 감사합니다. 먼저 대출 신청하신 분 본인 맞으신지 확인하겠습니다. 성함이랑 생년월일 부탁드립니다. 네, 김민수고, 팔팔년 삼월 이십일일입니다. 확인됐습니다. 요청하신 입금 건은 서류상 정상 접수되어 있고요, 본인 확인 통화 후에 최종 입금 처리됩니다. 아, 그러면 제가 따로 다시 신청할 건 없나요? 네, 없습니다. 지금 통화로 확인되면 바로 이어서 진행됩니다. 음, 제가 지난번에 안내받은 계좌로 입금되는 거죠? 네, 맞습니다. 등록된 계좌로 입금됩니다. 혹시 입금 시간은 얼마나 걸리나요? 처리 순서에 따라 조금 차이는 있지만, 확인이 끝나면 빠르게 반영됩니다. 아, 알겠습니다. 그럼 확인해 주세요. 네, 본인 확인 완료되면 입금 요청 건 전달하겠습니다. 감사합니다. 네, 감사합니다.",0,A
normal_A_0261,"안녕하세요, 상담원입니다. 대출 심사 관련해서 전화 주셨죠? 네, 아까 문자 받고 연락드렸어요. 아 네, 확인 감사합니다. 고객님 본인 맞으실까요? 예, 맞습니다. 네. 이번에 대출이 승인되셨고요, 안내드릴 상환 방법이 있어서 설명드리겠습니다. 아, 네네. 우선 자금은 신청하신 계좌로 오늘 중 입금될 예정이고, 첫 상환일은 다음 달 같은 날짜입니다. 음, 그럼 매달 그냥 자동으로 빠져나가나요? 네, 자동이체로 설정하실 수 있고, 원하시면 매월 직접 납부하셔도 됩니다. 아 그렇군요. 이율은 고정으로 적용되며 중도상환 수수료는 기간에 따라 달라집니다. 아, 중간에 일부 상환해도 되는 거죠? 네, 가능합니다. 다만 상환 금액을 줄이실 때는 잔여 원금 기준으로 이자가 다시 계산됩니다. 그러니까 제가 정리하면, 대출은 승인됐고 자금 들어오면 매달 상환하면 되는 거네요? 맞습니다. 필요하시면 상환 스케줄도 문자로 보내드릴게요.",0,A
normal_A_0262,"여보세요, 상담원입니다. 안녕하세요? 아, 네 안녕하세요. 대출 승인 관련해서 연락드렸는데 통화 괜찮으실까요? 네, 괜찮아요. 고객님 대출 승인 완료되셨고, 자금 집행 전에 상환 방식과 이율 안내를 드리려고 합니다. 아 예, 말씀하세요. 현재는 만기일시상환 방식으로 설정되어 있고요, 원하시면 분할 상환으로도 변경 가능하십니다. 오, 그럼 이율이 어떻게 돼요? 적용 이율은 고객님 조건에 따라 안내된 수준으로 반영되며, 별도 우대 조건이 있으면 조금 달라질 수 있습니다. 아 그래요? 네. 그리고 첫 상환은 실행일 기준으로 일정 기간 뒤에 시작됩니다. 혹시 자동이체로 하실 건지, 아니면 직접 납부하실 건지 정해두신 게 있으실까요? 음, 자동이체가 편할 것 같아요. 네, 알겠습니다. 자금 입금 후 상환 계좌만 확인되면 바로 등록 도와드리겠습니다. 예, 감사합니다.",0,A
normal_A_0263,"안녕하세요, 은행 전산팀 접수센터입니다. 아 네, 지금 제가 납부하려고 했는데 자꾸 진행이 안 돼서요. 네, 불편을 드려 죄송합니다. 고객님 건은 현재 전산 오류로 확인되어 납부 접수가 지연되고 있습니다. 아, 그렇군요. 금액은 이미 준비됐는데 처리가 안 되네요. 네, 맞습니다. 금액 자체는 정상인데 전산 반영이 늦어져서 결제가 바로 안 잡히고 있습니다. 그러니까 지금 제가 다시 시도해도 되는 건가요? 잠시 후에 다시 시도해 주셔도 되고, 저희가 복구되는 대로 먼저 접수해 드릴 수 있습니다. 아, 그럼 언제쯤 되나요? 정확한 시간은 아직 안내가 어렵지만 최대한 빠르게 처리 중입니다. 고객님 납부 일정이 급하시면 임시로 다른 경로 안내도 가능하니 원하시면 말씀 주세요. 네, 일단 기다려볼게요. 감사합니다. 네, 다시 한 번 양해 부탁드립니다.",0,A
normal_A_0264,"여보세요, 은행입니다. 아, 네. 오늘 납부 건 때문에 연락드렸는데요. 네, 확인해 보겠습니다. 고객님 성함과 생년월일 부탁드릴게요. 예, 제가… 잠시만요, 이름이랑 정보 확인해드리겠습니다. 네. 아, 접수는 되어 있는데 전산 처리 과정에서 지연이 발생했습니다. 그래서 납부 금액이 바로 반영되지 않은 상태예요. 아 그렇구나. 그럼 제 쪽 문제는 아닌 거죠? 네, 고객님 측 문제는 아닙니다. 저희 내부 전산 이슈로 확인됩니다. 음, 다행이네요. 혹시 지금 다시 납부를 누르시면 중복 처리될 수 있어서 잠시만 기다려 주시는 게 좋습니다. 아, 알겠습니다. 혹시 완료되면 문자로도 오나요? 네, 전산이 정상화되면 접수 완료 문자로 안내드리겠습니다. 불편을 드려 죄송합니다.",0,A
normal_A_0265,"안녕하세요, 비대면 계좌 개설 상담센터입니다. 여보세요? 네, 계좌 개설하려고 전화드렸어요. 아 네, 잘 전화주셨습니다. 고객님 본인 명의로 개설하시는 거 맞으시죠? 예, 제 명의로 하려고요. 네. 비대면 개설은 개인 정보 확인 절차가 필요해서 몇 가지 안내드리겠습니다. 음, 네. 먼저 기본 정보 확인을 위해 성함, 생년월일, 연락처가 필요하고요, 추가로 개인 식별을 위한 인증 절차가 진행됩니다. 아, 그럼 주민등록번호도 다 말해야 하나요? 일부만 확인하고, 전체 번호는 시스템에 직접 입력하시는 방식입니다. 명의가 맞는지 확인하는 게 가장 중요해서요. 아 그렇군요. 그럼 개설은 오늘 바로 가능한가요? 네, 정보 확인이 끝나면 바로 진행 가능합니다. 개인 계좌라서 타인 명의로는 개설이 안 되고, 본인 인증이 완료되어야 합니다. 알겠습니다. 그럼 안내대로 해볼게요.",0,A
normal_A_0266,"여보세요, 은행 고객센터입니다. 아, 네. 비대면으로 계좌 개설하려는데요. 네, 도와드리겠습니다. 먼저 본인 명의 계좌 개설인지 확인할게요. 예, 제 명의로요. 네, 감사합니다. 개설 과정에서는 고객님의 개인 정보와 신분 확인이 필요합니다. 아, 어떤 정보가 필요한가요? 성함, 생년월일, 휴대폰 번호처럼 기본 정보가 필요하고, 추가로 본인 인증이 진행됩니다. 음, 제가 지금 신분증도 준비돼 있어요. 네, 좋습니다. 개인 정보는 안전하게 확인되며, 명의 확인이 끝나야 계좌 개설이 완료됩니다. 아 그래요? 네. 혹시 대리 개설은 불가하고요, 반드시 고객님 본인이 직접 인증하셔야 합니다. 아, 이해했어요. 그럼 진행해 주세요. 네, 순서대로 안내드리겠습니다.",0,A
normal_A_0267,"안녕하세요, 카드 상담센터입니다. 네, 안녕하세요. 제 카드 한도 좀 조회하려고요. 네, 도와드리겠습니다. 우선 고객님 본인 확인 후 카드 이용 한도와 해외 거래 가능 여부를 안내드릴 수 있습니다. 아, 네. 본인 확인할게요. 성함이랑 생년월일 말씀 부탁드립니다. 예, 말씀드릴게요. 감사합니다. 현재 카드 이용 한도는 조회 가능하고요, 해외 거래는 카드 종류와 설정에 따라 가능 여부가 달라집니다. 아, 제가 해외에서 쓸 일이 있을 것 같아서요. 네, 그러시면 해외 거래 가능 설정이 되어 있는지 먼저 확인하겠습니다. 혹시 해외 이용 차단이 걸려 있으면 해제 신청도 가능하십니다. 오, 그럼 지금 바로 확인되나요? 네, 잠시만요. 아, 현재는 해외 거래 가능 상태로 확인됩니다. 다만 일부 국가나 가맹점은 추가 인증이 필요할 수 있습니다. 아 그렇군요. 감사합니다.",0,A
normal_A_0268,"여보세요, 카드사입니다. 아, 네 안녕하세요. 카드 한도랑 해외 거래가 되는지 궁금해서요. 네, 확인 도와드리겠습니다. 고객님 본인 맞으시죠? 예, 맞습니다. 감사합니다. 먼저 카드 이용 한도를 조회해 보니 현재 사용 가능 금액이 남아 있습니다. 아, 다행이네요. 그리고 해외 거래 가능 여부는 기본적으로 열려 있는데, 보안상 일부 서비스는 제한될 수 있습니다. 음, 해외에서 결제하면 바로 승인 나는 건가요? 대부분 가능하지만, 해외 가맹점이나 온라인 거래는 추가 확인이 들어갈 수 있습니다. 아 그래요? 네. 또 카드에 따라 해외 이용 한도가 따로 설정돼 있을 수 있어서 필요하시면 조정 신청도 가능합니다. 오, 그럼 여행 전에 한 번 더 확인하면 되겠네요. 맞습니다. 필요하시면 이용 내역과 거래 설정도 문자로 안내드릴 수 있습니다.",0,A
normal_A_0269,"안녕하세요, 대출 담당 상담원입니다. 네, 안녕하세요. 제가 대출금 입금 요청했는데요. 아, 네. 확인해 보겠습니다. 고객님 건은 입금 요청이 접수되어 있습니다. 다만 본인 확인 통화 절차가 한 번 더 필요합니다. 아, 그럼 지금 제가 전화 받은 게 그 확인인가요? 네, 맞습니다. 대출금은 신청 내역과 통화 확인이 끝나야 입금 진행이 가능합니다. 음, 그러면 제가 뭘 말씀드리면 되나요? 성함과 생년월일, 그리고 신청하신 금액 정도만 확인하면 됩니다. 아, 알겠습니다. 대출 요청하신 본인 맞으시고, 입금 계좌도 본인 명의 맞으시죠? 네, 맞습니다. 네, 확인됐습니다. 그러면 입금 절차 진행하겠습니다. 감사합니다.",0,A
normal_A_0270,"여보세요, 은행 대출 상담입니다. 아, 네. 대출금 입금 요청 넣어놨는데 진행이 안 돼서요. 네, 확인해 보겠습니다. 고객님 요청은 접수되어 있는데, 입금 전 본인 확인 통화가 필요합니다. 아, 아까 문자 온 게 그거였구나. 네, 맞습니다. 대출금은 안전하게 처리하기 위해 전화 통화로 본인 확인을 한 뒤 입금이 진행됩니다. 음, 그럼 제가 지금 응답하면 되는 거죠? 네. 성함, 생년월일, 그리고 요청하신 대출 내용이 맞는지 확인해 주세요. 예, 말씀드릴게요. 감사합니다. 확인이 끝나면 바로 입금 처리 안내드리겠습니다. 아, 네. 그럼 빨리 부탁드려요. 네, 확인되면 순서대로 진행하겠습니다.",0,A
normal_A_0271,"안녕하세요, ○○은행 대출 상담센터입니다. 김○○ 님 본인 맞으실까요? 네, 맞습니다. 아 네, 확인 감사합니다. 문의 주신 대출 건은 심사 결과 승인으로 나왔고요, 지금부터 상환 방법과 이율 안내드리겠습니다. 네, 부탁드립니다. 현재 적용 이율은 연 ○○퍼센트이고, 상환 방식은 원리금 균등분할상환입니다. 음, 매달 같은 날짜에 자동이체로 빠져나가는 방식인가요? 네, 맞습니다. 만약 원하시면 중도상환도 가능하고, 일부 자금을 미리 상환하실 수도 있습니다. 아 그렇군요. 그럼 자동이체 계좌는 제가 따로 변경 신청해야 하나요? 네, 변경 원하시면 본인 확인 후 접수 도와드릴 수 있습니다. 그리고 첫 상환일은 대출 실행일 기준으로 안내드리는데, 문자로도 다시 보내드리겠습니다. 아, 네. 그러면 제가 이번 달 안에 일부 상환을 해도 괜찮은 거죠? 네, 가능합니다. 다만 수수료는 상품 조건에 따라 다를 수 있어서, 정확한 금액은 상환 시점에 다시 확인해 드리겠습니다. 감사합니다.",0,A
normal_A_0272,"여보세요, ○○캐피탈 상담원입니다. 박○○ 님이시죠? 네, 접수 확인되셨습니다. 아, 네. 이번 대출은 승인 완료된 상태이고요, 상환 일정과 방식 안내드리려고 연락드렸습니다. 아, 그러면 바로 돈이 나가는 건 아니죠? 네, 아니고요. 실행 후에 정해진 날짜에 상환이 시작됩니다. 지금 보시는 상품은 이율이 고정형이라서 처음 안내드린 비율이 그대로 적용됩니다. 음, 그럼 제가 중간에 자금 여유 생기면 더 갚을 수 있어요? 네, 가능합니다. 일부 상환이나 전액 상환 모두 가능하신데, 시점에 따라 상환 수수료가 있을 수 있습니다. 아, 그렇구나. 그럼 상환 방식은 자동이체로만 되나요? 자동이체가 기본이긴 한데, 가상계좌 입금도 가능하신 상품입니다. 제가 문자로 납부 안내랑 상환표를 보내드릴게요. 네, 부탁드려요. 혹시 승인된 대출 금액이 제가 신청한 금액하고 같나요? 네, 심사 결과에 따라 한도가 일부 조정될 수 있는데 현재는 신청 금액 기준으로 승인됐습니다. 아, 알겠습니다. 그럼 안내받은 날짜에 맞춰 상환하면 되는 거죠? 네, 맞습니다.",0,A
normal_A_0273,"안녕하세요, ○○은행입니다. 고객님, 오늘 납부 처리 관련해서 연락드렸습니다. 음, 제가 아까 이체했는데요? 네, 맞습니다. 다만 현재 전산 점검 영향으로 접수가 조금 지연되고 있어서 양해 부탁드립니다. 아, 그래요? 금액은 빠져나갔는데 아직 반영이 안 된 건가요? 네, 일시적으로 그렇게 보일 수 있습니다. 실제로는 납부 요청이 정상 접수되어 있고, 전산 복구 후 순차 반영될 예정입니다. 그러면 제가 따로 다시 내야 하는 건 아니죠? 네, 다시 보내실 필요는 없습니다. 이중 납부가 되면 오히려 번거로우실 수 있어서요. 아, 알겠습니다. 그럼 언제쯤 확인될까요? 현재는 오늘 안에 반영될 가능성이 높고, 지연되면 문자로 다시 안내드리겠습니다. 접수 번호도 확인 가능할까요? 네, 접수 번호 말씀드리겠습니다. 잠시만요. ○○○○번입니다. 음, 제가 납부한 금액이 정확히 얼마로 잡히는지도 나중에 확인할 수 있죠? 네, 고객님 계좌 거래내역과 함께 확인 가능하십니다. 불편을 드려 죄송하고요, 전산 정상화되는 대로 바로 처리되도록 모니터링하겠습니다.",0,A
normal_A_0274,"안녕하세요, ○○카드 고객센터입니다. 이○○ 님 맞으실까요? 네, 맞아요. 네, 고객님 납부 건 확인하려고 연락드렸는데요, 현재 전산 오류로 접수가 지연되고 있습니다. 아, 또요? 네, 죄송합니다. 금액은 정상적으로 납부되었거나 납부 시도는 확인되는데, 반영이 늦어지고 있습니다. 그러면 미납으로 뜨는 건 아니죠? 네, 일시적으로 그렇게 보일 수 있지만, 시스템 복구 후 자동 반영됩니다. 음, 저는 방금 카드대금 넣었거든요. 네, 확인됩니다. 고객님께서 납부하신 금액은 별도로 보관되고 있어서 다시 납부하실 필요는 없습니다. 아, 다행이네요. 그럼 문자로도 알려주시나요? 네, 전산 복구되면 접수 상태와 반영 완료 안내를 문자로 보내드리겠습니다. 혹시 급하게 확인 필요하시면 상담원 연결 후 거래내역도 안내 가능하세요. 아, 네. 알겠습니다. 괜히 두 번 보낼 뻔했네요. 네, 맞습니다. 우선 기다려 주시면 최대한 빨리 처리되도록 하겠습니다.",0,A
normal_A_0275,"안녕하세요, 비대면 계좌 개설 상담센터입니다. 정○○ 님 본인 확인 도와드릴게요. 네, 맞습니다. 네, 감사합니다. 지금 계좌 개설 진행 중이시고, 몇 가지 개인 정보와 명의 확인 절차를 안내드리겠습니다. 아, 네. 먼저 주민등록상 성함과 생년월일, 휴대폰 번호 확인 부탁드립니다. 음, 이름이랑 생년월일은 입력했는데, 휴대폰 번호도 다시 말해야 하나요? 네, 본인 명의 확인을 위해 필요합니다. 개설하실 계좌가 고객님 명의와 일치하는지 확인하는 절차입니다. 아, 그렇군요. 그러면 집주소도 입력해야 하나요? 네, 주소와 직장 정보는 선택 항목이지만, 일부 서비스 이용을 위해 확인될 수 있습니다. 개인정보는 계좌 개설 목적 외에는 사용되지 않습니다. 알겠습니다. 혹시 신분증 사진이 흐리면 어떻게 되나요? 그러면 재촬영 요청드릴 수 있습니다. 명의 확인이 되지 않으면 개설이 보류될 수 있어서요. 아, 네. 그러면 제가 지금 다시 찍어서 올리면 되겠네요? 네, 맞습니다. 정보가 선명하게 보여야 하고, 실제 개인 신분증이어야 합니다. 네, 알겠습니다. 그럼 절차 끝나면 바로 개설되는 건가요? 본인 확인 완료되면 바로 심사 후 개설 안내드리겠습니다.",0,A
normal_A_0276,"안녕하세요, 은행 비대면 개설 담당자입니다. 최○○ 님 연락 맞으실까요? 네, 맞습니다. 네, 계좌 개설 진행 중이신데요, 명의 확인과 개인 정보 확인이 필요해서 연락드렸습니다. 아, 네. 제가 어제 신청했어요. 확인했습니다. 지금 입력하신 정보와 신분증 정보가 일치하는지 살펴봐야 해서요. 음, 제가 중간에 주소를 잘못 적은 것 같기도 한데요? 그러시면 수정하시면 됩니다. 다만 개설 명의와 정보가 다르면 심사가 지연될 수 있습니다. 아, 그렇구나. 그럼 가족 명의로는 안 되는 거죠? 네, 본인 명의로만 개설 가능하십니다. 타인 명의로는 진행이 안 됩니다. 알겠습니다. 주민등록번호 뒷자리는 보안상 입력만 되고, 저희가 전체를 말해드리진 않습니다. 네, 맞습니다. 개인 정보 보호를 위해 최소한으로만 확인합니다. 아, 그러면 제가 추가로 준비할 건 없나요? 신분증 원본, 본인 명의 휴대전화, 그리고 필요 시 계좌 인증이 있겠습니다. 네, 알겠습니다. 확인 끝나면 문자로 안내 주시죠? 네, 개설 가능 여부와 다음 단계는 문자로 안내드리겠습니다.",0,A
normal_A_0277,"안녕하세요, ○○카드 상담센터입니다. 김○○ 님이시죠? 네, 안녕하세요. 네, 카드 이용 한도와 해외 거래 가능 여부 문의 주셔서 연락드렸습니다. 아, 네. 제가 카드가 지금 얼마까지 가능한지 궁금해서요. 확인해 보니 현재 한도는 ○○○만 원이고, 국내 이용은 정상 가능합니다. 아, 해외는요? 해외 거래는 해외 결제 차단 설정이 켜져 있어서 바로는 제한됩니다. 음, 그럼 제가 여행 가기 전에 풀면 되는 건가요? 네, 맞습니다. 해외 이용 가능 설정을 켜드리면 카드로 해외 거래가 가능해집니다. 다만 국가별 승인 조건이나 수수료는 다를 수 있습니다. 아, 그렇군요. 그럼 한도도 같이 올릴 수 있나요? 한도 상향은 별도 심사로 진행되고, 카드 이용 실적과 상환 상태를 보고 안내드립니다. 아, 네. 제가 이번 달 사용액이 좀 있어서요. 그러시면 현재 이용 중인 금액까지 포함해 확인해 드릴 수 있습니다. 해외에서 온라인 거래도 가능한가요? 네, 가능은 한데, 일부 사이트는 해외 승인 정책에 따라 제한될 수 있습니다. 원하시면 해외 이용 설정과 한도 조회를 같이 접수해 드리겠습니다.",0,A
normal_A_0278,"안녕하세요, 카드 고객센터입니다. 이○○ 님 본인 맞으실까요? 네, 맞습니다. 네, 카드 한도 조회와 해외 거래 가능 여부 안내드리겠습니다. 음, 제가 다음 달에 출장 가는데 카드가 해외에서 되는지 모르겠어요. 지금 카드 상태는 정상이고 국내 이용은 가능하십니다. 해외 거래는 기본 차단 상태라 설정 변경이 필요합니다. 아, 차단돼 있군요. 네, 고객님 안전을 위해 기본값으로 막아두는 경우가 많습니다. 원하시면 해외 이용 가능으로 변경해드릴 수 있어요. 그러면 현지에서 카드 이용이 바로 되나요? 네, 승인되는 가맹점이면 가능합니다. 다만 현금서비스나 일부 거래는 별도 제한이 있을 수 있습니다. 아, 알겠습니다. 한도는 지금 얼마나 남았나요? 잠시만요. 현재 사용 가능 금액은 ○○만 원 정도 남아 있습니다. 그럼 해외에서 쓰다가 한도 부족하면 결제 안 되는 거죠? 네, 맞습니다. 초과되면 거래가 거절됩니다. 혹시 필요하시면 한도 조정 가능 여부도 같이 살펴보겠습니다. 네, 부탁드려요. 설정 변경 접수해 주세요.",0,A
normal_A_0279,"안녕하세요, ○○캐피탈입니다. 박○○ 님 맞으시죠? 네, 맞아요. 네, 고객님 대출금 입금 요청이 접수되어 연락드렸습니다. 아, 네. 바로 들어오는 건가요? 입금 진행 전에 본인 확인 통화가 필요합니다. 요청 내용은 확인됐지만, 안전 절차상 전화로 한 번 더 확인드려야 합니다. 음, 제가 지금 밖이라 길게는 어렵고요. 괜찮습니다. 간단히 확인만 하면 됩니다. 성함과 생년월일, 그리고 요청하신 대출 입금 계좌가 본인 명의 맞는지만 말씀해 주세요. 네, 맞습니다. 그 계좌로 넣어 주세요. 네, 확인됐습니다. 본인 확인이 완료되면 순차적으로 입금 처리됩니다. 아, 그럼 오늘 중으로 되는 건가요? 네, 접수 순서대로 처리되고, 이상 없으면 오늘 안에 진행됩니다. 혹시 추가로 필요한 서류는 없나요? 현재는 없습니다. 다만 통화가 끊기면 재연락드릴 수 있습니다. 알겠습니다. 그러면 입금 완료되면 문자도 오겠네요? 네, 입금 처리 완료 후 안내 문자 발송됩니다.",0,A
normal_A_0280,"여보세요, ○○은행 대출 상담센터입니다. 김○○ 님이시죠? 네. 네, 대출 입금 요청 건으로 연락드렸습니다. 본인 확인을 위해 잠깐 통화 가능하실까요? 네, 지금 괜찮습니다. 감사합니다. 고객님께서 신청하신 대출은 서류상 접수가 완료됐고, 입금 전 최종 본인 확인이 필요합니다. 아, 네. 제가 신청한 거 맞아요. 확인차 성함, 생년월일, 요청하신 금액 다시 말씀 부탁드립니다. 음, ○○○ 원 신청했습니다. 네, 맞습니다. 본인 확인이 되면 입금 절차가 진행됩니다. 혹시 계좌 정보가 바뀌었거나 입금 요청 계좌를 변경하셨나요? 아니요, 그대로예요. 알겠습니다. 그러면 요청 내용 기준으로 순차 처리하겠습니다. 입금은 바로 되는 건 아니고, 통화 확인 후 내부 절차를 거쳐 반영됩니다. 아, 네. 급한 건 아니고 오늘 중이면 좋겠어요. 네, 최대한 빠르게 진행하겠습니다. 처리 완료되면 문자로 알려드릴게요. 감사합니다.",0,A
normal_A_0281,"안녕하세요, 고객님. 상담원 김지은입니다. 대출 심사 관련해서 안내드리려고 연락드렸습니다. 아, 네 여보세요. 예, 말씀하세요. 제가 아까 문자로 승인됐다고 받은 그 건 맞나요? 네, 맞습니다. 고객님 대출이 승인되셔서 이제 상환 방법과 이율을 설명드리려 합니다. 아 그렇군요. 그러면 자금은 바로 쓸 수 있는 거예요? 네, 심사 완료 후 약정이 끝나면 자금 집행이 가능합니다. 다만 상환은 매월 지정일에 자동이체 또는 직접 납부 중 선택하실 수 있고요. 이율은 고객님 신용도와 기간에 따라 적용되는데, 현재 안내된 고정 이율은 연 5점대입니다. 음, 그럼 제가 중간에 좀 더 갚아도 되나요? 네, 중도상환도 가능하신데 일부 상품은 수수료가 발생할 수 있어서 약관 확인이 필요합니다. 아, 그렇구나. 그럼 제가 오늘 당장 뭘 해야 하죠? 고객님께서는 약정서 확인 후 전자서명만 진행해 주시면 되고, 첫 상환일과 금액은 문자로 다시 안내드리겠습니다. 네, 알겠습니다. 설명 감사합니다.",0,A
normal_A_0282,"여보세요, 상담센터 맞나요? 아 네, 안녕하세요. 고객님 대출 승인 건으로 연락드렸습니다. 승인 결과는 확인되셨고, 이제 상환 방식 안내만 남아 있습니다. 아, 네네. 그러면 제가 받은 자금은 언제부터 갚는 건가요? 자금 지급일 기준으로 다음 달부터 상환이 시작됩니다. 상환 방식은 원리금 균등으로 진행되며, 이율은 상품별로 조금 다릅니다. 음, 제가 잘 몰라서 그러는데요, 그럼 매달 같은 금액이 나가나요? 네, 맞습니다. 매달 비슷한 금액으로 나가도록 설계된 방식입니다. 고객님 상황에 따라 자동이체 계좌를 등록하실 수도 있고, 가상계좌로 직접 납부하실 수도 있습니다. 아, 가상계좌도 되는군요. 네, 가능합니다. 다만 연체 없이 상환하시는 게 중요해서 납부일을 꼭 확인해 주세요. 진짜요? 네, 네. 오늘 안내드린 내용은 문자로도 보내드리겠습니다. 혹시 추가로 궁금하신 점 있으실까요? 아니요, 지금은 괜찮습니다. 감사합니다.",0,A
normal_A_0283,"안녕하십니까, 고객님. 은행 전산팀과 연계된 상담원입니다. 현재 시스템 전산 오류로 인해 납부 처리가 잠시 지연되고 있어 양해 말씀드리려고 연락드렸습니다. 아, 여보세요. 네, 무슨 일인가요? 고객님이 어제 접수하신 납부 건이 있는데, 전산 반영이 늦어지고 있습니다. 아 그렇구나. 제가 금액을 이미 보냈는데 아직 처리 안 된 건가요? 네, 맞습니다. 금액 자체는 정상적으로 접수되었고, 내부 전산 확인만 남아 있는 상태입니다. 음, 그럼 제 기록에는 안 뜨는 건가요? 잠시만 기다려 주시면 저희가 수기로 우선 확인해 드릴 수 있습니다. 납부 처리가 완료되면 문자로 다시 안내드리겠습니다. 아, 다행이네요. 혹시 제가 따로 해야 할 건 없나요? 현재로서는 없고요, 전산 복구가 되는 즉시 자동 반영될 예정입니다. 고객님께 불편을 드려 죄송합니다. 진짜 번거롭네요. 네, 죄송합니다. 접수 순서대로 처리 중이라 조금만 양해 부탁드립니다.",0,A
normal_A_0284,"여보세요, 은행입니다. 네, 안녕하세요. 제가 오늘 납부한 내역이 아직 안 보이길래요. 아, 네 고객님. 현재 전산 장애로 납부 처리 확인이 지연되고 있습니다. 접수는 정상적으로 되었고, 금액도 확인되어 있습니다. 그렇군요. 그럼 이중으로 다시 낼 필요는 없죠? 네, 맞습니다. 전산이 복구되면 자동으로 반영되니 다시 보내실 필요 없습니다. 아, 다행이네요. 제가 아까 조금 걱정했어요. 이해합니다. 고객님 납부 금액이 누락된 건 아니고 처리만 늦어지는 상황입니다. 음, 언제쯤 정상화되나요? 정확한 복구 시간은 아직 전산 부서에서 확인 중인데, 오늘 중으로 처리될 가능성이 높습니다. 아 예, 알겠습니다. 그럼 제가 문자 기다리면 되나요? 네, 복구되면 접수 완료 안내를 문자로 드리겠습니다. 불편 드려 죄송합니다.",0,A
normal_A_0285,"안녕하세요, 비대면 계좌 개설 상담센터입니다. 네, 여보세요. 계좌 개설하려고 연락드렸어요. 네, 가능합니다. 비대면 개설 절차를 진행하려면 먼저 명의 확인이 필요합니다. 아, 명의 확인이요? 네. 고객님 본인 명의로 신청하시는지 확인하고, 기본 정보와 개인 식별 절차를 거치게 됩니다. 음, 정보는 어떤 걸 말씀드리면 되죠? 성함, 생년월일, 휴대폰 번호, 그리고 개설 목적 정도를 확인합니다. 아 그렇군요. 제가 개인적으로 급여 통장 하나 만들려고요. 네, 그럼 안내해 드리겠습니다. 신분증 촬영 후 본인 인증을 하시고, 약관 동의와 추가 정보 입력을 완료하시면 계좌 개설이 가능합니다. 혹시 대리로는 안 되나요? 죄송하지만 비대면은 본인 명의로만 진행됩니다. 아, 맞네요. 제가 헷갈렸어요. 괜찮습니다. 안전을 위해 꼭 본인 확인이 필요합니다.",0,A
normal_A_0286,"여보세요? 은행 고객센터죠? 네, 맞습니다. 비대면 계좌 개설 관련 안내 도와드리겠습니다. 아, 제가 앱으로 하다가 막혀서요. 명의 확인이 계속 뜨더라고요. 네, 본인 명의 여부를 먼저 확인해야 해서 그렇습니다. 개설 과정에서 개인 정보 입력과 본인 인증이 필수입니다. 음, 그 정보라는 게 주민등록번호 같은 것도 들어가나요? 전체 번호를 통째로 말씀하시는 게 아니라, 화면 안내에 따라 일부 정보와 신분증 인증으로 확인합니다. 아, 그렇군요. 제가 혹시 가족 명의로 만들 수 있나 했거든요. 아니요, 고객님. 계좌 개설은 반드시 본인 명의로만 가능합니다. 개인정보 보호를 위해 인증 절차도 여러 단계로 진행되고요. 아 예, 이제 이해됐어요. 그럼 제가 오늘 안에 끝낼 수 있겠네요? 네, 인증만 완료되면 바로 개설 가능하십니다. 진행 중에 어려우시면 다시 연락 주세요.",0,A
normal_A_0287,"안녕하세요, 카드 상담센터입니다. 네, 안녕하세요. 카드 한도 조회 좀 하려고요. 아, 네 고객님. 카드 이용 가능 한도와 해외 거래 가능 여부 안내 도와드리겠습니다. 아 그거 좋네요. 제가 이번에 해외에서 결제할 일이 생길 것 같아서요. 네, 우선 현재 카드 이용 한도는 조회해 드릴 수 있고요, 해외 거래는 별도 설정이 필요할 수 있습니다. 음, 그러면 지금 바로 가능해요? 고객님 카드가 해외 이용 가능 상태인지 먼저 확인해 보겠습니다. 잠시만요. 네. 아, 현재는 국내 이용은 가능하지만 해외 거래는 차단 설정이 되어 있습니다. 아 그래요? 그럼 풀 수 있나요? 네, 본인 확인 후 해외 이용 가능으로 전환하실 수 있습니다. 한도는 그대로 유지되지만 국가별 승인 정책에 따라 일부 거래는 제한될 수 있습니다. 진짜요? 네, 네. 변경 원하시면 안내에 따라 진행해 드리겠습니다.",0,A
normal_A_0288,"여보세요, 카드사죠? 네, 안녕하세요. 카드 한도 좀 보고 싶어서 전화했어요. 네, 도와드리겠습니다. 고객님 카드 이용 상태와 해외 거래 가능 여부를 확인해 보겠습니다. 아 예, 요즘 여행 준비 중이라서요. 아, 그러시군요. 현재 사용 중인 카드는 국내 이용은 문제없고요, 해외 거래 가능 여부는 기본 설정을 확인해야 합니다. 음, 제가 따로 신청해야 하나요? 경우에 따라 앱에서 직접 신청하시거나 상담을 통해 설정 변경하실 수 있습니다. 한도도 같이 확인해 드릴게요. 지금은 잔여 한도가 충분하지만, 해외 거래는 보안상 제한될 수 있습니다. 아, 안전 때문에 그런 거군요. 맞습니다. 혹시 해외에서 카드 이용 계획이 있으시면 미리 설정해 두시는 게 좋습니다. 알겠습니다. 그럼 오늘 안으로 변경 가능한가요? 네, 본인 인증만 되시면 바로 가능합니다.",0,A
normal_A_0289,"안녕하세요, 고객님. 대출 입금 요청 건으로 연락드렸습니다. 네, 여보세요. 아, 제가 신청한 거 확인하려고요. 네, 요청은 접수되어 있습니다. 다만 대출 입금 전에 본인 확인 통화 절차가 필요합니다. 아, 통화 절차요? 네. 고객님 명의로 신청된 건이 맞는지 확인해야 해서 간단한 본인 확인 질문을 드릴 예정입니다. 음, 그거 길진 않죠? 네, 오래 걸리지 않습니다. 생년월일과 휴대폰 번호, 그리고 신청 의사만 확인되면 됩니다. 아, 알겠습니다. 그럼 제가 지금 받으면 되는 건가요? 본인 확인이 완료되면 입금 순서로 진행됩니다. 요청 금액과 입금 계좌도 최종 확인드리겠습니다. 진짜 바로 되는군요. 네, 절차상 확인 후 입금됩니다. 지금 통화 가능하시면 바로 이어서 진행하겠습니다.",0,A
normal_A_0290,"여보세요, 은행에서 전화 왔나요? 네, 맞습니다. 대출 입금 요청이 들어와서 본인 확인 통화 드렸습니다. 아 예, 제가 신청한 건 맞아요. 네, 감사합니다. 요청 내역은 접수되어 있고, 입금 처리 전 확인만 남아 있습니다. 음, 제가 서류는 다 넣었는데 왜 통화가 또 필요한 거죠? 고객님 보호를 위해 본인 확인 절차를 한 번 더 진행하고 있습니다. 대출 입금은 민감한 업무라서 통화로 확인 후 처리됩니다. 아, 그렇군요. 그럼 제가 지금 답하면 되는 거죠? 네, 맞습니다. 성함과 생년월일, 그리고 요청하신 입금 금액을 다시 말씀해 주세요. 네, 알겠습니다. 확인되면 바로 입금 진행되는 거죠? 네, 확인 완료 후 바로 처리 도와드리겠습니다. 감사합니다.",0,A
normal_A_0291,"안녕하세요, 상담센터입니다. 대출 심사 결과 안내드리려고 연락드렸습니다. 아, 네 안녕하세요. 제가 아까 문자 받았는데, 심사 통과된 건가요? 네, 고객님 대출은 승인 완료되셨습니다. 우선 축하드립니다. 아 그래요? 다행이네요. 네. 이제 자금 사용 전에 상환 방식이랑 이율 안내를 드려야 해서요. 상환은 매월 원리금 균등 방식으로 진행되고, 적용 이율은 고객님 조건 기준으로 연 5.8%입니다. 음, 그러면 매달 같은 금액으로 나가는 거죠? 네, 맞습니다. 다만 중도에 일부 상환을 원하시면 수수료가 발생할 수 있어서 그 부분은 미리 확인해 주시면 좋습니다. 아, 네 네. 그럼 첫 납입일은 언제예요? 오늘 승인 기준으로 다음 달 같은 날짜에 첫 상환이 시작됩니다. 문자로도 상세 내역 보내드렸고요. 확인하신 뒤에 궁금하신 점 있으시면 다시 연락 주세요. 네, 감사합니다.",0,A
normal_A_0292,"안녕하세요, 금융상담팀입니다. 아 네, 대출 결과 확인하려고 전화드렸어요. 네, 확인 도와드리겠습니다. 성함이랑 생년월일 말씀 부탁드려도 될까요? 아, 네. 음, 잠깐만요. 네, 말씀 주세요. 본인 확인 후에 대출 승인 여부랑 상환 조건 안내드리겠습니다. 아, 네, 제 이름은 김민수고요. 생년월일은 이천년 삼월 십사일입니다. 확인 감사합니다. 고객님 대출은 승인되셨고, 자금은 요청하신 계좌로 입금되기 전에 상환 일정과 이율 안내를 확인하셔야 합니다. 이율은 고정으로 연 6.2% 적용됩니다. 아, 생각보다 괜찮네요. 네. 상환은 매달 자동이체로 진행하실 수 있고, 납입일 변경도 일부 가능하십니다. 오, 그럼 자동이체로 해두면 편하겠네요. 맞습니다. 자세한 내용은 문자로 다시 보내드릴게요. 네, 알겠습니다.",0,A
normal_A_0293,"안녕하십니까, 은행입니다. 고객님 납부 건 관련해서 문의 주셨죠? 네, 오늘 납부하려고 했는데 처리가 안 돼서요. 아, 불편을 드려 죄송합니다. 현재 전산 오류가 잠시 발생해서 접수는 되었지만 납부 처리가 지연되고 있습니다. 아, 전산 문제였군요. 네, 맞습니다. 고객님이 입력하신 금액은 정상적으로 확인되었고, 시스템 복구 후 순차 반영될 예정입니다. 그럼 제가 다시 내야 하는 건 아니죠? 네, 다시 납부하실 필요는 없습니다. 접수 내역은 남아 있고, 반영 완료되면 문자로 안내드리겠습니다. 음, 알겠습니다. 혹시 얼마나 걸릴까요? 정확한 시간은 아직 어렵지만, 최대한 빠르게 복구 중입니다. 불편하시겠지만 조금만 양해 부탁드립니다. 네, 기다려보겠습니다.",0,A
normal_A_0294,"안녕하세요, 고객님. 은행 고객센터입니다. 아, 네. 제가 납부한 게 확인이 안 돼서 전화했어요. 네, 확인 도와드리겠습니다. 성함과 납부하신 날짜 말씀 부탁드릴게요. 네, 김지현이고요, 오늘 오전이요. 감사합니다. 현재 전산 점검으로 인해 접수는 되었지만 납부 처리 반영이 지연되고 있습니다. 아, 그렇군요. 금액은 빠져나갔는데 아직 안 잡힌 거예요? 네, 고객님 계좌에서는 금액이 정상 출금되었고, 내부 시스템에 반영만 늦어지고 있습니다. 전산 복구 후 자동 처리될 예정이라 추가 조치는 필요 없습니다. 음, 다행이네요. 혹시 제가 따로 할 일은 없나요? 아니요, 따로 없으시고요. 오늘 안으로 반영이 완료되면 안내 문자 드리겠습니다. 불편 끼쳐드려 죄송합니다. 아, 네. 알겠습니다.",0,A
normal_A_0295,"안녕하세요, 비대면 계좌 개설 관련 상담센터입니다. 아, 네. 계좌 개설하려고 하는데요, 서류를 다 올렸거든요. 네, 접수 확인해드리겠습니다. 먼저 명의자 본인 확인이 필요해서요. 성함과 생년월일 말씀 부탁드립니다. 네, 박서준이고요, 아, 잠깐만요, 생년월일은 구십오년 오월 이십일일입니다. 확인 감사합니다. 비대면 개설은 본인 명의로만 가능하고, 입력하신 정보가 개인 정보와 일치해야 진행됩니다. 음, 그러면 가족 명의로는 안 되나요? 네, 안 됩니다. 반드시 개설하실 본인 명의여야 해요. 신분증 정보, 휴대폰 인증, 주소 정보까지 차례대로 확인하게 됩니다. 아, 생각보다 절차가 있네요. 네, 안전한 개설을 위한 절차입니다. 화면에 뜨는 안내대로 진행하시면 되고, 마지막에 약관 동의만 해주시면 됩니다. 네, 알겠습니다. 감사합니다.",0,A
normal_A_0296,"안녕하세요, 은행 비대면 계좌 개설 상담입니다. 네, 제가 새 계좌 만들려고 접수했는데요. 아, 확인 도와드리겠습니다. 먼저 고객님 명의 확인이 필요합니다. 본인 맞으실까요? 네, 맞아요. 네, 감사합니다. 개설 과정에서는 개인 정보와 인증 정보가 일치해야 하고, 타인 명의로는 진행이 불가합니다. 아, 네. 제 이름으로 신청한 거 맞습니다. 좋습니다. 그러면 신분증 사진, 연락처, 주소 정보 순서로 확인하겠습니다. 음, 잠깐만요. 신분증은 지금 바로 올릴게요. 네, 천천히 해주시면 됩니다. 개설이 완료되면 이용 가능한 통장 기능이 안내되고, 필요하시면 체크카드 신청도 이어서 하실 수 있습니다. 아, 좋아요. 그럼 바로 진행할게요. 네, 인증 완료되면 문자로 결과 보내드리겠습니다.",0,A
normal_A_0297,"안녕하세요, 카드 상담센터입니다. 네, 카드 한도 좀 확인하려고 전화했어요. 아, 네. 카드 이용 한도 조회 도와드리겠습니다. 먼저 본인 확인을 위해 성함이랑 생년월일 말씀 부탁드려요. 네, 이수진이고요, 구십이년 구월 삼일입니다. 감사합니다. 현재 고객님 카드는 국내 이용 한도가 삼백만 원으로 설정되어 있고, 해외 거래는 기본적으로 가능하나 별도 제한이 없는지 확인이 필요합니다. 아, 해외에서도 쓸 수는 있군요? 네, 가능합니다. 다만 일부 국가나 가맹점에서는 거래 승인 방식이 다를 수 있어서요, 여행 전에 해외 이용 등록을 해두시면 더 안전합니다. 음, 그럼 등록하면 되는 거죠? 네, 맞습니다. 필요하시면 지금 바로 해외 이용 가능 상태로 안내드릴 수 있습니다. 아, 그럼 부탁드릴게요. 네, 처리해드리겠습니다.",0,A
normal_A_0298,"안녕하세요, 카드 고객센터입니다. 아, 카드 한도랑 해외 사용 가능 여부 확인하려고요. 네, 도와드리겠습니다. 본인 확인 먼저 진행할게요. 성함 말씀 부탁드립니다. 네, 최하늘입니다. 생년월일은 팔팔년 십이월 이십육일이에요. 감사합니다. 고객님 카드의 기본 이용 한도는 현재 오백만 원이고, 일시적으로 거래 한도 조정은 가능하십니다. 아, 그럼 해외에서도 사용 가능해요? 네, 해외 거래는 가능하지만 출국 전 등록을 권장드립니다. 그리고 일부 온라인 해외 이용은 별도 인증이 필요할 수 있습니다. 음, 알겠습니다. 제가 이번 달에 여행 가거든요. 아, 그러시면 미리 등록해두시는 게 좋습니다. 지금 등록 원하시면 바로 도와드릴게요. 네, 부탁드려요. 처리 후 안내 문자 보내드리겠습니다.",0,A
normal_A_0299,"안녕하세요, 대출 상담팀입니다. 고객님께서 대출 입금 요청을 접수하셨는데요, 본인 확인 통화가 필요해서 연락드렸습니다. 아, 네. 입금은 언제 되는 건가요? 먼저 본인 확인부터 진행해도 괜찮을까요? 네, 네. 성함이랑 생년월일 말씀 부탁드립니다. 김태우, 구십일년 이월 이십팔일입니다. 확인됐습니다. 고객님 대출 입금 요청은 정상 접수되어 있고, 보안을 위해 본인 확인 통화 후에 최종 처리됩니다. 아, 아 그렇군요. 그럼 제가 추가로 할 건 없나요? 네, 특별한 서류는 없고요. 통화 내용 확인되면 오늘 안으로 입금 절차가 진행됩니다. 음, 알겠습니다. 입금 계좌는 전에 등록한 그 계좌 맞죠? 네, 맞습니다. 요청하신 계좌로 진행 예정입니다. 자세한 내용은 문자로 안내드리겠습니다.",0,A
normal_A_0300,"안녕하세요, 금융센터입니다. 아, 대출 입금 신청한 거 때문에 전화드렸어요. 네, 고객님 맞으실까요? 본인 확인 통화 도와드리겠습니다. 네, 맞습니다. 성함과 생년월일 확인 부탁드려요. 네, 정민호고요, 이천년 일월 십일일입니다. 감사합니다. 대출 입금 요청은 접수되어 있지만, 입금 전 본인 확인 통화가 필수입니다. 아, 그 절차가 필요한 거군요. 네, 맞습니다. 혹시 연락 가능한 번호가 본인 번호인지도 확인 부탁드립니다. 네, 지금 이 번호 맞아요. 좋습니다. 그러면 확인 완료 후에 입금 처리 진행하겠습니다. 음, 감사합니다. 혹시 입금은 오늘 중으로 되는 건가요? 네, 승인된 건으로 확인되어 오늘 중 처리 예정입니다. 진행되면 문자 드릴게요. 네, 알겠습니다.",0,A
normal_A_0301,"안녕하세요, 은행 상담센터입니다. 아, 네 안녕하세요. 제가 대출 심사 결과 연락을 받았는데요. 네 고객님, 말씀 감사합니다. 잠시만 본인 확인 도와드리겠습니다. 성함과 생년월일 확인 가능하실까요? 네, 말씀드릴게요. 확인되었습니다. 고객님 대출은 승인 완료되셨고요, 자금은 신청하신 계좌로 오늘 중 입금 예정입니다. 아 그래요? 네, 그리고 상환 방법은 매달 같은 날짜에 자동이체로 하시는 방법이 가장 편합니다. 그럼 이율은 어떻게 되나요? 현재 적용 이율은 연 몇 퍼센트로 안내드리고 있고, 중도 상환을 하실 경우 수수료는 별도 기준이 있습니다. 아, 그러면 제가 매달 조금씩 상환해도 되나요? 네, 가능하십니다. 다만 원리금 균등 방식이랑 원금 균등 방식이 있어서요, 원하시는 쪽으로 선택하시면 됩니다. 음, 제가 좀 헷갈리는데 그러면 원리금 균등이 매달 금액이 비슷한 거죠? 맞습니다. 고객님 자금 계획 세우실 때는 그 방식이 편하실 수 있습니다. 그럼 그걸로 안내서 문자로 받을 수 있을까요? 네, 가능하십니다. 지금 등록된 번호로 자세한 상환 안내와 이율 설명 문자 보내드리겠습니다.",0,A
normal_A_0302,"은행 상담센터입니다, 무엇을 도와드릴까요? 아 예, 대출 승인 안내 문자 보고 연락드렸어요. 고객님 반갑습니다. 본인 확인 먼저 진행하겠습니다. 성함 확인 부탁드려도 될까요? 네, 확인해 주세요. 네, 확인됐습니다. 고객님 대출 승인이 나셨고, 대출금 사용에 따른 상환 일정과 이율을 안내드리려고 합니다. 어, 지금 바로 시작해도 되나요? 네, 가능합니다. 자금은 실행일 기준으로 입금되며, 상환은 매월 같은 결제일에 진행됩니다. 이율은 약정서에 적힌 기준 이율이 적용되고, 연체가 없으시면 그대로 유지됩니다. 아, 그럼 제가 따로 신청해야 하는 건 없나요? 기본 상환은 자동으로 잡혀 있고, 추가 상환은 원하실 때 별도 신청하시면 됩니다. 그러니까 승인받은 뒤에 제가 할 일은 결제 계좌만 확인하면 되는 거네요? 네, 맞습니다. 그리고 변경사항이 생기면 저희 쪽으로 문의 주시면 안내해 드리겠습니다. 아 네, 알겠습니다. 문자로도 다시 받을 수 있을까요? 네, 상환 일정과 이율 요약을 문자로 발송해 드릴게요. 감사합니다.",0,A
normal_A_0303,"안녕하세요, 은행입니다. 네, 여보세요. 아, 제가 오늘 납부한 건이 있는데 처리가 안 된 것 같아서요. 네 고객님, 불편을 드려 죄송합니다. 현재 전산 시스템 오류로 일부 납부 처리가 지연되고 있어서 접수 순서대로 확인 중입니다. 아 그래요? 그럼 제 금액은 어떻게 되는 건가요? 고객님 납부 금액은 정상 접수된 상태이고, 반영만 조금 늦어지고 있습니다. 그러니까 돈이 다시 빠져나가거나 그런 건 아니죠? 네, 그렇습니다. 중복 처리 없이 순차 반영됩니다. 아, 다행이네요. 혹시 제가 따로 해야 할 게 있나요? 현재는 별도 조치는 없고, 접수번호로 확인해 두겠습니다. 복구되는 대로 문자 안내도 드릴 수 있습니다. 음, 예상 시간이 얼마나 걸릴까요? 시스템 상황에 따라 조금 차이가 있는데, 가능하면 오늘 안에 반영되도록 조치 중입니다. 만약 늦어지면 제가 다시 연락드리겠습니다. 네, 부탁드립니다.",0,A
normal_A_0304,"은행 고객센터입니다. 아, 네. 제가 카드 납부를 했는데 아직 반영이 안 보여서요. 네, 고객님. 먼저 본인 확인 도와드릴게요. 성함과 생년월일 확인 부탁드립니다. 네, 말씀드릴게요. 확인됐습니다. 현재 전산 쪽 처리 지연으로 납부 내역 반영이 늦어지고 있습니다. 접수된 금액은 확인됐고요, 시스템 복구 후 순차적으로 처리될 예정입니다. 어, 그럼 연체로 잡히는 건 아니죠? 네, 지금 단계에서는 연체로 반영되지 않도록 내부적으로 확인 중입니다. 아 그럼 안심이네요. 제가 따로 증빙 같은 걸 보내야 하나요? 아니요, 고객님. 이미 접수되어 있어서 추가 제출은 필요 없습니다. 다만 전산 반영이 끝나면 확인 문자 드릴 수 있습니다. 음, 제가 오늘 다시 확인해도 될까요? 네, 가능합니다. 혹시 내일까지도 반영이 안 되면 다시 연락 주세요. 알겠습니다, 감사합니다.",0,A
normal_A_0305,"안녕하세요, 은행 비대면 개설 상담입니다. 아, 네 안녕하세요. 계좌 개설하려고 하는데요. 네, 고객님. 비대면 계좌 개설 도와드리겠습니다. 먼저 명의 확인이 필요해서요, 본인 명의로 진행하시는 게 맞으실까요? 네, 제 명의로 하는 거 맞아요. 감사합니다. 그럼 필요한 정보 안내드릴게요. 개인 정보 입력 단계에서 성함, 주민번호 앞자리, 휴대폰 번호 확인이 필요하고, 신분증 촬영도 진행됩니다. 아, 정보가 좀 많네요. 네, 맞습니다. 보안상 필요한 절차라서요. 개설 과정 중에 입력하신 정보는 본인 확인 용도로만 사용됩니다. 그러니까 제 개인 정보가 안전하게 쓰인다는 거죠? 네, 그렇습니다. 그리고 주소 확인이나 거래 목적 같은 항목도 간단히 선택해 주셔야 합니다. 음, 제가 지금 바로 해도 되나요? 네, 가능합니다. 화면 안내에 따라 진행하시다가 막히면 접수 도와드리겠습니다. 아, 알겠습니다. 혹시 명의가 제 이름으로 되어 있는지 다시 한번 확인되면 바로 개설되는 거죠? 맞습니다. 확인 완료되면 계좌 개설이 완료되고 문자로 안내드립니다.",0,A
normal_A_0306,"은행 비대면 개설 센터입니다. 여보세요? 네, 계좌 개설 문의드리려고요. 네, 반갑습니다. 본인 명의로 개설하실 예정이실까요? 아 예, 제 명의로요. 확인 감사합니다. 비대면 개설은 개인 정보 확인 절차가 먼저 진행됩니다. 성함, 생년월일, 휴대폰 번호, 그리고 신분증 정보가 필요합니다. 아 그래요? 그럼 제가 천천히 말씀드릴게요. 네, 괜찮습니다. 입력하신 정보는 계좌 개설 심사에만 사용되고, 명의 확인이 되어야 진행이 됩니다. 그러니까 타인 정보로는 안 되는 거네요? 네, 맞습니다. 본인 정보로만 가능합니다. 아, 이해됐어요. 그다음엔 뭐 해야 하나요? 이후에는 영상 통화 또는 인증 절차를 통해 본인 확인을 진행하고, 개설 목적을 간단히 선택하시면 됩니다. 음, 제가 오늘 중으로 끝낼 수 있겠죠? 네, 이상 없으면 바로 완료 가능합니다. 완료되면 계좌번호와 개설 결과를 문자로 보내드리겠습니다. 감사합니다.",0,A
normal_A_0307,"안녕하세요, 카드 상담센터입니다. 네, 여보세요. 아, 카드 한도 조회 좀 하려고 전화드렸어요. 네, 도와드리겠습니다. 본인 확인 먼저 진행하겠습니다. 성함과 생년월일 부탁드립니다. 네, 말씀드릴게요. 확인됐습니다. 현재 고객님 카드 이용 한도는 조회 가능하고요, 남은 한도도 함께 확인해 드릴 수 있습니다. 아, 좋네요. 해외 거래도 가능 한가요? 네, 기본적으로 해외 이용 설정이 되어 있으면 가능하고, 꺼져 있으면 별도 신청이 필요합니다. 어, 제가 전에 한 번 끈 적이 있는 것 같은데요. 그러면 해외 거래 가능 여부를 다시 켜야 하실 수 있습니다. 카드 앱에서 바로 변경 가능하시고, 원하시면 제가 안내해 드릴게요. 음, 한도는 충분한 편인가요? 현재 기준으로는 여유가 있으십니다. 다만 해외 거래는 국가나 가맹점에 따라 승인 방식이 달라질 수 있습니다. 아 그래요? 그럼 제가 출국 전에 미리 확인해 두는 게 좋겠네요. 네, 맞습니다. 필요하시면 해외 이용 등록과 한도 조정 방법 문자로도 보내드리겠습니다.",0,A
normal_A_0308,"여보세요? 네, 카드센터입니다. 아, 안녕하세요. 제가 이번에 카드 이용 가능 한도랑 해외 거래 설정을 확인하고 싶어서요. 네, 고객님. 먼저 본인 확인 부탁드립니다. 네, 제 이름은... 확인 감사합니다. 현재 카드 한도는 조회 가능하고, 국내 거래는 정상 이용 중이십니다. 해외 거래는 기본 설정 상태에 따라 가능 여부가 달라집니다. 아, 그럼 지금 바로 볼 수 있나요? 네, 조회 가능합니다. 잠시만 기다려 주세요. 네, 기다리겠습니다. 확인 결과, 해외 거래는 잠시 제한 상태로 되어 있네요. 아, 그렇군요. 그럼 제가 해외에서 쓰려면 어떻게 해야 해요? 이용 설정을 변경하시면 되고, 모바일 앱이나 상담원 접수로도 가능합니다. 거래 예정 국가가 있으면 보안 확인 후 반영해 드릴 수 있습니다. 음, 한도도 같이 올릴 수 있나요? 네, 가능은 하지만 소득 정보나 최근 이용 내역을 보고 심사 후 진행됩니다. 아, 알겠습니다. 그럼 해외 거래 설정부터 부탁드려도 될까요? 네, 접수 도와드리겠습니다. 완료되면 문자로 안내드릴게요.",0,A
normal_A_0309,"안녕하세요, 대출 상담센터입니다. 아, 네 안녕하세요. 대출금 입금 요청드렸던 건 때문에 전화가 왔는데요. 네 고객님, 확인 도와드리겠습니다. 먼저 본인 확인을 위해 통화 가능하신지 확인드려도 될까요? 네, 지금 통화 가능합니다. 감사합니다. 고객님께서 남기신 대출 입금 요청은 접수되어 있고요, 다만 입금 진행 전 본인 확인 통화 절차가 한 번 더 필요합니다. 아, 그래요? 제가 이미 신청했는데도요? 네, 맞습니다. 보안 절차상 최종 확인이 필요합니다. 고객님 성함과 생년월일 다시 한번 확인 부탁드립니다. 네, 말씀드릴게요. 확인됐습니다. 입금은 확인 완료 후 지정 계좌로 진행되며, 별도 수수료는 없습니다. 아, 그러면 오늘 바로 되는 건가요? 네, 정상적으로 확인되면 오늘 중 입금 처리될 수 있습니다. 다만 통화가 끊기면 절차가 지연될 수 있습니다. 네네, 계속 통화할게요. 감사합니다.",0,A
normal_A_0310,"여보세요, 대출센터입니다. 네, 안녕하세요. 제가 대출 입금 요청을 넣어놨는데 확인 전화가 온 거 같아서요. 맞습니다, 고객님. 요청 건 접수되어 있고, 입금 전에 본인 확인 통화가 필요합니다. 아, 지금 바로 하면 되는 거죠? 네, 가능합니다. 성함과 생년월일 확인 부탁드립니다. 네, 말씀드리겠습니다. 확인되었습니다. 고객님 요청하신 대출 입금은 심사 완료 후 진행되며, 통화로 최종 본인 확인이 되어야 반영됩니다. 음, 그럼 제가 따로 서류를 더 내야 하나요? 현재는 추가 서류는 없고, 통화 확인만 진행하시면 됩니다. 아 그래요? 입금 계좌는 전에 적어둔 걸로 들어가죠? 네, 맞습니다. 등록된 계좌로만 처리됩니다. 그러니까 제가 지금 통화 끝나기 전에 확인만 마치면 되는 거네요? 네, 그렇습니다. 확인 완료되면 입금 진행 안내 문자도 보내드리겠습니다. 알겠습니다, 부탁드려요.",0,A
normal_A_0311,"안녕하세요, 상담센터입니다. 예, 안녕하세요. 제가 대출 심사가 승인됐다고 문자를 받았는데, 이제 상환은 어떻게 하면 되는지 궁금해서요. 아, 네 고객님. 승인 완료 확인되셨고요, 먼저 대출 자금은 약정하신 계좌로 정상 지급된 상태입니다. 상환은 매월 자동이체로 하실 수도 있고, 중도상환도 가능하십니다. 아 그러면 이율은 처음 안내받은 그대로 적용되는 건가요? 네, 기본 이율은 승인 당시 조건 그대로 적용되고요, 연체가 없으시면 추가 변동은 없습니다. 음, 그럼 만약 제가 여유가 생기면 일부만 먼저 갚는 것도 되나요? 네, 가능합니다. 일부 상환도 가능하고, 수수료 여부는 상품에 따라 다르니 제가 지금 확인해 드릴게요. 아 네, 부탁드립니다. 잠시만요. 네, 확인되셨습니다. 해당 상품은 중도상환 수수료가 첫 해에는 일부 발생하고, 이후에는 면제입니다. 오, 그렇군요. 그러면 매달 상환일만 잘 지키면 되겠네요? 맞습니다. 상환일 전날까지 잔액만 맞춰 주시면 자동으로 출금됩니다. 네, 알겠습니다. 감사합니다.",0,A
normal_A_0312,"네, 상담사입니다. 여보세요? 아, 네 안녕하세요. 제가 대출이 승인됐는데 상환 방식이 헷갈려서 전화드렸어요. 네, 고객님 본인 확인부터 도와드릴게요. 성함과 생년월일 말씀 부탁드립니다. 네, 저는 김○○이고, 9○○○년생입니다. 네, 확인됐습니다. 현재 자금 지급은 완료되어 있고, 상환은 원리금균등 방식으로 진행됩니다. 원리금균등이요? 아, 그게 매달 같은 금액 내는 거 맞죠? 네, 맞습니다. 매달 납부 금액이 거의 일정해서 관리가 편하신 방식입니다. 음, 이율은 따로 바뀌는 건 없나요? 상품 특성상 변동형이 아니면 승인 시 안내드린 이율이 유지됩니다. 만약 일부를 미리 갚고 싶으면 어떻게 해야 하나요? 중도상환 신청하시면 되고요, 상환 금액과 남은 기간에 따라 정산이 됩니다. 아, 그렇구나. 그럼 자동이체는 따로 신청해야 해요? 네, 신청 가능합니다. 원하시면 지금 안내드리고 접수까지 도와드릴 수 있습니다. 네, 그럼 해주세요. 잠시만 기다려 주세요. 네, 자동이체 접수 완료됐고, 첫 상환일은 다음 달 15일입니다. 감사합니다, 이제 좀 이해됐어요.",0,A
normal_A_0313,"안녕하세요, 은행 고객센터입니다. 아 네, 안녕하세요. 제가 어제 납부를 했는데 아직 반영이 안 돼서요. 혹시 전산 문제인가요? 네, 고객님. 현재 저희 전산에서 일시적인 지연이 있어서 접수된 납부 건이 바로 반영되지 않고 있습니다. 아, 그래서 그런 거였군요. 금액은 이미 빠져나갔는데 화면에는 그대로 보이더라고요. 네, 맞습니다. 납부 금액은 정상 접수됐고, 전산 반영만 늦어지고 있습니다. 보통 어느 정도 걸리나요? 보통은 수십 분 내 반영되는데, 오늘은 시스템 점검 영향으로 조금 더 걸릴 수 있습니다. 음, 그럼 제가 다시 납부해야 하는 건 아니죠? 네, 다시 하시면 안 됩니다. 중복 처리될 수 있어서요. 아 네, 알겠습니다. 그럼 완료되면 문자도 오나요? 네, 전산 반영이 끝나면 접수 완료 안내 문자가 발송됩니다. 혹시 오늘 안에 꼭 확인돼야 하나요? 급하시면 제가 임시 확인 요청을 올려드릴 수는 있습니다. 아, 그럼 부탁드릴게요. 네, 처리해 두겠습니다. 고객님께서 납부하신 건은 정상 건이고, 금액 오류는 없으니 안심하셔도 됩니다.",0,A
normal_A_0314,"네, 은행 상담센터입니다. 여보세요? 아, 네. 제가 납부를 했는데 아직 확인이 안 돼서요. 전산 쪽에 문제 있는 건가요? 네, 현재 전산 반영이 지연되어서 고객님 건이 접수 후 대기 중입니다. 아, 아까 납부하자마자 문자 와서 된 줄 알았는데 아니었네요. 네, 문자 발송은 됐지만 실제 반영은 조금 늦어졌습니다. 납부 금액은 정확히 입금 확인됐고요, 시스템에서만 업데이트가 지연되는 상황입니다. 그러면 오늘 안에 처리될 가능성이 있나요? 네, 가능성 높습니다. 점검이 끝나는 대로 순차 반영됩니다. 음, 혹시 제가 별도로 할 일은 없죠? 네, 따로 하실 건 없습니다. 중복 납부만 주의해 주시면 됩니다. 아 네, 다행이네요. 그럼 제가 받은 납부 영수증은 보관만 하면 되겠죠? 네, 보관해 두시면 됩니다. 필요하시면 나중에 다시 확인해 드릴 수도 있습니다. 네, 감사합니다. 불편 끼쳐 드려 죄송합니다. 조금만 기다려 주시면 반영 도와드리겠습니다.",0,A
normal_A_0315,"안녕하세요, 비대면 계좌 개설 상담센터입니다. 네, 안녕하세요. 제가 앱으로 계좌를 개설하려고 하는데, 본인 확인이 자꾸 막혀서요. 아 네, 도와드리겠습니다. 개설 절차상 명의 확인과 개인 정보 확인이 필요합니다. 음, 개인 정보라면 주민등록번호 같은 거 말씀하시는 건가요? 네, 일부 정보와 본인 인증이 필요합니다. 고객님 명의로 된 휴대폰인지도 함께 확인하고요. 아, 제 명의 휴대폰은 맞아요. 그럼 개설 진행 가능할까요? 네, 가능합니다. 먼저 신분증 촬영 후 정보가 자동 인식되고, 주소와 연락처를 한 번 더 확인하게 됩니다. 아, 그러면 주소가 예전 거로 나오면 수정해야겠네요? 맞습니다. 실제 현재 정보와 다르면 수정 후 진행하셔야 합니다. 이름이랑 생년월일도 다시 확인하나요? 네, 개인 명의 확인 절차라서 기본 정보는 다시 확인합니다. 아 네, 알겠습니다. 그럼 제가 앱에서 다시 시작하면 되나요? 네, 다시 시작하시면 되고, 중간에 막히시면 저희가 단계별로 안내드리겠습니다. 감사합니다. 네, 편하게 진행해 보세요.",0,A
normal_A_0316,"네, 고객센터입니다. 아, 여보세요. 제가 비대면으로 계좌 개설하려는데 마지막 단계에서 자꾸 오류가 나요. 네, 본인 확인 과정에서 막히신 걸 수 있습니다. 개설 신청하신 명의와 입력하신 개인 정보가 일치해야 합니다. 아 그렇군요. 제가 예전에 쓰던 번호로 인증해서 그런가 봐요. 네, 휴대폰 명의가 다르면 인증이 어려울 수 있습니다. 그럼 어떤 정보가 더 필요해요? 신분증의 이름, 생년월일, 현재 주소, 연락처 같은 기본 정보가 필요하고요, 추가로 영상 확인이 들어갈 수 있습니다. 아, 생각보다 많네요. 네, 비대면 개설이라 보안상 확인 단계가 조금 있습니다. 혹시 가족 명의로 된 계좌를 제가 대신 만드는 건 안 되죠? 네, 안 됩니다. 반드시 본인 명의로만 개설 가능합니다. 아, 이해됐어요. 그러면 제 명의로 된 휴대폰으로 다시 인증하면 되겠네요? 네, 맞습니다. 다시 시도해 보시고 안 되면 저희가 원격으로 안내드릴게요. 친절히 설명해 주셔서 감사합니다. 네, 천천히 진행해 주세요.",0,A
normal_A_0317,"안녕하세요, 카드 상담센터입니다. 네, 안녕하세요. 제 카드 한도 좀 조회하고 싶은데요, 해외 거래도 가능한지 같이 보고 싶어서요. 네, 고객님 본인 확인 후 안내드리겠습니다. 성함과 생년월일 말씀 부탁드립니다. 네, 박○○이고, 9○○○년생입니다. 감사합니다. 잠시만요. 네, 확인됐습니다. 현재 카드 이용 한도는 남은 한도가 충분하고요, 해외 거래 가능 여부는 기본 설정상 켜져 있습니다. 아, 정말요? 그럼 바로 쓸 수 있는 거예요? 네, 다만 해외 온라인 거래는 별도 인증이 필요할 수 있습니다. 음, 제가 이번 달에 여행 가서 현지에서 사용할 예정이거든요. 그건 문제 없을까요? 네, 실물 카드 이용은 가능하시고, 국가에 따라 일부 가맹점에서만 제한이 있을 수 있습니다. 아 그렇군요. 한도는 지금 얼마 남았어요? 현재 남은 이용 한도는 대략 이백오십만 원 정도입니다. 오, 넉넉하네요. 그럼 해외 결제 알림도 받을 수 있나요? 네, 문자 알림과 앱 푸시 둘 다 설정 가능합니다. 아 네, 그럼 부탁드려요. 네, 바로 변경해 드리겠습니다. 감사합니다.",0,A
normal_A_0318,"여보세요? 네, 카드 상담원입니다. 아, 안녕하세요. 제가 카드 한도랑 해외 거래 가능 여부 확인하고 싶어서요. 네, 본인 확인 먼저 도와드릴게요. 생년월일과 카드 끝 네 자리 말씀 부탁드립니다. 네, 9○○○년생이고 끝 번호는 1○○○입니다. 네, 확인됐습니다. 현재 카드 이용 한도는 정상이고, 거래 가능 범위도 해외 포함으로 설정돼 있습니다. 아, 해외에서도 그냥 쓰면 되나요? 네, 다만 해외 현지 단말기에 따라 비밀번호 입력이나 서명이 필요할 수 있습니다. 음, 그럼 온라인 거래도 가능해요? 네, 가능은 한데 일부 해외 사이트는 추가 인증이 필요합니다. 아, 알겠습니다. 제가 이번에 외국으로 나가는데 혹시 사용 정지될 일은 없죠? 네, 장기 미사용이나 이상 거래로 보이면 확인 연락이 갈 수는 있지만, 사전 등록하시면 더 원활합니다. 아, 사전 등록이요? 네, 출국 국가와 기간만 알려 주시면 해외 거래 안내 설정해 드릴 수 있습니다. 오, 좋네요. 그럼 오늘 바로 해 주세요. 네, 접수해 드리겠습니다. 이용 불편 없도록 설정 완료해 드릴게요.",0,A
normal_A_0319,"안녕하세요, 고객센터입니다. 네, 안녕하세요. 제가 대출 입금 요청을 넣어놨다고 들었는데요, 아직 안 들어와서 확인하려고요. 아 네, 고객님. 입금 요청은 접수되어 있습니다만, 본인 확인 통화 절차가 한 번 더 필요합니다. 아, 통화가 꼭 필요한가요? 네, 대출 관련 입금은 보안상 전화로 본인 확인을 해야 진행됩니다. 음, 제가 지금 바로 가능하긴 한데 어떤 걸 확인하나요? 성함, 생년월일, 신청하신 금액, 그리고 본인 계좌 정보 일부를 확인합니다. 아 네, 가능합니다. 그러면 입금은 확인되면 바로 들어오는 건가요? 네, 통화 후 이상 없으면 순차적으로 처리됩니다. 혹시 제가 먼저 뭘 준비해야 해요? 신분증은 가까이 두시고, 문자로 받은 인증번호가 있으면 그것도 확인 부탁드립니다. 아, 알겠습니다. 그럼 지금 통화 진행하죠. 네, 감사합니다. 본인 확인 끝나면 바로 입금 처리 안내드리겠습니다.",0,A
normal_A_0320,"네, 상담센터입니다. 여보세요? 아, 네. 제가 대출 입금 요청을 했는데 승인됐는지 궁금해서 전화드렸어요. 네, 요청은 접수되어 있는데, 최종 입금 전 본인 확인 통화가 필요합니다. 아 그렇군요. 제가 혹시 놓친 문자가 있었나 봐요. 네, 문자와 함께 통화 요청이 발송됐을 수 있습니다. 대출 입금은 고객님 명의 계좌로 진행되기 때문에 확인 절차가 꼭 필요합니다. 음, 지금 통화하면 바로 처리되나요? 네, 가능합니다. 먼저 본인 확인 질문 드릴게요. 성함과 생년월일, 그리고 신청하신 대출 금액 말씀 부탁드립니다. 네, 김○○이고 생년월일은 9○○○년, 금액은 삼백만 원입니다. 네, 확인됐습니다. 추가로 입금 받을 계좌 끝 네 자리도 맞춰 보겠습니다. 아, 네. 이○○○입니다. 감사합니다. 본인 확인 완료되면 입금 처리 순서로 넘어갑니다. 다행이네요. 혹시 시간이 오래 걸리진 않겠죠? 보통은 바로 진행되지만, 시스템 확인이 겹치면 잠시 지연될 수 있습니다. 네, 기다리겠습니다. 통화 도와주셔서 감사합니다. 네, 금방 처리해 드리겠습니다.",0,A
normal_A_0321,"안녕하세요, 상담센터입니다. 네, 여보세요? 아, 안녕하세요. 제가 이번에 대출 심사가 통과됐다고 문자 받았는데, 그 다음에 상환은 어떻게 하면 되는지 좀 알려주실 수 있을까요? 네, 고객님. 우선 승인되신 내용 확인 도와드릴게요. 본인 확인을 위해 성함이랑 생년월일 말씀 부탁드립니다. 아, 네. 김○○이고요, 생년월일은 19○○년 ○월 ○일입니다. 감사합니다. 확인됐고요. 고객님 대출은 승인 완료 상태로 확인됩니다. 상환은 매달 자동이체로 하실 수도 있고, 앱에서 직접 납부하실 수도 있어요. 이율은 약정서에 안내된 연 ○퍼센트 기준으로 적용되고, 중도상환 수수료는 일정 기간 안에만 발생합니다. 아, 그럼 제가 자금이 좀 여유 있을 때 미리 갚아도 되는 거네요? 네, 맞습니다. 미리 상환하셔도 되고요. 다만 일부 금액만 상환하실 때는 남은 원금 기준으로 이자가 다시 계산됩니다. 아 그렇군요. 그럼 첫 상환일은 언제예요? 대출 실행일 기준으로 다음 달 같은 날짜에 시작되고, 휴일이면 다음 영업일로 넘어갑니다. 문자로도 안내드릴게요. 네, 감사합니다. 제가 혹시 앱에서 상환 계좌 바꾸려면 따로 신청해야 하나요? 네, 고객님. 계좌 변경은 본인 명의 계좌로만 가능하고, 화면에서 간편하게 신청하실 수 있습니다. 도움이 더 필요하시면 언제든 연락 주세요.",0,A
normal_A_0322,"여보세요, 은행 상담센터입니다. 네, 안녕하세요. 제가 대출 승인 안내를 받았는데요, 상환 방식이랑 이율을 다시 한번 확인하고 싶어서 전화드렸어요. 네, 고객님. 확인 도와드리겠습니다. 본인 확인 먼저 진행할게요. 성함과 휴대폰 번호 끝 네 자리 말씀 부탁드립니다. 아, 김○○이고요, 번호는 ○○○○입니다. 네, 감사합니다. 고객님 대출은 승인 상태로 조회되고, 상환은 원리금 균등 방식으로 설정되어 있습니다. 이율은 고객님 약정 조건에 따라 적용되며, 매달 납부 금액 안에 원금하고 이자가 같이 포함됩니다. 아, 그러면 제가 따로 자금을 넣어두면 알아서 빠져나가는 거예요? 네, 맞습니다. 상환 계좌에 잔액이 있으면 출금 처리됩니다. 만약 자동이체일에 잔액이 부족하면 연체가 될 수 있으니 미리 확인해 주시면 좋습니다. 아, 네. 혹시 중간에 여유 생기면 추가 상환도 가능한가요? 네, 가능합니다. 일부 또는 전액 상환 모두 가능하고, 전액 상환 시에는 당일 기준 이자가 반영됩니다. 아, 알겠습니다. 설명이 되게 친절하네요. 감사합니다. 네, 고객님. 다른 문의 있으시면 편하게 말씀 주세요.",0,A
normal_A_0323,"안녕하세요, 은행 전산 담당 상담센터입니다. 네, 안녕하세요? 제가 오늘 납부하려고 했는데 처리가 안 됐어요. 문자로는 접수됐다고 떴는데 금액이 아직 반영이 안 된 것 같아서요. 네, 고객님. 불편을 드려 죄송합니다. 현재 전산 시스템 오류로 일부 납부 건이 지연 처리되고 있습니다. 우선 고객님 접수 내역부터 확인해볼게요. 본인 확인을 위해 성함과 생년월일 말씀 부탁드립니다. 아, 네. 박○○이고 19○○년 ○월 ○일입니다. 감사합니다. 확인됐습니다. 고객님 납부 요청은 정상 접수됐고요, 다만 전산 반영이 늦어져서 금액이 아직 표시되지 않은 상태입니다. 아, 그럼 제가 잘못 낸 건 아니군요? 네, 아닙니다. 고객님 건은 정상적으로 들어와 있습니다. 시스템 복구가 되는 대로 순차 처리될 예정입니다. 아 그럼 대략 언제쯤 되나요? 정확한 시간은 말씀드리기 어렵지만 오늘 안으로 반영되는 경우가 많습니다. 혹시 급하게 확인이 필요하시면 영수증 번호로도 조회해드릴 수 있습니다. 아, 네. 제가 지금 받은 접수번호가 있는데 불러드릴까요? 네, 부탁드립니다. 아, 잠깐만요. 7로 시작하는 번호였고요, 뒤에 네 자리는 ○○○○입니다. 확인 감사합니다. 전산상 건은 정상 접수 상태로 보이고, 납부 금액도 다시 매칭 중입니다. 조금만 기다려주시면 처리 결과 안내 문자 드리겠습니다.",0,A
normal_A_0324,"여보세요? 은행 고객센터입니다. 네, 안녕하세요. 오늘 납부를 했는데 금액이 아직 안 빠져서요. 접수는 된 거 같은데 전산 문제인지 궁금해서 전화드렸어요. 아, 네 고객님. 현재 일부 거래가 전산 점검 때문에 늦어지고 있습니다. 우선 본인 확인 후에 납부 내역 확인해드릴게요. 성함 말씀 부탁드립니다. 이○○입니다. 네, 감사합니다. 고객님 납부 건은 접수는 완료됐고, 전산 반영이 지연되는 중입니다. 금액은 정상적으로 들어온 것으로 보이는데, 이체 완료 표시가 아직 늦게 뜨고 있네요. 아, 다행이네요. 그럼 제가 다시 낼 필요는 없는 거죠? 네, 다시 하실 필요 없습니다. 중복 납부가 되지 않도록 현재 상태를 확인 중이고요, 전산 복구 후에 바로 반영됩니다. 아, 알겠습니다. 혹시 제가 영수증 다시 받아두면 도움이 되나요? 네, 받으시면 좋습니다. 나중에 조회가 필요할 때 금액 확인이 빨라집니다. 아, 네. 그럼 문자로도 안내받을 수 있을까요? 네, 고객님 휴대폰 번호로 처리 결과 보내드리겠습니다. 기다려주셔서 감사합니다.",0,A
normal_A_0325,"안녕하세요, 상담원입니다. 여보세요, 안녕하세요. 비대면으로 계좌 개설하려고 하는데요, 중간에 개인정보 입력하는 부분에서 헷갈려서요. 아, 네 고객님. 계좌 개설 도와드리겠습니다. 본인 확인을 위해 성함과 생년월일 먼저 말씀 부탁드립니다. 네, 정○○이고 19○○년 ○월 ○일입니다. 감사합니다. 고객님 명의로 개설 진행 중인지 확인하려면 개인 정보 항목 몇 가지가 필요합니다. 주민등록상 주소, 휴대폰 번호, 그리고 현재 사용하시는 본인 명의 연락처가 맞는지 확인할게요. 아, 네. 그런데 제 가족 휴대폰으로 해도 되나 했거든요. 아, 계좌는 본인 명의로만 개설 가능해서 고객님 개인 정보 기준으로만 진행됩니다. 타인 명의 번호는 사용할 수 없습니다. 아 그렇군요. 그럼 사진 찍는 부분이랑 신분증 입력도 해야 하죠? 네, 맞습니다. 신분증 촬영 후 정보가 자동으로 인식되고, 개설 화면에서 이름, 주소, 직업 정보까지 확인해주시면 됩니다. 아, 제가 주소를 최근에 옮겨서 바뀌었는데 그건 어떻게 해요? 현재 정보와 다르면 개설 전에 수정이 필요합니다. 주민등록상 정보 기준으로 입력하시면 되고, 필요하시면 나중에 주소 변경도 별도로 신청하실 수 있어요. 아, 이해됐어요. 감사합니다. 네, 천천히 진행하시고 어려우시면 다시 전화 주세요.",0,A
normal_A_0326,"여보세요? 네, 은행입니다. 아, 안녕하세요. 제가 비대면 계좌 개설하려고 하는데 명의 확인 때문에 막혀서요. 네, 고객님. 도와드리겠습니다. 본인 확인 먼저 진행할게요. 이름과 생년월일 말씀 부탁드립니다. 네, 최○○이고요, 19○○년 ○월 ○일입니다. 감사합니다. 계좌 개설은 본인 명의 기준으로만 가능하고, 입력하신 정보가 신분증과 일치해야 합니다. 아, 그러면 제가 예전에 쓰던 개인 번호가 아닌 새 번호로 해도 되나요? 네, 가능합니다. 다만 현재 사용 중인 연락처를 정확히 입력해주셔야 인증 문자가 갑니다. 아, 그럼 개설 전에 주소도 확인하나요? 네. 주소, 직업, 거래 목적 같은 기본 정보도 확인합니다. 고객님 정보가 맞아야 개설이 완료됩니다. 아, 제가 중간에 사진이 흐리게 찍혀서 다시 해야 될 것 같은데요. 네, 다시 촬영하시면 됩니다. 신분증 정보가 선명하게 보여야 심사가 빨라집니다. 아 알겠습니다. 혹시 개설 완료되면 바로 사용할 수 있어요? 네, 대부분 바로 사용 가능하지만 일부 서비스는 추가 확인 후 열립니다. 안내 문자 보내드릴게요.",0,A
normal_A_0327,"안녕하세요, 카드 상담센터입니다. 네, 여보세요. 제가 카드 한도 조회 좀 하려고 하는데요, 해외 거래도 가능한지 같이 보고 싶어요. 네, 고객님. 확인 도와드리겠습니다. 본인 확인 위해 성함과 카드 번호 뒤 네 자리 말씀 부탁드립니다. 아, 네. 송○○이고, 뒤 네 자리는 ○○○○입니다. 감사합니다. 고객님 카드 이용 한도는 현재 조회되고 있고, 국내 이용은 정상입니다. 해외 거래 가능 여부는 카드 종류와 사전 설정에 따라 달라집니다. 아, 그러면 제가 해외에서 쓸 수 있는 카드는 따로 있는 건가요? 네, 맞습니다. 일부 카드는 해외 이용이 기본으로 열려 있고, 일부는 별도 신청이 필요합니다. 고객님 카드의 경우 현재 해외 거래는 가능 상태로 확인됩니다. 아 진짜요? 그럼 한도는 얼마나 남았어요? 현재 사용 가능 금액은 ○○만 원 정도 남아 있습니다. 다만 환전 수수료나 해외 승인 방식에 따라 실제 승인 금액은 조금 다를 수 있어요. 아, 이해됐어요. 제가 이번 달에 해외 결제 몇 번 예정인데, 이용 알림도 오나요? 네, 해외 이용 시 문자 알림이 나가고, 원하시면 앱 알림도 설정 가능합니다. 감사합니다. 네, 다른 문의 있으시면 말씀 주세요.",0,A
normal_A_0328,"여보세요? 카드 고객센터입니다. 네, 안녕하세요. 제가 카드 한도랑 해외 거래 가능 여부를 좀 확인하고 싶어서요. 아, 네 고객님. 도와드릴게요. 본인 확인을 위해 이름, 생년월일, 카드 뒤 네 자리 부탁드립니다. 네, 이○○이고요, 생년월일은 19○○년 ○월 ○일, 뒤 네 자리는 ○○○○입니다. 감사합니다. 고객님 카드 이용 한도는 현재 충분히 남아 있고, 국내 거래는 문제없이 가능하십니다. 해외 거래는 현재 일시 정지 상태가 아니라서 사용 가능으로 확인되네요. 아, 다행이다. 제가 지난번에 해외 결제하다가 안 돼서 혹시 막혀 있나 했거든요. 아, 그럴 수 있습니다. 보안상 일시 확인이 걸리면 해외 승인만 제한되는 경우가 있습니다. 지금은 정상 이용 상태입니다. 아 그렇군요. 그럼 제가 해외에서 결제하면 자동으로 승인되는 거죠? 네, 다만 가맹점에 따라 본인 인증이 추가될 수 있습니다. 그리고 해외 사용 알림은 문자로 바로 보내드립니다. 아, 좋아요. 한도 조정은 지금 바로 신청할 수 있어요? 네, 가능합니다. 소득 확인 서류가 필요할 수 있고, 심사 후 반영됩니다. 아, 네. 일단은 현 한도로 써볼게요. 설명 감사합니다.",0,A
normal_A_0329,"안녕하세요, 은행 대출 상담센터입니다. 네, 안녕하세요. 저 대출금 입금 요청을 넣어놨다고 들었는데요, 아직 안 들어온 것 같아서 전화드렸어요. 네, 고객님. 확인해보겠습니다. 다만 대출 입금 요청은 접수되었더라도 본인 확인 통화 절차가 한 번 더 필요합니다. 먼저 성함과 생년월일 말씀 부탁드립니다. 네, 한○○이고 19○○년 ○월 ○일입니다. 감사합니다. 고객님 요청은 시스템에 접수되어 있고, 현재 본인 확인 통화 대기 상태입니다. 입금은 확인 완료 후 순차적으로 진행됩니다. 아, 그럼 제가 따로 뭘 해야 하나요? 네, 지금처럼 상담에 응답해주시면 됩니다. 입금 계좌도 본인 명의 계좌인지 다시 한번 확인이 필요하고요. 아 네. 계좌는 제 명의 맞습니다. 혹시 연락이 늦어진 이유가 있나요? 보안상 확인 절차 때문에 그렇습니다. 대출금 같은 경우는 금액이 커서 본인 동의와 정보 일치 여부를 꼭 확인해야 합니다. 아, 이해했어요. 그럼 확인 끝나면 바로 입금돼요? 네, 통화 종료 후 바로 처리되는 경우가 많습니다. 문자로도 접수 결과 보내드릴게요.",0,A
normal_A_0330,"여보세요, 상담원입니다. 네, 안녕하세요. 대출금 입금 요청을 했는데 아직 통화 확인이 안 됐다고 해서요. 네, 고객님. 확인해드리겠습니다. 대출 입금 요청은 접수 완료됐지만, 본인 확인 통화가 필요해서 일시 보류 상태입니다. 먼저 고객님 성함과 휴대폰 번호 말씀 부탁드립니다. 네, 오○○이고요, 번호는 ○○○○입니다. 감사합니다. 네, 맞습니다. 요청 건은 들어와 있고요, 입금 전 마지막 확인 절차를 진행해야 합니다. 아, 그러면 제가 기다리면 되는 거네요? 네, 고객님. 통화로 본인 확인이 완료되면 입금 처리로 넘어갑니다. 혹시 요청하신 계좌가 본인 명의인지도 확인될까요? 네, 제 명의 계좌 맞아요. 아, 다행이네요. 그럼 금액은 그대로 들어오는 거죠? 네, 심사 승인된 대출 금액 기준으로 입금됩니다. 혹시 변동되면 따로 안내드릴게요. 아, 알겠습니다. 이런 절차가 있는지 몰랐어요. 네, 안전을 위한 기본 절차입니다. 조금만 더 기다려주시면 처리 도와드리겠습니다.",0,A
normal_A_0331,"안녕하세요, 고객님. 상담센터입니다. 네, 안녕하세요. 아까 대출 심사 승인 연락을 받았는데요, 이제 어떻게 진행하면 되는지 좀 여쭤보려고요. 네, 확인 도와드리겠습니다. 고객님 대출은 정상 승인되셨고요, 자금 실행 후에는 매달 같은 날짜에 자동 상환되도록 설정하실 수 있습니다. 아 그래요? 그럼 따로 직접 이체를 해야 하나요? 아니요, 자동이체로도 가능하고 직접 납부도 가능합니다. 이율은 현재 안내받으신 고정 이율 기준으로 적용되는데, 중도에 상환하실 경우에는 수수료가 일부 달라질 수 있어요. 음, 그럼 제가 일부만 먼저 갚는 것도 되나요? 네, 부분 상환도 가능하십니다. 상환일이나 금액 변경이 필요하시면 고객센터로 다시 접수해 주시면 돼요. 아 네, 그러면 처음 받은 자금은 바로 입금되는 거죠? 네, 승인 완료 후 지정 계좌로 순차 입금됩니다. 고객님, 혹시 추가로 궁금하신 부분 있으실까요?",0,A
normal_A_0332,"네, 상담원입니다. 네 안녕하세요, 제가 아까 대출이 승인됐다고 문자 받았는데 상환 방식이랑 이율을 좀 확인하고 싶어서요. 네, 도와드리겠습니다. 고객님은 현재 심사 통과 후 한도 자금이 확정된 상태고요, 상환은 원리금 균등 방식이나 만기 일시 상환 중에서 선택하실 수 있습니다. 아, 둘 다 가능한 거예요? 네, 상품에 따라 가능 여부가 다르고요. 안내받으신 이율은 약정 기간 동안 유지되는 기준이라서, 중간에 일부 상환을 하시면 잔액에 따라 이자 부담이 줄 수 있습니다. 그러니까 제가 초반에 조금 더 갚아도 되는 거네요? 네 맞습니다. 그리고 자동 상환 계좌를 지정해 두시면 매월 납부일에 자동 출금돼요. 만약 수동으로 하실 경우에는 안내받은 가상 계좌로 상환하시면 됩니다. 아, 이해됐어요. 그럼 승인된 금액은 언제부터 사용할 수 있죠? 자금은 오늘 중으로 입금 예정이고, 입금 완료 후 확인 문자 보내드리겠습니다.",0,A
normal_A_0333,"안녕하세요, 은행입니다. 네, 안녕하세요. 제가 납부한 게 아직 처리가 안 됐다고 해서요, 혹시 무슨 문제 있나요? 네, 확인해 보겠습니다. 현재 전산 시스템에 일시적인 오류가 있어서 접수된 납부 내역이 조금 지연되고 있습니다. 아, 그럼 제 금액이 잘못된 건 아니죠? 아니요, 금액은 정상적으로 접수됐고요, 전산 반영만 늦어지고 있습니다. 다행이네요. 그러면 언제쯤 처리가 될까요? 보통은 순차 복구되면 바로 반영되는데, 오늘 오후 안으로 대부분 처리됩니다. 고객님께서 따로 다시 납부하실 필요는 없고요, 이미 접수된 상태라 중복 출금은 되지 않게 확인하고 있습니다. 음, 네네. 혹시 제가 영수증 같은 거 다시 보내드려야 하나요? 아니요, 추가 서류는 필요 없고요. 전산 정상화되면 납부 완료 문자로 안내드릴 예정입니다. 아 네, 알겠습니다.",0,A
normal_A_0334,"여보세요, 은행인데요. 아 네, 안녕하세요. 어제 자동이체 납부가 안 됐다고 문자가 와서요. 네, 죄송합니다. 현재 전산 점검 중이라 일부 접수 건의 납부 처리 속도가 늦어지고 있습니다. 아, 전산 문제였군요. 그럼 제가 납부한 금액은 안전하게 잡혀 있는 거죠? 네, 고객님 금액은 정상 접수되어 있고요, 전산 반영만 지연된 상태입니다. 그러면 제가 다시 납부할 필요는 없겠네요? 네, 다시 하실 필요 없습니다. 중복 납부가 되지 않도록 시스템에서 확인 중입니다. 혹시 오늘 중으로 처리 안 되면 어떻게 되나요? 저희가 전산 복구되는 대로 우선순위대로 반영하고, 필요하면 납부일을 조정해 드립니다. 아, 네. 안내 감사합니다.",0,A
normal_A_0335,"안녕하세요, 고객지원센터입니다. 네, 안녕하세요. 비대면으로 계좌 개설하려고 하는데요, 필요한 게 뭐가 있나요? 네, 확인 도와드리겠습니다. 우선 본인 명의로 개설하시는 거 맞으시죠? 네, 맞아요. 그리고 신분증 촬영이 필요하고요, 개인정보 확인을 위해 이름, 주민등록상 생년월일, 연락처 같은 정보를 입력해 주셔야 합니다. 아, 그러면 가족 명의로는 안 되는 거죠? 네, 이 계좌는 개인 명의로만 개설 가능합니다. 음, 알겠습니다. 혹시 주소도 넣어야 하나요? 네, 주소와 직업 정보 일부도 확인이 필요합니다. 다만 입력하신 정보는 개설 심사와 본인 확인 용도로만 사용됩니다. 아 네, 그럼 제가 지금 바로 진행해도 되나요? 네, 가능합니다. 본인 확인 절차 완료되면 계좌 개설이 진행되고, 완료 문자로 안내드리겠습니다.",0,A
normal_A_0336,"네, 고객센터입니다. 안녕하세요. 비대면 계좌 개설 중인데 명의 확인 단계에서 멈춰서요. 아 그러세요? 제가 도와드릴게요. 고객님 계좌는 본인 명의로 개설하시는 게 맞고, 입력하신 개인 정보가 신분증 정보와 일치해야 합니다. 아, 제가 주소를 예전 걸 넣은 것 같은데 그럼 안 되나요? 음, 일치하지 않으면 다시 수정하셔야 해요. 개설 과정에서 입력하는 정보는 이름, 생년월일, 연락처, 주소처럼 기본적인 개인 확인 항목입니다. 그러면 가족 명의 휴대폰으로 인증받은 건요? 휴대폰은 본인 사용 정보가 확인돼야 해서, 가능하면 본인 명의 번호로 다시 인증하시는 게 좋아요. 아, 알겠어요. 그럼 다시 입력하면 개설 계속할 수 있죠? 네, 맞습니다. 본인 정보가 맞으면 바로 다음 단계로 넘어가실 수 있습니다.",0,A
normal_A_0337,"안녕하세요, 카드 상담센터입니다. 네, 안녕하세요. 제 카드 한도 좀 조회하고 싶은데요, 해외에서도 이용 가능한지도 같이 볼 수 있을까요? 네, 가능합니다. 고객님 카드 현재 이용 한도와 해외 거래 가능 여부를 함께 확인해드리겠습니다. 아 네. 지금 카드의 기본 한도는 얼마인가요? 잠시만요, 현재 사용 가능 한도는 남아 있고, 해외 거래는 기본적으로 가능하신 상태입니다. 오, 그러면 그냥 바로 쓸 수 있는 거예요? 네, 다만 일부 국가나 가맹점에서는 별도 인증이 필요할 수 있습니다. 음, 그럼 해외 결제 한도는 따로 설정해야 하나요? 필요하시면 한도 조정도 가능하고요, 카드 이용 패턴에 따라 보안 확인이 추가될 수 있습니다. 아, 그렇군요. 제가 이번 달에 해외 사이트에서 거래를 몇 번 해야 해서요. 네, 온라인 해외 거래도 가능하고, 이상 거래 방지 알림 설정도 같이 해드릴 수 있습니다. 아 좋아요, 그럼 알림도 부탁드릴게요.",0,A
normal_A_0338,"네, 카드센터입니다. 안녕하세요. 카드 이용 중인데 해외 거래가 가능한지 확인하고 싶어서 전화드렸어요. 네, 본인 확인 후 안내드리겠습니다. 고객님 카드 조회해 보니 현재 국내외 이용 가능 상태이고, 해외 거래도 열려 있습니다. 아, 다행이네요. 그럼 한도는 충분한가요? 네, 현재 사용 가능한 한도 내에서는 거래 가능하십니다. 다만 해외 결제는 환율 변동이나 현지 승인 방식 때문에 가끔 보류가 걸릴 수 있어요. 그러니까 카드 자체는 문제 없고, 거래만 상황에 따라 달라질 수 있다는 거죠? 맞습니다. 그리고 고객님이 원하시면 해외 이용을 잠시 제한했다가 다시 여는 것도 가능합니다. 아, 저는 이번 여행 동안만 쓰고 싶어서요. 네, 그럼 출국 기간에 맞춰 이용 설정을 바꿔드릴 수 있습니다. 추가로 분실이나 오인 거래 알림도 함께 신청해드릴게요.",0,A
normal_A_0339,"안녕하세요, 대출 상담팀입니다. 네, 안녕하세요. 대출금 입금 요청을 넣었는데요, 왜 아직 안 들어왔는지 궁금해서요. 네, 확인해 보겠습니다. 고객님 요청은 접수되어 있는데, 입금 전 본인 확인 통화 절차가 한 번 필요합니다. 아, 통화 절차요? 네, 대출금은 본인 확인이 완료되어야 입금 진행이 가능합니다. 음, 제가 지금 전화 받은 게 그 확인 전화인가요? 네, 맞습니다. 고객님 성함과 생년월일 확인 후 진행해도 될까요? 네, 가능합니다. 확인되면 입금 요청 순서대로 처리되고, 지정하신 계좌로 바로 입금 안내드리겠습니다. 아 네, 그럼 제가 따로 준비할 건 없나요? 현재는 본인 확인만 되면 됩니다. 혹시 계좌 정보가 변경되셨으면 미리 말씀해 주세요. 아니요, 그대로예요. 그럼 확인 끝나면 오늘 중으로 입금되는 건가요? 네, 절차 완료 후 순차 입금됩니다.",0,A
normal_A_0340,"안녕하세요, 상담원입니다. 네 안녕하세요. 제가 대출금 입금 요청을 해놨다고 들었는데, 통화가 필요하다고 해서요. 네, 맞습니다. 고객님 요청은 정상 접수됐고, 입금 전에 본인 확인 통화를 진행해야 합니다. 아, 그럼 제가 지금 전화 잘 받은 거네요. 네, 그렇습니다. 대출은 보안상 본인 명의와 통화가 확인되어야 입금 처리할 수 있어요. 음, 이해했습니다. 제가 이름이랑 생년월일 말씀드리면 되나요? 네, 맞습니다. 확인되면 요청 건이 바로 반영되고 입금 순서로 넘어갑니다. 혹시 제가 다른 번호로 연락드려야 하나요? 아니요, 현재 통화로 확인 가능하시면 됩니다. 아 네. 그럼 끝나면 바로 입금 요청이 처리되는 거죠? 네, 절차 완료 후 안내 문자 드리고, 계좌로 입금 진행됩니다.",0,A
normal_A_0341,"상담사입니다, 무엇을 도와드릴까요? 아 네, 저 대출 심사 결과 확인하려고 전화드렸는데요. 아, 네 고객님, 확인 도와드리겠습니다. 본인 확인부터 진행할게요. 성함이랑 생년월일 말씀 부탁드립니다. 네, 홍길동이고요, 생년월일은 이천년 삼월 오일입니다. 감사합니다. 잠시만요, 네 확인됐습니다. 고객님 대출은 승인 완료되셨고요, 자금 집행은 오늘 오후 안으로 진행됩니다. 아 그래요? 그럼 상환은 어떻게 하면 되나요? 네, 안내드리겠습니다. 상환은 매달 같은 날짜에 자동이체로 하실 수도 있고, 원하시면 중도상환도 가능합니다. 이율은 고객님 심사 결과 기준으로 연 오점오 퍼센트로 적용되셨고요. 음, 생각보다 괜찮네요. 네, 맞습니다. 그리고 첫 달은 이자만 납부하시고 이후부터 원리금 상환으로 전환되는 방식입니다. 아, 그러면 제가 따로 해야 할 건 없나요? 계좌만 등록되어 있으면 별도 조치는 없으시고요, 혹시 변경 원하시면 언제든 문의 주시면 됩니다. 아 네, 감사합니다. 네, 이용해 주셔서 감사합니다.",0,A
normal_A_0342,"안녕하세요, 상담원입니다. 네, 저 대출 관련해서 문의드릴게요. 아 네, 어떤 부분이실까요? 제가 아까 대출 승인 안내를 받았는데, 자금 받는 날짜랑 상환 방식이 좀 헷갈려서요. 아, 네 고객님, 바로 설명드리겠습니다. 먼저 승인된 대출은 이자율이 확정되어 있고, 자금은 신청하신 계좌로 순차 입금됩니다. 음, 그럼 바로 들어오는 건 아니고요? 네, 보통 당일 안에 처리되지만 은행 마감 시간에 따라 조금 차이 날 수 있습니다. 상환은 매월 지정일에 자동 납부로 진행하실 수 있고, 원하시면 수동 상환도 가능합니다. 아 그렇군요. 이율은 변동인가요, 고정인가요? 고객님 건은 고정 이율로 안내되어 있고, 승인 당시 조건 그대로 적용됩니다. 아, 다행이네요. 제가 중간에 자금 사정이 좀 바뀔 수도 있어서 미리 알아봤어요. 네, 이해합니다. 혹시 조기 상환을 하시더라도 별도 수수료는 확인 후 안내드릴 수 있습니다. 아 네, 그건 나중에 다시 물어볼게요. 네, 언제든지 편하게 연락 주세요.",0,A
normal_A_0343,"안녕하세요, 은행 전산 담당 부서입니다. 아 네, 저 납부 처리 확인하려고 전화드렸는데요. 네, 고객님 접수 내용 확인해 보겠습니다. 성함과 연락처 말씀 부탁드립니다. 네, 김민수고요, 연락처는 이쪽입니다. 감사합니다. 잠시만 기다려 주시겠습니까? 네. 아, 기다려 주셔서 감사합니다. 현재 전산 시스템 오류로 인해 일부 납부 건이 지연 접수되고 있습니다. 아 그래요? 제가 오늘 금액을 넣어놨는데요. 네, 확인상 고객님 납부 금액은 정상적으로 입력되어 있고, 처리는 순차 반영 중입니다. 그러니까 돈이 빠져나간 건 맞는데 아직 반영이 안 된 거네요? 네, 맞습니다. 시스템 복구가 진행 중이라서 조금 늦어지는 상황입니다. 아, 그럼 불이익은 없나요? 없습니다, 고객님. 접수 시간 기준으로 정상 처리 예정이라 연체로 보시지 않으셔도 됩니다. 다만 전산 반영이 완료되기까지는 조금만 양해 부탁드립니다. 네, 알겠습니다. 혹시 다시 확인하려면 언제쯤 보면 될까요? 한두 시간 뒤에 다시 조회해 보시면 되고요, 그래도 안 보이면 저희가 재안내드리겠습니다. 아 네, 감사합니다. 네, 불편 드려 죄송합니다.",0,A
normal_A_0344,"고객센터입니다. 네, 저 납부했는데 확인이 안 돼서요. 아, 네 고객님. 먼저 확인 도와드리겠습니다. 성함이랑 생년월일 말씀 부탁드립니다. 네, 이지은이고, 생년월일은 구십육년 칠월 십사일입니다. 감사합니다. 고객님, 현재 전산 쪽 지연으로 납부 접수가 바로 보이지 않는 상태입니다. 아, 제가 오늘 아침에 금액 넣었는데요? 네, 확인상 금액은 정상 도착했고, 처리 순서가 밀려서 반영이 늦어지고 있습니다. 음, 그럼 다시 납부해야 하는 건 아니죠? 아니요, 중복 납부는 하지 않으셔도 됩니다. 저희 쪽에서 전산 복구되면 자동 반영될 예정입니다. 아 그래요, 다행이다. 혹시 제가 따로 접수 번호 같은 걸 받아야 하나요? 네, 문의 접수는 이미 잡혀 있고요, 필요하시면 접수 번호 문자로 보내드릴 수 있습니다. 아, 보내주세요. 네, 바로 처리해 드리겠습니다. 그리고 납부 내역이 보이지 않더라도 고객님께 불이익 없도록 조치하겠습니다. 아 네, 감사합니다. 불편을 드려 죄송합니다.",0,A
normal_A_0345,"안녕하세요, 비대면 계좌 개설 상담입니다. 아 네, 저 계좌 개설하려고요. 네, 가능합니다. 먼저 본인 명의 확인을 위해 기본 정보 안내가 필요합니다. 아, 네. 성함과 생년월일, 그리고 개인 정보 동의가 필요합니다. 음, 개인 정보라면 어떤 거요? 개설 진행에 필요한 범위만 확인합니다. 이름, 생년월일, 휴대폰 번호, 주소 일부, 그리고 본인 명의 여부 확인 정도입니다. 아, 알겠습니다. 저는 박서준이고요, 생년월일은 이천일년 이월 삼일입니다. 네, 감사합니다. 휴대폰은 본인 명의 맞으시고요? 네, 맞아요. 그러면 개설 절차 진행하겠습니다. 신분증 촬영과 얼굴 인증도 진행되는데, 이건 개인 식별을 위한 절차입니다. 아, 네네. 혹시 가족 명의로는 안 되죠? 네, 계좌는 반드시 본인 명의로만 개설 가능합니다. 아 그렇구나. 그러면 정보 입력한 뒤 바로 사용할 수 있나요? 심사 완료되면 바로 사용 가능하고, 입출금 기능도 활성화됩니다. 아, 좋네요. 네, 중간에 막히는 부분 있으면 제가 계속 안내드리겠습니다.",0,A
normal_A_0346,"비대면 계좌 개설 관련해서 문의드려요. 안녕하세요. 네, 고객님. 어떤 부분이 궁금하실까요? 제 명의로 계좌를 하나 새로 개설하려는데, 필요한 정보가 뭐뭐인지 알고 싶어요. 아, 네. 먼저 본인 명의 확인이 필요하고, 개설에 필요한 개인 정보 동의가 진행되어야 합니다. 음, 개인 정보는 너무 많지 않나요? 아니요, 최소한의 정보만 확인합니다. 성함, 생년월일, 휴대폰 번호, 그리고 신분증 정보 정도입니다. 아 그래요? 제가 다른 사람 계좌를 대신 만들어주는 건 아니고요? 네, 안 됩니다. 개설은 반드시 본인 확인 후 본인 명의로만 가능하십니다. 아, 그렇군요. 그럼 제가 온라인으로 신청하면 바로 되는 거예요? 신청 후 정보 검토가 끝나면 순차적으로 개설됩니다. 신분증 촬영이랑 본인 인증도 필요하고요. 아 네, 알겠습니다. 혹시 주소도 입력해야 하나요? 네, 고객 확인 절차상 주소 확인이 들어갈 수 있습니다. 아, 네네. 그럼 준비해서 다시 신청해 볼게요. 네, 진행 중 어려우시면 언제든 문의 주세요.",0,A
normal_A_0347,"안녕하세요, 카드 상담센터입니다. 네, 저 카드 한도 조회하고 싶어서요. 아 네, 가능합니다. 본인 확인 먼저 도와드릴게요. 성함이랑 생년월일 부탁드립니다. 네, 김하늘이고요, 생년월일은 구십팔년 팔월 이십사일입니다. 감사합니다. 잠시만요, 고객님 카드 현재 이용 한도는 일일 백오십만 원, 월간 오백만 원으로 확인됩니다. 아, 생각보다 괜찮네요. 해외 거래도 가능할까요? 네, 기본 설정은 국내 이용만 가능하지만, 해외 거래는 별도 신청 후 가능하십니다. 음, 그러면 지금 바로 바꿀 수 있나요? 가능합니다. 다만 보안상 본인 확인을 한 번 더 거친 뒤 해외 사용 가능 여부를 열어드려요. 아 그래요? 그럼 여행 가기 전 미리 해두면 되겠네요. 네, 맞습니다. 그리고 일부 국가에서는 카드 이용이 제한될 수 있어서 출국 전에 한 번 더 확인하시는 게 좋습니다. 아 네, 그럼 신청해 주세요. 네, 처리해 드리겠습니다. 완료되면 문자로 안내드릴게요.",0,A
normal_A_0348,"카드센터입니다. 아 네, 저 카드 한도랑 해외 거래 가능 여부 좀 확인하고 싶어요. 네, 도와드리겠습니다. 우선 본인 확인을 위해 등록 정보 확인이 필요합니다. 네, 제 명의 카드고요, 이름은 정유진입니다. 생년월일은 구십칠년 십이월 이십일일이고요. 네, 감사합니다. 현재 고객님 카드 이용 한도는 국내 거래 기준으로 확인되며, 해외 거래는 기본 차단 상태입니다. 아, 그럼 지금은 못 쓰는 거네요? 네, 현재는 불가능하고, 해외 사용 승인 신청을 하시면 가능하게 바꿀 수 있습니다. 아 그래요. 한도는 여유가 있나요? 네, 사용 가능 한도는 아직 충분히 남아 있습니다. 다만 해외 거래가 승인되면 일부 가맹점에서는 즉시 승인되지만, 나라별로 차이가 있을 수 있습니다. 음, 그럼 제가 출국 전에 미리 요청하면 되겠네요. 네, 맞습니다. 출국 일정에 맞춰 조정하시면 됩니다. 아 네, 설명 감사합니다. 지금은 한도만 확인하고, 해외 거래는 나중에 다시 신청할게요. 네, 언제든 연락 주세요.",0,A
normal_A_0349,"상담사입니다. 네, 저 대출금 입금 요청한 건 확인하려고요. 아 네, 고객님. 확인 도와드리겠습니다. 먼저 본인 확인을 위한 통화 절차가 필요합니다. 아, 본인 확인이요? 네, 대출 입금 요청은 접수되어 있는데, 보안상 등록된 연락처로 통화 확인을 거쳐야 진행됩니다. 음, 왜 통화를 따로 해야 하나요? 대출금은 민감한 금융 거래라서 고객님 본인 요청이 맞는지 확인하는 절차입니다. 성함과 생년월일 말씀해 주시겠습니까? 네, 박지훈이고, 생년월일은 이천일년 오월 이십육일입니다. 감사합니다. 지금 접수된 대출 입금 요청은 확인 단계에 있고, 통화 인증이 끝나면 순차 입금 처리됩니다. 아, 그럼 지금 바로 되는 건 아니네요. 네, 절차상 잠시만 기다려 주셔야 합니다. 혹시 다른 번호로 연락받으셨다면 그 번호로는 확인이 어려울 수 있습니다. 아, 저는 지금 이 번호로 전화드린 거예요. 네, 좋습니다. 그러면 제가 본인 통화 확인을 진행하고, 완료 후 입금 일정 안내드리겠습니다. 아 네, 부탁드립니다.",0,A
normal_A_0350,"안녕하세요, 금융 상담센터입니다. 네, 저 대출 입금 요청 넣었는데요. 아 네, 확인해 보겠습니다. 고객님 성함이랑 생년월일 말씀 부탁드립니다. 네, 이서연이고, 생년월일은 구십오년 사월 십일일입니다. 감사합니다. 고객님 건은 대출 입금 요청이 접수되어 있습니다. 다만 본인 확인 통화 절차가 아직 완료되지 않아서 바로 입금은 어렵습니다. 아 그래요? 제가 어제 신청했는데요. 네, 신청은 확인됐고요, 등록된 연락처로 통화가 되어야 최종 진행됩니다. 음, 그러면 제가 지금 전화드리면 되는 거예요? 네, 맞습니다. 현재 이 통화로 본인 확인을 진행하시면 됩니다. 잠시만요, 본인 확인 질문 드리겠습니다. 신청하신 대출 금액과 입금받을 계좌 마지막 네 자리를 말씀해 주시겠습니까? 아, 네. 금액은 삼백만 원이고, 계좌 끝자리는 이삼사오입니다. 확인 감사합니다. 이제 통화 확인이 완료되어 입금 처리를 넘길 수 있습니다. 아, 다행이네요. 네, 접수 완료 후 처리되면 문자로 안내드리겠습니다. 네, 감사합니다.",0,A
normal_A_0351,"아 여보세요? 네, 여보세요? 아니 제가 그 카드를 재발급 얼마죠? 재발급 받았는데. 네. 그 기존에 있던 그 카드랑 연결돼 있던 자동이체들이 네. 바로 재발급 받아도 자동으로 넘어갔던 것 같은데 하나도 자동으로 넘어가는 게 없는 것 같아서 그러세요? 일단 전화 주신 ▲▲▲ 님은 본인 맞으십니까? 네, 네. 새로 받은 ▲▲▲▲▲▲카드로 확인되고 있는데요, 일단 저희가 일반 통신요금이라든지 이런 부분은 새 카드로 다 승계가 되거든요. 이게 이제 통신도 그 뭐 오티티 서비스 자동 결제라든지, 뭐 이런 자동결제 애기들이 다 넘어가지를 않더라고요? 네, 오티티는 저희가 넘어가지 않아서 옮겨 주셔야 되고요, 보험료도 저희가 일단은 승계되는 게 있고 안 되는 게 있어서 일단은 그러니까 ▲▲▲▲▲▲ 통신 요금을 자동 이체해 놓으신 거 이거는 저희가 승계가 되거든요. 넷플릭스라든지 이런 부분은 다 옮겨주셔야 되고 네. 아 그건 그래요? 그리고 쿠팡, 쿠팡 넘겨주셔야 되고요. 그리고 뭐 옮겨야 되는 게 있나요? ▲▲손해보험, 이건 자동이체가 아니시죠? 자동이체, 그거인 것 같은데 ▲▲손해보험요. 아 그거는 통장에서 나가는 것 같은데 그러세요? 네, 이거 보니까 ▲▲월 달, ▲▲월 달에 한 번씩 승인됐던 게 있고 이거 아니시면 상관없으시고 그거 말고는 그러니까 이거 ▲▲▲▲ 승인된 거는 아마 자동차 보험일 것 같고 네. 그러시죠? 네, 그러면 자동이체는 아니시고 그럼 제가 최근 ▲▲개월로 쿠팡 이랑 넷플릭스만 그리고 통신요금 이렇게 3개는 지금 바로 확인되는데 통신요금은 제가 옮겨지기 때문에 넷플릭스, 쿠팡은 따로 그 변경해 주셔야 된다라는 점 예. 말씀드리겠습니다. 예, 왜 그건 안 되는 거죠? 그리고 제가 뭐 아무래도 저희 쪽으로 완전히 제휴가 되는 곳이 아니기 때문에요. 알겠습니다. 네, 상담원 ▲▲▲이었습니다. 예.",0,A
normal_A_0352,"일상의 즐거운 변화 LGU+ <NAME>입니다. 네. 저희 그 아들이 타사 번호 그거 약정이 끝났다고 연락이 와 가지구요. 네. 아 그러세요? 네, 네. <NAME> 고객님 명의의 휴대폰으로 확인되는데 맞으시구요. 전화 주신 고객님 관계와 성함은 어떻게 되세요? 엄마 <NAME>. 네. 정보 하나 더 확인할 텐데 납부방법은 은행, 카드, 지로, 중에 어느 걸로 되어 있으세요? 카드 아닌가요? 네. 확인 너무 감사드립니다. 지금 보니까 선택약정이라고 해서 25% 할인이 끝나 있으시더라구요. 네. 네. 신청해 드릴 텐데 이거는 통신사 약정이어서 통신사는 1년 동안이나 2년 동안 선택하셔서 약정 걸어 주시는 건데 기간은 어떤 게 편하세요? 네. 2년이요. 24개월로 진행할까요? 네, 네. 네. 그러면 녹취 하겠습니다. 잠시만 기다려 주세요. 네. 지금부터 선택약정할인 녹취 가입 과정을 진행하겠습니다. 기간을 채우지 못하면 반환금이 나오는데 주요사항은 문자로 발송해 드렸습니다. 반환금이 발생하는 경우는 중도해지 미적용 단말기로 기기변경, 약정미승계, 명의변경에 해당합니다. 세부적인 내용은 홈페이지에서 확인 가능합니다. 문자 확인하셨습니까? 확인해 주시면 네라고 말씀해 주세요. 이용조건에 동의하시면 바로 서비스 등록하겠습니다. 선택약정할인 가입에 동의하십니까? 네. 네. 24개월 약정사항이랑 위약금 산정방식 문자로 보내드릴 텐데 문자 받아 보실 휴대폰 번호는 어떻게 되십니까? <MOBILE_NUMBER>. 네. 문자 보내드렸는데 확인 한번만 해주세요. 네. 네. 그럼 바로 24개월 약정 등록하겠습니다. 그 원래 지금 하던 요금제 그대로 해서 24개월로 되는 건가요? 네. 기존처럼 요금할인 기존에 할인 받던 것처럼 요금 나오는 거예요. 그래서 얼마죠? 확인해 보겠습니다. 예. 요금제가 <CHARGE> 요금제로 데이터가 2GB까지 제공되고 속도가 느려지는 요금제거든요. 예. 네. 뭐 사용하시는데 뭐 느리거나 뭐 불편하신지는 않으세요. 사용량은 님보니까 조금 많으시더라구요. 아 지금 원래 기존에 나왔던 요금이 아 잠시만요. 네. <CHARGE>이세요. 25% 할인 들어가고 저희 유샵에서 구매하게 해주셔서 유샵 그 7% 할인이 또 추가로 들어가더라구요. 네. 네. 그래서 <CHARGE> 요금제인데 할인다 받아서 <CHARGE>요금 나오시는 거예요. 아 네. 알겠습니다. 감사합니다. 네. 추가 문의 사항은 따로 없으시구요? 네. 네. 남은 시간 화이팅 하시고 건강 유의하세요. 네. 감사합니다. 예. 감사합니다.",0,A
normal_A_0353,"상담원 ▲▲▲입니다. 네, 수고하십니다. 저는 고객 ▲▲▲인데요. 네, 감사합니다. ▲▲▲ 님 안녕하세요? 네, 지금 문자 메시지를 지금 받았어요. 아 그러세요? 제 카드가 오픈 카드로 등록이 됐다고요? 네. 오픈 카드 등록이라는 게 무슨 말씀이세요? 글쎄요. 오픈 카드로 지금 잠시만요, 다시 한번 확인할게요. 네, 제가 기다릴게요. 천천히 확인하셔도 됩니다. 잠시만 기다려 주세요. 예, 제가 기다리겠습니다. 천천히 확인하셔도 됩니다. 네, 오늘자 ▲▲시 ▲▲분이래요. 오늘 날짜요. 네. 저 계좌 ▲▲▲▲▲ 거기로 오픈뱅킹 자동 이체 출금이 등록되었다고 되어 있네요. 아 그러세요? ▲▲카드 본인 확인 후 제가 안내하겠습니다. 손님 생년월일과 휴대폰 번호 어떻게 되세요? 네, ▲▲▲▲▲▲. 휴대폰 번호 말씀해 주시겠습니까? ▲▲▲▲▲▲▲▲▲▲▲ 네, 전화 주신 손님은 ▲▲▲ 님 맞으시죠? 마지막으로 ▲▲카드와 연결돼 있는 결제 은행이 어디 은행이십니까? ▲▲은행이요. 네, 손님께서 금일 ▲▲카드에 가입하셨어요. 그래서 ▲▲카드에 가입하실 때 오픈 뱅킹에 체크하셔서 가입을 하신 것 같아요. 예. 오픈 뱅킹 서비스라고 해서 ▲▲카드 앱에 손님 계좌를 등 해서 이체하고 송금하고 그런 부가서비스가 있는데 그 부분에 가입되었다는 말이에요. 아 네, 제가 조금 전에 문자 하나를 우수 고객으로 해서 오고 뭐 그게 문자가 와서 그 링크를 체크하다가 그게 됐나 봐요. 네, 네. 오픈 뱅킹 서비스에 가입된 거고요, ▲▲▲▲ 같은 거예요. 예, 그 취소해 주세요. 오픈 뱅킹도 취소는 저희 쪽에서 할 수가 없고요. 네. 앱에서 취소하시면 됩니다. 예, 됐어요. 그런데 사실 제가 체크카드밖에 안 쓰고 있거든요. 네. 그래도 취소해야 되죠? 네. 그것도 오픈 카드가 되나요? 오픈 뱅킹은 아니에요. 그냥 손님 계좌를 여러 개 관리하는 거예요. 일종의 한 번에 보고 관리하는 거예요. 네. 네, 저도 쓰고 있어요. ▲▲카드 앱으로 폰 뱅킹을 이용해요. 저는 병원에 오픈 카드 제도가 있어서 그거하고 똑같은 건가 그랬어요. 여러 계좌를 한 번에 모아서 등록해서 이체하고, 송금하고, 잔액을 볼 수 있고 그런 서비스예요. 아 그런 거군요. 특별히 그러면 앱에 들어가서 그 취소하고 그런 건 아닌가요? 네, 네. 취소하셔도 되지만 ▲▲ 하시고 싶으시면 제가 경로를 문자로 보내드리겠습니다. 네, 네. 네, 문자 보내겠습니다. 감사합니다. 상담원 ▲▲▲이었습니다. 네, 감사합니다.",0,A
normal_A_0354,"지금은 정상 업무가 종료되어서 분실 접수만 가능합니다. 분실 접수이신가요? 정지 때문에 문의드리려고 하는데요. 휴대폰을 정지하신다구요? 네. 근데 장기 정지할 것 같아서요. 그럼 우선 확인해 드릴 텐데 연락 주신 고객님 <NAME> 고객님 본인 되실까요? 네. 보통 정지가 1년에 2번, 최대 <DATE>까지 가능하시기 때문에 <DATE> 이후에는 자동적으로 정지 해제가 되시구요. 장기적으로 정지를 하신다고 하셨는데 혹시 어느 정도까지 정지하실 예정이세요? 제가 해외를 나가서 길어질 것 같아요. 아, 그러세요? 해외 일시 정지 같은 경우에는 비행기 편 보내주셔야 장기 일시 정지가 가능하신데 혹시 그러면은 해외에 나가시는 일정은 어떻게 되세요, 고객님? 제가 <DATE> 출국이라서요. 아, 그럼 비행기 타는 티켓은 발급을 받아 주신 거예요? 네, 확인하고 있어요. 그럼 장기 일시 정지는 현재 티켓 보내주시면 혹시 바로 가능하실까요, 고객님? 네. 그러면은 서류 바로 보내주시면 제가 일시 정지를 도와드릴 거고 정지 기본료는 월 <CHARGE>으로 약정 기간에는 정지 기간이 포함되지 않으시고 멤버십 등급은 하향되신다는 점 참고 부탁드리구요. 정책 안내 사항은... 알았어요. 그럼 제가 안내 사항은 문자로 같이 남겨봐 드릴 텐데 혹시 문자 받으셨잖아요? 네, 왔어요. 네. 그럼 비행기 편은 저희 고객님 명의로 발급을 받아 주신 거 보내주시면 되구요. 지금 저희 고객님께 제가 문자를 하나 남겨드릴 텐데 문자 도착하셨는지 확인 부탁드릴게요. 네, 왔어요. 네. 그럼 정지는 혹시 언제쯤에 도와드릴까요? <DATE> <DATE> 정지하시게 되면은 저녁 10시에서 12시 사이에 순차적으로 정지가 들어가시는데 괜찮으십니까? 저녁 10시요? 네. 네, 네. 그럼 서류는 바로 발송 가능하시다고 하셔서 보내주시면 제가 정지 예약 후에 고객님께 문자로 처리 결과를 남겨드릴게요. 네, 이거 서류를 사진 찍어서 드려도 되나요? 네, 저희 고객님께 문자 보내드렸는데 문자상에서 휴대폰으로 서류보내겠다고 하는 인터넷 주소 있으실 거예요. 네, 네. 그 인터넷 주소 클릭 후에 고객님 간단한 정보 입력 후 사진을 찍어서 보내주시는 방법이시기 때문에 그렇게 보내주시면 됩니다. 네. 그럼 서류 보내주시면 처리 후에 문자를 제가 바로 남겨드리도록 하겠습니다. 네, 감사합니다. 네, 감사합니다.",0,A
normal_A_0355,"상담원 ▲▲▲입니다. 네, 오늘 결제 대금이요. 네, 네. 거의 빠져나갔는데 지금 나머지 입금 시키려고 그러는데요. 아 그러십니까? 저희가 지금 이 시간 때는 이제 그 일반 업무 시간은 끝났고 일반업무 상담 부분으로 이렇게 부분적으로만 가능하다보니까 지금 출금이 얼마정도 되었는지 지금 확인되지를 않습니다. 아 그러면 가상 계좌를 알려주세요. 아 그렇게 하면 혹시 손님 확인하시고 입금해 주시면 되시고요. 본인 확인 먼저 하겠습니다. ▲▲카드에 등록된 휴대폰 번호가 몇 번이실까요? 예. ▲▲▲▲▲▲▲▲ 네, 전화주신 손님 본인의 성함을 말씀해주시겠습니까? 아, ▲▲▲. 예, 생년 월일이 어떻게 되시나요? ▲▲▲▲▲▲ 아 네. 확인 감사합니다. 결제 은행은 어디실까요? 예. 결제 은행이 어디실까요? 아 내가 ▲▲ 확인 감사합니다. 저희가 타기관 같은 경우는 바로 확인되지 않다보니까 좀 번거롭지만 얼마 정도 되었는지 확인하시고 나머지 금액만 입금해주시면 되시고요. 가상 계좌는 ▲▲, ▲▲, ▲▲은행 가능한데 어디로 발송해드릴까요? 예. ▲▲으로요. 알겠습니다. 당월 금액 제가 문자는 당월 금액 ▲▲▲▲▲▲▲▲▲▲▲원과 가상 계좌가 발송이 될 텐데요, 나머지 금액만 확인하시고 여기로 입금해 주시면 되시고요. 내년 ▲▲월 ▲▲일 ▲▲월 달 결제 금액만 이거 하고 있잖아요. 네, 맞습니다. 그리고 지금 결제를 하셔도 결제 계좌에 잔고가 있는 경우 이중 출금될 수 있으므로 잔고 비워두시고요. 혹시 이중 출금이 되면 평일 기준으로 출금 익일 손님의 결제 계좌로 환불되기 때문에 예, 알았어요. 요금이 가능한 정상 계좌인지 확인 한번 해 주시고 제가 문자 발송해드릴 테니까 참고 한번 부탁드리겠습니다. 네, 감사합니다. 감사합니다. 상담원 ▲▲▲이었습니다. 예.",0,A
normal_A_0356,"일상의 즐거운 변화 LGU+ <NAME>입니다. 네, 안녕하세요? 안녕하세요? 네, 저기 저 휴대폰 요금이 미납돼 있는 거 같은데.... 아 바로 한번 확인해 드릴 텐데요. 번호가 <NAME> 명의자분 본인되십니까? 네, 맞습니다. <DATE> 요금이 아직 납부 반영이 안 되어 있어서요 <CHARGE> 확인되세요. 아 그거 지금 입금하면 되는 건가요? 네, 결제 바로 해드릴까요, 고객님? 예, 다른 미납은 없습니까? 이 번호로는 다른 미납은 없는데요. 다른 번호가 있으신가요? 아니 그게 아니라, 이게 확인해 보니까 뭐 <CHARGE> 나오더라구요. 저희도 눌러주신 번호만 고객님 확인이 되는 것이기 때문에, 고객님 성함으로 조회를 해 보셨어요? 네. 그러면 주민번호 앞자리 한번 불러주세요. 고객님 번호 말고 다른 이력이 있는지 한번 볼게요. 네, <BIRTH_NUMBER>. 네, 잠시만 기다려 주세요. 네. 기다려서 감사합니다. 아마 청구서를 보셨을 건데 이게 보면은 지금 <DATE> 요금 나오는 거 빼고 얼마 전에 <DATE>에 <CHARGE> 가량 요금 미납된 거 정리를 한번 하셨거든요. 네. 미납된 거 정리한 거랑 실제로 <DATE>에 나온 금액이 <CHARGE>이라고 했을 때 저희가 <DATE> 후에 납부가 되다보니까 아마 청구서에는 미납된 거랑 합쳐 가지고 <CHARGE> 기재가 되어 있었을 거구요. 아 네. 지금 이제 납부했기 때문에 미납된 거는 없어요, 고객님. 아 그러면은 <DATE> 요금만 지금 내면 되는 건가요? 네. 아 그거 혹시 금액하고 따로 보내주실 수 있나요? 네, 그럼 전용 계좌번호가 편하신 거면 문자로 보내드릴 수 있는데요. 어디 은행 계좌가 좀 편하실까요? 농협으로 해주시구요. 잠시만요. 네. 지금 보낸 거는 고객님 전용 계좌번호라서 메모해 뒀다가 매달 입금이 가능하구요. 문자 왔는지 한번 봐주세요. 예, 받았습니다. 네, 이쪽으로 해서 납부해 주시고 납부하면 문자 가니까 그걸로 확인해 주시면 됩니다. 네, 알겠습니다. 감사합니다. 네, 감사합니다. 추운 날씨 건강 조심하십시오. 네.",0,A
normal_A_0357,"상담원 ▲▲▲입니다. 예, 예 저기 ▲▲▲인데요. 네, 안녕하세요? 어제 그 ▲▲카드 결제일인데 통장에다 돈을 넣어놨는데 그 이체를 안 해 간 거 같은데 확인 좀 한번 부탁드릴게요. 네, ▲▲▲님 본인 맞으십니까? 예, 예. 네, 어제 6월 10일에 출금 요청 금액이 2,176,000원 모두 정상 납부 처리된 걸로 확인되시고요. 아 그래요? 어제 다 빼 갔죠? 그런데 그 리볼빙 1,084,000원 뭐 문자 온 거 뭐지요? 네, 네. 우선 손님 이월된 금액에 안내 문자가 나간 부분이시고요. 손님께서 일부 결제 금액 이월 약정 서비스인 리볼빙 서비스에 등록이 되어 있으시고요. 청구 비율이 80프로 확인되시는데요. 예. 네, 일시불 이용 금액에서 80프로 청구됐고 나머지 금액이 이월이 되는 부분인데요. 예. 그 이월된 금액에 대한 전체 금액 안내 문자가 나간 부분이세요. 예. 그러면 지금 어제는 그 월 사용료 결제 금액이 인제 뭐 2,176,000원인가 빠지는 거고 그러면 지금 544,000원이 지금 리볼빙으로 넘어가고 있는 금액인가요, 지금? 네, 네 그 5월 달 금액 그 결제 금액 빼고요 이월된 금액이 544,000원이 지금 이월된 금액으로 확인되세요. 예. 음 그러니까? 그게 이제 조금씩 조금씩 그게 이월돼갖고 누적된 금액이 지금 1,084,000원이 지금 남았다는 거네 그러니까? 네네, 맞습니다, 손님. 월 결제는 다 됐는데 그니까 인제 쉽게 하면 544,000원도 미납된 금액이라고 봐야지 네, 네. 어 그 미납은 아니시지만 이월된 금액이 맞기는 하시고요. 그렇지 그래 그리고 이제 미납은 아니지만 조금씩 조금씩 넘어와가지고 누적돼 갖고 있는 누적금액이잖아요. 그게 지금 어 네, 맞습니다. 그 수수료가 확인되는 금리부분은 18.36%로 확인되세요. 예. 일단 알겠습니다. 네, 감사합니다. 상담사 ▲▲▲였습니다. 예.",0,A
normal_A_0358,"상담원 ▲▲▲입니다. 여보세요? 네, 말씀해주시겠습니까? 아 네, 카드 등록이 안 됐다고 좀 그러거든요. 아 네, 그러세요? ▲▲▲님 본인 맞으십니까? 예, 예. 네, 손님께서 지금 어떤 카드 등록 말씀이실까요? 어 최근에 발급한 게 있는데 그 에스케이 저 뭐야 그 저 뭐 휴대폰 사면서 발급한 거 ▲▲카드요? 네, 네. 네, 그 카드 지금 카드 사용 등록이 되어 있는 걸로 확인되시는데요. 어 안 된다고 좀 그러던데요, 그걸 하니까 등록이 안 된 카드라고 좀 뜬다고 그러는데 네, 손님 확인 한번 해 보겠습니다. 잠시만 기다려주시겠습니까? 네, 손님 기다려 주셔서 감사합니다. 이 카드 같은 경우에는 지금 ▲▲월 ▲▲일자로 카드 사용 등록 정상적으로 되셨구요. 저희 지금 승인 내역까지 확인이 되시는데요. 예. 네, 어떤 부분에서 사용이 안 되셨을까요? 어 카드 번호로 이제 물건을 사면 카드 번호로 보내 입금하니까 돈을 내한테 내라고 그렇게 나오는데요. 네, 손님 잠시만 기다려주시겠습니까? 네. 네, 손님 기다려 주셔서 감사합니다. 손님께서 지금 소지하고 계신 카드 마지막 네 자리 말씀 부탁드리겠습니다. 아 지금 제가 안 가지고 있어요. 네, 손님 그러시면 지금 그 카드 지금 다시 한번 확인 부탁드리겠습니다. 손님께서 저희 그 ▲▲카드 가지고 계신 카드요. 손님께서 직접 수령 받아주셔가지고 별도에 본인 등록 처리없이 사용가능하신 카드 예, 뭐를 내가 쓸 수는 했는데 바로 사용 가능하다고 들었거든요. 네, 네. 아니 왜 그걸 제가 집사람한테 줬어요. 줬는데 사용하라고 네, 사용가능하신 카드세요. 그런데 안 됐다고 그러길래 네, 다시 한번 확인 부탁드리겠습니다. 본인 사용 등록 되어 있는 카드세요. 예, 예 알겠습니다. 네, 상담사 ▲▲▲이었습니다. 예.",0,A
normal_A_0359,"상담원 ▲▲▲입니다. 아 선결제 좀 할려 하는데요. 아 네, 전화주신 손님 ▲▲▲님 본인 맞으세요? 네. 네, 어떤 선결제 원하시는 거세요? 그 결제한 ▲▲월 리볼빙이 미청구금액 예 그거 한 ▲▲▲▲ 정도 하고 싶거든요. 아 네, 이월된 금액 중에서 ▲▲▲▲▲원 제가 수수료 포함해서 ▲▲▲▲▲원 출금해 드릴 건데요, 연결되어 있는 ▲▲은행 결제 계좌에서 출금 원하세요? 네, 바로 출금하겠습니다. 잠시만 기다려 주세요. 수수료 포함해서 얼마예요? ▲▲▲▲▲원 출금되었습니다. 아 됐어요? 수수료도 수수료는 네, 수수료가 포함된 금액이고요. 그럼 제가 금액 다시 한번 확인해 드리면 원금은 ▲▲▲▲▲▲▲▲▲▲▲원 거기에 수수료는 ▲▲▲▲▲이었습니다. 네. 아 그럼 이제 얼마 남은 거죠? 할인이 된 거는 끝난 건가요? 이월된 금액만 말씀드리면 될까요? 잠시만 기다려 주세요. 예, 예 네. 지금 이월된 금액은 ▲원금이 ▲▲▲▲▲▲▲▲원입니다. 아 그래요? 그러면 이제 요번 달에 이제 또 빠져나가잖아요. 그렇죠, 네. 네, 그러면 이제 얼마 남았는지 계속 계산을 해야 되거든요. 어 네, 이게 이번 달 예정 금액이 아직 확정되어 있지는 않으셔서 어 이용하신 금액 중 그 이후에 추가로 이용하신 금액과 이월되어 있는 일시불 건들에서 총 15%만 청구가 되는 거고요. 예. 때문에 저 얼마 남는지는 결제 대금 확정된 후에 확인해주셔야 될 것 같아요. 아 그래요? 일단은 이게 제가 이렇게 조금씩 선결제 할려면 또 전화로 해야 되죠? 네, 맞습니다. 저희한테 전화주시거나 아니면 ▲▲카드 어플에서 그 리볼빙 일시불을 선택하신 다음에 조회해서 건별로 선택하시는 것도 가능합니다. 아 건별로 예, 알겠습니다. 수고하세요. 네, 상담원 ▲▲▲이었습니다. 네. 감사합니다.",0,A
normal_A_0360,"일상의 즐거운 변화 LGU+ <NAME>입니다. 네, 저희 TV 인터넷 하고 제품 결제 좀 확인해 보시겠어요? 네, 확인해 볼 텐데 입력하신 번호 <NAME> 고객님 본인 되십니까? 네 네, 본인이요. 네, <DATE> 청구금액을 문의하시는 거세요? 네. 네, 지금 일단 핸드폰 쪽 청구요금은 <CHARGE>이구요. 인터넷 부분 좀 확인할 텐데 인터넷 설치된 주소지 말씀 부탁드립니다. <ADDRESS>이요. 네, 확인 감사합니다. 고객님 우선 확인했더니 이제 인터넷 TV 쪽에서 청구된 금액이 <CHARGE>으로 확인됩니다. 미납은 없는 거죠? 예, 미납은 없고 <DATE> 요금 <CHARGE>이 <DATE>까지 입금해 주셔야 이제 <DATE>에 연체가 산금이 포함되지 않습니다. 예, <DATE>까지 입금할게요. 그러면 즉시 결제할게요. 카드번호 드릴게요. 고객님 <CHARGE> 요금 핸드폰이랑 인터넷 쪽 모두 다 결제하는 거세요? 네. 예, 각각 결제가 돼야 되는데 카드는 고객님 명의 카드십니까? 네 네. 네, 카드번호 말씀 부탁드립니다. <CARD_NUMBER> <CARD_NUMBER>인가요? 네. 네, <CARD_NUMBER>인가요? 네 네, 고객님 생년월일까지 여쭤보겠습니다. <BIRTH_NUMBER>요. SP, 잠시만 기다려 주시겠습니까? 네. 고객님 먼저 <CHARGE> 결제할 텐데 할부 필요하십니까? 그냥 일시불이요. 네, <NAME> 고객님 LGU+ 이용 요금은 고객님이 하나카드로 결제 요청하셨는데 동의하십니까? 네. 고객님 마지막으로 이제 핸드폰 쪽 요금 결제하도록 하겠습니다. <NAME> 고객님 핸드폰 이용 요금은 고객님 불러주신 카드로 결제 요청해 주셨는데 동의하십니까? 네. 네, 기다려 주셔서 감사합니다. 네. 정확하게 모두 다 결제 처리 도움 드렸구요, 어렵게 연락 주셨는데 문의하실 사항 없으십니까? 네, <DATE>에 미납금 있나요? 미납은 없고 이제 <DATE>에 요금이 나오겠습니다. 네, 알겠습니다. 이거 카드 삭제해 주세요. 자동이체 따로 등록은 안 했습니다. 사용하고 기록 남지 않나요? 사용한 기록은 없는데 저희가 카드번호가 다 보이는 건 아닙니다. 그래서 말씀해 주신 부분까지는 어렵습니다. 그러면은 카드 지로 건 맞는데 제가 다음에 사용할 때는 그럼 카드번호 다 불러드려야 되는 게 맞아요? 네, 맞습니다. 자동이체 따로 불러주시지 않으면 저희 쪽에서 확인이 어렵습니다. 아 네, 알겠네요. 네, 감사합니다. 즐거운 주말 보내세요.",0,A
normal_A_0361,"상담원 ▲▲▲입니다. 아 카드 결제 예정 금액을 받는데 저기 그 카드를 취소를 했었거든요. 그런데 그게 반영이 안 돼가지고요. 아 그러실까요? 많이 궁금하셨을 텐데 전화주신 ▲▲▲ 님 본인 맞으실까요? 네. 몇 월 며칠 이용하시는 건 문의 주신 내용이실까요? ▲▲월 ▲▲월 ▲▲일 안에 그 그 캠핑장 예약하다가 조금 있다가 취소했거든요, 며칠 있다가. 네. 이거 손님 지금 ▲▲월 아 ▲▲월 ▲▲일 날 다 ▲▲▲▲원 결제하신 건 ▲▲월 ▲▲일자로 취소되신 게 확인이 되세요. 명세서는 손님께서는 ▲▲일 이시라 매월 ▲▲ 날로 명세서가 만들어지기 때문에 명세서에는 금액이 확인 되시더라도 손님께서 결제일 납부하신 금액은 그 ▲▲▲▲원 납부 합니다. 아 저희 근데 뭐지, 모바일로 받거든요. 모바일에도 그러면은 그게 반영이 안 됐어요? 예. 지금 모바일 ▲▲시설관리공단 ▲▲▲▲ 이거 이미 ▲▲월 ▲▲일자로 매출 취소 내시면서 반영 ▲▲일날되셨는데요, 손님? 아 그런데 지금 모바일로 ▲▲ 이거 ▲▲페이지 들어가서 모바일로 결제금액 보니까 ▲▲원 떠가지고 그거는 결제 금액이 얼마예요? 네. 지금 현재 손님 결제 금액은 ▲▲▲▲▲▲▲원이세요. 그거 빼고요. 네. 아 그런데 그게 반영이 안 돼 가지고요. 제가 지금 지금 확인하고 있는데 모바일 그 모바일도 그거 반영이 안 돼요. 반영 이거 되어 있습니다, 손님. 아니요, 그런데 ▲▲페이에 제가보는 뭐야 상담원은 회사꺼 보잖아요? 그런데 나는 그 모바일로 확인을 할 때 그게 반영이 안 돼 있으면 지금 ▲▲▲얼마 이거든요. 그 모바일 자체에는 명세서 청구 명세서 만들어진 ▲▲▲▲▲▲▲▲원이 메인에 명세서 결제 대금이랑 확인되실 텐데 그 명세서 밑으로 살짝만 내려보시면 조그만한 글씨로 ▲▲월 어 오늘 당일 ▲▲ 오늘 ▲▲일 예정 금액 가사가 좀 납부하실 금액이 얼마라고 조그맣게 안적혀 있으실까요? 예. 봤어요. 그래서 상세내역 보니까 결제 내역 한 거 ▲▲원 어디어디 ▲▲ 이렇게 써있더라고요? 아 취소가 안 들어갔나 해서 아 이 명세서는 손님 그 ▲▲월 ▲▲ 기준으로 만들어진 명세서가 계속 그 페이 앱에서 뭐 그 중에 취소건이 있더라도 페이에 매는 그 명세서 작성된 확정 금액으로 떠 있기 때문에 그 금액 그 반영이 안 된거네요. 네, 그 명세서는 반영이 안 되어 있습니다. 그러면 어디서 확인해요? 그 바로 밑에 조그맣게 글씨에 결제일에 납부하실 금액이 얼마라고 조그만한 글씨로 써 있을 거예요. 아 그래요? 알겠어요. 네, 상담원 ▲▲▲이었습니다.",0,A
normal_A_0362,"▲▲카드 ▲▲▲입니다. 예, 분실 신고 좀 하려고요. 아 네 많이 놀라셨을 텐데 빠르게 분실 신고 도와드리겠습니다. 휴대폰 번호가 어떻게 되실까요? ▲▲▲▲▲▲▲▲▲요. ▲▲▲▲▲▲ ▲▲ ▲▲▲▲ 네. 예. 생년월일이 어떻게 되십니까? ▲▲년 ▲▲월 ▲▲일 예, 전화주신 손님 본인의 성함을 말씀해 주세요. ▲▲▲입니다. 네, 결제 은행이 어디십니까? ▲▲은행입니다. 네, 확인 감사드리고요. 네, 어떤 카드 분실하셨을까요? 거기 이제 ▲▲카드 이제 2개지 않습니까? 네 네. 아 네 한국수자원▲▲▲▲카드 말씀하시는 건가요? 네 언제 어디서 분실하셨습니까? 예 맞습니다. 어 저 수요일까지 쓴 거는 내가 확인됐는데요. 그다음에 안 보여 같고요. 일단 일시정지를 할려고요. 아 그러셨군요. 그 어디서 분실하신 지는 모르시고요? 예 정확히는 잘 모르겠습니다. 예. 그럼 분실 장소는 모름으로 등록하겠습니다. 네. 예. 그럼 분실 일자는 그 수요일날로 등록해드리면 될까요? 네 네. 그렇게 하시죠. 네. 신고자분은 ▲▲▲ 님 본인 맞으시고요? 네. 연락 가능한 전화번호 ▲▲▲▲▲▲▲에 ▲▲▲▲번으로 등록하겠습니다. 네. 해당 카드 안전하게 정지되었으니 안심하셔도 되시구요. 혹시라도 다른 회사 카드도 같이 분실하셨을까요? 아닙니다. 불행 중 다행이시고요. 마지막 사용 내역 한번 살펴봐드리겠습니다. 네. 마지막으로 이용하신 거는 손님께서 말씀하신 대로 ▲▲월 ▲▲▲▲고요 12시 8분에 ▲▲▲▲에서 ▲▲▲▲▲▲▲▲ 건입니다. 네 알고 있습니다. 네. 다행히 사고 매출 없으니 안심하셔도 되시겠고요. 그럼 해당 카드 중도 찾아보시겠습니까 아니면 재발급 받으시겠습니까? 찾아볼게요. 찾아보 고 혹시 찾게 되면은 다시 연락을 드리겠습니다. 네. 알겠습니다. 그러시다면 카드 찾게 되시면 손님께서 카드 직접 소지하시고 연락 주시면 분실 해제 가능하시고요. 혹시라도 카드 찾지 못 하실 경우에는 고객센터로 연락 주셔서 재발급 부탁드리겠습니다. 네. 그렇게 하겠습니다. 네. 한 가지만 더 말씀 드릴게요. 분실 카드로 자동 이체 연결해 놓으신 것이 있으실 경우 보유 중인 카드로 청구될 수 있으므로 해당 기관으로 확인하시고 자동 이체를 원치 않으시면 해당 가맹점으로 자동 이체 해지 요청하셔야 합니다. 네. 예. 더 문의하실 사항 있으실까요? 없습니다. 네. 상담원 ▲▲▲이었습니다. 네 고맙습니다. 예 감사합니다.",0,A
normal_A_0363,"상담원 ▲▲▲입니다. 예, 그 이번 달 결제 예정 금액이 얼마인가요? 아, 그러세요. 정보 확인 먼저 하겠습니다. 성함이 ▲▲▲ 님 본인 맞습니까? 예. 네, 이번 ▲▲월 ▲▲일이 결제일이시고요. 청구된 금액은 ▲▲▲▲▲▲▲▲▲▲▲원입니다. 혹시 오늘 ▲▲▲원 선결제 하면 한도 얼마 복원 되나요? 아, 그러세요. 오늘 기준으로 선결제하실 수 있는 대금이 ▲▲▲▲▲▲▲원이고요. 복원되는 금액 확인해 드릴 건데 잠시만 기다려 주시겠습니까? 네, 네. 네, 감사합니다. 결제대금 중에서 복원되는 금액은 ▲▲▲▲▲▲▲▲▲▲원이고요. 현재 남아있는 잔여한도가 ▲▲▲▲▲▲원이 있어서 총 사용하실 수 있는 금액이 ▲▲▲▲▲▲▲▲▲원으로 되십니다. 그런데 환급 서비스는 얼마까지 가능한가요? 아, 손님 현금서비스는 지금 추가로 또 이용하신 금액이 있어서요. 오늘 바로는 사용이 안 되시고 10일부터 ▲▲▲원 사용 가능하세요. 그렇군요, 그럼 오늘 결제하더라도요? 네, 결제를 오늘 선결제하더라도 일시불 할부로는 이용 가능하시지만 현금서비스는 10일부터 ▲▲▲원 이용하실 수가 있습니다. 그렇군요, 그러면 ▲▲▲일부터 거 지금 ▲▲ 잡혀 있잖아요. 총 이번 달 결제 금액에서 말고 총 결제 예정 금액에서 현금서비스는 며칠에서 며칠까지 쓴 게 다음 달에 나오나요? 네, 네. 손님께서 지금 결제일이 ▲▲일이기 때문에요. 예. 네, 지금 전전월 ▲▲일부터 전월 ▲▲일까지 이용한 금액이 이번 달 ▲▲일 날 청구가 되는 거세요. 예. 그러니까 지금 만약에 다음 달에 청구되는 거는 전월 ▲▲월 ▲▲일부터 ▲▲월 ▲▲일까지 이용한 금액이 ▲▲월 ▲▲일 날 청구가 되는 거세요. 네. 그럼 내가 만약에 한도 복원되어서 현금서비스 10일 10일부터 쓸 수 있다 그랬잖아요. 네, 맞습니다. 뭐 그다음 또 쓰려고 하면 다음 달 10일 돼야 되는 거예요? 네, 맞으세요. 그러면 어쨌든 일시불 할부 총 할부가 한 ▲▲▲원 정도 한도 복원 된다는 거죠? 네, 지금 결제대금 다 결제가 되면 남은 잔여한도까지 포함해서 ▲▲▲▲▲▲▲▲▲원 이용하실 수가 있게 됩니다. 아, 일단 알겠습니다. 감사합니다. 상담원 ▲▲▲이었습니다. 네.",0,A
normal_A_0364,"상담원 ▲▲▲입니다. 여보세요? 네, 안녕하세요? 아 네. 제가 그 ▲▲ 카드 바우처요. 예, 예. 신청할려고 하는데 제가 작년 거를 못 받은 게 맞는 거죠? 작년 거요? 먼저 조회해보고 말씀드리겠습니다. 손님 본인 되십니까? 맞아요. 네, ▲▲▲님. ▲▲카드를 이용해주셔서 진심으로 감사드립니다. 네, 작년 거, 작년 ▲▲월부터 해서 올해 ▲▲월까지이기 때문에 손님 ▲▲월 ▲▲일날 이미 ▲▲▲▲ 받으셨거든요. ▲▲월에요, 제가요? 예, 작년 올해 ▲▲월에, 예. 아 받았나? 네, 저희 고객센터 전화주신 거는 아닌 거 같고, 그 손님께서 직접 등록하셨어요. 네. 이거 어떻게 쓰는 거지. 이거는 그 아마 손님께 ▲▲카드에 등록되어 있는 번호로 고객님께 문자가 그 발송이 되었을거예요. 네. 그러면 그걸 신세계 면세점에서 쓸 수 있는 거네요. 네, 면세점은 이거 교환을 하신 다음에 이용하시면 돼요. 손님. 공항이나 아니면은 오프라인? 그러니까 손님께서 이게 ▲▲ 바우처 교환 건이기 때문에 명세서 이렇게 면세점은 가서 교환하신 다음에 사용하시면 되는 거죠. 네. 그거 공항에서도 가능한 거예요? 아니면은 여기 어디에서만 확인해보고 말씀을 드리겠습니다. 네, 네. 감사합니다. 이 해당 건에 교환처가 그 ▲▲이나 ▲▲▲▲▲▲ ▲▲ 터미널에서 할 수 있어요. 네. 아, 다 가능한 거고 ▲▲▲▲▲▲▲ 거기도 가능한 거고? 예, 그래서 가실 때 문자와 본인 여권과 그다음에 카드 소지해야지만 가능하시고 아마 지금 잘 보시면은 ▲▲월 ▲▲일 정도 신청한 걸로 보이니까, ▲▲월 ▲▲▲▲요. 아 그래요? 어, 확인해보셔야 될 것 같애요. 네, 확인 감사합니다. 네, 감사합니다. 예, 상담원 ▲▲▲이었습니다. 네.",0,A
normal_A_0365,"일상의 즐거운 변화 LGU+ <NAME>입니다. 예, 수고 많으십니다. 네, 안녕하십니까? 아 저 그 미납요금 관련 연락 드렸는데요. 어 네, 고객님 궁금하셨을 텐데 제가 확인하고 바로 도와 드리겠습니다. 일단 전화 주신 <NAME> 명의자 고객님 본인 맞으십니까? 네, 맞습니다. 네, 확인 감사드립니다. 미납금 확인을 바로 해보겠습니다. 고객님 잠시만 기다려 주세요. 네. 어 네, 기다려 주셔서 감사합니다. 현재 <DATE>달에 사용하셨던 금액이 <DATE>에 청구가 되는데요. 그 <DATE> 지금 청구된 내역 중 이제 미납되어 있는 금액으로는 <CHARGE> 이런 금액으로 확인되십니다. 네, 아 그 죄송한데 문자로 그 계좌번호 좀 보내 주실래요? 아 네, 고객님 그러면은 <DATE> 달에 사용해 주셨던 금액이 <DATE>달에 같이 청구가 되어 있는데요. 그 총 금액을 같이 발송을 해드릴까요? 고객님? 아니요. 그 미납금액만 제가 오늘 드릴게요. 아 네, 그러면은 가상계좌는 어느 은행으로 발송해 드릴까요? 아무거나 상관 없습니다. 어 네, 그럼 잠시만 기다려 주세요. 고객님 그리고 현재 고객님 기존에 등록되어 있는 은행에서 지금 결제가 진행이 되고 있는데요. 등록되어 있는 계좌에 잔고가 있으면은 중복 납부되실 수 있으세요. 네, 상관 없습니다. 잔고가 지금 없어서요. 아 네, 그러시면 잠시만 기다려 주세요. 네. 어 네, 고객님 지금 현재 이제 아까 이제 <DATE> 청구금액으로 미납되어 있는 금액이 <CHARGE>이구요. <CHARGE>은 나간 거 아니예요? 어 네, 고객님 지금 잠시만 기다려 주세요. 제가 정확하게 확인 해보겠습니다. 예. 어 네, 고객님 기다려 주셔서 감사합니다. <CHARGE>으로 확인되고 있으세요. 그거 그 죄송한데 지금 오늘 <CHARGE> 만 보내고요. 네. 그리고 <DATE> 날 제가 그 남은 잔금이잖아요? 네. 그 얼아죠? 그래서 그것도 바로 확인해 보겠습니다. 일단 총 금액이요. 고객님 <CHARGE>에 금액인데요. 여기서 <CHARGE> 금액을 결제를 하시게 되면은 남아 있는 금액이 <CHARGE> 금액으로 확인되십니다. 네, 그러면은 미납요금 먼저 좀 낼게요. 이렇게 되고 이제 <DATE>달에 사용하셨던 금액이 <DATE>달에 이제 다시 청구가 되시구요. 아 그러면 이거는 미납요금 내면은 상관 없네요. 네, 고객님께서 현재 미납요금은 이제 납부를 하시게 되면은요. 네. 원래는 이제 <DATE> 날짜로 이제 미납으로 인해서 정지 예정이 되어 있는데 미납금액이 결제가 완료가 되시면은 따로 정지가 되거나 그러진 않으세요. 네, 맞습니다. 그럼 제가 <CHARGE> 그것도 계좌번호 좀 넣어 주세요. 보내드릴게요. 네, 은행은 아무 은행으로 발송을 해드릴까요? 고객님? 어 제가 카카오를 그 쓰고 있어서 그 뭐 수수료 그거는 안들어갑니다. 네, 그러면은 제가 일단 국민은행 계좌로 해서 지금 그 금액을 같이 발송을 해드릴 건데요. 네 네. 잠시만 기다려 주세요. 지금 전화 연락 주신 핸드폰으로 제가 문자발송해드렸는데 혹시 문자 들어왔는지 확인 한 번 부탁 드리겠습니다. 네, 그렇습니다. 네, 그래서 그쪽으로 고객님께서 지금 입금 해주시면은 바로 확인이 가능하고 고객님께서 번거롭게 전화 주실 필요 없이 바로 이용 가능하십니다. 네, 바로 넣어 드릴게요. 네, 감사합니다. 좋은 일들만 가득하시고 늘 건강하세요. 네, 코로나 조심하세요. 아 네, 고객님 감사합니다. 고객님께서도 이제 코로나 꼭 조심하시구요. 그리고 고객센터앱에서도 앞으로 이제 고객님께서 확인을 하실 수가 있어서요. 네. 제가 그 방법도 문자로 같이 바로 발송해 드리겠습니다. 네, 알겠습니다. 네, 감사합니다. 항상 좋은 일들만 가득하시고 늘 건강하세요. 네, 감사합니다. 네, 감사합니다. 예.",0,A
normal_A_0366,"일상의 즐거운 변화 LGU+ <NAME>입니다. 네, 여보세요? 네, 안녕하세요? 아 제가 요금을 내려고 하는데 카드 여기 <CHARGE>이 안 나가서 전화로 해갖고 내려고요. 네, 우선은 제가 결제 진행해 드릴 건데 지금 전화주시는 번호 명의자분 <NAME> 고객님 본인 맞으십니까? 네, 맞아요. 네, 반갑습니다. 일단은 고객님 제가 금액 확인 한번 확인해 드릴게요. 네. 금액이 <CHARGE>으로 확인되시거든요. 지금 납부해 주셔야 되는 금액이에요. <CHARGE>이 아니고요? 네, 요게 <CHARGE>인데 <CHARGE>은 지금 결제가 되어 있는 상태여서요. 어 그래요? 그래서 요거는 이거 제외하고 <CHARGE> 납부해 주시면 됩니다. 이거 결제할 카드번호 한번 불러주시겠습니까? 네, 잠시만요. 네, 천천히 확인해 주십시오. 네, <CARD_NUMBER>요. 네, 유효기간도 말씀 한 번만 해주시겠습니까? <DATE>요. 네, 확인 감사합니다. 그러면은 요거 결제 지금 바로 해 드릴 텐데 금액은 <CHARGE>이라고 말씀드렸고요. <CHARGE>이시고 요거 할부 결제하시는 거예요? 아니 일시불이요. 알겠습니다. <NAME> 고객님의 LGU+ 이용 요금 <NAME> 고객님 국민카드로 <CHARGE> 즉시 결제 동의하십니까? 네. 확인 감사합니다. 불러주신 카드로 정확하게 요금 결제 처리 완료되었습니다. 네, 근데 왜 <CHARGE>가 결제가 된 거죠? 어 네, 요거 제가 확인 한번 해 보니까 고객님 그 이제 기기 변경하셨던 고 매장 있잖아요. 그 매장에서 <CHARGE> 지금 따로 결제 한번 진행을 하셨더라고요. 아 그래요, 이게 포인트가 남아가지고 그걸로 해준 건가요? 일단은 포인트 들어온 걸로 이제 그 할부금 결제하고 진행됐던 걸로 확인되시거든요. 그래서 그 기깃값 빠져가지고 이제 요렇게 확인되십니다. 네, 알겠습니다. 네, 요거 말고 다른 거 궁금하신 건 없으십니까? 예, 다른 건 없어요. 네, 감사합니다. 예, 수고하세요. 예, 고객님 화이팅하시고 즐거운 하루 보내십시오. 네.",0,A
normal_A_0367,"상담원 ▲▲▲입니다. 무엇을 도와드릴까요? 배정 완료됐다고 문자가 떴는데 네, 손님. 포인트 조회 있는데 조회가 안 되거든요. 아 그러실까요? 확인해보겠습니다. ▲▲▲ 손님 본인이십니까? 네. 잠시만 기다려주시겠습니까? 네. 아 네. 손님 기다려 주셔서 감사합니다. 지금 조회해보니까 오늘 ▲▲ 바우처 지급이 완료가 되신 걸로 확인되시는데요. 이 ▲▲ 바우처는 저희 ▲▲카드에서 지급해드리는 예. 포인트가 아니라 정부에서 지원해드리는 포인트다 보니까, 저희 포인트 조회하면은 인터넷 따로 조회가 안 되세요. 네. 네, 일단은 지금 조회해보니까, 오늘 날짜로 ▲▲▲▲점 ▲▲ 바우처 지급되신 걸로 확인되시네요. 예. 네, 혹시 다른 뭐 다른 문의 사항 있으실까요, 손님? 어, 이거 어떻게 확인해야 되죠? ▲▲ 바우처 같은 경우에 이용 내역이랑은 조회하실 수가 있으신데. ▲▲카드로 그거 . 저희 ▲▲카드 어플에서 예. 정부 지원 사업이라고 검색하시거나 예, 예. 아니면은 채택 메뉴에 정부 지원 사업 메뉴 들어가셔서 예. 교육 급여 바우처 메뉴가 있으세요. 거기서 이제 예, 예. 이용하신 내역은 조회하실 수가 있으시거든요? 아 알겠습니다. 네, 어 손님 한 가지 추가적으로 안내해드릴 점이 지금, 소지하신 카드가 이제 ▲▲▲▲카드랑 예, 예. 저희 ▲▲▲▲ 카드 확인되시는데요. 예, 예. ▲▲▲▲카드 같은 경우에는 이 카드가 저희 ▲▲ 단독 카드가 아니라 ▲▲▲▲카드라서 이 카드로는 ▲▲ 바우처 사용이 안 되세요. 예? 어느 번호에 내야 돼요? 체크 카드로 이용해 주시면 돼요, 손님. 어, 저 작년인가 그거를 한 것 같은데. 복지 포인트로 들어와서 사용했거든요? 신용카드로는 안 되시고 소지하시고 있는 체크 카드로 이용해 주셔야 되세요. 아 체크카드로요? 네. 네, 알겠습니다. 상담원 ▲▲▲이었습니다. 네.",0,A
normal_A_0368,"상담원 ▲▲▲입니다. 아 네, 안녕하세요? 그 제가 ▲▲▲▲ 서비스에 가입되어 있지 않은데 계속 돈이 나가는 것 같애가지고 확인 좀 요청하고 싶어서요. 네. 아 그러신가요? 휴대폰 번호가 어떻게 되십니까? 아 ▲▲▲ 네. ▲▲▲▲ 네. ▲▲▲▲ 번이요. 네, 전화주신 본인 손님 성함과 생년월일이 어떻게 되십니까? ▲▲▲이고요. ▲▲년 ▲▲월 ▲▲일이요. 네. 결제 은행이 어떤 은행이었나요? 어 ▲▲은행 이었을 거예요, 아마. 네. 어 지금, 현재 ▲▲▲▲ 부가서비스가 ▲▲월 ▲▲에 해지가 있었고요. 또 그리고 지금은 ▲▲월 ▲▲일에 ▲▲▲ ▲▲▲▲ 서비스 ▲▲원이 해지가 된 이후에도 발생이 되어 있었네요. 그래서 원래 해지가 되면 청구가 안 되는 게 맞는데 어 우선 이건 좀 마케팅부서 쪽에도 정확히 확인이 필요해서요. 혹시 연락 받으실 번호가 ▲▲▲▲▲▲▲▲번 맞으시나요? 네. 어 청구 사유를 확인해서 다시 한 번 연락드리고자 하는데, 어 지금 담당자분께서 처리해이지 않을 경우에는 이게 좀 연락이 지연될 수도 있거든요. 제가 내일까지는 전화드릴 건데 혹시 괜찮으시나요? 아 네, 혹시 이게 지금 ▲▲월달에 청구돼 있는데 ▲▲월 달에도 청구가 된 것 같거든요. 혹시 그것도 같이 확인이 가능할까요? 네, 말씀대로 이번 ▲▲월 청구서 그리고 어 ▲▲월 달이요. 네. 이게 사용하고 그 한 달 뒤에 결제를 하는 서비스인지, 제가 그걸 정확히 몰라서 지금 ▲▲월, ▲▲월 다 청구가 돼서 ▲▲월 달은 이미 결제가 됐거든요. 그 지금 ▲▲월 ▲▲일에 승인된 게 ▲▲월 ▲▲일 출금 예정이었거든요. 좀 이건 ▲▲월 ▲▲일에 승인된 아 그래요? 그러면 ▲▲월 달에 청구된 거는 관계 없겠네요? 아 네, 그러면 이 금액이 두 번 발생된 게 아니라 한 번만 청구가 됐었고요. 그 ▲▲월 달에 가입 ▲▲월 달에 해지가 됐는데 청구는 ▲▲월 ▲▲일에 승인됐고 이게 ▲▲월달 출금 이거든요. 그래서 비용이 뭐 한 번만 청구됐습니다. 아 네, 한 번만 청구된 거 그거 확인을 부탁드릴게요, 그러면. 어 네, 지금 ▲▲월 ▲▲일 청구서에 한 번만 표시되어 있구요. 그 전에 뭐 ▲▲월 달이나 ▲▲월 달에는 청구 내역 없습니다. 아 네, 알겠습니다. 네, 상담원 ▲▲▲이었습니다. 네.",0,A
normal_A_0369,"안녕하세요, 림바 와나리조트에 대해 문의드리려고요. ▲월 ▲▲일부터 ▲▲일까지 3개의 방을 예약하고 싶어요. 방 구성은 성인 2명과 아동 2명(5세, 7세), 성인 2명과 아동 1명(9세), 성인 2명과 아동 1명(10세)입니다. 가능한가요? 안녕하세요! ▲월 ▲▲일부터 ▲▲일까지 림바 와나리조트에서 2박 3개의 방 예약 가능합니다. 방당 가격은 $239이고, 아동 조식 추가는 박당 $15입니다. 엑스트라베드가 필요하시면 박당 $35 추가됩니다. 아동 2명일 경우 조식만 추가하고 배드쉐어도 가능해요. 조식 추가는 꼭 해야 하나요? 아동들이 방에서 먹을 수 있으면 괜찮은데요. 조식 추가는 선택사항이에요. 아동들이 방에서 식사하셔도 괜찮습니다. 하지만 조식이 포함되면 더 편리할 수 있어요. 호텔에서 특별히 제공되는 서비스 있나요? 네, 호텔 특전으로 탈라소테라피 풀 1시간 2인 1회와 맥주 또는 음료 2인 1회가 제공됩니다. 그리고 전원 조식이 포함되어 있어요. 3박 이상 예약 시에는 무료 공항픽업도 제공됩니다. 예약을 원해요. 어떤 정보를 어디로 보내면 될까요? 예약 원하시면 정보를 이메일로 보내주시면 됩니다. 영문 및 한글 성함, 생년월일, 대표자 핸드폰 번호(발리 도착 후에도 연결 가능한 카톡 아이디), 도착 항공편명(3박 이상일 경우) 필요합니다. 알겠습니다. 그럼 정보를 정리해서 보내드릴게요. 혹시 다른 문의사항이 생기면 다시 연락드려도 될까요? 물론입니다! 언제든지 문의해 주세요. 예약 진행 잘 되시길 바랍니다. 감사합니다!",0,A
normal_A_0370,"일상의 즐거운 변화 LGU+ <NAME>입니다. 여보세요? 네, 고객님. 안녕하세요? 예, 문의 좀 드릴게요. 네. <DATE>, 아까 <DATE> 날짜로 그 요금 저기 내용 중에서 선택약정이 <DATE> 날짜로 종료가 됐어요. 네. 오늘 지금 모바일 앱 들어가서 할려고 하는데 어디로 들어가서 신청이 되는 잘 모르겠더라구요. 네. 아 그러셨어요? 문자 온 걸로 링크 들어가 보면 거기에서 해야 되는 화면이 나와야 될 거 같은데, 아 그렇게 재약정을 선택할 수 있는 그거 어디 가서 해야 되나요? 네, 바로 확인해보겠습니다. 그럼 <NAME> 고객님 명의자분 본인이신가요? 예, 아 딸인데요. 아 그러세요? 네. 어 옆에 계시긴 하는데, 네. 아 그럼 옆에 계시면, 아 그러세요? 지금 여쭤보셔가지고 아 어머니가, 어머니가 지금 <NAME> 병원인데 주무셔 갖고 제가 어머니 휴대폰으로 그거를 처리를 할려고 하는데 그게 안 돼서 물어 볼려고 전화 드렸어요. 네, 음 어플에서 하시는 거예요. 고객님, 잠시만요. 한번 확인해볼게요. 네. 고객님, 혹시 어플이 있으신 거예요? 지금 제가 고객 그 U+ 고객센터에 들어가서 하면 처리하면 된다 그래서 U+ 고객센터앱을 들어갔는데, 근데 거기에서 고객센터 어디로 들어가서 그 선택약정을 재약정하는 거 선택을 할 수 있는지를 찾을 수가 없는 거예요. 아 그럼 혹시 지금 스피커 폰 하셔가지고 통화 가능하실까요? 예. 고객님. 어플 한번 확인, 네. 네, 잠시만요. 예 했어요. 네. 그러면 선택약정 할인이 일단은 메뉴에서 요금제 부가서비스라고 있을 거예요, 고객님. 아 요금제 부가서비스요? 네. 저기 뭐야 될 거 같은데요? 잠시만요. 아 천천히 하셔도 괜찮습니다. 아 네. 아 통신요금. 부가서비스에서. 요금, 요금제 및 부가서비스 들어가요? 네. 아 거기에서 부가서비스 신청하는 건가요? 음 네, 잠시만요. 아 그래서 부가서비스 쪽으로 들어왔는데 결합상품 안내가 있구요. 일상 결합상품 신청 및 해지내역 보기 결합상품 구비서류 내역서 뭐 이런 메뉴들이 뜨네요. 어 결합상품 할인 이런 게 뜨는데요? 서비스 신청, 006부가서비스 신청, 아 부가서비스 신청 들어왔어요. 네, 여보세요? 부가서비스에서 선택약정을 찾아서 재약정을 선택하면 됩니다. 예 감사합니다.",0,A
normal_A_0371,"일상의 즐거운 변화 LGU+ <NAME>입니다. 네, 요금제 변경하려구요. 네, 그럼 정보 확인 후 도움드리도록 하겠습니다. 전화 주신 분 <NAME> 고객님 본인 맞으십니까? 맞습니다. 이름은 <NAME>구요. 네. 네, 뭐 다른 정보 알려드려야 되나요? 지금 잠시만 기다려 주시겠습니까? 네. 요금제 변경은 어떤 걸로 원하실까요? 네, 지금 그 저기 <CHARGE>라고 그거 쓰고 있는데요. 그 뭐 맘대로 써도 편한데 아내가 다른 걸로 나가는 게 있어서요. 아랫 단계로 하려고요. 네, 알겠습니다. 그 전에는 <CHARGE>라고 떴거든요. 근데 그 내용이 어떻게 되나 그것 좀 다시 한번 알려 주세요. <CHARGE> 월정액 <CHARGE>이구요. 네. 유,무선 통화, 문자 기본제공이구요. 유료 통화 영상통화는 110분 제공되고 있구요. 데이터는 1.5GB 다 사용하고 나시면은 이후에 추가요금이 나오는데 1MB당 <CHARGE> 추가 요금 나오고 최대<CHARGE>까지 추가 요금 나옵니다. 아 그 그 총 데이터 서비스가 얼마라고요? 1.5GB 제공됩니다. 지금 현재 쓰는 거는 3.5GB 죠? 네, 맞습니다. 예, 그러면은 내가 지금 이 할인 받아 가지고 뭐<CHARGE>에서<CHARGE> 정도 내거든요. 네. 그런데 그 그걸로 변경하게 되면은 얼마 정도 나올까요? 어 금방 도움드리겠습니다. 지금 수준에서요. 잠시만 기다려 주시겠습니까? 네. 어 이걸로 변경하게 되시면 한 달 요금 다른 거 사용 안하시고 추가 요금 없었을 때 <CHARGE>입니다. 아 그래요? 네, 지금 사용하시는 것보다는 <CHARGE> 정도 차이가 있습니다. 예, 그럼 <CHARGE> 차이가 나나요? 근데 이제 그 데이터 사용하게 되면은 돈이 더 추가 낼 테니까요. 네, 추가 요금 1.5GB가 이상 사용하시면 추가금 나오게 되는데요. 추가 요금은 최대<CHARGE>까지 나옵니다. 네, 추가 그게 뭐 쓰는 거랑 포함해서요? 아닙니다, 고객님 저희 사용하시는 요금제에서 플러스로 데이터 1.5GB 다 사용 하시면요. 그 전에 저기 사용해 가지고 뭐 <CHARGE>가 나왔었어요. 아 네, 그렇죠. 네, 한 <CHARGE>인가 얼마 한 번 나오고 <CHARGE>만 나오고 나머지는 다 <CHARGE> 나온단 말은 알겠어요. 저 생각해보고 다시 한번 전화 드릴게요. 어 요금제 변경 안하시려구요? <DATE> 아직 <DATE>이 안 됐으니까요. 아 네, 알겠습니다. 그러면 지금 제공받는 통화량은... 통화는 좀더 기본제공되시구요. 부가 통화랑 영상통화는 110분 제공됩니다. 그니까, 그 음성 통화하고 부가 통화는 아 알겠어요. 그때 설명해주시면 생각해보면 되고요. 아 음성 통화는 고객님 저희 이제 보통 다른 분들 휴대폰이나 집전화 거는 게 기본 음성 통화구요. 부가 통화 같은 경우에는 보통 신한카드라던지 뭐 롯데카드처럼 대표 번호로 전화 거는 걸 유료 통화로 들어가거든요. 예, 음성 통화가 300분이라고 했죠? 음성 통화는 기본제공입니다. 고객님 사용하시고 싶으신 만큼 가능하십니다. 아 예, 알겠어요. 그러면은 그 저기 뭐 요금을 조금 책정이 되긴 하는데 생각해 보고 다시 연락드릴게요. 네, 알겠습니다. 네, 수고하셨습니다. 항상 좋은 일들만 가득하시고 건강 조심하세요. 네 네, 수고하세요. 감사합니다.",0,A
normal_A_0372,"▲▲카드 ▲▲▲입니다. 예, 수고하십니다. 감사합니다, 손님. 결제할라고 하는데요. 예, 손님 많이 궁금하셨을 텐데 본인 확인 후 빠르게 도움 드리겠습니다. 손님의 휴대폰 번호와 생년월일 말씀 부탁드립니다. 생년월일 ▲▲▲▲▲▲일이요. 네, 휴대폰 번호는 어떻게 되십니까? ▲▲▲▲▲▲▲▲▲▲▲ 네, 전화주신 손님 본인 성함 말씀해주시겠습니까? ▲▲▲ 예, 마지막으로 저희 ▲▲카드 연결된 결제 계좌 은행 어느 은행이십니까? ▲▲은행 예, 손님 소중한 정보 확인 감사합니다. 반갑습니다. 오늘 결제하실 금액 확인했을 때 ▲▲▲▲▲▲▲▲▲▲▲원 확인되고 있으신데요, 연결된 ▲▲은행 ▲▲▲ 끝나는 계좌에서 바로 출금 도와드릴까요? 아니에요. 네, 어느 은행으로 해드릴까요? ▲▲은행 계좌를 불러드릴게요. 네, 알겠습니다. ▲▲ 확인해드리겠습니다. ▲▲▲▲▲▲ ▲▲ 네. ▲▲▲▲ 아 네. ▲▲▲▲▲▲ 예, 손님 제가 계좌 번호 다시 한 번 확인해 보겠습니다. ▲▲ 말씀 주셨고요. ▲▲▲▲▲▲▲▲▲▲▲▲▲▲▲▲ 맞으십니까? 예, ▲▲▲▲▲▲. ▲▲▲▲▲▲▲▲▲▲▲▲▲. 예, 알겠습니다. 손님 계좌 번호 제가 확인할게요. 잠시만 기다려주시겠습니까? 예. 네, 손님 기다려주셔서 감사합니다. 지정 결제 계좌가 아닌 우리 손님 명의 다른 계좌에서 즉시 출금하게 빠르게 녹취 하도록 하겠습니다. ▲▲카드 이용 대금 즉시 출금할 계좌 번호 확인하겠습니다. 생년월일 ▲▲년 ▲▲월 ▲▲일 ▲▲▲ 명의로 된 ▲▲ ▲▲▲▲▲▲▲▲▲▲▲▲▲▲▲ 계좌 번호에서 ▲▲▲▲▲▲▲▲▲▲원 출금 요청 건이 맞으십니까? 예, 맞습니다. 예, 손님 확인해 주셔서 감사합니다. 일회성으로 계좌 등록되었고요. 출금 관련해서 빠르게 안내하도록 하겠습니다. 결제일 당일 즉시 출금 결제 시 자동 이체 계좌에서 이중 출금될 수 있습니다. 이중 출금 방지에 잔고 비워두시기 바랍니다. 그리고 이중 출금된 경우에 익영업일 오전에 결제 계좌로 환급되므로 입출금이 가능한 정상 계좌인지 확인 부탁드리겠습니다. 기다려주셔서 감사합니다. 정상적으로 출금 완료되었습니다. 예, 수고하십니다. 예, 감사합니다. ▲▲카드 ▲▲▲이었습니다. 고맙습니다. 감사합니다, 손님.",0,A
normal_A_0373,"일상의 즐거운 변화 LGU+ <NAME>입니다. 네, 그 저희 평일 오전 10시에 기기 변경했는데요. 제 카드로 바꿔 할부금을 내려고요. 네, 고객님 전화 잘 주셨습니다. 문의 주시는 번호는 지금 입력해 주신 이 번호가 맞나요? 네. 저희 전화 주신 분은 배우자 분이시고요? 네. 그럼 자동이체 변경 말씀해 주시는 거 맞으시죠? 아니요, 할부금이요. 할부금 완납해 주시는 거예요? 네. 그러면 저희 전화 주신 분 성함 한 번만 말씀 부탁드릴게요. <NAME>요. 확인 감사드립니다. 명의자분 성함, 생년월일 한 번만 말씀해 주시겠어요? <NAME>이요. 네, 생년월일 여섯 자리 한번 말씀 부탁드리겠습니다. 아<BIRTH_NUMBER>요. 불편한 상황에 답변 감사드리고요. 고객님 지금 이전 단말기는 끝났고 새로운 단말기 <CHARGE> 그냥 전액 결제를 원하시는 거예요? 네, 새로운 단말기 유심 그게 새로운 단말기 <CHARGE>그거 맞아요? 네, 고객님 그러면 저희 <NAME>님의 카드로 결제해 주신다고 말씀해 주셨는데 혹시 생년월일 여섯 자리가 어떻게 되실까요? <BIRTH_NUMBER>이요. 확인 감사드립니다. 카드번호 유효기간 말씀 부탁드릴게요. <CARD_NUMBER>요. 유효기간 네 자리 말씀 부탁드립니다. 어<DATE>이요. <DATE>까지고 고객님 일시불로 결제하세요? 네. <NAME>고객님 지금 고객님 LGU+ 이용 요금이 <NAME>님의 신한카드로 즉시 결제 요청 주셨는데 맞습니까? 네. 네,확인 너무 감사드리고요. 고객님 지금 전액 다 정상적으로 결제 완료되었고 지금 남은 할부금은 전혀 없습니다. 네, 뭐 하나가 더 있는데요. 고객님 그러면 잠시만요, 문의 주신 핸드폰 번호 말씀 부탁 드리겠습니다. <MOBILE_NUMBER>이요. 성함 생년월일 말씀해 주시겠어요? <NAME>이고 <BIRTH_NUMBER>이요. 네, 확인 감사드리고요. 고객님 혹시 해지하신 번호 맞으세요? 네, 이거 해지한 거 같아요. 네, 그러면 고객님 해지하셔서 6개월 단말기 할부금이 남아 있는 <CHARGE> 말씀 주시는 게 맞으신 거예요? 네, 그래 가지고 이것도 각각 카드로 결제할게요. 예, 같은 카드로 결제할 거고 고객님 죄송한데 생년월일 한번만 다시 말씀해 주시겠어요? <BIRTH_NUMBER>이요. 확인 감사드리고요, <NAME> 님 LGU+ 이용 요금 말씀주신 카드주 <NAME>님의 신한카드로 즉시 결제 요청 주셨는데 맞으실까요? 네. 확인 너무 감사드리고요. 저희 이제 <NAME>고객님도 그렇고 <NAME> 고객님 할부금은 남아 있는 거 전혀 없으세요. 네, 감사합니다. 감사합니다. 네.",0,A
normal_A_0374,"일상의 즐거운 변화 LGU+ <NAME>입니다. 아 네, 안녕하세요? 제가 핸드폰 이거를 이제 고칠려고 하는데 제가 핸드폰 보험을 들었었거든요. 그래서 제가 핸드폰 수리하면 가격이 어느 정도 나오는지 궁금해서요. 네, 전화 잘 주셨습니다. 전화 주신 <NAME> 고객님 본인 맞으십니까? 예, 맞아요. 네, 고객님 반갑습니다. 또 지금 파손으로 전화하셨다고 하셨는데 고객님 문자 확인이나 이런 건 가능하세요? 아니요, 지금 화면이 안 보여요. 아 그러셨구나, 일단은 그럼 저희 보험 고객센터가 하나 있는데 여기 저희가 폰케어플러스라고 하는 보험 고객센터가 KB손해보험이거든요. 보통 고객님 전화를 하시거나 아니면 고치고 나서 인터넷 접수가 가능한데 현재 고객님 삼성전자 가셔서 수리받으시면 수리비가 나올 거잖아요. 수리비 전화로 문의를 했다하면 <CHARGE> 정도 나온다고 하더라구요. 일단 최소 자기부담금 <CHARGE>에 80%를 보상해 주기 때문에 <CHARGE>이 확실하면 <CHARGE>에 고객님이 보상 받는다라고 생각하시고 매도는 <CHARGE>은 된다라고 생각하시면 될 거 같으세요. 예, 아 그러면은 80%를 안 받으니까 이제 부담금 <CHARGE>에 한 <CHARGE> 정도 부담되는 거네요? 아닙니다, 작게 나왔을 때 최소 부담금이 <CHARGE>이라서 20%니까 <CHARGE>만 고객님이 부담금인 거고 나머지는 다 현금으로 통장으로 직접 입금을 해주거든요. 일단 수리를 오늘 받으러 가실 거세요? 네네. 그러면 고객님 지금 전화 주신 김에 저희가 보상 고객센터로 바로 연결을 해드리면 어차피 또 전화를 해야 되고 서류로 보내주고 해야 되니까 오래 걸리잖아요. 가시기 전에 예약으로 해서 오늘 언제 갈 거다 그러면 이거 담당자가 배정이 되기 때문에 좀 빨리 보상 처리가 되시거든요. 예약하실 수 있는데 연결해 봐 드릴까요? 아 근데 제가 화면에 문제가 생긴 건데 열어 봐서 다른 문제가 있으면 이게 가격이 달라질 수 있는데 그것도 그냥 바로 상관없이 연결이 가능한 건가요? 네, 당연합니다. 고객님. 그러면은 그 핸드폰 수리 센터 어떻게 연결하면 될까요? 네, 그럼 지금 연결할 수 있는 고객센터 전화번호 따로 있어서 빠르게 연결하는 방법이랑 인터넷 접수 방법을 문자로 제가 넣어 놨는데 지금 전화 주신 김에 예약할 수 있도록 연결 바로 해봐 드릴게요. 네, 감사합니다. 네, 휴대폰에 또 다른 문의나 필요하신 건 없으세요? 네, 괜찮아요. 네, 그럼 지금 착신 전화 연결해 드릴게요. 네, 감사합니다. 감사합니다. 좋은 상담 이어가세요.",0,A
normal_A_0375,"상담원 ▲▲▲입니다. 무엇을 도와드릴까요? 예, 수고하십니다. 하나 여쭤볼게요. 네. 그 제가 지금 쓰고 있는 카드가 어 그 마지막 카드는 알고 있는데 맞는가 싶어서 아 그러세요? 네, 많이 궁금하셨겠습니다. 전화 주신 손님께서는 ▲▲▲ 님 본인 맞으시고요? 네. 네, 지금 손님 카드 실물 혹시 가지고 계시지 않으신가요? 어 제 실물이 지금 없는데요. 아 그러세요? 손님. 지금 가지고 계신 카드는 갱신 대상 카드가 아닌 걸로 확인되고 있습니다. 예. 어 그러니까 제가 알기 6개월 동안 프로모션으로 십만 원 쓰면 오천 원 할인되는게 이달에 마지막으로 알고 있고 월 달부터는 할인이 안 되는 걸로 알고 있는데 그게 맞는지만 확인 좀 하려고요. 아 그러세요? 손님. 그럼 프로모션 관련이시라고 하면 제가 가입하신 달은 먼저 확인해보겠습니다. 잠시만 기다려주시겠습니까? 예. 네, 손님. 기다려 주셔서 감사드립니다. 카드 발급받으신 달이 24년 2월 10일인 것으로 확인되고 있습니다. 네. 네, 그 손님 말씀처럼 오천 원 할인 프로모션으로 때문에 이걸 가입을 하셨다라고 하며 그때 6개월로 안내받으셨더라고요? 이번 달이 마지막달 맞으신것으로 확인되세요. 카드유효기간이 끝난 건 아니시고요, 손님. 어 네, 네. 이 달이 출금된 마지막 달이 맞죠? 네, 인제 발급일자 기준으로 보면 그렇습니다, 손님. 예. 음 근데 할인 6번 인거 알고 있는데 그러시면 손님 제가 월 달에 좀 할인을 받았었나요? 24년 3월 달에. 그부분은 제가 명세서를 확인해야 될 것 같아서요. 잠시만 기다려주시겠습니까? 예. 예, 손님 기다려 주셔서 감사드립니다. 손님께서 24년 3월 15일에 ▲▲ 통신 요금 자동 이체가 처음 발생하면서 이때 할인을 받으신 것으로 확인되고 있습니다. 예. 아 그러면 이 달이 마지막인 ▲▲▲▲▲▲ 네, ▲▲개월 놓치면 그렇습니다, 손님. 네, 알겠습니다. 감사합니다. 감사합니다. 상담원 ▲▲▲였습니다. 예.",0,A
normal_A_0376,"상담원 ▲▲▲입니다. ▲▲▲입니다. 안녕하세요? 그 제 그 카드 이용 내역에 예. ▲▲ 그 은행이라고 ▲▲ 얼마가 빠져나가던데 거기 그 정확한 내용이 어디서 빠져나가는지 좀 알고 싶어서요. 어 손님, 우선 확인해 볼 텐데요, 휴대폰 번호와 생년월일이 어떻게 되십니까? 어 예, ▲▲▲▲▲▲▲ 네. 예, ▲▲▲▲▲▲▲▲▲▲▲▲요. 네, 전화주신 분 본인 성함을 말씀 부탁드립니다. 예, ▲▲▲이요. 네, 연결되어 있는 결제 은행이 어디세요? ▲▲은행이요. 네, 확인 감사합니다. 손님 ▲▲월 ▲▲일에 ▲▲은행이라고 해서 나온 거 말씀이신 건가요? ▲▲▲ 예. 아 ▲▲▲▲원이요? 그거하고 뭐 같이 플러스 돼서 ▲▲ 얼마가 나왔던데 아닙니까? ▲▲ 얼마요? 같은 날짜로 결제되신 건가요? 아, 네. ▲▲월 ▲▲일에 ▲▲은행 말씀이시죠? ▲▲▲▲▲▲원 결제 되셨던 건이요. 예. 항상 빠져나가는 게 여기 ▲▲은행에 그 뭐야, 빠져나간 거죠? 이게 저희가 정확한 어떤 건지까지는 확인이 안 됩니다. 저희도 그 ▲▲은행 ▲▲ 이렇게만 확인이 되세요, 그래서 통신 판매로만 확인 되시거든요. 아 통신 판매요? 그러면 그 저 통신 판매라서 한 달에 얼마씩 빠지는 건지 알 수 있어요? 예. 아들 거를 제가 그 얼마전에 개통했는데 그 다음까지라던데 아 네, 이게 도시에서는 얼마씩 빠져나가지요? 이게 금액이 다 다르셔서요, 우선은 그 ▲▲월 ▲▲일에는 ▲▲▲▲▲▲원 결제 되셨는데 여기서 ▲▲원 할인이 되셔서 손님께서 실질적으로는 ▲▲▲▲▲원 결제하셨고요, 그리고 예. ▲▲월 ▲▲일에는 ▲▲▲▲원 결제가 진행되었는데 여기서도 ▲▲원 할인되셔서 ▲▲원만 손님께서 실질적으로는 납부하시게 됩니다. 어 그래요? 예. 그 예, 알겠습니다. 일단 예, 예. 네, 상담원 ▲▲▲이었습니다. 네.",0,A
normal_A_0377,"상담사 ▲▲▲입니다. 아 네. 안녕하세요? 지금 그 뭐지, 금액이 지금 연체가 됐다고 카드값을 지금 혹시 가상계좌로 입금하면 예 한도가 바로 복구가 되나요? 예, 확인하도록 하겠습니다. ▲▲▲ 님 ▲▲카드 이용해주셔서 진심으로 감사드립니다. 손님 결제가 되면 결제되는 금액의 원금만큼 한도가 바로 복구가 됩니다. 네, 네. 지금 그게 금액이 얼마죠, 그 금액? 현재 미납 대금 메모 가능하시겠습니까? 아니요. 문자로 좀 받을게요. 예, 문자로 알림을 해 드릴 거고요. 가상계좌 그럼 함께 알림 해드릴까요? ▲▲, ▲▲. 네. 예, 금액만 좀 알려주세요. 예, 안내해드리고 문자도 발송해드릴 텐데요, ▲▲, ▲▲, ▲▲ 중에서 어디 은행 계좌 편리하세요? 네. ▲▲로 해주세요. 예, 금액은 수수료 포함해서 ▲▲▲▲▲▲원이고요. 결제를 하더라도 결제 계좌에 잔고가 있을 경우 이중출금될 수 있으므로 비워 두셔야 하며 정확한 금액으로 입금 네, 한도는 얼마나 복구되나요? 예, 그런데 저 안내는 잠시 해드리고요. 정확한 금액으로 네, 아니요 지금 제가 바빠가지고 지금 가야돼가지고요, 지금 듣는 것만 바로 듣고 지금 입금할게요. 정확한 금액으로 입금하면 전산 처리가 되며 안내해드리는 금액은 오늘 기준 금액이라서 오늘 완납되지 않으면 금액이 변경이 됩니다. 결제했을 때 얼마 한도가 복원되는지 확인해보겠습니다. 네, 네. ▲▲▲▲▲▲▲▲▲원까지 한도가 복원되겠습니다. 아 네. 알겠습니다. 지금 입금할게요. 예, ▲▲▲▲▲▲▲▲▲▲▲▲원입니다. 감사합니다. 예, 알겠습니다. 감사합니다. 네, 지금 바로 되는 거죠? 네, 네. 감사합니다. 행복한 하루 보내세요. 상담사 ▲▲▲이었습니다. 네.",0,A
normal_A_0378,"상담원 ▲▲▲입니다. 무엇을 도와드릴까요? 네, 여기 저 ▲▲카드 있는데 그게 정지가 됐다 그래서 사용 하려니까 안 돼 갖고요. 아 그러십니까? 잠시만 기다려보세요. 네. 네, 손님 그 지금 손님께서 가지고 계신 카드는 해지된 카드인데요. 네? 네, 해지된 카드로 지금 사용하시는 것 같은데요, 손님. 네, 네. 네. 그럼 카드 ▲▲카드는 없는 거예요? 있으세요. 손님 잠시만 기다리세요. 잠깐만 기다려보세요. 예, 2개 다 하니까 이게 저기▲▲카드인 거 같은데 안 된다고 해서 갔거든요. ▲▲ ▲▲는 해지가 되셨고요. 네, 네. 지금 카드 가지고 계신 것 중에 잠깐만요, 손님. 네. 지금 체크카드에는 지금 갱신 시일이 이미 지났고 지금 카드 가지고 계신 거 혹시 몇 번인지 보이십니까? 카드 뒷 번호요. 어 잠깐만요. 이건가 이게 이제 ▲▲카드인가 카드 번호 이건가요? ▲▲▲▲▲게 쓰는 거예요. 이용 가능하세요. 손님 ▲▲▲님 본인 맞으신가요? 네 네, 아우 이거 2개 있는 거를 못 쓰는 거네. 잠깐만요. 먼저 ▲▲▲카드 제가 볼게요, 손님 가능하신지. 네, 네. 네, 그거는 가능하시고요. 지금 카드 번호 뒤에 또 다른 거 뭐 말씀해 주세요. 어 이런 거는 다 이제 끝난 건가 봐요. 그러면 저기 ▲▲▲▲▲ 그것이 ▲▲▲▲▲▲▲▲▲은 잠깐만요. 네. 네자리만 말씀해 주세요, 네 자리. 네. 그 끝 네 자리요. ▲▲▲▲ ▲▲▲▲ 잠깐만요. ▲▲▲ 네. ▲▲ 끝에가 ▲▲▲▲▲에요. 네, 네 이게 어 이것도 ▲▲카드인데 이거 ▲▲▲▲▲에 끝이 다섯자리 ▲▲▲▲▲▲ 이거 바꾸고 내가 이거 안잘라 버려서 그런가 그거는 없는 거예요? 그 카드는 없으신데요, 손님? 어 ▲▲▲▲은요? ▲▲▲▲도 해지된 거예요. 어 해지돼서 못 쓰고 그러면 이거 그냥 ▲▲▲▲만 지금 되는 건가요? ▲▲▲▲ 가능하시고요, 지금. 예, 이거 등록 하려면 안 뜨나요? 기간이 얼마예요? 체크 카드 2개 있으시고 신용 카드 하나 있으신데 지금 가지고 계신 거는 ▲▲ 신용 카드시고요. 유효기간은 조금 남으셨으니까 그걸 사용하시면 되고요. 체크 카드는 아예 없으세요. 체크카드 있어요, ▲▲은행 거. 그럼 몇 번이세요? 뒤에. 체크 카드요? 네. 네, 네 잠깐만요. 그리고 카드가 저기 2개에요? 네, 네. 어 저기 저 ▲▲은행 거 ▲▲▲▲▲ 이거 사용 가능하시고 예, ▲▲▲▲ 그리고 또 저기 뭐야 ▲▲▲▲ 그거 ▲▲▲▲▲▲▲▲▲▲▲▲▲ 사용 가능하시고요. 아까 ▲▲▲원을 사용을 못하니까 지금 잘라버리세요. 헷갈리시니까요. 어 2개 다 잘라도 되죠? 이게 지금 부른 거 하고 저기 현금 서비스 카드론 ▲▲▲▲만 쓰는 거죠? 네 네, 이 세 개는 가능하시고 나머지는 다 잘라버리시면 됩니다. 예, 헷갈리니까 버려야겠네요. 네 네, 헷갈리시니까 지금 다 잘라버리세요. 네, 감사합니다. 상담사 ▲▲▲이었습니다. 네, 이거는 저 한도액이 어 얼마 정도 되는 거예요? 한도는 ▲▲이세요. 손님 아 네, 알겠습니다. 감사합니다. 상담원 ▲▲▲였습니다. 네.",0,A
normal_A_0379,"상담원 ▲▲▲입니다. 예, 여보세요? 네, 안녕하세요? 예, 제가 어제 사용한 체크 카드의 거래 내역을 조회하고 싶은데요. 아 그러세요? 확인 한번 해 봐드릴 건데, ▲▲▲님 본인 맞으실까요? 예, 맞습니다. 아 감사합니다. 지금 어제 이용하셨던 그 매장 말씀하시는 거세요? ▲▲▲▲원인가 있을 텐데요. 네, 케이엠파크라고 확인되세요. 예, 맞습니다. 그거 맞을 거예요. 아 네, 이게 혹시 어떤 건인지 여쭤 보시는 걸까요? 이게 주차장 거래 건인데요. 이거 그 사용 내역을 제가 메시지로 좀 받아볼 수 있나요? 어 혹시 사용 내역이라면 뭐 어떤 거를 보내드리면 될까요? 왜냐하면 제가 그 영수증 발급을 받았어야 되는데 영수증 발급을 못 받아서 핸드폰으로 내역을 좀 받아봤으면 해서요. 어 저희가 수기로 발송해 드려야 되는 거라 그냥 이용 일자나 이용 시간, 승인 번호, 어디 가맹점이고 얼마나 이용했는지 이렇게만 보내드리면 될까요? 예, 그 정도면 되지요. 아 알겠습니다. 그럼 이미지가 가는 건 아니고 그냥 글씨로 써서 가는 건데 괜찮으신 거죠? 어 글씨로요? 네, 이미지로 만약에 받고 싶으시면 그거는 문자나 팩스로 저희가 보내드려야 되세요. 예, 그러면 문자를 주시면 좋을 것 같은데요. 그럼 아까 말씀드린 것처럼 수기로 글씨로 가는 건데 괜찮으세요? 이미지가 가는 건 아니세요. 그 전표 영수증이 매입 그 메시지로 가는 건 아니거든요. 네? 그러니까 제 말씀은 그 리스트가 전산상에 남아 있지 않아요. 그 리스트가 있기는 한데 그냥 일반 뭐 에스엠에스 서비스 신청할 때처럼 그냥 어디서 얼마 이용했다, 이렇게만 말씀을 드리는 거거든요. 그걸 갖고서 그냥 그걸 찍어서 보내주신다는 건가요? 아니, 이미지로 안 가서 말씀드리는 거예요. 혹시나 괜찮으신지. 아 이미지로 안 오고 그냥 텍스트로 해서 메시지를 보내주신다면서요. 네. 아 그럼 그렇게라도 좀 보내주시겠어요? 예, 알겠습니다. 혹시라도 그 이미지가 필요하신 거면 다시 연락주셔서 뭐 이메일이나 팩스로도 가능하니까 이것도 참고 부탁드릴게요. 혹시 이거를 제가 앱이나 이 쪽에서 조회해 볼 수는 없나요? 가능하세요. 저희 ▲▲카드 앱이 있으시면 그 쪽에서 해당 이용 내역 확인이 가능하거든요. 아 ▲▲카드 앱이 있어야 되는 건가요? 그 ▲▲카드 앱이 ▲▲페이 앱이에요. 그게 있어야 돼요. 그 ▲▲페이 앱이 설치되어 있어야 되거든요. 어 ▲▲페이 앱에 들어가면 조회가 된다는 거죠? 네, 이용 내역 확인이 가능하세요. 예, 알겠습니다. 일단 그 메시지 좀 보내주세요. 음 알겠습니다. 예, 고맙습니다. 네, 감사합니다. 상담원 ▲▲▲이었습니다. 예.",0,A
normal_A_0380,"상담원 ▲▲▲입니다. 예 수고하십니다. 저희 아버님께서 지금 앞에 계시는데요. 그 ▲▲카드에서 ▲▲▲▲카드 받은 게 있으세요. 이게 그 통신비 할인받는 카드인데 ▲▲ 통신비 그런데 이게 네. 한도가 얼마 걸려있나요? 아버님 뭐 한도 초과로 뜬다고 하시는데 확인해 보겠습니다. 혹시 본인분 바꿔 주시겠어요? 그러면 예, 아버님 예. 네 안녕하세요? ▲▲카드 상담원 ▲▲▲입니다. 손님 생년월일과 휴대폰 번호가 어떻게 되십니까? 네. ▲▲년 ▲▲월 ▲▲일 네. 휴대폰 ▲▲▲▲▲▲▲ 에 ▲▲▲▲ 네. 네 손님 본인 성함은 어떻게 되십니까? 저 ▲▲입니다. 네 결제 은행 어디십니까? 예 결제 은행은 ▲▲은행이요. 확인 감사합니다. 옆에 계신 분께 전반적의 상담 및 업무 처리하는 것에 동의하시겠습니까? 예 예. 예 바꿔주세요. 예 네. 네. 지금 제가 확인해 보고 손님 지금 잔여 한도가 원래 총 한도가 ▲▲▲▲▲원이시고요. 지금 남아 있는 한도가 ▲▲▲▲▲▲▲▲▲원이 나오십니다. 네. 그런데 왜 한도 현금서비스가 안 돼, 그런데 현금 서비스는요? 현금 서비스 한도는 ▲▲▲원 시스템을 다 쓰신 걸로 나오세요. 예? 아 현금 서비스가 ▲▲▲원이고 카드 ▲▲▲▲이에요? 아 그러면 현금 서비스를 좀 어려우실 텐데 ▲▲▲▲원으로 올려줄 수 없나요? 네 네? ▲▲원을요? 네 네. 현금 서비스를 받아서 쓰시는 것만 할 수 있고 내가 ▲▲은행에서 하는데 지금 이게 확인해보니까요. 지금 신용 카드 발급할 때 5개월이 미경과 됐기 때문에 지금은 조금 어려운 걸로 나오시고요. 혹시 5개월 지난 이후에 한번 확인 가능하신 부분이실까요? 네. 아 그래예. 예 그러면 5개월째 돼서 전화를 다시 한번 드릴까요? 네 . 네 알겠습니다. 네. 상담사 ▲▲▲이었습니다. 수고하세요. 감사합니다.",0,A
normal_A_0381,"상담원 ▲▲▲입니다. 아 예, 뭐 카드 결제금 뭐 리볼링인가 그게 이월됐다는데 대체 뭐예요? 아, 그러십니까? 본인 확인하고 확인해 보겠습니다. ▲▲▲ 님 본인 맞으십니까? 예. 감사합니다. 손님께서는 일부 결제 대금 이월 약정 서비스 구 리볼빙 서비스를 이용 중이시고요. 청구 비율은 50%로 하고 계셔서요. 예, 예. 일시불 1건 중에서 50%만 청구하고 나머지는 다음 달로 이월시키는 서비스를 이용 중이신 걸로 확인되고 있습니다. 아 그거 없애주세요, 그냥. 아 그러세요. 해당 서비스를 지금 해지하시면 차후에 재가입이 어려울 수 있는데 괜찮으실까요? 예. 그리고 이월된 금액은 ▲▲월달에 모두 일시 청구되는데 괜찮으실까요? 예. 그럼 요청하신 대로 해당 서비스를 해지해 드렸습니다. 예, 그리고 그거 ▲▲원씩 나가는 게 그게 뭐죠? 우선은 일부 결제 대금 이월 약정 서비스 자체를 청구 비율을 50% 하고 계시니까 전월에서 이월된 금액과 새로 사용하신 금액 중에서 50% 청구하고 다음 달로 이월되는 시스템이었고요. 지금 전월에서 이월된 게 이번 달도 ▲▲일에 이월된 금액이 발생된 거라서요. 그 이월금액이 ▲▲▲▲▲▲▲▲▲원인 걸로 확인되세요. 그러니까 그 ▲▲원씩 나가잖아요, 제가 뭐 나가는 거죠? 네, 이월된 금액 총액 중에서요, 손님께 청구하는 금액이 ▲▲원 미만일 때는 ▲▲원을 청구하게 돼요. 그래서 ▲▲원이 청구가 된 거예요. 아니, 그러니까 내가 지금 그 내역서가 없어서 그러는데 ▲▲원씩 다달이 나가는 게 뭐가 있거든요. 네. 그 ▲▲원이 청구가 됐는데요, 손님. 그 ▲▲원이요. 손님께서 신용카드 사용하신 거랑 후불 하이패스 사용하시는 이런 금액들이 있는데요. 네, 이게 ▲▲원이에요? 그렇죠. 그러니까 50%를 청구하는데 50% 계산을 했을 때 그 금액이 ▲▲원이 안 되면 최소 ▲▲원 ▲▲▲ 청구하게 되면 되기 때문에 ▲▲원이 청구가 된 거예요. 아, 그래서 맨날 그 ▲▲원씩 그게 다운을 일단 그거 뭐 해지해 주시고요. 네, 해지해 드렸습니다. 그리고 그 카드 쓰면 이렇게 문자로 오늘 오는 게 돼 있나요? 안 되어 있습니다. 그게 얼마예요, 한 달에? 전체 내역을 모두 안내 받으시면 이용 건수 상관없이 한 달에 1,000원입니다. 그거 신청해 주세요. 네, 그럼 요청하신 대로 문자 알림 서비스 신청해 드리고요. 이 시간 이후로 카드를 사용하실 때마다 문자 전송을 해 드리고요. 전송해 드릴 때 누적 금액도 표기해 드리는데 표기되는 누적 금액은 실제 결제 대금하고 다를 수 있고요. 사용 요금 1,000원은 사용월의 다음 달부터 청구가 되는데 적립 포인트가 있으면 포인트에서 차감되고요, 포인트가 부족할 때 카드 결제가 됩니다. 예. 네, 완료되었습니다. 아 예, 알겠습니다. 네, 감사합니다. ▲▲카드 상담원 ▲▲▲이었습니다. 예.",0,A
normal_A_0382,"상담원 ▲▲▲입니다. 여보세요? 여보세요? 예, 저기 저 뭐야, 저 카드 문자가 왔는데 저 이거 뭐야, 유효 기간이라 안 했다고 이제 새 카드를 보내준다고 왔어요. 네, 손님. 지금 제가 그 분실한 카드가 이게 지금 연회비가 좀 많습니다. 그래서 연회비 좀 작은 카드로 교체를 하고 싶은데 네, 그러세요? 그럼 제가 본인 확인 후 빠르게 도움 드리도록 하겠습니다. ▲▲▲▲ 님 본인 맞으십니까? 예. 네, 확인 감사합니다. 네, 문자 내용을 확인해 보도록 하겠습니다. 잠시만 기다려 주시겠습니까? 예. 네, 감사합니다. 현재 ▲▲▲ 님께서 통신비 할인 받은 ▲▲▲카드를 소지하고 있는 걸로 확인되고 있으시고요, 이 카드 갱신 발급 되시는 걸로 확인되시는데 교체 발급을 요청해 주시는 거 맞으시고요? 예, 그런데 이게 되나요? ▲▲카드잖아요. 다시 한 번 말씀해 주시겠어요. ▲▲카드잖아요. 네, 맞습니다. 이 카드 ▲▲ 카드 말고 그냥 일반 카드로 네, 그러면 저희가 신용카드가 워낙 많기 때문에 손님께서 원하시는 카드 서비스 그리고 연회비를 홈페이지나 모바일을 통해서 손님께서 원하시는 카드를 확인해 주시고 정확한 카드명을 말씀해 주시면 교체 발급을 진행해 드리겠습니다. 아 그 지금 제가 봐야 되나요? 카드가 뭐, 뭐 있는지 네, 손님께서 확인해 주시고 다시 전화주시면 저희 쪽에서 그 교체 발급을 진행해 드릴 거예요. 아 전화를 다시 주면 되겠네요? 네, 홈페이지 모바일을 통해서 손님께서 원하시는 카드 서비스랑 그리고 연회비를 한번 확인해 주신 다음에 다시 전화주시면 감사하겠습니다. 네, 알겠습니다. 네, 상담사 ▲▲▲이었습니다. 예.",0,A
normal_A_0383,"상담원 ▲▲▲입니다. 아 예, 그 ▲▲ 카드 교체 발급받아서 취소했는데 네. 며칠 안 돼서 취소했거든요. 근데 연회비가 다 빠져나갔나 확인 좀 해주세요. ▲▲▲님 본인 맞으십니까? 예. 예, 지금 ▲▲▲▲카드 9월 14일 날짜로 예. 2023년 9월 14일이요. 네, 취소하신 걸로 확인은 되시고요. 일단은 한 번 체크해 드릴게요. 손님 잠시만 기다려주시겠습니까? 예. 감사합니다. 손님 저희가 이제 확인해드렸을 때 음 지금 전액이 지금 결제가 되신 건 아니시고 발급 비용과 일수만큼의 지금 연회비는 청구가 되신 걸로 확인이 되십니다. 아니 싸이트 보니 그 좀 결제가 됐던데 네? 그거는 청구서를 보신건 아니신가요? 실제로 출금이 되는 9월 20일에 지금 청구서 손님께서 입금하셨던 내역을 열어보시면요 그 연회비가 지금 ▲▲▲▲원만 결제가 되신 걸로 확인이 됩니다. 어 그거는 여태 없던데 지금 그 ▲▲페이로 ▲▲카드 ▲▲ 있잖아요. 손님 ▲▲카드 어플 들어가시면 입금 내역에 들어가서 보시면 되세요. 예, 예. 그 밑에 좀 뭐 결제된 내역 금액이 좀 차이나던데 왜냐면 손님께서 지금 청구된 금액이랑 실제로 출금된 금액 만 비교해 보셔도 차이가 나세요. 아 예. 그걸 다 일일이 다 확인하니까 네. 그런데 차이가 나시는 거는 보는 거 방법밖에는 없으세요. 그러니까 전화했죠 일단 알겠습니다. 그럼 그것만 생각할게요. 네, 알겠습니다. 상담사 ▲▲▲입니다. 예, 예 예 알겠습니다. 예 수고하세요. 예, 예.",0,A
normal_A_0384,"일상의 즐거운 변화 LGU+ <NAME>입니다. 무엇을 도와드릴까요? 네, 아이 요금제를 <DATE>부터 바꿨거든요. 근데 예약 걸어놨는데 혹시 그 제가 금액이 좀 부담스러워서 낮출 수 있나 해서요. 네, 한번 확인해 드리도록 하겠습니다. 잠시만 기다려 주세요. 그 요금제를 변경하신단 말씀이신 거죠? 네. 네, 그러면 전화 주신 번호가 <NAME> 고객님으로 나오시는데 이 번호 말고 자녀분 번호신 거잖아요? 아, 네. 예, 번호 한번 말씀 부탁드릴게요. <MOBILE_NUMBER>이요. 네, 명의자분 성함, 생년월일 말씀 부탁드릴게요. 네, <NAME>이고 <MOBILE_NUMBER>이요. 네, 납부는 통장, 카드, 지로 중에서 어떻게 납부하세요? 카드, 삼성카드요. 네, 확인 감사합니다. 어, 현재 데이터 스페셜A 요금제로 되어 있으신데 요거보다 한 단계 낮은 요금제가 잠시만요, 그 청소년 19요금제라고 해서요. 이제 <CHARGE>에 요거는 이제 정액제 요금제거든요. 아, 아. 그거 말구요. 제가 아까 통화할 때 <DATE>부터는 청소년 49 요금제인가요? 아, 네. 예약하셨단 말씀이세요? 네. 근데 그거보다 낮은 단계가 있나 해서요. 네, 있으세요. 잠시만요, 확인해 드릴게요. 음 말씀하셨듯이 49로 되어 있으신데 요거보다 한 단계 낮은 게 뭐 LTE 데이터 걱정 없는 청소년 시리즈 중에서 제일 낮은 요금제 33 요금제가 있거든요. 그래서 고거는 <CHARGE>에 유무선 문자, 데이터 무제한 동일한 조건인데 대신 데이터가 2GB까지만 제공되고 다른 데이터는 그 이후에는 400Kbps로 검색 속도가 완전히 낮춰지는 건데 그걸로 바꿔드린 적이 있네요. 네, 그렇죠. 아, 근데 혹시 저희 아이가, 지금 그러면 한 어느 정도 쓰고 있나요, <DATE>에? 최근 <DATE>간 사용량이 지금 상당히 넘어가고 있었어요. 그래서 2.1GB 이렇게 쓰셨어요. 네, 6GB까지는 안 될까요? 예, 예. 6GB까지는 현재로서는 안 가고 있는 것으로 확인되세요. 근데 워낙 이제 속도 제어가 조금 많이 들어가다 보니까요. 만약에 데이터를 많이 사용하는데 서비스 낮은 걸로 들어가고 있기 때문에 그렇게 되나요? 그쵸. 아, 그래요? 네. 이거는 동영상이 보통은 영화로 치면은 한 편에 두 시간, 세 시간 보면은 한 2.5GB 정도 나오거든요. 그래서 뭐 수업을 여름 방학 동안에는 이제 원격 서비스나 이런 것들 있잖아요. 그래서 그런 걸 2GB는 조금 잘 보실 수 있으세요. 아, 그런 건 집에서 하고 이제 밖에 나가서는 많이 하지 않아서, 그럼 일단 써보고 또 <DATE> 뒤에 바꿔도 상관없다 이거네요? 어, 물론이죠. 만약에 그러면 한 번 33 요금제 그거 <DATE>부터 해보고 다시 전화 드려도 될까요? 네, 언제든지 연락주세요. 네, 감사합니다. 네, 그러면 기존 거 일단은 예약 취소 처리해 드리고 저희가 LTE 청소년 33으로 다시 바꿔드리구요. 혹시 지금 요금제에 대한 안내 사항은 제가 그럼 어머님한테 다시 한번 보내드리고 한 달 뒤에 혹시라도 필요하시면 저희 쪽으로 언제든지 연락주시면 되세요. 네, 그럼 거기서 약정이랑 이런 건 할인되는 건가요? 네, 가족 결합 선택 약정 다 적용되시니까 안심하시고 이용해 주시면 되세요. 네, 너무 감사합니다. 네, 그리고 장기 고객님이어서 이제 뭐 <NAME> 고객님은 기기 변경 혜택이 있다고 나오시는데 어떻게 그 부분에 대한 뭐 지금 담당자 연결도 가능하신데 연결을 같이 도움드릴까요? 아니요, 기기는 바꾼 지 얼마 안 돼서요. 네, 알겠습니다. 네. 그러면 요거는 뭐 나중에 필요하실 때 연락드리도록 예외 처리해 드리고 일단은 요금제 바로 33으로 예약 변경 처리해 드릴게요. 네, 감사합니다. 네, 고객님 무더운 날씨 건강 조심하시구요. 메시지로 연락드릴게요.",0,A
normal_A_0385,"상담원 ▲▲▲입니다. 아 예, 수고 많으십니다. 제가 그 ▲▲카드 네. 여보세요? 예, 결제가 그 뭐 미납됐다고 그래서 지금 전화드린 거고요. 아 그러셨어요? 본인 확인하고 안내 도와드리겠습니다. ▲▲▲ 님 본인 맞으십니까? 예, 예. 네, 네 ▲▲일이 결제일이라서 휴일이었기 때문에 어제 출금이 됐는데 지금 이제 미납 요금은 연체료 ▲원 포함해서 ▲▲▲▲▲원 확인되네요. 예, 그거를 제가 그 전에 내던 게 ▲▲은행이잖아요? 네. ▲▲은행이 사업자였는데 사업자에서 제가 폐업을 하는 바람에 계좌가 다 정지가 됐어요. 아 그러세요? 근데 일부 출금이 됐는데요, 고객님 아니, 그거는 이제 일부가 되고 나머지는 지금 들어가지도 않고 나가지도 않고 한다고요, 끝나는 거예요. 아 지금 현재는 이제 정상 계좌가 아닌 거예요. 그렇죠. ▲▲은행으로 좀 바꾸고 싶거든요. 그러면 결제 계좌 변경을 도와드리겠습니다. 잠시만 기다려 주세요. 예. 기다려 주셔서 감사합니다. ▲▲은행 계좌 번호를 말씀해 주세요. ▲▲▲▲▲▲▲ ▲▲▲▲ 예, 그러니까 다시 한번 불러보실래요? 아니요, 제가 확인할게요. 예, 정상적으로 가능한 계좌인지 확인하겠습니다. 예. 네, 변경 처리 중에 있습니다. 잠시만 더 기다려 주세요. 여보세요? 예, 결제 계좌 ▲▲은행 계좌로 변경되어서 ▲▲월 결제일부터 변경된 계좌에서 자동 출금되고요, 지금 연체금액은 그러면 ▲▲은행 계좌에서 바로 출금해 드릴까요? 예, 그렇게 해 주세요. 예, 원래 기존 계좌로 오늘도 출금 요청이 들어갔는데 그 계산은 그러면 지금 정상적으로 입출금이 안 되는 계좌인 거 맞으시죠? 아 네, 그러면 ▲▲▲▲▲▲원을 ▲▲은행 계좌에서 바로 출금하겠습니다. 잠시만 기다려 주세요. 예, 예. 기다려 주셔서 감사합니다. 정상 출금 되어 미납 요금은 납부 완료되었습니다. 예, 알겠습니다. 장기 카드 대출 한도가 보여지는데 안내해 드릴까요? 뭐 ▲▲카드 말씀하시는 거예요? 아 ▲▲카드요? 저희 ▲▲카드에서 카드론 대출 한도가 보여지는데 안내해 드릴까요? 몇 퍼센트인가요? 네, 한도는 실시간으로 조회가 필요한데 보여지는 거는 ▲▲▲원 ▲▲개월 이자율은 연 15.53%로 확인됩니다. 예, 일단 15 예, 알겠습니다. 예, 유동적이라 변경될수 있는 내용인데 괜찮으시죠? 예, 그런데 그게 뭐 15%까지 내용일 수도 있겠죠? 알겠어요. 12.53이요, 고객님. 12.53이요, 일단 알겠습니다. 네, 상담원 ▲▲▲이었습니다.",0,A
normal_A_0386,"상담원 ▲▲▲입니다. 안녕하세요? 안녕하세요? ▲▲카드 결제 금액이 그 이월됐다고 리볼빙으로 넘어간다고 문자가 왔는데요. 네. 이거 다시 그냥 입금하면은 리볼빙 없어지는 건가요? 그러십니까? 한번 먼저 확인해 드릴 텐데요, 회원님 본인 이시고요? 네. 확인 감사합니다. 이월된 금액은 자동이체 계좌에 잔액이 있더라도 자동으로 결제가 되지 않기 때문에 별도로 선결제 요청을 해주셔야 되고요. 오늘 날짜 기준으로 원금 이자 합산해서 ▲▲▲▲▲▲원이세요. 네. 금액, 우리 회원님 본인 명의 계좌에 잔액 있으시면 바로 즉시 출금도 가능하시고요. 아니시면 가상계좌 예약 가능하신데 어떻게 진행해 드릴까요? 네. 어, 그냥 계좌에도 저기 뭐 선결제 입금하는 걸로 진행할게요. 네. 그런데 지금 지금 당장은 안 되고, 뭐. 알겠습니다. 안 돼서 옮겨야 될 것 같아서. 네, 네. 그런데 그러면은 오늘 만약에 납부하게되면은 리볼빙 이자가 얼마가 나오는 거예요? 네. 오늘 날짜 기준으로 ▲▲▲▲▲원 확인되세요. 아, 그래요? 오늘 안에만 저기 입금하면 되는 거죠? 오늘 저기 자정 전까지만? 꼭 오늘까지 하셔야 되는 건 아니신데, 이제 아무래도 말씀처럼 일할 계산 되어서 이자가 청구가 되다 보니까 오늘 납부를 하시는 게 내일 납부하시는 것보다는 저렴하시고요. 저희가 상담 업무는 6시까지 진행이 되고 있습니다. 네. 그래서 상담원 통해 결제를 원하신다면 6시까지 연락을 주셔야 되고요. 네, 네. 아, 그냥 카드 어플에서 하면은 똑같은 거죠? 네. 만약에 카드 어플이나 홈페이지에서 진행을 하신다고 한다면요. 결제가 가능하신 시간이, 잠시만 기다려 주시겠습니까? 네. 기다려 주셔서 감사합니다. 밤 11시 30분까지 출금 가능하세요. 아, 그때까지만 하면은 이 리볼빙 이자가 오늘 것만 계산된다는 거죠? 맞습니다. 다만 이제 이월된 금액이 홈페이지나 일상으론 조회가 조금 어려우실 수 있어요. 네. 일시불 금액 중에서 이자가 같이 포함되어있는 금액들이 이월된 금액인데, 혹시라도 확인이 어려우실 수도 있으셔서 만약에 그럴 경우 이 쪽으로 6시까지 상담 한번 진행하고 있다보니, 저희 쪽으로 요청해 주셔도 좋을거 같습니다. 네, 네. 아, 왜냐하면 대기 시간이요, 혹시나 그럴까봐. 아, 그러셨군요. 지금 우리 ▲▲▲ 님께서 우수고객님이셔서 아무래도 일반 고객님들보다는 그래도 연결 시간이 거의 많이 걸리시지는 않으실 것 같아요. 아, 그래요? 혹시 몰라서 제가 프리미엄 전용 상담센터 고객센터 번호가 따로 있다 보니, 이 전화번호 등록된 핸드폰 번호로 문자 하나 발송해 드릴 텐데 괜찮으세요? 네, 네. 그래요. 알겠습니다. 지금 바로 제가 등록된 핸드폰 번호로 문자발송 도록 하겠습니다. 네, 감사합니다. 감사합니다. 상담원 ▲▲▲이었습니다. 네, 감사합니다. 감사합니다.",0,A
normal_A_0387,"일상의 즐거운 변화 LGU+ <NAME>입니다. 아 예. 수고하십니다. 제 핸드폰 번호가요. 네. 네. <MOBILE_NUMBER> <MOBILE_NUMBER> 네. 다른 사람이 전화를 하면은 <MOBILE_NUMBER>로 받게끔 착신 좀 설정 좀 할라 그러는데요. 네. 그러면은 한번 확인해서 안내해드리도록 하겠습니다. <NAME> 고객님 본인 맞으십니까? 네. 네. 현재 그러면 납부방법이 은행, 카드, 지로 중에 어떤 걸로 납부하십니까? 카드요. 네. 확인 너무 감사합니다. 그럼 제가 이거 착신전환 신청을 한번 등록을 해드릴 거구요. 네. 고객님께서 이거 착신전환 같은 경우에는 문자랑 전화 다 받아 보실 경우에는 <CHARGE>씩 발생하십니다. 네. 그러면 제가 이거 착신전환 신청을 도와드릴 건데, 서비스 등록 후에 번호 설정은 고객님께서 직접 가능하신 부분이어서 <MOBILE_NUMBER>에 따로 이제 전화 받아 보시게끔 하시는 거는 고객님께서 한번 직접 설정을 해주셔야 하시거든요. 네. 저희가 이게 이용하는 방법이 변경이 되어서 지금 일단은 고객님께서 직접 한번 해주셔야 됩니다. 아 일단 같이 신청해 놓고요? 네. 맞습니다. 그래서 저희가 이거 원격제어 비밀번호도 신청을 해드려야 하는데 휴대폰 숫자는 설정이 불가하시거든요. 예. 그래서 비밀번호 설정해 드리려고 하는데 비밀번호 한번 말씀 가능하실까요? 아 핸드폰 번호로는 안된단 얘기죠? 네. 맞습니다. 현재 사용하는 거요? 네. 맞습니다. <PASSWORD> <PASSWORD> 한번 등록해 보도록 하겠습니다. 네. 네. 고객님 기다려 주셔서 감사합니다. 그거에 따라서는 등록 가능하셔서 제가 등록을 해드렸구요. 착신전환 설정 방법에 대해서는 문자발송 한번 해드리도록 하겠습니다. 예. 문자 그러면 고객님께서 편하게 받아 보실 수 있는 건 <MOBILE_NUMBER>번호이실까요? 네. 아 네. 알겠습니다. 해당 번호로도 제가 이거 고객님께서 이용하시는 방법 문자발송 다시 해드렸으니까, 한번 참고하셔서 설정하셔서 이용해 주시면 좋을 것 같습니다. 네. 네. 혹시 추가 문의 사항은 더 없으실까요? 네. 네. 감사합니다. 감사합니다. 네. 감사합니다. 네. 네.",0,A
normal_A_0388,"일상의 즐거운 변화 LGU+ <NAME>입니다. 약정할인 좀 받고 싶어서요. 말씀 감사합니다. <NAME>님 확인되시는데 고객님 본인 맞으십니까? 네. 약정할인은 기간 1년 하고 2년 중에서 어떻게 진행 도와드릴까요? 1년 해주세요. 알겠습니다. 약정 할인에 대한 주요 안내사항 바로 한번 들려드릴 텐데요. 안내 받으시고 동의하시면 동의하신다고 한번 말씀해 주시면 되세요. 예. 제가 한번 바로 들려 드리겠습니다. 예. 지금부터 선택약정할인 녹취 가입 과정을 진행하겠습니다. 기간을 다 채우지 못하면 반환금이 나오는데 주요사항은 문자로 발송해 드렸습니다. 반환금이 발생하는 경우는 중도해지 미적용 단말기로 기기변경 약정미승계 명의변경에 해당합니다. 세부적인 내용은 홈페이지에서 확인 가능합니다. 문자 확인하셨습니까? 네. 이용 조건에 동의하시면 바로 서비스 등록하겠습니다. 선택약정할인 가입에 동의하십니까? 네. 말씀 감사합니다. 고객님, 제가 바로 등록 도와드릴 텐데 잠시만 기다려 주세요. 네. <DATE> 딱 끝나는 날짜셨더라구요. 제가 <DATE> 날짜로 선택약정 1년으로 다시 한번 등록 처리 완료해드렸습니다. 네, 감사합니다. 더 알고 싶은 내용이나 확인하실 건 없으시구요? 네. 저희 고객님에 연락 한번 주신 김에 등록되어 있는 부가서비스를 확인해봤는데 본인 인증하시다가 잘못 가입되셨는지 간편결제매니저 <CHARGE>짜리와 전화번호 안심로그인 <CHARGE>짜리 부가서비스 가입되어 있는데요. 네. 이거 이용 안 하시는 거죠? 네. 예, 그러면 제가 바로 한번 삭제해 드릴게요. 잠시만 기다려 주세요. 네. 네, 기다려 주셔서 감사합니다. 고객님, 제가 <DATE>까지 그 등록되어 해당 부가서비스는 정확하게 삭제 처리를 처리해 드렸구요. 예. <DATE>까지 이용하셨던 이용 요금만 날짜 계산돼서 <DATE>에 마지막으로 청구되시는 점만 기억 한번만 부탁드리구요. 예. 저희 고객님 <DATE>에 청구된 금액을 확인을 해보니까 데이터 초과요금이 나오셔가지고 그래서 어 <CHARGE> 넘게 요금 납부하신 걸로 확인되시는데요. 예. 저희 고객님께서요, 바로 위에 있는 데이터 5GB가 제공되시고 다 사용하시더라도 추가요금 나오지 않고 그러신데 그렇게 이용하시더라도 한 달<CHARGE> 나오시거든요. 그러시면은 데이터 편하게 사용하시면서<CHARGE> 따로 이용해 보시는 게 낫지 않으실까 싶어서요. 됐습니다. 괜찮아요. 네. 아 그러세요? 그러시면 사용하시다가 혹시라도 불편하시면 이렇게 이용하실 수 있는 방법도 있으시니까 이 점도 같이 한번만 좀 부탁드리겠습니다. 예, 알겠습니다. 네, 알겠습니다. 더운 날씨 시원한 여름 되시길 바라겠습니다. 예.",0,A
normal_A_0389,"상담원 ▲▲▲입니다. 네, 수고하십니다. 다름이 아니고 지금 카드가 한도 초과라고 나오는데 뭐가 문제가 있는 건지, 확인 할려고요. 아 그러세요? 바로 확인 도와드리겠습니다. ▲▲▲ 님 본인 맞으시죠? 예. 지금 현재 부여되어 있는 총한도가 ▲▲▲▲▲원인데요, 현재까지 총 사용되고 있는 금액이 ▲▲▲▲▲▲▲▲▲원 이용되어 있어요. 현재 잔여한도가 ▲▲▲▲▲원으로 그거 쓸게요. 이거 다. 어 한도 초과가 발생되었던 부분이고 제가 지금 확인을 해보니까, 총 한도가 ▲▲▲▲▲원까지 상향이 가능하신데요, 한도 상향 도와드릴까요? 아 제가 좀 전에 그 그, 제가 잘못들었어요. 아 예 아 그러세요? 다시 말씀드릴게요. 부여되어 있는 카드 한도가 ▲▲▲▲▲원이에요. 그런데 할부 잔액이랑 또 지금 승인된 내역이랑 당월 결제하실 금액 모두 다 합산으로 해서 총 사용되고 있는 금액이 ▲▲▲▲원이에요. 어 그 저기, 할부나 뭐 이런 거 쓴 거 때문에. 그렇죠. 모두 다 합산해서요. 네, 어. 그래서 어 현재 한도 초과가 발생했던 거고요. 그래도 확인을 해보니까 지금 2000만 원까지 한도 상향이 가능하세요. 네. 그래서 원하시는 만큼 한도 상향 가능하신데 한도 상향 도와드릴까요? 예, 한 ▲▲▲원. ▲▲▲원으로 상향을 할까요? 예, 예. 그러면 총 한도 ▲▲▲원으로 하고 장기 카드 대출 기존에 ▲▲▲원이었는데 그대로 ▲▲▲원으로 둘까요? 아니면 조금 더 상향을 할까요? 예, 그거는 그냥 그대로 놔두시겠어요. ▲▲▲원으로 할게요. 예 잠시만 기다려 주세요. 네. 기다려주셔서 감사합니다. 한도 상향 완료되어 현재 ▲▲▲▲▲▲▲▲▲▲▲원 바로 이용 가능합니다. 네, 그래요. 예 감사합니다. 혹시 카드 대출 안내 도와드릴까요? 아니, 아니요. 괜찮습니다. 나중에 이용 어려우실 수 있는데 괜찮으시죠? 예, 수고하세요. 감사합니다. 상담원 ▲▲▲이었습니다.",0,A
normal_A_0390,"상담원 ▲▲▲입니다. 아 네. 제가 여기 가상계좌 계좌번호랑 금액을 알려달라고 그랬는데요. 네. 금액, 그 금액이 좀 잘못 들어온 것 같은데요, 실례지만 손님의 정보 확인되고 있지 않기 때문에 본인 확인 후에 확인 도와드리겠습니다. 예. 손님 휴대폰 번호 몇 번이세요? 어 ▲▲▲▲▲▲▲▲▲▲▲▲요. 생년월일 앞 여섯 자리 말씀 부탁드립니다. 어 ▲▲▲▲▲▲▲ 전화 주신 손님 본인 성함 말씀 부탁드립니다. ▲▲▲ 카드 연결돼 있는 결제 은행 어느 은행 이용하세요? ▲▲은행이요, ▲▲. 네, 소중한 정보 확인 감사합니다. 저희 금액을 안내를 잘못드렸다고요? 금액을 여기 ▲▲▲▲▲▲▲원 요것만 찍어주셔야 되는데 다른 거는 나중에 그런데 ▲▲▲원만 찍어 달라구요? 네, 네. 최소 금액 잠시만 기다려주시겠습니까? 최소 결제 그러면, 예. 혹시 이번 달만 최소 금액으로 결제하시는 거세요? 예, 예. 잠시만 기다려주시겠습니까? 네. 안 그러면 통장에다 넣어놓으면 되는 데 따른 게 나가야 되거든요. 네, 기다려주셔서 감사합니다. 저 이번 달만 최소 비율로 결제하신다고 하셔서 손님의 최소 비율은 15%로 등록을 해 드렸고요. 그래서 제가 몇 가지만 안내해드리고 가상계좌 그거 다시 한번 보내드리겠습니다. 네. 저희 정확한 금액으로 입금해 주셔야지 정상 처리되시고요. 네, 그러니까요. 그리고 가상계좌는 오늘 밤 11시 30분까지 입금해 주셔야 됩니다. 유의 사항은 문자로 받을 수 있으니 내용 확인해 주시구요. 네. 저희 그리고 총 입금 금액은 ▲▲▲▲▲원으로 확인이 되시구요. 가상 계좌는 ▲▲은행, ▲▲, ▲▲은행 있으신데 어떤 걸로 하시겠어요? 네. 포도은행으로 해 주세요, ▲▲. 네, 그럼 포도은행으로 예약해서 금액이랑 가상계좌 다시 하나 보내드리겠습니다. 예. 네, 상담원 ▲▲▲였습니다. 네.",0,A
normal_A_0391,"기다려 주셔서 감사합니다. 일상의 즐거운 변화 LGU+ <NAME>입니다. 네, 안녕하세요. 네, 안녕하십니까. 네, 이 핸드폰 요금 납부하려고 하는데요. 문자로 주는 거 있잖아요? 가상계좌 발송 도와드리겠습니다. 네. 문의 주시는 번호 <NAME> 고객님 본인 맞으십니까? 네. 네, <NAME>님 어떤 은행으로 보내드릴까요? 혹시 지금 등록되어 있는 통장에선 결제가 안되죠? 현재 설정된 자동이체로 출금 진행 중 이시기 때문에 지금 납부하시면 이중 출금되실 수 있으시구요. 대신 이중 출금되실 경우 자동으로 환불되십니다. 네, 우리은행으로 보내주세요. 네, 문자 발송 해드렸는데 확인 가능하십니까? 예, 그리고 전화번호 또 하나 있거든요. 네, 고객님 말씀해 주십시오. <MOBILE_NUMBER>요. <MOBILE_NUMBER> 맞으십니까? 네. 명의자 분 성함과 생년월일 확인 부탁드립니다. <NAME>요. 네, 생년월일 확인 부탁드립니다. <BIRTH_NUMBER>요. 고객님 전에 연락주신 번호로 제가 똑같이 문자 발송 도와드려도 괜찮으실까요? <MOBILE_NUMBER> 핸드폰으로 보내주시겠어요? 말씀하신 휴대폰 번호 그대로 보내드릴까요? 네, <MOBILE_NUMBER>으로 같이 보내주세요 예, 알겠습니다. 우리은행으로 보내드릴 텐데요. 고객님 문자 받으셨습니까? <CHARGE> 맞나요? 네. <CHARGE>밖에 안 들어왔어요. 제가 한 번 더 보내 보겠습니다. 잠시만 기다려 주십시오. 네. 네, 고객님 한 번 더 보내드렸는데 확인 부탁드립니다. 네, 들어왔어요. 그러셨습니까? 네, 감사합니다. 고객님 혹시 요금제 사용하시면서 불편하신 적 없으십니까? 네, 없어요. 네, 마무리 잘하시고 편안하게 좋은 일만 가득하시기 바랍니다. 감사합니다. 감사합니다.",0,A
normal_A_0392,"상담원 ▲▲▲입니다. 네, 뭐 좀 여쭤볼려고요. 그 지금까지 그 바우처를 ▲▲카드로 받았거든요. 네, 손님. 그런데 이거 이거 제가 자영업자인데 어떻게 되는 건지 확인 좀 하려고요. 교육 급여 바우처 말씀이세요? 네. 이거 어디어디 써야 되는 건가요? 결국은 바우처의 경우에는 뭐 업종 청소년 출입 불가 장소라든지 뭐 상품권 구매나 의상 업종 같은 경우를 제외하고는 다 이용 가능하시고요. 네. 일반적인 마트라든지 포함되셔서 갈라고 하신데 마트는 상품권 구매만 아니시면 그냥 이용하실 수 있으세요. 그러면 쿠팡 이런 것도 되나요? 온라인 업종 말씀이세요? 네. 잠시만 기다려주시겠습니까? 네, 손님 기다려 주셔서 감사합니다. 온라인도 상품권 구매만 아니시면 되세요. 그런데 왜 ▲▲카드로 결제했는데 네. 예, 그 제 돈에서 빠져나가가지고. 어 우선은 제가 우선 확인 먼저 해보고 안내해드릴게요. 네, 네. 정보 확인 위해 본인 확인 여쭙겠습니다. 손님의 생년월일과 핸드폰 번호가 어떻게 되실까요? ▲▲년 ▲▲월 ▲▲일 네. ▲▲ 네. ▲▲▲▲▲▲▲▲▲▲▲▲이요. 네, 전화 주신 손님의 본인 카드 연결되어 있는 계좌 은행은 어디세요? ▲▲은행인가요? 네, 확인해주셔서 감사합니다. 잠시만 기다려주시겠습니까? 예. 네, 손님 기다려 주셔서 감사합니다. 지금 저희 ▲▲카드로 ▲▲월 ▲▲일부터 ▲▲월 ▲▲일까지 사용하신 내역 있으신 걸로 확인되고 있는데요. 네. 이거 다 교육 급여 바우처로 제공되신 걸로 확인되고 있으세요. 네. 아니 저희 쿠팡에서 차감이 됐다고 문자가 안 나와가지고요. 어 지금 손님 ▲▲월 ▲▲일까지도 지금 문자 발송해 드린 걸로 확인되고 있으세요. 예. 네, 확인 부탁드리겠습니다. 네, 상담원 ▲▲▲입니다.",0,A
normal_A_0393,"상담원 ▲▲▲입니다. 예, 그 카드 결제 계좌 변경을 하고 싶어가지고요. 네, 변경 언제로 요청해 주시는 거세요? 은행을 바꾸려고요. 아, 은행 날짜가 아니라 은행을 변경하시는 거세요? 변경하실 은행 어느 은행이실까요? ▲▲은행이요. ▲▲은행이시고, 그러면은 어떤 카드 변경해 드리면 되실까요? 신용카드요. 신용카드요. 그 신용카드 변경해 드리겠고 ▲▲은행이라고 해주셨고 저희 그 계좌 번호 한번 말씀 부탁드리겠습니다. 예, ▲▲▲. ▲▲▲ ▲▲▲▲▲▲ ▲▲▲▲▲▲ ▲▲ ▲▲ ▲▲▲ ▲▲▲▲▲▲▲▲ 예. 네, ▲▲▲▲▲. 네 그 저희 계좌 한번 확인하겠고요. 잠시만 기다려 주시겠습니까? 날짜도 변경해주세요. 네, 계좌 변경하고 날짜 같이 변경하겠습니다. 예. 네, 손님 계좌 등록되셨고요. 저희 이제 변경하실 날짜 15일이요. 15일. 예. 변경된 계좌에서는 이번부터 이제 변경된 계좌에서 출금 되시고요. 저희 결제일 변경 신청 후에는 60일 이내에는 재변경 어려울 수 있는데 괜찮으세요? 예, 예. 네, 15일 한번 확인하겠습니다. 잠시만 기다려 주시겠습니까? 네, 손님 기다려 주셔서 감사합니다. 저희 변경 전에는 매월 5일에 결제되셨으면 오늘 결제일 변경하면 첫 번째 결제일은 15일이시고요. 네. 두 번째 결제일이 ▲▲월 ▲▲일이십니다. 결제일 변경해도 기존 이용 금액이 변경 후 결제일에 청구 되지 않을 수 있으며 단기 카드 대출이나 자동이체의 경우 이용 기간에 따라 두 달분 청구될 수 있는데 괜찮으세요? 예. 네, 변경하신 결제일에 대한 이용 기간을 문자로 받으실 수 있으십니다. 내용 확인해 주시고 이용 부탁드리고요. 어 변경 진행하겠습니다. 잠시만 기다려 주시겠습니까? 예. 네, 손님 기다려 주셔서 감사합니다. 정상적으로 처리 다 되셨습니다. 아, 그 카드 신용카드 맞죠? ▲▲▲▲▲ 있는 거. ▲▲카드 이거에 대해서 변경한 거 맞죠? 네. ▲▲▲▲요, ▲▲▲▲로 변경해 드렸습니다. 예, 알겠습니다. 네, 상담원 ▲▲▲이었습니다. 예.",0,A
normal_A_0394,"네, 상담원 ▲▲▲입니다. 예, 예 그 저 9월 1일 날 카드 결제일 그 날짜가 맞습니까? 확인 한번 해보려고요. 말씀하신 내용은 우선 정보 확인이 필요하신데요. 손님 휴대폰 번호가 어떻게 되시나요? ▲▲▲▲▲▲▲▲▲▲▲▲▲ 네, 생년월일과 전화 주신 손님 성함을 말씀해 주시겠어요? ▲▲▲▲▲▲▲▲▲▲▲▲▲▲이고 ▲▲▲요. 네, 카드가 연결돼 있는 은행은 어느 은행이실까요? ▲▲이요. 네, 확인되셨고요. 말씀하신 거는 9월 1일 날짜로 ▲▲개월 할부 ▲▲원 결제 건이 있으시네요. 그러면 언제부터 돈이 인출됩니까? 인출이요, 손님? 아니 돈이 카드가 네, 손님. 아 첫 결제가 언제부터인지 문의하시는 거예요? 예, 예. 말씀하신 것처럼 ▲▲월 ▲▲일 매달 그 이번 달 결제일부터 적용이 되세요, 고객님. ▲▲월 언제예요? ▲▲일이요. ▲▲월 ▲▲일 이러니까 한 번 더 안내 조치를 네, 손님. 아 예, 알겠습니다. 네, 상담원 ▲▲▲였습니다. 그 내가 그 또 쓸 수 있는 금액이 얼마나 남아 있습니까? 납부를 하게 되시면요, 고객님. 오늘 날짜 기준으로 ▲▲▲▲▲▲▲원 이용 가능합니다. 아 알겠습니다. 상담원 ▲▲▲였습니다. 다른 거는 지금 남아 있는 거 있어요? 네, 손님, 기존에 이용하신 ▲▲월 ▲▲일 날 이용하신 건이라 ▲▲월 ▲▲일 날 작년 ▲▲월 ▲▲일에 이용하신 할부 건은 남아 있습니다. 그거는 언제까지인데요? 네, 어 그럼 처음부터 작년 ▲▲월달에 이용하신 할부 건 같은 경우에는 올해 10월이 마지막 회차고요, 고객님. 어 그게 날짜가 언제인데요? 10월 ▲▲일이요, 손님. 작년에 ▲▲월 ▲▲일 얼마였는데요? ▲▲▲▲원이에요, 고객님. ▲▲▲▲원 할부 해 갖고 이게 언제 끝난다고요? 올해 10월달이 마지막 회차입니다. 매월 얼마가 들어갔습니까? 네, 매월 100,000원씩 납부 중이시네요, 고객님. 내가 몇 개월 했는 모르겠네. 12개월로 진행하셨습니다. 12개월 해봐야 지금 이번 달에 끝난다고요? 네. 요금 이걸 끝나고 또 그 올해 ▲▲월 ▲▲일 날 ▲▲개월 할부 ▲▲▲원 결제 건이 있으시고요. 아니, ▲▲월 ▲▲일 날 ▲▲월 ▲▲일이요. ▲▲월 ▲▲일 날, 예. 네. ▲▲▲원 ▲▲개월 할부하셨습니다. ▲▲일 날이요? 네. ▲▲개월 네. 어 이거는 언제 끝납니까? 네. 내년 ▲▲년 ▲▲월 ▲▲일, ▲▲월달이 아직 내년 ▲▲월이 마지막입니다. ▲▲월이면 끝납니까? 네. 이거는 매월 얼마지요? 매월 ▲▲▲원씩 납부됩니다. 알겠습니다. 상담원 ▲▲▲였습니다. 예. 상담원 ▲▲▲입니다.",0,A
normal_A_0395,"상담원 ▲▲▲입니다. 네, 수고하십니다. 감사합니다. 예, 제가 카드 결제 그 금액이 얼마나 남았는지 확인 좀 해 주실래요? 아, 그러세요. 저희가 정보 먼저 확인해 보겠습니다. 전화 주신 ▲▲▲ 님 본인 맞습니까? 네, 네. 네, 그 영문명이 ▲▲▲▲▲▲▲▲▲▲▲▲ 맞습니까? 네, 네. 네, 확인 감사합니다. 손님께서 지금 결제일이 9월 19인데요, 그 결제 금액이 얼마 남았는지가 지금 혹시 지금 어떤 말씀이실까요? 지금 19 날 나갔는 거 빼고 총 지금 남아있는 금액이 얼마 정도 되는지요? 아, 그러세요. 현재 저희 쪽으로 지금 매입된 금액 지금 ▲▲▲▲▲▲▲▲▲▲▲원으로 확인되고 있으세요. 아, 그걸 지금 그 제가 보니까 수수료가 ▲▲▲▲원씩이나 나가더라고요? ▲▲▲▲원이요? 네, 오늘 수수료가 그렇게 나갔더라고요. 왜 많이 나갔어요? 나 그거 확인을 한번 해보려고요. 아, 그러세요. 손님께서 지금 확인해 보니깐 수수료 같은 부분에서는 그 할부로 이용하셨던 부분이 유이자로 확인 되다 보니까 할부 수수료로는 확인되고 있으시고 이 지금 오늘 일자로 손님께서 ▲▲▲▲▲▲▲▲▲▲원 납부해 주셨는데요. 지금 확인해 보니까 ▲▲▲▲▲▲원이 지금 수수료로 확인되고 있는데 ▲▲얼마라고 하셨고요. 예. ▲▲▲▲원이 미리 나갔어요, 수수료가? ▲▲얼마인 것 같은데 오늘 내가 잠시 이게 딱 봤거든요. 수수료가 그렇게 나갔는데 그래서 제가 이제 남아있는 금액을 통장에서 바로 다 이체 오늘 그거 할 수 있죠? 그거라는게 어떤 말씀이실까요? 예, 이제 남아있는 거 내가 출금해서 다 이제 내려고요. 아, 그러세요. 그러시면 지금 할부금액 지금 총 5건이나 일시불 건 1건 지금 후불 교통 기능 해서 ▲▲▲▲원 있으시는데 이 금액 전액 납부를 해 주신다면은 ▲▲▲▲▲▲▲▲▲▲원 이세요. 네. 네, 그럼 지금 전액 출금한다는 말씀이실까요? 네, 그렇게 다 하면은 뭐 빠지는 거는 없죠? 네, 혹시라도 저희가 미매입 건이나 후불 교통카드 이용 금액, 에스엠에스 이용 요금, 자동이체 이용 금액 있을 경우 청구가 될 수 있으세요. 아, 그거는 그때 나오면은 또 내면 되는데 지금 현재 제가 카드론 끝나는 건가요? 네? 카드론 이제 일시불로 다 내고 싶어서요. 네, 그러세요. 손님 그러면은 지금 전에 오늘 납부한다면 말씀해 주실까요? 네, 지금 바로 해 주세요. 그 연결돼 있는 ▲▲은행에서 출금 처리 도와드리겠습니다. 잠시만 기다려 주겠습니까? 네. 기다려 주셔서 감사합니다. 지금 납부 처리 완료되었습니다. 아, 그래요? 네. 아 네. 알겠습니다. 감사합니다. 상담원 ▲▲▲이었습니다. 예. 감사합니다.",0,A
normal_A_0396,"일상의 즐거운 변화 LGU+ <NAME>입니다. 안녕하세요? 예, 그 얼마 전에 선택약정할인을 신청했는데 그거 해지를 부탁드릴려구요. 네, 선택약정 해지를 말씀하시는 건가요? 네. 아 확인 도와드리겠습니다. 입력하신 번호로 <NAME> 고객님 본인 맞으십니까? 예, 맞습니다. 아 잠시만 기다려 주시겠습니까? 네. 네, 기다려 주셔서 감사합니다. <NAME> 고객님 선택약정할인 등록해드렸구요. 네. 지금 해지하시면 고객님 위약금 <CHARGE> 나오시는데 혹시 괜찮으실까요? 예, 괜찮습니다. 혹시 고객님 뭐 번호이동하실려고 생각하시는 걸까요? 고거는 아직 아닌데 굳이 뭐 할인을 안 받아도 되겠다 싶어 가지구요. 네, 아 그러세요. 고객님. 네. 이거 해지하시면 위약금 고객님 <DATE> 요금에 같이 <DATE> 청구되시구요. <CHARGE> 같이 요금 부과되실 겁니다. 예, 감사합니다. 네, 다른 문의 사항은 없으실까요? 예. 어 혹시 고객님 데이터 사용은 지금 많으신 편인데 지금 사용하고 계시는 요금제는 혹시 괜찮으세요? 49 요금제 이용하시고 있으시더라구요. 예, 그 혹시 근데 예전에는 제가 그 <CHARGE> 요금제 사용하던 걸로 기억하는데요. 네. 이게 데이터무제한 이런 요금제였죠? <CHARGE> 아 예, 저 뭐 데이터스페셜A요금제 말씀하시는 건가요? 고거는 지금 기억이 안 나요. 잠시만요. 그때 데이터 그 무제한이어서 그때 속도제한이 없었던 걸로 기억하거든요. 이거는 속도제한이 걸려서 조금 할인을 받고 있는 거 같아 가지구요. <CHARGE>대는 아니시고 저는 이제 뭐 데이터스페셜A요금제가 <CHARGE> 혹시 이게 없어진 요금제 있으시긴 하시거든요. 아 네. 그게 이제 <DATE>에 11GB고 <DATE>에 2GB씩 드리는 거고 다 쓰시더라도 이제 속도제어되는 게 이제 그 그냥 영상 속도로 제어되다 보니깐 지금 것보다는 조금 빠르게 쓰셨을 거구요. 예, 맞습니다. 그래서 그게 이제 비슷한 요금제가 그 이제 <CHARGE> 요금제구요. 그 이전에 꺼는 <CHARGE>이셨고, <CHARGE>이 고객님 <DATE>에 5GB씩이라서 이거는 거의 무제한으로 이용하실 수가 있으시거든요. 예. <DATE>에 5GB 오고 그 다음에 속도도 지금 것보다는 5배 더 많은 고화질 영상 속도라서 이제 <CHARGE> 요금제가 거의 무제한으로 지금 꺼는 보다는 더 훨씬 데이터 용량도 많으시고 속도제어되는 것도 빠르구요. 아 <DATE>이요. 아 네, 알겠습니다. 감사합니다. 네, 다른 문의 사항은 없으실까요? 예. 네, 고객님 더운 날씨에 건강 항상 조심하시구요. 오후 시간도 힘내서 화이팅 하세요. 예, 감사합니다. 네, 감사합니다. 네.",0,A
normal_A_0397,"안녕하세요, 꾸따 쉐라톤 예약 가능 여부 문의 드립니다. 디럭스 오션뷰 (킹 또는 더블 침대 1) + 조식으로 ▲월 ▲▲일부터 ▲▲일까지 3박 방문 예정입니다. 예약 가능할까요? 안녕하세요! ▲월 ▲▲일부터 ▲▲일까지 쉐라톤 꾸따의 디럭스 오션뷰 3박이 가능합니다. 가격은 $578이며, 조식과 세금이 포함되어 있어요. 가격이 원화로 얼마인가요? 그리고 결제는 어떻게 하나요? 원화로 계산할 때는 실시간 환율이 적용되는데, 현재 환율에 따라 다를 수 있어요. 결제는 현금으로 원화 계좌로 입금하실 수 있고, 외화 계좌도 가능합니다. 카드 결제는 국민, 현대, 삼성, 신한카드로 가능하지만, 수수료가 2.5% 추가돼요. 취소 요청에 따른 결과는 어떻게 확인하나요? 비수기 시즌이라 체크인 날짜 기준으로 15일 이전에 취소하시면 호텔 패널티 없이 취소 가능해요. 단, 여행사 수수료 30,000원이 공제됩니다. 15일 이내 취소 시에는 호텔 규정에 따라 패널티가 부과될 수 있어요! 공항 픽업 서비스 요청 시 준비해야 할 것이 있나요? 3박 이상 예약하시면 무료 공항 픽업 서비스가 제공돼요. 픽업 정보는 직항편은 인천 출발 항공편, 경유편은 발리 도착 항공편명으로 알려주셔야 해요. 같은 항공, 같은 지역 호텔의 다른 손님과 조인될 수 있습니다. 예약을 진행하려면 어떤 정보가 필요한지 알려주세요. 예약을 원하시면 여권에 적힌 영문 이름과 생년월일 앞 6자리를 이메일로 보내주세요. 예약 후 어떤 특전이 있나요? 예약 완료 이후에는 발리 구석구석 한국어 지도와 맛집, 멋집 파일을 보내드려요. 도움이 필요하시면 언제든지 문의해 주세요. 감사합니다!",0,A
normal_A_0398,"상담원 ▲▲▲입니다. 예. 그 ▲▲카드 포인트 전액 상환, 몰라가지고 계속 소멸 됐는데. 네. 그 저 상환 뭐지, 계좌번호 입금시키면 된다면서요? 아 네. 먼저 본인 확인해드리고 제가 확인해보고 할게요. 손님 생년월일하고 핸드폰 번호 말씀해주시겠습니까? 예. ▲▲▲▲▲▲ 네. ▲▲▲▲▲▲▲▲▲▲▲ 네, 전화주신 손님 본인의 성함만 말씀해주시겠습니까? ▲▲▲ 네, 결제 은행이 어느 은행이십니까? ▲▲은행. 네, 확인 감사합니다. 그 확인해 보니까 포인트가 16419포인트가 있는 걸로 확인되시고요. 그리고 ▲▲은행 계좌로 바로 입금해 드려도 괜찮으시고요? 예, 예. 네, 그리고 ▲▲은행 계좌로 입금 처리 완료해 드렸습니다. 예, 그리고 그 뭐 그 시스템을 보면 그동안 그 저 ▲▲ 포인트 사용하라고 열어봤는데 메시지가 왔는데. 네. 여보세요? 네, 손님. 네. 그런데 그 사용하는 방법을 몰라가지고 계속 안 했더니 그 포인트가 많이 죽었죠? 그럼 많이 죽었던 것 같은데, 이번에 그 저 상담 저기 ▲▲▲▲ 뭐 어디 ▲▲ 으로 그 상담했더니, 그 방법을 지금 방금 이 번호 알려주셔서 전화한 거예요. 네. 우선은 문자 서비스가 계속 포인트가 나가고 있었던 걸로 확인되세요. 예. 그런데 이제 나이가 먹으니까 어쩔 줄 몰라 가지고 하다가, 그냥 포기하고 했는데 그러다 보니까 포인트가 계속 죽어나가서. 이게 포인트가 적립된 날로부터 5년이 지났으면 포인트가 소멸되세요. 그렇죠? 알았어, 알았어요. 네, 이제 다음부터는 연락 주시면 되시고요. 네, 연락을 매번 해야 돼요? 네, 맞습니다. 포인트가 어느 정도 빠지겠다 싶으면은 다시 한번 연락 주셔서 이렇게 변경 처리해 주셔야 되시고요. 어 매번, 알았어요. 네, 감사합니다. 상담사 ▲▲▲이었습니다. 예, 그래요.",0,A
normal_A_0399,"상담원 ▲▲▲입니다. 안녕하세요? 뭐 좀 여쭤볼려 그러는데요. 네. 안녕하십니까? 그 뭐야 정기 결제 이거 구독 뭐하고 쿠팡 한 달 무료 이거 서비스요. 예. 이게 그 기존에 제가 이거 쿠팡 뭐 그 결제해서 써도 상관없는 거예요? 어 정기 결제 혹시 정기 구독 쿠팡 로켓 와우 네 네, 맞아요. 예. 아 예. 알겠습니다. 그럼 일단은 제가 이제 본인확인을 위해서 인제 ▲▲▲ 손님 맞으십니까? 네 네. 소중한 정보 확인 정말 감사합니다. 잠시 잠시만 기다려주시겠습니까? 네. 네, 손님. 기다려주셔서 감사합니다. 예. 일단 저희 쪽에서 확인해본 결과 이제 기존에 지금 이제 정기 결제를 하고 있다는 말씀이시지 않습니까? 아니에요. 아 아니십니까? 예. 아니 그 전에 했었는데 해지를 했는데 그건 상관 없는지 여쭤보는 거예요. 어 어 저희가 인제 행사 직전 ▲▲개월 동안 그러니까 행사 직전 ▲▲개월 동안 인제 그 손님이 ▲▲카드로 어 이런 그 구독 서비스별 결제이력이 없으면 됩니다, 손님. 네. 그럼 확인 좀 해 주시겠어요, 되는지? 일단은 저희가 인제 ▲▲카드 이력을 확인해드릴 거니까 잠시만 기다리겠습니까? 예. 네 네 네. 네, 손님. 오래 기다려주셔서 감사합니다. 네. 예. 제가 이제 손님이 그 작년 ▲▲월 ▲▲부터 음 네 전부 다 그 자동 이체나 뭐 이런 정기 결제 내역을 보고 있는데요. 어 뭐 쿠팡이나 뭐 넷플릭스나 유튜브 프리미엄이나 그 스타벅스나 ▲▲멤버십까지 네. 자동이체된 거는 없습니다, 손님. 아 없어요? 그 그럼 가능하다는 거네요? 예. 예, 그 대상자 맞으십니다. 아 네. 그럼 어쨌든 그 응모하고 타고 들어가서 그 ▲▲카드로 등록을 해서 정기 결제하면 되는 거죠? 네, 맞습니다. 아 네 네. 알겠습니다. 감사합니다. 네, 감사합니다. 상담사 ▲▲▲이었습니다. 예.",0,A
normal_A_0400,"상담원 ▲▲▲입니다. ▲▲▲ 님 ▲▲카드를 이용해 주셔서 진심으로 감사드립니다. 안녕하세요? 예, 안녕하세요? 그 다름이 아니고 네. 그 아까 전에 그 저기 그 사용 그거를 팩스로 좀 받았거든요? 네. 예, 근데 이제 그 뭐지? 그냥 상세하게 나온 거고 그 ▲▲년도 거 그냥 쓴 게 이제 한 장으로만, 좀 그거를 한 장 더 받을 수 있을까요? 네. 아 그러면 오늘 처리가 가능하고요, 확인 먼저 해 드릴게요. 전화 주신 분은 ▲▲▲ 님 본인 맞으시고요? 네, 네. 네, 확인 감사합니다. 그러시면 ▲▲▲▲년도에 저희가 한 장짜리로 사용하신 총 금액만 월별로 확인할 수 있도록 발송해 드리고요, 이메일하고 팩스는 어디로 네, 그게 그 체크랑 신용이랑 같이 다 되는 거죠? 네, ▲원을 각각 확인하실 수 있어요. 그 팩스 번호가 네. ▲▲▲ ▲▲▲ ▲▲▲▲ ▲▲▲▲ ▲▲▲▲▲▲ ▲▲▲▲▲▲▲▲, 맞으시고요? 예, ▲▲▲▲ 네. 네, 확인 감사합니다. 팩스로 발송 처리를 바로 해 드렸고요, 전산 건이다 보니 시간은 30분 정도 소요될 수 있는 점만 양해 부탁드리겠습니다. 번호 다시 한 번만 좀 불러주실래요? ▲▲▲▲ 네. ▲▲▲▲번으로 발송해 드렸습니다. 아 네. 그리고 하나만 더 물어볼게요. 그 얼마 전에 구입한 거 그게 승인 취소 됐는데 그 그 한도가 복원이 된 거죠? 예. 지금 혹시 최근에 취소하셨다라는 게 ▲▲▲▲▲▲원 결제하셨던 ▲▲개월이 맞으실까요? 네, 네. 어 네, 이거 ▲▲월 ▲▲일 날 이제 취소 완료되었고 그 날짜 기준으로 한도 복원 처리되었고요, 이용 가능 한도는 ▲▲▲▲▲▲▲원으로 복원 완료 되었습니다. 알겠습니다. 감사합니다. 상담원 ▲▲▲이었습니다. 네.",0,A
normal_A_0401,"상담원 ▲▲▲입니다. 제가요, 카드를 근방 편의점에서 쓴 것 같은데 지금 여기 이제 지금 여기 이제 ▲▲쪽으로 와서 쓰려고 보니까 없어요. 분실 신고하려고요. 아 그러셨어요? 네, 그럼 확인을 해 드리도록 할 텐데요. 실례지만 전화 주신 손님분 생년월일 앞에 여섯 자리와 등록돼 있는 핸드폰 번호가 어떻게 되십니까? 예. 무슨 여섯 자리요? 생년월일 앞에 여섯자리 말씀해 주세요. 생년월일이요. 여기가 잘 안 들려서 그래서 ▲▲▲▲▲▲ 네, 등록돼 있는 핸드폰 번호가 어떻게 되세요? ▲▲▲▲▲▲▲▲▲▲▲ 네, 전화 주신 손님분 본인 성함을 말씀해 주세요. 예? 본인 성함이요. ▲▲▲ 네, 마지막으로 연결돼 있는 결제 계좌 은행이 어느 은행이세요? 예? 결제 계좌 은행이 어느 은행이세요? ▲▲▲▲ 아 네, 확인 감사합니다. 분실하셨다고 하셨기 때문에 저희가 분실 접수 처리를 먼저 해 드릴 텐데요. 그 마지막으로 사용되셨던 날짜가 오늘 그 ▲▲▲▲▲▲▲▲에서 ▲▲원 이용하셨던 내역이 있으시고요. 이거는 분인분께서 하신 내역은 맞으신 거예요? 예. 네, 그럼 혹시 분실 장소는 정확하게는 모르시는 거예요? 거기서 쓰고 안 썼거든요. 네. 우선은 손님, 혹시 타사 카드라든지 핸드폰도 같이 분실되셨어요? 아니, 그것만 했어요. 거기에 있나 확인할 수 있을까요? 어 저희가 그 해당 가맹점에 카드가 있는지까지는 이제 알지는 못하다 보니까요, 그러면 저희가 안전하게 분실 신고는 해 드리고 저희 해당 그 인증번호 안내를 해드려 볼게요. 그리고 가맹점 쪽으로 전화 주셔서 한번 카드가 있는지 확인해 보셔야 될 것 같거든요. 네. 네, 그럼 분실 신고 먼저 해드릴까요? 예, 예. 네, 우선 카드는 안전하게 저희가 분실 접수 처리는 해드렸고요. 그리고 가맹점 번호도 말씀해 드릴 텐데 혹시 메모는 좀 어려우신 상태이신 거예요? 예. 그러면 손님, 저희가 해당 가맹점 번호를 문자로 한번 보내드릴게요. 네. 네, 네 그럼 그 쪽으로 전화주셔서 있는지 한번 확인해 보시고요. 만약에 없다라고 하면 저희 쪽으로 연락을 주셔서 재발급도 같이 진행해 주세요. 다시 연락을 해요? 네, 네 저희가 재발급은 따로 안 해드렸거든요. 예. 우선은 가맹점 쪽으로 전화 주셔서 있는지 한번 확인해 보시고 만약에 없다라고 하시면 예, 예 예. 네, 지금 제가 문자를 바로 보내드릴게요. 네. 예, 상담원 ▲▲▲이었습니다. 네, 네. 예.",0,A
normal_A_0402,"▲▲카드 ▲▲▲입니다. 무엇을 도와드릴까요? 여보세요? 안녕하세요? 네, 오늘 결제일인데 네. 그 결제 대금에서 일부만 결제할려고 하거든요. 아 그래서? 결제 금액 확인 도와드리겠습니다. ▲▲▲손님 본인 되실까요? 네. 확인 감사합니다. 네, 확인되는 전체 금액 약 ▲▲▲▲▲▲▲▲▲▲▲원 확인되고 있는데 얼마만큼 별도 이용하실까요? ▲▲▲▲원이요. 확인해보겠습니다. 네, 지금 최소 금액 일부금액 결제 월 서비스 이용 중 확인되고 있고 최소 금액 ▲▲▲▲▲▲원으로 확인되고 있어서 요청하신 ▲▲▲▲원 금액 맞춰드릴게요, 잠시만 기다리시겠습니까? 네. 안내해드리도록 하겠습니다. 지금 오늘이 결제일로 확인되고 있는데요. 네. 그렇기 때문에 지금 ▲▲▲▲원 출금하시게 되더라도 나머지 금액 이월 시키려면 연결된 계좌에 금액이 남아 있지 않아야 되는 것으로 확인되고 있는데 괜찮으실까요? 네. 네, ▲▲▲▲원 결제 진행하겠습니다. 아 그 같은 명의에 다른 계좌로 출금 좀 부탁드릴게요. 네 다른 은행 명 말씀 부탁드리겠습니다. ▲▲이고요. ▲▲이고요. ▲▲▲▲▲▲ ▲▲▲▲▲▲ ▲▲ ▲▲ ▲▲▲▲▲▲▲ ▲▲▲▲▲확인 중입니다. 네. 네, 계좌 확인되었고요. 일회성 등록을 위해 녹취가 필요하니 듣고 확인부탁드리겠습니다. 연결하겠습니다. 네. 처리 중입니다. 네. 네, 한번 더 안내해드리면 결제일 당일 즉시 결제 시 자동 이체 계좌에서 이중 출금될 수 있습니다. 인출금 방지를 위해 기존 연결된 계좌에서는 잔고를 비워 두시기 바랍니다. 네. 네, 손님 정상적으로 ▲▲▲▲원 결제 완료되었고요. 네, 기다리시면 되겠습니다. 감사합니다. 상담사 ▲▲▲이었습니다. 네, 수고하세요.",0,A
normal_A_0403,"상담원 ▲▲▲입니다. 예, ▲▲카드 영수증이 나왔는데 지난 달에 ▲▲▲원이고 ▲▲▲원을 ▲▲▲ 대출인가 장기 대출을 받았거든요. 그런데 그게 돈이 안 나왔어요. 그런데 그거를 어떻게 해야 되나요? 아 그러세요? 손님의 생년월일을 말씀 부탁드립니다. ▲▲▲▲▲▲ 휴대폰 번호가 ▲▲▲▲ 어떻게 되십니까? ▲▲▲▲▲▲▲▲ 네, 전화 주신 손님 본인의 성함을 말씀해 주시겠습니까? ▲▲▲ 결제 은행이 어디십니까? ▲▲은행이에요. 확인 감사드립니다. 지금 그 대출이라고 하셨는데 대출 받으신 거는 없으신데요, 장기 카드 대출은 없으신데요, 어떤 건을 말씀하실까요? 손님, 현금 서비스는 있으세요. 아 그 저기 현금 서비스 받았는데 현금 서비스 그거 그러니까 이번에 돈이 안 나왔어요. 네. 5월 3일에 청구됩니다, 손님. 아 예, 이거 선결제 하시는 거세요? 그래서 그것 때문에 그것 때문에 지금 여쭤보려고 전화드렸어요. 아 그러세요? 그러니까 4월 10일에 2백만 원, 50만 원 현금 서비스를 두 차례 받으셨잖아요? 아 네, 네. 이 건은 5월 3일에 다 청구됩니다, 손님. 아 그렇구나. 아니, 그러면 이번에 내는 거는 없어요? 네. 이번 달에 청구된 거는 지금 확인해 보니 네, 대출 거는 없고 ▲▲▲▲▲▲원이 청구되었는데 현재는 다 자동 이체로 출금되어 당월 청구된 금액은 모두 완납된 상태이며 알겠습니다. 고맙습니다. 감사합니다. 손님, 혹시 장기 카드 대출 이용 계획은 없으세요? 아 그건 지금은 정신이 없어서 좀 모르고 다음에 생각해서 할게요. 네. 네, 알겠습니다. 상담원 ▲▲▲였습니다. 네, 네.",0,A
normal_A_0404,"상담원 ▲▲▲입니다. 예, 다름이 아니라요. 네, 안녕하세요? 제가 거기 에스케이 브로드밴드 거 그 카드 쓰는 게 있거든요, 할인되는 거. 네. 그런데 그게 할인이 전혀 안 되고 있어서요. 네, 실적 확인해보겠습니다. 전화주신 분 ▲▲▲ 님 본인분 맞으세요? 예, 맞습니다. 네, ▲▲월 그 에스케이 브르드밴드에서 자동 이체 건에서 할인을 못 받으셨다는 말씀이신 거죠? 그 선물 뿐만 아니라 그 전에도 그 계속 안 됐거든요. 네, 제가 확인해드릴게요. 잠시만 기다려 주세요. 예. 네, 손님 손님 해당 카드에 대해서 제가 말씀드리자면 최근 걸로 말씀을 드리면 우선 ▲▲월부터 ▲▲월 ▲▲월 모두 다 할인을 받으신 걸로 확인되세요. 아 그러면 그게 결제가 얼마씩 된겁니까? 네. 정확히 말씀해드리자면 우선 에스케이 브로드밴드 인제 ▲▲월 ▲▲일 날 그래서 승인요청 들어오는게 ▲▲▲▲▲▲원이신데 여기서 ▲▲▲원 할인 받으셔서 ▲▲▲▲▲▲원 결제가 되셨고요. 그거 ▲▲월 ▲▲일 날짜도 동일하게 이제 금액만 살짝 차이가 있었지만 예. ▲▲▲▲▲▲▲▲▲▲원 요청이 들어갔는데 ▲▲▲원 할인받으셔서 ▲▲▲▲▲▲▲▲원 결제가 되셨고요. 계속 ▲▲▲원씩 할인 받으시는걸로 확인되세요. 예, 그러면 그 전에 그게 쿠쿠 정수기 그 할인 저는 신청한 적이 없는데 그 정수기 로 그냥 할인이 됐다고 했던데 ▲년 동안 그렇게 됐었거든요. 그것도 좀 확인해 주실래요. 어 그거는 인제 쿠쿠 쪽으로 문의해주셔야 되는 거예요. 저희가 왜 어떤 결제로 승인 요청이 들어간지 명확한 사유가 확인이 안 되세요, 손님. 아니 저 그런데 그거를 제가 알고 싶은 건 그게 아니라 그럼 쿠쿠정수 이거 결제될 때 그때도 그런 거는 ▲▲▲원씩 할인이 됐는지 확인 좀 해 주실래요? 네. 네, 쿠쿠 쪽으로 인제 ▲▲▲원 먼저 그 쪽으로 승인 요청이 들어와서 그 해당 가맹점으로부터 할인 매출을 받으셨어요, 손님. 그래갖고 얼마씩 결제가 되는 거예요? 해당 것도 ▲▲▲원 할인 받으셔서 인가 그거 쪽에서 먼저 에스케이 브로드밴드 보다 약 2, 3일 정도 먼저 승인 요청이 들어와서 ▲▲▲▲▲▲원에서 ▲▲▲원 할인 받으셨습니다. 그래갖고 얼마씩 결제된거죠? 얼마 식이 아니라 우선 ▲▲월 ▲▲일 날짜에서는 ▲▲▲▲▲원 쿠쿠 쪽에서 요청이 들어가서 ▲▲▲원 할인받으셔서 ▲▲▲▲▲원이 결제가 되셨어요. 그러면 결제가 됐다 그러면 저한테 문자가 들어오는 거는 할인되어서 문자 들어오는 거예요? 아니면은 청구 금액이 들어오는 거예요? 이용 거래 금액이 보이시는 거죠, 손님? 그러면 그냥 ▲▲▲▲▲원 그게 들어오는 건가요? 네. 그 할인된 금액이 아니라요? 네. 아 예, 알겠습니다. 네, 상담사 ▲▲▲이었습니다. 예, 수고했습니다. 네, 감사합니다.",0,A
normal_A_0405,"일상의 즐거운 변화 LGU+ <NAME>입니다. 안녕하세요? 네, 안녕하세요? 그 다름이 아니라 제가 번호로 문자를 하나 받았는데. 네. 5G라이트 요금제 가입 내용 안내를 받아가지고 <CHARGE>으로 제가 가입을 했대요. 근데 제가 요금제를 뭐 <DATE> 해지를 하고 다른 요금제를 변경을 한 사실이 없는 거 같애서요. 아 네, 많이 놀라셨을 텐데 얼른 봐 드려 볼게요. 그럼 혹시 입력하신 번호 <NAME> 고객님 본인 맞으십니까? 네. 네, 감사합니다. 고객님 확인해 보니까 <DATE>로요. 요금제가 변경이 들어가는 게 맞는데 이게 요금제 변경 들어갔었던 게 핸드폰 기기변경하셨던 영업장 쪽에서 요금제가 변경이 되었고 <DATE> 이제 요금제 변경이 가능한 시점이 되다 보니까요. 메모에 이렇게 남겨져 있더라구요. 요금제 변경해 드리기로 약속했던 건이라서 변경한다라고 남겨져 있어서 지금 고객님 높은 요금제로 사용하시다가 <CHARGE>로 지금 변경이 되는 게 맞구요. 아 네. 그럼 이제 데이터가 11GB가 제공이 되고 데이터 다 쓰시면 자동으로 간단한 카카오톡이나 인터넷 검색 가능한 속도로 데이터를 무제한으로 사용하실 수가 있는 거예요. 아 그런 거 같애. 영업점에서 일단은 비싼 요금제를 쓰다가 어쩌고 해 가지고 그렇게 한다고 했었거든요. 네. 아 그러면 제가 <DATE> 변경이 된 게 <CHARGE> <DATE> 요금이 <CHARGE>이고 그러면요 내용이 어떻게 돼요? 이게 그 부가 통화, 영상통화는 음성 기준 300분 그대로 들어가게 되고 데이터 11GB 쓰신 다음에 자동으로 영상 시청 가능한 속도로 무제한이에요. 그러면 만약에 뭐 <CHARGE>이잖아요. 그러면 여기다가 제가 인터넷 쓰면 요금이 더 늘어난다던지 그런가요? 아니요. 아까 말씀 드렸다시피 자동으로 속도가 느려지면서 무제한으로 되는 거니까 데이터요금은 추가 안 되기 때문에 그 부분은 걱정 안 하셔도 돼요. 아 그렇구나. 이해했습니다. 네, 다른 더 필요한 내용이 있습니까? 아니요. 네, 알겠습니다. 그러면 고객님 <DATE> 정말 고생 많으셨구 <DATE> 마무리 잘 하시고 즐거운 저녁 시간 보내세요. 네, 감사합니다. 네, 감사합니다.",0,A
normal_A_0406,"상담원 ▲▲▲입니다. 예, 수고 많으십니다. 네, 감사합니다. 네, 이번 달 결제 좀 확인 하려고 합니다. 네,차▲▲▲ 님 본인 맞으실까요? 네, 네. 확인 중에 있습니다. 잠시만 기다려주시겠습니까? 기다려주셔서 감사합니다. ▲▲월 청구 요금이 ▲▲▲▲▲▲원 확인되셨습니다. 네, 그러면 그 좀 선결제 좀 해 줄 수 있습니까? 어 현재 ▲▲월 청구 요금은 결제일에 출금 시도가 진행되셨을 텐데요. 그 ▲▲월 달 결제 금액은요? 아 ▲▲월 달 결제 금액이요? 네, 확인 중에 있습니다. 예. 예, ▲▲▲▲▲▲원 오늘 기준으로 ▲▲월 ▲▲일에 결제하실 금액이 확인되고 계시는데요, 이 당월 금액을 출금해 드리면 되는 걸까요? 네, 네. 네, 확인 중에 있습니다. 예, 현재 제가 출금해 드리려고 하는데요. 할부 건에서 ▲▲▲▲▲▲▲▲원 확인되고 계시거든요? 그런데 당월에 결제하실 금액은 ▲▲▲▲▲▲▲원으로 확인되고 계세요. 그런데 할부 금액 전체 금액을 결제하고 싶으신 걸까요? 아니면 당월 요금분만 결제를 원하시는 걸까요? 네. 아 저 ▲▲월 청구 금액만 좀 네, 그러시면 제가 일시불 금액과 할부 금액을 나눠서 결제해 드리도록 하겠습니다. 일시불 금액과 에스엔에스 서비스 요금 ▲▲▲▲▲▲▲▲▲원이 연결되어 있으신 ▲▲은행 계좌에서 출금을 도와드려도 괜찮을까요? 근데 이게 네, 정상적으로 출금 완료되셨고요, 이어서 할부 금액 당월 요금만 출금해 드리도록 하겠습니다. 기다려주셔서 감사합니다. ▲▲월분 환불 할부 요금을 출금 해 드릴 거고요, 동일하게 ▲▲은행 계좌에서 ▲▲▲▲▲▲▲▲원을 출금해 드리면 될까요? 내가 그러면 결제를 다 하면 저 다음 달 청구 요금이 따로 있습니까? 네, 영▲▲원으로 적용이 되실 텐데요, 출금해 드릴까요? 네, 네. 네, 정상적으로 당월 요금, 그 ▲▲개월분 할부 요금을 출금해 드렸고요, 확인 중에 있습니다. 네. 정상적으로 출금 완료되셔서 그 ▲▲월 ▲▲일에 결제하실 금액이 ▲▲원으로 확인되고 계십니다. 네, 그러면 지금 현재 남아있는 금액은 얼마입니까? 네, 확인 중에 있습니다. 현재 할부 금액 건으로 ▲▲▲▲▲▲원 확인되고 계십니다. 남아 있는 금액이요? 네. 이렇게 되면 포함 아 네, 네. 알겠습니다. 고맙습니다. 네, 상담사 ▲▲▲이었습니다. 네.",0,A
normal_A_0407,"안녕하세요. ▲월 ▲일부터 ▲월 ▲일까지 물리아리조트 시그니쳐 오션코트 3박 견적 문의 드립니다. 안녕하세요~ ▲/▲부터 ▲/▲까지 물리아리조트 시그니쳐 오션코트 3박 특가는 $670입니다. 조식과 세금 포함이고, 객실 체크는 예약 요청 시 실시간으로 확인됩니다. 결제 전 확인해야 할 필수 사항이 있나요? 네, 카드 결제도 가능합니다. 국민, 현대, 삼성, 신한카드로 결제할 수 있고, 카드 결제 시 2.5% 수수료가 추가됩니다. 현대카드는 무이자 3개월, 삼성과 국민은 무이자 5개월 가능합니다. 환불 정책은 어떻게 되나요? 비수기 시즌이라 체크인 기준 15일 이전에 취소하면 호텔 패널티 없이 취소 가능해요. 단, 여행사 수수료 30,000원이 공제됩니다. 15일 이내 취소 시에는 호텔 규정에 따라 패널티가 부과될 수 있습니다. 공항 픽업 시간은 조정할 수 있나요? 3박 이상 예약하시면 무료 공항 픽업 서비스가 제공됩니다. 픽업 정보는 직항편은 인천 출발 항공편, 경유편은 발리 도착 항공편명으로 알려주셔야 해요. 예약을 진행하려면 어떤 정보들을 제공해야 하나요? 예약 원하시면 여권에 있는 영문 이름과 생년월일 앞 6자리, 픽업 정보를 이메일로 보내주세요. 예약 후 누릴 수 있는 혜택은 무엇인가요? 예약 후 완납하시면 발리 한국어 지도와 맛집 멋집 파일을 보내드려요. 추가로 궁금한 점 있으면 언제든지 문의해 주세요. 감사합니다!",0,A
normal_A_0408,"상담원 ▲▲▲입니다. 네, 안녕하세요? 네, 안녕하세요? 제가 그 코웨이 정수기 렌탈을 하면서 ▲▲카드를 사용하고 있어요. 아 네. 그래서 렌탈 요금 할인을 받고 있는데, 제가 최근에 또 렌탈을 하면서 ▲▲ 뭐 포인트 제휴 카드라든가 할인을 받는다고 그래서 지금 카드를 그 쪽으로 변경하고자 하거든요. 아 그러세요? ▲▲▲ 님 본인 맞으십니까? 네, 맞습니다. 확인 감사합니다. 혹시 카드명 말씀 가능하십니까? 지금 쓰고 있는 카드명이요? 아니요. 교체 발급하실 카드명 말씀 가능하실까요? ▲▲▲▲인가? 아 그러세요? 그럼 지금 ▲▲▲▲카드를 이용 중이신데 그 카드에서 다른 카드로 교체한다는 말씀이실까요? 네, 케이티 그 할인되는 제휴 카드로 교체하고 싶어서요. 케이티 통신 요금이나 유선 상품 자동이체 시 할인되는 카드 말씀하실까요? 맞습니다. 네, 그러면 기존의 ▲▲▲▲카드에서 ▲▲▲카드로 교체 발급하고 접수를 해지해 드리면 될까요? 좀 여쭤보고 진행하려고요. 네, 네. 지금, 그 카드 이름이 뭐라 그러지, ▲▲▲▲ ▲▲▲▲카드로 확인되는데요. 예. 이게 무슨 ▲▲▲원 이상 ▲▲▲▲원 할인이 맞나요? 네. 할인은 맞으신데 지금 그 대상 카드는 전월 이벤트 직전 ▲▲년 ▲▲월부터 ▲▲월 말일까지 신용카드 결제 이력이 있어야 하는데 손님은 프로모션 대상이 아닙니다. 전 그러면 해당 없네요. 네, 네. 아 지금, 이렇게 교체를 해도 혜택을 못 받는 거죠? 이렇게 신용카드로 갈아 타도 혜택을 못 받는 거죠? 네, 그 기본 서비스 할인 적용만 가능하십니다. 아 알겠습니다. 혹시 지금 말씀하신 ▲▲카드 연회비가 얼마예요? 연회비는 ▲▲▲▲원입니다. 아 ▲▲▲ 네, 그리고 하나만 더 여쭤볼게요. 지금 제가 렌탈 요금 할인을 받아서 월 ▲▲▲▲원에 쓰고 있다고 생각하는데, 지금 혹시 그렇게 쓰고 있는지 확인이 되나요? ▲▲원 할인이 적용되는지를 말씀하시는 걸까요? 네, 이렇게 매번 할인받고 있는 게 맞는지 몰라서요. 아 네, 확인해 보겠습니다. 잠시만 기다려 주겠습니까? 네. 네, 손님 기다려 주셔서 감사합니다. 현재 ▲▲년 ▲▲월부터 현재까지 확인했을 때 그 ▲▲월달에는 할인 적용 내역이 없으시고 ▲▲월, ▲▲월, ▲▲월은 ▲▲▲원씩 할인 적용되어 있습니다. 아 그랬어요? 한 달 쓰는 게 있구나. 네, 알겠습니다. 감사합니다. 네, 상담원 ▲▲▲였습니다. 네. 감사합니다.",0,A
normal_A_0409,"일상의 즐거운 변화 LGU+ <NAME>입니다. 예, 수고하십니다. 판매점인데요, 예약번호 확인 부탁 드리겠습니다. 예, 소중한 정보 먼저 확인해봐도 될까요? 네. 예, 문의 주시는 분이 그 판매점 직원분이라고 해 주셨는데요. 성함이 혹시 어떻게 되실까요? 네, <NAME>. 네, 확인 감사합니다. 입력해 주신 번호에 명의자분 성함 여쭙겠습니다. <NAME>, <BIRTH_NUMBER>. 잠시만요, <NAME>의 성함이 다르셔가지구요. 혹시 문의 주시는 번호가 어떻게 되십니까? 죄송합니다, <NAME>. <NAME> 저 성함이 아니세요. <NAME> 아니에요? 잠깐만요. 전화번호가 지금 <MOBILE_NUMBER>거든요. 네, 성함이 아니세요. <NAME>로 봐주시겠어요, 그러면? 이름 순서도 아니세요. <NAME>은 맞으세요? 아니세요. 고객님, <NAME> 지금 말씀해 주신 성함이 일치가 되지가 않으세요. 그래요? 이름 자체가 아예 다르다는 건가요? 네. <BIRTH_NUMBER>는 맞는데. <BIRTH_NUMBER> 맞으시는데, 성함이 지금 다르세요. 잠깐만요. 네. 여보세요? 네. 예, 죄송합니다. <NAME>요. 네, 확인 감사합니다. 혹시 고객님이 번호 요금 납부하고 계시는 방법이 통장 카드, 지로 중 어떤 방법이셨습니까? 네, 통장으로 자동이체요. 어떤 은행인지도 확인 부탁 드리겠습니다. 네, 농협이요. 농협이 아니세요. 그래요? 신한은행 한번 봐주시겠어요? 네, 신한도 아니세요. 네, 국민은행은요? 확인 감사합니다. 고객님 아까 말씀 중에 위약금을 잠시 말씀해 주셨는데 지금 조회 중인데 잠시만 기다려 주시겠습니까? 네. 네, 고객님 기다려 주셔서 감사합니다. 선택약정 반환금이라고 해서 위약금 확인되시구요. <DATE> 날짜 기준으로 위약금은 <CHARGE>으로 확인이 되세요. 네, 할부금은요? 할부금은 <DATE> 제외, 할부금은 현재는 전혀 없는 상황이세요. 혹시 이거 이분 복지 따로 받는 거 있으신가요? 아니요. 혜택은 따로 없으시고, 가족결합이 되어 있는 상황이세요. 네, 몇 명이 묶여 있는 거예요? 잠시만 기다려 주시겠습니까? 네. 네, 고객님 기다려 주셔서 감사합니다. 명의자분 포함에서 두 분 결합이 되어 있으세요. 할인 얼마 받으시는 거예요? 금액 계산해봐야 될 거 같은데 잠시만 기다려 주시겠습니까? 네. 네, 고객님 기다려 주셔서 감사합니다. 현재 <CHARGE> 할인을 저희 전화로 명의자 분께서 1인 지정을 해서 할인을 받고 계시는 상황이세요. 아 그래서 요금이 그렇게 나오시는 거구나. 알겠습니다. 감사합니다. 네, 즐거운 하루 보내시길 바라겠습니다. 네. 네, 감사합니다.",0,A
normal_A_0410,"일상의 즐거운 변화 LGU+ <NAME>입니다. 네, 안녕하세요? 저기 지금 통신사를 제가 어 선택약정 사용하고 있는데 이거를 해지를 하면은 위약금이 어떻게 되죠? 네, 안녕하십니까? 아 네 전화 잘 주셨습니다. 그럼 <NAME> 고객님 본인 맞으십니까? 네. 예, 감사드리구요. 제가 한번 확인해보고 안내 드리겠습니다. 네. 네. <DATE>인데 오늘 해지하시면 위약금이 <CHARGE> 이렇게 돼요. 어 그래서 많아요. 이제 할인 받으신 만큼 위약금 나오다 보니까 이게 지금 네. 아 네, 그렇군요. 그 위약금이 언제 줄어들어요? <DATE> 이제 끝나요. <DATE>부터 아예 안 나와요. 어 그 대신 할인 안 되잖아, 그죠? 어 그러면은 그때까지, <DATE>까지 위약금 얼마나 나오는 거예요? 그러면 만약에 계속 늘어나요? 아 우선은 지금 현재는 뭐 <DATE> 제가 문자 보내드리긴 할 텐데 이제 뭐 그 <DATE> 3개월까지는 할인 받으시는 거 100% 나오구요. 네. 그러면은 잠깐만요. 네. 현재 69요금제 쓰셔가지고 25% 받으시면 <DATE> <CHARGE>이에요. 네. 그 이제는 3개월까지는 100%해가지고 뭐 3개월 <CHARGE> 이렇게 나오는데 그 이제 늘어나는 금액이 조금씩 줄어들긴 하지만 요금이 계속 물론 지금보다 많아지는 거 맞아요, 고객님. 음 해지하거나 하루라도 빨리 제한이 낫겠네요? 네, 맞아요. 혹시 뭐 다른 통신사로 변경하실 예정이세요? 네. 아 그러시면은 어차피 할인 받으시는 게 조금 더 들어가긴 해요. 네, 알겠습니다. 네. 지금 제가 2년 이상 장기 가입으로 돼 있는데 장기 가입자에 대한 기기변경 이런 혜택 같은 건 없나요? 어 그러면 고객님 저희가, 제가 잠깐 한번 확인해볼게요. 네. 네, 우리 고객님 말씀하신 것처럼 지금 장기 가입자로 돼 있으셔가지고 제가 요거 추가적인 혜택 안내 받으실 수 있도록 친절 상담사로 한번 연결해 드릴까요? 음 네, 알겠습니다. 네. 잠시만 기다려 주시겠습니까? 네. 제가 메모 잠깐만 남겨놓을게요. 네. 네, 그럼 바로 연결하겠습니다. 다른 건 더 궁금하신 거 없으시구요? 네. 네, 항상 건강하고 좋은 일만 가득하시기 바라겠습니다. 알겠습니다. 감사합니다. 네. 네. 감사합니다.",0,A
normal_A_0411,"일상의 즐거운 변화 LGU+<NAME>입니다. 아 저 저 전화요금 빠지는 거 다른 카드 삼성카드로 변경 할려고요. 확인 도와드릴 텐데요. 전화 주신 번호 명의자님 본인 맞으시구요? 네. 고객님 성함이랑 생년월일 어떻게 되세요? <NAME>이요. 네. <BIRTH_NUMBER>이요. 말씀 감사합니다. 고객님 명의로 된 삼성카드 맞으세요? 네. 네, 그러면 고객님 변경하신 삼성카드 번호 말씀 부탁드릴게요. <CARD_NUMBER> 네, <CARD_NUMBER>번이시구요. 유효기간 어떻게 되실까요? 유효기간은 이제 한 지 얼마 안 됐거든요. <DATE> 그 숫자 불러주신 바로 밑에 숫자 4개 있거든요. <DATE>이요. 네, 잠시만요. 네 기다려 주셔서 감사합니다. <MOBILE_NUMBER>번 <NAME>고객님 <BIRTH_NUMBER>생이시구요. 고객님 저희 LGU+ 휴대폰 요금 납부하시는 방법을 조금 전에 말씀해 주신 삼성카드로 변경 요청하셨는데 맞으세요? 네. 아, 그리고 전화번호 하나 더 있어요, 집사람 쓰는 거. 아 네, 그럼 이거 먼저 변경해 드릴 텐데 <CHARGE>부터 바로 변경해 드리면 될까요? 네. 네. 기다려 주세요. 네, 감사합니다. 고객님 정상적으로 변경 완료되어서요. <DATE>부터<DATE> 날짜로 삼성카드에서 요금 빠져나갈 거구요. 다른 번호는 어떻게 되세요? 네, 저 잠깐만요. 네. <MOBILE_NUMBER> 이요. 네, 잠시만요. 고객님 혹시 말씀해 주신 번호 현재 등록돼 있는 납부 방법은 어떻게 되세요? 아 저기 통장으로 빠지게 돼 있거든요. 말씀 감사합니다. 그러면 같은 삼성카드로 제가 변경해 드릴 텐데요. 끊지 말고 잠시만 기다려 주세요. 네. 네, 고객님 지금 말씀해 주신 <MOBILE_NUMBER>번호도 같은 삼성카드로 변경 요청하셨는데 <DATE>부터 똑같이 변경해 드리면 될까요? 네. 잠시만요. 네, 정상적으로 변경 완료되었구요. 혹시 집에서 사용하시는 TV 인터넷 요금은 따로 변경은 안 하세요? 네? 아 그 저기 같이 변경할 수 있어요? 그것도 삼성카드로 같이 변경해 드릴까요? 네, 네. 잠시만요. 동일하게 <DATE>부터 등록 도와드리겠습니다. 네. 네. 기다려 주셔서 감사합니다. 고객님 모두 변경 완료되었습니다. 네. 수고하세요. 행복한 하루 보내세요. 감사합니다.",0,A
normal_A_0412,"상담원 ▲▲▲입니다. 네, 여보세요? 지난 번에 25일 환불한 게 있는지 확인 좀 부탁합니다. 냈는지 안 냈는지. 예, 제가 한번 확인해 보겠습니다. 등록되어 있는 휴대폰 번호와 생년월일 말씀해 주시겠습니까? 네, 네 ▲▲▲. 예. ▲▲▲▲ 네. ▲▲▲▲번입니다. ▲▲월 겁니다. 네, 생년월일이 어떻게 되십니까? ▲▲▲▲▲▲ 네, 한 가지만 더 여쭤보겠습니다. 전화주신 손님 본인의 성함을 말씀해주시겠습니까? ▲▲▲ 네, 결제 은행명이 어떻게 되십니까? 네? 결제 은행명이요, 손님. 결제 은행 ▲▲은행인데 네, 소중한 정보 확인 감사합니다. 12월 15일 날짜로 출금 내역 확인 되실까요? 당월 요금 납부가 되신 걸로 확인되는데요. 그러니까 12월 15일 날 제가 그 납부했죠? 네. ▲▲▲▲▲▲▲▲원, 정상 완납 처리되신 걸로 확인되세요. ▲▲▲ 그거 말고요. 그 환불 중에 ▲▲체육관으로 한 ▲▲▲▲원 냈는지 그거 확인할라고 그러는데 네. 카드로 결제를 하셨을까요, 손님? 네, 네 네. 11월 25일 날짜 맞으실까요? 아니 그거는 모르겠고 그 저 말일경인데 날짜는 내가 확실하게 모르겠고 말일경이니까 그거 물어볼라고. 음. 지금 손님 말씀하신 금액으로 결제 내역 없으세요. ▲▲▲원 승인된 금액이요. 그러면은 그 전에 10월 달 거가 있나요? 10월 달 거에서도 한 번 확인해 보겠습니다. 네, 10월 25일 날 그 ▲▲▲▲▲▲ 시설관리공단 가맹점 ▲▲▲▲▲원 결제 승인되신 거 말씀하세요? 어 그거 11월은 없죠? 네, 알겠습니다. 11월에는 없습니다. 감사합니다. 상담원 ▲▲▲이었습니다. 예.",0,A
normal_A_0413,"상담원 ▲▲▲입니다. 아 네, ▲▲카드에서 문자를 받았는데요, 그 교육 급여 바우처 포인트를 그러니까 아 신청돼서 그게 사용 가능하다고 나왔거든요? 네 네, 근데 제가 이거 카드 앱에서 이거 고지 내용 보면 뭐 해도 어떻게 볼 수가 없는데 예. 네 앱에서 한도나 이런 부분들 확인하시는가요? 이게 뭐 충전되어 있다고 문자는 받았는데 포인트 형태로, 그런데 제가 이거를 카드 앱에서 확인해 보려고 어디에서 어떻게 사용할 수 있는지 보려고 하는데 ▲▲카드에 고유번호를 검색해도 안나오고 회사더라고요. 예. 어 ▲▲페이 앱 실행 하시고 전체로 들어가셔서 혜택 부분으로 가시면 정부 지원 사업이라고 있어요. 네. 잠깐만요, 혜택 전체, 전체에서 예, 혜택으로 가면 정부 지원 사업이라고 있어요. 예. 거기 들어가시면 그 바우처 바로 해 주시면 되거든요. 어 근데 잔여 금액이 떠 있거든요? 잔여 금액 ▲▲원이시라고요. 네. 확인해보겠습니다. 전화주신 분은 ▲▲▲ 님 본인 맞으십니까? 네 네. 네, 확인 감사합니다. 네. 예, 현재 ▲▲▲▲▲▲원 부여된 것으로 확인이 되거든요. 그러면 제가 여기서 신청을 눌러야 되나요? 이용 내역 조회는 들어오네요. 지금은 이용하신 게 없잖아요? 네. 나중에 이용하시고 나면 그 이용을 어떤 건에서 그 지원금이 이용됐는지는 그 이용내역에서 보시면 되고 지금 현재는 부여되어 있는 걸로 확인되세요. 예, 예. 그러고 나면 정부 지원 바우처를 눌렀는데 아 바꿔줬으면 좋겠네. 확인되셨어요? 안 뜨는데 어 이것도 아니고, 저는 안 되네요. 어 지금 ▲▲▲▲▲▲원 부여된 곳으로 저희 쪽은 확인되고요. 유효한 상태라서 ▲▲년 ▲▲월 ▲▲일 사이에 이용해 주시면 되겠어요. 네, 알겠습니다. 그리고 바우처 이용되면 또 문자도 갈 거예요, 이용됐다고. 네, 알겠습니다. 네, 상담원 ▲▲▲이었습니다. 네, 감사합니다. 감사합니다.",0,A
normal_A_0414,"안녕하세요. ▲▲월 ▲▲일부터 ▲▲일까지 성인 2명과 아이 2명(만 2세, 만 6세)과 함께 그랜드 하얏트 발리 오션뷰룸과 르네상스(울루와뜨) 디럭스 테라스 오션뷰로 예약 가능한지 확인해 주세요. 안녕하세요! ▲▲월 ▲▲일부터 ▲▲일까지 그랜드 하얏트 오션뷰룸 3박은 $630이고, 르네상스의 디럭스 테라스 오션뷰로 업그레이드하면 3박에 $570입니다. 이 가격에는 성인 2인 심플 런치 1회와 디너 1회가 포함되어 있어요. 조식과 세금도 포함되어 있습니다. 그럼 객실 체크는 언제 가능한가요? 객실 체크는 실예약 요청 시 실시간으로 확인할 수 있어요. 3박 이상 예약하시면 무료 공항 픽업 서비스도 제공됩니다. 우붓으로 가실 경우에는 $15가 추가됩니다. 예약을 하려면 어떻게 신청해야 하나요? 예약을 원하시면 예약자 전원의 여권 영문 이름과 생년월일 앞 6자리, 그리고 항공편 정보(직항편은 인천 출발, 경유편은 발리 도착)를 이메일로 보내주시면 됩니다. 공항 픽업 서비스 예약 시 미리 날짜와 시간을 선택해야 하나요? 공항 픽업 서비스는 같은 항공편을 이용하는 다른 손님과 함께 하실 수 있어요. 이 점 참고해 주세요. 예약 취소는 어떻게 이루어지나요? 예약 완료 후에는 발리 한국어 지도와 맛집, 멋집 파일을 보내드리려고 해요. 유용하게 사용하실 수 있을 거예요. 감사합니다. 예약 진행해 보겠습니다. 감사합니다! 궁금한 점이 생기면 언제든지 연락 주세요. 즐거운 여행 되세요!",0,A
normal_A_0415,"상담원 ▲▲▲입니다. 여보세요? 네, 안녕하세요? 예, 다음 주 ▲▲일 아 ▲▲일로 저기 그러니까 15일 날 있잖아요, 결제를 해야 되는데 네. 요번 달에도 최소 결제 금액을 좀 바꿔 주실래요? 네, 전화주신 손님 ▲▲▲ 님 본인 맞으십니까? 예, 예. 네, 어 결제 최소 결제 비율 한번 확인하겠고요. 잠시만 기다려주시겠습니까? 예. 네, 손님 기다려 주셔서 감사합니다. 그럼 최소 결제 비율로 저희쪽에서 20%로 그 변경해드리면 되실까요? 예, 고거를 변경해야 하고 요번 달에 저 15일 날 노는 날이니까 14일 날 빠져나갈 거 아니에요? 네. ▲▲날 아 그러시네요. 15날 했는데 공휴일 되니까 이게 공휴일에 빠져 나가거나 아니고 그 이후로 알고 있는데 어쨌든 20%로 변경해드리도록 하겠습니다. 예, 그리고 그 해가지고 문자로 좀 주세요. 네, 그런데 20%로 변경하시는 게 손님 이번 달만 변경하시는 거세요? 아니면 앞으로 계속 변경하시는 거세요? 아니 아니요, 요번 달만 변경이요. 네. 그게 그러면 제가 그 설정이 뭐 거기 뭐 리볼빙 뭐 약정으로 설정이 돼 있는 거예요? 아니면은 그냥 어떻게 돼 있는지 어 지금은 10%로 되어 있으세요. 그래서 이번 달 것만 아 그래요? 아니, 제가 인제 한꺼번에 다 저거 할 거니까 20%를 요번 달 만에 적용해주시면 돼요. 네, 알겠습니다. 상담사 ▲▲▲이었습니다. 예, 감사합니다. 네, 감사합니다. 예.",0,A
normal_A_0416,"상담원 ▲▲▲입니다. 예, 수고하세요. 네, 감사합니다. ▲▲월 ▲▲일 문의 중에서, 이게 뭐 결제 봐달라고요. 아, 그러세요? 전화 주신 손님 생년월일과 휴대폰 번호 먼저 말씀해 주세요. ▲▲년 ▲▲월이요. ▲▲▲이요. 네, 네. 휴대폰 번호도요, 손님. ▲▲▲▲▲▲이요. 결제 은행을 말씀해 주시겠습니까? ▲▲요. 어, ▲▲월 ▲▲일 결제하실 금액 중에서 결제 가능한 거 지금 일시불 금액에 대해서만 결제가 가능합니다. 네, 네. 그거 얼마죠? 원금으로 ▲▲▲▲원이고요. 네. 네, 오늘 날짜로 결제하시면 이자 부분을 또 아직 확정이 되지 않으셨기 때문에 원래대로 다시 또 납부하셔야 되세요. 괜찮으실까요? 네. 네, 그러면 오늘 날짜로 원금 ▲▲▲▲원과 이자해서 ▲▲▲▲▲▲원 결제하면 되고 결제 통장 ▲▲은행 계좌 끝자리 123로 끝나는 계좌에서 출금해 볼까요? 예. 네, 기다려 주셔서 감사합니다. 출금 처리 완료되었습니다. 네. 그럼 남은게 얼마되죠? 정확한 금액은 확인 안 되시고요. 오늘 날짜 기준 대략적으로 ▲▲▲▲▲▲원으로 확인됩니다. 아, 그 저 카드론이요? 네, 맞으세요. 카드론 포함해서요, 손님. 지금 카드 그거 원래인 경우에 얼마고 그거를 좀 그 문자 좀 보내주실 수 있을까? 남은 거요. 문자로는 안내가 조금 어려우세요. 그런데 따로 팩스라든지, 메일이라던지, 우편으로 원하시면 매달 얼마씩 납부하셔야 되는지, 남아있는 잔액은 얼만지 확인 가능하세요. 아니, 그것 말고요. 지금 남은 금액이요. 그 문자로는 발송이 어렵고. 남은 금액 건건이라 일단 있을 거 아니에요? 어, 문자로는 발송이 어려우신데요. 네? 문자로는 발송이 어렵습니다. 아, 그래요? 그게 알 수 있을까요? 안내해 드리면 될까요? 네, 네. ▲▲년 ▲▲월 ▲▲일 날 받으셨고. 잠깐만요, 네. ▲▲년 ▲▲월 ▲▲일 날 받으신 장기 대출 남아 있는 금액이. 네. 원금으로 ▲▲▲▲▲▲▲▲▲▲▲원이고요. 네. 그리고 ▲▲월 ▲▲일 날 받으신 건 남아 있는 게 ▲▲▲▲▲▲. ▲▲월 며칠, ▲▲일이에요? 네, ▲▲월 ▲▲일이요, 손님. 네. ▲▲년 ▲▲월 ▲▲일 날 받으신 건 남아 있는 게 ▲▲▲▲▲▲원. 네. ▲▲년 ▲▲월 ▲▲일 날 받으신 건 ▲▲▲원 남아 있습니다. 네. 그 ▲▲건이죠? 네, 맞습니다. 네, 네. 감사합니다. 네, 상담원 ▲▲▲이었습니다. 네, 네.",0,A
normal_A_0417,"안녕하세요? 발리 견적 문의드립니다. 체크인 : ▲월 ▲▲일, 체크아웃 : ▲월 ▲▲일 - 레이트 체크아웃 요청합니다. 총 5박입니다. 호텔은 1) 멜리아 발리, 라군억세스 주니어 스위트룸 2) 멜리아 발리, 라군억세스 주니어 스위트룸 + 올인클루시브 3) 발리 다이너스티 리조트, 패밀리 라군 풀 억세스룸 이렇게 3가지 견적 부탁드리겠습니다. 감사합니다. 안녕하세요~ 발리 여행 문의 주셔서 감사합니다. ▲월 ▲▲일부터 ▲▲일까지 멜리아 발리, 라군 억세스 주니어 스위트 5박은 $1,275입니다. 레이트 체크아웃은 18시까지 가능해요. 성인 2인 기준으로 조식 포함이고, 추가 인원이 있을 경우 비용이 발생합니다. 올인클루시브는 얼마인가요? 올인클루시브는 1일 1인당 $90씩 추가됩니다. 그래서 5박 기준으로 계산하면 추가 비용이 꽤 될 것 같아요. 다이너스티 리조트는요? 발리 다이너스티 리조트, 패밀리 라군 풀 억세스룸은 5박에 $1,575입니다. 이쪽도 체크인 시점에 따라 실시간으로 확인이 가능해요. 예약할 때 어떤 정보를 제공해야 하나요? 예약 원하시면 예약자 전원의 여권상의 영문 이름과 생년월일 앞 6자리, 그리고 픽업 정보가 필요해요. 직항편은 인천 출발 항공편, 경유편은 발리 도착 항공편명을 알려주시면 됩니다. 공항 픽업 장소는 어디인가요? 3박 이상 예약 시 무료 공항 픽업 1회 서비스가 제공돼요. 단, 같은 항공, 같은 지역 호텔의 다른 손님과 조인될 수 있습니다. 비용은 어떤 방식으로 지불하나요? 결제는 원화로 환산된 금액을 계좌로 입금 요청드리며, 카드 결제 시 2.5% 수수료가 추가돼요. 카드 결제는 국민, 현대, 삼성, 신한카드만 가능하고, 무이자 할부 혜택도 있어요. 추가로 받을 수 있는 정보가 있나요? 예약 완료 후에는 발리 한국어 지도와 맛집, 멋집 파일을 보내드려요. 더 궁금한 점 있으면 언제든지 문의해 주세요. 감사합니다!",0,A
normal_A_0418,"상담원 ▲▲▲입니다. 예, 수고합니다. 그 저기 ▲▲카드 주거래니까 이거 항상 명세표 보내주는 거 그것 좀 보내주면 안 될까요? 아 네, 바로 변경 도와드릴 텐데요, 저희 전화 주신 손님 핸드폰 번호랑 생년월일 한번 말씀해 주시겠어요? 네, 네. 그 ▲▲▲▲▲▲▲에 ▲▲▲▲. 네. 그리고 생년월일은 ▲▲▲▲▲▲ 성함과 결제 은행 어떻게 되실까요? 예, 결제 은행은 ▲▲은행입니다. 확인 감사합니다. 저희 지금 일단 청구서를 자택으로 받고 싶다는 말씀이신 걸까요? 네, 이 청구서를 우리집으로 하나 보내주면은 제가 요번 달에 뭐 어떻게 했었는지 그걸 좀 볼 수 있게끔 좀 보내주세요. 어, 일회성으로 발송해 달라는 말씀이신 거예요? 아니요, 일회성으로는 지금 날라오고 있거든요. 그러면은 바로 휴대폰으로 뜨는데 그 한 달 동안 사용했던 그 청구서를 좀 집으로 좀 보내주면 안 될까요? 그러니까 문자 메시지로 받고 있는 거 우편으로 변경해 달라는 말씀이신 걸까요? 아니면 이번 달 것만 일회성으로 우편으로 보내달라는 말씀이신 걸까요? 아니, 양쪽을 다 좀 해 줄 수는 없는가요? 휴대폰으로도 매달 도로 쓸 때마다 문자 들어오는 것도 다 들어오게 해 두시고 그다음에 한 달이 요번 달에 돈 빠져나가는 거 이걸 쭉 사용했던 거를 그 청구서를 좀 보내주면 안 되나요? 두 가지로는 안 돼요? 네, 문자 메시지를 우편으로 2개 다 받으시는 거는 불가능하세요. 아, 그래요? 우편도 보통 다른 카드사에는 문자도 딱 같이 들어오고 청구서도 보내주길래 그래 내가 한번 물어 봤어요, 그래도 안 되는건가요? 네, 네. 저희가 문자 메시지로도 그 이용내역을 받아보실 수 있으시거든요. 지금 받아보시는 청구서가 문자 메시지이신데 우선은 문자 메세지 확인해 보시면 하단에 그 이용 내역 자세히 보기가 몇 월 며칠 날 어제 사용했는지 나오세요. 아, 뭐 얼마 썼는지 그게 좀 나온다 이거죠? 네, 네. 아, 그 지금 저한테 카드를 사용하면은 카드에 뭐 어디서 얼마 썼다 카는 쓰는 거 그건 뜨거든요. 네, 네. 그런데 전체적으로 난 이제 요번 달에 내가 뭐 썼는지 내역 좀 알고 싶어서 그러면 청구서를 요청하는 건데 거기 휴대폰이 들어가면 다 나오는 거예요? 네, 문자 메시지로도 보실 수 있으세요. 아, 그래요? 네, 네. 아, 그러면은 됐습니다. 그럼 제가 한번 볼게요. 아 네, 알겠습니다. 상담원 ▲▲▲이었습니다. 네, 네. 알겠습니다. 감사합니다. 예. 네.",0,A
normal_A_0419,"일상의 즐거운 변화 LGU+ <NAME>입니다. 여보세요? 네, 고객님. 아 그 인터넷이랑 모바일이랑 결합 좀 하려고요. 네, 확인하고 바로 처리 좀 도와드릴 텐데요. <NAME> 고객님 본인 맞으십니까? 네. 네, 확인 감사합니다. 고객님 혹시 인터넷이랑 휴대폰 단독으로 결합하시는 거예요? 어, 네. 그럼 바로 처리 도와드릴 텐데 혹시 인터넷도 고객님 명의로 설치되어 있으신 거 맞으실까요? 네. 인터넷 설치돼 있는 주소지 한 번만 확인 부탁드립니다. <ADDRESS>요. 네, 확인 감사합니다. 고객님 지금 현재 결합 가능하신 거는 참쉬운가족결합 가능하시고요. 지금 인터넷 같은 경우 100MB 이용 중이기 때문에 인터넷 요금에서 매월 <CHARGE> 할인 혜택 받아 보실 수 있으십니다. 네, 그걸로 해주세요. 네, 카드로 결합 처리 진행해 드릴 텐데요. 결합에 대한 동의 과정 한 번만 진행하고 바로 처리해 드리겠습니다. 들어 보시고 동의하시면 네라고 대답만 부탁드립니다. 네. 고객님께서는 결합일로부터 결합 할인에 동의해 주셨고 LGU+에선 대표자 기준으로 참쉬운가족결합 가입에 필요한 정보의 조회가 가능하게 됩니다. 참쉬운가족결합에 필요한 개인정보는 수집 이용 및 취급 위탁을 받게 되며 결합 서비스 포함 서비스 종료 시까지 개인정보가 보관됩니다. 이용조건은 휴대전화와 휴대전화 또는 휴대전화와 인터넷 결합이 필수이며 휴대전화 총 10회선 인터넷은 총 3회선까지 결합 가능합니다. 가족 구성원 결합 시에는 가족관계증명서 등을 통한 확인이 필요하며 서류가 정상적으로 수신되지 않거나 적합하지 않을 경우 결합이 해제될 수 있습니다. 할인 요금은 앞서 말한 할인율 금액으로 적용되며 다시 한번 문자 발송해 드리겠습니다. 자세한 요금제별 할인 금액 및 기타 이용약관에서 홈페이지에서 확인 가능하며 타 요금 할인, 결합 할인, 제휴 할인, 인터넷 복지 할인 등과 중복으로 적용되지 않고 정지기간 동안 할인은 중단됩니다. 최소 결합 요건이 충족되지 않거나 결합 불가 요금제로 변경 시 결합에서 자동 탈퇴가 됩니다. 지금까지 참쉬운가족결합에 관한 설명 및 서비스별 이용약관에 대해 안내드렸습니다. 이용 조건에 동의하시면 서비스 바로 등록하겠습니다. 동의하십니까? 네. 잠시만 기다려 주시겠습니까? 네. 기다려 주셔서 감사합니다. 정확하게 결합 처리 완료되셨고요. 할인은 날짜 계산되어서 들어가게 될 예정입니다. 참고 부탁드립니다. 아 네, 그리고요. 이거 할인받는 건 인터넷 약정하고 상관없는 거죠? 인터넷 약정할인과 별개로 할인이 따로 들어가요. 네, 알겠습니다. 네, 혹시 다른 더 궁금하신 건 없으십니까? 네. 감사합니다. 더워진 날씨에 건강 조심하시기 바랍니다. 네. 감사합니다.",0,A
normal_A_0420,"일상의 즐거운 변화 LGU+ <NAME>입니다. 네, 그 일시 정지 때문에 전화 드렸는데요. 어 일시 정지, 어떤 분이신지 여쭤봐도 될까요? 원래 지금 군 입대로 해서 정지 한번 해야 될 거예요. 음 네, 혹시 문의하시는 번호가 <MOBILE_NUMBER> 맞으십니까? 네. 네, <NAME> 고객님 ARS 통해 생년월일 인증해 주셔서 감사합니다. 고객님 본인 맞으십니까? 네, 맞아요. 네, 저희 LGU+ 요금 납부 방법이 카드, 은행, 통장 지로 중에 어떻게 되십니까? 카드요. 네, 그러면 저희가 해당 구비서류가 좀 필요한데요. 구비서류가 있으신가요? 뭐 따로 찾아봐야 될 거 같아요. 어 그러세요? 왜냐면 저희가 해당 구비서류를 저희가 첨부한 후에 지금 진행이 가능해서 말씀을 드렸던 건데요. 아 찾을 수 있을 거 같아요. 어 고객님 혹시 그러시면 지금 현재 사진 찍어서 지금 보내주실 수 있으시면 제가 지금 처리해 드릴 수가 있고요. 그렇지 않다고 한다면 준비 후에 연락을 주셔야 될 거 같습니다. 아 그러면 <DATE>에 전화 드려도 될까요? 네, 우선 고객님 그러시면은 준비 후에 좀 연락을 좀 부탁을 드리겠습니다. 예, 그 카드로 하는 그 서류만 있으면 되는 건가요? 음 근데 잠시만 기다려 주시겠습니까? 예. 네, 여보세요? 예. 네, 기다려주셔서 감사합니다. 고객님 혹시 그러시면 그 확인서가 아니더라도 혹시 그 입영통지서나 이런 게 있으신가요? 예예. 지금 있으신가요? 지금은 따로 없고 봐야 되겠네요. 아 그러세요? 저희가 그 군 입대했다는 입영통지서나 아니면 제가 고객님께 제가 지금 구비서류를 잠시 보내드릴게요. 제가 지금 고객님 문의 주신 번호로 제가 지금 문자를 하나 보내드렸거든요. 혹시 확인되실까요? 예. 알았어요. 네, 고객님 우선은 그 지금 그렇게 해서 준비 후에 한번 연락 주시면 될 거 같습니다. 그중에 하나라도요. 예. 네, 잘 해결되시고 마음 편하게 보내시길 바라겠습니다. 예. 네, 감사합니다.",0,A
normal_A_0421,"일상의 즐거운 변화 LGU+ <NAME>입니다. 예. 저기 요금, 아니, 핸드폰 요금 수납 좀 하고 싶은데요. 네. 예. 확인 부탁 드릴게요. 네. 저희 문의하시는 번호 명의자분 <NAME> 고객님 본인되십니까? 예. 맞습니다. 고객님 <DATE> 요금 수납 말씀하시는 거 맞으시죠? 예. 네. <DATE>은 고객님, <CHARGE>이구요. 예. 네. 어떤 방법으로 결제 도움 드릴까요? 통화 중 녹음으로 연체된 거 그런 거 없죠? 네. 없으세요. 카드인가 신용카드요. 아 그럼 배우자 분 동의 통화 가능하실까요? 아 저 제가 본인이에요. 그 배우자분 카드로 결제를 하시는 거죠? 아니요. 본인 카드요. 아 그, 고객님 그 <DATE> 날짜로 고객님 결제 요청이 들어갔더라고요. 자동이체에서 국민은행에서 결제 요청 들어갔는데, 혹시 여기 따로 잔고는 없으실까요? 뭐요? 아 국민은행이요? 네. 그건 <DATE>부터 들어간다 그러는데, 음 얼마 <DATE>부터 들어가는데 추가 출금일이 계속 있거든요. 그 결제가 계속 안 돼서 계속 이제 추가 출금 들어갔는데 그게 <DATE>도 그 결제 요청이 들어갔거든요. 아니 무슨, 국민카드에서 그게 얼만데요? 국민 국민은행에서 <CHARGE>이요. 금액이 <CHARGE>이요? <CHARGE>이 <DATE> 요금. 국민은행에서요? 그 자동이체를 국민은행으로 등록을 해 주셨더라구요. 아니요. 저 그냥 신용카드 분실, 그게 무슨 말인지, 그게 은행이 무슨 은행이요? 고객님 요금 매달 납부하는 은행이 국민은행으로 등록을 해 주셨거든요. 예. 그래서<DATE> 날짜로 은행사 쪽에서도 결제되도록 요청이 들어갔는데, 혹시나 카드로 한번 더 결제하면 이중납부가 될 수가 있어서요. 아 그거는 거기 잔금 없어요. 아 그러세요? 이거 아예 요 걸로 해 주시면 돼요. 네. 그러면 카드번호랑 유효기간 말씀 부탁 드리겠습니다. 근데 왜 그 카드도 이걸 국민은행이든 <CHARGE>이고 여기선 <CHARGE>이 나와요? 아니요. 그 국민은행에서 똑같이 <CHARGE>이세요. 아 그래요? 아 그러면요, 농협이구요. 네. 네. 국민 저기 신용카드 <CARD_NUMBER>이요. 네. 유효기간은 <DATE>, 네. <DATE> 네. 그럼 저희 <NAME> 고객님, LGU+ 이용료 고객님, <NAME> 고객님 농협카드로 요금 결제하시는 거 동의하십니까? 예. 맞습니다. 네. 고객님 생년월일은 어떻게 되세요? <BIRTH_NUMBER>, <DATE>로 해 주세요. 네. 바로 <DATE>로 결제 도움 드렸습니다. 예. 문자 주셨죠? 네. 예. 감사합니다. 혹시, 다른 더 궁금하시거나 필요하신 거 없으세요? 아유 더우신데 고생하세요. 아 네. 감사합니다. 네. 건강하시구요. 아 네. 네. 감사합니다. 네.",0,A
normal_A_0422,"일상의 즐거운 변화 LGU+ <NAME>입니다. 예, 문의 좀 하려고 전화했는데요. 네, 전화 정말 잘 주셨습니다. 다름이 아니고 제가 한 며칠 전에 LGU+ 요거 번호이동해 가지고 이거 신규로 개통을 했거든요. 네. 이제 뭐 알아보니까 LTE로 지금 단말기가 등록돼 있다 하더라고요. 아 네, 많이 놀라셨을 텐데 전화 주신 분이 <NAME> 고객님 본인 되십니까? 예. 네, 현재 LTE 요금제 이용 중이신 것으로 확인되고 있으십니다. 그래서 이제 요금제를 바꾸려는데. 네, 한번 확인해 볼 텐데요. 어제 상담받으신 걸로 확인되고 있으신데 맞으실까요? 예, 뭐 내용은 대충 아는데 내가 대리점 가서 5G 단말기를 등록하면 안 기다리고 요금제 변경이 된다더라고요. 근데 제가 궁금한 거는 내일 토요일인데 내일도 가서 이거 단말기 등록을 하면 이렇게 바뀌는 겁니까? 아무래도 대리점이 업무를 하다보니까 좀 다르실 거 같으세요. 근데 토요일날 하지 않습니까? 네, 한번 확인해 봐 드릴 텐데요. 잠시만 기다려 주시겠습니까? 예. 아 네, 기다려 주셔서 감사합니다. 예 예. 네, 토요일에도 영업은 가능하신데 대리점 전화 한번 해보시고 방문하셔야 될 거 같으세요. 아 그래요? 저희 쪽에서 이제 정확한 확인은 불가능하십니다. 그걸로 변경을 하게 혹시 뭐 약정을 되나요? 네, 요금제 변경에 약정 같은 건 없으세요. 아 네, 잘 알겠습니다 네, 고객님 행복한 주말 보내세요. 네, 수고하셨어요. 네, 감사합니다.",0,A
normal_A_0423,"일상의 즐거운 변화 LGU+ <NAME>입니다. 안녕하세요? 예, 부재중 전화가 와서요. 아 그러세요. 제가 한번 확인해 보겠습니다. 우리 연락 주신 고객님 성함 확인 먼저 부탁드릴게요. <NAME>이요. 네, 소중한 정보 확인 감사합니다. 제가 한번 확인해 볼 텐데 잠시만 기다려 주시겠습니까? 네. 네, 기다려 주셔서 감사합니다. 지금 확인을 해보니 저희 쪽에서 아직 <DATE>날짜에 연락을 드린 부분에 대해서는 지금 따로 이력은 남아 있지 않은 상태인데 지금 아무래도 확인해 보니까 고객님께서 저희 쪽에 이제 여러 가지 혜택 관련해서 안내 받으시는 거 마케팅 동의 아니면 고객님 지금 현재 연체 중인 상태이시잖아요. 그 둘 중 하나로 조금 전에 연락을 받으신 거 같아요. 네, 혹시 이거 <DATE> 그 정지된다 그랬거든요. 그러면 정지가 되면 언제 끝났어요? 고객님 제가 지금 확인을 해보니 미납정지 같은 경우에 고객님께서 이제 2개월분 이상 미납 시에는 <DATE> 후에 수신 정지되시는 것으로 확인되고 있습니다. 아 수신 발신은<DATE> 끊어지고요? 아 네. 알겠습니다 감사합니다. 고객님 언제나 건강 조심하시고요, 혹시 이 부분 제외하고는 더 추가적인 문의 사항 없으실까요? 네. 네, 감사합니다. 고객님 다가오는 주말도 행복만 가득하시길 바라겠습니다. 예, 수고하세요. 네, 감사합니다.",0,A
normal_A_0424,"▲▲카드 상담원 ▲▲▲입니다. 무엇을 도와드릴까요? 네, 카드 분실 신고 한 거, 그거 ▲▲▲이면 아, 카드 분실 해제 말씀이십니까? 네. 네, 우선 본인 확인 먼저 하겠습니다. ▲▲▲ 님 맞으십니까? 네. 예, 카드를 이제 찾으셨다니 정말 다행입니다. 해당 카드의 분실 해제 처리를 도와드리겠습니다. 해당 카드는 현재 신용카드 혜택모아카드로 확인되시는데요, 해당 카드를 지금 소지하고 계십니까? 네. 우선 보시면 카드 번호 끝 네 자리을 한번 말씀해 주시겠습니까? 혜택모아요? 해당 카드, 네. 4533 네, 분실 해제를 위해서 저희가 해당 비밀번호 입력이 필요합니다. 제가 에이알에스를 연결해 드리면 카드 비밀번호 네 자리 입력을 부탁드리겠습니다. 예. 네, 인증되셨고요, 해당 카드 어 저희가 분실 해제를 위해서 문자 메시지로 인증 번호를 하나 보내드렸습니다. 문자로 보내드린 인증 번호가 있는데 해당 인증 번호 확인을 한번 해보시고 말씀 부탁드리겠습니다. ▲▲▲▲▲▲▲▲ 네, 확인되셨고요, 분실 해제 처리가 지금 바로 되셨고요. 손님, 저희가 확인해보니까 해당 손님께 사고 매출로 등록되어 있는 게 있으시더라고요? 아 다 풀어주세요. 사고 매출 등록을 확인해보겠습니다. 7월 14일에는 김밥천국에서 사용하신 금액이신 거, 14,200원 금액이신 것 같은데요? 네, 그 남편이 쓴 거예요. 아 그러십니까? 우선은 사고 매출 등록 해지도 하고 있습니다. 잠시만 기다려주시겠습니까? 네. 네, 확인 중입니다. 잠시만 더 기다려주시겠습니까? 네. 네, 손님 확인되셨고요, 해당 카드는 분실 해제 처리가 완료 되셨습니다. 네. 추가적으로 안내해 드리면 후불 교통 기능은 해지 후 평일 기준 2, 3일 이후에 이용 가능하십니다. 네. 감사합니다. 상담사 ▲▲▲이었습니다. 네.",0,A
normal_A_0425,"일상의 즐거운 변화 LGU+ <NAME>입니다. 안녕하세요. 네. 안녕하세요. 제가 <DATE> 핸드폰 예약을 걸었는데요. 네. 어 지금 전화 주신 고객님 <NAME> 고객님 본인되십니까? 네. 맞아요. 아 네. 제가 그럼 확인해 볼게요. 네. 음 어느 쪽에, 그 고객님께서 지금 사용하시는 <MOBILE_NUMBER> 정지를 하셨는데, 아 해지를 하신다는 말씀이신 거예요? 네. 그냥 정지 안 하려고요. 잠시만요. 네. 네. 지금어 지금 어 <MOBILE_NUMBER>번 고객님 번호가 정지가 안 되어 있는 상황은 상태인데. 네. 맞아요. 그 예약을 걸었었는데 다음주 월요일이에요. 네. 그거를 그냥 안 할려구요. 네. 아 일단은 확인해 볼게요. 네. 네. 그러면 저 다음주 월요일로 정지 예정이 되어 있는 거를, 제가 정보 취소를 해도 되는 거죠? 아 네. 아 네. 알겠습니다. 아 혹시, 더 궁금한 게 있는데 산지 얼마 안돼서 그거를 좀 바꿀려 했다가 6개월 뒤에 중지할려고 하는데 <DATE>에 출국을 하긴 하거든요. 네. 그러면은 해외에서 이거를 정지할 방법이 있나요? 언제쯤 출국하시는지 알 수 있을까요? 다음주 월요일이긴 한데요. 네. 제가 <DATE>쯤에 정지를 할려고 하는데, 그러면은 그냥 사이트나 어플에서 정지를 할 수 있나요? 제가 오늘 처음 하는 신입 상담사여 가지고, 잠시만 기다려 주시면 제가 방법 확인해 볼게요. 네. 네. 아 네. 해외에서 LGU+ 모바일고객센터로 전화해 주셔도 되거든요. 네. 아 네. 이 번호 혹시 알고 계시나요? 아니요. 그게 문자로 좀 네. 아 그러면 네. 제가 문자로 보내드릴게요. 그러면 그 또는 <MOBILE_NUMBER> 번호로 전화 거시면 되거든요. 네. 알겠습니다. 아 네. 이 번호를 문자 보내드릴게요. 아 네. 알겠습니다. 네. 감사합니다. 네. 네.",0,A
normal_A_0426,"기다려 주셔서 감사합니다. <NAME>입니다. 예, 수고하십니다. 예 감사합니다 저기 본인 확인 전화 문의 좀 드릴게요. 네 어머니. 아예, 안녕하세요? <NAME> 고객님 본인이십니까? 예예. 아 네, 혹시 제가 옆에 계신 분께 안내해 드려도 괜찮으실까요? 예. 바꿔주시겠습니까? 여보세요? 네. 네. 저기 그 휴대폰에 그 문자가 왔는데 보니까 뭐 요금이 연체가 됐다 이렇게 왔는데 맞나요? 어 혹시 문자를 <DATE> 받아 보셨나요? 이게 지금 제가 확인해 보니까 이게 계속 하루에 한 번씩 문자가 계속와서요. 아 그러셨어요 잠시만 기다려 주시겠습니까 지금 전화하고 나면은 반환금 그냥 소리만 나와서 전화만 하면 되는 건가요? 여보세요? 아 네, 고객님 지금 확인 중에 있어서요 네. 네, 잠시만 기다려 주시겠습니까? 네. 기다려 주셔서 감사합니다. 고객님 확인해 보니까 이게<DATE> 달에서 <DATE>까지 이용했던 게 <DATE> 달 요금 그리고<DATE> 달 요금이 계속 미납 중이시다가 이번 <DATE> 날 한꺼번에 납부되신 걸로 확인되시거든요. 아 그러면 지금 미납요금이 없는 거예요? 예. 지금은 전혀 없는데 이게 누적되어 있는 문자가 발송되다 보니까 한 번에 납부 발송이 되었던 거고 지금은 전혀 없습니다. 아 지금 없는 게 맞아요? 아예, 전혀 없으세요. 아이구. 걱정 안 하셔도 <DATE>에 완납이 되셨습니다. 네 근데 <DATE> 오전 9시에 이런 게 왔는데 이건 무슨 뜻인가요? 이렇게 왔어요. LGU+ 개인 신용에 순차적 공인 인증 진행 예정 시 입금 전용 뭐 미래 신용정보 입력 및 뭐 이런 식으로 왔는데요. 미래 신용정보 그 미래 신용정보요? 네. 아 이게 LGU+에 가입돼 있는 거니까 이게 지금 저희 아버님이 U+에 가입한 지 며칠 안 됐거든요. 네. 어 그전에 뭐 사용하던 핸드폰을 명의로 쓰실 때 그게 연체가 돼 있었던 거 같은데 이게 일시적으로 이렇게 넘어온 건가요? 지금 이 문자 무시해도 되는 거예요? 그러면 고객님 지금 아버님 거 아까 처음에 그 문의 주신 <MOBILE_NUMBER>번 있잖아요. 네. 이 번호는 일단 미납은 전혀 없는데 그 혹시 뭐 손자분이 쓰셨다고 했던 그 번호 혹시 알고 계세요? 어 여기가 한 번호에요. <MOBILE_NUMBER>이 번호로는 따로 미납은 없는데요. 아 네. 이거 말고 다른 휴대폰 번호가 있다라고 하면 그거에 대한 미납 건은 있거든요. 잠깐만요. 아버님 휴대폰 번호 말고 다른 휴대폰 번호 뭐 그거 저기 사용한 게 있어요? 네 없어요? 아 예. 알겠습니다. 그러면 지금 미납된 건 없다 이 말이네요? 예. <MOBILE_NUMBER> 번은 없으세요. 알겠습니다. 아니면 고객님 한번 그 아버님 모시고 좀 시간이 괜찮다라고 하면 사실상 이게 저희 전산에서는 그 입력하고 들어온 번호에 대해서밖에 확인이 안 되서요. 뭐 주민번호로 어떤 명의가 있는지는 확인이 안 되기 때문에 차라리 아버님 한번 모시고 신분증 가지고 대리점 가시면 고객님 아버님 그 주민번호로 어떤 명의가 개통되어 있는지 주르륵 확인이 가능하시거든요. 네. 이게 미래 신용정보에서 연락이 왔다라고 하면 아마 다른 명의가 그동안 미납이 되어 있는 게 분명히 있으실 거예요. 아 네. 음 그러면 저기 그 뭐야 U+에 가 가지고도 확인이 가능한가요? 네. 가서 이제 뭐 다른 업무 보려고 한 건 아니고 미납요금만 확인할 거라고 말씀해 주시구요. 음 네. 그 신분증 납부하시고 확인하시면 됩니다. 알겠습니다. 아 그러면 그 저기 그 U+에 가 가지고도 U+ 외에 뭐 다른 KT라던지 이런 거까지 다 조회가 된다 이 말이네요. 아 U+에서 U+ 것만 확인 가능합니다. U+ 것만요? 네. 아 예, 알겠습니다. 감사합니다. 예 고객님 날씨도 더운데 건강 챙기시기 바라겠습니다. 네. 감사합니다. 네. 감사합니다.",0,A
normal_A_0427,"▲▲카드 상담원 ▲▲▲입니다. 아 네, 수고하십니다. 감사합니다. 거기 뭐야, 그 카드 대금 좀 결제하려고 그러는데요. 그러세요? ▲▲▲ 님 본인 맞으신가요? 네. 네, 손님 지금 ▲▲일 결제일인데 오늘 선결제할 거란 말씀이세요? 네, 네. 네, 오늘 결제해 주시면 금액은 ▲▲▲▲▲▲▲▲▲▲▲▲▲이고요, 결제 계좌 ▲▲은행에서 바로 출금해 드려도 괜찮으십니까? 아 네, 그 금액이 ▲▲▲▲ 정도 하려고 그러는데요. ▲▲▲▲▲원만요? 네, 그럼 일시불과 현금 서비스 할부 금액이 있는데 어디 금액에서 결제해 드릴까요? 아 그 저기 뭐야, 현금 서비스 그거 받은 거라 장기 카드 대출 금액에서 먼저 해 드릴까요? 이자가 좀 금액이 높으니까요. 단기요? 현금 서비스요. 네, 단기 카드 대출 네, 그게 얼마예요? 지금 ▲▲월달에 내실 금액이 ▲▲ 오늘 결제하시면 ▲▲▲▲▲▲▲▲▲▲▲원인데 ▲▲▲원만 결제하실 거예요? ▲▲▲▲이요. 그러면 지금 4건에 대해서 수수료가 총 ▲▲▲▲▲▲▲▲원 이거든요. 네. 네, ▲▲▲▲▲▲▲▲▲▲원 수수료 빼고 원금만 ▲▲▲▲▲원 결제할 거라는 말씀이실까요? 네, 네. 네, 잠시만 기다려 주시겠습니까? 예. 기다려 주셔서 감사합니다. 손님, 그러면 원금 ▲▲▲▲▲원에 오늘까지 이자 ▲▲▲▲▲▲▲▲원 포함해서 총 ▲▲▲▲▲▲▲▲▲▲▲원으로 결제 계좌 ▲▲은행에서 지금 출금해도 괜찮으십니까? ▲▲▲▲▲▲ 그러면 조금 부족할 수도 있을 것 같은데 이자까지 넣으면 그럼 ▲▲▲▲▲원 말고 ▲▲▲▲▲▲원 결제할까요? 그렇게 해야 되겠네요. 원금이요? 네, 그러면 이게 언제 또 생성돼요? 네, 그럼 원금, 이자해서 총 ▲▲▲▲▲▲▲▲▲▲▲▲▲원이고 원금은 ▲▲▲▲▲▲원으로 결제가 들어가는데 괜찮으세요? 네, 네. 네, 일단 지금 바로 출금할게요. 잠시만 기다려 주시겠습니까? 네. 어차피 월요일 날 다 내야 하는데 네, 기다려 주셔서 감사합니다. 출금 처리되었고요, 현재 이용 가능하신 잔여 한도는 ▲▲▲▲▲▲▲▲▲원입니다. 아 그러면 이게 저기 그 현금이 언제 되는 거예요? 현금 서비스 같은 경우에는 결제일이 지난 그 다음 날부터 이용 가능하시고 다만 현재 이용 가능하신 잔여 한도는 ▲▲▲▲원까지는 일단 이용 가능하세요. ▲▲▲▲원이요? 예. 아 네 네, 감사합니다. 미리 결제하면 되는구나? 감사합니다. 그렇습니다. 결제하신 원금만큼 한도가 복원이 됩니다. 아 네 네, 감사합니다. 감사합니다. 상담원 ▲▲▲이었습니다. 예, 감사합니다. 감사합니다.",0,A
normal_A_0428,"안녕하세요, 방금 유선으로 통화한 ▲▲▲이라고 합니다. 말씀드렸던 사항 남겨 드립니다. 뜨갈랄랑 노, 발리 스윙, 발리 사파리 룸뿌양 사원 등 관광지를 돌아보고자 합니다. ▲월 ▲▲일 힐튼 응우라이 출발 우붓 이동 시 우붓 여행 가능 여부 확인 부탁드립니다. 안녕하세요, ▲▲▲ 님. 우붓 지역 투어와 발리 사파리는 같은 날 진행하기 어려워요. ▲월 ▲▲일에는 우붓 지역 투어를 진행할 수 있습니다. 그럼 ▲월 ▲▲일 우붓 지역 투어는 어떻게 진행되나요? ▲월 ▲▲일에는 도요타 하이에이스(16인승)로 10시간 기준으로 진행되며, 비용은 $194입니다. 차량, 운전기사, 한국어 가능한 가이드, 자동차 보험, 유류비가 포함돼요. 통행료나 입장료는 별도로 드려야 하나요? 네, 통행료, 주차비, 입장료는 별도로 발생해요. 가이드와 기사에게는 팁도 직접 주시면 됩니다. 알겠습니다. 그럼 ▲월 ▲▲일에는 우붓 숙소에서 관광지를 투어할 수 있나요? ▲월 ▲▲일에는 스즈키 APV(7인승)로 10시간 기준으로 진행할 수 있어요. 비용은 $134입니다. 같은 관광지를 포함해서 진행할 수 있습니다. 하루 일정이 다 안되면 발리 사파리는 별도로 빼도 될 것 같아요. 네, 그렇게 하셔도 괜찮습니다. 발리 사파리는 ▲월 ▲▲일에 진행할 수 있어요. 4인 기준으로 $340입니다. 마지막으로 예약 진행하려면 어떻게 해야 하나요? 예약 원하시면 전원 영문 및 한글 성함, 생년월일, 대표자 핸드폰 번호와 발리 도착 후에도 연결 가능한 카톡 아이디를 이메일로 보내주시면 됩니다. 감사합니다. 확인 후 메일 드리겠습니다. 감사합니다, ▲▲▲ 님. 기다리고 있을게요. 좋은 하루 되세요!",0,A
normal_A_0429,"상담원 ▲▲▲입니다. 네, 여보세요? 네, 안녕하십니까? 네, 아 그 상향하라고 카톡이 왔는데요. 한도 상향이요, 손님? 예. 제가 잠시 확인도와드릴게요. 등록돼 있는 휴대폰 번호와 결제 은행은 어떻게 되십니까? 네. ▲▲▲▲▲▲▲▲▲▲▲ 결제 은행은 어디세요? ▲▲은행이요. 생년월일 앞에 여섯자리와 전화주신 손님 본인 성함은 어떻게 되세요? 뭐요? 아 주민번호. 손님의 생년월일 앞에 여섯자리와 손님 성함은 어떻게 되세요.? 아 ▲▲▲▲▲▲▲ 성함은요? ▲▲▲이죠. 네, 확인 감사합니다. 카드 한도가 ▲▲원이거든요, 손님? 네. 예, 이용하신 금액 제외하고 손님께서 한도 상향 요청하신다면 총 ▲▲▲▲▲원 한도 내에서 단기는 기존과 동일한 ▲▲▲원인데 상향 동의해 드려요, 손님? 예, 해 주세요. 알겠습니다. 잠시만 기다려 주시겠어요? 네. 동의해드렸습니다. 그렇기 때문에 사용하신 금액 제외하고 현재 사용 가능 한도만 다시 한번 안내 도와드리겠습니다. 예, 감사합니다. 예, 감사합니다. ▲▲▲▲▲▲▲원 한도 내에서 단기 카드 대출 ▲▲▲원 이용 가능하시구요, 장기 카드 대출도 이용할 수 있는데 혹시 카드론 사용 계획은 없으세요, 손님? 카드론도 이용할 수가 있으시더라구요. 아 카드론요? 네, 카드론이라고 해서 대출 이용할 수가 있으시거든요. 아 대출은 아니고 아 무이자는 몇 개월 무이자 할부는 몇 개월까지 되는 거예요? 네, 손님께서 보유하고 계신 카드로 해서 이용했을 때 말씀하시는 것 같은데요. 손님께서 보유하고 계신 카드가 ▲▲ 체크 카드와 ▲▲카드로 이용중이신데요, 이 ▲▲카드는 모든 가맹점에서 ▲▲개월 ▲▲개월 무료 가능하신 카드이세요. 아 ▲▲개월 이후는 안 되고요? 네, 맞습니다. 그런데요, 제가 체크 카드 ▲▲은행 거를 쓰고 있거든요. 네. 근데 이거 체크카드를 다시 했는데 이게 어 내가 방송을 홈쇼핑 같은 데서 이렇게 뭐를 결제하잖아요? 네. 그래 그러면 잡고 저기 체크 카드로 결제가 일시불로 되는 거는 왜 그런 거예요? 손님께서 홈쇼핑에다가 그 카드 등록해놓으신 건 아니세요? 홈쇼핑쪽에 한번 확인해 보세요. 네. 아니 보통 물어 보니까 카드 은행에다 얘기하라고 그랬어요. 아 손님 지금 어 손님께서 홈쇼핑에다가 손님 카드를 그 예전 카드를 등록을 해놓으셨다면 홈쇼핑 결제할 때 새로운 카드를 등록하게 하셔가지고 결제를 하셔야 되세요. 뭐 아 새로운 카드 했는데요? 그럼 손님 그 부분이 새로 받으신 카드로 등록한게 아니면은 새로운 카드로 등록하셨다면 당연히 새로운 카드로 결제가 되셔야 되는데 그 이전까지 체크 카드로 승인이 됐다라면 그 정상적으로 처리가 안 되신 거 때문에 그러실 거거든요. 아니 다른 방송은 다 괜찮은데 저기 뭐야 체크 카드로 결제가 일시불로 됐더라고요? 그러니까? 손님 체크 카드가 그때 등록이 되어있어서 그러실 거구요. 등록 자체를 신용카드로 등록하셔가지고 결제를 하셔야 된다고 말씀을 드린 겁니다. 아 그래요? 네 네, 알겠습니다. 예. 감사합니다. 상담사 ▲▲▲이었습니다. 그렇죠. 예.",0,A
normal_A_0430,"상담원 ▲▲▲입니다. 예, 뭐 좀 물어볼려고요. 네. 마트에서 쇼핑하고 뭐 온라인에서 쇼핑하다가 이제 그 반품으로 하게 되면은 그 결제한 금액이 언제쯤 들어오나요? 아 그러세요? ▲▲▲ 님 본인 맞으세요? 예. 네, 결제 금액 결제하신 금액이 반품 하시게 되면요. 취소가 완료되기까지는 카드사로 반영이 조금 시간이 소요가 됩니다. 그 내용이 카드 영수증이 카드사로 반영이 된 후에 진행처리가 되는데 혹시 어디에서 결제하신 걸 취소하셨어요? 그 오늘 이마트 트레이더스에서 그 저기 한 내용이 있고 아 네. 온라인에서 옥션이라는 데서 저기 뭐야 취소한 게 또 하나있고요. 아 그러세요? 혹시 최근에 결제하신 거죠? 예. 혹시 옥션 결제 건이 맞으세요? 지금 지마켓에서 결제하신 게 ▲▲▲▲▲원으로 확인되시는데 옥션 결제 건은 없으세요? 아 예 예. 지마트. 네, 지마켓에서 결제하신 건 있고 옥션 결제하신 건 없으세요? 그러니까 어 이마트 예 맞아요. 그럼 옥션은 없네요, 그러면 아직이요. 네, 옥션은 결제 건이 없어요. 오늘 청소기 하고 다 샀는데 거기서 제가 ▲▲ 얼마인가 그거를 저 취소처리를 했는데 그게 없나요? 트레이더스 이마트 결제하신 거는 있는데 옥션 결제한 거는 없어요. 그래요? 그러면 그거는 언제쯤 들어오나요? 트레이더스 결제 건도 평일 기준 2, 3일 정도는 소요 되어야지 취소처리가 완료되고 이거는 따로 손님의 개인 계좌에서 출금한 게 아니기 때문에 카드 결제 취소가 진행이 되실 거예요. 카드 결제 취소가 되면은 그 어떠허게 됐는지 확인 자체는 어떻게 해야 합니까? 취소가 완료되면은 문자로 안내 진행됩니다. 아 ▲▲카드 문자로 안내가 진행이 되나요, 그러면? 네. ▲▲카드에서 문자를 준다는 얘기네요. 네, 문자로 드립니다. 그럼 2, 3일 시작이라는 얘기네요, 수고하셨습니다. 예 네, 감사합니다. 상담원 ▲▲▲였습니다. 예.",0,A
normal_A_0431,"카드 상담원 ▲▲▲입니다. 예, 수고하십니다. 네, 말씀하세요. 네, 다름이 아니고 제가 지난달에 ▲▲카드 대금이 ▲▲▲▲▲▲▲▲원이 나왔는데요, 일부 결제를 하고 ▲▲ 얼마가 기본 리볼빙돼서 남았어요. 그래서 그 금액. 네. 아 수수료라고 해서 그 금액만 지금 납부할게요. 그 은행에 왔는데 그게 잘 안 된다고 은행 직원이 그래서 전화드렸어요. 바꿔드릴게요. 네. 아 손님, 그 직원분 바꿔주지 마시고요, 저희가 이 부분은 제가 본인 확인 후에 제가 다시 한번 안내하는데 지금 본인 확인이 먼저 필요해요. 손님의 등록되어 있는 정확한 정보 확인을 위해서 등록되어 있는 손님의 핸드폰 번호를 먼저 말씀해 주세요. ▲▲▲▲▲▲▲▲▲▲▲ 네, 생년월일 말씀해 주세요. ▲▲년 ▲▲월 ▲▲일이요. 네, 본인 성함 말씀 부탁드리겠습니다. ▲▲▲ 네, 기존의 카드와 연결된 자동 이체는 어느 은행이실까요? ▲▲은행이요. 아 네, 소중한 정보 감사합니다. 지금 말씀해주신 게 그 이번 달 ▲▲월에 납부하실 금액 중에서 그 이월된 금액을 매달 납부 처리하시는 게 맞으실까요? 네, 네. 네, 그 혹시 문자로 받은 그 서비스, 리볼빙이 이월되면 ▲▲▲▲▲▲원 맞으세요? 네, 네. 네, 그 연결된 ▲▲은행 출금 처리를 바로 도와드릴까요? 예, 뭐 수수료가 ▲▲ 얼마 붙었다고 하더라고요. 네, 그 금액 포함해서 아 예, 그거를 한 번에 빼 주세요. 아 네. 그럼 연결되어 있는 ▲▲은행에서 제가 출금 ▲▲▲▲▲▲원을 출금 처리하도록 하겠습니다. 네, 감사합니다. 네, 감사합니다.",0,A
normal_A_0432,"상담원 ▲▲▲입니다. ▲▲▲님 본인 되십니까? 예, 안녕하세요? 예, 반갑습니다. 안녕하세요? 한도 상향을 문의하셨다고 전달받았습니다. 한도는 심사를 통해서 상향 여부를 안내해드릴 수가 있는데요, 심사 접수해 드릴까요? 아 네, 제가 취득세를 납부할 일이 있어서 내 카드로 납부를 오늘 원하는데 한도가 ▲▲으로 낮아서 요청드려요. 아 그러세요? 아 예, 지금 한도는 이제 ▲▲▲▲원 정도 남아있으시고요. 어 지금같은 경우는 보통 특별 한도로 진행을 하는데요, 기존 한도하고 별도로 운영되는 특별 한도로 심사를 원하시면 이제 일부 결제 이월 약정이라는 서비스를 해지하시고 증빙 첨부 하셔서 심사를 받아보실 수가 있고요. 아니면 이제 꾸준하게 해 주실 수 있는 정기적인 한도로 심사 받아보실 수가 있는데 어떻게 도와 드리는 게 좋을까요? 네. 어 어떤 게 좀 빨리 알 수 있을까요? 어 시간은 이제 동일한데요. 이제 다만 특별 한도는 증빙을 보내주셔야만 심사가 진행되고요, 그리고 리볼빙 서비스도 해지해 주셔야만 진행됩니다. 네. 아 뭐 어떤 증빙을 보내면 되나요? 그러면 혹시 취득세 납부하시는 거예요? 네. 예, 그럼 본인 명의이신가요? 네. 그럼 부동산 계약서나 세금 고지서 중에서 발송 가능하신 서류가 있으신가요? 아 지금 현재는 지금 법무사 진행 중이라서 지금은 서류가 없어요. 아 그럼 부동산 계약서도 아직 없으신 거고요? 네, 세금을 납부해야 받을 수 있거든요, 그거를. 아 그러세요? 일단 저희가 특별 한도는 증빙이 있어야만 심사가 되기 때문이에요. 네. 아 그러면 그냥 보통 한도로 그럼 신청해 주세요. 아 알겠습니다. 그럼 정기적인 한도로 접수해드릴 건데요, 심사를 위해서는 신용 정보 조회에 동의가 필요한데 동의해 주시겠습니까? 네. 그럼 희망하시는 한도 금액이 추가적으로 얼마이신가요? 어 추가로 한 ▲▲ 정도 더 되면 될 것 같아요. 네. 예, 그러면 지금 한도가 ▲▲원이시니까 한도 ▲▲▲▲▲원을 더 추가해서 ▲▲▲▲원으로 접수하고요. 아 저 근데 궁금한 게 있는데 지금 할부로 산 것이 있는데 그러면 그거는 이제 한도가 넘어버리는 건가요? 혹시 그렇지는 않죠, 그전의 것이죠? 그전에 할부 이용하셨던 거는 뭐 그대로 납부하시면 되는 거고요. 아 네, 추가로 할 부분은 예, 그러면 추가 ▲▲▲▲▲원 더 필요하신 건 맞으신 거지요? 네, 맞습니다. 예, 추가 ▲▲▲원 해서 접수해 드릴 거고요, 심사해보고 만약에 요청하신 한도까지 상향이 어려울 경우 가능한 한도까지 상향해 드려도 괜찮으십니까? 아 네, 괜찮습니다. 네, 그리고 심사 시 정확한 소득까지 확인되면 유리한 심사가 됩니다. 공공 마이데이터를 통해서 건강보험료나 소득 금액을 조회할 수 있는데요, 같이 조회해서 심사를 드려도 괜찮으실까요? 네, 괜찮습니다. 네, 그리고 ▲▲은행에 예금이나 적금 등 거래가 있으십니까? 네. 네, 확인 정말 감사드립니다. 심사 결과는 오늘이나 늦어도 내일까지 문자메시지나 알림톡으로 알려드리고요, 심사 결과에 따라 한도 상향은 어려울 수 있는 점도 참고 부탁드리겠습니다. 네, 알겠습니다. 예, 고맙습니다. 상담원 ▲▲▲였습니다. 네, 감사합니다. 예, 감사합니다.",0,A
normal_A_0433,"일상의 즐거운 변화 LGU+ <NAME>입니다. 네, 뭐 좀 물어볼라 하는데요. 핸드폰 요금 납부하려고 하니까 금액이 틀리다고 나오더라구요. 아 그러셨어요? 많이 당황스러우셨을 텐데 제가 얼른 한번 확인해 보겠습니다. 이용하시는 휴대폰 번호 한번 말씀해 주시겠습니까? 네, <MOBILE_NUMBER> 네, 명의자분의 성함과 생년월일은 어떻게 되십니까? 이름은 <NAME>이에요, <BIRTH_NUMBER>이요. 네, 확인 감사합니다. 그럼 <NAME> 고객님 본인 되시는 거 맞으실까요? 네. 네, 확인 감사합니다. 일단 <DATE> 청구 요금 제가 한번 확인해 보겠습니다. 네. <DATE> 청구 요금 <CHARGE>에서 지금 납부가 일부분 확인이 되셔서 남은 금액이 <CHARGE>이시구요. 이게 그럼 가상계좌로 입금을 해주신다는 말씀이시죠? 네. 계좌번호는 그럼 어느 은행으로 발송해 드릴까요? 농협으로 해주시구요. 네, 농협으로 발송해 드리구요. 금액도 기재해서 보내드릴 거구요. 문자 보내드리는 거는 아까 불러주신 고객님 휴대폰 번호로 괜찮으세요? 네. 네, 고객님 바로 발송해 보겠습니다. 지금 발송해 드렸는데 혹시 도착했는지 한번 확인 부탁드릴게요. 네, 왔습니다. 네, 고객님 확인 감사합니다. 여기로 금액만큼 입금해 주시면 그렇게 메시지가 나오지 않으실 거니까 너무 걱정하지 않으셔도 되시구요. 지금 고객님께서 <DATE> 데이터를 많이 사용하시는 편인데 혹시 동영상이나 영화 같은 거 이제 영상 시청을 많이 하시는 걸까요? 네, 동영상 같은 건 많이 안 보고요. 아 그러세요? 왜냐면 지금 고객님께서 사용하신 데이터양이 조금 많으신 걸로 확인이 되고 있으셔가지고요. 저희가 유튜브 영상 부분도 같이 제공해 드리는 요금제가 있으셔서 한번 말씀을 드릴까 싶어서 말씀을 드렸구요. 혹시 대신에 이제 저희가 이쪽으로 영상 시청되는 요금제 부분이 저희가 프리미엄 혜택으로 제공이 되시고 나머지 부분 미디어 혜택도 같이 제공이 되시는데 요금제 금액은 올라가세요. 그걸 어떻게 하는 건데요? 그래서 혹시라도 일단은 제가 잠깐만 확인해 드릴게요. 요금 할인은 따로 신청이 되지 않으셔서 금액 부분이 더 올라가시는데 프리미엄 그 이쪽도 광고 없이 보는 거 혹시 이용하시나요? 원래 영상 시청하면 중간에 광고가 나오시잖아요. 혹시 요거 광고 나오는 거 말고 광고 나오지 않는 게 프리미엄 유료 부가서비스로 혜택을 이용을 하시는지 한번 여쭤본 거예요. 네, 아 그럼 제가 지금 출근하니까 나중에 다시 전화 드릴게요. 네, 알겠습니다. 혹시라도 부족하시거나 궁금하시면 연락 부탁드릴게요. 네. 그러면 고객님 이거는 제가 요거 가상계좌 발송해 드렸으니까 입금 부탁드리구요. 다른 궁금하신 점은 없으세요? 네네, 다시 전화 드릴게요. 네, 고객님 감사합니다. 오늘도 즐거운 하루 보내십시오.",0,A
normal_A_0434,"상담원 ▲▲▲입니다. 네, 수고 많습니다. 아 네, 감사합니다. 그 저 다름이 아니고 지금 문자가 왔는데 ▲▲월 ▲▲일 날 ▲▲머니에서 ▲▲▲▲▲▲▲원 또 결제 문자가 떴거든요? 아 네, ▲▲▲ 님 본인 맞으신가요? 예. 아 네, 지금 문자 받으신 내용을 봤을 때 ▲▲월 ▲▲일 날 결제하실 금액이 ▲▲▲▲▲▲▲▲원이 있고요, ▲▲머니 포인트가 4200점 있다라고 문자가 발송되신 거예요. 예, 그런데 이게 ▲▲▲▲▲▲▲원이 뭐냐고요. 네, ▲▲카드 결제 금액이요. ▲▲카드 ▲▲일 날 결제 금액은 ▲▲▲▲ 얼마로 돼 있던데 ▲▲▲▲▲▲, 아 그러세요? 어디서 그렇게 보신 걸까요? ▲▲일 날 된 거예요. 그것도 ▲▲일 결제 ▲▲카드에서 온 거에요. 음 저희가 발송해드린 게 지금 여기서 그럼 제가 그 홈쇼핑을 시켰던 게 나오는 건가요? 우선 저희가 청구서를 발송해 드리는 금액도 다시 한번 볼게요. 잠시만 기다려 주시겠습니까? 예. 그러니까 ▲▲일 날 결제된 것이 지금 ▲▲일 날 나간다, 이거죠? 네, 맞습니다. 청구서도 마찬가지로 ▲▲▲▲▲▲▲▲원으로 발송되셨고요. 아니, ▲▲▲▲▲▲ 얼마로 들어왔는데 먼저 번에 얼마전에 들어온 게 또 ▲▲▲▲▲▲ 얼마가 들어와서 그게 뭔가 해서요, 지금. 어 그러니까 ▲▲일 결제 건이 ▲▲일 날 결제가 됐다, 이거죠? 네, 맞습니다. 내가 ▲▲, ▲▲은 다 안 되고 네, 네 맞습니다. ▲▲카드에서 토요일 날 결제를 안 합니까? 어떻게요? 결제가 안 되냐고요, 토요일 날에는요. 네, ▲▲카드뿐 아니라 모든 금융권이 다 토요일은 휴무이다 보니 아 그러면 네, 결제일이 없으면 다 평일 기준으로 넘어가는 거예요. 예, 알았습니다. 네, 상담원 ▲▲▲이었습니다. 이게 그럼 취소 금액이 얼마가 있는 모양인데 저희가 원래 이렇게 발송해 드렸었거든요? 혹시 언제 받으신 거예요? 이게 ▲▲▲▲ 얼마요. 그 연회비가 ▲▲원 포함해서 ▲▲▲▲▲▲ 얼마가 들어왔더라고요, 그랬다가 또 엊그저께 들어온 게 또 ▲▲▲▲▲▲▲▲원이 들어왔고 금액이 어떻게 된 건지 모르겠네. 아니요, 지금 제가 말씀드린 ▲▲▲▲▲▲▲▲▲원이 맞는 금액이에요. 어 나중에 할게요. 네. 알았습니다. 아 네, 상담원 ▲▲▲이었습니다. 네, 수고하세요. 감사합니다.",0,A
normal_A_0435,"안녕하세요. 더블식스 레저스위트 3박과 코마네카 탕가유다 풀빌라 3박 예약하려고 하는데요. 비용 인보이스 메일로 받을 수 있을까요? 안녕하세요! 예약자 정보 보내주시면 인보이스 먼저 발송해 드릴게요. 알겠습니다. 두 호텔 모두 3박 예약이 확정되었다고 적으면 되나요? 네, 맞아요. 그렇게 적어주시면 됩니다. 혹시 6박 예약 시 할인이나 특전이 따로 있나요? 두 호텔 모두 3박이나 6박 예약 시 특전은 없지만, 프로모션이 다를 수 있어요. 예를 들어, 코마네카는 3박 시 20% 할인만 가능하고, 4박 이상이면 1박 무료 프로모션도 있어요. 그럼 예약 진행하려면 어떤 정보를 보내야 하나요? 예약 진행하려면 가족분들 영문 및 한글 성함, 생년월일, 대표분의 이메일 주소와 연락처를 이메일로 보내주시면 돼요. 공항 픽업을 예약하려면 언제까지 해야 하나요? 호텔 3박 이상 예약 시 공항 픽업 무료 제공해드리고, 우붓 지역은 특가로 제공해요. 항공편 정보도 함께 알려주시면 좋습니다. 예약 후 제공되는 특별한 혜택은 무엇인가요? 예약 완료 후, 발리 한국어 지도와 맛집 멋집 파일을 보내드려요. 도움이 필요하시면 언제든지 말씀해 주세요. 감사합니다! 필요한 정보 정리해서 보내드릴게요. 감사합니다! 기다리고 있을게요.",0,A
normal_A_0436,"▲▲▲카드 ▲▲▲입니다. 네, 수고하십니다. 감사합니다. 네, 아 잠깐만요, 제가 쓰고 있는 그 코웨이 ▲▲▲▲카드를 쓰고 있는데 네. 그 전에는 이런 문자가 안 들어오고 그냥 그 뭐야, 결제 금액이 그 매달 정기적으로 나가는 게 들어왔는데 문자가 들어오면서 그 금액이 들어왔는데 지난달에도 그래서 한 번에 두 달 게 들어와 있어서 그 한 번에 이제 ▲▲개월 ▲▲원이 자동이체됐는데 그것 좀 한 번 알아보려고요, 뭐가 잘못됐나 해서요. 본인 확인을 위해 핸드폰 번호 전체 다 말씀해 주시겠습니까? ▲▲▲▲▲▲▲▲▲▲▲▲ 전화 주신 분 본인, 손님 성함을 말씀해 주세요. ▲▲▲이요. 생년월일을 말씀해 주시겠습니까? ▲▲▲▲▲▲▲ 결제 계좌 은행은 어디 은행이세요? ▲▲ 손님, 그 ▲▲▲▲ 카드를 손님께서 유효 기간이 연장이 돼서 새로운 카드로 갱신을 받으셨거든요, 그럼 저희가 카드 번호가 바뀌어요. 예, 근데 이게 갱신을 하던지 이렇게 됐는데 그러니까 손님께서 카드를 받고 자동 갱신이 되면 그 ▲▲▲▲에도 이전 카드 번호로 되어 있는 거잖아요? 네, 네. 그러면 그 카드 번호를 손님이 바꿔 주셔야 하는데 그거를 손님이 변경을 안 해 주셔서 네. 아 그래요? 저희가 요금 미납 방지를 위해서 손님이 이전 카드에서 새로 연장된 카드로 코웨이 카드 납부를 자동 승계해서 결제를 해 줬다는 그 내용이 네. 아 그러면 이거 어떻게 그냥 이대로 놔두면 되는 거예요? 어떻게 되는 거예요? 이대로 계속 놔두게 되면 승인 처리는 되지만 계속 이렇게 문자 발송이 되는 거기 때문에 그 코웨이 쪽으로 전화하셔 서 새로 받으셨던 카드 번호를 다시 한번 변경해 주셔야 됩니다. 아 그래요? 예, 그러면 카드사에서는 이상이 없는데 이제 코웨이 쪽으로 해서 지금 결제되는 카드 번호를 불러주시는 거죠? 예, 그렇죠. 저희가 그 승계가 되면서 결제가 됐기 때문에 그래도 코웨이 쪽에 전화하셔서 바뀐 카드 번호는 한 번 알려주셔야죠? 네, 네. 아 그러면 지금 결제되는 카드하고 웅진에 이제 확인해 봤어요. 카드 번호로 확인해 보면 되겠네요. 네. 네, 네 알겠습니다. 그러면 일단은 정상적으로 저기 뭐야, 카드 그 결제는 이제 매월 이렇게 누락되지 않고 나오는 거죠? 네, 정상적인 카드라고 하면 결제는 정상적으로 됩니다. 예, 예 그래서 지난달에만 같이 안 나갔다가 이제 그 지난달에 한 번에 나와서 다 지급이 됐거든요. 네. 그럼 웅진 코웨이에 번호만 다시 확인해서 불러주면 되는 거죠? 이카드로 결제하는 거라고. 네, 네 네 알겠습니다. 감사합니다. ▲▲카드 상담원 ▲▲▲이었습니다. 예, 감사합니다. 예, 네.",0,A
normal_A_0437,"상담원 ▲▲▲입니다. 안녕하세요? 네, 한도 상향 인데요. 네, 손님 한도 상향 원하신다고 전달받았고요. 예. 한도는 앞으로 꾸준히 있으시는 정기 한도 올리시는 거죠? 아닌데, 그냥 모르겠는데, 그냥. 네, 네. 정기 한도는 아니고, 제가 관리를 다 못 내 가지고. 네, 정기 한도가 아니시면 일시 한도라고 해서 최대 ▲개월까지만 잠깐 쓰신 한도도 있는데 그거 말씀하세요? 네. 그냥 정기 저기는 들으면 안 되는 거예요, 정기로 하면? 정기 한도는 지금 접수해 보면은 ▲▲▲▲▲원까지는 심사 없이 바로 사용 가능하고요. 정기 한도로 접수해드릴까요? 아 그냥, ▲▲원만 해 주세요. 네, 그럼 혹시라도 나중에 추후에도 ▲▲▲▲▲원까지 상향 원하실 때는 또 상향 불가할 수도 있는데 괜찮으시죠? 네, 네. 네, 그럼 저희 총 한도는 ▲▲원으로 요청하셔서 지금 한도에서 ▲▲▲원 추가하시는 거고요. 예. 네, 지금 ▲▲원으로 사용되었습니다. 네, 그러면은 지금 관리비에는 저번 달에 그것도 모자라서 관리실에 얘기를 해야 되는데. 아 그러셨어요? 손님, 말씀하신 거는 제가 이해했는데 저희가 카드사이다 보니까, 관리비 역시 미처리가 된 거예요? 승인이 안 되신 거예요? 그거는 제가 안내는 못 드리고, 한도는 올라갔으니까 아까 전에 그 개인 카드로 연결 해 드릴까요? 네. 네, 연결해드리고요, 끊지 마시고 잠시만 기다려주세요. 네. 좋은 하루 보내세요. 상담원 ▲▲▲이었습니다. 예.",0,A
normal_A_0438,"일상의 즐거운 변화 LGU+ <NAME>입니다. 예, 그 결제할 때 카드로 하려고 하는데요. 네, 바로 한번 확인해 볼 텐데 어렵게 연락해 주신 <NAME> 고객님 본인 되십니까? 그 문의할 게 있는데 이게 핸드폰 명의자는 엄마인데 그 카드는 제거거든요. 아 네. 핸드폰을 제가 사용하고 있어가지고요. 사용자는 저희 자녀분인데 명의는 어머님 거고 그 저희 고객님 카드나 통장을 바꾸실 거예요? 네, 지금 기존은 카드인데 다른 카드로 바꿀 거라서요. 아 네, 가능하세요. 그럼 혹시 연락주신 저희 자녀분 성함이 어떻게 되십니까? <NAME>요. 네, 한 가지만 더 여쭤볼 텐데 어머님 요금 수납은 은행, 카드, 지로 중 어떤 방법으로 요금 납부하셨을까요? 카드요. 네, 그럼 고객님 명의의 다른 카드로 바꾸실 거죠? 네. 네, 변경 바로 해드릴 건데 카드번호 16자리랑 유효기간 말씀 한번 해주시겠습니까? 네 <CARD_NUMBER> <DATE>이요. <CARD_NUMBER>에 네 <DATE>, <DATE> 맞으십니까? 네, 네. 네, 변경을 위해서 저 <NAME> 고객님 생년월일 앞자리만 불러주시겠습니까? <BIRTH_NUMBER>요. 네, LGU+ <NAME> 고객님이 이용 요금이 연락주신 <NAME> 고객님 불러주신 카드로 자동이체 변경 요청하셨습니다. 변경에 동의하시겠습니까? 네, 네. 네, 기존에 등록하셨던 카드사 쪽에서 할인받고 계셨었나 봐요. 오늘 변경 기존 카드에서는 할인 적용이 어려우신 점 참고해 주시고요. 어 할인 적용이 어렵다는 게 무슨... 이것도 핸드폰 살 때 발급받은 거 같은데요? 아 혹시 카드번호가 다 다시 분실하셔서 발급받으신 거예요? 아니 아니 핸드폰을 바꾸면서 제휴카드 그거 기존 제휴카드고 이것도 제휴카드거든요. 아 기존에 사용하셨던 제휴카드였는데 그 어차피 카드 바꾸시는 거니깐 그 전 카드에서 이제 할인이 안 들어가실 거고요. 변경하려고 하시는 카드에서만 이제 할인 들어가실 거예요. 아 네, 맞아요. 카드입니다. 아 네, 그럼 정확히 처리해 드렸고 <DATE>에 출금되실 예정이세요. 네, 알겠습니다. 감사합니다. 아 예, 아닙니다. 더 궁금하신 내용 있으실까요? 아니요, 없어요. 아 네, 감사합니다. 얼마 남지 않은 주말 잘 마무리하시고요. <DATE>에도 더 좋은 일들만 가득하세요. 네, 상담사분도 마찬가지예요. 감사합니다. 감사합니다. 네. 네. 말씀이 없으셔서 먼저 종료하겠습니다. 아 그래요.",0,A
normal_A_0439,"상담원 ▲▲▲입니다. 무엇을 도와드릴까요? 아, 저기 이번 달 ▲▲월 ▲▲일까지 결제 금액은 ▲▲원인데 내가 이 카드를 좀 써서 일단 ▲▲월 ▲▲일 날 낼 것 좀 알려주실래요? 아니, 물론 또 쓰면은 달라지지만 지금 현재가 궁금해서요. 네, 손님. 우선 전화 주신 손님의 성함이 ▲▲▲ 님 본인 맞으십니까? 예, 예. 손님 이게 지금 저희가 ▲▲월이다 보니까 ▲▲월 ▲▲일에 청구될 청구 예정 금액은 아직 확인이 확인할 수가 없습니다. 손님. 아, 그래요? 네. 그러면 뭐 ▲▲▲▲원 이거 내는 거 ▲원 환불하는 게 뭐가 있었어요. 그거 들어왔는지 한번 그거 확인 좀 해 주실래요? 취소를 하신 내역 있으십니까? 아 예, 아니 ▲원을 뭐 ▲▲원 이상 쓰면 뭐 보너스 ▲원 준다 그랬는데 그게 들어와있는지 좀 확인 좀 해 주세요. 어, 이벤트 말씀하시는 걸까요? 예, 이벤트이요. 어, 혹시 어떤 이벤트 말씀하시는 걸까요? 아니, 나한테 문자가 왔는데 뭐 ▲▲원이상 쓰면 ▲▲▲▲카드 이거로 그럼 ▲원인가 뭐 넣어준다고 했어요. 네. 그런데 그게 발송이 됐는지 ▲▲▲▲ 확인 좀 해 주세요. 네, 제가 확인해 보겠습니다. 잠시만 기다려 주시겠습니까? 아, 손님. 혹시 그 문자 받으셨다는 게 ▲▲▲▲년 ▲▲월 ▲▲일자에 그 시크릿 ▲▲원 혜택 받으신 거 말씀하시는 걸까요? 모르겠어요. ▲▲월 ▲▲일 거였어요. ▲▲월 ▲▲일자 예, 문자 발송된 걸로 확인됩니다. 예, 그거 들어왔어요? 아니요, 이 건 같은 경우에는요. 손님 잠시만 기다려 주시겠습니까? 아니, 원래 들어왔던데 아닌가? 네, 제가 확인 중에 있습니다. 잠시만 기다려 주시겠습니까? 네, 천천히 하세요. 네. 손님 혹시 그 문자 언제 받으셨는지는 기억이 안나실까요? 아니, 그 이번에 받은 것 같아요, ▲▲▲▲년도예요. 그래서 ▲▲▲▲년도에 이제 문자 발송일시가 한 ▲▲월 ▲▲일부터 이제 문자를 받으셨는데. 아니, 뭐 ▲▲원 이상인가 뭐 쓰면 된다 그래가지고. 이게 저희가 저희 ▲▲카드사 자체에서 진행하는 이벤트가 많다 보니까 이제 그 문자 내용이 좀 확인 어려운데요. 아, 그래요? 거기서 그러면 다 내 통장으로 썼는데요. 그걸 못 봐요? 근데 문자 내용이 확인이 되어야 어떤 이벤트인지 확인을 해서 제가 말씀을 드릴 수가 있는데. 아, 오늘까지 ▲▲원 이상 ▲▲카드로 쓰고 씨유에서 쓰면 뭐 ▲원을 넣어준다고 그랬더라고요? 그런데 안 왔으면 그만인거죠. 그 문자가 이제 만약에 이번 달 그러니까 저번 달 ▲월에 들어오셨다고 하면 아마 ▲▲월 중에요. 그러니까 그 기간에 맞춰서 썼어요. 그래서 내가 묻는 거예요. 어, 쓰셨다고 하시면 아마 ▲▲월 중으로 입금이 되실 거예요. 아, 아직 넣지 않았어요? 네, 아마 지금 지금 당장은 이제 입금된 내역이 없으신데요, 만약에 그 문자를 받으셨다고 하시면 ▲▲월 중으로 입금이 되실 걸로 예상됩니다. 예, 알겠습니다. 감사합니다. 네, 알겠습니다. 상담원 ▲▲▲이었습니다. 감사합니다.",0,A
normal_A_0440,"상담원 ▲▲▲입니다. 예, 이번 달 ▲▲월 달 미리 좀 결제 좀 하려고 하는데요. 그렇습니까? 확인 바로 해 보겠습니다. ▲▲▲ 님 본인 맞으십니까? 네, 네. 네, 우선 손님 ▲▲카드 이용해 주셔서 감사합니다. 손님 지금 아직 요금이 확정되지는 않으셨어요. 모바일은 뜨는데요. 네. 모바일에 ▲▲▲▲▲▲▲▲▲원 이렇게 뜨는데요. 네. ▲▲월 달 예정 금액이요. 네, 맞습니다. 예정 금액으로는 수수료 포함해서 ▲▲▲▲▲▲▲▲원으로 확인은 되고 있는데 저희가 지금 아직 요금이 이번 달에 확정이 되지는 않았어요. 예, 그걸 좀 ▲▲월 ▲▲일까지 이용분에 ▲▲월 ▲▲일 날 납부를 해 주시는 거라서 오늘까지 결제된 건 내일 확정 진행이 완료돼서 ▲▲일부터 결제를 하셔야지 장기 카드 대출 요금도 납부를 하실 수가 있고요. 예. 지금은 선결제를 해 버리면은 장기 카드 대출 전세 금액에서 그 금액만큼 결제가 돼버리시기 때문에 이번 달에 요금이 청구가 되버리세요. 그래서 장기 카드 대출도 이번 달에 납부하실 거를 미리 결제를 원하시면은 ▲▲월 ▲▲일 저희가 끝나는 날이라서 ▲▲월 ▲▲일부터 납부를 하실 수가 있고 이번 달 납부하실 것 중에 미리 결제를 하실 수 있는 거는 할부요금은 수수료 포함해서 ▲▲▲▲▲▲▲▲▲원입니다. 아, 그러면 할부 그것만 일단 해 주세요. 알겠습니다. 그러면 이번 달 것 중에서 할부 요금만 먼저 결제 진행해 드려 보도록 하겠습니다. 납부할 수 있는 거는 연결된 나라은행에서 결제 진행해 주시는 거세요? 네,네. 네, 알려주셔서 감사합니다. 오늘 기준으로 납부하시기 때문에 수수료 포함 ▲▲▲▲▲▲▲▲▲원입니다. 잠시만 기다려 주시겠습니까? 네. 아 네, 손님 잘 정상적으로 할부금액은 납부 완료되어가지고요. 결제 예정 금액 수수료 포함해서 ▲▲▲▲▲▲▲▲▲▲원으로 변경되었습니다. 예, 예. 그러면은 나머지 그거는 그럼 미리 못한다는 말씀이네요. 10월 28일부터 미리 납부 가능하세요. ▲▲월 ▲▲일요? 네. 아, ▲▲월 ▲▲일 안에 미리는 안 돼요? 네, 지금 확정되기 전에는 결제를 하면은 총 요금에서 결제돼서 나머지 요금해서 납부하실 금액이 다시 재조정 되기 때문에 이번 달에 또 청구가 되버리세요. 네. ▲▲월 ▲▲일 돼야 그때 하면 되는 거네요. 그렇죠. 이번 달 것만 납부를 원하시면은 10월 28일부터 결제 가능하시겠습니다. 그럼 모바일로 해 가지고 바로 해도 되겠네요, 그 때? 예, 그렇게 해 주셔도 되시죠. 예, 알겠습니다. 네, ▲▲카드 상담원 ▲▲▲이었습니다.",0,A
normal_A_0441,"일상의 즐거운 변화 LGU+ <NAME>입니다. 고객님 안녕하십니까? 네, 안녕하세요? 네. 네, 뭐 좀 물어보려고요. 아 네, 말씀하세요, 고객님. 데이터 적은 요금제를 쓰고 있는데, 제가 병원에 입원해서 잠깐 한 달이나 두 달 정도 데이터 많은 요금제로 쓰려고 하는데 신청을 할 수 있나요? 네, 우선은 그럼 지금 현재 고객님 번호에 대해서 문의를 하시는 사항이십니까? 아니요, 배우자 거 물어 보는 거예요. 아 네. 저는 지금 높은 요금제로 책정이 돼 있구요. 네, 그럼 배우자 분 사용하는 요금제 확인해 드리고 제가 도와드릴 건데, <NAME>님 본인이십니까? 네. 네, 말씀 감사합니다. 그럼 배우자 분 휴대폰 번호 저한테 한번 불러주시겠어요? 고객님. <MOBILE_NUMBER>. 혹시 잘 안 들렸는데 다시 한번만 말씀 부탁 드릴게요. 잠깐만요. 네. 여보세요? 네, 고객님. 말씀해 주시면 됩니다. 네, <MOBILE_NUMBER>요. 네, <MOBILE_NUMBER>번 번호 조회해 보겠습니다. 네. 잠시만 기다려 주세요. 네. 기다려 주셔서 감사합니다. 문의하신 부분 많이 궁금하셨을 텐데, 지금 <MOBILE_NUMBER>번 사용하는 명의자 분 성함과 생년월일 말씀 부탁드립니다. <NAME>. 네. <BIRTH_NUMBER>요. 네, 그리고 납부방법 은행, 카드, 지로 중에 어떤 걸 하고 계신지 말씀 부탁드립니다. 삼성카드요. 네, 감사합니다, 고객님. 지금 현재 사용하시는 요금제가 <CHARGE> 요금제인 것으로 확인이 되는데 이게 데이터가 한 달에 1.5GB씩 제공되는 요금제이고, 다 쓰고 나서는 속도가 느려지는 건데요. 지금 병원에 계신다고 하셔서 무제한으로 하시는 것 중에 원래는<CHARGE>짜리가 있어요. 근데 그게 부담스러우시면 LTE 요금제는 <CHARGE> 요금제 하시면 하루에 5GB씩 제공을 하거든요. 네, 네. 그래서 다 쓰고 나서도 계속 고화질 동영상 보실 수 있는 속도로 되시거든요. 이렇게 하시면 지금 다행히 선택 약정 할인 받고 계셔서 <CHARGE>에 하루에 5GB이시고, 다 쓰셔도 계속 영상 보실 수 있는 속도로 이용이 가능합니다. 네. 그래서 이걸로 이용하시면 될 거 같아요. 네, 그러면 이거를 이용하다가 뭐 한두 달 후에 요금제 바꿔도 되죠? 당연하죠, 고객님. 요거는 요금제 약정이 아니기 때문에 한 달 사용하시고 변경하셔도 됩니다. 네, 그러면 오늘부터 좀 변경해 주세요. 네, 고객님. 그럼 지금 바로 변경해 드릴 건데 요금제는 한 달에 한 번씩 변경 가능하시구요. 네. 요금제 월 중 변경 시 기본 제공량은 날짜 계산해서 제공되고 초과되시는 건 없으시구요. 기본 부가 혜택과 추가 안내사항은 해당 고객님 휴대폰으로 보내놔 드렸으니 참고해 주시면 되겠습니다. 네. 그리고 음성 유무선 문자는 기본 제공되구요. 네. 부가 통화 영상통화는 음성 기준으로 300분 제공되기 때문에 참고 부탁드리겠습니다. 네. 변경은 다 완료되셨습니다. 다른 거 혹시 더 필요하시거나 궁금하신 사항은 없으세요? 네, 없습니다. 네, 알겠습니다, 고객님. 오늘 남은 시간도 기분 좋은 일 가득하시고 건강하게 보내시길 바라겠습니다. 네, 수고하세요. 네, 감사합니다.",0,A
normal_A_0442,"안녕하세요, 신혼여행으로 발리를 가고 싶은데요. ▲▲월 ▲▲일 일요일 저녁에 출발하고, 5일 일정으로 계획하고 있어요. 가격은 150 정도로 생각하고 있고, 휴양 80%에 관광 20% 정도로 하고 싶어요. 풀빌라를 원해요. 안녕하세요! 발리 신혼여행을 계획하고 계시군요. 멋진 선택이에요! 어떤 시설을 원하시는지 좀 더 자세히 말씀해 주실 수 있을까요? 개인 빌라 시설이 잘 되어있고, 풀도 적당히 크고 깨끗했으면 좋겠어요. 지루하지 않게 다양한 시설도 있었으면 해요. 바다가 바로 보이지 않아도 걸어서 갈 수 있었으면 좋겠고, 시내와의 거리도 중요해요. 알겠습니다. 개인 빌라 시설이 좋고 다양한 부대시설이 있는 곳을 찾는 게 중요하군요. 바다와의 거리도 고려해야겠네요. 혹시 콘래드 리조트나 더 빌라스 풀빌라에 대해 들어보셨나요? 네, 알아봤어요. 그런데 그 가격대의 풀빌라가 있을까요? 아니면 리조트도 괜찮아요. 가격대에 맞는 풀빌라가 찾기 어려울 수 있어요. 콘래드 리조트는 현대적이고 깔끔한 분위기로 유명하고, 쉐라톤 라구나도 추천드려요. 두 곳 모두 바다와 가까워서 좋습니다. 그럼 리조트가 더 나을까요? 개인 빌라보다는 리조트가 더 좋을까요? 네, 리조트가 더 다양한 시설과 편의성을 제공할 수 있어요. 특히 신혼여행에는 편안한 휴식과 다양한 즐길 거리가 중요하니까요. 쉐라톤 라구나나 콘래드 리조트는 신혼여행객들에게 인기가 많아요. 그럼 언제쯤 예약을 해야 할까요? ▲▲월 예식인데, 미리 예약하는 게 좋겠죠? 맞아요, 미리 예약하는 게 좋습니다. 특히 ▲▲월은 성수기라서 빨리 예약하시는 게 좋겠어요. 최소 한 달 전에는 예약하시는 걸 추천드려요. 알겠어요. 그럼 추천해주신 리조트 사진도 한번 찾아볼게요. 감사해요. 천만에요! 궁금한 점 있으면 언제든지 말씀해 주세요. 멋진 신혼여행 되시길 바랍니다!",0,A
normal_A_0443,"일상의 즐거운 변화 LGU+ <NAME>입니다. 안녕하세요? 네, 안녕하세요? 핸드폰 해지 하려고 하는데요. 네, 그럼 제가 바로 확인 한번 안내 도와드리겠습니다. 그럼 우리 고객님 입력해 주신 번호가, 잠시만요. <NAME> 고객님 나오시는데 우리 고객님 본인 되시구요? 예. 네, 확인 감사합니다. 아, 자녀분? 아, 죄송해요. 아니요. 아, 고객님 본인 맞으실까요? 네, 본인이에요. 아, 네. 확인 감사합니다. 제가 바로 확인 한번 해볼 텐데요. 네. 음, 잠시만요. 우선은 우리 고객님 하게 되시면 위약금 <CHARGE>은 비용이 나오는데 지금 해지가 가능한 기간인지 확인 한번 해볼게요. 고객님 잠시만 기다려 주시겠습니까? 네, 네. 잠시만요. 예. 아, 네. 그럼 우리 고객님 다행이세요. 해지는 가능한데 아까 말씀드렸던 것처럼 우선 예약된 <CHARGE>은 비용은 나올 거구요. 그리고 우리 고객님께서 1일부터 30일까지 이용하신 금액을 나옵니다. 네. 그리고 우리 고객님 추천으로 총 2가지가 있어요. 저희 고객센터에서 해지하는 방법인데 제가 우리 고객님 이메일이나 팩스로 해지신청서 발송해드리면은 우리 고객님께서 이제 해지신청서 작성하셔서 저한테 보내주시는 방법이 하나가 있구요. 두번째 방법은 가까운 대리점에 신분증 가지고 방문하시는 방법이 있으신데요, 괜찮으시겠어요? 네, 그러니까. 아, 그러세요? 혹시 대리점 중에 어디 있는 줄 알고 계실까요? 알아 낼 수 있나요? <ADDRESS> 쪽 확인 한번 해보겠습니다. 잠시만요. <ADDRESS> 말씀하는 거 맞으시구요? 네, 네. 지금 바로 나오는 게 <ADDRESS>에 있구요. 그리고 여기 위치는 알고 계실까요? 아, 네. 알겠습니다. 네. 확인 감사합니다. 따로 궁금하시거나 문의 주실게 있으신가요? 아니, 아니요. 그러면 신분증만 가지고 방문하셔서 잘 해지해 보시기 바랍니다. 네, 감사합니다.",0,A
normal_A_0444,"상담원 ▲▲▲입니다. 아 예, 저기 그 카드를 학교에서 자동납부하는 거 등록하라고 연락이 와서요. 아 그러세요? 그럼 실례지만 저희 손님 몇 가지 본인 확인 후 안내 도와드릴 수 있도록 할 텐데요, 저희 쪽에 등록된 휴대폰 번호와 생년월일 말씀해 주시겠습니까? 네. 휴대폰 번호 ▲▲▲▲▲▲▲입니다. 네, 생년월일은요? ▲▲년 ▲▲월 ▲▲일. 네, 전화주신 저희 손님 본인 성함 말씀 부탁드릴게요. ▲▲▲. 네, 결제 은행이 어느 은행이세요? ▲▲. 네, 확인 정말 감사합니다. ▲▲ 카드로 신청하시는 거 맞으세요? 카드신청이 아니고요. 네, ▲▲ 카드로 자동 이체 신청하시는 거 맞으시고요? 아 지금 카드 어떤 카드로 자동납부하는 거냐고 물어보시는 거예요? 네, 네, 네, 네, 네. 신용카드 네. 아 ▲▲ 이거요. 아 네. 확인 감사합니다. 자동납부 신청하신 카드가 혹시라도 이용이 불가능할 경우에 요금 미납 방지를 위해서 손님의 다른 유효한 정상 카드가 있다라고 하면은 해당 카드로 사용하는 거에 대해서 동의를 받고 있는데 혹시 동의하시는 걸까요? 네, 그런데 ▲▲카드 이거 말고 딴 게 없을 것 같은 데, 있나요? 네, 한 장밖에 없으시고요. 혹시라도 있을 경우에 저희가 자동 승계된다라고 안내해드린 거예요. 예. 네, 아이 식별번호 확인 가능하세요? 그 고유번호 말씀하시나요? 영문으로 시작해가지고 숫자로 된 거예요. 예, 잠시만요. 제가 보고 말씀 드릴게요. 네, 천천히 확인해 주세요. 예. ▲▲▲▲▲▲. 네, ▲▲▲▲▲. ▲▲▲▲▲. 네, 확인해 보겠습니다. 네. 네, 학교명이 ▲▲ 고등학교이고 자녀분 성함이 ▲▲▲ 님이시고 ▲▲년 ▲▲월 ▲▲일생 맞으세요? 네, 맞아요. 예, 저희 어머님이신 거죠? 네, 네. 등록 처리 완료되었고요., 손님. 저희 자동 납부 신청에 대한 내역은 문자 메시지 통해서 알려드리고 있기 때문에 확인 후에 신청 내역에 이상이 있을 경우 ▲▲카드 고객센터로 다시 한번 문의해주시고요. 카드사를 통해서 신청된 정보를 학교에서 최종 승인 시 등록 완료 처리되고 있고 최대 일주일 정도 소요가 됩니다. 학생이 학교에 납부 방법을 스쿨뱅킹으로 변경하거나 전화 또는 자택 등 발생 시 학교 시스템 통해서 자동해지 되기 때문에 참고 부탁드릴게요. 등록 처리 완료되었습니다. 예, 저기 그 여기 ▲▲카드뿐만 아니라 다른 카드도 마찬가지이긴한데 뭐 좀 여쭤볼게요. 지금처럼 상담원 연결하는 게 어렵게 돼 있고 대표 번호로 전화하면 항상 에이알에스나 뭐 이런 거로 돼 있어가지고 상담원 연결하는 메뉴가 어디 찾을 수가 없거든요. 저희 에이알에스 ▲▲카드 같은 경우에는 ▲▲▲▲▲ 여기로 전화 주셔가지고요. 1번 누르고 나서요. 예. 상담사 연결 0번이요. 아 0번이에요? 네, 0번입니다. 네, 알겠습니다. 감사합니다. 상담원 ▲▲▲이었습니다. 네.",0,A
normal_A_0445,"일상의 즐거운 변화 LGU+ <NAME>입니다. <MOBILE_NUMBER>요금 얼마 정도 내야 되고 있는지 알 수 있을까 해서요. 죄송한데 그 고객님 번호 한 번만 다시 알려주실 수 있으세요? 네, <MOBILE_NUMBER> <NAME>님 확인되시는데 이 분과의 관계랑 성함이 어떻게 되시나요? 아빠요. <NAME> 네, 휴대폰 요금 납부방법이 어떻게 등록되어 있으실까요? 예 통장일거예요. 네, 확인 감사합니다. 죄송한데 요금 <DATE> 청구되신 거 말씀하시는 거 맞으세요? 예 예. <CHARGE> 이렇게 확인되더라구요. <CHARGE> 매달 똑같나요? 지금 매달 동일하게 청구되고 있는 게 확인되고 있습니다. 예, 알겠어요. 그리고 번호 또 하나요. <MOBILE_NUMBER>. <MOBILE_NUMBER> 이분은 성함이랑 생년월일이 어떻게 되십니까? <NAME>, <BIRTH_NUMBER> 우리 <NAME>님 납부방법도 한 번만 확인해 주시겠어요? 은행이요. 이거는 돈 다 빠졌을 거예요. 확인만 해주세요. 어 우리 <NAME>분도 자녀분이신 건가요? 네. 아 네, 확인 감사합니다. 아직까지는 저희 쪽에 출금 확인되지 않으셨는데 <CHARGE>이 청구되신 걸로 보이거든요. 통화하셨다구요? 아니요. 저희 쪽에는 아직까지 출금 중인 상태로 확인되고 있구요. 이거 얼마라고요? <CHARGE>요. <CHARGE>이 청구되었는데 <CHARGE>이 미리 납부가 되셨고, 또 일부 납부하셨기 때문에 <CHARGE>입니다. 원래는 <CHARGE>라구요? 네, <CHARGE>이였어요. <CHARGE>인데 얼마라고요? <CHARGE>이요. 알겠습니다. 네. 그리고 하나만 더 <MOBILE_NUMBER>요. <MOBILE_NUMBER> 맞습니까? 네 네. 번호 명의자님 성함이랑 생년월일 한 번 확인해 주시겠습니까? <NAME>, <BIRTH_NUMBER> 이 분과의 관계하고 납부방법 한번 확인 부탁 드릴게요. 아빠요. 은행이고요. 네, 확인 감사하구요. 잠시만 기다려 주시겠습니까? 예. <NAME> 님은 지금 정상적으로 결제되신 거 잘 확인되고 있구요. <DATE>에 <CHARGE> 청구되었던 걸로 보이세요. 그 저기 U+ TV, 인터넷 쪽은 전화번호가 몇 번이예요? 국번없이 <PHONE_NUMBER>이구요. 필요하시다면 연결도 바로 진행해 드릴 수 있습니다. <PHONE_NUMBER>번이요? <PHONE_NUMBER> 바로 연결해 드릴까요? 연결 좀 해주세요. 네, 연결된 부서에서도 좋은 상담 이어가시면 좋겠구요. 예. 건강하세요. 네.",0,A
normal_A_0446,"일상의 즐거운 변화 LGU+ <NAME>입니다. 제 요금제 좀 확인할 수 있을까요? 네, 고객님. 지금 전화주신 <NAME> 고객님 본인 되십니까? 네. 네, 고객님. 지금 요금제는 5G 프리미어 에센셜 <CHARGE> 요금제를 사용하고 계시는데요. 어떤 거 혹시 확인을 좀 도와드리면 될까요? 한 달에 할부금이랑 요금제해서 얼마 나오는지 좀 알 수 있을까요? 고객님 바로 확인 좀 도와드릴게요. 오늘 방금 바꿨거든요. 그래서 확인하려고요. 방금 바꾸셨다고요? 어떤 거를요? 방금 받아 보셨다고 하신 걸까요? 네, 요금제요. 요금제를 방금 바꾸셨다구요? 네, 요금제랑 할부금 좀 봐주세요. 일단은 고객님 잠시만 기다려 주세요. 제가 확인 좀 해볼게요. 예. 고객님 지금 요금제는요... 요금제나 할부금 들어가면 얼마 나오는지 알 수 있을 거 아니에요? 그리고 혹시 월정액 서비스에 영화 있는지 이것도 확인해 주세요. 네, 부가 서비스랑 U+ 월정액은 같이 되어 있으시구요. 영화요? 네, 지금 그거는 이제 서비스 만기 <DATE>로 잡혀 있으시거든요. 알겠어요. 네. 그리고 요금제도 <DATE>에 가입하신 거로 보여지는데 그때 그 요금제로 그대로 있으시거든요. 전화기 사용하면 할부금까지 들어가요? 지금 이 요금제는 <CHARGE>이시구요. 지금 할부금 같은 경우 2회선으로 되어 있으신데요, 고객님. 이중으로 되어 있으신데 하나는 <CHARGE>, 하나는 <CHARGE> 되어 있으시구요. <CHARGE> 되어 있으신 거는 <DATE> 제외하고 <DATE> 한 달 남으신 거구요. 지금 <DATE>에 청구되실 거는 요금제랑 단말기 할부금만 했을 때는 <CHARGE> 되실 거로 보이거든요. 어, 그럼 그 한 달 빼면요? <DATE>부터 하면요? 그러시면 <CHARGE> 되는 거로 보이구요. 고객님 그리고 결합 할인 지금 받고 계시는 거는 따로 계산 안 해드려도 될까요? 제가 지금 받고 있나요, 결합 할인을? 네, 가족 무한 사랑 유무선이라고 해서 <CHARGE> 할인받고 계시거든요. 받는다고요? 네, 그거 받으면 <CHARGE>이신데 지금 통화 연결음이랑 파손 보험 그리고 U+ 월정액해 가지고 부가 서비스 들어가 있는 상태이시구요. 고객님 요금제는 어떤 거로 변경을 하셨다고 말씀하시는 걸까요? 지금 변경하는 요금제가 무제한인가요? 5G 스탠다드라고 해 가지고 고객님 월 150GB 제공이 되시는 거거든요. 150GB 제공이 된 다음에 다 소진하더라도 속도 제어 걸린 상태로 무제한 이용 가능하신 부분이신 거구요. 아, 그래요? 네. 알겠습니다. 감사합니다. 네, 고객님. 혹시 다른 요청 사항 있으실까요? 없습니다. 다른 건 없으시구요? 아, 네. 저녁 맛있게 챙겨드시구요. <DATE> 하루 편안하게 마무리하시기 바라겠습니다. 알겠습니다.",0,A
normal_A_0447,"일상의 즐거운 변화 LGU+ <NAME>입니다. 안녕하세요? 네, 이 핸드폰 2년 재약정했을 때 그 요금제로 좀 받을라고요. 아 약정을 하고 요금제도 변경한다라고 하셨습니다. 번호 명의자분 성함이 <NAME> 고객님 본인되십니까? 네. 반갑습니다. 우선 약정을 먼저 한번 신청해 봐 드리도록 하겠습니다. 작성 기간은 1년과 2년 신청이 가능한데요. 몇 년이요? 1년이에요. 반환금 산정방식에 대해서 확인해 보실 수 있도록 제가 문자 하나 발송해 드릴 거고요. 문자는 도착하면 도착했다고 한번 말씀해 주시고요. 전화상으로 하기 때문에 녹취를 통해 가입자 약관 내용을 찾으시면 마지막에 동의하시면 동의하신다고 말씀 한번 부탁드립니다. 예. 지금부터 선택약정할인 녹취 가입 과정을 진행하겠습니다. 기간을 채우지 못하면 반환금이 나오는데 주요사항은 문자로 발송해 드렸습니다. 반환금이 발생하는 경우는 중도해지 미적용 단말기로 기기변경, 약정미승계, 명의변경에 해당합니다. 실질적인 내용은 홈페이지에서 확인 가능합니다. 문자 확인하셨습니까? 확인하실 수 있는 농협으로 말씀해 주세요. 예. 이용조건에 동의하시면 바로 서비스 등록하겠습니다. 선택약정할인 가입에 동의하십니까? 네. 네, 알겠습니다. 그럼 1년으로 바로 약정 한번 신청할 거고요, 잠시만 기다려 주세요 네. 네, 약정은 바로 신청을 했고요. 그러면 고객님께서 이 요금제라서 변경한다라고 하셨잖아요? 고객님 지금 등록되어 있는 요금제가 5G 스탠다드라고 하는 요금제인데 고객님 요금제를 만약에 낮추시잖아요? 한 단계를 낮춘다라고 하시면 그게 <CHARGE> 요금제인데요. 그걸로 해주세요. 네, 데이터가 고객님으로 12GB 드리고 다 쓰면 속도가 많이 제어가 되는데 평균 사용량을 봤을 때 굉장히 많이 불편하실 수가 있는데 괜찮으세요? 네. 고객님께서 뭐 계획이 있다라고 하셨기 때문에 그러면 변경을 한번 해봐 드릴 텐데요. 고객님 혹시 한번 사용해 보신 적은 있으세요? 네. 식스 라이트 플러스라고 하는 요금제인데요. 일단은 뜨는데 시간이 없습니다. 알겠습니다. 그럼 변경 한번 해봐 드릴 거고요, 요금제를 변경한다라고 하시면 우리 고객님 멤버십 등급도 변동될 수 있는데 괜찮으실까요? 예. 네, 알겠습니다. 다 괜찮다라고 하셔 가지고 요금제는 그럼 바로 변경 한번 해봐 드릴 거고요. 사이트 플러스 11GB 드리는 요금제고 유무선 문자 기본 제공에 부가 영상통화는 300분 그리고 데이터는 12GB 제공하고 다 쓰게 되면 일 Mbps라고 하는 속도로 제어가 되고요. 그럼 뭐 간단한 동영상으로 어느 정도만 들을 수가 있는 속도로 이용 가능한 요금제입니다. 그리고 월 중간 변경이다 보니까 기본료 혜택은 날짜별로 계산되어서 초과 사용시 추가금이 과금될 수 있으며 다른 요금제로도 충분히 변경이 가능하고요. 변경 시점에 안내사항이나 혜택까지 같이 챙겨서 문자 한번 발송해 드리겠습니다. 예. 그럼 지금 바로 라이트 플러스라고 하는 요금제로 바로 변경 완료해 드렸습니다. 네. 감사합니다. 다른 문의 사항은 없으시고요? 고객님 즐거운 주말 보내세요. 네. 감사합니다.",0,A
normal_A_0448,"상담원 ▲▲▲입니다. 어 방금 제가 분실 신고를 했었는데 그 카드 찾아서 아직 해지해 주실 수 있나요? 아 그러세요? 본인 확인 후에 안내를 드리겠습니다. 생년월일과 휴대폰 번호가 어떻게 되십니까? 어 ▲▲ 년 ▲▲월 ▲▲일생 이고요. ▲▲▲▲▲▲▲▲▲▲▲요. 네, 전화주신 ▲▲▲ 님 본인분 성함이 어떻게 되세요? ▲▲▲이요. 네, 결제 은행은 어디로 되어 있으세요? ▲▲은행이요. 정보 확인 감사합니다. ▲▲▲▲체크카드 분실 신고되어 있는데, 이 카드를 찾으셨다고 하는데 실물 카드 직접 지금 가지고 계신 내용 맞으세요? 네, 네. 네, 카드 번호 마지막 4자리 숫자가 어떻게 되십니까? ▲▲▲▲이요. 네. 분실 해제 중에 있습니다. 잠시만 기다리세요. 네, 손님의 휴대폰으로 인증 번호 숫자 발송하겠습니다. 숫자 확인하시고 불러주세요. 혹시 근데 이거 교통카드 기능도 있었나요? 예, 확인해 보겠습니다. 잠시만 기다려주세요. 예, 기다려주셔서 감사합니다. 해당 카드 교통 기능은 탑재 되지 않으셨고, 신청하실 당시에 요청을 안 하셨던 것 같아요. 교통 기능은 없어요. 아 네. 네. 네. 그 인증 번호. 그 문자 발송이 됐는지 확인 불러주세요. ▲▲▲▲▲▲이요. 네. 네, 에이알에스 연결해 드리면 손님의 비밀번호 입력 부탁드립니다. 네. 예, 확인 감사합니다. 분실 해제 중에 있습니다. 잠시만 기다려주세요. 지금 분실 해제되면 바로 쓸 수 있는 건가요? 예, 일반 결제 바로 가능하세요. 아 네. 네, 오랜 시간 양해주셔서 감사합니다. 정상 처리되었습니다. 아 네, 감사합니다. 감사합니다. 상담원 ▲▲▲이었습니다. 행복한 하루 보내세요. 네, 너무 감사합니다. 건강하세요. 네.",0,A
normal_A_0449,"상담원 ▲▲▲입니다. 아 여보세요? 안녕하세요? 이제 저기 지금 ▲▲카드 거 3개가 있는데 다 지금 한도 초과라고 자꾸 나오거든요. 그러실까요? 전화주신 ▲▲▲님 본인 맞으실까요? 예. 네, 확인 감사합니다. 잠시만 기다려 주시겠습니까? 예. 네, 기다려 주셔서 감사합니다. 지금 손님께서 이용 중인 신용카드 잔여 한도가 ▲▲▲▲원이 있으세요. 예, 잔여 한도가 있어요? 잔여 한도가 ▲▲▲▲원이셔서 지금 다 거절이라고 돼 있습니다. 아 ▲▲▲▲▲▲▲원. 네. 예, 그래서 이게 자동으로 뭐 교통 카드도 이제 사용해야 되는데 한도 쪽으로 알아서 안 돼요? 그럴 경우 지금 결제 오늘이나 뭐 언젠가요? 오늘 거 아닌가? 결제일은 ▲▲일입니다. 아 ▲▲일이죠? 선결제를 도와드릴까요? 예, 제가 뭐 좀 써서 그런 것 같은데 그런데 한도가 얼마나 돼요? 손님의 총 한도는 ▲▲원만 확인됩니다. 그러면 카드 3개 다 합쳐서 청구하나요? 개인 카드가 두 장이세요. 그러니까 2개 있고 기업 카드가 하나인데 예, 개인 카드 두 장이 동일합니다. 통합이세요. 그 한도가 통합해서 ▲▲원이에요? 네. 그리고 기업 카드는요? 기업 카드 한도는 예, 담당부서로 연결 도와드려야 하는데 일단 먼저 선결제를 도와드리고 아 그건 또 별도예요? 네 네, 법인 부서에 상담해 주셔야 합니다. 아 그렇구나. 그러면 이거 우선 저기 해야 되니까 예. 그것도 가상 계좌를 그 어떻게 해야 되나요? 오늘 중으로 선결제를 제가 손님 명의의 은행에서 출금하신다고 하면 그러면 바로 즉시 출금 가능하세요? 아 그 저기 ▲▲은행에서 네. ▲▲은행이 얼마에요? ▲▲, ▲▲은행에서요. 하여튼 ▲▲은행에서 얼마 있나 모르겠네, 그거 확인해 봐야 되겠네. 네. 우선은 결제 좀 했으면 좋겠는데 가상 계좌를 쓸 수는 없죠? 가상 계좌에 그럼 어느 정도 입금을 원하실까요? 아 ▲▲카드 ▲▲은행 통장에 잔고가 많을 텐데 ▲▲은행에 얼마나 있는지 확인이 안 돼서요. 손님 결제 계좌는 ▲▲은행이신데요? ▲▲으로 돼 있어요? 예, 예. 그렇죠. 그럼 ▲▲은행에서 가져올 수는 없잖아요? 즉시 출금 가능하세요. 예, 어느 정도 납부를 원하실까요?. 아 ▲▲카드에서도 ▲▲은행 그 일부 출금이 가능하다는 거죠? 예, 등록돼 있는 ▲▲은행 결제 계좌에서 출금이 바로 가능합니다. 아 그래요? 그럼 가상 계좌는 필요 없네. 예. 그러면 그 지금 한도가 그거니까 지금 ▲▲원인데 거기다 그리고 썼다는 거잖아요? 예, 맞습니다. 어 그럼 선결제를 일단 한 ▲▲▲원 해 주세요. ▲▲▲원 말씀하시는 거면 ▲▲▲원을 결제 계좌인 ▲▲은행에서 즉시 출금해 드려도 괜찮으실까요? 네, 네. 예, 잠시만 기다려 주시겠습니까? 예. 네, 기다려 주셔서 감사합니다. ▲▲▲원 선결제 완료되었습니다. 그런데 저 개인 카드가 2개 있는데요, 아무 카드나 계좌 사용해도 되는 거죠? 예, 맞습니다. 예, 알겠습니다. 감사합니다. 감사합니다. 상담사 ▲▲▲이었습니다.",0,A
normal_A_0450,"상담원 ▲▲▲입니다. 무엇을 도와드릴까요? 예, 선생님 어제 그 카드를 분실했다고 신고했는데 네. 해주신 거 있는데 카드를 찾았거든요. 아 그러세요. 그 ▲▲▲님 본인 맞으십니까? 네, 네. 네, 확인 도와드리겠습니다. 카드를 지금 확인해보니 어제 날짜로 재발급 신청을 하셨던 게 확인되세요. 예. 네, 재발급은 이미 발급이 들어갔기 때문에 취소가 어려우신데 찾으신 카드는 지금 서 계시다면 분실 해제가 가능한데요, 이미 재발급된 카드는 취소가 어려워서 사용하시다가 예. 그 새로 받으시면 그 카드를 사용해 주시면 될 것 같습니다. 예. 아 그러면 저기 찾은 카드는 그냥 없애버리면 되는 거예요? 네, 찾으신 카드는 지금 분실 해제를 도와드릴 테니까요, 이제 새로운 카드 오기 전까지 사용을 하시다가 새로운 카드를 받으시면 새로운 카드를 사용하시면 되세요. 그 예. 아 그래요? 이거 쓰다가 받으면 이거는 저 폐기하고 새 거 가지면 된다고요? 네, 네 맞습니다. 네. 네, 그럼 그 분실 해지 처리를 도와드릴 텐데요, 소지하고 계신 카드 번호 네 자리를 말씀해 주시겠습니까? 카드 뒤에 네 자리요. 예. 뒤에 네자리 ▲▲▲▲ 네, 확인 감사합니다. 등록된 휴대폰 번호로 인증 번호를 발송해 드렸는데요, 말씀해주시겠어요? 네. ▲▲▲▲▲ 네, 확인 감사합니다. 지금 분실 해지 처리 완료 되었으니 바로 사용 가능하시지만 그 후불 교통 카드 기능은 평일 기준 2, 3일 이후로 사용 가능하십니다. 네. 네, 상담원 ▲▲▲이었습니다. 네, 알았습니다.",0,A
normal_A_0451,"상담원 ▲▲▲입니다. 아 예, 안녕하세요? 제가 결제를 못 했네요. 그런데 그거 이번 달 결제 금액 총 금액이 얼마입니까? 아, 그러세요? 본인 확인 후 안내 도와드릴 텐데요. ▲▲▲ 님 본인 맞으십니까? 예 맞아요. 네, 소중한 정보 확인 감사드립니다. 현재 연체 금액으로는 300,000원 확인되십니다. 아니, 그러면 저기 그거밖에 없어요? 다 이게 리볼빙 뭐 이런 거는 잘 안 하거든요. 네, 리볼빙된 금액 한번 확인해드릴텐데요. 현재 리볼빙 대상 원금은 500,000원 확인되십니다. 아, 500,000원이요. 그러면 이번 달에 500,000원만 다 내면은 이번 달 낼 금액 없죠? 아니요, 연체 금액 300,000원 따로 이시고요. 네. 리볼빙된 금액도 따로 있으세요. 아, 그러면 ▲▲몇▲원이네요. 네. 아 예, 그러면 잠깐만요. 제가 입금 해 놓을 테니까 바로 입금 좀 빼 가지고 해 주세요 네, 통화 중에 출금만 가능하시고요. 바로 입금하시고 말씀해 주시겠습니까? 아니면 입금하는데 시간이 오래 걸리실까요? 아니요 아니요, 금방 걸려요. 네, 그러면 입금하시고 기다려드릴 텐데요, 입금 하시고 말씀해 주세요. 예, 금방 합니다. 좀만 기다려 주세요. 네. 어 ▲▲▲▲ 잠깐만요. 네. 예, 지금은 한 번 확인해 주세요. 네, 일단 연체 금액 먼저 출금 도와드려야 그 다음에 이월 금액도 출금 가능하시고요. 연체 금액 수수료 포함하여 총 320,000원 결제 은행인 ▲▲은행에서 출금해드리면 될까요? 바로 출금하겠습니다. 결제일 당일 또는 연체 금액 즉시 결제 시 자동 이체 계좌에서 이중 출금될 수 있습니다. 이중 출금 방지를 위해 잔고를 비워 두시기 바랍니다. 이중 출금된 경우에는 익 영업일 오전에 결제 계좌로 환급됩니다. 네. 네, 연체 금액은 잘 출금 완료되셨고요. 예. 네, 리볼빙된 금액도 바로 출금 도와드릴까요? 네. 네, 리볼빙된 금액 수수료 포함해서요, 550,000원인데요. 네. 네, 마찬가지로 결제 은행인 ▲▲은행에서 출금 도와드리면 될까요? 바로 출금하겠습니다. 네. 네, 정상 출금 완료되셨고요. 리볼빙 된 금액 다 잘 결제됐는지 한 번 더 확인해드리겠습니다. 네. 네, 리볼빙된 금액 전체 금액 다 결제되셔서 리볼빙된 금액 ▲원으로 확인되십니다. 예, 그러면 제가 결제일이 언제죠? 10일 아닌가요? 네. 네, 손님의 결제일은 25일로 확인되십니다. 아 제가 착각했어요. 25일이요, 예 알겠습니다. 네, 상담원 ▲▲▲였습니다. 감사합니다. 네, 수고하세요.",0,A
normal_A_0452,"상담원 ▲▲▲입니다. 여기요. 네, 안녕하세요? 네, 이거 저 핸드폰 번호가 이걸로 바뀌었거든요. 네, 그러셨을까요? 그럼 먼저 본인 확인해 드리고 제가 휴대폰번호 변경처리 도와드릴 텐데요, ▲▲▲ 님 본인 맞습니까? 네. 네, 그럼 변경하실 핸드폰 통신사가 어디실까요? 케이티요. 케이티시고. 그래도 상관없나요? 네, 상관 없으세요. 번호는 어떻게 되실까요? 아 그러면 일단 케이티고 ▲▲▲ 네. ▲▲▲▲에 예. ▲▲▲▲번이요. 네, ▲▲▲에 ▲▲▲▲에 ▲▲▲▲번 맞으실까요? 예, 예. 네, 그리고 저희가 변경 처리 위해서 카드 인증이 필요하신데요, 지금 가나카드 가지고 계실까요? 아니요, 집사람이 가지고 있어가지고. 손님 그 연결된 가나은행 계좌 번호 말씀해 주시겠습니까? 아 저 그 계좌를 막았거든요. 그래도 말씀해 주세요, 전체 번호를요. ▲▲▲▲▲▲▲ ▲▲▲▲▲▲▲ ▲▲▲▲▲▲▲▲▲이요. 네, 확인 감사합니다. 그러시면은 휴대폰 번호 변경 처리 완료되셨습니다. 그 뭐야 저 다른 게 아니고 이번 달에 뭐 결제할 금액이 얼만가 알아봐 주시고 가상 계좌 주실 수 있나요? 아 네, 그러시면 가상 계좌는 혹시 오늘 입금하시는 건가요? 아니 뭐 어차피 내일 그 월요일까지 입금하면 되는 거죠? 네, 그러면 가상 계좌는 가나, 나다, 다라 어느 곳으로 보내 드릴까요? 가나로 하나 보내주세요. 네, 가나로 보내드릴 거고요. 그럼 정확한 금액 입금하셔야 정상 처리 들어갈 수가 있는 거고요. 아 혹시 이번 달에 저 얼마 입금해야 하나요? 2백 30만 원이세요. 그럼 이번 달 이거 그 입금하면 혹시 남은 금액을 알 수 있을까요? 할부가 있는 걸로 확인되시고요. 그럼 할부 남아 있는 원금은 30만 원 남아 있을 수 있는 거고요. 아 그거를 그 내역을 그 문자로 한번 더 주세요. 아 할부 남아 있는 원금도 같이 보내드릴까요? 네, 이번 달 그 나가고 남은 금액하고 이렇게 세 가지만 좀 보내주세요. 세 가지요? 이게 뭐 제가 이거 이번 달에 입금할 금액하고 가상 계좌 하나 주시고 뭐 남은 이 이거 이번 달 입금하면 할부 돈 남았다는 그 문자만 주시면 될 것 같은데요. 네, 가상 계좌하고 금액은 같이 보내 드리는 거고요. 예, 남은 금액. 네, 그러면 그것만 보내도록 할 거고요. 그리고 가상 계좌 유의 사항도 제가 문자로 발송해 드리니 내용 꼭 확인 후 이용 부탁드리겠습니다. 어떤 거요? 가상 계좌 유의 사항도 제가 문자로 발송해 드리니 내용 꼭 확인 후 이용 부탁드리겠습니다. 예, 예. 알겠습니다. 네, 네. 감사합니다. 예, 감사합니다. 상담원 ▲▲▲이었습니다. 네.",0,A
normal_A_0453,"상담원 ▲▲▲입니다. 안녕하십니까? 예, 여보세요? 거기 저 요번 달에 결제할 금액이 아까 저 가상계좌로도 보내주신다고 했는데 그게 아직 안 왔고요. 네. 아, 그러십니까? 그리고 카드 결제 계좌를 좀 변경을 하려고 전화드렸어요. 카드 결제 계좌 변경 말씀이십니까? 예, 그 변경을 하려면 뭐죠, 지금 납부했는 거를 납부를 해야 된다 하더라고요. 네, 맞습니다. 그렇다면 손님 현재 결제 은행으로는 ▲▲은행이 되어 있는데요. 예, ▲▲은행은 맞는데 계좌만 다른 계좌로 바꿀라고. 아, 먼저 본인 확인하고요. 전화 주신 손님 ▲▲▲ 님 본인 맞으십니까? 예, 예. 네, 현재 손님께서 ▲▲은행 이제 ▲▲▲▲로 끝나는 ▲▲은행 계좌가 연결계좌이고, 현재 손님 연체금액이 1,485,200원이 있기 때문에 해당 금액을 바로 결제 후에 결제 계좌가 변경이 가능합니다. 예, 그럼 일단 그걸 가상계좌를 일단 우선 그 가상계좌를 일단 문자로 주세요. 문자주시면 제가 납부를 할 거 아닙니까? 혹시 즉시 출금은 어려우신가요, 손님? 아니 저 ▲▲▲▲▲에서 출금해도 됩니다, 그러면 뒷번호. 네, 그럼 ▲▲▲▲▲에서 지금 연체금액인 1,485,200원 바로 즉시 출금 후에 결제 계좌 변경 도와드리도록 하겠습니다. 예. 네, 결제일 당일 또는 연체금액 즉시 결제 다 결제 시 이중 출금이 될 수 있습니다. 손님 잔고를 비워두시고요. 그런데 지금 제가 계좌를 변경하려고 하는 게 ▲▲▲▲▲ 계좌인데 지금 지금 즉시 출금하려고 하는 계좌 있잖아요. 네, 맞습니다, 손님. 그 계좌로 지금 결제 계좌가 돼 있는 거 아니에요? 맞습니다. 다른 계좌입니까? 맞습니다, ▲▲▲▲▲로 끝나는 계좌입니다. 그런데 저 ▲▲로 변경을 했는데 그 쪽으로 안 빠지고 자꾸 연체가 걸리는 거죠? ▲▲▲▲▲▲로 손님께서 지금 현재 결제 은행이 되어 있는데 이게 이곳에서 계속 빠져나가지 않는다는 말씀이시죠? 그렇죠, 그렇죠. 지금 제가 즉시 출금하라는 이야기도 자동 결제 계좌로 좀 돼 있는 계좌예요. 아, 그러십니까? 그러면 한번 제가 출금해보도록 하겠습니다, 손님. 예. 네, 손님 즉시 출금 완료되었습니다. 그러니까 여기에 지금 현재 꽂으면은 잔액을 잔고가 있는데 안 빠져나가니까 자꾸 거기 연체가 된다고 자꾸 통보가 오는 거예요. 그래서 제가 그러면 내가 과거 착각을 해서 다른 계좌로 됐나 싶어서 착각을 해서 이 계좌로 변경하려고 전화를 드린 거예요. 아, 네. 그런데 지금 뭐 잘 쓰시잖아요, 지금 ▲▲▲▲▲. 네, 맞습니다. 손님 다 ▲▲▲▲로 되어 있습니다. 나중에 다음에 확인을 좀 해 주십시오. 볼게요, 그러면. 네, ▲▲▲▲▲로 지금 결제 은행은 설정 되어 있고요. 그리고 다음 결제일부터 다음 결제일부터는 이 은행에 이 은행 결제 은행에서 출금될 겁니다. 네. 네, 또 다른 문의 사항 있을까요, 손님? 문제 없죠, 그러면? 네, 감사합니다. 상담원 ▲▲▲이었습니다. 네.",0,A
normal_A_0454,"상담원 ▲▲▲입니다. 네, 여보세요. 그 ▲▲▲▲ 원래 카드로 해외에서 결제한걸 취소한 게 있거든요. 네. 그거를 좀 빨리 정리하려면 카드사로 연락하면 된다고 하던데 저희가 확인해드릴게요. 네. 네, 손님 ▲▲▲ 님 본인 맞으십니까? 네. 여기 언제 결제했던 건인지 알 수 있을까요? 잠시만요. 네. 결제했었던 날은 11월 11일이요. ▲▲월 ▲▲일이요? ▲▲월 ▲▲일에 사용하신 건, 저희한테 취소 처리된 게 하나도 없으신데요? 그 어 ▲▲에서 빠져나갔는데 네. 취소가 안 돼 있어요, 11월 11일 결제 건은요. 취소 신청이 안 돼 있다고요? 네, 저희한테 아직 취소 매출 전표가 넘어오지 않았습니다. 그러면은 뭐 그냥 기다려야 ▲▲월 ▲▲일 이거, 이 건이 맞으세요? 네, 결제한 거는 11일날 이케아에서 결제했는데 아 네, 이렇게 해서 결제한 거 2건 말씀하시는 걸까요? 2건이에요? 1건 아니에요? 네. 2건으로 확인되세요. ▲▲시 ▲▲분에 이케아에서 결제하셨고 잠시만요. 네. ▲▲시 ▲▲분에 ▲▲▲▲ 그다음에 ▲▲시 ▲▲분이신데 잠깐만요, 이게 ▲▲은 뭐지? 아 이거 밥이구나. 예, 아 이거는 괜찮고 2건 중에 하나는 밥 먹은 거라서 괜찮고 아 그러면, 고객님. 고객님께서 지금 말씀하시는 거는 10시 30분 꺼 그 ▲▲▲▲원 이거 말씀하시는 맞으실까요? 네, 네. 네, 이거 아직 고객님 저희 쪽으로 취소 접수 되어있지 않습니다. 그러면 제가 서류는 받아왔거든요? 네. 그걸로 뭐 이렇게 할 수는 없나요? 네, 이게 취소된 매출이 저희한테 너무 카드사로 넘어와야 되는데, 이거는 근데 아직 저희 카드사로 전달되지 않은 거기 때문에요. 네. 예, 예. 카드 저 저 그 카드 전표가 저희 카드사로 넘어가면은 고객님께서 해당 건에 대한 오늘 결제하신 거는 다시 고객님 ▲▲로 계좌로 다시 환급됩니다. 네, 그렇게 해 주세요. 네, 그런데 아직 저희 쪽으로 취소 전표가 넘어오지 않았어요. 제가 이렇게 취소한 게 처음이에요. 네. 그러면 통상적으로 그러면 며칠 정도 오나요? 카드로 넘어오는데. 해외, 해외 결제 건 같은 경우는 조금 다소 시간이 오래 걸리세요. 5일에서 일 주일 정도 시간 걸리는 경우도 있습니다. 아 알겠습니다. 그럼 어느 정도 안 들어오면 제가 다시 전화해서 물어봐야 될까요? 네, 고객님 지금처럼 취소가 됐는지 확인해 주시면 되세요. 그러니까 어느 정도 뒤에 다시 연락을 그 매일 전화할 수는 없잖아요? 네, 한 다음 주쯤 일주일 정도 고객님 취소 완료된 하고 나서요. 일 주일 내지 정도에 한번 후에 한번 확인 부탁드리겠습니다. 아 네, 알겠습니다. 네, 상담원 ▲▲▲이었습니다. 예. 네.",0,A
normal_A_0455,"일상의 즐거운 변화 LGU+ <NAME>입니다. 네, 저기 요거 요금 때문에 문의 좀 할려고 하는데요. 네. 전화 어렵게 해주셨는데 얼른 확인해 드리겠습니다. 전화하신 명의자분 <NAME>님 확인되시는데 본인 맞으십니까? 네. 네, 확인 감사합니다. 아 요금제는 현재 추가요금 걱정없는 69요금제 확인하시는데 고객님 번호 확인하시는 거 맞으세요? 네. 이거 그 요금 지금 데이터 때문에 이게 나눠 쓰는 데이터인가 핫스팟 데이터가 지금 연말에 부족해서 이거를 더 하려면 어떻게 해야 하는지 궁금합니다. 네. 그 뭐지 테더링이나 노트북에 연결해서 쓰는 데이터가 많으신 거세요? 아 예. 휴가 기간이라가지고 좀 필요해서요. 네. 뭐 혹시 다른 가족분한테 연결해서 쓰시는 거예요? 뭐 이게 지금 이렇게 나는 태블릿PC로 주로 사용해야 하는 상황이기 때문에 데이터를 안 써서요. 아 그러셨군요. 그럼 이걸 어떻게 요금제를 바꿔야 되는지, 아니면 데이터를 뭐 다르게 해야 되는 건지 전화드렸어요. 사실 데이터 구매하는 거는 많이 비싸요. 네. 많이 비싸시구요, <NAME>고객님. 아 지금 그 요금제가 지금 <CHARGE> 요금제인데 근데 많이 차이가 안 나셔서 제가 고민을 하는 게 <CHARGE> 요금제는 한 달에 25GB가 제공이 되시는 요금제가 있으시구요. 네. 그리고 이제 <CHARGE> 요금제인데 이것도 이제 제공되는 데이터량으로 핫스팟을 봤을 때 그 가족분한테 연결할 수 있는 게 50GB가 제공되는 게 있으시구요. 네. 어 가족분들은 우리 다 같이 무제한 쓰시기는 조금 부담되시겠죠? 아 근데 <CHARGE>에서 그 5G가 95050GB인 거 같은데. 네, LTE랑 5G는 조금 다른 항목이 있으셔가지구요. 네. 요금제 자체가 다르니까 5G는 기기 자체를 5G로 바꾸셔야지 5G요금제를 쓰실 수가 있으니까요. 아 저기 저 5G 아닌가요? 네, 고객님 LTE로 확인되세요. 네. 그럼 LTE고, <CHARGE>이면은 아 그 차이가 많이 나네. 데이터 뭐 충전하기라고 있던데, 그 쿠폰 있는 거 그 나눠 쓰는 데이터는 그냥 제가 쓴 데이터죠? 아니요, 쿠폰은 나눠 쓰는 데이터가 되세요. 아 이거는 나눠 쓰는 그게 아니고, 장기고객 할인 개념으로 이렇게 있던데 그러면 그거는 나눠 쓰는 거예요? 네, 지금 고객님 요금제 자체가 그것만 테더링 안 되시는 거예요. 아 그럼 지금 제 지인이 맞는지 확인 좀 해드려도 될까요? 어 네, 2년 넘으면은 쿠폰이 제공이 되시는데 일단은 이거 먼저 주시면 될 거 같은데요, 요금제를 올리시는 것보다는요. 네. 쿠폰은 오늘 만약에 쓰셨어요, 그럼 11GB가 늘어나거든요. 네. 그 테더링에 대한 데이터로요. 그러면은 그 11GB를 말일까지 쓰시는 게 아니라 <DATE> 날짜부터 쿠폰이 30일 이후에 다시 연장하실 수가 있기 때문에 테더링이 데이터가 남아 있다면은 <DATE>까지 쓸 수가 있는 거니까 쿠폰 먼저 활용하시는 게 더 나으실 거 같은데요. 알겠습니다. 감사합니다. 네, 감사합니다. 궁금하신 사항 없으신가요? 네. 예, 감사합니다. 날씨가 많이 더운데 건강 유의하십시오. 네.",0,A
normal_A_0456,"일상의 즐거운 변화 LGU+ <NAME>입니다. 네, 안녕하세요? 네, 안녕하세요? 예, 말씀 묻겠는데요. 네. 저기 핸드폰 비용을 절반 받을 수 있다고 동사무소에서 그래서요. 아 네, 그러면 동사무소에서 말씀하신 부분이면 복지할인이실 텐데 제가 이거 한 번 등록을 해보도록 하겠습니다. 네 네. 지금 연락 주신 고객님은 <NAME> 고객님 본인 맞으십니까? 예. 네, 지금 조회를 해봤을 때 복지할인은 여러 가지 종류가 있는데 어떤 걸로 안내를 받아 보셨을까요? 아 그 기초연금 신청하러 가 가지고 얘기 해주더라구요. 네. 이거 하나 더 혜택 받을 수 있다고요. 지금 그럼 한 번 등록을 해보도록 하겠습니다. 잠시만 기다려 주시기 바랍니다. 네. 네, 고객님 기다려 주셔서 감사합니다. 기초연금수급자로는 저희가 복지할인 등록은 안 되시는데 기초생활수급자이실까요? 그 거기서 저거를 이제 이게 뭐 이렇게 생년월일 넣어 가지고 뽑아 보는 그거를 하던데요. 그러면은 저희가 어떤 건지 한 번 등록 가능하신지 조회를 해봐야 되는데요. 아 2년 이상 되면 혜택을 받을 수 있는 그런거라던데요. 아 네, 지금 조회를 해봤을 때는 고객님께서 만 64세시거든요. <DATE>이 만기거든요. 그러니까 신청을 하라 그러더라구요. 아 저희가 미리 되는 부분은 아니어서요. <DATE>에 한 번 다시 연락을 주셔야 하십니다. 아 네, 알겠습니다. 그러면 <DATE>에 고객님 생일이시더라구요. 네. 그때 한 번 연락 주시면 좋을 것 같습니다. 네, 알겠습니다. 네, 혹시 추가 문의 사항은 없으실까요? 네, 고맙습니다. 네, 제가 두 가지만 한 번 안내 드리고 상담 종료하도록 하겠습니다. 네. 예, 다름이 아니라 고객님께서 현재 확인해 봤을 때 <DATE>에 데이터 사용량이 조금 많으셨더라구요. 네. 네, 그래 가지고 저희가 보통 가성비 쪽으로는 추가요금걱정없는데이터49요금제를 추천해드리고 있습니다. 그래서 데이터 같은 경우에도 지금은 2.5GB 제공이 되고 그 다음에 속도가 좀 많이 제어가 되시거든요. 네. 그래서 제가 말씀드렸던 시점에 이걸로 변경하시면 데이터도 3.5GB 제공이 되고 그 다음에 제어되신다라고 하시더라도 고객님께서 현재 쓰시는 데이터보다 제어되시는 속도가 훨씬 더 빠르셔가지고 안내를 드리는 부분이거든요. 이게 요금이 더 비싸잖아요? 확인을 해봤을 때 요금 차이는 <CHARGE> 정도 차이가 나시는 걸로 조회가 됩니다. 그것도 이제 <DATE>에는 할인이 되나요? 네, 요거는 고객님께서 그럼 <DATE>에 요금제 변경하실 때 같이 지원금으로 할인 받으시면은 <CHARGE>으로 이용 가능하시거든요. 아 일단 제가 다시 전화 드릴게요. 아 네, 알겠습니다. 그러면 한 번 참고 부탁드리구요. 네. 저희가 그 마지막 한가지 안내 같은 경우에는 휴대폰이랑 인터넷 결합하시면 모바일은 최대 <CHARGE>, 인터넷 <CHARGE>까지 할인 가능하시거든요. 그래서 이거 할인 받아 보실 수 있게 저희 담당부서 한 번 연결 도와드리도록 하겠습니다. 제가 무슨 소리인지를 잘 못 알아듣겠거든요? 어 네. 그래서 제가 전화기 딸 오면 이게 뭐 전화를 다시 한번 드릴게요. 이거는 고객님 할인혜택 받아 보실 수 있는 부분이어 가지고 고객님께서 항상 가입을 하시는 게 아니라 저희가 전화 주신 김에 한 번 확인해 보실 수 있게끔 해드리는 거거든요. 네, 한 번 해줘 보세요 그럼. 네, 그럼 전화 끊지 마시고 기다려 주시면 되시구요. 좋은 상담 이어가시기 바랍니다. 예, 감사합니다. 네, 감사합니다. 네.",0,A
normal_A_0457,"일상의 즐거운 변화 LGU+ <NAME>입니다. 여보세요? 네, 안녕하세요? 다름이 아니라 휴대폰을 두 개 사용하고 있는데 하나 해지하려고 하는데 전화상으로도 해지되나요? 네, 접수하시고 저희 쪽에 서류 바로 보내주시면 해지 업무 보실 수 있는데요. 혹시 문의 주시는 휴대전화 <NAME> 고객님 인증해 주셨는데 본인이세요? 네. 네, 이 번호 해지인가요? <MOBILE_NUMBER>요. 예, 그 번호 인증해 주셨는데 그럼 서류는 해지 신청서랑 고객님 신분증만 준비가 되어 있으실까요? 아니요, 그거 제가 지금 방문을 못 해서 혹시 전화로도 가능 한가해서요. 아, 네. 서류를 보내주시면 저희가 서류 수신 받고 전화상으로 해제 처리를 진행할 수 있는데 따로 서류 없이는 해지를 할 수가 없구요. 만약에 서류가 어려우실 경우에는 이제 저희가 토요일도 업무를 하기 때문에 가까운 LGU+ 영업점으로 명의자 본인이 신분증 지참해서 방문 시 현장에서 신청서 작성하시고 해지 업무 가능합니다. 아, 그래요? 네. <DATE> 몇 시까지 해야 돼요? <DATE>도 기본적으로 매장마다 상황이 조금 다르긴 하지만 기본 업무는 6시까지 대부분 다 열려 있구요. 또 연장 근무하는 매장도 있어요. 저도 퇴근하다 보면 7, 8시까지는 운영하더라구요. 그래서 꼭 개통했던 매장 아니더라도 가까운 LGU+ 영업점으로 방문하시면 돼서 신분증만 꼭 명의자 본인이 지참해 주시면 좋을 거 같아요. 혹시 여권도 되나요? 여권은 어떤 거 말씀하세요, 고객님? 신분증 분실해서요. 그러면 운전면허증 있으실까요? 여권은 이제 전에는 본인 인증이 가능했는데 현재는 조건이 있더라고요. 그래요? 네. 여권도 주민번호 있잖아요. 근데 여권 같은 경우에는 현재 그거 하나만 들고 가시면 인증되지 않아서 추가적인 다른 서류를 떼가셔야 되거든요. 지금은 신분증이랑 운전면허증 토대로 가능하고요. 아니면 고객님 잠시만 기다려 주세요, 혹시나 또 변경된 사항이 있는지 확인을 해볼게요. 아니면요, 제가 <DATE> 날에 하잖아요? 그러면 기간이 있어서 <DATE> 처리할 수 있잖아요. 고객님. 그런데 만약에 하시면 <DATE>이니까 <DATE>까지는 해지하시는 게 좋을 거 같애요. 또 하루치 요금이 나오면 당일 바로 청구가 되는 게 아니라 <DATE>에 청구가 되기 때문에 하시면 <DATE>까지 아무래도 처리하시는 게 좋을 것 같애요. 신분증 없는데 어떡해요? 운전면허증도 따로 없으세요? 네. 신분증 그러면 재접수 진행하신 거예요? 발급 신청서는 있으세요? 신청서를 안 받고 재접수해 가지고 찾아야 되는데 못 찾고 있거든요. 아, 고객님. 그럼 접수하실 때 접수증 있잖아요? 아니면 임시로 가지고 있는... 임시 신분증 말하는 거잖아요? 네. 그런 거 안 받았어요. 아, 발급 신청 확인서도 없고요? 네. 그러면 인증이 안 돼요, 고객님. 어, 일단 알겠습니다. 아, 죄송합니다. 어, 아니면 신한인데 통장 이런 건 안 되겠죠? 그거는 저희 쪽에 발급 신청을 하신 게 아니라서요. 네, 알겠습니다. 너무 죄송합니다. 어, 아니에요. 감사합니다. 네, 어머니. 꼭 잘 처리되시기 바라겠습니다. 네.",0,A
normal_A_0458,"상담원 ▲▲▲입니다. 예 예, ▲▲일 날 결제될 거 한 ▲▲▲원 선결제 좀 해 주시면 안 되나요? 확인해보도록 할 건데요, 지금 통화중이신 번호 카드 명의자분 본인 맞으신가요? 예? 네, 그럼 전화주신 분은 ▲▲▲님 본인 맞다라는 말씀이신 거고요. 네. 네, 잠시만 기다려 주시겠습니까? 예. 네, 기다려 주셔서 감사했습니다. 우선 ▲▲▲원 선결제는 가능한데요, 나머지 금액에 대해서는 결제일에 출금이 되기 때문에 이점은 참고해주시고요. 그 결제 ▲▲ 아 ▲▲일 날 빠져나가면 되잖아요, 나머지. 네, 정확히는 ▲▲일은 토요일이기 때문에요. 돌아오는 평일은 ▲▲일날 출금되는점 참고해주시고요. 아 예, 그렇게 ▲▲▲원만 선결제 해 주시면 제가 알아서 또 사이트에서 저기 결제하겠습니다. 알겠습니다. 잠시만 기다려 주시겠습니까? 예. 네, 기다려 주셔서 감사합니다. ▲▲▲원 그럼 결제는 ▲▲은행에서 출금하도록 하겠습니다. 아 제 계좌번호 알려드릴게요. 네, ▲▲ 계좌 번호 말씀해 주세요. ▲▲▲ 네. ▲▲▲▲ ▲▲▲▲ ▲▲▲▲ ▲▲▲▲ ▲▲입니다. 마지막 ▲▲인가요? 예. 네, 잠시만 기다려 주시겠습니까? 예. 네, 기다려 주셔서 감사드리겠습니다. 그럼 해당 내용에 대해서 출금하기 전에요. 해당 계좌에 대해서 다시 한번 제가 확인해보도록 하겠습니다. 예. 네, ▲▲카드 이용 대금 즉시 출금할 계좌 번호 확인하겠습니다. 생년월일 ▲▲년 ▲▲월 ▲▲에 ▲▲▲ 고객님 명의로 된 ▲▲은행 계좌 번호 ▲▲▲▲▲▲▲▲▲▲▲▲▲▲▲ 계좌 번호에서 ▲▲▲원 출금 요청 건이 맞습니까? 네. 네, 해당 금액에 대해서 출금 중에 있습니다. 잠시만 기다려 주시겠습니까? 네. 네, 기다려 주셔서 감사했습니다. 정상적으로 출금되었고요, 이번 달 결제 금액은요. ▲▲▲▲▲▲▲▲원입니다. 지금 한 달에 얼마 정도 되나요? 네, 바로 복원돼 가지고 이용 가능한 금액은 ▲▲▲▲▲▲원 바로 이용 가능합니다. 아 그거밖에 안 돼요. 네, 그렇습니다. 아 제가 뭘 하려고 하는데 그러면은 어 한 ▲▲원 정도 더 결제를 부탁합니다. 네, 알겠습니다. 잠시만 기다려 주시겠습니까? 예. 네, 기다려 주셔서 감사합니다. 마찬가지로 앞서 확인해봤던 ▲▲에서 ▲▲원 좀더 원하시는 거세요? 예, 아니 잠깐만 ▲▲▲▲원이 현재이용한도가 ▲▲▲▲원이에요? 네, ▲▲▲▲▲▲원입니다. 예, 그럼 ▲▲▲▲ 더 해주세요. 네, 그러면 ▲▲은행에서 출금 원하시는 건가요? 예. 알겠습니다. 잠시만 기다리시겠습니까? 예. 네, 기다려 주셔서 감사합니다. 총 현재 이용 가능한 금액은요, ▲▲▲▲▲원이고요. 이번 달 결제 결제 금액을 다시 확인해보고 말씀드리겠습니다. 네, ▲▲▲▲▲▲원입니다. 네, 알겠습니다. 감사합니다. 감사합니다. 상담원 ▲▲▲이었습니다. 예.",0,A
normal_A_0459,"일상의 즐거운 변화 LGU+ <NAME>입니다. 네, 여보세요? 네, 안녕하세요? 네 네, U+ 고객센터에서 전화가 왔는데 맞아요? 아 네, 얼른 한번 확인해 볼 텐데 전화 주신 분은 <NAME> 고객님 명의자분 본인 되십니까? 네. 아 네, 감사합니다. 보통 저희가 이제 연락받으신 곳이 <PHONE_NUMBER> 맞으신가요? 아니면 <PHONE_NUMBER>번이신가요? <PHONE_NUMBER>이요. 아 네, 그러면 보통 저희가 연락하는 이유가 고객님께서 저희 U+ 이용해 주시면은 불편함은 없으신지 아니면 저희가 추가 혜택이라던지 이런 것을 때 안내하고자 연락을 드리는 경우가 있어요. 네. 저희 지금 보니깐 고객님께서 이제 그 <DATE>부터는 기본요금에서 25% 할인받으시는 선택약정할인도 지금 가능하시구요. 아 그때 되면서 <DATE> 약정이 끝나는 건가요? 그게 <DATE>약정이 만료가 되는 건 아니고 원래는 말씀해 주셨던 <DATE> 동안에 이제 약정이 단말기에 대해 걸려 있는데 입금당 <DATE> 미만으로 남아 있을 때에는 선택약정 신청 중복이 가능해서 가능 날짜가 <DATE>부터이구요. 네. 그리고 지금 보니까 핸드폰은 이용 너무 잘해주고 계시는데 저희가 인터넷이랑도 같이 결합을 해주시면 사용해 주시는 요금제에 따라서 인터넷은 최대 <DATE> <CHARGE>, 모바일은 <CHARGE>까지 결합할인혜택도 가능해서 요거 혜택받으실 수 있도록 안내 전화 드렸더라구요. 안내 차 지금 사용하시고 있는 거랑 비교해 보실 수 있도록 담당 부서 연결해 드려도 괜찮을까요? 아 그래요? 나중에 좀 더 알아볼게요. 최소 <DATE> 가능하고 기간의 차이만 있으면은 할인되는 거는 기본요금에서 25%로 동일합니다. 근데 제가 좀 더 알아보고 싶어 가지고 뭐 괜찮을 거 같아요. 아 네, 그러면 저희가 기기변경하시면서 신청을 해주셔야 될 거 같으세요. 아 네, 알겠습니다. 네, 혹시 이거 말고는 다른 문의 사항 없으세요? 네. 아 네, 알겠습니다. 얼마 남지 않은 <DATE> 마무리 잘하시고 건강 유의하시기 바랍니다. 네, 수고하세요. 네, 감사합니다. 네.",0,A
normal_A_0460,"상담원 ▲▲▲입니다. 아 네, 여보세요? 네. 제가 저기 대출, 장기로 대출금이 있는데 그게 다 포함해서 얼만가요? 네. 확인해보겠습니다. ▲▲▲님 본인 맞으십니까? 네. 아 네. 다 포함해서라고 말씀하셨는데, 일시불이랑 장기 대출 금액 다 말씀이신가요, 손님? 아니면, 이번 달 거 말씀하시는 일시불은 뭐예요? 카드 쓰셔서 남아있었던 금액이요. 카드론 단기 대출만? 네. 네, 대출 금액에 오늘 완납하면 얼마인지 말씀이신 거예요? 아니, 다 포함 해서 얼마냐고요. 네. 그러니까 다 포함한다는 게, 대출금 다 완납할 때 말씀이신 건지, 다른 카드 내역까지 같이 문의하시는 건지 여쭤봤던 거고요. 일단은 장기 카드 대출 금액은 오늘 다 완납하신다면 오늘까지 이자 ▲▲▲▲ 네. ▲▲▲▲▲원 ▲▲ 오늘까지 이자인 ▲▲▲▲▲▲▲▲▲▲원 관계 ▲▲▲▲▲▲▲▲▲▲▲원이에요. ▲▲▲▲ 네, ▲▲▲▲▲▲. ▲▲ 네, ▲▲▲▲원이요. 아 그래요? 네. 예, ▲▲일 날 결제되는 거죠? 이거는 그냥 다 완납할 이때가 얼마인지를 말씀드린 거고, ▲▲일에 청구될 예정 금액을 문의하시는 거라면 일시불 은행이랑 할부 그 장기 대출 금액 합해서 ▲▲월 ▲▲일에 ▲▲▲▲▲▲원이 청구될 예정이고요. 예. ▲▲▲▲하고 이거 저 장기로 카드하고 해서 다시 저기 얼마 아니에요? 대출금액 이번 달 청구 예정 분이랑 카드 이용 금액 합해서가 이번 달에 ▲▲▲▲▲▲원이고요. 말씀해주셨던 거는 장기 대출 금액이 다 얼마냐라고 말씀해주셔서 이번 달 청구 예정이었던 대출 금액을 포함해서 총 예, 예. 남아 있는 대출 금액이 얼마인 들이 다 말씀드린 거예요, 손님. 아 그런 거예요? 네. 어, 알았어요. 네, 감사합니다. 상담원 ▲▲▲였습니다. 예, 예.",0,A
normal_A_0461,"상담원 ▲▲▲입니다, 무엇을 도와드릴까요? 아 네, 가상 계좌 선입금 좀 뭐 때문에 이렇게 전화드렸는데요. 좀 전에 다 저거 때문에 현대 가상 계좌를 이게 불러드리면 확인 가능할까요? 네 그렇습니다, 본인 확인하고 안내해 드리겠습니다. 네, 손님. 휴대폰 번호 말씀해주시겠습니까? ▲▲▲▲▲▲▲▲번이요. 네, 전화주신 손님 본인 성함 어떻게 되십니까? ▲▲▲요. 아 네, 손님. 지금 가상 계좌 부여 되었는데요. ▲▲▲▲▲▲▲원 확인되시고요, 가상계좌번호 말씀해주시면 확인 도와드리겠습니다. 어 ▲▲▲▲ 네. ▲▲ 네. ▲▲▲ 네. ▲▲▲▲▲ 네, 맞습니다. 정상적인 가상 계좌이고요. 가상 계좌 입금하시면 ▲▲카드에서 2개 문자를 발송을 해 드리는데요. 하나는 한도 상향되었다라는 문자와 또 하나는 가상 카드 번호를 문자로 발송을 해 드려요. 네. 그러면 가상 카드 번호를 자동차 영업 사원에게 전달하셔서 차량 결제 완료해 주시면 되세요. 아 그래요? 이거는 이게 뭐가 잘못된 게 아니라 정확한거죠? 네, 정상적으로 되었습니다. 걱정 안 하셔도 되세요. 네, 알겠습니다. 네, 좋은 하루 되세요. 고맙습니다. 상담원 ▲▲▲이었습니다. 네.",0,A
normal_A_0462,"일상의 즐거운 변화 LGU+ <NAME>입니다. 예. 제가 핸드폰 구입한 지 얼마 안 됐는데요. 네. 일단은 인터넷이 자꾸 끊겨서 요금제 좀 확인하고 싶거든요. 한번 등록되어 있는 요금제를 빠르게 먼저 확인해 드릴 텐데요. 지금 먼저 문의 주신 <NAME> 고객님은 본인 되십니까? 네. 네, 감사합니다. 인터넷이 끊긴다라고 해주셔서 보니까 현재 우리 고객님께서 <CHARGE> 5G 요금제를 사용 중이신 걸로 확인되더라구요. 네. 5G 같은 경우에서는 이제 5G 구체적인 요금제가 따로 있다 보니까 끊기는 경우가 있는데 요게 LTE 우선 모드로 고객님 사용을 해주셨는데도 지속적으로 끊기는 건가요? 네, 그런 거는 잘 모르겠고 어제도 몇 번 그랬거든요. 네, 그러면은 우선 와이파이 끄고 데이터로만 사용했는데도 끊기는지 확인을 해주셔야 되시구요. 그리고 두 번째로 아까 말씀을 드렸던 LTE 우선 모드 적용을 해야만 끊기지가 않는 상태입니다. 네, 왜 그렇게 불편하죠? 그냥 쓰면 안 되나요? 왜냐면 지속적으로 끊기면은 고객님, 많이 끊기면은 이제 카카오톡도 대화가 보내지지 않는 경우가 발생이 되기 때문에 저희가 현재 5G를, 저도 현재 5G를 쓰고 있는데요. 인터넷 검색도 안 되겠네. 지속적으로 이렇게 끊기다 보니까 저도 LTE 우선 모드를 고객님 사용하고 있습니다. LTE 우선 모드 어떻게 하죠? 핸드폰 설정을 통해서요. 설정이요? 설정에 간 다음에 모바일 연결 눌러주시고 모바일 네트워크가 있습니다. 네, 알겠습니다. 네. 여보세요? 여보세요? 네. 지금 통화가 좀 끊기는 상태인데요. 네. 설정에 들어가서 연결 눌러주시고 모바일 데이터 또는 데이터 사용이 있습니다. 모바일 네트워크 가서 데이터 사용이요? 예, 거기서 네트워크 방식이요. 지금 또 그게 안 되는데요. 그럼 와이파이가 먼저 꺼져 있는지 한번 확인해보시겠어요? 이거 가입할 때 아무거나 말하고 가입해서 그런가. 고객님, 와이파이 끄고 한번 해보시겠어요? 그게 꺼져 있어도 그러는데. 그러면 요거는 고객님께서 배터리는 혹시 몇 %세요? 많이 있어요. 92% 있네요. 그러세요? 요거 고객님, 그러면 제조사 쪽으로 통해서 한번 확인이 필요한 상태입니다. 네, AS센터 가봐야 되는 거예요? 네, 그런데 찾기 번거롭잖아요. 그래서 제가 지금 전화번호를 한번 보내드릴 텐데요. 네. 그냥 전화로 LTE 우선 모드를 활성화가 안 된다라고만 확인해 주시면 되는데요. 네, LTE우선모드로 해도 안 된다. 지금 삼성전자 활성화가 안 된다라고 해주시면 됩니다. 예. 지금 연락처 하나 보내드렸는데 혹시 문자받으셨나요? 잠시만요. 네. 안 들어왔어요. 삼성전자 서비스센터나 <PHONE_NUMBER>요? 맞습니다. 요쪽으로 전화 주셔가지고 우선 모드 LTE로 활성화가 안 된다라고 해주시면 됩니다. 네, 알겠습니다. 네, 우리 고객님 업무 처리 잘 해결되시길 바랍니다. 그러면 지금 기계가 지금 현재 문제가 있어서 지금 잘 안 되는 거예요? 예, 5G 같은 경우에선 구축이 아직 덜 됐어요. 그래서 이거는 저희가 지속적으로 안내를 도와드리고 있습니다. 네, 그럼 이거 요금 다 쓰고선 다 요금 내고선 이제 얘기했더니 안 된다 그러네요. 조금 끊길 수가 있으세요, 제가 개선 건의 한 번만 더 하겠습니다. 일단 알겠습니다. 네, 더 좋은 서비스로 찾아뵙도록 하겠습니다. 네.",0,A
normal_A_0463,"안녕하세요! 견적 문의 드립니다. 어른 2명, 아이 1명(만 10세)입니다. 림바짐바란에서 ▲월 ▲일 체크인, ▲월 ▲일 체크아웃으로 힐사이드룸과 풀어세스룸 중 고민 중인데, 힐사이드룸은 어떤가요? 수영장이나 식당까지 거리가 먼지 궁금합니다. 안녕하세요! 림바짐바란의 힐사이드룸은 풀어세스룸과 크기와 구조는 동일해요. 위치 차이가 있어서 풀어세스룸은 발코니에서 바로 공용 수영장으로 연결되죠. 힐사이드룸은 수영장까지 조금 거리가 있어요. 식당도 비슷하게 이동해야 할 것 같아요. 그렇군요. 가격은 어떻게 되나요? ▲월 ▲일부터 ▲일까지 힐사이드룸은 3박에 $735이고, 아동 추가 비용은 $90이에요. 총 $825입니다. 풀어세스룸은 3박에 $1,050에 아동 추가 비용 포함하면 $1,140이죠. 하드락 꾸따는요? 하드락 꾸따는 ▲월 ▲일부터 ▲일까지 디럭스프리미엄 룸으로 3박에 $585입니다. 아동은 부모와 베드쉐어 조건으로 무료예요. 결제를 하려면 무엇이 필요한가요? 달러를 원화로 계산할 때 실시간 환율 적용해서 원화 계좌로 입금 요청드려요. 외화 계좌 입금도 가능하고, 현금영수증 등록해드려요. 카드 결제는 수수료 2.5%가 추가되며, 국민, 현대, 삼성, 신한카드로만 가능해요. 예약을 취소할 때 조건에 따라 환불이 가능한가요? 성수기 시즌이라 체크인 기준으로 31일 이전 취소 시 호텔 패널티 없이 취소 가능해요. 여행사 수수료 30,000원만 공제 후 환불해드리고, 31일 이내 취소 시 호텔 규정에 따라 패널티가 부과됩니다. 예약을 진행하려면 어떤 자료를 보내야 하나요? 예약 원하시면 예약자 전원의 여권상의 영문 이름과 생년월일 앞 6자리, 픽업 정보(직항편은 인천 출발 항공편, 경유편은 발리 도착 항공편명)를 이메일로 보내주세요. 3박 이상 예약 시 무료 공항 픽업 서비스도 제공해요. 고맙습니다! 잘 부탁드릴게요. 감사합니다. 언제든지 궁금한 점 있으면 문의해 주세요. 좋은 하루 되세요!",0,A
normal_A_0464,"일상의 즐거운 변화 LGU+ <NAME>입니다. 예, 안녕하세요. 네, 안녕하세요? 아 네, 제가 요금제를 얼마전에 바꿨는데요. 네. 근데 무료 통화가 70분이라고 들었는데요. <DATE>인데 통화를 두 통밖에 안했는데 육분 남아 있다고 연락와서요. 네, 바로 확인해 드릴 텐데 현재 문의 주신 핸드폰이 <NAME> 고객님 본인 맞으실까요? 네, 맞습니다. 고객님, 70분이라고 하는 거는<DATE>까지 <DATE> 70분이라고 하는 거고 고객님께서 <DATE> 요금제를 바꿨으니까 <DATE>부터<DATE>까지 쓸 수 있는 <DATE> 무료통화 시간은 6분이에요. 그래서 육분이에요? 네, 제공량은 똑같이 날짜 계산되어서 제공되기 때문에 70분이 다 제공이 되는 게 아니라서 남아 있는 일자 만큼<DATE>은 제공이 되세요. 아 그래요? 네. 지금 이 통화도 요금제 무료통화에 포함되는 거예요? <PHONE_NUMBER> 전화하는 거는 무료통화하기 때문에 따로 별도 요금이 들어가진 않아요. 아 그렇죠? 지금 무료 통화를 다 썼다 그 말이죠? 현재 무료 통화는 다 쓰셨고, <DATE>부터 다시 70분이 생기는 거죠. 아 그런 거예요? <DATE>부터 다시 써야겠네요. 그러면 이제 추가 통화한 거 뭐 얼마 나오나요? 지금 초과요금이 있는 상태이기 때문에 현재까지 <CHARGE> 초과되셨어요. 몇분 초과 된 거예요? 일초당<CHARGE>이기 때문에 고객님께서 6분 다 쓰고 나오고 나서도 10분 40초 정도 더 사용하셨어요. 육분 남을 줄은 몰랐지. 무료 통화는 이미 다 사용하셨으니까 이제 더 쓰시면은 초과요금이 더 나오는 거죠. 지금 얼마 더 내야 한다구요? <CHARGE> 정도요. 그럼 지금 요금제 기본 요금 얼마에요? 기본요금<CHARGE>짜리 요금제요. 고객님. <CHARGE> 네. 음 몰라서요. 그리고 문자가 와서 저한테 데이터 이용도 뭐라고 하던데요. 그건 뭐예요? 네, 데이터도 <DATE>에 300MB이기 때문이 많지 않아서 데이터도 많이 쓰시면 돈으로 환산되서 나와요. 고객님. 데이터는 정확히 뭘 사용해야 되나요? 뭐 사진 촬영부터 이런 거 있잖아요. 사진 촬영하거나 이런 건 데이터에 사용에 들어가진 않구요. 네. 카카오톡이나 밴드, 카카오 스토리, 인터넷 접속 이런 거 하는 게 전부 다 데이터에요. 어 그럼 제가 사용할 수 있는 데이터가 얼마에요? 한 달에 300MB입니다. 300MB 말고 추가 더 안 해주나요? 요금제 자체가 데이터는 더 추가하실 수 없으세요. 부족하시면은 요금제를 바꾸셔야죠. 요금제는 어떻게 바꿔요? 원래 본인이 쓰셨던 <CHARGE>짜리 요금제로요? 어 <CHARGE>짜리 요금제로는 말고요. 다시 좀 궁금하면 전화 드릴게요. 네, 알겠습니다. 그럼 남은 하루도 좋은 일 가득하세요.",0,A
normal_A_0465,"▲▲카드 상담원 ▲▲▲입니다. 무엇을 도와드릴까요? 제가 따로 되어 있다고 네, 손님 말씀이 잘 들리지 않아서 좀 크게 말씀해 주시겠습니까? 일시 정지 안내를 받았거든요. 네. 연체가 있어서 거기서 일부 금액을 내고 연장하려고 하거든요. 네, 네. 전화 주신 손님의 성함이 ▲▲▲ 님 본인 맞으실까요? 네. 고객님 여기 문자에도 적혀있는 것처럼 이제 연체 금액을 완납하셔야 저희 쪽에서 연체되지 않고 정지가 되지 않습니다. 아니 그게 자동으로 그 일시 정지가 아니에요? 네, 지금 손님께서 연체 금액이 있으시다 보니 문자 내용대로 계속 연체가 되면 이제 내일 일시 정지 등재 예정이라고 지금 문자가 가신 거고요. 예. 아래 읽어 보시면 정지 사유가 ▲▲카드 연체이신 경우에는 오늘 당일에 연체 금액을 완납해 주셔야 자동으로 그 일시 정지 대상에서 제외가 되십니다. 일부를 납부한다고 해서 기간이 늘거나 하지는 않으세요. 그래서 제가 지금 일시 정지가 안 되게 하려고 그 ▲▲일로 바꾼 건데. 이제 결제일이 원래 ▲▲일이셨는데 ▲▲일로 변경하신 거는 확인이 되셨고요. 예. 지금 손님 결제일이 ▲▲일이시다 보니까 ▲▲월 ▲▲일에 변경하신 걸로 확인이 되세요. 네, ▲▲월 ▲▲일에 결제 계좌 변경을 하셨는데 이제 그러신 경우에는 이번 달까지는 ▲▲일에 청구가 되시고 다음 결제일부터 아마 ▲▲일에 청구가 되실 걸로 확인되고 있습니다. 어 저 ▲▲월 ▲▲일인가요? 네, 지금 최종 결제일 변경하신 날짜는 ▲▲년도 ▲▲월 ▲▲일에 변경하신 걸로 확인이 되고 있습니다. 예, 그게 완납된다는 거죠? 네, 맞습니다. 완납이 되셔야 일시 정지가 이제 등재 예정에서 제외가 되십니다. 정지되고 난 후 한 달분이요, 완납하은 정지가 풀리겠네요. 이제 저희 쪽 당사 ▲▲카드 연체이다 보니까 연체 금액을 납부해 주시면 바로 일시 정지는 해지됩니다. 예, 알겠습니다. 고맙습니다. 수고하세요. 네, 상담원 ▲▲▲이었습니다.",0,A
normal_A_0466,"상담원 ▲▲▲입니다. 무엇을 도와드릴까요? 예, 수고하십니다. 감사합니다. 손님 다른 게 아니고요. 저희 그 ▲▲카드에서 ▲▲월 ▲▲일 날 결제할 금액이 ▲▲원인가 냈는데 그거 결제되는 자동 이체 출금될 예정이라고 그 초기화 됐거든요. 네 네, 손님. 예, 그게 무슨 뜻인지 몰라가지고 전에도 한 뭐 뭔 금액인지 몰라가지고 어 그 명의자님 잠깐 통화 가능하실까요? 네 손님 안녕하세요? 네, 여보세요? 저희 ▲▲카드인데요, 그 생년월일 여섯자리하고 성함 핸드폰번호 말씀 좀 해 주시겠습니까? 네. 생년월일 ▲▲▲▲▲▲▲ 어 그 휴대폰 ▲▲▲ 몇 번이세요? ▲▲▲▲▲▲ 네. ▲▲▲▲ 네, ▲▲▲에 몇 번이십니까? ▲▲▲▲요. 네, 어 성함 잠깐 말씀 부탁드릴게요. ▲▲▲ 예, 저 한 가지 더 여쭤볼 텐데 그 결제 은행이 어느 은행으로 돼 있어요? 은행명 알려주시면됩니다. ▲▲이랑 저기 ▲▲▲▲▲ 번이요. 네, ▲▲ 감사합니다. 이제 가족분 바꾸시면 되죠? 바꿔 주시면 안내해 드릴게요. 예, 여보세요? 네, 저희 어머님 통화 되섰고 11,000원이 지금 교통 카드 이용 건으로 해서 발생된 금액이 있습니다, 손님. 네. 이게 교통카드 총 11건을 썼는데 12,000원에서 1,000원을 할인을 받으셨고 그 11,000원이 지금 결제 청구될 예정이시네요. 아 한 달에 그 ▲▲▲원인가요? 이거는 저 잠깐만 볼게요. 손님. 네, 초과된 금액이라는 얘기네요. 손님 이거는 한번 저희 무임교통 저게 그 ▲▲시 한번 물어보셔야 되긴 할 것 같은데 그 ▲▲원 이용금액 일단 교통카드로 청구되신 기록이시네요. 아 예, 그러면 교통 카드가 이거 노인들은 무료가 아니고 네. 한 달에 ▲▲▲원이 그 한도 내에서 쓰는 거예요? 아니면 어떻게 되는 거예요? 음 이게 손님 그 원래는 그 ▲▲시 버스 이용하신 금액으로 잠깐만요, 손님. 예. 그 저 물어보셔야 될 것 같거든요. 그러니까 저 ▲▲▲▲원은 그 할인을 받으셨는데 ▲▲원 외람되지만 뭐 그쪽에 ▲▲시 물어보셔야 될 것 같습니다, 손님. 아 ▲▲시 ▲▲▲ 에다가요? 예, 예. ▲▲대전시 교통 저 주문건인가요? 아니면은 복지관에 있던 건인가요? 어 일단 ▲▲ 그 콜센터 ▲▲▲에 ▲▲▲번으로 한번 물어보셔야 될 것 같습니다. ▲▲▲▲▲번 예, 감사합니다. 네, 감사합니다, 손님. 예. 상담사 ▲▲▲이었습니다. 예, 예.",0,A
normal_A_0467,"상담원 ▲▲▲입니다. 네, 그 카드 연체금이 있다 그러는데 제가 어느 계좌로 연결을 해 놨는지 몰라서 확인 좀 하려고요. 아 그러십니까? ▲▲▲ 님 본인 맞으실까요? 네, 네. 그 영문명이 ▲▲▲▲▲▲▲▲▲▲▲ 맞으실까요? 네. 예, 확인 감사드립니다. 잠시만 기다려 주시겠습니까? 네. 네, 손님 기다려 주셔서 감사합니다. 손님 결제 계좌 ▲▲ 은행, 끝자리 ▲▲▲로 끝나는 계좌로 확인되세요. 그렇죠? 그렇게 연결되어 있는데 출금이 안 됐는데 계속 연체됐다는 문자만 오거든요. 아 그러십니까? 혹시 그럼 저희 쪽에서 혹시 즉시 출금 진행 도와드려도 괜찮으실까요? 네, 그렇게 해 주세요. 아 네. 결제 계좌에 잔고가 있는 경우 이중 출금될 수 있으니 잔고를 비워두시기 바라고요. 만약에 이중 출금되시더라도 평일 기준 출금 익일 손님의 결제 계좌로 환불되므로 입출금 가능한 정상 계좌인지 확인 부탁드리겠습니다. 연결돼 있는 ▲▲ 계좌에서 ▲▲▲▲▲▲▲원 결제 도와드릴까요? 네. 네, 손님 기다려 주셔서 감사합니다. 지금 확인해봤을 때 해당 금액이 네. 잠시만 기다려 주시겠습니까? 입금 거래가 불가한 계좌로 확인이 되세요. 네. 그렇죠? 왜 그럴까요? ▲▲ 은행에 잔고도 있고 다른 카드는 다 거기서 다 돈이 다 빠져나갔고 있는데 혹시 계좌 번호를 한 번 더 확인해 봐도 되나요? 네, 전체 자리 한번 말씀해 주시겠습니까? 그런데 그 계좌에서 제가 ▲▲ 충전할 때는 지금 충전이 잘 되고 있거든요? 네, 네. 한번 말씀해 주세요. 네, ▲▲ 은행이고요. ▲▲▲▲▲. ▲▲▲▲▲요. 아, ▲▲▲▲▲▲ 네. ▲▲▲▲▲▲▲번이요. 네, 맞습니다. 네, 네. 그렇죠. 가상계좌로 연결되어 있으신데 그럼 어떻게 해야 되나요? 혹시 가상계좌로도 지금 입금이 안 된다고 나오던데, 그 방법은 없는 건가요? 가상계좌로도 입금이 안 되신다고요? 그 가상계좌로 입금하기 하니까 연체금이어 가지고 입금이 안 된다 이렇게 뜨더라고요? 아, 저희 쪽에서 가상 계좌 안내 가능하세요. 우선 가상계좌 안내를 도와드릴게요. 네, 문자로 보내주시면 그럼 제가 바로 입금할게요. 아 네. 네. 정확한 금액으로 입금하셔야 정상 처리되시고요. 안내해 드린 금액은 오늘 기준 금액이랑 오늘 완납하지 않으시면 변동되는 점 참고 부탁드리겠습니다. 네, 알겠습니다. 아 네. ▲▲ 은행 ▲▲, ▲▲ 은행 있으신데 어떤 은행으로 보내드릴까요? 네, 아무거나 상관없어요. 네, 그럼 ▲▲ 은행 가상 계좌로 안내 도와드렸습니다. 네, 감사합니다. 예, 상담원 ▲▲▲이었습니다. 네, 고맙습니다. 감사합니다.",0,A
normal_A_0468,"지금은 정상 업무가 종료되어 분실 신고만 가능한데요. 분실하셨습니까? 아, 지금 정지시키려고 그러거든요. 어떤 정지 말씀이세요? 제가 해외에 있는데 잠깐 ARS 때문에 정지를 풀었어요. 아까 볼일 다 보고 <DATE> 출국할 거거든요. 지금 켜져 있는데 정지 신청하려구요. 아, 고객님. 저희가 이제 해외에서 정지하시는 거는 일반 정지가 아니라 장기 정지하시려고 하는 건가요? 네, 네. 아, 장기 정지는 저희가 이제 서류를 받아야지만 할 수 있는데요. 저희가 6시 이후에는 서류 받는 업무가 안 되세요. 네, 그러면 정지를 어떻게 해야 하죠? 평일에 전화 주셔야 됩니다. 아, 그래요? 예. 그럼 지금은 할 수가 없는 거네요? 네. 지금은 분실 정지만 가능하구요. 평일 분실 정지나 일반 정지는 서류 스캔이나 이런 거 없이 가능하기 때문에 상관이 없는데 장기 정지는 저희가 서류를 받고 스캔을 해야 되는 과정이기 때문에 지금은 아예 안 되세요, 정상 업무가. 그래서 일반 정지는 그냥 <DATE>까지만 정지하고 그 이후에는 자동으로 해제되세요. 일반적인 거죠? 아, 그래. 그럼 <DATE> 제가 나중에 일반 정지시켜 놓고 중간에 요금제 좀 바꿀 수 있을까요? 네, 중간에 바꾸셔도 돼요. 그러면 업무 보는 건 고객님 본인이십니까? 네, 네. 네. 그러면 지금 일단 전화 주신 <DATE> 날짜부터 바로 정지하면 될까요? 네. 그거는 서류 없이 되는 거죠? 예, 이거는 서류가 없는 대신에 최대 1년에 2번 <DATE>까지만 가능하구요. 혹시라도 <DATE>이 지나가면 무조건... 잠시만 기다려 주시겠습니까? 예. 아, 기다려 주셔서 감사합니다. 그러면 고객님, 일단은 저희가 <DATE>이 지나면 자동으로 정지가 해제되기 때문에 이건 무조건 그전에 전화 주셔서 장기 정지 꼭 변경해 주셔야 되구요. 마찬가지로 정지 기간 동안 정지 기본료 <CHARGE> 부과되시는 점 참고해 주시면 되고 정지 기간 동안 약정 기간 같이 연장되시는 점 참고해 주셔야 돼요. 네. <DATE> 일단 정지할 테니까 그전에 아무 때나 전화 주셔서 서류 주시고 장기 정지로 바꿔 달라고 하시면 돼요. 네, 네. 아니면 그냥 날짜 지나가기 전에 제가 연락주면 되는 거죠? 어, 예. 맞아요. 대신 <DATE> 안쪽이면 그렇게 하셔도 되는데 <DATE>이 지나면 자동으로 해 드리니까. 아, 아. 변경을 할 거니까? 네, 그거 꼭 참고해 주셔야 됩니다. 아, 예. 감사합니다. 감사합니다.",0,A
normal_A_0469,"상담원 ▲▲▲입니다. 여보세요? 네, 안녕하세요? 카드 분실 신고 좀 할려고요. 아 그러셨습니까? 카드 분실하셔서 많이 놀라셨을 텐데 제가 빠르게 확인해 드리겠습니다. ▲▲▲ 대표님, 오랜 기간 저희 ▲▲카드를 변함없이 사랑해주셔서 감사드리고 혹시 대표님 본인이시고요? 네. 네, 어떤 카드 분실하셨을까요? 그 ▲▲카드인가 뭔가 그거 아 ▲▲카드 말씀이실까요? 네. 아 네. 이 카드 분실하셨던 장소나 날짜 기억하세요? 아유 우리 사장님이 갖고 나갔는데 물건을 보러 갔다가 분실했다는 것 같애, 전화가 지금 막 와가지고. 그러셨군요. 그럼 분실 장소는 모름으로 해서 분실 일자 오늘로 접수해드릴 텐데 괜찮으세요? 네. 네, 이 카드로 ▲▲월 ▲▲일 날 봄에 시장에서 ▲▲원 사용하신 게 마지막 사용 건이세요. 예, 거기서 이듬해 그때 거기서 아 그러시면 연락가능하신 전화번호가 ▲▲▲▲에 ▲▲▲▲번 맞으세요? 네. 감사드리고요, 시장은 그러면 회원님께서 이용하신 건 맞으신 거죠? 네. 네, 카드는 안전하게 분실 접수해드려서 지금부터 카드 사용은 바로 안 되시니 염려 안 하셔도 되고요, 저희 ▲▲카드 외에 다른 타사 카드나 핸드폰 같이 분실하신 건 없으시고요? 예. 아 네, 알겠습니다. 지금 바로 카드 분실 접수는 해 드렸구요, 카드 재발급 진행까지 필요하실까요? 네. 재발급 받아야 되겠죠? 그거 어차피 분실해서 찾을 수 있을래나 모르겠네요. 재발급으로 해 주세요, 재발급. 네, 알겠습니다. 분실하신 카드 찾으신 경우에도 재발급 취소가 어려우실 수 있는데 괜찮으세요? 네, 괜찮아요. 어쨌든 뭐 저기니까 그 카드 쓰면 되고 만약에 찾으면 짤라버리면 되잖아요. 네. 알겠습니다. 예. 맞아요. 네. 카드는 자택과 직장 중 어디로 배송해 드릴까요? 직장으로 보내 주세요. ▲▲▲▲▲▲▲▲▲▲ 맞으세요? 네, 맞아요. 네, 카드는 평일 기준 5일 내로 배송되고 카드 번호 변경되며 재발급 전 카드로 자동 이체 연결하신 건이 있을 경우 보유 중인 카드 중 한 가지로 청구될 수 있으므로 자동 이체 원치 않으시면 해당 기관 통해서 해지해 주시구요. 재발급해 드린 카드는 손님께서 본인이 직접 수령하시거나 직접 수령 어려우실 경우 직장 동료분이나 가족분께서 대신 수령하실 수 있습니다. 발급 관련해서 유의 사항은 문자 보내 드리니 내용 꼭 확인해 주시구요, 지금 분실 신고 후에 재발급 처리까지 완료되었는데 분실 관련해서 더 염려스러우신 부분은 없으실까요? 네. 네, 저희 ▲▲카드 이용해주셔서 감사드리고요. 저는 ▲▲▲이었습니다. 네. 감사합니다.",0,A
normal_A_0470,"일상의 즐거운 변화 LGU+ <NAME>입니다. 여보세요? 아 네. 안녕하세요? 예. 이거 지니뮤직 해지를 어떻게 해야 돼요? 지니뮤직 지금 뭐 유료 월정액이 가입되어 있으실까요? 예. 예. 한번 확인해 드릴 텐데, <NAME> 고객님 본인 맞으십니까? 네. 네. 확인 너무 감사드리구요. 잠시만 기다려 주세요. 예. <DATE>, <CHARGE>씩 지금 요금 나가고 있는 거 확인되는데, 이제 U+는 이 요금 지니뮤직에서 고객님 결제하는 거는, 그냥 청구만 하는 역할이어서요. 예. 지니뮤직 쪽으로 문의해 주셔야 되는데, 고객센터 번호 제가 문자로 안내해 드렸거든요. 네. 네. 문자 한번 확인해 주시겠습니까? 네. 확인하는데 지금 1년 되는 거 뭐 뭐 있어요? 네. 네. 그쪽으로 한번 전화 주세요. 지금 분실파손보험 있으시구요. 그 패스 금융사기 방지 <CHARGE>, 휴대폰번호보호서비스 <CHARGE> 이렇게 있으세요. 네. 휴대폰 보호 서비스는 뭐예요? 어떤 건지 확인해 드릴게요. 잠시만요. 이거 휴대폰으로 인증하실 때 비밀번호 입력 절차를 한번 추가해 가지고 휴대폰 번호를 도용하는 거를 방지하는 서비스라고 하거든요. 네. 그리고 금융사기 방지라고 하는 거는요, 이것도 한번 확인해 볼게요. 이거는 금융 거래하실 때 금융거래 뭐 알림이라든지, 뭐 신고 내역이라든지, 이런 거를 신고 관리 기능 이런 걸 제공해 가지고, 고객님이 금융거래를 좀 안전하게 하게 이렇게 도와주는 서비스라고 해요. 네. 그거 말고는 없다는 거죠? 네. 그렇게 두 개 있으시고, 분실파손보험은 고객님 이제 원래 들어 주신 것 같고요. 예. 알았어요. 네. 따로 뭐 부가서비스, 제가 삭제 안 해드려도 괜찮을까요? 네. 삭제해 주세요. 그러면 2개는 제가 삭제 좀 해드리겠습니다. 네. 추가문의 사항 따로 없으시구요? 네. 네. 남은 시간 화이팅 하시고 건강 유의하세요. 네. 네. 감사합니다.",0,A
normal_A_0471,"▲▲카드 ▲▲▲입니다. 네, 9월 달 결제 네, 리볼빙된 부분 좀 결제해 주세요. 네. ▲▲▲ 고객님 본인 맞습니까? 네. 네, 이월된 금액이 지금 얼마인지 확인해보니 100만원인데요, 결제 계좌에서 바로 출금해 드릴까요? 네. 잠시만 기다려 주세요. 네. 기다려주셔서 감사합니다. 바로 출금되십니다. 네. 감사합니다. 네, 말씀하세요. 아 저기요, 그 모바일 앱에서 이월된 금액만 결제가 안 되던데 어디 따로 들어가는 데가 있어요? 예, 있습니다. 나무페이 앱에 들어가시면 우측 하단에 전체라는 메뉴가 있습니다. 예, 전체 메뉴 누르시고 밑으로 내리시면 즉시 선결제 아니, 바로 보이시잖아요? 예, 건별로밖에 안 나오던데요? 예, 즉시 선결제 들어가면 옆에 건별 즉시 결제, 초록색 ▲▲ 보이시고요, 누르신 다음에 밑으로 조금만 내리면 저희가 좀 보고 말씀드릴게요. 예. 어 청구 단위나 카드 선택은 닫으시고 밑으로 조그만 내리면 일부 결제가 조회 구분하고 밑에 뭐 리볼빙 구분이라고 있습니다. 리볼빙 구분에 이월이라고 전체 말고 옆에요. 네. 이월 누르시고 조회하시면 이월 금액만 조회됩니다. 예. 그 전체 누르면 예, 전체 누르면 아예 전체 금액이 나오고 아니요, 조회 구분 전체는 놔두시고 밑에 이월만 누르시고 조회 누르시면 밑에 건별로 이월된 금액만 건별로 쭉 보이시는거고 체크해서 결제해 주시면 돼요. 네, 그거를 전체 눌렀더니 그 전체 금액도 300만 얼마가 나가서. 예, 예. 다시 한번 해볼게요. 예. 아니요. 지금은 이월된 금액이 없고요, 제가 선결제했으니까 그 전체 이용 구분 그거 밑에 내리시면 리볼빙 구분이라고 있어요, 고객님. 네, 다음에 한 번 해볼게요. 리볼빙 예, 이월 금액 누르시고 다시 한번 해보세요. 네. 감사합니다. 상담원 ▲▲▲였습니다. 네.",0,A
normal_A_0472,"상담원 ▲▲▲입니다. 그냥. 안녕하세요? 예 여보세요? 예. 네, 지금 그 카드 일반결제로 변경 좀 할려고 하는데요. 예. 네, 문자를 주셨는데 저희가 지금 아니고 일반 결제까지는 들어왔는데 여기서 문자상으로는 가입 불필요 라고 돼 있는데 카드 변경을 누르니까 로그인을 해달라고 하거든요. 예, 변경. 네, 그 다음에 진행이 안 돼서요. 일단 정보 먼저 확인하겠습니다. 휴대폰 번호 말씀해 주세요. 예 잠시만요. 예 기다리겠습니다. 여보세요? ▲▲▲ 예. ▲▲▲▲ ▲▲▲▲▲ ▲▲▲▲ 지금 그 생년월일 말씀해 주세요. ▲▲▲▲▲▲ 전화주신 손님 본인에 성함 말씀해 주세요. ▲▲▲ 결제 은행 말씀해 주세요. ▲▲은행입니다. 예, 소중한 정보 확인 감사드립니다. 지금 문자 받으셨는데 이제 마이페이지 들어가셔서 안심 서비스 들어가셨죠? 예. 마이페이지에서 안심 서비스 들어가셨죠? 네 네. 지금 일반결제 안심 클릭 서비스 들어가있거든요. 일반 결제 들어가신 다음에 가입하셨을까요? 아니요. 카드 변경 해지 그거 지금 그걸 눌렀는데 문자 상으로 로그인 불필요라고 적혀 있었거든요. 예. 그런데 지금 그 로그인을 하라고 하니까 예. 그래서 지금 그것 때문에 저희도 지금 그렇게 진행이 안 되고 있어서요. 아, 로그인을 하라고 안되어 있다고 말씀하셨나요? 네 네 네 네. 비밀번호 뭐 로그인하셔야 편하게 가입 뭐 비밀번호 변경도 업무처리를 할 수 있습니다 라고 돼 있거든요. 등록된 여기 밑에 신청방법 보니까 뭐 등록할 카드 선택 이런 거 있던데 진행이 안 되나요? 예, 아예 안 떠요. 그러면은 그 입력해야 될 정보가 어떤 거죠? 어 지금 저 ▲▲카드로 돼 있는데 그거를 일반 카드를 변경할려구요. 아 지금 그 일반결제서비스가 ▲▲카드로 되어 있으시다고요? 네 네 네 네 네 네 네 네. 일반결제서비스 일반결제 마이페이지에 안심 서비스 일반 결제 예. 들어오면서 그 가입할때 입력해야 될 정보가 어떤 게 뜨나요? 지금 보니까 로그인만 하라고 지금 떠요. 로그인. 아 로그인하라고요? 네 네. 알겠습니다. 그러면 로그인 해야 된다고 하시니까 제가 이 부분 확인해보고 다시 한번 연락드리도록 하겠습니다. 예 알겠습니다. 그 사모님 전화번호 주시면 될 거예요. 아 예 알겠습니다. 네 감사합니다. 예 감사합니다. ▲▲카드 ▲▲▲입니다. 예.",0,A
normal_A_0473,"상담원 ▲▲▲입니다. 예, 여보세요? 네, 여보세요? 예, 안녕하세요. 저기 제가요, 그 휴대폰 그 스미싱을 당해서 지금 다 정지 시켜놨는데요. 카드 ▲▲카드도 정지 시켜놨어요. 그런데 이 ▲▲카드에서 그 주거래 은행인지 ▲▲은행이었는데요, ▲▲은행 그 주거래 은행 통장을 오늘 바꿨어요. 네, 손님. 아까 했는데 지금 ▲▲▲▲카드를 지금 정지 할 수 있을까요? 그 정지 시키는 거요. 네, 그럼 제가 본인 확인 후에 빠르게 도움 드리겠습니다. 등록돼 있는 휴대폰 번호가 어떻게 되십니까? 네. ▲▲▲ 네. ▲▲▲▲▲▲▲▲▲▲요. 네, ▲▲▲ 님 본인 성함과 생년월일 말씀해 주시겠습니까? ▲▲▲▲▲▲ 네. 성함이요. ▲▲▲ 네, 결제 은행은 신행은행이라고 말씀해 주셨고요. 예. 네, 감사합니다. 그러면 ▲▲은행이신데 계좌 번호가 변경되셨다는 말씀이시고요. 네, 계좌 번호를 바꿨어요. 네, 알겠습니다. 그럼 결제 계좌 번호 변경해드리고 재발급 신청한번 해 드려도 괜찮으시겠어요? 아 그런데 제가 ▲▲▲▲ 머네요. 개인정보 유출자를 등록해놔 갖고 이 카드를 재발급 받으려고 그러는데 안 된다고 써야 된다고 라는 바람에요. 그거는 불러주셔야 되세요, 발급 방지는요. 아 지금은 그냥 쓸 수 있는 거는 안 풀어도 가능한 건가요? 그냥 발급을 해주실려면 손님께서 발급 방지를 풀어주셔야지 발급이 가능하십니다. 신용카드 비번만 바꾸고 통장 주거래 통장 계좌만 바꿔서 사용할 수 있나요? 네, 손님께서 금감원 쪽에 발급 방지 락 걸려 있다고 말씀해 주셨잖아요, 그거는 이제 통장이 아니라 손님 그 주민 아이디 앞으로 발급 방지가 걸리신 거세요. 그래서 통장을 바꿔 주셔도 발급 방지 같은 경우에는 풀어주셔야지 이제 재발급이 가능하십니다. 아 지금은 제가 재발급이 아니라 그냥 저 저기 주거래 통장만 변경 하는 거잖아요? 계좌만. 아 계좌 변경 하시고 기존에 소지하셨던 카드를 그대로 사용해주신다는 말씀이실까요? 예, 제가 물어보고 싶은 거는 주거래 통장을요 저 계좌변경을 하고요. 이 신용카드 비번을 좀 바꿔서 사용이 가능한가 싶어서 물어보는 거예요. 네, 그러면 제가 전산 처리해 드리도록 하겠고요. 변경 원하시는 계좌 번호가 어떻게 되실까요? 예, ▲▲▲. 네, 손님 근데 현재 확인해 보니까? 결제일 ▲▲일이신데요, 오늘이 ▲▲일이시잖아요, 그래서 결제일 당일에는 결제 계좌 변경이 어려우셔서 결제일 이후에 전화주셔가지고 결제 계좌 변경해 주시고 그다음에 카드 비밀번호 변경해 주셔야 되십니다. 아 그래요? 그러면 오늘 결제일이에요? 네, 오늘 결제일로 확인되고 있으세요. ▲▲일이요. 예. 그래요. 네, 맞습니다. 아까 그러면 아까도 통화를 했었는데 오늘 결제를 좀 해달라고 부탁드렸었는데 그러면 아 결제일이시면은 결제 계좌 변경이 저희가 전산상 처리 처리가 불가하시기 때문에 손님께 결제일 이후에 전화주셔가지고 결제 계좌 변경해 주시고 비밀번호 변경해 주셔서 카드 사용 가능하신지 확인해 주시면 되세요. 아 그래요? 네, 맞습니다. 그러면 알겠습니다. 고맙습니다. 네, 감사합니다. 상담원 ▲▲▲였습니다. 예.",0,A
normal_A_0474,"▲▲카드 상담원 ▲▲▲입니다. 네, 안녕하세요? 저 뭐 하나만 물어볼게요. 네, 저기 저 카드에 할부 금액이 있거든요? 네, 안녕하세요? 네. 바로 확인해 드려도 될까요? 네, ▲▲▲ 님 본인 맞으시고요? 확인 감사합니다. 네, 할부 이용하신 건이 3건 있으세요. 네 네 네 네. 그럼 그거 다 어 다 그냥 은행에서 빼 가시라고 전화드렸거든요. 아 그러세요? 할부 결제금액만 3건 선결제 도와드리면 될까요? 뭐 어 선결제 예, 오늘 기준으로 원금 수수료 합쳐서 300000원이시고요. 할부 건이요, 손님. 아 네 네. 예 예. 손님의 결제 은행인 ▲▲은행에서 바로 출금해 드리면 될까요? 어 네. 네, 잠시만 기다려주세요. 이거 네, 손님 기다려 주셔서 감사합니다. 결제 처리가 완료되셨습니다. 아 그러면 이제 그 저 뭐지? 어 뭐를 그 할부금도 없고 카드 쓴 내역도 없죠? 예. 예, 지금 카드론 금액만 있으신것 같습니다. 예, 카드론은 그 거기가 이제 카드론 내려고 500000원 통장이 있거든요. 그것도 ▲▲은행 통장에서 가져가시면 되는데 네 네. 500000원 선결제를 요청하시는 게 맞으세요? 네 네 네 네 네, 그 저기 뭐지, 그 카드론. 잠시만 기다려 주세요. 네, 카드론 금액에서 500000원요. 혹시 네, 손님의 결제는 ▲▲은행에서 출금해 드리겠습니다. 잠시 기다려 주세요. 네 네 네. 예 예 예 네. 네, 기다려주셔서 감사합니다. 카드론 금액 중에서 500000원은 결제해 드렸고요 남은 금액을 말씀드려도 될까요? 예, 오늘 기준으로 9500000원 남으셨습니다. 네 네 네 예 예. 아 9000000원 정도 남았어요. 네, 9500000원이요 아 그러면 어 매달 얼마씩 나오나 좀 물어봐도 될까요? 네, 손님 일단 1회차에서 이제 3회차까지는 이자만 납부되시는 거고요. 네. 일단 3월에는 100000원 나가시고요. 네. 그리고 4월에는 100000원 네. 5월에는 100000원 그리고 6월부터는 원금과 이자를 합쳐서 550000원 나가시고요. 네. 마지막 회차만 금액이 달라집니다. 아 그러면 어 6월부터는 500000원 정도 나가는 거라고 잡으면 되겠네요. 6월 들어서 550000원이요. 아 네, 알겠습니다. 감사합니다. 그리고 또 나중에 중간에 돈 갚으면 이자와 원금이랑 네 손님, 원금이 줄어들죠. 예, 알겠습니다. 감사해요. 네, 감사합니다. 상담사 ▲▲▲이었습니다. 네.",0,A
normal_A_0475,"일상의 즐거운 변화 LGU+ <NAME>입니다. 네, 여보세요? 아 네, 고객님 말씀하십시오. 예, <DATE> 요금이 <CHARGE> 너무 많이 나와서요. 아 그러셨군요. 놀라셨을 텐데 바로 확인해 보도록 하겠습니다. 네 네. 잠시만 기다려 주세요. 전화 주신 분 성함이 <NAME> 고객님 본인 맞으십니까? 예, 맞아요. 그 <DATE> 요금 확인해 보니까 <CHARGE> 넘게 출금되신 적은 없는데 혹시 휴대폰 요금 말고도 다른 쪽으로도 납부하시는 거 있으실까요? 아니 통신요금하고 이거는 우리 신랑하고 같이 우리 신랑 핸드폰밖에 없는데. 지금 고객님 전화 걸어 주신 핸드폰 같은 경우엔 <CHARGE>이 나왔구요. 혹시 고객님 명의로 다시 개통되어 있는 번호도 있으실까요? 네, 잠시만요. 네 네. <MOBILE_NUMBER>요. 감사합니다. <NAME> 고객님 명의로 확인되었구요. 네. 이쪽에 지금 요금 납부된 것도 <DATE>에 확인해 보니까 2개월 분이 결제되셨어요. 이게 <DATE> 요금이 납부가 안되어 가지고 지금 <CHARGE>이랑 <CHARGE> 합해서 <CHARGE>이 출금이 됐거든요. 네, 맞나요? 이 금액도 있고 고객님께서 말씀하신 <CHARGE> 금액은 <DATE>이 그 미납요금 좀 2개월치 한꺼번에 결제하시면서 <CHARGE> 결제하신 이력 외에는 <CHARGE>넘게 나온 적이 없는데요. 잠시만요, 제가 신한카드에서 나가나요? 아 네. 잠시만요, 제 신한통장으로 신한카드에서 나가는 거 맞죠? 지금 불러주신 두 번째 번호 같은 경우에는 지로로 해서 직접 납부하시는 걸로 되어 있구요. 예. 지금 전화 주신 핸드폰 같은 경우는 신한카드로 나가는 게 맞습니다. 근데 이게 통합되어져 나가진 않죠? 네, 각자 따로따로 나가고 있어요. 그렇죠? <CHARGE> 금액은 기기 중에 어떤 걸 보신 건지 말씀해 주시면 제가 한번 찾아볼게요. 아니 지금 안 보이는데 지금 <CHARGE>가 아니라는 거예요? 어 예, 맞아요. 그게 <DATE>에 출금되셨던 이력을 보니까 고객님께서 그 사용하신 핸드폰 같은 경우 <CHARGE>가 나오셨고, 그 아까 두 번째 불러주셨던 번호 같은 경우에는 즉시 납부를 하셨는데 근데 이거 같은 경우에는 고객님 사용하고 계신 휴대폰 요금 <DATE> 요금, <DATE> 요금이랑 <DATE> 요금이랑 합해서 <CHARGE> 정도가 나갔어요. 네 네. 그래서 <CHARGE> 금액이 같이 한꺼번에 나간 거니까 그 <DATE> 기본료 결제해 주신 이력이 있거든요. 이게 근데 나와 있다고 했잖아요. 맞으세요. 이제 <DATE> 요금을 같이 한꺼번에 납부하시면서 <CHARGE> 넘게 납부하신 적은 있어요. 그거 말고는 없어요. 왜 한꺼번에 다 결제됐죠? 그 카드 자동이체예요? 그때 미납요금이셨어요. 아 그래요? 고객님 제가 지로로 되어 있는 거는 이제 매달 자동이체가 아니다 보니까 한 달 거 보니 납부하는 게 현재 그 미납되어 있는 거를 두 달 분을 해서 같이 결제하시는 거 있더라구요. 아 그러면은 이게 지금 카드 결제가 바꿨거든요. 그러면서 경남에서 안 빠져나가고 이게 신한에서 빠져나가는 거죠? 이게 지금 <CHARGE> 금액이 나간 건이 없는 것으로 보이세요. 근데 <DATE> 이게 조회할 수 있는 건데 안 보이던데. 아니요, 지금 그 고객님께서 쓰시고 있는 휴대폰 말구요. 두 번째 불러주셨던 핸드폰 번호 같은 경우에는 납부되는 거 보니까 <DATE> 요금이 <CHARGE>이고, <DATE> 요금이 <CHARGE>이예요. 예. 이게 소액결제금액이 조금 포함이 되어 있어서 그런 거 아니에요? 아 그러면 신한카드로 하다가 제 신한카드랑 상관없는 거죠? 예, 상관이 없어요. 네, 알겠습니다. 네, 다른 게 더 필요하신 것도 있으실까요? 아니요. 아 네, 감사합니다. 고객님 오늘도 기분 좋은 하루 보내십시오. 네. 네.",0,A
normal_A_0476,"일상의 즐거운 변화 LGU+ <NAME>입니다. 아 예. 안녕하세요? 네. 인터넷, 인터넷이 안 돼요. 혹시 그게 휴대폰 인터넷인지, 아니면 댁에서 사용하시는 인터넷이요? 아 휴대폰이요. 데이터, 데이터가 뭐냐, 뭐 이런 거 아닌데 무제한인데 그래요. 어 데이터 안 되신다면 얼른 확인해 볼게요. 우선 입력해 주신 <NAME> 고객님과의 관계와 성함이 어떻게 되시나요? 실사용자 <NAME>입니다. 네. 현재 등록된 요금 납부방법은 통장, 카드, 지로 중 어떻게 되십니까? 통장으로 돼 있네요. 신협 내 이름으로 돼 있을 거예요. 네. 확인 감사합니다. 혹시 고객님 데이터가 아예 안 되는 건가요? 아니면 속도가 조금 제어되는 건가요? 아예 안 돼요. 지금은 영상을 볼 수 있는 요금이 얼마 있잖아요. 네. 네. 그런데 영상이 끊기고 그리고 이제 이젠 아예 재생이 안 돼요. 어 고객님, 혹시 지금 고객님에 이 요금제 다 이제 매일매일 5GB 제공되는 게 <CHARGE> 기본료 요금제인데요. 이게 하루에 5GB를 다 소진하시고 나서는 속도가 조금 제어가 되는 요금제거든요. 네. 음 일단은 지금 최근에 뭐 2.5GB를 사용하신 경우 간혹 있는데, 이게 5GB가 넘어가야 속도가 조금 제어가 되는 거라서요. 어 그래요? 네. 혹시나 뭐 오늘 조금 데이터를 많이 사용을 하신 게 있으세요? 아 영상을 좀 많이 보는 편이라서요. 그러면은 고객님 하루 5GB 정도면 영상 보는데 금방 소진될 수 있어서, 이게 5GB를 다 쓰면 속도가 조금 느려지고 다시 12시가 되면은 이제 데이터가 다시 5GB가 들어오거든요. 근데 제가 집에 있을 때는, 실내에 있을 때는 일단 와이파이를 이용해서 보거든요? 혹시 와이파이랑 데이터로 그럼 동시에 켜두신 건 아니세요? 아 그게 가능해요? 동시에 켜준다면은 이게 와이파이 신호랑 데이터 신호라 이렇게 번갈아 가면서 잡으면서 오히려 속도가 더 지연이 될 수가 있어 가지구요. 아니면 차라리 와이파이는 끄고 이용을 해주시는 게 훨씬 더 원활하게 이용이 되실 거예요. 아 일단 알겠습니다. 그럼 뭐 어떻게 절차 방법은 없네요? 일단은 이게 요금제에 데이터가 이렇게 하루 제한이 있는 거라서 일단은 2개 같이 다 받으신 거라면, 와이파이는 한번 꺼 주시고 이용을 해봐 주시는 게 좋으실 거예요. 알겠습니다. 어 네. 혹시 다른 문의 사항은 더 없으실까요? 예. 없습니다. 알겠습니다. 혹시나 이용 안 되시면, 아니면 고객님 제가 다시 한번 확인 전화를 드릴까요? 네. 네. 일단은 와이파이 꺼 보시고 한번 이용해 보시구요. 네. 지금 계속 이제 휴대폰 보고 계신 거죠? 그러면 넉넉하게 한 30분 뒤쯤에 제가 그 와이파이 끄시고도 잘 이용이 되시는지, 확인 전화 한번 드릴게요. 아 예. 감사합니다. 아 네. 그러면 잠시 뒤에 뵙도록 하겠습니다. 네. 감사합니다.",0,A
normal_A_0477,"안녕하세요~ ▲▲/▲(▲)부터 4박 예약하고 싶어요. 얼스위트 오션뷰로 성인 2명, 아동 2명(만 2살, 5살)으로 문의합니다. 안녕하세요~ ▲▲/▲부터 4박 예약 가능해요. 얼스위트 오션뷰 패키지가 $1708이고, 아동 2명일 경우 에어로베드 1개가 의무 추가돼서 $90가 더해져요. 총 $360이 추가됩니다. 호텔 특전이나 포함사항은 어떤 게 있나요? 호텔 특전으로는 더카페에서 디너 2인 1회 제공되고, 조식은 여러 레스토랑에서 선택 가능해요. 버틀러 서비스도 제공되고, 리조트와 빌라 부대시설도 이용할 수 있어요. 매일 애프터눈티와 칵테일도 제공됩니다. 아동에 대한 특별한 서비스가 있나요? 아동 6세 이상은 애프터눈티가 하루에 $30로 제공돼요. 그리고 3박 이상 예약 시에는 무료 공항 픽업 서비스도 있어요. 예약을 진행하려면 어떤 정보를 빠짐없이 제공해야 하나요? 예약 진행하려면 전원 영문과 한글 성함, 생년월일, 대표자 핸드폰 번호, 발리 도착 후 연결 가능한 카톡 아이디, 도착 항공편명을 이메일로 보내주시면 됩니다. 오늘 기준으로 객실이 가능한가요? 네, 오늘 기준으로 객실이 가능합니다. 예약 원하시면 필요한 정보 보내주세요. 감사합니다. 바로 연락드릴께요.. 감사합니다! 연락 기다릴게요. 좋은 하루 되세요!",0,A
normal_A_0478,"안녕하세요, 여행사에 문의 드립니다. 성인 2명과 어린이 1명(만 11세)으로 ▲월 ▲▲일부터 ▲▲일까지 3박 동안 파드마 우붓에 숙박하고 싶어요. 프리미어 더블룸과 프리미어 클럽룸 두 가지 모두 견적 부탁드립니다. 안녕하세요! ▲▲▲▲입니다. 파드마 우붓은 현재 전 객실이 스탑세일 기간이라 예약이 어렵습니다. 다른 숙소를 고려해 보시는 건 어떠세요? 아, 그렇군요. 그럼 ▲월 ▲▲일부터 ▲▲일까지 하드락, 코트야드 바이 메리어트 스미냑, 파드마 레기안 세 군데의 견적은 어떻게 되나요? 네, 확인해보겠습니다. ▲월 ▲▲일부터 ▲▲일까지 코트야드 스미냑의 Deluxe Pool View는 2박에 $296입니다. 아동 베드쉐어시 조식은 $20이고, 엑스트라베드 사용 시 $90입니다. 파드마 레기안은요? 파드마 레기안의 Deluxe Chalet는 2박에 $514입니다. 아동 베드쉐어시 조식은 $30이고, 엑스트라베드 사용 시 $60입니다. 하드락은 어떤가요? 하드락은 현재 객실이 없어서 예약이 불가능합니다. 다른 옵션으로 고려해 보시는 게 좋을 것 같아요. 알겠습니다. 그럼 코트야드 스미냑으로 예약하고 싶어요. 필요한 정보는 어떻게 보내면 되나요? 예약 진행 원하시면 전원 영문 및 한글 성함, 생년월일, 대표자 핸드폰 번호, 도착 항공편명을 이메일로 보내주시면 됩니다. 네, 알겠습니다. 감사합니다! 감사합니다!! 예약 관련해서 궁금한 점 있으면 언제든지 문의해 주세요. 좋은 하루 되세요!",0,A
normal_A_0479,"상담원 ▲▲▲입니다. 네, 여보세요? 일할이 아니고 저기 환급 처리할 물건을 사서 반품했는데 이번 달에 카드로 산 건데 ▲▲개월 무이자에 ▲▲달 뒤 결제가 됐더라고요. 아 그러신가요? 취소가 잘 됐는지, 그리고 이미 납부된 금액은 어떻게 되는지 다시 확인해볼게요. 휴대폰 번호가 어떻게 되십니까? 네, 네. ▲▲▲▲▲▲▲▲▲▲ 전화 주신 본인 손님 성함과 생년월일이 어떻게 되세요? 예. ▲▲▲, ▲▲▲▲▲▲ 네. 결제 은행이 어떤 은행입니까? ▲▲은행입니다. 그러면 그 혹시 ▲▲홈쇼핑 ▲▲▲▲원, 그리고 ▲▲▲▲▲원 조건이 있었는데 이 내용들 말씀이신가요? 그런데 ▲▲달이 넘게 나왔더라고요? 반품했는데. ▲▲▲▲라면 지난 ▲▲월 ▲▲일, ▲▲월 ▲▲일 이 조건을 말씀이신가요? 예, 맞습니다. 어 ▲▲월 ▲▲일 날 ▲▲▲ 이게 나갔네요. ▲▲월 ▲▲일 날 그럼 청구서가 만들어진 건 ▲▲월 ▲▲일인데 청구서가 만들어지고 나서 ▲▲월 ▲▲일에 취소가 됐거든요. 어 그런데 이걸 출금하는 날짜는 ▲▲월 ▲▲일이에요. 그런데 ▲▲월 ▲▲일 전에 이미 취소가 됐기 때문에 네. 실제로 뭐 청구서에는 적혀 있지만 이 금액보다 적게 출금할 거거든요. 그거 빼고 출금할 거라서 어 지금 청구서를 보시면 ▲▲▲▲▲▲▲원이라고 되어 있을 거예요. 네, 네. 그런데 그 중에서 취소가 된 금액 빼고 ▲▲▲▲▲▲▲▲원으로 결제할 예정이었거든요. 이게 무슨 일인지, 카드에는 ▲▲ 얼마 빠져나간다는 합계가 나갔다고요? 그래서 예, 그 첫 달 부분을 빼고 결제할 거예요. 아직 출금 전이거든요. ▲▲월 ▲▲일날 이것보다 적은 금액으로 출금될 겁니다. 네, 알겠습니다. 아 네, 상담원 ▲▲▲이었습니다.",0,A
normal_A_0480,"상담원 ▲▲▲입니다. 안녕하세요? 네, 안녕하세요? 다름이 아니고요, 어 지금 문자가 왔는데 이건 어디인가요? 그걸 어떻게 하라고 문자를 보내 주는데. 네, 무슨 내용인지 확인하도록 하겠습니다. 손님 생년월일과 휴대폰 번호를 말씀해 주시겠습니까? ▲▲년 ▲▲월 ▲▲일이고요, ▲▲▲▲▲▲▲입니다. 네, 전화 주신 손님 본인 성함을 말씀해 주시겠습니까? ▲▲▲ 카드 결제 은행이 어느 은행이십니까? ▲▲은행이요. 확인 감사합니다. 일단 손님 저희 ▲▲카드 매월 일시불에 대해서는 최소만 납부하고 계속적으로 이월을 하고 계시거든요. 손님께서 결제하시는 부분에 대해서 그동안은 손님께서 비율을 지정하셨기 때문에 납부가 잘 되었으면 따로 안내가 되지는 않았는데요, 그러니까 손님들이 이렇게 최소 금액을 납부하고 이월하는 내용을 모르는 경우들이 있으셔서 이월 금액이 발생되면 이렇게 이월 금액이 발생되었다는 안내가 되도록 좀 변경이 된 거고요. 네. 네, 따로 지금 비율을 변경하지 않으신다면 다음달 ▲▲월이래도 당사에 일시불이나 단기 대출 최소만 청구하고 계속적으로 이월은 될 겁니다. 그런데 이월되고 있는 금액이 이 정도가 있다는 안내라고 봐 주시면 됩니다. 예, 알겠습니다. 그러면 지금 당장 갚아야 되는 건 아니죠? 네, 우선은 계속 이월이 되고 있다는 안내인 점 참고해 주셔야 되고요, 혹시나 하는 부분이 있으니 또 상환을 하실 계획도 하실 수 있도록 안내 됐다고 보시면 되세요. 예, 알겠습니다. 네, 감사합니다. 상담원 ▲▲▲이었습니다. 감사해요. 수고하세요. 예, 수고하세요.",0,A
normal_A_0481,"안녕하세요. 성인 2명과 아동 2명(9세, 6세)과 함께 여행 계획 중인데요. ▲▲일부터 ▲▲일까지 코네마카 비스마, ▲▲일부터 ▲▲일까지 림바 짐바란 예약하고 싶습니다. 기본 룸과 엑스트라 베드 1개 추가 가능한지, 그리고 가격이 궁금합니다. 안녕하세요! ▲월 ▲▲일부터 ▲▲일까지 코마네카 비스마에서의 예약은 가능합니다. Bisma Suite Room은 2박에 $414이고, 아동 1명 조식과 엑스트라 베드 추가는 2박 동안 $110입니다. 그럼 림바 짐바란은요? 가격이 어떻게 되나요? 림바 짐바란은 ▲월 ▲▲일부터 ▲▲일까지 예약할 수 있어요. Forest View Room은 하이 시즌 2박과 레귤러 시즌 1박으로 총 $783입니다. 아동 1명 조식과 엑스트라 베드 추가는 3박 동안 $150이에요. 혹시 림바 호텔의 특전 같은 것도 있나요? 네, 림바 호텔에서는 객실당 2인 기준으로 탈라소테라피 풀 1시간 1회와 맥주 또는 음료 2인 1회 제공해요. 3박 이상 예약 시에는 무료 공항 픽업 서비스도 제공됩니다. 조식은 포함되어 있는거죠? 네, 전원 조식이 포함되어 있습니다. 오늘 기준으로 가능한 객실로 안내드렸어요. 감사합니다. 예약 원하시면 정보를 이메일로 보내주시면 됩니다. 영문 및 한글 성함, 생년월일, 대표자 핸드폰 번호, 도착 항공편명 등을 포함해 주세요. 이해했습니다. 감사합니다! 감사합니다! 궁금한 점이 생기면 언제든지 문의해 주세요. 편안한 여행 되세요!",0,A
normal_A_0482,"상담원 ▲▲▲입니다. 아 카드사에서 납부 좀 하려고요. 네, 확인해 보겠습니다. ▲▲▲ 님 본인 맞으신가요? 네, 네 네. 네, 반갑습니다. 얼마 결제하시는 걸까요? 아 네, 그 우선 관련해서 좀 물어보려고 하는데요. 혹시 가족분한테 그 설명을 부탁드려도 될까요? 네. 옆에 같이 계신 거예요? 네, 네. 네, 상담 연결되면 대신 업무 처리해 드려도 괜찮으실까요? 네, 네. 네, 연결 부탁드립니다. 어 여보세요? 안녕하세요? 상담사 ▲▲▲입니다. 문의사항 말씀해 주시겠어요? 네, 네 네. 그거 통신 저기 그 5월달 내는 날짜가 20일인가 그런가 봐요. 네. 그런데 지금 미리 내면 뭐 그 다음 달로 이월되는, 이번 달에 또 사용하면 다음 달이라는 건가요? 어 일단은 지금 5월 20일 날 청구되는 게 오늘까지 쓰신 금액이 나오기 때문에 예. 네, 추가로 더 매입되는 금액이 있으시면 지금 결제하시고 더 나올 금액이 없는데 혹시라도 자동이체라든지 오늘까지 매입되는 금액이 있으면 또 나올 수 있으세요. 그러면 오늘 지나서 이제 사용하면 되겠네요. 네, 맞습니다. 그러니까 매월 그러면 ▲▲일 정도 지나야 되나 봐요. 네, 매월 1일부터 말일까지 있으세요. 그러면 결제할 금액이 얼마인가요? 아직 확정은 아니라 변동될 수는 있고요, 현재 기준으로는 1,120,000원입니다. 백십이만 원 ▲▲▲▲▲▲ 백십이만 원입니다. 그렇군요. 네. 이게 지금 할부로 남을 수 있는 거 있나요? 일시불 금액 중에서 지금 이십칠만 원 이상이 베스트 평과에서 60,000원이랑 그리고 케이에스 120,000원 있고 그리고 부대 일어나 사람들에서 90,000원이 있으세요. 그러면 세 개해서 ▲▲원 하면 좀 제외했을 때 빼주시겠어요? 할부 수수료가 부과되는데 괜찮으세요? 예. 네, 몇 개월로 변경해 드릴까요? 3개월이요. 네, 변경 완료해 드렸고요. 금액이 변경돼서 945,000원입니다. 945,000원 네, 945,000원. 그러면 확정 들어가요? 네, 아직 확정은 아니세요. 그럼 내일 다시 전화드려야겠네. 네, 네 저희가 주말이라서요. 월요에 연락 주셔야 돼요. 아 주말. 그러면 아 오늘 사용하면 안 된다 했죠? 네. 혹시 지금 남아 있는 잔액이 얼마입니까? 잔여 한도가 삼십오만 원입니다. 포인트는 있나요? 아니요, 포인트는 지금 남은 거는 없으세요. 어 지금 뭐 한도 상향은 안 되나요? 바로는 어려우시고요. 아니시면 지금 일부 쓰셨던 카드 대금을 미리 선결제 하시고 복원도 가능하세요. 일단 알겠습니다. 네, 상담원 ▲▲▲이었습니다. 예.",0,A
normal_A_0483,"일상의 즐거운 변화 LGU+ <NAME>입니다. 네, 여보세요? 네, 여보세요? 안녕하세요? 네, 계좌번호 좀 바꾸고 싶어서 그러는데요, 자동이체 계좌번호요. 그럼 바로 확인해서 변경 도와드리겠습니다. 전화 주시는 분 <NAME>님 본인되십니까? 네, 맞습니다. 네, 확인 감사합니다. 원하시는 은행도 저희 고객님 명의이신 건가요? 네. 네, 그러면은 계좌번호 한번 말씀해 주세요. 농협 <ACCOUNT_NUMBER>. 네, <ACCOUNT_NUMBER>. <ACCOUNT_NUMBER>요. <ACCOUNT_NUMBER> 맞으세요? 네. 네, 예금주님 생년월일 한 번 만 말씀해 주세요. <BIRTH_NUMBER> 요. 네, 확인 감사합니다. 동의 얻겠습니다. 예금주 <NAME>님 <BIRTH_NUMBER> 농협은행 계좌번호 <ACCOUNT_NUMBER>으로 납부방법 변경 요청해 주셨는데 맞습니까? 네, 맞습니다. 네, 확인 감사합니다. 변경 중에 있어서 잠시만 기다려 주시겠습니까? 네. 감사합니다. 그럼 요청해 주신 대로 변경해 드렸고 매달 출금일자가 원래 <DATE>이셨는데요. 요거 똑같이 해드릴까요? 바꿔주세요. 저희 고객님 그러면 <DATE>, <DATE>, <DATE>, <DATE> 중에서 가능하세요. 그 좀 빠른 날짜는 언제인가요? <DATE> 빠른 거는 <DATE>이 제일 빠르시구요. <DATE>이요? 네. 그러면 통신요금 나가는 거 그냥 똑같이 하겠습니다. 그러면 <DATE>에 나가도록 해드리면 될까요? 네. 그럼 <DATE>로 매달 나가실 수 있도록 해드릴 거구요. 네. 이달 요금이 고객님 전 통장으로 출금 요청 들어가신 상태이신데 변경하신 계좌로 지금 즉시 출금 한번 해드릴까요? 아 <DATE> <DATE> 거예요? 네. 그냥 지금 바로 빼가신다고요? 네, 원하신다면 제가 즉시 출금 동의 한번 넣겠습니다. 네, 그렇게 해주세요. <NAME>님 LGU+ 이용 요금을 예금주 <NAME>님 생년월일 <BIRTH_NUMBER> 농협은행 계좌번호 <ACCOUNT_NUMBER>으로 즉시 출금 요청해 주셨는데 맞습니까? 네, 맞습니다. 네, 확인 감사합니다. 결제 중에 있어서 잠시만 기다려 주세요. 네. 감사합니다. <DATE>에 요금은 안전하게 결제되셨구요. 안심하고 사용해 주시면 되고 혹시 궁금하신 거는 더 없으실까요? 그러면 <DATE> 나가는 거죠? 네, <DATE>부터는 <DATE>에 요금 나가실 거예요. 예, 알겠습니다. 감사합니다. 네. 편안한 저녁 시간 보내세요. 네. 네, 감사합니다.",0,A
normal_A_0484,"상담원 ▲▲▲입니다. 여보세요? 안녕하십니까? 카드 대출 좀 받으려고요. 네, 카드론 말씀하시는 거 맞으세요? 예. 본인 확인 후 안내 도와드릴 텐데요, ▲▲카드에 등록되어 있는 손님의 휴대폰 번호와 생년월일이 어떻게 되십니까? ▲▲▲▲▲▲▲▲▲▲▲▲요. 네, 네. 생년월일이 어떻게 되세요? ▲▲월 ▲▲일 네, 결제 은행명 말씀 부탁드리겠습니다. 결제 은행이요? 네. ▲▲이요. 네, 소중한 정보 확인 감사합니다. 현재 손님은 장기 카드 대출 한도는 없는 걸로 확인되세요. 어 그런데 여기서 ▲▲▲원까지 장기 카드, 이렇게 나와 있던데 잠시만 기다려 주시겠습니까? 네, 장기 카드 대출 대상자 선정이나 한도 부여는 매월 초에 이루어지고 있고요, 내부 심사를 위해 손님의 신용 상태나 재무 사용 등을 종합적으로 검토하여 자동으로 대상자 선정이나 한도를 부여하고 있기 때문에 한도는 변동될 수 있다고 하세요. 어 지금 아직 그 한도가 없는 거예요? 네, 현재 한도는 없는 걸로 확인됩니다. 그러면 현금 서비스는 얼마가 돼 있는 거죠, 지금? ▲▲▲▲원까지 가능하세요. 알겠습니다. 그러면 현재 그 받으려면 어떻게 해야 되는 거죠? 현금 서비스 말씀하시는 거예요? 예. 네, 지금 바로 진행해 드릴까요? 예. 네, 현금 서비스를 이용하실 카드 번호 마지막 네 자리가 어떻게 되세요? 아 ▲▲▲▲ 네, 확인 감사합니다. 에이알에스를 연결해 드리면 카드 비밀번호 네 자리 숫자 입력을 부탁드리겠습니다. 네. 등록돼 있는 휴대폰 번호로 인증 번호 문자를 발송해 드렸는데요, 확인하시고 말씀 부탁드리겠습니다. 예, ▲▲▲▲▲▲▲▲▲. 확인 감사합니다. 얼마 받아보시는 거예요? ▲▲▲▲원이요. 네, 받아보시는 금액은 ▲▲▲▲원이고요, 적용되는 이율이 19.5%입니다. 신용 상태가 개선되어 요건이 충족된 경우 금리 인하를 요구할 수 있으니 참고해주시고요, 보이스피싱 관련해서 안내해 드리겠습니다. 혹시 고금리를 받고 상환하시면 저금리 대출이 가능하다거나 금융감독원, 경찰청, 검찰청, 금융 회사 직원 사칭 연락을 받으셨다거나 또는 어떤 이유로라도 수수료 먼저 납부해야 한다는 요구를 받고 대출을 실행하시는 건 아니시죠? 예. 네, 지금 연결되는 ▲▲은행 ▲▲▲으로 시작하는 계좌로 입금을 해 드리는데요, 입출금이 가능한 정상 계좌가 맞으십니까? 맞죠. 네, 대출 신청이 완료되었고요, 유의 사항은 문자로 보내 드리니 내용을 꼭 확인하시고 이용 부탁드리겠습니다. 네, 감사합니다. 상담원 ▲▲▲이었습니다. 예.",0,A
normal_A_0485,"상담원 ▲▲▲입니다. 네, 여보세요? 네, 안녕하십니까? 아 예. 제가 지금 카드 대금 선결제를 하려고 하는데. 네, 확인 한번 해 드리겠습니다. ▲▲▲ 님 본인 맞습니까? 예. 네, 이번 달 카드 대금을 선결제 하고 싶으신 거세요? 네, 그때 제가 앱에 들어가니까 아직 안 돼서. 이거 청구번호 해서 따로 진행을 해 드릴 건데요, 자동 이체 연결돼 있는 통장에서 결제를 원하세요? 네. 네, 잠시만 기다리시겠습니까? 네, 손님 기다려 주셔서 감사합니다. 이번 달 카드 대금은 제가 할부, 일시불 전부 합산해서 총 ▲▲▲▲▲▲▲▲▲원을 바로 출금해 드릴 건데 괜찮으세요? 그러시면 얼마예요? ▲▲▲▲▲▲▲▲원이요. 잠시만요. 네. 혹시 손님, 입금하셨어요? 네, 네. 지금 연결된 계좌, ▲▲는 즉시 출금이 안 되네요. 다른 은행으로 해 주시거나 아니면 가상계좌 납부해 주셔야 돼요. 아, 그러면 ▲▲은행으로 해 주실래요? 네, 계좌 번호를 불러 주세요. ▲▲▲ 네. ▲▲▲ 네. ▲▲▲▲▲▲ 네, 확인 감사합니다. 일회성 ▲▲은행 계좌에서 결제해 드릴 건데 필수 내용이 있어서 에이알에스를 연결해 드리면 안내에 따라 입력해 주세요. 연결하겠습니다. 예. 네, 손님 일회성 계좌 결제가 완료되었습니다. 네. 네, 감사합니다. 그 지금 바로 결제되는 거죠? 네, 결제가 잘 됐고요, 한도도 바로 복원됐습니다. 네, 감사합니다. 감사합니다. 상담사 ▲▲▲이었습니다. 예. 네.",0,A
normal_A_0486,"상담원 ▲▲▲입니다. 네, 안녕하세요? 안녕하세요? 예, 아침에 저기 그 카드 뭐 날라왔는데 그 리볼빙 ▲▲원이라고 적혀 있는데 제가 뭐 쓴 게 없는데 리볼빙 ▲▲원이 맞는가 확인 좀 해보려고요. 그러세요. ▲▲▲ 님 본인 맞으세요? 네, 맞습니다. 손님께서 그 신용카드 쓰신 일시불 금액에 대해서는요. 전체 100%가 아닌 30%만 납부가 되도록 리볼빙으로 약정 등록이 되어 있으세요. 제가 쓰면은 다 리볼빙 자동 리볼빙이 되는 거예요, 그러면? 네, 30%만 결제를 하고 나머지가 이월이 되도록 등록이 되어 있으시거든요. 아 그러면 그거 해지 좀 해 주시겠어요? 약정 비율 100%로 바꾸셔도 되고요. 서비스 자체를 해지하는 방법도 있는데 혹시 어떻게 처리해드릴까요? 네. 서비스를 해지하면 리볼빙 이런 건 없어지는 거죠? 예, 완전 없어지는 건 맞는데 나중에 재등록이 불가할 수도 있으세요. 괜찮으십니까? 네, 괜찮아요. 해지 바로 할까요? 네, 네. 네, 그럼 손님 현재 이월 금액이 ▲▲원이 있습니다. ▲▲원은 지금 납부를 해도 되고 ▲▲월 ▲▲ 카드 대금으로 한 번에 모두 청구가 들어갈 건데 괜찮으세요? 네. 네, 그럼 잠시 기다려주시겠습니까? 네, 네. 네. 네, 손님 리볼빙 해지 처리 완료되었습니다. 아 그리고 저기 ▲▲월 ▲▲일 날 네. 케이블 그 시간 예약할 때 ▲▲원 했는데 취소됐다고 저한테 문자가 왔는데 여기 그대로 ▲▲카드 앱에 보니까 ▲▲원이 그대로 남아있는데 그거 확인 좀 해 주시겠어요? 네, 사용을 하신 건 맞고요. 손님 거래 내역이 없어지는건 아니에요. ▲▲월 ▲▲일 날짜에 전체 매출이 취소가 잘 들어 왔고요. 손님께 별도로 비용을 청구를 했던 거는 아닙니다. 아 네, 아니 그러면 그거는 가만 있으면 되죠? 네, 그대로 두시면 되고요. 그 다음에 ▲▲월 ▲▲일 날 카카오 ▲▲원 쓰셨던 게 있는데요. 그 중에서 리볼빙으로 ▲▲원 출금되고 거기에 대한 ▲▲원이 지금 이월 잔액으로 남아있는 상태이시거든요. 이 금액은 월 ▲▲ 카드 대금으로 납부를 하실 건가요? 아니면 지금 이게 빠져나가는 이게 ▲▲카드 대금으로 빠져나가는 게 ▲▲은행이죠? 네. 지금 빼 주시면 되는데 그러세요? 손님 이월 금액 수수료가 ▲▲원 포함돼서요. 다만 ▲▲원이고 결제 먼저 하겠습니다. 네, 네. 네. 정상 처리되었습니다. 네, 알겠습니다. 고맙습니다. 네, 상담원 ▲▲▲이었습니다. 좋은 하루 보내세요. 네.",0,A
normal_A_0487,"일상의 즐거운 변화 LGU+ <NAME>입니다. 아 예, 안녕하세요? 저 이번에 결제 방법을 변경했었는데 변경한 카드번호 좀 확인할려구요. 네, 확인 가능하신데 현재 전산상에 고객님 번호가 연결되지 않아 가지구요. 핸드폰 번호 한번 말씀 부탁 드릴게요. 아 예, <MOBILE_NUMBER>. 네, 혹시 조회 요청하신 명의자분 성함과 생년월일 부탁드립니다. <NAME> <BIRTH_NUMBER>. 네, <NAME> 고객님 본인 맞으십니까? 예. 네, 현재는 고객님 <DATE> 날 납부방법 변경해 주셨는데요, 현재 잘 변경이 되셨습니다. 예. 현재는 잘 변경이 되어 있는데 혹시 어떤 방법으로 변경하실 건지 확인 부탁드리고 지금은 그 카드번호 확인차 ARS 고객 인증할 건데요. 카드번호 확인되시나요? 예, 잠시만요. 네. 아 예. 네, 확인하실 수 있도록 제가 ARS 지금 바로 전화 드릴게요. 예. 신용카드번호를 누르신 후 우물 정자를 눌러 주십시오. 네, 현재 카드번호 확인되었구요. 고객님 이게 지금 변경하신 카드번호가 맞으십니까? 예. 네, 고객님 정확하게 처리 완료 되어 가지고 카드 결제 최초 출금은 <DATE>이기 때문에 확인 부탁 드릴게요. 납부하시는 거에 대해서 불편함 없도록 참고 부탁드립니다. 아 네, 그리고요 지난번에 제가 휴대폰 바꾸고 나서 플러스 할인되는 카드로 신청을 해야 되는데 잘 안된다고 그러네요. 음 저희가 제휴카드 부분은 해당 카드사로 문의를 주셔야지 좀 더 정확하게 확인 가능하신데요. 예. 이게 카드사마다 또 그 기준이 다르고 실적도 다르고 하기 때문에 그쪽으로 연결해서 확인 부탁 드릴게요. 예. 네, 혹시 추가적으로 궁금하신 사항이나 문의 주신 사항 있으십니까? 없습니다. 네, 고객님 무더운 날씨에 이번 주 정말 고생 많으셨을 텐데 남은 시간 조금만 더 힘내시구요. 예. 행복한 주말 보내세요. 예, 감사합니다.",0,A
normal_A_0488,"일상의 즐거운 변화 LGU+ <NAME>입니다. 아 네, 안녕하세요. 요금이 6개월 이상 쓰면 요금제 변경이 가능하다고 했는데 제가 그 안했거든요. 네, 고객님 안녕하세요? 확인을 해주시겠어요? 고객님 제가 한번 살펴 봐드릴 텐데 잠시만 기다려 주시겠습니까? 네. 네, 고객님 기다려주셔서 감사합니다. 지금 문의 주신 번호에 명의자분 성함<NAME>고객님 본인되십니까? 네. 네, 확인 감사합니다. 고객님께서 <DATE> 이후에 요금제 변경 가능하신데 변경 안 하셨다는 게 말씀 맞으실까요? 예. 네, 고객님 바로 살펴봐 드리겠습니다. 고객님 <DATE> 이후부터 요금제 변경 가능하셨구요. 고객님께서 지금 현재 사용하신 요금제가 5G스탠다드 요금제 사용 중이신데 고객님께서 어떤 요금제로 변경을 원하세요? 네, 현재 얼마나 나오죠? 제가 정확히 기억을 못하네요. 지금 고객님께서 지금 <CHARGE>에 이용 중이세요. 고객님께서 4.73GB 정도 사용을 하셔서 가장 저렴한 요금제가 5G슬림+요금제인데요. 네. 이 요금제로 사용하시면 6GB가 <DATE>에 제공이 되시고 그 이후에는 400Kbps 속도로 제어되어서 이용 가능하세요. 네, 그게 얼마죠? <CHARGE>입니다. 그 요금제로 변경 해주시겠어요? 네, 그럼 바로 변경을 해드릴 텐데요. 변경하신 요금제는 5G슬림+요금제고 음성통화랑 문자부가 영상통화는 기존 제공량과 동일하십니다. 네. 나눠쓰기 제공량이 별도로 제공되지 않기 때문에 기본제공량 내에서 이용해 주셔야 되시구요. 네. <DATE> 변경하시면 <DATE>중 변경이기 때문에 사용하신 날짜만큼 기본제공량 날짜 계산되어 제공되며 초과시 통화료 발생되실 수 있습니다. <DATE> 변경하시고 다른 요금제로 변경은 <DATE> 이후에 재변경 가능하시며 변경하신 요금제에 대한 부가 혜택과 추가 안내사항은 문자로 받으실 수 있도록 문자발송해 드리겠습니다. 네. 요금제 변경 과정 중인데 잠시만 기다려 주시겠습니까? 네. 네, 고객님 기다려주셔서 감사합니다. 지금 정상적으로 변경 완료되셨구요. 고객님 댁에 전화 주신 김에 지금 고객님께서 휴대폰이랑 인터넷 결합하시면 사용하시는 요금제에 따라 최대 모바일은 <CHARGE> 인터넷은 <CHARGE>까지 결합할인혜택도 가능한데 고객님 결합되어 있는 게 전혀 없으세요. 지금 전화가 되어 있지 않나요? 그래서 지금 결합할인혜택 안내 받으실 수 있도록 담당부서로 연결을 해드려도 괜찮으실까요? 뭐로 결합을 하면 되는지 연결해줘 보세요. 네, 그럼 지금 바로 연결해 드릴 텐데요. 고객님 끊지 마시고 좋은 대화 이어가세요. 네. 네, 감사합니다.",0,A
normal_A_0489,"일상의 즐거운 변화 LGU+ <NAME>입니다. 아 네, 수고하십니다. 이거 전화기 해지하고 싶은데요. 네, 고객님이 지금 전화 주신 번호를 해지하신단 말씀이실까요? 아 네. 아 혹시 등 입력하신 번호가 <NAME> 고객님 확인되시는데요. 네, 지금 근데 돌아가셨거든요. 네. 아 그러셨어요? 예. 아 잠시만요. 고객님이 지금 이제 명의자분 사망으로 해지하는 경우는 방문을 해주셔야 되셔가지구요. 네, 그럼 뭐 사망 진단서나 이런 거 가져가야 되나요? 네, 맞습니다. 가족관계증명서랑, 방문하시는 분이 가족분이 아니실까요? 아 저기 가족이 아니면 어떻게 되죠? 잠시만요. 가족분 안 계시거든요. 제가 한번 확인해볼 텐데 그럼 전화 주신 고객님 성함이 어떻게 되실까요? 아 저는 <NAME>입니다. 아 그럼 관계가 어 뭐 복지사님이신 거예요? 아 배우자님이시구요? 예. 아니, 배우자 아니구요. 동거인. 아 그럼 <NAME> 고객님 지금 납부하시는 방법이 은행, 지로, 카드 중에 어떻게 되세요? 예, 납기일이 잠깐만요. 네. 여보세요? 자동이체했거든요. 자동이체 은행이실까요? 카드이실까요? 응, 은행. 은행에서 다 했어요. 은행이시구요. 근데 이제 그 지금까지는 잔고가 아마 이제 몇월 며칠 날 빠지지가 않을 거예요. 잠시만요. 통장도 이제 없을 거거든요. 음 잠시만요. 근데 가족분이 아예 안 계신 건가요? 음 네. 아 고객님 제가 이거 한번 확인을 해야 될 것 같아서 조금만 기다려 주시겠습니까? 네. 고객님, 여보세요? 네. 고객님 지금 일단 이게 저희 대리인 분 가족분으로만 진행이 되시는 거라서 제가 이거 확인하고 혹시 전화 주신 번호로 전화 드려도 괜찮으실까요? 아 예. 당분간은 내가 좀 켜놓으려고 그래요. 아 알겠습니다. 아 네. 그럼 제가 최대한 빠르게 확인해서 연락 드리기로 하겠습니다, 고객님. 예, 알았습니다. 네. 제가 한 10시 한 20분 정도에는 전화드릴 거라서 전화 안 주셔도 되세요. 네. 그리고 한 가지 더 LGU+ 알뜰폰이라는 거 있잖아요. 그거는 어디다 상담해야 돼요? 알뜰폰이라고 하시면 이제 그 사업자로 다르긴 한데요. 고객님 저희 휴대폰 번호가 이제 한국 모바일 인증번호가 있어요. 근데 지금 알뜰폰으로 사용하신 핸드폰 자체가 있으신 거예요? 집에 있는데, 우리 아들 외국에서 있어서 외국으로 가가지고 그렇죠. 네. 아드님 폰으로 <PHONE_NUMBER>를 눌러주시면 되세요. 그 아 거기서 <PHONE_NUMBER> 눌렀는데요. 네, 알겠습니다. 네. 지금 제가 최대한 빠르게 확인해서 연락 드리도록 하겠습니다. 아 그래요. 네, 연락드리겠습니다. 감사합니다.",0,A
normal_A_0490,"일상의 즐거운 변화 LGU+ <NAME>입니다. 제가 이제 단말기 할부금을 할부로 끊었는데요. <DATE>로 했는데 그 <DATE>로 수정하고 싶어서 전화 드렸어요. 고객님 결제하신 휴대폰 번호 혹시 한번 말씀해 주시겠습니까? <MOBILE_NUMBER>요. 네, 명의자 성함하고 생년월일만 말씀해 주세요. 예, <NAME>이구요. <BIRTH_NUMBER>이요. 네, 그 수납 이력 먼저 조회 한번 확인해 드릴 텐데 잠시만 기다려 주세요. 네네. 네, 고객님 기다려 주셔서 감사합니다. 제가 그 수납 이력 확인했는데 <DATE> 날짜로 결제를 하셨더라구요. 할부 개월 수 변경 같은 경우 취소를 하셔야 되는데 이게 해지 결제하신 당일에만 가능하시고 이후에는 취소 자체가 안되기 때문에 변경을 좀 어려우실 거예요. 그럼 아예 안 된다구요, 변경이? 네, 이게 취소 자체가 당일에만 가능하십니다. 아 그게 뭐 할부라서 그런 거예요? 네, 할부금이라서 뭐 핸드폰 요금이나 이런 거라면은 저희가 이렇게 취소하고 할부 개월 수 바꿔드릴 수가 있는데 할부금 같은 경우는 취소가 안 되세요. 그래요? 혹시 확실한 거예요. 네, 제가 지금 확인하고 안내를 드린 거예요. 예, 알았어요. 네, 더 궁금하신 점은 없으시구요? 네. 알겠습니다. 고객님 더운 날씨에 건강 유의하세요. 네, 감사합니다.",0,A
normal_A_0491,"상담원 ▲▲▲입니다. 네, 안녕하세요? 안녕하세요? 아 전번에 그 저기 그 병원에서 내가 ▲▲▲개월 ▲▲▲▲원을 할부로 끊었는지 그게 저기 그 수수료가 없이 된 건가요? 바로 확인해 보겠습니다. 전화주신 분은 본인 맞으시죠? 네. 지금 ▲▲월 달 중에 저희가 병원 관련 업종에 대해서는 ▲▲▲개월까지 무이자 할부 이벤트 진행 중이시라서요, 현재. ▲▲▲▲▲▲원 무이자 건으로 결제되어 있으세요. 예. 아 다행이네. 네. 예, 그리고 그 저기 그 명세서를 빨리 좀 보내줬으면. ▲▲월 달 거 아직 못 받으셨어요? 예. 잠시 기다려 주시겠습니까? 항상 그렇게 보내죠? 그런데 손님 저희가 보니깐요, ▲▲월 ▲▲일 결제일 같은 경우에는 저희가 매달 ▲▲일에 청구서를 만들어요. 예. 그래서 다음에 이제 우체국으로 전달을 하는데 지금 ▲▲월 ▲▲일이 이번에는 토요일이었거든요. 그래서 지금 아마 ▲▲월 ▲▲일 날짜 우체국으로 전달이 되고 이 기사분께서 전달해 드려이다 보니깐 평일 기준 3, 4일 정도 그 돼서 그래서 아마 ▲▲월 ▲▲일에 ▲▲일쯤에 받으실 수 있으실 것 같애요. 예, 그리고 포인트는 얼마예요? 지금 보유하고 있는 포인트가 ▲▲ 포인트라고 해서 5843점 있으세요. 오십 오만 아니 5843원이요? 네. 네, 그리고 그 총 이달 카드값이 얼마예요? ▲▲월 ▲▲일 결제 예정 금액 ▲▲▲▲▲▲원입니다. 예. 지금 현재 아니 인제 그 할부 건하고 그 그것때문에 전화 드리기는 했는데요. 네. 몇 년째 통장에 돈을 많이 ▲▲▲▲원이 있어요. 이거 선결제하고 나머지 그 이 저기 뭐야 문자로 전송해 주세요. 어 일단 출금 먼저 진행할 건데 얼마라고 하셨죠? ▲▲▲이요. ▲▲원이요? 잠시만요, 네. 예, 그리고 저 포인트도 통장에다 넣어주세요. 잠시만 기다려 주시겠습니까? 네. 감사합니다. 출금 진행 후에 요 남은 금액 ▲▲▲▲▲▲▲▲원 문자 다시 발송해드릴 거고요, 포인트는 저희 결제 계좌 ▲▲ 끝번호 ▲▲▲으로 입금해 드릴 건데 입출금 가능한 정상 계좌는 맞으세요? 예. 아 그 그거 저 통장이 ▲▲ 저기로 들어갈까요? ▲▲▲▲▲▲▲ 아 네. ▲▲▲▲▲▲ 그걸로 통장으로 넣어주세요. 이게 전용통장이 있어요, 카드. 네, 일단 저희가 입금은 진행해드렸는데 이게 ▲원 미만 건이라서 당일이 아니라 익일 날 정상 쪽으로 입금해드릴 거예요. 예. 아 그 저기 뭐죠, 포인트. 네. 네, 그래주세요. 아무 때나 보내주시면 돼요. 네, 감사합니다. 신청 완료되었습니다. 예, 감사합니다. 상담원 ▲▲▲이었습니다. 네, 감사합니다. 감사합니다.",0,A
normal_A_0492,"일상의 즐거운 변화 LGU+ <NAME>입니다. 예, 수고 많아요. 예, 감사합니다. 저 뭐 하나 물어볼려고요. 현재 U+ 저 통신요금을 너무<DATE> 그 결제를 하고 있는데 이 카드사에서 옮길 수 있어요? 네, 어 가능합니다. 제가 확인해보고 바꿔드리겠습니다. 네. 예. <NAME> 고객님과는 관계는, 성함이 어떻게 되십니까? 네. 어 <NAME> 예. 고객님 성함은 어떻게 되세요? 그럼 제가 신청을 이제 <NAME>요. 네. 카드 고객님 그 카드로 자동이체 바꾸고자 하세요? 예. 아니 저 집사람 그 카드로. 예. 예, 본인 걸로요. 예, 가능하신데 본인 옆에 같이 계십니까? 예, 있어요. 바꿔주시면 동의 얻고 진행해 드리겠습니다. 예. 안녕하세요? <NAME> 고객님 본인 되십니까? 예. 예. 고객님 명의의 카드로 핸드폰 요금 자동이체 등록해 드릴 건데요. 예. 네. 등록하실 카드번호랑 유효기간 말씀해주시겠습니까? 내가 CCNS에서, 조금 기다려 주세요. 네. <DATE> 네. 요걸로 보이는데, 실시간으로 <DATE> 네. 카드번호는요? 예. 카드번호는 <CARD_NUMBER> 다시 <CARD_NUMBER> 네, 감사합니다. 그리고 <NAME> 고객님 생년월일 어떻게 되십니까? <BIRTH_NUMBER> 네. <NAME> 명의자 님 <CARD_NUMBER> 1번 LGU+ 이용요금 납부를 고객님 본인 명의 카드로 자동이체 등록해 드리겠습니다. 생년월일 <BIRTH_NUMBER>번이구요. 말씀해 주신 국민카드로 자동이체 등록 요청해 주셨는데 동의하시겠습니까? 그래요. 네. <DATE> 요금부터는 고객님 국민카드로 결제가 되실 거구요. 카드 결제일은 <DATE>입니다. 예. 제가 지금 <CARD_NUMBER>이라고요? <DATE>카드 승인 처리가 되구요. 그러면 사용한 거는 <DATE>까지로 신용카드를 하고 있는데요. 네. 승인이요, 그러면 <DATE> 날 하면은 1일부터 그 통신요금이 <DATE>까지 되는 거예요? 맞으시구요. 그게 그 <DATE>에 결제가 되는 겁니다. 아 <DATE> 사용한 거를 <DATE>날 가서 결제가 된다는 거죠? 그렇습니다. 네, 고맙습니다. 근데 현재도<PHONE_NUMBER> 저 요금이 너무 많이 나가는데 은행은 관계없이 카드를 바꾸면은 한 군데서 나가나요? 음 맞으시구요. 앞으로는 통장으로 안 나가고 카드로 결제가 될 거라서 잘 바꿔놓았습니다. 만약에 이제 그 뭡니까. 네. 다른 뭐 KT를 같이 TV 요금을 씨티카드로 해도 되죠? 어 네, 맞습니다. 네. 아 제가 쓰는 요금제 그 카드를... 예, 알겠습니다. 혹시 KT 고객센터 연락처 안내를 좀 해드릴까요? 그 <PHONE_NUMBER>하면 되겠네요. 아 KT 핸드폰에서 <PHONE_NUMBER>로 걸어 주셔야 될 건데 아무래도 저희 전화를 걸어 버리면 여기 LGU+로 연결을 해 버리십니다. 네. 음 그럼 문제되는 거예요? 아니면 KT 전화가 없으시면 제가 그 직통 번호 따로 문자로 보내놓을게요. 아 KT 전화가 있거든요. 아 그럼 그 전화로<PHONE_NUMBER>로 걸어 주셔야지 TV로 연결하실 수 있으세요. 네. 그래서 저는 KT 이 요금은 면제된 걸로 나오는데 그 요금을 카드로 옮길라고요. 네. 그럼 KT로 전화하시면 됩니다, 고객님. 알겠습니다. 네. 감사합니다. 바쁜 시간 내서 연락 주신 건데 추가 확인해 드릴 사항은 더 없으시겠습니까? 예, 감사합니다. 그거 그 뭐야 그렇게 해주면 좋을 거예요. 음 네, 고맙습니다. 네. 고맙습니다. 무더운 날씨 건강 꼭 조심하세요. 예. 네.",0,A
normal_A_0493,"안녕하세요. ▲▲월 ▲▲일에 1박 캠핀스키 발리클리프 스윗으로 예약하고 싶은데, 만약 안 된다면 라군 억세스 룸으로 성인 2명과 유아 2명(만 1세, 만 4세)으로 체크인 가능할까요? 안녕하세요! 캠핀스키 클리프 프라이빗풀 주니어스윗은 1박에 $353이고, 그랜드 디럭스 라군룸은 1박에 $323입니다. 두 객실 모두 가능하지만, 남아있는 객실 수가 적어서 실예약 시에는 객실이 없을 수도 있어요. 가격은 괜찮은데, 결제는 어떻게 하나요? 달러로 결제 시 원화로 계산해서 실시간 환율로 입금 요청드려요. 외화계좌로도 가능하고, 현금영수증도 등록해드려요. 카드 결제는 수수료가 2.5% 추가되며, 국민, 현대, 삼성, 신한카드로만 가능해요. 현대는 무이자 3개월, 삼성과 국민은 5개월 무이자 제공해요. 취소는 어떤 절차를 거쳐야 하나요? 비수기 시즌이라 체크인 기준 15일 이전에 취소하면 호텔 패널티 없이 가능해요. 단, 여행사 수수료 30,000원이 공제되고, 15일 이내 취소 시에는 호텔 규정에 따라 패널티가 부과돼요. 공항 픽업 예약 후 차량 도착 시간을 정확히 알 수 있나요? 네, 3박 이상 예약 시 무료 공항 픽업 서비스가 제공돼요. 우붓 지역은 객실당 $15 추가됩니다. 픽업 정보는 항공편에 따라 달라지니, 직항편은 인천 출발 항공편, 경유편은 발리 도착 항공편명을 알려주셔야 해요. 예약을 진행하려면 어떤 세부 정보를 전달해야 하나요? 예약을 원하시면 여권상의 영문 이름과 생년월일 앞 6자리, 픽업 정보를 이메일로 보내주시면 됩니다. 네. 그럼 예약 진행해볼게요. 감사합니다! 감사합니다! 예약 진행 후에 발리 한국어 지도와 맛집 정보를 보내드릴게요. 좋은 하루 되세요!",0,A
normal_A_0494,"일상의 즐거운 변화 LGU+ <NAME>입니다. 네, 수고하십니다. 네, 안녕하세요? 네, 소액결제해 놓은 거 취소할려구요. 아 소액결제 취소 문의 주셨어요, 지금 전화 주신 분 <NAME> 고객님 본인 맞으시구요? 네, 네. 네, 고객님 반갑습니다. 고객님께서 오늘자로 혹시 소액결제를 이용하셨을까요? 날짜는 모르겠는데요. 혹시 <DATE>에 결제하신 걸까요? 네. 아 결제 하신 거는 이미 요금 청구 되셨었구요. 예, 지금 나가고 있는 거를 취소해야 되나요? 아 소액결제 차단이요? 소액결제 차단해 드릴까요? 네, 차단해 주세요. 아 소액결제는 취소랑 환불이 안 되시고요, 차단해 드릴게요. 예, 예. 네, 고객님 명의자분 <NAME> 고객님 맞으실까요? 네. 네, 반갑습니다. 네. 고객님 생년월일은 어떻게 되시나요? 예, <BIRTH_NUMBER>이요. 아 네, 감사합니다, 고객님. 혹시 소액결제 차단하시는 번호가 <MOBILE_NUMBER> 맞으실까요? 예, 맞아요. 네, 제가 안전하게 소액결제 차단 도와드릴게요. 네. 휴대폰 소액결제 차단은 사용하는 휴대폰 별로 결제 유형에 따라 적용되어서, 다른 휴대전화가 있을 경우 해당 번호도 차단 설정하셔야 되십니다. 네. 고객님의 휴대폰 소액결제인 일반결제, 월 자동결제를 차단 요청하셨습니다. 차단 설정 변경에 동의하십니까? 네. 일반결제와 월 자동결제 두 개 다 차단해 드릴게요. 네 안전하게 오늘자로 차단되셨구요. 한도는 지금 <CHARGE> 있으신데 두 개 다 그냥 둘까요? 어차피 다 차단되어 있으신 거잖아요. 뭐라고요? 지금 핸드폰 소액결제한도가 <CHARGE> 되어 있으시네요. 아 예, 한도가 <CHARGE> 되어 있다고요? 예. 아 소액결제를 차단시켜 주세요. 아 다 차단해 드렸습니다, 고객님. 예, 그러면 이제 소액결제 돈 안 나가죠? 네, 이제 안 나가세요. 네, 알겠습니다. 네, 감사합니다. 그럼 지금 핸드폰 요금에서 부가서비스 나가는 거 있나요? 봐드릴게요. 지금 핸드폰 부가서비스 요금 나가는 건 전혀 없으시구요. 고객님 두 분 기타 할인도 정확하게 잘 받고 계시네요. 네, <MOBILE_NUMBER>도 한번 확인해 주세요. <MOBILE_NUMBER>번이요? 네, <MOBILE_NUMBER>요. 고객님 성함 <NAME>고객님 맞으시고, 생년월일은요? 예, <BIRTH_NUMBER>이요. 네, 감사합니다. 기존에 요금 납부하시던 방법이 카드, 은행, 지로 중 어떻게 되실까요? 카드로 되어 있어요. 네, 감사합니다. 이 번호로 지금 소액결제는 아까 확인해 보니깐 차단되어 있으셨구요. 예. 불필요한 부가서비스도 전혀 없으십니다, 지금 확인해 보니까. 네. 돈이 나가는 금액은 전혀 없으시고, 안전하게 다 차단되어 있으시구요. 네. 또 할인도 다 받고 계시네요. 아 맞아요. 네. 알겠습니다. 고객님 감사합니다. 오늘 하루도 좋은 하루 보내시구요. 수고하세요. 네, 감사합니다. 네.",0,A
normal_A_0495,"일상의 즐거운 변화 LGU+ <NAME>입니다. 네, 수고하십니다. 네, 안녕하세요? 그 요금제가 그 데이터 무제한이라고 들었는데 그 자꾸 뭐 경고 문자가 오던데 뭐 얼마 썼는지 전화했어요. 지금 그 데이터 사용량 말씀하신 거죠? 예, 제가 <DATE>인가 그 무제한요금제로 바꿨는데. 네, 바로 확인해 드릴 텐데요. 전화 주신 분 성함이 <NAME> 고객님 본인 맞으십니까? 네. 확인 감사드립니다. 제가 확인해 보니 고객님 지금 3.5GB 제공해드리고 나서 1Mbps 속도제한이 요금제 이용하시는데요. 고객님 그 데이터 사용량이 이것보다 더 많으시다 보니깐요. 네. 그래서 그 요금이 고객님이 그 문자가 계속 들어가시는 거로 확인이 되거든요. 아 그래요? 예, 요금이 과금 발생되지 않으면 좀 많이 느려진 속도로 속도제어는 요금제인데 혹시 이 요금제로 변경하신 이유가 따로 있으신 거세요? 원래 그전에는 요금제에서 무제한이라고 해서 제가 쓴 거거든요. 근데 지금 자주 보는 게 있어서 요걸로 바꾼 건데, 그때 상담원 추천해 가지고 그냥 좀 요금제가 제가 인터넷 요금이 용량 전반적으로 바꿨거든요. 근데 고객님은 지금 변경하신 요금제요, 고객님이 사용하시는 것보다는 제공량이 별로 없으신 걸로 확인이 되세요. 그러면 결론은 요거 제가 뭐 요금이 더 나가거나 그런 거 아닌가요? 아 네, 요금이 발생되거나 하시는 건 아닌데요. 네. 고객님이 맞는 요금제는 좀 아닌 걸로 확인되시기는 합니다. 아 그래요? 네. 그럼 이걸로 좀 빠른 데이터가 있어요? 네, 당연히 있으시구요. 근데 이게 요금제에 따라서 가격이 다른 부분이긴 한데요, 제가 좀 확인을 해드리면은요. 네. 이제 고객님이 그 선택약정할인이라고 해서 할인받고 계신 게 있는 걸로 확인이 되세요. 네. 그래서 요금제도 제가 한 번 확인을 해보면은요. 네. 잠시만요, 일단은 이제 저 데이터를 6.6GB 월 제공해 드리고 나서 1Mbps에서 속도제어 원인 요금제가 있는데요. 이 할부금이랑 부가세랑 이런 거 다 포함해 가지구요. 네. 대략적으로 <CHARGE> 나오시는 금액이 하나가 있구요. 네. 그리고 매일매일 5GB씩 제공을 해드리고 나서 5Mbps로 속도제어 원인 요금제가 있는데요. 이거는 제일 많이들 이용하시는데 부가세 포함 <CHARGE>입니다. 네, 그럼 제 거는 지금 얼마죠? 잠시만요. 네. 지금은 <CHARGE>으로 확인됩니다. 그럼 이거는 위 단계가 있다구요? 네, 그래서 사실 고객님 이용하셨던 요금제들은 이용하시지 않는 요금제가 따로 확인됩니다. 아 그래요? 근데 그거 상관없이 이전에 해도 요금제는 <CHARGE> 나오는 거잖아요. 네, 맞습니다. 뭐 더 본다고 더 추가되거나 그런 건 없는 거죠? 네, 추가되거나 하시진 않습니다. 네, 알겠습니다. 네, 감사합니다.",0,A
normal_A_0496,"일상의 즐거운 변화 LGU+ <NAME>입니다. 아니 지난번에 그 다른 안내원분께서 전화가 왔고요. <DATE> 되면은 요금이 할인이 될 거라고 그때 돼서 다시 전화해서 상담 한번 받아 보라고 했거든요. 네, 제가 본인 확인하고 안내 도와드릴 텐데요. 지금 연락주시는 분<NAME>고객님 본인 맞으십니까? 네. 아 네, 확인 너무 감사합니다. 실제로 고객님 말씀해 주셨던 부분 제가 간단하게 한번 확인해 볼 텐데요. <DATE>이라고 말씀하셨나요? 아 네. 고객님께서 지금 현재 확인해 보면 요금제 25% 선택약정 할인이라는 거를 추가로 할인 가입을 하실 수가 있더라고요. 그렇게 하시게 되면 지금 현재 월마다 나오는 요금에서 <CHARGE>이 추가로 할인이 적용되거든요. 아 그거는 약정기간이 어떻게 되는 거예요? 12개월, 24개월 둘 중에 원하시는 기간으로 선택하실 수가 있고요. 고객님께서 원하시는 기간만 말씀해 주시면은 제가 그 기간 맞춰서 도와드릴 수가 있습니다. 아 12개월, 24개월 제가 그러면 만약에 12개월 하고 또 1년 더 연장할 수 있는 거고 그건 안 되는 거예요? 아 네, 고객님 연장도 충분히 가능하세요. 아 그래요? 네. 남은 할부금이 <DATE> 했는데 그 전에 제가 휴대폰을 뭐 교환을 한다 그럴 때는 어떻게 되는 거예요? 만약에 뭐 12개월이나 24개월 하셨다가 기존 약정기간이 <DATE>까지기 때문에 그 전까지만 해지하게 되면 별도로 반환금이 나오시고요. 기존 약정이 끝난 이후로 해서 네 선택약정 할인 있더라도 저희 통신사 기기 변경하시더라도 위약금 안 나오세요. 아 그 선택약정은 위약금이 없다는 거죠? 네. 아 그러면은 뭐 24개월로 해주세요. 네, 알겠습니다. 제가 고객님 휴대폰 번호로 24개월에 대한 지원사항은 문자로 보내드렸는데요. 문자 받으셨는지 확인 부탁드릴게요. 잠시만요. 네. 예, 지금 문자 들어왔어요. 아 문자 받으셨나요? 네. 그럼 제가 따로 녹취 드릴 텐데요. 다 듣고 동의한다라고 말씀해 주시면 됩니다. 아 근데 여기 문자 보면 할인반환금이라고 발생하는 경우 이거는 뭐예요? 네, 고객님께서 따로 통신사를 해지하거나 다른 통신사로 이동하시거나 아니면은 따로 기기 변경을 하시거나 약정이 2개 등록되어 있는 상태에서 기기를 변경하시거나 뭐 이런 조건으로서는 따로 위약금 발생하시고요. 일반적인 저희 통신사 기기 변경하시는 거는 따로 위약금은 안 나오세요. 아 예, 알겠습니다. 네 바로 드릴게요. 네. 네, 지금부터 선택약정 할인 녹취 가입 과정을 진행하겠습니다. 기간을 채우지 못하면 반환금이 나오는데 주요 사항은 문자로 발송해 드렸습니다. 반환금이 나오는 경우는 중도해지 미적용 단말기로 기기 변경, 약정 미승계, 명의변경에 해당합니다. 자세한 내용은 홈페이지에서 확인 가능합니다. 확인되셨으면 말씀해 주세요. 네. 이용조건에 동의하시면 바로 서비스 등록하겠습니다. 선택약정 할인 가입에 동의하십니까? 네. 네, 고객님 동의하셔서 제가 안전하게 선택약정 할인 가입은 24개월로 가입 도와드렸습니다. 네. 예, 알겠습니다. 고객님 다른 더 필요하신 점은 없으실까요? 아 그리고 제가 지금 얼마 전에 뭐 다른 거 검색을 하다가 잘못 눌러서 제 휴대폰 분실했을 때 뭐 할 수 있는 그런 서비스를 제가 가입한 거 같은데 새로 가입이 된 거 좀 먼저 확인해 볼 수 있을까요? 아 네, 지금 휴대폰 분실 보험이라는 서비스가 가입되어 있는 걸로 확인되고요. 제가 이거는 특별하게 필요한 부가서비스는 아니시기 때문에 제가 삭제 처리 도와드릴 수 있도록 할게요. 네, 알겠습니다. 네, 고객님 다가오는 주말도 좋은 일들만 가득하세요. 네. 감사합니다.",0,A
normal_A_0497,"상담원 ▲▲▲입니다, 무엇을 도와드릴까요? 아 네, 돈 빠져나가는 게 있는데 이게 뭔지 몰라서 전화했거든요? 아 그러세요? 혹시 은행에서 ▲▲카드에 관련된 금액으로 출금됐다라고 확인되시는 금액이실까요? 네, 네. 그러셨어요? 정보 확인하겠습니다, ▲▲▲ 님 본인 맞으세요? 네, 네. 확인 너무 감사드리고요, 손님. 저희가 출금 내역은 없다고 확인되시는데 혹시 수박은행 계좌가 12 로 시작하는 계좌 출금 내역 말씀하시는 거예요? 네, 맞아요. 그러셨어요? 저희가 출금 내역은 지금 없다고 확인돼서 그렇습니다, 고객님. ▲▲ 통신 판매 에이알에스 이러고서 ▲▲▲▲▲▲원 나가는 게 있거든요? 어 그러셨어요? 체크 카드 사용하신 손님 금액을 말씀하시는 것 같아요. 네, 네 맞아요. 네, 잠시만 좀 기다려주시면 확인하고 안내 좀 해드리겠습니다. 예. 네, 손님 기다려주셔서 고맙습니다. 체크 카드로 손님께서 ▲▲▲▲ 체크카드를 가지고 계시는데요, 이 체크카드로 ▲▲▲▲이라는 곳에서 ▲▲▲▲▲원이 결제가 되시는 걸로 확인되시는데 아 뭔지 알겠어요, 감사합니다, 수고하세요. 아 그럼 종료하겠습니다, 감사합니다. 상담원 ▲▲▲이었습니다. 네, 네 네.",0,A
normal_A_0498,"그럼 ▲▲카드 ▲▲▲입니다. 예, 고맙습니다. 감사합니다. 예, 제가 그 대출받은 게, 카드 대출 받은 거 상환 좀 하려고 하는데요. 네. 확인하겠습니다. 연락 주신 손님은 ▲▲▲ 님 본인 맞으십니까? 예. 소중한 정보 확인 감사합니다. 저희 쪽에 지금 장기 카드 대출 21년도 8월 달에 신청하셨던 건 남은 잔금이 ▲▲▲▲▲▲원이 원금으로 확인 되는데 완납하시는 건가요? 네. 잠시만 기다려주시겠습니까? 네. 오래 기다려주셔서 감사합니다. 오늘 날짜로 완납하시면 원금에 이제 이자가 ▲▲▲▲원 해서 총 금액 ▲▲▲▲▲▲원입니다. 결제 계좌 ▲▲은행에서 출금 원하시는 건가요? 예. 네, 출금 처리 도와드릴 텐데요, 잠시만 기다려주시겠습니까? 예. 네, 오래 기다려 주셔서 감사합니다. 손님, 저희가 확인해보니까 오늘 이제 결제일 당일로 확인되고 있으세요. 그러다 보니까 저희 쪽 출금 처리를 도와드릴 건데 이제 결제일 당일이다 보니까 결제 계좌 잔고 있을 경우 당월분은 이중 출금될 수 있으세요. 네. 그것까지 빼 놓을게요. 꼭 비워 두시고요, 이중 출금되면 평일 기준 출금 익일에 결제 계좌로 환불되므로 입출금 가능한 정상 계좌인지만 확인 부탁드립니다. 출금 신청할 텐데 잠시만 기다려주시겠습니까? 네. 오래 기다려주셔서 감사합니다. 장기 카드 대출이 정상적으로 완납 처리 완료되었습니다. 네, 오늘 출금한 것도 되는 거죠? 당월분까지 해서 다 출금 처리 완료되셨습니다. ▲▲ 얼마죠? 저희 쪽 지금 출금한 금액이 아까 이자까지 포함해서 지금 ▲▲▲▲▲▲▲▲▲▲▲원 출금하겠습니다, 손님. 그러면 오늘 것도 나갔고 예, 당월분 포함된 금액이셨습니다. 당월분 포함된 거로 할게요, 알겠습니다. 예, 손님. 예, 지금까지 ▲▲▲이었습니다. 좋은 하루 되세요. 아 예.",0,A
normal_A_0499,"상담원 ▲▲▲입니다. 예, 말씀 좀 여쭤볼게요. 네. 그 카드가 유효 기간이 안 지났거든요. 안 지났는데 자동 결제되고 있던 렌탈 요금도 분실 카드라고 결제가 안 되고 그 폰에 ▲▲페이에서도 다시 그 저장이 안 되더라고요. 먼저 본인 확인을 도와드릴게요. 등록되어 있는 휴대폰 번호와 생년월일 먼저 말씀해 주세요. 예, ▲▲▲▲▲▲▲▲▲▲▲고요, ▲▲▲▲▲▲. 네, 전화 주신 본인 성함 말씀 부탁드립니다. ▲▲▲ 네, 저희 결제 계좌가 어느 은행이세요? ▲▲이요. 네, 확인 감사합니다. 손님, 카드 분실 신고는 해 놓으셨는데 알고 계세요? 아니요, 분실 신고 안 했는데. 어 손님, 분실 습득 신고가 들어왔는데 카드 갖고 계세요? 네. 손님 카드 번호 중에 맨 마지막 숫자 네 자리 번호를 말씀해 주세요. ▲▲▲▲번이요. 어 카드 그 맞으신데 저희가 손님, 습득 신고가 들어왔는데 혹시 문자 받으신 거 없으셨어요? 아니면 찾아오신 건 아니세요? 네, 아니고요. 어느 날부터 ▲▲페이로 결제를 하려니까 카드가 교체가 되더라고요. 그다음에 다시 이 카드를 등록하려고 하니까 안 된다고 카드사에 이제 등록 됐는데 어 왜 ▲▲페이에서 ▲▲카드를 안 하나, 그냥 그렇게만 생각했어요. 아 그러셨군요. 분실 습득 신고로 분실 신고가 되어 있으셨어요, 손님. 어 왜 그렇게 됐죠? 일단은 ▲▲월 ▲▲일 날짜로 충분히 뭐 ▲▲경찰서에 습득 신고가 들어왔다고 문자 받으신 건 없으셨어요? 어 그 지갑을 한 번 제가 잃어버렸다가 찾은 적이 있는데요. 그러니까 손님, 그때 분실 신고가 돼서 지금 분실 신고가 되신 거예요. 어 제가 안 해도 그렇게 되나요? 네, 타인이 스팸 신고를 하게 되면 손님한테 연락을 드렸는데도 손님께 통화가 안 되면 안전하게 혹시라도 타인이 가지고 사용할까 봐 분실 신고를 해 드리거든요. 네. 그때 왜 다른 카드는 안 됐죠? 다른 카드 습득 신고가 안 들어왔겠죠, 지금 경찰서에서 신고를 하신 거니까. 저희 ▲▲카드로만 신고를 하실 수도 있으시겠죠. 아 그러면 이거 어떻게 할 수 있어요? 네, 해지를 해 드릴게요. 손님, 에이알에스가 연결되면 카드 비밀번호 네 자리를 입력해 주세요. 연결해 드릴게요. 네, 네. 네, 맞으시고요. 손님 휴대폰으로 제가 인증 번호 여섯 자리를 문자로 보내드렸습니다. 이 번호는 확인하시고 말씀해 주세요. 예, ▲▲▲▲▲▲. 네, 확인 감사합니다. 그러시면 지금 카드는 분실 해제해 드려서 지금부터 정상 사용이 가능하시니까요, 이용하시면 되세요. 아 그러면 그 자동 결제되어 있던 것들이 지금 세 분이 다 안 됐는데요. 네. 그 해당 그 쪽으로 물어보셔야 돼요. 자동납부가 들어온 날짜가 따로 있으신지 승인해달라고 하셔야 되니까 자동납부 쪽으로 문의해 보셔야 돼요. 네, 알겠습니다. 네, 네 상담원 ▲▲▲이었습니다. 네.",0,A
normal_A_0500,"상담원 ▲▲▲입니다. 예, 지금 제게 단기 카드 대출 받은 게 있나 확인 좀 해주실래요? 아 그러세요? 제가 본인 확인하고 조회를 해보도록 하겠습니다. 연락 주신 손님 성함 ▲▲▲▲님 본인 맞습니까? 네. 네, 반갑습니다. 손님 확인을 해봤더니 단기 카드 대출 그러니까 현금 서비스에 대한 문의해 주시는 거 맞으신 거죠? 조회를 해봤을 때 지금 이용이 되어 있는 단기 카드 대출 건이 확인이 되고 있고요. 예, 얼마죠? 최근에 ▲▲월 ▲▲일 날 원금 ▲▲▲▲▲▲원에 대해서 단기 카드 대출 이용을 하셨던 걸로 내용이 확인되는 게 있습니다. 이거를 결제를 하더라도 당월 대금은 변동이 없다는 점 참고해주시고요. 예, 전부 상환해 주세요. 오늘로 일단 결제를 하게 되면 원금은 ▲▲▲▲원에 오늘까지 수수료 ▲▲▲▲▲▲원 처음에는 ▲▲▲▲▲원 ▲▲▲▲▲▲▲▲ 되는데요. 연결돼 있는 ▲▲은행 계좌에서 바로 출금하면 될까요? 네, 네. 아 ▲▲은행으로 해 주세요. 아 그러신가요? ▲▲은행이라고 하셨는데 계좌 번호 한번 천천히 말씀을 해 주실 수 있으실까요? ▲▲▲▲ ▲▲▲ ▲▲▲ ▲▲▲ ▲▲▲▲▲▲ ▲▲▲▲▲▲번이고요. 방금 말씀해주신 계좌 손님의 계좌일까요? 네, 네. 계좌 검증 하겠습니다. 잠시만 더 기다려주시겠습니까? 네. 예, 기다려 주셔서 대단히 감사합니다. ▲▲카드 이용 대금 즉시 출금할 계좌 번호 확인을 하겠습니다. 생년월일 ▲▲년 ▲▲월 ▲▲일과 ▲▲ 님 명의로 된 ▲▲은행 ▲▲▲▲▲▲▲▲▲▲▲▲ 계좌 번호에서 ▲▲▲▲▲▲▲▲원 출금 요청 건이 맞습니까? 네, 네. 확인해주셔서 감사합니다. 바로 출금 시도하겠습니다. 잠시만 더 기다려주시겠습니까? 네. 네, 기다려주셔서 감사합니다. 요청한 단기 카드 대출 건은 정상 납부 처리 완료되었습니다. 예, 감사합니다. 감사합니다. 상담원 ▲▲▲이었습니다. 예.",0,A
normal_A_0501,"일상의 즐거운 변화 LGU+ <NAME>입니다. 아 네. 그 팩스로 뭘 받아야 된다 그러더라구요. 해지신청서. 아 네. 지금은 고객님 본인으로 연결이 되었고, 고객님 해지에 대해서 문의 주신 거구요? 네. 아 그런데 지금 죄송한데, 아까 전에 버튼 소리 때문에 잘 안 들려서 그런데 좀 다시 한번 말씀해 주실 수 있으실까요? 네. 저희가 해지신청서가 필요하다는 거 말고는 잘 안 들려서요. 아 저 그 해지신청서 자필로 써서 보내야 된다고 해서 저 종이를 팩스나 이메일로 보내주신다 그러시더라구요. 네. 네. 그래서 팩스로 지금 받으려고 하는데 이제 여기로 연결 주셨거든요. 아 그렇습니까? 네. 지금 그러면은 저희가 서류를 해서 보내드릴 텐데요. 네. 네. 혹시 이메일이나 팩스 중 어떤 방법으로 받으시기 편하세요? 팩스로 받을게요. 네. 그럼 고객님 받으실 수 있는 팩스번호 말씀 부탁드립니다. <FAX_NUMBER> 이요. 네. 네. <FAX_NUMBER>번이라고 하셨구요. 네. 네. 그러면은 말씀하신 곳으로 해지신청서 발송을 할 건데요. 고객님께서 해지신청서를 작성하셔서 신분증과 함께 보내주시면은 되고요. 네. 아 신분증도 복사해야 되는 거예요? 네. 신분증도 같이 확인을 하고 있어서요. 신분증은 보내주실 때는 주민번호 뒤에 일곱 자리는 가려서 보내주시면 되십니다. 아 네. 예. 그래서 고객님께서 만약에 <DATE> 해지하신다고 하면 요금 날짜별로 계산해서 약 <CHARGE> 정도가 <DATE>에 청구가 될 예정이구요. 네. 저희가 보내주실 수 있는 방법을 문자드릴 텐데, 언제쯤 보내주실 수 있으십니까? 팩스요? 네. 그 작성해서 <DATE> 바로 보내드릴게요. 아 <DATE> 중으로 바로요? 그런데 지금 <DATE>이 아무래도 좀 종료일이다 보니까요. 네. <DATE> 오전에 오후 5시 반 이후에 보내시면은 이게 <DATE> 월요일에 좀 처리가 될 수가 있거든요. 네. 아 5시 안으로는 될 거 같아요. 아 네. 5시 반으로 내주실 수 있으면은 되구요. 고객님 청구서는 휴대폰으로 받도록 되어 있던데, 이게 휴대폰 해지하시는 휴대폰으로 청구서가 안 들어가니, 이메일이나 우편이나 아니면 청구서 안 받도록 하시거나 선택하실 수 있으십니다. 네. 아 그 청구서를 안 받을게요. 아 그냥 안 받으시구요. 그러면은 <DATE>부터는 청구서가 받지 않으시도록 처리를 하고, 혹시라도 향후 수령을 원하실 경우에는 고객센터를 통해서 재신청을 하셔야 되시구요. 혹시라도 장기 연체가 된다면은 우편 청구서가 발송되신 김에 한번 확인 부탁드립니다. 네. 네. 해지하시면은 고객님 이게 해지가 된 이후에 이 요금에 대해서는 이게 채권추심업체 이런 곳을 통해서 우편으로 안내 받으시거나 할 수가 있어요. 아 그래요? 그러면 그 우편으로 받을게요. 그냥 <DATE> 껀 우편으로 받으시겠어요? 네. 그럼 지금 등록되어 있는 주소지로 <DATE> 청구서는 우편으로 받으실 수 있도록 변경 완료되었습니다. 네. 네. 네. 그럼 서류 보내주시고 따로 전화는 안 주셔도 저희 쪽에 접수를 확인이 되면은 고객님께 문자를 드리도록 하겠습니다. 네. 혹시 팩스는 어디로 보내드려야 될까요? 아 혹시 고객님 연락처가 어떻게 되세요? <MOBILE_NUMBER> 이요. 네. 이쪽으로 그러면은 서류 보내주실 수 있는 방법을 지금 문자로 발송을 할 건데요. 네. 잠시 기다려 주시겠습니까? 네. 네. 문자발송했는데 맞는지 확인 부탁드립니다. 어 네. 맞아요. 네. 여기 팩스로 보내시거나, 아니면은 그 밑에 사진 찍어서 보내시는 걸로 하거나 고객님께서 편하신 대로 보내주시면 되세요. 아 네. 알겠습니다. 네. 고객님 그럼 날씨 더운데 건강 조심하세요. 네. 감사합니다. 감사합니다.",0,A
normal_A_0502,"안녕하세요! 성인 2명과 7세 아이 1명 기준으로 여행 계획 중인데, 몇 가지 문의드릴게요. 안녕하세요! 어떤 부분이 궁금하신가요? ▲월 ▲▲일부터 ▲▲일까지 사누르에 있는 마야 리조트에서 5박 예약하고 싶어요. 4+1 행사와 20% 할인 적용된 가격으로 알려주세요. ▲월 ▲▲일부터 ▲▲일까지 마야 리조트에서 5박 예약 시, Wonderful Garden view 객실로 4+1 행사 적용하면 총 $948입니다. 그럼 ▲월 ▲▲일부터 ▲▲일까지 3박도 같은 리조트에서 예약할 수 있나요? 네, ▲월 ▲▲일부터 ▲▲일까지 3박 예약 시, 20% 할인 적용된 가격은 $570입니다. 메종 아우렐리아 사누르에서 ▲월 ▲▲일부터 ▲▲일까지 2박도 가능할까요? 네, 메종 아우렐리아 사누르에서 ▲월 ▲▲일부터 ▲▲일까지 Camelia Suite 객실로 2박 예약 시, 총 $218입니다. 우붓에 있는 아디와나 리조트는 예약 가능한가요? 아디와나 리조트는 현재 판매하고 있지 않아서 예약이 어렵습니다. 그럼 코마네카 라사사양은 어떤가요? 코마네카 라사사양에서 ▲월 ▲▲일부터 ▲▲일까지 Deluxe Room으로 2박 예약 시, 아동 엑스트라 베드 추가하면 총 $402입니다. 마지막으로 파드마 르기안은 ▲월 ▲▲일부터 ▲월 ▲일까지 예약할 수 있죠? 네, 파드마 르기안에서 ▲월 ▲▲일부터 ▲월 ▲일까지 Deluxe Room으로 2박 예약 시, 총 $382입니다. 2박 이상 예약 시 15% 할인도 적용됩니다. 3박 이상 예약 시 추가 혜택이 있다고 하셨는데, 어떤 게 있나요? 3박 이상 예약 시, 무료 공항 픽업 서비스가 제공됩니다. 우붓 지역 특가로 $20에 추가 이동 서비스도 가능합니다. 감사합니다! 예약 원하시면 전원 영문 및 한글 성함, 생년월일, 대표자 핸드폰 번호, 도착 항공편명 등을 이메일로 보내주시면 됩니다. 감사합니다!",0,A
normal_A_0503,"일상의 즐거운 변화 LGU+ <NAME>입니다. 네, 제가 그 문자 받았는데 선택약정 연장이라구요. 네. 그럼 지금 변경하는 것만 여쭤볼려고 전화 드렸는데요. 네, 직접 연락 주셔서 감사합니다. 그럼 약정기간 자체부터 먼저 확인해볼 텐데 잠시만 기다려 주세요. 네. 네, 고객님. 기다려 주셔서 너무나 감사합니다. 전화 주신 분 <NAME> 고객님 본인 맞으신가요? 네. 네, 확인 감사합니다. 지금도 이미 약정기간은 다 만기가 되어 있는 것으로 확인이 되는데 약정기간은 12개월과 24개월 중에 연장이 가능하구요. 네. 고객님 할인 받을 수 있는 금액은 25%로 동일합니다. 네. 어떤 걸로 제가 연장을 해놓으면 좋을까요? 그 1년을 하거나 2년을 하거나 할인율이 그 똑같은 거예요? 네, 금액은 똑같애요. 그게 제가 만약에 이거 하다가 그 통신사만 안 바꾸면 되는 것이 기기를 변경해도 이거는 그대로 적용이 되는 건가요? 어 그대로 적용이 된다라기보다는 만약에 약정기간이 남아 있을 때 통신사 그대로 이용하시면서 기기만 단말기로 변경을 하는 것에 대해서는 위약 금액이 더 추가비용이 나오는 거는 저희가 아니구요. 네. 대신에 저희가 휴대폰을 새 단말기로 교체를 하면은 단말기할부금 기계값을 지원을 받으실 건지 아니면 지금 연장하시는 것처럼 25% 통신요금 할인혜택을 받을 건지에 대해 선택을 해주셔야 되거든요. 네, 아 그래요? 그 기기값을 만약에 이제 중간에 그렇게 된다면 제가 이거 지금 핸드폰은 제가 지금 4년 정도 된 건가요? 잠시만요. 제가 확인된 바로는 마지막으로 기기변경을 하셨던 게 <DATE> 정보라서 3년 정도 되었더라구요. 아 지금 제가 만약에 인제 중간에라도 혹시 그 약정기간 때문에 제가 이제 기기변경을 하게 되면은 이제 지원금을 받을 건지, 지금 있는 상태 25% 할인을 받는 선택을 하면 되는 거고 통신사는 바꾸지 않으면은 그냥 그대로 그냥 그 위약금 없이 그냥 받는 거죠? 네, 그렇습니다. 네, 그러면 일단은 1년으로 그냥 해주세요. 네, 알겠습니다. 그러면은 제가 지금 음성을 하나 불러드릴 거예요. 네. 마지막에 동의하시겠습니까라고 하면 네라고 말씀 부탁 드리겠습니다. 네. 네. 지금부터 선택약정할인 녹취 가입 과정을 진행하겠습니다. 기간을 채우지 못하면 반환금이 나오는데 주요사항은 문자로 발송해 드렸습니다. 반환금이 발생하는 경우는 중도해지 미적용 단말기로 기기변경 약정미승계 명의변경에 해당합니다. 세부적인 내용은 홈페이지에서 확인 가능합니다. 문자 확인하셨습니까? 네. 이용 조건에 동의하시면 바로 서비스 등록하겠습니다. 선택약정할인 가입에 동의하십니까? 네. 네, 감사합니다. 그럼 오늘부터 다시 12개월 할인 받을 수 있도록 바로 연장을 해드렸구요. 네. 할인 받을 수 있는 금액은 기존과 동일하게<CHARGE>인데 지금은 월 중에 가입이 되신 거라서 날짜만큼 계산이 돼서 할인혜택이 적용될 거라 양해 부탁 드리겠습니다. 그다음에 그러면 저기 청구서에는 조금 더 나올 수도 있다는 거죠? 그렇쵸. 알겠습니다. 감사합니다. 네, 그리고 어렵게 연락 주셨는데 혹시 다른 가족분들이나 인터넷, TV 관련 문의 사항은 없으신가요? 네, 그렇습니다. 네, 알겠습니다. 저희<NAME>고객님 주중이라 많이 피곤하실 텐데 힘내서 화이팅 하세요. 네, 감사합니다. 네, 감사합니다. 네.",0,A
normal_A_0504,"일상의 즐거운 변화 LGU+ <NAME>입니다. 아 네, 안녕하세요. 선택약정 1년 더 연장하고 싶어서요. 아 네, 전화 정말 잘 주셨습니다. 연락주신 <NAME>분 고객님 본인이십니까? 네. 확인 감사합니다. 지금 바로 신청 도와 드리겠습니다. 네. 할인에 대한 안내사항이 ARS 멘트를 통해서 먼저 진행이 될 거구요. 고객님 듣고 동의하시면 동의한다고 말씀해 주시면 됩니다. 네. 지금부터 선택약정할인 녹취 가입 과정을 진행하겠습니다. 기간을 채우지 못하면 반환금이 나오는데 주요사항은 문자로 발송해 드렸습니다. 반환금이 발생하는 경우는 중도해지 미적용 단말기로 기기변경 약정미승계 명의변경에 해당합니다. 상세한 내용은 홈페이지에서 확인 가능합니다. 선택약정할인 가입에 동의하십니까? 네. 제가 문자를 발송해 드렸는데요. 받으셨는지 확인 한 번만 해주시겠습니까? 네, 받았어요. 네, <NAME> 고객님 LGU+ 선택약정 <DATE>까지 1년 연장 제가 책임지고 처리해 드렸습니다. 네, 그리고 제가 지금 뭐 그 부가서비스가 유료 가입된 게 있던데 그게 어떤 거예요? 네, 제로 프리미엄이라는 로밍요금제예요. 근데 제가 그거를 가입한 적이 없는데요. <DATE> 날 가입되어 있으신데요. 그 금액이 계속 결제되고 있던 건가요? 네, 현재 사용하지 않으시면 삭제해 드릴까요? 네. 그렇게 해주세요. 잠시만 기다려 주시겠습니까? 근데 이게 제가 그 명세서를 보니까 <CHARGE> 빠져나가더라구요. 네. 로밍 요금제가 포함되서 빠져 나갔던 거예요? 확인해 보겠습니다. 잠시만 기다리시겠습니까? 네. 부가서비스 삭제해드렸구요. 네. 잠시만요, 한국 시간제로 프리미엄 가입되어 있진 않아요. 아 그러면 안 되는 거죠? <DATE>부터 그게 가입된 걸로 보이더라구요. <DATE>부터 가입해 주셨구요. 네. 로밍요금제기 때문에 한국 오면은 따로 가입이 안 돼요. 네, 근데 <DATE>요금제 보니깐 <CHARGE> 던데요. <CHARGE>요? <DATE> 청구요금에 <CHARGE>으로 확인이 되시는데요. 네, 그러면은 제가 지금 그 모바일에 좀 볼게요. 네. 아 지금 그 스페셜A 요금이 <CHARGE>고 거기서 25% 할인되는 거죠? 네, 가족결합할인 들어가 있으시구요. 아 네, TV 이런 것도 여기서 가능한가요? TV 인터넷 상담은 저희가 전문부서가 따로 있어서요. 네. 혹시 필요하시다면 제가 바로 연결해드려도 괜찮으실까요? 네, 잠시만요. 그럼 <DATE>부터는 약정할인 <CHARGE> 받는 거죠? 네. 아 그럼 그쪽 부서 좀 연결해 주시겠어요? 네, 어렵게 전화 주셨는데요. 다른 문의 사항은 없으실까요? 네, 없습니다. 인터넷 일반 부서로 연결시켜 드리도록 하겠습니다. 인터넷이나 TV 문의는 국번없이<PHONE_NUMBER>번으로 전화 주시면 무료로 상담 가능하시구요. 지금 바로 연결해 드리겠습니다. 좋은 상담 이어가세요. 네, 감사합니다. 네.",0,A
normal_A_0505,"일상의 즐거운 변화 LGU+ <NAME>입니다. 안녕하세요? 아, 네. 집에 있는 TV랑 가족 할인 묶을려고 하거든요. 아, 네. 알겠습니다. 그럼 결합할인해 드릴 거구요. 그리고 지금 번호<NAME>님 명의자님 본인이셨죠? 네. 아, 네. 그 결합하실 인터넷과 TV 쪽 명의자님은 어떤 분일까요? <NAME>이요. 배우자님 거셨구요. 그럼 두 분이 가족인 걸 입증할 수 있는 가족관계증명서나 등본이 필요한데 발송할 수 있는 경로를 제가 문자발송해 드릴 거구요. 그 서류에 주민번호 뒤에 7자리가 나와 있을 때가 가끔 있어서 그럴 때는 그 뒤에 7자리만 지워주시고 전체에 A4용지가 다 나올 수 있게끔 해당 그 서류 발송 경로로 사진을 찍어서 그 저희 쪽에 전송해 주시는 경로가 있어요. 저희가 문자로 먼저 발송해 드렸구요. 네. 그 배우자님이 핸드폰도 저희 쪽 LGU+ 번호신가요? 네. 네, 그럼 같이 결합 가능하신데 두 분 다 못 보시는 거 맞으시구요? 네. 그럼 두 분이 결합되었을 때 그 핸드폰 쪽에서 각각 균등 할인으로 할인율이 생기시는데요. 배우자님 휴대폰 번호 한번 불러주시겠습니까? <MOBILE_NUMBER>에 네, 잠시만요. 음, <MOBILE_NUMBER>요. 네, <MOBILE_NUMBER>에 <MOBILE_NUMBER> 확인해 보겠습니다. 네. 네, 배우자분 이름과 생년월일 확인 한번만 도와주세요. <NAME>, <BIRTH_NUMBER>요. 네, 확인되었습니다. 현재 고객님께서는 지금 결합이 되어 있으시기 때문에 구성원으로 배우자님이 들어가시면 되는 걸로 확인되고 있어요. 예전에 혹시 결합을 한번 하셨던 적 있으셨을까요? 네, 두 번이요. 예. 아니, 처리한 적은 없어요. 없으신가요? 아 그러셨군요. 그럼 최초 결합이기 때문에 서류가 필요해서 저희 쪽에다 발송만 해주시면 되구요. 네. 혹시 지금 예전에 취합해 놓으셔도 상관은 없는데 혹시 가족관계증명서나 등본 그 두 분 나와 있는 거 갖고 계신 거 있으신가요? 아니요. 없으시구요? 그럼 일단은 제가 봤을 때 추가로 이렇게 구성원으로 들어가는 거니깐 그 등본이나 가족관계증명서로 보내주셔야 제가 확인을 해가지고 처리해 드릴 수가 있어서 혹시 서류는 언제쯤 발송이 좀 가능하실 거 같으세요? 네, 그거 인터넷으로 되어 있는 걸로 사진 찍어서 보내드려도 되는 건가요? 어, 아니요. 사진은 안 되구요. 아, 뽑아서 제가 해볼게요. 그거는 맞으세요. 그게 출력이 되어 있어야지만 가능하거든요. 그리고 혹시 배우자님 쪽에 가족관계증명서나 등본이 있는지 한번 확인을 좀 해볼 텐데요. 응. 잠깐만요. 그래서 지금 없으신 걸로 확인되고 있어서 일단 그러면 서류만 보내주시면 되고 신용카드랑 요즘에는 그 주민번호 7자리 가려서 작성 가능하기도 하거든요, 앞에 자리만 보이게끔 진행이 가능해서. 저희 통신 신호를 한 지 얼마 안돼서요. 아니면 제가 이거를 종이를 바꿔서 다시 연락을 드릴게요, 언제 갈 것 같은데. 아, 그렇게 하시겠어요? 아, 네. 알겠습니다. 세무서 연락 주시기 바라겠습니다. 네. 아, 고객님 그리고 연락을 주신 김에 고객님께서 원래 선택약정할인을 받은 분이셨잖아요. 근데 이 요금할인기간이 이제 곧 있으면 만기가 되시거든요. 네. 그래서 짧게 다시 1년에 최대 2년으로 연장 할인이 가능하신 상태인데 혹시 그 요금할인도 연장 1년 더 해 드릴까요? 어, 아니 <MOBILE_NUMBER> 핸드폰 바꾸게 되면은 그거는 돈을 내야 되는 건가요? 아, 네. 기기변경요. 네, 맞습니다. 기기변경하실 때. 어. 그때 또 등록하면서 동시에 바꿀 수 있으십니다. 그럼 제품 변경 전에 한번 연락 주셔서 지금 선약할인이 <DATE> 끝나더라구요. 네. 저 그 안쪽으로 교체하셔도 상관은 없기 때문에 통신사가 똑같으면 연락을 한번 주시기 바라겠습니다. 네, 네. 네, 감사합니다. 즐거운 오후 시간 되시길 바랍니다, 고객님.",0,A
normal_A_0506,"상담원 ▲▲▲입니다. 예, 수고하십니다. 저기 카드 핸드폰이요, 이걸로 바꿔주세요. ▲▲▲▲▲. 핸드폰 번호 변경해달라는 거세요? 예, 변경하고요. 결제금액 얼마까지 좀 가능한지 네, 본인 확인 먼저 해 드리겠습니다. 손님 생년월일 말씀해 주세요. 네, 네. ▲▲년 ▲▲월 ▲▲일이요. 등록되어 있는 핸드폰 번호 말씀해 주세요. 옛날 거요? 네, 등록 되어 있는 거요. ▲▲▲인데요, 지금은 ▲▲▲▲ 쪽에 뭔가 아니면 옛날 번호 말씀을 전체 해주세요. 옛날 번호를요. 어 ▲▲▲▲▲▲▲▲▲▲ 네, 전화 주신 손님 본인에 성함 말씀해 주세요. ▲▲▲ 결제 은행 어디로 되어 있으세요? ▲▲은행 확인 감사합니다. 일단 핸드폰 번호 먼저 변경해드리겠습니다. 변경하실 통신사 말씀해 주세요. ▲▲요. ▲▲시고 변경하실 번호 말씀해 주세요. ▲▲▲▲▲▲▲ ▲▲▲▲▲▲▲▲ 요. 예. 예, 저희가 인증이 필요한데 지금 ▲▲카드 손에 소지하고 있는 거 있으세요? 예. ▲▲카드 가지고 있는 거 있으세요? 예. ▲▲카드 어 어디하고 제휴된 그 상관없어요? 네, ▲▲카드 아무거나 가능해요. 어떤 거 있으세요? ▲▲▲▲ ▲▲▲▲ 끝에 말씀해 주세요, 끝에만. ▲▲▲▲ 에이알에스 연결해 드리면 카드 뒷면 서명란 끝에 숫자 세 자리 입력해 주세요. 네. 네, 감사합니다. 인증되셨고요. 핸드폰 번호 변경 완료해드렸고요. 당월 결제 금액 가상계좌 보내드릴까요? 아니, 지금 인출해 가시면 안 돼요? 다른 카드. 아 가능하시고요. 일단 ▲▲▲▲▲▲원 이시고요. 일회성 출금하실 은행 어디세요? 예. ▲▲에 계좌 번호 말씀해 주세요. ▲▲ ▲▲▲▲ ▲▲ ▲▲ ▲▲ ▲▲ ▲▲▲▲▲▲ 네, ▲▲▲▲ 어 ▲▲▲▲ ▲▲▲▲ ▲▲▲▲▲▲ ▲▲▲▲▲▲요. 계좌 확인하겠습니다. 네, 네. 네, 일회성 출금을 위해서 안내 멘트 들으시고 일 번 눌러주세요. 예. 출금 중에 있습니다. 이거 한 번만 일회성이요? 일회성으로 출금 완료되셨습니다. 그러면 한도 쓸 수 있는 한도는요? 잠시만 기달려주세요. 네. 잔여 한도는 ▲▲▲▲▲▲원이세요. 토탈 한도가 얼마예요? 총한도 ▲▲▲▲▲원이세요. 네, 알겠습니다. 네, 상담원 ▲▲▲이었습니다. 네, 수고하세요. 네, 감사합니다.",0,A
normal_A_0507,"상담원 ▲▲▲입니다. 네, 여보세요? 네, 손님. 제가 카드를 분실했거든요. 아 네, 그러셨습니까? 예, 지금 그 신청 좀 하려고. 네, 손님께서는 현재 카드를 분실하셔서 많이 놀라셨을 텐데 제가 빠르게 확인해 드리겠습니다. 예, 그 마지막에 ▲▲▲▲ 그것 좀. 네, 저희가 확인해 드리겠습니다. ▲▲▲ 님 본인 맞으십니까? 예, 맞아요. 아 네, 잠시만 기다려 주시겠습니까? 예. 이제 손님께서 카드가 세 장이 있으신데. 예. 손님께서 보유하고 계신 카드가 체크카드 두 장님과 신용카드 한 장에서 총 세 장이 있으신데 현재 어떤 카드를 분실을 하신 겁니까? 아, 체크카드는 말고요. 네. 저기 저기 그 끝자리가 ▲▲▲▲으로 나 가입돼 있는 거 끝자리가. 네. 그러시면 해당 카드는 신용카드로 확인되십니다. 아 맞아요. 그러시면 해당 카드의 경우에는 지난 ▲▲월 ▲▲일 예. 엔에스 쇼핑에서 손님께서 ▲▲▲▲▲원 이용을 하셨던 것으로 확인 되시는데 이 부분은 손님께서 이용하신 내역은 맞으십니까? 아마 그때가 마지막인 것 같아. 그 내가 찾으니까 없어가지고 그 일단은 지금 정지만 시켜 주실래요? 네, 그러시면은 저희가 분실 신고만 해 드리면 되겠습니까? 예. 그 마지막에 그거 ▲▲▲▲으로 돼 있는 거 말이죠? 네, 그러시면 손님의 성함은 ▲▲▲ 손님이시고, 현재 연락처는 ▲▲▲▲▲▲▲에 ▲▲▲▲번이시면 분실하신 장소 혹시 알고 계십니까? 예. 맞아요. 그걸 잘못 알고 있나 어디 있을 것 같은 느낌이 들어서 내가 저기 좀 찾아보려고 그랬거든요. 아 네, 그러십니까? 그러시면은 우선적으로 분실 장소는 모름으로 등록을 해 드리고. 예. 어 분실 일자는 그러시면 오늘 날짜 기준으로 등록해 드려도 되겠습니까? 네, 그렇게 하세요. 네, 해당 부분으로 등록해 드리겠습니다. 예. 혹시 타 카드나 휴대폰 분실하신 적이 있으십니까? 아 예, 있어요. 분실하신 거 있으십니까? 지금은 없어요. 네, 그러시면 현재 손님께서 해당 카드 그냥 분실 신고만 요청을 하셨기 때문에요. 예. 그럼 분실 해제를 원하실 경우 고객센터로 연락을 주셔야 되며 분실 해제 시에는 찾으신 카드 꼭 소지하신 후에 연락 부탁드립니다. 아, 그러니까 저기 취소는 하지 말고 일단 정지만 시켜주세요. 네, 저희가 분실 신고만 해 드릴 텐데 분실 해제로 원하시거나 재발급을 요청을 하실 경우에는 이제 고객센터로 연락을 주셔야 되며 분실 해제만 요청하실 경우에는 해당 카드 꼭 소지하신 상태에서 연락을 주시면 됩니다. 네. 아, 알겠어요. 그리고 분실 카드로 자동이체 연결해 놓으신 것이 있으실 경우 보유 중인 카드로 청구될 수 있으므로 해당 기관으로 확인하시고 자동이체를 원치 않으시면 해당 가맹점으로 자동이체 해지 요청을 하셔야 합니다. 아, 알겠어요. 해당 카드는 분실 신고는 정상적으로 접수해 드렸습니다, 손님. 예, 알겠어요. 됐어요? 네, 그렇습니다. 예, 좋아요. 수고하셨어요. 네, 감사합니다. 상담원 ▲▲▲이었습니다. 네.",0,A
normal_A_0508,"상담원 ▲▲▲입니다. 아, 예. 수고하십니다. 뭐 하나 문의 좀 하려고요. 말씀해 주세요. 아, 제가 ▲▲월 ▲▲일 날 기름을 넣었는데 어, 결제 금액이 좀 이상해서요. 아 그러실까요? 많이 궁금하셨을 텐데 제가 본인 확인 후 확인해드려 보겠습니다. 예, 확인 좀 부탁합니다. 손님 휴대폰 번호 말씀 부탁드립니다. ▲▲▲▲▲▲▲▲ ▲▲▲▲요. 네, 생년월일 말씀 부탁드립니다. 예. ▲▲▲▲▲▲ 네, 지금 전화주신 손님 본인의 성함 말씀 부탁드립니다. ▲▲▲ 네, 마지막으로 카드와 연결되어 있는 결제 계좌 은행 말씀 부탁드립니다. 아 예. ▲▲ 은행. 네, 확인 감사합니다. 혹시 어떤 부분에 대해서 궁금하신 걸까요? 아, 내가 그 기름을 냈는데 기름인데, 그게 이제 뭐 딱 눌러 눌렀어요. 멘트 눌러가지고 주유 금액은 ▲▲▲원인데 신용카드, 아 저기 저기 저기 그 영수증은 ▲▲▲원으로 나왔어요. 그런데 내가 결제 이렇게 그 ▲▲카드로 이렇게 보니까, ▲▲▲원 결제 금액이 떠가지고 어떻게 된 건가하고 그것 좀 알아보려고요. 네, 네. 그러시면 제가 확인을 해 보겠습니다. 잠시만 기다려 주시겠습니까? 예. 네, 기다려 주셔서 감사합니다. 지금 확인해 보니까, 그 케이아이산업 업장, 쉽게 주유소에서 그 저희 쪽에서 확인해본 결과 확인을 ▲▲▲원으로 거래가 되셨고 ▲▲월 ▲▲일 거래 건이 맞으시죠? 예, 예. 네, ▲▲▲원으로 결제가 되셔가지고, 이 부분은 주유소에 한 번, 다시 한번 문의를 주셔야 될 것 같습니다. 아 그 ▲▲▲원만 이렇게 결제가 된 거예요? 네, 맞습니다. 어, 그래요? 이게 뭐 취소되면 며칠 뒤에 이게 가요, 카드사에요? 네. 그러니까, 취소 만약에 오늘 취소가 된다라고 하시면 오늘 기준으로 평일 기준 2, 3 영업일 정도에 저희 ▲▲카드로 취소 전표가 오는 부분이세요. 아, 내가 취소를 하는 게 아니라 이게 결제를 보통 ▲▲▲원 결제 금액이 되고 그리고 나서 이제 주유 금액이 나오면 그 앞에 거는 취소되고 그럼 저기가 된다고 그러더라고요. 그런데 그게 시간이 많이 걸려요? 아니요, 아니요. 아니요. 그 부분은 승인 취소 건이라서 시간은 많이 안 걸리시고, 다시 한번 ▲▲▲원 거래권도 따로 없는 부분이어가지고 이거 한번 그 해당 그 가맹점 쪽으로 한번 문의를 주시는 게 좋으실 것 같습니다. 아, 그래요? 네, 그 연락처로 해 드릴까요? 예? 연락처, 그 해당 가맹점 연락처를 안내해드릴까요? 어, ▲▲▲▲▲▲▲▲▲▲▲▲인데. 아, 아 네. 네. 맞습니다. 그 쪽으로 문의 주셔가지고 정확하게 확인을 아, 선생님 이렇게 문의 할 수는 없나요? 네, 저희쪽에서는 따로 문의가 안 되시는 부분입니다. 아 그래요? 네, 그렇습니다. 예, 일단 알겠습니다. 네, 상담원 ▲▲▲이었습니다. 예.",0,A
normal_A_0509,"상담원 ▲▲▲입니다. 예, 좀 전에 통화를 했는데요, 여기 인터넷 비용하고 폰 대금 때문에 ▲▲카드로 변경해서 자동 이체 신청을 했거든요. 그런데 아까 전에 뭐 상담사분이 여자분이던데 내가 상담을 좀 전에 했는데 통신사에서 주민등록증이 안 들어왔다 이러니까 상담사분 말씀이 통신사에 전화하니까 ▲▲월 ▲▲일자로 신청이 두 가지 다 돼 있고 10일이 결제일이라고 이렇게 말하는데 어떻게 해야 합니까? 네, 종목으로 먼저 확인하겠습니다. 전화 주신 손님은 ▲▲▲ 님 본인 맞으세요? 예, 예. 고객님께서 ▲▲카드를 갖고 있는데 이거 말씀하시는 거죠? 그 제휴 카드가 맞아요? 네, 맞아요. 방금 말씀은 통신사에서 ▲▲일이라고 그랬잖아요. 예, 예. 결제일은 10월 10일이요. 네, 그러니까 ▲▲일이 아직 안 됐잖아요. 그래서 저희 쪽에서는 확인이 안 되는 거죠. 그러면 확인이 안 된다고 해야지 그 통신사에서 요청이 들어와야 된다고 이렇게 말을 하네요. 그러니까 저희가 통신사에서 요청이 들어와야 처리가 되는 거고 지금 ▲▲일이 안 됐으니까 저희 카드사로 요청이 안 들어온거죠. 그러니까 저희는 확인이 안 되는 거고요. 10일에 거기로 들어가는 겁니까? 그렇죠. 아까 통신사에서 확인을 이제 10일 날 승인난다고 했으니까 예, 예 그럼 10일 전에는 뭐 저희가 무료 이용 내역을 알 수가 없죠. 아 그러니까 그건 그렇게 설명을 해야지. ▲▲월 ▲▲일 날 신청이 돼 있다고 했는데 안 돼 있어요. 네, 저희는 승인 내용이 확인되어야 알 수 있고요. 그러니까 승인 내역이 지금 없으니까 제가 그걸 정확히 모르니까 통신사로 한번 더 확인해 보시고 정상 등록돼 있는지도 확인하고 등록돼 있다면 첫 승인 날짜가 언제인지 확인해 보시라, 이렇게 안내가 된 거죠. ▲▲일이 결제일이에요? 그러니까 ▲▲일이 결제일이라고 하면 아직 ▲▲일은 안 됐으니까 저희 쪽에서는 그 승인 내용 부분을 알 수가 없는 거죠. 예, 아까 그 여자분 말씀이 통신사에서 자동 이체 결제 승인 요청을 하고 그런 게 안 들어오면 그건 안 된다, 이렇게 말을 하더라고요. 네. 네, 그러니까요. 저희 쪽에서는 승인이 들어오는 게 없으면 제가 잘 처리됐는지 모르는 거예요. 그럼 ▲▲일 날 알 수 있다, 이 말이에요? 그렇죠. 정지 시 전화 안 해도 되죠? 네. 예, 알겠습니다. 네, 상담사 ▲▲▲이었습니다.",0,A
normal_A_0510,"상담원 ▲▲▲입니다. 무엇을 도와드릴까요? 아 네. 제가 3월 2일에 결제한 건 있는데요. 네. 네, 이게 취소가 됐다고 그 인터넷 쇼핑 뭐 가맹점에서는 확인을 받았는데 그 카드 앱에서는 아직 취소 처리가 안 돼서요. 그러셨어요? 제가 한번 확인해 볼 텐데요, ▲▲▲ 님 본인 맞으실까요? 네. 네, 손님 혹시 금액은 얼마이실까요? 42만 원이요. 42만 원 5개월 할부해 주신 건 맞으세요? 맞아요. 네. 네, 손님. 이 건은 지금 오늘 날짜로 저희 쪽에 취소 매출이 접수가 되었는데요. 이 금액은 내일부터 뭐 ▲▲카드 어플이나 저희 쪽에 전산 확인 가능하세요. 그런데 오늘 날짜로 취소가 되긴 하였습니다. 아 네. 그러면 이렇게 처리가 조금 걸린다는 말씀이시죠? 이제 내일이면은 취소 매출이 접수 되고 익일부터 확인이 가능합니다, 손님. 아 그리고 또 하나 질문 있는데 제가 쓰고 있는 카드가 ▲▲▲카드거든요. 네. 네, 그래서 쿠팡 그 가맹점에서 결제된 건에 대해서 10% 할인 받는다고 알고 있는데. 네. 3월에 결제한 건에 그 할인 금액이 안 떠서요. 전 달에는 떴는데 그래서 한 번 확인해 주실 수 있을까요? 혹시 ▲▲월 ▲▲에 결제 해주신 ▲▲▲▲▲▲원이랑 ▲▲▲▲원 맞으실까요? 네, 근데 그 ▲▲원에 대해서 제가 한번 확인을 못한 것 같아 가지고. 아 그러세요? 일단은 지금 이게 월 할인 한도가 쿠팡 10% 할인까지 포함해서 할인 한도가 ▲▲원으로 책정이 되어 있으신데요, 이거. 예. 손님 지금 ▲▲▲▲▲▲원 매출 건에 대해서는 아직은 저희 쪽에 매입이 되지 않았기 때문에 매입이 된다라고 하면은 혹시 제가 실적 한 번 확인해 보겠습니다, 손님. 네. 근데 그게 다 ▲일부터 매출 실적이 산정이 되는 게 아닌가요? 손님, 잠시만 기다려주시겠습니까? 네, 네. 네, 손님 지금 ▲▲월 실적은 충분히 충족을 해 주셨기 때문에요. 만약에 이 ▲▲▲▲▲▲원을 말씀해 주신 것처럼 월이기 때문에 ▲일부터 한도가 다시 생성이 되는 게 맞으세요. 그런데 다만 이 매출 건이 아직 저희 쪽에 매입이 되지 않았기 때문에 매입 후에 할인된 금액을 확인해 보실 수가 있으실 거 같아요. 예, 알겠습니다. 감사합니다. 네, 감사합니다. 상담원 ▲▲▲이었습니다. 네. 예. 감사합니다.",0,A
normal_A_0511,"상담원 ▲▲▲입니다. 아 네. 저 신용카드 자동납부 신청할라고 그러는데요. 아 네. 확인해 보겠습니다. 실례지만 ▲▲▲님 본인 맞으실까요? 그리고 자동이체 어떤걸 신청하실려고 하시는 거세요? 네, 네. 학교 건데 뭐 자동 이체 수학여행 아 네. 그 수학여행비 자동 이체 신청하실려고 하시는거세요? 네. 네, ▲▲, ▲▲, ▲▲카드를 등록하시는 거 맞으세요. 이 카드는 교육비가 실적에서 제외되시는데 괜찮으시고요? 실적 상관없어요. 아 네. 안내 사항 진행하겠습니다. 자동납부 신청하신 카드가 이용 불가능할 경우 요금 미납 방지를 위해 하여 회원님의 다른 유효한 카드를 사용하는 거에 대해 동의를 받고 있습니다. 동의하시겠습니까? 네. 네, 네, 그럼 신청하시는 카드는 ▲▲에서 ▲▲카드이시고요. 교육청 이름이랑 학생 식별번호 말씀해주시겠습니까? ▲▲▲▲▲▲▲ 교육청은 경북교육청 이세요? 네, 네. 네. 그 지금 집 번호 다시 말씀 부탁드립니다. ▲▲▲▲▲▲▲▲▲▲▲ 네. ▲▲▲▲▲▲요. 조회해보겠습니다. 그런데 조회해보니까 가맹점 중학교 ▲▲▲ 조회되고 있습니다. 맞으실까요? 네. 신청인 분 ▲▲이세요? 네. 네, 지금 정상적으로 등록 되었습니다. 처리시까지는 최대 일주일 정도 소요되실 수 있으세요. 네, 뭐 결과가 어떻게 뭐 카톡으로 오나요? 아니면 어떻게 되나요? 아, 이제 결과는 따로 발송해드리지 않고요. 지금 신청하시게 되면 이제 행정실에서 처리하는 데까지 일주일 정도는 걸리실 수 있으세요. 아 네. 알겠습니다. 네, 감사합니다. 네. 상담사 ▲▲▲이었습니다. 네.",0,A
normal_A_0512,"상담원 ▲▲▲입니다. 예, 그 선결제 좀 하려는데요. 네, 전화 주신 손님은 ▲▲▲▲ 님 본인 맞으세요? 예. 예, 어떤 금액 선결제를 원하시는 거세요? 그 요금이 ▲▲일 넘어오는거 빼고 얼마 그거 승계 아 네, 잠시만 기다려주세요. 지금 ▲▲일 결제 대금이 아직 확정되어 있지는 않으셔서요, 정확한 금액으로 결제하시려면 청구 작업이 오늘 진행되기 때문에 내일 이후로 결제가 가능한, 아 잠시만요, 손님. 예. 오늘 청구 작업이 진행되기 때문에 내일 이후로 정확한 금액으로 청구가 되시는데요, 이제 오늘 제가 일부를 선결제해 드리면 결제일에 한 번 더 청구되실 수 있어요, 괜찮으실까요? 예. 아 네, 그럼 잠시만 기다려주세요. 제가 금액 먼저 확인하겠습니다. 예. 네, 손님 기다려 주셔서 감사합니다. 이게 이용하신 건들이 조금 많아서 제가 금액을 다시 한 번 잘 조정하겠습니다. 잠시만 기다려 주세요. 예. 알았어요. 네, 손님 기다려 주셔서 감사합니다. 일단은 할부 건들이 1회 그 이월되어 있는 리볼빙 금액 그리고 현금 서비스 이용하신 건, 일시불 건 포함해서 재등록 되는 금액이 ▲▲▲▲▲▲▲▲▲▲원, 수수료가 ▲▲ ▲▲▲▲원에서 ▲▲▲▲▲▲▲▲▲▲원인데요, 이 금액을 출금하는 거는 괜찮으실까요? 예. 아 네, 결제하시는 금액의 원금만큼 한도 복원 되시고요, 연결되어 있는 ▲▲은행 결제 계좌에서 출금을 원하시는 거죠? 예. 네, 바로 출금하겠습니다. 잠시만 기다려 주세요. 예. 네, 기다려주셔서 감사합니다. 결제 대금 중에 먼저 선결제 해 드렸고요, 바로 이용하실 수 있는 한도는 ▲▲▲▲▲▲▲▲▲▲원입니다. 예, 알겠습니다. 네, ▲▲일에 결제되는 금액은 조정될 수 있으니 꼭 확인 후 청구 부탁드리겠습니다. 상담원 ▲▲▲이었습니다. 예, 감사합니다. 감사합니다.",0,A
normal_A_0513,"상담원 ▲▲▲입니다. 아 저는 ▲▲▲인데요. 네, 반갑습니다. 무엇을 도와드릴까요? 네, 저기 제가 그 뭐 그 할부를요. ▲▲개월 했는데, 한 달 남았는 거 선결제하려고요. 아 그러십니까? 제가 확인해 보겠습니다. 휴대폰 번호가 몇 번이십니까? ▲▲▲▲에 ▲▲▲▲▲▲ 네, 생년월일 말씀해 주시겠습니까? ▲▲년 ▲▲월 ▲▲일입니다. 네, 전화주신 본인 성함 말씀해 주세요. ▲▲▲입니다. 네, 카드 결제 은행 어디십니까? ▲▲ 은행입니다. 네, 확인 감사드리고 혹시 할부 거래 건 어떤 건을 말씀하세요? 제가 한 달 남았는 거 ▲▲개월해가지고 ▲▲달은 입금하고 ▲▲달 남았는데, 제가 선결제하려고요. 아 그러세요? 그러면 손님 거래 건이. 제가 불러드릴게요. 네. 그 ▲▲월 ▲▲일 날, 현대 백화점. 네. ▲▲▲ ▲▲▲▲원. 네. 그다음 롯데마트. 네. ▲▲일 날, ▲▲▲▲원이요. 네. 그리고 이거 과일 찾는 거 지금 국내인 ▲▲로 끝난 거 이거. ▲▲▲▲▲▲▲▲▲원이고. 네. 그리고 씨제이에 ▲▲▲▲원. 네. 롯데마트에서 ▲▲▲▲원. 네. 지에스 스마트폰으로 했었나. ▲▲▲▲원이요. 네. 그러면 금액 합산하니까, ▲▲▲▲▲▲▲▲▲▲원이고요. 연결되어 있는 ▲▲ 은행에서 출금하면 될까요? 그거 안 하고 그 가상계좌 그걸로 해 주고 예. 가상계좌는 손님 ▲▲, ▲▲, ▲▲, ▲▲ 은행 있는데 ▲▲ 은행으로 보내 드릴까요? 아닙니다. ▲▲으로 해주시고요. 네, ▲▲이요. 그러면 손님 제가 이거 예약 먼저 좀 진행할게요. 정확한 금액으로 입금하셔야 정상 처리되고요. 예약 관련 안내 사항을 문자 메시지로 발송해 드렸는데요. 내용 꼭 확인하시고 이용 부탁드리고요. 예. 그리고 포인트는 제가 확인해드릴게요. 잠시만 기다려 주시겠습니까? 네, 네. 네, 기다려 주셔서 감사합니다. 지금 적립된 포인트 40000점 쌓여 있습니다. 이거는 연결된 계좌로 입금 요청할까요? 이거, 저거 뭡니까? 지금? 30000점 포인트 있었나요? 네. 이거를 갖다가 오늘 그 ▲▲▲▲▲원 있잖아요. 네. 거기, 거기서 40000원 마이너스 ▲▲ 해주세요. 어, 아니요. 손님 이거는 아직 당월 금액이 확정 전이기 때문에 그렇게 처리가 어렵습니다. 이거 그냥 연결된 계좌로 입금 요청해드려도 괜찮으세요? 그러면, 그 내 계좌로 40000점 그 입금해 주세요. 네, 알겠습니다. 그럼 ▲▲ 은행 계좌는 입출금이 가능한 정상 계좌가 맞으세요? 맞아요. 네, 그럼 이쪽으로 요청해드릴 거고요. 잠시만 손님 기다려 주시겠습니까? 네, 네. 기다려 주셔서 감사합니다. 포인트는 요청해드려서 당일 중으로 입금 반영 처리됩니다. 그거랑 앞에 지금 우리 그 ▲▲ 계좌로 이거 보내는 금액 그대로 보내면 되겠지요? 어 네. 맞습니다. 네, 그러면 제가 조금 있다가 오늘 이거 그거 했는 거에서 한 달 남았던 거 선결제 맞습니까? 네, 맞습니다. 네, 네. 감사해요. 네. 상담원 ▲▲▲이었습니다.",0,A
normal_A_0514,"상담원 ▲▲▲입니다. 예, 저는 ▲▲▲이고요. 네, ▲▲▲님 본인 맞습니까? 예. 무엇을 도움 드릴까요? 그 저 제 결제 계좌 좀 바꾸려고요? 네, 바로 변경하겠습니다. 손님 계좌는 어느 은행으로 변경해드릴까요? ▲▲이요. 손님 지금 일회성으로 하시는 걸까요? 아니 아예 변경하시는 걸까요? 아예 변경이요. 네, 계좌 번호 말씀해 주세요. ▲▲▲ 네. ▲▲▲▲ 네. ▲▲▲ 네. ▲▲ 네, 바로 조회해보겠습니다. ▲▲카드 이용 대금 즉시 출금할 계좌 등록에 관한 접수 내용 확인하겠습니다. 생년월일 ▲▲년 ▲▲월 ▲▲일 ▲▲▲ 님 명의로 된 ▲▲▲▲▲▲▲▲▲▲▲▲으로 신청하신 내역 맞습니까? 네. 네, 그럼 변경 바로 해드릴 텐데요, 지금 변경된 계좌에서 현재 미납으로 되어 있는 금액도 즉시 출금 원하시는 거 맞으실까요? 예, 예. 네, 지금 변경해드려서 일단 다음 달 청구 다음 달 결제 건부터는 변경된 ▲▲계좌에서 자동으로 출금될 거고요. 그럼 바로 지금 미납금액 ▲▲▲▲▲원 출금할 텐데요, 이미 ▲▲은행으로 출금 요청중이라 이중 출금될 수 있습니다. 예, 예. 혹시 괜찮으실까요? 예, 예. 이중출금 되면은 ▲▲ 날 환불처리 되는 점 참고 부탁드리고요. 손님 지금 계좌 잔고 부족으로 출금이 안 되십니다. 어 아 부족이요? 네. 아 그러면요, 잠깐만요. 네, 기다리겠습니다. 잠시만요. 기다리겠습니다. 천천히 하셔도 됩니다. 예. 아 그런데 그 ▲▲ 그 계좌로 하면 되는데 어 손님 지금 ▲▲ 다른 데 ▲▲▲ 계좌 번호인가요? ▲▲계좌에서 출금이요. 어 그 ▲▲으로 이걸로 해주세요. 이따가 돈 넣어놓을 테니까 그러면. 네. 어 손님 저희가 이제 전화상 통화중에 있을 때만 출금을 할 수가 있어요. 아니면 가상계좌를 보내드릴까요? 그 ▲▲ 계좌에 지금 잔고가 없어서 되도록 좀 잔고 들어오고 그때 될 것 같은데요. 그럼 그때 전화를 다시 해주셔야 돼요. 아 지금 미리 이거 계좌번호 이거 출금계좌 이거 변경 안 돼요? 변경 했지만 이미 ▲▲은행으로 출금 요청을 하고 있어서 ▲▲으로 출금 요청은 저희가 다 ▲▲일부터 출금 요청을 하고 있습니다. 그래서 즉시 출금을 원하신다고 하면은 따로 연락을 주셔야 돼요. 아 그러면 내가 전화 다시 해야 되나요, 그러면? 네, 맞습니다. 그 그러면 전화번호를 어떤 걸로 다시 해야 돼요? 지금처럼 똑같이 연락주시면 되세요. 아 이거 오래 걸려서 그래도 이게 뭐를 누르라 누르다가 그랬다니까요. 혹시 ▲▲번을 누르시고 비밀번호 인증하신 다음에 ▲▲번 눌러주신 거 맞으실까요? 아니 뭐 계속 뭐 몇 번 눌렀고요, 어디 들어가더라고요? 개인 회원이시면 ▲번 눌르라고 했을 때 ▲▲번 누르시면 되고요. 그다음에 누구 누구 손님 맞습니까 비밀번호 입력해 주세요. 하면 입력 다 하신 다음에 그다음 상담원 연결은 ▲▲번입니다. 아 예 예, 그렇게 할게요. 네, 상담사 ▲▲▲이었습니다. 예.",0,A
normal_A_0515,"상담원 ▲▲▲입니다. 네, 저 그 결제를 하고 싶은데요, 제가 아 그러세요? 본인 확인 후 안내 도와 드리겠습니다. 손님의 생년월일을 말씀해주세요. 네. ▲▲년 ▲▲월 ▲▲일입니다. 휴대폰 번호를 말씀해주시겠습니까? ▲▲▲▲▲▲▲▲▲▲▲번이요. 네, 손님 본인 성함 좀 말씀해주세요. 네, ▲▲▲입니다. 네, 카드와 연결된 계좌 은행은 어디입니까? 네, ▲▲은행이요. 확인 감사합니다. 오늘 결제할 금액은 모두 다 결제를 원하시는 건가요, 아니시면 총 결제할 금액을 다 원하시는 건가요? 아니, 아니요. 그 오늘 원래 최소 결제 금액이 얼마죠? 네, 오늘 결제할 금액이, 잠시만 기다려 주세요. 네. 네, 기다려 주셔서 감사합니다. ▲▲▲▲▲▲▲▲원이세요. 아 그러면 30만 원만 출금을 좀 해 주세요. 일시불에서 30만 원 다 결제해 드릴까요, 그러시면요? 네, 네 네. 네, 알겠습니다. 그 ▲▲▲▲▲▲▲▲원으로 결제해 드리면 될까요? 네, 네. 잠시만 기다려 주세요. 예. 네, 기다려 감사합니다. 제가 확인이 좀 지연되다 보니 1분만 더 기다려 주세요. 네. 네, 기다려 주셔서 감사합니다. ▲▲은행에서 바로 결제해 드리겠습니다. 잠시만 기다려 주세요. 예. 네, 기다려 주셔서 감사합니다. 결제를 하셔도 결제 계좌에 잔고가 있는 경우 이중 출금될 수 있으므로 오늘 잔고는 하루 잔고를 꼭 비워 두시고요, 이중 출금되면 평일 기준 하루 후에 손님의 결제 계좌로 환불되므로 입출금이 가능한 정상 계좌인지 꼭 확인 부탁 드리겠습니다. 잠시만 기다려 주세요. 예. 네, 기다려 주셔서 감사합니다. 결제 완료되었습니다. 네, 저 다음 달 예상 금액은요? 결제 예정 금액을 말씀하시는 거죠? 네, 결제 예정 금액을 참고는 부탁 드리겠고요, 금액은 변동될 수 있습니다. ▲▲일 결제 예정 금액은 ▲▲▲▲▲▲▲▲▲원 확인되고 있습니다. 예, 알겠습니다. 감사합니다. 네, 감사합니다. 상담원 ▲▲▲이었습니다. 수고하세요. 네, 감사합니다. 네.",0,A
normal_A_0516,"상담원 ▲▲▲입니다. ▲▲▲ 님 안녕하세요? 네, 네. 아 대출 문의하신다고 전달받았는데요. 손님 가능하신지 먼저 확인하고 상담 좀 해 드릴게요. 네. 가능한 한도 확인을 위해 신용 조회 대한 동의가 필요한데 동의하시면 그냥 예 또는 동의합니다. 말씀부탁드립니다. 네, 동의합니다. 통화 너무 감사드리고 신용 조회 기록은 신용도에 영향은 없지만 대출 실행 후에는 대출 정보와 연체 정보가 고객님 신용도에 영향을 미칠 수 있습니다. 최근에 ▲▲카드 또는 다른 금융 기관에 연체 이력이 있으시거나 소득 대비 금융 부채 너무 혹시 과도할 경우 대출이 불가능할 수 있다는 점 미리 양해 부탁드립니다. 네. 손님, 지금 한도는 보여지는데 아마 시도가 됐을 때 계속 안 됐을 거예요. 이게 카드론 심사 거절이 됐거든요. 최근에 뭐 다른 곳에서 대출 받은 게 있거나 아니면 신용도 변동이 좀 있었던 기록이 생겼거나 아니면 이런 이런 경우에는 한도가 특정이 됐었어도 실시간으로 반영이 사라지는 경우가 있거든요. 네. 그럼 지금은 제가 봤을 때도 한도가 거절이 되고 있어서 도와드릴 수 있는 한도는 없습니다. 아 그래요? 이거 언제 돌아오나요? 제가 저기 얼마 전에 ▲▲은행에서 저기 어 대출 갱신하고 이걸 대환 대출을 제가 새로 받아서 그래요. 근데 혹시 이게 언제 반영이 될까요, 이거는? 아 네. 그거는 확답을 못 드려요. 손님이 만약에 궁금하실 때마다 실시간으로 지금은 되는지 한도가 있는지 이렇게 해서 확인하셔야 돼요. 아 그래요? 한 번은 나오는데 왜 이러는 거죠, 그럼? 예. 말씀하신 대환 대출이 실행이 돼서 그런 걸 수도 있죠. 이게 은행이긴 해도 금융사기는 다 대출이 공유가 되거든요. 네. 그러니까 대출을 받으면 다 신용도랑 관련이 되어 있잖아요. 네. 그래서 그게 인제 금융사끼리 공유가 되면서 어 막 여기저기 다 되면 대출을 과다하게 사용이 될 수가 있다 보니까 그게 어느 정도 기준점이 넘어버리면 심사가 다른 곳에 있던 대출 한도도 거의 다 거절이 되는 거예요. 네. 아 그래요? 이게 회복되는 대로 언제인지는 잘 모르는가 봐요. 네. 그 그게 회복 부분으로 확답을 못 드려요, 손님. 아 이거 그러면은 저기도 안 돼요? 단기 대출도 안 되나요? 그 현금 서비스. 네, 현금 서비스는 하실 수는 있는데 이거는 말 그대로 단기요. 오늘 쓰시면 돌아오는 결제를 한 번에 상환이 되실 텐데 괜찮으세요? 네, 네. 어 아니 그냥 여쭤보는 거예요. 할 수 있어요. 단기는 할 수 있어요, 손님. 그래요? 그런데 이제 신용도에 영향을 끼칠 수는 있죠, 그 대출이니까. 아 네, 알겠습니다. 아무튼 그러면은 지금은 안 된다는 거죠? 이게 뭐 하고 뭐 되나 뭐 그런 게 아니고요? 예, 예. 맞아요. 네, 알겠습니다. 감사합니다. 혹시 나중에 궁금하시면 다이렉트로 손님이 물어보실 수 있는 직통번호 문자 넣어드릴테니 연락 주세요. 안내해드리겠습니다. 네, 감사합니다. 감사합니다. ▲▲카드 ▲▲▲이었습니다. 예.",0,A
normal_A_0517,"상담원 ▲▲▲입니다. 예, 제가 카드 실적을 충족을 하면 이거를 어떻게 혜택을 보는 건가요? 네, 해당 부분 확인 도와드릴 텐데요, 먼저 ▲▲▲님 본인 맞으십니까? 네. 네, 확인 감사합니다. 지금 손님께서 ▲▲ ▲▲ ▲▲카드 ▲▲ ▲▲ 카드 이용 중이신 걸로 확인되시는데 맞으실까요? 네. 예. 손님께서 이 카드로 그 ▲▲▲▲ 구매하신 적 있으시죠? 네. 음 그러면은 이제 ▲▲를 할부로 구매하신 걸로 확인되시는데요. 지난달 실적 ▲▲▲원 이상 충족해 주시면은 ▲▲ 할부 금액이 매월 나오잖아요? 그 금액에서 60만 원 이상일 경우에 2만 원 30만 원 이상일 경우 만 원 할부 건에 대해서 할인해드리고 청구해드리고 있습니다. 네. 그러면 청구서를 조회를 하면 이게 어떻게 나타나나요? 지금 보시면은 이제 취소 매출 반영 금액으로 확인되실까요? 잠시만요. 그 앱에 들어가면 되죠? 네, 어플에서 보셔도 되시고요. 밑에 어플 보시면은 이제 밑에 보시면 혜택이라고 있어요. 잠시만요. 혜택은 누르시면요. 네, 눌렀어요. 네, 로그인 하기 보이시죠? 예, 로그인 됐는데요. 로그인해 주시고 저도 휴대폰 보면서 말씀 드리는거라 조금만 기다려주세요. 네. 네, 밑에 보시면은 ▲▲월 받은 혜택 실적 조회라고 보이실까요? 예. 밑으로 내려가면요? 아니요. 메뉴를 올려 보시면 밑에 보이실 거예요. 그 결제창 혜택 위에 보시면은 그거 누르시면요, 지난달이랑 이번 달 실적이랑 인제 받은 혜택까지 확인이 가능하시고요. 아 네 네 네. 확인되실까요? 어 그럼 이게 카드가 자체 나오는 카드값에서 마이너스 ▲▲▲▲▲▲▲원이 할인이 되서 나온 나오는 거예요? 네, 이 카드 서비스로는요? 아 네, 알겠습니다. 네, 상담원 ▲▲▲이었습니다. 네, 수고하세요. 감사합니다.",0,A
normal_A_0518,"상담원 ▲▲▲입니다. 무엇을 도와드릴까요? 네, 그 결제 계좌 좀 변경하려고요. 아 네, 그러셨어요. ▲▲▲ 님 본인 맞으실까요? 네, 네. 네, 손님 영문명이 ▲▲▲▲▲▲▲▲▲▲▲▲▲▲ 맞으실까요? 네. 네, 확인 감사합니다. 결제 계좌 지금 ▲▲은행으로 되어 있는데 어떤 은행으로 변경 도와드릴까요? 네, ▲▲은행이요. 잠시만 기다려 주시겠습니까? 네, ▲▲은행 계좌번호 말씀 부탁드리겠습니다. ▲▲▲▲▲▲ ▲▲ ▲▲▲▲▲▲▲이요. 네, ▲▲카드 이용대금 출금 이체 계좌 등록에 관한 접수 내용 확인하겠습니다. 생년월일 ▲▲▲▲년 ▲▲월 ▲▲일 ▲▲▲ 님의 명의로 된 ▲▲은행 ▲▲▲▲▲▲▲▲▲▲▲▲▲▲으로 신청한 내용이 맞으실까요? 네. 네, 확인해 주셔서 감사합니다. 신청한 계좌에서 출금되도록 계좌 등록되었고요. 지금 처리 중에 있습니다. 잠시만 기다려 주시겠습니까? 네. 기다려 주셔서 감사합니다. 신용카드 결제 계좌 변경 완료되었는데 체크카드도 결제 계좌 변경 도와드릴까요? 네. 체크카드도 방금 말씀해 주신 ▲▲은행 계좌로 변경 도와드릴까요? 네. 네, 잠시만 기다려 주시겠습니까? 지금 그 ▲▲카드가 ▲▲▲▲▲인가요? 네, 맞습니다. 그게 지금 그 ▲▲카드에서 지금 제휴카드인데 그게 미납돼 있는 게 아닌가? 그게 지금 완료가 된 건 아닌가 싶은데. 어떤 거요? ▲▲▲▲▲카드가요. 유효 기간이 만료되었다는 말씀이실까요? 아니요, ▲▲카드 그 ▲▲▲▲▲카드가 ▲▲▲▲▲요금을 제가 매달 내고 있는 그 제휴카드라서 그게 완납 처리가 된 거 아닌가 싶어가지고요. 네, 그 부분에 대해서는 저희 쪽에서는 다 따로 확인은 어렵고요. ▲▲▲▲▲쪽으로 문의를 해 주셔야 됩니다. 저기 혹시 그 ▲▲카드에서 어떤 부분에 대해서 ▲▲얼마가 지금 제가 그럼 청구가 됐는지 그것 좀 알 수가 있나요? 네, 잠시만 기다려 주시겠습니까? 네. 네, 기다려 주셔서 감사합니다. 에이스아메리칸손해보험 그래서 총 2건으로 확인이 되고 있습니다. 잠시만요. 에이스 아메리카 어느 거요? 에이스 아메리칸 손해 보험이요. 예, 예. 네, 이 부분이고요, 그럼 체크카드 결제 계좌 변경 도와드릴 텐데요, 현금 카드 기능은 국내에서만 변경 전 계좌에서 이용 가능하고 호수 재발급 받으시면 이용 가능하고요. 잠시만 기다려 주시겠습니까? 지금 변경 중에 있습니다. 네. 네, 기다려 주셔서 감사합니다. 정상적으로 변경 완료되었습니다. 네, 고맙습니다. 아 네, 감사합니다. 상담원 ▲▲▲이었습니다. 네, 고맙습니다. 감사합니다.",0,A
normal_A_0519,"안녕하세요. 인디고 발리 특가상품에 대해 문의하고 싶어요. 1베드 풀빌라 2+1으로 3박 예약하고 싶고, ▲▲월 ▲▲일부터 ▲▲월 ▲▲일까지 가능한가요? 안녕하세요! 인디고 스미냑의 1베드룸 풀빌라 예약 가능합니다. 2+1 적용으로 3박 기준으로 $1,350입니다. 로맨틱 디너도 1회 제공해드려요. 그럼 벨몬드 짐바란은 어떻게 되나요? ▲▲월 ▲▲일부터 ▲▲일까지 1박 예약하고 싶어요. 벨몬드 짐바란은 현재 룸 연결이 안 되어 있어서 견적만 드릴 수 있어요. 디럭스 풀빌라 1박은 $484입니다. 90일 전 예약 시 20% 할인 적용된 가격이에요. 성인 2명 조식 포함인가요? 그리고 예약은 어떻게 진행하나요? 네, 성인 2명 조식과 세금 포함된 가격입니다. 예약 원하시면, 룸 가능 여부 확인 후 진행할 수 있어요. 예약 내용과 함께 두 분의 영문 및 한글 이름, 생년월일, 대표자 이메일과 연락처, 항공편명 정보를 이메일로 보내주시면 됩니다. 공항 픽업 예약 시, 주차장 위치도 알려주나요? 호텔 3박 이상 예약 시 공항 픽업 무료 제공해드려요. 단, 우붓 지역은 제외되고, 우붓 지역은 특가로 $15에 제공해드려요. 항공편명도 함께 알려주시면 좋습니다. 공항 픽업을 하지 않으면 다른 대체 방법이 있나요? 공항 픽업을 이용하지 않으실 경우, 남부 지역 호텔 간 이동이나 마지막 날 공항 샌딩으로 변경해드릴 수 있어요. 같은 항공, 같은 지역 호텔의 다른 손님과 조인될 수 있다는 점 참고해 주세요. 예약 후 어떤 혜택을 기대할 수 있나요? 예약 완료 후에는 발리 한국어 지도와 맛집, 멋집 정보를 파일로 보내드려요. 도움이 필요하시면 언제든지 문의해 주세요. 감사합니다!",0,A
normal_A_0520,"일상의 즐거운 변화 LGU+ <NAME>입니다. 가족결합할인을 할게요. 네. 저희 같은 의료보험증 사진 찍어서 서류 보내도 되나요? 의료보험증에 가족분들 다 나오긴 하세요? 네, 다 나오죠. 잠시만 그럼 기다려 주시겠습니까? 네. 네, 고객님 감사합니다. 일단 의료보험증도 되기는 되는데요. 네. 네. 등본, 가족관계증명서 전부 다 가능하지 않으신 거죠? 네. 지금 그 할라니까 이게 의료보험증을 제가 갖고 있거든요. 그래서 그거를 가족이 다 나오니까 그래서 그거를 찍어서 보낼 수 있나 싶어가지고요. 의료보험증도 고객님 할인 받을 수 있도록 진행할 수 있는 상태는 맞으신데요. 네. 네. 그리고 고객님 서류 보내줄 수 있도록 상담 안내 받으셨어요? 네, 그때 어제 서류를 문자로 하는 거 있더라구요. 네. 문자로 클릭해가지고, 그걸로 클릭해서 사진 찍어서 보내면 되나요? 맞습니다, 고객님. 그렇구나. 한 번 더 보내주실 수 있나요? 혹시나 싶어가지고, 어제 받긴 받았는데. 네, 그러면 저희 입력 정보 <NAME> 고객님 본인 되십니까? 네. 감사합니다. 문자로 보내드렸으니까 문자 내용을 제가 확인한 다음에 다시 고객님께 보내드리려고 하구요. 네. 혹시 문자가 왔나요? 잠시, 문자가 있긴 있네요. 이거 그냥 클릭하면 되겠다. 그럼 맞죠? URL 접속해 주시면 되세요. 네. <CONNECTION_URL> 파란색으로 돼 있는 거 눌러서 그쪽으로 사진 찍어서 전송하고. 오늘 폰을 제가 폴더폰을 받았는데, 보상 받는 그걸로 받았는데 이거를 그러면 USIM칩을 꼽아야 된다 하더라구요. 네, 고객님. 맞아요. 예. 그러면 이거를 이제 개통이 되는 거기 때문에 USIM칩만 꽂으면은 사용할 수 있는 건가요? 네, 맞아요. 고객님. 저희가 LGU+ 대리점 가서 좀 꽂아도 상관 없죠? 전혀 상관 없죠. 근데 그거는 판매사 쪽에 저희 온라인샵 직영몰 상담 받으셨던 부서에서도 정확한 내용 확인 가능해서 제가 전화 연결을 해드릴까요? 예. 어제 통화를 하긴 했는데 대리점에 가서 USIM칩 꽂아 볼라면 알아서 해주신다 하더라고요. 네. 이렇게 전화번호도 전에 폰에 있던 것도 옮겨줄 수도 있고, 대리점 가면은. 거기가 사는 게 나은 것 같아서 이제 폰을 갖고 대리점에 방문해볼까 싶어서요. 네, 전혀 상관없긴 하구요. 그리고 제가 아까 고객님 문의 주셨던 내용 중 에 그 가능하다고 했던 의료보험증 있잖아요. 예. 근데 이거 지역 건강 보험증은 안 되는 부분이라 직장 건강 보험증 이런 부분으로 가능하세요. 직장으로 필요한 거라서요. 네. 예. 그래서 요거 하나만 더 말씀 드리려고 하는 거세요. 그러면 있으면 가족 다 나오니까 그거 찍어서 보내면 되겠다, 그죠? 네, 맞습니다. 그리고 저도 연락 주신 김에 저희 직영점 한번 연결해볼까요? 예. 그 혹시 이후에 필요하실 때 대비해서 직통 전화번호는 제가 문자 한번 더 보내드리고 연결해볼 거구요. 네. 연결은 바로 해볼 테니까 좋은 상담 이어가세요. 네. 네.",0,A
normal_A_0521,"상담원 ▲▲▲입니다. ▲▲카드죠? 네, 그렇습니다. 아니, 그게 아니라요. 여기서 ▲▲카드 이용 고객인데요. 그런데 카드 결제일이 며칠인지 좀 알려고 전화 좀 드렸거든요. 네, 확인 도와드리겠습니다. 등록된 휴대폰 번호가 어떻게 되세요? ▲▲▲▲▲▲▲▲이요. 생년월일과 본인의 성함 말씀해 주시겠습니까? ▲▲년 ▲▲월 ▲▲일생이요. 네, 성함 말씀해 주세요. 아, ▲▲▲요. 결제 은행은 어디세요? ▲▲ 은행이요. 네, 손님 말씀하신 저희 ▲▲카드 결제일은 매월 ▲▲일입니다. 그전에는 안 돼요? 결제일을 변경을 원하신다는 거세요? 예, ▲▲ 날 돼요? ▲▲일이요. 내일이요. 내일이요? 손님 어떤 부분을, 어떤 부분을 말씀하시는 거세요? 카드를 물건을 샀는데요. 예. 결제 언제 언제쯤 되냐라고 해서요. 손님께서 며칠날 지금 사용하신 금액을 선결제를 하신다는 거세요? 그, 선불제. 아니. 아니. 손님께서 ▲▲일부터 말일 기준으로 이용하신 금액이 매월 결제일 ▲▲일 날짜에 청구가 되시는 거고요. 그리고 현재 결제하실 금액 ▲▲▲▲원은 선결제 가능하시기 때문에 선결제를 원하신다는 거세요? 네. ▲▲ 날로 바꾸려고 하는데요. 결제 앞으로 그럼 ▲▲일 날 결제될 수 있도록 변경을 원하신다는 거세요? 예. 네, 그럼 결제일 ▲▲일로 변경을 해 드릴 건데요, 저희 결제일 변경하시면 60일 이내에는 재변경이 불가할 수 있는데 괜찮으세요? 예. 네, 그럼 도래하는 첫 번째 결제일은 ▲▲월 ▲▲일이고요. 두 번째 결제일은 ▲▲월 ▲▲일입니다. 결제일 변경해도 기존 이용 금액이 ▲▲월 ▲▲일 다시 한번 얘기해주시겠어요? 뭐라고요? 결제 ▲▲일로 변경하시면 도래하는 첫 번째 결제일은 ▲▲월 ▲▲일, 두 번째 결제일은 ▲▲월 ▲▲일입니다. 결제일 변경해도 기존 이용 금액이 변경 후 결제일에 청구되지 않을 수 있을 거예요. 네, 네. 단기 카드 대출이나 자동 이체의 경우 이용 기간에 따라서 두 달분이 청구될 수 있는데 괜찮으세요? 두 달분이요? 네, 이용기간에 따라서요. 이 부분 괜찮으신 거세요? 예. 네, 그럼 변경하신 결제일에 대한 대한 이용 기간 문자로 보내드리고 있으니 내용 확인 후 이용 부탁드리고요. 예, 해주세요. 네, 그럼 결제 ▲▲일로 변경해 드렸고요. 이용 기간에 대한 문자는 문자 내역을 발송해 드리고 있기 때문에 문자 내용 확인 후 이용 부탁드리겠고요. 결제 ▲▲일. 네. 그러면은 ▲▲▲▲▲원을 ▲▲ 날. ▲▲월 ▲▲일, ▲▲월 ▲▲일 날 납부되실 거예요. ▲▲월 ▲▲일이요? 네. 예, 감사합니다. 네, 감사합니다. 상담원 ▲▲▲이었습니다. 예.",0,A
normal_A_0522,"상담원 ▲▲▲입니다. 그 아침에 우체국 그 카드 하나를 취소하려고 하는데 안 떠요. 그 확인 좀 해주세요, 취소됐는데. 생년월일과 휴대폰 번호가 어떻게 되십니까? 생년월일은 ▲▲▲▲▲이요. 휴대폰 번호요? 네. ▲▲▲▲▲▲▲▲ 전화 주신 손님의 본인 성함은 어떻게 되십니까? ▲▲▲ 결제 계좌는 어느 은행이신가요? 예? 결제 계좌는 어느 은행 이용하고 계십니까? ▲▲▲은행이요. 네, 몇 일자 얼마 이용 건을 말씀하시는 건가요? 오늘 아침에 ▲▲원 그 취소된 거는 카드 손님, ▲▲월 ▲▲일 이용 건을 말씀하시는 건가요? 예. 오늘 취소하신 거는 저희 카드사에서는 바로 확인이 안 되고요, 평일 2 ,3일 정도 소요됩니다. 아니요, 바로 안 써요. 바로 확인이 안 되세요, 고객님. 그럼 카드사로 전화하면 되는 건가요? 어떤 전화를 말씀하시는지요? 그러니까 지금 ▲▲월 ▲▲일 날 이용하신 거를 오늘 취소하신 거잖아요? 저희 카드사에서 확인할 수 있는 거는 매출표가 접수가 되어야 확인이 가능한데 보통 평일 기준으로 2, 3일 정도 소요가 되는 거니까 다음주 목요일이나 금요일 정도에 한번 확인해 보세요. 그리고 취소 처리가 되면 저희 카드사에서 문자로 발송해 드립니다. 그럴게요. 그게 카드사로 직접 전화하면 안 되나요? 취소요? 예. 그러니까 취소는 이용하셨던 가맹점에서 하시는 거고 확인은 2, 3일 정도 소요가 되니까 다음주 목요일이나 금요일 정도 확인해 보시면 되고 취소 처리가 완료되면 저희 ▲▲카드에서 문자 발송을 해 드립니다. 아니 뭐 복잡하고 다른 데랑 틀리네. 다른 데도 바로 바로 취소가 돼서 없어요. 고객님, 만약에 지금 이용하셨다가 바로 취소하시는 거라면 확인이 가능할 수가 있는데요, 며칠 있다가 취소하시는 거는 바로 확인이 안 돼요, 어느 카드사든. 그래요? 예. 네.",0,A
normal_A_0523,"일상의 즐거운 변화 LGU+ <NAME>입니다. 아 네, 안녕하세요? 저기 그 제 명의로 된 휴대폰 일시 정지 해제 좀 하려고 하는데요. 아 네, 확인해 볼 텐데요. 고객님 번호 명의자분 <NAME> 고객님 본인 맞으세요? 네. 확인되셨고요. 해당 번호 말고 다른 번호 말씀하시는 걸까요? 아 네, 다른 번호요. 번호 말씀해 주세요. 그 <MOBILE_NUMBER>요. 네, 명의자분 성함 어떻게 되십니까? <NAME>이요. 네, 확인되셨고요. 고객님 이거 근데 <DATE>에요. 이게 명의도용으로 일시 정지가 되신 거거든요, 고객님? 네, 명의도용으로 제가 일시 정지를 했는데요. 경찰서 갔는데 접수가 어렵다 해서 그냥 제가 남은 요금 납부하고 매장 그 지점 방문해서 납부했어요. 그리고 완전히 그 번호 아예 해지하려면 일단, 정지를 풀어야 된다고 하더라구요. 어 그 밑에 정지 해제를 하셔야 된다는 거죠? 네, 근데 그게 명의도용으로 들어온 번호 그 죄송하지만 아니 <PHONE_NUMBER>로 전화드린 건데요. 네, 아니요. 고객님 이게 명의도용 관련해서 정지 해제는 지금 저희 쪽에서 되는 게 아니구요. 이거는 본사 저희 직영점에 내방을 해주셔야 되거든요, 고객님? 아 그래요? 이게 원래 저희가 따로 막혀 있어 가지고 고객센터에서 업무처리가 되지는 않고 저희 본사 직영점 내방, 신분증 지참하고 내방 하시면 정지 해제 바로 가능하신데 직영점 제가 위치 안내해 드릴까요? 어 네, 해주세요. 네, 혹시 가까우신 동은 어떻게 되시나요? 어 <ADDRESS>이요. <ADDRESS> 맞으세요? 네, <ADDRESS>. 혹시 지역은 어디세요, 고객님? <ADDRESS>이요. <ADDRESS>, 아 <ADDRESS>에는 지금 별도로 직영점은 없으세요. 아 그러면 어디로 가요? 어 혹시 통장으로 확인되시는 <ADDRESS>로 검색 한번 해 봐 드릴까요? 네. 어 혹시 <ADDRESS> 가까우세요? <ADDRESS>이 하나 있나요? 네, <ADDRESS>에만 지금 직영점이 있어요. 아 네, 일단 알겠습니다. 네 이쪽 제가 전화번호랑 주소랑 연락처 문자로 남겨놓도록 하겠습니다. 네, 감사합니다. 감사합니다, 잘 처리되시기 바라겠습니다.",0,A
normal_A_0524,"네, 상담원 ▲▲▲입니다. 무엇을 도와드릴까요? 그런데 네. 그 ▲▲ 카드 쓰고 있는데요. ▲▲ 네, 네. 그거 뭐지, 언제부턴가 적립이 계속 안 돼서 ▲▲▲▲▲ ▲▲카드 적립이요? 그 어플로 해서 적립되는 거 아니실까요? 네, 근데 아예 교통 그거 그러니까 대중교통 이용 내역이 아예 안 떠가지고. 아 그러세요. 잠시만 기다려주시겠습니까? 네. 기다려주셔서 감사합니다. 일단 그 이제 마일리지 적립 같은 경우는 저희가 지급을 해 드리는 부분은 아니기 때문에 그 ▲▲카드 고객센터 쪽으로 문의를 해주셔야 하시거든요. 아니요, 적립이 아니라 아예 교통 카드 이용 내역이 안 찍혀서 여기로 다 이용 내역이 안 찍히신다는 건 이제 카드로 교통 버스나 지하철 이용을 하는데 그 어플에서 확인이 안 되신다는 말씀 아니세요? 네, 네, 네. 예, 그러니까 이고는 이제 ▲▲ 그 어플에서 확인이 안 되시는 거기 때문에 카드 문제가 아니라 그쪽 고객센터로 문의를 해주셔야 되세요. 아 그래요? 그 어플을 저희가 이제 제공을 하는 어플이 아니기 때문에 그 쪽으로 네, 그런데 그래서 그 교통 카드 산 회사에서 그거 이용내역을 확인을 하고 마일리지 적립을 하잖아요. 네. 그런데 그 아예 이용 내역이 안 떠 있어요. 예, 그 카드 사용은 되는데 지금 어플에서 고객님께서 출발지랑 도착지 그거 선택해서 하시는 거잖아요. ▲▲ 어플에서 거기서 확인이 안 되시는 거는 저희가 확인이 안 돼요. 네. 그 저희는 카드사기 때문에 카드는 정상 이용이시면 문제는 없으신 거고 왜 그쪽 어플에서 해당 그 교통 카드가 어 확인이 안 되시는지까지에 대해서는 그 어플 고객센터 쪽으로 문의해주셔야 되세요. 예. 네, 상담원 ▲▲▲였습니다. 네, 감사합니다. 감사합니다.",0,A
normal_A_0525,"일상에 즐거운 변화 LGU+ <NAME>입니다. 안녕하세요? 예, 안녕하세요? 네, 고객님. 다른 게 아니고 그 소액결제 그 하려고 하는데 뭐 이게 뭐가 안 돼 있다고 그러는데 그거 어떻게 된 건지 좀 알아보고 싶어서요. 아, 네, 제가 바로 확인해 보겠습니다. 혹시 성함이 <NAME> 고객님 본인분 되실까요? 네. 네, 저희가 소액결제 같은 경우는 고객님께서 개통하신 지 얼마 안 되셔 가지고 지금, 잠시만요. 네. 어, 제가 바로 확인해 보니까 지금은 조금 사용이 어려우신 걸로 확인되시고요. 저희가 이제 뭐 납부 방법이라든지 아니면 요금제라든지 고객님 이제 납부하셨던 이제 뭐 팩스라든지 이런 부분은 종합적으로 산정을 해가지고 매달 이제 1일 날짜로 이제 그 한도가 따로 확인이 되시거든요. 이거 뭐예요? 네. 네, 지금은 따로 이게 바로 사용은 안 되시고 저희가 <DATE>나 고객님 그때 저희 고객센터 어플 들어가시면 한도 등급이라든지 이런 부분이 확인이 되시거든요. 네, 그걸로 해보니까 <CHARGE>으로 나오더라고요. 네, 아, <CHARGE>씩 나오시는데 지금은 이제 따로 그 바로 사용이 어려우시더라고요. 개통하신 지 얼마 안 되셔가지고 바로 따로 사용은 어려우시고 <DATE> 날 매달 이제 1일날 고객님 재산정이 되시거든요. 그래서 그때 고객센터 어플에서 확인을 하셔 가지고 이용하실 수 있으세요. 네, 근데 거기는 다 차단 해제로 돼 있길래 이제 토요일날 제가, 이게 월요일날 새로 이제 핸드폰을 이제 새로 개통하면서 거기 이제 안 되더라고 그래서 뭐 문의 한번 드려보는 거거든요. 네, 아, 그러셨어요? 고객님, 제가 확인해봤을 때는 이제 한도는 있기는 하지만 따로 이제 개통이 되신 지가 얼마 안 돼 가지고 바로 사용이 어려운 걸로 확인이 되더라고요. 네, 어, 근데 정상적으로 뭐 SK나 이런 데는 개통한 날부터 되지 않나요? 네, 어, 이게 통신사마다 조금 다르실 수는 있어가지고요. 네. 네, 지금은 조금 어려운 걸로 확인이 되시고 저희가 이제 <DATE> 날 다시 산정이 되실 예정이기 때문에 그때 한 번 더 확인하시고 이용해 주시면 되실 거 같습니다. 네, 아, 그럼 <DATE>은 될 수 있어요? 어, 그때는 이제 확답드리긴 어려운데요. 고객님 그 등급적인 부분 확인을 하시고 이용하실 수가 있어서 제가 확인하실 수 있는 방법은 문자로 한 번 더 남겨드릴게요. 아, 네, 알겠습니다. 네, 알겠습니다. 지금 소액결제 이용 한도 변경하실 수 있는 방법이라든지 저희가 차단하실 수 있는 방법도 같이 남겨드릴게요. 네. 혹시라도 <DATE>일부터 고객님 되시면 이거 고객님이 바로바로 설정하실 수도 있거든요. 네. 그래서 제가 문자로 한 번 더 남겨드릴게요. 아, 네, 그때도 사용 안 되면은 <DATE>부터 되는 거예요? 그렇죠. 고객님 매달 1일날 산정이 되기 때문에 만약에 그때 안 되시면 <DATE> 날 다시 한번 확인을 해보셔야 돼요. 네, 아, 거기서 뭐 임의적으로 풀어 주고 있을 순 없는 거죠? 네, 맞습니다. 저희가 조금 그 권한이 없어가지고요. 예, 지금 자동으로 전산상 이게 산정이 되거든요. 좀 제가 이거 85 요금제로 해서 사용하는 걸로 했는데 그 지니뮤직은 그 무제한이에요? 네. 지니뮤직은 지금 무료로 되어 있진 않으세요? 고객님 저희가 이제 <CHARGE> 요금제부터 지니뮤직 한 달을 무료로 들으실 수 있는 게 들어가고 있어요. 아, 네, 아, 그럼 만약에 제가 지니뮤직을 들으려면 별도로 결제를 해야 되네요. 그렇죠. 고객님 결제해 주시고 저희 지니뮤직 사이트 들어가시잖아요. 그럼 거기에서 이제 처음 가입하시면 또 할인 받아가지고 한 <CHARGE>대로 이용하실 수 있는 걸로 알고 있어요. 네, 아, 매달 그게 그 요금에 같이 돼서 나오는 거죠? 네, 그렇죠. 고객님, 같이 돼서 나오세요. 아, 네, 알겠습니다. 예, 알겠습니다. 어렵게 연락 주셨는데 저희 따로 챙겨봐 드릴 건 없으실까요? 네, 그리고 아니 이게 제가 기존에 그 LGU+ 썼었는데 그 집사람 명의로 쓰다가 요번에 제 명의로 해서 바꾼 거라서 그래서 계속 LGU+에서 이제 가족으로 묶음으로 해서 제가 지금 가족들이 LGU+ 쓰긴 쓰는데 그 소액결제가 안 되길래 이게 명의가 바뀌어서 그런 건지 뭐가 이상이 있어서 그런 건지 혹시 몰라서요. 네. 그래서 한 번 여쭤보려 그랬던 거거든요. 아, 그러셨군요. 연락 잘 주셨고요. 보니까 말씀하셨던 것처럼 그 명의 변경이 되셨으면 이제 처음에는 이게 바로 안 되실 수가 있어 가지고 저희가 이제 한 <DATE>에 한 번 더 확인해 보신 게 정확하실 거 같습니다. 네. 고객님. 아, 네, 알겠습니다. 예, 알겠습니다, 고객님. 오늘 하루 마무리 잘하시고요. 네. 오늘도 좋은 일들만 가득하세요. 네, 고맙습니다. 예, 감사합니다. 네.",0,A
normal_A_0526,"상담원 ▲▲▲입니다. 무엇을 도와드릴까요? 그 저 문의 좀 하려는데요. 그러세요? 예, 그 ▲▲카드에 저 ▲▲▲▲▲ ▲▲▲▲▲ 예. 제가 ▲▲카드를 핸드폰 내릴 때 할인받는 거로 해서 ▲▲▲원 쓰게 돼 있어서 제가 썼거든요. 네. 이게 지금 유플러스에서 케이티로 옮겼어요. 옮기고 나면 그 혜택을 그대로 보는 거예요, 아니면 지금 현재 안 보고 있는 거예요? 아 그러세요? 손님 그러시면 제가 정보 확인 후 안내를 도와드려 볼 텐데요. 네. 네, 제가 본인 확인 먼저 진행해볼 텐데요, 손님 생년월일과 휴대폰 번호 말씀 부탁드립니다. 예. ▲▲▲▲▲▲▲▲▲▲▲▲▲▲▲▲▲▲ 네, 그리고 전화 주신 본인 손님 성함이 어떻게 되실까요? ▲▲▲ 그리고 저희 쪽에 연결되어 있는 결제 은행은 어디 은행이세요? ▲▲▲ 네, 확인 감사합니다. 예. 손님 지금 저희 쪽에 가지고 계신 카드가 ▲▲▲▲카드이신데요, 지금 이 카드를 작년 ▲▲월에 발급받으셨어요. 네, 네. 그런데 이제 ▲▲▲▲카드이기는 하지만 손님께서 지금 ▲▲월에 저희 카드로 케이티 유선 상품과 통신 요금이 승인되셨어요. 그런데 ▲▲카드 계열이 엘지유플러스도 있으시지만 에스케이나 케이티 이런 통신사도 전월 실적 30만 원을 충족해 주시면 2만 원 기본 할인에 대해서는 지금 ▲▲월에도 적용이 되시기는 하셨어요. 아 2만 원, 4만 원이 아니고. 네, 왜냐하면 ▲▲▲▲원 같은 경우에는 엘지유플러스를 이용하셨을 당시에만 추가 할인이 적용되시는 거를 도와주시는 거고요. 아 예, 예. 네, 그리고 이제 기본 할인에 대해서는 이제 뭐 케이티와 에스케이, 이렇게 그 대상 가맹점을 연결하시더라도 기본 할인에 대해서는 할인 받아보실 수 있지만 추가 할인은 엘지유플러스에 대해서만 할인받아보실 수 있으세요. 네, 그럼 50%밖에 안 된다는 거네요. 예, 그러시죠. 네, 그러면 그걸 이제 만약에 안 하게 되면 ▲▲원 혜택을 못 본다는 거죠? 손님 다시 한번 말씀해 주시겠어요? 제가 유플러스는 ▲▲▲▲원 할인이 된다고 했잖아요. 이제 자동이체 2건을 하시게 되면 ▲▲▲▲원이시고요. 예. 네, 1건만 하시게 되면 지금 ▲▲▲원이시고요. 그리고 엘지유플러스만 그렇고. 그렇죠. 네, 그러면 지금 현재는 ▲▲원 할인이 되는 거예요? 네, 맞습니다. 아 그러면 만약에 케이티 그 카드 사용을 안 한다고 하면 ▲▲원만 혜택이 안 빠지는 거죠? 어 예, 실적 충족을 안 해주시면 할인은 이제 제공되지 않으시고요. 그렇죠? 네, 네. 예, 알겠습니다. 감사합니다. 네, 감사합니다. 상담원 ▲▲▲이었습니다. 네. 네, 감사합니다.",0,A
normal_A_0527,"상담사 ▲▲▲입니다. 무엇을 도와드릴까요? 아 네. 저기 그 생명보험을 카드로 결제했는데요. 네. 네, 그거를 6개월 할부로 결제를 하고 했다가 그냥 바로 한꺼번에 그거를 선결제를 제가 했거든요. 네. 네, 근데 그게 10월 5일이에요. 네. 네, 그런데 지금 그게 또 카드 결제가 됐다고 떴어요. 아 네, 그 ▲▲▲님 본인 맞으세요? 네. 네, 받아보신 금액이 어떻게 되실까요? 금액이 근데 왜 다른지 모르겠어요. 제가 할부로 제가 일시불로 넣은 거는 25만 원이거든요. 네. 그런데 오늘 출금된 게 60만 원으로 나와서. 한번 확인해보도록 하겠습니다. 네. 손님 오늘 출금하신 20만 원은 10월 4일에 이용 건이 세상페이 이용권 결제 건이세요. 네. 오늘 인터넷에서 결제하신 거는 40만 원짜리 결제 건인데 홈쇼핑 결제 건이세요. 손님. 네. 그게 20만 원이라고요? 네, 네. 20만 원하고 40만 원 합산해 보시면은 60만 원 나오세요. 그런데 왜 그 카드 날라오기를 그 생명보험료라고 왔죠? 그래서 제가 확인을 하게 된 거거든요. 그거는 확인이 안 되고요. 저희는 그냥 결제하신 내용이 그냥 해당 학원에서 이용하신 건에 세상페이 이용권이라고 확인되거든요. 아 네. 그러면 그거라면은 액수가 맞거든요. 아 네, 네. 네, 이중으로 나간 건가 해서 확인 하려고 전화를 드린거에요. 아 네. 이중으로 나간 건 아니에요. 음 네. 네 알겠습니다. 네, 상담원 ▲▲▲이었습니다. 네. 네.",0,A
normal_A_0528,"상담원 ▲▲▲입니다. 네, 안녕하세요? 뭣 좀 여쭤볼려고 전화했는데요. 어 제가 어 핸드폰을 새로 구입하면서 그 ▲▲카드를 만들어서 그 ▲▲▲원을 할부로 하는 걸로 해 갖고 이렇게 약정을 했거든요. 네. 그런데 이제 원래 그 핸드폰 요금은 제 저희 가족 거를 다 아빠 통장에서 자동이체되고 있었는데 제가 이 ▲▲카드를 만드니까 제 카드 이 ▲▲카드에 연결된 제 계좌에서 빠져나간다고 하더라고요? 네. 그래서 그거를 아빠 계좌에서 그냥 계속 나가게 해야 되니까 그거를 저기 결제 그 계좌를 바꿀 수 있나 해서요. 결제계좌는 무조건 본인 계좌로만 가능하고요. 핸드폰 통신 요금을 말씀하시는 거세요? 네, 통신요금. 통신요금을 그러면은 가족 걸로 하실 거면 일단은 저희 ▲▲카드사에서는 본인명의 계좌만 가능하기 때문에 그거는 뭐 통신사 쪽에 한번 여쭤보셔야 될 것 같습니다. 일단 저희는 본인께서만 가능하세요. 아니 통신사에서는 ▲▲카드에다 물어보라 그러는데요. 그니까 손님 카드로 승인되는 거는 무조건 손님 계좌에서만 출금이 돼서 다른 계좌로 할 수 없습니다, 손님. 아니 그 그 승인 계좌라는 게 그러니까 저희 지금 이제 제가 이거 뭐야 어 통신요금을 이 카드로 결제하는 거 ▲▲▲원 월 ▲▲▲원 중에 통신 요금을 이 카드로 결제해도 된다 그래서 자동 이체로 옮긴 거란 말이에요. 원래 ▲▲카드로 하고 있었는데 네. 그러면은 그 이게 뭐야 카드만 옮겼지 계좌는 원래 아빠 거로 그냥 빠져나간 거 아닌가요? 그거를 좀 알 수 있나요? 손님 카드로 하시는 거기 때문에 손님 카드는 손님 계좌에서 출금이 되잖아요. 그래서 손님 계좌에서만 출금이 됩니다. 이 카드로 만약에 그 결제를 옮겼을 경우에는 네. 어 그런데 지난번에는 ▲▲카드를 제가 핸드폰 사면서 라이트할부 그거 또 만들었어요. 제휴카드를 그래가지고 그때도 우리 가족 통신 요금을 그 카드로 자동이체시키고 자동 이체 계좌는 아빠 이름, 아빠 계좌로 계속 나갔거든요. 저희는 이것도 그렇게 되는 거 아니에요? 아니 카드사마다 다를 수 있고요, 저희는 본인 명의 계좌만 가능하기 때문에 가족분 계좌로 등록이 안 되세요. 아 그러면 일단 지금 어 지금 전화 어 뭐냐 네. 제 카드 새로 만든 카드에서 전화요금이 다 빠져나가는지 그것 좀 알 수 있나요? 네, ▲▲▲ 님 본인분 맞으십니까? 네, 네. 일단 저희 쪽에 어디 통신사가 어디세요, 손님? ▲▲텔레콤이요. 아직은 근데 손님 카드로 승인된 건 없으시거든요. 핸드폰 단말기 ▲▲▲원 ▲▲개월 결제한 건 있는데 아직 통신 요금 승인된 거는 없어서 저희가 지금 자동이체가 되고 있는지는 확인이 안 되세요. 네. 승인 돼야지 저희도 알 수가 있거든요. 어 어디서 승인을 해요, 그럼 누가? 통신사도 승인을 하는 거고요, 통신사 자동이체 신청하시면 그날 승인되는 게 아니라 정해진 날짜에 한 달에 한 번씩 승인이 되기 때문에 그 날짜가 돼야지만 저희도 승인되는 걸 보고 할 수가 있습니다. 그럼 ▲▲일에 통신사에 일단 물어보는 게 더 정확한 거네요? 네, 전화하셔서 ▲▲카드를 몇 월 며칠에 승인되는 건지 여쭤보시면 되세요. ▲▲카드로 몇 월 며칠에 승인이 되냐 네, 네. 그게 뭐 승인이라는 거죠? 지금 전화 요금 말하는 거죠? 맞습니다. 알겠습니다. 감사합니다. 감사합니다. ▲▲▲이었습니다. 좋은 하루 되세요. 네.",0,A
normal_A_0529,"상담원 ▲▲▲입니다. 아 네. 안녕하세요? 그 제가 카드를 이렇게 발급을 신청했는데 네. 예, 예 이제 뭐 중간에 어 이 정상 발급처리가 안 돼가지고 예. 다시 이게 신분증을 이제 보내달라는 카톡을 많이 봐가지고요. 제가 전송하기를 했는데 이거 접수가 제대로 된 건지, 안 된 건지 거기 안 떠가지고요. 네. 아 아 위약금 확인해드리겠습니다. 제가 에이알에스 연결해 드리면 주민 등록 번호 전체 자리 입력 부탁드립니다. 연결하겠습니다. 네, 네. 그럼 손님 감사합니다. 잠시만 기다려주시겠습니까? 네. 네, 손님 기다려 주셔서 감사합니다. 손님 전화 주신 손님의 성함이 어떻게 되십니까? ▲▲▲이요. 아 네. 어 ▲▲로 확인되는데요. 아 지금 심사 챗봇으로 그 신분증 발송을 하신 건가요? 맞아요. 네 어 저희 쪽에서도 이제 전산상에는 지금 자동 배분 중으로 확인이 되어서 만약에 이게 신분증으로 이제 발송 처리가 잘 되지 않았다라면 전화부서 전화, 심사부서 심사 배분이 돼서 심사 부서에서 손님 본인 확인 부분으로 연락을 드리고요. 네. 그런데 아직은 지금 이 심사 챗봇 부분으로 배분 중으로 확인되세요. 아 그래서 이걸 조금 기다려 주셨다가 어 저희 쪽으로 이제 어 만약에 전화 가시면은 이제 ▲▲▲▲으로 시작되는 번호는 어 꼭 받아주시면 저희가 진행이 가능 하거든요. 아 그러면 제 신분증 확인 대기중이라는 거예요? 예, 아마도 지금 예 자동 배분 쪽으로 확인이 되지 않아서 만약에 전화가 그 이게 확인이 뭐 2시간 내에 이렇게 뭐 뭐 자동 처리가 되는 거죠? 맞습니다. 2시간 내로 보내주셔도 되는데 예 맞습니다. 알겠습니다. 네. 예, 감사합니다. 상담원 ▲▲▲였습니다.",0,A
normal_A_0530,"상담원 ▲▲▲입니다. 아 저 방금 그 카드에서 성함이 떴는데 해외에서 제가 지금 한국인데 해외에서 결제가 거절됐다고 저 분실 도난 카드로 그렇게 나왔거든요. 어느 나라인지 알 수 있을까요? 아이고 그러셨어요? 아 네, 확인 한번 잠깐 해 보겠고요, 손님 성함 먼저 ▲▲▲ 님 본인 맞으세요? 네. 아 네, ▲▲▲ 님 ▲▲카드를 이용해 주셔서 감사드리고요.,확인 한번 잠깐 해 보겠습니다. 잠시만 기다려 주시겠습니까? 예. 음 네, 손님 기다려 주셔서 감사드리고요, 마일리지라고 확인 되시는데요. 마일리지요? 네, 네. 이거 제가 ▲▲월 달에 ▲▲▲에서 카드 ▲▲▲건을 당해서 지금 계속 분쟁 중인데 아 그러셨어요? 내가 도용됐나 봐요. 마일리지까지 넘어갔나보네, 카드론과. 아 우선 카드 자체는 지금 정지가 된 카드라서 이제 결제가 승인 거절이다보니까 이 점은 걱정하진 않으셔도 될 것 같습니다. 혹시 그 카드를 제가 분실 도난으로 신고 처리했는데 혹시 아예 해지는 안 되나요? 이 카드 재발급은 다 받았거든요. 똑같은 카드를 재발급 한 거세요, 손님? 해당 카드는 해지하면 이 카드 자체가 없어지는 게 처리가 좀 어려우실 것 같긴 하세요. 뭐라고요? 다시요. 그러니까 손님, 지금 보시면 새 카드 ▲▲▲▲카드에서 쓰고 계신 상태이시잖아요, 똑같은 카드이기 때문에 원래 지금 뭐 분실된 카드 앞전 카드과 똑같이 쓰고 있는 카드니까 같은 개념이 되는 거라서 ▲▲카드 재발급 카드였던 게 쓰신 거라면 카드는 해지하는 개념으로 갈 수는 없어서 자동적으로 해지 되지는 않고요, 손님. 아 그냥 분실로 보내서 새로 해도 해지는 안되는 거죠? 이게 너무 집중해서 그 카드가 계속 두 번째 거를 지금 결제낼 거 있는데 문제 없는 건가요? 아 그러세요? 아 우선은 기존 카드 외부에서 앞전 카드는 어제 분실 신고되어서 정지가 된 카드로 해당되어서 그건 카드가 승인이 되지는 않을 겁니다, 손님, 정상 승인되는 게 없으세요. 아 알겠습니다. 네, 감사드리고요, 상담원 ▲▲▲이었습니다. 네. 네.",0,A
normal_A_0531,"상담원 ▲▲▲입니다. 안녕하세요? 네, 안녕하세요? 네. ▲▲카드를 사용을 했는데 이게 주유소에서 실수로 이게 결제가 세 번이 됐거든요. 네. 그런데 이게 뭐 취소하려면 카드사에 문의를 해봐야 된다고 자동취소가 되긴 될 건데 이게 뭐 바로 들어오지를 않아서 카드사에 문의를 한번 해보라고 하셔서 전화드렸거든요. 네, ▲▲▲ 님 본인 맞으세요? 아 제 핸드폰은 아니에요. 아니에요? 지금 전화 주신 손님 본인 성함이 ▲▲▲ 님 본인 맞으신가요? 네. 네, 그 ▲▲주유소에서 그 11월 10일에 이용하셨던 그 주유 건 말씀하시는 거죠? 네. 세 번. 예, 세 번 승인은 되어 있는데 이 중에 그 전표 매입을 시키지 않고 2건을 만약에 취소하게 된다고 하면 ▲▲일이 지나고 나면 유에스 달러로 다시 재충전은 해 드려요, 이 11월 10일에 쓰신 거니까. 예. 조금 기다려보셔야 될 것 같으세요. 아, 그러면은 계속 그 제가 여행 중에는 못받을 수도 있다는 거네요? 예, ▲▲일이 경과되면 이제 1건만 쓰신 거면 그것만 매입을 시킬 거예요. 그러면 2건에 대해선 그 ▲▲불이 ▲▲일이 경과되면 다시 유에스 달러로 그 다시 충전을 해 드려요. 그러니까 기다려 보셔야 될 거 같아요. 네. 아직 3건 다 쓴 게 아니여도 뭐 이제 그냥 이 주유소에서 처리를 한다는 말씀이신 거죠? 네, 그러세요. 주유소에서 3건을 다 안 쓰신 거면 3건 모두 매입을 안 할 거잖아요. 그러면 이게 ▲▲일이 넘으면 다시 유에스 달러로 다시 들어갈 거예요. 네. 이거를 혹시 뭐 좀 빨리 받을 수 있거나 뭐 그런 방법은 따로 없는 건가요? 네, 네. 이거는 기다려 보셔야 되세요. 아 네. 네, 그 전표를 매입하지 않은 상태에서 처리하는 기간 2, 3일이라 번거로우시겠지만 조금 더 기다리셔야 될 것 같습니다. 아 네. 알려주셔서 감사합니다. 네, 감사합니다. 상담사 ▲▲▲이었습니다. 감사합니다. 감사합니다.",0,A
normal_A_0532,"일상의 즐거운 변화 LGU+ <NAME>입니다. 네. 저 문의 좀 할려구요. 아 예. 고객님 전화 잘 주셨는데요. 먼저 전화 주신 고객님 <NAME> 고객님 명의자분 본인되시겠습니까? 네. 예. 확인 감사드리구요. 어떤 부분 때문에 전화주셨을까요? 아 지금 제가 그 저희 아이 핸드폰 이제 LGU+로 옮겨 오면서 그 요금을 제 계좌로 한 번 납부됐다 그런 거 같긴 한데, 농협 쪽에서 문자가 자동이체 신청이었다는 문자가 많이 와가지고요. 네. 좀 확인 좀 해볼려구요. 아 예. 고객님 많이 놀라셨을 텐데요, 먼저 전화 주신 고객님 <NAME> 고객님 명의자분 본인되시겠습니까? 네. 확인 감사드리구요. 고객님 그 문자에 보시면은 그 납부자 번호라고 해서 숫자 열두 자리 번호가 있으실 거예요. 네. 그 문자 보시고 고객님 이제 납부자 번호 한번 말씀해 주시겠습니까? 음 세 가지 다요? 아마 납부자 번호 다 동일하실 거예요. <PAYACC_NUMBER> <PAYACC_NUMBER> 네. 이렇게요. 잠시만요. 혹시 자녀 분 그 번호가 어떻게 되십니까? <MOBILE_NUMBER> 네. 성함이 어떻게 되십니까? <NAME>, <BIRTH_NUMBER> 그리고 요금 납부방법이 카드, 은행, 자동이체, 지로 중 어떻게 되십니까? 지금 농협으로 했을 거 같은데요. 아 예. 확인 감사드리구요. 지금 제가 확인해 보시는 <NAME> 고객님, 이제 등록된 요금 납부방법이 고객님 명의의 자동이체 은행 자동이체 계좌로 확인이 되시더라구요. 네. 예. 이게 지금 문자를 3개 다 받으셔서 많이 놀라셨을 텐데, 이 부분이 어떤 부분이냐면은 이제 저희가 자동이체 신청 시에 요금 미납에 대비하기 위해 매달 정해진 결제일과 추가 결제를 함께 등록해드리고 있기 때문에, 최대 이제 새 폰에 문자를 받으실 수 있으시고, 이제 추가 결제를 함께 등록이 되도록 등록을 해드리기 때문에 자동이체가 등록이 됐다는 문자가 왔다 하시는 건데, 뭐 여러 건 결제되거나 막 그러신 건 아니시니까요. 안심하셔도 되시는 부분이시긴 하십니다. 아 그래요? 그러면은 지금 그 저희 아이 결제가 며칠 날되는 건가요? 지금 결제일이요? 예. 네. 잠시만요. 결제일은 고객님 <DATE> 날짜로 지금 되신 걸로 확인되시더라구요. 그러면은 <DATE>부터 <DATE>에 <DATE> 합산해서 쓴게 나가는 거죠? 예. 이거 뭐 문자로 이렇게 많이 보내죠? 이게 그 <DATE> 이외에 요금 미납 예방하기 위해서 <DATE> 날 만약에 수납이 안 되시면은, <DATE> 날도 뭐 추가 결제 들어가시고, 뭐 <DATE>에서 제가 결제를 추가적으로 드리기 때문에 이 부분은 이제 등록이 되시는 거지 뭐 여러 번 이제 문자가 그 나가셨다고 해서 여러 번 결제가 된다거나 뭐 그러신 내용은 아니십니다. 아 그렇군요. 그럼 크게 걱정 안 해도 되는 거고요? 예. 걱정 안하셔도 되십니다. 이게 자동이체로 돼 있나요? 아니면 그날 한 번만 지금 그냥 지로로 나가는 건가요? 어 자동이체로 되어 있으세요. 아 그러면은 카드하고 싶으면 변경해야 되는 거죠? 이 카드로 자동이체 한다고 하시면 카드로 변경하셔야 되시겠구요. 네. 알겠습니다. 네. 알겠습니다. 고객님 다른 문의 사항은 없으시겠습니까? 예. 예. 이제 정상 처리 정확하게 되신 거니까, 전혀 걱정 안하셔도 되시겠습니다. 예. 알겠습니다. 네. 감사합니다. 상담사 <NAME>였습니다. 네. 감사합니다.",0,A
normal_A_0533,"상담원 ▲▲▲입니다. 예, 수고하십니다. 감사합니다. 예, 일전에 그 항공권 구입한거 중에 일부를 취소했는데 언제쯤 정리가 되는지 궁금해서요. 아 예, 많이 궁금하셨을 텐데 본인 확인 후 안내 도움드리겠습니다. 전화주신 손님 ▲▲▲ 님 본인 맞으실까요? 네, 네. 네, 확인 감사드립니다. 지금 손님께서 말씀해 주신 그 거는 언제 결제 건이실까요? 결제는 다 됐어요. 처음에 한 거는 ▲▲월 말경에 제가 그 카드를 썼고요. 네. 항공권이 이제 ▲▲월 달이었는데 며칠 전에 ▲▲월 달 말경에 취소했어요. 중순경에 취소했어요. 아 네. 그렇다고 하시면은 제가 확인 후 말씀드릴 텐데요, 잠시만 기다려주시겠습니까? 네. 감사합니다. 손님 기다려 주셔서 감사합니다. 지금 ▲▲월 ▲▲일에 ▲▲▲항공 ▲▲▲▲▲원 건 네. 취소된 내용이 확인이 되고 있는데요. 전액 취소 다 된 게 아니라 일부 취소고 지금 확인했을 때, 총 ▲▲▲▲▲▲▲▲원 내용 확인이 되세요. 네. 요거 관련해서, 어 그리고 실질적으로 손님께서 환급 받으실 금액이 ▲▲▲▲▲▲원 내용 확인되고 있고 이 건에 대해서는 손님께 ▲▲월 ▲▲일에 손님의 결제 계좌인 ▲▲은행으로 환불된 내용 확인되고 있습니다. 아 ▲▲월 ▲▲일 날이요? 네. 아 그럼 지났네요? 그때 입금 됐다는 얘기인가요? 네, 계좌 한번 확인 부탁드립니다. 아 그 카드 대체 결제계좌로 입금이 된 거예요? 네. 아 제가 카드 청구서만 이렇게 봤었거든요. 아니 청구서에서는 조금 확인이 어려우시고요. 이게 취소가 될 경우에 손님 계좌로 저희 쪽에 매출 취소된 내용이 전표가 넘어오면 정상 반영되고 다음 날 환급이 진행이 되는데요. 예. 지금 ▲▲일에 저희 쪽에 매출 취소 관련 내용 확인되고 있고 다음 날인 ▲▲일에 자동적으로 환급 진행된 내용으로 확인됩니다. 아 바로 됐군요. 알겠습니다. 말씀 감사합니다. 네, 감사합니다. 상담원 ▲▲▲이었습니다. 수고하세요. 네, 감사합니다.",0,A
normal_A_0534,"상담원 ▲▲▲입니다. 네, 안녕하세요? 네, 여보세요? 아 예, 제가 주말에 ▲▲카드를 신청했는데요. 네. 아 예, 그렇게 받는데 시간이 조금 ▲▲일 소요된다 그래서 네. 저 혹시 직접 가서 은행가서 수령할 수 있을까요? 네, 많이 궁금하셨겠습니다. 해당 부분은 제가 본인 확인 후 확인해 보도록 할 건데요. 휴대폰 번호와 생년월일 말씀 부탁드립니다. 네. 예, ▲▲▲▲▲▲▲▲ 네, 생년월일은요? 예, ▲▲년 ▲▲월 ▲▲일 네, 전화주신 손님 본인 성함 말씀해주시겠습니까? 예 저 ▲▲▲ 네, 마지막으로 카드와 연결되어 있는 결제 은행이 어느 은행이실까요? ▲▲은행 네, 확인 감사합니다. 지금 ▲▲ 체크 카드 발급을 언제 신청을 해주셨는지 확인했을 때 ▲▲월 달에 손님께서 말씀해 주신 대로 이제 ▲▲월 달에 어 ▲▲▲ 예 예 네 네, 신청해 주신 걸로 확인이 되고 있고요. 해당 부분을 영업점으로 수령 원하실 경우에는 저희가 영업점에 짐 현재 발급 중인 상태여가지고 영업점에 확인 요청을 하고 수령지 변경을 별도로 해야 되다 보니까 시간이 좀 네. 오래 걸릴 수가 있어요. 그래서 조금 빨리 받아보시기 원하신다고 제가 긴급 배송을 대신 전달해드리는 건 어떠실까요? 네. 아 그러면은 수령지를 네. 어 지금 어디로 돼 있죠? 수령지 가요. 수령지 같은 경우에는 현재 자택으로 되어 있습니다. 아 그래요? 그러면은 긴급배송이면 언제까지 받을 수 있을까요? 원래는 평일 기준 2, 3일 정도가 소요가 되는데요. 긴급 배송으로 신청하게 되면 그거보다는 조금 더 빠르게 받아보실 수 있으세요. 아 안 되는데 언제까지 받아 보셔야 되는 거예요? 어 그 저 화요일 날 저녁에 나가야 돼서 손님 오늘 신청하시게 되시면 화요일 긴급 배송 뿐만 아니라 영업점 배송도 화요일까지 받아보실 수 있다라고 확답드리기는 좀 어려워요. 아 그래요? 네. 그 그러면은 그 아 영업점도 어려워요? 체크 카드인데도 그런가요? 네, 아무래도 카드가 저희 쪽에서 발급이 된 상태에서 영업점으로 이제 영업점으로 배송이 되는 거다 보니까 지금 다시 카드를 영업정 수령으로 변경을 하신다고 하시고 아니면 또는 긴급 배송 아 아 신청하신다 하셔도 내일까지는 수령이 가능하다라고 확답드리기는 좀 어렵습니다. 아 언제까지 날짜는 예 날짜는 저희가 장담하기가 어려워요. 어 그러면 최대한 빨리 발송 받을려면은 혹시 제가 그쪽으로 찾아갈 수 있나요? 어 이제 그런데 긴급 배송신청을 하시든 아니면 영업점 수령을 하시다가 비슷하실 거라고 저는 생각합니다. 네. 아니 제가 혹시 뭐 본사에 가서 카드를 직접 쓰고 받을 수 있나요? 어 손님 해당 부분은 그 부분도 저희가 확인이 필요한 부분이라서 이제 전달하는 과정에서 시간이 사용되다 보니까 네. 아 그래요? 네. 그러면 일단은 자택으로 돼 있어요? 네, 자택으로 되어 있고.요 제가 혹시 몰라가지고 긴급 배송은 바로 신청한 상태입니다. 아 네 네, 저 하나만 더 확인해주세요. 제가 어저께 이것 저것 막 누르다보니까 얘가 지금 분실 신고로 돼 있는지 제 대로 돼 있는지 정상으로 되는지 그것 좀 확인해 주시겠어요? 네. 네, 많이 궁금하셨겠습니다. 그럼 해당 부분 분실 신고가 되어 있는지 확인을 해봤는데요. 분실 신고가 되었다가 해지가 된 상태예요. 아 예, 알겠습니다. 네 네, 감사합니다. 상담사 ▲▲▲이었습니다 네. 네, 감사합니다. 네, 감사합니다.",0,A
normal_A_0535,"상담원 ▲▲▲입니다. 예, 여보세요? 네, 안녕하세요? 네 네, 저기 하 저기 저희 학교에서 교육비 자동이체 등록하라고 그래서 네. 전화주신 손님 성함이 ▲▲▲ 님 맞으세요? 네 네 네. 네, 확인되시는 교육비 등록 건은 이제 ▲▲고등학교에 ▲▲▲ 학생분 확인되는데 맞으실까요? 네. 회선으로도 그 결제 그 등록하라고 또 와서 아 네, 확인해드릴 텐데요, 학생분 식별번호 확인되실까요? 영문 ▲ ▲▲▲ ▲▲▲▲ ▲▲▲▲ ▲▲▲▲ ▲▲▲ ▲▲ ▲▲ 맞으세요? 네 네. 네, 교육청은 어느 교육청 이세요? 네. 학교 주소는 ▲▲고 네 네. ▲▲. 학교 명은 ▲▲▲ 중학교. 네, ▲▲▲ 중학교의 ▲▲▲ 학생 분 확인됩니다. 맞으실까요? 네 네. 네. 자동 이체 등록 카드는 ▲▲▲▲▲▲카드 맞으실까요? 네 네 네 네. 네. 확인 감사합니다. 요청하신 ▲▲▲ 학생분 ▲▲▲중학교에 교육비 자동 이체 등록 완료되었습니다. 예, 이거 혹시 여기 학교에서 보낸 거는 ▲▲월 ▲▲일까지라고 하던데 네. 저희 쪽에서는 이제 학생분이 조회될 때 등록 또는 취소만 해 드릴 수 있기 때문에 자세한 상황 학교에 문의를 해보셔야 할 수 있을 것 같습니다. 아 예, 알겠습니다. 네, 상담사 ▲▲▲이었습니다. 감사합니다 예.",0,A
normal_A_0536,"상담원 ▲▲▲입니다. 여보세요? 네, 안녕하세요? 아 그 방금 그 ▲▲카드를 발급 받았는데 네, 손님. 이게 제가 가족 카드를 발급 받았는데 이것도 마찬가지로 ▲▲▲▲카드 결제 계좌가 그 신용카드 결제 계좌에서 출금되는 거죠? 아 네, 정보 확인하고 안내를 도와드릴 텐데요, 손님. 핸드폰 번호가 어떻게 되시나요? ▲▲▲▲▲▲▲▲▲▲▲▲요. 네. 손님 생년월일은 어떻게 되세요? ▲▲▲▲▲▲▲ 전화 주신 손님 본인의 성함을 말씀 부탁드리겠습니다. ▲▲▲요. 네, ▲▲▲ 손님 가족 회원님 되시고요? 네. 카드 결제 은행은 어느 은행을 이용하고 계신가요? ▲▲은행이요. 네, 확인되었고요, 지금 ▲▲▲▲카드 발급하신 부분의 결제 계좌를 말씀하시는 거 맞으세요? 네, ▲▲▲▲카드라면 결제 계좌를 따로 뭐 지정해야 되는 건가요? 아니요, 동일할 때는 신용카드인 ▲▲은행 계좌가 있으시잖아요, 이 계좌에서 결제가 되는 겁니다. 네, 이 결제일은요? 카드 결제일도 동일하세요. 신용카드 결제를 동일하게 그 신용카드 결제일 날 카드 사용 할인 금액과 ▲▲카드를 사용하신 금액을 같이 합산해서 결제가 되는 겁니다. 지금 그 ▲▲▲▲ 결제 계좌 확인을 한 번만 해볼게요. 네. 그럼 계좌번호만 맞는지 확인 도와드리겠습니다. ▲▲▲▲ ▲▲▲▲번이고요. 네. ▲▲▲ 예. ▲▲▲▲번이요. 네, 맞습니다. 그런데 이거 ▲▲▲▲카드는 사용하면 이제 그 사용했던 신용카드랑 같이 한도가 합산하면 되는 거예요? 어떻게 되는 거예요? 네, 맞습니다. 신용카드를 사용하신 금액 하고 ▲▲카드를 사용하신 금액이 합산돼서 카드 한도 안에서 이용할 수 있는 겁니다. 아 그 이거 ▲▲를 사용하면 승인 안내가 와요? 아니면 따로 신청해야 되는 거예요? 아니요, ▲▲는 실시간으로 정보가 확인되는 내용은 아니시기 때문에 ▲▲로 할인 내역에 대해서 문자가 발송되는 건 아니고요, 추후에 카드로 물품을 구입하실 때 하시게 되면 ▲▲ 사용 할인 금액이 같이 매달 누적 금액으로 보여지게 됩니다. 아 그러면 신용카드랑 동일하게 합산이 되는 거네요. 네, 맞습니다. 한도가 네, 맞습니다. 손님? 네, 감사합니다. 네, 감사합니다. ▲▲카드 상담원 ▲▲▲이었습니다. 네.",0,A
normal_A_0537,"상담원 ▲▲▲입니다. 네, 저 그 제가 카드 지갑을 잃어버려서. 카드정지를 하려고 하는데 네, 네. 아 네, 많이 걱정되실 텐데 빠르게 정지해 드리겠습니다. 연락 주신 손님 ▲▲▲님 본인 맞으십니까? 네, 네. 네, 맞아요. 지금 보유하신 체크 카드가 총 다섯 장 확인되는데 혹시 어떤 카드 분실됐는지 알고 계세요? 그 ▲▲▲▲ 그려져 있는 카드예요. ▲▲ 카드 한 장만 정지하면 될까요? 아 네, 맞아요. 아 그러시면 ▲▲ 카드 한 장 정지할 텐데 카드는 오늘 분실되신 거구요. 네. 혹시 어디쯤에서 분실하셨는지 기억나십니까? 네, 제가 장소는 어렴풋이 지금 어 그 건물 하나 들어갔던데 이기는 한데 네. 혹시 이걸 찾게 되면 그 분실 신고 해제도 가능한가요? 그 재발급 하지 않으신다면 찾으신 카드 소지하시고 연락 주시면 등록된 휴대폰 문자 인증 진행하고 분실 해제 가능합니다. 아 네, 알겠습니다. 네, 그러시면 카드 분실 장소 저희가 어떻게 등록해 드릴까요? 그 어 분실 장소는 그냥 교회로 해 주세요. 그러시면 분실하신 날짜는 오늘 날짜인 12월 12일 분실 장소 교회 말씀해 주셨고요. ▲▲ 카드 결제 내역 확인해 보면 최근 ▲▲개월 동안에 따로 결제 내역은 확인되지 않는데 맞으신 거죠? 네, 없어요. 네, 확인 감사드립니다. 연락가능하신 전화번호 등록돼 있는 ▲▲▲▲▲▲▲▲▲▲번 맞으시고요? 네, 맞아요. 예, ▲▲ 카드 한 장 안전하게 정지 완료되었고요. 혹시 저희 ▲▲카드 말고 손님 명의로 발급받으신 다른 회사 카드 추가로 분실 신고 필요하시거나 하신 건 없으시고요? 아 네, 없어요. 다행입니다. 카드 그러시면 분실 신고로 정지까지만 해 놓겠습니다. 혹시라도 카드 찾으시면 찾으신 카드 소지하시고 연락 주시면 분실 해제 가능하시고 찾아보셔도 도저히 못찾겠다 라고 하시면 언제든지 연락주시면 재발급 접수 가능합니다. 다만 이 ▲▲ 카드 정지 때문에 통신료나 렌탈료 보험료 같은 자동 이체 연결 건 있으셨다면 해당 가맹점 통해 자동 이체 결제 수단은 변경 처리 부탁드리겠습니다. 아 네, 아 알겠습니다. 감사합니다. 네, 감사합니다. 상담원 ▲▲▲였습니다. 네, 네 네 감사합니다. 네, 감사합니다.",0,A
normal_A_0538,"상담원 ▲▲▲입니다. 예, 딴 게 아니라. 네. 그 카드 대금이 두 번 빠져 나가가지고 아 네. 그렇습니까? 예, ▲▲월 ▲▲일 날 한 번 빠져나가고 ▲▲일 날 또 빠져나갔거든요. 아 네. 많이 놀라셨을 텐데 먼저 본인 확인하겠습니다. 휴대폰 번호와 생년월일 확인 부탁드리겠습니다. ▲▲▲▲▲▲▲▲▲▲▲▲ 네. 생년월일은 ▲▲년 ▲▲월 ▲▲일 입니다. 네, 전화 주신 손님 본인 성함 말씀 부탁드리겠습니다. ▲▲▲입니다. 네, 결제 은행 확인 부탁드리겠습니다. 예. 결제 은행이 어디 씁니까? 결제 은행 ▲▲입니다. 네, 소중한 정보 확인 감사합니다. 손님 지금 확인해 봤는데 지금 저희 쪽에서 출금 이력이 지금 ▲▲월 ▲▲일 ▲▲▲▲▲▲▲▲원 이거 1건으로 확인되고 있는데요. 아, 그 ▲▲월 달 나가고 ▲▲월 달입니다. ▲▲월 달. 아 ▲▲월 달이요? ▲▲월 달에 혹시 ▲▲▲▲▲원 하고 ▲▲▲▲▲▲▲▲원 이렇게 두 번 됐다는 말씀이신가요? 예, 예. 아, 손님 이거 확인해보니까거는 그때 당시 이제 금액이 모잘라서 ▲▲▲▲ 그 결제 금액이 ▲▲▲▲▲▲▲▲▲원이었는데요, 그때 이제 잔액이 없어가지고 ▲▲▲▲▲▲원만 출금이 됐다가 그 나중에 이제 그 다음날에 이제 잔액이 있으셔서 그 남은 잔액 ▲▲▲▲▲▲▲▲▲▲원이 출금이 되었던 것으로 확인되고 있습니다. 아 예, 알겠습니다. 혹시 왜 두 번 빠져나갔나 싶어가지고. 아 네. 근데 잔액이 없었던게 이제 나머지 남은 금액이 빠져나갔던 거라고 생각하시면 됩니다. 아 예, 알겠습니다. 확인 감사합니다. 예, 감사합니다. 상담사 ▲▲▲이었습니다. 네.",0,A
normal_A_0539,"상담원 ▲▲▲입니다. 네, 안녕하세요? 그 오늘 보니까 한도 ▲▲▲▲원이 다 된 것 같아서요. 제 결제일이 언제인가요? 제가 외국에 있다가 와서 카드를 이번에 처음 썼거든요, 그래서 결제 시 잘 몰라서. ▲▲▲님 본인 맞으세요? 네, 네. 네, 정보 확인 감사드립니다. 아 손님의 결제일은 ▲▲일로 지금 확인됩니다. 그러면 그게 ▲▲월 ▲▲일인가요? 네, 네. 아 그러면 혹시 선결제 ▲▲원 정도 할 수 있을까요? 어 네, 가능하신데요, 잠시만 기다려 주시겠습니까? 네, 기다려 주셔서 감사합니다. 네, 손님 ▲▲원 결제하려고 진행했는데요, 혹시 가상계좌로 입금하시나요? 아니면 다른 은행에서 지금 결제 원하시나요? 그게 자동결제가 ▲▲▲▲으로 돼 있을 거예요. 아 그 ▲▲▲▲▲ 에서는 즉시 출금이 좀 어려우세요, 손님. 아 그러면 이게 언제까지 쓴 게 ▲▲월 ▲▲일에 청구되는 건가요? 제가 조금 확인해 보면은요, 당월 ▲▲일까지 이용하신 금액이 ▲▲월 ▲▲일 날 청구가 됩니다. 네, 아 그러면 당일 출금이 안 되면 오늘 만약에 신청을 하면 내일 뭐 ▲▲원이 빠져 나갈 수 있는 건가요? 어 아니요, 그렇게는 어렵고요, 입출금이 지금 가능한, 즉시 출금이 가능한 계좌에 잔고가 있어야 처리가 가능합니다. 네, 그러니까 ▲▲가 안 된다는 거죠? 네, 네 손님. 네, 알겠습니다. 한국에 온 지 얼마 안 돼서 ▲▲를 또 방문해야 되나요? 거기에 제 돈이 다 들어 있어서. 아 네. 아 네, 알겠습니다. 이거를 하려면 다시 다른 은행으로 송금한 다음에 다시 전화를 드려야 되겠네요. 네, 네 맞습니다, 손님. 네, 알겠습니다. 감사합니다. 네, 감사합니다. 상담원 ▲▲▲이었습니다. 네, 감사합니다. 네, 감사합니다.",0,A
normal_A_0540,"상담원 ▲▲▲입니다. 무엇을 도와드릴까요? 아니 예. 네, 손님. 저 말씀 좀 물어볼려고 그러는데요. 네, 손님 말씀하세요. 네, 그 라이나생명 보험을 해지를 했는데 그 카드로 저기 요금이 그 됐더라고요? 아 그러세요? 먼저 몇 가지 본인 확인 후에 안내 도와드려도 괜찮을까요? 네. 등록된 휴대폰 번호 말씀해 주시겠습니까? 예, ▲▲▲▲▲▲▲▲▲▲▲. 네. 네, 생년월일 말씀해 주시겠습니까? ▲▲▲▲▲▲ 네, 저 전화 주신 손님 본인에 성함 말씀해 주시겠습니까? ▲▲▲ 네, 결제 은행명 말씀해 주시겠습니까? ▲▲은행 네, 확인 감사합니다. 지금 청구서에 손님께서 취소하신 생명 보험이 결제되어 있다는 말씀이실까요? 예, 그때 그 ▲▲월 ▲▲일 날 해지할 거거든요. 네. ▲▲월 ▲▲일에 해지하셨어요? 네. 네, 확인해 보겠습니다. 네, 우선 ▲▲월 ▲▲일에 저희 쪽에 승인 그 결제된 걸로 확인되기는 합니다. 혹시 이번에 이전에 상담하셨던 걸로 확인되는데 혹시 어 그때 어떤 이야기 들으셨을까요? 그 외에 글쎄요, 저는 잘 아 네. 문의만 주시고 아까 바로 끊으셨던 거죠? 네, 네. 아 네. 그러면 이건 제가 다시 한번 확인해 보겠습니다. 이 보험 하셨다는 말씀이시죠? 네. 혹시 취소하신 날짜 다시 한번 말씀 부탁드립니다. ▲▲▲ ▲▲월 ▲▲일 말씀이시죠? 네. ▲▲월 아니고 ▲▲일 맞으실까요? 네. 네. 그 라이나생명보험 저기 연락하셔서 취소한 거 맞으실까요? 네. 네. 그 그쪽에서 지금 확인하셨을 때는 어떤 내용으로 안내를 받으셨을까요? 아 그냥 그 우리 쪽에서 취소를 원해서 취소했고요. 네, 손님. 그 생명보험 쪽에서는 뭐라 하셨을까요? 그 아 취소 그 다 승인 해주셨어요. 아 취소는 잘 됐다고 말씀하신 거죠? 예. 혹시 이제 취소하셨어도 일단은 그 다음 일까지 뭐 청구가 될 수 있다든가 이런 얘긴 없었을까요? 그런 말은 못 들었는데요. 그러세요? 우선은 지금 확인 좀 해 보고 있는데 일단 저희 쪽으로 네, 청구는 됐어가지고 저희 쪽에서는 카드 그 라이나생명보험 해서 청구가 되어 있어서 결제만 도와드리는 거라 아니요, 저기 그 취소시켜놓고 틀린 거를 청구할 수가 있죠? 그러면 이거 나 지금 그 생명 보험조회 한번 문의 주시겠습니까? 이제 저희 쪽에서는 그냥 당연히 저희 쪽으로 청구가 돼서 결제가 된 거라 이 청구한 그 라이나생명보험 저기서 한 번 문의주시면은 이 결제 그 시스템 그 결제 일자까지 한 번 확인해 보겠습니다. 이 결제 일자를 같이 이야기해 주시면서 이 때 왜 청구가 되는지 문의주시면은 어 답변을 받을 수 있을 것 같습니다. 예, 알겠습니다. 네, 지금 승인 날짜 한번 말씀드리겠습니다. ▲▲월 ▲▲일에 ▲▲시쯤에 결제가 됐는데 이 결제 건이 어째서 승인 됐냐 라고 한번 문의 한번 해 주시고 예. 네, 네. 혹시 이제 이게 그 결제가 된 게 원치 않으셨던 결제라면은 이제 그 쪽에서 한 번 취소 해달라고 아니면 취소 만약에 환급 같은 거 가능한지 한번 분이 같이 해 주시면 될 것 같습니디. 예, 알겠습니다. 수고하세요. 네, 상담사 ▲▲▲이었습니다. 네.",0,A
normal_A_0541,"상담원 ▲▲▲입니다. 아 예, 안녕하세요. 안녕하십니까? 아 예. 저기 제가 돈을 다 냈는데요. 네. 돈을 다 냈는데 다 납부가 됐거든요. 그런데 ▲▲ 은행에서 돈이 빠져나가더라고요? 예. 어떤 돈이 나간다 말씀이세요? 아 뭔, 돈이 빠져 나갔냐면 잠깐만요. 음. 그거 ▲▲ 뭐 얼마가 빠져 나가던데 그러셨어요? 한번 확인 도와드릴 건데요, 핸드폰 번호랑 생년월일 어떻게 되십니까? 어 휴대폰 번호는 ▲▲▲▲▲▲▲▲ 네. 생년월일은요? ▲▲년 ▲▲월 ▲▲일 예, 성함 어떻게 되십니까? ▲▲▲ 본인 맞으시고요? 예. 네, 카드 결제 은행은 어디입니까? ▲▲ 은행 같은데 ▲▲ 은행 말씀이신가요? 예. 확인 감사드리고요. 예, 지금 ▲▲원 저희 쪽에 그 쇼핑케어 서비스가 신청이 되어 있어서 이게 한 달에 월 ▲▲▲원씩 요금 나오는 서비스거든요. 그러면 그 신청도 안 했는데 왜 그게 빠져나갑니까? 다른 거 계약해놓은 게 없는데 이거 신청 2023년도 8월 달에 하신 거라고 지금 확인되고 있어요. 그러면 거기 혜택이 뭔데 그렇게 돈이 빠져 나가는건데요? 이 혜택이 뭐냐 하면, 이제 뭐 쇼핑하는 과정에서 발생할 수 있는 개인 정보 유출 피해도 발생을 예방을 하고요. 혹시라도 뭐 ▲▲카드로 구매한 물건 이 파손됐다든지 뭐 도난이 됐다거나 고장에 대한 안전장치가 될 뿐만 아니라 어 택배 예약이라든지 쇼핑 관련해서 종합적으로 서비스 제공을 받을 수 있는 유료 서비스인데 이거 이제 계속 그 유지가 되면은 요금이 부과되니깐 혹시 안 필요하시면은 해지를 하셔야 됩니다. 어, 그 해지해주세요. 네, 한 번 해지하시면은 할인권이나 멤버십 서비스 이용불가하고 해지 월 포함 해서 3개월 동안 재가입 불가한데 괜찮으신가요?. 예. 잠시만 기다려 주시겠습니까? 기다려 주셔서 감사합니다. 서비스 제가 해지를 해드렸고요, 해지는 했지만 지금 이번 달이랑 다음 달에 ▲▲원씩 서비스 이용비 내셔야 된다고 지금 확인되시고 있어요. 네. ▲▲▲▲원이 나가는 것인데요? 5천 원씩 이번 달이랑 다음 달에 한 번씩 납부를 하셔야 한다고 확인됩니다. 예? 왜 오늘 지금 이달에 나가면 취소하면은 다음 달은 나가면 안 되지 이미 지금 ▲▲월 ▲▲일 날짜로 서비스 이용요금이 발생이 됐기 때문에 이거는 이제 ▲▲월 달에 청구되는 거거든요. 예. 그래서 지금 ▲▲월 달까지 ▲▲원 한 번 더 납부하시면 이제 더 이상 내실 금액은 없어요. 어, 알겠습니다. 그 취소는 된 거죠? 예, 서비스 해지했습니다. 네, 알겠습니다. 수고하십시오. 감사합니다. 상담원 ▲▲▲이었습니다. 예. 네.",0,A
normal_A_0542,"일상의 즐거운 변화 LGU+ <NAME>입니다. 네. 안녕하세요? 네, 반갑습니다. 네, 제가 지난번에 상담원을 통해서 결제 방법을 신용카드로 자동 이체할 수 있도록 설정을 해놨는데요. 요게 지금 <DATE> 날짜로 결제 건이 하나가 생겼어요. 말씀을 드려가지고 결제 취소를 했다가 1시간 뒤에 다시 결제했는데요. 승인을 요청하는 부분을 말씀드리려고 전화 드렸어요. 이해는 되시나요? 네. 근데 고객님 저희가 결제 취소 요청을 지금 드릴 수가 없어요. 결제 취소 요청을 드릴 수가 없다라고 하면은 아예 그 결제 방법 자체를 바꾸는 건 가능한가요? 이미 승인된 거는 어쩔 수가 없고 그다음 결제 건부터 다른 걸로 한다는 말씀이세요. 그래요? 제가 뭐냐, 한 달 <DATE>인가 그때 이제 그 한도가 오바가 돼 가지고 승인 취소를 해줬으면 좋겠다라고 제가 말씀을 드려서 그때 당시에 승인 취소를 한 사례가 있어서요. 그때 정지를 해주셔 가지고 현금으로 그때 결제를 했거든요. 네. 근데 취소를 하려면 카드에서 승인된 거는 저희 쪽에 반영이 되어야 되는데 아직 반영이 안 되었어요. 그렇죠. 그런데 그때 그렇게 해 주셨어요. <DATE>에 반영이 되세요. <DATE>에는 달이 바뀌어요. 그니까 <DATE>에 반영하는데, 그 원칙대로 하는데 일단 취소를 했다가 <DATE>에 같이 승인 요청을 드리는 방법으로 제가 지금 그 상담 문의를 하고 있는 거예요. 네, 고객님. 선 취소는 되지 않습니다. 반영이 되어야 저희도 취소를 할 수가 있어요. 선 취소의 개념을 제가 잘 몰라서요. 선 취소가 뭔가요? 고객님, 먼저 입력 번호 <NAME>님 본인 맞으실까요? 네. 카드로 결제 드린 금액이 저희 쪽에 승인 번호가 와야 돼요. 카드사에서 승인된 정보를 저희 쪽에 추가하거든요. 그래서 저희도 그 금액을 기준으로 취소 접수를 드릴 수가 있는데 지금 결제가 됐는지 안 되는지 여부가 저희 쪽에는 아예 확인이 안 되는 상태예요. 카드사에서 정보가 넘어오지 않아 <DATE>쯤에 같이 가능하다는 그 말씀이군요. 예, <DATE> 저녁 8시, 9시 그쯤에 반영이 아마 될 거 같은데요. 영업시간이 이미 끝나 버렸기 때문에 <DATE>일이 돼야 되는데 <DATE>로 넘어가 버리면 <DATE> 요금이 연체 요금으로 돼버리거든요. 그래서 미리 납부를 하고 난 다음에 취소를 할 수가 있어요. 알겠습니다. 이해가 되게 설명을 해주시니까 도움이 되네요. 그러면 제가 만약에 이 건에 대해서 만약에 문의를 계속 이어가려고 하는 경우는 <DATE>는 해당이 없고 <DATE>에 전화를 주는 게 낫겠다라는 말씀이시죠? 네, <DATE>에 지금 취소할 금액을 다른 걸로 먼저 납부를 하시면 그때 그 카드를 취소해 드릴 수가 있어요. 예, 알겠습니다. 감사합니다. 네, 감사합니다. 고객님, 건강하세요. 그 카드 결제는 꼭 본인 카드로 결제가 가능하죠? 네. 결제 방법을 바꾸는 것도 되나요? 네. 다만 카드주 분하고 동의 통화가 필요합니다. 네. 일단 통화가 같이 돼야 되는 거고, 알겠습니다. 네, 알겠습니다. 고객님, 무더운 날씨에 건강 꼭 챙기시길 바라겠습니다. 네, 이제 깔끔하고 명쾌한 설명이 됐네요. 네, 감사합니다.",0,A
normal_A_0543,"상담원 ▲▲▲입니다. 네, 수고하십니다. 뭐 좀 물어보려고 전화 드렸습니다. 아 네, 말씀하세요. 이거 거기 에스엠에스 서비스가 해지되었다는 게 무슨말인가요? 아 네, 확인해 보겠습니다. 실례지만 ▲▲▲ 님 본인 맞으실까요? 네, 네. 아 네, 확인 감사합니다. 손님 지금 확인해 보면 손님께서 ▲▲날 ▲▲를 가입 하시면서 알림톡 동의를 하셨어요. 손님 그러면은 지금 다른 기관에 등록된 날에 해지가 되시면서 ▲▲로 가입이 되신 거예요. 고객님께서 원하시면 바로 다시 가입도 가능하십니다. 아, 그럼 그게 왜 해지가 됐을까요? 난 누른 적이 없는데. 아, 그 손님께서 어떤 가입 하시다가 어떤 동의를 하셨을 거예요. 그 동의가 체크 되면은 에스엠에스 서비스 타인 이체 등록되는 해지하신 게 있습니까? 동의로 현재 손님께서 잘 못 보시고 했을 수도 있으세요. 그럼 어떻게 해야 될까요? 아, 다시 가입 진행해 드릴까요, 손님? 아, 그러면 저기 만약에 그게 해지된 게 내가 카드를 긁잖아요. 그러면 사용 내역이라도 찍혀야 되잖아요. 그런데 그게 안 찍히는데 뭐 안 찍히는건가요? 아, 데이터 문자가 손님께 저희 쪽에서 해지가 되었기 때문에 안 가시죠. 아, 그랬고요. 몇 번을 긁었는데 이제 안뜨더라고요? 예, 그러시면 다시 재가입 진행 가능하신데요, 지금 최근에 해지된 내역을 보니까 유료서비스가 해지가 되셨어요. 똑같이 유료 서비스로 가입해 드릴까요? 네, 네. 네, 그 뭐 요금 같은 게 들어가 있는건가요? 아, 월 ▲▲원 있습니다. 아, 그거 넣어 주세요. 그 왜 죽었나 모르겠네. 아 네. 안내사항 진행하겠습니다. 네, 네. 네, 이용 요금은 이용 건수와 관계없이 한 달에 ▲▲원이며 포인트가 ▲▲▲▲ 이상 있으신 경우에는 포인트에서 우선 납부처리되십니다. 에스엠에스 이용 금액은 사용하신 다음 다음 달 결제 청구되시고요. 네. 두 달 후에요, 누적 사용 금액이 풀이시지만 실제 결제 금액과는 다를 수 있습니다. 지금 ▲▲▲▲▲▲▲▲▲▲▲번으로 정상 가입되었고요, 손님께서 체크카드가 보유 중이신데요, 체크카드는 사용하신 금액은 누적금액에 합산되지 않으니 참고 부탁드립니다. 네, 네. 네, 지금 정상 가입되었습니다. 네, 그러면 사용하면 이제 바로바로 뜨는 거죠? 아 네, 맞습니다. 그리고 손님께서 지금 확인해 보니까 지금 장기 카드 대출을 그래서 카드론 서비스 한도가 부여가 되어 있으세요. 네, 네. 이 한도가 유동적이라도 다 부여가 되지 않는 한도인데 손님께 지금 가심사되었을 때 ▲▲▲▲▲원까지 이용 가능하신 걸로 확인되고 있으신데요, 필요하시면 대출안내 진행해 드릴까요, 손님? 아니, 그건 나중에 필요하면 그때 저기 할게요. 아 네, 이 한도 이런 쪽이다 보니까 중에 나중에 이용하고 싶으셔도 이용이 안 될수 있으세요. 그렇기 때문에 제가 직통 번호 남겨드릴게요. 도움 필요하시면 전화주세요. 그럼 나중에 제가 그러면 문자나 저기 연락처 한번 남겨주세요. 아 네, 직통번호 남겨드리겠습니다. 빠르게 안내 상담 가능하실 거예요. 네, 네. 네, 감사합니다. 상담원 ▲▲▲이었습니다. 네, 수고하셨습니다. 아 네, 감사합니다.",0,A
normal_A_0544,"상담원 ▲▲▲입니다. 예 여보세요? 네 네. 안녕하세요? 어 제가 이 카드 쓴 거 지금 톡으로 문자를 받았는데요. 네. ▲▲일 날 결제날이네요? 아 그러십니까? 네, 확인해드려보겠습니다. 손님의 생년월일과 휴대폰 번호가 어떻게 되십니까? 예 예. ▲▲▲▲년 ▲▲월 ▲▲일이고. 네. 예 핸드폰은 ▲▲▲▲▲▲▲▲▲▲번요. 네, 전화주신 손님이 본인 성함과 카드 결제 은행은 어느 은행입니까? 예 ▲▲▲이고, ▲▲은행이요. 네. 확인 감사합니다. 지금 현재 ▲▲월 ▲▲일에 ▲▲일 날짜가 결제일이 맞습니다. 예 예. 아 그런데 어차피 그때 그때 아 돈 안 나오는데 왜 하필 그날로 해놨지? 네. 그 ▲▲일밖에는 안 되나요? 어 일단 카드 결제일은 손님께서 ▲▲일부터 ▲▲일 사이로 이용 가능한데요, 지금 이미 카드결제일 이번에 ▲▲일 날짜에 청구 금액은 확정이 된 금액이기 때문에 지금 카드 결제일을 변경하시더라도 예. 이번 달 같은 경우는 ▲▲일로 적용이 됩니다. 예. 아 그러면요, 저는 그때 돈이 없어요, ▲▲일로 해 주세요. 아 네, 그럼 카드 결제일을 지금 ▲▲일로 변경을 말씀을 해주셨는데요. 일단 카드 결제일을 지금 오늘 날짜로 변경을 해 드리잖아요? 예. 그러니까 요번에만 그렇게 하고 다음 달부터는 ▲▲일로 해 주세요. 네. 그러니까 지금 현재 결제일을 앞으로 변경하시게 된다면 결제일을 변경해 드리고 나서 60일 이내로는 재변경이 어려울 수 있는데 괜찮으시겠습니까? 변경하고 나서요? 지금 결제일을 다시 변경하시는 거는 60일 이내에는 다시 변경이 어려울 수 있다고 양해드리는 거구요. 예. 예. 결제일이 지금 현재 ▲▲일로 변경을 말씀해 주셨잖아요, 그러면 이번 달은 일단 예 예 예. 확정이 됐기 때문에 ▲▲일 날 청구가 된다고 했는데, ▲▲일로 변경하시게 되면 이번 달 같은 경우 ▲▲일 날 청구가 되고 ▲▲일 날 때 한 번 청구가 돼요. 다음 달부터는 이제 ▲▲일날. 예 예 그렇게 해 주세요. ▲▲월 ▲▲일 이거 뭔소리인지 알겠어요. 네. ▲▲월 ▲▲일. 네. 네, 그럼 카드 결제일을 변경해드리게 되면 결제일을 변경해 드리더라도 기존 의무 이용 금액이 결제일에 청구가 되지 않을 수가 있고 단기 카드 대출이나 자동 이체의 경우 이용 기간에 따라서 두 달분이 청구될 수 있는데 괜찮으세요? 예 예. 예 그 불이익 당하고 이런 건 없잖아요, 지금 처리를 ▲▲일날 돈이 없는데 그거 어떻게 빼 나가느냐고요. 아 이 부분은 필수 안내고요. 아 이용 기간에 따라서 청구 기간이 조금씩 다르다고 안내를 드린 거구요. 아 예. 그렇게 하고요, 그 연회비가 ▲▲▲▲원이에요? 네. 원래 그래요? 아 네, 연회비는 선납기준으로 먼저 청구가 되는 거고요. 예. 이용하시고 나서 또 내년에 또 연회비 청구가 되는 거라서 매년 그 연회비는 먼저 청구가 되는 거고 1년 동안 사용하시는 겁니다. 예. 어 다른 데도 제휴카드를 쓰는 거를 써야 혜택을 많이 받는다 그래서 이거를 했는데 어 이게 ▲▲▲▲원씩. 하여튼 알겠어요, 그러면 다음 달 ▲▲월 ▲▲일로 출금해 나가는 거로 해주세요. 네, 이번 달에는 또 ▲▲월 ▲▲일에 청구되는 점만 참고해 주시고요. 변경하신 결제일에 대한 이용 기간 문자로 받아보실 수 있도록 발송해드릴게요. 문자 내용 한번 확인 부탁드리겠습니다. 예 예. 네, 상담원 ▲▲▲이었습니다, 예 예.",0,A
normal_A_0545,"일상의 즐거운 변화 LGU+ <NAME>입니다. 네. 안녕하세요? 네. 반갑습니다. 네. 제가 이거 요금제를 변경을 했는데, <CHARGE> 이상이라는 건 뭔가요? 네. 지금 전화 소리가 조금 들리지 않아서 그러는데, 다시 한번 말씀해 주시겠습니까? 예. 전화요금 <CHARGE>대에서 <CHARGE>대로 제가 요금을 낮췄는데, 이거 지금 요금 확인해보니까 <CHARGE>이 넘는 요금이 나오는데, 어떻게 된 건지 해서요. 네. 많이 놀라셨을 텐데, 제가 안내 도와 드리겠습니다. 전화 주신 <NAME> 고객님 명의자분 본인 맞으십니까? 네. 우선은 지금 보신 금액은 <DATE> 한달 동안 이용하셨던 <DATE> 요금이였거든요. 고객님께서 요금제 변경은 <DATE> 날짜에 고객님 말씀하신 것처럼, 최소 요금제는 슬림+요금제로 잘 변경 처리가 되어 있으시더라구요. 네. 그래서 <DATE>에 이용한 게 <DATE>에 청구되신 거구요. 네. 맞아요. <DATE>부터 <DATE>까지는 기존 이용 요금은 <DATE> 이 날짜 계산되실 거구요. <DATE>부터 <DATE>치가 <DATE> 이 날짜 계산 돼서 <DATE>에 청구되실 거니까 염려하지 않으셔도 되세요. 그리고 제가 이거 소액결제 해지를 하는데, 인증번호를 제가 제대로 눌렀거든요. 네. 근데 그게 안 됐어요. 이거 소액결제 해지를 좀 해주실 수 있을까요? 지금 소액결제 차단이 되어 있기 때문에, 차단 해제만 도와드리면 고객님께서 소액결제 이용 가능하신데요. <NAME> 고객님, 휴대폰 요금 납부하고 계시는 방법이 은행, 카드, 지로 중 어떻게 되세요? 은행이에요. 네. 어떤 은행 이용 중이세요? 신한은행이에요. 네. 고객님께서는 휴대폰 소액결제, 일반결제, 월 자동결제를 차단해제 요청하셨습니다. 차단 설정 변경에 동의하십니까? 네. 그러면 원스토어 결제도 이용하실 수 있게끔 차단해제해 드릴까요? 네. 감사합니다. 아 그럼 구글 원스토어 결제라고 해서, 구글플레이 스토어에서 물건 구매하신다든지, 어플 구매하시는 그것도 이용하실 수 있게끔 차단해제 도와 드릴까요? 그러면은 구글 같은 거는 그냥 놔두고 카카오 페이만 좀 해주세요. 어 지금 카카오페이로 이용하시는 거는 이게 휴대폰 결제 방식은 아니거든요. 아 그럼 휴대폰 결제로 제가 카카오톡 선물 같은 걸 보낼 때 하는 거는 어떤 거예요? 아 그게 구글 원스톱 결제이기 때문에 이 한도만 그 결제 가능하시거든요. 그래요? 그럼 이것도 차단해제 도와드릴 거구요. 네. 한도가 있나요? 한도도 각각 설정을 하실 수가 있는데, 소액결제 한도는 <CHARGE>으로 되어 있으시고, 최대 가능한도는 <CHARGE>이기 때문에 최대 한도 설정 가능하시구요. 그럼 저 <CHARGE>으로 해주세요. 네. 알겠습니다. 소액결제 이용 한도는 기존 <CHARGE>에서 <CHARGE>으로 변경 요청하겠습니다. 고객님께서 동의하시면 요청하신 이용한도를 적용해드리도록 하겠습니다. 네. 향후 고객센터를 통해 이용 한도를 다시 변경하실 수 있습니다. 이용 한도 변경에 동의하십니까? 네. 지금 소액결제 한도는 <CHARGE>으로 설정되었구요. 구글 원스토어 결제는 현재 <CHARGE>이시고 최대 가능한도 <CHARGE>인데, 이것도 그냥 <CHARGE>으로 해드릴까요? 네. 기존은 <CHARGE>에서 저 결제는 <CHARGE>으로 한도 설정해드렸구요. 정확하게 설정 완료되셨기 때문에 지금 바로 이용 가능하시구요. 언제든지 고객센터 어플 통해서 쉽게 소액결제 차단에 대한 차단이나 해제, 한도 설정까지도 다 가능하시니까 참고 부탁드리겠습니다. 네. 감사합니다. 네. 건강 조심하시구요. 즐거운 <DATE> 보내세요. 네. 감사합니다. 네. 감사합니다.",0,A
normal_A_0546,"상담원 ▲▲▲입니다. 안녕하세요? 그 카드 해지 좀 할려고요. 네, 안녕하세요? 전화주신 분 ▲▲▲님 본인 맞으십니까? 네. 네. 손님 지금 ▲▲ 카드 한 장 있으신데 카드 해지하시는 사유가 어떻게 되실까요? 아 안 써도 되는 거예요. 혜택이 없어가지고 아 네, 손님 지금 리볼빙 이용 중이셨는데 요거 같이 해지해드리면 될까요? 네, 네 네. 네, 손님 리볼빙 해지하시게 되면 추후에 신청이 불가할 수 있는데 괜찮으실까요? 네. 이용한 일부 결제 금액 이월 약정 잔액은 지금 ▲▲월 결제일에 모두 청구될 예정입니다. 우선 카드 해지 안내해 드리도록 할 텐데 우선 미납입 금액이 5만 원 확인됩니다. 해당 금액 먼저 선결제 후에 진행해도 괜찮을까요? 지금 인출 낸다는 말이에요? 네. 네, 네 네 해 주세요. 네, 지금 ▲▲계좌로 바로 출금하도록 하겠습니다. 네. 네, 5만 원 지금 연결된 계좌로 바로 즉시 출금되었구요. 선결 미매입 건 후불 교통 카드 이용 금액 에스엠에스 수수료 자동 이체 이용 금액 있을 경우 총 청구될 수 있습니다. 네. 해당 카드가 최종 카드이기 때문에 해지하시게 되면 추후 ▲▲카드 발급을 원하실 경우 다시 심사를 통해 카드가 발급되니 참고 부탁드립니다. 카드 해지 처리해드렸고 최근 후불 교통 카드 이용 내역 모바일 티머니 이용 금액 에스엠에스 이용 요금 이체 연결 건 미매입 건이 있으시면 청구될 수 있구요. 자동 이체 연결한 것이 있을 경우 해당 기관으로 자동 이체 변경 요청해 주셔야 됩니다. 연회비 납부하신 금액 중 남은 기간에 대한 연회비 2만 원은 결제 계좌인 ▲▲계좌로 평일 기준 오일 이내로 환불됩니다. 예. 유의 사항은 문자로 받으실 수 있으니 해당 내용 꼭 확인 후 이용 부탁드립니다. 손님 마지막으로요 지금 ▲▲ 가입이 되어 있으신데 요것도 같이 해지해드릴까요? 네. 네, 같이 해지완료되셨구요. 손님 지금 보유하고 계신 ▲▲가 ▲▲점이 있습니다. ▲▲는 가맹점에서 ▲▲ 가맹점에서 현금처럼 사용 가능하고 ▲▲ 단위로 현금 캐시백이 가능하고 ▲▲ 설치하셨다면 앱을 통해 다양하게 이용 가능합니다. 확인하시고 이용 부탁드립니다. 네. 네, 완료되셨습니다. 네. 네, 상담원 ▲▲▲이었습니다.",0,A
normal_A_0547,"일상의 즐거운 변화 LGU+ <NAME>입니다. 아 네, 안녕하세요? 제가 확인을 좀 하고 싶은 게 있는데요. 네. 어 전화가 와서 제가 그 전화 요금을 결제를 했는데 확실히 결제가 됐는지 좀 확인 좀 할게요. 네, 연락 주신 고객님이 <NAME> 고객님 본인이십니까? 네. 확인 감사합니다. 어 지금 고객님 <CHARGE>가 <DATE> 결제된 걸로 확인되십니다. 그리고 또 <MOBILE_NUMBER>이요. 네, 성함이랑 생년월일 어떻게 되세요? <BIRTH_NUMBER>. 성함이요. <NAME>. 네. 지금 이 번호 같은 경우에는 <CHARGE> 결제되었습니다. 미납금 결제되는 거예요? 네. 근데 거기에 <DATE>에 그 기계까지 <DATE>까지 다 끝났다고 그랬었거든요. 네. 이제 그 <CHARGE> 그러면은 기계값이에요? 이게 <DATE>요금이신데요. 아 그럼 그게 기계까지 포함되어 있어요? 네. 아 그러면 기계값은 언제 몇 개월 정도 나오는지 알 수 있나요? 일단 끝나셨어요. 아 <DATE>이 이제 저기 결제해서 다 끝난 거예요? 네. 기계까지요? 네. 아 우리 그러면은 저희 <NAME> 기계값은 그러면 <DATE> 미납요금 그 결제한 걸로 다 기계까지 된 거죠? 이제 그러면 인제 <DATE> 요금부터는 저기 기계값만 나오는 거죠? 네, 그렇습니다. 네, 그럼 얼마예요? <DATE> 요금은? <CHARGE>이요. 알겠습니다. 그리고 거기 아까 전화 온 데서 거기서는 처리를 못한다고 전화번호 하나가 있는데 여기서는 결제를 할 수 있죠? 번호가 어떻게 되세요? <MOBILE_NUMBER>. 네, 성함이랑 생년월일이 어떻게 되세요? 어, <MOBILE_NUMBER>. 성함이요. <NAME>. 네. 등록된 자동이체는 통장, 카드, 지로 중 어느 방법이십니까? 저기 통장으로 거래될 거예요, 우체국 통장. 네. 이거 결제는 고객님 카드로 하시는 거세요? 네, 얼마예요? 한 달분 선납을 하시면 <CHARGE>이요. 미납금만요. 네. 예, 이건 기계값하고 포함된 거예요? 네. 네, 그거 5개월로 해주시구요. 제가 카드번호 불러드릴게요. 네. 잠깐만요. 여보세요? 네. <CARD_NUMBER>. 네, 유효기간은요? 네, <DATE>요. 고객님 카드세요? 잠깐만요, 아 제가 눈이 안 보여서 설명 듣느라고. 예, 제 카드예요. 네. <NAME> 고객님 LGU+ 이용 요금을 카드로 인증해주신 고객님의 명의 롯데카드로 즉시 결제 요청해 주셨는데 동의하십니까? 네. 네, <CHARGE> 5개월로 결제 진행해보겠습니다. 네. 네, 안전하게 결제되었습니다. 네. 네. 그러면 이제 미납 요금은 없죠? 네, 그렇습니다. 네. 네. 도와주셔서 감사하구요. 좋은 하루 되세요. 아 더운 날씨에 건강 조심하세요. 네, 들어가세요. 네, 감사합니다. 네.",0,A
normal_A_0548,"일상의 즐거운 변화 LGU+ <NAME>입니다. 네, 제가 요금제 확인 좀 할게요. 아, 네, 입력해 주신 번호 바로 확인해 보겠습니다. 네. 네, 기다려주셔서 감사합니다. 지금 <NAME> 고객님 본인 되십니까? 네. 요금제는 지금 추가 요금 걱정 없는 데이터 69 요금제입니다. 아, 그러면 저 지금 단말기랑은 다 끝났죠? 네, 잠시만요. 지금 할부랑 약정은 다 끝난 상태세요, 고객님. 아, 그러면 지금 이거 기본 요금이 나가는 건가요? 네, 맞습니다. 그러면 혹시 그 선택약정할인이 있는데 그거는 어떻게 하는 거예요? 지금 전화상으로도 가능하고요. 네. 선택약정을 1년하고 2년짜리가 있는데 둘 다 25% 똑같거든요. 네. 그래서 이제 1년으로만 신청할 수 있고 뭐 1년 안에 기기를 바꾸더라도 통신사만 같은 LG로 해서 기기만 바꾸는 거는 위약금은 안 나옵니다. 2년짜리도 똑같아요? 할인은 똑같아서 우선은 1년을 했다가 또 연장을 하세요. 아, 1년을 더 할 수 있어서. 그러면 이거 신청해 주세요. 네, 신청 내용 한번 들려드리겠습니다. 네. 네, 지금부터 선택약정할인 녹취 가입 과정을 진행하겠습니다. 기간을 채우지 못하면 반환금이 나오는데 주요 사항은 문자로 발송해 드렸습니다. 반환금이 발생하는 경우는 중도해지 미적용 단말기로 기기변경 약정미승계 명의변경에 해당합니다. 실질적인 내용은 홈페이지에서 확인 가능합니다. 문자 확인하셨습니까? 확인하셨으면 네라고 말씀해 주세요. 네. 이용조건에 동의하시면 바로 서비스 등록하겠습니다. 선택약정할인 가입에 동의하십니까? 네? 동의하십니까? 여보세요? 여보세요? 네, 그 문자 도착 확인되었을까요? 네, 지금 보고 있어요. 네, 그리고 선택약정할인 신청에 동의하십니까? 네. 네, 그리고 지금 현재 69 요금제에서 25% 할인으로 한 달에<CHARGE> 확인되고요 <DATE>부터 날짜 계산됩니다. 네. 바로 신청되었으니 안심하셔도 되겠습니다. 그러면 제가 1년 있다가 또 신청을 할 수 있는 거고 만약에 제가 기계가 고장이 났을 때 같은 LG꺼를 하게 되면 상관없는 거죠? 기계 바꾸는데. 네, 기기만 바꾸는 건 위약금 없이 변경도 가능합니다. 아, 네, 알겠습니다. 감사합니다. 네, 더운 날씨에 건강 조심하시고요. 즐거운 주말 보내세요. 네.",0,A
normal_A_0549,"상담원 ▲▲▲입니다. 네, 저기 여쭤볼게요. 티머니 보증금 승인이라고 ▲▲월 ▲▲일 날짜로 7만 원이 돼있는데요, 이게 뭐 어떻게 되는 건가 해서 연락드렸습니다. 네, 지금 전화 받으신 분의 성함이 ▲▲▲ 님 본인 맞으십니까? 예, 본인입니다. 네, 확인 되었습니다. 지금 현재 해당 카드 관련해서 확인을 해봤을 때 그 티머니 보증금 승인이라고 7만 원 결제되었다라고 했잖아요. 이거는 말 그대로 그 티머니 가입 관련해서 가입이 되었기 때문에 보증금이라는 금액이 있는 거고요. 네. 그 7만 원이 손님께 청구가 되지는 않아요. 보증금액이기 때문에 예 한도로만 잡혀져 있다라고 생각해주시면 되거든요, 이게 한도도 잡혀져 있는게 싫으시다면 해당 가맹점으로 전화하셔서 취소 처리 별도로 해 주셔야 돼요. 예, 알겠습니다. 한번 더 말씀 주시겠어요? 네, 그 7만 원 한도로 잡혀 있는 것도 싫으시다면 티머니 그 고객센터 쪽으로 전화하셔서 취소 처리 문의해 주셔야 될 것 같아요. 그러면 모바일 앱으로 되고 있는 거는 이용 못하는 거예요? 휴대폰 그 모바일앱으로요? 네, 맞습니다. 티머니 가입 관련해서 해지가 돼버리니까. 음 그러면 이것은 말씀 그대로 일단 그냥 승인이 뭐 저한테 지출 나가는 게 없다는 말씀이죠? 네, 손님이 사용하시면 후불제로 청구될 거기 때문에 이 금액은 별도로 청구되지 않으실 걸로 확인됩니다. 보증금이 말 그대로 그 월세 그 하실 때도 보증금이 있잖아요, 그거랑 비슷하게 생각해주시면 됩니다. 그러면 제가 이거 썼으면 이용한도 이 보증금을 떼 가도 돈을 안 내면 되는 거죠? 그렇게 되는 걸로 알고 있으면 됩니까? 내가 버스를 이용하면 보증금 이건 별도로 떠서 이용한 거 금액만 내면 되는 거죠? 네, 그러니까 보증금이 따로 청구가 되지는 않는데 후불 교통 사용 하시면 그거는 별도로 청구될 예정이세요. 그렇죠, 내가 쓴 교통비만 내면 된다는 얘기죠? 아 예, 말씀 감사합니다. 네, 상담원 ▲▲▲이었습니다. 예. 네.",0,A
normal_A_0550,"일상의 즐거운 변화 LGU+ <NAME>입니다. 음 네. 수고하십니다. 한 가지 좀 부탁드릴려구요. 네. 말씀해 주세요. 아 네. 매너콜이라는 게 있잖아요, 그걸 좀 해주셨으면 해가지고요. 네. 아 문자로 안내를 받아 보고 싶으신 거세요? 상대방 전화, 그러면 상대방이 이제 그 문자가 뜰 수 있게요. 아 고객님께서 확인을 하시는 거 말구요? 예. 아 네. 그럼 제가 등록 도와드릴 텐데, 우선 연락 주신 명의자분 <NAME> 고객님 본인 맞으세요? 네. 아 네. 확인 감사드립니다. 지금 잠깐 살펴볼게요. 고객님 지금 매너콜서비스 받고 계세요. 아 그러면 제가 이제 상대방이 전화를 했잖아요. 했으면 상대방이 이제 매너콜 어떻게 쓰는 거예요? 지금 만약에 고객님께서 통화 중이세요, 그럴 경우 다른 고객님께서 고객님께 전화를 드리면 지금 통화중이라고 문자로 안내를 받으시는 거세요. 예. 아 그러면 제가 이제 전화를 했을 때, 이제 문자가 그 상대방 휴대폰에 이제 문자가 뜨는 거는요? 네. 그거는 해당 고객님께서 등록을 해주셔야 되세요. 어 지금 제가 할 수 없는 거죠? 네. 맞아요. 해당 고객님들께서 통화 중 대기 서비스나 매너콜 이용하시는 부분이 각각 다르시기 때문에, 그거는 고객님들께서 직접 등록을 해주셔야 됩니다. 그냥 그 상대방이 등록해야 되는 거고요. 네. 맞아요. 그런데 이제 친구들한테 여러 가지 이렇게 좋은 이야기 뜨는 거는 그러면 어떻게 하는 거예요? 어 어떤, 다시 한번 말씀해 주세요. 아 이해가 안 가시는구나. 그럼 아 그러면은 다른 방법이 없겠네. 네. 그 이제 고객님께서 연락을 드렸을 때, 받지 않았을 때 그 해당 고객님께 문자를 남기고 싶으시면은 직접 별도로 문자를 남겨주셔야 되시고, 그게 바로 자동으로 되는 방법은 해당 고객님 쪽으로 이용을 하시는 서비스다 보니까, 그 고객님께서 문의를 주셔야 되세요. 아 그럼 네. 감사합니다. 예. 그럼 다른 문의 사항은 없으실까요? 네. 아 네. 그리고 지금 살펴봤는데, 지금 가족결합이 휴대폰끼리 결합이 들어가 있잖아요? 예. 네. 아무래도 인터넷도 같이 결합을 해주시면 인터넷도 <CHARGE>, 휴대폰도 <CHARGE>까지도 결합할인이 들어갈 수 있거든요. 예. 인터넷은 제가 지금 사용 안 하고요. 네. 이용 안 하시는 거세요? 예. 아 그러시면 저희가 대상자 분들한테만 안내를 드려서, 그럼 다른 요금할인이라던가 이런 혜택만 안내 받아 보시겠어요? 지금 가족끼리 이렇게 할인되고 있잖아요. 네. 맞아요. 근데 고객님께서는 할인 받으실 수 있는 부분이 있어서 그럼 저희가 맞춤혜택담당자 부서가 따로 있어요. 예. 잠깐 연결해드려도 괜찮을까요? 네. 그럼 그러시죠. 아 네. 만약에 지금 현재 통화량이 많아서 전화가 끊어질 수도 있는데, 끊어질 경우에 제가 빠르게 상담 가능한 메뉴 문자로 한번 남겨드릴게요. 네. 감사합니다. 네. 정확한 안내 받아 보세요. 네.",0,A
normal_A_0551,"상담원 ▲▲▲입니다. 아 네, 저기 지방세 카드사 쓰려고 할부 납부 같은 경우에 그 고객 수수료가 없다고 그 옮겨야 돼서 접수한 것 같은데 아닌가 해서요. 네. 아 그러세요? 네, 궁금하신 내용 확인하겠습니다. ▲▲▲ 님 본인 맞으시고요? 네, 확인해주셔서 감사합니다. 지금 2월 3일 날 그 지방세 납부하신 거 말씀하신가요? 내리길래 아 네, 그 결제를 6개월로 결제를 하셨는데요. 예. 네, 지방세 같은 경우 이게 부분 무이자 적용은 되셔서요. 네. 예, 전체 무이자는 아니고요, 2회차까지는 수수료 부과되고 3회차부터 이제 무이자입니다. 네. 아 그러면 그러니까 제가 그 이벤트 그 ▲▲은행에서 봤는데 네. 그러면 저도 그게 처음에 그렇게 이해를 했는데 밑에 그 보면 이제 국세 지방세 자체는 아예 수수료가 없다는 식으로 써있길래 그래서 그냥 ▲▲월 그냥 넘어온 게 맞는건지. 네. 그거는 아닌 거죠? 지방세 보면 네, 그렇습니다. 국세는 수수료가 발생합니다 라고 써 있고 밑에는 지방세는 고객 부담 수수료가 없습니다 이렇게 써있길래 아 네, 그거는 그거 무이자 수수료 뜻이 아니고요, 카드 수수료가 따로 있습니다. 아 그래요? 네. 그 수납할 카드 수수료를 얘기하는 건가요, 그거는요? 네. 네, 그리고 국세 같은 경우에는 0.8% 수수료 있고, 이제 지방세는 카드 수수료가 따로 없어서 그 표시인 거세요. 아 그거 얘기하는 건가요? 아 네네 알겠습니다. 네. 감사합니다. 예, 그러면은 이거 일시불로 그냥 처리해버리면 상관없는 거죠? 아 네. 네, 그렇죠. 아 네 네, 알겠습니다. 네, 감사합니다. 상담원 ▲▲▲이었습니다. 네. 네.",0,A
normal_A_0552,"일상의 즐거운 변화 LGU+ <NAME>입니다. 네, 여보세요? 네, 안녕하세요? 저 요금 변경 땜에 전화드렸어요. 네, 저희 <NAME> 고객님 본인이실까요? 네. 확인 너무 감사드려요. 지금 고객님 <CHARGE> 프리미어에센셜 요금제로 되어 있고 <DATE>부터 변경 가능해서 예약 가능한데요, 어떤 요금제로 예약하면 될까요? 아 최하요. 그러면은 고객님<CHARGE> 슬림+요금제가 지금은 가장 저렴한 요금제인데 그걸로 예약해 드려도 괜찮을까요? 네 네, 그거 내용 좀 알 수 있어요? 어 고객님 요것도 있는데 이제 지금이랑 똑같은 게 기본 통화 문자 제한 없고 부가 통화 영상통화 300분까지 동일하구요. 데이터는 한 달에 6GB까지 빠르고 다 쓰셔도 속도만 느려질 뿐이지 추가 요금 나오는 요금제 아니세요. 아 그래요? 결합할인도 고객님 그대로 유지되기 때문에 잠시만요. 네. <CHARGE>에서 <CHARGE>만 들어가면 <CHARGE>이 한 달 청구 예상 금액이구요. 부가세 포함해서 총금액이 <CHARGE>이예요? 어, <CHARGE>이요. 부가세 해가지고 <CHARGE> 매달 나가는 돈이예요? 네, 맞습니다. 고객님 <DATE> 청구서는 <DATE> 사용해 주신 요금이니까 지금이랑 똑같구요. 네. <DATE> 청구서부터는 <CHARGE>이 고정 금액이세요. <DATE>부터 <CHARGE> 그게 최하예요? 네, 맞아요. 현재로서는 이게 고객님 가장 저렴한 요금제로 나와 있습니다. 아 그래요? 네, 맞아요. 아 네, 알겠습니다. 그러면 <DATE> 날은 근무를 안 하시잖아요. 네, 이제 전화 너무 잘 주신 게 저희가 예약 기능이 있어서 따로 전화 안 주셔서 자동 변경될 예정입니다. 아 네, 알겠습니다. 전화 안 드려도 되는 거죠? <DATE>에 제가 이 요금제 안내 문자 다시 한번 발송해 드릴 거예요. 아 네, 알겠습니다. 그리고 뭐 하나만 더 여쭤볼게요. 네. 제 거는 됐고, 다른 폰번호가 <MOBILE_NUMBER>번이예요. 네. <CHARGE>씩 추가 요금이라고 나오는데 이게 뭔가요? <MOBILE_NUMBER>에 전체 번호 어떻게 되실까요? <MOBILE_NUMBER>이요. 확인 감사드리구요. 자녀분 성함 생년월일 말씀 부탁드립니다. <NAME> <BIRTH_NUMBER>요. 네, 확인 너무 감사드리구요. 지금 확인했을 때 앱스토어 이용료라고 해서 고객님 요금이 같이 발생하고 있는 것으로 확인이 되는데요. 앱스토어요? 네, 고객님 이건 아이폰에서 결제되는 건데 혹시 고객님 가족분 중에 아이폰 사용하시는 분 계세요? 아니 없는데 저희 아이폰 안 써요. 이게 금액이 계속 그쪽으로 나오고 있는 것으로 확인해서 제가 그 이거 앱스토어 전화번호 하나 보내드릴게요. 네 네. 저희 쪽에서 그냥 결제가 되었다고만 확인이 돼서 잠시만요. 네. 고객님 혹시 문자 하나 발송해 드렸는데 맞는지 한 번 봐주시겠어요? 네, 고객지원센터 이거요? 네, 그쪽으로 전화 주시면 내역 확인 가능하십니다. 아 네, 알겠습니다. 네, 감사합니다. 네.",0,A
normal_A_0553,"안녕하세요, 리츠칼튼 발리와 파드마 르기안 예약 가능 여부를 알고 싶어요. ▲▲▲▲년 ▲월 ▲▲일부터 ▲▲일까지 리츠칼튼에서 3박, 그리고 ▲월 ▲▲일부터 ▲▲일까지 파드마 르기안에서 3박 예약하고 싶습니다. 안녕하세요! 리츠칼튼의 경우, 사왕안 주니어 스위트 + 클럽 베네핏으로 3박 예약 시 총 $1,215입니다. 클럽 베네핏은 최소 2박 이상 연박으로 예약해야 하니 참고해 주세요. 나머지 1박은 기본 요금으로 예약이 불가하다는 점도 유의해 주세요. 아, 그렇군요. 그러면 파드마 르기안은 어떻게 되나요? 파드마 르기안의 뉴 디럭스 샬렛은 3박에 $765인데, 30% 할인 적용하면 $650.25로 예약할 수 있어요. 현재 객실은 모두 가능합니다. 예약을 하려면 어떤 정보를 보내야 하는지 구체적으로 알려주세요. 예약 원하시면, 예약자 전원의 여권상의 영문 이름과 생년월일 앞 6자리, 그리고 픽업 정보(직항편은 인천 출발 항공편, 경유편은 발리 도착 항공편명)를 이메일로 보내주시면 됩니다. 공항 픽업은 단체 예약도 가능한가요? 3박 이상 예약 시 무료 공항 픽업 1회 서비스가 제공돼요. 단, 우붓은 객실당 $15 추가됩니다. 픽업 서비스는 같은 항공, 같은 지역 호텔의 다른 손님과 조인될 수 있다는 점도 참고해 주세요. 결제 방법 중 추천할 만한 것이 있나요? 달러를 원화로 계산할 때는 실시간 환율이 적용되며, 원화 계좌로 입금 요청 드려요. 외화 계좌 입금도 가능하고, 현금 영수증 등록해 드립니다. 카드 결제 시 수수료 2.5%가 추가되며, 국민, 현대, 삼성, 신한 카드로만 결제가 가능합니다. 취소 요청 후 처리 시간은 얼마나 걸리나요? 비수기 시즌 예약의 경우 체크인 날짜 기준으로 15일 이전 취소 시 호텔 패널티 없이 취소 가능하고, 여행사 수수료 30,000원만 공제 후 환불해 드려요. 15일 이내 취소 시 호텔 규정에 따라 패널티가 부과될 수 있습니다. 고맙습니다! 이제 예약을 진행하겠습니다. 감사합니다!! 예약 관련해서 궁금한 내용 있으면 언제든지 문의해 주세요. 좋은 하루 되세요!",0,A
normal_A_0554,"일상의 즐거운 변화 LGU+ <NAME>입니다. 아들 휴대폰을 정지시켰는데. 지금 배터리가 많지 않아서. 네, ARS 인증해 주신 명의자분 본인 되세요? 네, 아들 휴대폰을 일시정지 하려고 그러는데요. 매일 휴대폰 보고있어서. 고객님께서 휴대폰에서 일시정지 해달라고 하셨던거 아니세요? 일반 정지는 고객님 그 해제해 드렸구요. 네, 빨리 풀어 주세요. 전원 껐다 키시면 이용 가능하세요. 예, 그리고 아들 <MOBILE_NUMBER>요. 예, 고객님 일반 정지는 죄송하지만 정상 영업시간에 연락을 주세요. 이 애가 안 들고 다녀서 일시정지시켜주세요. 그거는 정상 영업시간에 연락 주셔야 됩니다. 현지 시간은 분실 정지랑 해외 정지만 가능하구요. 분실돼 있어요. 일반 정지는 분실하신 게 아니시잖아요. 분실 정지를 몇 번 했는데 왜 계속 연결해서 써요? <MOBILE_NUMBER>. 연결해서 쓴다구요? 와이파이를 이용하는 거 아닙니까? 1년이 지나시면은 풀려요? 분실 정지를 해도 와이파이는 이용이 됩니다. 일반적으로 이제 통화나 데이터가 끊기는 건 맞는데 휴대폰에서 와이파이는 휴대폰 기능이기 때문에 주변에 와이파이가 있으면 잡아서 이용을 할 수가 있어요. 와이파이라는 게 SNS만 안 되는 거예요? 메일로 주고받고 그런 거는? 다 돼요. 고객님 와이파이 잡혀 있으면 통화만 안돼요. 통화만 안 되고 문자는? 문자는 받는 건 가능합니다. 보내는 건 안 되구요. 그럼 의미가 없네. 예. 원래 분실 정지라는 건 그렇게 됩니다. 그러면 핸드폰 붙들고 있는데 이거 어떻게 해야 돼? 고객님께서 그거는 해지를 하시거나 그러셔야 되는 거지 제가 뭘 할 수 있는게 아니에요. 해지는 정상 영업시간에 연락을 주세요. 그러면 지금 일시정지시켜 주세요. 일시정지는 요즘 분실 정지만 가능하신데 실제로 분실하신 게 아니시잖아요? 분실 될 수 있겠네요. 번호가 어떻게 되세요? <MOBILE_NUMBER>. 네, 명의자 이름 하고 생년월일 말씀해 주세요. <NAME>, <BIRTH_NUMBER>. 네, 전화 주신분이 아버님 되시고 성함이 어떻게 되십니까? <NAME>. 네, 정보 확인 위해서 휴대폰 요금 납부방법 통장, 카드, 지로 중 어떻게 되세요? 예, 시티카드. 예, 확인 감사드리구요. 수신, 발신 모두 정지해 드릴까요? 모두 정지. 150일. 네, 그렇게 해드리구요. 연락 받으실 수 있는 번호 하나 말씀해 주세요. 내 꺼 <MOBILE_NUMBER>. 분실 기간 동안 말씀해 주신 연락처로 분실 관련된 정보 제공 및 도움 드릴 수 있는 방법 있으면 연락 드리도록 하구요. 분실 정지 1년에 180일 동안만 가능하기 때문에 180일이 지나면 자동으로 정지해제가 됩니다. 정지시에는 기본료 <CHARGE>으로 변경되어 계산되어 청구되구요. 정지 완료해드렸어요. 전원 껐다 켜서 이용하시면 됩니다. 예, 알겠습니다.",0,A
normal_A_0555,"일상의 즐거운 변화 LGU+ <NAME>입니다. 네, 뭐 좀 여쭤볼려고 전화 드렸습니다. 어머니 핸드폰인데 요금이 청구가 돼가지고 지금 어머니가 대신 좀 물어봐 달래서 지금 전화 드렸거든요. 어머니 핸드폰 번호하고 주민번호 좀 알려드려도 될까요? 네, 고객님 먼저 핸드폰 번호 말씀해 주시겠습니까? <MOBILE_NUMBER> 네, 고객님 먼저 지금 전화 주신 번호의 명의자분 <NAME> 고객님 본인 되십니까? 네, 맞습니다. 네, 확인 감사합니다. 지금 말씀해 주신 번호의 명의자분 성함과 생년월일 말씀 부탁드립니다. <NAME>, <BIRTH_NUMBER> 네, 고객님 그럼 <NAME> 고객님과의 관계는 아드님이신 거세요? 예, 맞습니다. 아들입니다. 네, 지금 등록되어 있는 납부 방법이 카드, 은행, 지로 중 어떤 것으로 되어 있으십니까? 네, 은행에서 빠져나갔던데요. 혹시 어떤 은행인지 아십니까? 신한은행 같은데요. 네, 고객님 요금 바로 살펴봐 드릴 텐데요. <CHARGE> 빠져나가신 게 맞으시고요. 이게 왜 생겼어요? <CHARGE> 갑자기 생겼는데요. 고객님 지금 매달 <CHARGE>씩 빠져나가셨었는데요. 이거는 저희 LGU+에서 해지를 하셨지만 아직 단말기 요금이 남아 있기 때문에 매달 요금 발생되시는 거세요. 아 그래요? 단말기 요금은 그럼 언제까지 내야 되는 겁니까? <DATE> 제외하고 13개월 남아 있으십니다. 13개월 더 내야 되는 거예요? 네, 맞습니다. 13개월 동안은 <CHARGE>씩 계속 발생되실 거세요. 13개월이면 아 그럼 <DATE> 빼고는 그러면 계산이 안 되던데 이거 언제까진지 좀 봐주시겠어요? 제가 바로 확인해 드릴 텐데 잠시만 기다려 주시겠습니까? 네. 고객님 기다려 주셔서 감사합니다. <DATE> 날짜에 할부 종료되십니다. <DATE> 종료가 이걸 해지할 수 없는 거네요, 그렇죠? 네, 고객님 이거는 납부를 해주셔야 되시는 금액이세요. 그 할부금액은 납부를 해주셔야 되시는 금액이라서 양해 부탁드리겠습니다. 네, 이게 <DATE>만 나온 게 아니고 계속 나오고 있었던 거예요, 지금? 계속 돈이 빠져나가고 있었던 거네요? 네, 맞습니다. 알겠습니다. 감사합니다. 고객님 양해해 주셔서 감사하구요. 처음에 전화 주셨을 때 고객님 번호로 전화 주셔서 혜택 확인되어서 안내 도와드릴 텐데요. 지금 사용하시는 고객님 번호의 요금제가 5G 스탠다드 요금제를 사용하시더라구요. 저희가 이번에 개편된 요금제로 넷플릭스 프리미어 플러스 요금제가 있는데 고객님께서 넷플릭스 프리미어 플러스로 이용하시면 속도랑 용량 제한 없이 완전 무제한 요금제 사용 가능하시고 추가 혜택으로 넷플릭스 월정액이랑 지니뮤직 월정액도 이용이 가능하셔서 한번 이용해 보시면 <CHARGE>입니다. 가격은 어떻게 되는데요? <CHARGE>입니다. 아 지금 거보다도 비싸지잖아요. 지금 요금제보다는 더 높은 요금제가 맞긴 하지만 고객님 그만큼 혜택이 많으세요. 제가 넷플릭스를 딸 걸로 쓰고 있어요. 아 그러셨어요? 그럼 자녀분께서 따로 넷플릭스를 요금을 납부하시면서 이용하시는 거세요? 넷플릭스 따로 이용하신다면 요금 추가 없이 고객님께서 요금제 업그레이드하셔서 이용도 가능하세요. 아니요, 괜찮아요. 끊을게요. 네, 고객님 불편드렸다면 죄송합니다.",0,A
normal_A_0556,"일상의 즐거운 변화 LGU+ <NAME>입니다. 예, 죄송하지만 <NAME>하고 통화가 될까요? 네, 고객님 한번 확인해볼 텐데 어떤 부분 때문에 상담하셨는지 알 수 있을까요? 요금 때문에 아까 제가 통화를 했는데, 제가 조금 더 물어보고 싶은 게 있어서요. 네. <NAME>하고 아까 통화를 했어요. 그래갖고 내가 추가로 물어보고 싶은 게 있어서 그래요. 네. 혹시 제가 확인해 드릴 수 있는 거면은 바로 확인해 드릴 건데 이게 저희가 상담사한테 전달해서 전화를 다시 받기까지 한 30분에서 1시간 정도 시간 소요가 되거든요. 그러면 저희 아버지 꺼 핸드폰 요금 미납요금이 있는데 이거가 언제부터 언제까지인 건지 좀 알 수 있을까해서요. 네, 고객님. 문의하시는 휴대폰 번호가 어떻게 되나요? <MOBILE_NUMBER>. 예. 해당 <MOBILE_NUMBER>에는 LGU+ 가입자 번호가 아닌 걸로 나오시네요. 그래요? 네. 현재 미납요금이 그러면은 아까는 또 <CHARGE>이라고 미납이라 그랬는데 그러면은 <MOBILE_NUMBER>이요. 네, <MOBILE_NUMBER>. 명의자분 성함이랑 생년월일 한번 말씀해 주시겠습니까? 근데 이거 아니라 그랬는데, 아까. 한번 말씀해 주시면 제가 맞는지 아닌지 한번 비교해볼게요. 생년월일은 제가 잘 모르겠고, 이름은 <NAME>이요. 네, 고객님. 일치하지가 않네요. 네. 일치하지 않았다면 또 이거 번호 저기 <MOBILE_NUMBER> 다시 한번 해주시구요. 명의자가 일치하지 않으시네요. <NAME>요. 네, 생년월일은 어떻게 되나요? <BIRTH_NUMBER>. 네. 고객님 확인되시는데 <MOBILE_NUMBER> 이 아닙니다. <MOBILE_NUMBER>이 아니에요? 네. 이게 아니고 아까 처음 뒤에 불러주신 <MOBILE_NUMBER>예요. 그럼 <MOBILE_NUMBER>이에요? <MOBILE_NUMBER>이 <NAME> 고객님 명의로 되어 있으시구요. 전화 주신 분은 관계랑 성함이 어떻게 되세요? 제가 딸이고, <NAME>. 네, <NAME> 고객님이시구요. LGU+ <MOBILE_NUMBER> 미납이라는 얘긴 거죠? 네, 지금 <MOBILE_NUMBER>번 미납이시구요. <CHARGE> 할인되네요. 네, 이게 언제부터 언제까지인 거예요? 한번 확인해보겠습니다. 이게 <DATE>까지네요. <DATE>이면 저는<DATE>인가에다가 해지했다고 했는데 저희 엄마가 쓰던 건데 이거 지난번에 우리 언니가 다 해결했다고 해서 돈 다 냈다고 얘기했는데 왜 돈이 더 남아 있죠? 네, 따로 고객님 수납 이력은 전혀 납부하신 금액은 없으시던데요. 그래요? 네. <DATE>까지 미납요금 내야 된다는 거죠? 알았습니다. 네, 맞습니다. 다시 알아보고 저기 전화 드리겠습니다. 네. 예. 다른 궁금한 건 없으시구요? 혹시 지금 여기저기에서 다 내라는 소리만 하니까 잘 모르겠는데 저희도 정리가 안 돼 있어서. 병원에 입원하셔갖고 지금 상황을 저희가 몰라요. 모르고 이렇게 편지가 오면은 정리하고 그러는 거예요. 예. 핸드폰 요금이 여기저기에서 지금 나와 있어갖고 모든 걸 다 낼 순 없으니까 알아봐야 될 거 같아서 하여튼 알겠습니다. 예. 제가 생각 좀 정리하고 다시 물어보고 싶은 거 물어보겠습니다. 네, 알겠습니다. 고객님 해결되길 바라겠습니다. 네, 고맙습니다. 네, 감사합니다.",0,A
normal_A_0557,"상담원 ▲▲▲입니다. 아 네. 그 카드를 습득해서요. 네, 손님 그럼 저희가 습득 신고 진행드리겠습니다. 현재 습득하신 카드 번호 전체 숫자 말씀 부탁드립니다. 네, 잠시만요. 네. ▲▲▲▲ 네. ▲▲▲▲▲ 네. ▲▲▲▲ 네. ▲▲▲▲▲▲이요. 네, 잠시만 기다려주시겠습니까? 네. 손님 기다려 주셔서 감사합니다. 현재 해당 카드 습득 신고 진행해드리겠습니다. 현재 습득자 명은 어떻게 등록해 드릴까요? ▲▲▲이요. 네, 손님 현재 습득하신 분에 연락처로는 혹시 어떻게 등록해 드릴까요? ▲▲▲에 네. ▲▲▲에 네. ▲▲▲▲요. 네, 손님 말씀해 주신 정보 확인드리겠습니다. ▲▲▲▲▲▲▲▲▲번 맞으실까요? 네, 맞습니다. 네, 손님 현재 습득하신 장소 일단은 어떻게 되세요? 어 그 ▲▲행 전동 열차 안이고요. 네. 12월 12일이요. 네, 손님 혹시 카드주 분께서 해당 카드, 만약에 지금 찾으러 가신다고 하시면 어디로 안내해드려도 괜찮으실까요? 어 ▲▲▲역 역무실이요. 네, 손님 그러면 저희가 해당 건, 몇 시부터 몇 시까지 방문가능하신 시간대로 안내해드려도 괜찮으실까요? 어 18시부터 저녁 24시까지요. 네, 손님 그러면 말씀해주신 정보를 저희가 카드주분께 전달해 드리는데 동의하세요? 네, 동의하고요. 그 연락 좀 먼저, 전화 좀 달라고 전해주세요. 네, 손님 바로 전달 드리겠습니다. 손님 혹시 저희 그 지갑 안에 보면 ▲▲카드가 한 장만 있으실까요? 예, 그거랑 신분증. 네, 네 손님 확인 감사합니다. 저희가 카드주분께 해당 건 전달드리도록 하겠습니다. 예, 예 감사합니다. 예, 상담원 ▲▲▲이었습니다. 네. 네.",0,A
normal_A_0558,"상담원 ▲▲▲입니다. 아 네, 안녕하세요? 네, 안녕하세요. 그 방금 전에 이제 ▲▲카드때문에 상담을 했는데요. 네. 제가 지금 약간 좀 잘 안 들려갖고 못 들어서 잘 안 들렸거든요. 대금을 빼 가시라고 그러고 그 지금 당장 카드를 사용해도 되나요, 라고 물어봤던 게 기억이 안나요? 네, 그리고 우선은 정보확인이 필요하신데요, 휴대폰 번호가 어떻게 되시나요? 네, ▲▲▲▲▲▲▲▲▲▲▲. 네, 생년월일과 전화 주신 손님 성함 말씀해 주시겠어요? ▲▲년 ▲▲월 ▲▲일생 ▲▲ 네, 카드 연결돼 있는 은행은 어느 은행이세요? ▲▲은행이요. 네, 확인되셨고요, 고객님 오늘 날짜로 ▲▲▲▲▲▲▲원 납부하셨고요. 네. 원래 ▲▲일날 인데 제가 미리 낸 거죠? 네, 맞습니다. 손님. 아 인제 돈 있을 때 얼른 빼 가시라고 인제 전화드렸던건데 네, 정상적으로 결제되셨고요, ▲▲일 날 대금 모두 다 납부되셨어요, 손님. 오늘 날짜로요. 네 네 네, 그러면 내일서부터 사용할 수 있죠? 오늘부터 바로 이용 가능하고요, 고객님 잔여 한도 오늘 날짜 기준 ▲▲▲▲▲▲원 이용 가능합니다. 그리고 그러면은 제가 쓸 수 있는 여건을 ▲▲▲원인데 한도 이 카드 제가 쓸 수 있는 금액은 얼마였었어요.? 총 한도는 ▲▲▲▲원이시고요. 음 네, 네. 그런데 그동안에 인제 써 놓은게 있어서 그런가요? 네, ▲▲▲▲▲▲▲▲▲원으로 이용하셨어요. 할부랑 현금 서비스 일시불 포함하셔서요. 아 네. 네, 이 금액은 아직 납부가 된 금액이 아니기 때문에 네. 그 예, 그러면 선생님 그 ▲▲일 날 이면은 그게 다 빠져 나가죠? ▲▲일 날 금액을 모두 납부되셨고요, 지금 말씀드린 금액은 다음 달에 납부예정금액도 있으시고요. 아 좀 차감되게 메모를 해놔야 되겠네 얼마라고 말씀하셨나요? 다음 달에 빠져나갔대요? 네, 다음 달에 납부예정금액도 있으시고요. 그런데 아직 확정된 금액이 아니에요. 손님 납부 예정 금액은 네. 네, 그리고 할부 이용하신 건 도 있어요, 손님. 네, 아니 방금 전에 얼마라고 말씀하셨길래 저는 아 지금까지 사용하신 금액은 ▲▲▲▲▲▲▲▲원이 아직 납부가 안 된 금액은 그러면은 방금 전에 얼마를 빼 나가셨죠? 제가 기억이 없어서. 방금 전에 ▲▲▲▲▲▲▲▲▲▲▲원 출금 되셨어요, 고객님. 예, 이게 저기 ▲▲월 ▲▲일 날 빠져나갈 금액인가요? 네, 맞습니다. 손님. 그러고도 이거 빼 가고 도 ▲▲▲▲원이 남았다고요? 네, 맞습니다. 아 그래요? 현금서비스 우선 ▲▲원 이용하신 금액 있으시고요. 네. 그리고 일시불 오늘 날짜 기준 ▲▲▲▲▲▲원 있으시고요. 아 네. 그리고 할부가 ▲▲▲▲▲원이 있으세요. 예, 아무래도 할부금액이 아직 보낸게 아니기 때문에 금액이 좀 크게 나오겠어요. 네. 그러면 오늘 ▲▲▲▲원 빼가고 네. 아 ▲▲▲▲원 남은 거죠? 예, 맞습니다. 아유 고맙습니다. 네, 상담사 ▲▲▲이었습니다. 네. 감사합니다. 네.",0,A
normal_A_0559,"카드 ▲▲▲입니다. 여보세요? 예. 네, 안녕하세요? 예, 방금 전에 카드 분실 신고를 했는데요. 네. 예, 제가 쓰던 거 뭐고 자동이체라든가 뭐 이런 거 다 얘기해야 되잖아요? 아무래도 이제 카드 번호가 변경되다 보니까 손님께서 해당 기관 쪽에 안내를 해 주시는 게 좋으시죠. 예. 제가 자동이체가 저기 있는데 뭔지 기억을 못하는데 제가 한번 확인 좀 해 보겠습니다. 전화주신 손님 ▲▲▲님 본인 맞으세요? 알 수 있어요? 네, 네. 네, 보니까 ▲▲카드 손님께서 분실 신고하셨다라고 내용 보여지고요, 어 보니까 아파트 관리비 확인되고요, 관리비는 어차피 연결이 될 거고요. 네, 관리비는 신고 안 해도 됩니까? 네, 관리비는 자동 승계가 되니까 그대로 두시면 될 것 같고 영남 에너지서비스라고 이거 혹시 도시가스 같으신데 예, 그쵸? 그거 있고 케이티통신 요금하고 유선 상품이라고 해서 두 가지가 보여지고요. 예, 예. 요거는 신고해야 됩니까? 잠시만요, 일단 어떤 건들이 있는지 먼저 좀 보고 말씀 추가적으로 드릴게요. 그리고 케이비손해보험도 보여지고요. 예, 예. 지금 제가 봤을 때는 손님 요고 외에는 다른 건들은 지금 없다라고 보여지고 있고요, 혹시 최근에 연결하셨던게 있다면은 확인되지 않을 수 있으니 참고해 주시고 출금 보면은 도시가스는 자동으로 연결이 돼요. 예, 그럼 신고 안 해도 되고요? 네, 그리고 통신요금 두가지도 보여지고요. 일단은 손님 지금 보여지는 건 중에서 케이비 손해보험 거는 수기로 꼭 말씀해주셔야 된다라고 보여지고 나머지 건들은 카드만 정상적이라고 하면 자동으로 승계되는 건으로 보여지기 때문에요. 케이비 손해보험 손님께서 카드 받으시고 바로 사용 등록하시고 난 다음에 손해보험 쪽에 새 카드 번호 안내해 주시면 되실 것 같습니다. 예, 그냥 납두고 그러면은 뭐 쿠팡이라든가 이래 사용하던데 그거는 뜨나요? 그거는 바꿔야죠. 그거는 손님 자동납부가 아니라 손님의 그 사이트에 그 카드번호 저장해가지고 쓰시는 거기 때문에 그건 당연히 바꾸셔야 되는 거고요 예, 이거는 바꿔야 된다. 그건 자동 납부 건이 아닙니다, 손님. 네 네, 알겠습니다. 그러면은요 손해보험 바꾸고 네, 나머지는 카드 정상적이라면 자동승인 들어오는 건 들이니까 안 하셔도 되실 것 같습니다. 아 그래요? 예, 고맙습니다. 네, 감사합니다. 편안한 하루 되세요. ▲▲카드 ▲▲▲이었습니다. 네 네, 감사합니다. 네, 감사합니다.",0,A
normal_A_0560,"상담원 ▲▲▲입니다. 아 네, 제가 옥션에서 물건을 구매하면서 ▲▲카드를 이용을 했는데요. 네. 어 저기 그 ▲▲월 ▲▲일자가 몇 개가 지금 저기 그 카드를 끊었는지 한번 확인해봐주시겠어요? 네. 그러세요? 알겠습니다. 네, 오늘 날짜가 ▲▲일이잖아요. 3건 했는데 쿠팡에서 다 결제하신 것만 있네요. 네, 네. 네. 그런데 어 제가 옥션이나 뭐 지마켓 결제 건은 따로 없고요. 네, 네. 오늘 쿠팡 ▲▲▲▲원, 쿠팡 ▲▲▲▲원, 또 쿠팡 ▲▲▲▲원 이렇게 3건 확인되고 있습니다. 그런데 문자에 ▲▲카드 문자에는 ▲▲▲▲원짜리 하나랑 그다음에 ▲▲▲▲원짜리 하나만 뜨거든요. 예, 하나가 확인이 안 됐다라는 거구요? 네. 네, 잠시만 기다려 주세요. 그 제가 하나는 어 주문 취소를 했는데 그 금액이 ▲▲카드에는 그대로 떠 있어가지고 어 아직은 그러면 저희 쪽에 취소는 아직 들어오지는 않았고요, 취소했다고 하더라도 아직 들어오지는 않았구요, 손님 보게 되면은 ▲▲▲▲원까지 조건이 알림으로 저희가 해 드린 거는 확인은 되고 있어요. 문자는 지금 보면은 말씀하셨던 것처럼 지금 하나는 ▲▲▲▲원 건 알림이 됐고요, ▲▲▲▲원 건이 확인된다 하셨는데 푸시 알림 쪽에 한 번 저희 ▲▲카드 앱 있잖아요. 네. 거기에서는 지금 보험 ▲▲▲▲원 2건이 지금 발송됐던 게 확인되고 있네요. ▲▲카드요? 아 그래요? 네, ▲▲▲▲원이랑 해 가지고 총 3건은 알림이 된 걸로 지금 확인되고 있습니다. 그런데 왜 여기 문자에는 ▲▲카드 문자로 날라오는데 여기는 예외로 되어 있는데 그러면 ▲▲카드라는 데가 예, 거기서 한 번 저희가 문자 왔던 거고 푸시 알림을 했던 것만 제가 한번 지금 보내드려 볼까요? 잠시만 기다려 주시기 바랍니다. 네, 네. 푸시 알림 마지막 하나만 제가 보내드려볼게요. 예. 네, 기다려 주셔서 감사합니다. ▲▲월 ▲▲일 해 가지고 ▲▲시 ▲▲분에 결제했던 기준에 승인 내역 기준 시간이랑 기재가 돼 있거든요. 문자 지금 보내드리는데 혹시 수신 되었을까요? 네, 네. 고지서가 다 수신이 안 떴는데 ▲▲카드예요? 지금도 문자 제가 보내드리는지 확인 안 되세요? 네, 네. 혹시 지금 갑자기 뭐 ▲▲카드 고객센터 번호가 수신 거부되어 있거나 그러지는 않으시죠? 그 지금 제가 통화 중에 발송은 했거든요. 어 이거 네. 지금 보내드리는 건 저는 보이거든요. 이게 예, 이게 왜 저기 아 그걸로 돼 있을까? 아 거부가 돼 있어요? 네, 네. 아 그걸 그리고 풀어 주세요, 손님. 네. 아 네. 그렇게 되어 들어와있네요. 어 알겠습니다. 네, 감사합니다. 저는 ▲▲▲이었습니다. 네, 수고하세요.",0,A
normal_A_0561,"안녕하세요. 예약 확정 부탁드려요. 어른 2명과 아이 1명(2014년생)으로 ▲▲월 ▲▲일부터 ▲▲일까지 리츠칼튼 누사두아의 더사왕안 주니어 스위트로 예약하고 싶어요. 금액은 $855로 알고 있습니다. 맞나요? 안녕하세요! 네, 맞습니다. ▲▲월 ▲▲일부터 ▲▲일까지 리츠칼튼의 더사왕안 주니어 스위트 3박이 $855입니다. 아동은 베드쉐어 조건으로 조식이 무료로 제공됩니다. 객실도 가능합니다. 그럼 ▲▲월 ▲▲일부터 ▲월 ▲일까지는 알릴라 스미냑의 디럭스 스위트로 예약하고 싶어요. 금액은 얼마인가요? ▲▲월 ▲▲일부터 ▲월 ▲일까지 알릴라 스미냑의 디럭스 오션 스위트는 4박에 $1,720입니다. 아동 조식은 추가로 $60이 필요해서 총 $1,780입니다. 부모와 베드쉐어 조건으로 조식만 추가됩니다. 알겠어요. 예약할 때 필요한 정보는 어떤 게 있나요? 예약을 원하시면 예약자 전원의 여권 영문 이름과 생년월일 앞 6자리, 그리고 픽업 정보(직항은 인천 출발, 경유는 발리 도착 항공편)를 이메일로 보내주세요. 공항 픽업 서비스는 얼마나 빨리 예약할 수 있나요? 3박 이상 예약 시 무료 공항 픽업 서비스가 제공됩니다. 단, 우붓은 객실당 $15가 추가됩니다. 픽업 서비스는 같은 항공, 같은 지역 호텔의 다른 손님과 조인될 수 있습니다. 카드 결제는 가능한가요? 결제 방법에 대해 설명해주세요. 달러는 원화로 계산 시 실시간 환율로 입금 요청드리며, 외화 계좌 입금도 가능합니다. 카드 결제는 수수료 2.5%가 추가되며, 국민, 현대, 삼성, 신한카드로만 결제가 가능합니다. 현대는 무이자 3개월, 삼성과 국민은 무이자 5개월 가능합니다. 감사합니다. 그럼 필요한 정보 보내고 예약 진행할게요. 감사합니다! 예약 정보 보내주시면 확인 후 진행할게요. 좋은 하루 되세요!",0,A
normal_A_0562,"상담원 ▲▲▲입니다. 아 예, 여보세요? 네. 예, 제가 그 보호자인데 자녀가 지금 지갑이랑 모든걸 다 분실해가지고 전화를 했는데. 네. 예, 이게 무슨 직불 카드나 뭐 이런 것들이 있으면은 분실 신고하라고 연결해 주셔서 전화 했거든요. 아, 그러세요. 카드 분실 많이 놀라셨을 텐데요, 빠르게 안내해 드리겠습니다. 손님 그럼 그 카드 소유주분 자녀분 옆에 계신가요? 아, 지금 옆에 있어야 하는데 없어서. 아. 그러면 저희가 가족분이 하시는 거라면 뭐 이용 내역이나 재발급은 어렵고 분실 정지만 도와드려도 괜찮을까요? 예, 예. 고맙습니다. 네, 그럼 카드 소유주분의 휴대폰 번호 ▲▲▲ 몇 번이실까요? ▲▲▲▲▲▲▲ 그럴 거예요. ▲▲▲ 그럼 잠시만요. 네. ▲▲▲▲ ▲▲▲▲ ▲▲▲▲ ▲▲▲▲ 그러면 그거는 됐고요. 생년월일 말씀해 주시겠습니까? ▲▲▲▲▲▲ 네, 카드 소유주분의 성함 말씀해 주시겠습니까? 예, ▲▲▲ 카드 결제 은행은 어디이실까요? ▲▲은행이요. 네, 확인해 주셔서 감사합니다. 확인해 보겠습니다. 예. 지금 저희 ▲▲카드에 그럼 카드 한 장 있으신데요, 오늘 날짜로 어디서 분실하신 걸로 등록해 드릴까요? 예. 아, 지금 ▲▲은행이 가지고 있는 게 체크카드 하나 있는 거죠? 네, 저희가 자세한 내용 안내는 어렵고요. 등록되어 있는 지금 가지고 계신 카드는 지금 모두 정지를 해 드립니다. 아, 그럼 여기서 다 정지를 해 주는 거예요? 아니요, 지금 ▲▲카드만요. 아, ▲▲카드만요? 뭐 ▲▲▲나 뭐 이런 거는 아닌 거고요? 네. 혹시 타사 카드 분실도 있으시다면 저희가 접수 진행은 가능하신데요, 정상 접수 되는지 여부는 제가 진행 과정 중에 확인해 드릴 수는 있습니다. 네. 손님 먼저 ▲▲카드 분실 등록부터 먼저 좀 진행하겠습니다. 예, 예. 분실 장소 어디로 해 드리면 될까요? ▲▲▲▲▲▲▲▲▲▲ ▲▲▲▲▲ 파리바게트요. ▲▲▲ 파리바게트로 그러면 해 드리고요. 연락주신 지금 신고자님 성함과 연락처 말씀해 주시겠습니까? 네, ▲▲▲ ▲▲▲ ▲▲▲ 네. ▲▲▲ 네. ▲▲▲▲이요. ▲▲▲▲ 예. 네, 분실 정지되어서 ▲▲▲ 불가하니 안심하셔도 됩니다. 이후 재발급 및 분실 해제는요. 예, 예. 카드 소유주 되시는 자녀분께서 연락 주셔서 요청해 주시면 되고요, 그리고 잠시만 기다려 주시겠습니까? 아, 네. 기다려 주셔서 감사합니다. 손님, 그 다른 회사 카드 분실 접수도 마찬가지로 본인이 연락 주셔야 되는 부분이라서요. 안타깝게도 이 부분은 다른 회사 카드 분실 정지하실 거라면 그 각각 전화 주셔서 분실 정지만 가족분이 하실 수가 있거든요. 따로 전화를 주셔야 될 것 같습니다. 예, 예. 괜찮은 것 같아요. 우선은 지금 ▲▲카드에 있는 직불 카드 분실 신고를 한 거고 만약에 이거를 다시 하려고 하면은 재발급 신청을 해 가지고 하면 되는 되겠죠? 네. 재발급 및 뭐 이용 내역 문의 등을 직접 자녀분께 연락 주셔서 확인해 주시면 되세요. 예, 알겠습니다. 감사합니다. 네, 감사합니다. 상담원 ▲▲▲이었습니다.",0,A
normal_A_0563,"일상의 즐거운 변화 LGU+ <NAME>입니다. 안녕하세요? 네. 핸드폰 일시정지하려고 하는데요. 그러십니까? 그럼 제가 정보 확인해서 정지 상담 도움 드릴 텐데, 괜찮으세요? 네. 예. 감사합니다. 핸드폰을 사용하시는 명의자님, 저희 바꾼 고객님 명의로 전달 받게 되고 명의자님 본인되십니까? 네. 네. 확인 감사합니다. 혹시 정지 원하시는 특별한 사유가 있으실까요? 제가 <DATE>에 출국해서요. 어 출국하시고 한국 그럼, 귀국하시는 날짜가 아직 미정이신 거죠? <DATE> 중이긴 한데 정확한 날짜는 예정인 거 같아요. 네. 아 그런데 왜 여쭤봤냐면은, 저희가 짧은 일시정지 같은 경우는 <DATE>에 2번 최대 <DATE> 동안 가능해서 혹시라도 지금 날짜가 좀 미루어지거나 하게 되면은, 저희가 그 비행기 티켓을 저희 쪽에 사진 찍어서 보내주시면 저희가 잠시 일시정지를 해드릴 수가 있거든요. 네. 예. 그래서 여쭤본 점 양해 부탁드리겠고, 출국은 그럼 <DATE> 몇 시쯤에 하시는 거예요? 네. <DATE>, 1시쯤에요. 오후 1시요? 고객님 그러면은 제가 오후 1시 시간 맞춰 가지고 정지해드려도 괜찮을까요? 네. <DATE>, 한 2시쯤으로 넉넉하게 해주세요. 아 <DATE> 2시경에 해드릴까요? 예. 알겠습니다. 네. 그러면 서류를 청구하실 수가 있게끔 제가 화면 만들어 가지고 보내드릴 거고, 어 비행기 티켓 뭐 스크린샷 찍으셔 가지고 이 티켓으로 보내주셔도 되구요. 네. 네 정지는 그럼 <DATE>, 오후 2시경에 진행토록 하는 것으로 진행해 드릴 텐데, 제가 통화하면서 방금 문자를 보내드렸어요. 네. 혹시 그 문자 받으셨을까요? 네. 아 네. 감사합니다. 그럼 정지를 오후 2시경으로 제가 <DATE>자로 진행토록 할 거구요. 정지 이용 요금은 월 <CHARGE>이 있고, 정지 시에 주요사항은 제가 문자를 남겨드릴 텐데, 문자도 지금 전화 받고 계시는 번호로 문자 남겨드릴 텐데, 괜찮으세요? 네. 예. 알겠습니다. 정지 시에는 사용 일자가 <DATE>이 안 되다 보니까, <DATE> 멤버십등급은 일반 등급으로 변경되실 거구요. 그럼 요청하신 대로 <DATE>까지만 서류 보내주시면 제가 <DATE>, 오후 2시 시간 맞춰 갖고 일시정지해 드릴게요. 네. 그러면 해지, 해제할 때는 어떻게 해야 돼요? 정지 푸실 때는 한국 도착하셔 가지고, 지금처럼 정지 중에도 저희 고객센터로 전화하실 수 있어요. 아 네. 지금처럼 전화 주시면은 저희가 명의자분 정보 확인하고, 정지 바로 풀어 드릴 수 있습니다. 아 그러면은 혹시 그거 말고, 다른 사람들은 정지를 못 푸나요? 예. 다른 분은 정지를 못 푸세요. 아 네. 알겠습니다. 예. 양해해 주셔서 감사합니다. 혹시 <DATE> 일시정지 관련해서 상담 받으시는 거 외에 더 필요하시거나 혹시 궁금하신 사항은 더 없으세요? 네. 아 네. 어 그러면 지금 해제하면은, 이제 가지고 있던 등급이나 이런 건 똑같이 유지되는 건가요? 어 정지를 풀고 <DATE>부터 <DATE> 기준 지금 현재 요금제를 똑같이 사용해 주시면은, 멤버십등급은 또 자동으로 높아집니다. 같아요? 예. 그렇습니다. 정지 풀고 <DATE> 동안 풀로 현재 이 요금제 사용하시면은 멤버십등급도 지금처럼 가장 높은 VVIP등급으로 계속 사용가능하세요. 아 네. 감사합니다. 예. 아닙니다. 제가 더 감사드리고 혹시 더 필요하시거나 궁금하신 사항은 더 없으세요? 네. 없어요. 네. 알겠습니다. 저희 고객님 조심히 잘 다녀오시길 바라겠습니다. 네. 감사합니다. 예. 다시 한번 더 감사합니다.",0,A
normal_A_0564,"일상의 즐거운 변화 LGU+ <NAME>입니다. 네, 뭐 하나 여쭤보려고요. 이번에 핸드폰 공기계를 구입했는데요. 그거를 쓰려면 기기 변경을 해야 되잖아요. 그러면 지금 핸드폰을 쓰고 있는데 혹시 위약금이나 뭐가 있는지 궁금해서 연락드렸어요. 네, 고객님 입력하신 분 상담 도와드리겠습니다. <NAME> 고객님 본인 맞으십니까? 네. 네, 고객님. 죄송하지만 다시 한번 천천히 설명해 주시겠어요? 아, 지금 핸드폰을 쓰고 있잖아요? 네. 저희가 이제 핸드폰을 바꾸려고 공기계를 하나 샀어요, 핸드폰이 좀 오래돼서. 그러면 이제 기기 변경을 해야 되잖아요, 그 결합 상품을 쓰려면. 그러면 지금 핸드폰 기깃값이 남아서 핸드폰 위약금이 나가나 해서요. 고객님께서 혹시 그 단말기는 그대로 통신사 유지를 하시는 걸까요? 네, 저희가 그대로 유지할 거예요. 네. 그러면 고객님께서 따로 기기 사실 때 어, 공시 지원금 받고 따로 기기만 사신 게 맞으실까요? 네, 기계만 샀어요. 그러면 따로 반환금은 발생 안 되세요. 고객님께서 저희 U+ 사용만 계속해 주시면 선택 약정 할인 반환금 발생 안 되시구요. 고객님 안심하시고 사용하셔도 됩니다. 그러면 기기 변경하면 선택 약정 이런 걸 해야 돼요? 현재 지금 고객님께서 등록이 되어 있기 때문에요, 이게 선택 약정 할인이 해지가 되시면 반환금이 발생하는 거예요. 그래서 고객님께서 기기 변경하시면 그대로 등록된 거 유지되면서 고객님께서 사용 가능하신 거라서요. 그래서 고객님께서 기기 변경하면 유심을 끼워서 사용하시잖아요? 네. 그럼 선택 약정 할인은 그대로이십니다. 아니, 근데 선택 약정을 안 하고 싶어서요. 네. 그러면 고객님께서 선택 약정 할인은 해지를 하셔야 되는데 해지하실 경우에 고객님 반환금 발생하십니다. 잠시만요. 네. 그러면은 선택 약정 안 하면 어떻게 해야 돼요? <DATE> 핸드폰에서 이거 완료될 때까지만 이제 선택 약정한 거예요? 네, 맞습니다. 고객님께서 선택 약정 할인 끝나는 기간 <DATE>이 종료되시구요. 그 유지 기간 안에 고객님께서 해지하시면 <CHARGE> 나오십니다. 네. 그러면은 아, 죄송한데 지금 만약 기기 변경하면 저희가 한 기계로 변경해야 된다고 하셨잖아요? 네. <DATE> 저절로 종료가 되고 그 이후에는 선택 약정 안 해야 된다는 거예요? 네, 맞습니다. 네, 알겠습니다. 네, <NAME> 고객님. <DATE> 정말 고생 많으셨습니다. 마무리 잘하시고 즐거운 저녁 시간 보내세요. 네. 아, 죄송한데 제가 지금 개명을 한 상태인데 개명을 하면 정보도 바꿔야 되죠? 네, 맞습니다. 그러면 어떤 서류가 필요한가요? 저희 쪽으로 전화주셔 가지고 고객님께서 지금 임시 신분증이시잖아요? 네, 네. 이름 변동되시면은 저희 모바일이나 팩스로 발송해 주시면 저희가 고객님 이름 변경해 드립니다. 아, 뭐 정보나 이런 거 전달받았던 거 같아요. 네, 이름 변경된 중인 겁니다. 네, 알겠습니다. 네, <NAME> 고객님. 그러면 이름 변경은 안 도와드려도 될까요? 근데 지금 당장은 확정됐다고 안 날라와서요. 네, 알겠습니다. 감사합니다.",0,A
normal_A_0565,"▲▲카드 ▲▲▲입니다. 여보세요? 네, 안녕하세요? 아니 지금 어제 날짜로 지금 그걸 했어야 되는데 못해서 카드 대금도 일단 일부 50만원을 납부하려고 그러거든요. 네, 그러면 도와드릴 텐데 등록된 휴대폰 번호는 몇 번이십니까? ▲▲▲▲▲▲▲▲. 예, 본인분 성함과 생년월일 말씀해 주시겠습니까? ▲▲▲▲▲▲▲ 연결 계좌가 어디 결제 은행이십니까? 나무요. 네, 소중한 정보 확인 감사합니다. 현재 그 연체 금액은 200만원 중 102만원입니다. 결제 원하시는 금액이 있으신가요? 50만원 50만원이요? 예. 네, 그럼 고객님 나무은행 계좌에 입금하시는 거예요? 아니요, 제가 가상계좌로 넣을게요. 아 가상계좌, 그럼 제가 금액은 전체 금액과 함께 발송해드릴 수밖에 없어서 이제 고객님이 금액만큼 제공 원하시는대로 그럼 그냥 고객님, 제가 가상 계좌에 금액은 따로 설명드릴테니까 문자로 가상계좌만 발송했거든요? 고객님. 그러면 일단 거기에 ▲▲ 부르면 그게 나와요? 여기에 금액을 원하시는 만큼 나오시면 그만큼 처리가 되니까요. 일단 이 가상계좌는 발송해 주시는 금액을 거기로 입금 처리 부탁드리도록 하겠습니다. 그 나머지는 50만 얼마인가요? 만약 50만원만 하시게 되면 52만원 남게 되십니다. 알겠습니다. 예, 나무은행 계좌는 이중 인출될 수 있으니 비워두시길 부탁드리며 상담원 ▲▲▲이었습니다. 예.",0,A
normal_A_0566,"상담원 ▲▲▲입니다. 네, 수고하십니다. 뭐 좀 여쭤볼려 그러는데요. 네, 손님. 네, 저기 그 학교 아이들 교육 그거 바우처가 저희 ▲▲ 카드로다가 입금이 됐다라고 하는데 이렇게는 조회가 좀 볼려고 이제 저희가 해당 보여요? ▲▲▲▲▲ 거 하나 있고, 제 거가 또 있거든요. 그런데 어떤 카드로다가 입금이 됐는지 좀 확인 좀 하려고 하는 건데 어떤 카드를 사용했는지가 궁금합니다. 네, 알겠습니다. 그럼 제가 본인 확인 후에 빠르게 도움 드리고 가겠습니다. ▲▲▲ 님 본인 맞으십니까? 네, 네. 예, 확인 감사합니다. 그럼 손님 명의로 교육 바우처 지급되셨는지 확인해보도록 하겠습니다. 잠시만 기다려주시겠습니까? 네. 네, 기다려주셔서 감사합니다. 혹시 교육 기본 바우처 맞으실까요? 네, 네. 네, 현재 손님 명의로는 그 바우처 받으신 이력 없는 걸로 확인되고 있으세요. 그럼 아이 걸로 확인할려고 하면 직접 아이가 가야 되는 건가요? 네, 직접 아이 분께서 전화주시거나 아니 옆에 있으실 때 확인 요청해주시면은 그때 확인 가능하십니다. 음, 그러면 아이 오시면은 다시 한번 전화주셔가지고 아이 분 카드로 이제 지원금 발급 받으셨는지 한번 확인해보시겠습니까? 만약에 그 지원금을 발급 받게 되면은 어떻게 사용을 하는 거예요? 그냥 카드 체크 카드 잔액이나 그런 거 확인 같은 것도 그냥 그 체크카드로 다 들어오고 나가고 하는 거죠? 교육 급여 바우처 같은 경우에는 이제 그 교육 관련해가지고 업종을 사용을 해주셔야 되시고요. 그 금액 같은 경우에는 그 체크 카드를 사용을 해주시면은 교육 급여 바우처에서 얼마 차감되고 이런 게 다 문자로 발송되세요. 아 예, 알겠습니다. 네, 상담원 ▲▲▲이었습니다. 네, 감사합니다. 네, 감사합니다.",0,A
normal_A_0567,"상담원 ▲▲▲입니다. 네. 저기, 제가 ▲▲일 날 결제할 금액이 얼만가요? 아 네. 손님 우선 본인 확인 먼저 도와드리겠습니다. 손님 휴대폰 번호와 생년월일 말씀 부탁드립니다. ▲▲▲▲▲▲▲▲▲▲ 네. 어 생년월일이 어떻게 되실까요? ▲▲▲▲▲▲ 네, 그러시고 다시 한 번만 본인의 성함을 말씀해주시겠습니까? ▲▲▲ 네, 결제하시는 결제 은행명 말씀 부탁드립니다. 네. 결제하시는 결제 은행명 알고 계실까요? 그게 무슨 말이에요? 아 결제 계좌 은행명 알고 계실까요? 카드의 결제 계좌 연결해두신 계좌 혹시 알고 계세요? 아니 그냥, 그 가상계좌하고 금액하고 넣어주세요. 네. 아 그게 아니라, 이게 마지막 정보 확인차 여쭤보는 거라서요. ▲▲은행이요. 네, 소중한 정보 확인 감사드립니다. 문의 주신 건에 대해서 제가 바로 한번 확인해 보겠습니다. 손님 지금 현재적으로 ▲▲▲▲▲▲▲원 납부하실 금액이 있으신데요. ▲▲요? 납부할 금액은 ▲▲▲▲원 확인되십니다. 네, 네. 그러면 그거 결제하면 바로 그 금액이 다 살아나나요? 네, 맞습니다. 결제하시면은 다시 한도로 복원되십니다. 예. 네, 손님 그러시면 제가 가상 계좌로 연결해 드릴까요? 아니시면 이용하시는 ▲▲은행 계좌로 즉시 출금해드릴까요? 아니, 지금 그 ▲▲은행이요. 그게 없을 거예요. 저기요, 가상계좌하고 금액하고 넣어주세요. 네, 손님 그러시면 저희 쪽으로 ▲▲, ▲▲, ▲▲, ▲▲은행 있습니다. 어느 은행이 편하십니까? 예, ▲▲은행으로 아무 데나 해주세요. 네, 네. 손님 그러시면 제가 ▲▲은행으로 받아보실 수 있도록 가상계좌 문자 안내해 드리겠습니다. 네 그러시면 잠시만 기다려주시겠습니까? 네. 네, 손님 기다려 주셔서 감사합니다. 이게 정확한 금액으로 입금하셔야 정상 처리되시구요. 오늘 결제하시면 청구서 작업 전후 도래되는 결제일부터 매달 청구되는 금액이 변동될 수도 있으시고요. 미매입 건이나 후불 교통 카드 이용 금액이 에스엠에스 수수료 자동 이체 이용 금액 있을 경우에는 청구되실 수 있구요. 나머지 유의 사항은 손님 제가 문자로 보내드리겠습니다. 확인 한 번 하시고 이용 부탁드리겠습니다.",0,A
normal_A_0568,"▲▲카드 ▲▲▲입니다. 무엇을 도와드릴까요? 아 네 제가 어제 태블릿을 카드 신청했는데 네. 그 긴급 배송 신청을 하려고 하거든요? 아 그러십니까? 긴급 배송 신청을 도와드리겠습니다. 음성 몇 가지 본인 확인 후 안내해드릴 텐데요, 등록돼 있는 휴대폰 번호랑 생년월일을 말씀해주시겠습니까? ▲▲▲▲▲▲▲▲▲▲▲. 네. 그다음에 생년월일은 ▲▲, ▲▲▲▲▲▲. 네, 저희 손님 본인 성함을 말씀해주시겠습니까? 네, ▲▲▲이요. 네, 등록된 결제 은행까지 말씀 부탁드리겠습니다. ▲▲은행이요. 예, 확인되셨고요. 카드 내역 확인 도와드리겠습니다, 네. 일단 ▲▲▲ 로그 그거를 어제 이제 발송 신청하셨네요. 아 네, 발급 신청하셨네요. 해당 카드의 긴급 배송을 도와드릴 텐데요. 혹시 해당 카드는 언제까지 받아보시고 싶으십니까? 네 네. 저 이번 주 금요일이요. 이번 주 금요일까지 받아보고 싶으신거 맞으실까요? 아 목요일까지 혹시 배송될까요, 뭐예요? 내일까지 저희가 배송 처리를 해드릴 수는 있는데 이 부분이 한 가지 안내를 드리자면 뭐 폭우, 폭설 아니면 뭐 물량 증가하는 이런 부분에서 확답이 좀 어려운 부분은 있습니다. 아 네. 어 금요일까지만 넣으면 될 것 같아요, 네. 아 그러면 제가 혹시 모르니까 넉넉하게 한 목요일까지 우선은 저 처리, 긴급 발급 접수를 도와드리도록 하겠습니다, 괜찮으실까요? 네 네. 예, 혹시 긴급 발급 요청하시는 거, 발급을 요청하시는 사유를 혹시 들어볼 수 있을까요? 아 그 환전을 그거 ▲▲▲▲ 카드를 쓰고 싶은데 저 출국 네. 이번 주 토요일 오전이여서. 아 그렇습니까? 예, 그러면 저희가 해당 사용량은 확인 됐고요. 일단은 카드가 목요일까지 배송될 수 있도록 저희가 빠르게 도와드리겠습니다. 네. 네. 네, 그 뭐 ▲▲원 추가 요금이 발생한다고 들었는데 어떻게 계산하면 되나요? ▲원 추가 요금이 발생한다는 내용을 어디서 들으셨을까요? 긴급 배송하던 아 지금 우리 일단은 아 제가 잘못 봤나, 뭐 인터넷에서 본 것 같은데 아 그 체크 카드를 발급하시면 발급 수수료 ▲▲원이 부과되실 수는 있는데 이 부분이 저희가 긴급 배송 신청을 하신다고 해서 그 그 해당 배송비가 따로 발생하지는 않습니다. 네. 아 네, 알겠습니다. 우선은 그럼 저희가 접수 처리해드리도록 하겠습니다. 아 예, 고맙습니다. 네, 감사합니다. 상담사 ▲▲▲였습니다. 예.",0,A
normal_A_0569,"일상의 즐거운 변화 LGU+ <NAME>입니다. 네, 타 카드로 요금 납부 좀 하려구요. 아 네, 고객님 전화 잘 주셨습니다. 네. 확인 한번 도와드릴 건데요, 입력해 주신 번호는 <NAME> 고객님 본인 맞으시구요? 네. 확인 감사드립니다. 고객님 바로 결제 처리 도와드릴 건데요, 혹시 결제를 하시려는 카드가 어느 분에게 하세요? 엄마요. 아 그럼 명의자분의 카드이신 거세요? 네. 그럼 고객님 그 카드주 분과 제가 통화 후에 결제가 가능하신데. 네, 일단 카드번호랑 다 말씀드릴게요, 그다음에 전화해서 해주시면 될 거 같애요. 아 네, 그리고 결제하실 금액은 <DATE>, <DATE> 요금 포함하면은 <CHARGE>이시구요. 네. 혹시 전체 결제하시려는 거세요, 아니면 미납요금만 결제하시라는 거세요? 미납으로 <CHARGE>이요. 아 네, 미납요금 그러면 <CHARGE> 잠시만요. 원래 <CHARGE>인 거예요? <CHARGE>으로 확인되세요. 네, 그거 해주세요. 아 네, 알겠습니다. 고객님 그러면 카드번호랑 고객님께서 먼저 말씀해 주시겠습니까? 네, 카드번호 <CARD_NUMBER>요. <CARD_NUMBER> 유효기간은 그냥 순서대로 <DATE>이요. 네, 확인 감사드립니다. 고객님 카드주 분 성함과 연락 가능한 번호 한번 말씀해 주시겠습니까? <NAME>이구요. <NAME> 고객님이요? 네, <MOBILE_NUMBER>이요. <MOBILE_NUMBER> 맞으세요? 네. 네, 고객님 제가 전화 통화 중에 전화드릴 건데 전화 끊지 마시고 잠시만 기다려 주시겠습니까? 네, 그리고 할부는 12개월로 해주세요. 아 네, 알겠습니다. 고객님 12개월 해드릴게요. 네. 네, 고객님 전화드릴 건데 전화 끊지 말고 잠시만 기다려 주세요. 네. 고객님 기다려 주셔서 감사합니다. 혹시 <NAME> 고객님 그 연락 가능한 번호 <MOBILE_NUMBER>에 <MOBILE_NUMBER> 맞으세요? 네, 이거 저희 엄마 번호도 요금 같이 해가지고. 이 번호로는 고객님 지금 수신 정지로 통화가 안되세요. 아 그거는 엄마고요, <MOBILE_NUMBER>이요. 어 <MOBILE_NUMBER>에 <MOBILE_NUMBER> 맞으시죠, 고객님? 네, <MOBILE_NUMBER> 제가 지금 <MOBILE_NUMBER>에 <MOBILE_NUMBER>으로 전화를 드렸는데 연결이 되지 않으세요. 다시 한번만 해주세요. 네, 잠시만 기다려 주시겠습니까? 네. 여보세요? 여보세요? 네, 안녕하세요? LGU+ 상담사 <NAME>입니다. 네. 네, <NAME> 고객님 지금 같이 계세요? 네. 아 네, 고객님 다름이 아니라 <NAME> 고객님께서 고객님의 카드로 핸드폰 요금 납부하신다라고 해서 확인차 연락드렸구요. 네. 아 네, <NAME> 고객님 생년월일 한번 말씀해 주시겠습니까? 예, <BIRTH_NUMBER>이요. <BIRTH_NUMBER>이시구요. <BIRTH_NUMBER> 아 네, 고객님 카드번호랑은 <NAME> 고객님께서 말씀해 주셨구요. 예. 아 네, <NAME> 고객님에 LGU+ 이용 요금 카드주 <NAME> 고객님에 신한카드로 납부 요청하셨습니다. 맞으십니까? 네, 맞습니다. 아 네, 고객님 바로 결제 처리 도와드릴 거구요. 바쁘신 데 시간 양해해 주셔서 너무 감사드립니다. 예. 네, 감사합니다. 네.",0,A
normal_A_0570,"상담원 ▲▲▲입니다. 예, 안녕하세요? 문의할 게 있어서 연락드렸는데요. 네, 네. 제가 어제쯤에 선결제 그 금액을 조금 먼저 했는데. 네, 네. 혹시 이게 제가 ▲▲월 중에 자유롭게 이제 환불을 좀 요청하려고 하는데 혹시 가능한가요? 환불을 요청을 하신다고요? 아 예, 다시 물려버릴 수도 있나요? 어 우선, 확인해 보겠습니다. 성함이 ▲▲▲ 님 본인분 맞으신가요? 네, 맞습니다. 네, 감사합니다. 한마디로 이제 어제 선결제를 한 것 중에 지금 그 뭐 매출을 하나 취소하신다는 말씀이신 거죠? 네, 그게 가능한가요? 그러면은 어제 선결제한 거 중에 그거를 좀 저희 쪽에서도 그냥 입금 취소를 해주면 되지 않을까요? 아 예. 혹시 지금 보니까 ▲▲월 ▲▲일 날 일로 이제 모바일 결제 3건 하셨네요. 네. ▲▲ 그 얼마짜리 금액으로 결제를 한 거예요? ▲▲▲▲▲원짜리랑 ▲▲▲원이랑 ▲▲ 얼마정도 해 가지고 2개 지금 선결제 했었거든요. 그게 그러면요, 혹시 ▲▲ 요금에서 쿠팡이랑 씨유 그리고 족발 신선생 ▲▲ 이게 지금 ▲▲▲▲▲▲▲▲▲▲원 그 금액 비슷한 거거든요. 그럼 이거 말씀하시는 거예요? 네. 왜냐하면, 그 손님께서 그 취소하려는 그 가맹점 사용하신 내역이 뭐예요? 예, 맞습니다. 족발 이거 맞나요? 네, 맞습니다. 아 그러면은 지금 이게 지금 두 번째 정도에 있어가지고 저희가 입금 취소를 하려면 2개를 해야 돼요. 그러면은 마지막으로 ▲▲▲▲▲▲원 이거를 취소를 하고 우리 지금 문의주신 족발 이거 우리가 취소할 수가 있어요. 네, 그럼 그것도 같이 부탁드릴게요. 아 그럼 지금 다 해드릴게요. 잠시만 기다려 주시겠습니까? 예, 감사합니다. 그러면은 어제 선결제했던 거 다 입금 취소를 하는 거예요, 하나 빼고? 네. 지금 먼저 ▲▲▲▲원, 그 결제하시는 건 지금 입금 취소하고 있는 거고요. 그다음에 이제 ▲▲▲▲▲▲▲▲▲▲원이 건까지 2건을 같이 이제 취소해 드리는 겁니다. 예, 감사합니다. 아닙니다. 제가 좀 승인을 받아야 돼 가지고, 잠시만 기다려 주시겠습니까? 예. 네, 지금 한 건 취소됐고 그 아까 말씀드렸던 거 두 번째 거 마저 해드릴게요. 예. 네, 지금 이 다 취소 정상적으로 됐고요. 지금 제가 바로 2개 환급으로 해 가지고 바로 지금 처리해 드릴게요, 잠시만요. 네. 그 결제 은행 계좌가 ▲▲은행 계좌로 입금될 거예요. 네, 감사합니다. 총 입금 금액은 ▲▲▲▲▲▲▲▲▲원이거든요. 혹시 제가 지금 이제 환급처리를 하고 있는데 끝나면 바로 한번 확인만 좀 부탁드립니다. 네. 네, 한번 확인 좀 해주시겠어요? 지금 방금 처리해 드렸거든요. 예, 수고하십니다. 아, 그 다 들어오셨죠? 네. 네, 뭐 더 하실 거 있으실까요? 아니요, 괜찮습니다. 상담원 ▲▲▲이었습니다. 네, 감사합니다.",0,A
normal_A_0571,"상담원 ▲▲▲입니다. 예, 예 안녕하세요? 예 다른 게 아니 제가, 그 카드 대금 선결제 해 달라고 네, 안녕하십니까? 그 가상계좌를 받아보고 가상 계좌를 선결제를 할라하는데 내가 이 ▲▲카드 지금 처음 하거든요. 네. 그런데 입금이 안 돼요. 이 저기서 에이티엠에서 입금 진행이 안 되고 있단 말씀이세요? 예, 예. 그런데 다만 저희가 현재는 일반 업무 시간은 종료가 된 상태라서 저희가 선결제 업무에 대해서 자세한 상담은 좀 어려운 상태고요. 만약 앱에서 유선으로도 자세한 상담 원하시면 이건 좀 번거로우시겠지만, 내일 평일 오전 9시부터 오후 10시 사이 일반 업무 시간에 한번 문의를 부탁드리겠습니다. 아니 저 제가 하나만 여쭤볼게요. 그 그 다른 게 아니라 다른 카드들은 내 가상계좌를 받아가지고 가상계좌로 돈을 입금을 하면 그게 바로 입금 처리가 되잖아요. ▲▲카드는 안 되는 겁니까? 네, 네. 만약에 가상계좌로 입금으로 선결제 진행을 원하시면은 홈페이지나 모바일 통해서 선결제 예약을 하시고 진행을 해주셔야 됩니다. 예. 선결제 예약하기, 가상계좌가 제 계좌인데 그리로 돈을 넣으면 돈을 못 들어가니까? 다른 ▲▲카드고 다 그래. 아무튼 요 그래서 내가 지금 여쭤보는 겁니다. 네, 고맙습니다. 그럼 지금 다른 데서 다 다른 거 다 그거를 하고 있는데 지금 좀 애매해서 그래서 내가 지금 여쭤보는 겁니다. 아 그러십니까? 예 다만, 지금 가상 계좌로 이용을 하시려고 하는데 그렇게 진행해서 좀 안전한 상태라고 하면은 이거는 이제 일반 업무 시거나, 한다면 3번 상담을 받아보셔서 그때 상담원 통해서도 네. 예, 예 그 지금, 지금 지금 상담하시는 선생님은, 이 업무 안 하시는 분입니까? 네, 그렇습니다. 현재는 일반 업무가 종료된 시간이라서 다음에 예, 알겠습니다. 그럼 예 그럼, 이거 안 하시는 분이면 뭐, 알겠습니다. 예. 네, 감사합니다. 상담원 ▲▲▲이었습니다. 예, 예 예 예.",0,A
normal_A_0572,"상담원 ▲▲▲입니다. 아 예, ▲▲카드 그걸 사용했던 거 그 출금 계좌를 좀 알려고 그러는데요. 결제 계좌 말씀이세요, 손님? 예 예 예 예. 제가 본인 확인 위해서 몇 가지만 먼저 여쭤보겠습니다. 예, 예. 네, 손님 휴대폰 번호 말씀해 주세요. ▲▲▲▲▲▲▲▲요. 생년월일 말씀 부탁드립니다. ▲▲▲▲▲▲▲▲ 네 전화주신 손님 본인의 성함 말씀해 주시겠습니까? 네, ▲▲▲. 결제 계좌 어느 은행으로 하셨어요? ▲▲으로 했는데 네, 계좌번호를 모르시는 거예요? 예, 그 계좌 번호에서 어느 계좌에서 빠져나가는지를 몰라가지고 확인 하려고요. 아 네, 확인되었고요. 손님 일단 제가 전부 확인은 어렵고 일부만 확인이 되는데요. 예, 예 ▲▲은행에서 빠져나가는 것만 확인 좀 해주세요. 예, ▲▲계좌가 맞고요, 손님. 예. ▲▲▲로 시작해서 ▲▲▲으로 끝나는 계좌입니다. 예, 아 그래요? 그래서 오늘이 결제일이 원래 ▲▲일이 결제일인데요, ▲▲일이 휴일이어서 오늘 출금이 되거든요, 손님. 음 그래요? 그러면 이 계좌에 ▲▲시 이전에는 잔고가 들어가 있어야만 ▲▲시 이후에 순차적으로 출금이 됩니다. 뭐 출금이 된다고 했는데 안돼가지고 혹시 다른 계좌에서 빠져나가는지 싶어가지고 그래서 제가 확인 좀 하고 싶었어요. 아 그러셨어요? 결제 일자가 원래 ▲▲일인데 ▲▲이다 보니까 주말 지나고 오늘 출금이 돼요. ▲▲월 ▲▲일 날 출금이 안 되는데 그것도 또 뭐 빠져나가는 그게 현재 이거 해 가지고 아 ▲▲일날은 출금되는 날이 아닌데요, 손님? 아 그래요? ▲▲일날 발송해드린 거는 ▲▲ 통신 요금이 카드로 정상 결제가 됐다라는 걸 보내드린 거고요. 아 그래요? 그 출금되는 게 아니고 네, 카드 대금 결제일은 ▲▲일입니다. 아 저는 그것도 ▲▲일 날 또 출금이 안 되고 이것도 출금이 안 돼 갖고 카드 사용했는 데 어 그래가지고 이게 원래 다른 데서 빠져나가나 싶어가지고 그래서 제가 확인 좀 하고 싶었어요. 그러니까 오늘 ▲▲ 계좌에 ▲▲시 이전에 잔고가 있으면 ▲▲시 이후에 순차적으로 출금이 될 거예요. 아 그 저는 다른 데에서 빠져나갔는가 싶어가지고 네, ▲▲일 날은 카드로 ▲▲ 통신료가 정상적으로 납부처리가 됐다라는 걸 보내드린겁니다. 아 그럼 그거는 언제 빠져나가요? 그러니까 카드로 승인된 거니까 이건 다음 달 ▲▲월 결제일에 출금이 되는 거죠? ▲▲월 ▲▲일 날이요. 아 알았습니다. 나는 빠져나가지도 안 해가지고 다른 데서 내가 뭐 다른 걸 사용했는가 하고, 오늘 빠져나가네요. 그렇죠? 네, 오늘 출금될 거예요. ▲▲일이 주말이어서요. 네 네, 알겠습니다. 감사합니다. 상담원 ▲▲▲이었습니다. 예 예, 수고하세요.",0,A
normal_A_0573,"상담원 ▲▲▲입니다. 오늘 새벽에 ▲▲원 정도 못 빠져나간 거 같아서요. 어 네, 확인해보겠습니다. ▲▲▲ 님 본인 맞으세요? 네. 네, 확인 감사합니다. 확인해 볼텐데요, 잠시만 기다려주시겠습니까? 네. 예, 손님 기다려 주셔서 감사합니다. 그렇게 확인해 보니까요, 손님께서 그 갖고 계신 ▲▲▲▲체크카드로 ▲▲월 ▲▲일 날 이용하셨던 버스 요금이 ▲▲원이 청구됐는데요. 아 그거요? 예. 어 그건 아니, ▲▲카드 저기 없을 때는 티머니를 하는데 어 저희 카드 중에 ▲▲ 체크카드라고 있는데 이 카드로 ▲▲월 ▲▲일 날 240번 버스로 이용하신 것으로 확인되네요. 아 저기 ▲▲카드로, ▲▲카드는 신용카드가 안 되는 걸로 아는데 어 이거 신용카드가 아니라 체크카드입니다. 저기 여기에 이제 체크카드는 원래 교통 카드가 안 되는 거 아니에요? ▲▲ 체크카드는 후불 교통 기능이 없는데요, ▲▲ 체크카드는 교통 기능이 있어요. 네. 아 그래요? 예, 예. 아니, 그런데 한 번도 안 써봤는데 몰라서. 그러세요? 아 지금 이거는 그러면 되는 거예요? 예, 그 카드 번호 끝에 네 자리를 한번 말씀해 주시겠어요? 되는지 한 번 확인해 드릴게요. 예, 그 카드고요, 그 맨 끝에요? 네, 네. ▲▲▲▲ 아 예, 맞아요. 이 카드예요. 아 이거는 교통카드 되는 거예요? 예. 아 네, 네. 그러면 ▲▲▲▲▲▲은 안 되는 거예요? 예, 이 카드는 후불 교통 기능은 없어요. 아 그래요? 네, 네. 어 그래서 갑자기 ▲▲원이 나와서 왜 ▲▲원이 나갔나 했지. 아 예. 알겠습니다. 예, 감사합니다. 상담원 ▲▲▲이었습니다. 네, 수고하세요.",0,A
normal_A_0574,"일상의 즐거운 변화 LGU+ <NAME>입니다. 제가 지금 핸드폰 약정이 끝났는데 재약정 1년인가 2년인가 뭔지 좀 알 수 있을까요? 네, 정확하게 확인해 보겠습니다. <MOBILE_NUMBER> 말씀 맞으시죠? 예. <NAME> 본인 되십니까? 네. 감사합니다. 제가 문의해 주셨던 내용 잠시 확인 중입니다. 죄송한데 잠깐 기다려 주세요. 아, 네. 확인해 보니까 이게 약정하고 할부 기간이 조금씩 다르신데요. 어떤 거요? 약정 기간하고 단말기 할부 기간하고 다르신데 지금 약정 할인 기간은 <DATE> 딱 2년째가 되신 건 맞으시구요, 고객님. 약정 할인이요? 네. 그래서 보니까 해당 부분 <DATE>로부터 또 1년 더 연장을 해주셨던 걸로 확인이 되시네요. 예, 25% 할인받는 그거죠? 맞아요. 그렇게 진행을 해주셔서 할부는 최초 가입 당시부터 36개월 할부로 되어 있으셨더라구요. 할부금 없는 거예요, 기기? 네, 맞습니다. 근데 제가 지금 보니까 기기 그거, 카드로 나가는 거 24개월 다 끝났거든요. 어, 네. 지금 말씀해 주신 것처럼 이게 할부에 대해서 고객님께서 저희 쪽 24개월 할부를 카드 할인으로 받으시게 되어 있으셔서 나머지 이제 1년에 대해서만 저희 쪽에 남아 있었는데요. 이게 우리 고객님 어떤 상황이셨냐면은, 그때 개통 당시에 중고폰 가격 보장 프로그램이라고 해서요. 기기를 이렇게 2년 동안 사용을 해주시고 나서 원래 사용했던 기기는 저희 쪽에 반납하시고 다시 LG에서 휴대폰을 변경을 해주시면은 남은 할부금 보장 받는 그 프로그램 가입을 하신 거세요. 그래서 보장받으실 수 있도록 그때 가입 당시 할부 금액이 원래 <CHARGE>이셨거든요? 예. 요거 딱 반만 남아 가지고 절반 금액을 말씀하신 카드로 하셨던 거고 나머지 절반 금액이 남아 있는 상황이세요. 그래서 남은 할부금이 <CHARGE>이 있는데요. 그거 언제 나가는 거예요? 이게 만약에 고객님께서 제가 설명드리는... 안 바꾸면은 계속 내야 되는 거예요? 예, 맞습니다. 그래서 지금 그 얘기를 드리고 있었던 건데요. 아, 예. 그래서 할부 금액이 말씀처럼 저희 쪽에서 <CHARGE> 가량밖에 남은 게 없으세요. 근데 <DATE>부터는 <CHARGE>씩 할부금이 청구가 된다는 것도 확인이 되고 있습니다. 그러면 핸드폰 바꾸는 게 이득인 거예요? 아무래도 제가 봤을 때는 교체를 하시는 게 나으실 거 같아요, 지금 봤을 때. 알겠어요. 지금 빨리 바꾸는 게 나은 거죠? 네, 변경을 하시는 게 좋은 거로 저도 판단이 되고 <DATE>까지만 반납이 이루어지면은 <CHARGE>이세요. 아, 그래요? 그럼 핸드폰은 원하는 기종으로 해도 상관없는 거죠? 아니요, 그래서 이 설명을 좀 드리는 중인데요. 저희가 이제 삼성도 그, 예전에 프리미엄폰이라고 있는 게 보급폰이 아니잖아요. 그래서 지금 현재 결제하셔도 되는 것들이 뭐 예를 들어서 갤럭시 같은 경우는 S21이라든지 노트20 같은 기종이라든지 아이폰12이라든지 아니면 LG전자 VELVET이라든지 이런 식으로 프리미엄폰으로 진행을 해주셔야 합니다. 만약에 그거를 안 하면 제가 <CHARGE> 돈을 내야 되는 거예요? 네, 맞습니다. 죄송하지만 이게 배당되지 않는 기기로 변경이 된다든지 아까 말씀하신 것처럼 반납이 진행되지 않는다든지 하시면은 <DATE> 반납을 하시더라도 저희 매장에 도와드릴 수 있는 게 없어요. 알겠어요. 그러면 <DATE>까지만 하면 되는 거죠? 네, 사서 반납을 해주시면은 문제없으세요. 예, 알겠습니다. 네, 잘 해결되시기 바랍니다.",0,A
normal_A_0575,"일상의 즐거운 변화 LGU+ <NAME>입니다. 그 휴대폰 요금 좀 낼려구요. 네, 바로 확인하겠습니다. 여보세요? 네. 예, 휴대폰 요금 좀 낼려구요. 바로 확인하겠습니다. 저희 입력하신 휴대폰에 명의자분 <NAME> 고객님이시라고 인증해 주셨는데 전화 주신 분 성함이 어떻게 되세요? 네, 누나구요 <NAME>요. 네, 안녕하세요? 한 가지만 더 여쭐 건데 등록되어 있는 주소 확인 가능하실까요? 네, <ADDRESS>. 확인 감사드립니다. 요금 지금 <CHARGE>인데 납부 어떻게 도와드리면 될까요? 카드로 할 거구요. <NAME> 고객님 그럼 카드로 결제해 드릴게요. 카드 준비되셨습니까? 잠시만요. 네, 준비하시고 카드번호 말씀 부탁드립니다. 아 <CARD_NUMBER> 구요. 네. 유효기간 말씀주시겠어요? <DATE>요. 저희 <NAME> 고객님 생년월일 확인 부탁드립니다. <BIRTH_NUMBER> 요. <BIRTH_NUMBER> <NAME> 일시불로 결제해 드리겠습니다. 네, 이거 혹시 현금으로 <CHARGE> 내고 카드를 <CHARGE>만 내는 것도 되나요? 네, 가능합니다. 아 그래요? 그 현금 결제 제외하고 나머지 카드로 결제 할게요. 네, 알겠습니다. <CHARGE>에 현금으로 납부해 주시는 거고 나머지 <DATE> <CHARGE> 결제해 드릴 건데 괜찮으세요? 네. 저희 <NAME> 고객님 사용하시는 U+ 휴대폰 통신요금 <CHARGE>을 <NAME>고객님 명의 신한카드로 일시불 결제해 드릴 건데 동의해 주실까요? 네. 네, 정확하게 결제되었구요. 결제되었다고 확인 문자 발송해 드렸고 <CHARGE> 입금해 주실 수 있는 전용 계좌 휴대폰으로 발송해 드릴 건데 농협은행 괜찮으세요? 네. 알겠습니다. 문자 받아 보셨을까요? 네. 입금해 주시면은 본사로 전화주실 필요 없이 바로 입금 반영 가능하구요. 추가적으로 궁금한 사항 없으실까요? 아니 없어요. 감사합니다. 건강하시고 행복 가득한 하루 되세요. 네, 감사합니다. 감사합니다.",0,A
normal_A_0576,"일상의 즐거운 변화 LGU+ <NAME>입니다. 요금제을 제일 적은 걸로 바꾸려고요. 저희 고객님 바로 살펴보고 도와드릴게요. 네. 우선 문의주신 번호의 <NAME> 고객님과 관계가 어떻게 되실까요? 어 저희 아빠예요. 전화 주신 고객님께서는 혹시 성함이 어떻게 되실까요? <NAME> 고객님이시고 <NAME> 고객님께서 납부하시는 방법이 은행, 카드, 지로 중에 어떻게 되십니까? 아 통장으로 나가는데. 통장으로 정확하게 확인 완료되셨고요. 혹시 생각해 두신 요금제가 따로 있으세요? 네, 데이터가 무제한인데 요금제가 제일 적은 거요. 네, 그러면 초과 요금이 발생 안 되는 요금제 쪽이신데 이거는 최소가 <CHARGE> 요금제이시고요. 일단 완전 무제한은 아니라서 1.5GB까지는 빠르고 그 다음부터는 400Kbps 속도로 제어가 되시는데요. 그게 제일 적은 요금제에요? 위아래로 내려가서 데이터를 다 사용하면 초과 요금이 계속 나오세요. 어 그러면 요금제 안 나오는 <CHARGE> 그걸로 해주세요. 데이터가 모두 끝나면 제어되는 속도가 카카오톡이나 인터넷 들어가는 정도만 조금 가능한 속도라서 조금 불편함이 있으실 텐데 괜찮으실까요? 네, 괜찮아요. 네, 그럼 즉시 변경해 드릴 테니까 저희가 안내사항만 말씀해 드릴게요. 변경하시는 건 추가 요금 걱정 없는 데이터 44 기본요금 <CHARGE>에 데이터는 아까 말씀드렸던 것과 동일하고요. 가상 통화 110분으로 줄어들게 되시면 또 멤버십이 한 단계 하향되시고 요금제 <DATE>로 변경하면 <DATE> 이후에 가능하시고요. 통화는 몇 분이나 할 수 있어요? 일반 통화<MOBILE_NUMBER>에서 통화는 전부 기본 제공되셔서 무제한이나 다름 없으시고요, 뭐 <PHONE_NUMBER> 같은 대표 번호 통화나 영상통화하시 게 110분 제한이세요. 아 네, 알겠습니다. 네, 그럼 요금제 변경해 드릴 거고 변경 시점에 부가 혜택이랑 추가 안내사항 문자 발송해 드릴 거고요. 그리고 요금제를 월 중 변경하게 되면 기본 제공량이 날짜가 계산돼 제공되기 때문에 초과 시 초과 요금이 발생될 수 있는데 요금이 발생되는 건 따로 없지만 고객님 지금 변경하시면 <CHARGE>가 2.5GB만 제공되시거든요. 그래서 제공량이 <DATE>부터 160MB밖에 사용이 안 되세요. <DATE>로 변경해 드릴까요? 네. 알겠습니다. 저희가 그럼 <PHONE_NUMBER>로 해서 예약을 잡아 드릴게요. 따로 또 궁금하거나 필요하신 건 없으세요? 네. 어 고객님 혹시 이거는 안내를 받아 보셨는지 모르겠는데 고객님께서 지금 가입하신 참 쉬운 가족결합으로 해서 잘 이용해 주시고 계신데요. 혹시 이거 말고 또 요금 할인 혜택 같은 거 다 있는지 안내받아 보신 적 따로 없으세요? 많이 있는데 해당이 안 돼 가지고요. 그러셨구나. 혹시라도 나중에 매 분 넘어가거나 요금제가 높거나 하면 투게더 결합상품 꼭 한번 살펴보시고요, 저희 고객님 요즘 날씨가 많이 더우니까 시원한 물 한 잔씩 하시면서 건강하시길 바랄게요. 네. 상담사님도요. 네, 감사합니다 네.",0,A
normal_A_0577,"일상의 즐거운 변화 LGU+ <NAME>입니다. 안녕하세요? 요금제를 <DATE>에 변경했더니 데이터가 너무 느리네. 그러셨군요. 그게 폰 뱅킹하는 것도 안 되고 그러네요. 예, 얼른 확인해 볼 텐데요. 지금 전화 주신 분 <NAME> 명의자분 본인되시나요? 예, 예. 예, 감사합니다. 고객님 <DATE>에 다른 요금제로 바꾸셨더라구요. 이전에 쓰셨던 게 359 요금제신데 이 59랑 위에 39라는 요금제가 있거든요. 이거는 이제 타사는 2.5G 이후에 400이라는 서비스를 하셨다면 49는 3.5G가 먼저 제공되고 1000이라는 속도로 무제한 이용되시거든요. 예. 그럼 요금 차이는 얼마나 나는 거예요? 원래는 <CHARGE> 차이가 나는데 선택 약정 할인 적용되어 있으시다 보니까 실제 금액 차이가, 잠시만요. 네. <CHARGE> 차이 나세요. 아, 그래요? 그럼 그걸로 좀 해줘 보세요. 너무 느려서 안 되겠네. 못 쓰겠네. 그러셨군요. 네, 일단 지금 바로 변경해 드리구요. 그러면 요금이 얼마 나와요? 참고로 한 달 쓰셨을 때 청구 예상 금액 확인해 볼 텐데 잠시만 기다려 주시겠습니까? 네. 네, 고객님 기다려주셔 감사합니다. 자동으로 한 달 쓰시면 <CHARGE> 정도 청구되시더라구요. 아, 네. 그럼 그걸로 변경해 주세요. 그러면은 바로 변경해 드리구요. 유무선 문자 기본 제공되시고 부가 영상 영상 통화 300분에 데이터 3.5G 이후에는 1Mbps 속도로 무제한 이용하실 수 있구요. 월 중 변경이라서 제공량이 요금이 날짜 계산돼서 한 번 청구되세요. 아니면 <DATE>부터 해주세요. 알겠습니다. 그럼 <DATE> 날짜로 예약해 드리구요. 네. 잠시만요, 고객님. 요금제는 한 달 뒤에도 변경하실 수 있는데 <DATE>요금제 이제 변경될 때 요금제 내용이랑 잘 변경되었다고 문자 한 번 더 보내드릴 거구요. 지금 속도가 많이 느려져 있으시잖아요. 예. 잠시만요, 고객님. 혹시 다른 또 사용하실 수 있는 방법 있는지 확인해 볼게요. 네. 아, 네. 기다려주셔서 감사합니다. 고객님 변경 예약은 되셨고 고객님께서 장기 고객님이시다 보니깐 데이터 2배 쿠폰이라고 받으신 게 7장 있으시거든요. 뭐 있어요? 이거를 제가 지금 사용을 해드리면 2.5G가 한 번 더 제공되세요 네, 그런 거 할 줄 몰라 가지고요. 그러셨군요. 제가 사용해 드릴게요, 어차피 무료 쿠폰이라서. 지금 등록해 드릴게요. 잠시만요. 예, 예. 네, 고객님. 오래 기다려주셔 감사합니다. 2배 쿠폰 사용되셨고 속도 제어 이거 해제 요청에서 처리될 건데 한 5분에서 10분 정도 뒤에 고객님 데이터 빠른 속도로 이용하실 수 있겠습니다. 아, 감사합니다. 더 필요하신 거 없으시구요? 네, 네. 네, 고객님. 남은 오후 시간도 힘 내시고 즐거운 주말 보내세요. 네, 감사합니다. 감사합니다.",0,A
normal_A_0578,"상담원 ▲▲▲입니다. 예. 안녕하세요? 그 어제 상담을 받고 어제 문자를 받았거든요. 네, 네. 제가 그 치과 이용내역에 대해서 매출 전표가 매입이 되었다라고 되어 있고요. 네. 그다음에 오늘 연락을 해서 할부 개월 먼저 변경한 후에 부분, 선결제 진행해주면 된다라고 안내를 받았거든요. 네, 네. 그 제가 일단은 먼저 할부 개월 먼저 변경을 하고, 부분 소액결제를 하려고 하는데요. 아 네, 그러십니까? 우선은 ▲▲▲▲ 님 본인 맞으십니까? 네. 네, 그러시면 할부 개월수 변경 말씀이시죠? 잠시만 기다려 주시겠습니까? 네, 네. 네, 손님 기다려 주셔서 감사합니다. 저희 ▲▲월 ▲▲일에 저거부터 ▲▲▲▲ 치과 의원에서 6개월 하신 거 맞으시고요? 네, 네. 맞아요. 몇 개월로 변경 원하십니까? 이게 지금 12개월로 바꿔주시고요. 네, 네. 그다음에 ▲▲▲원 제가 선입금 할 거거든요. 아 네, 그러십니까? 잠시만 기다려 주시겠습니까? 네. 6개월에서 12개월로 변경 맞으시죠? 네, 네. 잠시만 기다려 주시겠습니까? 예. 네, 손님 기다려 주셔서 감사합니다. 네, 네. 네, 저희 ▲▲개월로 변경 완료되셨고, 그다음은 150,000원 선입금 하신다고요? 네, 그 부분 선결제 가능하다고 해서 150,000원 선결제 하려고요. 네, 그러면. 예. 지금 있는 계좌 말고, 혹시 제가 가상 계좌를 통해서 입금 가능하나요? 아니면 그 내가 직접 입력을 해야 되나요? 어, 잠시만 기다려 주시겠습니까? 네. 네, 손님 기다려 주셔서 감사합니다. 가상 계좌 입금가능하십니다. 네, 네. 가상 계좌 그러면 보내주실 수 있으세요? 네, 네. 보내드리면 될까요? 네, ▲▲▲원 결제하고 나머지 금액은 얼마 정도 되나요? 나머지 금액은 ▲▲▲원 결제하시면, 잠시만 기다려 주시겠습니까? 네. 나머지 금액은 40,000원이세요. ▲▲▲▲원이 이제 자동으로 이제 두 달에 나눠서 결제가 되는 거죠? 어, 잠시만 기다려 주시겠습니까? 네. 예. 손님 기다려 주셔서 감사합니다. 150,000원 입금하시면 나머지 금액이 이제 2회차를 넣어 놓으셔서, 할부 금액 납부하시면 되십니다. 아 예, 알겠습니다. 그러면은 가상 계좌 좀 보내주시겠어요? 제가 ▲▲▲원만 넣을려고 하거든요. 네, 잠시만 기다려 주시겠습니까? 네. 네, 손님 잠시만 기다려 주시겠습니까? 네. 가상 계좌 뭐 하나 왔긴 왔거든요? 네, 네. 그 지금 잘못 보낸거라서, 잠시만 기다려 주시겠습니까? 네. 예, 손님 기다려 주셔서 감사합니다. 네, 네. 네. 지금 보내드린 가상 계좌로 수수료 포함하셔서 문자로 보내 드린 금액으로 입금해 주시면 될 것 같습니다. 아 예, 알겠습니다. 그러면은 이 부분 나머지 빼고 ▲▲▲▲ 얼마는 이제 두 달에 나눠서 내면 된다는 말씀이신 거죠? 네, 네. 맞습니다. 네, 알겠습니다. 상담원 ▲▲▲이었습니다. 감사합니다. 네.",0,A
normal_A_0579,"▲▲카드 상담원 ▲▲▲입니다. 저희 ▲▲카드를 이용해 주셔서 감사합니다. 아 네, 그 제가 체크카드를 잃어버려서요. 아이고 그러셨어요? 지금 전화주신 손님은 ▲▲▲님 본인 맞으십니까? 네. 네, ▲▲체크카드 말씀해 주시는 거고요, 그럼 제가 분실 신고 처리하고 재발급 도와드릴까요? 네. 네, 카드를 언제, 어디서 잃어버리신 거세요? 잘 모르겠어요. 이거 지금 보니까 카드가 없더라고요. 네, 손님. 그러시면 분실 일자는 오늘로 하고 장소는 모름, 신고자분은 ▲▲▲ 손님 본인 연락처 ▲▲▲▲▲▲▲▲▲▲▲▲▲ 이렇게 처리할까요? 네. 네, 카드는 일단 안전하게 정지 처리하였고요, 이 카드 가장 마지막에 쓰신 지금 혹시 마지막으로 쓴 게 뭐죠? 예, 지금 그거 말씀주시려고 하는 거고요, 마지막에 쓴 거는 오늘 ▲▲▲에서 ▲▲▲▲원에 쓰셨던 게 제일 마지막으로 보여지세요. 그 전에는요? 그전에는 ▲▲▲병원에서 ▲▲원이요. 아 네, 알겠습니다. 그 뭐 다른 타사 카드는 더 잃어버리시거나 한 건 없으시고요? 없어요. 아 다행이시네요. 그럼 손님 사용 건 맞으시다라는 거고요? 네, 네. 네, 카드 재발급은 자택과 직장 중 어디서 받으시겠습니까? 집으로 해 주세요. 천안시 ▲▲▲▲▲▲▲▲▲ 맞으세요? 네, 네. 체크카드다 보니 발급 수수료 ▲▲원이 부과되지만 카드 받고 다음 달 말까지 ▲원 이상 이용하시면 발급 수수료를 돌려드릴 거고요. 기존에 잃어 버리셨던 카드를 다시 찾으신다 하더라도 재발급하신 건은 취소가 어려울 수 있는데 괜찮으실까요? 네, 그냥 보내주세요. 그리고 확인해 보니까 지금 마이너스 통장 계좌로 확인되어서 에이알에스 안내 멘트 들어주시고 동의 부탁드리겠습니다. 에이알에스 안내 진행하겠습니다. 네. 네, 손님께서는 상기 내용에 대해서 설명을 듣고 이해하셨습니까? 네. 네, 카드는 평일 기준으로 2, 3일 이내 배송돼서 손님이나 다른 가족분이 받아 주실 수 있고 카드 번호가 변경되기 때문에 앞선 카드로 자동 납부 신청하신 것이 있다면 해당 기관을 통해서 변경해 주시고 유효기간은 기존과 동일합니다. 그리고 재발급 관련한 주요 사항을 문자로 보내드릴 테니 이 내용도 꼭 한번 읽어 봐 주세요. 네. 네, 처리 완료였습니다. 네, 고맙습니다. 감사합니다. 편한 하루 되십시오. ▲▲카드 상담원 ▲▲▲였습니다. 예, 예.",0,A
normal_A_0580,"일상의 즐거운 변화 LGU+ <NAME>입니다. 예. 제가 휴대폰을 개통을 했는데요. 네. 휴대폰이 저기 어 무한대 요금제로 한 걸로 알고 있거든요? 네. 근데 그 데이터 사용 정보에서 이상한 게 떴거든요? 아 그러세요? 고객님 많이 놀라셨을 텐데 <NAME> 고객님 본인이신가요? 예. 네, 반갑습니다. 고객님께서 지금 LGU+ <DATE>에 기기를 변경해 주셨는데 아무래도 그게 새로 변경한 기기다 보니까 단말기 자체에서 설정되어 있는 데이터량 때문에 단말기에서 그런 알림이 뜨는 거구요. 네. 휴대폰은 데이터를 많이 쓰더라도 추가 요금이 나오지 않는 요금제기 때문에 걱정하지 마시고 마음껏 데이터를 사용을 하셔도 됩니다, 고객님. 제가 폰을 하나만 사용한 게 아니라 다른 폰을 썼었거든요. 다른 폰에서 쓰시는 거면 휴대폰 번호가 다르다는 말씀이실까요? 아니, 제가 휴대폰이 두 개거든요. 네, 그럼 이 번호 말고 다른 번호 불러주시겠습니까? 네, <MOBILE_NUMBER>에서 썼었거든요. 아 그러세요? 이 번호도 고객님 명의의 휴대폰인가요? 예. 네, 확인 감사합니다. 이 번호도 휴대폰 요금제가 데이터 추가 요금이 전혀 없는 무제한 요금제기 때문에 데이터를 많이 쓰신다고 하더라도 추가 요금 발생하지 않으세요, 고객님. 아, 그래요? 그러면은 그런 메시지가 떠도 그냥 무시하시면 되네요? 네, 그렇죠. 많이 신경 쓰이면은 단말기 제조사에 직접 연락을 하셔서 알림을 끄는 방법을 확인을 하시면은 단말기에서 끌 수 있는 방법을 알려드릴 거세요, 고객님. 아, 그래요? 네. 연락처는 제가 문자로 발송해 드리겠습니다. 아 이거를 지금 수동으로 통화 요금제로 바꿨는데요. 네. 가족중의 한 명이 앱에 들어가서 이 요금제로 바꿨거든요. 아 그러셨어요? 식구 모두 요금제가 똑같이 적용되는지가 궁금하신 거세요? 예. 다 똑같죠. 고객님 요금제가 같은 거면은 데이터 추가 요금 없이 완전 무제한으로 쓰는 거는 똑같습니다. 아, 아무리 많이 써도 추가요금 발생이 안 되는 건 맞죠? 네, 맞습니다. 네, 알겠습니다. 그러면은 어떻게 되는 거예요? 아, 부가 통화 말씀하시는 거세요? 예. <PHONE_NUMBER>같은 대표 전화로 전화하는 거는 한 달에 300분까지만 이용이 가능하십니다. <PHONE_NUMBER>요? 네 <PHONE_NUMBER> <CHARGE>네. 5시간만 이용 가능하시고 그 이후부터는 추가 요금 발생하기 때문에 그 안으로만 안전하게 사용하시면 되세요. 아 하나밖에 없네요? 네. 데이터 저거 무시하고 사용해도 되는 거죠? 네, 맞습니다. 그렇죠. 고객님 걱정하지 마시고 편하게 이용하시면 됩니다. 네, 알겠습니다. 네, 감사합니다. 다른 문의 사항은 없으신가요? 네. 네. 그럼 한 번 더 확인해 주세요. 이거는 어떻게 되는 거예요? 고객님 하나를 없애면은 그 번호가 해지가 되는 거구요. 고객님 그 번호 그걸 해지하더라도 다른 번호하고는 전혀 상관이 없습니다. 네, 다른 휴대폰들은 그러면 그냥 이 요금제 요금 나가는 거예요? 그렇죠, 고객님. 아, 그렇구나. 근거가 있는 거죠? 네, 그렇죠. 아 네, 알겠습니다. 아 뭐 감사합니다. 네, 고객님 건강하세요. 예. 네.",0,A
normal_A_0581,"상담원 ▲▲▲입니다. 무엇을 도와드릴까요? 네, 안녕하세요? 그 카드 결제 취소 관련해서 여쭤보고 싶은 게 있는데요. 네. 네, 제가 그 ▲▲월 ▲▲일 경에 결제를 하고 예를 들어서 오늘 결제취소가 확인이 ▲▲카드 앱으로 됐거든요. 네. 그러면은 이 경우에는, 명세서에는 그 취소된 게 반영이 안 되는 것 같던데 네. 이 취소된 건에 대해서는, 그러면은 그 다음 달에 뭐 그 비용이 그만큼 깎여서 청구가 되거나 그런 건가요? 우리 고객님께서 결제일이에요. 그 제외되는 그 취소된 그 금액만큼, 요 제외된 금액으로 그냥 결제가 되시는 거예요. 하나는 그 만약 등록돼 있는 결제 계좌 은행에서 아 그러면은, 예를 들어서 제가 ▲▲일이 그 카드 대금 빠져나가는 날짜인데 네. ▲▲월, ▲▲월 ▲▲일에서 ▲▲원이 청구가 명세서는 찍혔다가 이번 달에 한 ▲, ▲▲원이 취소가 되면 ▲▲▲▲원이잖아요, 그럼 ▲▲일에 ▲▲▲▲원이 빠져나간다는 말씀이신 거죠? 네, 맞아요. 아 명세서랑은 좀 다르네요. 빠져나가는 게, 그러면? 어 왜냐면은 명세서는, 고객님께서 아까 ▲▲일이 결제일이라고 하셨는데요. 그럼 명세서가 지금 청구서가 작업 되는 날짜가요, 내달 ▲▲▲일이에요. 네, 네. 아 그래요? 아 네. 예, 예 그래서 이미 작업한 뒤에요. 고객님 취소된 거니까 명세서에서는 확인 안 되시는 거고요. 아 네, 알겠습니다. 감사합니다. 그 아 그런데, 그 제가 예를 들어서 ▲▲▲▲원이라는 거를 내역을 확인할 수 있는 방법은 따로 없는 거죠? 네. 고객님께서 입금되는, 그 계좌에서 고객님 그 빠져나가는 그 금액으로 확인을 해주셔야 되세요. 아 그 총액만 되는 거고. 예, 예 네. 아 네, 알겠습니다. 감사합니다. 네, 감사합니다. 상담원 ▲▲▲이었습니다. 네, 감사합니다. 감사합니다.",0,A
normal_A_0582,"상담원 ▲▲▲입니다. 예, 안녕하세요? 제가 그 에스케이, 그거 해서 ▲▲ 카드 발급받았었는데. 네, 네. 그 가입, 그 또 연회비 추가 납입은 안 할려고 하거든요. 아 네. ▲▲▲ 님 본인 맞으십니까? 네, 네. 네, 어떤 부분 연회비 말씀이실까요? 어 저희, 그 원래 이게 ▲▲ 카드 만 원씩 연회비 되게 되어 있었거든요. 근데 월 중으로 연장 하지 않을 거면은 연락하라고 하더라고요, 그래서 전화드렸거든요. 카드 해지 말씀이실까요? 해지를 지금 해야 되는 거예요? 그럼 원래 연회비로 ▲▲월인가 ▲▲월에 회사에서 내주셨던 것 같은데 연회비도 더 내고 싶진 않거든요. 그래서 연회비 납부하는 거는 이제 중단하고 쓸 수 있을 때까지만 ▲▲카드 쓸려고 하는 거거든요. 아 네, 그러십니까? 그 쓸 수 있는 날짜까지만 쓰시고 그 다음부터는 더 연장 안 한다는 말씀이시죠? 네, 네. 네, 손님 그 부분에 대해서는 지금 기준 일자 12월 12일로 되어 있으세요. 그러시고 지금 유효 기간 확인 한번 해 보겠습니다. 잠시만 기다려주시겠습니까? 예. 네, 손님. 유효 연월이 ▲▲▲▲년 ▲▲월까지세요. 그러셔가지고 손님께서 지금 네. 연회비가 지금 결제는 12월 ▲▲▲▲시니까요, 12월 되시기 전에 전화주셔가지고 해지 처리해 주셔야 되세요. 그때 아예 해지를 해야 되는 거예요? 네. 그러면은 12월 초 정도에 전화를 드려서 해지해달라고 하면 되는 건가요? 네, 11월 말경에 전화해주셔가지고 해지 처리해 주시면 되세요. 기준 일자가 12월 12일로 되어 있습니다. 기준 일자가 12월 12일이면 해지할려면 그 전에 전화를 해야 되는 거 아니에요? 결제는 이제 ▲▲월 부터기 때문에, 네. 그럼 12월 초에 전화주셔가지고요. 해지 처리해주시면 되세요. 안 그러시면 연회비 납부처리 되세요. 네, 11월 말인가 12월 초에 전화하면 되겠네요? 네, 네. 아 네, 알겠습니다. 네, 상담원 ▲▲▲이었습니다. 예.",0,A
normal_A_0583,"상담원 ▲▲▲입니다. 네, 수고하십니다. 제가 저기 ▲▲카드 쓰는데 있어가지고 안녕하십니까? 그 약정이라 그러나요? 그 저 ▲▲라고 네. ▲▲요. 네. 요거 2개를 해지를 할려 그래요. 아 그러실까요? 그럼 전화주신 손님▲▲▲님 본인 맞으세요? 네. 영문명이 ▲▲▲▲ 맞으십니까? 네, 맞습니다. 네, 소중한 정보 확인 감사합니다. 부가서비스가 가입이 되어있으셔서 아마 그걸 해지를 요청을 하시는 것 같습니다. 잠시만 기다려주시겠습니까? 네. 네, 기다려주셔서 감사합니다. ▲▲▲▲ 해지부터 안내 도와드리도록 하겠습니다. 해지월 포함 ▲개월 동안은 재가입 불가능하십니다. 네. 네, 그리고 이거는 이미 과금이 되어 있으신 부분이 있으시기 때문에 이번 거까지는 손님께 청구가 그대로 되셨던 부분에 대해서는 납부를 해주셔야 되는 부분이 있는 걸로 확인이 되셔서 우선 해지 처리해드렸기 때문에 추후에는 손님께 청구가 되지 않으신 걸로 확인이 되십니다. 네. 그리고 이제 이해했어요. ▲▲라고 이야기를 해 주셨기 때문에 이것도 확인을 도와드려야 할 것 같은데요, 네. 이거 같은 경우에는 이제 손님의 신용 정보를 시켜드리는 약관 부가서비스 개념으로 확인이 되시는데 이거를 해지하시게 되면은 손님께 이제 에스엠에스 이용 요금도 같이 서비스가 포함이 되어 있는 서비스라서 혹시 이것도 같이 해지 처리를 같이 해드릴까요? 아 그래요? 그럼 이거는 그냥 두세요. 아 네, 그럼 이거는 그대로 유지해 놓는 걸로 진행해드리겠습니다. 네, 알겠습니다. 네, ▲▲▲▲는 해지 처리되셨습니다. 네, 감사합니다. 네, 상담원 ▲▲▲이었습니다. 네.",0,A
normal_A_0584,"일상의 즐거운 변화 LGU+ <NAME>입니다. 예, 문의 좀 드릴게요. 네, 고객님 안녕하세요? 네, 안녕하세요? 네. 그 지금 한 달에 한 번 영화 예매하는 혜택이 잇었는데요. 아 네, 멤버십이요. 고객님? 근데 그게 없어졌더라고 그거 왜 없어졌는지 혹시 알 수 있어요? 한 번 확인해 드릴게요. 고객님 전화 받으신 분<NAME> 고객님 본인되십니까? 네, 그렇습니다. 네, 확인 감사합니다. 어 고객님 확인해 보니깐 지금 멤버십등급이 다이아몬드등급이시더라구요. 아 그러면은 그 등급이 하락되었다는 거예요? 네, 그 전에는 고객님께서 이제 사용하실 때 조금 고가의 요금제 사용 중이셨었는데 지금 이용하시는 게 제일 낮은 요금제를 이용중이세요. 네, 지금 그 사용 금액이 내려가진 않았는데 오히려 더 많이 쓰는 거 같은데요. 네, 그 고객님께서 그 예전에 고객님 그 기기변경 <DATE>에 하셨었잖아요? 아 그랬나요? 네, <DATE>에 기변하시면서 무제한요금제 쓰셨었거든요. 네 네. 그래서 그때는 <CHARGE>짜리 월정액 쓰셨었는데 지금은 제일 낮은 <CHARGE>짜리 요금제를 쓰고 계세요. 네. 그리고 이제 실질적으로 통신 비용은 조금 더 줄어드셨고, 핸드폰 요금이 많이 나오신 건 그 소액결제금액이 이전에 비해 좀 많이 사용하시더라구요. <CHARGE>짜리요. 예, 그래서 그러신 거고 이제 실질적으로는 통신요금 절감되셨고 이제 그거에 따라서 멤버십등급이 부여되다 보니까 기준 VIP에서 다이아몬드등급으로 변경이 되셨어요. 네, 아 그러면은 지금 통신비가 그 요금제를 바꾸면서 통신비가 많이 줄어드나요? 네, 그쵸 고객님 <CHARGE>짜리에서 <CHARGE>짜리면 지금 <CHARGE>이 절감이 되셨어요. 어어 그러면은 그 제가 이제는 다른 걸로 한 번 여쭤볼려고 하는데요. 네. 아 이게 그 요금제 변경되므로 인해서 대표적인 변화가 어떤 게 있나요? 뭐 혜택이나 제가 예를 들어서 로밍이라던가 뭐 데이터 주고받고 이럴 때 그것도 관계가 있는 건가요? 그거랑은 전혀 관계는 없구요. 다른 뭐 일반 전화나 문자, 부가 영상전화나 다 변동 없으시고 데이터 부분이랑 말씀드렸던 멤버십혜택 있으시잖아요? 네. 예, 요렇게 크게는 두 가지 이제 변화가 있으시고, 또 하나는 이제 그 할인금액이 고객님께서 가족 구성원분들끼리 결합이 되어 있으세요. 네. 예, 그래서 장기고객할인혜택 말고도 각자가 이용하는 요금제에 따라서 할인혜택 받으셨던 게 있는데 예전에는 <CHARGE> 할인혜택 받으셨는데 지금 이용하시는 요금제가 조금 낮아서 <CHARGE> 만큼 줄어드시긴 했거든요. 네. 할인금액보다 월정액 금액이 훨씬 더 저렴하셨기 때문에 발생된 요금은 절감이 되신 거예요. 아 예, 고거는 데이터라는 거는 뭐 어떤거죠? 이전에는 고객님께서 무제한요금제 쓰셨어요, 요거는 한 달에 6GB까지는 빠르시고 그 다음부터 더 사용하시면 추가 금액은 발생되진 않지만 약간 속도 제어가 들어가는 요금제에요. 그게 어떤 실질적으로 저희 일반 사람들에게 당장 것도 변화나 이런 게 느껴지나요? 아니면... 근데 고객님 워낙 데이터 사용량이 많지 않으셔가지고 사실상 크게 달라지시지는 않으세요. 데이터는 뭔가 속도가 느리다거나 이렇진 않구 데이터라는 거를 주로 많이 사용하는 게 뭐죠? 영상 보시는 게 제일 많이 소진이 되시구요. 인터넷 검색하시거나 카카오톡 사용하시는 것도 모두 데이터로 소진이 되시는 거예요. 아 저도 그 유투브 영상 많이 보는데 그거 데이터랑 관계 없나요? 영상 보시는 거 다 어플 사용하시는 거 자체가 다 데이터에요. 제가 그럼 그 요금 무제한해도 이 데이터로 뭐 사용하는 거를 지금 댁에 경우는 별로 저기 불편함이 없다는 거죠? 네, 맞으세요. 예, 잘 알겠습니다. 네, 고객님 건강 유의하세요. 네.",0,A
normal_A_0585,"상담원 ▲▲▲입니다. 아 네. 안녕하세요? 저 뭐 여쭤볼 게 있어가지고 전화드렸거든요. 그러신가요? 네. 예. 제가 월요일, 오늘이 결제일인데. 네. 항상 그 결제 그 자동출금을 걸어 놓기는 했지만 자동출금 전액이 제가 웬만하면 선결제를 해요. 네. 그런데 요금 같은 경우에는 제가 ▲▲카드, ▲▲카드하고 ▲▲카드하고 2개 이용하고 있는데. 네. 그 ▲▲카드만 따로 제가 결제를 했거든요. 네. 그런데 저번 달인가 저저번 달 같은 경우에는 제가 ▲▲카드, ▲▲카드 다 이렇게 카드 있는 거 모두 확인해서 선결제를 했단 말이에요, 저번 달에도 항상. 그런데 저 이 ▲▲카드 같은 경우에는 네. 그 ▲▲카드 포인트에서 제가 따로 또 이렇게 결제를 했거든요? 네. 결제를 하고 여기서 ▲▲카드 것까지 선결제를 했는데 그러면 선결제 한 부분에 대해서 ▲▲카드를 그 ▲▲카드 사용 내역 그 선결제한 부분에 대해서 뭐 다시 입금이 되던가요? 아 네. 아니면은 뭐. 포인트가 사용이 안 됐다든가, 이래야 되는데 그런 적이 없는 것 같아서요. 예. 그러신가요? 복지 포인트로 차감 요청하시면 결제일에 맞춰서 결제대금에서 해당 금액만큼 차감되는 프로세스로 진행되고 있어요. 네, 네. 그래서 만약에 복지 포인트로 차감 요청하시고 나서 이번 달 대금 전액 다 선결제하신 경우라면 그 복지 포인트 차감 예정이었던 금액은 결제일에 계좌로 다시 환급되는 걸로 진행되고요. 만약에 그 복지 포인트 사용내역이 아니더라도 청구 예정 금액이 남아 있었다면 그 청구 예정 금액으로 차감되는 걸로 진행이 되는데 그게 결제일 당일에 처리되십니다. 저 지금 차감 예정 건 있는지를 한번 확인해보고 좀 안내를 드려볼 텐데요, ▲▲▲ 님 본인 맞으신 거죠? 예, 맞아요. 예, 지금 차감 예정 금액이 ▲▲▲▲▲▲▲원 확인돼요. 또 청구 예정 금액은 ▲▲▲▲▲원 남아 있는 거다 보니까 청구된 금액 중에서 복지 포인트 차감 금액을 차감하고 나머지 ▲▲▲▲▲▲▲원에 결제일에 자동 환급 예정이에요. 예. 아 결제일이에요? 그러면 오늘이 결제일이니까 오늘 환급 예정인 건가요? 네. 그것도 말씀 드리려고 했는데 결제일이 매월 ▲▲일자 맞습니다. 월요일에 처리가 될 예정이고요. 네. 아 예. 아 그래요? 그럼 저 뭐 제가 뭐 복지 포인트로 이중결제가 되거나 뭐 이런 부분은 전혀 없다는 거죠? 예. 예, 그런 건 없습니다. 만약에 결제 대금 없애면 환급되는 거고 결제 예정 금액 있으면 남았는 결제 대금으로 차감되는 거예요. 예. 뭐가 이렇게 많이 결제가 된 것 같죠? 일단 알겠습니다. 감사합니다. 네, 네. 상담원 ▲▲▲이었습니다. 네, 예.",0,A
normal_A_0586,"상담원 ▲▲▲입니다. ▲▲▲ 님 본인 맞으세요? 예. 안녕하세요? 한도 상향 문의해 주신다고 전달 받았습니다. 한도 올려서 계속 사용할 수 있도록 신청하시는거 맞으세요? 예. 네, 얼마까지 올릴 수 있다 이렇게 확인되는 금액은 없다 보니 희망 금액을 손님께 먼저 여쭙고요. 그 희망 금액 안에서 심사해서 가능한 금액으로 증액을 하려고 합니다. 현재 ▲▲원 한도이신데요, 얼마로 증액 원하세요? ▲▲▲원이요. ▲▲▲원으로요. 예. 네, 한도 이렇게 올리고자 하시는 특별한 사유가 있으실까요? 아, 이게 제가 그 신용점수 같은 게 한도가 좀 낮은 상태로 돈을 많이 쓰면서 신용 점수가 좀 달라지는 그런 게 있어가지고요. 아, 그러세요. 그리고 전에 신용카드 좀 하나 해지를 좀 하려고 하고 있고요. 네, 네. 일단 한도 좀 여유 있도록 해서 신용 사용하신다고 하셨고요. 총 한도는 단기 카드 대출 한도도 함께 증액이 되는데 같이 증액 할까요? 아니면 그냥 기존 ▲▲ 그대로 둘까요? 어, 일단은 기존 그대로요. 알겠습니다. 가능한 금액으로 최대한 증액 되도록 일부 상향 동의해서 ▲▲으로 접수를 할 거고요. 심사 위한 신용정보조회에 동의는 필요합니다, 동의하십니까? 신용 어떤 거요? 손님의 신용 정보 조회가 필요합니다, 필수 사항이고요. 아, 예. 네, 동의해 주셨고요. 소득 확인도 가능하신가요? 예. 소득서류를 따로 보내주셔야 되는 건 아니고요. 공공 마이데이터 서비스 이용 동의하시면 저희가 직접 손님의 건강 보험료 납부나 소득 신고하신 거 확인하고 심사가 진행될 수 있습니다. 동의하십니까? 예. 네, 신속한 예비 심사 및 분쟁 해결 민원처리 등을 위해 개인 정보를 행정안전부 한국신용정보원 당사에 제공하는 것에 동의해주셨습니다. ▲▲은행은 이용하십니까? 예, ▲▲은행이요? 어, ▲▲은행 잘 모르겠고요. 아, ▲▲은행은 따로 거래 안 하시는 거예요. 알겠습니다. 접수 등록은 제가 지금 바로 했고요. 심사를 해서 결과에 대한 것은 문자로 드리도록 할 건데요, 빠르면 오늘 중으로 결과가 나오고요 혹시 늦어진다고 해도 내일까지 손님 핸드폰 문자로 알려드려요. 네. 그래서 문자 내용 확인하시고 그때부터 이용하시면 되세요. 아, 예. 혹시 그 한도 올려서 그 신용 점수에 영향 안 받죠? 예, 그렇습니다. 상담원 ▲▲▲이었습니다. 아, 예. 알겠습니다.",0,A
normal_A_0587,"상담원 ▲▲▲입니다. 안녕하세요? 예, 수고하십니다. 뭐 좀 여쭤볼게요. 네, 어떤 내용을 확인해 볼까요? 예, 아니 내가 통신에 이 전화기를 바꾸면서 이제 통신사하고 했는데 통신요금이 틀려서 제가 통신요금 납부한 것 좀 확인하려고 그러는데요. 아 그러십니까? 확인해 보겠습니다. 생년월일 여섯 자리와 핸드폰 번호를 알려주시겠습니까? ▲▲▲▲▲▲ 네. 예, ▲▲▲▲▲▲▲▲▲. 전화 주신 손님의 본인 성함 확인을 부탁드립니다. ▲▲▲ 카드 사용하시면 출금되는 은행 이름이 어느 은행이세요? 포도요. 확인 감사합니다. 손님 확인해 볼 텐데요. 통신요금 어떤 부분이 다르다라는 말씀이세요? 언제까지는 얼마를 내고 월말은 전화한다고 그랬는데 그 돈이 또 많이 나와서 어떻게 됐나 ▲▲시까지만 하려고 하니까 예, 통신요금이 많이 나온다라고 하시면 그거는 통신사 쪽으로 문의해 주셔야 돼요. 아니요, 오늘 결제한 금액이 거기서 얘기한 거 하고 달라서 결제 금액을 그 저기 ▲▲카드에서 결제하는 금액을 하려고 하는 건데 ▲▲일 날에 납부하시는 청구서를 보시는 건가요? 아니, 돈 나간 적이 저 돈 나간 때니까 그 폰이 이제 카드사에서 청구하잖아요? 네. 그 청구할 때 금액을 했죠. ▲▲일 날 예정 금액은 수수료 포함하여 ▲▲▲▲▲▲▲▲원인데 혹시 어떤 내용을 확인하시는 겁니까? ▲▲▲ 청구서 안에 ▲▲월달 통신요금은 ▲▲▲▲▲원 승인되었고요, ▲▲▲▲원 할인돼서 ▲▲▲▲원으로 납부하실 예정이세요. 이거를 ▲▲월 ▲▲일 날 해 주는 거죠? 네. ▲▲월달은요? ▲▲월달 확인하고 말씀드릴게요. 잠시만 기다려 주시겠습니까? 예. 예, ▲▲이요, ▲▲월달도 ▲▲원 지금 있나요? 네, 손님 기다려 주셔서 감사합니다. ▲▲월달에는 ▲▲▲▲▲▲원 승인되었고 ▲▲▲▲원 할인 받으셔서 ▲▲▲▲▲▲▲원으로 청구되었고요. 예, ▲▲월달에요? 네. ▲▲월달에 ▲▲월달 확인해 보겠습니다. ▲▲월달에는 ▲▲카드로 통신요금이 따로 결제된 내역은 없는데요. 그 단말기 할부금 이용하신 내역은 있는데 엘지 유플러스 통신요금은 11월에는 따로 승인이 안 되었습니다. 네, 아 그럼 ▲▲원만 저기 있어요? ▲▲월달 말씀하시는 건가요? 아 이전 달에 ▲▲월달은 통신요금으로 유플러스 승인된 내역이 없습니다. ▲▲월달에는요? 네. 예, 알겠습니다. 감사합니다. ▲▲카드 상담원 ▲▲▲였습니다. 예, 수고하세요. 감사합니다. 즐거운 하루 되세요. 예.",0,A
normal_A_0588,"일상의 즐거운 변화 LGU+ <NAME>입니다. 네. 네, 안녕하세요? 제가 지금 핸드폰 요금제 좀 바꿀려구요. 네, 전화 잘 주셨습니다. 전화 주신 고객님<NAME>님 본인 되십니까? 예. 네, 요금제는 혹시 어떤 걸로 변경을 원하시는 걸까요? 제일 저렴한 걸로 바꿀려구요. 그럼 일단 변경 가능한지 여부 먼저 한번 확인해볼 거구요. 잠깐만요. 네. 변경은 가능하시더라구요. 지금 현재 고객님께서 5G로 사용하고 계시는데 이 5G요금제에서도 이제 무제한요금제로 지금 설정이 되어 있었더라구요. 네. 그래서 지금 변경하게 되면은 가장 낮은 걸로 지금 현재 시니어시기 때문에 시니어요금제로 등록 가능해서 <CHARGE> 월정액 설정 가능하구요. 네. 어차피 고객님께서 결합할인이나 복지할인 받고 있는 게 있으시기 때문에 제가 한 달에 나오는 금액을 조금 확인하고 먼저 말씀드릴게요. 잠시만요. 네. 네, 기다려 주셔서 감사합니다. 지금 현재 단말기할부금이 있다면 제외하구요. <CHARGE>짜리 사용하게 되면 한 달에 <CHARGE> 나오더라구요. 아 그럴 거예요. 그럼 이 금액 다시 한번 포함해볼게요. 요거까지 하게 되면 한 달에 <CHARGE> 요렇게 청구됩니다. <CHARGE>이죠? 네, 맞아요. 네. 그걸로 지금 위약금은 안 나오는 요금제 맞죠? 요금제 변경하는 거에 대해서는 위약금 나오지 않는 상태 맞더라구요. 6개월 있다가 변경하라던 요금제거든요. 네. 그럼 그렇게 바꿔주세요. 네. 그러면은 요거 라이트 시니어요금제 변경해드릴 텐데 요게 월정액은 <CHARGE>이다라고 문자는 갈 꺼구요. 통화는 기존과 똑같고, 대신에 데이터가 한 달에 8GB, 그 이후에는 1Mbps 속도로 느려지면서 무제한이구요. 요금제 월 중 변경이라 일할 계산되실 거고 재변경 한 달 이후에 또 가능하시구요. 추가 혜택이나 안내사항도 문자 발송해 드릴 테니까요. 참고해주시면 되구요. 금액적인 부분에서는 기존보다 그래도 많이 저렴해집니다. <CHARGE>요렇게만 나올 거구요. 지금 기존에 꺼 멤버십이 장기 VVIP등급이셨는데 요거는 제외되는 부분만 참고해 주시고, 등급은 내려가실 겁니다. 그런데 어차피 사용을 많이 안 하셨더라구요. 나중에 이제 고객님 할인 받으실 수 있는 거 있으시면 그때 사용해주시면 됩니다. 네, 알겠습니다. 네, 변경 완료되셨구요. 항상 좋은 일들만 가득하세요. 예. 네.",0,A
normal_A_0589,"상담원 ▲▲▲입니다. 네, 안녕하세요? 어 그 지난달 말에 8월 말에 나무원카드를 만들었는데 이 결제일에 대해서 어 문의를 드려요. 네, 손님 저희가 그럼 이제 본인 확인 위해서 ▲▲▲ 손님 맞으십니까? 네, 네. 네, 소중한 정보 확인 정말 감사합니다. 결제일 또 어떤 문제점 있으실까요? 손님. 아 네, 제가 나무원카드를 만들 때 결제일을 말일로 정했거든요. 그래서 아마 30일이나 31일로 했을 것 같은데 어 제가 오늘 그 어플을 봤더니 27일로 되어 있더라고요? 9월 27일. 어 예, 맞습니다. 어 근데 그게 제가 분명히 30일 이후로 지정을 한 것 같은데 이게 다시 바꿀 수는 없나요? 결제일은 바꾸실 수는 있는데 저희가 이제 나무원카드 같은 경우는 제일 말일로 하실 수 있는 게 결제일이 29일이거나 아니면은 어 그다음 그다음 이제 말일이 없고 1일입니다, 손님. 아 그러면은 어 9월 29일에 결제를 하도록 할 수가 있나요, 혹시? 아니요, 손님 그 만약에 29일로 하시게 되면 이제 9월 달은 결제일을 건너뛰고 이제 10월 29일에 결제가 되게 되어 있습니다. 아 네. 아 그러면은 어 9월 28일로 조정 가능할까요, 그러면? 어 9월 28일은 어려우시고요. 이미 대금이 확정되기 때문에 어 저희가 이제 28일로 하시게 되면 이제 다음 달부터 10월 28일에 결제가 되십니다. 아 네. 그럼 이번 달에는 27일에 결제가 되는 거군요. 예. 네, 알겠습니다. 그러면은 어 이번 달에는 27일에 나가더라도 어 다음 달 10월 달부터는 28일로 나가게 가능할까요? 예, 가능하시고 저희가 이제 그럼 결제일은 한 번 변경하시게 되면 이제 60일간은 결제일 재변경이 좀 어려우실 수 있는데 그 점은 괜찮으십니까? 네. 네, 그러면 저희가 ▲▲월 ▲▲일 ▲▲월 ▲▲ 이셔서 ▲▲월 ▲▲▲▲월 ▲▲일 그리고 이제 결제일 변경해도 기존 이용 금액이 병 결제일 변경 후 결제일에 청구 되지 않을 수 있으며 혹시라도 단기 카드 대출이나 자동 이체의 경우에는 이용 기간에 따라 두 달 청구될 수 있는데 그 점은 괜찮으십니까? 네, 네. 네, 알겠습니다. 결제일은 저희가 28일로 지금 바로 변경 처리해놓을 거고 어 길 결제일 변경에 따른 신용 공여 기간 아셔서 신용 카드 사용 기간은 제가 손님의 문자로 발송 처리 바로 해놓도록 하겠습니다. 네, 어 그런데 27일에는 그 보통 몇 시 정도에 오전에 나가나요? 아니면 오후에 결제되나요? 어 저희가 일단은 은행 전산 반영시간이 다르다보니까 저희가 딱 몇 시에 출금이 된다라고는 말씀드리기가 어렵습니다. 아 네 네, 알겠습니다. 네, 상담사 ▲▲▲이었습니다. 네, 네 감사합니다. 예, 제가 더 감사합니다.",0,A
normal_A_0590,"일상의 즐거운 변화 LGU+ <NAME>입니다. 아 요금 자동이체로 빠져나가지고요. 아 네, <MOBILE_NUMBER>번 말씀 주신 걸까요? 예, <CHARGE>이 빠져나갔는데요. 명의자분 성함과 생년월일 확인 부탁드리겠습니다. <NAME>, <BIRTH_NUMBER>요. 네, 지금 전화 주신 분 성함이 어떻게 되십니까? 네, <NAME>요. 네, 확인을 위해서 등록되어 있으신 납부 방법이 은행, 카드, 지로 중에 어떤 걸로 되어 있으실까요? 하나은행 자동이체요. 아 네, 확인 감사드립니다. 해당 내용 지금 제가 한번 확인 도와드릴 텐데요. 잠시만 기다리시겠습니까? 예. 네, 고객님 지금 일단 등록되어 있으신 방법이 하나은행으로 등록이 되어 있는데 지금 요금 미납으로 인해서 <DATE>부터 계속 미납이시거든요. 그래가지고 지금 총 납부해 주셔야 될 요금이 <CHARGE>인데 이게 납부 처리된 것으로 확인되십니다. 예, 그 해지는 했죠? 네네. 해지를 했는데 이게 미납이 돼가지고 요금이 나왔단 말이죠? 아 이게 이게 왜 이렇게 청구가 되시냐면은 아직 남아 있으신 할부금이 있으세요. 그래서 이게 지금 <DATE>에 <CHARGE>씩 계속 청구가 되시고 있으시거든요. 그러셔가지고 지금 연체돼 있는 금액만큼 <DATE> 요금까지 같이 청구가 된 것으로 확인되십니다. 아 <CHARGE>죠? 실제 남아 있는 할부금은 <CHARGE>으로 확인되십니다. 음 그러면 이거 자동이체는 안 들어가 있는데 미납이 돼서 자동이체되는 거죠? 아니요. 고객님 원래 등록도 지금 <NAME> 고객님의 하나은행 계좌로 등록이 되어진 상태라서 청구가 된 거거든요. 네, 알겠습니다. 아 네, 알겠습니다. 고객님 이거 외에 다른 뭐 필요하신 사항은 없으신 걸까요? 예, 됐습니다. 알겠습니다. 고객님 건강 조심하시고요. 편안한 하루 보내시기 바라겠습니다. 네. 네.",0,A
normal_A_0591,"안녕하세요, 사마베 허니문 패키지에 대해 문의하고 싶어요. ▲▲월 ▲▲일부터 ▲▲일까지 3박 예약하고, 올인클루시브 2박 추가 가능할까요? 레이트 체크아웃도 가능한지 확인 부탁드려요. 안녕하세요, ▲▲▲님! 사마베 풀빌라 3박팩은 1,495달러이고, 올인클루시브 2인 2박은 540달러입니다. 총 2,035달러로 예약 가능해요. 레이트 체크아웃은 객실 상황에 따라 오후 3시까지 요청할 수 있습니다. 예약 진행 원하시면 가족분들의 영문 및 한글 이름, 생년월일, 대표자 이메일 주소와 연락처를 이메일로 보내주세요. 네. 공항 픽업 서비스에 대해 안내해주실 수 있나요? 공항 픽업은 무료로 제공되며, 우붓 지역은 유료입니다. 이용하시는 항공편명도 함께 적어주시면 됩니다. 대한항공 이용 시 한국 출발일도 기재해 주세요. 픽업 서비스를 선택하지 않으면 어떻게 이동할 수 있나요? 픽업 서비스를 이용하지 않으실 경우, 남부 지역 호텔 간 이동이나 마지막 날 공항 샌딩으로 변경해 드릴 수 있어요. 같은 항공, 같은 지역 호텔의 다른 손님과 조인될 수 있다는 점 참고해 주세요. 예약 후에 추가 정보는 어떻게 받을 수 있나요? 예약이 완료되면, 여행에 꼭 필요한 발리 한국어 지도와 맛집 정보 등을 보내드려요. 추가 정보가 필요하시면 언제든지 문의해 주세요. 감사합니다! 그럼 예약 진행할게요. 네, 감사합니다! 예약 진행 후 필요한 정보 보내주시면 빠르게 처리해 드릴게요. 좋은 하루 되세요!",0,A
normal_A_0592,"상담원 ▲▲▲입니다. 여보세요? 네, 손님. 안녕하세요? 그 카드를 분실한 것 같아요. 이거 12일 날 12월 12일 날 썼는데 지금 찾아보니까? 카드가 없네. 그러세요? 생년월일하고 휴대폰 번호가 어떻게 되세요? ▲▲년 ▲▲▲▲▲▲ ▲▲▲▲▲▲▲예요. ▲▲▲▲ 핸드폰 번호가 몇 번이세요? ▲▲▲▲에 ▲▲▲▲예요. 전화주신 손님 본인 성함 좀 말씀해 주세요. ▲▲▲ 카드 결제 은행 출금하는 은행은 어느 은행인가요? 손님. ▲▲은행이요. 확인해주셔서 감사합니다. 카드 분실한 장소나 날짜 알고 있으실까요, 손님? ▲▲▲에서 썼는데 마지막. 12일 날이요. 12월 12일. 그러면 12월 12일자로 분실 신고해 드릴까요, 손님? 네. 그 장소는 그럼, 마지막 이용 건 이후에 분실하신 걸로 메모 남길까요? 그 거기 제가 쓰고 지금 잃어버린 거거든요. 그 마지막 사용 건 이후에 분실하셨다는 거죠, 손님? 거기 마지막 사용 하고 없는 거예요. 마지막 사용 건 이후라고 분실 장소 기재해드렸고요. 연락 가능한 전화번호는 ▲▲▲▲▲▲▲▲▲▲▲번 남겨드리면 되죠, 손님? 네. 카드는 사용 안 되도록 안전한 분실 정지 진행해드렸고요. ▲▲카드 말고 타사 카드 분실된 카드는 없으신 거죠? 네, 네. 네, 지금 제이크 마트라고 해서 마지막 ▲▲▲▲▲▲▲원 이용된 건 외에는 없고요. 손님 카드는 ▲▲▲▲▲▲▲▲▲▲ 자택으로 보내 드릴까요? 맞아요. 맞아요. 네. ▲▲▲▲▲▲▲▲▲▲▲▲▲▲▲▲▲로 보내드릴까요? 네, 거기로 보내주세요. 그냥 네. 네. 네. 카드 재발급받으시면 분실 카드 찾으셔도 재발급 취소 어려울 수 있는데 괜찮으시죠? 네. 카드 평일 기준 ▲▲일 이내 배송이 되고, 카드 번호 변경이 되며 자동 이체 연결 건이 있는 경우 보유 중인 카드 중 한 가지로 청구될 수 있으므로 해당 기관으로 확인하시고, 자동 이체 원치 않으시면 해지해 주시고요. 재발급 카드는 본인이 직접 수령 어려우시면 직장 동료분 가족분 대신 받을 수 있는 카드이고요. 카드 재발급 관련된 유의 사항 문자 남겨드리니 내용 확인해 주시고요. 분실 신고 재발급 정상 처리했습니다. 네, 네. 네. 수고하세요. 네, 좋은 하루 되세요. 상담원 ▲▲▲이었습니다.",0,A
normal_A_0593,"일상의 즐거운 변화 LGU+ <NAME>입니다. 안녕하세요? 아 제가 어제 요금제를 변경했는데요. 네. 요금제 제가 확인해 보겠습니다. 입력해 주신 번호 <NAME> 고객님 본인되십니까? 네. 네. 반갑습니다. 아 네. 지금 보니까, 슬림+라고 하는 요금제로 변경이 되어 있으시더라구요. 요금제는 한 번 변경하시면 <DATE> 사용하시고 그 다음에 바꿀 수 있으세요. 아 그러면은 제가 <DATE>까지 사용인데요. 지금 <DATE>에 변경하신 거라 <DATE>부터 변경이 가능합니다. 아 그래요? 예전에는 안 그렇지 않았나요? 네. 요금제는 <DATE>에 한 번 바꿀 수 있으세요. 아 그래요? 이게 그러면 번호는 어떻게 그냥 쓸 수 있는 요금제가 실시간 요금 어느 정도에요? 네. 보니까, 고객님 평균 사용량이 54GB 정도 되시더라구요. 이 정도 사용량이시면 <CHARGE>짜리 요금제가 150GB짜리라서 그 정도 사용을 하셔야지 불편함 없이 쓸 수 있으세요. 아 그래요? 그럼 그 밑에 <CHARGE>짜리 돼 있는 거예요? 네. <CHARGE>대가 없구요. <CHARGE> 바로 아래가 <CHARGE>짜리인데요. 11GB가 제공되고 속도제한이 걸립니다. 아 그래요? 네. 네. 알겠습니다. <DATE>까지 그냥 써야 되겠네요. 되도록이면은 와이파이가 있는 곳에서는 와이파이 연결해서 쓰시는 게 좋으세요. 네. 근데 제가 만약에 이거를 T맵을 쓴다거나 그랬을 때도 이게 버퍼링이 걸리나요? 조금 걸릴 수 있으세요. 이렇게까지 버퍼링이 심해서 몰랐네. 알겠습니다. 혹시 U+ 쓰시는 분 없으세요? 네? 가족 중에요. 없어요. KT예요. 아 다 타사 통신사를 쓰시는 중이세요? 네. 음 제가 그 결합하는 유형 중에 결합이 핸드폰이 한 대 묶일 때마다 두 대부터 한 대당 1000MB씩 가족 데이터 드리는 게 있거든요. 어 그래요? 네. 그래서 혹시라도 U+ 쓰시는 가족분이시면 같이 묶어서 가족 데이터를 받으시면 돼서 여쭤봤던 건데, 나중에라도 혹시 생기시면 결합해서 데이터를 좀 더 받아 주시는 게 좋으실 거 같으세요. 아 예. 알겠어요. 네. 혹시 다른 확인할 건 더 없으신가요? 네. 네. 알겠습니다. 고객님 무더운 날씨 건강도 꼭 챙기시길 바라겠습니다. 네. 네. 네. 감사합니다. 네. 네.",0,A
normal_A_0594,"상담원 ▲▲▲입니다. 예, 수고하십니다. 네, 감사합니다. 카드 결제 때문에 전화드렸거든요. 아, 그러세요. 네. 우선 전화 주신 손님 ▲▲▲ 님 본인 맞으십니까? 예. 네, ▲▲▲ 님 ▲▲카드를 이용해주셔서 진심으로 감사드립니다. 제가 아까 말씀을 잘 못 들었는데 카드결제 어떤 게 나오셨다는 말씀이신 걸까요? ▲▲일까지. 네. 뭐 ▲▲일부터 정지가 된다고 그래 문자가 왔어요. 예, 결제일 좀 바꿀라고요, 결제일. 우선은 카드 결제 날짜는 현재 ▲▲일로 되어 있고요. 결제 날짜 변경 가능은 하시지만 미납금액을 납부 안 해주시면 정지는 될 수가 있습니다. 혹시 날짜는 며칠로 변경을 원하시는 부분이세요? 네. 한 ▲▲일쯤으로요. 결제 날짜 ▲▲일로 변경해 달라는 말씀이세요? 결제일 변경 후 60일 이내 재변경이 불가할 수 있는데 괜찮으세요? 예. ▲▲일로 변경하시면 ▲▲월 ▲▲일 손님 결제를 해 주시면 되고요. ▲▲월 잠시만 기다려 주세요, 손님. 결제일을 변경해도 기존에 이용하신 금액은 변경 후 결제일에 청구되지 않을 수 있고 단기 카드 대출이나 자동이체의 경우 이용 기간에 따라 2개월분이 청구될 수 있는데 괜찮으세요? 예. 네, 잠시만 기다려 주시겠습니까? 변경 도와드리겠습니다. 네, 결제 날짜 변경해드렸고 변경하신 결제일에 해당하는 이용 기간 휴대폰 문자 메시지로 보내 드렸으니 내용 한번 읽어 봐 주시기 바랍니다. 네. 네. 됐나요? 네, 네. 처리 완료됐 변경 처리 완료되었습니다. 예, 됐습니다. 예 수고하세요. 네, 네. 감사합니다. 상담원 ▲▲▲이었습니다.",0,A
normal_A_0595,"상담원 ▲▲▲입니다. 예, 여보세요? 네, 안녕하세요? 네, 제가 지금 이달 카드 결제 금액이 얼마일까요? 확인해 드리겠습니다. ▲▲▲ 님 본인 맞으시고요? 네, 네. 확인 감사합니다. 결제일 기준으로 당월 결제 금액은 ▲▲▲▲▲▲▲▲▲▲▲원이세요. 이번에 결제를 하면 한도는 언제 살아요? 결제하시면 원금만큼 한도가 복원되세요. 저기 장기 대출 돼요? 장기 카드 대출은 한도가 복원되시는 금액이 아니세요. 아 그거는 ▲▲일이 돼야 해요? 아 지금, 선결제는 가능하시고요. 하지만 결제를 하신다고 해도 대출이기 때문에 한도가 복원되시는 금액이 아니세요. 없어요? 네. 결제 금액을 결제하면 서비스는 안 된다고요? 카드론 말씀하시는 거 아니세요? 아니요, 단기 대출이요. 네, 손님 오늘 결제를 하셔도 복원이 안 되세요. 아 서비스 복원이 안 돼요? 네, ▲▲일 지나셔야 되세요. 아 그래요? 네, 알겠습니다. 그러면, 지금 이거 결제 좀 해 주세요. 예. 오늘 기준으로는 수수료 포함해서 어, 그러면 ▲▲▲▲원만 먼저 해 주세요. 예, ▲▲▲▲원이요. 네. 혹시 수수료 포함해서 ▲▲▲▲▲▲▲원 먼저 해드릴까요? 수수료 포함해서 네, 네. 네, 손님 결제는 ▲▲은행에서 출금해 드릴까요? 아니요. 지금 ▲▲은행에서요. 네. 계좌 번호 말씀해 주세요. ▲▲▲▲▲▲▲▲ ▲▲▲▲▲ ▲▲▲▲▲ 아 저 ▲▲▲▲▲ ▲▲ ▲▲ ▲▲▲▲▲▲ ▲▲▲▲▲▲요. 네, 네. 계좌 확인하겠습니다. 예. 네, 계좌 확인되셨고요, 일회성 출금을 위해 안내 멘트를 들으시고 1번을 눌러주세요. 예. 잠시만 기다려 주세요. 네. 아 네. 결제 완료되셨고요. 그럼 결제일 기준으로 남은 금액은 문자 넣어 드리겠습니다. 상담원 ▲▲▲이었습니다. 네, 수고하세요. 예, 감사합니다.",0,A
normal_A_0596,"일상의 즐거운 변화 LGU+ <NAME>입니다. 예. 뭐 좀 여쭤볼려고 전화 드렸는데요. 네. 고객님 편하게 말씀해 주세요. 예. 지금 이 번호로 요금이 있는지 좀 알아 볼려구요. 네. 조회하겠습니다. 전화 주신 고객님 <NAME> 고객님 본인되십니까? 예. 맞습니다. 네. 반갑습니다. 아 요금 확인을 해보니까, <DATE> 청구요금이 납부가 되지 않은 거는 맞는데요. 예. 지금 현재 등록되어 있는 자동이체가 있으셔서요. 근데 이게 <DATE> 요금, 이게 <DATE> 요금을 말씀하시는 거예요? 아이 <DATE> 청구요금이라서 실제 <DATE> 한 달 동안 쓰셔서 <DATE>에 청구된 요금이세요. 아 <DATE> 요금인 거예요? 예. 그렇죠. 아 얼마인가요? <CHARGE>이세요. <CHARGE>이요? <CHARGE>입니다. 아 그거 그런데 그 언제까지 납부를 안 하면 미납으로 뜨죠, 그게? <DATE> 그 해당 일까지 납부해 주시면은 미납으로 처리가 되진 않으세요. <DATE>이요? 네. <DATE>에 일요일이 들어가서 <DATE> 납부까지는 괜찮으시거든요. 아 예. 아 그러면 그 무통장입금 계좌 하나 문자로 보내주시겠어요? 네. 그럼 어느 은행이 좀 편하시겠습니까? 기업은행으로 해주세요. 기업은행 계좌번호하고 금액 문자 번호로 보내드리면 될까요? 예. 전산에서 발송이 완료됐는데, 수신이 되셨는지 확인 한번만 부탁 드릴게요. 아 지금 왔네요. 그쪽으로 입금해 주시면 됩니다. 예. 알겠습니다. 수고하세요. 다른 추가적인 문의 사항은 없으신가요? 예. 아 네. 알겠습니다. 확인하면서 보니까, 그냥 쓰시는 데이터가 조금 많으시긴 하거든요. 혹시 요금제가 2.5GB 이후부터 많이 느려질 텐데요, 불편하지 않으세요, 고객님? 조금 더 400Kbps라서 실제 동영상 시청이 좀 어렵기는 하거든요. 예. 아 그게 아직은 괜찮은 거 같아요. 뭐 유튜브는 되는데 상관 없는 것 같아서요. 아 그래요? 아직은 괜찮으세요? 그럼 지금보다 조금이나마 요금 절감하실 수 있도록 휴대폰하고 인터넷 결합하시게 되면은 매달 <CHARGE>씩, 모바일에서는 최대 <CHARGE>까지 요금할인도 제공해드리고 있거든요. 예. 이것도 확인하실 수 있게 연결 한번 도와드릴게요. 아니, 지금 인터넷을 안 쓰고 있어서 그러는데요. 아 지금 바로 연결되신다고 뭐 설치가 되는 건 아니더라도 혜택 확인을 한번 해보실 순 있거든요. 예. 나중에 필요할 때 할게요. 알겠습니다. 그럼 추후에 필요하실 때 고객님 내용 안내 될 수 있어서 접수만 하나 간단히 해드릴게요. 예. 접수 안하셔도 돼요. 아 괜찮으세요? 알겠습니다. 예. 다른 추가문의 사항은 없습니까? 수고하세요. 네. 편안한 오후 시간 보내시기 바랍니다. 네.",0,A
normal_A_0597,"상담원 ▲▲▲입니다. 아 네, 그 결제일을 변경하고 싶어서 그러는데요. 네. ▲▲▲ 님 본인 맞으실까요? 네, 네. 맞아요. 아 네, 잠시만 기다려 주세요. 네. 기다려 주셔서 감사합니다. 결제일 며칠로 변경하시고 싶으실까요? ▲▲이요. ▲▲이요? 네. 결제일 변경 후 60일 이내에는 재변경이 어려울 수 있는데 괜찮으실까요? 네, 네. ▲▲로 변경하시면 첫 번째 결제일에는 ▲▲▲▲년 ▲▲월 ▲▲일 두 번째 결제일은 ▲▲▲▲년 ▲▲월 ▲▲입니다. 아, 그러면은 두 번 결제가 되는 거네요. 그 결제일 변경해도 기존 이용 금액이 변경 후 결제일에 청구 되지 않을 수 있으며 단기 카드 대출이나 자동이체의 경우 이용 기간에 따라 두 달분이 청구되실 수 있으세요. 괜찮으실까요? 아 네, 그럼 그렇게 하고요. 네, 네. 그 한도를 ▲▲으로 늘릴 수 있나요? 잠시만 기다려 주시겠습니까? 변경하신 결제일에 대한 이용 기간을 문자로 받으실 수 있습니다. 내용 꼭 확인하시고 이용 부탁드릴게요. 어떤 걸요? 결제일 변경하시는 거예요. 아 네. 네. 결제일은 바로 변경되셨고요 한도 상향 말씀하시는 거죠? 예. 확인해 본 결과 신규 그 신용카드 발급일 개월 미경과로 상향 어려우신 걸로 확인되시는데요. 아예 안 되는 거예요? 아 네, 지금 지금으로써는 상향이 어려우세요. 한 달을 써야 된다는 거네요. 네. 그럼 혹시 그 이게 결제일이 ▲▲일이잖아요 며칠부터 며칠까지 쓴 거를 이게 빠져나가는 거예요? 네, 네. 잠시만 기다려 주시겠습니까? 네, 기다려 주셔서 감사합니다. ▲▲월 ▲▲일부터 ▲▲월 ▲▲일까지 사용분은 ▲▲월 ▲▲일 날 청구되십니다. ▲▲월 ▲▲일부터요? 네. 그러면은 ▲▲일 날 결제할 건 없는 거 아니에요? 네, 맞습니다. 그러면 그 제가 그 이 카드를 한 달에 ▲▲▲원 쓰기로 했었거든요. 네, 네. 그런데 그러면은 내일까지 이번 달엔 대출까지 저거 해야 되는 거예요? 잠시만 기다려 주시겠습니까? 네, 네. 기다려 주셔서 감사합니다. 그 전월 ▲▲부터 다 말일까지 사용하신 금액은 다음 달에 적용되십니다. 제대로 못 들었어요. 그 전월 ▲▲부터 말일까지 사용하신 금액은 다음 달에 적용되십니다. 아니 그게 제가 ▲▲▲원을 써야 되거든요. 네. 달마다 충족 그 ▲▲▲원씩 채워야 되는데 그 제가 카드 만든지 얼마 안 됐거든요. 네, 네. 저번 달 말쯤에 만들었거든요. 네. 그러면 언제까지 채워야 되는 거예요? 네, 기다려 주셔서 감사합니다. 이번 달 말일까지 채워 주시면 되세요. 아, ▲▲일부터 말일까지 신청을 하는 거예요? 네, 네. 어, 결제를 그 결제일 ▲▲일이면은 며칠부터 며칠까지 쓴 게 그 나가잖아요. 네. 그럼 그게 ▲▲부터 말일까지인 거예요? 아, 그건 아니시고요. 아, 그러면은요. 이번 달 ▲▲▲원씩 쓰면은 되는 거예요? 네, 네. ▲▲부터 ▲▲일까지요? 네, 네. 아 네, 알겠습니다. 네, 감사합니다. 상담원 ▲▲▲이었습니다. 예.",0,A
normal_A_0598,"일상의 즐거운 변화 LGU+ <NAME>입니다. 조금 전에 뭘 잘못 눌러서 휴대폰 분실 보험을 가입을 했거든요. 이거 해지해 주세요. 갑자기 등록돼서 많이 놀라셨을 텐데 제가 바로 확인 도와드리겠습니다. 네, 네. <NAME> 고객님 명의자분 본인 맞습니까? 네. 지금 <CHARGE> 부가 서비스 등록된 거 확인되시는데요. 바로 삭제 도와드리겠습니다. 잠시만 기다려 주세요. 네, 네. 네, 제가 요거 정확하게 삭제 완료했구요. 더 추가로 문의 주실 내용없습니까? 네. 인터넷이나 TV 쪽 문의 사항은 없으실까요? 없습니다. 아, 알겠습니다. 이게 지금 그 5G 제일 저렴한 걸로 돼 있는데 너무 짧아 가지고 그 좀 높일 수 있는 게 있나요? 네, 요금 확인 도와드리겠습니다. 예, 알겠어요. 네, 지금보다 요금제 한 단계 더 올려주셔도 되시구요. 어, 지금 사용하시긴 조금 많이 부족하실 거 같은데 지금 한 달에 6GB 정도밖에 제공이 안 되시잖아요. 그러고 나서 속도가 조금 많이 줄어든 상태로 무제한이신데 이렇게 사용하시는 거보다 한 단계 올려서 사용하시는 게 더 빠르게 쓰실 수 있을 것 같습니다. 그거 뭐 어떻게 되죠, 금액? 지금 금액은 잠시만 기다려 주세요. <CHARGE> 정도 더 올라가십니다. 네, 얼마요? <CHARGE> 정도 금액이 더 올라가십니다. 예, 65세 이상이면 받는 혜택들 포함해서요? 네, 다 포함해서요. 근데 저 방송에 데이터 무제한 뭐라고 하는데 그건 뭐예요? 어, 그게 어떤 말씀이실까요? 방송에 나오는데요. 요금제가 뭐 결합되면은 데이터를 뭐 무제한으로 할인받는 거예요? 아, 네. 그러면은 이제 가족분들 정보 <CHARGE> 이상 요금제를 사용해 주셨을 때 통화, 문자 무제한으로 해서 데이터까지 전부 무제한으로 <CHARGE>에 이용이 가능하신 거고 요거는 결합 조건이 가족 네 분 이상이 묶여 있어야 합니다. 데이터가 Z플립 관련해 가지고 더 싸져서 데이터 그냥 사용할 수 있나 싶어 가지고. 네, 이 요금제로 올려주셔야 합니다. 요금제 올려주세요. 네. 제가 그럼 무슨 말인가 모르니까 요금제를 올려줘요. 요금제 가격이 <CHARGE>이세요. 왜 <CHARGE> 대인지 얘기해 줘야지. 안내 드리겠습니다. 네, <CHARGE>이신데요. 거기서 선택 약정 할인이 15% 받으시고 가족 결합 할인 받으시고 그리고 저희 그 <CHARGE> 이상 요금제 쓰시는 분들에 한해서 <CHARGE> 더 추가로 할인이 되시는데 그렇게 했을 때 <CHARGE>이 나오시는 겁니다. 아, 예. 그렇게 해서 알겠습니다. 고맙네. 네, 더 궁금하신 건 없으십니까? 아, 네. 잘 알았어요. 네, 인터넷, TV 문의 사항 더 쓰실까요? 네, 네. 네, 제가 부가서비스는 정확하게 삭제 완료했고 행복한 주말 보내세요. 예, 감사합니다. 수고하세요. 네, 감사합니다.",0,A
normal_A_0599,"일상의 즐거운 변화 LGU+ <NAME>입니다. 예, 그 어머님께서 그 LGU+인데 언제까지 이제 계약이 돼 있는가 궁금해서요. 네 어 계약이요, 고객님? 예. 잠시만요. 제가 한번 확인해 보겠습니다. 예. 지금 연락주신 우리 어머님 핸드폰 번호 한번 말씀해 주시겠습니까? <MOBILE_NUMBER>요. 네, 성함하고 생년월일이 어떻게 되실까요? <NAME>, <BIRTH_NUMBER>요. 네, 그리고 핸드폰 요금 납부해 주시는 방법은 은행, 카드, 지로 중에 어떻게 되실까요? 은행이요, 농협. 아 네, 확인 감사합니다. 우리 고객님께서는 지금 그 선택약정 할인 가입을 해 주셨거든요. 그래서 선택약정 할인 가입이 되어 있으신데 지금 연락주신 분 자녀분 성함이 어떻게 되세요? 예예, <NAME>요. 네, <NAME>요? 예. 아 그러면은 지금 <DATE>까지 지금 등록되어 있으셔서 <DATE>까지는 등록되어 있으시기 때문에 그 안에 만약에 해지하시거나 번호 이동하시게 되면, 통신사 이동하시면 위약금 발생되실 순 있으세요. 예, 그러니깐 저 <DATE>까지 계약이 돼 있는 겁니까? 네, 요거는 선택약정이라고 해서 핸드폰 요금 약정 할인이<DATE>이니까요. 요거 다 사용하실 때까지 이용해 주시면 그 뒤에는 인제 뭐 해지하시거나 하실 때 전혀 불이익 없으실 거예요. 저희가 근데 궁금한 게 제가 알기로는 위약금이 없는 걸로 알고 있거든요. 네, <DATE>까지만 사용하시면 되는 거예요. 그것 때문에 위약금이 나오는 건 아니라서요. 그냥 할인 인제 <CHARGE> 할인이 받으시는 건데 요게 이제 <CHARGE> 할인이 안 되시는 거죠. 아 그러면 <DATE>까지 뭐 만약에 그 뒤에는 바꿀 수 있어도 그다음 날 바로 못 바꾸잖아요. 네, <DATE>까지요. 핸드폰도 바꾸는데 그러면 요금제가 바로 그다음 날 일할로 계산되는 거죠? 네네, 맞습니다. 어 그러면 뭐 그게 되겠네요. 네, 다시 한번 연락주시면 그때 도와드리겠습니다. 아 예, 수고하세요. 네, 감사합니다.",0,A
normal_A_0600,"일상의 즐거운 변화 LGU+ <NAME>입니다. 여보세요? 네, 여보세요. 네, 안녕하세요. 자녀 휴대폰 요금 결제방법을 변경하려고 하거든요. 네, 자녀분 핸드폰 번호 먼저 말씀해 주시겠습니까? 예, <MOBILE_NUMBER> 네, 전화 주신 분은 <NAME> 고객님 본인되시는 거구요? 네. 자녀분 핸드폰 번호, 성함하고 생년월일 말씀 부탁드립니다. <NAME>요. 네. 생년월일은 <BIRTH_NUMBER>입니다. 요금 납부는 현재 카드, 통장, 지로 중에 어느 걸로 등록되어 있으십니까? 지금 카드로 돼 있습니다. 네, 확인 감사합니다. 기존에 고객님 명의로 납부방법이 안되어 있으셔 가지고 혹시 변경할려고 하는 카드주 분하고 통해 동의 통화 필요한데 제가 연락 드리면 통화 가능하실까요? 지금 등록되어 있는 카드는 제 카드가 아니고 남편 카드입니다. 네, 그럼 변경하시려고 하는 카드번호하고 유효기간부터 말씀 부탁드립니다. 그 변경 카드는요. 우리카드고요. 네. 카드번호 부를까요? 네, 말씀해 주세요. <CARD_NUMBER> 네 네. <DATE> 카드주 분 성함하고 연락처 말씀 부탁드립니다. 예, 카드는 제 카드구요. <NAME> 이 카드번호 고객님 같이 예약 변경할려고 하는 핸드폰 명의자 분하고 동의 통화 필요한데 연락 드리면 통화 가능하신가요? 이건 제 카드인데요. 네. 카드는 어머님 카드로 변경하시는 거잖아요? 아 그러면 아들한테 말입니까? 네, 맞아요. 아 예, 아들한테 전화해 보시면 될 것 같아요. 지금을 한번 연결해 볼 텐데 그럼 끊지 마시고 잠시 기다려 주세요. 고객께서 전화를 받을 수 없습니다. 고객님, 현재 자녀분이 바쁘신지 통화 연결이 안 돼서 고객님이 한 번 안내 전화 해주시면은 제가 연락을 드릴게요. 예. 그러고 나서 어머님께 다시 연락드릴 텐데 몇 시쯤 연락 드리면 통화 가능하시겠어요? 어 지금 전화 받을 것 같은데요. 그럼 전화하시고 제가 10분 안쪽으로 다시 연락드리겠습니다. 지금 바로 안되고 그때 주셔야 됩니까? 네, 맞습니다. 고객님. 그러면 이 카드 신한카드 소유주 남편한테도 전화해야 됩니까? 지금 변경하려는 카드는 고객님 거라면서요? 할려고 하는데 이전 카드는 남편 거거든요. 아 그건 상관 없습니다. 배우자 분하고 통화 안하고 자녀 분만 하면 되세요. 아 예, 그러면 한 5분 후에 전화해보세요. 네, 알겠습니다. 그러면 다시 연락드릴게요. 네. 네, 감사합니다. 남은 시간도 화이팅 하세요.",0,A
normal_A_0601,"상담원 ▲▲▲입니다. 예, 그 자동차 오토 캐시백이 몇 퍼센트가 됐는지 알고 싶어서요. 저희 쪽 선입금 방식 말씀이세요? 네, 맞습니다. 네, 저희 부서에서 하시면 1.3% 드려요. 그런데 자동 이체 영업사원을 통해서 하시면 저희 쪽과 다를 수 있습니다. 아 그게, 그게 어떤 말이죠? 자동차 영업 사원을 연결해 주시는 오토 설계사분을 통해서 하시면 저희 쪽과 캐시백률이 약간 달라요. 그러면 낮나요, 높나요? 그거는 영업점마다 약간 틀리고요, 요즘은 좀 낮은 걸로 알고 있어요. 저희가 조금 높은 걸로 알고 있어요. 0.1% 차이예요. 그다음에 그러면 저희 그 계좌를 보니까 계좌를 받잖아요. 네. 그러면 뭐 이렇게 2, 3일에 걸쳐 그 입금을 해도 되잖아요? 분할 입금이 가능합니다. 그런데 카드 사용은 입금 완료 후에 하시는거고요. 아 그러니까 미리 계좌를 계좌를 열어 놓고 카드 결제는 다 그게 받으면 금액이 이제 카드명 그다음에 긁으면 되나요? 그렇습니다. 가족 카드, 법인 카드가 아니고 본인 카드로 하시는거고요, 본인 명의의 차량을 구매하세요? 네, 네. 네, 차 결제는 언제쯤 하셔야 되세요? 그거 하고 ▲▲월 ▲▲일, ▲▲일에서 ▲▲일 그쯤에 나온다고 하더라고요? 네, 금액은 등록세, 취득세 빼고 매장에서 한 번에 승인할 금액으로 뒷자리가 있다면 ▲원 단위로 올리면서 설정하시는 거고요, 저희 쪽에 전화주셔도 되고 홈페이지에서도 가능합니다. ▲▲페이 앱에서 선입금이라고 검색하면 나옵니다. 네. 거기서 금액 임금 입력하고 완료하면 가상계좌를 받을 거고요, 입금하고 결제하시면 되세요. 아 네, 알겠습니다. 네, 변동 사항이나 문의사항 있으면 연락 주세요. 네. 네, ▲▲카드 상담원 ▲▲▲입니다.",0,A
normal_A_0602,"일상의 즐거운 변화 LGU+ <NAME>입니다. 안녕하세요? 네. 저 핸드폰 요금제 좀 바꿀려고 하는데요. 제가 얼른 한번 확인해 보겠습니다. 우리 일단 연락 주신 고객님 본인 확인 먼저 진행하도록 할게요. 네. 성함이 어떻게 되시죠? <NAME>요. 네. 소중한 정보 확인 감사합니다. 고객님 지금 요금제 변경 가능한지 여부 확인해 볼 건데, 혹시 어떤 요금제로 변경 요청하시는 거세요? 아무 제한 없이 쓰긴 할 건데요. 지금 <CHARGE> 나온다고 하는 걸로 알고 있는데, 뭐 부가 저기 뭐 나가고 있나요? 아 그 영화월정액 서비스하고 휴대폰 분실보험 부가서비스 가입되어 있는 상태이세요. 아 그거는 한 번 나가는 거 아닌가요? 아니요. 고객님 이거는 월정액 서비스로 등록되어 있는 상태이세요. 아 그거는 월정액이면은, 그게 분실했을 때 보험되는 건 얼마에요? 네. 아 이거는 보험은 아니시구요. 고객님 그 휴대폰 분실 부가서비스 같은 경우에는 보험은 아니시고, 보험은 이제 금액으로 보상을 받으시는 거잖아요? 예. 근데 이거는 지금 고객님께서 휴대폰 위치가 어디 있는지, 위치 추적이랑 그리고 뭐 개인정보도 확인 부분에 대해서 뭐 백업이라든지, 아니면 이제 고객님께서 뭐 원격제어 같은 경우는 이제 해당 부가서비스로 이용이 가능하세요. 아 그게 얼마예요? 이거는 지금 <CHARGE>입니다. 그리고 다른 거는요? 영화월정액 서비스는 <CHARGE>로 현재 가입되어 있는 상태이세요. 아 두 가지 전부 다 해지시켜 주세요. 아 네. 알겠습니다. 그럼 요금제는 그대로 유지를 하시는 거구요? <CHARGE>으로 그냥 <CHARGE>인가요, 무제한이? 아니요. 고객님 지금 이용하시는 게 5G요금제여 가지고, <CHARGE> 요금제로는 이용이 어렵습니다. 얼마예요? 이거 지금 이용하시는 거 <CHARGE> 이용을 하시는데, 고객님께서 지금 현재 투게더 가족결합으로 인해서 지금 결합할인 받고 계시잖아요? 예. 그래서 지금 요금할인 받는 게 <CHARGE>을 지금 요금할인 받고 계시더라구요. 어 그 LGU+TV 보는 거요? 아니요. 그 결합으로 해가지고요. 휴대폰 쪽에서 <CHARGE> 할인 받으셔 가지고 그 <CHARGE>에 이용 가능하신 거예요. 아 그럼, 그렇게 해주시구요. 그것도 같이 해주시고 이렇게 해주시고 혹시 LGU+TV 그것도 여기서 가능한가요, 상담이? 아니요. 고객님 저희는 모바일 부서이다 보니까 그 TV 관련해 가지고 저희 쪽에서 도움을 드릴 수가 없어서, 그럼 제가 해당 부가서비스 삭제 처리 도와드리고 그 홈 상품 쪽으로 바로 연결 처리해드려도 괜찮을까요? 예. 감사합니다. 혹시 TV 문의하시는 내용은 어떤 부분이세요? 아 저희 월정액 그런 게 있거든요. 근데 둘 다 끊을려고 하거든요. 아 그러면은 월 그 TV 월정액 상품 삭제 요청하시는 거세요? 예. 네. 알겠습니다. 일단은 해당 말씀해 주시는 부가서비스 삭제까지 완벽하게 도움 드렸구요. 그럼 휴대폰 쪽에서는 더 추가적인 궁금하신 점은 없으실까요? 없습니다. 아 네. 알겠습니다. 우리 <NAME> 고객님, 더운 날씨 건강 조심하시구요. 혹시라도 상담 도중에 전화 끊기게 되면 <PHONE_NUMBER> 말고 국번 없이 <PHONE_NUMBER>번 쪽으로 전화 주시면 되세요. <PHONE_NUMBER>번이요. 네. 연결하겠습니다. 연결되는 부서에서도 즐거운 대화 이어가십시오. 저는 모바일 부서 상담사 <NAME>이었습니다. 네.",0,A
normal_A_0603,"▲▲카드 ▲▲▲입니다. 네, 다름이 아니고 ▲▲카드에서 저한테 문자가 왔네요. 이율 뭐 이벤트 한다고 그게 뭐예요? 생년월일하고 핸드폰 번호 말씀해 주세요. ▲▲▲▲년 ▲▲월 ▲▲일이요. ▲▲▲▲▲▲▲▲▲▲▲ 성함이 어떻게 되세요? ▲▲▲인데요. 네, 결제 은행은 어떻게 되세요? 결제한 데가 ▲▲은행이요. 확인 감사합니다. 문자 온 거 ▲▲은행도 있어요. 문자 온 거 확인하겠습니다. 예. 손님, 이거는 광고성 문자로 확인되시고요. 손님께서 지금 현재 카드 저희 쪽에 체크 카드하고 있으시잖아요, 그렇죠? 예, 체크 카드는 있어요. 그 뭐야 ▲▲카드, ▲▲은행 카드 체크. 네, 그러면 해당 건으로요. 손님 여기 이벤트 바로가기에 보시면 ▲▲카드 랜덤 박스라고 보이실 거예요. 그거 클릭하셔서 손님께서 이벤트 응모를 하게 되시면 응모만 해도 ▲▲라고 해서 1,000원 예. 그거 드리고요. 응모해서 추첨을 통해서 100명에게는 100,000원이에요. 이거를 드리겠다는 거구요. 예, 그게 쉬운 게 아니잖아요, 그렇죠? 네, 그다음에 뭐 메가 커피 최대 ▲▲원 ▲▲ 적립이 있는데요. 어 손님께서 그 메가 커피 메가 오더라고요? 이제 ▲▲원 이상 ▲▲로 결제하시면 ▲▲원 당 ▲▲▲▲ 적립된다고 나와 있으신 거예요, 손님. 어 ▲▲은 뭐예요? 체크 카드로 결제 하는 거예요? 핸드폰 어플이에요. 핸드폰에 ▲▲라는 어플이에요. ▲▲카드 어플이거든요. 거기서 하시는 거예요. 아, 그래요? 네, 네. 그 할 줄 모르는데 못하겄네. 오시면 같이 한번 해 보세요. 우리 애 오면 물어볼게요. 네, 네. 네, 고맙습니다. 네, 상담원 ▲▲▲이었습니다. 네, 감사합니다.",0,A
normal_A_0604,"일상의 즐거운 변화 LGU+ <NAME>입니다. 아 예, 그 요금제를 바꾸려고 그러는데요. 네, 고객님 어떤 걸로 바꿔드릴까요? 그 6개월이요. 6개월이요? 예. 알겠습니다. 그러면 전화 주신 분께서는 <NAME> 고객님 본인 맞으십니까? 예. 네, 조회 먼저 하겠습니다. 올해 <DATE> 가입을 해주셨구 6개월 지나셨구요. 예. 지금은 <CHARGE>짜리 요금제신데 전화랑 문자랑 데이터를 보니깐 전화는 어머님께서 1시간 정도 하시고 데이터랑 문자도 많지 않거든요. 예. 그러면 제일 기본요금제가 지금 가능한 게 <CHARGE> 요금제가 있어서 요걸로 설정을 해드릴게요. 제가 그걸 하면 되겠습니까? <CHARGE>짜리 요금제는 전화는 1시간 40분이구요. 예. 데이터는 250MB, 문자는 사용 안 하시는 만큼 나오는데 지금 어머님께서 데이터는 100MB 정도밖에 이용하지 않기 때문에 데이터가 충분하고 문자도 거의 없으시고 통화도 1시간 40분이면 충분하셔서 요걸로 사용하시면 될 것 같애요. 예, 한달 요금 <CHARGE>이예요? 네. 할인 받는 거 따로 없나요? 할인 받는 거요? 네. 할인 받는 거는 그때 하셨을 때 단말기 지원금을 하셔서 요금 할인은 따로 없구 결합을 지금 다른 가족분들이랑 같이 받고 계시다 보니까 어머님께서는 <CHARGE> 기본요금만 나오고 있고 <CHARGE> 요금제는 같습니다. 지금 <CHARGE>짜리에서 지금 <CHARGE>짜리로 이제 내려가는 건가요? 그렇죠, 맞습니다. 아 죄송한데 제가 못 들어서 그 통화량은 얼마라고요? 통화량은 1시간 40분이구요. 네 네. 데이터는 250MB신데 보통 평균적으로 한 달에 쓰시는 통화가 1시간이셨구요. 평균적으로 데이터는 50에서 100 정도 사용하신 거기 때문에 그렇게 신청을 하세요. 게다가 최근 3개월 동안 문자는 그냥 사용하지 않으셔서요. 아무튼 감사합니다. 그러면 혹시 그런 거는 경로 우대 이런 건 아니죠? 어 그건 아니에요. 일반 요금제라서 보통 뭐 아래쪽이나 떨어지는 요금제 같은 경우는 65세 이상으로 따로따로 있으세요. 아 그럼 65세가 되면 경로 우대 뭐 이렇게 그게 있나요? 신규 요금제라고 해서 <CHARGE>짜리 요금제가 있으신데요. 네. 요거는 통화 뭐 1시간 10분에 데이터 300MB에서 조금 더 많으세요. 아 그래요? 그러면 65세 돼야 되는 거죠? 만 65세요. 그럼 <CHARGE>짜리로 하겠습니다. 알겠습니다. 고객님 안내 잠깐 드릴게요, 오늘 바꿔드리게 되면 날짜 제공해서 <DATE> 한번 나오시구요. 초과 시 금액을 통화는 똑같고 데이터는 메가당 <CHARGE>, 문자는 건당으로 저희가 짧은 거는 <CHARGE>, 긴 거는 <CHARGE>이구요. 이 요금제는 한 달 이후에도 이제 바꿀 수 있구요. 최근 지금 바로 해드렸기 때문에 저랑 통화 종료 시점부터 하셔 가지고 이용해 주시기 바랄게요. 예, 그 단말기 요금은 따로 없는 거죠? 네, 단말기 요금은 따로 없으셨어요. 고객님 그때 지원금도 하셨기 때문에 아무것도 없었어요. 아 예, 알겠습니다. 아 네, 감사합니다. 편안한 주말 보내세요. 네, 감사합니다. 네, 감사합니다.",0,A
normal_A_0605,"안녕하세요~~ 호텔예약 문의드려요. 하드락 리조트에서 ▲/▲▲ ~ ▲▲(2박) 디럭스 프리미엄 2객실, 성인 4명, 아동 4명으로 예약하고 싶어요. 그리고 로프트룸도 성인 2명, 아동 3명으로 예약하고 싶어요. 파드마 리조트 레기안은 ▲/▲▲-▲▲(2박) 패밀리룸 3객실, 성인 6명, 아동 7명으로 예약하고 싶어요. 공항에서 호텔 샌딩은 무료인가요? 하드락은 아동 조식 포함인가요? 안녕하세요~ 하드락 리조트 예약 관련해서 말씀드릴게요. ▲/▲▲~▲/▲▲ 하드락에서 디럭스 프리미엄 2박은 성인 2명, 아동 2명 기준으로 각각 $310이고, 로프트룸은 성인 2명, 아동 3명 기준으로 $420이에요. 아, 그러면 총 금액은 얼마인가요? 총 금액은 하드락에서 디럭스 프리미엄 2박 2개와 로프트룸 2박을 합쳐서 $1,040이에요. 그리고 파드마 리조트에서 패밀리룸 3객실은 2박에 $1,740이에요. 아동 조식은 포함되나요? 네, 아동 조식은 포함되어 있어요. 그리고 세금도 포함된 금액이에요. 공항에서 호텔까지 무료 셔틀 서비스는 어떻게 되나요? 3박 이상 예약하시면 공항에서 첫날 이동하는 호텔까지 무료로 제공돼요. 단, 같은 항공편을 이용하는 다른 손님과 조인될 수 있어요. 예약 취소 시 모든 금액이 환불되나요? 비수기 시즌에는 체크인 날짜 기준으로 15일 이전에 취소하면 호텔 패널티 없이 취소 가능해요. 단, 여행사 수수료 30,000원이 공제되고, 15일 이내 취소 시에는 호텔 규정에 따라 패널티가 부과될 수 있어요. 알겠어요. 그럼 예약 진행해 주실 수 있나요? 네, 예약 진행해 드릴 수 있어요. 필요한 정보와 결제 방법 알려주시면 바로 도와드릴게요. 감사합니다!",0,A
normal_A_0606,"일상의 즐거운 변화 LGU+ <NAME>입니다. 반갑습니다. 네. 그 자동이체를 카카오 뱅크로 변경할려고 전화 드렸거든요. 아 그러세요? 그러면 제가 바로 변경 도와 드리겠습니다. 문의하시는 휴대폰 번호, 성함, 생년월일 어떻게 되십니까? <MOBILE_NUMBER>, <BIRTH_NUMBER>, <NAME>이요. 네. 감사합니다. <NAME> 고객님 본인되십니까? 네. 네. 그러면 고객님 카카오 뱅크를 계좌번호는 어떻게 되세요? 예. 불러드릴게요. 네. <ACCOUNT_NUMBER> <ACCOUNT_NUMBER> <ACCOUNT_NUMBER> <ACCOUNT_NUMBER>이요. <ACCOUNT_NUMBER>요. 네. 바로 변경하겠습니다. 일단 고객님, <NAME> 고객님, LGU+ 이동통신 요금 통장주 <NAME>고객님, 생년월일 <BIRTH_NUMBER> 카카오 뱅크 통장으로 변경 요청해 주셨는데 맞습니까? 네. 예. 잠시만 기다려 주세요. 예. 네. 정상적으로 변경 처리 완료되었구요. 결제일은 <DATE>이 있는데, 어떤 날짜가 편하실까요? 예. <DATE>이요. 네. 그러면 <DATE> 날짜로 해서 <DATE>부터 매달 결제되시구요. 간단하게 고객센터 어플에서는 자동이체 쉽게 변경하실 수 있는데, 어플 경로 문자로 챙겨 놓겠습니다. 네. 그리고, 고객님 지금 보니깐, 데이터 3GB 다 쓰고 나서 속도제한 들어가셨는데, 많이 불편하셨죠? 아 괜찮아요. 아 그러세요? 지금 데이터 2배 쿠폰 7장 있더라구요. 그래서 혹시 데이터 많이 사용하시면 무료 쿠폰이니까, 이거 제가 바로 신청해서 바로 빠르게 이용하시는 건 어떨까 싶어서요. 아 네. 그래요. 네. 저희가 2년 이상 쓴 분들에게는 장기 고객 혜택으로 해서 기본제공 데이터량 3GB를 이제 한달에 한 번씩 쿠폰으로 쓸 수 있는 쿠폰이 있거든요. 그것 좀 보내주세요. 지금 바로 등록 가능한데, 등록해 드릴까요? 네. 아 네. 알겠습니다. 등록하시면 등록일부터 30일 동안 사용이 되시구요. 나중에 또 활용해 보시라고 총 6장 남아 있으니깐, 이거 이용하는 방법도 문자 넣어 드릴게요. 아 감사합니다. 네. 바로 데이터 빨라지셨구요. 어렵게 연락 주셨는데, 다른 궁금하신 내용은 없으십니까? 네. 괜찮아요. 알겠습니다. 저희 고객님 <DATE> 마무리 잘하시구요. <DATE>은 더 좋은 일들만 가득하십시오, 감사합니다. 네. 감사합니다.",0,A
normal_A_0607,"상담원 ▲▲▲입니다. 아 저 그 지갑을 잃어버려서 카드를 정지시키려고 하는데요. 알겠습니다. 휴대폰 번호 어떻게 되십니까? ▲▲▲▲에 ▲▲▲▲요. 네. ▲▲▲▲입니까? 네. 네. 생년월일 어떻게 되세요? ▲▲년 ▲▲월 ▲▲일이요. 네. 전화 주신 손님 본인 성함 말씀해주시겠습니까? ▲▲▲ 네. 결제 은행은 어떻게 되셨어요? ▲▲은행. 예. 소중한 정보 확인 감사합니다. 어 지금 보유하고 계신 카드가 총 세 장이신데요. 이 중에서 어떤 카드를 분실하셨을까요? 전부 다 분실하셨습니까? 어 이제 그 ▲▲ 하고요. ▲▲ 어 예 ▲▲ 체크 카드 네. 그리고 그 하얀색 카드 있는데 하얀색 카드라면은 잠시만 기다려주시겠습니까? 네. 기다려주셔서 감사합니다. 그 하얀색 카드는 아니고 혹시 네. 회색 카드입니까? ▲▲ 카드라고 해서 네. 하얀색 카드는 아니고 네. 네. 신용카드 하나 보유하고 계시고 있는데 신용 카드는 아니세요. 어 그런데 신용카드인데. 아 신용카드 맞으세요. 그럼 ▲▲카드와 ▲▲체크 카드 이렇게 같이 분실 신고해 드리면 되겠습니까? 아 네 네. 네. 그러면 이 두 장의 카드만 분실 신고해 드릴 텐데 네 어 어디에서 분실하셨는지 장소 말씀해 주시겠습니까? 분실 장소 알려 주시겠어요? ▲▲ 피트니스센터인데. 다시 한번만 말씀해 주시겠습니까? ▲▲ 메인 피트니스센터요. ▲▲ 메인 피트니스 센터 말씀하시는 거세요? 네 네 네. 네. 어 연락처는 ▲▲▲▲▲▲▲▲▲▲▲ 맞으세요? 네. 그럼 혹시 찾으면 다시 분실 해지 시킬 수 있는 건가요? 일단 발급을 하지 않았다는 전제하에 그 카드를 찾으시면은 언제든 분실 해제는 가능하세요. 카드 소지하고 있는 상태로 전화 주시기만 하면 되겠습니다. 네. 아 그럼 저희 분실돼 있는 상태에서는 이제 사용을 아예 못 하는 거죠? 그렇죠. 아 네 네, 감사합니다. 네, 감사합니다. 그럼 카드 발급은 따로 필요하지 않다는 말씀이시죠? 아직까지는 필요 없다는 말씀이시죠? 그럼 분실 신고만 접수해드릴 텐데 지금 분실하신 날짜가 오늘이세요? 네 네 네. 알겠습니다. 어 마지막 사용된 날짜 4월 12일 쿠팡 와우 멤버십 ▲▲▲▲원이요. 예 네 자동으로 결제되었고 네. 그리고 실제 사용된 날짜가 3월 4일 날짜였었고 이때 당시에는 리마트라는 곳에서 ▲▲▲▲▲원이 해외에서 사용된 건이 있으신데 이거 직접 사용하신 건 맞으실까요? 네? 어디요? 3월 4일 저번 달이고 4일 날짜에 리마트라는 곳에서 해외 사용 건으로 ▲▲▲▲▲원 승인된 내역 있습니다. 혹시 해외 네. 마트에서 혹시 사용하셨던 건 있으셨습니까? 아 네 네. 아 그러세요? 본인 사용 건 맞다는 말씀이죠? 네. 혹시 신용카드 내역도 볼 수 있나요? 예. 신용 카드 내역은 따로 없으셨어요. 신용 카드 먼저 기준으로 안내해 드리자면은 신용카드 같은 경우 분실 카드로 자동 이체 연결해 놓으신 건이 있으실 경우 보유 중인 카드로 청구될 수 있으므로 해당 기관으로 확인하시고 자동 이체를 원치 않으시면 해당 점으로 자동 이체 해지 요청 하셔야 합니다. 체크 카드인 경우에는 자동 이체 연결하신 건이 있는 경우 해당 기관을 통해 다시 변경 신청을 해 주시기 바랍니다. 아 네, 알겠습니다. 네. 그리고 휴대폰 번호도 분실 아 휴대폰도 분실하셨던 점 있으셨어요? 아니요. 휴대폰은 없습니다. 아 알겠습니다. 예. 다른 카드사의 카드도 분실하셨을까요? 네 네 네. 아 그러면 타 카드사에 카드도 일괄 분실 신고해 드릴까요? 아 네, 부탁드립니다. 네, 알겠습니다. 그럼 그거와 관련된 안내해 드릴 텐데요. 네 타사 카드 분실 신고는 손님 명의의 개인 신용 체크 카드만 분실 신고가 가능합니다. 네. 네. 타사카드는 특정 카드만 분실 등록이 불가능합니다. 해당 카드사에 손님의 주민 등록 번호로 발급하시는 모든 신용 카드, 체크 카드, 하이패스 카드, 손님 명의의 가족 카드가 분실 모두 분실 신고됩니다. 해외에서 가족분이 네. 손님 명의의 카드를 이용하시는 경우 해당 카드는 일괄 분실 등록됩니다. 네. 그리고 분실 해제는 해당 카드사를 통해 신청하셔야 합니다. 네. 분실 분실하신 카드는 어느 카드, 어느 회사 카드입니까? 예. ▲▲ ▲▲카드. 그리고 또 있습니까? 아니요, 없어요. 어 타사 카드 분실 일괄 신고 서비스 이용을 위해서는 개인 정보 이용 및 제공에 동의해 주셔야 되는데요. 동의하시면 예라고 말씀해 주시면 됩니다. 네. 예. 타사 카드 분실 일괄 신고 서비스 이용 및 이용에 따른 민원 응대를 위해 손님의 성명과 주민 등록 번호, 분실 신고 결과를 받아 보실 휴대폰 번호가 분실 신고 대상인 ▲▲카드사에 제공될 예정입니다. 제공하신 개인 정보는 탈회 시까지 보관될 예정입니다. 네. 어 내용에 동의하지 않으실 경우 신용 카드 분실 일괄 신고 서비스를 이용할 수 없습니다. 개인 정보 이용 및 제공에 동의하시겠습니까? 예. 네. 그와 관련된 예 연락받으실 휴대폰 번호는 ▲▲▲▲▲▲▲▲▲▲▲가 맞으세요? 네 네. 네. ▲▲카드사에서 손님께 분실 신고 접수 결과를 휴대폰 문자 메시지로 안내해 드리는데 신고 결과를 받아보실 휴대폰 번호 네 ▲▲▲▲▲▲▲▲▲▲ 맞다는 말씀이십니까? 네 네. 네. ▲▲카드사에 분실 신고 접수가 정상적으로 처리되었습니다. 해당 카드사에서 문자 메시지로 보내 드리는 분실 신고 결과를 꼭 확인해 주시기 바랍니다. 아 네, 알겠습니다. 네, 감사합니다. 상담원 ▲▲▲이었습니다. 감사합니다. 감사합니다. 예.",0,A
normal_A_0608,"상담원 ▲▲▲입니다. 네, 수고하십니다. 네, 안녕하십니까? 네, 카드를 결제 하려고요. 아 네, 결제를 도와드리겠습니다. ▲▲▲고객님 본인 맞으십니까? 네. 아 네, 연체금액만 처리해 드리면 될까요? 네. 네, 고객님 요청해 주시는 내용을 말씀해 주시면 됩니다. 네, 총금액은 얼마 나왔나요? 아, 총금액은 ▲▲▲▲▲▲▲▲▲▲원입니다. 네, 결제해 주세요. 아 네. 모두 결제 도와드릴 텐데요, 연체금액만 먼저 출금하고 처리하겠습니다. 잠시만 기다려 주세요. 네. 아 네. 고객님 오늘 날짜 기준으로 총금액 ▲▲▲▲▲▲▲▲▲▲원을 연결되어 있는 ▲▲ 계좌에서 출금해 드리면 될까요? 아 네. 네, 잠시만 기다려 주시겠습니까? 네. ▲▲▲▲▲▲▲▲▲▲원 입금 처리하겠습니다. 이중 출금 우려가 있습니다. 고객님, 연체금액은 즉시 결제 시 자동이체 계좌에서 이중 출금될 수 있으니까요, 잔고는 비워두시고요. 혹여라도 이중 출금된 금액은 익영업일 오전에 계좌로 환급됩니다. 네. 네, 완료되었습니다. 네, 감사합니다. 어, 고객님 지금 출금 잔액 부족으로 나오네요. 먼저 연체금액부터 출금해 드리고 그러고 나서 안내를 해 드릴게요. 아 아, 그래요? 네, 출금이 됐을 수도 있어서 잠시만 기다려 주세요. 네. 연체금액부터 하겠습니다. 아 네, 고객님 연체금액만 출금하려고 했는데 ▲▲▲▲▲▲▲▲▲원이에요. 잔액 부족으로 나와요. 아 아, 그럼 제가 ▲▲ 계좌를 했는가 보네, 그럼 계좌번호 거기로 해 주실래요? 네, 불러주시겠습니까? 네, ▲▲이거든요. ▲▲▲, 네. 예, ▲▲▲. ▲▲▲▲ ▲▲▲▲ ▲ 4개 ▲▲▲▲ 예, ▲ 4개. ▲▲ 예, ▲▲. 맞습니까? 예, 확인하겠습니다. 잠시만 기다려 주세요. 예, 지금 불러주신 계좌가 ▲▲은 아니시죠? ▲▲ 은행이시죠? 네, 네. 네, 본인 명의 계좌 맞으시고요. 예금주 확인하겠습니다. 안내 멘트를 끝까지 들으시고 확인해 주세요. 잠시만 기다려 주세요. 네. 네, 고객님 계좌를 다시 한번 확인할게요. ▲▲▲ 네. 네, ▲▲▲▲. 네. 예, ▲ 4개. 네. 네, ▲▲. 네, 네. 네, 잠시만 기다려 주시겠습니까? 네, 고객님 이거 계좌가 맞지 않다고 되어있는데 지금 잠시만요. 네. 아니, 다 이렇게 ▲▲인데 다 있는 거. 예, ▲▲으로 등록을 다시 해 볼게요. 잠시만 기다려 주세요. 네. 네, 그러면 여기에서 전체 금액을 다 출금해도 되는 건가요? 네, 네. 아 네, 잠시만 기다려 주시겠습니까? 네, 정상적으로 처리되었습니다. 네, 감사합니다. 네, 감사합니다. 상담원 ▲▲▲이었습니다. 예.",0,A
normal_A_0609,"일상의 즐거운 변화 LGU+ <NAME>입니다. 네, 자녀 핸드폰 정지 좀 시키려고요. 네, 연락주신 분 <NAME> 고객님 본인 되십니까? 네. 예, 자녀분 전화번호 정지하시는 사유가 있으신가요? 아 그 사용을 안 하고 있어서요. 아 네, 번호가 몇 번인가요? <MOBILE_NUMBER>고요. <MOBILE_NUMBER>번이고요. 아 <MOBILE_NUMBER>요. 번호 조회 한번 해보도록 할 텐데 자녀분 성함이랑 생년월일 확인 부탁드릴게요. 네, <NAME>이고요. <BIRTH_NUMBER>이요. 네, 등록된 납부 방법은 은행, 카드, 지로 중에 어떻게 등록되어 있습니까? 카드요. 네, 감사합니다. 지금 정지는 1년에 2번 최대 180일까지 가능하시고요. 정지 요금은 월 <CHARGE>으로 부과되고요. 정지하는 기간에는 약정기간이 포함되지 않기 때문에 정지 기간만큼 약정기간 늘어나고 정지 기간에도 할부금은 청구가 되는 점 참고해 주시고요. 아 정지하게 되면 정지 요금이 따로 납부가 되나요? 네, 그리고 또 정지하시게 되면 결합 할인이나 이런 금액은 변동될 수 있으시고 휴대폰 보험은 정지 기간에 청구되지 않는 만큼 정지 기간에 분실이나 파손에 대해서는 보장되지 않는 점 참고 부탁드리겠고요. 네, 정지 해제할 때는 또 전화해야 되나요? 네, 정지는 뭐 정지 예정일 날짜를 설정해 주실 수도 있고 아니시면 전화주셔서 정지 해제 진행도 가능하시고 정지 유의 사항에 대해서 문자 발송해 드릴 건데 문자 받으실 수 있는 번호 불러주시겠어요? 네, 알겠습니다. <MOBILE_NUMBER>요. <MOBILE_NUMBER>번이고요. 문자 발송해 드렸는데 문자 받으셨는지 한번 확인 부탁드릴게요. 네, 왔어요. 네, 어 정지는 며칠 정도 진행 원하시는 거예요. <DATE>이요. 일단은 고객님 확인해 보니까 청소년 19라는 요금제로 이용을 하시더라고요. 데이터 사용이 많이 불편하셨을 텐데 데이터 기본 제공되는 요금제로 이용해 보시는 건 어떠세요? 아 그거 <CHARGE>이요? 네, 링요금제라서 다 이용하시게 되면은 이제 뭐 통화라든지 이런 것도 이용이 안 되시다 보니까 많이 불편하실 수 있는데 33 요금제는 휴대폰, 집전화, 문자도 기본제공되고요. 아 일단은 지금 제가 데이터 주고 있거든요. 사용해 보고 정지 이후에 또 생각해 볼게요. 아 그러세요. 알겠습니다. 정지 바로 진행해 드릴 텐데 잠시만 기다려 주세요. 네. 발신 착신 모두 정지 원하시는 거 맞으시고요? 네. 네, <DATE>로 하면은 <DATE>에 저녁 10시 전후로 정지 해제 자동으로 되는데 괜찮으신가요? 네. 네, 정지 해제가 저녁 10시 전으로 진행되고 이후에는 정상 요금 부과되시는데 괜찮으세요? 네. 네, 알겠습니다. 요청하신 대로 진행해 드리도록 할 텐데 바로 정지하면 될까요? 네. 잠시만 기다려 주세요. 네, 요청하신 대로 정지 요청 바로 해 드렸습니다. 네, 감사합니다. 네, 감사합니다. 건강하시고 즐거운 일들만 가득하세요. 네. 네.",0,A
normal_A_0610,"상담원 ▲▲▲입니다. 아 네. 다름이 아니고 이번 달 결제 금액에서 할부로 전환을 하려고 하는데요. 네, 보유하고 계신 카드에 대해서 잠시 확인 도와드리도록 하겠습니다. ▲▲▲ 님 본인 맞으십니까? 네, 맞습니다. 네, 확인 감사합니다. 손님께서 일시불 이용하신 매출 건을 할부 전환하시겠다 그 말씀이세요? 네. 할부 전환하면 할부 수수료가 발생이 되는데 괜찮으세요, 손님? 네, 괜찮습니다. 그럼 손님께서 요청하시는 매출 건에 대해서는 저희 쪽에서 지금 어떤 건에 대해서 그럼 할부 전환을 해 드리면 될까요? 네, ▲▲월 ▲▲일 날 어 현대해상에서 ▲▲▲▲ 얼마 결제인데 있죠? ▲▲월 ▲▲일이요, 손님? 네. ▲▲▲▲▲▲원이요, 손님? 네, 있죠? 네. 네, 그거 3개월로 해주시고요. 해당 건에 대해서 3개월이요, 손님? 네. 네. 그다음에 어 ▲▲▲▲ 얼마 결제한 거 있죠? ▲▲▲▲▲▲원이요? 네, 그거는 ▲개월로 좀 해 주세요. 네, 그럼 손님께서 요청하신 대로 저희 쪽에 ▲▲▲▲▲▲원 건에 대해서는 ▲개월이요, 손님? 네. 네, 요청하신대로 등록 중에 있습니다. 잠시만 기다려주시겠습니까? 네. ▲개월로 해 드렸습니다. 예, 그럼 이번 달 결제 금액이 얼마죠? 손님께서 지금 ▲▲일이 결제일이기 때문에요. 저희 쪽에서 ▲▲일 날 결제 대금 출금처리가 될 때는 저희 쪽에 ▲▲▲▲▲▲▲▲원입니다. 네, 잘 알겠습니다. 그럼 손님 저희 쪽에 보유하고 계신 카드로 장기 카드 대출 이용할 수 있는 한도도 발생이 되어 있으시더라고요, 손님? 아 그거는 필요 없습니다. 연회비 한 달에서 변동될 수 있습니다. 감사합니다. 상담사 ▲▲▲이었습니다. 네.",0,A
normal_A_0611,"안녕하세요. 어제 견적을 요청드렸는데요, 다시 한번 견적 부탁드립니다. 인원은 성인 여자 3명이고, ▲월 ▲▲일 토요일부터 ▲월 ▲▲일 수요일까지 4박, 파드마 우붓의 Premier Room으로 예약하고 싶어요. 그리고 ▲월 ▲▲일 수요일부터 ▲월 ▲▲일 토요일까지 3박, 림바 바이 아야나로 예약하고 싶습니다. 안녕하세요! 요청하신 견적 다시 안내드릴게요. ▲월 ▲▲일부터 ▲▲일까지 파드마 우붓에서 4박, Premier Room은 1박에 $207이고, 성인 1인 추가 요금이 4박 동안 $90입니다. 그래서 총 금액은 $1188이에요. 네, 그럼 림바 바이 아야나는 어떻게 되나요? ▲월 ▲▲일부터 ▲▲일까지 림바 바이 아야나에서 3박 예약 시, Resort View Room은 1박에 $208이고, 성인 1인 추가 요금이 3박 동안 $80입니다. 총 금액은 $864이에요. 림바 호텔의 특전은 어떤 게 있나요? 림바 호텔에서는 객실당 2인 기준으로 탈라소테라피 풀 1시간 2인 1회와 맥주 또는 음료 2인 1회(락바) 제공돼요. 그리고 전원 조식이 포함되고, 3박 이상 예약 시 ▲▲▲▲ 무료 공항픽업 1회도 제공됩니다. 친절한 안내 감사합니다. 예약 진행 원하시면 정보를 보내주시면 됩니다. 영문 및 한글 성함, 생년월일, 대표자 핸드폰 번호(발리 도착 후에도 연결 가능한 카톡 아이디), 도착 항공편명(3박 이상일 경우) 이렇게요. 알겠습니다. 그럼 정보를 정리해서 보내드릴게요. 네, 기다릴 준비가 되어 있습니다. 궁금한 점이 있으면 언제든지 문의 주세요. 감사합니다!",0,A
normal_A_0612,"상담원 ▲▲▲입니다. 저기 미납이 있다고 그래가지고 연락을 드렸는데요. 예, 그러면 제가 미납 금액 바로 한번 확인을 해 볼 텐데 ▲▲▲▲님 본인 맞으십니까? 예, 예. 예, 손님 제가 확인을 해보니까 원래 손님 어제 납부돼야 될 금액이 ▲▲▲▲▲▲▲▲▲원이었는데요. 통장에 잔액부족으로 ▲▲▲▲▲▲▲▲▲▲원만 청구가 됐고요. 예. 그래서 지금 그 이월 약정 서비스 가입되어 있어서 이제 ▲▲▲▲▲▲▲▲원은 다음 달로 이월이 되었음에도 불구하고 지금 미납되어 있는 금액 ▲▲▲▲▲▲▲▲▲▲원 있는 걸로 확인되고 있어요. 저는 이거 한 적이 없는데. 아 그러세요? 제가 확인을 해보니까 아주 옛날에 ▲▲월 서비스 가입되어 있었던 걸로 확인되고 있고요. 만약이 서비스 원치 않는다면 제가 ▲▲월 약정 서비스 해지 도와드려도 괜찮을까요? 해지하고 그 돈을 찾아서 하시면 되는데요. 예, 그러면은 지금 혹시 말씀해 주신 부분이 현재 미납되어 있는 금액과 지금 이월된 금액을 전체 다 결제하고 싶다는 말씀 맞으실까요? 예. 그러면 결제는 지금 끝자리 ▲▲▲▲▲은행에서 전부 가능하신 거고요? 예. 예, 그러면 제가 결제는 도와드릴 텐데 단지 지금 그 ▲▲▲▲▲▲▲▲▲원 같은 경우에는 자동이체 등록도 되어 있다보니까 통장이 잔고가 있을 경우 이중납부될 수 있거든요. 물론 이중 납부된 금액은 평일 다음 날 오전에 돌려드리지만 그 부분 괜찮으실까요? 예, 그렇죠. 예, 그러면 일단은 지금 현재 미납금액이랑 이월된 금액 즉시 출금부터 도와드릴게요. 일단 두 번에 나눠서 진행을 해야 되기 때문에 먼저 ▲▲▲▲▲▲▲▲원부터 연결되어 있는 끝자리 ▲▲▲▲▲▲은행 계좌에서 즉시 출금 진행하겠습니다. 예. 일단 즉시 출금 완료되었고요. 그다음에 이월된 금액 선결제 도와드리도록 하겠습니다. 잠시만 기다려 주시면 감사하겠습니다. 그 이자를 안 내는 거잖아요. 그렇죠? 어 하루 치 이자는 발생하고 있는 걸로 조회되고 있어요. 네. 예, 확인을 해보니까 수수료 ▲▲▲▲원 초과되어서 총 결제 금액은 ▲▲▲▲▲▲▲▲▲▲원 있고요. 이 부분 즉시 출금 진행 도와드려도 괜찮으실까요? 예. 네, 즉시 출금 완료해 드렸고요. 그럼 그다음에 마지막으로 지금 그 신청되어 있는 이월 약정 서비스 바로 해지 진행하도록 하겠습니다. 예. 예, 감사합니다. 이월 약정 서비스도 바로 해지되었습니다. 다음부터는 뭐 미납 금액 발생한다고 해도 이월되지 않고 전액 미납금액으로 남아서 다음 결제 다음에 매일 매일 연결되어 있는 통장으로 재청구 요청이 진행이 될 거예요. 예, 알겠습니다. 감사합니다. 그러면 이중 출금되면 그러고 다시 입금되나요? 예, 만약에 이중납 발생하는 경우에는 평일 기준 다음 날에 환급을 해 드립니다. 알겠습니다. 감사합니다. 상담원 ▲▲▲이었습니다. 예.",0,A
normal_A_0613,"상담원 ▲▲▲입니다. ▲▲월 ▲▲일 날 12만 원 이거 취소돼 있는지 좀 확인해 주세요. 확인 도와드리겠습니다. 손님 생년월일 앞에 6자리와 휴대폰 번호 말씀해 주시겠어요? ▲▲▲▲▲▲▲▲▲▲▲▲▲▲▲▲▲ 네. 전화 주신 따님분 성함은요? ▲▲▲ 본인 손님 맞으시고요? 예, 예. 결제 은행은 어디 은행 이용 중이세요? ▲▲은행이요. 네, 확인 정말 감사합니다. 손님 매달 며칠 날짜 이용 건이세요? ▲▲월 ▲▲일이요. ▲▲월 ▲▲일이요? 예, 예. 네, 조회 중에 있고요. 잠시만 기다려 주세요. 예. 손님 기다려 주셔서 감사합니다. ▲▲월 ▲▲일 날짜 이용 건이 총 3건인데요, 그 중에서 1건은 취소하셨거든요. 예. 그러면 이거 12만 원짜리예요? 12만 원이요? 예, 예. 알리 익스프레스에서 결제하신 거 말씀하시는 거죠? 12만 원이요. 예, 예. 이거 12만 원 그대로 부분 취소처리 정상적으로 완료되셨어요. 이거 취소 했어요? 취소 되셨어요. 아니, 돈이 안들어왔어요. 잠시만 기다려 주세요. 이 금액은 납부를 하셨었는지 확인해 드릴게요. 예, 예. 손님, 30초, 1분 가량 소요될 수 있습니다. 잠시만 더 기다려 주세요. 아, 며칠 걸린다고요? 아니요, 손님. 30초에서 1분 가량 소요될 수가 있기 때문에요. 잠시만 기다려 주세요. 제가 지금 확인해 보고 있거든요. 예, 예. 네, 전화 끊지 말고 기다려 주시면 돼요. 예, 예. 손님 기다려 주셔서 감사합니다. ▲▲월 ▲▲ 날짜에 환불 정상적으로 이루어진 걸로 조회되고 있으세요. 예. 계좌를 넣었다고요? 잠시만요. 네. 네, 손님. 기다려 주셔서 감사합니다. ▲▲월 ▲▲ 날짜 기준으로 확인해 주시면 돼요. 입금 처리 완료되어 있으세요. 예. 그런데 이제 안 들어왔는데요? ▲▲월 ▲▲일 날짜에 조회해 보신 거 맞으세요? 취소처리되셔서 정상적으로 처리되신 걸로 조회되고 있으시거든요. 예. 그러면 통장으로 와 있는 거에요? 네, 통장으로요. 통장으로. 예. 통장정리하시게 되면은 그 중간에 뭐 입금되고 출금돼 있었던 내역이 쭉 나오실 거잖아요, 그 날짜 중에서 ▲▲월 ▲▲ 날짜 확인하시면 돼요. 예. ▲▲월 ▲▲요? 네, ▲▲월 ▲▲일이요. 그럼 뭐 그다음에 또 하나 있어요. 어떤 거 말씀이세요. 잠깐만요. 어, ▲▲월 ▲▲일 날 이거 저기까지 했다고 알려줬는데 네. ▲▲월 ▲▲일 날 ▲▲▲▲▲▲원 이것도 내가 통장에는 입금이 안 됐거든요. 이것도 확인해 주세요. 네, ▲▲월 달 ▲▲일 날짜 입금 내역 확인하시면 돼요, ▲▲월 ▲▲일이요. 아 ▲▲월 ▲▲일 알겠습니다. 예, 감사합니다. 상담원 ▲▲▲이었습니다. 예, 예.",0,A
normal_A_0614,"상담원 ▲▲▲입니다. 아 네, 안녕하세요? 뭐 좀 여쭤볼려고 하는데요. 안녕하세요? 네. 이게 카드가 ▲▲월 ▲▲일 날 ▲▲월 ▲▲일 날 그 이용한게 중복으로 다 결제가 됐거든요. 네. 그리고 이게 이상해서 연락을 드려봤어요. 아 그러십니까? 지금 본인 확인 후에 안내해드릴 텐데요. 본인분 먼저 연결 부탁드립니다. 본인 확인이요? 네. 본인 확인 어떻게 해요? 본인분 바꿔 주시겠어요? 네, 아버님 받아보세요. 안녕하세요? ▲▲카드 상담사 ▲▲▲입니다. 손님 생년월일과 휴대폰 번호 말씀 부탁드립니다. 아 ▲▲▲▲▲▲▲▲ 네. 핸드폰 번호요. 예 ▲▲▲▲▲▲▲ 전화 받으시는 손님 본인 성함이 어떻게 되세요? ▲▲▲ 연결되어 있는 결제 계좌 어느 은행 계좌 이용하세요? 어 ▲▲은행 확인 감사합니다. 옆에 계신 분께 모든 상담 안내 및 업무 처리하는 것에 동의하십니까? 예. 연결 부탁드립니다. 예, 여보세요? 네, 안녕하세요? ▲▲카드 상담사 ▲▲▲입니다. 혹시 진에어에서요. 티켓 2개를 구매하신 거예요? 네. 어머니 이날 뭐 비행기 티켓 구매하셨어요? 왕복 그러면 이게 여보세요? 네, 그러면 아 네, 알겠습니다 건강하세요. ▲▲▲▲이었습니다. 감사합니다. 예 예, 수고하세요. 상담 종결되어 통화 먼저 종결해주시면 됩니다. 상담 종결되어 통화 먼저 종결하도록 하겠습니다. 아 예 예, 수고하세요. 건강하세요. 감사합니다. 상담사 ▲▲▲이었습니다.",0,A
normal_A_0615,"일상의 즐거운 변화 LGU+ <NAME>입니다. 예, 맞습니다. 네, 안녕하세요? 예, 제가 본인 꺼 <DATE>에 그 청구금액이<CHARGE>데, <DATE>나가고 <DATE>나갔구요. 네, <NAME> 고객님 본인되시구요? 예, 맞습니다. 잠시만요, <CHARGE>인데 2건이 나갔다고 해도 <DATE> 나간 거밖에 없는데요, 하나카드로? 근데 여기는 2번 나간 거로 찍혀 있는데요. 하나카드 <CHARGE> 맞으세요? 예. <DATE> 한 번밖에 안 나갔어요. 그럼 그거 어떻게 된 거죠? 여기 LGU+ 해 가지고 <DATE>도, <DATE>도 그게 돼 있는데.... 혹시 다른 분 요금 내주고 있으신 분 있으세요? 아니요, 나간 게 유사한 거 같아 가지고, 내가. 고객님 한 번밖에 안 나갔어요. <DATE>에 <CHARGE>이에요. <DATE>이 아니고 <DATE>은 나간 거 아닌가요? <DATE>에 나간 거 아니세요. 금액이 <CHARGE>이라구요. 예. 네, 휴대폰 요금인데 한 번밖에 안 나가요. 자동이체가 하나밖에 안 걸리기 때문에 한 번 더 못 나가거든요. 이게 LGU+ 건당으로 돼 있거든요. 휴대폰 번호 적혀 있으세요? 아 지금은 안 잡히고요. 그러면은 카드번호 좀 저한테 불러주세요. 제 카드요? 네, 그 하나카드 카드번호 좀 저한테 불러주세요. 잠시만요. 네. 여보세요? 네. 예, <CARD_NUMBER>. <CARD_NUMBER>. <CARD_NUMBER>요. <CARD_NUMBER>요. 잠시만요, <CARD_NUMBER> 여기서 나간 건 해외 유심 한 번밖에 없네요. 예, 그래요. <DATE> 오후에 나갔어요. 알았습니다. 네, 고객님 너무 걱정 안 하셔도 되고 카드사 전화해서 이중 출금되는지 확인 한 번 해보세요. 예, 알았습니다. 고맙습니다.",0,A
normal_A_0616,"안녕하세요. 발리 호텔 요금 문의 드립니다. 호텔이나 풀빌라 좋은 데가 너무 많아서 선택하기가 정말 어렵네요 ㅠㅠ 1. 일정: ▲▲/▲▲-▲▲/▲▲(2박) 2. 인원: 성인 3명 & 어린이 2명(만 5세, 만 3세) 3. room rate 문의 드리며, 호텔 경우 1박에 2룸 예약할 예정입니다. 제1안: 페퍼스 센토사 스미냑 3 베드룸, 제2안: 알릴라 객실, 제3안: 더블식스 객실 감사합니다. 안녕하세요~ ▲▲▲님! 발리 여행 준비 중이시군요. 요금 안내해드릴게요. 제1안으로 페퍼스 센토사 스미냑 3베드룸은 2박에 약 1,200달러 정도예요. 제2안인 알릴라 스튜디오는 2박에 920달러이고, 조식 포함이에요. 제3안 더블식스 객실은 2박에 720달러로, 역시 조식 포함입니다. 가격은 좋아요. 예약진행 방법은 어떻게 되나요? 예약 원하시면 예약자분의 영문 이름과 주민번호 앞 6자리를 이메일로 보내주시면 돼요. 결제 절차를 간소화할 수 있나요? 현금 결제 기준이고, 카드 결제 시 2.5% 수수료가 추가돼요. 환율은 어떠한가요? 환율은 실시간으로 체크되며, 현금으로 살 때의 환율이 적용됩니다. 추가로 궁금한 점 있으시면 언제든지 물어보세요! 감사합니다.",0,A
normal_A_0617,"상담원 ▲▲▲입니다. 아 네, 뭐 하나 여쭤보려고요. 네, 반갑습니다. 어떤 부분 안내 도와드릴까요? 제가 ▲▲카드 쓴 기록이 없는데 ▲▲원 결제된다고 문자가 와가지고 ▲▲원이 어떤 내역인지 확인 가능할까요? 아 카드를 사용한 적이 없는데 ▲▲원이 발생이 됐다는 말씀이신 거죠? 네, 제가 ▲▲카드는 저기 뭐지 그 그 입금할 때 만든 체크카드면 바로바로 그때 오잖아요? 네 네 네. 이렇게 후불 결제되는 카드가 없거든요. 뭐 어떤 거죠? 아 그러세요? 알겠습니다. 그럼 제가 손님 정보 먼저 확인하고 확인해 보도록 하겠습니다. 전화주신 분이 ▲▲▲님 본인 맞으십니까? 네. 네, 반갑습니다. 어 손님 저희 쪽에 나라체크카드하고 사랑체크카드 두 가지 갖고 계시잖아요? 네. 네, 그 중에 그 나라체크 카드 이 카드의 발급 수수료가 1,000원이 있으세요. 그 나라카드 다시 한번 그게 뭐죠? 뭐하고 뭘 만들어요? 나라 체크 카드라고 해서 네. 네, ▲▲년도 ▲▲월 ▲▲ 날 이제 추가로 발급받은 카드가 있으세요. 아 그 가입 전에 그 통장 만들면서 발행 받은 걸까요? 그러시면 잠시만 기다려 주시겠습니까? 아 네, 네, 기다려 주셔서 너무 감사드립니다. 네, 은행 쪽을 통해서 그 카드 혹시 재발급 받지 않으셨어요? ▲▲월 ▲▲일 날에. 네. 제가 통장이라고 해서 월급 통장을 다시 만들기는 했거든요. 그거 만들면서 체크 카드 발행한게 혹시 수수료가 들어가는 걸까요? 네, 이제 기본적으로 이제 체크 카드를 발급 받으시면 발급되어 있는 뭐 그것도 있고 막 없는 것들도 있는데 손님이 지금 일반적으로는 체크 카드 발급할 때 발급 수수료 1,000원이 발생된다고 생각하시면 되시고 다만 그 발급받은 날로부터 다음달 말일 날짜까지 10,000원 이상 사용을 하게 되시면 발급 수수료는 저희가 다시 그 돌려드리는 부분이 있으세요. 아 지금 제가 발행은 카드가 그렇게 된다고요? 네, 지금 나라 체크 카드 발급 받을 때 아마 혹시 발급 수수료 안내받지 않으셨어요? 아 알겠습니다. 그걸로 나온 거구나 네. 네, 그러니까 이 체크 카드 같은 경우는 발급 수수료 1,000원이 부과되는 게 맞고 그 카드 수령 다음 달 말일 날짜까지 10,000원 이상 이용하면 그 발급 수수료는 돌려드리는 부분이 있습니다. 네. 어쨌든 일회성으로 나온 거죠? 네, 네 이거 말 그대로 그냥 그 카드 발급 수수료라고 보시면 되세요. 아 네, 알겠습니다. 감사합니다. 네, 상담사 ▲▲▲이었습니다. 네, 감사합니다. 네, 감사합니다. 네.",0,A
normal_A_0618,"상담원 ▲▲▲입니다. 아 네, 안녕하세요? 저 뭐 그 캐시백 문의 좀 하려고 하는데요. 예. 아, 네. 그 제가 그 사용을 좀 하려고 하는데요. 네. 어, 그 신청 방법하고 혹시 그 결제는 오늘 꼭 해야 되는지요? 몇 시까지 결제를 해도 되는 건지도 모르겠습니다. 자동차, 어느 회사 차량 구매 하세요? 아, 그 지하 인증 중고차에서 구매를 하려고 합니다. 그러세요? 가격은 손님이 정하시는 거세요, 일단 자동차를 일시불로 구매는 맞으시죠? 아, 네. 네. 가격대 어느 정도 생각하세요? 아, ▲▲▲원 정도 생각하고 있습니다. 전체는 뭐 한 ▲▲▲원 정도 될 것 같아요. ▲▲▲원. 등록세, 취득세 빼고 하시는거고요. 아, 그래요? 네, 세금은 나라로 받도록 따로 결제하셔야 되시고요. 아 네, 네. 예, 자동차 대금은 현금으로 준비되어 있다는 말씀이실까요? 아 네, 네. 네, 선입금 방식이라고 있습니다. 혹시 보셨어요? 아 네. 선입금 방식으로 해야 1.3%가 되는 거죠? 그렇습니다. 그 선 입금하실 금액은 손님이 정하시는 거고요. 아 네, 네. 예, 금액 정하시고 이 번호로 전화주시거나 웹에서도 가능합니다. 정하시고 완료하면 가상계좌가 문자 발송될 거고요. 아 네, 네. 네, 선입금을 먼저 하시면 입금한 만큼 카드 사용할 수 있는 특별 한도가 발생됐다고 문자 갑니다. 한도 때문이고요. 그 한도 이용해서 일시불로 구매를 하면 신용카드로 사용을 하시면 한 달 이내에 통장으로 1.3% 현금 지급해 드려요. 아 네, 네. 알겠습니다. 그리고 혹시 제가 그 산정한 금액보다 실제 카드 사용은 적을 거잖아요? 네. 남은 차액은 결제 통장으로 자동 환불 입니다, 시간은 1주일 정도 소요됩니다. 아, 그래요? 그 한도만 정해서 저 다시 전화드리거나 아니면 웹에서 그 신청할 수가 있고요? 네. 아, 그러면 아예 그 휴대폰 앱으로도 신청할 수 있나요? 네, 각 은행 어플 말고 ▲▲카드 ▲▲페이라고 어플이 있습니다. 거기서 돋보기에 선입금이라고 검색하면 나옵니다. 네, 네. 아, 잘 알겠습니다. 감사합니다. 아, 그리고 마지막으로 아까 그 오늘 그 선입금을 하게 되면 결제는 언제까지 이제 기간에 할 수 있나요? 가상계좌 문자받은 날로부터 15일 안에 입금하시는 거고요. 아, 네. 가상계좌로 입금한 순간부터 15일 안에 카드 사용하시는 거예요. 네, 네. 아, 15일이요. 아 네, 알겠습니다. 감사합니다. 네, 상담원 ▲▲▲이었습니다. 네, 감사합니다. 감사합니다.",0,A
normal_A_0619,"상담원 ▲▲▲입니다. 네, 안녕하세요? 제가 그 ▲▲카드를 발급 신청했는데 여쭤볼 게 있어서 ▲▲ 고객센터나 ▲▲카드 고객센터에 문의했다가 이제 마지막으로 여기에 전화 드리게 됐어요. 안녕하십니까? 네, 네. 제가 ▲▲ 신용 그 ▲▲카드를 신청했는데 이게 지금 ▲▲월로 넘어가면서 캐시백 이벤트에 관해서 안내 페이지가 없어져서요, ▲▲ 고객센터 쪽에서 이제 이쪽으로 전화해서 제가 이벤트 대상자가 되는지 여쭤보려고 하더라고요? 아 그러셨어요? 예, 전화주신 분은 ▲▲▲ 님 본인 맞으십니까? 네, 네. 확인 감사합니다. 300,000원 이상 결제 시 ▲▲원 ▲▲ 포인트가 지급되는 거를 말씀하세요? 네, 네. 네, 결제 그 카드 발급을 ▲▲월에 하셨잖아요? 네, 네. 예, 수령만 지금 안 하신 거지, 네, 네. 예, 그러니까 카드를 받으시면 ▲▲월 ▲▲일까지 ▲▲ 페이로 ▲▲원 합산해서 300,000원 이상 이용하시면 70000 포인트가 지급되는데 기존 그대로 적용됩니다. 아 네. 혹시 그러면 제가 손님께서 ▲▲개월 이내에 카드 이용이 없고 하셨으면 적용은 됩니다. 어 혹시 그러면 제가 ▲▲▲▲ 그 카드 수령은 지난 ▲▲월 ▲▲일까지 못 하는데요, 혹시 지금 페이 등록해서 이용하실 수 있어요, ▲▲ 페이에. 아 그걸로도 되나요? 그러니까 ▲▲ 페이로 결제를 300,000원 이상 하시는 거예요. 아 네. 혹시 그러면 제가 그것도 안내를 못 받아서 혹시 ▲▲ 포인트라고 말씀하시는거는 네, 그 포인트는 혹시 현금화가 가능한가요? 예. 저희가 ▲▲ 포인트까지는 알 수 없지만 가능하신 걸로 알고 있는데 그거는 ▲▲로 물어보셔야 돼요. 아 네. 알겠습니다. 네, 상담원 ▲▲▲이었습니다.",0,A
normal_A_0620,"일상의 즐거운 변화 LGU+ <NAME>입니다. 여보세요? 네. 안녕하세요? 요금 납부 자동이체 카드 변경 좀 할려구요. 네. 고객님 자동이체 얼른 확인해 보겠습니다. 지금 저희 고객님 정보 확인 중이셔서 잠시 기다려 주시겠습니까? 네. 연락 주신 분은 <NAME> 고객님 본인되십니까? 네. 확인 감사합니다. 고객님 변경하실 카드는 고객님 본인 명의 카드이신 거세요? 네. 변경하실 카드번호와 유효기간 말씀 부탁 드리겠습니다. 현대카드요. 네. <CARD_NUMBER> 네. <CARD_NUMBER> 저희 고객님 생년월일 한번만 확인 부탁 드리겠습니다. <BIRTH_NUMBER>요. 네. 저희 <NAME> 님 LGU+ 요금 납부 방식은 말씀해 주신 현대카드로 변경하는데 동의하십니까? 네. 감사합니다. 지금 변경하는 동안 잠시 기다려 주시겠습니까? 네. 이거는 요청해 주신 카드로 안전하게 지금 바로 변경해 드렸습니다. 일단은 이게 저 핸드폰하고 뭐지, 그니까 일반 전화하구요. 네 휴대폰이 2개가 있잖아요. 아 혹시 그럼 고객님 제가 방금 변경해 드렸던 건, 고객님 휴대폰만 먼저 변경해 드렸던 거라서 혹시 면제 다른 거를 다 따로 해야 되나요? 아 네. 이제 별도로 각각 각 변경이 가능한데, 혹시 고객님 지금 저희 변경하실 다른 휴대폰 중에 U+ 사용하는 번호가 있으신가요? 예. U+번 예. 아 네. 그 그것도 변경하셔야 하는 거라면 저한테 번호 혹시 말씀해 주실 수 있으실까요? 예. <MOBILE_NUMBER> 아 네. <MOBILE_NUMBER>, <MOBILE_NUMBER> 이 번호 먼저 확인해 보겠습니다. 네. 네. 명의자분에 성함 생년월일 동일하신가요? 네. 아 네. 그 지금 말씀이 잘 들리지 않아서요. 네. 네. 어 네. 혹시 그럼 고객님 지금이 번호도 똑같은 카드로 변경하시나요? 네. 네. 그럼 <NAME>님 명의로 된 <MOBILE_NUMBER> 이번 요금 납부 방식은 아까 변경해 드렸던 똑같은 현대카드로 변경하는 것에 동의해 주십니까? 네. 네. 감사합니다. 잠시만 기다려 주시겠습니까? 네. 지금 바로 이 전화도 변경해 드렸고, 저희 U+ 지금 또 휴대폰 번호가 있으실까요? 아니면, 아니요. 일반 전화요. 그 일반 인터넷 유선 전화 말씀이시죠? 네. 네. 어 네. 혹시 제가 간단한 자동이체 변경은 저희 쪽에서도 가능하여서 제가 확인해 보려고 하는데요. 그 인터넷 전화가 설치된 주소가 어떻게 되실까요? 예. 그러면 <ADDRESS> 네. 확인 말씀 감사합니다. 인터넷 전화 조회하는 동안 잠시 기다려 주시겠습니까? 네. 아 네. 고객님 지금 인터넷 전화도 똑같이 아까 말씀하신 현대카드로 변경하는 것에 동의해 주십니까? 네. 네. 감사합니다. 제가 얼른 변경하고 바로 말씀드리겠습니다. 아 네. 확인 요청해주신 대로 휴대폰 2개와 그 인터넷 전화까지 해서 두 가지 모두 변경해 드렸어요. 혹시 이거 말고 또 변경하실 건 없으실까요? 네. 다른 더 문의 사항은 없으십니까? 네. 감사합니다. 네. 고객님 요즘 많이 더운데 항상 건강 유의하세요. 네.",0,A
normal_A_0621,"상담원 ▲▲▲입니다. 아 네. 카드 그 그 결제된 거지 어디인지 잘 몰라서 그것 좀 확인 좀 할려고 하거든요. 어 손님의 결제 아 결제계좌 말씀하십니까? 네. 저희가 안내해드리기 전에요. 본인 확인 안내 도와드리도록 하겠습니다. 전화주 네 전화주신 손님 ▲▲▲ 님 본인 맞으십니까? 네 네. 네. 손님의 결제 계좌는 ▲▲은행으로 확인되고 있으십니다. 결제 계좌가 아니고 그 카드 명세서에서 이제 결제가 돼서 나간 곳이 있는데 저희가 여기 뜬 걸로는 제가 어디 쓰는지 몰라가지고 그 어디인지 좀 알아볼려고 하거든요. 네 네. 아 승 어 결제 대금이라고 하시면 지금 이메일로 청구지를 받고 계신데요. 네 네. 그러니까 예를 들어 내가 몇 며칠에 어디에서 돈이 얼마를 썼다가 넣은지 그 어디가 이름만 봐서는 어딘지 몰라서. 네 네. 아 승인 내역을 말씀을 아 네 그러면 언제 날부터 언제 날까지 발송해드리면 될까요? 어 지금 2건만 확인하면 되거든요. 아 네 네. 3월 26일이랑 3월 27일이요. 잠시만 기다려주시겠습니까? 3월 26일이랑 27일이요. 네. 저희가 이 부분은 3월 26일은 SK플래닛이라고 되어있고요. 3월 27일에 JNO라고 돼 있거든요. 잠시만 기다려주시겠습니까? 전산 보고 있는데요. 잠시만 기다려 주세요. 네. 지금 3월 26일 거는 3건이시고요. 롯데백화점 ▲▲ 포함해서 ▲▲▲▲원 이용하신 거고요. ▲▲▲원짜리 있길래 SK플래닛 네, 찾았습니다. 이거 이 금액이랑요. 그리고 27일 네. 그 SK플래닛이 어딘지 네 27일. JNO ▲▲▲▲▲▲▲▲원 맞으십니까? 네 네 네. 네. 제가 이 부분은 팩스나 이메일 중에 어 두 가지 중에 발송해드릴 수 있는데 어느 곳으로 발송해 드리면 될까요? 이거 발송을 한다고요? 이거 여쭤보면 이게 어딘지 바로 말씀을 해주시던데. 그리고 만약에 이게 뭐 아이디나 이런 거면 거기 뭐 승인번호를 저한테 알려주시고 뭐 이렇게 하던데. 아 아 승인번호 그러면 제가 안내 도와 안내해드리겠습니다. 그럼 SK플래닛 JNO인가 뭐 그것처럼 그런 거예요? 잠시만 기다려주시겠습니까? 네. 네 업종 코드는 인터넷 쇼핑으로 확인되시고요. 업종을 영화 예매로 확인되십니다. 네. 아 영화 예매요. 아 네네네네. 아 그럼 알겠어요, 어딘지. 아 그렇습니까? 그러면 네 네 3월 27일에 JNO는요. 잠시만 기다려주시겠습니까? 네. 여기 여긴 여기는 침구 커튼이라고 확인되십니다. 침구 커튼이요? 네 네. 침구를 산 적이 없는데. 네. 인터넷 쇼핑이라고 되시고 여기가 음 네. 지금 저희 전화번호도 있으시거든요. 어 여기 가맹점 이름 이니시스 쇼핑몰이라고 확인되십니다. 아 네. 이니시스 쇼핑을 우리가 이거 전화번호 좀 알 수 있을까요? 아 네. 전화번호는 ▲▲ 네. ▲▲▲▲▲ ▲▲▲▲ 네. ▲▲▲▲입니다. 아 네. 감사합니다. 아 네. 감사합니다. 상담원 ▲▲▲▲이었습니다. 네. 수고하세요. 네.",0,A
normal_A_0622,"상담원 ▲▲▲입니다. 아 ▲▲월 결제 금액이 이달에 얼마 인가요? 선결제 할려고 그러는데 아 그러십니까? 제가 본인 확인 후 확인해봐드리겠습니다. 전화하신 분은 ▲▲▲ 님 본인 맞습니까? 네. 네, 확인 감사합니다. 손님 결제일은 ▲▲일이고요. 아직 금액이 확정이 된 것은 아닙니다. 네 그래서 만약에 그 확정 금액을 여쭤보니까 뭐 내일 가능하시고요. 예. 카드론 장기 카드론은 안 된 지 오래 됐어요. 어 네, 장기 카드 대출은 네 이번 달에 그 납부가 되는데 이 절반을 드리 아니 카드 대출은 금액이 확정되어야지만 한 달치를 한달 가능합니다. 예. 얼마나 내요? 예, 손님께서 네 ▲▲일에 납부하실 금액은 ▲▲▲ ▲▲▲▲원으로 확인됩니다. 아니 장기 카드론 장기 카드 대출은 ▲▲▲▲▲▲▲▲▲▲원으로 확인됩니다. 아니 장기 카드론이 사용이 아 안 되는 거예요? 아 전체 금액을 말씀 말씀하시는 건가요? 장기 카드론 받을라 그랬는데 안 되는지 오래됐다고요. 네. 아 네 장기 카드론 같은 경우는 현재 추가로 신청할 수 있는 한도는 없는 것으로 확인됩니다. 예. 왜그래요? 이제 제한이 기존에 대출 이용하신 것 때문에 이용하실 수도 있고요. 장기 카드 저같은 경우는 이제 한 달에 한 달에 한 번씩 이제 선정 작업을 하게 되는데 이거는 만약에 이번주 안됐다면 다음 주에 한 번 더 확인해보시기 좋을 것 같고요 어 매월 ▲▲날이 아니고요? 예 다만 저희 가능하다 네 그래서 다만 가능하다고 확답을 드리긴 좀 어려운 점은 양해 부탁드리겠습니다. 알겠습니다. 네. 상담사 ▲▲▲이었습니다. 아",0,A
normal_A_0623,"상담원 ▲▲▲입니다. 아 네, 수고 많으십니다. 예, 감사합니다. 여기 ▲▲▲▲▲▲라고 하는데요. 네, 고객님. 저 번호 여쭤볼 게 있어서 전화드렸는데, 뭐 이게 지금 기업 카드를 ▲▲카드 말고 ▲▲이랑 ▲▲도 사용하고 있는데 보통 이게 법인 카드는 저희가 한도에서 예를 들어서 ▲▲원을 쓰고 ▲▲원 한도 충전을 더 하고 싶으면 선결제가 가능하잖아요. 그렇죠. 그런데 지금 저희가 이게 지금 저 한도가 ▲▲▲원 처리 카드가 하나 있는데 이걸 저희가 지금 한도가 ▲▲ 얼마밖에 안 남아서 미리 선결제를 좀 하고 싶은데 홈페이지 들어가가지고 이용 건 별 선결제를 누르니까 아직 내역이 없다고 떠가지고요. 조회해 볼게요. 성함은 어떻게 되세요? ▲▲▲입니다. 네, 사업자 번호 부탁드릴게요. ▲▲▲▲▲▲▲▲▲▲▲입니다. 네, 고객님 지금 ▲▲▲▲▲원인데 다른 카드들이 같이 있나 좀 볼게요. 네, 네. 지금 ▲▲▲ 님, 카드가 2개 있으시네요. ▲▲▲▲번 있으시고 ▲▲▲▲번 있으신데 ▲▲▲▲번 사용이 어떤 게 있는지 좀 볼게요. 네, 네. 맞습니다. 네. 잠시만 기다려 주세요. 조회 중에 있습니다. 네. 고객님 말씀대로 되어 있네요, 지금 사용이. 네, 네. 승인 내역이 좀 더 조회해 볼게요. 승인 내역이 최근에 없으신 것 같으신데요. 그 승인 내역은 있거든요. 이거 해외 사용을 아마 주로 해 가지고 그럴 텐데 그 이걸 선결제를 할 수 있는 방법이 없나요? 네, 미매입 건 선결제하실 수 있는 방법이 없어요. 우리 고객님 보시는 화면은 이용 내역이 있고 승인 내역 있잖아요? 네, 네. 지금 승인 내역하고 이용료하고 금액이 다르실 거 아니에요? 네, 네. 그 부분이시면 다 미매입 됐다는 얘기인데 미매입은 선결제할 수 있는 방법이 없어요. 카드사에 접수를 될 때까지 기다려야 돼요. 아 저기 카드사에 접수가 안 돼서 지금 조회가 안 되는 건가요? 예, 맞아요. 승인 내역으로도 조회는 되실 텐데, 승인 내역에서는 조회 되셨죠? 승인 내역은 승인 시점으로기 때문에 다 조회가 되셨을거 같고 이용 내역은 이제 결제 가능한 금액 기준으로 이제 보실 수 네, 네. 있으시기 때문에 거기에서는 아마 금액들이 안 보이셨을 것 같애요. 네, 맞아요. 근데 이게 혹시 매입은 그러면 언제쯤 되나요? 이거 카드 상담사가 예상해드리긴 어렵고 보통 국내 같은 경우도 2, 3일 정도 소요되시고 이상 소요되시기도 하시는데 해외 같은 경우는 그 이상 소요되시는 경우가 많이 있으세요. 네. 아 그러면 일단은 다음주 월요일 정도는 돼야 되기 선결제가 가능하다는 말씀이신 거네요. 네, 만약에 그 정상결제 건들이면 한번 확인해 보시고 음. 네, 네. 이거 확인해 보시고 이제 이 중에서 취소 건은 없으신 거예요? 다 정상 결제 건이세요? 네, 네. 여기 보니까 국민 건강 보험 공단 것도 금액이 좀 크게 있으신것 같아요. 국세랑. 네, 네. 네. 요런 건 들은 금방 매입 접수가 되실 것 같으니까 요런 거 위주로 먼저 선결제 하셔도 되실 것 같네요. 우리 고객님께서 한 번 이렇게 조회를 계속 해 보시면서 결제가 가능하신지 보시면 좋을 것 같습니다. 아 네, 알겠습니다. 감사합니다. 상담원 ▲▲▲이었습니다.",0,A
normal_A_0624,"상담원 ▲▲▲입니다. 예, 뭐 좀 여쭤보려 그러는데요. 네. 그 문자로 ▲▲ ▲▲이라고 해서 ▲▲▲▲▲원이 결제, 그 체크 승인이 됐다고 지금 저한테 문자가 아까 전에 ▲▲시 ▲▲분쯤에 문자가 와서요. 네. 그런데 제가 사용을 하지 않았거든요. 저는 지금 계속 집에 있는데. 그렇군요. 많이 놀라셨겠습니다. 본인 확인먼저 할 텐데요, 실례지만 ▲▲▲ 님 본인 되십니까? 네, 접니다. ▲▲▲ 님, ▲▲카드 오랜 기간 변함없이 사랑해 주셔서 감사드립니다. 손님께서 지금 사용을 하셨던 카드는 체크 카드이기는 하거든요. ▲▲▲▲ 체크 카드라고 해서 사용을 하셨는데요. 네, 네. 이제 카드를 가족에게 대신 사용할 수 있도록 하셨다거나, 하신 건 아니세요? 아니요 아니요, 그렇지는 않습니다. 그냥 가지고 있습니다. 아 그렇군요. 그런데 카드 실물로 사용이 되어서, 카드 지금 소지하고 계시다는 말씀이세요? 네, 네 그러니까. 손님, 실물 거래로 하셨던 거라서 카드 없이는 거래가 안 되는 방식이었는데요. 손님, 체크 카드가 2개가 있어요. 손님 ▲▲ 체크 카드하고 ▲▲▲▲ 체크 카드가 있는데 지금 사용된 카드는 ▲▲▲▲ 체크 카드예요, 손님. 아 그래요? 네. 아 네. 네 알겠습니다. 한번 더 확인을 해봐야 겠네요. 아 확인해보시고 사용 건이 아니시라고 하면, 연락 주시면 저희가 사고 매출접수라든가 분실 신고 다 가능하니깐요, 연락 한번 주세요. 아 예 알겠습니다. 예, 감사합니다. 상담원 ▲▲▲이었습니다.",0,A
normal_A_0625,"상담원 ▲▲▲입니다. 안녕하세요? 네, 안녕하세요? 아 네. ▲▲▲▲ 체크 카드, 이거 해외 지금 현재 한도가 좀 초과 돼 있을 건데 네. 지금 얼마 돼 인지 모르겠지만은, ▲▲걸로 좀 변경 부탁드립니다. 아 그러세요? 일단 정보 확인하고 바로 봐드리겠습니다. 전화주신 분은 ▲▲▲ 님 본인 맞습니까? 네, 네. 아 네. 손님 카드 어떤 카드 확인해 드려요? 그 ▲▲ 체크 카드요. ▲▲ 체크 카드인데 바로 봐드리겠습니다. 손님 ▲▲ 체크 카드는 손님 통장에는 잔고 한도 내에서 사용하는 현재 카드잖아요. 해외로 한도가 ▲▲ 달라, 한 달은 ▲▲▲로 되어 있네요. ▲▲ 달라요? 예. 아 그래서 그 ▲▲ 달라니까, 그 해달라고 한 ▲▲▲원 정도 되잖아요, 한국 돈으로? 네, 네. 그러니까 ▲▲ 달라로 좀 바꿔주세요. 예, 손님 그러면 월간 한도는 그대로 ▲달러로 해 드려도 될까요? 지금 바꿔도 그런데. 아 네. 손님 그러면 하루 한도 ▲▲, 월간 한도 ▲▲▲ 요거는 그대로 놔둬도 되겠습니까? 예, 그 상관없습니다. 아 네. 그러면 해외 하루 한도 ▲▲▲▲로만 변경해드릴게요. 잠시만 기다려주시겠습니까? 네. 네, 손님 기다려 주셔서 감사합니다. 변경 모두 완료해드렸으니까 다시 결제해 보시기 바랍니다. 아 그리고 제가 이거 네. 이제 한 번 결제하면 한 달 후에 다시 또 자동 결제되거든요. 그래서 제가 이거 로부터 한 달만 쓰고 안 쓸 예정인데. 어, 그러면 다시 전화 주셔야 돼요. 아 줘야 돼요? 예약은 안 되고요? 예, 저 예약은 안 되세요. 아 네. 알겠습니다. 감사합니다. 감사합니다. 상담원 ▲▲▲이었습니다. 네, 감사합니다. 감사합니다.",0,A
normal_A_0626,"상담원 ▲▲▲입니다. 네, 뭐 좀 여쭤볼려고 하는데요. 예, 감사합니다. 그 제 카드 승인 건에 대해서 네. 이제 오늘 날짜로 ▲▲은행에 돈이 빠져나갔는데 네. 어떤 게 빠져나갔는지 좀 여쭤볼려고 예, 한번 확인해드릴텐데요, ▲▲▲ 님 본인 맞으십니까? 예. 네, 확인 감사합니다. 지금 확인해 보니 손님 카드 대금 출금된 걸로 확인되세요. 그게 어디에 쓴 거예요? 잠시만 기다려주시겠습니까? 예. 네, 지금 손님 가지고 있는 ▲▲▲▲ 카드 있으시죠? ▲▲이요. 네 네. 연두색 말고 그 그 초록색으로 된 거 말씀하실까요? 어 잠시만요. 체크 카드 말고 잠시만 기다려주시겠습니까? 예. 예, 약간 초록색으로 된 거 있으시죠? 예, 그게 어디에 쓴 거예요? 지금 손님 할부 결제 건 확인되시고요. 예. 네, ▲▲▲▲년 ▲▲월 ▲▲일 날 예. 동물 병원에서 할부 사용 건 있으시잖아요? 예. 네, 이 금액이랑 지금 교통 카드 이용 건 확인되세요. 어 아니 그러면은 교통 카드라는 게 제가 저 차가 있으니까 저 교통 카드 쓸일이 없는데 어 후불하이패스카드 이용 건으로 확인 되시거든요. 그 카드가 따로따로거든요, 그거는. 이제 따로따로 라고 하시더라도 손님 결제일이 ▲▲▲이시기 때문에 한꺼번에 청구가 되시는 거세요. 아 그러면은 그 개설된거 같은 경우는 ▲▲월 달에 그러거든요. 네. 그러면 그게 할부가 아마 ▲▲개월일 거예요. 잠시만 기다려주시겠습니까? 예. 네, 할부기간 ▲개월로 확인되시고요, 지금 이번 달로 해서 종료되는 걸로 확인됩니다. 그래 그런데 그게 ▲▲월 이렇게 빠져나가는 게 아니고 ▲▲월 달까지 빠져나가는건가요? 네, 지금 이번 회차가 마지막이 되었던 걸로 확인되세요. 그럼 ▲▲월 달에는 안 빠져나갔어요, 이 돈이. 잠시만 기다려주시겠습니까? 예. 지금 결제되신 날짜가 ▲▲월 달에는 안 빠져나갔고 ▲▲월 ▲▲일부터 ▲▲월 ▲▲일, ▲▲월 ▲▲일 이렇게 결제됐던 걸로 확인되세요. 아 네, 알겠습니다. 예, 감사합니다. 예, 상담사 ▲▲▲이었습니다. 감사합니다. 네.",0,A
normal_A_0627,"상담원 ▲▲▲입니다. 네, 결제일 변경 좀 하려고요. 확인해 드리겠습니다. ▲▲▲▲▲▲ 님 본인 맞으십니까? 예. ▲▲카드를 이용해주셔서 진심으로 감사드리고요, 결제일이 현재 ▲▲일입니다. 며칠로 변경하실거세요? 월 초로 뭐 이렇게 있어요? ▲일 있습니다. ▲▲일로 해 드릴까요? 예. 네, 다만 기존에 이용 중이신 ▲▲일 결제일 같은 경우는 현재 운영 중인 결제일은 아니라서 변경하시고 나서 추후에 다시 ▲▲일로 등록은 안 되시는데 괜찮으세요? 지금 무슨 말이에요? 그러니까 지금 결제일은 ▲▲일이잖아요. 예. 네, 현재는 저희 ▲▲카드에서 ▲▲일 결제일을 운영을 하고 있지는 않아요, 기존에 등록하신 분들만 사용이 되고 있고 이제 다른 결제일로 변경하시면은 나중에 다시 ▲▲일로 복원은 어려우신데 괜찮으신지 여쭤본 겁니다. 예, 괜찮아요. 네. 그 결제일 변경 후 60일 이내에는 재변경 어려울 수 있는데 괜찮으시고요? 네. 결제일 ▲▲일로 변경하시면은 ▲▲월 ▲▲일 ▲▲월 ▲▲일 전화로 청구되실 거고요, 결제일 변경하셔도 기존 이용 금액이 변경 후 결제일에 청구 되지 않을 수 있으며 단기 카드 대출이나 자동 이체 이용 하시는 경우 이용 기간에 따라 두 달분이 청구될 수 있는데 괜찮으시고요? 아 네, 아니 그런데 이번에는 ▲▲월 ▲▲날 청구되는 거죠? 네, ▲▲일은 청구되지 않고 ▲▲월 ▲▲일에 청구됩니다. 월요일 날 그럼 ▲▲일날 언제 며칠부터 며칠까지 사용한 거를 뭐 ▲▲일날 있지 않은가요? 이번 ▲▲월 ▲▲일은 ▲▲월 ▲▲일부터 ▲▲월 ▲▲일까지 사용 금액이 ▲▲월 ▲▲일에 청구가 됩니다. ▲▲월 ▲▲일. ▲▲월 ▲▲일이요. ▲▲월 ▲▲일에. 예. 그래요, 알겠습니다. ▲▲월 ▲▲날 이건 결제일은 그렇단 얘기죠? 알겠습니다. 네, 결제일은 변경해드렸고 변경하신 결제일에 대한 이용 기간을 문자로 받으실 수 있으니 내용 꼭 확인 후 이용 부탁드리겠습니다. 네. 네, 좋은 하루 되세요. 상담사 ▲▲▲이었습니다.",0,A
normal_A_0628,"일상의 즐거운 변화 LGU+ <NAME>입니다. 통화가 끊어졌는데요. 아, 네. 저희 아들 핸드폰 번호는 옛날 거라 핸드폰 번호는 잘 모르고 주민번호로 조회가 가능한가요? 미납 금액이 얼마인지 알려주세요. 어 죄송합니다만 저 개인정보 보호 때문에 번호가 없으시면 확인이 조금 어려우세요. 아예 정보를 다 아는데도 안 돼요? 네, 네.혹시 자녀분이 성인이신 건가요? 네. 그러실 경우는 아니 지금 그거 때문에 안 돼요? 그게 오래된 거라 저도 그 핸드폰 번호를 기억을 못하거든요. 아 그럼 본인께서 직접 신분증만 지참하셔서 근처에 가까운 아무 대리점이나 가시면 본인인지 확인하고 번호 안내랑 미납요금까지 다 안내를 해드려요. 아니 지금 그럴 상황이 아니라서 연락을 드린 거거든요. 제가 돈을 내야 되는 상황이니까 그러죠. 네 어 어떤 말씀이신지는 제가 충분히 알 것 같습니다만 아시다시피 요즘에 개인정보 유출이 워낙 민감한 사항이라 전화상 업무로는 번호가 없으시면은 진행이 좀 어려우세요. 그러면 죄송한데요, 그게 법적으로 넘어간 거는 제가 어디에 전화를 해야 돼요? 아마 담당자님이 있으실 경우 고객님께 그 담당자님이 문자를 보내드린다거나 뭐 우편으로 보내 주셨다거나 하셨을 거예요. 예? 아 그 관리하는 게 뭐 따로 있어요? 이게 되게 여러 가지가 있어요. 고객님 그래서 센터만 확인해 드릴게요. 자녀분 성함이 어떻게 되세요? 예, <NAME>이요. <NAME>님 생년월일이 어떻게 되십니까? <BIRTH_NUMBER> 네. 어 고객님 메모 가능하실까요? 아니요. 네, 연락 받으실 번호 말씀해 주시면 문자 하나 보내드릴까요? 네, 네. 아니 제가 <MOBILE_NUMBER> U+ 아닌데 상관없어요? 네. <MOBILE_NUMBER> 문자만 보내드리는 거라서 상관없습니다. 아 네. <MOBILE_NUMBER>에 <MOBILE_NUMBER> 네, 네. <MOBILE_NUMBER> 관리자분 전화번호도 상관 없구요. 제 핸드폰 번호로 연락해주실 전화번호 주세요. 예 저희 담당자님과 저희 MG 신용 정보로 확인되고 있으셔서 MG 신용정보 담당자님 성함과 전화번호 문자 안내 도와드리겠습니다. 아 네, 감사합니다. 네 저는 <NAME>이었구요. 네, 네. 바로 도움 드리지 못해 너무 죄송합니다. 아닙니다. 감사합니다. 감사합니다. 네.",0,A
normal_A_0629,"일상의 즐거운 변화 LGU+ <NAME>입니다. 안녕하세요? 아 네. 수고하십니다. 네. 반갑습니다. 네. 제가 요금제를 좀 변경할려구요. 아 그러셨구요? 고객님 정확한 게 얼른 확인을 한번 해볼 텐데요. 예. 전화 주신 분은 <NAME> 고객님 본인 맞으십니까? 네. 맞습니다. 네. 정보 확인 너무 감사합니다. 네. 그 현재 5G프리미어에센셜 요금제 함께 등록 처리되어 있으시구요. 네. 그리고 지금 한방에yo로 결합할인까지 너무 잘 받고 계신데, 혹시 변경하시면 생각해 주셨던 요금제가 따로 있으실까요? 아 지금, 그 조건이 조금 더 저렴한 저렴한 요금제를 갈려구요. 네. 지금 10GB를 제가 쓰고 있다고 했는데 휴대폰예, 예전에는 제가 6GB 썼던 거 같애요. 핸드폰을 바꾸면서 이거 이거예 이 단말기 뭐 이런 거 때문에 제가 10GB를 썼었거든요. 네. 네. 근데 그게 6GB가 맞는지 잘 모르겠어요. 그러시면 제가 평균적으로 내용 확인을 하였구요. 상세 내용 조회 한번 해보겠습니다. 어 고객님 <DATE>에는 6.4GB 사용되셨구요. <DATE>에도 5.2GB 사용되셨고, <DATE>에 사용량이 조금 많으시다 보니 평균적으로 10GB가 확인이 되셨는데요. 그렇게 되시면 6GB 이용에 충분히 가능하신 건으로 예상이 되고 있습니다. 지금 고객님께서 이용 중이신 한방에yo로 결합할인으로 개통점에서 할인을 받고 계신데요, 만약에 고객님께서 지금 한방에yo로 결합할인 <CHARGE>과 추가 <CHARGE> 그리고 <CHARGE> 할인을 모두 다 이용을 해보실 계획이다라고 하시면 이게 지금보다 한 단계 낮은 5G스탠다드 요금으로 사용을 해주셔야 가장 적합하신 내용으로 확인이 되십니다. 아 그러면 한 달에 얼마 나오는 건데요? 월정액 자체는 <CHARGE>이시구요, 할인혜택 다 받아 보시면 <CHARGE>이세요. 네. 그 지금은 지금 현재 기존 쓰던 거는요? 지금 현재 기존 사용하시던 것은 고객님 핸드폰만 따로 조회했을 때 <CHARGE>이시구요. 네. 어쨌든 그러면 그걸로 좀 바꿔 주실래요? 그러시면 저희가 <CHARGE>에 해당 요금으로 변경 도와드려서요. <DATE>자까지 꽉 채워서 사용하시게 되면 <CHARGE>에 이용되실 수 있도록 변경 처리 도와드려 볼 텐데요. 고객님 현재 여기에 불필요한 부가서비스 휴대폰 번호 보호서비스, 간편결제 매니저, 모바일 안전결제 <CHARGE>이라는 서비스가 가입이 되어 있으신데요. 13가지 사항이 있습니다. 하나도 안 쓴 거 같은데, 그렇죠? 합계를 이용 가능하시기 때문에 제가 안내 도와 드린 내용임으로 필요한 부가서비스 등도 함께 삭제 처리 진행할 수 있도록 하겠습니다. 네. 네. 아 그러면 그거고 거는 이 요금제는 몇 기가 쓸 수 있는 거예요? 요금제는 월 150GB 사용가능하시구요. 만약에 다 사용하신다라고 하시면 그 이후부터는 5Mbps 속도로 이용해 보실 수 있습니다. 네. 감사합니다. 요금제 안내 도와드린 것처럼 월 중 변경이므로 월정액과 제공량 날짜 계산되어 청구되시구요. 그 이후 요금제는 고객님 사용해보시고, 또 한 달 뒤에 언제든지 변경 처리 이용 가능하시기 때문에 꼭 참고 부탁드리겠습니다. 감사합니다. 네. 감사합니다. 다른 궁금하신 점은 없으실까요? 네. 네. 나중에 궁금할 수 있겠네요. 네. 감사합니다. 네. 네. 고객님 저는 날씨 건강 유의하시구요. 오늘도 행복한 일들만 가득하시길 바라겠습니다. 네. 감사합니다. 네. 감사합니다.",0,A
normal_A_0630,"상담원 ▲▲▲입니다. 예, 그거 이번 달 카드 대금 조금 좀 결제해 주실래요? 아 그러세요? 확인을 위해서 ▲▲▲님 본인 맞으십니까? 예, 예. 예, 손님 결제일이 ▲▲일이기 때문에 아직 청구서가 만들어지지 않았는데요. ▲▲일 결제 예정 금액 중에서 미리 선결제하시는 것이고요? 예, 예. 네, 손님 금액은 혹시 얼마로 선결제 원하시는 걸까요? 예, 전부 다요. 아 모두 결제하시는 것이고요. 네. 네, 그럼 제가 금액 작업을 위해서요. ▲▲분 정도 잠시만 기다려주시겠습니까? 예, 지금 얼마되는지 좀 봐주세요. 네, 확인하도록 하겠습니다. 기다려주셔서 감사드립니다. 손님 우선 장기 카드 대출 금액은 확정이 되셔야 해당 부분 하실 수가 있기 때문에 이거 제외하고 일시불 단기 카드 대출 할부 금액에 대해서 먼저 선결제 가능하신데요, 이 금액 하시면 원금이 ▲▲▲▲▲▲▲▲▲▲원이구요. 수수료 오늘 기준으로 ▲▲▲▲▲원 포함해서 ▲▲▲▲▲▲▲▲▲원이 됩니다. 이 금액으로 결제해드릴까요? 얼마요? ▲▲▲▲▲▲원입니다. 그러면은 이거 내가 갚고 나면은 저기 카드를 얼마까지 좀 쓸 수 있는 지 알려줘요. 네. ▲▲에 가서 좀 써야 되기 때문에 해당 결제해 주시면 원금 ▲▲▲▲▲ 지금도 ▲▲▲▲▲▲▲▲▲▲▲원이 복원이 되고요. 이용 가능한 한도가 ▲▲▲▲▲▲▲▲▲▲▲원이됩니다. 예. ▲▲▲▲ 한도가 다시 확인해드리면 ▲▲▲▲▲▲▲▲▲▲원이 됩니다. 예, 일단 이거 ▲▲▲▲원 좀 중계해 주십시오, 그럼. 그럼 해당 금액 선결제 도와드리도록 하겠습니다. 예. 손님 ▲▲은행 계좌에서 그대로 출금해드리면 되실까요? 예, 예. 아 네, 그럼 지금 손님의 ▲▲은행 계좌에서 정상적으로 출금 완료되었고요. 이용 가능한 한도는 말씀드린대로 ▲▲▲▲▲▲원 일시불 할부 이용 가능하시고요. 완료되었습니다. 예, 예 고맙습니다. 감사합니다. 상담원 ▲▲▲이었습니다. 예.",0,A
normal_A_0631,"상담원 ▲▲▲입니다. 안녕하세요? 예, 제가 저희 카드 대출을 받았는데요, 카드론을. 아 그러세요? 네. 예, 그 중도 상환할려 그러거든요. 아 그러십니까? 생년월일 여섯자리 말씀해주시겠습니까? ▲▲년 ▲▲월 ▲▲일이요. 네, 휴대폰 번호가 ▲▲▲▲ 이하 어떻게 되십니까? ▲▲▲▲▲이요. 네, 전화 주신 손님 본인의 성함을 말씀해주시겠습니까? ▲▲▲요. 네, 결제 은행 어디십니까? ▲▲이요. 확인 감사드립니다. 네, 장기 카드 대출 원금 얼마 부분 결제를 도와드릴까요? 아니요, 다. 아 전액 상환하시겠습니까? 예 그러면은 원금 이자 합산해서 ▲▲▲▲▲▲▲▲▲▲▲▲원이고요. 예, 예. ▲▲ 계좌에서 출금해드리겠습니다. 예. 아 지금, 거기다 그러면요. 네. 아 저기 잔고가 다 다른데 있거든요. 가상계좌는 안 되나요? 어 가상 계좌 예약 도와드릴 수 있는데요. 손님 혹시 어느 계좌에 있으신 거예요? 어느 은행 통장이에요? 예. ▲▲은행이요. 어 ▲▲은행에서 즉시출금으로 해 드릴까요? 가상 계좌 예약해 드릴까요? 원하시는대로 처리해드리겠습니다. 예, 예. 아 가상계좌를 보내주세요. 예, 그럼 가상계좌는 ▲▲ 가상 계좌로 예약을 해 드릴까요? 예, 예. 네, 그러면 보이스 피싱 예방 관련 안내입니다. 혹시 금융 회사 직원이라는 전화나 문자를 받고 진행하는 건 아니십니까? 예. 혹시 신용 등급 상향 대출 보증비 등의 수수료 나면서 돈을 먼저 입금하라고 한 건 아니십니까? 예. 혹시 고금리 대출을 받고 상환하면 저금리로 대출이 가능하다고 한 건 아니십니까? 예. 네, 답변해 주셔서 감사합니다. 가상계좌번호와 ▲▲ 가상계좌번호와 금액을 예약해서 문자 발송해드렸고요. 가상 계좌 입금 관련 유의 사항도 문자 발송해 드렸으니 내용 확인하시고 이용 부탁드리겠습니다. 예. 네, 상담원 ▲▲▲이었습니다. 네.",0,A
normal_A_0632,"상담원 ▲▲▲입니다. 여보세요? 네, 안녕하세요? 아 네. 안녕하세요? 문의 좀 드리려고요. ▲▲일 날 결제 금액이 지금 얼마로 예정이 되어 있나요? 왜냐하면 ▲▲▲원 이상이 돼서요. 아 네, 확인해 드리도록 할 텐데요. 실례지만 전화 주신 손님은 ▲▲▲ 님 본인 맞으십니까? 네, 맞습니다. 네, 확인 감사합니다. ▲▲일 그러니까 ▲▲월 ▲▲일 말씀하시는 거 맞으실까요? 네, 네. 네, 현재까지 사용하신 일시불 금액 ▲▲▲▲▲▲▲▲원 되십니다. 아, 그러면 결제 금액이 얼마인지 아직은 ▲▲▲▲원으로 되는 거예요? 네, ▲▲▲▲원이신데요, 여부는 아직 확정 금액은 아니셔서요. 네. 네, 아직 더 쓰시면 결제일 날 사용 금액이 더 들어가시게 될 겁니다. 그러면 ▲▲월 ▲▲일까지 써야 되는 거죠? ▲▲월 어, ▲▲일은 아니고요. ▲▲일 같은 경우에는 ▲▲일까지 있으셔야 됩니다. 네. ▲▲일까지 ▲▲월 ▲▲일까지 쓰는 게 ▲▲일 날 나오는 거예요? 네, 네. 아 네, 알겠습니다. 네, 감사합니다. 네, 감사합니다. 여보세요? 네, 손님. 제가 ▲▲카드가 2개거든요. 2개 다 뜬 거예요, 거기? 네. 2개가 합쳐서 나옵니다, 손님. 아, 합쳐서 나온 김에 그러면 거기 내역에 지금 보험이나 뭐 관리비나 이런 게 다 들어가 있는 거예요? 네, 저희가 아파트 관리비 ▲▲월 ▲▲일 그리고 엘지통신 요금이랑 디비손해보험 2개 맞습니다. 그다음에 보험료, 통신요금 디비손해 보험 말고 다른 거 보면요. 어떤 보험이요? 아, 현대화재해상 있으시고요. 저희가 이게 제가 아까 말씀드렸던 것처럼 ▲▲일까지 쓰셔야 된다고 그러신 건가요? 이게 ▲▲일부터 계산이 되거든요. 그래서 ▲▲일부터 사용한 거에 대해서 확인해 보니까 현대화재해상이랑 지금 아파트 관리비, 이렇게 2개는 들어가 있으시고요. 아, 그러면 통장에 들어가 있는데 엘지 통신요금하고 그다음에 동부 거는 안 들어가 있어요? 네, 그거는 이제 ▲▲월달 걸로 들어가게 됩니다. 네. ▲▲월달 아니 매달 끊기게 되어 있는데 그러면 지금 ▲▲월 ▲▲일 날 결제될 금액 안에는 엘지 통신요금하고 동부화재 거는 안 들어가 있어요? 네, 네. 아, 그러면 ▲▲일 안에 끊으면 들어가는 거네요? 네, 맞습니다. 알겠습니다. 고맙습니다. 네, 감사합니다. 상담원 ▲▲▲이었습니다. 네, 감사합니다.",0,A
normal_A_0633,"▲▲카드 브이아이피 상담원 ▲▲▲입니다. ▲▲▲ 님 ▲▲카드 이용해 주셔서 진심으로 감사드립니다. 안녕하세요? 네. ▲▲▲▲ 좀 물어보려고요. 아 네, 확인해 드리겠습니다. 전화 주신 분 ▲▲▲ 님 본인분 맞으시고요? 예, 예. 확인 감사합니다. 저희 쪽 ▲▲▲▲포인트 22984점 확인되고 있습니다. 어떤 내용 확인해 드릴까요? 제가 카드를 재발급받았거든요. 네. 그런데 그게 연회비가 ▲▲원이라 하더라고요. 네, ▲▲▲▲▲카드 연회비 ▲▲▲원이 카드입니다. 예, ▲▲▲인데 ▲▲▲▲가 매달 ▲▲원씩 나온다고 해서 한건데, ▲▲▲▲가 ▲▲원이 안 되는 것 같아서요. 매달 저희가 ▲▲▲▲를 ▲▲원씩 적립을 해 드린 카드는 아니고요. 이거는 따로 적립을 받으실 수가 있는 카드이고요. 저희가 바우처 서비스라고 해서요. 카드를 발급을 받으시고 저희가 손님 ▲▲▲원 사용 금액은 실적을 충족해 주시면 ▲▲ 포인트로 바우처를 받으실 수가 있는데요. 이거는 ▲▲▲▲▲▲ 적립을 해 드리는 건 아니세요. 그럼 어떻게 해야 되는 건데요? 이거는 따로 사용 실적이 충족이 되어 있으시기 때문에 저희도 신청이 가능하고요. 바우처는 다섯 가지 중에 한 가지 선택이 선택을 하실 수가 있어요. 호텔닷컴 ▲▲원 현장 할인권, 신세계 상품권 ▲▲원, 에스케이 모바일 주유권 ▲▲원, 배달의 민족 상품권 ▲▲원, ▲▲▲▲▲▲ 다섯 가지 중에 한 가지를 선택하실 수가 있습니다. ▲▲▲▲로 ▲▲▲▲로 신청하시면 바로 적립되지는 않고요. 저희가 신청한 기준 10영업일 이내로 적립 처리가 되고 있는데 괜찮으실까요? 예, 예. 예, 그러시면 바우처 신세계 상품권으로 신청해 드리고요. 신청된 당일에 한해서만 변경이랑 취소가 가능한데 괜찮으십니까? 네, 그러면 지금 매달 제가 전화를 해야 되는 거예요? 근데 이거는 매달 적립되는 건 아니고요, 바우처는 1년에 한번씩만 적립되는 거고요. 아, 그래요? 네, 카드로 사용하셨을 때 저희 쪽에 1.5% 국내외 이제 기본적으로 국내에서 사용하시면 20%에 대한 ▲▲▲▲적립을 해 드리는 카드예요. 아, 최대 얼마까지 적립이 되는 거예요? 이거는 저희가 월 통합 최대 ▲▲▲▲▲▲까지 적립을 받으실 수가 있는데요. 기본 적립은 저희가 통합 한도가 없고요, 특별 적립이 적립 한도가 ▲▲ 먼저 정해져 있는데요. 전월 실적이 100,000원 이상 충족이 되시면 해외나 항공 면세, 여행에서 이용을 하시면 특별 정리 1.5% 받으시는 거고요. 쇼핑 쪽에서 온라인 쇼핑몰, 백화점, 아울렛, 마트 1.2%, 주유 쪽에서도 1.2%에 대한 적립을 받으시기 때문에 이 적립이 월 통합 ▲▲▲해서 받으실 수가 있는 거예요. 예, 일단 알았습니다. 예, 신청하셨던 바우처 신청해 드렸습니다. 네. 감사합니다. 상담원▲▲▲이었습니다. 네.",0,A
normal_A_0634,"안녕하세요. ▲월 ▲▲일부터 ▲월 ▲일 사이에 여행을 계획하고 있는데, 몇 가지 호텔에 대해 문의드릴게요. 자파스위트 앤 빌라, 우붓 파드마 리조트, 알릴라 스미냑에 대해 견적과 특전이 궁금해요. 안녕하세요! 문의 주셔서 감사합니다. 자파스위트는 현재 예약대행을 하지 않는 호텔이에요. 우붓 파드마 리조트는 ▲월 ▲▲일부터 ▲▲일까지 프리미어 룸으로 2박 예약 시, 총 $442입니다. 알릴라 스미냑은 ▲월 ▲▲일부터 ▲월 ▲일까지 디럭스 스위트로 3박 예약 시, 총 $874이에요. 알릴라 스미냑의 특전은 어떤 게 있나요? 알릴라 스미냑의 특전으로는 60일 전 예약 시 할인이 있고, ▲월 ▲▲일까지 예약해야 적용돼요. 그리고 호텔에서 2인 런치를 1회 제공하고, 2인 조식이 포함돼요. 3박 이상 예약 시에는 무료 공항 픽업 서비스도 제공된답니다. 우붓 지역 특가로 $20도 제공해요. 괜찮네요. 예약을 진행하고 싶은데, 어떤 정보를 보내야 하나요? 예약 진행 원하시면 정보를 보내주시면 돼요. 영문과 한글 성함, 생년월일, 대표자 핸드폰 번호(발리 도착 후에도 연결 가능한 카톡 아이디 포함), 도착 항공편명(3박 이상일 경우) 이렇게 보내주시면 됩니다. 알겠어요. 그럼 예약 정보 정리해서 보내드릴게요. 혹시 룸 체크는 어떻게 하나요? 룸 체크는 예약 시 가능 여부를 확인한 후 진행되니 걱정하지 않으셔도 돼요. 예약이 완료되면 자세한 사항을 안내해 드릴게요. 감사합니다. 그럼 정보 보내고 다시 연락드릴게요. 네, 기다릴게요! 추가로 궁금한 점 있으면 언제든지 문의해 주세요. 감사합니다!",0,A
normal_A_0635,"▲▲카드 상담원 ▲▲▲입니다. 네, 한도 상향 되는지 확인 좀 하려고요. 네. 아 손님, 지금 추가 접수 통해서 저희 진행은 들어가고요, ▲▲▲ 님 본인 맞으실까요? 일단 희망 금액으로 저희가 접수 확인해서 지금 요청 원하시는 금액이 대략 얼마 정도 돼요, 손님? 어, 그건 한 2천만 원 그래야지 쓸 수 있을 것 같은데. 아 일단, 그럼 2천만 원 정도로 접수 넣어 볼까요? 네, 네. 그런데 이게 제가 카드를 발급을 받았는데 그 한도가 5백 만원밖에 안 돼요? 네. 5백만 원 어디다가 써요? 잠시만요. 손님 제가 보니까 그러니까 최근에 발급하신 거 말고 옛날에도 ▲▲카드를 이용하셨던 것 같아요. 그러다가 안 써서 지금 한도로 5백만 원 줬다는 얘기인데. 네. 그런데 이게 지금 제휴 카드잖아요. 아 손님, 이게 그전에 카드 그 거래가 없어서 하향이 되셨는데 이게 새로 발급하신다고 한도가 또 새로 부여되시는 게 아니라 기존 한도로 좀 따라가거든요. 그래서 지금 기존에 원래 설정이 들어가신 것 같아요. 그런데 이게 내 카드를 백만 원 이상 써야지 제휴를 받아서 할인을 받는 건데. 네. 이게 계속 승인 한도 초과가 나가지고 승인이 안 된다니까 그 이동 번호 뜨면서 뭐 ▲▲원이면 ▲▲▲원이라도 해야 이렇게 내가 ▲▲▲원 ▲▲▲원 써서 할인을 받을 건데 그 제가 이거를 재발급 교체 발급을 신청했던 것 같은데, 그 만약에 제가 신규로 다시 받으면 그래도 한도가 5백만 원밖에 안 나와요? 추가로 받으셔도 기존 한도로 따라가실 거예요. 그런데 5백만 원은 너무 하잖아요. 그래서 기존 추가는 지금처럼 접수해 보셔야 나오는 거라. 얼마나 걸리는데요? 오늘이나 내일 정도까지 나옵니다. 그 이게 만약에 안 되면은 또 그냥 카드로 그냥 해지해서 안 쓸려고 하는 거거든요. 네. 손님 일단 2천만 원 정도로 접수 넣어드려요? 네, 넣어 주세요. 현금 서비스는 그냥 그대로 원하실까요? 얼마로 되어 있는데요? 기존은 백만 원으로 돼 있습니다. 네. 진행내용 신용정보 조회 동의가 필요합니다. 동의하시는 거 맞고요? 네. 그럼 손님 그런데, 지금 접수 제가 이거 전산 등록하니까 바로 조정 가능 대상 나오시는 거 있어요. 지금 2천만 원까지 바로 되는데 그렇게 해 드릴까요, 손님? 아 네. 해 주세요. 네. 손님 지금 전산처리 끝나서 총 한도 2천만 원으로 조정됐습니다. 아 네. 알겠습니다. 네, 상담원 ▲▲▲이었습니다. 감사합니다. 네.",0,A
normal_A_0636,"상담원 ▲▲▲입니다. 예, 수고 많습니다. 감사합니다. 예, 다름이 아니고. 네. 그것도 이제 상환을 금액이 얼마인가 싶어서 일부 좀 상환하려고요, 이자 부담이 많아 갖고. 아, 그러십니까? 안내해 드릴 텐데요, 손님. 생년월일과 휴대폰 번호 말씀 부탁드립니다. 예. 부탁드립니다. ▲▲▲▲▲▲ 네. 핸드폰 ▲▲▲▲▲▲▲▲▲▲▲입니다. 전화 주신 손님 본인 성함이 어떻게 되세요? 네, ▲▲▲ 연결되어 있는 결제 계좌 어느 은행 계좌 이용하세요? 네 네, ▲▲은행. 확인 감사합니다. 지금 일시불이랑 단기 카드 대출 금액 있는데요, 원금 기준으로 지금 남아있는 금액이 ▲▲▲▲▲▲▲▲▲▲▲▲원이요. 네, 그러면은 최근 한 ▲▲ ▲원 정도인가 그런데. ▲▲▲원이요? ▲▲▲ ▲▲▲ 총 ▲▲▲원 정도 그러면은. 네, 그럼. 여보세요? 요걸 내가 저 통장 입금 시도가 어디까지 한 20분 내로 입금시킬 테니까 통장에서 빼시고. 네. 여보세요? 예, 말씀하세요. 상환할 때랑 서류들을 좀 받았으면 좋겠는데. 어, 입금 내역은 발송 가능한데 혹시 팩스나 이메일 중 어느 곳으로 받아 보시겠어요? 예, 팩스. 번호 말씀 부탁드립니다. 팩스. ▲▲▲ 네. ▲▲▲▲ 다시 네. ▲▲ 다시 ▲▲▲▲▲요. 예 예. 네. 다시 ▲▲▲▲ ▲▲▲▲에 ▲▲▲▲에 ▲▲▲▲요. 예 예. 원금 이자 포함해서 ▲▲▲원 ▲▲은행 결제 계좌에서 20분 후에 출금하고 문자 발송드리고요, 그리고 입금했다는 내역 관련해서 팩스로 발송드리면 되는거 맞으시죠? 예, 고맙습니다. 알겠습니다, 감사합니다. 항상 건강하세요, 상담원 ▲▲▲이었습니다. 예 예, 한 20분 뒤에는 보낼게요. 알겠습니다. 예. 건강하세요, 상담원 ▲▲▲▲이었습니다. 상담 종결되어 통화 먼저 종결해주시면 됩니다. 예.",0,A
normal_A_0637,"상담원 ▲▲▲입니다. 네, 그 결제 계좌를 바꾸려고 하는데요. 지금 제가 ▲▲은행 안 써 가지고 거기에 그 돈이 나가는 건데 이게 안 남았는지 미납이 된 것 같아서. 아, 그러세요. 네, 지금 전화 주신 ▲▲▲ 님 본인 맞으십니까? 네. 네, 확인 감사합니다. 잠시만 기다려 주시겠습니까? 지금 신용카드 결제 계좌 변경이신 거고요. 네. 고객님 혹시 계좌는 어느 은행으로 변경 요청이신 거예요? ▲▲은행이요. ▲▲은행이요? 네. 잠시만 기다려 주시겠습니까? 계좌번호 불러 주세요. ▲▲▲▲▲ ▲▲▲ ▲▲▲ ▲▲▲이요. ▲▲▲ 아, ▲▲▲ ▲ ▲ ▲▲▲▲▲▲▲ ▲▲ 3개예요? 네. ▲▲▲▲▲▲▲▲▲▲▲▲▲번 맞으세요? 네. 지금 결제 계좌 잠시만요, 지금 연체금액 있으신 거잖아요, 고객님. 그래서 지금 오늘 변경하시면은 기존에 ▲▲은행 계좌에 잔고 있으면 이중 출금될 수 있어요. 네. 없어요. 예, 계좌 없으시고 잔고 없으시고요. 예, 예. 잠시만 기다려 주시겠습니까? 지금 타행 계좌변경이셔서 제가 자동 녹취 진행하겠습니다. 여보세요? 잠시만 기다려 주시겠습니까? 예. 고객님 체크카드는 따로 변경 안 하셔도 괜찮으신 거죠? 그럴 것 같아요. 네. 아니, 그 체크카드도 바꿔주시면 안 돼요? 어차피 지금 ▲▲은행에 지금 계좌를 쓰지를 않아가지고. 그러면 고객님 지금 타행으로 변경하시면은 입출금 기능은 기존에 ▲▲은행에서만 가능하신데 괜찮으세요? 네, 괜찮습니다. 아, 그러십니까? 잠시만 기다려 주시겠습니까? 네. 지금 해당 건도 ▲▲은행이시고요. 네. 어, 해당 건도 다시 한번 불러주세요. ▲▲▲▲▲ 잠시만요, 고객님. 네, ▲▲▲. ▲▲▲ ▲▲▲ ▲▲▲▲▲▲▲▲ 네, ▲▲. 지금 체크도 지금 변경해 드렸고요. 네. 예, 지금 ▲▲은행에서 타행으로 변경하셔서. 네. 어, 오늘 잔고 없으시다고 했으니까 이제 고객님 이제 11월부터 결제일부터 변경하신 계좌에서 출금되시고 타 은행으로 결제하시면 한도는 결제일 다음 날 발생되니 참고 부탁드립니다. 네, 지금 이거 미납 결제를 할 수 없어요? 아, 잠시만 기다려 주시겠습니까? 미납을 만들 필요가 없어서. 네. 170,800원이시고요. 지금 ▲▲은행계좌에서 바로 출금해 드리겠습니다. 네. 네, 아까 말씀드린 것처럼 결제일 지금 연체금액 중이셔서 자동이체 계좌에서 이중 출금될 수 있으세요. 잔고는 꼭 비워 두셔야 되세요. 네. 네, 처리 완료되셨습니다. 네, 감사합니다. 네, 상담원 ▲▲▲이었습니다. 네.",0,A
normal_A_0638,"상담원 ▲▲▲입니다. 아 네. 여쭤볼 게 있는데요. 네, 안녕하세요? 아 제가 그 ▲▲ 신용카드를 만들었는데. 네. 그 결제일을 바꿀려고 하는데 가능할까요? 아 그러세요? 확인 먼저 해 드릴게요. 전화 주신 손님 ▲▲▲ 님 본인 맞으시고요? 네, 맞아요. 확인 감사합니다. 그러시면 저희 쪽에 결제일이 12일 날짜로 확인되고 있고요. 결제 저희가 체크카드 결제도 같이 변경처리가 되는데 괜찮으실까요? 네, 상관없어요. 그러시면 저희가 결제일 12일에서 며칠 날짜로 변경해드릴까요? 어, 31일로 가능할까요? 어, 마지막 결제일이 28일이고요. 그 다음 결제일을 월초 3일입니다. 그러면 28일로 부탁드립니다. 그러시면 28일 날짜로 결제 변경해 드리고요. 지금 결제일을 변경하게 되면 30일 이내에는 결제일 재변경 불가할 수 있는데 괜찮으십니까? 아 네. 괜찮아요. 감사합니다. 결제일을 변경해도 기존 이용 금액이 변경 후 결제일에 청구 되지 않을 수가 있고요. 단기 카드 대출이나 자동 이체의 경우 이용 기간에 따라 두 달분 청구될 수 있는데 괜찮으십니까? 아 네. 감사합니다. 첫 번째 결제일 ▲▲월 ▲▲일 날짜부터 처리가 되고요. 변경에 대한 이용 기간 문자 하나 보내 드리니까 내용 꼭 확인하시고 이용 부탁드리고요. 결제일 저희 신용카드 체크카드 모두 28일 날짜로 변경 완료되었습니다. 아 네. 네. 감사합니다. 예, 감사합니다. 추가적으로 더 확인할 사항은 없을까요? 그 여쭤볼 게 있는데, 그 제가 그 카드 온 거를 보고 읽어보니까. 네. 현금 카드도 있다고 하는데 그거는 무슨 시스템인가요? 저희 카드로요, 현금 입출금 기능 이용하실 수 있으세요. 아 신용카드요? 연결되어 있는 ▲▲은행 신용카드로도 돼요. 가불 그 시스템인가요? 네. 아 네. 혹시 또 하나 여쭤보고 싶은데, 혹시 그 연결 계좌를 ▲▲은행이 아니라 다른 걸로도 바꿀 수 있을까요? 아 그러세요? 변경처리 가능합니다. 혹시 은행 어디로 변경 원하시는 걸까요? 어, ▲▲은행으로 바꾸고 싶은데 저 제 계좌를 몰라서 계좌 알고 다시 전화하면 되는 걸까요? 네, 그러시면 계좌번호 확인하셨다가 다시 한번 부탁드리겠습니다. 아 네. 감사합니다. 네, 감사합니다. 상담원 ▲▲▲이었습니다. 네, 감사합니다.",0,A
normal_A_0639,"상담원 ▲▲▲입니다. 안녕하세요? 네, 안녕하세요? 아 아, 그 잘 안 들리네요. 저 여쭤볼 게 있는데요. 네. 그 저 요금제를 바꿨는데 이게 ▲▲▲원 이상 되면은 청구 할인이 된다고 그랬거든요. 네. 그게 안되고 있는 것 같아가지고. 손님 핸드폰 번호 불러주세요. ▲▲▲ 네. ▲▲▲▲ 네. ▲▲▲▲ 생년월일 말씀해 주세요. ▲▲▲▲년 ▲▲월 ▲▲일 전화 주신 손님 본인 성함 얘기해 주세요. ▲▲▲ 카드 결제 은행 어디세요? ▲▲ 네, 손님. ▲▲월 ▲▲일 결제 금액이에요. 그 명세서에 에스케이티 통신 요금 ▲▲월 ▲▲일 날짜 승인된 게 ▲▲▲▲▲원인데, 여기서 ▲▲▲▲원 할인돼서 ▲▲▲▲원만 실제로 청구를 하셨어요. 아, 그래요? ▲▲▲▲원이요? 네, ▲▲▲▲원 할인 제공하고 나머지 금액만 청구를 한 거예요. 아 ▲▲▲▲ 그 ▲▲▲▲원이 저거인가 그럼 청구할인이요? 네, ▲▲▲▲원 청구 할인돼서 ▲▲▲▲원 ▲▲일 날짜에 청구를 한 거거든요. 아, ▲▲▲▲원 청구 할인 되는 거구나. 네, 할인 금액 명세서에도 내용 확인되세요. 예. 음, 그럼 ▲▲▲원 ▲▲▲원 넘어가면은 좀 달라지죠? 잠시만요. 네, 해당 부분에 대해서 ▲▲개월 동안 추가적으로 제공돼서요. ▲▲▲원 이상일 때는 합산 ▲▲▲▲원이요. 예. 얼마요? ▲▲▲▲원이요. ▲▲▲▲원이 아니고 ▲▲▲▲원이라고요? ▲▲▲원 ▲▲▲ 때는 그 발급하실 날짜부터 ▲▲개월 동안 합산해서 추가 프로모션 제공되는 것도 합산해서 ▲▲▲▲원이고, ▲▲▲원 이상일 때는 합산해서 ▲▲▲▲원이요. 아, 그래요? 네. 그러면 지난 달에 ▲▲▲원 넘어갔으니까 그 ▲▲▲▲원 쓰게 되겠네요? ▲▲월 달 말씀하시는 거 ▲▲월 달 말씀을 하시는 거예요? 예. 네, ▲▲월 달에는 말씀하신 대로 ▲▲▲원 이상 충족이 되어서 ▲▲월 달에 통신 요금에서 할인 제공 될 거예요. 아, 그래요? 그리고 저 처음에 이걸 ▲▲▲▲원짜리 아니에요? ▲▲▲▲원이라는 게 무슨 말씀일까요? 여보세요? 아니, 저 월정액 요금이 ▲▲▲▲원에서 할인 25% 할인 받고 ▲▲▲원 빼고요. 네. 손님, 그게 무슨 말씀인지 이해가 안 돼요, ▲▲▲▲원이 어떤 거라는 거예요? 아, 월정 요금제. 그거는 저희 쪽에서 작성하는 금액이 아닌 것 같은데요. 통신사 쪽에서 보내는 그거는 것 같은데요? 그거는 저희가 몰라요. 아, 그렇구나. 아, 통신사. 그래요, 그다음 달에는 ▲▲▲▲원 빠지겠네요. ▲▲월 달에 승인된 요금에 대해서 통신요금에 대해서는 ▲▲▲▲원 할인된 부분 제외하고 나머지만 청구될 거예요. 예. 알았습니다. 예, 수고하세요. 네, 좋은 하루 되세요. 상담원 ▲▲▲이었습니다. 감사합니다. 예.",0,A
normal_A_0640,"상담원 ▲▲▲입니다. 예, 제가 지금 한도 초과로 나와 있는데요. 네. 네, 제 한도가 지금 얼마죠? 네, 한번 확인해 보겠습니다. 지금 현재 보유하고 계신 카드 한도 확인하겠습니다. 카드 총 한도는 지금 ▲▲원 부여가 되어 있고 현재 사용할 수 있는 잔여 한도는 ▲▲▲▲원 남아있습니다. 아 지금 그거를 지금 한도를 지금 바로 올릴 수는 없죠? 한도 증액 가능 여부 한번 확인해 보겠습니다. 잠시만 기다려 주시겠습니까? 네. 네, 기다려 주셔서 고맙습니다. 현재 한도 바로 상향은 어려우시고 접수 하시면 심사 이후 결과 확인해 보실 수는 있으시고요. 아 아니요. 그럼 됐고요. 그러면 지금 이번 달 결제가 며칠이죠? 제가. 네. ▲▲▲일이 결제일이시네요. 아 그러면 지금 이번 달 결제할 금액이 얼마인지 알 수 있을까요? 당월 결제금액은 ▲▲▲▲▲▲▲▲▲▲원입니다. 아 그럼 이 한도 ▲▲원이 제가 할부로 다 한 거까지 다 금액이 총 들어가 있는 거죠? 네, 맞습니다. 아 네 네, 그러면 만약에 선결제를 하고 싶으면 다시 전화를 드려야 되는 거죠? 네. 예, 통장에 입금하시고 전화주시면 바로 결제 가능하시고요. 아 혹시 두 번 결제로만 지금 해도 괜찮은가요? 네, 일부 부분 결제도 가능합니다. 아 그럼 혹시 ▲▲원만 지금 선결제 해도 될까요? 네, 가능하시고요. 그럼 당월 청구된 금액에서 일시불에서 ▲▲원만 먼저 결제해 드리면 될까요? 네, 네 네. 네, ▲▲은행에서 출금해 보겠습니다. 잠시만 기다려 주시겠습니까? 네. 기다려 주셔서 고맙습니다. 연결되어 있는 결제 계좌 잔고부족으로 결제가 안 되시네요. 아 그럼 혹시 그 통장에도 지금 ▲▲▲▲▲▲▲로 되어 있나요? 네, 맞습니다. 아 네, 혹시 지금 다른 계좌로는 안 되죠? 본인 명의 통장이세요? 아 네 네 네. 혹시 어디 은행이실까요? 어 ▲▲은행이에요. 예, ▲▲은행 그 계좌번호 말씀해 주시겠습니까? 네, 잠시만요 ▲▲▲ ▲▲▲ ▲▲▲▲ ▲▲▲▲ ▲▲▲ ▲▲▲ ▲▲ ▲ ▲▲▲▲▲ ▲▲▲번이시고요. 네. 기다려 주셔서 고맙습니다. ▲▲카드 이용 대금 즉시 출금할 계좌 번호 확인하겠습니다. 생년월일 ▲▲년 ▲▲월 ▲▲일 ▲▲▲ 님 명의로 된 ▲▲은행 계좌 번호 ▲▲▲▲▲▲▲▲▲▲▲▲▲▲ 계좌에서 ▲▲원 출금 요청 하신 거 맞습니까? 네, 네. 네, 확인해주셔서 감사합니다. 바로 결제해보겠습니다. 네. 네, 기다려 주셔서 고맙습니다. ▲▲원 모두 결제 처리 완료가 다 되셨고 현재 사용할 수 있는 잔여 한도는 ▲▲▲▲▲▲▲▲원 한도 내에서 카드 사용하실 수가 있고 ▲▲월 ▲▲일 결제하실 금액은 ▲▲▲▲▲▲▲▲▲▲원 결제해주시면 됩니다. 아 네. 네 감사합니다. 고맙습니다. 상담사 ▲▲▲이었습니다. 네.",0,A
normal_A_0641,"상담원 ▲▲▲입니다. 안녕하세요? 네, 안녕하세요? 저기 이거 ▲▲카드 그 저거로 올릴라고 그러는데요. 네, ▲▲▲ 님 본인 맞으십니까? 예, 예, 한도를요. 네, 총 한도 ▲▲▲원 되어 있는데요. 손님께서 필요하신 한도를 말씀해 주시면 제가 심사를 진행하도록 드릴 건데요, 얼마로 예, ▲▲원으로요. ▲▲원이요? 알겠습니다. 심사 진행을 위해서 신용정보조회에 동의하십니까? 예. 네, 꾸준하게 이용하시는 정기 한도로 심사를 진행해드리고 요청하신 ▲▲원이 다 되면 너무 좋겠지만 일부 상향될 경우에 일부 상향 되는 것에 동의하십니까? 예, 예. 예, 뭐 상향되는 전부 무슨 소리일까 했다니까 여보세요? 손님 총 한도가 ▲▲원 다 되면 너무 좋겠는데요. 그게 아니라 이게 잠깐만요, 여보세요? 저기요, 지금. 네, 제 말씀 들리세요? 총 한도 ▲▲원이 다 되면 너무 좋겠는데요, 그게 아니라 심사 결과에 따라서 조금 못 되게 나올 수 있는 거잖아요. 괜찮으신걸까요? 아 예, 괜찮아요, 일단. 네, 손님 그 한도 상향 필요하신 이유가 지금 한도가 이용할 때 좀 부족하다는 말씀이신 걸까요? 예, 이게 저기 ▲▲일 날 돈이 빠져 나가야지만 그게 다시 쓸 수가 있겠더라고요? 그렇죠. 네. 예, 나 그걸 몰랐거든요. 예, 한도 심사를 위해 손님 혹시 그 소득 서류 확인 가능할까요? 서류 확인요? 소득 서류요. 혹시 직장에 근무하시거나 개인 사업하는 건 따로 없으신 거세요? 아 소득 아니면 손님 본인 명의의 혹시 부동산 있으신 건가요? 예. 아 선생님, 그럼 저희가 그러시면은 서류 없이 심사를 진행해드리고 다만 손님께서 부동산 있다고 말씀하신 분이기 때문에 소유 부동산으로 지금 심사를 진행해 드릴 거예요. 손님 ▲▲은행 거래하시는 분이실까요? 예, 예. 감사합니다. 저희가 접수를 지금 진행해드릴 건데 전화 끊지 마시고 잠시만 기다려 주시겠습니까? 예. 기다려 주셔서 감사합니다. 손님께서는 지금 바로 심사가 끝나셨고 상향 가능한 분으로 나오셔서요, 지금 바로 상환 처리 드렸고 총 한도 ▲▲원 상향 됐고요, 남아 있는 잔여 한도가 ▲▲▲▲원 남아 있고 지금부터 바로 이용 가능합니다. 네, 수고하세요. 감사합니다. ▲▲카드 ▲▲▲이었습니다. 네, 감사합니다.",0,A
normal_A_0642,"상담원 ▲▲▲입니다. 네, 그 저기 뭐야 제가 은행에 넣었는데 ▲▲은행이 너무 멀어서 제가 계좌번호를 알려 드릴 테니까 그 나머지를 수거해 가셨으면 해서 전화를 드렸습니다. 네, 전화주신 분이 ▲▲▲ 님 본인분 맞으세요? 당월 대금을 말씀해 주시는 거죠? 예. 네, 당월 대금 ▲▲▲▲▲▲▲▲▲▲▲원을 어디 은행에서 출금 도와드릴까요? ▲▲은행 네, 계좌 번호를 말씀해 주세요. ▲▲▲▲▲▲▲▲▲▲▲▲ 네, 조회 중에 있습니다. 잠시만 기다려 주세요. 예. 네, 계좌 등록은 완료되셨고요, 바로 출금 진행해 드릴게요. 결제 당일이기 때문에 자동이체 계좌에서 이중 출금될 수 있습니다. 이중 출금 방지를 위해 잔고는 비워 두시고요, 이중 출금이 된 경우에는 그 통장에 돈이 없어, 바로 빼갔더만. 네, 저희는 안내를 해 드릴 뿐이에요, 손님. 네, ▲▲은행에서 다 빼갔다는 네, 안내는 해야만 출금이 가능하기 때문에 잠시만 기다려 주세요. 네. 네, 이중 출금 방지를 위해 잔고는 비워 두시고요, 이중 출금이 된 경우에는 익영업일 결제 계좌로 환급됩니다. 환급되는 계좌가 입출금이 되는 정상 계좌인지 확인 부탁드릴게요. 네. 네, 제 멘트 안내를 모두 다 듣고 동의해 주시는 걸까요, 손님? 예, 예. 네, 정상 출금이 완료되셨습니다. 예.",0,A
normal_A_0643,"상담원 ▲▲▲입니다. 아 안녕하세요? 은행 직원인데요, 그 물어볼 게 있어서요. 그 뭐지, ▲▲카드 중에서요. 네. 그 ▲▲카드 발급하면은 지금 한 ▲▲▲▲원인가 할인되는 카드가 있어요. ▲▲▲원 쓰면 그 기존 보니깐 그 완전 최초 신규 발급이라고 되어 있던데 고객님께서 체크카드를 ▲▲걸 쓰고 있었단 말이에요. ▲▲은행 체크카드를 그런데 그 카드를 이제 해지를 하고 이제 뭐 이런 식으로 해서 이제 신규로 신용카드 발급하면은 혜택을 받을 수 있는지 그게 궁금해서요. 그 저기 ▲▲▲▲카드이고 ▲▲▲원 쓰셨을 때 ▲▲▲▲원하고 그다음 ▲▲▲원 구간이 ▲▲▲▲원 그거 말씀이세요? 네. 이번 달에 이게 그 좀 바뀌었거든요. 잠깐만요. 네. 그 저기 체크카드는 상관없는데 이걸로 후불 교통카드 기능 있잖아요. 네. 예, 그걸 후불 교통카드 어떤건지 아시죠? 후불로 만약에 사용하신 이력이 있으면 그게 신용 기능이거든요. 그 신용 결제 이력이 있으시면은 이벤트 대상이 안 되세요. 아, 교통카드를 쓴 적이 없으면 괜찮은 거네요. 네. 아 아. 그냥 단순 그냥 체크카드 이런 건 상관없는데 교통카드로 후불 기능을 쓰셨으면은 우리가 그 신용으로 전환돼서 결제를 하거든요. 그건 같은 경우에는 신용 결제 이력이 있으시기 때문에 이벤트 대상이 안 되세요. 네. 그러면 고객님께서 저희쪽 고객센터 전화해서 이걸 ▲▲ 교통카드를 썼는지 안 썼는지 확인하고 이제 받을 수 있는지 확인할 수 있나요? 예, 그러면 고객님이 직접 전화를 주셔서 이 해당 카드로 프로모션 적용이 되는지 확인해 보셔야 되세요. 예, 알겠습니다. 감사합니다. 네. 상담원 ▲▲▲이었습니다.",0,A
normal_A_0644,"일상의 즐거운 변화 LGU+ <NAME>입니다. 네. 안녕하세요? 네, 제가 뭐지 <DATE>에 저기 명의변경을 했는데 제 명의로 되는 사용한 금액 말고 지금 나온 요금 말구요. 네. 혹시 전에 엄마 명의였는데 납부해야 되는 명의가 또 따로 있나요? 아 확인 도와드릴 텐데요. 네. 어 그럼 명의변경 전 요금 말씀이신 거죠? 네, 네. 아 그럼 혹시 어머님 성함 생년월일 납부방법이 그때 어떻게 되셨을까요? <NAME>요. 네, 네. <BIRTH_NUMBER> 제가 그냥 바로 그냥 그냥 전화 여기 전화해서 항상 입금을 했거든요. 그 통장 번호 주시면 입금을 했었거든요. 네, 어 등록되어 있던 그 그 납부방법이 카드, 은행, 지로 중에 어떻게 되실까요? 은행이요. 신한으로 돼 있나요? 아 예, 확인 감사합니다. 네. 어 잠시만 기다려 주시겠습니까? 네. 네, 본인 명의 변경 전에 이름으로 납부하셔야 될 금액이 <CHARGE>남아 있으시거든요. 네, 아 저 그거 그러면 그 지금 카드로 할 수 있나요? 아 예, 가능합니다. 혹시 카드 할부가 저기 할부 혹시 무이자되는 게 있나요? 아 그거는 카드사 쪽으로 확인해 주셔야 되세요. 아 그래요. 네, 네. 잠시만요. 아니면 제가 따로 이거 카드로 저기 뭐지 결제를 할 수 있는 방법 있나요? 상담사 연결 말고 따로 없다 그러거든요. 그렇죠. 왜냐면 명의자 자체가 다르기 때문에 아니면 그 무이자되는지 확인하고 싶어서 그러시죠? 음 아 네, 네, 네. 그러면 그 어쨌든 카드사 쪽으로 한번 확인하는 시간이 좀 있으니까 확인 후에 그 어차피 그쪽으로 전화해서 확인하셔야 되잖아요. 네. 그 확인 한번 해보시고 다시 저희 쪽으로 전화 주시기 좀 번거로우실 수 있으니까 한 제가 10시 반쯤에 한 11쯤 한번 연락 드려서 그때 결제할까요? 네, 10시 반쯤이요. 네, 뭐 무이자되는지 이것도 확인해 보시고. 아 잠시 잠시만요. 네. 아니요. 잠시만요. 여보세요? 네. 아니 그냥 그냥 해주세요. 아 그냥 해드릴까요? 네. 네, 그럼 일시불로 하시는 건가요? 아니요. 이거 저기 뭐지 거기 아마 1개월 무이자 6개월인가되는 걸로 알고 있거든요. 아 예, 그러면 카드번호랑 유효기간이 어떻게 되세요? 네, 카드번호가 <CARD_NUMBER>이요. 네, 네. <CARD_NUMBER>이 3개이신 건가요? <CARD_NUMBER>. 네, 네. <CARD_NUMBER> 이요. 아 네, 그리고 유효기간이 혹시 명의자 분은 성함이세요? 네, 아 <MOBILE_NUMBER>번이요. 생년월일이 어떻게 되십니까? <BIRTH_NUMBER>. 그러면 6개월이신가요? 네, 네. 네, 어 <NAME> 고객님 LGU+ 이용 요금은<NAME> 고객님 명의의 카드로 6개월 결제 요청하셨는데 동의하십니까? 네. 네, 잠시만 기다려 주시겠습니까? 네. 기다려 주셔서 감사합니다. 네. 바로 6개월 결제 완료해드렸습니다. 알겠습니다. 지금 다시 뜨거워지는데요. 건강 챙기시기 바라겠습니다. 네.",0,A
normal_A_0645,"일상의 즐거운 변화 LGU+ <NAME>입니다. 아 예, 선택약정이 끝나는 거 같아서요. 제가 바로 확인을 해드릴 텐데 전화 주신 분은 <NAME> 고객님 맞으신가요? 네. 네, 반갑습니다. 선택약정이 말씀하신 대로 <CHARGE> 날짜로 종료가 될 예정이더라구요. 그래서 제가 바로 연장 신청해 드릴 건데 할인은 동일해서 약정기간 부담 없이 <DATE> 1년으로 해도 괜찮으세요? 아 할인은 동일해요? <DATE>하고 <DATE> 내는 거예요? 네, 맞아요. 25% 할인 동일합니다. 보통 이제 이게 선택약정이 되면은 약정이잖아요? 그래서 통신사 유지하시고 나중에 약정기간 안에 기기변경한다면 위약금은 없는데 통신사를 해지하거나 아니면 다른 통신사로 갔을 때 위약금이 나오기 때문에 보통 부담이 적은 <DATE> 1년으로 많이 하세요. 네, 알겠어요. 네, 그럼 ARS로 동의 구하실 텐데요. 다 들으시고 네라고 해주시면 됩니다. 네. 네, 지금부터 선택약정할인 녹취 가입 과정을 진행하겠습니다. 기간을 채우지 못하면 반환금이 나오는데 주요 사항은 문자로 발송해 드렸습니다. 반환금이 발생하는 경우는 중도해지 미적용 단말기로 기기변경 약정미승계 명의변경에 해당합니다. 자세한 내용은 홈페이지에서 확인 가능합니다. 문자 확인하셨습니까? 확인하셨으면 네라고 말씀해 주세요. 네. 이용조건에 동의하시면 바로 서비스 등록하겠습니다. 선택약정할인 가입에 동의하십니까? 네. 네, 확인 감사합니다. 지금 <DATE>부터 선택약정할인 받으실 수 있도록 <DATE> 1년 신청 정확히 해드렸구요. 지금 전화 주신 김에 이 요금제가 1.5GB 이후부터는 초과요금이 나왔잖아요? 네. 근데 <CHARGE> 요금제에서 가족결합으로만 할인받으시면서 이용하고 계셨는데 이제 선택약정하셨기 때문에 <CHARGE> 무제한 요금제하셔도 고객님은 <CHARGE>에 무제한 요금제 이용 가능하시더라구요. 뭐라구요? <CHARGE> 원래는 <CHARGE>입니다. 근데 선택약정으로 할인으로 <CHARGE> 그리고 참쉬운 가족결합으로 <CHARGE> 할인 들어가서 <CHARGE>에 이용 가능하세요. 어 무제한데이터요? 네 요게 3.5GB 빠르게 제공되고 이후에는 속도 느려지는 무제한이라서 초과요금 전혀 안 나오세요. 아 그럼 지금 그냥 이 요금제를 유지하면 얼마 나오는데요? 어 선택약정은 요금제 월정액에서 할인 들어가다 보니까 <CHARGE>에 요금제는 <CHARGE> 할인받거든요. 네. 그렇게 되면 <CHARGE> 되세요. <CHARGE>인데 지금 바뀌면은 <CHARGE>이요? 네, <CHARGE>에서 선택약정할인이랑 가족결합할인해서 <CHARGE> 되고 제가 말씀드린 안전한 무제한 요금제하시면 <CHARGE>이세요. 그렇게. <CHARGE> 차이네요. 네, 근데 원래 <CHARGE> 차액이거든요. 근데 이제 고객님은 할인받아서 차액이 더 적죠. <DATE> 원래 <CHARGE> 썼는데 지금 약정 다 끝나 갖고 약정할인 할인이 빠져서 그러는 거죠? 맞아요. 선택약정 지금 신청해 주셔서 <CHARGE> 25%가 들어가기 때문에 그렇습니다. 네, 그러면 이거 바뀌면은 가족 데이턴가 그거 계속 유지할 수 있는 거예요? 가족사랑 데이터는 참쉬운 가족결합으로 받는 혜택이기 때문에 당연히 그대로 유지되세요. 아 상관 없는 거예요? 네. 바꿀게요. 네, 그러면 추가 요금 걱정 없는 데이터 49라는 요금제로 변경해 드릴 건데 월정액은 <CHARGE>이어서 문자로는 <CHARGE>으로 갑니다. 네. 그렇지만 고객님은 할인받아서 그 금액 아니구요. 통화나 문자는 기본제공 부가 영상전화는 기존에 110분이 무료였다가 300분으로 늘어나고 데이터도 3.5GB 이후로는 속도 느려지는 무제한입니다. 네, 알겠습니다. 월중에 변경하셔서 데이터랑 기본료는 날짜 계산되어서 <DATE>에 청구되세요. 네. 네, 정확히 변경 완료되었고 안내 사항 문자로 보내 드리겠습니다. 네. 네, 감사합니다. 다른 문의 사항은 없으세요? 네. 날 더운데 건강 조심하시고 주말 잘 보내세요. 네. 네, 감사합니다.",0,A
normal_A_0646,"상담원 ▲▲▲입니다. 여보세요? 네. 카드가 분실되서 신고했는데요, 네, ▲▲▲ 님 본인 맞으십니까? 손님, 지금 많이 놀라셨을 텐데 제가 빠르게 진행해 드리겠습니다. 분실하셨습니까? 네. 어제 저녁이기는 했는데 언제 들어갔는지를 잘 모르겠어요.주말에 잃어버린 것 같아요. 네, 네 그러세요? 카드가 여러 건이 있는데 어떤 카드를 분실하셨나요? 예, ▲▲카드요. 신용카드를 말씀하시는 거죠? 예, 예 예. ▲▲▲▲▲카드인데 맞으세요? 예. 그리고 하나는 ▲▲카드 그거는 체크카드하고 지금 신용카드가 있는데 신용카드를 분실하셨어요, 아니면. 신용카드를 분실했어요. 신용카드요? 체크카드는 있어요. 네, ▲▲▲▲카드라고 통신사에서 발급하신 카드인 것 같은데 맞으세요? 어 그거는 있어요. 어 지금 가지고 계신 카드 뒷 번호가 어떻게 되세요? 제 번호요? 네. ▲▲▲▲▲▲▲▲▲ 아니오. 손님 카드 번호 뒷 네 자리요, 가지고 계신 카드 좀 알려주시겠어요? 지금 분실해서 뭐 카드 번호가, 얼마 있는지도 모르겠고 아무 것도 없거든요? 지금 카드 번호만 알고 있어요. 네, 잠시만 기다려 주시겠습니까? 예. 손님, 오늘 전화 주셔서 분실 재발행을 신청하신 거 아니셨어요? 예, 그거 ▲▲카드에요. 그리고 카드 2개 다 잃어버렸는데 하나는 또 아 네, 지금 전화주셔서 여기가 ▲▲카드거든요? 실 등록하고 재발급 받으셨는데요. 예, 지금 분실 신고를 하고 지금 재발급이랑 하는데 이거 제가 외국인이라서 지금 못할 거 같아요. 잠깐만요. 네. 지금 전화 주신 곳이 여기는 ▲▲카드이고 분실 등록하셨고 오늘 카드 재발급 신청도 받으셨어요. 그럼 끝난 거예요? 네, 오늘 11시 34분에 전화하셔서 지금 11시 34분, 지금 막 전화하고 있는중이거든요. 아니요, 조금 전에 전화하셔서 다른 상담사 분하고 아 그거 제가 잘못 눌러서 다시 연결을 했어요. 아 그러셨어요? 예, 연결을 하고 상담하다가 전화를 잘못 누르는 바람에 다시 지금 상태고 그러면 끝난 거예요? 잠시만 기다려 주시겠습니까? 다시 확인해 보겠습니다. 예. 아 손님, 기다려 주셔서 감사합니다. 지금 3건에 카드가 보유 중으로 확인이 됐는데 2건은 체크카드, 1건은 지금 신용카드에요. 네, 신용카드를 잃어버렸어요. 네, 신용카드는 분실 재발행이 지금 되어 있는 걸로 확인이 되시는데요. 아 그러면 끝난 거예요? 아 네, 다 처리 완료된 겁니다. 알겠습니다. 수고 많았어요. 아 네, 분실 신고돼서 재발행까지 지금 신청을 하신 걸로 나와 있으세요. 그라면은 그 카드가 언제 오죠? 5일 정도 소요됩니다. 평일 기준 5일이요. 예, 알겠어요. 아 손님, 지금 직장으로 받으신다고 요청 하셨는데 맞으신가요? 예, 예 아 네, 정상적으로 지금 발급 신청되어 있습니다. 네, 알겠습니다. 아 네, 감사합니다. 상담원 ▲▲▲이었습니다. 감사합니다.",0,A
normal_A_0647,"상담원 ▲▲▲입니다. 예, 안녕하세요? 뭐 좀 여쭤보려고 하는데요. 제가 그 ▲▲카드를 가지고 있어서요. 네. 자동 이체를 계속 해놨는데 그 어제인가 오늘 문자가 왔는데 카드 미승인이라고 돼 있더라고요. 네. ▲▲▲▲원을 뭐 입금하라고 돼 있던데 혹시 어떻게 됐나 싶어서 전화드렸어요. 아 네, 손님 먼저 본인 확인하고 안내 도와드리겠습니다. ▲▲▲ 님 본인 맞으십니까? 네. 네, 손님 잠시만 기다려 주시겠습니까? 네. ▲▲월 ▲▲일자로 ▲▲▲▲▲▲▲원, 이 건 맞으실까요? 아 그런데 제가 그 자동 이체가 뭔지는 모르겠는데, 자동 결제해놓은 지도 모르겠는데 미승인 됐다고 하더라고요. 네, 손님 잠시만 기다려 주시겠습니까? 해당 일자는 ▲▲일인데요, 손님. 그 ▲▲일 결제일 날 승인 요청이 들어갔을 때 손님 잔여 한도가 부족해서 승인이 안 된 걸로 그렇게 확인됩니다. 어, 그래요? 네, 네 그 결제일하고 약간 겹쳐서 그런 걸로 확인되십니다. 아 그러면 이거 지금 다시 요청할 수 있을까요? 어 저희 쪽에서는 ▲▲가 재승인 시점인지 알 수 없어서 손님께서 만약에 궁금하시면 ▲▲ 측으로 전화하셔서 한 번 물어보셔야 될 것 같습니다. 그럼 결제되고 제 한도가, 지금 카드로 얼마를 결제할 수 있어요? 총 한도는 ▲▲원이시고요, 지금 현재 오늘 날짜로 잔여 한도는 ▲▲▲▲▲▲▲▲원으로 확인됩니다. 제가 ▲▲원 넘게 쓴 적이 없는데 이게 왜 초과됐죠? 그게 아니라 손님 지금 보시면 ▲▲월 ▲▲일자에 ▲▲▲▲▲▲원 결제 대금이 있으셨잖아요. 네, 네. 네, 이 대금이 결제돼야 한도 복원이 되는데 승인 요청이 들어갔을 때는 아직 결제가 되지 않은 날이기 때문에 약간 그 시기가 겹쳐서 그런 걸로 확인되세요. 어, 그래요. 그런데 제가 말하고자 하는 거는 이제 ▲▲원 초과가 안 됐잖아요. 네. 그런데 왜 결제가 안 됐죠? 제가 이해를 못하는 건가요? 손님 ▲▲원 중에서 지금 이 금액을 빼고도 손님께서 사용한 건이 ▲▲▲▲▲▲원이 있으세요. 아 그러면 한도를 조금 더 올려서 쓸 수 있을까요? 한 번 보겠습니다, 손님. 잠시만 기다려 주시겠습니까? 네. 네, 한도 상향 접수가 가능한 걸로 확인되세요. 제가 해당 부서로 연결하면 끊지 말고 기다려 주시기 바랍니다. 네. 네, 상담원 ▲▲▲이었습니다. 예.",0,A
normal_A_0648,"▲▲카드 ▲▲▲입니다. 네, 수고 많으십니다. 네, 감사합니다. 아 예, 다름이 아니고 제가 그 카드 결제를 하다가 할부로 됐다고 했는데 보니까 아마 기재가 안 된 것 같은데 확인 차 한번 전화드린거 거든요. 네. 아 예, 우선 ▲▲▲ 님 본인 분 맞으십니까? 네, 맞습니다. 확인 감사합니다. 오늘 날짜로 ▲▲시 ▲▲분에 11번가에서 ▲▲개월 할부로 ▲▲▲▲원 결제하신 건 확인됩니다, 손님. 아 그래요? 그러면 그다음에 지마켓은 혹시 없나요? 네, 지마켓은 따로 결제된 건 없어요, 손님. 아 ▲▲▲▲원 완납 그러면 제가 아 ▲▲있죠, 네. 아니, ▲▲▲▲ 얼마였는데 제가 이게 하다가 다 됐거든요. 비밀번호까지 다 하고 저기 정상적으로 완료 되었습니다, 했는데 문자 다 안 되는데 그러면 2건이 안 된 건가요? 네, 지금 저희가 승인 내역 확인했을 때는 ▲▲▲▲원 거 이후에 오늘 날짜로 별도로 결제된 건 없습니다, 손님. 아 그래요? 내역을 확인할 수가 없나요? 네, 내역은 따로 확인되지가 않아요, 손님. 저희가 승인 내역 보고 안내해 드리는 거라서 저희 쪽에 내역은 확인되지 않습니다. 아 예, 그러면 ▲▲ 아니 안 된 걸로 예, 알겠습니다. 네, 감사합니다. 상담사 ▲▲▲이었습니다. 예, 수고하세요. 감사합니다.",0,A
normal_A_0649,"상담원 ▲▲▲입니다. 아 네, 안녕하세요? 저 뭐 하나만 문의드리려고요. 네, 안녕하세요? 어 다른 게 아니고 제가 얼마 전에 카드를 하나 새로 발급 받았는데 이게 바우처 서비스가 있더라고요. 아 네, 그러세요? 네, 네 확인 한 번만 부탁드릴게요. 네, 먼저 정보 확인 후 안내 도와드릴 텐데요, ▲▲▲ 님 본인 맞으세요? 네, 맞습니다. 네, ▲▲▲ 님 ▲▲카드를 이용해 주셔서 진심으로 감사드립니다. 네, 문의하시는 카드가 ▲▲▲▲카드 맞으실까요? 네, 맞습니다. 네, 해당 카드 말씀하신 것처럼 바우처 신청 가능한 카드이시고요, 발급 후에 50만 원 이용 실적 조건을 충족하셨기 때문에 바우처 신청이 가능하신데요. 아 네. 네, 네 신청 가능하세요. 바우처 등록 말씀 부탁드리겠습니다. 어 저 상품권으로 하겠습니다. 상품권은 혹시 신세계 상품권 10만 원 교환권 맞으실까요? 네, 네 맞습니다. 네, 신청하신 바우처는 당일에 한해서만 변경 및 해지가 가능한 점 참고 부탁드리고요, 신세계 상품권 10만 원 교환권으로 신청되었습니다. 아 네, 그럼 이게 모바일로 오는 걸까요? 네, 그렇습니다. 아 저 뭐 또 하나만 여쭤볼게요. 그 라운지 이용이 가능하다고 돼 있거든요? 네, 확인 후 안내 도와드리겠습니다. 네. 네, 기다려주셔서 감사합니다. 네, ▲▲▲▲카드는 더 라운지 앱을 통해 이용권을 다운로드 하셔야 이용 가능하고요, 연 ▲▲일까지 이용 가능한 것으로 확인되세요. 아 네, 감사합니다. 네, 감사합니다. 손님 그리고 그 제공된 라운지를 이용했을 때는 전월 실적 50만 원 이상 시 이용이 가능하시니까요, 이 부분은 참고 부탁드리겠습니다. 아 네, 알겠습니다. 감사합니다. 네, 감사합니다. 상담원 ▲▲▲였습니다. 네, 감사합니다. 네, 감사합니다.",0,A
normal_A_0650,"일상의 즐거운 변화 LGU+ <NAME>입니다. 네, 안녕하세요? 반갑습니다. 뭐 하나만 여쭤보려고 전화 드렸는데요. 제가 이제 핸드폰 요금이 결제되는 계좌를 바꾸려고 하는데 진행할 수 있을까요? 네, 납부 방법 변경 가능하시구요. 전화 주신 고객님 <NAME> 고객님 본인 되십니까? 네, 맞습니다. 네, 반갑습니다. 변경은 어떤 방법으로 원하십니까? 계좌를 아예 바꾸려구요. 본인 명의의 통장은 맞으시구요? 네, 네. 네, 계좌번호 불러주시면 변경 처리 바로 도와드릴게요. 네, <ACCOUNT_NUMBER>요. 어느 은행이신가요? 우리은행입니다. 고객님이시라고 하셔서 생년월일도 확인 부탁드릴게요. <BIRTH_NUMBER> 네, 확인 감사드리구요. <NAME> 고객님 LGU+ 이용 요금 우리은행 자동 이체 통장으로 변경하시는 거 동의하시겠습니까? 네, 네. 예, 요청해 주시는 계좌 변경 처리 바로 도와드릴 거구요. 결제 날짜는 매달 <DATE> 괜찮으신가요? 어, 변경할 수 있을까요? 네, 가능하세요. 기존에 <DATE> 자로 출금되셨던데 <DATE> 자로 변경도 가능하시구요. <DATE>로밖에 안 돼요. 아니면 뒤에 <DATE>하고 <DATE>도 가능해요. 아, <DATE>로는 안 되는 거죠? 예, 죄송합니다. 움 <DATE>. 아, 그러면 <DATE> 결제로 바꿔주시겠어요? 예, 날짜 <DATE>로 설정 완료되셔서 <DATE>부터 바로 적용되실 거예요. 네. 그리고 뭐 하나만 더 여쭤볼 건데 제가 신규 상품이 뭐가 있죠, 스고 있는 게? 아, 부가 서비스 말씀이시죠? 네, 네. 결제되고 있는 거요. 지금 사용하시고 있는 부가 서비스는 중고폰 가격 보장 프로그램이 <CHARGE>으로 이용이 되고 있구요. 근데 그거는 해지를 할 수 있는 거예요? 어, 예. 해지를 하시는 거는 가능한데 해지하시게 되면 24개월 이후에 반납하시는 조건으로 남은 할부금 면제 받으시는 프로그램이거든요? 네. 아, 그럼 그냥 써야된다는 거죠? 예. 그리고 지니뮤직 마음껏 듣기 <CHARGE>하고 휴대폰 파손 보험이 <CHARGE>, 로그인 보호 서비스 <CHARGE>이 가입되어 있으세요. 네, 로그인 보호 서비스는 어떤 거죠? 말 그대로 다른 사이트 로그인을 하시거나 할 때 고객님 정보가 도용되거나 이런 걸 방지하는 서비스라고 보시면 되는데요. 이거를 제가 볼 때는 고객님께서 사용하시는 분들은 없으시구요. 회원 가입이라든지 결제를 하다가 자동으로 선택 사항에 체크가 돼서 가입되는 경우가 제일 많거든요. 아, 그럼 그거 좀 해주시겠어요? 네. 그럼 이 서비스는 바로 삭제 처리 도와드리도록 할게요. <DATE>부터 청구 안 되는 거죠? <DATE>에는 <DATE>까지 이용 요금이 마지막으로 청구되실 거예요. 아, <DATE>까지 이용 요금이요? 네, <DATE> 바로 삭제되시는 거라서 <DATE>까지 요금만 <DATE> 청구서에 마지막 표기되실 겁니다. 아, 그러면 일단 알겠습니다. 네, 알겠습니다. 다른 추가적인 문의 사항은 없으십니까? 네. 그리고 혹시 지금 요금제를 제가 변경 좀 하고 싶은데 어떻게 뭐가 다른지 몰라서요. 어, 지금 <CHARGE> 요금제를 사용하시고 있는데요. 제가 볼 때는 고객님께 가장 적합한 요금제는 이게 맞거든요. 더 낮추고자 하시는 거세요? 네. 아, 12GB 이거밖에 안 돼요? 여기 중간 요금제가 없어 가지고 차이가 좀 커요. 그러면은 지금 5G 요금제인데 LTE로는 못 바꿔요? 어, 네. 지금 단말기에서 LTE 요금제로는 전산에 적용이 안 되세요. 그럼 요금제는 이대로 써야 된다는 거네요? 네, 맞아요. 알겠습니다. 없습니다. 알겠습니다. 편안한 하루 보내세요. 네, 좋은 하루 되세요. 감사합니다.",0,A
normal_A_0651,"일상의 즐거운 변화 LGU+ <NAME>입니다. 네. 안녕하세요? 아 안녕하십니까? 네. 그게 그 중고폰 보장을 그거 해 가지고 포인트가 들어왔는데, 그걸로 그 할인이나 문자를 신청을 지금 차감했거든요. 아 그러세요? 제가 바로 확인도와 드리겠습니다. 입력해 주신 번호 조회가 되었고, 전화 주신 분이 <NAME> 고객님 본인 맞습니까? 네. 아 네. 감사합니다. 먼저 포인트부터 확인해 볼 텐데, 잠시만 기다려 주시겠습니까? 네. 기다려 주셔서 감사합니다. 확인해 봤을 때, <CHARGE> 확인되고 있구요. 그리고 남으신 그 자녀분 잔액 <CHARGE> 남아 있습니다. 네. 그거는 <DATE> 요금으로 같이 쓸 수 있나요? 어 지금 확인해 보겠습니다. 잠시만 기다려 주시겠습니까? 네. 아 고객님 기다려 주셔서 감사합니다. 지금 봤을 때 그 고객님 잔여 남아 있는 분납금보다, 그 포인트가 적어서 그러면 제가 한 달치 단말기 대금을 빼고 결제할 수가 있는데요. 그러면은 잔여 단말기 대금은 <DATE>로 요금이 청구가 됩니다. 네. 네. 고렇게 그러면 처리해드리도록 할까요? 네. 그렇게 해주세요. 아 네. 알겠습니다. 그러면 제가 한 달치 단말기 대금 한번 빼볼 텐데, 어 잠시만 기다려 주시겠습니까? 네. 고객님 기다려 주셔서 감사합니다. 어 지금 현재 이 금액보다 더 커가지고 제가 두 달치 빼고 <DATE>만 결제해드리도록 하구요. 아 네. 그러면 분납 <CHARGE> 결제 가능합니다. 그리고 나머지 포인트는 고객님 청구되는 요금에서도 결제할 수 있도록 할 수 있는데, 그러면 나머지 포인트는 그렇게 해서 드릴까요? 네. 그렇게 해주세요. 아 네. 알겠습니다. 바로 처리해 드리겠구요. 다른 문의 사항은 없습니까? 아 네. 감사합니다. 언제든지 연락 주시면은 정성껏 도움 드리도록 하겠습니다. 네. 감사합니다. 아 네. 감사합니다. 네.",0,A
normal_A_0652,"일상의 즐거운 변화 LGU+ <NAME>입니다. 지금 제가 이거 반납 그거를 쓰고 있는데 이거 끝나는 날이 언제에요? 제가 지금 바로 확인해 볼 거구요. 네. 지금 전화 주신 고객님 성함이 <NAME> 고객님 본인 맞으십니까? 네. 네, 소중한 정보 확인 감사드립니다. 보상 가능 일은 고객님 <DATE>부터 가능하시구요. 네. 예. 그 보상을 이제 못하시는 시기가 있잖아요? 네. 그 보상이 끝나는 시점은 <DATE>에 종료가 되실 예정이십니다. 아, 이게 제가 반납 설명을 들었는데 핸드폰을 반납하면 온라인 중고 가격으로 폰 보상을 해준다고 했었거든요. 이제 그 부분은 고객님의 단말기 상태에 따라서 달라지는 게 아니구요. 예. 고객님께서 반납을 하셨을 때 저희가 그 부분을 판단을 하는 건 아니고 다른 회사가 판단을 합니다. 근데 거기서 이제 판단을 하셨을 때 고객님의 단말기 상태에 따라서 고객님한테 포인트로 지급이 되실 예정이시구요. 예. 그리고 이제 고객님께서 더 좋은 핸드폰으로 변경을 하실 거잖아요? 예. 네, 변경을 하시고 나면은 그 핸드폰 번호로 이제 중고폰 가격보장프로그램 포인트가 들어오실 거예요. 예. 그럼 이제 그 포인트로 남은 단말기할부금 납부하셔도 되구요. 아니시면은 <DATE> 요금을 납부하셔도 되구요. 아 지금 근데 뭐 사전예약이 돼요? 그런 부분까지는 고객님, 저희는 개통을 담당하는 업무가 아니고 모바일고객센터기 때문에 그런 부분까지는 확인이 불가능한 점 양해 부탁 드리겠습니다. 아 그거는 어디로 연락을 해야 되나요? 그런 부분은 지금 잠시만요, 제가 한번 인터넷으로 찾아봐 드릴까요. 네, 사전예약 그거를 보고서 또 이제 이거를 지금 쓰고 있는 핸드폰이랑 똑같은 방법으로 개통을 할까 생각 중인데.... Z플립이요? 지금 저희가 확인했을 때는 아직 사전예약은 안 되는 걸로 나오는데요. 물론 정확한 건 아니구요. 네. 어 잠시만요, <DATE> 이때 이벤트에서 구매된다고 하니까 아마 그때부터 예약이 가능할 걸로 판단되고 있습니다. 아 그러면은 그거는 전화를 똑같이 여기다 하면 안되고 다른 쪽에다 해야 돼요? <DATE> 되시면 저희도 개통 업무를 담당하시는 분이 있어요. 네. 그 담당부서가 있기 때문에 그쪽으로 연결해 드릴 수 있습니다. 근데 <DATE> 사전예약이 안 되기 때문에 지금은 따로 연결은 어려우시구요. 알겠습니다. 다른 문의 사항 없으시구요? 아 지금 이게 핸드폰 액정이 살짝 깨져서 이거 제가 보험 가입이 돼 있는데 그 영수증 두 개 찍어서 어플로 신청하는 거잖아요? 네. 그거 예전이랑 방법은 똑같죠? 그 보험 보상 부분은 저희가 담당하고 있지 않아서요. 아 그래요? 저희가 문자로 핸드폰 보험 고객센터로 넣어 드릴까요? 아니 제가 나중에 다시 연락드릴게요. 아 네, 알겠습니다. 다른 문의 사항 없으시구요? 네. 네, 알겠습니다. <DATE> 하루도 행복하게 마무리하시길 바라겠습니다. 네, 수고하세요. 네, 감사합니다.",0,A
normal_A_0653,"상담원 ▲▲▲입니다. 예, 여보세요? 저기 그 뭐 한도를 상향하려고 하거든요. 아 그러십니까? 일단 몇 가지 확인한 다음에 한도 상향이 가능한지 확인해 볼 텐데요. 예, 예. 전화주신 분 본인 성함은 어떻게 되십니까? ▲▲▲요. 네, 생년월일을 말씀해주시겠어요? 예, ▲▲년 ▲▲월 ▲▲일요. 네, 등록돼 있는 휴대폰 번호는 몇 번이십니까? 예, ▲▲▲▲▲▲▲▲▲이요. 결제하는 은행 한번만 말씀해 주시겠어요? 아 ▲▲은행이에요. 아 네, 확인 감사합니다. 일단은 뭐 카드 한도 이용이 가능한지 한번 확인해 볼 텐데요, 잠시만 기다려 주세요. 네. 아 네, 손님 기다려 주셔서 감사합니다. 어 지금 현재 예 총 한도가 ▲▲원으로 등록되어 있으시고요. 예, 예. 정기적으로 이렇게 정해져 있는 한도는 지금은 따로 부여되는 금액은 없는데 일시적으로 사용할 수 있는, 최대 ▲▲개월 동안 사용하실 수 있는 한도는 상향이 가능하세요. 그 이후에는 다시 정상으로 복구가 되실 거고요. 아 예. 그래서 지금 ▲▲원 포함해서 총 ▲▲▲원까지 한도 상향이 가능하신데요, 일시 한도가요. 아 예. 예, 그러면 이제 ▲▲원이시니까 추가로 ▲▲▲원이 되시는거고요. 아니 ▲▲원까지는 필요 없어요. 그러면 어느 정도 상향을 해 드리면 될까요? 아 ▲▲원만 더 해주세요. 그러면 일시 한도는 추가적으로 ▲▲▲원 더 진행을 해 드리도록 하겠고요. 예, 예. 어 이용하시는 기간은 기본 한 달에서 최대 ▲▲개월까지 가능한데요. 예. 기간은 어떻게 설정해 드릴까요? 아 예, ▲▲개월로 해 주세요. 그러면 지금 ▲▲월 ▲▲일인데요, ▲▲월 ▲▲일까지 두 달 동안 이용 가능하게 해 드리면 될까요? 아 예, 예. 네, 그럼 ▲▲월 ▲▲일까지 등록해 드리도록 하겠고요. 네, 주의 사항 안내해 드리면요. 네, 단기 카드 대출 한도는 기존과 동일하게 이용하실 수 있으시고 일시 한도는 정기 한도와 합산해서 이용하는 한도입니다. 일시 한도 사용 기간 중에 결제하신 만큼 한도가 복원되고요. 예, 예. 사용 기간 경과 시점의 사용 금액이 정기 한도를 초과하는 경우 사용이 제한될 수 있으니 참고 부탁드리겠고요. 예, 예. 네, 지금 ▲▲원 포함해서 ▲▲원해서 ▲▲▲원, 말씀하신 총 ▲▲▲원 말씀해 주신 거고요. 예, 예. 해당 한도로 조정하도록 하고 상향하도록 하겠습니다. 잠시만 기다려 주세요. 예, 예. 아 네, 손님. 기다려 주셔서 감사합니다. 총 한도 그 ▲▲월 ▲▲일까지 이용하시는 한도는 ▲▲▲원 되셨고요. 지금 현재 잔여 한도 사용하실 수 있는 게 ▲▲▲▲▲▲▲원, 약 ▲▲▲원이 가능하십니다. 아 예, 알겠습니다. 네, 감사합니다. 예, 지금부터 바로 사용할 수 있나요? 네, 그렇습니다. 아 예, 감사합니다. 네, 감사합니다. 상담사 ▲▲▲이었습니다. 예, 알겠습니다.",0,A
normal_A_0654,"일상의 즐거운 변화 LGU+ <NAME>입니다. 네, 안녕하세요? 그 선택약정 다시 이제 가입하려고 하는데요. 아 그러십니까? 네. 네, 저희가 확인해서 다시 재연장해드리도록 하겠습니다. 연락 주시 명의자분에 성함이 <NAME>고객님 본인되십니까? 네. 기간은 1년과 2년 중 골라주실 수 있습니다. 기간은 어느 정도로 연장해 드릴까요? 혹시 그 기간에 따라서 뭐 할인율이 달라지거나 하나요? 기본요금에서 25% 할인이라는 거는 동일합니다. 아 그러면 <DATE>으로 일단 해주세요. 짧게 <DATE>으로 연장해 드릴게요. 네. 할인 내용이 안내로 나오실 겁니다. 그러시고 동의하시면 마지막에 대답 부탁 드리겠습니다. 네. 지금부터 선택약정할인 녹취 가입 과정을 진행하겠습니다. 기간을 채우지 못하면 반환금이 나오는데 주요사항은 문자로 발송해 드렸습니다. 반환금이 되시는 경우는 중도해지 미적용 단말기로 기기변경 약정미승계 명의변경에 해당합니다. 자세한 내용은 홈페이지에서 확인 가능합니다. 문자 확인하셨습니까? 확인 하셨으면 네라고 말씀해 주세요. 네. 이용조건에 동의하시면 바로 서비스 등록하겠습니다. 네. 선택약정할인 가입에 동의하십니까? 네. 중간에 문자도 잘 확인되셨습니까? 아 네. 예, 확인 감사합니다. 1년으로 저희가 지금 연장해 드리는 중이구요. 날짜가<DATE> 종료로 아직 좀 며칠 정도 남아 있습니다. 네. 끝나는 날짜에 맞춰서 <DATE>날짜부터 <DATE>으로 다시금 재약정 완료해드렸습니다. 아 네, 감사합니다. 근데 혹시 기기변경하게 됐을 때는 상관이 없는 거죠? 새 기계 교체하시더라도 통신사 이동 없이 저희 U+ 안에서 기기변경하시는 거는 그거는 괜찮습니다. 아 네, 알겠습니다. <DATE>부터 <DATE>으로 다시 재약정 완료해드렸구요. 네. 아 그리고 쓰고 계시는 요금제 부분도 그 예전에 출시되어서 지금은 종료된 요금제거든요. 네. 신규 요금제로 저희가 좀 같이 안내를 해드릴게요. 네. 혹시 지니뮤직 서비스는 그대로 이용 원하십니까? 네. 아 그거는 쓰시는 거세요? 만약에 그런 경우에는 저희가 <CHARGE>짜리 프리미어플러스요금제가 있는데요. 네. 지금보다는 위에는 요금제이고 대신에 데이터가 속도제어 없이 그냥 무제한이라는 장점이 있구요. 추가적인 할인까지 다 받으시면은<CHARGE>으로 쓰실 수 있는 걸로 확인이 됩니다. 그럼 지금보다 더 싸게 쓸 수 있는 건가요? 지금보다 위로 올라가시는 거 맞으세요. 핸드폰만 지금 따로 확인했을 때는 홈 상품 빼고 확인하면 <CHARGE> 정도이거든요. 아, 네. 그래서 <CHARGE>으로 약간 금액이 더 올라가시는 건 맞습니다. 어 이거 꼭 바꿔야 되는 건가요? 아 그렇진 않습니다. 아 그러면 일단 그냥 쓸게요. 이게 저희가 안내해 드렸고 혜택 부분은 아까 동일하게 이어서 가져가실 수 있는 부분도 확인해 드렸으니까요. 필요하실 때 언제든지 말씀해 주십시오. 약정만 연장해 드렸습니다. 네, 알겠습니다. 네, 좋은 주말 되세요. 감사합니다. 예, 감사합니다. 네.",0,A
normal_A_0655,"상담원 ▲▲▲입니다. 무엇을 도와드릴까요? 예, 안녕하세요? 예, 안녕하세요? 할부 금액에 대한 수수료가 궁금해서 드려 전화드렸거든요. 아 그러실까요? 네, 손님 많이 궁금하셨을 텐데요, 제가 바로 확인해드리겠습니다. ▲▲▲ 님 본인 맞으실까요? 네. 네, 확인 감사합니다. 손님 그 결제하신 건에 대한 수수료일까요? 아니면 앞으로 결제하실 건에 대해서 일까요? 아 이번 달 거거든요. 결제했던 거에 대해서인데. 네, 지금 엘지 단말에 어 저 네, 말씀해 주세요. 단말기에 대한 거 맞아요. 아 네, 손님 그 단말기 수수료 이율이 5.90%이시고요. 이제 ▲▲월 ▲▲일부터 결제하시게 되시는데 이제 수수료가 ▲▲원 지금 확인되고 있으시거든요. 네. 5.90%요? 아 네, 5.90%입니다. 아 근데 그게 어떤 거에 대한 가격이 ▲▲▲▲원이 어떻게 나온 건지는 제가 알 수 있는 방법은 없나요? 아 네, 손님 그 부분 관련해서 제가 확인해드리겠습니다. 잠시만 기다려 주시겠습니까? 네, 네. 네, 손님 기다려 주셔서 감사합니다. 그 할부수수료 관련해가지고는 인제 할부 잔액이 그 기간별 할부 수수료율과 월 이용 일수를 인제 그 다음에 ▲▲▲▲로 나눠주시면 할부율이 나오시거든요. 그런데 그래서 인제 할부 잔액이 얼만큼 남아 있느냐에 따라서 조금 금액이 달라지실 수가 있으세요. 그래서 인제 처음에는 맨 첫 달에는 지금 아까 말씀드렸던 대로 ▲▲원이신데요, 이제 갈수록 할부 잔액이 적어지시잖아요. 할부할 그 결제를 해 주실수록 그래서 가면 갈수록 ▲▲원, ▲▲원 이런 식으로 점점 인제 할부 수수료가 점점 줄어 주셔가지고 이제 마지막에는 마지막이 인제 ▲▲년 ▲▲월 ▲▲일이 마지막에 결제를 하시게 되시는데 그때는 수수료가 ▲▲원이 되세요. 아 그러면 기기 할부수수료가 ▲▲▲▲▲▲원에 대한 5.9%가 아닌 건가요, 그러면? 네, 그 제가 방금 말씀드렸던 대로 단순하게 5.9%를 꼭 하시는 게 아니라 할부잔액에 곱하시고 월 이용 일수를 곱하시는데요. 인제 ▲▲▲으로 나눈 다음에 그 ▲▲월 이용 일수를 인제 이 부분을 ▲▲▲▲으로 나눠가지고 그 부분을 꼭 해주셔야 되세요. 아 네. 네, 그래서 인제. 조금 알 것 같은데요, 네. 아 네, 아 그러실까요? 네, 그러니까 ▲▲▲▲분의 월 이용 횟수를 곱해 주시면 되세요. 아 그 생각보다 수수료가 많이 나와가지고 아 그러셨을까요? 네, 인제 그 ▲▲▲▲▲▲원에 대한 총 수수료가 ▲▲▲▲▲▲▲원으로 지금 확인되시거든요. 네. 아 예, 알겠습니다. 아 네. 네, 알겠습니다. 감사합니다. 아 네, 감사합니다. 상담사 ▲▲▲이었습니다. 네.",0,A
normal_A_0656,"상담원 ▲▲▲입니다. 무엇을 도와드릴까요? 아 제가 카드를 신청해 가지고 그 챗봇 문자를 받았는데요. 네. 거기 2시간 이내 하라고 돼 있는데, 제가 신분증이 집에 있어가지고 2시간 이내에 못 할 것 같은데 그럼 어떻게 해야 되죠? 아, 그러시면 그걸로 진행 못하시면 뭐 전화 상으로 심사자분하고 통화를 하셔도 되실 텐데요, 어 신분증 정보를 뭐 확인은 확인을 하실 수 있으셔야 되세요. 네. 어 그러니까? 제 말은 어 다시 뭐 이거 문자로 보내주거나 그런 방법은 없나 싶어서요. 아, 다시 보낼 수는 있을 텐데요, 계약이 언제 가능하신지를 이제 손님께서 뭐 언제쯤 보내달라 뭐 이렇게 말씀을 하셔야 될 것 같은데요, 손님. 네. 지금요? 뭐, 지금 손님 정보 확인을 하고 어 담당자분께 전달하거나 그 링크를 다시 보내거나 아니면 저희 심사자분하고 손님께 통화를 하는 방법으로 하셔도 되시는 건데요, 어떻게 할까요? 네, 뭐 상관 없고 저는 한 ▲▲시 정도에 받았으면 좋겠거든요. 네. 그 링크를 요? 네, 네. 네. 아, 그러시면 일단 손님 정보 먼저 확인을 하고요. 담당자분께 어 전달을 할 거예요. 핸드폰번호가 어떻게 되십니까? 네, 네. ▲▲▲▲▲▲▲▲▲▲▲▲▲ 생년월일은 어떻게 되십니까? ▲▲▲▲▲▲▲ 네, 어 성함은 어떻게 되세요? ▲▲▲ 네, 결제하실 계좌는 어느 은행이십니까? ▲▲은행이요. 소중한 정보 확인 감사합니다. ▲▲▲▲카드 신청을 해 주셨고 그 신분증 확인할 수는 그럼 ▲▲ 이후면은 신분증 확인이 가능하신 거세요? 네, 네. 아 그러세요? 그럼▲▲시 이후에 그 링크를 한 번 더 보내드리도록 그렇게 전달하겠습니다. 네, 그거 받은 후에 2시간 안에만 하면 되는 거죠? 네. 그렇죠. 손님. 아 네. 네. 알겠습니다. 아니면, 좀 여유 있게 말씀을 하셔서. 어, 그러면 그럼 ▲▲시까지 보내주세요. ▲▲시까지 할까요? 알겠습니다. 그럼 11시에 심사 챗봇 다시 한번 보내도록 그렇게 전달하겠습니다. 상담원 ▲▲▲이었습니다. 네, 네. 감사합니다.",0,A
normal_A_0657,"▲▲카드 ▲▲▲입니다. 아 네. 수고하시는데요. 제가 ▲▲카드를 분실했는데 지금 일요일이잖아요. 이게 가족 카드여가지고 우리 애기아빠 거까지 이게 취소가 되는건지. 네. 궁금하고 지금 현재 최종 사용한 날짜가 오늘인가로 안내되는데 제가 언제 썼는지 궁금하기도 하고 오늘 일요일 날 잃어버려서요. 네. 전화주신 손님 ▲▲▲ 님 본인 맞으세요? 네, 네. 맞아요. 네, 손님. 분실 신고하신 건은 손님 카드만 분실 신고되는 거라서 ▲▲ 님 카드에는 영향은 없고요. 이건 카드 단위기 때문에 걱정은 안 하셔도 되시구요. 손님 카드는 가장 마지막에 사용하셨던 거는 ▲▲월 ▲▲날 농업회사 법인 ▲▲에서 ▲▲▲원 쓰셨던 게 제일 마지막이세요. 아, 그래요? 알았어요. 네, 거기서 잃어 버리셨나 봐요. 그러니까요. 그런데 이거 지금 제가 지금 카드 분실 신고를 했기 때문에 이게 이제 분실 신고 취소해도 이 카드는 쓸 수 없는 거죠? 아니요, 카드 만약에 찾으셨다 그러면은 찾으신 카드 소지하고 주회원 님이신 ▲▲▲ 님이 연락을 주시면 분실 해제해서 다시 사용하실 수 있도록 처리가 가능합니다. 아, 그래요? 그러면 조금 찾아볼게요. 네, 찾아보시고 만약에 있으시면 저희가 분실 관련 업무는 24시간 진행하니까 일단 주 회원님 ▲▲님이 그 카드 소지하고 연락주실 수 있도록 그렇게 해 주시면 되세요. 네, 네. 알겠습니다. 네, 감사합니다. 네, 그리고 그 ▲▲일 날 추가적으로 한 가지 더 말씀드리자면 손님 그 고속도로 통행료 납부 건도 하나 보여지는 게 있으세요. 그거는 ▲▲▲에서 가셨던 거 있으신데 ▲▲원이고요. 네. 실제 사용은 ▲▲월 ▲▲날 하셨는데 전표 접수가 ▲▲월 ▲▲일 날 돼서 혹시나 조회하시다가 이 부분 착오 있으실 수가 있어서 요금 말씀드립니다. 그러니까 잃어버렸는데 ▲▲월 ▲▲날 뭐가 ▲▲ 얼마가 있다고 그래서 이거 뭐가 잘못됐나. 네, 아마 그거 보고 말씀하신 것 같아서 전달 설명드렸습니다. 아 예, 알겠습니다. 감사합니다. 알았어요. 네, 감사합니다. ▲▲카드 ▲▲▲이었습니다. 편안한 저녁 시간 되십시오. 네, 네.",0,A
normal_A_0658,"반갑습니다. 일상의 즐거운 변화 LGU+ <NAME>입니다. 여보세요? 네, 여보세요? 네, 그 저기 보험 혜택을 받았는데 제가 이제 파손이 또 생겨서 저 뭐 보험을 다시 받아야 될 거 같아서요. 제가 좀 가능한지 한 번 전화했거든요. 알겠습니다. 명의자분께서는 <NAME> 고객님 본인 되십니까? 네. 네, 반갑습니다. 보험은 고객님 현재 저희 쪽에 남아 있으면은 횟수 상관없이 가능한데 지금 확인했을 때 고객님 한도가 <CHARGE> 있으시더라구요. 그래서 요거 신청하실 거면요, 보험 센터로 연락하시거나 제가 연결해 드릴 수가 있어서 혹시 어떤 게 조금 편하시겠어요? 근데 어제 그 제가 지난번에 한 번 보험을 들었거든요. 그때도 똑같이 액정 파손였는데요. 이게 100% 지원이 아니잖아요. 네, 맞아요. 네, 이제 교체가 <CHARGE> 더 하더라구요. 근데 궁금해서, 80%인가요? 어, 일단은 잠깐만 기다려 주시겠습니까? 네, 네. 알겠어요. 네, 여보세요? 네. 예, 혹시 고객님께서 아까 잠깐 말씀하셨을 때 파손 기간이 <CHARGE> 가능하셨는데 정확히 얼마를 이제 수리하셨나요? 아, 이거 제가 수리를 하려고 하다가 이거 제가 그 보험으로 받을 수 있는 금액이 되는지 안 되는지 확인을 한 건데 그거를 안 받았어요. 아, 네. 그럼 수리 예상 비용은 얼마십니까? 아마 물어보니까 <CHARGE> 정도라고 말씀하셨거든요. 예. 그러면은 고객님께서 이제 보상 금액은 <CHARGE>이구요. 음, 그럼 되는 거네요? 지금, 예. 고객님 부담금은 <CHARGE>이세요. 아직까지 저희 고객님께서 한도가 <CHARGE> 남아 있으시거든요. 아, 알겠습니다. 네. 그래서 요거는 고객님 혹시 청구하셔서 지금 보험 혜택 받으시기 바랍니다. 네, 감사합니다. 네. 가능한 제가 처리해 드리고 싶었는데 죄송합니다. 예, 감사합니다. 네, 알겠습니다. 오후 시간도 힘내시구요, 남은 하루 파이팅하시기 바랍니다. 네, 감사합니다.",0,A
normal_A_0659,"상담원 ▲▲▲입니다. 여보세요? 예, 안녕하세요? 안녕하세요? 뭐 문의 좀 할게요. 예. 그 청구서를 하나 갔고요. 예. 그러니까, 핸드폰 단말기 ▲▲▲▲원이 마이너스 처리가 여기까지 같이 청구가 되는 건지 확인하려고요. 예. 어, ▲▲▲ 님 본인 맞으실까요? 네. 예, 확인 감사합니다. 그 통신료 할인됐는지, 확인해 드리면 되시는 거죠? 그런데 제 번호로 조회를 할 건 아니고요, 이거 만들면서 제 아내 핸드폰 두 대기 때문에 아마 애들인데, 뭔 저기 그걸로 넘어왔더라고요? 어, 어떤 카드 기준으로 누구의 카드이실까요? 카드는 제 카드입니다, 본인카드요. 아 예, ▲▲▲ 님 카드 맞으시죠? 네. 예, 제가 확인해 보겠습니다. 잠시만 기다려 주세요. 예, 기다려 주셔서 감사합니다. 지금 ▲▲월에 그 카드 만드신 거 확인되시고요. 지금 엘지에서 통신이요, 자동이체가 되신 게 없으십니다. 자동이체 된 게 없다고요? 예, 예. 방금 제가 통신사에 전화를 하니까 말일쯤에 다 등록이 돼 있는 것 같은데요. 예. 그러니까, 등록이 되어 있으실 수는 있는데 이제 실제로 결제가 돼야지, 저희가 결제대금에서 할인을 해 드리는 거니까, 통신 요금에서 저희가 할인을 해 드리지 않습니까? 통신 요금이 할인되는 거 맞죠? 예, 예. 그런데 이제 다음 달 말에 이제 통신료 이제 자동이체를 등록하셨을 수는 있는데, 실제로 결제된게 아직은 없으세요. 그래서 결제가 언제가 되는지 좀 한번 확인해 보셔야 될 것 같습니다. 결제된 게 없다고요? 예, 자동이체는 등록은 되셨을 수 있는데, 실제로 결제는 며칠인지는 또 다른 문제 아니겠습니까? 네. 통신사 엘지에서 결제하는 거 말인가요? 아, 예. 그렇습니다. 그래서 결제가 되셔야지, 결제대금에서 할인을 해 드릴 수 있으니까요. 네. 예, 그래서 결제가 되시면은 저희가 할인을 해 드릴 수가 있는데, 아직은 저한테 결제 들어온게 없습니다. 그래서 결제일이 며칠인지 한번 확인해 보시겠습니까? 내일. 아, 그러면 내일 저희가 이제 그 뭐 승인된 거 확인되면은 저희가 할인해 드리도록 하겠습니다. 네. 그러면은 그 명세표 사용하라고 나와요, 명세서에. ▲▲▲▲원이 부과된 거까지 하면 이제 그게 뭔가 문제가 있다고 연락을 드린 거거든요. 그러면 이 명세표에 또 조정돼서 나오나요? 아니면 어떻게 되는 건가요? 명세표에 마이너스 대금으로 이제 표시가 될 겁니다. 그런데 이번 달에는 그게 아직 결제 안 되기 때문에요, 거기 안 되는가 보죠? 아니요, 엘지 그 결제 자체가 없으시니까, 뭐 엘지에서도 결제된 게 들어온게 없습니다. 예, 그러니깐요. 예. 그래서 그렇습니다. 뭐 결제된 게 없습니다. 아, 다음 달에는 이게 마이너스 처리가 되는, 거기서 정상적으로 등록이 됐다라고 했거든요. 예, 만약에 뭐 결제가 되셨으면 이제 다음 달에는 이제 되시는 겁니다. 알겠습니다. 제가 다음 달 명세표 보고 다시 한번 좀 문제 있으면 그 연락을 드리도록 하겠습니다. 예, 감사합니다. ▲▲카드 상담원 ▲▲▲이었습니다. 네.",0,A
normal_A_0660,"상담원 ▲▲▲입니다. 네, 여보세요? 네, 안녕하십니까? 네, ▲▲일이 결제일이여가지고요, 오늘 결제 좀 하려고요. 아, 그러세요. 전화 주신 손님 ▲▲▲ 손님 본인이십니까? 네. 네, 확인 감사합니다. 지금 연체금액 결제 요청 하시는건데요, 잠시만 기다려 주세요. 네. 오늘 날짜 기준으로 연체금액 말씀드리면 ▲▲▲▲▲▲▲▲▲▲▲원 내시는데 연결되어 있는 ▲▲은행 계좌에서 출금을 해 드릴까요? 아니요, 다른 계좌요. 아, 다른 계좌세요. 그러면 어느 은행일까요? 예, 불러 드릴까요? ▲▲은행이고요. 네. ▲▲▲ ▲▲▲ ▲▲ ▲▲ ▲▲▲▲ ▲▲▲▲ ▲▲ ▲▲ ▲▲▲ ▲▲▲ 네, 조회 한번 해 보겠습니다. 네. 예, 결제 계좌 오늘 이렇게 변경하시면 이중 출금될 수 있습니다. 네. 녹취 들어갑니다. 잠시만 기다려 주세요. 네, 이 계좌 등록을 해 드렸는데요. 혹시 안내사항 있어가지고 안내를 해 드립니다. 이게 연체금액 때문에 전화를 하신 건데 그러면 한도 복원이 지금 바로 필요하신 건가요? 네, 네. 네, 이 계좌가 저희 ▲▲은행 계좌면은 이제 실시간으로 반영이 되시는데 이 다른 은행, 타계좌 같은 경우에는 다음날 이 그 한도 복원이 되고 입금 반영이 되세요. 그래서 괜찮은가요? 네. 아, 그러면 가상 계좌를 제가 안내를 해 드리면 그쪽으로 입금을 하시면 그게 이제 바로 저기가 확인이 되시는데요. 아, 그러면 그렇게 해 주세요, 가상 계좌를 쓰는 걸로. 그럼 가상 계좌가 나으시겠죠? 예, 알겠습니다. 그러면 다시 제가 요청을 해 가지고 가상 계좌로 안내를 해 드리겠습니다. 잠시만 기다려 주세요. 네, 네. 예. 연체금액이 가상 계좌는 ▲▲은행 계좌로 제가 발송을 해 드리겠습니다. 네. 네, 오늘 저녁 11시 30분 전까지 이체 부탁드리고요. 그러면 문자 메시지 발송해 드렸고요, 이쪽으로 입금 부탁드립니다. 아, 지금 바로 입금할 거예요. 네, 감사합니다. 네, 기존 통장에서는 이중 출금될 수 있으니 유의 바랍니다. 네, 저기 혹시. 네, 네. 네, ▲▲▲▲▲▲▲▲▲으로 보내셨나요? 잠시만요. 아, 핸드폰 번호 말씀하시는 건가요? 네, 네. 아, 그쪽으로 못 받으시나요, 혹시? 아니 받는데요, 문자가 안 와가지고 ▲▲카드가. 아 네, 문자가 안왔어요? 그러면 제가 저희 쪽에서 간 걸로 나온 다른 번호가 혹시 있으실까요? 네, ▲▲▲ 네. ▲▲▲▲ ▲▲▲▲ ▲▲▲▲번이요. ▲▲▲▲이요? 잠시만 기다려 주세요. 네. 예. ▲▲▲▲▲▲▲▲▲▲▲번이요. 네. 문자 메시지 발송을 했는데 지금 바로 확인이 가능하실까요? 잠시만요. 네. 예, 들어왔습니다. 예, 예. 알겠습니다. 상담원 ▲▲▲이었습니다. 예. 감사합니다.",0,A
normal_A_0661,"상담원 ▲▲▲입니다. 예, 수고하십니다. 그 교육 급여 그 포인트로 적립 됐다는데. 그 카드가 일반 체크카드로 적립이 된 건가요? 아니면은 그 오늘 온 카드로 등록돼 있는 거예요? 네, 해당 부분은 저희 본인 확인 후에 안내해드리도록 하겠습니다. ▲▲▲ 님 본인 맞으십니까? 예. 네, 손님 소중한 정보 확인 감사합니다. 저희 잠시만 기다려주시겠습니까? 예. 네, 손님 확인 중에 있습니다. 잠시만 더 기다려주시겠습니까? 예. 네, 손님 기다려주셔서 감사합니다. 해당 해당 바우처는 저희 체크카드로 사용가능하신 걸로 확인되고 있습니다. 그 체크카드면은 그 현금 서비스 카드론 그거 말하는 건가요? 네, 체크카드요. 통장이랑 연결되어 있는. 예, 저 아까 이 통장 연결돼 있는 카드가 그 ▲▲▲카드 있고 그걸 또 일반 체크카드가 있고 이래가지고. 예. 잠시만 기다려주시겠습니까? 예. 예, 손님 기다려주셔서 감사합니다. 해당 부분 손님 저희 혹시 괜찮으시다면은 확인 후에 손님께 문자로 안내해드려도 괜찮으실까요? 아 예. 그리고 적립 포인트를 끌어올 수 있는 건가요? 어, 저희가 넘기는 방법은 어려울 것 같고요. 해당 어떤 카드 적립되었는지 확인 후에 손님께 안내해 드리도록 하겠습니다. 예, 알겠습니다. 그러면 또 다른 카드를 못 넣는다 이 말이지요? 네, 네. 예, 알겠습니다. 네, 전화번호에 그 잔액이 그 포인트가 썼으면 얼마 남았는지, 그 확인이 안 되던데 그 확인을 어떻게 하는 거예요? 저희 고객센터 연락하시면 바로 확인해드릴 수가 있습니다. 예, 알겠습니다. 예, 손님. 상담원 ▲▲▲이었습니다. 예. 예, 수고하세요. 감사합니다. 예.",0,A
normal_A_0662,"상담원 ▲▲▲입니다. 아 네, 안녕하세요. 아 네, 안녕하세요. 제가 그 신용카드 며칠 전에 발급받았는데요, 그 카드를 돈 뭐 매달 빠져나가는 카드를 그 ▲▲로 바꾸고 싶습니다. 네. 아 그러세요? 혹시 ▲▲▲ 님 본인 맞으십니까? 네, 맞습니다. 네, 그러시면 뭐 자동 이체 건을 말씀해주시는 건가요? 아, 자동이체는 아니고요. 네. 아 네, 자동 이체로 걸어주세요. 그러면은 제가 그 전에 미리 선결제를 1개, 1개씩 그렇게 할게요. 그러니까, 손님께서 말씀하시는 게 혹시 어떤 부분이실까요? 다시 한번 말씀해주시겠습니까? 신용카드 매달 빠져나가는 돈이 ▲▲으로 되어 있는데요, 이거를 ▲▲ 은행으로 바꾸고 싶습니다. 계좌를요. 아, 그 계좌를 변경하신다는 말씀이실까요? 네, 네. 네, 그러시면 계좌번호 불러주시겠습니까? ▲▲▲ 네. ▲▲▲▲▲▲▲ 네. ▲▲▲▲▲ 네, 확인해보겠습니다. 잠시만 기다려 주시겠습니까? 네. 네, 기다려 주셔서 감사합니다. 지금 확인하겠습니다. ▲▲카드 이용 대금 즉시 출금할 계좌 번호 에 관한 접수 내용을 확인하겠습니다. 생년월일 ▲▲년 ▲▲월 ▲▲일 ▲▲▲ 님 명의로 된 ▲▲ 은행 ▲▲▲▲▲▲▲▲▲▲ 계좌에서 신청한 내용이 맞습니까? 네, 그 신용카드는 ▲▲▲▲예요. 아 네, 맞습니다. 지금 그 신청하신 게 맞으십니까? 네 네, 여기서 신용카드 거기서 빠져 나가면 됩니다. 네, 확인해주셔서 감사합니다. 신청한 계좌에서 출금되도록 계좌 등록되었습니다. 날짜는 어떻게 되나요? 결제일 말씀해 주시는 거세요? 네, 맞습니다. 결제일은 지금 확인하셨을 때 ▲▲일로 확인됩니다. 그러면은 ▲▲월 ▲▲일 날 빠져나가나요? 네, 맞습니다. 아, ▲▲월 ▲▲일 날 빠져나가는 금액 지금 얼마인가요? 지금 확인 도와드리겠습니다. 네. 네, 손님 기다려 주셔서 감사합니다. 지금 ▲▲▲▲▲▲▲▲▲원입니다. ▲▲월 ▲▲일 날 ▲▲▲▲원 돼요? 어 네, 그리고 손님 지금 체크카드도 원래 지금 ▲▲ 은행으로 변경처리가 자동적으로 되셨기 때문에 그 참고해주시면 됩니다. 네, 네. 이게 신용 카드가, 신용 카드를 계좌를 변경하시게 되면은, 그 자동적으로 변경처리가 ▲▲ 은행으로 변경처리가 되시기 때문에요. 그 기존에 그 체크카드는 ▲▲ 은행으로 되어 있으신 게 맞으실까요? 네, 맞습니다. 아 네, 확인해주셔서 감사합니다. 아 저, 그러면은 그 이게 그러면은 그 대출 제가 그 계속 미충족이라고 뜨더라구요. 네, 네. 그 ▲▲▲원을 못 채워가지고요, 제가 이때까지 ▲▲ 은행에서 빠져나가고 있었거든요. 몰라서요. 아 그러셨어요? 네, 그런데 지금 오늘 바꾸게 되면 이제 그 괜찮아지는 거 맞죠? 그것까지는, 대출까지는 저희가 확인 조금 어렵습니다. 손님. 아 네 네, 감사합니다. 상담원 ▲▲▲이었습니다. 네. 감사합니다.",0,A
normal_A_0663,"상담원 ▲▲▲입니다. 네, 저 그 ▲▲카드를 선택하려고 전화드렸거든요? 네, 네. 아 네, 그 바우처 말씀이실까요? 예. 네, 확인해 볼 텐데요, ▲▲은행 ▲▲▲ 님 본인 맞으세요? 네, 맞습니다. 네, 안녕하십니까? 네, 말씀하신 ▲▲카드 바우처 신청을 할 텐데요, 어떤 바우처 사용을 하신다고 말씀하신 거죠? 네. 신세계 상품권 ▲▲원, 알겠습니다. 신세계나 네, 그러십니까? 지금 신청해 볼텐데요, 잠시만 기다려 주세요. 네. 네, 지금 어 바우처 신청을 신세계 상품권 모바일 교환, 환불 교환 건 ▲▲원을 신청할 텐데요. 이거 신청하시게 되면 영업일 일자로 문자가 발송될 거고요, 이마트 매장에서 신세계 상품권으로 교환 이후에 이용 가능하고요, 그리고 상품권 교환권은 네, 네. 아 직접 가야 되는 건가요? 네, 이마트에서, 이마트 매장에서 교환은 가능하고요. 그 선불 그거 말고 그냥 상품권이 있는데 그거랑은 다른 거예요? 이게 국내선 동반자 무료 왕복 항공권이랑 신세계 면세점 선불 카드나 그리고 신세계 상품권 교환권, 이렇게 세 가지가 있는데요. 그러니까 이게 네, 맞습니다. 어 현재 네, 신세계 상품권 교환권으로 문자 발송이 될 거예요. 그래서 선불은 아니고 이제 신세계 상품권 교환권 ▲▲원이 발송될 거고 이건 이마트 매장에서 교환하시고 이용 가능하세요. 네, 네. 아 그럼 두 번째 거는 이용할 수 있나요? 면세점 선불 카드요? 네, 네. 신세계 면세점, 이제 이것도 다 네, 면세점이요. 아 내가 자세히 아 네, 그러면 세 번째 거는 네, 해지 상품권 교환권 ▲▲원으로 해 드릴 거고 그리고 상품권 교환 건은 신청 이후 취소 및 변경 불가하고 타인 양도, 현금 교환, 환불 및 네, 불가하고요. ▲▲카드에 등록된 본인 휴대폰 번호로 문자가 발송되니까 발행일로부터 ▲▲년 이내로 가능하고 아 그 전까지 이용 교환하시고 이용해주시면 되겠습니다. 네, 감사합니다. 감사합니다. 상담원 ▲▲▲이었습니다.",0,A
normal_A_0664,"일상의 즐거운 변화 LGU+ <NAME>입니다. 안녕하세요? 네, 안녕하세요? 25% 할인이 끝났다고 뭐 연락이 왔는데 그거 다시 신청할게요. 네, 가능하시구요. 바로 확인 도와드리겠습니다. 입력해 주신 번호가 <NAME> 고객님 본인 맞으십니까? 네. 네, 확인 너무 감사드리구요. 고객님 선택 약정 할인은 1년 또는 2년으로 할인 신청 가능하시구요. 할인되는 금액 동일하신데 몇 년으로 신청 도와드릴까요? 어, 1년 되나요? 물론 가능하십니다. 그럼 1년으로 할게요. 그럼 1년으로 신청 도와드릴 거구요. 제가 지금 주요 사항은 우리 고객님 핸드폰으로 문자 한 번 발송해 드렸는데 문자 받으셨는지만 확인 한 번 부탁드리겠습니다. 네, 받았어요, 네, 확인 너무 감사드리구요. 고객님 제가 선택 약정 할인 간단하게 녹취 통해서 안내 도와드릴 건데 들으시고 말씀 한 번 해주세요. 네. 지금부터 선택 약정 할인 녹취 가입 과정을 진행하겠습니다. 반환금이 나오는데 주요 사항은 문자로 발송했습니다. 반환금이 발생하는 경우는 중도 해지 미적용 단말기로 기기 변경 약정 미승계 명의 변경에 해당합니다. 최종적인 내용은 홈페이지에서 확인 가능합니다. 이용 조건에 동의하시면 바로 서비스 등록하겠습니다. 선택 약정 할인 가입에 동의하십니까? 네. 네, 선택 약정 할인 동의해 주셔서 제가 1년으로 정확하게 등록 도와드릴 거구요. 고객님 그리고 이거는 저희가 통화 중에 한 번 봐 드린 건데 현재 사용하시고 있는 요금제가 데이터 추가 요금 나오는 요금제더라고요. 그래서 고객님 데이터 사용량도 많으신 걸로 확인되는데 차라리 약정 할인이랑 다 받으시고 계시기 때문에 데이터를 무제한 요금제로 변경을 해서 이용을 하는 건 어떠세요? 네. 이게 한 달에 고객님... 지금 무제한... 네, 먼저 말씀하세요. 무제한이 얼마예요? 네, 고객님 데이터 사용량이 그렇게 많진 않으세요. 그래서 많이 변경하시는 것보다는 그냥 가볍게 한 단계만 변경하셔도 괜찮으실 것 같으시거든요. 그래서 이제 한 단계 더 업그레이드하시게 되면 한 달에 원래는 <CHARGE> 요금제인데 할인받으시기 때문에 <CHARGE>으로 이용 가능하시구요. 어, 지금 통화 중에 봐 드렸을 때 이제 선택 약정 할인이 아니더라도 가족 결합 할인도 받고 계시더라구요. 근데 가족 결합 할인까지 포함하면 고객님 <CHARGE> 할인 더 들어가실 거예요. 그래서 실질적으로는 원래는 <CHARGE>인데 <CHARGE>으로 이용 가능하세요. 단말기 할부금이랑 뭐 따로 부가 서비스도 이용 안 하시고 계셔서 저렴하게 이용 가능하시더라구요. 아, 네. 지금은 얼마인데요? 지금 현재는 이제 <CHARGE> 요금제 이용하고 계시구요. 선택 약정 할인이랑 가족 결합 할인 받으시면 한 달에 실질적으로 요금은 원래는 <CHARGE>이세요. 근데 여기서 데이터 초과 요금이랑 해서 사용을 하신다라고 하면 20mb당 <CHARGE>가 나오세요. 아, 아. 그거는 제가 조금 있다가 필요하면 바꿀게요. 그럼 이거는 고객님 좀 필요하실 때 언제든지 연락 주셔도 되구요 시간 내서 연락 주셨는데 다른 뭐 더 궁금하신 내용은 없으세요? 없어요. 아, 네. 그 이제 할인되는 거 25% 맞아요? 맞습니다, 고객님. 제가 오늘 날짜로 해서 다시 등록해 드렸어요. 그래서 약정 할인도 일할 계산으로 들어가실 거예요. <DATE>에는 요금 약간 조금 더 나오실 수 있으세요, 고객님. 네, 감사합니다. 네, 고객님. 얼마 남지 않은 <DATE> 마무리 잘하시고요. 항상 건강하세요. 감사합니다. 네, 제가 더 감사합니다.",0,A
normal_A_0665,"일상의 즐거운 변화 LGU+ <NAME>입니다. 오늘 납부 예정인데 제가 <DATE>로 변경하려고 하는데요, <CHARGE> 나왔던 것이 있는데.... 먼저 입력하신 번호로 상담 도와드리겠습니다. 연락 주신 분은 명의자분 본인 <NAME> 고객님 본인 맞으실까요? 네. 네, 확인 감사합니다. 고객님 잠시만 기다려 주시겠습니까? 네. 네, 고객님 기다려주셔서 감사합니다. 네. 고객님, 지금 은행으로 출금 진행 중이시잖아요. 저희가 은행 출금 같은 경우에는 <DATE> 중에서 선택하실 수 있는데 어떤 날짜로 변경 도와드리면 될까요? 아, <DATE>로 해주세요. 네, <DATE>로 변경 도와드렸습니다. 혹시 더 필요하신 문의 사항 없으실까요? 어, 그 요금 납부 국민으로 돼 있는데 지금 빠지게끔 해주세요. 지금 바로 즉시 납부 도와드릴까요? 네. 네, 잠시만 기다려 주시겠습니까? 네. 네, 고객님 저희가 국민은행 자동이체 출금이 되어서 이중 납부 발생하실 수 있습니다. 네. 그래도 진행 도와드릴까요? 아, <DATE> 빠져요? 네, 그리고 저희가 즉시 출금 같은 경우에는 카드만 가능하신데 마침 또 은행 자동이체 출금이 되세요. 어, <DATE> 빠지는 거죠? 네, 맞습니다. 그 뭐지, 그 TV 요금도 하고 싶은데요, <DATE> 그 납부일에요. TV 요금이요, TV 납부일이요? 그럼 저희가 모바일 부서여서 TV 담당 부서가 있는데 연결 도와드릴까요? 아, 네. 연결해 주세요. 고객님 전화 끊지 마시고 잠시만 기다려 주세요. 네. 네, 감사합니다.",0,A
normal_A_0666,"일상의 즐거운 변화 LGU+ <NAME>입니다. 아 네. 그 제가 폰을 2개 쓰는데 LG 그 폰 하나를 일단 정지할려고 하거든요. 네. 전화 너무 잘 주셨구요. 네. 얼른 한번 확인해 보도록 하겠습니다. 네. 지금 전화 주신 분이 <NAME> 고객님 본인 맞으실까요? 아 네. 맞습니다. 네. 감사합니다. 그럼 정지하실려고 하는데, 그 휴대폰 번호가 어떻게 되세요? 잠시만요. <MOBILE_NUMBER> <MOBILE_NUMBER> 예. 확인 감사합니다. 그럼 정지하려고 하는 사유가 혹시 어떻게 되세요? 이게 업무 폰인데, 이게 그 해지할려고 하니깐 좀 이것저것 뭐지 그 필요해서요. 서류를 넣어야 되고요, 맞아요. 그래서 일단 먼저 정지부터 하고 해지할려구요. 그럼 우선 그 정지 같은 경우하게 되면, 1년에 2번 최대 180일 동안 하실 수가 있어서 혹여라도 중간에 정지를 풀지 않게 되면 <DATE>자 자동으로 정지가 풀리게 되구요. 네. 네. 정지하게 되면 기본요금 <CHARGE>에 그 추가적인 안내사항까지 문자 한번 챙겨봐 드리겠습니다. 네. 그럼 안전하게 <MOBILE_NUMBER> 번호만 제가 정지는 완료해 드렸습니다. 고객님 이거 명의자분 요청에 의해서만 정지를 풀 수가 있어서 정지 푸실려면 <PHONE_NUMBER>로 전화만 주시면 돼요. 네. 휴대폰 해지하실 때요. 그럼 정지 상태로 상관없이 가능하시고요. 네. 대신에 이제 그 신청 서류를 팩스나 메일로 받을 수 있다면, 그 출력하셔가지고 신청서랑 신분증 보내주시는 방법도 있고, 신분증 가지고 가까운 대리점 내방하는 방법이 있어요. 네. 알겠습니다. 그럼 이메일로나 팩스로나 이거 그 신청서를 출력이 어려우신 거예요? 네. 지금 조금 지방이라서요. 아 네. 그래서 가면은 할려고요. 그 나중에 가까운 그냥 대리점이 있다면, 고객님 내방하셔 가지고 바로 신청도 가능하세요. 네. 그럼 혹시 이 폰도 요금 좀 넘쳐 가지고 좀 줄일려고 하는데 그게 어플로도 가능한가요? 네. 앱으로도 가능하긴 하는데, 근데 평균적으로 데이터 21GB 정도로 사용을 하세요. 네. 네. 데이터를 많이 더 줄이실 예정이신 거예요? 지금 사용은 좀 더 나을 것 같아서요. 음 왜냐하면 지금 요금제부터가 그래서 원활한 데이터가 무제한인데, 한 단계를 낮추게 되면 실제 금액은 <CHARGE> 정도밖에 차이가 나지 않지만, 데이터가 6.6GB로 한 달 6.6GB에다가 다 쓰게 되면 속도가 엄청 느려지구요. 네. 지금 요금제부터가 원활한 속도로 데이터무제한으로 들어가는 거예요. 아 그리고, 그 그거 있죠? 안심옵션잖아요. 안심옵션은 그 뭐 영상을 보거나, 어떤 뭐 검색을 하거나, 이런 거보다 기본제공량다 쓰게 되면 초과금 막는 용도로 들어가는 거기 때문에 실제로 데이터 이용이 거의 불가 하세요. 네. 그 일단 한 달은 좀 그거 써야 될 것 같아서, 그래서 혹시 그 최대한 줄이고 통화만 무제한하고 데이터에 그 안심옵션만 달라질 수 있나요? 네. 그럼 <DATE> 날짜로 예약을 좀 해드릴게요. 네. 대신 요금제는 한 달 단위로만 변경할 수가 있어서, 직영점에 또 <DATE>자로 하실 수가 있게 되고, 그 데이터33 요금제가 전화 무제한 중에 가장 저렴한 요금제인데, 유무선 통화라던지 문자도 기본으로 제공이 되고 부가 영상전화도 110분 그리고 데이터도 한 달 기준으로 1.5GB 제공이 되는데 원래 같으면은 1MB당 <CHARGE> 요금이 과금이 되지만 안심옵션 <CHARGE> 서비스 같이 넣어 드릴 거라, 400KB 속도로 느려지지만 데이터 추가금 안 나올 거구요. 네. 요금제 말씀드린 것처럼 한 달 단위로 변경할 수 있다라는 점이라 그 <DATE> 날짜로 해서 변경되는 시점으로 요금제 관련 사항들까지 문자 넣어 드리겠습니다. 네. 알겠습니다. 멤버십은 일반 실버등급으로 적용이 되구요. 네. 네. <DATE>부터 변경 예약까지 완료되셨습니다. 네. 감사합니다. 더 궁금하신 건 없으실까요? 네. 예. 그럼 저희 고객님 오늘 하루도 화이팅 하시고 늘 건강하십시오. 너무 감사합니다. 네. 고생하세요. 네.",0,A
normal_A_0667,"일상의 즐거운 변화 LGU+ <NAME>입니다. 아 네, 그 결제 카드 좀 변경하려고요. 네, 고객님 전화 잘 주셨습니다. 제가 바로 확인해 볼 텐데요. 저희 전화주신 고객님 명의자분... 아 네, 말씀해 주세요. 아 네. <NAME>이요. 저희 전화주신... 아 네, 확인 감사드리고요. 요게 납부 방법 변경 요청해 주셨는데 어떤 카드로 같이 진행해 드릴까요? 국민카드인데요. 저기 뭐지 저희 신랑 거거든요. 아 네. 네, 옆에 있으니까 이거 바꿔주시고 확인해 주세요. 아 네, 알겠습니다. 카드번호가 어떻게 되실까요? 국민이고 <CARD_NUMBER>이요. <CARD_NUMBER> <CARD_NUMBER>이고요. 네. 카드 유효기간 어떻게 되실까요? <DATE>요. <DATE>요. 고객님 배우자분 혹시 통화 지금 괜찮으실까요? 네, 아 또 저희 신랑 거는 본인 거로 다 했거든요. 이것도 하나 바꿔주실래요? 아 네, 알겠습니다. 고객님 배우자분 핸드폰 번호 몇 번일까요? 아까 <MOBILE_NUMBER>요. 네, 네. <MOBILE_NUMBER>이고요. 네, 배우자 분 연결해 주시면은 제가 바로 동의 통화 이후에 진행 처리 도와드리도록 하겠습니다. 네, 잠깐만요. 네. 네. 네, 안녕하세요? 고객님 저희 LGU+입니다. 네. 안녕하세요? 네, 안녕하세요? 고객님 저희 LGU+입니다. 고객님 저희 <NAME> 고객님께서 가족분들 LGU+ 이용 요금 납부건 관련해서 연락주셨고요. 네. 고객님 제휴카드를 신청해 주신다고 있는데 동의 통화 건으로 연락드렸습니다. 아 예 고객님 네 바로 녹취 과정 진행해 드리도록 할 텐데요. 저희 <NAME> 고객님 LGU+ 이용 요금을 고객님 카드 국민카드로 진행을 좀 해주셨는데 맞으십니까? 네. 네, 고객님 성함이 어떻게 되실까요? <NAME> <NAME> 고객님이시고요. 네, 생년월일은 어떻게 되십니까? 네? 고객님의 생년월일은 어떻게 되십니까, 고객님? <BIRTH_NUMBER>이요. <BIRTH_NUMBER>이고요. 예. 말씀하셨던 거 중에서 저희 <NAME> 고객님 휴대폰 요금도 변경 요청해 주셨는데 이 건도 같이 동의하실까요, 고객님? 이름이 틀렸네요. 성함 한번 다시 말씀해 주실 수 있으실까요? 네, <NAME>이요. <NAME> 고객님이시고요. 제가 해당 부분 바로 정지해 드렸습니다, 고객님. 해당 부분 요청해 주셨던 부분으로 해서 바로 변경 처리 도와드리도록 하겠습니다. 예. 네, 혹시 고객님 더 궁금하신 내용 있으셨을까요? 그거 하나 더 해야 되는데요, 다른 카드인데. 이제 같이 <NAME> 고객님 다른 카드로 변경하시는 건가요? 네. 아, 네. 잘 처리해 주셔야 되는데 조금 헷갈리실 거 같은데요. 일단은 집에 인터넷 요금도 있는데 우선은 고객님 거 먼저 이제 마무리 작업 바로 도와드렸고요, 고객님. 네. 네, 이렇게 해서 불러주셨던 배우자분 번호 먼저 확인해 보도록 하겠습니다. 잠시만 기다려 주세요. 네. 네, 고객님 기다려주셔서 감사드리고요. 고객님 저희 <NAME> 고객님 납부방법은 어떤 걸로 해서 변경해 드릴까요? 네, 카드요. 네, 카드번호는 어떤 걸로 해드릴까요? <CARD_NUMBER>이요. <CARD_NUMBER>이고요. 유효기간 어떻게 되십니까? 네, 아 <DATE>이요. <DATE>이고요, 고객님. 네. 네, 요청하신 카드로 해서 바로 변경 처리하겠습니다. <DATE>부터 되는 거 맞죠? 네 일단은 다 끝난 거죠? 맞습니다. 네. 네 맞습니다, 고객님. 보험은 따로따로 따로따로 되는 거 맞죠? 네, 맞습니다. 일단 <NAME> 고객님 신한카드로 변경해 드렸고 이제 저희 <NAME> 고객님은 아까 말씀해 주셨던 납부 방법으로 진행해 드렸는데요. 납부 방법은 국민카드로 변경 완료되었습니다. 네, 감사합니다. 네, 어렵게 연락주셨는데 혹시 자택 상품이라든가 혹시 다른 가족분들 걸로 문의주실 내용은 없으셨을까요? 네, 네. 아 네, 알겠습니다. 감사합니다. 마스크 착용 때문에 어려우시겠지만 오늘도 힘찬 하루 보내시기 바라겠습니다. 감사합니다. 감사합니다, 고객님. 네.",0,A
normal_A_0668,"상담원 ▲▲▲입니다. 무엇을 도와드릴까요? 네. 네, 수고하십니다. 네, 말씀 감사합니다. 다름이 아니라 어저께 원래 결제 날인데 통장에서 다른 카드가 먼저 빠져나가갖고, 그래가 오늘 다시 돈을 빨리 그 돈을 그 ▲▲ 입금했다고요. 아 그러셨어요, 손님? 지금 돈 있을 때 빼갔으면 좋겠어요. 네. 네, 그럼 ▲▲▲ 손님 맞으실까요? 네, 네. 제가 미납 금액이 ▲▲▲▲▲▲▲▲▲원 확인되고요. 그럼 미납 금액부터 먼저 결제 진행하고 저희 이월된 금액 결제 진행하도록 할게요. 그럼 ▲▲은행에서 바로 출금 진행하도록 하겠습니다. 잠시만 기다려주시겠습니까? 네, 네. 네. 네, 손님 기다려주셔서 감사합니다. 미납 금액은 출금이 완료되었고요. 미납 금액 있었기 때문에 이중 출금될 수 있으세요. 될 수 있으면 ▲▲은행 은행 계좌는 통장 잔고 비워두시면 좋고요. 만약에 이중 출금된다고 하더라도 그 다음 영업일에 환급 진행하고 있습니다. 네. 그 이월된 금액 다시 결제 진행해드릴게요. 네, 네. 네, 수수료 포함해서 ▲▲▲▲▲▲▲▲▲원, ▲▲은행에서 바로 출금 진행하도록 하겠습니다. 네. 네, 손님 출금 완료되었습니다. 예, 그러면 이제 뭐 미납금 하고 이런 건 없죠? 없어요. 네, 이월된 금액도 없고요. 아, 이거 카드 있으면서 내가 미납되고 이런, 이런 적 한 번도 없는데. 그 이중 출금이 되다 보니까 이렇게 되었네요. 아 그러셨어요? 예, 알겠습니다. 네, 감사합니다. ▲▲카드 ▲▲▲이었습니다. 감사합니다. 네, 네. 네, 수고하세요. 예.",0,A
normal_A_0669,"일상의 즐거운 변화 LGU+ <NAME>입니다. 네. 선택약정할인 25% 할인 있다고 신청하라고 해서 전화했는데요. 아 그러세요? 바로 한번 확인 도와드리겠습니다. 지금 문의 주신 분 <NAME> 고객님 본인 되십니까? 네, 감사합니다, 지금 <DATE>에 선택약정이 종료가 되더라구요. 고객님 그때 맞춰서 재신청해드리면 될까요? 네. 근데 그게 지금 요금이 남편이랑 같이 빠지고 있나요? 납부 방법이 혹시 어떻게 되십니까? 자동이체로 되어 있는 걸로 아는데, 카드 납부일 거예요. 어디 카드사인지 확인되십니까? 아니, 남편 거라서 그게 중요하진 않은데요. 네. 만약에 제가 해지를 그거를 안 하게 LGU+로 집에서 그걸 안 보게 되면 휴대폰 요금이 올라가고 그러나요? 이제 선택약정을 만약에 등록을 하지 않을 때에 고객님께서 현재 등록되어 있는 요금제 <CHARGE> 할인혜택을 받았었는데요. 요금할인혜택이 고객님 되는 상태입니다. 네, 그럼 할인이 안 되면 얼만데요? 네. 여보세요? 네. 할인이 안 되면 금액이 얼마를 내야 되는데요? 아마 이게 만약에 할인되지 않으면 투게더 결합상품만 등록이 되는 상태이기 때문에요, 요금 약정할인도 고객님께서 <CHARGE>씩 할인혜택을 받았었던 상태입니다. 뭐 네. 만약에 요것도 고객님이 <DATE>까지 받을 수가 있기 때문에 만약에 신청하지 않을 경우에 청구되는 금액은 <CHARGE>으로 확인됩니다. 그게 지금 집에 인터넷 하고 TV는 결합상품 되고 있죠? 고객님, 핸드폰에 25% 약정할인입니다. 핸드폰 요금이에요? 지금 그게 전화 한번 제가 연기를 했는데 왜 또 그래 됩니까? 그러면 1년 다시 연기를 해주세요. 아 네, 그럼 바로 신청해 드리겠습니다. 지금 그래도 기기값은 그냥 자동이체라 물어보면 되는 건데 이거는 저희 휴대폰 요금이 남편이 내고 있어가지고. 요거는 모바일이에요. 그래서 지금처럼 1년약정으로 신청을 해주셔야 그 전과 동일하게 요금할인이 나오세요. 알겠습니다. 네. 제가 12개월로 지원 안내사항 다 할인 반환금 산정방식에 대해 문자 하나 발송해 드렸는데요, 혹시 문자가 도착했는지 말씀 부탁드립니다. 네. 가입을 위해서 녹취를 진행하겠습니다 동의 해주시면 네라고 말씀 부탁드립니다. 지금부터 선택약정할인 녹취 가입 과정을 진행하겠습니다. 기간을 채우지 못하면 반환금이 나오는데 주요사항은 문자로 발송해 드렸습니다. 반환금이 발생하는 경우는 중도해지 미적용 단말기로 기기변경 약정미승계 명의변경에 해당합니다. 세부적인 내용은 홈페이지에서 확인 가능합니다. 선택약정할인 가입에 동의하십니까? 네. 네, 말씀해 주셔서 감사합니다. 고객님 정확하게 우선적으로 <DATE>에 맞춰서 12개월로 신청해 드렸습니다. 네. 네, 감사합니다. 고객님 더 문의 사항 없으신가요? 네. 네, 감사합니다. 고객님 <DATE>도 마무리 잘 하시길 바라겠습니다.",0,A
normal_A_0670,"상담원 ▲▲▲입니다. 예, 저 그 납입 그 종합소득세 신고를 위해서 상세내역서 2023년 1월부터 12월까지 그거 팩스로 보내주세요. 네, 본인 확인 후 안내 도움드리도록 하겠습니다. 전화주신 손님 ▲▲▲님 본인 맞으실까요? 예. 맞아요. 확인 감사드립니다. 지금 부가세 신고로 상세내역 팩스발송 말씀해주셨는데요. 아니 부가세 아니고 종합 소득세 종합소득세요? 잠시만 기다려주시겠습니까? 종합소득세 확인 후 말씀드리겠습니다. 예. 종합소득세 신고 여보세요? 네, 손님 지금 내용 확인을 하고 있는데요. 지금 종합소득세 관련해서 확인 후 말씀드리겠습니다. 잠시만 기다려 주시겠습니까? 네. 손님 오랜 시간 기다려 주셔서 감사합니다. 지금 손님께서 말씀하신 종합소득세 관련해서 내용을 확인해봤는데 지금 저희 쪽에서 발송되는 내용이 정확히 확인이 되지가 않고 있어요. 이 내용 한번 확인 하고 다시 전화드려도 괜찮으실까요? 아니 카드 내역서만 보내주면 되는데 뭐를 확인을 해요. 지금이 1월 1일부터 12월 31일까지 쓴 카드 내역서가 없어요? 아 그거는 아니고요. 지금 손님께서 종합소득세라고 말씀해주셔서 그렇고요. 내가 종합소득 신고하는데 카드 내역서를 그 신용카드 상세 사용 내역서 보내달라고요. 팩스로 23년 거 보고 뭐 카드에서도 다 보내지 근데 뭘 확인을 해요? 내가 신고하겠다는데 네, 그럼 이용 내역 발송해 드리도록 하겠습니다. 받아보실 팩스번호 어떻게 되실까요? 네. 팩스번호가 ▲▲▲▲ 네. ▲▲▲ 네. ▲▲▲▲ 네, ▲▲▲▲▲▲▲▲▲▲▲ 말씀해주셨고요. 팩스 받아보시기까지 30분 정도 소요되는 점 양해 부탁드립니다. ▲▲카드죠? 네, ▲▲카드 맞습니다. 네, 고맙습니다. 음 네, 이용 내역 발송해 드리도록 하겠습니다. 고맙습니다. 네, 감사합니다. 상담원 ▲▲▲이었습니다. 네.",0,A
normal_A_0671,"안녕하세요, 파드마 우붓 ▲▲월 ▲▲일부터 ▲▲일까지 2박 가격 좀 알려주세요. 프리미어룸 2박 예약하면 프리미어디럭스 업그레이드 해주나요? 안녕하세요~ ▲▲▲ 님. ▲▲월 ▲▲일부터 ▲▲일까지 파드마 우붓의 프리미어룸 2박은 $488입니다. 여기에는 25% 할인과 조식, 세금이 포함되어 있어요. 프리미어룸 3박 예약 시에만 프리미어 디럭스로 업그레이드와 애프터눈티 1회 서비스가 제공되니 참고해 주세요. 아, 2박은 업그레이드가 안 되는군요. 결제는 어떻게 하나요? 결제는 원화로도 가능하고, 외화계좌로도 입금할 수 있어요. 원화로 계산할 때는 실시간 환율이 적용되며, 현금영수증도 등록해 드립니다. 카드 결제 시에는 수수료가 2.5% 추가되니 이 점도 유의해 주세요. 카드 결제하려는데 카드사는 어디 가능해요? 국민, 현대, 삼성, 신한카드로 결제가 가능해요. 현대카드는 무이자 3개월, 삼성과 국민은 무이자 5개월이 가능하지만, 신한카드는 무이자는 안 돼요. 취소 관련 정책은 어떻게 되나요? 성수기 시즌이라 체크인 날짜 기준으로 30일 이전에 취소하면 호텔 패널티 없이 취소 가능해요. 단, 여행사 수수료 30,000원이 공제됩니다. 30일 이내 취소 시에는 호텔 규정에 따라 패널티가 부과될 수 있어요. 알겠습니다. 픽업 서비스는 어떻게 되나요? 3박 이상 예약 시 무료 공항 픽업 서비스가 제공되며, 2박 예약 시에는 객실당 $15가 추가돼요. 픽업 정보는 예약 시에 알려주시면 됩니다. 예약을 진행하려면 어떤 항목들을 보내야 하나요? 예약을 원하시면 예약자 전원의 여권 영문 이름과 생년월일 앞 6자리, 항공편명을 포함한 픽업 정보를 이메일로 보내주세요. 고맙습니다. 잘 부탁드릴게요! 감사합니다, ▲▲▲ 님. 예약에 대해 궁금한 점이 있으면 언제든지 문의해 주세요.",0,A
normal_A_0672,"안녕하세요. ▲▲월 ▲▲일부터 ▲▲월 ▲▲일까지 꾸따에 있는 S18 발리 빌라스 원베드빌라 3박과 ▲▲월 ▲▲일 누사두아 멜리아 더가든 빌라 1박 예약 진행 부탁드립니다. 안녕하세요. S18 빌라스 원베드룸 풀빌라 3박은 $420입니다. 더 멜리아 가든 빌라는 현재 풀북 상태입니다. 성인 2인 기준으로 조식과 세금 포함 가격이에요. 아, 그렇군요. 그럼 S18 빌라스만 예약할 수 있겠네요. 예약 진행하려면 어떻게 해야 하나요? 네, 맞아요. 예약 진행 원하시면 룸 가능 여부 확인 후 예약을 진행할게요. 두 분의 영문과 한글 이름, 생년월일, 그리고 대표 한 분의 이메일 주소와 연락처를 이메일로 보내주시면 됩니다. 그렇군요. 공항 픽업 서비스는 어떻게 되나요? 호텔 3박 이상 예약 시 공항 픽업 서비스가 무료로 제공돼요. 단, 우붓 지역은 제외되고, 우붓 지역은 특가로 $15에 제공됩니다. 이용하실 항공편 정보도 함께 적어주시면 좋습니다. 항공편 정보도 보내야 하는군요. 그럼 예약이 완료되면 어떤 혜택이 있나요? 예약 완료 후에는 발리 한국어 지도와 맛집, 멋집 파일을 보내드려요. 필요하실 거예요. 감사합니다. 그럼 필요한 정보 다 준비해서 보내드릴게요. 네, 기다릴게요. 추가로 궁금한 점 있으시면 언제든지 연락 주세요. 감사합니다!",0,A
normal_A_0673,"상담원 ▲▲▲입니다. 예, 제가 지금 ▲▲카드로 도시가스 자동 납부를 하고 있는데요. 네, 손님. 예, ▲▲를 지금 일단 해지할려고 하는데. 예. 앱에서 자꾸 뭐 에러 메시지가 떠서 해지가 안 돼요. 어 일단 한번 저희가 해지를 해 볼거고요, 손님 어 저희 인제 본인확인을 위해 인제 ▲▲▲ 님 본인 맞으십니까? 예. ▲▲▲님 잠시만 기다려주시겠습니까? 예. 어 네, 기다려주서 감사합니다. 혹시 뭐 따로 뭐 다른 곳에서 혹시 도시가스를 신청하신 게 있으실까요? 아 예, 지금 막 신청한 게 있거든요. 아 그러십니까? 저희가 보니까 에스케이 이엔이스라고 해서 어 당일 신청 해지 건이 존재하다고 해서 어 지금 처리가 안 된 걸로 돼 있습니다. 그래서 이거는 저희가 그러면 저희가 손님 이거 지금 오늘은 안 되고요. 예. 손님 저희가 인제 그 월요일 날 있지 않습니까? 네. 네, 전산상으로 해 가지고 이거는 이미 해지처리가 신청이 들어갔기 때문에 어 일단은 제가 이제 월요일 날 이거를 이제 해지 처리를 하고 손님께 연락을 드려도 괜찮으십니까, 손님? 예. 아 그 제가 신청한 게 지금 일단 신청 처리는 돼 있는 거예요? 어 지금 저희 쪽으로 해 가지고 지금 그 쪽으로 신청 그거랑 지금 겹쳐가지고 전산이 그래가지고 지금 뭔가 지금 꼬여 있습니다, 손님. 아 그래요? 그러면은 뭐 제가 추가로 할 거는 없는 거고 일단은 지금 여기 ▲▲카드사에서 해지 처리를 월요일 날 해 주신다는 말씀이신 거죠? 예, 해지하고 손님께 문자 발송해 드리겠습니다. 아 예, 그렇게 해주십시오. 예, 상담사 ▲▲▲이었습니다. 예, 수고하세요. 네, 감사합니다. 예.",0,A
normal_A_0674,"상담원 ▲▲▲입니다. 아 네, 안녕하세요? 제가 저번 달에 후불카드를 썼는데 이번 달에 결제하잖아요? 그런데 일부만 결제되고 일부는 결제가 안 된 거예요. 확인해 보겠습니다. ▲▲▲ 님 본인 맞습니까? 네, 그 카드 결제일자를 ▲▲일로 변경하셨는데요, 결제일 이용 기간에 따라 청구된 부분이거든요, 그러니까 이번 달부터 결제일자가 ▲▲일이셨는데요. 네, 맞아요. 이 전월 ▲▲부터 말일까지 청구된 날짜가 아니거든요. ▲▲일 부터 사용 기간이 전전월 ▲▲일부터 전월 ▲▲일까지세요. 그 ▲▲일까지 쓰신 거는 ▲▲ 일자에 청구되었고요, ▲▲월 ▲▲일부터 쓰신 부분에 대해서는 다음달에 청구되는 겁니다. 네. 사용 하신 결제 일자에 따라서 청구된 날짜가 틀려지는 부분이기 때문에 ▲▲월 ▲▲일 날 청구된 건 같은 경우는 ▲▲월 ▲▲일까지 쓰신 게 청구된 건이고요. 그리고 ▲▲월 ▲▲일부터 ▲원에 대해서 ▲▲월 ▲▲일부터 ▲▲월 ▲▲일까지 쓴 거를 손님이 결제일자를 ▲▲일로 변경하셨기 때문에 ▲▲월 ▲▲일에 청구되는 겁니다. 어 그러면 결제를 지정해야 한 달이 들어오는 거예요.? 전월 ▲▲부터 말일까지 사용한 걸로 원하신다면 결제 일자가 ▲▲일이거든요. 네, ▲▲일에 하면 한 달 치를 다 받을 수 있는 거죠, 또 다 낼 수 있는 거죠? 예, 맞으세요. 아 네, 알겠습니다. 그런데 실제 지금 결제는 따로 근데 ▲▲일이고요, 손님. 어 그 결제일자 ▲▲ 있다 뒤에 바꿀 수 있죠? 네, 맞으세요. 아 네, 알겠습니다. 네, 상담사 ▲▲▲이었습니다. 네.",0,A
normal_A_0675,"상담원 ▲▲▲입니다. 무엇을 도와드릴까요? 예, 안녕하세요? 네, 안녕하세요? 제가 카드론 받은 게 있는데 ▲▲원인가 받았는데, 이제 그때 내고 나머지 결제를 좀 갚을라고 하는데. 아 그러십니까? 전화주신 손님 저희 ▲▲▲ 님 본인분 되실까요? 예. 예, 확인 너무나 감사합니다. 지금 잔여 원금 ▲▲▲원으로 확인 되셔서요. 오늘 지금 다 납부하시게되면 수수료까지 포함해서 ▲▲▲▲▲▲▲▲▲▲원으로 확인되세요. 예, 그거 인출해 주세요. 혹시 연결되어 있는 ▲▲은행 계좌에서 출금해드리면 괜찮으실까요? 예. 네, 지금 그럼 바로 출금해보겠습니다. 잠시만 기다려주시겠습니까? 예. 네, 기다려주셔서 감사드립니다. 말씀해주신 카드로 저희 쪽에 다 전액 납부 완료되었습니다. 예, 알겠습니다. 아 네. 고맙습니다. 예, 하나 더 여쭤봐도 될까요? 네, 말씀해 주세요. 아, 이러면은 나중에 또 저기 카드론은 제가 나중에 또 사용할 수 있나요? 네. 지금 확인드려봤을 때, 한도 저희 동일하게 ▲▲▲원으로 아직은 유지되어 있는 부분이시기 때문에요. 그런데 이게 월 ▲하다 이게 정확한 금액이랑 기준을 다시 매일 이제 월마다 갱신되기 때문에요. 희망하시는 달에 연락 주셨을 때 확인 가능하세요. 이거는, 카드론은 상향은 어떻게 해야 되는지 어떻게 올라가는 거예요, 금액이? 어, 저희가 이거는 따로 기준점이 정확하게는 확인이 어려우시고요. 월 초에 이거를 저희가 이제 그 가능하신 회원님들 그리고 금액 부분을 다 산정을 하는 거기 때문에, 그 접수를 했을 때 이게 뭐 상향 근데 이런 부분은 아직은. 아니, 제가 카드를 많이 사용을 하면은 저기 똑같이 받는가 그런 거 여쭤보는 거예요. 아 그러셨어요? 그런 부분이 따로 있지는 않으시고요. 뭐 신용 점수 여러 가지 기준이 있다라는 걸로만 알고 있습니다. 네, 네. 예, 알겠습니다. 네, 감사합니다. 상담원 ▲▲▲이었습니다.",0,A
normal_A_0676,"상담원 ▲▲▲입니다. 여보세요? 네, 안녕하세요? 네, 안녕하세요? 다른 게 아니고요, 제가 카드론을 사용하고 있는데 금리 인하 요구권을 신청할 수 있다는 문자가 와서 전화드렸거든요. 아 네, 확인해 보겠습니다. 명의자분 ▲▲▲ 님 본인 맞으실까요? 네, 네. 네, 반갑습니다. ▲▲▲ 님 ▲▲카드를 이용해 주셔서 감사드리고요, 확인해 볼 텐데 잠시만 기다려 주세요. 네. 확인해보겠습니다. 잠시만 기다려 주세요. 네, 네. 기다려 주셔서 감사합니다. 네, 일단은 지금 가능한지 확인해 보셔야 이런 문자가 나갔던 건데 대출을 지금 받고 계신 게 2건이 있으셨더라고요, 그 지금 ▲▲▲원이랑 ▲▲▲▲▲원 결제해서 이용하셨던 게 있는데 ▲▲▲▲▲원은 지금 원래 이자율이 15.19%이세요. 그런데 지금 금리 인하 요구 신청이 가능하셔서 앞으로는 15.09%로 적용이 되실 거고요, ▲▲▲원은 지금 8.82%가 최종 이자율이라서 아 그래요? 그 ▲▲▲원짜리가 언제 끝나는가 한번 봐주시겠어요? 네, 지금 이번에 납부하시는 게 33회차이었기 때문에 ▲▲월에 만료될 예정이세요. 아 ▲▲월에 만료 됐나요? 그러면 네, 3회 남아 있습니다. 네, 네 그러면 혹시 그거 끝나면 저기 지금 또 다른 ▲▲▲▲▲원짜리 쓰고 있잖아요? 네. 그런데 그 ▲▲▲원짜리 끝나면 뭐 대출을 받을 수 있나요? 그거는 그 월 한도에 따라서 달라지는 거기 때문에 ▲▲▲원이랑 상관없이 그달 받으실 때 월에 카드론 한도가 있는지 확인을 해보셔야 돼요. 아 그런가요? 네, 잘 알겠습니다. 감사합니다. 네. 네, ▲▲▲였습니다. 감사합니다. 네, 네.",0,A
normal_A_0677,"상담원 ▲▲▲입니다. 아 네, 안녕하세요? 다름이 아니라 신용카드 남은 한도가 얼마인지 궁금해서 연락드렸거든요. 아 네. 그러셨어요. 전화 주신 분 손님 성함이 ▲▲▲ 님 본인 맞으신가요? 아 네. 맞아요. 예, 손님 지금 쓰실 수 있는 남은 잔여 한도는 ▲▲▲▲▲▲▲▲▲▲원 이용 가능하세요. 아, 그래요? 혹시 그러면 뭐 있지 다음 달 예정 금액이 얼마인지 아직은 모르죠? 네, 아직 확정되지 않아서 제가 말씀드릴 수 있는 거는 예정 금액이라 정확하지 않고 달라질 수 있습니다, 손님. 아, 그러면 혹시 그러면 그 일부 금액 혹시 납부도 가능한가요, 지금? 예, 손님 일부 원하시면 선결제하실 수도 있으세요. 아, 그러면은 혹시 ▲▲▲▲▲원 정도 납부할 수 있을까요? ▲▲▲원 손님, 그럼 결제 계좌 ▲▲은행에서 결제해 드릴까요? 네. 네, 그리고 승인이 지금 현재 이 중에 결제를 제가 해 드릴 수 있는 금액이 일시불에서는 ▲▲▲▲▲▲▲▲원이세요. 네. 예, ▲▲ 먼저 출금하고 나머지는 할부 건에서 금액을 좀 확인을 해 드릴까요? 아 네. 알겠습니다. 그렇게 해 주세요. 네, 그럼 우선은 일시불에서 ▲▲▲▲▲▲▲▲원 먼저 출금해보겠습니다. 잠시만 기다려 주세요. 네. 출금해드렸고요, 나머지는 이제 할부 건 다음달 청구되는 회사에서 결제를 좀 해 드리겠는데 할부는 제가 정확한 금액을 고객님 원하시는 금액은 맞춰드리는 어렵고요, 금액 좀 확인해보고요, 잠시만 기다려 주세요. 네. 네, 손님. 혹시 할부 다음달 청구되는 중에 ▲▲ 이자 포함해서 ▲▲ ▲▲▲▲▲ 이런 괜찮을까요? 아 네. 결제해 주세요. 네, 그 이거 1건만 추가 조회해보겠습니다. 잠시만 기다려주세요. 네. 네, 결제해 드렸고요, 손님. 그러면 지금 카드 쓰실 수 있는 남은 잔여 한도 다시 한 번 조회를 해 드릴까요? 네. ▲▲▲▲▲▲▲▲▲▲▲원 이용 가능하고요, 손님 지금 ▲▲월 ▲▲일자 결제 대금은 ▲▲월 ▲▲일부터 확인하고 선결제 하실 수 있으세요. 아, 그러면 어차피 지금 제가 이제 오늘 결제한 거는 그냥 신용카드에서 그냥 일부 금액 납부한 거고 다음 달에도 이제 또 할부나 뭐 이런 거 다 오는 거죠? 그렇죠. 손님 남은 할부대금이라든지 손님 제가 아직 선결제 못해드렸던 부분이라도 카드를 쓰시는거 청구 들어가니까 확인하시고 월 ▲▲일 결제 대금 납부하시면 되세요. 아 네. 알겠습니다. 감사합니다. 네, 고맙습니다. 상담사 ▲▲▲이었습니다. 네, 수고하세요. 감사합니다.",0,A
normal_A_0678,"일상의 즐거운 변화 LGU+ <NAME>입니다. 아 예. 그 통신비 때문에 전화 드렸는데요. 네. 통신비가 그렇게 어떻게 빠져나가고, 얼만지 좀 알고 싶어서요. 아 네. 잘 알겠습니다. 네. <NAME> 고객님 본인 맞으십니까? 네. 네. 감사드리구요. 제가 한번 확인해 보고 안내 드리겠습니다. 우선은 고객님 <DATE>청구가 된 게 음 <CHARGE>, <DATE>에 <CHARGE> 청구가 됐어요. 네. 왜 이렇게 많이 나와요? 기본료가 고객님께 <CHARGE>이구요. 기본료가요? 네. 월정액 기본이요. <DATE>, <CHARGE>이라고 있잖아요. 근데 왜 이렇게 많이 써요? 음 거기다가 <CHARGE>에 유심 그 부가서비스가 스마트 인증, PASS신용관리, 전화번호안심로그인, 이렇게 가입되어 있는데 이거는 고객님 사용 안 하시면 바로 삭제 가능한데 이거 삭제해 드릴까요? 예. 알겠어요. 그거 삭제해 주시구요. 일단 그렇게 해주시고 기본요금 <CHARGE>로 돼 있는 거죠? 그리고 이게 왜 그러냐면은, <DATE>날 우리 고객님께서 그 기기변경해 주셨어요. 예. 예. 그게 이제 공시지원금을 받으시면서 그 <CHARGE>짜리 요금제 <DATE> 유지 따로 안내는 받으신 건 아니세요? 아 그거를 해야 되는 거죠? 네. 그래야지 그 공시지원 금액이 조금 들어가셔서요. 그래요? 요금제에 따라서 이제는 공시지원금을 <DATE> 이후에 변경이 가능해요. 지금 변경하면 위약금이, 잠시만 볼게요. 그럼 지금 얼마 된 거죠? <DATE>이니까, <DATE>에 나가는 건가요? 어 <DATE>, 네. 지금 <DATE>, 그러니까 <DATE>에 변경 가능하세요. <DATE>에 나가는 거죠? 잠시만요. 네. 아 제가 지금 <DATE>, 그러니까 <DATE>부터 변경 가능해요. <DATE>날 변경 가능하다구요? 네. 전화 드리면 되는 거예요? 맞아요. 그러면은 그 어떻게 어떤 식으로 변경을 해야 되는데, 요금을 저는 <DATE> 종일 와이파이로 쓰거든요. 아 그러세요? 그러면은 근데 지금은 조금 아마 무제한이어서 25GB 정도 쓰신 적이 있긴 한데, 라이트 요금제가 딱 맞을 거 같아요. 라이트 같은 경우에는요. 네. 라이트 요금이 얼마예요? 이거는 <CHARGE>인데, 12GB 쓰시고 다 쓰시면 속도가 낮아져요. 아 그래요? 네. <DATE>까지니까, <DATE>부터 변경 가능하시고요. 아 <DATE>날 전화 드릴게요. 네. 예. 예. 그럼 부가서비스는 저희가 삭제 처리해 놓도록 할게요. 고객님 다른 거 더 궁금하신 거 없으시구요? 고객님 끝으로 저희가 휴대폰하고 인터넷 결합하시면 사용하는 요금제에 따라서 최대 인터넷은 월 <CHARGE>, 모바일은 <CHARGE>까지 결합할인혜택 받으실 수 있는데 요것도 한번 안내 받으실 수 있도록 해당 부서 연결해 드릴까요? 예. 아 그거 지금 쓰고 있는 거 있어 가지고요. 아 그러세요? 그러면은 알겠습니다. 필요하시다면 전화 주세요. 고객님 항상 건강하세요. 네. 네. 감사합니다.",0,A
normal_A_0679,"안녕하세요. ▲▲/▲▲부터 ▲▲/▲▲까지 쉐라톤 발리 꾸따 디럭스룸 3박 예약하고 싶어요. 성인 2명과 2살 미만 아이 1명입니다. 안녕하세요! 쉐라톤 꾸따 디럭스룸은 만실이라서 디럭스 오션프론트로 예약 가능해요. 3박에 $660로 조식과 세금 포함입니다. 아, 그럼 오션프론트로 예약할게요. 예약 진행하시려면 가족분들의 영문과 한글 이름, 생년월일, 그리고 대표분의 이메일 주소와 연락처를 이메일로 보내주시면 됩니다. 알겠어요. 그리고 픽업 서비스도 이용하고 싶은데, ▲/▲▲ 00:10에 KE0629로 도착해요. 우붓으로 이동하고 싶어요. 추가 요금은 얼마인가요? 공항 픽업은 무료로 제공되지만, 우붓 지역으로 이동할 경우 추가 요금이 발생해요. 요금은 상황에 따라 다르니 예약 후에 안내해드릴게요. 네, 그러면 항공편 정보도 같이 보내드릴게요. 감사합니다! 그리고 공항 픽업을 이용하지 않으실 경우, 남부 지역 호텔 간 이동이나 마지막 날 공항 샌딩으로 변경할 수 있어요. 알겠어요. 마지막으로, 예약 후에 어떤 정보가 오나요? 예약 완료 이후에는 발리 한국어 지도와 맛집, 멋집 파일을 보내드려요. 도움이 필요하시면 언제든지 말씀해 주세요. 정말 감사합니다! 곧 메일로 정보 보내드릴게요. 네, 기다리고 있을게요. 좋은 하루 되세요!",0,A
normal_A_0680,"상담원 ▲▲▲입니다. 네, 그 연체된 금액을 좀 문자로 보내주세요, 계좌랑. 가상계좌요? 네. 예. 예, 그리고 자동이체하는 은행 좀 바꿀게요. 네, 일단 ▲▲▲님 본인 맞으십니까? 네. 확인 감사합니다. 네 현재 미납금액 확인해보면 수수료 포함해서 ▲▲▲▲▲▲▲▲▲원이고요. 오늘 결제가 되지 않으시면 이 금액은 변경될 수 있구요. 그럼 가상 계좌는 ▲▲, ▲▲, ▲▲ 중에 어디로 받으실 거예요? 예. ▲▲은행으로 주세요. 금액이랑 같이 보내드릴 거고 정확한 금액으로 입금을 해 주셔야 정상 처리되고요. 오늘 결제가 되시더라도 결제 계좌에 잔고 남아 있는 경우에는 이중 출금될 수 있으므로 오늘 하루 잔고 비워 주시기 바라고 가상 계좌 입금 관련 안내 사항 문자 보내 드립니다. 내용 꼭 확인해 주시고 이용 부탁드립니다. 네. 네, 가상계좌는 보내드렸고 계좌는 어디 은행으로 변경하실 거예요? ▲▲은행이요. 계좌 번호 말씀해 주세요. ▲▲▲▲ 네. ▲▲ 네. ▲▲▲▲▲▲ 네, 그러면은 ▲▲은행에서 ▲▲은행으로 변경하시는 거고 말씀해주신 ▲▲은행 계좌가 정상 계좌가 맞는지 에이알에스 연결해 드릴 거니까요. 계좌 확인 부탁드립니다. 네. 네, 그럼 계좌 변경 처리해드릴 거고 요청해 주신 계좌로 변경처리되셨고요. 다음 달 결제부터 변경된 계좌에서 정상적으로 결제됩니다. 네. 네, 처리 되셨고요. 저는 상담사 ▲▲▲이었습니다. 네.",0,A
normal_A_0681,"상담원 ▲▲▲입니다. 네, 결제 금액 좀 알려주세요. 아 그러십니까? 본인 확인 먼저 하겠습니다. 네. 생년월일과 핸드폰 번호 말씀해 주시겠습니까? ▲▲▲▲▲▲▲▲▲▲▲, ▲▲▲▲▲▲▲▲▲▲▲▲▲▲▲ 네, 전화 주신 손님 본인의 성함 말씀 부탁드리겠습니다. ▲▲▲ ▲▲카드 결제 은행 어디 이용하세요? ▲▲ 은행. 네, 감사합니다. 메모는 안 하셔도 괜찮으신가요? 네. 네, 당월 19일 납부하실 금액 ▲▲▲▲▲▲▲▲▲원 확인됩니다. 거기 내역 좀 알 수 있을까요? 세부 내역 전체요? 예, 대략 큰 것만예. 네, 우선 제일 큰 금액으로는 도서출판 교음사 ▲▲▲원 6개월 할부하신 것 중에 ▲▲원 건 있고요. 그거는 앞으로 또 남았어요? ▲▲원 결제하면? 아니요, 이번 달이 끝납니다. 마지막, 예. 그리고 현금 서비스 이용하신 금액 31만 원과 수수료 있구요. 예. 네, 케이티 통신 요금 자동 납부로 해서 네. 네, 됐습니다. 그 정도면 되구요, 요걸 ▲▲개월치 합시다, 직접. 아 그러세요? 오늘 기준으로는 ▲▲▲▲▲▲▲▲▲▲▲▲▲원이구요, 결제 계좌 ▲▲ 은행에서 출금 원하십니까? 아니 ▲▲ 계좌로 해 주세요. ▲▲에서요. 네, 잠시만 기다려 주시겠습니까? 네. 네, 기다려 주셔서 감사합니다. ▲▲ 계좌번호 말씀해 주시겠습니까? ▲▲▲ ▲▲▲ ▲▲▲▲ ▲▲▲▲ ▲▲▲▲ ▲▲▲▲ ▲▲ ▲▲ 계좌 확인해 보겠습니다. 잠시만 기다려 주시겠습니까? 네. 네, 기다려 주셔서 감사합니다. 계좌 확인이 되었고요, 녹취 진행하고 출금하도록 하겠습니다. 에이알에스 연결합니다. 네. 입력 감사드립니다. 잠시만 기다려 주시겠습니까? 네. 네, 기다려 주셔서 감사합니다. 요청하신 대로 출금 처리되었습니다. 네, 그리고 사용일 가능 잔액 좀 알려주세요. 아 네. 지금 이용 가능한 한도로 912000원 확인됩니다. ▲▲▲▲▲원 네, 총 한도는 얼마인데요? 총한도는 ▲▲▲▲▲원이고요, 사용 가능한 한도 912000원입니다. 네. 아 혹시 미안한데 ▲▲월 ▲▲일 날 결제 금액 좀 알 수 있을까요? 네, 오늘 기준 ▲▲일 예정 금액 확인해 보겠습니다. 네. 네, 오늘 기준 ▲▲월 ▲▲일 결제 예정 금액으로는 ▲▲▲▲▲▲▲▲▲▲원 확인됩니다. 그래요, 어. 네. ▲▲▲▲만 그거 그 내역서 좀 미안합니다마는 ▲▲▲ 어 현금 서비스 이용하신 건데요, ▲▲일 날 ▲▲원 두 번 하고 ▲▲일 날 ▲▲▲원 한 번 해서 원금 ▲▲▲▲▲원이고요, 거기에 수수료, 네. 아 저기, 저 그래요? 예, 알겠습니다. 네, 감사합니다. 상담원 ▲▲▲이었습니다. 예, 수고하세요. 네, 감사합니다.",0,A
normal_A_0682,"아 여보세요? 제가 이 카드를 만들었는데, 카드 등록돼 왔는데요. 상담원 ▲▲▲입니다. 네. 아니, 자꾸 홈쇼핑에 승인거절이라고 나오네요. 아 그럼 해당 건 한번 확인해 드릴텐데요, ▲▲▲ 님 본인 맞으십니까? 예, 예. 네, 손님 뭐 홈쇼핑 하실 때 혹시, 그 홈쇼핑 앱 같은 거로 진행하고 계실까요? 아니, 아까 여기에 뭐 결제 쓰라길래 결제한 그거 내가 카드번호 등록하려면 없어가지고 아 앱 결제할 누르시게 되면은, 어 지금 혹시 같이 시도해 보실 수 있으실까요? 아니 지금, 아니 지금 이제 아까 그 그게 끝났어요. 아 그거는 하셨고요? 이게 소액결제 같은 경우에는 손님께서 하게 되시면은 기본적으로 저희 ▲▲카드로 세팅이 되세요. 손님분이 ▲▲▲이라는 거는 저희 ▲▲카드 포인트이신데 포인트에 잔액이 없으셔가지고 거절된 거고, 그 한 기본적으로 세팅되어 있는 그거 말고선 손님분이 사용하실 카드를 선택해 주신 후에 결제를 진행해 주셔야 됩니다. 아 그리고 ▲▲ 그 앱 그냥 결제를 눌러야 되는 거예요? 어 일반 결제를 하셔도 되시긴 하는데, 그 앱 결제하실 때는 최초에는 손님분께서 이거 카드를 일단 선택하시는 걸로 선택을 해주셔야지 반영이 되세요. 선택을 아니 처음에 선택하라고요? 그런데 그게 무슨 말인가 모르겠네 음 그러면은 어려우시면 일반 결제하셔도 되시긴 하는데, 그 앱 결제를 실행하게 되시면은 저희 ▲▲카드 앱상에서 결제하신 후 화면이 뜨시면서 카드를 선택할 수 있게 옆으로 넘기는 네, 네 그게 안 돼서 아 그게, 안 뜨더라고요. 그러면은 저희 ▲▲카드 앱 같은 거 들어가셔가지고 아 예 예. 뭐 깔아 놓을까요? 네. 아 그게 앱에서, 혹시 사용하시기 좀 어려우시면은 그 그냥 일반 결제로 진행하셔야 되는 건데 앱 사용이 괜찮으시면은 앱 까시고서, 그 결제 혜택 맨 아래쪽에 버튼 5개 있으실 텐데요. 거기서 중앙에 있는 결제버튼을 누르시게 되면은 손님께서 보유 중인 카드가 검색이 되실 거예요. 그런데 그 카드 중에서 손님분이 갖고 계신 카드가 뜨지 않으시면은 왼쪽으로 두 번 넘기셔서 내 카드 신용 카드, 체크 카드 등록 누르신 다음에 등록 가능하신 카드 선택하시고서 등록해주시면 되는 거고요. 그렇게 되시면은 나중에 앱 결제 시도하실때 손님분이 ▲▲가 아니시고 그 해당 발급받으신 카드가 조회가 되실 거예요. 아 예, 할 테니까 해볼게요. 네, 상담원 ▲▲▲이었습니다. 예.",0,A
normal_A_0683,"상담원 ▲▲▲입니다. 여보세요? 네. 예, 제가 오전에 카드 분실 신고를 했는데요. 카드를 찾았어요. 그럼 어떻게 해야 되는 거예요. 아 그러세요? 그럼 확인해 드릴 텐데 혹시 휴대폰 번호하고 생년월일을 한번 불러주시겠습니까? 어 ▲▲▲▲▲▲▲▲▲▲▲▲요. 네, 생년월일은요? 그다음에 생년월일 ▲▲▲▲▲▲ 아 네, 전화 주신 손님 본인의 성함을 말씀해 주시겠습니까? ▲▲▲ 네, 결제 은행은 어디십니까? ▲▲은행인가, 아 ▲▲은행이요. 아 네, 확인 감사합니다. 혹시 지금 오늘 재발급도 신청하신 걸로 확인되는데 그럼 재발급 취소하고 그 분실 해제도 하실 거예요? 네, 네 그래서 이 카드를 그냥 사용할 수 있게 해 주시면 고맙겠습니다. 네, 혹시 카드는 분실 신고하신 카드는 가지고 계신 겁니까? 예, 지금 갖고 있어요. 아 네, 우선 그 발급 취소부터 조회해 봐야 돼서 우선 확인 후 말씀드리겠습니다. 잠시만 기다려 주시겠습니까? 네, 감사합니다. 네, 기다려 주셔서 감사합니다. 우선 지금 재발급한 거는 발급 취소해 드렸고 분실 해지해 드리겠습니다. 고객님, 카드 번호 끝에 네 자리 한번 불러주시겠습니까? 네, ▲▲▲▲. 네, 잠시만 기다려 주시겠습니까? 네. 네, 기다려 주셔서 감사합니다. 네 고객님 에이알에스 연결해 드리면 비밀번호 네 자리 입력을 부탁드리겠습니다. 네. 네, 그리고 지금 등록된 휴대폰 번호로 인증 번호를 문자로 보내드렸습니다. 확인 한번 하신 후 불러주시겠습니까? 네. 잠시만요 네, 기다리겠습니다. 인증번호가 안 왔는데 그 화면 위 맨 위에 터치 하시면요. 밑으로 쭉 내려보시겠어요? 네, 내렸는데 없어요. 어 없으세요? 그래서 제가 내려봤는데 또 없어요. 문자 보관함에 혹시 들어가 보시겠어요? 제가 그런 거 할 줄 모르는데 어떡하지? 그럼 다시 한번 보내드려 보겠습니다. 네, 네 한번 보내줘 보세요. 내가 너무 빨리 조치를 했나? 네, 지금 다시 보내드렸습니다. 네. 잠시만요 네, 기다리겠습니다. 인증번호 ▲▲▲▲▲▲ 아 네. 잠시만 기다려 주시겠습니까? 네. 네, 기다려 주셔서 감사합니다. 네, 분실 해제해 드려서 카드 이용은 바로 가능합니다. 예, 아 바로 이용할 수 있어요? 네, 네 맞습니다. 알겠습니다. 너무 감사드립니다. 아 네, 감사합니다. 상담원 ▲▲▲이었습니다. 네, 고맙습니다.",0,A
normal_A_0684,"네, 여보세요? 네, 안녕하세요? 지금 케이티 그거 카드 쓰고 있는데요, ▲▲카드 쓰고 있는데 그게 지금 저기 ▲▲▲원 쓰면 할인되는 거잖아요? 네. 그게 지금 언제부터 언제까지 쓰는 게 할인되는 거예요? 성함이 ▲▲▲ 손님이시고요? 네, 네 네. 전달 ▲▲일부터 말일까지 사용 금액이 ▲▲▲원 이상이시면 당월 자동이체 금액에서 자동이체 케이티 요금이 나오잖아요. 여기에서 ▲▲▲▲원 할인되세요. 아 그 혹시 실적 기간이 ▲▲월 ▲▲일, ▲▲월 ▲▲일부터 말일까지고 그런 게 저 결제하는 금액 있잖아요? 그 ▲▲월 ▲▲일 날 결제하는 거, ▲▲월마다 결제하는 거요. 네. 그거는 며칠부터 며칠까지 갈 것도 ▲▲월 ▲▲일부터 ▲▲일 말일까지인가요? 카드 소유자님 바꿔주시면 말씀드리겠습니다. 네, 네 네. 어 여보세요? 손님 결제일은 ▲▲일이면 ▲▲월 ▲▲일 날 결제 대금은 ▲▲월 ▲▲일부터 ▲▲월 ▲▲일까지 사용분이 나옵니다. 아 ▲▲월 ▲▲일까지 네, 네. 아 그럼 ▲▲일부터 써야 되겠네. ▲▲월 ▲▲일부터 쓰는 거는 ▲▲월 ▲▲일, 뭐 또 ▲▲월 ▲▲일까지 쓴 게 ▲▲월 ▲▲일 날 나오는 거예요? ▲▲월 ▲▲일까지 ▲▲월 ▲▲까지 쓴 게 ▲▲월 ▲▲일 날 하고 틀려요? 네, 네. 어 핸드폰 착신이 ▲▲월이 뭐라고 ▲▲일을 더 올려 쓰는 게 어 그러면 이게 지금 결제일이 ▲▲일로 돼 있잖아요? 네. 혹시 ▲▲일로 결제가 안 되나요? 변경할 수 없나요? 변경 가능하신데 변경해 드릴까요? 네, 네 변경해 주세요. 변경하려면 또 이제 날짜가 다르죠? 네, 날짜가 바뀌세요. 언제부터 언제까지 쓴 게 나와요, 그러면? 잠시만요. ▲▲월 그러니까 원래는 손님 ▲▲월 ▲▲일부터 ▲▲월 ▲▲일까지 사용분이 ▲▲월 ▲▲일 날 나오는 건데요. 중간에 바꾸시는 거잖아요, 그래서 첫 번째 결제일은 ▲▲월 ▲▲일로 하시고 두 번째 결제는 ▲▲월 ▲▲일인데 네. 아까 제가 ▲▲일부터 ▲▲일까지 사용분이 나온다고 말씀드렸잖아요. 그래서 두 번째 결제일이 ▲▲월 ▲▲일, 원래는 ▲▲월 ▲▲일부터 ▲▲일까지 사용하신 금액이 ▲▲월 ▲▲일까지, 그런데 결제를 미리 ▲▲월 ▲▲일 날 하시고 중간에 바꾸시기 때문에 ▲▲월 ▲▲일부터 ▲▲월 ▲▲일까지 사용분이 나옵니다. 네. ▲▲월 ▲▲일까지 네. 아 알겠습니다. 변경해 드릴까요? 네, 네 ▲▲일로 변경해 주세요. 잠시만 기다려 주세요. 네. 결제일 변경 신청 후 60일 이내에는 재변경이 불가합니다. 괜찮으세요? 네, 네. 그리고 결제일을 변경해도 기존 이용 금액이 변경 후 결제일에 청구 되지 않을 수 있고 단기 카드 대출이나 자동이체의 경우에는 이용 기간에 따라 2개월분이 청구될 수 있습니다. 괜찮으세요? 네. 변경하신 결제에 대한 이용 기간을 문자 메시지로 보내드리겠습니다. 내용을 꼭 확인하시고 이용 부탁드리겠습니다. 네. 상담원 ▲▲▲이었습니다. 감사합니다. 네.",0,A
normal_A_0685,"일상의 즐거운 변화 LGU+ <NAME>입니다. 고객님 연결 받았습니다 아 네, 저기 로밍요금제를 바꾸려고 하는데요. 정지시켜 놨거든요. 아 그러세요. 그럼 제가 바로 정보 확인 이후에 상담 도와드리겠습니다. 연락 주신 저희 고객님은 입력해 주신 휴대폰 명의자님<NAME>고객님 되십니까? 저는 <NAME>고요, 아들 거 할 건데요. 상담하신 아드님의 휴대폰 번호 한번 말씀 부탁 드리겠습니다. <MOBILE_NUMBER> <MOBILE_NUMBER>번이시고 성함과 생년월일은 어떻게 되십니까? <BIRTH_NUMBER>고요, <BIRTH_NUMBER>이요. 지금 확인해 보니까 고객님 불러주셨던 번호가 <MOBILE_NUMBER>맞으세요? <MOBILE_NUMBER> 아니에요? 네, <MOBILE_NUMBER>요. 해당 번호로는 지금 조회되는 정보가 없으시더라고요. <MOBILE_NUMBER>말씀하시는 거 맞으세요? 네. 성함은 <NAME>고객님이시고요. 생년월일은 어떻게 되십니까? 예, <BIRTH_NUMBER>요. <NAME>고객님으로는 따로 저희 정보가 없으시더라고요. 전화번호는 모르겠네요. 그러면 한번 확인하시고 말씀해 주세요. 제가 기다리고 있겠습니다 지금 안 될 거 아니에요. 지금 안 될까요? 전화번호부 확인하시고 말씀해 주셔도 되니까 고객님 확인하실 번호를 말씀해 주셔야 하셔서 기다리고 있겠습니다. 제가 운전 중이어서 전화번호를 모르겠네. 어 뭐 전화번호가 <MOBILE_NUMBER> 맞으세요? 잠깐만요. <MOBILE_NUMBER>네. 아 네, <NAME>고객님 생년월일은 어떻게 되십니까? <BIRTH_NUMBER> 네, 확인 감사합니다. <NAME> 고객님 지금 확인되시고요. <NAME> 고객님은 현재 지금 일시정지되어 있으시더라고요. 이 부분에 대해서는 바로 일시정지 해제 도와드릴게요. 일시정지 해제를 하고 나서는 휴대폰 전원을 한번 껐다가 켜주셔야 그때부터 이용 가능하시거든요. 그래서 휴대폰 재부팅 한번 꼭 부탁드릴게요. 제가 문자로 휴대폰 재부팅 한번 하셔야 정상 이용 가능한다라고 보내드리도록 하겠습니다. 혹시 다른 요청 주실 내용들은 없으실까요? 네. 제가 고객님 <NAME>휴대폰에다가 휴대폰 재부팅 한번 하시라고 문자 남겨드릴게요. 네. 네, 알겠습니다. 좋은 하루 되시고 늘 건강하세요. 네.",0,A
normal_A_0686,"상담사 ▲▲▲입니다. 예. 이제 ▲▲▲이고요. 네. 안녕하세요? 예 예. 오전에 저 카드 분실 신고를 했는데 카드 찾아 가지고요. 아 그러세요? 찾으신 카드 지금 가지고 계시나요? 예 예. 확인해드릴 텐데요. 정보 조회가 안 되셔서 등록된 핸드폰 번호가 어떻게 되세요? ▲▲▲ 네. ▲▲▲▲ 예. ▲▲▲▲▲ 네. ▲▲▲ 님 본인 맞으십니까? 예 예. 확인 감사드립니다, 잠시만 기다려주시겠습니까? 기다려주셔서 감사합니다, 찾으신 카드 카드 번호 중에 맨 뒤에 네자리 말씀해주시겠습니까? ▲▲▲▲ 네. 어 제가 에이알에스 연결해 드리면 카드 비밀번호 네 자리 입력 부탁드립니다. 예. 네, 그리고 핸드폰으로 인증 번호 문자 보내드렸는데 번호 확인 후에 말씀해주시겠습니까? 잠깐만요, 여보세요? 여보세요? 핸드폰으로 인증번호를 문자로 보내 드렸는데 번호 확인 후에 말씀해주시겠습니까? 핸드폰으로? 예. 예 예. ▲▲▲▲▲▲▲ 네. 확인되었고요. 예. 분실 해제 완료되었고 지금부터 카드는 바로 이용 가능하십니다. 예 예. 알겠습니다. 네, 상담원 ▲▲▲이었습니다. 예. 통화는 먼저 종료해 주시면 됩니다.",0,A
normal_A_0687,"일상의 즐거운 변화 LGU+ <NAME>입니다. 안녕하세요? 아이고 안녕하십니까? 더운데 수고 많습니다. 아유 아닙니다, 고객님. 말씀 부탁드릴게요. 예, 다름이 아니고요. 네, 고객님. 내가 그 저 전화기를 산 지가 두 달 됐는데요. 네, 고객님. 제 전화기가 청구서로 오는지 몰랐어요. 어, 네. 그래서 청구서를 매번 기다리고 있었는데 오늘 전화기가 딱 끊겨서 보니까 요금 미납됐다 그러더라고요. 이거 어떤 거죠? 제가 이거 빠르게 확인해 봐 드릴 건데 연락 주신 고객님은 <NAME> 고객님으로 확인되더라고요. 예, 저희 어머님이신데요. 그 전화기 번호 앞으로 사가지고 제가 사용을 하고 있습니다. 아, 네, 고객님, 그러셨군요. 제가 이거 빠르게 확인해 봐 드릴 건데 그럼 연락 주신 고객님 성함은 어떻게 되십니까? 예, <NAME>입니다. 네, 고객님 반갑습니다. 제가 이거 확인해 봐 드릴 건데 고객님께서 그 휴대폰 요금을 납부하는 방법은 은행으로 하셨을까요, 카드로 하셨을까요? 아니면 지로 납부라고 해서 용지 확인하고 결제하려고 등록하셨습니까? 아니요, 이제 입금하실 겁니다. 카드로 납부 신청하셨었구요. 혹시 그러면 고객님. 핸드폰으로 휴대폰 요금을 잘 못 보잖아요. 네. 그래서 저 청구서로 신청을 했었거든요. 어, 네. 근데 고객님 지금 확인해 봤을 때는 미납으로 해서 정지가 바로 되신 건 아니신데요. 대리점에 물어보니까 대리점에서도 그거를 모르고 그냥 휴대폰으로 확인하실 줄 알았다고 그래서 미안하다고 하더라고요. 네, 일단은 고객님 저희가 등록돼 있는 주소가 따로 없으셔 가지고 아마도 우편 청구서로 같이 나가셨던 거 같으세요. 우편 청구서로 변경 신청은 바로 해드릴 수가 있고 고객님께서 앞으로 용지 확인하시고 저희 고객님 사용 요금 결제하실 수 있도록 해드리긴 할 건데 아직 미납정지가 되어서 휴대폰 사용이 아예 중단되거나 그러신 적은 없으시거든요. 지금 중단됐거든요. 중단이 되셨다고요, 고객님? 지금 전화를 할 수가 없다고 그래요. 어, 혹시 <MOBILE_NUMBER> 번호 말씀하시는 거 아니십니까? 예, 맞습니다. 혹시 이 번호로 아직 미납정지가 되어 있진 않으세요, 고객님? 전화가 안 되는데요. 그러세요? 일단은 저희가 미납정지 같은 경우는 <DATE>에는 바로 정지되진 않지만 지금 보니까 <DATE>이랑 <DATE>분 두 개월분 요금이 미납이 되어 있기 때문에 <DATE>에 바로 정지될 예정이긴 하더라고요. 예, 어, 그럼 전화 사용을 내가 좀 잘못했나? 그래서 지금 오류 같으세요. 이게 지금 정지가 되어 있진 않으셔서 일단은 안심하셔도 되는데 괜찮으시다면 납부 안 되셨던 금액이랑 저희가 청구서 변경해 드리고 청구서는 우편 청구서로 매달 발송 안 해드려도 괜찮을까요? 아, 그러세요. 그럼 요금 같은 경우에는 수납이 지금 <DATE>분 <CHARGE>이랑 <DATE>분 <CHARGE>이라고 해서 총<CHARGE> 있으시던데요. 예, 오늘 저 <CHARGE>를 입금드릴 겁니다. 아, 그러셨군요. 여기에 보니까 옆에 입금 계좌도 다 있던데요. 네, 맞으세요. 그 계좌로 보낼 겁니다. 아, 예. 그러면은 아직 정지를 안 했는데 전화가 안 되는 거는 내가 사용을 잘 못해서 그런 거죠? 전화번호를 잘못 입력하셨다거나 이런 경우인 거 같은데, 고객님 아니시면은 제가 <MOBILE_NUMBER> 번으로 전화 한번 드려볼게요. 예. 혹시 오류가 있는지 저도 한번 확인해 볼 수 있도록 할 텐데 확인하고 전화는 지금 <PHONE_NUMBER>로 연락을 드려야지 통화 가능하실까요? 아니면은 혹시 <PHONE_NUMBER> 이 전화기 고객님께서 지금 들고 계신 거면은 제가 연락을 드렸을 때 전화 한번 받아주세요. 예. 그렇게 테스트 한번 해보도록 하겠습니다. 예, 폰 들고 있습니다. 네, 알겠습니다. 그럼 테스트할 수 있도록 전화 한번 드려보겠습니다. 예, 저 끊고 기다릴까요? 네, 전화 종료하시고 기다려 주시면 되세요. 끊고 기다리라고요. 네, 종료하시면 제가 바로 전화 드릴 거예요. 예, 알겠습니다. 아, 네. 예.",0,A
normal_A_0688,"상담원 ▲▲▲입니다. 아 아까 전에 카드실적 그 연말정산용으로 ▲▲년도 거 아까 방금 메일로 받았거든요. 네. 그런데 궁금한 게 그 네. 그 표를 보고 얘기해 주시면 안 될까요, 그 받은 거? 아 그러시군요. 일단 어렵게 통화로 해 주시는데 ▲▲▲ 님 본인 맞으실까요? 네. 어 손님께서 그 이메일을 받아보셨는데 이메일에서 그 어떻게 확인이 안 되세요? 궁금한 게 ▲▲ 만약 돈을 얼마 썼으면 비정상 및 공제 대상 뭐 제외 대상 있더라고 이게 비정상 이게 뭔지 궁금해서 네. 아 그러셨군요. 확인해 보겠습니다. 잠시만 기다려주시겠습니까? 네. 네, 손님 그 기다려 주셔서 감사합니다. 확인 한번 해 보실 때 그 저 ▲▲ 년 ▲▲월 달 기준으로 일단 신용 카드 사용 금액이 ▲▲▲▲▲▲▲▲▲▲▲▲원이잖아요. 거기에서 그 비정상 금액이 그 제외 대상 금액이 ▲▲▲▲▲▲원 확인되는데 그 중에서 그 엘지유플러스 그 현대해상 화재보험 뭐 케이비 손해보험 선택해서 어 아파트 관리비가 제외되는 항목으로 되어 있으시거든요. 아 그러니까 보험이랑 그런 거라는 거예요? 예, 그렇습니다. 아 보험이랑 뭐 아파트 그 그거구나. 쓰면 ▲▲월달 거는 금액이 커서 ▲▲월 달 것 좀 봐주시면 아 ▲▲월 달 거나 ▲▲월 달이랑 ▲▲월 달 것 좀 봐 주면 안 돼요? 네. 아 ▲▲월달 말씀이신가요? 마찬가지로 ▲▲월달도 일단 제외되는 항목으로는 그 엘지유플러스 통신 요금을 현대해상 화재보험 뭐 ▲▲▲▲▲▲▲▲원 그다음에 그다음에 아파트 관리비 ▲▲▲▲▲▲▲▲▲원 확인되고요. 예. 어 마찬가지로 예, ▲▲이요. 그리고 스타벅스랑 그 뭐 확인해 드립니다, 손님. 그리고 어 어 그리고 ▲▲월 달에도 제가 확인해 볼 텐데요, 그 ▲▲월달도 마찬가지로 확인해 봤을 때 어 그 잠시만 기다려주시겠습니까? 아 네. 아 네. 손님 기다려 주셔서 합니다. 확인해봤을 때 그 ▲▲일 날에 손님께서 그 지자체 지자체 입금으로 ▲▲원을 입금하신 것도 항목으로 확인되고 그렇습니다. 아 지금 이건 제외되거나 알겠습니다. 감사합니다. 저 ▲▲카드 ▲▲▲고요. 예, 수고하세요. 예. 네, 감사합니다.",0,A
normal_A_0689,"상담원 ▲▲▲입니다.▲▲▲ 님 본인 맞으십니까? 네. 안녕하세요? 한도 상향을 문의해 주신다고 전달 받았습니다. 한도 올려서 계속 사용할 수 있도록 신청하시는 거 맞으세요? 네. 네, 내가 저기 문자 오는 거는 어 할게요, 할 수 있어요. 어 저하고 통화 이전에 이전 부서에서 말씀을 이렇게, 다시 신청하셔야 되는 거고요. 어 지금 그쪽으로 저 뭐나 일단 접수부터 해 드릴건데요, 현재 손님 한도가 ▲▲원이신데 얼마로 더 증액을 원하는지 희망 금액을 먼저 말씀해 주시겠습니까? 예, 네. ▲▲ 해주세요, ▲▲. ▲▲으로요? ▲▲으로 심사 받아볼 수 있도록 접수할 건데요, 한 ▲▲ 한도 올리고자 하시는 특별한 사유가 있으실까요? 네. 아 ▲▲원 그러니까요? 금방 좀 이렇게 어 그렇게 되셨어요? 네, 그러시면 ▲▲▲ 증액 되도록 일부 상향 동의해서 심사 접수를 해 드릴 거고요 . 심사 위한 신용정보 조회에 동의는 필요합니다. 동의하십니까? 네. 예, 손님, 소득 확인도 가능하십니까? 네. 소득 서류를 보내셔야 되는 건 아니고요, 공공 마이데이터 서비스 이용에 동의 하시면 저희가 직장 소득을 확인하고 심사가 진행됩니다. 동의하세요? 네, 신속한 예비 심사 및 분쟁 해결 처리 등을 위해 개인 정보를 행정안전부, 한국신용정보원 당사에 제종하는 것에 동의해주셨습니다. ▲▲은행도 거래하십니까? 안 하겠어요. 예, 확인 감사합니다. 서비스 등록은 지금 했고요, 심사해서 결과에 대한 것은 문자로도 갈 거예요. 네. 예, 문자 결과 확인하고 이용해 주시면 되고요. 그리고 아까 말씀하셨던 문자를 수신할 수 있는 부서 연결은 저기 신청할 수 있는 부서를 연결할 겁니다. 전화 끊지 말아주시고요. 편안한 하루 되세요. 감사합니다.",0,A
normal_A_0690,"상담원 ▲▲▲입니다. 예. 그 제가 지금 문자를 받았는데요. 그 카드 결제 할 때 그 리볼빙이라고 있잖아요, 그게 미사용 중이라고, 사용중인 줄 알고 있었는데 사용중이라 그래요? 그러신가요? 확인해 보겠습니다. ▲▲▲ 님 본인 맞으십니까? 예. 아 네, 확인해 보겠습니다. 잠시만요. 기다려 주셔서 감사합니다. 보니까 지금 청구되는 비용 15%로 이용 중이신 게 맞고요, 그래서 ▲▲카드랑 구 ▲▲카드 정보가 따로 분리가 되 어있는데 구 ▲▲카드 쪽에 정보 안내를 받으신것 같습니다. 그래서 지금 이용 중인 ▲▲카드 정보는 15% 잘 이용중이신 게 맞고요, 손님. 그런데 예를 들어서 내가 그 ▲▲▲▲카드인 경우에 리볼빙을 쓰는데 결제 금액이 ▲▲▲▲▲원 정도 총금액이 나오면 리볼빙으로 하면은 ▲▲▲원대밖에 안 나오거든요. 그런데 여기는 오늘도, 이번에도 ▲▲ 얼마가 나왔더라고 ▲▲일 결제가. 그러신가요? 그럼 다른 것도 그럼 ▲▲ 15% 내라, 그러면 어 결제금, 총금액이 뭐 ▲▲원이 너무 다른데 이제 남아 있는 게. 아니요, 손님 다른 것도 마찬가지인데 리볼빙에는 지금 신청할 때도 일시불만 적용 가능합니다. 할부 건에 원래 나눠서 납부하시는 매출인거라 정상 결제하셔야 되시고 일시불 금액에 대해서만 15%가 청구되게 되어져 있고요, 그래서 청구 예정 금액에 할부 금액이 좀 많이 포함되어 있다 보니까 손님께서 이용하신 금액 대비해서 좀 많이 청구되는 걸로 이렇게 되실 수 있을 거예요. 규제하면 특별히 심사해주십시오, 뭘 그래서 일시불 금액 뭐를, 그러면 일시불 쓰는 데가 잡아 쓰는데 네, 맞습니다. 예, 그렇게 될 수도 있는 거죠. 네, 알겠어요. 감사합니다. 상담사 ▲▲▲이었습니다. 예.",0,A
normal_A_0691,"상담원 ▲▲▲입니다. 네, 카드론 이용 중인데요. 네, 손님. 그 남은 금액을 한 ▲▲원만 중도 상환이 가능한가요? 아 예, 확인해보겠습니다. 지금 전화 주신 손님 성함이 ▲▲▲님 본인 맞으신가요? 네. 예, ▲▲카드 이용해주셔서 정말 감사드립니다. 지금 장기 카드 대출을 이용하신 금액이 ▲▲▲▲▲▲▲▲▲▲원 남으셨고요, 여기서 원하시는 금액만큼 결제하실 수 있고 결제하면 남은 금액은 재산정해서 다음 달부터 청구돼요. 손님, 결제하시려고 하는 금액을 한 번 더 말씀 좀 해주시겠어요? ▲▲▲원이요. 네, ▲▲▲원 그럼 결제 계좌 ▲▲은행에서 출금해 드리면 되나요? 네. 네, 그럼 이자가 ▲▲원씩 ▲▲▲원으로 총 ▲▲▲▲▲▲▲▲▲▲▲원이세요. 결제 계좌 ▲▲은행에서 출금하겠습니다. 잠시만 기다려 주세요. 네. 네, 출금해 드렸고요, 이제 장기 카드 대출은 남은 원금이 ▲▲▲▲▲▲▲▲▲▲원 남아 있습니다. 네, 그러면 이게 ▲▲월 ▲▲부터는 그 금액에 대한 이자 원금이 나가는 건가요? 네. 맞아요. 손님, 남은 원금에 대해서 이제 부과가 되는 거세요. 아 아 네, 알겠습니다. 그 오늘부터는 상환 금액 조회가 가능하죠? 조금 있으면 네. 아 예, 그러니까 오늘부터 ▲▲월 ▲▲일부터 금액이 달라지니까 조회하실 수 있고요, 지금 제가 한 번 확인해드려 볼까요? 네. 네, 얼마 나가는지 얘기해주세요. 지금 ▲▲월 달 같은 경우 원금 이자해서 ▲▲▲▲▲▲▲▲▲원이고요, 매달 ▲▲월부터는 원금 이자 ▲▲▲▲▲▲▲▲▲원으로 그렇게 청구가 들어가다가 마지막 회차가 ▲▲년 ▲▲월인데요, 그때는 원금 이자 합해서 ▲▲▲▲▲▲원 아 취소된 ▲▲▲▲▲▲원으로 청구가 끝나세요. 아 네, 알겠습니다. 감사합니다. 네, 맞습니다. 상담원 ▲▲▲였습니다. 네, 네 수고하세요. 네, 고맙습니다.",0,A
normal_A_0692,"일상의 즐거운 변화 LGU+ <NAME>입니다. 아 네, 안녕하세요? 네, 안녕하세요? 혹시 그 요금이 지금 <CHARGE>짜리잖아요, 그거 너무 비싸요. 바로 확인해 드릴 텐데 현재 문의주신 핸드폰 번호에 명의자분 성함이 어떻게 되세요? <NAME>이요. 네, 본인 맞으실까요? 네. 고객님 핸드폰 요금제는 지금 할인 혜택을 최대한으로 받고 있는 상태라서 원래 <CHARGE>짜리 요금제를 본인은 <CHARGE>에 사용하시고 있구요. 고객님 요금이 많이 나오는 거는 고객님 단말기할부금이 한달에 <CHARGE>씩 기계값이 제일 많이 나가기 때문에 핸드폰이 지금 비싸게 나오셨어요. 네, 근데 내가 봤는데요. 그 요금이 <CHARGE>이라고 그거 있잖아요. <CHARGE>짜리 요금제가 없는데요. 그러니깐 새 핸드폰을 사면 요금이 <CHARGE>이요. 그거는 가입 조건이 다 다르겠지만 고객님 휴대폰 요금은 <CHARGE>을 쓰고 있고 제일 많이 나가요. 아 네, 그거 뭐지 할인 더 받을 수 있게 가격을 좀 더 낮출 수 없는 거예요? 이미 고객님 할인받고 있으시기 때문에 여기서 더 할인받을 수 있는 상태는 없어요. 아 그래요? 그러면 요금제를 다른 거 없어요? 네, 고객님 같은 경우는 요금제가 지금 핸드폰으로 쓰시는 게 데이터 거의 40GB 넘게 쓰시기 때문에 <CHARGE>대에 40GB 제일 적합하게 쓰시고 있는 편이라서요. 아 그러니까 상황에 따라서 추가 비용이 발생하는 거죠? 그렇죠, 더 올릴 수 있는데 고객님께서 데이터로 끊기는 게 아니다 보니까 지금 요금제가 제일 적합한 상태예요. 아 그럼 알겠습니다. 고객님이 단말기할부금이 거의 <CHARGE>이면 기계값 때문에 요금 많이 나올 수밖에 없으셔서 요금제를 실질적으로 지금 잘 쓰고 있는 편이긴 하거든요. 네, 그리고 만약에 내가 전화기를 할부로 했잖아요. 네. 만약에 내가 일시불 받는다 하면은 이거 어떻게 돼요? 할부금은 지금도 완납 가능하기 때문에 그 완납하시면은 기기값 빼고 휴대폰 요금만 이제 앞으로 나오는 거죠. 그러니까 내가 할부로 했는데 내가 일시불로 인해서 일단은 이거 이자까지 다 받는 거예요? 아니요, 완납할 때 이자 빼고 원금만 결제하실 거예요. 아 이거 언제든 완납 가능하는 거죠? 예, 가능하세요. 아 예, 알겠습니다. 네, 감사합니다. 날씨 때문에 건강 조심하세요. 네, 수고하세요. 네.",0,A
normal_A_0693,"상담원 ▲▲▲입니다. 제가 결제일을 좀 바꾸려고 하는데요. 아 그러십니까? 일단 본인 확인해 드리고 안내해 드리겠습니다. ▲▲▲ 님 본인 맞습니까? 네. 확인 감사합니다. 결제일이 지금 15일로 되어 있으신데 며칠로 변경 요청하시는 거예요? 혹시 월급 날짜가 25일인데 25일로 바꿀 수 있나요? 잠시만 기다려 주시겠습니까? 네, 네. 25일이 결제일이시면 6월부터 적용이 되셔서 6월 25일 날 결제가 되시고요. 일시불, 할부 5월 10일부터 6월 9일까지 사용하신 게 6월 25일 날 결제가 되시기 때문에 이 점 참고해 주시고요. 지금 결제일을 변경하시게 되면 60일 이내에 다시 변경은 어려우실 수 있는데 괜찮으십니까? 네, 네 네. 결제일을 변경해도 기존 이용 금액 변경 후 결제일에 청구되지 않을 수 있으며 단기 카드 대출이나 자동이체이신 경우 이용 기간에 따라 두 달분이 청구될 수 있는데 괜찮으세요? 아 두 달이요? 저희가 단기 카드 대출이나 자동이체인 경우에는 이용 기간에 따라 두 달분이 청구될 수 있으세요, 괜찮으세요? 아 네, 뭐 일단은 네, 네. 그러시면 요청하신 25일로 변경 처리를 진행해 드리겠습니다. 잠시만 기다려 주시겠습니까? 예. 변경 처리가 완료되었고요. 변경된 결제일 관련해서 이용 기간은 제가 문자 발송해 드릴 거고요. 문자받으신 내용을 꼭 확인해 주시고 이용 부탁드립니다. 예, 25일로 그러면 됐고 이번에 이제 5월 25일 날 결제가 되는 거죠? 네, 이번 달이 아니시고 다음 달 6월, 6월 25일 예, 이번부터 예, 그러니까 이번 달 말고 이제 이번에 나가야 될 게 6월 25일 날 나가는 거죠? 네, 맞습니다. 예, 그리고 그 제가 할부가 뭐 있는지 좀 알려 주실래요? 할부 건요? 잠깐만요. 네, 네. 할부 건은 2건만 있으세요. 네, 뭐가 있죠? 와이키키에서 사용하신 건이 1건 있으세요. 아 네, 네 그리고 이 와이키키는 이번에 6월 3일 날 내면 끝나는 거죠? 예, 다음 달 6월이시면 마지막 3회차 청구되세요. 아 3일이면 끝났죠? 6월 3일 날 내면. 그렇죠. 6월이시면 마지막 3회차가 맞으세요, 손님. 알겠습니다. 예, 그리고 특허청은 6월 10일 날 빠져나가는 게 두 번, 이게 몇 번째일까요? 2회차세요. 제가 이것도 4개월로 있는 거죠? 네, 4개월로 되어 있고 마지막 회차는 8월에 끝나세요. 아 네, 감사합니다. 상담원 ▲▲▲였습니다. 감사합니다. 아 근데 선생님, 이제 할부가 이거 2개밖에 없는 거죠? 할부는 2건밖에 없으세요. 그렇죠? 아 그래요, 그다음에 이제 단기 이거 대출이었죠? 장기요, 카드론 장기 카드 대출 카드론이요. 네, 장기. 아 네, 알겠습니다. 감사합니다. 상담원 ▲▲▲였습니다. 네.",0,A
normal_A_0694,"상담원 ▲▲▲입니다. 아 그 제가 지금 문자를 하나 받았는데 그 본인의 그 요청이 없이도 있어요. 그 한도가 상향이 되나요? 아 그러세요? 바로 확인해드릴텐데요, ▲▲▲ 님 본인 맞으십니까? 네. 확인 감사합니다. 잠시만 기다려주시겠습니까? 예. 기다려주셔서 감사합니다. 네, 한도 증액 안내 동의해 주셔서 문자 발송되었던 것으로 확인됩니다. 제가 한도 증액이 동의한 적이 없는데요. 잠시만 기다려주시겠습니까? 확인이 지연되고 있습니다. 잠시만 기다려주시겠습니까? 네. 기다려주셔서 감사합니다. 네 손님 카드 발급하실 때 저희 한도 증액 동의를 해주셔서 해주셨던 걸로 확인되고요. 원치않으시면 상향되지 않도록 해드리면 될까요? 제가 카드, 아 카드를 아 이거를 그 저 그 신규 발급할 때, 말씀하시는 건가요? 언제 발급할 때 말씀하시는 건가요? 네. 이게 신규 발급하실 때 동의 처리해주셨던 부분으로 확인됩니다. 네. 그게 그 카드가 그 발급이 동의하는 데가 어디 지점에서나 아니면은 에이알에스 끄면 되는 건가요? 잠시만 기다려주시겠습니까? 기다려주셔서 감사합니다. 예, 카드 발급은 저희 영업 점 안내 통해서 ▲▲▲▲▲▲ 앱을 통해서 발급해 주셨던 것으로 확인되세요. 어 그러면, 일단은 그 한도는요. 그 지금 현재 그 얼마로 돼 있는 건가요? 네. 지금 총한도는 ▲▲▲▲원으로 되어 있고요. 네. 어 ▲▲▲▲▲원으로 상향 예정으로 문자 받으셨던 걸로 확인됩니다. 그럼 한도는 저기 그 ▲▲▲원만 해 주시고요. 네, 잠시만 기다려주시겠습니까? 지금 처리를 해 드릴텐데요, 어 총 한도는 ▲▲▲원까지만 원하신다는 말씀 맞으시죠? 예, 그리고 현금 서비스는 제로요. 네, ▲원으로 처리해드릴 텐데 잠시만 기다려주시겠습니까? 기다려주셔서 감사합니다. 변경 완료되었습니다. 네, 알겠습니다. 그러면 어쨌든 이게 적용되는 거는 그 ▲▲월 ▲▲일부터 적용되는 건가요? 어 아닙니다. 그 요청하신 지금 한도는 지금 처리되었습니다. 근데 ▲▲▲원인 거고, 저 총한도는 ▲▲인 거고 저기 현금 서비스는 제로인 거구요? 네, 맞습니다. 네, 알겠습니다. 감사합니다. 감사합니다. 상담원 ▲▲▲이었습니다.",0,A
normal_A_0695,"상담원 ▲▲▲입니다. 안녕하세요? 제가 카드 지갑을 주웠어요. 예, 안녕하세요? 네. 아 그러신가요? 그런데 주소도 있고 다 있는데 뭐 전화번호는 모르니까 찾아봐드릴 수가 없어서요. 네. 어 어떻게 도와드려야 될지 모르겠어요. 일단 이게 인제 ▲▲은행 카드라서요. 네. 혹시 인제 그쪽에서 전화번호를 알 수 있을까 해서요. 네. 이게 들어 있고 전부 다 신용 카드라 아 그러세요? 잃어버리시면 굉장히 속상하실 것 같거든요. 아 예, 전화주셔서 감사합니다. 명의자님께 전달하도록 하겠습니다, 손님. 그러시면은 네 네. 카드 번호 확인 가능하신가요? 네 네, 보여요. ▲▲▲▲ ▲▲▲▲ 예, ▲▲▲▲ ▲▲▲▲ ▲▲▲▲▲ ▲▲▲▲▲ ▲▲▲▲▲이요. ▲▲▲▲번이요? 예, 한번 더 확인해 보겠습니다. ▲▲▲▲▲▲▲▲▲▲▲▲▲▲▲▲번이 맞습니까? 네, 성함 여기 예, 혹시 ▲ 이게 신분증이라서요. 어 그 신분증에 성함이 어떻게 적혀져 있습니까? ▲▲▲요. 아 예, ▲▲▲ 님으로 나와있는 거세요? 예예. 아 그러세요? 명의자님께 전달하도록 할 텐데 그러면 손님 지금 보관 중인 곳은 어디이신 건가요? 여기 어 ▲▲ 예 예. ▲▲▲▲▲▲ ▲▲▲▲▲▲ 예, ▲단지 ▲▲▲▲동 앞이에요. ▲단지 ▲▲▲동 앞이요. ▲▲▲동 앞에서 습득하신 거세요, 손님? 네 네. 그래서 제가 이걸 떠나지를 못 하고 지금 전해드려야 되서요. 아 그러세요. 예, 그러시면 손님 연락 가능하신 전화번호는 몇 번이신가요? ▲▲▲▲▲▲▲▲▲▲요. ▲▲▲▲▲▲▲▲번이고 전화주신 신고자 님 성함은 어떻게 되십니까? ▲▲▲ ▲▲▲ 님 되세요? 아 그러면 그 카드 지갑은 계속 보관이 가능하실까요? 예. 어 제가 가지고 있을 수 있어요. 예, 아 그러세요? 그러면 카드 명의자님께 내용 전달하도록 할 텐데요. 지금 말씀해 주신 휴대폰 번호를 명의자님께 내용 전달을 해도 괜찮으실까요? 네, 그러세요. 예. 그 지금 그럼 휴대폰 번호를 명의자님께 안내해도 괜찮으신 게 맞으신 거죠, 손님? 그럼 명의자님께 지금 바로 연락드려서 내용 전달하고 혹시라도 전화 안 받으시면 카드 명의자님께 문자로 안내하도록 하겠습니다. 네 네 네. 예. 전화주셔서 감사합니다. 저는 ▲▲▲였습니다. 네 네.",0,A
normal_A_0696,"상담원 ▲▲▲입니다. 아 예, 저기 그 제가 어제 그 ▲▲ 병원에서 그 ▲▲▲▲원인가 결제된 거를 취소를 하고 ▲▲▲▲원을 결제를 했거든요? 네. 그 상황이 지금 확인이 되는지 좀 확인해 주시겠어요? 네, 확인하겠습니다. ▲▲▲ 님 본인 맞으십니까? 네, 네. 네, 어제 날짜로 그냥 대학교 병원에서 ▲▲▲▲원 ▲개월 할부로 결제가 일단 제대로 되지 않았고요. 일단 ▲▲▲▲▲▲원 ▲▲개월 할부 건에 대해서는 정상 결제되었습니다. 아, 그러면 그 ▲▲▲▲원은 거기 환불이 안 됐나요? 이거는 환불되는 게 아니고요, 아예 결제가 안 됐습니다. 결제가 안 됐다는 게 무슨 말이죠? 그 뭐지 취소 그 갑자기 단어가 생각 안 나네. 아, 네. 손님 혹시 ▲▲월 ▲▲일 날 이용하셨던 ▲▲▲▲원을 ▲▲월 ▲▲일, 어제 날짜에 취소를 하셨던 걸까요? 예, 예. 그게 뜨나요? 네. 지금 일단 ▲▲월 ▲▲일 건 정상 취소되었고요. 예. 그리고 ▲▲월 ▲▲일 날에는 결제된 거는 ▲▲▲▲▲▲원 것만 있습니다. 아, 그러면은, 그 1회 보험료가 혹시 나갔나요? 제가 지금 통장이 어떤 건지를 기억이 안나요. ▲▲카드 통장, 그 결제 그 자동 이체 통장이. 1회 보험료요? 아니, 보험료가 아니라 1회 결제 금액이 빠져나갔는지 해서. 아, 저희 ▲▲카드사로요? 네, 네. 네, 손님 결제일이 ▲▲일이었는데요. 맞아요. 네, ▲▲일 날 정상 출금 되셨어요. 그렇죠? 어, 이거 다시 환불이 들어오나요? 아, 지금 ▲▲월 ▲▲일 날 이용하셨던 거요? 그렇죠, 결제가 1회가 됐습니까? 잠시만 기다려 주시겠습니까? 네. 손님 기다려 주셔서 감사합니다. 지금 ▲▲월 ▲▲일 날 거 취소하셨던 건이 오늘 날짜로 저희 ▲▲카드사로 취소 전표가 넘어왔어요. 네. 그렇기 때문에 취소하고 1영업일 이후에 환급을 받으실 수 있기 때문에, 오늘이 금요일이기 때문에 1영업일 후면 다음 주 월요일인 ▲▲일입니다. 그래서 ▲▲일 날 손님 결제 은행인 ▲▲은행 계좌로 환급될 예정입니다. 아, 그래요? 그러면은 그거는 결제 ▲▲▲▲원이 취소가 됐고, 그 1회 결제 됐다니까 월요일 날 그 1회 그 결제된 거는 이제 환불이 들어오고 ▲▲▲▲원 그거는 이제 다음 달부터 ▲▲일 날 이제 되는 거죠? 네, 맞습니다. 아, 그래요. 감사합니다. 아, 잠깐만요. 그러면 현재 잔액이 거기 할부 잔액이 얼마 남은 거죠? 아, 이제 이용 가능하신 금액이요? 예, 예. 지금 이용 가능하신 한도 말씀하시는 거 맞으시죠? 그렇죠. 네, ▲▲▲▲▲▲▲원입니다. ▲▲ 정도 혹시 상향은 좀 지금은 어려울까요? 아, 상향을 원하시는 걸까요? 네. 잠시만 기다려 주시겠습니까? 네. 네, 손님 기다려 주셔서 감사합니다. 현재 확인했을 때 현재는 손님께서 한도 이용 중인 것으로 확인되어서 현재는 한도 상향이 어렵습니다. 아, 네. 알겠습니다. 네. 상담원 ▲▲▲이었습니다. 네.",0,A
normal_A_0697,"일상의 즐거운 변화 LGU+ <NAME>입니다. 여보세요? 네. 안녕하십니까? 예. 그 어제 새벽에 그 문자로 그 아마존 코리아에서 뭐 결제했다고 나와 가지고요. 네. 보이스피싱인 거 같애 가지고 그거를 제가 이제 확인되고 있는데, 거기 뭐 눌르라는 거 있잖아요? 네. 그 내가 내가 결제 안 했으면은 본인 요청한 본인이 아니라면은 그 뭐 <PHONE_NUMBER> 해가지고 번호가 뜨더라구요. 여기를 할라고 저 눌렀긴 눌렀는데, 통장에서 빠져나간 거 없어요? 네. 경찰 전화했는데 괜찮다고, 근데 이제 이런 경우에 그 핸드폰으로 빠져 나갈 수 있다 하더라구요. 어 네. 많이 놀라셨을 텐데, 그럼 제가 바로 확인하고 도와드리겠습니다. 일단 전화 주신 <NAME> 명의자 고객님 본인 맞으십니까? 예. 예. 아 네. 반갑습니다. 바로 확인 한번 해보겠습니다. 잠시만 기다려 주세요. 어 네. 고객님 기다려 주셔서 감사합니다. 예. 현재 확인해 보니깐요, 소액결제 부분도 그렇고 지금 휴대폰 결제라고 해서 구글에서 결제되는 것도, 안 들어가게 지금 차단이 되어 있는 걸로 확인이 되고 있으십니다. 예. 아 그러면은 어 핸드폰으로 결제될 위험이 있었네요? 어 아니요. 지금 차단 신청 결제가 안되게끔 차단 신청이 되어 있어서요. 차단이 되어 있기 때문에 결제가 되실 우려는 없으세요. 아 그 사람은 내가 등록한 건가요? 제가 확인 한번 해보겠습니다. 예. 고객님, 어제 어제 날짜로는 고객님께서 차단 등록을 해주신 거는 아니시고, 이 더 전에 고객님께서 이제 차단 신청을 해주셨어요. 예. 지금 결제가 이루어지는 부분도 없고, 결제가 이루어진 걸로 이제 걱정 안 해주셔도 되세요. 고객님 그 새벽에 정말 많이 놀라셨을 거 같애요. 예. 네. 그리고 고객님께서 이거를 이제 번거롭게 전화 안 주시더라도 저희 고객센터어플에서도 혹시나 이제 소액결제가 뭐 이루어졌다든지, 아니면 그 차단이 되어 있는 게 차단이 되었고 차단해지가 되었는지 여부를 확인할 수 있는 고객센터 앱에서 이용하실 수 있는 방법도 제가 문자로 같이 발송을 해드렸어요. 예. 예. 고객님, 그래서 그 안에서도 바로 확인을 해주실 수가 있으십니다. 아 감사해요. 네. 많이 놀라셨을 거 같애요. 네. 그런데 이제 걱정 안 해주셔도 되는 게 차단이 되어 있어서요. 걱정 안 해주셔도 되십니다. 네. 알겠습니다. 네. 감사합니다. 고객님 그리고 전화 주신 김에 제가 확인 한번 해보니깐요, 현재 고객님 결합할인으로 매월 할인혜택 잘 받고 계시던데, 통신비를 좀더 절약하실 수 있도록 제가 전문상담부서로 바로 연결해 드리겠습니다. 예? 그러면은 저 전에 할인혜택을 잘 받고 계시던데, 통신비를 좀 더 이제 절약하실 수 있도록 제가 전문상담부서로도 같이 연결해 드리겠습니다. 아니, 그 제휴할인 받고 있는데요. 예. 네. 그래서 전화 끊지 마시고 잠시만 기다려 주세요. 네. 지금 바로 연결해 드리겠습니다. 좋은 상담 이어가세요. 네. 감사합니다.",0,A
normal_A_0698,"일상의 즐거운 변화 LGU+ <NAME>입니다. 여보세요? 안녕하세요? 아 제가 지금 약정기간 1년 좀 받을까 하는데요. 네. 한 달 좀 넘었는데 그걸 2년째 연장을 하라고 하는 문자가 왔었는데 그렇게 하면은 요금은 똑같은 거예요? 네, 연락 잘 주셨습니다. 제가 한번 먼저 확인해 드릴 텐데요. 예. 전화 주신 분<NAME> 고객님 본인 되십니까? 맞아요. 네, 감사합니다. 잠시만 기다려 주시겠습니까? 예. 네, 고객님. 말씀하신 것처럼 지금 선택약정 할인 혜택이 <CHARGE> 할인 받고 있었는데 이게 끝나면 요금이 더 나오기 때문에 이것과 똑같이 할인 받으실 거라면 연장만 해주시면 가능하십니다. 예. 연장하면 지금 내고 있는 금액만큼 통신비 나가는 거예요? 네, 이제 똑같이 나오시는 거 유지한다라고 생각하시면 됩니다. 지금 이거 끝나고 그 다음에 그러면 2년 약정 끝나면은 그때는 얼마나 내려가요? 2년 약정이 끝나시면은 <CHARGE> 더 나오니까 또 연락 주셔서 연장은 계속해 주시면 되세요. 예. 그럼 현재 금액보다 2년 지나면은 그대로 유지되는 거죠? 내려가진 않아요? 네, 더 올라가시는 거예요. 지금 <CHARGE>짜리 요금제 쓰는데 여기에 <CHARGE> 할인을 받고 있었는데 그 할인이 끝나니까 그전보다 더 나오시는 겁니다. 아니 그니까 이제 약정할인을 하면 어떻게 돼요? 네, 할라면은 지금 할인 받고 있었으니까 이거 똑같이 유지가 되시는 거예요. 그 금액이 월 1년 단위로 있나요? 1년과 2년 중에 선택하실 수 있구요, 할인 혜택은 똑같이 25%입니다. 그러면 2년 끝났을 경우에 제가 다시 약정할인을 하면 지금 금액 똑같이 가요? 아니면 또 내려가요? 똑같이 가시는 거예요. 지금 제가 1년약정이라더라고요. 네, <DATE> 날 끝납니다. 예. 그러면은 만약에, 지금 만약에 해지하면은 현재 수수료가 있어요? 네. 약정이 아직 안 끝난 거기 때문에 위약금 <CHARGE> 확인되고 있으십니다. 예, 알겠습니다. 네, 지금 연장하시는 건 아니시죠? 예. 이거 해지할려면은 전화를 해야 돼요? 네, 알겠습니다. 이 번호 자체를 아예 없애시는 거세요? 아님 통신사로 이동하실려고 하시는 거세요? 만약에 이 번호가 자체를 없애고 싶다라고 하시면은 방법은 두 가지가 있어서 저희 쪽 연락 주시면 저희가 해지신청서를 고객님께 보내드리면 뽑아가지고 작성해서 저희 쪽으로 보내주실 방법이 있고, 아니면 신분증 가지고 매장 방문해 주셔야 되시구요. 예. 만약에 통신사를 이동만 하고 싶다라고 하시면은 이번에 해지하시면 그냥 LGU+ 껀 그대로 두고 이동하실 통신사 쪽 가셔서 이쪽으로 옮기고 싶다 말씀해 주시면 되십니다. 예, 알겠습니다. 네. 다른 거 더 확인해 드릴 건 없을까요? 예, 감사합니다. 네, 감사합니다. 무더운 날씨 건강 꼭 조심하세요. 네. 네.",0,A
normal_A_0699,"일상의 즐거운 변화 LGU+ <NAME>입니다. 무엇을 도와드릴까요? 예, <DATE> 요금이 어떻게 되죠? 네, 확인해 보겠습니다. 전화주신 <NAME> 고객님 본인 맞습니까? 예, 맞습니다. 네, 반갑습니다. <DATE> 청구요 금 바로 확인해 드리겠습니다. 총 <CHARGE>으로 확인이 되구요. 상세 내역 저희가 같이 확인해 드리면 어, 지금 월정액은 <CHARGE>에 휴대폰 소액 결제 <CHARGE>, 로그인 플러스 <CHARGE>, 분실 파손 보험 <CHARGE> 그리고 중고폰 가격 보장 프로그램은 예전에 할인 혜택 받으셨고 단말기 할부금 <CHARGE>에 어, 지금 총 할인 금액 <CHARGE> 할인 적용 받아서 <CHARGE>으로 확인되고 있습니다. 아, 예. 제가 알기로는 <CHARGE> 더 추가가 됐던데요? 네, 인출되신 게 <DATE> <CHARGE>만 이 부분 처리가 되어서 이제 원래 청구 요금은 <CHARGE>인데 지금 <CHARGE>만 인출이 되어서 지금 현재 <CHARGE>으로 나온 상태세요. 아직까지 납부가 안 됐어요. 아, 네. 그럼 납부하겠습니다. 아, 네. 그러면은요, 그렇게 저번처럼 카드로 결제를 해드릴까요? 네, 카드로요. 그러면 결제하실 카드 명의자 본인 카드신가요? 네, 본인 카드 맞아요. 통장에 잔고 비워두셔야 두 번 결제 우려 없으시고 다시 한번만 카드주분 인증을 위해서 본인 생년월일 앞 여섯 자리 말씀 부탁드릴게요. <BIRTH_NUMBER> 네, 마지막으로 카드 번호랑 카드 유효 기간 말씀 부탁드릴게요. 네, 유효 기간은 <DATE> <DATE> 유효 기간이신 거죠, 고객님? 네, 유효 기간이에요. 네, 그다음에 카드 번호가요? 네, <CARD_NUMBER> 네, 네. <CARD_NUMBER>이요. 네, 고객님 LGU+ 이용 요금을 카드주 생년월일 <BIRTH_NUMBER> <CHARGE> 결제 요청했는데 동의하십니까? 알겠습니다. 감사합니다. 네, 일시불로 처리해 드릴까요? 네. 아, 그냥 일시불로 하면 될까요? 네. 정상 수납 처리되어서 <DATE> 요금 모두 납부 결제 완료되었습니다. 아, 네. 감사합니다. 그럼 항상 무더운 날씨 건강 조심하세요. 감사합니다. 네, 감사합니다. 수고하세요.",0,A
normal_A_0700,"안녕하세요. 하드락호텔과 뫼벤픽짐바란, 더블식스 예약을 하고 싶어요. ▲▲월 ▲▲일부터 ▲▲일까지 6명인데, 아이 두 명도 함께 가요. 하드락호텔의 프리미엄과 디럭스룸 가격이 궁금해요. 아기침대가 없으면 퀸베드 2개로 방을 정하고 싶어요. 안녕하세요, ▲▲▲ 님. 하드락호텔의 디럭스 객실은 ▲▲월에 리노베이션 예정이라 예약이 불가해요. 대신, ▲▲월 ▲▲일부터 ▲▲일까지 하드락의 디럭스 프리미엄 객실은 4박에 $680입니다. 그럼 뫼벤픽은 어떤 방이 가능한가요? 뫼벤픽은 ▲▲월 ▲▲일부터 ▲▲일까지 주니어 스위트룸만 가능하고, 3박에 $660이에요. 더블식스는요? 더블식스는 ▲▲월 ▲▲일부터 ▲▲일까지 레져 스위트가 가능하고, 2박에 $390입니다. 아기침대는 요청할 수 있나요? 객실당 아기침대 1개씩 요청 가능하지만, 호텔 사정에 따라 제공되지 않을 수도 있어요. 베이비시터는 어떻게 요청하나요? 베이비시터는 호텔에서 연계된 외주업체를 소개해드려요. 호텔에 직접 문의하시면 됩니다. 더블식스에서 공항까지 드랍 서비스가 있나요? 더블식스에서 공항까지는 편도 $25의 추가 요금이 있어요. 예약을 하려면 무엇을 준비해야 하나요? 예약 원하시면 저희 ▲▲▲▲ 메일로 전체 투숙 인원 정보를 보내주세요. 한글, 여권 영문, 생년월일 앞 6자리, 유아 생년월일 앞 6자리 정보도 함께 안내해주시면 됩니다. 알겠습니다. 정말 감사합니다! 감사합니다, ▲▲▲ 님! 멋진 하루 보내세요!",0,A
normal_B_0001,"아침 뉴스 봤어? 아니 진짜 깜짝 놀랐잖아, 명의 도용 사건이 또 났대. 이름이랑 주민번호 같은 게 엉뚱하게 쓰였다면서 수사 들어갔다고 하더라. 어, 나도 봤어. 그런 거 보면 진짜 남 일 같지가 않다니까. 요즘은 문자 하나, 전화 하나도 함부로 보면 안 되겠더라. 맞아맞아, 나도 그래서 카드 내역이랑 본인 인증 내역 자주 확인하려고. 괜히 내 명의로 뭔가 생기면 어떡해. 그러게, 조금 번거로워도 확인하는 게 낫지. 아까 기사 보니까 피해자들 엄청 속상해하더라. 진짜… 이름만 빌려 쓰는 게 아니라 생활 전체가 흔들릴 수 있으니까 조심해야겠어. 너도 계정 비밀번호 같은 거 자주 바꿔, 그리고 모르는 링크는 누르지 말고!",0,B
normal_B_0002,"야, 아침에 본 그 사건 얘기인데, 진짜 섬뜩하더라. 어떤 사람이 자기 명의로 대출이 잡힌 것도 한참 뒤에 알았다던데? 헐, 그런 일이 실제로 있어? 응, 뉴스에서 봤어. 수사도 오래 걸린다더라. 우선 기록을 다 모아야 한다고. 아 진짜 귀찮아도 확인은 해둬야겠네. 그러니까, 평소에 통장이나 휴대폰 본인 확인 문자는 그냥 넘기면 안 되겠더라. 나도 그런 거 보면 괜히 불안해. 맞아, 나도 부모님한테도 꼭 알려드려야겠어. 요즘은 개인정보 조금만 새어도 명의 도용으로 이어질 수 있다니까. 그래그래, 그냥 지나가는 사건 같아 보여도 실제로는 엄청 큰일이잖아. 그래서 가족끼리라도 서로 조심하자고 해야겠어.",0,B
normal_B_0003,"아까 전화 왔는데 수사관이라고 하면서 뭐 조사할 게 있다더라? 근데 말투가 너무 이상해서 바로 끊었어. 어? 진짜? 무슨 범죄 연루된 것처럼 말했어? 응, 뭐 내 이름이 어디에 연결됐다나, 그런 식으로 계속 겁주더라고. 와, 진짜 황당했겠다. 나도 순간 어이없어서 웃음만 났어. 그러니까, 진짜 수사관이면 저렇게 전화 안 하겠지? 맞아, 그래서 바로 끊고 번호도 막아뒀어. 혹시 몰라서 메모도 해놨고. 잘했어. 괜히 따라가서 조사 받는다고 생각하면 불안해질 텐데, 이상하면 바로 끊는 게 답이네. 응응, 다음에 또 오면 아예 받지 말려고. 이런 전화는 괜히 사람 심리 흔들어 놓는 것 같아. 진짜 별일 다 있다니까.",0,B
normal_B_0004,"헐, 나 방금 모르는 번호 받았다가 수사관이라길래 깜짝 놀랐잖아. 뭐? 무슨 일이래? 내 정보로 범죄가 연루된 것 같다고 조사해야 한대. 그래서 내가, 아 그거 아니고요, 그리고요? 했더니 말이 점점 이상해져서 바로 끊었어. 잘했네! 그런 건 진짜 수상하지. 응, 목소리는 그럴듯했는데 질문이 너무 뜬금없었어. 이름이랑 주소를 계속 확인하려고 해서 더 이상하더라. 아 진짜 무섭다. 요즘은 그런 식으로 사람 불안하게 만드는 경우 많대. 맞아, 나도 이제 모르는 번호는 좀 조심하려고. 괜히 긴장해서 답하다가 헷갈릴 뻔했어. 그러니까, 당황하면 안 되는데 순간 어이가 없더라. 그래도 바로 끊어서 다행이지 뭐. 다음엔 같이 한번 검색해보고, 혹시 진짜 기관이면 공식 연락처로 다시 확인하자.",0,B
normal_B_0005,"어제 그 다큐 봤어? 불법 대포통장 개설 사건 나오는 거. 아 봤지 봤지, 생각보다 진짜 심각하더라. 응, 처음엔 그냥 돈 벌기 쉬운 일처럼 유혹하던데 결국 피해자가 엄청 생기잖아. 맞아, 중간에 명의 빌려준 사람도 피해자고, 실제로 통장 쓰인 사람도 골치 아프고. 그러니까. 난 그 부분에서 되게 소름 돋았어. 은근히 쉽게 개설된다고 하면서 사람 끌어들이는 게 문제더라. 진짜 불법인 줄 알면서도 모른 척하는 사람들까지 나오니까 더 답답했어. 그래도 다큐가 설명을 잘해줘서, 왜 조심해야 하는지 알겠더라. 맞아, 괜히 대포통장 관련 제안 오면 절대 응하면 안 되겠더라. 피하려고 해도 피해자 되는 순간 너무 커질 수 있으니까.",0,B
normal_B_0006,"나 그 다큐 보다가 화가 나더라. 불법 대포통장 개설이 그렇게 많이 일어나는지 몰랐어. 에이 설마, 진짜야? 응, 어떤 사람들은 아르바이트인 줄 알고 갔다가 자기 계좌가 범죄에 쓰였대. 헐, 그럼 완전 피해자네. 그렇지, 본인도 속은 거니까. 근데 또 관리 안 한 사람들 때문에 다른 피해자들이 생기니까 문제고. 아 진짜 복잡하다. 그러니까, 이런 건 무조건 의심부터 해야 해. 다큐에서 계속 조심하라고 하던데, 듣고 나니까 괜히 주변 사람들한테도 말해주고 싶더라. 맞아, 특히 개설만 해주면 된다는 말은 무조건 이상해야 해. 응응, 그런 건 바로 피해야지. 보고 나서 한동안 기분이 찝찝했어.",0,B
normal_B_0007,"서울에서 보이스피싱 일당 검거됐다는 기사 봤어? 어어, 단톡방에 누가 올렸더라. 남성 여러 명이 붙잡혔고 현장에서도 뭔가 발견됐다던데? 맞아, 사진 보니까 규모가 꽤 커 보이더라. 서울 한복판에서 그런 일이 있었다니까 좀 놀랐어. 그러니까, 기사 읽는데 와 이건 진짜 심각하구나 싶더라. 검거됐다는 말 보고 좀 속이 시원하긴 했는데, 또 다른 데서 비슷한 일이 생길까 봐 걱정도 돼. 맞아맞아, 이런 건 계속 주의해야지. 단톡방에서도 다들 “조심하자” “의심되면 바로 끊자” 이런 반응이더라. 응, 특히 남성 여러 명이 조직적으로 움직였다는 부분이 충격이었어. 서울에서 발견됐다는 증거도 꽤 많았다던데, 기사 읽고 나니까 더 무섭더라.",0,B
normal_B_0008,"어제 단톡방 난리났잖아, 서울에서 보이스피싱 일당 검거됐다고. 아 맞다, 내가 본 기사 그거네. 남성들이 한꺼번에 잡혔다는 내용이었지? 응, 현장에서 증거도 발견됐다고 하더라. 헐, 생각보다 규모가 크네. 그러니까, 댓글들도 다들 놀랐더라. 서울 중심가라서 더 눈에 띄었나 봐. 맞아, 이런 기사 보면 그냥 남 얘기가 아닌 것 같아. 나도 그래서 가족한테 공유했잖아. 혹시라도 이상한 전화 오면 바로 끊으라고. 잘했어, 그런 건 미리미리 알려야지. 근데 검거됐다는 소식 들으니까 한편으론 다행이다 싶더라. 응응, 그래도 비슷한 수법은 또 나올 수 있으니까 계속 조심해야 해. 진짜 세상 무섭다 싶었어.",0,B
normal_B_0009,"오늘 회사 보안 교육 진짜 길었지? 녹취 방법이랑 개인정보 보호 얘기만 한참 들은 것 같아. 어, 맞아. 근데 듣다 보니까 왜 그렇게 강조하는지 알겠더라. 응, 진술 내용이든 뭐든 함부로 말하면 안 된다고 계속 하잖아. 그러니까. 그리고 압수 관련된 절차도 예시로 설명하는데, 괜히 헷갈리더라. 나도 중간에 잠깐 멍했어. 아 진짜 피곤했지. 그래도 정보 관리 소홀하면 문제가 커진다는 건 확실히 알겠더라. 맞아, 녹취 파일도 마음대로 공유하면 안 되고, 필요한 정보만 확인해야 한다고 했잖아. 응응, 그 말은 계속 기억날 것 같아. 괜히 귀찮다고 넘기면 안 되겠더라. 나중에 사고 나면 더 복잡해지니까.",0,B
normal_B_0010,"아까 교육 들으면서 좀 짜증났어. 녹취, 진술, 압수, 정보 이런 단어가 계속 나오는데 머리가 복잡하더라. 하긴, 나도 처음엔 그랬어. 근데 생각해보면 개인정보는 진짜 조심해야 하잖아. 맞아, 특히 정보는 한번 새면 되돌리기 어렵다더라. 그래서 더 강조한 거겠지. 응, 파일 저장도 따로 하고 접근 권한도 확인하라고 하던데, 솔직히 번거롭긴 해. 그래도 안 할 수는 없지 뭐. 그러니까. 그리고 내가 실수로 내용을 잘못 적으면 진술 기록이 꼬일 수도 있다니까 더 신경 쓰이더라. 아 진짜 피곤한데 중요하긴 하네. 맞아, 귀찮아도 습관 들여야지. 오늘 교육 덕분에 괜히 한 번 더 조심하게 됐어. 내일은 녹취 정리부터 다시 봐야겠다.",0,B
normal_B_0011,"아침에 뉴스 보는데 진짜 깜짝 놀랐잖아, 명의도용 사건이 또 났대. 어휴, 요즘은 이름이랑 연락처만 있어도 이런 일이 생긴다니까. 응? 어떤 사건인데? 아니, 누가 남의 명의로 뭔가를 신청해서 피해를 크게 봤다더라. 수사도 오래 걸릴 수 있다고 하고, 피해자분은 얼마나 황당하겠어. 맞아맞아, 그런 건 진짜 남 일 같지 않더라. 그래서 내가 엄마한테도 바로 말했어. 모르는 문자 링크 누르지 말고, 신분증 사진 같은 것도 함부로 보내지 말라고. 아 그래? 잘했네. 요즘은 은행이나 통신사 사칭도 많다니까 더 조심해야 해. 그러게, 나는 뉴스 보고 나서 괜히 내 정보들 한 번씩 다시 보게 되더라. 비밀번호도 바꾸고, 카드 명세서도 챙겨 봐야겠어. 응응, 그런 습관이 진짜 중요하지. 이게 남의 이야기가 아니더라고, 진짜 조심해야 해.",0,B
normal_B_0012,"어제 저녁 뉴스 봤어? 그 명의도용 사건 또 나오던데, 진짜 소름이더라. 아, 봤어 봤어. 이름 도용해서 계좌까지 건드렸다며? 응, 그러니까. 수사 들어갔다고 하던데 피해자가 한둘이 아닌 것 같더라. 와, 진짜 무섭다. 나도 예전에 비슷한 얘기 듣고 나서부터는 우편물도 바로 확인해. 혹시 내 이름으로 이상한 거 들어온 건 없는지. 맞아, 그런 건 늦게 알면 더 복잡해지잖아. 그 기사 보니까 명의가 이렇게 쉽게 도용될 수 있다는 게 제일 무섭더라. 응, 특히 가족 이름까지 같이 쓰면 더 큰일이라던데. 그래서 내가 동생한테도 신분증 사진 함부로 보내지 말라고 했어. 잘했네. 우리도 뭔가 신청할 때는 꼭 공식 창구로만 해야겠다. 그래야 마음이 좀 놓이지.",0,B
normal_B_0013,"방금 진짜 황당한 전화 받았어. 어떤 사람이 수사관이라고 하면서 내 이름 얘기하길래 순간 뭐지 했거든? 어? 진짜 수사관이야? 아니 아니, 말투가 너무 이상해서 바로 끊었어. 범죄 조사 중인데 연루됐을 수 있다면서 막 묻는데, 듣자마자 이상하더라. 아, 그거 완전 수상하네. 맞아, 그래서 나도 더 대답 안 하고 끊었지. 괜히 따라가면 큰일 날 것 같아서. 잘했어 잘했어. 진짜 수사관이면 그런 식으로 안 묻지. 그러니까. 나도 너무 놀라서 심장이 막 뛰더라. 혹시 내 정보 아는 척하면서 계속 물어보길래, 아 이거 아니다 싶었어. 응응, 그런 전화는 일단 끊는 게 맞지. 나중에 생각해 보니까 완전 연기하는 느낌이었어. 범죄랑 연루됐다고 겁주는 것도 이상했고. 맞아, 그런 건 바로 공식 기관에 직접 확인해야 돼. 하, 진짜 아침부터 별일 다 있었네. 아이고 무서워라. 이제 모르는 번호는 더 조심해야겠다.",0,B
normal_B_0014,"아까 모르는 번호가 와서 받았는데, 수사관이라고 하더라? 뭐라고? 수사관? 응, 처음엔 그냥 안내 전화인 줄 알았는데 갑자기 범죄 조사 얘기를 꺼내는 거야. 어휴, 그거 완전 이상하다. 그러니까, 내가 무슨 연루가 됐는지 묻길래 순간 멍했어. 진짜 당황했겠다. 응, 그래서 내가 지금 통화 중이라고 하고 얼른 끊었지. 잘했어, 그런 건 오래 듣고 있을수록 헷갈리더라. 맞아, 말이 너무 그럴듯해서 잠깐 흔들릴 뻔했어. 근데 생각해 보니까 진짜 수사관이면 저렇게 개인 번호로 막 안 하겠지? 응응, 보통은 그렇지. 나중에 공식 연락처로 확인해 보려고. 그래, 괜히 대답 잘못했다가 더 복잡해질 수 있잖아. 어휴, 진짜 이런 전화 받으면 사람 마음이 철렁해. 오늘은 커피 한 잔 더 마셔야겠다.",0,B
normal_B_0015,"어제 다큐 봤는데, 불법 대포통장 개설 얘기 나오더라. 아, 그거 나도 봤어. 생각보다 너무 쉽게 사람들 속이던데? 응, 특히 피해자들 얘기 나오는데 진짜 마음이 안 좋았어. 그러니까, 본인은 그냥 잠깐 맡긴다고 생각했는데 나중에 큰 피해가 생기더라고. 맞아맞아, 불법인 줄 모르고 엮이는 경우도 있다면서. 응, 그래서 더 무섭지. 개설 자체가 문제라는 걸 다큐 보면서 제대로 알았어. 나도. 그냥 통장 하나가 아니라, 그게 여러 사람을 힘들게 하더라. 피해자 입장에서는 억울하지. 진짜로. 그리고 주변에서 누가 이상한 부탁하면 절대 응하면 안 되겠더라. 맞아, 명의나 계좌 관련된 건 더 조심해야 돼. 그 다큐 보고 나니까 괜히 내 통장도 다시 확인하게 됐어. 하, 요즘 세상 너무 험하다.",0,B
normal_B_0016,"다큐 감상했는데, 불법 대포통장 개설 얘기 진짜 충격이었어. 아 그래? 나는 중간에 봤는데도 좀 답답하더라. 응, 피해자분들 얘기 들으니까 너무 안타까웠어. 본인은 그냥 알바처럼 생각했는데 범죄에 휘말리는 거잖아. 그러니까, 그게 제일 무섭지. 대포통장이라는 말은 많이 들었는데, 실제로 어떻게 개설되는지 보니까 더 소름이었어. 맞아, 막 돈 몇 푼 준다고 유혹하던데 절대 하면 안 되겠더라. 응응, 그걸 모르고 넘기면 피해자가 되는 거니까. 다큐에서 어떤 분은 정말 억울해 보였어. 본인도 피해자인데 또 책임을 져야 하는 상황 같아서. 하... 이런 거 보면 세상에 공짜가 없다는 말이 딱 맞는 듯. 맞아, 우리도 누가 계좌 빌려달라거나 이상한 말 하면 바로 거절해야 해. 응, 절대 안 돼.",0,B
normal_B_0017,"서울에서 보이스피싱 일당 남성들 검거됐다는 기사 봤어? 와, 나 단톡방에 바로 공유했잖아. 아 맞다, 네가 올렸지. 응, 서울 쪽에서 크게 발견됐다길래 다들 놀라더라. 진짜 요즘 이런 기사 보면 한숨부터 나와. 맞아, 남성들이 조직적으로 움직였다던데 검거돼서 다행이긴 하지. 그러게, 피해자들 생각하면 늦게라도 잡힌 게 어디야. 우리 엄마도 기사 보더니 조심해야겠다고 하더라. 잘하셨네. 나도 기사 읽으면서 왜 이렇게 수법이 비슷한지 다시 느꼈어. 그러니까, 말투만 바꿔서 사람들 속이는 거 진짜 문제야. 단톡방에서도 다들 기사 링크 누르기 전에 출처 확인하자고 하더라. 응응, 그게 맞지. 아무튼 이번에 발견돼서 다행이다 싶었어.",0,B
normal_B_0018,"단톡방에 서울에서 보이스피싱 일당 검거됐다는 기사 봤지? 응, 봤어 봤어. 남성 여러 명이 잡혔다고 해서 다들 난리였잖아. 맞아, 서울 한복판에서 그렇게 활동하다가 결국 발견된 거라더라. 그러니까, 세상이 좁기도 하고 결국 잡히긴 잡히는구나 싶었어. 기사 댓글도 엄청 많더라. 응, 나도 봤어. 피해자들이 얼마나 힘들었겠어, 생각보다 심각하더라고. 맞아, 이런 거 보면 단순한 장난이 아니지. 그래서 내가 단톡에 바로 공유하면서 조심하자고 했어. 잘했어. 요즘은 기사 하나 봐도 배워야 할 게 많아. 응, 특히 가족들한테도 이런 뉴스 자주 알려줘야겠더라. 어, 그래야 다들 경계하지. 아무튼 검거됐다는 소식이라 좀 다행이었어.",0,B
normal_B_0019,"회사에서 보안 교육 받았는데, 녹취 얘기만 계속 나오니까 좀 피곤하더라. 아, 나도 그런 교육 싫어는 아닌데 길면 졸려. 그러니까, 전화할 때는 녹취가 남을 수 있으니까 말 조심하라고 하더라고. 진술도 정확하게 해야 하고, 개인정보는 괜히 길게 말하지 말래. 맞아, 그거 중요하지. 근데 계속 같은 말 반복하니까 머리가 띵했어. 하하, 그래도 나중에 문제 생기면 녹취가 도움 될 수 있잖아. 응, 그건 맞지. 또 어떤 상황에서는 압수나 조사 얘기까지 나오니까 괜히 긴장되더라. 그러게, 교육인데도 분위기가 너무 딱딱했어. 나도 끝나고 나서 정보 관리 습관 다시 보게 됐어. 잘했네. 우리 부서 사람들한테도 메모 좀 공유할까 봐. 응, 그래야 다들 덜 헷갈리지.",0,B
normal_B_0020,"오늘 회사 보안 교육 완전 길었어. 녹취, 진술, 압수 이런 단어만 계속 나와서 정신이 없더라. 아 진짜? 듣기만 해도 빡빡하네. 응, 근데 개인정보나 정보 관리가 얼마나 중요한지 다시 느끼긴 했어. 맞아, 그런 건 귀찮아도 꼭 알아둬야지. 근데 강사님이 너무 자세하게 설명해서 중간에 헷갈렸어. 내가 말한 진술이 나중에 기록으로 남을 수 있다고 하니까 괜히 말 한마디도 조심하게 되더라. 아 그건 그렇겠다. 녹취가 남으면 더 신경 쓰이잖아. 응, 맞아. 그리고 회사 자료도 함부로 밖에 두지 말라고 하더라고. 압수 같은 상황이 생기면 자료 정리가 안 돼 있으면 더 복잡해진대. 와, 생각보다 무섭네. 그러니까, 교육 듣고 나서 괜히 메일함이랑 파일 정리부터 했어. 잘했네. 나도 오늘 집 가서 비밀번호부터 바꿔야겠다.",0,B
normal_B_0021,"아침에 뉴스 봤는데 진짜 깜짝 놀랐어. 어떤 사람이 명의 도용 당해서 통장이고 카드고 다 엉망이 됐다더라. 아니, 이런 사건이 아직도 있나 싶었어. 수사 들어간다는데도 피해가 너무 커 보여서 좀 무섭더라고. 맞아맞아, 요즘은 남 일 같지가 않잖아. 그래서 나도 가족들한테 꼭 말했어, 신분증 사진 함부로 보내지 말고, 모르는 링크도 누르지 말라고. 아 그래요? 나도 봤어 그 뉴스. 수사 과정에서 명의 빌려준 척한 사람도 많다던데, 진짜 조심해야겠더라. 어, 그러니까 괜히 급하다고 이것저것 넘기면 안 되겠더라구. 나도 이제부터는 본인 확인 요청 오면 무조건 한 번 더 확인할래.",0,B
normal_B_0022,"아침에 기사 읽었는데 명의 도용 사건이 생각보다 심각하더라. 이름만 빌려 쓴 줄 알았는데, 계좌까지 연결돼서 수사 대상이 됐다잖아. 헐, 진짜? 그럼 피해는 엄청 크겠네. 응, 그래서 엄마한테도 신분증 사진, 주민번호 이런 거 절대 문자로 보내지 말라고 했어. 어차피 요즘은 뭐든 다 기록이 남으니까 더 조심해야 하잖아. 맞아, 나도 그런 거 보면 괜히 찝찝하더라. 사건 하나가 사람 인생을 흔들 수 있네. 그러니까, 사소해 보여도 개인정보는 진짜 꽉 잡고 있어야 할 듯.",0,B
normal_B_0023,"아까 모르는 번호로 전화 왔는데, 자기가 수사관이라면서 내가 범죄에 연루됐을 수 있다 이러는 거야. 와, 뭐라고? 그래서 나 순간 멍해졌지. 조사해야 한다면서 이름이랑 주소부터 묻길래 이상해서 그냥 끊었어. 잘했어 잘했어, 그런 전화는 진짜 수상하지. 그러니까, 목소리는 괜히 점잖은데 내용이 너무 이상했어. 나도 처음엔 진짜 수사관인가 했거든? 근데 생각해 보니까 개인 번호로 그런 식의 조사를 할 리가 없잖아. 맞아, 범죄 연루 어쩌고 하면 사람 겁주려는 거지. 아 진짜 황당했겠다. 나였으면 심장 철렁했을 듯. 어, 손까지 떨리더라니까. 앞으로는 모르는 번호 오면 무조건 조심해야겠어.",0,B
normal_B_0024,"방금 수상한 전화 받고 끊었는데 아직도 어이없어. 수사관이라고 하면서 네가 어떤 범죄 조사에 연루됐다 이러는 거야. 진짜요? 그런 걸 왜 전화로 막 말해? 나도 그 생각 했지. 조사해야 하니까 바로 통화하라면서 계속 몰아붙이더라고. 근데 말투가 너무 급해서 오히려 이상했어. 아, 그거 완전 수상한 패턴이네. 응, 그래서 “죄송한데 확인하고 다시 연락 주세요” 하고 끊었어. 잘했어. 괜히 상대 말 따라가면 더 꼬일 수 있잖아. 맞아, 나도 이제 그런 전화는 바로 믿지 않을 거야. 괜히 겁먹을 뻔했네.",0,B
normal_B_0025,"어제 다큐 봤는데 불법 대포통장 개설 이야기 나오더라. 생각보다 너무 쉽게 피해자가 생겨서 좀 소름이었어. 아, 나도 그거 봤어. 그냥 알바인 줄 알고 시작했다가 결국 이름만 빌려줬다는 사람들 많더라. 맞아맞아, 개설 과정이 그렇게 단순해 보이는데 뒤에 불법이 숨어 있더라고. 그러니까, 피해자 입장에서는 진짜 억울하겠다 싶었어. 돈 좀 준다니까 혹해서 따라가는 경우도 있다던데, 그게 제일 위험한 듯. 응, 다큐에 나온 사람도 나중에 피해자에서 가해자처럼 보이게 돼서 억울해하더라. 아, 그거 참 안 됐다. 나도 보면서 절대 쉽게 응하면 안 되겠다고 느꼈어.",0,B
normal_B_0026,"그 다큐 재밌다기보다 좀 무섭더라. 불법 대포통장 개설이 어떻게 퍼지는지 보여주는데, 피해자들이 너무 많아서 마음이 안 좋았어. 응, 나도 그 부분에서 멈칫했어. 그냥 통장 하나 만드는 문제인 줄 알았는데, 실제로는 여러 사람이 엮이더라구. 맞아, 개설만 해 놓고 본인은 아무것도 몰랐다고 해도 결국 골치 아파지잖아. 그러니까, 세상에 공짜는 없다는 말이 딱이더라. 피해자들이 마지막에 인터뷰하는데 진짜 힘들어 보였어. 아 그래요? 그럼 더 조심해야겠다. 응, 나도 앞으로는 누가 뭐 도와달라 해도 한번 더 생각할 거야.",0,B
normal_B_0027,"야 너 기사 봤어? 서울에서 대규모 보이스피싱 일당 검거됐대. 남성 여러 명이 같이 움직였는데 현장에서 증거도 발견됐다더라. 어, 나 봤어 봤어! 서울 한복판에서 그런 일이 있었다니 좀 놀랐어. 맞아, 단톡방에 뜨자마자 다들 난리였어. 검거됐다는 소식은 다행인데, 그동안 피해 본 사람들 생각하니까 씁쓸하더라. 그러니까, 기사 댓글에도 조심하라는 말이 많더라구. 남성들이 조직적으로 움직였다고 하니 더 무섭지 뭐. 아 진짜, 발견된 증거들이 꽤 많았대? 응, 계좌랑 휴대폰까지 나왔다고 하더라. 와, 세상 무섭다. 그래도 이런 건 빨리 검거돼서 다행이야.",0,B
normal_B_0028,"단톡방에 기사 올렸어. 서울에서 보이스피싱 일당이 검거됐는데 남성 여러 명이 같이 있었다더라. 봤어 봤어, 나도 바로 눌러봤어. 기사 읽어보니까 현장에서 뭔가 많이 발견돼서 수사가 빨리 진행됐나 보더라. 응, 서울이라서 더 눈에 확 들어왔어. 맞아, 우리 동네랑 멀지 않은 느낌이라 괜히 신경 쓰이더라구. 남성들끼리 역할 나눠서 움직였다는 얘기 보니까 진짜 조직적이네 싶었어. 그러니까, 요즘은 기사만 봐도 남 일 같지가 않다니까. 그래도 검거됐으니 다행이지. 아, 진짜 다행이다. 다들 조심하자고 한마디씩 남겨야겠다.",0,B
normal_B_0029,"오늘 회사 보안 교육에서 녹취랑 정보 보호 얘기 나왔는데, 솔직히 좀 피곤했어. 아, 또 했어? 맞아, 진술 남길 때도 녹취가 중요하다고 하면서 개인정보는 함부로 말하지 말라더라. 응, 그 말은 맞는데 설명이 너무 길어서 정신이 없었어. 그러니까, 압수 같은 단어도 예시로 나오는데 괜히 무섭더라. 아 그래요? 회사에서 그런 교육 자주 하나 보네. 응, 정보 조금만 잘못 다뤄도 큰일 난다니까 계속 강조했어. 나도 알긴 아는데 듣다 보면 머리가 아파. 그러게, 나도 오늘 완전 졸았어. 그래도 녹취 파일 관리 잘하고 진술 기록 남길 때 조심해야 한다는 건 기억해야겠더라.",0,B
normal_B_0030,"회사 보안 교육 들었는데, 녹취 얘기랑 정보 보호 얘기가 계속 나와서 좀 지쳤어. 진술 내용 남길 때도 사소한 정보가 섞이면 안 된대. 아, 그런 거 은근 신경 쓰이지. 맞아, 그리고 압수 같은 상황도 예시로 나오는데 생각보다 현실감 있더라. 응, 나도 들으면서 괜히 내 메일함부터 걱정됐어. 그러니까, 정보는 한 번 나가면 되돌리기 힘들잖아. 교육 담당자가 녹취 습관 잘 들이라고 하던데, 솔직히 매번 체크하는 게 쉽진 않지. 아 그래도 회사니까 해야지 뭐. 맞아, 귀찮아도 기본은 지켜야겠다 싶었어. 오늘 배운 거 정리해서 팀에도 공유해야겠어.",0,B
normal_B_0031,"아 아침 뉴스 봤어? 진짜 깜짝 놀랐잖아, 명의도용 사건이 또 났더라. 응? 또 그런 일이 있었어? 어, 이번엔 평범하게 쓰던 계정이랑 서류 쪽이 같이 엮였대. 수사도 들어갔다고 하던데, 듣기만 해도 소름이야. 맞아맞아, 나도 기사 보고 너무 무섭더라. 어떻게 남의 명의를 그렇게 함부로 쓰지? 그러니까, 진짜 조심해야겠더라. 나도 괜히 비밀번호 바꾸고, 문자로 오는 확인도 다시 봤어. 아 그건 잘했다. 요즘은 뭐 하나만 방심해도 안 되겠더라. 맞아, 특히 신분증 사진이나 개인정보는 함부로 안 보내야겠어. 응응, 나도 오늘 가족들한테 얘기해줘야겠다. 그래, 너도 조심하고 혹시 이상한 연락 오면 바로 끊어. 어, 무조건!",0,B
normal_B_0032,"방금 뉴스에서 봤는데 말이야, 명의 도용 관련 사건이 또 있대. 어머 진짜? 그런 사건 요즘 왜 이렇게 많아? 그러니까, 나도 보면서 계속 헐 이랬잖아. 수사 중이라는데 생각보다 피해가 크다더라. 아 진짜 무섭다. 명의라는 게 한 번 새면 되돌리기 어렵잖아. 맞아, 그래서 나 아까 부모님한테도 조심하라고 말했어. 오 잘했다. 우리도 사진 찍어 보낼 때나 서류 올릴 때 더 신경 써야겠다. 어 맞아, 그리고 모르는 링크는 절대 누르지 말고. 그렇지, 그런 게 제일 중요하지. 나는 뉴스 보고 나서 괜히 내 계정들 다 확인했어. 하하 그 정도면 아주 바람직하지. 진짜 이런 사건은 남 일 같지가 않더라. 응, 그러니까 서로 알려주면서 조심하자.",0,B
normal_B_0033,"아까 어떤 번호로 전화 왔는데 수사관이라고 하더라? 나 진짜 바로 끊었어. 헐, 뭐라고? 수사관이 왜 갑자기 전화해? 그러니까, 나도 너무 이상해서 귀를 의심했잖아. 막 범죄 연루됐는지 확인해야 한다고, 조사 얘기도 하고 그랬어. 와, 완전 수상했겠다. 응, 말투도 좀 급하고 이상했어. 나는 바로 아닌 것 같아서 끊었지. 잘했어 잘했어, 그런 건 절대 길게 듣지 마. 맞아, 괜히 계속 들으면 헷갈릴 것 같더라. 진짜 아찔하다. 나중에 번호 다시 검색해 보니까 비슷한 말로 여러 사람한테 연락한대. 어휴 무서워. 그러니까 앞으로는 모르는 데서 수사관이라 하면 무조건 의심해야겠다. 응, 그리고 진짜면 공식 안내가 따로 오겠지. 맞아, 나도 그렇게 생각했어.",0,B
normal_B_0034,"야 나 방금 황당한 전화 받았어. 수사관이라고 하면서 내 이름 확인하더니 범죄 연루 여부를 조사해야 한대. 뭐야 그게? 진짜야? 어, 나도 처음엔 장난인 줄 알았어. 근데 말투가 너무 딱딱하고 뭔가 이상했어. 그래서 그냥 아, 죄송한데 잘못 거신 것 같다고 하고 끊었지. 잘했다! 그거 완전 수상하잖아. 그러니까 말이야. 괜히 끝까지 들었으면 더 정신 없었을 듯. 맞아맞아, 그런 전화는 바로 끊는 게 답이지. 나 지금도 좀 얼떨떨해. 와 진짜 별일 다 있네. 응, 그래서 너도 혹시 모르는 번호 오면 조심해. 알겠어, 나도 비슷하면 무조건 끊을게. 어, 그게 제일 안전하더라.",0,B
normal_B_0035,"어제 다큐 봤는데 불법 대포통장 개설 얘기 나오더라. 아 진짜? 나 그거 보면 좀 답답하더라. 응, 처음엔 그냥 돈 문제인 줄 알았는데 피해자들 얘기 들으니까 완전 심각하더라고. 어떤 사람은 자기 이름으로 된 계좌가 갑자기 엮여서 엄청 고생했대. 헐, 그럼 본인은 아무것도 안 했는데 피해를 보는 거야? 맞아, 그래서 더 무섭지. 불법으로 계좌 만들게 유도하는 장면도 나오는데, 진짜 조심해야겠더라. 어휴... 그런 건 절대 하면 안 되지. 그러니까, 나도 보면서 계속 ‘아 이건 진짜 안 된다’ 했어. 그래도 다큐로 보면 그런 범죄가 어떻게 생기는지 좀 알게 돼서 좋긴 하더라. 맞아맞아, 경각심 생기지. 응, 특히 대포통장이라는 말만 들어도 괜히 찜찜해. 그러게, 우리도 주변에 알려줘야겠다.",0,B
normal_B_0036,"나 요즘 다큐 하나 봤는데 불법 대포통장 개설이 얼마나 위험한지 나오더라. 아 그거 나도 궁금했어. 어땠어? 생각보다 피해자가 너무 많아서 놀랐어. 그냥 통장 하나 빌려줬다가도 나중에 큰일 난대. 헐, 진짜? 그럼 완전 남 일 아니네. 맞아, 그래서 더 무서웠어. 화면에 나온 사람들도 처음엔 대수롭지 않게 생각했다가 나중에 엄청 힘들어하더라. 아이고... 그런 건 절대 손대면 안 되겠다. 응, 나도 보면서 불법이라는 말이 왜 그렇게 크게 느껴지는지 알겠더라. 그러니까 말이야, 쉬운 돈처럼 보여도 결국 피해만 남는 거지. 맞아, 피해자만 더 힘들어지고. 다음엔 이런 주제 나오면 같이 봐도 되겠다. 어 좋아, 보고 나서 얘기하면 더 이해 잘 될 것 같아.",0,B
normal_B_0037,"단톡방 봤어? 서울에서 대규모 보이스피싱 일당 검거됐대. 헐 진짜? 남성 여러 명이 한꺼번에 잡혔다고 나오더라. 어어, 기사 봤어! 서울에서 그렇게 크게 움직였다는 게 좀 놀랍더라. 맞아, 나는 사진 보고서 아 저렇게 발견된 거구나 싶었어. 그러니까, 이런 건 빨리 검거돼야지. 응응, 피해 더 커지기 전에 잡혀서 다행이다. 단톡방 애들도 난리 났더라. 진짜 잘됐다, 요즘 이런 기사 보면 바로 공유하게 돼. 맞아, 나도 가족들한테 보내줬어. 서울이라 더 현실감 있었어. 응, 이런 일은 멀리 있는 얘기가 아니니까. 그러게, 조심 또 조심해야겠다.",0,B
normal_B_0038,"야 단톡에 기사 봤어? 서울에서 남성 여러 명이 보이스피싱 일당으로 검거됐대. 어? 진짜야? 와, 요즘 이런 기사 왜 이렇게 자주 보이지. 그러니까, 나도 아침에 보고 바로 놀랐잖아. 현장에서 발견됐다는 표현도 있던데, 조직이 꽤 컸나 봐. 헐... 무섭다. 응, 서울 한복판에서 그런 일이 있었다니까 더 실감 나더라. 맞아, 그리고 피해자들 생각하면 더 속상해. 그러니까 이런 기사 나오면 꼭 공유해야 해. 맞아맞아, 우리끼리도 한번씩 경각심 가지자. 그래, 괜히 남 얘기처럼 넘기면 안 되겠더라.",0,B
normal_B_0039,"어제 회사 보안 교육 진짜 길지 않았어? 녹취 방법이니 진술이니 계속 나오는데 머리 아프더라. 아 맞아, 나도 졸릴 뻔했어. 근데 듣다 보니까 개인정보 정보 관리가 왜 중요한지 알겠더라. 응, 그러니까 말은 쉬운데 막상 지키려면 은근 신경 쓸 게 많아. 맞아, 괜히 메모만 해도 안 되고 필요한 경우엔 녹취 절차도 맞춰야 한다고 하더라. 아 진짜? 그런 게 되게 번거롭겠다. 그러니까, 설명은 이해되는데 실무에서는 더 바쁘잖아. 응응, 그래서 다들 한숨 쉬더라. 나는 오늘부터는 메신저로 정보 보낼 때도 한 번 더 확인하려고. 잘했어. 요즘은 진짜 작은 실수도 문제 되니까. 맞아, 압수 얘기까지 나오니까 괜히 더 긴장됐어. 아 그건 당연하지. 어쨌든 교육은 좀 귀찮아도 필요하긴 하더라.",0,B
normal_B_0040,"하... 오늘 보안 교육 듣고 왔는데, 녹취 절차랑 진술 기록 남기는 방법까지 배우느라 정신없었어. 아 진짜? 나도 그런 교육 들으면 머리 복잡해지더라. 그러니까, 설명은 길고 내용은 많고. 그런데 개인정보 정보가 새면 큰일 난다고 계속 하니까 신경이 쓰이더라. 맞아맞아, 특히 메일 첨부나 문서 공유할 때 조심하라고 했지? 응, 그리고 필요하면 녹취를 남기되 승인 절차를 꼭 따라야 한대. 아 그렇구나. 나는 압수 사례 얘기 들었을 때 좀 놀랐어. 그런 상황도 교육에서 다 다뤄? 어, 실제 사례처럼 설명하더라. 와... 회사 생활도 만만치 않네. 그러게 말이야. 그래도 오늘 배운 거 나중에 꼭 써먹어야겠어. 맞아, 결국 정보 관리가 제일 중요하더라.",0,B
normal_B_0041,"아침에 뉴스 보다가 진짜 깜짝 놀랐어, 명의 도용 사건 나왔더라. 어휴, 남 일 같지가 않아서 바로 너한테 말해야겠다 싶었어. 요즘은 이름이랑 생년월일 같은 정보도 함부로 안 줘야겠더라구. 맞아맞아, 나도 그런 거 보면 괜히 무섭더라. 수사 들어갔다고 하던데, 아직 사건이 좀 복잡한가 봐. 응, 그러니까 더 조심해야겠더라고. 문자로 오는 링크도 괜히 누르지 말고, 카드나 통장 정보도 함부로 말하지 말고. 아 그래요? 진짜 그런 걸로도 털리는구나. 그렇다니까, 나도 앞으로는 비밀번호도 자주 바꾸려고. 혹시 모르는 전화 오면 바로 끊고 확인부터 하자, 괜히 당황하면 안 되니까. 아침부터 좀 찝찝했는데 너랑 얘기하니까 덜 무섭네. 그래도 이런 사건은 꼭 알아둬야 돼, 뉴스가 괜히 나오는 게 아니더라.",0,B
normal_B_0042,"아 진짜 아까 아침 뉴스에서 본 거 아직도 생각나. 명의 도용이 그렇게 무섭게 이어질 줄은 몰랐어. 어떤 사람이 자기 것도 아닌 걸로 가입돼서 고생했다더라. 헐, 그럼 본인도 모르게 피해 보는 거야? 응, 맞아. 수사 중이라고 했는데, 사건이 워낙 커서 시간이 좀 걸린대. 아 그럼 일단 본인 정보부터 지켜야겠네. 그러니까, 주민등록번호나 계좌 같은 거는 진짜 조심해야 돼. 나도 요즘 뭐 적는 거 있으면 한 번 더 보게 되더라. 맞아맞아, 괜히 귀찮다고 넘기면 안 되겠더라구. 특히 인증번호 같은 거 남한테 절대 말하면 안 된대. 아, 그건 진짜 기본인데도 자꾸 깜빡하더라. 그러니까 오늘부터라도 습관처럼 조심하자. 응응, 이런 사건 보면 마음이 좀 섬뜩해. 그래도 미리 알아두면 덜 당하겠지. 맞아, 수사 결과도 나중에 꼭 확인해보자.",0,B
normal_B_0043,"아까 모르는 번호로 전화 왔는데, 수사관이라고 하면서 막 이상한 말을 하더라. 그래서 내가 바로 끊었어. 와, 진짜? 무슨 범죄에 연루됐다는 식으로 말했어? 응, 어쩌고저쩌고 조사해야 한다고 하길래 너무 황당했지. 목소리는 되게 그럴듯했는데, 듣다 보니까 이상해서 바로 끊어버렸어. 잘했어 잘했어, 그런 전화는 끝까지 들을 필요도 없어. 나도 순간 얼얼했어. 아니 나는 평범하게 사는데 무슨 연루야, 어이없더라. 그러니까, 그런 식으로 사람 불안하게 만드는 거 진짜 별로야. 혹시 이름이나 생년월일 물어봤어? 응, 물어보긴 하던데 내가 대충 넘기고 끊었지. 아휴 진짜 잘했다. 앞으로는 그런 전화 오면 그냥 기관 대표번호로 다시 확인해. 맞아, 조사하겠다는 말도 믿으면 안 되겠다 싶었어. 괜히 심장만 철렁했네. 휴, 진짜 무서운 세상이야. 그래도 바로 끊어서 다행이다.",0,B
normal_B_0044,"나 아까 이상한 전화 받고 완전 멍했어. 수사관이라면서 내 이름을 알고 있더라? 그래서 혹시라도 범죄에 연루된 거 아니냐고 하길래 진짜 소름 돋았어. 아니 그게 말이 돼? 응, 말투는 되게 진지했는데 내용이 이상했어. 조사해야 한다면서 이것저것 묻길래, 아 이거 아니다 싶어서 끊었지. 잘했어, 그런 건 바로 끊어야 돼. 나도 순간 진짜인 줄 알았는데 생각해보니까 수상했어. 맞아맞아, 요즘 그런 식으로 사람 겁주는 전화 많다더라. 혹시 너도 비슷한 전화 오면 절대 혼자 대응하지 말고, 가족한테 먼저 말해. 응, 바로 알려야겠다. 괜히 확인도 안 하고 말 따라갔으면 큰일 날 뻔했어. 그러니까, 나도 오늘 이후로는 모르는 번호 안 받을 거야. 아휴 진짜 피곤하다. 그래도 무사해서 다행이네.",0,B
normal_B_0045,"어제 다큐 봤는데 불법 대포통장 개설 이야기 나오더라. 처음엔 그냥 은행 관련 얘기인 줄 알았는데, 피해자들 얘기 듣고 너무 무거웠어. 아, 나도 그런 류 다큐 보면 마음이 좀 답답하더라. 응, 진짜 쉽게 돈 벌게 해준다는 말에 속아서 시작했다가 결국 피해자만 남는 구조더라구. 그러니까, 대포통장이라는 게 결국 남의 이름을 악용하는 거잖아. 맞아, 그게 제일 문제였어. 개설 과정도 교묘하게 속여서 하던데, 보는 내내 불안했어. 헐, 그런 건 무조건 불법이지. 응응, 그리고 본인은 별일 아닌 줄 알았는데 나중엔 책임이 다 돌아가더라. 피해자들은 통장도 막히고 생활도 꼬이고, 진짜 안타까웠어. 아휴, 한순간에 인생이 흔들리네. 그러니까 작은 부탁도 함부로 들어주면 안 되겠더라. 맞아, 나도 주변에서 이상한 제안 오면 무조건 의심할 거야. 다큐 보길 잘했다 싶었어.",0,B
normal_B_0046,"그 다큐 봤어? 불법 대포통장 개설 얘기 나온 거. 응, 봤지. 처음에는 좀 지루한가 했는데, 중간부터 완전 집중됐어. 나도. 특히 피해자 인터뷰 나오는데 너무 안쓰럽더라. 자기 이름으로 통장이 만들어진 것도 몰랐대잖아. 맞아, 진짜 황당했을 것 같아. 불법으로 개설하는 사람들 때문에 무고한 사람이 피해자 되는 거니까 더 심각하지. 그러니까, 보는 내내 화가 나더라. 게다가 주변에서 쉽게 돈 준다, 알바처럼 하면 된다 이런 말에 흔들리는 사람도 있다니까 더 무섭고. 아, 그건 진짜 조심해야겠네. 응, 세상에 공짜는 없다는 말이 딱이더라. 나도 앞으로는 이상한 제안 들으면 바로 거절할 거야. 잘했어, 괜히 호기심으로 끼면 안 되지. 피해자들 보니까 마음이 좀 먹먹했어. 맞아, 그런 얘기 들으면 남 일 같지 않더라.",0,B
normal_B_0047,"서울에서 보이스피싱 일당 남성들이 검거됐다는 기사 봤어? 방금 단톡에 누가 올렸는데, 진짜 엄청나더라. 아, 봤어 봤어. 기사에서 현장 사진도 나오고 관련 물건이 발견됐다고 하던데. 응응, 나도 그 부분 봤어. 서울 한복판에서 그렇게 조직적으로 움직였다니까 좀 소름이었어. 맞아, 남성 여러 명이 같이 움직였다고 하니 더 무섭더라. 그러니까, 이런 검거 기사 보면 그나마 다행이다 싶으면서도 또 다른 데서 비슷한 일이 생길까 걱정돼. 맞아맞아, 끝이 없을 것 같아. 단톡방에 올리길 잘했네, 다들 한번쯤 봐야겠어. 응, 특히 요즘 문자나 전화 조심하라는 말 같이 적혀 있더라. 아휴, 서울이면 더 실감 나지. 그래도 바로 검거돼서 다행이야. 그러니까 이런 기사 보면 정신 차리게 된다. 맞아, 나도 기사 링크 저장해뒀어.",0,B
normal_B_0048,"와, 서울에서 보이스피싱 일당 남성들 검거됐다는 거 봤어? 응, 나도 봤어. 단톡에 누가 올려서 바로 읽어봤지. 거기서 증거도 발견됐다고 하던데, 생각보다 규모가 크더라. 맞아, 나도 그거 보고 깜짝 놀랐어. 서울 한가운데서 그런 일이 벌어졌다는 게 좀 무섭지 않냐. 그러니까, 평소엔 멀게 느껴지던 일이 갑자기 현실처럼 느껴지더라. 남성 몇 명이 역할 나눠서 움직였다던데, 참 치밀하더라. 아, 진짜? 대단하다고 해야 하나 무섭다고 해야 하나. 그냥 무섭지, 그게 대단한 건 아니잖아. 맞아맞아. 단톡방에 공유해준 사람 덕분에 다들 조심하게 된 것 같아. 응, 이런 기사 보고 나서 모르는 전화 더 조심해야겠다 싶었어. 검거 소식은 반가운데, 또 비슷한 사람들 나올까 봐 걱정이야. 그래도 발견되고 잡혔으니 다행이지 뭐. 맞아, 조금이라도 빨리 정리됐으면 좋겠다.",0,B
normal_B_0049,"어제 회사 보안 교육 들었는데, 녹취 얘기 계속 나오더라. 진술 같은 거 남길 때도 신중해야 하고, 개인정보는 더더욱 조심하라고. 아 진짜? 나도 그런 교육 들으면 괜히 피곤하더라. 응, 근데 듣고 보니까 필요한 말이긴 했어. 압수 같은 단어도 나오는데, 그러니까 기록이나 자료가 얼마나 중요한지 알겠더라구. 맞아, 정보 하나 잘못 흘리면 골치 아프지. 그래서 교육 끝나고 나서도 계속 머리에 남아있어. 나도 그래. 괜히 녹취본 보관하느라 번거롭고, 뭐 하나 적는 것도 신경 쓰이고. 아 그래도 그게 회사 입장에선 중요하긴 하겠지. 응, 맞아. 진술 내용도 정확해야 하고, 함부로 지우거나 공유하면 안 된다고 하더라. 아휴, 요즘은 신경 쓸 게 왜 이렇게 많냐. 그러니까, 귀찮아도 지켜야지 뭐. 정보 관리 잘하자는 말만 하루 종일 들은 느낌이야. 하하, 그래도 한번쯤은 꼭 필요한 교육이었어.",0,B
normal_B_0050,"보안 교육 끝나고 나니까 머리가 좀 복잡해졌어. 녹취를 왜 그렇게 꼼꼼히 남겨야 하는지, 또 진술은 왜 확인을 여러 번 해야 하는지 계속 얘기하더라. 응, 나도 들었어. 실수 하나가 나중에 문제 될 수 있다면서 압수 같은 사례도 설명해주던데, 좀 무섭더라. 그러니까, 자료나 정보가 그냥 종이 한 장이 아니란 거지. 맞아. 근데 듣고 나면 또 이해는 돼. 회사 정보는 괜히 밖으로 새면 안 되니까. 아, 그건 맞지. 나도 메모할 때 괜히 주변 의식하게 되더라. 녹취 파일도 마음대로 공유하면 안 된다고 하니 더 조심해야겠어. 응응, 맞아. 사실 귀찮긴 한데, 나중에 문제 생기는 것보단 낫지. 그러니까 오늘은 퇴근하고 관련 자료 다시 한번 볼까 해. 오, 성실한데? 하하, 나도 좀 봐야겠다. 진술이니 정보니 이런 말이 계속 머릿속에 맴돌아. 그러게, 한 번 교육 들었다고 끝이 아니더라. 계속 신경 써야지.",0,B
normal_B_0051,"아침에 뉴스 보다가 진짜 깜짝 놀랐어. 어, 무슨 일 있었는데? 명의 도용 사건이 나왔대. 누가 남의 이름이랑 정보로 이것저것 신청해서 피해가 컸다더라. 아 진짜요? 그런 거 너무 무섭다. 응, 수사도 들어갔다고 하더라고. 근데 이런 사건은 금방 해결 안 되나? 글쎄, 자료를 하나하나 확인해야 하니까 시간이 걸리나 봐. 어휴, 남 일 같지가 않네. 그러니까. 요즘은 문자나 전화로 오는 거도 조심해야 하고, 괜히 개인정보 함부로 주면 안 되겠더라. 맞아맞아, 나도 앞으로는 이름이랑 주소 이런 거 더 신경 써야겠다. 응, 특히 명의 관련해서는 정말 조심해야 돼. 괜히 한 번 도용당하면 복잡해진다더라. 아침부터 좀 찝찝하네. 그러게, 그래도 알아두면 도움이 되지. 서로 조심하자.",0,B
normal_B_0052,"엄마, 아까 뉴스에서 본 사건 얘기했잖아, 그 명의 도용. 응, 나도 들었어. 세상에 그런 일이 아직도 있나 싶더라. 그러니까 말이야. 수사 들어갔다는데, 피해자들 진짜 속상하겠더라. 맞아, 자기 이름으로 뭘 했는지도 모른다잖아. 어, 그거 생각보다 큰일이야. 신용이니 뭐니 다 엮이니까. 아휴 무섭다. 나도 괜히 서류 정리할 때 민감한 정보는 따로 보관해야겠어. 응, 그게 좋지. 그리고 모르는 데서 연락 오면 바로 끊고 확인해야 하고. 맞아맞아, 함부로 믿으면 안 돼. 뉴스 보니까 명의만 빼가는 게 아니라 계정까지 건드린다더라. 헉, 그럼 진짜 골치 아프겠다. 응, 그래서 수사도 오래 걸릴 수밖에 없대. 아, 진짜 조심 또 조심해야겠네. 그래야지. 이런 사건은 남 얘기 아니다 싶더라.",0,B
normal_B_0053,"아까 모르는 번호로 전화 왔는데, 하, 진짜 어이없었어. 왜? 무슨 일인데? 갑자기 자기가 수사관이라면서 너 범죄 연루 조사해야 한다고 하더라. 엥? 뭐라고? 완전 이상하잖아. 그러니까, 말투도 너무 뻔했어. 그래서 내가 바로 끊었지. 잘했네! 그런 전화는 애초에 상대하면 안 되지. 응, 처음엔 나도 순간 멍했는데, 자꾸 조사해야 한다고 겁주니까 더 수상하더라. 아, 그런 식으로 사람 불안하게 만드는구나. 맞아. 이름도 이상하고 소속도 대충 말하고, 진짜 수사관 같지도 않았어. 그거 범죄 사기 같은 거 아니야? 그렇지, 나도 그렇게 느꼈어. 괜히 말 길게 했다가 더 말려들까 봐 바로 끊었어. 잘했어 잘했어. 다음엔 번호 확인하고, 필요하면 공식 번호로 다시 걸어봐. 응, 이제는 그런 전화 오면 안 받으려고. 아휴, 아침부터 피곤했겠다. 진짜. 심장 철렁했어. 근데 진짜 수사관이면 그렇게 전화 안 하겠지? 아마 아니지. 그러니까 더 이상했어. 아무튼 조심해야겠다.",0,B
normal_B_0054,"나 어제 다큐 봤는데, 불법 대포통장 개설 관련 내용이었거든. 오, 그런 거 무섭겠다. 응, 처음엔 그냥 사례 소개인 줄 알았는데, 점점 심각해지더라. 어떤 사람이 돈 준다고 해서 통장 만들었다가 피해자가 엄청 생겼대. 아 진짜? 그거 결국 범죄에 이용되는 거지? 맞아. 대포라는 말이 괜히 붙는 게 아니더라. 명의 빌려주면 안 된다고 계속 나오더라구. 그러니까. 어쩌다 그런 데 엮이면 골치 아프겠네. 응, 피해자들은 자기 돈이 묶이고, 설명도 제대로 못 듣고. 어휴, 생각만 해도 답답하다. 다큐가 꽤 현실적이었나 보네. 응, 인터뷰도 나왔는데 다들 되게 속상해하더라. 특히 개설 과정이 너무 쉽다 보니까 더 문제래. 아, 쉽게 넘어가면 안 되는 거구나. 맞아. 나도 보고 나서 절대 남의 부탁으로 계좌 같은 거 안 해주기로 했어. 그게 맞지. 진짜 불법은 한 번 끼면 빠져나오기 힘든 것 같아.",0,B
normal_B_0055,"어제 본 다큐 얘기 좀 할게. 뭐 봤는데? 불법 대포통장 개설 이야기. 와, 제목부터 좀 세다. 응, 근데 생각보다 흔하게 벌어지는 일 같더라. 누가 쉽게 돈 벌 수 있다고 꼬드겨서 계좌를 만들게 하고, 결국 피해자만 남는 구조였어. 아, 그런 식이구나. 진짜 나쁘다. 그러니까. 중간에 나온 사람들 표정이 아직도 기억나. 자기 이름으로 된 통장이 범죄에 쓰였다고 하니까 완전 막막해하더라. 헐, 그럼 복구도 어렵겠네. 응, 시간이 오래 걸린대. 그리고 개설 자체가 단순해 보여도 책임은 엄청 크다고 하더라. 맞아맞아, 괜히 남한테 부탁받아도 하면 안 되겠다. 그치. 다큐 보고 나니까 광고성 문자도 더 조심하게 되더라. 아휴, 세상에 쉬운 게 없네. 응, 특히 피해자 입장 생각하면 더 무섭지. 다음엔 이런 거 또 같이 보자. 좋아, 대신 너무 찝찝한 건 좀 그렇다 하하.",0,B
normal_B_0056,"단톡방 봤어? 서울에서 보이스피싱 일당 남성들 검거됐대. 아, 진짜? 엄청 크게 잡혔나 보다. 응, 기사 보니까 서울 쪽에서 발견해서 바로 붙잡았대. 오, 다행이다. 요즘 그런 기사 보면 괜히 안심돼. 그러니까. 남성들 여러 명이 같이 움직였던 모양이더라. 와, 조직적으로 했나 보네. 응, 기사 댓글도 난리였어. 다들 검거 잘됐다고 하더라. 맞아, 그런 건 빨리 잡혀야지. 서울 한복판에서 그런 일 있었다니까 좀 소름이야. 그러게 말이야. 나는 그냥 스쳐 읽었는데, 생각보다 큰 건이었더라. 아, 그래서 발견 소식이 바로 퍼졌구나. 응. 우리 방에도 조심하자는 말 같이 올렸지. 잘했어. 이런 기사 보면 또 한 번 경각심 생기더라. 맞아맞아, 괜히 낯선 연락 오면 더 조심하게 돼.",0,B
normal_B_0057,"아침에 단톡방 보니까 서울에서 남성들 보이스피싱 일당 검거됐다는 기사 올라왔더라. 오, 나도 봤어. 발견해서 바로 붙잡았다던데? 응, 맞아. 그래서 다들 엄청 놀랐지. 서울이면 사람도 많고 해서 더 숨어다니기 쉬웠을 것 같은데, 결국 검거됐네. 그러니까. 기사 제목만 봐도 좀 시원하더라. 근데 왜 남성이라고 따로 썼을까? 아마 여러 명이 움직였다는 뜻 같던데. 아, 그렇구나. 아무튼 잡혀서 다행이다. 응, 이런 건 빨리 발견되는 게 중요하더라. 맞아. 요즘 기사 보면 이런 일들 진짜 많아 보여. 그러게. 단톡방에서도 다들 조심하자고 난리였어. 잘됐네. 괜히 이런 거 보면 문자나 전화도 한 번 더 확인하게 돼. 응, 나도. 서울 기사였지만 어디든 남 일은 아닌 것 같더라.",0,B
normal_B_0058,"아, 오늘 회사 보안 교육 진짜 길었다. 그러니까 말이야. 녹취를 꼭 남기라는 얘기만 몇 번을 하던지. 맞아, 나도 좀 졸렸어. 근데 듣고 보니 필요한 거 같긴 하더라. 응, 특히 진술 같은 거 헷갈리면 나중에 확인할 수 있으니까. 맞아. 근데 너무 자주 들으니까 좀 압박감 있지 않냐? 아, 맞아. 그리고 정보는 함부로 메모하거나 공유하지 말라고 계속 강조하더라. 그러게, 그건 당연한데 막상 일하다 보면 깜빡할 때 있잖아. 응, 나도 가끔 그럴까 봐 무서워. 혹시 압수 얘기도 했어? 어, 응. 자료 관리 제대로 안 하면 문제가 될 수 있다고. 헉, 진짜 조심해야겠네. 맞아. 교육은 길었는데 내용은 다 필요하긴 했어. 그치. 그래도 한 번씩 들어두면 덜 헷갈리긴 해.",0,B
normal_B_0059,"오늘 교육 받고 나니까 머리가 복잡하다. 왜, 무슨 내용이 그렇게 많았어? 녹취 파일이랑 진술 정리할 때 절대 대충 하면 안 된다고 하더라. 아 그거 중요하지. 응, 그리고 개인정보 같은 정보는 아무 데나 적어두면 안 된대. 맞아. 괜히 메모해놨다가 문제 생기면 곤란하잖아. 그러니까 말이야. 우리 부서가 이런 거 더 신경 써야 하나 봐. 응, 압수 얘기도 나왔어. 자료 보관 방식 잘못되면 나중에 확인할 때 다 꼬일 수 있대. 아, 그럼 더 엄격하겠네. 맞아. 근데 교육자가 계속 같은 말 반복해서 살짝 푸념했지 뭐. 하하 이해는 가는데 듣는 사람은 좀 지치겠다. 응, 그래도 녹취나 정보 관리가 왜 중요한지는 알겠더라. 맞아맞아, 귀찮아도 기본은 지켜야지. 그러게. 나중에 실수하면 더 힘들잖아. 오늘은 진짜 정신없다.",0,B
normal_B_0060,"오늘 보안 교육받고 나니까 머리가 좀 아프다. 왜, 무슨 내용이 그렇게 많았어? 녹취 방법이니 진술 방식이니, 개인정보 보호니 계속 나왔어. 아 그래? 그거 은근 스트레스지. 응, 그리고 정보 유출되면 압수니 뭐니 하면서 절차가 복잡해질 수 있다고 해서 다들 표정 굳었어. 맞아, 그 말 들으면 괜히 위축돼. 그러니까. 사실 나도 평소엔 대충 넘겼는데, 이번엔 좀 무섭더라. 녹취 하나 남기는 것도 괜히 꼼꼼히 해야 하고. 응, 말 한마디가 나중에 문제 될 수 있다고 하니까 조심하게 되더라. 맞아맞아. 근데 너무 겁만 주는 거 아닌가 싶기도 했어. 아 그치만 필요한 얘기이긴 하지. 응, 결국은 우리가 정보 관리 잘하라는 뜻이겠지. 맞아, 귀찮아도 기본은 지켜야겠다. 진짜 그러네. 오늘은 집 가서 아무 생각 말고 쉬어야겠어.",0,B
normal_B_0061,"아침에 뉴스 봤어? 진짜 깜짝 놀랐잖아, 명의 도용 사건이 크게 났다더라. 음, 이름이랑 개인정보만으로도 그렇게 악용될 수 있다니까 너무 무섭더라고. 응? 아 그래요? 나도 봤어, 그 사건 수사 들어갔다던데 아직도 피해가 계속 확인된대. 그러니까, 진짜 조심해야 돼. 택배 문자나 이상한 링크도 함부로 누르면 안 되고, 신분증 사진도 아무 데나 보내면 안 된다니까. 맞아맞아. 나도 오늘부터는 비밀번호도 다시 바꾸고, 중요한 정보는 메모장에라도 따로 정리해두려구. 하긴, 요즘은 진짜 평범한 일상에서 명의 도용이 생길 수 있어서 더 무섭지. 그러게. 뉴스에서 보니까 본인은 아무 잘못도 없는데도 한동안 복잡하게 해결해야 한다더라, 어휴.",0,B
normal_B_0062,"아니 아침 뉴스 보다가 진짜 소름 돋았어. 어떤 사람이 자기 이름으로 뭔가가 생겼는데 본인은 전혀 모르는 사건이라네? 어, 명의가 도용된 거였대. 헉 진짜? 그런 게 실제로 되나? 되더라니까, 그래서 수사도 들어가고 피해자들이 하나둘 나온다더라. 아 그래요? 와, 그럼 엄청 스트레스겠다. 그러니까, 나도 엄마한테 바로 전화해서 조심하라고 했잖아. 주민번호나 인증번호 같은 거 절대 남한테 주면 안 된다고. 맞아맞아, 요즘은 문자 하나도 함부로 보면 안 되더라. 나는 특히 공공 와이파이 쓸 때도 좀 불안해. 음, 나도 그래. 그냥 귀찮아도 보안 설정 해두는 게 낫지. 응, 맞아. 그런 사건은 남 일 같아도 갑자기 내 일이 될 수 있잖아.",0,B
normal_B_0063,"아까 진짜 이상한 전화 왔었거든? 자기가 수사관이라면서 내 이름 말하길래 깜짝 놀랐어. 어, 그래서 뭐래? 아니, 갑자기 범죄에 연루된 것처럼 말하길래 너무 황당해서 바로 끊었지. 진짜요? 와, 완전 수상하다. 그러니까, 나도 처음엔 멍했는데 생각할수록 말이 안 되더라. 수사관이면 그런 식으로 전화 안 하겠지. 맞아맞아. 나도 그런 전화 받으면 바로 공식 번호로 다시 확인할 것 같아. 응, 맞지. 괜히 겁먹고 따라가면 안 되니까. 근데 아직도 좀 찝찝해, 내 번호 어디서 알았는지. 아 그래요? 그러면 스팸 차단도 하고, 가족한테도 이런 전화 왔다고 말해둬. 오케이, 조심할게. 괜히 조사한다, 연루됐다 이런 말 들으니까 심장이 덜컥하더라.",0,B
normal_B_0064,"와 방금 전화 끊고 손이 좀 떨렸어. 어떤 사람이 수사관이라고 하면서 내 이름이 범죄랑 엮였다느니, 조사해야 한다느니 그러는 거야. 어머, 진짜? 그거 완전 이상하다. 응, 나도 이상해서 바로 끊었어. 수사관이면 그런 식으로 안 하잖아, 맞지? 맞아맞아. 그런 전화는 거의 다 사칭이더라. 괜히 연루된 것처럼 말해서 사람 놀라게 하는 거잖아. 그러니까, 나도 처음엔 심장이 쿵 했는데 생각해보면 말이 안 돼. 아 그래요? 잘 끊었네. 혹시 나중에 다시 오면 기록 남기고 공식 창구로 확인해. 응응, 그럴게. 아휴, 괜히 기분 나쁘다. 오늘 하루 시작부터 이래서 좀 찝찝하네.",0,B
normal_B_0065,"어제 본 다큐멘터리 생각나서 계속 찜찜해. 불법 대포통장 개설이 그렇게 많다니 좀 충격이었어. 아, 나도 봤어. 진짜 쉽게 돈 벌 수 있는 줄 알고 했다가 결국 피해자만 생기더라. 맞아맞아, 그게 더 무섭지. 명의 빌려준 사람도 나중에 큰일 나고, 진짜 당한 피해자는 따로 있고. 그러니까, 다큐 보는데 괜히 남 일 같지가 않더라. 응, 특히 학생들이나 취업 준비하는 사람들 노리고 접근한다는 얘기 나오니까 더 소름이었어. 아 그래요? 나도 그 부분에서 화나더라. 개설 자체가 불법인 줄 몰랐다는 핑계도 안 통하지. 맞아, 모르고 해도 피해가 커지니까. 결국 조심하는 수밖에 없다는 생각 들었어. 그래도 그런 거 다룬 다큐 보니까 경각심은 확실히 생기더라.",0,B
normal_B_0066,"그 다큐 진짜 무서웠어. 대포통장 개설이 왜 그렇게 쉽게 유혹하는지 알 것 같아서 더 찝찝하더라. 어, 나도 보면서 계속 고개 저었잖아. 불법인 거 뻔한데도 소개받고 넘어가는 사람들 있대서 너무 답답했어. 그러니까, 결국 피해자도 생기고 말이야. 응, 피해자 입장에서는 자기 명의가 엮였다는 것만으로도 엄청 복잡하잖아. 맞아맞아. 나였으면 며칠은 잠도 못 잘 듯. 아 그래요? 나도 그래. 그리고 개설 과정에서 정상적인 일처럼 꾸며서 접근한다는 게 제일 악질이더라. 음, 맞아. 그런 얘기 들으니까 모르는 제안은 무조건 의심해야겠다 싶었어. 그래도 다큐로라도 보니까 많이 배웠네. 응, 적어도 이런 건 가볍게 넘기면 안 되겠더라.",0,B
normal_B_0067,"방금 단톡방 봤어? 서울에서 보이스피싱 일당 남성들이 검거됐다는 기사 올라왔더라. 어, 나도 봤어! 아침부터 이런 기사 보니까 좀 통쾌하더라. 맞아맞아, 오랫동안 피해 준 사람들 잡혔다니까 다행이지. 서울 쪽에서 계속 있었다고 하던데 드디어 발견됐대. 그러니까, 이런 거 볼 때마다 경찰이 정말 고생 많구나 싶어. 응, 그리고 단톡방에 다들 반응 엄청 빠르더라. 진짜요? 나도 댓글보다가 괜히 긴장됐어. 남성 일당이라고 하니까 수법도 꽤 조직적이었나 봐. 아 그래요? 그럴수록 더 빨리 검거돼야지. 맞아. 이런 기사 보면 주변에도 꼭 공유하게 돼. 조심하자는 의미로 말이야.",0,B
normal_B_0068,"기사 봤지? 서울에서 남성 일당이 검거됐대. 단톡방에 누가 올렸길래 바로 읽었는데, 아 진짜 놀랐어. 어, 나도 봤어 봤어. 드디어 발견된 거라니 다행이다 싶더라. 맞아맞아, 이런 기사 뜨면 괜히 마음이 놓이더라. 근데 한편으론 그런 일이 서울 한복판에서도 계속 있었다는 게 무섭지. 그러니까, 우리도 조심해야겠더라. 응, 특히 모르는 전화나 문자에는 더 예민하게 반응해야겠다 싶었어. 아 그래요? 맞아, 검거 소식 들으면 속 시원한데 또 비슷한 일 생길까 봐 걱정도 되지. 그래도 이번엔 빨리 잡혀서 다행이야. 응, 진짜 다행이야. 단톡방 분위기도 다들 한마디씩 하더라, 역시 다들 비슷한 생각인가 봐.",0,B
normal_B_0069,"아 오늘 회사에서 녹취 관련 교육 듣는데 너무 길더라. 음, 내용은 중요한데 너무 딱딱해서 졸 뻔했어. 맞아, 나도 그랬어. 근데 진술 같은 거 남길 때는 녹취가 꽤 중요하다고 하더라. 그렇긴 하지, 나중에 확인할 수 있으니까. 응, 그리고 개인정보 같은 정보는 절대 아무 데나 두면 안 된다고 계속 강조하던데. 그러니까, 듣다 보니 괜히 더 신경 쓰이더라. 아 그래요? 나도 교육 끝나고 메모 다시 봤잖아. 압수나 조사 같은 단어도 나와서 좀 무섭긴 했는데, 사실은 안전하게 관리하라는 뜻이더라고. 맞아맞아, 괜히 대충 넘길 내용은 아니더라. 그래도 일하면서 이런 교육 자주 받는 게 나쁜 건 아닌 것 같아. 응, 귀찮아도 알아두면 확실히 도움 되지.",0,B
normal_B_0070,"하아, 오늘 보안 교육 진짜 길었지? 녹취 방법 설명하는데 내가 계속 메모했어. 어, 나도. 진술 기록 남길 때는 흐름대로 정확히 적어야 한다고 하더라. 맞아, 그리고 개인정보 정보는 공유 범위 잘 따져야 한다고. 그러니까, 그 말 들으니까 평소에 내가 너무 대충 다뤘나 싶었어. 아 그래요? 나도 좀 찔리더라. 특히 메일로 보내는 파일도 조심해야 한다고 해서. 응, 맞아. 압수 같은 상황은 드물어도, 대비는 해둬야 한다고 했잖아. 진짜요? 듣고 보니 다 중요한 얘기네. 하긴, 회사 일이니까 그런 기본이 더 중요하겠지. 그래도 교육 끝나니까 좀 머리가 띵하더라. 음, 커피라도 한 잔 해야겠다.",0,B
normal_B_0071,"아침 뉴스 봤어? 진짜 깜짝 놀랐잖아, 음... 명의 도용 사건이 크게 났다더라. 그냥 카드 한두 개 문제인 줄 알았는데 아니더라고, 여러 사람 정보가 엮여서 수사까지 들어갔다나 봐. 아 그래요? 그런 거 진짜 무섭다. 응, 나도 그래서 아까 엄마한테 바로 전화했잖아. 주민등록번호 같은 거 아무 데나 적지 말라고, 택배 문자나 병원 문자도 함부로 누르지 말라고. 맞아맞아, 요즘은 진짜 조심해야 해. 그러니까, 괜히 하나 방심했다가 내 명의가 남한테 도용되면 얼마나 골치 아프겠어. 맞아, 사건도 사건인데 수사 끝나기 전까지는 더 신경 쓰이더라. 나중에 우리도 비슷한 문자 오면 꼭 확인하고, 모르는 링크는 누르지 말자. 응응, 완전 동의. 나 오늘은 카드 내역도 한번 더 볼 생각이야.",0,B
normal_B_0072,"아, 나 아침에 뉴스 보다가 속이 다 철렁했어. 어떤 명의 도용 사건 얘기 나오는데, 피해자들이 본인도 모르게 대출 비슷한 거까지 엮였대. 진짜요? 와... 그런 건 상상도 못 하겠네. 그러니까, 그래서 수사 들어갔다고 하더라. 근데 그게 남 일 같지 않아서 말이야. 나도 예전에 개인정보 입력할 때 대충 넘긴 적 있거든? 이제는 절대 그러면 안 될 것 같아. 맞아맞아, 특히 이름이나 명의 관련된 건 한 번 새면 끝이더라. 응, 그리고 뉴스에서 보니까 도용된 정보가 여러 군데로 퍼져서 찾는 데도 오래 걸린대. 아휴, 듣기만 해도 답답하다. 그러니까 우리 서로 조심하자, 이상한 앱이나 설문 같은 것도 함부로 하지 말고. 응, 나중에 엄마한테도 알려드려야겠다.",0,B
normal_B_0073,"아까 전화받았는데 갑자기 어떤 사람이 자기를 수사관이라고 하더라? 와... 나 진짜 멍해졌잖아. 뭐래? 응, 내가 범죄에 연루된 것처럼 말하면서 조사해야 한다고 막 그러는 거야. 아 그래요? 너무 이상한데? 그렇지? 처음엔 말투가 너무 그럴듯해서 잠깐 속을 뻔했어. 근데 생각해 보니까 내 이름도 제대로 모르고, 질문도 되게 이상해서 바로 끊었지. 잘했어, 그런 건 절대 응하면 안 돼. 그러니까, 괜히 따라가면 안 되잖아. 수사관이라면서 개인정보 묻고 이리저리 말 바꾸는 거 있잖아, 그거 완전 수상해. 맞아맞아, 나도 예전에 비슷한 전화 받아서 바로 가족한테 확인했었어. 진짜 무섭더라. 응, 나도 좀 황당해서 한동안 심장 뛰었어. 다음엔 번호부터 검색해 보고, 이상하면 안 받으려고. 그게 맞지. 범죄랑 연루됐다는 식으로 말하면 대부분 의심부터 해야 돼.",0,B
normal_B_0074,"진짜 웃긴 게 아니라 무서웠어. 방금 어떤 사람이 수사관이라면서 전화했거든? 범죄 조사 중인데 내 이름이 어쩌고 하면서 말이야. 엥? 완전 이상하다. 그러니까, 나도 처음엔 진짜인가 했는데 말이 안 맞더라. 그래서 네가 바로 끊었어? 응, 더 듣다간 이상해질 것 같아서 끊었지. 아휴 잘했네. 그런 전화는 진짜 조심해야 돼. 맞아, 나한테 연루됐다는 식으로 겁주더라고. 근데 목소리도 너무 급하고, 질문도 정해진 대본 읽는 느낌이었어. 아 그래? 그럼 더 수상하네. 응응, 그래서 나 지금 약간 손도 떨려. 하, 이런 거 처음 받아봐서 진짜 황당하다. 그래도 잘 처리했네. 다음엔 전화 와도 바로 조사 응하지 말고, 공식 번호 확인부터 해.",0,B
normal_B_0075,"어제 다큐 봤는데, 불법 대포통장 개설 얘기가 나오더라. 아 진짜? 그거 요즘 많이 문제라던데. 응, 보는데 좀 답답했어. 피해자들이 자기 이름도 모르는 계좌 때문에 고생하더라고. 와... 진짜 심각하다. 그러니까, 누가 쉽게 돈 벌 수 있다고 꼬셔서 개설하게 만들고, 나중엔 책임을 피해자한테 돌리는 식이더라. 아휴, 완전 나쁘다. 맞아맞아. 나중에 그 사람들 인터뷰도 나오는데 표정이 너무 지쳐 보여서 더 마음이 안 좋았어. 응, 불법이라는 말이 괜히 붙는 게 아니더라. 대포통장 하나 때문에 인생이 꼬일 수 있다는 게 참... 그러게. 앞으로는 계좌 만들어 달라거나, 카드 빌려 달라거나 하면 무조건 안 해야겠다. 맞아, 그런 건 싹 거절해야지. 나도 다큐 보고 나서 더 조심하게 됐어.",0,B
normal_B_0076,"나 어젯밤에 다큐 하나 봤는데, 불법 대포통장 개설이 왜 그렇게 위험한지 알겠더라. 아, 그거 봤구나. 응, 처음엔 그냥 범죄 얘기겠거니 했는데 피해자들 얘기 나오니까 마음이 무거웠어. 피해자들이 본인도 모르게 엮여서 은행 가서 설명하고, 해명하고, 시간 다 쓰고... 진짜 고생 많더라. 그러니까, 그런 거 보면 쉽게 돈 준다 해도 절대 하면 안 되겠더라. 맞아맞아, 개설 자체를 대신해 준다 이런 말도 다 수상해. 응, 다큐에서 나온 사람도 처음엔 별일 아니라고 생각했다가 나중에 불법이란 걸 알고 후회하더라고. 아휴, 세상에 쉬운 건 없지. 맞지. 나도 이제 주변에서 통장 빌려달라 하면 바로 끊을 거야. 그게 제일 안전하더라.",0,B
normal_B_0077,"야, 단톡방에 방금 기사 봤어? 서울에서 대규모 보이스피싱 일당 남성들이 검거됐대! 아 진짜? 오, 드디어 잡혔네. 응, 기사 보는데 발견된 장소도 나오고, 생각보다 조직이 컸더라. 와... 서울 한복판에서 그런 일이 있었구나. 그러니까, 나도 보고 좀 놀랐어. 남성 여러 명이 한꺼번에 검거됐다고 하니까 더 실감 나더라. 맞아맞아, 요즘 기사 보면 숫자도 많고 수법도 복잡해서 무섭던데. 응, 근데 일단 잡혔다니까 다행이긴 해. 주변에 또 비슷한 일 생기면 기사 링크 바로 공유하자. 그래, 이런 건 빨리 알려야 돼. 서울이라서 더 남 일 같지 않더라.",0,B
normal_B_0078,"방금 단톡에 기사 올렸는데 봤어? 서울에서 보이스피싱 일당 남성들이 검거됐다는 내용이야. 아, 봤어 봤어. 제목만 봐도 속이 시원하더라. 맞아, 나도 처음에 발견됐다는 부분 보고 바로 눌러봤어. 그러니까, 현장에서 여러 명이 한꺼번에 잡혔다고 하더라? 응, 꽤 규모가 컸던 모양이야. 서울에서 그런 일이 자꾸 나오니까 불안하긴 한데, 그래도 검거됐으니 다행이지. 맞아맞아. 이런 기사 보면 괜히 주변 사람들한테도 조심하라고 더 말하게 돼. 나도 그래. 특히 이상한 전화나 문자 오면 바로 확인하라고. 응, 그리고 남성들 수법이 되게 교묘했다던데, 기사 읽고 나니 더 소름 돋았어. 아휴, 진짜 무섭다. 그래도 잡혔다니 한시름 놓인다.",0,B
normal_B_0079,"오늘 회사 보안 교육 진짜 길었지? 녹취 방법이니 진술 정리니, 머리 아파 죽는 줄 알았어. 아 진짜, 나도 듣다가 멍해졌어. 그러니까, 요약하면 뭘 남기고 뭘 안 남길지 헷갈리더라. 맞아, 녹취도 함부로 하면 안 된다고 계속 말하던데. 응, 개인정보는 더더욱 그렇고. 근데 설명은 길고 예시는 많아서 괜히 압수 같은 단어만 머리에 남았어. 아 그래? 하긴 그런 단어만 쏙쏙 들어오지. 진술도 정확해야 한다고 하니까 괜히 말 한마디도 조심하게 되더라. 맞아맞아, 근데 현장에서는 그게 쉽냐고. 그러니까, 나도 중간에 한숨 나왔어. 그래도 정보 보호는 중요하니까 알아두긴 해야지. 응, 근데 교육이 너무 딱딱해서 좀 졸렸어.",0,B
normal_B_0080,"아 진짜 오늘 보안 교육에서 들은 거 아직도 귀에 맴돈다. 녹취할 때는 꼭 목적이랑 동의를 확인하라는데, 말은 쉽지 막상 하면 복잡하잖아. 맞아, 그리고 진술 내용도 정확히 남겨야 한다고 했지. 응, 괜히 애매하게 적었다가 나중에 문제 되면 곤란하니까. 그러니까, 개인정보나 정보 관리가 그렇게 중요하다는데 솔직히 실무자는 매번 정신없지. 아휴, 인정. 압수 같은 절차 얘기까지 나오니까 더 부담되더라. 맞아맞아, 듣는 내내 '이거 다 외워야 하나' 싶었어. 근데 또 안 들으면 안 되는 내용이라 참... 응, 맞아. 다음엔 자료라도 정리해서 서로 공유하자. 그래, 오늘 교육은 좀 푸념할 만했어.",0,B
normal_B_0081,"아침에 뉴스 봤는데 아 진짜 깜짝 놀랐잖아. 명의 도용 사건이 또 났다더라, 그것도 평범한 사람이 당한 거라 더 무섭더라고. 어? 무슨 일인데 그렇게 심각해? 응, 누가 개인정보를 빼가서 계좌랑 휴대폰까지 엮였대. 지금 수사 중이라던데, 피해 규모도 꽤 큰가 봐. 와… 그럼 진짜 조심해야겠다. 맞아, 나도 그래서 집에 가면 서류 같은 거 함부로 안 버리려고. 이름이랑 주민번호 적힌 건 그냥 찢어서 버려야겠다 싶었어. 그러니까, 택배 상자도 주소 보이게 버리면 안 되겠더라. 아 그래요? 나도 그런 거 대충 버렸는데 이제부터 신경 써야겠다. 응, 특히 명의 도용은 한 번 당하면 되찾는 데 시간 오래 걸린다니까, 우리 둘 다 조심하자.",0,B
normal_B_0082,"아침 뉴스에서 본 사건 말인데, 진짜 남 일 같지가 않더라. 명의 도용 얘기 나오는데 내가 괜히 소름 돋았어. 오 진짜? 어떻게 그런 일이 생겼대? 음, 어떤 사람이 온라인에서 정보를 빼내서 남의 이름으로 이것저것 신청했다나 봐. 수사 들어갔다고 하던데, 피해자 분은 얼마나 답답하겠어. 맞아맞아, 그런 거 생각하면 내 정보도 괜히 걱정된다. 그래서 난 요즘 문자 오면 링크도 안 누르고, 비슷한 화면 떠도 일단 검색부터 해. 그거 잘했네. 나도 예전엔 뭐든 그냥 눌렀거든. 아, 그리고 신분증 사진도 함부로 보내면 안 된다더라. 그렇지, 명의 도용은 진짜 조심해야 해. 별거 아닌 거 같아도 한 번 털리면 복잡해지니까.",0,B
normal_B_0083,"아까 진짜 황당한 전화 받았어. 모르는 번호로 왔는데 자기 수사관이라고 하더니, 나한테 범죄에 연루된 것처럼 말하더라. 뭐? 수사관이라고 했어? 응, 순간 멍했지. 아니 난 아무것도 한 게 없는데 조사 받아야 한다는 식으로 계속 몰아가길래 바로 끊었어. 헐, 완전 수상하다. 맞아, 목소리는 되게 그럴듯했는데 질문이 이상했어. 이름이랑 주소를 자꾸 물어보더라고. 와 그건 진짜 조심해야겠다. 그래서 내가 중간에 아, 이거 이상하다 하고 끊었지. 잘했네. 괜히 따라갔으면 더 피곤했겠다. 그러니까, 나도 순간 ‘내가 뭘 잘못했나?’ 싶었는데 생각해 보니까 말이 안 되더라. 앞으로 그런 전화 오면 무조건 끊으려고. 그래, 수사관이라고 해도 전화로 겁주면 일단 의심해야지.",0,B
normal_B_0084,"아까 수사관이라고 하면서 전화 온 거 있잖아, 진짜 너무 웃겼어 아니 너무 무서웠어. 막 내가 범죄에 연루됐다고 조사해야 한다고 하더라? 에이, 그건 완전 사기 느낌인데. 응, 나도 그렇게 생각했지. 근데 말투가 너무 당당해서 잠깐 흔들렸어. 그러다가 내가 주민번호 말해 달라 하니까 오히려 화내더라. 와, 그거 완전 이상하다. 그래서 바로 끊었어. 잘했어 잘했어. 그런 전화는 길게 들을수록 더 헷갈리잖아. 맞아, 나도 한참 후에야 정신 차렸어. 어휴, 진짜 심장이 벌렁벌렁했네. 그러니까, 괜히 겁주면서 조사니 수사관이니 하는 말 나오면 의심부터 해야겠다. 그래, 모르는 번호는 일단 조심. 나중에 웃으면서 말하긴 하는데 그때는 진짜 식은땀 났어.",0,B
normal_B_0085,"어제 다큐 봤는데 불법 대포통장 개설 얘기가 나오더라. 와, 생각보다 구조가 복잡해서 놀랐어. 진짜? 어떤 내용이었는데? 음, 누가 돈 벌기 쉽다고 속여서 계좌를 빌리게 하고, 그걸로 피해가 커지는 과정이 나오더라. 결국 피해자만 엄청 힘들어지는 거지. 아 진짜 너무하다. 맞아, 나도 보면서 ‘아 이건 절대 가까이 가면 안 되겠다’ 싶었어. 특히 개설 같은 말이 자연스럽게 들리게 만들어서 더 위험해 보이더라. 그러니까, 처음엔 별일 아닌 줄 알다가도 나중에 큰일 나겠네. 응, 방송에서도 피해자들 얘기 나오는데 너무 안타깝더라. 괜히 호기심으로라도 엮이면 안 되겠더라. 맞아맞아, 세상에 공짜는 없다더니 그런 데는 더 심하네.",0,B
normal_B_0086,"나 어제 그 다큐 끝까지 봤거든? 불법 대포통장 개설 관련 내용이었는데, 진짜 찝찝하더라. 아, 그거 나도 봤어. 피해자들 얘기 나오는데 마음이 무겁던데. 응, 처음엔 아르바이트인 줄 알고 시작했다가 나중에 돌이킬 수 없게 되는 경우도 있대. 와, 그런 식으로 속이면 너무 못됐다. 그러니까, 괜히 쉽게 돈 된다고 하면 의심해야겠더라. 맞아. 나도 보면서 ‘이건 진짜 하면 안 되는 거구나’ 싶었어. 개설이라는 말 자체는 평범한데, 불법이랑 붙으니까 완전 위험해 보이더라. 어휴, 맞네. 피해자 입장에서는 억울하고 복잡하겠다. 응, 그래서 그런 다큐 볼 때마다 더 조심하게 돼. 나도 혹시 주변에 그런 얘기 나오면 바로 말릴 거야.",0,B
normal_B_0087,"야, 서울에서 보이스피싱 일당 검거됐다는 기사 봤어? 남성 몇 명이 한꺼번에 잡혔다더라. 어, 나도 봤어! 진짜 시원하더라. 서울 한복판에서 그렇게 오래 활동했다니 놀랐어. 맞아, 기사에선 경찰이 현장에서 발견해서 바로 검거했다고 하던데? 그러니까, 생각보다 빨리 잡혔네. 응, 댓글도 난리였어. 다들 ‘이제 좀 속 시원하다’ 이런 반응이더라. 나도 단톡방에 바로 공유했잖아. 아 맞다, 네가 올린 거 봤어. 남성들 사진은 안 나왔지만 기사만 봐도 좀 섬뜩하더라. 그러게, 서울이라 더 체감됐어. 우리 부모님도 이런 기사 보면 조심해야겠어. 맞아, 괜히 낯선 전화 오면 의심하라고 꼭 말씀드려야겠다.",0,B
normal_B_0088,"서울에서 검거 소식 난 거 있지? 나 단톡방 보고 바로 클릭했잖아. 아, 그 남성 일당 이야기? 응응, 기사 보니까 발견도 누가 신고해서 됐다더라. 오, 역시 신고가 중요하네. 맞아, 서울에서 그런 일이 터지면 더 주목받는 것 같아. 그러니까, 사람들 반응도 빠르더라. 나도 읽으면서 ‘아, 이런 건 빨리 잡혀야 한다’ 싶었어. 남성 여러 명이 같이 움직였다길래 더 놀랐고. 진짜? 와, 단순한 사건이 아니었네. 응, 그래서 기사 읽자마자 너 생각나서 바로 보냈지. 잘했어. 이런 소식은 공유해 두면 다들 조심하니까. 맞아, 괜히 한 번 더 경각심 생기더라. 서울에서 발견, 검거 이런 단어 보니 더 실감 났어.",0,B
normal_B_0089,"아 진짜 오늘 회사 보안 교육 너무 길었어. 녹취 어떻게 해야 하는지부터 진술 받는 방식까지 계속 듣는데 졸려 죽는 줄 알았다. 하, 그거 맞아. 내용은 중요한데 말이 너무 딱딱하지. 맞아, 그리고 개인정보도 함부로 말하지 말라고 하니까 괜히 더 신경 쓰이더라. 응, 그래서 내가 메모하려다 말았잖아. 압수 같은 단어도 나오던데 솔직히 무섭긴 무섭더라. 맞아, 근데 그게 다 정보 보호하려는 거라잖아. 알지, 알긴 아는데 듣다 보면 머리가 아파. 그러니까, 녹취도 괜히 오래 보관하면 안 되고 절차대로 해야 한대. 아 그래? 몰랐네. 진짜 회사에서 이런 거까지 챙겨야 하니 피곤하다. 그래도 정보 새면 더 큰일이니까 어쩔 수 없지.",0,B
normal_B_0090,"오늘 보안 교육 받은 거 있잖아, 나 아직도 녹취 부분이 헷갈려. 아, 그 진술할 때 조심해야 한다는 거? 응. 뭘 말해도 다 기록된다고 하니까 괜히 말문이 막히더라. 그러니까, 괜히 쓸데없는 정보까지 말하면 안 된대. 맞아, 그리고 압수 같은 상황이 생길 수 있으니까 자료 정리도 잘해야 한다고. 회사 입장에선 당연한 건데 듣는 우리는 좀 숨 막히지. 하하, 맞아. 그래도 정보 관리 안 하면 책임 커지니까 어쩔 수 없나 봐. 응, 나도 이제는 메일 제목도 함부로 안 쓰려고. 오, 그 정도로 신경 쓰는구나. 그러게, 교육 들을 때는 좀 답답했는데 생각해 보니 필요한 얘기였어. 맞아, 귀찮아도 지켜야지 뭐.",0,B
normal_B_0091,"아침에 뉴스 봤는데 진짜 깜짝 놀랐어. 어떤 사람이 남의 명의를 도용해서 여러 군데서 문제를 일으켰다더라. 어휴, 이런 사건은 진짜 남 일 같지가 않더라. 수사도 시작됐다던데, 피해가 생각보다 크대. 맞아맞아, 그래서 요즘은 전화나 문자로 이상한 거 오면 무조건 다시 확인해야겠더라. 나도 순간 흘려들었는데, 자세히 보니까 이름이랑 주민번호 같은 정보가 조금만 새어도 위험하겠더라고. 그러니까 진짜 조심해야 돼. 특히 개인정보는 함부로 알려주면 안 되겠더라. 아, 그리고 비슷한 문구로 연락 와도 바로 믿지 말고 공식 창구로 확인하래. 응응, 나도 부모님한테도 꼭 말씀드리려고. 진짜 이런 도용 사건은 한 번 휘말리면 골치 아프니까.",0,B
normal_B_0092,"아침 뉴스에서 봤는데 말이야, 명의 도용 사건이 크게 났대. 누가 남의 이름으로 뭔가를 몰래 해버려서 수사까지 들어갔다고 하더라. 아 진짜요? 그런 사건 보면 너무 무섭지 않냐. 맞아, 나도 보면서 소름 돋았어. 특히 자기랑 상관없는 줄 알았는데, 어느 순간 내 정보도 새는 거 아니야 싶더라. 그래서 내가 너한테 바로 말한 거야. 요즘은 로그인 정보도 그렇고, 휴대폰 인증도 막 넘기면 안 될 것 같아. 응, 맞아. 나도 귀찮아도 비밀번호 자주 바꾸고, 이상한 링크는 절대 안 누르려고. 하긴, 그런 도용은 한 번 당하면 회복하는 데도 오래 걸리겠다. 그러니까 미리미리 조심하는 수밖에 없지.",0,B
normal_B_0093,"아까 모르는 번호로 전화가 왔는데, 자기가 수사관이라면서 이것저것 묻는 거야. 아 진짜? 나 바로 끊었어. 처음엔 나도 어, 뭐지 했는데 말투가 너무 이상하더라. 범죄 연루됐을 수 있다면서 조사해야 한다고 막 그러는데, 듣고 있기가 싫었어. 아이고, 진짜 이상했겠다. 나도 순간 멍했는데, 생각해 보니까 그런 건 전화로 막 얘기할 일이 아니잖아. 맞아맞아. 그래서 내가 이름 묻고 소속 묻다가, 애매하게 답해서 바로 끊었지. 잘했어, 그런 건 상대해 봐야 좋을 거 없더라. 나중에 혹시 비슷한 전화 오면 절대 개인정보 주지 말고, 공식 번호로 다시 확인해. 응, 나도 그렇게 하려고. 괜히 조사니 뭐니 하면서 사람 불안하게 만드는 게 제일 짜증나.",0,B
normal_B_0094,"야, 나 방금 진짜 황당한 전화 받았어. 어떤 사람이 수사관이라고 하면서 내가 뭔가 범죄에 연루된 것처럼 말하더라. 어? 진짜? 그래서 어떻게 했어? 처음엔 어버버했는데, 말이 너무 급하고 이상해서 바로 끊었지. 조사해야 한다고 계속 그러는데, 생각해 보니까 말이 안 되더라고. 아 진짜 무섭다. 나도 예전에 비슷한 전화 받아 본 적 있는데, 듣다 보면 괜히 겁나잖아. 그러니까. 근데 끊고 나니까 웃기기도 하고 화도 나고, 참. 맞아, 그런 식으로 사람 흔들려는 거 진짜 별로야. 앞으로는 모르는 번호면 일단 조심해야겠다. 응, 그리고 이상하면 혼자 고민하지 말고 주변에 바로 말하는 게 낫더라. 나도 네가 생각나서 바로 전화한 거야.",0,B
normal_B_0095,"어제 다큐멘터리 봤는데, 불법 대포통장 개설 이야기가 나오더라. 이야, 그런 건 진짜 보면 안 되겠다고 생각했어. 나도 봤어. 괜히 돈 쉽게 벌려다 피해자만 엄청 생기더라. 맞아, 거기 나온 사람들 표정이 너무 안 좋았어. 피해자들은 자기 이름으로 통장이 만들어진 것도 모르고 있다가 나중에 알게 된다잖아. 아이고, 그건 너무 억울하겠다. 그러니까 아예 처음부터 그런 제안은 무시해야겠더라. 응, 특히 알바처럼 속여서 접근하는 경우도 있다니까 더 조심해야 돼. 나도 보면서 속는 사람이 왜 속지 했는데, 막상 상황 오면 헷갈릴 수도 있겠더라고. 맞아맞아. 그래서 일상에서 통장이나 인증 정보는 함부로 넘기면 안 된다는 걸 다시 느꼈어. 진짜 경각심 생기더라.",0,B
normal_B_0096,"그 다큐 봤냐? 불법 대포통장 개설하는 얘기 나왔던 거. 응 봤지, 꽤 충격적이더라. 난 특히 피해자들 얘기 들으니까 좀 답답했어. 자기랑 상관없는 일인데도 이름이 엮여서 고생하잖아. 아 그렇지, 그게 제일 무섭더라. 그리고 주변에서 쉽게 돈 벌 수 있다면서 개설 도와달라는 식으로 접근하면 진짜 조심해야겠더라. 맞아, 세상에 공짜는 없지 뭐. 나도 중간에 좀 졸렸는데도 그 부분은 확 들었어. 불법으로 통장 여러 개 만들어 쓰는 게 결국 누군가한테 큰 피해가 되는 거니까. 그러니까, 본인 이름이랑 계좌 정보는 더더욱 관리 잘해야겠다 싶었어. 응, 나중에 가족들한테도 꼭 말해 줘야지.",0,B
normal_B_0097,"야, 단톡방 봤어? 서울에서 대규모 보이스피싱 일당 남성들이 검거됐다는 기사 올라왔더라. 어 진짜? 서울에서 그런 일이 또 있었어? 응, 기사 보니까 경찰이 오래 추적하다가 발견해서 잡았다더라. 아휴 다행이다. 근데 규모가 꽤 컸나 봐? 엄청 컸대. 그래서 내가 바로 단톡에 공유했지, 다들 조심하라고. 잘했네. 이런 거 보면 진짜 주변에서도 방심하면 안 되겠더라. 맞아, 특히 요즘은 문자나 전화도 헷갈리니까. 서울에서 잡혔다고 끝이 아니라, 비슷한 수법이 또 나올 수 있으니까 말이야. 그러니까 서로 정보 공유해 주는 게 중요한 것 같아. 응응, 나도 어머니한테 바로 보내 드렸어. 이런 기사 볼 때마다 괜히 마음이 철렁해.",0,B
normal_B_0098,"아침에 기사 봤는데 서울에서 보이스피싱 일당으로 보이는 남성들이 검거됐대. 오, 진짜? 어떻게 발견된 거야? 글쎄, 수사하다가 여러 단서가 모여서 결국 잡았다고 하더라. 아 진짜 다행이다. 근데 이런 사건은 늘 사람들 마음 불안하게 만들지. 맞아, 그래서 내가 단톡방에 바로 올렸어. 너도 봤으면 좋겠어서. 응, 잘했어. 요즘은 누가 뭐라 해도 바로 믿지 말고 다시 확인하는 게 답이더라. 맞아맞아. 특히 서울 쪽 기사라고 해서 남의 일이 아니고, 어디서든 비슷하게 벌어질 수 있으니까. 그러니까 다들 조심하자고 같이 얘기해 두는 게 좋지. 나도 읽고 나서 번호 확인 습관 더 들여야겠다고 느꼈어. 하, 진짜 귀찮아도 그게 제일 안전하겠네.",0,B
normal_B_0099,"오늘 회사 보안 교육 진짜 길었다. 녹취 어떻게 남기는지부터 진술 정리하는 법까지 설명하는데 머리가 아프더라. 아, 그거 나도 들었어. 괜히 압수 얘기까지 나오니까 더 겁나던데? 맞아, 사실 그런 상황이 자주 있는 건 아닌데도 설명이 너무 자세해서 피곤했어. 그리고 개인정보 정보는 최소한만 써야 한다고 계속 강조하더라. 응, 맞지. 근데 현업에서는 급할 때 그걸 다 지키기가 쉽지 않잖아. 그래서 더 답답해. 그러니까. 교육만 들으면 다 알 것 같은데 막상 실무에서는 또 헷갈리고, 녹취도 어디까지 보관하는지 기억이 잘 안 나. 아 진짜? 나도 비슷해. 그래도 오늘 들은 김에 메모는 해 뒀어. 진술 내용은 함부로 적지 말고, 필요한 것만 정확히 남겨야 한다고 했지. 응, 회사는 늘 말은 쉬워도 실제로는 복잡하다니까.",0,B
normal_B_0100,"아 진짜 오늘 보안 교육 너무 길었지. 녹취 파일 관리하라고 하고, 진술은 정확하게 쓰라고 하고, 압수 대응 절차까지 설명하는데 너무 피곤했어. 맞아, 나도 졸릴 뻔했어. 근데 정보 관리가 중요하다고 계속 하니까 또 듣긴 들어야겠더라. 그렇지, 우리도 실수하면 안 되니까. 근데 솔직히 매번 같은 얘기 반복되는 느낌이라 좀 푸념 나오더라. 아 그래도 필요한 거니까 어쩔 수 없지 뭐. 맞아, 특히 개인정보 관련된 정보는 한 번 새면 끝이 아니니까. 응응. 내가 제일 귀찮았던 건 녹취 보관 기간 같은 거였어, 너무 헷갈려. 그리고 진술 작성할 때도 표현 하나 잘못 쓰면 오해 생긴다니까 더 조심해야 되고. 그러니까, 교육 때는 다 알겠는데 막상 전화받고 처리할 땐 또 생각이 안 나. 하, 우리 진짜 메모 잘 해놔야겠다.",0,B
normal_B_0101,"아침에 뉴스 보다가 진짜 깜짝 놀랐잖아. 어떤 사람이 명의를 도용당해서 한동안 자기 일처럼 못 풀었다고 나오는데, 아 그거 생각보다 너무 무섭더라. 나는 그냥 이름만 빌려 쓰는 정도인 줄 알았는데, 아니더라구, 계좌나 서류까지 엮이면 사건이 엄청 커지더라고. 맞아맞아, 그래서 수사도 오래 간다던데? 응, 뉴스에서도 수사 들어가고 나서야 하나씩 밝혀졌다고 했어. 너도 요즘 서류나 문자 함부로 누르지 말고, 모르는 데는 절대 정보 주지 마. 진짜 조심해야 돼, 한순간에 내 명의가 이상하게 쓰일 수 있대.",0,B
normal_B_0102,"나도 아침 뉴스 봤어, 그 사건 진짜 소름이더라. 그냥 남 일 같지가 않았어. 명의 도용은 이름만 털리는 게 아니라 생활 전부가 흔들릴 수 있다더라구. 어, 그러니까 말이야, 수사 결과 나오기 전까지 본인도 몰랐다는 게 더 무섭지 않냐. 맞아, 수사 진행되면서 뒤늦게 피해가 드러났대. 아 그래요? 하고 넘길 일이 아니더라. 우리 부모님도 서류 사진 보내기 전에 꼭 한 번 더 확인하라고 해야겠어. 요즘은 작은 실수 하나가 큰 사건으로 이어질 수 있으니까.",0,B
normal_B_0103,"아까 모르는 번호로 전화가 왔는데, 수사관이라고 하면서 자꾸 뭐 물어보는 거야. 그래서 내가 어, 잠깐만요, 하고 끊었지 뭐. 진짜 황당했어. 아니, 나도 처음엔 진짜 수사관인가 했는데 말투가 좀 이상하더라고. 그러면서 내가 어떤 범죄에 연루됐을 수도 있다고 막 그러는 거야. 헐, 완전 수상하다. 맞아, 그래서 바로 더 얘기 안 하고 끊었어. 괜히 조사받는 척하면서 겁주려는 느낌? 응응, 그런 전화는 절대 길게 받으면 안 된대. 나중에 다시 생각해도 웃기네, 내가 왜 거기서 진지하게 듣고 있었는지.",0,B
normal_B_0104,"아휴, 나 방금 전화 받고 심장이 쿵했잖아. 수사관이라고 하면서 내 이름을 막 부르는데, 음, 말이 앞뒤가 안 맞는 거야. 처음엔 진짜인 줄 알았는데 자꾸 범죄 이야기 꺼내고, 내가 어디에 연루됐는지 확인해야 한다고 해서 바로 이상하다 싶었어. 진짜요? 그럼 완전 이상하지. 그래서 내가 그냥 죄송한데 끊을게요 하고 끊었지. 나중에 보니까 이런 식으로 조사 흉내 내는 전화도 많다더라. 맞아, 괜히 겁먹지 말고 바로 끊는 게 맞는 듯. 아 진짜, 이런 일 겪고 나니까 모르는 번호는 더 안 받게 돼.",0,B
normal_B_0105,"어제 다큐멘터리 봤는데, 불법 대포통장 개설 얘기 나오더라. 아휴, 생각보다 훨씬 조직적으로 하던데? 응, 그냥 단순한 돈벌이인 줄 알았는데 피해자들 얘기 들으니까 너무 안 됐더라. 어떤 사람은 자기 이름이 엉뚱하게 쓰여서 피해자가 아니라 가해자로 오해까지 받았대. 헐, 진짜? 그러니까 그 개설 과정에서 아예 명의를 빌려주면 안 되는 거였어. 맞아, 불법인 줄 몰랐다고 해도 책임이 생길 수 있다더라. 나 그 장면 보고 한참 멍했잖아. 앞으로는 누가 통장 관련해서 이상한 부탁하면 무조건 조심해야겠어.",0,B
normal_B_0106,"나도 그 다큐 봤어. 대포통장 개설이 그렇게 쉽게 보이게 포장돼 있어서 더 무섭더라. 아, 맞아, 피해자 인터뷰가 제일 마음 아팠어. 본인은 그냥 아르바이트인 줄 알았는데 나중에 완전 불법 일에 엮여버린 거잖아. 응, 그러고 보니 진짜 피해자는 따로 있는데도 이름이 걸린 사람도 너무 힘들겠더라. 그 부분 보고 나서 나도 친한 동생한테도 조심하라고 말했어. 혹시라도 이상한 제안 오면 바로 끊으라고. 그런 개설 얘기는 절대 가볍게 들으면 안 되겠더라구.",0,B
normal_B_0107,"야, 단톡방 봤어? 서울에서 보이스피싱 일당 남성들이 검거됐다는 기사 올라왔던데, 와 진짜 빠르더라. 응, 나도 봤어. 기사에 현장 사진도 발견된 물건들까지 같이 나와서 좀 충격이었어. 아 그래? 나 그거 보고 서울 한복판에서도 그런 일이 이렇게 크게 벌어지는구나 싶더라. 맞아, 남성 몇 명이 조직적으로 움직였다던데, 검거됐다는 소식이라 다행이긴 했어. 그래도 기사 읽으니까 왜 사람들이 계속 당하는지 이해가 되더라. 그러게 말이야, 우리도 단톡방에서 서로 기사 공유하면서 조심하자. 요즘은 이런 발견 기사만 봐도 정신이 번쩍 들어.",0,B
normal_B_0108,"아침부터 단톡방이 시끌시끌하더라? 서울에서 검거됐다는 기사 내가 먼저 봤는데, 남성들 여러 명이 한꺼번에 잡혔다고 해서 다들 놀랐잖아. 어, 나도 봤어. 현장에서 발견된 자료들 보니까 준비를 엄청 했던 것 같더라구. 맞아맞아, 그냥 우발적인 게 아니라 조직처럼 움직인 느낌이었어. 그래서 더 무섭더라. 서울에서 그런 일이 벌어졌다는 게 남 얘기 같지가 않더라니까. 응, 기사 읽고 나서 가족들한테도 이런 전화 조심하라고 바로 말했어. 검거 소식은 반갑긴 한데, 그만큼 주변에서 더 조심해야겠더라.",0,B
normal_B_0109,"아 오늘 회사 보안 교육 진짜 길었어. 녹취를 꼭 남겨야 한다, 진술은 정확하게 받아 적어야 한다, 이런 얘기만 한참 하더라. 아, 맞아, 나도 듣다가 좀 졸렸는데 막상 생각해보니까 다 중요하긴 하더라. 근데 개인정보 보호 얘기는 왜 그렇게 강조하는지 알겠더라구. 괜히 정보 하나 잘못 저장했다가 문제 생기면 압수니 뭐니 복잡해질 수 있다잖아. 어휴, 듣기만 해도 피곤해. 맞아, 그래서 자료 보관도 함부로 하면 안 된대. 회사 일도 귀찮다고 넘길 게 아니더라.",0,B
normal_B_0110,"나도 교육 들었는데, 음, 솔직히 푸념 좀 하자면 너무 반복 같았거든? 근데 녹취나 진술 관리가 왜 필요한지 예시 들으니까 이해는 됐어. 아 그래요? 어떤 예시였는데? 고객 정보가 잘못 공유되면 나중에 정보 유출 문제로 커지고, 심하면 자료 압수까지 이어질 수 있다고 하더라. 헐, 그럼 진짜 무섭네. 그러니까, 작은 실수 하나가 엄청 커지는 거지. 맞아, 나도 이제 메모할 때도 이름이나 번호는 더 조심하려고. 교육 들을 땐 귀찮았는데, 끝나고 나니까 좀 무섭더라. 이런 건 진짜 습관처럼 지켜야 할 것 같아.",0,B
normal_B_0111,"아침 뉴스 봤어? 아니 오늘 진짜 깜짝 놀랐잖아. 어떤 명의도용 사건이 났다는데, 그게 그냥 남 일 같지가 않더라. 어, 나도 잠깐 소름 돋았어. 요즘은 전화번호도 함부로 알려주면 안 되겠다 싶고, 문자로 오는 링크도 괜히 누르지 말아야겠더라. 맞아맞아, 나도 어제 그런 얘기 들었어. 수사도 진행 중이라던데 아직 조심하라고 하더라구. 그러니까, 주민등록번호나 계좌 같은 건 진짜 조심해야 해. 아 맞다, 우리 엄마한테도 말해야겠다. 엄마가 가끔 뭐만 오면 바로 답장하시거든. 하, 그러게. 명의 도용은 한번 당하면 되돌리기 힘들다잖아. 어휴 무섭다. 나중에 시간 되면 내가 기사 링크 보내줄게. 그래, 가족들한테도 꼭 이야기해줘. 아침에 본 사건이 생각보다 너무 심각했어. 수사 결과 나오기 전까지는 더 조심하자는 얘기였어.",0,B
normal_B_0112,"어제 아침에 뉴스 틀어놨는데, 명의도용 사건 이야기 나오더라. 아 진짜? 난 그런 거 보면 괜히 내 정보도 새는 거 아닌가 싶어서 찝찝해. 맞아, 나도 그래서 바로 비밀번호 바꿨어. 아니 근데 사건 내용이 되게 충격적이었어. 남의 이름으로 뭘 막 해버렸대. 어, 그런 거 보면 수사 중이라는 말만 들어도 더 신경 쓰이더라. 맞아맞아, 피해자들은 진짜 속 터지지. 그래서 내가 동생한테도, 모르는 데서 오는 요청은 절대 바로 응답하지 말라고 했어. 오, 잘했네. 나도 부모님한테 한 번 더 말해야겠다. 전화번호나 계정 정보 같은 거, 진짜 함부로 주면 안 되겠더라. 그러니까. 그리고 뭔가 이상하면 바로 은행이나 해당 기관에 확인해야 한대. 어, 뉴스에서 그렇게 나오더라. 하여튼 이번 사건 보니까 우리도 계속 조심해야겠어.",0,B
normal_B_0113,"방금 모르는 번호가 전화 와서 받았는데, 진짜 황당했어. 왜? 또 광고야? 아니, 수사관이라고 하면서 나한테 범죄 연루됐다는 식으로 막 묻는 거야. 헐, 뭐라고? 너는 바로 끊었지? 응, 너무 이상해서 바로 끊었어. 어차피 말도 안 되는 얘기였거든. 그런데 자꾸 조사해야 한다, 협조하라 그러면서 분위기 잡길래 소름 돋았어. 아 진짜 이상하다. 그런 전화는 보통 수상하더라. 맞아, 목소리도 너무 어색하고 말이 앞뒤가 안 맞았어. 그러니까 내가 괜히 설명 들을 필요 없겠다 싶더라. 잘했어, 그런 식으로 범죄 연루됐다는 말로 겁주면 안 되지. 응, 나도 순간 진짜 내가 뭘 잘못했나 했는데 생각해 보니까 말이 안 돼. 아까 검색해 보니까 비슷한 사례도 많대. 아 그래? 그럼 더 조심해야겠다. 다음에 또 오면 번호 차단하고 끝내려고. 맞아, 괜히 길게 대화하면 안 되더라. 진짜 사람 헷갈리게 만드는 조사 방식이라 더 짜증났어.",0,B
normal_B_0114,"아까 이상한 전화 받았는데, 수사관이라더라. 엥? 진짜 수사관이야? 아니, 확인도 안 되는데 내 이름 막 부르면서 범죄 조사 얘기를 하는 거야. 어우, 소름. 그래서 나도 바로 끊었어. 잘했지? 응응, 그런 건 절대 길게 말하면 안 되지. 자꾸 네가 어떤 연루가 됐다느니, 조사에 협조하라느니 하면서 압박 주더라고. 아 진짜 별 이상한 사람 다 있네. 나 순간 진짠가 싶었는데 생각할수록 말이 안 맞았어. 맞아맞아, 공식 기관이면 그렇게 전화로 막 몰아붙이지 않지. 그러니까. 나중에 다시 생각해 보니까 전화번호도 이상했고, 말투도 너무 급했어. 요즘 그런 전화 많다더니 괜히 겁나네. 어, 그래서 내가 엄마한테도 알려드리려고. 모르는 번호는 그냥 안 받는 게 낫겠어. 그래, 그리고 혹시라도 이상하면 직접 기관 대표번호로 다시 확인해야지. 응, 다음엔 안 속을 거야. 이번엔 그냥 웃기다기보다 좀 무서웠어.",0,B
normal_B_0115,"어제 저녁에 다큐멘터리 봤는데, 불법 대포통장 개설 이야기 나오더라. 아 그거 나도 봤어. 진짜 생각보다 심각하던데? 응, 처음엔 그냥 계좌 빌려주는 정도로 생각했는데, 피해자들이 엄청 많더라. 맞아맞아, 결국 개설해 준 사람도 책임을 크게 질 수 있다더라. 그러니까 함부로 이름 빌려주면 안 되겠더라고. 아, 그 장면에서 어떤 피해자가 계속 억울하다고 하던데 너무 안타까웠어. 응, 돈 조금 준다고 속아서 시작했다가 다 꼬이는 거지. 하, 요즘은 불법이라는 단어가 붙은 건 다 피해야 해. 맞아. 그리고 대포통장 같은 건 한 번 엮이면 해명도 어렵다더라. 어어, 그러니까. 다큐 보면서 괜히 무서워져서 나도 은행 앱 비밀번호 확인했어. 아 진짜 잘했네. 나도 부모님한테 이런 거 조심하라고 말씀드려야겠다. 응, 특히 개설 같은 말 나오면 더 의심해야 해. 그냥 쉽게 돈 버는 일은 없다는 걸 다시 느꼈어.",0,B
normal_B_0116,"나 오늘 다큐 봤는데 대포통장 이야기 나오더라. 헉, 그거 되게 무섭지 않아? 응, 불법으로 계좌 개설 시키는 과정이 진짜 교묘하더라. 아 진짜? 어떻게 속여? 처음엔 알바 같은 걸로 보이게 하고, 나중엔 피해자들이 되게 곤란해지는 구조였어. 어휴, 듣기만 해도 답답하다. 맞아, 결국 피해자들만 골치 아파지고. 나 그 장면에서 엄청 화났어. 그러니까 남의 이름이나 서류를 쉽게 맡기면 안 된다는 생각이 들더라. 어, 맞아. 그리고 주변 사람들한테도 조심하라고 해야겠더라. 특히 통장 개설 관련해서 이상한 제안 오면 바로 거절해야 해. 응, 요즘엔 다큐가 이런 경각심 주는 데 도움이 되긴 하더라. 그래도 현실이 더 무섭지. 하, 진짜. 나도 이제부터 모르는 문자나 전화로 오는 건 다 의심할 거야. 맞아. 그 피해자들 생각하면 괜히 마음이 무거웠어.",0,B
normal_B_0117,"방금 인터넷 기사 봤는데 서울에서 대규모 보이스피싱 일당이 검거됐대. 오, 진짜? 서울에서? 응, 남성 여러 명이 같이 움직였다더라. 와, 규모가 컸나 보네. 기사에 현장 사진도 나오고, 뭔가 증거도 발견됐다고 하더라. 아 그래서 바로 잡힌 거구나. 맞아. 단톡방에 올리면 다들 볼 것 같아서 공유했어. 잘했네. 이런 건 더 많이 알아야지. 어, 근데 이름도 자꾸 바뀌고 움직임도 빨라서 잡기 힘들다던데 이번엔 잘 검거됐네. 그러게, 서울 한복판에서 그런 일이 있었다니까 더 놀랐어. 맞아맞아, 남성들 몇 명이 조직적으로 했다는 식으로 나와서 더 충격이었어. 아 진짜 무섭다. 그래도 발견되고 나서 추가 피해가 줄면 좋겠다. 응, 나도 그 생각했어. 혹시 기사 봤으면 단톡방에 반응 좀 해줘. 그래, 나중에 자세히 읽어볼게. 이런 소식은 계속 공유해야 돼.",0,B
normal_B_0118,"와, 서울에서 보이스피싱 일당 검거됐다는 기사 봤어? 응응, 나도 봤어! 남성 여러 명이 잡혔다고 하던데? 맞아, 기사 제목만 봐도 되게 큰 사건 같더라. 어, 그리고 경찰이 뭔가 증거를 발견해서 바로 검거했다는 식이었어. 진짜 다행이다. 요즘 뉴스 보면 이런 사건이 너무 많아서 겁나는데 그래도 잡혔다니까 좀 속이 시원하네. 맞아맞아. 내가 그 기사 단톡방에 공유했거든. 다들 봤으면 좋겠더라. 잘했네! 서울에서 그런 일 터지면 괜히 우리도 더 조심해야 할 것 같아. 응, 특히 모르는 연락 오면 의심부터 해야지. 아, 근데 남성들 인원수가 꽤 됐나 봐? 응, 기사에선 정확히 더 나오진 않았는데 조직적으로 움직인 것처럼 보였어. 하여튼 검거 소식은 반갑더라. 맞아. 이런 건 빨리 발견돼서 피해가 더 커지기 전에 막아야지. 진짜 그러게. 아, 나도 기사 한 번 더 읽어봐야겠다.",0,B
normal_B_0119,"회사 보안 교육 들었는데, 녹취 얘기 나오니까 괜히 피곤하더라. 왜, 또 뭐 새로 배웠어? 응, 상담할 때는 꼭 녹취를 남기고, 개인정보는 함부로 말하면 안 된대. 아 맞아, 그거 중요하지. 근데 교육 시간이 너무 길어서 집중이 좀 안 됐어. 나도 비슷했어. 그래도 나중에 문제 생기면 진술이랑 기록이 중요하다고 계속 강조하더라. 아 진짜? 그러면 아무 말이나 하면 안 되겠네. 그러니까. 그리고 자료 관리 소홀하면 압수까지 이어질 수 있는 상황도 있다고 해서 좀 무섭더라. 어우, 듣기만 해도 부담된다. 맞아, 정보라는 게 진짜 조심해야 하잖아. 내 생각엔 교육이 좀 길어도 필요한 내용이긴 했어. 응, 맞긴 해. 근데 현장에서 매번 기억하긴 쉽지 않더라. 맞아맞아, 결국 습관처럼 해야지. 하여튼 오늘은 퇴근하고 머리 좀 식혀야겠다.",0,B
normal_B_0120,"아 오늘 회사에서 보안 교육 받았는데 진짜 귀에 못이 박히더라. 무슨 얘기 했는데? 녹취 꼭 남겨야 하고, 개인정보는 절대 대충 다루지 말라더라. 아, 그거 중요하지. 응, 근데 말은 쉬운데 실제로는 신경 쓸 게 너무 많아. 맞아맞아. 상담 중에 상대가 뭘 말했는지 진술 정리도 잘해야 하고, 기록도 정확해야 한대. 아 진짜 피곤하겠다. 그러니까 내가 한숨 나왔어. 그리고 실수하면 나중에 압수 같은 절차까지 갈 수 있는 일도 있다고 해서 다들 조용해졌어. 헐, 그 정도야? 응, 다들 갑자기 진지해지더라. 정보 관리가 그렇게 중요하다고 계속 강조했어. 맞아, 요즘은 작은 실수도 크게 번질 수 있으니까. 그래도 교육 듣고 나니까 괜히 더 조심하게 되긴 하더라. 응, 맞아. 근데 너무 겁주듯이 얘기해서 좀 지치긴 했어. 하하, 공감. 오늘은 일찍 쉬자.",0,B
normal_B_0121,"아침에 뉴스 보다가 너무 놀랐어. 어떤 분이 명의 도용을 당해서 계좌랑 휴대폰까지 엮였대, 아 진짜 무섭더라. 사건 내용이 생각보다 크다길래 나도 바로 가족들한테 조심하라고 말했어. 요즘은 이름이랑 생년월일만 알아도 뭘 할 수 있을지 몰라서 더 불안하더라구. 수사도 진행 중이라는데, 피해가 더 안 커졌으면 좋겠어. 그래서 나는 오늘부터 문자 오면 링크 함부로 안 누르고, 신분증 사진도 아무 데나 안 보내려고. 너도 이런 얘기 들으면 꼭 주변 사람들한테 알려줘. 진짜 사소한 정보라도 조심해야 되겠더라.",0,B
normal_B_0122,"아침 뉴스에서 명의 도용 사건 봤는데, 어휴 그거 생각보다 심각하더라. 그냥 남 얘기 같지가 않았어. 어떤 사람이 자기 이름으로 대출이 잡혀 있었다고 하더라고. 수사 들어갔다는데, 듣기만 해도 막 머리 아프고 무섭지 뭐야. 나도 엄마한테 바로 얘기하면서 요즘 개인정보 잘 챙겨야 한다고 했어. 아, 그리고 비밀번호도 같은 걸로 계속 쓰면 안 되겠더라. 사건 하나가 사람 생활을 완전 흔들어 놓을 수 있으니까, 진짜 조심해야 해.",0,B
normal_B_0123,"아까 모르는 번호가 와서 받았는데, 수사관이라고 하면서 이것저것 묻는 거야. 그래서 내가 아, 죄송한데요 하고 바로 끊었어. 너무 이상해서 다시 생각해 보니까 범죄에 연루됐을 수도 있다느니, 조사해야 한다느니 막 그러더라. 진짜 황당했어. 목소리는 괜히 딱딱하고 급하게 말하는데, 들을수록 이상해서 더 무섭더라. 그래서 바로 가족한테도 말했지, 이런 전화 오면 절대 개인정보 얘기하지 말라고. 진짜 별일 다 있네.",0,B
normal_B_0124,"방금 진짜 이상한 전화 받았어. 수사관이라면서 내가 뭘 잘못했다는 식으로 말하는 거야. 범죄 관련 조사라느니 연루됐을 가능성이 있다느니, 어우 듣자마자 이상하더라. 내가 그래서 잠깐만요, 제가 그런 적 없는데요 하고 끊었지. 아 진짜 웃기지도 않더라. 나중에 찾아보니까 그런 식으로 속이는 경우가 많대. 괜히 겁주면서 정보 빼내려는 거잖아. 너도 혹시 비슷한 전화 오면 절대 바로 믿지 마. 진짜 수상하면 기관 대표번호로 다시 확인해야 해.",0,B
normal_B_0125,"어제 다큐 봤는데, 불법으로 대포통장을 개설해서 돌리는 이야기였거든. 와, 진짜 생각보다 조직적으로 하더라. 그냥 계좌 하나 빌려주는 정도인 줄 알았는데, 피해자들이 엄청 많았어. 처음엔 다들 돈 좀 벌 수 있나 싶어서 시작했다가 결국 큰일 나더라고. 개설 과정도 되게 교묘해서 보는데 소름 돋았어. 나는 그거 보면서 아, 이건 절대 가볍게 보면 안 되겠구나 싶었지. 피해자 입장에서는 진짜 억울하겠다 싶고, 보는 내내 마음이 좀 무거웠어.",0,B
normal_B_0126,"그 다큐 나도 봤어. 불법 대포통장 개설 얘기 나오는데 진짜 답답하더라. 처음엔 그냥 계좌를 잠깐 빌려주는 건 줄 알았다가 나중에 피해자 되는 경우가 많다고 하잖아. 개설도 불법으로 꼬드기고, 돈 조금 준다고 해서 혹하게 만드는 게 너무 무서웠어. 아, 나도 보면서 계속 고개 저었잖아. 결국 피해자만 힘들어지고, 본인은 나중에 법적으로도 문제 생기고. 그런 건 절대 하면 안 되겠다 싶더라. 요즘은 다큐 봐도 현실 같아서 더 찜찜해.",0,B
normal_B_0127,"단톡방에 기사 봤냐고 올렸어. 서울에서 대규모 보이스피싱 일당이 검거됐대. 남성 여러 명이 같이 움직이던 걸 발견해서 잡았다더라. 와, 기사 사진 보니까 생각보다 규모가 커서 깜짝 놀랐어. 다들 바로 “헐” 이러면서 반응 오고, 아 이거 진짜 심각하네 하더라고. 서울 한복판에서 그런 일이 벌어졌다니까 더 소름이었지. 그래도 검거됐다는 소식이라 다행이긴 한데, 아직 비슷한 조직이 더 있을 수도 있대서 마음 놓을 수는 없겠다 싶었어.",0,B
normal_B_0128,"나 그 기사 봤어. 서울에서 남성 일당이 검거됐다는 거 맞지? 처음엔 그냥 작은 사건인 줄 알았는데, 읽어보니까 규모가 꽤 크더라. 발견 과정도 여러 제보랑 추적으로 이어졌다던데, 진짜 경찰들 고생 많았겠다 싶었어. 단톡방에 바로 공유했더니 다들 놀라더라. 아 진짜 이런 기사 보면 요즘은 남 일 같지가 않아. 검거됐다고 끝나는 게 아니라, 이런 수법이 또 나올 수 있으니까 다들 조심해야겠어.",0,B
normal_B_0129,"오늘 회사에서 녹취 교육 받았잖아. 아, 진짜 그거 생각보다 엄청 길더라. 어떤 상황에서 어떻게 진술을 남겨야 하는지 계속 듣는데, 머리가 좀 아팠어. 그래도 개인정보 관련해서는 녹취가 중요하다고 하더라. 근데 괜히 말 한마디 잘못하면 정보가 새는 거라서 더 조심해야 하고. 압수나 보관 절차도 엄격하다고 하니까, 나는 그냥 아예 민감한 얘기는 메모도 함부로 안 하려고. 솔직히 퇴근하고 나니까 피곤한데, 이런 교육은 또 알아두면 좋긴 하더라.",0,B
normal_B_0130,"아까 보안 교육 듣는데 녹취 얘기만 한참 하더라. 진술 남길 때도 정확해야 하고, 개인정보는 어디까지 말해도 되는지 계속 강조해서 좀 피곤했어. 정보 관리 안 되면 나중에 문제 커진다면서, 자료가 압수될 수도 있다고 해서 더 긴장됐고. 아 진짜 회사 다니면 이런 거까지 다 신경 써야 하네 싶더라. 그래도 듣고 나니까 아무 데나 전화번호나 주민번호 적어두면 안 되겠다는 생각은 들었어. 너도 비슷한 교육 들으면 진짜 대충 듣지 말고 챙겨. 은근 실생활에 도움 되더라.",0,B
normal_B_0131,"아침에 뉴스 보는데 진짜 깜짝 놀랐어. 어떤 사람이 남의 명의로 이것저것 신청해서 피해가 컸다더라. 어휴, 아예 남의 이름을 도용한 사건이었대. 수사도 오래 걸릴 것 같다고 하던데, 이런 거 보면 진짜 무섭더라. 너도 요즘 문자 오면 바로 누르지 말고 꼭 확인해. 나도 순간 헷갈렸는데, 아니 이게 왜 이렇게까지 커지나 싶더라니까. 이름이랑 번호만 알아도 뭐가 되는 세상이 참 이상해. 주변 사람들한테도 조심하라고 꼭 말해줘, 진짜.",0,B
normal_B_0132,"어제 아침 뉴스 다시보기로 봤는데, 명의 도용 사건이 또 나왔더라. 그거 피해자분들 너무 억울하겠더라, 본인은 한 적도 없는데 자기 이름으로 신청이 들어가 있었다잖아. 수사팀이 추적 중이라는데, 이런 건 진짜 빨리 잡혀야 돼. 나 그거 보면서 혹시나 해서 내 계정 비번도 바꿨잖아. 아 그래? 나도 좀 귀찮아도 이중 인증 같은 거 해놔야겠더라. 괜히 남 일 같지가 않아서 계속 신경 쓰이네. 너도 혹시 본인 이름으로 온 안내문 같은 거 있으면 바로 확인해봐.",0,B
normal_B_0133,"방금 진짜 이상한 전화 받아서 끊었어. 자기 수사관이라고 하면서 내 이름 말하길래 순간 뭐지 했는데, 말이 너무 이상하더라. 갑자기 범죄 연루된 것처럼 얘기하길래 어이없어서 바로 끊었지. 아니, 나는 아무것도 모른다고 했더니 계속 조사 얘기만 하더라구. 너무 황당해서 손이 덜덜 떨렸어. 진짜 그런 식으로 말하면 헷갈릴 수도 있겠다 싶었는데, 그래도 이상하다 싶으면 끊는 게 맞는 것 같아. 아, 나도 혹시 몰라서 통화기록 남겨놨어. 이런 전화 받으면 너도 절대 혼자 끙끙대지 말고 바로 주변에 말해.",0,B
normal_B_0134,"아까 번호 모르는 데서 전화 왔는데, 수사관이라고 하면서 막 이것저것 물어보더라. 처음엔 진짜인 줄 알았는데, 말투가 너무 급하고 이상해서 바로 느낌 왔어. 내 정보가 범죄에 연루됐다는 식으로 얘기하는데, 아니 내가 왜요? 싶었지. 조사 받는 것처럼 말하길래 너무 불쾌해서 그냥 끊었어. 맞아맞아, 그런 건 보통 절차가 있지 갑자기 전화로 저러진 않잖아. 순간 심장 쿵 했는데 지금 생각하면 어이가 없네. 나중에 다시 오면 안 받을 거야. 너도 비슷한 전화 오면 절대 주소나 계좌 같은 거 말하면 안 돼.",0,B
normal_B_0135,"요즘 다큐멘터리 보는데, 불법 대포통장 개설 얘기가 나오더라. 와, 생각보다 조직적으로 하던데? 피해자들 얘기 듣는데 너무 안타까웠어. 본인은 그냥 명의만 빌려줬다 생각했는데 나중에 큰 피해를 보는 거잖아. 그러니까, 아예 처음부터 이상한 제안은 거절해야겠더라. 개설이란 말만 들어도 이제 괜히 경계하게 돼. 나도 중간에 화장실 갔다 오면서 봤는데, 진짜 현실감 장난 아니었어. 이런 건 누가 봐도 불법이라서 더 충격적이더라. 너도 그 다큐 봤으면 한 번 얘기해봐, 꽤 생각할 거리 많더라.",0,B
normal_B_0136,"나 그 다큐 봤는데 완전 소름이었어. 불법으로 대포통장 개설하게 만드는 수법이 너무 교묘하더라. 피해자라고 나온 사람들 다 너무 억울해 보였고, 처음엔 몰랐다는 말이 더 마음 아팠어. 그니까, 잠깐 돈 벌 수 있다고 해도 그런 건 절대 손대면 안 되겠더라. 중간중간 설명도 쉬워서 더 무섭게 느껴졌어. 나도 예전에 비슷한 문자 받아본 적 있어서 더 찝찝했음. 아 진짜? 그런 식으로 접근하는구나. 앞으로는 아르바이트든 뭐든 계좌 쓰는 일 있으면 무조건 다시 물어봐야겠어.",0,B
normal_B_0137,"단톡방에 기사 하나 봤는데, 서울에서 대규모 보이스피싱 일당 남성들 검거됐대! 와 이거 규모가 꽤 컸나 봐, 사진 보니까 검거 현장도 나오더라. 기사에서 어떤 남성이 먼저 발견됐고 그 뒤로 연달아 잡혔다고 하던데, 진짜 다행이다 싶었어. 맞아맞아, 이런 건 빨리 잡혀야지 피해가 덜하지. 내가 링크 보냈으니까 시간 되면 봐봐. 서울 쪽이라 더 실감 나네. 아, 요즘은 기사도 이렇게 바로 공유되니까 정보가 빨리 퍼져서 좋긴 하다. 아무튼 다들 조심하자고!",0,B
normal_B_0138,"서울에서 보이스피싱 일당이 검거됐다는 기사 봤어? 그 남성들 사진까지 나오는데 꽤 충격이더라. 처음엔 뭐 큰 사건인가 했는데, 읽어보니까 한 명이 먼저 발견되고 나서 수사가 이어졌대. 역시 이런 건 조직적으로 움직이니까 잡아내는 것도 쉽지 않았겠지. 그래도 검거됐다는 소식 보니까 속이 좀 시원하더라. 아, 나도 봤어. 단톡에 누가 올려서 바로 읽었는데 진짜 무섭더라구. 서울 한복판에서도 저런 일이 일어나네 싶어서 괜히 더 조심해야겠다고 느꼈어.",0,B
normal_B_0139,"오늘 회사 보안 교육 들었는데, 진짜 녹취가 중요하다고 계속 강조하더라. 나 솔직히 좀 피곤했거든? 근데 듣고 보니까 진술 같은 거 남길 때도 함부로 말하면 안 되겠더라고. 개인정보도 마찬가지고, 정보 하나하나가 다 중요하대. 아, 맞아. 교육 자료에 압수 사례 비슷한 것도 나와서 좀 놀랐어. 난 그냥 형식적인 강의일 줄 알았는데 생각보다 실용적이더라. 그래도 너무 길어서 중간에 졸 뻔했음. 하하. 다음엔 메모라도 제대로 해야겠다.",0,B
normal_B_0140,"회사에서 보안 교육 또 받았잖아. 녹취 어떻게 남기는지랑 개인정보 보호 얘기했는데, 솔직히 머리 아프더라. 괜히 진술 잘못했다가 문제 생길 수 있다고 해서 더 긴장됐어. 어떤 정보는 아예 메일로도 보내지 말라고 하니까, 일하는 게 갑자기 더 복잡해진 느낌? 그리고 압수 같은 사례 얘기 나오는데 와, 진짜 남 일 같지 않더라. 그니까 조심하라는 말이 괜히 있는 게 아니었어. 나도 메모장에 적어놓긴 했는데 나중에 다시 봐도 헷갈릴 것 같아. 아 그래요? 너희 팀도 비슷하게 들었구나. 우리 둘 다 오늘 머리 꽉 찬 느낌이다.",0,B
normal_B_0141,"아침 뉴스 봤어? 음, 진짜 깜짝 놀랐어. 어떤 사람이 명의 도용 당해서 은행 쪽이랑 카드 쪽 다 난리 났다더라, 사건이 너무 크더라고. 어어 나도 봤어, 수사 들어갔다고 하던데? 맞아맞아, 그냥 이름만 똑같이 쓰는 게 아니라 이런저런 정보까지 빼가서 쓰는 거 같아가지고 너무 무섭더라. 그러니까 요즘은 문자 오면 바로 누르지 말고, 앱도 꼭 직접 들어가서 확인해야겠다 싶었어. 아 진짜? 그런 건 진짜 조심해야지. 나도 얼마 전에 비슷한 뉴스 보고 나서는 비밀번호도 다 바꿨거든. 아 그래요? 잘했네. 나도 오늘 집에 가면 계정들 다시 한번 보고, 이상한 로그인 기록 있는지 확인해야겠다. 하여튼 이런 사건 보면 평소에 귀찮아도 확인하는 습관이 중요하더라, 응 응.",0,B
normal_B_0142,"아 맞다, 어제 아침 뉴스에서 본 거 있는데, 어떤 사람 명의가 도용돼서 대출까지 시도됐대. 헉, 진짜? 그거 완전 큰 사건이네. 그러게, 수사 중이라는데 아직도 비슷한 피해가 계속 나온다더라. 음... 너무 무섭다. 나도 막 내 이름으로 뭐가 만들어지면 어쩌지 싶어서 소름 돋았어. 아 그러니까, 주민등록번호나 인증번호 같은 거 함부로 안 알려줘야 돼. 맞아맞아, 나 엄마한테도 그 얘기 했잖아. 아 그래? 잘했네. 그러다 보면 진짜 한순간에 도용당하니까, 문자 링크도 조심하고. 응, 앞으로는 전화 와도 바로 믿지 말고 공식 창구로 확인할래. 나도 그래야겠다. 뉴스에서만 보던 일이 아니라 진짜 내 주변에서도 일어날 수 있는 거니까.",0,B
normal_B_0143,"아까 이상한 전화 받았어, 진짜 어이없더라. 모르는 사람이 자기가 수사관이라고 하면서 내 이름이 범죄에 연루됐다고 막 그러는 거야. 헐, 진짜? 대박인데? 응, 처음엔 너무 당황해서 듣고 있었는데, 말이 이상해서 바로 끊었어. 그러니까. 수사관이면 그렇게 전화로 막 몰아붙이지도 않을 텐데. 맞아맞아, 그런 식이면 거의 사기지. 근데 그 사람 말투가 너무 그럴듯해서 순간 헷갈릴 뻔했어. 아 그래요? 아무튼 잘 끊었네. 나중에 또 오면 그냥 바로 끊고, 필요하면 공식 번호로 다시 확인하는 게 낫대. 어어 맞아. 괜히 이어서 듣다가 조사니 뭐니 말에 휘둘리면 안 되지. 응, 나도 이제 그런 전화 오면 절대 개인정보 안 말할 거야.",0,B
normal_B_0144,"어휴, 나 방금 진짜 황당한 전화 받았어. 어떤 남자가 수사관이라고 하면서 내가 뭔가 범죄에 연루된 것처럼 말하더라. 아 진짜? 그런 전화 요즘 많대? 응, 완전 처음엔 멀쩡한 척하더니 갑자기 조사해야 한다고 해서 기분 되게 이상했어. 그래서 내가 이건 아니다 싶어서 끊었지. 잘했어, 그런 건 바로 끊는 게 맞지. 맞아맞아, 괜히 계속 듣고 있으면 말려들 것 같더라고. 음... 목소리는 괜찮았는데 내용이 너무 허술했어. 아 그래? 그럼 더 수상하네. 나 같아도 안 믿는다. 응, 앞으로는 모르는 번호는 일단 안 받고, 만약 정말 필요한 연락이면 문자나 공식 안내로 다시 확인하려고. 그래 그래, 그게 제일 안전하지. 덕분에 나도 조심해야겠다는 생각 들었다.",0,B
normal_B_0145,"어제 다큐 봤는데, 불법으로 대포통장 개설하는 얘기 나와서 좀 찝찝했어. 아 그래? 그런 건 왜 자꾸 나오는 거야. 그러게, 겉으로는 쉬운 아르바이트처럼 보이게 해서 사람들 속인대. 근데 결국 피해자는 따로 생기잖아. 맞아맞아, 진짜 피해자들만 고생이지. 나도 보면서 아 이건 절대 하면 안 되겠다 싶었어. 음... 근데 방송이랑 실제 상황이 생각보다 더 심각해 보이더라. 어어, 통장 하나 잘못 만들어줬다가 자기 명의도 엮이고 골치 아파진다잖아. 그러니까. 돈 조금 준다고 해도 그런 건 손대면 안 되지. 응, 나도 요즘엔 누가 계좌 관련 얘기 꺼내면 괜히 한 번 더 확인하게 돼. 그래야지, 불법은 진짜 한 번 엮이면 끝이 없다더라.",0,B
normal_B_0146,"나 어제 그 대포통장 관련 다큐 봤는데, 생각보다 너무 무섭더라. 아, 나도 비슷한 거 봤어. 불법으로 개설하게 시켜 놓고 뒤에서 다 이용한다는 내용 맞지? 응, 맞아. 결국 피해자들만 번호도 잃고 돈도 묶이고. 헐... 진짜 심하다. 그러니까, 처음엔 아르바이트처럼 속여서 시킨다는데 그게 제일 나쁘더라. 맞아맞아, 사람 심리 이용하는 거지. 음, 그리고 출연한 전문가가 계좌는 남한테 빌려주거나 맡기면 안 된다고 계속 말하더라. 당연하지. 그런 건 법적으로도 문제고 너무 위험해. 응, 나도 이제 주변에서 누가 이상한 개설 얘기하면 바로 말릴 것 같아. 그래 그래, 다큐 보길 잘했네. 괜히 가볍게 넘길 일이 아니더라.",0,B
normal_B_0147,"단톡방 봤어? 서울에서 보이스피싱 일당 남성들이 검거됐다던 기사 올라왔더라. 아 진짜? 서울에서? 응응, 밤사이 발견돼서 바로 잡혔다고 하던데. 와, 다행이다. 이런 건 빨리 잡혀야지. 그러게, 기사 사진 보니까 생각보다 조직적으로 움직였던 모양이더라. 남성 몇 명이 같이 있었다고 해서 더 놀랐어. 아 그래? 무섭다. 근데 검거됐다고 하니까 좀 속이 시원하긴 하네. 맞아맞아, 요즘 이런 기사 보면 계속 조심해야겠다는 생각 든다. 나도 방금 봤을 때 바로 단톡방에 공유했어. 잘했어, 이런 거 자주 알려져야 하지. 응, 특히 서울 쪽에서 사건 많다고들 하니까 더 눈여겨보게 되더라.",0,B
normal_B_0148,"아까 인터넷 기사 봤는데 서울에서 보이스피싱 일당 남성들이 검거됐대. 오, 진짜? 어어, 나도 봤어. 새벽에 발견해서 붙잡았다던데 기사 제목이 꽤 크게 떴더라. 그러니까, 이런 건 빨리 잡혀야 주변 피해가 덜하지. 맞아맞아. 근데 읽어보니까 꽤 오래 준비한 것처럼 보이더라. 아 그래? 그래서 더 걱정이네. 응, 그래서 내가 단톡방에 바로 공유했지. 다들 조심하라고. 잘했어. 남의 일 같지 않더라. 서울이라 더 가깝게 느껴지고. 맞아, 기사 하나만 봐도 괜히 긴장되잖아. 앞으로도 수상한 연락 오면 무조건 확인부터 해야겠다.",0,B
normal_B_0149,"회사 보안 교육 진짜 길었지, 아휴. 음, 나도 들으면서 좀 졸렸는데 녹취 부분은 꽤 중요하더라. 맞아. 진술할 때도 정확하게 남겨야 한다고 하고, 개인정보도 함부로 말하지 말라고 하니까. 그러게, 근데 설명이 너무 딱딱해서 머리에 잘 안 들어왔어. 아 그래? 나는 압수 얘기까지 나와서 괜히 더 긴장됐잖아. 맞아맞아, 그런 상황은 겪고 싶지도 않지. 근데 결국 정보 관리가 제일 중요하다는 말이었어. 응, 그건 맞는 말이더라. 나도 이제 전화로 뭐 확인할 때는 녹취된다고 생각하고 더 조심하려고. 그래 그래, 그 습관 필요하지. 근데 교육 끝나고도 할 일이 더 늘어난 느낌이야, 하하.",0,B
normal_B_0150,"오늘 보안 교육 받은 거 있잖아, 그 녹취 이야기 진짜 빡세더라. 아 맞다, 진술도 정확히 하라고 했지? 응, 어설프게 말하면 나중에 문제 될 수 있다고 하니까 괜히 긴장됐어. 맞아맞아. 그리고 개인정보는 사내에서도 함부로 공유하지 말라고 계속 강조하더라. 음, 그게 제일 중요하긴 하지. 근데 설명이 너무 많아서 중간에 살짝 헷갈렸어. 나도. 특히 압수 관련 예시 나오니까 갑자기 분위기 싸해지더라. 그러니까, 그런 상황은 뉴스에서만 봤으면 좋겠어. 응, 결론은 정보 관리 잘하고, 확인 안 된 건 말하지 말라는 거겠지. 맞아. 오늘부터 메신저로도 민감한 정보는 안 보낼래. 나도 그래야겠다. 괜히 한 번 더 조심하는 게 낫지.",0,B
normal_B_0151,"아침에 뉴스 봤어? 아니, 진짜 깜짝 놀랐어. 명의 도용 사건이 크게 났다더라. 어휴, 남의 이름이랑 정보를 그냥 써버리는 거 너무 무섭지 않아? 맞아맞아, 수사도 들어갔다고 하던데 아직도 이런 일이 있네 싶더라. 그러니까, 요즘은 어디서든 신분증 사진이나 주민번호 같은 거 함부로 보내면 안 되겠더라구. 아 그래? 나도 가끔 택배나 뭐 주문할 때 아무 생각 없이 적었는데, 진짜 조심해야겠다. 응, 그리고 이상한 문자 오면 바로 누르지 말고 확인하래. 어, 나도 이제부터는 내 정보 더 잘 챙길 거야. 괜히 한 번 털리면 복잡하잖아. 맞아, 사건 터지고 나서 후회하면 늦으니까. 나 아침 뉴스 보면서도 계속 헉 했어.",0,B
normal_B_0152,"아니 오늘 아침 뉴스에 나온 거 봤어? 명의 도용 때문에 어떤 사람이 엄청 고생했다더라. 어, 그거 나도 봤어. 진짜 속상하겠던데. 수사 들어가서 겨우 추적한다는 얘기 나오더라구. 응, 이런 사건은 남 일 같지가 않아서 더 무섭지. 맞아, 요즘은 사진 한 장도 막 보내면 안 되겠더라. 내가 예전에 뭐 서류 제출할 때도 괜히 걱정됐거든. 아 그러네, 이름이나 주소, 생년월일 이런 거 그냥 넘기면 위험하겠다. 그렇지. 도용되면 내가 모르는 사이에 여기저기 쓰일 수 있대. 어휴 생각만 해도 소름이야. 나도 오늘부터는 앱 권한 같은 것도 다시 볼 거야. 그래그래, 그런 거 하나하나 챙기는 게 중요하지. 진짜 요즘 사건이 너무 많아.",0,B
normal_B_0153,"야 나 방금 진짜 이상한 전화 끊었어. 모르는 번호였는데 수사관이라면서 막 말하더라? 어, 진짜? 뭐라 했는데? 아니, 내가 범죄에 연루된 것처럼 말하면서 조사 받아야 한다고 하길래 바로 끊었지. 헐, 그런 거 완전 수상하다. 나도 순간 뭐지 했는데 말투가 너무 이상했어. 수사관이면 그렇게 급하게 개인 정보부터 묻나 싶더라구. 맞아맞아, 그런 전화는 거의 다 사칭이지. 그래서 내가 아예 끊고 나서도 한참 황당했잖아. 아, 잘했어. 괜히 계속 듣다가 이상한 말에 휘말릴 수 있잖아. 그러니까, 앞으로는 모르는 번호는 바로 안 받을래. 응, 그리고 진짜 조사 필요한 일이면 문자나 공식 안내가 따로 오겠지. 맞아, 그런 식으로 겁주면서 말하는 건 조심해야 돼. 나 아직도 심장 두근거려.",0,B
normal_B_0154,"아까 방금 전화 왔는데 진짜 어이없었어. 수사관이라고 하면서 내 번호가 어떤 범죄 조사에 쓰였대. 뭐? 그런 말을 해? 응, 완전 당황해서 내가 무슨 연루냐고 했더니 막 차분한 척하면서 계속 묻더라구. 그래서 더 수상해서 바로 끊었어. 잘했다, 그런 건 듣고 있으면 안 돼. 맞아, 조사 운운하면서 개인정보 캐묻는 거 이상하잖아. 어, 나도 그 생각했어. 진짜 수사관이면 전화로 그렇게 막 몰아붙이진 않겠지? 그렇지, 보통은 정식 절차가 있지. 근데 순간 너무 헷갈려서 심장이 덜컥했어. 아 그래? 나도 그런 전화 받으면 바로 끊을 것 같아. 응, 괜히 말 길게 하면 말려들까 봐 무섭더라. 앞으로는 번호 확인부터 해야겠어. 맞아, 모르는 전화는 의심하는 게 제일 낫지.",0,B
normal_B_0155,"어제 그 다큐 봤는데, 불법 대포통장 개설 얘기 진짜 충격이더라. 아, 나도 봤어. 생각보다 구조가 복잡하던데? 응, 겉으로는 쉽게 돈 벌 수 있다고 유혹하는데 결국 피해자만 생기더라구. 맞아, 특히 개설에 이름 빌려줬다가 나중에 문제 커지는 거 너무 무섭지. 그러니까, 그게 그냥 부탁 한 번 들어준다고 끝나는 일이 아니더라. 어휴, 진짜 대포통장이라고 이름만 들어도 수상해. 다큐 보는데 피해자들 얘기 나올 때 마음이 답답했어. 나도. 불법인 줄 몰랐다고 해도 책임이 완전히 사라지진 않으니까 조심해야겠더라. 맞아맞아, 주변에서 이상한 제안 오면 무조건 거절해야 해. 응, 쉽게 벌 돈은 없다는 걸 다시 느꼈어.",0,B
normal_B_0156,"그 다큐 괜찮더라. 불법 대포통장 개설이 왜 위험한지 아주 자세히 나오던데. 어, 나도 그 장면 봤어. 피해자들이 나중에 자기 이름으로 뭔가 문제가 생겼다고 하니까 진짜 끔찍했어. 맞아, 본인은 빌려준 적 없다고 해도 이미 엮이면 골치 아프더라구. 그러니까 개설 관련해서 서류나 통장 맡기는 건 절대 하면 안 되겠더라. 응, 특히 친구가 뭐 잠깐만 도와달라고 해도 의심해야 돼. 맞아, 다큐에서 불법 알바처럼 포장한 게 제일 무섭다 했잖아. 아, 그 부분 기억난다. 피해자 입장에서는 너무 억울하겠더라. 진짜. 나도 보고 나서 한동안 찝찝했어. 어쨌든 이상한 돈 얘기 나오면 바로 걸러야겠어.",0,B
normal_B_0157,"야, 단톡방 봤어? 서울에서 대규모 보이스피싱 일당 검거됐대. 어? 진짜? 서울에서 그렇게 크게 잡혔어? 응, 기사 보니까 남성 여러 명이 한꺼번에 발견돼서 바로 검거됐다고 하더라. 헐, 요즘도 그런 일당이 그렇게 많구나. 그러니까, 기사 댓글도 난리였어. 나도 아까 공유받고 바로 읽어봤거든. 맞아, 이런 거 보면 다행이다 싶으면서도 한편으론 불안해. 응, 그래도 빨리 잡혀서 다행이지 뭐. 남성들이 조직적으로 움직였다던데 수법도 참 다양하더라구. 아 그래? 무섭다. 우리도 이상한 전화나 문자 오면 바로 조심해야겠다. 맞아, 기사 보고 나니까 더 경계심 생기네. 나도 단톡방에 한번 더 공유해야겠다.",0,B
normal_B_0158,"오, 나도 그 인터넷 기사 봤어. 서울에서 보이스피싱 일당이 검거됐다던데, 규모가 꽤 크더라. 어 맞아. 남성들 중심으로 움직였다고 해서 더 놀랐어. 응, 근데 현장에서 바로 발견돼서 잡혔다니 다행이야. 그러니까 이런 소식은 꼭 봐둬야겠더라. 맞아, 괜히 남 얘기 같지가 않지. 나도 기사 읽으면서 서울 한복판에서도 저런 일이 있구나 싶었어. 헉, 무섭다. 그래도 검거됐으니 피해 더 커지기 전에 막은 거겠지? 응, 그런 것 같아. 우리도 단톡방에 공유해서 다 같이 조심하자. 맞아, 주변 사람들한테도 알려주면 좋겠다. 이런 기사 볼 때마다 경각심이 생겨.",0,B
normal_B_0159,"오늘 회사 보안 교육 진짜 길지 않았냐? 아, 맞아. 녹취 방법이랑 개인정보 보호 얘기만 한참 하더라. 응, 계속 진술할 때는 사실대로 기록하라면서, 또 정보는 함부로 공유하지 말라고 하고. 그러니까 내용은 중요한데 너무 반복돼서 좀 피곤했어. 맞아맞아, 근데 막상 실수하면 큰일이니까 듣긴 들어야지. 회사 자료도 그렇고 고객 정보도 그렇고, 다 조심해야 한다고 하더라구. 아 그래? 나도 중간에 졸 뻔했어. 하하. 근데 압수 같은 말 나오니까 갑자기 분위기 무거워지더라. 응, 교육이라기보다 약간 겁주는 느낌? 그래서 더 귀에 들어오긴 했어. 맞아, 녹취가 제대로 안 되어 있으면 나중에 문제 생길 수 있다잖아. 그러게, 귀찮아도 메모하고 확인하는 습관 들여야겠어. 아휴, 회사는 왜 이런 걸 이렇게 빡세게 하는지 모르겠다.",0,B
normal_B_0160,"아 진짜 오늘 보안 교육 너무 빡셌어. 녹취할 때는 표현 하나도 정확히 남겨야 하고, 진술도 대충 하면 안 된다고 하더라. 어, 그거 맞아. 나도 정보 보호 부분에서 좀 찔렸어. 괜히 파일 아무 데나 저장하고 그러면 안 된다잖아. 응, 압수 얘기까지 나오니까 갑자기 현실감 확 오더라구. 그러니까, 그냥 형식적인 교육인 줄 알았는데 생각보다 실무랑 연결돼 있더라. 맞아, 특히 개인정보는 한 번 새면 끝이라서 더 조심해야 한대. 아 그래? 나도 앞으로 메신저에 막 올리면 안 되겠네. 응, 진짜 귀찮아도 암호 걸고 공유 범위 확인해야겠다. 맞아, 귀차니즘이 문제야. 하하. 어쨌든 오늘 교육 들으니까 살짝 피곤하지만, 그래도 필요한 건 맞는 듯. 음, 인정. 우리 서로 정보 관리 좀 더 빡세게 하자.",0,B
normal_B_0161,"야, 아침 뉴스 봤어? 음, 오늘 진짜 놀랐잖아. 명의도용 사건이 또 났다더라, 그것도 생각보다 규모가 컸대. 아 그래? 어쩌다가 그런 일이 생겼대? 그러니까, 누가 개인정보를 빼내서 다른 사람 명의로 여러 가지를 신청했다는 거야. 수사도 시작했다던데 아직은 피해 규모를 더 보는 중이래. 와, 진짜 무섭다. 요즘은 이름이랑 생년월일만 알아도 함부로 안심하면 안 되겠네. 맞아맞아, 나도 그래서 비밀번호 바꾸려고. 그리고 이상한 문자 오면 절대 바로 누르지 말고 확인해야겠더라. 응, 그런 건 진짜 조심해야 돼. 혹시라도 네 정보가 쓰였다는 연락 오면 바로 확인하고, 은행이나 기관에도 연락해 보고. 아, 그리고 가족들한테도 꼭 말해 줘. 어르신들은 이런 사건 잘 모르고 넘어가실 수 있잖아. 맞아, 오늘 저녁에 부모님한테도 얘기해야겠다.",0,B
normal_B_0162,"아침에 뉴스 보다가 깜짝 놀랐어. 명의도용 사건 얘기 나오는데, 피해자분이 한참 뒤에야 알았대. 헉, 그럼 얼마나 황당했겠어. 그러니까, 자기 이름으로 뭔가가 진행되고 있었던 거잖아. 수사한다고 하긴 하던데, 빨리 잡아야지. 응, 진짜 그런 사건은 남 일 같지가 않더라. 요즘은 전화나 문자만으로도 정보가 새 나갈 수 있다니까 더 불안해. 맞아. 나도 예전에 비슷한 안내 받았을 때 그냥 넘길 뻔했거든. 이제는 꼭 확인해 봐야겠어. 그리고 가족들한테도 명의 관련해서는 절대 대충 알려주면 안 된다고 해야겠다. 응응, 특히 공공기관 사칭하는 말은 바로 믿으면 안 돼. 뉴스에서 수사 중이라고 하니까 더 조심해야겠더라. 그래도 이런 사건이 알려져야 사람들이 덜 당하겠지. 맞아, 조심하는 수밖에 없더라.",0,B
normal_B_0163,"아까 모르는 번호로 전화 왔는데, 진짜 이상했어. 자기네가 수사관이라고 하면서 나한테 범죄 연루된 거 확인해야 한다고 하더라? 헐, 그래서 어떻게 했어? 바로 끊었지. 음, 말투가 너무 급하고 이상해서 믿을 수가 없더라고. 맞아, 그런 건 수상하지. 조사할 거면 그렇게 전화로 막 몰아붙이진 않잖아. 그러니까, 나도 순간 어이없어서 웃음 나올 뻔했어. 내 이름이랑 뭐랑 물어보길래 더더욱 이상했고. 아, 진짜 무섭네. 요즘 그런 전화 많다던데, 괜히 겁줘서 사람 흔들려는 거 아니야? 맞아. 나한테도 계좌 확인해야 한다, 연루 여부 조사해야 한다 이러는데 너무 티가 났어. 아 그래? 혹시 녹음 같은 건 안 했어? 아니, 바로 끊어서 못 했어. 다음엔 길게 안 듣고 바로 차단해야겠더라. 응, 잘했어. 그런 전화는 진짜 상대하면 안 돼. 아까 심장 쿵했어도 잘 끊었네.",0,B
normal_B_0164,"나 방금 수사관인 척하는 전화 받았는데 완전 황당했어. 어? 무슨 말 했는데? 음, 너 범죄에 연루된 거 조사해야 한다고 하면서 개인정보를 말하래. 그래서 내가, 아니요? 했더니 막 더 세게 말하더라. 와, 너무 수상하다. 진짜 수사관이면 그렇게 대충 안 하겠지. 맞아, 나도 그 생각했어. 이름이랑 주소 확인하겠다고 해서 그냥 끊어 버렸어. 잘했네. 그런 건 한 번만 흔들려도 안 되더라. 그러니까, 순간 속을 뻔했어. 아, 나도 비슷한 전화 받으면 무서울 것 같아. 요즘 이상한 범죄 얘기 많잖아. 응, 그래서 더 조심해야겠더라고. 조사하겠다는 말이 괜히 사람 겁주려는 느낌이었어. 진짜 그런 건 바로 끊고 차단하는 게 답이네. 맞아, 그리고 가족들한테도 알려야겠다. 특히 어르신들은 더 헷갈릴 수 있으니까.",0,B
normal_B_0165,"어제 그 다큐 봤어? 불법 대포통장 개설 범죄 다룬 거. 응 봤어, 생각보다 너무 심각하더라. 나 처음엔 그냥 계좌 거래 얘기인 줄 알았는데, 피해자들이 엄청 많았잖아. 맞아, 누군가는 자기 이름도 모르는 사이에 피해자가 돼 있더라고. 그러니까, 통장 하나 잘못 개설됐다가 여러 사람이 곤란해지는 거 보고 무서웠어. 불법이라는 말이 그냥 과장인 줄 알았는데 실제로는 조직적으로 움직이더라. 응, 거기서 돈 벌어 준다고 접근하는 장면도 너무 현실적이었어. 나였어도 순간 혹할 뻔했다는 게 더 무섭지. 맞아. 근데 그런 거 보면 결국 제일 힘든 건 피해자들이더라. 본인은 아무것도 안 했는데 기록만 남고, 설명하느라 고생하고. 아, 진짜 끔찍하다. 개설이라는 말이 이렇게 무겁게 들릴 줄 몰랐어. 나도 앞으로는 모르는 제안은 무조건 의심하려고. 그게 맞지. 이런 다큐는 좀 찝찝해도 볼 필요가 있더라.",0,B
normal_B_0166,"다큐 보고 나서 한동안 기분이 안 좋았어. 불법 대포통장 개설 이야기가 그렇게 큰 문제인지 몰랐거든. 응, 나도. 그냥 돈 잠깐 빌려주는 거라고 생각하는 사람도 있다는데 완전 잘못된 거더라. 결국 피해자만 생기고, 본인도 큰일 나는 거잖아. 그러니까, 피해자 입장에선 진짜 억울하지. 자기 정보가 어디서 어떻게 쓰였는지도 모를 테고. 맞아, 그 장면에서 인터뷰한 분 표정이 아직도 기억나. 아, 그러게. 개설해 준 사람도 가볍게 생각하면 안 되겠더라. 응, 불법이라는 말이 붙은 건 다 이유가 있지. 나도 주변에서 비슷한 얘기 나오면 바로 말려야겠어. 진짜 그럴 듯하게 속이더라니까. 맞아. 다큐가 좀 무섭긴 했지만 경각심은 확실히 생겼어.",0,B
normal_B_0167,"와, 인터넷 기사 봤는데 서울에서 보이스피싱 일당 남성들 검거됐대. 헉, 진짜? 어떻게 발견된 거야? 그러니까, 경찰이 오래 추적하다가 서울 쪽에서 잡았대. 기사에 보니까 남성 여러 명이 조직적으로 움직였던 것 같더라. 아, 다행이다. 이런 사람들 빨리 잡혀야지. 맞아, 읽다가 속이 좀 시원했어. 근데 피해자들은 얼마나 힘들었을까 싶더라. 응, 그런 기사 보면 늘 그 생각 나. 발견됐다는 표현이 참 다행스럽게 들리더라. 그래도 아직 비슷한 일 하는 사람들이 있을 수 있으니까 조심해야겠지. 맞아맞아. 단톡방에 바로 공유했어, 다들 조심하라고. 잘했어. 서울에서 검거됐다는 소식만큼은 좀 안심된다. 응, 그래도 끝은 아니겠지. 계속 단속해야 해.",0,B
normal_B_0168,"아침에 기사 봤는데 서울에서 남성 일당이 검거됐대. 오, 또 잡혔구나. 응, 경찰이 발견해서 바로 붙잡았다더라. 근데 읽다 보니 진짜 조직적으로 움직였더라고. 아 그래? 그런 기사 보면 참 답답해. 그러니까, 사람들 속여서 괜히 피해 주는 거잖아. 맞아, 그래서 나도 단톡방에 올렸어. 다들 보자마자 어이없다더라. 검거됐다는 건 다행인데, 이미 당한 사람들은 마음고생이 컸겠지. 응, 맞아. 기사에 남성 몇 명이라고 나와서 더 섬뜩했어. 아, 진짜 요즘 세상 무섭다. 그래도 이런 건 빨리 발견돼서 더 큰 피해가 안 생겨야지. 맞아, 앞으로도 비슷한 기사 나오면 서로 공유하자. 응응, 조심하자는 뜻에서.",0,B
normal_B_0169,"어제 회사에서 보안 교육 받았잖아. 아 진짜, 녹취 방법이니 뭐니 하면서 엄청 길더라. 그러니까, 처음엔 그냥 듣고 넘기려 했는데 생각보다 중요한 얘기 많았어. 맞아. 특히 진술 남길 때는 정확하게 말해야 한다고 하던데, 그거 들으니까 괜히 긴장됐어. 응, 잘못 말하면 나중에 확인할 때 헷갈린다더라. 그리고 개인정보도 함부로 주지 말라고 했지. 맞아, 정보라는 게 생각보다 여기저기 새나갈 수 있다더라. 나 솔직히 그런 거 다 외우기 힘들어. 아, 나도. 압수 얘기까지 나오니까 갑자기 무거워지더라. 그러게, 교육인데 약간 훈계 듣는 느낌이었어. 그래도 뭐, 조심은 해야지. 응, 맞아. 녹취한다고 다 해결되는 것도 아니고, 기록 잘 남겨 두는 습관이 중요하다더라. 회사에서 자꾸 이런 걸 강조하는 이유가 있겠지. 맞아, 귀찮아도 지켜야 해.",0,B
normal_B_0170,"오늘 보안 교육 진짜 길었다. 녹취를 어떻게 남겨야 하는지부터 진술은 꼭 사실대로 정리해야 한다고 하고. 음, 나도 들었어. 근데 솔직히 좀 지치더라. 맞아, 계속 정보 정보 하니까 머리가 아플 정도였어. 그래도 개인정보는 정말 조심해야겠더라. 그러니까, 괜히 메모장에 막 적어 두면 안 된대. 아 그래? 그건 몰랐네. 그리고 압수 같은 단어 나오니까 괜히 더 무섭고. 하하, 교육인데 왜 수사 드라마 보는 느낌이었지. 그러니까 말이야. 근데 실제로는 다들 실수하면 안 되니까 그런 거겠지. 맞아. 난 녹취할 일 거의 없는데도 왜 이렇게 긴장됐는지 모르겠다. 정보 관리가 그만큼 중요하다는 거겠지. 응응, 귀찮아도 지켜야지. 다음엔 교육 자료 다시 한번 봐야겠다. 나도 그래야겠어.",0,B
normal_B_0171,"아침에 뉴스 봤는데 진짜 깜짝 놀랐어. 어, 어떤 사건이냐면 누가 남의 명의로 이것저것 하다가 결국 걸린 거 있잖아. 헐 진짜? 응, 수사 들어가고 난리 났더라. 아니 그런 일이 아직도 있어? 그러니까, 나도 보면서 너무 무서웠어. 요즘은 이름이랑 주민번호만 알아도 이상한 데 쓰일 수 있다잖아. 맞아맞아, 그래서 내가 엄마한테도 절대 모르는 데서 전화 오면 정보 함부로 말하지 말라고 했어. 잘했네. 뉴스에서 보니까 명의 도용은 한 번 당하면 되돌리기 엄청 오래 걸린대. 아 진짜? 응, 통장이나 휴대폰 쪽까지 엮이면 더 복잡하대. 에고, 생각만 해도 골치 아프다. 맞아, 그래서 나도 비밀번호 자주 바꾸고, 인증 문자도 꼭 확인하려고.",0,B
normal_B_0172,"나 아까 아침 뉴스 보고 바로 너 생각났어. 왜? 무슨 일인데? 음, 명의 도용 사건 나왔는데 피해자가 그냥 평범하게 살던 사람이더라. 헐, 무섭다. 응, 수사하는 과정도 꽤 길어 보였고, 가족들도 엄청 당황했대. 아 그러면 진짜 조심해야겠네. 그러니까. 나도 괜히 내 이름으로 뭘 신청한 거 있는지 다시 확인해 봐야 하나 싶더라. 맞아, 그런 거 한 번 꼬이면 되게 복잡하잖아. 응응, 그리고 생년월일 같은 정보도 괜히 여기저기 안 적는 게 낫겠다 싶었어. 완전 맞지. 나도 앞으로는 이벤트 참여할 때도 좀 더 살펴볼래.",0,B
normal_B_0173,"아까 진짜 황당한 전화 받았어. 왜 왜? 음, 어떤 수사관이라고 하면서 너 범죄에 연루된 것 같다고 조사받아야 한대. 헐 뭐야 그게? 그러니까 말이야, 목소리는 되게 딱딱한데 계속 급하게 확인하라고 하더라. 아 진짜 수상하다. 나도 바로 끊었어. 잘했네! 혹시나 해서 검색해 보니까 그런 수사관 사칭 전화가 요즘 많대. 아, 무서워라. 응, 괜히 넘어가면 안 되겠다 싶었어. 범죄 같은 단어 계속 들으니까 괜히 심장 뛰더라. 맞아, 그런 건 바로 끊는 게 맞아. 나도 앞으로 모르는 번호는 더 조심할래.",0,B
normal_B_0174,"방금 전화 끊고 나서도 한참 멍했어. 무슨 일인데 그렇게 놀랐어? 어떤 사람이 수사관인 척하면서 네가 뭔가 범죄에 연루됐다고 조사받아야 한다고 했거든. 헐 대박, 그거 완전 이상하다. 응, 말투도 되게 급하고, 자꾸 개인정보 묻길래 이상해서 끊었지. 잘했어 잘했어. 나였어도 소름 돋았을 듯. 그러니까, 처음엔 진짜인가 싶어서 잠깐 헷갈렸는데 말이 안 되잖아. 맞아, 그런 건 무조건 의심해야 돼. 혹시 전화번호 저장해 뒀어? 아 아니, 바로 삭제했어. 다행이다. 이제는 모르는 전화 오면 더 조심해야겠어.",0,B
normal_B_0175,"어제 다큐 봤는데 진짜 충격이었어. 무슨 내용인데? 불법 대포통장 개설 범죄 얘기였어. 헐, 그런 것도 다큐로 나와? 응, 생각보다 쉽게 접근해서 사람들 피해가 크더라. 피해자도 많아 보였어? 엄청 많더라고. 아, 무섭다. 그러니까. 그냥 아르바이트인 줄 알고 했다가 나중에 본인도 피해자가 되는 경우가 있대. 아 진짜? 응, 개설 과정도 되게 수상하게 흘러가더라. 나도 보면서 저런 건 절대 가까이 가면 안 되겠다 싶었어. 맞아, 돈 조금 준다고 해도 이상하면 안 하는 게 맞지.",0,B
normal_B_0176,"나 그 다큐 보고 한참 기분이 안 좋았어. 왜? 불법 대포통장 개설 얘기였는데, 피해자들이 너무 허무하게 당하는 거야. 아, 진짜 속상했겠다. 응, 처음엔 그냥 계좌 하나 만드는 일인 줄 알았다가 나중에 큰일로 번지더라. 개설이라는 말이 이렇게 무섭게 들릴 줄 몰랐어. 그러게, 단어는 평범해 보여도 내용은 완전 다르네. 맞아맞아. 그리고 피해자들 인터뷰 보는데, 본인도 왜 그런 걸 했는지 모르겠다고 하더라. 에구, 괜히 남 일 같지 않네. 그러니까. 우리도 혹시 이상한 제안 오면 무조건 거절해야 돼. 응, 나도 이제 더 조심할 거야.",0,B
normal_B_0177,"야, 기사 봤어? 무슨 기사? 서울에서 대규모 보이스피싱 일당 남성들이 검거됐대. 헉 진짜? 응, 사진도 나왔는데 경찰이 발견했다는 식으로 정리돼 있더라. 와, 다행이다. 그러니까, 서울 한복판에서 그런 일이 있었다니 좀 소름이었어. 맞아, 그런 기사 보면 현실감 확 든다. 응, 단톡방에 바로 공유했더니 다들 반응 엄청 나왔어. 아 진짜? 응, 다들 조심하자고 하더라. 요즘은 기사 보는 것도 공부가 되는 거 같아. 맞아맞아, 이런 건 많이 알려져야지.",0,B
normal_B_0178,"아까 단톡방에 기사 올렸잖아, 봤어? 응 봤지. 서울에서 보이스피싱 일당 남성들이 검거됐다는 거. 맞아, 나도 읽다가 깜짝 놀랐어. 발견된 장소도 생각보다 가까운 느낌이더라. 헐, 그래? 응, 그래서 더 무섭더라고. 그런데 다행히 빨리 잡혀서 피해가 더 커지기 전에 막았대. 아휴, 천만다행이다. 그러니까. 이런 기사 보면 남 일 같지가 않아. 나도 그래서 부모님한테 이런 소식 있으면 바로 알려드리려고 해. 잘했네, 조심해서 나쁠 건 없지.",0,B
normal_B_0179,"회사에서 보안 교육 듣고 왔는데 진짜 피곤했어. 왜? 음, 녹취를 어떻게 남기는지, 진술은 왜 정확해야 하는지 계속 설명하더라. 아, 그런 교육이구나. 응, 듣다 보니 압수 절차니 뭐니 이것저것 나오는데 머리가 복잡했어. 헐 어렵겠다. 그러니까, 나는 그냥 정보만 잘 지키면 되는 줄 알았는데 생각보다 할 게 많더라. 맞아, 개인정보는 진짜 조심해야지. 응, 괜히 메모 하나 잘못 남겨도 문제 될 수 있다니까. 아 그래요? 완전 깐깐하네. 그래서 교육 끝나고도 계속 다시 떠올리면서 정리했어. 에고, 고생했다.",0,B
normal_B_0180,"오늘 교육 내용 때문에 푸념 좀 하자면, 진짜 머리 아팠어. 무슨 얘기 들었는데? 녹취 남기는 방식이랑 진술할 때 표현 조심하라는 거, 그리고 정보 관리 규정까지. 아, 회사가 요즘 엄청 엄격하네. 응, 압수나 조사 같은 말도 예시로 나오는데 왠지 긴장되더라. 맞아, 그런 단어들 들으면 괜히 분위기 무거워지지. 그러니까. 사실 업무하면서도 사소한 정보 하나가 중요하다는 걸 계속 강조했어. 맞는 말이긴 한데 듣는 입장에선 피곤하지. 하하 맞아. 그래도 개인정보는 진짜 중요하니까 어쩔 수 없나 봐. 응, 이제는 메신저로도 함부로 얘기 안 하게 되더라.",0,B
normal_B_0181,"아침 뉴스 봤어? 오늘 진짜 깜짝 놀랐잖아, 아 그 명의도용 사건 나온 거 말이야. 와, 사람 이름이랑 개인정보를 그냥 써버렸대. 응, 수사도 시작됐다더라. 진짜 무섭더라, 내가 듣다가 아 이건 꼭 조심해야겠다 싶었어. 요즘은 문자 하나, 전화 하나도 함부로 보면 안 되겠더라구. 맞아맞아, 특히 계좌나 신분증 사진 같은 거는 더 조심해야 하고. 나도 엄마한테 바로 말했잖아, 모르는 데는 정보 주지 말라고. 그렇지, 그런 사건은 남 일 같지가 않아. 어제도 동네 카페에서 누가 서류 사진 찍는 거 봤는데 괜히 신경 쓰이더라. 아 그래요? 그럼 진짜 더 조심해야겠네. 응, 이름하고 주민번호 같은 거는 절대 대충 알려주면 안 돼. 수사 결과도 나중에 꼭 확인해봐야 할 것 같아. 음, 그러니까 우리 가족끼리도 서로 조심하자고 다시 얘기해 두자. 아침에 들은 사건 중에 제일 찝찝했어.",0,B
normal_B_0182,"아 진짜 뉴스 보고 너무 놀랐어. 명의도용 사건이 그렇게 쉽게 생긴다니 말이 돼? 그러게, 수사 들어갔다고는 하던데 들으면서도 소름이 돋더라. 나도 그래서 바로 친구들한테 연락했잖아, 개인정보 잘 챙기라고. 맞아, 특히 서류나 사진을 아무 데나 보내면 안 된대. 어, 예전에 내가 회원가입할 때도 주소랑 번호를 너무 쉽게 적었나 싶고… 괜히 불안하더라. 그런 사건 한 번 터지면 피해가 오래 가잖아. 응, 그래서 비밀번호도 자주 바꾸고, 이상한 링크는 눌러보지 말아야겠더라. 수사 결과 나오면 또 기사 찾아볼 것 같아. 아 그래요? 나도 그런 거 보면 꼭 끝까지 보게 되더라. 진짜 조심해야 해, 남의 명의를 도용하는 건 생각보다 훨씬 큰 문제인 것 같아.",0,B
normal_B_0183,"아까 이상한 번호로 전화 왔는데, 수사관이라고 하더라. 어? 진짜야? 근데 말투가 너무 어색해서 바로 끊었어. 아 진짜? 수사관이면 그런 식으로 안 하지 않나? 그러니까, 처음부터 범죄 연루 얘기 꺼내면서 조사받아야 한다고 막 그러더라고. 와, 듣기만 해도 이상하다. 나도 순간 멍했는데, 가만 보니까 너무 급하게 말하더라구. 그래서 내가 “죄송한데 다시 확인할게요” 하고 끊어버렸지. 잘했네, 그런 전화는 그냥 받지 마. 맞아맞아, 괜히 따라가면 안 되지. 근데 목소리가 엄청 자신만만했어. 범죄랑 연루됐다는 말도 계속 반복하고. 아 그래요? 완전 전형적이네. 응, 수사관이면 그런 식으로 협박하듯 말 안 할 것 같아. 나중에 생각할수록 웃기면서도 무섭더라. 음, 그니까 진짜 조심해야 해. 너도 모르는 번호면 함부로 조사 얘기 나오면 바로 끊어.",0,B
normal_B_0184,"방금 모르는 데서 전화 왔는데, 수사관이라고 우기더라. 에이 설마? 진짜 황당했어. 처음엔 뭔가 공식적인 줄 알았는데, 계속 범죄 연루됐다고 하면서 조사 받으라고 하길래 바로 이상하더라. 아 그거 완전 수상하다. 맞아, 내가 좀 물어보니까 말이 계속 바뀌어. 그러다가 갑자기 개인정보 확인하자고 해서 나도 어이없어서 끊었어. 잘했어, 그런 건 응대할 필요도 없어. 응, 끊고 나니까 손이 좀 떨리더라. 수사관이면 저렇게 급하게 몰아붙이지 않을 텐데 말이야. 맞아맞아, 괜히 겁주면서 따라오게 만드는 거잖아. 나중에 생각하니까 내가 왜 잠깐이라도 믿을 뻔했나 싶고. 아 그래요? 진짜 조심해야겠다. 그러니까, 모르는 번호는 일단 경계해야 하고 이상한 조사 얘기 나오면 바로 끊는 게 맞아. 나도 이제 번호 저장 안 된 전화는 더 신중하게 받을래.",0,B
normal_B_0185,"어제 다큐 봤는데 불법 대포통장 개설 얘기 나오더라. 아 그거 나도 봤어, 좀 충격이었지. 응, 생각보다 피해자가 많더라고. 그냥 통장 하나 빌려주는 줄 알고 시작했다가 큰일 나는 구조라서 더 무섭더라. 맞아, 불법인 줄 모른 채 휘말리는 사람도 있다니까. 근데 다큐 보니까 개설 과정부터 이상했어. 서류를 대충 넘기고, 누가 봐도 수상한 방식이었지. 진짜 그렇더라, 피해자들 표정이 너무 안타까웠어. 아 그래요? 나도 중간에 괜히 답답해서 멈췄잖아. 결국 돈 조금 받으려고 했다가 책임은 다 떠안는 느낌이더라. 맞아맞아, 그런 대포통장은 절대 손대면 안 돼. 음, 그러니까 주변 사람들한테도 꼭 얘기해야겠더라. 나도 부모님이 보시면 놀라실 것 같아. 다큐 하나 봤을 뿐인데 경각심이 확 생겼어.",0,B
normal_B_0186,"최근에 본 다큐 중에 제일 찜찜했던 게 그 불법 대포통장 개설 이야기였어. 어, 나도 봤는데 진짜 소름이더라. 응, 피해자들이 처음엔 별일 아닌 줄 알았다가 나중에 엄청 고생하잖아. 그러니까, 불법이라는 걸 알고도 무시하면 안 되고 모르고 가담해도 문제가 커지더라고. 맞아, 개설을 쉽게 생각하면 안 되겠더라. 특히 돈 준다, 알바다 이런 말에 넘어가면 안 된대. 아 그래요? 완전 함정이네. 응, 다큐에서 나온 피해자들 이야기 들으니까 마음이 좀 무거웠어. 나도 그 장면 보고 한참 생각했잖아. 대포통장이라는 말은 많이 들어봤는데 실제 과정 보니까 더 무섭더라. 맞아맞아, 결국 누가 피해를 보는지 생각하면 절대 하면 안 되는 거지. 그거 보면서 우리도 주변에 계속 알려야겠다 싶었어.",0,B
normal_B_0187,"야, 서울에서 대규모 보이스피싱 일당 검거됐다는 기사 봤어? 어머, 나 방금 단톡방에서 봤어! 남성 여러 명이 같이 잡혔다고 하더라. 맞아, 기사 사진 보니까 현장에서 뭔가 발견됐다고 써 있던데. 아 진짜? 나도 얼른 눌러봤지. 서울 한복판에서 그런 일이 있었다니까 좀 놀랍더라. 응, 사람들 반응도 엄청 크던데. 우리 단톡방에도 다들 무섭다고 난리였어. 그러게, 검거됐다는 소식은 다행인데 왜 이렇게 많냐 싶어. 맞아맞아, 특히 남성이라고만 나와도 괜히 더 생생하게 느껴지더라. 나는 기사 읽고 나서 부모님한테도 조심하라고 보냈어. 아 그래요? 잘했네. 응, 발견된 증거도 꽤 많다던데 이제 좀 더 단속이 되려나 싶어. 진짜 이런 소식은 널리 공유해야 해.",0,B
normal_B_0188,"서울에서 보이스피싱 일당 검거됐다는 기사 봤지? 응, 나도 봤어. 남성 여러 명이었다고 해서 더 눈에 띄더라. 맞아, 현장에서 이것저것 발견됐다고 하던데 기사 내용이 꽤 자세했어. 그러게, 서울 한복판에서 그런 일이 있었다니 좀 섬뜩했어. 근데 검거됐다는 건 다행이지 뭐. 아 그래요? 나도 읽으면서 속이 좀 시원했어. 단톡방에 바로 공유하니까 다들 링크 어디서 봤냐고 묻더라. 하하, 그럴 만하지. 근데 기사 댓글 보니까 또 다른 사례도 많다더라고. 맞아맞아, 그래서 더 조심해야 해. 남성 일당이 조직적으로 움직였다는 내용이 특히 무섭더라. 응, 이런 건 발견되자마자 빨리 잡아야지. 나중에 부모님한테도 보내드리려고 저장해 놨어.",0,B
normal_B_0189,"회사 보안 교육 들었는데, 아 진짜 피곤하더라. 녹취할 때도 함부로 말하면 안 되고, 진술은 확인해서 남겨야 한다고 계속 그러는 거야. 맞아, 나도 그런 교육 받으면 머리 아프더라. 근데 또 정보는 진짜 조심해야 하잖아. 그러니까, 괜히 아무한테나 공유했다가 사고 나면 압수까지 갈 수 있다면서 엄청 강조하더라고. 아 그래요? 너무 무섭게 얘기하네. 응, 뭐 원칙은 맞는데 듣는 입장에선 좀 숨 막혔어. 나도 메모하다가 “어, 이거까지 외워야 해?” 했잖아. 하하, 진짜 실무보다 교육이 더 빡센 느낌이지. 그래도 녹취 파일 관리나 개인정보 보호는 중요하긴 하더라. 맞아맞아, 실수 한 번이면 큰일 날 수 있으니까. 진술도 대충 적으면 안 된다나 봐. 음, 그러니까 다음부턴 나도 파일 정리 더 꼼꼼히 해야겠어.",0,B
normal_B_0190,"아까 교육에서 녹취랑 정보 관리 얘기했잖아, 그거 듣는데 괜히 푸념 나왔어. 어, 나도 그랬어. 진술 남길 때 표현 하나하나 조심하라고 해서 너무 빡빡하더라. 맞아, 그냥 회의 내용 정리하는 건 줄 알았는데 압수 얘기까지 나와서 순간 정신 없었어. 아 그래요? 그렇게까지 얘기했다고? 응, 개인정보 유출되면 문제 커진다면서 사례도 보여줬거든. 그러니까, 보안 교육이 괜히 있는 건 아니겠지만 듣는 사람은 피곤하지. 나도 중간에 너무 길어서 살짝 멍했어. 하하, 그거 완전 공감. 근데 녹취 파일이나 메신저 기록 같은 정보는 진짜 조심해야겠다 싶더라. 맞아맞아, 나도 집에 와서 다시 확인했잖아. 괜히 대충 넘겼다가 진술 내용 꼬이면 곤란하잖아. 음, 그러니까 앞으로는 문서도 음성도 다 정리 습관을 들여야겠어. 교육은 힘들었는데 내용은 확실히 기억나더라.",0,B
normal_B_0191,"아침 뉴스 봤어? 어, 오늘 진짜 놀랐어. 어떤 사건이 나왔냐면 명의도용 때문에 피해 본 사람들이 많다더라. 이름이랑 주민번호 같은 거 함부로 주면 안 된대. 아 진짜요? 나도 봤어. 수사도 꽤 오래 걸린다던데, 그러니까 더 조심해야겠더라. 맞아맞아, 요즘은 문자나 전화로도 속일 수 있으니까. 그래서 내가 엄마한테도 바로 말했어. 모르는 링크 누르지 말고, 카드나 계좌 관련 정보는 절대 알려주지 말라고. 음, 그거 중요하지. 나는 사실 뉴스 보면서도 설마 했는데, 막상 피해자 얘기 들으니까 무섭더라. 그렇지? 이름만 비슷하게 써도 문제가 생길 수 있대서 깜짝 놀랐어. 그러니까, 우리도 뭐 서류 보내거나 할 때는 한 번 더 확인하자.",0,B
normal_B_0192,"아침에 뉴스를 보다가 깜짝 놀랐어. 명의 도용 사건이 또 나왔더라고. 음, 그냥 개인정보 조금 새는 정도가 아니라 생활이 다 꼬일 수 있다던데? 어 맞아, 수사 들어가고 나서야 알게 되는 경우도 많다더라. 진짜 무섭네. 나도 그래서 가족들한테 연락했어. 신분증 사진 같은 거 메신저로 막 보내지 말고, 꼭 필요한 곳인지 먼저 확인하라고. 아 그래요? 잘했네. 나도 예전에 회원가입할 때 대충 넘겼던 적 있는데, 이제는 비밀번호도 다르게 쓰고 있어. 그러니까, 작은 습관이 중요하더라. 맞아. 그리고 의심스러운 문자 오면 바로 삭제하라고 하더라고. 음, 뉴스에서 보니까 어떤 사람은 본인도 모르게 통장까지 엮였다던데, 진짜 심각하더라.",0,B
normal_B_0193,"아까 막 전화 끊었는데, 와 진짜 황당했어. 모르는 번호였거든? 받았더니 자기가 수사관이라면서 너 범죄에 연루된 거 확인해야 한다는 거야. 어? 진짜로 그런 식이야? 응, 나도 순간 멍했어. 아니라고 하니까 계속 조사 얘기하면서 개인정보 말해 보라는데, 느낌이 이상해서 바로 끊었지. 잘했어, 그런 건 바로 끊는 게 맞아. 나도 좀 떨리더라. 수사관이라고 해도 내가 왜 그걸 믿어야 하냐고. 그러니까, 요즘은 말투만 그럴듯해도 헷갈리게 하잖아. 맞아맞아. 그래서 너한테 바로 전화한 거야. 혹시 내가 너무 급하게 끊었나 싶기도 했는데, 오히려 잘한 거겠지? 당연하지. 진짜 조사 필요한 거면 전화로 그렇게 몰아붙이진 않겠지. 음, 생각만 해도 소름이야.",0,B
normal_B_0194,"아까 모르는 번호가 와서 받았더니, 자기 수사관이라고 하더라. 하하, 아니 무슨 일이야? 아니, 내 번호가 어떤 범죄에 연루됐다고 조사해야 한다면서 막 묻는 거야. 어이없어서 그냥 끊었어. 와, 진짜 이상하다. 나였어도 바로 끊었겠다. 응, 목소리는 되게 침착했는데 더 수상했어. 그러니까, 진짜 수사관이면 그렇게 급하게 개인정보부터 안 물어보겠지? 맞아. 나도 예전에 비슷한 전화 받아서 식겁했거든. 그때는 진짜인 줄 알고 한참 듣다가 말꼬리 이상해서 알아챘어. 아 그래요? 다행이다. 너도 조심해. 요즘은 조사니 확인이니 하면서 사람 불안하게 만드는 경우가 많다더라. 음, 괜히 심장 두근거렸네. 오늘 저녁엔 모르는 번호는 안 받을래.",0,B
normal_B_0195,"어제 밤에 다큐멘터리 봤는데, 불법 대포통장 개설 얘기 나오더라. 아, 나 그거 제목만 봐도 찝찝하던데 봤구나. 응, 생각보다 구조가 복잡하더라. 누가 쉽게 돈 벌 수 있다고 꼬드기고, 결국 피해자만 남는 거야. 그러니까 너무 무섭지. 맞아, 개설 자체가 불법인 걸 모르는 사람도 있다던데? 그러게. 어떤 사람은 자기 통장이 그런 데 쓰인 줄도 몰랐다더라. 와, 진짜 억울하겠다. 피해자 입장에서는 이름만 빌려줬다가 큰일 나는 거잖아. 응응, 그래서 신분증이나 통장 관련해서는 아무한테나 맡기면 안 된대. 음, 나도 보면서 계속 고개 끄덕였어. 이런 건 드라마보다 더 현실 같아서 더 무섭더라. 맞아. 결국 제일 중요한 건, 조금 이상하다 싶으면 바로 거절하는 거겠지.",0,B
normal_B_0196,"나 어제 그 다큐멘터리 봤어. 불법 대포통장 개설 얘기 나오는 거. 어, 그거 나도 봤어. 솔직히 처음엔 좀 어렵나 했는데, 보다 보니 피해자들이 너무 안타깝더라. 맞아, 그냥 한 번 이름 빌려줬다가 인생 꼬이는 경우 있더라고. 그러니까 괜히 대수롭지 않게 보면 안 되겠더라. 음, 특히 개설 과정에서 말이 안 되는 조건을 제시하는 게 제일 수상했어. 응, 나도 그 부분에서 바로 '이건 아니다' 싶었어. 피해자들은 나중에야 알게 되니까 더 답답하고. 아 진짜요? 응, 그래서 다큐 보면서 계속 가족 생각났어. 혹시라도 누가 이상한 부탁하면 무조건 거절해야지 싶더라. 맞아, 불법이라는 말이 괜히 붙는 게 아니지. 결국 피해자는 너무 힘들어지니까.",0,B
normal_B_0197,"서울에서 보이스피싱 일당이 검거됐다는 기사 봤어? 어, 방금 단톡에 누가 올렸더라. 남성 여러 명이 한꺼번에 발견돼서 잡혔다던데, 규모가 꽤 크대. 와, 서울 한복판에서 그런 일이 있었어? 응, 기사 제목만 봐도 놀랐어. 검거됐다는 소식은 다행인데, 뒤에 피해자 얘기까지 보니까 마음이 무거웠어. 맞아맞아. 나도 링크 눌러서 읽어봤는데, 생각보다 오래 준비한 거 같더라. 그러니까 더 조심해야겠지. 응, 단톡방에 다들 이거 보고 한마디씩 하더라.",0,B
normal_B_0198,남성 몇 명이 검거됐다,0,B
normal_B_0199,이런 거 조심하자,0,B
normal_B_0200,"이런 반응이었어. 아 그래요? 다들 반응 빠르네. 나도 부모님한테 기사 캡처 보내드렸어. 낯선 연락 오면 절대 바로 믿지 말라고. 음, 그런 공유는 좋네. 이런 건 많이 알려져야 하니까.",0,B
normal_B_0201,"아침에 뉴스 보다가 진짜 깜짝 놀랐잖아, 명의 도용 사건이 또 나왔대. 어, 나도 봤어. 이름이랑 주민번호 같은 거 잘못 흘리면 바로 악용된다더라? 그러니까 괜히 문자 오는 거 눌러보지 말고, 서류도 함부로 버리지 말라고 하더라. 맞아맞아, 나도 그거 듣고 바로 청구서부터 정리했어. 아, 진짜 조심해야겠더라. 수사도 진행 중이라는데 아직 피해자들 많다네. 헐, 무섭다. 요즘은 그냥 별거 아닌 것 같아도 내 정보는 내가 지켜야겠어. 맞아, 그리고 가족끼리도 계좌번호나 인증번호 같은 건 안 알려주는 게 좋대. 응응, 오늘 부모님한테도 한번 말해드려야겠다.",0,B
normal_B_0202,"아침 뉴스에서 이상한 사건 봤어? 응, 봤지. 명의 도용 얘기 나오는데 완전 소름이더라. 아, 그거 진짜 끔찍했어. 이름만 빌려 써서 대출까지 받았대잖아. 어어, 수사 들어갔다고는 하는데 피해가 커 보이더라. 그러니까 괜히 신분증 사진 같은 거 카톡으로 막 보내면 안 되겠더라구. 맞아맞아, 나도 예전엔 편하게 보냈는데 이제 무섭다. 사건 한번 터지면 복구하는 것도 오래 걸린다네. 진짜요? 응, 그래서 비밀번호도 바꾸고, 알림 설정도 해놨대. 오, 그건 잘했다. 나도 오늘 집 가면 개인정보 들어간 서류부터 한번 볼 거야. 그래그래, 사소한 습관이 제일 중요하더라.",0,B
normal_B_0203,"아까 모르는 번호로 전화 와서 받았더니 수사관이라고 그러는 거야. 어? 진짜? 응, 갑자기 네가 범죄에 연루됐을 가능성이 있다면서 조사해야 한대. 헐 뭐야 그게. 나도 순간 얼었지, 근데 말이 좀 이상해서 바로 끊었어. 잘했어! 그런 건 보통 수상하지. 그러니까, 나도 좀 흔들릴 뻔했는데 개인 정보 말하라길래 이상하더라구. 수사관이면 그런 식으로 전화 안 하겠지? 맞아, 정식 절차가 있지. 아 진짜 황당했겠다. 응, 괜히 불안하게 만들더라. 혹시 또 오면 그냥 안 받을래. 그래그래, 괜히 대응했다가 더 복잡해질 수도 있잖아. 맞아, 요즘 그런 범죄 관련 전화 많다던데 진짜 조심해야겠어.",0,B
normal_B_0204,"야, 나 방금 황당한 전화 받았어. 뭐였는데? 모르는 사람이 수사관이라고 하면서 너랑 내가 범죄에 연루된 조사 중이라네. 엥? 그게 무슨 소리야. 나도 어이없어서, 아니 그게 말이 되냐고 했지. 그러니까, 그런 건 시작부터 이상하잖아. 응응, 계속 이름이랑 주소 말해보라는데 바로 끊었어. 잘했네. 진짜 수사관이면 전화로 저렇게 안 묻겠지? 나도 그렇게 생각했어. 그리고 목소리도 너무 급했어, 뭔가 사람 겁주려는 느낌? 아, 그런 거구나. 응, 다음엔 그냥 모르는 번호는 안 받을까 봐. 그래그래, 괜히 응대하다가 조사니 연루니 말만 듣고 겁먹을 뻔했어. 맞아, 진짜 피곤한 세상이다.",0,B
normal_B_0205,"어제 다큐 봤는데 불법 대포통장 개설 얘기 나와서 좀 충격이었어. 아, 나도 봤어. 생각보다 피해자들이 많더라. 그러니까, 남의 명의 빌려서 통장 만들고 돈을 돌린다니 너무 심하더라. 맞아, 개설 자체도 쉽게 해주면 안 되는데 말이지. 인터뷰 나온 피해자 표정이 계속 기억나. 진짜 안쓰럽더라. 그리고 불법이라는 말이 괜히 붙는 게 아니구나 싶었어. 응, 한 번 엮이면 복잡해진다더라. 나도 그거 보고 괜히 알바 제안 같은 거 더 조심해야겠다 했어. 맞아맞아, 이상하게 계좌 빌려달라는 말 나오면 바로 의심해야 해. 피해자만 힘들지 뭐. 그러니까, 이런 건 주변에도 계속 알려야 할 것 같아.",0,B
normal_B_0206,"그 다큐 봤어? 불법 대포통장 개설 얘기 나온 거. 응 봤지, 좀 답답하더라. 아예 처음부터 이상한 유혹으로 시작하던데. 맞아, 돈 쉽게 준다고 꼬드기는 거 진짜 위험해. 피해자들만 나중에 골치 아프고. 그러니까, 본인도 모르는 사이에 개설에 이름이 쓰이면 얼마나 억울하겠어. 진짜 그렇지. 나는 보면서 아, 이런 건 절대 하면 안 되겠다 싶었어. 어어, 특히 친구가 대신 좀 해달라 해도 안 되는 거구나 싶더라. 맞아, 인간관계도 깨지고 법적으로도 복잡해지고. 다큐 마지막에 나오는 피해자 목소리 듣는데 마음이 무거웠어. 나도. 앞으로는 수상한 제안 오면 바로 거절해야겠다.",0,B
normal_B_0207,"어제 인터넷 기사 봤어? 서울에서 보이스피싱 일당이 검거됐다더라. 아 진짜? 남성 여러 명이었다고 하던데. 응, 기사에선 현장에서 발견된 자료도 많았다더라. 와, 생각보다 규모가 컸나 보네. 그러니까, 서울 한복판에서 그런 일이 벌어졌다는 게 좀 놀랐어. 나도 단톡방에 바로 공유했잖아. 맞아맞아, 다들 조심하라고 말해야지. 검거됐다는 소식은 다행인데 아직 이런 일 많으니까. 응, 기사 댓글 보니까 다들 한숨이더라. 남성들이 조직적으로 움직였다고 해서 더 무섭던데? 맞아, 그러니까 이런 건 발견됐다고 끝이 아니고 예방이 중요하지. 오케이, 나도 가족한테 공유해둘게.",0,B
normal_B_0208,"야, 서울에서 보이스피싱 일당 검거됐대. 어? 남성들이었다고? 응응, 기사 보니까 큰 조직 같더라. 현장에서도 증거가 발견됐다던데. 헐 대박. 이런 기사 볼 때마다 소름 돋아. 그러니까, 서울 한가운데서도 저런 일이 있으니 더 조심해야지. 맞아, 나도 방금 단톡에 올렸어. 다들 읽어봤으면 좋겠더라. 검거됐다고 해도 비슷한 애들 또 생기겠지? 그럴 수도 있지. 아, 진짜 세상 무섭다. 응, 특히 전화나 문자로 이상한 말하면 바로 끊어야 해. 맞아맞아, 기사 내용 보면서 다시 한번 경계하게 됐다.",0,B
normal_B_0209,"오늘 회사 보안 교육 진짜 길지 않았어? 아, 인정. 녹취 얘기만 한참 하더라. 맞아, 상대 말 제대로 기록하고 진술도 남겨야 한다고. 응, 근데 너무 복잡해 보여서 머리 아팠어. 그러니까, 개인정보는 함부로 말하지 말고 필요한 것만 확인하래. 맞아, 그건 알겠는데 자꾸 절차가 늘어나니까 귀찮더라. 아 근데 나중에 문제 생기면 압수나 조사 같은 얘기까지 갈 수 있다니까 무섭긴 해. 진짜? 응, 그래서 정보 관리가 중요하대. 아휴, 듣고 나니 괜히 조심스러워짐. 나도 앞으로는 메모도 대충 안 해야겠다. 맞아맞아, 우리끼리라도 필요한 정보만 공유하자. 그래, 괜히 보안 교육 듣고 나서 더 예민해졌어.",0,B
normal_B_0210,"보안 교육 듣고 나니까 좀 피곤하다, 그치? 어, 맞아. 녹취를 어떻게 남겨야 하는지부터 진술 요령까지 다 설명하던데. 그러니까, 듣는 건 많은데 막상 현장에선 헷갈릴 것 같아. 나도 그 생각했어. 그리고 개인정보는 정말 조심하라고 계속 말하더라. 응, 정보 하나 잘못 나가면 나중에 문제 커진다고. 맞아, 압수 이야기까지 나오니까 괜히 겁났어. 아 진짜요? 응, 서류 정리도 잘해야 하고 기록도 남겨야 한대. 회사가 왜 그렇게 강조하는지 알겠더라. 맞아맞아, 귀찮아도 필요한 부분이겠지. 그래도 매번 교육 들을 때마다 머리가 띵해. 하하, 그러게. 오늘은 퇴근해서 아무 생각 말고 쉬자.",0,B
normal_B_0211,"아침 뉴스 봤어? 아니, 진짜 깜짝 놀랐어. 오늘 아침에 명의 도용 사건 나온 거 봤는데, 내용이 너무 황당하더라. 응? 어떤 사건인데? 그러니까 누가 남의 이름이랑 정보로 이것저것 처리했다는 거야. 수사도 들어갔다고 하더라. 아 그래요? 그런 건 진짜 조심해야겠다. 맞아맞아, 특히 문자나 전화로 뭐 확인하라 그러면 바로 하지 말고 한 번 더 봐야 돼. 나도 요즘은 주소록에 없는 번호는 잘 안 받아. 잘했네. 이런 건 괜히 방심하면 안 되더라. 명의 같은 거 한번 새면 되돌리기 힘들다잖아. 어휴, 진짜 무섭다. 가족들한테도 말해줘야겠네. 응, 엄마 아빠한테도 꼭 알려. 주민등록번호나 인증번호 이런 건 함부로 알려주면 안 된다고. 아, 맞다. 요즘은 앱으로도 확인되는 게 많아서 더 조심해야 되더라. 그니까. 나도 오늘 집 가면 다시 한 번 확인할 거야.",0,B
normal_B_0212,"아침 뉴스에서 그 사건 봤어? 명의 도용 관련해서 수사 들어갔다던데, 아 너무 소름이었어. 어, 봤어 봤어. 나도 출근 전에 잠깐 봤는데, 진짜 남 일 같지가 않더라. 그러니까, 요즘은 정보가 여기저기 돌아다니니까 더 조심해야겠어. 맞아. 내 주변 사람들한테도 꼭 얘기해줘야겠다. 응응, 특히 사진이나 신분증 같은 거 함부로 보내지 말라고. 아, 그리고 이상한 링크도 누르지 말고. 요즘 사건 보면 진짜 별일 다 있더라. 수사 결과 나와야 정확하겠지만, 일단 개인이 조심하는 수밖에 없지. 그렇지. 그냥 귀찮아도 비밀번호 자주 바꾸고, 문자 오면 바로 답장 안 하고 확인하고. 오, 그건 좋은 방법이다. 나도 오늘 저녁에 은행 앱이랑 카드 앱 보안 설정 다시 볼래. 잘했어. 이런 건 미리미리 해야 마음이 놓이더라.",0,B
normal_B_0213,"아까 모르는 번호로 전화 왔는데, 수사관이라고 하더라? 근데 말투가 너무 이상해서 바로 끊었어. 뭐? 수사관이라고 했어? 아 진짜? 응, 그러니까 나한테 범죄 연루된 것처럼 말하면서 조사해야 한다고 그러는 거야. 너무 황당해서 어이가 없더라. 와, 그거 완전 이상하다. 너 잘 끊었어? 응응, 바로 끊고 번호 차단했지. 괜히 더 듣다가는 스트레스받을 것 같아서. 맞아맞아, 그런 전화는 길게 안 받는 게 낫지. 그러게, 나도 순간 진짜인 줄 알았는데 말투가 너무 급하고 이상했어. 범죄니 조사니 하면서 계속 압박하더라. 아휴, 무섭다. 그런 식으로 사람 놀래키는 전화가 있다더니. 응, 진짜 조심해야겠어. 혹시 또 오면 이름이랑 소속 먼저 물어보고, 공식 번호로 다시 확인해야겠지. 그치. 괜히 겁먹지 말고 침착하게 해야 돼. 나도 오늘 일 끝나고 부모님한테도 알려드릴게.",0,B
normal_B_0214,"야, 나 방금 완전 이상한 전화 받았어. 수사관이라면서 나한테 뭐 범죄 연루된 거 아니냐고 계속 묻는 거야. 헐? 진짜? 응, 처음엔 너무 당황해서 대답할 뻔했는데, 갑자기 말이 막 바뀌고 조사해야 한다고 그러더라. 그래서 그냥 끊었어. 잘했네 잘했어. 그런 전화는 바로 끊는 게 맞지. 그러니까, 괜히 계속 듣고 있으면 더 헷갈릴 것 같더라. 맞아, 그런 식으로 불안하게 만드는 거 진짜 별로야. 번호도 생전 처음 보는 번호였어. 아이고, 나 같아도 무서울 듯. 혹시 다시 오면 녹음해 놓고 공식 기관인지 확인해 봐. 어, 맞다. 그런데 그런 식으로 수사관 사칭하는 전화가 많다더라. 응응, 나도 뉴스에서 본 것 같아. 진짜 세상 무섭네. 그래도 네가 침착하게 대응해서 다행이다. 어휴, 오늘 괜히 심장 뛰었어. 저녁에 따뜻한 차라도 마셔야겠다.",0,B
normal_B_0215,"어제 다큐 봤는데, 불법 대포 통장 개설 범죄 다뤘더라. 아 진짜? 나도 그런 거 가끔 제목만 봤지 제대로는 못 봤어. 내용 어땠어? 음, 생각보다 훨씬 심각하더라. 누가 피해자한테 접근해서 통장 개설하게 만들고, 그걸 다른 데에 쓰는 식이었어. 와, 피해자들 너무 억울하겠다. 그러니까. 그냥 서류만 빌려줬다가도 엄청 큰일 나는 거더라고. 불법이라는 말이 왜 그렇게 무서운지 알겠더라. 맞아맞아, 괜히 알바나 쉬운 돈 얘기 나오면 의심해야 해. 응. 다큐 보면서 나도 소름 돋았어. 대포라는 말이 장난처럼 들리는데 실제로는 피해가 엄청 크더라. 아휴, 그런 건 절대 가까이하면 안 되겠다. 응응, 나중에 부모님도 한 번 보시게 해드려야겠어. 이런 건 알아두면 조심하게 되니까.",0,B
normal_B_0216,"그 다큐 나도 봤어! 불법 대포 통장 개설 얘기 나오는데 진짜 답답하더라. 아, 봤구나? 응. 특히 피해자들이 처음엔 별거 아닌 줄 알고 넘어가는 장면에서 너무 마음이 안 좋았어. 그러니까, 남의 일 같지가 않더라. 맞아. 주변에서 괜찮다, 간단하다 이러면 더 조심해야 돼. 개설이라는 말도 평범해 보이지만, 그런 범죄랑 엮이면 완전 큰일이잖아. 응응, 그리고 그걸 이용하는 사람들 너무 나쁘더라. 피해자들 입장에서는 억울해도 이미 늦는 경우도 많고. 아휴, 듣기만 해도 피곤하다. 다큐 끝나고 한참 생각했어. 나도 앞으로 이상한 제안 오면 무조건 거절할 거야. 잘했어. 요즘은 이런 영상 보고 경각심 가지는 게 진짜 중요한 것 같아. 맞아, 나도 오늘 친구들한테 한번 공유하려고.",0,B
normal_B_0217,"단톡방에 기사 봤냐고? 서울에서 대규모 보이스피싱 일당 남성들 검거됐대. 오, 진짜? 서울에서? 응, 아침에 기사 뜬 거 바로 봤어. 발견도 엄청 빨리 됐나 보더라. 그러니까, 경찰이 한참 추적했다는 내용이었어. 와, 다행이다. 그런 사람들 빨리 잡혀야지. 맞아. 특히 남성 몇 명이 조직적으로 움직였다고 하니까 더 무섭더라. 아휴, 서울 쪽 기사라서 더 현실감 있었어. 응응, 그래서 내가 바로 단톡에 공유했지. 다들 조심하라고. 잘했네. 이런 거 자주 봐야 대비가 되지. 그러게. 나도 기사 읽고 나서 모르는 번호 더 안 받으려구. 맞아, 괜히 한 번 방심하면 안 돼. 검거됐다는 소식은 반갑긴 하다. 응, 근데 이런 사례는 계속 나오니까 여전히 주의해야겠더라. 그치. 나중에 모임 가면 이것도 한번 얘기하자.",0,B
normal_B_0218,"야, 나 지금 기사 봤는데 서울에서 보이스피싱 일당 남성들 검거됐대! 헉 진짜? 아까 단톡에 올라온 그거야? 응응, 맞아. 나도 바로 읽었는데, 현장에서 발견돼서 잡혔다고 하더라. 와, 시원하다. 진짜 빨리 검거돼서 다행이네. 그러니까, 이런 기사 보면 괜히 속이 좀 풀려. 남성들 여러 명이 역할 나눠서 움직였다는 내용도 있던데, 읽기만 해도 피곤했어. 맞아, 그런 조직은 진짜 무섭지. 서울에서 그렇게 크게 움직였다니 더 놀랍다. 응, 그래서 내가 가족한테도 바로 전달했어. 모르는 전화 조심하라고. 잘했어 잘했어. 이런 건 공유 많이 할수록 좋지. 맞아. 발견됐다는 표현 보니까 현장 대응도 빨랐나 봐. 어휴, 이런 기사 덕분에 다시 한 번 정신 차리게 된다. 나도 오늘 친구들한테 보내야겠다.",0,B
normal_B_0219,"아, 오늘 회사 보안 교육 진짜 길었어. 녹취 방법이니 진술 기록이니 설명하는데 머리가 다 아프더라. 아 그래? 나도 그런 교육 들으면 집중이 잘 안 되더라. 응, 그런데 개인정보 보호는 진짜 중요하긴 하대. 맞아맞아, 정보는 한 번 새면 끝이잖아. 그러니까, 강사님이 계속 강조하더라. 녹취할 때도 아무 말이나 하면 안 되고, 동의 절차도 잘 봐야 한다고. 오, 그건 맞지. 근데 설명이 너무 길어서 좀 지루했어. 하하, 그럴 만하지. 아, 그리고 진술 관련한 자료도 함부로 돌리면 안 된다고 하더라. 어휴, 회사는 왜 이렇게 챙길 게 많냐. 그래도 알아둬야지. 압수니 뭐니 이런 말 들으니까 괜히 긴장되더라. 아, 법적인 얘기 나오면 확 피곤해짐. 그래도 이번 기회에 다시 기억해둬야겠어.",0,B
normal_B_0220,"회사 보안 교육 듣고 나서 괜히 피곤했어. 녹취할 때 어떻게 해야 하는지, 진술은 어떻게 남겨야 하는지 막 설명하는데 너무 길더라. 아, 나도 그런 교육 들으면 졸려. 근데 정보 관리 안 하면 큰일 난다니까 어쩔 수 없지. 그러니까, 맞는 말이긴 한데 듣는 사람은 힘들어. 압수 같은 말도 나오고 하니까 괜히 엄숙해지더라. 아 그래? 뭔가 무섭네. 응, 그래서 내가 괜히 메모는 했어. 개인정보는 따로 보관하고, 공유도 최소한으로 하라고 하더라. 그건 맞지. 근데 현실에선 다 지키기 쉽지 않잖아. 맞아, 그래서 습관처럼 해야 된대. 아휴, 오늘 교육 때문에 머리 아파서 커피 한 잔 더 마셔야겠어. 나중에 너도 자료 받으면 한번 봐봐. 어, 그래야겠다. 나도 이런 정보는 한번 들으면 잊어버리니까 다시 확인해야 돼. 응응, 귀찮아도 중요하긴 하니까.",0,B
normal_B_0221,"아침에 뉴스 봤는데 진짜 깜짝 놀랐어. 명의 도용 사건이 크게 났다더라, 아니 이런 일이 아직도 있나 싶었어. 응? 어떤 사건인데? 음, 누가 남의 이름으로 뭔가를 막 처리해서 피해가 컸대. 수사도 시작됐고 아직 조사 중이라던데, 듣기만 해도 소름이야. 아 진짜 무섭다. 그러니까 요즘은 문자나 전화 와도 바로 확인해야 돼. 맞아맞아, 나는 괜히 링크 같은 거 누르지 말아야겠더라. 저번에 비슷한 얘기 들었을 때도 설마 했는데, 막상 기사 보니까 더 조심해야겠어. 명의 같은 거 함부로 알려주면 안 되겠다. 그러게, 주민번호나 그런 정보는 더더욱 말이야. 가족들한테도 오늘 꼭 얘기해줘야겠다. 아 진짜, 우리 엄마도 이런 뉴스 보면 잘 속을까 봐 걱정이야.",0,B
normal_B_0222,"오늘 아침에 뉴스 켰다가 명의 도용 사건 보고 완전 놀랐어. 어휴, 생각보다 심각하더라. 진짜요? 뭐가 그렇게 컸는데? 음, 피해자가 여러 명이었고 수사 들어갔다고 하더라. 이름이랑 정보가 새서 그런 거라는데, 듣는 순간 나도 정신이 번쩍 들었어. 아… 무섭다. 그러니까 요즘은 서류든 뭐든 그냥 대충 넘기면 안 되겠더라. 맞아, 나도 예전엔 별일 없겠지 했는데 이제는 못 그러겠어. 사건 하나가 이렇게 커질 수 있구나 싶더라. 응, 그리고 도용 당하면 되돌리기도 복잡하다잖아. 수사 결과 나올 때까지는 조심해야지. 나 오늘 동생한테도 전화해서 조심하라고 할 거야. 그래 그래, 그런 건 꼭 알려줘야 해. 괜히 남 일 같지가 않네.",0,B
normal_B_0223,"아까 막 전화를 끊었는데, 어떤 사람이 수사관이라고 하면서 이상한 말을 막 하더라. 어, 진짜? 무슨 일이야? 음, 내 이름을 대면서 범죄에 연루된 것처럼 말하길래 너무 황당해서 바로 끊었어. 와, 그거 완전 이상하다. 수사관이면 그렇게 전화 안 하지 않나? 그러니까, 나도 이상해서 검색해봤거든. 조사니 뭐니 하면서 계속 압박 주는 말투였어. 아 진짜 소름. 괜히 떨려서 손까지 좀 식었어. 맞아, 그런 전화는 일단 끊는 게 맞지. 응, 그리고 괜히 따라 말하다가 더 이상해질까 봐 그냥 끊었어. 범죄랑 연루됐다는 식으로 말하길래 순간 멍했는데, 생각해 보니까 완전 수상하더라. 잘했어, 그거 함부로 답하면 안 돼. 나도 이런 거 처음이라 너무 어이없어. 저 사람 진짜 수사관 맞는 척한 거겠지? 아마도. 다음엔 번호 확인부터 해야겠다.",0,B
normal_B_0224,"조금 전에 모르는 번호로 전화 와서 진짜 당황했어. 수사관이라고 하면서 나한테 조사할 게 있다고 하더라. 어머, 진짜? 뭐라고 했는데? 음, 내가 뭘 범죄랑 연루된 것처럼 말하면서 이름이랑 이것저것 물어봤어. 듣자마자 이상해서 바로 끊었지. 와, 잘했어. 그런 전화는 보통 수상하잖아. 맞아, 나도 느낌이 너무 이상했어. 괜히 진술 같은 말까지 하길래 더 이상했어. 아… 그런 식으로 압박하는 거구나. 응, 그래서 바로 너한테 말하려고 전화한 거야. 진짜 황당해서 웃음만 나와. 조사할 거면 정식으로 연락하겠지, 그렇지? 그렇지, 절대 그렇게 막 물어보지 않아. 나 오늘 완전 한 번 놀랐다. 앞으로는 모르는 번호는 더 조심해야겠다. 아 진짜, 나도 그런 전화 오면 바로 끊을 거야.",0,B
normal_B_0225,"어제 다큐 봤는데 불법 대포통장 개설 얘기가 나오더라. 와, 그런 걸 다큐로도 다루는구나. 응, 생각보다 심각했어. 누가 쉽게 돈 벌 수 있다고 속여서 피해자들한테 피해가 갔대. 아 진짜 너무하다. 그러니까, 겉으로는 간단한 일처럼 보여도 결국 불법이잖아. 맞아맞아. 개설만 해주면 된다고 접근하는 장면 보는데 좀 소름이었어. 피해자들이 나중에 알게 되는 과정도 답답했고. 아… 그거 되게 무섭네. 나도 그런 건 절대 하면 안 되겠다 싶었어. 응, 괜히 한 번에 큰돈 준다 이런 말에 넘어가면 안 되더라. 다큐 보니까 더 실감 났어. 나중에 문제 생기면 본인도 곤란해질 수 있잖아. 맞아, 피해자도 생기고 본인도 망가지는 거지. 그러니까. 괜히 호기심으로 볼 내용은 아니더라.",0,B
normal_B_0226,"다큐에서 불법 대포통장 개설 이야기 나오는데 진짜 답답했어. 어, 그거 봤어? 나도 비슷한 거 본 적 있어. 응, 처음엔 그냥 아르바이트처럼 말하더니 사실은 불법이더라고. 와, 너무 위험하다. 특히 피해자들 얘기 나올 때 마음이 안 좋았어. 그러게, 겉으론 쉬워 보여도 결국 누군가를 속이는 거니까. 맞아, 개설해 주는 순간부터 꼬이는 거 같아. 나도 중간에 멈추고 계속 봤어. 진짜 이상한 일이다 싶어서. 응, 그리고 주변에서 혹시 그런 말 나오면 바로 피해야겠다 싶더라. 아예 손대면 안 되지. 맞아, 그런 건 한 번만 엮여도 골치 아프잖아. 다큐 보고 나니까 괜히 내가 더 조심스러워졌어. 나도 그래. 이런 건 많이 알려져야 해.",0,B
normal_B_0227,"서울에서 대규모 보이스피싱 일당 남성이 검거됐다는 기사 봤어? 와, 방금 단톡방에 올라온 거 봤어. 응, 서울에서 발견됐고 검거까지 됐다더라. 진짜 다행이다. 남성 여러 명이 연관돼 있었다는 얘기도 있던데, 어휴. 맞아, 기사 읽어보니까 규모가 꽤 컸어. 사람들 반응도 엄청 빠르더라. 그러게, 이런 건 빨리 잡혀야 해. 나도 기사 링크 보고 바로 공유했어. 아, 잘했어. 요즘 이런 소식은 다 같이 알아야지. 맞아, 괜히 남 일 같지가 않아서. 서울에서 그런 일당이 발견됐다는 것만으로도 좀 안심된다. 응, 근데 또 다른 데서 비슷한 일이 생길까 봐 조심해야겠더라. 그러니까, 기사 봤다고 끝이 아니라 우리도 경계해야지. 맞아맞아, 단톡방에도 한 번 더 알려야겠다.",0,B
normal_B_0228,"아까 서울에서 보이스피싱 일당 남성들 검거됐다는 인터넷 기사 봤어? 응, 나도 봤어! 진짜 통쾌하더라. 맞아, 기사에 따르면 경찰이 발견하고 바로 검거했다던데. 어휴, 그래도 다행이다. 이런 일은 빨리 잡혀야 마음이 놓여. 그러게, 남성 여러 명이 같이 움직였다는 내용이 좀 충격이었어. 나 단톡방에 바로 올렸더니 다들 난리났잖아. 아, 그랬구나. 다들 조심하자는 반응이었겠다. 응, 서울이라 더 눈에 띄는 것 같기도 하고. 맞아, 우리 동네랑도 멀지 않으니까 더 신경 쓰이더라. 기사 보면서 괜히 소름 돋았어. 나도. 그래도 검거됐다는 소식이 있어서 좀 나아졌어. 이런 건 계속 기사로 봐야겠다. 맞아, 안 그러면 금방 잊어버리니까. 단톡방에 공유한 거 잘했어.",0,B
normal_B_0229,"회사 보안 교육에서 녹취에 대해 엄청 강조하더라. 아, 그거 나도 들었어. 진짜 길지 않았어? 응, 길기도 길었는데 계속 메모하라고 해서 정신 없었어. 녹취를 잘 해두면 나중에 진술이나 확인할 때 도움이 된다고 하더라. 맞아, 근데 솔직히 좀 피곤했어. 그러니까, 업무하다가도 개인정보 정보는 더 조심하라고 계속 말하잖아. 응, 압수 같은 얘기도 예시로 나와서 괜히 긴장됐어. 아 진짜? 교육에서 그런 말까지 했어? 응, 사건 생기면 자료가 어떻게 관리되는지까지 설명하더라. 근데 너무 딱딱해서 졸릴 뻔했어. 맞아, 그래도 필요한 내용이긴 하지. 응, 알아. 근데 너무 반복해서 듣다 보니 머리 아프더라. 나중엔 내가 자료 정리할 때도 더 조심해야겠다고 생각했어. 그래, 정보는 한 번 새면 끝이잖아. 맞아맞아, 괜히 귀찮다고 넘기면 안 되겠더라.",0,B
normal_B_0230,"아 회사 보안 교육 진짜 힘들었어. 녹취 얘기만 몇 번을 듣는지 모르겠다. 아, 맞아. 나도 정신없었어. 응, 특히 진술 남길 때는 정확해야 하고, 개인정보 정보는 함부로 저장하면 안 된다고 하더라. 와, 생각보다 까다롭네. 그러니까, 나중에 문제 생기면 압수될 수도 있다고 사례까지 말해줘서 좀 무서웠어. 진짜요? 교육이 갑자기 현실적으로 느껴졌겠네. 응, 그래서 괜히 메모만 잔뜩 했어. 근데 듣다 보니 맞는 말이긴 하더라. 아, 나도 그런 생각 했어. 귀찮아도 지켜야겠다 싶었지. 맞아, 특히 파일 정리할 때 습관처럼 넘기면 안 되겠더라. 녹취 같은 것도 그냥 넘기면 안 되고. 응, 그리고 정보는 필요한 사람만 봐야 하니까. 하… 회사 다니려면 신경 쓸 게 많아. 그러게 말이야. 그래도 교육 덕분에 한 번 더 조심하게 되긴 했어.",0,B
normal_B_0231,"아침에 뉴스 보는데 진짜 깜짝 놀랐어. 어, 명의도용 사건이 또 났대. 이름이랑 주민번호 같은 정보가 새나가면 이렇게 되는구나 싶더라. 수사 들어갔다고 하던데, 괜히 남 일 같지가 않더라니까. 맞아맞아, 요즘은 진짜 조심해야 돼. 나도 그래서 비밀번호랑 인증 같은 거 다 다시 바꿨어. 아 그래요? 잘했다. 나는 예전에 어디서 링크 잘못 눌러서 식겁한 적 있거든. 그래서 더 무서워. 그러니까, 이런 사건은 한번 당하면 되돌리기 어렵잖아. 명의 도용은 특히 더 그렇고. 응, 맞아. 가족한테도 말해줘야겠다 싶었어. 모르는 문자 오면 바로 누르지 말고, 이상하면 꼭 확인하라고. 진짜 그게 제일 중요해. 아 진짜, 아침부터 괜히 심장 철렁했어.",0,B
normal_B_0232,"나도 방금 뉴스로 봤어. 무슨 사건이 그렇게 크게 났나 했더니 명의 도용이라더라. 수사도 시작됐다고 하고, 피해자들이 꽤 많다던데? 아 그래? 어휴 진짜 무섭다. 나도 엄마한테 바로 말했어, 모르는 곳에 정보 함부로 안 적으라고. 맞아, 특히 요즘은 이름만 알아도 이것저것 시도하니까 더 조심해야 돼. 그치. 수사 결과 나올 때까지는 괜히 소문만 믿지 말고, 개인 정보는 꼭 스스로 지켜야겠더라. 아 맞다. 나도 오늘 카드 앱 비밀번호 바꿔야겠다. 그리고 문자 오는 링크 같은 거 절대 안 누르려고. 응응, 그게 제일 나아. 아침 뉴스가 괜히 나온 게 아니더라. 진짜 조심해야지.",0,B
normal_B_0233,"아까 모르는 번호로 전화 왔는데, 자기가 수사관이라고 하면서 나한테 범죄 연루 확인해야 한대. 아니 진짜 어이없어서 바로 끊었어. 어? 뭐 그런 전화가 다 있어? 응, 나도 순간 멍했는데 말이 너무 이상하더라. 조사한다면서 이름이랑 주소를 막 물어보고, 계속 급하게 말하길래 더 수상했어. 맞아, 그런 건 거의 이상한 거지. 나도 예전에 비슷한 전화 받은 적 있는데, 수사관이라고 해도 바로 믿으면 안 되더라. 그러니까. 내가 살짝 받아주니까 더 묻지도 않고 넘어가더라고. 아 진짜? 별일이네. 혹시 그 사람들 범죄 얘기 꺼내면서 겁주진 않았어? 응응, 막 뭐에 연루된 것처럼 말하더라. 근데 생각해 보니까 진짜 말도 안 돼서 그냥 끊었어. 잘했어 잘했어. 그런 전화는 계속 듣고 있으면 오히려 휘말릴 수 있잖아. 맞아, 그래서 나도 가족들한테 알려야겠어. 모르면 그냥 끊고 직접 확인하라고. 그러는 게 맞지.",0,B
normal_B_0234,"헐, 나도 그런 전화 받아본 적 있어. 수사관이라고 하면서 조사 좀 하자고 하길래 순간 진짜인가 했는데, 말투가 너무 급하고 이상하더라. 어, 나도 그랬어. 범죄 연루 여부 확인해야 한다고 막 그러는데, 듣다 보니까 완전 수상했어. 맞아, 정상적인 전화면 그렇게 겁주듯 말 안 하지. 그래서 나는 그냥 “죄송한데 직접 확인해보겠습니다” 하고 끊었어. 잘했다. 괜히 오래 붙잡혀 있으면 더 헷갈리더라. 응, 그리고 나중에 생각해 보니까 그런 식으로 사람 속이려는 거였을 수도 있겠다 싶었어. 그러니까. 조사 얘기만 나오면 괜히 겁먹게 만들잖아. 근데 진짜 웃긴 건, 번호도 이상했어. 아 그래? 그럼 더 말할 것도 없네. 앞으로는 수상하면 바로 끊고, 공식 번호로 다시 확인하는 수밖에 없겠다. 응응, 그게 제일 안전해.",0,B
normal_B_0235,"어제 다큐멘터리 봤는데, 불법 대포통장 개설 이야기가 나오더라. 와, 생각보다 조직적으로 하더라고. 아 진짜? 나 그런 거 잘 몰랐는데, 피해자들만 더 힘들겠네. 응, 특히 돈이 오가니까 피해자들이 나중에 억울하게 엮이는 경우도 있대. 무섭다. 나도 봤는데, 개설 과정이 진짜 교묘하게 나오더라. 그냥 아르바이트인 줄 알고 넘어가는 사람도 있다던데? 맞아, 그 부분이 제일 문제지. 불법인 줄 모르고 시작해도 결국 피해가 커지니까. 그러니까 말이야. 나도 보면서 “이건 절대 하면 안 되겠다” 싶었어. 피해자 입장에서는 정말 황당하겠더라. 응응, 다큐 보니까 왜 조심해야 하는지 확실히 알겠어. 주변에도 꼭 알려야지.",0,B
normal_B_0236,"나도 그 다큐 봤어. 처음엔 그냥 금융 얘기인 줄 알았는데, 불법 대포통장 개설이 얼마나 문제인지 자세히 나오더라. 아 그래? 나도 좀 충격이었어. 개설했다고 끝나는 게 아니라, 나중에 피해자한테까지 피해가 가니까 진짜 심각하더라. 응, 맞아. 그게 그냥 가벼운 일이 아니더라니까. 그리고 인터뷰 나온 사람들 보니까, 자기들이 왜 피해자라고 말하는지 이해가 갔어. 어어, 괜히 이름만 빌려줬다가 큰일 나는 거지. 그러니까 그런 제안 오면 무조건 의심해야 돼. 맞아맞아. 다큐 보고 나서 나도 “세상에 공짜가 없다”는 말이 딱 떠올랐어. 하하, 진짜 그렇지. 나중에 시간 되면 너도 한번 봐봐, 경각심 생기더라.",0,B
normal_B_0237,"야, 서울에서 보이스피싱 일당이 검거됐다는 기사 봤어? 단톡방에 누가 올렸길래 바로 읽었는데, 진짜 규모가 크더라. 어, 나도 봤어! 남성 몇 명이 한꺼번에 발견됐다던데? 맞아, 서울 쪽에서 붙잡혔다고 해서 좀 놀랐어. 이런 일은 뉴스로만 보는 줄 알았는데. 그러니까. 기사 보니까 오래 추적하다가 검거한 거래서 수고 많았겠더라. 응응, 이런 건 빨리 잡혀야지. 근데 단톡방 반응이 다들 “헐” 이러면서 난리였어. 하하, 나도 그랬을 듯. 남성 일당이 그렇게 큰 조직이었다니 좀 소름이야. 맞아, 그래서 요즘은 모르는 연락 오면 더 조심해야겠더라. 기사 공유해줘서 잘 봤다 싶었어.",0,B
normal_B_0238,"아 나도 그 기사 봤는데, 서울에서 검거됐다는 부분 보고 바로 가족들한테도 얘기했어. 남성 여러 명이 발견됐다고 하니까 진짜 조직적으로 움직였나 보더라. 응, 나도 그 생각했어. 단순한 장난이 아니라 진짜 심각한 문제인 거지. 맞아, 기사에 나온 내용 보니까 경찰이 꽤 오래 추적했더라고. 검거되기까지 힘들었겠던데. 그러게. 그래서 더 안심되긴 했어, 잡혔다는 소식이라도 있으니까. 근데 또 비슷한 일이 언제든 생길 수 있으니 계속 조심해야겠지. 아 맞아. 단톡방에서 다들 “서울에서 또?” 이러면서 놀라더라. 하하, 나도 읽으면서 계속 고개 끄덕였어. 이런 기사는 공유해두는 게 좋은 것 같아.",0,B
normal_B_0239,"오늘 회사 보안 교육 진짜 길더라. 녹취할 때도 함부로 하면 안 되고, 진술 내용도 개인정보랑 엮이면 조심해야 한다고 하더라. 아, 맞아. 나도 그거 듣고 좀 피곤했어. 압수 얘기까지 나오니까 분위기가 너무 무거워지더라. 그러니까. 근데 정보 보호는 중요하긴 하지. 응, 맞긴 한데 너무 반복해서 들으니까 머리가 아프더라. 녹취 파일도 그냥 저장만 하면 끝이 아니고, 권한도 따로 관리해야 한다고 하고. 어어, 그건 맞지. 잘못 다루면 문제 커지니까. 그래도 회사에서 자꾸 강조하니 실수는 줄겠지. 맞아맞아. 나도 오늘부터는 메모든 파일이든 더 조심하려고. 귀찮아도 정보는 함부로 넘기면 안 되겠더라.",0,B
normal_B_0240,"아, 오늘 보안 교육 때문에 진이 빠졌어. 녹취 자료 다루는 법부터 진술 보관, 또 압수될 수 있는 자료 관리까지 설명하는데, 너무 길었어. 진짜? 나도 그런 교육 들으면 멍해지더라. 근데 정보 보호는 한 번 삐끗하면 큰일이라서 계속 말하는 거겠지. 맞아, 그건 알겠는데 현실적으로 헷갈릴 때가 많아. 특히 파일 공유할 때 뭐가 민감한 정보인지 일일이 확인해야 하잖아. 응응, 그게 은근 스트레스야. 그래도 교육에서 알려준 대로만 하면 실수는 덜하겠지. 맞아. 그리고 녹취도 아무 데나 남기면 안 된다고 하니까, 나중에 다시 한번 정리해봐야겠어. 아휴, 회사 다니기 쉽지 않다. 그래도 이런 거 챙겨야 사고를 안 내니까 어쩔 수 없지.",0,B
normal_B_0241,"아침 뉴스 봤어? 아 진짜 깜짝 놀랐잖아, 명의 도용 사건 나왔더라. 어, 나도 봤어. 이름이랑 주민번호 비슷한 거만 알아도 이런 일이 생긴다니까 너무 무섭더라. 맞아맞아, 수사도 시작됐다던데 아직 피해가 더 있을 수 있대. 그러니까 요즘은 진짜 문자도 함부로 누르지 말고, 카드나 계좌 내역도 자주 확인해야 할 것 같아. 나도 아까 뉴스 보면서 아, 이건 남 얘기가 아니구나 싶었어. 특히 명의가 한 번 도용되면 되돌리기 되게 복잡하대. 으응, 그래서 가족들한테도 말해 줘야겠더라. 엄마 아빠도 이런 사건 나면 무조건 바로 은행이랑 경찰에 문의하라고. 그래 그래, 그리고 비밀번호도 다 똑같이 쓰면 안 돼. 아 맞다, 나 지난번에 비슷한 거 들은 적 있는데 그때도 수사 과정이 오래 걸렸대. 진짜? 하, 괜히 뉴스가 무서운 게 아니네. 오늘 집 가서 동생한테도 조심하라고 해야겠다.",0,B
normal_B_0242,"아침에 밥 먹다가 뉴스 틀어놨는데, 명의 도용 사건이 크게 나왔더라. 어머, 그런 사건 또 있었어? 응, 수사 들어갔다고 하던데 피해자가 꽤 많아 보이더라고. 아 그래요? 그러면 진짜 조심해야겠네. 맞아, 특히 서류 사진 찍어서 보내라는 거 있으면 한 번 더 의심해야 해. 나도 순간 멍했어, 아니 어떻게 남의 명의로 그렇게 쉽게 도용을 하지? 그러니까, 요즘은 개인정보가 너무 쉽게 새는 것 같아. 뉴스 보면서 괜히 내 통장 생각나더라. 아, 나도. 그리고 수사 결과 나오려면 시간 좀 걸린다던데 그동안 피해자들이 제일 힘들지. 맞아 맞아, 피해 복구가 쉽지 않다잖아. 우리 부모님한테도 말해 드리자. 전화로 뭘 확인한다면서 이름이랑 주소, 그런 거 묻는 건 무조건 조심하라고. 응, 나도 오늘 단체방에 한번 올려야겠다.",0,B
normal_B_0243,"방금 이상한 전화 끊었는데, 하 진짜 황당해. 왜? 무슨 일이야? 아니 갑자기 자기가 수사관이라고 하면서 내 이름을 대더니 범죄 연루된 것처럼 말하더라고. 어? 진짜야? 응, 그래서 내가 뭐냐고 물어보니까 조사해야 한다, 어디로 가라 이러는 거야. 와, 너무 수상하다. 완전 수사관 사칭이네. 그러니까, 목소리는 그럴듯한데 말이 계속 꼬이고 질문만 하길래 바로 끊었어. 잘했지? 응응, 그런 전화는 오래 들을 필요도 없어. 나도 순간 내가 뭘 잘못했나 싶었는데, 생각해 보니까 범죄 연루된다는 식으로 사람 겁주는 게 딱 이상하더라. 맞아, 진짜 조심해야 해. 조사한다고 하면서 개인정보 물어보면 그냥 끊는 게 낫지. 아, 맞다 나도 뉴스에서 비슷한 수법 봤어. 수사관 이름 대면서 협박 비슷하게 한다고. 아휴, 괜히 심장 뛰었잖아. 이제 모르는 번호는 일단 조심할게.",0,B
normal_B_0244,"야 나 방금 모르는 번호 받았는데, 진짜 웃기지도 않더라. 왜? 수사관인 척하면서 범죄에 연루된 사람 조사 중이라고 막 그러는 거야. 어머, 뭐야 그거? 응, 처음엔 좀 떨렸는데 듣다 보니까 말이 이상해서 바로 끊었어. 잘했어 잘했어. 그런 건 길게 상대하면 안 돼. 나도 혹시 진짜인가 싶었는데, 생각해 보니까 조사 방식이 너무 뜬금없더라고. 그러니까, 요즘 사칭 전화 많다잖아. 혹시 너한테도 개인정보 요구했어? 응, 생년월일이랑 주소 비슷한 거 물어보려 하더라. 아 진짜 별걸 다 묻네. 완전 범죄 수법이지 그거. 맞아, 그래서 나 너무 기분 나빴어. 괜히 한참 긴장했네. 다음엔 아예 모르는 번호는 안 받을까 봐. 그래, 받아도 이상하면 바로 끊어. 그리고 가족들한테도 이런 거 조심하라고 알려 줘.",0,B
normal_B_0245,"어제 다큐 봤는데 불법 대포통장 개설 얘기 나오더라. 아 그거 나도 봤어! 진짜 충격이었어. 응, 단순히 통장 하나 빌려줬다가 피해자가 얼마나 생기는지 보니까 무섭더라. 맞아, 피해자들은 자기 이름이 엮여서 더 복잡해지잖아. 그러니까, 불법인 줄 모르고 시작했다가도 결국 크게 다치더라. 나도 처음엔 그냥 계좌 관련 이야기인 줄 알았는데, 대포통장 개설이 그렇게 조직적으로 돌아가는지 몰랐어. 와, 세상에. 그리고 중간에 피해자 인터뷰 나왔는데 너무 안타깝더라. 응, 본인은 아무것도 안 했는데도 피해자로 남는 경우가 많다잖아. 맞아맞아, 그게 제일 속상하지. 그러니까 이상하게 돈 빌려주면 수수료 준다, 통장 써도 된다 이런 말은 무조건 피해야 해. 그래, 다큐 보니까 교묘하게 속이더라. 아 진짜 경각심 생겼어.",0,B
normal_B_0246,"나 그 다큐 봤는데, 불법 대포통장 개설 장면이 진짜 소름이었어. 어 맞아, 나도 보다가 중간에 멈췄잖아. 왜 그렇게까지 하나 싶더라. 그러니까, 피해자 입장에서는 억울해서 미칠 것 같지. 특히 자기 이름으로 통장이 만들어졌다는 얘기 나오니까 완전 무섭더라. 응, 그게 바로 개설 과정이 불법으로 이용되는 거잖아. 맞아, 그냥 쉽게 넘길 일이 아니더라. 그리고 피해자들한테는 나중에 해명하는 데도 시간 오래 걸린다던데, 너무 답답했어. 아휴, 그러니까 아예 처음부터 조심해야 해. 나는 앞으로 통장이나 카드 관련해서 누가 이상한 말하면 무조건 끊을 거야. 잘 생각했어. 다큐가 좀 무겁긴 했는데, 그래도 봐 두면 도움 되더라. 응, 맞아. 덕분에 조심할 포인트를 확실히 알겠더라.",0,B
normal_B_0247,"서울에서 대규모 보이스피싱 일당 남성들 검거됐다는 기사 봤어? 단톡방에 누가 올렸길래 바로 봤지. 아 진짜? 오, 드디어 잡혔네. 응, 서울에서 검거됐다고 하더라. 남성 여러 명이 연관돼 있었고, 현장에서 증거도 발견됐대. 와, 다행이다. 그런 기사 보면 괜히 속이 시원해. 맞아, 나도 읽는데 어휴 싶더라. 근데 또 비슷한 수법은 계속 나오니까 방심하면 안 되겠지. 그러니까, 기사 댓글에도 다들 조심하자고 하더라. 아 근데 발견된 증거가 꽤 많았나 봐? 응, 전화 장비 같은 것도 나왔다던데 자세한 건 더 봐야 해. 그래도 이런 검거 소식은 좀 반갑다. 맞아맞아, 특히 서울 쪽이라 더 화제가 됐나 봐. 나 그거 보고 가족 단톡에도 보냈어. 좋은 정보네, 나도 공유해야겠다.",0,B
normal_B_0248,"야 단톡 봤어? 서울에서 보이스피싱 일당 검거됐대! 오 진짜? 남성 여러 명이 같이 있었나 보네. 응응, 기사에 그렇게 나왔더라. 나도 얼른 읽어봤는데 현장에서 뭔가 많이 발견됐대. 와, 잡혀서 다행이다. 이런 건 계속 검거돼야 해. 맞아, 근데 또 다른 데서 비슷하게 움직일 수 있으니까 조심은 해야지. 응, 그래서 기사 내용이 더 눈에 들어오더라. 서울 쪽에서 큰 사건처럼 보이던데, 생각보다 조직적으로 돌아갔나 봐. 아 맞다, 그러면 그 사람들 따라다니던 기록 같은 것도 발견됐겠네. 그럴 수도 있지. 하여튼 이번엔 빨리 잡혀서 다행이야. 나도 방금 그 기사 보고 좀 안도했어. 단톡에 올리길 잘했다 싶더라. 그래, 다들 이런 거 보면 조심하는 데 도움 되지.",0,B
normal_B_0249,"오늘 회사 보안 교육 진짜 길었지? 아, 진짜 피곤했어. 녹취 방법이랑 개인정보 보호 얘기를 그렇게 오래 할 줄 몰랐어. 맞아, 근데 생각보다 중요한 내용이더라. 응, 특히 전화할 때 진술 남길 때는 표현 조심하라고 하니까 괜히 긴장됐어. 아, 맞아. 나도 듣다가 뭐 이렇게까지 하나 싶었는데, 막상 사고 나면 녹취가 제일 중요하대. 그러니까, 정보가 한 번 새면 복구가 어렵다잖아. 맞아맞아, 그리고 함부로 파일 옮기거나 출력물 두고 가면 안 된다고 계속 말하더라. 아휴, 그럼 우리 실무할 때 더 신경 써야겠네. 응, 압수 같은 단어도 예시로 나오던데 뭔가 법적인 상황까지 생각하게 되더라. 진짜 머리 아팠다. 나중에 또 교육하면 이번보다 더 졸릴지도 몰라. 그래도 기억은 해야지. 정보 관리 대충 하면 안 된다는 거 확실히 배웠어.",0,B
normal_B_0250,"아니 오늘 보안 교육 때문에 머리가 다 아프다니까. 왜, 무슨 내용이 그렇게 많았어? 녹취, 진술, 개인정보 보호 이런 거 계속 설명했어. 아 진짜? 어휴, 듣기만 해도 빡세다. 응, 근데 현실적으로는 다 필요한 얘기더라. 특히 고객 정보나 내부 정보 잘못 다루면 큰일 난다고 하니까. 맞아, 정보는 습관적으로 조심해야 해. 그러니까, 나도 메모하면서 들었는데 녹취본 정리할 때 말 한마디도 함부로 적으면 안 된다고 하더라. 오, 그건 중요하네. 나중에 문제 생기면 진술이랑 기록이 다 맞아야 하잖아. 맞아, 그리고 압수 같은 상황까지 예시로 들어서 더 무섭더라. 하, 회사가 괜히 교육한 게 아니구나 싶었어. 응, 맞아. 피곤했지만 덕분에 뭐 조심해야 하는지 좀 알겠더라. 다음엔 커피라도 사 들고 가야지 안 졸 것 같아.",0,B
normal_B_0251,"아침에 뉴스 봤는데 진짜 깜짝 놀랐어, 명의 도용 사건이 크게 났더라. 어, 그냥 이름만 빌려쓴 수준이 아니라 여러 사람 걸로 대출까지 시도했다는 거야. 헐, 그거 완전 심각하다. 수사는 잘 진행 중이래? 그러게, 경찰이 수사 들어갔다고 하던데 아직 피해 규모를 다 못 잡았대. 아 진짜 무섭네. 요즘은 내 개인정보도 내가 더 챙겨야겠더라. 맞아맞아, 나도 그래서 비밀번호 다시 바꿨잖아. 이름, 주민번호 이런 거 함부로 보내면 안 되겠어. 그러니까, 문자로 오는 링크도 웬만하면 누르지 말고. 응, 나도 오늘 가족들한테 다 말하려고. 특히 어머니가 이런 거 잘 모르셔서, 조심하라고 꼭 얘기해야겠어.",0,B
normal_B_0252,"아니 오늘 아침 뉴스에서 본 그 사건 말인데, 명의 도용이 생각보다 너무 교묘하더라. 아, 어떻게 도용한대? 서류를 위조해서 계좌 만들고, 그걸로 또 다른 일에 쓰고 그랬다던데. 와 그건 진짜 수사 오래 걸리겠다. 맞아, 수사도 복잡해 보이더라. 피해자들은 자기 이름으로 무슨 일이 일어난 줄도 몰랐대. 아이고... 그런 사건은 진짜 남 일 같지 않네. 그러니까, 나도 요즘은 택배 문자 같은 것도 다시 확인하고 있어. 좋은 습관이네. 나도 혹시 몰라서 카드 명세서도 자주 보는 중이야. 이상한 내역 있으면 바로 확인해야지. 응응, 명의 관련된 건 한번 새면 되돌리기 힘드니까 조심 또 조심해야겠어.",0,B
normal_B_0253,"방금 모르는 번호에서 전화 왔는데, 수사관이라고 하더라. 어? 갑자기? 그래서 뭐래? 나보고 범죄 연루 여부를 확인해야 한다면서 조사에 응하래, 완전 이상했어. 헐, 그건 너무 수상한데. 나도 듣자마자 바로 끊었지. 수사관이면 보통 그런 식으로 전화 안 하잖아. 맞아, 나도 그렇게 생각했어. 이름이랑 생년월일 말하라고 하는 순간부터 이상했어. 아 진짜 잘 끊었다. 괜히 상대해 줬으면 골치 아팠겠다. 그러니까, 번호도 안 남기고 다시 걸 수 없게 해놨더라. 어휴, 요즘 별의별 일이 다 있네. 나중에 혹시 또 오면 바로 차단하려고. 응, 그리고 주변에 이런 전화 오면 절대 개인정보 말하지 말라고 해야겠어.",0,B
normal_B_0254,"아까 너무 어이없는 전화 받아서 아직도 웃긴데, 수사관이라며 조사하겠다고 하더라. 진짜요? 무슨 조사? 내 계좌가 범죄에 연루됐는지 확인해야 한다고 했는데, 말투부터 이상했어. 와, 그거 전형적이네. 그래서 바로 끊었어? 응, 끊고 나니까 심장만 두근두근하더라. 괜히 긴장했네. 아, 그런 전화는 듣는 순간부터 찜찜하지. 맞아, 나도 차분하게 생각하면 말이 안 되더라고. 수사관이면 문서로 안내가 와야지 왜 전화로만 재촉하냐고. 그러니까. 다음부터는 모르는 번호 안 받을까 봐. 나도 요즘은 그런 거 오면 바로 검색부터 해. 잘했어, 괜히 조사니 범죄니 하는 말에 휩쓸리면 안 되지. 응, 진짜 별일 아닌데도 사람 놀래키는 전화가 제일 피곤해.",0,B
normal_B_0255,"어제 넷플릭스 대신 다큐 봤는데, 불법 대포통장 개설 얘기 나오더라. 아 그거 요즘 문제 많다던데. 응, 어떻게 보면 피해자도 생기고 개설 과정도 되게 교묘하더라. 맞아, 피해자들 명의가 엮여서 나중에 엄청 고생한다며? 그러니까, 그냥 알바인 줄 알고 도왔다가 불법에 휘말리는 경우도 있대. 와 진짜 무섭다. 다큐 보니까 대포통장이 한두 개가 아니라 조직적으로 움직이더라. 아, 그럼 일반 사람들은 더 조심해야겠네. 응, 특히 통장 빌려달라는 말은 무조건 피해야 한대. 그게 제일 중요하지. 나도 보면서 ‘이런 건 왜 속아’ 했는데, 막상 상황 닥치면 헷갈릴 수도 있겠더라. 맞아맞아, 그래서 미리 알아두는 게 좋지. 피해자 입장 생각하니까 더 안타깝더라.",0,B
normal_B_0256,"그 다큐 봤어? 불법 대포통장 개설이랑 그 뒤에 생기는 피해가 꽤 자세히 나오더라. 어, 나도 봤어. 생각보다 피해자들 수가 많아서 놀랐어. 맞아, 누가 잠깐만 써 달라고 해도 그게 큰일이 되더라. 그러니까, 통장 관련된 건 진짜 손도 대면 안 되겠어. 응, 나도 보면서 소름 돋았어. 개설 과정이 합법처럼 보이게 꾸며져 있어서 더 속기 쉽더라. 아 진짜? 그럼 더 조심해야겠다. 피해자들은 자기 이름이 엮였는지도 모르고 있다가 나중에 통보받는 경우도 있다더라. 어휴, 듣기만 해도 답답하다. 맞아, 결국 피해 보는 건 아무것도 모르는 사람들인 경우가 많더라고. 그래서 주변에도 ‘이상한 제안 받으면 무조건 거절’이라고 말해 두려고. 잘했어. 이런 다큐는 좀 무섭긴 해도 알아두면 도움 되지.",0,B
normal_B_0257,"단톡방에 기사 봤지? 서울에서 보이스피싱 일당 남성들 검거됐대. 어, 나도 봤어! 생각보다 크게 발견됐다던데? 응, 여러 명이 한꺼번에 잡혔다고 하더라. 와 서울 한복판에서 그런 일이 있었네. 그러니까, 기사 보니까 장비도 이것저것 나오고 엄청 조직적이었대. 헐, 그냥 통화 몇 번 하는 수준이 아니었구나. 맞아, 그래서 더 무섭더라. 근데 검거됐다는 소식 들으니까 좀 다행이긴 해. 응응, 이런 건 빨리 잡혀야지. 서울에서 일어난 일이라 더 실감 나더라. 나중에 가족들한테도 기사 공유해야겠다. 그래, 특히 부모님은 이런 뉴스 보면 경각심 생기시더라. 맞아, 남성 몇 명이라고만 봤는데 규모가 꽤 컸나 봐. 발견된 장소도 여러 군데라던데, 경찰이 계속 추적했다더라. 오, 수고 많았겠네. 어쨌든 잡혀서 다행이다.",0,B
normal_B_0258,"아까 네가 단톡방에 올린 기사 봤는데, 서울에서 보이스피싱 남성 일당이 검거됐다는 거 맞지? 응 맞아, 내가 봐도 좀 놀랐어. 발견된 증거도 많다던데? 그러게, 기사에선 현장에서 여러 물건이 같이 발견됐다고 하더라. 와, 진짜 조직적으로 했나 보네. 서울이면 사람도 많고 더 숨기 쉬웠을 텐데. 맞아, 그래서 더 빨리 검거된 게 다행이야. 나 그 기사 보면서 ‘이런 일은 뉴스에서만 보는 줄 알았는데’ 싶었어. 어, 현실이 더 무섭지. 남성들 여러 명이 역할 나눠서 움직였다던데, 좀 소름이었어. 그러니까, 그런 일은 결국 잡혀야 끝나지. 응, 나중에 부모님께도 알려드리려고. 이런 기사 보면 조심하자는 말이 절로 나오더라. 맞아, 특히 전화로 뭘 요구하면 일단 의심부터 해야 돼. 어휴, 서울에서 이런 검거 소식 들으니 한편으로는 안도된다.",0,B
normal_B_0259,"오늘 회사 보안 교육 진짜 길었지? 녹취 방법이랑 개인정보 보호 얘기만 계속 나오더라. 아 진짜, 듣는 내내 피곤했어. 그런데 녹취는 꼭 필요한 상황에만 하라고 하더라? 응, 그리고 진술 받을 때도 괜히 내가 임의로 저장하면 안 된대. 맞아, 그런 거 잘못 다루면 문제 되지. 교육에서 압수 자료도 함부로 보면 안 된다고 했어. 아, 그건 당연하지. 근데 너무 형식적으로만 들려서 머리 아프더라. 그러니까, 정보 보호가 중요하다는 건 아는데 실제로는 체크할 게 너무 많아. 응, 메일 하나 보낼 때도 신경 쓸 게 많잖아. 나도 오늘은 괜히 파일 이름 다시 확인하고 보냈다. 잘했어. 진술서나 녹취 파일은 접근 권한도 따로 관리해야 한다고 해서 살짝 겁났어. 아휴, 회사 일도 쉬운 게 없다. 그래도 이런 교육 없으면 더 큰일 나니까 들어야지.",0,B
normal_B_0260,"아까 교육 받으면서 계속 느꼈는데, 녹취 한 번 잘못하면 나중에 진술 문제로 이어질 수 있더라. 맞아, 나도 그 얘기 듣고 좀 놀랐어. 괜히 아무 데나 저장하면 안 되고, 정보도 최소한만 봐야 한다고 했잖아. 응, 진짜 귀찮아도 지켜야겠더라. 압수 같은 말 나오니까 괜히 뉴스 보는 기분이었어. 하하 그러게, 일상에서 잘 안 쓰는 단어들이라 더 딱딱했지. 그래도 개인정보 유출되면 책임이 크다니까 무시할 수 없더라. 맞아, 그래서 교육 담당자가 녹취 파일은 따로 보관하고 공유도 제한하라고 했어. 아, 그건 필요하겠네. 나도 오늘부터는 메신저로 아무 정보나 안 보내려구. 좋은 생각이다. 진술 관련 메모도 함부로 남기면 안 된다더라. 어쩐지, 사소한 습관이 다 중요하네. 응, 좀 번거롭긴 해도 결국 정보 지키는 게 제일이야.",0,B
normal_B_0261,"아침 뉴스 봤어? 아니 진짜 깜짝 놀랐잖아, 명의 도용 사건이 또 크게 났다네. 어휴, 피해자들 생각하면 너무 속상해. 수사도 들어갔다고 하던데, 빨리 잡혔으면 좋겠다. 그러니까 요즘은 진짜 괜찮다 싶어도 내 이름이랑 번호 같은 거 함부로 안 줘야겠더라. 맞아맞아, 나도 보다가 등골이 서늘했어. 카드 신청 같은 거 들어오면 꼭 내가 한 건지 확인하고, 문자도 이상하면 바로 지워야겠다 싶었어. 아, 그리고 가족끼리도 개인정보는 너무 쉽게 보내지 말자. 사진 찍어서 보내는 것도 조심해야 해. 진짜 별일이 다 있네. 뉴스 한 번 보면 세상이 왜 이렇게 무섭지 싶다니까.",0,B
normal_B_0262,"아침에 TV 켜 놨다가 그 사건 봤는데, 와… 명의 도용이 그렇게 무섭더라. 그냥 이름만 아는 줄 알았는데 이것저것 다 털리면 진짜 답 없겠던데? 응, 맞아. 수사도 오래 걸린다 하고, 피해자들이 나중에 정리하는 것도 너무 힘들겠다 싶었어. 어, 나도 그래서 은행 알림이나 본인 확인 문자 같은 거 더 신경 쓰려고. 괜히 클릭했다가 문제 생길 수 있잖아. 그러니까. 나도 오늘부터는 낯선 앱 설치하라는 문자 오면 무조건 의심할 거야. 아 진짜, 예전엔 그냥 넘겼는데 요즘은 하나하나 조심해야겠더라. 괜히 내 정보가 새는 순간 되돌리기 어렵다니까.",0,B
normal_B_0263,"방금 진짜 이상한 전화 받았어. 수사관이라고 하면서 내 이름이랑 주소를 막 묻는 거야. 어, 그래서 바로 끊었지. 뭔가 범죄에 연루됐다면서 조사해야 한다는 식으로 말하더라. 헐 진짜? 그런 전화도 와? 응, 나도 너무 황당해서 처음엔 멍했어. 근데 말투가 좀 어색하고, 자꾸 겁주려고 하길래 딱 이상하다 싶었지. 그러니까 그런 건 절대 믿으면 안 되지. 내가 뭐 잘못한 것도 없는데 왜 그런 식으로 말하는지 모르겠어. 아까 끊고 나서 손이 좀 떨리더라. 괜히 계속 얘기했으면 더 피곤했을 것 같아. 맞아, 나도 모르는 번호면 앞으로는 더 조심하려고.",0,B
normal_B_0264,"나 지금 막 끊었는데 아직도 어이없어. 모르는 번호로 전화 와서 자기가 수사관이라길래 무슨 일인가 했거든? 근데 계속 범죄랑 연루됐다고 하면서 조사 받아야 한다고 하더라. 에이 설마, 너무 황당하잖아. 그래서 내가 “어떤 사건이냐”고 물었더니 말이 왔다 갔다 하고, 설명도 이상했어. 아, 그거 완전 수상하다. 응, 나도 바로 끊었어. 괜히 오래 듣고 있으면 이상하게 흔들릴까 봐. 진짜 그런 식으로 사람 겁주는 거 너무 싫다. 그러니까 모르는 전화는 한 번 더 확인해야 해. 혹시 몰라서 가족한테도 바로 말해놨어. 아휴, 별일 아닌데도 기분이 엄청 찜찜하네.",0,B
normal_B_0265,"어제 그 다큐 봤어? 불법 대포통장 개설 얘기 나오는 거. 와, 생각보다 심각하더라. 응 봤어. 피해자들이 나중에 자기 명의로 이상한 통장이 생겼다고 해서 얼마나 당황했겠어. 그러니까. 그냥 아르바이트인 줄 알고 했다가 완전 큰일 나는 거잖아. 맞아, 대포통장이라는 말은 많이 들어봤는데 실제로 어떻게 굴러가는지 보니까 더 무섭더라. 개설 과정도 다 불법이라던데, 중간에 끼는 사람들도 결국 피해자라더라. 아, 맞아맞아. 처음엔 돈 조금 준다고 솔깃할 수 있는데 결국 책임은 다 떠안는 거지. 진짜 조심해야겠다. 나도 누가 통장 좀 빌려달라 하면 절대 안 할 거야.",0,B
normal_B_0266,"다큐 봤는데 진짜 씁쓸했어. 불법으로 대포통장 개설하게 해 놓고, 나중엔 피해자만 남는 구조 같더라. 응, 그게 제일 문제지. 처음엔 그냥 쉽게 생각했다가 나중에 신분이랑 금융기록이 꼬여버리잖아. 그러니까 함부로 이름 들어가는 서류나 계좌 관련 건 손대면 안 되겠다 싶었어. 맞아, 나도 보면서 ‘이거 설마 누가 하겠어’ 했는데, 생각보다 유혹이 크겠더라. 근데 결국 다 불법이고, 본인도 위험해지는 거니까 절대 하면 안 되지. 아 진짜, 돈 몇 푼 때문에 인생 꼬이는 거 너무 아깝다. 이제는 주변에서 비슷한 얘기 나오면 바로 말려야겠어.",0,B
normal_B_0267,"단톡에 기사 봤어? 서울에서 대규모 보이스피싱 일당 남성들 검거됐대. 어, 나도 방금 발견해서 보냈어. 생각보다 규모가 크더라. 서울 한복판에서 그런 일이 있었다니 좀 소름 돋았어. 그러니까 말이야, 기사 읽는데 계속 남성들이 조직적으로 움직였다고 하더라. 헐, 검거됐다는 거 보니까 다행이긴 한데 피해자들도 많았겠다. 맞아맞아. 그래도 빨리 발견돼서 더 큰 피해는 막았으면 좋겠다. 아, 이런 기사 볼 때마다 모르는 전화는 무조건 조심해야겠다는 생각 들어. 다들 참고하라고 공유해둘게.",0,B
normal_B_0268,"서울 기사 봤지? 검거 소식이길래 바로 봤는데, 남성 여러 명이 보이스피싱 관련해서 붙잡혔대. 응, 나도 봤어. 근데 기사에 피해 사례가 좀 나와서 마음이 무겁더라. 그러니까, ‘발견’이 빨랐던 건 다행인데 이미 당한 사람들은 너무 속상하겠지. 맞아, 서울에서 그렇게 큰 조직이 움직였다는 게 놀랍더라. 단톡방에 공유해 두면 다들 한 번씩 조심할 것 같아서 좋았어. 아, 그리고 기사 댓글도 보지 마. 괜히 이상한 얘기 많더라. 하여튼 이런 건 주변 사람들한테 계속 알려야 돼.",0,B
normal_B_0269,"오늘 회사 보안 교육 받았는데, 녹취 얘기만 해도 머리가 아프더라. 아, 맞아. 진술 남길 때도 정확해야 하고, 정보는 함부로 적으면 안 된다고 계속 말하던데? 응, 그리고 압수 같은 단어까지 나오니까 괜히 분위기가 엄청 딱딱했어. 그러니까. 나는 그냥 듣기만 했는데도 피곤하더라. 근데 생각해 보면 개인정보 다루는 일이라 어쩔 수 없긴 하지. 맞아, 그래도 너무 자주 묻고 확인하니까 좀 지치더라. 어, 나도 교육 끝나고 ‘이걸 왜 이렇게까지 해야 하지’ 싶었는데, 결국 한 번 새면 복구가 어렵다더라. 진짜 그렇더라. 오늘 배운 거 메모해 둬야겠어.",0,B
normal_B_0270,"아, 오늘 보안 교육 진짜 길었지? 녹취할 때 표현 하나 잘못 써도 진술이 꼬일 수 있다고 해서 긴장되더라. 응, 맞아. 거기다 정보 보호 강조하면서 압수 얘기까지 나오니까 괜히 겁나던데. 그러니까 나도 들으면서 ‘아 이거 생각보다 심각하구나’ 했어. 사실 우리는 그냥 메일 한 통 보내는 것도 조심해야 한다고 하잖아. 맞아맞아, 특히 파일 이름이랑 연락처 같은 정보는 습관적으로도 흘리면 안 된다더라. 아휴, 듣고 나니까 괜히 내 컴퓨터도 다시 정리하고 싶어졌어. 퇴근해서 바로 비밀번호도 바꿔야겠어. 진짜, 귀찮아도 그런 기본은 지켜야 하나 봐.",0,B
normal_B_0271,"아침 뉴스 봤는데 진짜 깜짝 놀랐어. 어떤 사람이 남의 명의로 이것저것 해놓은 사건이 나오더라? 어, 나도 들었어. 그거 진짜 무섭더라, 그냥 이름이랑 정보 조금만 새도 바로 도용당할 수 있다니까. 맞아맞아, 그래서 오늘 엄마한테도 말했어. 모르는 링크 함부로 누르지 말고, 신분증 사진도 아무 데나 보내지 말라고. 아 그래요? 요즘은 그런 게 더 조심해야 되더라. 응, 그리고 뉴스에선 수사 진행 중이라던데, 피해가 꽤 큰가 봐. 그러게, 남 일 같지가 않다. 나도 예전에 카드사에서 연락 온 적 있는데, 그때도 조금만 방심하면 큰일 난다 싶었거든. 음, 진짜 이런 사건 보면 개인정보 관리가 제일 중요해. 오늘부터는 서류도 그냥 책상 위에 안 두려고. 나도 그래야겠다. 아까운 정보가 새면 되돌리기 힘드니까.",0,B
normal_B_0272,"아침에 뉴스 틀어놨는데 명의 도용 사건이 크게 나왔더라. 응? 어떤 식으로? 음, 누가 다른 사람 이름으로 통장도 만들고 계약도 해놨대. 와, 진짜 무섭다. 그런 사건은 수사도 오래 걸리겠다. 맞아, 피해자도 엄청 답답하겠지. 아 진짜? 이름만 빌려도 그렇게 피해가 커? 그러니까, 내 정보는 내가 조심해야 하더라고. 나도 예전에 가족한테 주민번호 적힌 서류 사진 보내달라고 했다가, 아차 싶어서 바로 지웠어. 오, 잘했다. 그런 건 한 번 퍼지면 도용 막기 힘들잖아. 그치, 그리고 뉴스에서 경찰이 수사 중이라고 했는데, 아무튼 이런 사건은 예방이 먼저인 듯. 맞아맞아, 우리 집도 어른들한테는 특히 조심하라고 알려드려야겠다. 전화로 개인정보 묻는다고 바로 알려주면 안 된다고. 음, 나도 이번에 다시 한 번 배웠어. 진짜 세상 무섭다.",0,B
normal_B_0273,"아까 모르는 번호가 전화 와서 받았더니 자기 수사관이라고 하더라. 헐? 진짜? 응, 음, 말투가 너무 딱딱해서 이상했어. 내 이름이랑 주소를 하나하나 물어보길래 바로 끊었지. 잘했다, 그런 건 이상하면 끊는 게 맞아. 근데 자꾸 내가 어떤 범죄에 연루됐을 수 있다면서 조사 얘기를 하더라고. 와, 진짜 황당했겠다. 아예 말도 안 되는 소리네. 그러니까, 처음엔 순간 멈칫했는데 생각해 보니까 수사관이 그렇게 전화로 막 말하나 싶더라. 맞아맞아, 그런 식이면 의심해야지. 나도 예전에 비슷한 전화 받아봤는데, 은근 사람 불안하게 만들더라. 어, 맞아. 괜히 겁주면서 정보 빼는 느낌? 응, 딱 그랬어. 그래서 바로 끊고 가족한테도 말했지. 모르는 번호로 조사 얘기 나오면 절대 응하지 말라고. 잘했어. 그런 범죄성 전화는 그냥 끊는 게 제일이야. 진짜 오늘도 하나 배웠다 싶더라.",0,B
normal_B_0274,"나 방금 이상한 전화 받고 바로 끊었어. 왜? 무슨 일인데? 음, 어떤 사람이 자기가 수사관이라면서 내 이름이랑 뭐 가족관계 얘기하더라고. 아 진짜? 그런 건 너무 수상하지 않아? 응, 나도 그래서 더 물어보려다가 말았지. 자꾸 네가 어떤 범죄에 연루된 것 같다고, 조사해야 한다고 그러는데 너무 말이 안 됐어. 헐, 그거 완전 이상한데. 맞아, 목소리도 일부러 무겁게 내는 것 같고. 그러니까 괜히 겁주려는 느낌이랄까. 진짜 황당했겠다. 응, 그래서 그냥 끊고 나서 한참 멍했어. 아까는 잠깐 심장이 철렁했는데, 지금 생각하면 어이없다. 그런 전화는 원래부터 조심해야지. 맞아맞아. 나중에 혹시 또 오면 번호 저장도 안 하고 바로 차단하려고. 그래, 잘했어. 괜히 응대하다가 더 피곤해질 수 있으니까. 음, 오늘 진짜 별일 다 있다.",0,B
normal_B_0275,"어제 그 다큐 봤는데 불법으로 대포 통장을 개설하는 얘기 나오더라. 어, 나도 봤어. 생각보다 과정이 단순해서 더 놀랐어. 맞아, 그냥 아르바이트인 줄 알고 갔다가 피해자 되는 경우도 있더라. 그러니까, 개설 도와준다고 서류 주면 안 되겠더라고. 헐, 진짜 피해자들만 힘들지. 응, 다큐 보면서 계속 답답했어. 누군가는 돈 조금 준다고 속고, 나중엔 자기 이름으로 문제 생기고. 아 그래요? 그럼 진짜 불법이 따로 없네. 맞아, 대포라는 말도 좀 낯설었는데 이제는 왜 조심해야 하는지 알겠더라. 그러게, 뉴스나 다큐에서 보는 게 괜히 나오는 게 아니야. 나도 부모님한테 봤던 얘기 해드렸어. 혹시라도 카드나 통장 관련해서 이상한 부탁 오면 바로 거절하라고. 잘했네. 피해자 생기면 본인만 힘든 게 아니라 가족도 다 걱정하잖아. 음, 진짜 그런 건 처음부터 안 엮이는 게 제일인 듯.",0,B
normal_B_0276,"그 다큐 봤어? 불법 대포 통장 얘기 나오는 거. 응 봤지, 진짜 마음이 무겁더라. 맞아, 처음엔 그냥 별일 아닌 줄 알았는데 개설 과정이 너무 교묘하더라. 그러니까, 피해자 입장에선 아무것도 모른 채 엮일 수 있겠더라. 아 진짜? 나는 그런 거 다 티 날 줄 알았거든. 아니야, 오히려 말투도 되게 자연스럽게 접근하더라고. 음, 그래서 더 무섭지. 결국 돈 몇 푼에 정보 넘기면 큰일 나는 거지. 맞아, 다큐에서 피해자들이 나중에 은행도 왔다 갔다 하고 수사 협조도 하느라 엄청 고생하던데. 어휴, 생각만 해도 피곤하다. 그러니까 절대 남의 말만 믿고 서류나 계좌 같은 거 함부로 맡기면 안 되겠더라. 맞아맞아. 나도 이제 그런 영상 보면 웃고 넘길 수가 없어. 그냥 현실이니까 더 조심해야지. 응, 진짜 조심 또 조심이다.",0,B
normal_B_0277,"서울에서 보이스피싱 일당 남성들 검거됐다는 기사 봤어? 오, 봤어 봤어. 단톡방에 누가 바로 올렸더라. 맞아, 서울 쪽에서 크게 잡혔다고 해서 다들 난리였어. 진짜 발견된 장소도 꽤 구체적으로 나오던데. 응, 그래서 더 빨리 검거된 것 같았어. 아 진짜? 그런 기사 보면 좀 속 시원하긴 하다. 그러게, 나도 처음엔 무슨 얘기인가 했는데 남성 여러 명이 같이 움직였다고 하더라. 아휴, 결국 그런 일은 오래 못 가지. 맞아, 단톡방에서도 다들 조심하자고 하더라. 누가 자꾸 이상한 전화 오면 바로 끊으라고. 그치, 요즘은 뉴스만 봐도 배울 게 많아. 서울에서 그런 일이 있었다니까 괜히 더 실감 났어. 나도 기사 저장해놨다가 부모님께 보여드리려고. 잘했다. 이런 건 한 번쯤 공유해 줘야지.",0,B
normal_B_0278,"단톡에 서울에서 보이스피싱 일당 남성들 검거됐다는 기사 올라왔잖아. 응응, 나 봤어. 제목만 보고도 와, 했다니까. 그러니까, 기사 보니까 범행 장소도 발견돼서 바로 움직였대. 맞아, 그래서 검거까지 이어졌다고 하더라. 헐, 진짜 다행이다. 근데 이런 기사 보면 항상 드는 생각이 있어. 뭔가 멀리 있는 일 같아도 사실 엄청 가까이 있다는 거. 맞아맞아. 특히 서울처럼 사람 많은 데서 더 교묘하게 움직이니까 더 무섭지. 음, 기사 댓글에도 다들 조심하자고 난리였어. 그럴 만하지. 나도 부모님한테 그런 전화 오면 바로 끊으라고 다시 말했어. 잘했어, 이런 건 계속 알려야지. 발견되고 검거됐다는 소식은 반갑긴 한데, 애초에 그런 일이 안 생기면 더 좋겠지. 맞아. 아무튼 이번 기사 덕분에 다들 한 번 더 긴장한 느낌이더라. 응, 나도 읽고 나서 괜히 휴대폰 볼 때 더 조심하게 됐어.",0,B
normal_B_0279,"오늘 회사 보안 교육 진짜 길지 않았어? 아, 완전 길었지. 녹취하라는 얘기만 몇 번 들었는지 몰라. 그러니까, 뭘 들으면 다 진술로 남길 수 있으니까 조심하래잖아. 맞아, 근데 말은 쉽지 실제로는 엄청 신경 쓰이더라. 정보도 함부로 주지 말라고 계속 강조하니까 머리 아팠어. 어, 나도 그랬어. 괜히 메일 하나 보내는 것도 다시 보게 되더라. 맞아맞아. 그리고 압수나 이런 말까지 나오니까 분위기가 갑자기 딱딱해졌어. 진짜 교육이라기보다 경고 듣는 기분? 음, 맞아. 그래도 개인정보는 진짜 중요하긴 하지. 그렇지, 나중에 문제 생기면 회사도 우리도 다 피곤하잖아. 아 그래요? 그러니까 교육 때 배운 대로 녹취 기록 잘 남기고, 필요 없는 정보는 공유하지 말아야겠다 싶더라. 응, 나도 오늘부터는 습관처럼 조심하려고.",0,B
normal_B_0280,"보안 교육 듣고 왔는데 아직도 머리가 좀 복잡해. 왜? 무슨 얘기 했는데? 음, 녹취를 어떻게 남겨야 하는지부터 시작해서, 진술할 때도 말 조심하라고 하더라. 아, 그거 은근 피곤하지. 맞아, 그리고 개인정보 같은 정보는 필요한 만큼만 다루라고 했는데, 듣다 보니 내가 너무 아무렇지 않게 써왔나 싶었어. 그러게, 회사에서는 그런 거 진짜 중요하더라. 응, 중간에 압수 관련 사례까지 나오니까 다들 표정이 굳더라고. 와, 그 정도였어? 응, 그러니까 별생각 없이 넘기면 안 되겠다는 느낌? 아 진짜? 나도 예전에 그런 교육 들었을 때는 대충 들었는데, 막상 다시 생각해 보니 조심할 게 많더라. 맞아맞아. 특히 메신저에 정보 남기는 것도 조심해야 한다고 해서 좀 뜨끔했어. 어휴, 그럴 수 있지. 아무튼 오늘 교육 덕분에 내가 덜렁대면 안 되겠다고 느꼈다. 음, 나도. 이제부터는 녹취 여부도 확인하고, 필요한 것만 딱 남겨야지. 그래, 그게 제일이야.",0,B
normal_B_0281,"아침에 뉴스 보다가 진짜 깜짝 놀랐어. 명의 도용 사건이 또 났다더라, 그것도 되게 교묘하게 했대. 아 진짜? 어떻게 그런 일이 있지? 그러니까, 남의 이름으로 이것저것 신청하고 그러는 거 같더라. 수사도 들어갔다고 했고, 피해자들 지금 엄청 불안하대. 헐... 무섭다. 응, 그래서 내가 너한테도 말하는 거야. 모르는 문자나 전화 오면 함부로 개인정보 주지 말고, 서류도 꼭 확인하라고. 맞아맞아, 이런 건 진짜 한 번만 방심해도 큰일 나지. 그러게. 나도 오늘부터는 계정 비번도 다시 바꾸려고. 아 그래요? 잘했네. 이런 사건은 남 일 같아도 금방 닥치더라. 맞아, 진짜 조심해야겠어.",0,B
normal_B_0282,"나도 오늘 아침 뉴스 봤는데, 명의 도용 관련 사건이 너무 심각하더라. 어, 나도 봤어. 그거 수사 진행 중이라던데? 응, 피해자들이 생각보다 많다더라. 아 진짜? 어휴... 그러니까, 이름만 빌려서 대출 신청하고 그런 식으로 했다나 봐. 헐 너무하다. 맞아, 그래서 내가 부모님한테도 모르는 연락 오면 절대 답하지 말라고 했어. 아 그러네, 우리도 조심해야겠다. 응. 특히 카드나 계좌 관련해서는 더더욱. 맞아맞아, 괜히 클릭했다가 내 정보까지 새나갈 수 있잖아. 그니까. 뉴스 보는데 진짜 등골이 서늘했어. 나도. 이런 사건은 누구한테나 생길 수 있으니까 미리미리 대비해야 돼.",0,B
normal_B_0283,"아까 전화 끊고 진짜 어이없어서 웃음만 나왔어. 왜, 무슨 일인데? 모르는 번호로 왔는데 수사관이라면서 내 이름 말하더니 범죄에 연루됐다고 하더라. 아 진짜? 뭐 그런 전화가 다 있어? 그러니까, 말투도 너무 이상했어. 조사해야 한다면서 계속 개인정보를 물어보길래 바로 끊었지. 잘했어 잘했어. 그런 건 절대 대답하면 안 돼. 응, 나도 순간 뭐지 싶었어. 괜히 진짜 같게 말해서 더 황당하더라. 맞아, 요즘 그런 식으로 속이려는 전화 많다던데. 아휴... 무섭네. 혹시 기록 남겨야 하나 해서 번호도 저장해뒀어. 응, 나중에 가족한테도 알려줘. 이런 건 미리 알아둬야 돼. 진짜 그래야겠다. 아침부터 기분 다 상했어.",0,B
normal_B_0284,"야 나 방금 진짜 이상한 전화 받았어. 어? 무슨 전화? 수사관이라고 하면서 내 이름 아냐고 묻고, 범죄 조사 얘기하더라. 헐, 그거 완전 수상한데? 그치? 나도 바로 느낌 왔어. 연루됐다는 식으로 막 겁주는데, 듣자마자 끊었어. 잘했어, 그런 건 말할 필요도 없어. 응, 진짜 어이없더라. 목소리는 차분했는데 내용이 너무 뜬금없었어. 맞아, 일부러 사람 놀라게 하려고 그러는 거지. 그러니까. 나 순간 내가 뭘 잘못했나 생각했잖아. 아휴, 그런 식이면 누구든 헷갈리겠다. 그래서 내가 바로 너한테 말하는 거야. 이런 전화 오면 조사 운운해도 그냥 끊어버려야겠다. 맞아맞아. 괜히 대응해주면 더 피곤해지니까. 진짜 오늘 별일 다 있네.",0,B
normal_B_0285,"어제 다큐 봤는데 불법 대포통장 개설 얘기가 나오더라. 아 그거 나도 봤어. 생각보다 너무 교묘하던데? 맞아, 처음엔 그냥 계좌 빌려주는 줄 알았는데 결국 불법으로 쓰는 거였지. 그러니까 피해자도 생기고, 나중에 진짜 큰일 나더라. 아휴... 무섭더라. 특히 돈 급한 사람들 노린다는데 그게 제일 나빠. 맞아, 그게 더 화나. 피해자들은 자기 이름으로 문제 생긴 줄도 모르고 당하잖아. 응, 다큐 보면서 계속 한숨 나왔어. 나도. 개설이라는 말이 이렇게 위험하게 들릴 줄 몰랐어. 그러게, 아무리 쉬운 일처럼 말해도 이상하면 무조건 피해야 돼. 맞아맞아. 보고 나니까 주변에도 조심하라고 말해야겠더라.",0,B
normal_B_0286,"나 어제 그 다큐 끝까지 봤거든? 불법 대포통장 개설 얘기였는데 꽤 충격적이었어. 오, 나도 중간부터 봤어. 피해자들 인터뷰 나오는데 진짜 안타깝더라. 맞아, 본인은 아무것도 몰랐는데 이름이 이용됐다니까. 그러니까. 처음엔 단순 아르바이트인 줄 알았다는데 결국 불법이었대. 헉... 그런 식으로 속이는구나. 응. 그다음부터는 돈도 묶이고, 서류도 복잡해지고, 완전 골치 아프대. 아 진짜 답답하다. 피해자 입장에선 얼마나 억울하겠어. 맞아맞아, 그래서 그런 제안 오면 무조건 거절해야 해. 개설이라는 말만 들어도 이제 좀 경계하게 되더라. 나도. 다큐가 괜히 교육용이 아니더라구.",0,B
normal_B_0287,"단톡방 봤어? 서울에서 보이스피싱 일당 남성들이 검거됐다는 기사 올라왔더라. 아 진짜? 언제? 방금. 기사 보니까 서울 쪽에서 발견돼서 바로 검거됐대. 헐, 다행이다. 응, 요즘 이런 기사 보면 속이 좀 시원하더라. 그러게. 남성 몇 명이 조직적으로 움직였다던데 꽤 크더라. 맞아, 단톡방에 다들 놀라던데? 어, 나도 댓글 보고 있었어. 피해자들도 많았다니까 더 무섭지. 맞아맞아. 그래도 빨리 발견돼서 다행이야. 응, 이런 건 계속 잡혀야 해. 내가 기사 링크 다시 보낼게. 어 좋아, 나도 가족한테 공유해야겠다.",0,B
normal_B_0288,"아까 기사 봤는데 서울에서 보이스피싱 일당 남성들 검거됐대. 오, 그거 봤어 봤어. 발견된 장소가 은근 사람 많은 데라서 더 놀랐어. 맞아, 진짜 대담하더라. 그러니까. 기사 읽는데 검거 과정도 꽤 치밀했대. 아 그래? 역시 수사 잘됐네. 응, 피해자들 생각하면 빨리 잡혀서 천만다행이지. 맞아맞아. 이런 뉴스는 단톡방에 꼭 퍼뜨려야 돼. 서울이라서 더 남 일 같지 않더라. 나도 그렇게 느꼈어. 남성들 몇 명이 같이 움직였다는 것도 소름이었어. 헐... 진짜 무섭네. 그래도 발견하고 검거했다니까 조금은 안심된다. 응, 이런 건 계속 잡아줘야 해.",0,B
normal_B_0289,"오늘 회사 교육 진짜 길었다... 녹취 방법이랑 개인정보 보호 얘기만 한 시간은 들은 것 같아. 아, 맞아. 나도 졸렸어. 근데 들을수록 중요하긴 하더라. 그렇긴 하지. 전화할 때는 녹취된다는 말도 꼭 하고, 진술 받을 때도 조심해야 한다고 하던데. 응, 괜히 대충했다가 나중에 문제 생기면 큰일이잖아. 맞아맞아. 압수나 조회 이런 단어도 막 나오니까 좀 무섭더라. 그러니까, 정보 관리가 그렇게 중요하대. 아휴, 회사에서 맨날 비슷한 얘기 반복하는 이유가 있네. 응, 나도 오늘부터 메모 습관 좀 바꿔야겠어. 그래야지. 정보는 진짜 아무렇게나 다루면 안 되겠더라. 맞아, 교육 듣고 나니 괜히 더 조심하게 돼.",0,B
normal_B_0290,"아 진짜 오늘 보안 교육 왜 이렇게 빡세게 했대? 녹취, 진술, 압수, 정보 이런 말만 계속 나오니까 머리 아팠어. 하하, 나도 그랬어. 근데 하나하나 들으면 다 이유가 있더라. 응, 특히 개인정보는 아무 데나 적으면 안 된다고 강조하잖아. 맞아, 메일로 보내는 것도 조심하라더라. 아 그러네. 녹취 자료도 보관 방식 잘못하면 안 된다고 하고. 그러니까, 회사 정보는 생각보다 민감한 게 많대. 맞아맞아. 교육 담당자 말이, 괜히 대수롭지 않게 넘기면 나중에 진술까지 필요해질 수 있다더라. 오, 듣고 보니 무섭네. 응, 그러니까 우리가 미리 조심해야지. 아휴, 퇴근하고 싶다. 그래도 오늘 배운 건 기억해둬야겠다. 맞아, 정보는 진짜 습관적으로 지켜야 돼.",0,B
normal_B_0291,"아침 뉴스 봤는데 진짜 깜짝 놀랐어, 명의 도용 사건이 또 났더라. 어? 어떤 사건인데? 음, 누가 남의 신분을 도용해서 휴대폰이랑 계좌까지 만들었다고 하더라구. 헐, 그거 진짜 심각하다. 수사도 들어갔대? 응, 경찰이 바로 수사 시작했다던데, 피해자 분은 엄청 당황했겠지. 맞아맞아, 그런 건 남 얘기 같아도 금방 생길 수 있대. 그러니까 요즘은 문자 하나, 전화 하나도 다 조심해야 해. 나도 그래서 비밀번호 바꾸고, 개인정보 적힌 서류는 그냥 버리면 안 되겠다 싶었어. 아 그래, 나도 어제 카드 영수증 그냥 버릴 뻔했는데 찢어서 버렸잖아. 잘했지. 이런 사건 보면 진짜 습관이 중요해.",0,B
normal_B_0292,"아침에 뉴스 틀어놨다가 명의 도용 얘기 나와서 밥 먹다가 멈췄잖아. 아이고, 그런 사건 또 있었어? 응, 이름이랑 주민번호 같은 걸 빼내서 엉뚱한 데 쓰는 도용 수법이라던데, 듣기만 해도 소름이더라. 수사 진행 중이라고 했어? 어, 경찰 수사 중이고, 피해자들 진술도 모으는 중이라던데. 진짜 무섭다. 괜히 내 정보도 어디서 새면 어쩌나 싶고. 그러니까, 요즘은 택배 문자도 함부로 누르면 안 되고, 공공장소에서 서류 그냥 두는 것도 조심해야 해. 맞아, 나 회사에서도 주민번호 들어간 문서 처리할 때 계속 신경 쓰잖아. 응응, 별거 아닌 것 같아도 그런 작은 습관이 제일 중요하더라.",0,B
normal_B_0293,"아까 모르는 번호로 전화 왔는데, 자기가 수사관이라고 하더라? 뭐라고? 진짜로? 응, 완전 황당했어. 범죄 조사하는 중인데 네 이름이 연루됐다고 막 그러는 거야. 헐, 그거 이상하다. 그래서 어떻게 했는데? 바로 끊었지. 어어, 말투도 일부러 진지한 척하는데 너무 티 나더라. 진짜 수사관이면 그런 식으로 전화 안 하겠지. 맞아맞아, 나도 순간 어? 했는데 생각할수록 이상해서. 그런 전화 받으면 괜히 겁먹지 말고 바로 끊는 게 맞는 것 같아. 응, 그리고 혹시라도 조사 얘기하면서 개인정보 물어보면 더 의심해야 돼. 와, 진짜 잘 끊었네. 나 같아도 잠깐 흔들렸을 듯. 그래서 지금도 좀 심장이 두근거려. 아이고, 물 좀 마셔. 무슨 범죄 연루 같은 말은 그냥 흘려듣는 게 낫다.",0,B
normal_B_0294,"방금 수사관이라고 자칭한 사람이 전화했는데, 하 진짜 어이없었어. 어머, 또 그런 전화야? 응, 무슨 범죄 조사 중인데 협조해야 한다고 하더라구. 그러니까 말투가 너무 그럴듯해서 순간 헷갈릴 뻔했어. 아 그래? 그래서 네 이름이 뭐냐 이런 거 물었어? 안 물었어, 바로 끊었지. 괜히 연루돼 있다고 겁주길래 더 이상 듣기 싫더라. 진짜 잘했어. 그런 건 전화로 조사 안 한다고 하잖아. 맞아, 나도 예전에 비슷한 거 들어본 적 있는데 사람 마음 흔들리게 하는 게 목적이래. 음, 괜히 불안하게 만들더라. 앞으로 모르는 번호는 더 조심해야겠어. 응응, 특히 저런 수사관 사칭은 한 번만 들어도 괜히 신경 쓰여. 그래도 바로 끊은 거면 잘한 거야, 절대 다시 전화 오면 받지 마.",0,B
normal_B_0295,"어제 본 다큐멘터리 봤어? 불법 대포 통장 개설하는 얘기 나오던 거. 응 봤지, 생각보다 너무 교묘하더라. 맞아, 개설 자체는 간단해 보여도 그 뒤에 피해자가 엄청 생기잖아. 그러니까, 피해자들 입장에선 자기 이름으로 된 통장이 악용된 거라 진짜 억울하더라. 불법인 줄 알면서도 돈 준다고 넘어가는 사람도 있고, 아예 속아서 한 사람도 있다던데. 어휴, 그게 제일 무섭지. 나도 보면서 ‘아, 이건 진짜 조심해야겠다’ 싶었어. 응, 대포 통장이 결국 사기랑 연결되니까 전체가 다 피해 보는 구조더라. 맞아맞아, 그래서 다큐에서 계속 경고하더라구. 텔레비전으로 보는데도 현실 같아서 찝찝했어. 나도. 괜히 쉽게 돈 벌 수 있다는 말 들으면 의심부터 해야겠더라.",0,B
normal_B_0296,"그 다큐 봤는데, 불법 대포 통장 개설하는 과정이 너무 충격적이었어. 헐, 나도 봤어. 겉으로는 그냥 계좌 하나 만드는 건데 뒤에 피해자가 줄줄이 생기더라. 맞아, 피해자들이 자기 이름으로 된 통장 때문에 은행 가서 설명하고, 진술하고 그러는 장면 마음 아팠어. 그러니까, 개설할 때 서류 하나 허투루 넘기면 안 되겠더라. 음, 괜히 도와준답시고 이름 빌려주면 큰일 나겠던데? 응, 절대 안 돼. 불법이라는 걸 알면서도 가담하면 나중에 책임이 엄청 크대. 아 진짜 무섭다. 이런 건 다큐로만 봐도 찝찝한데 실제로 당하면 어떡해. 그러게 말이야, 그래서 나도 누가 뭐 대신 해달라 하면 무조건 의심부터 하려고. 응응, 그게 맞지. 나중에 괜히 연루되면 골치 아프잖아.",0,B
normal_B_0297,"서울에서 보이스피싱 일당 검거됐다는 기사 봤어? 응 봤어 봤어. 남성 여러 명이 한꺼번에 잡혔다고 하더라. 아 진짜? 어디서 발견됐대? 서울 쪽 오피스텔에서 발견됐다는 내용이었어. 와, 요즘은 기사 뜨는 속도도 빠르다. 그러게, 읽는데 속이 좀 시원하더라. 이런 사람들 빨리 검거돼야지. 맞아, 피해가 너무 커서 더 늦으면 안 되잖아. 그 기사 보니까 조직적으로 움직였던 것 같던데, 참 대단하다 싶다가도 무섭고 그랬어. 음, 나도 링크 보고 바로 단톡방에 보냈잖아. 다들 조심하라고. 잘했네. 서울이든 어디든 이런 일은 늘 있으니까, 기사 봐도 방심하면 안 되겠더라.",0,B
normal_B_0298,"단톡방에 서울에서 보이스피싱 일당 검거됐다는 기사 보냈는데 다들 봤어? 응, 나 봤어. 남성들 여러 명이 한 번에 잡혔다며? 맞아, 기사에선 서울 시내에서 발견돼서 바로 검거됐다고 나오더라. 오, 속 시원하다. 진짜 이런 건 빨리 잡혀야 해. 그러니까, 요즘은 수법이 너무 다양해서 남 얘기 같지가 않잖아. 맞아맞아, 기사 읽다가 괜히 내가 더 긴장됐어. 나도. 그래도 잡혔다는 소식은 좀 안심되더라. 남성 몇 명이 조직적으로 움직였다는 것도 충격이었고. 응, 뭐든 혼자 하는 게 아니라 팀처럼 움직이니까 더 조심해야 한대. 아 그러네, 기사 공유해 줘서 고마워. 이런 거 보면 다들 한 번씩 더 의심하게 되니까 좋다.",0,B
normal_B_0299,"오늘 회사 보안 교육에서 녹취부터 하라는 얘기 들었는데, 좀 피곤했어. 아 그 교육 또 했어? 응, 대화 내용은 녹취로 남기고, 진술도 정확히 받아 적으라 그러더라. 음, 맞긴 한데 괜히 신경 쓸 게 많아지지. 그러니까, 개인정보도 절대 아무 데나 두지 말고, 정보 열람도 최소로 하래. 맞아, 그건 진짜 중요하지. 근데 교육 들을 때마다 압수니 보관이니 용어가 많아서 헷갈려. 하하, 나도 그래. 그래도 잘못 다루면 사고 나니까 반복해서 말하는 거겠지. 응, 알지. 오늘도 메모만 한가득 했어. 하, 퇴근 전에 또 정리해야겠다. 그래도 이런 교육 없으면 더 큰일이니까 참아야지.",0,B
normal_B_0300,"보안 교육 듣고 왔는데, 녹취랑 진술 관리 얘기만 한참 하더라. 응, 우리도 그 얘기 들었어. 개인정보 다룰 때는 진짜 조심하라고 계속 강조하던데? 맞아, 정보 한 번 새면 나중에 회수도 어렵고, 압수 대응까지 생각해야 한다고 해서 좀 무섭더라. 그러니까, 업무할 때 습관처럼 하던 것도 다 점검하래. 아 그래? 나는 솔직히 교육 자료가 너무 빽빽해서 머리 아팠어. 하하, 인정. 근데 틀리면 안 되는 부분이 많으니까 어쩔 수 없지. 음, 녹취 파일 이름 붙이는 것부터 보관 기간까지 다 지켜야 한다니까 진짜 신경 쓸 게 많더라. 맞아, 괜히 대충 했다가 문제 생기면 안 되잖아. 그래도 오늘 교육 덕분에 다시 한 번 조심해야겠다는 생각은 들었어. 응, 나도. 귀찮아도 정보는 제대로 관리해야지, 별수 없네.",0,B
normal_B_0301,"아침에 뉴스 보다가 진짜 깜짝 놀랐어, 명의 도용 사건이 또 났다더라. 음, 처음엔 그냥 다른 사람 이름으로 카드 쓰는 정도인 줄 알았는데, 이번엔 생활이 통째로 흔들릴 수 있대서 무섭더라구. 맞아맞아, 수사도 오래 간다던데 피해자들 얼마나 답답하겠어. 그래서 내가 엄마한테도 바로 말했지, 신분증이나 문자 인증 같은 거 절대 아무한테나 넘기지 말라고. 아 그래요? 요즘은 이름이랑 생년월일만 알아도 이것저것 시도한다는 얘기 많잖아. 그러니까, 진짜 조심해야 돼. 나는 아침에 그 기사 보고 한동안 멍했잖아. 어, 나도 읽어봤어. 명의 도용은 남 일 같지 않더라. 혹시 가족끼리라도 이상한 연락 오면 바로 서로 확인하자, 그게 제일 낫겠다 싶었어.",0,B
normal_B_0302,"아침 뉴스에서 본 사건 얘기 들었어? 나 진짜 소름 돋았잖아. 응, 응, 나도 봤어. 명의 도용이 그렇게까지 심각한 줄 몰랐어. 수사 들어갔다고 해도 피해자 입장에선 이미 생활이 꼬여버리니까 너무 답답하겠다 싶더라. 맞아, 특히 뭐 대출이니 통장이니 이런 데까지 엮이면 복구하는 데 시간도 오래 걸리잖아. 그래서 나는 아버지한테도 말했어, 모르는 문자 오면 링크 누르지 말고 바로 삭제하라고. 어 그래? 잘했네. 나도 동생한테, 주민등록번호 같은 정보는 아무리 친한 사람이어도 함부로 알려주면 안 된다고 했어. 음, 그냥 이름만 알아도 장난처럼 넘기면 안 되는 세상인 거 같아. 그러니까, 우리도 앞으로 더 조심해야지.",0,B
normal_B_0303,"아까 모르는 번호로 전화가 왔는데, 자기가 수사관이라면서 막 이것저것 묻는 거야. 어? 진짜? 나 순간 뭐지 했지. 그러더니 범죄에 연루된 조사라느니, 출석 확인이라느니 하면서 괜히 사람 불안하게 만들더라. 아 그래요? 근데 말투가 이상했어? 완전 이상했지. 음, 너무 급하게 말하고 개인 정보부터 물어봐서 바로 끊었어. 잘했네 잘했어. 그런 건 듣는 순간 이상하다 싶으면 길게 말 안 하는 게 맞더라. 맞아맞아, 괜히 더 이야기했다가 기분만 상할 뻔했어. 나는 끊고 나서도 한참 황당했잖아, 세상에 별일이 다 있네 싶더라. 진짜요? 나였으면 바로 가족한테도 알려줬을 거야. 응, 나도 엄마한테 말해 놨어. 수사관이라고 해도 확인 안 되면 절대 믿지 말자고. 그리고 조사 같은 말 꺼내면서 압박하면 더 의심해야겠더라.",0,B
normal_B_0304,"방금 수사관인 척한 전화 받았다고? 헐, 무슨 범죄에 연루됐다고 했대? 그러니까, 완전 말도 안 되는 소리였어. 나도 듣자마자 아 이거 이상하다 싶었지. 조사한다면서 이름이랑 주소부터 말하라는데, 음, 너무 수상하더라고. 맞아, 진짜 그런 전화는 바로 끊는 게 맞아. 예전에 뉴스에서 본 적 있는데, 그런 식으로 사람 겁줘서 정보를 캐내려는 경우가 많다더라. 아 그래? 나도 가끔 받아서 솔직히 심장이 덜컥하긴 해. 근데 이번엔 말투부터 어설퍼서 오히려 웃겼어, 마지막엔 내가 그냥 잘못 거셨다 하고 끊었거든. 하하 잘했네. 괜히 길게 상대하면 더 피곤해지지. 응, 그리고 주변에도 꼭 말해 줘야겠더라. 특히 어르신들은 이런 조사 얘기 들으면 진짜 걱정하실 수 있잖아.",0,B
normal_B_0305,"어제 다큐멘터리 봤는데, 불법 대포통장 개설 얘기 나오더라. 와, 진짜 충격이었어. 나도 봤어! 생각보다 구조가 복잡하더라구. 결국 피해자만 생기고, 아무 상관 없는 사람들까지 골치 아파지는 거잖아. 맞아, 거기 나온 피해자 보는데 마음이 너무 안 좋았어. 본인은 그냥 알바인 줄 알고 했는데 나중에 큰일이 되는 경우도 있다더라. 그러니까, 괜히 돈 준다고 해서 신분증이나 통장 관련해서 넘기면 안 되겠더라. 어, 맞아. 불법이라는 말이 괜히 붙는 게 아니더라. 그리고 대포라는 단어도 그냥 들으면 멋있게 느껴질 수 있는데, 실제로는 엄청 위험한 거잖아. 진짜요? 응, 다큐 끝나고 한참 생각했어. 세상에 쉽게 돈 벌 수 있다는 말은 일단 의심해야겠다고.",0,B
normal_B_0306,"나 어제 그 불법 대포통장 다큐 봤잖아. 아, 그거? 나도 일부만 봤어. 개설 과정이 그렇게 허술하게 넘어가는 경우가 있다는 게 놀라웠어. 응, 그리고 피해자 입장에선 자기 이름이 엉뚱한 데 쓰였으니 진짜 억울하겠더라. 맞아맞아, 나도 그 장면 보고 인상 찌푸렸어. 음, 솔직히 처음엔 좀 딱딱한 내용일 줄 알았는데 막상 보니까 현실적이어서 더 무섭더라. 그래서 내가 동생한테도 말했어, 모르는 사람이 통장 얘기하면 무조건 거절하라고. 잘했네. 이런 건 하나만 잘못해도 오래 끌 수 있으니까. 그러니까, 불법이라고 하면 아예 시작도 안 하는 게 제일이지. 아 그래, 진짜 돈 조금 준다 해도 그런 건 손대면 안 되겠더라.",0,B
normal_B_0307,"야, 서울에서 보이스피싱 일당 검거됐다는 기사 봤어? 어, 봤어 봤어. 남성 여러 명이 한꺼번에 잡혔다고 하더라. 나 기사에서 현장 사진 보고 우와, 실제로 저렇게 발견되는구나 싶었어. 그러니까, 서울 한복판에서 그런 일이 있었다니 좀 소름이었어. 맞아, 요즘엔 진짜 어디서든 조심해야겠더라. 내가 바로 단톡방에 공유했잖아, 다들 확인해 보라고. 아 그래? 잘했어. 우리 엄마도 이런 기사 보면 바로 보내 달라 하더라. 음, 특히 가족들끼리 이런 뉴스는 자주 공유하는 게 좋은 거 같아. 맞아맞아, 남성 몇 명이 검거됐다는 식으로 기사 제목만 봐도 경각심 생기잖아. 진짜요? 응, 그런데 또 이런 기사 보면서 방심하면 안 되겠다고 느꼈어. 언제든 비슷한 수법이 나올 수 있잖아.",0,B
normal_B_0308,"단톡방에 서울 기사 올린 거 봤어. 검거됐다는 소식이라 다행이더라. 응, 나도 바로 읽어봤어. 남성 일당이 잡혔다고 해서 좀 시원하긴 했는데, 한편으론 왜 이런 일이 계속 반복되나 싶었어. 맞아, 기사에 발견된 장소들도 꽤 구체적이던데 그래서 더 눈에 띄더라. 그러니까, 우리끼리도 이런 뉴스는 꼭 공유해 두는 게 좋지. 음, 그래야 비슷한 전화 오거나 이상한 연락 왔을 때 더 빨리 알아차리잖아. 아 그래요? 맞아, 나도 엄마한테 기사 링크 보냈어. 혹시 모르는 번호 오면 절대 혼자 받지 말라고. 진짜 잘했다. 기사 한 번 보는 것만으로도 경각심 생기니까. 응, 그리고 서울 쪽 뉴스라 더 현실감 있었어. 멀리 있는 얘기가 아니더라구.",0,B
normal_B_0309,"회사 보안 교육에서 녹취 관련해서 엄청 강조하더라. 어, 맞아. 나도 진술 기록할 때는 꼭 정확해야 한다고 들었어. 근데 솔직히 설명이 너무 길어서 머리가 띵했어. 하하 이해돼. 또 개인정보는 함부로 공유하면 안 되고, 필요 없는 정보는 최소한으로만 보관하라고 했잖아. 응, 그리고 잘못되면 압수 대상이 될 수도 있다고 하니까 괜히 더 긴장되더라. 맞아맞아, 그 말 듣는 순간 다들 표정이 딱 굳었어. 그러니까, 평소에 메모나 녹취 파일도 그냥 아무 데나 두면 안 되겠더라구. 음, 진짜 번거롭긴 한데 안전하려면 어쩔 수 없나 봐. 아 그래? 나도 교육 끝나고 계속 그 생각했어. 정보는 한 번 새면 돌이키기 힘들다, 이런 말이 제일 기억에 남더라.",0,B
normal_B_0310,"오늘 보안 교육 진짜 길었지? 녹취랑 진술 얘기만 한참 하더라. 응, 나도 졸 뻔했어. 근데 듣고 보니 개인정보 관리가 생각보다 더 중요하긴 하더라구. 맞아, 특히 정보는 습관처럼 다루면 안 된대. 음, 내 자리에도 메모가 너무 많아서 괜히 찔렸어. 하하 나도 그래. 그리고 파일 잘못 저장하면 나중에 압수나 점검 얘기까지 나올 수 있다고 해서 좀 무섭더라. 아 그래요? 그럴 줄은 몰랐네. 그러니까, 우리 앞으로는 진짜 필요한 것만 남기고 나머지는 바로 정리해야 할 것 같아. 맞아맞아, 교육은 지루했는데 내용은 꽤 실용적이었어. 응, 특히 녹취할 때는 앞뒤 맥락까지 정확히 남겨야 한다는 거, 그건 기억해 두려고. 진짜요? 어, 나도 집에 가서 다시 한번 정리해 보려구.",0,B
normal_B_0311,"아침에 뉴스 봤는데 진짜 깜짝 놀랐어. 어떤 사람이 다른 사람 명의로 이것저것 신청해서 사건이 크게 났대. 어, 나도 듣긴 했어. 명의 도용 같은 거 진짜 무섭더라. 그러니까, 평소엔 별일 아닌 것 같아도 한번 새면 골치 아프대. 맞아맞아, 그래서 요즘은 문자 오는 거도 함부로 누르지 말라더라. 수사도 오래 걸린다던데? 응, 수사 들어가면 피해자들 확인하는 데 시간도 걸리고, 본인도 계속 자료 챙겨야 한다더라. 아 진짜 피곤하겠다. 그러게. 너도 요즘 신분증 사진이나 개인정보 함부로 보내지 마. 아, 맞다. 나도 예전에 택배 확인한다고 링크 누를 뻔했거든. 헐, 조심해야 돼. 진짜 별것 아닌 것처럼 보여도 명의 같은 건 한 번 도용되면 되돌리기 어렵다잖아. 응응, 그러니까 우리 둘 다 좀 더 조심하자. 뉴스에서 보니까 피해자분들 진술 받는 것도 쉽지 않대. 아휴, 들으면 들을수록 무섭네. 그래도 빨리 사건 정리돼서 더는 피해 없었으면 좋겠다.",0,B
normal_B_0312,"아침 뉴스에서 봤는데, 어떤 사건 때문에 명의 도용 피해가 커졌대. 헐, 진짜? 나 그런 거 보면 너무 소름 돋아. 응, 나도 그래서 바로 너 생각났어. 네가 이런 문자 같은 거 자주 받잖아. 아 맞아, 요즘 이상한 링크도 많더라. 수사 중이라 자세한 건 안 나왔는데, 피해자들 명의가 여기저기 쓰였대. 와, 그럼 진짜 일상 다 엉망 되겠네. 그러니까. 본인도 모르는 사이에 대출이니 뭐니 이런 데 쓰이면 너무 속상하지. 맞아맞아, 그건 진짜 누구한테나 일어날 수 있겠다. 수사 결과 나오려면 좀 걸리겠지? 응, 수사 과정이 생각보다 복잡하대. 아, 무섭다. 나는 이제 뭐 가입할 때도 두 번 확인해야겠어. 나도 그래야겠더라. 그리고 가족한테도 한 번씩 말해줘. 명의 관련해서는 사진 보내는 것도 조심하라고. 오케이, 오늘 저녁에 엄마한테도 얘기해야겠다. 뉴스 보다가 이런 사건 나오면 괜히 마음이 철렁해. 맞아, 진짜 남 일 같지 않더라.",0,B
normal_B_0313,"방금 이상한 전화 받았는데, 수사관이라고 하더라? 헐, 뭐야? 진짜 수사관이었어? 아니, 말투가 너무 이상했어. 범죄 연루됐다고 막 그러는데 너무 황당해서 바로 끊었어. 아 진짜? 그런 전화 오는 거 너무 무섭다. 그러니까, 나 순간 내가 뭘 잘못했나 싶었는데 생각해 보니까 말이 안 되더라고. 그거 완전 사기 느낌인데? 응, 나도 그렇게 생각했어. 조사한다면서 개인정보 막 물어보려 하길래 이상해서 끊었지. 잘했어 잘했어. 그런 건 바로 끊는 게 맞지. 맞아맞아, 괜히 대화 길게 하면 더 말려들 것 같아서. 수사관이 진짜면 저런 식으로 안 하겠지? 그렇겠지. 보통은 그렇게 급하게 압박 안 한대. 아, 괜히 심장 떨렸네. 나도 한 번쯤은 올 수 있다고 생각해야겠다. 응, 그리고 모르는 번호면 일단 조심. 특히 범죄 연루 같은 말 나오면 더더욱. 그러니까. 너한테 바로 말하길 잘했다. 아 진짜, 듣기만 해도 어이없네. 휴, 이제 물 한 잔 마셔야겠다.",0,B
normal_B_0314,"나 방금 모르는 번호 받았는데, 수사관이라면서 막 조사해야 한다고 하더라. 어? 진짜야? 무슨 일인데? 아니, 나도 모르겠어. 내가 범죄에 연루된 것처럼 말하길래 너무 웃기기도 하고 황당하기도 해서 바로 끊었어. 헐, 완전 이상하다. 그거 진짜 수상한 전화네. 그러니까 말이야. 계속 이름이랑 주소 확인하자고 해서, 아 이건 아니다 싶었지. 잘했어. 그런 전화는 응대할 필요도 없지. 응, 나도 순간 진짜 수사기관인가 했는데, 말투가 너무 어설펐어. 조사한다는 말만 반복하더라구. 아 진짜 소름. 요즘 그런 거 많다던데 조심해야겠다. 맞아, 나도 다시 생각해 보니까 괜히 겁주려는 느낌이었어. 혹시 너도 비슷한 전화 오면 그냥 끊어. 알겠어 알겠어. 번호 저장도 안 된 건 더 주의해야지. 그러게, 오늘 아침부터 피곤하다. 그래도 바로 대응 잘했다.",0,B
normal_B_0315,"어제 다큐 봤는데 불법 대포통장 개설 이야기 나오더라. 아 그거 나도 봤어! 피해자들 진짜 너무 안됐더라. 그러니까, 처음엔 그냥 통장 빌려주는 건가 싶었는데 완전 불법이더라구. 맞아맞아, 나도 보면서 헉 했어. 개설 과정이 생각보다 교묘하던데? 응, 알바처럼 보이게 속여서 피해자 만들고 그러더라. 와 진짜 나쁘다. 그걸 모른 채 당한 사람도 피해자잖아. 맞아, 설명 듣고 보니까 금융이랑 관련된 건 더 조심해야겠더라. 그러니까. 잠깐만 생각 안 하고 서류나 인증 넘기면 큰일 날 수 있대. 아휴, 진짜 이런 다큐 보면 현실감 있다. 응, 특히 가족들한테도 꼭 알려줘야겠어. 불법 대포통장 같은 건 그냥 단순한 일인 줄 알면 안 되겠더라. 맞아, 나도 오늘 집에 가서 얘기해야겠다.",0,B
normal_B_0316,"그 다큐 봤어? 불법 대포통장 개설 시키는 거 나왔던 거. 응 봤지. 근데 피해자들이 생각보다 많아서 놀랐어. 그러니까, 보상해 준다거나 급전 준다면서 꼬드기더라. 아 진짜? 그런 식으로 접근하는구나. 응, 결국 본인 명의로 통장 개설하게 만들고 문제 생기면 피해자만 곤란해지는 거지. 와, 너무 무섭다. 나였으면 헷갈렸을 것 같아. 그러니까 더 조심해야 돼. 누가 부탁해도 쉽게 해주면 안 되겠더라. 맞아맞아. 나도 보면서 '아니 이런 거 왜 속지?' 싶다가, 막상 상황 만들면 당할 수도 있겠다 싶었어. 피해자 인터뷰도 나오던데 마음 아프더라. 응, 진짜. 요즘은 돈 준다, 도와주겠다 이런 말에 더 경계해야겠어. 맞아. 불법은 결국 다 흔적 남기고, 피해자만 힘들어지잖아. 그러게. 괜히 남 일 같지 않더라.",0,B
normal_B_0317,"단톡방에 기사 봤어? 서울에서 보이스피싱 일당 남성들 검거됐대. 와 진짜? 서울에서 그렇게 크게? 응, 기사에 남성 여러 명이 한꺼번에 잡혔다고 나오더라. 헐, 발견된 것도 엄청 빨리 됐나 보네. 그러니까, 영상이랑 사진까지 같이 올라왔던데 딱 봐도 규모가 커 보이더라. 아, 진짜 속 시원하다. 이런 건 빨리 검거돼야지. 맞아맞아, 단톡방 반응도 다 비슷했어. 다들 '드디어 잡혔다' 이러더라. 서울이면 사람도 많아서 더 숨기 쉬웠을 텐데 어떻게 발견됐을까? 아마 수사랑 제보가 같이 들어갔겠지? 그랬을 것 같아. 진짜 잘 잡혔다. 요즘 기사 보면 무섭긴 한데, 이렇게 검거 소식 나오면 좀 안심돼. 응, 나도 그래서 바로 공유했어. 다들 조심하자고. 맞아, 특히 모르는 전화나 문자 오면 더 경계해야겠더라.",0,B
normal_B_0318,"야 단톡방에 올린 기사 봤어? 서울에서 남성 일당이 검거됐대. 응 봤어 봤어. 진짜 규모가 꽤 컸나 보더라. 그러니까. 기사 보니까 발견된 장소도 의외였어. 아 그래? 어디였는데? 자세한 건 안 나왔는데, 어쨌든 수사팀이 오래 따라간 모양이야. 오, 속이 다 시원하다. 이런 뉴스 나오면 괜히 우리도 더 조심해야겠다는 생각 들지. 맞아맞아. 남성들 얼굴 공개된 사진 보니까 괜히 긴장되더라. 응, 나도. 근데 빨리 검거된 거 보면 요즘 대응이 빨라진 것 같아. 그러게. 단톡방 애들도 다들 '서울에서 또 이런 일 있었네' 하면서 놀라더라. 아휴, 무섭긴 무서운데 그래도 발견돼서 다행이다. 응, 더 퍼지기 전에 잡혀서 천만다행이지. 오늘은 이런 기사 보고 서로 조심하자고 해야겠다.",0,B
normal_B_0319,"오늘 회사 보안 교육 진짜 길었다. 특히 녹취 얘기 나올 때 완전 지루했어. 아, 나도 들었어. 근데 막상 듣고 보니까 중요하긴 하더라. 응, 진술 같은 거 남길 때도 정확해야 하고, 괜히 정보 흘리면 안 된다고 하잖아. 맞아맞아. 근데 설명이 너무 딱딱해서 졸렸어. 키키 나도. 그래도 압수 같은 단어까지 나오니까 갑자기 현실감 생기더라. 그러니까. 우리가 다루는 정보가 그렇게 중요한지 새삼 느꼈어. 맞아, 실수로 메모나 파일 잘못 보내면 큰일이잖아. 응, 특히 녹취는 그냥 남겨두는 게 아니라 보관도 조심해야 한대. 아 진짜, 신경 쓸 게 많네. 그러니까 푸념만 할 게 아니더라. 오늘 배운 거 생각보다 쓸모 있었어. 맞아, 나도 집에 가서 비밀번호부터 다시 바꿔야겠다.",0,B
normal_B_0320,"아 진짜 오늘 보안 교육 너무 길었어. 녹취 방법이니 진술 요령이니 계속 나와서 머리 아팠다. 어어, 맞아. 근데 그거 안 들으면 나중에 더 귀찮아질 수 있다더라. 응, 특히 정보 관리 제대로 안 하면 문제 생긴다고. 맞지. 개인정보 잘못 다루면 압수나 조사 얘기까지 갈 수 있다고 해서 좀 섬뜩했어. 아 진짜? 그렇게까지? 응, 나도 순간 놀랐어. 그래서 더 꼼꼼히 하라고 하더라. 그러니까. 근데 솔직히 교육 자료가 너무 많아서 뭐가 뭔지 헷갈렸어. 나도 그래. 녹취 파일 정리하는 법도 다시 물어봐야 할 것 같아. 그래도 오늘 들은 내용 중에 제일 남는 건, 아무 정보나 함부로 말하지 말라는 거였어. 맞아맞아. 괜히 대충 넘겼다가 진술이랑 기록 다 꼬일 수 있대. 휴, 회사 다니기 쉽지 않다 진짜. 그래도 조심하는 수밖에 없지, 뭐.",0,B
normal_B_0321,"아침 뉴스 봤어? 아니 진짜 깜짝 놀랐잖아, 명의도용 사건이 또 났다네. 어, 나도 방금 봤어. 이름이랑 개인정보 좀만 새면 이렇게 크게 번진다더라. 그 수사도 시작됐다던데, 피해자들 진짜 속상하겠다. 맞아맞아, 남 일 같지가 않더라고. 요즘은 전화번호나 문자 하나도 함부로 믿으면 안 되겠어. 나도 보면서 아, 이거 조심해야겠다 싶었지. 특히 명의 같은 거는 한 번 도용되면 되돌리기 힘들다잖아. 그러니까. 나도 오늘 부모님한테 바로 얘기해야겠어. 혹시 모르는 링크 누르지 말고, 계좌나 인증번호 요구하면 무조건 확인하라고. 응응, 그런 건 귀찮아도 꼭 해야 돼. 뉴스에서 보니까 사건도 꽤 크고 수사 범위도 넓어 보이던데, 진짜 무섭더라.",0,B
normal_B_0322,"아침에 뉴스 틀어놓고 밥 먹는데, 명의도용 사건 나온 거 봤어? 어휴, 진짜 끔찍하더라. 아 봤지 봤지. 어떤 사람은 자기 이름으로 뭐가 개설돼 있었대서 놀랐다더라. 수사 들어간다는데 빨리 잡혀야지. 맞아, 그런 사건은 피해자만 너무 억울하잖아. 나도 보면서 아 이거 부모님한테 꼭 말해야겠다 했어. 요즘은 택배 문자처럼 위장해서 들어오는 것도 많다니까 조심해야 돼. 그러게 말이야. 명의가 털리면 은행이랑 통신 쪽까지 다 확인해야 한다던데, 생각만 해도 피곤해. 진짜. 그래서 나는 비밀번호도 자주 바꾸고, 이상한 전화 오면 바로 끊어버리려고. 잘했네. 어쨌든 이번 사건은 수사 결과 빨리 나왔으면 좋겠다, 괜히 불안하게 만들지 말고. 그렇지, 우리도 서로 조심하자.",0,B
normal_B_0323,"아까 모르는 번호로 전화 왔는데, 수사관이라고 하더라? 나 진짜 바로 끊었어. 아 진짜? 무슨 얘길 했는데? 막 범죄 연루됐을 가능성이 있다면서 조사받아야 한다고 하더라. 어이없어서, 내가 왜요? 했더니 계속 이름이랑 주소를 물어봐서 끊어버렸지. 잘했어 잘했어. 그런 건 무조건 이상하잖아. 응, 말투도 너무 거창해서 수상했어. 수사관이면 보통 그런 식으로 안 묻는대잖아. 그러니까. 나도 순간 놀라긴 했는데, 가만 생각하니까 말이 안 돼서. 혹시나 해서 주변에 물어보려고 전화했어. 진짜 황당했겠다. 범죄, 연루 이런 말만 꺼내도 사람 놀라게 만들잖아. 맞아, 나 완전 심장 철렁했어. 혹시 진짜 조사 필요하면 공식 안내가 먼저 와야지, 전화로 저렇게 바로 몰아붙이진 않겠지. 그렇지 그렇지. 다음엔 모르는 번호는 아예 안 받을까 봐. 그래, 그게 제일 낫겠다.",0,B
normal_B_0324,"나 오늘 진짜 어이없는 전화 받았거든? 어떤 사람이 수사관이라면서 너 범죄랑 연루된 걸 확인해야 한다고 막 그러는 거야. 어머, 진짜? 그건 완전 수상하다. 응, 목소리는 엄청 단호한데 내용은 하나도 안 맞아. 조사 들어간다, 협조해야 한다 이러길래 내가 아니요, 그런 적 없는데요? 했더니 바로 말 돌리더라. 아, 그럼 거의 이상한 전화네. 나 같아도 바로 끊었겠다. 나도 결국 끊었지. 괜히 더 듣고 있으면 기분만 나빠질 것 같아서. 맞아, 그런 건 상대 말에 휘둘리면 안 돼. 수사관이라고 해도 그냥 전화로 개인정보 묻는 건 이상하잖아. 그러니까. 근데 순간 진짜 내가 뭘 잘못했나 싶어서 심장이 쿵했어. 아 진짜? 그 심리로 사람 흔드는 거구나. 응, 완전 황당했어. 나중에 생각하니까 범죄 연루 이런 말 자체가 사람 불안하게 하려고 하는 거더라. 잘 끊었어. 앞으로는 모르는 번호면 더 조심해야겠다.",0,B
normal_B_0325,"어제 다큐 봤는데, 불법 대포통장 개설 얘기 나오더라. 와, 진짜 그런 게 그렇게 쉽게 되는 줄 몰랐어. 아 나도 봤어. 피해자들 얘기 나오는데 너무 안타깝더라. 응, 자기 이름도 아닌데 계좌가 만들어져서 골치 아프다잖아. 개설 과정도 은근 교묘하더라. 그러게. 불법이라고 해도 누군가는 가볍게 생각하고 넘기니까 더 문제인 것 같아. 나도 보면서 아, 이건 절대 남 일 아니다 싶었어. 맞아. 피해자들은 본인도 모르는 사이에 엮여서 은행이랑 경찰서 왔다 갔다 하더만. 진짜 고생이더라. 그리고 다큐 보니까 대포통장 하나 때문에 여러 사람이 피해자 되는 게 너무 무섭지 않았어? 응응, 그니까. 우리도 계좌 대여 이런 말 나오면 무조건 거절해야 돼. 당연하지.",0,B
normal_B_0326,"그 다큐 봤어? 불법으로 대포통장 개설하는 사람들 나오던데, 진짜 무섭더라. 응, 나도 봤어. 피해자들 인터뷰하는데 표정이 너무 안 좋았어. 그러니까, 자기랑 상관없는 일인데도 이름이 엮여서 얼마나 답답하겠어. 개설만 해놓고 돈만 빼돌리는 식이라던데, 듣기만 해도 열받아. 맞아맞아. 그게 불법인 줄 알면서도 속는 사람도 있고, 아예 모르게 이용당하는 경우도 있대잖아. 그래서 더 무섭지. 피해자 입장에서는 억울한데 정리하려면 시간도 오래 걸리고. 아휴, 진짜. 다큐 보면서 느낀 게, 누가 뭐 해달라고 하더라도 계좌나 신분증 얘기 나오면 바로 의심해야겠더라. 응, 그거 완전 중요해. 우리 주변에도 한 번씩 알려줘야겠다.",0,B
normal_B_0327,"서울에서 대규모 보이스피싱 일당 검거됐다는 기사 봤어? 남성 여러 명이 한꺼번에 잡혔다던데. 어, 나도 기사 봤어. 골목 쪽에서 발견됐다지? 진짜 대단하더라. 맞아, 서울 한복판에서 그렇게 오래 버티고 있었다는 것도 신기하고. 검거 소식 뜨니까 댓글도 엄청 달렸더라. 그러게, 이런 기사 보면 속이 좀 시원하긴 해. 근데 한편으로는 아직도 비슷한 일들이 많을까 봐 걱정돼. 나도 그래. 남성들 조직적으로 움직였다는 부분이 제일 무섭더라. 응, 발견되기 전까지 얼마나 많은 사람이 불안했겠어. 그래서 기사 읽고 바로 가족 단톡방에 공유했어. 잘했네. 이런 건 많이 알려야 돼. 맞아. 서울에서 난 일이라 더 남 얘기 같지 않더라고.",0,B
normal_B_0328,"단톡방에 기사 뜬 거 봤지? 서울에서 남성 일당이 검거됐대. 어, 봤어 봤어. 발견된 장소도 꽤 번화가 쪽이더라? 맞아, 나도 그 부분 보고 놀랐어. 그런 사람들이 그렇게 숨어 있을 줄이야. 진짜. 검거됐다는 소식은 반갑긴 한데, 그동안 피해 본 사람들 생각하면 마음이 좀 그렇더라. 그러게 말이야. 근데 기사 제목이 워낙 세서 다들 바로 반응하더라. 아 그래요? 우리 방에서도 누가 링크 올리자마자 난리였잖아. 응, 남성 몇 명이 조직적으로 움직였다니까 더 충격이었지. 서울 한가운데서 발견됐다니, 세상 참 무섭다 싶었어. 맞아. 그래도 빨리 잡혀서 다행이다, 이런 건 계속 밝혀져야지. 응응, 우리도 조심 또 조심해야겠다.",0,B
normal_B_0329,"회사 보안 교육 들었는데, 아 진짜 피곤하더라. 녹취 같은 것도 함부로 하면 안 되고, 진술 남기는 절차도 꼼꼼하대. 어, 맞아 그거 들었어. 근데 왜 그렇게까지 복잡한지 좀 답답하더라. 그러게. 정보 하나 잘못 다루면 나중에 문제가 커진다면서 계속 강조하잖아. 그리고 압수 관련 사례도 보여주는데 괜히 겁나더라. 맞아, 나는 그냥 아침에 잠깐 듣는 건데도 머리 아팠어. 녹취할 때도 목적이 분명해야 하고, 개인정보는 더 조심하라더라. 응, 그건 이해하겠는데 막상 현장에선 헷갈릴 것 같아. 나도 그래. 진술 정리할 때도 말 바뀌면 안 된다고 해서 괜히 긴장됐어. 아휴, 회사에서는 왜 이렇게 챙길 게 많나 싶지. 그래도 정보가 새면 더 큰 문제니까 어쩔 수 없겠지. 맞아, 귀찮아도 해야 되는 거지.",0,B
normal_B_0330,"오늘 보안 교육에서 들은 거 아직도 생각난다. 녹취할 때 아무 말이나 하면 안 되고, 진술도 정확하게 남겨야 한다고. 아 진짜? 그런 얘기까지 해? 응, 그리고 개인정보 같은 정보는 메모장에 대충 적어두면 안 된대. 괜히 압수 같은 상황까지 가면 기록이 다 문제될 수 있다나 봐. 어휴, 듣기만 해도 무섭네. 나도 점점 더 조심해야겠다 싶더라. 맞아맞아. 나는 원래 대충 넘기는 편인데, 이번엔 좀 달랐어. 특히 동의 없이 녹취하면 안 된다는 부분은 확실히 기억해야겠더라. 그러니까. 회사가 괜히 그 얘기하는 게 아니지. 응, 진짜 별거 아닌 줄 알았는데 정보 관리가 이렇게 중요할 줄 몰랐어. 나중에 또 헷갈리면 같이 다시 보자. 그래, 좋지. 괜히 어설프게 했다가 문제 생기면 더 피곤하잖아. 맞아, 이제는 좀 신경 써야겠다.",0,B
normal_B_0331,"아침에 뉴스 봤는데 진짜 깜짝 놀랐어, 명의 도용 사건이 생각보다 심각하더라. 어, 나도 봤어. 누가 남의 이름으로 뭘 막 해놨다면서? 응, 그러니까 명의만 빼돌려서 이것저것 신청해 놓는 거 같더라구. 수사도 들어갔다고 했고, 피해 규모도 꽤 크다던데. 아 진짜 무섭다... 요즘은 이름이랑 전화번호만 알아도 조심해야 하나 봐. 맞아맞아, 그래서 나도 가족들한테 꼭 말했어. 문자로 오는 링크 함부로 누르지 말고, 이상한 서류나 안내 오면 바로 확인하라고. 오, 잘했다. 이런 사건은 남 얘기 같지가 않더라. 그치, 명의 도용은 한 번 당하면 되돌리기 힘들 수 있다니까. 나도 오늘 부모님한테 다시 얘기해야겠다. 음, 특히 통장이나 카드 정보도 같이 관리해야 한대. 아 맞아, 뉴스에서 보니까 수사 진행 중이라던데, 얼른 잡혔으면 좋겠어.",0,B
normal_B_0332,"헉, 나 방금 아침 뉴스에서 본 사건 얘기하다가 또 소름 돋았어. 무슨 일인데? 명의 도용 관련 사건이었는데, 진짜 평범한 사람들 이름이 막 쓰였대. 아 그래? 그럼 수사도 꽤 복잡했겠다. 응, 그런 거 같아. 이름이랑 주소 같은 정보가 모이면 이런 일이 생긴다니까 너무 무섭더라. 맞아... 나도 괜히 내 명의가 어디에 쓰였는지 확인해 보고 싶어졌어. 그래서 요즘은 본인 확인도 더 자주 하라잖아. 어, 그러네. 나도 엄마한테 말해줘야겠다. 예전에 대충 넘겼던 우편이나 문자도 다시 봐야겠네. 맞아. 특히 이상한 가입 알림 오면 바로 고객센터에 확인하고. 오늘 뉴스 보니까 피해자분들이 진짜 힘들어 보이더라. 응, 그래서 더 조심해야 해. 수사 결과 나오면 또 알려줘. 그래, 그런 사건은 남 일 같아도 순식간이라서 꼭 알아둬야겠다.",0,B
normal_B_0333,"아까 모르는 번호로 전화 왔는데, 수사관이라고 하면서 이상한 얘기하더라. 헐, 진짜? 무슨 말 했는데? 그러니까, 내 번호가 범죄에 연루됐다면서 조사해야 한다고 막 그러는 거야. 아 미쳤다... 그래서 어쩌다 끊었어? 응, 중간에 너무 이상해서 바로 끊었지. 근데 말투가 되게 진짜 같아서 순간 헷갈렸어. 나도 그런 전화 오면 엄청 당황할 것 같아. 응, 나도 순간 심장이 쿵 했거든. 근데 생각해 보니까 수사관이면 그런 식으로 대충 말 안 하잖아. 맞아맞아, 보통은 기관 이름이랑 공식 절차를 정확히 말하지. 응, 그래서 바로 가족한테도 말했어. 혹시 또 오면 받지 말라고. 잘했네. 요즘 그런 사칭 전화 많다던데 진짜 조심해야겠다. 아, 그리고 개인정보 절대 말하지 말라고 하더라. 응응, 조사 필요하다면서 이름, 주소, 계좌 이런 거 묻는 건 이상한 거래. 듣고 보니 너무 수상하지. 진짜 이상했어. 다음엔 바로 끊고 번호도 저장 안 하려고. 그래, 그런 전화는 다시 안 받는 게 맞지. 나중에 혹시 비슷한 번호 오면 같이 확인하자.",0,B
normal_B_0334,"나 아까 진짜 황당한 전화 받았어. 수사관이라고 하면서 말이야. 어? 무슨 수사관? 그러니까, 어디 조사 중인데 내가 범죄에 연루됐는지 확인해야 한다고 하더라. 헐... 완전 이상하다. 응, 처음엔 목소리가 너무 차분해서 잠깐 믿을 뻔했어. 근데 계속 개인정보 말하라고 하니까 이상해서 끊었지. 잘했다, 그거 완전 수상해. 맞아, 듣고 나니까 내가 왜 거길 당황했나 싶어. 그리고 번호도 계속 바꿔서 걸더라구. 아 진짜? 그럼 더 수상하네. 응, 그래서 기록해 두려다가 그냥 차단했어. 이런 건 수사 같은 말만 앞세우고 사람 겁주려는 거 같아. 맞아맞아. 진짜 조사할 일 있으면 그렇게 전화로 몰아붙이지 않겠지. 그러게. 나도 처음 겪어보니까 괜히 심장 뛰더라. 음, 너도 조심해. 이런 전화 오면 일단 끊고, 가족이나 지인한테 바로 말하는 게 좋을 듯. 응응, 오늘 완전 교훈 얻었어. 나중에 그런 번호 오면 바로 무시할게.",0,B
normal_B_0335,"어제 본 다큐멘터리 봤어? 불법 대포통장 개설 범죄 다뤘던 거. 응 봤지, 생각보다 너무 현실적이더라. 맞아, 그냥 통장 하나 만드는 게 아니라 불법으로 다른 사람 이름을 이용하는 거라서 더 무섭던데. 응, 피해자 입장에서는 진짜 억울하겠더라. 자기도 모르는 사이에 명의가 쓰이고 돈이 오가고. 그러니까. 다큐에서 피해자분들 인터뷰 나오는데 너무 안쓰러웠어. 아, 나도 그 부분에서 좀 답답했어. 근데 또 가담한 사람들은 처음엔 별일 아닌 줄 알고 시작했다가 크게 번지더라구. 맞아, 그러니까 그게 더 위험한 거지. 개설이라는 말이 그냥 계좌 하나 여는 것처럼 보여도, 불법이랑 붙으면 완전 다른 얘기잖아. 응응. 결국 피해자만 생기고 나중에 수습도 어려워 보였어. 나도 앞으로는 그런 제안 오면 무조건 거절해야겠다 싶더라. 맞아맞아, 너무 쉽게 돈 벌 수 있다고 하면 일단 의심해야 해. 다큐 보니까 경각심 확 들었어.",0,B
normal_B_0336,"나 어제 밤에 다큐 하나 봤는데, 대포통장 개설 이야기였거든. 오, 그거 요즘 많이 나오더라. 어 맞아. 근데 그냥 뉴스보다 더 무섭게 느껴졌어. 왜냐면 불법인 줄 알면서도 속는 사람들이 꽤 있더라고. 아... 진짜? 응, 특히 처음엔 서류만 내면 된다고 하니까 별거 아닌 것처럼 보였나 봐. 근데 결국 피해자들이 엄청 힘들어하더라. 맞아, 자기 이름으로 계좌가 만들어져 있으면 얼마나 당황스럽겠어. 그러니까. 나도 보면서 '이거 절대 하면 안 되겠다' 싶었어. 맞아맞아, 대포통장 같은 건 한순간에 인생 꼬일 수 있잖아. 응, 다큐에서 수사하는 분들도 계속 경고하던데, 이름 빌려달라는 말 자체가 이상한 거라고. 아 진짜 그렇네. 나중에 누가 계좌 개설 도와달라 해도 무조건 거절해야겠다. 응응, 특히 돈 준다고 꼬시는 건 더 위험해. 나도 친구들한테 이거 꼭 말해줘야겠어. 그러게, 이런 건 많이 알려져야 하더라.",0,B
normal_B_0337,"어, 단톡방에 기사 하나 올렸는데 봤어? 서울에서 보이스피싱 일당 검거됐다는 거. 오 진짜? 서울에서? 응, 남성 여러 명이 같이 붙잡혔다더라. 기사 읽어보니까 발견도 아주 빨리 됐대. 아 그래? 다행이다. 그런 일당은 얼른 잡혀야지. 그러니까, 피해자 생각하면 진짜 화나더라. 맞아, 이번엔 단속이 잘 됐나 보다. 응응, 기사 댓글도 다들 잘 잡았다고 하더라. 근데 이런 사건은 계속 생기니까 방심하면 안 되겠어. 맞아, 서울이라서 더 눈에 띄었나? 어, 아무래도 규모가 커서 그런가 봐. 남성들이 조직적으로 움직였다던데 진짜 대단한 건 나쁜 쪽으로만 쓰네. 맞아맞아, 그런 건 좀 씁쓸하다. 나도 읽고 나서 부모님한테 조심하라고 얘기했어. 잘했네. 기사 공유해줘서 고마워. 이런 건 같이 알아두면 좋지.",0,B
normal_B_0338,"방금 단톡방에 기사 올렸는데, 서울에서 남성들로 된 보이스피싱 일당이 검거됐대. 헐, 진짜? 어, 기사 제목 보고 바로 들어갔는데 내용도 꽤 자세하더라. 발견된 장소도 여러 군데였고, 꽤 오래 쫓아다녔다고 하던데. 오, 수고 많았겠다. 응, 이런 건 빨리 검거돼야 피해가 덜하니까. 맞아맞아. 근데 기사 읽으면서도 괜히 불안하더라. 요즘은 어디서든 그런 일이 생길 수 있으니까. 그러니까, 그래서 나는 부모님한테도 기사 링크 보내드렸어. 혹시 모르는 전화 오면 바로 끊으라고. 잘했네. 서울이라서 더 크게 보도된 것 같은데, 남성들이 여러 명이었다는 점도 좀 무섭더라. 맞아, 조직적으로 움직이면 더 막기 힘들겠지. 응, 그래도 이번엔 잘 발견돼서 다행이야. 이런 소식은 자꾸 공유해야 경각심 생기지. 나도 그렇게 생각해. 기사 보자마자 다들 조심하자고 말했어. 그래, 잘했다. 나중에 또 비슷한 기사 있으면 보내줘.",0,B
normal_B_0339,"아, 회사 보안 교육 듣고 왔는데 완전 피곤하다. 왜? 뭐가 그렇게 많았어? 녹취가 얼마나 중요한지 계속 말하더라. 어, 맞아. 통화 내용도 기록하고, 진술도 정확히 남겨야 한다고 했지? 응응, 그러면서 개인정보도 절대 함부로 말하면 안 된다고 하더라. 아 진짜, 매번 듣는 말인데도 귀찮아. 그러니까. 근데 교육하다가 압수 같은 단어도 나오니까 괜히 긴장되더라. 아 그건 좀 그렇다. 근데 실제로는 정보 관리 잘못하면 큰일 나니까 이해는 가지. 맞아. 나도 알긴 아는데, 듣다 보면 너무 딱딱해서 졸리더라. 진술 기록할 때도 애매하게 말하면 안 되고 정확하게 남겨야 한대. 응, 그래서 메모 습관이 중요하다더라. 나중에 문제 생기면 녹취가 제일 확실한 자료가 되니까. 맞아맞아. 근데 너무 사소한 정보까지 다 챙기려니까 머리 아프더라. 나도 퇴근하고 나면 그냥 잊고 싶어. 하하, 그래도 오늘 배운 건 기억해야지. 응, 정보는 정말 조심해야겠더라.",0,B
normal_B_0340,"오늘 보안 교육 진짜 길었지? 아, 진짜 길었어. 녹취 방법이랑 개인정보 보호 얘기만 한참 하더라. 그러니까, 나는 중간에 '아 이거 다 아는 내용 아닌가' 싶었는데 막상 들으니까 또 헷갈리는 부분이 있더라. 맞아, 특히 진술 남길 때는 말 끝까지 정확하게 적어야 한다고 해서 좀 신경 쓰였어. 응, 대충 적으면 나중에 문제 된대. 그리고 압수 얘기도 나오니까 다들 갑자기 집중하더라구. 아 그건 당연하지. 아무래도 정보 하나 잘못 다루면 일이 커지잖아. 맞아맞아. 나도 듣고 나서 업무할 때 메모 습관 좀 바꿔야겠다 싶었어. 응, 그리고 다른 사람한테 넘길 때도 필요한 정보만 주고. 그렇지. 괜히 다 말해주면 안 되지. 맞아. 사실 매번 교육 들을 때마다 똑같은 얘기 같아도, 한 번씩은 다시 생각하게 되더라. 응응, 특히 녹취는 나중에 확인할 때 도움이 크대. 그래도 오늘은 좀 실용적이긴 했다. 아, 인정. 끝나고 나니까 머리는 아픈데 하나는 배운 느낌이네.",0,B
normal_B_0341,"아침에 뉴스 봤는데 진짜 깜짝 놀랐어. 명의 도용 사건이 또 났다더라, 그것도 되게 평범해 보이는 방식으로 말이야. 어휴, 세상 무섭다... 응? 어떤 거였는데? 아, 누가 개인정보를 슬쩍 이용해서 계정이랑 대출 관련해서까지 손댔다고 하더라고. 수사 들어갔다던데, 아직도 확인할 게 많대. 진짜요? 아니 그런 건 어떻게 막아야 해? 그러니까, 요즘은 문자로 오는 링크도 함부로 누르면 안 되고, 이름이랑 주민번호 같은 거는 더 조심해야 한대. 맞아맞아, 그거 진짜 중요하지. 나도 아침에 보자마자 너 생각났어. 너는 이런 거 잘 믿는 편이니까, 모르는 데서 전화 오면 일단 끊고 확인해. 아 알겠어, 괜히 대충 넘기면 안 되겠네. 명의 도용은 한 번 당하면 복잡하대. 수사도 오래 걸리고, 피해자만 고생이라더라. 으아... 생각만 해도 머리 아프다. 그래도 오늘 알아둬서 다행이지 뭐. 저녁에 부모님한테도 한번 말해 줘야겠다.",0,B
normal_B_0342,"야, 나 방금 뉴스 봤는데 명의 도용 사건이 너무 소름이더라. 아예 다른 사람 이름으로 이것저것 신청해 놨다던데? 헐 진짜? 그거 완전 심각하네. 응, 수사 시작됐대. 근데 피해가 커서 정리하는 데 오래 걸릴 것 같다고 하더라. 어휴... 나도 가끔 택배 문자 오면 바로 누를 뻔했는데, 이제 조심해야겠다. 그러니까, 그게 제일 위험하대. 이름이나 생년월일 같은 명의 정보는 괜히 흘리면 안 된다고. 맞아. 그리고 요즘은 계정 비밀번호도 자주 바꾸라더라? 응, 뉴스에서 그러더라. 아 근데 진짜 무서운 건, 본인도 모르는 사이에 사건이 커질 수 있다는 거잖아. 그렇지... 수사 끝나기 전까지는 함부로 단정도 못 한다고 하더라. 와, 진짜 세상에 별일 다 있네. 너도 요즘 서류 같은 거 사진 찍어서 보내고 그러지 마. 어, 맞다. 나 편해서 자꾸 사진으로 보내는데 그것도 조심해야겠다. 응, 조심해서 나쁠 거 없지. 명의 도용은 괜히 한 번 당하면 진짜 오래 간다니까.",0,B
normal_B_0343,"방금 모르는 번호로 전화 왔는데, 수사관이라고 하더라? 하... 듣자마자 이상해서 바로 끊었어. 아 진짜? 무슨 말을 했는데? 음, 내 번호가 어떤 범죄에 연루됐다고 조사해야 한다는 식으로 말하더라. 근데 말이 너무 급하고 이상했어. 그래서 내가, 아니요, 그런 거 없는데요? 했더니 계속 이름이랑 주소 확인하래. 와, 그건 진짜 수상하다. 맞지? 나도 처음엔 진짜 수사관인 줄 알았는데, 말투가 영 이상하더라고. 그래서 그냥 끊어버렸어. 잘했어 잘했어. 그런 전화는 바로 끊는 게 맞지. 응, 괜히 따라가면 더 복잡해질 뻔했어. 범죄에 연루됐다는 식으로 겁주면 누구라도 놀라잖아. 그러니까 말이야. 나 지금 심장 쫄려서 물 한 잔 마시는 중이야. 하하, 그래도 잘 대처했다. 조사 같은 건 전화로 저렇게 안 한다고 하더라. 아 그래? 그럼 더더욱 이상했네. 응, 나중에 혹시 또 오면 그냥 무시하려고. 너도 이런 전화 오면 절대 정보 알려주지 마. 알겠어, 진짜 무섭네.",0,B
normal_B_0344,"야, 나 아까 수사관이라며 전화 온 거 끊었잖아. 근데 생각할수록 웃기면서도 이상해. 왜 갑자기 내가 범죄에 연루됐대? 말도 안 되는 소리를 하더라고. 헐, 그런 식으로 하는구나. 응, 조사해야 한다면서 계속 개인정보 묻는데 딱 봐도 수상했어. 그래서 내가, 아 그럼 공식적인 안내를 보내 주세요 했더니 얼버무리더라. 아, 그건 거의 바로 티 난 거네. 맞아. 진짜 수사관이면 그렇게 안 하겠지? 아마 아니겠지. 보통은 그런 식으로 급하게 압박 안 한다고 들었어. 하, 괜히 기분만 더러웠다. 나 이런 거 약해서 심장 두근거렸어. 그러니까 조심해야지. 혹시 또 비슷한 전화 오면 녹음해 두고 끊어. 어, 맞다. 아까 너무 당황해서 녹취 생각도 못 했네. 하하, 그래도 이제 기억났으면 됐지. 범죄 관련 얘기라고 해서 덜컥 겁주면 안 된다니까. 진짜, 세상 무섭다. 너도 나중에 이상한 전화 받으면 바로 나한테 말해.",0,B
normal_B_0345,"어제 저녁에 다큐 봤는데, 불법 대포통장 개설 이야기 나오더라. 처음엔 좀 지루한가 했는데 보다 보니까 완전 현실적이어서 소름 돋았어. 아, 그거 나도 봤어! 피해자들이 정말 많더라. 맞아. 그냥 아르바이트인 줄 알고 넘어갔다가 나중에 큰일 나는 경우도 있대. 개설 과정도 되게 교묘하게 꾸미더라. 어휴... 대포통장이라는 말만 들어도 뭔가 무섭지. 응, 나도 예전엔 그냥 말만 들어봤지 실제로는 잘 몰랐거든. 근데 다큐 보니까 불법이라는 걸 알면서도 속는 사람이 많더라. 그러니까. 피해자 입장에선 억울하지. 자기 이름으로 통장이 만들어진 줄도 몰랐다잖아. 진짜 안타깝더라. 맞아. 그리고 그걸로 뒤늦게 조사받고 고생하는 장면 보는데 마음이 무거웠어. 아, 맞아맞아. 나도 거기서 막 답답했어. 앞으로는 뭐든지 서류나 계좌 관련해서는 더 조심해야겠다 싶었어. 응, 특히 돈 쉽게 벌 수 있다고 하면 한번 의심해 봐야 돼. 하긴, 세상에 공짜가 어디 있겠어. 다큐 보길 잘했네. 응, 우리도 남 이야기 같지 않더라.",0,B
normal_B_0346,"나 그 다큐 봤어, 불법 대포통장 개설 건 다룬 거. 진짜 별일 다 있더라. 어쩌다 그런 데 엮이면 피해자만 힘들어지는 거잖아. 맞아, 피해자들이 너무 불쌍했어. 통장 하나 때문에 진술도 하고 확인도 여러 번 받아야 하더라. 하... 괜히 마음이 복잡해지더라. 응, 개설 자체가 불법인 건 알았는데 과정이 생각보다 치밀했어. 그러니까. 처음엔 그냥 계좌 빌려달라는 식으로 접근하더라. 아 진짜? 그런 식이면 헷갈릴 수도 있겠다. 응, 근데 자세히 보면 수상한 게 많지. 감독도 그걸 계속 보여주더라. 나는 그 장면에서 아예 불법이라고 크게 표시해 주는 게 좋겠다 싶었어. 맞아, 사람들 헷갈리면 안 되니까. 그리고 피해자 입장에서는 한 번 엮이면 오래 간다잖아. 응응, 그게 제일 무섭지. 나도 앞으로는 알바든 뭐든 계좌 관련 얘기 나오면 바로 확인할 거야. 잘 생각했어. 나도 조심해야겠다.",0,B
normal_B_0347,"서울에서 대규모 보이스피싱 일당 남성들이 검거됐다는 기사 봤어? 단톡방에 바로 올렸는데 다들 난리 났더라. 어? 진짜? 나 그 기사 아직 못 봤는데. 응, 서울 쪽에서 발견돼서 잡혔다고 하더라. 남성 여러 명이 같이 움직였대. 와, 규모가 컸나 보네. 그러니까. 기사 읽는데 검거 장면 설명이 꽤 자세했어. 그래도 잡혀서 다행이다. 맞아. 요즘 이런 기사 보면 아예 남 일 같지가 않더라. 응, 나도. 그래서 바로 너희한테 공유했지. 혹시라도 비슷한 전화 오면 조심하라고. 잘했어. 요즘 진짜 이런 거 많잖아. 응, 기사에서 보니까 수법도 점점 교묘해진다더라. 아, 무섭다. 근데 서울에서 잡혔다니 좀 시원하긴 하네. 그러니까, 막상 검거됐다는 소식 들으면 조금 안심되지. 응응. 단톡방 애들도 다들 댓글로 조심하자고 하더라. 오, 반응 좋았겠네. 맞아. 이런 건 공유해 두는 게 좋지.",0,B
normal_B_0348,"야, 서울에서 보이스피싱 일당 남성들 검거됐다는 기사 봤어? 내가 단톡방에 올렸더니 다들 바로 읽더라. 오 진짜? 잘했다. 응, 기사에 보면 발견된 장소부터 검거 과정까지 꽤 자세하더라. 아, 그런 기사 보면 괜히 속 시원하지. 맞아. 근데 한편으론 아직도 이런 일이 많구나 싶어서 좀 무섭더라. 그러니까. 요즘 너무 교묘해서 나도 조심하려고. 기사에 나온 남성들이 여러 명이었대? 응, 규모가 꽤 있었나 봐. 그래서 더 화제가 된 듯. 하긴, 서울이면 사람도 많고 더 숨기 쉬웠을 텐데 잡혀서 다행이다. 맞아. 단톡방에서도 다들 어, 이건 꼭 읽어야 한다 이러면서 공유하더라. 아 그래? 그럼 경각심 주는 데는 제대로 됐네. 응. 너도 혹시 이상한 전화 오면 기사 생각나서라도 바로 끊어. 알겠어. 이런 소식은 자주 봐도 조심은 계속해야겠다.",0,B
normal_B_0349,"어제 회사 보안 교육 받았잖아, 그거 진짜 피곤했어. 녹취를 꼭 하라느니 진술은 정확히 남겨야 한다느니, 정보 관리 철저히 하라느니 계속 나오는데, 아 머리 아프더라. 아 맞다, 너 교육 갔다 왔지. 어땠어? 음, 내용은 좋은데 너무 길었어. 특히 개인정보 얘기 나올 때마다 다들 표정 멍해졌어. 하하, 그럴 만하지. 근데 그런 거 중요하긴 하잖아. 응, 맞아. 근데 말은 쉬운데 실제로는 다 지키기 어렵더라. 녹취도 함부로 하면 안 되고, 진술도 정확히 남겨야 하고, 정보는 공유 범위도 조심해야 하고. 아 그렇지. 괜히 실수하면 나중에 문제 되니까. 맞아. 교육 담당자가 압수나 수사 같은 단어까지 예시로 들면서 설명했는데, 너무 무거운 느낌이었어. 헐, 그렇게까지? 응, 근데 이해는 되더라. 아무래도 회사 정보가 새면 안 되니까. 그러니까. 나도 듣고 나서 메신저로 파일 보낼 때 한 번 더 확인하게 됐어. 잘했네. 나도 요즘은 습관 들여야겠다.",0,B
normal_B_0350,"오늘 보안 교육 진짜 길었지? 녹취 방법까지 배우니까 머리가 띵하더라. 응, 나도 그 부분 좀 피곤했어. 진술할 때는 애매하게 말하지 말고 정확하게 하라고 계속 강조하잖아. 맞아, 근데 그게 생각보다 어렵더라. 그러니까. 괜히 말 바꾸면 기록이 헷갈리니까. 그리고 정보는 무조건 필요한 사람한테만 주라고 하고. 아, 그건 맞지. 근데 현실에서는 자꾸 여기저기 보내게 되잖아. 맞아. 그러다 보면 나중에 압수 같은 상황까지는 아니어도, 문제가 될 수 있다더라. 헉, 무섭게 들리네. 그래도 교육이 괜히 있는 건 아니겠지. 응. 듣고 나니까 내가 너무 대충 일했나 싶더라. 하하, 누구나 그렇지 뭐. 그래도 오늘 배운 거 생각하면 앞으로는 파일명부터 다시 보게 될 듯. 맞아. 나도 녹취 남길 일 있으면 바로 정리하려고. 아, 그래 그래. 귀찮아도 하는 수밖에 없지. 그러게. 회사 일은 꼼꼼함이 제일인 것 같아. 응응, 오늘 푸념은 했지만 도움은 됐네.",0,B
normal_B_0351,너 차는 하이브리드야? 전기 차는 아니지? 응 하하 내 차는 그냥 차야 하하 아 진짜? 현대 차에서 이제 전기 차만 만들겠다고 했대 응응 나도 기사 봤어 나도 차 바꿀까 봐 헐 진짜? 맞아 너 예전에도 고민했었잖아 응 하하 나는 지금 차 살 때도 되게 고민했었거든 맞아 기억 나 너 곧 전기 차 나올 건데 기다려 볼까? 그랬잖아 응 하하 그래서 좀 후회가 되고 있어 진짜? 근데 너 차 잘 샀어 출퇴근 할 때 생각해 봐 맞아 타이밍은 잘 맞춘 것 같긴 해 그래 좋게 좋게 생각해 하하 차는 언제 바꿀 생각이야? 나는 내년쯤에 생각하고 있어 전기 차로 바꾸려구 오~ 내년에 전기 차가 우리나라에서만 4종 나올 계획이래! 진짜? 그럼 나도 내년에 바꿔야지! 그래 그래 키키 너도 이제 에코 드라이브 해야지! 응 하하 벌써 두근거리네 하하 넌 차 언제 살 거야?,0,B
normal_B_0352,"자기 친구 중에 결혼 안 한 친구 있어? 응 있어. 왜 그건 갑자기 물어봐? 내 친구 중에 괜찮은 애 있어서 소개 시켜줄까 하고 여자들이 봤을 땐 남자들이 괜찮다고 하면 다 별로더라. ㅋ ㅋ 진짜 괜찮은 친구야. 날 믿어도 돼. 괜히 소개 잘 못 시켜주면 욕이나 먹어서 ㅠ 성격도 좋고 돈도 잘 벌고 벌써 내 집 마련 까지 해 놨어 올 벌써? 대박인데... 어린 나이에 내 집 마련까지 했다니. 근데 문제는 지방에서 근무하고 있거든. 장거리 연애 가능할련지 모르겠다. 눈에서 멀어지면 마음에서도 멀어진다고, 그 친구 전에도 장거리 연애 했었는데 오래 만나긴 했었어. 걘 장거리 연애 좋아 한다니? ㅋ 힘들긴 할 텐데, 어찌 잘 만나더라구. 내가 그럼 내 친구한테 물어 볼께. 장거리 연애도 괜찮은지. 우리 둘이 서로 만나지도 않았는데, 너무 앞서 가는 거 아니야? ㅋ ㅋ 그러게 서로의 의견은 들어보지도 않은 채 결론 짓고 있네. ㅎ",0,B
normal_B_0353,"오빠 당근마켓에서 뭐 삼? 아니 산 거 아니고 나는 항상 팔아 키키 근데 오빠네 집 주변에 팔 사람이 있어? 아니 그래서 여자친구네 집 주변에서 팔아 키키 키키 계정은 오빠 계정으로 하는 거 맞고? 웅 맞아 인증만 데려다 줄 때 거기서 해 키키 그렇구나 키키 이번에 뭐 팔았어? 나 이번에 바지 일괄로 팔았잖아 키키 오 바지 한 벌에 얼마에 팔았으? 7장에 2만원에 넘겼어 키키 완전 떠리~ 헐 완전 거져 준 거 아니야? 맞아 근데 이모가 팔으라고 두고 가시더라고 키키 키키 어,? 이모가 팔라고 두고 갔다고,? 당근 한다는 소식 듣고 정리하면서 팔으라고 나 주고 갔어 키키 용돈 하래 키키 헐 대박 이게 바로 창조 경제 아니야? 그럼 가끔씩 브랜드 옷들도 주고 감 키키 나이스",0,B
normal_B_0354,이제 나이 드니까 점점 체력이 떨어지는 게 느껴지네 아니 몇 살이라고 벌써? 앞자리가 바뀌니까 확실히 달라 키키 기분 탓일 거야 아닌가? 아니 이제는 건강보조제 이런 거 엄청 찾아보게 돼 종합 비타민 먹고 있지 않아? 그거 말고 좀 더 먹어야겠어 키키 그걸로 부족한 거야? 웅! 그 유명한 것들 있잖아 좀 먹어야겠어 그런 거 다 상술 아니야? 아니 그래도 밀크씨슬이나 오메가 이런 건 확실히 효과 있을걸? 밀크씨슬 키키 술은 줄이는 건 오때? 못 끊으니까 그러지 하하 아 그거 말고 마그네슘도 좋다던데 비타민D랑 아 맞아 그거 두 개 같이 먹으면 효과 좋대 키키 그럼 그거 꼭 챙겨 먹어,0,B
normal_B_0355,오늘은 지하철 진짜 개더웠음! 오늘? 오늘은 별로 안 추웠나 보네 키키 키키 아니 밖에는 추웠는데 내가 생각을 때는 사람들의 온기 때문인 거 같아 아니야 이제 지하철 히터 트나 봐 키키 키키 그런가? 진짜 개더워서 나 겨땀 났잖아~ 겨땀 너는 왜 맨날 겨땀 흘려? 키키 나 겨드랑이에 털이 없어서 잘 흘러~ 아 여자들은 털이 없어서 그런 건가? 키키 어 맞아 그리고 나 비밀이 한 가지 있어~ 너? 겨땀에 무슨 비밀이 숨어 있어 키키 나 겨드랑이 레이저 했거든~ 야 그거 요즘 애들 다 한다고 그러더라 키키 무슨 비밀이야 키키 맞아 키키 째뜬 나 오늘 털 옷 입었는데 진짜 지하철에서 죽는 줄! 아 니 옆에 있었으면 냄새 겁나 났겠다 키키 키키 아니거든~ 나 냄새 하나도 안 나거든~ 아니 엄청 난다 지금 맡아 보셈,0,B
normal_B_0356,자동차 잘 빼고 왔나? 키키 엉 키키 아휴 내 잘못은 아닌데 걍 빼줌 키키 왜 빼 달라고 전화 왔더나 응응 아니 전화한 차가 2대 주차할 자리에 중간에 주차를 한기라 글서 나도 대충 했더니 그 밑에도 누가 주차를 해서 낀기라 키키 악 뭐야 서로 서로 난리네 키키 근데 밑에 차가 잘못했어 키키 왜냐면 거기 대면 빌라 사람들 입구 막거든 키키 그 중간 차도 지가 애매하게 주차한 게 잘못이긴 하다만 아 진짜 키키 이기적으로 했네 주택이 이게 문제네 키키 맞아... 그래도 나도 애매하게 주차했는데 더 깨끗하게(?) 주차해서 맘 편해 키키 그래 잘했네 키키 전화 와서 조금 귀찮았네 엉 그건 인정 키키 난 첨에 건물주가 전화한 줄 키키 키키 악 진짜 식겁하고 나갔겠네 식겁하고 받았다가 아.. 중간 차세요? 키키 키키 얽히고 얽혔네 키키 중간 차세요 왜 이렇게 웃김 키키 키키 네 중간 차에요라고 하시더라 키키 웃겨 키키 진짜 웃기네 키키 큰 일 아니어서 다행 키키 키키 엉 키키 귀찮긴 했지만 뭐... 더 깔끔히 주차해서 굳,0,B
normal_B_0357,나 오랜만에 코빅 보는데 백아연씌 나온당 아 그 노래 잘하시는 분? 엉엉 노래 나온 지 좀 됐는데 이제 나오셨넵! 오 되게 오랜만이다 내가 오랜만에 티비로 본방 보는데 되게... 피부가 다 보이는구나 키키 아 그래서 연예인들이 관리 빡세게 해도 잘 안 나온다는 건가 ㅠㅠ 아 피부가 너무 잘 보여서 신기해! 좋고 안 좋고 보다는 잘 보영 아아 키키 나도 어제 오랜만에 티비 봤어 신기해 신기해 우리 둘 다 티비 오랜만에 보지 엄마가 보는 신사와 아가씨? 드라마 같이 봤어 아까 채널 돌리다가 하는 거 봤어! 시작한 지 얼마 안 된 거 맞지? 어 그럴걸! 오케이 광자매 끝나고 시작한 거래 아아 맞네 맞네 오케이 광자매도 시청률 되게 높았던 걸로 아는데! 아 그래? 우리 엄마도 재밌게 보더라 그럼 너도 봤었어? 나도 본가 갈 때 몇 번 같이 봤어,0,B
normal_B_0358,나 이번에 수강 신청한 거 제목 뭔지 알려줄까? 응 제목이 뭐야? 진짜 티에아이긴 하지만 키키 운동과 건강... 키키 어때 도움이 되는 것 같아? 교수님이 물어본 거 물어봐줄까? 응 나도 궁금하네! 매일 청소기를 돌리는 것도 운동일까요? 음... 체력 소모가 적을 것 같은데! 아니지 않아? 운동은 아닌데 건강해지는 방법은 맞대 키키 건강해지는 방법이라고? 왜? 가만히 있는 건 아니니까! 움직이잖아 헐 오늘부터 청소기 돌려야겠다 하하 설거지 하는 것도 운동이라고 하심 키키 집안일을 하라는 거네 하하 그렇게 되는 건가 키키 낼부터 하삼 하하 엄마가 엄청 좋아하겠다 하하,0,B
normal_B_0359,"너 직장생활은 어때 키키 할만하나 직장생활 = 노예생활 키키 월급날만 기다리지 키키 키키 맞재... 닌 야근도 맨날 하는 거 같더만 응응 야근이 일상이지...! 넌 회사 생활 어때? 난 그래도 야근은 1년에 몇 번 없어서 다행 키키 그래도 외근 나가는 게 귀찮겠다! 응... 키키 진짜 경기도 끝으로 가면 너무 힘들다 경기도 끝으로 가면 시간 얼마나 걸려? 어디가 제일 멀어? 키키 키키 서울에서 여주나 평택, 아니면 저기 포천 이런 데 제일 멀어... 2~3시간? 여주면 경기 남부 쪽이네? 포천은 경기 북부고? 완전 멀겠다... 차까지 막히면 더 힘들겠어... ㅠㅠ 응응... 키키 거기 쪽으로 가면 시골 느낌도 많이 나고 키키 그래도 가끔씩 회사 탈출하면 기분은 좋을 것 같다 = 키키 키키 응 차만 안 막히면 드라이브 하는 거지 매일 키키 키키 드라이브 하면서 음악 같은 것도 들어? 키키 옛날엔 좋아했는데... 이젠 제발 조용히 가고 싶어서 안 들어 키키 왜 조용히 가고 싶어?",0,B
normal_B_0360,너는 싫어하는 가수 있어? 키키 나는 연예인 중에 그런 건 잘 없어 키키 언니는 있어? 키키 나도... 사실 그냥 연예계에 관심이 없네 키키 나두 키키 그래서 영화제 봉사할 때도 연예인 보는 거 별 생각 없었어 오 영화제 봉사한 적 있었어? 키키 누구 누구 봤어? 나는 정우성도 봤구여 음 또 유명한 사람은 누구 있지 헐 키키 정우성 진짜 잘생김이 붙어있어? 나는 근데 잘 모르겠었어 키키 그냥 비율 이런 게 진짜 좋긴 했는데 그 정도는 아니었어 키키 그냥... 잘 늙은 아저씨 같은 느낌인가? 키키 음... 그냥 그것보다는 다들 약간 없었다고 하길래... 오...? 이랬어 키키 아 그래? 티비에서는 엄청 친절해 보이던데 ㅜㅜ 그치? 근데 내가 겪은 게 아니라서 나도 잘 모르겠어 ㅠㅠ 근데 듣긴 그랬어 ㅠㅠ 아휴... 연기자들은 대부분... 좀 그런가 봐 키키 키키 그러게...? 좀 그래 아무래도... 비춰지는 게 뭐 ㅜㅜ 나는 인생에 영화제를 가본 적이 없는데 키키 아 진짜? 생각보다 재밌... 으려나? 나도 봉사자로 참가한 거라서 ㅠㅠ,0,B
normal_B_0361,일도 게임처럼 재밌게 하면 좋을 텐데 키키 그니깐... 얼마나 좋을까 그런 회사 없어? 키키 구글이나 이런 곳 보면 막 자유롭게 일하던데 키키 근데 거긴 들어가기가 너무 어렵잖아 키키 거긴 이미 실패 키키 어디 없나요 키키 아... 진짜 한국에도 그런 회사 있음 좋겠다 정말요. 있는데 저희가 못 찾는 걸까요? 키키 키키 그니깐... 혹시 찾으면 공유해줘 제발 키키 같이 가요 키키 정말 게임 회사들은 그럴까요? 키키 아니... 그들은 코딩하고 그래서 어렵지 않을까? 키키 그것도 실패네요... 우리는 어디로 가야 하는가 키키 그니깐... 하... 나도 좀 같이 가자 ㅠㅠ ㅜㅜ 왜 너희들만 가니 우리도 있단다 키키 그니깐 같이 가주라... 아님 차리자! 오! 언니 우리 다시 사업하는 거예요? 키키 키키 아니. 내가 차려볼게... ** 기다려 봐,0,B
normal_B_0362,작은 엄마 요가는 어디서 배웠어? 처음에 동사무소 프로그램에서 배웠지 거기는 몇 년도부터 가서 배운 거야? 아마 딸램 초등학교 보내고 나서? 헐 그러면 진짜 오래 됐구나?!? 그럼~ 시작 한지 오래야 어쩌다 강사까지 하게 되고 키키 강사는 누구 추천으로 하게 된 거야? 작은 엄마 스승님~ 동사무소 강사님이었어 키키 아 진짜? 지금도 같이 일해? 그 분도 화상 수업으로 하시더라 요즘 아 진짜? 그 분도 줌으로 수업 하는 거야? 응 맞아 요새 코로나 때문에 수업을 못나가 흙 ㅜㅜ 언제쯤 대면 수업 할 수 있는 거야!? 아마 내년에 위드 코로나 하면 갈듯 그러면 곧 회원들이랑 만나겠구나!? 그렇지 얼른 나가서 일하고 싶어~,0,B
normal_B_0363,오늘 세계에는 무슨 일이 있었니...? 한번 서치하고 와볼게 기다려방 키키 키키 응 찾아봐도 별일이 없었던 거 같노...? 응 별일이 없었나 봐 우리나라 접종률 미국을 따라 잡았데 ! 아진짜? 그건 인구가 세상 차이 나니까 그런 듯 뭐 큰일이 진짜 없었나 보네 세계 이슈 보는 사이트 있어 ? 히딩크 감독이 은퇴했뎅... ㅠㅠ 헐 우리의 영웅 히딩크 감독님 ㅠㅠ 이제 나이가 많으시지 ...? 추억의 히딩크 감독님 완전 할아버지 시더라 이제 ㅠ 그래 2002년 우리나라를 뜨겁게 달궈주셨지 감사했습니당 짝짝 나 2002년에 어렸던 게 세상 한이네 키키 제발 또 했으면 좋겠어 그니깐 ! 그렇게 막 4강까지 올라가면 난리 나겠지 ? 제대로 못 즐겼어... 너무 어렸어 키키 고작 빨간티 입고 다님 ㅠ 나도... 빨간티 입고 베란다에서 대한민국 외쳤던 거 기억나네 ㅋ 키키 그니까 지금이면 경기장 갔을 꺼 같애 ㅠ 진짜 닌 또 좋아하니까 무조건 갔을 듯 키키 오빠랑!,0,B
normal_B_0364,영화 장르 뭐 좋아해? 난 무조건 로맨스지 넌? 난 무조건 액션 하하 액션은 우리나라 영화보다 외국영화가 스케일 크지? 아무래도 그렇긴 해 사람들이 하는 말이 하나 있어 뭔뎅? 외국영화가 이겼다 이런 말인가 우리나라 영화에서 외제차를 터지게 할 수 없어서 액션이 아직 부족하대 키키 웃자고 하는 소리로 하나봐 아 그러네 항상 국산차만 터지고 깨지고 빠지고 했네 근데 난 우리나라 영화 액션도 싸우고 하는건 재미있어 스릴 오져 보다 보면 와 저럴 때 저렇게 공격 나간다고? 하며 감탄할 때도 있지 맞아맞아 그거 짜는 것도 대단한듯... 그런건 다 가르쳐주시는 분이 따로 있는건가 액션 감독님이 따로 계시는걸로 알고 있어 그럼 그걸 다 배우는 배우들도 대단한거당 그치 스턴트맨분들도 있지만 최대한 장면 따야 하니까 스턴트맨분들도 장난아니게 멋있더라,0,B
normal_B_0365,결혼하면 아이 몇 낳고 싶어? 나는 세 명! 무조건! 육아는 같이 하는 걸로? 아 당연히 같이 해야지. 내 새끼야? 세 명인 이유가 있어? 오빠 오빠 딸로 해서 완전 사랑 받고 자란 막내딸로 키우고 싶어 오 너 마음대로 성별이 가능하구나 그니까... 사실 내 맘대로 되는 건 아니지만... 남편이랑 맞벌이로 하고 싶어? 응 맞벌이 해야 나도 내 목소리를 낼 수 있을 것 같아 결혼기념일은 매년 챙기고 싶어? 응 그건 챙겼으면 좋겠어! 남자친구 생기면 하고 싶은 거 있어? 한강 가서 자전거 타기? 오 소소한 걸 꼭 곧 탈 수 있길... 남자 소개 시켜줘... 외로워,0,B
normal_B_0366,"언니네 집에 전자레인지도 있어? 응 전자레인지 남자친구가 사줘서 있어 하하 그렇구나 TV는 원래 있었다고 했지? 응 거기 두개 있었는데 한개 빼달라 그랬어! 와 TV가 두 개나 있었다고!? 웅 방에 큰 거 하나 거실에 벽걸이 키키 와 쩐다 키키 언니 그러면 풀옵션으로 들어간 거네? 맞아 풀옵 이긴 한데 약간 애매 키키 가전제품 꾸졌어 아 진짜? 어떤 게 기본 옵션으로 들어가 있었어? 냉장고랑 세탁기랑 티비 이거 뿐 어엇, 나는 냉장고 세탁기 전자레인지, TV 왜 안 줘, 헐 그래서 맥북 산고야? 키키 키키 엉 나 넷플 맥북으로 볼 거다! 개꿀이네 넷플릭스 나도 맥북 사고 싶다 이것도 다 빚이야 빚~ 그래? 그래도 투자는 해야지 자신한테",0,B
normal_B_0367,나 결혼식은 어디서 할까 딸이 결혼할 사람이랑 대화해보고 정해야지 어디서든 해도 상관 없엉? 딸 결혼식이니까 하고 싶은 대로 해 올 오키 근데 난 멀리서는 안 하고 싶어 결혼식 당일에 준비하는 게 은근 많아서 멀면 힘들긴 할 거야 오 아직도 생각이 나? 식을 평일 점심에 했는데 아직도 기억나 왜 평일에 한 거야? 친할머니께서 장소 정하시고 외할아버지가 날짜 정하셨엉 되게 신기하당 평일에 오시는 분들 계셔...? 그게 할머니가 결혼식 음식 다 직접 준비하셨어 헐 대박 아 할머니 예전에 그 일 하셨지! 그래서 할아버지가 주말에 하면 할머니도 힘드시고 괜히 음식물 쓰레기만 많이 나온다고 걱정하셨어 오 할아버지 스윗해! 할머니 걱정을! 그래서 평일에 했지,0,B
normal_B_0368,너네 학교 ROTC 있었어? 웅 있었지! 내 전 남친도 알티였어 너네 과는 주로 진로 선택 어찌해? 보통은 설계 사무소로 가는 것 같아 멋있다 너도 거기 있는 건가? 응응 나도 설계 사무소지! 너희 과는? 우린 경호원이나 태권도 사범 쪽이 많았지! 대학원 가는 친구들도 있었어? 우린 없어 거의 편입 많이 했어! 너흰? 우리는 대학원 간 친구들도 꽤 있어 넌 기억에 남는 교수님 있어? 음 나 포폴 봐주셨던 교수님! 오 제일 기억에 남을만하다! 맞아 이것저것 코멘트 많이 해주셨어 오오 그럼 초등학생 때 기억에 남는 선생님 계셔? 초등학교 때...? 아무래도 초6 때 선생님?,0,B
normal_B_0369,너는 가족 관계가 어떻게 돼? ㅠㅠ 나는 부모님하고 오빠가 있어. 너는? 아아 키키 나는 외동이지 ㅜㅜ 오빠랑은 친한 편이야? 오빠랑은 하나도 안 친해. 외동이라 외롭지 않았어? 키키 응... 좀 외롭기도 해서 친구들이랑 많이 놀았지 키키 나는 오빠가 있었지만 동네 친구들이랑 많이 놀았던 것 같아 아아 ㅜㅜ 오빠가 뭐 용돈 같은 거 주고 그런 거 없나? 오빠가 20살 때 아르바이트해서 딱 한번 용돈 줬어. 헐 ㅜㅜ 우리 인생에 단 한번밖에 안 줬다고? 키키 달라고 해보지! 나는 가족들한테 돈 달라는 말을 잘 못해 키키 앗... ㅜㅜ 그럼 대학생 때도 부모님한테 용돈 안 받은 거야? 부모님이 알아서 주셔서 달라고 안 한 건가 봐... 아 ㅜㅜ 아휴... 오빠한테... 키키 용돈 좀 달라고 해봐... 줄지도? 이제는 나도 성인이라 용돈 달라고 하기는 좀 그렇지 키키 아 그럴 수도 있겠네 ㅜㅜ 오빠랑 통화는 가끔 해? 오빠랑 통화도 안 하고 카톡도 안 해 키키,0,B
normal_B_0370,"오늘 우리 지원금 신청하는 날이잖아 헐 오늘 우리야? 나 모르고 있었네! 앗 아닌가? 주민 번호 앞자리 마지막 번호 기준인가? 모르겠네...? 그 출생 년도 마지막으로 알고 있었는데, 그래서 오늘은 2/7 이라고 들어써 아 그러네 출생 연도 끝자리네... 키키 맞아 저번에 또 마지막이네 했던 기억이 있긴 하다... 그치 키키 중간 숫자라 별로 안 좋은 거 같다 그래도 다 똑같이 받는 거니까... 키키 도대체 왜 자꾸 지원금을 뿌리는지는 모르겠다... 그러게 점점 지원금을 줄 때마다 내 세금이 터지는 기분이랄까, 대선이 내년이라서 더 퍼주는 거 같기도 하고? 그런가 봐 이게 정말 하지 말라고 할 수도 없고 ㅠ 솔직히 비리만 없어도 그런 예산 다 될 거 같은데 ㅠ 전수 조사는 제대로 되지도 않았고... 그러게 벌써부터 내년 대선 때 누굴 뽑아야 할 지도 고민이다... 그러게... 진짜 차악 선택하기도 벅찰 거 같아 다 똑같아서 나는 항상 이런 투표할 때마다 내가 잘 하는 건지 모르겠더라 맞아 곧 선거가 다가오니까 누구를 뽑아야 할지 너무 걱정이야 앞으로 어떻게 공약 내시는지 잘 봐봐야겠어",0,B
normal_B_0371,이제 제법 바람이 많이 부네~ 맞아 최근에 가을 바람 냄새도 맡았어! 그래? 요즘 밤에 어둡더라 ㅠㅠ 맞아 6시 되면 해가 지더라고 ㅜ 그러게 말이야 따듯하게 입고 다니지? 이제 곧 가을 옷 장만해야 해! 나는 이미 미리 다 사 놨지~ 헐 이 배신자 나랑 같이 쇼핑 해야지! 패피는 한 계절 앞서 가는 거야^^ 헐 역시 패셔니스타 내 동생~ 그럼 키키 이제 겨울 준비 중 진짜 멋있다 요즘에 겨울 옷도 파나? 그럼 벌써 롱패딩 또 나왔어^^ 헐 롱패딩 가격 얼마야? 나 사야 하는데! 30정도 하더라 키키 비싸긴 해 헐 그거 다 브랜드지? 너무 비싸다 ㅜ,0,B
normal_B_0372,언니 나랑 원데이클래스 들으러 갈래? 헐 무슨 원데이클레스? 가죽 지갑 만드는 건데 키키 재밌어 보여 헐 나 그거 완전 궁금했었는데! 그거 은근 퀄리티 좋더라~ 키키 그거 내가 가격도 봤는데 나쁘지 않았어! 응 맞아 그렇게 비싸진 않아 키키 맞아 가죽 지갑이라고 해서 10만 원 넘을 줄 알았는데 아니야! 나는 얇은 카드 지갑이 필요해서 만들라고 하하 나도 카드 맨날 가방에 쳐 박아 놓는데 같이 하러 가자! 응 좋아 키키 서울에 괜찮은 공방 많대~ 서울은 당연히 특별시니까 많지~ 그렇긴 해 키키 만들고 맛있는 거 먹으면 될 듯 헐 너무 좋지 나 초밥 먹고 싶어! 그래 그럼 내가 초밥 알아볼게 언니 공방 알아봐 좋아 내가 공방 열심히 알아볼게!,0,B
normal_B_0373,야 일본에 방사능 오염수 정화 장치 또 고장 났었던 거 알아? 헐 대박 또? 근데 그런 일이 한두 번이라야지 그니까 키키 2년 전에 고장 났었는데 또 그걸 재가동한대 에? 고치지도 않고 재가동을 한다는 소리야? 응응 키키 원인 조사조차도 안 했다고 하더라 말이 돼? 와... 전 세계를 다 죽이겠다는 소리네? 어 키키 심지어 일본 여론도 도쿄 전력을 손절했대 키키 손절 키키 근데 진짜 일본 내에서는 방사능이 이슈가 안되나? 글쎄... 다들 생각들은 하는 것 같던데 어쩔 수 없다고 생각할걸? 하... 진짜 ㅠㅠ 그래서 그거 가동해서 뭔 일 난 거야? 아 암튼 그 2년 전에 고장 난 거 처리를 안 해서 또 사고가 났대 헐 대박 키키 진짜 방사능은 손 놨나 보다 응응 원전 25개 필터 중에 24곳이 파손됐대 다 같이 죽자는 건가? 적어도 자국민 보호는 해야 하는 거 아냐? 몰라... 진짜 이제 될 대로 되라는 식인가 봐 그럼 방사능 물질이 또 유출 됐다는 거야?,0,B
normal_B_0374,야 밥 먹었냐 하긴 지금 시간이 몇 신데 먹었겠지 나 치킨 먹었어 방금 너는? 엥 나도 치킨 먹음 키키 키키 헐 어디 거 나 케이에프씨 야 너 나랑 운명 공동체인 듯 그거 원플원 개이득임 너무 좋아 엥 나는 그냥 단품으로 먹어서... 뭔가 손해 본 것 같은데 아 그래? 우리는 맨날 1+1 먹음 그래도 손해 아닌 손해를 봤지만 맛있게 먹었으니까 만족해 맞지 아 배불러 내일은 뭐 먹지 아니 인생이 밥으로 굴러가? 벌써 내일 먹을 걸 걱정해? 키키 와 이렇게 무시한다고? 좋은 친구구나 키키 아니 먹을 거 없으면 배달의민족 켜서 그 추천 메뉴 봐봐 요즘 배달 너무 잘됨 요즘 천안시에서 나온 배달 어플 나왔더라 아 진짜? 세상 너무 발전했어 별 게 다 있네 맞아 그거 써보고 싶어! 룰루,0,B
normal_B_0375,"와~ 이번에 저수지에서 피라냐 나온 거 봤어? 아니? 어디에? 우리나라에 피라냐가 있어? 긍까 ㅡㅡ 우리나라에 피라냐가 있데. 그거 한 마리만 보이면 저수지 물도 싹 뺴서 피라냐 없애야 한대 아니 어떤 놈이 피라냐 애완동물로 들여와서 갔다 버리는 거야...? 그니까 키울 수 없으면 처리 할 방법을 알아보고 처리해야지 무작정 저수지나 강가에 버리면 어떻게 해 긍까 나는 그래서 반려동물같은 키우는 사람들 특히 특이한 종 키우는 사람들 있잖아 뭐~? 이번처럼 피라냐? 아니면 거미나 이런 거...? 그러치 분명히 해외에서 수입해서 키울 수 있는 것들인데 너무 쉽게 그냥 통과 시키는 것 같아가지구 나도 동감~ 아니 애완동물 수입할 때 증명서 같은 거 받아서 집 등록까지 끝낸 뒤에 혹시나 이번처럼 버려진 상황이 생기고 그걸 처리하기 위해 세금이 낭비 됐잖아 그치.~ 이건 나라에서도 솔직히 관리 할 수 있는 건데 귀찮아서 냅두는 것 같아 맞아 모든 동물을 하라는 게 아니고 버려졌을 경우 위험이 되는 동물들만 등록하라는 건데, 맞아 황소개구리 뉴트리아 이런 종류들은 솔직히 쉽게 애완동물로 키우기도 힘든건데... 그러니까 저런 특이한 것만 등록하고 관리하는 거지 그러면 사라졌을 때 등록해놨던 번호로 연락해서 잘 있는지 확인만 해도 범인 찾아서 손해배상 청구하라고 할 것 같아. 오 키키 방법 괜찮네 생각보다? 웅웅 제일 확실한 것 같아 금융치료 키키 저래야 함부로 못사고 함부로 못 버리지 맞아. 제발 해외 애완견 같은 거 수입할 때 목록 정하고 수입 허가 해줬으면 좋겠다",0,B
normal_B_0376,추석인데 걱정이네ㅠㅠ 왜? 아니 확진자가 2000명이 계속 넘잖아ㅠㅠ 4단계인데 ㅠㅠ 진짜 옛날에는 1000명만 돼도 난리가 났는데 2000명이라니 그러니까 말이야 ㅠㅠ 이제 추석인데 더 심해질 텐데 그렇겠네 ㅠㅠ 진짜 언제 끝나냐 지긋지긋해 맞아ㅠㅠ 명절 때마다 급증하고 그전에는 한번 늘어도 사회적 거리 두기 하면 좀 줄어들었는데 그러니까! 이제 4단계 해도 안 줄어... 사람들이 너무 오래되니까 느슨해진 것 같아 ㅠㅠ 그럴 만하지... 나도 그런데 어쩔 수 없는 일이야 ㅠㅠ 그래도 클럽 가고 이런 사람들은 너무 심한 것 같아 그건 그렇지... 사람들이 얼마나 밀집돼 있는데 해외여행도 자가 격리를 해서 안 가지 안 했으면 갔을지도... 진짜 그랬을지도 모르겠다ㅠㅠ 하도 여러 가지 사람들이 있어서,0,B
normal_B_0377,오빠는 천둥 칠 때 안 무서워? 응 나는 딱히 그런 거 무서워하진 않아 나도 안 그랬는데 최근에 엄청 크게 쳤던 적 있지 않았어? 아 맞아 이번 장마 때 천둥 엄청 크게 치더라 키키 맞아 그때가 추석 때 맞지? 아니지 않나? 그거보다 더 전인 거 같은데 논산은 추석 때 새벽에 쳤었거든! 앜 키키 근데 천둥 치면 재밌지 않나? 오우 나 진짜 심장 떨어질 뻔! 자는데 조금 방해될 뿐이지 남자들은 다 나가서 구경 필수 키키 키키 아 진짜? 나는 너무 무섭더라 심장 쿵쾅! 앜 키키 천둥 칠 때 번개 모양 뜨면 무조건 사진 찍어야 하는데 키키 그거 사진 찍어 본 적 있어? 흠 노력은 했지만 다 실패... ㅠㅠ 키키 맞아 번개는 진짜 번쩍 하고 사라지잖아 맞어 딱 번개 모양일 때 찍을려 했는데 엄청 어렵더라 ㅠㅠ,0,B
normal_B_0378,난 진짜 강아지들 내 친 동생 자식이나 다름 없게 사랑해 키키 맞아 우리 가족 중에서 제일 귀염둥이들이잖아 당연하지 이렇게 나한테 사랑을 알려준 동물은 없었어 진짜 얘네 없었음 우리 가족 웃을 일도 별로 없었을 텐데 얘네 때매 웃잖아 맞아 근데 얘네 상태가 넘 사람 기분을 좌지우지 시켜서 탈임 맞아 얘네 아프거나 우울해 하면 같이 우울하잖아 ㅠㅠ 맞아 그래서 얘네가 나이 들수록 내 우울의 빈도도 높아져 맞아 ㅠㅠ 오래도록 같이 살면 참 좋은데 아냐 그냥 안 아프게만 살았음 좋겠어 ㅠㅠ 옆집도 나 만큼은 아니지만 좀 잘 케어 했음 싶어 맞아 아니 강아지를 너무 혼자 두는 거 아니냐 ㅡㅡ 그니까 너무 외로울 것 같아 무리 지어 생활하는 동물인데 내가 봐주고 싶다 그렇게 혼자 두느니 키키 그렇게 말 하시는 분도 집에 붙어있는 시간이 없잖아요 껄껄 조용히 해 *** *** 보구 싶다 아가는 온 마을이 키워야 된다는 말이 있듯이 강아지도 대 가족이 키워야 혼자 있는 시간이 적지 맞아 ㅠㅠ 진짜 대 가족이 키워야 좋을 것 같아,0,B
normal_B_0379,너 갈비 좋아해? 양념 갈비? 응 좋아하지 나는 양념갈비 더 좋아해 너는 ? 키키 아 진짜? 나는 양념 중에서 간장 양념을 제일 좋아해! 키키 나는 매운 양념 갈비 말고 다른 거는 뭐 좋아해 ? 키키 나는 일단 쳐먹파라서 웬만한 거 다 좋아함! 키키 쳐먹파 좋지 나는 치킨이 내 최애야 키키 아 인정 나 내일 치킨먹지롱~ 헐 진짜 부럽다 무슨 치킨 먹어 ? 나는 뿌링클 먹고 싶어 아 뿌링클 좋지~ 근데 나는 다른 거 먹지롱! 키키 좋겠다 오늘은 뭐 먹었어 ? 나 오늘 한식 뷔페 갔다 옴! 키키 나 뷔페 안 간 지 엄청 됐는데 어땟어? 너 가격 들으면 깜짝 놀랄 걸? 키키 얼마나 썼는데? 돈 좀 많나 봐 키키 아니 여기 5천 원이야! 대박이지? 헐 진짜 싸네? 다음에 같이 가보자,0,B
normal_B_0380,오빠네는 가족 여행 안 가? 응 우리는 어릴 때부터 그런 거 한번도 가본 적 없어 키키 우리는 아빠랑 우리랑 여행 스타일 달라서 안 가 키키 앜 키키 우리는 다 개인 플레이라 딱히 누가 가자고 해본 적도 없는 듯 키키 우리는 아빠 스케줄 따라가다가 가랭이 찢어짐 키키 앜 키키 아버지가 빡쌔게 여행 하시나 보네 키키 우리 아빠가 나보다 훨씬 심해! 그래도 엄청 체력 좋으신가 보다 키키 아버지가 니 보다 체력 좋은 거 보면 키키 우리 아빠는 어느 지역이든 그 지역 해돋이 꼭 봐야 함 ㅜ 앜 키키 어른들은 그런 거 꼭 있지 키키 맞어 키키 근데 문제는 우리들도 다 같이 봐야 함 ㅜ 아 ㅠㅠ 우리 가족은 갠플이라 보고 싶은 사람만 보러 감 키키 부럽다 키키 그 정도면 시간 맞춰서 어디서 모이자고 하는 거 아니야? 음 딱히? 그냥 단톡에 해돋이 보러 갈 사람~ 해 놓고 답장 없으면 혼자 감 키키 키키 너무 상대방의 프라이버시를 존중 해 주는 걸? 그런가 키키 그냥 갠플을 좋아하시는 타입이지 키키,0,B
normal_B_0381,고양이도 좋아 하나? 키키 그럼여 키키 난 동물은 거의 다 좋아함 오 뭐야 고양이도 키워 봄? 키워보진 않았어 키키 지금은 키우고 싶어도 룽지가 싫어해서 못 키우고 아 룽지가 싫어함? 싫어하면 안 해야지 키키 엉 키키 우리 개 고양이 떄메 이빨 빠진 적 있어서 진짜 사냥해 고양이는... 이빨이 빠졌다고? 그게 가능함? ㅇㅇ 그랬나 봐 아빠 말론 그래 키키 그래서 실제로 하나 없어 헉 뭐야 어떻게 했길래 그런 일이 키키 모르겠어 정확히는 키키 근데 여튼 그래 키키 진짜 CCTV 달아 놓고 보고 싶네 그때 순간을 키키 그니깐 키키 지금은 집에 cctv 있어 오? 그 마당에 설치해 놓은 거임? 키키 노노 요새 룽지 집개라서 집 안에 키키 아 키키 CCTV 있으면 좋지 그 뭐야 365도 돌아가는 거? 아니 고정되어 있는 거 키키 수똥이랑 요다 그 모임이 생일날 사줬는데 움직이는 걸로 할 껄 그랫어 ㅠㅠ 아쉽,0,B
normal_B_0382,오늘 운동 다녀오셨어요? 오늘은 아침부터 바빠서 못 갔다 왔네 ~ 키키 하루도 안 쉬고 가야 하던데 키키 그게 말처럼 쉽지가 않아 오늘은 정말 바빴고 ㅠㅠ 그럼 어쩔 수 없죠 ㅠㅠ 내일은 나가실 거예요? 내일부터는 다시 마음 잡고 해야지~ 저도 저녁에 근처 공원에 나가 볼까 생각 중이에요 키키 그래 너도 이제 슬슬 건강 챙겨야 해 키키 그러게요 ㅠㅠ 요즘은 먹는 것도 조심해서 먹고 있어요 그래 먹는 게 정말 중요해 밀가루 음식 같은 거 너무 많이 먹지 말고 안 그래도 그러려구요 ㅠㅠ 영양제도 같은 거도 챙겨 먹고 해야지 안 되겠어요 ㅠㅠ 그래 그래 유산균 지난번에 샀다더니 그거 먹고 있어? 그거는 맨날 챙겨 먹고 있어요 키키 달달해서 키키 다행이네~ 그런 거도 잘 챙겨 먹고 밥도 꼭 챙겨 먹고 바쁘더라도 네네 키키 건강에 진짜 신경 많이 써야겠어요 ㅠㅠ 운동도 빠짐없이 꾸준히 해야 한다,0,B
normal_B_0383,얼마 전에 티비에서 건축학개론 해줘서 봤어 와 오랜만이다 한가인이랑 수지 나오는 거 ? 응 키키 영화관에서 볼 때보단 별로였지만 키키 아 진짜 키키 나는 그거 대충 보고 안 봤는데 키키 뭔가... 거기 납득이 캐릭터 내가 엄청 좋아하거든 아 정말 키키 그 배우가 누구였지... 요새 많이 뜨는 것 같던데 조정석 키키 친구 위해주고 같이 울어주고 조언해주고 키키 넘 사랑스러운 캐릭터야 키키 아 키키 진짜... 슬기로운 의사 생활에서도 연기 잘하고 진짜...최고인 듯 OST로 나오는 기억의 습작이란 노래도 참 좋은 듯 키키 오오 그 노래 좋다... 옛날에 많이 들었다 맞지 키키 이제훈 배우도 첫사랑 그 자체 키키 맞아 키키 이제훈도 진짜 연기 잘하는 것 같애 키키 나는 멜로 장르를 좋아해서 키키 그런 영화 좋아해 키키 키키 오호... 나는 스릴러 액션 좋아하는데 키키 추리...이런 거 헉 키키 나는 쫄보여서 키키 완전 무서워해 키키 키키 정말 키키 나도 무서워하면서도 잘 봐 키키 궁금해,0,B
normal_B_0384,게임 요즘 뭐가 재밌어? 나 게임 명칭도 잘 모르고 요즘 게임에 아는 게 없음 요즘 모바일 게임 같은 거 많이들 하지 모바일 게임 키키 아 예전에 카트라이더 많이 했었는데 그거 모바일로 생겨서 너무 좋더라 언니야 그거 해봤어? 모바일로? 응 키키 하다가 지금은 안 함 템빨이 너무 심해져 가지고 아하 키키 계속 하면 재밌는데 키키 게임하다 보면 시간 진짜 너무 잘 감 키키 그렇지 키키 아무래도 게임하다 보면 시간 가는 줄 모르지 응응 너무 게임만 하면 시간 가는 게 아까워서 잘 안 하게 되는 듯 난 시간 가는 줄 모르고 게임하는 게 좋은데 키키 키키 넌 게임 좋아하니까 키키 오래해도 뭐 키키 가끔 스트레칭 해주면서 해 키키 스트레칭 틈틈히 해주고 있어 잘하고 있어 키키 한 자세로 오래 앉아 있으면 힘들어 응 키키 언니야도 스트레칭 계속 해줘 내가 알려준 거 하고 있어? 응응 그거 하고 나면 확실히 허리가 좀 낫더라 그치 나도 그거 하고 나서부터 많이 괜찮아졌어,0,B
normal_B_0385,요즘 배가 너무 꾸륵꾸륵거려 ㅠㅠ 뭐 잘못 먹은 거 있어? 응 나 요즘 기름진 거 많이 먹음 ㅠㅠ 맞아 기름진 고기 많이 먹으면 가스 차더라! 유산균 먹었는데도 배가 빵빵해! 요즘에 나도 배에 가스가 많이 차더라고. 병원을 가도 원인을 잘 모른대 키키 과민성 대장 증후군 일 수도 있어 ㅜ 아 그래? 그건 어떻게 관리히지... 젤 유명한 채소 식이섬유 많이 먹기! 헐... 나는 채소 싫은데 ㅠㅠ 나도 채소가 넘 싫어 맛없어! 키키 샐러드 이런 건 맛있긴 하던데 그럼 샐러드부터 시작할까? 키키 맞아 키키 건강하게 식단 해야겠어 ㅠㅠ 좋아 우리 건강한 장을 만들자!,0,B
normal_B_0386,결혼식은 최대한 늦게 보고 싶어 키키 키키 오 키키 아부지 우실 것 같아요 생각만 해도 눈물 나 ㅜㅜ 키키 근데 **가 더 빨리 결혼한다 하면 어쩌실 거에요? **도 할 생각 없어 보여 엄마 아빠가 좋대 오... 근데 모르잖아요 혹시나 호옥시나 **보다 먼저 한다면? 먼저 하면 어쩔 수 없지 아저씨 엉엉 울 거야 키키 그럼 저는 구경하러 가야겠네용 아저씨 우는 거 구경하러 온다는 거야? 넹 키키 그럼요~ 얼마나 재밌겠어여~ 치 아저씨 또 이거 한 달 삐질 거야 키키 오 키키 어차피 저희는 한 달 안에 못 볼 수 있으니깐 괜찮아요~ 하하 흥 ** 다음에 만날 때까지 삐져 있을 거야 키키 대단하네요? 하하 하지만 아부지는 저 또 보면 좋아서 ** 왔어? 하실걸요~ 그건 그래 또 말만 이래 하하 키키 맞아 다 알져~ 다들 날 너무 좋아해 하하,0,B
normal_B_0387,프사 보니까 화장하고 갔네? 하하 키키 나 화장한 거 오랜만에 보지? 나 만날 땐 왜 안 해? 남자친구도 아닌데 왜 해~ 키키 와 이거 의문의 1패 키키 좀 했으면 좋겠니...? 화장품 쓸 일도 없는데 해 줘라 좀 이젠 좀 하고 갈게... 노력을 해 볼께 내가 근데 마스크 끼니까 맞제... 그니까... 얼굴 뒤집어지더라... 그리고 공들여서 해도 아무도 몰라... 마스크 내릴 일이 잘 없으니까... 편해 오히려 키키 음료수 마실 때도 턱으로 마셔야 함 키키 화장보단 턱으로 마시는 게 나아 ㅎ 화장 안 해도 돼서 좋긴 해 하하 그니까 하하 편하고 좋아!,0,B
normal_B_0388,"언니는 기념일에 남자친구가 뭐 해줬어? 이번 기념일에는 아무것도 안하고 인형 하나 받았어 헐 키키 인형만 받았어? 편지는! 편지는 못 받았지 우리가 멀리 떨어져 있어서 ㅠㅠ 그래도 너무하다~ 편지가 꼭 있어야 하는데 ㅠ 우리 원래 기념일 잘 안 챙기기로 해서 인형도 서프라이즈로 받은 거야 아 정말? 인형이 되게 마음에 들어? 응 인형이 너무 귀여워서 맨날 껴안고 자! 올 괜찮다 키키 나는 저번에 클렌징 오일 받았어... 헉 클렌징 오일? 그건 좀, 내 남친이 센스가 없어서 그래 키키 이건 직접 말 하기도 애매하네~ 나는 아무것도 안 해서 그냥 넘길라고 키키 그래 클렌징 오일로 얼굴 잘 닦자! 키키 생일에는 다른 거 챙겨주겠지 뭐 ㅠㅠ 그래 생일에는 근사한 선물 받자!",0,B
normal_B_0389,"벅수 좀 씻겨 주실 분... 아 진짜 씻기는 거도 일인데 말리는 게 더 일이제 ** 로또 되면 벅수 드라이룸 좀 사주라... 요새 보는 드라마에 고슴도치 나오던데 그거나 키우까 키키 뭐라고? 뭔 드라만데 아 그래 개 전용 드라이룸 잇드라 키키 고슴 도치 ㅠ 귀엽긴 하네 차차차 신민아 나오는 그거 키키 귀엽던데 안 씻겨도 댈 꺼 같은 엉 100만원 정도 하던데 로또 되면 우리 벅수 그거나 하나 사주라... 아 그래 로또 되면 꼭 사주꼐, 고슴도치 만지지도 못하고 그게 머선 일이야 키키 몇 마넌이면 생각해 볼랫더니 백 단위구나?^ 돈 남으면 내 드라이룸도 하나 사주라... 키키 니도 말리기 귀찮나 큰일인데 얌 로또 돼도 그건 못 사준다고? 아니 로또 되면 사주지 키키 무조건 사줌",0,B
normal_B_0390,"나 노량진 갔다 왔어. 웬 노량진? 친구 집이 노량진이라 놀러 갔다 왔어. 아, 그랬구나. 어땠어? 놀 게 엄청 많더라고. 키키 놀 게 많아? 거기 공부하는 사람들 많은 거 아니야? 웅, 완전 혼돈의 카오스일 거 같아. 거기서 공부하면. 그래도 카페에서 스터디도 하고 그러던데 사람들. 그렇기도 한데 노래방도 많고 지나가는데 나도 너무 놀고 싶을 정도였어. 노래방 키키 안 간 지 오래됐지. 웅 그리고 맛있는 것도 많아 보이고 젊은이들이 많았어. 거기서 공무원 준비도 많이 하고 젊은 사람들이 많긴 하지. 웅 내가 사는 동네는 노숙자가 너무 많아서. 키키 노숙자 보다가 젊은 피 수혈하고 왔어? 나도 여기서 공부나 할까? 키키 무슨 공부 하려구!",0,B
normal_B_0391,요즘 아픈 곳은 없어? 백신 2차 맞고 가슴 통증이 조금 있어 심한 거야? 계속 되는 중이야? 가끔 그러고 있어 백신 맞고 약 먹었어? 1차 맞고는 먹었어 다른 곳 아픈 곳은 없어? 허리가 요즘 더 아파지네 허리 수술한 지 얼마나 됐지? 벌써 7년 됐네 아이고 관리가 중요하긴 하네 코어 힘이 되게 중요하다고 하더라 그런 걸 아는데 운동은 하고 계시나요? 가끔... 대신 걷기 운동은 자주 해 걷는 게 제일 중요하대 그래 꾸준히 해볼게,0,B
normal_B_0392,아 미안 고마울 게 아니구나 ... 내가 미안하다... 한강 가서 자전거 타고 라면이나 먹자... 요즘 그래도 더운 거 많이 풀려서 나가서 놀기는 좋은 거 같긴 해 ㅎ 그니까. 진짜 요즘 한강 가서 자전거 넘 타고 싶음 낮은 좀 별로구 저녁에 저녁에는 많이 쌀쌀해서 좀 따뜻하게 입구 나가서 놀면 되겠다 맞아 언제 갈래? 이렇게 말만하고 가지 못했다고 한다 키키 놀고 싶은데 코로나가 너무 심하다 인정 오늘도 엄청 나던데 확진자 수 겨울 되면 좀 잦아지려나? 여름이라서 더 심해진다는 말이 있었는데 아 진짜 ? 왜지 난 처음 듣는 말임 너가 사회에 관심이 없는 게 아닐까? 내 인생 관심 갖기도 조금 벅차 사실 잠깐만 봐도 나오는 소식인데... 잠깐 시간 나면 심즈 해야 해 심즈 키면서 잠깐 뉴스라도 봐 친구야... 안돼 우리나라 인터넷 강국이라 거진 가을 지나가는 속도랑 맞먹어 순식간에 로딩 다 됌 맞지... 요즘 봄하고 가을은 눈 깜짝 하면 지나가잖아 키키,0,B
normal_B_0393,아! 오늘 유퀴즈 하는 날이였네! ㅜㅜ 어? 유퀴즈 원래 평일에 하는 거가? 엉 수욜에 함ㅜㅜ 주말에 재방 봐야겠넹 나는 매번 주말에 봐서 키키 주말에 하는 줄! 키키 솔직히 나도 최근에 알았음 ㅋ 맞제 ㅋㅋ 뭔가 그런 예능이 평일에하는게 적응이 안된다 지난 주랑 이번 주 올림픽 선수들 나온다 했거든 아 키키 맞어 그런 거 보긴 했어 키키 나 요즘 펜싱 선수들 나오는 거 보고 침 흘려... 키키 침 고만 흘리라고 키키 다들 임자 있다고 키키 안다 안다고 키키 그래도 넘 잘생겼고 훈남들이야 ㅠ 키키 난 양궁 선수들이 정감 가고 좋더라 키키 아 키키 그분들은 정감 가는 거 인정 키키 아 오늘 큰자기 아기자기 못 봐서 아숩네 키키 아기자기 사진 보내줄까? 보관각? 아니... 그냥 재방으로 볼란다 하하 왜 키키 아기자기 좋아해줘라,0,B
normal_B_0394,우리 집 앞에 반려동물 수제 간식집 생겼다 진짜 개팔자가 상팔자야 키키 엄청 비싸지 않냐? 어 키키 나는 디스플레이 해 놓은 것만 봤는데 겁나 비싸 나도 키키 인스타에서 봤는데 육포 하나에 5만원 하더라 나도 못 먹는 걸... 나도 다음 생에는 부잣집 개로 태어날래 그니까 ㅠㅠ 나도 요새 강아지 키우고 싶다 니는 어떤 견종 젤 좋아하는데? 나는 비숑프리제! 비숑이가 젤 귀여워 ㅠㅠ 싸늘하다 비숑이 날아와서 가슴에 꽂힌다! 키키 니도 그 드립 아네 키키 비숑 너무 귀엽잖냐 어 키키 이름도 비숑이야 키키 진짜 귀엽더라 응 키키 근데 비숑이는 털이 엄청나게 엉킨다더라 그래 그래서 미용비가 엄청 많이 든다는 거 들었음 응응 너 강아지 미용 얼만 줄 아냐? 한 2만원 하면 안됨? 그거보다 더 비쌈? 비숑은 10만원 정도 하고 목욕비 따로 받는대 키키,0,B
normal_B_0395,"나 눈썹 문신 할까? 키키 아직도 고민 중이야? 응, 망할까 봐 걱정 돼 ㅜㅠ 그거 어차피 1년이면 없어짐 키키 아는데 그 1년이 별로면? 그냥 하지 마라 키키 근데 화장할 때마다 스트레스 받아 아니 키키 미안 하하 너무 고민이 돼서 ㅜㅜ 한 번만 딱 해보고 별로면 그 담부터 안 하면 되잖아 키키 그럴까? 그럼 너도 할래? 갑자기? 나는 또 왜 키키 원플원 행사 하더라고 그래서 하하 아씨 키키 그럼 훨씬 싸게 할 수 있는 거? 웅웅 구럼! 반값에 하는 거야 키키 알았어 그럼 날 잡고 같이 가!",0,B
normal_B_0396,"오빠 차 벌레 있잖아 엔진오일 갈 때 안 됐어? 우리 벌레 이제 죽어가, 키키 왜! 오빠 아끼고 아껴서 탔잖아! 아무래도 연식이 있어서 한번 갈아줘야 해! 맞아 우리 별카도 이번에 또 갈 때 돼서 언니가 갈러 갔어! 별카 저번에 수리 맡겼다면서 무슨 일? 하, 저번에 차에 빵꾸가 나서 타이어 바꾸러 갔잖아, 공식 수리로 간 거? 아님 공업사? 아니 그냥 일반 타이어 매장 갔는데 언니가 바꿨는지 모르겠다! 마모 되었으면 좋은 걸로 해줘야지 키키 아니 마모가 아니라 차에 돌이 박혀서 찢어졌대, 그럼 얼른 바꿔야지 위험하다... 근데 다른 사람한테 물어보니까 세게만 안 달리면 된대! 아냐 그래도 고속도로 같은 데 타려면 바꿔주삼 키키 맞아 근데 지금은 언니가 타고 있어서 언니가 알아서 하겠지! 응 아예 언니한테 차 준거야?",0,B
normal_B_0397,결국 모든 건 돈으로 해결되는구만 키키 그렇지 돈 많으면 모든 게 해결되고 편해지지 맞앙 나는 일본 여행 가서 그 프라모델 엄청 모아 논 매장 있다는데 거기 가보고 싶어 흠 일본은 너무 위험한 거 아니야? 키키 엥 일본이 왜 위험해? 후쿠시마 때문에 위험하지? 방사능이자나 아아 그래도 가서 편의점 음식 먹어보고 싶어! 난 일본 말구 저기 가고 싶어 저기? 저기가 어디여 키키 우리 집에 있는 내 방속 침대 위 이불 속 아 나도 ㅠ 거기 지금 내 옆에도 있는데 못 가는 중임. 가까운데 너무 멀어 나두 얼른 들어가서 포옥 감싸지고 싶다 오빠도 컴퓨터 하고 있는겨? 그럼... 핸드폰으로 어떻게 하고 있어... 너무 쬐깐해서 안돼 아 여행은 고사하고 컴퓨터 의자 먼저 사야겠어. 싸구려 샀더니 너무 딱딱해서 엉덩이 아파 ㄷㄷ; 그거 사장님 의자 아님? 좋던데 왜?,0,B
normal_B_0398,"언니 최근에 결혼식 가봤어? 제일 최근에 갔던 게... 친한 언니 결혼식이었는데, 이번 주 일요일에 또 결혼식 간다! 아 진짜 코로나 이후로 안 가봐서 요즘은 어떤가 하고 ㅠㅠ 약간 휑하긴 한 거 같아... 그래서 초대할 때도 원래는 자율적인데 이제는 묻더라고! 올 건지 아아 더군다나 4단계라 더 걱정되더라 ㅠㅠ 맞아 ㅠㅠ 미리 잡아놔야 되나 봐! 좌석 수가 제한되니까 ㅠㅠ ㅠㅠ 이제는 다들 포기 상태라고 하더라고 인원제한이건 뭐건 그냥 한다구 ㅠㅠ 우리 오빠도 미루고 미루고 미루다 겨우 결혼했잖아 ㅠㅠ 맞아 ㅠㅠ 후 언제 끝날지도 모르고 그냥 해버리는 게 낫겠어! 어차피 해야 될 거... 장단점이 있는데 친구 없는 사람들은 지금이 기회라더라고 키키 키키 아 키키 코로나 핑계로 키키 좋은 생각이네 딱 그게 우리 오빠였어 키키 ^^ 키키 그래두 그때 잘하셨다! 오빠 결혼식 무사히 마쳐서 다행이야! 맞아맞아 하하 10월에는 친구들 결혼 3명이나 한대 허거걱 언니 시월에 바쁘겠네에! ㅠㅠ 그래서 주말에 진주 한 번 다녀올 것 같아 하하",0,B
normal_B_0399,인도네시아에서 부모가 아이 눈 찔렀대요 아? 왜? 그런 미친 짓을? 흑마술에 빠졌다고 하는데... 여기도 법과 제도가 어떨지 와 거기도 개판이구나... 와 흑마술을 21세기에 들을 줄이야 글쵸... 정신 감정을 의뢰했다는데 하... 첫째 아이도 소금물 마시게 해서 죽였대요 ... 키키 와 할 말을 잃어버렸어 저 진짜 깜놀 이게 지금 이 시기에 나올 일인가 싶어요 그러니까 너무 무지하고 부모 자격도 없어 정말요 하... 엄마가 눈 찌르고 아빠랑 할아버지 삼촌이 잡고 있었네요? ... 온 가족이 제정신이 아니구나.. 와 너무 끔찍하다 진짜 무슨 뭘 믿길래 저러는 건지... 내가 지금 무슨 소식을 들은 건가 싶네 그러니까요. 진짜 막 사이비 이런 거에 빠지는 게 제일 무서운 거 같아요 맞아 상식이 통하지 않는 사람들이니까 진짜 말이 안 통해서 그런 사람들은 대체 뭐가 문제인 걸까,0,B
normal_B_0400,배민에 B마트라고 새로 생겼더라 그건 또 뭐야? 배민에 뭐가 이리 많아? 그냥 음식점 배달만 하는 앱이 아니라 이젠 식료품 등등 마트에서 살 만한 것들을 B마트에서 구매 할 수 있어 거기서 사면 뭐가 좋은 건가? 지금 첫 구매 이벤트로 1만원 쿠폰 넣어줘. 1만원 쏠쏠하겠는데? 그리고 그걸 계속 써야 할 메리트는 있고? 주문하고 나서 30~40분만에 거의 총알 배송 시스템이 접목 된 것이지 30~40분이라 괜찮다. 나 아침마다 우유 마시는데 갑자기 떨어지면 귀찮아서 아예 안 먹어버리거든. 응 그럴 때 꿀 일 것 같다. 혹시 저녁에 요리하다 이 재료가 없다? 이래도 주문하면 바로 오니 ... 요리 할 시간도 바쁜데 다시 장 보러 안 가도 되니 너무 좋은 듯? 아이디어 정말 괜찮은데? 응 마트인데 내가 방문하지 않고도 비대면으로 살 수 있는 마트라고 생각하면 돼. 귀찮음이 많은 나로서는 많이 주문 할 것 같아. 편한 대신 가격대는 마트보다 높을 수 있어. 응 그건 감안하고 해야지. 그리고 B마트가 아직 안 들어온 지역도 있더라. 앱 켜보고 B마트가 뜨면 배송 가능 지역이야. 아 나 지나가다 B마트 우리 집 근처 상가 2층에 있는 것 봤어. 왜 마트가 2층에 있나 했는데 배송 전문이라 상관없어서 2층에 있었던 거구나.,0,B
normal_B_0401,제주도 너무 가 보고 싶어 자연이랑 휴양지의 적절한 조화 제주도는 다들 한번 갔다 온 곳이라 너무 식상하지 않아? 나는 한 번도 안 가 봤어 아직 가 보고 싶음 ㅠㅠ 기내식 나오는 곳으로 한번 가 봐야지 아 맞아 비앵기 탈 때 신발 벗고 타서 기내식 먹고 계산해 봐야 하는데 기장님한테 인사가 먼저야 동방예의지국에서 머 하는 거지? 아 역시 이게 연륜이네 내가 지금 뭐 하는 거지? 부족한 나 반성해 근데 친구들이랑 한번 가 볼 만한데 제주도는 뭔가 지금까지 안 가보니까 떠난다는 게 되게 어렵고 멀게 느껴져 새벽 비행기표 값도 싸서 새벽에 갔다가 놀구 저녁이나 담날 새벽 뱅기 타구 돌아오는 거지 키키 키키 안 그래도 친구들이 9월 말에 제주도 가자는데 휴무 하루 동안 갔다 올 엄두가 안 나 야 20대에 엄두가 안 난다고 하면... 언제 그런 거 해 보려고 그래... 진짜 내 꿈은 국토대장정이었는데 제주도 가는 걸 겁내하고 있네 국토대장정은 솔직히 너무 위험하기도 하고... 힘든 거라 안 했으면 하고... 친한 친구들 있잖아 걔들이랑 제주도 당일치기로 걍 얌전히 놀다 오는 건 추천하지... 나는 좀 아빠 피를 잔뜩 받아서 자연 배낭 여행 이런 게 너무 해 보고 싶어 다 좋지 좋은데 20대에 해 봐야 해... 앞자리가 바뀌고 하면 친구들도 시간 없고 너두 시간 없고...,0,B
normal_B_0402,내가 잠들기 전에라고 혹시 그 영화 봤어? 아니 처음 들어보는 영화 제목이야. 재미있어? 응 좀 예전 거긴 한데 너무 재미있어서 추천해 줄려고. 대충 어떤 내용이야? 난 스포 받고 보는 것도 좋아해. ㅋ 니콜 키드먼이 주인공인데 매일 아침마다 자기가 누구인지 아침만 되면 기억이 리셋되거든? 헐. 생각만 해도 너무 끔찍하다... 다음날만 지나면 기억을 못 하게 된다니... 응 남편 역으로는 콜린퍼스가 주인공이야. 그 남편이 아침마다 일어나면 와이프의 증상을 자상하게 설명해 주고 출근을 해... 그런 혼란 속에서 자신의 기억을 찾아 가는 과정을 그린 영화야. 와. 나 진짜 콜린퍼스 팬인데. 너무 보고 싶다. 그래서 내용 좀 만 더 알려줘. 궁금해. ㅋ 니콜 키드먼이 콜린퍼스에게 사고의 원인을 물었을 때 교통사고라고 했는데 알고 보니 사실이 아니어서 남편을 의심하는 찰나에 자기에게 아들이 있었다는 기억을 하게 되고 노력 끝에 기억이 조금씩 깨어나기 시작해 와우 어떻게 될지 너무 궁금하다... 그다음은 영화 봐 봐. 킬링타임용으로 너무 좋아! 킹스맨 보고 나 콜린퍼스에게 완전 빠져 있잖아. 진짜 수트빨 장난 아님. 그러네. 이 영화에서 킹스맨의 두 남자가 나오네. 마크 스트롱도 나오거든. 와 그 배우도 엄청 멋지던데... 물론 콜린퍼스만큼은 아니지만 ㅋ 이게 먼저 만들어진 작품인데도 아마 사람들에겐 킹스맨 영화가 더 성공해서 더 인상에 남았을 듯 응 나만 봐도 그러니깐 ㅎ,0,B
normal_B_0403,너는 사촌이랑 친하게 지내? 응 키키 사촌 동생이랑 나이가 비슷해 나도 언니들이랑 비슷해 키키 자주 만나 오 그래? 만나면 뭐하고 놀아? 우리는 한 달에 한 번씩 맛집 모임을 해 키키 오 그럼 모일 때 회비 걷어? 아니 아직 키키 내가 취직을 안 해서 얻어먹어 키키 오 언니들이 능력이 좋은 가보네 그러게 키키 다들 서로 내겠다고 싸워 아주 보기 좋아 ^^ 키키 너도 빨리 취업해서 언니들 사줘 그러게 키키 너는 그럼 명절에만 봐? 응 키키 명절에 만나서 게임 하기 그치 윷놀이하고 고스톱 칠 때만 만나겠네 키키 다들 고스톱 잘 쳐서 무서워 돈 뜯겨 그 판의 호구가 바로 너였구나~ ^^ 키키 다음에 나도 고스톱 배워서 돈 따올게,0,B
normal_B_0404,"오빠 오늘 밖에 나갔다 와 봤어? 응 오지게 춥더라 진짜 키키 아 진짜? 오빠 패딩 입고 나갔어? 노노 코트에 맨투맨만 입었어... 와, 괜찮았어,? 귀 안 시려웠어? 귀때기 떨어져 나갈 뻔했지 얼른 집 들어갔어 키키 다행이다 오늘 왜 나갔다 온 거야? 백화점에 잠깐 뭐 사러 나갔어~ ㅋ 아 맞다, 나도 백화점 갔다 왔었어야 했는데 까먹음, 백화점 안이 따듯해서 차 타러 나갈 때만 추움 키키 그렇구나 나는 어제 잠깐 나갔다 왔었는데 진짜 얼어 죽는 줄! 응 이번 주만 춥고 다음 주부터 기온이 다시 올라 온대 아 진짜? 다행이다 내일 출근할 때 어떡하나 했는데! 잠깐 일시적으로 추워진 거래 키키 아 진짜? 다행이다 한파라고 해서 진짜 오잉 했잖아! 나도 한파 주의보 문자 와서 당황함",0,B
normal_B_0405,너는 부모님이랑 자주 만나나 키키 자주 만날 땐 자주 만나고 아닐 땐 또 아니고? 하하 음... 키키 자취 하니까 매일 보긴 힘들겠네 그렇지 키키 반찬 가져다 줄 때나 놀러 갈 때 본다! ㅎ 키키 너네 부모님 뵌 지도 진짜 오래됐네 그렇네 키키 우리 안민동 한가운데서 헤어지는 거 그건 이제 추억이네 키키 그니까... 키키 서로의 가족을 다 알고 있는데 키키 그러게 말입니다 하하 내 결혼할 때나 보겠네? 키키 아 그때 인사드려야겠네 키키 크니까 더 만나기 어렵네 글치 그리고 니가 서울에서 안 내려 오는 게 제일 크지! 아니 키키 니도 좀 서울에 놀러 오면 좋잖아 ㅜㅜ 너무 멀어... 그리고 왕복 KTX 비용이 너무 부담된다 ㅠ 키키 비행기 타고 온나 키키 비행기가 더 싸더라 비행기 타러 가는 차비는요? 키키 차비만 내고 오면... 내가 놀아준다이가 ㅜㅜ 너무하네! 비행기까지 가고... 비행기 내려서 니한테 가고... 비행기에서 내려서 창원 오고...,0,B
normal_B_0406,최근에 인스타그램에 딥페이크로 유명인이랑 본인 얼굴 합성앱 한 거 많이 올라오던데 좀 아닌 거 같아 딥페이크 문제 엄청 많지 이걸 재미로 사용하다가 점점 범죄적으로 악용하는 이용자들이 늘었다는 게 엄청난 문제더라 그니까 이게 이렇게 대중화 됐다는 거는 범죄에 충분히 악용 될 수 있다는 건데 항상 재미를 위해 만들어진 프로그램들이 악용되는 것을 막을 수 없나 봐... 딥페이크로 범죄를 일으키면 아직 대부분의 국가에서는 법적으로 대처가 불가능하다네 저게 물론 일반인들은 재미로 하는 거지만 그 유명인 당사자는 기분 나쁠 거 같은데 당연히 기분 나쁘지 유명인 뿐만 아니라 일반인들도 기분 나쁘게 생각 할 수도 있지 내 얼굴을 마음대로 다른 곳에 합성 하는 거니까 인스타그램에 올라오는 거 보면서 아 저건 좀 아니지 않나... 남의 얼굴에 가져다 붙이고 싶나 이런 생각 많이 했는데 성인들도 문제긴 한데 이걸 어린아이들도 범죄적으로 사용한다는 것도 큰 문제인 거 같아 이거에 대해서 확실한 규정이랑 법이 제정돼야 할 거 같아 그게 안된다면 어떻게든 딥페이크 프로그램을 금지 시키던지 사용 못하도록 해야 할 거 같아 맞아... 이게 범죄로 악용되기 전에 정부에서 선 조치를 취해야 해 항상 재미를 위해 만든 걸 범죄적으로 악용하는 사람들 참 대단해 키키 머리가 좋다고 해야 하나 키키 그걸 사회 발전하는데 좀 사용하지 나쁜데에 아휴 그니까 말이야 키키 아니 차라리 혼자 보던가 굳이 왜 인터넷에 뿌리는 건지... 관심 받고 싶은가... 그러게 키키 그걸 좋게 보는 사람도 많이 없을 텐데 생각을 좀 더 했으면 좋겠다 이런 사이버 범죄 좀 이제 안 생겼으면 좋겠다,0,B
normal_B_0407,드라마 요새 뭐 보나여 드라마 응답하라 1994 다시 보고 있어요 그거 재밌죠 거기 누구 나오죠 역할 이름은 생각나는데 배우 이름은 생각 안 나요... 음 그럼 1988은 봤나요 그거 봤죠 거기 누구 나오죠? 거기서 혜리랑 보검이랑 많이 나오죠 키키 아 류준열? 또 성동일 나왔는데 류준열도 나오고 아주 꿀잼이네요 ㅋ 결국에는 마무리가 어떻게 되는 거예요? 그거 아마 보검이랑 혜리가 결혼하던 걸로 ...ㅋ 1994에서도 마지막에 남편 찾기로 끝나는 것 같은데요? 맞아요 저는 1988이 제일 재밌었네요 1988은 사투리가 별로 없어서 좀 덜 재밌어요 아 그런가요 ㅋ1997은 어때요 그건 못 봤어요 오늘부터 자기 전까지 몰아서 정주행 할게요,0,B
normal_B_0408,"너는 비오는 날 좋아해? 웅 나는 비 오는 거 좋아해 습한 거 좋아 키키 어엇, 습하면 곰팡이 많이 슬잖아 어어 그건 싫은데 피부가 촉촉해서 좋아 키키 개웃기 내가 지금 촉촉한 이유가 습기 때문인가? 키키 그런가? 오늘 습해?! 해 쨍쨍함 모르겠는데 일단 안 씻음 키키 그냥 기름이신듯; 좀 씻어 키키 그런 듯 지금 얼굴이 반질반질함 키키 키키 오우 피부 살려주세요 ㅜㅜ 피부가 장마구만 키키 맞아 키키 나는 근데 적당히 오는 비가 좋아 헐 나는 이왕 내릴거면 콰르르릉 내리는게 시원해 안 돼ㅜㅜ 비 너무 많이 와도 우리 집 밭에 있는 작물 다 망해 ㅜ 아아 농수산물 하는 분들은 힘들지 그치 ㅜㅜ 내 생각만 햇다 키키 이번에 비 많이 와서 배추 다 무를 듯 ㅜ 헐 ㅜㅜ 이래서 하우스 재배가 좋은 건가",0,B
normal_B_0409,니는 복무 기간 몇 년이었어? 1년 9개월이었지 키키 요즘에 비해서 꽤 오래했네?! 글치 요즘은 좀 줄어들고 있더만 더 줄고 있나. 더 줄고 있지 않겠나? 나중에는 군대 체험만 하는 거 아니가 키키 키키 훈련소 갔다가 끝나는 거 아니가 키키 근데 북한에 비하면 진짜 아무것도 아니다 키키 북한은 비교하면 안되지 키키 북한에는 여군도 많다 아니야 응 북한은 너무 힘들 거 같다 키키 여군이 의무는 아니제? 아닐걸? 북한은 잘 모르겠다 물어볼 사람이 없노 지원해서 가는 건가 ?키키 나도 모르겠넹 키키 지원이지 않겠나? 모르겠다 키키 나도 북한은 진짜 모르겠다 어 키키 검색하면 나올려나?,0,B
normal_B_0410,오빠~ 우리 오늘부터 다이어트 시작이야! 맞아! 오빠 그 식단 시작했어 하하 오~ 아침부터 챙겨 먹었어? 응응 완전 아침은 아니지만 잘 먹었어! 먹어보니까 어때? 맛은? 생각보다 맛도 괜찮고 양도 좋아! 오~ 양도 꽤 적당해? 응응 뭔가 먹을게 되게 많아 키키 오 키키 아 나도 시작해야 하는데 자기는 내일부터 식단 하는 게 낫지 않을까? 지금 시간대 보니 좀 그렇지? 아무래도 내일 아침부터 하는 게 좋겠어 하하 좋아 좋아! 오빠가 먼저 시작했네 하하 오빠가 먼저 먹어보니 해볼 만해! 오 기대된다 하하 나도 내일부터 할래! 우리 잘해서 성공해보자!,0,B
normal_B_0411,"너는 여자 연예인 이상형 누구야? 나는 한예슬, 전지현? 근데 누구나 이들이 이상형일 듯 아 한예슬 키키 환상의 커플 드라마에서 겁나 예쁘잖아 도대체 언제 드라마를 얘기하는 거야 키키 옛날 사람이라 어쩔 수 없어 키키 전지현은 뭐... 별에서 온 그대? 뭐 어떤 작품 때문에 좋다기 보다 그냥 그... 예뻐서 좋ㅎ아 키 크고 늘씬한 언니들 좋아하네 키키 그런 것 같아 비율 좋은 사람이 좋아 얼굴 작고 눈코입 뙇 나는 안 그런데 키키 너 개그맨 중에 이용진 알아? 어 알지 유투브 하잖아 완전 내 이상형이야 키키 개그 코드도 내 스타일 키키 너무 잼있으시지 넌 정말 외모는 안 보는구나? 나 터키 아이스크림 하면 좋아서 환장함 나도 그거 봤어 여자 개그맨 신기루? 정말 웃기더라 아 키키 빠꾸 없는 개그맨 키키 나는 요즘 피식대학이랑 빵송국 너무 좋아 거기 개그맨들 진짜 웃겨",0,B
normal_B_0412,"뭐 볼 만한 것 없을까? 과거 거라도. 어떤 장르 좋아해? 액션? 애니메이션? 코미디? 애니메이션도 좋아하고 액션, 코미디도 좋아해. 스릴러만 빼고ㅜ 그렇구나 그럼 혹시 코코 애니메이션 봤어? 아니 안 봤는데 어떤 내용이야? 음 대략 현실 세계에서 죽은 자를 기억하고 기리는 마음을 계속 가져야 사후 세계에서 그 사람들이 계속해서 기억되고 잊히지 않는다는 사후 세계 얘기? 죽음에 대한 새로운 견해를 주네? 응 나도 애니메이션에서 그런 생각을 갖게 할 줄은 꿈에도 몰랐어. 애니메이션에는 꼭 어울리는 ost가 있던데, 이 작품도 그래? 응 기억해줘라고 ost가 있는데 영화랑 같이 보면 정말 슬퍼. 애니메이션이 슬프다고? 상상이 안 가네. 응 애니메이션 보고 울은 적 처음이야. 5살 조카랑 같이 봤는데 조카도 울더라. 걔가 사후 세계가 뭔지 알까 모르겠어... 그러게 어떻게 그런 걸 어떻게 이해하고 울었을까? 배우들은 내가 알 만한 사람들이 있을까? 아닐 거야. 배우들은 멕시코 이런 스페니쉬 쪽이라 잘 모를 거야. 검색하면 한 명 정도나 얼굴 알 듯해. 감독은 리언크리치라고 토이스토리 시리즈별로 다 작업한 사람이네 응 그렇다고 하더라, 암튼 이 애니메이션 진짜 강추해!",0,B
normal_B_0413,너 이번에 재난지원금 받은 걸로 뭐하게? 나 재난지원금 받으면 맛있는 거 먹으러 가려구 아 또 술 먹을 작정이야? 정말 골때려 키키 키키 술은 못 참지 안주 요즘 넘 비싸 그렇긴 해 키키 나는 이마트 편의점 가서 애플펜슬 사려고 키키 그게 되냐? 편의점에서? 응 사람들 그렇게 사더라고 키키 오 진짜? 재난지원금으로 다 할 수 있겠네 나도 그거 기사 보고 알았어 키키 키키 필요했던 거 살 수 있고 맛난 거 먹고 개꿀이긴 해 맞아 키키 25만원이라 넉넉하게 쓸듯! 키키 그러게 저번엔 10만원 순삭이였어 에이 그건 간에 기별도 안 갔어 키키 그때 화장품 샀지 키키 난 밥 먹는데 다 쓴 듯? 키키 그치 데이트 할 때 쓰기 좋았어 키키 맞아 은근 사용 가능한 가게가 많더라고,0,B
normal_B_0414,니도 나라에서 자궁 검사하라고 날아옴? 나는 산부인과 자주 가는 편이라서 키키 대상자라서 하라 하더라 아아 키키 나도 내야 되는데... 병 있을까 봐 무섭다 ㅠㅠ 키키 없다 걱정 마라 난 질염 잘 생겨서 어쩔 수 없이 자주 다니긴 하지만 니도 정기 검진은 받아라 맞제... 휴 건강한 게 최고겠지 ㅠㅠ 근데 요즘 코로나 땜에 위생 하나는 끝내주게 좋아서 감기 따위 안 걸릴 듯 키키 확실하나 요즘 위생 여전히 안 좋은 곳 많다 니가 개인위생 철저히 잘 지켜서 그렇지 아 진짜? 키키 난 화장실에 비누도 찝찝해서 안 쓰고 무조건 그거 소독제 겁나 바름 키키 올 짜식 그래 자기 건강 자기가 잘 챙겨야 댄다 맞지 맞지 키키 내 백신 2차도 이번 달에 맞음 무적 된다 키키 나도 다다음달에 맞는다 떨리노 키키 맞고 무적이 되자 닌 병원에사 맞낭? 키키 ㄱ 아니 나는 25일에 맞는다 남친이랑 같은 날 같은 시간으로 해둠 같이 힘들라고 키키 보통 다르게 하지 않나... 키키 근데 1차는 진짜 개안타 키키 니라서 그런 거 아닐까 좀 강해야지 쫄지마 쫄지마 키키 니도 생각보다 건강한 거 알제 키키 나? 키키 세상 연약한데 이제 튼실해질라고 키키 오늘도 등산햇다,0,B
normal_B_0415,ㅠㅠ 짜증 난다 왜 짜증이 난대 또 키키 아니 게임하는데 완전 깰 수 없게 만들어 놨어 그런 게임 있어 아이템 안 쓰면 못 깨게 그러니까 ㅠㅠ 이럴 거면 왜 무료로 한 거야 맞아 차라리 유료로 하고 깰 수 있게 해주지 맞아 ㅠㅠ 아이템이 없으면 절대 안 깨져 아이템도 좀 비싸니 그게 그러니까 말이야. 차라리 유료가 낫다니까 삭제해 버려. 괜히 중독된다. 키키 큐 ㅠㅠ 지워버려야겠다. 엄마가 하는 게임 깔아 그거 괜찮더라 무슨 게임인데? 캔디크러쉬사가라고 이거는 아이템 없이도 할 수 있어 아~ 그거 이모가 맨날 나한테 카톡으로 광고 보내는 거 키키 그래 이모도 엄마가 꼬셨어 키키,0,B
normal_B_0416,역시 모든 건 공동체 생활이다...! 지금 8개월 째 휴가 못나오는 동생 있는데 맨날 나가면 어디 가자고 징징댐 구차나 살짝... 키키 야아 그래도 군인들 휴가 나오는 게 얼마 없는 행복일 텐데 처음엔 너무 안타까워서 답장도 열심히 해줬는데... 이젠 살짝 질렸다 곧 전역인데 좀만 참지 자슥 너 참 못됐다... 너 같은 친구들을 특전사에 보내야 하는뎀! 아 오늘 뉴스 봤는데 DP병 없어진다더라? 엥 왜? 왜 없어져! 그 병사들이 개인정보나 그런 거 하는 게 좀 그렇고 뭐 앞으로 그런 일들 상급자들이 한댔나... 그래도 같은 입장에서 같이 복무하고 생활하는 병사들이 마음을 잘 헤아리지 않으려나 사람마다 다른가 모르겠음... 그래도 옛날보단 탈영병 좀 줄지 않았을까? 모르겠다 근데 확실한 건 지금도 탈영병이 존재한다는 거지. 얼마 전에도 일병이 자살했다잖아 아 진짜? 안타깝다 ㅠㅠ 거기서 자살하면 부모님 마음 찢어질 텐데 왕따랑 선임들 괴롭힘 때문에 휴가 나와서 자택에서 자살했대 헐… 아니 그거 보면서 느낀 건데 왜 저렇게 나만 당할 수 없다는 마인드 들이지 진짜 군대라는 게 사람을 지키려고 하는 거면서도 사람을 죽이는 법을 배우는 곳이고 안에서 사람 때문에 괴롭고 진짜 아이러니한 듯 맞아 여대 이런 곳도 군대 뺨치는 군기 있던데 다들 왜 그러는 거여,0,B
normal_B_0417,"아버님 전기차 사신다고 알아 보신다며? 다른 자동차 종류는 안 알아 보시고 ? 응 전기차가 그나마 유류비 덜 나오니깐 사신다고 알아보고 계시드라구. 시골인데 거긴 충전할 곳이 많나? 집 앞에 주민 센터 있어서 충전 할 곳 많다고 괜찮다고 하시더라구. 그러게 요새 전기차가 대세이긴 해. 응 지금 유류비 너무 많이 나와서 노령 연금으로 살기 빠듯하다고 하시니깐 괜찮을 것 같아. 기존 타고 다니던 SUV로 알아봐야겠네? 그렇지, 아빠는 SUV아니면 안타. 승용차 이런 건 너무 작고 짐 실을 곳도 작다고 싫어하셔. 맞아, 아버님 차에 별거 많이 들어 가 있잖아. 응 아이스 박스에 음료수 아이스크림부터 커피 포트 , 라면 포트 등등. 밖에서 언제든 차박 해도 될 정도로 싸가지고 다니시지...ㅋ 그럴려면 SUV가 딱 이긴해. 응 아버님 성향엔 그런 차량이 딱 맞는듯. 뭐 추천할 자동차 종류 있어? 있음 아빠한테 추천해보게~ 음 생각 해 볼께. 아버님이 디자인 어떤 거 더 원하시는지 물어보고 사양 맞게 생각해 볼께 응 그래 난 자동차 종류 잘 몰라서~ 부탁해~!",0,B
normal_B_0418,하하 우리 몸 챙기면서 건강한 다이어트 하기로 ! 응응 단백질을 많이 섭취해야 하는데 하하 요즘 두부가 너무 맛있어 두부 너무 좋아! 하하 수술하고 나서 건강을 더 챙기게 되는 것 같아 ㅠㅠ 건강이 진짜 제일 잘 챙겨야 되는 거 같아 ㅠㅠ 건강하지 못하면 아무것도 못해 아무래도 소화기관 때문에 수술 한 거니까 더 소화 잘되는 음식 찾게 되고 원래도 천천히 먹는데 더 천천히 먹어 키키 아 천천히 먹는 거는 나도 좀 배워야겠다 ㅠㅠ 엄청 빨리 먹어서 유산균 필수로 먹고 ! 요즘 좀 건강에 소홀히 한 것 같네 얘기하다 보니까ㅠㅠ 나도 유산균 까먹었다... 말 나온 김에 먹어야지 하하 하하 언니 천천히 먹는 거 엄청 중요해 사실 나는 내 식사 시간이 너무 소중해서 더 천천히 먹는 것도 있어 키키 누리려고 나도 종로 강의 끝나면 식사 시간은 무조건 확보해야지... 지금 약간 배변에 문제가 있어ㅠㅠ ㅠㅠ 아 진짜? 후 나는 수술한 이후로 소화가 안돼서 화장실 진짜 엄청 자주 가는데 그게 너무 힘들고 무조건 집에서 가야 해서 바쁘다 바빠야ㅠㅠ 하하 집에서 있는 시간이 줄어서 그런가 봐 ㅠㅠ 흑흑 화장실 잘 가는 것도 중요해 맞아 규칙적으로 가는 거 엄청 중요하대! 나는 2-3일에 한 번 정도 가는데 운동하면 2일 정도에 한 번씩 가더라고 진짜 운동은 키키 만병 통치약 키키 맞아 운동 다녀오는 날은 끝나면 바로 화장실 하하 운동은 꾸준히 해야 한다 정말! 담주부터는 또 다시 운동 시작해야지!,0,B
normal_B_0419,오빠는 지금 이사 갈 계획 있어? 아니 나 분가 할 돈이 없어 키키 아 진짜? 나는 이제 곧 나간다! 오 너 어디로 이사 가는데? 나 이번에 논산으로 감! 서울에 있다가 오면 별로지 않아? 응 근데 나는 시골 촌년이잖아~ 맞아 너는 서울보단 논산이 더 어울려 키키 키키 인정 키키 나 빨리 내려가고 싶어! 근데 집으로 가고 싶지 않음 키키 왜 그럼 내려오면 혼자 살려고? 키키 어 나 이제 짐이 많고 혼자 사는 게 좋아서 집 구하려고! 아 맞아 혼자 살다가 나오면 같이 못 산다고 그러더라 키키 맞아 그리고 집에 새로 산 매트리스도 있고 말이야~ 오 매트리스 좋으면 나한테 넘겨 키키 이거 13만원 짜리인데 괜츈해? 그 정도면 가성비 갑인 거 아니야?,0,B
normal_B_0420,"남자들은 게임광인가 봐. 뭐 하나 보면은 핸드폰에서 자동으로 게임이 막 돌아가고 있어 키키 맞아요 키키 자동으로 돌아가는 건 진짜 왜 하는 건지... 그냥 돌리는 건데 ㅠㅠ 키키 맞아 지금도 왔는데 서머너즈 워 연속전투 키키 이게 막 돌아가네 키키 남편은 요즘 원카드 하더라구요 원카드 엄청 오랜만에 들어보는 단어다. 예전에 카드 게임 한창 했었는데. 게임 종류가 많긴 많아 카드, 운동, 전투, 총 키키 골고루 그쵸 키키 점점 더 다양해지는 거 같아요 게임 종류가 맞아 이제 vr로 인해서 진짜 종류가 엄청나더라고. 재밌어 보이긴 해. 애가 좀 더 크면 가족 다 같이 게임 해서 오락 시간 가져도 좋겠어 맞아요 요즘 첫째랑 배드민턴 치면서 커서 다 같이 치면 재밌겠더라구요 키키 아직은 애들이 어려서 못하지만 다같이 커서 게임 하면 재밌겠어요 ! 그치 vr게임 하는 거 보면 너무 실감나 보여 나도 해보고 싶어. 게임 해서 가족 간 내기도 하고 집에서 시간 보내기 좋을 듯 vr 딱 한번 해봤는데 너무 재밌어요 키키 진짜 현실 속에서 하는 것처럼! 명절 같을 때 하면 딱 좋을 듯해여 오! 어디서 해봤어? 너무 재밌었겠다. 나는 한번도 해본 적이 없어서 궁금해. 진짜 명절 때 가족들 모이면 다같이 게임 하며 건전하게 놀 수 있겠네. 비싸려나? 예전에 스타필드 갔을 때 해봤어요! 키키 친정에선 늘 윷놀이 하는데 재밌어요! 키키 윷놀이는 사람 많아야 재밌는데 ㅜ 맞아 사람 많아야 윷놀이는 편 먹고 흥이나. 키키 가족이 다같이 할 수 있는 게임이 많겠다 vr게임기 갖고 싶어 저는 보드 게임이요! vr은 좀 어지러워서 ㅠㅠ 아 어지러워? 그럼 눈 나빠질수도있는건가? 한 번도 안 해봐서 감이 안 와 키키 보드 게임도 재밌는 거 많지. 예전에 보드 게임방도 한창 유행이었는데 네네 ㅠㅠ 좀 어지럽더라구요 ㅠㅠ 키키 맞아요 애들 보드 게임방 데리고 가면 딱인데 ㅠㅠ 요즘 많이 없어진 거 같아요",0,B
normal_B_0421,오빠도 한문철 tv 자주 봐? 한문철 tv 그게 뭔데? 난 안 봐 한문철 아저씨라고 교통사고 났을 때 몇 대 몇인지 자세하게 알려주는 아저씨 있잖아! 아 블랙박스 영상 그거 말하는 거야? 맞아! 오빠 본 적 있어? 응 그분 건진 모르겠는데 그 영상 뜨면 보고 했지 키키 키키 맞아 이번에 그 아저씨가 영상을 올렸는데 완전 어이없는 영상이었음! 왜 어떤 영상이 올라왔길래 그래? 정차돼 있는 차를 자전거가 들이받고 자전거 운전자가 정차된 차 운전자한테 임플란트 비용을 요구했대! 헐 그럼 그거 판결은 어떻게 나온 거야? 당연히 정차된 클박 차주가 클박 영상이 있어서 낼 필요가 없지! 근데 그 자전거 그 사람도 되게 웃긴다 키키 그게 말이 된다고 생각하고 한 건가? 무조건 차가 잘못이라고 생각하는 거 같아! 그거 옛날 시대 이야기지 지금은 안 그렇잖아 맞아 이 사람은 길가에 왜 차를 뒀냐고 따지더래! 차를 둘 만하니까 뒀겠지 키키 프로불편러구만~ 키키,0,B
normal_B_0422,니 요즘 TV 프로그램 뭐 보는 거 있나? 나는 요새 궁금한 이야기 Y본다 재밌어 그거 그것이 알고 싶다랑 비슷한 거 맞지? 어 맞아 키키 사건 사고 다루는 프로그램 근데 해결책을 내놓고 끝내는 게 아니라서 답답해 아 진짜? 그런 프로그램 보다 보면 나도 화가 나고 속상해서 ㅜㅜ 응 맞아... 화딱질 나는 사건 많더라... 아 진짜 찐으로 좋아하는 프로그램 있다 키키 키키 뭔데? 찐이라고 하는 거 보니 궁금한데 키키 애로부부얌 키키 진짜 시즌1. 2 다 봤다 응? 그거 뭔가 이상하고 그런 건 아니겠지? 누구 나오는데? 그거 이상한 건 아니고 이혼하고 싶어서 사연을 보내면 그걸 재연 배우들이 상황 연기하고 하는데 진짜 기가 막힌 내용 많다 아 진짜? 키키 세상에는 정말 신기한 사람들도 많고 특이한 사람도 많은 듯 키키 어 특이한 사람들 천지더라... 보는 내내 어찌나 화나던지 키키 아니 니는 근데 왜 자꾸 화나는 프로그램 봐? 키키 내가 화가 많다 저런 걸 보고 화를 푸는 거야 그거 안 봤으면 화 날 일 없는 거 아닐까? 키키 키키 아니 재밌는데 어떻게... 담주 본방사수해야지,0,B
normal_B_0423,아 목 말라 음료 마시고 싶은데? 야 요즘 스벅 배달 됨 키키 몰랐제 응응 스벅도 배달된다니... 충격적... 그래도 스벅은 스벅 가서 마셔줘야지 키키 같이 가자 칭구야~ 디저트도 사줄게 키키 그래 칭구야 몇 시에 볼래? 좀 씻고 만나자 키키 한 시간 뒤에 오키오키 뭐 밥은 안 먹어도 됨? 밥 어쩔까 스벅 갔다가 갈까? 구래 먹고 싶은 거 있음? 음 마라탕? 키키 오랜만에 마라탕 먹고 싶네 그럼 우리 집에서 배달 시켜 먹을까? 오키 너희 집 갈 때 맥주 사가자 키키 마라탕과 맥주의 조합도 좋지 키키 꿔바로우 같이 시켜야 됨 키키 마라샹궈는 안 먹어도 됨? 계란 볶음밥은?,0,B
normal_B_0424,작은엄마는 배 타본 적 있어? 응 많이 타봤지~ 최근에도 탄 것 같다 최근에? 작은아빠랑 어디 놀러갔다 왔어? 가족여행으로 거제도 갔는데 섬 갈 때 탔지 거제도? 몇 월 달에 갔었어? 부럽다 나도 가고 싶다! 한 여름에 가서 더워 죽는줄. 키키 아 여름에는 펜션이나 잡고 수영이나 해야쥐~ 응 그래야 해 정말 더웠어 키키 인정 나는 이번 여름에 아무 데도 안 갔잖아 그래서! 맞어~ 집에 있는 게 최고야 가서 고생만 하다 왔지 키키 맞아 나는 집에서 에어컨 바람 쐬면서 잘 지냈음! 응 그게 제일 좋은 피서지~ ㅋ 인정 아이심도 하나 물어주고 말이야~ 여름에 팥빙수 먹으면서 집에서 쉬어야지 키키 맞아 근데 너무 먹으면 배탈나니까 적당히 먹어줘야 함~ 그렇지 가을이 되야 여행도 갈맛이 나~,0,B
normal_B_0425,너가 알려준 직구 사이트 보다가 빠져 버렸자나... 악 그거 진짜 중독이라고 키키 계속 들어가서 보게 된다구 새로운 세상이 열렸어... 맞지 진짜 세상에 모든 물건이 거기에 다 있어 키키 나한테 그런 거 알려주지 말라고 ㅠㅠ 근데 진짜 그걸로 물건 사는 재미 기다리는 재미 핵쏠쏠 무슨 그런 일이 다 있니...? 넌 보통 뭘 샀니 키키 나는 보통 리빙템 위주로 사 컵받침 테이블보 이런 거 키키 배송 얼마나 걸린다고 그랬지? 넘 늦게 오면 ㅠㅠ 10일 정도 생각해야 해 추석 걸려서 더 늦겠다 ㅠㅠ 아 너 그 귀염둥이들은 다 거기서 오는 거였니? 당연하지! 그거랑 캐릭터 피규어 같은 것도 퀄리티 좋앙 하하 생각보다 빨리 오네 주문량이 엄청날 텐데 응 약간 배송 재촉하면 조금 더 빨리 오는 것 같애 키키 그건 또 무슨 경우람 영어로 재촉해야 행? 그 어플 관리자는 한국말을 할 줄 알더라고? 키키,0,B
normal_B_0426,우리 동네에 도둑고양이가 있는데 내 친구들이야 맞아 생긴 것도 비슷하잖아 고양이들이 막 나 부르고 뛰어와서 배를 보이면서 눕고 그런당 가끔 걔네랑 대화도 하니? 안녕~ 하면서 인사하고 왔어? 밥은? 이렇게 안부 묻는 정도 어쩐지 오래 붙어 있더니 그런 거였구나 빨리 가야 되는데 애들이 한두 마리씩 오면 키키 귀여워서 한참 만지게 되네 그러다가 매번 지각하잖아 키키 고양이 알러지만 아니면 진짜 데리고 갔다 집에 ㅠㅠ 어머니한테 들켜서 다시 내보낼걸 키키 엄마가 집에 못 들어올 거 같대 집에 고양이 있으면 ㅋ 고양이 무서워하시나 보다 어머니가 응 무서워하더랑 다이소 가면 츄르 하나 사는 거 안 잊어버려야지 다이소 가서 나 먹을 것도 좀 사다 줘 키키 고양이 츄르 사면서 한번 볼게 키키 그걸 나보고 먹으라고 하는 소리니?,0,B
normal_B_0427,아르바이트 하면 진짜 진상 많이 만나는 거 같애 키키 진짜 별에 별 사람 많어 ㅠ 취업하기 까지 공백 기간 때 알바 했었는데 아 진짜 무슨 알바 했었어? 뽀로로랑 얼음나라라는 테마파크 알바였거든 옴마나 키키 귀엽다 키키 진짜? 어디서? 2달 계약이었는데 하루도 못 쉬고 일했었 키키 벡스코 키키 와 진짜 키키 벡스코에서 했었구나 키키 허미...고생했네 ㅠㅠ 빡시네 나름 급여도 세고 재밌었는데 오 괜찮겠다 단기 알바도 나름 괜찮은데 키키 업무도 단순 업무긴 했어 키키 오호 괜찮네 키키 나도 단기 알바 하곺픔 ㅋㅋㅋ 단기 알바도 알아보면 재밌을 거 같은 거 많더라 키키 그치 진짜 언제 임신 될지도 모르고 해서 단기 알바 괜찮은 듯 키키 아무래도 알바는 직장 생활과는 다르게 즐기면서 할 수 있다는 장점 응 맞어 그게 좋은 거 같어 뭔가 부담도 없고,0,B
normal_B_0428,나 dp 보고 정해인이 너무 잘생겨서... 지금 봄밤이랑 밥누나 찾아볼까 생각 중 난 두 개 다 봤는데 키키 정해인 진짜 잘생겼어 근데 정해인 드라마 캐릭터들이 다 결이 비슷해 뭔가 키키 그렇긴 하더라 이미지가 그렇게만 먹히는 건가 키키 근데 디피에서 어쩜 머리를 그렇게 깎았는데도 그리 잘생겼냐... 완전 ㅠ 머리도 작고 키키 근데 보니까 정해인은 머리가 짧은수록 더 잘 생겨 보이는 거 같더라구 밥누나는 진짜 설렘의 끝판왕이야 키키 키키 그리고 연기도 나는 딱히 별 생각 없었는데 진짜 안정적이더라고? 응응 정해인이 연기를 못하진 않는 거 같아 아니 잘하는 거 같아 키키 나는 당잠사에서 남자 주인공보다 더 응원했었거든 키키 키키 당잠사도 나왔었구나 수지 나온 거지? 응 키키 그 드라마 너무 좋아했었어 내가 특히 수지를 좋아하니까 키키 근데 당잠사에서는 수지보다 정해인을 더 좋아한 듯 키키 키키 수지도 이제 좀 연기가 안정됐더라 수지 이제 연기 진짜 잘해 키키 최근에 한 거 스타트업에서 연기 완전 너무 잘하던데? 수지 연기 보면서 같이 웃고 울고 그랬었어 키키 키키 스타트업도 봤었구나 수지 찐팬이넹 키키 그 김우빈이랑 나온 것도 봤었어? 응응 그것도 봤어 키키 근데 그 드라마는 내용이 조금 어두워서 잘 안 보게 되더라구 아 키키 그 이승기랑 나온 최근 것도 있네 보면 수지가 되게 다작했구나 키키 오 그러네 키키 수지 드라마 진짜 많이 찍었구나 이제 수지도 나름 선배 연기자겠다 경력 많은 키키 키키 그러네 키키 그래도 수지는 역시 건축학개론이지 크크 아 맞아 그게 수지 인생작인 거 같아 키키 그 영화의 분위기가 수지랑 너무 잘 어울렸어 키키,0,B
normal_B_0429,야 너 시카밤 써봤어? 저번에 써봤다고 했지? 응응 그거 좋지? 내가 쓰는 거 샀어? 그때 니가 링크 보내줄 때는 꿀피부라서 안 샀지 꿀피부 키키 그래 근데 니가 시카밤이 왜 필요해? 나 요즘 얼굴 완전 뒤집어졌어 ㅠㅠ 왜 너 여드름 같은 거 안 나는 피부잖아 이게 늙으면서 체질이 바뀌나 봐 뾰루지 요새 엄청 나 혹시 마스크 때문 아냐? 너 민감성이잖아 하... 마스크 때문이려나 암튼 지금 볼에 엄청 났어 너 그럼 그거 피부과 가서 짜 왜? 이거 시카크림 바르면 낫는 거 아냐? ㄴㄴ 아님 그거 그대로 놔두면 안에서 곪아 헐 무섭다... 근데 넌 보지도 않고 어떻게 알아 원래 피부에 뾰루지 안 나는 애들은 그게 밖으로 잘 못나오거든 헐... 근데 우리 동네 피부과는 미용 목적 시술은 안 해주는데 아냐 그건 시술 아니니까 해 줘 일단 피부과 예약부터 해,0,B
normal_B_0430,"요즘 집값 미쳤음... ㄷㄷ 맞아 ㅠㅠ 너무 비싸서 옮기기 무서움 나랑 남편이랑 동탄에 있는 아파트 값 인터넷에 검색했거든? 동탄은 어때? 서울보다 싸긴 하겠지만... ㅠㅠ 싸기는... ㅠㅠ 5억이 기본이고, 12억 훌쩍 넘는 곳도 많더라... 헐 기본이 5억... 동탄이 그 정도면 서울로 못 가겠다...ㅠ 서울로 올라갈 생각은 이미 포기했어... 아... 아앗... 나도 나중에 걱정이네 ㅠㅠ 언제가 집값이 떨어지겠지... 허허허 허허... 그냥 부모님이랑 같이 계속 살아버릴까... ㅠㅠ 오 그거 적극적으로 추천한다. 아빠는 계속 나가라고는 하는데 현실이 힘들어서 키키 에이 그냥 하시는 말씀일 거야. 그럴 리가 없어... 나 고등학교 때부터 계속 이야기한 거라 키키 헐! 진짜로 그렇게 얘기하셨어? 응응... 요즘도 가끔 얼른 나가라고 이야기 하긴 하더라",0,B
normal_B_0431,나 예쁜 카페 가구 싶다 서면에 맛있으면서 예쁜 곳 없을까? 그런 곳은 브런치 카페? 오 브런치 카페 좋아 ㅜㅜ 아보카도 좋아하는데 좋아해? 사실 안 먹어봄 키키 야채 맛 아니냐 아 키키 맞아 아보카도는 호불호 엄청 갈리도라 그럼 뭐 좋아해? 나는 브런치 하면 베이컨이랑 샐러드 이런 거? 헐 베이컨 존맛탱... 거기에 에그 어때 ㅜㅜ 너무 좋다 브런치 카페면 분위기도 좋다이가 ... 맞아... 거기 가면 인생샷 10장각 아니냐며 키키 키키 아 먹는 거보다 찍는 즐거움 하하? 에이 두 마리 토끼 잡는 거지 키키 요즘 난 크로플도 좋던데 ㅜㅜ 크로폴 인정 맛집 있음 데려가 줘 ㅠㅠ 헐 좋아 나 크로플 맛집 해운대에 아는 곳 있다 ! 나 좀 데려가 ... 커피랑 먹으면 찰떡이겠다 하 좋아... 해운대에서 바다 보고 아아에 크로플 ㄱㄱ 키키 아아 하니까 으른 같당 하하,0,B
normal_B_0432,"언니 부모님이랑 같이 산다고 했지? 아니 나는 자취하고 있어 오 언니 자취 몇 년 차야!? 아 진짜 나는 5년 차야 하하 헐 언니가 그러면 몇 살 때 독립한 거야? 나 23살 때 자취했어 ㅠㅠ 멋있다 회사 때문에 나온 거야? 아니 엄빠랑 트러블 때문에 헐, 부모님이랑 자주 싸웠어? 웅 그래서 집에서 나왔어 그래 차라리 어느 정도 거리를 두는 게 낫더라! 웅 집에 늦게 들어온다고 그래서 키키 나는 그냥 혼나고 무시해 그럴 때는! 아 정말 나는 친구들이랑 편하게 놀고 싶어허 키키 그래서 나오니까 좋아? 어때? 웅 좋은 점도 있고 나쁜 점도 있고",0,B
normal_B_0433,언니 내 남친이 어제 얘기해 줬는데 뭔데? 남친이 어렸을 때 학원 다녔을 때였는데 막 어떤 여자가 들어와서 벽돌로 머리를 내리쳤대 헐? 머리를 내려쳤다고? 그런데 괜찮은 거야? 키키 괜찮으니까 살아 있지! 학원을 어떻게 들어왔대 보안이 잘 안 돼 있었나 봐 ㅠㅠ 그런데 남친이 오히려 다행이라고 그러더라고 왜? 많이 다쳤잖아 ㅠㅠ 그 반에 어린 애들이 많았나 봐 그래서 오히려 나이가 제일 많았던 자기가 다친 게 다행이라고 헐 ㅠㅠ 착하다 그래서 그 여자는 처벌 받았어? 아 그거 너무 어이없는데 봐줬대 ㅠㅠ 헐 왜? 그런 여자는 처벌해야지 그 여자 아빠가 찾아와서 무릎 꿇고 빌었다나 봐 아무리 빌어도 그렇지 ㅠㅠ 죽을 수도 있는 건데 막 자기 딸이 정신이 아픈 애라고 제발 봐달라고 사정사정했나 보더라고 그런 사람은 또 그럴 수도 있는데 ㅠㅠ 입원했었대? 웅 ㅠㅠ 원래 남친이 뚱뚱했는데 그때 입원하고 병원 식 먹으면서 살이 쪽 빠졌대 키키 그거 하나는 잘된 일이네,0,B
normal_B_0434,친구가 쌍수를 했는데요! 키키 쌍커풀 수술? 많이 하지. 간단한 시술이라고 생각했는데 ㅠ 너무 아파 보여요 ㅠ 쉽게 얻어지는 건 없지... 그런 고통 이겨낸 거면 예뻐져도 할 말 없다... 요즘 쌍커풀은 수술 축에도 안 껴주잖아. 시술이라고 하죠... 미용 목적의 시술... 다른 것들은 얼마나 아플까... 어휴. 저는 못 할 것 같아요... 예뻐지는 게 정말 쉬운 게 아니야. 눈 코 입 멀쩡하게 있는 것에 감사하며... 키키 그려그려. 좋은 마음가짐이다. 좀 더 예뻤으면 좋았겠지만 키키 내 눈엔 다 예쁘구만~ ^^ 예쁘게 봐주는 사람이 있어 오늘도 힘이 납니다... 훌륭하다. 정리하고 퇴근 준비~,0,B
normal_B_0435,니 이때까지 해외 여행 어디 어디 가봤다고 했었지? 나 동남아 밖에 못 가봤어 ㅜㅜ 진짜 이 근방 키키 그 중에서 난 태국이 좋았던 거 같아 키키 오 나는 그러고 보니 동남아를 한번도 못 가봤네 키키 태국 어떤 점이 좋았어? 거기는 나 입맛이 원래 까다롭진 않았지만 먹는 거 다 잘 맞고 마사지 진짜 강추 ㅜㅜ 하루에 한 번씩 받으세요 다 키키 맞아 키키 동남아 가면 마사지 무조건 받으라고 하더라 키키 가격도 저렴하고 시원하다면서 키키 아 나도 받아보고 싶다 진짜 너무 너무 시원함 키키 길거리 마사지는 가격이 싼데 요즘 태국도 물가가 마냥 싸진 않더라 키키 좀 예약하고 괜찮다 싶으면 마사지 가격 훅 뜀 키키 그리고 팁 필수 키키 헉 그래 외국은 팁 문화가 있어서 좀 적응이 안 되더라 키키 우리나라는 그런 게 없어서 그런지 키키 모르고 안 주고 나오는 경우도 많겠다 근데 약간 눈치를 줘서 모르고 안줄 수 없겠더라... 키키 저번에 뭣도 모르고 그냥 나올 뻔했는데 팁 이야기 대놓고 꺼내더라고 하하 키키 난 베트남 안 가봐서 거기 가고 싶어 키키 헉... 진짜 대놓고 말하는구나 키키 대박이다 맞아 베트남도 좋다더라 ㅠㅠ 나는 보라카이 가보고 싶더라 보라카이 넘 좋지 ㅜㅜ 솔직히 휴양지란 휴양지는 다 가보고 싶다 ㅜㅜ 지금 못 가는 게 너무 아쉽지만 ㅜㅜ 하와이도 ㅜㅜ 키키 그러니까 ㅠㅠ 하와이 말만 들어도 천국일 거 같다 키키 음식들도 다 얼마나 맛있을지 맞제 ㅜㅜ 막 발리도 화산 때문에 빨리 가봐야 할 곳 중 하나라던데 하와이 여력 안되면 발리라도 빨리 가보고 싶다 키키 그니까 코로나 끝나자마자 바로 어디든 갈 거다 ㅠㅠ 나는 아시아 국가 밖에 안 가봐서 더 아쉽다 끝나면 어디부터 가보고 싶은데? 키키 나는 스위스 꼭 가보고 싶다 ㅠㅠ 풍경이 너무 아름답더라 스위스도 너무 좋지 키키 나는 어디든 좋을 것 같아,0,B
normal_B_0436,"나 남자친구랑 놀다가 늦게 들어가 또 어딜 그렇게 싸돌아다녀 좀 놀다 들어가자~ 어디서 뭐 하고 놀라고? 저녁에 밥 먹고 카페 가겠지 맨날 만나는데도 그렇게 할 말이 많냐? 아직 한참 좋을 때잖아~ 어이구 그래서 몇 시에 들어올 건데 한 10시? 그래도 막차 끊기기 전에는 보내야지 사람들 많은 곳 가지 말고, 마스크도 잘 쓰고 마스크는 세상 잘 쓰고 다니지~ 알겠어 그럼 걔 버스 탈 때 말해 나 마중 나올 거야? 시간 늦었으니까 보디가드 데리고 갈게 보디가드? 강아지랑 같이 산책 나올 거야? 엉 강아지랑 같이 나갈게",0,B
normal_B_0437,낚시 해 본 적 있어? 키키 오오 계곡 놀러 가서 한 번 해 본 것 같아 많이 못 잡았어 키키 뭐 잡았었어? 키키 난 기다리는 게 싫더라 키키 나 이름도 모르겠어 키키 그냥 애기 물고기들 몇 개 잡았어 키키 매운탕 끓여 먹었어 키키 맛있었겠다 키키 예전에 난 아빠랑 갔다가 헛탕 치고 그냥 왔어 키키 그랬었구나 키키 낚시 기다리는 거 힘들어... 낚시하면서 생각도 많이 한다던데 나는 못 하겠더라 키키 키키 나도 금방 지루하더라고 키키 못 잡고 횟집 가서 회 먹었어 키키 키키 아 키키 횟집이 최고지 낚시는 아무래도 힘들어 키키 몸도 마음도 편했지 키키 역시 해주는 거 먹는 게 최고 키키 키키 그거 진짜 그래 키키 저번에 서핑하기 전에 물회 먹었었는데 바다 스포츠랑 회랑 다 너무 좋아 하하 물회 진짜 맛있는데 ㅠㅠ 서핑은 해보고 싶지만 하지 못하는 현실이다 키키 키키 서핑 꼭 한 번 해 봐 진짜 재밌어! 난 균형 못 잡아서 바로 떨어질 거야 키키 키키 여러 번 배워야지 조금 서기 시작하더라 어려운 운동인데 너무 재밌어 ㅠㅠ 키키 난 포기 키키 포항에 있으면서 자주 타겠는데? 키키 나 딱 한 번 가 봤는데 너무 재밌어서 계속 기회 보고 있어 키키,0,B
normal_B_0438,넌 나중에 뭐 하는 회사 들어가고 싶어? 나는 요즘 제약 회사에 관심이 많아 오 대박 잘 어울려! 부산에도 있나? 웅 근데 아무래도 서울권에 많지! 맞아 ㅜ 그래서 내 친구도 제약 하러 타지 갔다... 근데 졸업할 때 되니깐 싱숭생숭해 마지막 학기라서 실습 갔다던데 멋있어 나도 실습 이제 가려구! 오 졸업하고 바로 갈려구? 응 나는 연구원 쪽으로 갈 생각이야 연구원? 헐 그거 거의 갇혀 있는 거 아니가 그렇긴 하지만 나랑 적성 잘 맞는 것 같아 하루 종일 앉아 있기 가능? 키키 죽어 나가겠지?! 그래도 하고 싶어 실험하는 연구원은 앉아있는 거 아닌가 ㅎ 이 것 저 것 그래도 움직이지 않을까...,0,B
normal_B_0439,"자기야 요즘 강아지나 고양이 같은 동물들 버리는 사람 많지 않아…? 맞아 그래서 길 고양이도 많이 생기고 유기견도 많이 생기고, 심지어 피라냐 같은 물고기도 내다 버리잖아 못 키우겠으면 요즘 SNS같은 데다가 못 키우겠다 대신 키워 줄 사람 찾아 줘버리지. 그러니까 아니면 시작도 하면 안된 다고 생각해. 그것도 맞는 게 애완동물을 제대로 키우려면 아이 키우는 만큼 돈이 나가잖아 웅 사료, 간식, 장난감, 병원비등 예방 주사도 나줘야지, 중성화 수술도 시켜야지 그리고, 이게 다른 집 애완동물들은 잠깐 봐서 귀여운데 직접 키우면 말도 안 들을 때가 많아서 버린 대 근데 SNS에서 달라고 한 사람 줘도 동물 학대 또는 다른 곳에 팔려고 하는 사람도 많긴 해... 하... 불쌍하다. 아니 대체 왜 그러는 거지 이해가 안되네 웅. 나도 진짜 왜 들 그러는지 모르겠어. 그리고 강아지 산책 나오면 난 입마개 좀 했으면 좋겠어 아~ 맞아 입마개 안 해서 물려서 죽은 사람들도 있잖아 그래! 아니 지한테 안 문다고 다른 사람 안무냐고 물지! 개 주인도 분명히 물렸을 꺼야 근데 자기가 막을 수 있을 줄 알거나 자기 강아지는 물지 않을 거라는 착각을 하지 맞아 그리고 외국은 강아지가 물어서 사람이 다치면 그 강아지는 안락사 시키는데 우리나라 함부로 안 시키더라. 아니 왜? 짱나네. 자기가 강아지 컨트롤 못하면 입마개라도 해서 1차 방어를 해야 하는데 그것도 안 해서 죽은 사람들이 얼마나 많은데, 대체 안락사 안 시키고 강아지들 입마개 안하고 대놓고 돌아다니게 하는 거야 그러게 말이야 난 강아지가 우리 쪽으로 오면 그냥 바로 찰 꺼야!",0,B
normal_B_0440,"진짜 생명을 데려온다는 게 책임감이 너무 큰 일이라 나는 아직 어려운 것 같아. 그냥 운동이나 하고 나가서 사람 만나고 그래야지 난 운동이랑은 잘 안 맞아서... 그닥 재밌다고 생각되는 스포츠는 별루 없는 듯 오빠가 딱히 축구나 야구 같은 거 뭐 한다고 하는 거 들어본 적 없는 듯 난 그냥 집에서 잠자는 게 제일 좋아 그건 나도 맞앙 키키 잠이 제일 좋아 우린 디엔에이에 잠만보 피가 흐르나 봐 솔직히 운동하다가 다치면 어떻게 이불 안이 제일 안전함 하긴 오빠는 다치면 휴가가 있는 것도 아닌데 나 다치면 농장 일 누가 할 거야 내 몸 소듕해 아니 우리 하우스 소중해...! 하우스=나 고로 내 몸이 재산 내 몸이 국보 그래도 오빠 건강 생각하면 운동 해야지 그렇긴 해 나이가 앞자리가 바뀌니깐 진짜 몸 컨디션이 확 달라졌어... 다들 그런다고 하더러. 그니까 슬쩍슬쩍 지금부터 해야지 진짜 하긴 해야 돼 근데 쉽지 않네... 예전에 군대 있을 땐 그래도 팔굽혀펴기나, 철봉 등 많이는 아니더라도 좀 했는데... 지금은 아예 안되는데? 키키 그게 벌써 몇 년 전인데 ㅠ 아니 그래도 팔굽혀펴기도 한 10개는 해야 하고, 철봉도 한 3개 이상은 해야 하는데 안 된다궁 ㅜㅜ",0,B
normal_B_0441,"남자들은 낚시하는 거 좋아한다던데 실화야? 아니야 나는 웨이크 보드 타는 거 좋아해 웨이크 보드? 그거 누가 얘기해 줬었는데 그게 뭐더라? 아 정말 ? 강가 가서 보드처럼 물살을 헤치면서 타는 거야 아 맞아 키키 그거 은근 중심 잡기가 힘들다던데? 그래도 나는 한 번에 탔어 아 진짜? 그거 교육 같은 거 안 받아도 돼? 교육 한 번 받는데 5만 원이야 비싸 와 대박, 그러면 5만 원에 하루 수강을 듣는 형식인가? 웅 하루는 아니고 15분에 오만 원 와 키키 그러면 15분 타고 5만 원인 거야? 타는 거는 3번 타면 십만 원 넘게 나와 키키 와 그거 장비 자체가 비싸서 그렇게 비싸게 받는 거? 그치 장비 빌리고 배 타고 나가서 하는 거니까 키키 와 대박 아 그렇겠다 배 띄우는 비용이 많이 나가겠다! 웅 그래서 여름에 가따 와서 통장 잔고 비었어",0,B
normal_B_0442,아 그거 알아? 우리 제주도에 있었을 때 광주는 비 엄청 왔대 키키 아 진짜? 제주도는 엄청 맑았잖아~ 그니까 키키 신기하지 않아? 역시 내가 날씨 요정인 건가 하하 날씨 요정 맞는 듯~ 우리가 가는 곳엔 비가 없다~ 난 아직도 진짜 신기한 게 내가 여행 갈 때 일기예보에 태풍이라고 나와도 내가 가면 비 안 온다 그것도 능력이네~ 너랑만 놀러 다녀야겠어~ 진짜 나만 믿어. 인간 햇님이야 키키 나는 놀러 갈 때 비 때문에 여행이 취소돼 본 적이 없어 예전에 제주도 갔을 때도 그랬댔나? 응응 키키 그날 태풍으로 내 앞 비행기들 다 결항 됐는데 내 비행기만 연기되고 결국 갔지 낄낄 그건 정말 들어도 들어도 신기해 ㅋㄲ 키키 저번에 우리 통영 갔을 때 비가 조금 오긴 했지만 수국 보는 덴 지장 없었잖아 아니던데... 그 날 비 엄청 와서 사고 날 뻔했잖아 키키 ㄱㅋ 키키 돌아오는 길에 비가 많이 온 거였잖아 아니잖아... 우리 저녁 먹을 때도 비 많이 와서 다리 밑에서 먹었잖아 불만 있어? 그땐 그것도 재밌고 추억이었다며ㅡㅡ 추억이긴 하지~ 날씨 요정 의심되는데?,0,B
normal_B_0443,너는 어플로 배달 자주 시켜 먹어? 응응 일상이지~ 일주일에 5번 이상은 이용하지! 와 엄청나게 시켜 먹는구나?! 완전 브이아이피네 키키 응 키키 그럴 수 있겠다 키키 한번 시켜 먹고 나니까 너무 편해 ㅜㅜ 아 그래? 어떤 점이 편한데? 장 보고 요리하는 거 보단 시켜 먹는 게 편한 거지! 키키 아 그렇지~ 주로 어떤 음식을 자주 시켜? 다양해~ 요즘은 안 되는 게 없잖아 키키 음식은 물론이고~ 커피나 아이스크림도 시켜 먹지~ 맞아 요즘은 안 되는 게 없더라 키키 심지어 고기도 구워서 배달해주던데 맞아 키키 그러니... 일주일에 5번도 부족해 키키 시켜 먹을게 너무 많아... 키키 세상엔 맛있는 게 너무 많지... 배달 맛집 아는데 있어? 글쎄 키키 너무 많아서 키키 매일 다른 곳으로 시켜 먹는 거 같아! 아 진짜? 그러다 맛없는 곳 시키면...? 음... 요즘은 리뷰도 확실하고~ 웬만하면 다 잘되어있어서~ 여태 맛없는 곳은 없었어 키키 그랬구나~ 나도 너가 시켜 먹은 데서 배달 시켜봐야겠다~ 응응! 넌 실패를 많이 했나 보네 키키 다음에 공유해줄게~,0,B
normal_B_0444,집이랑 회사는 거리 괜찮아용? 키키 전 직장이 너무 가까워서 지금은 좀 멀게 느껴져 아 키키 전 직장이 더 가까웠어요? 엉키키 전 직장은 두류였어 키키 으잉? 키키 너무 가까운데요? 키키 차 타고 갈 필요도 없겠당 키키 그래도 차 타고 다녔지 키키 키키 대박 키키 차 있으면 그렇게 되나 봐용 엉 키키 은근 두류가 멀어 오잉 키키 저희 집에서는 좀 멀어요 키키 바로 가는 버스가 없음 키키 우리 집도 키키 좀 먼 버정 가야 버스가 있어 아 키키 그러면 인정 키키 코 앞일 줄 알았는데 코앞 정류장에서는 가는 게 없어 ㅠㅠ 짜증 글쵸 은근 가까운데 바로 가는 게 없어서 ㅜㅜ 맞아... 진짜 그래서 지하철 타러 가는 거 넘 힘들어 정말 ㅜㅜ 그것도 너무 힘듬 환승 해야 하고 맞아... 그래서 반월당에서 만나자 하면 짜증나 키키,0,B
normal_B_0445,너 강원도 잘 알지? 키키 뭐 디게 잘 아는 건 아니지만... 그래도 외갓집이 강원도니깐 키키 꽤 갔지 강원도 좋은 곳 추천 좀 해 줘 키키 강원도는 바다는 진짜 다 좋지 키키 어디 하나 안 좋은 데 없을걸 키키 바다 쪽으로 갈까... 강원도는 지금 가면 시원한가? 당연하지 키키 할머니 집에선 에어컨도 없었어 키키 한여름에도 ? 미쳤다 개좋네? 여름에만 강원도에서 살고 싶다 키키 요즘은 날씨가 어떨지 잘은 모르겠지만... 키키 암튼 어릴 땐 그랬어 키키 요즘도 그렇지 않을까 키키 요즘 가도 양 볼 수 있음? 양 볼 수 있지 키키 강원도 향토 음식 같은 거 맛있는 것도 많고 키키 강원도 하면 감자 아니야!? 응 감자 요리 많지 키키 감자전이나 감자떡 등등등 키키 강릉에 짬뽕 순두부도 유명해! 짬뽕 순두부?! 뭐야 처음 들어보는 음식이네. 엄청 맛있겠다 이름만 들어도 맛있겠지? 키키 근데 이제는 비슷한 음식들 그냥 여기서도 사 먹을 수는 있지 키키 맛있는 음식만 먹어도 강원도는 갈 만하겠구만... 바다 쪽으로 찾아봐야지 응 강원도는 산이고 바다고 다 좋아서 어딜 가도 만족할 거야 키키,0,B
normal_B_0446,오빠 회사두 명절에는 다 쉬지? 응 명절에는 쉬어야지 ㅜㅜ 그 뒤에 이틀 연차 쓰실 생각은? 그건 불가능 할 거야 키키 그럼 사장님이 극대노 하시나 ? 회사 사정 봐가면서 써야지 ㅜㅜ 이번 연휴가 너무 좋더라구 완전 하하 **는 그날 연차 쓸 거래? 아니? **는 연차 쓴 적 없는 듯! 연차비로 나오나 보네 그냥 연차비 받는 거 엄청 좋아행 이상해... 여기는 연차비가 없어 ^^ 아 헐 그게 뭐다요? 그럼 연차 무조건 써야겠넹 근데도 다 못 쓰는 거 같아 오매 연차비 그거 쏠쏠한디 그건 그래두 ** 100% 준다구 키키 연차비 주는 거면 받는 게 낫지 ㅜㅜ 쏠쏠해,0,B
normal_B_0447,우왕 완전 선선하다 날씨 너무 좋아졌어 키키 응 진짜 너무 좋다 반차 쓰고 놀러 갈까? 나도 딱 그러고 싶은 날씨다 ㅠㅠ 야 우리 가을 소풍 갈래? 경주로? 경주? 좋지 키키 주말에 갈까? 어때? 그래 키키 가볍게 그냥 고속버스 타고 가자 키키 그러자 지금 이 날씨에 경주 가면 진짜 딱일 듯 어 키키 거긴 그늘이 하나도 없어서 가을에나 가야 해 맞아 키키 야 진짜 여름에 완전 땡볕이더라 어어 나도 여름에 갔다가 육수 잔뜩 뽑고 옴 키키 그래 나는 그때 자전거 빌렸다가 열사병 걸릴 뻔함 맞아 진짜 경주는 여름에 완전 죽어 키키 그래 지금이 딱 경주 가서 놀 날씨다 키키 엉 우리 자전거도 빌려서 탈까? 너무 신나 ㅠㅠ 그래 그래 키키 자전거도 빌리고 경주 월드도 가자 1박 해야 되겠다 키키 일단 주말 날씨부터 좀 보자,0,B
normal_B_0448,형부도 군대 갔다 왔댔나 육군이랬나? 응 니네 형부 육군 ㅋ 건장하게 1급; 키키 형부 튼튼해 보옄 키키 형부는 군 생활 어땠대? 그냥 뭐 별거 없었다고는 하는데 생각보다 그렇게 안 맞진 않았나 봐 ㅋ 아 형부는 담배도 안 피고 술도 안마셔서 꽤 버틸 만했나 응 특별히 선임들 중에서도 괴롭히는 사람도 없었구 ㅋ 근데 다시 가라면 안 간대 ㅎ 키키 아니 군대 재입대하라고 해서 재입대하는 사람이 과연 있을까... 체질에 맞는 사람들도 있지 않을까? ㅎ 내 주변엔 아직까지 그런 애들은 없었어... 키키 저번에 한번 니 형부 군대 꿈꿔서 자다 깬 건 봤어 ㅋ 키키 헉! 하고 깨드나 키키 나도 군대 꿈 꾼 적 있는디 키키 니가 무슨 군대 꿈이야 무슨 꿈꿨어 아니 그때 꿈에서 갑자기 여자도 군대 가야 된다고 징용? 암튼 날 끌고 가는 곀 키키 조선 시대야? 키키 무슨 꿈이 그래 몰라... 암튼 막 끌려가던 와중에 헉 하고 깼어 진짜 소리 내면서 키키 잠꼬대도 특이하네 하네 너는 진짜 ㅎ,0,B
normal_B_0449,너 유튜브 좋아해? 잘 봐? 웅 나 맨날 보지 잘 봐! 나 진짜 오랜만에 무도 보고 겁나 웃었잖아! 아 진짜 나 천뚱님 엄청 좋아해 키키 키키 아 천뚱은 그 전참시에 나오지 않아? 웅 맞아 전참시에 나오시는 분 아 맞아 근데 그 분 유튜브 개설했잖아! 웅 맞아 진짜 너무 웃겨 키키 맞아 이번에 업로드 한 거 봤어? 웅 맞아 봤어 누나도 봤어? 키키 어 당연하지 소라무침 국수사리 존맛이었겠다! 진짜 너무 잘 드셔 먹고 싶게 만들어... 키키 맞아 ㅜㅜ 나 소라 안 좋아하는데 진짜 그거 보니까 소라 먹고 싶더라! 진짜 나는 소라 엄청 좋아하는데 ㅠ 키키 아 진짜? 너는 더 먹고 싶었겠다! 웅 나중에 같이 먹자 우리,0,B
normal_B_0450,대리님~ 혹시 결혼기념일 선물 추천할 만한 거 있나요? 오~ 벌써 결혼기념일이야? 얼마 전에 결혼한 거 같은데 네 하하 벌써 1주년이네요. 키키 하... 나도 3년 전에 같은 생각을 했지 키키 오~ 키키 그래서 어떤 선물을 해 주셨나요~? 나는 여자친구일 때와 부부일 땐 뭔가 느낌이 다르더라구 네네 그래서요!? 어떤 선물을 하신 거죠? 그래서~!! 명품 가방... 큰맘 먹구 사 줬다... 키키 역시... 명품 가방...인가요...? 키키 다 필요 없어~ 명품 가방 하나면 모든 게~ 해결돼~ 키키 아니이. 키키 근데 저는 월급을 와이프가 다 관리해요... 하아? 따로 모아 둔 돈이 없어~? 네... 전부... 제 용돈 남은 것도 다 주는 걸요... 아니... 하. 그럼... 선물은 무슨 돈으로 사~? 음... 그래서 일단 추천을 좀 받고... 와이프한테 얘기를 해서... 키키 에라이~ 명품 가방 모을 때까지 용돈 모아서 사 줘. 지금은 늦었다~ 키키,0,B
normal_B_0451,"노래는 OST 노래가 제일 좋은 듯 키키 맞습니다 드라마 보다가 노래에 더 집중할 때도 많아요 키키 키키 가끔 막 따라 부르고 익숙해서 그런가 너무 좋은 듯 네 키키 저도 좋아서 벨소리로 해 놓은 적도 있어요 나는 근데 벨소리 해 놓으면 뭔가 질리더라 키키 저는 괜찮던데요 전화가 더 많이 왔으면 좋겠다 생각했는데 ㅠ 나만 그런 듯 키키 지정해 놓으면 쉽게 질리더라 그럼 지금 기본 벨소리입니까? 지금 폰 샀을 때부터 바꾼 기억이 없다 키키 키키 저는 두 달에 한 번은 바꾸는 거 같습니다 키키 영화 OST로 찾아서 바꾸나? 네 키키 보다가 괜찮으면 메모해 놓고 나중에 들어 보고 바로 바꿉니다 키키 메모까지 할 정도면 진심이네, 네 키키 노래를 워낙 좋아해서요 키키 나는 즐겨 듣는 것만으로 만족할란다. 개인 취향이니까 존중합니다 하하",0,B
normal_B_0452,요즘 옷들 가격에 비해 재질이나 퀄리티가 너무 최악이야 맞아... 점점 물가만 올라가고... 달라지는 건 없고... 내 월급도 그대로고... 키키 옷을 사고 싶어도 재질이 너무 별로라서 옷 살 수가 없어 어떻게 금액이 올랐는데 재질이 안 좋아질 수가 있지? 진짜 이해가 안 되네; 그리고 상의는 요즘 또 왜 이렇게 짧게 나오는지 불편해 ㅠㅠ 마음에 드는 옷이 없어서 사고 싶은 옷은 없고... 입을 옷은 없고; 키키 근데 옷은 필요하고 키키 이제 쇼핑하는 것도 귀찮은데 예전에는 쇼핑 재미 있었는데... 이제는 다 귀찮아; 맞아 키키 이제 그냥 편안한 옷이 최고고 키키 재질 좋으면 오케이고 키키 맞아; 예전에는 디자인을 봤다면... 이제는 실용성... 키키 이 변화는 무엇 때문인가; 키키 실용성이 최고야 키키 이제 나이 들었나 봐 키키 나이 때문인가; 그런 변화면 너무 슬픈데; 키키 보는 눈이 생긴 거일 수도 있어! 키키 보는 눈은 생기고 가격은 오르고 물건은 그대로. 참 어떻게 된 건지... 키키 물건의 질은 하락한 거 같은데 키키 맞아... 거기다가 물가는 계속 오를 거 같은 느낌;,0,B
normal_B_0453,요즘 나는 맛있는 녀석들 같은 먹방 방송 보는 게 넘 재밌어 김준현 하차한다던대 너무 아쉽다 맞아 네 명이서 케미가 너무 좋았는데... 개그맨들 너무 웃겨 뚱뚱이들의 먹방이라니 컨텐츠가 환상적이네 내가 그만큼 먹지를 못 해서 그러니 대리 만족 되는 기분이야 너는 거기 끼면 욕먹을 거야 그 프로그램에 나온 부산 맛집 가 보고 싶당 부산 맛집 좋은 데가 있어? 서면에 장어집이랑 조개집 등등 몇 군데 나온 모양이더라구 장어 구이랑 조개 구이라니 환상적이다 나는 개그맨 중에 이용진 개그맨도 좋아 키키 이용진 잘생기고 위트있지 얼마 전에 신기루라는 개그맨이랑 유튜브 방송하는 거 보고 웃겨 죽을 뻔했어 키키 나도 봤어 아주 욕이 찰지더라 키키 응 키키 이용진은 이진호 개그맨 하고도 캐미가 좋아 키키 이진호도 재밌지 둘이 오래됐다더라,0,B
normal_B_0454,"중국이랑 호주랑 싸우는 거 봤어? 무역 분쟁 일어난 거 말하는 거야? 웅, 그거 왜 그런지는 알아? 아니, 나 잘 몰라 왜 그런 거래? 호주가 미국이랑 친하잖아. 그렇지, 그런데 요즘 더 친해진 거 같더라 웅 호주가 쿼드 모임에도 들어가 있고 그래서 원래 심기 불편해 했었는데 중국이. 웅 그런데 또 뭐가 있어? 미국이 화웨이에 브레이크 걸었잖아. 웅 그건 알고 있어. 거기에 호주가 맞장구를 쳐서 중국이 호주 5G 사업에 참여 할 수 없게 했대. 그런데 그렇게 골이 났구먼. 웅 그랬더니 호주도 화가 나서 코로나19가 중국에서 어떻게 시작한 건지 조사해 봐야 한다고 했대. 그래서 어떻게 됐어? 그래서 이제 또 중국이 경제 쪽으로 압박 가하는 거지. 그래서 또 무역 분쟁이 일어난 거구나?",0,B
normal_B_0455,"여행 갈 때 꼭 챙겨 가는 것이 있어? 약을 꼭 챙겨가고... 묵주? 같은 거를 하고 가. 약간 겁쟁이 스타일 너는? 겁쟁이 아니고 센스쟁이~ ^^ 나도 약이나 밴드 같은 거 챙겨 가고! 사실 평소에 짐이 많아서 특별한 건 없는 거 같아 하하 너 짐 한 보따리지 맞아 알고 있어 키키 모든 걸 가지고 있을 거 같아. 혼자 가는 여행 해봤어? 아니. 평소에 혼자 잘 돌아다니고 타지는 반나절 정도는 혼자 돌아다녀 본 적 있는데 아예 박을 해 보진 않은 거 같아. 언니는? 나도 돌아다니는 건 혼자 잘하는데 어디 가서 자고 그런 건 안 해봤어! 오, 나랑 같구나! 그러면 아예 자고 오는 여행으로 혼자 가 볼 의향은 있어? 응! 나 계획은 많이 세워봤는데 이게 실행이 안 되더라고?... 역시나 겁쟁이... 너는 혼자 가면 역시 제주도로 여행을 가고 싶어? 음, 꼭 제주도 아니어도 일단은 국내로 가 보고 싶어! 해외는 혼자 가 보기엔 약간 무섭고 심심할 거 같아서! 언니는? 역시 겁쟁이는 국내 여행도... 해외 여행은 근데 친구랑 가야 재밌어 해외 여행은 혼자 안 가고 싶어! 맞아! 딱 내 생각이야 ^^ 그러면 여행 가면 꼭 사오는 게 있어? 초코렛이랑 마그네틱을 꼭 사왔던 거 같아! 먹보는 역시 먹을 걸 빠뜨리지 않는 법... 너도 초코렛 정도는 사왔겠지? 그럼 그럼! 그리고 제주도는 오메기떡 필수야! 너무 맛있어 >,< 오메기떡 안 먹어봤어! 오메기떡 맛있어? 팥 있는 건가? 맞아! 안에 팥이 있고 겉에는 통팥으로 감싸져 있어! 난 팥을 좋아해. 언니는? 난 팥은 안 좋아하는데 또 시루떡은 좋아해 비슷한 건가?",0,B
normal_B_0456,나 결혼 두 달 남은 거 실화야? 실화다 언제부터 들어가서 사는 것이냐 추석 끝나고 가구 오면 들어가 살 예정입니다요 둘이 이제 가족이 된다는데 느낌이 어떠하니? 아직 가족 같지 않아서 큰일이야 남이야 그냥 살다 보면 너무 가족 같을 거야 빨리 들어가네 엄마 서운하게 안 서운해하는데 추석에 짐 싸자며 신나셨어 키키 그래도 딸 결혼하는데 속이 시원하신 걸까 키키 그냥 가까운데 간다고 하니까 별 생각 안 들고 요즘 결혼해서 종속되지 않으니까 그냥 자취쯤으로 느껴지나 봐 결혼하는데 자취쯤이라니 엄마가 워나 쿨하셔어 아 너무 웃긴다 키키 응 그냥 빨리 가라고 하고 시집가서 자기 욕 할 거 같다고 걱정해 너가 결혼하면 엄마 욕 할 거 같다고 걱정하신다고 ? 키키 그게 무슨 말이래 응 내 남편이 엄마 흉볼 거 같대 딸이 이 지경이라 아 하하하하하 아 너무 웃겨 너희 신랑이 너 잘못 가르쳤다면서 ? 키키 응 어이없지 자기 욕 먹는 게 젤 걱정이래 키키 결혼하면 너가 딱 잡고 살아야지 뭐 너는 그냥 다 못한다~ 이렇게 해 키키,0,B
normal_B_0457,너는 자취하면 방 어떻게 꾸밀 거야? 요즘 원목 인테리어가 유행이래~ 원목이면 가격이 상당하지 않아? 아 그래? 이케아 같은 곳은 싸던데 키키 이케아에서 벌써 가구 보고 온 거야? 응 거기 쇼룸이 상당히 잘 되어 있더라구 아 그렇구나 쇼룸은 뭐야? 방 인테리어 한 거 전시 보여 주는 거야 나도 이케아 가봤는데 그게 다 쇼룸이었구나! 응 맞아 쇼룸에 있는 대로 가구 주문 가능하더라~ 가구 종류는 뭐 봤어? 나 우선은 옷장이 너무 낡아서 ㅠㅠ 옷장 봤어 그렇구나 가격은 얼마 정도였어? 생각보단 안 비싸더라 한 10만원 대? 원목인데 그 가격이면 사람들이 엄청 사겠는데? 응 맞아 셀프 시공이라 저렴한 것 같아,0,B
normal_B_0458,미운우리새끼 본 적 있어? 어느 방송사 프로그램이니? sbs 방송 예능이야! 누구 나오는 프로그램이니 에피소드가 여러 개 하는 거라 다 달라! 제일 많이 나오시는 분이 누구셔? 이상민 님이 제일 많이 나오셔! 에피소드 여러 개에도 나오는 거야? 응응 80%이상은 계속 나오셔 나혼자산다처럼 거의 혼자 하시는구나 맞아 나혼자산다는 자주 봐? 이번 주에 본방으로 봤어 이번 주 누구 나왔어? 오징어 게임 출연자 외국인 분 나오시더라 외국인 분 혼자 사신대? 한예종 앞에서 혼자 사신대,0,B
normal_B_0459,"요즘에 예능 재밌는 거 없나 ㅜㅜ 티비 볼게 없네 요즘 돌싱글즈랑 환승연애 체인지데이즈가 대세지! 키키 키키 아 그때 얘기 했던 거? 키키 다른 프로그램은 보는 거 없어? 놀면뭐하니도 본당 키키 요즘 정준하 하하 재밌어 키키 아 맞다! 키키 이번에 뭔가 몰래 카메라 형식으로 하는 거 재밌던데 키키 역시 몰래 카메라로 놀리는 맛이 있지 키키 키키 응... 그리고 나도 거기 나오는 맞춤법 은근 헷갈리던데 그러니까 키키 홧병 화병 뭐게? 키키 화병,? 맞아? 키키 금새 금세 이 중에는 뭐가 답이야? 키키 화병 맞당 키키 금새 아녀? 키키 키키 오예 화병 맞았고 키키 금세다! 키키 금시에의 줄인 말 이래 키키 아...틀렸네... 키키 이제까지 금새라고 사용했는데... 큰일이었네... 키키 키키 나도... 나도 진짜 평생을 금새라고 쓴 거 같네? 키키 역시 다 틀리게 살고 있었어 키키 나 한국어 자격증 있는데 키키 키키 아... 선생님... 자격증도 있으신데 어떻게... 금세를 틀려요? 그러니까요... 저 1급 자격증 있어요... 키키",0,B
normal_B_0460,오빠 인생에 강아지는 없는 거니...? 아 나도 정말 키우고 싶어 ㅜ 강아지 없이 진짜 살 수 있는 거니? 일단 부모님 댁에 있으니까... 부모님댁 강아지는 마당에 살잖아... 반려견 느낌 떨어졍 아직은 그걸로 만족하고 있어 조금 걱정돼서 그 모든 걸 강아지가 채워줄껄? 끝까지 책임지는 게 쉬운 일이 아니더라고 ㅜ 그건 맞아 근데 만약에 안락사를 앞둔 강아지를 어쩌다 알았어 그러면? 그럼 좀 고민해봐야지 하하 요즘 너네 강아지는 건강하니? 내가 분양 안 받으면 내일 죽어 음... 극단적이야... 키울게... 키키 엉 우리 집 개벅수는 아주 잘 있어 알러지가 있다고 들었는데 밥은 잘 먹고? 웅 그래서 알러지 사료 먹엉 ㅜㅜ 아이고... 고생이네 나는 이런 게 자신이 없더라 ㅎ,0,B
normal_B_0461,매직킹덤 게임이라고 성 만드는 게임 있어요! 하하 디즈니 그거 게임 하면 여행하고 싶어요 ㅠ 맞아 나도 가끔 물건 정리하면 일본에서 샀던 디즈니 물건들 나오는데... 그거 보면 너무 가고 싶어 ㅠ 언니랑 나랑 일본 디즈니 가면 그냥 몇 날 며칠 있어도 행복해 할 듯 ㅠㅠ 맞아… 일본은 여행 하기에는 참 좋은 나라인데 하하 맛있는 것도 많고 ~ 넌 어디가 제일 좋았어 가본 곳 중에? 하하 저는 몰디브도 좋았고 캐나다 록키랑 이탈리아도 좋았어요 미국도 좋았고 근데 사실 다 좋아서 ㅠㅠ 꼽을 수가 없어요! 다 추억이 한가득! 우와 진짜 많이 갔다~ 몰디브가 진짜 좋다던데~ 몰디브 좋긴 좋았어요! 몰디브가 너무 멀면 사이판도 좋았어요! ㅠㅠ 몰디브에 가서는 뭐 먹었어? 맛있는 거 많을 거 같아 하하 맞아요 막 특산품은 없는데 노는 게 재밌었어요! 여행은 그냥 그곳에 가 있는 자체가 좋은 거 같아 키키 맞아요 가서 좋은 기억을 만들어 오고 하하 안 좋았던 기억도 나중에는 다 추억으로 남더라구요! 맞아 여행에서 배우는 것도 많아서 진짜 시간을 쪼개서라도 가야 하는 거 같아 열심히 돈 모아서 하하 여행 갔다 오고 또 열심히 살게 되는 원동력 같아요! 파리 올림픽 직관을 꿈 꾸고 있어 키키 진짜... 제발... 너무 좋을 것 같아요 ㅠㅠ 힝 생각만 해도 좋다! 낭만의 파리에서 올림픽~ 이렇게 얘기하며 상상 이라도 하니... 좋네...,0,B
normal_B_0462,"나 이번에 내려올 때 기차 탔는데 멀다... 맞아 여기까진 너무 멀긴 하지, 응 맞아 기차도 너무 지루해 ㅠㅠ 맞아 기차 어떤 거 탔는데? 무궁화... 덜컹 거려서 멀미나 키키 무궁화는 여유롭게 가야 돼 오래됐어. 잠도 안 오고 키키 한 시간 넘게 멀미하고 ㅠㅠ 에고 다른 대중교통은 없었어? 버스 있긴 한데 키키 너무 멀리 내려주더라 버스도 편하긴 한데 정류장이 애매해. 그냥 언니한테 데릴러 오라 할걸 키키 그러게 그래서 역시 차가 젤 편해. 언니는 우리 집 올 때 주로 뭐 타? 너네 집 갈 땐 주로 기차 타지! 하긴 우리 집 근처에 기차역 있긴 해 키키 집 주변에 역 있으면 너무 편해",0,B
normal_B_0463,언니는 요새 자격증 공부하는 거 있어요? 키키 아니... 근데 뭘 해야 할지 진짜 고민 중이야 ㅠㅠ 아 정말요? ㅜㅜ 요새 국비 지원으로 뭐 많이 있던데 아 진짜? 함 찾아봐야겠다... 국비 지원해주면 좋지 ㅠㅠ 넵! 저도 내일배움카드 신청해서 지원 받았어요 키키 오 잘했네 키키 그럼 그 캐드? 그것도 지원 받아서 한 거야? 넵! 키키 다행히도 광코에 그 학원이 있어서 가깝게 다녔어요 키키 오 키키 좋네 키키 멀리 안 가도 되구 넵 하하 아주 운 좋게 됐죠 키키 키키 좋다 나도 좀 찾아봐야겠다 ㅠㅠ 지금 계약직이라서 휴 ㅜㅜ 뭐라도 있을 거예요 그래도 요새 뭐 청년 관련된 뭔가 있더라고요 키키 오? 그건 뭐지 키키 뭐 돈 주는 거니? 키키 50만 원씩 돈 주는 것도 있던데 저도 더 알아 봐야 될 것 같아요 키키 오... 어떻게 하면 주는 건지 알게 되면 나한테도 공유 좀 해줄래? 키키 넵! 키키 공유 바로 들어갈게요 키키 키키 좋다 좋아 키키 아주 든든한 아군(?) 이구먼,0,B
normal_B_0464,"오빠 비트코인에 관심 있었어? 어 나 그거 했었어 키키 키키 소름 그러면 그거 알고 있어 시바코인인가? 어 그거 할 때 들어본 거 같기도 하고 키키 어 이거 지금 최고치 경신했대 키키 그거 지금 얼마나 올랐다는데? 어 잠깐만 내가 보고 올게! 어어 지금 한번 보고 와봐 키키 6만 832달러면 우리나라 돈으로 얼마야? 아 그거 계산도 같이 해서 와주면 안되는 거야? 키키 키키 몰라 6만 달러면 일단 7백만 원인가? 그것보다 더 많지 않을까? 그런가 근데 왜 시바코인이 인기인 줄 알아? 그거 갑자기 왜 올랐대 무슨 회사였지... 아니 그냥 시바견 귀엽잖아 이름이 귀여워서, 헐 그게 설마 진짜겠어... 그건 아니겠지...",0,B
normal_B_0465,하 나 살 언제 빼냐 ㅠㅠ 다이어트 넘나 고통스러운 것 ㅠㅠ 다이어트는 진짜 평생의 이루고 싶은 과제일 듯 ㅠㅠ 한 70살쯤 되면 포기가 될까? 하 평생 하면 평생 스트레스 속에 사는 거네 ㅠㅠ 우리 70살 되면 주변 할머니들 다 얇아서 그때도 포기 못 할 수도 있을 듯 아 키키 좀 살집 있으신 할머니들도 많던데 우리 때는 할머니들은 다 날씬하려나? ㅠㅠ 지금 우리 주변에 있는 애들이 같이 할머니가 될 테니께 키키 우리 때는 다 얇지 않겠나 ㅠㅠ 나잇살이 찔 수도 있고... ㅠㅠ 제발 할머니 때는 좀 포기하고 싶은데 키키 나잇살은... 지금도 찌지 않니... ? 나 팔뚝이랑 배랑 살이 쳐지면서 찌는데... 감당이 안 된다 ㅠㅠ 그니까... 이게 계속 찐다는 거잖아 ㅠㅠ 우리뿐만 아니라 다른 사람들도 붙을 거여 ㅠㅠ 찌고 쳐지고 탄력 잃어서 흐물거리고... ㅠㅠ 극혐 ㅠㅠ 다들 살찌는 거 맞나 ㅜㅜ 길거리에 애들 왜케 애비너 내 얼마 전에 시내 나갔는데 거기는 애들 왤케 다 통통하던지 놀랐음 날씬한 애들이 한 명도 없더라고 아 헐? 진짜... ? 내 눈에만 통통한 애들이 안 보이는 건가... 얇은 애들 부러워서 얇은 것만 보고 싶은가 내는 키키 내도 얇은 애들 부러워서 얇은 애들만 보는데 그날은 얇은 애들이 없어서 진짜 안보이더라고 키키 그런 날이었나 봐 키키 키키 휴 슬픈 건 나도 통통한 애들 축에 들어간다는 거야 ㅠㅠ 식단 조절을 해야 빠진다는데 ㅠㅜ 애초에 근데 건강 때문에라도 식단 조절이 필요하긴 한데 ㅠㅠ 넘나 어려운 것 나됴 통통스임 ㅠㅠ 식단 조절도 중요하고 기초대사량 올리는 것도 중요한 듯 ㅠㅠ 기초대사량이 너무 낮아 ㅠ ...기초대사량 올리는 거 진짜 너무 어렵지 않니...? ㅠㅠ 근육을 만들어얀다는데 근육이 생기질 않아...ㅠㅜ 운동 말고도 물 많이 마시면 기초대사량 올라간다는 말이 있더라 ㅠㅠ 물 많이 마시는 거? 근데 또 2리터 이상 마시면 몸에 무리간다며... ㅠㅠ 이놈의 몸은 뭐가 이렇너... 너무 한꺼번에 많이 마시거나 그러면 물 중독증 온다이가 잘 나눠서 섭취해야 하는 듯 글고 우리가 음식 섭취하는 거에서도 수분 섭취를 하니까... 또르륵 진짜 과유불급이라지만 넘나 조절하는 게 어려운 ... 그래도 살은 빼고 싶다.. 천천히 장기간으로 생각하고 살 빼보자ㅠㅠ 단기간에 뺄라면 안될 듯 장기간 축적한 살이라 키키 큐 ㅠㅠ,0,B
normal_B_0466,자격증 같은 거 보유한 거 있어? 자격증은 많이 딴 것 같은데 키키 어릴 때부터... 자격증 때문에 인문계 들어갔어... 커트 라인이었는데 키키 컴퓨터 자격증이 좀 많았구 키키 의외로... 무용 관련 자격증... 키키 나는 자격증 시험 공부하는 거 좀 즐기거든 오 대박... 키키 역시 멋져 언니! 나는 이제 ㅜㅜ 못하겠어 키키 한국사랑 한자 자격증 다 늙어서 취득했잖아 키키 와 대박 키키 한국사도 땄구나 힘들다던데 키키 한자 자격증 이야! 멋져! 요즘은 대학원 진학도 조금 생각 중이야 와 진짜? 우와... 멋지다... 대학원도! 잘 할 수 있을 것 같아 아무래도 학생들 가르치는 일하다 보니 배움에 모자람이 많이 느껴져 진짜 언니는 잘 가르치고 영상 같은 거 보면 너무 멋진 것 같아! 외국어라는 게 해도 해도 끝이 없어 ㅠㅠ 그런 영상은 다 뻥이야 ㅠㅠ 키키 아니야 잘하고 있어! 충분해! 진짜 방탄소년단에 랩몬스터도 매일 영어 공부한대ㅠㅠ 계속 공부해야 되나 봐... 나도 학원에서 가르치지만 정말 잘하는 강사들 보면 대단한 거 같아 키키 진짜... 대단한 거 같애 ㅠㅠ 강사라는 게 계속 공부를 해야 되나 봐... 맞아... 자기 계발도 해야 하고 힘들다 ㅠ 정말... 참 쉬운 게 없구나 ㅠㅠ 계속 공부를 좋아하는 사람들이 할 수 있는 듯,0,B
normal_B_0467,"아직도 보이스피싱 피해 사례가 엄청 난대! 맞아 요즘은 머리도 써서 안 당할 수가 없다고 하더라고 키키 맞아 이번에 어떤 사람이 6일간 5차례나 피해을 입었대 ㅜ 뭐야 한 사람이 한번에 그렇게 당했다는 거야? 어 맞아 근데 이 사람 너무 억울하대 ㅜ 그 정도면 억울한 게 아니라 멍청한 거 같은데?... 키키 모르겠어 이 사람 왜 이렇게 당했는지 알아? 너무 순하다 그분 왜 그렇게 당했는데? 보이스피싱 가해자가 완전 이 사람을 속아 넘어가게 했더라고! 응 맞아 보이스피싱 영화 나온 것도 있던데 봤어? 키키 어? 그거 혹시 김무열이랑 변요한 나오는 영화인가? 응 맞아 그거 보면 진짜 속아서 넘어가게 만들더라고 키키 맞아 ㅜㅜ 그리고 내가 말한 사람은 심지어 가해자로도 입건이 됐어, 헐 그건 너무 심각한 거 같은데... 어쩌려고 그런댜 ㅠㅠ 응 그 보이스피싱 가해자가 이 사람을 배달책으로 썼거든 ㅜ 대박 아무것도 모르는데 ㅠㅠ 많이 억울하겠다 ㅠㅠ",0,B
normal_B_0468,"방탄소년단 노래 10억 뷰 돌파했대 와 대단하다 진짜 완전 글로벌 스타잖아 응 맞아 키키 내 동생은 아미야 허허 그래서 찾아 본 거야? 아니 동생이 찾아서 보라고 보내줬어 키키 동생도 참 키키 귀엽구만 팔불출이네 응 맞아 덕분에 방탄도 알게 되고 키키 동생 아니더라도 알게 되었을 거 같은데 그건 그래 키키 방탄 모르면 간첩 아니냐 맞아 방탄 누구 누구 있는지는 알아? 키키 야 알지 당연히~ 7명 있잖아 오 그럼 이름 대봐 10초 준다 키키 뷔, 지민, 정국,진, 슈가, 제이홉, rm 올 어쩐 일로 너가 연예인을 다 알지? 키키 원시인도 알 정도면 뭐 나도 알지 키키 그건 그래 대 스타니까",0,B
normal_B_0469,요새 미용실을 못 가서 머리 엄청 김 키키 엥 대박 키키 왜 미용실을 못 갔어? 키키 집에서 그냥 머리 올리고 있으니까 이렇게 긴 줄 몰랐음 키키 대단하네? 키키 그래도 친구 결혼식 가기 전에 정리하는 게 낫지 않겠나 시험 치고 바로 자르려고 파마도 좀 하고 키키 올~ 파마~ 키키 기대하겠음 키키 난 파마 계속 해야 함 직모라서 ㅜㅜ 아? 진짜? 근데 왜 직모인데 파마를 해? 직모는 머리 만지기가 너무 힘듬 키키 아... 그럴 수 있겠다 키키 나는 직모였음 좋겠다 ㅠㅠ 휴 직모랑 곱슬이랑 서로 부러워 하더라 키키 키키 맞아 키키 진짜 난 머리숱도 많은데 다들 좋다는데 난 아직까진 모르겠어 키키 나도 머리숱 진짜 많은데 관리 진짜 안 되는데 키키 키키 맞아 진짜 관리도 힘들고 파마 하면 난 항상 해그리드야... 키키 아 진짜 그 모습은 못 본 거 같노 키키 지금 그래... 히피펌 했거든 하하,0,B
normal_B_0470,"우리 언제 신혼 여행 갈 수 있을까? 신혼 여행 휴가 남겨뒀는데 정말 언제 갈 수 있을는지. 자긴 신혼 여행 해외로 갈 수 있다면 어디로 가고 싶어? 난 프랑스 가고 싶어 아니면 그리스,. 가고 싶은 덴 널렸어. ㅋ 전에 해외 여행 갈 땐 어떻게 갔었어? 난 여행사 통해서 여행 상품 골라서 패키지 끼고 갔었어. 그 나라 언어가 안 되니깐 패키지로 가는 게 낫더라구. 패키지면 아예 다 그 일행들하고 움직이는 거야? 개인 시간 없이? 개인 시간 있는 패키지가 있어 . 난 그런 거 있는 걸로 선택했었어. 그래야 우리도 따로 돌아다닐 수 있어서 좋아. 그럼 그 여행 계획은 어떻게 짜고? 내가 짰었지; 네이버 블로그들 열심히 뒤져봐서. 키키 와 해외에서 자유 여행이라니? 난 못했을 것 같아. 여행 장소 뒤지고 후기 어떤지 검색해보고 경로 어떻게 가야 잘 갈 수 있는지 해보고 여행 장소 픽한 곳 길 못 찾으면 어떻게 해? 그땐 짧은 영어로 길 물어보면서 돌아다녔지. 그런 게 다 추억이드라구, 지금 하라면 못할 것 같기두 해. 갔다 온 곳 중에 어디가 기억에 남아? 난 자연 경관 즐길 수 있었던 호주가 제일 기억에 남아~ 정말 드넓고 예뻤던 것 같아. 사람들도 다 여유 있고, 너무 행복했었어~",0,B
normal_B_0471,올 여름은 엄청나게 더웠던 거 같다 내 말이 작년 재작년엔 여름이 왔는 줄도 몰랐는데 아니 여름 좋아하는 나도 사실 힘들고 짜증 났어 너는 더구나 물놀이를 좋아하다 보니 코로나 땜에 많이 못 가서 아쉬웠겠다 내 말이ㅠㅠ 물놀이 못 보내... 여름이 여름 답지 못했어 그래도 태풍이나 그런 천재지변이 많이 없는 건 다행이었어 태풍 조만간 하나 오잖아 무사히 지나가야 할 텐데 나 사는 데가 오래된 아파트라 태풍 오면 후덜덜해 유리창 깨질까 봐 글구 부산에 비 때문에 물난리 났었는데 몰랐어? 어 몰랐네? 많이 온 데는 엄청 많이 왔나 보구나 연산동 쪽에 다 침수됐었어 키키 으아 사람들도 많이 사는 동넨데 난리였겠다 우리 동네도 물난리 나서 하수도 다 넘치고 ㅠㅠ 이 동네는 비 피해가 없어서 다행이야 천재지변은 진짜 무서워 사람은 한낱 약한 존재일 뿐야 ㅠ ㅠ 맞어 다른 나라 지진 나고 허리케인 피해 나는 거 보면 무서워,0,B
normal_B_0472,겟마을 차차차라는 드라마 봐? 키키 김선호 나오는 거? 짤은 많이 봤어 키키 너도 봐? 나는 1화만 봤어 키키 거기 촬영지 포항이더라? 엥? 키키 처음 들어봐 키키 한번 봐야겠다 뭔가 반가울 것 같아 키키 청하랑 구룡표에서 촬영 중이래 키키 키키 청하는 모르겠는데 구룡포는 유명하지 동백꽃도 거기잖아 키키 그니깐 구룡포 완전 핫하네 키키 키키 그니까 나 아직도 못 가 봤잖아 ㅜ 너 가 봤어? 아니 아직 ㅠㅠ 동백꽃이랑 건물 분위기 비슷하더라 ㅠ 맞지 구룡포 이쁘던데 포항은 와 본 적 있어? 응 호미곶 쪽은 몇 번 가 봤어 키키 아 진짜? 호미곶 어때? 키키 거기 유명하잖아 괜찮아 멋있어 키키 다음엔 구룡포 꼭 가고 싶다 ㅜ 나두 ㅠ 구룡포랑 호미곶 가려고 벼르고 있는데 조금 멀어서 못 가고 있었어 많이 멀어? 키키 분위기가 가보고 싶더라 ㅠㅠ 이뻐 ㅠㅠ 한두 시간 정도 걸리는 것 같더라 키키 손바닥 동상 사진 찍으러 가야 하는데 키키,0,B
normal_B_0473,엄마 오늘 점심 같이 먹을까? 이미 점심 먹었어 엥? 벌써? 11시인데? 배고파서 일찍 먹었어 집에 와 점심 차려줄게 아니 맛난 거 먹자 할랬지~ 저녁에 맛있는 거 먹자 그럼 저녁에 아빠한테 사달라고 해야겠다 그래 점심은 집에서 있는 반찬에 먹고 저녁에 맛난 거 먹어 그냥 귀찮아서 집에 안 갈래 그럼 점심 뭐에다 먹게 삼각 김밥 하나로 때우지 뭐~ 김밥나라 가서 김밥이라도 한 줄 먹어 괜찮아~ 저녁을 일찍 먹자 오키~ 저녁에 먹고 싶은 거 생각해둬 오랜만에 족발 시켜 먹을까? 좋지~ 옛날에 너가 시켰던데다가 시켜,0,B
normal_B_0474,아 요새 배에 살이 쪄서 큰일이네... 하하 키키 요즘 운동 못하고 못나가니 더 글체…키키 필라테스도 계속 했으면 좋았을 텐데 그러니까 ㅠㅠ 진짜 홈트로 다이어트 하려고 해도 쉽지 않다 나 홈트로 할려고 유투브로 진짜 틀어서 했었는데 혼자 하니까 마음가짐이 안되더라 맞제 키키 진짜 말이 쉽지 아무리 마음을 먹어도 3일을 안 가더라 키키 뭔가 옆에서 같이 하면 의욕이라도 생기고 하는데 혼자서는 안됨…키키 그러니까 키키 특히 나는 운동 옆에서 안 잡아주면 절대 못하겠더라 키키 그래서 헬스도 혼자 하다가 때려쳤다이가 나는 진짜 코로나 때문에 사람 많은 곳은 무섭고 소규모로 필라테스 알아보는데 너무 비싸더라…ㅜㅜ 맞아 키키 아무래도 훨씬 비싸지 ㅠ 근데 뭔가 필라테스는 다이어트에 크게 효과는 없는 거 같다 키키 그냥 군살 잡아주는 정도? 그래도 니 정도면 살 빼기보단 군살 빼기 정도만 될 것 같은뎈 ㅋ 어어 일단 그래서 엄청 감량하거나 그런 건 목표가 아니고 어느 정도 라인 잡거나 그러기엔 필테가 짱인 거 같다 키키 자세 교정도 되고 키키 맞앜 ㅋ 나도 허리가 많이 틀어져서 필테 알아보고 있는데 진짜 돈이 문제지 뭐... 키키 맞아 키키 나는 어깨가 굽어서 한 번씩 의식적으로 펴주는데도 나도 모르게 굽어 있더라 키키 키키 요즘 거북 목도 조심해야한디 키키 점점 나 숙여지는 게 느껴져 키키 내 말이 키키 일부러라도 자세 바르게 하고 있어야겠다 키키 키키 맞아 필테 못하면 스스로라도 바른 자세 해야 함 키키,0,B
normal_B_0475,이번 주에 남자친구랑 1000일 이당~! 오! 완전 축하! 키키 기념일 날 뭐 안 해? 같이 1박2일로 포항 놀러 가기로 했당 오 예약은 다했어? 가서 어디 가기로 함? 웅 독채 펜션 예약 했지롱~! 펜션 나가는 날 돌아다니게 아 진짜? 키키 좋겠다 내 남친은 어디 있노... 막상 연애 별로 안하고 싶어하면서 키키 그건 맞다 연애 하기 왤케 귀찮노 키키 원래 귀찮음을 넘어서면 사랑이라 그랬다 키키 키키 듣기 싫노 조용히 했으면 좋겠다 왜 부럽냐? 키키 그나저나 오빠가 커플링 준대 헐! 대박이네? 금이가? 키키 18k 아니면 안됨 키키 금이다 너무 행복행! 1000일 맞춰서 준비하는 중이래 와 그거 헤어지면 녹여서 니 악세사리 되는겨? 키키 조용히 안 함? 안 헤어질 꺼임 너무 좋다 부럽네 좀 키키 나는 그냥 반지 생겼으면 좋겠다!,0,B
normal_B_0476,포병이었을 때 귀 안 아팠옹 ㅇㅅㅇ? 보통 포 쏠 때 청력 손상 많이 당하던데 아 키키 우린 포를 쏠 일이 없어 키키 미사일이라 그거 쏘는 모의 훈련만 많이 하고 실제론 안 쏴봤어 쏘면 전쟁이여 키키 키키 아 그런 거야? 키키 아씨 웃기네 아니 어디서 들은 거 같아서 키키 귀 아프다고 키키 포병이지만 포를 안 쏘고 이발만 열심히 한 이발병이군... 응 키키 방공포라 비행기 격추시키는 포라서 키키 육군은 그냥 땅에 떨어뜨리는 포고 키키 아 맞다 공군이지 ㅇㅅㅇ... 아쒸 신기하다 대체로 유니크한 점이 많네 키키 제일 하기 싫었던 훈련 있었어? 음 딱히 키키 그냥 훈련도 뛰놀고 하면 재밌었는데 훈련이 아니라 실전이 걸렸을 때 좀 하기 싫었지 키키 진짜 죽을까 봐 초긍정일세... 실전이 걸린다는 건 어떤거야? 키키 북한 비행기 38선 거의 넘어와서 키키 옛날에 목함지뢰 터지고 그 사건 일어났을 때라 키키 공군 30년 된 간부들도 처음 실무장 해본다고 했었어 간부들도 다리 덜덜덜 떨고 키키 진짜 내가 버튼 하나 누르면 미사일 나가는 거였거든 어어... 오 쩔어 아 그 38선 넘은 게 그때구나 ㅠ0ㅠ 에고 목함지뢰 뉴스에서 진짜 많이 봤는데. 근데 진짜 후달리겠다 버튼 누르면 전쟁 시작 ㅇㅅㅇ... 키키 진짜 키키 그때 난리도 아니었어 한 일주일간 잠도 못 자고 키키 으 그렇겠다 하필 너 군대 있을 때 그랬냐 키키 근데 군대도 주 5일이야? 주말에 쉬나...? 응 주말 쉬긴 하는데 근무가 있으면 못 쉬지 키키 오옹 근무라면 뭐 경비 그런 건가 ㅇㅅㅇ 사무실에서 밤새 대기하고 있는 거징 키키 레이더에 비행기 잡히면 바로 무장하구 아하 오오오 감시! 그런 거군! 일반 육군이랑 달라서 신선하긴 하다 군대 얘기 재밌어... 남일이라서 그런가 키키 아니야 키키 근데 군대 얘기가 재밌을 수밖에 없어 키키 남자들 가두리 시켜 놓고 냅두면 지들끼리 어떻게든 재밌게 놀려고 해서 별의별 에피소드가 많이 생기지 키키,0,B
normal_B_0477,학교 다닐 때 재밌는 추억 있어? 키키 응응! 대학원 와서 동기들이랑 바다 자주 보러 가서 너무 재밌어 키키 아 요즘! 진짜 그건 부럽다 ㅠㅠ 키키 웅웅 재밌지 ㅎ 나중에 돌아보면 너무 그리울 것 같아 너도 추억 있어? 난 고딩 때 키키 반에서 뭐 해 먹고 담요 깔고 누워서 자고 그랬던 게 생각나네 키키 키키 반에서 뭐 해 먹기도 했어? 확실히 여고라 재밌었겠다 ㅜㅜ 응 키키 라면 끓여 먹고 키키 비빔밥 해 먹고 그랬었지 키키 듣기만 해도 너무 재밌다 키키 나는 고딩 때 학예회 준비하던 거 그립다 키키 키키 아 학예회 준비도 했어? 뭐 했었어? 우리 레미제라블 뮤지컬! 동영상 아직도 있어 키키 와 스케일 크네 키키 대박이다 나중에 볼래! 키키 항마력 딸려서 못 봐 ㅜㅜ 나름 잘하긴 했는데 너무 오글거려 키키 키키 맞아 옛날 영상 다시 못 보겠다라 진짜 키키 키키 맞지 키키 나 혼자서 몰래 숨어서 봤잖아 키키 키키 같이 못 봐 오글 키키 그래도 그때가 좋았어 ㅠㅠ 키키 맞아 맞아 그때가 진짜 좋았어 걱정 없이 재밌게 놀았었는데 키키,0,B
normal_B_0478,"오늘 남친이랑 데이트해야 하는데 날씨가 우중충 하네 ㅜ 맞아 이번 주 내내 또 비 온대 하, 진짜 언제까지 비가 오는 거야 ㅜ 이번에는 태풍이 온다고 하더라 헐 가을인데 무슨 태풍이 와? 그러게 키키 태풍이 아직도 있나 봐 소름 키키 헐 나 출근 못하는 거 아니야? 에이 그 정도는 아니지 해안가가 심해 그렇구나 ㅜㅜ 오빠 또 부산 출장 있어? 부산 말고 여수 가는데 큰일이네 오우 여수도 바닷랑 가까운 지역이잖아 맞아 키키 그래서 아마 출장 연기될 듯 오우 그렇게 심하게 온단 말이야? 응 저번에도 제주도에 있을 때 태풍 왔어 헐 키키 그때는 어떻게 했어? 그냥 숙소에서 박혀서 맛있는 거 먹었어",0,B
normal_B_0479,"야 스벅 신 메뉴 진짜 맛있음 키키 왜 뭔데 뭔데? 나도 알려줘 키키 오늘 처음으로 레몬피치에이드 같은 거 먹었는데 짱맛 오... 약간 상큼달콤 하겠네 나도 사 먹을까 응 그리고 안에 젤리 같은 거 들어있어 젤리?! 윽 극혐이다 난 젤리 싫은디... 근데 그 약간 훌렁훌렁 들어가는 느낌이라 괜찮아 약간 곤약젤리 같은 느낌인가? 음, 그거보다 더 수분이 많은 느낌이야 오 그럼 좋지 가격은 얼만데? 톨사이즈 6100원이야 이름 잘못 말했다 피치레몬블렌디드래 응 어플 보니까 있네 이따가 사 먹어야지 여름에 나온 건가 봐 난 왜 이제 알았지? 그러게 왜 이제 알았냐 키키 느려 너 키키 괜춘 오늘부터 줄기차게 마시면 됨 키키 진짜 맛있게 먹었나 보다 키키 난 지겨워서 하나만 못 마셔",0,B
normal_B_0480,작은 엄마는 아이라인 문신한 거야? 응 반영구로 한 건데 지워지는 중~ 아 진짜? 그거 언제한 건데? 1년 전에 한 건데 오래가고 괜찮아 그렇구나 색은 무슨 색으로 한 거야? 검정색이지 키키 눈 커 보이고 괜찮아 키키 맞아 눈 되게 진해 보여서 보기 좋아 응 생얼로 나가도 괜찮아 키키 그거는 어디 가서 했어? 피부과 가서 했어? 아니 그냥 동네 속눈썹 하는 곳~ 아 진짜? 그거 할 때 아프지는 않고? 아프긴 한데 그냥 살짝 따끔거려 나는 아픈 거 싫어해서 못하겠다~ 응 아직은 하지마. 자국 남은 거 안 예뻐 키키 알겠어 문신은 나중에 해야겠다~ 응 나중에 작은 엄마 나이 때 하면 돼~,0,B
normal_B_0481,예전에 캠핑에서 발목을 접질렀었는데 가끔 아파 ㅜ 헐? 대박... 야 그 정도면 병원은 가 봤겠지? 진짜 너무 아파서 다음 날 아침에 바로 한의원 갔다 왔지 ㅜ 뭐래? 그러고 계속 관리 중인 거야? 어휴 언제 그랬대? 원래 2박 계획이였는데 더 못 있고 집으로 왔다 아니가 ㅜㅜ 와... 미친... 어쩌다가 접질렀대 텐트에 걸려서 키키 밤에 키키 안 보여서 키키 와... 혹시 술 한잔했나여? 화장실 갈래다가 골로 갈 뻔했지 뭐에여 키키 키키 대단하시네여? 근데 진짜 조심해야 해 ㅠㅠ 웅 ㅜㅜ 웬만하면 내가 병원을 잘 안 가는데... 진짜 발목이 퉁퉁 붓더라... ㄷㄷ 와 미쳤다... 걍 삐기만 한 거였어? 정형외과는 안 가봐서 사진은 못 찍어 봤지만... 침 맞고 괜찮아졌었어 와... 근데 진짜 무섭다 무서워 퉁퉁 붓다니 근데... 비 오거나 그러면 가끔 시리다? 헐... 미쳤다 ㅠㅠ 근데 그건 늙어서 그런 거 아니야? ^^?,0,B
normal_B_0482,아 너네 집 고양이 몇 살 이랬지? 이제 8년 정도 살았어 키키 오오 그래도 장난감 같은 거 잘 가지고 놀제 키키 응응 근데 확실히 나이가 점점 들어서 그런지 귀찮아하는 경향도 있다 키키 아 진짜가 키키 아니 나 얼마 전에 요 앞에 크게 생긴 반려용품점 구경 갔다가 너네 고양이 것도 샀거든 대박 대박 넌 역시 좋은 친구 ㅜㅜ 어떤 건데? 쥐 모양인데 건전지만 넣으면 지가 알아서 움직이는 그런 거더라 키키 헉 키키 나 그거 살까 말까 고민했던 건데 ㅜㅜ 나중에 우리 집에 놀러 와서 노는 거 봐야지 키키 어어 키키 그래서 내일이나 너네 집 가려고 했었음 키키 진짜 다양하게 많더라 반려용품들 키키 우리 냥이 진짜 좋아하겠다 ㅜㅜ 진짜 그런 거 보면 난리 날껄 키키 그러니까 키키 너네 냥이 도도해서 그거 잘 가지고 노는 거 보면 감동스러울 거 같다 키키 어 키키 평소에는 진짜 막 아는 척도 안하고 그러는데 그런 장난감 보면 난리 남 키키 그러니까 키키 장난감으로라도 환심을 사야 할 거 같다 키키 나한테도 가끔 발로 타타탁 때림 마음에 안 들면 키키 키키 아 나 고양이들 냥냥펀치 때릴 때 진짜 너무 무섭다 키키 니도 저번에 맞았다 아니가 키키 그 조그만 발로 때려도 약간 아프더제 키키,0,B
normal_B_0483,우리 집 강아지 이제 늙어가지고 오늘 비 오니깐 추워하더라 ㅠㅠ 이제 안에서 키워야 하는 거 아님? 키키 안 그래도 털 싹 밀고 들여보내야 하나 고민 중 키키 그래 이제 또 겨울이기도 하고 키키 추워서 아주 오돌오돌 떨더라고 ㅠㅠ 불쌍해 죽겠어 ㅠ 키키 사람도 추운데 오죽하갔어 그 쪼마난 생명체가 ㅠㅠ 들여보내 줘 키키 최근에 아프기도 했다며 키키 그니깐 다들 안 그래도 걱정이긴 한데 털 때매 그러지 뭐 키키 털 날리는 거는 어쩔 수 없는 듯 강아지나 고양이나 키키 키키 그러니깐 키키 검은 옷 입고 나갈 때 돌돌이 하고 나가야 잼 키키 돌돌이 강력한 걸로 써야겠네 키키 요즘 뭐 장갑같이 생긴 거도 나오던데 고양이 털 제거 장난 아님 ㅋ케 고양이 털이 더 강력한가 키키 고양이 털은 박히는 거더만 키키 더 빳빳한가 보네 키키 그래도 키우고 싶다,0,B
normal_B_0484,오늘 백화점 갔는데 트레이닝이 왜 그렇게 보이는지 ㅠ 그거 스우파 때문에 그럼 키키 너 나 아디다스 트레이닝 뭔지 아나? 몰라? 혹시 져지는 아니지? 키키 아니 바지 키키 조거 팬츠 검정색! 몰라 키키 그거 살려고 했어? 내 거 줄 흰색인데 빨파검으로 새로 나왔더라고 오옹 근데 난 흰색이 더 이쁜뎅 그게 사고 싶었는데 에바지? 웅 안 사길 잘 했어 키키 그냥 다른 디자인 살까? 그 어떤...? 디자인? 키키 색만 다른 거 말고! 완전 다른 디자인! 빨파검은 쫌 아니자나 키키 아니 줄만 빨파검이야 이쁘다구 난 필라 께 이쁘더라 스우파 때매 그런가 키키,0,B
normal_B_0485,오늘 가을이 온 것 치고는 아직 덥더라 그래도 바람은 시원해진 듯 맞아 그늘은 짱 시원해 가을 겨울에 바람 많이 불면 치마 입을 때 민망해 맞아 지금 치마 입기 딱 좋은데 날씨가 그니까 치마에 다리 라인 드러나면 민망 그 자체 근데 이러다가 훅 추워지겠지? 왜 난 추운 거 좋아 추우면 껴입음 되자나 난 그래도 봄 가을이 제일 좋아 추우면 나가기 싫어 난 추우면 상쾌해서 더 잘나가 여름엔 약속도 잘 안 잡아 상쾌하다니 너 정말 추위를 즐기는 아이구나 맞아 몸에 열이 많고 땀도 많고 그래서 바람 센 가을 겨울 사랑해 근데 늙으니깐 여름이 싫긴 해 더우면 짜증나 추우면 짜증은 안 나잖아 맞아 이제 강아지들도 겨울옷 장만해야겠어 패딩 집에 있지 않아? 그거 입혀 응 근데 이게 해마다 새로 사야 되겠더라구 빨면 얇아지고 보온 능력 떨어져 아 진짜 ㅠㅠ 또 사줘야겠다 털 있는 애들이 추위도 잘 타냐 왜,0,B
normal_B_0486,"나 대학 다닐 때 친구 남친이 해군이었는데 제복 완전 하얗더라 나도 갑자기 예전 전남친 생각나네 ㅎ... 지금쯤 배 타고 있겠지? 키키 아 맞다 키키 전남친 해군이었지 해군 은근 휴가도 많더라 키키 아 해군 아니였다 그 해양대 다니는,... 나는 키키 잘 기억도 안 나네 ㅎㅋㄱ 후우... 근데 뭔가 나의 로망은 공군이야 젤 멋있어 보여 오호 제복 로망 있었어? 몰랐다 몰랐어 키키 아니 제복 말고 공군은 똑똑해야 들어간다며 그리고 제트기 같은 거 타는 거 존멋 글쿤 멋지넹 키키 주변에 군인이 없어서 더 멋져 보이는 듯 키키 키키 맞아 나도 주변엔 형부밖에 없어서 뭔가 군대 썰 들어 보고파 키키 나중에 형부 만나면 썰 풀어 달라해 공익 말고 현역으로 갔음 한 보따리로 풀어줄 듯 ㅎ 키키 저번에 시골 가서 밥 먹었어야 됐는데 언니가 시골 찝찝하다니까 군대를 안 가봐서 그런다고 군대 보내려고 하던데 키키 내 동생도 군대 안 가도 돼서 안 갔는데 그 시키는 가서 정신 좀 차리면 좋았을 텐디 후우..., 키키 아 맞다 동생 군대 안 갔지 그래도 많이 철 든 것 같던데 평소에 잘 안 마주쳐서 생사 정도 확인하는 사이여서 잘 모르겠어 키키 번호 바꿨는데 저장도 안 함 ㅎ 키키 개웃기네 만약 동생 군대 갔으면 면회 갔을 것 같애? 키키 모르겠어 생각 좀 해봐야 할 듯 키키 어후 생각 잠깐 했는데 꼴 보기 싫어 ㅋ",0,B
normal_B_0487,슬의생도 봐요 조정석 배우 좋아해서 하하 키키 슬의생 좋지 키키 조정석 진짜 웃겨 키키 연기 개잘해 맞죠! 노래도 너무 잘하고 진짜 하하 맞아 키키 이번 주는 결방 됐던데 슬의생 ㅠㅠ 맞아요 ㅜㅜ 일주일에 유일한 낙인데 ㅠㅠ 난 그 정경호 역할! 그 커플 내용이 궁금해 아 맞아요! 전 이어졌으면 좋겠어요 ㅜㅜ 키키 저번 주 너무 짧게 보여줘 가지고 아쉬웠어 글쵸 정말 너무 잘 끊어 키키 키키 탁구 내용은 좀 개뜬금 없었어 글쵸 키키 전 그거 좀 넘기면서 봤어요 키키 키키 너도구나 나도 그냥 넘겼어 키키 넵 키키 이건 뭐지 싶어서 키키 스토리 좀 떨어졌나 봐 시즌3 까지 나온 다는데 그러게요 키키 이제 러브 라인 생성하는 걸로 가지 않을까요? 키키 키키 난 유연석 커플 빼고 괜찮은 거 같아,0,B
normal_B_0488,오빠 운전병 출신이면 뭐 운전했어? 나 그냥 윗사람 택시기사 정도? 키키 어!? 그거 면접 봐야 하는 거 아니야? 아니 꼭 그렇지만은 않더라고? 하하 오빠 간부 운전병 아니었어? 웅 맞아 근데 면접을 보지는 않았어 키키 그래? 내가 알기론 간부 운전병은 면접 본다고 했는데? 그래? 난 그냥 어쩌다가 된 거 같은데 키키 모르겠어~ 그렇구나 군대 짬빱은 어땠어? 음 그냥저냥 그때는 맛있게 먹은 거 같아 키키 오빠도 군데리아 먹어 봤어? 당연하지 그거 우리의 추억이라고 키키 키키 그거 나 딸기잼 발라서 먹고 싶긴 하더라! 그래도 밖에서 먹는 거랑 안에서 먹는 거랑 확실히 달라 키키 그러면 오빠도 롯데리아에서 팔던 군데리아 버거 먹어봤어? 아니 그건 안 먹어 봤어 키키 별로일 거 같아서 하하,0,B
normal_B_0489,인터넷 쇼핑 중독 수준인 듯... 요즘 라이브 쇼핑? 때문에 미친 듯이 구매해 키키 보는 거마다 다 사고 싶냥 키키 진짜 나도 맨날 택배 박스 한 가득이야 키키 키키 택배 박스 뜯을 때 너무 신나지 않아...? 진짜 그 두근거림 택배 오기로 한 거 안 오면 핵우울해 키키 그때만 짜릿행... 실패템 나오면 기분 조짐... 나 얼마 전에 타오바오에서 리빙템 샀는데 핵귀 타오바오? 그거 직구 아냐? 응응 요즘은 직구 어플로 엄청 쉽게 할 수 있어 키키 나 아직 그 레벨까진 아니네 키키 번역도 다 되어 있고 카드로 결제하면 끝! 곰돌이 접시 샀는데 졸귀얌 그건 또 뭔데 ㅠ 나도 구경 가볼까... 응응 나중에 어플 링크 보내줄게 지름신 올걸 키키 배송은 얼마나 걸려? 배송은 까먹고 있어야 해 거의 10일 걸리거든 ㅋ...,0,B
normal_B_0490,건강을 위해서 이제 운동해야 한다 키키 운동해야지 나이도 있으니깐 맞아 ㅜㅜ 너랑 나랑 몇개월 차이 안 나 키키 키키 글네 누나야 빠른이제 엉 키키 휴 그래도 해야 해 영양제만 먹고 누워서 살고 싶네 키키 대단하다 진짜 어떻게 일을 하는 거야? 진짜 키키 돈이 날 움직이고 있다 키키 키키 대단하다 키키 그래도 운동 좀 하자 키키 맞아 생각은 하고 있어 몸이 누워 있을 뿐 키키 키키 몸아 일어나자 일어나서 움직이자 키키 몸이 말을 안 듣네 어휴 이 몸팅이 키키 할 수 있어 일단 집 근처 산책부터 키키 밖은 너무 위험하지 않아? 괜찮아? 키키 키키 괜찮아 밖은 아주 괜찮다구 그래? 갑자기 사고 나면 어떡하지? 키키 키키 네? 그런 생각으로는 못 살아가,0,B
normal_B_0491,한국 웹툰 인기 폭발이네... 한국 웹툰이라함은 외국에서 인기 폭발이란 말이야? 응 해외에서 엄청 날라다녀 키키 신기하다 아 그래? 한국 정서가 외국에도 통하는 건가? 키키 그러게 프랑스에서는 유료결제로 바뀌고도 계속 1등이래 키키 k팝의 영향도 있을라나 아 그래? 신기하다 키키 케이팝 영향 무시 못할 거 같다 키키 한국 인지도나 위상이 많이 올라가니까 응 프랑스 말고 유럽 다른 나라에서도 1등 많아 쩔어 키키 우와 키키 한국 사람인 나도 웹툰 막 많이 보지를 않는데 키키 대단하구만 이거시 케이 힘인가... 국뽕 차오른다... 키키 웹툰 잼쒀 웹툰 전에는 좀 보다가 키키 막 기다려서 보기가 힘들어가지고 안 봤는데 키키 나도 그래서 완결 나거나 많이 진행 된 것만 봄 키키 카카오는 일본에서 1등이네 헐 웹툰은 카카오나 네이버에서 다 해? 그렇지 않나? 유명한 건 다 그거 두 개던데 다른 곳은 보지도 못했고 키키 웹툰 대기업이구만... 그 중에서도 성공하는 작가는 일부겠지 그렇겠지 키키 만화로 일본에서 일등인 거 신기하네... 키키 그러게 키키 원래 만화 강국은 일본인데,0,B
normal_B_0492,언니는 마블 영화 좋아해? 응! 어렵긴 한데 재밌어서 보다 보니까 좋아하게 됐어 오~ 진짜? 키키 나는 이어서 안보고 단편씩 봐서 별로 재미없던데... 뭔가 세계관도 이해 해야 하고 전편에 내용도 기억해야 하고 하면 복잡하지... 그래서 안 좋아하는 사람들도 있더라 응응 그 중 하나가 난가 봐... 키키 근데 나는 그냥 그 한편 한편 재밌게 보긴 해서 그럼 재밌는 거지! 키키 나도 전체를 다 본 건 이닌데 그래도 볼 때마다 재밌었어 그런 건가?! 키키 그리고 저번에 언니가 어느 정도 설명 해줘서 그런지 나쁘지 않다 생각해 키키 나중에 하나씩 순서대로 봐 바~ 응응 그래야겠다 키키 마동석 나오는 마블은 언제 나올란가... 그러게! 그거 궁금하더라! 언제 개봉 하려나... 오~! 방금 검색 해봤는데 올해 11월에 개봉한대~! 다 찍었나 봐! 오오 얼마 안 남았네! 영화 보다가 되게 반가울 거 같아 그러니까! 그건 꼭 봐야 해! 키키 벌써부터 기대 된다~ 얼른 나오면 좋겠어! 응응 영화 나오면 같이 보러 가자~! 좋아 개봉하면 바로 보러 가자!,0,B
normal_B_0493,"언니~ 이사는 잘했어? 응 키키 이사 진짜 힘드네 ㅜ 그치 하하 세상 쉬운 거 없어, 하... 이제 짐 정리해야 하는데 막막하다 짐 정리 원래 이사 다시 나가는 날 끝나는 거 아니냐고 키키 맞아 키키 인테리어도 예쁘게 하고 싶었는데 ㅜㅠ 하면 되지! 오늘의 집 똑같이 하면 됨 키키 야 그거 보다 보면 다 사고 싶어서 안 돼 키키 그런 의미에서 뭐가 젤 필요해? 왜? 선물해주게? 웅 이사 기념 선물! 뭐야 키키 됐어 다 있어 아까는 다 사고 싶어서 안 된다며 키키 그건 그런데 키키 그럼 하나만 골라 볼까? 찾아보고 나한테 알려줘~ 웅 고마워! 나중에 집들이 하자!",0,B
normal_B_0494,요즘 자꾸 어질어질 해서 영양제 먹어야 할 거 같어 자기는 빈혈이 심해서 조심해야 해 빈혈이랑 저혈압 때문이야 ㅠㅠ 비타민D 필수로 먹잖아 이번에 티비 광고에 고단위 영양소 비타민제 나왔던데? 안 그래도 나도 그거 봤어 우리도 그거 사볼까? 좋아 이번에 재난 지원금 들어온 거 약국도 사용 가능하잖아? 맞어 근데 그거 남자 꺼 여자 꺼 따로 있는 거 같던데 이런 그럼 2개나 사야겠는데? 그럼 좀 가격이 부담스러울 듯 그지 차라리 다른 영양제를 조금 더 사는 게 좋을 거 같아 루테인 우리 안 먹어 봤잖아? 먹어볼까? 그거 먹으면 눈 건강에 좋다던거? 좋아! 비타민이랑 같이 먹어도 될라나 모르겠네 같이 먹어도 될 껄? 오늘 약국 가서 한번 물어보자 응응 우리 집 앞 약국으로 갈 거지? 응 가까운 데가 좋지 않을까? 차 타고 가기 너무 귀찮아 그럼 퇴근하고 주차해 놓고 사부작 걸어서 가자,0,B
normal_B_0495,이번 주말에 싱크홀 보러 갈까 싶은 뒤... 아 그 영화 아직 상영 중? 그거 재밌어 보이더라? 이광수 나오잖아 키키 웃길 듯 키키 예고만 봤는데 완전 재밌어 보였어 어디 진주로 나가서 보려고? 키키 아니 삼천포 거기 가고 싶당 오랜만에 하하 아 거기 좋지 키키 근데 비싸지 않아? 거긴 뭔가 데이트 느낌 나거든요! 거기 바다가 예쁜데 하하 비슷할 껄? 거긴 근데 의자가 좀 불편행 리클라이너 아니었어? 응 근데 옛날 거라서 엄청 편하진 않아 아 그런 게 또 차이가 있구나 몰랐어 키키 키키 아님 혁신에 새로 생긴 거기? 거기가 나는 좋더라 키키,0,B
normal_B_0496,너 저번에 전기장판 산다고 했지 않아? 응 우리 집이 좀 춥잖아 ㅜㅜ 날씨 시원해지니까 밤에 금방 춥더라고 벌써? 난 아직 창문 열고 자는데 키키 집 앞에 산 있고 그래서 금방 추워져 키키 아 맞아 너네는 앞에 산이고 해서 공기가 차가워 근데 전기장판 할지 온수매트 쓸지 모르겠네 ㅜㅜ 키키 넌 뭐 씀? 난 전기장판 키키 근데 전기장판은 전자파 나와서 온수매트가 좋다던데 근데 요즘은 전자파 차단 다 되고 심지어 세탁기 돌릴 수도 있더라고 그거 다 뻥일 거 같은데... 키키 뭐 사고 싶은 거 찾아봤어? 응 찾아봤지 키키 자주 세탁하는 건 안 되는데 그래도 세탁이 된다니깐 사고 싶더라 키키 근데 세탁하면 안에 물 흐르는 부분 괜찮은 건가? 거기를 다 방수되게 했나 봄 키키 그래도 뭐 옷 빨듯이 맨날 빨면 안 되게찌 키키 안 돼 안 돼 그러다가 고장 남 암튼 키키 더 추워지기 전에 얼른 사야겠다 키키 나도 같이 찾아봐 줄게 키키 응 같이 찾아보자 키키 땡큐!,0,B
normal_B_0497,인테리어 제품은 내 돈으로 사기엔 좀 아까운 것 같아 인정 보면 정말 이쁜데 내가 사기엔 아까워 넌 뭐 갖고 싶은 제품 있어? 필요 없는 데 갖고 싶은 게 있긴 해 키키 뭔데 그래 장식품이야? 비슷함 키키 왜냐면 무드등이거든 헐 그럼 저번에 준다 했을 때 받지! 그치만 이건 선물로 받기에도 뭔가 아까운 것 같아! 아나 키키 무드등 말고는 뭐 없어? 패브릭 포스터! 이건 별 생각 없다가 맘에 드는 디자인 있어서 갖고 싶어 졌어 오옹 맞아 패브릭 포스터 있으면 약간 카페 분위기 나잖아 그치 키키 나는 파도 무늬 있는 거 같고 싶어 정말 바다 러버네 아주 하핫 바다를 너무 못 갔으니 포스터로 대리 만족 하는 거지! 그래그래 이거는 생일 되면 선물로 골라도 되겠다 그치 나도 그래서 그거 고려 중이야,0,B
normal_B_0498,오빠는 요즘에 화장품 뭐 써? 음 화장품? 남자는 그냥 스킨로션이 끝인데...? 심지어 우리 아빠는 올인원을 쓰고 있지! 앜 키키 사실 나도 올인원 쓰는 중 키키 키키 근데 올인원은 화장품 냄새가 다 똑같은 거 같음! 맞엌 키키 약간 남자 냄새 키키 근데 화장품은 여자친구 만날 때만 쓰는 거 같애 키키 헐 안 돼 썬크림까지는 발라줘야 한다고! 그러니깐 바르기 귀찮은데 여자친구가 자꾸 바르라고 하니깐 여자친구 만나게 되면 하고 싶지 않은 화장도 해야 하는 느낌... 내 남사친은 비비까지 발라 키키 헐 키키 비비는 남자의 자존심인데! 그거를... 안돼! 걔는 심지어 눈썹 정리도 하고 틴트도 발름! 헐 키키 미용에 관심이 많으신 건가 아니면 니가 시키는 거야 키키? 키키 아니야 걔는 원래부터 그랬어! 음 미용에 그냥 관심이 많으신가 보네 신기하다 키키 응 나보다 화장품이 더 많음! 헐 키키 남자가 그러기가 쉽지 않은데 엄청나시네 키키,0,B
normal_B_0499,건강 때문에 그런 거죠? ㅠㅠ 뭐가 젤 먹고 싶어요? 못 먹는 거랑 먹어도 되는 것 두 가지요! 난 사실 가리는 거 잘 없어서 다 좋아하긴 하는데! 너가 먹태 얘기해서 먹태 일 위 되고 키키 면을 좋아해서 면이면 다 좋을 거 같은데! 키키 하하 병원에서 먹지 말라고 한 건 어떤 것들이에요 ㅠㅠ? 아이스크림 밀가루... 과자 이런 것들 ㅠㅠ 탄수화물도 적게! ㅠ 키키 살라는 건지 말라는 건지~ 키키 살라는 건지 말라는 건지 나의 행복을 앗아 가겠단 말이네요? 키키 ㅠㅠ 너가 먹었다는 이야기로 대리 만족이 돼 키키 하하 면 좋아하는구나 면 종류 어떤 거 좋아해요? 쌀국수! 파스타! 나는 좀 단순한 맛 좋아해서~ 파스타는 알리오 좋아해 조개 많이 들어가게 해서~ 키키 하하 오 너무 좋죠 ㅠㅠ 봉골레 하나~ 저는 멕시칸 음식 좋아해요 하하 멕시칸 음식? 잘하는 곳 알아? 잘 먹어 보진 못 했어 저는 쿠차라랑 할랄 가이즈 좋아해요 ! 오호! 찾아봐야지 그런 거 좋아하는지 몰랐네? 난 지금 일어나서 폼 롤러로 스트레칭 하고 있어 이거 하면 그래도 몸이 좀 이완되고 좋은 거 같아! 너도 이거 있어? 하하 폼 롤러 있어요 저 너무 좋아해요 시원해서 ㅠㅠ 나도 몸이 잘 붓는 스타일이라서 이거 매일 하는데 좋은 거 같아 디스크에도 좋다고 하더라! 저 디스크 있어서 ㅠㅠ 좋대요? 한번 자세 찾아봐야겠네요! 아 그래? 응 엄청 좋대! 매일 매일 해 줘! 확실히 좀 다른 거 같아,0,B
normal_B_0500,너 학생 때 오락실도 많이 갔었지? 웅 나 맨날 갔지 키키 키키 너도 거기 싸커킥이라는 거 잘 찼음? 다 해봤지 가서 펌프 하는 거 좋아했어 키키 펌프? 그거 춤추는 건가? 발로 하는 거 있잖아 뛰는 거 맞아 키키 너 그거 고인물 동영상 봄? 아니 그게 머야 못 봤어 키키 와 유튜브 쳐서 그거 봐봐 진짜 대박임 아 진짜 궁금하다 봐야겠다 키키 아니 나는 그 화살표가 어디 방향으로 가는지도 모르겠는데 그걸 다 맞추더라! 아 진짜 대박인데 키키 나도 할 수 있어 아니 너 보면 못한다고 그럴 걸? 아 진짜 멘붕 올라나 하고 싶다 키키 진짜 발이 아예 안 보일 정도야! 아 나도 그렇게 하고 싶다,0,B
normal_B_0501,넌 세상에서 제일 좋아하는 음식이 뭐야 키키 나는 삼겹살 키키 죽기 전에 먹을 꺼야 키키 오 나도 삼겹살 엄청 좋아해 키키 오늘도 먹었다! 키키 오 나돈데 키키 친구 집에서 먹고 오는 길이야 오 진짜로? 키키 집에서 먹으면 기름 많이 튀지 않아? 키키 맞아 키키 바닥이 그냥 기름이었어... 앗... ㅜㅜ 그래서 나는 집에선 못 먹겠던데 ㅜㅜ 키키 하지만 오늘은 우리 집이 아니라서 맛나게 먹고 왔어 키키 신문지는 혹시 깔고 먹었니 키키 키키 그럼 키키 하지만 그 외에 바닥에도 난리... 아... ㅜㅜ 삼겹살은 그냥 외식으로 먹는 걸로 하자 키키 키키 맞아 ㅠㅠ 그럼 언니도 삼겹살이 최애야? 나는 라면이 최애 음식이야 키키 라면만 평생 먹어도 됨 와... 아니 그럼 무슨 라면이 젤 좋아? 음... 안성탕면이 제일 좋은가... 키키 아마도 그럴걸? 오... 강호동이랑 같네? 이유는요? 키키,0,B
normal_B_0502,우리 캠핑장 가는 곳 어디더라 몰라 부여에 있는 곳이라고 하던데? 부여에 캠핑장도 있었구나 이제 알았어 논산이 부여랑 가깝잖아~ 개 꿀이지! 삼 십분 거리였나 키키 근데 캠핑 짐이 엄청 나대 키키 알아 내 차 안에도 짐들 가득 싣는다고 하더라~ 나보고 전날에 미리 와서 같이 정리하재 키키 오 좋은 생각이야 잘 정리하고 있어~ 나 벌써 너무 힘든데? 우리가 정확하게 언제 가기로 했지? 시월 마지막 주 주말에 왜 벌써 기대돼? 우리 회비는 얼마라고 했지? 10만 원? 웅 아마 키키 식비만 드는 거 같아 근데 식비가 10만 원인 거 실화야? 가서 키키 계속 먹고 싸고 놀아야지 먹겠네 이게 진짜 토마토지!,0,B
normal_B_0503,진짜 뜬금없긴 한데 너 UFO믿어...? 응 나 믿어 진짜 외계인은 있다! ^ㅅ^ 나두... 키키 왜 보통 해외에서 UFO 자주 발견되잖아. 난 그 FBI 기밀문서에 기록됐다 어쨌다 하는 그런 음모론이 너무 좋아 짜릿해... 맞아! 나도 그거 몇 번 봤어 해마다 알고리즘으로 보는 것 같아 키키 근데 보면 진짜 너무 주작같은 것도 있는데 아니 이건 진짜 찐이다 싶은 것도 있고 키키 그리고 버뮤다 삼각지대썰 이런 것도 흥미로와...! 맞아 근데 버뮤다는 과학적으로 밝혀져서 좀 덜 신비로운대 요즘 안 그래도 미스테리나 외계인 미확인 생물체 이런 거 많이 보는데 키키 옹 진짜? 왜 뭘로 밝혀졌대 나 몰랐어 ㅇㅅㅇ! 그거 그쪽이 전자기장이 센 지역이라 나침반이 지 멋대로 가르친대 아... 아아... ㅇㅅㅇ 진짜 별거 아니네... 예전에 본 무슨 미스테리한 썰이었는데 외국에서 항해하다가 돌아온 배 발견했더니 사람들 단체로 죽어 있었다 그랬나 아 맞아 키키 다 사라져 있는 거 아니야? 죽은 건 뭐 그럴 수 있지 키키 식량 없우면 아 다 사라져있었나 키키 가물가물해 암튼 뭔가 단체로 어떻게 됐었어 키키 맞나 보다 단체 실종 키키 너도 이런 거 좋아하는구나? 응 서프라이즈 광팬 어릴 때 무조건 아침 11시에 서프라이즈 보러 갔어 키키 10시였나 키키 응 일요일 아침 11시 ^^ 12시에는 전국노래자랑... 키키 그래서 한동안 맨날 막 미스테리써클 찾아보고 세계 7대 불가사의 찾아보고 난리 부르스였어 키키 아 키키 난 지금도 랩틸리언 영상 보고 있어 전세계적으로 영향력을 펼치고 있다는 놈들 앗 나는 프리메이슨 일루미나티 키키 랩틸리언은 처음 들어보네 나도 이따가 봐야지 키키 오늘 일찍 자기 글렀네 ㅎ 랩티리언들이 일루미나티를 이루고 있는 놈들이라고 하더라고 외계인 놈들,0,B
normal_B_0504,"오빠는 충치 많이 생기는 편임? 어릴 때 많이 생겼는데 키키 지금은 아니야 다행이네 키키 나도 이제는 안 생기더라! 이게 성인 되면 충치가 잘 안 생긴대 키키 맞아 나 그래서 지금 유지 중인데 치과 갈 일이 생김! 치과 아픈데 신경 치료도 해야 되는 거임? 아니 나 금니 씌운 거 빠져서! 아 그럼 그거 새로 해야지 ㅠㅠ 어 맞아 근데 이것만 25만 원이야 장난하냐, 저렴한 거 아니야? 30만 원 그냥 넘지 않아? 아니 금으로 다시 떼우는 거 말고 그냥 일반으로 할 건데 차이 얼마 안 나는데 튼튼하게 금으로 해 키키 키키 아니야 웃을 때 보이는 자리여서 그냥 하얀 거 하려고 ^^ 아 그럼 금으로 들어갈 수 없지 키키 키키 그니까 흰색인데 25만 원 개꿀~ 그럼 그럼 요즘 차이도 없다던데 거기 저렴하네~",0,B
normal_B_0505,너 예전에 군인 되고 싶어하지 않았나? 키키 헐 맞다 키키 기억하고 있네? 키키 대박 키키 그래... 키키 근데 니는 참 군인이 잘 어울린다 생각함 응응 나도 군인 했으면 나라를 위해 열심히 했을 거 같아 키키 키키 응 니는 딱 성격이나 그런게 FM이라서... 키키 음... 칭찬이니 욕이니? 키키 칭찬으로 들을게... 키키 당연히 칭찬이지 키키 넌 뭔가 딱 정해져 있고 규칙 있는 걸 좋아하더라고 응응 맞아... 키키 계획이 틀어지는 것도 너무 싫어하고 변화도 싫어함 아... 근데 변화를 싫어하는 거는... 안 되는데 키키 요즘 군대 말 많잖아 변화해야 함 아 당연히! 부조리나 이런 거는 난 바꾸려고 노력했을걸? 응... 키키 넌 끝까지 따졌을 거 같긴 해... 키키 하... 키키 자꾸 칭찬인지 뭔지 헷갈리는 말을 많이 한다? 키키 키키 니 덕분에 나도 손해 안보고 잘 넘어간 게 많으니까 고맙단 소리지 키키 그래... 키키 근데 내가 군인 됐으면 우리 못 만났을걸 키키 아니다 키키 사람 인연은 어떻게 될지 모르는 거다 키키 키키 그래... 키키 인연이었으면 어떻게든 친구가 됐겠지 키키,0,B
normal_B_0506,언니는 눈사람 만드는 거 좋아해? 웅 좋아해 눈오는것도 좋아하고 키키 맞아 눈 오는 날 따뜻한 곳에서 귤까먹는 게 최고지! 맞아 눈오는날 귤까먹기 최고인듯 키키 맞아 귤은 손이 노래질 때까지 먹어야 해! 맞아 진짜 손이 노래져 나도 키키 근데 진짜 귤 많이 먹으면 몸 전체가 노래지는 거 알아? 아 그래? 몸이 전체가 노래져? 와 어 맞아 그게 과학적으로 일리가 있는 내용이래! 아 정말? 오늘 처음알았어 키키 키키 나도 최근에 알았음 요즘에 추우니까 귤 먹고싶다! 엄마 아빠한테 말해줘야겠다 키키 노래진다고 나도 먹고싶다 키키 얘기해 드려 키키 나는 앉은자리에서 귤 한박스 다 먹을 수 있어! 나는 먹을수 있을거 같아 키키 나중에 우리 귤 한박스 사서 같이 먹자! 나중에 사서 나눠먹자 좋다,0,B
normal_B_0507,나 키우고 싶은 동물 생겼어 헐 너 강아지 별로 안 좋아하잖아! 그래서 강아지는 아니지 그럼 뭘까? 헐 그러면 이쁜 고양이~? 아니 아니 고양이도 아니야 그럼 뭘까? 그러면 혹시 햄스터 아니야~? 아니 아니 근데 비슷했어 헐 그러면 나 알 것 같아! 뭔데 맞춰 봐 키키 뭘까요? 근데 너 그거 알아? 뭘 알아 뭔데 또 뭔 소리 할라고 걔 냄새 심한 거 키키 너 무슨 동물인지 알고 말하는 거야? 응? 기니피그 아니야~? 맞지~? 헐 소름 돋았어 어떻게 알았냐? 다 아는 수가 있지~,0,B
normal_B_0508,등산은 좀 즐기는 편임? 키키 나는 좋아하는 편이야 올 키키 나는 극혐 키키 너무 힘들어 왜? 숨은 차지만 정상에 올라가면 엄청 뿌듯하지 않나? 어릴 때는 그랬는데 이제는 너무 힘들어 정상까지 못 가겠어 키키 오 그렇다면 또 뿌듯함이 없으니 힘들긴 하겠다 옹 키키 그래도 대학생 때 한라산도 등반했는데 오 대박 키키 한라산 힘들었던 것 같은데 진짜 힘듬 키키 그런데 진짜 아직도 기억에 남는다 힘든 만큼 기억에 남지 키키 뿌듯하기도 했제? 옹 진짜 뿌듯함 키키 또 언제 해보겠어 맞다 키키 그런 거 보면 젊을 때 많은 걸 해야 해 맞아 키키 이제 힘들어서 뭘 하기도 싫네 키키 아니 그러면 나이 들면 얼마나 힘들까? 그러니까 지금도 이 정도인데 키키 그니깐 진짜... 이래서 다들 나이 들기 싫어하는 건가,0,B
normal_B_0509,가을 오나 싶었더니만 한 주 내내 비만 오네 지금도 날씨 흐리고 비 와서 그런가 좀 습하더라 키키 밖에 완전 습했음 키키 진짜 비 오는 날 나가는 거 최악 키키 비 오는 날엔 무조건 집에 있어야지 키키 하필 비 오는 날에만 스케쥴이 있어 가지고 어떻게 약속이 그렇게 잡혔냐 그러니까 내 말이 키키 진짜 키키 아놔 이제 비 그만 왔으면 좋겠다 키키 올만치 내렸지 이제 키키 원래 9월에 장마가 오는 건가 몰라 아직 여름 다 안 지나갔으니까 여름 다 지나간 줄 알았네 좀 서늘해져 가지고 이제 가을 금방인 거 같은데 나 가을 하늘 진짜 너무 좋아 천고마비의 계절 가을 하늘이 높고 이쁘지 키키 뭘 좀 아네 키키 가을 하늘 진짜 사랑함 키키 겨울 하늘도 좋음 그냥 하늘 다 좋아하는 거 아니가 키키,0,B
normal_B_0510,요새 주루마블 이런 것도 있던데 해봤어용? 키키 키키 아니 키키 근데 그 전부터 유행이지 않았어? 맞아요 키키 예전에 제가 만들어서 놀았는데 요새는 더 잘 나왔더라고용 키키 키키 오 대박적 키키 만들어서 놀았다고? 넵 키키 달력에 뒤에 그려 가지고 키키 폭탄주 먹이고 난리 났어요 키키 키키 대단하네 키키 니는 진짜... 정말 멋져... 키키 다음에 제 친구들과 하는 송년회에 오시겠어요? 키키 아니여...? 저는 갔다가는 죽을 수도 있겠는데여? 키키 언니 술 잘 드시잖아용 키키 아니야... 이제 늙어서 안 돼... 키키 오잉 예전에 알던 언니가 아닌데용? 키키 키키 그럼... 나는 아주 이제 안 돼 키키 키키 ㅜㅜ 아쉽 키키 어릴 때 우리 집에서 게임하고 놀았던 거 기억나용? 키키 엥 진짜? 언제 그랬지? 키키 기억이 안 나... 크리스마스인가 누구 생일인가 왔었는데 ㅜㅜ 키키 그때 술을 마셨어?,0,B
normal_B_0511,"작은엄마는 우리 공주 가족여행 갔을 때 재밌게 놀았어? 그럼~ 별빛 축제가 좋더라 볼거 많고 맞아 장승에다가 네온싸인 오지게 밝게 해 놨잖아 그러게 사진도 많이 찍었지 키키 그게 벌써 몇 년 전이지,? 다음엔 다른 곳으로 여행 안 가나? 가지 않을까? 우리 이제 백신 다 맞으면!? 그치 너는 어디로 가고 싶은데? 나는 어디든 상관 없어 우리 회비 걷고 있지 않아? 응 어른들끼리 걷고 있지 나중에 해외 간대 어 지금 그거 걷은 지 얼마나 됐지? 글쎄 꽤 오래된 것 같은데? 거기에 나도 껴서 해외여행 가고 싶다! 너는 일단 백신부터 맞아야지 키키 나 1월에 모더나 맞을 거야~ 모더나 맞는 게 좋다고 하더라",0,B
normal_B_0512,요즘 아기들은 게임처럼 공부하는 게 많은 것 같아요 키키 맞아 키키 코딩을 게임처럼 배운다며? 그러니까요 하하 진짜 요즘 얘들 크면 어떻게 될까요 키키 우리 때보다 훨씬 창의적으로 자랄 거 같아 정말 더 대단한 인재가 될 것 같아요 키키 맞아 키키 애들 배우는 거 보면 나도 그렇게 한 번 배워보고 싶더라 키키 정말 저는 어릴 때 컴퓨터 켜는 법부터 배웠는데 하하 아 진짜? 키키 컴퓨터 배울 때 신기한 게 진짜 많았는데 신세계였어 맞아요 하하 초등학교 때 워드도 배우고 맞아 키키 확실히 어릴 때 배우는 게 흡수력도 빠르고 재미있었던 거 같아 맞아요 하하 그런데 지금은 기억나는 게 없어요 하하 키키 맞아 어릴 때로 돌아간다면 뭘 가장 배우고 싶어? 지금은 딱히 뭐 배우고 싶은 건 없어요 키키 키키 취미 생활로 배우고 싶은 악기라던가 키키 악기도 딱히 키키 그냥 뭐 안 배우고 싶어요 키키 가만히 있기 키키 때론 가만히 있는 것도 좋지 키키,0,B
normal_B_0513,겨울이 좋아 여름이 좋아 골라봐 봄과 가을이 좋아 언니는? 아니 나도 가을 좋지만 ^^ 더운 게 좋은지 추운 게 좋은지 물어보려고 한 거라서 키키 키키 겨울이 좋아! 겨울에 스키장 있잖아! 난 여름이 더 좋아 키키 추우면 몸이 쪼그라들어 아침에 일어나기도 힘들고 키키 아 맞아 겨울에 진짜 일어나기 힘들긴 하지 ㅜㅜ 나도 원래 여름 좋아했는데 좀 바뀐 것 같아 키키 요새 너무 더워! 그거 왜 그런 줄 아나? 왜 왜 왜 왜 왜? 나이가 들수록 나이 들어서 그래 언니 나한테 왜 그래? 아니 키키 진짜로 니도 조심해야 해 훅 간다 키키 휴 안 그래도 헬스 배워볼까 생각중 지금 날씨에 하면 다이어트는 직빵이겠다 니가 다이어트 할게 뭐가 있어? 니 때문에 더운데 더 덥네 갑자기 아니 더워서 살이 강제로 빠질 것 같다구 나는 근력 키우는 운동할듯! 아 근력 중요하지 바로 등록 하러 가자 키키 오키 헬스 입문 고고,0,B
normal_B_0514,가을 되니까 쇼핑몰에 신상 예쁜 거 엄청 많더라 진짜 가을 옷도 사고 싶다 키키 긴팔 원피스 키키 원피스도 예쁜 거 투성이 ㅠㅠ 장바구니 넘친다 으아 키키 진짜... 나도 요즘 옷 보고 있는데 키키 나는 요즘 메이빈스랑 메이메이라는 쇼핑몰에 꽂혀있어 오오 들어봤어 키키 거기도 예쁜 거 많더라구 키키 메이메이는 오프라인 숍이 서면에 있더라? 와 진짜? 그렇구나 키키 다음에 한번 가봐야겠네 보세 치고는 가격대가 좀 있는데 유니크하고 예뻐 아 그렇구나 키키 진짜 원피스 같은 건 인터넷으로 사기 좋아 키키 나는 요즘 백화점에서 보고 인터넷으로 검색해서 사 키키 키키 오호 그렇구나 맞아 인터넷이 할인도 많이 되고 편해 키키 맞지 키키 인터넷 쇼핑몰이 훨씬 싼 거 같아 키키 왜 그렇지 진짜 구매하기도 편하고 키키 앉아서 보고 있으면 아이쇼핑만 해도 시간 잘 가 키키 맞아 키키 주머니는 탕진되지만 키키 키키 진짜... 나도 제주도에서 입을 옷 보는데 있는 거 입을지... 고민 중 키키,0,B
normal_B_0515,카카오 게임즈 오딘이 모바일 게임 1위래 키키 앎? 아 진짜? 오딘 광고는 엄청 봤어 옹 키키 난 첨 알았어 키키 이제 모바일 게임이 막 뚫고 올라가네 나도 그거 보고 오딘 한번 해볼까 싶었는데 오픈했나 보넹 키키 오 관심이 있었구만 키키 해 봐봐 2달 째 1위래 근데 또 현질 유도할게 뻔해서 하기 싫기도 하고 그렇네 키키 아? 그래서 매출 1위인가? 현질인가 봐! 키키 응 그러니까 매출 1위겠지 키키 현질 하는 사람들이 많나 보다 와 대박 키키 이제 알았네 키키 그런갑다 키키 키키 그런 거에 되게 진심인 사람들이 은근히 많아 키키 정말 게임에 돈 쓰는 사람 많더라 그러니까 게임 회사가 돈 벌겠지 키키 응 키키 요새는 또 코로나 때문에 매출 더 많을 거 같은데 아니려나 아 그럴 수도? 키키 다들 안 나가고 게임 하고 있고 응 진짜 모바일 게임 하나씩은 다들 하고 있으니까 조금만 잘 만들면 돈 많이 벌 거 같아 맞아 진짜 키키 그런 과도 요새 엄청 뜨더라 그런 거 하나 잘 만들어서 광고로도 먹고 살 수 있으니까 키키,0,B
normal_B_0516,나 요즘 얼굴에 여드름이 너무 많이 나는데 혹시 여드름 없애는 방법 같은 거 알고 있어? 나는 여드름은 안나서 잘 모르겠는데 피부과 가서 진료 받고 약 먹으면 금방 낫는다고 하더라구 아 그래? 여드름 잘 안 나는 구나?! 피부과 약은 너무 쎄다 들어서 피부과까지 가기는 무서운데... 여드름으로 고생하는 다른 친구들 보니까 식단 같은 거도 신경 쓰더라~ 아 식단도?! 피부에 좋은 음식 뭐 그런 게 있나? 피부에 좋은 음식을 먹기보단 안 좋은 음식을 피한 식단이랄까..? 아? 키키 그렇구나! 피부 안 좋은 이유가 장 건강이 안 좋아서 그럴 수도 있다고 듣긴 했었는데~! 그러게 이유는 여러 가지가 있을 거야! 응응 요새 스트레스도 심해져서 더 여드름이 많이 생긴 것 같아...ㅜ 스트레스는 만병의 근원이라잖아...스트레스를 줄이는 게 먼저야 맞아 맞아 그런 거 같아... 언니는 피부 좋아서 좋겠다 ㅜ 나도 마냥 좋지만은 않아 ㅠㅠ 피곤하면 뭐가 막 나고 건조해 아 그래? 피로도 피부에 안 좋구나... 그래서 미인은 잠꾸러기라는 얘기가 있구나?! 그렇지 괜히 나온 이야기는 아닐 거야 키키 응 키키 나도 이제 스트레스 조금만 받고 잠 많이 자서 피부 미인이 되어봐야겠다~! 응 도자기 같은 피부 만들기를 응원할게!,0,B
normal_B_0517,언니는 지금 사는 집 맘에 들어? 키키 응~ 대출만 아니면... 키키 완전 맘에 들지 하긴 아파트 엄청 넓고 좋더라 애들 다 클 때까지 살아도 될 듯 아파트 새로 지을 때 미리 분양 신청한 거라 새 거긴 하지 키키 부럽다 으으 나도 내 집 마련 하고 싶다 동생아 내 집 마련은 반드시 은행과 함께 해야 한단다 ㅎ 은행이 돈을 안죠 ㅇㅅㅇ... 진짜 집만 있으면 좋을 거 같어 에구 ㅜㅜ 너도 얼른 월세살이 벗어나야 할 텐디 언니처럼 결혼을 해야 가능하지 않을까 키키 그게 답일 수도 키키 집 넓어서 청소하긴 빡세 ㅎ 응... 층간소음은 없어? 애들 뛰어 댕겨서 아랫집에서 뭐라 안 하누 매트 깔아 놔서 괜찮아 하하 어차피 낮엔 유치원 다 보내니까 오 그럼 낮시간엔 자유여? 응응 자유부인 키키 그래서 그냥 밀린 집안 일하지 어우... 넓은 집에서 혼자 있으면 약간 휑 하겠다 전혀 ^^ 너무 좋아 행복해 자유시간 최고야,0,B
normal_B_0518,"오늘 먹은 체리에이드는 내 입맛에 맞지 않았어... 음 나는 안 먹어봤는데 거기 음료들이 다 너무 단 거 같아 응응 인정. 너무 달아... ㅠㅠ 커피도 달아서 결국 남겼어 ㅠㅠ 아까움 ㅠㅠ 너무 슬퍼... 다음엔 다른데 가서 먹어보자 ㅜㅜ ㄴㄴ 다른 집에 가도 절대로 체리에이드는 먹지 않겠어. 체리청을 집에서 담아 마셔서 더 달게 느껴진 건가... 맞아. 집에서 먹은 건 좀 더 새콤했거든. 역시 뭐든 집에서 만들어 먹는 게 정답인 건가 응응 그런 듯. 집에서 맛있게 먹으면, 밖에 나가서 먹는 음료는 맛이 없더라. 체리에이드 한번 먹어볼까 했는데 안 먹은 게 다행인 듯! 응응 안 먹는 게 나아! 나중에 너네 집 가서 한번 해주랑! 오 ㅇㅋㅇㅋ, 언제든지 가능! 헐 좋아 나중에 꼭 간다잉!",0,B
normal_B_0519,여행 계획은 짜는 편임? 키키 나는 그냥 가는 편임 키키 잘 따라 다님 오 키키 불평 안 하고 잘 따라다니면 또 좋다 키키 이이 누나야들이 워낙 잘 세워와서 키키 키키 막내는 또 따라가야 제 맛이지 그렇지 키키 난 어디든 다 거기서 거기라 생각해서 별로 여행에 감흥이 없나? 키키 그건 아닌데... 뭐 밥도 거기서 거기고 뭐... 글치 아? 키키 너무 감흥이 없는데? 키키 키키 그래도 여친이랑 갈 땐 아주 감흥 있게 간다 올 뭐야 여친이 아니라서 그렇네 **한테 일러야지 키키 키키 **는 또 그런 건 신경 안 쓸걸? **가 글치 키키 맞아 그럴 것 같다 키키 여친이랑 가면 니가 계획 짜고? 온전히는 아니고 참여는 하지 오 키키 그게 어디야 키키 같이 짜는 재미가 있지 맞음 키키 그래서 그 정도는 하지,0,B
normal_B_0520,오빠~ 오빠는 외동아들이지? 응응 하하 오빤 형제가 없어! 엄청 좋았겠다 혼자였어서! 음 혼자라서 편한 것도 있지만 아닌 것도 있었지~ 오잉? 안 좋은 것도 있었어? 음 안 좋은 거라기보다는 때때로 형제가 있으면 좋겠다~ 느낄 때가 있어 하하 음~ 뭔가 외롭거나 그런 게 있는 건가 하하 응 그렇지 하하 다들 동생이랑~ 형이랑~ 누나랑 이런 이야기 많이 하니까 음 근데 사실 그렇긴 해 하하 간혹 좋을 때도 있어 하하 간혹 좋아~? 키키 평소엔 그냥 별로인가 음 난 그래도 동생이랑 사이가 좋아서 좋은 듯해! 맞아 자긴 동생이랑 잘 지내지 하하 다른 집은 안 그렇더라고! 응 다른 친구들은 엄청 싸우거나 서로 난리더라 하하 우리 애기는 동생한테 잘해 주니까~ 하하 동생도 나한테 잘해서 다행이야 하하 동생이랑 조만간 같이 보자~! 맛있는 밥 먹자 하하,0,B
normal_B_0521,언니 날씨 풀렸는데 등산이나 한번 갈래? 등산? 아니야 아직 더워! 왜 키키 요즘 완전 선선하던데 같이 가자 사실 나 등산 극혐해 너무 싫어 그 정도야? 어려운 데 말고 동네 산도? 웅... 산보다 바다가 훨씬 좋아 나도 등산 잘하는 편은 아닌데 가끔 가면 좋더라고 알지 등산 좋은 거 근데 올라가는 거 넘 힘드러 키키 에잇 언니랑 가고 싶었는데 그리고 나 예전에 약간 트라우마 생겨서 잘 안 감 잉? 웬 트라우마? 초딩 때였나? 아빠랑 산 갔다가 길 잃어서 키키 아 키키 진짜? 헐 그래서 어떻게 됐어 엄청 헤매다가 산 타던 어떤 아주머니가 도와줘서 키키 진짜 웃겨 하하 그래서 아직까지 안 가는 거야? 사실 엄청 핑계인데 그냥 좀 그래 키키,0,B
normal_B_0522,"오빠 저번에 무좀 걸린 곳은 괜찮아? 무좀? 무우좀? 너 지금 나 놀릴라 그러지 키키 아니야~ 오빠 무좀 생겨서 엄청 고생했잖아! 아 그거 진짜 맨날 약 바르고 짜증 났다 키키 키키 오빠 엄지발가락 노란색 된 거 보고 깜놀함 키키 너 왜 내 발에 관심 있냐 짜증 나게 키키 키키 오빠 내가 발가락 양말 사줄까? 아니 그러지 마 자존심이 허락 못 하거든 키키 오빠 그러면 겨울에도 샌들 신어야 해! 통풍이 돼야 하거든! 내가 안전화를 많이 신어서 그건 무리다 키키 키키 아 오빠가 무좀 걸리는 이유를 알겠다! 응 나도 너무나도 잘 알지만 돈은 벌어야지 키키 ㅜㅜ 마음이 너무 아프다 통풍 잘 되는 안전화는 없나? 그럼 안전성이 많이 떨어질 거 같은데 키키 흠, 오빠가 한번 개발해 보는 건 어때? 그거 개발할 수 있는 사람이면 키키 이미 했지",0,B
normal_B_0523,오늘도 게임했어? 안 했어? 오늘은 게임 안 했어 시간이 없어서 ㅠㅠ 맞다... 게임도 시간 있어야 함 카트라이더 해야 되는데 아이템 받아야 돼 키키 키키 요즘 아이템 줘? 웅 출첵하거나 뭐 이벤트가 많던데 근데 이제 귀찮아서 나 그것도 못 해... 캐릭터도 주고 차도 줘 키키 키키 그 손가락 너 뭔지 아나? 장갑 몰라 키키 폰으로 해서 모르겠네 근데 높음 애들 왜 다 모르지? 무지개 장갑... 키키 맞다 키키 근데 내가 무지갠가? 아 키키 무지개가 젤 낮은 거임 그럼 아니야 난 높아 키키 사실은 기억 안 나... 게임하고 싶다 요즘 근데 공부 때문에 잘 안 들어가지네 ㅠㅠ,0,B
normal_B_0524,날이 꾸리꾸리 한 게 비 올 거 같네 그래도 덥지는 않고 시원하지만. 저번에 말한 것처럼 내일부터 비가 내릴 거야 그렇다네 비 또 와... 싫은데... 비 오면 옷이 젖어서 싫어. 외근도 잦은데 계속 비가 오냐... 이 와중에 바람도 잘 부네. 안 더운 건 너무 좋긴 해 ㅇㅇ 그 다음에는 추운 날씨가 찾아와. 난 더운 게 제일 싫거든 그래서 지금이 딱 좋은데 이 날씨가 딱 알맞아. 나는 드론을 띄울 때 이런 날씨를 그다지 좋아하지 않았지만 키키 그건 바람이 불면 안 되니까 그렇겠지 당연하지 밖에서 드론을 조종할 때 바람때문에 이리저리 흔들리고 다른 곳으로 흘려가더라. 이번엔 태풍이 크게 안 와서 다행이었어 예전 동네에서 태풍이 불 때 장난이 아니였지. 밖에 나갈 때 드쌘 바람에 몸이 날라갈 것 같았어. ㄷㄷ 태풍 피해도 별로 없고 근데 비가 요새 많이 와서 그런지 채소가 비싸네 ㅇㅇ 앞으로도 물가가 올라가서 뭐든지 비싸질 거라서 돈 쓰기가 무서워. 아니 물가가 올랐다는 게 아니고 지금 비가 와서 그런지 채솟값이 올랐다고 알겠어. 나는 요즘 날씨가 이상해져 가는 게 무서워. 기후변화 너무 심해 큰일이지 나중에 겨울이랑 봄이 없어질지도 몰라.,0,B
normal_B_0525,언니는 국내 여행 어디 어디 가봤어? 난 특이하게 고속도로 휴게소 투어 해봤다 경부선 쪽 라인 헐 키키 대박 무슨 일이야 완전 특이하다 헐 뭐? 어떻게 하는 건데? 친오빠가 울산 살거든 근데 KTX타고 그냥 내려가면 재미없으니까 차 타고 어떨 때는 고속도로 타고 어떨 때는 국도 타면서 휴게소 안 가본 데 없이 다 들러보기 했었어 엄마가 그런 거 좋아하셔서 그래도 못 가본 데도 있지만 휴게소 진짜 진짜 많아 우리나라 우와 완전 신기하다 오 완전 색달라 원래 무조건 최단 거리로 가잖아 대박이다 나는 순천 가보고 싶더라 그럼 언니한테 휴게소 맛집 알아내야 겠다 ㅋ 순천은 나도 못 가봤어 전라도지 순천이? 우리 엄마 번호 줄까? 난 따라만 다녀서 기억을 못하겠네~ 키키 저번에 무슨 휴게소에서 통감자 먹고 싶다고 한번 돌아갔더니 아빠가 엄청 뭐라 했거든 키키 엉엉엉 거기 순천만이 그렇게 예쁘다대? 오~ 찾아보니까 정원 박람회도 있다~ 나 나무 진짜 진짜 좋아하는데 가면 재밌겠다. 오 맞네 언니 등산도 좋아했지~ 나도 식물원 가는 거 좋아하긴 하는데 벌레... ㅜㅜ 나 제주도 여행했을 때도 그 꽃 사이에서 사진 찍는데 벌 너무 많아서 한 장 찍었나? 벌 무섭지~ 화장품 냄새 때문에 많이 쫓아온다고 하더라 아 그게 그래서 그런 거야? 대박이네 제주도 또 가고 싶다 친구가 제주도에 살거든 코로나 때문에 영 못 보네 지금 딱 가면 더워도 날씨 좋아서 이쁠텐데 맞아 제주도만 가도 여행 가는 느낌 확 들어서 좋더라 사람들 요즘에 많이 취소해서 제주도 한가해졌다는데 진짜인가? 그렇다고 하긴 하더라 친구 말로는 괜찮아졌대 바다는 봐도 봐도 기분 좋아 맞아 제주도는 가 봤는데 우도는 못 가봤네 헐 우도가 대박인데! 우도를 갔어야지 바보야! 그때는 다시 오지 그랬었는데 역시 여행은 갔을 때 다 해봐야 돼,0,B
normal_B_0526,어릴 때 무한도전 진짜 열심히 봤는데 키키 맞다 키키 근데 초반엔 딱히 재미없었는데 나중에 재밌어졌어 요즘에 다시 재방송 많이 해서 또 본다 키키 아 그래 맞다 재방 많이 하더라 키키 놀면 뭐하니 pd가 김태호인가? 응응 아마 그럴걸? 그 피디가 진짜 감각이 있나 봐 역시나 결이 비슷해 키키 신박한 몰카도 하고 키키 재밌더라 이효리 나오는 거 보니까 진짜 또 웃기더라 키키 이효리? 키키 놀면 뭐하니에 나온 거? 키키 키키 무한도전에 키키 근데 놀면 뭐하니에서도 재밌었다 키키 이효리가 재밌는 거네 어 맞아 키키 이효리는 진짜 연예인 했어야 했다 키키 응 그니까 키키 진짜 제일 잘 어울림 키키 성격도 좋고 해피투게더에 쟁반 노래방 할 때 유재석이랑 찰떡궁합이었지 키키 아! 그러고 보니 유재석이랑 진짜 오래 방송을 한 거네 키키 어 맞다 키키 유재석이랑 티키타카도 진짜 잘되고 잘 맞았다 키키 그러니까 키키 진짜 방송도 궁합이란 게 있나 보다 키키 티키타카 잘 되는 사람 극히 드문데 말이야 키키,0,B
normal_B_0527,넌 아기 낳으면 유치원 보낼 거야? 어린이집 보낼 거야? 난 내가 어린이집 나와서 어린이집 고고 키키 옛날에 유치원 나오면 유치하다고 놀렸는데 기억나? 아 그게 뭐야 키키 진짜 유치하다 근데 귀엽지 않냐? 어린이들만 할 수 있는 발상임 키키 키키 귀엽다 근데 어린이집이랑 유치원 차이를 아직도 모르겠다 어린이집은 2-3세도 갈 수 있는 거 아니야? 오 그런 거야? 나이 차이인가 넌 어디 나옴? 나 둘 다 갔는데 잘 안 갔어 키키 왜 가기 싫다고 울었제 막 그것도 맞는데 키키 부모님이랑 놀러를 많이 갔거든 키키 앗 그럼 너무 좋은 추억이다 그래서 유치원 가면 친구가 많이 없었어 ㅜㅜ 에이 뭐 기억도 잘 안 나는 걸 나도 근데 나 그건 기억나. 밥 늦게 먹어서 7살이었는데 5살이랑 같이 밥 먹으라고 보냄 키키 키키 어린이의 세계도 냉혹하구만,0,B
normal_B_0528,아웃도어 좋아하는 거 있어 아니요...? 저는 인도어만 좋아하는 편이라... 하하 그래? 집순이야 **도? 넹 키키 전 집에서 가만히 누워서 폰 만지는 거 좋아해요 그래 요새 폰 보면 하루 가는지 모르지 진짜 너어무요... 유튜브 보고 있으면 하루가 순삭이에요 하루가 그렇게 짧아서 어떻게 그러니깐요... 할 일은 많고 ㅠㅠ 진짜 슬퍼 슬퍼하지 마 시간이 자꾸 짧아지지? 키키 넹... 나이가 들어서 그런 것인가요? 그래 아저씨 나이 되면 더 빨라 오... 그건 너무 슬프네요... 나이를 먹는 걸 이런 걸로 느끼다니 ㅠㅠ 그래 시간이 순식간이야 지금을 즐겨 키키 좋아여 키키 아부지는 아웃도어 뭐 하시는 거 있으세여? 아니 아저씨도 집돌이야 뒹굴뒹굴 키키 집에서 뭐하고 노시는 거에여?,0,B
normal_B_0529,본 영화 중 뭐가 제일 기억에 남아? 바람과 함께 사라지다 중학교 때 본 거야 그 영화 들어본 거 같은데 유명하잖아 응 넘 재밌어서 3번이나 가서 봤어 오 무슨 내용인데? 궁금하다 갑자기 물어보니 설명하기가 애매하네 그럼 누구 누구 나와? 응 비비안리 클라크 게이블 주인공이 선남선년대 넘 멋있고 재밌었어 외국 영화였어? 난 한국 영화인 줄 알았어 키키 1939년도 작품인데 남북전쟁 배경으로 한 거야 와 엄청 오래된 작품이네 응 너도 기회 되면 한번 봐봐 그래야겠어 흥미롭네 그럼 엄마도 찾아서 본 거야? 아니 중학교 때 단체로 영화관 가서 본 거야 그렇군 키키 오 그때 영화관도 갔나 보네? 응 자주 갔었어 영화에 관심이 많았거든,0,B
normal_B_0530,가을로 접어드니까 피부가 엄청 건조해지는 거 같아 너도 그래? 응 나도 진짜 엄청 땡겨 그치? 세수하고 바로 스킨 안 바르면 진짜 피부가 아파 나는 입술도 그런 거 같아 입술이 엄청 터 이제는 보습에 도움이 되는 걸 써야 되나 봐 응 나도 여름에는 막 땀 나고 더우니까 피지 잡아주고 이런 걸 썼는데 이제는 좀 보습이 되는 걸 써야겠더라고 뭘 써야 되나 나 예전에는 수분 크림 위주로 썼는데 이제는 유분도 좀 들어가야겠더라 나는 원래 지성이라 좀 피지 조절해주고 산뜻하게 끝나는 크림이 좋았는데 이제는 얼굴도 그렇고 몸도 그렇고 그런 거 바르면 가려워 응 이제 진짜 좀 꾸덕한 걸 발라야 돼 아 시카 크림 이런 걸 발랐었는데 이젠 뭐 써야 하나 올리브영 좀 봐야겠다 응 나도 올리브영 랭킹 같은 거 보고 있는데 딱히 뭘 사야 하는지 모르겠어 그니까 종류가 너무 많아 가지고 뭐 보습 영양 이런 걸 봐야지 뭐 선크림 같은 것도 여름용이라 좀 매트한 제형인데 이제는 못 쓰겠지? 근데 보습을 다 해놓고는 그런 거 써도 될걸? 그런가? 히알루론산 이런 거 들어간 게 보습이 잘 되는 거잖아 그치? 응응 근데 그것도 함량을 봐야 된다더라고,0,B
normal_B_0531,"플스5 사고 싶다... 주말에 집에서 게임만 하고 싶다아아아 플스 비싸지 않아? 얼마 정도 해? 몰라 4,50하려나? 사고 싶어도 새 거 못 살 수도 있어 키키 싸진 않네 키키 그치만 키키 계에속 열심히 하면 돈 값 하지 않을까 키키 근데 많은 사람들이 처음에 신나서 하다가 그대로 방치 하더라고... 키키 그럴 거 같다 키키 근데 플스로는 무슨 게임 할 수 있는 거야? 음... 엄청 많은 게임이 있지? 뭐 하나 집어 말하기도 좀 그러네 키키 마리오도 있고... 해리포터도 있으려나 키키 그것도 컴퓨터 게임처럼 다른 사람들이랑 같이할 수 있어? 당근 당근 전 세계 유저들이랑 같이 게임 할 수 있어. 생각만 해도 설레네... 키키 나중에 결혼할 때 혼수로 해 가야겠다 키키 남친이 무지하게 좋아할 거야 키키 안 좋아하면 남자도 아니야 내가 더 중독돼서 하는 거 아니냐는 키키 그럴 수도 있지 키키 누구나 즐길 수 있는 게임도 많으니깐 넌 게임 별로 안 하지? 응 난 원래 게임을 잘 안 하니까 키키 그래도 쉽게 할 수 있으면 좀 더 하게 되지 않을까 키키 응 쉬우면 할지도 몰라 키키 근데 너무 쉬우면 재미없어 그건 그렇지 키키 뭔가 해내는 맛이 있어야 키키 성취감에 계속 하지 않겠어? 그니깐 키키 난 겜하러 갈게 빠잉 아 구랭 키키 잼께 해 키키 나는 플스로 남친 꼬드기러 가야게떠 키키",0,B
normal_B_0532,"이번에 살인 사건 기사 크게 난 거 봤으? 아니 살인 사건? 요즘 살인사건이 많은가 보네 ㅠㅠ 엉 맞아 ㅜㅜ 남자가 연고도 없는 여성 분 죽였어 헐 아무 사이도 아닌데 그냥 죽였대? 그게 얘가 자주 보는 여자 비제이가 있는데 자기 강퇴 시켰다고 비제이 가족을 죽인 거래! 헐 아니 본인이 강퇴 당할만한 짓을 한 건 아니고? 막 욕설이랑 비방을 많이 쳤나 봐! 그럼 당할만하지 ㅡㅡ 그렇다고 가족은 왜 죽여 자기 블랙 안 풀면 가족한테 해코지 한다고 그랬대 근데 가족 어떻게 찾았는지 알아? 헐 협박까지 한 거네 ㅠㅠ 어떻게 찾았는데? 이 여자 비제이가 자기 가족 직업을 말한 적이 있는데 그걸 기억했다가 찾았대 와 대박 그 사는 데 가서 스토킹 한 거네 완전 ㅠㅠ 맞아 스토커에다가 살인협박까지 ㅜㅜ 그러고 이 남자 어떻게 됐는 줄 알아? 진짜 무서워 죽겠네 ㅠㅠ 어떻게 됐는데? 이 여자 가족 죽이고 바로 자살했대, 그래서 사건 종료, 헐 대박 자살을 했다고?",0,B
normal_B_0533,언니네 집 고양이는 잘 지내고 있어 보고 싶다! 우리 집 고양이 잘 지내고 있지 뚱냥이야 키키 뚱냥이 완전 귀엽겠다 키키 부러워 고양이 그치... 뚱냥이지만 귀엽지는 않아 ㅠㅠ 왜? 말을 안 들어? 키키 사납나?! 우리 집 고양이 알잖아 일진인 거. 아 맞다 한 성깔 하지 키키 스트릿 출신이라 그런지 성격이 싸나워. 그래도 이쁘고 귀엽기만 하던데 키키 나랑은 집에 있으면 맨날 싸워. 왜 싸우고 그런데 간식 좀 잘 챙겨 줘 봐 간식은 맨날 챙겨 주지 내가 고양이 신경을 얼마나 잘 써주는데 키키 근데도 사이가 안 좋아? 고양이 웃기네 키키 나쁜 고양이! 키키 그래도 애물단지야~ 우리 이쁜 고양이 키키 애교가 많았으면 좋겠어 내 소원이야.,0,B
normal_B_0534,나 지금 후식 배달시켜 먹을 건데 디저트 종류 추천 좀 너 패스츄리 좋아하니까 크로아상 ㄱㄱ 으으음 오늘은 뭔가 달달한 거 땡기는 날인데 아니 저기요 키키 원하는 답이 뭐야 답정너 아니다! 초코 크로아상 먹어야겠다 그래 키키 선택에 내 의견이 들어가긴 했네 키키 그럼! 물어봤으면 반영을 해 줘야지! 너도 빵 땡기지 않니 딱히...? 난 밥 먹고 디저트 챙겨 먹는 거 배 너무 부르더라 이런 이런 그러면 뭐 달달한 음료수라도 땡기지 않니 딱 당 떨어질 시간인데! 키키 어르신이세요? 너 당 과다 섭취야! 탄수화물도 많이 먹으면서! 하지만! 그치만! 탄수화물이! 밀가루가! 당이! 너무 좋은 걸 어떡해! 그래도 좀만 줄여 봐 우리 오래 살아야지! 어... 맞아 나 무병장수 할 거야 그럼 빵을 놓을 수는 없으니까 밥을 한 공기로 줄여 볼게 그래 그래 좋은 생각이야 꼭 성공해라 오케! 내가 성공한다! 그럼 커피 양을 조금만 늘릴까...? 허허허허 예...? 지금 나랑 하냐 장난,0,B
normal_B_0535,이게 참... 걸어 다긴 애매하고 버스 타기도 애매한 거리에 집이 있어 ㅜㅜ 그런 것 같애... 그리고 오르막 내리막이라서 더 가기도 힘들고 ㅠㅠ 웅... 그래서 집에서 역 갈 때는 걸어가고 키키 올 땐 가끔 마을 버스 타 키키 오 마을버스 키키 마을버스 너무 귀여우면서도 슬프다 키키 서울에 은근 거의 모든 동네에 마을버스 있어 엥 진짜 대박이다... 뭔가 마을 버스 있는 게 신기하다 키키 나도 서울 처음 왔을 때 놀랬다... 키키 서울인데? 이런 느낌 키키 그러게? 진짜 서울이라서 더 없을 것 같은데 신기하다... 키키 응 나 사는 구에도 마을버스 번호만 10개 넘게 있을걸? 엥 대박... 그렇게 많다구? 아니 진짜 서울은 신기한 곳이네 키키 그니까... 내가 살았던 도시 중에 유일하게 마을버스 있음 키키 아니 대구에서도 마을버스는 없다 아니야? 있는가...? 키키 키키 난 대구에서 못 본 거 같은데... 있는가? 없을걸? 키키 맞제... 와... 진짜 신기해... 서울은 진짜 넓고 크고 신기하다 키키 응 너도 서울 살면... 조그맣고 귀엽지만 겁나 흔들리는 마을버스를 타게 될 거야 키키 귀여워 키키 근데 서울에서 못살아... 집이 없잖아 ㅠㅠ,0,B
normal_B_0536,"어릴 때 직업 군인 말하더니 직업 군인하지 그랬어 키키 안 그래도 직업 군인을 했어야 했는데 후회 중이야 내 친구 직업 군인이랑 결혼했는데 나쁘지 않다나 봐 요즘 같은 시대엔 너무 좋지 다만 이사를 다니는 게 자녀들한테 안 좋을 것 같아 직업 군인은 육군이나 일반 병사랑 다른 일해? 전문 하사? 아무래도 장교지? 아 그렇구나 키키 그럼 그것도 꽤 괜찮겠네 월급이 적긴 하지만 집도 주고 안정적이지 맞아 군인 아파트 키키 친구 결혼식도 무슨 해군 어쩌고 하는 호텔에서 결혼하던데 응 그런 혜택들이 많아서... 근데 군인하다 전향하는 직업 군인은 수명이 짧아 얼마나 짧아? 다른 혜택도 더 많은가 보네 30되기 전에 전역한다더라 군대 생활이 체질이 맞다면야 그것도 나쁘지 않겠다 꿀이지, 하라는 대로만 하면 되니깐 키키 그래도 군대 생활은 역시 짜증 날 듯 키키 상사? 선임? 때문에 키키 그 상사가 내가 되는 거니깐 요즘 같은 때 정말 그때 말뚝 박을 걸 싶어",0,B
normal_B_0537,"너 오늘도 출근하는감?! 넹... 키키 출근 아닌 출근? 키키 언니 내년에 시급 오르잖아요 키키 그래서 가끔 알바만 하면서 살아도 혼자는 먹고 살만하겠다라는 생강이 들어요 키키 욜로의 삶...? 키키 근데 진짜 겁나 힘들게 일해봤자 ㅠㅠ 월급은 오르지도 않고... 스트레스만 받고... 키키 하고 싶은 일 하면서 사는 것도 나쁘지 않다고 생각한다 맞아요 근데 또 정규직이면 복지 받는 게 다르니까 그래서 사람들이 좋은 곳에 취업할려는 것도 있는데 근데 이제 알바를 써줄까요? 키키 시급이 9천 원이 넘는데 하긴 키키 알바 자리도 없지 싶다 키키 공채도 안 한다는데... 키키 근데 복지는 업무 강도에 따라 바뀌는 듯... 그만큼 힘들면 대우는 해주고 키키 갈수록 좋아지는 것 같으면서도 뭔가 살기 팍팍해지는 기분 키키 소소하게 살고 싶은데 그럴려면 또 회사에서 열심히 일해야죠...ㅠㅠ 키키 진짜 우리가 먹고살기가... 젤 팍팍한 거 같다... ㅠㅠ 예전엔 이 정돈 아니였다고들 하던데 맞아 ㅜㅜ 가전제품은 사람들이 꼭 보고 사니께... 언니도 회사에서 전보다 좀 눈치 보겠어요; 사장님 눈치 난 그래도 사장님이 직원부터 올라와서 인수하신 거라 직원들 마음을 잘 알아서 그나마 나아... 키키 다른 매장은 진짜 죽을라 하더라 헐 사장님 대박 멋져! 맞아요 키키 당장 실적이 안보이니까 다른 매장분들 피말리겠어요; 언니도 영업팀 아니여서 다행이에요 키키 키키 난 영업 못해 키키 내 스타일 아님... 귀찮아 급여는 확실히 높긴 하다만 저두 키키 말도 잘 해야 하는데 멘탈도 강해야 할 것 같아요 키키 키키 맞아 키키 계속 가격 쇼부 들어오면 그냥 쌩깔 줄도 알아야 되고... 키키 계속 서있고 아휴 키키 뭐 더 얹어 달라하는 사람도 많은가 봐요? 당연하지... 키키 완전 시장 바닥도 아니고 ㅠㅠ 일 하다 보면 한 번씩 현타 옴 맞아요 키키 진짜 이런 거까지 내가 해야 하나 싶은데 어째유, 키키 피할 수 있으면 피하고 해야 하면 하구...ㅋ 순응 키키",0,B
normal_B_0538,요새 취업난이 장난 아니야 맞아... 뭐 먹고 살ㅈ 우리가 벌써 취업 걱정 할 나이라니 ㅜㅜ 그러게 ㅠㅜ 가끔 고등학생으로 돌아가고 싶어 내 주변 친구들도 취업 걱정이더라... 너는 요즘 어떤 준비해 ? 자격증 준비 중이야 그렇구나 나는 그냥 시험 준비 열심히 하는데 잘 안된다 ㅠ 고생하네 ㅜㅜ 너는 무슨 자격증 준비 중이야? 시험 과목이 개편돼서 한능검이랑 지텔프 해야 해 뭐가 뭔지 모르겠다 한국능력시험이랑 지텔프 몰라? 아아~ 줄임말이구나! 지텔프 뭐야? 지텔프 약간 음... 토익 다운그레이 느낌 키키? 오 그런 게 있었구나 화이팅! 그래 너도 자격증 준비 잘 하렴,0,B
normal_B_0539,니 철권도 프로게이머 있는 거 아나? 세상에 철권도 프로게이머가 있다고? 철권은 오락실에서만 하는 게임 아니가? 컴터로 하는 건가? 키키 나도 그런 줄 알았는데 예전에 유퀴즈에 철권 프로게이머 나오셔서 알게 됨 키키 우와 진짜 신기해 철권 그거 어떻게 하는지도 모르겠던데 키키 컴터로 하면 좀 낫것다 오락실에 그 키는 도대체 무슨 색이 무슨 역할인지 모르겠더라고 키키 나도 키키 할 때마다 손인지 발인지 먼저 눌러본다니까 키키 그러다 쳐맞고 키키 키키 낸 왜 그 생각을 못했지 그냥 5개 다 냅다 갈기기만 했노 키키 어쩌든 처맞는 건 똑같으려나 키키 예전에 한 번은 이기고 싶어서 냅다 갈린 적 있거든 키키 그러다 손톱 부서짐 키키 아 키키 너무 아팠겠는데? ㅜㅜ 와 오락실 안 간 지 진짜 오래됐다 키키 낸 요즘도 가끔 가너 오락실 키키 가서 틀린그림찾기랑 농구한다 키키 넘나 재밋 키키 오락실이 잘 없던데 어디에 있너? 키키 댓거리에 자바 게임랜드 아직 있너 어디지? 아아아 혹시 그 중간에 큰 오락실인가? 그게 아직도 있다고? 대박사건 어엉 그 게임랜드 사장님 예전에 던킨 했다니가 요새는 유행 따라서 가게 차리심 얼마 전에는 스티커 사진샵도 하더라고 키키 그 게임랜드 안에 사진 기계만 넣은 게 아니고? 아예 사진샵을 한 거가 키키 그 사장님이 댓거리에 가게를 많이 가지고 있나? 키키 아예 가벽까지 세워가꼬 키키 전에는 세계 과자점 하시더니 키키 카페도 하심 키키 그 게임랜드 공간이 다 자기네 껀가 바 뭐래 해야노 오피스텔은 아닌데 흠 무튼 그 자리가 키키 아 가벽을 세워서 키키 공간 활용 엄청 잘 하시네 키키,0,B
normal_B_0540,너 주위엔 군대 간 사람 없어? 있지 내 사촌 동생 들어가 있어! 아 진짜 간 지 얼마나 됐어? 올 12월에 제대라고 하더라! 오호 별로 안 남았네 금방이다 맞아 이번에 휴가 다 짤렸잖아! 아 진짜 근데 다시 나가는 추세래! 근데 얘는 휴가 안 나가고 일찍 제대할 거래! 하긴 조기 전역이 좋지 원래 7월에 나오려고 했는데 코로나 터져서 빠꾸 먹었어 ㅠ 그니까 휴가 나오기도 힘들어 ㅠㅠ 맞아 그래서 얘 울었어 키키 어떻게 해 키키 마음 아파 우리 가족들한테 자기 나온다고 맛있는 거 사 달라고 했는데 키키 전역하면 맛있는 거 많이 사 줘야겠네 키키 응 그래야지 얘 근데 군대 가서 더 돼지됐음 키키,0,B
normal_B_0541,큰아빠 곧 차 바꾼다며? 바꾼다고는 하는데 언제 바꿀지는 모르겠어. 그러게 저번에 그랜저 계약금 넣었다고 하더니! 근데 금방 계약금 빼버리더라고... 아 그래 무슨 일 있었어? 아니 나한테 말 안 해줘서 잘 모르겠어. 아 그렇구나 근데 곧 차는 바꿔야겠다 녹이 슬어서 맞아 차가 곧 부서질 것 같이 생겼어. 그게 벌써 얼마나 된 차이지? 내가 초등학교 때 산 거니까 15년 넘었지. 헐 그러면 빨리 바꿔야겠다 사고 나기 전에 얼른 내가 전에 사고 난 거 빼고는 다행히 아직 무사고야 키키 그래 쏘렌토가 정말 튼튼하긴 하더라 키키 맞아 그걸로 전국 여행 다 갔지~ 추억이 많은 차구나 키키 이제 보내줄 때가 된 것 같아 나도 그렇게 생각하는데 아빠는 아닌가 봐.,0,B
normal_B_0542,니 예전에 막 폰으로 하던 게임 뭐였지? 심시티 얘기하는 거 맞나? 도시 만드는 게임 막 현질하고 막 밤새고 그랬자나... 아직도 하나? 아... 생각해보니 그랬었네 키키 아니 이제 안 해 ㅜㅜ 키키 이래서 게임 현질은 하는 게 아닌데... 키키 아냐 현질은 좀 필요해 키키 개발자도 보상을 받아야지 요즘 폰으로 게임할 만한 거 찾고 있어서 키키 한번 물어봤어 키키 심시티 한번 해봐 키키 진짜 한번 빠지면 못나와 근데 찾아보니까 심시티는 내 서타일은 아닌 듯 왜? ㅜㅜ 이 게임의 매력을 니가 못 찾은 거 같네 난 막 타이쿤 게임이 좋아 키키 아기자기하니 아... 혹시 뭐 붕어빵 만들고 샌드위치 만들고 그런 거? 뭔가 주어진 시간에 딱 만들어내고 키키 어어 그런 거 휴... 나는 그거 너무 스트레스 받아서 못하겠던데 그 시간 안에 끝내는 쾌감이 또 쩔지 키키 키키 난 그런 게임 시작하면 원하는 성적 나올 때까지 다시 해야 해,0,B
normal_B_0543,"노인에게 담배 심부름 시키고, 머리 때린 고등학생 얘기 알아? 알지~ 너무 놀랐어. 이 영상 올라가고 난 다음 경찰 조사를 받은 학생이 학교 자체 조사에서 자퇴를 하겠다고 했대. 헐... 자퇴를 하겠다고 해서 그게 끝인 줄 아는 건 아니겠지? 글쎄... 그럴지도 모르지. 요즘 청소년들 너무 막 나가는데? 그러게 말이야... 촉법 소년이라는 이유로 법을 피해가는 게 정말 화가 난다 아주 소년법은 청소년들을 보호하기 위해서 만든 거란 말이야... 맞아. 악용을 하라고 만든 법이 아닌뎅. 그러게, 주민등록증을 위조해서 술 마시고, 미성년자라고 신고해서 장사 영업을 방해한다고 하는 뉴스도 봤어. 맞아... 피해가 꽤 크다고 하더라. 도대체 왜 그러는 거야. 에휴... 악용해서 어른들에게 피해를 주지 말라고...! 촉법 소년의 나이를 줄일 필요가 있다고 생각해. 아예 법을 없애는 것도 나쁘지 않을 듯...?",0,B
normal_B_0544,지금이 가을인가? 근데 가을 옷 안 사도 되겠지? 아침 저녁 날씨는 가을 같은데 그렇다고 가을 옷 사면 금방 겨울 와버릴 것 같지 ㅠ 가을 옷 좋아하는데 가을이 점점 짧아져서 슬퍼 그니까 원래 봄 가을 옷이 젤 이쁘다고 ㅜㅜ 청자켓 입을 일이 없어 마쟈 청자켓 트렌치코트 이런 거 오래 입고 싶다구 ㅜ 사계절 뚜렷하다던 대한민국 어디 갔냐... 아 진심 작년에 트렌치코트 입은 사람 거의 못 보고 나도 못 입어봐써 내 트렌치코트도 옷장 깊숙한 곳에서 썩고 있는 중 ㅠㅠ 여름은 좀 짧아지고 가을은 길어져라 제발 제발 제발 키키 맞아 단풍 즐길 시간은 좀 줘라 근데 이번 가을 맞이 명절 추석에는 뭐해? 난 뭐 별일 없으면 매년 그랬던 것처럼 아침에 할머니 댁 가서 차례 지내고 성묘 갔다가 다시 저녁 먹으러 할머니 집으로 귀가 할 예정일걸? 키키 완전 티엠아이 너는? 키키 ㄱㄲ 나는 항상 다이나믹 해서 모르겠어 고모들 행보에 달렸달까 그리고 고모들 안 주무시면 언니네가 자고 갈 예정인 거 같애 아하 다른 사람들한테 내 하루 스케쥴이 달라지는 거 너무 피곤한데 그래도 고모들보다는 언니네가 자고 가는 게 훨씬 편하징? 흠 형부가 없다면 편하겠지만 오 근데 첫 명절이네 결혼하고 오호 그러네 그럼 한복 입고 언니랑 형부 찾아오나? 내가 입을 건 아니지만 이번 추석은 많이 안 더워서 한복 입기 괜찮은 날씨이길 키키 키키 전혀 아닐걸 결혼식 한복도 그냥 대여였거든 차라리 ** 한복 입은 게 귀엽겠다 키키 아 **이랑 **이가 한복 입는 거라면 사실 비교도 안 되지 아 갑자기 오늘 난 자연드림에서 세츠 상품권 나와서 끝인 줄 알았는데 무슨 양갱 세트 선물이랑 점장님이 주는 뭣도 챙겨가래 추석 선물 웬일 오왕 추석 선물을 생각보다 두둑하게 챙겨주시넹? 근데 명절 전이라서 매장 많이 바쁘지 않았어? 일한 만큼 보상 받은 거라 생각혀 키키,0,B
normal_B_0545,이제 여름 다 지나가긴 한 듯 어제 잘려고 누웠는데 추워서 전기장판 틈 나는 겨울 이불 꺼냈어; 진짜 춥다; 키키 벌써 겨울 이불? 키키 빠른데? 나는 진짜 추우면 아프더라... 팔이... 그래서 추운 건 진짜 싫어; 키키 그럼 제일 싫어하는 계절이 겨울? 맞아... 추우면서 아프니까 답이 없어; 혈액 순환이 안 돼서 그렇다는데... 키키 겨울에 완전 무장하고 다녀야겠네 키키 겨울에 나는 누구보다 빠르게 롱패딩을 입고 그거 하나로 버팀; 키키 진짜 우리나라 겨울 엄청 추운데 롱패딩 없었으면 어쩔 뻔 진짜 끝일 날 뻔; 그거 없으면 밖에 못 다녀; 집에만 있어야 하지; 키키 맞아 키키 난 이미 겨울 준비는 끝냈다 키키 겨울 준비가 벌써 끝났다고? 어떻게? 작년 겨울에 겨울옷 시즌 오프 하길래 미리 샀지 키키 오~ 그것도 하나의 방법이지. 시즌 오프 하는 옷들도 괜찮지~ 키키 괜찮지 키키 유행 안타는 옷들로 사면 개꿀이쥬~ 맞아~ 요즘 진짜 옷들도 너무 비싸더라~ 옷 사는 것도 부담스러워;,0,B
normal_B_0546,모기가 자주 물려서 짜증 나 ㅠㅠ 요즘 날씨가 선선해서 모기가 많아졌어 ㅠㅠ 응 그러게 반바지 못 입겠다 키키 나도 모기 많이 물려서 고생했어 ㅠㅠ 저번에 모기 물려서 흉졌잖아 ㅠㅠ 아 진짜? 심하게 물렸나 보네 ㅠㅠ 피부과 가서 치료 받았어 키키 모기가 뭐라고 키키 나도 관리 잘 해야겠다 약도 바르고 키키 응 그래야 해 키키 모기기피제 하나 살까 봐 요즘 모기 안 물리는 약도 많더라 키키 그래? 그건 처음 들어보는데... 응 모기 스프레이라고 사봐 키키 모스키토 박멸 시키고 싶어 정말 인정... 그래서 우리 집은 파리채 필수야 키키 나도 병원 치료 그만하고 싶어 흉 안 지게 치료 잘 받아 ㅠㅠ,0,B
normal_B_0547,니는 다이어트 잘 하는 팁 같은 거 있나 다이어트를 살면서 생각만 해봐서... 늘 실패만 해서 잘하는 팁은 없구 안 먹으면 되지 않으려나? 키키 그치? 운동으로 빼긴 힘든 듯 응응 식이가 전부라고 하더라구 키키 키키 나도 글케 생각해 키키 운동은 건강 맞아! 유지를 위해서는 운동 다이어트를 위해서는 식이 키키 그래... 근데 다이어트식은 왜 이리 맛없을까 다이어트식을 먹어 본 적이 없어서... 뭐가 있으려나... 키키 음... 단백질이랑 야채 덩어리들? 이런 거 먹는 거 아닐까? 단백질이면 닭가슴살? 키키 계속 먹으면 질릴 거 같아 맞아... 나도 한두 달 그것만 먹어봤는데 못해먹겠더라 그것만 먹어봤어? 다이어트 한 거야? 키키 응... 그때 간헐적 단식이랑 같이 해봤지 죽을 뻔 너무 힘들었겠다... 다이어트는 쉽지 않아... 맞아... 그래서 그냥 안 찌는 게 최선인 듯 키키 키키 그러면 또 안 먹어야 하잖아 키키 쳇바퀴 도네 키키,0,B
normal_B_0548,예능으로 유퀴즈 즐겨 보나 보오? 재밌어 키키 하지만 가장 재밌게 보는 건 런닝맨! 아 진짜? 키키 이광수 나갔잖아 이광수 나가고 어때 다른 멤버들이 엄청 열심히 하는 게 보여 키키 심지어 하하는 옛날 무도 적 생각날 정도야 아 진짜? 키키 다행히 이광수 빈자리 크지 않나 보네 키키 음 빈자리가 느껴지기는 하는데 재미없거나 그렇지는 않아 키키 워낙 캐릭터가 독보적이어서 키키 진짜 독보적이었지 키키 다들 오래해서 능력치들은 좋으니 키키 맞아 키키 나 옛날 런닝맨 자주 보는데 확실히 광수가 감칠맛을 더해 줘 난 런닝맨 게스트 나오는 것보다 자기들끼리 노는 게 더 재밌어 키키 맞아 키키 멤버들 관계성이 보이는 게 좋아 진짜 멤버들 간 케미와 관계성 엄청 중요하잖아요 키키 그래서 런닝맨 노가리 특집 진짜 인기 많음 키키 아 진짜? 키키 노가리 특집 그거 보다 말았어 키키 진짜 오디오 1도 안 비어 키키 완전 꽉꽉 참 키키 키키 유재석 신난 게 눈에 보이더라 키키 맞아 키키 유느 그 찐텐 웃음이 있음 키키,0,B
normal_B_0549,타지역에 살면 명절 때 힘들겠다 그치 요새는 안 오는 게 효도래 하긴 어쩔 수 없는 상황이니깐 응 ㅠ 그래도 몇 없는 명절인데 키키 두 번밖에 없지만 다들 진심이잖아 당연하지 즐거운 한가위잖아 이번 추석 때 시골 가? 잘 모르겠어 아마 가지 않을까? 나는 친척분들은 모이지 않을 것 같아 우리 집도 아마 그럴껄? 보고 싶어도 못 보는 가족들이라니 완전 강제로 이산가족 돼버림 키키 그니깐 완전 맞는 말 근데 떨어져 지내봐야 소중함을 알 수 있대 그치만 그 기간이 길지 않아? ㅠㅠ 올해 안으로 끝났으면,0,B
normal_B_0550,너랑 예전에는 드라마도 많이 봤었는데 막장 드라마 그 드라마 이름이 아내의 유혹. 지금 보면 치를 떨 것 같애. 오 맞아 기억하네? 그거 되게 재밌게 봤었는데 키키 맞아 키키 매일 빠짐없이 보았지. 키키 전에 히트 드라마도 봤었는데 너는 안 봤나? 그 경찰 드라마를 모를 리야 있냐. 후반부의 이야기를 잊을 수 없지. 그거도 재미있게 봤던 거 같은데 내용은 기억이 안 나네 그래도 그 드라마에 나온 삽입곡은 생각나지 않아? 아마 들어보면 기억나지 않을까? 몇 일 전에 내가 틀어본 유튜브 음악이 누나가 들었던 삽입곡이였어. 며칠 전에 너가 들었던 게 기억이 안 나는데? 그래? 아깝네... 그 음악이 카스트라토가 나오는 영화하고 관련이 있는데 아 그 클래식 음악이었나? 살인범이 듣던 거 맞아. 그 음악을 듣다 보면 히트 드라마하고 영화가 생각나. 다음에 시간 되면 다시 볼까 생각 중...키키 나중에 시간이 되면 파리넬리 영화도 같이 보자,0,B
normal_B_0551,나 공부하면서 허리가 너무 안 좋아진 것 같아... ㅜㅜ 요새는 조금만 의자 앉아있어도 통증이 진짜 빨리 느껴져 아 허리 한번 안 좋아지기 시작하면 계속 안 좋아 지던데 ㅠㅠ 나도 하루 종일 서면서 일하니까 허리가 계속 아프더라고 그렇겠다 ㅜㅜ 일하면서 잠깐씩이라도 앉는 의자는 있지? 아니 없지 ㅠ 그래서 일 마치고 가면 허리 아프더라구 난 예전엔 산부인과 가는 게 꺼려져서 몸에 문제가 있는 거 같아도 안 갔는데 나이가 드니까 진짜 가봐야 할 거 같더라구 너는 산부인과 진료 자주 받아? 아니... 진짜 딱 한번 갔나? 그것도 한번 가고 뭔가 불쾌해서 ㅜㅜ 나도 생리주기가 워낙 불규칙해서 가보긴 해야 하는뎅 나도 ㅠㅠ 난 진짜 생리주기 완전 불규칙 하거든 근데 심각성을 별로 못 느꼈는데 나중에 아기 못 가질까 봐 걱정돼서 검사 받아 보러 가려구 그 이노시톨인가? 생리주기 맞춰주는 영양제 같은 게 있다는데 시간 날 때 그것도 쿠팡에서 한번 찾아봐 키키 아 그래야겠다 키키 이제 진짜 건강 챙겨야 돼 영양제 귀찮아서 있어도 잘 안 챙겨 먹었는데 진짜 영양제 좀 먹어야 되겠더라구 응 키키 그리고 오메가3도 꼭 먹어야 하는 것 중에 하나래 피부에도 좋고 몸속 기름 분해도 도와준대 오 진짜? 난 영양제 쪽은 진짜 전혀 몰라서 ㅠ 아 근데 전에 달맞이꽃 종자유 먹은 적 있는데 그게 여자한테 좋은 거라고 하더라구 그땐 생리주기 잘 맞았던 거 같아 응 그것도 들어봤었다 키키 맨날 좋다는 정보만 수집하고 안 먹고 ㅜ 사더라도 맨날 먹는 거 까먹어서 썩어 버리고 ㅜ 나도 그래 키키 영양제 챙겨 먹는 게 제일 귀찮아 그래도 이제 진짜 몸 챙겨야 돼 원래 어릴 때부터 먹어야 하는 거라고 하던데 이미 늦긴 했지만 챙겨 먹어야겠다 응 맞아 ㅜ 난 요새 피부에 좋다는 거 좀 다 찾아보고 있어 자꾸 뒤집어져서 아 나도! 먹는 걸로 피부 좋아질 수 있나? 피부에 좋은 게 뭐가 있어? 미백주스라고 유튜브에서 유명한 갈아 마시는 주스가 있는데 변비 탈출하게 해주는 거래 피부에도 좋고 키키 그거 마시려고 재료 다 샀엉 아 역시 잘 챙겨 먹고 좋은 거 먹으면 피부 좋아질 수 밖에 없겠구나 키키 나도 찾아 보고 재료 사서 먹어봐야겠다 키키,0,B
normal_B_0552,좋아하는 만화 캐릭터 있었어? 나는 너무 오래돼서 기억이 잘 안 난다! 키키 너는 있어? 나는 개인적으로 찰리 브라운 좋아해 키키 헐 찰리브라운 짱 귀여워 ㅠㅠ 너 찰리 브라운 굿즈 많았던 것 같아 키키 맞아 내 방에 엄청 많아 키키 키키 몇 개나 있어? 찰리 브라운 피겨는 처음 들어봐 세지는 안았는데 수납장에 다 찼어 키키 키키 진짜 좋아하는구나 찰리 브라운 만화도 많이 봐? 아 키키 책은 있는데 그림만 봐 키키 키키 재밌다 나중에 나도 책 빌려주라! 재밌을 것 같아 한국어가 아니라 읽기 힘들더라고 키키 나중에 보여줄게 키키 웅웅 어쩌다가 처음 좋아하게 된 거야? 그러니깐 나도 의문인데 키키 캐릭 보고 귀여워서 시작된 거 같아 키키 키키 맞아 너무 귀엽게 생겼어 ㅠ 스누피도 같이 나오지 않아? 맞아 스누피랑 찰리 친구들 나오는데 다 너무 귀여워 ㅠㅠ ㅠㅠ 진짜 대박이다 나도 보고 자야겠어!,0,B
normal_B_0553,와 논산 날씨 실화야? 하 그러니까 여기 너무 춥다 ㅠㅠ 감기 걸릴 듯 ㅠㅠ 내가 아는 언니 벌써 패딩 꺼냈대! 와 그 사람 장난 아닌데? 나도 꺼내야 하나 키키 노스페이스를 사랑하는 언니 있어! 뭐야 그거 키키 언제적 노스가 나오는 거야? 키키 키키 옛날부터 입었던 거라고 했어! 그 정도면 구멍 하나 뚫려 있을 거 같은데? 내가 안 그래도 그 얘기했어! 수선집 몇 번 다녔냐고 한번 물어봐 바 키키 키키 오키 키키 오빠는 오늘 어떻게 입었어? 나는 그냥 바람막이에 바지 입었는데? 키키 아 오빠는 출근 길이 가까워서 그렇게 입었구나? 바람막이도 나름 바람 잘 막아줘 왜 그래 키키 키키 그렇구나 오빠는 추위를 잘 안 타나 봐! 아니 추위타는데 ㅠㅠ 차 타고 다녀서 괜찮아 키키,0,B
normal_B_0554,"코로나 때문에 애들 성적 난리야~ 애들 학원을 못 가서 그런가? 학원도 학원이고 ~ 학교도 맨날 온라인 수업만 하니까~ 애들이 집중력이 너무 떨어져~ 그니까~ 애들이 학교를 못 가서 선생님 이름도 모르고 친구들도 모른다며~ 응~ 애들이 맨날 마스크 끼고 가니까 서로 얼굴을 모르더라? 아 진짜? 왠일이야~ 짠하다 ㅜㅜ 그치 얼굴을 서로 못 봤으니~ 둘째는 더 불쌍해 ~ 1학년부터 코로나 터져 가지고~ 운동회도 못하고 아이고 맞네~ 운동회랑 학예회 이런 거 아무것도 못하는구나? 그치 첫째는 그래도 다 해봤잖아~ 응 그렇지~ 근데 둘째가 문제구나~ 응 학교에 뭐가 있는지도 몰라~ 맨날 정해진 길로만 다녀야 되고~ 아이고... 그렇구나,.. 학교에 대한 추억이 별로 없겠다 ㅜㅜ 응 ~불쌍해~ 초등학교 때 놀아야 되는 건데~ 맞아 중학교 되면 시간이 없지~ 초등 저 학년 때 아무 생각 없이 놀아야 되는 건데~ 그러니까... 맨날 이렇게 집에만 있고~ 친구들도 못 만나고 ㅜ 그러게~ 애들 맨날 집에 있어서 애들은 애들대로 힘들고 언니는 언니대로 힘들고~",0,B
normal_B_0555,"영화 재밌는 거 추천 좀용 나요새 안 본 지 수어 됨 키키 와 글노 시간이 없제 ㅠ 이번에 영화관에서도 코로나 터져서 키키 못 감 그럼 인생 영화 추천 좀욤 음, 나 범죄 도시 엄청 좋아함 ㅋ 키키 나랑 비슷한 결을 가졌군 키키 느와르 젤 좋음 키키 깡패 영화 아 나도 난 최애가 신세계임... 아 신세계 역시 ㅜㅜ 짱이지 말 나온 김에 오늘 함 보자 핵 명작임 진짜 키키 장면 하나하나 소름이야... 맞지 ㅜㅜ 명작 한 편씩 보고 자야겠네 키키 중구 죽을 때 그거 50번 본 듯... 요새는 로맨스 이런 거도 안 땡기드랔 ㅋ 마자 요새 느와르 넘 뜸해서 슬퍼... 넘 재밌지 ㅜㅜ 느와르 짱",0,B
normal_B_0556,나 요즘 머리가 자꼬 빠지고 있어서 큰일이네ㅜ 그래? 벌써 그러면 어떡해ㅜㅜ 많이 심해? 응 머리 감을 때마다 한 움큼씩 빠지고 지금 정수리는 비어 보여... 헐 근데 요즘 옛날에 비해 젊은 층 탈모가 심각하다고 하더라 나 탈모인가 봐... 병원 가 봐야 될 듯해ㅜ 맞아ㅜ 탈모가 심각하게 진행되기 전에 두피케어 받는 게 좋다더라! 응 그런 거 같아 미리미리 관리해주는 게 좋은데 이미 진행 중이면 못 멈출걸...? 아냐 아냐 당장에 머리가 없는 거 아니면 충분히 개선이 가능하다더라구! 아 그래?ㅜ 너는 머리숱 많아? 나는 머리숱도 얼마 없어서ㅜ 아 정말? 나는 아직... 머리숱이 너무 많아서 머리 말릴 때 너무 힘들어 ㅠㅠ 머리숱 많다는 사람 보면 진짜 부럽더라... 그치 나도 많은 건 아니지만 탈모는 아니라 다행이라 생각해... 부럽다... 그게 탈모가 한 다리 건너서 온다더라구... 근데 우리 할아버지가 머리가 없으셨어ㅜ 그래? 음... 우리 할아버지도 없으셨던 거 같은데... 난 탈모 모르겠어 키키 아직인가... 그럴 수도 있고... 근데 여자들이 탈모가 더 많다긴 하더라 너도 혹시 모르니까 조심해~! 정말? 여자가 더 많더니... 충격이네... 좋아! 미리미리 관리해야겠다 ㅜㅜ,0,B
normal_B_0557,이번 제트플립이 완전 대란이래 ㄷㄷ 맞아! 연예인들도 엄청 많더라 키키 이쁘긴 하더라 나도 갈아 타고 싶어! 근데 내가 봐도 예쁘더라 키키 아이폰은 포기 못해 그래도... 키키 아이폰 접히는 거 나오면 대박 아님? 진짜 바로 구매각이야 키키 아이폰 접히면 나 바로 간다... 오빠 플립 얘기하던데 몬가 오빠한텐 넘 안 어울려... 키키 형부? 형부는 폴드가 어울리는디 여자폰 느낌...? 그런가... 우리 오빠 손이 엄청 큰댱 근데 배터리 초초초초초 빨리 달긴 한뎅 어우 그건 넘 별루다 우리의 **씨는 사전 예약하심 역시 그런 거 재빠르당 몬가 키키 **씨랑 꽤나 잘 어울리는 듯 인정 키키 **이랑 잘 어울려,0,B
normal_B_0558,너는 지금 알바하는 중이야? 어 지금 알바하고 있어! 아 그렇구나 무슨 알바해? 나 피시방 알바하고 있어 하하 어 요즘에 피씨방 얼굴 많이 본다던데~? 그래서 내가 뽑혔나 본데 키키 진짜 부모님 걸고 자신 있냐!? 미안 부모님은 못걸겠다 키키 거기 시급은 얼마야? 최저인가? 주휴수당 포함해서 만 원 정도? 와 그래도 주휴수당 다 챙겨주네? 그러니까 사장님이 너무 착해! 키키 거기도 음식 만드는 곳이지? 응 음식 만드는데 쉽더라! 근데 종류 많아서 힘들지 않아? 우리는 피시방이 작아서 괜찮은 거 같아,0,B
normal_B_0559,"오빠 비행기는 타 봤으? 야 나를 무슨 원시인으로 알고 있냐? 키키 키키 왜 내 남친 비행기 한 번도 안 타 봄! 아 그분 제주도 거기도 한번도 안 갔대? 키키 제주도도 한 번도 안 가 봤대!! 헐 너 여태까지 뭐함? 데리고 가야지 가자고 했는데 시간이 안 맞았어! 너가 맨날 일하는데 너가 안 나는 거 아니고? 키키 맞아 나 11월까지 월차 못 써, 남자친구 위해서 한번쯤 시간을 좀 내봐 키키 나도 그러려고 했는데 회사 인원이 너무 부족해 ㅜ 아 그럼 너 수술한 뒤에 가서 놀면 되겠다 키키 키키 어 1월 달이 내 생일인 거 알지? 오 생일 기념 여행 가겠는 걸? 부럽 부럽 그러니까 1월만 기다리고 있다 부들부들! 애인도 그때를 가장 기다리고 있겠네!",0,B
normal_B_0560,호주에서 29년 만에 탈옥수가 자수했대! 키키 29년 동안 어떻게 숨어 지냈지... 대단하다 그니깐 수리공 일하면서 숨어 지냈다더라 키키 키키 대박이다 장발장 현대판이네 무슨 생각으로 자수한걸까... 코로나로 생활고 때문에 자수 했다네 키키 키키 탈옥범도 자수시키는 코로나...역시 무서운 존재였어 살던 집에서도 쫓겨나고 노숙했었나 봐 키키 그러다 노숙보다 감옥이 낫겠다 싶었다며 자수했대 키키 헐... 뭔가 찡하다 ㅠ 감옥이 나을 만큼 힘들었다는 거잖아 ㅠ 그치 코로나의 위력이 엄청나... 진짜 키키 코로나가 길어지다 보니까 탈옥범이 자수도 하네 키키 형사보다 낫다 키키 진짜 어이없고 웃기고 그렇네 키키 진짜로 세상에 이상한 일 참 많다 키키 요새 들은 얘기 중 원탑인 듯 키키 그치 키키 탈옥 혐의로 기소돼서 지금 들어가 있나 봐 키키 키키 그래도 원하던 대로 됐네 감옥이 노숙보다 낫다고 생각했으니... ㅎ 사람들 댓글이 코로나 끝나면 또 탈옥 하는 거 아니냐고 그러더라 키키 키키 아 진짜네 키키 29년간 해 봤으니 또 할 수도 있을 것 같아 키키,0,B
normal_B_0561,날씨도 좋은데 풋살 한판 할까!? 이번 주 안돼 어머니 생신이셔 아 그건 못 참지! 그럼 담주 ㄱㄱ 콜 오늘 날씨 겁나 좋지 않냐? 응 엄청 맑고 시원하다 이제 여름 다 지나갔나 봐. 그러게 요즘 계속 시원하고 좋네 뒤늦게 장마 한번 더 오더니 시원해 좀 습해도 지나니까 엄청 시원하다 이대로 가을 오는 거 아니냐? 키키 그럼 개이득... 여름 힘들어 ㅠㅠ 나도... 여름보다는 가을이 좋지 절기로는 가을로 접어 든다고 하니깐 뭐... 절기 안 믿지만 곧 가을 오겠다 그러게 가을 되면 놀러나 가자~~ 좋지. 담주에 풋살부터 고고,0,B
normal_B_0562,황소 머리 뭐 하기로 했어 머리 아직 못 정했어 4시간이라 그 니 머리 못 하겠어 키키 키키 니 머리 짧아서 선택권 그거 밖일 듯 ^^ 악 키키 파마를 해 보고 싶은데... 자신이 없어 왜 니 파마 한 거 못 본 거 같지...? 나 파마 할 때마다 폭탄 머리 되잖아 키키 닌 칼단발이 너무 너무 너무 잘 어울령! 맞어 평생 이 머리 못 벗어날 듯... 요즘 필러 맞을까 생각 중 키키 헐 고딩 때 파마 머리였꾼 하하 생각이나버렸군 그때만 했다 사자 머리였짢아 키키 필러? 어디에... 개아프잖아... 내가 저번에 이마 맞고 죽을 뻔했거든? 3년 되니까 또 맞고 싶네 ㅠ 이마 왜 맞냐고 ㅠ 다 빠졌어? 이제 가라 앉은 거 같애 나 이마 엄청 납짝쿵이잖아 키키 독하다 독해 키키 세상에나 아픈 건 못 참아... 그래 너무 아파서 무서워서 못 맞겠어 수면 마취하고 맞고파 키키,0,B
normal_B_0563,"오 대박 베트남 10월부터 외국인에 재개방 한대 그게 머선 말이고? 지금 안 되는 거 아녀? 엉 원래 코로나로 폐쇄했는데, 백신 완전 접종한 외국인은 된대 오... 하긴 그 나라는 휴양지 관광 수익이 더 클 테니까 그르치 이름이 푸꾸옥 섬이라는데? 너 알아? 아니 난 모르겠어... 그런데 그렇게 사람들 많이 받으면 코로나 더 심해질 텐데 그래서 자기들 나름 고민해서 한 달에 2천 명만 받나 봐 그 정도면 뭐 괜찮긴 하겠다. 자 국민은 좀 불안하겠네. 그치 나는 내가 자 국민이면 좀 고민 될 거 같긴 해 응 맞아 국고에 돈은 줄어들고 안 하자니 코로나 걱정이고? 그렇지... 그런데 외국인들이 많이 갈까? 그러게? 우리는 나갈 수 있나? 과연? 나갔다 들어오면 또 2주 자가 격리 해야 할걸? 흠... 그럼 사실상 안 된다고 봐야... 그르치 직장 때려 치고 가면 가능하다 눈치가 얼마나 보일까 키키 나는 작년에 때려쳤는 데도 못 갔어... ㅜㅜ",0,B
normal_B_0564,아니 더워서 토를 했어? 응 더위 먹으면 토한다 ㅜㅜ 무슨 그런 일이 다 있노 그때 40도 거의 낮에 그랬는데 어떻던데 키키 더워서 토한 거 맞음? 바다에 있었거든 키키 근데 밤에 머리 아프고 그러더니 토하고 밥도 못 먹음 헐 신기행 더워서 그렇대? 웅웅 맞음 그러고 쉬니까 갠춘하드라 담날 그러다 농사 일하는 어른들 돌아가시더라이가 그래 ㅜㅜ 진짜 여름에는 죽음이다 ㄷㄷ 날씨에 취약한 ** 증맬 연약하군 지금 날씨 근데 너무 좋지 않음 제주도 가기 좋은 날씨 아 그렇쥬 완전 난리 나쥬 ㅠㅠ 근데 사람들이 다 해외 못 가서 제주도 가니까 넘 비싸드라 태풍 끝나고 가면 너무 좋겠당 비행기가? 웅 비행기도 물가도 넘나리 비쌈,0,B
normal_B_0565,"부모님은 두 분 다 환갑 넘으셨어? 아니 우리 부모님은 아직 안되셨고 곧 바라봐 하하 그러면 이제 환갑 잔치는 안 하더라도 같이 밥은 먹어야지!? 가족끼리 모여서 외식은 한번 하러 가야지 키키 맞아 우리도 곧 환갑이거든 아부지가, 너네 환갑이랑 퇴직이랑 하면 파티가 많겠는 걸? 하, 용돈은 얼마 정도로 측정해야 할까,? 일단 환갑 때는 좀 많이 드려야 되는 거 아니야? 나 전재산이 130만 원 있는데 내 영혼 털어야 하니,? 너 많다 나는 지금 사만원 있어 키키 키키 지금까지 벌던 돈 다 어디 갔어! 나 오늘이 결제일... 그래서 순삭 당했어... 키키 헐, 실화야,? 얼마 나왔는데 ㅜㅜ 나 이번 달은 100만원 나오더라고 ㅠㅠ 할분데 ㅠㅠ 핫, 오빠 빨리 돈 모아야지 ㅜㅜ 나 대신 니가 좀 벌고 불우이웃 해줘라 하하",0,B
normal_B_0566,언니 내일 배움 카드는 어떻게 알고 한 거야? 내일 배움 카드? 그거 나라에서 지원해 주는 건가 아 언니 청년내일채움 제도라고 했지!? 아 키키 응 그거랑 이거랑은 다른 걸로 알고 있어 키키 맞아 언니 그거 어떻게 알고 신청했으? 나는 원래부터 알고 있었는데 다른 쌤들 한다길래 나도 해봤지! 그렇구나 언니 그걸로 뭐 배운 거야? 으잉? 이건 배우는 게 아니고 그냥 하나의 제도야~ 엉? 그러면 내가 내일배움 제도로 했나 봐 나는 이걸로 회계 자격증 땄거든! 아 자꾸 청년내일이랑 헷갈려서 키키 내일배움 제도는 안 해봤어! 아 맞다 청년 제도는 회사 반 나라에서 반 언니 월급 주는 거 맞지!? 아니 월급이 아니라 목돈처럼 크게 돈 주는 거야~ 다 틀리네 키키 내가 알고 있는 건 도대체 뭐지!? 키키 그러게 도대체 뭘 알고 있는 거야 내가 더 헷갈리네 키키 미안혀 이래서 사람은 대충 알고 있으면 안 된다니께~ 안 하니까 그럴 수도 있지 뭐 ㅜㅜ 이해해,0,B
normal_B_0567,"언니는 산이 좋아 계곡이 좋아 바다가 좋아? 나는 산도 좋고 바다도 좋아 하하 계곡은 별로 키키 왜? 계곡이 제일 좋지 않아? 계곡은 뭔가 덥기도 하고 ㅠ 나이 들면 가기 좋을 거 같아 계곡이 덥다니,? 제일 시원하지 않어!? 나는 계곡이 제일 좋다규~ 그래? 난 바다는 그냥 물멍하기 좋고 산은 마음이 편해져 키키 아 바다 인정 그러면 언니는 바다에서 노는 거 좋아해? 근데 물은 안 좋아해 키키 안 들어가고 보기만 함 나도 바다는 놀기엔 너무 무섭지 않아? 그래…바다 들어갔다 오면 찝찝해 그리고 계속은 더워 ㅜ 키키 맞아 바다 그리고 소금물이라 짭짜름 하잖어! 맞아 그리고 바다에서 죽는 사람도 엄청 많잖아ㅜ... 키키 헉, 언니 죽은 사람 봤어,? 아니 그건 아니고 ㅠㅠ 헤헤 뉴스에서만 봤지 키키 그렇지? 나도 그래서 튜브 없으면 절대 안 들어감! 맞아 무조건 튜브 필수지 어디든 키키",0,B
normal_B_0568,티비에서 봤는데 되게 신기하신 선생님 나오셨엉 티비에 어떤 분이 나오셨니? 초등학교 선생님이 나오셨는뎅 교육이 신기해 어떤 교육을 해주시는 분이니? 조기 교육으로 세금 개념과 월급 개념을 미리 교육 시켜주신대 수업 시간에 월급과 세금에 대해 알려주시는 거니? 응응 되게 신선한 교육이지 근데 제일 중요한 교육일 수 있겠다 맞아 사실 바느질 하는 법 이런 것도 좋지만 보험가입 방법 이런 거도 알려주는 현실적인 교육도 좋은 것 같아 그래 혼자서 할 수 있는 방법을 미리 알려주는 것도 좋겠네 맞아 그러니까 사실 제일 필요해 사기 안 당하는 법 이런 것도 좋겠다 맞아 그래서 그 티비에 나온 선생님이 되게 멋져 보이셨엉 기술과 가정 시간에 어떤 거 배웠니? 생각이 잘 안 나는 거 보니... 그렇지 과목만 생각나는구나,0,B
normal_B_0569,너 이번에 쿠팡에서 뭐 삼? 나 오늘 고양이 넥카라 샀었어 키키 허 키키 고양이 넥카라도 팔아 거기서? 응 고양이 넥카라가 필요해서 로켓배송 시켰어 왜 고양이 또 아파서? 응 상처 난 곳을 핥으려 길래 필요해서! 아이고 그거 한 개에 얼마여? 만 원 언저리인데 내 꺼는 조금 더 싸서 8000원 아 진짜? 미니 사이즈로 사서 그런가? 제일 미니사이즈로! 아직 아기고양이라 키키 그렇지? 우리 집에 넥카라 있는데 어차피 못 쓰네 응 키키 나도 생각 했었는데 사이즈가 안 맞아 키키 우리집은 15000원 주고 샀거든! 오 그러면 디자인이랑 퀄리티 좀 괜찮겠는 걸? 키키 넥카라를 디자인을 보고 사? 비싸면 디자인도 이쁠 거 아니야~ 하하,0,B
normal_B_0570,너는 자취하면 반려동물 키울 생각 있어? 나는 강아지랑 고양이랑 햄스터! 세 종류를 동시에 키운다는 얘기야? 아니 점점 늘려 갈려구! 강아지는 무슨 종 키우고 싶은데? 강아지 비숑 키우고 싶어 너무 예뻐 아 그 친구 자다 일어나면 머리 짜뿌되는 거 졸귀지 ㅜㅜ 맞아 구름이 뛰어 다니는 것 같아 키키 ㅠㅠ 맞아 그러면 미용은 언니한테 부탁하면 되겠다~ 그러게 키키 좋은 생각이네 키키 언니는 반려동물 있어? 우리 오복이가 내 최애 반려동물이지 뭐~ 오복이는 어디 아픈 데 없어? 지금 이틀에 한 번씩 약 먹고 있잖아 ㅜㅜ 아이고 ㅠㅠ 마음이 너무 아프다 지금은 언니랑 엄마가 번갈아가면서 먹이고 있어! 약을 안 먹는 날이 왔으면 좋겠네! 우리 오복이,0,B
normal_B_0571,오빠 손가락은 왜 다쳤어? 그거 메롱이가 물어버렸어 키키 헉 ㅜㅜ 메롱이 무는 강아지 아니잖아 응 근데 미용하고 나서 화났 나봐 어우 ㅜㅜ 애기 털 미는 거 별로 안 좋아하는 구나? 이번에 미용사가 잘못 밀어서 그런가벼 어우 ㅜㅜ 근데 오빠한테 화풀이 한 거야? 엉 키키 그래서 병원 가서 소독하고 약 발랐어 깊게 물리지는 않았나 보네 다행이여 ㅜ 응 맞아 키키 그래도 손 씻을 때 쓰라려 죽음 ㅜ 오우 ㅜㅜ 병원에서 붕대 안 감아줬어? 붕대 감긴 했는데 손 자주 씻어서 불편 그거는 인정 오빠 목욕할 때는 어떻게 하냐 키키 키키 비닐 봉지로 감싸면서 하지 ㅜㅜ 오우 ㅜㅜ 그게 최선인 거야? 응 키키 근데 회복이 빨라서 2-3일 후에 풀 거야,0,B
normal_B_0572,예전에 해병대 체험 뭐 이런 거 있었지 않음? 키키 맞아... 연인끼리도 하고 그러지 않았나? 와 연인끼리 한다고? 남자 싫었겠는데? 키키 키키 그랬던 것 같은데? 키키 왜 싫어? 군대 어차피 가는데 체험을 한다고? 키키 키키 아... 그럴 수 있지 키키 정말 생각해보니 별로다 키키 키키 진짜 굳이 체험을 한다고? 키키 키키 그러게... 요새는 몇 개월 하지? 군대? 1년 반인가? 엄청 팍 줄었던데 좋지 뭐 키키 와... 그렇게 따지면 진짜 짧아지긴 했다 옛날 생각하면 그러니까 아버지 때는 36개월? 뭐 이랬다던데 키키 맞아 키키 진짜... 그렇게 따지면 거의 반이 줄었네 그러니까 키키 진짜 월급도 많이 주더만 오? 월급은 얼마나 준대? 키키 몰라 이제 군대에 관심 없어 키키 키키 악 키키 그래 그래 맞다 키키 군대는 정말 힘들지 ㅠㅠ 고생했다,0,B
normal_B_0573,언니 넷플릭스 보는데 추천 좀 나 요즘에 호텔 델루나 보고 있는데 강추! 아 그거 새로 나왔던데! 안 봤거든 맞아 근데 그거 나온 지 벌써 2년 됐더라! 그래? 소름 세월 봐 키키 그거 아이유 나오잖아 맞아 아이유도 이쁜데 옷이 진짜 예뻐! 근데 그건 무슨 내용이야? 나도 초반이라 잘 모르는데 귀신 나오는 거야! 아 그래? 오컬트 드라마 구나 키키 음 약간 코믹도 섞여 있어! 근데 안 무서워? 나는 귀신 무섭던데 ㅠㅠ 첫 화 때 눈 없는 귀신 나왔거든? 아 정말? 나는 귀신 으악 너무 싫어 나 밥 먹다가 그거 보고 뿜을 뻔! 키키 다른 거 추천해줘 그냥 음 잠깐 생각해보고 알려줄게!,0,B
normal_B_0574,오늘 내 학원 선생님 결혼하셨엉 그럼 잘 다녀왔니? 나는 안 갔엉 다른 친구들은 다녀왔니? 응 사진으로만 받았엉! 어디서 결혼 하셨니? 소사역에서 결혼하셨엉 거리가 살짝 있구나 응응 선생님 근무지는 우리 집 앞이신데 결혼은 거기서 하셨엉! 거주지 기준으로 하셨나 보다~ 그런 것 같아 결혼은 거주지랑 근무지 둘 중에 하곤 하지? 거의 남자 쪽 근무지 주위에서 하긴 해 아하 지역 고르는 것도 일이겠다 대부분 상견례 때 날짜와 지역 정하지 그렇구나 결혼은 참 어려워 그렇지 결혼은 신중하지,0,B
normal_B_0575,"언니는 유럽 여행 갔다 왔어요? 응응 나는 프랑스, 영국, 로마 와 진짜 대박 부럽 ㅜㅜ 저도 진짜 시국 이렇게 될 줄 알았으면 빚 내서 갈걸 키키 그니깐 나는 그렇게 외국 간 건 하나도 후회 안 해 ㅜㅜ 진짜 그때 갔어야 하는데 이제 인종차별 있을까 봐도 무섭고 맞아... 그것도 그럴 수 있지 키키 그때도 가면 첫 마디가 중국인이냐였음 헐 진짜요? 아니 외국인은 못 알아보니까 ㅜㅜ 키키 응응 우리도 다 그냥 미국 사람 같듯 걔들도 아시안인은 그런가 봐 맞아요 키키 우리도 서양인 구분 못 하니까 키키 맞아 맞아 키키 글서 중국인? 일본인? 한국인? 순이더라 와 한국인이 왜 제일 마지막이죠? ㅜㅜ 내 말이... 너무 슬펐잖아... 근데 그게 꽤 예전이긴 해 지금은 이제 진짜 중국인 하면서 인종차별 바로 할지도 키키 맞아... 코로나 시작도 중국인데 ㅂㄷ 휴 정말 아주 피해만 끼치죠 ㅜㅜ 맞아... 진짜 중국인들은 너무 별로야 ㅠㅠ 이럼 안 되지만",0,B
normal_B_0576,** 수영할 줄 아니... 나 수영 웃긴 게 배영 밖에 못해 소름이지 키키 나랑 똑같네 키키 나도 배영만 할 줄 알아 키키 어 니 물개 아니였나 엄청 잘했던 거 같은데 키키 키키 수달이지 배영만 잘하거든 키키 악 키키 나도 왜 누워서만 가능할까 ? 호흡이 어려워ㅠ 수영 배우고 싶당 맞지 ㅠㅠ 나도 자유형 하면 점점 물에 가라 앉더라 ㅠㅠ 경대에 뭔 스포츠플렉스? 개업했는데 아 졸 비싸데? 거기 수영장이야 ? 산청읍 수영장은 핵 싸 ^^ 그 분식점들 없애고 지었잖아 거기 비싸! 아아 거기 키키 거기 수영장도 있구나 대박 얼마나 비싸길래 ㅠㅠ 산청읍에 수영장 있어? 그래 요즘 읍 단위에 그런 게 많뎅 ㅠ 응 여기 없는 게 없어 헬스장 수영장 탁구장 테니스장 ! 1회 수강에 4만원인가 6만원인가 키키 피티 수준임 키키 ? 그럼 누가 다녀여 ...? 넘 비싸다 **한테 배워 키키,0,B
normal_B_0577,"힐링이 필요해~ 나 떠날래~ 어디로 떠나게 키키 뭔 틈만 나면 떠나고 싶대 나 머리 밀고 절이나 들어갈까? ? 키키 절이요? 너 편식 심해서 절 못 들어가 푸르른 자연을 보면서 무소유를 배우고 오는거지... 푸르른 자연을 보면서 힐링하고 싶은 거면 자연 휴양림 가는 게 어때? 장성 편백산? 거기? 응응 광주에서 가깝네, 거기 갈래? 아니 나 시골이 장성이라 학생 때 매주 가서 질렸어 왜? 매주 갈 일이 뭐가 있어? 아빠가 할머니랑 할아버지 모시고 갔거든 키키 나는 선택 사항이 없이 강제로 매주 갔어 지금은 왜 안 가? 나도 이제 컸잖아...ㅎ 학생 때는 매주 따라갔지만 이제 나도 나만의 시간이 필요해 키키 아주 웃기시네 그럼 어디로 갈까? 키키 그럼 우리 무등산 등산할래? 등산 잘 할 수 있겠어?",0,B
normal_B_0578,요즘 재밌는 예능 있나 키키 요즘? 키키 나는 예능보단 드라마를 더 보는 거 같다 키키 아 맞다 키키 드라마 좋아한다 했재 키키 난 드라마 몰아봐야 좋아 아 한번에 드라마 완결까지 다 보는 거 좋아하는 거제? 뭔가 다음 회가 궁금해서 참을 수가 없다 키키 그거 나도 공감한다 키키 감질맛 난다 ㅠㅜ 그니까 키키 진짜 작가들 잘 끊는 거 같다 맞다 ㅠㅠ tvn에서 지금 해주는 드라마 갯마을 차차차라고 있는데 ㅠㅜ 다음 화 궁금해 죽겠다 키키 아 그거 본다 했었재 키키 다 끝나면 알려줘 한번 보게 키키 그거 이제 4화까지 했는데? 키키 엉? 키키 그... 그럼 내가 두 달을 까먹고 있을게 키키 적어도 16부작까지 할 거 같은데 키키 알겠다 끝나면 말해줄게 키키 그래 키키 나는 스포해도 괜찮긴 하다 키키 그냥 내용이 자극적이지 않아서 좋다 ㅠㅠ 키키 그래 나도 그런 거 좋아한다 키키 펜트하우스는 너무 격정적임 뭐 불륜은 기본이고 폭력적이고 키키 죽었던 사람 다시 환생하고,0,B
normal_B_0579,저희는 결국 땅땅 배달하기로 했어요 키키 오 대박 오늘 저녁으로? 키키 3번 세트? 키키 그냥 순살 시켰어요 아빠가 키키 너무 먹고 싶다네요 키키 키키 오 3번 세트가 아버지 페이보릿 아니었니? 키키 세트 3번에 순살이 있어요 키키 양이 많아서 안 시켰나 봐요 오 키키 글쿠만 키키 근데 치킨은 순살이지 맞아요 키키 먹기도 편하고 굿굿 키키 맞아 치울 껏도 별로 없고 얼마나 좋아 맞아요 키키 배민으로 시켰어야 하는데 쿠폰도 있고 오 근데 뭐로 시켰어? 전화로? 키키 너무나 빠르게 전화로 시키셨어요 키키 키키 웃겨 키키 진짜 드시고 싶으셨나 봐 그런가 봐요 키키 이제 저는 전화는 불편하던데 키키 맞아 나도 키키 난 원래도 그런 거 전화하기 불편했는데 요새 넘 좋잖아 아 진짜요? 키키 맞아요 배민으로 결제만 하면 되니까 너무 편함 키키 키키 맞아 전화도 안 해도 되고 얼마나 좋아,0,B
normal_B_0580,그거 들었음? ** 연임 안 한대 아 맞아맞아 키키 지지율 너무 떨어져서 그렇다고 하더라 올림픽 억지로 개최 해서 그런 거 아님? 코로나 방역도 전혀 안 됐고 그 와중에 올림픽 했는데 확진자는 더 많이 나오고 난리였으니... 그럴 만도 하지 키키 ** 얼마 안 하지 않았어? 웅 ** 총리가 아프다고 했나 그래서 그만두고 일 년 정도 남았는데 **가 들어감 키키 처음에는 되게 인기 많았던 거 같은데 응 첨에는 지지율 디게 높았는데 키키 재수 없을 때 걸리기도 한 거 같고 지가 못한 것도 있지 뭐 키키 일본 뭔가 시스템 잘 돌아가는 나란 줄 알았는데 이번에 보니까 전혀 아닌 거 같다 나도 그 생각했음 키키 무조건 선진국이라고 생각했는데 키키 이제... 망할 때가 된 건가 키키 선진국도 옛날 말이지 호황기 때만 선진국 아니냐 키키 이제 우리나라가 진짜 선진국인 거지 키키 안 그래도 최근에 우리나라도 선진국으로 격상됐자나 키키 맞아맞아 난 한 것도 없지만 괜히 뿌듯 키키 맞아 괜히 뿌듯 국뽕 차오른다 키키 이제 키키 이름값에 맞게 할 일은 더 많겠지 키키,0,B
normal_B_0581,"언니 이번에 우리 동생이 군대 영장 나왔대 ㅎ 아니, 막내가 벌써 그렇게 컸어? 세월 빠르다~ 응 완전 빠르지 이제 2달 후면 군대 간대 ㅎ 어디로 가? 육군? 해군? 멀리 가는 건 아니지? 응응 육군인데 아직 훈련소 들어가봐야 제대 배치 받어 아~ 그렇구나. 나는 남자 형제가 없어서 군대는 실감이 안 나네 ㅠㅠ 요새는 복무 기간 좀 줄지 않았어? 예전에는 2년었는데 이제는 18개월 이래 그렇구나! 요새는 핸드폰도 쓸 수 있다던데~ 많이 바꼈더라 하하 동생 좋은 선임들 만나야 하는데... 걱정되겠다 응응 예전보다는 많이 좋아졌다구 해서 다행이야 가기 전에 선물 하나 하려는데 뭐가 좋을까? 나는 아는 동생 군대 있을 때 남성용 올인원 화장품 사줬어~ 요새는 남자들도 피부나 헤어 신경 많이 쓰니까^O^ 아 올인원 화장품! 생각도 못했네~ 아니면 역시 현금이지 키키 휴가 나와서 친구들 만나고 할 때 쓰라고 챙겨준다더라 아 나중에 휴가 나오면 현금이 줄줄 새겠군 근데 요즘 군테크라는 거 한대! 군테크? 군테크가 뭐야? 처음 들어 봐 옛날에는 월급이 8만원 10만원 정돈데 지금은 60정도 받아서 돈을 모아 나온대 헉. 군인 월급이 많이 올랐구나~ 그래, 나라 지킨다고 제일 좋은 시기에 가는 건데 대우 잘해 줘야지 ㅠ 군테크라니... 진짜 신기하다",0,B
normal_B_0582,씨엔블루 누군지 알아? 외톨이야 부르던 그룹 아니야? 맞지 맞지 올 알아? 예전에 FT아일랜드랑 같은 소속사라고 나온 거 봤어 지금 전참시에 나오는데 짱 오랜만이 양 오랜만이네 전역 다 한 거야? 응 세명 다 제대하고 이제 앨범 나올 거랑 밴드는 오랜만인 것 같다 엄마는 버즈 잘 알지? 딸도 버즈 세대 아니야? 키키 그렇긴 해 두성 두성 아는 형님도 계속하고 있나? 엉엉 게스트도 계속 바뀌고 아는 형님 계속하지 전참시 이번 주 게스트 누구 나왔어? 음 씨엔블루랑 육준서! 재밌었겠다 한번 봐야겠다,0,B
normal_B_0583,언니는 주택청약 들고 있어? 나는 고등학생 때부터 계속 들고 있었어! 아 진짜? 그럼 청약 당첨된 적은 없어? 웅 나는 아직 청약 신청한 적은 있는데 당첨은 안 됐었어 ㅠ 오~ 고등학교 때부터면 1순위는 진작 됐겠네?! 그치 가입 기간으로 따진다면 1순위는 진작이었지~ 오~ 부럽다 나는 자주 해약하게 되더라고... 난 다른 거 다 해약해도 청약만은 참았어 ㅠㅠ 대단하네 키키 한 달에 얼마 정도 넣고 있어? 한 달에 10만 원씩! 꾸준하게 넣으려고 하는데 잘 안되네 많이 넣는구나~ 키키 2만 원씩 2년만 넣어도 1순위라던데 키키 그럼 뭐해 다른 건 점수가 다 부족한걸 키키 아 그래? 또 다른 점수가 있어? 부양 가족도 있어야 하고 무주택자로 있었던 기간도 필요하고 하하 아 뭔가 어렵네... 그래도 노력해서 내 집 마련의 꿈을 이루겠어! 기다리다 보면 내 집도 생길 거야!,0,B
normal_B_0584,요즘 사회적으로 학교 폭력 문제가 너무 심한 거 같아! 맞아 그 국가대표 운동선수들 나온 기사 봤어? 자매 응 진짜 심했더라 어떻게 같이 운동하는 친구들끼리 그럴 수가 있을까? 요즘은 연예인들도 학교 폭력 때문에 문제 많잖아. 그니까 어려서 철없어서 한 행동이라기엔 너무 심각해 피해자들 트라우마 진짜 클 것 같아! 그러니까 최근에 기사 보니까 어려서 할 수 있는 행동이 아니더라고! 처벌이 좀 강해져야 할 거 같은데 어떻게 생각해? 응 맞아 좀 법률이 좀 개정되는 게 좋을 것 같아 그거만 믿고 더 범죄 쉽게 생각하는 청소년도 있더라 맞아 어차피 처벌 안 받을 거라고 생각하고 함부로 행동하는 거 같아 최근에도 광주에서 학교 폭력 때문에 자살한 사건 보니까 마음이 너무 안 좋더라 ㅠㅠ 어린 마음에 혼자 얼마나 견디기 어려웠을까. 학폭 당하면 부모님한테도 잘 말 못하고 혼자 견뎌내는 학생들이 많대 또 보복 당할까 봐 그러니까 말이야 그런 기사 보면 너무 화나고 안타까운데 그런 기사가 너무 자주 나오는 거 같아! 요즘은 초등학생들도 심하대 그러게 요즘 기기가 발달하니까 꼭 신체적인 폭행 아니어도 사이버 따돌림이랑 이런 것도 있대! 맞아 그렇다고 하더라 너는 요즘 연예인들처럼 학교 폭력 가해자들이 나중에 밝혀져서 피해 받는 게 억울할 거 같다고 생각해? 어때? 지금 아예 생업이 중단되는 거 보면 그 사람들도 또 다시 피해자가 되는 거 같긴 한데 그래도 본인이 한 일에 대해서 그렇게 된 거니까 어느 정도는 감수해야 하는 것 같아. 너는 어떻게 생각해? 응 나도 가해자들이 어렸을 때 처벌 안 받은 걸 커서 받는다고 생각하면 억울해 하지 말고 반성하는 게 먼저 인 거 같아! 요즘은 하도 문제가 많아서 더 그렇게 생각하게 되는 거 같아 맞아 본인이 한 일을 반성하는 게 먼저가 아니고 자기도 피해자라고 주장하니까 그게 더 문제야! 근데 그 사람들을 옹호하는 사람들도 또 있더라 맞아 여러 가지 문제가 또 생기는 거 같아 앞으로 법적으로 확실하게 해결할 수 있는 방안들이 나왔으면 좋겠어! 그러게 빨리 뭔가 해결되면 좋겠다.,0,B
normal_B_0585,요즘 마스크 인터넷에서 사면 가격이 좀 싼가? 응응 나 거의 KF94 1장에 199원에 삼 키키 예전에 몇 박스 사논 거 거의 다 써가서 또 대량구매 하려고 생각 중이라 키키 아 진짜? 키키 근데 마스크 회사가 많이 없어진 듯 니는 마스크 어디 꺼 사용 중이야? 엇... 어디 꺼지... 이름은 모르겠는데 까만색 쓴다 아 그래? 흠... 인터넷에 아무거나 그냥 사면 되는 건가? 아니야 그냥 사면 안돼... 그거 허가 받았는지 확인하고! 아아 웅웅! 혹시 시간 될 때 너 마스크 산 사이트 좀 공유해줘! 키키 알겠다 키키 나 그런 거 잘 찾는 편이다 키키 그래 키키 니 인쇼 좀 많이 해본 것 같더라 키키 키키 응... 엄청 찾아보고 가격 비교해서 사야 하는데 요즘 좀 바뀐다 뭐가 바뀌어? 니 쇼핑 습관이? 그냥... 막 찾아보는 스트레스보다 걍 빨리 사서 쓰는 게 나은 거 같기도 해 키키 나도 그런 편이야... 가격 생각해보면 몇백 원 차이 안 나고 그런 것도 많더라구! 며칠씩 알아보고 비교하는 게 시급도 안 나올 듯 키키,0,B
normal_B_0586,모더나 백신 맞고 발열 증상이 화이자 보다 많대! 아 그래? 근데 화이자로 죽은 사람들이 더 많던데! 그게 화이자 맞은 사람들이 더 많아서 그렇대 아 비율적으로 더 많아서 그래 보였구나! 맞아 그렇다고 들었어 지금 부족하다고 하잖아 모더나는 어디서 생산하는 백신이야? 모더나 미국이잖아 저번에 알려줬잖아 그러면 화이자는 어디 나라에서 생산한 거야~? 화이자는 어디였더라 화이자도 미국인가? 찾아 보니까 다 미국이네~ 미쿸 난 이번에 화이자 맞았어 나는 나중에 국산 나오면 맞을게! 근데 나도 그럴 걸 그랬어 아니야 잘 맞았어 죽지 않았잖아! 그렇긴 한데 좀 많이 불안하네 키키 기사에 너 나오는 거 아니지 ㅜㅜ,0,B
normal_B_0587,나는 형이랑 한 살 차이라서 자주 싸웠었는데 너도 형제 있어 나는 언니 두 명 있어 나는 나이 차이가 좀 나서 많이 싸우지는 않았어 너는 형만 있어? 아니 동생도 있는데 지금은 형하고 친구처럼 지내 하하 한 살 차이니까 그렇겠다 동생이랑은 몇 살 차이야? 동생은 나이 차이 많이 나 너는 언니랑 나이 차이 많이 나? 응 나도 많이 나 너는 얼마나 나는데? 나는 8살 차이 나 너는 얼마나 나는데? 와 동생이랑 8살이나 차이나? 그렇게 많이 나는 줄은 몰랐네 나는 큰언니랑은 11살 차이 나고 작은 언니랑은 9살 차이야 너도 많이 차이 나네 이쁨 많이 받았겠네 음 언니들이 잘 챙겨 주긴 했지 너는 동생 많이 예뻐해 줬니? 애기 땐 이뻐해 줬는데 클수록 맘에 안 들어 너도 그렇겠네 아니 나는 착한 동생인데?! 그래? 그럼 다행이네 잘해 줘 언니들한테 그래 너는 동생한테 잘해 주고 있어? 잘해 주고 있지 너도 이쁨 받는 동생이 되렴 그래 알았어 노력해 볼게,0,B
normal_B_0588,** 재난지원금 받을 거야? 맞다 재난지원금 까먹고 있었네 언제 신청하는 거지? 난 어제 신청해서 오늘 받았는디...? 헉 키키 깜박하고 있었다 좀따 얼른 신청해야겠어 키키 그거 요일제야 키키 못할걸? 헉 그럼 언제 또 할 수 있는 거니 나 바보니? 지원금 받으면 뭐 할 거야? 키키 지원금 받으면 글쎄 뭐 하지 자동차 엔진오일이나 갈아야겠다 키키 오 난 뭐 거의 식비 99%... 그래 먹는 데 젤 많이 쓰니까 얼마 주더라 재난지원금 키키? 25만 원이야 키키 이것도 모른다고 ㅠ 바보 ** 25만 원 키키 갑자기 용돈 받는 느낌이네 나는 찾아보니 금요일이야! ** 거랑 50만 원 받겠넹 키키 응응 그걸로 맛있는 거 사 먹어야겠다 경제 활성을 위해 키키 맛집 즘 또 링크 보내봐 ㅠ 맛집 엄청 많지 내 블로그에 가득 가득 있어 키키,0,B
normal_B_0589,요즘에는 가수들 연기자로 전향하고 그러더라 키키 맞아요 키키 그래서 발연기가 좀 심하던데요 은근히 잘하는 연기자도 많던데? 맞아요 잘하는 사람도 있긴 한데 못하는 사람도 많아요 발연기는 젝스키스에 장수원이 제일 유명한 듯 키키 와 키키 그건 잊을 수가 없죠 키키 괜찮아요? 키키 키키 맞다 그거 드라마는 안 봤는데 워낙 짤이 많아서 ㅋ 키키 맞아요 키키 잊을 만하면 계속 나와요 키키 그러니까 본인이 봐도 웃길걸 키키 흑역사 아닐까요 창피할 거 같아요 키키 다들 웃픈 과거 하나쯤은 있잖아. 키키 제가 연기해도 그것보다는 잘할 것 같아요 과연...? 그럴까? 우리는 얼어서 말도 못 할껄 키키 키키 저희도 괜찮아요? 아픈 곳 없어요? 에이 설마요 키키 진짜 그럴 듯 키키 각본대로 읽을 것 같은데 근데 대본을 외울 수 있을지가…,0,B
normal_B_0590,옛날에 조류 독감 걸렸을 때 군대에서 맨날 닭만 나왔었대 키키 키키 그거 들어본 거 같아 우리 20대 초반? 그 정도 때 아니야? 키키 응 그랬을걸? 그때가 한참 남자애들이 군대 많이 갔었으니까 군대 얘기를 많이 들었었지 키키 하긴 키키 요즘은 군대 핸드폰도 그냥 들고 간다던데 아 그래? 군대도 많이 좋아졌네? 응응 주말엔 술도 먹는다더라고! 술도? 그러다 갑자기 전쟁 나면 어떡하려고 그건 좀 아닌 듯... 확실한 건 아닌데 주말만 먹는다더라고~ 맥주만 키키 그렇구나~ PX에서 파는 거겠지? 거기 물건들이 그렇게 싸다던데 아니지! 술을 PX에서 팔면 안 되지 키키 나눠주거나 먹는 시간이 있다고 들었어 키키 삼겹살도 구워 먹고~ 아 그래? 키키 먹는 거야 뭐 훈련 엄청 열심히 하니까 밥이 엄청 맛있을 거 같아~! 그런가 키키 PX도 가고 싶다고 막 가는 거 아닌 거 같던데 직급 낮으면 가고 싶어도 못 간다는 얘기 들은 거 같아 키키 근데 요즘은 핸드폰도 소지하는데 막 가지 않을까 싶어 키키 핸드폰이랑 상관이 있을까 키키 그 드라마 봤어? 디피라고 탈영병 잡는 군인 이야기야~ 그런가... 키키 아니 아직 안 봤는데 재밌다더라~ 웅 키키 몰입감 쩔어... 한번 봐바~,0,B
normal_B_0591,"얼마 전에 가족 여행 갔었잖아 너 가족끼리 여행 자주 다녀? 우리도 그렇게 많이는 안 가는 거 같아 대신 당일치기는 다니고! 맞아 너가 말했던 거 생각해 보면 보통 당일치기가 많았던 거 같아... 응응 당일로는 많이 다녔어! 엄마가 집에 있는 거 답답하다고 해서 키키 그럼 보통 다니는 당일치기도 동생이나 너가 장소 정하는 경우가 많아? 응 아무래도,? 아니 나가고 싶으면서 안 정해서 키키 동생도 여행 갈 때 항상 같이 가는 편이야? 안 갈 거 같아 키키 아 자기 안 바쁘면 같이 가! 왜냐면 걔도 여행하는 거 좋아해서 키키 바쁘다 하면 우리가 물어보지도 않아 키키 오오~ 그래도 여행은 거의 가는구나 키키 응응 따라가지! 이번에도 추석에 차크닉 가면 원카드하려구 키키 와... 대박... 동생하고 그런 것도 한다고? 가족 다 같이! 키키 루미큐브도 사 갈까 생각 중이야 키키 가족이랑 다 같이 게임이라니... 난 명절 때 윷놀이 말고는... 키키 그것도 친척들이랑 다 같이였어 난 오히려 윷놀이를 안 하는 거 같아 키키 그냥 화투...? 친가에서 윷놀이 몇 번 했는데 그것도 한... 10년... 전? 아 진짜? 키키 아니 근데 10년 전 뭐야 키키 엄청 오래됐다",0,B
normal_B_0592,언니 운동 할까요! 키키 헬스 고고! 키키 오... 헬스... 키키 아니 ** 니는 좀 할 필요가 있는 것 같애... 난 숨쉬기 할래 키키 아니에요 언니 언니도 같이! 키키 키키 어휴... 일단 **이를 꼬셔봐 바... 키키 키키 언니는 제가 하자 하면 해요 키키 이제 언니 꼬실 차례 키키 오 대박... 키키 아니... 헬스는 말이지... 어려워... 키키 키키 언니 지금 해보고 말하는 거예요! 키키 그럼여 저 은근 운동쟁이였어서 안 해 본 운동이 없다규 오? 정말요? 의외인데요? 키키 왜 지금은 숨쉬기밖에 안 해요? 키키 키키 너무 힘들어서... 돈도 없고... 키키 아 키키 그 중에 맞는 걸 못 찾았나 봐용 ㅜㅜ 키키 웅 난 아직... 운동은... 다 안 맞아... 숨쉬기만... 키키 키키 휴 숨쉬기는 나도 지지 않을 수 있는데 키키 키키 웃겨 키키 그런 걸로 지지 않다니 키키 키키 잘할 수 있습니당! 키키 원래 수영하려고 했는데 코로나가 ㅜㅜ 오 맞아... 근데 수영은 생각보다 엄청 활동성이 많아서 배가 많이 고파,0,B
normal_B_0593,건강 관리는 잘하고 있니? 운동을 하다든지 숨쉬기 운동... 출퇴근 정도? 머래 키키 이제 우리나이엔 운동해야 한다 키키 나는 아침마다 공복 유산소 운동 하는데 키키 나에겐 출퇴근이 유산소 운동이다 키키 보험은 빠방하게 들어놨니? 보험은 한국에 실비 보험 하나 있네... 나이 먹을수록 보험이랑 운동의 중요성이 느껴지더라 암보험 하나 들어 놔야 한다던데... 맞아 ㅠㅠ 들어야 해 ㅠㅠ 건강검진은 받아 본 적 있어? 건강검진 작년 말에 회사에서 단체로 했었는데... 결론은 살 빼고 체중 관리 하라더라 다 똑같은 말이네 키키 건강검진 진짜 중요한 거 같아 니는 건강검진 받았나? 건강은 괜찮고? 나도 받아봐야지... 모든 질병이 예방도 중요하지만 조기 발견&치료가 중요하니까 ㅠㅠ 난 너무 급격하게 살쪄서 건강 검진하면 시한부 판정 받을까 봐 걱정했었는데 키키 보험도 알아보고 하나씩 들고 있어 나중에 큰 수술하게 되면 머리 아플 거 같아서 나도 암보험 좀 알아봐야겠다,0,B
normal_B_0594,오빠~ 어머님 물고기 키우시지? 응응 구피라고 작은 물고기! 그때 보니까 엄청 많던데? 엄마가 되게 잘 키우나 봐 번식이 엄청나! 키키 맞아 그때 봤을 때 되게 많았어 물고기 원래 걔네 키우기 어렵다는데 잘 크더라고 하하 신기해 키운 지 오래 됐어? 엄마가 구피 키운 지 엄청 오래 되긴 했네~ 어른들이 물고기 많이 키우시더라 하하 그래도 손이 덜 가서 그런 거 아닐까 하하 뭔가 그럴 것 같아 하하 난 물고기 말고 강아지… 오빠도 물고기 보다는 강아지가 훨씬 좋아 키키 근데 우린 키울 수가 없으니까 ㅠㅠ 슬프다 하하 나중에 이사 가서 거기 된다 하면 알아보자! 나중에는 꼭 키우고 말 테야! 하하 귀여워 하하 그땐 꼭 같이 키우자 하하,0,B
normal_B_0595,너는 군대 언제 갔었어? 키키 나 18년도 7월에 입대했어 정말? 나 너 간 줄도 몰랐다 키키 어 그래? 내가 조용히 갔다 오긴 했어 그러게 군대에서 보직은 뭐였는데 나 장병들 밥해주는 취사병 키키 아 키키 그거 새벽에 일어나서 요리 하는 거 아니야? 맞아 새벽에 5시에 일어나서 밥 준비하고 만들어 보통 몇 인분을 준비 하는 거야 그거? 장병 150이랑 간부 50해서 200인분 만들었어 헐 키키 그럼 밥 지을 때 진짜 삽으로 해? 어 맞아 키키 진짜로 삽으로 휘젓고 섞어 쌀 씻을 때 헐 키키 너 근데 요리 잘해서 거기 간 거야? 휴가 많이 준다 길래 지원해서 갔어 오 그래서 휴가는 많이 받았어? 부대 내에서 남들보다 20일 정도는 더 나간 것 같아,0,B
normal_B_0596,예전에 너네 집에 강아지 키우지 않았어? 어 맞아 예전에 키웠었지... 걔는 강아지별로 간 지 오래야 맞다... 그랬었지 미안... 너도 엄청 울었겠다 응 가족이잖아... 그래서 그때 이후로는 반려동물은 안 키워 아 진짜? 그래 그런 사람도 많더라고 응 근데 사실 키우고 싶은 마음은 있어 맞아 동물 좋아하는 사람들은 계속 키운다더라 맞아 집에 강아지가 있으면 되게 안정감이 들어 그 정도야? 진짜 가족이라고 생각하나 보다 신기해 응 키키 나도 유기견 보호 센터에서 봉사 활동하잖아 아 맞다 너 그랬었지 다음에 나도 한번 데려가 너 강아지 무서워하지 않아? 그럼 거긴 비추야 왜? 강아지들이 사나운가? 막 물고 그래? 무래도 유기견들은 좀 날카로운 게 좀 있어 그렇구나 나도 개훌륭 같은 프로그램은 되게 많이 봐 맞아 너 맨날 사진 보내 주잖아,0,B
normal_B_0597,넌 집에서 식사할 때 요리 자주 해먹나? 키키 아니 나는 요리 잘 안 해먹어 아 진짜? ㅜㅜ 그럼 밥은 어떻게 먹어? 식당 가? 주로 집에서 배달 시켜 먹어 아... 키키 너 배달 자주 시켜 먹는구나 ㅜㅜ 주변에 거의 그렇더라 응 요즘엔 1인 배달이 잘 되어있어서 다들 시켜 먹는 것 같아 키키 그렇지 ㅜㅜ 그래도 한번에 먹긴 많지 않나? 응 그래서 소분해서 여러 날 나눠 먹어 키키 오 좋은 생각이네 키키 그럼 밥솥도 없는 거야? 집에 밥솥은 있는데 잘 안 쓰지 키키 키키 아... 그래 사실 밥하는 게 제일 귀찮더라 ㅜㅜ 응 한번 해도 남겨서 버리는 경우도 많고 ㅠㅠ ㅜㅜ 맞다... 밥솥이 아무리 좋아도 이틀이면 노란색 되던데 키키 맞아 그래서 버리는 밥이 많음 키키 키키 그럴바엔 차라리 햇반이 낫다 키키 요즘 맛있음 우리 엄마도 쌀 말고 햇반 사서 먹으라더라,0,B
normal_B_0598,"야 논산 시외버스 터미널 없어진대! 헐 그러면 나 집 어떻게 감? 넌 다행히 고속버스 타고 오지? 아 고속버스만 그대로 유지하는 거야? 응 시외버스 터미널 아예 없어진대 그러면 부여에서 오는 사람들은 어떻게 해? 내 말이 일방적으로 폐업해서 시청도 당황스럽대! 엥? 이게 머선 일이고~ 그렇게 없애면 자기 손해 아니야? 그니깐 어찌 된 영문인지 궁금하네 그러게 부여에서 논산 왔다 갔다 하는 사람들은 어떡하냐, 그니까 그거 하난데 어떻게 왔다 갔다 하지 시외버스 터미널은 누가 운영하는 거야? 개인이 운영하는 거 아닐까? 시외버스 터미널 개인이 운영하는 거였어? 그런 것 같애 그러니까 일방적으로 폐업했지 헐 새로운 사실을 하나 알아버렸구만~",0,B
normal_B_0599,오늘 누나 늦는다고 얘기해줘~ 왜 늦게 와 엄마 아빠 걱정해 누나 남자친구랑 데이트하는데 늦게 들어갈 것 같아 하하 데이트하다가 늦는다고 하면 아빠가 싫어할 텐데~ 그럼 엄마한테만 말해줘 키키 알겠어~ 그래도 남자친구랑 잘 만나네 그럼 당연하지~ 남자친구가 아주 잘해줘 하하 내가 저번에 봤던 그 분 맞지? 그럼 그럼 아빠 생신 때 누나랑 같이 왔던 사람 맞아 키키 그때 보니까 되게 착하게 생기셨더라 응 오빠도 너 착하게 생겼다더라 키키 엄마가 왜 늦냐는데? 아아 자동차 극장에 영화 보러 왔는데 상영이 늦어졌어 ㅠ 그래서 늦게 끝날 것 같아서 아 알겠어 엄마한테 그렇게 얘기할게~ 얘기했어? 엄마가 뭐라고 했어? 응 얘기했어~ 조심히 놀다가 오래~,0,B
normal_B_0600,"오늘 점심 뭐 드실 거예요? 오늘도 편의점에서 먹을까 싶어요 요즘에 너무 더워서 식당에서 밥 먹고 나오면 죽을 맛이에요 ㅠㅠ 오늘 뭐 드실 건가요? 저도 날이 너무 더워서 오늘은 편의점에서 먹어야겠어요. 편의점 음식 중에서 어떤 거 드실 건가요? 간단하게 빵이나 아니면 컵라면 생각 중입니다 빵 먹을 때 주로 마시는 거는 뭐를 드시나요? 편의점에서 먹을 때는 항상 바나나 우유를 마시는 거 같아요. 평소에 라면을 자주 드시나요? 라면은 원래 잘 안 먹었는데 요즘 많이 먹는 거 같아요 라면 좋아하세요? 저는 반대로 라면을 정말 좋아했는데 요즘 많이 못 먹고 있는 거 같네요. 선호하시는 편의점 음식이 있으세요? 저는 삼각 김밥을 좋아해요 먹기도 편하고 맛있는 거 같아요 좋아하시는 편의점 음식 있나요? 간단하게 샌드위치나 햄버거 종류를 좋아합니다. 좋아하시는 음식은 어떤 게 있나요? 저는 좋아하는 음식은 돼지 껍데기를 좋아해요 술이랑 먹으면 너무 맛있어요 좋아하는 술 안주 있나요? 좋아하는 술 안주는 따로 없는 거 같아요. 제가 술을 잘 안 먹어서요 하하 주량이 어떻게 되세요? 주량은 따로 잘 모르겠어요 술을 안 마시는 거예요 아니면 몸에서 안 받아 주나요? 아니요, 딱히 건강 상에 문제가 있는 건 아닌데 안 먹다 보니 별로 생각도 마시고 싶다는 생각도 잘 안 드네요 하하 저도 요즘은 그렇네요 요즘 그냥 자기 전에 맥주 먹으면 잠도 잘 오고 괜찮은 거 같아요 소주를 좋아하세요 맥주를 좋아하세요 아니면 다른 술을 좋아하세요? 저는 과일 향이 나는 맥주를 좋아합니다. 어떤 술을 좋아하세요? 예전에는 소주를 좋아하는데 요즘은 과일 향이 나는 맥주를 좋아하는 거 같아요 키키",0,B
normal_B_0601,우리 고딩 때 수학여행 제주도 갔었잖아! 기억나나? 우리 수학여행을 제주도로 갔었어? 기억이 안 나 아? 안되는데...? **가 니가 기억할 거라 했는데...ㅜ 아 제주도로 갔었다! 갑자기 그 성산 일출봉 간 기억 난다 키키 아니 **랑 그때 얘기하다가 우리가 배를 타고 갔냐 비행기를 타고 갔냐... 의견이 달랐거든 키키 우리 배 타고 갔잖아 키키 배 아니야? 어? 배 타고 갔다고 우리가? 제주도를? 배 타고 간 거 아니야? 배 타고 가서 나 죽을 거 같았는데 와 나 되게 비행기 처음 타서 설렜었던 기억은... 어디서 나온 기억이지? **는 뭐 타고 갔다고 기억했는데? 키키 키키 **도 배 타고 간 거 아냐? 하더라고...ㄷㄷ 키키 맞아 배 타고 갔어 그래서 나 막 약 먹고 드러눕고 그랬어 아 진짜? 나는 배 멀미 없었나 보네? 키키 키키 넌 어떤 기억을 갖고 있길래 비행기라고 그러는 거니 아니 키키 되게 설렜다고 처음 비행기 탄다고 키키 니 일본 여행 간 거랑 헷갈리는 거 아냐? 키키 엥 비행기 타고 우리가 제주도를 갔다고? 그럴 리가 없어 나 일본 여행 갈 때 처음으로 여권 만들었어 일본 간다구,0,B
normal_B_0602,오빠는 군대에 뼈를 묻었어야 했어. 공군 돼서 하늘로 날려버리게 왠 공군 키키 오빤 육군이었는뎅? 키키 안 그래도 좀 후회하긴 했음 차라리 군대서 막뚝이나 박을걸 하고 ㅋ 양심 잡으러 가려면 하늘로 올라가야 하잖아. 양심 하늘에 두고 온 것 같은데? 나만큼 양심적인 사람이 어딨다고? 80% 가져가려는 오빠의 양심은 저 하늘에 있어! 어허 20프로라도 주는 걸 천사로 알아야지 지금이라도 공군 입대해 다시. 하늘 가야지 나이가 이제 군대서 안 받아줘 ㅜㅜ 아무리 생각해도 매번 양심 잡으러 비행기 타려면 돈 엄청 들 듯. 공분이 답이야 군대서도 얼마나 착하고 양심적인 선임이었는데 오빠 가혹행위 하고 그랬던 거 아니지? 가혹행위가 머지 오빤 천사였는데 후임들이 그렇게 말해줘야지 오빠 말은 신뢰가 없어 후임들이 다 연락은 안되지만 분명 천사였음 키키 아니 연락 안되는 거에서 나온 거 아닙니까? 전우애가 사라졌다는데 시간이 얼마나 흘렀는데 연락이 되겠습니까,0,B
normal_B_0603,"집에서 요즘 뭐 하고 지내? 나는 요즘 온라인 수업 강의 들어 ㅜ 아 대학교 수업? 비대면이라서 그런가? 코로나 때문에 다 비대면이거든~ 집에만 있으니까 심심하지 않냐 ㅜ 너무 심심하지 그래서 취미 생활하려고 오! 어떤 거 하고 싶어? 나 운동 다니고 싶어 그럼 홈트는 어때? 집에서 하는 거! 그건 내 의지박약이라 힘들더라고... 아 키키 맞다... 운동 혼자 하기 쉽지 않더라... 맞아 요즘엔 춤도 배우고 싶어 헐 잘 어울려... 너 춤 잘 췄잖아! 맞아... 그래도 많이 굳었어 ㅜ 안 움직이면 굳는다고 하던데 진짠가 보네, 진짜로 그렇더라구 이번에 추는데 많이 힘들더라 키키",0,B
normal_B_0604,훈병때 어땠나요? 개빡세요. 그냥 죽음이에요. 어떠셨어요? 저도 개빡쎄서 죽을 뻔했네요 이병 때는 어떠셨어요. 응? 이병 때도 훈병 때보다 더 빡쎈 듯 이병 때 어떠셨어요? 훈병 때보다는 조금 숨통 텄죠 상병 때는요? 일병 때는 그나마 괜찮았는데 좀 슬슬 짱났죠 상병 말고 일병 때는요? PX도 갈 수 있고 TV도 볼 수 있었어요. 아 그렇죠 그게 좀 나았죠 그럼 병장 때 주름 좀 잡았나요? 병장 때 분대장하고 상병 때부터 폈죠 그럼 말년 때는 놀았나요? 땡보 완전 놀았어요 놀고 먹고 그럼 예비군 때는 교육 안보 교육 받으셨나요? 네 예비군 때가 오히려 더 빽센 듯 거기서 조기 퇴소는 하셨어요?,0,B
normal_B_0605,아니 요즘엔 유튜버들이 티비에 나오네...? 공영 방송에 나온다고? 진짜? 분명히 어디서 봤다 했는데 유튜버였어 뭐로 나오는데 게스트로? 응 엄청 나오네 키키 게스트로도 나오고 엠씨로도 나오는데? 와 이제 유튜버들이 공중파도 장악하는 건가 그니까 키키 아니 소속사도 있대 세상 정말 달라진 거 같다 이런 거 보면 ㄷㄷ 신기하당 유튜버도 소속사에서 다 관리해 준대 편집까지 ㄷㄷ 그냥 준 연예인이네 하긴 구독자 수가 어마어마하더라 응 연예인이 유튜브로 간다고 구독자가 어마어마해 지지도 않더라 키키 그것도 참 신기한 반응이야 그치? 키키 응 좀 자존심 상할 거 같기도 행 눈에 보여지잖아 키키 그래도 개인 유튜브 엄청 만들더라 우리도 하나 해 보자니까 키키 뭐로 하려고 키키 컨텐츠가 없어...,0,B
normal_B_0606,예전에 회사 다닐 때 출장 많이 다녔었거든 아 그 일본 관련 회사? 맞아 키키 일본 출장도 많고 국내 출장도 많았었어 키키 돌아다니는 거 좋아하는 너는 좋았겠다 근데 업무로 다니는 건 싫거덩 그렇지 일은 일이지 키키 여행이랑은 다르지 출장 가면 이상한 모텔에서 자야 되고 ㅠ윽 여자라서 더 신경 쓰이고 그랬겠다 맞아ㅠㅠ 시설도 안 좋은데 잡아주잖아 경비 절감 때문에 그건 회사가 좀 너무 했다 숙소는 좋은데 잡아줬어야지 내말이 키키 계약은 따오라고 압박하면서 대우는 무슨 ㅡㅡ 직원 복지가 좋아야지 그런 회사는 나오길 잘 한 것 같아 직장 생활에서 중요한 게 동료도 한몫 하는데... 그나마 동료들 때매 참았엉 키키 꽤 오래 다녔었잖아 직장 동료들이 많이 힘이 됐었나보네 응 키키 그리고 그때 경험이 지금 일 하는데 스펙이 된 거는 좋았다고 생각해 맞아 어디든 장점 1%는 꼭 갖고 있댔으니ㅠㅠ,0,B
normal_B_0607,나 PT 등록하고 지금 인생 최저 몸무게 찍었다... 진짜? 프사만 봐도 살 많이 빠진 거 같더라... 그치... 운동도 하고 식단도 하니까 잘 빠져서 기분 좋아 지금 PT 다닌 지 얼마나 지났지? 한 달? 한 2달? 첫 달은 식단 잘 못해서 별 차이 없었어 그럼 이번 달부터 본격적으로 시작한 거네? 응응 그렇지 운동하니까 덜 피곤하고 체력도 좋아진 기분이야 역시 사람은 운동을 해야 해 난 언제 하지 나이가 하나라도 젊을수록 체력이 중요하다는 걸 느끼거든 근데 니 말하는 거 왤케 할매같냐 키키 하루하루가 예전 같지 않아... 안 그러냐? 그건 맞아 10시만 돼도 자고 싶거든^^ 키키 니도 나랑 PT하자 우리 쌤 엄청 잘 가르쳐주심 난 지금 하고 있는 필라테스도 버겁거든 키키 필라테스 나도 한번 해보고 싶긴 한데 체험 수업 같이 가 볼래? 무료거든 하하,0,B
normal_B_0608,태권도 도복은 흰색일까요 검정일까요? 진짜 날 뭘로 보는 거야? 어? 은근슬쩍 넘어가면 안돼요 자존심 상해서 말 안 할래 축구화 바닥에 뿅뿅 나와있는 건 몇 개일까요? ...? 너 그걸 알아? 모르지 키키 배구화 신어 본 적 있어? 배구화가 따로 있는 것도 지금 알았다 배구화가 안 미끄러지거등 그리고 은근 이뻐! 오 너도 사려고 알아봤었어? 체대 입시생 들은 무조건 배구화 신고 운동해! 아 진짜? 달리기 이런 것도? 앞으로 뛰고 위로 뛰고 달리고 할 때 안 미끄러지거등! 바닥이 다르게 생겼엉 오 어떻게 생겼는데? 고무라고 해야 하나 체육관 바닥에서 삑삑 거려 오 그 타이어 삑삑 거리듯이?,0,B
normal_B_0609,나 얼마 전에 대구 여행 다녀왔어 와 좋았겠다 안 더웠어? 생각보다 키키 대프리카라고 해서 긴장했는데 그러게 계란 바닥에 놓으면 굽힌다던데 대구에 은근 맛집도 많고 여행하기 좋거든 어디 맛집 좀 가봤어? 떡볶이 집도 유명하고 중화 비빔밥? 그리고 뭉티기 등등 잘 먹으러 다니는구나 누구랑 갔어? 친구들이랑 갔지. 키키 그리고 청도나 경산 등 근교에도 괜찮은 곳 많아서 여행 간 김에 들리기 좋아 다 근방이라 놀러 갈 만하겠다 퇴근 하구 웅 경산에 반곡지라는 곳도 인생 샷 건지기 좋대 여자들 다 사진 찍으러 여행 다니나 봐 하하 청도는 글램핑장이 많아서 또 놀러 가기 좋구 키키 청도 프로방스도 인생 샷 명소 글램핑 재밌겠다 그 특유의 분위기 미나리 삼겹살 먹고 소 싸움 하나 보고 오면 꿀이지 나도 미나리 삼겹살 먹어보고 싶다 하하,0,B
normal_B_0610,엄마 엄마 꺼 컬러링 뭐야? 너는 이 노래도 몰라? 엥... 무슨 노랜데? 임영웅 노래잖아~ 임영웅 몰라? 엄마가 임영웅도 알아? 엄마 무시하지 마~ 엄마도 임영웅 좋아해~ 엥... 엄마 미스터트롯 안 보지 않았어? 매주 토요일마다 챙겨봤는데 너가 엄마한테 관심이 없고만 엄마가 챙겨봤다고? 왜 난 몰랐지 생방송 못 챙겨보면 재방송으로라도 맨날 봤지~ 아 그래? 그래서 노래 제목이 뭔데? 이제 나만 믿어요 넌 뭐 젊은 애가 노래도 모르니? 나는 아이돌 노래밖에 안 들어~ 임영웅도 아이돌이야~ 얼굴도 아이돌이고~ 엄마들의 아이돌이겠지 키키 암튼 노래는 좋네 임영웅이 불렀는데 당연히 좋지~,0,B
normal_B_0611,"요새 웨이크보드가 핫하네? 하하 하하 물에서 타는 거 그거? 엉 키키 연예인들도 많이 하고 아 재밌겠다 물놀이 안 한 지 너무 오래됐다 키키 나 물에서 하는 건 거의 다 좋아하는데 그건 중심 잡기가 너무 어려워 보이던데 ㅠㅠ 난 서핑이 재밌어 보이더라! 아 맞다 서핑 요즘에 4살 애기도 하던데...? 그체 키키 근데 난 그 바다 밑에 들어가는 거 뭐드라...? 산소통 메고 들어가는 거! 그거 자격증 따고 싶당 ㅜㅜ 스킨스쿠버? 스쿠버다이빙? 맞다 그거 보니까 자격증 따서 해양 쓰레기 치우고 그런 동호회도 있더라 아 진짜? 와 그런 동호회 있는 줄은 몰랐네! 너무 뜻 깊다... 와... 더 하고 싶다... 기본적으로 수영은 할 줄 아니까 한번 해볼까 키키! 이번에 예능에도 배우 김고은인가? 다이빙해서 바다 쓰레기 치우고 그런 거 나오던데! 근데 스포츠는 뭐든 배워두면 단점이 없는 듯 와 근데 진짜 나 한번 해보고 싶다... 그 예능 한번 찾아봐야겠다 키키 나는 수영 배운 거 진짜 잘 배웠다고 생각한다! 야 맞다 니 5년 전? 그때 우리 여행 갔을 때 물에 못 떠서 허우적댔는데 이젠 물개다이가 키키 키키 맞아 니가 띄워주고 했었잖아 키키 그랬던 내가 이젠 접배평자 다 합니다 ^^ 유후 맞아 나는 배드민턴도 배우고 싶은데 키키 너무 동네 스포츠인가 키키 아 배드민턴 키키 니가 친 셔틀콕에 내 이마 맞은 날 기억하니,? 그때 들어간 이마가 아직 안 나왔는데 손해배상 가능...? 키키 아 키키 맞다 키키 야 우리 랠리 10번만 해보자고 했는데 두 시간 넘게 치고 포기했잖아 ^^ 키키 ^^ 그 10개가 그렇게 어려운 건 줄 누가 알았겠니...? 정말 어렵다 어려워 ^^",0,B
normal_B_0612,언니는 신혼여행 어디로 갔다고 했지? 우리 제주도... 코로나가 안 풀리더라고 ㅠㅠ 오우 ㅜㅜ 제주도 가서도 마스크만 엄청 끼고 다녔겠다 ㅜ 맞아 덥고 습하고 난리도 아니었어 ㅠㅠ 오우 키키 5월이었는데 그렇게 더웠어? 웅 그때 날씨 좋아서 덥더라고 ㅠㅠ 그러면 하늘 사진은 진짜 예쁘게 나왔긴 했겠다! 맞아 사진은 이쁘게 나와서 만족했지 하하 키키 다행이여! 5월부터 제주도는 더워지나 웅웅 그때면 제주도는 시작이야 하하 날씨 좋아서! 키키 맞아 제주도 가서 뭐 했어? 우리 먹방투어 한 거 같은데 키키 먹기만 엄청 먹었어 오오 키키 제주도 가서 땅콩 아이심 먹어줌? 당연한 거 아니야? 우도 들어가서 먹어줬지! 키키 아 맞다 우도에 들어가면 무조건 땅콩 아이심이지! 웅 그거랑 짜장면이랑 먹었어 키키 버거랑!,0,B
normal_B_0613,오늘 점심 메뉴는 멀로 할래? 음... 배달 음식 시켜 먹는 건 어때? 배달? 너무 비싼 것 같은데...ㅠ 배달 비가 너무 비싸 그럼 고기 먹으러 가는 건 어때 그것도 너무 비싸지 않아? 그럼 그냥 간단하게 먹을까? 응응 간단하게 먹자 ㅠㅠ 요즘 돈 너무 많이 썼어 ㅠ 머 먹지 피시방 가서 몇 개 시켜 먹을까? 좋아 좋아 요즘 피시방 음식 퀄리티 미쳤다던데 키키 피시방에 무슨 메뉴가 있나 볼까 나는 컵라면에 떡볶이 먹어야지~ 오오 맛있겠다 나는 뭐 먹먹지? 종류 진짜 많아; 천천히 골라~ 시간은 많엉~ 으으으음... 나 배고파서 시간 없어 키키 머 먹지...? 나 골라 주라 ㅠ 타코야끼랑 컵밥 먹는 거 어때? 오오 타코야키도 있었구나! 좋아 좋아 다 내가 좋아하는 거야! 그럼 이것들로 주문하고 올게~,0,B
normal_B_0614,"언니 아침으로 뭐 먹었어요 ㅠ 저는 아직 공복인데 배고프네요! 나도 오늘은 입맛도 없고 조금 바빠서 씨리얼 먹었어! 하하 씨리얼 너무 좋아요 저는 플레인이랑 아몬드 씨리얼 섞어 먹는 거 좋아하는데 어떤 거 먹었어요? 나도 아몬드 씨리얼이야 키키 무조건 캘로그 거 먹어야 해! 키키 포스트랑 캘로그는 맛이 달라 헐 역시, 잘 알아 켈로그가 짱이에요 키키 키키 난 처음에 몰랐다가 같은 건 줄 알고 먹었는데 맛이 다른 거야 뭐지? 했는데 브랜드 차이였어… 확실히 다르더라고... 맞아요 하하 포장지도 잘 봐야 해요! 난 요즘 보리차를 끓여 먹고 있어! 키키 오 저도 보리차 사서 냉침 해 먹고 있어요! 그냥 물은 조금 먹기가 힘들어서 끓여 먹고 있어! 하하 잘하고 있어요 저는 지금도 커피를 쭉쭉쭉 스타벅스 연유 콜드브루 요즘 잘 먹고 있습니다! 보리차 더 맛있게 마시는 팁을 하나 알려줄까? 네! 하하 알려주세요 언니의 꿀팁 말린 무를 (무말랭이) 같이 넣고 끓이면 더 고소하고 맛있어~ 헉... 언니 소름... 혹시 우리 엄마,? ㅠㅠ 저희 엄마가 집에서 그렇게 해요! 키키 아 정말? 역시! 나도 엄마가 알려준 건데 키키 역시 역시",0,B
normal_B_0615,요새 식사 해결은 좀 어떻게 하고 있어? 응 나 요새 요리를 좀 배우고 있어 키키 정말? 배달의 민족 VIP잖아! 키키 배달음식 질리징? 응 ㅠㅠ 그렇기도 하고 자금 사정도 좀... 키키 유튜브로 간단한 요리 레시피 보고 따라하는데 생각보다 재밌더라구 응 맞아 요새는 유튜브에 간단하게 해 먹을 수 있는 요리 많이 올라오더라. 최근에 뭐 해 먹어 봤어? 라볶이! 해봤어 키키 라면밖에 못 끓이는 나한테는 크나큰 발전이었어... 키키 심지어 맛있었어 그건 맛없을 수가 없는 음식이긴 하지 키키 만든 음식 먹어보고 싶어 음 그럼 내가 감자 피자 만들어줄게 ! 키키 최근에 배웠는데 감자로 도우를 만드는 피잔데 생각보다 만들기 쉬운데 맛은 보장되는 그런 음식이더라구 키키 오 그래? 엄청 땡긴다. 후후. 이러다가 엄청 대단한 요리 해내고 그러는 거 아니야? 키키 원래 손재주 좋자낭 키키 일단은 내 끼니나 좀 해결했으면 좋겠당. 키키 해 먹으면 건강도 그렇고 돈도 아끼고 여러모로 좋은 거니까 계속 유지해봐 키키 그래야지 키키 좀 요리다운 요리 해 먹을 때마다 인증샷 찍어 보낼게 키키 응 궁금하다. 키키 우리 다음에 도시락 싸서 가을 소풍도 가자! 오 좋아 그러자. 가서 사진도 많이 찍고. 키키 조금 더위가 가시면 바로 추진해보자 벌써부터 설레 키키 빨리 가을이 왔으면 좋겠다!,0,B
normal_B_0616,나는 요즘 업무 스트레스가 심해ㅠㅠ 너는 일하는 거 어때? 난 너무 프리해~ 요즘만 같으면 좋겠다 싶어 하하 어떤 게 힘든데? 새로운 직원이 한 명 들어 왔는데 일을 너무 못해... 그래? 처음이라 그런가... 적응기가 필요한거아냐...? 그렇다기엔 벌써 들어온 지 세 달이 다 되 가... 헐... 그럼 적응기는 끝난 거 같은데... 힘들겠다ㅜㅜ 응... 너무 스트레스야... 모르면 메모를 하던가... 알아요~ 기억해요~ 하면서 나중에 또 물어보고 또 물어보고... 우와... 전형적인 일 못하는 스타일이네... 나도 그런 사람 겪어본 적 있는데 답답해서라도 내가 그냥 업무 다 하게 되더라... 맞아 나도 그러고 있어... 그래서 요즘 스트레스가ㅠㅠ 아이고 진짜 이러지도 저러지도 못하겠다; 그 애는 그렇게 일을 못하는데 그만 둘 생각 안 하는 거 같아? 응... 그런 거 같아; 아니면 일을 못하는지 모르는 거 같기도 하고... 와... 그게 진짜 노답인데 키키 본인이 모르는 거... 응... 이러다 내가 먼저 그만둘 거 같아 키키 안돼ㅠㅠ 너 상사는 없어? 뭐... 이르는 건 아니지만... 그 정도면 보고해야 하는 거 아냐? 응... 참다 참다 지금이 한계인 거 같아키키 보고 올려야 될 거 같아...ㅠㅠ 그래ㅜㅜ 그 정도면 보고하는 게 맞아! 잘 해결됐으면 좋겠다~!,0,B
normal_B_0617,목포친구는 자기계발 하는데 뭔가 신경 쓰면서 인생 사는 듯 한데 난 한평생 자기계발 하고 거리가 먼 것 같애... 나두... 자기계발이라고는 엄마 뱃속에서 세상 밖으로 나오기 위한 준비가 전부였던 인생 ㅠ 뭔가 대단한 건 아니어도 조금씩이라도 시작하고 싶은데 뭐가 좋을까 ㅠ 그니까 딱히 하고 싶은 게 없는 게 문제야 왜 다들 열심히 사는 걸까 오 발상의 전환 최고인데? 보통 왜 나는 이렇게 열심히 살지 못할까라고 생각하지 않나요? 키키 키키 아니 난 진짜 아침형 인간들도 신기한데 더 신기한 건 자기계발 하는 사람들 난 뒤처지는 느낌? 어차피 죽으면 다 흙으로 돌아갈 건데 뭐 얼마나 산다고 계발까지 해야 하나 인생 다들 피곤하게들 사시네 거 참 키키 맞아 언제 갈지 누가 아나 죽어도 놀다 죽고픈 걸 근데 뭔가 국비 지원 되는 걸 배우고 죽고 싶긴 해 오 맞아 요즘에는 국가에서 지원해주는 제도가 많아서 그걸로 학원도 다니고 자격증도 따고 야무지게 이용하는 사람들 많더라 나 아는 언니는 뜨개질을 배우러 다니더라고 키키 알아보면 종류가 엄청 다양한가 봐 오 뜨개질까지 뜨개질 해서 스토어팜 같은데 팔면 좋겠네 근데 국가에서 배우는 거 돈 받기 넘 귀찮아 친구한테 들었는데 국비 지원 받아서 컴활 따러 갔는데 컴활? 국비로 컴활도 지원해주는구나 국비 지원으로 컴활 따러갔는데 어땠대? 아줌마 아저씨 할머니들이랑 같이 배워서 이게 커서에요 엑스표를 누르세요 이런 거 하고 있어서 절대 배우지 마래 아 키키 배우시는 분들 연령대가... 하긴 그게 좋으면 누가 돈을 내고 학원을 다니겠어 다 국비로 컴활 자격증 따지 그러네 실기는 그냥 학원 끊어서 배우고 필기는 혼자 해도 될듯 그렇지 컴활은 실기가 힘드니까 예전엔 컴활 자격증 있으면 공무원 시험에서 가산점을 줘서 나도 따볼까 했었는데 이제 그게 사라져서 나한테는 필요 없어졌지 국비로 지원해주는 걸로 자기계발도 좋은데 일단 나한테는 당장 필요한게 없어 ㅠ 그렇지? 필요하지 않으면 그냥 우리 암것도 하지 말고 운동 쪽 생각해보자 운동 좋지 솔직히 난 자기계발의 시작은 운동이라고 생각해 뭐든 일단 체력이 돼야 열심히 할 수 있으니까,0,B
normal_B_0618,요즘도 군대 내 악습이 진짜 많더라 진짜... 아니 왜 그러는 거야? 진짜 이상해... 위에 다 짜르자 ㅜㅜ 모르겠어 ㅜㅜ 진짜 왜 이리 바뀌질 않는 걸까 그니깐... 진짜 고인물들이 너무 많아 ㅠㅠ ㅜㅜ 가혹 행위로 막 자살하는 애들도 있고 ㅜㅜ 하... 진짜... 성폭행도 너무 문제야 ㅠㅠ 젊은 나이에 고생하러 간 건데 ㅜㅜ 맞아... ㅠㅠ 진짜 지들 애들이라고 생각해보라고 ㅠㅠ ㅜㅜ 아마 공익이나 편한 걸로 가지 않을까? 하... 그건 그거대로 너무 화가 나네? 하하 나도 잘 몰라... 키키 그냥 맨날 군대 비리 뉴스 보다 보니... 키키 맞아... 근데 그렇게 높은 자리에 있는데 지 애들은 쉬운데 보내겠지 응응... 내 생각도 그래 ㅜㅜ 젊은 애들만 고생이야 맞아... 진짜...ㅠㅠ 요새 드라마? 그거 보니 진짜 힘들겠더만 ㅠㅠ 드라마? 아 DP 이거 말하는 거야? 나 자세히는 몰라 응응 맞아 맞아 나도 잘은 모르는데 그게 현실 같다면서 엄청 다들 말이 많더라...,0,B
normal_B_0619,너는 남자친구랑 기념일 잘 챙기는 편이야? 나는 기념일은 큰 거만 챙기는 스타일이야 그래! 그게 좋은 거 같아! 큰 기념일면 1년 2년 이렇게? 초반에는 100일 한 번 챙기고 그 다음부턴 1주년 2주년 이렇게 챙겨 키키 아아 키키 기념일 선물 고르는 것도 힘들지 않아? ㅜ 맞아 나 지금 곧 기념일 앞두고 있는데 뭐 살지 고민이야 키키 다른 애들 얘기 들어보니 선물 돌려막기 한다고 하더라고? 키키 선물 돌려막기? 그게 뭐야? 받은 선물을 준다는 건가? 아니아니 키키 좀 오래 사귀다 보면 1년 때 신발 선물 해줬으면 3년 때 또 새로운 신발 선물하고 그렇지 키키 아 맞아 키키 솔직히 선물 해주는 범위가 한정적이라서 어쩔 수 없을 거 같애 키키 응응 키키 선물을 매번 다른 걸 고르는 게 쉽지 않데... 키키 키키 나도 그래서 그냥 만만하게 커플 맨투맨 이런 거 생각하고 있어 그래 커플티 하나쯤은 있어야지! 키키 이번 기념일은 무슨 날이야? 이번 기념일은 오빠랑 100일이야 키키 오오! 벌써 그렇게 됐어? 얼마 전에 만난다고 했던 것 같은데! 맞아 벌써 그렇게 됐어! 시간이 좀 빠르지,0,B
normal_B_0620,나는 남편이랑 나이 들어도 같이 데이트하는 거 보기 좋더라 맞아 키키 그게 모든 여자들의 로망 아닐까? 키키 그러게 ㅜㅜ 가족의 느낌 말고... 남친의 느낌이 지속될 순 없을까 그럴려면 우리 호르몬부터 바꿔야 할 거 같은데 키키 키키 아 그런가... 근데 내 생각엔 여유의 문제인 거 같아 가정을 꾸리면 여유가 많이 없으려나? ㅜㅜ 돈도 시간도 다 여유가 있으면 서로에게 좀 더 잘할 텐데 ㅜㅜ 그럴 거 같긴 하네... 애기 본다고도 서로 소홀해지겠다 ㅜㅜ 매일 직장에 치이고 집에 와서 또 애기 보고... 휴식이 없을테니 ㅜㅜ 맞아 맞아... 직장 다니면서 애기 보는 건 진짜 대단하다! 키키 돈이 엄청 많아서... 키키 여유가 있다면 서로 아침에 영화 보고 공원 가고 그러겠지? 키키 키키 근데 아마 각자 보러 갈 거 같은데... 키키 키키 안된다구! 나는 할머니 돼서도 손잡고 다니고 싶다구! 키키 그런 로망 누구나 있지... 하지만 혼자가 더 편할지도 키키 키키 사실... 나도 그래... 키키 누구 챙길 여유가 없어 키키 내 한 몸 간수하기도 벅차다 키키,0,B
normal_B_0621,엄마! 나 씨지비 1+1 쿠폰 받았어! 오~ 어디서 받았대? 씨제이에서 받았지 키키 이벤트 해서 받았엉 잘했네~ 잘했지? 키키 오랜만에 영화 보러 가자! 영화 요새는 뭐하나 무슨 내용이야? 보이스피싱으로 사람들이 돈 잃은 거 전직 형사가 잡는 건가 봐 키키 그놈목소리랑 비슷한 거 아니야? 아니야 키키 여기서는 보이스피싱 조직이 엄청 크대 범죄 액션 영화래! 재밌겠네~ 엄마는 범죄 영화가 좋더라 키키 맞아 엄마 범죄 영화 좋아하잖아 키키 범죄 영화인데 액션신 많이 들어간 게 특히 좋더라 키키 나두! 그런 게 재밌어 키키 좋다 그러면 보이스 보러 가자,0,B
normal_B_0622,너는 지금 하는 일 계약 이런 거 아예 없이 그냥 프리랜서야? 응 그냥 내가 곧 회사지 학부모나 수강생이랑 다이렉트로 진행해 나는 학원이랑 계약 관계라서 골 아파 나도 이제 그게 싫어 책임이 내 몫이긴 한데 수수료며 뭐며 귀찮아 1년마다 계약 조건도 협상 해야 하고 진짜 다 장단점이 있다니깐 공무원들은 업무가 좀 편하려나 너무 편하다 못해 공부한 거에 비해 뭐 없어서 그만둔다잖아 한 번씩 계약이나 이런 걸로 스트레스 받으면 재취업 생각이 간절해져 키키 회사도 다녔었고 같은 계열 일 쭉 했으니 경력직으로 가려나? 아님 아예 다른 일 하고 싶어? 웅... 질렸어 ㅠㅠ 공무원도 직장 생활이랑 마찬가지로 상사 이런 스트레스는 심하겠지? 아니 전혀 없대 너무 지루하고 무기력해져서 우울증이 그렇게 많이 온대 급여는 적어도 노후가 안정적이니까 부럽더라고 그렇지 빨리 마치고 직장 상사 스트레스 없고 근데 그러고 보니 되기가 힘들잖아? 그것도 그러쿠... 하긴... 민원 처리 업무 걸리면 하라고 해도 못 참을 듯... 공무원의 단점은 일단 되는 게 어려운 거네,0,B
normal_B_0623,요즘에 취미 생활을 가져 볼까 싶다 키키 어떤 거? 키키 난 취미 생활이 없네 ㅠㅠ 한동안 캠핑 진짜 매주 갔는데... 요즘 더워서 못 가 우와 캠핑 재밌겠다 ㅠㅠ 캠핑 가 보고 싶다 헐 캠핑 한번도 안 가 본 거야? 진짜? 응응 제대로 된 캠핑은 가 본 적이 없네… 하하하 ㅠㅠ 아... 캠핑 유행하기 시작할 때쯤... 애기가 있었구나 키키 좀 더 커야 갈 수 있을 거 같애 키키 그래 그래 가족 단위로 많이 오더라 키키 그땐 아빠가 고생 키키 웃겨 키키 그렇겠지? 키키 캠핑은 먹으러 가는 거 아냐? 키키 맞아 키키 근데 불 피우고 고기 굽고 이런 거 위험하니 니가 하지 마 키키 응 걱정 마 난 할 생각 없는걸? 키키 오잉? 그랬구나 키키 진짜 가보면 중독될걸 글램핑이 캠핑이랑 비슷한 거지? 아닌가? 글램핑은 거기 이미 텐트 같은 게 다 쳐져 있고 넌 먹을 거랑 몸만 가면 되는 거 캠핑은 다 들고 가야 되지? 그건 좀 힘들겠다 ㅠㅠ,0,B
normal_B_0624,블랙핑크 ** 팔로워 봤어? 아니 ** 팔로워가 어떤데? 팔로워 수가 무려 5천만이래 키키 헉 엄청 많다! 우리나라 인구 수잖아? 그니깐 키키 **는 찐 셀럽인가 봐 그러게 ** 귀엽지 전 세계적으로 사랑 받네~ 맞아 샤넬 협찬도 많이 받고 키키 성공했다 **보고 인간 샤넬이라고 부르잖아 부러워~ 그러게 키키 **는 엄청 독보적이야 맞아 얼굴도 예쁘고 돈도 많고! 키키 대단하다 정말 와이지에서 저런 인물이?! ***은 인재를 정말 잘 보는 것 같어 맞아 나쁜 사람이긴 하지만 아티스트를 잘 찾아내지 나쁜 짓만 안 하면 더욱더 성공할 텐데 안타까워. 키키 에이 이미 지난 일 그래도 각자 알아서 다들 성공하더라 맞아 돈도 많으니까 잘살 거야~ 연예인 걱정은 하는 거 아니래!,0,B
normal_B_0625,네일이나 페디 안 해 봤지? 네일은 안 해 봤고 페디는 뭐야? 페디는 네일이랑 같은 건데 발톱에 하는 거야 아 그런 거야 그럼 안 해 봤지 나도 지금까지 한번도 안 해 봤다 키키 우린 그런 거는 별로 신경 안 쓰는 거 같아 난 하고 싶었는데 하는 일들이 다 규제돼 있었어 ㅠ 아 그랬던 거야 그럼 지금이라도 한번 해 봐 지금도 안 돼 키키 규정 있어서 키키 엄마는 그동안 왜 안 한 거야? 난 관심이 없어 그쪽 분야로는 그래도 가끔 집에서 꽂히면 하잖아 그땐 기분 전환 겸 하는 거지 다음에 나 그만두면 하러 가자 키키 막상 하면 좋대! 네일아트는 나도 직장에서 규제해서 안 된다 아 정말 저번에 하고 가지 않았었어? 코로나 땜에 장갑 끼고 하니까 했었지,0,B
normal_B_0626,요즘 주변에 다들 자기 계발 열심히 하더라 그래 너도 자기 계발 하고 있니? 아니... 나는 전혀 안 해... 키키 근데 막 퇴근하고 스터디하고 그러던데 와... 나도 퇴근하면 피곤해서 아무 것도 하기 싫던데 대단해 키키 난 가죽 공방 다니고 싶다 스터디 말고 오 그거 뭐 가죽으로 가방 만들고 그러는 거야? 어 맞아 가죽으로 지갑 가방 벨트 이런 거 만들고 이쁘더라 키키 대박이네 키키 뭐 만드는 거 좋아하나 보네 손재주가 그닥 좋은 건 아닌데 뭐 만드는 거 좋아하는 거 같아 요새 꽃케이크도 배우고 싶고 그래 키키 엄마야 키키 소녀소녀한데? 꽃 케이크는 뭐야 먹는 거야? 어 맞오 키키 앙금으로 꽃을 만들어서 파는데 굉장히 이쁘더라 ㅠㅠ 그런 학원 있으면 다녀 봐! 재밌겠는데? 어어 그래 볼려구 이걸로 가게도 차리고 싶다 키키 이렇게 창업을 하는 건가? 키키 자격증 같은 것도 있나? 그건 따로 자격증을 안 따도 되는 거 같은데 키키 돈만 있음 차릴 수 있는데 돈이 없네? 키키 키키 원래 빚 내서 시작해서 갚아 나가는 거지 맞제 키키 첨부터 빚 없이 시작하는 사람이 어딨노,0,B
normal_B_0627,전자상거래 유용하게 쓰고 있나? 어 키키 생필품은 다 인터넷이지 키키 맞다 키키 인터넷이 싸긴 해~ 키키 쿠팡은 또 바로 다음날 오니까 오~ 잘아농 키키 로켓배송 진짜 편리함 키키 맞다 급한 거는 쿠팡으로 그냥 시켜 뿐다 키키 그거 오늘 밤에 시켜도 새벽에 바로 오더라 짱 신기 키키 어 진짜 편하다 아니가? 출근할려고 나가면 택배 와있다 키키 키키 맞다 시간대도 설정할 수 있고 요즘 너무 편리 해졌다 키키 니도 배달 많이 시키나? 나도 시리얼이랑 영양제 같은 거 많이 산다 키키 아침에 시리얼 먹으면 속 괜찮나? 아침에 밥 먹으면 울렁거리더라 ㅠㅠ 내랑 반대고 키키 나는 우유 먹음 설사 하던데 왜 키키 우유 알러지 있나? 아침에는 장이 민감한가 봐 키키,0,B
normal_B_0628,너도 심즈 좀 깔아봐 나 친구가 너무 없어 그건 같이 하는 게임 아니잖아 친구가 왜 필요해? 심즈도 친구랑 같이 할 수 있어 아 정말? 근데 심즈 그거 비싸잖아 돈 아까워 모바일 심즈 무료야! 유료 버전도 있긴 하지만 무료였어? 그럼 깔아봐야겠다 사실 좀 하고 싶었어 키키 그치? 땡기지? 심즈만큼 재밌는 게임이 어딨어 키키 나 너 하는 거 되게 궁금했었는데 비싸 보여서 참은 거였어 진짜? 진작 물어보지! 전체적으론 무료고 아이템 사면 유료야 그렇구나? 너두 현질 많이 해? 아니 나는 아이템 거의 안 사 키키 너 저번에 보여준 집 엄청 화려하던데? 그거 다 무료 아이템이고 오래하면 공짜로 쓸 수 있어 우와... 진짜 고수 같아... 나도 아이템 보내줄 거야? 애석하게도 심즈는 아이템 주고 받을 수가 없어 헐... 그럼 난 허름한 옷 입고 다녀야 해?,0,B
normal_B_0629,집 앞에 놀이터에 귀여운 애기들 놀고 있더라 맞아 애기들 예쁘지 애기들 아장아장 걸어 다니는 게 너무 귀엽더라구 아파트 앞에 놀이터 지나갈 때마다 보는데 진짜 귀엽더라 애기들은 언제 보아도 참 귀여운 거 같아 나도 결혼은 별로인데 애기는 좋아 신문에서 보니까 1인 가구 입양 합법 법안 추진한다고 하더라 그래? 요즘은 혼자서도 능력이 되는 사람이 많으니까 혼자서 애기 키울려면 많이 힘들 꺼 같은데 기준을 엄격 심사한다고 하더라고 그렇겠지 일단 자산은 충분히 있어야겠다 일하면서 애기를 돌볼 수는 없으니까 애기가 엄마 나 아빠 가지구 싶다고 하면 좀 슬플 꺼 같기는 한데 그러게 모라고 해 줘야 할지 모르겠네 키키 왜 이걸 생각하고 있는 거지 맞아 너무 과몰입한 거 같아 키키,0,B
normal_B_0630,우리 오늘 라면 파티 하는 거야? 키키 웅~ 아싸 오늘 송송이가 쏜다! 키키 얘들아 오늘 무슨 라면 먹을 거야? 나 벌써 설렌다 나는 컵라면 먹으면 원래 거의 김치 왕뚜껑 먹는데 이따가 보고 땡기는 거 하하 무슨 라면 먹징 모르겠어 추천해 줘~! 짜파구리 먹어 본 사람? 후기 알려줘 난 짜파구리 먹어봤는데 붉닭게티가 더 맛있다니깐~ 둘 다 맛있어 솔직히 하하 까르보 불닭 먹을까 오랜만에 나는 까르보 불닭도 맵던디 ㅠㅠ 옆에 언니가 과자도 줘서 과자도 있어 우리! 까르보 불닭도 맛있는데 맵긴 매워 언니 내일 불난다! 과자는 그때 준 꼬북칩 말하는 거야? 또 받은 것 같은데? 무슨 과자 받았어 아니 꼬북칩은 집에 키키 나초랑 콘칩 같은데 종이컵에 줬어 키키 나눠 먹으려고 남겨뒀어 잘했지 키키 아니 둘 다 왜 이렇게 귀여워 종이컵에 준 거 진짜 귀엽네 그걸 남겨둔 것도 귀여워 키키 아니 그 언니 뭐 잘 주네 하하 송송이 넌 뭐 줬냐! 내가 맨날 마시는 차 줬다 키키 맛있다고 좋아했어 뿌듯 하하 키키 그거 예의상 맛있는 척 하는 거야^^ 송송아 너 양심이 없네? 키키 키키 아나? 언니는 맛있다고 했잖아 연기한 거야? 어? 키키 언니 왜 맨날 주위 사람들한테 차 전파해 아니야 ~ 키키 오늘 나 젤리도 있어 후식으로 먹장 오늘 먹을 거 천국이당 행복해 불목불목 룰루 6시 전까지 배 비워 놔 많이 먹게! 오케이 항상 준비되어 있지 난 키키 나는 이미 준비 완료야!,0,B
normal_B_0631,"너 최근에 인터넷에서 뭐 산 거 있어? 나 어제 당근에서 바디 버터랑 향수 겟또함 티키키 바디버터? 그거는 뭐야? 로션인가? 바디로션 보다 더 쫀득한 제형인데 겨울에 보습감 짱임! 너 얼굴이나 몸이나 전체적으로 건조하구나? 나 몸이 엄청 건조해서 겨울 봄에 로션 없으면 못 살오 키키 헐 그렇구나 나는 만약에 그 버터 쓰면 등드름 오지게 날 듯! 키키 아 이런 , 부럽다 나는 로션 바르는 게 너무 귀찮거든, 그러면 러쉬 스크럽? 그거 써 봐! 오잉 그게 각질 제거에 좋아? 아우 근데 러쉬 너무 비쏴용~! 제거 하면서 동시에 보습도 되거든! 아 그래? 스흡 근데 일단 있는 바디 로션 다 쓰구, 키키 맞아 근데 나도 러쉬 자주 못 가 그치 ㅡㅡ 러쉬 넘 비싸 스프레이나 맨날 쓰구, 그것도 그렇고 나 내성적이라 거기 사람들이랑 안 맞아 키키 아 완전 인싸잖아 언니 오빠들 키키 친절왕",0,B
normal_B_0632,당근마켓 하는 사람 되게 많은 것 같아 나도 최근에 한 번 거래해 봤어 키키 아 진짜? 어땠어 잘 거래했어? 응 당근 분이 되게 쿨거래 해 주시더라고 너가 사는 입장? 아니면 파는 입장? 파는 입장! 그래서 얼마에 파는지 보고 몇 천 원 더 싼 가격에 올렸어 오오오 그래서 팔렸나 보다 이런 중고 거래 은근 좋은 거 같아 맞아 파는 입장에서도 필요 없는 거 팔아서 좋고 사는 입장은 또 싼 값에 사니까 키키 근데 안 팔리는 거는 계속 안 팔리는 것 같아 아 그럴 수 있겠다 그럼 알라딘 쓰는 건? 알라딘도 찾아봤는데 팔 수 있는 게 있고 아닌 게 있더라 이런… 다 팔 수 있는 건 아니구나 그치그치 근데 그래도 책은 웬만한 건 팔 수 있어서 다행인 것 같아 맞아 직접 찾아와서 수거해 가잖아 얍얍! 택배비 안 드는 게 가장 좋은 듯,0,B
normal_B_0633,인터넷 쇼핑 많이 해? 아니 나는 인터넷 쇼핑 안해 나는 쇼핑 즐겨해! 오 어떤 쇼핑몰 자주 봐? 무신사나 브랜드 홈페이지 자주 들어가 아 나도 가끔 무신사는 보긴 해 사본 적은 있어? 나는 무신사 별루 스타일이 안 맞아 생각해보니까 사본 적 한번 있긴 한 거 같아 너는 그럼 어떤 쇼핑몰이 가장 스타일이 맞아? 나는 애착가는 쇼핑몰은 없구 쿠팡이나 티몬 자주 이용해 옷을 사는데 거기서 사? 거기도 이쁜 옷 많아 특가를 노리고 있어 진짜? 몰랐네 나는 생활 용품만 파는 줄 생활용품도 많이 팔긴 하지 그래도 이쁜 옷 건졌어 무슨 옷을 샀는데? 하늘하늘한 원피스! 너 다운 옷이네 키키,0,B
normal_B_0634,만화 캐릭터 중에 좋아하는 거 있었어요? 하하 키키 어렸을 때 짱구 좋아했었어 오 짱구 저도 좋아했어요 키키 극장판도 보고 키키 아직도 짱구 하고 있다더라 맞아요 키키 짱구의 인기란 정말 잠옷도 너무 귀여움 요즘 짱구는 교훈을 준대 캐릭터 성격에 안 맞아 키키 엥 키키 사고 뭉치여야 하는데 그러니깐 말이야 교훈을 주는 짱구라니 맞아요 키키 너무 안 어울림 왜 그렇게 바뀐 건지 키키 더 이상 소재가 없어서 그런가 그런 건가 키키 아니면 너무 안 좋았나 아이들 정서에 키키 부모들이 짱구 교육상 보여주기 싫어 하긴 하더라 키키 키키 아주 사고 뭉치니까 그런가 봐요 키키 사고 뭉치이긴 해 키키 흰둥이가 거기서 제일 착해 맞아요 하하 흰둥이 너무 귀여움 키우고 싶어요 키키 짱구네에서 흰둥이는 정말 큰 복이야 키키,0,B
normal_B_0635,요즘 개그우먼 중에는 나 ***이 제일 좋아 키키 맞아 *** 진짜 좋은 것 같애 ㅠㅠ 예쁘고 잘해 응응 그치? 예쁘기도 하고 성격도 좋은 거 같더라 키키 키키 맞아... 진짜 요새 ***가 별루야 난 응 그니까... 뭔가 그래 많이 크긴 했는데 참... 크게 될 그릇은 아닌 듯 키키 맞아... 진짜 사람이 그릇이 작은 느낌 키키 응... 참 주변 사람들 잘 챙기고 그런다고 생각했는데 키키 그니깐 키키 좀 그래... 여튼 ***은 더 성공하면 좋겠다 ㅠㅠ 키키 응응 더 성공해서 잘되면 좋겠어 키키 맞아 키키 진짜 예전에 그 저승이랑 하는 예능도 넘 좋았어 ㅠㅠ 키키 응? 저승이? 혹시 이름이 진짜 저승이야? 아니 아니 그 있자나 도깨비에 나왔던 키키 이름이 뭐더라? 그 분 우와... 나 도깨비 안 보고 나한테 연예인 이름 물어보지 마 아무것도 몰라 헐 대단해... 우와... 나보다 심한 사람이다아... 나랑 연예인 얘기하면 진짜 답 안 나와 키키 키키 대단하네? 언니 그럼 누군가의 팬이 된 적이 없어,0,B
normal_B_0636,왜 정신이 없어? 집이라도 샀어?\ 키키 이렇게 나온다고 재밌네 키키 아니 오늘 팀장님이랑 얘기하는데 내 집 마련이 너무 먼 미래 같더라고... 집 사고 싶어 팀장님이 뭐라 하던? 궁굼하네 팀장님이 젊었을 때 놀라고 해서 그러면 내 집 마련 못 한다니까 열심히 살아도 못한대 키키 아놔 현실이네 부정 못 하겠다 부동산 시장이 너무 급등했어... 내 지갑 사정으로는 미래가 불투명해 나는 에초에 관심이 없어 못살 거 같애 너는 평생 부모님 집에서 살려고...? 부모님 집도 없는데 큰일네 이게 인생이지 뭐. 부동산에 발 들일 일 없는 내 신세 난 외국에서 살고 싶은 꿈은 있어 외국에도 너 받아주는 집은 없을껄.../ 외국에서 살고 싶다 한국 같은 외국 한국 같은 외국이면 중국에 코리아타운 가서 살아 키키 그건 싫어 캐나다 코리나타운 가서 살래,0,B
normal_B_0637,군인들은 추석이나 설날에 휴가 잘 못 받지? 응 아마 명절마다 받지는 못할 거 같은데 ㅜㅜ 맞제... 포상 휴가도 인원이 한정되어 있을 테니... 응응... 막 근데 다들 자기가 총 잘 쏴서 포상 휴가 받았대 키키 어? 키키 나도 많이 들어본 것 같아 키키 키키 맞재... 우리나라에 다들 총 잘 쏘는 사람만 있는 듯 키키 군대 생활 내내 총만 쏘는 갑다 하하 키키 그래... 전쟁을 준비하기 위해선 총을 쏴야지 키키 그렇지... 군대에서 휴가라도 자주 줘야 할 것 같애! 응 그니까 ㅜㅜ 근데 복무 기간은 많이 줄은 거 같더라 응 옛날 아빠 시절 보다 훨씬 많이 줄었다 하더라! 하하 최근에 더 줄었나? 키키 얼마 전에 또 뉴스 나온 거 같던데... 18개월인가? 아 그래? 2년이 채 안되네? 응 그러니까... 키키 그래도 2년이 안되니까... 버틸 만... 하진 않겠지? 키키 키키 욕먹는다... 어디 가서 그런 말 하면 키키 맞재... 우리끼리만 조용히 얘기하자 키키 그래도 힘들겠지,0,B
normal_B_0638,오늘 바람 오지더라 나가봤어? 응 아까 잠깐 나갔는데 어우어우 아니 근데 뭔가 습해ㅜㅜ 비 와가지고 ㅠㅠ 나 오늘도 빨래했는데 되게 바닷가에서 바람 부는 느낌... 이번 주 내내 비소식이더라 너 빨래할 때 미리 얘기해줘 항상 그때 비오더라 그니까 이 정도면 과학이야 신발 빨래 할 때 얘기해줘 그 정도면 태풍 올 것 같거든 키키 나 여행갈 때랑 빨래 할 때만 피하면 돼 태풍 부르고 싶을때 너한테 얘기할게 신발 빨래 좀 해줘 기우제가 따로 필요없네 내가 날씨 운 좋으니까 한번 내가 더 쎄게 나가볼게 날씨요정 대결 가쟈 제주도 날씨 어떨까 그니까 ㅠㅠ 좋아야 할텐데 걱정이다,0,B
normal_B_0639,회사나 알바 하다가 갑질이나 텃새 당한 적 있어? 회사에서는 항상 막내였으니까 갑질을 당했던 것 같아 난 저번에 박물관 처음 들어갔을 때 키키 왕따 당했어 가지거 키키 헉 ㅠㅠ 왜? 이상한 사람들이네 ㅡㅡ 너무 짜증 나서 종례 시간에 키키 왕따 시켜서 못해 먹겠다 말해버렸지 키키 와 키키 센데? 그러니까 뭐래? 조심하겠다 하고 키키 나중에는 다 친해져서 키키 지금도 연락하고 잘 지내긴 해 키키 다행이다. 나는 막내라고 온갖 귀찮은 일을 나한테만 시켜서 짜증 났었어. 헐 직장 생활하다 보면 별별 사람 다 있는 거 같아 ㅠㅠ 응 ㅠㅠ 하루는 막 이유 없이 화를 내서 이상하다고 생각했는데 알고 봤더니 남편이랑 싸우고 와서 화풀이한 거였더라고 어렵게 취업해도 그런 것 때문에 퇴직 생각하게 되고 ㅠㅠ 빨리 내 밑에 후임이 들어오기를! 맞지 키키 나는 맨날 그러면 사람인 같은 거 보면서 이직 할라고 찾아보는데 막상 없어서 참게 됨 ㅠㅠ 키키 이직 쉽지 않지. 가서 또 적응할 거 생각하면 머리 아파 직장 생활이란 정말 고통이야 키키 급여 때문에 참는 거지 키키 맞아... 그치만 월급은... 스쳐 지나갈 뿐,0,B
normal_B_0640,"화이자 맞은 남편이 사흘 만에 소장이 썩었대... 나도 그 소식 들었어 ㅜㅜ 평소 복막 투석과 당뇨 질환을 가지고 있어서 불안하고 걱정돼서 의사한테 물어보니 접종해도 괜찮다고 그랬다는데... 응 근데 이튿날부터 심한 복통과 구토, 설사가 이어지다가 셋째 날에는 혈변까지 나왔다네... 맞아 그러고 나서 기절까지 하고, 신장 투석 문제로 평소 다니던 병원의 신장내과에 입원까지...ㅠㅠ 응 그래서 소장 1미터 중 50센치 자르는 수술까지 받았는데 지금 위험한 상황인가 봐... 그리고 다음날 같이 접종한 아내도 복통에 구토, 혈변도 4번 정도 봤다고 하네ㅠㅠ 무서워서 백신 맞겠니ㅜㅜ 그 아내가 정부를 믿고 신뢰해 코로나 백신을 맞았는데 막상 부작용이 일어나니 보건소, 병원 모두 다 부인하고 발뺌하고 무시하고 묵살한다고 주장하고 있다더라 맞아! 국민이 마루타도 아니고 적극적으로 맞으라고 권장하고 홍보 동참하라더니! 이게 뭐야! 그러니까... 부작용 생기는 사람이 점점 늘고 있는 거 같아... 나 다음 주에 백신 예약했는데... 취소해야 되니?ㅜㅜ 세상에... 무섭겠다... 맞긴 해야 될 거 같은데... 부작용 때문에... 뭐라 말을 못해주겄다ㅜ 그치ㅜ 뭐 물론 극소수의 부작용이지만 내가 소수인지 다수인지 모르니까ㅠㅠ 그르니까... 아니면 좀 더 안전해지고 맞는 건 어때? 글쎄... 이게 안전해지기는 하는 걸까? 부작용이 계속 나오고 있으니까 계속 개발하지 않을까? 그런가... 모르겠다ㅜㅜ 일단 두고 봐야겠어! 근데 며칠 전 24살 남자는 아까 그 남편분이랑 같은 증상이었다가 사망했다던데ㅜㅜ",0,B
normal_B_0641,나 사고 싶다 했던 차 안되겠더라 키키 왜? 그거 나도 눈여겨보고있었는데 그냥 모닝만 하던데... 실망했어 아 크기 때문에? 키키 그거 경차잖아 키키 넘 쪼꼬미더라 그건 불안행 경차는 어쩔 수 없지 키키 그래두 레이만 한 줄 알았지! 에이 레이보다는 작지 왱 레이 경차야 키키 suv 타이틀 의미 없던뎅 보니까 도심에서 사용할 거면 편하겠더라 골목 골목 응 이쁘게는 생겼던데 모닝 살 빠에는 그거 살듯 응응 그건 그래 모닝이 뭔가 이제 좀 질리잖아 마자 넘 작아 내가 느끼기엔 역시 베뉴가 딱 인가... **이도 베뉴 사고 싶다 그랬어 키키 키키 엉 베뉴가 생긴 거도 귀엽구 나도 맘에 들어 그것도 가끔 보면 크기 작아서 놀래 키키,0,B
normal_B_0642,"토요일에는 뭐 먹져 토요일은 내가 요리사입니다 비빔면 먹었어요 비빔면 맛잇겠네여 몇 개요 3개 먹었어 팔도 비빔면, 진 비빔면? 비빔면 최대 몇 개 먹어봤나요 남자라면 기본은 5개는 먹지 않아요? 엥 너무 많은 거 아닌가요 짜파게티는요 근데 저는 볶음면이 더 맛있는 것 같은데요? 저도 볶음면이 진리라고 생각하네요 짜파게티는 5개 그냥 먹죠 팔도 짜장면 짜파구리도 먹어봤나요 어제 짜장 건면, 진짜장 사왔어요 요새는 섞어서 먹는게 트렌드긴 한데 ㅋ 저도 비빔면, 볶음면 섞어봤어요 꿀맛 오 신기하네여 근데 안 짠 가여 짜죠 근데 짠 게 맛있는 법이에요",0,B
normal_B_0643,플랭크로 9시간 30분 너라면 버틸 수 있어? 나는 플랭크 3분도 힘들 것 같던데? 희귀병 환자가 기네스북을 세웠어 키키 대박이다 어디 나라가 그런 걸 한 거야? 호주 남성인데 의지가 대박이지 않아? 그 남성 환자라고 들었던 것 같은데 응 희귀병인데 복합 부위 통증 증후군이래 노력이 정말 가상하다. 얼마나 노력했을까 12살 때 팔을 다친 이후로 타는 듯한 통증이 수시로 찾아온대 타는 고통이 엄청나다고 들었는데 정말 힘들겠다 왼팔이 특히 그래서 압박 밴드를 수시로 착용한대 그 정도면 일상이 불편할 것 같아 힘들겠다 근데 그분은 고통을 견딘 후에 오는 행복이 쾌감이 느껴진대 정말 긍정적으로 사는 사람이구나 대단해 그래서 이 병도 널리 알리고 싶고 마인드도 공유하고 싶었대! 나도 그 마인드를 공유 받아서 긍정적으로 살고 싶다,0,B
normal_B_0644,여보는 자동차 종류 아는 거 있어? 나는 차에 관심이 없잖아. 아예 몰라? 소형 중형 대형은 알지? 여보 그 정도는 알지. 에이 그것만 알면 되지 뭐 ㅋ 여보는 차 다 알아? 다는 모르지만 대충은 알지? 여보도 차에 관심이 많았었나? 어릴 때 많았는데 지금은 그다지 ㅋ 돈 벌어서 여보 차부터 바꿔야겠다 안전을 위해서. 여보가 바꿔주는 거야? 내가 조금 보태줄게. 그러면 하나 바꾸지 뭐 응 안전을 위해 진짜 바꿔야 된다. 바꾸면 뭐로 바꿀까 중형 차로 바꾸면 되지 않을까?,0,B
normal_B_0645,오빠는 왁싱해 본 적 있어? 아니 한번도 해본 적은 없는데 나중에 한번 받아 보고 싶더라 키키 오빠 수염 많이 나? 아니 나는 한 삼 일에 한번 하지? 오 그러면 수염이 별로 없는 거네? 그치 막 엄청 많지는 않은데 엄청 적은 것도 아니지? 그러면 어느 부위 왁싱 받고 싶어? 난 전신 다 받아 보고 싶더라 키키 깔끔하게 키키 오 키키 그거 한 50만 원은 줘야 할 걸? 아 그 정도로 비싸나? 그래도 나중에 여유 있을 때 한번 받아 볼려고 엉 왜냐하면 남자들은 털이 많잖아! 그런가 키키 그래도 받으면 청결해지고 좋긴 하겠다 키키 니는 받아본 적 있나? 엉 나도 팔이랑 다리 받아봤는데 괜찮았어! 털이 많이 없어서 그런가 내 친구는 엄청 아팠다던데 엉 나는 그냥 제모제만 써도 돼! 헐 그거는 좀 부럽긴 하네 ㅠㅠ 시간 날 때 전신 싹 다 받아봐야지 키키,0,B
normal_B_0646,나 요즘 피부가 너무 좋다? 키키 그래 피부 좋아 보이더라 어떻게 관리함 키키 화장을 요즘 딱히 할 일이 없어서 카나 키키 키키 역시 화장이 독이었어 키키 나 진짜 화장품 없다? 진짜 없어 키키 오 근데 요즘 마스크 쓰고 다녀서 필요 없어 키키 피부에 관심이 많은 거에 비해서 진짜 화장품 뭐 없음 키키 걍 아무거나 씀 지금까지 색조 화장품 산 거 돈 아까움 키키 아 그럴 수도 있지 키키 진짜 입술도 안 바르고 나감 키키 키키 마스크 끼니까 입술 바르는 거 계속 까먹어 맞아! 진짜 키키 난 근데 과거에도 화장품을 잘 안 샀음 키키 엄마가 사주면 그거 쓰고 키키 키키 우리가 크게 관심 없긴 했어 키키 키키 입술 바르고 나가도 뭐 먹고 나면 입술 색 없어짐 키키 근데 화장 안 하니까 피부가 진짜 숨 쉬는 거 같지 않냐 키키 키키 맞아 그래서 그런가 피부가 진짜 좋아졌음 키키 여드름이 안 생김 키키 난 화장도 안 하는데 왜 여드름은 계속 생기지,0,B
normal_B_0647,너 일본에 배민 봤어? 일본에도 배민이 있대? 첨 알았네 아니 없는데 진출시키려고 한대! 우리나라처럼 잘 될까...? 아니 한국과 달리 못했대... 우리나라는 진짜 배달의 민족이다 키키 키키 그치 우리 이길 수 없을 거야 배달 안되는 게 없잖아 시간도 빨리 와 맞아 한강에서 치킨 시키는 거 문화충격이었다잖아 그거 생각해낸 사람은 대박이다 우리에겐 안 오면 이상한 일인데 ㅎ 안 오면 시골이지 못살지 키키 키키 외국 가면 시골이라 생각할 듯 키키 외국은 마트도 한참 가야 있잖아 맞아 특히 한인 마트는 거의 없지 편의점 24시 하는 것도 난 너무 좋아,0,B
normal_B_0648,나는 하고 싶은 게 너무 많아서 아직 더 알아보고 싶긴 해. 그래도 부모님이 막 부담 안 줘서 다행인 거 같음 나는 엄마가 그런 거 부담 한 번도 안 줬었는데 이번에 공부하는 건 엄마가 거진 처음으로 지원해준 거라 진짜 열심히 해야지 싶음 그러게 너 지금까지 했던 거 중에 제일 열심히 하는 듯? 맞아 엄마가 이렇게 지원해주신 게 처음이라 더 열심히 하게 되는 듯 근데 나는 생각해보면 꿈이 효도인 거 같아... 그래서 뭔가 더 열심히 하고 싶은데 잘 안 되네 맞아 나도 항상 어렸을 때부터 효도해야지 하는 생각으로 산 듯 그나저나 내일 부모님이랑 밥 먹기로 했는데 뭐 먹자고 할지 고민 중 외식하려고? 요즘 뭐 먹으러 가기도 힘든 듯 집에서 먹어야지ㅠ 아마 고기 구워 먹거나 그러려나 아 맛있겠다. 나도 곱창 좋아해서 맨날 집 가면 아빠가 곱창 왕창 사 와서 구워줌 요즘 인터넷에서 사는 곱창 모듬 진짜 맛있음... 저번에 먹고 놀랐잖어 익 나는 아빠가 마트에서 사 오심 개짱맛있어 엄빠 찬스로 사 먹는 게 젤 맛있어 ㅎ 키키 인정 아 요즘엔 엄마 요리법 배우려고 노력 중임. 레시피 다 알아둬야지 나도 엄마가 찌개 같은 거 끓이는 거 조금 알려줬엉ㅎ 역시 엄마표 짱,0,B
normal_B_0649,"너 왜 우리 벅수 생일 축하 안 해줬어 벅수 잘 크고 있나 ㅜㅜ 너무 보고 싶네 그저께 7살 생일이었는데 너 왜 축하 안 해줬엉 삶이 바빠서 생일 축하햇 벅수 벅수 잘 크고 있지 무려 10키로 강아쥐... 헉 ㅜㅜ 너무 잘 크고 있네 키키 웬만한 애기보다 무겁다구욧... 매일 산책 시켜야 하자나 그것도 힘들겠더라 응 비 오면 너무 고민이당 벅수는 밖에서만 싸거든... 아 진짜? 우산이라도 쓰고 해야겠네 어쩔 수 없이 엉 나갔다 들어오면 털 말려야 되고 참 상전이심... 나도 누가 그렇게 해줬으면, 키키 나도 누가 좀 반려해 줬으면... 맞제 그런 마음이 크다 씻겨줬으면 지금 당장 아직 화장 안 지웠니...? ㅋ 엉 오자마자 밥 먹고 앉아있음",0,B
normal_B_0650,좀 따기 쉬운 자격증 뭐 있을까 왜? 자격증 딸려고? 응... 스펙이 될만한 자격증 뭐 없을까 컴활이나 토익은 있는 거지? 응 키키 그거 말고 좀 상대적으로 취득이 쉬운 거 뭐 없으려나 토익 따고는 이제 토익스피킹이나 오픽 많이 준비하더라 그거 점수부터 따 놓고 다른 자격증 생각해 응 나도 아는데 자꾸 다른 거 기웃거리게 돼 ㅜㅜ 그거 공부부터 하는 게 맞는데도 흑흑 키키 나도 그렇긴 해 비서 자격증은 어때? 그거 따기 쉬워? 처음 들어봤어 너가 일하려는 게 결국 서비스직이니까 비서 자격증 거의 며칠 만에 딴다던데 따두면 어디든 쓰지 않을까? 그런가? 오 고마워 키키 대충 뭘 시험 치는 거지? 약간의 영어하고 무역이랑 업무 지식 정도라던데? 오 그렇구나. 괜찮을 것 같아 나 사실 비서 업무도 관심이 있었거든 응 키키 나도 그 자격증 듣고는 너 생각 나더라고 꺄 고마워 키키 근데 스펙 쌓는 거 참 고되다 ㅜㅜ 흑흑 그렇지 ㅜㅜ 최근 들어 더 빡세진 것 같기도 해 ㅜㅜ,0,B
normal_B_0651,해외 여행 가 본 적 있는가용 ㅇㅅㅇ? 나 타리랑 태국 한번 가 봤어 키키 아 타리랑 태국 간 거 너였어? 키키 몰랐네 태국 어땠어? 타리 3번인가 4번 갔는데 그중 한 번이 나야 키키 태국 진짜 좋았어 힐링 그 자체 아 그렇구나 키키 몇 년도에 갔어? 역시 여행은 동남아가 제일 좋은 거 같어 ㅠ0ㅠ 나 18년도에 갔어 키키 9월 달에 오오 좋을 때 갔구나 ㅠ0ㅠ 태국 음식 입에 좀 맞았어? 키키 처음엔 안 맞았는데 조금씩 먹다 보니까 여행 막바지에 맛들려서 아쉬웠어 키키 키키 뒤늦게 터졌구나 향신료 때문에 못 먹는 사람 꽤 있더라 과일도 많이 먹었어? 응 과일 망고가 진짜 핵 꿀맛 동남아는 역시 맹고~! 나는 베트남 다낭 갔었는데 아... 망고스틴 진짜 맛있더라 일단 물가가 너무 싸! 맞아 진짜 물가 너무 싸가지궄 키키 아무 걱정 없이 잘 놀다 왔지 그치 키키 아 베트남은 진짜 더운 거 아니면 살고 싶더라... 몇 박 몇 일 다녀왔어? 키키 나 6박7일 갔다 왔어 딱 적당했덩 것 같아 키키 오 길게 갔다 왔네! 나는 3박4일인가 그랬던 것 같아 담엔 꼭 길게 가야지... 언제쯤 해외여행을 갈 수 있을까 ㅇㅅㅇ... 그니까 ㅠㅠ 나도 태국 빨리 한 번 더 가 보고 싶어,0,B
normal_B_0652,"어제 내가 예능을 봤는데 거기서 빌게이츠 음모론에 대해서 나오더라고 코로나 관련해서... 알고 있어? 아 그거 봤던 거 같아! 저게 처음 봤을 때는 무슨 소리람 했는데 그럴 수 있겠다, 싶더라 미국에서도 그게 되게 화제였나 봐... 빌게이츠가 인터뷰에 나와서 이야기할 정도면.. 아 진짜? 하긴 워낙 영향력 있는 인물이니까 그럴 수 있겠다 음모론 진짜 듣다 보면 말 되게 들려 키키 그치! 되게 그럴싸해서 헐, 맞나 봐! 이렇게 된다 그래서 미국에도 그걸 진짜로 믿는 사람들이 많나 보더라고 무서워... 아니 사람들이 믿을 정도면 우리가 모르는 빌게이츠의 뭐가 있나 키키 뭐 그 예능도 단편적인 걸 얘기할 수도 있었겠지만 거기에서 나온 근거들이 확실한 게 없더라고 아 그래? 하긴 그게 확실하다면 이미 끝난 거 아니니 키키 맞아 키키 확실한 게 없으니까... 못 믿어... 중국에서 만든 백신은 북한도 양보한다면서? 안 쓰겠다고 키키 와 진짜, 일단은 그래도 맞아야 하는데 왜 그러냐 그러면서 우리나라 들어오고! 근데 북한에서도 못 믿는다는 게 웃기지 않니? 그거 중국산 백신 아무도 안 쓰잖아 키키 키키 중국산 백신은 중국인도 안 믿고 안 쓰고 아니 왜 만드냐 키키 그러게 키키 솔직히 본인들도 믿고 쓸까 싶어 키키 키키 그걸 양보한다고 받는 나라가 과연 있을지 키키",0,B
normal_B_0653,어렸을 때 숨바꼭질 엄청 했는데 엄마도 했었어? 그럼 당근이지 방과 후엔 숨박꼭질 하느라 정신없었다 키키 엄청 재밌었는데 시간 촉박하게 숨고 키키 노는데 정신 팔려서 할머니한테 맨날 혼나고 엄마도 놀다가 밥 먹자 부르면 한 명씩 들어가던 그 세대야? 응 맞어 해가 어두워지면 집에서 부르는 소리가 들리면 그때서야 들어갔으니까 키키 무한도전에서 나왔었는데 패러디로 신기하다 옛날엔 놀 게 별로 없었으니까 말뚝박이도 재밌었는데 그땐 나무만 보이면 했었어 키키 그래 우리 때는 그런 걸 안 해봐서 모르겠네 재미있었나 보네 아 모르구나 키키 신기하다 아마 요즘 애들도 모를 거야 너희 때만 놀은 놀이인가 보다 다 알 줄 알았는데 키키 그럼 술래잡기는 알지? 그럼 술래잡기 선수였다우 얼마나 잘했었는데 잡힐 듯 말듯 심장 떨렸었는데 ㅠㅠ 이제 추억의 게임이 되었네 스릴 있었지 그게 술래잡기의 묘미였지,0,B
normal_B_0654,"지구온난화가 심각한가 봐 ㅠㅠ 그렇긴 하지 ㅠㅠ 섭씨 50도를 넘는 나라도 있대 어머... 진짜 아껴 써야 할 텐데 맞아 ㅠㅠ 그런데 너무 더우니까 악순환인 것 같아 맞아 엄마도 웬만하면 안 틀려고 하는데 쉽지 않네 이러다 북극 얼음이 다 녹으면 바이러스가 엄청 많이 생긴대 엄마 그래? 왜? 거기 얼음 안에 인류가 알지 못하는 바이러스가 많대 ㅠㅠ 큰일 나겠네 맞아 ㅠㅠ 미래가 걱정이지 뭐. ㅠㅠ 너희 딸, 아들들이 걱정이다. 나는 자식 안 낳을 거야 위험해 키키 그런 말이 어딨어 너무 환경도 안 좋고 키우기 힘들 것 같아 키키 엄마가 키워줄게 무조건 낳아",0,B
normal_B_0655,나 자취 하고 싶어! 나갈라고! 오 독립? 갑자기 왜 집 나갈라고 하냐 그냥 혼자도 한번 살아보고 싶어서 엄마랑은 상의해봤어? 결론 낸 부분? 아늬 얘기 안 해봤는데...?! 걍 나가는 거제 뭐 오호... 살 집은 좀 알아봤니? 키키 아니 ! 키키 맘 속으로 생각만 함. 동네 지나가면서 봤는데 원룸 월세 40 하더라 아 뭐야 키키 그건 진정한 독립의 열망이 아닌 거 같은데 키키 월세는 뭐 무난한 거 같기도 하고 근데 집 컨디션도 모르고 키키 부동산에 붙어있는 것만 봐서... 아무것도 확인된 건 없구나? 키키 그냥 소망 같은거구만 ㅋ케 응 키키 지금 아니면 언제 혼자 살아보겠아 싶기도 하고 그건 맞아 키키 나중에 결혼하면 또 혼자가 아니니깐 근데 또 굳이 혼자 살아봐야 하나... 싶기도... 하고 키키 키키 인생의 큰 결심이라 오락가락 하나 보구만 키키 사실 큰 고민도 아니고 그냥 말해봤어 키키 천천히 고민 해봐야겠어 응 키키 엄마 서운하실 수도 있으니깐... 키키 잘 생각해봐,0,B
normal_B_0656,"세일러문이나 도레미? 피치? 지금 봐도 볼 수 있을 느낌이야 키키 야 당연하지! 나 요즘 도레미 보고 싶다, 아따맘마도 좋아 맞아... 진짜 잘 봤었는데 키키 난 소년 만화도 좋아했어 소년 만화는 기억이 안 나, 난 진짜 변신 만화 재밌게 봤던 거 같아 그래? 그냥 코난이나 나루토 이런 게 소년 만화였지 뭐... 코난이랑 나루토도 잘 안 봤어, 아 원피스 잘 봤다 키키 아 정말? 대박... 코난을... 난 극장판도 봤는데... 난 추리, 완전 잘 모르겠어서 덜 봤던 것 같아 그렇구나... 만화 진짜 많이 봐서 아직도 ost 기억나 키키 와 진짜? 난 기억나는 건 짱구밖에 없어 키키 나 노래방에서 불렀던 거 기억나니 만화 주제가 키키 키키 와 진짜 키키 만화 주제가 키키 생각지도 못 했잖아 근데 재밌었어 키키 원피스도 많이 불렀던 거 같은데... 코요태... 아 그건 근데 키키 전 국민이 아는 노래였어 맞아 코요태 명곡 중 하나야 대체 불가해... 그치 특히 도입부에 김종민 키키",0,B
normal_B_0657,나 다이어트 해야겠어! 키키 갑자기? 근데 나도 하긴 해야 되는데 ㅠㅠ 운동 안하고 먹기만 했더니 살이 6kg나 쪄버렸어... ㅠㅠ 에에? 실화야? 우리 같이 빼자... ㅜㅜ 응응 꼭 그러자. 나 너무 충격이야... 난 약 먹고 있어 키키 이렇게 해서라도 빼야지 ㅠㅠ 살 빼는 거 생각보다 너무 어려운데... 나도 약 먹어야 하나... 엥 그럴 거까진 없고 그냥 양을 줄여봐! 그럴까... 하긴 요즘 탄수화물을 많이 먹기는 했지... 단백질 위주로 먹으면 되지 않을까? 흠... 단백질이라면... 고기인가! 고기는 고기지... 지방 없는 고기... 키키 안돼...! 고기는 지방이 생명인데…! 지방은 노노해~ 닭가슴살 먹어랏 퍽퍽한 닭가슴살이 나의 주식이 되겠구나! 화이팅이야...! 난 걍 안 먹을래 ㅠㅠ,0,B
normal_B_0658,"언니가 실제로 봤던 연예인 있어? 나는 신민아 봤어 가로수 길에서 와 대박 신민아 완전 마네킹이라던데? 웅 맞아 보조개 완전 이뻐 키키 아 진짜? 무슨 촬영하다가 본 거야? 아니 지나가다가 나도 그렇게 생기고 싶다 ㅠㅠ 키키 나도, 근데 이미 키에서부터 망함, 나도 이미 몸무게에서부터 망했어 키키 몸무게는 당연한 거 아니야? 몸무게 53키로인데 날씬한 거 아니야? 키키 신민아가 몸무게 53키로라는 거야? 키가 175아니야? 신민아? 키키 키키 아니 175까지는 아니어도 최소 170은 넘을걸,? 키 엄청 커 보이던데 멋있어 키키 그게 얼굴이 엄청 작아서 더 커 보이는 거래! 얼굴이 주먹만 하긴 했어 진짜로",0,B
normal_B_0659,"너네 차로 캠핑한다고 했던가? 캠핑까지는 아니고 차크닉이라고 그냥 피크닉 같은 거? 키키 아 그래? 키키 너네 집 원래 캠핑 많이 갔었잖아 그랬었는데 어느 순간부터 안 가게 되더라구 키키 집에 장비는 다 있어 너네 집 되게 많이 갔던 걸로 기억해 우리 집은 캠핑을 거의 안 가니까 키키 그렇지 아무래도? 겨울에도 패딩 입고 잘 정도로 열정 있게 다녔었어 키키 맞아 그래서 신기하기도 했어 나는 예전에 캠핑 화장실 때문에 싫었던 기억이 있거든 그치 그치 근데 이제 좀 커가면서 간 캠핑장은 좀 시에서 하는? 그런 데 가서 깨끗했어 키키 맞아 난 캠핑장이 아니고 그냥 계곡 쪽 가서 캠핑해서 그랬어... ㅠ 그치 그냥 계곡 쪽 가면 좀 관리 안 되는 곳들도 많지, 근데 요즘은 좀 괜찮은가 봐! 워낙 2-30대 캠핑하는 사람들이 많아져서 맞아 요즘 캠핑장 잘 되어 있다고는 하던데 나중에 가 보겠지... 키키 응 나도 요즘 캠핑 가고 싶더라구, 다시 다니고 싶어 오 정말? 갔을 때 좋았나 보다... 응! 난 캠핑 좋아했어 솔직히 아빠가 제일 고생이지 운전하고 텐트 치고, 근데 이제 우리가 가면 좀 낫지 않을까? 아무래도 이제 커서 텐트 치는 것도 너희가 더 잘할 수도 있어 키키 키키 아 그래도 처음은 아빠 도움 필요해 키키 우린 맨날 들고 있는 것 밖에 안 했어서 키키",0,B
normal_B_0660,너네 부모님 잘 지내시지? 안 본 지 오래라 ㅠㅠ 응응 잘 지내셔 부모님이 너 안부 묻더라! 나야~ 백수지 키키 알바하고 나도 백수 된 지 얼마 안 돼서 다들 걱정해 ㅠ 저번에 어머니께서 만들어 주신 김치 잘 먹었는데! 이번에 귤이 왔는데 좀 나눠주래! 아 벌써 귤이?! 너네 집 하우스 농사 잘되었나 봐 키키 올해 귤이 달아! 다음에 우리 집 와서 가져가 그래 키키 그냥 가져갈 수 없고 일이라도 해야겠다 아니야 가져가서 부모님이랑 같이 먹어! 그래 고마워 키키 그럼 우리 집에서 버섯 가져갈게 버섯 좋지 저번에 주신 거 맛있게 먹었어~ 아 정말? 그럼 또 가져가야지 키키 엄마가 좋아하더라 다음에 가지러 갈게! 아 ~ 많이 담아둘게 키키 어머니 갖다 드려 고마워 키키 가지러 갈 때 보자!,0,B
normal_B_0661,"삼십대 되니까 주변 친구들이 자꾸 뱃살이 나와서 저도 불안하네요. 그래도 삼십대로 안 보이세요, 관리를 잘 한 덕인가요? 꾸준히 운동을 하고 있기는 한데 술을 좋아해서 더 빡세게 관리를 해야 될 거 같아요. 그러네요, 저는 술은 잘 안 해서 운동만 하면 되는데 너무 좋아하는 운동은 풋살밖에 없어요. 요즘에는 코로나 때문에 헬스장도 못 가니까 그냥 집에서 홈트하는 게 최고인 거 같아요. 시간도 많으시잖아요. 그러게요, 허리가 안 좋아서 더 해야 된다고 생각은 하는데 막상 하려니까 귀찮더라고요. 살면서 뭐 수술 같은 거 해본 적 있으세요? 저는 수술은 한 번도 없는데 수술하신 적 있으세요? 포경수술 빼고는 어릴 때 머리를 다쳐서 수술 한번 한 적 있어요. 보험은 지금 들고 계시나요? 네. 몇 개 들고 있긴 한데 그냥 건강했으면 좋겠네요. 주변에 코로나 걸렸다가 완치된 친구가 둘 있는데 둘 다 후유증이 있대요. 인터넷에서 보니까 냄새도 잘 못 맡게 된다고 하더라고요. 네. 한 명은 5월에 완치됐는데 실제로 냄새 잘 못 맡아서 음식 맛도 예전처럼 안 느껴진다고 하더라고요. 무섭네요, 마스크 꼭 잘 쓰고 손도 잘 씻어야겠어요. 네. 제일 무서운 건 나머지 한 명은 탈모가 왔대요. 정말 무섭네요, 탈모 예방약을 먹었어도 탈모가 왔을까요?",0,B
normal_B_0662,민주당 대선 후보로 요즘 많이 시끄럽던데 ~ 누가 되겠느냐 하는 게 말이 많지~ 국민 선거단 모집하던데 나도 신청해볼까 그건 뭐하는 거야~? 대표해서 하는 건가~ 국민들의 의견도 반영하겠다는 건가 봐! 그래 그거 좋네~ 신청해봐~ 목소리를 더 내야지~! 그리고 이제 백신도 더 많이 들어온다던데? 백신도 좀 많이 들어와서 얼른 다 맞았으면 좋겠네~ 우리 딸 소식 잘 아네~ 나 요즘 신문 구독해서 보잖아~ 잘하네~ 그래서 소식을 빨리 아는구나~ 아빠도 좀 봐야 되는데 신문~ 아빠는 회사에서 맨날 뉴스 틀어 놓고 있잖아~ 이게 또 뉴스에서 나오는 거랑 신문에서랑 다르기도 하니까~ 근데 뉴스가 더 시의성이 빠르잖아~ 하하 그래 그건 맞는 말이다~! 얼른 2차 맞아야 되는데 ... 아빠는 다 맞아서 속 시원하겠다 ㅠㅠ 아빠는 이제 자유지~ 딸도 얼른 맞자 곧~!,0,B
normal_B_0663,사랑은 빼줄래? 당근마켓에 팔아도 되냐? 와 이렇게 나온다고? 팔면 잘 팔릴 듯 엥 아무도 안 살 것 같아서 무료 나눔 하려고 했는데 그래 그러던가 요즘 캣타워 사고 싶어 키키 그것도 인터넷으로 사면 싸지 않냐 별로 안 싸더라... 개비싸 그래도 마트에서 사는 것보다 싸지 않을까 키키 장난 하냐 그건 그래... 집사 털림 요즘 마트가 경쟁력을 잃어서 인터넷 쇼핑몰이랑 경쟁하잖아... 인터넷이 훨씬 싸지... 마트 없어지는 거 아니냐 그니까. 요즘 대형마트들은 적자 봐서 죽을 상인데 인터넷 쇼핑몰은 물건이 부족하대 주문량이 폭주해서 응응 아 그냥 다 인터넷이 최고구 마트는 산책하러 나감 키키 인정. 근데 나는 아직 오프라인에서 보고 사는 게 좋긴 해 키키 그게 익숙해... 인터넷은 정보의 바다임 넘 많아 맞어... 근데 네이버에 검색하면 최저가로 싹 뜨니까 편하긴 하고... 난 아직 갈팡질팡인가 그치 마자 어렵지만 적응해야지,0,B
normal_B_0664,요새 거리 돌아다니면 비건 음식점 엄청 많아졌더라 응응 나도 많이 봄 키키 근데 나는 지나치게 육식인 사람이라 키키 니는 어떤데 키키 아 나도 키키 강경 육식파라... 당장 비건하라고 하면 못 살 거 같더라 키키 키키 약간 나는 그래서 비건 사 먹는 거 살짝 이해 안 되구… 고기 없는데 왜 사 먹어…이런 느낌 키키 그니까 키키 근데 또 뭐 동물 보호 단체들이나 그런 데서 비건 하자고 그러더라고 사회 여론도 많이 바뀌기도 하고... 하지만 난 못할 거 같아... 응…솔직히 육식에 너무 길들여져 있기도 하고… 육식을 맛본 이상…비건 너무 힘들어… 그래도 니 두부 스테이크 먹어봤나 키키 그건 괜찮더라 키키 오 맛 괜찮더나 키키 나는 비건 음식 한번도 안 먹어봄 키키 막 콩고기 이런 것도 잘 나온다던데 나는 어쩌다 점심에 회사에서 나와서 먹어봤거든 키키 나름 괜찮데? 키키 오 키키 확실히 사회적으로 인식도 그렇고 채식주의자들이 많아져서 그런가 그런 식품들이 많이 나오더라 예전보다 키키 으응 근데 채식주의자들이 육식 먹는 사람들 보고 잔인하다는데 개인 취향 존중 해줬으면 좋겠다... 그러니까... 저번에 어디 보니까 막 뷔페 찾아가서 고기 먹지 말라고 시위하고 이러던데... 솔직히 그러니까 오히려 더 반감만 들더라고... 그니까... 나도 그거 보고 비건을 좀 안 좋게 생각하게 되는 경향이 있더라... 그냥 비건할 거면 본인만 하면 될 것을 그니까 본인만 열심히 하고 잘 지키면 되지 남한테까지 강요하려 드니까 진짜 별로드라... 어련히 알아서 잘하겠지 그리고 막 자식한테도 본인이 비건이라고 고기 못 먹게 하는 사람도 있더라 근데 그건 좀 아니지 않나 헐... 나 그거 방송에서 본 듯... 진짜 자기 신념 강요하는 거 최악이다... 특히나 애들은 성장기라 잘 먹어야 되는데 ㅠ 그러니까... 아이들 성장에 중요한 영양분이라는 게 있는데 ㅜㅜ,0,B
normal_B_0665,니도 아부지 같은 사람이 이상형이가 혹시? 아니요 전 아부지 같은 사람 싫어여 키키 아? 그래요? 예외도 있나 보네요? 키키 키키 아빠 같은 유머는 좋은데 전체적인 걸 따지면 싫어 보통 딸들은 아빠 닮은 남편 만난다고 하던데... 키키 키키 어휴 난 아에 **이 같은 사람이 나아 키키 **이는 니랑 언니 땜에 잘 커준 거지... 하하 키키 그래도 지도 잘하는 거지 뭐 **이 같은 남자친구를 원해서 니가 남자를 못 만나는 걸 수도 있어! 오... 그것도 맞아 **이가 그랬어 키키 키키 **이도 잘 아네 키키 그래 *이가 니 버릇을 잘못 들였다... 키키 맞아 키키 어휴 근데 좀 그래... 키키 난 이번 생은 결혼 안 하고 살려고 하하 오 아에 비혼으로 굳힌 거야? 응... 나중에 비혼식이나 할게... 하하 놀러 와서 자리를 좀 빛내 주겠니? 키키 좋지 키키 아니 근데 연애도 안 하는 거야?,0,B
normal_B_0666,"지금 벌써 밖에 깜깜해진 거 알아? 그래? 키키 아직 여긴 밝은데 여기 지금 그낭 암흑이아 헉 이 시간인데 벌써 그래? 어, 걍 깜깜해 망했어, 거긴 해가 빨리 지는구나 여긴 이제 지려 그런다 키키 하 요즘에 별 못 본지 오래된 듯, 별 보려면 시골로 가야지~ 하하 맞아 우리 집 별 진짜 잘 보여 너네 집 옥상 말하는 거지? 키키 그냥 우리 집 주변 말하는 건데? 아 그래? 키키 나도 별 안 본 지 너무 오래 지났어 이게 주변이 다 어두컴컴해야 잘 보여 그리고 근처에 빌딩도 없어야 잘 보이잖아 키키 맞아 서울은 네온싸인이 너무 많아 그치 우리 동네도 그래서 별은 무슨 하나도 안 보여",0,B
normal_B_0667,작은엄마는 집청소 몇일에 한 번씩 해? 당연히 반나절에 한번씩 해야해 키키 키키 그래서 집 가면 그렇게 깨끗했구나~ 응 하도 털이 많이 빠져서 그래 키키 뭐 첫째도 그렇고 작은아빠도 그렇고 털 잘 안 빠지게 생겼던데? 검은 머리 짐승들이 은근 많이 빠져 키키 오키 나도 자취방에서 머리카락 한 올만 보여도 다 치움! 그거 박스 테이프로 청소하면 편해 키키 박스테이프는 어디서 사는 거야? 다이소 같은데 가서 왕창 사놔~ 박스 테이프 한 개에 2천 원 정도 하겠지? 거긴 물건이 싸서 천원이면 사~ 오 좋은데? 돌돌이 말고 다음에는 그거 사야 겠다! 그게 접착력이 좋아서 잘 붙어 키키 키키 맞아 그거 살에 붙어도 겁나 아프잖아 그래서 그런지 머리카락 청소에 딱이야,0,B
normal_B_0668,요새 게임 뭐 재밌는 거 있나? 요새는 근데 휴대폰 게임도 잘 안 하긴 해 키키 오 삶이 많이 바쁘신가 봐요? 키키 키키 그러게요? 요즘 게임을 잘 못하고 있어요 키키 진짜 프로그래밍 배울까 싶기도 함 키키 근데 그건 진짜 취업하긴 괜찮을 것 같애 옹 이번 시험 떨어지면 해볼까 함 키키 키키 시험에 떨어지지 말자 그래도 키키 그래 공부 한 시간이 아깝 키키 맞아 키키 고생한 만큼 결과가 있을껴 오옹 제발 그래야지 키키 이제 피씨방도 좀 가야겠군 키키 아니 피씨방 아직 무섭지 않나? 키키 그거 무서우면 아무 데도 못 간다 키키 그건 맞아... 나 **네 집 앞에 피씨방에 돈 쓰고 한 번 가고 못 감 키키 코로나 터져서 악 키키 아직 남아 있겠지 키키 망하면 안 되는데 키키 망한 것 같진 않더라... 하... 게임 하고 싶다 ㅠㅠ,0,B
normal_B_0669,오늘 점심 뭐 먹을래? 우리 시켜 먹은 지 오래 됐다. 오랜만에 시켜 먹을까? 오 그럼 오랜만에 배달 고? 뭐 먹고 싶은 거 있어? 나는 오늘 한식은 안 끌려 원래 한식 안 좋아하잖아 키키 그렇긴 한데... 오늘은 쌀 자체가 먹고 싶지가 않아 그럼 짜장면 시켜 먹을까? 좋아 대신 너가 짬뽕 시켜 응응 그럼 세트 2번 짜장 짬뽕 탕수육 음료로 할까? 리뷰 이벤트 뭐 없어? 오 있다! 리뷰 작성하면 만두 서비스로 준대 개이득~ 그럼 리뷰 작성한다 하고 만두 달라해 알겠어~ 짜장면 30분 뒤에 도착한대. 너는 언제 와? 나 이제 막 버스 탔는데; 좀 천천히 시키진; 아... 내리고 택시 타,0,B
normal_B_0670,이번에 DP 영화 봤음? 배경이 군대던데 아 요즘 그거 핫하더라 넌 봤어? 나 봤지 진짜 군대 힘들겠던데.... 왜 어때? 내용은 재밌어? 그냥 군대에서 생활하는 건데 관심병사? 같은 내용이던데 잼도라 나도 조만간 봐야겠다 군대는 안 가봤지만 재밌을 거 같아 군대가 재밌을 것 같다고? 난 체력 없어서 힘들 것 같던데 키키 헐 아니 군대는 힘들 것 같고 DP? 그거 ! 나 돌 맞을 거야 아 키키 깜짝 놀랬지 뭐야 그래도 복무 기간 많이 줄어서 다행이다... 맞아 그래도 긴 시간이야 ㅠㅠ 덥고 추운데 훈련 받는 거 상상만 해도 힘들다 그니까 북한 사람들은 몇십 년? 이렇게 간다잖아 통일이 빨리 돼야 할 텐데 ... 와우 처음 안 사실 진짜 힘들겠다 ... 어릴 때만 해도 우리 또래 남자 애들 크면 군대 안 간다 그랬는데 키키 진짜 키키 난 나 크면 통일될 줄 알았음 야 너도? 야 나도 ! 쉬운 일이 아니야 ... 그래도 난 친구들 다 전역했다 와 진짜? 내 남자친구는 이제 가는데 ...,0,B
normal_B_0671,너 가족들이랑 올해 여행 간다고 하지 않았어? 응 근데 코로나 때문에 취소 할 수도 있어 아 맞다... 벌써 예약한 건 아니지? 응 조만간 예약해야 하는데 위약금이 또 있어서 그거 코로나 몇 단계 이상이면 위약금 없대 아 진짜? 그럼 지금 예약해도 되겠네? 인기 많은 숙소면 미리 예약하는 게 좋지? 어디로 가는 거야? 제주도? 경주? 거제도? 이번엔 강원도로 가기로 했어! 양양으로! 우와 너희 가족 되게 힙한데 가는구나 응 이번엔 우리 오빠랑 나랑 서핑할 거라서 와 멋있다 키키 서피비치 거기 가는 거야? 응 거기 완전 유명한 관광지 됐잖아 거기서 서핑할 거야 와... 힙스터 다됐네 키키 그럼 부모님은 뭐하셔? 거기에 맛집도 엄청 많아졌대 부모님은 식사하셔야지 키키 아니 너네 서핑 오래 할 거잖아 키키,0,B
normal_B_0672,이번 여름에 너무 더워서 살이 많이 탔어 키키 아 그래? 많이 돌아다녔나 보다 나는 생각보다 안 탔어 응 맞아 경주로 여행을 갔는데! 익었어 키키 키키 헐 거기가 그렇게 더웠어 ? 거기가 하루에 36도까지 올라가 ㅠㅠ 그 정도면 찌는 거 아니냐 키키 진짜 개덥겠다 응 맞아 더워서 못 돌아다녀 숨 막혀! 상상만 해도 숨 막히고 찐다. 나는 그런 날씨에 못 돌아다녀 그래서 그런지 햐얀 피부가 까매졌어 키키 키키 다시 희게 만들어야겠네 집에 박혀 있어 그래도 겨울에 되면 다시 돌아오지 않을까? 가을 겨울 되면 알아서 돌아오긴 하더라 응 키키 그렇긴 해 얼마나 더우면 정수리가 타겠어 어우... 상상만 해도 끔찍하다 여름이 너무 싫어 그리고 바다에서 수영하면 더 타는 거 알지? 키키 그건 몰랐네 선크림 열심히 발라야겠다,0,B
normal_B_0673,언니 지금 월세 많이 나가지 않아? 맞아 나 이거 때문에 허리가 휠 거 같아 키키 그러게 월세 말고 전세로 하지 전세 대출을 알아봤는데 이자가 세더라 ㅜ 아 그렇긴 하겠다 거기 서울이니깐 ㅠㅠ 맞아 심지어 서울은 대출 받아주는 곳이 없더라 아니면 LH 임대주택은 알아봤어? 그것도 내가 봤는데 이미 신청자가 마감이었어 ㅜ 헐 정말? 아쉽다 기숙사 주택도 있는데 괜찮다길래 헐 그거는 뭐야? 나도 알려줘! LH에서 청년들한테 주는 주택 중 하나 인가 봐 근데 그거 조건 있지 않아? 글쎄 언니는 될 것 같아서 한번 봐봐 그렇구나 그것도 있지만 초기 투자 비용이 많지 않아? 그렇긴 한데 매달 내는 월세 보단 훨씬 저렴해 내가 목돈이 없어서 모르겠다 ㅜ,0,B
normal_B_0674,오빠 집에 번개 맞아본 적 없지? 집에... 번개를? ㄷㄷ **집에 맞아 봤데 키키 완전 폭탄 터지는 소리 난데 와 그럼 집은 멀쩡한 거야? 전기 코드 타고 다 감전 돼 가지고 컴터랑 티비 다 망가졌뎅 헐 그럼 그거 뭐 보상이 되나? 보험 들어야 되나? 졸 신기하지? **집 앞 전봇대가 맞았다던가? 그랬어 전봇대가 맞았는데 그 정도라니 ㄷㄷ 완전 집 앞이라서 그래서 **은 번개 무서워 행 키키 근데 그런 일 겪으면 무섭긴 하겠다 ㄷㄷ 얼마 전에 우리 아파트도 번개 맞아서 주차 차단기 뽀사 졌자나 키키 아 그게 왜 고장 났나 했더니 번개였어? 나 그때 집에 있었는데 폭탄 터진 줄 알았음 키키 그런 소리가 난다고? 근데 왜 거기에 번개가 떨어지지? 그게 착 올라 갔을 때 맞은 거 같던데? 피뢰침처럼 아하 그러면 가능하긴 하겠다 근데 그럼 지나가는 차도 있었을 거 아냐? ㄷㄷ,0,B
normal_B_0675,아이고 큰애가 햄스터 기르고 싶대~ 어우 햄스터 얼마나 냄새 나는데~ 그러니까~ 우리 옛날에 햄스터 길렀었잖아~ 응! 그거 미키마우스 햄스터였나? 그런 이름이었던 것 같은데? 응 맞아 귀 까맣고 꼬리 길고~ 맞아 키키 걔네들 엄청 냄새 심했었어 키키 내가 몽이 있는데 뭔 햄스터냐고 그랬더니 그럼 병아리를 기르겠대 병아리? 요즘은 병아리를 어디서 데려와? 옛날에는 우리 운동회 때 병아리 아저씨가 왔었잖아~ 키키 응 기억나 ~ 키키 암컷은 500원 수컷은 300원 키키 근데 요즘은 안 오잖아? 내가 그랬지 병아리 아저씨가 요즘은 없다고~ 그랬더니 유정란을 사서 부화 시키겠대~ 헐... 그걸 어떻게 부화를 시켜 요즘 유튜브에 부화기 사서 하는 것도 있고 부화기 만드는 것도 있더라 키키 아 진짜? 그걸 그래서 해보겠대? 엉! 보니까 엄청 자세히 나와 있는 거야! 진짜 할 기세라서 닭 되면 날라다님서 똥 싸서 안된다 했어 옛날에 언니가 기른 병아리 닭 돼서 빨래 건조대 위에 앉아있고 그랬던 거 생각난다 키키,0,B
normal_B_0676,취미로 요새 스쿼시나 테니스 배우고 싶당 나도! 예전부터 배우고 싶었어 뭔가 귀족 스포츠? 키키 맞지 키키 귀족 스포츠 느낌도 강한데 운동량도 상당하대 진짜 근력 유산소 둘 다 엄청 될듯해 테니스는 야외 운동이라 너무 탈 것 같고 스쿼트 좋다! 근데 귀족 스포츠 끝판 대장은 승마 아니야? 그건 그냥 귀족인데? 키키 취미로 배울 수 있는 수준이 아님 키키 넘사벽 어디 부산은 저기 김해 가야 하나? 골프도 나름 귀족 운동이었는데 요즘은 개나 소나 다하는 느낌이야 맞아 골프는 요새 키키 너무 흔하지 키키 너는 서핑은 안 해? 나는 바닷물 싫어해 찝찝해서 민물이 좋아 키키 너는 서핑 잘 어울린다! 송정 같은데 서핑 많이 하잖아? 여름 레저로 그만한 게 없다던데 그러니깐 거기서 연애도 많이 하던데 사람들도 많이 만나고 왜 아직 니가 서핑을 안 했지? 나는 팔 힘이 없어서 서핑 못해 키키 그것도 의외다 팔 힘이 없구나 키키 차라리 여름 레저 중에는 패들보드가 그나마 낫더라공 나는 실내 수영 엄청 좋아하는데 지금 코로나 때문에 못 가고 있어 수영장 가고 싶다,0,B
normal_B_0677,여행 장소나 경로를 언니는 계획하고 가는 편이에요? 키키 큰 틀만 짜고 그 때 상황에 따라서 유동적으로 움직이는 편이야 키키 아 키키 전 원래 계획 안 짜는데 이번에는 계획 열심히 짰어요 키키 여행 장소만 잡으면 계획의 반은 짰다고 생각해 키키 맞아요 키키 교통 편이랑 숙소만 잡아도 키키 그게 가장 중요하지 키키 간만의 여행인데 알차게 보내고 와야지 키키 맞아요 키키 또 언제 놀지 몰라서 맞아 키키 나이 먹을수록 여행 가기가 쉽지 않아 키키 글쵸 키키 진짜 그리고 같이 가는 친구가 더 계획이 없어 아 그래? 키키 그럼 너가 가고 싶은 곳 가면 되는 거야? 키키 맞아요 키키 그래도 뭔가 좀 말해줬으면 좋겠는데 제가 가는 대로 가는 친구예요 키키 키키 같이 하는 여행인데 의견이 없으면 아쉽지 글쵸 같이 하면 좋은데 ㅜㅜ 그래도 불만 없이 따라 다닌다니까 다행이다 넵 하하 그건 다행 어릴 때부터 친구라서 아하 그렇구나 키키 여행 가서 안 싸우면 정말 다행이야 키키,0,B
normal_B_0678,"언니는 남자친구랑 결혼하고 싶어? 돈만 있으면 하고 싶지. 언니 장거리 어때? 장거리 연애 진짜 많이 해봤는데 역시나 힘들군. 언니는 장거리 연애 많이 해봤지 나는 지금 처음이야. 뭔가 강원도나 스페인에 있을 때는 아예 못 만나는 상황이니까 그러려니 했는데. 지금은 뭔가 만나려면 만날 수 있으니까 더 힘든가? 맞아, 딱 그거야. 그런데 언니도 스케줄 근무라. 웅... 남자친구는 주말에 쉬는데 나는 주말에 거의 일하니까 맞는 시간이 없긴 해. 항상 돈이 있으면 시간이 없고 시간이 있으면 돈이 없어. 인생이 이런 걸까, 넘 힘들군... 언제쯤 이런 생각 안 하고 살 수 있을까? ㅠㅠ결혼하면 그래도 매일 볼 수라도 있으니까 너무 좋을 것 같아. 진짜 너무 보고 싶겠다, 언니두. 항상 보고 싶어, 서로 제일 많이 하는 말인 것 같아.",0,B
normal_B_0679,"난 생각해 보면 딱히 큰 병이나 수술 이런 거 한 적 없는 거 같아 맞아 너 은근 튼튼하잖아 나는 늘 종합병원인데 키키 근데 너도 딱히 수술 크게 하거나 한 적 없지 않아? 맹장은 뭐... 빼고 키키 그치 맹장 빼고는 없긴 한데, 그래도 뭐 병을 갖고 있긴 하니까 키키 아 그런가? 그래도 막 계속 병원에 다녀야 한다던가 시술을 받아야 하는 건 없지 않아? 원래는 심해지면 병원을 다니긴 하는데 요즘은 내가 좀 놨다고 해야 하나 근데 나도 한의원은 꾸준히 다니긴 했었어... 나도 대학 때 한의원! 한 1-2년 다녔나 봐 엄청 비싸지 않니 한의원 ㅠ 맞아 나 완전 어릴 적부터 갔었거든 진짜 엄마 아빠 대단해... 와 진짜? 근데 부모님도 대단하시지만 너도 대단하다 한약을 먹다니 으으 워낙 어릴 때부터 먹다 보니까 그런 거 같아 키키 침도 잘 맞는 편이고... 어후 침도 엄청 깊게 놓는 분들도 계시잖아 나 어릴 때 소화 불량 때문에 갔다가 놀랐잖아, 난 되게 유명한 한의원 다녔었는데 그 의사 선생님이 되게 능숙해서 어렸을 때 잘 맞았던 거 같아 오 그랬구나 나는 그냥 동네에 있는 한의원이었는데 확실히 그래도 다 친절은 하셨어 오 친절한 곳이 좋긴 하지 암튼 안 아파야 돈도 안 쓰고 시간도 안 쓰고... ㅠ 맞아 건강한 게 최고인데 그게 제일 어려운 거 같아",0,B
normal_B_0680,나는 장어 먹으면 그날은 몸이 확 좋아지는 게 느껴지는데 너도 그래? 응 나는 그날 말고 다음날 뭔가 개운하면서 건강해진 느낌? 나던데? 이게 확실히 보양식이 건강에 도움이 되나봐 맞아 그래서 사람들 초복에 닭 먹잖아 그런 느낌 아닐까? 그런 거 같아 키키 딱 여름 시작 전에 닭을 먹어줘야 되는 거 같아 좋지~ 건강도 챙기고 맛도 챙기고 키키 일석이조! 너는 그럼 보양식으로 어떤 거 좋아해? 나 보신탕 좋아해! 보양식은 다 좋아하는 편이야 확실히 늙었나봐... 키키 보양식 먹으면 건강해지는 느낌이 확실히 있어? 응 나는 겨울 시작 전에 무조건 보신탕 먹어 그럼 그 겨울은 감기 안 걸리더라 아 진짜? 오 그럼 무조건 먹어야겠다 혹시 시작 전에 못 먹으면 중간에라도 무조건 먹어 키키 그 정도면 무조건 챙겨 먹는게 맞지 키키 나는 보신탕을 못먹어서... 그럼 너가 몸 안 좋을 때 챙겨 먹는 음식 있어? 나는 음... 추워지거나 하면 삼계탕을 좀 먹는 거 같아 나 맛집 아는데 나중에 같이 가자~ 오 삼계탕도 좋지 추 울때 먹으면 몸이 확 따뜻해지고! 그래 같이 가자!,0,B
normal_B_0681,여기도 이제 비가 오기 시작했어... 그래? 여긴 조금 전에 비 그쳤어 하하 헐 ㅜㅜ 여기로 올라왔나 보다 ㅜ 그런가 봐 키키 얼른 비구름 너네 동네로 다 갔으면 좋겠다 키키 어이가 없네 진짜 서울에서 비 그만 좀 왔으면 ㅜ 비 오면 집에만 있으면 되지~ 키키 나도 지금 빗소리 들으면서 놀고 있음! 빗소리 은근 좋지 않아? 나만 그런가 맞아 이런 날씨에는 무조건 낮잠 필수 낮잠 잘 때 완전 수면 송이야 그치? 키키 인정 갑자기 그러니까 낮잠 자고 싶네 난 아까 빗소리 들으면서 잤어 하하 개부럽다 키키 나는 근데 자면 저녁에 잠을 못 자 그래도 비가 올 땐 자는 게 최고지~ 인정 키키 커튼 다 쳐 놓고 어둡게 해서~ 다음에 비 오면 바로 시행한다 하하,0,B
normal_B_0682,"오빠는 지금 담배 피고 있어? 응 나 완전 많이 한다고 구박 받아 그러면 집에서 어떻게 피워? 우리 집 화장실 두 개라 하나에 들어가서 하지 그러면 부모님이 오빠 담배 피는 거 알아? 웅 알고 계셔서 되게 냄새난다고 싫어해 키키 키키 하루에 몇 갑을 피는 거야!? 나 한 갑 정도는 그냥 피는 거 같아 키키 와, 대박, 오빠 뭐 펴? 너 뫼비우스라고 들어는 봤나 모르겠네! 아니 나는 에스엘라이프밖에 모름 키키 키키 너는 그거 어디서 듣고 온 거야 키키 나 어렸을 때 우리 아빠 심부름 키키 역시 다들 아빠로부터 배우는구나? 키키 키키 그럼~ 오빠 그러면 꽁초는 화장실 휴지통에 버려? 그냥 물 묻혀서 불 끄고 휴지통에 버려!",0,B
normal_B_0683,언니 중고차 봤다고 했잖아! 응 중고차 시세 알아봤어 차 종은 정하고 보는 거야? 응 나는 k5 구매 할라구 ~ 그거 몇 년 식으로 보고 있어? 15-18년 식 보고 있는데 싼 것도 있고 그 정도면 아주 괜찮지! 평균 가는 얼마야? 거의 평균 가는 800대 이상? 진짜? 생각보다 디게 싸다! 케이 5인데!? 응 아마 옵션 차이인 듯 요즘에 차가 워낙 많으니까 언니 옵션에 열선 꼭 들어가야 하는 거 알지? 엉뜨 알지 ㅜㅜ 열선 있어야 돼 무조건 내 남친 열선 안 넣고 4년째 후회 중이야! 그럼 겨울에 어떻게 해 추운데... 키키 그냥 손 달달 떨면서 하고 있어! 그래도 대단하네 4년 탄 거 보니까,0,B
normal_B_0684,"요즘 음주 운전 단속 강화했대! 응응 맞아 음주 운전 벌금도 올랐대 그러게 키키 얼마 전에 아빠랑 차 타고 가다가 막대기로 휘휘 젓더라 코로나 때문에 막대기로 검사하더라 신기 키키 응 키키 그거 바뀌었잖아 오랜만에 음주 단속해 봐 근데 그거 동승자가 술 먹어도 나오나 봐 키키 헐, 소름 다행이다 키키 너네 오빠 조심하라 그래 키키 그래서 저번에 따로 검사 한 번 더 하더라 그게 다음날까지 알코올이 나온대 조심해 진짜 힉 그럼 운전하기 전날에 술 많이 먹으면 안 되겠다 아니면 여행 갈 때 차 안 들고 가는 게 좋은 것 같아 맞아 그게 최고지 운전하면 제한이 넘 많아 그니깐 키키 운전하는 사람도 피곤하고 ㅠㅠ 같이 잘 못 놀잖아 키키 맞아 난 운전을 안 해서 잘 모르지만 신경 많이 쓰더라 응 키키 심지어 위험한 상황도 생기고 우린 그래서 차 안 타고 다녀 키키 좋지 남이 운전해 주는 게 최고야",0,B
normal_B_0685,나 어제 신형 스포티지 실물 봤어! 키키 헐 진짜! 나 진짜 사고 싶은 자동차야 ㅜㅜ 키키 진짜 이뿌더라! 키키 생각보다 작아 보였어 키키 아닐걸? 그래도 SUV라 꽤 클 텐데? ㅠㅠ 음... 내가 너무 크게 생각 했었나 봐 키키 막상 안에 보면 꽤 클걸? 키키 키키 그런가? 안에는 못 봤어 키키 기아 매장 앞에 지나가면서 봤어 키키 오 키키 나 한번 타보고 싶은데 그냥 탈 수 있나? 키키 매장 가서 시승 해보면 사야 하는 거 아니가? 키키 키키 설마... 한 번 타봤는데 바로 사라 한다고? 키키 난 잘 몰라 키키 자동차 매장에 한 번도 안 들어가봤지 뭐 키키 키키 나도 사실 새 자동차는 구매해본 적 없어서 모른다 ㅜㅜ 중고차로 구매할 때는 시승도 해볼 수 있나? 오오 응응 그냥 거기 주차장 같은 데서 한 바퀴 돌아볼 수 있어 오오... 신기하네! 키키 중고차 매장은 타보면 사라 하겠지? 키키 아냐... 너 어디 가서 맨날 써보고 다 사온 거니 키키,0,B
normal_B_0686,결혼하게 되면 강아지도 키우고 싶어용 와 좋지 좋지 진짜 아이들한테도 좋은 것 같구 키키 강아지도 유행을 엄청 많이 타나 봐 집안 분위기가 달라져 키키 진짜 키키 그런 것도 있는 것 같아 키키 예전에는 코카스파니엘 이런 게 인기더니 요즘은 비숑이나 말티즈? 많더라 아 맞아 키키 비숑 진짜 많이 봤어 키키 나는 비글도 너무 귀엽던데 키키 감당이 안되겠지 비글 귀여워 장난꾸러기 키키 장난 아닐 듯 키키 강아지랑 아이랑 같이 키우면 정서 발달에 좋다지 키키 진짜 되게 좋대 집안 분위기도 좋아지고 키키 대형견도 좋지만 집 생각하면 소형견이 좋을 거 같아 같이 키우면 힘들긴 하겠지만 키키 소형견이 좋아 키키 포메라니안은 강아지 치고 성격이 안 좋을라나 키키 키키 되게 앙칼지다고 하는데 그래도 귀여운 듯 키키 개나 사람이나 이쁜 것들은 성격이 드러버 키키 키키 진짜 키키 희한하다 그래도 언니는 예쁘고 착해 키키,0,B
normal_B_0687,저도 캠핑 좋아요! 언니 친구들이랑 캠핑 가서 게임 같은 건 안 했어요? 키키 그런 건 안 했고 요즘에 우리가 올림픽을 보고 나서 펜싱에 빠져 가지고 가끔 하는 게 있어 키키 어떤 거예요? 상상이 안 가요! 하하 키키 펜싱이 너무 재밌어 보이는 거야 키키 그래서 인터넷으로 펜싱 장난감 칼을 신청해서 샀어 키키 오 대박 점수는 어떻게 하는 방식으로 정했어요? 그냥 세 판 해서 누가 먼저 이기나 키키 그래서 남자친구랑 집에서 그거로 싸워 키키 키키 오 재밌겠다 신박한 게임이에요 키키 은근히 힘들어서 오래 못하겠더라고 키키 웃다 지쳐 하하 키키 아 저도 조카랑 해보면 좋을 것 같아요 그 게임! 내가 칼 빌려줄게 키키 펜싱칼이라고 하면 정말 거창하게 생겼을 거 같지만 보면 깜짝 놀랄 거야 너무 터무늬 없어서 키키 키키 아 진짜 웃기다 근데 재밌을 것 같아요 말만 들어도 먼저 찌르는 사람이 이기는 건데 키키 남자 쪽이 신장이 더 길고 하니까 내가 불리해 키키 그러네요 ㅠㅠ 하하 저는 조카랑 보드 게임으로 원숭이 떨어지는 게임 자주 해요 요즘 아 그거 알아 키키 나도 조카가 하는 거 본 적 있어 키키 재밌어 보이드라 키키 키키 조카랑 할 땐 져주는 게 국룰이지만 저는 그런 거 없어요 키키 그렇더라? 안 지고 이기니까 저번에 삐졌었어 한번 키키,0,B
normal_B_0688,오빠 덩상 너무 배고파~ 나는 너 같은 동생을 둔 적이 없다 하하 어빠~ 덩상 닭발 먹고 싶어~ 지금 거기 여기보다 문 연 데 많지 않아? 맞아 그런데 혼자서 다 못 먹쥐 ㅜ 아냐 다 먹을 수 있어 도전해 봐 키키 왜 나를 강하게 키우려고 해! 키키 너 솔직히 다 먹을 수 있잖아 아니거든!? 다 못 먹거든!? 너 전에 먹는 거 보니까 어마어마하던데? 키키 그때는 점심부터 저녁까지 나눠 먹은 거야~ 확실해? 왠지 시키면 30분도 안 돼서 다 먹을 듯 키키 키키 노우노우~ 아 근데 무뼈는 가능할 듯! 맞아 닭발은 무뼈가 진리지 키키 키키 나는 뼈파였는데 자취하고 무뼈파로 바뀜 키키 그럼 먹기 편한 게 진짜 짱이야 키키,0,B
normal_B_0689,언니는 오빠 한 명 있다고 했었나? 웅 나는 오빠 한 명 있어 하하 오빠도 지금 같이 살고 있어? 아니 오빠는 평택에 있어 헐 진짜? 나 평택 잘 알지~ 평택으로 장가 갔거든 작년 오월에 헐! 왜 평택으로 가신 거래!? 새언니가 평택 사람이여서 거기로 이사 갔어 직장도 그러면 거기로 잡았겠네? 웅 직장도 거기 생산직으로 갔어 그렇구나 그러면 지금 신혼부부네~? 웅 완전 알콩달콩 신혼부부지 홀 키키 베이비 계획은 있으시대~? 웅 이미 뱃속에 아기가 있어 오 대박 키키 딸이야 아들이야~? 딸이야 공주님 이쁜 우리 조카님,0,B
normal_B_0690,재난 지원금으로 사람들이 고기 사 먹으니까 고기 가격이 올랐대 키키 오 대박적이네 사람들 나쁘노 키키 그러니까 키키 소고기도 그렇고 돼지도 그렇네 아니 어차피 사는데 그냥 좀 팔지 그러니까 키키 소고기 지원금이래 키키 소고기 품귀 현상이 있나봐 키키 소고기 지원금 키키 사람들 참 말 잘해 그러니까 키키 동네 상권 살리라고 주는 건데 다들 소고기로 그러게 키키 누나야는 돈 받아냈나 아직 키키 나 추석 끝나고 동사무소 가서 직접 카드 받아야 해 키키 아 추석 끝나고 받을 수 있구나 키키 옹 키키 휴 직접 가는 것도 귀찮 키키 그니깐 그래도 집에서 가깝지 않나 옹 진짜 코앞이지 키키 5분도 안 걸릴걸 키키 근데도 귀찮다니 대단해 키키 집에서 1층까지 내려가는 것도 아주 힘들단다 키키 그건 인정 키키 그거 받음 뭐할 예정인데,0,B
normal_B_0691,언니 요즘 영화 못 본지 너무 오래됐어 제일 최근에 본 게 뭐야? 극장 가본 게 언제지... 2년 전인가? 키키 기억도 안나 코로나 때문에 요즘 영화도 못 보고 ㅠㅠ 집에서 보면 되는데 그게 잘 안되드랑 나도 집에서는 집중이 잘 안돼 ㅠ 맞어 사운드도 영화관 같지 않아... 그래도 요즘 최신 영화 보고 싶은데... 최신 영화 뭐 있는지도 모르겠어 키키 넌 최근에 뭐 봤어? 나는 아마 보스베이비가 마지막이었던 거 같아 키키 악 키키 그 아기 진짜 귀엽지 키키 완전 하하 보스베이비 완전 매력 장난 아니더라고 ㅎ 급 영화관 팝콘 먹으면서 최신 영화 보고 싶다 키키 나도 나도 오늘 비도 오는데 누워서 팝콘 먹으면서 ㅎ 말 나온 김에 주말에 영화나 보러 갈래? 오오 너무 너무 좋아 ㅎ 언니 누워서 영화 보는 곳 가봤어? ㅎ 어~ 나 재작년에 가봤어! 진짜 편해 마저 마저 그럼 주말에 우리 거기 가서 영화 보자 몇 시에 갈까? 난 3시 괜찮아! 내가 예매할게 키키 신난다~,0,B
normal_B_0692,요즘 사회적으로 젠더 갈등이 너무 심해진 거 같지 않아? 맞아 남녀 간에 갈등이 좀 많은 것 같아 이상한 신조어도 많고 맘충 이런 단어들도 엄청 갈등이 심하잖아 그렇지 같은 단어도 있고 듣기 그래 얼마 전에 기사를 봤는데 애기 엄마가 경찰한테 자기 애 좀 혼 내달라 그랬대 근데 너무 많이 다치게 한 거 아니었어? 어 키키 애가 뭐 말을 안 들었는가 경찰이 과잉 진압했다고 키키 그러니깐 참 한심하다 댓글에 맘충이라고 악플이 난리도 아니던데 키키 자기 부모님들 생각하면 그런 얘기 못 할 텐데 또 레깅스만 입고 다니는 거도 찬반 대결 여론이 뜨겁다 나봐 응 레깅스는 참 애매하긴 한 것 같아 하하 개인의 자유다 보는 사람이 민망하다 등등 키키 남자가 입으면 잡혀가지 않느냐 키키 이런 말도 많더라구 남자가 입으니깐 너무 별로긴 하더라 같은 남자라서 그런가 키키 키키 저번에 우리 동네 카페에 핫팬츠 남 뉴스에 나왔잖아 너무 징그럽다 봤으면 발로 찼을 듯,0,B
normal_B_0693,지알에잇 패밀리 세일 한다 ! 얼른 봐봐 오 드디어 하나! 있다가 쉴 때 찾아봐야지 빨리 봐야 돼. 90%까지도 해서 엄청 빠지고 있어 헐 일하는 중인데... 몰래 접속 해야지 응 저번에 장바구니 넣어 놨던 자켓도 세일 하길래 일단 후딱 샀어 키키 오 일단 사고 봐야지 키키 몇%까지 했어? 내가 산 건 60% 이득 키키 빨리 사 순삭 된다 아나 내가 찜 해 놨던 바지는 품절이다ㅡㅡ 그럼 미련 버리고 후딱 다른 거라도 찾아야 돼! 와씨 품절 속도 실화냐. 일단 몇 개 후딱 결제 해야겠다 키키 나도 원하던 자켓 일단 결제하고 다시 디깅 중 키키 아 인기 모델들이랑 좋은 사이즈는 다 빠졌네 ㅠㅠ 응 악세사리나 비주류 쪽 보는 것도 추천 모자 하나 일단 결제 키키 아 바지 사고 싶었는데 거의 다 품절이다 이미 키키 속도 미쳤다리 그래도 알려줘서 몇 개 샀다 키키 고마워,0,B
normal_B_0694,"엄마 갯마을차차차 봐? 아니~ 너는 봐? 아는 언니가 재미있다고 해서 누구 나오는데? 신민아! 그리고 김선호? 엄마 신민아 좋아하는데, 볼까? 웅! 신민아 실물로 본 적 있는데 엄청 예쁘더라 맞아 너무 예쁘지 본 연예인 중 제일 예쁘더라 키키 그래? 별로인 사람은 누군데? 저번에 정려원 봤는데 너무 말랐더라고 연예인 다 말랐지 뭐. 그래도 신민아는 볼륨감 있게 말랐는데 정려원은... 그렇게 말랐어? 응, 무슨 나무 토막 같더라고 에이 그래도 사람한테 나무 토막이라니! 키키 키키 너도 직접 봐야 해 그렇다니까!",0,B
normal_B_0695,미성년 친딸 성폭행한 40대 잡혔네 헐... 미친놈이 또 있었네 와 양아빠인 줄 알았는데 친아빠야 헐... 친아빠가 폭행하는 경우가 꽤 있더라 ㅠㅠ 헐 미쳤다 딸 명의로 대출도 받고 뭐야 진짜 엥 대출도 받았다고? 뭐 하는 사람이야 그러니까 임신 시키고 낙태 시키고 이거 사람이가? 헐 미쳤다 미성년자면 많아도 고딩이겠구만 그러니까 헐... 30년 받았는데 이거 그냥 사형 부활 안 하나? 와 그래도 이번엔 꽤 많이 줬네 그러니까 그런데 진짜 저렇게 해서 살아서 나오면 딸들 우짜노 맞네 30년 뒤면 둘 다 살아 있을 텐데 ㅠㅠ 그러니까 그래도 아직 50살인데 애들이 하... 그때 되면 아빠가 나이가 많긴 하겠지만 그래도 걍 사형하지 그러니까 어휴 진짜 이런 인간이 다 있노 근데 이런 집이 더 있을 것 같애,0,B
normal_B_0696,해외처럼 엄청 큰 집에다 내 개인 동물원 만들어서 수달이나 돌고래 키워 보고 싶다 키키 키키 방대한 꿈이구만 키키 돌고래나 그런 건 사육사 자격증 이런 거 필요할 껄? 키키 사육사 고용 해야지 키키 키울 수 있을 정도의 돈이 있다면 키키 나도 여러 특이한 동물들 키워보고 싶긴 하다 그러게 키키 두바이 부자들 보면 안 키우는 게 없자나 키키 키키 맞아 키키 사자 호랑이 코끼리 뭐 별에 별거 다 키우더라 지금 키우는 고양이랑 강아지도 너무 귀엽지만 더 많이 키우고 싶어 키키 뱀 같은 건 어때? 뱀도 요즘은 사람들 많이들 키우던데 뱀도 한번 키워보고 싶긴 해! 뱀도 귀엽게 생겼던데 순한 성격의 뱀들도 진짜 많더라고 키키 나도 뱀 키워볼까 생각 중 뱀도 집이랑 용품 같은 거 생각보다 비싸더라 집을 잘 꾸며줘야 하던데 일단 밥 주는 게 힘들긴 함 키키 생 먹이 먹는 뱀 종류가 많아서...키키 아 진짜? 생 먹이를 줘야 하다니... 나는 못 키우겠는 걸 냉동 쥐 써도 된다곤 하는데 나도 잔인한 건 싫어서 키키 그니까 키키 너무 불쌍할 거 같아... 뱀은 다음 생에 키우는 걸 생각해야겠다 키키 키키 그래서 지금 그냥 뱀보단 도마뱀 생각 중 키키 도마뱀은 그래도 귀뚜라미나 아니면 밀웜을 주식으로 해서 그 정돈 괜찮을 듯 키키,0,B
normal_B_0697,언니 친구가 알려줬는데 나비 포옹법이라고 자신을 토닥토닥해주는 방법인데 정말 효과가 있는 것 같아 마음이 건강해져 하하 우와 나도 찾아 봐야겠다 하하 요즘은 신체건강 만틈이나 정신건강의 중요도가 높아졌어 응 진짜 멘탈 관리라는 말도 있잖아 하하 언니도 해봐! 응응 나도 해봐야겠다 하하 찾아봐야지! 나는 책이 무거워서 그런지 요즘 허리가 아파 ㅠㅠ ㅠㅠ 아 진짜 스트레칭 해줘야겠네 나도 요즘 목이 너무 아파서 자기 전에 꼭 하고 자고 있어 ㅜㅜ 맞아 ㅠㅠ 허리랑 목 이런 곳은 물리치료 받아도 장기간이라서 미리 관리를 해야 하는 것 같아 응 맞아 나는 특히나 손목이 아픈데 사실 보호대도 의미 없다 하는데 오늘은 너무 아파서 하고 있어 ㅠㅠ ㅠㅠ 아 어제 선생님이 그러는데 손목 아픈 거 등이랑 코어 운동을 잘 해줘야 한대! ㅠㅠ 맞아 그리고 팔목 주변 힘이 중요하다고 하더라구 어깨 아픈 것도 등운동 해주니까 시원하더라! 타자 많이 쳐서 그렇지 ㅠㅠ 아프면 너무 고생이니까 평소에 관리 잘 해줘야 해 맞아 하하 아마 직업병처럼 평생 아프지 않을까 싶어 더 심해지지 않게 찜질도 잘하고 해야겠어 자세도 바르게 하고! 자세 바른 게 진짜 얼마나 중요한지 점점 알아가는 거 같아 하하 그치 나 어깨 아프다고 하니까 다리 꼬지 말라고 바로 그러더라고 그래서 안 꼬았더니 아프긴 아픈데 훨씬 덜 아파 ㅠㅠ 맞아! 나도 요즘 다리 꼬는 거 안 할라고 의식적으로 다리 안 꼬았더니 골반도 안 아프더라! 그치? 나도 책상에 앉을 때 최대한 신경 쓰면서 앉고 있어 ㅠㅠ 다리 모양도 많이 변한대 ㅠㅠ 좋은 자세 항상 의식하자,0,B
normal_B_0698,"옛날 포니라고 아시나요 자동차 네, 알죠 현대 자동차 아닌가요? 2021년 8월 국산차 브랜드별 판매 실적 1위 아세요? 뭔가요 혹시 그랜저? 1위는 현대 2위는 기아 3위는 쌍용 역시 현기가 제일 많이 팔리겠죠 현대차 1위 쏘나타 2위 아반떼 3위는 그랜저인가요 그럼 아니면 산타페? 그다음이 그렌저 SUV 팰리세이드요 음 펠리세이드 많이 팔렸네요 생각보다 그다음이 싼타페 투싼 아이오닉이요 기아 1위는 뭐예요 케파인가 케팔인가 기아차는 스포티지가 1등이네요? 오잉 스포티지 어떻게 생겼는지도 모르는데... 승용차 판매 1위는 K5, K8이고요. 기아는 카니발이 많이 팔릴 거 같네요 SUV 스포티지 다음이 카니발이네요?",0,B
normal_B_0699,"나 사촌 언니네 강아지 셀프 미용했는데 꼴이 거지가 됐노... ㅎ 키키 강아지 미용 함부로 하는 거 아니닼 키키 울집 복실이도 엄마가 미용 했었는데 손이랑 귀랑 얼굴이랑 장난 아니더라 키키 털이 하도 길어서 조금은 내가 잘라도 된다고 해서 했더니 키키 ^^ 바보 같대 ^^ 조금이 아니었나 보네, 아주 거지꼴을 만들고 왔나 보군 하하 근데 강아지도 털빨이 장난 아니더라야 키키 키키 야 그래 강아지는 다 털빨이다! 특히 비숑! 키키 비숑 키키 짱아 생각나노 나 걔 미용하고 왔을 때 몰라 봄 키키 그래... 걔네는 헬멧? 곰돌이컷? 그거 안 하면 비숑인 줄도 모르겠더라 키키 맞다 키키 귀도 털에 파묻혀 있어야 되잖아 키키 그러니까... 강아지 종류별로 가지고 있는 질병도 엄청 많더라? 아마 비숑도 비숑 나름 귀 덮여 있어서 질병 가지고 있을 듯 ㅠㅠ 맞다 ㅠㅠ 우리 사촌 언니네 강아지도 그래서 원래 털 길었는데 짧게 미용해 주더라 ㅠ 키키 그래 맞다 ㅠㅠ 미용도 진짜 중요한 듯 ㅠㅠ 근데 강아지 미용하는 것도 스트레스 엄청 받을 것 같다 미용사도 강아지도 맞다 ㅠ 미용할 때 조금만 움직여도 상처 잘 나던데... 나도 무서워서 찔끔 잘랐더니 애가 거지꼴이 되긴 함 키키 맞제 ㅠㅠ 애 다칠까 봐 겁난다... 사람도 다칠 수 있고 ㅠㅠ 어휴 강아지 미용이 진짜 힘들 듯 키키 강아지 미용도 근데 배워 보고 싶긴 하네 키키 내 아는 사람 강아지 미용 배우고 있던데 나름 괜찮아 보이더라!",0,B
normal_B_0700,와 나 오늘 투썸에 고구마 케익 새로 나왔다 해서 남자친구랑 먹고 왔거든? 케익 가격 실화가? 조각인데 6000원 가뿐히 넘음... 조각 케이크도 진짜 비싸서 먹기 힘들다 이제 ㅠㅜ 6000원은 훌쩍 넘는데 크기는 겁내 작아 ㅠㅠ 어어 아메 레귤러강 같이하면 만원임... 지금은 그나마 할인해서 8500원이긴 했는데 ㅠㅠ 신메뉴라서 할인하는 중인 거가? 걍 세트 가격으로 온고잉 하면 좋겠구만... 모르겠너 흠 몇 개만 그렇게 세트로 묶어서 85하던데 그중에는 기존 케익도 있긴 하더라 케이크 얘기 하니까 케이크 묵고 싶너 키키 투썸 케이크 맛난데 키키 맞지 진짜 투썸은 케익 하나는 제대로 만들지 ㅜㅜ 비싸서 문제지만 ㅜㅜ 그니까 비싸서 문제지 ㅠㅠ 먹으면 한 입거린데 ㅜㅜ 낸 집에서 케이크 종종 만들어 먹었는데 계란 가격이 넘 올라서 못해 먹노 키키 키키 롯마에 얼마 전에 5000원 후 반대인 거 봤너 휴 ㅠㅠ 진짜 비싸졌다 계란... 오천 원 후반 대가 싸게 느껴지다니 ㅠㅠ 헐 가격 왤케 많이 내려갔어? 울 동네는 아직 6800원이던디 ㅠㅠ 옛날에 3000원 대 그때가 좋았지 ㅜㅜ 롯마도 그때는 할인해서 그 정도 ㅠㅠ 이마트는 여전히 8000원 대... 여전히 비싸구만... 케이크 한판 구울라면 계란 6개는 써야 하는데 빨리 가격 내렸으면 ㅠㅠ 키키 아? 6개 뿐이 안 들어가나? 나는 계란 한판 다 써야는 줄 알았너 ㅠㅠ 닌테 요리 배우고 싶구만 키키 한판에 삼천 원대 일 때 6개 쓸 때랑 거의 8천 원인데 6개 쓰는 거랑 넘 체감상 차이가 나 버리니까 ㅠㅠ 키키 케이크 빵은 진짜 쉽노 크림이 어려움 아 그렇네 ㅠㅠ 그렇게 비교하니까 체감 차이 엄청 나겠너 ㄷㄷ 진짜 나도 집에서 뭐 잘 해 먹어 보고 싶은데 똥손이라 ㅠㅠ 집에서 뭐 해 먹고 살기 어려움 귀찮다이가 키키 돈 있으면 걍 사 먹는 게 최고인 듯 키키,0,B
