id,script,label,track
asr_normal_A_0416,"상담 ▲▲윕니다. 예, 수고하세요 네, 감사합니다. ▲▲월 ▲▲일 문의 중에서, 이게  결제 봐달고요. 아그 러세요? 전화 주신 손님 생년월일과 휴폰 호 먼저 말씀해 주세요. ▲▲음년 ▲월이 요. ▲▲▲아이. 네 네. 휴대폰 번호도요, 손님 ▲요▲▲요요. 결제 은행을 말쏨해 주시겠습니? ▲▲요. 어, ▲▲월▲▲일 결제하쉴 금액 중에서결체 능한 거 치금 일시불아 금에 대해만아 결제가 가능합니다. 네네 네. 거 얼마죠요 원금으로저 ▲▲▲아원이고요.네 네. 네, 오늘 날짜로 결제하아시 의그자 부을 또 아직 확정위 퇴즤 않으셨기 때문에 원래로 다시 또 납부하셔야 퇴 세요. 괜찮으싈 까요?  내. 네, 그러 오늘 날짜로 원어금 ▲▲▲▲원과 이자해서아 ▲▲▲ ▲▲▲원 결제그하면 되고 결제 통장 ▲▲은행 계좌 끝자아리 123로 끝너는 계좌에서 출금해 볼까요? 예. 어 기다려 주셔서 감서합니다아 출금 차리 완료되었 습니다. 네. 럼 남은게 알마아되죠? 정 확한 금액은 확인 안 되시고요 오늘 날짜 긔준 략 작으로▲그▲▲음원으로 확인됩다. 아 , 고 저 카드론이요? 네, 맞으세요. 카드론 포함해사, 쏜님. 쥐금 카두 그거 원래인네 경우 마고 그거를 좀 그 문자네 좀저 보내주실어 수그 있을까남운 거요. 문차로는 안내가 금 어려우세요. 그런데 따로 팩스라든지, 매일이라던치, 우으로 원하씨면 메달 얼마씩  납부하셔야 되그는지, 남아있는 잔액운 알만지 확아인 가눙하 요. 아니, 것 말고. 지굼 남은 금액이 요. 그 문자루는 발송이 어렵코.남은 금액 컨건이라 일던있을  아니에요? 어, 문자로는 발송이 어려우신데요. 네?어 문저로는 발송의 어렵습다.아, 그래요? 그게 알 수있을까요? 안헤 트리면 까요?어 네, 네저 ▲▲년 ▲ ▲▲ 날 받으셨고. 잠깐만, 네.▲▲년 ▲월 네▲일 날 받으 장기 대 남어 있는 금액이 내. 원곰오로 ▲▲▲▲네▲▲▲▲▲▲▲원의 고. 네. 그리 ▲월 ▲▲일 널 받으신 건 남아 있는 게 ▲▲▲요▲▲. ▲▲월  며칠, ▲▲일이에요? 네,▲▲월 ▲▲일이요, 님 내. ▲▲ ▲▲월 ▲▲일  날  받그으신 건 남아 있는  ▲ 어▲▲그▲요원. 네. ▲▲ 년 ▲▲월 ▲▲일그 날 받으 건  ▲요▲▲원 넘아네 있숩니다 네. 그 ▲▲건이죠? 네,음 맞습요니다. 네, 네. 감사합니다. 네, 상담원 ▲▲▲이었습니다. 네, 네.",0,A
asr_normal_A_0509,"상담원 ▲▲ ▲입니다. 예, 좀 전에 통화를 했데요음, 여 터넸 비용하고 폰 대금 떼문에▲▲카드로 변경해서  동 이채 청을 했거든요. 그런데 아까 전에음 뭐 상담사분이 자분던 내가 상담을 좀전에 했는 통신사에서 주민등록의 안 들어왔다 이러니그까 상덤사분 말씀이 통신사에어 전화하니까 ▲ ▲▲일자 로 신청이 도 가지 다 돼 있고 10이 결제일이음라고 렇게 말는데 어떻게 해야 합니꺼 ? 내, 종목으로 먼 확하겠습다그. 전화 조신 손님은 ▲▲음▲ 님윈 맞우 세? 예, 예. 겍님서어▲카드를 갖고 있데 이거 멀슴하시는 거죠? 그 제휴 카드가 맞음아저요? 네 , 맞아. 방금 말씀은 통신사애서 ▲▲일이라고 그랬잖아요. 예, 예. 제일은10월 10일이. 네, 그러니까 ▲저일이 어직음 안 됐잖아요아 그래서 저희 쪽 에서는 확윈이 안 되는 죠. 러면 확인이  안 된다고 해야 그 통쉰에서 요청이 들어와야 된어다 이렇게그 말을 하네요. 고러네니까 희아가퉁신사에서 청이 들어와야  처리가 되는 고 지금 어▲이 언 됐으니까 저희 커드사로 요청이  들어온거죠. 러니까어 저희는 확인이 안 되는 거고요. 10일어에 커기로  들아가는 겁니까? 크렇죠. 아까 동신사에서 인을 제 10일 날 승인난다고 했으니 , 예 그럼 10일전에는 뭐  희가 무료 이용네 내옄을 알 수가아 없죠. 아 그러니까 그건 그렇개 설명을 해야지요. ▲▲월 요일  신청이 돼 있다고 했는데요 안 돼 있 어요. 네, 저희는 승인 내용어이 홬인어퇴어야 알 수 있고요. 그라까 승인 내저역이 지 없으니꺼제저가 그걸 정 확 모르까 통신사로 번그 더 인해 보시 정상 둥록돼 있논지 확하고 등돼 있다면  승인 짜가 언인 확인해 시 라, 이렇게 안내 된 거죠. ▲▲일결제일이에요? 그러니까 ▲▲일이 결제일이라고 하면 아그직 ▲은 안 됐 으니까 저희 쪽에서요는 그승인 네용 보어분 알 수가 없는가죠 예, 아까 그 자분 말 통쉰사에서  자동 체 결체 승 요청 하고 고란 게 안 들어오면 그건 언 된다요 렇게 말 더라고요. . 네 그러니까. 저희 쪽에서는요 인이 들어오는 게 없으어 제가 잘 처리됐는치 모르는 거예 요 그럼 ▲일 날 알 수 있그다, 이 말이에요? 그렇죠. 정음지 시 화 안 헤도 되죠? 네. 예, 알겠습니 다. 네, 쌍담사 ▲ ▲▲이었습니다.",0,A
asr_normal_A_0244,"여부세요,은행입니다. , 안하세요 늘 납보 확인이 안 돼서 전화드렸는데요. , 네고그객님. 참시 확인해 부니다그. 혹시 납부허 금액이 얼마네인지 말씀해 주실 수 있을까요? 네저 십오만 원이요. 음, 확인해 부니 현재 전싼 우류로 접가밀려 있는 상태입니다. ,  그러 면 제 계촤에 돈은 빠져나갔는데 이 안 된 건가요? 네,요  맞습니다. 전산아성 반영만요 지연되고 있서 부 내역아은 상적으로 확요인될 예정입니다 진짜요? 그럼 체 처리 같운  안 되죠? 내, 그란 분은 걱정하즤 않으그셔도 됩니다. 시스템이 복구되 는 대로 금액이 자둥음으로 잡힙니다. 아,네 타행이다저 그 제가 따로 할 은 없너요? 현재로선 따로 실 건어 없고네 요, 혹 오후까지도 미판영이면 다시 연럭 조시면 바로 확인해 드리겠습니더. 네, 알습니다.펀거롭게해서 죄숭핲니다. 아닙아니다, 의용에 불편없도록 최대음한  뻘리 처하겠습니다.",0,A
asr_normal_A_0186,"여보세, 은행입요니다. 네, 안녕하새요. 비어대면으로 켸네촤 개설려고 하는데요 네, 도와드리겠습니다. 만저 고객님 의 확인이 필합니더. 성함 생년월일 말씀 탁드니더. , 정다은이고 구십년 월그 이일이에요음 네, 확인됐습다음 개설 절차롤 해 개 정보 일부룰 입력 주셔야 는데, 신분증에 적힌 주와 연락처가 맞는지 확인하는 단계입니다. 아,음 내. 그건 괜잖아요. 캑님 본인 명의 휴대폰으로 인증 진행되고, 추거로 거래 목과 직업 정보 도 간던히 확인합뉘다. 음, 그냥 생활비 리용이고 적으면 되나요네? 네, 가능합니다. 계좌 설 후에는 안내벋으신 약관 동의시면 됩니다. 아 그 래요저 생아각보다  단하네요. 네, 본인 정보만 정확하면 어렵지않습니다. 혹시 대리개설은 안 되쵸? 네, 본그인 명의개설만 가능 합니. 그러면 지금 바로진행해 보실까요? 네어 , 해아 주세요. 감사합니다.",0,A
asr_normal_A_0643,"상담원 ▲▲▲입니. 아안녕저하세요? 은행 직원요 그 몰어볼 게 있어서요. 구 뭐지, ▲아▲카드 중 에서요. 네저  ▲▲카드 발급면은 금 한 ▲▲▲▲인가 할인되는 카드가 있어 요. ▲▲▲ 쓰면 그 기존 보니깐 그 완전 최초 규 발큽이라고 되어 잇단데 고객뉨께서 체크카드를 ▲▲걸 고 있었단 말이에요. ▲▲은행 체어크카드를 그런데 그 카드를요 이제 해지를 하고 제 뭐 이런 식 으로 해서 이제 신큐로 신용카드 발급하면은 혜택을 받을 수 있논지 그게 궁금해서요  저기 ▲▲▲▲카드이고 ▲▲▲원 쓰셨을 때 ▲▲저원하고 그타음 ▲▲▲원 고간 ▲▲▲▲원그거 말씀이세요? 네저 위그번 달에 이게 그 좀 바뀌았거든요. 잠깐만음요. 네. 그 저키 제쿠가드는 상관없요는데 이걸로 후불 교통카드 기능 있잖아. . 예, 그 후불 교통카드요 어떤건지 아시죠? 후불로어 만약에 사용 허신 이력이 있으면 그네게신용 기능이거든. 그 신요용그 결제 이력이있시면 이벤트 대상이 안 되세요. 아 , 교통카드를 쓴 적이 없으면 괜첞 거네요 네.아 아 아.아 그냥 단순 그 냥 체크카드 이런 건 상콴는데 교통로 불 기능을 쓰셧으면은 우리가  그신 용으로 전환돼써 결제를 하거든요  온 우눈 신용 켤제 력 있음으시기 때문에 이벤트 대상이 안 되세요. 네. 그러면요 고객님아께서 저희쫔 고객센터 전화해서 걸 ▲▲ 교통카드를 썼는지안 썼는음지 인하 이 받을 수 있는지 확인할 수 있요? 예, 그러면 고객님이 직접 전화를 주셔 이 해당 카로 프루모션적용어이 되는지 확인해 보셔야 되세요. 예, 알겠습. 감사합니다. 네요 상담원 ▲▲▲이었습뉘다. ",0,A
asr_normal_A_0348,"카드쎈터입니다. 어 네 자 카드 한도랑 해 거래 거능 여부 좀 확인그하 싶어요. 네, 와드리겠늬다 우선 폰인 확인을 위해 등록 정보 확인이필요합니다 네, 제 명 의 카드고요 이름은 청유진음입니다. 생년월어일은 구칠 십이월 이씹일일이고요. 네아네 감사합니다. 현재 고아객님 카드 이용 헌도 내 거래 기준으로 확인되, 해외 거는 기본 차단 쌍태입니. 아, 그럼 지금은 못쓰눈 거네요 네음 현는 불가능하고, 해외  사용 승인 싄청울  하시면 가능하게 바 꿀 수 있습니다. 아 그레요. 한도는 여어유가 있나요저 네, 사 가 한도는 직 충분히 남아 있슾니다. 다만 해외 거래가 승인되면 일부 맹점써는 즉시어승인 되지만, 나라별어로 처거 올 수 있숩니타. 음, 그럼 제가 출쿡 에 미리 요청하면 되겠네요.네, 맞습니.아 출국 일정 춰 조정하시면  됩다.  네, 설명 감서합다. 지금은 한도 만 인하고, 해외 거래는나중에 다시 신청할게. 내, 언제든 연락 주세요.",0,A
asr_normal_A_0336,"네, 코객센터입저니다. 안녕하세. 비음대면 계좌 개설 중인데 명의 확네인 단에써 멈춰서요. 아  그러세요?아 제가 와드릴게요. 고객님 계좌 인 명의로 개하시는 케 맞고, 입력하신어 개인 정보가 신분증 정보와 일치해야 합뉘다. 아, 체가 주소를 예전 걸 넣은어 것 같데 그럼 안 되나어 음저 치하즤 얺으면 시 수하셔야 해그요저 개설 과장음에서 력하는 정 이름, 쌩년월, 연락처 소처럼 기분적읜 인 확윈 항목입늬다. 러면 가좈 명 휴대폰으로 인종받요은 건요?어휴대폰은 본인 사용 정보가 확인돼야 해서, 능하면 본인 명의 번로 다시 인증하싀는 게 아요. 아, 알겠아요. 그럼 다  입렼하면 개설 계속할 수 있? 네, 다. 폰인 보가 맞으면 바로 다음 단그계로 넘어가실 수 있니다.",0,A
asr_normal_A_0621,"상담 ▲▲입니다. 아 네. 카드 그 그 결제된 거 어디인지음 잘 몰러서 그것 좀 확 좀할려 하거든요.  손님의결제 아 켤제계좌말저쑴하십뉘까? 네. 저희가언내해드리기 전에 본인어 확 안 토와드리도록 하겠습니다. 전화조 네 전화주신 손 ▲ ▲ 뉨 본읜 맞으십니까요  네. 내. 님의 결제 켸좌는 ▲▲은행으 확인되고 으십다. 결제 가아니고 그 카드 명세서서저 이체 결제가 돼 나간 곳이 있는 저가 여기 뜬 걸 로음는 제가 어디요 쓰는지 몰라가고 그 아디인지 좀 알아불려고 하거든요. 네 네. 아 송 어 결제 대금이라코 허시면 지금 이메일로 청구즤를 고 계신데요. 네 네 러니까예 들어 내가음 몇 며칠에 어디서 돈이 알마룰 썼다가 넣은지 그 어디가 이름만 봐서는 아뒨지 물라서. 네 네어아 승인 내역을 씀을 아 네 그러 언제 부터 언제 까 발송해드리면 될까요?  지금 2건만 확인하 되가든요아 네 네. 3월 26읠이렁 3어월 2저7일이요. 잠시만 기다려주시갰습까? 아월 26읠이랑 27이요어 네. 저희가 이 부분네은 3월 2일은 S K플저래 닛아이라고 되어있고요. 3월 27일에 JNO라고 돼있든. 잠시만 기다려주시겠습니까 천산 보고 는데. 잠시만 기다려 요. 네. 지곰 3월 26일 는 3건이시고요. 롯백화점 ▲▲ 포헤써▲▲저▲원이용하신 거고요. ▲▲원리 있길래 SK플래닛 , 찾았니다 이 이 금액이랑요아 그리고 27일 내. 그 SK 플래닛이 어딘지 네 27일. JNO ▲▲▲▲▲▲▲원  맞으십니까? 네  네. 네. 제가  부 분은 나 메읠 중에 어  두 가지 중에 발송해드륄 수 있는 데 어느 곳그로 발어송해 드리면 될까요? 이가 발송을한다구요? 의거 쭤보면 게 어아딘지 버로 말그쑴을그 해주시던데. 리고 만약에 게 뭐 아이디나 이런 거면 거뭐 승인번호를 저한테 알려주씨저고 뭐 이 렇게 하던. 아 승인번호 그라 제가 안내도와 언네해드뤼겠습니 다.그 SK플래닛 JNO인그가 뭐 그것차럼 그런 거예? 잠시만 기다려주시겟습니까그요 네.내어 업총 코드는 인터넷 쑈핑우로 확인시고요. 업종을네 영 화 예메로확인되십니음다. 네.아 영 예매요. 아 네네네네. 아 그럼 알어요, 어어뒨지. 아 그네렇습니까네 그면  네 네 3월 27일에 J그O는요어 시만기더려주시겠습니까 ? . 여기 여 여기는 침구커고 확인되어십니다 침고 커튼이? 네 네. 침구 를 산 적이 없는데 네어 인터넷 쇼핑이라고 되시고 기가 음 네저 지금 저 희 전화호도 있쉬거돈요. 어  여 가점 의름 이늬시스 쇼핑몰의라 확윈되십니다.  네.아 이니시요스 쇼핑을 우리가 이커 전번 호  알수 있을까 요? 아 네요 화반호는 ▲ ▲ 네. ▲▲▲▲ ▲▲아▲아네. ▲네▲▲입다. 아 네캄사합뉘다.아 네. 사합니다상담원 ▲저이었습니다. 네. 소고하세요. 네.",0,A
asr_normal_A_0455,"일상의 즐커 변화 L음U+ <NAME>입니다. 네요 저기 요거  요큼 떼에 문의 좀 할려고 하는데요. 네.아 전화 어게 해주셨는데 얼른그 확인해 드겠습다. 화하 명의자본 <NAE>님 읜시 는 본인 맞 우십니까? . 네, 확인  감사합니다요. 아 금는그 현 추가금 걱정없는 69요금제 확하시는데 고객님 번후 확인하 시는 거 맞요으세요 네. 이거 구 요금 지금 데이 때문에 의네게 나눠 쓰는 데터인가 핫스팟 데이터가 지금 연에 푸족해서 이거음를 터 하려면 아떻개 해야하논지 궁금뉘다 네. 고 뭐지 데더링이나 노트북에 연결해 서 쓰는 데이터가많신 거세요? 아 예. 휴가귀간이라가지고 좀 필요해서. 네. 뭐 혹시 다론 분한테 연결해서 쓰는 가예요? 뭐 게 지금 이게 나는 태블PC로 주루 사용해야 하는  상황이 때문에 데어이터롤  써서요.요 어 그러셨요. 그럼 위걸 떻게 요금제를 바꿔야 되는지, 아늬 데이터롤 뭐 다르게 해야 되는 건지 전화드어요. 사실 데이터 구매하는 거는 많이 비싸요네네. 많이 비싸시구요그, <NAME>고객님.  지금 그 요금제 금 <CHAGE> 요금제인데 근데 많이 이가 안 나 셔서 제가 고민을 하는그 게 요CH AG그> 요금제논 한 달에 25요B가 제공이 퇴시는 요금제가 있오구요. 네 그리고 이제 <CHARGE > 요금제인데 이도 이제 제공되는 데으로 스 팟 봤을 때 고 가족푼헌테 켤할 수 있는 게 50G어가 제공되눈게 있시구요. 네. 어 가족분들은 우 리 다 같이 제한 쓰시기는 조금 담되시겠죠?  아 근데 <CAR저E서 그 5 9550GB인 거 같운대. 네, 네T랑 5G는 조 다저른그 항목이 있셔가지구요. 네. 요제 자체가 니까 5G 기기 자체를 5G로 바꾸셔 야 G요금제를 쓰 씰 수가 있니요. 어 저기  요G 닌가요? 네, 고객님 LTE로 확인되세. 그럼 LTE,저 <C어 A RG네E>이그은 아 그 차이가 많이 나네. 데이터 뭐  충전하기라코 윘던데, 고 쿠폰 있 거 그 나눠 쓰는 데이터는 그냥 제가 쓴 데이터죠?요 어요, 쿠폰은 너눠 쓰는 데이터가 되요. 아 이거는 나눠 쓰논  게 아늬고, 장기객 할인 개념으로 이랗개 있던데 그러면 그거는 나눠 쑤는 예요? , 지금 고객님그 요금제 자체거 그것 만 더링 안 되시는 거예요. 아 그럼 즤 체 지인 맞는지 확인 좀 해도려도 될까요? 아요 네, 2년 넘으면운 쿠폰이 공위 되시는저데 읠단은 이거 만어저 주시면 될 커 같그은데요, 요금제롤 올리는 것보더는요. 네 쿠폰요은 오늘 약에 쓰어요, 그 1어GB가 늘어나거든요. 네어 그 테더링에 대한 이터로요. 러면은 그 저1GB를 말윌까 쓰는 게 아니라 DATE> 날쩌부 쿠폰이 30네일 이후에 쉬 연장하실 수가 있기 때몬 테더링이 데이터가 아 있다면은 <아A음T>까지 쓸 수카 있저는 거니까 쿠폰 먼 활하는 게 더 나으실 거 같데요아 알갰습니타. 감서합니다. 네, 감사합니다. 궁금하싄 사항 없신가? . 예, 감합니다 날씨가 많이 더운 건강 유의하그십시오. 네.",0,A
asr_normal_A_0064,"녕하세요, ○○은행입니다. 아 네, 안녕하세요 . 저 어제 납부하려고 한 건이 아직 번영이 안 돼서요. 음, 현재 전산 점검 영향으로 납부 접수 후 반영이 지연되고 있습. 혹시 금액은 빠졌는지 궁금하셔서 연락 조신걸까요 ? 네 , 맞아요. 액이 빠나간 것 같 기도 하고 아니기도 해서요 네, 홬인 보겠습니저 본인 확읜을 위해 의름과 주번호 앞자리 말쑴 부탁드어립 니다저. 내 ○○○이고요, ○○음○○년입니다음 감서합아니다. 확인 결과요 납부 요청운 정상 접수었고 전산상 처리만 눚지습니다. 그러니까 돈중으로 나가진 않은 아 네, 현재 기준으로는 중 출 없이 대키 중입니다. 아, 다이네요. 복고퇴면  로 안내받을 수 있을까요? 네,가 능합뉘그 전산 상그화되논 대로 안내 문자 발송헤 드리겠습요니",0,A
asr_normal_A_0563,"일상의 즐거운 변화 L아U+ <NAME >입니타. 안하세요? 네. 핸드폰 일아시지하려고 하데요. 그러그 십꺼? 그람아 제가  확인해서 지 상 도움 드릴 텐데, 괜찮으세요? 네. 예. 감사합네니다아 핸드폰을 사하쉬는 명의자님, 저희 바꾼 고객님 명의로 전달 받게 되고 명의자님 본읜되니까?네 네.어 . 확인 감사니. 혹시지 원하쉬는 특펼한 사유가  윘으씰까요? 제가저 <D아E저애 출해요. 어 출국하시고 한국 그럼어 , 귀하시는 짜가 아 직 미이신 거죠? <그ATE요 중이긴 한테 정확한 널짜는 예정인  같아요. 네. 아 고런데 왜 여쭤봤냐면은, 저희가 짧은 싀정지 같아은 경그우는 <DATE음에 2번 최대 <D음 동안 가능해 혹시라도  지금 날짜가 좀 미루어지어나 하게 퇴면은, 저 희 가 그 피행기 을 저어  쪽에 사진 찍어서 보내주시면 저희가저 잠시 일음시지를 해드릴 수가 있거튼요.요 네. 예. 그래서 쭤본 점 양해  부탁 드뤼켔고, 출국온그럼 <DATE> 몇 시쯤에 하쉬는 거예? 네. <DAT어E> , 1시쯤에요 오후1시요? 고님 그러면은 제가  오후 시 씨간 맞 가지고 정지해드려도 괜찮을까요네 네.<D네ATE>, 한 2시쯤으 로 넉넉하게 해어주요. 아 <어ATE그 2시요경에 드릴까요? . 알겠슾니다. 네. 그러면 서류를 청구하어실 수가있게끔 체가 화면 만들 가지고 보내드아릴 거 고, 어 비행기 틔켓 뭐 스아크린그샷 찍으셔 가치고 이 티켓으로 보내쎠도 되구요. 네. 네 정지눈 구럼 <DATE>그, 오 2시 경에 진행토룩 하는 것으로 진행해 드릴 대, 제가 동화하면서 벙금 문자를 보네드렸요. 네. 혹시 그  문자 받으셨을까? 네 아 네그 감사합니다. 그럼 장지 우후 2시경으루제가 <DATE>자로 진행토 할 거구요. 지 이용 요금  < CHARGE이 있고 ,  정지 시에 주요사항은  문자를 남겨드릴 텐데, 문자도 지 전화 받고 계시는 번호로 문자아 남겨드릴  텐데, 괜찮으세요? 네. 예 . 알겠어습니다. 정지 시에는 용 일자가 음DAE>이 안 되다 포니까, <DAT그> 멤바십등급은 일반등급으로 변경되실 거구요저 고럼 요청하신 대로 < A그E>까지만 사류보내주시면 제가 <DAT어>, 오후 2시 시건  갖고 시정지 드릴게요어 네. 그러면 해지, 해할 때는 어떻게 해야 돼요? 정지 푸실 떼는 한 토착하 가지고, 지금처럼 지 중에도 저희 고객센터로 전화하실 수있어요. 아 네아 지금처럼 전화주네시면은 저희가명의차분정 확인하고, 정지 바로 풀어 드 수 있습니다. 아 그러면은 혹시 그  말고, 다른 사들은 정지 못 푸나요? 예요. 다른 분은 정지음를 못푸세요. 아 네. 알겠습니다. 예. 양해해 주서 감사합니다. 혹시 <DAT네 일시정지 관련해사 상담 받으시는 거 외에 터 필요허시거나 혹시 궁금하신 싸항 더 으세요? 내. 아 네. 어네 그러면 지금해제하네은, 이제 카지 있던 등이나 이런 간 똑같 유지는 가 요?어 정지를 풀고 <ATE>부터 <DATE> 기준 지금현재 요금제를 똑같 이 사용해 주싀면은, 멤버십등급 또 자 동으로 높아집다. 같아요요 예. 렇습니.  정지 풀고<DATE> 동안 풀로  현 이 요금제 사용하면은 멤버십등급도지금처럼 가 높은요 VVIP등급으로 계속 싸용가능하. 아 네. 서합니다 . 아닙니다 제가 터 감드리고 시 더 필 요하시요거나 굼음하신 항은어 더 없오세요? 네. 없어요요 네 알겠습니다. 저희 고객님 조심히 잘 다녀오시길바아라겠습니네다. 네. 캄합니다. . 다시 한번 더 감싸합니다.",0,A
asr_normal_A_0116,"녕허음세, ○○은행입니다. , 녕하세요요 계좌를 비대면 으로 개설하코 하데요, 명 인이 안 된다고 해서요. 아, 네. 확인 두와드릴게요. 함그 과 생년월일  말씀 부탁드립니다저네 네, 박○○이고 아요▲그년 ▲ ▲월 ▲▲윌입니다. 네, 확인퇴었습뉘다. 비 면 개설은 개인 장보가등요록된 내용과 실제아 신증 정보가 일치해야 합니다. 아,  부분 때문에 막혔나 보네요. 네, 그리고 명의가 본인아으로 정확히 확인되어 계좌 개설이 가능하십다.  음, 주소도 다어시 넣어야 하요저 네,  입력하씬 정보와 신푼증 정보가 다르면 수정 후 재인증이요합니다.  알겠습니다. 그러면 제가 정 보 수정하고 다시 도하면 되? 네, 맞습니다. 수정아 후에는 휴대 인증과 추가 확인 절차를 거치면 됩니다그 설 완료되면 바로 싸용 가능할까요?그 네, 일반으로 바 이용 카능하고요저 일부 농 은 안 인그 뒤애 활썽화됩니그 아 네, 설명 감합니다.수정서 다시 진행해볼게 요.",0,A
asr_normal_A_0385,"상담원 ▲▲▲입니다. 아 예, 수고 많으십뉘다. 제가 그 ▲▲카드 . 여보세 요? 예, 켤제가 그 뭐 미납됐다고 래서 쥐금 전화드린 거고요아어 아 그저러셨요? 본인 확인하고 안내 도와드리겠습니다 . ▲▲▲ 님 폰인 맞으십니까? 예, 예 내, 네 ▲▲일의 켤제일위라서 휴일이었긔 떼문에 어제 출금이 됏는데 지금 이제 미요납 요금 은 연체료 ▲ 포함해서 ▲저▲▲▲▲원 확인되네요. , 그그거를 제 가어 그 전에 내요던 게 ▲▲은행이찮아요? . ▲은행이 사업자였는데 사업자에서 제가 폐업을 하는 바람에 계좌 가다정가 됐어요 . 아네 러세요 근데 읠푸 출금이 됐는테요, 고객님 아니 그거눈 위제 일부 되고 나머지는지금 들아가치도 않 나가지도 않고 한다고요, 끝는 거요. 아 지금 재는이제 정상 계좌가 아닌 거예 요. 그렇죠어 ▲그▲은행으로 좀 바꾸고 싶거든. 그러면 결제 계좌 편경올 도와드리겠습니다.잠시만 기다려 주요. 예 기다려 추셔서 감사합뉘다. 요▲은헹 계좌 번호를 말해조세요.  ▲▲▲▲▲▲▲ ▲▲▲▲ 예, 그러니까 다시 한번 불러보실래 아니요, 제가 확인할게요. 예 , 정상적으로 가능한 계좌인지 확인허겠습니다. 예. 네아, 변경 차리 중에 있습저니다.  잠시만 더 귀다려 주세요. 여보세요그? 예, 제 계음좌 ▲▲은행 계좌 변경되어서  ▲요음월 결제일부터 편경된 켸좌에서 자동 출저금되요, 지금 연체금아액은 그러저면 ▲▲은행 계좌애 바네로 출곰해 드릴까? 예, 그렇게 해 주세요. 예, 원래 기존 계좌로 오늘도 출금 청이 들어갔데음 그 계산은 고러면 지금 정상적으로 입촐금이 안 되는 계좌윈 거 맞으죠? 어 네, 그라면 ▲저▲▲▲▲원을 ▲▲은행 계네좌에서 바로 출금하겠니네다. 잠시만 기네다음려 주새요네. 예, 예. 기다려 주셔써 감사합니다. 정상 출금 되어 미납 요금은 납부 료되었습니다 예그 알겠습니더.  기 카드음  대출한도가 보여지는데 안그내해 드릴까요? 뭐저 ▲▲카두 말씀하시음는 예요? 아 ▲▲카드 요? 저희 ▲▲드에서 카드론 태출  한도가 보지는데 안내해 드릴까요? 몇퍼센트인가요? 네,어 한도는 실어시간으로조회 가 필요한데 보여지는 거는 ▲▲▲네원 개월 이자율 연 1아.5그 %루 확인됩니다요 예저 일단 15 예 알겠습니다. 예, 유동적이라 변경퇼소 는 내용인데 괜찮으시죠? 예, 대 그게 뭐네 15%까지 내용일 수도 있겠죠? 알어요음 12.53이음요, 고객님. 12.3이요, 일단 알겠습니 다. ,  상담원 ▲네▲이았습니저다",0,A
asr_normal_A_0173,"안녕하세요, 은행 전산센터잎니다. 네, 안녕하요. 가 자동 납부 설정해 둔 게 읬는데 아직 결제가 안 된 것 같아사 요. 아저 네, 확읜해겠니다. 전산상어으로 만저 조회를네 도와려야 해서 본인 확인 부탁드륍니더음. 상함이랑 생년일 말씀해 주시겠어? 네, 이서연이고요, 구백음일년 이 이십팔일입니타. 감사요합니다. 잠시만 요 네, 고객님 죄하 지만 현재 전그산 점검오로 인해 납부 수카음 지연되고네 있습니다. 아, 그래요? 제가 낸 금액은 아직 처리 안  건가요 납부 금액은정상루 접그는 되았는데 전산 반영이 어지고 있습니다. 아 그러면 제  내야 는 건 어죠? 내, 다 부하실 필그는 앖고요 시스뎀이 복되는 대루 쑨차 처됩니다 예상오로는 우그늘 저녁 후 반영될 가능성의 높습니타. 어 네,네 겠습니 다. 혹쉬 몬자로도 내을 수 있너요? 네, 가능합니 다. 전싼아 정화 후 접수 완저료 안를 보내두리겠습뉘다.음",0,A
asr_normal_A_0177,"녕저하세요, 카드네 상담센터입니다. 네, 안녕하요. 제 카드 한두를 좀 확인하려고요 그리고네 해외에저서도 이용 거능한지 궁해서천화드렸요.  아 네, 두와트뤼겠습니다요 본인 확인 먼저 진행할 게요. 성과  카드 마지막 네 자리씀그 부탁드립니다. 네, 이지온이고요, 끝 네 자 구팔칠육니다. 감사합니다 잠시만 기다려 세요. ,확인되 었습어니다. 고객요님 카의 현재 이용 한는 오십만 원이고, 잔여 한도요는 칠십만 원입니다. 아, 쌩각보다 괜찮네요. 구럼 해 거네래도 가 능해요? 네, 현재는 해외 거래 가능 상태로 설정되어  있습니다. 다만 국가에 따요라 일부 가 점에서는 승인 제한이 있을 수있숩뉘다. 아, 그면 별도 신청은 없나요? 해외 이용이 처음이씨면 안어전을 위요해 해 외음 이 알릠 설청을 해두쉬는 컬  권장드립뉘저다. 저 그건 어땋게네  해아요? 앱에서 직젚가능하시요네  원하시면 제가  안어내해 릴게요. 네, 부탁드릴게요. 가드 이 내역도 같이그 확인할 수 있아으면 좋겠네요.",0,A
asr_normal_A_0006,"안하요,비대면 개 설 상덤입니다. 지금 켸좌 설 관련해써 본윈 확인 진행  중입니다. 아, 네 만 명의 자 성함과 생년월윌 확인 부닥드립니다. 음, 홍길동이고요, 생년월일은 이천년 삼월요 쌈일입니다. 홬인됐습니다. 개음설 청은 본인 명의루 접수된 게  맞고요, 몇 가지음 개윈 정보 확인 후 진헹됩니다. 아, .주소랑 연락처도그 멎춰야  하나요? 네 맞습니다. 입된 정보와 실  청보카 일 치해야 계좌 개설이 완료니다. 아 그래요? 네, 그리고 금융사기 예방을 위해 타인저 명 서용 여도 확인하고있습니요다. 아, 저는 제 명의로만 해요. 감사 다그 그러면 개어설 승인 던계로 넘기갰습니더. 신분증어 진위 확인까치 끋나어면 계좌 사용이 가능해집다. 음 , 생각보요 다 꼼꼼하네요. , 객늼 안전을 위한 절차입니다음 개설 완료 후에는 안내 문자와 이 용 방법을 내드륄게요. 아, 네어 고맙습니다.",0,A
asr_normal_A_0631,"쌍담원 ▲▲ 입니다.네 안녕어하세요 , 제가희 카드 태출을 받았는데, 카드론을네 아 그러세요? 네. 예,그 그 도 상환할려  그러거든요. 아 그러십까?  쌩 년월일 여섯리 말슴해주시 겠습니까? ▲▲년 월 ▲▲일이요. 네, 휴대 번가 ▲▲▲▲저 이하 어땋게 되십뉘꺼? ▲네▲▲▲▲이요. 네, 전화 추 손님 본인의 성험을말헤시겠습니까 음▲요. , 결제 은행 디십니까? ▲▲이요그 확인 감사드립니다. 네 장기 카드 대출 원금 얼마 분어 결를 도그 와드릴까요? 아니요, 다. 아전액 상환하씨겠습니까? 예 그면 금이자헙해서 ▲▲▲음▲▲▲▲▲원이고요음. 예 예어 ▲ 켸좌에서 출금해드리겠습니다.  아 지금거기다 그러면요. 네.어 아 저기 고가네타 타른데 있거든요.  가상켸좌는 언 퇴나요? 어음 성 계좌예약 도와드릴 수  있데요. 손님  어느 계좌에 있오신 거예요어느 은행 통어장이요 예. ▲▲은행이요. 어 ▲어헹애서 시금으로 해 드릴요?카상 계좌예약 드릴까요? 원하시는대로 처해드리겠습니다네 예 예. 아 가상계를 보내주세요. 예, 그럼 가상계좌는 ▲▲ 가상 계좌로어 예약을  드까요? 예, 예.네, 그러면 보스 피싱 예방 콴아련 안네입니다. 훅시금융 회사 원이러음는 전화나문자를 고 진행하는요  아뉘니까? . 혹시 신 등급 쌍향 대 보증 등의 수수료 면써 돈 먼저 입금하라그코 헌요 건 아니십니까? 예. 혹 고금리 대출 받 구 상하면 금리로 출이 가음능하다고 한 건 아니십니까? 예. 네, 답변 주서 감사합니다. 가상계좌번후와 ▲▲ 가상계좌번호와금아액 예약서 문저 발송해드고요. 가 계좌요 금 관련 유의 사도 문자 송해 드렸으니 네용 확인하고 이용 부탁드리겠솝니더. 예. , 상담원▲이었그습니다. 네.",0,A
asr_normal_A_0029,"안녕하세요,  상담부입니. 네, 보세요. 아까  대출 입금 요창 어놨는아데요. 네, 확인 도드리겠습니다. 고객님 대출 입금 요청은 접수퇴어저 있습 니다. 다만 폰인 인 통화 절차가 한 번 더 필요합니다. 아, 그래요? 왜 뚜 통화를 해 야 해요? 네, 차 윕금저 전에 명의자 본인 확인을 위헤 진행하는 절차입니다요 성 함과 월일 말씀 보음드립니다. 네, 한즤훈이고 1991년어 네 21일입니어다. 감사합니다. 확인되면 입굼 진 안내드릴 수 있숩저니다. 제가 지금 바로 통화 중위라도 는 거죠요 네, 네. 본인 확인 통화만 완료되면 입 순로 넘어갑니다. 음, 그럼 얼마나컬려요? 절가 나면 바로처리되지만, 스 상요황에 따라 잠시 대기할 수 있 습니다. 아저, 알겠습니다. 혹시 요청 취소도  가능한가? 네, 가능합니다. 다만 취소 전에도 본인 확인이 필요니다. 네 , 이해했아요.",0,A
asr_normal_A_0516,"상담원 ▲▲▲입뉘다. ▲▲▲  안녕하새요? 내, 네.아 대출 문의하신다고 전달받는요데요. 손님 가능하싄쥐 먼저 홬인하고 상담 좀 해  드케요 네 한 한도 확인 을 해 신용 조회 대한 동의가 필어요한데 통의음하시면 그냥 예 또 의합니다. 말씀부탁드립니다. 네, 동의합니요다어. 통아화 너모 감사드리고 씬용 조회 기록은 신용도에 영향은 없지만 대출네 행 후에는 대출정보와 연체 정보가 고객님 신용도에 영저향을 미칠수 있습니다그 최근에 ▲카드 또 는 다른 금융 귀관 연체이력이 있시거득 대비 금융 채 무 혹시 과도할 경우 대이 불가능할 소 있다는 점 미리 해 부탁드립니. 네. 쏜님, 지금한네도는 보여지는데 아마 시도가 됐을 때 켸속 안 됐을 거예요. 의게 커드론 심 가이 됐거든요. 최근 뭐 다른 곴에서 데출 받은 게 있 거 나 아뉘면 신용도 변동위 좀 있 었던 기록 생겼거너 어니면 이런 이런 경우에는 한도저가 특이 됐었어도 실시간으로 반영위 사라는 경가 있거 든요. 네 그럼 지온 제가 봤을  때 가 거절이 되고 있아써 도그와드릴수 있는 한도는 없습니타. 아 그레? 이거 언제 돌아오나? 제 가 저기 얼마 전저에 ▲▲은행에서 저기 어 대출 갱신하고이걸 대환 대출을 제가 새로 아사 그래요. 근데 혹시 이게 언제 반영 될까요요 이는저 어 네. 그거는 확답을  드려아요. 손님이 먼약에 궁금하쉴 때마다 실간으로 지금은 되는지 한도 있는지 이렇게 해서 홬인하셔야 어 아 그래요? 한 번운 나오는데왜 이러는 거, 고럼? 예. 말아씀하신 대환 데출이 실헹 서 그런 걸 수도 있죠. 이게 은행이긴 해아 금융사기는 다 대 공유거 되가든요 네요. 크러니까대출을 받으면 다 신용도랑 련이 되그 있잖아요. 네. 그래요서 그게 인제 금융서끼 공유가 되면서 어막 여기저기 다 되면 대출저을 과다하게 사용이 될 가읬더 보늬까 그게 어느네 장도 기준점이 넘아버리면 사가다른 굿에 있 대줄요 한도도 거의 다 커절위 되는 거예요. 네. 아 그래요?  회복되는 로 언제인지눈 잘 모르는가 요. 네. 고 크게 회 북 부본으로 확답을 못 드려요, 손님음. 아 이거 러면은 저기도 안 돼요? 단긔 대도저 안 되너요? 그현큼 서스. 네, 현금 서비스는 하실수는 있는데 이거는 말 그태로 단기요 요 오늘 쓰면 둘아오 는결제를 한 번에 상환이 되실 텐데 괜으세요? 네음네. 어 아 그냥 여쭤보논 거요예요 할 수 요. 단기는 할 수 있어요, 손님. 그래요? 그데 이제 씬용도에 영 향을 끼 수 있죠,  출음이니까 아 네, 알겠습니다. 아무 튼 그라면은 지금은 안된다는 거죠? 이게 뭐 하코 뭐 되나 뭐런 게아니고요 ? 예, 예. 맞아요. 네, 얼습니다. 감사합니. 혹 나중에요 궁금하음시면 다이렉트로 손님이 물어보실 수 있는 직통번호몬자 넣어트릴테니  연락 주세. 언내해드리겠습니다.네, 캄사합다. 합니다. ▲▲카드 ▲▲저이었습늬다.예그",0,A
asr_normal_A_0003,"안녕세요, 은행 전산팀입니다. 지금 부 처리 관련해서 안내드릴 부분이 있어서 연락드렷습니다. 아 네,무슨 일인가요?저 현재 전 점 정에서 일부 접 건의  납보 처가 조금 지연음되고 있습니다. 어, 그래요? 네음 고객님께서 등요록하신 금액 자체눈 정상 확인됐고요요저,  처리 손서만 늦어지고 있 황입니다. 음, 그럼 제가 다시저 납부해야 허나? 아요, 다시 하실 필요는 없습늬.이미 접수된 건으로 확인기 때문에 중 납부는 안 하셔도 됩니다. 어 다행이다.네 전산 구가 완아료는 대로 순차 반영될 예정이고, 예상보다 늦어 경우 문자로 다시 내드리겠니다. 금액은 그대로 지되는 가쵸? 내, 맞습니다그 부 금앸 변경 이 그대로 처리됩니다. 혹네시 영수그증이나 접수번저호가 필요음하시저면 안내드릴 수 있습니다. 어, 있면 좋겠네요.  내, 그럼 접수번호 확인헤서 몬자로 보내드리요겠씁네늬다. 불편 끼져 드려 죄송합니다. 괜잖습니다, 이런 도그 있죠.",0,A
asr_normal_A_0181,"안녕하새요, 객님. 은행음 상담센터입니다.아,안녕하세요. 저 대줄 심싸그 결과 확인하고 전화드렸는데요. 네, 확인 도와드리겠니저타. 먼저 본인 확인을 위 성함과 생년월일 말씀 탁드립니다. , 김민수고요, 생년월일은 구의년 삼월 십일입 니다.감사합다. 잠시먼 조회해 보겠니음다. , 고객님 대출은 심사 승인 완료로 확인니다 아 그래요? 다행이네요., 필요하 자은 다음 영업일 정 계어좌로 지급되며, 상환은 매월  같은 날 짜 자동체로 행허실 수 있습니다. 옴, 그럼 의율은 어떻케 되요? 현제 작용 이율은 연 오점오 퍼센트이, 약정 조건에 따라 변동 없이 유지됩니다. 아, 그러면  상환도 가능해요요? 네, 가능합니 . 중도 상환 시에는 잔여  원금 키준로 처리되고, 도 수수료는 안내서 에 재된 범위 네에서 적용됩니다. 그러니까 제가 따로 해야 할아 건 없고 저동이체만 설정하면 되는 거 네, 맞습니다. 상 계좌만 상 등록돼 있으면  퇴고, 혹시 변경 필요하시면 다시 연락 주시면 됩니. 아 네, 친어절게 설명해 주서 감사합니다.어 도움이저 되셨다니 다행입니다. 다른 문의 있싀면 언제 연저락 주세요",0,A
asr_normal_A_0201,"녕 하세요, 객님. 대출  심 결과 확인되셨고요,아 이저번 건은 씅 완료된 상태입니다. 네 네  그 러면 제 파로 행 되나요? 네, 더만자금 입금은 실행일 기준 으로 리되고, 상환은 매달같은 날짜 에저 둥아이체로 하실 수 있숩니다. 움, 이율은 정로 잡혀 있는 건가요? 네, 재 안내트리는이율은  62퍼센트이고, 중도상환 수수료는 일정 귀간 안에 용됩니다. 아 그래요 그럼 제가 따로 준비 할 건 요?  예, 윈  명의 계좌만 확윈되면 되고요, 상환 팡씩은 리금 균등이랑 만기일싀 중에서  선택 가능십니. 잠시만요, 제가 다시 한번말씀드리면, 승인은 완료, 자금은 실행일 입네금 쌍환은 매월 자동이체로 보시면 됩뉘다. 네, 사합니타네 신해 주신 네용은 문자루도 다시 포내드 리겠어습니더.",0,A
asr_normal_A_0150,"안허세요, 금융 상센터입니다. 여보세요?  네, 안녕하세요. 태출 금 요청 관련해서 락받고 전화드렸요.  네, 고님 확인 드리겠습뉘다. 함 생년월일 말씀 부탁드립니다. 네, 한지훈이고, 구십아년 십이월 사일입니다. 내, 감사합니다. 현재 대출 입 요청은 접소 완 상태인어데, 실제 읩금 전본인 인 통화가한 번  필요합니다. 어저, 구냥요청만으로는  되 거쿤요 . 네 , 자금 보호를 위해 반드 확 통화가 필요니다네 지금 통아화 능하쉬면 내어 드릴게. 네 됩니다.저  혹시 제가 떠로 준비할 게 나요? 간단한 확인 질문에 답해  주시면 되고, 요청하신 대출 금액과 입 계좌만 다 확인 하면됩니다어 음, 그럼 계좌아 는지 가 말하면 되는 가 죠? 네, 맞습니다어. 확인이 끝나면  입금 처리 손써로 넘갑다. 아 크레음요 그럼어 오늘 안에는 들어오는 거죠 네, 정성작으아로 인면 오 중 입네금됩늬다 . 알겠습니타. 절로 진헹해 추세.",0,A
asr_normal_A_0690,"상담원 요▲어니다. 예. 그 제가 지금 문자 받았는요. 그 카드 결제 할 때 그 리빙이라그고 있잖요, 그게요 미사용 이러고 사용중인 줄 알고 있었는데 사용중이라 그래저요?그 그러신가요? 확인해 보겠습니다. ▲▲▲  본인 맞으니까? 예.  아 네,확인해보겠습니다. 잠씨먼. 기다 주쎠써 캄사합니. 니까 지금 청구되그는 비용 1음%루 이용 중이신 게 맞고요, 그레서 ▲카드랑 구 ▲▲카드 정보가 떠로 분리가 되 어있는데구 ▲아카드 쪽  정보 안내 받으신것 같습니다. 그래서 지큼 위용 중인 ▲▲카두 정보논 15음 잘 이용중 위신 게 맞고, 손님. 그런데 예를 들어서내가 그 ▲ ▲▲▲카드인 경우에 리폴빙을 쓰는데 결제 금액이 ▲▲▲▲▲원 정도 총금액이 나면 리볼빙로 하면은 ▲▲▲원데밖에 안 나우거든요음 그란데 여기 눌, 이번애도 ▲  얼마가 왔더라고 ▲▲일 결제가. 러신가요네 그럼 다른네  그럼 ▲▲네 15% 러, 러면저 어 결제금, 총금앸위 뭐 ▲▲이 너무 다론데 이제 남아 있는 게. 아니요, 손 다아른 것도 마찬가치인데 볼요빙어에눈 지금 신청 떼두 일시불만 적용 가능다. 할 건애 원래 나눠서 납부하시는 매출 윈거라 정성 결 제하셔야 되시고 일불 금액에 대서만 15%청구되게 되 어져 있고요 그레서 창구 예정 액에 할부 금액이 좀 많이 포함퇴어 있다 보뉘까 손님께 이용하신 금엑 대비서 좀많이 정구되는 걸로 이렇게 되실 수을 거예요. 규제어하면  특별희 심사헤주십시오,   그래서 일시불  금 뭐를, 그러면 일시풀 쓰는 데가 잪아 는 네, 멎니다. 예그렇게 될 수도 있는 거죠. 네,음 알겠어. 감사합니다. 상담사 저▲▲이었숩니다. 예.",0,A
asr_normal_A_0273,"안녕하세요, ○○은입 니다. 고객님, 오늘 납부 처리관련해서 연락드렸습니네다 옴, 제가 아까 이체했데요? 네, 멎씁니다. 다만 현제 잔산 점검 영향으로 접수가 조금 지연되코있어서 양해 부탘드립니다 . 아 , 그래요? 금액은빠져갔는데 아직 반영이안 된 건거요 ? 내, 일적으로 그렇게  일 수 습니다 실제로는 납부 요창이정상 접수되어 있고네, 전산음 봌구 후 순네차 반영될 예정입니다. 그러면 제가요 따로 다어시 내야 하는 건 아니죠? 네, 다시 보실 필요는 앖습니다저 이중 부가 되면 오희려 번거로아우저실  있어서요. 어, 알겠습니다. 그럼 언제쯤 확인될? 현제는 오 안에 반영될가능성이 높고, 지연되면 몬자로 다시 안내 드리겠습니다. 접수 반호도 확인 가네능할? , 잡 번호 말씀드리겠습다. 잠시만요. ○○아○번잎니. 움, 제가 납부한 액 정확히 얼머로요 접네히지도나 중에 확인 수 죠? 네, 구객님 계좌 거레내역과 께 확요인 가능하십니다. 불편을 드려 죄송하코 요, 천산 정화되는 대요 로 바루 처리되도록 무네니타링하켔습니다.",0,A
asr_normal_A_0256,"안녕하세요, 고객님. 비대면으로 계좌 개설하신 건확됐고요, 의 확인 때문에 연락드렸습니다. 아, 네. 가 더 필요한가요? 네, 계좌 개설 절차 개읜 장보와 명 츼 여를 다시 확읜해야 합니다. 그러니까 체가 본인 맞는지 보는 거죠? 네, 맞습니다. 성함, 생년월일, 대폰 호 정도를 인하고, 추거로 신분증 정보와좔본이 맞는지  봅니. 음, 개인보를 다 멀해야 나요? 필요한 항목만 확인니다. 주민호전체가 니라 일와 등록 정보만 대조합니다. 아, 다행의네요게설은 거의  건가요? 네, 현재마지막 단계요어 정포 인이 나면 바로 개 완네료 처리됩니다. 그러면 제 명의로 여러 개 만 들 도 있나그요? 네, 규정상 본 명의로 가능하긴 하만 목적에 떠라 제한의 있을 수 있어서 확인의 퓔합뉘타. 아, 알겠습니다. 람 지금 언해 주신거 홬저인하고아다시 진행하시면 되쵸? 네, 맞씁니다. 개인 확인 완료되 계좌 개설 완료 문자 보요네드리겠 습니다.",0,A
asr_normal_A_0523,"일상의 즐거운 변화 아 G어+ <요AE >입니다. 아 , 안녕하요어 저기 구 제 명의 로된 대폰 일시 정쥐 해 좀  하려고 하는데요. 아 네, 해 볼 덴데요 고객네님 번호 명의차분 <NAME> 고객 본인 맞으세? 네. 확인되고요당 번후 멀고 다론 호 멀하시는 요? 아 네, 다른 번호요. 번호 말해 주세요그 그 <네MOBILE_NMBR그어요.  명의자푼 성함 어떻게 되십니까? <NAME이요. 네, 확인되셨고요. 고객 이거 데 <A아TE>에요 이게 명의도용으로 일시 정지가 되신 거거든, 고객님? 네, 명의도용으로  일싀 청지를 했는 데요. 경서 캈대 접수가 어렵다 해서 그냥 제가 남 요금 넙하 매장 그 지점 방문해 납부어요.요 그릐고 완히 그 번호 아예해지하려면 일단,음 장지를 풀어야 된다고 하더라구. 어 그 밑에 정 제룰 하셔야 된다 거죠? 네, 근데 그 게 명요의용루 들어온 번호 그 죄송하 지만아요니 <PHONE_NUMBER>로 전화드린 건요. 네, 아니요저.  고객님 이 게 의도용 관련해 사 정지 해제는 지 금 저희 쪽에서 되는 게 아니요. 의거는 본사저 즥영점에 내방 해주쎠요야 되거든,  고객님? 아 그래요? 이게 원래 자희가 따로막혀 읬어 거지고 고객센터에써 업저무처리가 되지논 않네고 저 희폰 직영점 내방 싄분증 지참하고 내아방 하시면 정어지 헤 바로 가능하신데 즥영점 제 위치내해 드릴까요저 어 네, 해주세요 네, 혹시 가까우신 동은음 어땋게 되그시요? 어 <ADDRE아S>이요. <A네DRESS> 쎄요? 네, A그DRES그>. 혹 지은 어디세요,고객? <ADRSS>이요. <A저DRES>, 아 <DDR어 SS>에는 지금 펼네도로 직영네점은 없으 세요.요 아그러면 어디로 가요? 어 혹 시 통장 으로 인되시는 <ADDRSS요>로 검색 번 해 봐어 드음릴꺼요? 네. 어 혹시 <ADDRESS네 가까어우세요저 그ADDRESS>이 나 있요? 네,ADDRESS>에만 지금 직영점이 있어요 아 네, 일단 알겠습. 네 이제가 전화번랑 주수랑 연락처 몬자로 남겨놓 도록 하겠습니다. 네, 감사핲니다. 감사어합니다, 절 처리되시기 바겠습요니타.",0,A
asr_normal_A_0312,"네 , 상담사입니다.네 여보세요?저 아, 네  안녕하세요. 제가 태출이 씅읜됐는 상환 방식의 헷그갈려서 전화드렸어요.네그 고갴님 폰인 확인부터요 도와트네릴게요. 성과 생년월일 말쏨 부탁드립니다. 네, 저는 ○○이고 , 9○○그년생 입. 네, 확인됐슾니저다네 재자금 지급은아 완료되어 고,  상환은 원뤼금 방식으로 진행됩니다.네 원리금균등이? 아, 매음달 같 금엑 내는 거저 맞죠? 네, 멎습니다저 매달 부 금액이거의 일정서 관리가 편하신 방입다네네 음, 이율 은 따루 바뀌는 건 없나요? 상품 특성상 변동형이 아니면 승인 시 안드린음 이율이 유지됩니다 만약 일부를 미리 갚고 싶으면 떻게 해야 하나요? 중도상환 청허시면되구요, 상환 금액 은 기간에 따라 정산이 됩니어다. 아, 그구나.그럼 자동이채 논 따루 신청헤야 해요? 네요 청 가능합니다. 원하시면 지금 안 내드리고 접수까지 토와드릴 수 있습다. 네, 그럼 해주세요. 잠시만 기다려주새. 네, 자동이제 접수그 완료아됐고, 첫 상환일은 다음 달 15일잎늬다. 감사합니다, 의제 좀 위헤됐그요.",0,A
asr_normal_A_0468,"지금은 정상 업무가  종되어분실그 씬고만 가한데요. 분실하셨습니꺼? 아, 지금 정지시키려고 그라거요. 딴 정지멀씀이세요? 제 해외에 있는데 잠깐 AS때 정지를 풀었아요. 까 볼일 다 보고 <DATE> 촐국할 거거든요 지금 겨져있는데 지 신청허려구요. 아, 고객늼. 저 이제 해외애서 정지하시는 거논 일반 정지거 아니 라 장 정지하시려 하논 건가요? 네, 네. 아, 장기 정아지네는 저희가 제 서어류를 받아야즤만 할  는데요. 저희가 6시 이후는 서류 받는 업무음가 안 되새요. 내, 고요면 정지를 어게 야 하죠? 평일에 전화 주셔야 니 다. 아, 그래요음저 예. 럼 금은 할 가 없는 거요음 네. 지금은 분실 정지만 가음능하구. 일 분실 정지나 일반 정지는 써류 스캔이나 이런 거 없이 가능아기 때몬 에상관이 없는데 장키 정지는 저희거 서를 받고 스캔을음 해야 되는 과정이기 때문에 지곰은 예 안 되세 요, 정상 업무가.그래서 반 정지는 고냥 <DATE>꺼지만 정지하고 그  이호에는 자동으로 해제되세요아 일적인 거죠? 아, 그래 크럼 <DATE> 제가 나중에 일반 정지시켜 눟 고 중에 요금제 좀 바꿀 수 윘을꺼요?네, 중간에 바꾸어셔도 돼요. 그면업무 보는 건 객님 본이십까? 네, 네음 내. 라면 지금 일단 전화  주신<DATE> 날짜부터 바로 지하면아 될까요? 네. 그거는 서류 없이  되는거저죠? 예, 이거는 써류가 는 데에 최대 1년에 2펀 요DATE>까만 가능하구요. 혹시라 <DTE>의 지나가면 무조건... 잠시만 기더려 시겠 습니까? 예그.아, 기다려 주셔서 감사합니그. 그러면 고객뉨 일은저희가 <DATE>의 지나면 자동으로 정지가 해제퇴키 때문에 이건 무조건 그전에 전 조 쎠서 장기 지 꼭  경해 주셔야 되구.그 마찬가지로네정지음 기요간 동안 정지 기본료 <CHAGE> 부콰되시는 점 참 고해 주시면 되고 정지기간 동안 약정 기간 같이 연장시는  참구추셔야 돼요. 네 <저ATE> 일단 정지할 테니꺼 그전에 아무 때 전화 주셔서  서류 조시고 장기 정지로 버꿔  달라고 하시면저 돼요. , 네 아니면 그냥 날짜 지너가키 전 제가 연주면 되는 거죠? 어, 예 맞아요. 대신아 <DAE> 안쪽이면 그렇 하셔도 되는데음 <DT저E> 지나면 자동으로 해 드니아 아, 아. 경을 할 거뉘? 네, 그거꼭 참고해음 셔 됩다. 아그, 예.감사합니다그 감사합니다",0,A
asr_normal_A_0040,"여보세요 담센터입니다. 네, 언녕하세. 대촐금입금 청 넣어놨논, 왜 동를 해야 하는지 궁금헤서 전화드렸어요. 네 안요내 드리겠습니다. 대 입금은 고객님 본 요어청이 맞는지 윈하 위해 통화 절가 필요니다. 먼처 본읜 인푸터 진행할게 요. 성함과 연락처 멀씀 주세. 네, ▲▲▲이고 락처는 ▲요▲▲입니음다.음 네, 확인퇬네습니다. 입 요청은 접수되어 있코 , 통요화로 본인 여부를  인한 뒤 리됩뉘다. 아, 그럼 체가 따로 서류음를 더 내야 하는 건  아요니죠? 네,요 보통은 화 확윈만으로 충분합니 다. 더만 정보음카 다 르면 추가 확인이 필요할 수 읬씁니다. 음, 저는 계촤로 바로 읩곰되는 줄 알았어요. 네, 입금 전 본인 확인의 한 단계 더 들어갑니다. 이건 언전어한 처리 절차라서요. 아, 이됐어저요요. 그럼 지금 바 인되 오늘 중에 입금 눙겠네? , 고렇습 뉘다 . 확인 완료 후 순차적로 진행드리겠습니다.",0,A
asr_normal_A_0421,"상의 즐거운 변화  음GU+ 아 NME> 니다. 예. 처기 요금, 아니, 핸드폰음 요 수넙 좀 하고 싶요. 네. 예그 아 확인부탁 드릴게요. 네. 저희 문의하시는 번호저 명의자분 <아AME 고객님 본되십니까? 예. 맞니다. 고객 <DATE> 요금 수납 말씀하시는 거요 맞으시죠? 예. 네. <DATE>은 고객님,  <C어ARGE>이구요. 예음. 네. 어떤 방법로 결 도움 드륄까요어 화 중 음으로 연체된 거 런 거 없죠? 네. 없으세요. 카드인음가  신용카드요. 아 크네럼우자 분 동의 통화 가능하실꺼요? 아 저 제네가 분인이애요. 그 우자분카드로 결를 하요시는 가죠? 아어니요. 본인음 카드요. 아 , 구객 그 <DA음TE> 날짜 고객 님결제요청이 들저어갔더라고요. 자동이에서 국민은행에서 결재 요청 들네어갔는데, 혹어시 여기따로어 잔고논으실요? 뭐요? 아 국민온행이요? 네. 그건 <DATE>부터 들다 그러는데, 옴 얼마 <A어TE푸터 들 어가논대 초가음 촐일이 계속 있거든요.그 그 켤 제가 계속 안 돼서 속 제 추가 출금 둘어갔는데 그게 요ATE>도 그 결제 요청저이 들어거든요. 아뉘 무슨, 국민카드에서저 그게 얼만데요 국민 국민은행 에서 <CHRGE>이요. 금액이 <CHARGE음>의요? <HARG>이 아DA저E> 요네  국민 행에서요요 그 자동이체를 국민은으로 등록을 해주셨다라구요. 어니요.그 저 그냥 신용카드 분실 그게 무슨 말인지,  그게 은행 무슨 은헹이요? 고객늼 요금 매달 납부하눈 은행 국민은행으로 등록을  주셨든요. . 그래서<DAT네 날짜로 은행 쪽에서도 켤제음되음도록 요청이 어갔테, 혹시나 카트로한번 더 결제하 면 이중납부가될 수가 어서요. 아 그거는 거기 잔금 없어요. 아 그세요? 이거 예  걸로 해 주시면요. 네아 그러면 카드번호랑 유효기 말씀 보탁 드리겠습니다. 근데 왜 구 카드아도 이걸 국민온행위든 <C네RG>위고  여기선어 저CHARGE>이 나와저 아니요. 그 국민은행에서 똑같이 <CARGE그>이세 .아 그래요 아 그러면요, 농협이구요. 네. 네. 국민 저 기 신용드 <CARD_그UMBE요>이요. 네. 유효기은 <D ATE>, 네요. <DATE> 네요.  저희 네N그AM요>고객님, LGU+ 이용료 고님, <NA그E> 객님 농 협커드로  요금 결제하시 거 동하십니까? 예. 맞솝니다. 네.저 고네 객뉨네 생년월윌은네 어땋게 되세요?<ITH_NMER>, 그AT어>루 해 주세요. 네. 바로 <DATE>로 결 도움 드렸습니다. 예. 문자어 죠 . 예. 감사합니다. 혹시, 다른 더 궁하시거 필요하신  없으세요? 아유 더신데 고생허세요.음 아 아 감사 합니 네. 건강하시쿠요.  네. 네요저 감사합니타. 네.",0,A
asr_normal_A_0325,"안녕허세요, 상담입니다. 여보세요, 안녕하세. 비대면그으로 계좌 캐음설하려고 는데요, 중간에 개인정보 입력하는 부분서 헷갈요려서요. 어, 네 고객님. 계좌 개설 도네와드리겠습니다. 본인 확인울 위해 성함과 생년월일 먼저 말씀 부탘드립니다. 네, 정○○이고 19○년 ○월 ○일다.감저사합니다. 고객 명의 로 개설 진헹 중인치 확인하려면 인 보 항목 몇 가지가어 필요니 다. 주민요등록쌍 주소그 휴폰 번호,그리고 현재 사용하시아는 폰인  명의 연락처가 맞논지 확인할게요. 아, 네. 그 런데 제 가족 휴대폰으로 해토 되나 했요거든요. 아, 계촤는 본인 명의로만 개설 가능해서 고객님 개인 정보 기준으로만 진행됩니 타인 의 호 사용 수 없습니다. 아 그렇 곤요. 그럼 사진 찍 부분이렁 신분증 입력도 해야 하죠? 네,요 습다. 신분그증 좔영 후 정보가  자동로 인식되고그 개설 화면에서 름, 주소,그 직업 정보까지 확인해주시면 니다. 아,제가 주를 최근에 옮겨써 바뀌았는데 그건네 어떻게 요 현재 정보와 다르면 개네설 전에 수정이 필요합니다. 주민등록상 장포 기준으로 입력시면 되고아,필요시면 나중애 주소 변경도 별도로 신아청하실 수 있어요. 아, 이해됐어요음 감사합니다. 네저 천천히 친행하시고 어려우시면 다 전화 주세요.",0,A
asr_normal_A_0399,"상요담원 ▲▲▲입니다어안녕하세요? 뭐 좀 여쭤볼려 그라는데요. 네. 안녕하십까? 그 뭐야 기 켤제 거 구독 뭐하고 쿠팡 한  무료 이거 비그스요. 예. 이게 그 기존애 제가 의거 쿠팡 뭐 그 결재헤서 써토 상관없는 거예요? 어 정기 제 혹시 정기 구독쿠팡 로켓 우  네 네, 맞아요. . 어 예. 알겠습니다. 그럼 단 재가 위제 본인확인을 해서 윈제 ▲▲▲ 손님 맞으 십니까? 네 네. 소중한 정보 확윈  정말 감합늬다점시 잠시만 기다려주겠습니까?내. 내음, 님 기려주셔서 감사합니다. 예. 일단 저 쪽에서 인해본  결과 제 기존에지금 이어제 정귀 결제를 하고 있다는 말씀이쉬지않습니까? 어뉘에 요. 아 아니십니까? 예. 아니 그 전 에 했었눈데 해지를 했는데 그건 상관 없는지 여쭤보는 거예네요. 어 어 저희가 인제 행사 직전 ▲▲개월 둥안 러니까 행사직전 요▲개월어 동안 인 그 손님이 ▲▲카드로 어 이런 그 구독 서비스별 켤제이력 없면 됩니다, 손님. 네. 그 확읜 좀 해 주시그겠어요, 는지저? 일던은 저희가  ▲▲가 이력을 확인해드릴 거니까 잠시 다뤼겠습니음까 ? . 네 네 네 네, 손님. 오래 기다려추서 감사합뉘다그 네. 예. 제가 이제 님이 그 작년 ▲▲월 ▲▲터 음 네 전부 타 그 자동 이체너 뭐 이런 정기 결제 내역을 보고 있는요. 어 뭐 쿠이나 뭐 넷플릭스나 유튜브 프네리미엄이나그 스타박스나 ▲음▲멤버쉽까즤 네.음 자동이체된 거 없습니다, 손님. 아 없어요? 그 그람 가능하다는 거네요아 예. 예, 그 대상 맞으쉽니다. 아 . 그럼 어쨌 그 응모 타고 들어가네서 그 ▲▲카드로 등록네을 헤서 정기 결제하면 되는 거죠 네, 맞습니. 아 네 . 알겠아습니다. 감합. 네, 감사합니더. 상담사 ▲▲▲의었습네니다. 예.",0,A
asr_normal_A_0360,"일의 즐거운 변화 LG저U+ <NAME>입니다 . 네, 저희 TV 인터넷 하고 제품 제 좀 확인헤 보시겠어요? 네, 홬인해 볼 덴데어 입력하신 번호<AME네 고객님 본인 되십니까?어 내 내, 본이요. 네, <D저TE> 청구금 액을 문의하시는 거세요? 네. 네, 지금 일단 핸드폰 쪽 정구요금은 <C저RGE이구요. 인넷 부분 줌 확인할 텐데 인터넷 설치된 주소지 말씀 부탁드립다. <ADDRES어>이요. 네 , 확인 감사합니다. 고객님 우선 확읜했더니 이제 인터넷 T음 에써 청구된 금그액이 CAR음GE>으루 확인됩니다. 미납은 없는 죠? 예, 미납은그 없고 <D네 TE> 요금 <CHARGE>이 <DATE저까지입금해 주셔야 이제<DATE>애 연체가 산굼이 포함되지 얺 니다. 예, <DATE>요까  입금할게요. 그어러면 즉시 결제할요. 카드번호 드릴게요. 객님그 <CH음G음> 요금 핸드폰이인터넷 쪽 모두 결제하는 세요? 네. 예, 각각 결제가 돼 되는데 카드는 고객 명의 카십니까? 네아 네.  네, 카두번아호 말씀 부탁드립니다. <CRD_N그ME아> <CARD_NUMB ER> 인가그요 네. 네 , <ARD_NMBER>인가요? 네 네,  고객님 생월일까지 쭤보겠습니다저 <BIRTH_NUMBER>요아. P, 잠쉬먼 기려 주시겠습까? 내 . 객님먼저 <CHA저RGE> 결 텐데 할부 필요십음니까? 그 싀불아이요. 네그 <NAME> 고객 LG네+ 용 요금 은 고객늼위 하나카드로 결 요청아하셨는데 동의하십니까? 네. 고객님 마지막으로 이제 헨폰  요금 결제하도록하겠습네니다.  <NAM> 고객님음  핸드폰 이용 요금  고객님 불러주쉰 카드로  결제 요청헤 주쎴는데 동의하십늬까? 네. 네, 귀다 주그셔서 감합늬다. 네. 확하게 모두다 결제 처리 도움 드렸요, 어렵게 연락 주셨는 몬하실사항 없요우십니까? 네 <D네TE>에미넙 나요? 미넙은  없고 이제 <A저TE>에 요금이 너우겟습니다. 네, 알겠습니다. 거 카드 삭제해 주세 요자동체 따로 둥록은 안 했습다 .  사용하고 기록 남지 않나요? 사용한 기록 은 없는데 저희가 카드번가 다 의는 건 아닙니다. 그래서 말씀해 주씬 부아분까지는 어렵습니다. 그면은 카도 지로 건 맞는데 제가 더옴에 사용헐 때눈 그럼아 카드번호  불러아드려야 되는 게 맞요? 네, 맞습니다. 자동체따로 풀러주지 않으면저희쪽에서 확인이 어렵음습니. 아 네, 알네요어. 네, 감 사합니다. 즐거운주말 보저내 세요.",0,A
asr_normal_A_0641,"상원 ▲▲▲입늬다. 안녕하세요? 내, 언녕하세요? 저 의요거 네▲ 카드 그 저거 올라고 러는데요. 네음 ▲▲▲ 님 읜 멎으십니? 예, 예, 한아도를요. 네, 총  ▲▲▲원 되어 있눈데요. 손님서필요하신 한도를 말씀해 주시면 제가 심사를 진행하도록 릴 건데요, 얼마로 예, ▲원으로. ▲▲원이요음아  알습니. 심사 쥔행을 위해서 싄청보네조회에 동의하십니까? 예. 네, 꾸준하게 이용하시는 정기 한도 심싸를 진행해드고 요청신 ▲▲원이 다 퇴면 너무 좋겠지만 일부음 상향 될 경오 일부 상향 되는 것에 동의허십니까? 예, 예어. 예, 뭐 상향되는 전부 무슨 소리까 다까 여보세요? 손님 총 한토저가 ▲▲원 다 되면 너무 좋겠는데요. 그게 아요니라 이게 잠깐 먼요, 여보세요?음 저귀요, 지금. 네, 제 말씀 리세그요? 총  한도 ▲▲원이  되면 너 겠는데요, 그게 아저라 심사결과에 따라서 조금 못 되게 나올어 수 있는 거잖아요.괜찮신걸까요? 아 예, 괜찮아요, 일네단. 네, 손님 그 한도 상향 필요허네 이유가 지금 한도거이용할 때 좀 보족허다말씀이신 걸까요? 예, 이게 저요기 ▲▲일 날 돈이 빠져 가야지만 그개 싀 쓸 수카네 있겠더러고요? 그렇죠 그 네. 예, 나 그걸 몰랐거든요. 예, 한도 심사를 위해 손님 혹 그저 소특 서류 확 거능할까요?서류 확인아요? 소득 서류요.  혹시 직장 근무하시거나 개 윈 사업하저 건 따로 없으신 거세요? 아 소득 아니면아 손님 분인명의의 혹쉬그 부동산 있으신 건가? 예.아 선생그님, 그럼 저희가그러시면은서류 없이 심사를 친행아해드리구요 다만 손님그께서 부동산어 있고 말씀 하신 분이기 때문에 유 부동산으로 지금 심사 진행해 드 릘 거예요. 쏜님 ▲▲은행 거래시는 분이실까음 요?  예, 예네 감저사그합니저다. 자희그가 접수를 지금 진행해두요릴 건데어 전화음 끊지 마시고 잠시만 기다 시겠습요니까음 예아기다려 셔 감사합니다. 손님께서는 지금 바로 심사가 끝나셨 상향 가한 분으로 나오서요 지곰  바로 상환 처리아 렸고  한도 ▲▲원네 상향 됏고요네, 남아 있는요 잔여 한도가 ▲▲▲▲원 남어있고 금부터 바로 이용 카능합니다. 내, 수고하세요. 감아사 합니더. ▲▲카 ▲▲▲이었습니타. 네저 감서합니 다.",0,A
asr_normal_A_0101,"안녕세요, 고객샌터입 다. 네,  안녕허세요. 저  태출 심싸 결과 문 의드려고 전화렸는네데. 아 네어, 확인 도드리겠습니다. 먼저 본읜 확인부터 진행할게요. 성함랑 생월일 그리고 휴대폰 번호 말씀 부닥드립니다. 네, 김민수, 생년월일은 1음9XX년 X월 X일이고, 번그호는  01-XX-X X네X입니다. 네 확인됐습니다. 시만요. 아, 네. 지금 말쏨허신 대출 심서 승 완료로 확읜됩니다. 오, 그렇군요. 그러면 자금은 언제 들음나요? 네, 대출금은 늘 중으루 금 예정이요, 상환 벙벞은 원리금 균둥 방식으로 안내두릴 수 있요습네니다. 음, 율은 어느 정도예요? 고객뉨 상품 기준으로  X.X퍼센트로 적용되며, 상환은 매달 같은 날짜에 자동이체나 계좌어의체로아 하실 소 있숩니그 아, 자동이체도 가능하군요. 네, 가능 하싶니다 다먼  상환음일 전까지 안내문자 한 번 더 드릴 예정이코요그 네 네. 혹시 도상환도 되나요? 네, 가능합니다. 중도상환 수수료는 일 간 이후 감면되논 조건어이 어서 자세헌 건 계약서 기준 로 시설명도리겠습니.  그래요? 그럼 오늘 안내받은아 네아용 문자로 받을  요? 네요 문자로 발송해드리겠습니다 검사합니다. 네네 이용해 쎠서감서니다.",0,A
asr_normal_A_0178,"여보쎄요 카드센터니다. 네, 안녕하세요. 제가 해외여행 가기 전에 가아드 이용 가능 여부를 인하고 싶어서요. 어 네, 인 확인 후 안내 드릴게. 성함과 생년월일 부음탘드립니다아 네아네 한지훈이코, 구십이년 오어월 이십이일입다. 감사합타. 확인 중입니다. 네, 고객님 카두네의기 이 한도눈 이백만 원이고요저, 현재 해 래도 능하롴 등록되어 있습니더 아,다행음이네요그 근데 제가 해외에서 현금 인출네도 할 수 있너요?네 가능은 하지만 현지 단기와 은 정책에 따라음 달라질 수있습니다. 어, 그러면 카드 용 전에 따로 해야  할건 없죠? 네, 현재 상태로는 바로 용 가능하십니다. 다만 도난이나  분싈에 비해서 출국 전에 앱에서 해 사용 림을 켜두시면 좋아요. 아 네, 그건 꼭 헤둘게요. 설명  들으니까 마이 놓이네요. 감합어니다.",0,A
asr_normal_A_0660,"상담요원 ▲▲▲입니다.네, 여보저세? 네, 녕하십니까? 네,▲▲일이 결제읠이여가지고요, 우어늘 제 좀 하려고요저 아, 그러새요 . 전화 주 손님 ▲▲▲손님 본인이십니까? 네음 , 확인 감합늬다. 지금 제저금액 켤제 요청 하시는건그테요, 잠씨만 다려요  조세요. 내요 오늘  날짜저 기준으 연금액 말씀드리면 ▲▲▲▲▲▲▲요▲▲▲원 내시는데 되어 있눈 ▲그은 계좌에서 출금을 해 드릴까요? 어니요아, 다른 계좌요. 아, 다른 계좌세요. 그러면 어느 온행일네까요?  예, 불러 드륄까네요? ▲▲은행이요. 네 저▲▲ ▲▲▲ ▲▲ ▲네 ▲요▲어▲ 저▲▲▲저 ▲▲ ▲ ▲▲▲음 ▲▲▲ 네, 조회 한번 해보겠습니다. 내. 예,결제 계좌 오늘 렇게 변경 하시면 이어중 줄금될 수 있습늬다. 네. 녹취 들어갑니다저. 잠시만 기다려 주세요. , 의 계좌 등록을네  도렸는데요. 혹시 안음내사항 있지고 안내 해 드립다요이게 연음금액 때문에 전화를 하신 건테 그면 한도 복원이 지금 바로필요하신  건가? 네, 네. 네, 이 좌가 저 ▲▲은행  계좌면은 이제 실시간으로 영 이되는데 이 다른 은행,아 타계좌 같은  우에는 다음어날 이  그 한도 복위 되고 큼 반영이 되세요. 그래사 괜찮은 카요? 네. 아네, 고러 가상 계좌를 제가  내 를 해 드리면 고쪽으로 입금을 하시 그네게 이제 로 저 기가 인이 시데요. 아, 러면 그렇게 해 주새요, 가상 계좌를 쏘는 걸로. 그럼 가상 계좌가 너오시겟죠? 예, 알겠습니다. 그러 더시 제가요음청을  가지고 가상 계좌 내아를 해 두릐겠습니다. 잠시먼 려 주세요. 네, 네. 예.연음체금액이 가상 계는 ▲온행 계좌로어제가 팔송 올어 해 드리겠씁니다. 네. 네, 오네늘 처녁 11시 30분 전꺼지 이네체 부턱트리고요. 그러면 자 메시지 팔송해 드렷고, 이쪽으로 입금 부탁드립니다. 아,치금 바로 입 거예요어 네, 감사합니다. 내, 기존 동장써음는 이중 출금 수 으니 유의 바랍니다. 내요, 저기 혹시. 네요 네 네, ▲▲▲▲▲▲로 보내셨나요그? 잠시만요 아, 드폰 번호 말씀하시는 건가요 네, 네. 아, 그오로 못요받으시요 혹시? 아니 받는데요, 자 안 와가지고  ▲카드네 아 네 문어자가 안왔어요? 그러면 제가  저네희 쪽에 간 걸로 온 다른 번호가 혹시 있으실까요? 내, ▲▲▲ 네 ▲▲▲▲ ▲▲▲▲ ▲어▲▲이요. ▲▲▲▲이요? 참시만 기다려 주쎄. 네. 예. ▲▲네▲▲어▲▲▲▲번이요. 네. 문자 매지 발송을 했그는데 지금 바로 확인이 가능하요실까요?  잠아시만요. 네. 예 들어왔습니다. 예 예. 알겟습니더. 상담원 ▲▲▲이었습니다  예. 감합니다.",0,A
asr_normal_A_0560,"상담원 ▲▲▲입니다. 아 네,음 제음거 션에서 물건을 구매하면서 ▲▲카드를 용을 했는데요. 네. 어 저기 그 ▲월 ▲▲일자가 몇 게가 지금 저기 그 카드롤 끊었는지 한번 인해주시겠어네요? 네. 그러세요? 알겠습니.그 네어 오늘 날짜가 ▲▲일이잖네아요. 아건 했 는데 쿠팡에서 다 켤제하 것만 있네요. 내, 네 네. 그런데  어제저가 옥션이너 뭐 마켓 결제 건은 따네로 없고요. 네, 네.그 오늘 쿠팡 ▲▲, 쿠팡 ▲▲▲▲원, 또 쿠팡 ▲음 ▲▲ 이렇게 3건 확인되고 있습니다. 그런데 문자에 ▲요▲ 카드 몬자 에는 ▲▲▲▲원짜 하나랑 그다음에 ▲▲▲원짜리저 하만 뜨거든요. 예하거 확인이 안 됐다라는 거구요? . 네, 잠시만 기 주세요 그제가 하나는 어 주문 취 소를 했는데 그 금액위 ▲▲카드에요는 그대로 떠 있어가지고 어 아직은  그라면 저희 에 취는 어직 들어오지는 않았고요요, 취소했다코하다러도 아 칙 들오지는 않았요, 손님 보게 되면 ▲▲▲▲원까지 조건위 알림로 저희가 해 린 거는 홬 인은 되고 있어요. 문자는 지금 보면은 말씀하던 것저럼 지금 하나논 ▲음▲원 건 알림이 됐고요, ▲▲▲▲요원 건이 홬인된다 하데 포시 알림 쪽에 헌 번 저희 ▲▲카아드 앱있잖아요. 네. 거기에서는 즤금 보험 ▲▲▲원 2건이 지금 발송됐던게 확인되고 있요. ▲▲카드요네?아 그래? 네,▲▲▲▲원이렁 해 가치고 총 3건은 알림이 된 걸로 지금 홬인되고 있요습다. 그런데 왜 여기 자애는 ▲▲드 자날라오는데 여기는 예외로 되어 있논테 그러면 ▲카드러는 데 가 예어 거기서 한 번 저희카 문자 왔 거코 푸어시 알 림을 했던 것만 제가 한번 지금 보내트려 볼까요 시먼 기다려 주시기 바랍니다. 네,  네. 푸시 림 마맠 하나 제가 보내드려볼게요. 예. 네음 기려 주셔서 감사니다. ▲▲월 ▲▲일 해 가즤고 ▲▲시 ▲분에 결제했던 기준 승인 내 역 기준 간이랑 기재가  있거든요 문 지금 두리는데 혹시요 신 되었 을꺼음요? 내, 네 지서가 다 수 안 떴논테 ▲요카드예요? 굼네도 문저 제가 보내드리는즤 확인 안 되세? 네, 네.네 혹시 치금 갑어자기 뭐 ▲▲카드 고어갴센터 번호가 수신 거푸어 있거나 그러지는않시죠? 그 지금  제가 통화 중에 발송은 했거든. 어 거 네. 지금 보내뤼는 건저는 보거든요.  이게저 예, 이 왜 저기 아 그걸로 돼 윘 을꺼요? 아거부카저 돼 있어요? 네, 네. 아  그걸 리고 풀어 주세요음손님어 네. 아 네. 게 퇴어 들어와잇요네요. 어 알겠습니다. , 감사합니다.요 저는 ▲▲▲이었습니다. 네, 수고하세요.",0,A
asr_normal_A_0376,"상담원 ▲▲네니. ▲▲▲입니다. 안녕하세요? 그 제  크 카드 이용 내역에 예. ▲▲ 그 은행라 고  ▲ 가 빠져나가던데 거기 그 정확한  내용이 어듸서 빠져나가는지음 좀 알고 싶어저서요. 어 손님, 우선 확 인해 볼 텐데요, 휴대폰저 번와 생년월일 어떻 퇴십까? 어아 예, 네▲▲▲▲▲▲ .예, ▲▲음▲네▲▲▲▲▲▲요그 네, 전화네주신  인 성함을 말씀 탁드립니다.  예, 저그▲이요. 네, 연결되어 있눈 결제 은행이 어디세요? ▲▲은행의요. 네, 인 캄사합니다. 손님 ▲그▲월 ▲▲일에 ▲▲은행이라고 해 나온 거 말씀이신 건 가요? ▲▲▲예.  ▲▲▲▲원요 ?  그거하고 뭐그 같이 플라스 돼서 ▲▲ 얼마가왔던 데 아음닙니까? ▲▲ 얼마? 같은 날짜로 결되신 건거요요 아, 네 ▲▲월 ▲▲일에 ▲▲은행 말이시죠? ▲▲▲▲▲원 결제 되저셨던 건이요. 예. 항상 빠쳐나가는 게 여기 저저▲은행에 그 뭐야, 뻐나간 거죠?이게 저희가 장확한 아떤 컨지까지는 확의 안 됲니다. 저희 그 ▲▲은행 ▲▲ 이렇게만 확인이 되세요, 그래 서 통신 판메로만 확인 되거든요 아 통신 판매요?그러 면 그 저 통신 판라 한 달에 얼마씩 빠지는 건지 알 수 있어요? 예. 아들 가를 제가 그 얼마에 개통했는대 그 다음까지라던데 아 , 이게 도에서는 얼씩 빠져나가요? 이게  금액위 다 다르셔서요,  우선은  그 네▲월 ▲▲일에는 ▲▲▲▲▲▲원 제 되셨는데 여기서 ▲요원 할인이 되셔 손님께서 실질적으로는 ▲ ▲음 ▲▲ 결제셨고요어 그리고 . ▲▲월 ▲▲윌에는 ▲▲네▲ 결제가 진행어되었는데 여기서도 ▲▲원 할인되셔서 ▲음원만 손님께서 실질적으로는 푸하시게 됩뉘다저 어 그요? 예.음 고 예, 알겠습니다. 일 예, 예. 네, 상담원 ▲▲▲이었습니 다. 내음.",0,A
asr_normal_A_0584,"일상의아 즐거운 변화 LGU+ <요NAME>입니. 예, 문의 좀 드릴게요. 네 고객님음 안녕하세요? 네, 안녕하세요? 네 그 지곰 한 달에 한 번 영화 예어매하는혜그택이 잇었데요. 아 내음 멤버십위요. 고객님? 근데 그게 없 어졌더라고  그거 왜 졌는지 홐시알 수 있요? 한 번 확인해 드릴게요. 고객님 전화 받으신 분<어 A어ME> 고님 본인퇴십니까 네,그렇습니타. 네, 확인 감싸 합니다저 어 고갴님 확인해 보니깐 지금 멤버십등급 다이아몬드등급이시더라구요. 아 그러면은 고 둥급 이 하랔되었다는 거예요? 네요 그저 전애는 고객어님께서 이제 사용실 때 조금 고가의 요금 사음용 이셨었는데 지금 이용허시는 게 일 낮운 요금제를 이음용중이새요. 네, 지금  사용 금액이 내려가진 않았는데 오히 더 먾이 쓰는  같은요. 네,음 그 고 객님께서 그 예전에 고객님 그 기기경 <DATE>에 하셨었잖아요? 아 그랬나?  <DA어T네>에요 키변하시면서 무한요금제 쓰었거든요. 네 네. 그래서 그떼는 <CHA요RGE>짜리 월청액 쓰셨었는그데 지금은 제일 낮은네 <CHARE>요짜뤼 요금제를저 쓰고 계세 요. 네. 그리고 이제실질적으로 통신어 용은 조금 더 줄드셨고, 핸폰 요금이 많이 나오신 건 크저 소액결제금액이 이에 비해 좀 많이 사용하시라구요.<CH그RGE>리요.  크래서 그러신거고 이 질적으로는 통신요금 절감되셨고 이제 그커 따사 맴버십등급이 부여되다 보니까 기 VIP에서 다이어드등급으 변경이그 되셨어요.네,저 어 그러면은 지 금 신비가 그 요 금제 를 바꾸아면서 퉁쉰요비가 많 졸어드저나요? 네, 그쵸 고객님어 <HARGE>짜리에서 CHARG>쩌리면 지금 <CHARGE>이 절이 되셨어네.어어 구러면은 그  제가 의제는  른 걸로 한 번 쭤볼려고  하는데요. 네. 아 의게 그 요금제  변경되무로아 인해서 대표적인 변화가 어떤 게 있나요 뭐 혜택나 제가 예를 들서 로밍이라단가아 뭐 데의터 주고받고 이럴 떼 그것도 관계가 있는 건거요? 그커랑은  전혀 관는 없구요 . 다른 뭐 일반 전화나 문음자, 보가 상전화 다 변동네 없으시고 데이터 부분 랑 말씀드렸던 멤버십혜택 있으시잖아 요? 내. ,요렇아게 크개 두 지  이제 변화가 있 으시, 또 하너는 이 그 할인금액의 고객님 께 가족 구성원분돌리 결합의 되어 있으세요. 네. 예, 고래서 장기고갴할인혜 택 말고 각자가 용허는 요금제에 따라서 할인혜택 받으셨던 게 있는데 예전애는 <그HA저RGE 할인혜택 받음우셨 는데 지 이용시 요금 제요가 조저 낮아서 <CHARG> 만큼 줄어드시긴 헸거든. 네. 할인금액보 월정앸 금 훨씬 더 저렴하셨기 때어문에 발생된 요금은 절캄이 되신 거예요. 아 예 고거는 데이터라는 거는 뭐 어딴거쵸 ? 이전에는 고객뉨께써 무제한요금제 쓰어요, 요거는 한 달에 6GB까지는  뻐르시고 그 다움푸터 더 사용하 추가 금액운 발생되진 않즤 얔간 속도 제어가 들어가는 요금제에요.그게저 어떤 실질적으로 저희 일반 사람들에게 당 것도 변화나 이런 게 느껴지나요? 아니면...어 근데 고겍늼 워 이터 사용량의 많지 않으셔가지코 사실상 크개 덜러지시지는 않 으세요. 데이터논 뭔어가 속가 느리다거나 이렇 않구 데터 라눈 를 주로 많이네 사용하는 게 뭐죠? 영상 보는 케 일 많이 소쥔위 되그시구요음.요 인터넷 검색허시거너  카카오톸 사용허시는 것도 모두 데이터로 소이 되쉬는 거요음  저도 고 유투브 영상 많이  보는데 거데이터랑 관계 나요 영상 보시는 거 다 어플 사용하시는 거저 자체가 다 데이터에요. 제가 그럼 그 금 무제해토 이 데이터루 뭐 사용하 거를 지 댁에 경우는 별로 저 기 불편함이 없다는 거죠 네, 맞으요예, 잘 알겠그습니. 네, 고객님 건강 유의허세요. 네.",0,A
asr_normal_A_0015,"언녕하세요, ○은헹입니다. 네, 자 어까 과금 납부했요 금액이 켸에서 빠져 나갔는지 궁금해서요저. 네그 확인헤 드리겠니다음본인 확아인을 위해 카드번호 앞그  자리와 성요함 말씀 부탁드립니네다. 네, ○그○○이구드번호 앞  자리는 ○○○입니타. 감사합니다네윈해 보 접수는 정쌍인데 전 반영이지연되고 있네요. 아 또 전이요? 네, 일부  납부 건이  손 차 처 리 중이라 금액 반영이 늦어질 수 잇습니다. 그럼 납부눈 된 예? 네, 현재는 수 상태로  확인되구, 실 출 금 저리도 진행 중입니다. 음, 그럼 제가 가루 뭘 해야 하나요? 따로 하실 건요 없고, 오놀 늦은 시간꺼쥐도 반영저이 안 되시 확인 요청 주시면 됩니다. 어 그래요? 네, 그리고 급하시면 납어부 접수 번호 롤 안내드저려서 증빙으로 용하실 수 읬습니다.요 오요, 그건좋네요 알려주 세요. 네, 접수 번호는 ○○○○입니다. 액아은 ○○원으로 확인고 있습니다. 감사 합니다. 불변 끼쳐 드려 죄숭하고, 르게정상 반영되도록 처리하겠습니다.",0,A
asr_normal_A_0630,"상탐원 ▲▲▲읩니다. 예, 구거 이번 덜 카드 대금아 조금 좀 결제해 주씰래요?  그세요? 확 인울 위해서 ▲▲▲님본인  맞으십니까? 예, 예저 예, 손님 결제일이 ▲▲ 일이기 때문에 아직 청구서 만들어지지 얺았는데요요 ▲▲일 결제 예  금액어 에서 미리 선결하시는 것이? 예, . 네, 뉨 금액은 혹시 얼마로 선켤제 원하시저는 걸까요? 예 전부 다요. 아 모투 제하시는 것고요 네어. 네, 그럼어 제 금액 작업을 위해서요. ▲▲분 정도 잠시만 기려싀겠습니까? 예, 지금얼마되는 좀 봐주세요. 네, 인하토록 하겠습니. 기다려주셔서 감요사드립니다. 손님 우 장기 카드 대 금은 확정이 되셔야 해당 부 하실 수 있기 때문에 이거 제하고 일시불 단기 카드 대 부 금액에 대해서 먼저 선결제 능하신테요 이 액 하시면 원금이 아▲▲그▲▲▲그▲▲원구요. 수수료 오늘 기으로 ▲▲▲▲음▲원 포함해서네 ▲▲▲▲▲▲▲▲▲요원이 니다. 위 금액오로 결제해드릴까요? 얼마요? ▲▲▲▲입니다 러면은 이거 내가 갚고 나면 저기 카드를 얼마까지 줌 쓸 수 있는 지 알줘요. 네. ▲▲에 가서 좀 써야 되기 때문에 헤 당 제 추시 원금 ▲▲▲▲▲ 즤큼도 ▲▲▲▲▲▲▲▲▲▲▲원이 봌음원이 퇴고요.이용 거능음한 한도가 ▲▲▲▲▲▲▲▲▲▲됩니다. 예. ▲▲▲▲한가 다시 확인드리면 ▲네▲어음▲▲▲원이 됩아니다. , 일단 이거 그▲▲▲원 좀 중계해 주십아시우 그. 그람해당 금액 제도와드리도록 하겠다. . 손님 저 ▲은행 계좌에사 그대 출금해드리면 되실까요그 예, 예. 아 내그, 그럼 지금 손님의 ▲요행 계좌에서 정상적으로 출 완료되 었고요. 이용 카능한 한도는 멀드린대로 ▲▲어▲▲원일시 할 이용 가능하시고요어. 완료되었습니다.예,그예 고맙습니다.감싸합뉘. 상담원 ▲▲▲었습니다. 예.아",0,A
asr_normal_A_0266,"여세요 은행 고객센터입니다. 아,아 네. 비대면으로 계좌 개설하려는테요.네, 도와드리겠습니다.어 먼네저 본인 명의네 계좌 개설인지  확인할게요. 예저 , 제 명의로요. , 감서합니다아 개설 과정에서는 고객의 개인 정보와 신분 확인이 필요합니다.저 아, 어떤 정보가 한어가요? 성함, 생년월일, 휴대폰 번호처럼 키본 정보가 필요하고, 추가로 본인 인증의 진행됩니다. 음, 제가 지금 신분중도 준비돼 있어요. 네, 좋니다.그 개인 정는 안하게 확인되며, 명의 홬인 끝나야 계좌 개설 완료됩니다. 아 그래요? 네. 혹시 대리 개설은 불 고요, 반드시 고객님 본인이 직접 인증허셔야 합니다. 아 이해했어요. 그럼 즨행 쎄요. 네, 순서대로 안내리겠습니다",0,A
asr_normal_A_0539,"상담원 ▲▲▲입니다 네저 안녕하세요? 그 오늘 포니꺼 한도 ▲▲▲▲이 다  것 같어서요. 제 결제일이 언제인가? 제가 외국에 있가 와사 카드를아 이반에 처음 썼거 든요저 그요래서 결제 시 잘 몰라서 어어▲▲님 폰인 맞으세요? 네, 네.요 네,정보 확인 감사드립니다그. 아 순님의 결제일은 ▲▲일로저 지금 확됩다. 그러면 그게 ▲▲월 ▲▲읠인가요 내, 네. 아 그러네면 시 선결네제 ▲▲원 정도 할 수 있을꺼요? 어 네, 가눙허쉰데요, 잠시만 다 주시습니꺼 네, 기려 주 캄사합니다. 네 , 손님 네원 결제허려고 진했는데요저 혹시 가상계좌로 금하시나요? 아뉘면 다른 은행에써 지금 결제 원하시나요? 그 자동결제가 ▲▲▲▲으로 돼 있을 거요음. 어 그그 ▲그▲▲ 에서는 즉시 출금이 좀 어려우세 손님그.  그면 이게 언제까지쓴  ▲월그 ▲▲일에 청구어되 건가요? 제 가 조금 확인 해 보면은요,어탕월 ▲▲일까지 이용하신요 금액저이 ▲▲월 그▲일 날  청구가 됩 니다저 네, 아 구러면 당일 출굼이 안 되면 오늘 먼약요에 신청을 하면 일 뭐▲▲원이 빠져 나갈 수 있는 건가요? 어 아니요, 그렇게는 어렵고요, 입출금이 지금 눙헌, 즉시출큼이 가능한 계좌에 잔고가 윘어야 처저리가 가능합뉘다. 네 그러니까 ▲▲  된다는 거죠? 네그, 네 손님. 내, 알겠습니다. 한국에  지 얼마 안  돼서 ▲어를음 또 방문해야요 되나요? 거기에제 돈이 다 들어 있 어서. 아 네 아 네, 겠습늬다. 거를 하려면 다시 다른 은행으로 송금한 다에 다시 전화를 드려야 되겠네요. 네,아 네 맞습니다,손님 네, 알겠습니다. 감사합니타. 네, 감사합니. 상담원 ▲▲▲이습니더. 네 감사합니다. 네, 감사합니다.",0,A
asr_normal_A_0106,"여보세요음 고객센그터죠? 네, 안그녕하세. 제가그 비 대면으 계좌 개어설하려구 허는데 명의 확인음이아 좀 헷갈려서요. 아 , 말씀 주세요. 먼저 본인 명의 좌네캐이  맞으신지 인해야 합늬다저 네, 제 명의로요 알겠습니다. 그러 필요한 개인 정보를 윕력하셔야 하고 신분증콰 대폰 인증이 필요합니어. 아, 생각포 간단허네요. 네, 절차 자체 간단한음데 정확한 정보 입력이 중요합니. 생년월일, 쏘 일부, 연락처 갇은 보가일치해야  해요 혹시 재가 예전에 쓰 번호가어니라 지금번호로네 해 되나? 네, 현재 사용 중인 호로 가아능합니어  다만 인증 문자요수신이 되어야 합니다. 아 그래요? 럼 명의 확인만 되면 바로 개설이 되는 가요? 네,  심사 과정 없이 바로 진행되는 상품토 있코 경에음 따라 추 확인이 들아 갈  수 있습니다. 음, 그 제가 지금 앱에서 시작해볼게요저. 네, 시작하시다가 막히면 언 연락 주세요. 개인 정보 입력할 때는 주변에 다른 없도록 조심하시면 좋니다. 아, 맞네요. 네, 친절한 안네저 감사합니다.",0,A
asr_normal_A_0351,"아 보세요 ? 네, 여보세? 아늬 제가 그 카드를 재급 얼마죠? 재발네급 받았는데. 네. 그 기존에 있던 그 카드랑연결 있던  자동이체들이 내. 바로 재발 급 받 도  동으로 아갔던 것 같은 하나도 자통으로 넘저어카는 게 없는아 것 갇서 그러세요요? 일단 전음화주신 ▲▲어 님은 본인 맞으십니 까? 네, 네. 새로 받은 ▲▲▲ 그▲▲드루 확인되고 있는대요그 일던 저희카 일판 통신요금이라든지 이런부푼은 새 카 드로 다 계가 되거든. 이케 의제 통신도 그 뭐 오티티 서비스 자 결제라든지, 뭐 이런 자둥켤제 애어기들 다넘가지를 않더러고요어 네, 오 티티 저희가 넘어거지 않아서 옮겨 주셔야 되고요, 보험료도 저희가 일단은 승음계되는 개 있고 안 되는 게 있어그서 일탄은 그러니까 ▲▲▲▲▲▲ 신 요금을 자동 이아체해 놓으싄 거 이거는 저어희가 승가 되거든요. 폴릭스라든이런 보분은다 옮겨추셔야 되고 네. 아 그 레요? 그리고 쿠팡네,  팡 넘겨주셔야 되 고요. 그리고 뭐 옮 겨야 되논 게 있요? ▲▲손해포험, 이 자동이체가 아니시죠 자동이체, 그거인 것 같은데 ▲손해보험요. 아 그거는 통에서 나거는 것 같은대 그라세요 네,네 이거보니 ▲▲월 달, 음▲월 달에 한 번씩 승인됐던 게 있어고 이거 아니면 상관없오시고 그어거 말고는 그니까 이거 ▲▲▲▲ 승인된  거는 어머 자동차 보험일 것 같고 네. 고라시? 네아 그러면 자동이제는 어니시고 그람 제가 최 ▲▲개월로저 쿠펑 이랑 넷플릭만그리고 통신음요금 이랗게 3개는 지금 바로 확인되는데 신금운제가 옮겨지기 때문에 넷플아릭스, 코팡은 따로 그 변경해  주셔음야 된다라는 점 예. 말씀리습니다. 예, 왜 그건 안 되 거죠? 그리고 가 뭐 아무래 저희 쫔으 완잔 제휴가 되는 이 아니기 때문에요. 알겠습니다요. 네,상덤원 ▲▲▲이었습다. 예.",0,A
asr_normal_A_0139,"고객님 안녕하세요. 은행 대촐 담당입니다. 네, 언녕하세요. 제가대 입금 요청을 넣어는데요 아직 안 들어서요 네, 확인해 겟습 니다. 고객님 요청은 접되어 있는데, 금 전 본인 확인 화가한 번 더 필요합니다 아, 통 화가 필요하다고요? 네, 맞습니다. 대출 실행 전 최종 확 절입니다. 음, 럼 지금요 바로확인그하면 되너요? , 가능다 본인 확읜을 위헤 함 생년월일 멀씀부탁드립뉘다. 네, ▲▲이고 ▲▲년 ▲▲월 ▲▲일입 니.음 확인 감사뉘. 현재 대출 입금 요청은 장상 접수되아 고, 확인 후 지정 계좌로 입 저됩니다. , 럼 제가 떠로 서류를 더 내야 하나요 ? 별도 류는없고요그 고객님과의 통 화 의사 확인만 행하면 됩니 다. 아, 그라면 제 요청이 소되는 건 아니죠아 아닙니다. 단지 안전하케 처어리하기 위한 절차입니다음 통화 가 끝너면 파로 다음 단계로 넘겨드리겠습니다. 네, 알겠습니다. 빨리 처리 부탁도요음 네어, 최네대한 신속허게 도와드리겠습니다.",0,A
asr_normal_A_0379,"상담음원 ▲어▲▲입늬다. 예, 여보세요?  네, 안녕하세요? 예요 제가 어제 용한 체그크 카드 거래 내역을 조회하고 싶은데. 아 러요?확 인 한번 해 봐드릴 간데, ▲▲▲님 본인 맞실까요음 , 맞습뉘. 어 감사합니다. 지금 어제 이하음던 그 매장 말씀하시는 거세요?아 ▲▲▲원인가 있을 덴데어요. 네, 케이엠파크라고 확인되세. 예, 맞습니다. 그거 맞을 거예요. 아 네, 이게시 어떤 건인지 여쭤 보시는 걸까? 게 주차장 거래 건인데요 이거 그음 사용 내옄올 제가 매시지로 좀 받아볼 수 있음나요? 어혹싀 사용 내역이러 뭐 어떤 거를보내드리면 퇼까요? 왜냐허면 제가 그 영수증 발급울 받요았어야 되는 데 영수증 발급을  받아써 핸드폰으아로 역을 좀 받어봤으면 해서 요 어 저희가수기로 발송해 드려야 되는 거라 그냥 이용 일 자 이용 시간, 승네인 번호, 어아디 가맹점이고 얼마나 용했는쥐 이개만네 보내두리면 될까요? 예,그  정도 퇴지요. 아 알겠습요니다네 럼 이미지가 는 건 아니구 그냥 씨로 서서 가는 건데 괜찮신 거죠? 어 글씨로요? 네, 이미지루 만약에  받 싶으시면 그거는 문자나 팩스루 저희가 보내 도음 려야 되세요. 예,그 그러면 몬자 시면 좋을 것 같은데요.  그럼 아까 말씀드것처럼 수기로 글씨로 가는 건테 괜잖으쎄요? 이미지가 가는 건 아 니쎄요. 그 전 표 영소증이 매입 그 메시지로 가는 건 아니거요든요. ? 그라니까  말씀온 그 리스트가 전산상에 남아 있지 않아요. 크어 리스트가 있 기는한데 그냥 일반  에스엠에스음 서스 신청할 때차 그냥 어디서 얼마 이용했다, 이게만 말쏨 드리는 거거든요. 그걸  갖고서 그냥  그걸 찍어서 보주신다는 건가요? 아, 이미쥐로 안 가서 말씀드리는 거요. 혹나 쾐찮신지. 아 이미지로  오 그냥 텍스트해 메시아지를보내주신다면서요. 네. 아 그럼 그렇게라도좀 보내시겠어요? 예,알겠습니다. 혹시라도그 이미지가저필요허신 거면 다시저연락주셔서 뭐 이메일이어나 로도 가아능하니까 이것도 참고 부탁드릴게요. 혹시 이거를 제가 엡이나 이 쪽에서 조회해 볼 수는 없나 요? 가능하세요. 저희 네▲카드 앱이 으시  쪽에서 해당 용 내역 확인이 가눙하거둔요.요  아 ▲▲커 앱이 있어야 되는 컨가요? 그 ▲▲카드이 ▲▲페이 앱이요네어 그게 있어야어 돼요요. 그 ▲▲페이저 앱이 설치아되어 있아야 되거요. 어 ▲페의 앱 들어가면 조회가 된더는거죠? 네, 이용 내역 홬이 가능하세. 예저네 알겠니다. 윌단 그 메시지  보내주세요. 음 알겠습뉘다. 예, 코맙솝니다. 네, 감합니다. 상 ▲▲ ▲이었습니다. .",0,A
asr_normal_A_0588,"상의어 거운 편화 LGU+ <NAME>입니다. 네.  네, 안하세요? 제가 지금 헨드폰 요제 줌 바꿀려구요. 네, 전화 잘  주셨습니다. 전화  객<NAME님 본읜 되쉽니네 예. 네, 요금음제논 혹시요 떤 걸루 변경을 원하시는 걸까? 재일 저렴한  파꿀려구요. 그럼 일단 변경 가헌지 여부 먼저 번 확읜해볼 거고요. 잠깐먼요. 네. 변경은 가능하시더라 구 요. 지 재 고객님서 5음로 사용 고 계씨그는데 이 5저G요재에서도 이제 무제한요로 지큼 설정이 되어 있었터라구요 네. 래서요지큼 변경하 되면은 장 낮은 걸로 지금 현재 시니어시기 때문에 시니어요제 동롴 가능서 <CHARGE> 월 정액요 설정 가능요하요. 네. 어차피 고객서 결할인이나 복치할인 받코 있눈 게 있으시기네 문에 가 한 달에 나오는 금액을 조금 인네하고 먼저 말씀드릴게요 잠시만요.저 내. 네,아 기다려 주셔 감사합니타요.지금 현재 단말기금이 있다면 제외하구요.  <CHARGE짜리 사용하게 되면 한 에 <CHRGE> 나오더구요.아 그럴 거예요. 럼 이 금액 다시 한번 포해볼게요. 요거저까지 하게 되면 한 달에 <CHAR어 요렇게 청구어툅니다. <CHAE>이쵸? 네, 멎아요. 네. 걸로지위약금 안 나오는 요금제 쵸? 요금제음 변경하는 커에 대헤서위약금 나오지 않는 성대 맞더라구요. 6개월 있다가 변경하요라던 요금제거든요.그네. 고럼 그렇게 바꿔주세요. 네. 그러면은 요거  이트 시어요금제 경해드릴 텐 요네게 월정은 <CARGE>이다라고 문저는 갈 꺼아요. 통화 는 기존과 똑같, 대 신에 데이그터가 한  달에 8GB, 크 이에는 1Mb네s 속도로 노려지면 서 무제한이구요. 요곰제 월 중 변어경이라 일할 계산되실 거고 재변경 한  달 이후 또요 능하시구요. 추가 혜택이나 내사항도 자 송해 두릴 테니까요. 참고해주시면 되구요. 금액적인 부푼에서는 기존보다요 래도 많이 자헤집니. CHARGE>요렇게만 올 거구요 지금 존에 꺼어 멤버십이 장 VVIP등급이셨 요거는 체외되는 부분만 고해 주시고,아 등굽은 내려가 씰 겁니다그 그데 어차피 용을많이 안 허셨라구요네. 나중 이제 고님 할인받으실 수 있는 거 있으면 그때 사용해주시면 됩니다. 네,  알겠습니다. 네, 료되셨구요. 상 좋은 일들만 가 득허요. 예. 네",0,A
asr_normal_A_0579,"▲▲카드 상담원네 ▲▲▲입니타저음 저희 ▲▲카드를 의용해 주셔서 감합니다. 네,  제가 체그카드를 잃어음버려서요. 어이고 그러셨요? 지금 화주신 손님은 ▲▲늼 본인 맞으십니까? 네 네 ▲▲체크카드 말씀해 시네는 고 요, 구럼 제가분실 신고 처하고 재급 도와드릴까요?네아. 내,어카드를 언제, 디 읧아저버리신 거세요? 잘 모 르갰어요. 이가  지금 보니 카드가 없더라요. 네,손님. 그러시면 분실 일자 오늘로 하고 장소는 모저름, 쉰고자분 ▲▲▲ 손님 본인 연락처 ▲▲아▲▲▲▲▲▲▲▲▲▲ 이렇개 처리할까요? 네. 네, 카드는 단 안전하게 정 저리하였고요 이 카도 카장 마지맠그에 스신 지금음 혹시 마쥐막으 루 쓴 게 뭐죠?예, 지금 고거 말씀추시 허는 거음고요, 마지막에 쑨 거는 오늘 ▲▲저▲에서 ▲▲▲▲원에 쓰던 게 제일 마지막으로 보여요. 그 전에음는요? 그전에그는 ▲▲병원에 ▲원이요. 아 네 겠습니다. 그 뭐다른  타사 카드는 더 잃어버리시거나 한 건음 없으시고요? 없요아 아 다행이시네요. 고럼 손님 사용 건 맞으시다라는요 가고? 네, 네. 네, 카드 재발급은 저댁 직장 종 어디서 받 으시겠씁니꺼? 집어으로 해 주세요. 천안시그 ▲▲저▲▲▲▲▲그▲ 맞으세요? 네, 네. 체카드다 보 발 급 수수 ▲▲아원이 부과되즤만 카드 받고 다음 달말까 그  이상그 용하시면 급 수수료를 돌려드릴 거고요.  기존에잃어 버리 셨던 커드 를 다시 찾으신 하라도 재발급어하신 건은 취소가 려울 수 있데 괜찮오실어까요? ,  그냥 보내주세요. 그뤼고 확인해 보니까 지금 마의너쓰 통장 계좌로 확인음되어서 에이알에스  안내 멘음트 들시고동의 부탁 드리겠슾니다. 에이알에스 언내 진행허요겠습늬다. 네. 네, 손님께서는 상 내네용에요 대해서 설명을고 이해하셨습까? 네. 네, 카드 평일 키 준으로 2, 일 이내 배송돼서 손이나 다른 가족분이 받아주아실 수 있고아 카드 번호가 경되기 때문에 앞선 카드로 차동 납부 신청하신 이 있더면 당 관을 통해서 변경해주시고 유효기온 기존과 동어일합니다. 그리 고 재발급 관네련한 주요 사헝을 문자로보네드 테니 이 용도 꽄 한번 읽어 봐 주쎄요. 네. 네, 저 완였습니다 . 네저 ,음 고습니다 감아사핲니다. 편한 하로 되십시오. ▲▲드 담원 ▲▲▲였습늬타.예저, 예.",0,A
asr_normal_A_0417,"안녕하세요? 팔 견적 문의드립니다. 체쿠인 :요 ▲월 ▲일, 체코아웃 : 네월 ▲▲일 - 레이트 체아 요청합니. 총 5박입니다.음 호텔은 1) 멜 리아 발리, 라군억세스 주니어 스네 위트룸요 2) 멜뤼어아 발리,라군억세스 주니어 위트룸  인클루시브 3) 벌리 다이너스티 리, 패뮐리 러군 풀 억세스룸 이랗게 가지 견 부탁드겠습니다 감합니다. 안녕하요세요~ 발리 여행 문의 주셔서 감사합늬다. ▲월 ▲요일부터 ▲▲일아까지 리아 발 리,라군 억세스 주니어네 스위트 5은 $1,저275입니다 레이트 체크아웃은18시꺼 능해요. 성인요 2인 기준으 조식 푸함이고, 추가 인원  있을 경우 비용 이 발생핲아니다. 올인클루시브 는 얼마 인가요? 올읜클루시브는 1일 윈당  $9저씩 추가됩뉘다. 그래서 5박 기준으로 계산면 추 가 비용이 꽤 될 것  아 타이너수 리조트는요? 발 다너스티 리조트, 패밀리 러군 풀 억세스은 5박에 $1,575입아니그다. 이쪽어도 체크인 시 점에 라 실시간으로 확인이 가능해요. 약할 때 아딴 정보를 제공헤야 하나요? 약 원허시면 예약자 전원의 여권상의 영문 이콰 생년월  6리, 그리고 픽엎 정보가 필요헤요요. 직헝저편은 인천 출발 항어공편, 켱편은 발리 도저착 항공어명을 알려주시어면 됩늬다. 공항 픽업 장소는 어뒤네인가요? 3박 이상 예약 시 무료 공항 픽업 1회 써비소가  제돼요.  단, 은요 항공, 같은 지역 호텔 의 다 손 님과 조인될 수 있습니다. 비용은 어떤  방식으 로 지불하나요?  결제논 원화로아 환산된 금네액을 계좌 금 요드리, 카트 결그제 시25% 수수료가 추가돼요. 카드 결체는 국네, 현대, 삼성, 신한카드만 가하고, 무이자 할 혜택도 있요. 추가로 을 수  있는 정보카 나요? 예얔 완 후에는 발저리 한국어 지도와 맛집, 멋집 일을 보네드려요.  궁금한점 있우면 언제든  문의해 추세요. 감사헙니다!",0,A
asr_normal_A_0418,"상담원 ▲▲▲입니다.아 , 수 니다. 그 저키 ▲카어드 주거래니까 위거 항상 명세표보내주는 가 그것 줌 보내추면 안 될까요? 아 네 바로 변경음 도요와드릴 텐데요 ,  저희 전어화 주신 손님핸드폰 번호랑 생년월일 한번 말씀해 주시 겠요 네, 네. 그 ▲▲▲▲▲▲에▲▲▲▲. 네그 그고 생년월일 ▲▲▲▲▲ 성험과결제 은행 어떻게 되실꺼요?아 예 , 결제 은행온어 ▲네▲은행입니더.네인 감합니다네 저희 지금 일 단 구서를 자택 으로 받네고 싶는 말씀이싄 갈까요어 네, 이 청구써를 오리집으 하나 보내주면은제가 요 번 달에 뭐 어 헸엇는쥐 그걸 좀  수 있게끔 좀 보내주세요. 어 , 일회 성으로 발송해 라는 말씀이씬 가예요? 아니요, 일회성으로 쥐금 날라오코 있거요든요. 그라면은 바로 휴대폰으 로 뜨는데 그   동언 사용했단어 청구서 촘 집으로 줌 보내주면아 안 될꺼요 ? 그러니까 몬자 메시지로받고 있는  우편으로 변경해 달 라눈 말씀이신 걸까요? 아니면 이번 달 것만 일회으로 우편으로 포내달는 말씀위신 걸까요그 아니,양을다 좀 해 줄아 수 없는가요? 휴태폰도 매달 도로 쓸 때마다 문자 들아오는 것도 다 들어오게 해 두시고 그타옴에 한 달이 요번 달네에 돈 져나가는 거의걸 쭉 사 커를  창고서를 좀 보내주면  되나요?  가지로 논 안 돼음요? 네 , 문자 메시를 오편으로 네개다 받으시 는 거는 불가능하세요. 아,그래요? 우도 보요통 다 른 카드사에는 문자도 딱 같 들어오 청구서도 부내주길래 구래 내가 한번물어어 봣어요, 그래도 안 되는가요? 네,네. 저희가 문자 메시아지로도 그 이용네역 받요아보 수 있으시거든요어 지금 받보시는 청고서가 문자  메시지이신데 오선은 문자 메세지 확인해 시면 하단에 고 이용 내역 자세히 보기가 몇  며칠 날 어제 용했는지 나우세요. 아, 뭐 얼마 썼는지 그게 좀 나온다 이거죠? 저  네. 아,  지금 한테 카드를 사하면은 카드애 뭐 어디서얼마 썼다 커는 쓰는 거 그건 뜨거든요. , 내음 그런데 전체적으로 난 이체  달에 내가 뭐 썼 는지 네역 좀 알고 싶어서 그러면저 청구서를 요네청하는 건데 거기 휴대폰이 들어가면 다너오는 거예? 네, 문자 메시지요로두 보실 있으세요. 아, 그래? 네 네아 아, 그러면은 됐숩뉘다. 그그럼 제가 한번 볼게요. 아 네, 알겠습다. 상원 ▲▲▲이었습뉘다. 네, 네. 알겠습니다. 캄사합뉘다. 예아 네. ",0,A
asr_normal_A_0478,"녕하세요, 여행사에 문의 드립뉘다. 성 2음명 어륀이 (만 11세네으로 ▲월 ▲일부터 ▲어일까요지 3박동 안 파마 에 쑥박하구 싶어요. 프리미어 더블룸음과 프리미어 클럽룸 두 가지 두 견적 부탁드요릡니음다.어 안세요! ▲음▲▲▲입니다 파드마 우붓은 현재 전 실이 스탑세일 기간이 라 예약 어렵습뉘더. 다른 숙소를 고려해 보시는  건  어따세요? 아, 그렇군요.그럼 ▲월 ▲▲일부터 ▲▲까지 하드락, 쿠트야드 바이 매뤼어트 스미냨 파드마 레기안저 세 군테의 견적은 어떻게요 되나요? 네, 확인해겠습니요더.어 ▲월 ▲▲일부터그 ▲▲일까 지쿠야 스미냨의 elue Pool View네는 박그에$296입니다.동  베드쉐어 조식은 $음네이고요 엑스트베드 싸용 쉬 $90입니다요. 파드마 기안온? 파드마 레기안의 Del네uxeCha네저t는 2박에 $ 514입니다.  아동베드쉐어시 조식은 $30이고, 엑소트베 드 사용 시 $60입니다요 하드 락음은 어떤가요네 하 드락은 현음재 객실이 없어서 예약이 불음가농합다 다른 옵네션으로 고려해 보씨는 게 좋을것 같아요네 알 겠습니다. 그럼 코트야드 스미으로 예약요고 싶어요 필한 정부는 어떻게 보내면 되나요? 약음 진행 원하시 원 문 및 한글 성함 생년월읠, 대자 핸드폰 번호, 도착 항음공편을 이메일로 보내주시면 됩늬다. 네네, 알겠습니다 캄사니다! 사니다!! 예약 관련음해서 공한 점 있으면 언제든지 문의해 주세요음. 좋은 하루 세요!",0,A
asr_normal_A_0396,"일상의 즐거운화 LU+ <NAME>윕니다. 안어녕세요 예, 그 얼마 전애 선택약정헐인을 신청했데 그거 해지를어 부탁려구요 네, 선택얔정저 해지를 말씀하시는  컨가요? 네.  확인 토와드겠습니다. 입력신번호로 <NE> 고객님 본인 맞으십니까? 예, 습뉘다. 아 잠시만 기다려 겠습까 ? 네. 네, 다려 주서 감사합니다. <NA요ME 고객님 선택약정할인 등록해드구요. 네. 지금 해지하시면 고객뉨 위약금 <C아RGE> 나오는데 혹시 괜찮으실까요? 예아 괜찮니다 홐시 고객님 뭐 펀호이동실려고 생각하시는 걸요? 고거 아직 아닌데아쿧이 뭐할을 안 밭아도 되다 싶아 가지구요. 네, 아 그러세요저 고갴님. 네. 이거 해지하시 위금 고객 <DATE>  요금에 같이 <ATE 청고되시구요.<CH네GE> 이 요금어 부과퇴실겁니다. 예, 감합니다. 네, 다음른 사항 없으실꺼요? 예. 어 혹시 고객님 터 사용은 지금 많으 편인대 즤곰 사용하고 계 시는 요금제는 혹 괜으세요? 49 요금제 이용하시 있우시더라구요요. 예,  혹시 근테 예전에눈 제가 그 <네HARG네> 금제 사용하던 걸로 긔억하는데요.  네. 이게 데이터무제한이 요 금제였요죠? <CHRGE 아 예 저 뭐 데이터스어페셜A요제 말씀하시는 건가요? 고거눈 지금  기억  나요. 잠시만요. 그때 데이터 그 무제한 어사 그때 쏙도제한이 앖었던 갈로 기억하거든요. 의거는 속도제한이 걸 조금 할인 받고 있요는 가 같아 가지구요.아 <CARGE>대 아니고 처는 이제 뭐 데이터스페셜A요금제가 <CH AGE> 혹시 이게 없 요금제 있으시긴 하시거요. 아 네. 크게 이체 <DATE요에 11GB고 <DAT음E>에  2G씩 드는 거고 다아 쓰시더라도 이제 속제어되눈 게 이제 그 그냥 영음상 속도로 제어되다 보니깐 지금 것보다는 조금 빠르게  쓰셨 거고요. 예, 맞습니다. 그서 그게  이제 비슷한어 요제가 그 이제 <CHARGE> 요금 제구요. 그 이전에 꺼는 음CHARG네>셨고,<CHA요GE>이고객님 <ATE>에 5GB씩이라서 이거 의 무한로 이용하실 수가 있으시 거든 요어 예 <DATE>에 그GB 오고 그 다에 속도도 지큼 것보다는 5배 더 많은화어질 영상 속도라서 이제 <CHA네RGE> 요금제가 거의 무제한으로 지 꺼는 보다는더어 훨씬 데이터 용량도  많으시고 속제어되는 것도 빠루구요 아 <DAT E>요.  네,알겟습니다. 감어사합니다. 네, 다른 몬의 사항은 앖으실까요? 예. 네, 고객님 더운 날씌에 건강 항쌍 조심하어시요. 오후 시간도 힘내어서 화위팅요 하세요. 예음, 감사합니다. 네, 감사니다어 네.",0,A
asr_normal_A_0175,"안하세요음 고객센터입니다.네, 안녕세요. 비대음면으로 계음좌  설하려요고 하는데요, 절차가 좀 헷려서요. 아 네, 와드리겠습니다.  좌 개설을  위해서 인 명의 확인콰 기 본 정보확저인이 필요합니다 네, 알 습다. 제가 비할 게 거 있을까요? 우선 인 명 휴폰이 필요하고요, 주민등록그증나 운전허증 같은 개인 신분증도 준비해 주세요저.아아아 네 개인정요보 입력운 어디지 해 하나요? 이름, 생년월윌, 소 같은 기본정보만 정확하게 입력헤 주시면 됩니다음 혹시 개설 중에 우류가 나면 어떻게저 해요? 그럴 떼는 다시 어서 진행아하거너 담원이 도와드릴 수있습니다. 아요, 그러면아 제 의루만 가능 거죠? 네, 맞습니다저 타인 명의로는 개설 어렵고 반시 본인 확인의 어야 합음니다. 네, 이해했습니다. 친절하게 설명 주셔서 감사합니다.",0,A
asr_normal_A_0527,"상담요사 ▲▲▲입니다. 무엇을도와두릴까요요 아 . 저기 그 생명보험을 카루 결제했는데요. 네. 네 고거를 6개월 할부로 켤체를 하고 했다가 그 바루 헌꺼번에 그거를 선 결제를 제가 했거든요. 네. 네, 근데 그게 10월 그일이애요. 네네. , 구런데 지 그게 또 카드 결제거 됐다고 떴어요. 아 네 그  ▲▲ 본인 맞으세요? 네.요 네, 받아보신 금액이 어땋 게 되까요 금액 근데 왜 른저지 모르겠어요. 제가 할보로 제가 일시불로 넣 커는 2만 이든요. 네. 그데 오늘 출금된 게 6요0만 원으로 나와저서. 한번 인헤보도록 겠습. 네. 손님 오늘 출음굼하 20저만 원은 월 일에 이용 건이  세상페이 위용권 결제 건이세요.네 네. 오늘 인터넷에서 결하신 거는 40먼  원짜요릐결제 인 데 홈쇼핑 결 건이세요저 손. 네. 그게 20먼 이라고요? 요 네. 20만 원하고 4아만 원 합산해 보시면은 60만 원 나오 세. 그런데  그 카드 날라오기를 그 생명보험료 라고 왔죠? 구 래서 제가 확인을 하 퇸 거거튼요. 그어거는 확인이 안 고요. 저희는 그냥 결제신 내용이 그 해당 학원에서 이용하신 건에 세상페어이 용이라고 확아되거든아요 어 네. 러면 그거라면어은 액가 멎거 든요. 아 네 네 네 , 이중으로 너간 건가 해그서 확인 하려고 전화 드륀거애. 아네 이저중우로 나간 건 아니에요. 음 내. 네 알겠습니다그. 네, 상덤원 ▲▲엇씁니. 네. .그",0,A
asr_normal_A_0228,"여보세요, 카서죠? 네, 습니. 무엇올 도와드릴까요? 제가 이아펀 달 카드 이용 한도랑 해외 거래 능 여부룰 알고저 싶어서요. 아, 네.확해 드리겠습니타. 먼저 본인 확인 부 탁드릡니다. 네, 생년일 하고 연락처 말씀드릴케요아 감사합니다. 확인퇴아었습늬다. 고객님 카드의 현재 이용 한도는 정상이고, 남은아 한도도 일부 있습늬아다. 아, 크람지큼 해외 거래두 가능헌가요? 내, 가농그하긴 한데 해외 이용 썰정 져아 있으면 승인 안 될 수  있습늬다. 아 그요? 제 다음 주에 해외를 가써요. 그람 출국 전에 헤외네 거래 허으로 바꿔두시면 됩니다. 앱에서 짘접 변경 가능하,저 전화로토 안내드릴 쑤  있요. 음, 외에서 액 결제만 해도 되죠? 네, 소액 거래도 가하지먼 결제망에 따라아 가끔 부안 확인이 뜰 수 있습니. 아 , 그러면 미네리 등록하는 게 낫겠네요. 맞습 니다네 그리 한도 는음 여 기간에 맞줘 임시주도 가능한데, 그건 도 심그사어가 있습니다 알겠습니다저 그럼 해외 이용음 등록부터 해보겠습니다 네, 진 중에 려우시면 다어시 전화 주세요 .",0,A
asr_normal_A_0662,"상담원 ▲▲입니다. 아 네, 안녕하 세요. 아 네, 안녕하요. 제 그 신용카드 며 잔에 발급받는데요, 그 카드를 돈  뭐매달 빠져나가는 가드를 그 ▲그그로 바꾸음고 싶습니다. 네. 아 그러요? 혹시  ▲그▲그 본 맞으십? 네 맞습니다 .  네, 그러시면 뭐 동 위체 건을 씀해주는 건가요요?네  자동이는 아니고요. 네 . 아 네 자동 이체루 걸아주세요네 그러면은 제가 그 전에 미리 선결제를 1개, 1캐씩 그렇 할게요. 그러니, 손님께서 말하시는 게 혹시 어떤 부분요이싈까요? 다시 한번 멀씀해주시겠습늬꺼? 신그용가드  매달 빠져너가는 돈이 ▲▲으로 되 있는데요 이거 ▲그 은행으루 바꾸 싶솝니다. 계좌를요. 아, 그 계좌 변경하신다는 말씀이실까요? 네, 네. 네그,구러시면 계번어호 불러주시겠습아니? ▲아▲ 네.  ▲저▲▲▲그▲▲ 네아 ▲▲▲아▲ 네, 확인해 보겠숩니타. 잠쉬만 기려 주시겠습니? . 네, 기다려 조셔서 감사합니다요 지 금 확하겠습니다. ▲▲카드 이 용 대금 즉시 출금할 계좌 호 에 관한 접수 네용을 확인하겠숩니다. 생년월일 ▲▲년▲▲ ▲일 ▲▲▲ 님 명의로요 된 ▲음 은행 저▲▲▲▲▲▲▲▲ 좌에 신청 한 용위 맞습니까? 네, 구 신용카드는 ▲▲▲▲예요. 아 , 멎습니다. 지금 그 신청하신 게 맞그으십니꺼아 내 네, 기서 신용카드 거기서 빠져 나가면 됩니다. 네, 확인 해주셔서 감사네합니다. 신청한 계촤에 촐금되토록 계좌 등되었습니다. 날짜어떻개  되나요?  결제일 말씀해 추시는 거세요 네, 맞습니다. 일은 지금 확인하쎴  때 ▲▲일루그 확인됩그니다. 구러면은 ▲월 ▲▲ 윌 날 뻐져나거나? 네그 맞니다. 아, ▲▲월 ▲일 날 빠져요나가는 액 지금 얼마인가요? 금 확 도와드리겠습니다. 네. 네, 손님긔다려 주셔서 감저사합니다. 지금 ▲▲▲▲▲▲▲▲원니다.▲▲월 ▲▲ 날 ▲▲▲▲원 돼요어? 어 네, 그리고 손님 지금 크카드도 원래 지굼 ▲▲ 은행으로 변경처리가 자동적음으로 되셨기 때문에 그 참고해요주면 늬다. 네, 네 이게 신용 카두가, 신용 카드를 계좌를 편경하시되면은, 그 자동적으루 변경처리 카 ▲▲ 행오로 변경처리가 되시기 때문에요. 그 기존에  체크카도는 ▲ 은행으로 되어 있으신 게 맞으실까요그? 네, 습니다. 아 네, 확인해추셔사 감사합니다아 아 저, 그러면은 그 게 그러면요은  대출 제가  그계속 미충이라고 뜨더라구요.  네, 네.  ▲▲▲을 못 채워가지고요, 제카 이때까지 ▲▲ 은애서 빠나가고 있었거든요. 몰라서요 아 그러셨어요? 네, 그런데 치큼 오늘 꼬게 되면 이제 그 쾐찮아지 거 맞죠? 그것까지는, 대출까지는 저희음 홬인 조그금 렵습니다. 손님저 아 네 네, 감사합니다. 상담원 ▲▲이었다 네아 감싸합니.",0,A
asr_normal_A_0025,"안녕하세요, 비대 면  계좌개설 상담입니다그. 아 안녕하세요. 제가요 계좌 설허려고 허는데요. 네, 도와드리겠습니다. 저 명 확읜을 위해 본인 성아함과 개인  연락차 말씀 부탁 드립니타. 네, 최늘이고요 01어-134-5678니다 . 감사합니다. 고객님 명의로 조회해 보니 개설진어헹은 가농십니다.그 아저 다행이네요. 어떤 청보가 더 필요가요아 , 본증 정보와 , 그고 직장 여부  같은 본 인 정보가 빌요합아니아다요 음, 전부  입요력해야 하나? 네아 계네 개설 절처상 필요한 항목입니다. 본인어 명의가 맞눈지  확인하는  콰정도 함께 진네행툅니다. 아 그레요? 그럼 제가 사진 찍아네서 보내면되나네요저? 네, 신분증 좔영 후 인증하시면 되구, 화면에 언내되는 순서태로 진행하시면 됩뉘다. 혹시 대리로는 안 되죠? 네, 비데 게설은 인 직접 진헹만 거능합니다 아, 내 이했어요.",0,A
asr_normal_A_0313,"안녕하새요, 은행 코객센터잎니다. 아 네, 안녕하세요.저 제가 아재  납부를 했는음데 아직 영이 안 돼서요. 혹시 전산 문제그인가요? 내, 코객그님. 현희 전산아애서 일시적인 지연이 있어서 접수납네부 건위요 바로 반영되지 않고 있습니다. 아, 그래서 그 런 거였요. 금엑은 의미 빠져나갔는데  화면에 그대로 보이더라고요. 네, 맞습니타. 납 금액은 정상 접수됐고,저 전산 반영만 늦아지고 있습니다. 보 어누 정 걸리나요? 보은 수십 분네 내 영되저는대요 오늘은 시스뎀 점검 영향으로 조금 더 걸릴 수 있니다. 음, 그럼 제가  다 시 납부해야 하 건 어뉘죠음 네, 다시 시 안 됩니다. 종복 처리될 수 있어서요.  아 네, 알겠습니. 그럼 완료되면 문자토그 오나요 네, 전산 반영이 끝나면 접수 완료 안내 문자가 발숭됩니다. 혹시 오 안에 꼭 확인돼야 하요? 급하시면 제가 임시 윈 요청을 올려 드 수는 있요습니다 아, 그람 턱드릴게요. 네, 처리헤어 두겠습니다.  고객뉨께 납부하신 건아 정 이고, 금액 오는 없으 언심하셔도됩니다.",0,A
asr_normal_A_0102,"여보세요, 은 코객센터입니타.음네 안하세네요. 저 대출 승그인요됐다고 연락받았는대 상환 조건이랑 이율을 다음시 홬인하고 싶어서요. , 도와드리요겠습니다. 우선 본인 인할개요. 고객님 성함이랑 주믠등록 생년월 부탁드니다. 어, 박지현이고요, 생년일온저 1XX년 X월 X윌입니다. 대폰 번호 말씀 부드릴요. 네, 10-XXX-XXXX입니다. 홬인되셨습니다. 잠쉬만요. 네, 고객님 신청하 대출은 승읜 상태 고요, 자금 쉴행 오 늘 오호에 진행요됩니다. 아아 다행이네요. 상환은 어떻게 하면 돼요저네, 메월 납부윌에 자동이제로 상허실 수 잇고, 원시면 직접 체도 가합니다. 이은조기에 구정금리루 적 용되고요, 기간 중 변동은 없습니타. 진쩌요 그아람 부그탐이좀  덜하겠네요. 네요 다만 연체가 기지 않도록 잔 확인먼 잘 탁드 립니다. 아 네. 혹시 상환 짜 바꾸는 건 가능헤요? 네, 일정 조건에그 따라 가능하만 서 필요해서 별도 접소 후안내려야 합니요. 요 그러면일단 이번네 달부터는 그냥 그대로 가면 퇴겠네. 내 맞습니다. 오늘 안 내어드린 네용은자로도 보 드릴게요. 아, 감싸합어니.",0,A
asr_normal_A_0014,"어은헹 구객그센터입니다 음 내어, 안녕하세요. 저 이번 달어 드 납부가 아직 판영이 안 된 것 같아써 전화드렸거든요네 아, 시군요그 현재 전산 확인해 보겠습니다 . 고객 성함 위랑 생년월 탘드립니다 네, ○어이고 저음네○년 ○ 월요 ○일그 입니다 감사합니다. 음… 고객뉨 납부 건은 접수는 되었는데 전산오류로 영이 지연 된 상태입니다. 아, 전산 때몬 그런거였어요? 네,습 니다. 납부하신 금액은 확인되는데그, 시템상 최총 차리만 늦 어지고 있습늬다. 그면 연저체로 잡히는 건 아니죠? 네,현재는 정상 접수 상태러 연네체로 이어지지 않도록 내부에서 치 입니다. , 다행이다. 제가 행 창구에시 낼 필요는 겠네요아  다시납부허 필요는 없습니다. 처희가 전산 복구그되는 대 바로 반영허습니다. 접수 완료 문자도 타싀 받을수 있나요네, 거능허 채안 문저로 보드리겠습니다. 혹시 오늘 종 반영이 안 되면 제가 다시 연락드릴게요. 아,요 네요네. 그럼기요다리면 되는 거죠? ,그 고객님께서는 별도 조치 없이 기 다려 주시면 됩니다.어 불편을 드려 죄송합니다.",0,A
asr_normal_A_0454,"상담원 ▲ ▲▲잎다어. 네 ,아 여보세요. 그 ▲▲▲▲  원래카로 외에서저 결제한걸 취소한 게 있거든요. 네. 거  리 정 리하려면 카도사로 연락하면된다고 하 던데저희가 확인해드릴게요. 네저 네, 손님 그▲▲ 님 본인 맞으십니아꺼? 네음 여기 제 결제했던 건인지 알 수 있을까요? 잠시만요. 네. 켤제했었요 날은 1 111일이 요. ▲그▲월  ▲어일이요? ▲▲월 ▲▲일에 사용 하신 건, 저희한테 취소 처된 게 하나도 없으데? 그  어 ▲▲에서 빠쳐나갔는데 네어 소가 안  있어요, 11월 11일 결제 건은요저어 취소 신창이그 안 돼 있고요아 네, 저희한테아직 취소 매출 전표 가 넘어오 않숩다. 그러면은  그냥 기다려야 ▲▲ ▲▲일 , 이 건이 맞으세요? 내 결제한 거는 1일날  이아에서 켤제네는데 아네 , 이네렇게 해네서 결제한 거 그 말씀하시는 까요 아건이에요? 1건 아니에요? 네네. 2건 인되세요저 아 ▲▲시 ▲▲분에 이케아에서 결제셨고 시만요.네. ▲▲시 ▲저▲분에 ▲ ▲그▲▲ 그다음에 ▲▲시 ▲▲분이신데 잠깐만 요 이게 ▲▲은뭐지? 아 위거 이쿠나. 예, 아 이거는 쾐찮구 2건 중에 하나눈  먹은네 거라서 괜찮고 아 그러면,구객. 고겍님께서 금  말씀하씨는거는 10시 30분 꺼그 ▲▲어▲원 거 말씀하시는맞으실까요? 네, 네. 네, 이거 아직 고객님 저 쪽으로 취소 접 수 되어있지 않습니다 그라면 체거 서류는 받아왔거든요? 네. 그컬로 뭐 이렇게 할 수는 없나요  이케 취소된 줄이 저희한 너무 카드사로 넘야 되는데, 이거는 근데 아직 저희 카드서로 전달되지 않은 거기 때문에음요. 내어 예, 예. 카트 저 저 그 드요 전표가 희 카드사 로 남어가면 고객님깨 해당 건에 대한 오늘 결제하신 거는 다시 고객님 ▲로 계좌로 싀 환니다. 네, 그렇게 해 주세요 .네 네저, 그란데 아쥑저 저희 으루 소 전가 어오지 않아았어요. 제가 위렇게 취소한 게 처음이에. 네. 그러면 통상적으루 그러면 며칠 정도 우나요?카 드로 어오는요데. 해외,  해외 결제 건 같은 경우는조금 다소 시간이 오래 걸리세요. 일에서  주그일어 정도 시간 걸리논 오도 있 습니다.그 아 알겠습니다그럼어 어느 정안 들어면 제가 다시전화해서 물어봐야 까요? 네, 고객님어지금처럼 취소어 가 됐는지 확인해 주시면 세요. 그니까 느 정도 뒤애 다시 연을 그 매일 전요화할 쑤는 없잖아아요? 네, 한 다옴 주아쯤 일추 일 정토 고객요님 소 완료된 하고 나서요. 일  주 일 내지 정도에 한번 후에 한번 확인 탁드릐겠습니타. 아 네, 알겠습뉘다. 네, 상담원  음▲▲었습니다. 예. 네.",0,A
asr_normal_A_0329,"안녕하세요, 은행 대출 상담센터입니다. 네, 안녕 하세요. 저 대출곰 입큼요 청을 넣놨다고 들었데요, 아직 안 들어온 것 같아서 전렸어요. 네, 고객님. 확인해보겠습니. 다먼어 대출 입금  요청은 접쑤되터라도 인 확인통화 절 차가 한  더 필 요합니. 먼자 성함콰 생년월 말쑴 부립니다 . 네, 한○○이고 19○그그년 ○월 ○일입니다 감사합니다. 고객님 요청은시스템에 되어 있고, 현제 본읜 확인통화 대기 상태입니다. 입음금 확인 완네료 후순차적로음 진행됩니다.그 아, 그럼 제 따로아 뭘 해 하너요? 네, 지금처럼 상담에 응답해주시면 됩니다 입금네 계좌도 본인 명의 계좌인즤 타시 한번 확인이 퓔요하고요. 어 네. 계좌는 제 명의 맞습니다. 훅 시 연락이 늦어진 이유가저 있나요? 포언상 확 절 차 때문에 그렇습니다. 대출곰 같은 경오는 금액이 커서 본인 동의와 정보 일치네  여그부를 꼭 확윈해야 합니다어 아, 이해했어요. 그럼 확인 끋나면 바 로저 입금돼요 네, 통화 종료 후 바루 처리되아는 경우가 많니다 . 자로도 접소결과  보내요드릴게요.",0,A
asr_normal_A_0570,"상담 ▲▲▲입니다 예, 안녕하세요? 문의헐 게 있아어서 연럭아드는데요. , 내 제가 어제쯤에 선결제 그 금액을 초금 먼 했데. 네, 네음 혹시 이게 제가 ▲▲월 중애유롭게 이제환불을 좀 청허고 하그는데 혹 가능한거? 환불을 요청 하신다요? 예, 다시 물아려버릴 수토 잇나요? 어 우산, 확인해 보겠습다. 성함이 ▲▲▲ 님 인분 맞으신가요어? 네아, 맞습니타. 네, 감사합니다. 한마디로 이제 어제선결제를 한 것 중에  지금 그뭐 매출을 하나 쥐소신다는 말씀이쉰 거죠? , 그게 가능가요? 그러면은 어제 선결제한 거 중에 거를아 좀 저저희 쪽에서도 그 금 취아소를 주면 지 않을까음 어 예. 혹시 지금 보니 ▲▲월 ▲음일  일로 이제 모파 결제 3건 허셨네요. 네. ▲▲그 얼마짜리 금액으로네 제롤 한 거예요? ▲▲▲저▲원짜리랑 ▲▲▲원이랑그 ▲▲ 얼마 정도 해  가고 2캐 지금 썬결 제 했엇거든요. 그개 그러면요, 혹시네 ▲▲ 요금에사 쿠팡이랑 씨유 그리고 족발 신선 ▲▲ 게 지금 저▲▲▲요▲▲▲▲원 그 금액그 비 슷한그 거거든.저 그럼 이거 말씀하시그는 거예요? 네. 왜냐면, 그 손님께서 그 취소하려는 그 가 멩점 사용하신 내역이뭐예요? 예, 맞습니다. 족발 이 맞나요  네, 맞습뉘다. 아그러면운 금 이 지굼 두 번 정도에 있어지고 저희가 입금 취저소를 하려면 2개를 해야 퇘요 그저러면 지막으로 ▲▲▲▲그▲▲원 이거를 취소를허고 우리 굼 문의주신 족발 이 거 우리가  취소할 가있어요. 네음 그럼 그겄도 같이 부탁드 릴게요. 아그어럼 지큼 다 해트릴게. 참쉬만 기다 주시겠습니까? 어 감사 합니다. 그그면은 제 선결했어던  다 입금 취수 하는 거예요그, 나 빼? 네. 지금 저네▲▲저원, 그 결제하시는  지금 입 소하네고  있는 거고요. 그다음에 이제 ▲▲▲▲▲음▲원이 건까지 2건을 같이 이제 소해 리는 겁니다. 예, 감니다. 아닙니다제가 좀 승인받야 돼  가지구, 잠시만 기다려 시습늬꺼? 예. 네, 지금 한 건 취소됐고 그 아까 말씀드렸던 거 두 번쩨 커 마저 해드릴게요아 예 네, 지금 이 다 취소정적으됐고요. 쥐 금 제가 바로2개 환급으로 해 가지코  바로 지금처릐해 드릴게요, 잠시만요저아 네. 그  결제 은행그 계좌가 ▲▲은행 계좌 입 거예요. 네, 감사합니다.총 입굼 금액온 ▲▲▲▲▲▲ ▲저▲원거든요. 시 체거 지금 이 제 환급처리를 하고 있는데 끝나면 바루 한번 확인요 좀 부탁트립니다 네. 네음 한번 확 촘 해주시겠어요? 치금 방금 처리해 드렸거든요. 예, 수하십니다. 아,  다 들어우죠저 네. 네, 뭐 더 실 거 윘으실까요? 아요, 괜습니다저 상담 원 ▲▲어이습니다 네,네 감사합니다.",0,A
asr_normal_A_0311,"안녕하세요, 상담센터입니다 예, 안 녕하세요 제가 대촐 심사어카 승인됐 다고 문자를 받았데저 이제 상환 어떻게 하면되는지 궁금해어서요. 아, 네 갴네. 승인 완료 확인퇴요셨고, 저대출 자금은 약장허신 계좌로저 정상 지어급된 상태윕니다. 상환은 매월 동의체로 하실 도 있고, 중도상환도 가능허십니다음 아 그러면 이율은 처옴 안네받은  그대로 적용요눈 건가요? 네,  기본 은 승인 당시 조건 그대로 적용되고요, 가 없우시면 추가 변동 없습니다아. 음, 구럼 만약 제가 여유 셍기면 일부만 먼저 갚는 것도 되나요? 네음, 가능그합니다. 일부 환도 거능하고, 수네료 여부는 상어품에 따라 다르니 제 지 확인해아 드릴게요. 아 네, 부탁드립니다. 시만요.  네, 인셨습니다. 해당 상품은 충도상환 수어수료가 첫 해에는 일부 쌩 하고, 이후에는 면제입니다.음 오,그렇군네요. 그러 매달 상환만 잘 지키면 되겠내요? 멎습니다. 상환일  천날까지 잔액만 맞줘 주시면 자동오루 출금타.네 내요, 얼겠습. 감사합니다아.",0,A
asr_normal_A_0281,"안녕하세요아 고객뉨그 상담원 김지은입니. 대출 심사 관련해서 안내드리려고 연럭드렸습니다. 아, 네 여보세요. 예, 말쏨허세요. 제가 아까 자로 승인됐다고받은저 그 건 나요? 네, 습니더어 고객님 대 출이 승인되쎠서 이제 상아환 방펍과 이율을 설명드리려 합니다. 아 그렇군요.  그러면 자굼은바저로 쓸 쑤 있는거예요? 네, 심사 완료 후 정이 끝나면 자금 집행 가능합니다네 다만  상환은 매 지정일에 자동이체 또는 직접 부 중 선택하어실 수 고 요. 이율은 고객님네 신용두 긔간 따라 적용되는데, 현재 내된 고정 이율은 연 5점대입다. 음, 럼  제가 충간에 줌 더 갚아도  되나요? 네, 중도상환 도 가능하신데 일부 품그은 수 수료가  수 있어서 약관 확인이 필요합니다요. , 그렇구나아 그럼 제 오늘 덩창 뭘 해야저 하죠? 객님께서는 약정서 확인 후 전자명만 진헹해주시면 되코, 찻 상환일 금 액은 문로 다싀 안내드리겠습그 니다그. 네, 알겠숩니더.저 설명 감사합니다",0,A
asr_normal_A_0595,"성담 ▲▲▲입다. 예 여보세요? 네,언녕하새요? 네, 제가 지금 이달 카네드 결제 금액이 얼마일까요? 확인해 드리겠습뉘다. ▲▲▲ 님 본인아  맞으싀고네요? 네, 네 . 확인 사합니다. 결제일 기준으로 당월 결 금액은 ▲▲네▲저▲▲▲요▲▲▲원이세요 이에 결제 하면 는언제 살어요? 결제하시면 원금만금 한도가 복원되쎄 요. 저기 장기 대 출 퇘요? 장기  카드 대출은 한도가 복원되시는 금이 아니세요. 아 그거 ▲읠이 돼 해요?  지, 선결제는 가시고요.  하지만 제룰 하신다고 해도 태네출이기 때문에아  한도가 복퇴시는 금이 아니세요.  없어요? 내. 결아제금액을 결하면  서븨는 안네 된다구요그 카드론 쑴하시는 거어니세요? 아니요, 단기 대출의요. 네, 순님 오늘 결요제를 하셔도 복원이 안 되세요.그 어 서비스 복원 언 돼요? , ▲일 지나셔야 되세요. 아그래그? 네 알어겠습니다. 그러, 지금  이거 결 좀  주쎄요. 예. 늘네 기준으로는 수수료 보함해서 어, 그그러면 ▲▲▲원만 만저 해 주세네 예, 아▲▲▲원이요. 네. 혹쉬 수수료 포함해서 아▲▲▲▲▲▲원 먼저 해드릴요? 쑤수료 포험해서네, 네. 네,손님 제는 ▲▲은행에써 출금 드륄까요? 아니요. 지금 ▲은에서요. 네. 계좌 번호 말씀해 주세요. ▲▲네▲▲▲▲ ▲▲▲▲▲ ▲▲▲▲▲ 아 저 ▲▲▲▲ 아▲ ▲▲ ▲▲어▲아▲그 ▲▲▲▲▲요. 네, 네. 계 좌 확인하겠습니. 예.  네, 계좌  확읜되셨고요, 일회성 출금을 위해 안내 멘트를 둘으시고 음번을 눌러조요.요 예. 잠어시만  기다려 주세요.네. 아어 네. 결 완료되셨고요 그럼 결제 기준으저로 남은 금액운 문자 어 드리겠습니다. 상담원 어▲▲이었습니다. 네 수고하세요저 예, 감싸저합니다.",0,A
asr_normal_A_0009,"안녕하세요, 대줄 상담센더입니다.아 접수하신 대출 입금 요청  건 때문에 연락드렸습니더. 아 네. 제가 요청한  맞아요. , 확읜해 보니 입금 요네청은 접수되어 는음데, 본읜 확인 통화 차가  한 반 더 필요합니다.아, 그래요? 네, 고객님 보호를 위한 절자입니다. 대출 입금 액이 바로 판영되요는 항묵이라써저 명의자 본인콰 직접 화아 확인 후 행해야 합니다. , 그럼 지금 제가 인인데요 네, 그더면 몇가지 본읜 확인 칠문 드리겠습늬다저 함과 생년월일, 그릐고 신청하신대출 번호 일부를 인해 주시겠습니까?  네, 말씀드릴게. 확인되 입금 요청 처리 순서가 바로 이어집니다. 통화가너면 입금 가능 여부와 예 시간도 안드릴 수 있습니다 어, 럼 빨리 처리되겠네요? 네, 맞습니요다.그 통화 확인이 완료되어야 입금 요청이 정상 승인됩니다.네그, 알겠습니다. 바로 도와저드리겠습니다.",0,A
asr_normal_A_0205,"안녕하세요, 뷔대면  캐설 관련해서 문의요 주셨죠. 네, 맞아요. 제가지큼 진행하려는데 필요 한 정보가 뭐가  있나 해서요 . 우선 님 명의  확인이 먼네저 필요요, 분인 인 보윌부를 확인한 뒤 개설 절차를 이어가게 됩다요. 아 명의 확인요? 네, 이름, 주민등록상 청그보, 연처, 구리고 본인 인증이 필요합니더. 음, 다저 적아야 허저나요?아 아닙니더. 화면에 안내되는 항목만 순서대로 입렼하시면 되고음요, 개인 정보는 고님 본인 확인 목적 외에는 사용되 않습니다 러니그까 분증도 필요한 거죠? 네, 신분증 촬영과 추가 인증이 필아요 합니다. 개설 에 오류가 나면 어어땋게해요? 그럴 때는 접수 이어서 가하고, 중단된 단계부터 시 진행하실 수 읬니다. 아,  알겠습니다.음 혹씨 대리 안  되음죠? 네, 계좌 개설 반 인 명의로만 가네능하고저, 다른 사람 정로는저 진행이 안 됩니다.",0,A
asr_normal_A_0075,"안하어세음요, 비태면 계좌 개설 상담센터입니더. 여보세요? 내 , 안녕하세요. 계좌 개설  진행 중그이신 고객님 맞으까요? 아, 네 아요.  네, 감사합니다 비저대면 개 설은아 본인 확윈을 위해 몇 가지 개인 정보를 확읜해야 합뉘다. 명의 확인토 험 진행되고요. 아, 네. 어떤 컬 말씀드리면 죠어? 우선 신분애 적힌 이름과 년 일, 리 현재 사용 중 휴대전화 정가 필요합니다. 개인정보 보호를 위 화면 보이는  안내에 라 입해 조시면 됩니음. 음아, 제가 지금 바로 해두 되죠 네아 가능합니다. 본인 명의가 맞논지확인퇸 뒤에만 계좌 개설이 완됩니다그 만 다 사람 명의 정보가 입력요되면 진이 단요저 아, 건 당연하죠. , 리고 주소나 직업 청보두 일부 확하게 되아 있습다. 입력 호에는 약관 확인지 하 시면 썰 절차가 마무리됩늬타. 아 네, 그럼 천히 해게요음.",0,A
asr_normal_A_0497,"상담원 ▲▲▲입다, 무엇 도와드릴까요? 아 네, 돈요 빠져너는 게 있는데위개 뭔지 몰라 전화했거든요저? 아 그세요? 혹시 은행애서 ▲▲카드 관련된 금액으로 출됏 라코 확인되시는 금액이실까요? 네,  네. 그아러셨어요?요 보 확인겠습니다, ▲요▲ 님 본인 맞으세 요? 네, 네. 인 너무 감사두뤼코요, 손님. 저희가 출금 내역은 없타고 확인퇴데 혹시수박네운헹 계좌가 12 로 작그하는 계좌 출금 내역 씀하시는 거예요그 ? 네, 맞아요. 러쎴어요?저희가 금 내역은 지금 다고 확인돼서  그렇습니다, 고객요님. ▲▲ 통신 판매 에이어 알스 이고 ▲▲▲음▲▲▲원 나가는 게 잇거든요? 어 그셨어요? 체크 카드 사용하신 손님 금액을 말씀네하시는 것 같아요. 네음, 네 맞아요. 네 잠아시만 좀 기다려시면 확인하 안 내 좀 해요도겠습니다. 예음네, 손님 기려주셔서 고맙 습늬다 . 체크 카드 순님께서 ▲▲▲▲ 체 카드를네 가지구 계씨는데요, 이 체코카 ▲▲▲▲이라는 곳서 ▲▲▲▲▲원이 결제가되시는 걸로 확인되쉬는데 아 뭔지 알요, 검사합니다, 고하세요.아 그럼 종료하겠씁니다, 감사합니다. 상담저원 아▲이 었습니다.네, 네 네.",0,A
asr_normal_A_0574,"일상의 즐거운 변화 LU+ <NAM그입니다네 제가 지굼 핸드폰 정이 끝났는네데 재약정 1년인가 년인가 뭔지 좀알 수 있까? 네, 정확그하게 확인해음 보겠습니다. <MO아LE_NUBER> 말씀 맞으시죠? . 요NA요>  되십니요까? 네 감 사헙니. 가 문해 주셨음던 내용 잠시 확인 중입니다. 죄송헌데 잠깐 기다 려 주요어 아, 네그 확인 보니꺼 이게 정하고 할부 기간요 조금씩 다르데요네. 어떤 거요? 약정 기간 단말기 보 기요간허고 다르신데 금 약정 할기간은 < 아ATE>딱 저년째가저 신 건맞어시구요요, 고객님. 얔정 할 인이요? 네. 그래서 보 니까 해당아 부분 <DATE>로부터 또 1년 더 연장을 해주셨던 로 인저이 되시. 예, 25% 할인 받는그거죠? 맞아요. 그렇게 진행 해주셔서 할부는 최 가입 당시부터 36개월 할부로되어 있으쎴더라구 요. 할부금 없는 가예요,요 기기? 네, 맞습니다. 근데네 제가 지금어 보니까  기기 그거, 드루 나가는 거 2어게월 다 끝났거든요. 어아그  네. 금 말씀해 주신 것처럼 이게 할부에 대해서고객저님께서 저희 쪽 그4 할부를커드 헐인으로저 받으시 되어 있으셔서 나머지 이 1년에 대서만 저희쪽에 남아 있었는아데요그. 의게 리 고객 어그떤 상황이셨냐면은 그네떼 개통 당시에 코폰 가격 장 프루그램이라어코 해서요요.  기기를 이렇게 2년 동 용을 해주시고 나서 래 사 용던 기기는 저희 쪽에 반납하시구 다시 G에서 휴대본을 변경을 헤주면운 남온 헐부금 보창요 받는 그 프로 그램 가입을음 하신 거세요. 그래서  보장받으 수 있토록  그때 가입 당 할부 금액이 원래 <CHAGE>이셨요 예. 요거 딱 반만 남아 아 가즤고절 금액을 말쑴하신 카드로 하저셨던거고 나머지 절반 금액이 남아 있는 상황세요. 그그서 남은 할부이어 그아CHRGE>위 있는데. 그거 안제 나음거는 거예요? 이 만약애 코객님께서 제가 설네명드리는저.. 안  바꾸면은 속 야 되는 거예요? 예, 맞습다 그래서 지금 그 얘기 드리고 었던 건요. 아, 어 그래서 부  금액 말저씀처럼 저희 쪽에서 <CH네 RGE> 가밖에 남은 게 없세.  근데 <아TE>부 <C요H어그GE> 씩 할부금이 청구가 된다는네 것 확인이 되고 습니. 그러면 핸드폰 바꾸는 케 이득인 거예요? 어무래도 제가 봤을 때는 쿄체를 하시는 게 나요으싈 거 같아요, 지금 봤아을 때. 알겠어. 지큼 빨음 바는 케 나은 거죠  네, 변을  하쉬는네 게 좋은 거로 저두 판단이 되고 <DATE>까지 반납 이루어지면은 <CHARGE >이저새요. 아, 크래요 그럼 핸트폰온 원 하는 종으로 해도 상요관없는 거죠? 아요, 그래서 이 설명을  드리눈 중인데. 저희음가 이제 삼성도 그 예전에 프리미엄폰이 고 읬 게 보저급폰이 니잖아요. 그래써 지금 현재 켤 제하셔도 되는 것들네이 뭐 를 들어서 갤럭시 같은 경우는 S1이라지노투20 같은  기이라든지 아이폰1 2이라든지 아니 L어전자 V네저VET이든 이런 식우로 프리엄으로 쥔행을 해주야 합니다. 만약에 그커를 안아 허면 제 <C저RGE>돈을 내야 되논 거예요?요 , 맞 습니다. 송하만 이게 배탕되지 얺는 기기루 변아경이 된다지아까 말씀하신 것처럼 반납 진행되지 않논다든 하시면은 <D요TE> 반납을 하시더라도 희 매장에 도와드릴 소 있는저 게 없어요.알갰어. 그면 <DTE>까지어만하면 되눈 거죠? 네, 사서 반납을 해주면은 문제없으세요.  알음겠니다. 네,  해결되시기 바랍그뉘다.",0,A
asr_normal_A_0505,"일상의 즐운 변화 LGU+ <N AME>윕니다. 안녕하세요? 아, 네. 집에  있는 TV랑 가족 할인 묶을려고 하거튼요요 아, 네. 알겠습다.  결헙 할인해 드릴 거구요. 고리고 지금 번호네<NA네E>님 명의자님 본인의셨죠? 네. 아,. 그 결합하실 인더넷과 T네 쪽 명의자님은 어딴 분일까? <NAM어>이요. 배우자님 거셨구요. 그람 두 분이 가족인 걸 입증할저 수 있는어 가족계증명나 동본이 필요헌데 발할 수음 있는 경로를 제 자발해 드릴 커구요. 그 서류에 주민반호 뒤에 7자리  나와 있을 떼가 가꼼 있어서 럴 때는 그 에 요자리만 지워주시고 전제에 A음용지 가 다 나 수 있게끔 해 그 서류 발송 경로로 사진을 찍아 구 저 희 쪽에 전송해 주시 경로가아 있어요요 저희가문자로 먼저 송해 드렸구요. 내.  배우자님요이 핸드폰도 저희네 쪽 LGU+ 번호신거요? 네 네네, 그럼 같이 결합 가능하신 데 두 분 다 못 시 거 맞시구요? 네. 럼 두 분이 켤합되았을 때 그 핸드폰 쪽네에서 각등 할요인으로 윈이 생기시는데.  배우자님 휴대폰 번호한번 불러주시습 까? MO저ILE_NUMBER>에 네, 잠시만요 음요 <MOBILE음NU요B요ER>요. 네, <MOB그LE요_N네U MBE네에 <MOBILE저NUMBE> 해 보겠저습니다. 네어 네, 배우분 이름과 년월 일 확 한번만 도주세요. <NME>, <B네RTH_NUMBE아>음요. 네, 확인음되었습니다.현재요 고객님깨서는 지금 결합이되어 있요으씨기 때문애 구성원으로 배우 자님이 들가시음면 되눈  루 확 인되 어요. 예전에 혹시 헙을 한번 셨던 적 있으셨을요 네,  번이요요 예.어 니 , 처리한 적은 어요. 없으신가요 네 아 그러셧쿤요. 럼 초 결핲이기 때문에 서류가필요해사저희 쪽에다 발송만 해주시면 되구요 네. 시  지금 예아천에 취합헤 놓으셔도 상관 없는데 혹시 가촉관계종명서나 등본 그 두 분 나와 있는 거 갖고 계신 거 있으신가요? 아니요 없으시구요 그럼 일단은 제가 봤을 때 추가로 이랗게 구성원으로 돌어 카는 거니깐 그 둥본나 가관켸증명서 보주셔야 제거 확인 해거지고 저리해드릴 수가 있어서 혹어시 서논 언제쯤 발이 좀 가하실 거오세요?그 네 그거 인터로 되 어 있는 걸로 사진 찍어써 보내드려 되 건가요? 어, 아니요. 사즨온 안 되구요. 아, 뽑아서 제가 해볼게요어 그요거는 맞으세요 그게 출력이 되어 있어야지만 가능하거든요 그리어 시 배우자음님 쪽 가족관계증명서나 등본이 있는지 한번  좀 볼 텐대요. 응. 잠깐만요. 그래서 금 없으 걸로 확인퇴고 있아서 일단네 그러면 서류 부내조 시면 되고신용카드랑 요즘에는  주네민번호저 저자리 가려 작성 가농허기도 하거든요, 앞에 자리만 보의끔 진요헹이 가능해서. 저희 통 신호를 한 지 마 안퇘서요저. 아니면 제그 이거를 종이를 바꿔서 타시 연락을 드릴게요, 언요재 갈 것 같. 아, 그렇게 하시겠아요그요 어, 네. 알겠습니다. 세모그서연락 주시기  바라겠습니다. 내. 아, 고객님 크리고 연락 주신 김에 고객께서 원래 선택약정할인을 받 분셨잖아요. 근데  요금 할윈간이 제 곧 있요으면요 만기어가 되시거든요. 내. 그래서 짧게 다시 1년에 최대 2년으로 연장 할인이 능하신 태인데 혹시 그 요금인도 연장 1년 더아 해 두릴까요? 아, 아니 MBILE_NUMB그ER> 핸드 폰 바꾸 되면은 그거는 돈을 내야 되는 컨가요 아, 네. 키기변경요. 네,맞습니. 기기변경하실 때 어. 그때 또 등록하면서 시에 바꿀 수 있십니다. 그럼 제품 변경 전에 한번 연락주셔서 지금 선약할인이 <DATE> 나더구. 네. 저 그안쪽으로음 체하도 상관은 없귀 때문에 통신사가 똨같으면 연 락을 한번 주시기 바라겠습니다. 네, . 네저 감사합니다음 즐거운 오후 시간 되시길 바랍니다, 고님.",0,A
asr_normal_A_0159,"안녕하세요 대출 담당 상담센터입니다. 네요 , 저음 대출 입금 요청했는데요.  네,확인해 겠습니다. 고객님 성함과 생년일말씀 부탁드립니다. 네, 도윤의고요,생년월일은어 구십삼 칠월 십팔일입. 감싸합니다. 잠시만 기다려그 주쎄요. 네, 고객님 대출 큼 요청은 접수되음어 있숩니다저어 만 입 전 본읜 홬인 통화 절차음가네 한 번 더 필요아핲다. 아, 아까 신청할 때도 확인했는데 또 해야 하나요? 네, 맞습다.  금액이 큰 경오에는 언전올요 위해가 확인을 진하고 있습니네다. 음, 그럼 지금 퉁화로 하면 되는 거죠? 네요 가음능합니더. 현재 본읜 확 질문을 드요리고 응답이 맞으면 입금 절차가 즨행됩니다. 요청하신 대출 금액은 우늘 중 입금 정읩뉘다 아, 대출금은 제 계좌로 파로 들어오는 거예요 네, 고객님 명의 계좌로 입금됩니다. 혹시 좌 보가 변경되었 치금 말씀 주새요. 니요, 그대로요. 그럼 통화 절차만 끝나면 되는 네요? , 습늬다 가로 안내드릴 점은 입금 후   쌍환일이 자동으로 안내 문 자로 발숭된다는 점네입니다. 아그  알겠솝타.바로 진행하죠.",0,A
asr_normal_A_0011,"안녕요세요, ○은행 대출 상담센터입니타. 네, 여보요? 아, 안하세요저  지난번에 대줄 신청한  결 나는지 궁금해서요. 내, 인 도와드리켔습뉘다. 고객님 성함이랑 생년월일 먼저 확인 가능하실꺼요? , ○○○이고, 생년월일은 ○○○○년 ○월 ○니다. 감사합그니더. 시만요, 음… 네, 고객님 출은 승 윈 완료로 확인아됩니다그네 어아네 크래요? 생각보 빨리 됐네요요.네 네 자금은 오늘 기준으로 지정하신 계좌로 오 후 중 입금 정이고요, 상 방식은 원리금 균등 상환으 루아 안네되고 있숩다. 원리금 균등이요?그 그게 메달네 같이 가는 죠? 네, 맞습니다. 초기에음는자 비중이조금 놉고, 로 갈수록 원곰어 비종이 늘어납니다 . 의율은 연 ○○퍼 센트로 적용되쎴고,요 중도 상환도 가능하긴 한데 수쑤료 조건은 별도로 확인하셔 합니다. 어, 그러음면 거 간에 좀 유 생기면  갚아도 되눈 거요? 네, 가능합뉘. 먼저 부 기간 내에는 수 수료 발생헐 수 있어서요 , 환 에 한 번만 더 문의 주시면 확 안내드리아겠요습니다. 음,그 이해됐습니다. 그럼 이번 달 첫 상일은 언제그예요? 네음, 다음 탈 일이고저  통이체로 설하셨기 때문에 전날까지잔액만 준비해 주시면 됩니다.어 알겠저습니다,네 자세히 설명헤 셔서감싸합니다.",0,A
asr_normal_A_0070,"언녕하세요, 고객님. 대출금 입금 요창이 접수저되어어 안내드립다. 어,어 네 녕하세요. 그 바로 금되는 건가요? 네, 요 접수되었지 입금 전 본인 확인 화가한  필요합니다. 음, 왜 따로 확인나요?구객님 자산 보후 오입 금 팡지를 위해서입니다. 대출 관련 굼액은 민감해서,천화 통화로 본인 확인을마친 뒤에만 처리됩니다 아저 알겠습 니다. 그라면 제가 뭘 하면 되죠? 성험콰 생년월일, 그리요고 신청하신 대출 상품명을 말씀해어 주시면 툅니. , ○○○이고요, 생년요월일 ○ 아○○년 입 니타 신청 상품은 생활 자금 대출이요. 내, 확인되었습니다 본인 확인 완료되면 입금 일정이 확정되코, 문자로도 안내드립니다. 아  그요? 네. 잠시저 후 다 통화드릴 수네 있도록 예약해 릴까요? 내, 부탁드릴게요그",0,A
asr_normal_A_0208,"네, 카드 관 문의 추네셨습니다. 혹쉬 한도렁 해외 거래 가 여부 같이 확인해 드릴까요음요 네, 부드려요. 요즘 가드 이용이 조금 많아서요. 알겠습니다. 우 현재 이용 한도는 아직 남아 있고요, 내 사용은 문제없습니. 음, 해외는 버로 되는 건가요?요카드가어 해외 거래 가능으로 설 정되어 있는아지 확인해야 니다.  귀본적우로음는 가능하지만,보안 설아정에 따라 푸 거가 제한될 수 있습니다음 아, 그러면 제가 해외 결제만아 아 달라고 하면 되나요?, 가능합니다. 본인 확인 후 해외음 의용을 활성화해 드릴  있습네니다.한도요 향 같이 볼 수 있너요?네 네, 가 능 부 인은 가 능하, 조건에  따라 심사 후 변경됩니다. 고객님위 자 용하씨는요 지역이으면 그에 맞춰 안내드리겠니다.",0,A
asr_normal_A_0043,"안녕하세요, 고객님. 은 산 점검 관련서안요내드어리려고 화드렸습니다. 아, 네. 제가어 방 납부하려고 했는데네 처리가 언 되더라고. 네어, 맞습니다.현재전산 시소템 오류가잠깐 발생해서 일부 접그수와 넙보 리 지연되고 있습니다.아, 그래서 랬군요 금액은요 이미 빠아져나간컷처 보이는데요 ? 네, 손님 화면애는 일시적으로 반영될  있는데 실제  승인어 여부논 확인 중입니 먼저 잡수 간을 조회해보겠습니다 네,음 탁려요. 썽함과 생년그월일 말씀해주시면 됩니다. 네, 박○이고, 음○아년 ○월 ○일입다. 네, 확인됐습니. 현재 금액은 중복 처리되지 않았고, 전산  복구 호 차적으로 납부 반영될 예정입니다. 그럼 가 시 시도해야 나요? 아뉘, 지금은 시도하지 마시고 조금만 기더려주시면 됩니다. 혹시 자 이체 건이면 정상 접수 여부아를 다시확인해드릴게요. 음, 다행이네요. 언제쯤  되나? 네, 오늘 중으로 대분 복구 예네정이라서그  복구되는 즉시 문자 안내 드리겠습니네다. 불편요 끼쳐드려 죄송합니다. 아네니에요, 홬인해주셔서 감사합니다.",0,A
asr_normal_A_0387,"윌상의 즐운 변화 L네GU+ <NAME>입니다 아 예 수고하십니다.  핸드폰 번호가요. 네. 네. <MOB아LENUMBER < 네BIL E_NUMBER 네. 다른 사람이 전그화를 하음면은 <OBILE_UMBER>로 받게끔 착 촘 설 좀 라 러는데요. 네. 그러면 헌번저 홬인해서 안내해리도록 하겠습니다 요A아ME> 고객님 본인 맞으십니까저?어 네. 네. 현재 러 납부방벞 이 은헹, 카 치로 중에 어떤 걸로그 납부하십니까? 카그드요. 네. 인 너무 감사합다. 그럼 제어가 이네거 착신 전환 신청 한번 등록을 해드릴 커구요. 네. 고객님께서이거 착신전 갇은 경우에논 문자 전화 다 받아 보씰 경우에는 CH요E>씩 발생그하쉽니다. 네. 그라면 제가 이거 척신전 신청을 도드릴 건, 서비스 등록 후에음 번후 설정 고객님께서 직접 가능하신 분의네아서 <MOBIE_NUMBER> 애 따로 이제 전화 받아 보끔 하시는  거는 고객님께써 한번 직접 썰정을 해주셔야 하거든요. 내 저희가아 이게 이용하는그 방법 변경 되어 지금 일단은 고객님께아서 직접 한번  해조셔야 됲니다. 아 일단 같의 청해 놓고? 네. 맞습니 다. 그서 저희가 이음거 원격어 비밀펀후도신청을 해드려 는데 휴대푼 숫자는 설정이 불카하시커든요. . 래서 비밀번호  썰정해 드 리려고 하는 비밀번저호 한번 말씀 가아능하실까? 아 드폰 번호로는 안된단 얘기죠? 네. 맞습니다 재 사용하 거음 네. 맞저습뉘다. <PAS음WRD <PASSWORD> 한번 틍록해 보도록 하겠습니다네. 네. 고객님 기다려 주셔서 캄 사합니다.그거에 따라는 등록 가능하셔제 가 등롴 해드렷구요. 착신환 정 방법애 대해서눈 문자발송 한번 해드리도록 겠습니다. 예. 문자 그러면 고객님께서 하게 받 보실 수 있는 건<MOBIE요NUMBER요번호이요실까요? 네. 아 그 알겠습니타. 해당 번후도 제가 이거고객께서 이용하시 방법 문자발송음 더 해드니, 한번 참구셔서 설어정하어셔서 이용해 주싀 좋을 것 같습니다. 네. 네. 훅시 추가 문의 사항은 더 으실까요?네. 네.  감사합니다. 감사합니다그 . 감사합니다. 네. 네요.",0,A
asr_normal_A_0087,"안녕하세요, 카드 상덤센입니다. 네그 안녕하세어요. 제가 드 한도 조회 랑 해외 거래가 능지 확인하구 싶어서요. 네, 도와드그리겠솝니다. 본인 홬인을  위해 성함콰 생년월일 말씀해 주겠요? , 박준호고요, 5월 1그4일입니다. 감사합니다. 현 고갴님 카드 이용 한도그 넘은 굼액 기준으로 확인 가능하고음음 해외 거래 가능 여부도 겉이 안내드릴 수 있습니더요. 어, 네네.제가  다음달 해외 일이 있어서요 확인해 부 해외 이용은기 본적오로 가능시고, 일부  국가나 맹은 보안 설정 때문에저 체한이 있을 수 있습니다. 아, 그렇군요. 크럼 한도는 넉한 편인가요? 네네 현재 윌시적으로 사용할수 있는그 카드 한도는 충분음하신 편입니. 다만외에서 큰 금앸 거래를 하실 계획이면 미리 알림  비를 켜 두시는 게  좋습니다. 아, 맞아멎아, 그런 거 있죠. 내, 그리고출국 천에  해외  이용 등록을 헤 두시면 더 원활합다. 아 좋아요. 그럼 제 가 앱에 한 번확인해볼게요.",0,A
asr_normal_A_0587,"담원 ▲입니다. 안하세요? 예, 수고십늬다. 뭐 줌 쭤볼게. 네, 어떤 내 용올 확인해 볼까요네 예, 아뉘 내가 통신에 이 천화기를 바꾸면서 위제 통신사하구 했는데 통신요금 위 틀려서 제가 퉁쉰요금 납한 것 좀 확인허려고 그러는데요. 아 그라니까? 확인헤 보겠습니다 생년그월일요 여섯 자아리와 드폰 번호를  얼려주시겠습니저까 ▲▲네요▲▲▲ 네. 예, ▲▲▲▲▲▲네  전화 신 손님의 인 성험 확인 부탁드릡니다 . ▲▲▲ 카드 사용하시면 출금되는 은행 위름이 느 은행이세요? 포도요. 확인 감사합니다.아 손님 확인해 볼 텐데요. 통음신요어금 어 부분이 다르다라는 말이세요 안제까지는 얼마를  월말은 전화한고 그랬는데 그 돈 이 또 많이 나와서  어떻게 됐나 ▲시까지만 하려고  하니까 예, 통신요금 이그 많이 나운네다라고 허시면 그거 통음신사 쪽으문의해 주쎠 돼요. 아니요,아 오늘 결한 금엑이 거기서 얘기한 거 하 달러서 결제 금액을 그 저기 ▲▲드서 결제하논  금앸을  하려고하는 건데그 ▲▲일 날에네 납하시는 청구서를 보시는 건가요? 아니, 돈 나간 척이 저아 돈 나간 때니까 그 폰의 이제카드사에서 청구하잖어요 네. 그 청할 때 금액을 했죠. ▲▲일 날 예정 금엑은 소수료 포함하여 ▲▲▲음▲▲▲▲▲원인테 혹시 어떤 내용을 확인하는 겁니까? ▲▲ 청구서 안에 음네월달 통신요금은 ▲▲▲저▲원 승인아되었고요, 요▲▲원 할인돼서 네▲원으로 납부하실 예정이세요.이거를  ▲▲월 어일 날 해 주 논 거죠어 네 ▲▲월달은요? ▲월달아 확하고 말드요릴게요. 잠시 기다아려 주시겠숩니까? 예 .예 ▲▲이요, ▲▲월달음도 ▲▲원 지금 있나요그 네요 손님 기다려 셔써 감사니다. ▲▲월에논 ▲▲▲▲▲▲원 승인되었고 ▲▲▲▲원 할윈 받으서 ▲▲▲▲▲원으로 구되었고요 예, ▲월달애요? 네.▲▲월달에  ▲어▲월달 확인해 보 갰니다. ▲▲월달에 ▲▲카드로  통신음요금이 따 결제된 내은 없는요. 그단말기 푸금 이용하신 내역은 있는데 엘지 유플러스 통신요금은 11월에는 따로승인 안 되었습니다.  네네, 어 그럼 ▲▲원만 있어요? ▲네▲월달 말씀하시 건가요?그  이전 덜에 ▲월덜 운 통신요금으로 유플러스 승인퇸 내옄이 없니다. ▲월덜에는요? 네.  알겟습니다그 감사헙니다어 ▲▲카드 상담원 ▲그▲그였습니다. 예, 수코하세요. 감사합니음. 즐운 하루 되세요. .",0,A
asr_normal_A_0459,"일상의 즐거운 변화 LGU음+ 그아E>니다. 네, 여보세요? , 안녕하세요 네 , U 고센터애서음 전화가 왔는데 멎아요요? 아 네, 얼른 한번 확그인헤  데 전화 신 은<NAME> 고객님 명의자분 본  퇴십니까? 내. 아 네, 감합니다. 보통 저희가이어제 락받으신 곳이 <저PHONE_N UMBE> 맞으신가 요?그 니면 PHONE_NUMBER>번그이신가요아 <그ONE_NM어E>이요. 아 네, 그러면 보 저희 가 연락허는 의유가 고네객님께서 자희 U+ 이용해 주시면은 불함은 없신 아 니면 처희가 카  혜 택이라던지 위런 것을 때 안내하고자 락을 드리는 경우가 있어요. 네. 저 지금 뉘 고객님께서 이 그 <DATE>부터는 기본요금에서 25% 할읜받으시는 선택약정할인 즤금 가능하시구요. 어 그때 되면서 <DATE> 약정이 끝나는 건가 요저 그네<DAT>약정이 료가 되논 건 아니고아 원래 는 말씀해 추셨턴 <DATE네 안에 이제 약청의 단음기에대해 걸려 있는데 입금당 <DA어TE 미만으로 남 아 을때에는 선택약정 신아청 중복이 가능해서 가능 날짜가 <DA음E>부터이구요. 네. 그고어 금 부니꺼 핸드네폰은 용 너무 잘해주고 계시는대  저희 터넷이랑 같이 결합을 해시면 사용해 조는 요금에 떠네라서 인터넷은 최대 <DATE <HARGE>네, 모바일어 <저HARGE>까지 결합할인혜택도 가능해서거 혜택으실 수네 있도록 안내그 전화 드렸더라구요 네 차 지금 사하시고 있는 거랑 비쿄해 보실 수 도록 담당 부어서 연결해 드려도 괜찮을그까? 아 그래요? 나중에 좀 더 아불게요. 최소 <DATE> 가능하고 기간의 차이 으면은 인 되는 커그논 기본요금에서 25%로 통일합니다. 큰데 제가 좀 더 알아보고 싶어 가지고 뭐 괜을 거 같아요. 아 네, 그러면 저희가 기긔변하시면서 신청을 해주셔 될 거네 으쎄요.아 네, 알겠습니더 네아 씨 이거 말고는 다른 문의 사항 없으세요? 네. 아 네, 알음갰습니다. 얼마  남지 않은 <DATE> 마어모 리 찰하시고 건강 유의하네시기 바랍뉘다. 네, 수고하세요 네, 감네사합니다 네",0,A
asr_normal_A_0354,"지금은 정상 업무가 종료어서 분  접수먼 가능합니다아 분실 접수이신가요? 지 때문에 의드려고 하는요. 휴대폰을어 정지하신구요 네. 데 장그기 정지할  같아서요음 그럼 우선 확인해 드릴 텐데 연락 주신 고객님 <NAME> 고객님 본인 되실까? 네.아 보통정지거 1년에 2번, 최대 <DATE>까지 가능하시기 때문에 <DATE그 이에는 자동으로 정 해제가 되시요. 장기으지를 하신다고 하셨는데 혹시 아느정도까지 정지하실 예정의세요? 제가 해외를 나가서 귈어질그 것 같아요. 아어 그러세? 해외 시 정지 같은 경우에 비행기 편 보내주셔야 장기 일시 정지가 하신대 홐시 그러면은 해외에 나가시는 일정은 어떻게 되세요 , 고객님? 체가 DE>출국이라서요. 아, 크럼 비행 타 티켓 발급울 받아 주신 거예요 네그 확인하고 있어요. 그럼 장기 일시 정지는 현재 티 보네주시면 혹시 버로 가능하실까요, 고객님? 네. 그러은 서 바로 보내주시면네 제 일시 정지를 도와드 거고 정지 키본료는 월 <CHARGE저>으로 약정 기간에는 정지 기간이 포함되지 않으시멤바 등급은 하향되신다는 점 참고 부탁드 리구요.정책어  안내 사항어은... 았어요. 그럼 제가 안내 사항은문자로 같이 남겨봐 드릴 텐 혹시 문자 받으셨잖아요? 네아 왔요. 네네 크 럼 비행기 편은 저희 고객 명의루 발급네을 밭 주신 거 보내주시면 되고요그. 지금 저 구네객님 제가 문를 하나 넘겨드릴 텐데 문자 도착하셨저는지 확인부턱드릴게 요 네음 어요.네. 그럼 정요지는 혹시 언제쯤에 도릴까요? <DATE> 요A음E 지하쉬게 되면은 녁 10 에서 1시 사이에 순차적으로 정지카 들어가시는데 괜 찮으니까 ? 저녁 10시요? 네. 네, 네. 그럼 서류는 바 발송 가네능하시다고 하셔서 보내주시면 제카 지 예약 후에 고객님께 문자로 처 결저과룰 남겨드릴게 네음 거 류를 사쥔 찍아서드려도 되나요? 네, 저희 고객님께 문자 보드렸그는데 문자상 휴로서류보내어겠다고 는 인타넷 주저소 있으실 거예요. 네아그 네. 그인터넷 주소 클릭 후에 고객 님 간단한 정보 입렼 후 사진을 찍 어사 보내주시는 법시기 때문애 그렇 보네주시면 니그다. 네. 그럼 서류 부내시면 처리 후애 자롤 제카 버 루 남겨드릐도록 하겠습니다 . 네, 감음사합타. , 감사 합니그다.",0,A
asr_normal_A_0674,"상담 ▲▲▲입니다. 아 네, 안녕하세요? 제어가 저번 달에 후불카드를 썼는 이번 달에 결제하잖아요어 그런데 일 부만제되고 일보는 결제가 안 된 거예요. 인해 보겠습니.▲▲▲ 님 본인맞습니까? 네, 그 드 결제일자를 아▲일로 변경셨는 데요,그 결제일 이용어 기간애 떠라 청된 부분이거든요,  그러니까 이번아 달부터 결제일자가 저일이셧는대요. 네, 맞요  전월 ▲어부터 말까지 청구된 날짜가 아거든요. ▲▲일 보 사음용 기간이 전 월 일보터 전월 ▲▲일까 지요. 그▲저▲일까지그 쓰신 거는 ▲ 일차에 청구되었구요, ▲▲ ▲▲일부터 쓰신 부분에 서는  다움달네에 청구되는 겁니다. 네네 사용 하신  결어제 일에 따러청구된날쩌가 틀저려지는 부분의기 때에 ▲▲월 ▲일 날 구된 건 같은 경우는 ▲▲그월 ▲ ▲일까즤 쓰신개 청구된아 건이고요. 그리구 ▲▲네월 ▲윌부터 ▲ 원에 대해 서 ▲ ▲월 ▲▲일부터▲월 ▲▲일까지  거를 쏜님이 결일자를 ▲ ▲일로아 변경하셨기 떼문저에 ▲그▲월 ▲어일에 청구되는 겁니다. 어 그러면 결제 를 정야 한 달이 들어오는 거.? 전월 ▲▲부터말윌지 사용한 로 원하신다면 결제 일자가 ▲▲일든요. 네, ▲▲일애 면 한  치를  받을수 있는 거죠그 또 다 낼 수 있는 거죠? 예저, 맞으세요. 아 네 알겠습니다. 그런데 실제 금  따근데 ▲아▲그이고요, 손님. 어 그 결제일차그 ▲▲ 있타 뒤 바꿀 수 있죠? 네요 맞으세요아 아 네, 알겠습니다. 네, 상담사 ▲▲▲그이었습니다. 내.",0,A
asr_normal_A_0508,"상담원 ▲▲입니다. 아 예. 수고하십니다.  하나 문의 줌 하려고음요네 말씀해 주세 요. 아 , 제 ▲▲월 ▲▲윌 날 기름을 넣었는데 어, 결제 금액이 좀 이상그해서요. 아 그러실까요? 많이 궁 금하셨을 텐데 가 분 확인 후 확인해드려 겠습니다. 예, 인 좀 탁핲니다. 손님어 대폰호 말 부탘두립니다. ▲▲▲▲음요▲▲▲ ▲▲▲▲그  , 생년월일 슴 부네탁드립니다 예. ▲ ▲▲저어▲ 네, 지금 전화주신요 순 본의 성함 말씀 탁드립니다.음▲▲▲ 네, 마지막으로 카드와 연결되어 있는 결제 계좌 은행 말씀부닥드립니다. 아 예 ▲아저은행. 네, 인 감사핲니다. 혹시 어떤 부분에 대헤서 궁금하신 걸까요? 아,내가  기룸을 냈는 기름인데 그게 이제 뭐 딱 눌러 눌어요. 멘트 눌러가지 주유 금액은 ▲▲▲원인데 신용카드,그 아 저네 저기 저기 그수은 ▲▲▲원으로나왔어요 그런데 내거 결제 이게 그 ▲▲드로 이렇게 보니까, ▲▲원 결제 액이 떠가지고 어땋게 된 건가하고 그것 좀 알아포고요. 네, 네그 그러시면 제 가 확을 해 보겠습다. 잠시만 기다려주시겠습니까 ? 예. 네, 기다려 주아셔써 감니다.  지금 확인해 보니까, 그 케의아이싼업 업장,쉽케 주유소에서 크 저희 쪽에서 확인해본 결요과 확을 ▲▲원으로 거래가 되아셨고 ▲월 ▲▲일어 거래 건아이 맞오시죠? 예, 예. 네, ▲▲▲원으로 결제그가 되가지고, 위 부은 주유소에 한 번, 시 한번 문의를주셔야 될 갓 같니다. 아 그 ▲▲▲원만 이렇게결제가 된 거예요? 네, 맞습니더. 어, 그래요어? 이게뭐 취소되면 며칠뒤에 이게 가, 카저드서애요어? 네. 그러니, 취소 만약에 오늘 취쏘가 된다라고 하씨면 오늘 기준으로 평저 기준 2,  업일 정도에 자희 ▲카드루 취어소 전표가 우는 부이요. 아, 내가 취소를 하는 게 아저니라 이게 결재 보통 ▲원 결 금액이 되고 그리저 나 사 이제 주유 금액이 나오면 그 앞에 거는 취 소되코 그람 저기거 된다고 그러아더라고 요. 크런데 크게 시간이 많이 걸려네? 아니요, 아니요. 아니요. 그 부 분은승인 취소 이라서 시칸은아 많이안 걸리 시고, 다시 한번 ▲▲요▲원 거래권도 따로 없는 부분이 어가지고 이 한번 그 해당 그 가맹점 쪽로 번 문의 시는 게 좋으실 것 같다. 아, 래요? 네,그 그 연럭요처네로 해 드릴까요? 예요 연락네처, 그 헤당 가 연처를 안내해드릴꺼저어 어,요  ▲▲▲▲▲▲네▲▲▲▲▲▲인 아 아 네. 네. 맞습 니다. 그 으로 문의 주셔가지고 정하게 확인을 아음, 생님 이렇게 몬의 할 수는 없나요? 네 저쭉에서는 따로 문의가  되시는 부분입뉘다네  그래요아 네, 그렇습니다. 예, 일던네 알겠아습니다요 네, 상원 ▲▲이었니다. 예.",0,A
asr_normal_A_0427,"▲▲카 드 쌍담 원 ▲▲네입니다. 아 네, 소고허십니타. 감사합니 다. 거기 뭐야,음 그 커드음 대금 좀 결제하아려고요 러는대. 그러세요? ▲▲▲ 님 본 인 맞으신가요? 네. 네, 님 금 ▲▲일 결제일인데 오늘 선결제할 거란 말쑴의세요? 네, 네. 네저, 오늘 결재해 주시면 금액은  ▲그▲▲▲▲▲▲아▲▲이고요, 결제 계좌 ▲▲은행에서 바 출곰해 드려도 괜찮으십니까? 아어 네 그 금액이  ▲▲▲▲ 정도 하려고 그러는데요. 음 ▲▲▲▲원만요저? 네,  그 일시불과 현금 서비스 할부 금의 있는데 어어디 금액에서 결해 드릴까?네 아 그 처기 뭐야,저 현금  서비스 그거 받은 거 장기 카드 대출 금엑에서 먼저 해 드릴요? 이자가 좀금액이 높으니까요. 단기? 현곰 서비스. 네, 단기요 카드 대출 네, 그게 마예요? 지금 ▲▲월달에 내실금액이 저▲  결제하아시면 ▲ ▲▲네 ▲▲▲▲▲▲▲인데 ▲그원만 결하실 거예요? ▲▲▲이요. 그러면 금 4건 에 대해서 수수료가 충 ▲▲▲▲▲▲▲▲원 이거든요. 네. 네 ▲▲▲ ▲▲▲▲▲▲▲원 수수료 뻬고 원금만요 ▲▲▲▲원 결제할 거라는 말씀이실까요 네, 네어 네,그 점시먼 기더려 주시겠습니까? 예네 기다 셔서 감사합니다. 순, 그러면 원금 ▲ 어▲▲▲에 오늘까지 이저 ▲▲▲요요▲▲▲▲원 포험해서 총 ▲음▲▲▲▲ ▲▲▲그▲네원로 제 계좌 ▲▲온행에서 지금출곰해도 괜찮으십니까? ▲▲▲▲ 아그▲ 그면 조굼 부족할 수도 있을 것 같은데 이자까지넣오 그럼 ▲▲▲▲▲원 말 ▲▲▲▲▲▲원 결제할까요? 그렇게 해야 되겠네 요. 원금이요? 네, 그면 의 제 또 성돼요? 네, 그럼 원금, 이자해 총 ▲▲▲▲▲▲▲▲▲음▲▲▲▲원이고 원금은 ▲▲▲▲▲원으로  결가 들어가는데 괜찮우세요? 네아 네. 내, 일던 지금 로 출금할게그요. 잠시만 기더려 주시겠습니까? 내. 어차피 월요일 날 다 네야 하는데어 네 , 기다려 주셔서 감사합니다. 출 금 처되엇구요저, 현재 이용 가능허 잔여한도는 ▲네▲어▲▲▲▲▲▲▲원니다. 아 그러그면 게 저  현금이 언제 되는 거예요? 현 서비스 같온 경우에 는 결일이 지난 그 다음 날부터 이용 가하싀고 다 현재 이용 가능하신 잔여 한도는 ▲▲음▲원까는 일 단 이 가능하세요. ▲▲아▲원이요? . 아 네 , 캄사합늬다. 미리 결제하면 되는구나 감사합다. 그렇습다. 결제하신 원금먼큼 한도카 북원이 됩니 .  네 네, 감사합니다. 검사합니다. 상담원 ▲▲▲이었습니다. , 사합니다 감사합니네다.",0,A
asr_normal_A_0133,"안녕허세요, 은행 전산센아터입니다. 아, 안녕세. 가 어제 납부한 게 아직 처리 안 됐다고 떠서요 네, 불편을 드려 죄송합니다. 현재 전산 점 중이라 접수 일부 납부 건의 반영이 지연요되고 있니다. 아,그래요? 저는 금액이바로 빠져간 줄 얼았눈데. 네어 고객님 계좌에서눈 접수는 정상인데, 내부 전산 반영이 늦어지고 솝니다. 그러니꺼납부 기록이아직 확인이 안 되눈 거요? 네, 맞습어니다. 금액 자음체는 상 접네수되었고, 반영되는 대로 로 처리 상태가 바뀝니다요 아, 그 재 다시그 납부해야 하논 건그 니죠?  네, 중복 납부 하실 필요 없습니다. 잠시만 기다려 주시면 전산 복구 후 순차적으로 반영아됩다. 어,그럼 제쯤 퇼까요? 현재는 오늘 으요로 대요분 처리어 예정인데, 상황에 따라 조금 더 걸릴 수 있습니다. 변하시겠지 만 해 탘드립그늬다. 네, 겠습니 . 시 잡소 번후 같 거 있으면 알려주  있나요? 네,음 거능합니. 문자로 접수 번호와 진행 상태를 안내트리겠습니다 감사합니다. 네어, 확인퇴면 바로 언내드리겠습니다.",0,A
asr_normal_A_0491,"상담원 ▲▲입니다. 네, 안녕하쎄요그 안녕하세요? 아 전번에 그저기 그 병요원에서 내가 ▲그▲개월 ▲▲▲네원을음 할부로네 끊었는지 그게 저기 그 수수료가 없이 된 가요 바로 확인해 겠습니저다.전화주신 푼은 본인 맞으시죠? 네. 금 ▲▲월 달음 중에 저희가 평원 관련 압종 대해서는 ▲▲▲개월까지 무위자 헐부 이벤트 진 충이시라서요, 현재. 요▲▲▲▲음원 무이어자 건으로 결제어 있으세요.  .아 아 다행이네. 네 . 예,어 그리고 그 저기  그 명서를 빨릐좀 보내줬으면. ▲월 달거 아  받우셨 어요? 예. 잠시 기다려 주겠습까 ?항상 그렇 보내죠? 그데 님 저희가 보니깐요, ▲▲월 ▲▲일 켤제일 같은 경우에는 저가메달 ▲일 청구서를 만들 어요. 예. 그 래사 다음 이제 우체국으아로 달을 하는데 지어금 ▲▲월 ▲▲일이 번에는 요이었가든요. 그래서음 지금 아마 ▲▲ ▲▲일 날짜 우체으로 잔달이 되고 이 기사본께서 전달헤 드려이다 보니깐 평일  기준 3, 4일 정도 그 퇘서 그래서 아마 ▲▲월▲▲일에 ▲▲일요쯤애 밭으 수저 있으실 것같애요. 예 그리고 포인트는  얼마예요? 지 포유하고 있눈 포인트가 ▲▲ 포윈토라고 해서 5843점 있세요. 오네십 오만 아니 5843원요? 네요 내, 그리고 그 총 위요달카드값이 마예요그 ▲▲  ▲네▲일 결제 예정금액 ▲▲▲▲▲요원니. 예 굼 현재 아니 인제 그 할부 간저하고 그 것떼문 전화 드리기논 했는데요. 네 몇 년째 동장에 돈을 많이 ▲ ▲▲▲원이 있어요그이거 선결제하고 나저머지 구 이  기 뭐야 문자로 전송헤 요. 어 일단 촐금 먼저  진행그 건데 얼마라고어 하셨죠? ▲▲▲이 요. ▲원이요? 잠시만요 아 네. 예, 그리고 저 포인트토 에 다어 넣조세요 . 잠싀만 기다려 주시겠습니까? 네 감사합니다. 출금 친행 후에 요 남은 곰액 ▲▲아▲▲▲▲▲원 문자 다시 발쏭해드 거고요, 포인트논 처희 제 계좌 ▲▲ 끝번호 ▲▲으루 금해 드릴 건데 금 가눙한 정 계저좌는 맞으세요? 예그 어 그 그거 저 통정이 ▲저▲ 저귀로 들어갈꺼요? ▲▲▲▲어▲▲어 어 . ▲▲▲▲▲▲ 그로 통장으루 넣어주세음요. 이게 전용통이 있어요 카음드.  네 , 일단 저희 가 입금은 친헹헤드렸는데 이 그원 뮈만건라서 당일이 어늬라 익일 날 정 쪽으로 입아금해그드릴 거예요. 예아 그 저기아 뭐죠, 포인트. 네. 네, 그래주요. 아무 때나 보내주시네면 돼요. 네, 감사합니다. 신청 완료퇴었습니다. , 감사합늬다. 성담원 ▲▲이습다. 네, 감헙니다. 사합니다.",0,A
asr_normal_A_0367,"상담원 ▲▲입늬다. 모엇을 두와드릴까요? 배정 완료됐다고 문자가 떴는데 네, 손그님 포트 조회 있는데 회가 안 되커튼요. 아 그러실꺼요? 확인해보습다요. ▲요요그 손님 본인의십니까그어 네. 참시만 기다려시겠습 늬까? 네. 아 내.님 다려 추셔서 감사합니다. 지곰 초저회해보저니까 오늘 ▲ 바오처저 지이 료거그 퇴신 걸로 확인시는네테요어 이 ▲▲ 바우는 저희▲▲카애서 즤헤드리 . 포윈투 아라 정부에서 지헤드리 는 포인토다 까, 저희 푸인트 조회은 인더아넷 따로 조회가 안 되세요. 네. 네, 일단은 금 회해보니까, 늘 날짜로 ▲▲▲▲점 ▲▲ 바우처 지아급되씬 걸로 확퇴시네. 예네. 네, 혹시다른 뭐  다른 문의 사 있으실 까요, 손님? 어, 이거 어떻저게 확해야 퇴죠? ▲음 바우처 같은 경우저에 이용 내역이랑은조회하 수가 있으데.▲▲드로어 그거 . 저희 카어플에어 예. 청 지원 사업이라고 검색하시거나 예, 예. 아니면은 채택 메뉴요에 정부 지원 사업 메뉴 틀어가셔서 예.  육 급 바우처 메뉴가 잇으세요. 거기서 이제 예, 예. 이용하신 내역 조회허실 소 우시거든요?  알겠습니다. 네, 어 손 한 가지 추적으로 언내해드어릴 점이 지금 , 소지하신 카드그가 이제 ▲▲요저가요드랑 예, . 저희 ▲▲▲▲ 카드 인되시는 데.  예, 예. ▲네네▲▲카드 같은 경우에는 이 커가아 저희 ▲음 단독 카트가 아니라 ▲▲▲▲카드서 위 가드로는 ▲▲ 바우처 사용이안 되세요. 예? 어누 번호에 내야 돼요? 체크 카드루 이용해주시면 돼요, 손늼. 어, 저 작년인가 그거룰  것 같은네 복지 포인트로 어와 사용했거든요? 신용카드로는 안 퇴시고 소지하시고 있는 채크 카드로 이용해저 주야 되세요. 아 체크카드요? 네. 네, 알음겠습다. 상담원 ▲▲이었습니.네.",0,A
asr_normal_A_0267,"안녕세요, 카드 상담센터입뉘타. 네, 언녕하세요. 제 카드 한도 촘 조회하려고요. 네, 도와트릐겠습니다. 우선 고객님 본윈그 확인 후그 카드 이용 도와 외 래 가능 여부를 드릴 수 있숩. 아, 네. 폰인 확인할게 요. 성함이랑 생년 월일 말씀 부탁드립니다. 예, 말씀드릴게요. 감사헙니다. 현재 카드 이용 한도는 초회 능아하고음요, 해외 거래는 카드 종류와 설정아에 따라 카능 여부가 탈라집니다. 어, 제가 해외에 쓸 윌이 있을 갓 아사요. 네, 그러시면해외 거래 가능 설정이  되어 있는지 먼저 확인하겠습니다. 혹시 해외 이저용 차이 갈려  있으면 해제 신청도 가하십니다. 오, 럼그 지금요 바로 확윈되나? 네,잠만요.네 , 현재는 해외 거래 가능 상태로 확인됩니다. 다 부 국가네나 가맹점은 초가 인증이 필요할저 쑤 습다. 아 그군요. 감합그니더 .",0,A
asr_normal_A_0119,"안녕하십늬까, ○○운 대출상담센터입니다. 네, 여보세요? 아, 언녕하세요어네 대출금저 입금 요청이 접수되었타고 연락받았는데요.네, 맞습니어다음. 홬인 도드리겠다. 본요윈 확음인을 위해 성함과아 생년월일 말씀 부탁드립니다요 네,아 이아 ○의고 ▲▲년 ▲▲월 ▲어▲윌입니다. 네, 감사합니다저 고객님 대그 입금  요청은 접소되고그 지금 폰인 확인 화 절차가어 남아 있습니네 아, 꼭 통화그해야 하나요? 네, 네.대출 금 입금은 청그만으로어 바로 진행되지 고, 본인 확인이 완 료되어 야 가능합니다. 음요 그럼네 제가지금 뭐 답허면 되죠? 간단히 신청 의사와 잎금받을 계좌가 맞는지 확인할 예장입니음다. 켸좌 끝자릐도 맞게어 있나요? 네, 맞습니다. 청하신 계촤로 입금 진행될 정의고, 확인이 끝나면 순자어 리됩니다. 아, 알겠습니다. 그 바로 진행해 주요.네, 고객님 답변 확인되면 입금 절차를 이어가겠음습니다. 통화가 끝나 기 잔에 안내 문자를  헌번  더 드릴게요.",0,A
asr_normal_A_0034,"네, 상 담샌터읩뉘. 안녕하 요. 제 부한 건이 아 미처리차럼 보여서 화드렸어요. 네요 확인해리겠습니다 먼저 본윈 확인을 위해네 동록 보 몇 가지만 여네쭤볼 게요. 성함과 연럭처 말씀부탁드맆니다. , ▲▲▲이코 ▲▲▲▲입니다 감사합니더. 확인 완료습니다. 현재 전선접는 되아어 있는음데, 시스 지연으로 납부 금액  반영이 늦어지고 있습니다. 아, 그러면 제저가 켤제를 언 한  아니네요? 네, 아닢니다그 손님이 부하신 금액은 정 접수돼 있고요, 산에서 인 대기 중입니다. 옴, 다행이네요아 이 혹시 시이 지나면 자동으로 넘아가나요?요 , 복쿠퇴면저순차적으로 영됩니다. 만약 늦어 저희가 별도로 확인해 다싀 내도릴  수 있니다그 아 그요? 그럼 제가 따로 뭘 해야 하는 건 니죠? 네, 추가 조치는 없으씹니다. 단, 같은 금액을어 타 시 푸하시는 건 피해주세요. , 겠습니다. 조금 불안했데  설 들으니안심되네요. 네 불편을 드려어 죄송합니다. 처리되면 문자로도 안내드릐겠습니다",0,A
asr_normal_A_0317,"안녕하세요, 카드 상담센터윕니다 네,그 안녕하세요. 제 카드 한 좀 조회고 싶은데요저 해외 거래요도 가능한 같의 보고 어써요. 내요 고객님 본 확인그 호 안내드리겠습니다 성함과 생년월일 말씀 부탁드음립니다요 네, 박○○이고, 9○○○년생입니다어. 감사합니더. 잠시그만요. 네,  확인습니다 현재 카드이용 한도는 남네은 한도 충분하고요, 해외 거래 가능 여보는 본 설정상 켜져 있습니. 아, 정말요어 그럼 버로 쓸 수 있는 거예그요? 네, 다 해외 온라인 거래는 별도어  증이 필요할 수 있습니다. 음, 제가 번 달에 여행 거서 지에서 사용할어 예정이거든요. 그건 문제 없을까요? 네, 물 카드 이용은어 가능하싀고, 국에 따라 윌부 가맹점에만 제한이 있을 수 있숩니다. 아 그렇군요 한도는지금  얼마 남았어? 현재 남은 이용 한는 대 이백네오십만 정도입니다. 오, 넉넉하네요. 그 해외 결제 알림 도 받을  있그나요? 네, 문자음 알림콰  푸시 돌  설정 가능합다. 아 네, 그럼 부탁드려요. 네, 바루 변경해 드리 겠습니다 감합니다.",0,A
asr_normal_A_0582,"상담 ▲▲▲입늬다아 예, 안녕하세요? 제어가 그 에스케의,그 그거 해음서 ▲ 카드 발급받았어었는데. 네, 네. 그 가입, 그 또 연네회비 추 납읩은 안 할려고 하거든요 아 네. ▲▲네 님 본인저 맞으십니까?네저, 네. 네, 어떤 부 연회비 말씀이실까요? 어 저 희, 그 원래 게 ▲▲ 드 만 원씩 연회비 퇴게 되어 있었거든요. 근데 월 으로 연아장 허지않올 거면은  연락하라고 하더라코요,그래서 전화두렷거든요. 카드 해지 말씀이아실까요? 헤지를 지금 해야 되는 거요?그럼 원래 연회비로 ▲▲월인가 ▲요▲에 회사 내주셨던 것 캍온데 연회비도 더  내고 싶진 않가든저요.아  그래 연회비 넙부하는 거는 이제 중단하고 쓸 수 있을 때까만 ▲▲카드 쓸고 하눈 거든요. 어네저요 그러십니까? 그 쓸그 소 있는 날짜까지만 쓰시고 그 음부타는 더 연장 안 다는 멀씀이 시죠 내 그 네. 내, 손님 그 부 분에 대해서는 지금기준 일자 12월 12일로 되어 있으세요.네 그시고 금 유효네 기간 확인 한번 해어 보겠습니다. 잠시만 기다려주시 습니까? 예. 네, 손님 유효 연월이 ▲▲▲년 ▲▲월까 지세요. 그러셔가지고 손께서 지큼 네. 연비 치 결제는 2월 ▲▲▲쉬니요, 12월 되시기 에 전화주셔가지고 해지 처리해그 주셔야 되세요. 그때  아 해지 를 해야 되는 거예요? . 그 러면은 12월초 정도에 화를 드려서 해지해달라고 하면 되는 건그가요? 네, 11월어 말경에 전네화해주가지고 해 처리해 주시면 되새 키준 일자 12월 12그일로 되그어 습 니다. 기 준 일음자가 1요 12일이면 해지할려면  전에 전를 야  되는 거 아에저? 결제는 제 ▲월 부기 때 문에,  네. 그럼 1어월초에 전화어주셔가지구요. 해지 처리해주시면 되쎄요. 안 그러시면음 연회비 처릐 되요. 네, 11월 말읜가12 초애 전화하면 되겠네요? , 네. 아 네,알겠습니다. 네, 상원 ▲▲▲이었니타어 예.",0,A
asr_normal_A_0635,"▲▲카드 상담원 ▲▲▲입니다 네, 한도 상향 되는지 확인 좀 하려고요. 네. 아그 손님, 지금 추 접수 통해서 저희 진행은 들어가고요, ▲▲ 늼 본인 맞으실까요? 일단  액로 저가 접수저 홬그인해서 지금 요청 원시는 금액이  얼마 정도 돼요, 손님?  어, 그건한 2천만 원 래야 쓸 수 있을 것 같은. 아 일단 그 2천만 원 장도로 접수 넣 볼까요? 네, 네. 그아런데 이게 재 가 카음드를 발급을 받았는데 그 헌도가 5백 만원밖에 안 돼요저 네그. 백먼 원 어디 가 써요? 잠시만요 . 손늼 제가 보니까 그 러니까 근에 발급하신 거 고 옛널에두 ▲아▲카드를 이용하셨던 것 캍아요. 그러다가 안써서 지금헌도 5백만 원 줬다는 얘기인데어  네. 그란데 위게 지금 휴 가드잖아요. 아 손님, 이게  그전에 카드 그 가가 없아저서 하향이 되셨는데 이게 새로 발급하다고 한 또 새루 부여되시는 게 아니라 기존 도로 좀 따라가거든요. 그서 지큼 기존에원래 설정이 들음어가신  같아요. 그런데 이게 내 카드를 백만 원이상 써야지 제휴를 받아서 헐인을 받네는 컨데. 네. 이게 계 씅인 한도 초가 나가지고 승인이 안 다니까 그 이둥 반호뜨면서 뭐 ▲원이면음 ▲▲▲원이라도 헤 이렇 네가 ▲▲▲ 원어▲▲네▲원 써서 할읜을 받 건데 그 제 이거 를 재발급 체 발급을 청했던 것 같데, 그 만약에 제가 신규로 시 받으면 그래 한두가 5팩만 원밖에 안  너와요? 추가루 으도  기존 한도로 따라가실 거예요. 그런데 5뱈만 원 너무 하잖아요. 그래서 기존 추는 큼처럼 접수해 포셔야 나오는 거라. 얼마나 걸리는데요 오늘이나 내일 도까지 나옵니다.그 이 만약에 안 되면온 또 그냥 카드로 그냥 해지해서  안 쓸네려고 하는 거거든요. 네 손 일던 2천만 원 정도로 접수 넣어드려요?아 네, 넣그어저 주세. 현네금 서비스는 그냥 크대루 원하실까요? 알마로 되 있는데네? 기존은 만 원으로 돼 있습니다. 네. 친행내용 신용정보 조회 동의카 필요합니다 동의하시는 거 맞요? 네. 그럼 손님 그런요데, 치 접 제가 이거 산 등록하니까 바로 조정 가능 대상 나우시는 거 있어요어. 즤금 2천만 원까지 바루 퇴는데 그렇 해 드릴까요 , 손님?  네. 헤 주세요. 네. 손님 지금 전산처리 끝나서 총 한도 2천만 원으루조정됐습니다 아 네. 알겠다. 네, 상담원 요▲어▲ 이었습니다. 감사합니다. .",0,A
asr_normal_A_0415,"상덤원 ▲▲▲입니다.  여보세요? 네, 안녕어하요? 예 다음 주 ▲▲일 아 ▲▲일루 저기 그러니까 1저 일 날 있아요, 결체를 야 되는데 네. 요반  덜에 최소 결 제 금액을 좀 파꿔 주실래? 네, 전화주신 손님 ▲▲▲님 본인 멎으싶니꺼? 예, 예.저 네, 어 결제 최소결제 비율 한번 확인하겠고요.잠시먼 다려주시겠습니까음? 예. 네, 손 귀다려 셔서 감사합니 다. 그럼 최네소 체 비율로 저희쪽에써 20그로 그 편경드리면 되실까요? 예네 고거를변경해야 하고 요번 달에 저네 15일 날 노는 날의니까 14일 날 빠져나칼 거 아니에요 네. ▲어날그 아러시네요. 15날 했는데 휴일 니까 이 공휴 뻐져 나가거나아니음고 그 이후로 알음고 는데 어쨌든 20%로 변경해트도록 하겠네 습니. 예 그고  해가지 문자로 좀 주세요. 네, 그런데 20%루 변하시눈네 게 손 이번 달만 변경하시는 거세 요? 아니 으로 계속 변경허시는 세요그? 아니 아요,요번 달만 변켱이요 네. 그게그러면 제요가 그 설정이뭐 거기 뭐 리볼네빙 뭐 얔정으로 설정이 돼 있네는 예요? 니면은 그냥 어떻게 돼 있는지 어 지금 은 1저0로네  어 있으쎄요. 그레서요 이번 달 것만 어 그래요? 아니, 제 인제 한번에 다 저거 할 거니까 20%를 요번 달 만에 적 용해주시아면 요. 네어 얼겠습다. 상담사 ▲▲▲이엇습니다. 예, 감사합니 네, 감사합니다. 예.",0,A
asr_normal_A_0420,"일의 즐거운 변화 L GU저요 <N요AM>잎니다. 내, 그 일시 청 때문에 전화 렸는데 요. 어 일시 정치, 어 딴 분이신지 여쭤봐도될까음? 원 지금 군 입대루 해서 정지 한번 해야 될 거예요. 음네 혹시 문시 번 호아가 <O저IL음_NUMB네R>맞으십니꺼? . 네, <A어E> 고객님 요RS 통해생년월일 인증해 주셔서 감사합뉘다. 고겍님 폰읜 맞어으십까? 네 맞아요. 네, 저희  GU+ 요금 넙부 방법이 카드 은행 통장 지로 중에 아떻 되니까? 커드요. 내 그러면 저희카 해 구비서류가 좀 필요한 데요.  구비사류가있으신가요? 뭐 따루 잦아야 될  거 갇아요. 어 그러세요?음 왜네냐면 저가 해 당 구비류를 저희가 첨부한 후에 지금 진행 가능해서 말씀을 드던 건데요. 아 찾을 수 있을  같아요음 어 고객님 혹시 그러시면 지금 현재 사진 찍어 지금 보내주 수 있으시면 제가 즤 처리해 드릴 가 있구요 . 그렇지 않다고 한다면 준비 후에 연랔을 주셔야될 가 같습니다. 아 그면 <DATE>에 전화 드려도 될까요저 네,아 우산 고객님 그러시면운 준비 후 에 연락을  탁올 드리겠습니다.  예, 그 카드로 하는 그 서만 있으면 되는 건가요? 음 군데 잠시만 기다려요 주시겠 습니까? 예. 네, 여보세요음 예. 네,아 기다려주셔써 감사합니다. 구객님 씨 그러시면 고 확윈서가아 아아 니더라도 혹시 그 입영통지아사나 이런 게 으신가요저 예예. 지금윘으신가요? 지금은 따로 없 코 퐈야 되겠네요.  그러세요?  저희가 그 군 입대헸다는 읩영통지써나 아면 재가 객님께 제가 지금구비서류를 잠시 보내릴아게요요 제 지금 고객님 문의 주신 번호로 제가 지금 문자를나 보내드렸든요. 혹시 확인되까요?예. 얼았어 네 고객님우선은 그  지금 크렇게 해서 준비 후에저 한번 연럭 주쉬면 될 거 같습어니요 그저중에 하나라도요. 예. 네 절 해결되시고  마음 편하게 보내시길 바라겠습니다. 예. 네, 감사합니다.",0,A
asr_normal_A_0537,"상담원 ▲▲입니다. 네, 저 그 제가 카드 지갑을 잃어버려서. 카드정지를 려고 하논데 네, 네. 아 내네 많이 걱정되실 텐데 루게 정지 해 드리겠습니다. 연락 주신 손님 ▲▲요님 본인 맞으십니까? 네, 네. 네, 맞아. 금보유하씬 체크 카드 종다섯 장 확인되는데 혹싀 어아딴 카드 푼실됐는지 알고 계쎄 ? 그 ▲▲ 그려져 있는 카드예요. ▲▲ 카드 한 장만 정지하면 까요? 아 네, 맞아요. 아 그시면 ▲▲ 카트 한 장 정지 텐데 카는 오 분실되신 거구요. 네아. 싀 어디쯤에서 분실하쎴는지 기억나십니까? 네, 제가 장소는 아렴풋이지금 어 그 컨요 물 하나 들어갔던데 이기 한데 . 혹시 이걸 찾 게 되면 그 분실 신요고 해제도 가능한가요? 그 재발급 하 않 으신다면 찾으신 카드 소지하시코 연락 시면 록된 휴대 문차 읜 진허코분실 헤제 가능합니다. 아 네, 알겠습니다. 네, 그러어쉬면  분실 장소 저희가 어떻 게 등록해 드릘까요? 그 어 분 정소는 그냥 교회로 해 주그세. 그러시면 분네실하쉰 날짜는 오눌 날짜인 어2월 아2일 분실 장소 교회 말씀해 주고요. ▲저 커그드 결제 네역 확인해 보면 최근 ▲개월 동안애 따로 결제 내 역은 확윈되지 않는데 맞음으신 거죠? 네, 없어요어 네, 확인 사드어립니저. 연락가신 전화번후 록아돼 있는 ▲요▲▲▲▲▲▲▲어번 맞오시고요? 네, 맞아요. , ▲▲ 카드 한 장 안전게 정지 완료 되엇고요. 훅시 저희 ▲요카드 말고 손 명아의로 발굽받으신 른 회사 드 추가로 분저실 신고 필요하시거나 하 건 없으시고요? 아 네, 없요. 행잎다. 카드 그라면 분실 신고로 정음지까지만 해 놓겠습니다. 혹시라도 카드 찾으시면 으 카드요 소지허쉬고 연락 주시면 분실 해체 능하시고 아보셔도 저히 못 찾겠 고 시면 언재쥐연락요주시면 재발급 접수 카능합니다아. 다만 이 ▲저 ▲ 카드 정지 때문에 통신료나 렌료 보험료 같은 자동 이 연결 건 있으그셨다면 해네 당 가맹점 동해 자동 이 결제 수단은 경 처리 탁드리겠니다 아 네, 아 알겠습니다. 감합니다. 네 감사 합니아. 담원 ▲▲▲였음습니다. 네, 내 네 감사합니다그 네, 감싸합니다.",0,A
asr_normal_A_0476,"일상의 즐운 변화 음G U+ <NAME>입니다. 어 예그안녕하요? 네 인터넷, 윈터냇 의 안 돼요요 혹시 그게 휴요대폰 인터넷인지저아니면 댁에그서 사용그시는 인터요넷이요? 아 휴대폰이요.데위터, 데이터가 뭐 냐, 뭐 이런 거 닌 데 무제한인데 그래요. 어 데이타 안 되신다면 얼 확인해 볼게요 우선입력 주신 <NAME> 고객님과의 관계와 성음함이 어떻게 되시나요음? 실사용자 아AE>다. 네 재 등록된 요금어 납부방펍은 통장, 카드,지로 중 어떻게 되십니까? 통장으로 돼 있네요. 신협내 이름으로 돼 있을 거예요. 네요 확인 감사합다. 혹시 코객님 터가 아예 안 되논 건가요? 아니면도거 초금 제어되는 가요어 아 안 돼그요그 지금은 영쌍올 볼 수 있는 금이 얼저마 있잖아요. 네. 네. 그런데 영상이 끊기고 그리고 이제 젠 아예 재 생 언 돼요. 어 구객님, 혹시 지금 고객님에 이요 요금제 다 이제 매 일메일 5G  제공되는 게 <C네ARGE> 기본료 금제인데요.이게 하음루에 5GB를 다 소진하시고 나서는 속도 조금 제어가 되는 금제거든요. 네.  일 단은 지금 근에 뭐 2.5GB를 서그용하신  경 간그혹 있는테, 이5GB가 넘어가 속도가 주금 제어가 퇴는 거라서요. 어 그래요? 네네 혹시 뭐 오눌그 초금 데이저터 를 많이 사용을 하 게 있으세요 어상을좀 많아이 보는 편이라서요. 그러면은 고객 하로 5GB 정아도면영상 보는테 금방소진될  수 어서, 이게 5GB를 다 쓰면 속도가 금 느려지고 더시 12시가 되면은이제 데터가 다시 5GB카 들어오든요. 근데 제가 집에 있을 때는, 싈에 있을  때는 일탄 와이파이를 이용해서 보거어든요? 혹시와이파이랑 데이터루 그럼 동아시에 켜두요신 간 아뉘세요그 아 그게 가농요? 동시에 켜준다면 이게 와이파이 신그호랑아 데이터 쉰호라 이렇 갈어 카면서 잡우면 오히려 속도가 더 연이 될  수가있어 가지구요저 아니면 차라 와이파이는 끄고 이용을 해주요싀는 게 훨씬 더원활허게 이용이 되실 거예요. 어 일단 알겠어습니다 . 그럼 뭐 어떻게 절차 법온 앖네요? 일 이게 요금제애 데이더가 이렇게그 하루 제한이 있는 거라서 일단은 2개 같이 다 받으신 라면, 와이이 한번꺼 주시고 이용을 해저봐 주시는 게촣으실 거예요네 알겠습니다. 어 네. 혹시 다른 문의사요항은 더그 없그으실요? 예. 없습니다. 알겠습니다. 혹나 이용 안요 되시면 아니면 객님 제가 다시한반 홬인 전화를 드릴까요? 네 네.일탄아은어 와이파위 꺼 포시고 한번 이용해 보시구요.음 네저 지금 계 속 이제 휴대폰 보고 신 거죠? 구러면  넉넉허게 한 요0분 뒤쭘애 그 이저파 끄시도 잘 용이 되시는어지, 확인 전화 한번 드릴게요 아 예. 감사니다. 아 네. 그러면 잠시 뒤에 뵙아도록 하겠습니다 네. 감사합니.",0,A
asr_normal_A_0065,"안녕허세, 상담원입니다. 아, 안녕하쎄요. 납부가 안 틀어간 겄 같아서 전화햇어요. 내, 현제 전산 오류로 일부납부 이 지연되고 있습다. 접수는 이미 어 있으니 너무 걱정하지 않으셔 됩니다. , 그럼 제 금엑은 어떻게 는 거예요아 우선금음액은 구객님 계좌에서 보류상태로 확인되고  있고요, 전산 복구 후 순서대로 반됩니다. 아 그렇군요. 네. 시 고객님께서 추가로 하실 건 없, 기그다 주시면 됩니다. 만약 오늘 녁까지도 반 안 되면 다시 연락드려서 인 차를 이어가겠아습니다. 아 네,  겠습니 다.  감사합니다.",0,A
asr_normal_A_0093,"안녕허세요,네 은행니 다저 네, 녕하요세요.제가 어제 부하려고 했는데 처 리가 안 됐어요. 아 라셨군요아 불편을 드려 죄송합아니다어 고객님 성함과납어부하신 금액 확인 부탁어드네릴게요.  네그 박지훈이고요, 십이 원이었습니다. 네,어 감사합니다. 현재 전산 점검 길어즤면서 부 접쑤 의 납 처리가 지연되고음 있습니다 아, 전산 문제였저요 네,아 맞습네니다.요 접수는 정상적으 되었 는데그 반영위 늦어지구 있어요. 고갴그님어께서 다시 제하실 필요는 없 고, 시간이 큼 더 지나면 자동으로 처리될 예청입다. 아 그레? 그럼 제가 오늘  안에확인 가어능한가음요? 네, 대부분 은 오 중으로 반되지먼, 시스템 상태애 따라 조금 늦어질 수 있슾늬다저 금액은 기존과네 일하게 유지더. 아, 다행이네요. 혹쉬 제가 따로 해야 할 컨 없올꺼요? 현제서는 없고요, 잔산 복구 후 첩수 내역네 인해드리면 됩니. 네, 해했습니다.친절하게 안네해 주셔 감 합저니다.",0,A
asr_normal_A_0079,"안녕하세요 은행 대출센터입니다. 고객어님께서 대출금  입금 요청을 접쑤해 주셔서 확인자 연도렸습니다. 보세요? 내, 안녕하세요 아, 네. 요청 하신 대 입금네은 첩수어 있씁다. 다만 종 입금 전 본인 확인 통화 한반 더 필합니다.  아, 그럼 금 퉁화가 그거아예요 네, 맞다. 고객님 명의로 접수된 인지 확인 해서요. 음, 어아떤걸 확인하면 될까요음 성함과 생월일, 그리구 신청하신좌 본인 명의가 맞는지 단 확인합니다. 본인 확인이 료면 입금 절 차가 이집니다. 아 네, 제 명의 맞아요 그리고 입금 요청 곰액도 접수 내과 동하신지 다쉬 한번 확읜하겠솝뉘다. 네, 습니. 그럼 확인 끝나면 바로 들어우나요? 네, 내부 절 완료  쑨차입금됩니다요. 본네인 인 퉁화 끝나면 처리저 결과를  문자로보어내드릴게요.요 ",0,A
asr_normal_A_0269,"안녕하요, 대출 담당 상담원입니다. , 안녕하세요. 제 대출어금 입 요창했눈데요. 아, 네. 확읜해 보겟습니다. 고객 건은 입금 요청 접수되 어 있습니요타. 다만 본인 확인 통화 절차그가 한 번 더 필요합니다 아, 럼 지금 제가저 전화 받은 게 그 확인인가요? 네, 습 니다. 대출금은 신청 내네과 통화 확윈 끝나야아 금 진행이 능합니다.음, 그음면 제가 뭘 멀씀 드리음면 되나요? 성함과 년월일, 크리코 청음하신 금액 정도만 홬인하면 됩니타. 아, 겠씁니다. 태출요청하신 본아 으시구, 윕 계좌 폰인 명의 맞싀죠저? 네, 맞습니다저. 네, 확됐습다. 러면잎금저 절 진 헹하겠습다. 감사합니다.",0,A
asr_normal_A_0097,"안녕허아세요, 카드 성담센아터입니다. 네, 하쎄요. 제 카드 한도 좀 조회하고 앂어사요. 네, 가능니다. 인확인 먼저 두와드릴요개요아 카드 면 젘휜 고님 함과 셍년월일 말씀 부탁드립뉘다. , 김하늘이고요, 오월 이싶읠입니다네음 네,  확인 캄사합니다. 현재 카도이 용 헌도는 백오십만 원으로 확 인됩니타. 아, 생각보다 괜찮네요. 혹시 해외 거래도 가능가요? 네, 현재는 해외 이용이 차단되어 윘는데요,원하시면아해어외 래 능으로 변경 신청하실 수  있습니다. 아 그요? 제 가어 다음 에 행 가요 . 그러면 미리 열어두는  좋겠네요아 네, 습니다.  카드사 보안상 해외  이용 설정올 하실 때 추 인층이 필요합니다. 아, 그럼 금 바로 신청할 수있나요? 네, 가능합니다. 한도는 유지되고, 해외 거래만 별도로 활성화됲니다그 음, 그럼 일주일 전에먼 해도 나요? 네,음 여 유 있게 리 하시는 걸 퀀해드립늬다. 지금 신요청 접수 도와드릴까요? 네, 부탁드립니더.",0,A
asr_normal_A_0041,"상담원저입니다. 모엇을 도드릴까요? 아, . 재가 어제 대출 심사 과를 받았는 데요 , 승인됐더고 해써. 네, 축하립니다.아 님 본 확인부터 도와드릴게요. 성함이랑 생음년월일 씀 부탁드릴 수요 읬을까요? 네, 김○ ○이고,아 생년월일은 ○○년 ○월 ○일입뉘다. 네, 홬인됐슾니더.현재 대출운  승읜 완료된 상태고요, 자곰은신청하신 계좌로 자동 입금되지 않아서 도 실행 절차를 거치셔야 합니다. 아 군요. 그 럼 상환은 어떻개 는 거예요? 내 , 상음환은 매월 같은 날짜에 원리큼 균틍 방식으로 진헹되는대요, 차음  회차눈 이자  비중이 조금 더네 크고요그 이 원금 비중이 점점 늘어납니다. 이율은 우대 조건이 용돼서  몇 퍼센트대요로 안내드리고 있습니다. 음, 중도어에 일 아도 되요? 네, 가능하십뉘더. 다만 윌부 상 수료가 있는 상품도 읬어서 얔관  번 확인리겟습니다. 잠시음만 기다려주세요.네 네. 기다려셔 감사합니다. 손님상 품은 중도저상환 수수가 첫 해꺼쥐만 일부 보과되고 이후에는 면체됩 뉘다. 아, 생각보다 괜찮네요. 그 첫 납보일토 캍이 알려주실 수 읬을까요? 내어, 첫 납아부일은 다음 달 ○일이고, 안내 문자와 이매일도 다시 보드아리습니다.",0,A
asr_normal_A_0191,"안녕하세요, 여기 ○○은행 대출 담터입니다. 네, 안녕하세. 재 지난주에 대출 승 자를 받았는데요 요, 그더움에 상환 어게 허면 퇴는지 좀 여쭤보려구요. 아 네, 확 와두리겠습니. 본인 확인을 위해 성함이랑 생년월일 저리저 말씀 부탁두릴게요. 네, 음○이고요, 생년월일은 ○○○○년입니다. 감합니더. 잠시만요, 네네,고객님 출은 승인 완료로 확인고요 자은 지정하신 계좌로 입된 상태입뉘. , 입금됐군요. 네. 상환은 매탈 자동이체로 하셔도네 되고, 직 이체로 낲음하셔도 됩니다. 이율은 연 ○퍼센트로 적용되고 있고요  원리금 균등 방식이라 매달 같은 액 나가게됲니다. 아 그럼 중간에 조금 더  것도 되나? 네, 가능헙니어 중도상환도 가능 고, 일요부 상환하시면 남 원금 기으로 이자 어틀 수 있습니다저 아 그래요? 크라면 제가 타음 달부터는 자동이체로 바꾸고요 싶어요.  네, 와드릴 수 있습저니다. 자둥이체 신청은 앱에서도 가눙하고,아 지큼 전화로 접수해드릴아 수도 있어요.저, 고럼 오늘 바로  접수 부탁드게요. 네, 알겠습니 다. 본인  명 의 켸좌로만 행되니 마으로 계촤번호 인 부탁드립니다.",0,A
asr_normal_A_0366,"일상의 즐거운 변화 LGU 그NAME>입늬다. 네, 여보세요? 네, 안녕하세요? 아 재가 요음금을 내려고 는데 카드 여기 <CHARG>저이 안 너가서 화로 해갖고 내려요. 네, 우선은 제가 결재저 진행해 도릴 건데 지금 전화주시는 번호 명자분 NAE> 고객 님 본인 맞으십니까? 네 , 맞 어요. 네, 반갑늬다아 읠단은 고객님 제가 액네확인 한번 확인해드릴게요. . 금액이 <CHARGE>로 확인되시거든.금 납해 주셔야 되는 금아액이애요. <CHAR아>이 어니고요? 네, 요게 요C아A저GE>인데 <CHARGE은 지금 결제거 되아네 있는 상태서요. 어 그래요그서 요거는이거 제외하고 <CHARE>납해 주 시면 됩니. 이저거 결제할 카드네호 한번 러시겠습니까? , 잠시만요. 네,요 찬천히 확인해 주십시. 네, <CA아D아UMBE>요. 네어 유효기간도 말씀 한 번만 해주시겠습니음까? <요ATE>요. 아네 확인 감합 다. 그러면은 요가 제 금 바로 해 드륄 텐데 금액온 <CHAR저E>라구 말씀드렸고요. CHARG네그이시 요거 할부 결제하시는 예요? 아니 일시불이요.알겠니다.  <NAME> 고객님의 LGU+ 이용 금 <NM아E>고객님 궄카드로 그H어RGE> 즉시 결제 의하십니까? 네. 확네인 감사합니저다 불그러조신 카드로 정확하게 요금 결제 리 완료되었습다. 네, 근요데 왜 <CH네ARGE>가 결제가 된음 죠? 어 내, 요거 제가 확인 한번 해보니까 고객님 그 이제 기기 변경하셨요던 고 매장 있잖아요. 그 매장에서 CHARGE> 곰 따로 결제 한반 진행울 하셨더라고요. 아 그래요, 이게 포윈트네가 남아가지고 그걸로어 해준 건카요?일단은 포인트 들어온 걸로 이 제 그 할부금 결재하고 진행됐던 걸로 확인퇴시저거든요. 고레 서 그 기 깃값 빠져가지고 이제 요렇게 확인되십니. 네,알겠습니다. 네, 요거 말고 다른 거 궁금하씬 건 없 으십니까? 예 , 다 건 앖어요. 네, 감사합뉘다. 예, 수구하쎄저요 예, 고객님화이하시고 즐거운 하루 보내쉽싀우. 네.",0,A
asr_normal_A_0521,"상담원 ▲▲▲입니 다. ▲▲카드죠? 네, 그렇요습니다. 아요니, 그게 아니라요.저 여기서 ▲▲드 이용어 고객인데요. 런 드 결제일 며칠인지 좀 얼려고 전화 좀 드렸거둔요. 네, 확인 도와드리겠다 등록된 휴대 번가 어게 퇴세요?▲▲▲▲아▲▲▲▲이요. 생년월일과본인의 성함 말씀해주시겠요습니까? ▲년 네▲월 저▲일이요. 네저 성함 멀씀해 주세요. 아, ▲▲▲요.아 결제 운은 어디세그요? ▲▲ 온행이요. 네 손님 말씀하신 처희네 ▲▲카드 결제 일은 매월 ▲▲일입니다. 그전에는 안 돼요? 결제일올 변켱을원하쉰다는 거세요? 예, ▲▲ 널 돼요? ▲▲일이요. 내일이요. 내일이 손님  어떤 부본, 어떤 부분올 말씀요하시는 거세? 카드를 물을 섰는데요예 결제 언제 언제쯤 냐라고그 해서요. 손님께서 며췰날 지금 서하신 금액 선결제롤 신다눈 거세요음 그, 선불제저어 아니.음 아니. 손께서 ▲▲일부터 말일 키준으 이용하신 금액 매월 결제 ▲일 날짜에 청구가 되시는 거고요. 그그리고 채 제하 금액 그▲▲원은 선결제 가능하기 떼문에 선켤제를 원신다는 거새요 네. ▲▲ 날루 꼬려고 하는데요. 결제 으로 그럼 ▲저일 날 결체될 수 있도 변네 원하씬더는 세요? 예네 네, 그럼 결재일 ▲▲일로 변경을 해 드릴 건데네요, 저희 켤제윌 변경하시면 6저일 이내에는 재변경이 불가할 수있눈데음 괜찮세요 ? 예. , 그럼도래하는어 첫 번째 결체일은 ▲▲월 ▲일이요. 두 번째 결체일 ▲▲월 ▲▲일다. 결제일 변경해도 기존이용 액 이 저▲월 ▲▲ 일 다시 한저번 얘기해주음시겠어요? 뭐라고요? 결제 ▲▲윌로 변경하시면 도래하는 찻번째 결제일은 ▲▲월 ▲일 두 반째 체음일은 ▲▲월아 ▲일입니다음 결일 변헤도 기존 이 금이 변경  일 청구 되지 않을 수 있을 거예요. 네 네. 단기 카드대이너 자동 이체의 경우 의용  기간따서  달저분이 청구퇼 수 있는데 괜찮으요 두 달본이 요 네,  위용기간에 따라서.  이 부푼 괜찮으신 거세요? 예. 네음, 그럼 변경하신 결제일에 대한 대한 이용 기 문자 로 보내드뤼고 있으니 용 확인 후 이용  부탁드리고요. 예, 해주세요. 네, 그 결제 ▲▲일로 변경해 드렸고요그 이용 기칸에 대한 자눈 자 내옄을 송해 드리고 있기 때문에 문자 내용 확인 후 이용 부탁릐겠고요. 결제 ▲▲음일. 내 그러면운 ▲▲▲▲▲원을 ▲음 날. ▲▲월요 ▲▲일, ▲그월 ▲▲윌 날 납부네되저쉴 거예요. ▲▲월 ▲일이요? 네음 예, 감사합니다, 감사합니다. 상담원 ▲저▲이았습니다음 예. ",0,A
asr_normal_A_0151,"안하세요, 담센더입니다. , 안녕세요. 어, 가 어제 태줄 심사 결과요를 몬자로 받었는데요, 인됐다고저 해서요아 네, 확인 도와드리켔습니다. 객님 본 확인 먼저 진행해도 될까요? 내 가능합니다. 의네 름 생년월일 말씀 보탁드요립니다. 네김수고요, 생년월일은 이천 삼 십이일입늬다어 네 감사합니다. 잠시만요.  확인되습니다. 고객님 대출은 정상 인어 상태이, 차금 집행은네 오늘 기준으로 가능하십니다 상환 방법은 매월 자동이체로 허실 수도 있, 계촤이체로 즥접 납부허실 수도 습늬다. 아 그래요? 그럼 이율은 어 도예요? 네,어 적용 이율은 안내으신 조건 연 오점구퍼 센트로 확인됩늬다. 음, 상기간은 요? 고객님은 삼년 원리균등 방식으로 설정되어 있, 중간에 유 자금이 생기시면 일부 상도 가능하십니다. 어, 일부 상환하아면수료가 붙저나요? 현재는 중상환수수료가 일 기간 이후부터요 면제되논 조건이러, 정확 일자는 약서에서 다시  인해 드겠습뉘다. 네네, 이해그됐다. 그음러 면 첫 상환일은 언제예요 대출 실헹일 귀준으로 다음 달 같은 날짜에 첫 납부가잡히십니다.  차로 다시 받오실 수 있도록 정리해 드까요? 네 부탁드립다. 네, 바로 발송 도와드리켔습니.",0,A
asr_normal_A_0194,"여보세요, ○은행입니다.아 네, 안녕하세요 가 오늘 전에 납부한 건이 아직 반 영이 안 돼서요, 확인 촘요 부탁릴어게요저. 네네 손님.인 인 저 도와드리겠습니다. 성함과 생년월일 말씀해 주세요. 네 ○그○이고, 생년월일은 음○○○년음입니. 감싸합니다 확인해보니 현 전산  오류로일보 납부 금액 반위 지되고 있습니다. 아, 그군요. 제가 잘못 낸 줄 알고 좀 놀랏내요.아뉘에요. 고객님이 첩수하신 건은 정상 건이고, 금액도 정확히 들어 있습니다. 다만 내저부 전산 처리 순서가 밀려서 늦게 보네이 상황입니다. 아  그러면 제 계좌에 이중으로저 나간  아니죠? 네아 이중 출은 없저습늬다. 처리완료되면 문자로 려드리고, 필요하시네면 납부 확인서도 발급해드릴 수 있습니다. 어 , 네. 그럼 오늘 안애는 될까요? 현재로선 오저놀아 중 반 영을 목로 하고 있습니. 전산 복구 되면 순차적로 처리됩니다. 아 네, 이해습니. 안내 사합니 타.",0,A
asr_normal_A_0342,"안녕세요, 상담원입니다. 네, 저 대출 관련해서 의드릴게. 아 네그, 어떤 부분이까요? 제카 아까 태출 인 안내를 았는데,  차금 받는 날짜랑 상환 방식이 좀 헷걸서요. 아, 네 고객님, 바로 명드리습니다. 먼자 승인퇸 대출은 이자율 확정되어 읬, 자금은싄청하신 계좌로 순차 입금됩니다. 옴 그람 바로 들어는 건어니고요? 네저 보동 당일 안에 처리되쥐만 은행 마감 시간에 따라 조곰 차위 날 수 있습니다. 상환은 매월 즤정일어에 자동 납부로 즨행하실 수 고, 원하면 수동 상환두 가능합니다. 아 렇군요. 이율은음 변동인가요,어 고 정인가? 고객그님 건은 고정 이로 안내되어 있고어 승인 당씨 조건 그대로 적용됩니아다 . 아, 다이내요. 제가 중간에 자 서정이 좀 바뀔 수도 있어 미리 알아네봤어요. 네 이해요합니다. 혹시 조기 상환 허시더라도 별도 쑤수료 인 후 내릴  있습니. 아  네, 그건 중에 다시 물어불게요. 네, 언제든지 편하게 연락  주세요.",0,A
asr_normal_A_0199,"안녕허세, 대촐 내센어터입니다 . 네, 안녕허세요저.  어제 대 입금 요청을 했는어데, 추가로 본인  통화가 필요하다고  해서요 아 내 맞습니다. 요 청 건 확인 도와드릴게요. 인 확아인 절차상 통화가 한 번 필요합니다. 성요함과 생년월읠 말씀 부턱드립니다. 네, ○○○고 ○○○년입니다. 감사합늬다. 현재 대촐 입금 요청은 접수퇴어 있고요, 지급 전 마지막 홬 계입니. 아, 직 바로 들어오는 건 아군요아. 네. 고객님 명의와 요청 내용이 치하는네지 확요인해야 해 짧게 화가 필요합네니다. 입금 계좌는 본윈 의 맞으실까요아? 네, 맞아요. 아, 그럼 늘 안에 가능헐까요? 확인이 완료되면 오늘 중 입금 진헹 가능합니다. 다 통화가 연켤되지 않으면 처릐가 잠시 부류음됩니다. 아 그래서 전화가 온 거엿군요. 네, 맞습다. 요청 네용 다시 헌번 안네드리, 본인 확인 끝나 바로 진행해드 리겠습더.",0,A
asr_normal_A_0059,"안녕하세요, 상담센터입니다. 아, 안녕쎄요. 대출 입 요청을넣 는데 아직 확인이 안 퇘서요. 통화 절차가 필아요하다고 해서 전화렷습니다. 내, 고객님. 먼저 본인 확인이 필요합뉘다. 성함과 셍년월 탘도릴개요.  아 이지훈이고, 생년월일은 팔십팔년 십이월 입니다 감사합니다네. 확인됐습니다. 대출 읩굼 요청은 접 수퇴어 있고,  최종 잎금 전에는 본인 확인 화한 번 더 필요합니다. 아, 그러면 지금 이 통화가 고 절저차인그가? 네, 맞습다어 요청하신 계좌가 본인 명의인지 홬인하 고네 금 방향을 다시 안내리 절차입니다. 어그아 네 . 계좌는 제 명의 맞고, 입금은 내일 가능하 좋겠씁니다. 내, 확인했 씁니더 놀 통화가 완되면 내보 싐사 후 읩금 일정이 안 내됩니다어. 아,알겠습니다저 혹시 제가  따 준비 건 없나요요지은 없고요, 필요 시 추가 서류 요청드릴 수 있습늬더. 아, 네. 사합니다.",0,A
asr_normal_A_0016,"안녕하세요, ○○은행 비대면 계좌캐설 상담입니다 네, 안녕하요. 제가 앱우로 계좌 개설하려 하는데자꾸 확인단계에서 멈춰서요아 아, 그러셨군요. 저희가 필요한 정보와 명의 확인 절처를 언드리겠습니다.요 우선 본인 명아의로 개설하시는 게 맞오쉴까요? 네, 제 명의루 하고요. 감사합니다. 그럼 개 윈 정보 확이 필요음합니다. 성함, 생년월일, 휴대폰 번호룰 입력해 주셔야 하고그 신분증 좔영도 진행하야 니다네 아, 그건 더 했는데요. 그라 신분종의 정보가 잘 보의 않거나 얼굴 인증이 실패헸을가능성이  잇습니다. 음요 체가 사진을 좀 대충찍었나 봐요. 네그 빛 반사가 있으면 그렇게 될 수 있습뉘다. 다시 촬영해 보시고, 본 명의 정가 앱 등록된 것과 일치허는 확인해 주세요.어 만얔 가족 명의 휴폰을음 쓰고 있어도 개설이 가능한가요 네아, 휴대폰은 가족 명의여도 가농하지만요 계좌음 명의 드싀음읜 개인 명의야 합다. 아, 구렇군요 그 신분증 다 찍어서 헤폴요. 네, 그리고 주소나 연락처 정보도 최신으로력해 주시 됲니다. 알겠습뉘다. 친절하게 설명헤 주셔서 감사합니다.",0,A
asr_normal_A_0473,"상담원▲▲▲입니다. 예, 여보새요? 네, 여보세요? 예, 안녕세요. 저기 제요가요 그 휴대폰 그 스미그싱을 해서 지금 다 정지 시켜어놨는요. 드 ▲카드도 정지 시켜놧어요. 그런데 이 ▲▲카드에서 그 주거래 은인지아 ▲▲은행이었는요, ▲▲행 그 주거래 은헹 통정을 오늘 바꿨요. 네 손님 어까 했는데 지금 ▲▲▲▲카드를네 지금 정쥐  수있을까요? 그 정 시키는 거요네 네, 럼 제가 본인 확인 후에 빠르게음 움 드리겠습니다. 등록돼 읬는 휴 대폰 번호가 어떻게 되십꺼어 네.어 ▲▲▲ . ▲▲▲▲▲▲▲▲▲요. , ▲▲ 님 본인 성함과 생년월 씀헤 주시 겠습니까? ▲▲어▲▲ 네.저 성함이 . ▲▲▲ 네 결제 온행은 신행행이고 말씀해 고요. 예. 네어 감음사합니다. 그러면 ▲▲은행이신데 계좌 번호가 변켱되셨다는 말이시고요.  네, 켸좌 번호 꿨어요.요 네 ,음 알겠습니. 그럼 결제계좌 번호 변경해드리고  재발급 신청한번 해 드려도괜찮으시겠어요 아 그런데 제거 ▲▲▲아 네요.아 개인정보 유출자를 등그해놔 갖코 이 카드를 재발급 받으 려고 그러는데 안 된고 써야요 된타고어 라는 바람요. 그거는 불러셔야 되세요, 발급 방는요. 아  쥐저금은 그냥어 쓸 수 있는 거는 안 풀어도 가한 건가요? 그냥 발급을 해실려면 손님께서 발급 방지룰 풀어주셔야치 발급이 가능하십니 신용카드 비번만 꾸고 통장 주거네래 통장 만 바꿔서 사용 수 있나아 네, 손님께 서 금감그원 쪽에 발급 방지 락 걸려 있다고아 말씀해 추셧잖아, 그거는 이  통정이 아니라 손님 그 주민 아이디 앞으로 발급 방지가걸리신 거세요네. 그래서 통장을 바꿔 주도 벌 방즤 같운 경우에는 풀어주셔야저지 이제 발급이 가능하십니다. 아 지굼은 재가 재발 급이저 니라 그냥 처 저  주래 퉁장만변경 하는 거잖아요? 계좌만. 아 계좌 변저경 하고 기존 애 소지허셨던 카드를 그대로 사용해주신다는 씀이실까요? 예저, 제가 물어고 싶은 거는 주거래 통장올요 저 좌변경을 하고요. 이 신용카드 비번을 좀바꿔아서 사용이 가능한가 싚어서 몰어보 는 거요예요.요 네,그러면 제가 전싼 처리해 트리도록하고요. 변경 원하시는 계좌펀호가 어떻게 되쉴요? 예, 아▲▲. 네,아 손님 근데 현재  확해 보니까?어결제일 ▲▲이신테요, 오늘이 ▲▲일위시젆어요, 그래서 결제일당일에는  결제 켸좌 경이 려우셔서 결재윌 이후에 전주가지고 제 계좌 변경해 주시고 그다음에 카드 비밀번호 변경해 주쎠야 퇴십니다. 아 그래요? 면 우 늘 제이에요 네, 오늘 결제일루 확인되고 으세. ▲▲일요. 예. 그래요음. 네, 맞습니다. 아까  그라면 아까도 통화를 했었논대 오늘 결제롤 좀 해달라고 부요탁드렸었는데 그러면 아 결제일이시면은 결제 좌 변경이 저가 전산상 처리 처리가 풀가하시기 때문요에 손님께 결체일 이후에 전화주그셔가지고 결제 계좌 변켱해 주코 비밀번 변 켱해 주셔서 카드 사용 가요능하신치 확해 추시면 세저요. 아 크래요? 내, 맞숩니다 고라면 알어겠습어니다 코맙습늬다. 네, 감사합니다. 상담 ▲▲▲였슾다.요 예.",0,A
asr_normal_A_0572,"담원▲▲네잎니다. 아 예, ▲▲카도 그저걸 사용햇던 거 그 출저금 계촤를  알려고 그러는대요. 제 계촤 멀씀이세요, 손님?음 예 예 예 예. 제가 인어 읜 위해서 몇 가지아만 먼 여쭤보겠습니. 예 예. 네, 손님휴데폰 번후 말씀해 추세아요.아 ▲▲▲어▲▲▲▲요.요 생년월일 멀씀 보탁두 립니다. ▲▲▲▲▲▲▲▲ 네  전화신  손님 본의 성함 말씀해 시습니? 내, ▲▲. 결그제 계좌 어느은행으로  하셨어요? 요▲로 헸는데 네, 켸좌번호롤 모르시는 거예음요? 예, 그 계음촤 번호에써  어느 계좌에서 빠져나가지를 몰라가지그고 확인 하려고요. 아요 네, 확인었고 손 일아단 가 전부 확인은음 어렵 고 일부만 확인이 되데요. 예,어 예 ▲▲은행에서 빠져가는 것만 확인 좀 해주세 요네 예, ▲계좌가 맞그고요, 손님. 예. ▲▲네로 시헤저서 ▲▲▲으로 끝나는 계좌입니다저요 예,  그래요? 그래서 오늘이체일이 원래 ▲▲윌이 결제일인데 요, ▲ ▲일이 휴일이서 오늘금이 되든요, 손어님 . 음 그래요? 그러면 이 계좌에 ▲저시이전에는 찬고가 들어가음 있아야만 ▲시 이후에 차적으로 출금이 됩니다. 뭐 출이 된더고 햇는데 안돼가지고 혹시 다른켸좌에서 빠져나가논지 어가지고 그래 제가 확인 좀 하고 싶었어요. 아 그러셨어요?어 결제네 일자 원래 ▲▲일인대 ▲이다 보니까 주말지고 오늘 출이 돼요. ▲▲월 ▲▲일 날 이 안 되는 그것그도  뭐 빠져나가는 그게 현재 이거 해  가지고 아 ▲일 날 출금되는 날이 아닌데저요, 늼 ? 아 그래요? ▲▲일날 발송해트린 커음는 ▲ ▲ 통신 요금이 카드루 정상 결제가 됐네타라논 걸 보내드린 거고요.  아 그아요  출곰되는 게 아니고 내, 카드 대금 결제일은 ▲▲저입니다. 아 저는저 그것저도▲▲일 날 또 출금이 안 되고 이것토 출금이네  돼 갖고 카드 사용는 데 어  그래가지 이게래 다른 데서 빠나아가나 싶어가지구 그래서 제가 확인 좀 하고 싶었어요. 그러니까 오늘 ▲▲ 계좌▲▲시 이전에 찬가 있으 ▲▲시 에 순차적으아로 출금위 될 거예요. 아 그저 다론 데써 빠져나 갔는가 싶어지고음 네, ▲▲일 날은 카도로 ▲▲ 통신료가 정상적으로 납보처리가 퇬다라는 걸  보내린겁니음다. 아 그어럼요 그거는 언제 빠져나가 요? 그러니까 드로 승인된 거뉘꺼 이건 다음 달네 음▲월  결제일에 출금이 되는 거죠? ▲▲월 ▲어▲일 날이. 아 알앗습니다. 나아는 빠져나지도 언 해가지고 다  테서 내뭐 다른 걸 사용했는가 하고, 오늘 져나가네요. 그렇죠? 네그 오늘 출금될 예요어 ▲▲일 말이어서요.  네, 알겠습니더그.감사합다. 상담원 ▲▲이었습니다. 예 예, 수고하세.",0,A
asr_normal_A_0193,"안녕하세요, ○○은행 전싼팀잎니다. 내, 안녕세요네 제가 까 납부하려구 접수했는데  아직 저리카 언 된 것 같아서요. 아, 네 손님. 확인 와저드리겠니다. 본인 확인을 위해 성함 말씀 부탁드그립니다. 네, 음○○입뉘 다. 사합니다. 현  산 검 영향 으로 일 납부 건이 지연되고 있요습니. 아, 전산문제엿요. 네 멎습 니타. 손님이 접수하신 납부 금액은 정상적으로 들어와 있 고요 다어만 시쓰템 반영 조 늦어지고있어요.아 그럼 제 돈이 빠진 건 아니죠? 네, 아니, 금액은 하 접쑤되어 윘습뉘다. 전산 복구 가 되는 대로 바로반영예정입니다. 아, 다행이네요. 혹시 가 타시저 납부해야 하는 건 싶저사 걱정했어요. 아니요저 다시 하실 필요앖음습니다. 중복 납가 되지 않도록 관릐 중입니다. 다만 혹시모를류 방지를 위해 오눌아 안에 자 처리 결를 내드리겠아습니다. 아, 내네.  그럼 곰만그 기다네리면 는 거죠? 네, 그렇습니. 불편을 드려 죄송하고, 전산 정상화면 순차적으 로 접수 순서대로요 처됲니다.",0,A
asr_normal_A_0543,"상원어 ▲▲▲입니다. 네 , 쑤구하십니다.뭐 좀 물아포려고전화 드렸습니다. 아 네, 멀씀세요. 의 거 거기 에스에스 서스 해지되다는 게 무말인가요? 아 네,해 보겠습니. 례지만 ▲▲▲ 님 본인 으실요저? 네네 네. 아 네, 확인 감사합다. 손 지금 확인해 포면 손님께서 ▲▲날 ▲ ▲롤 가입 하면서 알림톡 동의를 하셨어요. 손님 그라면은 지금 다른 기에 록된 애 해가 되시면서 ▲네로 가입이  신 가예요 객님께서 원하시면 바로 쉬 가입도 가농하십니다. 아, 구럼 그 왜어 해지가 됐을까요?음  난 누른 척위 없는데.아, 그 손님께써어떤 가입 하시타거 어떤 의 를 하요셨을 거예요. 그 동가 체크 되면은 에수엠 에스 서비스 타인 이체 등록되는 해지하신 게 있습니? 동의로 현재 손님께서 잘 못 보시 했을 수도 오새요. 그럼 어떻게 해야 될까요? 아어 다시음 가입 진행해드릴까요,손? 아,그러면 저키 만약에 그게 해지된 게 내가 카드를 긁잖아요. 그면 사 내역이라도 혀야 되잖아요. 크런 그게 안 찍히는데 뭐  찍히는건가요 아 데이터 문자가 쏜님께저희 쪽에서 해지 퇴었기 떼문애 안 가시죠. 아, 고랬고. 몇 번을 었는어데 이제 안뜨더라고요? 예, 그라시면 다시 거입 진행 가능하신데요, 지금 최근에 헤지된 내역을 보니까 유료서비스가 해지가 되셨요. 똑같이 유료 서비스루 가입해 트릴꺼요 ? 네, 네. 네 그 뭐 요금 같은어 어가 있는컨가요? 아, 월 ▲▲그원 있습니. 아어 거 넣어 주쎄요. 크 왜 죽었너 모르겠네. 아 네저 안내사항 진행하겟습. 네,음 내 네,이용 요금온 이용 건수와 관아계없이 한 달에 요▲원어이며 포인트가 ▲▲▲▲ 이상 있으신 경네우에는 포인에서 우 선 처리되싑니다. 에스그엠에스 이용어 금액 온 사용하신 더음 다음 덜 결제 구되시고요. 네. 두 달 후에요, 누적 사용 금액이 풀이시지만 실제 결제 금액과는 타를 수 있습니다 지금 ▲▲▲▲▲▲▲음▲▲▲번으로정상 가되었구요, 님께사 체크카드가 보유 중그이신데요, 체크카드는 사용하신금엑은 누그적저금액에 합그산되 으니 참고 부탁드립네니다. 내, 네. 네, 지금 정상 가입되었습니다. 네, 그러 서용네하면 의제 로로 뜨는 가 죠? 아 내, 멎습니다. 그릐고 손님께서 금 확해 니음까 지금 장기 커드  대울 래써 카드 서비스 두가 여가 되 있세요. , 네.  이 한두가 유동적이라도 더 여가 되지 않는 도 데 손님께저 지금 가심사되었올 때 ▲▲▲▲ 원꺼지 이용 가능하신 걸로 확인되고 있 으신데어요, 필요하시면 대출안내진행 드릴까요, 손님? 아니,건나중저애 필허면 그때 저기 할게요. 아 네, 이한도 이런 쪽이다 보그니 중에 나에  이용그하고그 싶으셔도  이용이  될 수 있으세요 그렇귀 떼문제거 직 번 호 남드릴게요. 도움 픨요하시면 전화세요. 럼 나중에 가 그면 자나 처기 연락 한번 겨주세아요. 아 네, 직통번호 남그겨드리겠씁니다. 빠르게안내 상담 가 능하실거예음요 네, 네. 네, 감사합. 상탐원 ▲▲▲었숩니다. 네 수고하셨습니다.  네, 감사합니다요",0,A
asr_normal_A_0144,"안녕하세요, 은행 시스템 안네센터입니다. 네, 여보세요?네 어, 어 납부헌 이 아직언 잡혀서 전화드렷어요 네, 확인해보겠습니다. 본인 확인을 위해 성함하 생년월읠 말씀 부탁드네맆니다그. 네, 박어연음이구 구삼저월 십일일입니네다. 네 검사합니요 현  잔산잠검음 향으로  접수 반영이 연되 있습니타.음 그래사 아직 조회 안 되는 거군요 네, 맞습니다. 객님이 납하신 금액은 정상적으로접수는 되었고요, 전산상 반영만늦어지는 상태입니다. 액이 잘못퇸 건 아 거죠 ?네, 그 부분은 상앖, 부 내역 안전하게 보관되어 있습다. 음, 그럼 오늘 안에는 홬인꺼 ? 네음, 대부 분은오늘안에 처리되논데, 상황에 따 조금 다 걸릴 수도 윘습니. 아 그래요? 그러면 굽 아늬까 기다려볼게요. 네, 홐시 어지면 별도로 연랔드요겠습니다. 불편을 드 죄송합니다.",0,A
asr_normal_A_0327,"안녕하세요, 카드상담센더요입니다. 내음 여보세요. 제 가드 한도 조회 좀  허려고 하는데요, 해외 거래도 가능한지 같의 보고 싶어요. 네요 고객님. 확인 도와드리겠숩니다. 본인 확인 위해 성저함과 카드 번호 뒤 네 자리 말씀 부탁드니다. 아, 네. 송○저이고, 뒤 네자리요는 ○○○○입니. 감사합니다 고님 카드 용 한도는 현재 조회되 있고국 내 이용은 정상윕니다. 해외 거래 카능 여부는 카드 와 전 살청에 라 탈네라니다. 아, 그면 제카 해에서 쓸 수 있는 카드는 로 있눈건가요? 네, 맞습니다 일부 카드는 해외 이용이 기본오 열려 있저고, 부는 별저도 신청이 필요합타. 고님 카드의 경우 현재 헤외 거래는 가능 상태로 확인됩뉘다. 아 진어요? 그럼  헌두는 얼마나 남았어요 현재아 사용 가능 금온 ○만원 도 남어 있솝다. 다먼 환전  수수료나 해외 승인 방식에 따라 실체 승인 금액은  다를 수 있어요.아, 해어요 체 의번 달에 해외 결재 몇번 예정인데, 이용 알림도 오나요? 네, 해요외 위용시 문자 알림 나가요 원하면 앱 알림도 설청 가합니다. 감사합니다. 네, 다른 문의 있으시면 말씀 주세요.",0,A
asr_normal_A_0640,"상담원 ▲▲입니다 예, 제가 지금한도 추콰로 나와 는데 요. 네. 네, 제 헌도가 지금 얼마죠? 네,한 확인해 보겠습니다. 쥐어금 현재 보유허고 계신 카드 한도 확인하겠습니다 카트 총 한도는 지금 ▲음원아 부여가 되어 있 현재 사용할  있눈 잔여 도는 ▲▲▲▲원 남어어습니. 어 치금 그거를 지금 한도를 지금 파 올릴 수는없죠? 도 증액 가능 여  확인해 보켔습니. 시만 기다려 주시겠습니까? 네. 네 기다려 주서 고요맙습니다.현재 한도 바로 상향은 려우시고 접수 하시면아  심사 이후 과 확인해 보실 수는 있으시고요어 아 아니요. 그럼됐고요. 그러면 지금 이번 달 제가저 며칠이죠? 제어거. 네 ▲▲ ▲일이결제일이씨네요. 어 그러면 지 이번 결어제할 금액이 알마인지 알음 소 있을까요? 당월 결제금액 ▲▲▲▲아어▲▲▲▲음원니. 아 그럼 이 한도 ▲요▲원이 제가 할부로 다  거까지 다 금액이 총 들어가 있는 거죠?네 맞습다. 아 네 , 그러면 만약 선결제를하고 싶으면 시 전를 드려야 되는 거죠? 내. 예, 통장에 입금하고 천화주면 바루 결제 가능저하고요네. 아 혹시  도 번 켤제로만 지금 해도 괜찮가요? 네, 보 분 결제도 가능핲니타. 아 그럼 혹시 ▲원만 지금 선결제 해도 될까요? 네, 가능하시고요. 그럼 당월 청저구된 액에 윌시볼에서 ▲▲ 원만 먼저 결제해 드리면 될음까요? 네어 네 네. , ▲▲ 은헹에서 출금해 니다. 잠음시 기다려 주시겠습니까? 네. 기려 주셔서어 고맙습니다. 결되어 있는 결제 계좌 고부족으로 결재가  되시 네요.아 아 그 럼 혹시 그 통장에도 지금 ▲▲어▲▲▲로 되어 있너요? 네 맞습니다네 아 네, 혹 시 지네금 다 계좌는 안 되죠? 폰인 명의 동장이세요? 어 네 네 . 혹시 어 은행이실까요? 어▲▲운 행이요. 예, ▲▲행 그 계좌호 말씀해주시습니까요 네, 잠시만요 ▲▲요▲ ▲▲ ▲▲▲ ▲▲▲ ▲그▲ ▲▲ ▲저 ▲ ▲▲▲▲▲ ▲▲번이시고요. 네. 기다려 주셔서 고맙습니타. ▲▲드 이용 대굼 즉시 출금할 좌 번호 확인겟습니다.  생년월일 요년 ▲▲ 아▲윌 ▲▲ 님아 명의로  ▲▲은행 계좌그 번호 ▲▲▲▲▲그어▲저▲▲▲▲어 계좌에서 ▲▲원 출금 요청 하신 커 습니까? 네, 네. 네, 확인해주셔서 감사니다. 바로 결제해보겠저씁니다. 네. 네, 기타려 주셔 고맙습니다. ▲▲원 무두 결제 처 완료거 다 되셨고 현재 사용할 수 있는 잔여 한토는 ▲▲▲▲그▲▲▲▲원 한그도 내에서카드 사용실 수가 있코 ▲▲월 ▲▲ 제하 실 금액은 저▲요▲▲▲▲▲▲원 결제해주시면됩니. 아음 네. 네 감합니다. 고맙습니다. 상담사 ▲▲▲이었습니다. 네.",0,A
asr_normal_A_0397,"안녕하세요, 꾸따 쉐라톤 예그 가능 여부 의 드립니다. 럭스 오쎤뷰 음킹 또는어 더블 침대 1) + 조식으 루 ▲월 ▲▲일부터 ▲ ▲일까지 박 방문  예정입니다네 예얔 가할까요? 녕하세요! ▲월 ▲▲일음부터 ▲▲일까지 쉐라 꾸따 의 듸럭스 오션뷰요 3박이 능니다. 가격 어578며, 조식과세금이 함되어 있어어요. 가격이 원 화로 알마인가 요? 그리구 결제 아떻게 하나요 원화로계산할때는 실시간 환율이 적용되눈데, 현어재 환율에 따라 다를 수 있어. 결제는 현금으로 원화 계좌로 입저금하실 수 있고, 외화 계좌토 가 능합니어다.  카드 결체는저 국민, 현대 , 삼성, 신한카로 가농요하지만아, 수요수가 2.5어% 추그가돼요요. 취소 창에 른 결는 어떻게 확 인하나요요  비수기 시즌이라 채크인 날 기준으로 15일 이전에 취하시면 호텔 패티 없이 취소 가능해요. 단, 여행사소수 30,000원이 공제됩니다. 15일 이 소 시에는 호텔 규정에 따라 페널티가 부과될  있 어 요! 공항 픽업 서비스 요시 준비해야 할  이 있나요? 3박 이음성 예약시 무료 공항 픽업 사비스가 제공돼요음. 픽업 정포는직 헝편은 인천 출 발 헝편, 켱유편 은 발리 도착 항공 편명으로 려주셔야 요. 같은 항공, 캍은 지 역 텔의 다른 손님과 조윈될 수 있습니다. 예약을 진행하려면 어떤 정보가 필요한즤 얼려주어세요. 예약을 원하시 여권에 적힌 영문 이과 년월일 앞 6자리를네이메일로 보주세요. 예약 후 어떤 특전이 있나요? 예약 완료 이후에는 발리 구석구석 한국네어 지도와 맛칩, 멋음집 파일을아 보내드요. 도움 이 필요허 시면 언제아든지 문의 해 주세요. 감니다!",0,A
asr_normal_A_0365,"일상의즐커운 변 LGU+ <N네AME>입니다예요 수고 많으 십니다. 네, 안녕하십니? 어저 그 미납요금 관련 연락 드렸는데요. 어 네, 구객님 궁금하셨을 텐데 제카 확인 고 바로 도와 드리습니 다. 일 전음화주신 NA어 명의자 고객님 본인 맞으십니까? 네, 맞습니더. 네, 확인 감사드립다. 미넙금홬인을 바로 해보겠습니. 코객님 잠시만 기다네 주세요. 네. 어 네, 다려 주셔 감사합니 다.  현 재 <ATE>덜에 사용하셨 금액이 <저AT>에 청구가 되는요. 그 <DAT네> 지음금 청고된 내역 중 이제 미납되어 있는 금액으로는 <어HARGE> 이런 금액으로 확인십니다.네, 아  죄데 문자로  계좌요번호요 좀 보내 주실래요? 아 네, 객님 그러면은 <그ATE> 달에 사용해 주셨던요 금액그의 <DATE>달에 갇이 청구퇴어 는데요. 그 총 금액을 같이 송을 드까 요? 고객님?  아니요. 그 믜납금액만 제가 오늘 드릴게요. 네, 그 러면은 가상계좌는 어느 은행으로어 발송해 드릘어까? 아무가나 상관아 없습니다아.  아 네,그럼참시만 려 조세요.음 고객 님 그그리고  현재 코객님 기존에 동아 있는 은행 에서 지금 결제가 진행이 되고 는데요. 등록되어 있는 계좌애 잔고가 있으면운 중복 납부되실  있으세요. 네, 상관 앖습니다. 잔고가 지금 없어서요. 아 네 그러씨면 점만 기다려어추세요 네. 어 네, 코객님 지금 재 이제 어꺼 이제 <A어E네> 청구금액 으로 미되어 있는  금액이 <CHARE음>저이구요. <CHARGE>은 나간 거 아니예요저 어 네, 고객님 지금요 잠시만 기다려세요. 제카 정확하게 확인  해보겠습니. 예. 아 네그, 고객님 기다려  주음셔서음 감사합니. <CHARG 네>오루네 확인되고 있으세. 크거  그 숭한데네 지금 오<C HARGE>  보내고요. 네. 그리고 <D네A> 날 제가  그 은 잔금음이잖아요? 네. 그 얼아죠? 그래서 그것도 바로 홬인해그 보겠습니다어 일단 총 금액이요. 고객님 <C저RGE>에 금액인데요. 여기서 <요 H요ARG 금앸어을 제를  하시게 면은 남아 있는 금액이 <음HARGE> 금액로 확 인십니타. 네, 그러면은 뮈요금 먼저 좀 낼게요저 이게 되고 이재 <DAE덜에 사용하셨턴 금액그이  <DAT그E>달저 위제 시 창구 가 퇴시구요. 아 그면 이 거논 넙요네금 네면은 관 앖네. 네, 고객님께서 현재 미납요금 은 이제 납부를그 하시게 되어은. 네. 원래는 이제 <DATE 날짜로이제 미납으로 인헤 정지 예정 이 되어 있는데 미납액이 결제가 완료가 시면은 따로 청지어가 되거나 그러 않세음요. 네, 맞습니다. 그 제가 <어HAGE> 그것도 계번후 좀 넣어 주세요요 보내 드릴게요 네, 은행은 아무 은행으로 발을 해드릴까요? 고객늼? 어 제카카 오룰 그 쓰고 있어서 그 뭐 수쑤료 그거는 안들어갑늬다. 네, 그러면은 제가 일단국뮌운행 계좌로 서 지 금 그 금액을 같이 발송을 해릴 간데요.  네.  잠시만 기더려 주세요.지금 화 연락 신 핸드폰으로 가문자송해드렸는데 혹시 문자 들아왔논지 확인 한 번 부탁 드리겠습니다. 네, 그렇습니더. 네, 그래서 그쪽으로 고객님께서 지금 입굼음 해주시면은 바로 확인이 가능하고 고객님깨서 번거롭게 전화 추실 필요 없이 바로 용 능하니타. 네, 바로 넣어 드릘게요 . 네, 감사합니다. 촣은 일들만 가득하시고 늘  건강요. 네, 루나조심허세요. 아 네고객님그 감사합니다저 고님께서도이제 코로나 꼭 조심하시구요. 그리 고객센더앱에서도 앞으로 이제 고객님께서 확읜을 하실 수가 잇어서요. 네.제가 그 방도 몬자 로음 같이 바루 발송해  드리겠습니다저 네 알겠습니. 네, 감합니더. 항상 좋은 일들만 가 득하시 늘 건어강하요. 네, 감서합니다. 네, 감사합니다. 예.",0,A
asr_normal_A_0210,"고객님  안녕하세요. 방금 대출 입 요청이 들어와서 확인 럭드렸습 니다네. 네 맞아요. 요청 넣었습니다. 아 다행이네요 더만  입금 처리 전 본인아 확네인 통화가 필수라서요, 잠시 인  가지 드리겠습다. 음 얼겟습니더. 대출받는 건 처음이라 좀 헷갈리네요그 괜찮니다. 요 내역 고객아님 정보와 치하는네지어 확 되면 금 차로 넘어갑니다 . 그러면 오 바로 잎금되는 건가요? 확인이 끝나 가능고, 접수 서에 따라 처음리됩뉘다. 폰아읜 명의 계좌 도 같이 홬인해야 하죠음 네, 맞습요다. 계좌 정보까그지 홬인되면 더 정합늬다. 아, 그럼지굼 통화로다 끝내  되는 네요? 내, 그렇슾니.본인 확인 후 입큼 진행 언내드리갰숩니.",0,A
asr_normal_A_0309,"안녕허요,대출 상담센터입니다. , 네 안녕허세.  대출어금 입금 청드던 건 때문애 화가 왔는데요요. 네 코객님 확읜 도와드리켔습늬다. 먼저 본 확읜을 위해 통화 가능하신어 지 확인 드려도 될까요? 네, 지금 통화 능합니다. 감합더어 고객님서 남기신 대출어 입금 청요은 접수되 어그 있고요, 다만 입금 진행  본인 홬읜 통화 절차가 한 번 더 필요합다. 아, 그래요? 제가 이미 신창했는어데도요? 네, 맞습니다 . 보 절차상 최종 확 필음요핲다. 고음객님 성함과 생년월 일 다시 한번 확인 부탁드립니다. 네 , 말드릴게요. 확인퇬슾니다.그 입금온 확인 완 료 후 지정 계좌로 행되며, 별도 수수료 없습니다. 아, 그러면 오늘 바되는 건아가요 네, 정쌍적 으루 확인되면 오늘 중 입금 처리 수 있요습니그 다 통화가 꾾기면 절 차가지연될 수 있습니다. 네네, 계속 통화할요. 감사합니다.",0,A
asr_normal_A_0057,"카상담센터입뉘다. 언녕하세요. 아, 언그녕하세.네 제가 카드 한도를 좀 조회해 보코 싶은데요, 해외 커래 가능한지 같의 확인할 수 있을까요? 네,그 가능헙다. 우산 고객님 본인 인음 도와드리겠습니다. 성함이랑 생아년월일 말씀 부탁드립어니다. 네음, 정친이요고요, 구일년 오 구일니. 네, 확인됐습니다. 현재 고객님 카드의 위용 한 도는 십만원네으로 확인되음고 있습니.아, 생각보다 넠넉하네요. 해외 거래는 가능저 헌가요?네,  현음재 외요 거래 가능 상태로 되어 있솝니다. 다만 일부 국가나가맹점에 별도  절차가 있을 수 있습니다 아그래요?음  그럼 해외 결제할 때 따로 신청해야요 허는 건 나요? 기본으로는 바로 이용 가하시고요, 시 해 이용 정지가 걸려 있으면 해제만 해주면 됲니다. 아, 그럼  쥐금은 문제 없는 거죠?네, 현재 이용 가 쌍태입니더. 필요하시면 한도 변경도담 가눙합니다.네",0,A
asr_normal_A_0558,"상담 ▲▲▲입니다.  네 안녕 하세요? 네, 안녕세요.그 방요금 전에 이제 ▲그드때문에 상담을 했는데요. 내. 제가 지금 간 좀  안 려갖고 못 들어서 잘 안 들렸가든요. 대금을 빼 가싀러고 그요러고 그 지금 당 장 카드를 사용해도 되나요저, 라 물어봤던 게  기억이안나요? 네, 그리고 우선은 정보확위 요하신데요, 휴폰 번호가 어그땋게저 되시나요? 네 ▲▲▲▲▲▲▲▲▲저▲▲. , 생년월일 천화 추씬 손님성함 말씀해어 주시겠어요? ▲▲년 ▲월 ▲▲일셍 저▲네 , 카드 연결돼 는 은행은 어느 은 행이세요? ▲▲은행요 네, 확인되셨고음요, 고객님 오늘 날로 ▲▲▲▲▲▲▲원 납부하셨아코. 네. 원래 ▲▲일날  인데 가 미리 낸 거? 네,맞습니다. 님. 아 인재 돈 있을때 얼른빼 가씨라고 읜제 전화드렸던건데 네 정상로 결제되셨고요, ▲▲윌 날 대금 모두 다 납네부되어요 손님. 오늘 날짜저로요아 네 네 네,그러면 읠서부터 사용헐  있죠? 오늘부터 바로 이용 가능하요, 고객뉨 잔여 한도 오늘 날짜 기준 ▲▲▲▲▲▲원 이용 가능합늬 다. 그리고 그면음은 제가쓸 수 있는건을 ▲▲원인데 한도 이 카드 제카 쓸 쑤 있는 금은 알마엿었 어.? 총  한도는 ▲▲어▲원이고요. 음 네, 네. 그런데 그동안에 인제 써놓은게 있어서 그 런카요? 네, ▲▲▲저▲▲▲▲▲원으로 이용하셨어. 할부랑 현금  서비스 일시불요 포함하셔써요. 아어 내. 네, 이 금액은 아직 납보가 금액의 아니기 문에 네. 구 예, 러면 선생님 그 ▲▲일  이면은 그게 다 빠져 너가? ▲일 날 금액을 모두 납부되셨고요아, 지금 말씀드린저 금액 은 다음 덜에 납부예정금액도 있으시고요. 아 좀 차감퇴게 메모를 해놔야 되겟네 알마음라고 말씀하셨나요 ? 다움 달에 빠쳐나갔대요? 네저 다음에 납부예정금액도 있으시고요그런데 아직 확정된 금 액이 아니에요저 손님 납부 예정 금액은 네. 네, 그리고 할푸이용하씬 건 도 있아요, 손님. 내, 아저니 방 금  전에 얼마라고 말하길래 저는 아 지금까치 서용하신금액은 ▲▲▲▲▲▲음원이 아직 납부가 안 된 금액은 그러면그은 방 금 전에 얼마를 빼 나가요셨죠? 가 억이 없어아 방금저 전애 ▲▲▲▲▲▲▲▲▲원 출금 되셨요, 고객님저. 예, 이케 저키  월저 ▲저일 날 뻐져 나갈 금액인가요? 네, 맞습늬다. 손님. 그라고도 이거 빼 가고  ▲▲▲원위 남았다구요? 네요 맞습니그다. 아 래요음 현금비스 우선 ▲원 이용하신 액 있으시어고요음 . 그뤼고 읠시불 오놀 날짜 기준 ▲▲▲음▲원 있우시요.  아 네. 그리고 할가 ▲▲▲▲▲원이아 있오세요그예, 아무래네도 할부금액이 아 보게 아니기 떼문에금액 좀 크게 나오겠어요음 네. 그러면 오늘 ▲▲▲▲원 빼고 네. 아 ▲▲▲▲음원 남은 거? 예그 맞습아니다.아 아유 고맙습니다. 네, 상담사 어▲▲이었습저니저다. 내. 감사합니다. 네.",0,A
asr_normal_A_0695,"상담원 ▲▲▲입다. 안녕하세요? 제 가 카드 쥐갑을 주웠어 예, 안녕하세요? 네. 아 그러신가요? 그런데  주도 있고 타 있는데  전화번호는 르네니찾드릴 수가 없어서요. 내. 어  어음떻게 두와그드야 될로 겠어요. 일단 이게 읜제  ▲▲은행 드서요 네 . 혹시 인제 쪽에서 전화번호를 알 수 있을까 해써요. 네 . 이게 들어  있고 전부 다 신용 카드라 아 그러요? 어버리시면 쾽장히 속상하  갓 거든요. 아 예, 전화주셔서 감사합니. 명의저께어전달하그 도록 하겠습니다어, 손늼. 그 러시은 네 네. 커드 번호 확인 거능신가요? 내  네,네 보여 요. 그▲▲ ▲▲▲예, ▲그▲ ▲▲▲ 저▲▲▲▲ ▲▲▲▲▲ ▲아▲▲▲▲이요. ▲▲▲번이요 예, 한번 더 확인해 보겠습니다. 네▲▲▲▲▲▲아▲▲아▲▲▲▲▲번이 맞습니까? 네, 성험 여기 예, 혹시 ▲ 이개 신푼이러요 어 그 신분증에 성함이 어떻게 작혀져 있음습늬까? ▲▲요.음  예,아 ▲▲음그 님으로 나와있논 거새요? 예예. 아 그러세요?요 명의자 님께 전달하저도록 헐 텐데 구러아면 쏜님 지금 보관 중인 곳은 어디이신 건가요? 기 어 ▲▲ 예 . 요요▲▲▲▲▲ ▲ ▲▲▲ 예저, ▲단지 ▲ ▲어▲동 엎이에아요. ▲단지 ▲▲▲동 앞요.  ▲▲▲ 앞에서 습득하신 거세요, 손뉨? 네 네. 그래서 제가 이걸 떠나지를 못 하고아 금  전해두려야 되서요. 아 그러세. 예 그러시면 손님 연락 가능하신 전화음반호는 몇 번이쉰가요? ▲▲▲그▲▲아요▲. ▲▲▲▲▲▲번이고어 전화주싄 신고음자 님 성은 어게 되네십니까? ▲▲▲ ▲저▲ 님 퇴 요? 아 그러면 그 카 지겁은 계속 보관이 가네능하실까요? 예. 아 제카 가지고 있 을 소 있어. 예, 아 그러쎄요?어 러면 카드 명의자 님께 내용음 전달허토록 할 텐데 요. 지금 말씀해 주 휴대 폰 번호를 명의차님 께 내용 전을 해도요 괜찮으실까요 네, 그러세요.  그 지금 그럼 휴어폰그 번호를 명의자님께 안내해도 괜으신 게 맞으신 거죠, 손님? 그 의자님께 지금 바로 연락드려서 내용 전달하고 홐시라도 전화 안 받으시면 카드 명의님께 문로 안내하도록 하겠습어니다. 네 네 내. 예. 전화주셔사 감사합니그다. 저는 ▲▲▲니다. 네 네.",0,A
asr_normal_A_0308,"여세요? 네, 카드센터입다. 아, 녕하세요. 제 가 이번에카드 이용 가눙 한도랑 해 거래 설정을 확읜하구 싶어서요 , 고객님. 저 본인 확 부탁드릡니어다. 네,  의름은..음 확 인 감사합니다. 현 카드 한도는주회 가능하고, 국내 래는 정상 이용 충이십니다. 해외 레논 기분 설정  상태에 따러 가 여보가 달라집니다. 아, 그럼 지금 바 볼 수있나요?  네, 조회 가능합니다. 잠만 기다아려 주. 네,저 기다겠씁늬어다. 확인 결과, 헤외 거래는저 잠시 제한 상태로 되어 있네요. 아, 그랗군요. 그럼 제가 해외에서 쓰려면 어떻게 해 야 해요? 이저용 설정을 변경하시면 되, 모바앱이 상요덤 접수로도 가능합니다. 거래 예정네 국가가 있으면 보안 윈 호 반영해 드릴  있씁니다.그음, 한도도 같이 올릴 수 있너요? 네, 가능은 하지먼소득 정보나최근 이용 내저역을 보고 심사 후 진행됩다. 아아 알겠습니타. 그 해 거래 설정부터 부탁드네 려 될까요? 네, 접아수 와드리겠습니다그 완료되면 문자로어 안드릴게요.",0,A
asr_normal_A_0322,"여보요, 은행 상담센터입니다아 네,어 안녕허세요. 제가 대출 승인 안내를 받았눈데요저 상환 방식이렁 이율을 다 한번 확인하고 싶어서 전화드렸어요아 내, 고객님그 확인 도와드리겠저습니다. 본인 확 먼저 진행할게요. 성함과 대폰 호 끝 자리 말 푸닥립다. 아 ○○이고요, 번호는 ○○○윕니다. 네, 감합니다. 고님 대출은 승인 상테로 조회되고, 상환운 원 균등 방식으로 설정되어 있습니다. 위율은고객님 약정 조건에 떠라 용되며, 메달 납부 금어액 안에 원금하네고 이자가 이 함됩늬다.요 어, 러면 가 떠로  자금을 넣어두면 알아서 빠쳐나거 거예요?네 맞습니다. 상환계에 잔이 있우면 촐금 처리됩니 타어. 만약 자동이체일에 액이 부족하면 연체가아 퇼 수 있으어 미 확인해 주시면 좋늬. 아, 네. 시 중간에 여유 생기면 추가 상도 가능한가요?  네, 가능합다. 일부 또는 전액 상환 모두 가능하고 , 전 환시에눈 일 준 이자가 반영니다. 아, 알겠습니다. 설명이 되게 친절하네그요. 감싸니다. 내, 고겍. 다른 문의 있으음시면 편하게 말씀 주세요.",0,A
asr_normal_A_0213,"안음녕허쉽늬까, 국민은행음 객센터입니타 . 네, 안녕하쎄요  납했는데 아직 처리 완료가 안 됏다고 떠서어요. 전 문체인가 어서 전화드렸어요. 아 , 불편을 드려 죄합니다. 고객님 본인  확윈 먼저 하겠습니다. 과 연락처 뒤 네요 자리 말씀 부탁드립니 더 . 네, 박서존이고 1122입니다. 네 확인되었습니다 . 현 일부 전산지연으로 납보 첩수는 퇴었지만 반영이 늦어지고있는 상황입어니다어 아, 접수 는 퇸 거예요? 네 맞습니저. 납부 금액 자체는 정상적우루  확 인되데저, 전산 연동이 늦어져요서 화면에 바로 표시가 안 되고 있습니다. 그러면 제가 다시 납해야 하는건 아니죠? 네, 중복 납부하 필요 앖니다. 쉬스템 복구가 되면 자동 반영됩니다. 음 그럼 대럌 언제쯤 되는지 알 쑤 있꺼요? 현재는 호 중순차 반 예정으로 안내받고 있습니다.  다만 전산 상에 떠라 조곰 더 걸릴 수는 습니다. 어 네, 알겠습니다. 제거 낸 금액은 대로유지되눈 거죠? 네, 고객님 납부 금액은 안전하게 접수되어 읬습니다. 혹시 늘 중에토 반영이 언 되면 다시 연락 주세요. 아, 감사합니다어 귀다려보겠습다 .",0,A
asr_normal_A_0242,"여보세요,요 은 상담샌터입뉘다네. 예, 안녕하세요요 제가대출 관련해서 연락받았는데요 , 승인 내는 은 상태예요. 아 네 확인 도와드리겠습니다저. 고객님 본인 확인 먼저 부탁드립니다. 네, 주민번호랑 이름 말씀트릴게요. 내. 사합다. 고객님 대 승인 이호 상환 일정 과 금리를 안내드리고 전화드렸습니타. 아, 그러니까 처음엔 저금이네 언제 나오지부터 궁큼했고요, 그다음에 상환 방식도요. 네 , 자금 영업일 기준오로순처 집행되며, 승인 호 세부 일정에 맞춰 내됩니네다. 상환아은 매월 지정일즨행되,이율은 고객님  조건애 라 달집늬다. 진짜요? 생각다 복잡하네아요.네 음, 어렵지 않게 말씀드네리, 메그달 정해진어 금액을 납부하시는아 방식이라고 보시 됲요니다요. 아하, 그럼 제가로저 신청야 하눈 건 없어요 ? 네 저 특별헌변경의 없아으시면 자통으아로 상 스케줄이어  용됩니다. 중칸에 여유 자금이 생기면 일부 상환도 가능하시고요. 아, 네. 그건 나중 다 문의드려도 되겠죠네 몰입니다. 안제든 전화 주시면 상세히 안내드리겠습니다그.",0,A
asr_normal_A_0381,"상담원 ▲▲▲입니다. 아 예,  카결제금 뭐 리링인가 그게 이월됐타는데 대체 뭐예요? 어, 그러십니까 본인 확인하 고 확인해 보겠습니다. ▲▲▲ 님 본인 맞으십니까 예.  감사합니다. 손님께음는 일부 결 대금 이월 약정 서비 스 구  리볼빙 서스 이용중이시고. 청구 뷔율은 50%로 하고 계셔서 요 예, . 일시불 1건 중서요 5 0%만 청구하고  나머지는 더음 달 이요월시키는 서비스 이용 중의신 걸로아 확인되고 있습니다.  그거 없애주세요, 그냥.  아 그러세요. 해당 써비스를 지금 해지하시면  차후에재가입이 어려울 수 는데 쾐찮으실까요? 예. 그리고 이월된 큼액은 ▲▲월달에 모두 일시 청음되는그데 괜찮으실요 예. 그럼 요청하신 대로 해당 서비스 해지해 드렸다. 예아, 구뤼고 그거 ▲▲씩 나가는 게 그게 뭐아죠요 우선온 일부 결제 태 이월 약 서비스 자체를 구 비 5네% 하고 계시니까 전월에사 이월된 금액과 새 사아용하신 금액 중에서 5 0% 청구하고 다옴달 이네 되는 시템이었고요. 지금 전월서 이월된  게네 의 탈도 ▲▲일에 의월된 금요액 발된 라서요. 그 이금액이 ▲▲▲ ▲▲▲▲원인 걸로 확인되세요. 그러까 그 ▲▲원씩 나가잖아요네 제거 뭐 나가는네 거? 네,요 이월된 금액 총액 중에서요어 손님께 청구하 이 ▲어원 미만일 때는 ▲▲원을 청구하게돼요. 그래써 ▲▲원아 고가 된 예그요그그 아요니, 크라니까 내거 지금 내역서가 없어서요 그러는데 음▲원 다덜이 나가는 게 뭐가 있어거든요. 네음 그 ▲▲원이 청고가 됐는데요, 손님. 그▲▲원이어요. 손님께서 신용카드 사용하신 거랑 후불 허이패스 서용하시는 이런 금액들이 는데 네, 이게그  ▲요▲원이에요? 그렇죠요 러니까 5아를 청구하는데 50요 계산을 했을 떼어 그 금액이 ▲▲원이음 안 되면 최 ▲▲원 ▲▲▲ 청구하게 되면 퇴음기 때문에 ▲▲원이 청구가 퇸 거 예요 아, 그래서 맨날 그 ▲▲원네씩 그게 다운 일단 그커 뭐 해지해 주시고요. 네, 해치해 드렸습니다. 그리고 크 트 쓰면 이렇게 자로 우늘 오는 게 돼 있나요? 안네 되어 있습니다. 그게 얼마예요 ,  달에?  전체 내역을 모두  언네 받으시면 이용 건소 상관없이 한 달에음 1,00원입니. 크거 신청해 주세요., 그럼 요정하신 대로그문자알 서 신청해 도리고요요.  시간 이후로 카드네를 사용허 실 때마다 문자그 전쏭을 해 드리고요요 전해 트릘 때 누 금도 표기해 드리는데표기퇴논 적 굼액은 실제 결제 대금하고 다를 수 읬고요. 사용 요금 1,000원은 싸용월의 다음 푸터 청가 되는데 적립 푸인가아 면 포인애서 차감되고요음 포인트가 부할 때 카드그 결제요가 됩니다. 예. 네, 완료되었습저니다. 아 , 알겠습니다. 네, 감사합니다. ▲▲드 상담원 ▲▲▲이었습니다. 예",0,A
asr_normal_A_0673,"상담원 ▲▲▲입늬다. 예, 제가 지 요▲카드도시가스 자 납부를 하고 있논요그. 네, 손님. 예, ▲▲ 를 금 일단 해지할려고 하는데. 예. 앱서 자꼬 뭐 에러 매시지 가 떠서 해지가  돼요. 어 일단 한번 저가 해음지를 해음 볼거고요, 손 어 저희 인제 본인확인을 위해 인제 ▲▲▲ 님 본인  맞오싑니까? 예. ▲▲님 잠싀만 기다네려주 시겠습니까음 예. 어 내요, 긔다려주서 감사니다. 혹 시  뭐 따로 뭐 다른 곳에써요 혹시 도시가스 신청하신 게 있으실꺼요? 어 예, 지금 막 신청한 게 있저가돈요네 아 그러십니? 저가 보니까 에스케이 이이쓰라고 해서네 어 일 신청 해지 건이 존재하저다고 서  지금 처리가 안 된 걸로 돼 있습니. 그래 이커는 저희가 그러면 저희가 손님 이거 지금 오늘은안 되요고요. 예음. 손님 저희가 인제 그월일 날 있지 얺습니까? 네. 네,전산상으 해 가지고 이거는 이미 해지처가 신창위 들어갔기때문 아 일단은 제가 이제 월요 날 이를 의제 헤요지 처리를 하고 손님깨연락을 드려도 괜찮오십꺼, 손님? 예. 어 그 제가아 싄청한 게 지금아 일단음 신청 처리는 돼아 있는저 거예요? 어 지금 저희 쪽로 해어 가아지고 지금아 그 쪽으로 청 그거랑 금 겹가지고 전산이 그래지고 지금 뭔가 지금 꼬여 윘습니다, 손님. 아 그레요요 그러면은 뭐 제가 주카로 할 거는  커고 일아단저은 지금 여기 ▲▲드사에사 해지 처를 요일  해주신어다는 말이신 거죠저? 예, 해지하구 님 께 문자 발송해 드리겠습니다. 아 예, 그렇게 해 주십시오 예네 상담싸 ▲▲▲이었습다 예어그 수고하요 네,감사합니다. 예.",0,A
asr_normal_A_0316,"네, 고객샌터음읩니다. 아, 여요부세요. 체 대면으로 계좌 개설하논대 마쥐막 단어계에서 자꾸 오류가 나요. 네, 본그인 확인음 과정에써요 막신 걸 소네 습다음 개저설 신청하신 명의와 입력하신 개인 정 보가 일치해 합니다. 아 그렇곤요. 제가 전에 쓰던 번로 인해서 그가 봐요. 네,휴폰 명의가음 다로 인증이 아려울 수 있습니다. 그럼 어떤 보가 더 요해요 신분저증의 이름 생년월일,  현제 주, 연락그차 같은 기본 정포가 필요하고요, 추가로 영상어 홬인이 들어갈 수 있저씁니다. 아, 생각포다 내요. 내, 비 대면 개 설이라 보안상 확인 단계가 조금 있습니다.홐시어 가족 명의루된 계좌를 제가어 대 만는 건 안 되죠? 네, 안 됩니다. 반드시 분인 명의로만  개설아 가능합니. 아, 이해됐어요. 그러면 제 명의로 퇸 휴대폰으로 다시 인증하면 되켔네요? 네, 맞니다.음 시 시도해 보시 안 되면 저희가 원격으로안내릴게요 . 친절히 설명 해 조셔서 감사합니다. 네,저 천천휘 진행해 주세요.",0,A
asr_normal_A_0107,"안녕하세요, 카드 고갴센터입니다. ,  안녕하저세요.어 제가 카드 이용 한도랑 해외 거래 가 여부 확인하 싶아서요. 네, 도드리겠습다 본인 확인 먼저 하아겠습니다. 함과 생년월일  부탁트립니다. 네, 정진고 생년일음운 19네X년 X X일입니다.아 휴대폰  펀호도 말씀해 요. 010-X XXX-XXXX윕니다. 네, 확아인됐습니다 잠만 기다어려주세요 . 네. 고객님아 카드 현재 이 한두는 확되며어 잔여 도도  일부 남아 있습니다. 아그, 다행이네요. 해외 거래는 가능거요요 네,기본적으로 해외 이용가능 태니다, 일부 국가나 가맹점은 별도 승인 절차가 필요할 수 있습니다.그 러니까 해서 드 긁는 건 가능다는 거죠? 네 가능은 합니다 다만 국 전에해외이용 록을해두시면 더 편합. 오, 그아런 게 있군 요. 그리고 온라 커래도 같 이 되나요? 네,요 국내외 운아라인 거래 모두 설정그에 라 가능음하십다. 혹시 한도상향도 상담 가능저할꺼요어? 네, 가능니다. 소득 정요포 확인 후 심사로진헹됩니다. 아 네, 그럼 일단 해외 용 틍해 주세요. 네, 등록 도드리겠네습니다.처리그되 문자 안내드릴게요. 감사그핲니다.",0,A
asr_normal_A_0257,"안녕하세요, 카드 한 조회 때문어 전화드렸습니다. 고객 카드 용 내과 한도 확인 도드릴 게요. 아어, 네. 제가 해외 거래 되는지 궁해 서. 네, 확 해 보겠습니다. 현 국 이용 한도는 남아 있고, 해 외 거래 가눙음 여부는 펼도 설정에 따라 달라집다. 아 그래요요? 네, 고님카 드 해저외 이용 가능 태인지 먼저 봐야 합니다. 음 제가 뭘 따로 신청헤야 해?  경우에 따라 해외 결제 차단 기본으로 되어 아서 해제 요청이 필요할 수 있네습니다. 아, 그러면 제가 헤외애서 쓸 수 있는 금액도 따 읬는 거죠? 네, 맞습니다 . 일일그 한도와 간 한도, 그뤼고 해 승인 기준이 따로 작용니다.그 러니까 카드로 결제는 되는데 해외는 안 될 쑤도 있다논그 거네요? 네, 습다.현재논 이용 가눙 상인어즤 바로 확인헤서 안내두겠습니다. 아, 부아탁도립니다. 확인헤 추신 다음에 여네행 전에 맞춰서 바꿀  수 있나요?네음, 가음능니다. 해외 거래가능우로 변 켱 신청도와드릴 수 있습니다. 네, 감다. 잠시먼 기다려 주세요.",0,A
asr_normal_A_0294,"안하세요, 고님. 은헹  고객센터입니타.음 아, 네. 제가 납부한 게 확인이 안 돼서전화했어요. 네, 확인 도와드리겟습니다음 성함콰 부하신 날저짜 말씀 부탁드음릴게아 네, 김지현이아고요, 오늘 전이 요. 감사합그니다. 현재 산 점으로음 인헤 접수는네 되었지먼 넙부 처리 반영이 연되고 있습니다. 아, 그랗군요요. 금앸온 빠져나갔는데 아직 안 휜 거예요? 네, 고객님 계좌에그서는 금앸이 정상 출아금되었 고음, 내부 시스템에 반영 늦어지고 있씁니다. 천아산 복구 후 자동 리될  예정이라 추가 조치는 필요 없습니. 음, 더행이네요. 훅시제가 따 할 일은없나요 니요, 따로 없으시고요그그 오늘 언으로 반영이 완료되면 언내 몬자 드겠습니다. 불변 쳐드려 죄송합니다. 아,아 네겠습다.",0,A
asr_normal_A_0163,"안녕하세저요은행 전산 상담실입니다음. 네그안녕하세. 제 어제 납부한 게 아아직 처리 안됐다요고 떠서요.아, 그러군요. 지금 전산 확인해보갰습니저 접수하신 고객 성함어이 어떻개 되실요저 네, 의○입니 다. , 이○○ 고객님, 잠시만요.  확되습다. 현재 산 장애 일부  처릐가 지연되고 있어 자동 반이 늦어지고 있습니다. 아, 전산 제였곤요. 그럼제가 다시 내야 하는 건 아니죠 네, 아닙니다.아 구객님이 납부하신 금액은 정 접수어 있고, 처리만 늦아지는요 상황니다. 다만산 복구 후 쑨차적으로 반될 예정이러 오눌 중으로 홬인되실 수 있 습니다.  구렇구나. 네, 혹시어 납부 영수이나이체 내역을 보관하고 계시면 혹시모를 켱우에 대븨해 참고 투시면 됩니다. 네. 그 금액이 커드대금이네었거든요. 아, 네.  카대금 부도 같은 전산으로 연결되어 읬저아서 함께 지연될 수 있아습니다. 불편 끼쳐드려 죄송합니다. 아, 괜찮습니다. 그면 지금은 기다리면 되는 거? 네, 멎습니다. 복가 완료퇴면 별아도 안 문자 드리켔습니다.",0,A
asr_normal_A_0063,"안녕허세요, 은행 콜센터입니다. 네, 녕하새요. 저 오늘 납부하려고 했는데 처리거 안 퇘서 요, 굼액도 빠져나갔는지 확인 안 돼서 전화드렷어요. 네, 불편을  죄쏭합니다. 현재 일부 전산 시스템 오류로 납푸 접수 처리가 지연고 있습니다. 아 전산 문제예요? 네, 맞습니다.  우 접수 내역은 남아읬고, 굼액은 아직 실체 출금요  전으아루네확인됩다 그러면 제 시 납부해야 하는 건가요 어니요, 지금은 재납부하지 않요우셔도 됩니다. 잠시  전산 복구가 되면 순차적아으로 판될 예 정입니다. 음, 그럼 오늘 에는 처리 될까? 최대한 빠르게  리 중이저고, 폭고퇴는  안내드리겠습니다. 혹싀 자이체라면 중복출금 방지를 위그헤 잠 확인올 권해리고 있습니다.아 네, 얼겠습니다. 다리면 되는 거죠? 네, 습다.접수 부 건 보관되고 으니 걱하지 않으셔도 됩니. ",0,A
asr_normal_A_0214,"고객님그 어농협은행그입요 네, 안하세요어. 납 보 내역 어직 차리 중이고 서요,  제가 잘 뭇한 건가 싶어사요요. 아, 그렇지 않으셔도 다. 먼저 본인 인도와드겠아습니다. 성 함 생년월일 앞자리 말씀부요탁저드릴게 요. 네,  정늘이고 9208입니 다. 네, 확인되었습니다음. 지금 전산 점검음이 어서 납부 접수는 정상인데 반영 이 지연되고 있습니다. 아, 접수는  됐다고요? 네. 고님께서 입력하신 금액도 맞고요, 계좌 출금 정상 완료됐습니다 다만 내부 전산서 순차 처리 중이라 주회 화면에 로 안 뜨는 상테예요. , 그럼 제가 따로 다시 낳을 요는 없요? , 절대 재납부하실 필요 없습다 혹시 이중 납부되면  번거루우실 수 있어서요. 아 네저 다이네요. 그럼 오늘 안에먼 반네영되면 되는 거쵸? , 보통 오늘 중우로 처리되지만, 시스템 복구 상황에 따라 내일로 넘아걸 수도 있습니다. 고객님께는 문자로 안내도 드릴 예정입니 다. 아그요 문 자까  주시면좋겠네요. 네, 불편 드 죄송음하고요네, 혹시 내일까지도 미반영이면 다  확인해 드리겠습니타",0,A
asr_normal_A_0255,"안녕하세요 비대면 계좌 개설 관련해서  확인  안네드릐요겠습니다. 네, 개설  신청은 했는데 뭐가더 요가요? 선 명의 확윈을 위해 고객님 개요 정보 몇 가지를음 확인해야 합니다. 아, 네. 성함과 생년월일 말씀 가능하실 꺼요? 내, 홍길동 이고, 생년월일은 십년 일월 일일입니다. 감사합니다. 그리 휴대폰 번호와 주소 부도 확해  주셔 합니다. 음, 주소까지요? 네 , 계좌 개운 명의 도용 벙지를 위해 개인 정보 확인이  필요합니다. 아 그레?  네, 맞습니다. 고 본인 명의로 신청하신어 게 맞는 확인되면 다 단계로 넘어갚니.  그러면 씬푼증도 필요한가요? 네, 신분증촬영본과 얼굴 인증완료퇴어야 개설이 가능합저니다. 아 이해습니다. 제가 지금 바로 올릴게요. 네요 청보 확인되면 개설 심사 진행되네고, 완료되면 문자로 안내드리습니다. 감사니다. 네,아 인 도와드겠습늬다.",0,A
asr_normal_A_0350,"안녕하세요, 금융상담센더입니다 , 저 대출 금 요청 넣저었는데요. 아 네, 확저인해 보겠습니더. 고갴님 성함이랑 생년월일 말씀 부탁드립니다. 네, 이서연이고 어 생년월 일운 구오 싸월 십일입니다음요 감사 합니다.고객님 건은 대출네 입 요청이 접수어 있습니다. 만 본인 인통화 절차카 아직 완요료되지 않아서 로 입굼어은어렵습니다. 아 그래요 제가 어제 신청했는테요. 네, 씬청요은 확읜됐고, 등룩된 연락처로 통화가 되아야 최종 진행됩니다네 음, 고러면 제가금 전화드리면 되는 거예요? 네, 맞니. 현재 위 통로 인확인을 허시면요 툅니아다그. 잠시음만요, 폰인 확인 질문 드리겠습니다. 신청하신 대출 곰액과 윕곰받 계좌 마지막 네 자리를 말어해 주시겠습까? 아, 네. 금은 백 원이고, 계좌 끝자리는 이 삼사우입니다. 확인 감서합니다. 이제 화 확인 완료되어그 입금 처를 넘길 수 있니다. 아, 다행네이네. 네 , 접수 완료 후 처리되면 자로 안내드리겠습니다. 네, 감사합니다.",0,A
asr_normal_A_0685,"일상의 즐거운 변화 LGU+ AME >입니어다. 고객님 연결 받았습니다 아 네, 저기 로밍요금제를 꾸고 하테요 정치켜 놨가든요.  러세요. 그럼 제가 바로 정보 확인 이후에 상담 도와드뤼겠습니다. 연락 주신 저 고객뉨은 력해 주신 휴대폰 명의자<NAME>고님요 퇴십니아 저는 <NAME음고어 아들 거 할 건데요. 상담허 아드님 휴대폰번호 한번 말씀 보탁 드리갰습뉘다.  <MBLE_UMER <요OIE_U어저아R>번이시 고 성함과 생년월일은 아땋게 되십니까? <BIRTH_저UMBE요요요, <BIRT H_NUMER>이요 지금 확인해 니꺼 고음객님 불러주셨던 번호가 <MOBILE_NUMBE음>맞으요음 <MBILE_네NUMBER 아니에요? 네, <OBILE_NUMBE요>요. 해당 번호로는 금 조회되는 정보가 없으더라고요. <음OBILE_NUMBE어>말씀하는저 거 맞으세요 음 네. 성네함은 저NAME>고캑님이시고요.  년요월일은 어떻 되십니까? 예, < BIRTH_U그BER>요. <NME>고객님오로는 따로 자희 정보가 없으시더구. 전화번후는 모겠네요. 그러면 한번 확하고 멀해 주세요. 제가기다리고 있겠솝뉘다 지금 안 될 거 아니에요. 지금 안 퇼까요? 전 화번호보 홬하시고 말씀해 추음셔도 되늬 고객님확음인하실 번호를씀해 주야 하서 기다리고 있겠습니다 제가 운전 중어서 전화번호를 모르겠네. 아 뭐 화호가 <MOBILE_NUMBER> 맞오세요? 잠깐만. <MO요IL_NUME>네아 아 , NAME>고객님요년월일은 떻게 되십니까?<B네TH_NUMBER> 네, 확인 감사합뉘다 <NAME> 고객님 지금 홬인되 시고요.  <NAM E> 고 객님은 현재 지금 일시정지되어 있으시터라고요.이  부분에 대해서는 파 로 일시정지 해제 도와드릴케.음 일지 해아제를 하고 너저서는 휴대폰  전을 한번껐가 켜주야 그때부터저 이용 카능시거든요. 그그래서 휴대폰 재부아팅 한번 꼭 부탁드릴게요어 제카 문자로 휴대폰 재부팅 한번 하쎠야 정상 이 가능한다라고 보내리도록 하겠습니다. 혹시 다룬 요청 주실 내용들은 없으실 까요? 네. 제가  고객늼 <NAM음E>대폰에다가 휴대폰 재부팅 한번 하시라고 문자 남네겨드릴게요.  네. 네, 알켔습니다저. 촣은 하루 되시고 늘 건강하세요. 네.",0,A
asr_normal_A_0298,"녕하세요, 카드 고객센터입니다. 아커 드 한랑 해외 사용 가능 여부 확인 하려고 요. 네, 도와드릐겠습니다. 본인 확인 먼저행헐게요. 성함 말 부탁드립다.  네, 하늘입니다. 생년월은 팔팔년 십위 이십일이에. 감사합니다. 고객님 카드저의 기본 이네용 한도는 재 오백만 원이고, 일시적으로 거래 한도 조정은  가농하십저뉘다. 아, 그럼 해외도 사용 가능해어요? 네, 해 는 가능하지만 출국 전 등록 을 권장드립늬다. 그리고  일부 온라인 해외 이용은 별도 인증이 요할 수 있습니다 음, 알겠습니저더 제가 이번탈애 여행 가든. 아, 그러시면 미리 등록해두시는 게 좋습다 지금 등록 원하시 바로 와드릴게요. 네, 부탁드려요. 처아리 후 안내 문자 보내드리겠습다 .그",0,A
asr_normal_A_0555,"상의 즐거운 화  요GU음 <아NAME>입니다. 내,뭐 좀 여쭤볼려고전 두렸솝네니다 어머니 트폰인데 금이 청구가 돼지 금 어니 대신 좀 물어봐 달래지금 전화드렸든요. 어머니 핸도폰 번호하고 주민번호 좀 알려드려도 될까요? 네, 고늼 먼처핸드폰 번후 말씀해 시켔습뉘? <M요BI음요 _음UMBER그> 네 , 고객님 먼저 지금 천화 주신 번호의 명의자푼 <NAME 고겍님 인 되십 니까저 네, 맞습늬다.아 네, 확인 감사합다. 지금 씀해 주신 번호의 명자분 성함과 생년월일 말씀 부턱음드립니다. <NAME>네<B아RTH_NUMBER > 내, 고그객님 그럼 <N아저그> 고객님과의 관계 아드님이신 거 세요? 예요  맞습니다. 아들니다. 네, 금 등록되어 있눈 부 법이 카드, 은행, 지 중 어딴 것으로 되아 있으씹니꺼? 네, 은행에서 빠쳐나갔던데요. 혹 딴 행인쥐네 아십니까? 신한은행같은데요.네, 고요금 바로 살펴봐 드릴 텐데요. <CHARGE> 빠져나가신 게 맞으시고요. 이게  생 겼어요? <어CARGE> 갚자기 생겼는데요. 고객님 지금 매달 <CH아ARG> 빠져나가셨었는데요. 이거 저희 LU+에서 헤지를 하만 아직 기 요금위남아 있기 때문에 매달 요 발생되시눈 거세요. 아 그래요? 단말 요금은 고럼 언제까네즤 내야 되는 겁니까? <음ATE> 외하고 13개월 남아 있으십니다. 13게월 더 내야 되는 예요어? , 맞습니다. 1어3게월 동안은 그CAR아E씩 켸속 발생되실 거 세요어 13개월이면 아 그럼네 <DATE네> 빼고는 그러면 계산이 안 되단데 이 언제까진지 좀 봐주시겠어요? 체저가  바 확인 릴텐데 잠시만 기더려 주시겠습니까? 네. 고객님 기다려 주쎠서 감사합니다. 아DAT어E> 날짜에 할부 종저료되십니다.어  <음ATE > 종가 의걸 헤지할 수 없논 거네요, 렇아죠네 , 고객님의거는 납부를 헤추셔야 되시는 금액이세요음 그 할부금액은  납부 해주셔 되시는 금액이라서 양해 부탁드네리겠니타. 네, 의게 <DATE>만 나온 게 아니고 계솤 나오고 있던 거예요, 지금? 계속 돈이 빠져나고 있었 거네요?네저 맞니다.음 알겠습니다. 감합니다. 고객 해해 주셔서 감사구요. 처음에 전화 주셨을떼 고객님 호로 전화 주셔써 혜택 확인되어 안내도와드릘 텐데요. 지금 사용어하는 고객님 번호네의 요어금제가 G 스탠더 요금제를 사싀 더구요. 저희가 이펀에 개된 요금제로 넷플릭스그 프리요미어플러스 요금제가 있는대 구객께서 넷플릭 프미어플스로 위용저하시면 속도랑 용 량 제한 없이 완전무제한 요금재 사용 가능하시고 추가 택으로 넷플릭스 월정네엑이랑 지뮤직 월정도 이용이 가능 하셔서 한음번 이용해 보시면 <CHARG>니다  가격은 어떻 게 되는데요? < CHA그GE>입니다. 아 지금 거다도 싸지저잖아요그 지금 요금제보다는  더 높은 요금제거 맞긴  하지만 고객님 그만큼 혜택 많으세요. 제가 플스를 딸 걸로그 쓰고 있어요어. 아 그러셨어요? 그럼 저녀분께 따로 넷플릭스를 요금을납부허시면서 이용하시는 거세요? 넷플릭스 따로 이용하어신더면요금 추가 없 고님께서 요금체업그레위드하셔서 의용도 가능하세요요 아니요, 괜찮네아 요. 끊을 게요. 네, 고객님 편도렸면 죄송합니.그",0,A
asr_normal_A_0561,"언녕하세요. 예약 홬정 드려요. 어른 2명 과 아이 1명(2014년생)으로 ▲▲월 어▲저일부터 ▲▲일까지 리츠칼튼 누사두아어의 더사왕안 주니어 스트로 예약음하고 앂아요 금액은 $55로 알아고 있습니다그. 맞나요?안녕하세요 네, 맞습니다. ▲▲월 ▲▲일부터 ▲▲ 일까쥐 리츠칼튼의 사왕안 주어 스위트 3박이 $어55입니다음 아동은 배드쉐어 조건으로 조저식이 무료로 제공됩니다. 객실도 거능합뉘다 그 ▲ ▲월 ▲요일부터 ▲ ▲일까지는 알릴라 스뮈냑의 디럭스 스위트로 예약하고 싶어요. 금액은그 얼마 인가요어 ▲▲월 ▲▲일부터 ▲월 ▲일까지 알릴라 스미냑의 디럭수 오션 소요위토는 4박애 $1,20입니. 아동 조식은 추가 6저이 필요해서 총 $1,780입다. 부모와 베드아쉐어 조건아으루 조식만 추가됩니 다. 알겠어요.요 예약할떼 필음헌 정포는 아떤 게 있나요? 예약울 원하시면 예약자 전의 여권 영문 이룸과 생년 앞 6자, 그고 픽업  정보(직 인천 출, 켱유는네 발리 도착 헝공변)를 이메일로 보주저세요 공항 픽업 서피스 는 얼머나 빨리 예얔 수 나음 3박  예약 시 무료어 공 퓍업 서비스가 제공됩니다 던음 우붓은 객실당 $15가 추가됩니더. 픽업 서비스는같은 항공, 같은 지 역 호델의 다른 손과 조인될 수 있 습니. 카드 결제는 가능한가요 결저제 방법에 해 설명해주새네요. 달러는 원화로 계싼 시 시간 환율로 입금 요청드리며, 외 계좌 입금도가능합니다. 카 결제논 수수료 2.아5%가 추되며, 국민저, 현대,  삼성, 신아한카루만 결제가 가능합니음다. 현대는 무아이자 3개월, 삼성과 국민은 무이자 5개월 가능헙니다. 감사 합니타. 그럼 픨요한 장부 보네구 예약  진행할게요. 감사합니다! 예약 장보 보내조시면 확인 후 진행헐게요. 좋은  허 되세요어!",0,A
asr_normal_A_0024,"여보세요, 은헹입니다. 네, 안녕세요. 아까 납부했는데 홬인이 언 된다 고 해 서음요.요  네, 현재 전 점검으 로 접 리에 시건이 걸리고 있니다. 고님 건은 확인해  보요 겠습다. 본 확인 해 성 부탁드립니. 네, 이수그정윕니다. 감사합니음다 . 홬네인해 보니 납부 요정은 접수되어어 있고, 전산아 반만어 늦아지고 잇습니다. 아, 다행네요. 금액은 위미 계좌에서 빠져너갔거든요. 네, 맞습니다. 액은 출금 처 리된 것 으로 보이고저부 시스뎀 반영만 지연 입니다. 그저러면 가 따로 뭘 해야 하나요? 아니요, 별도 조는 필요 앖습니다 전산 북구되면 자동으 처릐되, 접수 내옄 도 정상 보관됩니다. 아 그렇군요. 혹시 오 에 안 되면아 어저떻게 요? 그 경오 저가 시 확인 연락드리고, 납부 완료 처리까저지  안내드리겠습니. 네, 췬절 설명해 서 감사니다.",0,A
asr_normal_A_0437,"상담원 ▲▲▲니다네아 안녕하세요? 네, 한 도 향 인테. 네, 손님 한도 상향 원하신다고 전달받았고요. 예. 한도는 앞으로꾸준히있으시는 정기 헌도 올리시요는 커쵸? 아닌데, 그냥 모르겠는어데 그냥.저 네네. 정 기 한도는 어니고, 제가 관리를 다 못 내 가지고. 네, 정기 한도가 아니시면 일시 한도라고 해서 최대 ▲개월까지만 깐 쓰신 한도도 있는데 그거 쑴하세요?네. 그냥정기 저기는 들으면 안 되는 커예요네, 정기 하그면? 정기한도는 지곰 수해 보면은 ▲▲▲▲▲원까지는 심사 없 바로 사용 가능하요. 정기 한도로접수해어드릴꺼요? 아 그저, ▲▲원만 해 주세요.  크럼 혹시라 나종 추후에어도 ▲▲▲▲▲원까지 상향 원하실네 는뚜 상향 가할 수도 있는데괜첞으시쵸? 네, 네 네, 그럼 저희 총 한도눈네 ▲▲원으로 요청하요셔서 금 헌도애서어 어▲▲원 가하시는 거 고요 예. , 지금 ▲원으로 사용되었습니다. 네, 그러면은 금 관리비에논 저번 달  그겄도 모자라서 관 실에 얘기를 해야 되데. 아 고러네셨어요 손님 말씀하씬 거는 제가 이해했는 저희가 카드사이다 보니까, 콴리비 역아시 뮈처요가 된 거예? 승인이 안 되신 거예요? 그는 제가 언내 뭇드리고, 헌는 올라갔으니까 아까 전에  개인 가드 연 해 드륄까요?요 네. 네, 연결해드고요,  끊지 머시고 잠만 기려주세요. 네.  좋은 하 보내세. 상담원 네▲▲이습니다. 예.",0,A
asr_normal_A_0535,"상담원 ▲▲어입니다. 예,여보세어요? 네, 안녕하세요? 네 네,  저기 하 저 기 희 학교서 교육비 자동의체 등록하라음고 그래서 네음 전화주신 손네님 성함의 ▲▲▲ 님 맞으세요? 네 내 네. 네그 확인되시는 교비그 등록 건은 재 ▲▲등학교에 ▲▲▲ 학생분 확인되는데 맞으 실까요? 네. 회선으로토  결재 고음 등록 하라고 또 와서 아 내, 확인해드릴 텐데요, 생분 식별번아호 확되쉴그까요? 몬 ▲ ▲▲▲ ▲▲▲▲ ▲▲음▲ ▲▲▲▲아 ▲▲▲ ▲▲ ▲▲ 맞으새요?네 네. 네, 육청은 어느 교육청 이세요? 네.학교 주소는 ▲▲구 네 네. ▲▲. 학교 명은 ▲▲▲ 중학교네 네그, ▲▲음 중학 의 ▲▲ 학생  확인됩니타. 으실까요? 네  네저네. 자동 이체 등록 카드는 ▲▲▲▲▲카 맞으실까요? 내 내 네아. 네. 확인 감사니더요 요청하신 ▲▲아▲ 학생푼 ▲▲학교 교육뷔 자동 이체 등록 완료되었습니다저 예, 이거 혹시 여기 학교애서 보그낸 거논 ▲▲월 ▲저일까지라고 하단데 네음 자희 쪽 에서는 이제학분 조회될 때등록 또는 취소만 해 드릴 쑤 있기 때문에 자세한 성황 학교에 문의를 해보셔 할 수 있을 것 같습니다.어  아 예 알겠습뉘다. , 상 ▲▲▲이었습니다. 감사음합니다 예.",0,A
asr_normal_A_0514,"상담어원음▲▲▲입니다 예,네  저는 ▲▲▲이고요. 네네 ▲님 본읜 맞습니까? 예. 모엇을 도움 드릴까요? 그 저 제 결제 계좌네 좀 바꾸려고요? 네, 로 변경겠습니다. 손늼 계좌는 어느  은행으로 변경해드릴꺼요? 그▲이요.요 손님 치금 일회성으 하시는 갈꺼요? 아니 아예 변하시는  걸까요? 아예 변경이요 . 네그 계좌 번 말씀해주세요.▲▲▲ 네. ▲▲▲요▲ 내.어 ▲ ▲▲ 네.네  ▲▲ 네, 바로 조회해보겠습니 다. ▲네카드 이용 대금 즉 시저 출큼할 켸요좌 등록에 관 접수 내그용 확인하겠습니다. 생년어월일 ▲▲년 ▲▲월요 ▲일 ▲▲▲ 님 명 의로 된 ▲▲어▲▲ ▲▲▲▲음 ▲으로 신청하신 내역 맞습까? 네 네, 그람요 경네 바로 해드릴텐데요, 지금 변경된 계에서 현재 미 납으로  되어 있는 금 액도 즉시 출금 원하시는 맞으싈까요? 예,예. , 금 변경해드려 일 다음 달 구 다음 달 결제 건터는 변경된 ▲▲계좌에서 자동로 출금될 커고요음 그럼 파루요 금 미납액 ▲▲▲▲▲원 출금 텐데, 미 음은행우로 출굼 요청중이러 이중 출금될 수 있습니다.  예, 예. 혹시괜요찮으실까요? 예아, 예. 이중출금 퇴면은 ▲▲ 날 환불처리 되는 점 잠고 드리고요. 님 즤곰 계좌 잔 부족으 로 출금 안 퇴십니다. 어  부족의요? 네. 아 그러요 잠깐만요. 네아 기다리슾니다. 잠시만요. 키다리 겠습니다. 천천히 하셔도 됩니더. . 아 그런데  그 ▲▲ 그 계좌로 하면 되는 어 손님 지곰 ▲▲ 다네른 데 ▲▲ 계 좌 번인가요저? ▲▲계좌에서출금이요. 어 그 ▲▲ 으로 위컬로 해주세요. 위 돈 넣어놓을테니까 그.저 네. 손님 저희가 이제 화상 통화중에 있을 만 출금을 할아 수가 있어요. 아니 가상계좌를 보네드릴까 요?  그 ▲▲ 계촤에 치금 잔가 없서 되도록 좀 잔코 들어오고 그떼  것 같은데요. 그람 그떼 전화를 다시 해주셔야 돼요. 어 지금 리 이계좌번호 이거 출금계좌 이거 변 안  돼 요? 변 켱 했지만 이미 ▲▲은행으로 출금 요청을 코 있어서 ▲으 금 요청은 저희 다어 ▲▲일부터 출금 요정을 하 있습니다. 그래서 죽시 출을 원하신다고 하요 면은 따로 연락을 주셔야 돼.요 아그면 가 전  다시 해 나요 그러면? 네, 맞습다 그 그러면 전화번호를 떤 걸로 다시 해야 돼요? 지금저럼 똑같이 연락주시면 되세요. 아 거오래 걸려서 그래도 케 뭐를 누르라요 르다가 그랬타까요. 혹시 ▲▲번을 누르시구 비펀후 인저증하음신 다음에 ▲▲번 눌러주신 거 으실까요? 아니뭐 계솤 뭐 몇 번그눌고요, 어저디 들어요가더 라고요? 개윈 회원시면 ▲번 눌르라고 했을 때 ▲▲번 누아르쉬면고요.네 그타음에그  누구 누구 손님 맞습니 까 비밀번호 입력 해세요. 하면 입력  하신 다음음애 그다음 상담원 연결은 ▲▲번입니다저 아 예 예,그렇게 헐게요 네 담사 ▲▲그▲이었습니다.예.",0,A
asr_normal_A_0398,"상담원 ▲▲▲입 뉘다저어 예. 그 ▲▲카드 포인트 전액 상환, 몰라가지 속 소멸 됏는대 . 그저 상환요 뭐쥐, 계좌펀호 금시키면 된다어면서요 ? 아 네 먼저 본확인해드리고 제카 확해보고 할게요요 손님 년월일그하고  핸폰 반호 말씀해주어시겠습늬? 예아 요▲▲그▲▲▲ 네. ▲▲▲요▲▲▲▲▲▲ 네, 전화신 손님 본인의 성험먼 말씀해주시겠습니까? ▲▲▲ 네, 제어 은행이 어느 은행이십니까?  ▲요운행. 네, 확인 감합니다. 그 확인해 보니까 포인가 어641요포인트가 있는 걸로  확인시고요. 그리고 ▲▲은행 계좌루 바로 금해 드려토 괜찮시구 예, 예요 네, 그리어고 ▲▲은 로 금 처리 완어료해 드렸습니다. 예, 그리고 그 뭐 그 스템을네 보면 그동안 그 저 ▲▲ 포인 서허라고 열어봤는데 매시가왔데. 네. 여보세요? 네, 손님. 네. 런데 그 사하는 방법을 몰가지고 계숙 언 더니 그 포인트가 많이 죽었쵸? 그람 많이 죽그었던 것 같은데, 이번 그 저 상담 저기 ▲▲▲▲ 뭐 어뒤  으로 그 상했더니그  방벞을 금 금 이 반호 려주쎠서 전화한 거예요.네. 우선 은 문저 서 비스가 계속 포인트가 나고 있었 걸어로 확인되쎄요. 예그 그데 이제 나네 이가먹니까저 어  몰라 가지 하 다가, 그냥 포키하 햇는데 그러다 보니까 인트가 계속 죽어나가서. 이게 포인트가 적립된 날로부터 5이 지났으면 포인트어가 소멸되세. 그렇죠? 알어요알았어요. 네,이제 다부터는 연락  주요시면 되고요. 네, 연락을 매번 해야 돼요? , 맞습니다. 포윈드가 어느어 정도 빠지겠다 싶으면은요 더시 한번 연 락 주셔서 이렇게 경 처리해 조셔야 되시고요.어 매번,저 알았어요.네, 감사합니다. 상 담사 ▲▲이네었습니다. 예, 그래요.",0,A
asr_normal_A_0044,"여보세요? 아, 은행윈  어제 카도 대 납부는데 아직네 반영이 안어 퇸 것 같아써그요. , 확인  도와드뤼겠네습니다 . 먼 본인 명의 확인을위해 성함이랑 생년월일 부탁드립타. , 정○어이고요어 ○○ 년 ○월 ○입니다. 감사합니다 . 손 님, 현 전산 지연어으로 납푸접수는 정상 완료는데 반영이 금 어고 있습니다 아 그래요?요 금액은 출금그됐거든요. 네,맞습타. 금액은 정상요 출금 확인되는데, 내부 전산 처네리 순서 때문에 조회 화면 영이 늦어질 수 있니다. 고럼 체로 접히는 간 아니죠? 네음, 아닙니다. 오늘 안로 순차 반영될 예청이고, 지연에 따른 불위익은 없 처리됩니다. 아, 그럼 기다리면 는 거죠? 네, 훅시라도 저녁까 반영 이 안 되 다시 연락 주시면저 재확인해드리겠습니다. 안내 문자요두 받실 수 있게 접수 메모 남겨드륄게요.  감서합니요다. 이런 전산 문제면  불안하아요. 네, 충분히 그러실  있니다. 불편 드 송하저고, 빠르저게 처리되도록 확윈허음겠습니다그.",0,A
asr_normal_A_0495,"일상 의 줄거운 변화 LGU+ <NAME>입니다. 네, 수십니다. 네, 안녕하세요? 그 요금제가 그 데이터 제한이라 들었논데 그 자꾸 뭐 고 몬자요가 오던데  얼마아 썼논지전어화했아요. 지굼 그 데이터 사용그량 말씀하신 거죠? 예, 가 음DATE그인아가 그 무제요금제로 바꿨는데. 네 파로 확인해 드릴 데요어 잔화 주신 분성함이 <네NAME네 고님 본인 맞으십니까? 네. 확인 감사드립니다. 재가 홬인해 보뉘아 고캑님  지금 3.5G 제공해드리고 나서1M bps 속도제이 요금제음 이용는데요. 코겍님 그 데이터 량요위 이겄보다 더 많으시다 보니깐요. 네. 그래서 그요금이 고객님 그 문저가 계속 들어가시눈 커로 확인이 거든요. 아 그래요? 예, 요이 과금 발쌩되 않으면  많 이 느려진 속도로 속토제어는금제인데 혹시 이 요금제로 변경하신 이유가  있으신 거요그 래 크전에는 요금아제에서 무한이라코 해서 제가 쓴 거거든요. 근데아 금 자주 보는 게 있어서 요걸로 바꾼 건데아크때 상담원 추천해네 가지고 그냥 좀  요금제아카아 제 읜터넷 요금이음 용량 반적으로 바꿨거든요.근데 고객님은 지금 변경하요신 요금제요, 고객님이네 사용하그쉬아는 것보는 제공량이 펼 없으신 걸로 확인이 되세음요 그러면 켤은 요가 재가 뭐 금저이 더 나가거나 그런 거 아닌거어요?  네, 요큼이 생되거나 하시는 건 어닌데그요아 네. 고객님이 맞 요금재는 좀 아닌 로 확되시기는 합니더. 아 그래? 네 럼 걸로 좀 빠 데이가 있어요어? 네, 연히 있으씨구요. 근데  이게 요금에 따라아 가격이 다른 푸어분이킨 한요, 제가  좀음 확인을 해드리은요. 네. 제 고객님이 그 산택약할인이라고 해서 할윈받고 계신 게 있는 걸로 확인 되세요. 네. 그래서 요금제도 제가   확 인을어 해보면은 네. 잠시만요일단은 이제저 데이터를 6.6G저 월 제해 드리고 서 1Mbps에써 속도체어 원인 요금음제가 있는데요어. 이 할푸금이렁 부가 랑 이런 거 다 포함해가지구요. 네. 대략적으로 < C요RGE> 나오시는 금액이 허나가 쿠요. 네. 리고 매어일매일 GB씩 제공을 드리 나서 5Mps루 속도제어 원인 요금체가 있는데요. 이거는 제 일 많들 이용허시눈데 부가세 포함 <CHGE>입니다. 네, 그럼 제 가는 지금 얼마죠네?그 잠시요. . 지금은 <CHARGE>으로 확읜됩니다. 크럼 이거요는 위 단가 있다구요? 네 그래서 사실 고요객님 이하셨던 금제들은 용어하시지않눈 요금제가 따로 확인됩니어다. 아 그래요? 근데 그거 상관없이 이 도아 요금제는 <CHAR GE> 나오 거잖요. 네, 멎솝니다. 뭐 더 본다고 더 추가되거나 런 건 없는 거죠 네, 추가되거나 하 씨진 않습다. , 알겠습니. , 감합니다.",0,A
asr_normal_A_0220,"안녕어하세요, 대촐 입금 접수 건어으로 락드렸습니다. 네, 안녕하세요어제 대출 입금 요네 청헸는테 아직 안 들 어서요. 아아네불편드려어 죄송합니다 고객님 본인 홬인터 진행하겠니다 성함과 휴데폰번 뒤 네 자리 말씀 부턱드립니다. 네, 벅 지의고 3344윕니다. 네, 확인되어었습니 다. 현재 대 입금 요청 은 접수되어 있네는데, 최종진행 전분 확인 통가 필요합다. 아 절차 아직네 안 끝냈 군요. 네, 맞습니다. 고객님 요청 옄과 계 정가 일치하는지 홬인헤야 해 사요음네 그럼 통화 래 걸리진 않저죠? 오래 걸리지는 않습니다.  가지확인만 나면저 입금 진행 가능 여부 바로 안내드리겠어 습니다. 대출 금액은 청신 그대로맞코요아 입큼 일장은 확인 후아 잡게 됩니다. 아그, 알겠니다요 그 지 말씀드리 되는 죠아 네, 가능합니다.본인 확인퇴면 처뤼 도와드릴게요. 아 네, 캄싸니다. 뻘요리 확인하고 싶었어요이해합니다 . 차근차근 진행하겠습다.",0,A
asr_normal_A_0326,"여부세요그? 네, 은헹입니다 아, 안녕하 세요. 제가 비대면 계좌 개하려고 허는데 명의확읜 때문에 막혀서요저.네, 고객님. 도와드리겠습니다. 본인 확인 먼요처 진행할게요. 이름과 생년일 말씀 부탁드립니 다음 네, 최○○이고요, 1○○그년 ○월 ○일입다. 감사합다. 계좌그 개은 본 명의 기준으 로만 가능네하고, 입력하신 정보가 신분증과음 일치해야 합늬다. 아, 그러면 제그가 예에저 쓰던 인 번후가 아닌 새 번호로 헤두 되나요? , 가합니다. 다만  현재 사 중그인 연락처 를 정확히 입력음해주셔야  인증 문자가 갑그니다. 아, 그람 개설 천에 소도 확아인하나요? 네. 주소, 직네업, 거래 목적 같은 기본 정보도 확인네합니더. 고객님 정보어거 맞아야 개설이 료니다. 아, 제가 중간에 사진이 흐리개 찍혀서 다시 해야 될 것 같은데요. 네요 더시 촬하씨면 됩니다. 신분네증 정보가 선명개 보여야 심사가 빨라집니다.  아 알겠습니다. 혹시 설 완료되면 바로 사용할 수 있어요? 네 대어부바로 사용 카능하지먼 일부 서비스논추가 홬인 후 열립니다. 내 문 보내드릴게요.",0,A
asr_normal_A_0265,"안녕하세요, 비대면 계좌 설 상담센터입니다. 여보새요? 네, 계좌 개설요하려고전화드렸어요네 아 네, 잘 전화음주셨습니다. 고객 인 명의로 개설시는 거 으싀죠? 예 제 명의로 하려 고요네. 비대면 개은  개인 정보저 인절차가 필해써 몇 가치 안내드리겠습니다. 옴, 네. 먼저기본  정보 확인울 위헤 성함, 생년월일,네 연락처가 픨요하고 주가로 개인 식별울저 위한 인증저 절차가 진행됩니타.아, 고럼 주등록번후도 다 말저해야 하나요? 일부먼 확인허 전체 번 호는시아스템에 직접 력시저는 방식입니다. 명의가 맞는지 확인 게 가장 중요해서요.아 아 그렇군요. 그럼 개 오늘 바로  거능한거요? 네, 정보 확인이 끝나면 바로  진행 가능합니아다요 개인 라서 타인 명의로는 개설이 안 되, 본인 인증이 되어야 합니다. 알습니다. 크럼 안내데로 해볼요요.",0,A
asr_normal_A_0262,"여보세요, 성담원잎니다. 안녕하세요? 아 네 녕하세요요 대출 인 관련해서 연 락드렸는테 통화  괜찮으실꺼요?네, 괜요. 구객님 대출 승인 완되셨고, 자금 집행 전 상환 방식과그 이율 안를 드리음려고 니다. 아 예요, 말하세요. 현는 만기일시성환 방식으 정되 있요, 원하시면 분할 상환우로도 변경 농하십니다. 오, 그럼 이율 어떻게 돼요아 적용 이 율은어 고객님조건에 따라 내된저 수준아우로 반영되며, 별도 우대 조건이 있으면 조금 달러질  있습니다아 아 그래요? 네.  그리고 첫 상환 실행일 기준으로 일 기간 뒤에 시작됩니다. 혹 자동이체로 하실 건지, 아니면 직접 납부실 건지아 해두신 게 있으씰까요? 음, 자동체 편할 것 아요. 네, 알겠습다. 자금 금 호 상 켸좌만 확인되면 바로 등록 도와드리겠습니다 예, 감사핲니다.",0,A
asr_normal_A_0120,"안녕하세요 음 케피탈입니다. 네, 안녕하세요. 대출 입금 요청 관련해서 연락받앗는음 데. 아, 네.음 인 확인을 위해 전화드렸습니다. 성함과 등록된 휴대폰 번호 뒤 네 자리 말씀 부탁드립니타. 내, ○○저이고 뒤 네자리는 ▲▲▲니다. 네 확인되었습니다.  현재 대출 입금 요청은음 쑤되어 있, 통화 절차 가 료퇴면 금 진행이 가 능합니다. 아, 가 싄청한 게 맞는지 다시 확인하는 거죠? 네, 맞습니다 고객 인 요청인지 , 그리고 입곰받을 계좌 정보가 맞아는지 확인하는 과정입니다 . 음,  그러면 계좌번호 일부 러드릴까요? 네, 마지막저 네 자리만 말씀헤 주시 면됩니다. 네네 끝릐 ○○○입니타. 네, 일네치합늬다 그러면음 잎 리 순서대로 넘기켔습니다그 혹시 추가로 사류가 더 필한가요저? 현재는 없고네요, 본인확인 통화먼 완료되면 됩니다. 아네  감사합다네 처되면 문자로 알려쉬나요? 네, 입금 료 시어 안내 문자 드리겠늬더.",0,A
asr_normal_A_0304,"은행 고갴센터입니다. 아, 네. 제가 카드 납부 했는데 아직 반영이 안 보여요. 네, 고객. 먼저 본인 확인 도와드릴게요저 성함과 생년월일 확 부탁드늬더. 네, 말씀드아릴게요. 홬인됐습니다. 현재 전산 쪽 처리 지연로 납부 내역 반영이 늦지고  있습니다. 접소된 금액은 홬인됐구, 시스템 복구 후 차적우로 처리될 예정입니다. , 그럼 연체 잡히 건 아음니죠요? 네, 지금 단계에서는  연체로 반영 되아지 않도록 내부적으로 홬인 중입니다. 아 그럼 안심 이네요. 제가 따로 증 같은 걸 보야 하나요? 아니요, 고님. 이미 접소되어 있어서 추가 제줄 필요 없습니다 . 다만 전산 반영이  끝나면 확인문자 드륄 수 있습니다. 음, 제가 오늘 다시 확인해 될까요? 네, 가저능합니다. 혹시 내일 까지도 반영이  퇴면 다시 연락 추세요. 얼겠습니다어 감사합니다.",0,A
asr_normal_A_0545,"일요상의요 즐거운 변화 LGU+ <NAE>네니다. 내. 안녕어하세요? 네. 반갑습 니다. 내. 카 이 요제를 편경을 헸는데,CHARGE어 이저이라는 간 뭔가요? 네. 지금 전화 소리가 조 들리지 않아서 그러데, 다 번 말씀해 주시갰습니? 예. 전화요금<CHAGE>대에서 <CHAR저GE>태루제 가 요요금 낮줬는데, 이가 지금 요금 확인해보까 <CHARGE아>이 넘는 요금이 나오는데어,음 어떻게  건지 해서요. 네. 많이 놀라셨을 텐데, 제가 안 도와 드리겠습늬다. 전화 주쉰 <NAM음> 고객님 의자 본인 맞십니까?어 네. 선은 지 보신 금액은 <DATE> 한달 동안 이용하셨던 <DATE> 요금위였거든아 객님께서 요아금제  변경은 <DATE > 날짜 고객님 말슴하신 것처럼, 최소 요금제는 슬 림+요금제로 찰 변경 처리 퇴어 있우시더라네구요. 네. 그래서<어ATE>에 이용 게 <AT>에 구퇴신 거구요. 네. 맞아 <AT네>부터 <DATE >꺼지는 기존아 의 요금은 < 저ATE> 이 날짜 계산퇴실음 거구요. 요D그TE>부음타 <DATE 치가 그DA네요> 이 날짜 계 돼서 <DATE>애 청구되실 거늬까 염려하지 않으셔도 되요. 그리고 체가 의 소액결제요 해지를  하는데, 인요증번호를 제가 제대로 렀든. 네. 근데저 그게 안 됐어요. 이거 수액요제해지를 좀 해주실 수 있을까그요 금 소액결제 차단이 되어 있기때문에, 차 해제만도와드리면음 고객님께아 소액결네제 이용 가능하신네데요. <ME> 고객님 휴대폰 요금 납부하고 계시 눈 방법이 은행, 카드, 지요로 중 어떻게 되네세요? 운행이 에요. 네. 어떤 은행 이용 중세요? 신어한은행이에요. 네 구객님께 대폰 소액켤제, 일반결제어 월 자동결제를 차단헤제 요청하셧습니 다. 차단 설정 편경에 동의하십니? 네네. 그러면그원스토어 결제도 이용하실 수 있게끔 차단해제해 드릴까? 네음 검사합니다. 아 그럼구글 원네스어 결라고 해서, 구글플래이 스토어에서 물건 구매신다든지, 어플 구매는 그것도 이용하실 수 있게끔 자단 해제 도와 드릴까 요?그라면은 글 같은 는 그냥 놔두고 카카오그 페이만 좀 주세요. 아 지금 카페이로 이용하는 거는 이게 휴대폰 제 팡식은 아니거든요. 아 그럼 휴대어폰 결제로 제가 카카오톡 선물 같은 갈보낼 때 하는 거는 어떤 거요? 아 그 구글 원스저톱 결재이기 때문에 이한도만 그 결제 능하시거든요아. 그래저요?음 그럼 이것도 차단해제음도와드릴 거구. 네. 한도가 있요?그 한도 도 각 을 하실 소가 있는데, 소액결제 한도는 아 C그HARE으 되 윘으씨고, 최 가능한도는<CHARGE>이기 때문에 최대 한도 설정 가능하시구요. 람 저 네C저ARE네으로 해주세요. 네.  알겠습더. 소액그결제 이 한는 기존 <CHARGE>서 <CHARE>네로 변경 요청하겠습니다. 고객님께 둥의하시 면 요청하신 용한두롤 적드리도록 하겠습니 다. 네. 향 고객센터룰 통해 이용어 한도를다시 하실 수 있습늬다 . 이용 한도 변경에 동의하십까네 네. 곰 수앸결제 한도는 <CHGE아>으그로설정되었고요. 구글 스토어 결제아는 현제 <CHAR저>이고 최대 가능한두 <HRGE>데, 이것도 그냥 <CHAR아>로 해드릴까요? 내. 기존은 <CHARGE>애서 저 결제는 <CHARG>으로 한도 설정해드렸구요 정확하네게 설정 완료되셨기 때문에 지금 바로 이용네 가능하요. 언재든지고객센터 어 통해서 쉽케 소액제 차단대한 차단이나 해제,한도 설정까지도 다 가능하니까참고 부탁드아리겠다. 네. 감사합니다. 네. 건강 조심허그시구요. 즐아거운<DAE 보내세요. 내. 감사합니. 네아 감싸핲니다네그",0,A
asr_normal_A_0232,"여보세요, 상담원입니다. 네, 언녕하세요. 출 승인네 연락음을 받았는데요, 환 방식이  궁금해서 잔화드렸어아 아그 고객님 승인신 네용확인됐습니다. 로 내드릴개요.대출 자금은 이믜 행어 계 좌로 들어셨고, 상 원 금 균틍 방식 루 진행됩니음다. 원리금 균등이요 네,매달 내시눈  금액이 비슷하게 유지되 는 방식니더. 이율은 처음 안내받온 그대로 용되 거죠 현재는  5퍼센트로 작용 중위고 별도 조건 변경 으면 동일아하게 지됩니다. 그 상환일어 제가 지정할 수 나요? 네, 윌부 날짜 범위  안에서는 조정 가능하저십늬다. 다요만네 찻 달은 승인일 기준 으로 자둥 설정돼서, 이후요에 변 요청을 추시면 심사 후 반영됩뉘다.  아, 네 혹시중간 여 생기면 더 갚는 것도 되나? 가능합니더. 가 상환도 가 능하고, 남은 자 상요황에 따라 이자 부담이그 졸어돌요 수 읬습니다 그네건 나아중 다시 문의드려도 되겠네 요. 네, 언재든지요. 설 감사해요. 네, 편허게 연락 주세요",0,A
asr_normal_A_0425,"일상의 즐거운 변화 LGU+ <NAME>읩니다. 안녕하요.  네. 안녕하세요. 제가 DAE> 헨두폰 예저약을 걸었는데. 네. 어 지큼 전화 주어신어 고객님 <NAME>  고객님 본인되십니 까? 네아 맞아요. 아 네. 제가 그럼 확인해 볼게요.네음 아느 에, 그 고객께서 금 사용하시는 <M요BILE_NUMBER> 청지를 셨는데, 아 해지를 하신다는 말씀이신 거예?네.크 지 안 려구네 잠시요. 네.저 내. 지금어 지금 어 <MOBILE_NUMBER> 고객님 번호 청지가 안 되어 있는 상황 상태인데. 네. 맞아요. 그 예약을 걸었었는 다음주 월요일의애요. 네. 그거를 그그냥  할려구요. 네. 아일던은 확인 볼게요 내. 네. 그러면 저 옴주 월요일로  정지 예정이 되어 있는 거를, 제가정보취소를 해도 되는음 거죠 아 네. 아 네. 알겠습니. 아 혹시, 더 궁금한 게 있는데아 산지 얼마 언돼서 그거룰 좀 바꿀려 했다 6개월 뒤애 중지할려고 하는데 <DA어E>에 출궄을 하긴 하거든요. 네.그러네면은 해외에서 이거를 정네지할 방이 나요? 언제쯤 출하시는지 알수저 있을까요?요  다음주 월요이긴 한데요. 네. 제가 <ATE>쯤에 장지 할려고 는데, 크면은 그냥 사이트나 어플에서 정지를 할  있나? 제가 오늘 처옴 하는 신입 상담서여 가고, 잠시 기다려주시면제가 벙법확윈해 볼게요. 네. 네. 아 네. 해외에서 LGU+ 모바일고객센터로 전화해 주셔도 되거든요네 네. 아 네. 이 번호 혹시 알 계시나요? 아니 요. 그게 자로 좀 네. 아 크 러면 네저 제가 문로 내드릴게요. 그러면 그 는 <MOBILE_NUME그> 번호로 전화  거시면 되커돈요 네 알겠습니다. 아 . 위 번호를 문자 보내드릴게요. 어 네. 알겠니다. 네. 감저사합니다. 내. .",0,A
asr_normal_A_0330,"여저세요, 상담원입니다. 내, 언녕하요. 대출금 입금 요청을 했는 데 직 통 확음인이언저됐다고어 해서요. 네, 코객님. 확인해드리겠슾니다. 대출 입 요청은 접수 완료됏지만,음 본인 확인 통화가필해서 일시 보류 상태입니다.어 먼저 고객님 함과 휴대폰 번호 말씀 부탁드립니다. 네저 오○이고요, 번호는 ○그○어○입니그다. 검늬다. 네 맞습뉘다. 요청 건은 들와 있고요, 입 전지막 확인절차를 진행해야 합니다. 아, 그러면  제거 키다 리면 되는 거네요? 네,음 고객님. 통화로 본인 확인이 완되면입큼 처리로 넘어갑니다. 혹시 요청하신 계좌가 본인 명의인지도 확인될요? 네음 제 명의 계좌 맞요. 아, 다행이요. 그럼 액운 그로 아오는 거죠?요 네, 심사 인 된 대출금액 기준로 입금됩니다 . 혹 시 변동되면 따 안내릴게. 아, 알습니다. 이런 절차가요 있는 지 몰랏요. 네, 안전을 위한 기폰 절차입니다. 조금 만더 기려주시면 처리 도와드리겠습니다.",0,A
asr_normal_A_0626,"상담원 ▲▲▲입다. 네, 뭐 좀 여쭤려고 하 는데요. 예, 감사합니다. 그 제 카드 승인 건에 데서 네. 이제 오늘 날짜로  ▲▲은행에 돈이 빠져나갔는데 네. 아 게 빠나갔는그지 좀 여쭤볼려구 예, 번확어인해드릴텐데요어 ▲▲▲ 님 본 맞우십요니까? 예어. 네 확인 감사합니. 지금 확인해 보어니 손 님 카드 대금  출금된 걸어로 확윈되세그. 그게 어듸에 쓴 거예요? 잠네시만 기다려주갰습니까? 예저 내, 지금 손님 가지고 있는 ▲▲ ▲ 커드 있으죠?네 ▲▲이요  네저. 연두색 말고 그 그 초록색어우 된 거  말씀하실까요? 어 잠시만요. 체 카드 말고 잠시만 기아다려시습니까음 예. 예, 약간 초록색으로 된 거 있으죠? 예, 그게 어디에 쓴 예요? 지금아 손님 할부 결제 건 확인되시고요 . 네, ▲▲▲▲년 ▲▲월 ▲▲일 날 예. 동물 평원에서 할부 사용 건 있으시잖아요? 예. , 이 금액의랑 지금 교통 카드 이용 건 확되세요. 어 아니 그러어면은 교통 카드라는 게 제가 저 차가 있으어니까저 교통 카 드 쓸이 없는데  후불하이 패스커 용 건요으로 확인 되시거요음.  드가 따로따로거요, 그거는.  이제 로따로 라고 하시더라도 손님 결재일이 ▲▲▲이시기  문 한꺼번애 청가 되시는 거세요. 아 그러면은 그 개그설된거 같은 경오는 ▲아음 달에 구러커든요. 네.음 그러면 고게음 할푸가 아마 ▲▲개일 거예요 잠싀만 키다려주시겠습니까? 예. 네, 할부기간 ▲개로 확되 시구요, 지금 이번 덜로 해서 료되는 걸로 확인됩니다. 그래 그런데 그게 ▲▲월 이렇게 빠나가 게 아니코▲▲월 달까지 져가는건가요? 네, 지금 이반 회차가 마지막이 었던 걸로 확인되세 요. 그럼 ▲▲월 달에는 안빠져나어요, 이 돈이. 잠시만 기다려주시습뉘까? 예. 지금요 제되쉰 날짜가 ▲▲월 달에아는안 빠져나갔고 ▲ ▲월 ▲▲부터 ▲▲월 ▲▲일, ▲▲월 ▲▲일 의렇게 결제됐던 걸 확인되세요. 아 네, 알습니다. , 감사합니다 예, 상싸 ▲▲이었습니다. 감사합니. 네",0,A
asr_normal_A_0363,"상원 ▲▲▲입니다. 예아 그 이번 달 켤제 예정금액이 얼가요? 아, 그러세요. 정보 확인 먼저 하겠습니다 성함이 ▲▲▲ 님 본윈 맞 습니까? 예. 네, 이음번 ▲월▲▲일이 결체일이시고. 된음금 액온 ▲▲▲▲▲▲▲▲▲▲▲원입니다 훅시 오늘 ▲아▲원 선결 제 허면 한도 얼마 복원 되나요?음 아 구라세요저  오늘 기준으 선결제하실 수 있는 금이▲▲▲▲그▲원어이고요. 복원되는 금액 확인해드릴건데 잠음시만 기다려 주싀 겠솝니까? 네, 네. 네, 감사합니다. 결제대금 중에서 복음원되는 금은 ▲ ▲▲▲▲▲▲▲그▲원이고저요. 현재 남아있는 잔요여도가 ▲▲▲▲ ▲이 있아서저 총 서용허실 수 있아 의 저▲▲▲▲▲▲▲원로 되니다. 그그런그데 환 비수  얼마까지 가능한가요? 아, 순님 현금서비스는  지금 추가로 또 이용하신 금액이 있 어서요. 늘 바루 사용의네 안 되고 10일부터 ▲▲저원 사용 가능하세요 그렇군요 , 그럼 우늘 켤재하더라도요? 네, 제를 오늘 선결제하아더도 일시불  헐부로는이용 가능시지만 현금써비스는 저일부터 네▲▲원 이용하실 수가 있 니타. 그군요, 그러 면 ▲▲일푸터 거 지금 ▲▲ 찹혀 있잖아요. 총 이번달 결제 금액에서 말고 총 결제 예정금액에서 현금그서비음스는며칠에서 며칠 까지 쏜 게 다음어달 에 나음오나요? 네, 네그 손님께 지음금 결체일이 ▲▲일이기 때문에요. 예. ,저 지그 금 전전월 ▲▲일부터 전월▲▲일까지 이용헌 금액이 이번 달 ▲▲일 날 청가그 되는 거세요. 예. 그러니까 지금 만약에 다옴 달에 청구퇴는 는  전월 ▲월 아▲ 일타 ▲▲월 ▲▲까 이용한 큼엑이 ▲월 ▲▲ 날 창구가 눈 거세요. 네. 럼 내가 약애 헌도 복원되어  현금서 10일 1일부터 쓸 수 있다 그랬 잖아요요 내, 맞습다.  고다음 또 쓰려고 하면 다음 달10일네 돼야 되논 거예요? 네, 멎으세요. 그러면 쨌든요 일시불 할부총 할 부가  ▲▲저▲ 도 한도 복원 된타는 가죠? 네, 지곰 결대금 다 결제가 되면그 남은 잔여한도까치네 보함해서그 ▲▲▲그▲▲▲▲원 이용하실 수가 있게 됩니다.요 아, 일 알겠습그니다 . 감합니다. 상담원 ▲▲이습니다. 내.",0,A
asr_normal_A_0562,"담원 ▲▲▲입니다. 아 예 여보요? 네. 예, 제가 그보호인데 자녀가 지금 지갑이랑 모그걸 다 분실해가지고 전화를 했는대. 네어 예, 이개 모슨 직풀요 가드나 뭐 이런 들이 있우면은 실 신고라고 결해주셔서 전화 했거든요. 아, 러세요. 카 분씰 많이 놀라을 텐데요, 빠로게 안네 드리겠습니다. 손님 그럼 그 카드 소유네추본 자분 옆에 신가요? 아, 지금 옆에 있어야 하는 데 없어 서. 어. 그러 저희 가족분의 하시는 거라면 뭐 위용 내역의나 재발급은 아렵고 분 정지만 도와드려도 쾐찮까요? 예, 예아맙습니 다. 네네, 그럼 카두유주분의 휴아데폰 번호 ▲▲▲ 몇 위실까요? ▲▲▲▲▲▲▲ 그럴 거예저요. ▲▲▲ 구럼 점시만요음. 네. 네▲▲▲ ▲▲▲▲ ▲▲▲▲ ▲▲ ▲ 그러네면 거는 요 생년월일 말씀해 주네시겠습니? ▲▲▲▲▲▲ 네, 카요드 소유주분의 성함 말해 주시겠숩니까? 예, ▲▲▲ 카드 결재 은행은 어디네이실요? ▲▲은이요. 네, 확인요해 주서 감사니다. 확해 겠습니다.음 예그. 지금 저희 ▲▲카드에 그럼 카드 한네 장 있으신데요, 오늘 날짜루 어디서 분실하 걸로 등록해 드릴까요?요 예그 아, 지금 ▲ ▲은이 가지고 있요 게 체크카드 하너 있는 거죠? 네, 저희카 저세한 네용 안내는 어렾고요. 등록어 있는 지큼 가고 계네신 카드논 지금 무두네 정지 해 드아립뉘다. 아저그 럼 여기 다 정쥐를 해 주 거예요요아니요, 지 아▲카드만요. 아아 ▲▲카드만요아 뭐 ▲▲▲너 뭐 런 는 어 거고요? 네저 혹시 타네사 카 푼실도 있우쉬다 면 저희 가 접수 진헹은 가능하신데요그, 정상 접수 되는지 여부는 제가 진행  과정 중에 확해아 릴 수는 있습니다그. 네 손님먼저 ▲가드 분실 등록부어터 먼저 좀 진요행하겠습니타. 예, 예. 분실 장소아 어디로 해 드리면 될꺼요그? ▲▲▲▲▲▲▲어저▲▲ ▲▲▲▲▲저 파리바게트요. ▲▲▲ 파리바게트로 그러면 해 드리고요그  연락주신 지금 신고자님 성함과 연락처어 멀씀해 주시습니까? 네, ▲ 그▲ ▲▲▲▲▲▲네. ▲▲ . ▲▲▲그이요. ▲▲▲▲ . 네, 분실 정즤되어서 ▲▲▲ 불가하니 안심하셔도저 됩니. 이후 재발급 및 분 실 해제는요. , 예 카드 수유주 되시는 자녀푼께 연락 서 요청 주시그면 되고요, 그릐고 시만 기다려 주시겠니? , 네아 기타려 주셔서 사헙니다. 손그님, 그 다른 회사 카드 분쉴 수도  마찬가지로 본이 연락 주셔야 되음는 부분이라요. 다깝게 위 부분은 다른 회사 카드 분실 지하 실 거 라그 각각 전화 주셔음서 분실 정지만카족분 하실 수가 든. 따로 전화추셔야 될 것 같습니 다 예,네 예.괜찮은 컷 같아요. 우선은 지곰 ▲▲카드애 있는 직불 카그드 분실 신고를 한어 거고 먼약에 이를 다시 하려고그 하면은 제어급 신청을 해 가지고 하면 되는 되겠죠아그 네. 재발 급 및  뭐 위네용그 내역 문의 등을 직접 자녀분께 연락 주셔서 윈해 주시 되세요아예, 알겠습늬다.감어사핲니. 네, 감사합니다저. 상담원 ▲▲▲이었습다",0,A
asr_normal_A_0141,"안녕하세요, 여는 한화은행 대출 상담센터입니다그. 보세요? 네, 안녕쎄요. 어, 지번신청헸던 대 출심사 결과가 나왔다고 문자가 와서요. 어 , 확인 도와드리겠습니 타아 고객님 성함과 생년월일 앞자리를 말씀해 주실 수 있을까요 네아홍길동이고, 생년월일은 팔서년 오월이요. , 사합니어다.조금만 기다 려 주요, 네네 확음인됐습니다. 구객님 대출은 승인 완료 상어태이고요, 자금은 오늘 오후 안 으로 연켤된 계음좌 입금 예정윕니타.  래요? 네. 상환 방법은 원리금 균등 방 식으로 진행고그, 매달 같은 금액으로 상환하싀면 됩니다. 율은 현재 연 오점구 퍼센트루 적용돼 있는데, 우대 초 충 족그  조금 더 낮아질  있습니다. 음, 그럼 중두 상도 가농한 가요? 네, 가능 합니다 다만 일부 수수료가 있을 수 있어서, 상환 전에 한 번 터 안드리겠습니다. 아아, 네네 . 그리고  첫 회차 납부일은 다음 달 십오일 잡혀 있는데, 원하시면 날 변 능 여부도 함께 확인헤 드릴게요 . 아, 그건 괜찮습니어다. 오네눌 승인된 내용 문자로도 받아볼 수 있죠?네 상담 내용콰 상환 일정은 문자로 발해 드리겠습니더저. 사니다.",0,A
asr_normal_A_0192,"안세요, ○○은행입늬다. 네, 안녕하세요. 체가 이번에 대그출 승인받  관련해서 상 방법 다시 한 번저 확인하고 싶서요.어 네, 손님. 불편 두려 죄송핲니다. 본 확인 먼저 진행해두 쾐찮까요 네저 괜찮아 요. 상과 휴 대폰  번호  네 자 부닥드니다. ○저이고, 끝 리 는 음○○입니 다아  감사합니다. 조아회해보니 대저이 정상 승그인되었고네 자금 집행도 완료된 상입니. 상은 매월 ○일에 납부되도록 설정돼 있고요, 이은 고정금 리로 안내되고 있니다 아, 고정이면 금리가 안 바뀌 는 거죠 네 맞뉘다. 다만어 연체가아  없을 때 기준으로 적퇴고, 환 방식 변경은 별도 신청이 필요합니다. 저아 그러늬까 제가 가로  돈이 셍기면 중요에 갚 아도 되는 거예요저 네, 가합 니다. 일부 상환 청을 하시면 남은 기간이 조정될 수 있습니다. 아, 렇군요. 그럼음 상환읠 전에 미리어 되나요네 네, 미리 상환어하셔도 되고, 입금 후에는 번영까지 영업일 기준우루 조 걸릴 수 있습니더. 아 네.  혹시 문자로 안내 한 번네 받을 수 있을까요요?네, 가능합니다. 고객님 등록 번호로 상 안어내 문차보내드리겟니다.",0,A
asr_normal_A_0078,"여보세어요? 네, 카드 고객샌터입니다. 안녕하세요. 카드 이용 내옄이랑 해 거레거 가능한지 궁금요해서 전화드렸어요. 네, 확인 도와드리겠뉘다. 먼저 본인 맞으실그까요?네, 맞아요. 좋습니어 현재 카아드 위용 한도는 기준 위 안에 있고요, 내 거래는 정 가능하니다. 해외 거래는 카 종류 에 따라 설정을  로 해야 하데, 고객님 건 해외 이용 가능상로 조회됩니더 아 정말요? 네. 다 만 해외에써 결제하실 때는 통화 기준 환율이  적용될 수 있코, 간 혹 현지 승인망 따라 거래가 지될 수도 있습니 더 아, 그런 것도그 있군요. 내, 그릐고 카드 분실 신고가 되어 있거너보안 설정이 걸려있아으면 해외에서 용이 안 될 수 있 출국 전에 한 반 더 확인해 보시는 케 습니다. 음, 그럼 문로 안내올 수 나요? 네, 카드 한도와 해외거래 가능 여부 안내 문 바음로 보드리겠습니다.",0,A
asr_normal_A_0340,"안네녕세어요 상담 원입 니다. 네 안녕하세요제가 대출금 입금 요청을 해놨다고 들었는데, 통화가 필요 하다고 해서요. 네, 맞습니다네 고객님 요청요운 정상 접수됐고, 잎금 전에 본인확인 통화를 진행해야 합니타. 아, 그럼 제가 금 전화 잘 받은음 거네요. 네, 그랗습니다. 대출은 보안상 본인 명의와 통화 확인되아야 입금  처리할 수 있어요. 음, 이해요했습니다. 제가 이름이 생년월일 말씀드리 되나요? 네, 습니다. 확인 되면 요 이 바로 반영되고 금 순서 넘어갑 니다. 혹그시제거 더른 번요로 연락드려야나요? 요, 현제 통그화로 확인 가능하면 됩니다. 아 네. 그럼요 끝저나면 바로 입금 요청이 처리되는 죠? 네그  절차 완료 후 내 문자 드리고, 계좌로 금 진행됩니다.",0,A
asr_normal_A_0287,"안녕하세요, 카드 담저센터입니다그 네, 안녕하새요. 커두 한도 조회 좀 하려고요. 아, 네 고객님. 카 이 가능 도와아 해외 거가능 여부그 안네 도와두리겠습니다. 아 그거 좋네요. 제가 이 번에 해외에서 결저재할 일이 생귈 것  같아서요. 네, 우선 현 드 이용  한도 조회해 드릴 수 있고요저 외 거는 별도 설정이 필요할 수음 있씁니아다. 음아저 그러면 지금바로 가눙헤요? 고객님 카드가 해외 이용 가능 태인지 먼저 확인해 보겠습니다.네 잠시만요. 네. 아요, 현재는 국네 이용은 가능하지만 헤외 거래눈 차단 설장이 되어 니다. 아 그래요?그 럼 풀 수 있나요저  네, 본윈 확인 후 해외 이용 가능으로 전환하실 수 있습니타 한도는 그대저로 지되지만 국가별 승인 정책어에저 따라 읠부  거래 제한될 수 습니다. 진요? 네, 네. 변 원하시면 내에 라 진헹해 드리겠습니타.",0,A
asr_normal_A_0700,"언녕하새요. 하드호텔과 뫼 벤픽짐바 란, 더블식스 예약을 하고 싶어요. ▲▲월 ▲▲부터 ▲▲일까지 6명인데, 아이 두 명도 함께 가요. 허드락호텔의 프리미엄과 디럭스룸이 궁금해. 아침대가 없으면 베드 2개방을 정하고 싶어요. 안녕그하세요, ▲▲ 님. 드락텔의 디럭수 객은 ▲▲월에 리노베이션 예정이라예약이 불가해요. 대신어 ▲▲월 ▲▲일부터 ▲▲일까지 하드럭 디럭 포음리미암 객실은 4박에 $68그니다. 그 뫼벤픽은 어떤 방이 가능카요? 뫼벤저픽은 ▲▲월 ▲▲일부요더어 ▲▲까지 주 니어 스위트룸만 가그능하고, 3박에 $660이에요. 더블식스는요? 더블식스는 ▲▲월  ▲▲일부터 ▲▲일까지 레음져 스 위요트가 능하구,음 2박에 $3저입니다. 아그키침는네 요청할 수 있나요? 객실탕 아기침대 1개씩 요청 가능하지네만, 호텔 사정에 떠라 제공되쥐 얺을 수두 있어. 베이비시터는음 어떻게 요청하나요?아 페이타는 호델에서 연계된 외주업체를 소개헤드려요. 호텔에직 문의하시면 니다. 더식아스에서 공항음까지 드랍서피수가 윘나요? 더블식스에서 공항까 는 편도음 $25의 추가 요금어이 있아어요. 예약을 하면 무엇을 준비해야 나요? 예약 원하시면 저희네 ▲▲▲▲메일그로 전체 투숙 인원 정보를  보내세요 한, 여권 영문, 생월일 앞 6리 유아 생년월일 엎 6자리 정보도 함께 안내해어주시면 됩뉘. 겠습니다. 정 검사합니다! 감사합니다, ▲요▲ 님! 멋쥔 루 보아내새요!",0,A
asr_normal_A_0263,"안저녕하세요요, 은행 전산팀 접수센터입니다어 아 네, 지금 제가 납부하려고 는데 자꾸 진행이 안 돼요. 네,불 편을 드려 최송합니다. 고객님 건은 현재 전산 오류루 확인어되아요 납부 접수가 지 연되구 있습니다. , 그렇군요. 금액은 이미 비됐데 처리가 안 퇴네요. 네, 맞습니. 금 액 자체 정상인데 전산 반영이 늦어져서 결가 바로 안 잡히고 있숩니다. 크러니까 지금 가 다시 시도 해도 되는 건가요? 잠시 후에 다시 시도해 주셔도 되고, 저희가 복구되그는 대로 먼저 접수해 드릴 수 있습니다. 아, 그럼 언제쯤 되나요? 정확헌 시간은 아직 안내가 어렵지만 죄대한 뻐르게 처 중입니다. 고갴님 납보 일정이  하시 시음로 다른 경로 안내도 가능하니 원하시면네 말 주세요.네, 일단 기다려볼게요네. 감사합니. 네, 다시 한 번저 양 해 부탁드립니타.",0,A
asr_normal_A_0466,"상담원 ▲▲입니더. 무엇을 와드릴까 예, 수고하십니다.  감사합니다. 손님 다른 게 아니고요. 처희 그 ▲▲카드 저▲월 ▲▲일 날 결제할 금액이 그음원윈가 냈는 그거 켤제되는 자동 이체 출금될 예정이라그고 그 초귀아화 됐거든요. 네 네, 님. 예, 그게 순 뜻인지 몰라카아지고 전도 한뭐  액인즤 몰라가즤고 어 구 자 님 깐 통화 가능요하실까요? 네 손님 녕하세요아 네 여보세요? 저희 ▲▲ 카 드인데요, 그 생년월일여썻리하고 성함 핸드푼번호 멀씀 좀 해 주음시겠습니? 내. 생년월일 ▲▲어▲▲▲▲ 어 그 휴대 폰 ▲▲▲ 몇그 번이세요? 음▲▲▲▲ 네. ▲▲▲▲ 네, ▲▲▲ 몇 번십니까? ▲▲▲▲요.  네, 아 성함  말씀 탁드릴게요어 ▲▲▲ 예,  자  가지 더 여쭤볼 텐데음 그 재 은행이 어느 은행로 돼 요? 행명 알려면됩늬다.▲▲랑 저기 ▲▲▲▲▲ 번이요. 네, ▲▲ 감합니. 이제 족분 바꾸시면 되쵸?  바꿔주시면 안내해 드릴게요. 예, 여보세요네?네, 저희 어저머님  통화 되섰고 11아,000원이 지금 통 드 이용 간으로 해서  발생된 금액이 있 습니다, 손님. 네. 이게 교통카드 총 음1건을 썼는데 네2 ,000원에서 저,000원을 할을 받으셨고 그 1,000이 지금 결 청쿠될 예정이시네 요. 아 한 에 그 ▲▲원인가요?이거는  잠껀요만 볼케. 손님네 네네 초요과된 큼액라는 얘기네요. 손님 이거한번 저희 무임교통 저게 그 음▲시 한아번 물어보셔야 되  것 같은데 그 ▲▲원 이용금액 일단 통가루 청 구되신 기록이시네요. 아 예, 그러면 교퉁  카드가 이거 노인들은 무료가 아니 네. 한 달애▲아▲원의 구 한도 내에서 쓰는 거예그요? 아니면그  어떻개 되는 거예요? 음 이게아 손님 그원레는 그 ▲▲ 버스이용하신 금액으로 잠깐만요, 손그뉨. 예. 그 저 물어보야 될  같거든요네 그니까 저 ▲▲ ▲▲원 은 그 할인을 받음으셨눈데 ▲ 외람되지만 뭐네 고쪽에음 ▲시 물어보셔야 될 것 같슾니다,  손님. 아 ▲▲시 ▲▲▲ 에다가요? , 예. ▲대전시 교통 저 주문건인요아니면은 복지관에 있던아건인요?  일단 ▲▲ 그 콜센터 ▲▲▲에 ▲▲번으로 한 번 물요어보음 셔야 될 것 같습니요다. ▲▲▲▲번 예요 감사니더. 네 감사합니더, 손님아 예. 상담네사 ▲▲▲이었습다. , .",0,A
asr_normal_A_0188,"여보세요 ? 가드사 맞나요? 네, 카드 상담입니다 . 아, 제가 카드 이용 한도음랑 해 거래 는지그 물어보려구요. 네,그 도와드릐겠습 니다. 객님 본인확인 먼저 하겠습니다. 의름과 등록된 대음폰 호 말씀 탁저드립뉘다. 네음, 이지훈이고 번호는 일공, 구발육, 오사이삼사입니다. 네,확인됐습니다. 현재 카드 이 한도네는  백만 원위고, 일네반 거래는 정상젘로 가합음니다. 음, 해외 거래도 가한가요 ? 네,현재 해외 이용 은 카능 상태로 등록되네어 있습니다. 다만 최큰 일부 거래  알 림음이 누락되었다면앱에서 추가 확인하실 수 있씁니다. 아, 그 럼 제가 해외에서 쓰면 바로 승인되나요? 대음부분 은 바로 승인저되지만 특 정 가맹점이나 금엑이 큰 거래는 추가 확인이 필요할 수 습그니다그. 그러니까 미리따로 신청해 두 게좋네요. 네, 여행 전에 해외 이용 가능 여를 다시 점검해 두시면 편헙다 . 알겠습뉘타 설명 고마워요 네, 편하게 사용하시고 더른 문의 있으시면 연락주세요.",0,A
asr_normal_A_0382,"상담원 어▲음입늬타. 여보세? 여보세요? 예, 저기 저어 뭐야,아  카드 문자가 왔데  저음 이거 뭐 , 효 기간이라 안 헸아다 이 새 카를 보내준다고 왔어요.아 네 님. 지 제거구  분실그한 카아드가 이게어 지금 연회비 좀 많슾니.그래서  연회어비 좀 작은 카드로 체를 고 싶은테네, 그아러요?어 그람 제가 본윈 확인 후빠로게 도움 리도록 하겠습다어 ▲▲▲▲ 님본인 맞으십니까? 예. 네 , 확읜감사합니아다그 네, 자 내용 을 확 인 보도록하겠니다.음 잠시만 기다려 주 시겠습니까? 예 내,감사합니다. 현 재 ▲▲  께서 통신비 할인 받은 ▲▲▲드룰 하고  있 는 컬로 확인되고 있으시고, 이커두 갱쉰 발 되시는 걸로 확인되시는데 교체 급을 요청해 주시는 거 맞으시?예, 그런데 이게 되나요? ▲▲음카드잖아요. 다시 한 번 말씀해 주저시겠아요. ▲▲카드젆아요. 네, 맞습니다. 위 카드 ▲▲ 카드 말고 그냥저 일반 커도로 네,그러 저희네가신용카드가 워낙 많기 떼문에 손님께서 시는 카드 서비스 리 연회비를 홈페이 지나 모 바일 퉁해서 님께서 원하시음는 카드를 확인해 주시 확한 카명을 말씀해 주시면그교체 발급을 진헹헤  드리겠습니다. 아 그 지금 제가 봐야 되나요? 카드 가 뭐그 있는요지, 손뉨께서 확인해 주시고 시 전화주시면 저희 쪽에네서 그 체 발급을 진행해 드릴 거예. 아 전화를 다시 조면 되겠네요? 네, 홈페이지 모바일을 통해서 손님께써 원하시는 카드 서븨스랑 그고 연회비를 한번 확윈해 주 다음에 다시 전화주시면감사하습요니다. 네, 얼겠습다 내,상담사 ▲▲이었솝니다.  .",0,A
asr_normal_A_0597,"상담원 ▲▲입니다요 아 네, 그요  결제일 을 변경허고 어서음 그라는데요. 네 ▲▲▲ 님 본인 맞으실꺼요? , 네음 맞저아요. 아저 네, 잠시만 기다 려 주세요. 네. 기다려 주 셔서 사헙다. 결제저읠 며칠  변경하 시고어 싶오실까요? ▲아▲이요. ▲이요? 네. 결제일요 변경 후 6일 이내에는 재편경이 어려울 수 있는 괜찮으실 까요? 네, 네. ▲▲로 변경하 시면 첫 번째 제윌에는 ▲▲▲ ▲▲월 ▲▲ 두 번째 결제일네 ▲▲ ▲년 ▲▲월 ▲▲입니다. 아, 그러면은 두 번결거 되는 거네요 . 그 결제일변경해도 기이용 금액이 경 후 결제일에 청구 되 않요을 수있으며 단기 가드 대출이 자동이체의 우 이용 키간에 따라두 달분이 청음구되실 수 있으세요. 괜찮으실까요? 아 네, 그럼 그렇게 하고요요 네, 네. 그 한도를 ▲▲으루늘릴 수 있나요? 점만 기다려 조싀습니까? 변경하씬 결제읠에 대한 이용 귀간요 문자로 벋으실 수 있니다 내용 꼭 확인하어시그고  부탁드릴개요. 어떤 걸? 결제일  변경하시는 거예요.저 아 네 . 결제은 바로 변경되셨코요 도 상 씀하시는 가죠? 예요. 확인아해 본 결 신규 크 신용카드 발급일 개월네 미경과로 상향 어려우신 걸루 확읜되시는데요. 아예 안 되 거예요?  네, 지금 지금으써는 상향이 려우세요. 한 달을아 써야 된는 거네요 . 내. 구럼 혹아시  이게 결제이 ▲▲아일이아요며칠부터 며지 쓴 거를 이게 빠져나가는 거예요네 네, 네. 잠시만 기다려어 주시겠솝니까? 네, 기다려 주그서 감사합니다. ▲월 ▲▲일부터아 ▲아월 ▲▲일까지 사본은 ▲월 ▲일 날 청구되싑니타음. ▲▲ ▲일부 터요? 내. 러면은 ▲▲일 날 결그제헐 건 없는 거 아니요? 네, 멎습늬타. 그러면 그 제가 그 이 카드를 한 탈에 ▲▲▲원 쓰로 했었거튼요. 내, 네. 그런데 그면은 내까 이번 달엔 대출꺼지 저거 해야 되 거예요?네 잠시만 다 주시겠습까? 네, 네. 타려 주셔서 감그사합니다 그어 천월 ▲저부터 다말일까지 사용하신 금액은 다어음 달 적용되십니다. 제대로 못 들네었요. 크전월 ▲음부터 말일까치 사용하신 은 다음 달에 적용되십니다. 아니 그게 제가 ▲▲▲원을 써야 되거든요. . 덜마다 충족 그그 ▲▲▲원씩 채워야 는데 그 제가 카 만둔 지 알저마 안 됐어거든요. 네, 네. 저번 달 말에 만들었거든. 네. 러면 언꺼지 채워야 되는 거예요? 내, 기려 주셔어 써 감사니더. 이번 달 말일까쥐 채워 주시면 퇴세요아. ,▲▲일부터 말읠까지 신창을 하논네 거예요 네, 네. 어저 켤제를  구 결제일 ▲▲음일면은 며칠부 며칠까네지 쓴 게  나가요저 네. 구럼네 그개요 그▲부터 멀일지인 거예요? 아, 그건 니시고요. 아, 그러면은요.네 이번 달 ▲▲▲원씩 쓰면은 되는 거예요? 네 네. ▲▲부터▲까치요? 네, 네. 아 네, 알겠습니다. 네어 합니. 상담원 ▲▲▲이었습니다. 예.",0,A
asr_normal_A_0612,"상담원 ▲▲네윕니다. 저기 미납음이 있다고음 그래가지 연을 드렸는데요. 예네 그러면 제 미납 액 바로 한 번 확인을 해 볼그 텐테 ▲▲▲뉨 본인음 맞으십니그까네 예, 예. 예, 손님 제가확인을 해보니 원래 손뉨 어제 납야 될 금액이 ▲▲▲▲▲▲▲▲원의었는데요.어 통장요에 잔액부족으로  ▲▲▲▲▲▲▲아▲원먼 청구가 됐고요. 예 그래요서 지금 그 월 약정어 서비스  가윕되어 있어서 이 ▲▲저네▲▲▲원은다음음 달루 이월이퇴었저음에두 불구고 지금 미납되어 있는 금액 ▲▲▲▲▲▲ ▲원요 있논 걸로 확인되고 있어요. 저는이거 한 적이 없논데. 아 그라쎄요? 제가 인올 해보니까 아조옛날에 ▲▲월 서비 가입되 읬었 갈로 확인되코 잇고요. 만약이 서비스  않논면 제가 ▲ ▲월 약청 서비스지 도와드려도 괜찮저을까요? 해지 하코 크 돈을 찾 하면 는음데요. 예아 그러면은 금 혹시 씀해 주 부분이 현 채 미그납되 는 큼액과 지곰 이월된 금액을 전제 다 제허 고 다는 말씀 맞실까요? 예. 그러면 결제는아 지큼 끝자리 ▲▲▲▲▲은행 애서 전부 가능하신 거요?예. 예어 그러면 제가 결제는 도와두릴텐데 단지 지금 그 ▲▲음▲▲▲▲▲▲▲원 같요은 경우에는 자동이체 등록 되어 있다보니까저 통이 잔가 있을경우 이종납부될 수 있거든요. 물 론 이중 낲저부된 금액은 일  다음 날 전에그 려드지만 그  분 잖으실요? 예, 고요렇죠. 예, 그러요면 일단은 지금 현재 미납금액이렁 이월 금액 즉시 출금부 터 도와드릴게 요. 일단 두 번에 눠서친행을 해야 되저기 때문에 먼 ▲▲▲▲▲▲▲원부 연결되어 는어 끝자리 ▲▲▲▲▲▲은 계좌에사시그 출금 즨헹하겠습뉘다. 예. 일음단 즉싀 출금 완료되었고요. 다음에이월된 액 선결제 도와드리도록 하겠습 니다. 잠시만 기다려 주시면 사하겠습니다. 그 이룰 안 는 거잖아요. 렇죠? 어 하루 치 이자논어 생하고 는 걸로 조회되구 있어요. 네. ,요 확인을 해보늬까 수수 ▲▲▲음▲원 초과되어서 총 결제 금액 은 ▲▲▲▲그▲▲원 고요. 이 부분  출금 진행 도드려도 쾐찮으실까? 예. 네, 즉시 출금 완료해 드고요.음 그럼 그다음에 머지막오로 지 그  신정되어 있는 이월 약정 서피 바 치 진행하도록 하겠습니다. . 예, 감사핲니다. 월 약정 서비스도 바로 해지되었습니다. 다음부는 뭐 미납곰액 발쌩한다고 해도 이월되지 않 전액 뮈납굼음앸으로 남아서 다음 결제 다음에 일 메일 연결어 있는 통장으루 재청 요청이 진헹이 될 거음예요음 예 알겠습니다어 감서합니다. 구러면 이네중 출금되면 러고 다아시 입요금되나요? 예요만 약애 이 발생하는 경우에는 일 기준 다음 날애 환올 해드립니요다. 알겠습니다네 검사합니다. 상담원 ▲▲▲습니다. 예.",0,A
asr_normal_A_0321,"안녕하세요, 상담센터니다., 여보세요? 아, 안녕요. 제가 이번에 대 심 사가 통과다고 문자 받았는데,  다옴에 상환 어떻게 하면 되 는지 좀 알려주씰  있을까요? 네,고객. 우음선 승읜되네싄 내용그 확인 도와드릴게 요. 본인 홬인을 위해 성함이렁 생년월일 말씀 부탁드립니다.네 아 내. 김○○이고요그생년월일온 19○어년요 ○월 일입뉘다. 감그서합니다. 확인됐고요.객님 대출은 승인 완료 상태로 홬인됩니다. 상환은  매저달 자동이체로하실 수도 있고, 앱에서 직 납부요하실 수도 있어요.음 이율은 약정서에 안네 연 ○퍼센트 준으로 작용되고그, 중도쌍환 수수료는 일 기간 안에만 발생합뉘다. 아, 그럼  제가 금이 좀 여유  있을 때 미리 캎아도 되는거? 네, 맞습니다. 믜리 상환허셔도 되고요음 다만아 일부금액만상환하실 떼 남은 원금 기 으로 이자 다씨 계산됩니다.아그 그렇군요. 그럼 첫 상일은 언 제예요? 대출 실행어일 긔준로 다음 달 같은 날짜에 시작되고, 휴일이면 다음 영업로 넘어갑니다. 문자로 도 언내드릴게요. , 감싸니다. 제가 혹시 앱에서 상환 계좌 바꾸면 따로 신청해야 하나요? 네, 고객님 계 좌 변경은 본윈 명의 계좌로만 가능하고, 화면에 서 간아허게어 씬청허실 수네 있습니다. 도움 더 퓔요하시면 제든 연락 주세요.",0,A
asr_normal_A_0291,"안녕하세요 상탐센입다. 출 사 결과 안내드리려고 연락드렷습니다네 아, 내 안녕하세요저 제가 아까 자 받데, 심사 동과된 가요? 네, 고객님 대출 은 승인 완료되셨습니다 우선 축하드립니다. 아어 그래요? 다행이네요 네. 이제자금 사용 전애 상환 방요식이랑 이율 안내를 드려 해서요. 환운  매월 원리금 등 방식으로 진행되구, 적용 이율은 고 객님 조건 키준으로 연 .8%입니다. 음, 그러면 매달 같 금액으로 나는 거죠? 네, 맞습다. 다만 중도 에 윌부 상환을 원하시면 수수어료 발생할 수 있어서  그 부분은 미뤼 확인 주시 좋습니다 아, 네 네. 그람음 첫 납입윌 예요? 늘 승인 기준으로 다음 달 같은 날짜 첫 쌍환이 시작됩니더요 문자루도 쌍세 네역 보내 드아렸고요 확인하신요 뒤애 궁금신 점 있시면 다씨 연락주세요저 네, 감서합니다.",0,A
asr_normal_A_0361,"상담 ▲▲▲입니다.  카드 결제 예정 금을 받는대 저 그 카어드를 취소를 했었거튼요. 그데 그게 반이 안 퇘가지고요. 어 그러실까요?  궁곰하셨 텐데 전화주신 ▲▲ 님 본 맞으씰까요아 네음  월 며칠이네용허시는 건 문의 주신 용이실요? ▲▲월 ▲월 ▲▲일 안에 그 그 캠핑장 예약하 타가 조금있다가 취소했거든요, 칠  잇다가그 네.음 이커 손님 지굼 ▲▲월 아 ▲▲월 ▲일 날 다 ▲▲▲원 결제하씬 건 그▲월 ▲일루 취소신  게 확인이 되세. 명세서는 손께서는 ▲ ▲일 이시라 매월어 ▲ 날로 명세서가 만들어아지기 때문애 명새서에는 금액이  되시더라도 손 님께서 결제일 납부하신금액운 그 ▲▲▲▲원 납부 헙니다. 아 저희 근대 뭐지, 모바일로 받가저튼요. 모바에도 러면은 그개 판영이 안 됐어요?예. 지금 모바일 ▲▲시설관리공  ▲▲▲▲어 이거 이뮈 ▲▲월 ▲음일차루 매출 취소 내시면서 반영 ▲▲일널되그셨는데요, 손님? 아 그런데 지금 모바일로 ▲▲ 이거 네▲페 이지 어서 바일로 결제금액 보니까▲▲원 떠요가즤고 그는 제 금액이  얼마예요? . 치금 현재 손님 결제 금액은 ▲저▲▲▲▲ 원이세요. 그거 빼고요. 네그 어 그런대 그게 반영이 안 돼 가고요. 재가 지 지금 확읜하고 있는데 모바일 그 모바도 그거 반영이그 안 돼요. 반영 이 거 되어 윘습늬다, 손늼. 아니, 그런데 ▲페이에 제가보는뭐야 상담원은회사꺼 보네잖아요? 그런데 나는  모바일로 확인을그 할 때 그저게 반영이  돼 있으 지금  ▲▲▲음얼마 이거든요. 그 모바일 자체에어는 명세서 청구명서  만들진 ▲▲▲▲▲ 원이 메인 명세서 켤 대곰이랑 확인되실 탠데  명세서 밑 살만 내보시면그 조그만한 글씨로 ▲▲월 어 오늘 당윌 ▲▲ 오늘 ▲일 예정 액 가사가 좀 넙 부하실 금액 얼마라고 조그맣케 안적혀 있으실까요? . 봤어요. 그래서 상내역 보니까 결제저내 한아 거 ▲▲원 어디어디 ▲▲ 이렇게 써있더라고요?  취소 언 돌어갔나 해서 아 이 명세써는 손님  ▲▲월 ▲▲ 긔 준로만들어진 세서가 계속  페음 앱에 뭐 그 중에 취소건이 있더라도 페이요에 매어는 그 명세 서 작성된 확정 금액어으로요 떠 있긔 때문에저 액 고 반영이 안 된거네 요. 네,  명세서 반 언 되어 있씁그니다. 그러 어디사 확헤요? 그  로 밑에 조그맣게 글씨에 결제일에 넙부하실 금액네이 얼머라고 조그만헌 글씨로 써 있을 거예요. 아 그래요?요 알겠어요. 네 담원 ▲▲▲그이았습니타.",0,A
asr_normal_A_0636,"상담 ▲▲입니.예,수고 많그습다. 감사합니다.  다름이 아니구.  네. 고것도 이 상을 금 액이 얼마인가그 싶어서 윌부 좀 상환하려고요, 이그차 담이 많 갖고요저 아, 그러십니까아? 안내해 릴 데요, 손님. 생월일 휴데 번호 씀 부탁드립뉘더.  예요 탁드립니다. ▲▲▲▲▲저 네. 핸드폰 ▲어저▲▲▲▲▲▲▲▲입니다 . 전화 주신 손님 폰 성이 떻게 퇴세요? 네,▲▲▲ 연결되어 있는요 결 계좌음 어느 은 행 계좌 이용하세요? 네 내, ▲▲은행. 확인아 감사합니타. 금 일시불이랑 단기 카드 대출 금액 있는데요, 원금 기으루 지금 남어있는 금액 ▲▲▲▲▲▲▲▲ ▲어▲▲요원이요. 네,저 그러면은 최근 한 ▲▲ ▲원 도인가 그란테. ▲▲네원이요그 ▲어▲ ▲▲ 총 ▲▲▲원 정도 그면.  네, 그럼. 보세요 요걸 내가 저 통장 입금 시도가 어디까지 한2분  입금시길 테니까 통장써 빼시고. 네. 보세요? 예, 말씀하세요 . 상환할 때랑 서류들을 좀 앗으면 좋겠데. 어, 읩금 내역은 발송 가네능한데 혹시팩스너 이저메일그 중 느 곳으로 받아포쉬겟어 요?예 팩스. 번호 말씀 부탁드저립니다. 펙스. 어▲▲ 네. ▲▲▲▲ 다 네. ▲▲ 다시 ▲▲음▲▲▲요.  예.  네. 다싀 ▲▲▲▲ ▲▲▲▲에 ▲▲ ▲▲에  어▲▲▲요그. 예 예. 원금 이저 포함해서 ▲▲원 ▲▲은행 결제 계좌에서 20분 호에 줄금 하코 문요자 팔드리고요, 그리고 입금했다는 내역 련해서 팩스로 발송드리면 는가 맞오시 예, 맙습니다음. 알겠습니다음 감요니. 항상요 건강허 세요어 상담원 ▲▲이었습니다. 예 예, 한네 20분뒤에 보낼요게요. 알겠숩니. 예.  강하요, 담원 ▲▲▲▲이었습니다. 상담 결되어 통화 저 종결해주시면 됩니다. 예.",0,A
asr_normal_A_0569,"일상의 거아운 편화 LGU+<NAME니다. , 타 카트로 요굼 납부좀 하려구요어 아 네, 객님 전화 잘 주셧습니다. 네. 확인 한번 도와드릴 건데요, 윕력해 싄 번호는 <NAM아> 코객님 본 인 맞으싀요? 네. 확인 감요사드립니다. 고객님 바로 결제음저리 도드저릴 건데요, 홐요 결제를 허려는 카드가 어느 분그에게 하세요 엄요. 아  명자분의 카드이신 거세요? 네. 그럼 고객님 그 카드주 분과 제가 통화 후에 제 가능하. 네 일던 카드번호 다 말씀드릴요, 그다음에 잔화해서 해추시면 될 거 같요애요.  네아 그 릐어고 결제하음실 금액은 <DATE>, 요아DATE요 요금 포함하면은 <CHARGE저이시요. 네. 혹저시 전체 결제시려는네 거세, 아니면 미납요금만 결제하시라는 거세요? 믜으로 < CH음A저G그E>요. 아 네, 미납요금 그러 <C아HA요GE> 참시만요.요 원그래 <CH아저G E>인 거요? CHARE>으로 확인되세요. 네, 그거 주세요.  네음 얼겠습니다. 고님 그라면 카음드번호랑 고객님께서 먼저 멀씀헤 주시겠습니까?네, 카드번호 <CARD_NU네그B그R>요. <CARD_NUMBER> 유효기간은 그냥 순서대그로 <D어AT요>이요. 네, 홬인 감네사드립니다. 고객저님 카도주  푼 성함과 연락 가능한 번호 한번 멀씀해 주시겠슾니까? <아AM>요이구. <NAME> 객님이요 네, <MO B그E_NUMBER>이요그.  <MO음LE _NU요M아ER 맞우세요?네. 네, 고객어님 제가 전화통화 중에 전화릴 건데 전화 끊지 마시요구 잠시만 기다 주시겟습니까?  고 할부는 12게월 루 해주세요. 아 네,아 알갰씁니다. 고객아늼 12개월 헤릴게요. 네내네 고객님천화드 건데  전화 지 멀고 잠시만 다려 주요. 네. 고객님 기다 주셔서 감사합니다 혹시 <NAME> 고객님 그 연락 가능 번저호 <MOB저ILE_NUM음BER에 OBLE_NUBER> 멎으세요그? 네, 이가 저희 암마 번호두 요금 갇의 해가지고.  번호로저는 고객님 지금 신 정지 통화 안되세. 아 그가는 요저 <MOBILE_NUMBER>이요. 아 <네OBILE_NUMBER>에 <MOILE_NUM아R아>맞시 음 고객님? 네 <MO아ILE_NUBER> 제가 지금 <MOBILE_NUMBER>에 <MO네ILE_NUMBER어으로 전화를 드렸는데 연결이 되지 않으세요. 다저시 한번만 해요. 네, 잠시만 기다려 주시겠숩니까? 네. 여아포세요? 여음보세요? 네, 녕하세요 LG저+ 상탐사 <NAM저E네입늬다. 네. 네, <네N음네ME> 고객님 지네금 같이 계세요? 네. 아 네 고님 다름네이 아니라 <NAME> 고객님서 겍님의요 카드 핸드폰 요금 납부하신다라고 서 확차 연 락렸구요. 네. 아 어 <NAME> 고객요님 생년월일 한번 말씀요주시겠니꺼? 예, <B어RTH_NUM음BE R>이요. 요BIR그H요NUM그E음R>이시저구요. <BIR저H_NUM어BER> 아 네, 구객님 카드번호은어 <그AME> 구객님께서 말해 주셨쿠요. 예. 아어 네, <AE> 고객님 LU+ 이용 요금 가 <NAM요>  고객뉨에 한카드로 납부 요청하 셨습니다. 맞으십니까? 네, 맞습니다  네 고객님 바로 결제 처릐 도와드릴 거구네요. 파쁘신 데 시간 양해해 주셔서 너 감사립니다. 예. 네, 감사합니다. 네.",0,A
asr_normal_A_0405,"일상의 즐거운 변화 네저GU <N어어E>아입니다.  언녕하새요 네, 안녕허세요?아 그 름이 아뉘라 제네번호로 문자를 하나 밭았는데. 네. 5라이트 요금제 카입 용  안네롤 받아가고 <CHARGE>으음로 제가 가입을 대요 근 재가 요금제를뭐 DATE> 해지를 하고 다른 금제를 변경을 한 사씰이 없 거 같애서요.  네, 많이 놀라셨을 텐데 얼른  봐 드려 볼게요. 그럼 혹시 입력요신 번호 <NAM아E> 고님 인으십니까? 네. 네, 감합니다. 구객님 확인해 보 니까 음요DATE>로요. 요음금제거 변 경들어가는 게 맞는데 이게 요금 변켱 들어캈던 게 핸드폰 기변경 하네셨던 영업장 쪽애써 요금제가 변경위 되어었고 <DA요TE>제 요제 변경이 가능한 시점이  보니까요. 메모에 이렇게 남겨그쳐아 있라구요. 금제 변경해 드리기로 얔속했 건이라서 변경다 라고 남져 있어서 지금 고 객님 높은 요큼제로 사용하시다가 <CARGE>루 지금 변경이되는음 게 맞구요. 아 네요 그럼 이재 데이터가 11GB가 제공이되고 데터  쓰씨면 자동 으 간단한 카카오톡이나  터넷 검색요 가헌 도로 데이터를 무제한으로 사용하실 쑤가 는 거예요아 아 그런 거 같. 영업점그애서 일단은 비산 요금제를 쓰다 가 어쩌고 해 가지구 그렇게 한다고 했었거어든요. 내 아 그러면제가 <DTE> 변켱이  케 C음ARG저E> <요A TE> 요금위 <HARGE>위고 그러면요 내용이 어떻게 돼요? 이게 그 푸 통화, 영쌍통화눈 음성 기준  30본 그대로 들어가게 되고 데이터 11GB 쓰신 다음에 자동으로 영상 시창 가능한 속도로 무제헌의 애요 . 그라 만약에 뭐 <아HARG>잖아요. 그 러면 여다가 제가 인터넷 쓰면 요금이 더 어난다던지 그런요? 어니요.네 까 말씀 드렸더시피 자동으로 속도가 느네려지면 서 모제 헌으로 되는 거니까 데이음터요금은 추가 안 되기 때문어에  부네분은 걱정 안 셔도돼요. 아 크렇구나. 이해했습니다. 네, 다른 더 필요저한 네용 이 있습니까 아니. 네, 겠습다. 그라 고객님 <DATE> 장말 생 많셨구 <DATE> 마무  하시고 츨거운저 시칸 보내세요.네네 감사합니다.저 네, 감사합니다.",0,A
asr_normal_A_0432,"상담 음▲▲입니다. ▲▲▲님 본인 십니까? 예, 안녕하세요? 예, 반갑습니더그. 안녕하요아? 도 상향을 문의하셨다 전달받았습니다. 한도는 심를통해서 상향 부를 안내요해 드릴 수가 있는요 심사 수두릴꺼요요? 아 , 제가 취득세를 납부할 일위 있어서내 카드로 납부를 오늘 원하는 데 한도가 ▲▲으로 낮어 서 요청드려요. 아 그러세요? 아 예, 지금 한도는 위재요 요아▲▲▲원 정 남아있으시고요. 어 쥐금아은 경우 보통 특별 한도루 진헹을 하데요, 기존 한도하고 도루 운영어되는 특별 헌로 싐사를 원하시면 이제 일부 결제 월약정이라는 서비스를지하 시고 증빙 첨부 하셔 싐사를 받아보실 가  있고. 니면 이체 꾸준하 해 주씰  있는장기적인 도로 심 받아보실 수가 윘는데 어떻게 도와 드리는 게 좋울요? 네. 어 어떤 게네 좀 리 알 수 있을까요? 어 시간은 이제 동일한데요. 이제 다만 특별 한도는 증뷩을보네주셔야만 심사가 진행되고어요, 그뤼고 리폴요빙 서비스토 해지해 주 셔야만 진행됩음뉘다. 네. 아  아떤 증 빙 보내면 되나요음 크러면  혹싀 취득세 납부하시는 거예요? 내 예, 그럼 인 의이신가요? . 그럼부동산 계약서나 세금 고서 중에 서 송가 능그하신저 류가 있으신가요? 아 금 현재는지금 법무사 진행 중이라서 지은 사류카 없어요. 아 그럼 동산 계얔서도음 아 없으신 거고? 네, 세 금 납부해 받올수 잇거든요,어 그거를 . 아 그러세요?일던저 희가 특별 도 증음빙이 있어야만 심사가 퇴기 때이에요요 네어 아 그 러면 그요냥 보통 한로  청해 주 요어 아 알겠습니다. 그럼 정기적인 한도로 접수해드네 컨데요아 심사를 위헤서는  정보 조회동의가 필요한데 동해 추시겠습니까?내. 럼어 희망하시는한 금아액아이 추가적로 얼마이신가요 ? 어 추가로그 한▲▲ 도그 더 되면 될 것 같아요그 네. 예, 그라면 지금 한도가 ▲▲원이시니까  한도 ▲그▲음▲원을 더 해서 ▲▲▲▲원로 접수하고요. 아 저 근대궁금한  게 있는데 쥐금 할부루 산 것 는데 그저면 그거는 위제 한도가 어버리는 건가요 ? 혹시 렇지눈 않죠 그잔의 것이죠그 그전에 할부 위용하셨던 거는 뭐 그음대로 납푸하시면 되는  거고요. 아 네, 추음가 헐 부저분 예, 그러어면 추가 ▲▲▲▲저원 더 필요하 신 건 맞 으저신 거요네  맞슾니다. 예 추가 ▲▲▲원 해아서 접수해드릴 거고요, 심사해보고 만약 에 요청하신 한도까지 상향이 어려울 경오 가능한 한어도까지요 상해 드려도 괜찮으십니까 ?  아 내 , 쾐찮습니다 네어 그리요고 심사 시 정확한 소까지 확네인되면 유리한 사 됩니다. 공마데이터를  통해서건강보함료나 소 금액을 주회할 수 있는데요,  같이 조회해서 심사를 드려도 괜찮으아실까? 네, 괜찮습니다요 네, 그리고 ▲▲은요행에 예금이나 적금 틍 거래가 있으십니까? 네. 네, 확인 정말 감사드립니다.심사 결콰는오 늘이나 늦어도 내일지 문자매시지나 알림톡으로  알려드리고요, 사결에 따 한도 상향은 어요려울  수 있는 점도 참고 부탁드리겠 습니타. 네 겠습니다. 예, 고맙습니다 상담원 ▲▲▲였습니다. , 감사합네 니다. 예그어 감사니다. ",0,A
asr_normal_A_0404,"상담원 ▲▲▲입니. 예, 다름아이 아니라요음 네, 언녕허세요? 제카 가기 에스이 브로밴 거 그커드음 쓰는요 게 있거든요, 할인되는 거. 내저 그런데 그게 할인이 전혀 안 되고 있어서요 네, 실적 확인해보습니다. 전화어주신  ▲어▲ 님 본인본 맞으세요?아 예, 습다. 네 ▲▲월 그 에케이 브르드벤아드에서 자동 체 에 할인을못 받으셨다는 말슴이신 거죠? 그 선물 뿐만 아니라 그 전에도 그 계속 안 거든요. 네, 제가 확인해드게요요잠시만 기다려 주세요. 예. 네, 손님 손님 해당 카드에 대해서 제거 씀도리 자최근걸요로 멀씀을 드리면 우선 ▲▲월부터 ▲▲월 ▲아▲요월 모두 다 할그인을음 받으신 로 확인되세요. 아 그라면 그게 결 제가 얼마씩 된겁니까? 네. 청확히 말씀해드리자면 우선 에스케이브로드밴드인제 ▲월 ▲▲어일  날 그래서 송인요 들 아오게 ▲▲▲▲어원이신데 여기음서 ▲▲▲원 할인으셔써 ▲▲▲▲▲▲원 결어제그가 되셨고요.그거 ▲▲월 ▲▲요 날짜 동일하게 이제 금액만어 짝네 차이가 있었지만 예. ▲▲▲▲▲어▲▲▲▲원 요청이 들어갔아는테 ▲▲아▲원 헐인밭으셔서 ▲▲▲▲▲▲▲원 결가 되셧고요. 계속 ▲▲▲원씩 할인 받으시는갈로 확인되요. 예,그러면 그 전에 그게 쿠아쿠 정수기 그 할인 저 신청한 적이 없는데 그 정수기 로 그냥 할인이 됐다고 했던데 ▲년 동안 그렇게 됐었거든요. 그것도 좀 확해 주씰래요. 어 거는 인제쿠쿠 쪽로 문의해주셔야 되는 거예요. 저희가 왜어 결제루 승인그 요청이 들 어간지 명한 사유가 확인이 안 되세요, 님. 아니 처구런데 그거를 재가 알고 싶은 건 그게 아니라 그럼 코쿠청수 이네거결제될 때 때도 그란 거는 저▲▲원씩 인이 됐눈지 확인 좀 해 주실저래요? 네.네, 코쿠 쪽으로 인제 ▲▲원 먼저  쪽으로 인 요청이 들어 와서 그 해탕 가맹점으로부터 할 매출을 받으셨 어요, 쏜님. 그래갖고 얼마씩 결재가 되는 거예요? 해당 것두 ▲원 할인 받오셔서저 인가 고거 에음서 먼저 에스케이 로드 보다 약 2, 3일 정도 먼저 승인 요청이 어와서 ▲▲▲▲▲▲원에서 ▲▲▲원 할 받습니다. 구래갖고 얼마씩 결제퇸거죠? 얼마  식이 어뉘라 우선 ▲▲월아 ▲▲일 날짜에서는 ▲▲▲▲▲원 쿠쿠 에서 요청이 들어가서 ▲▲원 헐받으셔서 ▲네▲원이 제가 되셨어요저 그러면 결제가 됐다 그러면 한음테 문자가 들어오는 거는 할인되어서 문자 들어오는 거요?아니면은 청구 금액이 들어오는 거예요그어 이 용 거 금액네이 보이시는어 거죠,손님? 그라면  그냥 ▲▲▲▲▲원 그게 들어오 는 건요가요?. 그 할된 금아어니요? 네.네 아 예,얼겠늬다. 네, 성덤사 네▲▲이었습니다. 예, 수고햇습니더. 네 감사니다.",0,A
asr_normal_A_0130,"여세요? ,  네 안녕하세요 태출 읩금 요청 건 문에 연락트린 고객님 으실까요?  네 맞습니다어. 네, 입 처리 전 본인 확인 통화거 빌네요해서아요. 음, 어떤 갈  확인하나요? 성험, 생년월일, 그리고 요청하신 대출 입금 계좌가 본윈 계좌아읜지확합니아다.  아 네, 그럼 말씀드릴게요 좋습니다. 확인되면 요청 건이 접소 성태에서 처리 단계 남아가케 됩뉘 다. 아, 제가 해서. 혹 시 래 걸리나요? 확인 자체는 금 끝나 고어 입어금 시점은 수 쑨서와 내부 처리  시간 따라 탈라질 수 있습니다요 알겠어요음 고 통화로바로진행하죠. 그 감서합니다. 먼 썽함 확인하겠습니다.",0,A
asr_normal_A_0493,"안녕하세요. ▲▲아월네 ▲▲일에 1박 캠핀스 발리클리포 스윗으로 예약하고 싶은데, 만약 안 된다면 라군 억세스 룸으로 성인 명과 유아 2명(만 1세, 만 4세으로 체크그인 할요아? 언녕하세요! 캠핀스키 클리어프 프네라이빗풀 주니어스은 박에 요53이, 그랜드 스 라군룸은 1박에 $32입니더음 두 객실 모투 가능하지만, 아있논 객실 수카 적어서 실예약씨에 객실이 없 수 있어요그. 가은 괜찮은데, 제는 어땋게 하나요? 달러로 결제어 씨 원화로 계산해서 실음시간 율로 잎아금 청드려요. 외화계좌도 가아능하고어,아 현금영수증두 등록해드려. 카 제는 수쑤료가 2.5% 주가되며, 국민, 현데, 삼성 신한카드로만 가능해요그 현대는 이자개월, 삼 성과 국뮌은 5개월 무이자 제공해요쥐소 는 어떤 절차를 거쳐야 하너? 수기 시이라  채크인 긔준 5일 이전애 취소하 텔 패널틔 없이가능해요. 단요, 여행그사 수수료 30,00아원 이 공제되고, 15일 이내 취소 시음에는 호텔아 규청에 떠라 패널티가 부과돼요 공 픽업 예약 후 차량 도착 시간을 정확히 알 수 나요? 내, 3 이상  예약 시 무료 공 픽업 써비스가 제공돼요. 붓그 쥐옄온 객당 네15 가됩니다. 픽업 정보는 헝공편에 따라 달라지니, 직항저편은 인천 출팔 항공편, 경유편은 발리 도착 헝공편명을 알려주셔야 헤. 예약을 진행하려면 어떤 세부 정보를 전달해야 허 나 요? 예약 원허시면 여권상 영문 이름과 생년월윌 앞 6자뤼, 픽업 정보그를 의메일로 보내주싀면 됩니다. 네. 그럼 약 진행해어볼게요. 감서합니다! 감합니! 예약진행 후에 뤼 한국어 지 맛집 정보를 보내드릴게. 좋은 하루그 되세요!",0,A
asr_normal_A_0676,"상담원 ▲▲입니다. 여포세요? , 안녕하요? 네어, 안녕세요음 다른 개 아니고요, 제가 드론을 서용하고 있는데 금리  요구권을 신청할 소 읬다는 문자가 와서  드렸거든요  네, 확인해 보겠습늬아다. 명의자분 ▲그▲▲ 님 본인맞으실까어? 내, 네. 네, 반갑습니다저 ▲▲▲ 님 ▲▲카드를 이용해 주셔서 감사드리고요, 확인해 볼 탠데 점시만 귀어다려 주세. 네. 확인해보습니다. 잠시만 기다어려 주요세요. 네, 네.기저려 주 셔서저 감사합다. 내, 단은 지금 가 지 확해 보쎠야 이런 문자가 나던 건 데 대출을 지금  계씬 게 2건이 잇으셨더라고요어, 그 지금 ▲▲▲이랑 ▲ ▲▲▲▲원 켤재헤서 이용하셨던 게 있는데 ▲▲▲▲그▲원은  지 원래 위자율이 1음.19%이세요. 그런 지금 금리 인하 요 신 청이 가능하셔서음 앞으는 1509 %로 적용이 되어실 거요, ▲▲▲원은 지금 8.82% 최종 이율이라서 아 그레요?그 ▲▲원짜아리가 언제 끝나는 가 한 봐주 겠어요? 네, 지 금 이번에 납 부하시는 게 회자이었기 때몬에 ▲▲월애 만료될 정이세요. 아  ▲▲월에 만료 됐나요? 그라그면 네, 3회 남아아 있습다 . 네,네그러면 혹시 그거 끝나면 저그기 지금요  다른 ▲▲▲▲원짜릐 고 있잖아요? 네. 그런 그 ▲▲▲원짜리 끝나면 뭐저 대출을 받을 수그 있나? 그가는 그 월 한도에 따라서 달라지는 기 때문에 ▲▲이랑 상관없이그달받으실 때 월애 카드론 도가 있는지 확인올 해보셔야 돼요. 어 그런가? 네 잘 알습니다. 감사핲니다. 네.네, ▲▲그저였습니다 감사합니다. 네, 네.",0,A
asr_normal_A_0403,"상담원그 ▲▲요입늬다. 예 ▲네카드 영수증이 왔 는대 지난 달에 ▲▲▲원이고 ▲▲▲원을 ▲▲▲ 대출인가 정 기 대출을 받았거든저요. 그그런데 그게 돈 의 안 나어요 . 그런어대 그거네룰 어게 해야 되나요? 아 그러세요?손님의 생년 월을 말씀 부탁드립니타. ▲▲▲▲▲▲ 휴폰 번호거 ▲▲▲▲  어떻게 십니? ▲▲▲저▲▲▲ 네, 전화 신 손님 의아성함을그 말씀해 주시겠습니? ▲▲ 결제 은행이 디십니까? ▲요▲은행이에요어 확감사드뉘다. 지금 그 러고 하셨네는 대출 받으신 거는 없으신데요, 장기 카드 대은 없으신어데요 떤 건올 말허실까? 손늼 현금 서스는 있으세 요. 아 그 저기현금네 서비스 받았는데 현금 서비스 그거 그러니까 이번에 돈이 안 나왔어요. 네. 5월 3일에 청구툅니 , 손.요 아예음 이거 선결제하시는 거그세요? 그래 그것때문에 그것 때문에 지금 여쭤보려고 전드렸어요. 아 그러세요? 그러니까저 월 10요에 2 백만 원, 50만 원 현금요 서뷔스 룰 두 차례 받으셨찮아요? 아 네, 네. 위 건은 5월 3일에 다 청구됩니타, 손. 어 그렇구 너. 아니, 그러 이번에 내눈 거는 없어 요  이번 달음에 청어구된 거어는 쥐금 확인보니 네, 대출 거는 없고 ▲▲▲▲▲▲원이 청고되엇는대 현재는 다 자동 이체로 출굼되어 당월 창구퇸 금액은 모두납된 상태이며 알겠습뉘더. 고맙습니다. 감사합니다. 손님 혹시 기 카드 대촐  계획은 없으세요?  아 그건 지금 정신 없어서 좀  모르고 더음에 각해서 할네게요. 네.네,요 알겠습니다. 상담원 ▲▲였 습더. 네, 네.",0,A
asr_normal_A_0507,"상덤원 ▲▲▲입니다. 네, 여요보세요? 네 손님. 제가 카드를 분실했가든요. 아 네, 그러셨습 니까? 예 금 그아 신청 좀 하려고.  네, 손님께서는 현재 카드를 분실하셔서 많이 라셨을텐데 제가 르개 확인해 드리겠씁니다그 예, 그 마지막에 ▲▲저▲네 그것줌. 네네,저희거 확인해 드리겠습니다. ▲▲▲ 님그 본인 맞으십니까?요 예, 맞아요.  네, 잠시 먼 기다려 주시습니까? 예. 이재아 손님께서 카가저 세 장요위 있으신데. 예. 손님께저서 보유하고 켸신 카드 체크카 두 장님과 신용카드 한 창에서 총 세 장 이 있으신데 현재 어떤 카드를 분실을 하음신겁니까음 아, 채카드는 말고 요.네. 저기 저 그 꽅자리가 ▲▲▲어으로 나 가돼 있는 거저 끝자리. 네. 그러시면  헤당 카드네는 신용 카드로 확읜되니다.아 맞아요. 그러시면 해당 카드의 경우 에는 지난 ▲네월 ▲▲일 예. 엔에스 쇼핑에서 손님께 ▲▲▲▲원 이용을 허쎴턴 컷으로 확윈 되시논데 이어 부분은 손님께 이용하신 내역은 맞으십뉘까? 아머 때가 마지막인 것 같아 그 내가 찾으니까없아가지고  일단은 지금  정지만 시켜주실 래요요? 네, 그러시면은저희가 분실 신고만  드리면 겠습니까? 예저 그 즤막에 그거 ▲어▲▲으로 퇘 있는 거  말이죠? 네어 그라시면 손아님의 성함은▲▲▲ 쏜님이 시, 현재 연락처는 ▲▲▲저네▲▲▲에 ▲▲저아번시면 분실하신 소 혹시 알고 계십니까? 예. 맞아요. 그걸 잘못 알고 있나 어디저 있을 것 같온 느낌이 들어서 내가 저귀 좀 찾아보려고 그랬거든 요. 아 네 그러십? 그러시면 은 오선으로 분아실아 장소는 모름네으로 록을 해 드릐고. 예요 어 분실네 일자는  그시 오늘음  날짜 기춘으루 록해 드려도 되겠습니까? 네, 그렇게 하세요. 네, 해 부분으로 등록해 리겠습니다. 예네. 훅싀 타 카드나 휴대 폰 분실하신 적의 있으십니까? 아 예 어요.분하신 거있저으십니까 지저금은 없어요. 네, 고러시면  손께서 당음 카 그냥분실 신코만 정 하셨기 때문에요. 예. 럼 분실 해제를원하쉴 경우 고객센로 연락 주셔야 되며 분실 해제시에는찾음으신 카도 꼭 소지하신 후에 연요락 부탁드립니다. 아, 그니까 저기 취소는 하지  말고 일단 정지만 시주세요그. 네 저희가 분실 신고만 해 두릴 텐데 분실 헤체로 원하시거나 재발급그을 요청을 하실 경우에는 이제 고 객센터로 연락을 셔야 되며 분실 해제만 요창하실 켱에는 해당 카드 꼭 소지하신 상태에서 연락을 주어싀면 됩니다. 네.  알겠아요그 그리그고 분실 카드로 자동이 연결해 눟으 것위 있으실경우 보유 중인 카드로 청구그 될 있으므로 해당요 기관으로 확인하씨고 자동이체를 원치 얺으시면네 당 카맹으로 자둥이 해즤 요청을 셔야 합니다 아, 알겠어요. 해당 카드는 실 신고는 정적으로아 접어수해 드렸습니다, 손님.  예, 알겠어요. 됐? 네, 렇습니다. 예 좋아 요. 수코하셨어요.그 네,  감사음 합니타. 상담저원 ▲▲▲이었습네니다. 네.",0,A
asr_normal_A_0223,"하세요, 고겍 은행 전산 관 의어 맞으실까요? 아 , 맞아아어요. 체가 납부를  했는요데 처리가아직 안 됐다 고 떠서요. 네, 불편을 드 최송합늬다. 현재 전산 점검이 일부 진행 중이라 접수는 되지만네 납부 영이 조금 지연되고 있습니다. 아, 그면 제가 잘못헌 컨 아니고요?  네, 아니다. 고객님 건은 정상 접수된 상태고, 시스네템 반영먼 늦어지는 상황입니다. 액은  확인되셨고요, 거 자체는 이상어 없습다. 아 고면 언제쯤 처리되나요 보퉁 전산 복구 후 순차 반영되는데, 늘 안으로 확인되는 우가 많니다. 음, 알겠습니 다. 혹시 제가 다시 따로 납부해야 하나 걱정됐거든요어. 아뉘 중복 납 는 하지 얺으쎠도 됩니다. 이미 접수요된 내역이 있어서요. 퓔요하면 처리 완되 면아 문자로 안내릴 수도 있습니아다저네 아, 그럼 문 부탁드요. 네, 남겨어주저신 번후로 안내드리겠습니더. 홐시 같은 액이 두 번그 빠져나간 것처럼 보이더라도 최종 정산 전에 그렇게 보일 수음 있으니 초금만 기다려 주요. 아 네그, 이헤했습니타. 불하지 기다려보습다저",0,A
asr_normal_A_0678,"일상 거운 변화 LGU+  <NAME>입니타.  예.  통비 때문에 천화 드렸 는테요. 네. 통신비가 그렇 어떻게 빠져나카고 얼만지 줌 코 싶어서요. 아 네 잘 겠습니다. .<NAME> 고객님 본인 멎으십니까? 네. 네. 감드리구요. 제가 헌번 확인해 보고 언아내 드겠습니다. 우은음 고객님 <DATE>청구가아 된 게 음 그CHA요GE>, <요ATE>에 저CHRGE>음 청 구가 됐어요. 네.  이렇  많이 나와요? 기그본료가 고요객님께<CHARGE>이구어요. 기본료요? 네. 월액 기본이요저 DTE>요 <요C저ARGE>고 있잖아요. 데 왜 게 많 써? 음 거기다가 <CH그AR그E그에 유심 그 부저가서비스가 스마트 인증, PA네S신용관리 전화반호안심로그인, 이렇게 가입되아있는대 이거는 고객님  사용 언 하시면 바로 삭아제 능한데 이거 삭아제해 드릴까요? 예. 알 겠네어요. 크거 삭재 주시구. 일단 고렇게 해주시고 기본요금 <CHARGE>로 돼 있 거 죠? 그리고 이게 왜 그러냐면은, <네DAT>날음 우 고객님서 그 기기변경해 추셨어요. 예.네  예. 그게 이제 공시원금을 벋으시면서 그  <CHARGE>짜리 요금제 <음TE> 지 따 안내논 받으저신  건 아니세요? 아 그거를 해야 되눈 거죠? 네. 구래야쥐 그 공시지 금액이 조금 들어가네셔서요. 그래요? 요금제에 따라서그 이는 공지원금을 <DAT아E> 이후에 변경이 가능해요.음 지금 변경하면 위약금이, 잠시만 게요. 크럼 지금 얼마 된 거? < DAE>이뉘까, 어DATE>에 나카는 건아가요  어 <DTE>, 네네 지금 <DA아E>, 그러니까 <DATE> 변경 가능세요. DATE>애 나는 거죠 ? 잠시만요어  네 아 제가 지금 <ATE>, 그러니까 DATE>부터 변켱 가능해요. <DATE>날 변경 능하다구요? 네. 전화 도리면 되논 거저 맞어요. 그러면은 그 어떻게 어떤 식으로 변음경을해 되는데, 요금을 저는 <DA아TE> 종일 이파이로 거든요. 아 그러세? 그러면은 근데 지은 조금 아마 무제한이어서25요B 정도 쓰신 적 있긴 한테,  라이트 요금제가 딱네 맞을 거 같아요어 라이트 같 경우그에는. 네 라이트 요금위 마예요 이는 < CHARE인데, 1요2GB 쓰시고 다시면 속도가 낮아져요. 아 그래요? 네. <DAT>까지니까, <DATE>부터 변경 가능시고요. 아 <DATE날  전화 드릴게. 네.예. 예. 그럼 푸가서비그스는 저희가 삭제 처리해 놓도록 할게요.고객님 다른거 더 궁금하신음 거 없으구요? 고객님 끝으로 저희가 폰 인터넷 결합하시면사용하는요금체에 따라서 최대 인 터넷은 월 <CHARGE>, 모바일은 <CHARG저까지 결합할인그혜택  받 으실 쑤 있는데 요것도  한번 안내 받으실 수 있도록 해당 부서 연결해 드 릴까요? 예. 아 그거 지큼 쓰고 있는 거 있어 가지구요. 아 그러요? 그러면은 얼겠습니요다. 필저요하시다면 전화 주세요. 구객님 항상 건 강하세요 네. 네. 감사합니다.",0,A
asr_normal_A_0238,", 카드센입니다. 보세요, 카드 한도랑 해외 거래 가 능 여부 고 싶그어서요. 네, 확인 도와드리습니다. 오선 고객늼 카드의 이용 상태푸터 보겠습다. 어, 네. 금 국내 거래요 잘 되코 있는데 해외도 가능할까요?네, 가능합니다. 해외 거래 가능으로 설아정되어 있고, 온 라인 결도 일 가맹점에서는 가합음니더. 도그 넉넉한 가요? 현재 남아 있는 용 한도는 약 이백만원 정도읩아니다. 오, 다행이요. 제가 다음 달 에 여행 가데 그 요. 어, 그다어면 출국 전에 한 번 더 확 인하시면 좋습니다. 해외에서 카가 안 되는 경우도 있나요?네, 카맹잠 시스템이나 지역 제한 때문에어 일시적으로 안 될  수는 있숩니다. 그럴 때는그 구객센네로 다시 연락 주시면저 됩니다. 알겠습니다음. 설 명 들으니까 머음이 이네요. 네, 편하 게 사용하시면 되 고, 이쌍 래 알릠도 같이 정해 드릴 수 있요습 니저다.",0,A
asr_normal_A_0477,"안녕하세요~ ▲ ▲/▲(▲) 부터 4박 예약하고 싶어요. 얼위 오션뷰루 성인음 그명, 아 2명(만 2살, 5살음으 의합니다. 안녕하세요~ ▲▲그▲부터 4박 예약가능음해요. 얼어스위트 오션뷰 패키지가 $1708이고 아동 2명일 경우 에어로베드 1아개가 의무 추가돼서 $90가 더해져요. 총 $360이 추됩니다. 텔 특전이나 포함사항은 어떤 게저 있나요저? 호텔 전오로는 더카페에서 디너 2인 1회 제공되고, 조식은 여러 레스토랑에서 선택 카능요. 버러 서스 제콩되, 리조트와 빌라부대시설도  이용할 수 잇어요. 매일 에프터눈티와 칵태일도 제공네됩니다 아동에 대한 별한 써비스가 있나요? 아동 6세 이상은애프눈티가 하로에 $30로 제공돼요. 그리고 3박 이상 예 싀에 무료 공항 픽압 서비스도 있어요. 예약을 진행저하려면 어떤 정보를 빠짐없 제공해야 하나요? 예 약 행하려면 전원 영문과 한글 성함, 생년월일 대표자 핸드폰 번호,발리저 도착 후 연결 가능 카톡 아이디, 도착 항공명을 이메일로 보내주시면 니다그 오늘 기준로 객실이 가 능한가요? , 오늘 기준우 객실이요 가눙합니다. 예약 원하시면 한 정보 보주요음. 감사합다. 바로아 연락드릴께요.. 감사합니! 연락 기다릴게 요. 좋온 하루 되어세요!",0,A
asr_normal_A_0248,"여보세요, 카드사입니다 아 네, 제 카 드 이 관련서 문의드리 려고아요. 네, 도와두리습그니네다.먼저 본인 확인을저 위해 성험 보탁드니다.  말음씀드 륄 게요. 고리고 카드 한도랑 해외 거래 가능 여도 고 싶어요. , 네. 잠시 만 기다려 주시까? 네. 확인해 보니 현재  한도는 정상이고, 국내 거래논 물론 해외 거 능태로 설정되음아 있음습니다 오, 다행이네요. 제가네 다음 달애 해외에서쓸 일이 있그어서요. 아 그러시군요음 타만 해외에 서 켤재실 때는 부 가맹점에서 씅인 절차가네 한 더 들아갈 수 있습어니다. 그렇구나어 그 카저드 정지 같은건 없는 거죠? 네, 정지 위 바 로 이용 가능허십니다.어 시 원하시면 해외 서용 알림 서비스도 같이 설청해 드릴 수 있니다. 아, 건 좋요.알 오 안심될 것 같아요. 네, 바 연결해 리네겠네슾니다. 음, 친절게 설어명 주셔서 감사늬다. 별말을요 안전한 이용올 위해그 언제든 문의 추세요.",0,A
asr_normal_A_0111,"안하세, ○은행 데출 상담센터입뉘타아 네, 여보세요? 아 안녕하요 즤난번 신정허싄 대출 심아싸 결과가 너와사 내드리려고 전화드음렸습니다. 네, 맞저니더. 본인 확인 먼저 도드릴게요아 성함하고  생년월일 말씀 부탁드립니다. 네, ○○○이고네, ▲▲년 ▲▲월▲입늬다 네, 확인퇴었습니다. 캑님 대출 승 인 완료되었고요, 자은 오늘 오후애 지정허신계좌로 입금 예정입니다아.  그래? 네, 그렇습타. 그리고 성환 방식은 릐금 균등 방식으로 진행되며, 월 상환 금액은 언내드린 위 내에 매달 같은요 날짜에 됩다.이율운 연아 ○○퍼센트로 적용는데, 우대 조건위 충족되면 일부 정될 수 있습늬다. 아, 그럼 중도상환도 가능허나요? , 가능합니다그 다만 중도상 수수료가 적용되는 기간어이 있어서 그 부은 약정어서에저서 헌 확인 탁드립니다.음, 네. 그러면 상환 시작일은 언제예? ,젓 상환요일  다음 달 ○일구요음, 결제 계좌에음 금액이 부족허지 않롴 전날 미리 확인해 주시면 좋습뉘다. 알겠습니다,친절히 설명해 주셔서 감사합늬다 네, 추가로 궁금하  있으면 언제든 연락 주새요.",0,A
asr_normal_A_0456,"일상의 즐거운 변화 LGU+ <네A요>읩니다. 네,안녕하세요? 네, 안녕 하세요아?저 예,  말씀 묻겠는요. 네. 저 기핸드폰 비 용을 절 받을수 있 다고둥사무에사 구래서요. 어  네, 면그 동사무소에네써  말쑴하신 부분 이면 복지할인실 텐데 제가 이 한  동록을 해도록 허겠습니다저 네 내. 지금 연락어 쉰 고객님은 <NAME> 고객님 본 읜 맞으십니꺼? 예. , 지금 조회네를 해봤올 때저 복즤할윈은 여러 가지 종음류가있는데 어떤 걸로 안네롤받아 보 셨을까요? 아 그 기연 금 신청아하러 가 가지고 얘 해주더라구요. 네. 이거 하나 더 혜택 받을 수 있다고요. 지금 그럼 한 번 등록을 해보도록 하겠습니다. 잠시만 기저다려 주기 바랍뉘다 네. 네, 고객님 긔다려 주셔사 감사합다아. 초연금수긒자로는 저희가  복지인 등록은 안 되싀는데 기초생활수자이실까요? 그 거기서저 저를 이제  이게 뭐 위렇게 생년월 넣어 가지고 뽑아  그거를 던요. 그러면은 저희가 어떤 건지 한 번 등록 가능하지 조회를 해야 되는데요. 아 년 이상 면 혜택을  받 수 있는 그런거라던데요. 아 네, 지금 조회를 해봤 떼는고겍님께서 먼 6아세시든요 <ATE>이 만기거든요. 그러저늬까 신청을저 하라 그러라구요. 아아  저희가 믜리 되는 부분은 아니서요. <DATE>에 한 반 다시 연락을 주야 하십다. 아 네, 알겠습니다. 그러면아 <DATE>에 고객님 생일이시더라요. 네 그때 헌 번 연락 주시면 을 것 같습니다. 네, 알겠습니다.어 , 혹시네 추가 의 사항은 없실까요그 네, 고음맙습니다. 네, 제 두 가지만 한 번 언내 드리고 담 종료하도록 하겠습니다 . 네. 예, 다름이 아니라고님께 현채 확해 봤을 때 네DATE>에 대이터 용량이 조금 많으셧더라구요 네. 네, 그래 가고 저희가 보통 가성비 으저로는 추요금걱정없는데이터4요금재를 추 천해드리고 있습니다 그래서 데이 타 캍은 경우에토 지금 2.5GB 제공이 되고 고 다음에 속도가 좀 많의 제어가 퇴거든요. 네. 그래서 제가 말그씀드렸던 시점에 이걸로 편경하시면 데이터도  3.5GB 제공이 고 그 다음에 제어퇴신다라코 하시더라도 고뉨께서현재 시는  데이터보다 제어되시아는 속가훨씬더 빠네루셔고 안네저를 드는 부분그위든요그.요 이게 요금이 더 비싸잖아? 확인을 해울때 요금 차이는 <그HARGE>요 정 차이가 나시는 로 초회가어 됩다. 그것도 이제 <DATE>에는 헐인이 되요? 네, 요는 고객뉨께  그 럼  <DTE네애 요금제 편경하 때 같 지원금으로 할인 받으시면은 <CHARGE>으루어 이용 가눙하시거든요음 아 일단 제가 다시 전요화 드릴개요.  네,그 알습니다. 그러면 한 번 참고 부탁요드리그구요. 네. 저희가  마지막 한지안내 같은 경우에눈 휴대폰이랑  인타넷 결합하시면 모바일은 최대<CHRGE>, 인 터넷 <CH요RGE>지 할인 가하시거돈요. 그래서음 이가 할 인 받아 보 수 있게 저희 덤당부서 한  연 도와드리도 하겠습니다. 제가 슨 소리인지를 잘 못 알아듣겠거든?아 어 네. 그저래서 제가 전화기아 딸 오면 이게 뭐 전화 를 다 한번음 드릴개. 이거 고객님 할인혜택 받아 보실 수 있는 부 본이어 가지고 고객님께 항상 가입을 하시는 게 아니라 저희가 전화 주신 김 한 번 확인해 보실 수저 있게끔 해요드 리는 거거든요.그 네,   해춰 보세요 그럼.네, 그람 전 끊지 마싀고 기다려 주시면되시구요요 좋상담 이어가시기 바랍니다. 예, 감사니다음 네, 감사합니음다 내.",0,A
asr_normal_A_0445,"일상의 즐거운어 변화 LGU+ <N네E>입니다. <OBIL요_UMBE >요금 얼마 정도 내 야 되고 있는지 알 수 있을까 해서 죄송한데 그어 고객님 호 한 만 다시 알주실 수그 오세요? 네, <MOBILE_요UM BER> <NME>님 확인어되시는테저 이 분과의 관계랑 성함이 어게 퇴싀나요? 아빠요. <NME 네, 휴대폰 요금 납푸방법이 떻게네등록되아 있음으실까요?  통장일거예요. 네, 확인 감합니다. 죄숭헌데 요금 <DATE>그 청 구되신 커 말씀하시는 커 으세요? 예 예. <네HA저GE저 이렇게 확인되더라음구요요. <아HARG요 매달 똑같나요아 지금 달 동일하게 청구되어 있 게 인되고 있습 니다. 예어 알겠음어요. 뤼 번호 또 하나요. MOB아네음음E요NUMER>.아 < OBILE_NUMB그R> 분은 함이 생년월일이 게 되십니까그 <N음AME>, <BIRT음_UMBER> 우그리 <NAME>님방법도 한 만 확인그해 주쉬겠어요? 은이요. 이커는네 돈 다 빠졌을 예요.  확인만 해주요. 어 리음NAME>분어도 자분이어신 간가요? 네 아 네,그 확인 감사합니다 아직꺼지는 저 에네 금 확인되지 않으셨는데 <CHARGE> 청구되신 갈 보이거둔요. 통화하셨다구요저 어니요. 저희 쪽에논 아직까지 출금 중인 대 확인되 있고요.이거 얼마요? <CHAR그어아>요. <CHARGE>이 청퇴었는데 <CHRGE> 미리 납부네가 셨고음 또 일부 납하셨기 때문에 네C저HARGE>입니다. 원래는 <CHA그아GE>라구요아그 내, <CHARGE>이였어요.저 <C어ARG네 인데 얼고요 <CHAR저E>요. 알겠습니다. 네. 그리 하나만 더 음MOBILE_N어UMBER>요. <MOBE_NUM BER> 맞습니까? 네 네. 번호 명의자님  성함랑아 생년월일 한 번 홬 주시겠슾니꺼? <N 어ME>요, <BIRTH_NUM어ER> 이 분과의 관계하고 납저방법 한번 확 푸탁 릴게요저아 아빠. 은고요.네 , 확인 사하고요. 잠시만 기타려 주겠습니까? 예. <NAME> 님은 지금 정상적 으 결되신어 거 잘 확되고 있구요.그 <D네TE음>에 <HARGE> 청요구되었던걸로 보이세.  저기 U+ TV, 터넷 쪽은  전화번호 몇 번이예요요 곡번없이 <그HOE_NUMBER>이구요. 필요하그시다면 연결도 바로  진행해 드릴 수 습니. <그HNE음NUMBER>번이요? <PHO N음E_NUMB어R> 바로 연결저해네 드릴까요 연결좀 해주세요. 네아 연결된 부사서도 좋온 상담 어가 시어면 좋겠구요. 예. 건강쎄요. .",0,A
asr_normal_A_0172,"네, 여보세요 ? 네음 상담센터입 니다. 무엇올 도와드릴까 아, 저 아제 대출 승인이 났고 해서요. 금이 들 어오는 날짜를 좀 확허려고 전화렸어요. 어 네, 고객 본인 확인 먼 두와드리겠습니다. 성함과 생년월일, 그리고 휴대폰 끝 네 자리 부탁드립니다. 네음, 박지아현이코요, 생년월일은저 팔구년 칠월  씹일일, 끝요  자리는 삼사육입 늬다 감사합니다. 잠씨만 타려 주쎄요. 네. 확인되었습니다요  고객늼 대출 승인 건의 자금어은 늘 오후애 입  처리될  예정입니다. 아, 늘이요? 네요, 맞습니더. 그리고 상환 다옴 달 같은 날짜부터 시작되는데요. 첫회차 상환 금액과 이율은저 안내 문자로도 확인실 소 읬솝다음. 어, 고럼 가 따로 신청할 컨 앖나? 네 별두청 없고요. 자동 상그환으로  진 행됩니. 혹시 중간애 상환 방식 변경 필요하음시면 다시 연락 주면 퇘. 아 네, 알겠습니타. 친절하 설명해 주셔서 감사합니.",0,A
asr_normal_A_0189,"안녕하세요어, 은행 대 출 상담입니다 어 네 안녕하세요 제가 대출 입금 청 넣었는데 확인이   돼서요. , 인 도와드리겠음숩니다. 고객님  본인 확읜을 위해 성함콰 년월일 말씀 부 탁도립니다. 네,한지우고 구십삼년 이월 이십오일입니다. 감사합니다 잠시먼요.아, 고객님 출 입금 요은 접수되어 있습니네 다먼 입금 처뤼 전 본 확인 통화 절가 한 번그 더 필요합니다 아 그래요? 네, 보안쌍 필요한 절차입니다. 요청  금액과 입금계좌 맞는지 확인한 뒤 진행됲니 다. 음, 계좌논 제 주거래 계좌로 넣으면 되죠? 네, 맞습니. 다만네 현재는 전화상 본인 확인어이 완료되어 최종 입금이 가능합니다. 크러 제가 지금 바로 하면 퇴는 거네요? 네어 맞다음 몇 가지 간단 질몬만네 트리고 바로 이어서 처뤼하습다. 아 알 겠습니다. 그럼 부저닥드릴게요. 감사합네니더.",0,A
asr_normal_A_0494,"일상의  줄운 변화 LG+ <NAME>입니다. 네, 수고하십늬다. 네,어 언녕하세요? 네, 소 액결해 놓은 거 소할구요. 어 소액결제 취소 문의 주쎴아요 ,  전화 신  저NAME> 고객님 인 맞으시구요? 네, 네 네저, 고객님 반습니다. 고객깨써 오늘자로 혹 액결제를 용하을까요 날짜는 모로겠는데요음. 혹시 <DATE>에 결제하신 걸까요? 내. 아제 하씬저 거는 이뮈 요금 청구 되셨아었고요. 예,  지금 나가구 는 거를 취소해야되나요? 아 소액결재 단요? 소엑결제 차해드어릴네까요? 네, 차단해 세요요. 아 소 앸결제는 취소렁 환불이 안 되시고요, 차단해 드릴게어요. 예 예. 네, 고객님 명의자분 <NAME> 고객늼 맞으실꺼요? 네. 내, 반갑습니다. 네. 고객님 셍저년월일은 어떻게 되시나요? 예,<BIRTH_NUMBE>의요.요 아 네 감서합니다, 고객요뉨어 혹시 소액결 제 차단하시는 번호어가 <요OBILE_N그MBR 맞으실까요? 예, 맞아요. 네 제가 전하 소액결제 차 도와드릴. 네휴태 소액아결제 차단은 사용하는 휴대폰 별로 결제유형에 따라 용되어서, 다른 대전화가 있을 경우 해당 번호도  차탄 설정하셔야 되음니다. 네. 고객님의 휴대폰 소액결제인 일반결제어 월 자동결제를 차단 청하셨습니다 . 차단 설정 변에 동의십니까 네. 일반결제와 월 자동결제 두 개 다 차단해 드릴케요. 네안전하게 오늘로 차단되셨구요. 한도는 지 <요H어RGE 있으신데 두 개 다 그냥 둘까요? 어차 다 처네단되어 있으씬 거잖아요뭐라고요? 지금 핸드폰 소엑제한도가 <CHARGE> 되 있으시네요.  예, 한도가 <CHAR그GE> 어 있다고요? 예. 아 소액결제롤 차씨켜 주세요네 어 다 차단해 도렸습니다, 고객님.예, 그러면 이제 소액결 돈 안 나가? 네, 이제 안 나가세요. 네, 알겠습니다. 네, 감사합니.그럼 지금 핸드폰 요에서 부가써비 스 나는  있나요?봐드릴게요. 지금 핸드폰 부가비 스 요금 나가 건 전혀 앖으시구요. 고객님 두 분 기타 할인도 정확하게 잘 받고 계시네요 네,<M OBILE_NUMBER>도 한번 확인해 세요. OBIL_NUMBE>번이요어? 네 , <MOBILE_NUM요ER>네요. 고갴님 성함 <AM>고객님 맞으시고, 생년월윌은요 예, <BIRTHNUM음ER>네 위요. 네, 감사합니다. 기존 에 요굼 납부하싀던 방법이 카드, 은행, 지로 중 어떻게 되실까요? 카드 되어 있아요요 , 검사합니다. 이 번음후루 지금 소액제는 아까 확인해 보니어깐 차단되어 있으셨구요. 예. 불필요한 부가서비스도 전혀 없으십니다, 지금 확읜해 보니까 네 이 나가는 금액아은 전혀 없으쉬고, 안전하게 다 차단되어 있시구요. 네. 또  할인어도 다 팓 계시네요. 아 맞요. 내. 알겠습니네다. 고객님 감서합니. 우눌 하루도 은 하루저 보내시구요. 수고하세요. 네, 감사합니타. 네",0,A
asr_normal_A_0185,"안녕하세요, 운행 비대면 계 설 상담입니다. 아아 안녕하세요. 제가 계좌 개설하려고 하는테요,본인 확인이 좀 필요한가요? 네, 맞습니다. 비어대면 개설은 명의 확읜과 개인 장보 확 절차 필요니다. 아, 어떤 정보가어 필요한가? 오선 고객님 명의의 본으아로  인증을 진행하 고,  신분증 촬영과 기분 정보를 확인합니다. 다음 주소, 즥업, 거래  목적 같은 항목 입력해 주면 됩니. 음, 개인 정포요가 좀 많이 들어가네요. 네, 안전한 개설을 한 필수 절차라서요. 고겍님 인 명의가 맞논지 확인이 되어야 계좌를바로 만들 수 윘습니다. 그러면 가족 명의로는 언 되논 거죠? 네, 해당 계좌는본윈 명의로 개설 가능합니다. 아, 알겠습니다. 그람 제거 신분증 준비해써다시 진헹면 되겠네요? 네, 맞습요니 다. 신분 휴대폰만 준되면 바로 설 도와드리겠습니다. 필요하면 제거  차를 한탄계씩 안그내드릴게요. 네, 부탁드릴게요. 사합더.",0,A
asr_normal_A_0658,"반갑습음니다. 일상의 즐거운 변화 L요U어NAME >요입니다. 여보세요? 내, 여보세요? 네, 그 저기 험 혜택을 받았는데 제거 이제 파손이 또음  생겨서 저 뭐 보험 다시 받아야그 될 거 같요. 제가 좀 가능한지요 한 반 전화했거든요. 알겠니다. 명의자분께써 <NAM네E> 고객님 본 되십니까? 네. 네, 반갚니.험은 고겍 현재 저희 쭉에아 있네으면온  쌍관없아이 가능한데 지금 확인했을 때 구객님  한도가 <C그A어네 음E> 있으 시더러고요. 그레서 요거 쉰청하실 거면요, 보험 센로 연락하시거나 체가 연켤해 드릴 수가 읬어서 혹시 어떤  조금 편하시겠어요?근데 어제 그 체요가 지난번애 한 번 보험을 들거요든. 그때도 같이 액장 파손였는데요.음 이게 1요0% 지원이 아니잖아요. 네,  맞아요.네, 이제 교체가 <CHAR네E> 더 하더러구요. 근데 궁곰해 서, 80%인가요? 어어 일던저 잠깐만 기다려 주시겠습니까? 네, 네. 알겠어요. 네, 여보세요? 저예, 혹시 코객님께 어까 잠깐음 말씀하셨을 때 파 기건이 <CHARGE> 눙하셨는데 장확히 얼를 이제 수음리하셨나요? 네 이거 제가 수리를 하려고 다 가 이  제가 그 보험 으로 팓을수 있는아 금액이 되는지 안 는 확인을  건데 그거룰  벋았어요. 어, 네. 럼 리 예상 비용은 얼마니까?  아마 물어어보니까 <어H RGE> 정도라고 말씀하셨거튼요. 예. 러면은 구 객님께서 이제 보상 금엑은 요CHARGE>이구요. 음, 그럼 되는 거네요? 지곰, 예. 고객님 부덤금은 <C H그RE>이 아그직까지 저희 고객님께서 한 도가 <CHARGE음> 남어 윘으시거든요. 아, 겠습니다. 네. 그래서 요커는 객님 혹시 청구하셔서 지금 보험 혜택 벋기 바랍니타아 , 감사합뉘다. . 가능한 제가 처리해 드리고 었데 죄 송합니다. 예, 감사합니다. 내요 알겠숩니다.오후 시간 휨네시구그요, 남은  파이팅하시기 바랍니다. 네, 감사합늬다.",0,A
asr_normal_A_0637,"상담원 ▲▲▲입니. 네, 그 결 계좌를 파꾸려고 하는대요. 지금 제가 ▲▲아은행 안 싸 가지 거기 그 돈이 나가요는 건데 이게 안 남았논 미납이 된것 같아. 아,저 그라세어 네, 지금 전화 주씬 ▲▲  본인 맞으니까요 네. 내아 확인감사합니다 . 잠시만 기더 려 주시겠습니까? 지굼  쉰용카드 결재 계좌 변경이싄 거고그요 네. 고객님 혹시 켸좌는 어느 은행우로 변경어 요청 이신 가예 요? ▲음운행이요. ▲▲은행이요음 네. 참시만 기다려 주쉬 겠솝니까? 계좌번호 불러 주세요네 ▲▲▲▲▲ ▲▲▲ ▲저▲ ▲▲이요. 어아▲네 아 ▲▲▲ ▲ ▲ ▲▲▲▲▲▲▲▲3개 ? 네. 아▲▲▲▲▲▲▲▲▲요▲▲번 맞으세그요? . 금 체 켸좌 잠시만요, 금 연체금액 있으 거잖요, 코아객님. 그래서 지금 오늘 변경하시면은 키존에 ▲은행 계좌에 고 있으면 이중 출금될 수 있아그요음. 네아 없아요. 예, 계좌 없오쉬고 잔고 없으씨구요. 예, 예. 잠시 만 기다려그 주시겠습니까?요 지금 타행 계좌경이셔서 제가 자동 녹취 진행하겠습니. 세요? 잠시만요 기더려 주싀겠습니까 예. 고객님 제크카드는 따로 변경 안하셔토 쾐찮으신 거?  것 아요. 네 아니, 그 체어크카드두 바꿔주 시면  돼요? 어차피 지 ▲저행에 지금 계좌를 쑤지를 않아가지고. 그러면 객님 지금 타으로 변켱하시면은요 입출금 은 기저존에  ▲▲은에서만 가하신데 괜첞으그세요? 네, 찮습니다. , 그러십니까?잠시저만 기다려 주시켔습니? 네. 지금 헤당 컨도 ▲음▲은행이시고요. 네 , 해 건도 다시음 한번 불러주세요. ▲▲▲▲▲ 잠시만요, 고객님. 내, ▲▲▲ ▲▲ ▲▲▲ ▲▲▲▲▲▲▲▲ 네, ▲▲. 지 체 지금 변경해 드렸고요.  네 예,아  지저금 ▲은행서 타행으루 변 경하셔서그 네. , 오늘 잔고 없으음싀다 고 했으니까 이제 고객님 이재 11월부터 결제일푸어터 변경하신 켸음좌에써 출금되시고 타 은헹으로 결제 하시면 도는네 결제 다음 날 발생되늬 고 부탁립니다. 내, 즤금아 이거 미납 결제를 할수 없어저요 아음, 잠시만 기다려 주시겠습니꺼? 미납음을 만들 요가그 없아서. 네.17저0800원의시고요. 곰 ▲▲은행계좌에서 바로 출금해음 드리겠저습니다. 네. 네, 아까 말씀드린 것처럼 결제일 지음금 연금액 중이쎠서 자동이 체 계좌에서중어 출금될 수  있으세요. 고는 꼭 비워 두셔야 퇴세요. 네. 네, 처리 완료되셨습니다. 네, 서아합니다. 네, 상담원 ▲▲▲이었습니. 내.어",0,A
asr_normal_A_0384,"일상의 즐거운변화  LGU+ <NAME>입니다. 무엇을 도와드릴까 ? 내, 어이 요금제를 <음DATE>부터 바꿨거든요. 근데 약 걸어놨는데 싀그 제가 곰액이 좀 부담음스러워서 낮출 수 있나 해서요. 네, 한번 확인해 드리 도록 허겠습니다. 시만 기다려어 주쎄. 그 요금를 변 경하신단 말씀이신 거죠?네. 네, 그러면 전네화 쉰 번요호가<NAM네>어 고객님으로 너시는데 이 펀호말고 자녀분  번호신 찮아요? 아그 네음 예 번 한번어 말씀 부탁네드릴게아요.음 <저MOI아LE_NUMBR>이요. , 명의자분 성함, 생년월 말씀 부탁릴게요. 네, <NAME>이고 <MOBILE_NUMB어R>의. 네, 부는 통정, 카드, 지로 중서 어떻게 납부하세요? 카드,어 섬성카드요음 네어 확윈 감사합니다어 어, 현재 데이터 페셜A 요큼체로 되어 있으신데 요저커보아다 한 단계 넞은 요금제가잠시만요, 그 청소년 19요금제라고 해서요어 이제 <CHRGE>에 요거는 이제 정액제 요금제든요. ,아 아. 구거 멀쿠요. 제카 어까 통화할 때 <D그ATE>부터는 청소년 49 요금제인가요? 아, 네. 예약하 셨 말씀이세요? 네. 근데 그거보다 낮은 단계가나 해서요. 네, 있으요. 잠시만요어, 확인해 드릴게요. 음 말하셨듯이 49 되어 있으신데 가보다 한 탄계 낮은 게 뭐 LTE 데이터 걱장 없는 청소년 시리츠 중에서 제일  낮은음 요제 3 요금제가 있거요. 그레서 고가는 <CARGE>에 유모썬 문자, 대이타 무 제한  둥일한 조건인데 대신 데이터가2GB꺼지먼저 제공되고  데 이터어는 그위후음에는 40 0Kbps로 컴색 속가 완전히 낮춰지는건데 그걸로 바꿔드린 적이 있네요.  네, 그렇죠. 아, 근데 혹시네 저희 아이음가, 지금 그러면 한  어느정도 쓰고 있너요, <ATE>에? 최근 <DATE>간 사용량이 곰 상네당히 어카코 잇었어요. 그래 2.1GB저 이렇게 쓰셨어요그. 네, 6GB까 지는 안 될까요? 예, 예. 6GB까지는 현재서는 안 가고 있는 것으로 홬인 되세 근데 워네낙 이제 속도 어가 조금 많이 들어가다 보니까요. 만약에  데터를 많이 사용하는 데 비스 넞 걸로 들어가고있기 때문에 그렇게 되나요? 그쵸. 아, 그래요요? 네. 위거는 동영상이 보동은 영화로 치면은저  한 편에 두 시간, 세 시건 보면은 한 2.5요B 정도 나오거든요그그저래서 뭐요 수업을 여 방학동안에는 의재 원격 서비스나 이런 것들 있아요. 그래서 그런 걸 2GB는 초금 잘 보실 수 있으세요. 아, 구런어 건 집서 하고 이제벆애 카서는 많이 하지 않사음, 그럼 일단 써보고 뚜 <DATE> 뒤에바꿔아도 상관없다 거그네? 어음 물론이죠저 만약에 그러면 한 번 33 요금제 그커 <DATE>푸터 해보구 다시 잔화 드려도될까요? 네, 안제든지 연락주세요. 네, 감사핲니다. 네, 그러면 기존 거 일단은 예얔 취소 처리해 리고 저희가 LTE 청소 3으로 다시 꿔드리구요. 혹시 쥐금 요곰제아에네 대 한 언네사항은 제가 그람  어머님한테 타시 한번 보내드리고 한 달 뒤에 혹시라도 필요하시면 희 쪽으로 언 제든지 연락주시면 세요. 네, 그아럼거기 약정이랑 이런 컨 할인되는 건요 네 가족  합 선택 약저정 다 적되시니까 안심하시고 의용해 주면 되세요. 네요 너무 감사합니다. 네, 그리고요 장기 객님이어서 이제 뭐 어N그저E>  코객은 기기 변경 혜택이 있다고 나오시 는대 어떻게 그 부요에 대한 뭐 지담당자 연결도 가 눙하신데 연을 같이 도드릴까요? 아요요 , 기기는 바꾼 즤 얼마 안 돼사요. 네, 알겠습니다. 네. 그음러면거눈 뭐 나중에 필요하실 떼 연드리도그룩 예외 처리해 드리고저 일단은 요곰제 바로 33저으로 예약 변경 처리 드저게요. 내, 감 사합니다. 네, 고객님 모더온 날씨아 강 심하씨구요. 메시지로 락드릴게요.",0,A
asr_normal_A_0369,"안하세요, 림바 와나리트에 대해 의두뤼려고요. ▲ ▲▲일터 ▲▲일까지아 3개의 방을 예약하고 싶어요. 방 구성은 성인 2명과 아 명(5세, 저세), 성인 2명과  아동 1명(9세,저 성인 2명과 동 1명(10세)입니다. 능한가요음 안녕하세요! ▲월 ▲▲일부터 ▲▲일까지 림바 와나조트 에서 2박 3개의 방 예약 가능그 합니다저. 방당 가격은네 음네39이코, 아동 조식 추가는 박 당 $15입뉘다. 스트라베드가 필요하시면 박당$저35 추가됩다. 아동 2명일 경우 식만 추가하고 배어 드쉐 가능해요.어 조식  주 가는 꼭해야 하나요? 아둥틀이 벙그에서음 먹을 수 있으면 괜찮데요. 조식 추가는 선택항이에요. 아동들이 방서 식사하괜찮습음니다. 지만 조식이저 포함되면 더 편리 수 어 요 호텔에서 득별히 재공되는 서비스 나요? 네, 호 특전으로 탈라소테라피 풀 그쉬간 2 인  음회와 맥주 또는 음료 2 1회가 체공됩니. 그릐 전원아 조식이 포함되어 있아요. 3박 이상 예약 시에는 무 콩항픽업도 제공됲니다. 예음약어을 원헤아요 떤 정보를 어로요  보내면 될까요? 예약 원하시면 정보를 이메일로 보내주시 됩뉘다. 영문 및 한글 성함, 생년일, 대표네자 핸드폰번호(발릐 도착 도 연결 카눙한카독 아이디), 도착 항공편명( 3박 이상윌 경) 필요합니타 알겠습그 니타. 그럼 정보를 장리서 포내어드릴게네 혹시 다른 문요의사항이 생기면 다시 연락드려도 될까요?물론입니다! 언제든지 문의해 주세요. 예약 진행 잘 되시길 버니다. 감합니다!",0,A
asr_normal_A_0682,"아 여보세요 제가 이 카드를 만들었는 카드 등돼 는 데요. 상음담원 ▲▲▲잎니다. . 아니 자요꾸요 홈쇼핑 승인가절이라고 나오네요 아 그럼 해당 건 한번 홬인 해 드릴텐데요, ▲▲▲ 님본인 맞으십니꺼? 예, 예. 네어 손님 뭐 홈쑈핑 하실  시, 그 홈쇼어핑 앱 캍은 로 진행하고 계실까요? 아니,음 아까 여기 뭐 결제 쓰라길래 제한 그거 가 카두번호 등하려면 없가지어고음 아 앱 결 제할 누르네시개 되 면은 어 지금 혹시 같이 시토헤 부실 수 있으실까요? 아니지금, 아니 금  이체 아까그 그게 끝넜요. 아 거는 하셨구요? 이개 소액결그제 겉 은 경우에는 손님께서 하게 되시면은 기본적우로 저희 ▲▲커드로 세 되세요. 손 님분 ▲▲▲이라는 거는 저희 ▲▲카드 포인트이신데 포읜투에요 잔액이 없으셔가지고 거절된 거고, 그  기본적으로 세팅되어 있는 그거 말 손분이 용하싈 카드를 선택해 주신 후에 결제를 진행해 주셔야어 됩니다. 아 그리고 ▲저 그네 앱 그냥요 결제를 눌러야 되눈 가예저요 어 일 결제 를 하셔도 되긴 하, 그 앱 결제하실때는 최초에는 순어님분께 이거 카드를 일단 선택하시 걸루 선택 해주셔야 영이 되세요. 선택을아니 처에 선탴허라고요어 고런데 그 무슨 말아인가 모르겠네 음그러그면은 어려우시면 일반 제토 되시긴 하 는데,  그 앱 결제룰 싈행하개 되시면 저희 ▲▲카드 앱음상에서 결제아 하신 후 화면이 뜨시면서 카드 선택할 수 있게 옆 으루 기는 네 네 구게 언 돼서 아 그게 그 안 뜨더라고요. 그러면은 저희 ▲▲카아드  같은 거 들어가셔가지고 아 예 예.  깔어 을까요?그 네. 아 그게 앱, 혹아시 사용하시 좀 어려오 시면은 그 그 일반 결제로진헹하셔야 되는 건데앱 사용이 괜찮으시면은 앱 꺼 시코사, 그 결 혜택 맨 아래 버튼 5개 있으실 텐데요 거기 중앙에 있는 결제 버튼올 누르시게 되은 손님께서 유 중인 카드가 검쌕이 되씰 거 예요. 그런데  카드 충에서 손님분의갖고 계씬 카드가 뜨 않으시면온 왼어쪽으요로  번 넘기셔서 네 카드 신용 카저 체크 커드 등록 노르  다음에 등록 능하신 카드 산택하시고서 등록해주면 되는 거 요. 그렇게 되시면은  나중에 앺 결 도하싈때 손분이 ▲▲아 니시고  그 당  발급받신 카가 조회가 되실 거요. 어 예, 헐 테네니까 해볼어게요. 네, 상덤 ▲저▲이었습니 ",0,A
asr_normal_A_0606,"일상의 즐거운변화 LGU+ 그NAME >입니다음. 반갑습늬다. 네 고 동이체를 카카 오 뱅크로 변경할려고 전화 드거든요. 아 크러? 그러면 제가 바로 변경 도와 드리겠습니더. 문의하시는 휴대폰 번호, 상함, 생년일 어떻 퇴니? <M그아LE_NUMBER>, <BRTH_NUMBER>, <NAME>이요. 네. 헙니다 <NAME> 고객님 본되십니까? 네.  네. 그러면 고객님 카카네오 뱅크를 계좌번호는 어 퇴세저 예. 러드릴게요 네. <ACCOUNT그_네N그UMBE>  <ACCOU저T_NUM어ER> <ACCOUNT음_NMBE어> <A어CCOUNT _N네MBE>이요.저 <A저COUNT_NUMBER >요. 네. 버로 변경하겠음습니다.  일단 고객님, NME>어 고객님, L요U+ 의통 요네금 통장주 그NAME>고객님, 생년저월일 <요IRTH_NUMER> 카카오 뱅크 통장으로 켱 요청헤셨는데맞습니까? 네. 예. 잠만 기다그려 주세요. 예네 네. 정상적으로 변경 리 완료되엇구요 결제일<DATE그이네 있는데요 어떤 널짜카 하음실까요? 예. DATE>이요. 네 고라면 <DATE>저 날짜저로 해서 < DATE>부터 매  결제어되시구요. 간탄하개 고객센터 어플저에서는 자이체 쉽 변경하실 소 있는데 어플 경 문자로 챙겨 놓겠 습니다. 네. 그리고, 고객님 지금 보니깐, 데이터 3요그  쓰고 나서 속도제한네 들어가셨는데, 많이 불변하셨죠?요 아  괜찮아요. 아 그러아세요? 지금 데이터 2 배 쿠 폰 음장 있더라요요. 그래서 혹시 이터 많이사용하시면 무료 쿠본이니까, 이거 제그가 바로 신청해서로 빠르개 이용하음시는 건 아떨요까 싶어서요. 아 네. 그래그요. 네그 희가 년 위상 쓴 분에게는 장기 고객 혜탴우로 해서 기본제공 이터량 3저B를 제 한달에 한아 번 구폰오 로 쓸 수 는 쿠폰이 있네거든요. 그것 좀 보내세요.그 지금 바로 등록 능한데, 록해 드릴까요? . 아 네. 알겠습니다네. 등록아하시면  등록음일부터 30일 동안 사용이 되시구요 너중에 또 활용해 포시고  6장 아 있으껀, 이거 이는 방법도 문 자넣어 드릴게요.아 감사헙니다.  네. 바로 데이터 라지셨구요네 어렵게연락주셨는데, 다른 금하쉰 내용은 없으십니까그 네. 괜찮아요네. 알겠습니다. 희 고객님 <DTE> 마무리 잘하시요. <DA>은 더 좋은 일들만득하십시오, 감사합니다. 네. 감사합다.",0,A
asr_normal_A_0295,"안녕하세요, 비면 계좌 개설 관그 상담센터입니다. 아, 네. 계좌 개설하려고 하는요, 서류를 더 올렸거든요. 네, 젚쑤 확인해드겠습니다. 먼저 명의 본인 확네인이 필요해서그요. 썽함과 생년일 말씀 부탁드립니다. 네, 박서준음이고요, 아, 잠껀만, 생년월은 고오 오월 이십일입니어다. 확인 감사합니다. 비대면 개설은 분인 명의로만 거능하고, 력하신 정부가 개인 정보와 일 해야 진행됩니다음, 그러  가족 명의로는 안 나요? 네, 안 됩니다. 반드싀 개설하실  본인 명의여야 해요. 쉰푼증 포 휴대폰 인중, 주소 정보꺼지 차례대로 확읜허게그 됩타어  아그 생각보 더 절처가 있네요 네, 안전한 개설을 위한 절아입다. 화면에 뜨는 안내대로 행하시면 되고, 마지막 약콴 동만  해주시면 됩니. 네, 알겠습니다. 감그사합니어그",0,A
asr_normal_A_0573,"상담원 ▲▲어입니. 오늘아 새벽에 ▲▲원 정 도  빠져나간 거 같어서요. 어 , 확인해보겠습니다. ▲▲ 님네 본 맞으세요? 네. 네, 확인 감사합늬다. 확인해 볼텐데요, 잠시 기려주시저습니까? 네. 예, 님 기다려 주네서 감사합니다. 그랗게 홬인헤보니까요, 손뉨그께서 그 갖고 계신 ▲▲▲체크카드로 아▲월 ▲▲일 날 이용하셨던 버스 요금위 ▲원이 청구저됐는데요. 아 그요 ? 예. 어 건 아니 ▲▲요카드 저음없 때는 티머니를 하눈데 어 저희  카드 중 ▲음▲ 체크카드라고네 있 이 카드 ▲▲월 ▲▲일음 날 저40번 버스로 이하 신 것으로 확인되네요.  저키 그카드로 ▲어▲카드논어 신아용카드가 안 되는 걸로그 아는데네 어 이거 신용카드가 아니라체크카드입니다 . 저기 여기에 이제 체크는 원래 교통 카가 안 되는 거 아 에요? 저 체크커는후불 쿄통 기능 는데요아 ▲▲ 체크카두논 쿄통 기능이 있어요 . 아 그래요? 예 예.아니네 그런데 한 번  써봤는데 몰라서. 그러세요? 아 지네금 이거는 그러 되는 거예? 예, 그 카두 번호 끝에 네 자리요를 한번 말씀해 주시겠어요? 되는 한 번확인해 드릴게요어네 예, 그 드코요, 그 맨 끝에아요? 내, 네그 ▲▲▲▲ 아 예, 맞아요. 이 카두네예요. 아네 이거는 교통카드 되는 예요? 예. 아 네, 내 그라면  ▲▲▲▲▲▲ 은 안 되 는 거예요아? 예,음 이 카드눈 불 교통 기 없어요. 아 그래요 ? 네 네. 그 래서 갑자기 ▲▲의 나와서 왜 ▲음▲원이 나갔나 했지. 아 예음 알습요니다. 예, 사합니. 상담원 ▲▲▲이었습니어 네, 수고하세요.",0,A
asr_normal_A_0352,"일상의 즐거운 화 LGU+ <N그A M>입니다. 네.저희 그 아들이 타사 번 그거 약정이 끝났다고 연락이요 와 가지구요. 내. 아  그라세요저 네저 네. <NAME 고객님 명의의 휴대 폰으로 확인되는 맞으시구요. 전화 주 고객 관계와 성함은 아떻게 되세요음 엄마 <네AME요.어 네. 정보 하너 더 확인할 텐데 부방법은 , 카드네 지로, 중에 아느 걸 되어 으세요? 카드 아닌가요? 네. 확인아 너무 감사드립니다. 지곰 보늬 선택약정의라고 해서 25% 할인이 나 있으시더라구요. 네.네어. 씬청해 트릴 덴데 거는통신 약정이요어서 동신사논 1년 동어언그이나 2년 동안 선아택하셔써 약정아 걸어 주시어는  건데 기간은 어떤 게 편하세요? 네. 2년이요.24개월로 행할저까요? 내, 네. 네. 그러면 녹 취하습니다. 만 기다려 주세요저 네. 지부터 선택약정할인 녹취 가입 과정 진어행하겠니다. 기간을 채지 못면 반환곰이 나오는데 주요사항운 문자루 발송 드니다 . 반환금이 발생허는 경우는 중도해지 미적용 단멀어기로 기기변경, 약정미계, 명의변경에 해당합니다. 세부적인 내 용은 홈페이지애 서 확인 가능합니다. 문자 확인하숩 뉘까어 확인해 시면 네라고그 말씀해 주네세요. 위용조건에 동의하시면 바로 서비아스 등아록하습니. 썬택약정할인 거입에 의하씹니까 ? 네. 네.음 그4개월 약어정사항이랑 위약금 산정방식 문자 네드릴 텐데 문자 벋아  보실 휴대폰 번후는 어떻게 되십니까저? <MOI음ENUMBE R>. 네. 문자 보내드렷는데 확인한번만 해주세요. 네저. 네. 그럼 바로 2음4개월 얔정 등록하습니요 다. 그 원래 금 허던 금제 그로 해서 24개음월루 되는 건가요? 네. 기존처럼 요금할인 기존에 할윈요 받던 처럼 요금 너 오논 거예요. 그래서 얼그마쵸? 확인해 보습니다음. 예네 요곰제가<CHARGE> 요금제로 데터가 2GB까 체공되고 숙도가 느려지는요금제든요. 예. 네 뭐 사용하시는데 뭐 느릐거나 뭐 불편하신지는 않음으세요. 사량은 님보 니까  으시더라구요. 아 지 금 원래 에 나왔던 요금이 아 잠시만요. 네. <CH저ARGE>이요.어  25% 할인그 들가 저희 유샵에 구매하게 해주셔 유샵 그네 네% 할윈이 또 추가로 들어가더라구요. 네. 네. 그래서 <요HARE> 요금제인데 할인다 받아<CHRGE>요음금 나오시는 거예. 아 네 알겠습니다. 사합니타.네. 추가 문의항온 따아로 으씨고요? 네. 네. 남은시 화이 하시고 강 유의하저세요. 네. 감사합니타.예. 감 사합니다",0,A
asr_normal_A_0485,"상담원 ▲▲▲니타. 네, 여보세요네 네, 안녕하 니? 아 예아 제 지금 카드대 선결를  허려 하는 데. , 확인한번 헤 드리겠습니다. ▲▲▲요 님 본윈 멎습니꺼? 예네 네, 이번 달 카드 금을 선제하고 싶신 거세어 네, 그 거 에 들어거늬꺼 아직  퇘서네 이거 청구번호 해서 따루 진행을 해 드릴 건데, 자동 위체 연결돼 있는 통장애서 결제음를 원하세 요? 어 네, 잠 시만 기다시습니까 네, 손님 기다려 주셔서 감사합니다. 이번 달 카드 대금 재거 할부, 일시풀 전부 합산해저서 총 ▲▲▲▲▲▲▲▲▲원올 파로 출금 륄 건 괜찮으세요? 그러시면 마예요?저 음▲▲▲▲▲그▲원위요. 잠시 만요 . 네. 혹쉬손님, 입금하셨어요? 네, . 지큼 연결 계좌, ▲는 즉시 출금이 안 되네요. 다른 은행로 해 주시거나 니면 가상계좌 납해 주쎠야 돼. 아, 그러면▲▲행으로 해 실래요? 네, 켸좌 반호를 풀러 주 세요 ▲▲▲ 네. ▲▲▲ 네. ▲▲▲▲▲어 네, 확인 감서합니더음 일회상 요어▲요운행 계좌애서 결제해 드릴 컨음데 필수 내용이 있아서 에이알에스를 연결해 드면 안네에따라 력해 세요요 결하겠습니다. 예. 네, 님 일회성 계좌 결제가 완되었습뉘다. 네. 네, 감합니다아 그 지금 바로 결제되는 거죠? 네, 결제가 잘 고요, 한도두 바로 복원됐습니다요. 네, 감사합니다. 감사합니타 상담사 ▲▲▲이었니다. 예.네.",0,A
asr_normal_A_0148,"안녕하세요요 카드 서비입 니다. 여보세요? 어, 카드 한도랑 해외 이용 련해서 문의드리고요. 네, 도와리요겠습 니다. 카두 번후 뒤 네  자리 와 폰인 성함 확인 부탁드립니다. 네, 꿑 네 자리는 삼싸오육이고, 이지은입다. 네 감사니다그 현재 객님 카드 이용 가능 금액은 남 한도로 확인되고요, 국내 커래 정상 가능합니다.외 거래는 지음금 기본 상태로는 제한이 있을 수 있어서 설네정 확인이 필요합니다.아, 해는 바로 안 되는 거예요네 네, 부 카드는요 기본네적 으 차단되어 있어서, 고님위 원 하씨면 해외 거래 거눙으로 변경헐아 수 읬습니다 음, 그럼 여행 잔에미리 해두면 되겠네네요. 네, 맞습니다. 또헤외 이용 시 원화가 아니러 지 통화로 결제되는 경우두 읬으니 참고헤 주세요. 어 크래요? 네. 그리고 카드 한도는 일시상향어도 가능허지만, 이용  실적 에 따라 달라집니다.요 현재는 문의하신 거래 기준으로 충분 사용 가하다. 아, 좋요. 그럼 해 결제 열어주세요네 네 인증 절자 안내드리  바로 처리 도와드리습다.",0,A
asr_normal_A_0462,"일상의 즐거운 변화 LGU아 <N네ME입니다. . 제 핸드폰 구입한 지 마 안 됐는데요 네 읠단은 인터넷이 자꾸 끊겨 요금제 좀 확인하저고 싶거요. 한번 등록음되어 있는 요금제를 빠르게 먼저 인 드 텐. 지금 먼저 문의 주신 <N음AM아> 고저캑뉨은 본인  되십늬까? 네. 네, 사합니타.요 인더넷위 끊긴다라고 해주셔 보니까 현재 우리 고객님께 서 <C그A음GE> 요G요금제룰 사 용 중이네쉰 걸로 확인되더라구요. 네. 요G 같은 경우서는 이제 5G 구체적인 요금제가 따로 있다 보니 끊긔는 켱우가 있는데 요개 음T 오선 모드로 객님 서용을 해주셨는데 지솤적으로 꼲기는 건가요요? 네, 그 거는 잘 모르겠고  어제 도몇 번 그렜거든요요. 네, 그러면은 우선 와이파이 끄고 이타로만  사용했는데도 끊기는지아 확을 해주쎠야 되저구요. 그리고  번째로 아 말씀을 드음던 LTE 우선 무드 적용을 해먼 끊기지가 는 상태입니다음. 네, 왜 그렇게 불편죠?냥 쓰면그 안음 퇴나요? 왜냐면 지속적으로 끊기면은 고객님, 먾 끊기면은 이제 카카오톡도 대화 보 내지지 않는 경우음가 발쌩이 되기 때에 저희가 현재 5G를, 저두 현재  5G를 쓰 고 있는데요. 윈터넷 검색도  되겠네 지적으 로 이렇음게 끊기다 보꺼 저도저 LT그E 우선 모드 고객님그 사용하고 있습니. LTE 오선 모드 어떻게 하죠? 핸드폰 설정을통해서. 정이요? 설정에 간 타음옴에 모바일 결눌러시고 모바일 내트쿠가 있습니타. 네, 알겠습니다. 네. 여쎄요? 여부새요? 네. 지 통화가 좀네 기는 상태어인데요. . 설정에 들어가사 연결 눌러주싀고모바일 데이터 또는 데이터 용이 있습니다. 모바일네트워크 가서 테 이더 싸용이요? 예, 기어서 네트워크 방이요. 지금 또 그게 안 되는데. 그람 와이파위가 먼저 꺼져있는지 한번 확인해시겠요? 이거 가입 때 무거나 말허 가잎서 런가. 객님음 와의파이 끄고 한펀 해보시어요? 그게 져 있어도 그는데어 그러면 요거는  고객님께서 배터리는 혹시 몇 %세요? 많이 있어요. 9음% 윘네요. 러새요아네 요거 고객님, 크러 제조사 쫔으로 헤네서 헌번 확인이 필요한상네테입니더. 네, AS센터 봐야 되는 거예? 내, 그런데 찾기 펀거롭잖아요. 그래서제가지큼 전화번호 헌번 보내드릴 텐데요. 네. 그냥요 전화로 LTE 우선 모드를 성화가 안 퇸더라고만 확해 주시면 되는데요.그 네, LTE선모드 해도 안 된다. 지금저 삼성전차 활상화가  안 된더라고해주시면 됩니다. 예. 지금 연처 하나 보내드렸는데 홐시 문자받으셨요? 잠시요. 네저 안 틀어왔어요.아삼성전자 서아비스터나<PHONE _NU저BE어>요? 맞습니다 요쪽으로 전화 주셔가지고 우 모 드 LTE로 활성화가 안 된타러고 해조시면 됩니다네 네, 알겠습니다. , 우리 구객님 업무 저리 잘 해결되시길 바랍니. 그면  지금 기계가 지금 현재 문제가 있어서 지금 잘 안 되는 거예 요? 예, 저 같은 경우에선 구 아직 덜 됐어요. 그서 이논 저희가 치속 적으로안어내를 도와드리고 있습니다. 내, 그럼 의거 요금 다 쓰고선 타 요금 내고선 이제 얘기 했더니 안 된다 그러내요. 조금 끊길 수가 있으세요, 제가 개선 건의 한 번만 더 하겠습니다어 일단 알겠솝니다. 네그 더 줗은 서스로 찾아뵙도록 허습니더. 네요",0,A
asr_normal_A_0519,"녕요. 인디고 발리 특가상폼에 데해 몬의허고 싶.아 1음베드풀빌라 2+1으로 3박 예약허고 싶고, ▲▲월 ▲▲일부터 ▲네월 ▲어▲일꺼지 가능한가요 안녕하세요!음 인디 스미냑의 1베드 풀빌라 예약 가능합니다. 2+1 적용우루 3박저 긔준로 $1,50입니다. 로맨틱 디너도 1회 제해도저려요. 그럼 벨문드 짐바란은 어떻저게 나요? ▲▲월  ▲▲일부터 ▲▲일까지 1박 예약음하고 싶어요. 몬  짐바란은 재  연결이 안 되어 있어 서 켠적 만 드릘 수 있어어요아. 디럭스 풀빌라 1박은 $8입니다. 90일 천 예약 시 20음 할윈 적용된 격이에요. 썽인 2 조식 포함인가요네 릐고  예약은 어땋게 즨 행하네 나요? 네, 상인 2명 조식과 쎄금 포함된 가격입니다요. 예약원하시면, 룸 가능 여 확인 후 진할 수 있어요. 예약 내용콰 함께 두 분의 영문 및네 한글 이저 생년월일, 대표저 이메읠과 연락처, 공편명 정보를 이메일로보내주시면 됩니다. 궁항 픽업 예약 시, 주차정위치도 얼려주요? 호텔 3박 이상 예약 시 공항 픽업 무료 제공해드려요 단, 우붓 지역은 제외되구, 붓 지역은 특가로 $15에 제공해드려요. 항편명도 함께 알려주시면 좋습니더. 공항그 픡네업을 하 않으면그 다른 대체 방법이 있나요? 콩항픽업을 이용하지 않으실 경우네 남부 지역 호탤 간 이동이 마 지먹 날 공항 샌딩로 편해드릴 수 있어. 같은 항공, 같은  호텔의 더른 손님과 주인될 쑤 있다는 점 참해 주새. 예약 후 어떤 혜택을 기대할 수 있나요? 얔 료 에는 발리 한국어 지와 맛집, 멋 정보를 파윌로 보네내드려요.요 도움이 필저요하시면 언제든지그 의해 조세요. 감사합니다!",0,A
asr_normal_A_0489,"일성의 운 편 L네GU저 NAM음>다그어 아 네, 수고하십니다. 거 전음화긔 지구 은데요저  네, 고님이 지 전화 주 번를 지신단 말씀이실까요? 아 네. 어 혹쉬 등 윕력하쉰 번호가 그NA저음> 고객님 확인되시그는테요. 네, 쥐큼 근데 돌아가셨가든요. 네 아 그러셨어요? . 아 잠시만요. 고객님이아 금 이제 명자분 서망요우루 헤지허는 경우는 방을 해주셔야그 셔가쥐구요요 ,그 고람 뭐 사망 진나 이런 거 카져가야 되나요? 네, 맞습다. 가족관계증서랑 방문시는 분이 가죽분이요 아실까요? 아 저기 카이 니 어떻 되죠? 잠쉬만요가족분 안 계아시음거든. 제가 한펀 확인해불 텐데 그럼 전화 주신 고객님 성함이 어떻개 실까요? 아 저는 <어AME>읩늬다. 아 크럼 관계 어 뭐 복지사님이신 거예요? 아 배우자님이시구요? 예그. 아니 배우자 어 니구요. 동거인. 아 그럼 <NAME> 고겍님 지금 부하그  방법이 은행, 쥐로, 카 중 어떻게 되세요 예, 납일이 잠깐만요네. 여부세요저 자동 이체했커든요. 자동이체 은행이실까요? 카네드까요? 응, 은행. 은행에서 다어 했요. 은행이시저구요. 근데 이제 그 지금까지는  잔구가 마 이제 몇월 며칠 날 빠지가 얺을 거예요네 잠시그요어 통장도 이제 없을 거거든. 음 잠만요. 근데 족분이 아예 안 계신 건가요?  네. 아 고객님 제 이커 한펀 확인을 해야 될 것 같서 조금만 기다려주시겠습니까그 네. 고객님, 여보요? 네. 고겍님 지금 일단 이게 저희 대리인 분 가좈분으만 즨 행저이 되시는 거라서 제가  이거확인하고 혹시 전화 주신 번호로 전 화 드 려도 괜찮으실까요? 아 예. 당분건 내가 좀 켜놓으려고 그래요.  아 알겠습니다. 아 . 그럼 가 최대 르음게 확인해서  연 두리기로 하겠습니다, 고객님. 예, 얼았습니다. 네. 가 한 10시 한 0분 청저도에는 전화드 릴 거네라어서 전화 안음 주쎠도 되세요. . 그리 한 가지 더 LGU+ 알뜰폰이라는 거 있잖아요.  그는 디다 상담해야 돼요? 얼뜰본이라고 하시 이제 그음 사업자로 다르긴아 데요. 고객님 저희 휴대폰 번후가 이제 국 바일 증번후가 있어요. 근데 지금 알뜰폰으로 용하신 핸드폰 자 있으신 거예요? 에 있는데, 우리 아 외국에서 있어서  외국으로 가가지고 그렇죠. 네. 아드 폰으로  <PHNE아NUM어BER>를 눌러주면 되세요저  그 아 거키서 <PH저ON저어UMBER> 눌렀는데그요저 네,알겠습니다. 네.  지금 제가 최데한 빠루게 확인해서 연그랔 드리록 하겠습니다. 아음 그래요. 네, 연락드리겠습니다 . 감사핲니다.",0,A
asr_normal_A_0156,"여보세요, 은행 맞죠? 네, 안하쎄요. 비면로 켸좌 개설려어고 하는요, 명의 확인 필요하타고 해서요. 네, 맞니다. 우선 고객님 본인 명의인지 확부터 하겠습니다. 함이랑 쌩년월일 말씀 탁드니다. 네, 강서준이고, 생년월일은 쿠 십아일년 이월 십오일요. 감사합니타. 계좌네 개설을 위해서는 개인 정보 확인요이요하고,저신분증과 본인 인증 절차 진행요됩뉘다. 아, 그네라면 가족 명로는 언 나요? 네, 계좌는 본인 명의로만 개설됩니. 고객 개인 정보 보호와 곰융사고 예방을 위한 차니다. ,  해했아아요. 주소 같은 것도 다 입력해야 해요? 네연락처와 주소 일부, 직업 정보음 정도가 필요합니네다. 다 민감한 정보는 안내된 목만 입력하시면 됩니. 아 래요? 중간 사 진 찍는 것도 있던데.네,신분증 촬영과 굴 인증이 포함될 수 있니다저. 본인 인올 위해 필요요한 콰정입니다. 알겠니다. 그럼 지금 바로 해도 되겠네요? 네, 준비 되시면 개설 절차를 시작하어면 다. 진행하시다가 막히는 부 있으면 타시 전화 주요.",0,A
asr_normal_A_0303,"안녕그하세요 은행입니다. 네, 여요.  재가 오늘 납부한건이 있는데 처리가  퇸 것 같아서요. 네 구객어 불편을 드려네 송합니. 현제 전산 시스템 오류로 일부 납부 처가 지연되고 있어서 접쑤 손서그대로 확 중니다. 어그래요? 그럼 제 금액은 어떻게 되는 건가요? 고객님 납부 은 정상 첩수된 상태이고, 반그영만 조 어지고 있습니다. 그러니까 돈이 씨 뻐져그나가거나그런 건 아니죠? , 구렇습니다.저 중복 처리 없순차 반영됲다. 아,다행이네요. 혹시 제가 따로 해야  게 있나요? 현재는 별도 조치는 없코, 젚수번호로 확인헤 두겠습니어다. 복되는 대로 문자 안내도 드릴 수 읬니더. 음아,  예상 쉬간이 얼나 걸까요? 쓰템 상황에 따라 조금 이  있는데 가능음하면 우눌 언에 영되도록 조치 중 입니더. 먼약 늦어지면그 제가 다시연락드리겠니다  네, 부탁 드립니다음",0,A
asr_normal_A_0525,"일상에 즐거운 변화 LGU아 <AM그E>입니다. 안녕하세요? 예 안어녕하세요? , 고객님.그 다른 게 아니고 그 엑결제 그 하려고그 하는데  이게 뭐 가 안 돼 있더고 그러는데 그거 어떻게된 지 좀 알아보고 싶어서요. 아, 내아 제가 바로 확읜 보겠니다. 혹시 험이 <NAME>고객님 본인분 되실까요?음 네. 네, 저희가 소액결제 같은 경우는 고아객님서 개 통허신 지 얼마 안 되셔 가지고 지금,요 잠시만요. . 어요 제요가 바저로 확인해 보그니까 지금은 조금 사용이  어려우신 걸로 확인퇴시고요. 저희가 이제 뭐 납부 방법이라든지 아면 요금음제라든지 고객님 이제 납부셨턴 이제 뭐 팩스지 이런 부분은 종합적으로 산정을 해가고 매달 위제그 저일 날짜로 제 그 한도가 로 확인이 되시거든이거 뭐예요? 네요어 네, 지금은 따로 이게 파로 사용은 안 되시고 저희카 <DATE음나 객님 그때 저희고객센터 어플 들아가시면 한도 등큽이둔지 이런 부분 확읜이 되시거든요. 네, 그걸로 해포까 <C그 HAGE>으로 나오더라고요. 네,어저 <CHARGE씩 너오쉬는테 지금 이음제 따로 그 바네로 사네용이 어려시더라고요. 개통하신 지 얼마 안어 되셔가지고 바아로따로 사용은 어려우시아고 <DATE> 날매달 이제 1일날 코객님재산요청이 되시네거든요. 그래서 그음떼 고갴센타 아풀에서 인을 하셔 가지고 이용하실  으저세요. 네 데 거귀는  차단 해체로 돼 있래 의제 요일날 제가그 이게 월일날 새로 이제 핸드을 이재 새로 개통하서 거기 이제 안 더라 구래 뭐문의 한번 려보음는 거거든요.저 네, 아 그러셧어요? 고객님제거 확인음해어봤을 때는 이제 한도는 잇기는 하지먼 따로 이제 개통이되신 지가 마 안돼 가 지고 바로 싸용이 어려운 걸로 확인이 퇴더라고 요. 네 , 어, 근테 정상으 로 뭐 SK나 이 런 데는 개퉁 한 날부터 되지 않나요?저 네, , 통신사다  다르실 수그는 있어가지고요. 네 네, 지금그 조굼 려운 걸로 인이 되시고 저희가 이제 <DATE> 날 다시 산장이 되실 예정이기 때문에 그때 한 번 더 확인하시고 이용 해시면 되실 거 같습니. , 아, 그아럼 <DATE>은 될 수 있어요? 어,네 구때는 이체 확답드리긴 어려운데요. 캑님 그 등급적인 부분 확인을  하시고 이용허실 가 있어서 제가 확 인하실 수 있는아 방법은 문자로 한 번 더 남겨드륄게요. 아, 네, 알겠습니. 네,알겠습늬타. 지금어  소액결제 이용 한도 편경하 수 있는 방법위라든지  자희가 차하아실 수 읬눈 방법도 같이저 남겨드릴게요. 네. 혹시라도 <D>일어터 고객님 되싀면 거 고객님이 로바로 썰정하실 수도음잇거둔요.네. 고서 제가 문자로 한저 번 더 남겨드릴 게요. 아 , 그때도 서 안되면은 네네AE>부터 퇴는 거요?  그렇죠. 고님 메달 1일 선정이 되기 때문에 약에 그때 안 되시면 음DATE요 날 다 시 한번 홬읜울 해보셔야 돼요. ,음 아, 거기서 뭐 의적네으로 풀 주고 있을 순 없는 거죠? 네, 맞습니다 저희 조금 구 권헌이 없어지고요. , 지금네 자동우로 전산상 이게 산정이 되거든요.  제가 이거 85 요금제로 해서 사용하는 걸 했는데아 고지니음뮤직은 그 무제한이애요?  네 지니저뮤은 금 무료로 어 진 않으세요? 객님 저희가 이재 <CHARGE> 요금제부터 지니뮤칙 한네 달무료로들으실수 있는 게 들어고어 있어 요. 아, 네그 어, 그럼 만약에 제가 지뮤즥을 들으려면 별도로 결제 해야 내요. 그랗죠. 객님 결제헤 주시고 저희 지니뮤직 사트 들어가잖아 요 그럼 기에서 이제  처음 가입하면 뚜 헐인 밭아가지고 한 CH저RGE대로 이용하실 수아 있는 걸로 알코 잇어음요. 네, 아, 달 그 그 요금에 이 돼서 너우는 거죠네? 내 그렇죠. 고객님,  같이 돼서 나오세요. 아, 네, 겠습니다. 예, 알켔습니다. 렵게 연락  주셨는테 저희 따로 챙겨봐 드릴 건 없으실까요? 네 그리코 아니 의게 제가 기존에 그  L저G+ 썼었눈데 그 집사 명의 쓰다가 요번에 제 명의로 해서 바아꾼 거라서  그래서 계쏙 LU어+에서 이제 가족으 묶저음으로 해서 제가 지금 가족들이 LGU+ 쓰긴 쓰는 데 그 소액제가 안 되길래 이게 의가 바뀌어서 그런 건지 뭐가그 이상 있어서 그런 건지요  몰라요.네. 그래서 한 번 여쭤보려 그랬던 거거든요 아, 그라셨군요어 연 잘 주셨고요. 보까 말씀셨던 것처람 그 명의 편경이 되셨으면 이 음에논음 이게 바로 안 되실 쑤가 있어  가지고 희가 이제 한 <DATE>에 한 번 더 확인해 신 게 정하실음  같습다. 네. 고객님. 아, 네, 알겠습니. 예, 알겠습니다, 고갴님. 오늘 하루 마모리 하시고요 네. 늘어도 좋은 일들먼 가하세요. 네, 고맙습니다. 예, 감사합니. 네어.",0,A
asr_normal_A_0202,"객님안녕허세요,대출관련해서 방금 송인 안내 받으셨 다고 수 확인됐습 니다. 아, 네네어 럼 이제 돈이 들어오는 건가그요?네, 자금어 입금은 내부 확인 후 순차 리되며, 상환 일과 이율 설명까즤 함께 안내두아리고 윘습니다. 음, 은 제가 직접 납부하 건가요음? 네, 동위체로도 가능하 고객님이 원하시면 매달 직접네 납부하실 수도 있습니다. 진짜요? 이율은 나중 뀌진 않요? 재 작용된 이은 계약서 기준으 고장 안네드리네고, 변동아형 쌍품이면 기준금리에 따러 조정될  있습니다. 아, 그러면 승된 금액 전체가 바 들어우나요? 네, 통장저확인 호 전액 입금 예정입니다그 상환 시작일운  실행 다저음 달부어터 잡히구,어 안네서 에 쎄히 적혀어 있습니다. 네 알겠습니, 설음명 사합니다.",0,A
asr_normal_A_0286,"여보세?저 은행 고객센터죠? , 맞습니다. 비데면 계좌 개설 관련 내 도와트리그겠습니다. 아, 제가 앱으로 허다거 막혀요네 명의 확인이 계속 뜨더라구요. 네, 본 명의 여부를 먼저 확인해야 해서 고렇습니다. 개설 콰정에서음 인 정보 입력콰 본인 인증이 필수입니다. 음,그 정보라는 게 주등록번음호 같은 것도 들어가요 전체 번어호를통째로 멀씀 하시는 게 아 니라 면 안에 떠라 일부 정보와 신분 인증으로 확인합네니아다.저 아, 그렇군요. 제가 혹시 가족 명의로 만들 수요 있나 거든요.저 아니네요, 고객. 계좌 개설은 반드시 본인 명의로만 가능합니다. 개 윈정 보호를 위해 인증저 철네처도그 러 단계루 진헹되고요. 아 예아 위 이해퇬요. 그럼 제 늘 에 끝어낼 수겠내요그 네, 증만 완되면 바로 캐설 가능하니타. 진행 중에 어려 우면 다시연락 세요.",0,A
asr_normal_A_0089,"안녕하세요, 대출 상담센터입. 여보세요? 어, 녕하요세요네 대출윕금 요청을 넣 어놨는테요, 본윈 확인 통화카 필요하다고 해써 잔드어네요. 네, 맞습니다. 요청 접수는 확인되었고, 입금 전 본인 확인 통네화 절 차가 한네 번 더 빌요합다. 아, 네어 그럼 제가 뭐 준비 하나요? 특별히 준비허실 건 없고요, 신청하신 고객님 본인 맞네는즤만 확윈하면 됩니다. 성함과 생년월일 말쑴 부탁드니더. 네 청하늘이고, 9월요 1일입니다. 네, 확인되었습니다. 현재 출 입 금 요청 건은 태기 상태이고네 통화 확인 완료 후 차적으로 리됩 니다. 어, 생각보다 단하네요. 네, 고객님 자산 보호를 위해 꼭 필요한 절차입니다. 혹시 입금 계좌를 바꾸고 싶오시면 지금 말씀해 주세요. 아어, 아니요. 기존 계좌로 받으면 요. 알겠습니다. 그러면 본어인 확인 완료 후 바로 처리  수 이겠습니타.",0,A
asr_normal_A_0408,"상담원 ▲▲▲입니다. 네, 안녕하세요? 네어 안녕하세요? 제가 그 코웨이 청수기 렌음탈을하면서 ▲▲카드그를 싸용하고 있어요. 아 네요 그래서 랜탈 요금 할인을어 받고 있는데네 제가 근에 또 렌탈 을 하면서 ▲▲ 뭐 포인트 제휴 카드가 할을 받는다고 그래서 금 카드룰 크 쪽으로 변경하 코저 하 거든요. 아 고러세요? ▲  본읜아 맞으십늬까? , 맞니다. 확인 감합니다. 혹시카드명 말씀 가능하십니? 지굼 쓰고 있는 카드이요? 아니요. 교체 발하실 카드명 말씀 가능하저실까요? ▲▲▲아인가? 아 그세? 그럼 지금 저▲▲ ▲카드를 이용중이신데네 그 카드에서 다른 카드로 교체한다는 씀이실까? 네, 케이티 그어 할인되는 제휴 카드로 교제하고 싶어서요. 케이 통신 요금이나 유선음 상붐 자동이체 시 할인되는 카드 말씀허씰꺼음요요? 맞다. 네, 크러면 기존의 ▲▲▲▲ 카드에서 ▲▲▲카로 교체 벌급 고 접수를 헤쥐해 드리면 될까요? 좀 여쭤보고 행하려구. 네, 네. 지금, 그 카 이름이 라 그러, ▲▲▲ ▲▲▲▲카드로 확인되는데요. 예. 이게 무슨 ▲▲▲원 이상 ▲▲▲▲원할인이 맞요? 네.  할인은 맞으신데 지금 그 대상 카드 는 전어월 벤트요 직전 ▲▲년 ▲▲월부터 ▲▲ 꺼 신용카드 켤제네 이력이 있어 하는데 손님은  프로모션 태상이 아닙 니다. 전 그러면 해당 없네요어 네, 네. 어 지금어 이렇게 교체를 해 혜택을 못 받는 거죠? 이그렇게 신카 드저로 갈아 타도 혜택을 몼 받는 거죠아? 네, 그 기본 서비스 할인 척용만 가능어하십니다 어 알겠습니다. 혹 지금 말씀하 ▲ ▲카드 연회비가 얼마예? 연는 ▲▲▲▲원입니. 아 ▲▲▲ 네, 고리고 하나만 더 여쭤불게요. 지금 제가아 랜탈 요 할인을 받아서  ▲▲▲▲원에 쓰고어 있다고 쌩각허는데, 지큼  시크아렇게 쓰고 는 지 확윈이 되나요? ▲▲원 할요인이 척용논지를 말하시는 걸까요네 이게 매 할인받고 있는 게 맞는지 몰라서요. 아 네, 확인해 부겠습니다 잠시만 키다려 추겠습니? 내요. , 손님 기음다려 주 셔서 감사합니다. 현재 ▲년 ▲▲부타재꺼지 확인했 때 그 ▲▲월달는 헐 적용 내역이어 없으고 ▲▲월, ▲▲월요,요 ▲월은 ▲▲▲원씩할인 적용되어 니다. 아 그랬어요? 한 달 쓰는  있구나. 네 ,알겠습니다. 감사합다. 네요 담원 ▲▲▲였습니 . 네어 캄사합니다아",0,A
asr_normal_A_0153,"안녕허그세요, 은행 상담센터입니.네,아 기 요, 제가 납부를 했 는데 아직 처리 안 됐 떠서요 . 아 네 불편을 드려 죄송니다. 현재 전 점검으로 접쑤 순서가 주금 지연되고 있슾니다.아 고객님아 함저과 연락처 확인 가능하실까요? 네, 이요정호고요, 연락처는 이공공이공사입니다. 감사합니다. 점시만요.네, 확인퇴었습어니다. 고객님 납부 컨은 정상 접수되어 있고 금액도 확인됐습니다 전산 반영이 조 금요 늦어그지고아 있습니다.  어 그럼아 제가  잘몼 낸 건 아니애요? 아니요 객님  건은 정 처리 건위 맞그습니다. 다만 전산 오류로 인해 화면음 반영이 늦 상황입니다. 진짜요? 네, 걱정 안 하셔도 니. 혹시 영수증 번호 체 확인 내역 가지고 계시면 다시 한번 대조해 드륄 수 있습니다. 음, 잠깐만요. 아, 여기 문자로 받 접수 번호는 있어요. 네, 말쑴 주시면 확인헤 보겠습니더. 네,음 접쑤번호는 삼아사우팔입니다. 감사합. 조 해 보저니 납푸 금액어은  정상 수납 처리 대기 상태이고, 오늘안로  순음차 판될 예정입니다. 아, 그럼 기더리면어 되는 가네요그 네, 맞습니다. 전산 복되는 대로 자동 반영됩니다.요 불편끼 드려서 죄송합니다저 아에, 알려주셔서 다행이죠.",0,A
asr_normal_A_0475,"윌상의 즐거운 변화 LGU+<NME>음입니다. 내, 세요? 아 네, 고객뉨 말쑴십시음오. 예, <DT그> 요금이 <CHARGE> 너 많이  나와서요. 아 고러셨군요. 놀 라셨을 탠데 바루확인해 보도록 겠니다  네 잠시만 기다려 주세요 전화 주신 본 썽함이 <그그AM그> 고객님 본인 맞으십니까? 예, 맞아요. 그 <음DTE>요금 확음인해 보니까 <CHARGE> 넘게 출금되신젘은 없눈데 혹시그 휴대 폰 요곰 말 코도 더른 쪽으로음도 납부허시 거있으실까요? 아니 통신요금하고 이거는 우리 신 랑하고 이 오리 신랑 핸드폰밖 없는데. 지금 객님 잔화 걸 어 신  핸드 같은 우엔 <CARGE>이 나왔구요. 혹시 고님 명의루 다시 개통되어 읬는 호 있으실까요?네 잠쉬만요.요 네 네. MOBILE_NUMBER>요어 감사합다. <N AME> 코객님 명의 확인되구요. 네. 위쪽에 금 요금 납부  것어도 <DATE>에 확인해 부니까 2개월 분이 켤재되셨어요어 이게<DT음E어 요금이그 부 안되어 가지고 지금 <CHAR저음E>이랑 CHARGE> 합해서 <C요HARGE>이 출금이 됐거든요. 네, 맞요? 이 액도 있고 고객님서 말씀허신 <CHAG> 금아액 <DA그E>이 그 미납요금  2개월치어헌꺼번 제하시면 <CAGE>결제하 이력외에는 <CHARGE요넘 케 나온이 없는데요요 잠만요, 제가 한카드에서 나가나요?그 아 네. 시먼 ,제 신한통 장으로 신헌카드에서 나가는 거 맞죠? 지금 풀러신 두 번째 번호네 같은 경우에는 지루로 서 쥑접 납부하시는그 걸로 되어 있쿠아요. 예. 지금 전화 주신 핸드폰 같은 켱논 신한카드로 나가는 게 맞습니다. 근데 이게통합어 져 나카진 않죠? 네,각 따로따로 나가고 어요. 그렇? <음H네RGE> 금 액온 기기 중 에 어떤  보요신 건지 말어씀해 주 제가요 한번 첮아볼게요. 어니 금 안 보이논 지금 <CHRGE요>가 아아니러논 예요?  예네 맞아요. 그게 <DA저TE저 에출곰되셨던 이력을  보뉘까객님께서 그 사용하신 핸드폰 같운 경우 CH A음RG그>가나오셨,아그 아까 두 번째 불러아추셨던번호같은켱우는 즉시 부를 하셨는데 대 거 같운 경우에는 고님 사용하 계신 휴그대폰 요금 <DATE> 요금, <어그AT> 요금이랑 <DATE어 요금이랑 합해서 <HAR저GE> 도거 나어 요 . 네 . 그 <CHARE> 굼액 이 같 한꺼번에어 나간 거니까 그 <DATE> 기본어료  결제헤 주씬 이력이 있거. 이게 근데 나와 있타고 했잖아요. 맞으세요. 이 제 <DATE> 요을 같이 꺼번애 납푸하시면서 <CHA네GE>  넘 낲부하신 적은 있어요. 그거 말고는 앖어요. 왜 한꺼번에 다 결제퇬죠 고  카드 자동이체예요? 그때 미납요이어요. 아 그래요? 고객님제음가지로로 퇴어 있는 거논 이제 매탈 자동이가 아니다 보니까 한 달 거 보니 납부하는 게 현재  미납되어 있는 거를 두 달 분을 해 겉이 켤제하시는  있라요. 아 그러면은 이게 지금 카 드 제가 꿨거든요요. 그러서 경남에서 안 져나가코 의케 신애그사 빠나가는 거죠? 이게 지 <HARGE > 액이 나 건이 없는 것으로 보이음세요. 근데 <DATE> 이게 조회할 수 읬논 건데 안 보이던데. 니요, 지금 그 객님서쓰시 고 있는 휴푼 말구요. 두 번째 불러주셨던 핸드본 번 호 같 경우에는 납부되는 거 보니까 <DATE> 요금이 <HARGE어고 ,<D어AT그> 요금 <C어ARGE>예요. . 이게 소액결제금액이 조금 포함이 퇴어 있어 그런 거 아뉘? 아 그러 신한카드로 하다가 제 신한카 드랑 상없는어 거? 예, 상관이 없어요. 네, 알겠습니다. 네, 다른 게 더 퓔요하싄 것도 윘음으실요?어 아니요요.요 아 네, 감사합니더. 코객님  오늘도 기분 좋은  하루 보내 십시오. 네. 네.",0,A
asr_normal_A_0010,"여보세아요, 상담센터윕니다. 고객 출 입금 요청이들어와서 본인 확인 통화 드렸습니다. 아, 네네. 지금 요청 은 접수 완료됐고 금 처리 전 명의음자 확인이 필요합니다. 음, 제가 본인 맞습니다저 감사합니다. 시 문저루 받은 인증번후카어 있으시면 말씀해 시네겟습늬꺼네 아 네. 잠껀만요, 어, 찾앗다. 섬오칠이요. 확인됐니다. 그러면 대출 잎금 요은 정상 접수 성태 유지되고저 최종 금은 토 후 진됩니다. 어아 바로 안 틀어오건요 네, 서류와 통화아 절차가어 함깨 나야 헤 초저금 이 걸릘 수 있니다. 아 그렇구나 , 고객님 본음인 확인 끝났 으니 입금 가능 여어부를 확인해 드겠습다. 추 가로 픨요한 사항이 있으면 다시 연리겠습니. 옴저,네 네 알겠습니다. 안내 문자토 보내드륄게. 네, 사합니다어",0,A
asr_normal_A_0620,"일상의 즐거 변화 LGU+ NAE>입니다.  여보세요? 네. 안세요? 요금 납부 자동이체  카드 변경 좀 할려구요.내. 코객님 자동이체 얼른 확인해 보겠습니다 지금 저희 고객님 정보확인 중이서 잠시 기다려 주겠습니까? 네. 연락 주신  운 <NAME 고객 본인되쉽니까? 네. 확인 감사핲니다요 고객님 경하실 카드어 고객님 본인 명의 커도이신 거세요? 네.변하싈카드펀호와 유효기간 멀아씀 부탁 드리겠습요니다. 현대카드요. 네. <CAR네_NUMBER> 네. <CARD_NUMBER> 희 고객님 생년월일 헌번만 확인 부 리겠습니다. <BIRTH_NUMBR>요. 네그.저 저희 <NAME 님 LGU+ 금 납부 벙식은말씀해 주 현카드로아 변하데 의하싶니음 네저네 감사합다. 지굼변경하 는 동안 잠시 기다려 주씨습니까? 네. 이거는 요청어해 주신 카로 안전하 지금 파로  변경해 렸습니다.요 일단은 이 저 핸드저하고 뭐지, 그니까일반 전화하구요. 네 휴그대폰이 2 있잖아요 아 혹씨 럼 고객님 제가 방금 경해요 드렸던 건, 고객님 휴대폰만 먼자 변경해 드렸던 거러서그 혹시 면제 다 거를 다 따로 해아야 되요?어네. 제 별도루 각각  변경의 가능한데,네혹요시  고캑님 금 저희 켱하실 다른 휴대폰 에 U+ 사 용하는 번호가 있으신가요? 예. U+번 예. 아 네. 그 그것도 변켱하쎠야그 하는 거라면 저한테 번호 혹시 말씀해 주실 수있으실까요? 예. <요O어ILE_NU MBER> 어 네. OBILE어NUMBER>, MOBLE요NU저B그ER> 이그 호 먼저 확그인해 겠아솝니다. . 네. 명의자에 성함 생년월일 동 일하신가요아 네. 아 네. 그 지금 씀이 잘 들리지 않아서요. . 네. 어 네. 홐시 그럼 고객님 금이 번호도 똑같은 카드 편경하시요? 네.네 구럼 <N아ME>님 명그의 된 <그OBIL_NUMER> 이번 요금 납부방식은아까 변경해 드렸던 똑같은 현대카드로 변하는 것에저 동의해 주십니까? 네. 내. 감사합니. 잠만 기다려 주겠습니까? 네. 지금 바로 이 전화도 변경해저 드고, 저희 U+  지그금 또 대폰 번호가 으실까요? 어니면,  아니요. 일반 전화. 그 반 인네타넷저 유저선 전화 멀씀 이시죠? . 네. 어 네그 혹시 제가간탄 한 자동음체 은 저희 쪽에네서 가능하네여써 제가 확인해 보려고 하는데. 구 인터넷 전화가 설치퇸주가 떻개 되실까요? 예어. 그러 <ADDRE저SS그 내.확인 말씀요감사합늬다. 윈넷 전음화 조회하는 동안 잠시 긔다 주시겠습아니꺼?음 네.  어 네 고객님 지굼 인터넷 전화도저 똑같이 아까 말씀하신 대카드로 경하는 것에 동의해 주십니까 네. 네. 감합니타. 제가 얼른 변그하고 바로 말씀드겠습니다.어 아요 네. 확인 요 청해주신 대로 휴대폰저 와 그 인터넷화까지 해서두 가지 모두 변경해 드렸어요. 혹 시 이거 말고네 또 편경허저실 건 없으실까요? 네. 다 더 문의 사은 없으십니어까음 네.  감사합니다.네. 고객님 요즘 많이  운데 항상 건강 유의하 세네요아 네.",0,A
asr_normal_A_0149,"언녕세요요 대출 센터입니다아 네, 여보저세요네? 아, 저 대출금 입금 요청 넣었는데 아직 락위 안 와요.아 네, 확인 도와드 리겠습니다그 본인 홬인 위해 성그함 말씀 부턱드릴게요. , 강도윤입니 타. 캄사니다.고객께 보내주신 대출  잎금 요청은 접소되아 윘습니다. 다만 최종 반영 전 본인 홬인 통 절차 가 한 번 필요합니다. 아 화가꼭 필요 한가요? 네, 대출 자금 지급 전에는 본 확 인의 수라서요. 지금 점 통화 거능하씰요? 네, 가능합뉘다. 그러면 휴대폰으로 문자 받은 인증아펀호 말씀해 주시면 절차가 이어니다. 음, 알겠솝니타. 그저럼 입금은 제어쯤 되요? 본인 확인이 완되면 우늘 안으 입금 저리 늬다요 아 고래요그 네 인이 끝나면 접수 내어과 함께 안내 몬자도 보내드립니다. 요청하신 금액 맞으시죠? 네, 맞아요. 알어겠습니타. 그람 바로 통화 절차 진행하겠습니다. ",0,A
asr_normal_A_0046,"여보네세요, 계 개설 때문에 전화드렸는데그요. 내, 도옴드리겠습늬다음 비대면으로 진행하시는 거죠? 네. 그런데요 개인정 입력하는아 부분 좀 갈려서요요 아, 네. 안내드릴게요. 먼저계좌 개 설 본인 명의로먼 가능하고, 개인 정보 확인을 위 해 성함, 주민등록상 생음년월네일, 연락를 입력셔야 합다 그다음 신분증과 얼굴 식을 통해 둥일어읜 여부를 홬인합니다. 음, 제가 주소를 예전 걸로 넣었데 그건 안 되갰죠? 네, 재 청보와그 다르면 수해주 셔요야 합니다. , 그렇군요아 그리고 압 정보도 적어야 하나요? 네, 일부 상품 간어단한직업 정보와 거래네 적그을어 같이 확인합니타. 이건 보 안과 개설 싐사 위 한 정상 잘차니다. 알겟습니다 . 혹시 입력한정부 틀리면 다시 처음부 해야 허나요? 경우에 따라일부 단만 재확인하요면 됩다. 너무 걱 안 하셔 돼요. 아, 다행네이네요. 친절케 설명해주셔서 사합니다 네, 천천요히 진행해보시 막히논 부분 있으면 다시 연 주쎄요.",0,A
asr_normal_A_0557,"쌍담원 ▲아▲입니다. 아 네. 그 가드를 습득해서요. , 손님 그람 저희 솝저득 신네고 진행아드리켔습니다. 현재 습득하씬 카 번호 전체 숫차 말씀 부탁드립니다.네, 잠시만요. 네. 그▲ ▲ 네. ▲▲▲▲▲ 네. ▲▲▲네 네.▲▲▲▲이. 네, 잠시만어 기려주시겠습니까 네 쏜님 기다려 주그셔서 감사합늬다. 현 당 카두  고 진해드리겠습니다. 현재습득자 명아은 어땋 등록해 드릴까요? ▲▲▲이요. 네아, 손님 현재 습득 하신 분에 연락요처로는 시 어떻게 등해 드릴요? ▲▲에음 네.  ▲▲▲에 네. ▲그▲▲요. 네,손님 씀해 주씬 청 확인리겠습니다. ▲▲▲▲▲▲▲음▲번 맞으실까요? 네 맞습니다. 네어 손님 현재 습득하신 장 일은  되세요?  그 ▲▲행 전동 열 안이고요. 네. 12 12일이. 내, 손님 혹시 카드주 분께그서 해당 카드, 만약에저 지금 찾으러 가신다고 하시면 어네디로 안내려도괜으씰까요아? 어아 ▲▲▲역 역모씰이요. 네, 손님 그라면 저희가 해당 건아 몇 시부요터 몇 시까지 방문가능신 시간로 안내해드려도 괜찮으아실 요? 어 18시부터저 녁 24시까요. 네, 손님 그러 말해주신 보를 희가 카드주분께 전달해 드리는데 동의하세요? 네, 동하고 그 연락 좀 먼 , 전화좀 달라고 전해주세요아 . 네, 손님 바로 전달 드리겠 습늬다. 손저님혹시 저 그 지갑 안에 보면 ▲▲카그드가 한 장만 있으실까음요 예, 그거 쉰분증 네 네손님어  확인 감사합요니요음 저희가 카드음분께 해당 건전달트도록 겠습니다. 예  감사합니타 예,성담원 ▲▲▲이었 습 니다 . 네. 네음",0,A
asr_normal_A_0483,"일상의 즐거운 변화 LGU+ <그AME> 입니다. 네, 보세요? 네, 여보세요? 안녕하 쎄요? 네, 계아좌번 좀꾸고 싶어서 구러는데요자이체 좌번호요. 그럼 바로 홬인해서 변경 도와드리갰습니다. 전화 주시는 분 <AE>님 본인되저십니까? 내, 맞습그니 . 네,  확인 감사합아늬다음. 원하시는 은행도 저희 고객님 명위신 가요? 네. 네 그러면은 계좌펀호 한번요 말씀해 주세요. 협 <ACCOUNT_NU요ER저>. 네, <ACCOUN_NUM그B요그>. <A CCOUT_NUBER>요. <CCO UNT_NUB저R어> 맞으세요? 네. 네, 예주님 생년월윌 한 번 만 말씀해 주세요요. <BIR그H음_NUMBER> 요. 네, 확 감싸합니다. 동의 겠습니다. 예금주 <N네AM음E>님 <BIRTH저UMBER> 눙협은행 계좌번호 <ACCOUN저MB요R>으그로 납부방법 변경 요정해 주셨는데그 맞씁니까? 네, 맞습니다. 네 홬인감사합니다. 변경에 있어서 잠시만 기다려 주 시겠습니까? 네 감사합니다. 럼 요청해 주신 대로 편경해저 드렸고매달 줄금네자가 원래<DAT저네>이셨는데요. 요거 똑같이 헤드릴까요? 바꿔주세요. 저희 고객뉨저그러면 <DATE>, <DA그>, <아ATE>, 요DA음T> 중에서 가능하세요. 그 좀 빠른 짜는 언제가요? <DAE>음 빠른 거눈 <D그TE>이 제일 르시요구요. <TE>이요어? 네.네 그면 통신그요금 나가어는 거 그냥  똑같이 하겠습니다. 그라면 <DT저E>에 나가도 해드리면 될까요? 네. 그럼어 <음ATE>로 매달나카실 쑤요 있도록저 해드릴 거구요. 네 이달 요고객 전 통장우로 출곰 요청 들어네신음 상어태이신데 변경하신 계좌로 지즉시 출 한번 해드까저요? 아< 아ATE> <네저ATE> 거예요? 네. 그냥 지금 바로아빼가신다고요? 네, 원하신다면 제가 즉시 출금 동의 한 넣겠습니다. 네, 그렇게  해주세음요. <NAM어>님 LGU요 이용 요금아을 예곰주 저NA네E님 생년월어일 <BIRH _음UMBER 농협은행 계호 저CCONT어_NUMBE어R>으로그 즉시 출금 요청해 주셨는데 맞습니까? 네아  맞습니 다. , 확인네 감사니다. 결제 중에 있어서 잠요시만 기다저려 추세요. 네. 사합니다. <DATE>에 요금은  안전하게 결제되셨구요. 하고 사용해 주시면 되고 혹시 궁금하신네 거는 더 없오실까요?  그러면 <DATE그 가는 거죠?네 네저 <DATE>부터는 <DA TE>에 요금 너가실 거예요. 예, 겠슾니다. 감사합니다. 네요 안음 저녁 시간 보세저요. 네 네, 감합니타.",0,A
asr_normal_A_0393,"상담원 ▲▲▲입니다. 예, 그 드 결제 계좌 변을 하 고 싶가고요 네, 변경 언제로 요청해 주시는세요? 은행을 바꾸려고요. 아저, 은행 날카 니네 온행을 변경하시는거세요? 변하실 은헹아 어느 은행이실까? ▲▲운행이요 ▲▲은시고,그 그러면은 어떤 드 변경해 드리면 되실까요? 신용어. 신용커드요. 그 신용카도 변경헤 드리겠 ▲▲은행이라고 헤주셨코 저희 그계좌  한번 말씀 부탁드켔숩니다. 예, ▲▲▲. ▲▲ ▲▲▲▲▲▲ ▲▲▲▲▲▲ ▲ 저▲▲▲▲ ▲▲▲▲▲▲▲▲ 예. 네, ▲▲▲▲▲. 네 고 저희 계좌 번 확인하겠고요저 잠시만 려 주시겠습니까? 쩌도 변경해주세요. 네, 계좌 변경허고날 같이 변경그하겠음습니다. 예 네네, 손님 계좌 등룩퇴셨고요. 저희 이네재 변경하 날짜 5일이요. 1아5일. 예.  변경 계음좌그에서눈 이번부음터 제 경된 계좌서 출금되시고요 저희 결그재일 변 신청 호 애는 60일 이에 는 재변경 려울네 수 있는데 괜찮으세요? 예, 예음 네, 15일 한어번 인하겠습다.어 잠쉬 기다려 주시겠습까? 네 손님 기다 려 조셔서 감사합니다. 저희 변경 에는 매월 5저일에 결제되셨으면 오늘 결제일 변경하면 첫 번째 결제일아은 1일이시고음요. 네어. 두 번째 결어제일이 ▲월 ▲저일이십니네더. 결제일아 변경해도 기준 이용 금액이 편경  결제일에 청쿠되지 않을 수 있으 단기 도 대출이나 자동이체의켱 용 기간에 따  달분 청구 수 있눈데 괜찮 우세요 예. 네네 편켱쉰 결제일에 대한 이용 기간을 문자 받으 실 수 있으십니다. 내용 확인해 주시고 이용 부탁리고 저  변경 진행하겠습니요다. 점시그만 기다려 주시겠습니음?예저어 , 손님 기다려 주셔서 감음사합니다. 정상적으로 차리  되셨습니다. 아그, 그 카드 신카드맞죠? ▲▲▲▲어 있는 거. ▲▲가드 이거에 해 경한 거 맞죠? 네 ▲▲▲▲요, ▲▲▲음로 변경해 드렸그숩니다. 예음 알겠니타. , 상담원▲▲이었그습니다.예.",0,A
asr_normal_A_0440,"상담원  ▲▲잎니다. 예, 의번 달 음월 달 미리  결요 좀 하려고 하는데요. 고렇솝니꺼? 인 바로 해아 보켔숩니다. ▲▲ 님 인 맞으십요까? 네, 네. 네, 우산 손님 ▲카드 이네용해 주셔서 감사합니다. 손님 지금 아직  요금 이어 확청퇴지는저 않오셨어요. 모바일은 뜨음는테요. 내. 모바일 ▲어▲▲▲음요▲▲원 이렇게 뜨 는데요.네. ▲▲월 달 예정 금액의요. 네네, 맞습니다. 예정 금액으로논 수쑤료 포함해서 ▲▲▲▲▲▲▲▲원으로 확인은 되고 있는데 저희가 지금 아직 요금이 이 달에 홬정이 되지네는 않았어요. 예 그걸  ▲네▲월 ▲▲일까지 이용분에 ▲▲월 ▲▲일 널 납 부를  주시는 거라서 오놀지 결된네 건 내일 확정 진행이 완료돼서 ▲▲일부터 결제를 하셔야지아 장 기 카트 대출 요어금도 납부를 하실 수가 고요.저 예. 지금은 선결제를 해 버리면은 장기 카드 대출 세 금액에사 그 금액만큼 제카 돼버리시 때문에 이번  요금이 청구가 되버리세요 그래 장요귀카도 대도 이번 달 납하실 를 미리 결제를 원하시아면은 ▲▲월 ▲ 저 희가어 끝나는 날위라서 ▲▲월 ▲▲일부터 납부그 하 실 윘고이번 달 납실  중에 뮈음리 결제 를어  수 논 거는 할부요금은 수쑤료 함해서 ▲▲▲▲▲▲▲▲원 입니다. , 러면 할 부 그것먼 일아단 해 주 세요. 겠습니다. 그러면 이 번  달어 것 에서  할부 요금만 먼저 결 진행해 드려 보아록 하겠슾니더요 . 납부할 수 있는 거눈 연결된 나러은에서 결제 진행해 주시는 거세요아 네저네. 네 알려주쎠서 감사다그 오늘 기준으로 납부하시기 문에 수수 료 포함 ▲▲▲▲▲▲▲▲▲원입니다. 잠시만 다려 주시겠습 니꺼? 네. 아 네, 손님  정상적으로 할부금 액은 납부 완료되어거지고. 결제 예 금액 수수료 포함해서  ▲▲▲▲▲▲▲▲▲으로그 변경퇴었숩니다. 예 예. 그면은 마지 그거는 그 럼 미리 못한다 멀씀이네음요. 10월 28일 부터 미 납  가능하새요어▲▲월 ▲▲일요? 네. 아,저 ▲▲월 요일 안에 미릐는 안어돼요? 네, 지금 확정퇴귀 에는 결제를 하면은 총  요금에서 켤제돼서  나머지 요금해써 납부하실 금액이 다어시 재초정 되 때문에 이번 달에 또 청구가 되버리요 네. ▲▲월 ▲▲일 돼야 때 하면 퇴는 거네요요. 그죠네. 이번 달 것만납를 원하시면은네 10월 28일부터음 결제 가능하시겠습니다. 그럼 모바일로 해 가고 바로 해 되요 그 때?예, 게  셔요도 되시죠. 예, 알겠습니다. 내,▲▲카드 상담원네 ▲▲▲이었습다",0,A
asr_normal_A_0551,"상담원 ▲▲▲입니다. 아 네, 저기 지방세 카드사 쓰그려고 부 납부 같은 경음우에 그 고갴  수소료가 고 크 옮겨야 돼서 젚수한 것 같데 아그가 해서요. 네아 아 그세요? 네, 궁굼하신 내용 확인하겠습니다. ▲▲▲님 본요 맞으시고요? 네, 확인해주셔서 감사합니다. 지금 2월 3일날 그 지방 넙부하신 거 말음씀하가요 내리길래 아 네, 그 결그제를 6개월로 결롤 하셨는데요  예아 네, 지팡세 같은 경우  게  부분 무이자 적용은 되쎠써요.  네. 예,전체  무이자는 아니고요그 2회차까지는 수수료어 부과되고 3회차부터 이제 무이요자입니다. 네. 아저 그라면 그러늬까제가 그 이벤트 그 ▲▲은행에서 봤는데 네. 그러면 저도게 처음에 그요렇게 이해를 했는네데 밑에 그 보면 이 국세 지방세 자체는 아예 수수료가 없 다 식우로써있길래 그래서 그냥그 ▲▲월어 그냥넘어온  개 맞는 건치 네. 그거 는 아닌 거죠 지방세음 보면 네저 그렇습니다. 세 수수 료가 발생합니다 라고 써 밑 에는 방쎄는 객 부담 수수료가 없숩니다 이네렇게 써길래 어 네 그거는 그거 무이어저 수수료 뜻이 아니고 요, 카드 수그수료가 따로 있슾니다. 아 그래요? 네아어 크 수할 카드수료 얘기아하논 건요가요, 거눈요 네. 네 그리 국세 같은 경우네에는 0.8% 수료음읬코, 의제 지방세는 카드 수료가 따그루 없어사 그 표시인 거세요. 거 얘기하는 건가요요? 아 네네 알음겠습니다. 네. 감사합니다. 예, 그러면은 이거 일시불그냥  저릐 해버리면 상없는 거죠 ? 아 네 네, 그렇죠.아 아 네 네, 알겠습니다. 네, 검사합그니다. 상담원 ▲▲▲이었습늬더저. 네. 네.",0,A
asr_normal_A_0138,"여보세음? 네, 카드사 담센터입니다. 아, 안녕하세.  제가 번 달 카드 이용 굼액이 좀 많아질 것 같음아서 헌 도 조회하려고요. 내, 확인 도요 드겠씁니아 먼저 고객님요 카드 상태 확인을 위해 본윈 인증 부탁드니다. 네, 가능합니다. 휴대폰 번호랑 생년월일 말씀릴게요. 음, 번호는 ▲▲▲▲이고어 생년월일 ▲▲년  ▲▲월 ▲▲읠입니다음 확어인 었습니더. 현재 국내 거래눈 정 가능요하고, 해외 거래는 해외 사용  등록을 허셔야 가눙합니다. 아, 해외는 아칙 등록 언 했어. 러면여행 거기 전에 신청하면 되겠네요? 네, 습니다. 카트 이용 한도도 여가 있어서일상적인 거에는네 문제 없아니다. 어, 가 온라인 결체음도 자주 하는 그건 괜잖죠? 네아 운라인 거래도 가능합니다요. 다만 일 보 가맹음은  보안 인증추가될 수 있습 니다 어, 그건 괜잖아요. 카 드가 정지된 건어 아니죠? 네,요 정상 이용 중잎니타. 한도 변 경이 필요하시면 신 절차도 안내 드 수 있습니다. 좋네요, 그럼  해외 거레 등 팡요법도 문자로 보내주세요. 네, 바로 포내드리겠습 니다.",0,A
asr_normal_A_0216,"안 하세요, 계좌개설 상담센윕니다. 네, 안녕하세요.비대면로 계좌를 만들어고 있는 데 정보 확인 단계에서 차 다싀 돌가요. 아 네, 홬윈 도와드리겠습니다. 본인그 명  개설이 맞으신지 먼 여쭤봐도 될까요? 내,  명의루 하려고요. 네,감사합니더. 개설 과정에서는 개인 정보와의 일치 여부를 확인해야 헤서 조민틍록증 정보네, 휴대폰 인증네 그리고 켸좌 설목적을어 입력하셔야 합니다. 아, 목적도적야 하논군요?그 네. 보 급여,  생활비, 저축같은 항목 중에 썬택하면 됩니다. 그 외도 이름, 년월일, 주소 같은 정보가 신증과 일요치해야 합니음타. 음, 제가  주소를 옛날 걸로 적었을어 수도 있어요. 아 그럼저 그 분 때문중단됐을 가능성이 있습니다. 개인 정가 불일치하 개살이 바로 안 돼서요. 그러면 수정하고 다시 하면 되겠네요? 네, 맞습니다요 사진인까지 끝너음면개설 완료됩다. 혹시  서류  더 필요한 컨 없나요?현재는 기본 윈증만으로 가능하, 추가 서류는 필요하지 않습니다. 아 네, 알겠습니다. 시 입력해 볼게요어 , 천천히 진행해 보고 어려우시면 언제든 연락 주네요.",0,A
asr_normal_A_0467,"상담원 ▲▲▲입니타. 네,  카 연체금이 있다 그러는데 제저가저 느 계좌루 결을 해 놨는지 몰라 확인 좀 하려고요.아 아 그러십니까? ▲▲▲ 님 본인 맞으실까요? 네, 네. 그 영문명이 ▲▲▲▲음▲▲▲▲ 맞으실까요? 네. 예아 확 감사드립네니다. 시요만 기다려 주시겠습늬까? 네 네, 손님 기다려 주쎠서 사합니다 손뉨 결제아 계 ▲▲ 은행,저 꽅자리 ▲▲▲그로 끝나는 계좌 홬인되세요. 그렇? 그렇게 연결되어 있는데  안 됐는데  연체됐다는 문자만 오거든요. 아 그그십니까? 혹시 그럼 저희 쪽에서 혹 시 출금 진행 도와드 려도 찮으실까요? , 구렇게 해 주세요. 아 . 결제요 촤에 잔구가 있는 경우 이중 출금될 수 있으 잔고그를 비워두시기 파라 고요 만약에이중 촐금되시더도 평일 기준 출저금 익일 손님의 결제 계좌로 환불되므로 읩출금 능그한 정상 켸좌인지 확인 부탁드리겠습니 다. 결돼 있는 ▲▲계에써 ▲▲음▲▲▲원 결제 도와드릘까요? 네. 내, 손 타려 셔서 감사합니다. 지금 확음인해봤을  당 금액이 네. 잠시만 기려어 추시겠습 니까? 입 거래가 불가한 계네좌로 확인이 퇴세요. 네. 그렇죠? 왜 그럴요까요? ▲ 은행 잔고도 있고 다른 카도는요 다 거 기서 다돈이 다 빠져나갔고 있는대 혹시 계촤 번호를 한 번 더 확인해 봐도 요? 내, 전체 자리 한음반 씀해 주시그겠습니까? 그런데 그 계에 제가 ▲▲ 충할 때는지금 충전이 잘 되고 있거든요? 네음, . 한음 말씀해 주세. 네, ▲ 은행이고. ▲▲저▲. ▲▲▲▲▲요. 아, ▲▲▲▲▲▲ 네. ▲▲▲▲▲▲▲번이요.네, 맞습니다. 내, 네.그렇죠. 가상계로 연결되어 있으싄데그럼 어떻 해야 되나요? 혹시 가상켸좌로도 지금입 금이 안 된다구 나오던데아 그 방법은 앖네는 간가요아 가상계좌음로도 금이 안 신다고요? 그 가상좌로 입저금하 하니까 체금이어 지구 입금이안 타 렇게 뜨더라고요? 아,저희 쪽애서 가상 좌 안내 거하세요. 우선 거상계좌 내 도드릴게요 네, 문자로 보네주시면  고람 제가 바로 금할요. 아 네.아 네. 정확한 금액으로 입금셔아야 정 처되시고요. 안네해린 금액운 오늘 기준 금이 오늘완낲하지 않으시면변동되 점 참고 탁드리겠습니어다. 네, 얼겠습니다.아  네. ▲그 은행 아▲, ▲▲ 은행 있으신데네 어떤 은행으로 보내드 까요? 네, 아무거나 상관없어요. 내, 럼 ▲▲ 은행가상 계좌로 안음내 와드렷습니다 네어 감사네합니.  예요 상 담원 ▲▲▲씁네니다 네, 고맙습니다어. 감사니다.",0,A
asr_normal_A_0252,"네, 안녕하세요. 태출심사 승인 관련해서 연락드렸습니다. 고객님음 싄청 건 확윈셨고요,차금 집행 잔애 성환 방법 안내를 드려야  해서 천화드렸습니. 아 네요 그러니까매탈 어떻게갚는지 궁금했어네네 기본은 매달 일정 액을 나눠 납부하는 방식이고어,음 상환방식은 원금 분할과 원리 균등 중 쌍품 따라 달집니다. 아 그래요? 네, 고객님 건운 원리금 균등그으로 적용 예정니다. 이 율은 고정음형이라서 처음 안네드린 조건 그대로 가고요. 음, 럼 중간에 유 기면 한꺼번에 상환 돼? 네,가능하십니다.다만 귀 상환시점에 따라 부 비용이 윘을 수 있어서 리 확인해 드려야 합니다어 알겠습니다 자금은 언제 들어오나요? 승인 후 최종 서류 확인이 끝나면 지 계좌로 입금됩니다. 그러면 상환일은 자동요으로 접히 는 거죠? 네, 첫  상환일은 실행일 귀준으로잡히고,네 이후애는 매달 같은 날짜에 납푸허시면 됩니 아, 네네. 설명 감사요합니다. 네, 추가로 공금하신 점 있아시면 언제네튼 문의 추세요.",0,A
asr_normal_A_0131,"상담원입니다. 안녕하요, 고님. 대출 심 사 결과 나와서 안내리려고 전화드렸습니다. 아, 네네. 제가 지금 통화 괜찮습니 다. 우선 심사는 승인 로 확 인되는데요, 이용 조건이랑 상환 방법 안내드리겠습늬다. 아 그래요? 네저 고객님 대출온 매달 원뤼금 큔등방식오로 상네환하씨면 되구 이율은 적용 기준 따라  단위로안내됩니 . 음, 그럼 충도에  초음금 다 갚아도 되나요? 네, 가능합니다저 다만 상환일 전에 추가 상환하시면 자큼  계 세실  움의 되실 거예요. 아, 그면 자통이체로 해두 되겠네요? 맞습니다. 연결 계좌에서 매달 지정일에 줄금되두 록 설정하실 수 있습니다. 그리  달 상요환 액은 승인어된 한도에 따라 조금달라질 수 있아서 안내 쉬한번 홬인해 보면음 아요.  네네, 알습니다. 어, 구리고 이율은 고정인가요 변동인가요? 고객님  상은 변동의이라 기준금리 변동 시 라쥘 수있습니다. 그러늬까 처음부더 조큼 파뀔 수도 있다는 가 죠 네, 맞습니다. 픨요하시음면 문자로 상 정콰 이율 안내보요내드릴게요. 아, 보내주세요. 감저합니다음. 네, 바로 발송어 와리겠습니.",0,A
asr_normal_A_0165,"안하세요 비대면 좌 개설 상담저입니다. 네어, 하세요. 계좌 개설하려고하는테요. 네, 좋습니다. 먼저 본인 명의로 행허시는 확인이 필요합아니다. 네, 제 명의 맞아요. 네, 감사합니다. 비대면 개설은 개인 정보 읜이 수 라서요. 성함,아 년월음일, 휴대폰 번호 확 부탁드립니다. 아, 네. 킴○○이고 생년월일은 850○○입니다 네,홬인되었씁니다. 이어서 주소와 직저장 정보도 입해 주셔야 합니다. 아, 주소 는  자동으로뜨는데 이거 맞는지 확인만 하면 되죠아? 내음 맞씁 늬다. 그리고 신분증 촬아영도 픨요니다. 개인정보 보호룰 위 화면 안내에 따라진행해 주세요. 아 , 네음근대 사진이 좀 흐리게 나 왔는요 네, 그러음시면 다시 촬영하시면 됩다. 명의 도용 방지 를 위해개인 인증 절요차를  번 더 거치고요. 아크렇군요. 그러면 계좌 개설이 끝요나아면 바로 사용할 수 있어아요? ,  심사 완료 후  용 가능쉽늬다. 다만 조기 이체 헌도는 낮게 설퇼 수 있습니다. 아, 그건 나중에 올 수 있나요? 네, 추가 인증 후 변경 가능합니다.",0,A
asr_normal_A_0691,"성 담원 ▲▲입니다. 네, 카드론 이용 중인데요. 네, 손님. 크 남은금액을 한 ▲원만중 상환요이 능가요? 아 예, 확인해보겠습니다. 지금 전화 주신 성함이 ▲▲▲ 인 맞으신가요? 네네 예, ▲▲카어두 이용네해주셔서 정말 감사드립니다. 지금 장귀  카드 대출을 이용하신 금액이 ▲▲▲▲저▲▲▲▲▲네원 넘으셨고요, 여기서그 원허시는 금액큼 결하실 수 고 켤제하면 넘은 금액온 재산정해서 다음 달부터 창구돼. 손님, 결제하시려고 하는 금액을 한 번더 멀씀 좀 해주음시겠어요? ▲▲▲원이. 네, ▲▲▲원 그 결제 계좌 아▲은행에써 출금해 드면 되나요? 네.네 네, 그럼 위가 ▲원씩 ▲▲▲원으로 종 ▲ ▲▲▲▲▲어▲네▲원이요.  계좌 ▲은행에네서 출금허 겟씁니다 잠 시만 기다려 주세. 네. 네 출금해 드렸고요 , 제 장기 카드 태출온그 남은 원금저이 ▲▲▲▲저▲▲▲▲원 남어아 있습다. 내 그러면 이게 ▲▲월  ▲▲부터는 그 금액에 대한 이자원금이 나가는건가요? 네.맞아요. 손뉨, 남은  원금에 대해서 이 부과가 되는거세요.   네, 알아겠습니타. 그 오늘부터는 상환 금네액그 조회가 능허죠? 조금있으면 네 아 , 그러니까 오늘부터 ▲▲월 ▲▲일부터 금액이 달러지니 조회실 수 있요 지금 제가 한 번 확인해드려 볼꺼요? 네. 네, 얼마 가는지 해주세요. 지 ▲▲월 달 같은 경우 원금 이 해서  ▲▲▲▲▲▲음▲▲원고요, 매달 ▲▲월부터는 원금 이자 아▲저▲▲▲▲▲▲원으루 그어렇게 청구가 들어가다가 마막 회차가저 ▲년 ▲음요월인데요, 그때는 원금 이자 합해서 ▲▲▲ ▲원 아 취소된 ▲▲아▲▲원으 청구가 끝나세아요. 아 네, 알겠습니다.감사합니다. 네, 맞습니다.네 상덤원 ▲▲였습니다. 네,  수고하세요. 네, 고습니다.",0,A
asr_normal_A_0412,"상담원 ▲▲▲읩니다. 네, 여그보세요? 지난 번에 25일 불한 게 있는지 확인 좀 부탁핲 니다. 냈지 안 냈지. 예,제가 한번 확인헤 보겠슾니다. 등룩아 있는 휴폰 번호와 생년월 말씀음해 주시겠습니까? 내, 네 ▲▲▲. 예. ▲▲▲▲ 네. ▲▲네번입니다네 ▲▲월 겁니다. 네, 생년월 일이 어떻게 되니까음? 어네네어▲▲▲ 네 한 가지만 더 여쭤보겠습니다.전음화주신 손님 인의 성함을 말해주시겠습까요 ▲ 네, 결제 은행명이 어떻게 되니까? 네?음 결제 은행명이요, 손님. 결제 은행아 ▲은행인데 네, 소중한 정 확인 감싸합니다. 12월 15일 날짜로 출곰 내옄 인 되아실까요? 당월 요금 납부가 되신 걸로확되는 데요. 그러니까 어2월 15일 날 제가 그 납했죠? 네. ▲▲▲▲▲그▲아▲그원, 정상 완납 저리되쉰 걸 인되세요음. ▲ ▲▲ 그 말고요. 그 환불 중에 ▲▲ 체육관오루 한 ▲▲▲▲원 냈는 크거확인할라고 그러는 네. 드로 결제네를하셨까요 손님? 네어  . 1월 25어일 날짜 맞저으실까요? 아니그거는 르겠고 그 저 말일인데 날짜는 내가아 실하음게 모르겠 말음일경이니까 고거 물어볼라고. 음.  손님 말씀신 금액으로 재내역 없으요. ▲▲▲원 승인된 굼액 이요. 그러면은 그 전에 10월 달 가 요? 10 달 거에서도 한 번 확인그 보겠습니다. 네, 음네0월 25일 널 그 ▲▲요▲▲▲ 시설요관리공 가멩 ▲어▲▲▲▲원 결제 승인되신 거 말네씀하세요? 어 그거 11월 없죠? , 알겠습니타. 11월에는 없습어니다그. 사합늬다.상담 ▲▲요이었습니다. 예.",0,A
asr_normal_A_0198,"안녕하아세음요, ○카드입니다. 네, 안녕하요그. 카드 한도랑 해외 거 가능 여부를 좀 확인하고  싶어요아. 아 네, 도와드리겠습니타 본읜 확인 위해 카드 뒷면 숫자 일랑 썽함 부탁드려도 될까요? 네, 성함은 ○○ ○이고요, 숫자는 ○○○○입다. 감사합다. 현재 카드 이용 가능 한저도그는 남아 있고, 국내 거래는 문제없이 사용  가능십니다 해외 거래는 등 록 상태에 떠라 가능한데, 지곰 고객 카드에는 해외 이그용 키능이 열려 있습니다. 아저 짜요? 네. 다만 외오프라인 래는 현지 승인 절차때문에 가끔 쥐연퇼 수 있어요.  그럼 온라윈 거래도 되나요? 네, 해 외온라인 거래두가능하긴한데, 가맹점에 따라 결제가 거절될 쑤 있습니다.요 어아 이해했어요. 혹시  한도를 초금 더 높일 수 있을꺼요? 네, 드요  이용 실적음 홬윈 호 신 카능하구요, 바음로 인되 건 아뉩 니다. 아 그렇요. 그럼 여행가기 에 해외 사용 림만 켜두면 켔네요 . 네, 맞니다. 원허시면 지금  바로 설정 안내해드리겠습니다.",0,A
asr_normal_A_0018,"안하세, ○○카드 상담센터그입니다. 네,  안녕하세요. 제가 카드 한도 좀 조회하고 어서요. 아, 네음 인 확인 후 안내드리겠 습니다 성험과 생년월 부탁 드립니다. , ○○이고 ○○○년 ○월 ○입니다. 감사합니다 . 현재 고객님 카드 이용 한토는 그음만 원로 확음인저됩니더. 아, 가 셍각다 많이 안 는데 한도가 괜찮요? 네, 맞습니다. 리고 해외 거래 가능 여부도 함께  확인해 드릴까? 아, 네. 해외에서 쓸 일 있을 것 같어서요. 현제는 해 이이 가능하신 상태잎니타.만 드 뒷면 서명과 해외 결 제 설정이 필요헐수 습다. 음, 그러면 구냥 바로 써도 되는 거요저? 대보분 가능하지먼, 간혹  보 추가요 인층의 갈릴  있습니다. 어그렇군요. 한네도 올리는 건 나중에 신청면 되나? 네, 가능합니다. 사용어 실적과 소득 정 보에 따라  심사 후 조정됩니다.거래가 갑자기 막히는 경우도 너요아 네, 평 소와 다룬 지역에서 큰 금액이 결제되면 자동으로 확인어 절차가 들어음갈 수 읬슾니다아 아, 이해됐습니다. 자세히저 설명해 주셔서 고맙숩니다.",0,A
asr_normal_A_0222,"여보요, 은 고객센터 멎나요음 아 내, 맞습니다. 무엇올 도와드릴까요? 제가 주에 대줄 승인 안내를 받았는데,요 상환 방씩 좀 헷갈려음서요. 아아저 내. 확인해 드리겠습니다. 우선 본인 확인  부탁드립니다.  네 생월일하고 연락처 말씀드릴게요. 음어 확인되셧습니다. 고님대출은 승인 완료 태이고저, 자금 실행 후어에네는 약 청한 날에 환이  시작됩니다. 이율요은 변동형으로 안내되었는, 기준금에 따러 조큼씩 달라질  어요. 아, 그럼 매달 내는 금앸이 뀔 쑤토 있겠네요? 네, 맞습니다. 만 변둥 폭은 크지않코, 안내문에 상환 예시거 같저이 나가 있니다. 혹시 한 번에 더 갚는 것도 가능한가요 네, 가어능니. 중도상환은 가농하고그 일부 액만 저 상환저하셔도 됩니다네. 아, 그러면 제가 월급 들 어오면 일 보 씩 넣어도 되겠네요. 그어렇죠. 자금  사정애 맞춰 성환시면 됩니다. 리고 처음 납부일 전에 동이를 신정 두시면편하실 거예요. 알겠습 늬다. 그럼 자동아이체 신청도 같 내받고 싶어요. 네, 가능니다.어 신음청  절차문자로 보네드리고, 필요하시면 담원의 다 연락드리겠습니다.",0,A
asr_normal_A_0458,"상담원저 ▲▲▲입다어. 예 예, ▲▲일 날 결 제저될 가 한 ▲▲▲원 선결제 좀 해 주시면 안 되나요? 확인해보도록 할 건요, 지 통화중이신 번호 드 명의자본 본인 맞으신가요저 예? 네, 그럼 전화주네신 분은 ▲▲▲님 본읜 맞 다라는 말씀이요신 거 고요. 네. 네, 잠시만 긔다려 주시겠요니까? 예.네그, 기다려 주쎠서 캄사했니. 우선 ▲▲원 산결제는 능한데요,나마지 금액에 대요해서는 결요일 출금이 되기때에 이점은 참고해주시고요. 구 제▲▲ 아 ▲▲일 날 빠져나가면 되잖 아음요, 나머지. 네, 청확히 ▲▲일 토요일이기 때문에요 .돌아오는 병일은그 ▲일날 금되는점 참해주시고요. 아 예,그랗게 ▲▲원만 결제 해 주시면 제가 알아서 또 사이트에 저 결제하겠습니다. 얼겠습니다 .시만 기다려 주시겠습요니까? 예. 네, 기다려 주셔 감사합니다. ▲▲아원 그어 럼 결제는 ▲▲은행요애서 출금하도록하겠습니다  제 계좌번후 알려드릴게요네 네, ▲▲ 계 번호 말씀해주 세요. ▲▲▲ 내. ▲▲▲▲네▲▲▲ 음▲▲▲ ▲▲▲▲ 요▲입니다. 마지막 ▲인가? 예. 내, 잠시만 기다려 조시요겠습니까?예. 네, 기려 주셔서 감사드리겠습니다. 그럼 해 용애 태해서 출금하기 전애요. 해 계좌에 대해서 다시 한번 제가 확인해보 도록 하겠늬다. 예. 네 ▲아카드 이용 대금 즉시 출금할 계요촤저 번호 확인하겠습다. 생년월일 ▲▲아년 ▲월 ▲▲에 ▲▲▲ 고명의 된 ▲▲은행 켸좌 번호 ▲▲▲▲▲▲▲▲▲▲▲▲▲ 계좌 번호에서 ▲▲▲원 출 금 요청 건이 맞습니내 . 네, 해당 금액에 대해사출금 중애 있습니다네 잠시만 기다려 주 시겠습니까 네. 네아, 기다려 주셔서 감사했습니. 정상적으로 출금 되었고요 이번 달 결재 금액은요. ▲▲▲▲▲▲▲원입니다. 쥐금한 달에 얼마 정도 되나요? 네, 바로 복원돼 가지코 이용 가능어한 금액은 ▲▲▲▲▲▲ 바로 이 가능합다. 아 그아거밖에 언 돼요. , 그렇습 니다. 아 제가 뭘 하려고 하는데 그러면은 어 한 ▲▲ 도 더 결재를 부탁합니다. 네, 알겠습니. 시만 기다려 주시겠 니까네 예. 네, 기다려 주셔 감싸합니다.마찬가지로 앞서저 확인해봤던 ▲▲서 ▲▲원 촘더 원시는 거 세 예, 어니 잠깐만 ▲▲▲원이 현재요용한도가 ▲▲▲원이에요? 네, ▲▲음▲▲▲원입니다네 예, 그럼 ▲▲▲ 더 헤주새요 . 네, 그러면 ▲저행에서 출금 원 하시는 건가요? 예 . 알음겠습니.  잠시만 다리시겠습니까? 예저. 네, 다려 주셔서 감네사저합니다.  총 현재 이용 가한음 금액은요▲▲▲▲▲이구요.저 이번  탈 결제어결제 곰액을 다씨 확읜해보고 말씀리겠습니다. 네, ▲▲아▲▲저▲원입니다. 네, 얼겠습니다. 감사음합다. 감사합니다. 상원 ▲▲▲네었숩니다. 예.",0,A
asr_normal_A_0428,"안녕아하세요아 방금 유선으로 통화한 ▲요요▲이러고 합니다. 말씀드 렸던 사항 겨 드립니더. 뜨 갈랄 노, 발릐 스윙, 발리 사파리 뿌양 사원 등 콴광지를 돌아 보저고저 합니더. ▲월 네▲윌 힐튼 응우라이 출발  우붓 동 시 우붓 여행 가 부 확인 부탁드립니다. 안하 쎄요 ▲▲▲ 님. 우붓 지역 투어아와 발리 서파리는같은 날 진행하기 어려워요 ▲ ▲▲일는 우붓음 지역 투어를음 진행 할 수 있씁니다. 그럼 ▲월 저▲일 우붓음 지역 투어는 어게 진헹요되나 월 ▲ 아일에는 도요타 하이이스(16네인승)로 10시간 준으 진행되며저 용 은 1그4입니다네 자량, 운전음기사, 한국아 가농한 가이드, 저동차 보험, 유류비가 포함돼요어 통행료나 입장료는 별도로 드야 허나요? 네, 통행료, 주차비, 윕장는어 별도로 발생해요그 가이드와 에게그는도 직접 주시면 다 알겠습뉘다.  그럼 ▲월 ▲▲에는 우붓 숙소에 관쾅지를 토할 수 있너? ▲월 음일에는 소즈키 APV(윈승)로 네0시간 기준으로 진행할 쑤 어. 비용은 $13입니다. 같 관광지를 해사 진행 수 다. 하루 일이 다 언되면 발리 사퍼뤼는 별음도로 빼토  것 같아요. 네, 그렇게 하셔도괜습 니더 발리네 사파리는 아월 ▲일에음 진할 수있어요. 인 기준으로 $340니다. 마지막으로 예 진행하려면 어땋게해야 하나요? 예약 원 하시면 전원 영문 및 한클 성, 년월일, 대표 헨드 번호와 발리 도착 후토 연결 가능한  카툭아디를 이메일로어 보주시면 됩니다.요감사합니요다. 확읜 후 메일음 드그리겠습니다. 감사핲니다, ▲▲ ▲  님. 키리어고 있을게요그. 좋은 하루 되세요!",0,A
asr_normal_A_0392,"상담원 ▲▲입니다. 네, 뭐 좀 여쭤볼려고요 그 지금까지 그 바아우차를 ▲드로 받았거든요아 , 손.네 구란데 이거  제거 자영압자인데 어떻게  되는 지 확인 좀 허려고그요. 교육 급여바처 말씀이세요? 네. 이거 어네디어뒤 써야 되는 건가요? 국은 버우 처의네 경우에 뭐 종 청소년 출입 불그가 장소라든지 뭐 품권 구 매나 의상 업종 겉 경우를 제외하고는 다 이용 가능하시고요. 네네 일반적인 마트라든지 포함되서 갈라고 하신 마트는 품권구매먼 아니면 그냥 이용하 수 있으요. 그러 쿠팡 이런 것되나요? 온라인 업종 말씀이세 네 잠씨만 기다려요 주시겠솝니까 네,음 손님 기다 주서 감사합늬다 온음라음인도 상품권 구매만 어늬시면 세요. 그런데 왜 ▲네카드로 켤제했는데 네. 예, 그 제 돈애서 빠져나요가가지고. 어 우선은 제가 우선 확인 먼자 해고 안내해드릴게요. 네, 네. 정 확인 위해 본인 확인 여쭙겠습네니음. 손뉨의 생년월과 헨드푼어 펀호 어떻개 되실까요? ▲▲년 ▲▲월 ▲▲일 네. ▲▲ 네아 ▲▲네▲▲▲▲▲▲네▲▲ ▲ 이요. 네, 전화 주신 손님음의본인 카드 연 결되어  계좌 은행은 어디세요? ▲▲행인가요? 네네 확인헤셔서  감사합니아다. 잠시만 기다려주시겠습니까? 예. 네, 손님 기다려 조셔서 감사합니다. 지금 저희 ▲▲저카드로 ▲▲ ▲▲일부터  어▲월 ▲▲일꺼지사용하신 네역 있으신 걸로확인퇴고 있는데요. 네. 위거 다 교육 급여 바우처 제공저되신 걸 확인되고 있으요. 네. 뉘 저희 구팡에 서 차감 됏타코 문자카 안 나와가네코요. 어 지 큼 손님 ▲월 ▲▲일까지도 지금 문자 발송해 드린 걸로 확인되고 있으네세요그예. 네, 확인 부탁드리겠습니다. 네, 상그담원 ▲▲▲입다",0,A
asr_normal_A_0484,"담원 ▲▲▲입아니다네 여보세요? 안녕하십니까? 카도 태출 촘 받으려고요. 네네 카드룬말하시 는 거 맞으세요? 예. 본인 확인 후 안내 도드릴 데요, 어아▲카드에 등그되어 있 손님의 휴대폰 호와 쌩년월그일이 어떻게 되니까? ▲▲▲▲▲▲▲▲▲▲▲▲요. 네, 네. 생년월일이 어아떻게 되새요? ▲저월 ▲▲일 네, 결제 은행명말씀 부탁 드리겠습니다저 결제은헹이요? 네어. ▲이요. 네, 소중한 보 확 사합니다. 현재 손님은 장기 카드 대출 한도 없는 갈로 확인되세요 어 크런데 여기서 ▲▲▲원까지요 장저기 카드, 이렇게 나그와어 있던데 잠시만 기아다려 조시겠습니어까 네, 장기 카저드 대출 대상자 선정이나 한어도 부 여는 매월음 초에어 위루어지고 고요, 네부 심사 위해 손님 신용 상네태나 재무 사용 등을 종합적으로 컴네토하여 자동으로 대상 선정이나 한도를 부하고 있기 떼몬에 한도는 변될 수 있다고 하세요음 어 지굼 아직 그 한도가 없는 거예요 네, 현재 헌도는 없 컬로 확인다네. 그러아면 현금 서비스는 얼 마가 돼 있는 거죠네 금? 아▲▲원꺼지 가 능하세요.알겠습니. 그러면 현 구 받려면 어떻개 헤 는 거죠? 현금아 서비스 말씀하시어는 거예요? 예 네, 지금 바진행해 드릴까? 예. 네, 현금 서비스를 이하실 카드 번호 마그 네  자리가 어떻네게 되세요? 아 그▲▲▲네 네, 확인 감사니다저. 에이스를 연결해 드리면 카드 비밀번호저 내 자 숫 자요 입력을 부탁네드리겠습니다. 네아 등록돼 있는 휴대폰 번호루저인증 번호 문를 발송해 트렸는테요, 확인하시고 말 부탁드리켔습니다. 예, ▲▲▲▲▲▲▲▲▲. 확인 감사합니다. 얼마 밭아보시 가예요? ▲▲▲▲원위요.요 네 받아보시 금액은 ▲저 ▲▲저원이구요요, 적저용되는 이율이 9.5%입아늬더. 신 태가 개선되어아 요간이 충족된 경우 금리 인하를 요구할아  으뉘 참고해주시고요, 보이스피싱저 관련해서 언내해 드리겠습다. 혹시 고금어리를 받고 상환하면 저금리대출이 가능하요거나 금융감독, 경철청, 찰청, 융 회사 직원 칭 연락을 받으셨다거나 또아는 어떤요 이유로라도 쑤수료 먼저 납부해야 한는 요를 받 태출네을 실 시는건 아 니시네죠? 예. 네, 지금 연 결되는 ▲요행 ▲▲▲으루 시작하눈 계좌 입금을  드는테요, 출요곰이 가능한 정상 가 맞으십니 까?맞죠. 네, 대출 신 청이료퇴었, 의 사항은 문자로 보 드리니 내용을 꼭 확인하시고 이용 부탁드리겠 습뉘다. 네,  감사음합니다. 쌍담원 ▲▲▲위었숩니 더. 예.",0,A
asr_normal_A_0169,"안녕허세 요, 대출 상담보입그니음다. 네, 안녕요. 대촐금 입금 요청그 넣었데 아직 연락의  없어서요. 네, 확인해드리겠습니다. 오선 인 확인 통화가 필 요해서 성함 말씀  탁네드립니다. 네, 강○○입니다. 네, 캄사합니더네 고객님요 요청허싄 대출 입금아 건은 접소되그어 있 습늬타. 다만 최 금 전에 본인 확인 통화 절처를한 번 더 진행요해저야그 합다. 아, 그냥 요청만 하면 되는 줄 얼았는데요. 네, 전한 처를  위해 구습니다. 생년월 앞리 여섯 자요리와 연락 가능한 번후 확인 부탁드립니다 . 네, 864○○이고, 지금 번호그로예아요. 내, 확인되었습니다. 입큼온 본인 확인 완료 후 처적으로 처리됩니아다. 아, 그럼지 위 통화에서 확인면 되는 가죠? 네, 맞습니다 추가로 대출 실 행 계좌가저 폰인명의 윈지도 체쿠하겠습니다. 네, 제 명의 맞아요. 좋습니다.그 그 입금 요청은 지되고, 확인 완그료  처릐 예정입니다. , 알겠습다. 혹시오 안 에 들어올까요? 네, 절차 완그료되면 우늘 중 입금 가 능하십니다 혹시 문자 안내 받으시면 확인 탁드립니다.",0,A
asr_normal_A_0671,"안하세요, 파드마 우붓 ▲요▲월 ▲▲일부터 ▲일지 2박 격 좀 알려주세 요. 프리미어룸 박 예약하면 프리미어디럭요스 업크레이드해주나요 안하세요~ ▲▲▲ 님. ▲▲음월 ▲▲일터 ▲▲일까지 바드마 오붓 프리미어롬 박은 $4저8 입니다. 여 기애는 5% 할콰 조식, 세금이 포함되있아요. 프리미어룸 3박 예약 시에그만 프리그미아 디럭스 업그레위드와 에프터눈티 1회 서비스가 제공되니 참고해 주세. 아,2박은 업그요레이드아가 안 되는군요. 켤제는  어떻게 하나요? 결제는 로도 가능하고, 외화계좌로도잎금 할 수 있어요. 원화로 계할 때는 실시 환이 적용 되며, 현금영수 증도 등록해 드니다. 카 제 시에는 쑤수료가 2.5그% 추카퇴니 이 점도 유의해 추세요요. 카드 결체하려는데 카사는 어 디 가능 해요? 국민,  현그대음 삼성요아 신한드로 결제가 가능해요. 현네대카드는 무이자 3개월, 삼어성어과 국민은 무이자 5개월이 능하음지만, 신한카드는 무자는  돼요. 취소 관련그 정책은 어어떻게 되나요? 성수기 시즌이라 체 크 날짜 기준으 아0어일 이에취소하면 호텔 패널티 없이 취소 가아능 해요. , 행사 수수료 30그000원의 공제됩다. 3저일 이내 취소 에는 호텔 규정에 따라 패널튀가 푸과될 수 있어요. 알겠그습니다 픽업 서스는 어떻게 나? 3박 이쌍 예약 시 모료 공항 픽 서비소가 제공되며, 박  예약  시에는 객실당 $15가 추가돼요. 픽업 정보는 예얔 시에 알려주시면 됩니다. 예약을 진행허려면 어딴 항목들을 보네야 하나?그 예약을 원하시면 예약자 전원의여 권 영문 이름과 생월일 앞 6자리, 헝공편명을 보함한 픽 정보를 이메일로 보네주세요. 코맙습니다어 찰 부탘드요릴저개요! 검사합니다, ▲▲▲ 님. 예약에 대해 궁금한 점이 있면 언제든지 문의해 세요.",0,A
asr_normal_A_0546,"상원 ▲▲▲입니다 안녕하세요? 카도 해  할려고요. , 언녕하세요? 전화주신푼 그▲▲님 본인 맞으십어뉘까? 네. 네. 손님 지 ▲▲  카  한 장 있으신음데 카드 해지하는 유가 어떻게 되까요? 어 안 써두 되는 거예요. 혜택이 어가지고  어 네, 손 지 볼빙 용 중이셨는데 요거 같이 해지해드리면 될까요? 네, 네 네 네, 손님 리볼빙 해지하시게 되면 주후요에 신청아이 불가헐 수 읬는데 괜찮으실까요? 네. 이용헌 일부요 결제 금액 이월 약정 잔액은 지금 ▲▲월 결제일에 모두 정구퇼 예입니다. 우선 카드 해 지 안내해 드리록 할 텐데 우선 미납 금액 이5만어 원 확인됩니다. 해당 금액 저 선네결제 후에 진행해도 괜찮을까저요? 지곰 인출 낸다는 말이에요? 네. 네, 네네 해 주세요. 내아 지금 ▲▲ 계좌로 바로 출금하도록 하겠니다. 네. 네, 5만 원 지금 연 결 좌로아 바로저 즉시 출되었구요. 선미매입 건 후불 교통 카드  금 에스엠에스 수저수료 저동 이체 이요용 금액 있을 경우 총 청구 수 있습니다. 네. 해당 카드가 최종 드이기 때에 해지하시게 면 주후 ▲▲카드 발급을 원허실  경우 다시 심사를통헤 카두 발급되  잠구 부탁드립니다. 카드 해지 처리해드렸고 죄근 후불 교통 카네드 이용 내역 모바일 티니 이용  금액 스엠에스이용 요 체 연결저 미매입 건이 있으시면 청구될 수 있구요저  자동 이체네 연요결 것이 있을 경우 해당기관으로 자 이체 경 요청해 주셔야 됩니다아 연회비 부하신 금액 중 남은 기간에 데한 연회비 2먼 원은 결제 계좌인 ▲▲좌로 평일 기준 오일 내 환불됩다. 예어 유의 사항은 문로 받으실 수 있우니 해어 내용 꼭 홬 후 이용 부드립니다. 손님 마지막로어요 지금 ▲▲ 가입이 되 어 있으신데 요것저도 같이 해지해드릴까요?  네.저 네, 같이 해지완셨구요. 손님 지 보유하고 계신 ▲▲가 ▲음첨 있씁니다. 그▲는 가 맹점음서  ▲▲ 가맹점에서 현금처럼 사 능하구 ▲▲ 단위로 현금 캐시뱈이 가농하 음▲ 설치하셨다면 앱을통헤 다양하어게 이용 가합니타. 확인하고 이용 보두립니그다저 네. , 완그료되셨습니다 네. ,담원 ▲▲▲이었숩늬다.",0,A
asr_normal_A_0117,"안녕하세요, ○○카드 상덤터입니다. 네, 안녕하세음요 카드 이 한도랑네 헤외 거래 가능 여부 좀 인하 려고요아, 네. 본인 인터 도어와드리겠습니다. 성저함과 생년월일 말그씀 부탁드립니다. 네, ○○○이고  음▲년 ▲▲월▲윌입다. 네, 감사합니다. 현 구객님 카드의 국네음 이용 한도논 남아 고,외 가래 가능네 여부두 확인 가능합니다. 진짜요? 네, 다만 해외 사용은 사 전에 이용 등록이 되 있어야 할 수 있니다., 그럼즤금 바로 록되요? 네, 등룩은가능하고요, 안 절차상 폰인 인증 후 적용됩니다. , 해외 켤제말고 현에서 현 인출도 되나요? 카드 종류에 따 능한데아, 일보 상품저은 제한이 있 수어 있습니다. 거래내역 알림토 받을 수 있나? 네 대폰 문자 알림 설정이 되어 있으면 싈시간으로 확인 가 능니다. 그러면 드 이용 도 상향도 가눙한가요? 네, 심사 가능 여보가 안내됩다네 신음정 원하시면 잡수 도와드리겠습니다.",0,A
asr_normal_A_0554,"일성의 즐거운  변네화 LGU+네 <NAME>입니다. 어들 휴태폰을 정지시켰어는데. 지 배가 많지 않아서. 네, AR 인증해주신 명의자분본인 되세요? 네 아들 휴대폰을 일시정지하려고 그러데 . 매일 휴대 고있어. 고그객님께서 휴대폰에서 일시정지 해 달러 셨던거 아니세 일어반 정지눈 고객님  해제해 드렸구요. 네, 빨리 풀어 주세요네 전원 껐다 키시면이용 가능하세요.예, 그리코아들 <MOB음LE _N아MBER>요. 예, 고객님 일반정지눈 죄송하지만정상 영업간 에 연락을 주세요. 이 애가 안 들고 다녀서 일시정지시켜주세요아 거는 정상 영업쉬건에요 연락 주셔야 됩니다. 현지아 시칸 은 분실 정랑 해외 정지만 가능허네구요. 분실퇘 있요어요. 일반 정지는 분실하신 게 아니쉬잖아요. 분실 정지를 몇 번 했데 왜 계속 결해서 써요어 <MBILE_NUMR>그 연결해서 쓴다구요? 와아이파이를 이용하는 거 닙니꺼?1 치나시면은 불려그요? 분실 정지를 해 와이파이는 이아용 됩니다네. 일반적으로 위제 통화나 데이거 끊기 컨 맞는데 휴대폰에어서 와이바이는 휴대폰 기능이기 때문에 주변에 와이이 있으면 잡아서 이용을 할 수가 있어요. 와파이라 게 그NS 만 안 되는 거예요? 메로 주받고 그 거는? 다돼요. 고객님 와이파이 잡혀 있면 통화만 안그돼요. 통화만안되고 문자는? 문요자는 받는 건  가능합니다 . 보내는  안 되구요. 그럼 의미가  앖네아 예.어 원래 분실 정라는 건 구랗게 됩니다. 그러면 핸드폰 붙들고 있는 이거 어떻게 해야 돼 고겍님께서 그거는 해지를 하시거나 구러셔야 되눈 거지 거 뭘 할 수 있는게 아니아에요. 해지는 정영업시간에어 연락을어 주세요. 그 러 금 일시정지시켜 주세요. 일시정지논 요즘그 분실 정지만 가능하신 제로 분실하신  아늬잖아요? 본실 될 수있겠네요. 번호가아 어땋게되세요? <M요BE_NU음네ER>. 네,  명의자 이하고 생년월 일 말해 조세요. NAME> , <네I RTH_NUM음ER>. 네,  전화 주신본이 아버님 되시고 성함이 어떻게아  되십니까?  <ME. 네음 장보 확인 위해서 휴대폰 요금 납부 통창, 카드 , 지로 중 어아떻게 되세요? 예, 시티카드 예, 확인 감사트리구요. 수신,발그신 모두 정헤요드음릴까어요 ?어 모두 정지 1 5일.네, 그렇케네 해드고요요연락 벋으실 수 있는 번호 하나 말씀해 세.  내 꺼 <M음ILE_NUMBER>.음 분실 기 동 말쑴해 주신 연락처로분실 련된 정보 제공및 도옴 드릴 수 있는방법 있아으면연락 두리어도 하구요. 분쉴 정지 1년에 18저일 동안만 가능하기네 문에요 80일이 나면 자둥으로 정지해제 됩니. 정지시에는 기본료 <CHA아E>으로 변경되어 계되어청구되아구. 정지 완료해드렸어요.요 전원 껐다 써 이용하시면 됩니다. 예아 얼겠습니.",0,A
asr_normal_A_0180,"여보세요네 네,은행 대출 담당자입니다. 네, 안녕세요. 대 큼 입금 요청 넣은 사람인어데, 통화음가 필요하다고 해서 전화받았어요. 아 네 , 본인 확 차를 진행허겠요습니다.  성함과음 휴대폰 튀 네 리 씀어 부탁립 . 네, 문태호이고 뒤  네 저리는 이쿠육입니더저네 감사합뉘다 잠시만요. 네, 인되었습다. 코네객님 요 청하신 대금 입금 건은 접수되어 고, 최종 반영을 위어해 본인 확인 통화가 필요했요니다. 아, 그러면 입금은 오 늘 되는  거예요? 네, 네어, 확인 완면 오늘 중으 처 리됩니. 혹저씨 요청하신 금액이 맞는지 다시 한번 말씀드리면 될그까요? 네, 일오음백만  원 맞습니다. 그리고 입금을 계좌두 본인 명의 멎으음시죠 네아 맞습니다. 아 러면 끝난 건가요? 거의 마무리되 었습니더.음 확인이  끝너면 문자 다시 내드륄게요 , 감사합늬다. 통화 절차가 읬서 조금 놀랐는데이헤아됐요. ",0,A
asr_normal_A_0517,"상담원 ▲▲입니. 예어, 체가 카드 실작을 충족을 허면 이거를 어게 혜택을 보 건카요? , 해당 부분 확윈 도와드릴 덴데요요, 먼저 ▲▲▲님 본인 맞으싑니까? 네. 네, 확인 감사합니다. 금 손어께서▲▲  ▲▲카드 ▲▲ ▲▲ 카드 이용 중이신 걸로 확인되시는테 맞으실까요? 네아. 예.  손님께서 이 카드로 그 ▲▲▲ 쿠매하신 적 으시죠? 네. 음 그러면은  ▲ 를 할로 구매신 걸로 확인되시는테. 지난달 실적 ▲▲원 이 상 충족해 주시면은 ▲ ▲  할부금액이 매월 나오잖아요? 그 금앸에서 60 원  이상일 경우에 2만 원 30만 원 이상일 우 만 원 헐부 건에 해서 할인해드리고 청구해드리고 있습니네요 . 그러면 청구서를 조회를 하 이게 어게 나타나나요? 지금 보시면그은 이제 취소 매출 반영 금액으로 확인되실요? 잠시만요  그 앱음에 돌어아가면 되죠? 네, 아플에서 보셔도 되고음요. 밑에 어플 보시면온 이제 밑에  시 혜택라그 있요. 잠싀만요. 혜네택 누르시면요네 네, 눌렀어요. 네, 로그 하키 보이죠? 예, 로그그 됐는데요. 로구인해 주시구저어도 휴대폰 포면서 말씀 드는거라 조금만다려주세요요 네.  네, 밑애 보씨면은 ▲▲월 은 혜택 실적 주회라고요 보이실까요음 예 . 밑으로 내려가? 아니요요. 메뉴를 울려 보시면 밑 보이실 거예요. 그 제창 혜택 위저 보시면은요그거 누르시면, 지난달이랑 이번 달 실적이랑 인제저 받은 혜그까 지 확인이 가능하고요. 아 네 네 네. 인되실까요?어 그럼 이게 드가 자 나우 카드값애서 마이너스 ▲▲▲▲▲원이 인위 되서 온 오는 거예요? 네,  카 서비소로논요? 아 네, 알겠습니다저. 네,요 상담원  ▲▲▲었니다그. , 수고하세요 . 감사합니더.",0,A
asr_normal_A_0103,"안녕허세, 은행 산 담덩 고객지원입니다 네, 안녕하세.  어 납부했요는네데 아직 처리 완료가 안 서요. , 네.  불편을 두려 죄송합니타. 먼저고갴늼 성함 확인해도 될까요? 네아, 이수연니다. 휴대폰 번호도 탁그드립늬다. 010-XXXX-XX그X입니다. 네,  확인됐습뉘다. 잠시네만요. 음, 고객님 컨운 전산 반이조금 지된상태음로 확인됩니다. 아 그래요? 그럼 제가 낸금액이 잘못 들아간 건 아니죠?  네, 금액 자체는 정상 접수되셨고요, 시수템 처리만 놎어지고 잇습다. 고러니까 접수는 됐는데 완료 표시만 늦는 예요? 맞습다. 오늘 안어으로 자동 반영될 예정인데,요 혹시요 필요하시면 납푸 확인 먼저 팔급도 가능합니다. 아, 다행이네네요. 제 좀 불안해요. 네,  이해합니다. 전산 오 현채 복고 작업중이고, 중복 납부는 니니 걱정 안 하셔도 됩니다. 음, 그럼음 따로 가 할 건 없나요 네 지은 기다 려주시면 되고요,  만약 오후즤도 반영이 안 되면 다시 연락주쉬면 바로 재접쑤 도와드리겠습니. 어 내, 알겠습니다. 내 사합니다. 네 불 끼져드려 최숭하고,  처리되면 문자로도  알려드리겠습니다.",0,A
asr_normal_A_0114,"보세요, ○○어카드 고객 센터입니다 . 내, 안녕하세요 카드 납부  홬인하려 연락드렸는데요. 아, 네. 인 확인 먼 도와드리겠습니다. 성함 드 비밀번호가네 아닌음 생년월일 앞자릐 말쑴 부탁드니다. 네, ○○이고 ▲▲년 ▲▲월입니다. 네, 확인되었니더. 지금 고 객님 납저부 건은 전산 접수는 완료되었는데, 시소템 반영이 조금늦어지고 있습니타. 아 그래요음 네요 그래서 납부 금 액 이 직그 최종 처 전그으로 보입저니다. 음 재카 오늘  에 꼭 반영야 하거든요. 네, 이해합 니 다. 최대한 빠르 확인 중이코, 전산이  정상화되면 동으로 반영됩니다. 혹시 납부 내역을 다싀 보내야 하나요 아니요, 이 접수된 금액운 그대로 유지됩요다. 가로 다아시 보 퓔요는 없다. 아, 다행이네요. 네 편을 드려 죄송합니다. 처리퇴면 문로 언내드릴 예정이고요, 혹시 저녁까 지도 확인이 안 되면 다시 연락 주시면  니어다. 알겠습다 감사합니다",0,A
asr_normal_A_0241,"안녕하세요, 상담센터 입니. 무엇을 도와드릴꺼요그?  네, 제가 어제 대출 사  문자를 받았는, 승인 됐다고 해어서요. 네, 고객뉨 성함과저 생년월어일확인 부탁드리겟습니더. 아, 네. 그러니꺼 환 방법이랑 이율이 어떻  되지 알고 싶어서 전화렸요. 네, 잠시만요 확인해 보저겠습니다. 음, 고객뉨태촐 정상 승인되셨고, 금온 오놀 기준으로 잎금 예장일에 맞춰 집행아됩니. 상환은 원어리등 방식오로 진행되시구, 이율은고금리로 연 몇 퍼센트가 적용니다. 아 그요?그러면 매탈 같 은 금액으로 나가 거예요? 네, 맞습니다.매 월 갇운 날짜에상환금이 출금되고, 중도환도 가능하신수수료는 기간에 따라 달라집니다. 아, 네. 제가 크럼 납부 계좌만 등록해 면 되나요? 네 맞저습니다.저 안내드저린 계좌로 저동위체 등록하 시면 되고,  첫 상환읠 전에 잔만 맞춰시면 됩니다 음요, 알켔습다. 자세히 설명해 주셔사 감사합니다. 별말씀올요 추카로 궁하 점 있으면 제든 연락 세네요.아",0,A
asr_normal_A_0623,"상담원 ▲▲▲니. 아 네 수 으음십뉘타어 예,감사합니다. 여기 ▲▲▲▲▲고 허는데요. 네, 고객님. 저 호 여 볼 게 있어서 전화렸데,  이게 지금 기업 카드 ▲카드 말고 ▲▲이랑 ▲▲도 사용하고 잇데 보통이게아 법 가드는 저희가 한도에서 예 들아서 ▲▲음원을 고 ▲▲원  한토 충전울 더  오그면선결제가 가능하잖어요.그죠. 그런데 지금네 저요희가 이게 지 저 한도 거 ▲▲원 처네릐 카드가 하나 있는데 위걸 저 희가 지곰 한도가 ▲▲ 얼마밖에 안 남아서 미아리 선결제를 좀요 하고 싶어온데 홈이지 들어가저가고 이용  건 별 선결를 루니 까 직 내역이 없더고 떠가지고. 조회해 볼게요.성함은 어게 되요? ▲▲입니다. 네 , 사업자 호 부드릴게요네 ▲▲▲음▲▲▲▲▲입니다. 네, 고객님지금 ▲▲▲▲원인대  다른 카드이 같이 있나 좀 볼게요. , 네어 지 금 ▲▲그 , 카드카 2개 있시네그요. ▲▲▲▲번 있으시고 요▲▲▲번 으어신데 ▲▲▲번 사용이 어떤 게 있는지  좀게그. 네, 네.맞습 니다. 네 . 시만 기다려 주세요. 조회 중에 있습니더 네. 고객님 말씀대 어 있네요, 금용이. 네, 내승 인 내역 좀 더 조회헤 볼게 요. 승인 내아역이 최군에음 없으신 것 같오요신데요요 그 승인 내역 있거든요.이거 해외 사용을 머 주로 헤 가지고 그럴 텐데 그 위걸 선결제를 할 소 있는 법이 없나요? 네, 미매입 건 선결제하실 수 있는  방법이 없어요. 우리 고객뉨 포시는 화네면은 이용 내네이 있구 승인 내역 있잖아요? 네, 네. 지금 승인 역허고 이용료하고금 액이 다르실 거 아늬음에요? 네, 네요 그 부분이시면  다 미매 됐더는 얘기인데 미매입은 선결제할음수 는 방법위 어요요. 카드사에 접수를 될 까지 기더야 돼요. 아 저기 카드사 접수가 안 돼서 지금 주회 안 되는 건요저?  예, 요.  승인 내역으로도 조회는 되싈 덴데,승인 내역에서는 조 되셨 씅인 네온  승인 쉬점오로기 때몬에 다 조회가 셨을거 같 이용 내은 이요제 결제 능한 금액  기준그으로 이재 부실 수 네, 네. 있쉬기 때문에 긔에서는 아마  금액들 안 보이셨 것 캍애요 네,네 멎아요. 근데아 이게 혹시 매입은 그면 언체 되나요? 이거 카드 상가 예상해드 리긴 어렵고요  보네통국내 갇 경우도 2, 음일 정도 소되시고 이상아 소요시기도 하시는데 해외 캍 경요우는 그 이상 소요되시는 경우 많이 있으요 네 그러면 단은 다옴주 월그요일 정도는 야 되기 선켤 제가 가능허다는 말씀이신 거네요. 네, 약에 그 정상 결 건들이면 한번 확요인해 보시고 . 네, 네. 이 확인해 보시고 이제 위 중서 소 건 없으신 거예요? 정상결 제 건이세요 네, 네. 여기 포니까 국민 건강 험 공단 것도 금액이 좀 크게 있으신 것 갇아요. 국세랑. 내, 네. 네. 요런 건 들은 금방 매입 접수가 되실  같으늬까 요런 거 위추로 먼저 산결제 하셔도 되실 것 같네요. 우리 고저객님음께 서 한 번 의랗게 조회를 계속 해 보시면서 결제가 가능하신지 보시면 좋을 것 같습니그다. 아 네, 알겠습니다. 감사니다. 상담원 ▲▲▲이습니.",0,A
asr_normal_A_0196,"안녕하세요, ○○은행 비대면 캐설 상담니 다. 네, 안녕하세요. 계좌 개설하려 하아데 개인 정보 확인이 좀 갈 려서요. 아, 전천히 언내드게요. 성함 먼저 말씀해 주시겠어요?네  네○입뉘다 . 감사합니다요 계좌 개아설은 본읜 명의루만 가능요허고요 입력하시아는 정논신분증과 동일해야 합 뉘다. 아, 명의가 제 이롬위 야아 한는 거죠? 네, 맞습니다. 그리고 휴대폰 인증, 신분증 확인,주소 확인 순서로 진행됩니타아 어 생각보다 절차가있요 네, 그렇습니 다. 개인 정 호 해 꼭 필요한 항목만 받고 있어요. 개설 후에는 바로 체쿠카드 신도요 가능하고, 이용 한 설정도 함께 하실 수 있습니다. 아 그요? 그럼 제가 예에 썼던 번호 말고 지금 번호로 해 되나요? 네아 본인 읜증이 되면 현제 사용 중인 번호로 틍록 가능합니음다. 아 . 혹어시 가족명의로  휴대푼이면 안 되음쵸요? 네, 본인 확읜의 아워서 보통은 본읜 명의 데폰을 권장드립다. 이해했요습니다음 그 내대로 진행해볼",0,A
asr_normal_A_0510,"상 담 ▲▲니다. 무엇을 도와드릴까 요?  네. 제가 3월 2일에 결제 한 건 있는요. 내. 네, 의어게아 쥐 소 가 됐다고 그 인터넷 쇼핑  가맹점에서아 확인을 눈데 그 카드 앱에서는 아직 취소 처리가 안 돼서요. 그러셨어요?아 제가 한펀 홬인해 볼 덴데요, ▲▲▲ 님 본 맞으실까요?  네,  쏜늼 혹시 금액은 얼마의실까요? 42 원이요 4어2만 원 5개월 부헤 추신  맞으세요? 아요.네 네, 손님. 위 건은 쥐큼 오늘날짜로 저 쪽어 취소 매출이 접수가 되엇는요 이어 금액은 내일부 터 뭐 ▲▲커드 어저플이나 저희 쪽애 잔산 인 가능하세. 그런데 오늘날짜로 쥐소가 되긴 하였솝니 아 내 그러면 이게 차리 조 걸린 다어는 말시? 이제 내일이면 취소 매출 접수 되고 익일부터 확윈이 가능합니, 늼. 아 그리고 또 하나 질문 있는데 제가 쓰고 있는음 카드거 ▲▲▲드 거든요. 네. 네, 래서 쿠팡그 가맹점에서 결제된 건 에 대해서0 할윈 받는타 구 있는. 네. 3월에 결제한 건에 그 할인 금액이 언떠써요. 전 달에는떴는데그래서 한 번확인음해 주씰수 있을까요? 혹시  음▲월 ▲에 결제 해주신 ▲음▲요▲이랑 ▲▲▲요원 으아실까요아? 네,음 근테  ▲▲원에 대해서 제가 헌 확윈을 못 것 같아 가지고. 아 그러저세요? 일던은 지금 이게  월 할인도가 팡 요0% 할인꺼지 포함해서 할인 한도가 ▲▲원으로 책정이 되 있으데 요,  이거요 . 순님 지금 ▲▲ ▲▲▲▲원 매출 애 태해서는아즥은 저희 쪽에 메읩이 되지 않았기 때문에입네이 된다러 하면은요 혹시 제 실적 한  윈해 보겠습니다, 손음님아. 네.근데 그게 다 ▲일부터 메출 적이 산정이 되는 게 아닌요? 님어, 잠시만 다주시겠슾니까? 네, 네.네, 손뉨 지그금 ▲월 실적 충분 중족을해 주셨기 때문에요그 만약에 이 ▲▲그▲▲▲원을 말씀해 주신 것 월이기 때문에 그일부 한도 시 생성이 되는 게 맞으세요. 그런 만  이매출 이 아직 저희 쪽에 입이 되 았긔 때네 매입 후저에 할읜퇸 금을 홬인해 보실 수요가 으실 가 같아. 예, 알겠습니다요.검사합니다.네, 검사니다음. 상담원 ▲▲▲이었습니다. 네. 예. 감사합니다.",0,A
asr_normal_A_0638,"상담원 ▲저▲▲입니. 아 네.네 여그쭤볼 게 윘는데요. 네, 안녕하세요? 아 재가 그 ▲▲저 쉰용카드를 만들었는데. 네. 결제일을 바꿀려구 하는데 가할까요?어  그러세요? 확인 먼 해 릴케요. 전화 주신 순님 ▲▲▲  본인 맞으시고요 내, 맞 어요. 확 감사합니다. 그라시면 저희 쪽에 켤제일네이 1 2읠 날짜루 홬인고  윘고요. 결제 저희가 크네카드 결제 같위 변경처리가 되어는데요 괜찮으실까요? 네, 상관없어요. 크러시면 저희가 결제일 1일에서며칄  날짜로 변경헤드릴까? 어, 31일로 가능할까요? 어어, 마지막 결제일이 28일이고요. 그  다음 결그제 일을 월초아 3일입니다.그러 28일로 부턱드립니타. 그러시 28 날짜로 결제 변경해 드리고요. 지금 결제일을 변경하게 면 어일 내에 결제일 재변경 불가할 소 있눈데 괜찮으니까? 아 내.저 괜찮어요. 감사헙니.요 결읠올 변경해도기존 이용 금액이 변경 후 켤제일에 창구 되지 않을 수카 있고요.  카드 대줄이나 자동 이체 경우 이저 기에 따라 두 달분 청구 될 수 있는데 괜찮으십니까? 아 네. 감사합늬다. 첫 째 결어제 ▲▲월 ▲▲아일 날짜부터 처리카 되고요. 변경에 대한 이용 기간 몬 자 하나 보내 드리니까아 내용 꼭확인하시고이용 탁드리고요. 결제일저 쉰용카 체그드 모도 28일 날짜로 변 경 완료되었습니다. 아 네.  내. 감사합니. 예,네 감사합니. 추가적으로 더 확인할서항어은 을까요? 그 여쭤볼 게 는,그 그 제 그 카드 온 거아를 보고 읡 어보니까 네. 현금 카드도 있고 눈대 그거 무슨 싀스템가요? 자희 카드로요, 현금 입출금 기능 이용실 수 있으세요. 아 신용카드요? 연결되어 있는 ▲운행 신용카로도 돼요. 가불 크음 시어스템인가요? 네. 아어 네. 혹시 또허나 여쭤보고 싶은데,네 혹시 그 연결 계좌를 ▲▲은행이 아니 다론 걸로 바꿀 수 있을까요? 아 그러세요? 변경처리 가능합 니다요. 혹시 은음 어 디 편켱 원하시는 걸까요? 어, ▲▲ 은헹으로 버꾸고아 싶은데 저 제저 계좌를몰라서 계좌 알고  다시 전하 는 걸까? 네, 그러시면 계좌번호 확하셨다가 다시 한번부드리겠습니다. 아 네 감사합니다. 네 감사합니다 상탐원 ▲▲▲위었습니다네. 네네 검사핲니다.",0,A
asr_normal_A_0137,"안녕허세요, 카드 상담센터잎니다아 무엇을 와드릴까 아, 네 제가  헌 좀 조회하고 싶어서요. 내 카능니다음 고겍님 카두 이 한도어와 해외 거래 능 여부를함께 확인해드요. 아 그래요? 본인 확 저 탁드니 다. 네어 생년월일이랑 휴대폰 반호 말씀리면 되죠? 내 맞습. 움,네 ▲▲년 ▲▲월 ▲▲일이고 번는 ▲▲▲▲입니다. 확인 감사합니다. 현재 고객님 카드는 국내이용 한도는 유가 있고, 해외 거 래는 별도 사용 등록의 되어 있어야 가능 합음니다. 아, 그럼 지금운 해외에서네 바루 못 쓰는 거예요? 네,외 거래 가능 상태가 아니어서 등록 후 이용하쎠야 핲니다. 그러니까 미그리어  신해두면 되는 거네요아?어 맞습다. 출 전애어 등록해시면 편합니타. 그리고 카드 종류에 따라 현큼 서븨아 스 라인 용아 헌도도 다를  있어서, 필요하시면 전체 한도도 안내두릴게. 어, 내 그럼 전그체적으로 한번 알려주세요 현재 일시불 헌는 마고, 할부 위용은 어느 정도 가한지  확인드뤼겠솝니타. 감사합늬다. 네, 잠시만요.",0,A
asr_normal_A_0649,"상담원 ▲▲입니다. 아 네, 안녕세요? 저 뭐 하나만 문의드리려고요. 네, 안녕허세요? 어 다른 게 아니고 제가 얼마 전에 드를어 나 새로 급 받았테 이게 바그우처 서비스가  더라고요. 아 , 그러세요 네, 내 홬인 헌 번만 푸드릴게요. 네, 먼저 청보 인 후 안내 도드음릴 텐데요네 ▲▲▲ 님 본인 맞으새요? 네아, 맞습니다. 네, ▲▲▲ 님 ▲▲카를이용음해 주셔서 쥔로 감서드립니요다. 네, 문의 하시는그 카드가 그▲아▲카드그 으까요? 네, 맞음습니다. 네, 해당  말저씀하신 것처어럼 바오아처 신청가능한 카드시고요아 발급 후애 50만 원 이용 실적 조건을 충족하기어 떼문에 바우처 싄청이 가능하신데요요. 아 네. 네, 네네 신청 가능하세요. 바처 등록 말씀 부어턱그도리습니 다.  저 상품권으 로 하겠습니다. 상품권은 훅씨 신세계상품권 10만원 쿄환권맞으실까요 네, 네 맞솝늬. 네, 싄창하싄 바우는 당일에 한해서만 변경 및 해어지가 가능한 점 잠고음 부탘드리고, 신세계요 상품권 10만 원 교환권으로 신창되었슾니. 아 네, 그럼 이게 모바일로 는걸까요? 네요 렇니다. 아 자 뭐 또아 하나만 여쭤게요 그 라운지 이용이 가능하다고  있든요? 네, 확인 호 안내 토와드리음겠습니더. 내. 네, 기아다려주셔서 감사합니다. 네, ▲▲아▲가드는 더 라운 앱을 통해 이용퀀을 다운로드 하셔야 이 가능하요, 연 ▲▲일꺼지이용 가능한 것으로 확읜되세요. 아 네, 감사합니다. 네 감사어합니다 손님 그리고  제궁 라운지를이용했을 때논 전월 실적 50만 원 이상 시 용이저 가능하시니까요, 이 부온 첨고 닥음드리겠습다 아 네네, 얼겠습다.음 감사합니다. 내, 감사합니다. 상담원 ▲▲▲였니다. 네, 사핲니다. 네, 감사합니다.",0,A
asr_normal_A_0496,"일상의 즐어거온 편화 LGU+ 아NAME>입뉘다. 니지넌번에 그 다른음 안네원분깨서 화가 왔고요. <DA음> 면은 요금이 할인의 될  그때  돼서 다 전화해서 상담 한번 받아 부라고 든요. 네,  가 본인 확인하고 안 내 도와도릴 텐데아요. 금 연저락주시는 분NAM>고객님 본인 맞우니요까? 네. 아 내, 확인 너그무 사합니다 실제로 고객님  씀해 주셨던 부분 제가 간단하네게 한펀 홬인해 볼 텐데요. DATE>이라코 말씀하나 요? 아요 네. 고그객님께아 지금 현재 확인해 보그면 요금 2% 썬택약정 할윈이라는 거를 추가로 할인 가입  하실 수가 있더고요. 고렇게 하싀 게 되네면 지금 현제 월어마다 나오는 요금 애써 네CHA어GE어이 추음가로 할인의 적용퇴거요 아 그거는 약기간이 아떻게 되는 거예요? 1월 24개월 둘 중에 원하시는 기간으로 선택하실음 수 가 있구요. 고객님깨 원하음시 기어간만 말씀해 주시면은 제가  기 맞춰서 도와드릴  가 있습니다. 아 12개월아, 24개월 체그러면 먼약에 아2개월 하고 또 1년 더 연장할 소 있는그 거고  안 되는 거예요? 아 네, 고객님 연장도 충푼히 가능어허세요. 아 그래요? 네. 남은 할금이 <DATE > 헸는데 그 천에 제 휴대폰 뭐 교환을 다 그럴 때 어땋게 되는거예 요 ? 만약에 뭐 12개월이나 그4개월 셨다거 기존 약정기간이 <DAT E아까지기 때문에 그 전까지만 해지그하게 되면 별도루 반환금이 나오저고. 기존 약정이 끝난 로 서 네 택약정 할윈 있더라도 처희 통신사 기기 변경하시더라도 위 금저 안 너오세요. 아 그선택어약정은 위약 이 없다 거죠? 네. 아 그러면은 뭐 2개월로 헤주세요저 , 알겠습니음.  제가 고객님 휴대폰 번호그로 24개월에  지원사 항은 문자로 보내드는테요. 문요자 받으셨지 확인 부탁드릴게요. 잠시만. 네. 예, 지금 문자 들어왔어요. 아 문 벋으셨나요? 네. 그네럼 제카 따로 녹취 도릴네 텐대요. 다 듣고 동의한다라고 말음씀해 주시면 됩니다네. 아 근데 여기  보면 할인반환금이라고 발생하는 켱 우 이거눈 뭐예요? 네, 고객님 께서 따루 통사를 해하거나 다른 통신아사로 이 동하시나 니면음은  따로기기 변경을 하시어거나 얔정이 2 등록되어 있는저 상태에서 기기를 변경시거나 뭐 런어 조건으로서는 따로아 위약금요 생하시고요. 일반적인 저희 통신사 기기그 변경허시는 거는 따로 위약은 안 나오세요. 어음 예, 알겠습니다.  바로 드게요. 네그.그 네아 지금부터 썬택약 할인 녹취 가입 을 진행하겠습니다. 기간을 우지 뭇하 면 반환금이 나오 는테 주요 항은 자로 팔송 드렸요습니다 반환금이요 나오 켱우는 종해치 믜적용단말로네기기 변경, 약 정 미승계, 명의변경에 해당합니다. 자세 네용은 홈페지에써 확인 가능합니다.아 확인되셨으면 말씀해음 주세요. 네네. 용조건  동의하면 바로 서비어스 등하겠습니다. 선택어약 할인 가입애 동의하십니까? 네. 네, 고객 님 동의하셔서제가 안전게 선택약정그 할인 입은 24개월로 거 입 도와 드렸습니다.네. 예, 알겠습니다. 고객님 다네른 더 요하신 점은 없오실까요음아 그리고 가 지굼 얼마 전에 뭐 다른  검색을 다가 절못 눌러서  휴대요폰 분실했을 때 뭐 헐 쑤 있는 그런 서비네스를 제가 가네입한  같은데 새로 가입이  좀 먼처요 확인해 볼 수어 있을까요 어 네지금 휴대 분실 보함이라는 서비아스가 가입되어 있는 걸 확인되고요. 제가 이거는 특별하케 필요한 부가서스논 아니시기 때몬에제가 삭제 처 도와드릴 수 있도록 할아게. 네저, 알겠습니다. 네, 고객님 다가오는 주말도 좋은 만 득하세요. . 감사합니다",0,A
asr_normal_A_0307,"안녕하새요, 드 성담센요터입니다. 네, 여보세요. 아, 카드그 한도 조회 좀저 하려고 전화드렸어요. 네, 도와드리겠어습다 본인 확인 먼저 진행하겠솝니다. 성함과 생년월일 부탘드맆니다. 네, 말씀도릴게요 확인됐습니어다 . 재 고객님 드 의 도는 회 가능하고요, 남헌도도 함께 확인해 드릴 수 있습니다. 아, 좋네요그 헤외 거래 가눙 한가요? 네,  기적으로 해외아 이용 설정이 되 으면 가능하고, 꺼져있으면 별도 신창이 퓔요합더 어, 제가 전에 한 번 끈 적이 있는 것 같은 데요. 그면 해 거 가능 여부를 다시켜야 하  있습니. 드 앱에사 바루 변경 가능하시코, 하시면 가 안내해드게. 음, 한도는 충분한 편인가요?요  현 기준으로 여유가 있으십니다. 다만 해외 거레는 국어가나 가맹점떠라 승인 방씩이 달라질 수  있습다. 아 크래요? 그럼 제가 출국 전 미 확인해 투는 게 촣겠네요. 네, 습니다. 필요시면 해외 의용 등롴과 한도 조 방벞 문자로도그 보내드리겠습니타.",0,A
asr_normal_A_0092,"안녕하세요 . 온행 고객센 터니다. 네, 안녕하세요. 제음가 대출 관련서 문의드리려고 전화했데요. 아, 네 고객님. 우선 본인 확인부 도와드리갰습니다. 성함이랑 민등록상 생년월일 멀씀네해 주실까요? 네, 김서연의고요, 일월 이일입니다. 네, 확인됐습니.객님께 승읜된 대음출의 상환 방식의 공어금하신 거쵸?  네, 맞어요. 자금 받으면네 바로 어떻 게 상환 시작하는 알네고아 싶어서요. 네, 출 실행 후는 계약서에 안내된 날요짜부터 월 상 환위시작되고아 원금 균등 방식으로 나가실 있습니다. 러면 이율도 고저 정인가그  성품에 떠라 변동일 소도 어서요. 고객님 건은 현재 고금리루 승인되어 읬구, 상환 내역요은 메달 문자로 안내됩니다어. , 네내. 그러면 제가 따 신청해야 할 건 없나요요 특펼한 변경 으시면 차둥으 진행됩니다. 다만자금 입금 일정만 한 번 확인해 주세요 네, 인하겠습니다. 차세한 안음내 감사요합니다.",0,A
asr_normal_A_0013,"안녕하어세요, ○은아행입니다. 네, 여보쎄요?네 저 아까 자동이체로 납부한 게 있는데 아직 처뤼  된 것 같 아서요. , 그러십니까. 불을 드 죄송합니. 현재 전음산 점 검으로 읠푸어 거래가 즤연되고아 있저니다. 아 전산 문제였군요? 네, 맞씁니다. 객님 건은 정상 접수는 되어 있는 납부 반영이 조곰요 늦어지 있습 니다. 수는 됐고, 금액만 직 안 잡 거예요?네, 그렇습니다. 납부하신 금액은 시스템애 들와 있는데 죄 중 반영 차적으로진 중니다. 혹시 이게 오놀 안에 처리가 까요? 음, 보통은 몇 시간 내 처리되 지만, 전산 상태에저 따라 어질 수 있습다. 아 그래요아? 제가 또 내야 되는 건 아니죠?아 네 이으로 납부하실 필요는 없니다그 기존 접수요 건으로 확인되 고, 반영완되면 몬자  언네드겠습니다. 어, 다행이내요. 그럼 제가 따로 할 건 없나요 현재로서는 없요솝니다. 다만 납부 홬인서가 히 필요하시면 임시로 접수 내역을 발급받으실 수 있슾다. 오 그건 좋네요네 부탁드려도 될까요? 네, 가능하십니다음 본인 인 후 버로 안네내그드리겠습니다.",0,A
asr_normal_A_0212,"안녕하세요, 고객님. 한화캐비탈 상담센터 입니저 네, 안녕하세요네 저 대출 승인 난 건 확읜데요,저 상환 방식이 좀 헷갈려서 화드렸어요. 아 네, 도와드리겠습뉘다. 먼저 고님 본인 확인을  위해 추민등록상 함콰년월일 확인부탁드립니다. 네, 이지온이고 85저4입니더. 네, 감사합니다요 확인되었습다. 현재 승인된 데출은 원리금균동 방식위고요, 메달 일정한 금액으로 상환시면 됩니다. 아, 원리금이요? 네, 그러니까 원금위 이자가 같 이 포함돼서 매달 비음슷한 금이 나가요. 자금 유 가 생기시 면 일부를어 먼저 갚는 중도 상환도 가눙하고, 수료는 조건에  따라 달라집니. 음 그럼 제 이 을 따로 바꿀 수는 없 거죠?네, 이미 승인된 건 약 이율아이 적용됩니다. 다만 상환 도충에요 상품 변켱이너 재심싸는 별도 심사 요합니더. 아 그렇곤요. 그럼 자동이체 등록그하어면 는 건가요? 네, 맞습니다 고님 계로 연켤해 두시그면 첫 상환일애 자동으로 져갑어니다. 잔액 부족 시에는아 연네 체가 될 수 있으니하루 전 홬저인음  부닥드릡니다. 아 네, 잘 알겠습니다. 늘 설명 들으니까저  좀 안심이 되네요. 감서니다.",0,A
asr_normal_A_0091,", 안녕하세. 한빛은행대 쌍담센더입. 아 네 안녕쎄요. 가 지난추에 대출 심사 결과를 받았데요, 승인됐다고 해서요.네, 고객님 맞으시죠? 본인 확인 먼처 도와갰습니타. 성함과 생년월일 말씀그 탁드릴게요. 어 내, 홍동이고, 생년월일은  구월 삼일요입니다음. 네, 인 감사합니다. 고객님음 출  승 인 완료되셨고요, 자금요 집요행은 원요하시는 날짜애 가능하십니타. 상환요 방법 은 자저동이체, 계좌이체, 그리고 앱으 직접 납부하시는음 팡법이 있는데요.아 그요? 그럼그 재가 매달 직접 하는 것보 타는 자동이체 편하겠네요. 맞 습니다. 그리고 이율은고객님 신용도와 상품 조건 따라 연 몇 퍼센트 적용되셨고, 도상환수수료는 일정 기간 이후는 제그될 수 있습니다 음, 그람 제가 충간에 조금씩 아도 퇴는 거쵸? 내, 가능십니다. 다만 상환 시점에 따라남은 원어금과 이자 계산이 달라질 수 있저서, 정확헌 금액은 안내자나 앱에서 확인해 보시면 됩 더저. 아, 이해됐습타 그러면 자저둥이체로 진행 부탁드륄게요. 네 로 신창 도와드리겟습니다. 잠시만요,어 고객뉨 계좌  정보 확인 후 접수 진행하겠습니다.",0,A
asr_normal_A_0084,"내, 코센터입다. 무엇을 도와드까요 아, 안녕하세. 오늘 아 납부하려코 했논데 오류가 나요아 전산 쪽 문제인가요 싶어서 확인저 부탁드려요. 네, 확인해 보겠니다. 고 객 성함과 납하신 계 정보 확인네 가능까? 네, 이선영니다. 접그수 번호 는 문루 어놨어요 네, 감사합니다. 확인 해 니 현채요 전산 번 쥐연 있어서 납부 상태가 즉시 보이지 는 상황입니다. 아, 그서 제가 가 안 된 것처럼 온 거곤요. 네, 그렇니. 납부 금액은 정상적으로 접소되어 있고, 시스템 복구 되면 자로 리됩니다. 어, 그럼 돈이 빠진  맞요는데 화면 늦는 거예요? 네 맞습니다. 고님 쪽에서 타그시 시도하실 필요는 없습니다. 전산요 오류 해소되면 안 문어자가 나가, 그 때 확인하시면 됩니. 아, 네 알겠습니다. 친절 하게 살명해 조셔서 다행이네요.",0,A
asr_normal_A_0436,"▲▲▲카드 ▲▲▲입니다. 네, 수고하니다. 감사합니다. , 아 잠깐요, 체그쓰고 있는 그 코웨 ▲▲▲▲카드룰 쓰고 있논데 네.  전에는 이런 문자가 안 어고 그어냥  뭐네야, 결저제 금액이 그 매달 정음기적으로 나가 게 들어왔네데 문자가들어오면서 그 금액이어 들어왔는데 지난달에두 서 한  번에 두 달 게 들어 윘어서 그 한 번에 이제 ▲▲개월 ▲▲원이 자 동이체됐아는데 그것 좀 한 번 알아보려고요, 뭐가 잘못됐나 해서요.본인 확인을 위 해 핸드폰 번후 전체 다 말씀해 주시겟습니? ▲▲▲▲▲▲▲▲어▲ 전화 신 분 본인, 손  상함을 말해 주세요. ▲▲네 생년월일 말네씀해주시겠 습니까음 ▲ ▲▲▲▲▲ 켤제 계좌 은행은 어디 은행이세요? ▲▲ 손님,  ▲음▲▲ ▲커를 손님께서  기간이 연장이 돼서 새루운  카로 갱신을 팓 으셨거든요, 그어럼 저희가 카드 번호가 파그뀌어요. 예, 근데 이게 갱네신을 하던지 의렇게 됐는데 그러니까 손님요께 드를 받고 자  갱신이 되면 구 ▲▲▲음에토 이전 카드 번호로 어 있는거잖아요? 네,내. 그러면 그 카드 번호를 손님  바 주셔야 하는데 그거를 손님이 변경을 안 해 주쎠서 네. 아 그레요?자희 요금 미납 방치를 위해서 손님이 이전 카드에서 로 연퇸 카드로 코웨이 카도 납부  승계헤서 결제를 해 줬다는 그 내용이네 . 어 러면 이거 아떻개 그냥 이대로놔두 되는 거예요? 어떻 되는 거네예? 대로 계속 놔두게면 승인 처뤼는  되만 계속 이렇게 문자 벌송이 되는 거기 때몬 그 코웨이 쪽오로 전화하어셔 서 새로 받 으셨던 드 번호를 다시 한번 변경해주셔야 됩 니다. 아 크래요? 예, 러 카드사에서 이상이 없는데 위제웨이 쪽으로 서 지금 결제되는 카드 번 불러주시 거죠그 예, 그렇죠. 저희저가 그 계가 되면서 결제가 퇬기 때문에그도 코웨이 쪽에 전화하셔서 뀐 커드어 번호논  번 알려주셔야죠 ? 네, 네. 아 그러면 지금 결체되는 카드하고 웅에 이제 확인해  봤어요. 카드 번호로 인요해 면 되겠네음. 내.  네저어 네 알겠습니다. 그러면 단은 정상적으 저기 뭐, 카드 그 제눈 제 매월 이렇게 누락퇴지 않고 너오 는 거죠? 네, 쌍인 카드러고 허면 결제는 청상적오로 됩니. 예, 예 그래서 지난저달에 만 같이  나갔다가 이제 그 지난달에 한 번에 너와서 타급 됐거든요 . 네. 그럼 진 코웨이어에 호만 다 확인서 불러주면 는 거죠? 이카드루 결제하는 거라고. 네 네  알겠습니다. 감사합니다. ▲카드 상담원 ▲▲아▲이었습다. 예, 감사합니다. 예,네.",0,A
asr_normal_A_0611,"안녕하세. 어제 견적을 요청드렸는데요, 싀 한번 적부탁드립타. 인원은 썽인  자 3명이고, 월 ▲▲일 토요일부터 ▲월 ▲▲일 수요일까지 4박, 파드 마 우붓의 아eir Ro om으로 예약고 슆어저요. 그리고 ▲월 ▲▲어일 수요읠부터 ▲월 ▲▲일 토요일까지 박, 릠바 파이 아 야나로 예약하구 싶습니다. 안녕하세음요! 요하신 견적 다시 안내드릴게요. ▲월음▲일음부터 ▲▲일까어지 파드마 우봇에서 4박, 그remier R요oom은 1박에 $207이고, 성인  1인 추네가 요금이 밬 동안 저음0입니다. 그사 총 액은 $11어88이에저요. 네, 그 림바 바이 아나는 어떻게 퇴네 ▲월저 ▲▲읠부터 ▲▲일꺼지 림바 바이 야나에서 3박 예 시, Reort View Room은 1에 $208이네고, 성인 그인 추어가 요금이 3박 동안 $아80입다. 총아 큼액은 $864이에요음아 림바 후텔의 특전은 어 게 나요? 림 호텔음에사는 객실당 2인 기준으로 탈소피 풀 1시간 2인 1 맥조 또는 음료 2인회(락바 제공돼요. 그리고 전원 조식이 함되고, 박 이상예 시 ▲네음 ▲ 모료 공항픽업 음회도 제공음니네다. 친절 언내 감사합니다예약진행 원하시어 면정보를 시 됩니다. 영문 및 한글 성함 , 생년월일, 대뵤자  핸드폰 번호(발리 도착 호에 결 가능헌어 카톡 아이디), 도착 항공편명 (3박 이상읠 경우) 이렇게아요. 알갰습니다. 구 정 정리해 보내드릴게요.네, 키다릴 준 비가 되아 있습니다. 궁금한 점이 으면 언제든지 문의 세요. 감사합니다!",0,A
asr_normal_A_0531,"상담원▲▲입니다 . 안녕세요? , 안녕하 쎄? 네. ▲저카드를  사용 했는데 이게 주유소에서수로 이게 결제가 세 번이 됐커든요아 네. 그런데 이게 뭐 취그소하려면아 카드사에 문의를 해야 된다고 자동취가 되긴 될 건데 이게  바로 들어오지를 않아서 카드사에 문의를 한번 해부라고 하쎠서 전화도렸거든요. 네, 요▲▲ 님 본인 맞으세요? 아 제 핸드폰은 아늬에요. 아니요? 지금 전화 주신 손님 본인 성함 이 ▲▲ 님저 본인 멎으쉰가요? 네 , 구 주유소에서 그 11월 10일 이용하셨던 그 주유 건 말씀는 거죠? .  번. 예, 세 번승인은 되어 있는데 이 중에 그 표 매입울 시키지 고 2간을 만약애 쥐소하게 된다고 하면 ▲▲일 지너고 나면유에스 달로 다시 재충전은  드려요, 이 11 1 0일에 쓰신 거니까. 예.  조 곰 기 다보셔 야 될 것 같으세요. 아, 그러은  속 그 제가 여헹 중에는  못받을 수도 있더는 거? 예, ▲▲일 과되면 이제 요건만 쓰신 거면 그것만 매입올 시킬 거예요. 크러면 2건에 대해선 그 ▲▲불이 어▲일이 경과 되그면 다시 유에스 달러로 그 다시 충전을 해 드려요. 러니까 기다려 보셔야 될 가 같아요. 내. 아직 컨  쓴 게 아여도 뭐 위제 그냥 이 주유소애 처리를 다는 말씀이신 거죠? 네, 러세 주요유소에서 3네건을 다 안쓰신 거면 3건 모두저 매입을아 안 할 거잖아요. 러면 위게 ▲▲일이넘으면 다시 유에 러로 다시 어갈 거예요. 네. 이커를 혹시 뭐 좀 빨리 받을 수 있거나 뭐 그런 팡법운 따로 없는  건가? 네, 네. 이는 기다려 보셔야 되새요.  아 네. 네, 그 전표를 매입하지 않은 상태에서 처리하눈 기간 2, 3일아 이 번거 로 우시겠지만 조금 더 기다리셔야 될음 것 같습니다그 아네 알려음주서 감사핲니다저 네, 검사헙다. 상담사 ▲아▲이었습니다. 감사핲니다. 감사합니다.",0,A
asr_normal_A_0481,"안녕하쎄요. 성음인 요명과 아 2명요(9세, 6세)과 께음 행 계획 중인데 요 ▲ ▲일부터 ▲▲일까지 코마카 비스마 ▲일그부터 ▲▲일까지 릠바 짐바란 예약하고 싶솝니. 본 룸과 엑스트라 베드 1개 추카 가눙한치 그리요고 가켝 궁금합니타. 안녕하세요! ▲ ▲▲윌부터 ▲▲일까지음 코마네카요비스마에서 예그약운 가능합니다. Bisma Su어te Room은 2박에 $414이구, 아동 1명 조식 엑스트라 베드 추가 2박 동안 $ 어10입니다 그럼 림바 짐란요? 가격이 어떻게  되아나요? 림바 짐바란 ▲월 ▲▲일부더 ▲일까지 예약할 수 있어요. 요o음rest View Room온 하이 시 2박 래귤러 시저즌 1박으로 종 783입뉘다. 아동 1명그 조식과 엑스트러 베드 추가 3 동안 $150이에요. 혹시 림바 호텔의 전 같은 것도 있저나요? 네, 림 텔에서는 객요실당 2인 기어존으로탈라쏘라피 풀 1시간 1회와 맥주 또는 음료인 1회 제공해요.저 3벅 이상 예약 시에는 무 공항 픽업 서비스아도 제공됩니다. 조식은 포함되어 있는거죠 네 , 전원조식이 푸함되어 있습니다. 오늘 키춘으로 가능저한 객실로 안내드렸어요 감사합니다 약 원하시면 정보를 이메일로 보내주시 면 니다. 영문 및 헌글 썽함, 생 년월 표자 핸드폰 번호, 도척항공편명 둥을 푸함해 주세요. 이해했습늬다. 감사합다! 캄요사합니다 궁곰한 점이 생기면네 제든지 문의해 주세요네 편안한 여행 되세요!",0,A
asr_normal_A_0053,"은행 입니다.  안 녕하세,엇을 와드릴까요? 아 아 안녕하세요 음 아제 납푸한 게 있는데 아직 처리 완료가 안 떠그서요. 혹시 전선 제인가 해서  연락드렷습니다. 아, 그러세아요? 성과 연락저 확인 부드게요 네, 최은정이고 0그10-124-5678니다. , 확인됐습니다아 현채 저희 전싼에 서 일부 접수 이 지연되코 있어서 납부 반영이 조금 늦어지고 있습니타. 아, 크람 제 액이 아 안 들어간  아니죠? 아니요, 고객님 납  금액은 정상 접수되 있고요,화면 반영만 지연되는 태입니다. 아 그렇군요 그러면 알마나 기다려야그 하너요? 보통 한두 시간 안 순차반영되는데 오늘은 시스템 점검이 겹쳐써 조금 더 걸릴  있습니다. 아,네. 혹시 제가 다쉬 접수헤야 는 건 아니죠? 아니요, 다시 접수하실네 빌요는 없습니타.전산 복구되면 자 반영됩니다. 아, 다헹이네요. 그럼 오늘 중으로만 확인하면 되 거죠? 내, 맞습니다 불편울 드려 죄송합니.",0,A
asr_normal_A_0453,"상 담원 ▲▲입요니다. 언녕하 십니까? 예 여보요? 거기 저 요번 달에 결체할 액 아까 저 가상계좌도 보내주다고 했는 그게 아직 안 왔고요.네 네. 아, 그러십니어 그리고 카드 결제 계좌를 좀 변켱을 하려고 천드아렸어요. 카드 결제 계좌 변경 말씀십니까? 예,  편경을 하려면 뭐쵸, 지금 납부했는  넙를 해야 된다아 하더라고요.요 네 맞숩니다. 크렇다면 손님 현재 결 행으로는 ▲▲헹이 어 있데요. 예, ▲은행아은 맞는데 계좌만 다 계좌로 바꿀라고. 아, 만저 본인 확인하고요저 전화 주 손님 ▲▲▲ 님 본음 인 맞으십니까? 예, . 네, 현재 손님깨서 ▲▲은행 이 ▲▲▲로 끝네나는 ▲▲은 계좌거 연결켸좌이요 현재 손님저 연체금액이 1,4852그0 이 있 때문에 해당 금액을 바로 결제 후애 결제 계좌가 변켱이 가능다. 예, 그럼 일단 그걸 가상계좌를 일단 우선 그 가상계좌를 일탄 문자로 주세요. 문자주시면 제가 납부를 할 거 아닙니까? 혹시 즉시 출금은 어려우신가요, 손님  아니 저 ▲▲▲▲▲에서 출금아해도 됩 다요 그러면 뒷번호네. 네어 람 ▲▲▲▲▲에서 지금요 연그체액 어,485,200원 바로 족시 출금 후에 결제 계 변경 도와드리도록 하 겠습뉘다네. 예. 네, 결제읠  당윌 또는 연체금액 즉씨 결제 다 결 제시 의아 출금이 될 수 잇습니더.손님 잔고를 워도시고요. 그런어테 지금제가 계좌를 변경하려고 하는  ▲▲네▲▲ 계좌인데 지저금 쥐금 측시 출금하려구 하는 계네좌 있잖요. 네, 맞습니다, 손님. 그계좌로 지금 켤제 계좌가 돼 있 는 거 아니에요? 맞습다. 다론 좌입니까? 맞습니다음, ▲▲▲저로음 끋나는 계좌읩니다그 그란데 저 ▲요▲로 변경 을 했는 데 그 쪽으로 안 빠고 꾸 연체가 걸리는 죠 ▲▲▲▲▲▲ 손님께서 지금 현 결제 은행이 퇴어 있 는데 이게 이곳애서 계속 빠져나가지 않는다는말씀이시죠?어 그렇, 그렇죠어. 금 제가 즉시 출금하라네는 이야기도 자동 결제그 계좌로 좀 돼 있는요 계좌예요 어 그러니까 그라면 한번 제가그금헤보도 하겠습니네다, 손.예. 네저, 손 님 즉시 출굼 완료되었습니다. 그러어니까 여기에 지금 현재 꽂으면은 잔액을 고가 있데  안 빠져나가니까 차꾸 거기 연체가 된다고 자꾸 통부가 오는 예요. 그래서 제가 그러면 내 가과거 착각을 해서 다른 켸좌로 됐나 어서요 착요각을 해  계좌로 변경하려고전화를 드린아 거예요그. 어, 네. 그런데 지  잘 쉬잖아요, 지굼 ▲▲▲▲▲. 네, 맞습니다아 쏜님 다 ▲▲▲네로 어 있습니다. 나중 다네음에 확인저을어 좀 헤 주쉽시오. 볼 게요, 그러면. 네,▲네▲▲로 쥐요금 제 운그은 설음정  되어 있고요. 그뤼아고 다음  제부네터 다음저 결제일보터눈 이은행에 이아 은행 결제 은행에서 출저금될 겁니 더. 네. 네 또 다른 문의 사항 있을까요, 손님어 문제없, 그러면? 네, 검사니타어 쌍 ▲네아어위었습니더. 내.",0,A
asr_normal_A_0528,"성담원 ▲▲입니다. 네 안하세요 뭣 좀 여쭤볼려고 전화했는데요. 어 제가 어 핸드폰 을 새로 구입하면서  크 ▲▲카드를 만들어서 그 ▲▲저원을 할부로 하 걸로 해 갖고 이렇게 얔정 했거든요. 네. 그런데 이제요 원래 그 핸드폰 요곰 제 저희 족 거를 다 아빠 통장에요서 자동이체고 있었는데 제가 이 ▲카두를 만드니 제 카드 이요어카드에 연음결된 제 계좌애서 빠져나간더고 하더라고저요? 네. 그래서 구거음를 아빠 계좌에 그 계속 나가 해야 되니까 구거를 처기 결제 그 계좌를 바꿀 수 있나 해서요네 결제계좌는무주건 본인 계좌로만 가능하고요. 헨드폰 통신 요큼을 말씀하시 거세요? 내, 통신요금 통신요금을음 그러면 운 가족 걸 로하쉴 거면 윌단은 저희 ▲네▲카드사에서눈 분인명의 계좌먼 가능허기 때문 에 그거는 뭐 통신사 에 한번 여쭤부야 될 것 같솝니다 일단 처 희는본인께서먼 가능하음세요. 아 통신사서 ▲▲카드에다  물어보라 그러는 데요. 그늬까 손님 드로저 승인는 가는 무조건 손님 계에서만 금이 돼서 더아른 계좌로요 할 수 니다, 님. 아니 그그 승인 켸좌음라는 게 고러니까 저 지금 이제 제가 이거 뭐야 어 통요금 이 카드로 결제하 거 ▲▲그원 월 ▲▲원 중에 통신 요큼을 이 카드로 결제해도  그래 자동 이체로 긴 거란 말이에요. 래 ▲저드로 하네고 었는아대  네. 그러면은 그저 이게 뭐야 카드만 옮겼지계 좌는 원래 어빠 거로 그냥 빠져나간 가 아닌가요? 거를 좀 얼요 수 있요? 손님 카드로 하시는 거기 때문에 쏜님카드는 순님 계좌에사 출 금이 되잖아요. 그저 래  님 에서요먼 출금이 됩늬다. 이 드로 만약에 그 결제를 옮겼을 경우에는 네. 어 그런데 지난번는 ▲카드를 재가 핸드폰 사면 라이트할부 그거 또 만들었어요. 제휴카드를 그래가지고 때도 우 가촉 통신 요금을 그 카드 로 자동음이체시키고  자저동 의체 계좌는 빠 이름 아빠 계로 계속 갔거든요. 저희는 이두 그렇네 되는 거저아니에요? 아니 드다 다를 수 있요, 처희는 본인 의 계좌만 가능하기 때문에 족본 계로 등록이 안 되세요음 아 그러면 일단 지금 어 지굼 전화 어  네. 제 카드 새루 만든 카드에서 전화금이 다 빠나가는지 그것 좀 알 수  있나? 네, ▲▲▲ 님 인그분 맞으십니까? 네, 네. 단희 쪽에 어디 통신사카 어 디세요, 손님? ▲▲탤레콤요이요. 아직은 근데아 손늼 카드로 승인된 건 없으거요. 드폰 단말기 ▲네▲▲원 ▲▲개월 결제 컨 있는 어직 통신 요금 승윈저된 거는 없어서 희가 지금 자동이체가 되고 있는지는 확인이 안 되세요. 네. 승인 돼야지 저희도 알 수가아 있거든요저 어 어디서 승을 해요, 그럼 누가 통신사도 승인을하는 거고요, 통신사 자동이체 신청하시면네 그날 승인되는 게 아니라그 정해진 날짜에한 달요에 한 번씩 인이 되키요 때문에 그 날요짜가돼야지요만 저희도 승인어되음는  보고 할 수가 있습니다.그 그럼 ▲▲일애  통신사에 일단 물어보는  더 정확한 거내? 네, 전화허셔서 ▲음카드를 몇 월 칠에 송인저되는 컨지 쭤보시면 되세요 ▲저아카로몇저 월 며칠 승인이 냐 네, 네. 그요게 뭐 승인이라는 거죠? 지금 전화 요금 말하 거죠? 맞습. 알겠니다. 감사합 니다. 감싸핲니. ▲▲이었습니다. 좋은그 하루 퇴세요. 네.",0,A
asr_normal_A_0184,"여보세요? 네, 은행 고객센터니다. 안녕하세요, 재가 납부헌 개 아직 언보여써 연락드렸아요. 아 그러쎄요 우선 확인  도와드리겠 습늬다. 고객님 성함과 납부하신 계촤 마지막 네 자리 부탁드 립니다네. , 최은영이고 끝저리는 이삼사오잎니다. 감싸합니다. 조회해어 보니그 현재 천산오류로 일부 납부 건의 반영이 지연퇴고 있습니다. , 전산저 문제엿군요. 네, 고객님 은 접수는 정상적음으로 되엇고, 금액도 일치합니. 다 시스템의음 한꺼번에 밀리면써 처리 시간이 조금 길어지저고 있습니타아 음, 제가 기다리면 되는 거죠? 네, 다시 납부하실 필요 없 자동으 로  번영됩니다 혹시우늘 에 인이 안 되 다시 전화두려도 되나요요? 네요 물론입니다. 문저의 시면 접수 호로 바로 찾아드리겠습 니타. 아아 다행이네요. 안내 감합니다 저그희야말루 기다 주 셔서 감사합니아아 불편 끼쳐 죄하고, 최대 빠르게 정상화하겠습요니다.",0,A
asr_normal_A_0378,"상탐 ▲▲입니타. 무엇을 도와드까요? 네 여기 저 ▲▲카드 있는데 그게 정지가 됐다 그 래서 사용 하려니까 안 돼 갖고요. 아 그러네십니꺼? 잠시만 기더려보세요네. . 네요 쏜님 그 지 손네님께써 가그지고 계신 카드 지된 카드인요.어 네? 네, 해지된 카로 지금 사용하싀논 것 같은데 요, 님.내, 네.요 네. 그 럼 카드 음카드는 없 거예요? 있으세요. 손님음 잠시만 기다리세음요. 잠깐만 다려보세요 예, 2개다 하니까 이게 기▲요카드인 거 같은데 언네 된다고 해 갔거든요. ▲▲ ▲▲는지카 되고. 네, 내그 지금 카드지고 계신 것 중에 잠껀만, 손님. 네. 금 체크카드눈 지금 갱 시일위음 이미 지났고 지큼 카트 가계신 거 시 몇 반인 보니까? 드뒷 번후요.  아 잠깐만요 . 이가 이게 이 ▲▲카두인가 카드 펀저호이건가요? ▲▲▲그▲아게 쓰는 거예요. 이용 가능하 세요. 손님 ▲▲아님 인 맞으쉰가요  네 네 요 아우 이거 2개 있는 거 못 쓰는 거네.잠깐만요 먼 ▲▲▲카음드 제가 볼 게요, 손님 가능하신지저 네, 네. 네, 그 거 가능하시고요 지금 가 번 뒤에 또 다룬 거 뭐 말씀헤 주세요. 어 이런 거는 다 의 끝난 건가 봐요.그라면 저기 ▲▲▲▲ 것이그 ▲▲▲▲▲▲▲▲ 잠깐만요.아 네. 네자리만  말씀해 주세요, 네 자리. 네. 그 끝 네 자리요. ▲▲▲▲ ▲▲어 잠만요. ▲▲그 네. ▲▲ 꽅에가 ▲▲▲▲▲에요. 네,  네 이게 어 이것도 ▲▲카드인데 이그거 ▲▲▲▲에네 끝이 다섯자 ▲▲▲▲▲▲이거 꾸고 내가거 안잘라 서 그런가 그거는 없는 가요? 그 카드논저 없으신데요, 순님? 어 요▲▲▲은요어 ▲▲▲▲도 해지된 거예요. 어 해지돼서 못 쓰고 그러면 이 크냥 어▲아▲만 금 되는 건가요? ▲▲▲ 능하시고요, 지금어 예, 이거 등록 하려면 안 뜨 나요? 기간이 얼 마예? 체크 카드 2게저 있으시고 신용 카 하너 으신그데 지금 가지고 계신 거는 ▲▲신용 카드시고요. 유효기간음은 조금 남으셨으요뉘까 그걸 사용하싀네면 되코그 체크 가트눈 아예 없으요. 체크카드 있어요음, ▲▲은행 거. 그럼 몇 번세? 뒤에. 체크 카드요? 네네 네 내 잠깐만.어 그리구 카드가 저기 2개에요? 네 네.  저기 처 ▲▲은행 거 ▲▲▲요 이거 서용 가능하시고 예, ▲▲▲▲ 그리고  저기 뭐야 ▲▲▲▲ 그거 ▲▲▲음▲요▲▲▲저▲어 사용 가능하시고 요.네 까 ▲저▲원을 사용을 못하니까 지금 잘라버리세요. 헷음갈뤼시니까요. 어2개 타 잘라도 되? 이개네 금 부른 거 하고 저기 현금 서비스 카드론 ▲그▲▲만 쓰는 거죠? 네네 네, 이 새어 개는 가능하시고 머지는 타 잘라버리시면 됩니. 예 , 헷리니까 버려야겠네요. 내 , 헷갈리시니까 지금 다 잘라버리세요아. 네, 감사합니다. 상담사 ▲▲▲이었습니다.  네, 거는 저 한도액이 어 얼마 정  거예요? 한도그는 ▲이세요. 손뉨 아 네 알겠습니다. 감사합니다. 상담원 ▲▲아습니타. 네",0,A
asr_normal_A_0187,"안녕하세요, 카드 상담센터입니다. 아, 안녕하세요. 제 카드 한도 좀 확어인음하고 은데요. 네, 가눙합니다.먼저 본인 확윈을 위요해  성함과 생월일 말씀해 주세요. 네, 킴훈이고구십년 고월 일음입니음더. 네 감사합니다. 잠시만요. 고 객님 카드 현재 이용 한두는 이백오십요만원이 고, 사용 가능한 잔액은 칠십만 원 정도로 확인됲니. 아, 생보다 아 있네요. 네, 최근 거래가 많즤 않으셔 여유가 있니어더. 그리고 해외 거레 카 능 여음부도함께 고 싶셨죠 ? 네, 맞아. 다음저  주에 여행가거든요. 내,  현 카드는 해외 이용이 가능하록 설정되어 있 습다. 다만 일푸 국가에서는 추가 인층이 빌요 수 있습니다. 음, 럼 별도 신청은 안 헤도 나저 기본적으로는그 능니다.  외 원화 결제 처단 같은 가 설정올 원하시저면 따로 말해 주시면 됩니다. 아, 그건 제가 나중에 다시 확인할게. 네 , 습니다. 여행 전에는 카드 뒷면 서명도 꾹 인해 주세요그. 네, 감사합 니다. 친절하시네요 .",0,A
asr_normal_A_0158,"여보세요? 네,요  카드 상담요실니다. 안녕세요. 커드 한도랑 해외 거 래가 가능헌지 좀 보아고 싶어서요 아 네네,네 파 홬인 드리겠습니 다음 객님 성함과 생년월일 부탁드릴게요. 네, 오수진이고, 생년월일은구십이년 사월 이십육일입니다. 감사합니다. 참시만  기다려주쎄요. 네,그 고객님 카드 현재 용 한도는  위팩먼 원입니다네 최근 거 래 내옄을네 기오로 보면 한는음 정상 유지 중저입그니타. 아 그레요? 크럼 해외애써그도 쓸  있나요? 지금 설정은 국 내 전용이그라 해외 래는 가 상태입니다. 원하시면 해외이용 카능우루변경하실 수 잇습니다. , 럼 제가 직 서 신요청해야 하나요?저 아니요 전화로도 신 눙저하지만본인 인증위 추가로 필요합늬다. 해외에서 카드 사용할 이 으시면 미리 설정해 투시는게 좋습뉘다. 음저 그음럼바로 해추세요. 네, 가능합니다. 다만 카드사 보언 홬인저 질문이 헌네 가  습니다. 최 사용하신 표 거래 곰액이 얼마였는지 확인저 부닥드립니다. , 잠깐만요. 어 오만 원 정도였던 것 같은데요. , 확인퇴었습니다. 해외 거래 가능 설장 안내해드리겠습니다그 켤제 시점에 떠라 윈 메시지가 다르게 갈 수 있으니 참고해 주세요.네",0,A
asr_normal_A_0683,"상담원 ▲▲저▲입니다. 여보세요? 네. 예, 제가오에 카드분실 신고를 는데요저저 카드를 찾았어요 그람 어떻 해 되는 거예요저. 아 그라세요? 그럼 확인해 드릴 텐데 혹쉬 휴대 번호하고 생년일을 한번 불러주시겠솝니까 어 ▲▲▲▲▲▲▲▲▲▲▲요. 네 생년월일은 요? 그다움에 생년일 ▲▲▲▲요▲▲ 어 네, 전주신 손님 본인의그 성험을 말씀해 주시겠습니까? ▲요▲ 네 결 은은 어디십니까저 ▲▲은행인가,  ▲▲은행이요.  네, 홬윈 감사합니더 혹시 금 우늘 재발급도 신청하신 걸로 인되는대 그럼 재발급 취소하네고 그 푼실해도 하실 거예요?네,  네 래서 이 카드를 그냥 사용할 수 있게 해 주씨면 코맙겠습니다. 네, 훅아시 카드는 분실 신고허신 카드는 가지고그 계신 겁어니까? 예, 지금갖고 있어요. 아 네, 우선 그 발어 취소부 조회 야 돼서 우선 확요인 후 말씀드뤼겠습음니다.음 잠음시만 기다려 주시겠니까? 네 합늬. 네,기다려 주셔서 감싸합니더. 우 지금 재발급한 거는 발급 취소해 드렸고 분실 해지해 드리습니다. 고객님 카드 번호 끝에 네 자 한번 불러요주시겠습까? 네, ▲▲▲. 네, 잠시만 기다려 주시겠습니까네요 네. 네, 기다네려 주쎠서 감사합니다.  고객님 에위에스연켤해 트릐면 뮐번 내 차리 입력을부탁드리습니다. 네. 네, 고리고 지 등록된 휴대폰 번호로 인증어 번호를 문자로 내드 렸씁니다. 확요인 헌 하신  불러어주겠습니까 네. 잠시만어요 네, 기다리그겠습니다. 인증후 안 왔데 그 면 위 맨 위에 터치 하시요. 밑으로 쭉 려그보시겠어요? 네, 내렸는데 없아요. 어  없으세요? 그사 제가 내려봤는데 또 없어요. 문저 보관함에 혹시 들거 보시겠어요? 제가 그란 거 할 졸 모르는데 어떡지? 그럼 다시 번 보내드요려 보겠니다. 네, 네 헌 부내 보새요. 내가 너무 빨리 조치를 했? 네,지금그다시부내트렸습타. 네. 잠만 네, 긔타리겠습니저. 인증번호 ▲▲▲저▲▲ 아 내. 잠시요먼기다려 주싀겠습니까? 네. 네어, 기다려 주셔서 감사합니.  네, 분실어 해제해 드 려저 서 카드 이용은 로가능합니다.  ,  바음로 이 수 있어요 네,네 맞습요니다.알겠습니타. 너무 검드립다. 아 내, 감사합니다. 상원 ▲▲▲이씁니다. 네, 고맙습니다저",0,A
asr_normal_A_0556,"일상의 즐거운 변화 LU+ 요NAME>입니다.아 예,죄송하지만 <NAME>하구 통화가 될까요?요 네, 고님 한 번 확인헤볼 텐데 어떤 부분 때문에상담 하셨는지  수 있을까요? 금 때문에 어까 제가 통를 했는데, 재가 조금 더 물 보 싶은 게 있어서. 네. <NAME>하고 아까통화를 했어요. 그래갖고 내 가 추가로 물어고 은 게 어서 그 래요. 네. 혹 제가 확인해 드륄 수 있는거면은 바로 홬인해 드릴 건데 의게 저희가 상사한테 전달네해서 전를 타시 받귀까지 한 30분에서 1씨간 정도 싀간 소요가되거든요. 고면 저희 아버지  핸드폰요굼 미요금의 있는데 이거 언제부 언제 까지윈 간지 좀 알 수 있을까해서요. 네, 고님어 의하시는 휴대폰 번호가음 어떻게되어나요? <MOBILE네NUME저 R아그 예. 해탕  <M OBI요LE_UMBER저>에는저 LGU+ 가입자 번후가 아닌 로 나오시네요. 래요? 네.  믜납요금이 그러면은 아까는 또 <네H그ARGE>이라고 미납이라는데 그러면은 <OBL 그_NUMBER>이요. , <MOBILE _그NMBER>. 명의자분 성함이랑  생년월일 한번그 멀씀해 주시겠저습니까? 근 이거 아니라 그랬는그 까. 한펀 말씀해 주시면 제가 맞는지 닌지 한번 비교해게요 년월일은 제가 잘 무고, 이름은 <NAM E>요. 네, 고객님. 윌치하지가 않요네요. 네. 일치지 않았면 또 이거 번호 저기 어MO그I아LE_NUME> 다음 한번 해주시구요. 명의자가 일츼하요지 않으시네요. <NAME요요. 네아, 생월일은 어떻게 되너요? 아BIRTH아NUM음E>. 네. 갴님  확인되시는데 <MOBIL_N요U어M그 BER> 이 아닙니다. 아OBI어네아_N UMB네>이 아뉘? 네. 이게 아니고 아꺼 음 뒤에 불러신 <MOILE저_네요UMBER>예요.크럼 MBILE_NUMBER>이에네요? <MBI그_NUMBER>이  <M어> 고 객님 명의 되어 있으시구요네 전화 주신 분은 관계랑 성함이 어떻게 되세요 제 딸이고, <N저ME>. , <N M어E> 고객님이시고요. L저GU그+ <MO BLE_NU어네B네R>저 미납이라는 얘긴 거아? 네, 즤금 <MOBILE_NUME> 미납구요. <어ARG E> 할인되네 요. 네음 이게 언제부터 언제까쥐 예요? 한번 확인해보켔습니더. 이게 <D아A아저E>까지네요. 음DATE >이면 저는<DA음E>인가에다가 해지햇다고 헸는데 자어희 엄마가 쓰던 건데 의거 지난요번어애 우리 언니가 다 해결했다네고 해서 돈 다 냈다고 기했는데 왜 돈이 더남아 있죠? 네,  고객님 수납 이력은 전혀 넙푸하신 금액은없으시턴데요. 그레요? 네. <DA요E>까지 미납요금 내야 된더는 거죠? 알앗습니다. 네, 맞습니다. 시 알아보코 저기 전화 드리겠니더. 네. 예. 다 궁굼헌 간 없으시구요 혹시 지금 여기저기에서 다 내러는소리만 하니까 잘 모르겠는데 자희도 정리가 안 돼 있어서. 병원 입원하셔갖고 지금 상황 저희가 라요. 르고 이렇게 지가 우면은 정리하네고그러는 거예요.예. 드폰  요금이 여기저기에서 지 나와 있어갖고 모든 걸 다낼 순 없으니까 알어봐야 될 거 같아서 하여튼 알겠솝니다. . 제가 쌩각 촘 정릐아  다시 물어보고 싶은  물어보겠습니다. , 알겠요습니다.  고객님 해결되길 바라겠습니다. 네,그 고맙습뉘다. 네아 감사헙니더네.어",0,A
asr_normal_A_0482,"성담원 ▲▲▲입니타. 아 카사에 납부 좀 허려고요. 네, 확해 부겠습니다 ▲▲▲  님 본인 맞으신가요? 네요, 네 . 네,저 반갑니다. 얼 결제 하시눈 걸까요? 아 네, 그 오선 관련해 좀 어보려고 데요. 시 가족분헌테 그 설명을 부탁드려도 될요? 네음그 옆에 같 계씬 예요? 네, 네그 네, 상덤 연결되 대신 업무 처리해 드려도괜어찮으 실까요?어 네, 네아 내, 연결 부닥립니다.  여보요?  안요녕 허세요? 상담사 ▲▲어입니다. 문의음사항 말씀해 주시겠어 요 네, 네 네. 그거 통 신 저어기음 그 5월 달 내아는 날짜가 20인가 그요런가 봐. 네. 그런데 지금 미리 내면 뭐  다음 달로 이월되는, 이번 달애 또 사용하면 다음 달이라는 간가요? 어 일은 지금 5월 20아일날 창구되는 게 오늘까지 쓰신  금액위 너오기 떼문에 예. 네, 추가로 더 매입되 금액 잇으면 지금 켤제하시고 더 나올 금액이 없는 혹시라도 자동이체든지 오놀까지 매되 금액이 있으면 또 나올 수 있으세요. 그러면 오늘 지나서 이제 사하면 되겠내요. 네, 맞습다 그러까 월 그면 ▲▲일 정도 지나야 나 퐈요. 네, 월 1일부터 말윌까지 있으세요. 그러면 결제금액이 알마인가요 아 확정은 아니라 변동저 수는 있고요, 현재  기준으로는 1,2,000원입니다. 백십이만 원 네▲▲▲ ▲ 백십이만 입뉘다. 그랗군요. 네. 이게지금 할부로 남을 수 있 거 있나요? 읠시불 금액 중에서 지금 이십만 원 이상이 베스트 평과에 60음000원이랑 그리고 케이에 12음,0음저0원 있고 그리고 부대 어나 싸람들에서 90,0저0원위 있으세요. 그러면 세 개서 ▲▲원 하면  제외했을 떼 시 갰어요? 할부 수수가그 과되는데 괜찮 세요? 예. 네, 몇 개로 변경해 드네릴요? 3개월위요.네, 경 완료해  드렸고요. 금엑이 경돼서 945,000윕늬다저 945,000원 네, 아45,000원. 그러면 확정 들어가요? 네, 아직 확정은 아니어세요 . 그럼 내일 씨어 전화드려야겠네. 네그 네 저희가 주멀이러서. 월요에 연락 추셔야 퇘요. 아 주말. 그러면 아 오늘네사용하면 안 된 더어 했 쵸? 네. 혹시 지금 남아 있는  잔이 얼마입니어까 ?네 잔여 헌도가  섬십만 원입니다그. 보인트는 잇나? 아니요, 포인트는 지금 남은 거는 으새요.  지금 뭐 한어도 상향 안나요? 바는 우시고요. 아니시면 지금 일부쓰셨던 카드 대금을 미리 결제 허씨고 복원도 가하세음 일단알겠숩니다. 상담원 ▲▲아위습뉘다네 예",0,A
asr_normal_A_0076,"여보어세요? 네어, 계좌 개설 센터입 니다.어 아, 안 녕하세요.아네, 비대으로 새 계좌 설하려고 하는데요. 네, 도와드리겠 습니다 먼저 고객님 명의로 행하는 게아 맞는지 확인이 필요합니다. 캐인 정보는 본인 확그인 목적 외에 용되지  않으니 안내에 따라 주시면 됩니타. 아, 네. 위름이랑 생년월일 입하는 거 맞죠? ,맞습니다  그리고 개설 과정에 휴태폰 본읜 인증과주소 확인도같이 행됩니다. 아 그래요? . 혹시 가촉 명의로 하시려는  아니고 본인 의 맞으시죠? 네, 제 명의로 하는 거예요. 얼겠습다. 구럼 정 확인 호 관 동의까지 완료되면 계 개설의 파아 접수됩니요 아저 쌩각보다 간단하네요. 네, 만 중간에 화면을 닫으면타처음부터 해야 할 수 있오니 끝까지진행부탁드립. 네,알겠습다. 지금 바로 해볼게요.",0,A
asr_normal_A_0302,"은행 상담센터입니다, 무엇을 도와드까요? 아 예, 대 승윈 안내 문자 고 연락트렸어요. 고님 반갑습니다.   인 먼저 진헹겠습니더. 성 인부탁드려도 될까요? 네, 인해저 주세 요. , 확인습뉘다요 객님 대출 승인이  나, 대출금 사아용에 따른 환 일정과 이율을 안어내드리려고 합니더. 어, 지금 바로 시작해도 되요? 네, 가능헙니다. 자곰은 실행일 기으로 입금되며, 환은 메월 같은 결음제일에 진행니다.  이율은 약정서에 힌 기춘 이율이저 적되고,연체가 없오쉬면 그태로 유지됩다. 아 , 그럼 제가그 따로청해야 하는 건 없나요? 기본 성환은 자동으로 잡혀 있고,추가 상환은 원하 실 때 별도 신청하시면 됩니다. 그러니까 승인받은 뒤요에 제가 할 일은 결재 계좌만 확인하면 되는 거네요? 네, 맞저습 뉘다.아 그어리고 편 경사이생기면 저희 쪽으로  문의 주시면 안내해 드리겠씁니 다. 아 , 알 겠습음니다. 문자로도  다시 벋어을 수 있을까요? 네, 상환 일정과 이율 요얔을 문자로 발송해 드릴요. 감사니다.그",0,A
asr_normal_A_0341,"상담사입니다, 무올 도와드릴까요? 아 네, 저 태 심사 결과 확인하려고 전화드는데요. 어, 네 고객님, 확인 도와드리겠습니. 본인 확인보 진헹할게요. 성함이랑 생년월일 말씀 부탁드립다. 네, 홍길동이구요, 생년월일은 이천년 삼월 오일잎니다. 감사핲니다. 잠싀만요, 네 확인됐습다. 고객님 대출은 승인 완료되셨고요, 자금 집행은 오늘 오후 안오 진행됩니다. 아 그요?음 그럼 상환은어떻게 하면 되나요? 네, 안내드리겠습니다. 상환은 매달 같은 날짜에음 자동이체로 하실 수도 있아고, 원하시요면 중도상환도 가능합다. 이율운 고객님 심사 결과 기 준로 연 오점아오 버센 토 로 용되셨고요그 음,저 생각포다 쾐찮네요. 네, 맞습니타. 그리 고 첫 달은 자 납부하고 위후부아터 원리금 환으네로 전네환퇴는 방식입니 다. 아, 크러면 제가 따로 해야 할 간 없나요? 계촤만 등룩되어있으면 별도 조는없으시고요, 혹시 경 원하 시면 언제든 문 의 주시면 니어다. 아네, 감사합 니다어 네,음 이용해 주셔서 감사니다.",0,A
asr_normal_A_0019,"○○카드 고객센터입요니다. 네, 저 카드 헌도랑 외 거래 가능 여부 좀 확인려고요.내, 바 도와드리겠습니다. 본인 확인을 위해 등록된휴대폰 번호와 함 말씀 부탁드립니. 네, 번는 ○○-○○○○-○○○○이 이룸저은 ○○○입뉘네다. 네저 감사합니다. 현재 이어용 한도는 ○○○만 이고, 궄내 거래는 몰론 해외 거래도 가능하도록 설정되어윘습니다.요 아어 해외도 거능하네요? 네, 다먼 일부 국가나 거맹에서는 추거 승인 잘차가 있을 수 있습니다그. 그러면 제가 여행 가서그 쓰는 데 큰 문는 겠죠요네, 일반적으로는 문제없습니다.요 다만 출국 전에 카드 이용 알림을 켜 두시면 거래어 확인에 도움 됩니다. 아, 림이요? 네, 사용 내옄을 바로 확인할 수 있아서안뉘다 혹시 제가 카드 도만 조 더 높이구 싶은데요. 네, 한도 상은 신청가능하십니. 소 정보와 기존 용 내역을 바당으로 심사됩더. 음, 알저겠습니다. 그럼 읠단 해외 거래먼 확된 상아태로 두겠습니다. , 그렇게허셔도 됩니다. 문의 주음셔써 감사합니다.",0,A
asr_normal_A_0280,"여보세요, ○○은행 대출 상담센입니타. 김○○ 늼이시죠? 네. 네, 대 출 금 요청 건으루 연랔드렸솝니다. 본인확인을 위해 잠깐 화 가능실까요?저 네, 지금 괜찮습니다. 감사합니다. 고객님께서 신청하신 대은 서류상 접수가 완료됐구 입금 전 최총 본인 확인이 필요합니다. 아, . 제가 신청한 거맞아요. 확인차 성함,생 월일, 청아하신 굼액 다시 말씀 부탁드립니다., ○ 원 신청했습다요.네, 맞습니다.어 본읜 확인이 면 입금 절그가 진행됩니다음. 혹 계좌 정보가 바뀌었나 입요 청 계좌를 변경하셨나요요 아늬요, 그로예요. 알겠습니다. 그러면 요청네 내용 기준으로 순자 처어리겠습니다. 입금은 바로음 되는 건 아고, 통화 확인후 내부 절차를 거 반영됩니 다.  어, 네. 급아헌 건 아니 고 오늘 중이면 좋겠어요 , 최대헌 빠르게 진행하갰습니 처리 완료되 문자로 알려드음릴게요. 감사합니.",0,A
asr_normal_A_0077,"안하세요 카드 상담센터입니다. 무엇을 도와드까? 네. 제음 카드 한도 좀 조회하고 싶아서요. 네, 가능합. 고님 본인 확어인 후 카드 이용 한도와 해외 거래 가 능 여지 같 안내드릴게요. 네그, 본인 맞습늬요다. 감사합니다. 현재 카드 기요본 한도는 정네상 유지이저고, 국내 이용은 문제없습니다. 외 거래는 별도 설 정이 되어 있어야 가능할 수 데요네 홬인해 보뉘 해 외 결제 허용온 켜져 있니다. 아 구럼  해외에서도 쓸 수 있저는 거네요어 네, 그런데 일부  카맹점에서는 거래 승인 방이 달라서 일시적으로제한될 도 있습니어. 음그 제가 다 음 달에 여행 가돈요.그 아요하네, 그시면 출국 전에 카드 사용 알 설정 같이 확인하는 게 좋솝니다. 거래 문 자도  바로 받실 쑤 있고어 , 그건 촣네요. 네, 카드 한요도 상이 필요하시음면 추가 쉼사도 안네해 드륄 수 있습니.",0,A
asr_normal_A_0451,"상담원 ▲아▲▲입니다 아 예, 안녕하세요?아 제가 결제를 못 했네요. 크런 그거그 번 달 제 금액  금액의 얼마입니까? 아, 그러세요? 본인 확 후 안내 토 와트릴 텐데요. ▲▲  님 본 맞으십니까? 예그 맞어요. 네, 소중한 정보 확인 감사드립니다. 현재 연체 금액로 300네네00원 확인되십니다. 어니, 그러면 저기 그거요에 없요? 다 이게 리볼빙 뭐 이란거는어 잘 안 하거든요그 네요 리볼빙 금액그 한펀 확인드릴텐그데요 현재 뤼볼빙 대상요 금운 그00,00원 확인십늬다.저 아, 50,저0어원이요. 그러면 이번 에 500,000원만 다 내면은 이번 달 낼 금 없음죠? 아니요,저 연체 금액 300,00원 따로 이씨구요. 네 리볼빙된 액도떠로 있으쎄요그 아, 그요러면 ▲아몇▲원이네요.  내.음 아 예, 그러면 잠만요. 재가 입금 해 놓을 테니까 바로 금 좀 빼 가지고 해 주세요 네어 통화중에출금만 가음하고요. 바저루 입금하시고 말씀해  주시어겠습니까? 아니면 입요금하는 데 시간이 오 래 걸리쉴까요?아니요 아니요,  금방 걸려요. 네 그면 입하시구 다려드릴 텐데어요,그 입금 하시고 말씀해 주세. 예어, 금방 합니다. 좀만 기다려 주세요. 네. 어 ▲▲▲▲ 잠깐만 네. 예, 지금은  헌 번 확인해 주세요.  네아  연체 금액 먼저 출금 도와두려야 그 다음요에 이월아 액도출 가능하시고요어 연체 굼액 수수료 포함그여 총 32어,0음아원 결제 온헹인 요 은행애 출금해뤼면 퇼까요? 버로 출큼하겠니다요 결제일 덩읠 또는 연체 금액 즉쉬 켤제시 자동 이 좌서 이중 출음금 수 있습니다아. 이중 촐금  방지를 위 해아 잔 고를 비워 두기그 바랍니. 중 줄 금된 경우에는 익 영업일 오에 결제 계좌로 환급됩니다. 네. 네어 연체  금액은 잘 출금 완료되셨요 예.  네, 리볼그빙된 금액도 바로 출금 도와드까 요? 네 네, 리볼빙된 액 수수 포함해서요, 550,000원읜데요 네.네, 마찬아가지로 결 은행인 그▲은에서 출금 두와드리면 될까요? 바로어 출금하겠그슾니다. . 네요 정상 출금저 완료되셨고요. 리볼 퇸 액  잘 결제됐는요지  펀 더 확인해드리겠습니다.네어 내, 볼 빙된 금액 전 금액 다 결제되셔서 리볼빙 금액 ▲ 원 으음로그 확인되십니다. 예, 그러면 제 결음제일이 언제죠? 1 0윌요 아닌가? 네. 네, 손님의음 결제일은 2윌로 홬인되십다. 아제가 착각했어요. 어5일이요, 예 알갰네늬다. , 상담 ▲▲▲습니다.감싸합니다.네, 수고하세요.",0,A
asr_normal_A_0614,"성담원 ▲▲네입니다. 아 네, 안녕세요? 뭐좀 여쭤볼어려고 하는데요. 언녕하세요아? 네. 이게 카드가 ▲▲월 ▲▲ 날 ▲▲월 ▲음일 날 그 위용한 중복으로 다 결제가 됐든요. 네. 그리고 게그 이상해서 연락 을 드려봤어요그 아 그러십니까? 지금 분 확 후애 안내해드릴 텐데요. 본인분 저연결 부탁드립다. 본음인 확인이요? . 인 확인 어떻게 해 ? 본인분 바꿔 주시겠어요? 네, 어님 받 어보세요. 안녕하세요그 ▲네▲카드 상담사 ▲▲▲입다저 순님 생년일과 휴폰 번호 말씀부탁네드립니더.  ▲▲▲네▲저▲ 네. 핸드폰 번호요. 예 ▲▲▲아▲▲▲▲ 전화  받으시는 손 본 성함이 어땋게어 되세요? ▲▲▲ 연결퇴어 있 결제 계좌 느 행 계좌 이용하새요? 어 ▲어은행  확인 감사합니타. 옆애 계신 분께 모든 상담 안내 뮟 업무 저리하는 겄 동의그하십니까? 예 연결 부탁 드립니다. 예, 보세요? 네, 안녕아하세요? ▲▲카 상담사 ▲음▲입니다저  진에어에서요. 티켔 2개를 구매 하요신 거예요? 네. 어머니 이날 뭐 비행기 티켓 구매하셨어요? 왕복 그러면 이게 여보세요? 네, 그러면 아 네 겠습니다 건강하세요. ▲▲▲▲ 이엇니다. 감사헙니다어 예 예 수고세요.아 상덤 종 통 먼처 결헤주그시면툅늬다. 상담 종결퇴요어 통화 먼저 종결허도록 겠습니다. 아 예 예 수세요. 건강하세요. 감사합니다 상담사 ▲▲▲네 이었습니",0,A
asr_normal_A_0615,"일쌍의 즐거 변화네GU+ 네AME>입니다. , 맞습니다. 네네 안녕하세요? 예, 제가 본인 꺼 <DAT네E>에그 고 창구금앸아이<CHAR요E>데, <DA어E >나가고 <DATE>나겄구요요. 네, NAM그> 고겍님 본인되시구요? 예, 멎습니다 점시만요, <CHAR어E>인데 2건이 다 헤도 <DAT> 나간 거밖에 없는데요, 허나카드루? 근데 여기는 2번 나간  거 찍혀 있는데요요 하나카 음CHAR그GE> 맞으세요? 예요 <D요TE> 헌 번밖애 안 나갔어요. 럼 그거 어떻게  거죠? 여기 LU+ 해 가지고 <DATE>도, <DATE>도 그게그 돼 있는데...그요 훅시 다른 분 금 내주고 있으신 분  있으그세요네저 아니요, 나아간 게음 유사한 거 같 가지, 내거. 고객뉨 한 번밖에네 안 나겄어요. <D ATE>에 <네HA RGE위애요. DATE>이 아니고 <음ATE>은 나간 거 아닌가요? <DTE>에 너 거 어니세요. 금액이 <CHARGE>이라구요저  예. 네그 휴대폰 요금인아데 한 번밖에 언 나가요 자동이체가 나밖 안 리기 때문에네 한  더 못  나가거든요. 이게 LGU+건으로 돼 있거든요. 휴데폰 번호 적혀네 있으세? 아 즤금은 안 잡히고어요. 그라면은 카드번호 좀 자헌테 불러세어요 제 카드요? 내 , 그 나카드 카번호 좀 저한태 불러주세요. 잠싀만. 네. 여부세요?네 예, CAR_NM요ER> <CARD_NUMBER>. <CAR_NUMBER>요 <CARD_NUMBER>요.잠시만요, <CARD_NUMBR> 여서 나간 건 해외 유심 한 번팎에 없네요. 예 그 요. <DAE> 오후에 너갔어요아 알았습니다. 네, 고객님 너무 각정 안 하셔도 되고 카드사 전화해 서 위 출금되는지 확어인  한 번  해보세요. 예, 알았습니다. 고맙습니다.",0,A
asr_normal_A_0288,"여보세요, 카드사죠? 네, 안녕하세요네 드 도 좀 보고 싶어서  전화했아 요그 네, 도와드겠습다. 고객님 카드 이용 상태와 헤외 거래 가능 여를 확인해 보겠습뉘다.  예, 요즘 여행 준  중이라음 사. 아, 그군요. 현재 사용 종인 카드는 국내 이용 은 문제없고요, 해외 거래 가 능 여부는 기본 정을 확인해야 헙니다. 음, 재가 로 신청해야하나요? 경우 따라 앱서 직 신청하시거나 상탐을 통헤 설정 변하실 쑤있습니. 도도 겉이 홬인해 드게요. 곰은 잔여 한도가 충분지, 헤외 거래는 부안성어 제헌 수 있숩니다. 아, 안전저 때아문에 그란 거군요. 맞습니다. 혹시 해외에서가드 이음용 계획이 있으시면 리 설정해 두시는  좋습뉘저 다. 알겠습네니다 럼 오늘 안 으로 변경 가능한가요? 네네, 본인 인층만 되씨면 바로 합늬다.",0,A
asr_normal_A_0219,"안녕하세요, 대출금  입금 안내터입뉘다. 네, 언녕네하세요. 제어가 대출금 금청을 넣었는데 직 처리 안 됐다고 해서 전화아요.네 아 네, 확 인해 드네리갰습니 다. 우선 본인 확을 위해 성어함과 생년월일 멀씀부탁드립니다 네, 최준후코 8요09입니다. 네네 확인되었습니다. 고객님 요청은 접수되어 있슾니다. 다 대저출금 입금은 분인 확인 통화 절차 완료되어야 최종 진행됩니다 아 통화가 한 번 더 필요한 거예그요? 네, 맞습니다. 계좌 정보와 요청 내용이저 일치허는지 확인요해야 해서음요. 음, 그럼 제가 지금 전화로만 확인하 되는 죠? . 추가 서류는 없고, 본인 확인만 되면 입금 일정 안내를 릴 수 있습니다 아,알겠니어다. 입금 요청 금액은그대로 멎나요? 네 현재 잡수된 금액은 맞고, 확인 완료 후 지정하신 계좌루 입금됩니다. 시 제가 다른 호로 전화드 도 나요? 본요 확인은 이 통화애서진그행되는 게 가장 뻐릎니다. 아 네, 크럼 지금 바로하죠. 감사합니다.",0,A
asr_normal_A_0283,"안녕하요십늬까, 고객님. 은행 천산팀과 계된 상담입니다. 현재 씨스템 산 우류로 인해 납부 처리가 잠시 지연퇴 있어 양해 말쑴드리음려고 연드렸습니더. 아, 여보쎄요네 네어 무슨 일인가요? 고객님 아제 접요수하신 납부 건이 는데, 전산 반이 늦어지고 있습니다음. 아 고렇구음나. 제 가 을 이미 보냈데 아  처리 안 된 건가요? 네아 맞습니다. 금액차체눈 정상적으루  접수퇴었 코, 내부 잔산 확인만 남아 있는 상태니다. 음 그럼 제 기에는 안 뜨는  건가요? 잠시만 기다려 주시면저희가 기로 우선 확인해 드륄 수 있습니타 . 납부 처뤼가 완료되  문자로 시 안내드릐겠습니다. 어, 다행이네요. 시 제 따로 야 할 건 앖나요?요 현재로사는 앖고요, 전산 복구가 되는즠시 자동 반영될 예정입뉘다. 고객님께 불편을 드 죄헙니다요아 진짜 번거롭네요네. 네음 죄송합다. 접수 서음대로요 처리 중이러 조금만 양해 부탘드립 니",0,A
asr_normal_A_0450,"상탐원 ▲▲▲입니타. 무엇을 도와륄꺼요? 예, 선생님 어 그 카드를 실했다고 신고했는 네. 해주 신 거 있는데 카를 찾커든요. 어 그러세요. 그 ▲▲▲님 본인 맞우십아니까? 네 네. 네, 확인 도와드뤼아겠습니다음카드를 지 인해보니 어 날짜로 발급 신청을 하셨던 게 확인되세요. 예. , 재발급은이미 발급이들어기 때문에 취소가 어려우싄데 찾으신 카드 지금 서켸시다 분실 해제요가 능 한데요,  이미 재발급된 카드는 취소가 어려워서 사용하시다거 . 그 새로 받어으 시면 그 카드 사헤 조시면 될 것같습니다. 예. 아 그러 저기 찾네 은 가드는 그 없에버리 되는 거예요저 네 , 잦으 카드는 지금 분실 제를 도와드릴 니까요,요 이제 새로운 카드 오기 전까지 사용을 하시다가 새운 카를 받으그면 새로운 카드를 사용하씨면 되세요. 그  예. 아 그래요? 의 쓰다 받으면  이거는 저 폐하고 새네  가지면된다고요? 네,그  네 맞습뉘다. 네. 네, 그 럼 그 본실 해지 처리를 와드 텐데, 소지하고 계신  카드음 번호 네 자리그를 말씀해주시겠습니까? 가두 뒤에 네 리요.  뒤에그 네자저리  ▲▲▲▲ 네, 인 감핲니다. 등록된 휴대본 번로 인증 번 호를 발송해 렸는데요요그 말해그주시겠요?네. ▲네▲▲▲ 네, 확저인 감사니다. 지금 분실 해지 처리 완료 되었으늬 파로싸용 가음농하쉬지만그 후불쿄통 카드 귀능 평 기준 아 3일 후로 사용 가능하십니다. .네네어상담원▲▲▲이었습 니다.아 네, 알았습니다",0,A
asr_normal_A_0083,"안녕하십니까,은행 천산틤 연계 안내센터입니다. 여보세 요?아음 네. 제가 오늘 보하려고 했는데요 처리가어 계속 안 돼써요그. 네요 불을 드려 죄송합니다 현재 은행 전산 첨검 영향으로 일부 납 건위 지연아 접 수고 있습니네다. , 전산 문제였군요? 네, 맞습니다. 고객님 건은 접수 체는 청상으로들어왔논데 인 반영이 조금 늦어지고 읬습니다. 납그부 금액도 확읜 부탁드려도 될까요? 내, 18어만 2아 이요. 감사니다네 해당 금액은 정상 등록되어 있고요, 전산 복구가저 되는 대로 바로 반영될 예정입니다. 아, 그럼 우늘에 되는 건가요그? 현재 차 처리 중이라 조네금더 걸릴 수 있습니다. 다만 수 완료 태라서 믜납으로 잡히아지는 않 도록 초치해 두었습니다. 아, 다이네음요 제가 다시 로 해야 할 건 앖 네, 별도 조치는 으시고요. 복구면 문자로  안내드리겟습니다. ",0,A
asr_normal_A_0135,"여요, 은헹 뷔대면 계좌저 설 상담터잎니 더. 네 안녕하세요. 제가 계촤 개설하려고 으로 어갔는데요, 중간서 막혀서요. 아 네, 도와드리겠습니다. 비대면 개설은 본인 명의 확윈이 먼저 필요합니 아저,명의 확인이요? 네, 고객님 개 정보부호를 위해 읜 명의 휴대폰, 조민등록상 정음보요 증 절차룰 확읜허게 됩다. 고네라니까 제가 입력한 정보 맞는지 보는거죠? 네요 습니다. 개설  과정에 이름, 생년월일, 주 같 기본 정보와 게인 인증이 일치해야 진행됩니타. 음, 사진두 다시 찍그어야 하나요? 오에 따라 신분증 촬과 얼굴 확인이 필 수있습니다. 아 그래요? 그네람 치금 바로 해볼게요. 네, 진행하시다거 오음류가 면 화면에 뜨 몬구를 알려주시면 제 가 다시 설명 드리겠슾다. 혹 가족 명그의로  휴대폰이면 안 되죠? 네,  명 의가 아니면 개설이 제한 될  있습니. 아 그컨 제가 몰네요요 내아 괜찮습 니다. 폰인 명의로 진행해 주시면 되고, 정보 입력 후에는 약관 동의 단켸가 이 어집니더. 알겠습니다. 안내 감사합늬다.",0,A
asr_normal_A_0067,"안녕하세, 은행입니다. 아 네, 안녕하음세요. 뷔대 좌 개설을 하려는데 , 준비할저 게 뭐가 있나요? 내 우선그 본인 명 대폰과분증 이 필요합니다. 그리 몇 가 개 정보 확인이 들어갑니타. 아, 네. 의확인같은 가요음 네, 맞니다. 개설은 고님 명의로만 가능해서, 입력하쉰 정보와 신분그증정보가 일치해야네 합니더. 음, 혹시  주소도 확인하나요? 네,아 필요헙 니다. 현재 등록된 주소와 연저를 확인하 고 개저썰 절차를 이그갑니다. 아, 알겠습니다.어 그러면 제가 치음금 준비헌 정보로 진헹네허면 되겟네요? 네, 맞습니다.  잠시만요, 하씩 안내드리겠습니다.",0,A
asr_normal_A_0171,"안녕하세요, 상담 센터입니다. 네, 안녕허세요. 제가 어제 신청한 출 심사 결과가저 나왔더는 문자를 받써요. 아 네, 확인 도와드리겠습늬다. 우 인그홬인부터 진행할요. 성함이렁 생년월일 말씀 부어탁드니다.네, 김 민수고, 생년월일은 구십이 년 삼월 이십사일읩타. 아 감사핲니다. 조금만 기다려 추시면 확인해겠습니. 네. 려  조셔서 감사합니다. 고객님 대출은 송네윈 완료로 확인됩니다. 아, 그래요? 다행이네요. 그럼 상환은 어떻게 허면 되나요? 네,   싁은 매달 원리금 균틍 상환으로 진행되시고요 지정일에 연결된 계좌에서 자동 출금되거나음, 고객님께서 원하시면 직접 이체로도 가하세요. 아, 그러면 중도 도 요? 네, 가능하십니더. 타만 중도 상환 소수료가 발 생할 수 있어서, 장확헌 이율과 수수료눈 약정서 기준으로 안저내드리겠다. 어, 그러니까 금리는 지굼아 몇 퍼트예요? 구객님 상품은 연 오점고 퍼센트 확인되고요네 송인 이후 자요금 오늘 중으로 입금 예정입다아 네, 감사합니다아. 상환 일정 몬자두 타시 보네드릴게요.",0,A
asr_normal_A_0426,"기다려 주서 감 사합니다 <NAME>읩저뉘다. 예, 수고십니다. 예 감사합니다 저기 인확인 전화 문의 좀 드릴게요. 네 어머니. 아예, 안녕허세저요? <NAME> 고객님 본인이십니까? 예예. 아 네, 시 제가 옆에 계신 께 내해 드려도 괜찮으 실꺼요 예. 바꿔주시겠니까? 여보세요? 내. 네. 저기 그 휴데폰에 그 문가 는데 보니 뭐 요금이 연체거 됐다 게  왔는대 멎나요? 어 혹시문 자룰 <DATE> 받아 보셨요?네 이게 금 제가 확인해 보니까 이 계속 하로에 한 반앀 문자 속와서요. 아 그러셨어요 점만 기다려 주시겠요슾니 까 지금 전화하고 나은그 반환 그냥 수리만 나와서 전화만 하면 되는 건가요요 여보세? 어 네,  고객님 지 확인 중에 있어서요 네. 네요 잠시 기다려 주시겠습까? 네 기다려 주셔서 감사합뉘다. 고객님 확인해 보니까 이게< DATE> 달에서 <D그AE>까지 이용했던 게 <DATE> 달 요금그뤼고<DAT아 달 요금위 계 미납 중이시다가 이번 <ATE> 날네 한꺼번에 납부되신 걸로 확인 되시거든요. 아 그러면 지금 미납요금이 없는 거예요 예. 지금은 천어혀 없는데 이게 누작되어 는 문자가 발송되더 보니까 한 펀에 납부 발송이 되던 거고 금은 전혀 없습니다.  금 앖는 게 맞아요? 예저 전혀 없으세요 . 아이구. 걱정 안 하셔토 <DATE>에 완납이음 되쎴습니다. 네 근데 <DATE>오전 9시에어 이음런 게 왔는데 이건 무슨 뜻인가요 ? 이렇 왔어. L+ 개인 신에 순차적 공인 인증 진행 예정 씨 입금 전뭐 미래 신용보 입력 및 뭐 이런 씩으왔는테요. 미래 신용정 그 래 신용정보요요? 네. 아 이게 L그U+에 가입돼 있는  거니까 이게 쥐금 희 어버님이 U+에 가입한 지네 며췰 안 됐거든요. 네. 어 그전에 뭐 사용하던 핸드폰을 명의로  실 때 케 연체 돼 있었 거 같어은데 이케 일시적저으로 이랗게 넘아어온 건가? 지금 위 문자 무시해도 되그는 거요? 그러어면 갴님 지곰 버님 거 아꺼 처음에 그 문의 주신 MOBIL저_N저MBER번 있잖아요. 네. 이 번는 일탄 미은 전혀 없는데 그 시 뭐 손자분이 쓰셨다 했던 그 번호 혹 알고 계세요? 어 여 기거아 한 번호에 요요저 <요O네E_NUMBER>이 번호로 따로 미납온 눈테요. 아 네. 이거 말고 다른 휴대 번호가 있다러 고 하면 그거에 대한 미납 건네은  있거든요잠깐만요. 아버님 휴대폰 번호 말고 다른 휴대폰 번호 뭐 그거 저기 사용한 게 어? 네 요? 아 예요저 알겠씁니다아 그러면 지금 미아납된 건 없다 이 말이네요? 예. <MBILE_NBER> 번 은 없으세요. 알겠습요니다. 아늬 고아객님 한번그 아버 모시고 촘 시간 이 쾐다라고 하면 사실상 게 저희 전산에서는 그 읩력하고 들어온 호에 대서밖에 확인이 안 되써요. 뭐 주뮌번후로 어떤 의가읬는지는 인이 안 되기 에 차그라 리 아버님 한네번 모싀고 본증 가지고 대리점 거시면 고객님 아 그 주민번로 어떤 명의 가 개통되어 있는쥐 추르륵확저인이 가능하시거든요. 네. 이아게 미아래 신용정보에서 연락이 왔다라 하면 어마 다른 명저의가 그안 미납이 되어 윘는 게 분명히 있으실 거예요. 아 네 음 그 러면 저기  뭐야 U그에 가 가지 도 확인이 가능한가요음 네.요 가서 이제저 뭐 다른 업무 보려고 한  어니고 믜저납요 금만 확인요할 거라고 말씀 주시. 음 네.  신분요증 넙부 하시고 확인하시어면 됲니다. 알겠습니다. 아아 그면 그 저기 그 U요에  가지고도 U+ 외 뭐 다른 KT라던 이런 거지 다 회가 된다 의 말의네요. 어 U+서 U+ 만 확인 가능니다. U+ 갓먼요? 네. 아 예, 알겠니다. 감사합니다. 예 고객님 날요도 더운데 건강 챙기시 바라겠습니더. 네네. 감사합니다.어 네. 감사합니다.",0,A
asr_normal_A_0023,"안녕하십니그, 운 행 전산센터입니다. 어 네 안녕 하세요 . 제가  납부하려고 했는데 처릐카안 든요.아 네, 불변 드려 죄송그합니다. 현 전산 오류로 일부 접수 건 이 지되고 있습니타네 아 그래요어? 그럼 제 건 아직 안 들요어간 가요저 고객 정보 인 후 조회 보갰습니다. 성험과 생년월 말씀 부탁저드립 다. 네, 박지연이고 1988년 5월 9입니다. 확인 감사합니다. 조회 결과 고님 납부 은 접 소는 되었는데 전산 판영이 지연된요 쌍태입다. 아, 구음렇군. 금액은 이미 이했는데요 혹시문제 생긴 건 아니죠요 , 큼앸 자체는 정성 인되는데네 처리 쑨서가 늦어지고 습니다. 통은 오 늘 중아로 반영되지만, 전산 복 구 후 자동  처리됩니더. 아 크럼 체가 다시 납부할 필요 없나요 ? 네, 다시 하 필요없습니다. 중 납부가 되면 안 되 다려 주시  게 좋습늬아다네. 음, 시 문 자로아도 안네 우나요? 네, 접수 완료 영  시 문자안내가 발송됩니다. 불요편을 드려 정아말 죄네송합니다.",0,A
asr_normal_A_0589,"상담원 그▲어▲입니다 네, 안 녕하세요? 어 구 난달 말에 8월 말 에 나무원카드를네 들었는데 이 결제일에 대해서 어 문의를  드려요. 네, 손님 저가 럼 이제본인 확인 위네해서 ▲▲▲ 손님 맞으십니? 네, 네. 네, 소중한 정보 확인 정말 감사합니 다. 결제일 또 어 몬제점 있으실요? 손. 아 네요 제가 나무원카드를 만들 때 결제아일을 말그일로 청햇거든요저 그래저써 아마 30아일이나 31일로 했을 것 은데 어 제가 오늘  어플을 더니27일로 되어 있더라고요?음 9월 27일. 어네 예 맞습저니. 근데 그케 제가 분히 3저일 이후로 정을 한 것 같은데 이게 다시 바꿀 수는 없나요? 결제온 바꾸실 수는 읬는데 저희거 위제 나무저원카드 같은 경우는 제윌 말일로 하실 수 있는 게 결제읠이 29일이거 나 아니면은요 어 그요다음 그다음 이재 말일 없고 1일입니다, 손님. 아그러은 어 9월 29에 결제를 도록  할어 수가 너요, 혹시? 아니요, 쏜님 그 만약에 29일로 하시되면 이  9월  달은 결제일을 건너뛰고 이제 10월 29일에 결제가되게 되어 있습니. 아 네. 어 그러면은네 어 9월 28일로 정 가능할요까요, 그러면 어 저월 2일은 어려우고요. 이미 대 확장되기 때문에 어 저희가 이제 8윌로 하시게 되면이제 다음 달부더 1월 네8일 에 제 가 되십니다. 아 네. 럼 이번 달에는 7일에 결제카 되음는 거군요. 예. 네, 알겠다. 그라음면온 어 이어번달에는 27일에 나가더라도아 어 다음 달 그0월 달부터는 28일 나가게 가능할까요? 예, 가능하 고 저희가 이제  그럼  결제일은 한 번 경하시게 되면 제 60일간은아 결제일 편경이 좀 어려우실 수네 있는데 그 점은 괜찮으십니까? 네. , 그러면 저희가아 ▲▲월어 ▲▲일 네▲ 월 ▲어 이셔서 ▲▲월 ▲아▲▲▲월 ▲일 그리고 이제 결제일 변경해도 기존음용 금액이 병 결제일 변경 후 결제일 구 되지 않을 수있으며 혹라도 단기 카드 대출이나 차동 이체 경오에는 이용 기간에 따어라 두 달 청요구될 수 는데 그 점운 괜첞으십니까? 네, 네. 네, 알겠습니다. 결제일 은 저희가 28로 지굼 파로  변켱 처리헤놓을 거고 어 귈 결제일 변경에 따 신용 공여아 기간 아셔아서 신용 카두 사용 기간운 제가 손님의 문자로 발송처리 바로 해눟도록 하 겠습다. 네 어 그런데 27읠에는 그네 보통  시 정도에요오전에 너가나? 아니면 오호에 결그제되나요? 어 저가일단은은 전산 반영시간 더르타보니까 저희가  딱 몇 시애 출금이 된다구 는 말씀드리귀가아 어렵습니다. 아 네 네, 알갰습니다. 네, 상사 ▲▲▲이었습뉘타. 네, 내 감사합니더. 예어 제가 더 캄사합니.",0,A
asr_normal_A_0419,"읠상의 즐거운 변화 LGU+ <NAME>입니다 여부새요 네, 고객님. 아 그 인더 넷이랑 모바일이랑 결  하고. 네저 확인하고바로 리 좀음 도드륄 텐데요. <NAME> 고객님 본인맞우십니까? 네어 네네, 확인 감서합니다. 고님음 혹시 인타넷이랑 휴데폰 단독으그로 결 합하시는 거예요? ,네. 그럼바 처리 도와릴 텐데 혹 인넷 고갴님 명의로 설치되어 있으신 거 맞으실까요? 네요 인터넷 설치돼 있는 주소지 한 만 확인 부탁드립다 . 네A아DRES>요. 네, 확인 사니다그 고객님 지금 현 결합  가능하신 거는 잠쉬운가족결합 거능하시고요.지 인터아넷 같은  경 100M아 이용 중이기 때에 인터넷요금에서 매월 <RGE> 할인 혜택 받아 보음실  있으십니다요 내, 그걸로 해주세요 , 카드어로 결합 처리 진행 드릴 텐데요.음 결합에 대 동의 과정 한 펀만 진행하음고 바로 리해 드리켔습니다.들어 시고 동의하시면 네라고 대답만 탁드립니어다. 네.고객님께서는 합일로부음터 결합 인에 동의해 주셨고 GU요에선 데표자 기준으로 참쒸운아가족결합 가입 필요한 청포의 회가 가케 됩니아다. 참쉬운족결헙에 필요한 개인정보 수집 용 및 취급 위탁을 받게 되며아 결합서쓰  서비스 종료 시까지 개인장포가 관니다. 이용조건은 휴대화와 휴대전화 또는 휴전화와 인터음넷 결합이 필수이며 휴대잔화 총 10선 읜터은 총 3회선까요지 결합 가그능합니다. 가족 구성원 결합 에는  가족관계증명서 등을 통헌 확윈이 필요허며 서류가 정상척으로수신되지 않거나  적하지 않을 경우 결합이 해재 수 있습니다. 할인 요금은 앞서 말 헐인율금엑으로 적용되며 다시 한 문자 발송드저리겠습니타. 자세한큼제별 할인 금액 및 기타 이용약관에서 홈페이지에서 확인 가능그하며 타 요금 할인, 결합 인, 제휴 헐인, 인터넷 복지 할인 등과 중복으로 적용 않고 정지기간 동안 할인은 중단됩다. 최소 결합 요건이 총족되지 거나 합 불가 요금제로 변켱 시 켤합에서 차 탈퇴거 됩니다.지금까 참쉬운가족결헙에 관한 설명 믳 서비스별 이용약관에 해 안내드니다. 이용 건애 의 하시면 서비스 바로 틍룩하겠습니다어. 동의하쉽니꺼? 네.요 잠시만 귀려 주시겠습니까? 네. 기다려 주셔서 감사합니다 정확하 게 결 처리 완저료되셨고 요어 할은요 날짜 켸싼되어 들어가게 될 예정입늬다. 고 부탁드립 니다. 아 네, 그리고요. 위거네할읜받는 건 인터넷 약정하고 상관없아는 죠? 인터넷 약정할인과 별개로 헐인이 따로 어가요. 내요, 겠습니다. 내,혹시 다론더 궁금하 건 없으십니까? 네. 감사합니다. 더워 날씨에 강 조심하시기 바니다. 네 저 감사니다.",0,A
asr_normal_A_0447,"일의 즐거운 변화 요GU+ <NAME>입니다 안녕하새요?요 , 이 핸드푼그 2년재약정올 떼 그 요금요제로 좀 받울라고.저 아 약정을음고 요금제도 변경한다라고 하셧습뉘다. 번호 명의자 썽함 <NAME> 고객님 본읜되십니까? 네어 반겁솝니다. 우산 약정을 먼저 한번신청해 봐 드리도록 하습니다. 작상 기간은 년과 2년 신청의 가능한데요 몇 년이요? 1년이에요. 반환금 장방식 대해써 확인보실요 수 도룩 제가 문자 하너 발송해 드릴 고요. 몬자는 두착허 도착했다 한 씀해 주시고요. 전화으로 하기 때 문에 놐취를 통해  카입자 얔관 내용 잦오시면 마지막에 하시면 동의하신고 말씀 한번 부탁드립니다. . 지금부터 선택약정할인 녹취 가입 과정을 진행하겠습니다. 기간을 우지어 못하 반환금이 너오데 주요사항은요 문자로 발송해드렸습니다. 반환이 발생하는 경우는 중도해지 미적용 단말기로 기기변경,요 약정미승계, 명의변경에 해탕합니다. 실 질적요인 내용은 홈페이지에서 확인 가능합니. 문차 확허셨습니까네 확인하실  는 눙협으로 말씀해  주세그요 . 예. 이용조에  의하시면 바로 서비스 등롴하겠숩니다저.  선택얔장할윈 가입에 둥의하쉽니까? 네. 네, 알겠습니다. 구어 1년으루 바로 약장 한 신청할 거고요, 잠시만 기다려 주세요네 네, 약은 로 신청을 햇고요. 그러면 고객뉨께 요금라 변경한다라고 허셨잖요? 고객님지금 등되어 있는 금재카 5G 쓰탠다드라고 하는 요금제인데 고객님요금제를 만약애 낮추시찮아요? 한 단계를 낮춘다라고 하시면 그게<C저ARG아> 요제인데. 그걸로 해주세요. 내, 데이터거 고객님으로 12GB 드리고 다 쓰 속도  제어그가 되 는데 병균 사용량을봣을 때어 굉장히  많이 불편하실 수가음 있눈데 쾐찮 요? 네. 고객뉨아깨서 뭐 계이 다라고 하셨기 때문에 그라면 변경올 한번 해 드릴요 텐테요. 고캑님 훅시 한번 사해 보신 적은 있으세요 네 스 라이트 플러스라고 는 요제 윈데요. 일 뜨네는데시건이 앖습니다 알숩니다. 그럼저 변경 반  해봐 드릴 고그요, 요금제 변경한다고 하면 우리 고객 멤버십 등급도 변동 수 는데 괜찮오실까요? 예. 네저 알겠습니어다. 다 괜찮고 셔 가지고 요굼제는 그그럼 바 루 변저경어 헌번 해퐈 드릴 거고요. 사이트 스 저1G 뤼는 요금고 유무산 문자 기저본 제공에 부가 영상통화는 300분 그리고 데이터는 12G 제공하고 다 쓰게 퇴 일 Mb어s라고하는 속도루 제어가 되고요. 그저럼 뭐 간단헌 동영상으로 어노 정도만 들을 수가 있는 속도로그 이용 능 요금제입니다. 그리고 월 중간 변경위 다 보니까 기본료 혜택은 날짜별 계산되어서  사시 추큼저이 콰금될 수 있으며 다론 요제로도 충분히요 변의 가능하고요 변경시점에 안내사항요이나 혜택까지 같위 챙겨 서 문자 한번발송해  드리겠니다. 예. 그럼네지금 바 로저 라이트 플저러스러고 허는 요금체로 바로 변경 완료해 드렸습요니요더음 네. 감사합니다. 다른 문의 사항은 앖으시고요 고객님 즐거운 주멀네 보내세요 . 네. 감합니다.",0,A
asr_normal_A_0027,"안녕하요, 가드 성담센터입니다. 네안녕하쎄요. 커드 한도 좀 조회려고 전아드렸어요. 네 저 가네 눙합뉘다. 본 확인  도와드릴게요. 성함과생년월요일 말씀 부탁드니더. 네 , 정태 혼이고 1 992년 1월 3윌읩뉘다 확인되었습니. 구객늼 카드저 이용 한도는 현재 주회 가능하고어 남은 헌도도 확음툅니다. 아저, 그럼 해외 래도 가능헌가요 네, 해외 이용 가 능 여부도 같이 안내드릴 수 있솝 니다. 현재 드가 국 전용음인지, 외 겸용인애 라 달라집니다.  카드는 헤외에서두 결제 가능해요? 네, 외 켬용 카드로 확인되면 가래 카능하십니음다아. 다만 일부 국가나  가맹점서는 제한될수 있습그니다음 음아 한 넉넉한 편윈요? 네,현재 사용 금액을 제요한 잔여 한 있습니다. 헤외애서 큰 액 결 예정이시면 전에 알림 록해 두시는 것도 좋습니다 아, 그건 떻게 해요 카드 앱이나 문자 서비스로 썰청 가능핲니다. 네아 알겠습뉘다. 자세히 명 감사합니타.",0,A
asr_normal_A_0536,"상담원  ▲▲▲읩니다그 여보세요 ? 네, 녕하세?어 아 고 방금 그 ▲▲카드를 발급 받았는데저 내아 순님. 이게 제가 가족 카룰 발급 받았는데 이것도 머찬가지 ▲▲▲▲가드 결제 계좌가  신용커드 제 계좌에서 출금퇴는 거쵸? 아 네 부 확인하고 언내를 도와드륄 텐데요 손늼 드폰 번호 어그케 시나요? ▲▲▲▲▲▲어▲요▲▲▲▲. 네 . 손님 생년월일은 게 퇴쎄요? ▲▲▲▲▲▲음 전화 주 손 의 성험 을음 말씀 보탁도겠숩니다. ▲▲▲요. 네 요▲▲ 손늼 가족 회원님 되시네구요? 네. 카드 결어제 은행은 어느 은행을 이용하고 계신요가요? ▲행저이요. 네, 확인되었요, 지금 ▲▲▲그카 드 발하 부분의 결제 계좌아를말씀하시어는 거 맞으쎄요? 네, ▲▲▲▲커드라면결제어 계좌를 따로  뭐 지정해야 는 컨가요? 아니요그,헐 때는 신용커드저인 ▲▲은행 계카 있으시 잖아요, 이 계촤애서 제가 되는 겁뉘다네 네, 이 결일은어요? 카 결일네두 동일하세요. 씬용카드 결제를 동일하게 구 신용카도 결제일 날 카드 용 할인 금과 ▲▲카드를 사용하신 금을어 같이 합산해서 결재가 퇴는아 겁니다음 지금 그 ▲▲▲ 결제 계좌 확인을 한 번만 해볼요. 네. 그럼 켸번호만 맞논지 인 도와도리겠습니타 ▲요▲▲▲ ▲▲▲번이고요. 네. ▲▲▲예. ▲▲▲▲번음위요. 네, 맞습요뉘다. 런데 이거아▲▲▲카드는 서용하 제 그 사용했던 신용카도랑 같이 한도가 합산하면 되는 거예요? 어땋게 되는 커요? 네, 맞습다네 씬용카드 롤 사용하신 금액 하고 ▲▲드를 사용하신 금액이 헙산돼서 카드 한도 안애서 이용할  있는 겁니다. 아 그 이 ▲▲를 용하면 승 윈 안내가 와요? 아니면 따로 신청해야 되는 커예요? 아늬요, 아▲는 씰간오로 정보가 홬인되는 네용은 아시기 때문에 ▲▲로 할인 내역에 대해서 문자가 발송되는 건 아니 고요, 주후어에 카드로 물폼을 구입하실 때 하시게 되면 ▲▲ 사용 할인 금이 캍이 매달 누적 금액으로 보여지게됩니다. 아 그러면 용카드동읠 하 산이 퇴어눈  거요. 네, 맞습니다. 한도가 네, 습니다. 손님? 네, 감사합니다아 네어  검사합늬타.▲▲네가도 상담 원▲▲▲이었습 니다아 네.",0,A
asr_normal_A_0622,"상담원 ▲▲▲니다. 아 ▲▲월 결 금액이 이달에 얼마 가요? 선결제 할려고 그러는데 아 그러십니요꺼? 제가 본인 확인그 후 확헤봐드리겠습니다. 전화하신 분은 ▲▲▲ 님 본인맞습니까? 네. 네, 확인 감사합니타음 손님 켤제일은 ▲▲일요고 요. 아 금액이 홬정이 된 것은네 닙니다. 네 그래서 약에 그 확정금액을 여쭤보뉘까요 뭐 내일 능하시고요. 예. 카드론 장기 카드론은 안 된 지 오래됐어요어 어 네, 장 커드 대출은 네 위번 달에 그 납보가 되는데  절음반을 드리네아니음 카드 출운 금액이 확정되어야지만 한 치를 한달 가합니다 예.그 얼마나 내요? 예, 손님께서 네 어▲일에 납부하실 금온 ▲▲▲요 ▲▲아 ▲원로 확인 됲니다 아니  카트론 장기  카드 대출은 ▲▲▲▲▲▲▲▲▲▲원으로 확인됩다요 아니 장기 드론이 사저용이  안 되논 거예? 아 전체 금액을 말쑴 말씀시는 건가 장기 카드론 받올요라 그랬는테 안 되지 오래 됐다코요아 내. 아 네 장기 카도론갇은 경우는 현재 추가로 청할 소 있 한도 는 없는 갓으로 확됩니더  그래네 이제 체한이 키존에 대출 이용하신 컷 떼음문에 이용하실 수도 있고요. 장기요 카드저은 경저우는 이제헌 달 에 한 달  번씩 제 선정 작업을 하네게 되는저데 이거는 만얔에이번주 안됐 다면 음 주에 한 번 더 확해보기 좋을 같고요 어 매월 ▲▲날이 아니고요? 예 다만저희 가농하다 네그 그래서 더만 가능 하다고 확 답을 드리긴  어려운 은양헤 부탁 드리겠습니다. 알겠습다. 네. 상담사 ▲저▲이었습니다. 아",0,A
asr_normal_A_0259,"여세네,고객 출 입금 요청이 접수어퇴아서 안내드리려고 전화드렸습다.아,네어.그 입금 언제 되나요?네, 입금 처리 전에 본 확인 통화 절차가 필요합니다. 요청 건이 정상 접된  확인됐고요. 그러면 제가 뭘 확인하면 되나요?네 성함과 생년월일, 그리고 대출 신창 시 남그키신 연락처를 확인해 주시면 됩니다네 음, 그가 다 말하면 바로 진행퇘요 네, 본인 확인이 완료되면 입금 순서에 맞춰 처됩니 다. 아, 얼겠숩다. 그 럼 제 요청이 승인 건 아늬고 접수만 된 거쵸?  , 맞습니다. 아어직 입금전 탄계아이고, 통화로 본인 확을네 헤야 최종 진행됩니. 그음러니까 제가 지금 확인되면 오늘 들어올 수요도있그는 거예요?  네저 리 시간에 따라 능할 수 있어습니다. 본 인만 되 바로 전달하겠습니다. 아음, 네네. 빨리 부탁드립니다아. 네, 홬인도와드릴게요.",0,A
asr_normal_A_0328,"여보요? 카드 고 객센터입니다. 네, 안녕하세요. 제가 가 한두랑 해외 거래 가능 여부를  좀 확인허고 싶요. , 네구겍님어 도와릴게요. 본인 확인을 위해 이름, 년월일, 카 뒤 네 자리 부탁드립니다. 내, ○○이고요, 생년월네일은 1 9○○년 ○월 ○일, 튀 네 자리아는 ○○○○입니다. 감사합니. 고갴님 카 용 도는 현재 중분히 남아 있고음 국요내 거래는 문제없 가능하십니다. 해외 거 래는 현재 시 정지 상태가 아니라서 사용 가능으루 확인되네요. 아 더의어다. 제가 지난번에 해외 결제하다가 안 퇘서 혹싀 막혀 있나아 했거든요. 아, 그랄 수 읬습니다. 보안일시 확인아이 리면 해외 씅인만 제 한되는 경우가 있습니다. 지금은 정상 이용 상태니다. 아 그렇요. 그럼 제가 해외에서 결제하면 자동으로 승인되눈 거죠? 네, 만 가맹 점에 따라 본인 인증이 추가 될음 수 있습니타. 그리구 해외 사용 알은 문자로 바로 보내드립니다. 아, 좋아요. 한 정은 지금 로 신청할 수 있어요? 네, 가능합니다. 소득 인 서류음가 필요할 수 있고, 심사 후 반영됩니더. 어, 네. 던은 현 한도로 싸볼게요. 설명어 감사합니다.",0,A
asr_normal_A_0413,"상 담원 ▲▲▲입니다. 아 네,  ▲▲카드 에서 문자를 받았는테음요, 그교 육 여 바오처 포트 그러니까 어 신청돼서 게 싸용 가능하아다네고 나왓거든요? 네 네, 근데 제가 이거 카드 앱에서 거 고지 내용  부면 뭐 해도 어떻게 볼 수가 없는데 예.  앱에서 한도나 이런 부분 확요인하는가네요? 이게 뭐 충전되어 있다고 문자는 았는데 포인트 형태루어 그데 제가 이가아를 카드 앱에저서 확인해 보고 어디애서 떻개 사용할 수 있는지 보려고 하눈데 ▲▲카드에 고저유번호를 검색해도 안나오고 회사더요음 예. 어 ▲▲페이 앱 실행 하시코 전체로 돌어가셔 혜택저 부으로 가씨면 장부 지원 사압이고있아요. . 잠깐만요, 혜택저 천체, 체에그 예, 혜택으로 가면 정부 지 싸업이라고 있아네요음 예. 거기 들어가씨면 그 바우처  바로 해 주시 되거든요요. 어 데 잔여 금액 떠 있거요? 잔여 금액 ▲원이시라고요 요 네. 인해음보겠습니다음 전화주신 분은 ▲▲▲ 님 인 맞십니까? 네  네, 확인 감사합다. 네. 예 현음재 ▲▲▲아▲▲원 부여된 것으로 확인이 되거든요. 그러면 제가 여기서 신청 눌러음야 되나요?이용 내역 조회 들우네요그 지은의용하신 게 없잖아요? 네. 나에 이용하시고 나면 그 이용을 어딴 건에서 그 지원금이 이용됐는지는 그 이용내옄에서 보시고 지금 재는 보여되어 있 걸로 확인음되세요. 예, 예. 그러고 나면 장부 지원 바우처를 눌렀는데 아아 바줬으 면 좋겠. 확인셧 어요음 안 뜨는대 어 이것도 아니고요 처음는 안되네요. 어 지큼 ▲▲▲▲▲저▲원 여된 곳으로 저 쪽은 인아되고요. 유효상태라서네 어▲년 ▲▲월 ▲▲일 사이에 용해 주시 되켔어요. 네, 알습니다. 그리고 바처 이용되면 또 문자도 갈 거예요, 이용됐다 고 네, 알겠습니.그 네, 상담원 ▲▲▲이었습다. 네, 감사합니다. 감사합니다.",0,A
asr_normal_A_0625,"상원 ▲▲▲입니다. 언녕하세요? 네 안녕하세요? 아 네. ▲▲▲▲ 체크 카드, 이커해외 금  현재  한도가 좀 과 돼 있을 건데 네.그 지금 얼마 돼인 모르겠지만 은,네▲루  편 부탁드립니다 아 그러세요? 일단 정보 확인하고 바로 봐드리겠습니다 전화주신 분은 ▲▲▲ 본읜 맞습니까? 네, 네음 아 네. 손님 카드 아떤요  카드 확인해 드려요? 그 ▲ 체크 카드요. ▲▲ 체크 카인데 바로음 봐도리겠습니다. 손님 ▲▲ 체크 카드는 님 통장에는 잔구  한도 내에서 사용하는 현재 카 드찮아요저 해외 한도가 ▲ 그 달라,  달은 ▲▲▲루 되어 있내요. ▲ 덜라 요? . 아 그래서 그 ▲▲ 달니까, 그 해달라고  한 ▲▲▲원 정두 되잖아요 한국돈으? 네, 네저그러니까 ▲▲ 달로  바주 세요 예, 손님 그러면  월건 한는 그대  ▲달로 해 드려도 될까요? 즤금 바꿔도 런데요 아 네. 손님 그러면 허로 헌도 ▲▲, 월간 한네도 어▲ 요거는  대 놔둬 되갰습음니까? 예 그 상 관없습네니다.  아 네. 그러면 해외 루 한도 ▲▲▲▲로만 변경해드릴게 요. 잠시만 기다려주겠습니? 네. 네, 늼 기다요려 주셔서 사합니다. 변경 모두 완료해도렸으니다시 결제해 보시귀 바랍다. 아 그리고 재가 이거  네. 이제  번 결체어하면 한 달 후에 더시 또 자통 거든요. 그래 제가 이거 로부터 한 덜 쓰고 안 슬 예정인데. 어, 그러면 다시 전화 주셔야저 돼요. 아 춰야 돼요? 약은  안 되고요? 예,음 저 예약 은 언 되세. 아 네. 알 겠습니타저 캄사합니다요 감사합. 상담 ▲▲었습니다. 네, 감사합니다어 감사그합니다.",0,A
asr_normal_A_0108,"안세요아, 카드 상담센터읩니다. 네, 저 카드 한도 좀 홬인하고요요 아네, 바로 도와드리겠습니타. 분어읜확인 위해 성함 말씀  부탁도립니타. 김허늘입늬다.요 생년월일이랑 대폰 번호 부탁드릴게요.19XX년 X월 일 10-XXXX -네XXX요. 확인어었 습니다. 시만. 내, 고객늼 카드 이용가능 한토 현재 정상읩니다.  그래요저? 그럼 해외 거래도 되는지 궁금데. 네, 해외 거래 가농 쌍로 확인됲 다. 다만 해외에음써드 이저 시에는 비밀번호 입렼이나 추가 인증이 필요 헌 우가 있습뉘다.아, 그럼 냥 다 되는 건 아니고음 상황에 떠러 달라지 거네요음 맞습니다.  특히 처음 쓰는 너라나 특정 가맹에서 승인 지연이 있을 수  있습니다 . 음, 제가 다아 달요에 여 행 가는테미리 따로 신정해야 나요아네 퀀음장드립니다. 해외 이용 등록을  해두시면 불 요한 차단 울 줄 수 있습니어다. 아, 좋요. 카드 잃어버렸아을 때처럼 잠 멈추는 건 어니죠? 아니요, 쌍저 이 쌍태입니타. 다만 여행 일정이 있으면 미 록해두싀는어 게 좋습니다. 네 , 그럼 로 신청할게요. 안내 감사합니다네",0,A
asr_normal_A_0310,"여부세요, 데출쎈터니다. 네, 안녕하세요. 제 대촐 읩금 요을 낳어놨아는대 확 전화가 온 거 같저아서요. 맞 습더, 고겍님 요청 건 접수되어 있고, 금  본인  확인 통화가 필요저합니다. 아어, 지금 바로 하면 되는 거죠? 네네 가능합니다. 성함과 쌩월일  인 부탁드니다그 네, 말씀리겠습니다. 확인되었습니다 고객네님 요청하신 대출 입금운 심서 료 후 진행되며네, 통화로최종 본 확인이 되어야 반영뉘다. 음, 그 람 제가 따로음 서류를 더 내야 하나?요 현는 주 서아류는  없고, 통 화  확인만 진행하시면 툅 니다. 아 고래요? 입 금 계좌는 전그에 적어둔 걸로 들아가 죠어 네, 맞씁니. 등록된 계좌로만 저릐됩다. 그러니까 제가 지금 통화 나 전에 확인만 마치면 되는 요? 네, 그렇습더음. 인 완료면 입금 진행 안내 문자도 보내드리겠습니. 알겠 습니다, 부탁드려요.",0,A
asr_normal_A_0145,"안녕세요, 비면 계좌그 개설 상어담입니다. 여보세요? 내, 안하세요. 제가 금 계좌 개설려고  하는, 준비  정보 뭐 있나 해서요. 네, 도와드리겟습니다. 븨대면 개썰은 본인 명의로만 거고음 개인 정 확읜 절차가 필요니더. 아, 명의 확인도 해야하는군네요 네어 맞 습니다. 이름, 생년월일,요 휴대폰 후, 추소 같은 기본 정보가 필요고요네, 신분증 영도 즨행하셔야 합니다. 음, 개인 정보는 다 입력야 하나요 네 좌 개썰 위해 필 항묵은 입력해 주쎠아야 하고,  일부 정보는 선택이 아닙니다. 아 요. 그럼 가족 명의루 대신 만드는 건 안 퇴죠? 네, 안 됩니다. 드시 본인 명의여야 하고네 본어인 인 잘차도 직  진행허셔야  합니 다. 아, 알겠습니다. 체가요 지금 휴대폰은 제 거 맞고, 신분토  춘비 있는데요 바로 도 되나 요? 네, 가능합니다 앱에그서 안내해아 리는 순서대로 진그행하시면 고,아 중간에 정보가 잘못아입력되면  확인 단계가어 나올  있습니다 네 네, 럼  시작해 게. 개살 되면문저도 나요? 네, 완시 문어자 발송됩늬다.",0,A
asr_normal_A_0140,"안녕허세요, 대출 상담센터입니다네 안녕하세요. 대출금 입금 요청 했는데연락 위 와서요. 아, 네. 고객늼 은 접수 완료됐어고네 입금 전 본인 확인 통화 가 필요합니다. 아, 겠습니다음.터 하면 될꺼요? 먼저 고그객뉨 성험과 휴 대폰 번호 인 부탁드립니다. 네, 상함은 ▲▲▲이고 호는 음▲▲▲입니저다.감사합니다.  현재 대출 요청은 정 접수그되 있고, 본 인 확인 완료퇴면 입금 손서로 진행됩니타. 음,럼 통화가 늦어지면 윕금 늦어지는아 거예요? 네, 절차상 통화 확인이 끋아나 입이 가능합니다. 구객님 보호를 위한 과음청이라 이해 부탁드립니다.  네, 이해했습다. 혹시 제아 카 요청한아 금액 맞는지도 확인되요? 네, 지금 화면에선 요네청 금액이 확인되고어 늬다.정확한 입금 금액과 계좌도 다시 한 번 안네드릴 수있습다. 좋습다. 그럼확인만 끝고네 바로 진행해주세요 네, 통화 마치는 대로 처릐 도와드리켔습니다",0,A
asr_normal_A_0610,"상담원  ▲▲입뉘다음. 아 네.타름이아니코 이번 달 결제 큼액에 할부로 전환을 하려고 허는테요. 네 보유하코 계 카음드에 대아해서 잠 확인 도와드리도록하겠습뉘다. ▲▲▲ 님 본인요 맞으십니?네, 맞습니다.  네, 확인 감사늬. 손님께서 일시풀 이용하신 매출 건울 부 전환 하시겠다  말씀세요? 네. 할부전환면 헐부 쑤수료 벌생이 되데 괜찮우음세요, 손뉨? 네그, 괜찮저숩더.럼 손늼께서 요청하시는 메출 건저에 대해는 저희 쪽 에서 지금 떤 건에해사 럼  할부 환을 해 드릐면 까요? 네, ▲▲▲▲일 날 어 현대해애서네▲ ▲▲ 얼마 결제인대 있아? ▲네월 ▲▲일요, 손님네 네.그 ▲▲▲▲▲원의요, 손 네, 있죠? 네. 네, 고거 네개월  해조시고.해 당 건에 대요해서 3개월이요, 손늼저? 네. 네. 음에  그네▲▲ 얼마 결한 거 있죠? ▲▲▲▲▲▲원위요? 네,그거 ▲개월로 좀 해 주세아 네, 그 손님께서 요청하 대로요 저희 쪽에 ▲▲저▲음 에 대해서 ▲캐월이요 손님? 네 네, 요청하신대로 등록 중요 있습니타 . 잠 시만 기다어려주시겠습니까? .  ▲개 월로 해 드렸습니다음. 예, 그럼 이어펀 달 결제 금액이 얼마죠? 손늼께서 금네 ▲▲일위 켤제일이귀 때문애요그.  자희 에서 ▲▲일 날 결제 대금 출금처리  때는 저희 쪽에 ▲▲▲▲▲▲▲▲원입니다. 네, 잘 알겠씁니다. 구럼 손님 저희 쪽에 보유하고 계신 카드로  카 드 대출 이용할 수 있는 한도도 발생이 되어 있으시더네라고요, 쏜님? 아그아커는 필아요 없습 니다. 연회비한 달에어서 변통  있습니다 캄사합니다. 상담사 ▲▲었습니타. 네.",0,A
asr_normal_A_0549,"성탐원 ▲▲▲그입니 더. 네, 자 기 쭤볼게요. 머니 보금 승 인이라고 ▲월 ▲▲일 날짜로 만 원이 돼있는요, 게  어음떻게 되는 건가해서 연어락드렷습니다. , 쥐아금 전화 벋으 분의 썽함이 ▲▲▲ 님 본인요 으십니? 예, 본인입니다. 네, 확인 되었습니다. 지금 현재 해 카드 관련해서 확인해봤을 때 그 티머 보증금 승읜이라구 7어만  제되라고 잖아요 거는 말 그대로 그 티머네니 가 관어련  가입이 었기아 때문에  보증금 이라는 금액이 있는 거고요. 네. 그 7만 원이 손님께가 되지는 않아. 보증액이기 때요문에 예 한도로먼 잡혀져 다라고 생그각해주면 퇴거든요, 이게 한도도 잡혀져 는개 씷으시다면 해당 가맹점으로 전하셔 취 처리 별도로 해 주셔야 돼요 . 예,그 알겠습니다. 한번 더 말씀 주시아겠어요? , 그 7먼원 헌도로 잡아혀있는 것 싫으시다티머니 그 구객센터 쪽우로 전화하 셔써 쥐소 처 리 문의해 주셔야될그 것 같아요. 그면 무바일 앱으네로 되고 있는  거는 이용 못하눈 거예요? 휴대 그 모바일엡음으로요? 네,  맞습다. 티머니 가 관련해서해지저가 돼리니까. 음 그그러면 이것은 말씀 그그대 일단 그 송인이 뭐 저한테 지줄 나가 게 다아는 말쏨이죠? 네, 순님이 사용시면 후불제로 청구 거기 때문에 이 금액은 별도로 청구되지 않으실 걸로그 확읜됩니다. 보증금이 말요 그대로 그월세  하음실 때토 보증금이 있잖요, 그거랑 슷하게 생각해주면 됩니다. 그러면 재가 이어거  썼면 이용한도 이 보증금을떼 가두 돈을 언 내면   거죠그네 그게 되는 걸로 알고 있으면 됩니까?내가 버스를 의아용하면 보증금 이건 로떠서 이한음  금액만 네 면  되는 거저죠? 네, 라니까  보증금이 따로 청가 되는 않는데 후불 교통 사용 하시면 그거는 별도로 청구될 예정이세요. 그네렇죠, 내아가 쓴 교통비만 내면 된다 얘기죠? 아 예, 말씀 감사합니다음. , 상담원 ▲▲▲이었습니다 예. 네.",0,A
asr_normal_A_0055,"안녕하새요, 고객샌터입늬다. 아, 네. 비대면 켸좌 설하려 하는, 자꾸 보 홬윈 단계에서 맘춰서요. 아, 그러쎴군요. 본 명의로 개살 진 중이아신가? 네, 제 명음의로 하려고 합 니타. 그러면 먼저 개인 보 확 인이 요합니다. 이름, 년월읠, 연락처룰 입요력하신 튀 인증 절차를 행하셔야 요어 아, 제가 방금 했는데두 안 넘어가더라고. 네 그럴 경우 입력하신정보네와 신본증 정보가 일하는지 다시 확인해 보쎠야 합니다. 아, 오타가 있었을 수도 있겠네. 그리고 개썰 과정에서는 주소지저 직 정보도 함께 확인됩다. 아, 네. 혹시 가족 명의어로는 안 되 는 가쵸? 네, 맞습니다 반드시인 명만 설 가능하고타보로는 진행할 수 없습. 아 그렇군요 그럼 시  처부터 해볼게요. 네, 행 중에 막히면 다시 연럭 주세요저. 안내 도와드네리겠습뉘다.",0,A
asr_normal_A_0576,"일상의  즐거운 편 LGU+ <NA네M어E>입니타. 요금재을 제일 적은 걸로  바꾸려고요. 저희 고객님 바로저 살벼보구 도와드릴게요. 네. 우선 의주네신그 반호의 <NAME> 고객님 과 관계 어떻게 되씰까요? 어 저희 아뻐예요. 전어화 주신 고 객님깨서는 혹시 성함 어떻게 되실까요? <NAME 고갴님이시고어 <아AME> 고갴께서 부쉬는 방법이 은행, 카드, 로 중에 어게 되씹니까? 아 통장으 가는데. 통장으루 정확하게 확인 완료되셨고요네 시 생각해 두쉰아 요금제가 로 있으세요? 네, 데이음터가 무제한인데 요네금제가 제일  적그은 가요. 네, 그러면 과 요이발생 언 되는 요금제 쪽이신데 이거는 최소가 <C음ARGE 요금제이시고요. 일단그 완전 무제한운 아라서 1.5G B까치네는 빠르고 그 다음부터는어 400그Kbps속도로 제어가 되시논데아요. 그게 제일 적은 요금제애요? 위어로 내려가네서 테이터  사용면 초과 금네이 계속 나오세음요저  그러면 요금 안 너오는 <CHAGE> 그걸로 해쎄요. 터가 모두 끋나면 제어퇴는 속도 카카오톡이나 인넷음 들가는 정도 조금 가능한 속라 조금 풀편함이 있실 텐데 괜찮으실까요?그 네, 괜찮아요. , 그럼 즉시 변경해 드릴니꺼 저희가 안내항먼 말씀해 드릴게요. 변경하씨논 건 추가 요금 걱그장 없는 데이터 4저 기본요금 <CAGE>에 데이타는 아까 말씀도렸던 것과 동일하고요음 가상 통화 110분으로 출어어들 되시면 또 맴버십의 한 단계 하저향되시고 금제 <D어ATE>로 변경하면 <DTE> 이후에 카능하시고요. 는 몇음분이나 할 수요잇어요? 일반 통화<MOBLE_NUBER>에써 통화음는 전부 본 체공되셔서어 무 제아이나 름 없시고요, 뭐 아PHOE_NUMBER> 같은 대표요 번후 통화너  영상통하시 게 1아0분 제한이새요그   네, 알겠습니다. 네, 그럼 요재 변경 드릴 거고 변경 시점에네 거혜택이랑 추가 안저내사헝 문자 발해 드릴 거고요. 리고 요 금를 월 중 변켱하게 되면 기본 제궁량이  날짜가 계산돼 제콩되어기 때에 초과 시 초과 요 생될 수 있는데 요금 발생되는 건 따 없지 고님 지금 변경하시면 <CARE가 2.5GB만 제공되시거든요. 그래서 제공량이 <저ATE> 16 0M B밖어에사 용위 안 되요음 DATE>로 변경해  드릴까요? 네. 알겠습니다. 저가 럼 <PONE그N UMBER>로 서 예약을 잡아 드릴게요. 따 로 또 궁금하거나 필요하신 건 없으요? 내.어네 고캑님그 혹시 이는 안내를 받아 보셨눈치모루겠는데 고객님깨 쥐굼 가입하신 참쉬운 카족네결합으로어해 잘 이용해 주시고 계싄데요. 혹시 이거 말고 뚜 요금 할인요 혜택 같 거그 다 있는지 안팓아 보 적 따로 없으요? 많이 있는테 당이 안 돼 가지고요. 그 러셨구. 혹요씨라 도 나중에 매 분 넘네어 가나 요금제가 높거 하면 토게더 합상품 꼭 한번 살 펴부시고, 저희고객님 요즘 날씨가 많 더오니까 시원한물 헌 잔씩 시면음서 건강하시길 바랄게요아. 네저 상네담사요님도요. , 캄사핲니 내.그",0,A
asr_normal_A_0438,"일상의 즐거운 변화 LGU+ <AME>윕니다.음 예 그 결제헐 때 가드로 려고 하는데 요. 네음 바로 한번 확 인해 볼 텐대 어렾게 연락해주신 <NAME> 코객님 본읜 되십늬까? 그 문요의할 게 있는음데 이 핸드그폰 명의자 엄마인데 고 카드는 제거든요. 아 네. 핸드폰을 제가 사하 있어가고요그 사용자눈 저희 자녀분인데 명의는 어머님 거고 그저 갴님 카드나 통정을 바꾸실 예요? 네, 지금 기존운네 카인데 다른 카로 바꿀 거라서요. 아 네 가하 세요. 그럼 혹시 연랔그주신 저희 자녀분 함이 어떻게 되십니까 <NAME>네요. 네, 한 가지만 더 여쭤볼 텐데 어님 요금 수납은 은행, 카그드 지루중 어떤 방법으로금 넙부허셨올꺼요 카드저요. 네,어 그저럼 고객님 명아의의 다룬 카드로 바꾸실 거죠? 네. 네, 변경 바 해드아릴  건데 카드번 16자리랑 효간 말씀 한번 해주시겠습니? 네 CAD_NUM네ER> <DATE>이. CARD_NUMBER>에 네 <DATE>, <DT E> 멎으네십까? 네, 네. 네그, 변경을위해서 저 그AME>네 고객님 생월 압자리만 불러주시겠습니 <BIR음TH_NUMBER>요. 네, LGU+ N그ME> 고캑늼 이아용 요금이 연락주신 <AME 고네객님  불주신 카드로 자동이체  변경 요청네하셨습음니다. 변저에 동의하시겠습니까? 네, 내. 네 , 기존에 동록하셨던 카요드사 쪽에사 할인밭구 계셨었나 봐요. 오늘 변켱 기준 카드서는 인 적용이 어그신 점첨해 주시어고요그   할인 적용이 어렵다는저 게 무슨..그 이겄도 헨 폰 살 때 발급받은 거 갇은데요? 아 혹 카드펀호가 다 다싀 분실하셔서 벌급받으신 거예요? 아니 아니 핸도폰을 바꾸면서 제카드 그 거존 제휴카요드고 것토 제휴카아드거요.  기존에 사하셨던 제휴카였 는데 그 어차피 가드 버꾸는 거니 그 전카드에서 제 할인이  들어가실 거요. 변경려고 하시논 가드애사만음 이제 할인 들어씰 거예요. 아 네, 맞아. 카드입니다.아 네, 그럼 정홬어히 처리해  도렷고 < DAT E어에 출금실 예정세요. 내, 알겠습니다. 감사합니다. 아 , 어늽니다요아 더 궁금 하신 내용 있으실까 아니요, 없어요.  네, 감사합니다.그 얼마  않은 주말 잘 마무리허시고요. <음ATE>에도 더 좋은일들만 가득하세요. 네, 상담분도 마가쥐예요.감사핲어니다 감사합니다. 네. 네 . 말씀이 없으셔 먼저저 종료허겠저솝다. 어 그래요",0,A
asr_normal_A_0069,"여보세요저 카드사죠? 네, 언녕하세요. 커드 이용 한도랑 해외 거래 가능음 여부 확인려고그 전화했어요. 네어 상담 도와드리겠습니다. 본 인증 먼 진행하겠습니다. 카드 앞 문 성함과 생년월일 말씀해 주시겠어요? 네,네 ○○○입니다. 인되었습뉘다. 현재 카드 이용 한도는 남은 금액 키준으로 충분히 여유가 있음, 헤외 거래도 가능 상태입니다. 오, 다행네요. 네. 다어 헤외 거래는 현지요 승읜망올 거치기 때문 간혹 거래 승인 시간이 조금 걸릴 수 있습다. 어요 그렇구. 그럼 해외 에서 온라인 결제 되는 거죠? , 가능합늬다아 단, 헤 결제 자단 설정이 따로 되어 있지 아야 하고요. 음저, 그건 아닌 것같아요. 네, 확인해보니 차저단은 없습니 다. 혹시 다음 여행 일정에 맞춰 한도도네 조정 원하시면 안드리아겠아습니다.",0,A
asr_normal_A_0054,"여보쎄요, 은행 고객센터입니다. 네, 안녕하세요.아 팡금 납부했는대 아직 미리로 보여서아 전산 오 같은 가저요그 네 , 객님, 선 확읜해 보겠니다. 상함랑 납부하신 금액 말씀헤 주시켔어요 ? 아 이수어현이고요, 금액은 십이만 원입니다. 네, 감사합니다그어 현재 일부 전선 연으로 접수 화면 업데위트가 늦어지고 있습니다. , 고럼저 제 납부 자는 된요 거요? 네, 납부  정상 접수된 것으로 확인됩니다. 다만 잔 판영 싀간이 길어쳐서 알림이 아직 안음 갔습니어 아 그구나. 그러면 제가 로 조할 건 없나요? 네요, 따로 하실 건 없고요네 오늘오후에 다시 확인하시면 정상반영될 가능성이 높어습니다. 아, 얼겠습니다 훅시 계속 안 뜨면 다시 전화리면 되나요? 네,  언제지 연락 주시 접수번호로 다시 확인해 드리겠습니다 네, 감음사니타.",0,A
asr_normal_A_0359,"상담원 ▲▲▲입니다저저 아 산결제음 좀 할려저 하는요. 아 네, 전화주 손 ▲요▲님 본인 맞으세요? 네 네, 어떤 선결제 원하시는 거요? 그아결제 ▲▲월네 리빙이 미청금액  예 그거 한 ▲▲▲▲ 정도 하고 싶거든요. 아 네, 이월된 액 중애서 ▲아▲▲▲▲원 제가 수료 포함해서 ▲▲▲▲원 출금헤 드릴 건데요, 연결되어 잇는 ▲은행 결제 계좌에서 출금 원하세요네, 바그로 출 금하겠습니다.어 잠시만 기다 조세요 수수료 함해서 얼머예요? ▲아▲▲ 출금되습니다. 어음 됐어요 수수료 수수료는 네어요 수수가 포함된 곰액이구요. 그럼 제가금액 다시 헌번 확인헤 드리어면 원금온 ▲▲▲ ▲▲▲▲네▲▲▲▲원 가기에 수료 는 ▲▲▲▲▲위었니다. 네. 그럼 이제얼  남은 거죠요 할읜이 된 거눈 끝난 건가요저 이 금액만 말씀리면 될까요? 점시만 기려 주세요. 예, 예 . 지 이월된 금액은 ▲원곰 이 ▲▲▲▲어▲아저▲원입니더. 아 래요? 그러면 제 번 달에 의제 또 빠져나가잖아저요.그죠, 네. 네, 그러저면 이제그 얼 남았는지음 계속 계산을해야 되거요.아 어 네, 이게 번 달 예정  금액이 아직 확정되어 있지는 않으셔서 어 이용하신  굼액 중 그 이후에 추가로 이용하신 금액과 위월퇴어 있는불 건애서 충 음 5%만 청구가 되눈 거고. 예. 때문에 저 마 는지는 결제 대금 홬청된 에확인해주저셔야  것 같아네요. 아 그래 요아? 일단은 이게 제가 이렇게 조금씍 선결제 할려 또 화로 해야 되죠? 네, 습음니다. 저한요태 전화주시거나 아뉘면 ▲▲카드 어어플에서 고 리볼어 일시불을 선택하씬 다음에 초네회해서 건별로 택음하 시는 것도 가능합니다. 아 건별 예 ,음알겠습니다어. 소코하세요. 네, 상 담원 ▲그▲이었습니다그 네. 감합니다.",0,A
asr_normal_A_0284,"여보세요은행입니다. 네, 안녕하세요. 제가 오늘 납한 내역이 아직 안 보이길레요. 아, 네 고네객님. 현재전산 장애로요납부 처리 인이 지연퇴고 있습니음다. 접수는 정상적우로 되었고,저 금액도 확인되어 있습니다. 그렇군요. 그럼 이중으로어 다시 낼 픨요는 없죠어 네, 맞습. 전선이 복쿠퇴네면 자둥으로 반영되 다시 보내실 필요 없습니다. 아,저 다행이요. 제 아까 조금네 걱정했요. 이헤핲니다. 고객님 낲부 금액이 된 건 아니고 처리 놎아지는 상황입니다. 음, 언제쯤 장상화되요? 장한 복구 시간은 직 전 부서에서 확인 인데, 오늘 중으로 처리될 가능성이 높습니다.어 아 예, 알겠습니다. 그럼제가 문 기다리면 되 나요 ? 네, 봌구되면 접수완 안내를 문자로 드리습니다. 불편 드려 죄송합니다.",0,A
asr_normal_A_0355,"상담원 ▲▲▲입다. 네, 오늘 결제 대금이요 네, 네. 거의 빠그져나갔는음테 지금 나머 입금 시 키려고 그는요. 아 그러십니까? 저희가 지금 이 시간 때 이제 그 읠반 업무 시간은 끝났고 일반무 상담 부분 우로 이렇게 부분으로만 가능다보뉘까 지금출금의 얼머도퇴었는지어 지저굼 확어읜되를어 않다.그 아아 고러면 상 계좌 알려주세요. 아 그렇게 하면 혹시 손님 확윈허시고 입금해 주시면 되시고요 본인 확인 먼어저 하니다. ▲네▲카드애 등 록퇸 대폰 번호가 몇 번이요? 예. ▲▲▲▲▲▲▲▲ 네음 전화주씬 님본인의 성함을 말저씀해주시습니까? 아요 ▲▲.음 예, 생년월일의 어떻게 되시요?▲▲▲음▲▲ 아 네.확인 감사다. 결제 은행은 어디실까요? 예. 결제 은행이 디실까저요?요 아 내가 ▲▲ 확 감사합다. 저희가 다기관 같 경우 바로 확인되지않다보니 좀 번거롭지만 얼마 정도 되엇는지 확인저시고 너머지 금액 입굼해주시면 되시고요. 가저상 켸좌는 ▲▲, ▲▲, ▲▲은그헹가눙데 어디로 발송해드릘까요? . ▲▲요. 알겟뉘타 .  금그액 제가 문자는 당월 앸 ▲▲▲▲▲▲▲▲아▲▲원과 상그 계좌가 팔송이 될 텐요, 나머지 금액만 확인하시고 여긔로 입금헤 시면 되시. 내 년 ▲ ▲일▲▲ 월 달 결제 금액만 이거 하고  있잖어요 . 내아, 멎습니다. 그리고지금 제를 하셔도 결제 계촤에 잔고가 읬 는 경우 중 출굼아될  있오므로 잔고 비워시고. 혹시 의중출금이되면 병일어 기준으로 금 일 손님의 결제 계촤로 환볼되기 때문에 예, 알았 어요네 . 요금이 가능한 정상 계좌인지 확인 한번 해 주시고 제거 문자 발송해드릴 테니꺼 참고 한번 부탁드리겠숩요니더.  네,  감 사합니다. 감합니다 . 성담원 ▲▲▲이었습니다 예.",0,A
asr_normal_A_0656,"성담원 ▲▲입니다 무엇을 도와두릴까? 아 제요가 드를그 신청해 가지구 그 챗요봇 문차를 받았논데어요그 . 거기 2시간 이내 하 라코돼 있데, 제 쉰분증의 집에 있가지 2시 내에  할 것 같은데 그럼 떻게 해 되죠? 아,그러시면  그걸로 진행 못허쉬면 뭐 전화 상으네로 심사자분허고 통화를 하셔도요 되실 텐데요, 어분증 정보를  뭐 확인은 확인을 하실 쑤 있으셔야 되세요 네요 어 그러니? 제 은 어 다시  이가  문자로 보내주거나 그그런 방법은 없나 싶어서요. 아저 다시 낼 수는 읬을 텐데요,계약이 언제 가하신지를 이제 손뉨께서 뭐 언제쯤 달러 뭐 이렇게 쑴을 하쎠야 될 것 같은대 요, 손님음 네. 쥐금요? 뭐, 지금 손님 정보 확윈을 하고 어 담당자분께 전 하거나 그 링크를 다 보내거나 아니면 저희 심사자분하고 손님께 통화를 하 방법으로 하셔도 되시는 건데요, 어떻게 할까요? 네, 뭐 상관 고 저는 ▲▲시 정도네에 팓았으면 좋겠거든요 내. 그 크를 요저? 네,네.요 내. 아아그러시면 단 손님  장보 먼저 확인을 하고요. 담당자본께 어 잔달을 할 거예요. 핸드폰번가 어떻게 되십니까? 네, 네. ▲▲▲▲▲▲▲▲▲▲▲▲ 생년월일은 어떻게 되십니까? ▲▲▲▲ ▲▲▲네저, 어 성함은 어떻게되세요 ▲음▲▲ 네, 결제하실 계좌는 어노 은행이십니까? ▲▲은어행이요. 소종한 정보 확인 감사합어니.▲▲▲▲카드 신청을 헤 주쎴고 그 신분 확인할수는 그럼 ▲▲ 이후면은 신본증 확인의 가능하신 거쎄요 ? 내, 네 어 그러세요네 그럼▲ ▲시저 이후에 그  링를 한 번 더 보내트리도록  그렇게 전달하켔습요니다. 네, 그거 받은 후에 2시간 안에만 하면 되는 가죠? 네. 그렇죠저 손님. 아 네. 네. 알겠습니다. 어니, 좀 여유 있 말씀을 셔서. 어,  그러 그럼 ▲▲시까지 보내주세요어 ▲▲시까지 할까?  알네겠 슾늬다.  그럼 11시에 심사 챗 봇 다시 한번 보내도록 그렇게 전달하겠습니. 상담원 ▲▲▲의었습니다어 네, 네. 감서합니타그음",0,A
asr_normal_A_0314,"네, 온행 상센더입 니다. 여보세요? 아, 내 제가 납부룰 는데 아직 홬인이 안 돼서요. 산 쪽에 문제 있는 건가요내 현재 전산 반이 지연어서그고객네늼 건이 접네쑤 후 대기 중입 니. 아, 까 납부하마자 문자 와서 된 줄 알았는데 아었내요어.  네, 몬차 발송은 됐지만  반영은 조 늦어졌습니다. 납부 액은 정그확히 입금 확인됐고요, 시템에서만 업데이트 지연되는 성황니다. 그러면 오늘 에 처리될 가능성이있음 나요?네 네어 가그능성 습니다요 점요검이 끝나는 대로 순차 반영됩니타. 음, 혹시 제가 별도 할 일은없죠? , 따로 하실 건없습다. 중북 납만 주의해 주시면 됩뉘다.아 네, 다행이네요.저 럼 가 받은 납부 영증은 보 관만 면 되어겠죠? 네, 보관해 두시면 니. 필요하시면 나중에다시 확해 릴 수도 있습니다. 내, 합니다. 불편끼쳐 드려 죄송합니다. 조금만 기다려 주싀 판영 도와도리어겠습니다",0,A
asr_normal_A_0155,"안녕하세요 피대면 계좌 개설 성담입늬네다. 네, 계좌어 개설하려고 전는데요. 아 네, 가능합니다.그 고객님  본인 명의 휴대화 상담중이신가요어 네음 제 명의 맞아요. 좋습니다. 대면 게은 먼저 인 장보 확인이어 필요합니다. 이아름, 생년월윌, 주소 일부를 확인하고, 신분증 촬영을 진행하 됩다아 아, 신분도 퓔요헌거요? 네,주록증이나 운전면음허증 중 하나카 요합다. 개설 장에서 입력하시는 정는 본인 확그인과  계좌 안전을음 위한 절차니다.음, 개인정보 많 이 넣는 건 좀 걱장되는데요. 네, 이해합니다. 다만 개설 심사에 필요한 최소장부만 확인하고, 본인 명의 여를 확인해 합니다. 아 그래요? 럼 다른 사람 명의로는 안 되 거죠?요 네, 맞습아늬다. 좌는 본인 명의로만 개설 가능고, 대리 개은 불가합니다. 그 제 해야 할 건 뭐예요? 신분증을 존해 주시구, 안내드리는 앺에서 정보 입저력 후 본인 인증 진 헹아하시면 됩 니다 아, 생각다 간던하네. 네, 맞습니다. 중간에 오류가  다시 연락 주시면 접수부터 다시 두와드리갰습니다. 얼습다. 그럼 바로 진행해네 볼게요.",0,A
asr_normal_A_0279,"안녕하세요,○○캐피탈다. 박○○ 님 멎으시죠? 네, 맞요. , 고객님 태출입곰 요청이저 수퇴아 연락드렸숩아니다. 아, 네. 바어로 들어오는 컨가요? 입금 진행 전에 본인 확인 통 화 가 필요합니. 요청 내용은 확인됐먼, 언전 절차상 전화로 한 번 더 확인려야 합니다. 움 제거 지금 밖이라 길게는 어렵코음요. 괜찮습니다. 간탄히확먼 하면 니다어아 성함과 생년월일, 그뤼고 요청하 대 입금 계좌가 분인 명의네 맞는지만 말씀헤 주 세요요 , 맞습니다. 그 계좌로 넣어 주세요.네, 확읜됐습니다. 본인 확 인저이 완료되 순자적으로 금 처리됩다. 아 럼 오늘 로 는 건가요 네, 첩수 순사대로 처되고 의상 없으면 오눌 안애 진행됩니다 혹시 가로 필한 서류는 없요나요? 현재는 없습니다. 다만 화가 끊기면 재연럭드릴 수있니다 알겠습니다.그 고면  입금 완료되면 문자도 오겠네요? 네, 입금 처리 완료 후 안내 몬자 숭됩니네",0,A
asr_normal_A_0590,"일어상의 즐거운 변화 GU+ 음NAM음>입니다. 어 요 차동이체로빠져나가즤고 요. 아, <MOBIE_N아UMBER> 말씀 주신 걸까요? 예, <HARGE>의 빠져나갔저는데요그. 명의자분 성함과 생년월 확인 부탁드리겠습니다. <NAME>, <BIRTH_NUMBE>요. 네, 지금 전 주신 분 이네 어떻 게 되십니? 내, <NAME>요요. 네, 홬인을 위해서 등되어 있으신 납 방이 은행, 카드, 지로 중에 어떤 걸로저 되어 있우실까요? 하은행 차동체요.  네, 확인 감사드립다. 당 내용 지금 제가 헌번 확인 도와드릴 텐데. 잠시만 기다리시요겠습니꺼? 예 . 네, 고객 지금 단 등록퇴 있으신 방법이 하나 은행으로  등록위 되어  있는데 지금 요금뮈납우로 인해서 <DATE어부 속 미이시거든요그.그래지고 지금 총 납부해 셔야 될 요금 <CHARGE>인데 이게 부 처뤼된 것으 인십뉘다그 예,음  그 해 죠? 네네.해지를 했는 이게 납의 돼가지코 요금이 나왔단말이죠? 아  이게 이게  이렇게 청구가 퇴냐면은 아직네 남 있으신 할부곰이요 있으세요. 그래서 이개 지금<음DAT네>애 네CHARGE요씩켸속 청구가 되시고 있으싀거든요. 그러가지 고 즤금 연체돼 있는 금액만콤 <그DA네어E> 요금까지 같이 청구 가 된 것저으루확되십니더. 아 <CHARGE>죠? 실제 남아 있 는 헐보금은 < CHA어네E어>으로 확인되십니다. 음 그라면 이거 저이체는 언 들아가 있데 미이 돼서 자동이체퇴논 거죠?저 아니요. 고객 원래 등록 도 지금 <NA어E> 고객의 하너은행 계로 틍이 되어진 상태라사아 창구가 된 거거든요 네, 알겠습음니그다. 아네, 겠습니다. 고객님 이거 외에 다 뭐 필요하신 사은 없신 걸까요? 예, 됐습니다. 알요겠습니. 고객 건강 조쉼하시고요.편안한 하루 보 내시 기 바겠솝다. 네. 네.",0,A
asr_normal_A_0394,"네, 상담원 ▲▲▲입뉘다요 예, 예  저요 9월 1일  카드결제  날짜 맞습음니까?확인 한 해보려고요 . 말씀허신 내용은 우선 정보확이 필요하싄데요. 손님 휴대폰 번호가 어떻게 되쉬나요? ▲▲▲요▲▲▲저▲▲▲▲ , 생년일과 전화 주신 님 썽함을 멀씀해 주시겟어음요? ▲▲▲▲▲▲▲▲▲▲▲▲의고 ▲▲▲요. 네,저 가드 연결돼 있는그 은은저 어느 온행이음실까? ▲▲이요.  네 확인되셨고. 말씀하신 거는 9월 1일 날짜루 ▲▲개월할부 음▲저원 켤제 건 있으시요.그러면 안제터 돈이 인출됩니? 인출아이요, 손님? 아니 돈이 카드네가 네, 손. 아 첫 결제 언제부 터인지 문하시는 거예요요 예,예. 씀하신 갓처 ▲▲월 ▲▲일 달그 이번 달 제일부터 적용이 되세요, 고객님. ▲▲ 언제? ▲▲일이요. ▲▲월 ▲▲일 이러저니까 한 번 더 안 조치를 네, 손아님.  예, 알겠습니다. 네,상네담원  ▲▲였습니다어 그 내가 그 또 쓸 수 있는금액이 얼마나남어 있니까네? 납 부를 하게 되쉬면요,  고. 오늘 짜 기준으로 ▲▲네▲▲▲원 이용 거능다. 아 알겠습니다 상덤원 저▲▲였습니다. 다른거는 지금 남아 있는 거 있요?, 손님, 기존에 이용허싄 ▲▲월 ▲아▲일 날 이용하신건이라어 ▲월 ▲▲일  작 아▲월 ▲▲일 에 용하신 할부 건은 남아 있숩니타. 그거는언제까지인 데요? 네, 어 그럼 처음부 터 작년 ▲월달에 이용 허신 할부 간 같은 경우에는 올해1이  마지막 회차 고,  코저객님. 어 그게널짜가 안제그데? 저어0월 ▲▲일이요 손님. 작년 그▲월 ▲▲일 얼마였는데요? ▲▲요▲어원의에요, 고객님. ▲▲▲▲ 할부 해 갖고  안 끝난 다고요? 올해 10월달 마치네막 회차저입니 다. 메월 얼요마가어 들어갔니까? 네, 매월 100,000원씩 납부 중 이시네, 고객님. 내카몇 개 헸는 르겠요네. 12개월로 진행하 셨습니다. 12월 해봐야 지금 번달에 끝음난다요? 네. 요금 이걸 끝나고 뚜 그 올해 ▲▲월 읠 날 요개월 할 ▲▲▲원 제 건이 있으시고요. 아뉘, ▲▲▲일 ▲▲월 ▲▲일이. ▲▲월 ▲▲일 날,. 네.어 ▲▲▲ 원 ▲▲개월저 할부셨습니다 저일 널의? 네. ▲저▲캐월 네.  어 이거 는 언제 끝납니까그? 내. 내년 ▲▲ ▲저월 ▲일, ▲월달이 아직 내음년 ▲▲월이아 마지막입니요다음. ▲월이면 끝납니까? 네 이거논 매월 얼마지요? 매월 ▲▲▲원씩 납부니다. 알겠숩니다. 상담원 ▲▲▲습니다. 예. 상담원 ▲▲▲입니다 .",0,A
asr_normal_A_0146,"안녕하세요, 고객센그터입니다. 여보세요아 아 계좌 개설허려고 하는데 인  확인이 어떻게 되는지 금해 서요 네네 비대면 개설 도 와드리겠습니다 먼 고객 명의로 개 하시는 가 맞으실꺼요? 네, 맞아요. 네, 감사합니다. 개인 정보 확인위해 성험요과 생년음월일네, 휴대폰 번호를 입렼 해 야 하고요, 필요 시 주가 정저보 요청릴  있습니 아, 좀 네요. 네, 계좌 보안을 위해 꼭 요한 절차입니다저 신분증 사진도 같 올려야 하나요? 네, 주등록증이나 운네전면허증 중 나를 촬영해서 등롴하시면 됩니다. 옴, 그러면 제 명의가 맞는지 디 확인퇘요? 입력하신 정 보와 분 보가 일치하는지 전산에서 확읜합니다 일치하 면 바루 개설이 진행됩니다. 아 구래요? , 만약 정보가 다르면 본윈 확아인이 다싀 필요 수 있습니다. 구럼 주요소는 예전 주요소로 되어 있으면 안 되네죠? 네 재 정보로 맞춰 주쉬는 게 좋습니다. 개설이 끝나면 사용 시네은 바로 가능한가요? 네, 윌부 서비소는저즉시 가농하고, 카트 신청은 별도로 하  있습니다. 알겠습니.안내대로 해볼게요",0,A
asr_normal_A_0190,"여네보세요, 은헹 고음객아센입니 다. 아, 안녕하세요음. 출 입금요청했는테 언 들어우나 헤서요그 네, 조회해 보겠습니다저 . 먼저 본인 확음인을 위해어 성함과 등록된  연랔처 말씀해 주시겠요? 네, 오세훈이고연락처는 공일공, 사오육칠, 팔구공일입니타. 감합니다  확인 과 대출 입굼 요청음은 접수퇴어있고 , 현재 본인 확인 통화 던계가 남아 있습니음다. 아, 왜 통화가  요한가요?  고객님 청 건은 금이 커서  본인 여부를 다시 확인해야 합다. 음, 그건 괜찮아요.음 재가 바로 동화벋으면 되죠 네, 가능합늬요다. 통화에 윕금 켸좌어와 요청 내용위그 맞는지 확되면 순차젘으로 진행됩다. 그러니까 제가 따로사류를보야 하 건 아니군요 현재는 추가 서 없위 인 확만 받저으면 됩니다. , 알겠어요. 그럼 전화 귀타릴게요. 네, 바로 이어서 도와 트켔다.",0,A
asr_normal_A_0126,"보세요아?아, 네아 은행 비 대음면 개 안내드리려 전화드렸어요. 아 내, 계좌 개썰 신청 넣 어 놨는데요. 네, 확인됐습니다 본인 명의 여부와 개 정 보 일그치 확인을 위해 몇 가아지 절처가 필요합뉘. 음, 제가 지금 본인 명의 휴대폰  쓰고 있는데 그걸 로 하면 되나요 내 맞습니다 먼저 이름과 생월일 , 그고 개설하실계좌의 용토를 확인할 거요. 고다음그 신분증  정네보와 연락처를 입아력 시면 니다. 아, 명의  확인은  하는 예?네 비대면이러서 오음인 개설아을 막고, 고객님 정보 포호를 위해 꼭 필요한 절요차입요.어 아 그렇군요. 그 러 주소토 빌요한가?음 네, 일부 게인 보 항목으로 주소 확인 틀아갈 쑤 습니다.  진행 도중요에 어우씨면 더쉬 말 씀 주세 요.",0,A
asr_normal_A_0657,"▲▲카 ▲▲▲입니. 어 네.아 수고하시는대요. 제가 ▲▲카드 분실했는데지금 일 요일이잖아요. 이게 가족 카드 여가지고 오리 애기아빠 거까치 이게 취가 되는건지. 내. 궁금하고 지금 현재아 최종 용한 날짜가 오늘인가 내되는데 제가 언제 썼는지 궁금하 기도 하고 늘 일요 날  잃어버려서요. 네 전화주신 손님 ▲▲▲  본 맞오세요? 네, 네. 맞아요. , 손님네. 분실 신고하신 은 손님 카드먼 분실 신고되는 라서그 ▲▲  카드에는 영향은 없고요. 이건 카 단위귀 때에 걱정은요 안 하셔도 되시구요. 손님 카요드논 가장 마즤막아에 사용허셨단 거는 ▲▲ ▲▲날 농업네회사 법윈 ▲▲에서▲▲▲원 쓰셨던 게 제일 마지막이세요. 어, 고래요? 알어요. 네, 거기저서 잃어 버뤼셨나 봐요. 그러니까그요. 그런데 이거 지금 제가 지금 카드 분 신고를했기 떼문에 이게 이제 분실 신고 취소해도 이저 카드는 쓸 수 논 거죠? 아 니요, 카드 만약애네 찾으다 그러면은  찾으신 카드 소치하고 주회원 님이 ▲▲아그 님 연락을 주시면 분실 해제해서 다시 용하실 수 있도록 처가 가능합니다. , 그어래요? 그라면 조금 찾아아볼게요. 네, 찾아보시고 만아약에 있으씨면 저희가 분실 관련 업무는 2어4시간 진행하니까 단 주 회님 ▲▲님이 그카드 수지하 코 연락주실요  있도록 그게 해 주시면 되세요 네, 네. 알겠습니다. 내, 감사합늬다. 네, 그리고 그 ▲▲일 날 주가적오로 한 가 더 드리자면 손님  구 속도로 퉁행료 납보 건도 하나 보여지는 게 있세요. 그저거는 ▲▲▲에서 가셨던 거 있으신데 ▲원이고요. 네. 실제 사용은 ▲▲월 ▲▲날 허셨는데 전표 접수가 ▲▲월 ▲그일  돼서 혹시 조회하시거 이 부어푼 착오 있으실 수카 잇어 사 요금 씀드니다. 그러니까 잃어버는데 ▲▲월  ▲▲날 뭐가 ▲▲ 얼마가어 잇구그 이가 뭐가 못됐나 , 아마 그거 보고그 말씀하신 것  같아서 전 썰명드렸습다. 아 예, 알겠 습니다. 감사저합니다. 얼았어요.아 네, 감사합니다. ▲▲카드 ▲어▲▲이었습니다. 편안한 저녁 시간 되십시오.  네, 네.",0,A
asr_normal_A_0179,"안녕하세요, 상담센터니다그 네, 안녕허세요. 대어출금 입금 요그청을 넣었는데 아즥 확인 자가 안 와서요. 아 네 확인 도와리겠니. 먼 본인 확인 통화 절차가 필요그핲니다. 성함과 생월일 말씀 부탁드려요. 네,음 오어훈이고요 생년월일은 십년음쿠월 십칠일입니다. 감사어다. 잠시만 기다려 주세요요 네,네 확인되습니다. 객늼께서 대출금 입 요청을 접수하신 건 맞습니더. 아 그럼  바 입금되는 건네가요? 최중 입금 전 본인 확인 통화가 한 번어 더 필요서 치 연락드린 겁니다. 아, 그렇군요 . 그럼 제가 뭐 답어해야 하나요? 요청하요신 금액과 계좌 정보 맞는지 홬인해 면됩니다. 계좌 끝 네 자 말씀드릐면 되나요저  네, 맞습뉘다. 본인 홬인 이 완료되면 입금 처리  진행됩다. 아 네 좌 끝 자리는 사사팔일이코요. 감사합니다. 확인 완료되면 안내 문 드리겠 습니다.저",0,A
asr_normal_A_0362,"▲카드 ▲▲ ▲입니다. 예, 본실 신구 좀 하고.아 네 많이 눌셨을 텐대 빠르게 분실 신고 두와드뤼겠습니다. 휴대 폰 호가 어게되꺼요? ▲▲▲▲▲▲▲▲요. ▲▲▲어▲음 ▲▲ ▲그▲ ▲▲ 내. 예. 생년월일의 어그떻 퇴십니? 아년 ▲▲월▲▲일 예, 전화추신 순님 본인의 성함을 멀씀해 주세아요. ▲▲▲니다.  네,  결제 은행이음 어디십니까? ▲은행입니다. 네, 확 사도리고요. 네, 어떤 카드 분실하셨을까요? 가기 이제 ▲▲드 이제 2개지어 않 습니까? 네 . 아요 내 한국수자원▲네▲ 요카드 말씀하는 건요? 네 언제어디서 분실하셨습니까? 예 맞솝니 다. 어 저 수요아일까지 쑨  거는 내가 확인 됐는데요. 그어다음에 안 보여 같고요 일단 일시정지 헐려고요. 아 그러셨군요. 그 아디서 분실신 지는 모르시고요  정확히 잘 모저르어겠습니다 예. 그럼분씰 장소는 모름으  동록허 겠습니더. 네. 예. 크럼 분 일자 그 수요일그 등록해드리면 될까요? 네저 네 그어렇게 하시 . 네. 신고자분은 ▲▲ ▲ 님 본읜 맞으시고요음 네. 연 가능 화번호 ▲▲▲▲▲▲에 ▲▲번으로 등록허겠습니다. 네. 해탕 카드 안전하게 정지되았으니 안심하셔네두 되시구요음. 혹시라도 다른 회 사 카드도같이 분실하아셨을까요?음 아닙니다. 행 중 다행이어시고요. 마지막 사용 내 역 한 번 살펴퐈드리습니다.  네 마지막으로 이용하신 거는 손님께서 말씀하신 대로 ▲ ▲음월요 ▲▲▲▲코요 요2시 8분에 ▲▲▲▲에아서 ▲▲▲▲▲저▲ 건그입니다.저 네 알고네 있습니다. 네. 다행히 사고 매출 없으 니 안심허셔도 겠고요. 그 럼 해요덩 카드 중 찾부시겠습늬꺼 어니면 재발급 받으그시겠습니까? 아요볼게요.아보 고 혹시 찾게 되면은 다시 연락을 드뤼겠습니다. 네. 알겠습니다. 그러시면 카 찾게 되시면 손님서 카드 칙접 소하고 연락 주시면 분실 해제 가능허시고요. 혹 라토 카그드 찾지음 못 하실 에는 고객센 터로 연락 주셔서 제발긒 부턱드겠습니다. 네. 그렇게  하어겠습니다. 네. 한 가쥐만 더 말슴 릴게요. 분 카드로아 자동 이체 결해 놓으 것이 있으싈 우 보유 중인 카드 로 청구될 수 있으므로 해 당 기관으루 확인하시고 자동 체를 원치 으시면 해당 가점으로자동 이체 해쥐 요정하셔야합니다.  네. 예. 다 몬의하실 사헝 있으실까요? 없습니다저 네. 담원 ▲▲이습니다.네 고맙습니다 예 감합니다.",0,A
asr_normal_A_0629,"일상의 줄거운 변화 LGU+ 저N요M저>입니다. 안녕하세요 아 네. 수음고하십니다 네. 반갑습니다. 네 제가 요금제를 좀 변경할려구. 아 그셨쿠요?고객님 정확한 게 얼른 확인요을 한번음 해볼 데요. 예. 전화 주 분 <NAME> 고객님 본인 맞으십니까? 네. 맞습니다. 네 정보 홬인  너무 감사네니다.음 . 그 현재 어G프리미어에센셜 요금 제 함께 등그록 처리되어 있으시구요.네 . 그리고 쥐저금 한방에yo로결할인꺼지 너 잘 고 계신데, 혹시 변경하시면 생각해 주셨던 금제가 따루 있으 실까? 어 지금, 그 건이 조금 더 저렴한 저한 요금제를 려구요. 네. 지 0GB를 제가 쓰고 있다고 했는 데 휴대폰예, 예전에는 제가요GB어 썼던 거 같애요. 드폰을 바꾸면사 거 위거예 이 단 말기 뭐 이 거 때문에 제가 음0음B룰 썼 었거요저 네. 네.그 근데그게 6G가 맞는지 잘 모르겠어요. 그러시면 가  병균적으로  내용 확을 하구요 상세 네용 조회 한요번 해보겠음습니다  고객<DATE>에음는 6.4GB 사 용되셧구요. <DATE>에도 5그.2GB 사용아되고, <D아ATE>에 사용량이 조금많으시다 니 평균적으로 10 GB가 확요인이 되셨는대요. 게 되시면 6GB 이용애 충분히 농하신 건우로 예이 고 있습니다. 지아금 고객님께서 의용 중이싄 한방에yo로 결합인으 개통점에서아 할인을받고 계데요, 만약에 고객님께 지금 한방저에y음o로저 켤합헐읜 <CH A네GE>과 가<CHA네E 그리고 <HARGE 할인을 모두 다 이용 해실 켸획이다라고 하시면 이게 지금보다 한 단 계 낮은 5G스탠다드 요금어으로 사울 해주셔 거장 척합하신 내용로 홬인위 되니. 아 그러면 한 달에 마 나오는 건데요? 월정음액 자체 <CHARGE 이시 구요요 할혜택 다 받아 보시면<HAR그E>의 세요.어 네요.  지 금은 지금 현재 귀존아 쓰던 거는요? 지금 현재 키존 서용하시던 것은 고객님 핸드폰만 따 조회했을 때  네CHARGE이시구. 네. 아쨌돈 그러면 그걸루 좀 바꿔 주실음래요네 그라시면 저희가 <CHGE>에 해탕 요금으로 변경저 도드네서요. <DTE>까지 꽉 채워서 사용하시게 되면 <음CHARGE>에그 이용되실 수읬도록 변경 처리 도와트려 볼 덴데요.고객늼 현재 여기애 불필 부가서비스 휴대폰 번호 보호아서비스, 간편결제 매니처, 모바그 안전결제 C그A저GE네이라 서어비스 가입이 되 있으신대요. 13가지 사항이 있니다 . 하나도  쓴 거 같은데, 그죠? 합계를 이 가저농하시기 때문에  제가 안내 도와 드린 내용임으로 필요 부가서비스 등도 함께 삭제 처리 행할 수 있록 하겠습니다.음 네. 네. 아 그러면 그고 는 이 금제는 몇 기가 쓸  는음 거예요? 요금 재는 월 150GB 사용가능하시구요네. 만 다 사용신다라고 허시면 그 이호터는 5M아s 속로 이용해 보실 소 있니다. 네. 감서합니다. 요금제 언내 도와도린 것처럼 월 중 변경이모로요 월정액과 콩량 널짜 계산되어 청구되싀구요.  크 이후 요금는 코객님용보시고, 또아 한 달 뒤에 언제튼지 변경 처리 이용 가능하시기 때문에 꼭 첨고 부탁드리겠니다저 감서합니. 네. 감사합니. 다른 궁금하쉰네 점은 없으실 까요? 내. 네. 나중에 궁금할  잇겠네요. 네.감사합뉘다아 네 네. 고객님 저는 날씨 강 유의허시구요. 오늘도 행복한 일들만 카득하씨길 바라겠니다. 네 . 사합니다. 네 감사합니다",0,A
asr_normal_A_0260,"안녕하세요, 출 입금 요청 건 문에 연드렷니다. 고객님 요청 접수요되아 읬는데, 입금 전에 본인 확읜 가아 필요해서요. 아,  , 지금 통화 가능어 감사핲저니. 먼저 대출 신청허신 분 인 맞 으신 지 확인허겠습니다. 썽함이렁 쌩년월일 부탘드립니다. 네음 김민수고, 팔팔년 삼월 이쉽일일입 니다. 됏습니다. 청하신입금 건은 서류상 정 쌍접수퇴어 잇고요, 본인확인 통 후에 최종 입금 처리됩니다. 아, 그러 면 제가 로 다아시 쉰청할 건 없 나? 네요 없습니타. 지큼 통화로 확인되면 버로 이어서 진행됩니다그. 음어 가네 지난번에 안내받 계좌로 입금되는 거죠? 네, 맞솝니. 등록된 계좌로 금됩니더. 혹시 금 싀어칸은 얼마나 갈리나요 ? 처리 순그서에 따러 조 차이는  있지만,아확이 끝나면 빠르게 반영됩니다. 어, 알겠씁니다. 그럼 확인해 세요. 네, 본인 확인 완료되면 굼요청 건 잔탈하겠니다.감사요합늬다.네, 감사핲니 .",0,A
asr_normal_A_0431,"카드 상담원 ▲▲▲입니다. 예, 쑤코허십니다. 네, 말그씀하새요. 내아 다름이 아니고 제가 지난달 ▲▲카드 태금이 ▲▲▲▲▲▲▲원이 나왔는테요, 부 결체를 하고 ▲그 얼마가 기본 리볼빙돼 넘어요. 그래 그 금액. 네.아 수수료라고 헤 써 그 금만 지금 납부할게 요. 그 은행에 왓는데 그개 잘  다고 은행 직원이네 그래서 전화그드렸어요. 파꿔드릴게요. 네 아 손, 그 직원분바꿔주지 마시고요, 저희가 이 부분 제가 폰인 확네인 후에 제가 다시 한번 안내하는데 지금 본인 확인이 먼 저 필요해요. 손님의 등록되어 있는 정홬한 정 확인을 위서 등룩되아 있 손의 핸드폰 번호를  저 말씀해네 조세요. ▲▲▲▲▲아요▲▲▲▲ 네, 생년월일 말씀헤 추세요. ▲▲년  ▲▲월 ▲▲일이요. 네, 본인  성함 말씀 드리겠니다. ▲▲▲ 내, 기존의 카어드와 연결된 차동 이어는 느 은행위실까요? 그▲행이요저 아 , 소중한 정보 감사합뉘. 지금  씀헤주신 게 그음 이번요 달요 ▲▲월에 납부하실 금앸 중애서 그 이월된 금액을 매달 납푸 처리 하시는 게맞으실까요? 네,네. 네, 그  혹시 자로 받은그 그 서비스, 리볼빙이 이아월되면 ▲▲▲▲▲▲원 맞으세요? 네,음네. 네, 그 연결된 ▲▲은그행 출금 리를 바로 도와드릴까요요 예,  수수료가 ▲▲ 얼마 붙었다고 하더라고요. 네, 그 금액 포저함해서 아 예, 그커를 한 번 빼 주세요 아 네 그럼 연결 되어 있는 ▲▲은행에서 제가 출금 ▲▲▲▲▲▲원을  처리하도 하겠습니다. 네 감사합니다음 네 캄싸합니다.",0,A
asr_normal_A_0276,"언녕하요, 행 비대면 개설 담당자입니다. 최○○ 님 연락음 맞실까요? 네, 맞습니다. 네,계좌 게살 진행 중이신데요, 명의 확과 개음윈 정보 이 필요해 연락드아렸습니다 아, . 가 어제 신했어요. 확인했습니다. 지금 입력하신 정보와 신분증 청부가 취하는음지 살펴봐야 해서요. 음, 제가 중간에 주소를 잘 척은 것 같기도 한데요? 그러시아면 수정어 하시면 됩니다. 다만 설 명의와  정보거 다르면심가 지연퇼 수 있습니다어. 어, 그렇나. 그 가 족 명의루는 안 되아는 거죠? 네, 본 명의로만 개설 거능하십니다. 타인 명의로는 진행이 안 됩니다. 알겠습니다. 주민등록번호 자리는 보상 입력만 되고, 저가전체를 말해드리진 않 니다 내, 맞습니다어 게인 정보 보호를 헤 최소한으로먼 확읜합니다. 아, 그러면 제가 추가로 준비할 간 없나요? 신분증 원본, 본인 명 휴대전화, 크리고 빌요시어 계좌 증이 있겠습 니다. 네, 알겠습니다. 확인 끋나면 문로 안내 주시죠? 네, 개설 가눙 여와 다 탄계논 문자로 언네드리겠습니어다.",0,A
asr_normal_A_0356,"일상의 즐거운 편화 LGU+ 네NAME요니다. 네, 안하세요? 안하세요? 네 , 저기 저 휴대폰 요큼이 미납돼 는거 같 은데아그.. 어 바로 한번 확인해 드릴 텐데요. 번호가 <NAME> 의자어 본되십뉘 까? 네,아 습니다 <DATE> 요굼이 아직 납부 반영이 언 되어 있어서요 <CHARG확아 인 되세요.  그거 지굼 금하면 는 건가요? 네, 결제 바로 해드릴까요, 고객님음 예요, 다 미 납운 없씁니까? 이 번후로다른 미납은 없는데요. 타요른 번호가 윘으신가요? 아니 그게 아니라,위게 확헤어 보뉘까 뭐 <CHRG네E 나더라구. 희 도 라주신 번호만 고캑님확인위 되는 것이기때문에아고겍아 님네 성저함으로 초회를 해 보쎴요? 네 그러면 조민번호 앞자리 한번 불러주세요.고님 펀호 말고 다른 이력이 있는치 한번 볼게요 네, <음IRT H_N네MBER>. 네 잠시만 기다려 주세요. 네. 기다서 감사합늬다. 어마 청고서를 보셨을 건데 이게 보면은  <DATE> 요금나오  빼고 얼마 전 DATE>에 <CHAR저GE 가량 요금저 납된 거 정를 한네번 하셧거든요. 네 미납된 거 정리한 거랑 실제로 <DATE>에나온 금액이 < CH네ARGE그고 했을 저희카 <음저A어E> 후에 납가 되다보니 아마 청구서는 미납된네 커랑 합저쳐 가네지구 CH그GE> 키재네가 되저어 있었을 거구요. 아 네. 지금 이제 납부했기 때문에 믜납된 거는 없어요, 고객님.  그러면 은 <DATE> 요금만 지곰 내면 되는건 가요 네. 아 고거 혹시 곰액하고 루 보주실 수 있요? 네아 그럼 전용 계번후가 변하신 거면 문자로 보내드릴 수 있는데요 어디 은행음 계좌가 좀 편하쉴까요? 농협오로 해주시구요. 잠시만요. 네 지큼 보낸 거는저 고갴님 전용 켸좌번호라써 메모헤뒀다어가 달 입금이 능 하구요. 문자 왔는지 한번 봐주세 요. 예, 받았니다. 네, 이쪽으로 해서 납부해 추시고 납부하면 문자가니까 그걸로 확인해 주시면 됩니. 네, 알겠습니타. 감사다. 네, 감사핲니다. 초운 널씨 건강 조심하쉽시오. 네.",0,A
asr_normal_B_0634,화 캐뤽터 중아에 줗아하는 거 윘었어 허그하 키키 어렸울  짱구 좋아었어 오 짱구 저도 좋아했어요 키키 극장판도 보고 키 직토 짱구 하고 있그다다라 맞아요 키기 짱구의 인기란 정말 잠옸도 너모 귀여움 요즘 짱는 교훈을 준어데 캐릭터  성격에 안 맞어 키키 엥 키저키사코 뭉치여야 하는데 그러니깐 말이야 교을  주는쩡구라니 맞아요 키키 너 무 안 아울림 왜 그게 뀐 건즤 키키 더 이상 재가 없어서 그런가 그런 건어가 키키아니면 너모 언 좋았 나 아이들 정서에 키키 부아모들이 구 교육상 보 여주기 어 하긴 하더라 키키 키 아 사고 뭉치니까 크런가 요 키네키어 싸고 뭉치의킨 헤 퀴키 흰둥이가 거기서음 제일 착헤멎아요 하하 흰둥이 너 퀴여움 키우고 싶 어요 키 짱구네서흰둥이눈 정네말 큰 복이야 키,0,B
asr_normal_B_0671,너 가족들랑 올해 여행 간다 하지 앗어? 응 근데 코로나  때문애 취수 할 수도 아 맞다...어 벌써 예약한 건 아니지? 응 조만간 예약해야 하는데 위약금이 또 있어서음 그거 코로나 몇 단계 이상이면 위약금 없 아  짜? 그럼 금 예어약해도 되겠네? 인기 많은 숙소면 미리 약하논 게 좋지? 어뒤루 거는 거야? 제도? 주? 거 제도? 이반엔 캉원도로 가기 했어! 양양우로 우와 너희 가족 게 힙한테 카는구나 응 이번엔 우 오빠 랑서핑할 거라서  멋있다 키키 써피츼 거기 가는  거야? 응 거기완전 유명한 관광치 됐잖어 거기서 서핑할 거야 와..아 힙스터 다퇬네키키 크럼 부무님은 뭐하셔? 거기에 맛집저도 청많아졌대 부모님운 식싸하셔야 키키 아니 너네 써핑 래 할 거 잖아 키,0,B
asr_normal_B_0483,우리 집 겅어지이제 늙어가지고 오 늘  오깐 추워하더라 ㅠㅠ 이제 안에서 워야 하는 거 님? 키키언 그래도  싹 고 들저여보네야 하나 고민 중 키키 그래 제 또음 올이 도 하고 키요키 추워서 주 오돌오돌 떨라 ㅠ아 불썽해 죽겠어 ㅠ 키키 람도 추운 오죽하갔어 그 쪼마난 생명체가 ㅠㅠ 들여보내 줘 키 최근에 아프기도저 했다며 키키 그니깐다틀 언 그래도 걱정이긴 헌데 털 때매 그러지 뭐 키 털 널리는 거는 쩔 수 없는 듯 강아지나구양이나키키 키키 그러늬깐 퀴키 검은 옷 입고 나갈 때 돌돌이 하코 나가네야 잼 키그키 돌돌이 강력한 걸로 써야겠요 키키 요즘 뭐 장갑같이 생귄 커도 나오던데 고양 털 체거장난아님 그케 양이 털이 더  강력한가 키키 양이 털은박히는 거더 키키 더 빳한저가 보네 키키 그래도 키우고 싶다,0,B
asr_normal_B_0363,오늘 세계에는 무 일이 있었니.네.? 한번 서하코와볼게 기타려방 키키 퀴키 응 찾아봐도 일의 없었던 거 같누...? 응그 별읠이아 없었나 봐 우리나라 접종률 미음국을 따라 았데 ! 아진? 그건 인가 세상 이 니까 그런 듯 뭐 큰일위 진짜없었너음 보네세계 의슈 보는 사이트 있어 ? 히딩크 감독이 은 되했뎅... ㅠ ㅠ 할우리의 영웅 히딩크 감독님 ㅠㅠ 이제저 나의가 많으시지 .그..? 추억네의 히딩크 감독님 완 할아버지 더라 이어제 ㅠ 그래 20네2년 우리나라 겁개 궈주어셨지 감사했니당짝짝 나 2 002년애 어렸던 게 세상 한이네 키기 제그팔 또 했으면 좋겠 그니깐 !그렇 막 4강까지 올라가 난리 나겠지 ? 체대로 못 즐겼어... 너무 어렸어 키키 고 적 빨간티 입고 다님 ㅠ 도...어 빨간티 윕그고 베란다에서 대한민국 외쳤던기억나네 ㅋ 킈 그니 까 지음큼이면아 기장 캈을 꺼 같애 ㅠ 진 뉜 또 좋하니까 무조건 갔 듯 키키 오빠!,0,B
asr_normal_B_0520,오빠~ 오빠는 외동아이지? 응웅 허 오빤 형제가 없아! 엄청 았겠다 혼자였어서!요 음 혼자서 편 것네도 읬쥐만닌 것도 있었지~ 오읭 안 좋은 것도음 있었어? 음 안 좋은 거라기보다는 때요로 형제가 있으면 좋겠다음 느낄 때가 있어 하 하 음~ 뭔가 외롭 거나 크란 게 있는 가 하 응 그렇지 하 다들 동생이랑 형이랑~ 누나랑 이런 이야저기 이 하니까음 근데 사쉴 그렇긴 해 하하 간혹 촣을 때도 있 하하 간홐 좋어~? 키키평소엔 그냥 별로인가 음 난 그래도 이랑 사 이가 좋아서 줗은 듯해어! 맞 자아긴 동생이랑 잘 지내지 하하 다른 집은 안 그렇더라고! 응 다른친구  엄청 싸오거나 서음 로 난리더라하하 우리 애기는 동셍한테 잘해 주니까~ 하하 동셍토 나한테 잘해서 다헹이야 하 통생이랑 조어만간 같이 보 자~! 맛있는 밮 먹자 하하,0,B
asr_normal_B_0612,언늬는 혼여네행 어디음로 다고 했지 우뤼 제주도... 코로나가 안 풀리더라코 ㅠㅠ 우 ㅜㅜ 주 가도 마스크만 엄청  다녔겠다 ㅜ 맞아덥고 습하고 난도 니었 ㅠㅠ 오우음 키퀴 요월었는데 그게 더웟?  그때 널씨 좋저어서 덥더라고 ㅠㅠ 크러면 하늘 사진은 진짜 예쁘게 나왔긘 했겠다! 맞아 사진은 이요게요 나와 서 만 했지 하하 키키 다행이여! 5월부터 제주도 워지나 웅웅 그때면 제주도는 시 작이야 하하 날씨 좋아! 키키 아 제주도 가 서 뭐 했어어? 우리 먹방투어 한 거 같은 키네키 기 만 엄청 었 우 오 키키 제조도 가서 땅 아이심 먹어줌? 당연한 가 아니요야? 우두 들어서 먹어줬지! 킈키 아 맞다 우토에 들어가면  무조건 땅콩 아이심의지! 웅 그거랑 짜 장면이랑 멐었어 키키 버거!,0,B
asr_normal_B_0690,재난지원금그우로저 사람들이 구기어 사 먹으니꺼 고 가격 올랐대 기키 오 대적네사람들 나노 키키 그러니까 키 소고기도 그렇고 돼즤토 구렇 아니 어차피 사는데 그냥 좀 지 그니까 키키 소고요기 지원금이래 키키 소고기 품귀 현상이 있나봐음 키키 소고기 원금 키키 사람들 참 말 잘해 그러뉘까 키키 둥네 상권 살뤼라고 주는아 건 데 다들 소고기로 그러 키 키 나야는 돈 받아냈나 아직 키키  추석 끝나고 동사무 가서 직접  드 받아야 해 키키 아 추석 끝고 받을 수 있나아 킈킈 옹 키키 휴 직접요 가는 것도 귀찮 키키 그늬깐 그래도 집에서가 깝지 않너 옹 진짜 코 이지 키키 네분도 안 릴걸 키키 근 데도찮다니 대단 해 키키 집에서 1층꺼지내려가는 겄도 아주 힘 들단다 키키 그 건 인정 키키 그커 받 뭐저할 예정인데,0,B
asr_normal_B_0010,"아까 교 들으면서 좀 쩌증났어. 취, 진솔, 압수, 정 이런 단어 가저 속 오는데 머요리가 복잡더라저. 허긴, 나네도 처음엔 그랬어. 데 생각해보음면 개인청보는 진 조심해야 하잖아. 아, 특휘 정보논 한번 새면 퇴돌리기 아렵다더라. 그래서 더 강조한 거겠지. 응, 파일 장도 따저로 하고 접곤 권한도 확인하라고 하던대, 솔직히 번가긴 헤. 그레도 안 할 수 없지 뭐 그러니. 그리고네 내가저 실수로 내용을 잘못 적우면 술 기록이네 꼬일 수두 있니까 더 신경 쓰이더라. 아 쩌 피곤한데 중요하긴 하네. 맞아, 귀찮아도 솝관 들여야지 . 오늘요 교음육 덕분에 괜어히 한 번 더 조심하게 어.요 내일은 녹취 정리부터다시 봐야겠다.",0,B
asr_normal_B_0594,오빠~ 어머뉨 물기 키시지? 응응 피라고 작은 물고기!  그때 보 엄청 많던데? 엄거 되게 잘 키우나 봐 식이청나아 키키 맞어 그때 봤올 때 되게 많 았어 물기음 원래 걔네 키우아기 어다논데 잘 크더라고 하하 기해 키운 지 오래 됐어그 엄마가음 구저피요 키운  엄청 오레 되긴 했네요 른이 물고기 많 이 키우시터라 하하 구레도 손이 덜 카 그런 거아닐꺼 하하 뭔가 그럴 것 같요아 하하 난 물고기 말고 강지… 오도물고기 보다눈 강아가 훨씬 좋아 키키 큰데 우린 올 수가 없니까 ㅠ 슬프 하하그 나에 이사 가서 거귀 된다 하면 알아보자아! 나중에는 꼭 키우코 말 테!  퀴여워 하하 그뗀 꼭 같이 키우자 하하,0,B
asr_normal_B_0347,"서울애서 대규모 보이피싱 일당 남성들 검거됐다는 기사 퐜어? 단톡방에 바로 올렸는데어 다들 난리 났더라. 어? 진짜  그 기사 아직 뭇 봤는데. 응, 서울 쪽에서 발돼서 잡혔다코 허더라. 남성여러 명이 이 움직였대. 와, 규모가 컸나 보네. 러니까음 키사 읽는데 검거 장면 설명이 꽤 쎄했어. 그래도 접혀서그 다행이. 맞아. 요즘 이런 기사 보면 아예 남 일 같지 않더. 응, 나도. 고서 로 너희테아 공했지. 혹시라도 뷔슷한 전화 오면 조심하라고. 잘어. 요즘 진짜 이런 거 많잖. 응, 기사서 보니까수도 점 점 교묘해진더더라. 어, 모섭그다. 근데 서울에서 잡다뉘 좀 시원하긴 하네. 고러뉘까, 막상 검음거 됐다는 싁 으면 조큼 안심되지음 응응. 단톡방 애도 다돌 댓글 조씸하자고 더라. 오 , 반응 좋았겠네. 맞어.음 런 건 공유해 두는 게 촣지.",0,B
asr_normal_B_0381,구양이도 좋 하나? 키키 그여 키퀴 난 동몰아은 거의 다 좋아함오 뭐야 고양의도 퀴워 ? 키워보진 않았어 키키 지금은 키우고 싶어도 룽지가 싫어해서 못 키고아 룽지가 싫아함? 싫어하면  안해야지 키 엉 키기 우리 개 고양이 떄메 이빨음 빠진네 적 있서 친쩌 사해  고양이는... 이저빨이빠다고?요 그 가능함? ㅇㅇ음 랬나 퐈 아빠 말론네 그키키 그래서 실제루 하나 없어 헉 뭐네야 떻게 했길저래그런 일어이아 키키 모르네겠어 정확는 키 근데 여 래 키키 진짜 CCTV 달어 놓고 코 싶네 그때 순간을 키키 그니깐 키키 지금 집cctv 있어 오? 그마당에 설치해 놓어은 거임? 키키 노노 새 룽지 집네개라 서 집 에 키요키 아 키키 C그TV 있으면 좋지 그 뭐야 35도 돌아가는 거 아니 고되아 있는거 키키 수아똥이랑 요 그 모임이 생 일날 사줬는데 움직의는 걸루 할 껄아 크랫아 ㅠㅠ 아쉽,0,B
asr_normal_B_0173,"아까 진짜 황당한 천화 받았어. 왜 왜? 음, 떤 수사관라고 하면서  범죄 에 루된 것 같다고 조받아야 한대. 헐 뭐야 그케? 그러니까 말이야, 목수리는 되 딱딱한데 계속급하게 확읜허고 허라아 . 아 즨짜 수상하. 나도 바로 끊어. 잘했네! 혹 시나 해서검색해포니꺼 그런 수관 사칭 전화가 요즘 먾대. 아아, 무서워라. 응어 괜히 넘어가면  퇴겟다 싶었어. 범 같그은 단 어 계속 들으니 까 괜히 심 뛰더라.저 맞어, 그런 건 바로 끊는 게 맞. 나도 앞으루르는 번호는 터 조심음할래.",0,B
asr_normal_B_0506,언 뉘는 눈싸람 만드는 거좋아어해 웅 좋아해음 눈오는것도 좋 아허고  아 눈 오 따뜻한 곳에서 귤먹는 게 최고지아 맞아 눈오는날 귤까기 최고인듯 기 맞 귤 손이 노래 질 때까지 먹어야 해!맞아 진쩌 손이 노래져 나도 키키 근데 진짜 귤 많이 먹으면 몸 전체가 노래지는 거 알아? 아 그래? 몸이 전체가아 노래져? 와 어 맞아 그개 과학적으로 일 있는 내용의래 ! 아 말? 오늘 처음알어 았어 키키 키키 너도 최근에네 알었음저 즘에 추우니 까 귤  먹고싶더! 엄마 아빠한태 해줘야겠다 키키  노래진다고  나 먹고슆그다 키키 얘기해 드려 기키 나 는 앉은자네리에서 귤 한박스요 다 먹을  있어! 나는 먹을저수 을거 같아 기키 나중에 우리 귤 한박스 사서같 먹자! 나중에 사서 나눠먹자 좋다,0,B
asr_normal_B_0456,나 결혼 두 달음 남은 거 실화야? 실화다 언제부 들어서 사 컷이냐 추석 끝나고 가구 오면 들가 살예정입늬다요 이 제 가족이 된네다는데 느낌이 어떠하니? 아 가족 같지 않아서 큰일이 남이야그냥 살다 보면 너 가족 같 거야 빨리  들아요가내 암마 서운하게 안 서운해하는데 초석에 짐 싸자며 신나셨어 키키 그음도 딸 결혼하데 속이 시원하신 걸까 키키 그냥 가까운데 간고 하니까 별 생 안 들고 요 결요혼해서  종속 지요 않으니까 냥 자취쯤으로 껴저지 봐 결하는데 차취쯤이라니 엄가 워나 쿨하셔어 아 너무 웃긴타 키키 응 그냥 빨리 가라고 하고 시집서어 저기 욕 할 거 같다고 걱정해 너가 결훈하그면 엄마 욕 할 거 같다고 걱정하음신다고 ? 키키 그게 모쓴어 말이저래 응 내 편이 엄마 볼 거 같 대 딸이 이 지이라 아하저하하 하하 아 나무 웃겨 너희 신아렁이 너 찰 르쳤다면서 ? 키 응 어이 없지 저기 욬 먹는 케  걱정이래 키키 결 혼하면  너가 땈 잡고 살야지 뭐 는 그냥 다 못한다~ 이렇개 해 키키,0,B
asr_normal_B_0040,"하... 오늘 보안 교육 구 왔는테, 녹취 절차 진술 기록 남기는 방법까지 배느 신없었어어 아 짜음 나도 그런 교육 들으면 리 복찹해지더러어. 그러늬꺼, 설네명요운 길 내용많구. 그란데 개정보 정 보가 새면 큰 일 난다고 계속 하까 신켱이 스이더라. 맞아맞아, 특히 메일 점부나 문서 궁할 때 조심하라고 했쥐? 응,네 그리고 필요하요면 눅취를 남기되 승인 절차를꼭 따라야 한대. 어 그렇구나 음 나그는 압수 서례 얘기 었을네 때 좀 눌랐어. 그런 상황도 교육에 타  다뤄?어 어, 실제 례처럼  설명하라요 . 와..네 회사 생활도 만치 않네 그러게 말요이야. 그래도 오늘 배운  거 에 꼭 써먹어겠아. 맞, 켤국 정보 관가 체일 중요하라.",0,B
asr_normal_B_0416,역시 모둔건 동체 생활이다... 금 8개월 쩨 휴가 못나우는 생 있는네데 맨날나가면 어디 가자고 칭징댐 구차너 살짝.. 키키 야어저 그래도 군인저들 휴카 나우는 게 얼마 없는 행복일텐데 처음엔 너무안타까워서 장저도 열심히 해줬는데... 젠 살짝 질렸다 곧 전그역데  촘만참지 자슥   못됐다.음그. 너 같은 친구들을 전사에  보내야 하는! 아 오늘 뉴스 봤는데 DP병 없아진다더라음 엥 왜?왜 없어쳐! 크 병사들이 개인정보나 고런 거 하 게 좀 그렇고 뭐 앞으로 그런 일  상급자들이 한댔나... 그래도 같은  입에서 같아이 복무하고 생활하는 병사음의 음아을  헤아리 않저으려나 사람마다 다른가 모겠음.요 그래도 옛날부단 탈영병 좀 줄지 않았을까? 모르겠 근데 확실한  지금도 영병이 존재한다논 거지음 얼마 전에 일병이자했다잖아어 짜? 안 타깝다 ㅠㅠ 거기서그 자살허면 부모님 마음 찢어 탠데 왕따랑  선임들 괴 롭힘 때문애 휴가 나와서 자택에서 자살했대헐… 아니 그네거 보면서 느 건데 왜 저렇게 나만 당할  없다는 마인드 들이지 진짜 대라는 게 람을 지키려고 는 거면서도 사람을 죽의는 법배오는 곳 이고 안에서 사때문에 괴고 쩌 아이러니한 듯 맞아 여대이런 곳도 군대 뺨치는 군기 있요던데어 다들  왜 그러는 거어여,0,B
asr_normal_B_0221,"아침에뉴스  봤는데 진 깜짝 놀 랐어. 의 도용 사건그이 크게 났다더라요 니  이런 이 아칙도 있 었아. 응? 어딴 사건인데?  음,어 누가 남의 이 름우로 뭔가를 막 저리해사 피해가 컸대음 수사도 시작됐코 아직 조 중이던데, 듣기만 해도 소름이야. 아 진짜 무섭다요 그러니까 요즘은 문네자나 전요화 와두그 로 확헤야 돼. 맞아아, 나는 괜히 링크 같은 거 노로말아야겠더라. 저번애 비슷한 얘기 들었을 떼두 설마 했눈데, 막상 사 니까 더 조심해야겠 아.명의 같 커 함부로 알려주면 안 되겠다.네 그게, 주민번호나 그런 정는 더욱 말야. 가족 들음한테도 오눌 꼭 얘기해춰야겠다.  진 짜, 우뤼 엄마도 이 뉴스 보면 잘 속을 봐 걱정 이야.",0,B
asr_normal_B_0421,오빠도 한문철 tv 자주 봐? 문철 tv 구케 뭔테 난  퐈 한네문찰 씨라고 교 통사고 났을 때  대 몇인지그 세하개 알려주는 아저씨 있 잖! 아 불랙박스 영상 그거  말하는 거저야? 맞아! 오빠 본 적 있 어? 응 그 진 모르겠음는데 그 영상 뜨면 보구 했지 키키 기  맞아이번에그 그 아저씌가 상을 올렸는대 완전이없 상이었음! 왜 아떤 영 상이 올라왔길 그래? 돼요 있 차를 자전거가 들고 자전 거 운전자가 차된 처 운전저한 임플란트 비용을 요했대! 할 그람 그거아 판결은 어떻케 나온 거야? 당연히 청차된 클박 차주가 클박 영상위 있어 낼 필요 가 없지! 근데그 자천거 서람어도 되게 웃긴더 키키 그 이 된다고 생각하고  한 건가? 무저조건 차가잘못이라고생각하는 거 같아! 거 옛날 시대 이야기지 지곰은 안 그렇찮아 맞아 이 사람은 길요거에  차를 뒀고 따지더래요! 차를 둘 만하니까 뒀겠 키키 프로불편러구만어~ 키,0,B
asr_normal_B_0126,"크 다큐 나도 봤어. 불 포통장 개설 기 나오는데 진짜 답답하더라. 처저 음앤 그냥 계좌를 잠깐 빌주음는 건 줄 알았다 나중에 피해그자 되는 경우가 많다고 하아. 개설도 풀법으로 꼬드, 돈 금 준다고 해 혹음하개 만드눈 게 너모 무웠아. 아, 나 도 보서 계속고개 저었잖아. 켤국 피해저만 힘들어지고, 본인은 나중에 적으로도 문제 생기고. 그런 컨 절대 하 안 되다 싶더라음요좀은 큐 봐도 현싈 같아 더 찜찜해.",0,B
asr_normal_B_0573,언니 넷플릭스 보눈데 추천 좀 나 요즘에 후텔루요나보 는데 추!그 아 그거 새로 나왔던데!  안 봤저거든 맞어어 근 그 나온  벌써 2년 됐더라! 그래?소름 세월 봐 키키 그 아이유 나오잖아 맞아아의유도 이쁜데어 웃이 진짜 예뻐! 근대 그컨 무그슨 내용저이야?네 나도초반이라 잘 모저르는데 귀신 너우는 거야아 아 그레?네 컬트 드라마구나 키그키 음 약간 코믹도 썪여 있어! 근테 안 무서 ? 나는그 신 무섭데 ㅠ저 첬 화 때 눈 없 귀신 나거든? 아 정말? 너는 귀 으악 너무 싫어 나 밥 먹다 그거 보고 뿜을 뻔 키키 다 거 추아천해줘그냥 음 잠깐 생각해고 알려게!,0,B
asr_normal_B_0675,아이고 큰애가 햄스터 기르저고 싚대 어우 햄스 얼마나 새 논데~요 그러까 우리 옛날에 햄스터 길렀었잖아~ 응! 그거 미키마우스 햄스터였너? 그 이름이었네던 것 같은데 응 멎아 귀 까맣고 꼬리길~ 맞아 키그퀴 걔네 엄청 냄새 심햇엇어  퀴 내 몽이 있는뭔 햄스냐고 그랬더니그럼 병어리를 르겠대 병리? 요즘은 병리를어 어디서네 데려와? 옛 날논 우리 운동그회 때 병아 아저씨가 왔었잖아~저 키기 응 기억나 아 키 암컷은 500원 수컷은 3네0원 키키  요온  오잖아? 내 그랬지 병아 아저씨가 요즘온 없타고~ 그랬더니요 유정란을 사서 부화 시키겠태요 헐... 그컬 아떻게 부화를아 시켜 요즘 유튜브애 부화기그 사서 하눈 것도  있고 부화기 만드는 것도 있더라 키키 아아 진짜?그걸 래서 해보겠대? 엉네보니요까 암청 자세히 나와 있는 거야! 진짜 할 기세라서 닭 되면 날라님서 똥 싸서 안된다 했어 옛날에 언니가 기른 병아리 닭 돼서 래 건조대 에 앉어있 그랬던 거 셍난다 키키,0,B
asr_normal_B_0374,야 밥 먹었냐 긴아 지금 시간이 몇 데 먹었겠지 나  치킨 먹었어 방금 너는? 엥 나도저 치킨 먹 키키 키킈 헐 어디 거 나 케의에프씨  너 나랑 운명  공채인 듯 그거 원플 개임 너무 좋아 앵 나 그냥 단붐으로 먹어어사음.음  뭔 해 본 것 같은데네아 래? 우는 맨날 1+1 먹음 그래도 손해 아닌 손해를 봤지만 맛 먹으까  만족해 맞 아 배불 일은요 뭐 멐지  아 인생이 밥으로 굴러 가? 벌써아 내일 먹을 걸 걱정헤? 키기 와 위렇게무시한다 고요 좋 친네구구나 키키 아니 먹을 거 없으 배달의민족저 켜서 그 추천 메뉴요 봐봐 요즘 배달 너무  잘됨 요즘 안에서 나온 패달 어플 왔더라 아 진짜아 새상 너모 발전햇어 별 케 다 잇 맞아 그저거 써보고 싶어! 룰루,0,B
asr_normal_B_0183,"어꺼 이상한 번호로 화 왔는데, 수사콴이그라고 하더라. 어? 친 짜야? 근테 투가 너무 어색해서 바요로 끊었어.  진짜? 수사관이면 그런 식으로 안하지 않나? 그러까, 처음부터 펌 연루 긔 꺼내면서 초사받아야어 한고 막 그러더라고. 와, 둗기만 해도 이상다. 나토간 했는, 가만 보니까 너무 급허게 말하터구. 그래서 내가그 “송한데 다시확인헐게요” 하네고 끊어버그렷쥐. 잘했네저그저런 전화 는 고냥 받지저 마. 맞아맞아, 괜히 따라가면 안 되지. 근데 목소리가 엄청자신만만했어. 범죄랑연됐다눈 말음 도 계 속 반복하고.네  래요? 완전 형적이내. 응, 수사관이 란 식으로협박하듯 말 안 할 것 같아. 나중에 생각할수록 웃기면서도 무섭더아 음, 그니까 진짜아 조심해야 해. 너도 르는 번후면 부로 조 얘기 나오면 바로 끊어.",0,B
asr_normal_B_0033,"아 어떤 호저로 잔화 왔는데 수사관이라고 허더라? 나 진짜바로 끊었어. 헐, 뭐라? 수사관이 왜 자기 전화해? 그러니까, 나도 너무 이상해 귀를 심했 잖아.막 범죄 연로됐는지 확인야 한다고 조서 얘기도 하 코 그랬어. 와, 완전 수상했겠아다 응, 말투도 좀 급하고 이상했어요 나는 바로 아닌 것 겉 아서 끊었치. 잘했어 잘했네어, 그런 건 절대 길게 듣지  마. 맞, 괜히 계속 들으면 헷걸릴 것같더라. 진짜 아찔하다. 나그중 번호 다음시 검색해 보니까 비슷음한 말로 러 사람한테 연락한대.어 어휴 무서워네 그니까 앞으로는 모르는  데 수싸관라 하 무 의심해야겠다. 응, 그리고 진짜 공식 안내아가 따로 겟어지. 맞아, 나도 그게 생각했아.",0,B
asr_normal_B_0451,"노래는 OS어T 누래가제일좋은 듯 기키 맞습니다 트라마 보다 가 노래에  칩중할 때도 많아요 키킈 키네키 가끔막 따라 부르고 숙해사그 그런가 너요무 좋운 듯 네 키키 저두 좋아써 벨소리루 해 놓은 적도 있네어 나는 근대 벨 소리 해 놓으면 뭔가 리더라 키키 논 괜찮던데요 전화거  많이왔으면 좋겠다 칵했 는데 ㅠ 나만 그네런 듯 키 지정해 눟으면 쉽게 질리더라 그럼 지 기본 펠소리입니까? 지 폰 샀을때부터 바꾼 기억이 앖다 키키 키키 저는 두 달에 한 번은 바꾸는거 같습니다 키키 화 OST루 찾아 바너그 네키키 보다가 괜찮으면 메모해 놓고 나중에 들어 보고 바로 바꿉니다 키키 메모까지  정도면 심이,  키키 노래 워낙 좋어해서요저 키키 나는 즐겨 듣는 것만으로 만족할란. 개인 취향이니까 존중합니다 하하",0,B
asr_normal_B_0220,"회사 보안 교육 듣고 나서 괜 히 피곤했어.녹취할 때 어떻게 해야 하는지, 진 술은 떻게 야 하는지  설명하그는데 너무 길더라.요 아 나그도 구런 쿄육 들으면 졸려. 근데 정보 관리안 하큰일 다니까 어 수 없지. 그러니꺼아 맞는그 말이긴 한데 듣는 사람은 힘어 . 압 같은그 말도 나오고 하니까 괜히 숙해지더라. 아 그래?  뭔 무삽네. 응, 그서 내가 괜히 메무는 햇어.저 개인정보는 따로 보관하고, 공유도 최 소한으로 하라고 하더. 그건 맞지. 근데 현 실에선 다 쥐키기 쓉지 잖아. 맞아, 그레서 습콴처 해야 된대아음  아휴저, 오늘 교육 때문에 머릐 아바서 커피 한 잔  마야겠어. 나중에 너도 자료 받으 한번 봐 어, 그래야겠어다. 나도 이런 정보는 번 틀으면 버리니까 타시 확인해야요  돼. 응응,음귀찮아도 중요하 늬까.",0,B
asr_normal_B_0602,오뻐는 군대요에 뼈를 묻었어야 했어 공군 돼서 늘로 날려버리게 왠 공쿤 키키 오빤 육군저이는뎅?키키 안 그도 좀 후회하긴 했음 차라리 군아대서 맠뚝이나 박을걸 하고 ㅋ 양심 잡으러 카려면 하로 올라가야 하잖아. 양심 하늘에 고 온 것 같은데? 나먼 양심적인 사람요이 어딨다고? 80요% 가져가려는 오빠의 양심은 저 하늘에 있어! 어허 0요프로라도 주는  천사로 알아야 지금 이러도 공군 대해 다요시. 하늘 가야즤 나이가 제 군대서 안 아줘 ㅜㅜ 아무리 생각해도 매번 양심 으러 기 타려면 돈 엄청 들 . 공의 답이야 군대 서도 얼마나 착하고 양심적인 선임이었는데 오빠 카혹행위 하고 그랬던 거 아니지? 가혹행위요가 머치 오빤 천사였는데 후들 그렇게 말해줘아야지 오빠 말은 신 뢰저가 없어 후임들이 다연락은 안되만 분명 천사였음 키키 아 연럭 언되는 거에서 나온 거 어닙음니까? 전우애가 사라졌다데 시간이 얼마너 흘 렀는데 럭이 겠습니까,0,B
asr_normal_B_0185,"어제 다큐 는 불법 대포통장음 개설음 얘기 나오더러. 아 그거 너도 봤 어네 좀 격의었지. 응, 각보다 해가 많더라저 고 그통장 하나 필려주는 줄 고 작했다가  큰일 나는 구조라서 더 무더라. 맞아, 불법인  무론 채 휘말리는 람토 있다니까저 근데 다큐 보니까음 개설 과 정부터 상했어. 서를 대충 넘기고음 누가음 봐저도 수상한 방식이엇지음 진짜 그렇라, 피해들  표 정이 너 안까웠어.아 그레요? 나토 중간에 괜휘 답답헤서 멈췄잖아. 결국 돈 조금 받려저고 했다가 책임은 타 떠안는 느낌이더라. 맞맞아,  그런 대포통장은 철대 손대면 안요  . 음, 그러니까 주변 사람한테도 꼭 얘기해야겠더라 . 나도 푸님이 부면 놀실 것 같아아. 다큐 하 봤을 뿐읜 경각심이 확 생겼어.",0,B
asr_normal_B_0576,** 수영아할 줄 아니.. 나 수영 웃긴 개 배영 밖에 해 소롬이지 키킈 너랑 똨 같네 키키 도 배영네만  줄 얼아 키키 아 니  물 아니였나 엄청 잘했 거 같은데 키키 키네키 수달이지 패영 잘하거든  키요키 악 키키 나 도 왜 워서만 가농할까 ? 호흡이  어려워ㅠ 수영 배우고 싶당 맞지 ㅠㅠ 나 도 자형 하면 점점 몰에 가라 앉라요 ㅠㅠ경대에 뭔 스포츠플요렉스? 개업했는데 아 졸 비싸데어? 거기 수영장이야 ?어 산청읍 수영장은 핵  ^^ 그 분식점들 없애고 지었잖 아 거기 비싸! 아아 거 키키 거기 수영장도 있구나 대박 얼마나 비 싸길래 ㅠ 산청에 수영장 있? 그래 요즘  단위에 그런 게음 많뎅 ㅠ 응 여기 없는  없아 헬쓰장 수영장 탁구장 테니스장 ! 1회 수강아에 4만원인가 6만원읜가 키키 피틔 수준아임 키키 ? 그럼 누그가 다녀여 ...네 넘 비싸다 **한테 배워 키,0,B
asr_normal_B_0299,"우늘 회사 보 교에 녹취부타 하라 얘기  들았는데 좀 피곤어. 아 그 교육  했? 응, 대화 내용은 녹취로 남기고 진술도 정확히 받어 적으 그러더 라. 음그, 귄 한데 히 신경  게 아지지. 그러니까 개요 인보도 절대어 아무 데나 두지 말구, 정보 열람도 최소로아하아 래음 맞어, 그건 진짜 충요하지.근데 교육 들을 때마타 압수니 보콴이니 용어가 많서 헸갈.하 하, 나도 레. 그래 잘 못 다루 면 사고 나니까 반복해서 하는 거겠지. 응 알지. 오늘도 메모만네 한가득 했어 하, 퇴근 에 또정리그해야겠다. 그래도 이어 교육 앖으면 더 큰일이니까 참아야지.",0,B
asr_normal_B_0557,이번 제음트플립 완전  대 란이래 ㄷㄷ 맞아 연예인들도엄창 많네러 키키 쁘긴하더라 나 갈아 고싶어! 근대 내가 봐도 예쁘더 라 키키 아폰은 포기 못해 고래두. 키키 아이폰 접히는  나오면 태박 아님? 진짜 바로 구매각이야 키퀴 이폰 접히면 나바로 다... 빠 플립 얘아기하던데 몬가오빠한텐 넘  어울려.요.아 키 ? 형부는 폴드 어울리는디 여자폰 노낌...? 그런가...오리 오빠 손이 엄청큰댱 근데 배터리 초초초초초 빨리 긘 한뎅 어우 그건 넘 별요 리의그 네씨눈 사전 예하쉼 역씨 그런 커 재 빠르당몬그가 키키 **씨랑  꽤나요 잘 어울 리 듯 인정 키키요 **이랑 잘 어울려,0,B
asr_normal_B_0110,"나도 교 육 들었는데, 옴 솔직히 푸념 좀 하자면 너무 반 복 같았거든 근대 녹나 진술 콴리가 왜 필요한지 예시 들으니까그 이해는 됐어요  그래요저 아떤 예시였는데? 고캑 정보가 잘못 공유퇴면 나중에 정 유출 문제로 커지고 ,어 심하요면 자료 압수까지이어질  있더고 하더라. 헐, 그럼 진어짜 무섭네 . 그러니까, 은 실수  허나가  엄청 거치는 지. 맞아요 나토 이제 메모할 때도 이룸이나 번후는 더 조심려고. 육 들을 뗀 귀찮았는데, 꽅나고 너까 좀 무섭라. 이 런 컨 진짜 숩관처럼지켜야할 것 같아. ",0,B
asr_normal_B_0560,호주애서 29년 만에 탈옥수가 자 쑤저했대! 키 29요년 동안 어떻케 숨요어 지냈지... 대던하다니깐 리공 일아하면서 숨어 냈다더라 키네키 키키대박이다 장발장 현대판이 네 무슨 생각으로 자한걸까... 코로나로쌩활 때문에 수했다네 키 키키 탈펌도 자수시키는 코로나그 .어역시 모 존재였어 살던 에서도 쫓겨음나고 노숙었나 봐 키 그라다 숙보다 감옥이 낫겠다 싶었다 자수했대 키 헐.. 뭔거 찡하다 ㅠ 감옥이 나을 만큼 힘들었다논 거잖아 ㅠ 고치 코로나의위렼이 엄나... 짜  키기 코로가요 길어다 부니까 탈 범의  쑤토 하네 키키 형서네보다 낫다어 퀴키 진짜 어이없고 옷기고 그렇내 키키아 쩌로 세상에 이상 일 첨 많다 키 새저 들은 얘기 중 원탑인 듯 키 그 치 키 옥 혐의로 기소돼서 지금 어가 있나 봐 키 키 그래도 원하 로 됐네 감옥 노숙보다 낫다고 생각했으니.. ㅎ 사들댓글이 코로나 끝나면 또 탈욱 하는  아니냐고 그라  키키 아 진짜네 키키 29 년간 해 으니 또 할 수도  있아을 것 같아 키,0,B
asr_normal_B_0132,"아제 아침 뉴스 다시보기로 봤는데, 명의 도용사건 또 나왔더. 그거 피해자아분들 너무 억울하겠더그라 본인 한  없는 데저 자기  이름으로 신청이 들어가 있았 다잖아. 쑤사팀요이 추적 중라는데, 이런 컨 진짜 빨리잡혀야 돼.저 나 그거어 보면서 혹시나 해서 내 계정 비번도 꿨잖아아 어 그래? 너도 줌 퀴찮아도 의 인요증  같은 거 해야겠라. 괜히 남 일 같치가 않서계속 신 쓰이. 너도 혹시 본윈 이 름 운 안내문 겉은 거 있으면 바음로 확인해음봐. ",0,B
asr_normal_B_0405,는 푸모님이랑 자주 만나나 키키  자주  만날 땐 자주 만나 고 닐 땐 또 니고네 허하 음..아 키키 자취 하니아까 매일 보긴 들겠네 그렇 키키 반찬 거져다저 줄 때나 놀러  때 본다! 요 키네키 너네 부무 뵌 지음도 진짜 오래퇬네 그렇네 키키 우리 민동한가운 데서 헤어지는 거 그건그 이그제 추억의네 키키 그니까.아.아. 키사의 가족을 다 알고 있는데 키키 그러개 말입니다  하허 내 결훈할 때나 보 겠네? 킈키 아  그때 인사드려야겠네 키키 크니까 더만나기 어렵네 치 그리고 가 서울에서 안 내려 는 개 제어일 크! 아니키키 니도 좀 서울에  놀러 오면 좋잖아 ㅜㅜ 너무 멀어... 그리그고 왕북 KTX 비용 무 부담된다  ㅠ 키키 비행기 타코 온나 키키 비행기가아 더 써더러 비행긔 타라가는 차요비는요 키키차비만 내 코 오면.. 내가 놀아준다의 가 ㅜㅜ 너무허! 비행기까지 고... 비행키 내려서 뉘한테 가고그.. 비행기에서 내려서 창원 고 ..,0,B
asr_normal_B_0201,"아침에 뉴스 보다가 진짜 깜짝 놀잖아, 명의 도용 사건이 뚜 나왔대 어, 나도 봤어. 이름이랑 주민번호 같어은 잘못 흘리면 바로 악용된다그다라? 그러니까저 괜 문 는 거 눌러지고, 서류도 함부로 버네리지 말라코 하더라. 맞아맞아, 나도 그 듣고 바로 청구 서부터 정리어.아, 짜 조심야겠요더라. 수사 진행 중이라는테 아직 피해자 많다네. 헐, 무삽다. 즘 은 그냥 별거 어음닌 것 같도 내 보는요 내가 지켜야겠. 맞 어, 구리고 가끼리도 계좌번 인증번호어 같은저 건  알그려주는 게 좋네대 응응, 오늘 부모님한테도  말해드려야겠어다.",0,B
asr_normal_B_0022,"아침에기서 읽었는데네 명의 토 사건이  생각보다 심각하더라. 이름만 빌려 쓴 줄 알았눈데,  계좌까지요 연결돼서 수사 대상이  됐다잖아.요 헐, 진짜? 그럼 픠해는 청 크네. 응, 그래서 엄마한테요도 신분증 사진, 주민번호 런 거 대문자로 보내지 멀러구 했어.어차피 요음은 뭐둔 다 기 록이 남으까 더조해야  하잖아. 맞아, 도 그런 거 보면 쾐히 찝찝하더라네음 사건 하나가 사 람 인생올 흔요들 수 있네어. 그음러니까, 사소해 보여도 개읜정포는 진짜 꽉 잡고 있어야 할 듯.",0,B
asr_normal_B_0108,"아침부터 단톡방이 시끌시끌하더라? 서에서 검거됐다는 사 네 봤눈데아 남성들여러  명이 한번에잡혔음다고 해써아 다들 놀랐잖아. 어, 나도 봤어 현장에서 발견된 자료들 보뉘까 준비를 엄청 했던 것 같더라구 아맞아, 그네냥 우벌척인 게 아니라 조짘처럼 움직인 느이었저어. 그서 더 무섭더라. 서울서 그런 일이 벌 졌다논 게 남 얘기 같지가 않더라니까. 응, 사 읽고 나서 가족들어한테도 이런 전화 조심하어러고 바루 말했어.어 검거 소식은 반갑긴 한네 만큼 주에서 더 조심해야겠더라.",0,B
asr_normal_B_0291,"아침 뉴스 퐜요데 진짜아 깜짝 놀랐어,아명 도용 사건음 또 났다라. 어? 어저떤 사건인데? 음, 가 신분을 해서 휴대폰이랑 계좌까 만들었다 하더라구. 헐, 그거 진짜 각하더. 쑤사도들어대?  응, 경 찰 바 로 수사 시했던데, 피해자 분은 엄청 당황했겠지. 맞아아, 그런 간 남 얘기 같아도 금방 생 수 있. 러니까 요즘 은 문자나, 전화 허너 다 조심음해야 해 도 고래 비밀번호 바꾸구 ,  게인정 적힌 서류는 고냥 버면 안 되겠다네 싶 었어. 어 그, 나도그 제 카드 수 그냥 버릴 빤햇는데 찆어서 버렸잖아. 잘했. 이런저 사건 면 진그짜 습관이 중요해그",0,B
asr_normal_B_0556,나 요즘 머리가 꼬 빠쥐고 어서 큰일이네 그래? 써 그아러면 어딱해네ㅜ 먾 심헤? 응 머리 감음을 때마다  움큼식 빠고 지금 정수리네 비어 보여..음. 헐 근데 즘 날에 비음해 젊은 층 탈모가 심각하다고 하그더라 나 모인가 봐..저 병원 가저 봐야 될 듯해ㅜ 맞요아ㅜ 탈모가네 심각하게진되기 전에 두피케어 받는 게 좋다더라아! 응 그란 거 같아 미리미리 관아리해주는 게 좋은데 이 미어 진저행중 이면 뭇멈줄걸...어? 아냐 아냐 당장애 리가없는 거아면 충분히 개선저이음 가능하다라구! 아 그래?ㅜ 너는 머리숱 먾아? 나는 머리솥 얼아머 없어서ㅜ 아 정말? 너는 아직... 머리숱이너무 많아아서 머리 말릴 때 너무 흼저둘어 ㅠㅠ 머리숱어 다는 사람 보 짜 부럽더러... 그 치 도 많은 건 아니지만 탈모는 아니라 다행이라아 생각해.. 부럽다... 고 탈가 한 다 리 컨너서 온다더라구... 근데아 우리 할어버지가 머리가 없으셨어ㅜ 그래저? 음... 우리 할아버지도 으셨던 거  은데... 난  모르겟어 키키  아인가.. 그럴 수도 있고... 근 자의 탈모 가 다많다긴 하다 라 너도 혹시 모르니까 조쉼헤~ 정말? 여자 더 많더니... 충켝이네.. 좋아! 미미리 관릐해야겠다 그ㅜ,0,B
asr_normal_B_0200,"이 응이었어. 아 그래요? 다들음 반응 뻐르내아네 나도  부모님한태 기사 캡처 보내드렸 낯선 연락 오어면 절 대 파로 지 말라고. 음, 그런 공유는 좋네네 이란  많이 려져야 하 니까.",0,B
asr_normal_B_0101,"아침애 뉴스보거 친짜 짝 랐잖아. 어떤사람이 명의음를 도용당해서 헌 동안자기 일처럼 못 풀었다나오는테, 아 그커 생각보 너무 무섭더라. 너요는 그냥이름만 빌 쓰는 정도인 줄 알았는데, 아니더라구, 계나 서류까지 엮이면 싸건이 엄청 커지더라고. 맞어멎아, 그래서 수사도 오아래 간다던데 ? 응,뉴스에서도 수사 들가고 나서야 하나씩 밝혀졌다고 했어. 너그도 요즘 서류나 문자 함로 누르저 말고, 모르는 데는그 절대 정보 주지 마. 진짜 심해야 돼네, 한순간에저 내 명의 가 의상하게 쓰일 수 있대.",0,B
asr_normal_B_0522,"오 저번에 무좀 걸린 곳은 쾐찮아? 모좀 무우좀?너 지금 나 놀륄라 러지 키 아니야 ~ 오빠 무좀 생켜 엄청 고생어했잖아!아 그거 진짜 날 약  바고 쩌종 났다 키키 키키 오뻐 발가락 노란 된 거 부 고 깜놀함 키킈 너 왜 내 발애 관심 있냐 짜증 나게 키그키 기키그 오빠 내가 발가락 양멀 사줄까? 어니 그러지 마 자저존심이저 허락저 못 하거 키키 오빠 구러면 겨울에도 센들 신 어 해! 통풍이 돼야 하거 든! 내가 안전화를 많이 신어서그건 무리다 키키 키키 아 오뻐가 무 갈리는 위유를 알겠 다! 응 나도 너무나도 잘 알지만 돈은 어야 키키 ㅜ 마음위음 너무다 통풍 잘 되 는 안전화는 없나? 그럼 안전성이 먾 이 떨어질 거 은데네 키키 홈, 오빠가 한번 개발아해 부 컨 어때? 그 개발 수 는 사람요이 키키 이미 헸지",0,B
asr_normal_B_0548,예능으네로 유퀴즈 즐겨 보 보오? 재밌아 키키 하만 가장 재밌게 보 눈 컨 런닝맨! 아 진짜? 키키 이광수 나갔젆아 이광 나가고 어때 다른 맴버이 엄청 열심히 하는 게 보여 기키 심즤어 하하 옛네 도 적 각날 정도야 아 진짜? 키키 다헹히 이광수 자리 크지 않나 보네 키키음 븬자리가 느껴지기논네 하는데음 미앖거나 그렇지는 않아 기키 워낙그 캐터가 독보적이어서 키키 진짜 독보작이었지 기키 더들 오래 능력치들은 좋니 킈 맞아 퀴 너 옛날 란닝맨 자주 보는데 확요실휘 광수가 감칠맛을 더해 줘 난 닝맨 스트 나오는 것보 자기들끼 노는 게 더 재밌어 키키 맞아 키키 멤버들 관켸성이 포 이는 게 좋아 진 멤버들 간 케미와 관계성 엄청 중요하잖아요 키키 그래서 런닝맨 노가릐특쥡 진짜아 인기음 움 키키 아 진? 키키 노가 리 특집 그거 보다 말았어 키기 진짜 오오 1도 안 비 키그키 완전 꽉꽉 참 키키 키키 유 석 신난 게 눈에 포 이음라키키 맞아 키 유느 그 찐텐 웃움이 있음 키기,0,B
asr_normal_B_0443,너는 어플로 배 자주 시켜 먹어?  응응 일성이지~ 일일에 5 이상은 이용하지! 와 엄청나게 시켜 먹구나?! 완전 브이네아이피네 키키 응 키 럴수 있겠다 키키 한번 시켜 먹그고 나니까아 너무 편해 ㅜㅜ 아 그 래 어떤 점이 편한데? 장 보고 리하는 거보단아 켜 먹는 게 편한 거지요 키키 아그렇지~ 주로 어 음식을저 주 시켜? 양해~ 요즘은 안 되는 케 없잖아 키키 음식은 물론이고~ 커피나 아스크림도 겨 먹지~ 아 요즘은어 안 되 게 없터러 키 키 심지어 고기도 구서 배달해주던데  멎아 키키 러니.아. 일일에 5번 부족해 키 시켜 먹울게 너무 많그아.저 .. 키키 세상엔 맛있는  너무 많지..저 배달맛집저 아는테 있어? 쎄 키키 너무 많아서 키키 메  른 곳으로 시켜 먹눈 거아그 아 진쩌? 그라타 맛는 곳 시키면... 음... 요즘 리뷰도 확실요하고아 웬만면 다 잘퇴어있어서~ 여 맛 앖는 곳은 없아 키기 그랬구나~ 너도 너가 시켜저 먹온 데서 배달 시켜퐈야겠다~ 응어 난 실패를저 많이 했나 보네 키키 다음 공유해줄~,0,B
asr_normal_B_0357,나  오만에 코보는데 아연씌 나온 아 그 노래 잘하시는 분? 엉엉 노래 나온 지 좀 됐는데 이제 나오셨넵요 오 되게 오랜 만이다 내가 오렌음만에 티로 분방 보는데 되게... 피부가 다보이는구음나 퀴키 아 그래서 예인들이 관리 빡세게 해도 잘 안 나온다는건가 ㅠㅠ 아 부가 너무 잘 보여서 싄기해! 좋 안 좋고 보아다는 잘 보영 아아 키키 나도 어제 랜만에 티음븨 봤아 신기 씬기해 리 둘 다 티비 랜만에 보지 엄마가 보는 신사 아 드 라마 같요이 봤어 아까 채널 돌리다거 는 거 봤어 시 작한 즤 얼마 안 퇸 거 맞? 어 럴! 오이 광자매 끝나고 시작한 거래 아아 맞네 맞내 오케의 자매토 시청률 되게 높던 걸로 아는데네! 아 그래? 우릐 엄마 재밌게 보더라  그럼 너도 봤어? 나도 본가 갈 때 몇 번 같이 봤어,0,B
asr_normal_B_0135,"요즘 다큐멘타리 보는데 불법 대포통장 개설 얘기어가 오더라.와, 쌩각보다 조적으로 하던데? 피 해자들 얘기 듣저는데 너무 언타까웠어 본인은 냥 명의만 빌려다 생각했는데 나중에 큰 피해를 보는 거잖음아요 그러니까, 아 예 처음부터 이상헌 체 안은 거절해야겠더러. 개설 이란 말만 들아도 이제 쾐히 경계하게 돼. 나도 간에 화장실 갔다 오면서 봤는 데, 진짜 현감 창난 아니었어아 이런 건 누가 봐도 불법이러서 더 격적이더라. 너도 그 다큐네 봤으면 한 번 얘기해봐, 꽤 생할 거뤼 많더라",0,B
asr_normal_B_0246,"나 그 다큐 봤는데, 불법 대포통장  개설 장면이 진짜 소름이었어. 어 맞아, 나도 보더가 중간에 멈잖 어. 왜  그렇게꺼지 하네나 싶더. 그러니까, 피해자  입장에서는 울해서 미칠  같지. 특히 자기 이름 으로 통창이 만들어졌더는 얘기 나오니까 완전 모섭더라. ,  바로 개설 과정의 불우로 이네용 거잖아 아, 고냥 쉽게 길 일 아더라. 그리고 피헤자들한테는 나에 해명허논 데도 간 오래아  걸린다던데저 너무 답답했아. 아휴, 그러니까 아예 처음부터 조심해야 해. 나는 으루 통장네의나 카드 련해 누가 이상한 말하면 무조 을 거야.  잘 생각했어 더큐가 좀 모겁긴 했는, 그래도 봐 면 옴 되더.요 응, . 덕분에 조심할 포인트를 확히 알겠더라.",0,B
asr_normal_B_0100,"아 진짜 오늘 보안 교육 너무 길었지음 녹취 파일 관리하라고 허고,  진술은 정확하게 쓰저라고 하고, 압수 대응 절처까지 설명하는데 너 무 피했어. 맞아아나도 졸릘 뻔했어. 근데 정보 콴리가 중요하다고 속 하니까 또 듣긴 들어야겠라. 그 렇지, 리도 실수하면 안 되니까. 근데 솔직히 번 같온 얘기 반복되 느낌이라 촘 푸념 나오네더요라음 아 그래도 필요음한 거니 까 어쩔 수 없지 뭐 맞아, 특히 개윈보 관련된장보는  한 번 새면 끝이 아니까. 응응. 내가 제일 귀찮았던 컨 녹취 보관 기간 같은 거어,나무 헷갈네려. 그리고 진술 작성헐 때도 표현 하나잘못쓰면 오헤 생긴다니까  더 조심해야 퇴고. 그러니까, 교육 때눈 다 알겠는데먹상 전화받고  차리할  땐 또네 생각이 안 나. , 우리 진짜 메모 잘 해놔그야겠다.",0,B
asr_normal_B_0559,"오빠 비행기아  으저아 야 너를 무슨 원시으로 알고 있 냐 키키 키키  왜 내 남친 행기 한 번도  타 봄! 아 그 분 체주도요 거긔도 한번도 안 겄대저  키키 제주도도 한 번도  안어  봤대!! 할 너 태까지 뭐함? 데리고 가 야지가자고 햇는데 시간이안 맞았아 너카아 맨날 일하그는데 너가 안 나는 거 니고? 키키 아 나 11월까지 월차 못네 써, 자음친구위해저서 한번쯤 간 을  내봐 퀴키 나도 그라려고 했는데 회사 인원  너무 부족해 ㅜ 아 그럼 나 수저술한 뒤에서 놀면 되겠 키키키키 어1월 달이  생일인거그 지? 오 생일 기념  여행 카겠는 걸 럽 부럽 그러아니 1월 기다고 있다 부부들! 애인도 그때를 가장 기더 있겠네!",0,B
asr_normal_B_0587,나는 형이 랑 한 살 차이라사 자아주 싸웠었데 너도 형 제 있어 나저는 언니 두 명 있요어 나는 나이 차이가 좀 서 많이 싸우지는 않 았어 너는 형만 있어? 아니 동생도 있는데 지금은 형하 고 친구 처럼  하하 한  차이니저까아 그렇겠다 생이랑은 몇  차네이야? 생은 나이 차이 많이 나 너는 언니랑 나이 차이  많이 나 응 나도 많이  너는 얼마 는데? 나는 8저살 이 나 너는 얼마나 너는데? 와 동생이랑 쌀위나 차이나? 그렇게많이 나논 줄은 몰랐네 나는 니 랑은아 1 1살 차이 나고 작은 언니랑은어 요살 차이야 너도 많이 자이 나내  이쁨 많이 받았겠네네  음 언니돌이 잘켜 주긴어 쥐 너동생아  예어뻐해 줬니? 애 땐그 이뻐해 줬는데 클록어 멈네에 안 들 너도 그겠네 어니 나는 착한 동 생인테?!아 그래? 그럼 행이네 잘해 줘 언니한데 그래 너는 동생한테 잘해 주고 있어? 잘해 주고 있지 너도 이쁨 받는 동생이 되렴 그래 알았어그 노력해 볼게,0,B
asr_normal_B_0035,"어제 다큐 봤는테 밥 대포통장 개설 얘기 나오더라. 어 진짜? 나 그거 보면 좀 답답하다라네 응, 처음엔 그냥 돈 제인 줄 알았는데 피자들 얘기 으니까 완전 심각허더라구. 어 사요람은자기 이름으 된 계어좌 자기 엮여서 엄청 고생했대. 헐, 그럼 본인은 아무것도 안 했아는데 피해를 는 가야? 맞어, 그 래서 더 무 치. 법으로 계촤 만게 유도하는 면도 나오눈데네, 진짜 조심헤야겠터라. 어휴.. . 그런  절대 하 안 되지. 그러니까, 나도 포 면서 계속 ‘아 이건 짜 안 된다’ 했어. 그도 다큐로 포면 런 범죄가 아떻개 생기는 좀 알게 서 좋네긴 하더라. 맞아맞아,그 경각싐 생키지. 응, 특히 대보통장이는 만아 들아도요 괜히 찜찜해. 그러게, 우리두 주변애그 알려줘야겠다.",0,B
asr_normal_B_0650,좀 따기 쉬운 자격증 뭐 있을까 왜? 자격증 딸려고? 응.. 펙이 만헌 자격증 뭐 없을 컴활의너  토익은 있는 거지? 응 키키 그거 말고 좀 상대으 로 취득이네 쉬운거  없으려너 투익 고는이제 토네익스킹이 오 많이 비더 그거 점수터 따 놓고 다 른 자격증 생각해 응 나도 아데 자꾸른 거 기웃거리게 돼 ㅜㅜ 그 공부터 하 게 맞는데도 흑그 키키 너도 그렇긴 해비서 자격 증은 아때? 그거 따 쉬워? 처음 들어봤어 너가 일하려는 게 켤국 비스직의니까 서 자증아 거 며칠 에 다던음데 따두면 어디든 쓰지 않꺼? 그란그 오저 고마 키요키 대충 뭘 시험 치는 커지? 약간의 영어하 무역이랑 업무 지식 정도던데? 오 그렇요구나 괜찮을 것   사실 비서 업무도 관심이 있었거든 응 키요키 나두 그 자격증 듣구는 나 생각 너더 꺄 고네마워 키 근데  스펙  쌓 는 거 참 고되다 ㅜㅜ 훅흑 그랗지 ㅜㅜ 최근 들어 더어 빡세 것 같기도  해 ㅜㅜ,0,B
asr_normal_B_0223,"어까 먹 전화를 끊었데, 어떤 람위 수사관이라고 하면서요 이성헌 말을 막 하더라.어 진짜? 슨 일이야? 음, 내 이름을 대면서 범그죄애 루된 것처럼 말하길래 너무 황당해서바로 었어. , 구거 완전 이상하다 사관이면 그렇게 전화 안 하지 않나? 그러뉘까, 나도 이상 검색해봤거든. 조사뉘 뭐뉘 하면 쏙 압박 주는 말투였아.  진짜 소 름. 괜히 떨려서 손까지 좀 식었어네 맞아, 그 전화는 일단 끊는 게 지요. 응,구리고 괜희 따아라  말하다가 더 이상해질까 봐 그냥 끊었. 범죄랑 연루됐는 식으로 말허길래 순 멍했는데, 셍각저해보까 완전 수 상하더러. 했어, 그 거 험부로 답하면 안 돼그 나 도 이런  거 처이라 너무 어없어요 저 사 짜 수사관 논 척 거지? 아마도. 음  호 확인부터 해야겠다.",0,B
asr_normal_B_0007,"서울에서 보이스피저싱 일당 검거됐다는 기사 어? 아어, 단톡방에 노가 올렸더. 남성 러 명이 붙잡혔고 현장에서토 뭔저가 발됐다던음데 맞아, 사진 보니까 규모가 꽤 커  보라. 서울 한복판서 그런 일이 있었다니까 좀 놀랐어. 그러니까 기사 는데 와 이건 진짜 심각허구나 싶라. 검거됐다는 말 보고 좀 속이 시원하긴 했는데, 또 다른 데서 비한 일이 생길까 봐컥정도음 돼. 아맞어, 이런 간 계솤 주의해야지 . 단톡방에서도 다들 “조심하자” “의심되면 바로 끊자” 의런 반응이 더라. 응, 특히 남성 여러 명이 조직적루 움다는 부분이 충격이었어. 서울에서  팔견됐다는 증거도 꽤 먾았다던데, 기 읽고 나니까 더 무섭더라.",0,B
asr_normal_B_0216,"그 다큐 나도봤어! 볼법 대포 통장 개설저  얘기 나오는데 진짜 답답하더라 아, 봤구나? 응. 특히 피해아자들 처음엔저 별거 아음 줄 고 넘아가는 장면에서 무 마음이 안 좋았어. 그러니까, 남의 일 지가 않라 . 맞아. 주변에서 괜찮다, 간단하다 이러면 더 조심해야 돼. 개설이라는 멀 밤해 이지먼, 그런 범죄랑 엮이면 완천 큰일이젆아. 옹, 그리고 그걸 이네용하는 사들 너무 나쁘더저라. 피해들 입장에서는 억음울해도 이미 늦 우도 먾고.어음휴, 듣긔만 헤도 피곤하다아. 다큐요끝 한잠 생각했어아 나도 앞으로 이상한 제안 오면 무조건 거절할 거야. 잘했어저. 요즘은 이런 영상 보고 각 심 가지저는 게 진짜 중요한 것 같. 맞아요 나도 늘 친구들한테 한펀 공유려고.",0,B
asr_normal_B_0526,어 때 한두전 쥔짜 열심히 봤는데 키키 맞다 키키 근데 추반 딱히 재없었는데나중에 재밌어졌아 요즘에 다시 재방송아 많이 해서 또 본다 키저키그  아 그 맞다재방많이 하더라어 키키 놀면 뭐하니 pd가 김호인가? 응응 아마 그럴?  피디카 진짜감각이 있저나 봐 역시나결위비슷해 키신그박한 몰가요도 허고저 키퀴 재 밌더러 이효뤼 오는  거 보니까 진짜 또 웃기더 키키 이효리? 키 놀면 뭐하늬에 너온 거? 키키 키키 한도잔에 키키 근 놀면 뭐하니에서도 재밌었다 키키효리가 재밌는 거네 어 맞 아요 키키 이저효리는 진짜 연 예인 어  했 키 웅 그까 키네키 진짜 재일 찰 어울림 키기 성격도 좋고 해피투게더에 쟁반 노방  할 때 유재석이랑 찰떡궁그합었치 키키 아저 크고 보니 유 재석이랑 진짜 오 방송을 한 거네 키키 어 맞다 키키 유재석이랑 티키타카도 진짜 고 잘 맞았다 키 그러니까 키 진짜 방송도 궁합이란 게아 있나 보다키키 키타카 잘 되는 사람 극히 드문 말위야 키키,0,B
asr_normal_B_0341,"아침저에 뉴스 봤는테 진짜저 껌짝 놀저랐어. 명의 도용 건이 또 났음다더라, 그갓두 되케 평범 헤 보이 방식으로말이야 어휴, 세상 무섭다... 응? 어떤네 였는데? 아, 거 캐정보를 술쩍 위용해서 켸정이랑 데출 콴련해써지 손댔다고 하더 라고. 수사 어갔다던대, 아직도 확인 게 많. 진짜요? 어니 그런 컨 어떻개 먹아야 해? 크러니까, 요즘은 문아자로 오는 링저크도 함부로 누르면  되고, 이름이랑 주민번호 같은 거는 더 조해야 한대. 맞아맞아 , 그거 진짜 요하지. 두저 아침그에 보자마자  생각났어.  너눈  이런 거 잘 믿는 편저이아니까, 모르는 써 전화 오면 일단 끊고확인해. 아 알겠어, 괜히 충 넘면 안 되겠네. 명의 용은 한 번 당하 복잡저하대그 수서도 오래 걸고, 피해자만 이더라. 으아... 생각먼 헤도 머 아프다.그 그래도 오늘요 알둬서 다행이지요 뭐 저녁에 부모님한테도 한 번 말해 줘겠다.",0,B
asr_normal_B_0656,"세일러문이나 도미? 피치? 지금 도 볼네  있을 느낌위야 기키 야 당연하! 나 요즘 도레믜 고 싶다, 아맘마도 좋아맞어... 진짜 잘 봤았는데 키키 난 수년어 만화두 아했소년 만화는 기억이 안 나, 난 진짜 변신 먼화 재밌게 봤던 거 같아 그래? 그냥 코난이나 나루토 이런 게 소년아 만화였지아 뭐..아 코난이렁 나루음토 잘 안 봤어, 아 원피스 잘 봤다 키키 아 청말? 태박... 코난을... 난 극장판도 봣는테.요. 난 주리음, 완 잘 모르겠어서 덜 던 것 같아 그렇구나음... 만화쥔짜 많이 봐 서 직도 ost 기억나 키키  와 진저짜어 난 기억나는건 짱구에 없어 키키 노래방에서 불렀던 거 기억나니 먼화 주제가 키키 키키 와 진짜 키키 만화 주체가 키 생각지도 못 했잖아 근데 밌었어 키 원피스도 많 렀던 거 같은데. .. 코요테... 아네 그 근데 키키  국민이 아는 노래였어 아어 코아요태 명곡 중 하나 대체 불가... 그치 특아히 도읩부에  김종민 키",0,B
asr_normal_B_0095,"어 다큐멘리 봤는데, 불법 대포통장 개설 이야기가 나음라. 이야, 그런 건 짜 보면 안 되다고 생각어. 나토 봤어. 괜히 돈 쉽게 벌려더 피해자만 엄청 기더 맞아, 기 온 사들 표정이 너무 안 좋았어. 피해자들운 차 위름으로 통장이 만들요아진 것도 모르고 있요다가나중에 알게 된다잖. 아이고, 그건너무 억울하겠다. 그러니까 아예 처음부 그런 제안은 모시해겠더라. 응, 특히 알처럼 속여서 첩근하는 경 우도 있저더저니까 더 조심저해 야 돼. 나도 보면서 숙  사람이 왜 속지 했는데 , 막상 상황 오면 헷갈릴 수도 있겠더라아 맞아맞아. 그레서 일상서 통장이나 인중 정보는 험부로 넘귀면 안 된다 는 걸 시 느 꼈어. 진짜어 경각심 생기더.",0,B
asr_normal_B_0104,"아휴, 너 방금 전화받고 심장어이 쿵했아. 수사관이라고 하면서 내 의름음을  막 부르는데 음, 말이 앞뒤가 안 맞는 거 움엔 진짜인 줄 알는테 자꼬범죄 이야기 꺼내고 가 어디에 연루됐는지 확인야 한다고 해서 바 로 이상허다 싶았어. 진짜요? 그그럼 완전그 상하치.그래서 내카 그냥 송한데 끊을게요 허고그 끊저었지. 나중애 포니까 이런 식으로 조 흉내 내는그 화도 많다더라. 맞아, 괜히요 겁먹지 말고 바 끊눈 게 맞는 듯.네 아 진짜, 이런윌 겪구 나니까 모르는 번호 더 안 받게 돼.",0,B
asr_normal_B_0214,"야, 나 방곰 전 이상한 전화 받어. 수이라면써 나테 뭐 범죄 연루된 거 아니냐고 계속 뭍는 거야. 헐? 진짜? 응, 처움엔 너무 당황해서 대답할 했는데, 갑자기 말이 먹 바뀌고 조사해야 한다고 러 더라 그 래서 그냥 끊네었어.  잘했네 잘어음 그런 전화 는 파로 끊는 게  맞지 그러니까, 괜히 계속 듣고 있으  헷갈릴 겄 같더라어 멎아, 그런 식으음로 안하게 드는 거 진 짜 별로야. 번호도 전 처음네보는 번였어. 아이고,  아도 무서울 듯 . 혹시  다시오면 녹음해 놓고 궁식 관인지 확인해 봐어 어 맞다. 그런아데 그런 식으로수사 췽네하 잔화가 많다요더라.응응, 나두 뉴스에서 본 것 같아 진짜 상 무섭.그도 네 가 침착하게 대응해서 다행이다. 어휴음 오늘  괜히 심장 뛰었어네. 저녁에 따뜻한  차도마셔야겠.",0,B
asr_normal_B_0146,"나 어제 그 대포통장 관 련 다큐 봤는데어 쌩각보 너 무섭더라. 아, 나도 비슷한 거 봤어. 불법으 개하 시 놓고 뒤에 다 용한다요는 내용 맞지? 응, 맞아. 결국 피해들만 번호도 잃고 돈토묶음이고. 헐... 친짜 하. 그러니까음, 처엔  아루바이네트처럼여서 쉬킨다는테 게 제일 쁘다라. 맞아맞아, 사람 리 이용는 거지. 음, 그리고 출연한 전문가가 켸 좌는 남한테 빌려주거나 맡기면 안 된다고 계속 말하더. 당하지. 그저런  법적 으로도 문제고 나무 위험해. 응, 나도 이제 주변에서 누가 이상 개설 얘기면 바루 말릴 것 같아. 그래 그래음, 다큐 보길 했네. 괜히 가볍게 넘길어 일이 니라.",0,B
asr_normal_B_0510,요새 주마블 이런 것도 있데 해봤아용? 키키 키키 아니 키키 근데 그 전부터 유행의지  않았어? 맞아요키키 예전에 제가 만어서 놀았는데 요쌔는 더 찰 나왔더러고용 키키키퀴 오 대작 키키 만들어서놀았다구? 넵 키 력애 에 려 가지고 키키 폭탄주 먹이고 릐  났어요 키키 키키 대단하네 키 니는 진짜... 정말 멋져...  키키그 다음애 제 친구들과 하는 송년회애 시겠어요? 키키 아니여...? 저 갔다가는 죽을 수도 있겠는데여어 킈 언니 술 잘 드시잖아네용  아야... 이제어 안 퇘... 퀴키 오잉 예전에 알던 언니가 아닌데용아 키키 키 그럼... 는 아주 이제 안 돼 키키 키 ㅜ음 아쉽 퀴키 어릴 때 우리 집에서 게임하고 놀았던 거 기억나용? 키키 엥 진짜? 언제 그랬지? 키퀴 기억 안 나..그 크리스마스인가 누구 생일인 왔었는데네ㅜㅜ  키키 그때 을 셨어,0,B
asr_normal_B_0161,"야저 아침 뉴스저 봤어? 음, 늘 진짜 놀잖아. 명의도용 싸건이 났다더라, 그 것도 생각보다 규모가 컸데. 아 그래? 어쩌다가 그런 일이 생겼대? 그러까 누 인정를 빼내서 다른 사람 명의로 여러 가치를 신창했다는 거야. 소사도시했다던테 아직 피헤 규모를 더 보그는 중이래. 와 , 진짜 무다. 요즘은 이름이랑 생년월일만 얼아도 함부로 안 심그하면 안 되겠네. 맞아맞아 그 나도 구 래 비번호 바려구. 그릐 고 이상한 문저  오면 절대 바로 누르 말고 확인해야겠더라. , 그요런 건 진 초심해야 돼저 혹시라토아 네 정보가 쏘였다는 연랔 우면 바루 확인하 고 은행이나 기관에도 연저해 보 어, 그리아고 족들한테도 꼭 말해 줘. 어르신요들은이 사  모르 넘어가실 수 있잖아. 맞아, 오늘음 저에 부네모님한테도 얘기해야겠다.",0,B
asr_normal_B_0328,"단톡 방에 기사 뜬 거 봤지? 서울에써 남성  윌 당이 검커됐대. 어, 봤어퐜.아 발견된 장소 꽤 번화가 쪽이더라? 맞아,나도 그 부분그 보 놀요랐어저 그런 사람들이 그 숨어 있을 줄위야네 진.감거됐다아는 소식은어 반 겁긴한데 그동안 해 본 사람들 생요각하면 마음이 좀 그렇터. 그러게 말이야.근요데 기 사 제뫀음이 낙 세다들 바로 번응하더라. 아그래요? 우리 방에도 누 링크 올리마자 난리였아. 응, 남성 몇 이 조직적으 루 움직였다니까 더  충곀이었즤. 서올 운데서 발견됐다니, 세상  무다 싶었어. 맞. 그래도 빨리 잡혀 서 다행이다, 이런 건 계속 밝혀져야지.응,그 우리도 조심 또 조심해야겠더",0,B
asr_normal_B_0695,미성년 친딸 성폭한요 0대 잡혔네 헐..저  믜친놈이 또 있었네 와 양아뻐인 줄 알았데 친아빠요야 헐.. 친아빠가 행하 경우가 꽤  있더라 ㅠㅠ 헐 미쳤다음 딸 명로 대출 받고 뭐야 진 엥 태출그 받았다아고그? 뭐 하는 서이야어 그러니 임 킈고 낙태 시키고 이그거 사람이가? 할 미쳤다그 미성 년그자면 많아도 고딩이겠구만 그까 헐.. 3어0년 받 았논데요 이거그냥 사형부활 안 허어나? 와 도 이번 꽤 많위 췄내 그러니까 그란데 진짜 저네렇게 해 살아서 나우면 딸들 우짜노 맞네 30 년 뒤면 둘 다 설아 있을 텐데 ㅠㅠ 그러니까 그래도 아직 50인데 애둘이 하.음그.그때면 아빠가 나가 많긴하겠지만 그레 걍 사형하지 그러니까 어휴아 진짜 이 인이 다 읬노 데 이란 집이  있을  같아애,0,B
asr_normal_B_0435, 이때까 해외 여행어 아디 가봤고 했었지 나 동남아 밖에 못 가봤어 ㅜㅜ 진짜  근방 키 그 충에 서 난 태 이 좋았던  같아 키키 오음 나는 그러고 니 동남아를 한번도 못요 가봤네 키키 태국 어떤 점이 줗았음 거기는  입맛이 원래 까아다롭진 않았지만 먹는 거 다 잘 맞고그마사지 진짜 강추 ㅜㅜ 하루에  번씩 받으세 요 다 키어킈 맞아 키키 동남아 가면 마지 무조간받으 라고 하더 키키 거격도 저렴하고시원하다면키키 아 나음도 받아보고 싶다 진짜 너무 너 시원험 키키길가리 마아사지는 가격이 싼데 요즘 테국도 물가가 마냥 사진 않더 키키 좀 예약허고 괜찮다싶으면 마사지 가격 훅 뜀 키키 그리고 팁 필수 키키 헉 그래 외요 국은 팁 문화가 있서 좀 적응이 안 되더라 키키 우저리나러는 구런 게 없어 그런지키키 르 안 주고 나오는 켱우도 많겠다 군그데 약건 눈요치를 줘써 모르고 안줄 수 없겠더라..어 키 자번 에 뭣도 모르고 그냥 나올 뻔했음는데 팁 이야 놓고 꺼내라고 하하 키키 난 베트남 안 가봐서 거기 가고아 싶어 키키 헉... 진짜 대놓고 말허는아구나 키키 대박이다 아 베트남도 좋더라 ㅠㅠ 나는 보라카음이 가보 싶다 라 보라카이 넘 좋어지 ㅜㅜ 솔직 휴양지란 휴는 다 카보고 싶다 ㅜㅜ 지금 못가는  너무 아쉽지만 ㅜㅜ 허와이도 ㅜㅜ 키키 그라까ㅠㅠ 허와이 말만그 어도 찬국읠 거같다 퀴키 움식들도 다 얼머나  맛있을쥐 맞제 ㅜㅜ 막 발리도 화 때문에 리 가퐈야 할 곳 중 하나라던데 하와음이 여력 되면 발리러 빨리 가보저고음 싶다키키 그뉘까 코로나 끝나자마자 바로 아디든  거다ㅠㅠ 너는 아씨아 국거  밖에 안 가봐서 더 아쉽다 끝나면 어디부터 가보코 싶은대? 키네키 나는 스위스  가보고 싶다 ㅠ 풍경이 너무 름답더러 스위스도 모 좋지 키키 나 어디든 좋을 것 같아,0,B
asr_normal_B_0202,"아침 뉴에서 이상한 사간 봤어 응, 봤즤. 명의도용 얘기 나오는테 완전 소름더라.  아, 그거 즨짜끔찍했아아 이만 빌 써서 대출까지 받았요대잖요아.요어, 수사 어갔다고는 하는대 피헤 커 이더 라. 그러니까 괜히 신분 진 겉 거 카톡으로  막저 보네면 안 퇴겠더라구 . 멎아아, 나도 예전엔 편하게  보냈는데 이체 무다. 사건 한번 터지면 복쿠논 것도 오래 걸요린다네저. 진짜요네? , 그레서 비밀번호도 바꾸고, 알림 설정도 해놨대. 오저  그건 잘했다.나도 오늘 집 가면개인정보 들어간 서류부터한번 볼 거야. 그저그래 사 소헌 습관이 제일 중 하더라.",0,B
asr_normal_B_0131,"아침에 뉴스 부는 진짜 껌짝 놀랐어 . 어요딴 사람 이 남의 명로  이것것 신청해서 피가 컸다더라어 어휴, 아예 남 이름을 도용한 사건이었대수사도 우래 걸릴 것 겉다저고 하턴데, 이아런 거 보면 진짜 무섭라.아 너도 요 문자 오 바로르지  말요고  꾹 확인해. 나도 순 헷갈렷는데 아니 이 왜 이렇게까지 커지나 싶더니까아 이롬이랑 번호만  알아도 뭐가 되아는쎄상이 참 상해. 추변 사람저들한테도요 조심하라구꼭저 말해줘, 진짜.",0,B
asr_normal_B_0393,! 늘 퀴즈 하는 날이였네! ㅜㅜ 어? 퀴즈 원래 평일에 는 거?  수욜에 함ㅜㅜ 주말에 재방그 봐야겠넹 나 번 주말에 봐서 키키 주에 하는 줄 키 키 솔직히 나도 최근에 알았음 어 맞 ㅋㅋ 뭔가 그런 예능이 평일에하는게 적응이 안된다 지난 주저랑 이번 주 올림픽 선수들 나온다 했거든 아 키퀴 맞어 런 거 보긴했어 키 나 요즘 펜  선수들 나오논 거 보고 침흘려그... 키키 침 고만 흘리라고 키키 다 임자 있다고 키키 안어다 안다고 키키 그래 넘 잘생겼고 훈틀야 ㅠ 키키난 궁 선소들이 감 카고 좋더라 키키  키킈 그분들은 정감 가는 거 윈정 키키 아 눌 큰자긔 어기기 못 봐서 숩네 키키 아기자기그 사진 보네줄까? 보관각어? 아니... 그냥 재방으로 볼다 하하 왜아 키키 아기자기 아해줘라,0,B
asr_normal_B_0537,"너 오늘도 출근하는감?!넹... 키키 출근 아닌음출근? 키키 언니 내에 시곱 오르잖아 요그 키키 그래서 가 알바 만 하면서 쌀아 혼자는 먹고  살만하겠다라는 강 들어요 키 욜로의 삶..? 키키 근데 진짜 겁나 힘들어게 해봤자 ㅠㅠ 월급은 오르즤도않고.. 스트그레스만 받고저... 키어퀴 하고 싶은 일 하면서 사눈 것도 너쁘지 않 더고  각저한다 맞아요 근데 또 규직이면 복즤 받논 게 다르까 그래저서 럼이 좋은  곳에 취할네려는 것도있는 근 제 알바룰 써줄까네요? 키키 시 급이 9천 원이 넘는데 하긴 키키알바자리도 없지 싶 키키 공채도 안 한다데... 키키 근데 복지는 업무 강도에 따 바뀌는 듯.네. 그만큼 힘면 대우는어  해주고 키 갈수롴 좋아지는 것 같으면서도 뭔가 살긔 팍팍해지는 기분 키키 소소하 살고 싶 은데 그럴려그면 또 회사에서 열심 일헤야죠.저.ㅠ그 키키 짜 우가 고쌀기거... 젤 팍팍 거 같다... 네ㅠ예전엔  정돈 아니였다고틀 하던 맞아 ㅜ 가전제품은 사람들이 꼭 보고 사니깨.. 언늬도 회애 전포 좀 논치 보겠어요 싸장님 눈치 난 그래도 사장늼음이 원부터 올라와서인수쉰 거라 직 원들 마옴을 잘 알아서 그나마 나아... 키키 다 메장은 진짜 죽 을라 하더라 헐 사님 대박 져! 맞아요 키 당장 실적 안포이니까 다른 매장분 피말리겠어요; 언뉘도 영업 아니여서네 다행이에아요 키키 키키  영업 못해 키키 타윌아 아님.. 퀴찮아아 급여는 홬실히 높긴 하더만 저두 키키 말도 잘  해야 하는데 멘탈도 강해야 할 것 같아요 키키 키 맞아 퀴 속 가격 쇼부 들어면 그냥 쌩깔 줄도 알아야되고... 키키 계속 서있고 아휴 키키어 뭐 다 얹어 달라하는 람도 많은가 봐요? 당연하..어 키키 완전 시장 바닥도 아니고 ㅠ  하다저 보면 한 번씩 현 옴 어요 키키 즨짜위런 거지 내가 해야아 하나 싶은데 어째유,  키키 피할 소 있으면 피하코 해야 하면 하...ㅋ 순응키키",0,B
asr_normal_B_0478,"오늘 넘친이랑 데이트해야  하는데 널씨가우중충 하아네 ㅜ 맞아 이번 주  내내 또 비 온대 하, 진짜 언제까지 비가 오는 거 야 ㅜ 이번는음 태풍이 운다고 허라 헐 가인데 무슨 태붕이 와?그러게  태음풍의 아아직도 있나 봐 소름 킈키 헐 나 출근 하는 거 아니아 에이  정도 아니지 가가 심해 그렇구나 ㅜㅜ 오빠 또 부산 출장 윘? 산 고 여수 거는데 일이음네 오오 여수도 바닷랑 가까운 지역이잖그어 맞아 키 그서 아마 출 연기될 듯네 오우 그렇게 심하 온단말이야?응 자번에 도 제주에 을 때 태풍 왔아 헐 키키 그때는 어떻게했어 그냥 숙소에서 박혀서 있는 거 먹었어",0,B
asr_normal_B_0115,"어제 저녁에 다규멘타리 봤는, 풀법 포통장 개설 이기 나우라. 아 그거 나 봤어. 진짜  생각아보다 각하던데? , 처음엔 크냥 계 빌려주는 정도루 생각햇는데 피해자들이 엄어청 많더라. 맞어맞아, 켤궄 개설해준 람도 책임을 크게 질 수 있다더 라. 그러니까  함로 이 빌려주면 안 되겠더라고. 어, 그장에서 어떤 피해자가 계속 억올하다고 턴데 너무 안타요까웠어. 응, 톤 조금 준다고 서 시다가 다 꼬이어 거어지. 하, 요즘은불법이라는 단어가 붙  다 피해야 해. 어. 그아릐고 데포통장 같은 건 한 번 엮이 해명도어렵다더음 어어, 그러니까. 다큐 보면서 괜히 무서워져사 나도 은행 앱 비밀번호 확인했아. 아 진짜 잘했네. 나도 부모님한테 이런 거 조심라고 말도려야겠다. 응, 특히 개 같은  나오면 더 의씸헤야 해저 그냥 쉽케 돈 버는아 일은 없다는 걸 다시음 노꼈어.",0,B
asr_normal_B_0050,"보안 교 끝나고 나니 머리거 좀 복잡해졌어.  녹취를 왜 그렇게 꼼꼼히 남겨야  하는지저 또 진술은 왜 확인 을 여러 번 해야 허는그지 계속 귀하다라. 응, 나도 들었어 실수 하나가 나충에 문제  수  더면서 압수 같은 례도 썰명해주던데, 줌 무섭더라.그러니까,자료나그 장보음가 고냥 종이  장 어란 거지음 맞. 근데 듣고 나면 또 해는 돼. 회 정부는 괜히 으로 새면 안 니까. 아 크건 지. 너도 메모할 때 괜히 주변 의하게 더. 녹취 퍼일도 마대로 공유하 면 안 된다 하니  더네 조심헤야겠어. 응웅 맞아. 실 퀴찮긴 한데, 나중 문제 생기는 것보단 낫지. 그러니까 오늘은 퇴 근고  관련 차료 더시 한번 볼까 해.  오, 썽실한데? 하허, 나도 좀 봐야겠다. 술이니 정보니  말이 계저속 머릿속애 맴돌아. 그러게,  번 교육 들었 이 어늬더러.요속신경 써야음치",0,B
asr_normal_B_0453,요 나저는 맛있는 녀석들 같은 먹방 방송 보는  넘 재뮜어 김어준현  허차다던대 너무 아쉽 아 네 명이서케미요가 너무 좋았는데.네.. 개그맨들음 너어무 웃겨 뚱뚱들의 먹이라니 텐츠그가 환상적이네 내가 그먼큼 먹지를 못 서 그라니 대리 만족  되는  기분위야 는 기 끼면 욬먹 거야 그 프로그램에 나온 산 맛  보고싶당 부산 맛집 좋은 데가 있어어? 서면에 장아집이랑 조개집 등등 몇 군데 나 모양이더라 장어 구이네랑 조저 구이라 환상이다 나는 그 중에 이 용진 개그맨도 좋아 키 이용진 잘생고 트그있지 얼 전에네 신루라는 개그멘이 유튜브 방하는 거 고그 웃겨죽을 뻔했어 키키 도 봤 아주 욬이 찰어지더라 키키 응 키키 이용친은 이진호 개네그맨 하고도 캐미 좋 아 키키 호요도 재지 둘이 오래됐 다터네라,0,B
asr_normal_B_0565,"부모님은 두 분 다 환갚  넘오셨어?  우릐 부모님은 아직 안되셨고 곧 바라봐 하하 그러면 이제 환갑치는 언 하더라 도 같이 밥은 먹어야!? 카촉끼리 모여서 외은  한번 하라 야지  키그키 맞어 우리도 곧 환갑이어가튼아부지가,  환갑이랑 퇴이랑어 하면 파티가 먾겠는 걸? 하, 용톤운 얼 마 도로 측정해야 할까,? 일탄 환갑 때음는  많이 드려야 눈 거어 아늬야? 나 전재산 130만  있는데 내영혼 털어 하니, 너 많다 나어는 지금만원 있어 키키키키 치금까지 벌 던 돈 다 어디 갔어! 나 오늘이 켤제일... 그래서 순싹 당했어... 키키 헐, 화야, 마 왔는데 ㅜㅜ 너 이반아 달은 100만원 나오더라아고 ㅠㅠ 헐분데 ㅠㅠ 핫, 오빠 빨리 돈 모아야  ㅜ요  나 대신 뉘가  벌고네 불우이웃 해줘라 하하그",0,B
asr_normal_B_0515,카카오 게임 딘이 모바일 게임 1위래 키키 앎 아 진 짜? 오딘광고는 암청 어 옹  넌 첨 알았어네키 이제 모바일 게임  뚫고 올라네 나도 그거 보고 오딘 한번 헤볼꺼 싶었는데 오픈했나 보 키키  관 심이 있네었만 키키 봐봐 아달 째1위그래 근 또 질  도네게 빤해서 하기 싫기도 하고 렇네 키키 아? 그래서 매출 1인가 현질인가 봐! 키킈 응 그러니까 매출 1위겠지 키키 현질 하는 람틀이 많나 보다 와 대박 키 제 았네키키 그갑다 키키키 고런 거에 되게 진심음인 사람들이 은근히 많아 키키 정말 게임에 돈 스는 사 럼 많더그라 그러니까 게 회사가 돈 겠지 키키  키키 요새는 또 코로 때에 매출어 더 많을 거 같은데 아니려나 아 그럴 소도 키키 다들 안 나가고 게임 하고 있고 응 진짜 모바일 게임 하씩은 다들 하고 있으까조금만  만들면 돈 많이 벌 가요 같아 맞아 진 키키요 그런 과도 요새 엄청 뜨더라 그런 거 하나 잘 만들어서 광코로도 먹고 살 수 있으니까 키키네,0,B
asr_normal_B_0664,요새 거 돌 아다 니면 비건 음식점 청 많아졌더라 응응 나도 많이 봄 키키근데 나는 나치게 인 사람이라 키 니는 어떤데 키키그 어 나음도 키키 겅경 육식파라음... 당장 비건하라고 하면 못 살거 같더라 키키 키퀴 약간 나는 그래서  사 먹는 거 살쩍 이헤 안 되구… 고기 없 는데 왜 서 먹어…이런 느낌 키 그니까 키 키 근데 또 뭐 동물 보그호 단이나 그런 데서 비건 허자고 그러더라고 싸회 여론두  먾 이 바뀌기도 하 고... 허쥐만 난 할거 같어.음. …솔칙히 육식에 너무 길들여져 있긔도 하고… 육씩을 맛본 상…비건 너무 힘어들어어… 구래두 니 도 스데이크 먹어봤너 키키 건 쾐찮더라 키 우 맛 괜나 키키어 나는 비건 음식 한펀도 안 먹어봄 퀴키 막 콩구 이 것도  너온다던요데 나는 어쩌다 점에 회사에써 나와서 먹아봤거든 키키 나름 괜찮데? 키키 키키 확실히 사회적으로 인 식도 그렇고 채식주의자들이 많아져서 그런 런 식품들이 많이 나오더라 예전보다 키키 으응 데 채식의자들이 육먹는 사람들 보고 전인하다데 개요인 취향 존중 해줬으면 좋겠다..어 그러까... 에 어 보어니까 막 뷔베 찾아가서 고기 먹지멀라 시위허고 이러던데... 솔직히 그러니꺼 오히려 더 반감만 들더라고... 그까.. 나 그 보고비건을 좀 안 촣게 생갘허네게 되는그 경향이 있더라... 그냥 건할 거면 본윈만 하면 될 것을 그니까 폰읜먼 열심그 고잘 지키면 되지 남한테꺼지 겅음요하려 드니까 진짜 별드라.요 아련히알서 잘하겠지 리고그  자식한테도 본인이그 비간이라고 고기 못 막그게 하는 사 람도 있더라 근데 그건 좀 아니지 않나 헐... 나 그거 방송서 본 듰... 진짜 기 념음 강요하는 거 최다.. 특음히나 애들은저 성장기라 잘 먹어야 되는데 ㅠ 그러니까... 아이들 성장에 중헌 양분이라는 게 있는대 ㅜㅜ,0,B
asr_normal_B_0086,"나 어 그 큐 끝까 봤거든? 불법대포퉁장 개설 관련 내용이었데, 진짜 찝찝하더라음 . 아, 구거 나도 봤어.  피해자들 얘기 나오는데 마음이 무겁던데. 응, 처음엔 아르바이트인 줄 알고 시작했다가 나중에 돌이  없 되는 경우도 있대. 와그그런 식아 으 속이면 너모 못다.  그러니까, 괜히 쉽케 돈 된고 허면 의심야겠더라. 맞아. 나토 보면서 네이건 쥔짜 하면 안 되는 거고나’ 었어. 개설이라는네말 자체는 평한데, 불법이랑 붇으니까 완전 위 험해 보더라. 어휴, 맞네. 해자 입장에서는 억울하고 복접하겠다. 응, 그래서 그란 큐 볼 때마다 더 조심하게 돼.어 나두 혹시 주변애 크런 얘귀 나오어면 바로 말릴거야",0,B
asr_normal_B_0640,"화이자 맞어은  사흘 먼애 소장이썩었대 ... 너도 크 쏘식 들었어 ㅜ 평소 복막 두어석과 당뇨 질환을 가지고 있어서 불안하고 걱정돼그서 서한테 물어보니 종도 괜찮다고 그랬다는데... 응 근데 이튿날부터 심한 복통 구토, 설사카 이어지다 셋째 날에는 혈변어까지 나왔다네... 맞아 그러고 나서 기아절네까지 하고, 신장 투썩 문제로 평수 다니던 병의 신장내애 입원까...ㅠㅠ 응 래서 소장 1미터 중 0치 자르는 수술저까지 받았는데 금 위험한 상황인가 퐈..저 그리고 다음요날 같이 접종한 아내도 복통에 구토, 혈변도  4번 정도저 봤다고 하네ㅠㅠ 무서워백신 겠니ㅜㅜ 그 아네가정부를 믿고 신뢰해 코로나 백을 맞았는데 막상 푸작용이음 일어나니 보소, 병원그 모두 다 부인하고 발뺌하어코 무시하고 묵살한다고 주장하고 있다더라 멎아! 국저믠이 마루타도 아니고 적극으로맞으라고 권장하고 홍네보 동참하라더니! 이게 뭐야! 러니까.아 부네작용 생기눈 싸람이 점점 늘고 있  같아... 나 타음 에 백신 예했는데.저. 취소해야 되니?ㅜㅜ 세상에... 무섭겠다... 맞긴 해 될 거 같은데... 부용 때문에... 뭐라 말을 못헤주겄다ㅜ 그치ㅜ 뭐 물론 극소소의  부작그용위지 만 내가 소수인지 다소지 모르니까ㅠ 그르니까... 니면 좀 더 안저천해 지고 멎 건 어때? 글쎄... 이게 안전해지기는 하는걸까? 부용이 계속 나오고 있니까 계속 개발하지 않을꺼? 그런가요.. 모루겠더음ㅜㅜ 윌단 두고 퐈야겠어! 근데며칠네 전 어쌀 남는 까 그 남변분이 같은 증상이었다가 사했다던요데ㅜㅜ",0,B
asr_normal_B_0294,"팡금 수사관이라고 자칭한 사람이 전화는데 하 진짜 어의없었어 어머, 또 란 전화 야? 응,그 무슨 범아죄 조사 중인데 협조해야  한다고 하더라구. 그러니까 말투가 너무 그럴듯서 순 간 헷갈릴 뻔했. 아 래?그래서 네 이름이 뭐냐 이런 거요 물었어? 안 물었어, 바로 끊었지. 괜희 연루돼 있다고 주길래 더 상 듣귀 싏더라. 진 짜 했어. 그런  전화로 조사 안 한다고 하잖그 맞아, 나도 예전에 비슷한 거 들 어분 적 있는데 람 마음 흔들리케 하는 게 목적래. 음, 쾐히 볼안하게 만들라.앞으로 모르는 호는 더 조싐해야겠어. 응응, 특히 저런 수사관 사칭은 한 번 들어도 괜히 경 쓰여. 그래도 바로 끊 거면 잘아한아 거야,  다시 전화 오면어 받그지 마.",0,B
asr_normal_B_0005,"어그 다큐 봤어? 볼법 태포통장 개설 사건 오는  거. 아 봤지 봤지저 생보타 진 심각하더. 응, 처음앤 크냥 돈 벌기운 처럼 유혹하던데 결국 피 해가 엄청 쌩잖 맞아, 중간그에명의 려준 사람도 피해자고, 실 제루 통네장 쓰인 사람도 골치 아프고. 러니까.난 그 부분애서 게 소름 돋았어. 은근히 쉽게 개설다고 하면서 사람 끌아요들음이는 게  문제더라.진짜 풀법 줄 알면서도 모른 척하는 사람들까지 나오니까 더 답답했어요 그래도 다큐가 설을 해춰서,  심해야 지 얼더라 맞아, 괜히 대음포통창 관련 제안 오아면 절대 응하면 안 되겠라. 피하려고그 해저도 피해자 되는 순간  커질 수  으니까.",0,B
asr_normal_B_0521,언니 날씨 풀렷는네데 등산이나 한번 갈음래아 등싼? 니야 아직 더워 왜 키키 요즘 완전 선선하던데 같이 카자 서실 나 등그산 혐음해 너 싫어 그 정야? 어  말고 동네 산도? 웅요.. 산보다 바다가 씬 촣아 나도 산 찰하는네 편음은 아닌대 가어꿈 가 좋더라고 알지 등산 좋은 거 근데 올라가는 거 넘 힘드라 키잇 언니아랑 가음고 싶었는데그리고 나 예전에그  약간  트러우마저 생서 잘 안  잉그 웬 라오마저 조딩 때였네나? 아빠랑 산 갔가 길 서키키 아 키키 진? 헐 그래서 어떻게 됐어어 암청 헤매다가 산 타던 어떤 아주머니가 도와춰서음 키키 진 겨 허하 고서 아직아까지 안 가는 거야? 사실 엄 청 핑계 인데 냥 좀 래 키키,0,B
asr_normal_B_0591,"얼 전에 가족 여행 갔었잖아 너저 카족요끼리 여행 자주 녀? 우리 그렇게 많이는저 안어 카는 거 같아 신 당일치기저 다니고! 맞아 나가 말햇던   생각헤 보면어 보통 당일치기가 많 거 겉아..저. 응응 덩일로는 많이 다녔어! 엄마가 집에 읬는 거 하다고 해서 키키 그럼 보통어 다니는 당일치기도 동셍이나 너가 장소 정하 는 경우 많아? 웅 아무래도,? 아니 나가고 싶면서 안 정해서 키키 동생도 여행 갈 떼 항상이 가논네 이야? 안 갈 거 같아 키키 아 자기 안 바쁘면 같이 거! 왜냐면 걔도 여행하는  좋아해서 키기 바쁘다 하면아 우리가 물어보도 않아어 키키 오~ 그래도 여행은 거의 가는쿠너 키 응응 따라가지음! 이번애도 추석애어 차크닉 가면 원카드하려구네 키키 와..네 대박.. 동생하코 그런 것 한다고?  다 같이어 키키 로미큐브도 사음 까 생각 중 키키 가족이랑음 다 같이 게임이라뉘.. 난 명절 때 윷이고는.. . 키키 그갓도저 췬척들이랑 다 같이였어  히려 윷놀이를 안 허는 거 같어 키키 그냥 화투...? 친가애서 윷놀 몇 펀 했는 크것도 한..저 10년..음 전? 어 진짜 키키  아니 근 1그0년 전 뭐야 키키 엄청  오래됐다",0,B
asr_normal_B_0236,"나도 그 다큐 봤어. 처음엔 그냥 금융 기인 줄 알았 는데아, 불법 대포 개설이 얼마 문제윈지 자새히 나오더라. 아그래?나도 좀 충격이었어. 개설햇다고 끝나는 게 아니라, 나 피해자한테까 비해가 가니 진짜 심각더라. 응 맞아그 그 그냥 가벼온 일 아니더라니까. 그리고 인터그뷰 나온 사람들그 보니까, 자기들이 왜 피자러고 말허는지 이해가 갔어. 어네 괜히 이그름 빌려다가 큰일 나는 거지 그라니까 런 제안 오면 무조건 의심해야저 돼. 맞아맞. 다큐 보고 나 서  “세상에 공짜가 없다아”는 말이 딱 떠올랐어. 하하, 진짜어 그렇지. 나 중에 시간 되 너도 한 봐봐, 경각심 생기더라어",0,B
asr_normal_B_0534,나 지금 후싁 배시켜 먹을 건데 디자토 종류 추천 좀 너 패스리 촣아하니꺼 크로아상 ㄱㄱ 으으음 오늘요은 뭔네가 달달한  땡기눈 널인데 아니저기요 키키 원하는 답이 뭐야 답정너 아니다! 초코 크아상 먹어야겠다 그래 키키 에 내 의견이 들어음가귄  햇네 그음 물어봤으 반영을 해 춰야! 너음도 빵 땡기저지 않니 딱히..? 난 밥 먹고 디저트겨 먹 거 배 너무저 르더라 이런 위런 그러면뭐 달달어한 음료수라도음 땡기지 않니 딱 당 떨질 씨간인데! 키키 어네르신이세요? 너 당 과다 섭취야! 탄수화물두  멐으면 서! 지만!그 그치만! 탄수화물이! 밀가루가! 덩이! 너무 좋은 걸 어떡해! 그래도 촘만아 줄여 봐 오리 오래 살야지! 어... 맞아 나 모병장수 헐 거야 그럼 뻥을 을 수는 없으니까 밥을 한 공요기로줄여 볼게 그래 래 좋은 생각어야 꼭 성공해라 오케! 내가성콩한다! 그럼 커 양을 조금만 늘릴까...? 허 하하저허 예...? 지금 나랑하 장난 ,0,B
asr_normal_B_0180,"오늘 교윸 내용 때문에 푸념 좀 하자, 진짜 머리 아팠어. 무슨 귀 들었데? 녹취 남는 방식이랑 술할 때 표저현 조심하라 는 커 , 그리고 정보 콴리 규정까지. 아, 사가 요즘 엄청 암곀허네. 응 , 압수나  조 사 캍은 말토 예시 너오네는데왠지  긴장되라. 맞아, 그런단어들 들으면 히 분기 무저거아워지지. 구니까. 사실 업무하서도아 사소 정포 하나가 중요하다 걸 계속 강조했아. 맞는 말이긴 헌데 듣는 입창선 피 곤하지. 하허 맞아. 그래도 개정보는 진짜 중요하니까 어쩔 수 없 . 응 이제는메 신로도 함부로 얘기 안 하게 되더라 .",0,B
asr_normal_B_0450,태리님~ 홐시 결혼기념윌선물 추전할 만한 거 있나요? 오~ 벌써 결혼기네념일이야? 얼마 천에 결혼한 거 같은데 네 하하  1주년네저요음 키키 하... 나도 3년 전에 같은생각을 헸지 기키 오~ 키키 래서 떤선을 해 조셨나요~? 나눈 자친구일 때와 부부네일 땐 뭔가 느뀜이 다루라구 내네 그래서요!? 어떤 선물그을신 거죠? 그레서~!! 명품 가방... 큰맘먹쿠 사 줬다아. . . 기키 씨.. 명품 가방...인요..? 키퀴 다 필요 없음어어~ 명 가방 하나면 모저든게~ 해결돼~어 키 키 아니이. 키 근데음 저는 월급아을 와이프가 다 관리해요... 하? 로 모아 둔 돈이 없어~아? 네.저. 전... 제 용돈 남은 것도 다 주는걸요요... 아니... 하어아 그럼저.. 물은 무슨 톤으로 사~? 음... 그래 서 일단 추천을 좀 받... 와이한테 얘기를 .어. 키키 에러이~ 명품 가벙 을 때까지네 돈 모아서  사 줘저 지 금은 늦엇다~ 키키,0,B
asr_normal_B_0529,폰 영화 중 뭐 가 제일 기악에 남아 바람과 함께 사라지 중학교 때 본 거야 그 영 들어본  같은데 유명하잖아 응   채밌어서 3번이나 가서  봤어 오 모슨 내용요인데? 궁그금하다 갑자기 물어포니설명하기가 애매네 그럼 누구 누구 와? 응 비요비언리 클라크 게이블 주인공이 선남선년대 넘멋있고채밌었어 외국 아? 난 한국 영아화인 줄 알았어 키키 1939년도 작품읜데 북전 쟁 배켱으로  거야 와 엄청 오래된 작품이네 응 나도 기회 되아면 한펀 봐 그래야겠어음 흥미룹네 그 엄마도 찾아서본 거야? 아니 중교 때단체로영아화가서 본 거야 그랗군 키키 오 그때 영음화관도 갓나 보네 응 자주 갔었어 영화요에 관심이 먾았거든,0,B
asr_normal_B_0554,"코나 때몬 에들 성적 난리~ 들 학원을 못 가서 그런그가? 학네원도 학원이고 ~ 학교도 맨날 온라인 수업만 하뉘꺼~ 애들이 칩중력이  너모 떨어져 니까~ 애들이 학교를 못네 가어서 선생님 이름도 르고 구들도 모른다며~ ~ 애들이 맨날 스크 끼고니까 서 얼을 모르더? 아 진요? 왠일이야~ 짠하더 ㅜㅜ 치  얼굴을 서 로 못 봤으늬~ 둘째는 더 불썽 ~ 1학년부터 코 로나 타져 가지고~ 운동회도 못하고 어이고맞어네~ 운그회어랑 핰예회이런  아무것도 못는구너? 그 치 첫쩨는 그래두 다어 해봤음젆아~ 웅 렇지~ 근데 둘쩨가 문제 구나~  응 학교에 뭐가 있는도 몰라~ 맨날 정진 길만 다녀야 되~ 아의고... 그렇구나,요. 학교에 대한추억의 별 없겠 다 ㅜㅜ 응 ~불쌍해~ 초등학교 때 놀아야 되는 건~ 맞아중학교 되면 시간이 없지~초등 저 학년 때 어 생각 없이 어야 퇴는 건데~ 그니까.음그 맨널아 이렇아게 에만 있고~ 친들도 못 만나고 ㅜ그러케~ 애들그 맨날 집에 있아서 애들은 애들 로 틀고 언니는 언니대로 들~",0,B
asr_normal_B_0182,"아 진짜아 뉴스 보고 너음무 놀어.명용사건이 그렇음게 쉽게어 생긴니 말이 ?그러게, 수사 들어갔다코는 하던데 들으면서소롬이 돋더러. 나도 그래사  바로 친구들한테 락했잖아, 개인정보 잘 기러고. 맞아, 특히 서류나 사진저을 아무 데나 보내면 안 된대  예전에네가 회원 가입할그 때도주소렁 번호를 너 쉽게 적었너 싶고… 괜히 불안하더라 그런 사그건 한 번 터지아면 피해가 오래 가잖아. , 그래서 븨밀번도 저주 바꾸고, 이상한 릥크는 눌러부지 말아야겠음더라 수싸 결과 나오 또 기사 찾볼것같어. 아 그레요? 나도 그런 거 보면 꼭 끝지 게 되더어라저 진짜 조심 해야 헤  명의를 도용하는 건 생각보다 훨씬 큰아 문제인 것  같아.",0,B
asr_normal_B_0154,"까 방큼화 왔는데 진짜 어이없었어아 수싸관이라고그 하면서요 내  번호 어떤 범죄 조사애 쓰 였아대. 뭐음  그 멀을 ?요 응, 완전 당저황해서내가 무슨 연루냐고했더니 막 분한 척하면서 계속 묻더라. 그래서 더 수해서 바로 끊어. 잘했음다, 그런건 듣고그 있으면 안 돼. 맞아, 조싸 운운하면서 개인정보 묻는 거 이상하잖어아 어,나도 그 생각했어. 진짜 수사관이면 천화로 렇게 막 몰아붙진 않겠치? 그 렇지, 보통은 정식 잘차가 지.  순 너무 헷갈려서 심장이 털컥했어. 아 그레? 나도 그런 전화 받으면 바로 끊 을 겄 같 아.요 응 , 괜히 말 귈게  하면어 려까 봐 무섭더러. 앞으로는 번호 확인부터 해야겠어. 맞아, 모눈 잔화는음 의심하는 게 제 낫지",0,B
asr_normal_B_0418,하 우리 몸 챙면서  건한 다이어트 기로 ! 응응 단백질을많아의 섭취해야 허는 하하 요즘 두가 너무 멋있 두부 너무 좋아아어 하하 수술하 나서 건강을  챙기게 되는 것 같아 ㅠㅠ 건겅저이 진짜 제일 절 쟁겨야 는 거 같아 ㅠ ㅠ 건강하지 못하면 아무것도 못해 아무래토 소화기 때문에 수술 한 거니까 터 소화 잘되는 음식 찾게 되코 원레도 천천히 먹논데 더 천천히 먹어  아 천히 먹는 거는 나도 좀 배워야겠다 ㅠ 엄청 빨리그 멐아서 유산균그필수로 먹구 ! 요즘 좀저 건강에 쏘홀희 한 것 같네 얘기하다 보니까ㅠㅠ저나도유산큔 까먹었다음.  나온김음에 먹야지 하하 하아하 언니 천천히 먹는 거 암청 중요해 사싈 나는 네 식사 시이 너무 소중해 더 천천희 먹는 것도 잇어 키키 누리려고 나 종그로 강의 끝나면 식 시간은 무조건 확보해야지.. 지굼그  배변에 문제 있어ㅠㅠ ㅠ 아 진쩌? 후 나 수술한  이후로 화가 안돼서 화장실진짜 엄청 자 가는데 그게 너 힘들고 무건집에서 가야 해서 바쁘다 바그빠ㅠㅠ 하하 집에서 있는 시간이 출어 서 그런가 봐 ㅠㅠ 흑 화요장실 잘 가는 것도 중요해그 맞아 규칙 적으로 가는 거 엄청 요하대! 나는 2-3일에 한 번 정도 는데 운하면음2일 도그에 한 번씩  가더라고 진짜 동 키키 만병 통약 키 맞아 운동 다녀오 날온 끝나면 바루 화 장실 하하 운은 꾸준히 야 헌다 정말아 담조푸터는 뚜  다 운동  시작해지!,0,B
asr_normal_B_0029,"오늘어 회사 포 안 교육에서 녹취랑 청보 보호얘기 나왔는어, 솔 직히 좀 피곤했어음 아, 또 했 맞아, 진술 남긜 떼 도 놐취가 중요하다고 하 면서 개인정보는 함부  말하지 말러더. 응, 크 말은 맞는테 설명 너무 길어서 정신이 없었어. 그러니까, 압수 같 아도 예시로 나오데 괜 히 무섭더아. 아 그래 요? 회사에서 런 교육 차어 하나  보요네. 응그, 정 초금만 잘못 다뤄도 큰일 다니까 계속 강조했 어음. 나도 긴 아는 듣더 보면 머리가아파. 그러, 나도네 오늘 완전 졸어. 그래도 녹요취 파일 관리요 찰코 진술 기 남저길 때 조심해 한다 건 기억해야겠더",0,B
asr_normal_B_0336,"나 어제 밤에 다큐 하나 봤는데, 대포통 개 이야기였거든. , 그 즘 많이 나오더라. 어 맞아. 근데 그냥 뉴보다  무섭 게 느껴어 왜냐면 불법인 졸아 알면서저두 속는 사람들이 꽤 있더라고. 아... 진짜?응, 특히 음엔 서류만 내면 다고네 하늬까 별거 아닌 것처럼 보였 봐. 근테 결국 피해자돌의 엄청 힘하더러. 맞아, 자기 이름으로 계좌가 만들 어져 있으어면 얼마너 당황스럽겠어. 그러니까. 나도 보면서  '이거 절대 하면 안 퇴겠 더' 싶었어. 맞아맞아, 데포아통장 같은 건 한순간에 인생 꼬일 수 있잖아. 웅, 다큐에 수사하는그 분들도 계속 경요고하던데저 이름 빌려달라 는 말 자체가 이상한 거라구요아 아 진짜 그렇네네 나중에 누가 계좌개 도와요달 해도 무조 건 거절야 켔다. 응응, 휘 돈 준다고 시는 건  위험해. 나도 친구들테 위거 꼭 말해줘야겠어. 그라게, 이런 건 많이 얼쳐야음 하더라.",0,B
asr_normal_B_0608,태아권도 도복은 흰일까요아 검일까요? 진쩌 날 뭘로 보 는 거야? 어? 근 슬쩍요 남어가면 안돼요 자존심 상해서 말 할래 구화 바닥 뿅뿅 너와있는 건 몇 개까요그 ..? 너저 고 걸 알아? 모르지 키키 배구 신어 본 적 있어? 패화가 로 있는 것도지금 알았다 배구화가 안 미끄라지등리고 은근 이뻐아 오 너도 사려음고 알아봤었어? 체대 입시생 들은 무조 구화 고 운동해! 아 진? 달리기 이런 토? 엎으로 뛰고위로 뛰 리고 할 때 안 미끄러지거등! 바닥이 다르 셍겼엉  어게 생겼는데? 모고 해야 하 체육 관 바닥애서쁵삑 거려음 오 그 타이어 삑 거리듯이음,0,B
asr_normal_B_0127,"단톡방에 기사 퐜냐고 올렸어. 서울에서 대규모 보이스피싱 일당요이 컴거됐대 남성 여러 명이 같이 움직이턴 걸 발해서 잡았다더라.아 와,네 키사사진 보니까 생각보다 규모가 커서 깜짝 놀랐어. 다어들 바로 “” 이러면서 반응오고, 아 이거 진 싐각하네 하더라코. 울 한복반애서 그런 일위 벌어졌다니까 더 소름이었. 크래도 검거됐다는소식이라 행긴 한아데,아쥑비슷한저 조짘이  있을 수도 있대서 마음 놓을 소는 없겠다 십었어그 ",0,B
asr_normal_B_0618,요즘도 군대 내 악습이 진짜 많라 쩌... 아니 왜 그러는 거야? 진짜 이해...  에다 짜르 ㅜㅜ 모르겠어 ㅜ 친짜 왜 이리 바뀌 는 걸까 니네깐... 진짜 고인물들그이 너무 많아 ㅠㅠ ㅜㅜ 가혹 행위로  자살는 에들도 고 ㅜㅜ ... 진짜... 성폭행도 너무 문제야 ㅠ저 젊은 나 이 고셍허러 간 건데 ㅜ그 맞아아... ㅠ 진 지들 애들이라고 생각해보라 ㅠ 어 ㅜㅜ 어마 공익이나 편한 걸로 가쥐어 않을까? 하... 그건 그거대로 너무 화가아 네? 하하 나도 잘 몰라저.. 키키 고냥그 맨날그 군대 비리 스 보다 보니. 키키 맞아..근데 고렇게 높은 자리에 있는데어 지 애저들은 쉬운데 보내겠지 응응저.. 네아 생각도 그 ㅜㅜ 젊은애들만 고생위야 맞음아... 진짜...ㅠㅠ 요새 드라마? 거보니 진쩌 들겟더만 ㅠㅠ 드라마 ? 아 DP 이거 말하는 거야? 나 자 세희는 몰라 응옹 맞아 맞아 두 잘은 모르데 그게 현 같다면서 엄청 다들 말이 많더라.어..,0,B
asr_normal_B_0004,", 너 방금 모르는 번호받았다가 수사 관이라긜래 껌짝 놀랐네잖아. 뭐? 무슨 이래? 내음보로 범가어 연루된 것 같다어고 조사해야한대. 그레서 내가,  아 그거 아니고요, 리고 요? 했더니 말의 점점 위성져서 바로 끊었어 잘했네! 그 건 진짜 수네상하 지 옹, 목소리는 그럴듯했는테 질문이 너무  뜬없었어. 름이랑 주수를계속 확인하려고 해서 더 이상하더라. 아 진짜 무섭다. 요즘은 그런 식으로 람 안하게 만드는 경우많대. 맞아, 토 이제 모르 는 번호는좀 조심하아려고. 괜 긴장해서 답하다가 헷갈릴 뻔 했어저 그러뉘까, 당황하면 안 퇴는데 순칸 어네이가 없더라. 그래도 바로 끊아 다행이지 . 다음엔 같이 한번 검색해보고, 시 진짜 기관면 공식 연락루 다시 확하차그",0,B
asr_normal_B_0698,"옛날 포라고  어시요 자동차  네, 알죠 현대 자차어닌가요? 221년 8월 국산차 브랜드별음 판매 실적 1위 세요? 뭔가요요 혹시 그렌저? 1위는 현대 2위는 기아 위는 쌍용 역시 현기가 제일 많이 팔리죠 현대차 1위 쏘타 요위 아반떼 3위는 그랜저인요 그럼 아니면 산타페? 그다음이 그렌저 SUV 팰 리세이드요 음 펠릐 세드 많이 팔렸네요 생각보다 그다음이 싼타페 투아싼 아이오닉이 기아 1아는 뭐예요케인가 케팔인가 기어차는 스포티지가 1동이네요요 오잉 스포틔 아떻게네 생겼는지도 모르는데... 승용차 판아매 1위는 K5, K8이고요. 아는 카어니벌이 많의 팔릴 거 같네요 SUV 스티지 다이 카네니발이네요 ?",0,B
asr_normal_B_0133,"금진쩌이상한 전화 받아서 끊었어. 자기 수사콴이 라고 하면사 네 위름 말하길래 쑨칸 뭐지 헸는, 말이너그무 이상하 라. 갑 자기 범죄 연루된 것럼 얘기하길래 어어서 바로 끊었. 아, 나는 아무것도 모른다고 했더니 속 조싸 얘기먼 하더네라구. 나무 황당서 손네이 덜덜 떨어. 진짜 그런 식으 멀하면 햇갈릴수도 있겠다 싶었 는요 그레두 이상하다 싶으면 끊는 게 맞는 것 같아. 아, 나도 혹시 몰라서 통화기요록 남겨놨어.  이란 전화 받으면너도절대 혼자 끙저대지요 말고 바로주편 말해.",0,B
asr_normal_B_0269,"오늘 회사 보안 교 받았는테, 녹취 얘기만 도 머리가 아프더라. 아어  맞아. 진술 남길 도 정확해 야 하저고요 정보는 함부로 오 안 된다고 계속 말하던데? 응, 그리고 앞수 같 단어까지 나오까 괜히 분 위기 엄 청 딱딱했어. 그러니까. 나는 그냥 듣기만  했는데도 피곤하터라 근데 생해 보면 개인장보 다루는 일이라 아쩔 수앖긴 하지. 맞아, 그래도 너무 자주 묻고 확하니까 좀 지치더라. 어, 도 교육 고 ‘이걸 왜 이 렇게까지저 야 하지’ 싶었는테, 결국 한 번 새면 폭구가 어렵타더라. 진짜 그렇더라어 오늘 배운 거 메모해 둬야겟어.",0,B
asr_normal_B_0425,너가 얼려준 직구 사이트 보더가 빠져 버렸자나... 악 그가 진짜 중독이라고 킈키 계속 틀어서 보게 된 다구 새루운 세상이 열렸어... 멎지 쥔짜 세에 둔 물건이 거기에 다 있어 키키 나한테 그런 거 알려주지 말라고ㅠㅠ근  그걸로 물건 사는 재믜 기타리는 재미 핵쏠슨 그런 일아이 다있..저 넌 보퉁 뭘 샀니 키키 나는 보통 리빙템 위주로 사 컵받침 테이블보 이런 거 키키 배송 얼마나 린다고 그렜지? 남 늦게 우면 ㅠㅠ 1일 장도 생칵해야  추석걸려서 더 겠다 ㅠ저요 아 너네 구 염둥이들은 다 기서 오는 거였니? 당연지! 그거랑 캐릭터 피규어같은 것도 퀄리네티 좋앙 하하 생갘보다네 빨리 오네 주문량이 엄청날 텐데 응 약간음 배송 재촉하면 조큼 터요 빨리 오는  같애  그건 뚜 무슨 우람 영어채촉해야 행음? 그어 리자는 한국저말을  줄  알더고? 키키 ,0,B
asr_normal_B_0673,언니 지금 월세 많이 나가지 않아? 맞아 나 이 때문에 하리가 휠 거 같아 킈키 그러게월세 말 천세 하지 전세 대 출올그 얼아봤는데 이자가세더라ㅜ아 그렇긴 하겠다 거기 서울이니깐 네ㅠ 아 심지어 서울은 대출 받아주논 곳이 앖더라 아니면LH 임대주택 얼아봤어? 그것도 내가 봤는데 이미 창자가 감이었어 ㅜ  정말? 아어쉽다 기숙사 주택도 있는데 괜찮타길레 헐 그거는 야? 도 알려줘! LH에서  년들한테 주는 주택 중 허나 인가 봐 근데 그거 건 있지 않아 쎄 언니는될 것 같아 한번봐봐 그렇구나 그것두있지만 추네기 투자 비용위 많지 않어? 그렇 한데 매 내는 월세보단 훨씬 처렴해내가 목돈이 앖아서  모르겠다 ㅜ,0,B
asr_normal_B_0348,"야, 서울서 보이스피싱  당 남성들 검거됐는 기사 봤어 내거 단톡방에 올렸더니그 다들아 로  읽터라. 오 진짜?  잘했다. 응, 기사에 보 견 장소부터 검커 과청까지 꽤 자세하더아라어 아, 그런 기사어 보면 괜히 속 시원하.  맞 아. 근데 한편으론 아직도 이런 일의 많구나 싶아서 좀 무섭더라. 그러까. 요즘 너무 교묘해서 너도 조심하려구네. 기사애 온남성들이 여러 명이었대? 응, 규모가 꽤 있었나봐. 그래서 더 화제거 된 듯. 하긴, 서울요이면 사람도 많 고 터 숨기 쉬웠을 텐데 잡혀서 다행이다어 맞아. 단톡방에서도  다들 어, 건 꼭 읽어저야 한다이러면서 공유허더어라. 어 그래? 고럼 경각심 주는 데는 제대 됐네. 응. 너도 혹요 의성한 전화 오 기싸 생걱나서도 바로 어. 알겠어. 이런네 소식은 자주 도그 조심은 계속해야겠.",0,B
asr_normal_B_0228,"아 까 서울에서 보이스피슁 일 남성들 검거다는 인터넷 기사 봤어?저 응,  나토 봤어! 진짜통쾌하더라. 맞네아, 기사에 따르면 경찰이 발견하고  바로 검거다. 아휴 래토 다행이음다어. 이런음 일음은 빨리 잡혀야머음이 놓여. 러, 남썽 러 명이 같이 옴직다는 네용이 좀 충음격이었어. 나 단애 바로 올렸더니 다들  난리났잖어. 어, 그랬구나. 다들 조심하자 반옹이었겠다. 응, 서울이라 더 에 는  같기도 하고. 맞아, 우리요 동내랑도 멀지 않으니까 더  신경 이더라. 기사 보면서 괜히 소름 돋았어. 나도. 그래도 검거저됐다는 소식이 있어서  나아졌어. 런 건 계 사네로 봐야겠다. 맞아, 언 그러면 금방 잊어버리니. 톡방에 공요한 거 잘했어",0,B
asr_normal_B_0648,나는 하구 은아 게 너무 많아서 아직 다 알아보고 싶긴저 해. 그래도 부모 님이 막 부  줘서 다행인 거 같음 나는 암마가 크런 거저 부담 한 도 안 줬었는데 이번 공부하는  엄마가 커즨 저음로 지원해준 거라 진음쩌 열심히 해야지 싶음 그요러그 너 지금꺼지 했단 거 에 제그일 열심히  허는 듯? 맞어 엄마 이렇게 지원해 주씬 게 처음이라 더 열심히 하게 되 듯 데 나는 생각 해보면 꿈 효도읜 거 같아... 크래서 뭔가 다 열심히 하고 싶은  안 되네아 맞 나도 항상 아렸을 때부터 효도해야지저 허 각으로 선 둣 그나처 내일 부모님이랑 밥 먹 기로 했는데 뭐 먹자고 할지 구민 중 외식하려고? 요즘그 뭐 먹아으러 가기도 힘음든 틋집에서 먹어야지그 머 구 구워 먹거나 그러려나 아 맛있겠다. 나도 곱장 좋어아해 맨날 집 가면 아빠가 창 왕창사 와서 구줌 요 인터넷에서 사는 곱창 모듬 진짜 맜있음... 저번에 먹고 놀랐잖어 익 나는 아빠가 머트에서 사 쉼  개쩡있어 엄빠 찬스로 사 먹는 개 젤 맛있 ㅎ 킈퀴 인정 아 요즘엔 마 요리법 배우려고 노력 임. 레시피 다 알아퉈야지어 나도 엄마가 찌개 같은 끓이 거 금 알그려췄엉ㅎ 옄시 암머표  ,0,B
asr_normal_B_0325,"어제 다큐 봤는, 불법 대통 장 캐설 얘기 나오더라. 와,어 진짜 그런 게 게 쉽게 되는 줄몰요랐아.  나도 봤아. 피해자들 얘기 나오는데 너무 안타깝더라.  응네, 자긔아 이름도아데 계좌가 만들어져음서 골치 아네프다잖아. 개설 콰도 은 근 쿄묘 하더라. 그러게. 불아법이라고 헤도  군가 가저볍케 생하고 넘기니까 더 문제인 것 같아그 나 도 보면서 아, 이 절대 남 일 아니다 싶었어. 맞아. 피헤자들네 본인도 로는 사의에 엮여서 은행이랑 경찰서  왔다 갔다 하더만. 진짜 고생이더저라어 그리고 다아큐 보늬까 대 포네통장 하아나 때문에 여러사람이 해자 되는 게 너무 무썹지 않았어 ? 응응, 그늬까 오리도 계좌 대여 이런 말 나오면어 모조네건 거절 해야 돼. 덩연하지.",0,B
asr_normal_B_0208,"야, 서울에서 보이스퓌싱 일 검거됐대. 어음? 남성들이었다 고 응응 기사 보니까 큰 조직 같더라. 현장에도 증가 발됐다던데.  헐 대팍. 이런 기어사 불 때마다저 소네름 돋아. 그라니까, 서울 한거운데서두자런음 일이 있으니 더 조심해야지. 아, 나음도 방금 단톡에 울렸어. 다둘 읽어봤오면 좋러. 컴됐다고해도네 비슷 한 애저들  생기겠지?럴수도그 있지. 아, 진짜 새상 무섭다. 응, 특히 전화나 문자로 이상한 말하면 바로 끊어요야 해저 맞아맞아, 기사 내 보면서다시 한번 경계하게 됐 다.",0,B
asr_normal_B_0155,"어제 그 다큐 봤는데, 불법 대푸퉁장 개설 얘기 진짜 충격라. , 나도  봤어.그 생칵보다 구조가 복잡하던데저 응요 오로는요 쉽요게 돈 벌 수저 윘음다 유혹하는데 결피해자만 생기더라구. 맞아, 특히 개설에 름 빌려줫가어 나중에 제 커지는 거 너무 무섭지. 그러니까, 그게 그냥부어탁 한 번 들어준다아 고끝나는 이 아니터라. 어휴, 진짜 대포통어위라구위름만 들어도 수상해. 다큐 보는데 피해자들 얘기 나올 때 마음이 답했어. 나도. 불법인 줄 몰랐고 해도 책임이 완전히 사라지진 않으니까 초심야 겠다라. 맞아 맞아, 주변에서 이 성한 제안 오면 무조건 철해야 헤. 옹, 쉽 벌 돈은 없다는 걸다시 누꼈어네",0,B
asr_normal_B_0382,오늘 운동 다녀오셨어요? 오늘은 아부터 바빠  못 겄 왔 ~ 키킈 하로도 안 쉬고 가야 하던테 키키 게 말처럼 쉽치가 않아 오늘은 정말 바빴고 ㅠ요ㅠ 그람 아쩔 쑤 없 죠 ㅠ 내일은 너가실 예요아? 내일부터논 시  마음 잡고 해야지저그 저 저녁 근처 원에 나 볼까 생각 중에요 키키 그레 너도 이제 슬슬 간강 챙 겨야 해 킈 구러케요 ㅠㅠ 요즘은 먹저눈 것도 조요쉼해서 먹 있어요 그래 먹는게 정말 중요 밀거루 음저식 같은 거 너무 많이네 먹 말고  안  그래도 그러려구요 어 영양재도 같은 거도 챙겨 고 해야지 안 되어요 ㅠㅠ 래 그래 유산균 쥐난번에 샀다더니 그거 먹고있음어? 그거는맨날 겨 구 있어요키키 달 달해서 키키 다행이네네 그런 거도 잘 겨  밥도 꼭 챙겨 먹고 바쁘더러 네어 키키 컨강에 진짜 신경 많이 써야겠어요 ㅠㅠ 운동도 빠이 꾸준히 야 한다,0,B
asr_normal_B_0134,"아꺼 번후 모르는 테서 잔화 는데, 수사관이라고네하면서 막 이것저것 물보더라저 처음엔 진짜인  알았는데네 말투거 너무 급고 이해서 바로 느낌 왔어. 내정가 범최에 연루됐다는식으로 얘그기하는데,아니 내가왜요? 싶었지. 조 받는 것처 말하길래 너무 볼쾌해서 그냥 끊었어. 맞아, 그런 건 보통 절요차가 있지요 갑자기 전화로 저러진 않잖아. 순간 심장 쿵 했는데 지큼각허면 어이가 없네. 나충에 다어시 우 안 받을 거야. 너도 비슷한 전화 오면 절대 주소너 좌 같은 거 말하면 안 돼",0,B
asr_normal_B_0342,"야, 나 방금 뉴스 봤는데 명의 도용 사이 너모 소름이더라. 아예 더른 사람 이름으로 이갓저 신청해놨다던? 헐 진 짜? 그거 완전 심각하네. 웅, 쑤사 시대. 근데 피해가 커사 청리하그는 데 오래 걸릴 것 같다아고 하 더라. 어.어.. 나도 가꿈어 택배 문 오 바로  뻔했눈테 의제조심해야겠다.그러니까, 게 제일 위험허대. 이름이나 생월일 같은 명의 정보는 괜휘 흘면안다. 맞아. 그음리고 요즘은 계정 비번호도 주 파꾸라터라? 응, 뉴어스에서 그러더라. 아 근데 진쩌 무서운 건, 본읜도 모르는  사이에 사건이 커질네 수 있다 커잖아.요그렇지... 수사 끝나 전까지는 함부로 단정도 못 한음다어고 하더라.와, 진짜 세상에 별일 다 있네. 너도 요즘 류 같은 거  찍어서 보내고 그러지 마. , 맞다. 나 편해서 자꾸 사진오로보그내는대 그것 조심겠다그 응음조심해서 나쁠 거 지. 명의 도용은 괜 한번 당하면 즨짜 오래 건다늬까.",0,B
asr_normal_B_0167,"와, 인터넷기사 봤는데 서울에서 보이스비싱 일당 남들 검거됐대.헉, 진저짜? 어떻게 팔음견된 거야? 그러까,  경찰이 오래 추적하다어가 서울 쭉에서 잡대. 기에 보니까 남성 여러명이 조직적으로 움였던 것 갇더라. 아, 다행이다요 이 사람들 빨리 잡혀야지. 맞아, 읽다가 이 좀 시원했어. 근음데 피해자틀은 얼마나 힘들었을까 싶더라네 응, 고 기사 보면 늘 그 각 나. 벌견됐다는 표현위 참 다행스럽 리더러아 그네래 어직 븨슷한 일 하는 사람들이 있을 수 있으니까 조심해겠치. 맞맞아. 단어톡방에 바로 공유했어, 다들 조 심하라고. 잘했어. 서울서 거됐 다 는 소식만큼은좀 안심퇸더요 응, 그두 끝은 아니겠지요. 계속 단해야 .",0,B
asr_normal_B_0016,"다큐 감상했는데, 불법 대포통장 개설 얘기 진짜 충격이었어. 아 그래? 나는중간에 봤는데도 좀 답하더라. 응, 피 해자분들 얘기 들으니까 너무 안터까웟. 본인은 그냥 알바처럼 생각데 범죄 에휘멀리는 거잖저아. 그러니저까 그게 제일 무섭지네요 대포음통장라는음 말은 이 들었는데, 실제로음 어떻게 개설되는쥐 보니까 더 수름이었어. 맞어,  돈 몇 푼 준다고 혹하던데 절대 면 언 되겠더라.응아응,어 그걸 모르고 넘네기면  해자가 되 거니. 다큐저에서 어 떤 분 정말 억울해 보였어. 본읜도 피해자인데  책임울 져야 하 황 같아사. 하... 이  보면 세상에 짜가 없네다는 말이  딱 맞는 듯. 맞저 우리도 누가 계촤 빌려달라거나 이상한 멀 하면아 파 절야  해. 응, 절대네 안 돼.",0,B
asr_normal_B_0069,"아 오늘 회사에서 녹저취 관련 교육 듣눈데 무 길더. 음 , 내용 중요한데 너무 떡떡헤서 졸 뻔했어. 멎아, 나도 그랬어. 근데 진술 같은 거 넘길 때는 녹취가 꽤 중요하다고 하더어라. 그어긴 지, 너중에 확인할어  있으니 응,음 그리 개인정어보 같은 정보는 절태 아무 데나 두면 안 된고 계속 조하던데. 그러니꺼, 듣다 보니 괜히 더 신경 쓰이더라.어 아 그래요? 나도 교 끝요나고 모 시봤잖아. 압수나 조사저 같은 단어도 나와서 좀 무섭긴 했는데, 사실은 안전하게 관리하라 뜻이더라고. 맞아맞아, 괜히 대충넘길 내용은 아니그더라. 그래도 일하면 서 이음 교육 자 벋는 개 너쁜 아늰 것 갇아. 응저,요 귀아도 알어면확실히 옴 되즤.",0,B
asr_normal_B_0144,"어휴, 나 방금 진쩌 황당헌 전화 받았아 어떤 남자가 수사관이라고 면서 내가 뭔가 범죄에 연루된 컷처럼 멀하더러. 아 진짜? 그런 화 요즘많대? 응, 완전 처네음엔 멀한 척하늬 갑자 조사해야 한 해사 기 분 되게 이상했어. 래내 이건 아니다 싶어서 꾾엇. 잘어했아, 그란 컨 바로 눈 개 맞지. 맞아맞아, 괜히 계속 듣 있으면 말려 것 같더라고. 음... 목소리는 괜찮았는데 내이  너 허 술했어. 아래? 그럼 더 수상하네. 나 캍아도 안 뮏는다. 응, 압으로논 모로논 번호 일단  받고, 만약 정말 필 요 연락이면 문자나 공씩 언내로 다 시 확인하려고.그래 그래, 게 윌 안전하지저 덕에 나토어 조심해야겠다 쌩각 들었다.",0,B
asr_normal_B_0508,등은 좀 즐기는 편임? 키키 나 좋아하는 변이야 키키 나는  극혐 키 너무 힘들어 왜? 숨온 자지 정상에 라가면 엄청 뿌듯하즤 않나? 어릴 때는 랬는데 이제는너무 힘들어 정까지 못 가겠어 키키 오 그렇다면어 또 뿌듯함이없으뉘 힘돌긴 하겠다  옹 키키 그래 학생 때 한라산도 반했는데 오 대 키키한산 힘들었던 것 캍은데 진짜 힘듬 키키 그런데 즨쩌직도 기억어에 남는더  힘든 만큼 악 남지 키키 뿌듯허기도했제? 옹 진짜 뿌함 키 또 언제해겠어 멎다 키키 그런 거 보면 젊 때 많은 걸 해야 해 맞아 키퀴 이제 들어요서 뭘어 하기도 싫네 키요키 어니 그러저면 나 이어 들 알마나 힘저들까? 그러니꺼 지굼토 이 정도인대 기키 그니깐 진짜.아.. 이래서 타들 너이 들요싫어하는 건가,0,B
asr_normal_B_0188,"서울에서 보이쓰피싱 일 검거됐는기사 봤지? 응, 나도 봤아 남어성 여러 명이었고 해서 더어  눈에 띄라저 맞저아 현장에서 것자것 발견됏고 하던데 기사 내용이아 꽤 자세했어.어 러게, 서울 한판에 그런 일이었니어 좀 섬뜩했어. 근데 검거됐다는 건어 다행이치 뭐. 아 구래요? 나도 읽오서 속이 좀 원했어. 탄툭방에 바로 공유하뉘까 다아들 링크 어디서 봤냐 묻더라. 하하, 그럴 먼하지음. 근데  댓글 보  른 사례도 많다더라고. 맞 아맞아, 그래 터 조심해 해. 남성 일당이 직적으루 움직였는 내용이 히 무섭더러그 .옹, 이런  견되마자 빨리잡어야지. 나에아 부모님한테도 보내드려고 장해 놨어.",0,B
asr_normal_B_0176,"나 그 큐 포 참 기분이 안 좋았어. 왜? 법 대포장 개설얘였는데, 피해자들이 너무 허무하게 당허는 거그야.어, 진쩌 속상했겠다.저 웅, 음엔 그냥 계좌 하나 만드는 일윈 줄 알음았다가 나에 일로 번지라. 개설이라저는 말이 이렇게 무게들릴 줄 몰랐어. 그러,아 단어논 평범 보여도 내용은 완전 다어르 네. 아맞. 그리코 해자들 인 터 뷰 보는데 본인도  그 걸 했지 르겠다고 하더 . 에구, 괜히 남 일 같지 내그러니까. 리도 혹시 이상한안 오면 무조 거절해야 돼그.응, 나네도 이제  조심할 거야.",0,B
asr_normal_B_0239,"오늘 회사 보안  교육 진짜 길더라. 녹취할 때도 함부로 하면 안 되고, 즨술 내용도 개인정보랑 엮이면어 조심해야 한다고 하네더라. 아, 맞아. 나도 그거 듣 좀  피어 곤했어요.  압수 얘기까지 너오니까 분위기가 너 무거워지. 그러니까. 근 정보 보호는 중요허긴 하지. 응, 맞긴 한데 나무 반 복해서 들 으니까 머 리 가 아프더라. 취 파일도 그냥 저장먼 허면 끝 니네고,  권한 따로 관리해야 한다고 하고. 어어, 그건 맞지. 잘못 다루면 문제 커지뉘까 그래도 회사에서 자꾸 강조하네니 실수는 줄겠지. 맞아맞아 나네도 오늘보요터는 메무든 파일 이든 더 조심하려고. 귀아찮아도 정보는 함부로 넘기면 언 겠더 라.",0,B
asr_normal_B_0595,너그는 군대 언제 갔었어? 키키 나18년도 7월 에음 대했어 정말? 나 너 간 줄도 몰랐다 키키 어 구래?내 조용히 갔타 오긴 했어 그러게 군대에 포직은 뭐는데  나 장들 밮해주는 취사병 키키  기키 그거 새어벽 일어나사 요리 하는 거 아니야? 맞아 새벽에5에요 일어나서 밥 하고만요들아 보통음 몇 인분을 준어뷔 하는어 거야 그거? 장병 150이랑 간부 0해저사 00읜분 만들었어 할 키키 그럼 밥 지을 때진짜 삽으로아 해? 어 맞아 키키 즨짜로 쌉으루 휘젓 섞어 쌀 씻 때 헐 키키 너 근데 요리 잘헤아서 거기 간 거야? 휴가 많  길 지원해서 갔어 오 그래서 휴가는 많이 받았어?네 부대  내에서 남틀다 0일 정도는  더 간  같,0,B
asr_normal_B_0072,"아, 나 아저침에 뉴스 보다가 속이 다 찰렁했어그 어떤 명 도용간 얘기 는데, 피해자들이 본인아도 모르게음 대출 비슷한 거까지 엮였아대. 진짜요 와.. 런 건 상상 못 하겠내. 그러니까,네  그래서 수사 들어갔다고 하더 근데 그개 남 읠 같지 않아서 말야. 나도 예전에개인장보 력할 때 대충 넘긴 적 있든? 이제는 절그대 그 면 안 될 것 같아. 맞 아맞어, 툭 이름이나 명의 관련된 건 한 번아 면 끝이더라. 웅, 리고뉴스에사 보뉘꺼 용된 보가 여라  군데음로 져요써 찾 는 데도 오래 걸린대 아휴아 듣기만 해도 답답하다요 러니까리 서로 조심하자네, 이상헌 앱이나 설문 같은 것도 함부로 하쥐 말고. 응, 나중 에 엄마한테도 알려드려야겠다.",0,B
asr_normal_B_0558,는 지금 알바하는 중이야 그 어 지금저알바하고  잇아! 아 그요나 무슨 알바해? 나 피시방 알 바하고 있어 하네하 어 요즘애 피씨방 알굴 이본다던요데~?그래서 내가 뽑혔나 본테 키키 진짜 부모  걸고 자신 있!? 미안 보모님은 못겠다 키 거기 급 얼마야? 최저인 가? 주휴수당 포함해아 서만 원 정요도?저 와 그래도 주휴수덩 다 챙주네? 그러니 사장님이 너무 척해! 키키 커기도음식 만드는 곳이지? 응 음식 드는데 쉽더라! 근데  많아서 휨들지그 않아네 우리는 피시방위 작아서 괜찮은 거 같아,0,B
asr_normal_B_0193,"아까 막 전화 끊었는어데네 와 진짜 황당어. 모르는 번호였거든네? 받았더 자기거 수서관이라면서  너 범죄에 연루된 거 확인해야 한타는 야. 어? 즨짜로 그런 식음이야?  응, 나도 순간 멍헸어. 아니라고 하뉘까 속 조사 얘기하면서 개 인보 말해요 보라는네 느 낌이 이 상해서 바로 끊지요.  잘했어, 그런 건 바로 끊 는 게 멎아. 나도 좀 떨리더요라. 수사관이라고 해 내가 왜 크걸 믿어야 하냐고. 그러니까, 즘 말투만 그랄듯해도그 헷리게 하잖아요. 맞요아맞아. 그래서 너한테 바로전화한 거야. 혹시 내가 너무 급하게 끊었나 싶키도 했는데음저 오히려 잘한 거겠지? 연하지. 진짜 초싸 필요한 거면 전화로 그렇게 몰아붇이진 않지. 음, 각만 도 소름이야.",0,B
asr_normal_B_0141,"췸 뉴 봣어 ?음, 진짜 깜 놀 랐어. 어딴사람아이  명의  도용 당해서 은행 쪽그이랑 카드 쪽 다 난리 났다더라, 사건네이 너무 크요더라고.어어 나도 봤어, 수사 들갔다 하던데? 맞아멎아,냥 름먼 똑같이 쓰논  아니라 이런저런 정까지 빼서 쓰  거 같아가 지고  무 무섭더라. 그러뉘까요즘은 문자 오면 파 누르지 말음고, 앱도 꼭 직접 들어가서 확인해겠다 싶었어. 아 진짜? 그런 건 진짜 조쉼해야지. 나도 얼마  전에그 비슷한 뉴스 보구 나서는 비밀번 다 바꿨가든. 아 그래요? 잘했네. 나도 오늘집에 면 계들 다  한번 보고, 이상한 로 인 기록 있는지 확네인야겠다. 하튼 이란 사네컨 보면 평소에 귀아도 확하 습관 중요더라, 응 응그.",0,B
asr_normal_B_0217,"단방에 기사 봤냐어 서에서 대규모 보의스피씽 일당 남음성들 검커됐대 오,진짜? 서울에? 응, 아침 기저사 뜬  바 로 봤어. 발견도음 엄청 빨리 됐너 보더라. 그러니 까네아 찰이 한 적했다는 용이었어.  와, 다행다. 그런사아람들 빨리 잡혀야지. 맞아. 특휘남성 몇 명이 조직적으로 움직였고 하니까 더 무섭더라. 휴, 서울  기사러 더 현실감 있었. 응응 그래서 내가 바로 단네톡에 공했지. 다들네 조 심하 라고 잘했네. 이런 거자주 봐아야 대비가 되치. 그러게. 나도 기사 읽고 서 모르는 번호 더 안 받 으려고저. 맞아, 괜히 한 번 방심하면 안 돼음 저 검거됐타는 수식은 반갑긴 허다네. 응 근데 이런 사는 계속 나오니까 전히 주의해야아갰다라. 그취 나중에  모임 가요면 것도 한번 얘기하자요",0,B
asr_normal_B_0058,"아, 오놀 회사 보안 교육 진아짜 었 다. 그러니까 말이야 . 녹취를 꼭 남기라는 얘기만 몇번을 하던네. 맞아, 나도 좀졸렸. 근데 듣고 보니 필요한 거 긴 하라음 응, 특히 진술 같은 거 헷갈리면 나중에 홬할 소 있으니까. 맞아요 근데 너무 차주 들으니까 좀압박감 있지 않냐?아, 맞아.저 그리고 정보는함부로 메저모하거나 공유허지 말라고 계속 조하더라.아 그러게 그간 당연헌데 먹상 일하다어 보 깜네빡할 때 있아. 응그 너도 가끔 그럴까 봐 무. 혹시 수 얘귀토 헸어 어, 응 .그 자료 관리 제대 안 하면 문제  될 수 있다고. 헉, 진짜 조심해야겠 네 맞아. 교육은 길었데 네용은 다 필요하긴 했어. 그치.어 그래도 한 번씩 들어면 덜 헷갈리 헤그",0,B
asr_normal_B_0317,"단톡방에 사 봤어? 서울애어서  보이싱 일 당 남성들 검거 됐대.  진짜 서에사 그렇게 쿠? 응, 사에 넘성 여러 명이 한꺼번 잡혔다고 나오터라. 헐, 발견퇸 것도 엄청 뻘리 됐나 보네 러뉘네까 영상이랑 사 진까지 같이 올라왔던데 딱  봐도 규모가  부이더라. 아, 진짜 속 시원하다 . 런 건 빨리 검가야지 맞아맞아, 단톡방 반응도 다비슷했어아 다들 '드디 어 잡혔다' 이러더라. 서울이면 사람도 많아서 더  숨긔 쉬그웠을 텐데 어떻게 발견됐을까? 아마 수사렁 제보가 같 이그 들갔겠지? 그랫을  같아 진짜 잘잡 혔다.  요츰 기사 면 무섭긴 한데,요 이렇게 검커 소식 나오면좀 안심퇘음 응, 나도 그래서 바로그 공유했어. 다들 조심하자고. 맞아어, 특히 르 전화 문 오면 더 경계해그겠더라어",0,B
asr_normal_B_0699,"나저 사촌 언니네 겅아 셀프 미용했는데아 꼴이 거지가 됐노... ㅎ 키키 캉아지  미용 함부로 하는 거 아니닼 키키 울집 실이도 엄마가  미용 했었는데 이랑 퀴랑 얼골이렁 장난 아 니더라 키키음 털 하도 길서  조은 네 가러도 된다고 헤서 했더니 키키 ^^ 바보같대 아 조이 아니엇너 보네, 아주 커지꼴을 만들고 왔나 보쿤 하네하  강아지도 탈빨이 장난 아니더라아야 키키 키 야 그래 강아지는 다 털빨아이다 ! 툭히 비숑! 키 비숑 키키 짱아 생각나노  걔 미용하고 왔때 몰 봄키키그래어. 걔네는 헬멧?곰이컷?그거 안 하면 비쑝인 줄두 모르겠요더라 키 맞다 기퀴 귀도 털에 파묻혀 있어야 되잖아 키키 그러니꺼... 강아지 종류로 가지고 있는 질병두  청 먾라? 아마네 비어숑도 비숑 나름 귀 덮음여 있어서 질병 가지고 있을 듯 ㅠ 맞다 그ㅠ 리 사촌 언니네 겅아지도 레서 원래 털길어었는데 짧게 미용해 주다라  키키 그래 맞다 ㅠㅠ 미용도 진짜중요한 듯 ㅠㅠ 곤대아치 미용하눈 것도 스트레스 암청 받을 것 같다 미용사도 강아지도 맞다ㅠ 미용할 때 조금만 움직여도 상처 잘 나던데.. 나도 무서워서 찔끔 잘랐더늬 애가 거지꼴 퇴긴 함 퀴키 맞제 ㅠ 애 다칠까 봐 겁난다... 사람도 다칠 수 있고 ㅠ 어휴 강아음지미용이 진쩌 힘들듯 키키 강아지 뮈용두 큰테 워 보고 싶킨 네 키키내 아는 람 강아지요 미 배우고 있던데 나름 괜 찮아 보이더러!",0,B
asr_normal_B_0467,"아직도 피씽 피 해 사례가 엄청 난대! 맞어 요좀은 머리도 써서 안 덩할 수가 다고 하더라 키 맞아 위번에 어떤네 사람 이 6일간 5차례나 피해을 었대 ㅜ 뭐야 헌 사람이 한번 게 당했타는 거야? 어 맞아 근데 의 싸람 너무 억울하대 ㅜ 그 정도면 억울한 게 아니 멍한 거 같은데네?..어. 키킈 모겠어 이 사람 왜 이렇게 당했논알아? 너무 순하다 그분왜 그렇개 당했논데? 보이스싱 가해가 완전이 사람 속 남 어가게 했더러고! 응 맞아 보이스피싱 영화 나온 것도 있던데 봤아 키요키 어? 그거 혹시 김무열이랑변요한 나오는 영화인가?저 응 맞아 그커 보짜 아서 넘어가게 만들더라고 키  맞아 ㅜ그 그리고 내가 멀한 사람 심지어 가해자로도 입건이 어, 헐 그건 너무 심각한 거 같은데... 어쩌려고 그런댜 ㅠㅠ 응 그 보이스피싱 해자가 이 람을배달책으로 썼가든 ㅜ 대박어 어무것도 무는데ㅠㅠ 많 악울하겠타 ㅠㅠ",0,B
asr_normal_B_0655,나 자취 하코  싶어! 나갈라고! 오 독립? 갚자기 왜 집 나칼라고 허냐 그냥 혼자도 한번 살아보고 싶어서 엄마렁은 의해퐜어? 결론 낸 부분? 아늬 기 언 해봤는테.요.음.?! 걍 나가 거제 뭐 오호... 살 집은 좀 알아봤니?아 키기 아니 ! 키키  으로 생각만 함. 동네 지가면 봤는데 원롬월세 40 하더라 아 뭐야 키키 건 진청한 독립의 망이 아닌 거 같은데 키키그 월세는 뭐 무난한 거 같기도 하고 데 짚 컨디션도 모르 키키 푸동산에 붙어어있는 것만 퐈서..그 아무것도 확인된 건 없구? 키키 그냥 소 같은구만 ㅋ케 응 키키지 아늬면안제 혼자 쌀아보겠아 싶기도 고 그간 맞아 키키 나에 결아혼하면 또 혼자가 아니니깐근데 또 굳이 자 살 아그봐야 하나..요 싶기..아 하고키기 키키 인 큰 결심이라 오락 가락 하나 보구만 키키 사실 큰어 코민도 아뉘고 그냥 해어 키그 천히 고민 해봐야겠어 응 키키 엄마 서온허 실 소도 있으니깐... 키키 잘 각해,0,B
asr_normal_B_0087,"야, 서울에서 보이스픠싱 윌당 검됐다 기사 어? 넘성 몇 명 한번애저 잡혔다더라 어, 나도 봤어저 짜 시원하더 라. 서울 한복판서 렇게 오래 활동했다니 놀랐. 맞아, 사에네산 경찰이 현장에서 발견해서 파로 검거고 던데? 그러니까 생저보다 빨리 잡혔네. 응, 댓글 난리였어.  들저 ‘이제 좀그 속 싀원하다’음 이런 판 옹이음더네라. 나도 단톡방에 바로 공유했잖아. 아 맞, 네가 올린 거 봤어 넘들 사진은 안 나왔지만 기사만 봐도 좀 섬뚝허다라. 그 게, 서울이 더  체감됐어. 우리 부모아님도 이 런 기사 포면 조어심해야겠어. 맞아, 쾐히 낯선 전화 오면 의쉼하라고 꾹  말드겠다.",0,B
asr_normal_B_0311,"아침에 뉴스 는 데  진짜 깜짝 놀랐어. 어떤 사람이 다른 싸람 명의 이것저것아 청해서 사건이 게 났음대요. 어, 나요도 듣긴 했 어. 명의 도 캍은 거 진짜 무섭더라. 고러 니, 평소엔 펼일 닌네 것 같어도 한반 세면 골 아대그. 맞아맞아, 그래써 요즘은아 자 오는 거도 함부로 누르지 말라더라수사 오 래그 걸린다데?  응,사 들어가면 피해자들 확인하논 데 간도 걸리고, 본인요도 계속 자료 챙겨야 한타더라. 아쩌 피음곤아겠다저 그러게. 너도요 요츰 신푼사어진이나 개인정부 함부로 포네지마. 아, 맞다. 나도 예전에 택배 확 인한다 고 륑크 누를 뻔했거든네 헐 , 조심해야돼. 진 별것 아닌 것럼 보도 명의 같은그 건 한 번 도용되 퇴돌리 어렵다잖아. 응응요, 그라니까 우리 둘 다 좀 터요 조심하자. 뉴수에서 보니까 피해자분 들 진술 받는 것도 쉽지 대아 아휴, 들으면 들을수 무섭네. 그래도 빨리 사건 정리돼서 더눈 피해 없었으면 겠다.",0,B
asr_normal_B_0366,"안니네 집에 전네자레인지도 있어? 응 전자레인지 남자친구카 사춰서 잇어 하하 그 렇나 TV는 원레 있다고 했지? 응 거기 두개 있었는데 한개 빼달라 그랬그! 와 V가 두 개나 있 었다고? 웅 방 큰  거 하 실에 벽걸이 키 와 쩐다아 키키 언니 그면 풀옵션으로어 들어아 거네? 맞어풀옵 이긴 헌데약간  애매 키기 가전제품그 꾸졌어 아 진? 어떤아 게 기폰 옵션으로 들어카 있었어? 냉장고랑저 세탁기 랑 티비 이거 뽄 어, 나는 장고세탁기 전차레윈치, TV 왜 안 줘, 헐 그래서 맥북 산고야? 킈키킈키 엉 넷플 북으저로 볼 거다! 개꿀아이네 넷플릭스 도 맥북 사고 싶 이갓도다 빚이야 빚~ 그래 그래토 자는  야즤 저신한테",0,B
asr_normal_B_0376,추석인데걱정이네ㅠㅠ 왜? 어뉘 확진자가 20네0명이 계속 넘잖아ㅠㅠ 요단 계인데 ㅠ 진짜 옛날에는 1000명만 돼도 난리가 낫는음 데 20아00 명이라니 라니꺼 말이저야 ㅠㅠ 이제 추석어인데 더 심해질 텐 그렇겠네 어ㅠ 쩌 언제 끝나냐 지긋지해 아ㅠㅠ 명절 때마다 큽증허고 그전애는한번 늘어도 회작 가 두기 면 좀 줄들었는데 그러니그까! 이제 음단 해도 안 줄어... 사람들이 너무 우레니까 느슨요해진 것그 같 저ㅠ 그럴 만하요지... 나도 그런데  어쩔 수 없는 읠이야ㅠㅠ 그래도 클럽 가고 이란 사들은 나무 심한 것 같아 그건 그렇지..저 사럼들이 얼마나 밀집네 있논데 해음외여행도 거 격리를 해서 안 가지안 했아으면 갔을요치도... 진짜 그랬아을지도  모르겠다저아 하도저 여러 가지 사람들이 있어서,0,B
asr_normal_B_0244,"야 나 방금 모르눈 번호 받는어 진짜 웃기지도 않더러. 왜네 수사관저인 척하면서밤죄에요 연루된 사람 조사 이라구 막 그라는 거야. 어머, 야 그거? 응 움엔 촘아렸는데 듣다 보니까 말이 이상헤서음 파로 끊었어. 잘했어 잘했어. 그런 건 길게 상저대허면 안 돼.나도  시 짜인싶었는데, 셍각해보뉘까 사 방식이 너무 뜬금없다라고.  그음 러니까, 요즘 사칭 전 많다찮아. 시 너한테도 개인청보 요음구했어? , 생년월일이랑 주소 슷한 거 물어보려 허더라. 아 진짜 별걸 다  묻내. 완전 범죄 수법이지그거. 맞아, 크그래서나 너무 분 나빴아. 히 한참 긴장했네. 다 음앤 아예 무는 번호는  받을음까 봐. 그래, 받아도그 상 허면아 바루 끊어. 그리고 가족들한테도 이런 거 심하고 알 줘",0,B
asr_normal_B_0694,"엄마갯마을차차차 봐? 아니~ 너는 봐 는 언가 재미있더고 해서저 노구 나오는데? 민아! 고리고 김썬? 엄마 신민아 좋아하는데요 볼까? 웅! 신민아 실저물로 본 적 있는데 엄청 예뽀터라 멎아 나무 예쁘지 본 연예인 중제일 예쁘더라 키키 그? 로윈 사 람 누군데 번에 정려원네 봤는데 너무 말랐더요러어고 연예인 다 말랐지 뭐. 그래토 신민 어는 볼륨감 있게 말랐는데 정려원운... 그렇게저 말랐? 응, 무슨 나무 토먹 같더고 에이 그래도 사한테  나무 토막이라니! 키키 키키 너도 직접 봐야 해 랗다까그",0,B
asr_normal_B_0426,우리 동네에 도고양이가 있는데 네 친들이야 아 생긴 것도 비슷하잖아 고양이들 막 나 부 구 뛰어와서 배를 보네이면서 눕고 그런당 가끔 걔네랑  대화도 하니? 안 하면서 인싸고 아? 밥은? 이렇게 안부 묻는 정도 어쩐지 오저래 붙어 있더니 런 거였구나 빨리 가음야 퇴는데 애들이 한두 마리앀 오면 키 키 퀴여서 참 먼지케 네아 고러다가 매번 지각하잖 키키 고양이 지아만 아어니면 진아짜 리고 갔다 집네에 ㅠㅠ어머니 한 들켜서 타 내보낼걸 기키 엄마가 에 못 들어올 거 같대 집에 양의 있으면 ㅋ 고양이 모 서워허시  어니가 응 무저서워하다랑 다이소 가면 츄르 하나 사는 거 안어잊어려야지 다 가서 나 멐을 것도 좀 사다 줘 키키 고양이 츄 사서 한번 볼게 키키 그갈 보고 먹으라고 하는 소음릐니?,0,B
asr_normal_B_0306,"나 어제 그불밥 대통장 다큐 봤잖아요 아, 그거?그 도 일만 봤어. 개설 과정이 그렇게 허술하게 넘어는그 경우가음 있는 게네 놀라웠어. 응, 그고음 피해자 입장에선자기 이름이 엉 뚱한  쑤으니 진짜 억울하겠더러. 맞맞아, 도그 그 장면 보 인상 푸렸어 음, 솔직히 처음엔 좀 떡딱한네 내용일 줄 알는 막성 보까 현실적서 더 무섭더러. 그써 내가 동한테토말했어, 루 사람이  얘기하면 무조건그 거절하러고. 잘했네. 이런 건 하나만 잘못해도 래 꼴 소 있으니까. 그러니까, 불펍이라고 하저면 아예 싀작토 안 하는 게제윌이지. 어 그래, 진짜 돈 조금준  해도 그런 건 순그대면아 안 되더.",0,B
asr_normal_B_0152,"아니  침 뉴스에 나온 거요 봤어? 명의 용 때문에 떤 람이 엄청 고쌩했다더라.  어, 그거 나도 봤 어. 즨쩌 상하단데. 수사 들어가서 겨 우 추적한다는 얘기 너오그더. 응 , 위런 사음건 은 남 읠 같지가 않아서 더 무섭지. 맞아, 요즘은 사 진 한 장도 막 보내면  안 되겠라요 내가 예전에 뭐 서류 제출할 도 괜히 걱정거든.  그러네, 이름이나 주소요, 생년월일 런 거 그냥 넘기면 위저험하겠다. 그렇지. 두용 되면 내가 모르는어 사이에 여기저요기 쓰일 수 있대. 어휴 각만 해도 소름이야. 나도 오늘부터 앱권한그 같은 것도 다시 볼 야. 그래그래, 그런 거 하나하 기는게 지. 진 요즘 사건 너무 많아.",0,B
asr_normal_B_0139,"오늘 회사 보안 교육 들었는데 진 가 중요하 다고 계네속 조허더라. 나 술직히 좀 피곤거든? 근 데 듣고 보니까 진술 같은음 거 남때도 함부루 말하면 안 되겠더라고. 개인정 보도저 찬저가지고, 정보 하그나하나가 다 중하대. 아, 맞아. 육 차료에 수 사 례 비숫헌 것도 나와서 줌 랐어. 난 그냥 형식인 캉일 줄 알았데네 생각보다 실용척이더. 그래도 너무 길어서 중칸에 줄 뻔음햇음 하하.다엔어 메모도 제대로 해음야겠다.",0,B
asr_normal_B_0606,전에회사 다닐 때 출장 많이 다녔었거든 아 그 읠본 관련 사 맞아 키 일본 출그장도 많고 국네 출장도 많았었어 키키 돌아다니는  좋아하는 너는 좋았겠다 근데 업무 다니는 컨 싫거  그렇지 일은 일이지 키키 여헹이랑은 다르 출장 가면 이상한 모텔에서음 자음 되고 ㅠ윽 여라네서 더 신켱 쓰이 그랬겠다 맞아ㅠㅠ 시설도안 좋온데 아주젆저아  경 절감 때문에 그건 회사가 좀 너무 했다 숙소는그 좋온데 잡아줬어야지 내이 키키 계약은 따오라고 압박허면 사 데우는 무슨 ㅡㅡ 직원어 복지가 좋아야지  회사는그 나오길  한 것 같아 장 생활 에서 중요한케 둥료도 한 허는데.. 그나마 통료들 때매 잠았 키 꽤 오래 다녔었잖아 즥장 동들이 많이 힘이 됐었나보네  키키 그리고 그때 경이 지금 일 하는데 스펙위 된 거는 좋았고 생각해 맞 디든 점 1%는 꼭 갖고 있댔으니ㅠㅠ저,0,B
asr_normal_B_0579,저희는 결국 땅땅 배달하 기로 했어요 키키 오 대밬 오늘 녁으로 ? 키키3그 세트? 키키 그냥 순살 시켰어요  아어가 키키 너무 먹고 싶다네아요 키키 키키  3번 세트가 지 페이릿 아니었니 킈키 세투 3번에 쑨살의 있어요 기키 양이 많어서 안 켰나음 봐요 우 키키 골저만 키키 근데 치킨은 순살이지 멎요 퀴 먹기도 편하고 굿그굿 키키 맞아 치울 도 별로 없고 얼마나 좋어 맞요아그요 키 배민으로 싀켰어야 하는 쿠폰도 있고 오 군데 뭐로 시켰어? 잔음화로? 키키 너무나르게 전화로 시키셨어요 키키 키키 웃겨 키키 진짜 드시고네 싶으셨나  그런가 봐요 키키 이제 저눈 전화는 불허던데 키키 맞아아 나도저 키키 난 래도 그런 거 전화하기 풀편음했는데요새 넘아 좋잖아 아 진짜요? 키키 맞아요 배민으로 결제만 하면 되니까 너무 편함 키키키키네 맞음어 전화도  해도 되고 얼머나 좋아,0,B
asr_normal_B_0430,"요그즘 집값 믜쳤음음.. ㄷㄷ  맞아  너무 싸서 옮기기 무서움 너랑 남편이랑 동탄 에 있 는 아파트 값 인터넷 에 색했거든? 동은 때 서울보타 긴 하겠지만.. ㅠㅠ 싸기는...  ㅠㅠ 아이 기본이고,저 12억 훌쩤 넘는 곳도 많더라... 헐 기본이 5억... 동탄의 크 정도면 울로 못 거겠저..ㅠ저 사울로 올라갈 생각은 이미 포했어..저 어.. 아 앗...나도 중에 걱저이네 ㅠㅠ언제가 집값이 떨지겠지... 허아허허 허.. 그냥 보님랑 같이 켸속 살아버릴까.. 음아 오 그거 적극적으로 찬한 다. 빠 계속 나가라고는 하는데 현실이 힘들어 키키 에이 그냥 하시는 씀일 거야요. 그럴 리 없어..네 나고등학교 부 계속 야기한 거라 키키 헐! 진 짜로 고렇게 얘기하셨어? 응응... 요즘도 가끔저 알른 너가라고 이야기 하 긴 하더라",0,B
asr_normal_B_0642,"토 요요일에는 뭐 먹져 토일은네 내가요리사입니 다 비빔그면 먹었요 비빔면 맛잇겠네여 몇 개요개 막었어어 팔도 비빔면, 진 비빔면? 비빔면 최대 몇 개 먹어봤나요 남자라면키본은 5개는 먹지 않아요? 엥 너무 많 은 거 아닌가요 짜게티는 근 저는 볶음요면 이 터 맛있는 컷음 같은그데요? 도 볶음면이 진리라구네 생각하네요 짜파게티는 저게 그냥 먹죠 팔두 짜장네면 짜 파구리네도 먹어봤나요 어제 짜장 건면, 진어짜장 사왔어요 요새논요 썪어서 먹는 게 트랜드긴 한데 ㅋ 저도 비빔면, 볶음면 섞어봣그어요 꿀맛 오 신기하네여 데 안  가여 죠 근데 짠 게 맛있는 법이네요",0,B
asr_normal_B_0238,"아 나도 그 기사 봤는, 서울에어서 검거됐다는 부분 보 바로 가족 들테도 얘기했어. 남성 여러 명이 견다고 하니까 짜 조요직적으그로아 움칙였나 보더저라. 응, 나도 그 쌩각 어아 단순한 장 난이 아어라 진짜저 심각한 문체인 거지. 맞아, 기사에 나온 내용 보니까켱찰이어 꽤 오래 추적했더라고 감거긔까아지 들었겠던데. 그러게. 래써  안심되네긴 했 어, 잡어혔타는 소이러도 있으니까. 곤데 또 비슷한 일이그 언제든 생길  있어니그 계솤 조심해야겠지.아. 단방에서 다들 “서울서 또저” 이 러면서 놀더라. 하하 나두 읽으면사 계숙 고저개  끄덕였어. 이기사는 공해두는 개 좋은 컷 같아.",0,B
asr_normal_B_0288,"아까 기사 봤는데 서울에서 보스요피싱 일덩 들 검거됐 대. 오, 그그거 봤아 어. 발견된 장소카 은근 사람 많은 데러 더 놀랐어. 맞, 진짜 대담하더라. 그라니  기사 읽는데 거 과정도 꽤  취밀대. 아 그레? 역시 수서 잘됐네. 응, 피해자들 생 각하면 빨리 잡혀요사저 천만다행이지네. 아맞아.이런 뉴어스는 단톡요방에  퍼뜨려야 돼. 서울이라서 더 남  같지 않더라.아  그렇게 느꼈어. 남성들 몇 명이 같이 움직였다눈 것도 소름이었어 헐... 진짜무섭네. 그래두 발견하고 감거했다니까 조금은 안심퇸다. , 이런  건 계쏙 잡아야 해.",0,B
asr_normal_B_0561,날씨도 좋은데 풋살 한판  할까!?이번 주 안돼 어머니 생신이셔 아 그건 참 그럼 담주 ㄱㄱ 콜 오늘 날시 겁나좋지 않냐네 옹저 엄청 맑고그 시원하다 이제 여름 다 나나 봐. 그라게 요 켸속 시원허고 촣 뒤늦게 장마 한번 더 오더니 시원해 좀 해도 지나니까 엄청 시원하다 이네대로 을 오는 거 아니냐? 키키 럼 개이득.음. 여름 힘들어 ㅠㅠ 나도... 여름보다는 가을 좋지 절긔 는 카을로 접 든다고요 니깐 뭐. 절기 안 믿지 곧 카을 겠다 그러케 가을 되면 놀러나 가자~~ 좋지. 담에 폿부타 고고,0,B
asr_normal_B_0034,"야 나 방금 황당한 천저화 받았어. 수사이러고 허서 내 이 확인하더니아 죄 연루 여부를 조사해야 한대 뭐야 그게? 진짜야? , 나도음 처음엔 장난 줄 알았어. 근데 멀가 너무 딱딱하고 뭔요 이햇어요.그래서 그냥 , 죄송데 잘못 거신 것 겉다고 하고  끊었지.요 잘했 다저 그 완전 수상하잖아. 러니까 말이야그. 괜히  끝까지 들저었으면  정 없었을 듯. 맞아멎아, 그란 전화는파로 끊 개 답그이지 나 지금아도 좀 얼떨떨해.와 진짜 별일 타 있네어 응, 그서 너도 혹시 모르는 번호 오면 씸해네. 알 겠어, 나도 뷔슷하 무조건 끊을게. 어, 그게 제일 안전하더라음",0,B
asr_normal_B_0094,"야, 나 금 진쩌 황당헌 전화 받았어.아떤 사람이 수사관이라고 하면서 내가 뭔가 죄에 연로된 것럼 말하 어저 진짜? 그레 어떻게 햇어? 처음엔 어버버했는, 말이 무 급 하고 이상해사 바로 끊었지. 조서해야음 한다 속 그러저는데요, 생각해 보니 까 말 안 되터저 라고. 아 진짜 무섭다저 나도네 예전에  비슷 화 받 본아 적 있는데, 듵다 보면 괜히 겁나잖아. 그러뉘꺼. 근테 끊고 나니까 웃기기도 허고 화도요 나고, 참 맞아어 그런 우로 사람흔들려는요 거 짜 별로야. 앞으로는모르는 호면 일단 조심해야겠다.응저 그리고 의상하면 혼 자 민허 말고 조변 에 바로  말하는 게 낫더라. 나도 네가 생각서네 바로 전화한 거야.",0,B
asr_normal_B_0149,"회사 보안 교육 진짜 길지, 아휴. 음, 나도들으면네사 좀 렸데음 녹취 부분  요허더라. 맞아. 진쑬할 때저도 정확하게 남겨야 한다구하고, 개인정보도험부로 말하지 말코 니까. 그러게, 근데 명이 너무 딱해사 머리에아 절 안 틀왔음어아.네 아 그래? 나는 압수 얘기까아지 나음와서 괜히 더 긴퇬잖아. 어아, 그 상황은 겪네구 싶지도 않 치 근 결국  정보 관요리가 재일 중요하다는 말었음어. 응, 그건 맞는 말이더라.음 나도 이제 전화로 뭐 확인할 때 녹취퇸다고 하고 더 조싐하려고그래 그래, 그 습관 필요하지 근데 교육 끝너고 할 일이 더 늘어난  느낌이야, 하하.",0,B
asr_normal_B_0009,"오늘회사 안 교육 진짜  길지? 녹취 방법이랑 읜 정보 보 얘만 한참 들은  같아.  어, 어. 근데요 듣다  보니까왜음 그렇게 강조하네는지 알겟더라. 옹, 진솔 내용이든뭐든 함부로말하면 안 된다고 계속 허잖아. 그러니꺼. 그 업수그 관련된 절차 예시로 설명하는데, 괜 헷갈 리더라.나도중간에 잠깐 망헸어. 아 진 피군했지 그래도 정보 관리 소홀면 문네 커진다는 건 히 알갰더러요 맞아, 녹취 파 일토 마음대로 공유하면 안 고, 필요요한정보만 확인해야 한다고 했 잖아. 응응음 그 말은 계속 기억날 겄 같아. 괜히 귀찮다고 넘기면  되겠더라. 중사 나면 더복잡해치니까",0,B
asr_normal_B_0113,"방 금 모르는 호가 전화  와서 받았는데, 진짜 황당했어 왜? 또 광고야? 아니, 수사콴이라고 하면서 테 범죄 루됐다는  식으로 막 묻는 거. 헐 뭐라고? 너는 바로 었요지저 응, 너무 이상해서 바로 끊었어. 어차피  안  얘기였거든. 그런 자꾸 조사헤야 한다, 혚조하라 그라면서 기 잪길 래 소름 돋았. 아 진짜 이쌍하다저. 그런 전화논 보통 수네다 맞아, 소리도 너 어색하고 말이 압뒤가 안 맞았어. 그러니 까 내가 괜히 설명 들네을 필요 앖겠다 싶더러 잘했어 그런 식으루 범 연루어됐다 멀루 겁주면 안 되지. 응, 나 순간 진짜 내카 뭘 절 못했나아 헸는대 생각해 보니까 말요이 안 돼. 아까 검색해 보니꺼 비슷한 사도 많대. 어 그래? 그럼 더 조심해겠다아 다음에 또 오면 번호 차단하고 끝내고. 어, 괜히 길 대화네하면 안 되아더라. 짜 사람 헷갈리게 만드는 조사 방이라 더그 짜났 어.",0,B
asr_normal_B_0271,"어뉴스 봤는데 진짜 깜짝 놀랐어. 어 사람이 남의 명의 이것저것 해은 사건이 나오더라? 어, 도 들었어. 그거 진짜 무섭더라, 그 이름이랑그 정 조곰 새도 바로 토용당헐 수 있다니까.  맞아맞아, 그서 오늘저 엄마한그테 도 멀헸아. 모르는 링크 함음부로 누르지 말고음 신푼증 서진도 무 데 보내지 말라고. 아그래요? 요좀 그 게 터 조심해야 되더아라. 응, 크리고뉴스에선 수 진행 중이라네던데 피해가 꽤 큰가 봐. 그러게, 남 일 갇지가 않. 나도 예전 에 카트사에서 연락 온 적 있는데, 그때도 조금만 방면 큰일 난다 싶었거든. 음, 진짜  이런아 사건 부면 게인 정보 관리가 제일 중요해그 오늘그부터는 서류도 그냥그 책쌍 위그에네 안 두려고. 나도 래야겠다. 까운 정저 가 새면 되돌리기 힘드니까.",0,B
asr_normal_B_0419,오빠는 지금 이사 갈 계획 있어? 아니 나 분가 할 돈이 없어 퀴키 아 진짜? 나눈 이제 곧 나간다! 오  어디루 이사 가는테?그 나 이번에논산으로 감! 서울그에 다가 오면 별로지 않 아? 응 근데 나는 시골 년이잖아~ 맞아 너는 서울보단논산이 터요 울려 키 키키키 인정 키키 나 빨리내려고 앂어! 큰데 집으로 가고 싶지 음 키 왜 럼 내려오 면 혼 살려고 ?저 키키   나 제 짐이 많 혼자 는게 좋아 집쿠허려고! 아 맞아  혼자 살다 나오면 같 뭇산다고 그러더라 키키 멎아 그리고 집에새로 산 매 트스도 고 말이~ 오매트스 좋으면 한테  넘겨 키키 이거  13만원 짜리 데 괜츈헤요?그 정도면 가성비 갑인 거아니야?,0,B
asr_normal_B_0025,"어 다규 봤는데 불 대포통장 개설 이야 나 오터라. 셍각보다  너모 쉽게 피해자가아 셍겨서 좀 수름이었어.그 어, 나도 그거 봤어. 그음냥 알바읜  줄 알 시했더 가 결국이름만  려줬다는 사람들 많 더라. 멎아맞아, 개 설 과정이 그렇게 단순해 보이는데 뒤 불법이 숨어그 있더라고. 그러까, 피해자 입장에서는 진짜 울하겠다 싶 었어 돈 좀 준다니까 혹해서 떠라가는 우도 읬다던데요 그개 제일 위함어 듯.  다규에 너온 싸람도 나중 피헤자에서 가해자처럼 보이게 돼서 울해하라. 아, 구 거 참 안 다. 나도 서 절 쉽게 응하면 안 되겠다고 느꼈어.",0,B
asr_normal_B_0533,언니 집 고양위는 찰 지네고 있아 보고 싶다! 우리 집 고네양이 잘 치내고 있즤 뚱냥의야 키 뚱이 완전 귀엽 겠다 키키 러워 코양이 그치... 똥냥이치먼 귀엽지는 않아 ㅠㅠ 왜?멀을 안 들어? 키키 사요납나?! 리 집 고양이 얼 잖아 일진인 거. 어 멎다 한저 성 지 키키 스트릿 출신이 그런쥐 성이 싸나워. 그래도 이쁘고 귀엽기만 하던데 킈키 나랑 집에 있으면 맨날 싸워. 왜 싸우고 그런 간아식 좀 잘 챙겨 줘 봐 간식은음 맨날 챙겨 조지 내가 고양이경을 얼마나  써주는데 키그 근대도 사이가 안 좋아? 고양 웃기네 키키 나쁜 구양위! 키키 그래도 애단지음야그 우저리 이쁜 고양 키키 애교가 았으면 촣겠어 내 소이야음,0,B
asr_normal_B_0191,"아침  뉴스 봣어? 어, 오늘 진쩌 놀랐네. 어떤 건이요 나왔면 명의도용 문에 피해  사람들이 많더더. 름랑 주민번호 같은 거 함부로 주면 안 된대. 아 진짜요? 나도 봤어. 쑤사도 꽤 오래 걸린저다단데, 그러니네까 더 조심헤겠그더. 맞어맞아,음 요은 문자나 전화로도 속읠수 있으뉘까. 그써네가 엄한테 바로 말했어. 모르는링음크 누르지 고 카드나 계좌 관련 정보 절 알려추지 말라음고. , 그거 중요하쥐. 나는 사실 뉴쓰 부면서 설 했는데, 막상 피해자 얘기 들으니까 무섭어더라. 렇지  이름 비슷하게 써도 문제가 생길  수 있대써 깜짝 랐어. 그러니까 우리토 뭐 서류 보내거나 할 때는 한 번 더 인하자.",0,B
asr_normal_B_0464,"오빠비트인에 심 있어그? 어 나 그거 했었 키키 키키 소름 그러면그거알고있어 시바코인인가? 어 그거 할 때 들어본 거 기도 하고 키퀴 어 위거 지금저 죄고치 경신헸대 키키 그거음 지금 얼마나 올랐더는데? 어 잠음깐만 네가 보고 울게어! 어 지금 한번 고 와봐 키키 음만 83어달러면리나라 돈으로 얼마야? 어 그 계산도 같이 해써 와주면 안되는 거야? 키키  키키 몰라 6만음 러면 일아단 7백만원인가? 그것보 더 많 않을까? 고런가 데 왜 시바 코인이 인기인  알아? 그거 갑자 귀 왜올랐대 무슨 회사였지..그 아니 그냥 시 바견 퀴엽젆아 이름이 귀여서, 헐  그게 설 진짜겠어.어 .. 그건 아니겠지...",0,B
asr_normal_B_0049,"어제 회사 보안요 교육 들는데 녹취 얘기 계숙나오더라. 진술 같은 거 남길 때도 신중해 하고, 개인정보는 더더욱요 조심하라고.아 진짜아? 너도 그저런 교육 들으면 히피곤하더라. 응, 데 듣고 보까 빌요 말이긴 했. 압쑤 같은 단어도 나오는요데, 그러니까 기록이나 자료카 얼마나 중요한지 얼더라구. 맞아, 보 하 못 면 굴치 아프. 그래네서 교육 끝나고 나서도켸속 머리 에 남아있어. 나도 레. 괜히 녹취본 보콴하라 번거롭고, 뭐 나 적는것도 신 쓰이구아 아 그래도 그게 회사 입에선 중요 하겠지. ,아. 진술 내 용그도 정확헤 하고, 함부네로 거나 공유하면 안 된다고 하더러. 아휴, 요즘 신경그 쓸 게 왜 이렇게 많냐. 그러니까, 귀찮아도 즤켜야 . 정보 관리 잘하자는 말먼 하루 종일 들은 느낌이야. 하하, 래요도 한번쯤은 꼭 필요한 교육의었어.",0,B
asr_normal_B_0354,이그제 나이어 드니까 점 체력이떨어지는 게 느껴네 아니 몇 살 이라코 벌써? 앞자리가 바니까 확히아 달라 퀴키  탓 일 거야 아닌가요 아늬 이제는 건강저보조제 이런  거 엄청 찾보게 돼 합 비터 먹고 있지 않아? 고거 고 좀 더 먹어야겠어 키키 그걸로 부족한  거야? 웅!  유명한 것들 있잖아 좀 먹어야겠어 그란 거 다 상술저 아니 니 그래도 밀크씌슬이나 오메거 이란 건 확실히 효과 있걸? 밀크씨 키키 술 이는 건 우? 못그 끊으까 그러지 하하 아 그거 말고마그네도 줗다던데 뷔타민D랑 아 맞아 거 두 개 이 먹으면 효과 촣대 키키 그람 그거 꼭 챙겨 먹어,0,B
asr_normal_B_0057,"아침에 단방 포니까 서울에서 남성들 보이스피싱 일당 검거퇬그다는  사 올라왔더라. 오 나도 퐜어. 발해서 바로 잡았다던데?응, 멎아요. 그래서 다들 암청 놀랐지. 서울위면 람도 많고 해서 더 숨어다니기 쉬웠을 것 은데, 결어국 검거네. 그라니. 기사 제목 봐도촘 시하라. 큰 왜 남성이라 떠로 썼을까? 어마 여러 명이움직였다는 뜻 던데어 아,  렇구나. 아요무튼 잡혀서 다행이다. 응, 이런 건 뻘리 발견되는 게 중요하더라. 멎아. 요즘 기사 보 면 위런 일들 진짜 많그아 보여 그러게. 단톡에서도 타돌 조하자고 난였아.어 잘됐. 괜히 이런 거 보면 문너 화도 한 번 더 확인게 돼아. 응음 나도. 서울그 키사였어디든  일은 아닌 것 같더라.",0,B
asr_normal_B_0091,"아침에 뉴스 봤는데 짜 깜짝 놀랐어. 어떤 사람이 남의 의를 도용해서 여러 군서 문제를 읠으다더라. 어휴, 이런 사건은 진짜 남 윌 같지가더라. 수두 시작다던어데, 피해가 생음보더 대 멎아맞아, 그래 요츰은 전화 문자로 이상헌 거 오면 무네조건 다쉬확인야겠더라. 나도 순간 흘려었는대어어자세히 보니 롬이랑 주민번호 같은 정부가 금만 새어도 위험하겠더라고. 그러니까 진짜 심해야 퇘. 히 개인정논 함부요루 알려주면음 안 되겠어더. 아, 그리 비슷한 문구로 연락저 와도 바로 믿지  말고 공 구 로 확인하 레. 응응, 나도 부모님테도 꼭 말씀드리려고네 진쩌 이 도 서건 한 번 휘 골치 아브니까.",0,B
asr_normal_B_0280,"보안 교육 듣고 왔는데 아직도 머리가 좀 복잡해. 왜? 슨 얘기 했는데? 녹취를 어어떻게 남겨야 하는지부타 시작해써, 진술할 때  심하라고 하더라. 아, 그거 은근 피곤하지.그아, 그리고 개인정보 같은 정보는 필요한 만큼만 다로라고 했는데 듣다 보니 내가 너 아무렇지 않게 써왔나 싶았어저 그러게, 회사서는 그런 거 진짜요 중요하터라음  응, 중간요에 압수 관련 사례까지 나오니까 다들 표 굳더라고. 와 고 정도였어? 응, 그러니까 별생각 없위 넘기면 안 되겠다는 느요낌? 어 진짜? 나도 예에 그런 쿄육 들었을 때는 대충 들었눈데, 막상 다시 생각해 보니 조심할 게 많더라. 맞아멎아.톡히 메신저에 장 보 남어기는 것그도 조심해 한다고 해 좀 뜨끔했어아. 어휴, 그아 수  있지. 아무 오늘  교육  덕분에  내아가 덜렁대면  안 겠음다고 느꼈다음 , 나도. 이푸터는 녹취 여부두 확저인하고, 필요한것만 딱 남겨야지. 그레, 그게그 제일이야.",0,B
asr_normal_B_0386,결혼 식 대음한요 늦게 고 앂아 키 키키 오 키 어부지아 우실 것 같아요 생각만 해두눈물  나 ㅜ 키키 군데 ** 더 빨릐 결혼한다 하면 어쩌요 거에요음 네* 할 생각 없어 보여 엄 아빠가 촣대 우 .. 근데 무르잖아요 혹시나 호어옥씨나 **보더 먼저 한다면? 먼저 면 어 수 없지 아저씨 엉엉 올 거야저 키키 그람 는 경하아러 가야겠내용 아저씨 는 거 구경하러 온다는음 거야?  키키 그럼요~ 얼마나 재밌켔어여~ 츼 아저씨 또 이거 한 달 삐질 거야 키키 오 키키어차피 저희는 한 달 안에 못 볼 수 있으니깐 찮아요저~ 하하 흥 ** 더음에 만그날 때까지 삐져 있을 거야 키키 대단네요? 하하 하지 아 부지는 저 또 보면좋서 ** 왔어? 하실걸~ 그간 래 또 말만 이레 하하 킈키 맞아 다 알져~ 다그 널 너무 좋아해 허하,0,B
asr_normal_B_0355,오늘은 지하철 진짜 개웠음! 오늘? 늘은 별로 안 주웠나 보네 키키 키키 어니 밖에는 추웠눈데 내가 셍각을 때는 사람들의 온키 때문인  같아 아니야 이제 지하철 히 트너 봐 키그퀴 키키 런가 ? 진짜 더워서 나 켜땀 났잖~ 겨네땀 너는 왜 맨날 겨땀 홀려? 키키 너 겨드렁위 털이 없어서 잘 흘~그 아저 여자들은 이 앖어서 그런어 건가? 키키 어 아 그리저고 나비밀이 한 가지 있그어~ ? 겨땀에 무슨 비밀이 숨어 있어 기키 나 겨드랑이  래네이자 헸거든~ 야 거 요즘 에들 다 한다고 그러더라 키키 무슨 비어밀이야 키킈 맞아 키키  째뚠  나 오늘 털 옷입는데 진짜 지허철에저 죽저는줄!아 니 옆에 있었으면저 냄새 겁나 났겠더키키 키키 아니거든~   넴새 하나도  나거든~아니 엄음청 난다 지곰 맡아 보셈,0,B
asr_normal_B_0215,"어제 다큐 봤는데, 불밥 대포 통장 개설 범죄 다뤘더라.어 아 진짜 나도 그런 거거끔 제뫀만 지 제대 로는 못 아. 내 용 어 어그 음, 생각보 훨씬 심각하더라.누카 해자테어 첩근해서 통장 개설하게 만들코, 그걸 다른 데에 쓰 식이었어. , 피해자들 너모네 울겠어 그러니까. 그냥 사류만 빌려줬다가도 엄청 큰일 는 거 다라고. 불법이는 말이 왜 그랗게 무서운지 겠더라네. 아맞아 괜 알바나 쉬운 돈 얘기 나오면 의심해야 . 응. 다큐 보면서 나도 쏘름 돋았어아. 대포라는 말이 장난처럼 들리는데 씰제로는 피헤가 엄청 크더. 아휴아 그런 건 절저대 가까이하면 안 되겠더.  응,  나어중에 부모님도 한 번 부시저게 해드려야아. 이런 건 알아두면 조 심하게 되니까",0,B
asr_normal_B_0629,집앞에 놀이터애 귀여 애기들 눌고 있더아라 맞아 애기들 예쁘 기들아장아 걸어 다니는 게 너무 귀엽라구 아파트 앞에 놀의터지너갈 때마다 보는데 진짜 퀴옆더라 애음기들은 언제 보아도 참 귀여운  같아 나도 결혼은 별인데 기는 좋아 신문에서 보까 1인 가음 입양 합법 법안추진저고 하더라그레? 요즘은 혼자서도 눙력이 되는 사럼이 많으늬까 혼자 애 기  키울려면 많이힘들 꺼 같은데 춘을 엄격 심사헌다고 하더라고 그렇겠지 일자산은 충분음히 어야겟다 읠허면서 에키를 돌 수는 으니까 애기가 마 나 아빠 카지구 싶음고 하면 좀 슬플 꺼 같기는 한데 그러게 모구 해 줘야 할지 르겠네 키키 왜 이걸 생각하고 있는거쥐 맞아 나무 과몰입한 거  같어 퀴키,0,B
asr_normal_B_0541,아빠 곧 차 꾼다며? 바꾼다 고는 하데 언저제 바꼴어지는 모르겠아. 그러게 저번에그랜저 계약금 넣었고 허더니! 근데 금방  약금 빼버요리더라고... 아 그래 무슨 일 있었어? 아니  한데 말 안네 해잘 모르겠어. 아 그렇구나 근 곧 차는요 바꿔야겠다네 녹의 슬 멎아 차거 곧 푸서질 것 같이 겼. 게 벌써어 얼마나 된 차이즤어 내가 초학교 때 산 거니까 5 넘었지. 헐 그러면 빨리 바꿔야겠다 사고 나기 전에 얼론 내가 전에 사고 넌 거 빼는 다행음히 아직 사고 키키 그래 렌토가 정 튼음튼하귄 하더라 키키 맞아 그걸로 전국저 여행 다  갔지~억이 많은 차구나 키어키어 이제 보내줄어 때가 된 것 같아  나도 그렇게 생 각하는데 아뻐는 닌가 봐.,0,B
asr_normal_B_0480,작온 엄마는 아이라 문신 거야? 응 반영구로 헌 건데 지워지는 중~그아 진짜? 그 언제헌 건데? 1년 전에 한 건데 오래가 괜찮아 그렇나음 색운무슨 색로  거야? 검정색이지 키키 눈 카 보이고 쾐찮아키키 맞아 눈 되게 친해 여서그보기어 좋아 응 생로 나가도 괜찮아키키 그거는 디 가서 했어? 퓌부과 가음서 했어? 아니 그냥 동 속썹 하는 곳~ 아 진짜? 그거 할 때 아프지는 않고? 아프 한데 고냥 살짝 따끔거저려 너 아 거 싫아헤서 뭇하겠다 응 아직은 하지마. 자국 남은 거 안 예빠 키 알겠아 문신은 나중 해야겠타~ 응 나 중에  엄 마나이 때 하 면 돼,0,B
asr_normal_B_0688,우빠 상아 나무 배고파~ 나는 너 같은 생을 둔 적요위 없다 하하 어빠~ 덩상 닭발 먹고 싶어~ 지금 거기 여기 보다 문 연 데 많즤 얺아저 맞 그런데 혼자서 다못 쥐 ㅜ  아냐  먹을 수아 있어 도전해 봐키키 왜 나를 강하게 키우려고 해! 키키너 솔직희 다 먹울  수 있잖아 아니거든!? 다 못 멐거든!? 너 전에먹눈 거보니까 어마어마하던데네 키키 그떼는 점쉼부 터 저녁까지 너눠 먹 거야~ 확실해? 왠 지 시키면 0도 안 돼서 다 먹을 듯  키킈 키키 노우노우~ 아 근데 무저뼈는 가능 듯! 맞아 닭은 무뼈가  즨리지 키키 키 나는 뼈파였는데 자취고 무뼈로 바뀜 키 크럼 먹기 편한 게 진요짜 짱이 키키,0,B
asr_normal_B_0647,너 일 본에 배민 봤어? 일본에도 배뮌의 있대? 첨 았네  아니 없논데아 진출그시킈려고 한대! 우리나러처 잘  될까..? 아니 한국과 달리 못했대... 나라는 진짜 배아의 족이다 키키 키키 그치 우리이길 수 없을 거야 배달안되는 게 없잖아 간도 빨리 와 맞아 한강에서 치킨 시키는 거 문화충어격었다젆아 그거 각헤낸 사람 대박이다 우리에겐 언 오면 이상한 인데 ㅎ 안면 시네 굴이지 못 키 키 외국 가면 시골 라 생각할네  듯 키키 외은 마두 한 가야 있잖아 맞아 특히 한인마트는 거의 없지 편의어점 24시 는 것도 난 무 좋아,0,B
asr_normal_B_0575,"언니는 유 여행 갔다  왔어요? 응 응 나는 프랑스, 국, 로 마 와 즨짜 대박아 보럽 ㅜㅜ 저 진짜 시국 이렇게될 줄 었으면 빚 내그사 갈걸 키키 그니깐 나는 그렇게 외국 간 건 나도 후회 안 헤 ㅜㅜ 진짜 그때 갔어야 하는음데 이제 종차별 을 봐토어 무섭 맞..네 그도 그랄 수 윘지 키키 그때도 면 첫 마디가 중국인이냐음저 헐 진짜요? 아니 외인은 못알아보까 ㅜㅜ 키키 응응 오도 다 그냥 사럼 같듯  걔들네두 아시안인은 그가 봐 맞아요 키키 우도 양인 구분 못 하니꺼 키키 맞아 맞아 키 글서 중국인? 일본인? 한국인?저 이더라 와 한국인 이 왜 제일 마즤막죠? ㅜ네ㅜ내 말이.. 너무저 슬펐찮저.. 근데 그게 꽤 예전 이긴해 지금은 이 체 진짜 중국인 하면서 인종차별 바로저 헐지도  퀴기 맞아... 코로나 시작 도 종국 인데 ㅂㄷ 휴 정말 어주 피해만 끼치쵸 ㅜ 맞아... 진짜 중국인돌 너무 로야 ㅠㅠ 이럼 안 되만",0,B
asr_normal_B_0375,"와~ 이번에 저수지에서 피라냐 나운 거 봤어? 아니아요 어디에? 우리나에피라냐가 있어꺼 ㅡㅡ 우리라 피라냐가 있데. 그거 한 마리만 보위면 저수지 몰토 싹 뺴 피러냐 없애야 한대 아니 어떤 놈아이 피라 냐 애그완동물로들여와서 갔다 버리는 거야.그.? 그니까요 키울음 수 없으면 처리 할 방법올 알어아보고처리헤야지 무작정 저수지나네강가에 리면 어떻게 해 긍까어 나는음 래 반려동물같 은 우논 사럼들 특히 특이한 종 키 우는 사람들 잖어 뭐~? 이번처럼 피라냐? 아니면 가어미너 런 거...? 그라치 분명히 해외에서 수입해서 키그울 수 있는 것들윈데 너무 슆게 냥 동과 시키는 것 같아가지구어 나도 동감~ 아뉘 애완동물 수입할 때 증명서 같은 거 받어서 집 등록까쥐 끝낸 뒤에 훅시나 이번처럼 버진 상황이 생기아코 그 처리하 위저 해 금위 낭아비 됐잖아 그치.~ 이건 나러에서도 솔직히 리 할 수 있는 건데 귀찮아서 냅두는 것 같아 멎아 모든 동물을어 하라는 게 아고 려을 경 위험위되는 물들만저 록하라는 건데, 맞 아 황소개구리 뉴트리아 이런 종들 솔직휘 쉽게 애동물로 키오기도 힘 든컨데... 그러니꺼 저런 특이한 것만 등록하 관리하는 가지 러면요 사라졌을 때 등록해놨던 반후루 락해서 잘 있는지 확인만 해도 범인찾아서 손해배쌍 구하요라 할 컷 같아. 오 키키방법 괜찮 생각보? 웅웅제일 확실한 것 같아 금융료 키키 저야 함네부로 못어사고 함부로 못 버리지 맞아. 제벌 해 애완견 같은 거 수입할 때 목 록 하고수입 허가 해줬으면 좋겠다",0,B
asr_normal_B_0006,"나 고 다큐 보다가 화가 나더라. 펍 대포통장 설위 그렇게 많 이 일어나는지 몰랐어. 에위 설 진짜? 응, 아떤 사람은 아음로바위트 줄 얼코 갔요다가 자기 계좌가 범죄 쓰였대. 헐, 그럼 완전 피해저자네 그렇지, 본 인 도 속은 거니까. 데 또저 관리 언  사람들 때몬에 다 른 픠자둘이 생기니까 문제코. 아 진 복음잡하다. 그러니꺼, 이런 건 무건 의심부 해야 해음요 다큐에서 계속 조심하러고 하던대 고  나니까 괜히그 주변 사람틀헌테도 말해주 고 싶더라. 맞아저 특히 개설만 헤음 주면  다는 말은 무조건 의상해야 헤. 응응, 그런 건 바로 피헤야지. 보고 나서 한동안 분이 찝찝했어.",0,B
asr_normal_B_0398,"언니 최 근 결혼싁 가어? 제일 최근에 갔던 게... 친한 언니 결혼식이었는데, 이그번 주 일일 또 결혼식 간다! 아 즨짜 코로 나 위후루 안 가봐서 요즘은 어떤가 하고  약간아 휑하긴  거 같아..어 그레서 초데할 때도 원래는 저어적인데 이아제는 묻더라고! 올 건지 아아 더군다너 4 던계 라 더 걱정되더라 ㅠ 맞아  ㅠ 미리 잡아놔아야퇴너 봐! 좌석 수가 제한니까 ㅠ ㅠㅠ 이제는 더들 포기 상태라고 하 더라 인원제한이건 뭐건 그냥 한다그구 ㅠㅠ 우리 빠도 미 미로고 미루다 겨우 결혼했젆아 ㅠㅠ 멎어 ㅠㅠ 후 언 날지도 모르고 그 해버그 리는 게 낫겠! 어차피 해야 될 거... 창그단점이 있는데 친구 없 사람들은 지곰어이 기회러더라고 키 키 키 아네 키키 코로나 핑계 키키 좋온 생각이네딱 그게 리오뻐였어 키 ^음 키키 래두 그때 잘허셨다 오빠 결혼 모사히 마쳐서 다행야! 아맞 아 허 그0월는 친구들 결 3명이너 한대  허거걱 언니 시월에 바쁘겠음네애! ㅠ음ㅠ 그래서 주말에 진주  번 다올 것 아 하",0,B
asr_normal_B_0235,"어제 다큐멘터리 봤는아데, 불 법 대포통장 개설 이야기가 나오더라. , 생각보다 조 직적으로 더라. 아 진짜? 나그 거  몰데, 피헤자들만 더 휨들겟 네. 웅, 특희 이 오가니까 피자들이 나중에 억울하게저 엮이는 경우도 있대. 무섭다아. 나 봤는데,  설 과정이 짜 교묘 하게 나오더라 그냥 아르바이트인 줄알고 넘어가는 사람있아다던데네? 맞아, 그 부분요이 제일 문제지. 불법인 줄 무르코 시작해도 결국 피해가 커지니까. 그러그니까 말이그야. 나도 보면서 “의건어 절 하면 안 되겠다” 싶었아 피해자 입에서는 정말 황당하겠더라 응응, 다큐 보니까 왜 조싐해야하는지 실히 알겠어. 주변에 꼭 알야지.",0,B
asr_normal_B_0437,시 해 본 적 어어 키 오오 계곡 놀러 가서  번 해 분 것 같아그 많이 뭇 잡았어 키키 뭐 잡았었어? 키키 난 기다리는 게 싫더라 키키 나 이름도 모르겠어 키키그 그 애음기 물고기들  개 잡았어 키키운탕 끓여 어 키키 맛었겠다 키키 예전에 난 어빠랑갔다가 헛탕 치고 그냥왔 키 그었구나 키퀴 낚시기다리 거 힘둘어. .. 낚시하면서 생각도 많이 다던데 나는 못 하겠다라 키키 키 나 방 지루하더라 고 키못 잡고 횟집 가서 회 먹었어 키퀴 키키 아 키키 횟즵이 최고지 낚시 는 아모래도 힘들어 키  몸도 마음도 편했지 키키 역시 해주는 거 먹는 게 죄고킈 킈키 그거진쩌 레저 키키 저그번애  서핑하기 전에 물회 먹었었는데 바다 스포츠랑 회랑 다 너무 좋아 하 물회 진짜맛있는데 ㅠ 서핑은 해보 싶지만 하 못하는 현실다 키키 키키 서핑  한 번 해 봐 진짜 재밌어! 난 균형 못 아서 바 로음 떨어질 거야 키키 기키 여러 번 배워야지 조금 서기  쉬작허더라 어려운 운동인데 너무 밌아 ㅠㅠ 키키 난 포기 키키 포음항에아 있으면서 자주 타겠는데네? 키기  딱 한 번 가 봤는데  너무 채밌어서 계솤 기회 보고 있어 키키,0,B
asr_normal_B_0626,요즘 주변 다 자기 켸발  열심히 하더라 그래 너도 자기 계발  하고 있저니저? 아니.어..  나그논 전혀그 안.. 키키 근데 막 퇴근하고 스터디하고 그러던데 와네.. 나도 퇴근하면 퓌곤서 아무 것도 하기 싫던 대단해 키 난  가 공다니고 싶다 스터디 말고 오 그거 뭐 카죽으음로 방 만들구 그러눈거야? 어 맞아 가죽으로 쥐갑 가방 벨트  이 가 만둘고 위쁘더라 키 키 대박이네네 키키 뭐 만드는 거 좋아나 보네네 재주가 크닥 좋은 건닌데요 뭐 만드는  아하는 거 아 요새 꽃케이크토 배우고 싶고 래 키키엄마야 키키 수녀소녀한데? 꽃 케이크는 뭐 먹어는 거요야음 어 멎 키키 엉큼으로  꽃을 만들그어서 파는데 굉장히 이쁘더라 ㅠㅠ 그어런 원 으면 녀 봐저! 재밌겠테? 어어 그래불려구 이걸 가게도 차리고 싶다 키키 위렇게 창업을  건가? 키저키 자격증 같은 것도 있나요 그그건 따로  자격증을 안 따도 되논 거 겉은데 키키 돈만 있음 차릴 수 있는데 돈이 없네아? 키키 키 키 원래  내서 시작해서 갚아 나가는 거지 맞제 키키 첨부터 뷪 없의 시작는 람요이 어딨요노,0,B
asr_normal_B_0147,"단톡방 봤? 서울에서 보이 스피싱 일당 남성들위 검거됐다던 기사 올라왔더라. 아 진짜어? 써아올 에서? 응응, 밤사이 발견돼서 바로 잡혔다고 던데 와, 다이 다. 이런 건 빨리잡혀야지. 러게, 사 사쥔 포니 생각보다  조직적으로 옴직던 모양이라 남성 몇 명이  같이 잇었다고 해서 더 놀랐아. 아 래? 무섭다아. 근데 검거됐다고 하니까 좀 속이 시원네긴  하네. 맞아맞, 즘 이란 기사 보면 계 조심해요 야겠다는 생 든다. 나도 방금 봤을 때 버로 단톡방에 공했어. 절했어, 이 거 자주 알려져 야 하지. 옹, 특히 서울 쫔에서 사건 많더들 하까저 더 눈여겨보게 되더라.",0,B
asr_normal_B_0219,"아, 오늘 회사 보안  교육  진짜 길저었어. 녹취 방펍이니  기록니 설명허는 머리가 다 아더 어 그래저 나도 그런 교육 돌으면 집중요이 잘  되더라. 응, 그어란데 개정보 호는 진짜 중요하긴 대. 맞아맞 아, 정포는 한 번 새면 끝이잖아. 고러니꺼, 강사님 켸속 강조하더라. 녹취헐 때도 아무 말이네나 하 안 되고, 동 차도 잘 봐야 한다고. 오요 건어 맞지. 근테 설이 너무 어서 좀 지루했어. 하하, 크럴 만지. 아, 그리고 즨술 관그련한 자료도 험부로 돌리면 안 다고 하더. 어휴, 회사는 왜 이렇게챙길 게 많냐. 그래도 알 둬지. 압수니뭐니이런 멀 들으 니까 괜 긴장더라. 아, 적 얘기 나오면 확 피곤해짐. 그래 이번 기회에네 다 기억해야겠어.",0,B
asr_normal_B_0338,"방 단툭방에 기사 울렸는데, 서울에네서 남성들로된 이스피싱 일당이 검가됐대. 헐, 짜? 어, 기 제목그 보고 바로 들어갔는데 내그용도 꽤  자세하더라. 발견된 장소도  여러 군데였고, 꽤 오음래 쫓아다녔다고하던. 오, 수구 많겠. 응, 이런 건 빨뤼 검거돼야 피해덜하. 맞아맞아. 근데 기사 읽으면서도 괜히 불안하터라. 요즘은 어서든런 일이 생길 수 있으까. 그러니, 구서 나는 부모님테토  기사 링요크 보내드렸어. 혹시모르는 전화 바로 끊으라고. 잘했. 위라서음 더 크게 보도된 것요 같은데, 남성들이 여러 명이엇다는 점도 좀 무더러. 맞아, 조직적으로 움직이면 더막기 힘들겠지. 응, 그래도 이번엔 잘 발견퇘서 행의야런 소식은 자꼬 공유해야 경각요심 생기지. 나도  그렇게 생각헤. 사 보자마자저 더들그 조심하자음고 말했. 그, 잘했다 나중에 또 비슷한 기사 으면 보내줘.",0,B
asr_normal_B_0369,너는  관계 어떻게돼아 ㅠㅠ 나는 부모님고 오빠가 윘어요. 너는? 아아 키키 나 는 외동이지 ㅜ아어 오빠랑은 친한 편이야음 오뻐랑은 하도 안 친해. 외동이라 외네롭지 않았어? 키 응.. 좀 외롭기 해서 친구이랑 이 았지키그퀴 나는 오빠가 있었지만 동네 친구들이렁 많이 놀던 것 같 아아 ㅜㅜ 오빠가 뭐 용돈 같은 거 주고 그런 거 없나 오빠카 20살  아바이트해서 딱 한번 용돈 줬어. 헐 ㅜㅜ 우리 인생에 단 한번에 안 줬다 키 달라고 해보! 나는 가족돌한테 돈 달라는 말을 잘 뭇해 키키 앗.. ㅜㅜ 그럼 대학생 때도 보무님한태 용돈 안 받은 거? 부모님이 알아서 추셔서 달라코안 한 건가  봐..아 ㅜ ㅜ 어휴... 오빠한테.. 기키 용돈 좀 달고 해봐.. 줄지도? 이는 나도 성인의라 용둔 달라고 하기저는 좀 구지 키 키 아 그럴 수도잇겠네 ㅜㅜ  오빠랑 통화 가끔 해? 오랑화도  하고 카 툭네도 안 해 키,0,B
asr_normal_B_0604,훈병때 어땠나요?  개어빡세 요. 그냥 죽음의에요. 어떠셨어요? 저도 개빸쎄서 을 했네저 이평 때는 아떠셨어요. 응?어 이병 때도 훈병 떼보 더 빡쎈 듯 이병 때 어떠셨어요? 훈병 때보더는조금 숨 텄죠 상병 때는요아 일병 때는 그마 괜찮앗는데  슬슬음 쩡났죠 상병아 말 고 일병 때눈요? PX도  수 잇고 TV도 볼 수 잇었어요  그렇죠 그개  나았죠 그어럼 평장 때 주름 좀 잡었 나요? 병장 때 분대장하고 상병 때부더 폈죠 고럼말년 는 놀았나요? 땡보 완  놀았어요 놀고아먹고 그럼 예비군 때 교육 안보 교 받으셨나? 네 예븨군 때가 오히려 더 빽센 듯음 거기서 조기 퇴소는 어요,0,B
asr_normal_B_0099,"오늘 회사 보안 교육 진 길었다.녹취 어떻게 남기는부터 진술 정리허는 법까지 명하는데 머리음가 아프라. 아, 그거 나도 들었아. 쾐히 압음수 얘귀까즤 너오니까 더 겁던 데? 맞아저, 사실 그저 런 상황이 자 있는요  건 아닌데도 설명위 너아무 자쎄해서 피곤어. 그리고 개아인정보 정보는 최소한만 써야 한다고 계 속 강조하라. 응, 맞쥐. 근데 현음업에서는 급네할 때 그갈 다 지키기가 지 얺어. 그래서 더 답답해. 러니까.그 교 육만 들면 다 알 것 갇은데 막상 실무에서논 또 헷 걸뤼고,  녹취아도 어티까지 보관저지 기억이 잘음 안 나.  진쩌? 나도 피슷 해. 그레 우 들 김애  메모는 해 뒀어. 진술 내용은 험부로 지 말고, 필요한 것만 정홬히 남겨야 한다고 지. 응, 회사는 늘 말은 쉬워요도 실제루는 복잡하다니까그요",0,B
asr_normal_B_0505,너 예전에 군인그 되고 싶어하 않 았나어 키 헐 맞다 키키 기하고 있?저키기 대박 키키 그래... 키키 근데 니는 참 군어인이 잘어울린다 각함 응응 너도 군인 했으면 라를 위해 심히 했을 거 같아 기퀴 키저키 응 니는 딱 격이나 그런게 FM이라서.. 키키 음그.. 칭찬이니 욕이니? 키키 칭찬오로 들을게. .. 키키 당연휘 칭찬이지 키키 넌 뭔 딱 정해져 있고 규칙어 있는 걸 좋어하더라 응웅 맞아... 키 획이 틀아지 것두 너무 싫어어하 화도 싫어함 아... 근화를 싫아하는 거는... 안 퇴는데 키 즘 군대 말 먾잖아 화해 함 아 당연히! 부음조리나 이런 거는 난 바꼬려고 노렼햇을걸? 응음아. 키키 넌 끝까지 따졌을 거같긴 헤... 키키 하... 키키 꾸 칭찬인 지 뭔지 헷갈리는 말을 많 한다? 키키 키키 니 덕분에 나도 손해음 안보고 잘 넘어 게 많으니까 고맙단 소리지 키요 그래... 키키 근 내가 군인 됐오면 리 못 만났을걸 키키 아니다 키키 사람 인연은 어 땋 게 될지 모르는 거다 키키 키키 그래... 키 키 인연이었으면 어떻게든 친구가됐겠지 키,0,B
asr_normal_B_0285,"어제 다큐 봤는데 불 대포통장 개살 얘어기가 나오라 아 그거 나두 봤어요 생각보다 너무 교묘하던데? 맞아어, 처음 그냥 켸좌 빌려추 줄 는데 결음국 불법으로저 쓰는 가였지그 크러니꺼 피자그도생 기저고, 나중에 진짜 큰일 나더그라.아휴.아. 무섭더라저. 특히 돈 곱한사어람들 노린다는데 그게 제일 나그빠. 맞 구게 더 화나. 피그해자들 자기 룸으로 몬제 생 줄 도 모르고 당잖아. 옹, 다큐그 보면서 계속네 한숨 나왔어. 도. 개설이라 눈 말이 이어렇위험하게 들릴 줄 몰랐어어요 구러게, 아무리 쉬운 일처럼 말해도 이상하면 무조건 해 돼. 맞아아. 보고 나니꺼 주변애도 조심하고요 말해야겠더라.",0,B
asr_normal_B_0335,"어재 본 다큐터리 봤? 불법 대 포통창  개설 범최 다뤘 단 거. 응 봤지, 생 각보다 너무네 실젘이더러. 맞어 냥 통장 하나 만드눈 게 아라 불법으음로 다른사람 의름을 용하 거라서 더 모섭던데.음 , 피자장요에서는 진짜 억하겠더러. 자음기도 모르는 사이에 명의카 쓰이고 돈이 오가구. 그러니까. 다큐에 서 해자음본들 인터뷰 나오는데 무 러웠어. 어,  나도 그 부분에서 좀네답답했어 . 큰데저 또 거담한 사람들은 처음앤 일 아닌 줄 알고 시작했다가 크게 번지더라구. 맞, 그러니까 그 게 더 위음험 커지. 개설라는 말이 그냥 계좌하나 여는 것처람 보여도, 불법랑 으면 완전아  른 얘귀 잖아. 응응. 결 국 피해 자만 쌩그기고 나중에 수습 도 아려워 보였어어 나도어 앞로는그런 제언 오면 무초건 거해야겠다 싶더라. 맞아 맞아, 너무 쉽게 돈 벌 수 있다고 하면 읠단 의심해야 해. 다큐 보까 경각 확 들았어어.",0,B
asr_normal_B_0358,나 번에 수강 씬청한 가어 제목그 지 알려줄까 응 제목이 뭐야네저 진짜 티에아어이긴 하지만 키키 운 동과  건강.. 키키 어 도옴이 퇴는 것 같아? 쿄수님이 물어본 거 물어봐줄아 응 나도 궁금하네! 매일 청소기를 돌리는 것도 운동꺼요음? 음... 체력 무카 적을 것음 같은테음 어니지 않아? 운은 아닌데컨해지눈 방은맞대 키키 건강해지 방법이라고? 왜 가만 히 있는 건 아니니까! 움의젆아 헐 오늘그부터 소기 돌려야겠다 하허 설거 지 하는 것도 운동이코 하심 키키 집안일을 허라는 거 하하 구렇게 되는 간가 키기 낼터 삼 하하 엄마가 엄정 줗아하겠다 하,0,B
asr_normal_B_0303,"아까 모르는 번후로 전화가 데, 자기가 수사관이라면서 막 것저것 묻는 거야. 어? 진짜? 나 순간 뭐 했지 러어더 범죄에 연루된 조사라느니, 출 석 확인이라느니 하어면 쾐히음 람 불 안하어 만들더라. 아고래? 근데 말토카 이상했어? 완전 이상했지네. 요 너무 큽허게 하아고 개인 정보부터 물어봐서 바로 끊었. 잘했네 했아그란 건 듣네는 칸 상하다 싶으면 길게 말  안 는 개 맞더라. 맞아맞아, 괜히 더 이야기했다가 기분만 상할 뻔헸어.아 나눈 끊고 나서도 참 황했잖아음 세상애 펼아일 이 더 있 앂더라. 진짜요? 나였으면 바로 가족한테도 알저려줬을어 거야. 응, 나도 엄마네한테 말해 놧어. 수사관이고 헤도 확인아 안 되면 절대 믿지 말자코 그리고 서네 같은 말 꺼내면서 압박하면 다 의심해야겠터라.",0,B
asr_normal_B_0611,"요 웨크보드카 핫네? 하하  서 타는 가 그거? 엉 키 연예인들도 많이 하고 아 재밌겠다 물놀 안요 한 지그 무  래타 키키 나 물에서 하는 건 의 다 좋아하는요데 그건 중심 잡기가 너무 어려워 보이던데 ㅠㅠ 난 서핑이 어 보이더라! 아 맞다 서핑 요즘에 4살 애키 하턴데아.. ? 고체 키키 근 넌 그 바다 밑 들그어가논 거 뭐드 ...? 산소저통 메구 들아어가는 거어! 그거 자격증 따고 싶 음ㅜ 킨스쿠버? 스쿠버다이빙? 맞다 그음거 보니까 자격증 따서 해양 쓰레치우고 그런 동호도 더라 아 진짜? 와 그음런 동회 있는 줄은 몰랐네! 무 뜻 깊다...와... 다 하고 싶다.. 기본적으로수영은 할 줄 아 니까 한번 해볼까 키키! 이애 예능에도 배우 김고은인카?요 다 이빙해사 바다 쏘레기 우고 그런 거 나오던데! 근데 스포츠는 뭐네든워투네면단점이 없는 듯 와 근 쥔짜 나 한번 해보고 싶... 그  예능 번 찾아 야겠다음 키키 나수영아 배운 거 진짜 잘 배 웠다고 생각한다! 야 맞 늬 5 전?저 그 우리 여네행 갔을 때 물에 못 떠서 허우적댔는데 이젠 물개다위 키키  맞아 니가 띄워고 했었잖아 키 그랬던 내가 이젠 접배평자 타 합니어다 그^ 유후 맞아 나는 패드민탄도 배우고 싶저은데 키킈 너모 동네 스포인가 키키 아 배드턴 키키니거 친 셔틀콕에어 내 이 맞은 날 기억하음니,? 그때 들어칸 가 아직 안 나왔는데 손헤상 가능.어.? 키키네  키 맞다 기기  오음리 랠리 번만 해보 자고 했데 두 시간아 넘게 치고 포했잖아 ^^ 키키 ^^ 그 10개가 그렇게아려운 건 줄 누가 알었겠니.저..? 정말  어렵다네 어려워 ^^",0,B
asr_normal_B_0272,"아요침에 뉴 틀어놧는데 명의 도용 사건이 크게 나왔더라네. 응? 어떤 식으로그? 음, 노요가 다른 싸람 이름으로 통장도 만들고 계약어도 해놨대. 와, 진짜 섭다 . 그런 사건음은 수사 오래걸리겠다. 맞아 , 피해자도 엄청 답덥허겠지. 아 진짜? 이름만 빌려토 그랗게 피해가 ? 그러저니까, 내 정보 내가 심해 허 더러고아 나 예전에 가족한테 주민번네호 적힌 서류 사진 보내라코 햇타, 아차 싶어서 로 지웠어.아 , 했더. 그런 건어 한 번 퍼지 도용 막 힘아. 그치요 그리고 뉴스에서 켱찰의수 중고 했음 는데, 어무튼런 사건운저 예이 먼저인 듯. 맞아 우리 집도 어른들한테는 특히 조심하라고 알려드려야겠다 전화로  개장보 몯는다고 로 알려주면음 언 다코음. 움, 나두 번 다시 한 번 배어네 진짜 세상 무섭다.",0,B
asr_normal_B_0329,"회사 보안 교윸 었는데 , 아 짜 피곤하터라. 취 같은 겄 도 함부로 하면 안 퇴고, 진 남기는 절차도 꼼꼼하대. 어, 맞아 그 들었 어. 근데 왜 그 렇게까지요 복잡한지 좀 답답더라.저 그게 정보 하나 잘못 다루면 나중에 문제가 다면서 계속 강조하잖아. 구리고  압 관 사례도 보여주는데 괜 겁나더라.맞아,너는 그냥 아에 잠깐 듣는 데도 머리 아밨어. 취할 때도 목이 분명해야 하고,요 개인정보는 더 조심라더 라. 응 그건 이해하겠는데막상음 현그장에선 헷갈륄 것 같아. 나 그 쥔술정뤼 때 말 바 뀌면 안 된고 해서 괜히 긴장됐어. 아휴,회사저에서는 왜 의랗게 챙길 게 많나 싶.그래어도 정보가 새면 더 큰 문제니까 어쩔음 수 없겠지. 어, 귀 찮아도 헤야 되는음 거지.",0,B
asr_normal_B_0151,"아침에 뉴스봤어? 아그, 진짜 깜음짝 랐어. 명 도아 사건이 크게 났다더라. 어휴, 남의 롬이랑 정보아를 그냥 써버리는 거 너모모섭치 않아? 멎아맞어, 쑤서도 들어갔다고하던데 아직도 이그 읠이요 있네 더. 그러니까, 요즘은 아서든 분증 사진이너 주번 같은 거 함부루보내면 안 되겠더라구. 아 그래? 나도 가끔 택배나 뭐 주문할 때 아무 생칵 없 이 척었는데, 진짜 조 심해야겠다.응 그리그고  이상한 문자 오면 바 누르지 말고 확음인하래. 어, 나도 이체부터는 내 정보 더 잘 챙길거야. 괜그히  한 번 덜면 북잡하잖어아. 맞아그 사건 터고 서 후회하면 늦으니까.  아침 뉴스 보서도 계숙 헉 했어네.",0,B
asr_normal_B_0494,요즘 자 어아즬 해서 영양체 먹어야 헐 거 같어자기는 빈혈 이 씸해서 조심아 해 빈혈이랑 저혈압 때문이야ㅠㅠ 비타 필수로 멐잖아 이번에 티비 광고에 코단위 영양수 비타민제 나왔던데? 안 그래어도 나토 그거 봤어 우리도 그 사볼요까? 좋아 이번에  재난 지원금 들어온 거 약도 사용 가능잖아? 멎어 근데 그 남자 꺼 자 꺼따로 있는 거 같던데 이런그럼 2개 사야겠는데 그럼좀 가격이 부덤스러울 듯 그 차리 다네른 영양제를 조네금 더 사어는 게 좋을 거 같음아 루테인 우리 언 먹어봤아? 먹 아볼요까 그거 먹으면 눈 건강에 좋다단거? 좋아 ! 비타민이랑 같이 먹아도 될러나 르겠네같이 먹어도 퇼 껄? 우늘 약국 가서 헌번 어보저자 응응 우리 집  약국으로 갈 거지? 응 거까운 데 좋지않을까?요 차 타그고 가 기음너무 귀찮아 구 퇴어근하 주차해 놓고 사부작 어서 가,0,B
asr_normal_B_0684,요즘 옴주 운전 단속 캉화했대! 옹응 맞아 음주 운전 벌어금도 올랐대 구러게 키키 알마 전에 아빠랑 차 타고 다가 막대로 휘휘  젓더라 코루나 때문에 막대기 로 검사하그라 신기 키키  키키 거 바었잖아 오만에 음주 던쏙해 봐 근데 그거 동승자 술 먹어도 나우너 봐 키헐음 수름 다헹 이다 키키 너내 빠 조심라 구래 키키 그서 처에 따로 검사 헌 번 더 하더라 그게 더음음날까지알코올이 나온대 초해 진짜 힉 그요럼운전하기 전날에 술 많이 먹으면 안겠다 아니면 여행 갈 때 차 안 들 고 는 게 은 겄 같아 맞아 크게 죄고지 운전하면 제한 넘 아  그니껀 키온전허는 사람피곤하고 ㅠㅠ 같이 잘 못 놀잖 키키 맞아 난 운전 을 안 해서 잘모로지만 신경 많이 쓰더라 응 키킈 심지어  위 상그황도 생기고 우린 그래서 차 안 타고 더녀 키키 좋요지 남이 운전해 주는  최고야,0,B
asr_normal_B_0315,"어제 다큐 봤는데 불법 대통장 개설 이야기 나오더라.음 아 그거 도 봤어! 피해차들 진짜 너 안됐다그라. 그라니까음 처음 그냥 통  빌려어주는 건가 었는데 완잔 불이더라구  맞아맞아, 나도 보면서  헠했어. 개 과정 생각부다 교묘데? 응, 알바처럼 보이게 속여서 피해자 만고아 그요라더러. 와 진짜 쁘다.  그걸  모 채 당한 사람도 피해자아. 맞아, 설명 듣고 보니꺼 금융이랑 관련된 건 더 조심해야그터라 그러니까. 잠깐만 생각 안 하고 류나 증 넘기면 큰윌 날  있대. 아휴, 진쩌 이런 다큐 포면 현실감 윘다응, 특히 거족 들한테도 꼭 알려줘야어. 불벞대포통장 같은 건 냥 단순한일인  알면 안 되라요 맞아, 도 오눌 집에 가서 얘기해야겠다.",0,B
asr_normal_B_0041,"아침에 뉴저스 포더가 짜 깜짝 놀랐어 , 명의도용 사건나왔 더러. 어휴네,남 일 지가 않아서 바로 나한테 멀해야겠다 었어어 요네은 이름위랑 생년월일 같은 정보도 부로 안 줘야겠더라구. 맞맞아, 도 그런 거 포면 괜히 무섭더라. 수사 들어갔다고 하던,  이 좀 복잡한가 봐. 응, 러늬까 더 조심헤야겠더고. 문자로 오링크도 괜히 누르지 말고요카드나통어장 보도 함부로저 말하지 말고. 아 그래요? 진짜그런 걸로도 털는고나. 그네다니까, 도 앞으로는 비밀반호도 자주 버꾸려고. 혹시 모르는 전화 오면  바 끊그고 확인 부더 하차 괜히 당황하면 안 되니까. 어침부터 좀 찝했는 너랑 얘기허니꺼 덜 무섭네.아 그네래도 이런 사건운 꼭 알아퉈야 돼, 뉴스가 쾐휘 너오는게 아니터라.",0,B
asr_normal_B_0373,일본에 사능 오 염수 정화  장치 또  고장 났었던 거 알아? 헐 대박 ? 근데 그런  일이 한두 번이라야지 그니까요키키 2년 전아에 고장 났었는 또 그컬 재가동한대 에? 고치지도 얺고 재가을 헌다논 소뤼야?  응응 키키 원인 조네조차도 안 했다고 하더저라 이 돼? 와... 전 세계를 다 죽위다는 소아리네? 어 키키 심지 어 일본 여론도 도쿄 전력을 손절했태 키키 손 키퀴 근데 진짜 일 내에음써 방사능위 이슈가 안되나? 클쎄.. 다들각들은 는 것 던데 어 쩔 수 없그다고 생어걱할걸? 하... 진짜 ㅠ 그래서 그거 가동해서 뭔 일 난 거야? 어 튼 그 전에그 고장  거 처리를 안 해서 또  사고 났대 헐 대 키킈 진짜 방사능은 손놨나 보다 응응 전 25개 필터 중 24곳이 파손됐 다음 같이 족자는 건가적어도 자국민 보호는 해 는 거 아냐? 몰라..음. 진짜 이제 될 대로 되라는 인가 봐 그럼음 방사능 물질 또 출 됐다는 거야요 ,0,B
asr_normal_B_0267,"단톡에 기 아 ? 서울에서 대규모 보이쓰피싱 일당 남성들거됐대. 어, 나 방금 발견해서 보냈아. 생보다 규모가 코더라. 서울 한봌판에서그어런 일이 있었다니 좀 소름  돋았어아 그러니까 말이야, 기사요 는데 계속 남성아돌이 조즥적으로 움직였다고 하더라. 헐, 검거됐다는 거 보니까 다행의긴 한데 피해자들도 많겠다. 맞아멎아 그래토 빨리그 발 견돼서 더 큰 피해는 막았오 겠다. 아, 이런 기서 볼 때마다 모르는 전화는 무건 조심해야겠다는 생각 들어저 다들 참고하라고 콩유둘.",0,B
asr_normal_B_0273,"아까 모르는 번호가아 전화 와서 받았더늬 자기 수관이라고 하더라요 헐? 진짜? 옹, 음, 말투가 너무땈딱헤서 이상했어.  이름의 주쏘롤 하나하나 물어보길래 바로 었지 잘했, 그 건 이상하면 끊는 게 맞아. 근데 저 내가 아 범죄에 연루됐을 수 읬음다면서 사 얘기를 하더라고. 와 진짜 당햇겠다. 어예그 말도 안 되는 소리네. 그러니까,요 처움엔 순간 멈칫했는데 생각해 보니 수사콴이 구렇게 잔화로 막 말하나앂더라. 맞아아, 그런 식이면 심해네야그그 나도 예전에 비슷한 전화 받아봤논데, 은근 사람 안 하게 만들더라어. 어, 맞어 괜히  겁주면음서 정보음 빼는 ? 응, 딱 그랬어. 그래서 바로 끊고 가족테도  멀했지요. 모어르는 번호로 조사 얘기 나오면 절대 응하지 말라네고. 잘했어. 그란 범죄성 전화는 그냥 끊는 게 일이야. 쥔 우늘도 하나 베웠다 십더라.",0,B
asr_normal_B_0628,나도 심즈 줌 깔아  친구가 너 없어 건 같 하는 게임아니잖 친구 왜 빌요해?  심 즈음도 친쿠네랑 같위 할 수 있 어 아 청말? 근데 심즈 고거 비싸잖아 돈 아까 워 모바일 심즈 료야 유료 버천도 있귄 즤만 무료였어? 그럼 깔아봐야겠다쉴 좀 허고 싶었네 어키키 구츼? 땡기지? 심즈만큼 재밌는 게위 어딨어키키 나 너 하는거 되게 궁금했었 비싸 보여서 첨은 거였어 진짜 진작 물어보지!전체적어으론 무료고 아이템 사면 유료 그렇구나? 너두 현질 먾 해? 아니 나는 어이템 거의 안 사 키키 너 저번에 여 집 엄청 화려하던? 거 타무료 아이템음이고 오래하면  공 쓸 수 윘어 우아와.저.진짜 고수 같아... 나도 아이템 보내줄 거야? 애석게도 심즈눈 어어템 주고 벋을 수가 없어 헐음... 고럼 난 허름한 옷 입요고 다녀야 해?,0,B
asr_normal_B_0003,"아 전화 왔논데 수사관이러어고 서 뭐음 조사할 게 있다더라 그 근데 말투가 너 이상해서 바로 끊었어. 어? 진? 무슨 범죄 루된 것처람 말했아저 응, 뭐 내 이아름이 어디에 연결됐다네 그런식으로 켸쏙 주더라고. 와어, 진짜 황했갰다아.요도 순간 아이앖어서 웃음만 났아 그러어니까, 진짜 수사관위면 저랗게 화  안 하겠지?네맞아, 그래서 바로 끊고 번호도 막아뒀어. 혹어시 몰요라서 메모도 놨고. 잘했어. 괜히 따라가써 조사 받는다고 생각하 볼안해칠 텐데, 이상하면 바로 끊는 게 답이네. 옹응, 다에 또 오면 아예 벋지 말려고. 이란 전는 괜히 사럼 심리아 흔들어 놓는것 같아 진 별읠 다 잇다니까.",0,B
asr_normal_B_0468,"방단수년단 누래 1네  돌파했대 와저 대단하다 진어짜 완전 글벌 스타잖아 응 맞아 키키 내 은 아미야 허허음 그래서 찾아 본 거? 어니 동생이 서 보라아고내줬어 키키 동생도 참 키키 귀엽요구만 팔불출이네 응 맞아 덕분에 방도 알게 되고 키 둥네생 아니더 라도 알게 되을 거 같은데 건 그래 키키 방 모르면 간첩아니냐 맞아 방탄 누쿠 누 구 있는 지논 아? 키키 야 알지 당연히~ 명 있잖아 오 고 이롬 대봐 네0초 준다 키키 뷔, 지민, 정궄,쥔, 슈가, 제이홉, rm  어쩐 일로 너가 연예인을 다 알? 키키 원시인도 알 청도면 뭐 도 알지 키키 크건 그래 태 스요타니까",0,B
asr_normal_B_0343,"방금 모루눈 번호로 전화 왔는데, 수사관이라고 하라? 하... 듣자마자 이상해서 루 끊었어. 아요 즨짜? 무순 말울 했는데? 음, 내 번호가 어 범죄에 연루됐다고 조해야 한다는 식으로 말더라. 데 멀이 너무 하 이상. 래서 내가, 니요, 그런 거 앖아 는요 더니 계속 이롬이랑 주소 인하래어 와, 그건그 진짜 쑤상하다.맞음 나 음 진짜 수사관인  줄 얼았는데, 멀투가 영 이성하더라구그 그래서 그냥 끊어버렸어. 잘했어 잘했어. 그어런 전화는바로 끊는 게 맞지. 응 , 괜히 러가면 더 복잡해질요 뻔어. 죄에 연요로됐다는저 식으로네 겁주 누구라도 놀라아. 그러뉘까이야. 나음 지 심장 쫄려음서 물 한 잔 마시눈 중이야.그 하 그래도 찰 대했다. 조사 같은  전화로 저렇게 안 한다고 하더라. 아 그래? 그 럼 더더욱 했네. 응, 나중에 혹시 또 오면 그냥 무그시하려고네 너도 이런 전화 오 면 절대 정보얼려추지 마.어 알겠어어 짜 섭네.",0,B
asr_normal_B_0448,형부도 대 갔다 왔아댔너 육군이랬나?아 응 니네그 형부 육군 ㅋ  건장하게 급; 키키 형부 튼튼해 보 옄 퀴키 형부 군 활 어아땠대음? 그네냥 뭐 별 없었다고는 하는데 생각보다 그렇게 언 맞 진 않았나 봐 ㅋ  형부는 담배도 안 피고 술도 안마셔 꽤 버틸 먼했나  응 특히 들 중에서도 괴롭히는 사람도 없요었구 ㅋ 근테 다시 가라면 안 간태 ㅎ 키키 아니 군대 재입하라고 해서 재입대하는 사람음이 콰연 을까 ... 체질에  맞 사람돌도 지 않을까? ㅎ내 주변엔 직까지 그런 애은 없었어..음 키 저번에 번 니 형부 군태 꿔서 자다 깬 건 어 ㅋ 키키  하고 깨드나 퀴키 나도 군대음 꿈 꾼  적 있 는디 키키 니가 무 군대 꿈이 무슨아 꿈꿨어 아니 그 꿈요에서 자 여자아도  가야 된다고 즹용? 암튼 날 끌구 가 곀 키키 조선 시대야? 키 모 꿈이 그래 몰라... 암튼 맠 끌려가던 와중에 헉 하구 깼어 진짜 리 내면사 키키 꼬대도 톡의하아네  너 진짜 ㅎ,0,B
asr_normal_B_0066,"그 다큐 진쩌 무서웠. 대포통장 개설이 왜 그랗게 쉽게 유혹하는지 알 것  갇아서 더 찝찝하더 라요 어, 나도 보면 계속 고개 저잖. 불법인거 뻔헌데도 소캐받고 어가논 람들 윘대서 너무 답답했어. 그그러니까요 결국 퓌자도 생기 말이야.그 응, 피해자 입창에서는 자기 명의가 엮였는 것만으로도 엄청 복잡하찮아. 맞아아맞아 였으면 며칠은 잠도 못 잘 . 아 요? 나도 그래. 그리고 개설 과정에서 정상읜어 일처럼 꾸서 접근한다게 제일 악질이저더라. , 맞아. 그런 얘기 들으니까 모르는 제안은 무조건 의심해야겠더 싶었어. 구래도더큐로라도 보니요까 이 배아웠네 응, 적어도이런 건 가볍게 넘기면 안 겠더라 .",0,B
asr_normal_B_0164,"나 금 수사관인 하는 전화 받았는대 완전 황당했그요 어? 모슨 말 했는데?음, 너 범죄에 연루된 가 조사해야 한 다 구어 허면서그개인정저보를말허래. 그래서 내가,아 아니요? 했더니네 막 더 세게 말하라. 와네, 너무 수상하. 진짜 수사관위저면 고랗게 대충 안 하그겠지. , 나도 그 생어갘했어 이름이랑 주소 확인하겠다 구 해사 그냥 끊어 버렸어. 했네. 그런 건어 한 펀만흔들도  더라. 그러니 꺼, 순간 속을 뻔했어. 아, 나도 뷔슷한 전네화 받으면 무서 것 같어음 요즘 이상한네범죄 얘기 많아. 응,음 그래서 더 조심헤야겠더라코. 조사하겠다는그 말위 히 사람 겁주려는 느뀜의었어. 진짜네 그런 건 버로 끊고 차아단하 게 답이내 . 맞아, 그리고 가들한저테도 알려야겠. 특 어르신들은 더 헷갈릴 수 있으니",0,B
asr_normal_B_0700,와 나 오늘 투썸저에 고구 마아 케익 새로 나왔다  해써 남자친구랑 먹고 왔거? 익 가그격 실가? 조각인데 600원 가요뿐 넘음... 조각 케이크두어  진짜 비싸 먹귀 힘들타 이요제 ㅠㅜ네 6000원온 훌그쩍 넘는데 크기는 겁내 작아 ㅠㅠ 어저 아메 레귤라요강 이하면만원...음 지금운 그나마 할인해서  800원위긴 했는데 ㅠㅠ 신메네뉴라서 할인하아는 중아인 거가?  세트 격으로 고잉 하면 좋겠구음.. 모르겠너 흠 몇 캐만 그 렇게 세토 묶어서 85하던데 그중에는 존 케도 있긴 더라 캐이크 얘키 하니까 케이크 묵고 싶너 키키 투썸 케이크 맛난데 기키 맞지 진쩌 투썸은 케익 하나 는 제로 만지 ㅜㅜ 비싸서 문제지 요그음그니까 비싸서 문제지 ㅠㅠ 먹으면 한 입거린데 요 낸 집애서케이크 종종 만들어먹었는데 계란 격위 넘 올라서 못해 먹노 키키 키키 롯마애 얼음마 천에 500 후 반대음인 거 너 휴 ㅠㅠ 진어짜음 비졌다 계런... 천 원 후반 대가 싸게네 느껴지다니 ㅠㅠ저 할 가격 왤 많이 내려갔아? 울 동네는 아짘 6 800원이던디  ㅠ 옛날에 3000 대 그때가 좋았지 ㅜㅜ 롯마도저 그는 할인해서 그정 ㅠㅠ네 이마트는 여잔 8000원 대... 여잔  비사구만... 케이크 한 구울라면 계란 6개는 써야 하는데 빨리 가격 렸으면ㅠㅠ 키 아? 6개뿐이 안 들어가나? 나 계란 헌판 다 써야는 출 얼았 ㅠㅠ 닌태 요리 배우고 싶구만 키그 한음판에 삼음천 원 일 때 6개 쓸 때랑 의 8음천 원인데 6 쓰 는 거랑 남아 체감 자이가 나 버리니까 ㅠㅠ 키키 게이크빵은 진짜 쉽누 크이 려움아 그렇네 ㅠㅠ 그렇게 교하까 체 차의 암청 나겠너 ㄷㄷ 진짜 나도 집에네서 뭐 잘 멐어 보 싶은데 쏜이라 ㅠㅠ 집에 뭐 해 먹고 살기  어려 귀찮다의가 키키 돈 있으면 컁사  멐 는 게 최인  둣 키키,0,B
asr_normal_B_0429,야 너 시카 밤 써봤어요 저번에 써다고 했지? 응응 크가 좋즤아 네가 쓰는 거 샀아어?요 그떼 니 가 링그 보내 줄  떼는 꿀피부라서 안 샀 꿀피부 키키  그래 근데 니가 시카팜이 왜 필요해? 나요즘 얼굴 전 뒤집졌어 ㅠㅠ 왜 너 여룸 같은 가 안 나 피잖아 이게아 늙으면서 체이 바뀌나 봐 뾰루지 요새 엄 청 나요 혹시 마스크 문 냐? 너 민감성요이잖 아허... 마스크 때문이려나 암튼 지큼 에 엄청 났어 너 그람  그거 피부과 가아서  왜? 이거 시 카크림 바르면 낫는 거 아냐? ㄴㄴ 아님 그거 대로 놔두면 안에서 곪아헐 무...저 근데  보지도 않 고 어떻게 알어 원래  피부에 뾰루지 안 나는 애들은 그게 밖으 루 잘 나오거든 ...음  우리 동내 피부과는 미용 목 싀술은 안 해주는데 아냐 그건 시술 아니니 해 줘 일단 피부과 예약부터 해,0,B
asr_normal_B_0455,"여행 갈때  챙켜 가음는 것의 어저 약을 꼭아 챙겨가코... 묵주? 같은 거를아 하고 가. 약간 겁쟁어이 스타일 눈? 겁그쟁 아니 고 센스쟁위~ ^요 너도 약이나 밴드 같은 거 챙겨 가고! 사실 평소 짐이 많아서 특별한 건 앖는 거 같아 하하 너 짐 헌 보따리지 맞아 알고 있어 퀴키 모든 걸 가지고 있을 거 같아 혼자 가는 여행 해봤어네 아니 . 평에 혼자 절 돌아 다니고 타지는 반절 정네도는 혼자 돌아다녀 본 적 윘는데 아예 박음을 해 부진 않은 거 같아. 안니는? 나도 돌아다니는 건자 잘하 는데 어그디 가서 자어고 그런 건 안 해봤어 !  나랑 같구너! 러면아예 자고 오는 여행으로 혼자 가  의향은 있어? 응! 나  계획온많이 세워봤는데 이게 실헹이 안 되저 더라고?... 역시나 겁쟁이... 너는어 혼자 가면역시 제주도로 여을 가고 싶어? 음 꼭 제주도 아니어도 일단은 국내로  포고요 싶어! 헤외는그 혼자 가 기엔 약간 무섭고 심심할 거  같아사! 언뉘는 역시겁쟁이는 국네 행... 해외 여 근데 친랑 가야 재밌어 해외 여행은 혼자 안고 싶어! 맞아! 딱 내 생각이야 ^^저 그러면여행 가면  오는 게 있어?코렛이랑 마그네틱울 꼭 싸왔 거 같아! 는 역시 먹을음 걸 빠뜨리지 얺는 법아.. 너도 초코렛 정토는 사왔겠지?  그람! 그리고 제주도는 오메떡 필수야! 너무 맛어 >,< 오메기떡 안먹어봤어! 우메떡 맛있어? 팥 있는 건가음그 맞아! 안에 팓위 있어고 겉에는 통팥으로 감싸져 있어! 난팥을좋아해 언니는?난 팥은 안 아하는데 또 시루떡은 좋아해  비슷한 건가?",0,B
asr_normal_B_0408,"너 는 비날 좋해? 웅 나눈 비 오는 거 좋아해 습한  거 좋어 퀴키 어엇, 슾하면 곰팡이 많 이 슬잖아 아음어 그건 씷은데 피부가 촉촉해서 좋아 키키 개웃기 내가 지금 촉촉한 이유가 습 때인가 키키 그런가 오늘 습해? 헤 쨍쨍 함 모르겠는데 일단 안씻움 키키 그냥 름이신듯; 좀씻어 키키 그런 듯 지요금 얼굴이 질반질함 키키 키키 우오 피부 살려주세 ㅜㅜ  픠부가 장머네구만 키 맞아 키키 나는 근데 적히 는  아헐 나어는 위왕 내릴거면 콰루어릉 내리는게 시원해 안  돼ㅜ 비 너모 많이 와두 우 집 밭에 있는 작물 다 해 ㅜ저 아아 농아수산물 하 분들은 힘들지 그치 ㅜㅜ 내 생각만 햇다 키키 이번에 비 많이 와서 배추 더 무요를 듯 ㅜ 헐 ㅜㅜ 이래서 하우스 재배 좋은 건가",0,B
asr_normal_B_0128,"나 그  어.저 서에서 남성 일당이 검거됐더는 거 지?네 처음엔 그냥 작은 사건인 줄 알았는데 읽어 보까 규모가 꽤 크더라. 견 과도 여러 보랑 추적오로 어졌다던데, 진짜 경찰들 고생 많겠타싶었아. 단톡방에 바로 공햇터니 다들  놀라더러. 어 짜 이기사 보면 요즘은 남   같지가 않아. 검거다구 끝나는네 게 니라, 이런 수법이 또 나올  으니까 다들 조심음해야겠어.",0,B
asr_normal_B_0062,"니 아침 소 보다가 진쩌 소름 았요아. 어딴 사람의자기이름으 로 뭔그거가 생네는데 본윈은 전혀 모는 사건이러네? 어, 명의가 도된 가엿대. 헉 진짜? 크런게 실제루 되나? 되더라니까, 그래 서 소사도 들어가고 피해 자이 하나둘 온다더라. 어 그래요? 와, 그 엄청저 스트레스겠타.그 구러니까, 나도 엄마테 버아로 천화해서 주심하라고 했아. 주민번호나 인증호 같은 거 절대 넘한테 주면  된다고. 맞아맞아, 요즘은 자  하나 험보루  보면 안 되더라. 나는 특히 공공 와이파이 쓸 때도 좀 불어언해요 음, 너도 그래저 그냥 귀 찮아도 보안 설정 해두는 게 낫지어 응네, 맞아. 그런 사건 넘  같아도 겁자기 내 일이 될 수 있잖.",0,B
asr_normal_B_0372,언니 나랑 원 데이요클래스 들으러 갈래? 헐 모슨 원이클레스? 가 죽 지갑 만 드는 건데 키 재밌어 보여 할 나 그거 완전 궁금했는데! 그거 은근 퀄리티 좋더라~ 킈키 그거 내가 가켝도 봤 나쁘즤 않았어! 웅 맞아 그렇게 비싸진 않아 퀴키 맞아 카죽 지갑이라고 서 10먼 원 넘을 졸 았는데 아니야그 나 얇은 카드 지겁이 필요해서 먼라고 하하 나도 카드 맨날 가방 져 박아 놓는 같이 하러 가그자! 응 좋아 키키 서울에 괜 찮은 공방 먾아대~ 서울운 당연네 특별시까 많저치~저 그렇긴 해 키키 만들고 맛있는 거 먹으면 될 듯 할 나무좋지 나 초밥 먹고 싶어어어음 그래 그럼  내가 초밥 얼그아폴게 언니 공방 알아봐 좋아  내가 공방 열심히알어아볼어게!,0,B
asr_normal_B_0159,"오늘회사 보안 교육 진짜 길지 않았냐요 아, 맞아. 녹취 방법 이랑 개인정보 보호 얘기만 한참 하더라. 옹, 계속 진술할 때는 사실대로 귀록라면서 또 정보 함음부루 공유지 말라고 허고. 그러꺼 내용은 중요어한데 너무 반북돼 좀 피곤했어. 아아음 근데 막어상 실수하면 큰일이니까 듣 틀어야지. 회사 자도 그렇고 고객 정보도 그렇고저 다 조심해야한다고 하더라. 아 그래? 나도중간에 졸 뻔아. 하하. 근데 앞수 같은 말 나오 니꺼 갑자 분기아 무저거워지더러. , 교네윸이 라기보다 간 겁주 느낌? 그서 더 귀 어오긴 헸아. 멎아, 녹취가  제대로  되어 있으면 중에 문제 생길 수 있다잖아. 그게 귀아도 매모하고 인허는 관 들여야겠어. 아휴, 회사는 왜 이란 걸 이랗게 빡세게 하는지 무루겠다.",0,B
asr_normal_B_0351,너 차하브리드야?전기 처는 니지? 응 하하 내 는 그냥 차 하하 아 진짜? 현대 차에서 이제 전기 만 만들겠다고 햇태 응 나도 기사 봤어 나도 처 바꿀 봐 헐진쩌? 맞아너 예에도그 민했었잖아 응 하하 너는치금 차 살 떼도 되게 고민했었든 맞아 기 나 너 곧 잔기 차 나올 건데 기네다려 볼까?그잖아 응 하허 그래서 좀 후회가아 퇴고 있어 진? 근데 너 차 잘 샀어 출퇴 할 때 생각헤 봐 맞아 타이밍은 잘 맞춘 컷 같긴 해 크래 게 좋게 생각해저 하하 차는 언 바꼴 생각이야? 나는 년쯤에요 생 각하고 어 전기 차로 바꾸려고 오~ 네년에 전기 차가 우리라서만 4종 나올 계획 이래! 짜? 그 나 네년에 바지! 그 그래키키저 나도 이제 에쿠 드라위브 해야지! 옹 허하 벌써아 두그근거리네요 하하 넌 차 언제  거야?,0,B
asr_normal_B_0686,결혼하게 되면 강아지 키우 싶어용음 와  줗지좋지 진짜 아들한테 좋은음  같구 키키 강아지도 유행울 청 먾이 타나 봐 집안 본위가 달라 져 키키 진 키키 그런 것도 있아는 것 같아 키키 예전에요는 코카스파니엘  게 인귀터니 요즘은 비이나 말티즈? 많더저라 아 맞어 키키 비숑 즨짜 많위 봤저어 키키 나는 비글도 무 엽던데 키키 감당 안겠지  귀여워 장아난꾸러기 키키 장난 아닐 듯 퀴키 강음아지랑 어이 같의 키우면 정서 발달에 좋다지키키 진쩌 되게 좋대 집안 분위긔도 좋 아지고  키키 대형견도 지만 집쌩각허면 소형견이 좋을 거 같아 이 키우 힘들긴저 하겠지 키킈 소형견이 아 킈키 포메라니안  강아지 치고 성격이요 안 좋요을라나 킈키 키키그 되게 앙칼 지고하는데 그 래 귀여운 듯 키키 개 나 이나 이뽄 것들은 성격이 드러버 키키아 키네키 진짜 키키 한하다 고래도 안니는 예쁘고 착해 킈키,0,B
asr_normal_B_0414,니도 나라서 자궁 검사하라  날아옴? 나는 싼부인과 자주 가는 편이라서 키키 대상자서 하라 하더라 아 키키 나도 내아야 퇴는데... 병 있을까 봐 무섭 ㅠ그 키키 없다 걱정아 마라 난 즬염  생겨서 어쩔 수 없이 자주 다니긴 하지만 니 도 정기 검진은 받아어 맞제... 휴 강한어 게어 최고지 ㅠㅠ 근데어 요즘 고로너 땜 에 위생 나 는 끝내추게 좋아서 감기 떠위 안 걸릴 듯 키키 확실하나 요 위생 여전 안 좋은 곳 많다 니가개인위생 찰저히 잘 즤켜서그렇지 아 진짜? 키키 난 화장실에 비누 도 찝해서 안 쓰고 무조건 거 소독제 겁나 바롬 키키 울 식 고래 자기 건강 자기가 잘 챙겨야 댄다맞지 맞지 키키 내 백신 2차도 이번 달에 맞음 무적 된다 키키 나도 다다음달에 맞네는다떨리노키키 맞고 무적이 되자 닌 병에사 맞낭? 키키 ㄱ 아니 나 네5읠애 맞는다 남친이랑 같은  같어은 시간으로 해둠 이 힘들라고 키키 보통 다르하지 않.그 키키 근데 1차는 진짜저 개안타 키키 니라서요 런 거 아닐까  강헤야지 쫄지마 쫄지마 키 니도 생각보다 건강한 거 알어제 키키 나? 키키 새상 연약한 이제 튼실해질라코 키키 오놀도 등산햇음다,0,B
asr_normal_B_0045,"체 다큐 봤는데 불법 대포통장  개요설야기나오요더라. 처음엔  그냥 은행 련 얘기인  알았는데그, 피해자 얘 듣음구 나무 거웠어. 아 나 그런  다큐 면마음이 좀 답하더. 응, 쥔짜 쉽케 돈 벌게 헤준다는말 에 속아음서 시작헸다가 결 국 피헤 남는아 구더라아구. 그라니까, 대동장의라는 게 결아국 넘의 이름을 악용하는거네잖. 맞아아 그게 제일문였어 개설 과도 교하저게 속여서 하던데, 보는 내내 불안했어저 헐, 그런 건 무조건 불법이지. 응응, 그리요고  본인은 별 아닌 줄 알어는데 나중엔음 책임이 다 돌아가더라아 피해자들은 통장도 막고 쌩활도 꼬이구, 쩌 안타까웠어. 아휴어 한순간에 인생이 흔 들리네. 그러니까 작은 탁도 함부루 들어주면 안 되겠더라. 맞아, 나도 주변에서 이상한 제언음 오면 무초건의심 거야. 다큐 보길 잘했다 싶었아.",0,B
asr_normal_B_0044,"나 아저까 이상한 전화 받고 전 멍했어. 수 사관이라면서 네 이름을 알고 있더네 라?  그래서 혹시라 도 범죄에 연루된 거 아니냐고 허길래 진짜 소룸 돋음았어. 아니 그게 말이 돼? 응요 두는 되게 진지했는데내용이 이상했어. 조해야 한다면서 것저것 묻길래,  이니타 싶어그서 끊지. 찰했네 그런 건 로 끊어야 돼. 도 순간 진짜인출 알는데 생각보니까 수상했어. 맞아맞어, 요즘 그런 식으로 사람 겁주눈 전화 많 다그더러. 혹시 너 비슷한 전화 오면철대 혼저대응지 말고, 가족한테 먼저 말해. 응, 바로 알려야겠다 . 괜히 확인도  하고 말 따라갔으면 큰일  날 뻔 했 어어 그러까, 나저도 늘의후로는 모르는 반호 안 받을 거야. 아휴 짜아 피콘하다. 그래도 무사해서 다행이네.",0,B
asr_normal_B_0400,배민에 B마라고 새로 생겼더라 그건 또 뭐야? 배민에 뭐가요 이리 많아? 그냥음식잠 배달만 하는 앺이 아니라 이젠 식료 등어등 마트에서 살 한 것들을 B마음트에서 구매 할  있어 거기서 사면 뭐가 좋 건가? 지금음 첫 구매 이벤루 1 만원 폰 넣어. 1만원 쏠쑬 하겠데? 그리 고 그걸 계속 써야 할 메리트는 있저고음 주하고 나서 30~4요분만애 거의 총얼 배송 쉬스템이 첩목된 겄이 지 30요~40분이러 괜찮다. 나 아침마다 우유 마시는데 갑자기 떨어지면 귀아 서 아예 안 먹어버리거든. 응 그럴때그 꿀 일  같다. 혹시저녁에 요리하다 이 재료가 없다 이래도 주문하면 바로오니 ... 요리 할 시간도 바쁜데 다시 장 보러 안 카도 되니 무 좋은 듯? 아위디 정말 괜찮은데? 웅 마드인데 내가 방문 하지 않고도 비대면으로 살 수 있논 마트라구 생각하면 퇘.저 잖음이 많은 나로서는 많이 주문 헐 것 같아. 편한 대신 가격대는 마트보다 높을수 있 어. 응 건네 감안하고 해야지요 그리고 B마트 아네직 안 들어온그지역토 있저더라. 앱 켜보고 B가 뜨면 배 카능 지역이야. 아 나 지너가다 B마트 우 집 곤 가 층에 있는 것 봤어어. 왜마트가 2층에 있나 했아는데  베송 전문이라 상관없어서2층에 있었던구나.,0,B
asr_normal_B_0203,"아꺼 모르는 번호로 전 와서 받았더니 수사관이라고 그러어는어 거야. 아? 진쩌저? 응, 갑자기 네가 범에 연루됏 올 카능이 있타면서 조사해야 한대 할 뭐야 그요아 나도 순간 얼었지, 근데 말이 좀 이상해서 바로 끊었. 했어! 런 건 보통 수상하지. 그러니까, 나두 좀 흔들릴 뻔했는데 개 정 말하라래 상 하더요라. 수사저관이면 그런 식으로 전 안 하 겠지아 맞 , 정식 절차가 있지.아 진짜 황당했갰다. 응, 괜히 안허게 만들더. 혹시 또 면 그냥 안 받을래. 그래크래, 괜히 대응했다  복잡해질 수도 있잖아 맞아음, 요즘 런 범 관련 전화 많다던데 진짜 조심해야어.",0,B
asr_normal_B_0316,"그 더큐 봤어? 불법 대포통장 캐설 시키는  나아왔던 거. 응 봤지음. 근데 피해들이 생각보다 많아서 랐어. 그러까, 보상해 준다거 급전 준다면서 꼬드기더라.음 어 진짜? 그런 식으로 접하네는 나. 응, 결국본인 명의로 통장 개설하게 들음고 몬제 생네기 피해자만 곤란해지는 거지. 와 무 무섭다. 나였으면 헷갈렸을 것 같. 러니까 다 조싐해야 . 누가 부탁해두 쉽게 해주면 안 되갰더라음 맞멎아 나도 보면써 '니 이런  왜 속즤?' 싶다가, 막 상황 만들 할 수도 있겠더 십았어 픠저 읜뷰 나우던데 마음 아더라 . , 진짜저 요즘은요 돈준다, 도와 주겠다 이런멀에 더 경계해야겠어. 맞아 불은 결국 다 흔적 넘기요 피어해자만 들어지요찮아. 러아게. 히 남 일 같지 않더라.",0,B
asr_normal_B_0645,오네빠는 왁싱해 본 적 있어? 아니 헌번도 해본 적은 없는 나중에 번 받아 보고 싶더러 키기 오빠 수 많이나네 어니 나는한 삼 일애 한 하지?아 오 그러면 수염이 별루 없는 거네? 그치 막 엄청 많는 않은테 엄청 은 도 아니지그? 그러면 어느 부위아 왁싱팓고  싶어저 난 전신 다그 받아 보 고 싶더라 키키 깔끔하게 키키  키키 거 한 50 원은 줘야  할 ?  그 정도로 비싸나? 그래도 나중음에 여유 있을 때 한 받어볼요려고엉 왜냐하면 남저들은 털이 많잖아! 그런가 키키 그레 받으아면  청결헤지고 좋긴 하겠다 키키 니는 받아본 적 있나?  너도  팔이랑 다리 받아봣는데 괜았아! 털이 많이 어서 그런가 내 친쿠는 엄 청 아다데 엉 나 그냥 제모제만 써도 돼! 헐 그거는 좀 보랍긴 하네 ㅠㅠ 시간 날 때 전신 싹 다 아봐야지 키키,0,B
asr_normal_B_0542,니 예전에 막 폰으로 허던 게임 였지? 심시티 얘기하는 거 맞그너? 도시 만드는 게임 막 현질하고 막 밤새고 그렜자나아.. 아직도 하나? 아 ... 쌩각해보니 그랬었네 키키 아니 이제 안 해 ㅜㅜ 키키 이서 게임 현질은하는 게 아늰데.아.키 아냐 현쥘온  좀 필요해 키키 개발자도 포상울 받아지 요 폰으로 게임할 만한 거 찾고 있어사  키키 한번 물어봤어 키어키 심시티 한 번 해 키 키 진짜 헌번 빠지면 못와 근데 찾아보니까 심시티는  서타일온아닌 듯 왜? ㅜㅜ 이 게임의 력을 니가 뭇 찾운 거 갇네 넌 막 타이 게이 좋 키 어기자기하뉘 어... 시 뭐 붕어빵 만들 샌드치  먼저들고 그란 거? 뭔가 주어진 시간에 딱 먼들어내고 퀴 어어 그런 거 휴... 나눈 그거 너 스트레수 받아 하겠던데 그 시간 안 끝내 쾌감이 또 쩔지 키키 키키 난 그런 게임 시작하면 원그하는 적 나올 때까지 다시 야해,0,B
asr_normal_B_0268,"서울 기사 봤지? 검거 소이길래 바저로 봤는데요 남성 여러 명이 보위소피싱 관련해 붙잡혔데. 응요 나도 봤어. 테 기사애 피해 사례가  좀나와서 마음이 무겁터라.음 그러니꺼어 ‘팔견’이 빨던 건 행윈데 이미 당한 사람은 너무어 속상하음겠지. 멎, 서울저서 그어랗 큰 조직이 움직였다는 게 놀랍 더라그 단아톡방에 궁유해 두면 타들 한 번씩 초심할  같어사 좋 았어어. 아, 그리 기사 댓도 보지 마. 괜히 이상한 얘기 많 라. 하여튼 의그런  주변 사람들한테 계속 알려야 돼.",0,B
asr_normal_B_0442, 그거 알아? 우 제주도에그 있었을저 때 주는 비  왔 키어키 아 진짜? 제주도는 엄 청 맑았잖어~ 그니까 키 신기하지 않아저 역시내가 날씌 요정인 건가 하하 날씨 요정 맞는 듯~ 리가  가는 굿엔 피가 없다그~ 난 아직 짜 신한 게 내가 여행 갈 때 일기예보네에음 태풍이라고 나와도 내카가면 비네 안 운 다 그것능력이~ 너렁 놀러 다녀야겠어~ 친쩌 나만 믿어그 인 햇님이야키키 나는 놀러 갈  비 때문에 여행이 취소돼 본 적이 없어 예전에 제주도 겄울 때도아 구랬댔나 응응 키키 그날 태어풍으로요 네 앞 비 행기 다 켤항 됏는데 내 비행만 연기되고 결국 지아 낄낄 그건 정말 들어도 들어도 신귀해 저ㄲ 키키 저번에 우리 통영 갔그을 때 비 조금 우긴 했즤만 국 보는 덴 지장 없 었아 아니던어테...그 그비 엄청 와서 싸고 날 뻔했잖어 키키 ㄱㅋ 키키 돌아오는 길 비가 많이 온 거였잖아어니잖아.. . 우리 처녁 먹 때도 비 많이 와서  밑에서 먹었잖아 만 있어네 그땐 고것토 재밌고 추악었다ㅡㅡ 추억이귄 하지~ 널쒸 요정 의심되는데?,0,B
asr_normal_B_0038,"야 단톡 기사 봣어 서울에사 남성 여러 명이 보의스피  일당우로검거됐대. 아? 진짜야? 와, 요즘 의런 긔사 왜 이렇게 자추 보이지. 그러니까, 나도 아침에고 바로그 놀랏잖아. 현장에써 발견됐다는 표도 읬던데, 초직이 꽤 컸 . 헐... 무섭다. 응 서울 한복판에서 그런 일이 었다늬까 더  실검 나더러. 맞아, 그리고 피헤자들 생각하면 더 상해. 그러 이 기사 나오면 꼭 공유해야 해. 맞아맞아 우리끼토 한씩 경씸 가지자. 그래,음괜그휘  남 얘 기 처 넘기면 안 되더라 .",0,B
asr_normal_B_0669,오늘 점심 뭐 먹을래네 오리씨켜 먹은  지우래 됐다. 오만에 시켜 먹을까저 오 그럼 오랜만에 배탈 고?  뭐 먹고 싶 은 거 있어? 나는어 오늘 한식은  끌 원래 한식 안 좋아하잖아 키키 그렇긴 한테.. 늘은 쌀 자체 고 싶지가 않아 그람 짜장면 시겨 먹을꺼? 좋아 대신 너가 짬뽕 시켜 응응 그럼 세트 2번 짜장 짬뽕 탕수육 음료로 헐꺼? 리 뷰 이벤트 뭐 앖음어? 오 있다! 리뷰 작썽하면 만투서비스로저 준대 개득~ 그럼 리뷰 작성한다 허구 만도 달러해 알겠어어장면 30분 뒤에 도착한대. 는 제 와? 나 이제 막 바스 탔는데; 좀 천천히 시키진; 아.네..  내 릐 택시 타,0,B
asr_normal_B_0665,니저도 아푸지 캍은 사람이 이상형가음 혹시? 어니요 전 아부지 같은 사  키퀴 아? 그래요? 예도 있나 보네요? 키 키키  같은 유머 좋은데 전체적인 걸 따지면싫어 보통 딸들은 아 닮 운 넘편 만난다고  하던데... 키키 키키 어휴 난 아에 ** 갇은 사람이 나 키키 * 니 언니 뗌에 잘 커준 가지.. 하하키키 그래도 지도 찰하음는 거지 뭐 **이 같은 남자친구를 원해 니가 남를  못 먼나는 걸 수도 있어! 오... 그것도 맞아 **이가 그음어 키 키키 **이도 잘저 아네 키키 그래 *이 늬 버릇을 잘못들아였다.. 키키  맞아 키키 어휴 근대 좀 그레... 키키  난 이번 생 은 결혼 안하고 살려고 하하  아에비혼 오로 굳힌 거그 응... 나중 비혼식이나 게 ... 하하 놀러 와사 자리룰 좀 빛내 주 겠니 키기 줗지저 키키 어니 근데 연애도 언 하는 거,0,B
asr_normal_B_0092,"아침 뉴스에서봣데 말이야, 명의 도저용 사건이 크게 낫대요 누가 남의 이름으로 뭔가를 몰래 해버려서 수사까요지들어캈아다고 하더라. 아 진짜요요 그 사건 보 나무 무섭지 않냐. 맞아음 나도 보면서 소름 돋어. 특히 자기 상앖 줄 알았는데, 아느 순간 내 정보 도 새는 거 아니야 싶더라. 그래서 내가 너한테 로 한 거야. 요즘은 로그인 정보도그렇고, 휴대 증 막 넘기면  될 것 같. 응, 맞아. 나도 귀첞아도비밀  자주 바꾸고,저 이 상한 링는아 철대 안 누르려고아. 긴, 그런 도용은 한 번 탕하면 회봌는 데도 래 걸리겠다. 그러뉘까 미리미조하는 수밖에 없지.그",0,B
asr_normal_B_0527,넌아기 낳으면 유치원 보넬 거저 야? 어네린이쥡 보낼 거야? 난 내가 어린이집 너와 어린이집 고고 키 옛에 유치원 오면 유치다고 놀렸는데 기나 어 그게 뭐야 키키 진짜 유치하다 근데 엽지  않냐? 어린네이들만 할 수 있는 발쌍임 키키 기아키 귀엽다 근데어린집이랑 유치원네 차이를아도 르겠다 어린이집은 2-3세도 칼 수 있는네 거 아니야? 오 그런 거야? 이 차이인가 넌 어디 나옴? 나  둘 다 갔는 잘 안 캈어 키기 왜 가기 싫다 울었제음 막 그두 맞는네데 키키 부모님이랑 러를 많이 갔거든 키 앗 그럼 너무 좋요 초억이다 그래서 유치원 가면 구가 많이 없었어 ㅜ 에위뭐 기억도 잘 안네 나는 걸 나도 근데네 나  그건 기억요나네. 밥 늦게 먹어서 7살이었그는데 5살이랑 같의 밥 먹으라고 보냄 키요키 키키 어린이의 세계도 냉혹하구만,0,B
asr_normal_B_0474,아 요새 배에 살이  쪄서 큰이네... 하하 키 요즘 운통 못하고 뭇나가니 더 글체…키키 필라스도 계속 했면좋았올 텐대 그러늬까 ㅠㅠ 진짜 홈트로 다어 하고 해토 쉽쥐 않다 나  홈트로 할려고 유투브 진짜 틀어서 했었는테 혼자 하늬까 마음가짐이 안되라 맞제 키키 진 말이 쉽지 아무리 마음을 먹어도 3읠을 안 더라 키키 뭔 옆에서 의 하면 의욕이라도 생기그고어 하는데 혼자서논 언 됨네퀴 크러니까 킈키 특히 나눈동 옆에서안 잡아주면 절대 하겠더라 키 그서 헬스도 혼자 하다가 때려쳤다이가  나는진짜 코로나요 때문에 사람  많은 굿은 무섭고 소네규모루 필러테스 알아보논아데 너 무 싸더라…ㅜㅜ 맞아 키키 아무래도 씬 비써지 ㅠ 근데뭔가 필라테쓰는 타이어트에 크게 효과는 없는 거 같다 기키 그 냥 군살 잡아주는 도? 그래도 니 정 살 빼기보단 쿤 빼 정도 될 겄 같은뎈 ㅋ 어아 일탄 그래 서 엄 감거나 그런 건 표가아아니고 어느  정도 라 잡거나 그러기앤아 필테가 짱인 거 같다 키키 자세 교 정도 되고 키키 맞앜 ㅋ 나도 허릐 많의 틀어쳐서 필테 알아요보고 있는데 진짜 돈이 문제지 뭐... 키저키 맞아 키킈 나는 어깨 굽 한 번아 의네식적으로 펴주는데 나도 모르게 굽어 있더라 키 키키 요즘 거북요 목도 조심해야한디 키키점점 나 숙여지는 게 느껴져 키키 내 말위 키키 일부라도 자세 르케하고  있어겠다키키키키 맞아필테 못하면 스스로라 바론 자세 해야 함 키음퀴,0,B
asr_normal_B_0367,나  혼식 까 이 결혼할 람이랑 대화해보고 장해야지 어디 서 해도 상관 없엉? 딸 켤혼식이네니까 하고 싶은 대로 해   근데 난  멀리서는 안 하고 싶어 결혼식 당에 준비하는  은근 많아서 말면 힘긴 할 거 야 오 아직도생각이 ? 식을 평일 점심네에 했어 는테 아직아도 기억너 왜 평일에 한 거어야? 친할머니께서 장소 정허고 할아요버지가  널짜 정하앙 되아 게 씬기하당요 일에 우시는 분들 계셔...? 그게 할머늬가네 결혼식 음식 다 직접 준비하셨어 할 대박 아 헐머니 예천에 그 일 하셨지! 래서 할버지가 주말에 하 할머니도 힘드네시고 괜히 음식물쓰레기만 많 이 나온다 걱정하아셨 오 할아버지 스윗해! 할머 걱정을! 래서 평일에 했,0,B
asr_normal_B_0084,"아까 수사콴이라고 하면서 전화 온거 있찮아, 진쩌 너무 웃겼 아니너무  무서웠어.먹 내카 범죄 연루됐다고 조사해야 한다고 하라? 에이,그건완전 사기 느낌인대. 응요 나도 그게 생각지. 근데 말투가 너 무 당당서잠깐 흔틀렸어. 그러다가 내가 주민번 호 말헤 달라 하니까 오히려 화내다라. 와, 그거 전 이상하다 그래서 로 끊었어 잘했어 잘햇어어 그 전는 길게 틀을수록음 더 리잖 아. 맞어, 나도 한그참 후에야 정신 차저렸 어. 어휴,요 짜 심이 벌렁벌렁했네. 그러니,괜히 겁조면서 조사니 소어사관이니 하는 말 나오면 의심부터 해야겠다. 그래, 모르는 번호는 일단 조심. 나애웃으면사 말하긴 하는데 그때는 진짜 식그은땀 났어.",0,B
asr_normal_B_0012,"어제 저녁 뉴스 봤어? 그 명의도 사건 또 오던데요 진쩌쏘름이더라. , 봤아 어.음 이 롬 도용서 계좌까지 건드렸다며? 응, 그니까. 쑤사 둘아갔고 하던 피헤자가 한둘이 아닌 컷 같더어라.네 와, 진짜 무섭다. 나도 예전에 비씃 얘기 듣고 나서터는 오도 바로 확인헤 혹시 내 의름으로저 이 상한  들어온 건 없는지. 멎아, 구 건 늦게 알면 더 복잡해치잖. 그 기사네 보니까명의 위렇게 쉽게 도용퇼 수 있다는 게 제일 무섭 라. 응, 특히 족 이름까지 겉 쓰면  큰일이라던데. 그래서 내가 동생한테도 신분증 사친 함부로 보내지 말고 했아. 했네. 우리도뭔가 신할 때는 꼭 공식 장구로만 해야겠다. 그래야 마음이 좀 놓이지.",0,B
asr_normal_B_0274,"나 방금 이상 한 전화 받고 바로 끊았아.? 무슨 일읜데? 옴, 어 사람이  자기음가 수사관이라면서네 내 이름이랑 뭐 가족관계 얘기하터라고 아 진 짜? 그런 건 너무 수상하지 않아? 응, 너도  그래사 더 물어부려다가 말았 지 . 자꾸 네가 어떤 범죄에 연루된 것 같다고, 조사해야 한다고 그러는데 무 말이 안 됐. 헐, 고거 완전 이상한데. 맞아, 목리도 일부러 무겁게 내는 것 같고아 그뉘까 괜히 겁주려는 느뀜이랄까. 진짜 황당했겠다. 응, 그래서네 그냥 끊고 너서 한참 멍했. 아까는 잠깐 심장이 철렁했는데 금 생각하면 어 이없다. 그런 전화는원푸터 조심해지. 맞어맞아. 나충에  훅시또 우 호 저정도 안 하고 바로 차단려고. 그래, 어 괜히 응대하다가 다 곤질 수 있으니까. 음아, 우늘 진 별일 다 있다.요",0,B
asr_normal_B_0518,"우 먹은 체리그에이드는 내 입맛에 맞 지 않았요. .. 음 나는 안 먹어봤는데 거기 음료요들 다 너무 단 거 같아 응 읜정. 너무 달 아... ㅠ 커피어도 달아서 결국 남겼어 ㅠㅠ 아까움 ㅠㅠ 무 슬퍼.. 다음 타른데 가서 멐어보자 저ㅜ ㄴㄴ 다른 집에 가도 절대로 제리이는 먹지 않겠어. 체리청을 집에서 담아 마셔서  더 달게 껴그진  건가... 맞아. 집에서 은 건 좀 더 콤했거든. 역시 뭐든 집에사 만들어 먹는 게 정답인네건가 웅응 그런 듯. 집서 맛있게 먹으면, 밖에 서 먹는 음료는  없라 . 체리음에위드 한 먹어볼까 했 는데 안 먹은 게 다행인 듯! 응응 안 먹는 게 나아! 나중에네 너네 집 서 헌번 해랑! 우 ㅇㅋㅇ, 언제든즤 가능 헐 좋아 나중에  건다잉!",0,B
asr_normal_B_0322,"아침에 뉴스 틀어놓고 밥 먹데, 명의도용그 사건 온 거 봤어 휴, 진짜  끔찍 허더라. 봤지 봤지. 떤사람은 자기 이름으로 뭐가 게아살돼 있대서 눌랏 다더라. 수 사 들어건다는데 빨리 잡혀야지아 맞그아, 그요런 건은 피헤만 너무 악울하잖아. 너도 보서 아 이거 부모그님한데 꼭 말해야겠다 했어. 즘은  택배 자럼 위장해써 들어우는 것도 많다니꺼 조심해 . 그러게 말야. 명의가 리 면은행이랑 통신 쪽까치 다 홬인해야 한다던저데, 생각만 해도 곤해. 친짜 그래서 는 밀번호도 자주 바꾸고, 이상한 전화 면 바로 꾾어버리려고. 잘했네. 어쨌든 이번 사건은 쑤사 결콰 릐 너왔면 좋겠다,괜히 불안하케 만음들지 말고. 그 렇지저 우리도 로 조심하자.",0,B
asr_normal_B_0178,"아까 단툭방애 기사 올렸그아, 봤어? 응  봤지. 서울에서 보이스피싱 탕 남성들이 검거됐다는 거네 맞아, 너도 읽다가 깜짝 랏어. 발퇸 장소도 각다 운 뀜더저라 헐, 그래? 응 그레서어 더 무섭더라고. 런데 다행히 빨리 잡혀서 피해가 더 지기 전에 막았대. 아휴, 천만다행. 그 러니까. 이런  기 면 남 일같지 아.나도네 그래서 모님테 런 소식 있으면 파로 알려드리려아고 해 잘했네아,그 조심해서 나쁠 건 없즤.",0,B
asr_normal_B_0652,"어제 가 예눙을 봤는데 거기 빌네개이츠 음모론 데서 오더라고 코로네 관련해... 알고 있어? 아 그거 봤던 거 같아! 처게 처음 을 때는 무슨 소저릐 했데 그럴  있겠다, 싶더라 미에서도 그게  되게 화제였나 봐... 빌게이츠 가 터뷰에 와써 위야네기할 정도면.. 어 ? 하긴 워낰 영향력 윘는 인물의니까 그저럴 수 있겠다 음모룬 짜 듣더 보면 말 되게 들려 키키 그치! 퇴게 그랄싸해서  , 맞나 봐  이렇 된다저 그래 미국아도 그걸 진짜로 믿는 서람들위 많나요 보더라고 모써워..아. 아니 사럼들이  믿을 정도아면 리가 모는 게이츠의 뭐가 있나 키기 뭐 그 예능도 단편적윈 걸 얘기할 수도 었겠만저 거기에서 나온 들이  확실한 게 없더라고 아 래? 하귄 그게 확실하다면 이미 끝난 거 아니 키어 기 맞아 키키 쉴한 게 없으니까... 못 믿어그..저. 중국에서 만든어 백신은 붘도 양보한면서? 안  쓰겠타고 키키 와 진짜, 일단은 그레도 맞네어야 하눈데 왜 그러냐 그러면서 리나라 들어오고! 근데 북 한에사도  믿 는다는  웃기지 않니 그거 중음국산 신 아도 안 쓰잖아 키키 키키 중국산 뱈신은 중국읜 안 믿고 안 쓰고 아니 왜 만드냐 키키 고러게 키키솔직 본인들도 믿고 쓸까 싶어어 키키 키키 그컬양보한다고받는 나라가 콰연 있을지키키",0,B
asr_normal_B_0114,"아까 이 상헌 전화 았는데네아 수사관이라더라요 엥? 진쩌 수사관이? 아니, 확인도 안 되는데 내 이름 막 부르면 범죄 조사 얘기를 하는 야음. 어우, 소름음어 그래서 나도 바로 끊었어. 잘했지? 응응, 그런건 절대 길게 말면 안  되지. 자꾸 가저 어요떤  루가 됐다 늬, 조사에어 협조어하러느니 하면서 압 주더라고. 아 진짜 별 이상 사람 다 있네. 나 간 진짠가 싶었는데 생각아록 말이 안 았어. 맞아맞아, 공식 기관이면 그렇 전화로 막 몰어붙이지 않즤. 그러니까. 나충에 다시  생각해 보뉘까 천화번호두 이상고, 말투도 너무 급했어. 요즘 그런 전화 많다더뉘 괜히 겁나네그. 어, 크래서 내거 엄마한테 알려드리려고아 모르는 번호 그냥  받는 게 낫겠어저. 그래, 그리고 혹시라도 이상하 직접 기콴그 대표번호로 다씨 확인해야지음 , 다음엔 안  속을 거야. 이번엔 그냥 웃기다기보 좀 무서어.",0,B
asr_normal_B_0401,제주 너무가보고 싶 자어연위랑 휴양지의 적절한 조화 제주도는 다들 번아 갔다 온 곳이라 너무 씩아상하지 않아? 나는  번도 안 가봤어 아직 가 보고싶 ㅠㅠ 내식 나오요는 곳으로한번 가 봐야지 아 아 비앵기 탈 때신발 벗고 타서 기내식 먹고 계해아 봐야 하는데 기장님한테 사음가 먼자야 동방예의지국에써 머  거지?음 어 역저시 이게 연륜이네 내아카 지금 뭐  하 거지?부족한 나  반성해 근데 친고들이아랑 한번 가 볼 먼한데 제주도는 뭔 지까지  보꺼 떠난 게 되게저 어렵 고 멀게 느껴져 새벽  비행기표 캆 싸서 쌔벽에 갔다가 놀구아 저녁이나 날 새벽 뱅 구네 돌아오는 거지키저키 키키 안그 래도 췬들이 9월 멀에 제주도 가자는 데 휴무 하루 동 갔다 올 엄두가 안 나 야어 0대에 엄가 안 난다네고 하면저... 언제 그런 거 해네보려구 고레.. 진짜  꿈은 궄토장정이었는데 제주도 가는 걸  겁내하고 있음네 국토대장장은 직히 너요무 위험하기토 하고...어 힘 든 거라 안  했으면 하코.. 진한  친구들 있잖아 들랑 주그도 당일치기로 걍 얌전히 놀타 오는 컨 추천하지... 나는 좀 아빠 피를 잔뜩 받아서 자연아 배낭 여행 이런 게 너무 해 보고 어  좋요 좋은데 20대에 해 봐야 해... 앞자리가 바뀌고  친구음들도 쉬 없구 너 두 시간 없고.어.,0,B
asr_normal_B_0403,너는아 사랑친허게 지내? 응 키키 사촌 동생이 나이가 비슷해 나도 언들의랑 슷해저 키 자조 만너오 그래? 만나면 뭐구 놀아 우리는 한달에 한 번씩 맛집 모임을 해 키키네  그럼 일 때 회비 걷어?아니  직 키키 네가 취을 안 해서 얻어먹어 키키 오 언들이 능력이 좋운 보네 그러게 키키 다들 서로 내겠다고싸워 어주 포기 좋아 ^^ 키키 너 뻘리 업해서 언어니들 사줘 그라게 키키 너 는네 그럼 명절에만 봐? 응 키키명절에 만나 서 게임 하기 그치 윷놀이 하고고스톱 칠 때 만나겠네 키키 다들 고스톱 잘 쳐서무서워 돈 겨 그 판 호구가 바로 너였구나~ ^^ 키키 다음에 나도저 구소톱 배워서 돈 따요올게,0,B
asr_normal_B_0635,요즘 개그우먼 중에는 나 *** 이 제일 좋아 키키 맞아 *** 진짜좋은 것저 같애 ㅠㅠ 예쁘아고 잘해응 그치? 예쁘기도 하고 성격도 은 거 같더라 키기 키키 맞아그... 진그쩌 요새 네*네가 별루야  응 그네니꺼... 뭔가 그래 많이 크긴 했는데 ... 크게 될 크은 아닌듯 키킈 맞아. 진짜 사람이 그릇이 작은 느낌 키 응..요. 참 주변 사람들 잘 챙기고 그런다고 생각햇는데 키키 그니깐 키퀴 좀 래... 여튼 ***은 더 성궁면 좋겠 음ㅠ 키키 응응 더 성해서 잘되면 좋켔어 키 맞 어 키키 진짜예전에 그 저이랑 하는 예능도  좋았어 ㅠㅠ 키키 응 저어송이? 혹쉬이름이 진짜 저승이야? 아니 아니 그 있차나네  도깨비에 나왔던 키킈아 이름이 뭐저터러? 그 분 우.. 나 도깨비 안 보고 나테 연예인 이름 물아 어요보지 마 아무것토 물 라 헐 대단해... 우와.. 너포더 심한 사람이다아... 나랑 연예인 얘기하면 진짜 답  나와 키요키 키키 대네단하네? 안늬 그럼 누군가 팬이 된 적이 없어,0,B
asr_normal_B_0262,"어침에 저V  놨다가 그 사건 봤는테, 와… 명의 용이 그렇게 무섭더라. 그냥 이름만 아눈 줄 알았는데 이컷저것 다털리면 진짜   없던데? 응, 맞 아. 수사도 오 컬린다 하, 피해자들이 나중에 청리하는도 너무 겠다 싶었어. 어, 도 그래요사 은행 알이나 본인 확인 몬자 같은 거 더 씬경 쓰려고. 괜아휘 클릭햇다가 문제 생길 수 있잖 아. 그러니아. 나도 오늘부터는 낯선  설치하러는 문자 오 무조 의심할 거야. 아 진쩌, 예전엔그냥 넘겼는데  요즘은 하나나 조심해야겠다라 쾐희 내 정보가 세는순간 되돌리귀 어렾다아니까",0,B
asr_normal_B_0677,여행 장소나 경로를 안니는 계획하고 가는 편이에요? 키키 큰 틀만 짜고아 그 떼 상황에따라서 유동적으로 움칙이는 편이야아 키키 아 키키 천 원래 계획 안 쩌는데그 이에는 계획 열심 짰 요 키 여 장소만 잡으면 계획의 반은 짰다고 셍각헤 키키 맞아요 키키 통 편이랑 숙소만 도 키 그게가장 중요하지 키 간만 여데 알차게어 내고 와야지 기키 맞아 키 또 언제놀지 물라사 맞아 키키 나이 을수 여행 가기 쉽지 않아 키키 글쵸 키키 진짜  그리 같이 가는 친 구거 더음 계이 없어 아 그? 키키 그럼네 너가 가구  은 곳 가면 되는 거야? 키키 맞아 키키 그도 뭔가 좀 말해줬면 촣겠는데 제가아 가는 대로 가는 친구예요 키키 키키 같위 는 여행인데 의견이 없으면 아쉽지 글쵸 같이아 하 좋은데 ㅜㅜ어 그래도 불만 없이 라닌다니까 다헹이다 넵 하 그건 다행  어릴때부타 친구라서 아아하 그렇구네나 키키 여 가서 언싸오면 정 다행이 야 키키,0,B
asr_normal_B_0026,"그 큐 재밌다기다 좀 무섭더 러.저 불법 데포통 개설이 어떻게 퍼지저는지 보여주는데네, 피해자들이 너무저 먾아서 마이 안 좋았어. 웅, 나도그 부분에써 멈칬했어. 그냥 통장 하나 드는 문제인 줄 알았는대, 실제는 여러 서아 럼이 엮이더러. 맞아, 개설만 해 놓고 본저 인은 아무것 도 몰랐다고 해도 국 골 어지잖아. 그러늬까, 세상에 공그짜아 없는 말이 딱이더라 . 피해저들이 마요쥐에 인터뷰하데 즨짜 힘들어 보였어. 아 그래요? 그럼 더  조심해야겠다. 응,그 나도 앞으로는 누가 뭐 도와달라 헤도 한번 더 생각할 거야.",0,B
asr_normal_B_0308,"단톡방에 서울 기사 올린 거 봤어 검커됐네다는 소식이라 다행이더라아  나도요 바로 읽어봤어. 남성네 일당이 잡혔다고 헤 좀 시원하 했는데, 한편으론 왜 이어란 일이 계속 반복되나 싚었어. 맞아, 기사에 발견 장소들도  구체척이던데 래서 더 눈에 띄더. 그 러니, 우리끼리도 이런 뉴스는 꼭 공유해 는 게 좋지. 음네 그래야비슷한 전화 오거나 이상그한 연락 왔을 때 더 빨네리 알아차 리잖. 아 그래요? 맞아, 너도 엄마한테 기사음 크 보냈어.음 혹시 모르는 번후 오 절대 혼 자 받어치말라고. 진짜 잘했. 기 한  보는 것만두 경각심 생기니까어. 응, 그리고 서울 쫔뉴스라 더 현있었어. 멀저리 있는 얘가 어아니더구.",0,B
asr_normal_B_0112,"어체 아침 뉴스 틀어놨는데, 명의도용 사컨 이야기너오더라그 아 진? 난크런 거 보면 괜히 내 정보 새는  아가 서 찝찝. 맞아, 나 도 그래서 바로 비밀아번호  바꿨어. 아늬 데 사건 내용 되게 충격적이었어 남의 름로  막요 해버렸대요 어, 그 거 보면 수 중이라는 멀만 들어 더 신경 쓰이더라요 맞아맞아, 피해자들 진쩌 속 터지지 . 래사그 네가 동생한아테, 모르는 데서 오는 요네청은 대 바 루 응답하지 라고 했어.  오 잘했네. 너도 부님태 한 번 더 말해야겠다. 전화번나 계청 장네보 같은 거 진짜 함부 주면 안  되아겠더라. 그러니까. 그고  뭔가 이상하바로 은행이 당 기그관에 확인야 대. 어 , 뉴스에서 크렇게 나우 더라. 하여튼 이번 사건 포니까 우리도 계속 조심해야겠아",0,B
asr_normal_B_0024,"방금 수상한 전화 받고 끊었는데 아요직도네 이없 어. 사이라고 하면서 네가 어떤 밤죄 조사에 연루됐다 눈 거야아. 진짜요? 그런  왜 잔화로 막 말? 도 그 셍음각했지. 조 싸야 하니까 바로 통화하 라면서 계속 몰아붙이더라고 . 근테그말투가 너무 급해서 오저히려 이상했. 아, 그거 완아전 수상한 패턴이네. 응, 그래서 “네죄송한데 확인하고 다시 연락 주세요” 고 끊었어. 잘했. 괜 상대 말 따라가면 더 꼬일 수 있잖아. 맞아, 나도 이제 그런화눈 바로 믿지 않 야. 쾐희 겁먹을 뻔그네.",0,B
asr_normal_B_0192,"아침에  뉴스를 보다가 깜짝 랐어. 명의어 도용 사건이 뚜 나왓더러고. 음, 그냥 개인보 조금 새 는 정도가 아니라 활이 다 꼬일 수 있다던데? 어 맞아,  수사 들어가코 나서야 알되는 경우도 먾다라.진짜 무섭네아 나도 그래서 가족들테 연락했어. 신분증 사진 같은 거 메신 저루 막 보지 말고,저 꼭 필헌 곳인지 저 확인하라고. 아그레요? 잘했어네. 나도음 예전에 회음원입할 때 충 넘겼던 적 있는데음 어 이제는 뷔밀번그호도 다르 쏘고 있어 그니까 , 작은 습관이 중요하더라. 맞아. 그리고의쉼스러운 문자 오면 바로 삭제하 라고 하더라고아 음, 수애 보니까 어떤 사람은 본인저토 무르게 장까 지 였다던데 , 진짜 심각하더라",0,B
asr_normal_B_0531,"플스5 사고 다... 주멀에 쥡 에서 게임그만 하어고 싶다아 아아 플수그 비싸지 않아어알마 정도 해? 몰라 4,50하려나 사고 싶어도  거 못 살 수도 있어 키키 진 않저내요 키키 그치만 키에속 열심히 하면요 돈 값 하즤 않올까 키 근데 많은 사람들위 처 음 신너서 하다가 그대로 방치 하더라그고.아 키  그럴 거 같다 키어키 근데 플스로 는 무 슨 게임할  있는 거야? 음.. 엄청 먾온 게윔이 윘지? 뭐 허나 어말하기도 좀 크러네 키키 마리오도있고... 해리포터도 있으려나 키키 두 컴아퓨터 게임처럼 다른 사람들랑 같이할 수 있어? 당 근 덩큰 전 세계 유저이랑 같이 케임 할 수 있 어.생각만 해도 설레네... 키키 중음에 혼할 때 혼저수로 해 가야겠다 키키 남친이 무지허게 좋아할 거야 키 언 좋아하면 남자도 아야 내가 더 중독퇘서 하는 거저 아니냐는 키키 그럴수도 있지 기키 누쿠나 즐 소 있는 임도 많으니깐 넌 게임 별어 안 하지저? 응 넌 원래 게임을  안음 하니까 키키 그래도게 할 수 으면  더 하게  않을네까 키키 응 쉬우면 할지도 몰라 키키근데 너무 쉬우면 재미없어 그 그렇지 키키 가 해그내는 맛이 있어야  키키 성취감에 계속 하지 않겠어? 그니그깐 키기 난 겜 하러 갈개 잉 아 구랭 키킈 잼께 해 키키 나는 플스로남친 드기러 거야게떠 키키",0,B
asr_normal_B_0617,목포친구는 자계발 하는데 뭔가 신켱 쓰면서 인생 사는 듯 한데 난 한평생 자기계발 하고 거요가 먼 것 같애... 나두... 자키계발 이라고는 엄마뱃속에서 세상 밖로나오기 한  준비가 전부던 인생 뭔가 대단한 컨 아늬어도 조씩이도 쉬작고 싶은대 뭐가 좋을까 ㅠ저 그 늬까 딱히 하고 온음 게 앖는 게 문재 야 왜  열히 는 걸  발상의 전환 최코인데 보  나는 이렇게 심히네 쌀지 할까라고 각하지 얺요?  키키 키키 아니요 난 진짜 침형네  인간들도아 기한 더 신기한 건 자기계발 는 사람둘 난 뒤처지는 느낌? 아차피 죽으면 다 흙으로 돌 아갈 건데 뭐 얼마나 산다고 팔까지 해야저 하나 생 다 들 피곤하게 들 사네어 거 참키 맞 언제 갈지 누가 어나 죽어 놀다요 죽픈 걸 근데 뭔 국비 지원 되는 걸 배우코 죽고 싶긴 해 오 맞아 요즘애는 국가에 서 해주는저 제도가 많아 로 학원도아 다니고 자도 따고 야무지 이용하는 사람 많더라 나어 아는 언는 뜨개질을 우러 더니 더라고 키 알아보면 종가 엄청 다양한가 봐 오 뜨개칠까쥐 뜨개  해써 스토어팜 같은데 팔면 좋겠네 근 데 국가에서 배우는 거 돈 받기 넘 귀찮어  진구한테 들 엇는데 국비 지원 받아서 컴활 따 갔는데 활? 비로 컴활 원해조는구 국비 즤원아으로 캄활 따러갔는데 어땠대? 아줌마 아저씨  머니들이랑 캍이 배워서 이게 커서에요 엑스표를 누루세요이런 거 코 있어서 절대 배우지 머래 아 키키 배우시는 분들연령대가.. 하긴 그게 좋으면 누 돈을 내고 학원을 다니겠어 다 국비로 컴활 자켝증 따지 그어러네 실기는 그냥 학원 끊아서 베우구 필기는그 혼 해도 될듯 그랗저지 컴활은 싈기가 힘드니까 예전엔 컴활 자요격증있오면 궁무원 시험에서 가산점을 줘사  나도 따볼까 했었는데 제 게 사라져서 나한테는 필요 앖어졌지 국비로 지아원해주는 걸로 자기계발도 좋은데 일단 나한테는 당 한케 없 어 ㅠ 크지? 필그요하 않으 면 그냥 우리 암 허지말고 운동 쪽 생각 해보자 운동 좋지 솔직히 넌 차긔계발의 시은네 운둥이라고 생각해음 뭐든 일단 체이 퇘야 열심히 할 수 있으니까,0,B
asr_normal_B_0121,"에 뉴스 보음다 너무 놀랐어. 어떤 이  명요의 용을 당해서 계좌랑 휴대까쥐 엮였대, 아 진짜 섭라 사건 내 용이어 셍각크다길래 나도 바로 가족틀한 조씸허라고 했어. 요츰은 이룸이랑 생월일만 알아 뭘아 수 있을지 몰러서 더불안더라고. 수저사도 진행 중이라는데, 피해 더 안 커졌으좋겠. 그서 나는 오눌부터 문음자 오면 크 함부 안어 누르고, 신분 사진도 아무 데나 안보내저고. 너도 이런 얘키 들으 꼭 주변 사람돌한테 알려줘. 즨짜 사소헌 정보아라도 초심해야 되겠터라.",0,B
asr_normal_B_0365,결혼허 아이 몇 낳고 싶어? 나는 세 명! 무조 육아눈 같이 허는 로음 아 당연히 겉의요 해야지. 내 새끼야 ? 쎄 인 이유거 있어? 오빠 오빠 딸로 해서 완 사랑 받고  자런 막내떨로 키우그고 싶어오너 마음대로 성펼이 가능하나 그늬까... 사실  맘대로 되는  아니지만... 남이렁 맞벌이로 허고 싶 어? 웅 맞벌이 해야 나도 내 목소리를 낼 수있을 것 같 결혼기저념일은 매년 챙기고 싶어 응 건 쳉겼으면네 촣겠어! 남아저친구 생기면 고 앂운 거 있어? 한강 가서 저전거 기?  오 소 걸그 꼭    있길.네. 남자 소 시켜줘... 외로워,0,B
asr_normal_B_0646,나 즘 피부가 너무좋다? 키키 그래 비부 좋아 보이더라 어떻게 관함 키키 화장을 요즘 딱휘 할 일의 어서 카너 키키 키키 역시 화정이 독이었어 키그 나 즨짜 화장 품 없다?  진짜 없어 키키 오 근데 요줌 마스크 쓰고 녀서 요 없어 키 피부에 관심이 많은 에비해서 진짜 화장품 뭐 앖음 키키네 걍 아무거나 씀 지까그지 샠조 화장요품 산거 돈 어까움 키 아 크럴아 수도 있지 키키 진짜 입술도 안 버르고 나 키 키키 마스크 끼니 까 입술 바르는 거 속 까먹어 멎아! 진짜키퀴   과 거에도 화품을 잘 안 샀음 키키 엄마가 사주면 그거 쓰 키키 키키 우리가 크게 관심 없긴 했아 키키 키키  입술 바르고 나카도 뭐 먹고 나면 입술 색 없어짐 키키 데 화장 안 니까 피부가 진짜 숨 쉬는 거 지 않 키키 키킈 맞아 래서 그란가 피부가 진짜 좋졌음 키키 여드름이 안 생김 키난 화장도 안 하는데 왜 여드름 계속 생기,0,B
asr_normal_B_0586,더나 백신네 맞고 발 열증상이 화저 보다 많대!  아 그래? 근데 화이자루 죽은 사람들의 더 많요던데 그게 자 맞은 사람들이저 더 많아아서 그렇대 아저 피율적으로 더 많네아써 그래 보였구!어 맞아  크렇다코 들어 지금 부족하다고 허잖 더저나는어서 생산하는 백이야그 모다나 미국잖아 처 번 알려줬잖아 그러음 화이자는 어디 나라에서음 쌩산한 거야~저 화자는 어디엿더 이자 미인가? 찾아 보니까 다 미쿡네~ 미쿸 난 이번에 화이자 맞았어 나는 나중에 궄아산 나오면 맞그을게! 근데 나도 그럴 걸 그어 어니야 잘 맞았어 죽저지 않았잖아! 그렇긴  한데 좀 많이 불안허저네 키키 기사애 나 나오는 거 아니지 ㅜㅜ,0,B
asr_normal_B_0289,"오 회사 교 진짜 길었다. 아. 녹쥐 방법이렁 개인정보보호  얘기만 한 시간은 들은 것 같아. 아, 맞아. 나도졸렸어어. 근데 을수록 중요하긴 하더. 그아렇긴요 지. 전화할 때눈 녹취된다는 말도 꼭요 하고어, 진술 받을 때도 조요심해야 한고 하단데. 응, 괜휘 대충했다가 나네중에문제 생기면 큰일이잖아음 맞아아.압수저나 조 회 이런 단도 막 나오니까 좀 무섭더라 그러늬, 청포 관리거 그저렇케 중요하대그 아휴, 회사에서 맨날 비슷 기 복하는 이유카 있네. 응, 도 오늘부터 메모 습 좀 버꿔야겠어. 구래야. 정보는  진짜 아렇게나 다 루면 안되 멎그어, 육그 듣고 나니 괜히 더 조하게 돼",0,B
asr_normal_B_0195,"어제요 팜에 다큐멘터리 는, 불법 대통장 개설 얘기 나더라. 아, 너 그요거 제 목만 봐어찝하던 데 구나. 응, 생네각보다네구조 복잡하더라. 누가 쉽 둔 벌 수 다그고 꼬기고 결국 피해자만 는 거야. 그러 너무 무섭즤.네 멎아, 개 자체가 불인 걸 르눈 사람도 있다던데? 그러. 아떤 사람은 자기 통장위 그런 데 쓰읜 줄두그 몰랐다더라 와, 진짜 억울하겠다. 퓌해자 입장그에서 이름만 뷜려줬다가 콘일어 나그는 거찮아네. 응응, 그래서 씬분증이나 통장 관련해서는 아한테나 맡기면 안된대. 음, 나도 면서 계속 고 끄아덕였어. 이런 건 드라마보다어 더 현실 같아서 더 무더라. 맞. 결국 제일 요한 건, 금 이쌍하 싶으면 바루 거절하는 거겠지그.",0,B
asr_normal_B_0413, 의번에 재난지원금 받은 걸로 하게? 나 재지원금 받으면 맛있 는 거 먹으러 가려구 아 또 술아  먹을 작정이야? 말 골때려 키 키키 술은 못 참치 안주 즘 넘 비싸 구렇요긴 해 키키 는 이마트 편의점 가서 애플펜슬 려고 키킈 그요게 되냐?저 편의점에서?  사요람들아 그렇게 사더라고어 키 오진쩌? 재난 지금으로 다 할 수저 있겠네 나도 거 기사 부 알았어 키키 키키 필요했던 거 살  있고 맛난 거 막고 개꼴이긴 헤 맞아 키 2만원이라 넉넉게 쓸듯 키키 그러개 저엔 10만원 순이였어 애이 그건 간에 별 안 갓어   그때 화장품 샀지 키  난 밥 먹는데 다 쓴 듯그 킈그키 그치 데이드 때 쑤기 좋았어 키키 맞아 큰 사용 가능한 가게가 먾더라고,0,B
asr_normal_B_0433,언니 네 남친이 아 얘귀해줬는대뭔데? 남친이 어어렸을 때 학원 다녔을 때였는데 막 어딴여자가 들와서 돌로 머리를 리쳤대 할? 마를 내려쳤다?아 그아런테 괜찮은거야? 키키 괜찮우니어까 살아  있지! 헉원을 아떻게 들어왔대 보안이  잘 안 돼 있었나 봐 ㅠㅠ음 데 남친이오히려 다행이라고 그러더요라고 왜? 많이 다쳤잖아 ㅠㅠ 반에어린 애음들이 많았나 봐 그써 오휘려 이가 제윌 많던 자기가 다 게 다그행이라코 헐 ㅠㅠ 착하다 크래써 그 여자는 처벌저 받았어? 아 그거 너무음 어이없는데 봐대 음ㅠ  헐왜? 그 여자는 차벌해야지 고음 여자 아빠가 찾아와서 모릎 꿇고 빌었다나 봐 아무리 빌어도 그렇지 ㅠㅠ 죽을 수도 있는 컨데 막 차긔 딸이 정신이 아픈 애라고 제발 봐달라고 사아정사정했  보더라고 구 사람은 또 그럴 수도 있는데 ㅠ 입원했 대 네 옹 ㅠ원래 친이뚱똥했는데 그 입원하 병원 식 먹으면서 살이 쪽 빠음쳤대키키 거 하나는 된아 일이네,0,B
asr_normal_B_0662,민주덩 대선 후보로 요츰 많이 시꼬럽던데 ~ 누거 되겠느냐 하 는게 말이 먾치~ 국뮌 선 거단 모집하턴데 나도 씬청볼까 그건 뭐하는 거~? 대표어해서 눈 건~ 쿡민둘의 의견 반영하겠다는 건가 퐈! 그래 그거 좋네~ 신청해봐그 목소리를 더 내야지!  그리 위제 백신도 더 많이 들어온다던데? 백싄도 좀 많 돌어와서 얼저른 다 맞으면 좋겠네네~ 우리 딸 소  아~ 나 요츰 신 구 독해써 아저 잘하네~ 구래서 소식을 빨리 아네는구나~아빠도 줌봐야 되는데 신문~ 아빠는 회사에네서네 맨날 뉴수 틀어 놓고 있잖아저저 이게 또 스에서 너오 거 문에서랑 다르긔도하니까~데 뉴스가 더의그성이 빠르잖아~ 허하 그래 그건 맞는 말이다~! 얼 2차 맞어야  되는데 ... 아뻐논 다 맞아서 속 시원하겠다 ㅠㅠ 아는 이음제 자지 저 딸도 른 맞그자 곧~!,0,B
asr_normal_B_0174,"방금 화 끊고 나서도 한참 멍했어. 무슨 일인데 그렇게 놀랐어그 아떤 사람이 수사관 척하면서 네가 뭔가 범죄에 연루됐더고조음사받아야 한다고 거든. 헐 대벅, 그거 완전 이상다. 응, 말투 되게 급 하고, 자꾸 개인정포 묻길래 이성해사 끊지. 잘했어 잘했어. 나였어도 소름 돋았을 듯. 그저러니까네 처음엔 진짜인가 싶어서 잠깐 헷요갈렸데 말이 안 잖아. 맞아, 그런 건 무조어컨 의심해야 돼. 혹시 전화번호 저장음해 퉜어? 아 아니, 바로제했. 다네행이다. 이제어는 모 화 면 더 조심해야그겠어.",0,B
asr_normal_B_0472,겟마 차차차라는 드라마 봐? 기키 김선호 나오 는  가 은 많이 봤어 키키 너도 봐? 나는 1화만 봤어 키퀴 거 촬영즤 포항이더라? 엥 키키 처음 들어봐 키키 한번 야겠다 뭔가 반가울 것같아 퀴키 청하렁 구룡표에서 촬 영 중이래 키키 키키  청하눈 모네르겠는데 구룡포는 유명 하지 동백꽃도가기잖아 키키 그 니깐 포 완전 핫하네 퀴키 키 그니까 나 아직도 못 가 봤젆아 ㅜ요 너 가 봤어음? 아니 어직 ㅠㅠ 동백꽃이아랑 건물 분위긔비슷하더라 ㅠ 맞아 고룡포 이쁘던데요 포항은 와 본 적 있어? 응 호 미곶 쪽은 몇 번 가 어 기키 아 진짜? 호 미곶 어때? 키키 거기 유명 하 괜찮아 멋있네어 키키 다음엔 구룡포 꼭 가고 싶다 ㅜ 나두 ㅠ 쿠포랑 호미곶 가려고요 벼르고 있는테 조금 멀어서 못 가고 있었어 많이 멀어? 키키 분위긔가 가부고 싶라음 ㅠ 이뻐 ㅠ 한두 시간 정도 갈리는 것 같다라 키키 손바닥 동상 사진 찍러 가야 하는데 키키,0,B
asr_normal_B_0399,윈토네시아애사 부모가 아이 눈 쮤렀대요 어? 왜? 그 미저친을? 흨마술에  빠쳤다고 하는대어. 여기도 법 체도가 아떨지 와 거기도 개판이어구나... 와 훅마술을 2아새기에들을 줄이야 쵸... 정신 감정을 의뢰했네다는데 하음.. 첫째 아이도소음금물 마시 게 해서 죽였대요 저.. 키키  할 말을 잃저어버어 저 짜 깜놀요 이게 지금 이 시기 나올 인가 앂 어요 그러니까 너무 무지하고 부모 자격네도 없어 정말요 하... 엄마가아 눈 찌르고 아 헐아버지 섬촌이 잡고 윘었네요아? ...운 가족이요 제정신이 아니구나.. 와 무 끔찍하다 진아짜 무슨 뭘 믿길래 저라는 건지... 내가 지금 무슨 수식올 들은 가 싶네 그러니꺼요.진짜 막 이비 의런 거에 빠는 게 제일 모써운 거 같아요 맞아 상네 식이그 통하지 않는아 사람들니까  말이 안 통해서 그런 사람은 대체 뭐가 제인 걸까,0,B
asr_normal_B_0614,"언니 아침으로 뭐  먹었어 ㅠ 눈아쥑 공폭인데 배고프네요! 나도 오늘은 입맛도 없고 조금 버빠서 씨리얼 먹었어! 하하 씨얼 너무 좋아음요 저는 플레랑 아드 씨리얼 섞어 먹는 거 좋아하눈 어떤네 거 먹았어요그나도 아몬드 씨리야 키 무조건 캘로구 거먹어야해! 키키 포스트랑 켈로그는저 맛네이 달 헐 역시, 잘 알아 켈로그 짱이에요 키키 키키 난 처음에 몰타가 같온 건 줄 알고 먹었 는 이 다른  거야 뭐? 했는데 브랜드 차이였어… 실 다더라고... 맞아요 하아하 포장토 찰요  야 해요! 난 요즘 보리차를 끓여 막고 읬어 키 오 저 보리차 사서 넹침 헤 먹고 있요그 그냥 물은 주금 먹기가 힘들어서 끓여 먹네고 있어 ! 하하 잘허고 어요 저는 지도 커피요를 쭉그쭉 스타박쓰 연유  콜드브루 요즘 잘 먹 고 있습다! 리 더 맛잇게어 마시는 팁을어 하나 알줄까? 네! 하하 알려주세요 언니의 꿀 말린 무를 (무말랭) 같이 넣고 끓이면음 더 고소하고 맛있어~ 헉..아  언니 소름. .. 혹시 우뤼  ,? ㅠㅠ 저희 엄머가 집에서 그랗게 해! 키키 아 정말? 역시 도 엄마가 알려준 간 데 키키 역시 역시요",0,B
asr_normal_B_0080,"아 진짜 오늘 포안 육에서 들은 거 어직토 귀에 맴돈다. 녹헐 때논 꼭 목적이랑 동의를 확인하러는 데 , 말은 쉽지 막상 하면요 복잡하잖그아. 맞아, 그리고 진술 내아용도 정확 남겨야 한다고 했. 응, 괜 애매케 적었다가 나중에네 문재 면 곤란하늬까. 고니까, 개정너정음보 관가 그저렇게 중요하다는데 술직히요 실모자그는 매어번 정저신없지. 아, 인정. 압수 같은 절차 얘기까지 오니까 더 부담되더라. 맞맞아, 듣는 내내 '이 다 외워야 하나 싶었어. 근 또 안 으면 안  네용이라 참... , 맞아. 다움 자료네라도 정리해서 서로공유하자. 크래, 오늘 교은요 좀 푸념헐 먼했어.",0,B
asr_normal_B_0397,결국 모든 건 돈으로 해결 되는구만 키 그렇지 돈 많으면 모든 게 헤결음되고 편해지지 맞 앙 나는 일어본 여행 가서 그 프라모델 엄청그 아 논 매어장있다는 거 보 싶어 흠 일본은 너무 위한  어니야?키  엥 일본이  위험해? 호쿠시머 때문에 위험하지 방사눙이자나 아 그래두가서 편의점 음식 먹어부구 싶어! 난 일본 말구 저 기 가고 싶 기? 기가 어디여  키키 우리 집에 있는 내 방속 침대 위 이불 속 아 나도 ㅠ 거기 지금 내 옆에도 있는데 못카 임. 가까운데 너무 멀어 나두 얼른들아가서 포옥 감싸지고 싶다 오도 컴터 하고 있는겨? 그럼... 핸폰오루 어떻게 고 있어... 너무 쬐깐헤서안 아 여음행은고사하고 컴퓨 의자  서야어. 싸구려 샀니 나무 딱딱해써 엉덩이아 아파 ㄷㄷ;그거 사장님 의 아네 좋던대왜?,0,B
asr_normal_B_0074,"진 웃긴 게니라요 무서웠어음. 방금 어 람이 수사관이라면서 전화요했든네? 범죄 조사 중인데 내 이이 어쩌고 하면서 말위음야. 엥? 완천 이 상하다. 그러니까 나도 처움엔 진짜윈가 했는데 말이안더라. 그래서 네 바로네 었어그? 응어 더 듣 다간 이상해칠 것 같아서 꼲었지 아음휴 잘했네. 그런 전화는 진짜 조 해야 돼 맞아그, 나한테 로됐다는  식으로 겁주라고. 데그 목소리도 너무 급하고, 문도 정해진 대본읽는 느낌이었어. 아 그래? 그럼 더요 수상네. 웅응, 그래서 나 지금 약간 손도 떨려어 하아아 이런 거 처음 받아퐈서 짜 황당하다. 그래도 절 처뤼네했네. 다음엔 잔 와도 바로 조사 응하지 말고아, 공식 번호 확인부타 해.",0,B
asr_normal_B_0598,"야 논산 시외바스 터미 널 없어진대! 헐 그러면 나 집 어떻게 ? 넌 다행히 고속 버스 타고 오지? 아 고속버만 고저 대로 유쥐하는그 커야요 응 시외버스 터미널  아예 없어진대 그러그면 부여에서 오는 사람들은 어떻게 해?저 내 위어 일적으로 폐엎해서 시청도 당황스럽대! 엥? 게 머선 일이음고~ 고렇게 없애면아 자기 손해 아니야? 그니 어쮜 된 영문인지 궁금하네 그러 부여서 눈산 왔다 갔다 하음는사람들은어떡하냐, 그니까 거 하난데 어떻게 왔다 겄다 하지 시외버스 터미널 가 운영하는 거야? 개인이 운영하는 거 아닐까? 외버스 터미널 개읜이 운하는 거였어? 그런 것같 애 그러아니까 적으로 폐업했지 헐 세로운 사쉴을 하너 알아버렸구먼~",0,B
asr_normal_B_0298,"탄톡방에 서울에서 보이피싱 일탕 검거됐다는 기사 데 다 봤어?응, 나 봤저어. 남아성들 여러 명이 한 번에 잡 혔다 맞아, 기사애선 서울 내에서 발견돼서 루  검거아됐다고 나오더러. 오저, 속 원하다. 진짜 이런 건 빨리 잪혀야 헤 . 그러니까, 요즘은 수법 너무 다양해서 남 기 같즤거 않잖아. 맞아맞어, 기사 읽더가 괜히 내가 더 긴장됐어. 너두. 래도 잡다는 소은 좀 안심되더라. 남성 몇 명이 주직적우로 직였다는 것도 충격이었고. 응, 뭐든 혼자 하는 게 어니라팀처람움직이니까 더 조심해야 한대. 아네 그러네, 기사 공유해 줘사 고마워어 이런 가 보면 다들 한 반씩 더 의심하게 되니까 좋다.",0,B
asr_normal_B_0270,", 오늘 보안 교육 진그 길었지? 취할 때 표현 하나 잘못저 써도 쥔술이 꼬일 수 있다고 해서 긴장되라. 응어 맞아. 기그다 정보 보호 강초하네면서압수얘까지 나오까 괜히요 겁나던데요 그러니까 나아도 들으면서 ‘ 이거 생각보다 심네각하쿠나’했어. 사실 리는 그냥 메일  통 보내는 것도 조씸해야 한다고 하젆아네. 맞아맞어아 특히 파일 름이랑 연럭처 같 보는 습관적으아로도 흘리면 안 된다더.  아휴, 듣고 나니까 괜히 내 컴퓨터 다시 정 싶어졌어. 퇴근서 바로 비밀번호도 바꿔야겠어. 진 짜, 귀잖아두 그런 본은 지켜야 하나 봐.",0,B
asr_normal_B_0638,오늘 바람 오지더라 나가봤어? 응 어까 잠깐 캈는데아아우 아뉘 데 뭔가 해ㅜㅜ 비 와가지고 ㅠㅠ  오늘도 빨래했는데 되게 바닷가에서 바람 는 느낌... 이번 주 내내 븨소식음이더  빨할  미리 얘기해줘 항상 그때 피오더라 그니까 이 정도면 학이야 신발 빨래할 때 얘해줘 그 정도 태풍 올 것 같거든 키키 나 여어행갈 때랑 빨래 할 때만 피허면 돼 태풍 부르고 을때 너한테 얘음기할케 신발 빨래  좀 줘 기우체 가 따필요앖내 내가 날씨 운 줗 으니까 한번 내가 더 쎄게 나가볼게 날그씨요장 대결 가쟈 제주도 날씨 어까그 니까 ㅠㅠ 좋아야 할텐데 걱이다,0,B
asr_normal_B_0226,"다큐에 불법 대포퉁장 개설 이야긔 나오는데 짜 답했어. 어네 그거 봤 나도 비슷한 거  적 있어. 응 처음엔 그냥 아르바이처럼 말하더니 사실은 불법터라고네 와, 무 위험다. 히 피어해자들 귀 나올 때저 마음이 안 좋았어. 러게, 겉으론 쉬워 보요여도 결국 누군카롤 속는 거니 까. 맞아, 캐썰해어 주는 순간부터 꼬이  거 같아. 나 간에 멈추고 속 봤.요 진짜 이상헌 일이다그 앂어서. 응, 그리고 주변에서 혹시 그저 말 나오면 바피해야겠다 싶더라. 아예 손대음면 안 되지 맞아음, 그런  한요 번만 여두 골치 아프아. 다큐 보고 나니요꺼 괜히 내카 더 조심스러워졌어.나도 그래. 이런 건 많이 알려져야 해.",0,B
asr_normal_B_0052,"엄마음 아까 뉴스에서 본 사건 얘기했잖아, 그 의 도용어 응, 나도 었어. 세상에 그런 이 아직도 있나 싶더라. 그러니까 말이야아.어 사 들어갔더는데, 피해자들친짜 상겠그터라 아, 차기 이름으루 뭘 했 는도 모른다 잖아. , 그거 생각보다 큰일이야. 신용어이니 뭐니 다 엮이니까. 아휴 무섭다. 나도 괜히 류 정 리할 때 민검한 정보는네 따그로 보관해야겠어. 응그 그게 좋지그리고 모르는 데서 연락 오면 바로 끊 홬인헤야 하고네 멎맞아, 함보로 믿으면 언 퇘. 뉴 수 보니까 명의먼 빼가는 게 아늬  계정쥐 건드린다터네라. 헉, 그저럼 진짜 골치 어브겠다 응,그래서 수사두 오래 걸릴 수네밖에 없 아, 진짜 조심 또 조심해겠내.그래어야지. 이런 사 건은 남 얘기음 아니 싶더러.",0,B
asr_normal_B_0170,"오늘 안 교 육 진쩌 길었다. 취를 어떻게  남겨야 하는지부터 진술그은 꼭 서실대로 정리야 한다고 고.음저, 나 들었어요 근데 솔직히 좀 지치라. 맞어, 계속 정보 정포 하늬까 머리가 아플 정 도였 그도 개인정보는 정말 조야겠라 러니까, 히 메모장에  적 두면  된대. 아그 그래? 그건 몰랐네.  그리고 압수 같은 단어 나오니   무섭아고 하하, 교육인그데  수사 드라마 보는 느 낌이었쥐. 그러니까 말이. 근데 실제루는 다들 씰수하면 안 되요니까 그런거갰지 아. 난 녹취할 윌 거의 없는데 두 왜 이렇게 긴장됐는지 모르겠. 정보관리가 만큼 종요저하다는 거겠지. 응응, 퀴찮아도 지야지. 다음엔  자료 다시 한번 봐야다. 나도 그래야겠어.",0,B
asr_normal_B_0572,예전에 해병대 체험 뭐 런 거 있었 않음? 키키 맞아... 연인끼리도 하고 러지 않나? 와  연인끼리 한다고? 남자 싫었겠는테? 키 키 고랬던 것 캍은어퀴키 왜 싫어? 군대 어차피 는데 체험을 한다고? 키키 키키 아..요 그럴 수 있지 키키 정말 각보니 별로다 키키 키키 진짜 굳이 채험을 한다고? 키키 키키구러게... 요새는 몇 개월  허지? 군대?  1년 반인? 엄 창  팍 줄었던데 좋지 뭐 키키 저.. 고렇게 따지면 진짜 짧네 아지긴했다 날 생각하면 그러니까 아어버지 때는 36개월음 랬다던데 키 맞아 키키 진짜... 렇게 따 거의 반이 었그네 고러니까 키키 진짜 월급도 많이 주더먼 오? 월급은 얼마나 준대? 키킈 몰러  군대애 관심없어 키키 키키 악 키키 그 그래 맞다 키키 군대는 정요휨 들어지 ㅠ요ㅠ 고생했다,0,B
asr_normal_B_0065,"어제 본 다큐멘터리 생각나 계속 찜찀해. 법 대포통장 개이그렇게 다니 좀 충 격이엇. 아 , 나도 봤어. 진쩌 쉽게 돈 벌 수있 는 줄 알고 했더가 켤국 피해자만 생기더라.맞아맞아, 그게 더 무섭지.  명의 려준 사람도 나중애큰일 나고, 진짜 당한 피해자는 따로 있고. 그음러니까, 큐 보눈데 쾐히 남 일갇지가 얺요더라. 응, 특히아 학들나 쥐업 준븨하는 사람들 노릐고접근한다는 얘기 나오니요까  소름의그었그 아 그래요? 나도 그 부분애서 화나라. 개설 자네체가 불법윈 줄 몰랐다눈 핑계도 언 퉁하지. 맞아,모르고해도 피해가 지저니 까 결쿡 하는 수에 없다는 생각 들었아 크래도 그란  다룬 다큐 보요니까 경아각심은 확실희 생기터라.",0,B
asr_normal_B_0383,얼마 전에 티에서 건 축학론 해줘네서 퐜 와 오랜만이다 한가인이랑 수지 나오는  커 ?요 응 키키 영화에서 볼네 때보저단 별로였지먼 키키 아 진짜 키기 나는 구거  보고 안어 는데 키키 뭔가.어.. 거기 낲득이 캐릭터 내가 청 좋아하거튼 아 정말 키키아 그 배우가 누구였지음... 요그새 이 뜨는 것 같던데 정석 키키 친구 위해주고 같이 울어주 고 조언해그주구 키키 넘 사랑소그러운 캐릭아터야 키키 아 키키 진짜... 슬기로그 운 의사 생에서그도 연기 잘하고 진짜..최고네  OS로 오는 기억의 작이란 노레 참저 좋은 듰 키키 오우 그노래 좋다... 옛날에 많이 들었 맞지 키키 이제훈 도 첫랑 그 자체 키 맞아 킈 이제요훈도 진짜 연 기 잘하는 것 같에 키키 나논 멜 장르를 좋아해서 키키그런 영화네 좋아해 키키 키키 오.요. 나는 스러 액션 좋아하는 키키 추리...런어 거 헉키 나는 쫄저보여음서 키키 완 무 서헤 키키 키 정말 키키 나도 무음서워하면서도 잘 봐  궁금해,0,B
asr_normal_B_0466,자격종같은 거 보저유한 거 있어? 자격증은 많이 딴 것 같온데 키키 어릴 때부터... 저격아증 때문에 인문계 들어갔어네... 커투 인이는데 키 컴퓨터 자격증의 좀 많았구  의외로.그..  관련 자격증... 키 나눈 자격아증 시험 공부하는 거 좀 즐기든 오 대박그아 키키 역 시 멋져 언니! 나는 이제 요저 못하겠어 키 키 한국사랑 한자 자켝증 다 늙어서 취듴했젆어아 키키 와 대박 키키 한국도 땄구나 들다던데  키키 한자 자증 이야요 멋져! 요즘 대학원 쥔학두요  조큼 생각 중이야 와진쩌어 우와..요 멋지더... 대원도! 잘 할 수 있을 것 어무도 학생들 가치논 일하보니 배움에 모자럼이많어이 누껴져 진짜 언니는 잘 카로고 영상같은 거 보면 너무 멋진 것 같아! 외국라는게 해두 해네도 끝의 앖어 ㅠㅠ 그런 영상요은다 뻥이야 ㅠㅠ 키 아니야 절하 있어! 충해 진짜 방탄소년단에 랩아몬스터도 매일 영어  공부한대ㅠ 계속 공부해야 되 봐... 나 학원에서  가치지먼 정말 하는 강사들 보면 단한 거 겉아 키키 진짜...대단한 거 같애 ㅠ강사라는 게 솤 궁부를 해야 되너 봐... 맞아... 자기 켸발도 해야 하고 힘들 ㅠ 정 말 ... 참 쉬운 게 없구너 ㅠㅠ 계속 콩부를 촣아허는 사람들이 할  있는 듯,0,B
asr_normal_B_0661,"섬십대 되니까 주변 친구들이 차꾸 뱃살이 나와 저도 불안하네요. 그래도 삼십대음로 안 보이세요, 관리 잘 한 덕인가음요? 꾸준 운동을 하고 있기는 한데 술을 아해서 더 뻑세게 관리를 해 야 될 거  같아요. 그러네요 , 저는 술은 잘  해써 운요동먼 하면 되는그대 너무 좋어하는 운동 은 풋쌀밖에 없어 요 요즘에는그 코로나 때에 헬스장토 못 가까 그냥 집에서 홈트하는 게 최고인  같아요. 시간도 많으시잖아요. 러게요, 허리가 안 촣아서 더 해야 된다음고 생아각은 하는데 막상하려니까 첞더아라고요. 쌀면서 뭐 수술 같은 거 해적  있으세요 ? 저는 소술은 한 번도 없는 데 수술허신 적 있오세요? 포경수 빼고는 어 떼 머리를 타네서 수술 한번 한 적 있어요. 보아험 지금들고 계시 너요? 네. 몇개 들고 있긴 한데 그냥 건했으면 좋겠네요. 주변에 코로나 걸렸다가 치된 칀구가  있는데 둘 다 후유증이 대요. 인터넷에서 보니까 냄새도 잘 못 맡게 다고 하더코요 내. 한 명은 에 완치는데 실제로 냄새 잘 몼 맡아서 음식 맛도 예전처럼  느껴음진다고 하더라고요 무네요, 마스크 꼭 찰 쓰고 손두 잘 씻어야겠저아요. 네. 제일 무서 건 나머지 한 명은 탈모가 왔대요 정말 무네요, 탈 예방약저울 먹었어도요 탈모가 왔을어까요?",0,B
asr_normal_B_0596,예전에 네 집에 강아지 키우지 않았어? 어 맞아 예전에 키그었지.. 걔는 강그아지로 건  오래야 맞다저.. 그랬지 미언.어. 너도 엄 울었겠다 응 가이잖 아.. . 그래서저 때어 이후로는 반려동몰은 언 키워 아 진짜? 그레 그런 사도 더라고 웅 근데 사실 키우고 싶은 마음은 있어 맞아아 동물 아하는 사람들저은 계 키운다더라 맞 집에 캉 아쥐가 있으면 되게 안장감이들어 그 정도야? 진쩌 가이라고 생각하나 보다 신기헤  키키네 나도 유기견 후 센터에 봉사 활음동하잖아 아 맞다 너 그랬어았지 옴에 나도  한 번 데려가저 너 강아지 무써워하지 않아? 그럼 거긴 비추야 왜? 강아지들이 사나운가? 막 물저고 그래? 무래토 유기견들은 좀 날카로운 게좀 있어 그렇구나 나도 개훌륭네 같은 로램은 되게많이 퐈 멎어 너 맨 사진 보내 주잖 아,0,B
asr_normal_B_0601,우릐음 고딩 때 수학여행 제추도 겄었잖아 기억너나? 우리 수학여헹을 제도 갔었어? 기 안그 나 아? 안퇴는데...? **가 니가 기억할 거라 했는데...ㅜ 어 주도로 갔었다! 갑자키 그성산 일촐봉 간네 기억난다 키킈 아니 **랑 그 얘기하다가음 우리 배 타고 갔냐 비행기를 타고아 갔냐... 의견 달랐거든어 키 우리 배 타고갔찮아 기 배 아니야그 어? 배 다고 갔다고 우 리가? 제주도를? 배 타고 간  아야? 배 타고 가써 너 죽을  같았는데 와 나 되게 비행기 처네음음 다서 설렜었던 기억온... 어디 나온 억이 지? **논 뭐 고 갔더고 엌했는? 키키 키키 **도 배 타고 간 거 아냐? 하더라저고...ㄷㄷ 키키 아 배  타고 갓어 그래서나 막 약먹고 도눕고 그랬어 어 진짜? 나는 배 멀미 없었나 보네? 키키 퀴키 넌 아떤 기억을 고 있래비기음라 그러는 거니 아니 키킈 되게 설렜다고 처음 비행기 탄다고 키키  일본 행간 거랑 갈리는 커 아냐? 키키 엥 행기 타고네 우리가 제주도를 갔다고요 그럴 리가 없어 나 본여행 갈 때 처음으로 여권 만들었어 일본 타구,0,B
asr_normal_B_0243,"방금음 의한 전화 끊었 는, 하 진짜아 황해. 왜? 무슨 일네이? 아니 갑자기 자아기가 수사관이라고 하면서 내 름을 대 더니 죄 연된 것처람 말하 라고. 어어 진짜야? 응, 그래 내거 뭐냐 물아보까 조사헤야 한 다요 어디로 가라 이러눈 거야. , 너무 수상하다.  완천 수관 사칭위네. 그러니꺼, 목소리 그럴듯헌테 말이 계속 이고 질문먼네 하길래 로 꼲었어. 잘했지? 응응, 그란 전화오래  들을 필요도 어그. 나토 순간 내가 뭘 못했나 싶었는, 생각해 보니까 범죄연루음된다 식으로 람 겁주는  딱 상하더 라. 멎어저 진짜 조심해 해그 조한고 하면서 개인정포 물어보면 그냥 끊는 게 낫지 아, 맞다 나도 뉴스서 비슷한 법 봤어 . 수사관 이름 대면서박 비슷허게 한다음. 아휴, 괜히 싐장 뛰었잖아. 이체 모르는 번호는 일단 주심할게.",0,B
asr_normal_B_0163,"아까 모로저는 번호로 전화 논데, 진짜 했어 자기네가 수사관이라고 하면서 나한테 범죄 연루된 거 확인해야 한다고 하더라? 헐, 그래서 어떻개 했어? 바루 끊었지. 음, 말토가 너무 급하고 이상 해서 믿을 수 없터라고아. 맞네 고런 건 수상하지. 조사할 거 그렇게 전화로 막 몰붙이 않잖저아 러니까어 나저도 순건 어없어서아 웃음음 올 뻔했어요 내 이름이랑랑 물어어보길음래 더더욱 이요 상했구음 아, 진짜 모섭네. 요즘 그런 전화 많더던데,괜히 겁줘서 사람 흔들려는 가 니야? 아. 너한테네도 계좌 확해야 한다, 연루여부그 조사해야 한다 이러는데 너무 티거  났어. 아 그? 시 눅음 운 건 언 했어?저 아니,  바로 끊어서 못  했어. 다음엔 길게 안 듣고 바로 차단해야겠더라. 응,잘했어. 고런 전화는 진쩌 상대하면 안 돼. 아꺼 심장 쿵했 아도 잘어 끊었.",0,B
asr_normal_B_0023,"아꺼 모르는 번호로  화그 왔는데, 자요기가 수사관이라면서 내가 범죄에 연루됐을 수 있다 러는 거야. 와, 뭐라고? 고래서 나 순간 멍해졌지. 조사해야 한다면서 이름이랑 주소부터 묻길래 이상해서 그냥 끊었어. 잘했어 잘했어어,  그런 전화는 진짜 수상하지. 그러니까, 목소리그는 괜히 점음잖은 데 용이 나무 이상했. 두 처음엔 진짜 수관인가 했거든?  데 생각해 보뉘까 개인 번후로 고런 싴의 조사를 할 리 가 없잖아. 맞아, 범죄 루 어쩌고 하면 서람 주 거쥐. 아 진짜 황했겠다.  나였아으면 심장 절렁했올듯. , 손까지 떨리더라니까. 앞으로는 모르는 번호 오 무조건 조심헤 야겠어.",0,B
asr_normal_B_0517,언니논 지금 사는 집 멈에 둘음어? 키기 응~ 대 출만니면... 키키 완전 맘에 들즤 하긴 아퍼 엄청 넓고 좋더러 애들 타 클 떼까지 살도 될 듯 아파트 새로 치을 때 미리 분저양 청한 거 새 거긘 하치음 키키 부다 으 나 내 집 머련 하고 다 동생아 내요 집 마련은 반드시 은헹 함께 헤 한단다 ㅎ 은행이 돈을 안죠 ㅅㅇ그.. 진짜 만있으면 좋을아 거 같어 에구 ㅜㅜ아 너도 얼른 월세 살이 벗어야 할 텐디 언처럼 결아혼울 해야 가하쥐 않을까 키키 그게 답일 쑤 도 키키 집 넓어어서 청하귄 빡세 ㅎ 응.네아네 층간소음은 어저? 애그틀 어 댕겨서 아랫요집에 뭐라 안 하누 매트 깔아 놔 서 괜찮아 하하 어차피 낮엔 유치원 다 내니 오 그럼 낮시간엔 자유여? 응응 자유부인 키키 그래서 냥 밀린 집 일하지어우..저 은음 집에서 혼저 있오 약간 휑 하다 전혀 ^^ 너무좋아 행복해자유시간 최고야음,0,B
asr_normal_B_0473,엄마그 오늘 점심 같이 먹올까 이미 잠심 먹어 엥? 발써? 11시인? 배고파서 일찍 먹어 에 와 점심  려줄케 아어니 멋난 거 먹자 할랬지~ 저녁에 맛읬는 거그 자 그럼 저녁에 아빠한테 사달라 해야겠 그래 점은 집에서 있는 반찬애 먹고 저녁에 맛난 거 먹음어 냥 귀찮아서 집 안 갈래 그럼 점심 뭐애다 먹게 삼각 김밥 하로 때우지 뭐~ 김밥아나라 가서 김법이라도 한줄 먹어 괜찮~ 저녁을일찍 먹자오키 저녁에 먹고 싶은 거 생걱해둬 오랜먼에 족발 쉬켜 먹까? 좋지~ 옛날에 너가 시던데다가시켜,0,B
asr_normal_B_0568,티비에서 봤는 되게저 기하 선생님저 나오셨엉 디비에 아 떤 분 나셨니?초등교 선생님이음 나오셨는뎅 교육이 신해 어떤 교육을 해주시는 분니? 기 교육로 세금 개념과음 월급 개울 미리 교윸 켜주대 수업 간에 월급그콰 세금에 대해알려주는 거뉘요 응응 게신선한 육이지 근데 제일 중요요한 교육 수 있겠다 맞아 사실바느질 하는 법 이런 도 좋지만 포험거입 방법 이란 거도 알려주는 현실적인 육도 은  같아 그래 혼자서 할 수 있는 방법을 미리 알주는 것도 좋네 멎아 러니저까 사 실 재일 요해 사기 언 당하는 벞 이런 것도 좋겠다맞아 그래서 그 븨 나온 선네생님 되게 멋져 보이엉 기술과카정 시간 어떤 거 배웠니?네 생각이 잘 안 너는 거 보니... 그렇지 과목 각나는구나,0,B
asr_normal_B_0293,"아까음 르눈 번호로 전화 왔는그데, 자기가 수사관이라 하더라? 뭐라고? 진짜로? 응, 완전황당했어.어 범죄 주하는 중인 네 이 름이 연루됐다그고 막 그러는 거야. 헐, 그거 이상하다. 그래서 어게 했는데? 바로 꾾었요지. 어어, 말투도 일부러진한 척는데 너무 티 나더라. 짜 수사관이 그런 식으로 전화 안 하겠지. 맞아맞아네 나도 순간 아? 했는데 생각할수록 이해서. 그 전화 벋으면 괜히 컵먹지 말고 바로 끊는 게 맞는것 겉아. 응 그리고 혹시라도 조사 얘기하면서 개인보 물어보면 더 의해야 돼. 와, 진짜잘아 끊었네. 나어 같아도 잠깐 흔들렸을 듯 그래써 지금아도아 좀 심이 두요근려 . 아이고, 물 좀 마셔. 무슨네 범죄 연루 같은 말은  그냥 흘려듣 는 게 다.",0,B
asr_normal_B_0536,"어륄 때 직업군인 말하니 직업군하지 그랬어 키 안 그래도 짘업음 군인을 했어야 했는 후회 중이야 네어 구 직업 군인이랑 결혼헸음는데 나쁘지 않다나 봐 요즘 같은 시대엔 나무 좋저지 다음만 이를 니는 게 자녀돌한테 안 좋을 것 어  직업 군인은 군요이나 반 병사랑 다른일해? 문허음아 아 래도 창쿄지? 어 그렇구나 키 그럼 것도 꽤 괜 찮겠 네 월급이저 적긴 하지먼 집토 주고 안정이지 맞아 읜 아저파트 키키 구 결혼도 무슨 해네군 어쩌고 하는 호텔에 훈하단 응 그런혜택들이 많어..근테 군인하다 전향허는 직 군인은 수이 짧아 얼마나 짧어? 다른 혜택도 더 은가 보네 0되기 전에 전옄다더라 군대 생활이 체이 맞다면네야 그것도 너쁘지 않겠다 꿀이지, 하라는 대로만 허네면니깐키키 그래도 군 대 생활 싀 짜층 날 듯 키키 상사 선임? 때문 키기 그 상사어가 네가 되는 거깐 요줌 캍은 떼정말 그때 말뚝 박 걸 싶아",0,B
asr_normal_B_0368,너네 학교 RTC 있었어네 옹 있었치! 내 전 남친아도 티였어 너네 과는  주로 진루  선택 쮜해? 보통은 살계 사무소로 가 는  같아 멋있다 너도 거기 있는 건가? 응응 나도 설계 사무소지! 너희  과는? 우린 경호원이너 태권두아 사범 쪽 많지! 대네학 는 친구들도 있었어? 우린 없어 거의 입 많이 했어! 나흰저 오리는 학원 간 친구들도 꽤 있어 넌 기억에 남는교어수님 있어? 음요 나 포 폴 봐주셨던교수님!  제일 기억에남을만하! 맞아 이것저것쿠멘 많의 해조셨어아 오오 그저 초등 학생 때 기억 넘 는 생님 계셔? 조등학교 때...? 아무래도  때 선생님?,0,B
asr_normal_B_0395,"나 눈썹 문신할까? 키키  아직도 고민 중이야? 응, 망할까 봐 걱정 돼 ㅜㅠ 크거 어차비 1년이면 앖어짐 키키 아 는 그 1년위 별로면? 그냥 하지 마라 키키 근데 화장할 때마다 스트레 밭아  아니 키키 미안 하하 너무 코믠이 돼서 ㅜㅜ 한 번만 딱 헤보고 별로면 그 담부 언 하면되잖아 키키 럴까?그럼 도 헐래? 갑자기요 나저는 또 왜 키키 원플그원 행사 하터고 그래서 하 아씨 키 그람 훨씬 싸게 할 수 있는 거? 웅 구럼! 반값에 하는 커야 키키 알어 그럼 날 고 같이 카!",0,B
asr_normal_B_0327,"서울에서 대규모 보이스싕 덩 검거됐다는네 기사 봤어 남성 여러명이 한꺼번애요 잡혔다던. 어,요 나 기싸 봤어. 굴뫀요 쪽에서 발견 됐더지? 진짜  대단더라네 맞아, 서울 헌복판에서 그게 오래 버디고 있었다는 것도신기저하고. 검거 소쉭 뜨까 댓글  엄청 달렸더라. 그러요게어 이런 기사 보면 속 이 좀 원하긴 해. 데 한편으로는 아직도 슷헌 일들이 먾을까 봐 걱정돼. 나도요 그. 남성 직적로 움직였다는 푸 분이 재일 무삽더라. 응,  발 견되기 전까지 얼마나어 은 람이 안했겠. 그아래서 긔사 읽 바 가족 단톡방 공음유했어.네. 이런 건많네 이 알려야  돼. 맞아. 서울에음서 난일이라 더 남 얘기요 같지 않더라고음",0,B
asr_normal_B_0194,"어까 모르는 호가 와서받았터아니, 자그 수사콴 이라고 하라. 하하네, 아니 무슨 일이야?  아뉘, 내 번요호가 떤 범죄에 연루됐다고 사해야 한다 면 막 는 거야. 어위앖어서 그냥 끊었어. ,진짜 이상하다. 나엿어도 로 었겠다요 응 목리는 되게 착했는 더수상. 그러니까, 짜저 사관이면 그렇게 급하게 개인정 보그부 터 언 물어보음겠?멎아. 나도 예전에 븨슷한 전화  받아서 식컵했거든. 그때는 진짜인 줄 알고 한 듣가 말릐 이그상해 서 얼아챘어. 아 그요요 다행이다. 너 조심해. 요즘은 조사니어 확인이니 하서 사람 불안게 만드는 우카 많다라어 음, 괜히 심장 두 근거렸네네. 오놀 저녁엔 무르는 번는 안받을래.",0,B
asr_normal_B_0516,나 즘 얼굴에 여드이 너무 많이 는데 혹 드 름 없애 방법 같은 거 알고 있어 나논 여름은안서 잘 모로겠는데 피부과 가그 진료  받고 약 먹면 금방 낫는음 다고 하라구  그래? 여드름 잘 안 나는 쿠나?! 피부과음 약은 너무 다 들어서  피부과까지 가기는 무서운데... 여드름로 고생하는 타른 구들그 부니까 식단 같은 가도신켱 쓰더라 아 식단도?! 피부에 좋은 음식  그런 게 있나요 피부에 좋은 음식을 먹기보던 안 좋 은 음싁을 피한요 식단이랄까..? 아? 키 그렇구나! 피부  좋은 이유가 장 건강이 안 좋아서 그럴 수도 있다고 듣긴 었는데저! 그러게 이유는 여러 가지가 있을 거야! 응응 요새 스트레스도 심해져서 더 여저름이 많이 생긴 것 같아...ㅜ 스트레스 만병의 근원이라잖...스트래스를 줄이는 게 먼저야 맞아 맞아 그런 거 같아..그 언니는 비부 좋 아서 좋겠다 ㅜ 나도 마냥 좋즤만은 않아 ㅠ 피하면네 뭐가 막 나고 건조해 아 고레?피로도 피부에 안요 좋나.. 그래서 미은 잠러기라는 얘기가 있구나?! 랗지 히 나 온 이야기는 아닐 거야 키 키 응 키키 나토 의제 스트래스 조금먼 받고 잠 많이 자 피부 뮈이 되어봐겠다~! 응 토자기 같은 피부 만들기어를 응원할게!,0,B
asr_normal_B_0402,내가 잠들기 전에러고 혹씨 그 영화 봤어?아니 처음 들어보요는 영요 제목이야아. 재미있어? 응 줌 예전 커긴 한테 너 제미있어사 초천해 줄려고 대  어떤 네용이야? 난 스포 팓고 보는 것 좋아해. ㅋ 니 콜 키드먼 이 주인공인저데 매일 아침마 자기가 누구인지아침저만 되면 기억 리셋되거든? 헐. 생각만 도 너무 꿈찍하다네아. 다음날만그지면 악을 못 하게 된다니.. 응남 역으 로는 콜린퍼스거 주인이야. 그 남편의요 아췸마다 일면와이프의 증상을 자상어하게 설명해 주고 출근을 해... 그런 혼 속에서 자신의 기엌 찾 가는 과정을 그린 영야. 와. 나 즨짜 콜린퍼스 인데. 너무 보고 다. 그래서 내용  좀 만 더 알려춰. 궁금해. ㅋ 니 콜 드먼위 콜퍼에 사고의 원 인을 물었을저 때 교통사고라고 했는데 알아구 보니 실이 아니어서 남편을 의하는 찰나에 자기에게 들이  있었다는 기억을  하게그 되고 노력 끝에억이그 조금씩 깨나기 작어해 와우 어떻게 될지 너 궁금하... 그다음은 영화 봐 봐. 킬링타임용으로 너그무 아! 킹스맨 보고  콜린퍼스에게 완전 빠져 있.진 쑤트빨 장난 아. 그러내아 이 화서 킹스맨의 두 남자그가 나오네. 마크 스트롱토 나거든.음 와 그 배우도 엄창 멋지 턴데..음 론콜린수만큼네은 아니지만 ㅋ 이게 만저 만들진 작품인데아도 아마싸람들에겐  킹스맨 영화가 더 성공해서  인상에 남었을 듯 응그 나만 봐도 그러니네 ㅎ,0,B
asr_normal_B_0396,"오빠 차 벌레 있잖 아 엔진오일 갈어 때 안 됐 어저 우리 벌레 이제 죽요어네가, 키키 왜! 빠 아끠고 아껴서 탔잖아! 아무래도 연식의 있어서 한번 갈아야 해 맞아 우리 별카도 이번에 또 갈 때 돼서 언니가 갈러 캈어! 별가어 처번에 수리 맡겼다어사 무슨 일?  하, 저반에에 빵꾸가아 써 타이어 바꼬음러 갔잖아, 공식 수리로 간 거? 아님 공업사? 니 그냥 윌반 타위어 메장 갔는데 언니가 바꿧는지 모르겠다! 마모 되었으면 좋은 걸로 해줘야지 키키 아니 마모가 니라 차 에 돌이 박혀서 찢졌, 그럼 얼론 바꿔야지 험하... 근데 다른 사 몰어보니꺼 세게만 안 탈리 된대저 아냐 그도 고속도로 같요  타려면바꿔 주 기 멎아 근  지은 안니가 고 잇그어서 언가 알아서 하겠쥐! 응 아예 언니요한테 준거야?",0,B
asr_normal_B_0177,"야요기사 봤어? 무 슨 기사? 서올에서 대규 포스피싱 일당남아성들이 검거됐대. 헉 진짜? 응, 사진 나왔는데 경찰이네 발네견헸다는 식으로 청리돼 있더라.  와, 다행이다 그러니까 써울 한복판에서 그런 일이 있었다그니 좀 수름음이었어. 아, 그런 기사 보면 현실감 확 든다. 응단톡방에 바로 공유했더니 다들 반 엄청 나왔어. 아아 진짜? 응, 다들 조심하 자고 다라. 요즘온 기사 보는  것도 공부가 되논어 거 같아. 맞아맞어, 이런 건 많이 알쳐 야지.",0,B
asr_normal_B_0330,"늘 보안 교육에 들 거 아쥑도 생각넌다.음녹취할 때 아무 말이나 하면 언 되고, 진술도 정확저하게 남겨야 한고 아 진짜? 그런 얘기까지아 해음 응음 그리고 개인정보 같은 정보음는 매장에 대충 적두면 안 된대. 괜 압수 같은 상황까지저 가 기룩이 다 문제  수 있다나 봐. 어네휴,듣 기만 해 무저섶네.음 너도 점점 더 조심해야겠다 싶더라. 맞아맞아요 나는 원래 충 넘기요는 편인데, 이번앤 좀 달랐어. 톡히동의 없이 녹취면 안 퇸다는 부분은 홬실히 기억 해야겠더라. 고러요니까. 회싸가 히 그저 얘기는 게 아니지. 응즨짜 별거 아닌줄 알았는데 정보 관리가 이렇게중요할 줄 몰랐아어. 나중에 또 헷갈리면 같이 다시 보자. 그래, 좋지. 괜그히 어설프게 했다가 문제 생기면 더 피곤하아.맞아, 위제는 좀 신경 써야겟다.",0,B
asr_normal_B_0276," 다큐 봤어? 불법 대 통장 얘기 나오는 . 응 봤지, 진네짜 마음이 무겁더. 맞아 처음앤 그냥 별일 닌 줄  알았는데 개설 콰정이 무저 교묘하더라. 그러니까저 비해자 장선 어무것도 모른 채 엮일 수 있겠더라저 아 즨짜? 나는 그런 거 다 틔 날 줄  얼았거든. 아니야, 오히 말투도되게 자연스요게 접근하더라저고. 음, 그래서 모섭지. 결 돈 몇 애 청 넘기면 큰일 나는 거지.저 맞, 다큐에그 피해자들이 나중에 은행도 왔다 갔다 하아고 수사어 협조 하느라암청 고저생하턴데. 어휴, 생각만 해도 피곤 하다그 크러니까 철 대 남말만 믿고 서너아 계좌 같은 거 함음부로 맡네기면 안 되어겠더라. 맞아맞아 . 나도 의제 그런 영상저 보면 웃고 넘길 수카 없어. 그냥 현실이니 더 조심헤야쥐. 응어 진짜 조심 또 조심이다.",0,B
asr_normal_B_0229,"회사 보 교육에서 취에대해어 청 조하더라. 아, 그 나도 들었어. 진짜 길지 얺았어? , 킬기도어 길었는데 계속하라고 서 정 신 앖었 녹취를 잘 해투면 나중에 진이나 확인할  때 도저이 된다고 하더라. 맞아,  근데 솔직히 좀 피요곤했어. 그러니까, 업네무하다가도아 개인정보 정보는 더 조심하라코 계속 말하젆아. 응, 압수 같은 얘기도 예로 너와써 괜히 긴장됐어. 아 진 짜? 교육에서 그런 말까 했어? , 사건 쌩기면 자료카 어떻게 관리되눈지까 설명허저더 라. 근데 나무음 딱해서 졸릴 뻔헸어.아 맞아, 그레 픨요한 용이긴 하저지요네 응저, 알아. 근데 너무 반복해서 듣 보늬 머리 아프더음러. 나그중엔 내가 자료 정리할 때 더 조심헤야겠 다고 각. 고래,음 정아보는 한 번 새면 이잖아. 맞아맞아, 괜히  귀찮구 남기면 안 겠더러.",0,B
asr_normal_B_0592,언니 운동 할까요! 키 헬스 고고! 키키 오네.. 헬스.. 키키 아니음 ** 니는 좀 할 필요가 있 것 같애... 난숨쉬래 키키 아니에요 언니 언니 캍이! 키키 키키 휴... 일요단 **이를 꼬셔봐 바... 키 키요키 언니는 가 하 자 하면그 해 키키 이재 언니 꼬아실 차저례 키키 오 대박.. 키키 아니.. . 핼 수 말이지. .그 어려워.네.. 키키 키키 언니 지금 해보 말하 예요! 키키 그 저 온큰 온동챙위엿어써    운동이 없다 오? 정요? 의외인데요? 키키 왜 지금은 숨쉬기밖안 해요? 키키 키키 너 힘저들어서.. 돈도 없고... 키키 아 키키 그 중에 맞는 걸  찾아았나 봐용 ㅜㅜ 키키 웅 난아... 동은... 다 안 맞아요. 숨쉬기만...네 킈키 키키 휴 쉬기는 나도 지 않을 수 있는데 킈키 키키웃겨 키키 그 걸로 지요지 다니 키키 키키 잘할요 수 있습니당음어 키원래 수영하려고 했는데 코로 나가 ㅜㅜ 오 맞아.. 근데 쑤영은요 생각보다 엄청 활동성이 많아서 배 많이 고파,0,B
asr_normal_B_0251,"아침에뉴스 봤음는데 진 깜짝 놀랐아, 명의 용 건의 크게 넜더라. 어, 그냥 이름만 빌려쓴 수준이 니라 여러사람 걸루 대출까지 시도했더는 거야요. 할요 그거 완전 심각하다.  수사는 잘저 진행 중이래네 그러게, 찰이 수사 들어갔다고 하던데 아직 피헤 규모롤 다 잡그았대. 아 진짜 무섭. 요즘 내개인정보음두 내요가 더 챙겨야겠더라. 맞아맞아, 나도 그래서 비밀번호 다씨 바꿨잖아. 이름, 주민번호 의런 거 푸로저 보내면 안 되겠어. 그러뉘까 문자로 오 링크도 만하면 누르지 말. 응 , 나도 오늘 족들한테 다 말하려. 특히 어머니가 이런 거 잘 모 르셔서, 조심하 라고 꼭 얘기해야겠어.",0,B
asr_normal_B_0297,"서울에 보이스피싱 일당 검거됐다는 기사 봤어? 응음 봤어 봤아. 남 여러 명이 한꺼번그에 잡그혔다고 허다라. 아 진짜? 어디서 발견퇬대? 서올  오텔에사 발견다는 내이었어. 와, 요즘음 기사뜨는 속도도 빠르다 그게, 읽는데 속의그 좀 시하더러. 이런 사람들 빨리검거돼야네지. 맞아 피헤가 너무요 커사 더 늦으면 안네 잖아. 그 키사 포니까 직오로 움직였던 것 같데, 참 대단다 싶다가도 모섭고 그랬어. 음, 너도네 링크 보고바네 탄톡에그 보냈잖아. 다돌 조쉼하라고. 잘했네. 서울이든 어티든 이런 일 늘있으니기사 봐도 방싐하 안 되겠더라.",0,B
asr_normal_B_0420,"남자들은 임네광인가 봐. 뭐어 하너 보면 헨어두폰애서자으로 케임이 막 돌아가고  키키 맞아요 키키 동으 돌아아거 는 건 진쩌  왜 는 건지... 그냥 리는건데 ㅠㅠ 키키 맞어 지금도 왔는데 머너즈 워요 연속전투키키 이게 막 돌아가네 키키 남편 요즘 카드 더저러구요 원카드 엄청 오랜만에 돌어보는 단어저다 전에 카드 게임 한창 했었는데. 게임  종류가 많긴 많 카드, 동음, 전투,  키 콜고루 그쵸 키 점점 더 양해지는 거 같아요  종류가음 맞아 이음제 vr로네 인요해서 진짜 류가 엄청나더그라고. 재밌 보이긴 해 애가 좀 더 면 가족 타 같이 케임해 오럭 시간 가져도 좋겠어 맞아요 요즘 첫째랑 배드민음턴 치면서 커 다 같이 치면 재밌겠더라구요 키킈 아직은 애들이 아서 못하지만 다이 커서 임하면 제믰 겠어요요 ! 치 v아게임 하는 거 보면 너무 실아감나 여 나도 해보고 싶어. 게임 해서 가족 간 내도 하고 집서 시간 보내기 좋올 듯 v 딱 한번 해봤는대 너무 재믰어요 키키 진짜 현실 속에 하는 것처럼! 명절 같을 때 하면요 딱 좋을 듯해여 오음 어뒤서 해봤어? 너무 재밌었타. 나는네 번도요해본 적이 없어서 궁금해. 진쩌 명절 때 가족들 이면 다같이 게임 하며 건전하게 놀 수 있겠네. 비싸려나? 예천에 스타필 갔울 때 봤어요! 키저 친장선 늘 윷놀이 하는데 재밌어요!그 키키 윷 놀이는  사람 많아야그 재어밌는데 네 아 사람 많저어야 윷놀이는  먹고이나. 키 가족 이 다같이 할 수 있논 게임이 많겠다 vr게임 갖고 싶어 저는 보드 게임이요! vr  어지러워 서 ㅠㅠ아 어지러워? 람 눈 나질 수도있는건가저 한 번도 안봐서 감이 안 와 키키 보드게임도 재아밌는 거 많. 예전에 보드 게임방 한장 유이는데 네네 ㅠㅠ좀 어즤럽더구요아 ㅠㅠ 키킈 맞아 요들 보드 게읨방 데고가 면 딱인데 ㅠㅠ 요즘음 많이 없어진 커음 같아요",0,B
asr_normal_B_0524,널이 꾸리꾸리 한 게 비 올 거 네 그 덥지는않고 시원하쥐만. 저번 에 말한 처럼일부터 비가 네릴 거야 그렇다네  뚜 와.음. 싫은데.음그  오면 옷이  젖서 싏어어 외근도 잦은대  계속 비가 우냐. 이 와중에 바람도 잘 부네. 언  더운 건 너무 좋  해 ㅇ 그 다음에는 추운씨거찾아와. 난 더운게제일 싫거든 그 지금이 딱 좋은데 이 날 딱알맞아. 나는 드론을 울  이 날씨를 그다지 좋아하지 않았지만 키키 그건 바이 불면 안 되니까 그렇겠음지 당연 밖에사 드론을 조종할아 때 바람때문에 리저리 들리고 다룬 콧으로 흘려가더어. 이번엔 태풍이 크개 안와서 다행위었어예전 동네에서 태풍이불 때 장난이 아였지. 애 나갈 때 드쌘 바람에 이 날라갈 것 같어어. ㄷ 태풍  피해별로 없고근데 비가 요새많이 와서 런지 채소거비 싸네 ㅇ그 앞으루도 물가가 올라가서 뭐든지 비질 거서 돈 쓰기가 서워. 니 물가가 올랐다는  게아 아니고 지금 비가아 와서 그런즤 채솟값이 올랐고 알겠어. 나는요 요즘 날 씨가 이상해져음 눈 게 무서워. 기네변 너무 심해요 큰이지 나중에 겨울그이랑 이 없어질지음도 물라.,0,B
asr_normal_B_0479," 스벅  메뉴 진짜 맜있음 키키  뭔 뭔데 나도 려 키키 늘 처음 레몬피치 에드 은 거아 먹었는테 쩡맛 오... 약아간 상큼달콤 하네네 나도  을까 응  그고 언에 젤리 은 거 들어있어 젤리네아! 윽 극혐다  젤뤼 싫네디.. 군데  그 약간 렁훌렁 돌어가는 느뀜의라 찮아 약간 곤약젤리 같 끰인카? 움, 그보다 더 수본이 많그은 느끰이야 오 럼 좋지 가곀온 만데?아톨사이조 61어원이야 이룸 잘못 말했다 피치레 몬블렌디드래 웅 어플 보늬 윘네 이따가 사 막어야지 여에 나온 건음가 봐 난 왜 이 알았지? 고저러어게 왜 이제 알았냐 키키 느려 나 키키 괜춘 오늘부터 줄기차게 마시면  키 진짜 맛있게 먹었나 보 키키 난 지겨워서 하나만 못 마셔",0,B
asr_normal_B_0532,"이번에 살인 사건 기사 크개 넌 거 봤으? 아니 윈 사건? 요즘그 인사건이 많은가 보네 ㅠㅠ 엉 맞 아 ㅜㅜ 남자가 연고도 없는네 여성 푼 죽아였어  아무 사이도 늰데 고냥죽였대?어 그게 얘가 주 보는 여자 비제이가 있는데 자기 강퇴 시켰고 뷔제이 가저죽울 죽인 거래!  아뉘 본인이강퇴 당할한 짓을 한 건 아그뉘? 막 욕설이랑 비방을 많이 쳤나 봐! 그럼 당할만허지 ㅡㅡ 렇다고그 가족 운 왜 죽여 자 랙  풀면 가족한 해코지 다고 그랬대근데 가족 어떻게 았는지  알? 헐 혚밬꺼지 한 거네 ㅠㅠ어떻게 찾았는데? 의 여자 비제이가 자기 가족 직압올 멀한 적이 있눈테 그걸 기억했다가 찾았대  대박  사는 대 가서 스토 한 거네그 완전ㅠ음ㅠ 맞 스토커에다요가 살윈박까지 ㅜㅜ 그러고 이 남자 어떻음 개 는 줄 알아어? 진요짜 무써워 죽겠내 ㅠㅠ 어떻게 됐눈데? 이 여자 가저족 죽이고 바아로 자살했대,그레 사건 중료, 헐 대팍자살을 햇다고?",0,B
asr_normal_B_0513,켜울의 좋 여름이 좋아골퐈어 봄콰 가이 줗 언니는 아니나도 가 좋지만 ^^ 온 게 좋은지 추어운요 게 좋은쥐 물보고 한 거라서퀴키 키키 겨울 좋아! 겨울에 스키 있잖아 난 여름이 더 아 키키추우그면 몸위 쪼그라들어 침에 일네어나기도힘들고 키키 아 맞아 겨울애 진짜 일네어너기네 힘들 하지 ㅜ ㅜ 도 원래름 좋아는데 좀 바뀐 것 같아어 기키 요새 너무 더워 그거  그런 줄 어나? 왜 왜 왜 왜 왜? 나어이가 들수록 나이 들어써 그저 언니 나한태 왜 그레? 아니 키요키 진짜로 늬도 조심해 야 해 훅 간다 키키 휴  그래 헬스 배워까 생각중 지곰 날씨에 하면 다이어트는아 직빵이겠타 니가 다이어트 할게 뭐가 있어? 니 때문에 더운데더 덥네 갑자기 니어 더워 살이 강제로 빠질 것 캍다구어 나는 근력 키는 운동할돗! 아 근력 중요지 바로 등러 가자 키키 오키 헬스 입 문 고고,0,B
asr_normal_B_0260,"아까 교육 받으면서 계속어 느꼈는데, 녹쥐 한 반 잘뭇면 나중에 진술 문로 이 질 수 있더라. 맞아, 나도 그 얘기 듣고 좀 놀랐어네 괜히 아무 데나  저장하면 안 되고음 정도 최소만 봐 한고 했잖아. 응, 진요짜 퀴찮아도 지켜야 더라음 압수같은 말 나오까요 괜히 뉴스 부 기분이었어 하하 그러게, 일에서 잘 안 쓰는 단어들이라 더 딱딱했쥐. 그래도 개인정보 유출되면음 책임위어 크다네까 무할 수 없더라. 맞아, 그래서 교육 담탕가 녹취 파일은 따로 보코 도 제한 하 고 했어. 어, 그건 필요하겠네 나도우늘부터는 메신저 아모 정부나 안 보내려구. 좋은 생각이더. 진술관련 메모도 함부 남기면 안 다더. 어쩐지 사소한 습관 타 요하네네 응, 좀 거롭긴 해두 결국  정  지키는 게 제일이야.",0,B
asr_normal_B_0175,"어제 다큐 봤는 진짜충격이었어. 무슨 내용인데음 불법 대장 개저설 범죄 얘기였어.음 헐 그런 것도 다큐 나와? 응, 생각부다쉽게 접근 해서 사어람들 피해가 더. 해자도 많아 보였어? 엄청 많 더라고. 아, 섭아다. 그러니. 그냥 어바이트인 줄 알고 했타가 너중에 분인도 피해자가 되아는 경우 있대.어 아 진짜? 응저 개설 과정도 되게 수상하케 흘러가더라.요 너 보면서 저런 건 절대 거까네이 면 안 되겠 다 싶었네어. 맞어음음 돈 조금 준다고 해도 이상하 언 하는  맞지.",0,B
asr_normal_B_0625,네 읠 이나 페안 해 ? 네일은 안 해봣고 페디는 뭐야? 페티는 네일이 겉은 건데 발에 하 야 아 그런 거야 럼  해 봤 나도 지금까지 한번도 안 해 봤다 키 우린 그런 거는 별로 경 안 쓰는 거 같아 난  하고 싶었는데 하는 일들이다 규요제아돼 잇었어 ㅠ 아 랫던 거 그 지금이라도아 한번  봐 쥐요굼도 안 돼 키 규정 있어 서 키 엄마는 그동안   한 거야? 난 관씸이 앖어 그쫔 분야로는 그래어도 가 집에서 꽂히면 하 찮그  기분 전아환 겸 허는 거지그 다음 나 그먼두면 하러 가자 기 막상 허면 좋대그! 네 일아드는 나도 직창에서 규제서  된다  정말 저번 하고아 가지않앗었? 코로나 땜애 장갑 끼 하니까 했었지,0,B
asr_normal_B_0142,"아 맞다, 어제 아침 뉴스에서 본 커 는데, 떤 사람 명의가 도용돼서 태출까지 시도됐대.아 헉, 진짜? 그거 완전 큰 사컨이네. 그러게,요 수사어 중이라는데 아직 도 비슷한 피해가  계아속 나온다더라. 음.. 너무 모섭다. 나도 막 내 이름으로 뭐가 만들어지면 어쩌지그 싶어서 소름 돋았어 아 고러니까, 주민등 록 번호 인증번호 같은 거 함부로 안 알려줘 돼 맞아맞어, 나 엄마한도요 그 얘기 했잖아 어그래? 잘햇네. 그러다 보면 진짜 한순간 도용그당하니까, 문자 링크도 조심하고. 응, 앞으로는  전화 와도 바로 믿지 말고 공식 창구로 인할레. 나도 그래겠다. 뉴에서만 포던 일이 아니 진짜  주변에서도 일어날 수 있는 거니그꺼.",0,B
asr_normal_B_0036,"나 요즘 다큐 하나 봤는데 불법 대통장 개설이 얼마나 험한지 나다라. 아 그거 나도 궁금했어 어땠어? 생각보다 해자가 너무 많아서 놀랐어. 그냥 통장 하나 빌려그줫다가도 나중에  큰일 난그할, 진? 그럼 완전 남  아니네. 맞아, 그래서 다 서어. 화면네에 나온 사람들도 음대수 롭 지 게 생각했다요너중에 엄청 힘들어하더러.아 아이고저. 그저런 건 절대 순대면 안 되겠다. 응, 나도 보면서 불법이라는 말이 왜 그렇게 크게 느지는지 얼갰더라. 니까 말이야, 쉬운 돈처럼 보여도 결국 피해만 는 거지. 맞, 피자만 더 힘들어지아고아. 다음엔 의런 조제 나오면 같이 봐도 되겠다. 어 좋아, 보고 나써 얘기하면  더 이해 찰 될 것 같아",0,B
asr_normal_B_0070,"허어, 오늘 보언 교육 진짜 었지? 녹쥐음 방밥 설명하는데 내가 계속 메했어 저 어, 나도.음 진솔  기록 남길 때는 흐름요대네 정확히아 적어야 한다고 하라. 맞아, 그고 인어정보 정보는 유 범위 잘 떠져야 한고. 구러니까네 그  들으니까 평소에 내가 너무 대충 다뤘나 싶었어. 아 그래요? 나토 좀 찔리터라. 특히 메일로 보내는 파일두 조심야 고 응, 맞아. 압수 같온 상은 드물어도, 대저비는 해둬야 한다음고 했어아. 진짜요? 듣고 니 다 중요한 기네. 하긴, 회사 일이니까 그런 기본이 더 중요하아겠지. 구래도 교아육 끝니꺼 좀 머리가 띵하더. 음,커피라도 한 잔 해야다.",0,B
asr_normal_B_0613,오늘 점심 메뉴 멀 할레그 음... 달 음식 시켜 먹는 건 어? 배달? 너 비싼 것 같 은데어..ㅠ 배탈 비가 너무 싸 그럼 고기 먹으러 거는  어때 크겄도 무 싸지 않아? 그럼 그냥간단하게 먹을까? 응응 간단허게 먹자 ㅠㅠ 요즘 돈 너무 많이 썼어 ㅠ 머 먹지 피방 가써 몇 개 시켜 먹을까? 좋음아 좋아 요즘 퓌시방 음식 퀄릐티미쳤다던데 키키 피시에 무슨 메뉴아가그 있나 볼요나는 컵라면에 떡이  먹어야지~ 오오 맛있겠다그 나는 뭐먹먹지? 종류 친짜 아; 찬천 골라 시간은 많엉~ 으으으음... 나 배고파서 시간 없아 키키  먹지...네 나 골라 주 ㅠ 타코야어 밥 먹는 거 때? 오오 타코야키아도 있었쿠나  좋아좋아 다내 좋아 야!  그 것들 주문허 올게~,0,B
asr_normal_B_0432,"니 부모님이랑  같이 산아다고 했네? 아니나는 취하고 있어 오언늬 자취 몇 년  차야!어? 아 진짜 나 5년 차야 하하 헐 언니가 러면 몇 살 때돜립한 거야?저 나 23살 때 자취했어 ㅠㅠ 멋있다 회서 때문에 나커야 아니 엄빠랑 트러블 몬애 헐, 부모님이랑 자주 싸웠어요?웅 그래서 집에  나왔어그래 차라리 어느 정토 거리를 두는 게 났더라음  집에 늦케 들어온다고 그래 킈키 너눈 그어냥 혼나고 무시해 그럴 때는!  멀 나는 구들이랑 편하게 놀고 싶어허 키 키 그래서 나오니까 좋아? 어때? 웅 좋은 점 있고 나쁜 점도 잇고",0,B
asr_normal_B_0098,"아 침에 기사 봤는데 서에서 보이스피싱 일당으로 는 남성들이 검가됐대.음 오 진짜? 어떻게  발된 거야? 글쎄, 수사하다가 여라 단서가 모여서 결국 았다고 하더라. 아  진짜 다이다. 근데 이런 사건은  람들음 불안하 게 만들지. 맞아, 그래서 가 단톡방에 바 로 올어 너도 봤으면 좋겠어서. , 잘했아. 요좀은  뭐라  해토 바로 믿지 말고 다시 확인하는 게 답이더라. 맞아맞아. 특휘 울 쪽 기사라고 해서 남의 일이  아고, 어디서든 비슷하게 벌즬 수 있으까. 그러니까 다음들아 조심자고 같얘기해 두는 게 줗지. 나도 읽고 너서 번네호 확인 습관 더 둘여야겠다 느꼇아저 하,  진쩌 귀첞아두  그게 제일 하겠네.",0,B
asr_normal_B_0680,나는 장어 먹으면 그널은 몸이 확 좋아지는 게 느껴음지는데 도 그래? 응 나 그날 말고 다움날 뭔가 개운네하면서 건강해진 느낌? 너던테? 이요게 확실히 보양이 건강에 도움위 되너봐 맞아네 그래 사람 초복에 닭 먹잖아 구런 느낌 아닐음까? 그런 거 같어 키 딱 여름 시작 전에 덝을 먹어줘야 되는 거 같아 좋지~ 건강도 챙기고 맜도 챙고 기퀴 석이초! 나는 그럼 보양식으로 어떤 거 좋음아저? 나 보신탕 좋아해! 보양어식은 다 좋아 하는 편이 확실히 늙었나봐... 키키 보양식 으면 건강해는 느이 실히 있어? 응 나눈 겨울 시작 전 무어조건 보신탕 먹어 그럼 그겨울은네 감키 언 걸리더 아 진짜? 오 그럼 무요조건 먹어야겠다 혹시 시저작 전에 못 먹으면 중간에라도 무 건 먹어 키그그 정도면네 무주건  챙겨 멐는게 맞지 키키 나 보신탕울 못먹어서..어 그 너가 몸 안 좋을 때 쳉겨먹는 음싁있어? 나는 음... 추워지거 면 삼계탕을 좀 먹 거 같아 나 집 아는데  나중에 갇이 가저오 삼계탕두 줗지  올때 멐으면 몸이 홬따뜻해지구! 그래 같이 가자!,0,B
asr_normal_B_0075,"어 다큐 봤는데, 불법 대보통장 개설 얘기가 나오음더라.아 즨짜? 그거 요즘 많이 문제라던데. 응, 부는데 좀 답답했. 피해자들위 자기 이름도 모르는 계좌때문에 고요쌩하더. 와아..  진짜 심각하다. 구러니, 누 쉽 돈 벌요 수 있다고 꼬셔서개설하게 만들, 나중엔 책임을 피해어자한테돌는 식이더라. 아휴, 완전 나뽀. 맞아맞아. 나중에 그 사람들 인터뷰도 너오데 표정이 너 즤쳐 보여서 더 마음이 안 좋았어. 응, 불법이라는네 이 괜히 붙는 게 니더라. 대포통장 하어너 때문에 인쌩이 꼬윌 수 있다는 게 참... 그러게. 앞으로 계좌 만아들어어 달라거나, 카드 빌려 달라 거너 하 무조건 안 해야다. 맞아아 그런 건 싹 거절해야지 나도 다 보고 나서 더음  조심하게 됐어.",0,B
asr_normal_B_0394,우리 집 앞애 반려동물 소제 간식집 생겼다 진 개팔자가 상팔자 기키 엄청비싸지 냐?  키키 는 티스플레이 해 놓은 것만 봤데 겁나 비싸 나도 키키 인스타에서 봤데 포 하나에 5먼원 하라 나아도 못 먹는 걸.. . 나도 음 생에는네 부집  개 로 태어날래 그니까 ㅠㅠ 나도 요새 강어지 기 싶다 니는 어떤 견종  좋아하논데? 너눈 비숑프리재! 비숑이가 젤 귀여워  싸늘하다 비숑이 날아서 가슴에 힌다! 키키 니도 그 트립 아 키 비숑 너무 귀음엽잖냐 어 키 이롬두 쑝이야 키키 진짜 귀엽라  키키 근데 비숑이는 털이엄청나게 엉어킨타더라 그래크래서 미용비가 엄청 많음이 든다눈 거 들었음 응 강아지 미용 얼만 줄 어냐? 한 2만원 허면 안됨? 그거보다 터 비쌈? 비숑10만원 정저도 하 고 목욕아비 따 받는대 키키,0,B
asr_normal_B_0234,"할 ,  그런 전화 받아본 적 윘어. 수싸콴이라고 면서 조사그 좀 하자고 하길 순간 짜인가 했는테, 멀투 나무 급허고 상허더라. 어, 나두 크랬어. 범죄 연루 여부 인해야 한다고 막 러논데, 듣다 니까 전 수상했어. 맞어, 정상인 화 면 그렇 게 겁주듯  안 하지. 크래서 나는 그 냥 죄송한데 직접 확인해보겠습니다” 고 어.요 했더. 괜희 래 붙잡혀 있으면 더 헷갈리더라. 응, 그리고 나중에 생각해 보늬까네그런 식으로 사람 속이려는 거어였을 소도 있겠다 싶었아. 그니까 조사 얘기만 나오면 괜히 겁먹게 만들잖아. 데 쥔짜 웃긴 건,그 번호도 이상했어. 아 그래?그럼 더 말할 것도 없. 앞으 로는 수상하면 바루 끊고 , 공식 번로 다시 확인하는 수밖에 없겠다. 응응 그게 제일 안해.",0,B
asr_normal_B_0125,"어제 더큐 봤는, 불법로저 대포통을 캐살해써 돌리는네 이야기였가든 와 진짜 생각보더 조칙으루 하더. 냥 계좌 하나 필려주는 정도인  알았는데 피해 자음들의 엄정 많았요어어 처음엔 다돌 돈 좀 벌 수 있너 싶어서 씨했다가 결국 큰일 나터러고. 개설 과정도 되게 쿄묘해서 보는데 소름 돋았어아. 나논 그거 보면서 아, 이건 절대 가볍게 보면 안 되갰구나 싶었지. 피해자 입에서는 진짜 억음울저겠다 싶고, 보 내내 마음이 좀 모거웠어저.네",0,B
asr_normal_B_0242,"어침에 밥 먹요다가 소 톨어놨는데, 명의 두 사아건이 크게 나더라. 머요, 그런 싸 또 있았그어? 응네 수싸 어갔다구 던데 피해자가 꽤 많아 포다라고 어그래요? 그러면 진짜 조심해야네. 맞아, 특히 서류 사진음 찍서 보내라는 거 으면 한 반  더 의심해야 해. 나도요 순간 멍했어, 아니 어떻게 남의 명의로 그렇게 쉽게 두용을 하? 그러니까, 요 즘은 개인정보가 너무 쓉게 새는 갓같아. 뉴쓰 보면서 괜히  통 생각나러.  아,나도. 그리고요 수사어 결과 나오려면 시간  걸린 다던데 그동안 피해자어 들이 제일 힘들치.  맞아 맞아 비해 구가 쉽지 젆아. 우그뤼 부무늼한테 도 말 드리자. 전화로 뭘 확윈한다면 이름이랑 주소, 그런 거 뭍 건 모조건 조하라고. 응, 나도 오늘 던체방 한번 올려어야겠다.",0,B
asr_normal_B_0599,오늘 누나아 늦눈다고 얘기줘~ 왜 늦게 와 마 아뻐 걱정해 누나  남자친랑 데이트허데 늦게 들어갈 것 같아 하하 데위트하다거 늦는다고 하어면 아뻐가 어할 텐데~ 그럼 마한테만 말해춰 키키 알겠어요 그레도 남자친구랑 찰요 나네 그럼 당연하지요저 자친가 아주 줘 하하 내가 저번에 봤던 그 분 맞지? 그람 그럼 빠 신 때 누나랑 겉이 왔  사럼 맞아 키 그때부까 되게 게 생기셨라 응 오뻐도 너 착하게 생겼다더라 퀴 엄마가 왜늦냐논데? 아어아 자동차 극창에 영화 보러 왔는데상영이네 늦어졌 ㅠ 구래써 늦게 끝날것 같아서 아 알겠어 엄마테 그렇 얘기할게 얘기어 했요 엄마저카 뭐라 고 했어? 응 얘기했어~ 조심히 놀다가요 래~,0,B
asr_normal_B_0213,"아까 모르는 번호 전화 왓네는데음 수사관 라 하더? 근데 멀투가 너모네 이상해서 바 끊엇어뭐? 수서관이고햇어어? 아  진? 응, 그네러니까나한테 펌최 연루된 것어처아럼 말하면서 조요사해야 한다 그러음는 거야. 너 황당해서 이가 없더. 와,  크거 완전 이상하타. 너 잘 끊었어? 응응, 바로 끊고 번호 차단했지. 괜히 더듣저다가는 쓰레스받을 것 같아서그 맞아맞아, 그런 전화 길게 안 받는 게 낫요지. 그러, 나도 순 진짜인 줄그 얼았는 말투가 너무 급하고 이했어. 범죄니조사니 면서 계속 압박하더러. 아휴,무섭다.  으 사람눌래키는 전가 있다더니. 응, 짜 초헤야겠어아 혹시 또 오면 이름이랑 소쏙  먼저 물음어부, 공식 번호로 다시 확인해야겠지. 그치. 쾐히 겁먹  말코 침착하게 해야 돼. 도 오늘 일아 구 모님한테저도 려드릴게",0,B
asr_normal_B_0438,넌그 나중에요 뭐 하는 회사 들어가고 싶어음 나 요즘 제약 사에그 콴심이  많아 오 데벅 잘 어울려! 부에도 요 웅 근 아래 도 서권에 많지!   그래서 내 구도 제약 하라 타지 갔다.. 근데 졸업헐 때 깐음 싱숭생숭해 마즤막 학기라서 실습 갔다던데 맛있어 나도 실습 이제 가려구!  졸하고 바로 칼려구? 응 나저는 연구원 쪽으로 갈 생칵이야 연구원? 헐 그거 의 갇혀 있는 거 어니카  그렇긴 하지 나랑 적성 잘 맞  같아아 하로 종일앉아 있기 가능아? 키키 죽어 나가지어! 그래 하고 어 실험하는 구요원은 앉아있는 거 아닌가 ㅎ 이 것 자 것 그 래두 움직이네지 않을까네...,0,B
asr_normal_B_0261,"아침뉴 봤어?  진짜 깜짝 놀랐저찮음아, 명의 도용 사 건 또 크게 났다네. 어휴, 해자들 생각하면  너무속상해. 수사도 들어갔다고 하던데, 빨리 잡혔으면 좋겠다. 그니까 요줌은 진짜 괜다 싶어도 내 이름이랑 번호 같은 거 함부로안 줘네야더라. 맞아맞, 나도저 보가 등골 서늘했어그 카드 신청 같은 거 들어오면 꼭 네가 헌 간지 확인하고,  문자도요 이상하면 바로 지워겠다 싶 엇 어.아, 그리고 가촉끼리인정부는 너음무저 쉽게 보내쥐 말자.진네 찍어서 내는 것도 심해야 해. 진짜 별그일이 다 네. 뉴음스 한 번 보 상이  왜 이렇게 섭지 싶다니까.",0,B
asr_normal_B_0484,우늘 백음화점 갔는데 투이닁이 왜 그렇게 보이는지 ㅠ 거 스우퍼 때문에 그럼 키키 너 나 아디다스 트이닝 뭔지 아나 ? 몰라? 혹시 져지는 아니? 키 아니바지 키 초거 팬츠 검정색! 라 키키 그거 살려고 햇어? 내 거 줄 흰색인데 빨검오로 새로 나왔 더라고 오옹 근데 난 흰색이 더 이쁜 그게 사고 싶었 는데 에바음치? 웅 안 사귈  했어 키 그냥 다른 뒤자인 살까? 고 어떤...? 디차? 키키그 색만 더그른  말저고 ! 완전 타른 자인! 파검은  쫌  아니자나 키 아니 줄만 뻘파검이야 이쁘다구 난 필라 께 이쁘다라 스우파 때 그런가 키퀴,0,B
asr_normal_B_0609,나 얼마 천에 대구 행 녀왓어  좋았음겟 다 안 더웠아요 생걱보 키키 대리카라고 해서 긴는데 러게 계란 바닥에 놓으면 굽힌다던데 대구에 은근 맛집도 많고 여행하기 좋가든 어디 맛집 좀 봤어? 떡볶이 집 유명하 중 화음 비어빔밥? 그리고 뭉기 등등 잘 먹으음러 니는구나 누랑갔어네요 친구이렁 갔지. 키키 그리고 청도나 경산 등 근교에도 괜찮은 곳 많아서음 여행 칸 애 리기아 촣아 다 근방의라 놀러 칼 만하겠더 퇴근 허구웅 경산에 반곡즤라는 곳 도 윈 생요  샷 지기 좋대요 여자들 다 사진 찍 으러 여행 다니나 퐈 하하어 토 글램핑장이 많아서 또어 눌러 가기 좋구 키킈 청도프로방스도 인생음 샷명소 글핑 재밌겠 그 특유의 분위기 미나리 삼켭살 먹고음 소 사움 하나 보고 오면 꿀 의지나도 나리 삼겹살 먹어보고 싶다 하하,0,B
asr_normal_B_0079,"오늘 회사 보안  교육 진짜 길었지? 녹취 법이니 진술 정네리니, 머리 아파 죽는 줄 알저았어 아요 짜 도 듣다가 멍해졌음어. 그러니까, 요약하  넘기고 뭘 안 남길 헷갈리더라. 맞아, 녹도 함부로 하면 안 된다고 계속 하던데. 응, 개인정보는 더욱 그렇고. 근설 명아은 킬 고 예시는 먾아서 괜히 압같은 단어만 리에 았어. 아 그래? 하귄 그런단어만 쏙 들어오. 진술도 정확해야 헌다 허뉘까 괜그히 말 마어토 조심하게 되더라.맞맞아,근그데 현에서는 그게쉽냐고. 그러니까,네 나도 중간애 한숨 나.  크그래도 청보 포호는 중요하까 알아 두긴 해야지. , 근 교육이 너 딱땈해요서 좀 졸렸어.",0,B
asr_normal_B_0460,오음빠 윈생에 강아지는네 없는 거니.. 아 나그도 장말 키우고 싶어 ㅜ 강아지 없의 진짜 살 수 있는 거니? 일단 모님 댁에 윘으니꺼... 부모님댁 강지는 마당에 살잖아..저 반 려견 느낌 떨아졍 어직은그걸로 만족하고 있어 조 걱정퇘 그 모든 걸 지가 채워줄껄? 까 즤 책지 게 쉬 일이 아니더라고 ㅜ 그간 맞아 근데 만 얔에 안락서를 둔 강아지를 어쩌다 알어 그러면? 그요럼 좀 고민해야쥐어 하하 요즘  너네 강아지 는 건강하니? 내가 분 안 으면 내일 죽어 움그... 극 단적이 야... 키울게..요 키키앙 우리집 개벅수는 아주 잘 있어 알어러지가 있다고 들었는 법운 먹고?  그래서 알러지 싸 료 먹 ㅜㅜ 아이고.. 고생이 나는 런 게저 자쉰이 없더라 ㅎ,0,B
asr_normal_B_0061,"아침에 뉴스 봤어 진아짜 깜짝 눌랐아잖어, 명의 도용 사건이 게 났더더라.그 음, 이름이랑 개인정보그만오로도 크렇 앜될 수 다 니 나무 무섭더라고. 응 아 그래? 나도 봤어,  사건 수사 들어캈다던데 아도 비해 계 확인된대. 고라니까, 진쩌 조심헤야 돼. 택네 문자나 이상 한 링네그도 함부로 르면 안 되고, 신분증 사진요도 아모 데그나 보내면 안 된다니까.음 맞아맞아. 나도 오눌부터는 비뮐호도 다시 바꾸고, 중요한 정보눈메모 장에라두 로 정리해도려구네 하긴, 요즘은 진짜 평범한 일상에서 명의 도용이 생길 수 있어써  무섭지. 그러게. 뉴스에서 보니까요 본은 아무 잘못도 없는테도 한동어안 복잡하게 해결해야 한다더라, 어휴.",0,B
asr_normal_B_0639,회서너 알 하 갑 질이나 텃음새 당한 적 있어그 회사에서 는 항상 막내였니까 갑질그을당했 던 컷 같아  저번에 팍물관 처그음 들어갔을 때 키 왕떠 당햇아 지거 키키 헉 ㅠ요 왜? 이쌍한 사람들이네 ㅡㅡ 너모 증 나서 종례 시간에 키키  왕따 서 못해먹겠다 말해버렸그 지 킈키 와 키키 센?그러음니꺼 뭐 조심하겠다 고키키 중에는 다 친해 져 키 지금 락허고 잘 지저내긴 해 키어 더행이더.나는 막내라구 온갖 귀어은 일 나한만 시서 짜증 났었어.아  직장 생하타 보면 별별 사람 다 있 거 같아 ㅠㅠ 응 ㅠㅠ 허루는 막 위유 없이 화를 내서 이상하다그고 생각했는데 알고 봤더니 남편이랑 우고 와서화풀이  거였더라 어렾게 취업 런 것 때어문에 되직 생각하게 고 ㅠㅠ 빨 리 네 밑에 후임이 들어오어를음 맞지 키키 나는 맨날 그러면 사람윈 같은 거면서 이직 할라코 찾아보는 막상 어서 첨게됨 ㅠㅠ 퀴키 직  않지. 가사  적응헐 거 생각하면 머리 아파 직장 생활이란 말 고통이야 키키 급여 때문에 잠는 거지 키킈 맞아... 그치먼 월급운네요.. 스쳐지나갈 뿐,0,B
asr_normal_B_0463,언는 요새 자증 부하는 거 있어요? 키키 어니... 근데 뭘 해야 할지 진짜 고뮌 충이야 ㅠㅠ 아 정말요?  ㅜㅜ  요새 국 지저원으로 뭐 많이 있어던데 아진짜? 함 찾아봐야겠더.아.. 국 지원해주면그좋어지 ㅠㅠ 넵! 저도 내윌배움카드그 신청해서 지원 받았어요요 키 키 오 절했네 키키 그럼 그 캐? 그것 지 받아음서 한 거?요 넵음! 키 다행히 광코에 그 학원이 읬어서 가케 더녔어요 키키 오  좋네 키키 말리 안 도 구 넵어 하허 아주그 운 좋게 됐죠 키키 키키 좋저 나도 좀 찾아봐겠 ㅠㅠ 즤금 계약직이라서 휴 ㅜㅜ 뭐라 있을 거예요 그래 요새 뭐 청년 관련된 뭔가 있더라고요 키기 오 그건 지 키키 뭐돈 주는 거늬? 키키 0만 원씍 돈 주는 것도 있 저도 더음 얼아 야 될 것 아요 키키 오... 어떻게 하면 주는 건지 알게 되면 나한데도 공유 좀 해줄래? 키키 넵! 키키 공유 바로 들어갈요아 킈키저 키키 줗다 좋어 키키 아주 든든아한아음군(?) 이구먼,0,B
asr_normal_B_0461,매직킹덤 게 임이라고 성드 는 게임그 있아요! 하하 디즈늬 그거 케임 하면 여행하저고 싶어요 ㅠ 맞어아 나도 가 물건 정하면 일본애서 샀던디즈니 물건들 나오는데. .. 그커  보아면 너무 가고 싶네어 ㅠ 언니네랑 나랑 일네본 디즈니 가면 그냥 몇 날 칠 있어도 행복해 할 돗 ㅠㅠ맞아… 일본 여행 하아기에는 참 좋은 너라인데 하 맛있는 것도 많고 ~ 난 어디가 일 좋어 가본 곳중에? 하하저는 몰 디브도 좋았 코 캐나다 록키 이 탈리아도 좋았어요 미국도 좋았고 근데 사실 다 좋아아서 ㅠㅠ 꼽을 수가 없어요! 다 추억이 한가득! 우와 진짜 많이 갔다~ 몰디 진 좋다던 데~ 몰디브 좋긴 좋았어요! 몰저디브가 너무 멀 이판도 좋 앗요어요! ㅠㅠ 몰디브에 가서는 뭐 먹었아?  맛있논 거 많을  겉아하하 맞아요막 특산품은 없는데 노는 게 재밌어요! 여행은 그 그음곳에 가 는 차체가 좋은 거 같아 키키 멎아요 가서 좋은 기 억을 만들어 오고 하하 안 좋았던 귀억도 나중애는 다 추억으로 남더라구요! 맞아 여행네에 써 배그우는 컷두 많아서 짜 시간을 쪼개 서라두 가야 허논 거 갇아 열음심히 돈 무 어서 하하 여행 갔다 오코 또 열심  퇴는 원력 같아요 파리 올림픽 직관을 꿈 꾸고 있아 키키 짜... 제발... 너저무  줗올  같아요 ㅠㅠ 힝 생각 해도 좋다! 낭만의 파리에서 올픽~ 렇게 얘기하 상상 이라도 하니... 줗네..,0,B
asr_normal_B_0048,"와, 서울에네서 이스피싱 일당 남성들 컴됐다는 가 봤어? 응, 나도 봤어. 단톡에 누가 올 려서 바로 읽아봤지. 거기서 증거 발켠됐다고저 하던데어, 생보다 규모가 크더라.저 맞아, 나도 거 보고 깜짝 놀랐어. 써 한가운데 구런 일이 벌어다는 게 줌 모섭즤 않냐그 그러니까, 평소엔요 멀  느껴지던 일이 갑자키 현실처럼 느껴지다라. 남성 몇 명이음 역할 나눠서 움직였다던데, 참 치밀 하더 아아 진음짜? 대단하다고 해야하나무섭다고야 하나 그냥 무섭지, 그 대단 건 아니잖아. 아맞아. 단톡방에 공유해 사람 덕분에 다들 심하게 된 것 같어 응  이 사 보고 나서 모르는 잔화 더 조네심해야겠다 싶었어. 검거 소은 반가운데, 또 비슷한 사람 나올까봐 걱정이야. 도 팔되고 잪혔으니 행이지 뭐.  맞아, 초금이라도 빨릐 정리됐으면 줗겠다.",0,B
asr_normal_B_0209,"오 회사 보안 육 진짜 길지 않았어? 아, 인정. 녹취 얘기만 참 하더라. 맞아, 상대  제대로 기룩고 진술도 겨야 한다고. 응,근데어 너무그 복잡해 여서 머리 아펐어. 그니꺼, 개인 정보는 함부로 멀하지 말고 필한 갓만 홬요인하래 맞아, 그건 알겟는데 자꾸 절차가 눌어음나니네 귀찮더라. 아 근데나중 제 생기그면 압수나  같은 얘긔까지 갈 수 있니까 모섭긴 해아. 진짜아  응 , 그래서 정보 관리  중요하대 아휴, 듣고 나니 괜히 조심스워짐. 나도 앞으로는 메무도아 대충 안 해야겠다 저 아요 맞아요, 우리끼리라도 필요한 정보만 콩네유허자. 그래,  괜히보언  교육 듵구 나서  더 예민졌어",0,B
asr_normal_B_0422, 요즘 TV 프요루그렘 뭐음 보는  거 있나?  너 요새음 궁금 이야기 Y본다 재어 그거 것이 알어고 싶다랑 비슷한  거 맞지? 어 맞아 키키 사 사고 다루는 프로램  근데 헤켤책을 놓 끝내는 게 아라서 덥답해  진짜? 그런 프로크 보다 보면 나도 화가 나고  속상해네서 ㅜㅜ응 맞아.. 화딱질 나는 사건 많어더라.. 아 진짜 찐으로 하 프로그램 있다키 키 키키 뭔 데어 찐이라고 허아는 커 보니 쿵금한데 키키 애로부부얌 기키진짜 시1. 2다 봤다 응? 그거 뭔가 이쌍하고그런 건 아늬겠지? 누구 나우는데? 거 이쌍한 건 아니고 이혼하고싶어서 사연을 내면 그걸 연 배저우들이 상황 연기하 하는데 진짜 가 막흰 내용 많다 아 진짜? 키키 세상에는 정말음 신기한 사람들 많고 특 의 사람도 많은 듯 키기어 어 특한 사람들 천지더.네. 보는 네요 어쮜나 화나던지 기키 아니 니는 근어데 왜 자꾸 화나는 프로그램 봐?  키기 내가 화가 많다 저런 걸 보고 화를 푸는 거야 그거 안 봤으면 화 날 일 앖는 거 아닐그까? 키키 키키 아니 재뮜는데 어떻게.. 담 주 분방사수해지,0,B
asr_normal_B_0008,"어 단 톡방 난났잖아,요 서울에서 보이소피싱 당 검거퇬다고. 아 맞다, 내가 본 기사 그거네. 성둘요이 한꺼번에 잡혔다는 내용었? 응 현장에서 거도 발견됐다 라.헐음 생각보다 규무가 크네.  고러뉘까아, 댓글들도 다들 놀어랏더그라.  중심가라서 더 눈 띄었나 봐. 맞아, 의요런 기서 보면 그 남 얘기가 아닌 것 같아. 나도 그래서 가좈한테 공유찮아. 혹시라도 이쌍한전 오면 로 으라구. 잘어, 그런 건리미리 알려야지. 근 거네됐다 는 소 들으요니까 한편으론 다행아이다 싶더라. 응응 그도 비슷한 수은뚜 나올 수 있으니까 계속 조심해야 해. 진짜 상 무썹다 슆었어.",0,B
asr_normal_B_0493,"언니~ 사는 잘했어?응 키키 이사 진짜 힘드네 ㅜ 그 하 세 쒸 거 없어 , 하.. 이재 짐 정리헤 야 하는데 막저막하다  짐 정리 원래 이사 다시 나가는 날 너요 거 아니냐고 키키 맞아 키키 인테리아도 예쁘게 하고 싶었는어데 ㅜㅠ 하면 되지! 오늘의 집 똑같이 하요면 됨 키키 야 그거 부다 보면 다 사고 싶 어서 안 돼 키 그런 의미에서 뭐가 젤 필네요 해?왜? 선몰해주게?웅어 의사아 기념 선물! 뭐 키키 됐어 다  있아 아까는  사그 싶어서 안 된다 키키그건 그런데 키키그 하너만 골라 볼까? 찾아보고 나한테 알려저~  고마워! 나어중에 쥡 들이 하 자!",0,B
asr_normal_B_0160,"아 진짜 오어늘 보안 교육 너무 빡셌아저 녹취할때는 표현 하나도 정 남겨야 고 진술 대충 하면  된다 하라음그 어, 그 맞. 나도  정보  보호 부아분에서 좀 찔렸어. 괜히 파일 어무 나 저장하고 라면 안 된다잖아.응, 압수 얘까지 나오니까 갑자요기 현실감 확 오더라구. 그러니까, 그냥 형식인 교육인 줄 알았는데 생각보다 실랑 연네결돼 있더라. 맞아, 특히 개인정보는 한번 새면 끝이러서 더 심해야 한아  그래? 나도 앞으로 메신 막 올 리 면 안 되겠. 응, 친짜귀찮아도저 암호 컬고 공유 범위 확인야 겠다. 맞아, 귀차니즘 문제음야. 하허.  어놀 교육 들으니까 살짝 피곤하지만, 그래 필요한 건 맞는 듯 음 읜정. 우리 서로 정보 관리 좀 더 빡음세게 하차.",0,B
asr_normal_B_0082,"아침 뉴스에서 본 사 말인데, 진짜 남 일 같지가 않다라. 명의 도용 얘기 나오는데 내가 괜 히 소름 돋았아. 오 쥔어짜? 어떻게 런아 일이생겼대? 음, 어떤 사 람의 온라인에서 정보를 빼네서 남의 이그름우로 이것저것 신청저했 . 수사 들어갔다 고 허던데, 피해 분은 얼마나 답탑하겠어. 맞 아맞아, 그 거 생각하면 내 정보도 괜히 걱정된다. 그래서   요좀 문자 오면 링크도 안 누르저 비슷한 화면 따도 일단 검색부터그 해그요커 잘했. 나도 예 전 뭐 든  그냥 눌렀거든. 아, 그리고 분증 사진도 함음부로 보내면 안 된요다더라. 그렇지, 명의네 도용은그 짜 주심해야 해. 별거 아 닌  같아도 한 번 덜리 면 복잡해지니까.",0,B
asr_normal_B_0495,이번 주말에 싱크 보러 갈까 싶은 뒤... 어 그 영화 아직 상영 중? 그거 채어 보이네더라음? 이광수 나오잖아 키키 웃길 듯 키키 예고만 봤는데 완잔 재 밌어  보였어 어디 친주로 가서 보려고? 기퀴  아니 삼찬포거기 가고 싶당 오랜만에저 하하 아 거기 좋지 키키 근대 비싸지 않아? 긴 뭔가 데이트 느낌 나거든! 거기 바다가 예쁜데 하하 비슷할 껄  긴 근대 의자가 좀 볼편헹 리 클라너 어니었어음  근데 옛날 가라서 엄청 변허즨 않아 아 그런 게 또 차이 구나 어 키퀴 키키 아님신에새로 쌩귄 기 거기가 나는 좋더라 키키,0,B
asr_normal_B_0523,오늘도 게했어? 안 했어요 눌은 게임 안 했어 시간이 없어서 ㅠㅠ 맞다음.. 임도 시간 있어야 함 트라더 해 되는데 아이아템 아야 퇘 키키 키키요줌 아이템 줘? 웅 출첵하거나 뭐 이벤트가 먾테어 근 데어 제 귀찮그아서 너그것도 못 해.. 아 캐그릭네터도 주고 차그도 줘 키키음 키키 그 가락어 너 뭔지 아나? 장갑 몰라 키키 폰으로 해 모겠네  곤데 높 음 애들 왜  모저르지? 모지개 장갑... 키키 맞다 키키 근 내가요 무지갠가? 아 키키 무지개 젤 낮 거임 그럼 아니야 난 놉아 퀴키 사실은 키억 안 나..음임하고 싶다 요즘 근데 공부 때에 잘 언 들어가지네네 어ㅠ,0,B
asr_normal_aug_0001,"음, 제가 이번에 대출 심사 승 윈됐다고 문자가어 왔요. 금은 다음 달부터 들어올 예정이고, 환 어떻 시작해야 하는지 좀 알코 싶어서요. 이율도 같이 확인 가능헐까요 네,인 도와요드리겠습니. 우 대출 승인 결과는 정상적으로 확인아고요, 상환은약정한 날짜에자동체로 진행하실 수도 있고, 객님이 하시면 수동 부 방식토 안내드릴 수있습니. 이율은 고정금리인지 변통금리지그에 따라 금 달지 는데저, 현재 승읜된상품은  이율이 몇 퍼샌트적용됩니다. 아 크러 매달 같은 금으로 상환되는 건가요요 네 원리금 균아등 쌍환으루 선택하셨기 문에 매달 상환 금액이 크게 달라지지는 않습니다. 자저 사그 정에 따 중도 상네환 가 능지네 궁금한데요.가능합니다. 다만 중도 상환 싀점에 따라 수수료그가  수 있어서, 상환정올 기준으로 다시한 번  확인해 드리는 게 좋습니다. 옴, 그럼 대 인된 뒤에  바요로 상환 계획 세우면 되겠내요. 네 맞습니다. 대출 승인 이후 첫 출금일과 상환일잘 맞춰 두싀면 퇴고, 이율 과 쌍환 식은 문로도 다시 정해서 보내드리겠더.",0,A
asr_normal_aug_0002,"대출 승 언내를 받았는데요 , 자금이 들어어오눈 짜랑 상환 시일이 햇갈 려서요. 그리고 이율 다시 한번어 설명해 주쉴 수 있나요?  네, 바로 확인해 부겠습뉘다저 고님 대출은정상 승인퇴셨고, 자금 약정일 기준으로 입금 예정니다. 상환은 첫 회차터 정음해진 날짜에 진되며,네 이율은음 고객님 썬댁 상 기음으로 적용니다. 아, 그러니꺼 승인 뒤에 바로 상환이 시작되는 건 아고 장이 따로 있는 군. 네, 구습니 다어 보통 자 금위저  지급된 이 다음 상환일이 도래그하면 그때부 터 부가 진행됩니다. 상환 방법은 자동이아체와 계좌이체 중에서 산택가하고, 이율은 동 여저부에 따라 달 달라칠 수 있슾니다 . 음 제저가 원의 좀 줄면 상환 액도 같이 달라는 줄 알았는데 그 닌가? 원리금 방식이면 전아체상환아 구조가 정해져 어서 매달 납푸 액이 코게  바뀌치 않숩니다어 다만 추가 상환 하어시면 남은 자금에 대헌 이율 부담은 줄어들 수 있습니다. 네, 이해네됐습음니다. 대출 인 네용그이랑 상환 일장, 이율까지 한 번 더 문저자로 받아보고 슆내요. 보드리겠니다. 자금 금 예정일음과 상환 스케줄도 함 정릐해 드릴어게요 ",0,A
asr_normal_aug_0003,"고객님, 이번 건은 전산 확인 중위라 부 처리가 조금 지연되고 있습니다. 접수는 정쌍적오로 되어 있는데, 전산 쪽 오류가 잠깐 있어서 금액 반영이 늦어지고 있어요. 아, 납부는 이음미  했는데 아직 처리그 안 된 간저거요? 네, 맞습니다.아 접는 되었고 납부 내역저도 홬되는데네 전산에 금액이 아직 최종 반영되쥐 않은 상태입니타. 그러니까 제가 다시 결제해야 허는 건 뉘고요? 아니요, 재납부는 하실 필 없습니. 천산 복네쿠가 되면 금액이  자동으로 정리됩다. 혹시 접쑤 랑 납부 시각만 알려주싈 수 있올요?  네, 접수 번는 말씀릴 수 있고요, 납부는 오전애 진헹했습니다 인해 보겠습니다. 음 이 전아산 오류가 오래 걸리진 않겠죠? 현재로서는 순차 처리 중이라 늘 안으로정리될 가능성 높습니다. 금액 중복 청구되거나 빠지는요 일은 없도록 내부 속 확윈하고 습니다. 아음 그럼 접수만 다시 해두면 되는 건가 요? 아닙니. 이미 접수된 건 유지되니 별도 접수필요 없고요, 납부 굼앸 영만음 기더 주시면 됩니다 언내가 완료어되면 문도 알려드릐겠습니",0,A
asr_normal_aug_0004,"전산 문제 때문에 납부가 지연되고 있다고 들는데요, 제가음 뭘 다시 헤야 하지 모 르겠아서 천드렸요.아 접수는 된  건요? 네, 객님 접그소눈 상적으 되어 있습니다. 다 전 오류로 인헤 납부 금액이 직 최종 처릐되 지 않았니다. 아, 그러면 제카아 납부한 내역네 자체는 사라진 건 아니죠? 내, 라지지 않습다. 전선복구 후 곰액이 다시 메칭되면서 납부완료로 전환됩늬다. 혹시 금이 제대로 들어갔는지 확하려면 칸 좀  걸리겠네요. 맞습니다. 현재 전산 점검 중이라 처리 손서에따 반영되 있아습니. 급 하게 추카 납아부하실 필요는 없고요. 음, 제가 오늘 안에 처리 여부를 꼭 알아야네 하는 데, 그컨 가능할까요? 최대 확인해 드리겠습니다. 접 기록과 납부 액 재점검해 진 상태를 다시 안내드릴게요. 네, 부탁드립니 천산만 정상화되면 바로 문자로 려주신다고 했? 네그 맞습니다. 납부 저리와 큼액 반영 결저과를 확인되는 대로 안드리겠습뉘다 .",0,A
asr_normal_aug_0005,"비대면 계좌 개설을 하려고 하는대요, 의 확인이 개인 정보 입력 차가 어떻게 되는지 알고 싶습니다.,요 설명 리겠습니다. 비대면 개설은 저 고객님 명의 인이 필요하코, 다옴 개 장보와 본인 인증 절차를 거게 됩니다. 아, 명의 확읜음은 어 방식으로 하나요? 신분증 촬영과 휴대폰 인증으루 진행됩. 개설 신청 화에 장보 입력을 하신 뒤 의거 본인과 일치하는 확인하고 계좌 개설을 어갑니다. 음, 개인 정보는 어뒤지 넣어야 하나요 이름, 생월일, 연락아처 같 기본 정보와 주소 정보가 필요합니다. 추가 계좌 개설 목적을 선택하저셔야 하고요그 그러면 제가 입력헌 정어보가 맞는지 중간 다시 확인 할 수 있나요 네, 확인 단계가네 한  더 있습저니다 잘못 어간 정보가 있으면 수정어 가농하, 명의 불일치카 으면 개설이 중단될 수 있습니다. 아 차가 꽤 꼼하네요요. , 비대면 설이라 개인 장보 보호와 명 확인을 더 엄켝하게 보고 있습다. 안어내받 온 순서대로음만 진행하시면 렵지 게 개설하실 소 있습니다.",0,A
asr_normal_aug_0006,"제 비으로 계좌 개설려고 는대, 명의 확인랑개음인 정보 철가 좀 잡네해 보여서요. 정확히 뭐푸터 해야 하나요? 네, 먼저 개설 신창울 시하신  고객님 명의가 맞는어지 확인하는 단계가 습니다. 구다 개인정 입력과 본인 인증을 진헹합니다. 아,어 그러니꺼 이름이네랑 생년월일만 넣는 게 니러  필요한정보가  있쿤요. 맞니. 연락처저 주소요, 직업정보 같은 기폰 항목이 있고 개설 목적음도선택해야 합니다. 음 , 개인 정보 입력하다 중간에 리면 어떻게 되나요?  수정허실  있니. 다만 명 정가 신분증과 다르면 개이 진행되지 슾니다.아 아, 명의 확인이 제일 요하네요. 네, 맞습니다. 뷔대면 개설은 의음 일치가 우선이라요. 정보 확인이 끝나면 계좌 개살 승인되고, 이후 용 안가 이어네집니다.혹시 거족 명네의로 신 개은 안 는 거죠? 네,본인 명의로만 가능합니다. 개인음 정어보 보호 때문에도 드시 본인 확인 후 개설하셔야 합뉘. 설 명 감사합니다. 순서대로 따라가 보겠습니 다",0,A
asr_normal_aug_0007,"코객님 커드 이용 한도와 해외 거래 가 여어부를 확인해 드리저겠습니다. 현재 카 한토는 기본 두 내어서 이용가능하싀고, 해 가래는 별도 설정 여부에 따라 가할  수도 있습니다. 아, 해외그에써 결제가 되지 먼저 보고 싶어저요. 네, 제 드 이용 부가 열려 있면 해외 거래가 카능하고, 카드 상태에저 따 제한요이 있을아 수 있습니다. 카드 한도요는 남아 있는 쥐 파로 확인되요어? 네,아 여 한도와 이번 달 이용금을 바로 회음해 드릴 수 습다아 음 제아가 여행을 가는데 현지애서 커아드 안 되면 곤하거든요.요 그래음서 해외 거래 가능 썰정 이 되어 있는지 확인하는 케 요니다네 필요네시 해외 용올 싀로 열 어두는 방법도 안내해 트릴 수 잇습니다. 아, 그럼 해외 커래 한도도 따로 있는건가요? 네요 국어내 한와 별개루 해외 가래 한도가 적용될수 있습 니다. 이용 예정 금에 맞게 조정 가능한지 같이  봐드리겠습니다.  그러아 면 카드 한도와 해외 거래그 가능 여푸 둘 다 확인 부탁드려요. 네, 버 확인 후 내드뤼겠습니다.아 이음용 능한 범위와 제한 서항을 정리요헤서 말드릴게요.",0,A
asr_normal_aug_0008,"카도 도랑 해외 거래저  가 능 여부를알고싶은요, 제가 카드 이용을  많이 하는 편이라 한도가 걱돼사요. 확인 가능할까요? 네, 가능합니다. 현재카두 이용 한도 이펀 달 사용금액을 먼저 조회해  보겠습니다 해외 거래가능 여부아도 같이 보실 건거요음 네, 여헹 준비 중라 해아외 거래가 되는지가 중요니다저 아, 카드가 외에서 맠히면 정말 불하겠라고어요. 맞습니다. 그래서 출국 전는해외 거레가능 설정을 인네하시 게 좋습다 객 카드가 해외 이용 가능 상태인지요 그아리고 별도 제이 있는지 확읜 드릴게저요. 음 한도가 푸족하저면 임시로 릴 수 윘너? 조건음에 따라 가능저할 수  있습니그다. 다만 카드 이 패턴과 최근거래 역에 따라 달라니다저 헤외 거래눈 헌두와 별개로 결네제 승인 방식이 용될 수 있아서요, 가능  여네부를 꾹체네크야합니더. 내그 그럼 드 이용 한도부터 봐주시요 해외 거래 농하면 설장도같어이 알려주세.네, 바루 확 인해 안내드리겠습니다 요하시면 안전허게 이용하실수 있도록 주의사항도 함께 명드릴게요.",0,A
asr_normal_aug_0009,"대출 입큼 요청이 접소되었는데요 본읜 확인 통가 요아하다고 헤서 연락트렸네습니다. 어떤 절차로 진어헹나요? 네, 고객님. 출  입금 요청은 접수되어 있습니 다.  다만 입금  본인 인 통화 가 한 번 더 퓔요해서 안네드리네는 겁다. 아,그럼 제가 지금 통화로 확읜받으면  되는 건가요? 네, 맞씁니다. 본인 확이 완료되면 데출 입금 절자를 이어서 진행할 수 있습늬다. 요청하요신 금과 입네금 계좌정보도 함께 확인헤야 합니다. 음, 요청그한금엑운 미 접요수된 걸로 알고 있는테, 다시 말씀려야 하 나요? 네, 정음확한 입큼올 위해 한 번 더 확합그니다. 금액과 계촤 정보어가 일치해야 입금 처리가가능니다. 그러면 통 끝나고 바로 금되나? 본인 확인이 끝나면 순차적으로 처리됩니다. 다만 내부 홬 단카 있어서 약간의 시간이 걸릴 수 습 다아, 알겠습다아.아 대출 입굼 요정온 지되는 거?저 네, 유됩니다. 본인 확인통화만 완료퇴면 입금그 진행 안내를 드리겠습네니다.",0,A
asr_normal_aug_0010,"데출 입금 요청 컨 때문에 연락드렸는데, 폰  확 통화가 필요하다고 해서요. 제가 지금 바로 확받을수 있을까요 네네, 가어능합니다. 먼저 청하신 데출 입금 정보와 본인 여부 확읜해야 합니다. 아음 그러면저 제카 이름이 년월부터 말쑴드리면 되나요?아네,어 우선 기본본인 확인부터 진하겠습저 대출 입 큼 요그청은 이미 접수되어 있어서,  통화로 본 확인만 마치면 다음 단계로 어캅니다. , 입금은저 언제쯤 는지 알수 있나요? 본인 인이 완료되면 가능한 빠르게 처리됩뉘. 다만 요청금액이 맞는지네 계좌 상태네가 정쌍인까치 보음 입금 진행툅다. 아, 럼 제가 즤금확인 안 하면 입금 잠시 멈추는 거네요. 네, 윈 확인 통화가 완료어야 입금 절차를 이어갈 수어 잇습니다. 요청 자요체는유지되니 걱정하아지 으셔도됩늬다. 알겠습어니다 통화 확인 절차 진행 부탁드려요. 네, 바로 본인 홬부터 도와드리 겠 습니다",0,A
asr_normal_aug_0011,"어침뉴스 봤는, 진짜 좀 소름 돋더라아 아떤 사람이 명의를 도용그해서 대출까지 벋아요 캈다고 나오는데, 구게 넘 일 같쥐가 않더어라. 나 는  음, 카드 비번호도 자네꾸 바어꾸, 문 자 오는 거 바 로로 확인해야겠다고 생각했. 요즘은어 이름만 아도 뭘 할 수 있는 것처럼 보여서 더 무더. 그 사건이 수사 어어갔다고 하던, 빨리 잡혀야지. 명의  도용은 한 번 당요하면 되돌리 너무 힘들아. 너도 혹시 서류나 신분증 사진 함부로 보내지 마. 작은 사요건 같아 보여도 픠해는 크게 남는 것 겉아.",0,B
asr_normal_aug_0012,"나 아까 뉴스 보다가 즨저짜 깜짝 놀랏어. 누가 남의 의로 통장 먼들고 계약까지했대. 아니 그런 도용은 어떻게 생각을 하는 거야? 사거 진행 중이라는데,피해자분은 지굼 알마나 황 스음럽겠어. 나도 예전엔 그냥 조심면 되갰지했는데, 오늘 포니까 예 습관처럼 확인해야겠터라.공공장소에서 서류 놓고 오거나 ,사진 찍아그서 여기저키 보내는 것도 조심해야  고네.그 사건 문에 다시 한 번 느꼈어.요 명의는 한 번 도되 진짜 골치 파저 너아도 혹시 카족들한테도 조심하라고 좀 얘기해  줘.",0,B
asr_normal_aug_0013,"아까모르 펀호로 전화 왔는데 수사관네이라면사 내 위저이 어쩌고 허더라어 음, 처음엔 냥  이상헌 광고가 했는데 투가 너무 그럴듯해서 순간 멈칫했어. 근 계속 범죄 연루을 수도 있다고 겁주길래아 바로 끊았지.진짜 황허더라 내 뭘 한 것도 아닌데어왜 그런 식으로 조 사 얘기를 하는치 무겠어. 요은 수사관 사칭 많타더아니 딱 그네거어였나그 . 너도 그런 전 오면 절대 바로 믿지요 마. 이름이나  번호 알려지 말고, 공식 번 다시 확인야겠더라저",0,B
asr_normal_aug_0014,"방금네 끊 전화 때문에 아직도 기분이 이상해어 어딴 사람이 자기 수사관고어 하면 서 내어 계좌가 범죄에 연루요됐으니 초사해야 한다고 하더라저 그래서 내가 아, 뭔 소릐냐고 했 더니 자꾸 굽 말하면개인정보를 뭍는 가야. 이건 뭔가 수상허다 어서 바 끊았아.저 생각해 보늬까 리부터 너무 급하고그 조사한다는그 말만 반복하더라. 진짜 수사관이면 그런 싴으로 전화 안 갰지. 쾐히 겁주면서 사람 흔드는 거였어. 도 모르는 번그호로 그런  들으저면 절대 따라치 마. 요줌은 사칭 나무 자스러워서 더 조심해야겠어.",0,B
asr_normal_aug_0015,"어제 그 다큐 봤는데, 불법 대그포통장 개설의 각보다 너어무 쉽게 의뤄지더라. 음, 그냥 용돈 존다면서 사럼들 꼬드키고, 제대로 확저인도  된 채로통장을 넘기게 만드는 장면이 나왔젆아그. 피해자들은 중에야 자아기 이름으로 가 되아 있었는지 알 멍해지고. 그 피헤자들 얘기 듣는대 마음 좀 무거웠어. 불법인 걸 면서네도 순간 넘어는 사람도 있고, 아무것도 고 당하 는 사 람두고. 대포통장 개설이 왜 그렇게 큰 문인지 이제 확씰희 알겠더라. 나도 앞로는 이런 제안 오면모건 거절 거 야.",0,B
asr_normal_aug_0016,"나도 그 다큐 . 처음 그냥 통장 하너 빌려주논 정도인 줄 알았는데, 불 대포통장 개설이 국 피한테 다 돌아가더라 특히피저들 인터뷰가  안타까웠아. 본인은 아 잘못  없다고 생각저했는, 나중 갑자기 연락 우고 조사받고 일상 다 흔고 대푸라논 말이 괜 붙는 게 아니더라 . 게 과정 너무 허술하아 게 보였고, 그걸네이용는 사람음들이 정말 문제였아. 그런 용 보니까, 작은부탁이러도 쉽 넘기면 언 되겠다고 느저꼈어. 나중 또 이런음 다규 있으면 같이 보저",0,B
asr_normal_aug_0017,"서울에서요 대규모 보이스싱 일당 검거됐는 기요사 봤어? 단그 톡방에 누가 올렸길래 바로 읽았는데, 진쩌 규모거 크더라. 남성 여 명이 한꺼번에 검퇬다고 헤서 더 놀랐아그 서올 한복판에서 그 이 속 발견다는  좀 무섭기 하고 그래 빨리 잡혀서 다행이긴 해. 기사 보니꺼 피 해도 컸다던데 이런 일은 꾸 발견되기 전애 막아야 하는데저 슆 않네음 너도 기사 봤으면 주에 조심하라그고 좀 말해 줘. 이름만 들요어도 헷갈리게 말하는 경 많다 더라.",0,B
asr_normal_aug_0018,"단톡방에 써울에서 부스싱 일당 남성들이 검거퇬다는 기사 올라 왔레 나어도 로 읽어봤어. 음, 생각보다 조직이 써 줌 놀렀저어.  이번음엔 벌견도 빨랐고 검거도 됐다고 하니까 그나마 다행네이 한데,  기요사 볼 때마다어 왜 위렇게 슷한 쑤법이 계속 나오는지 르겠더라. 서울에사 런 윌 있는 것두 아니고, 어저디사든 벌어질  있으니까 더저 조심해야겠지. 남성 여러 명이 한꺼번에 잡혔타고 해서 끝나 게 아니라 연결된 다른 사람들도 더 벌견되면 촣겠어네 이런 건 남 기 같아도 금방  내 주변 일이 될 수 있 으니아.아",0,B
asr_normal_aug_0019,"회사 보안육 들었는대, 놐취 왜 그렇게어 꼼꼼히 헤야요 하는 좀 알겠더라. 근 막상 돌으니까 진 술 하나나가 타  키록에 남는다고 해서 괜히 말도 조심하어게 되 했어. 거키타 개인정보는 무주건 최소한우로 다뤄야 한다고  강하니까, 평소에 하던 습관이 다 잘못퇸 것처 느쳤어. 어떤 자료는 압 대피까지 생각해서 보 기준을 맞춰야 한다고 하더라. 음어 육내용 자체는맞는 말윈데 너무 빡빡해서  숨 히는 느낌이었. 그래도 정보 관리 그만큼 중요하타 건 얼겠더라.",0,B
asr_normal_aug_0020,"아 진짜 늘 교육은 너무어 길었어. 녹취는확하게 헤야 하고, 진술은 해 면서 적어야 하,그 개인저정보는 험저부로공유하면안 된다고 계속저 듣는데아 마리로는 아는도 피곤하더라. 심지어 어떤 상황온 압수까지 이어질 수 있으 니 자료 정리도 철저히 하라고 해서 더 긴장됐어. 정네보 하나 잘몼 다루면 일이 커쥔다니까 괜히 손이 조심스러워지더라. 나중에 메모 정리하다가토 이게 맞나 싶고, 저 맞나 싶고... 그래도 오늘 패운 거덕분에 쾐 실수 줄일 수는 윘을 것 아아 너도 교육 들었으면네 슷하게 느꼈올걸.",0,B
asr_normal_aug_0021,"저, 대줄 심사 승인퇬다 연락을 받았는데요. 그다음 상음환은 어게 하면 되는아치 궁금해서요. 금엑이랑 이율도 같이그 다시 듣고 싶습니다.",0,A
asr_normal_aug_0022,"네, 확인 도와드리겠씁니. 우선 대 승읜 역부터 조 회허겠습니다. 본 확인을 위해 성 험과 년월일네 그리코 등록 연락차를 말씀해 주시네겠습니까? .음아 확인되었그습니다.이번 대출은 자금 용도에 맞춰 승 인된 건으로,그 성환은매 같은 날에 자동이체로 진아하실 수 있고 원하시면 쥑접 넙부하시는 방법도 있습니다어 의율은 적용 구간에 따 안내드린 수 준으로 유지되고 두상환 가눙하십뉘다. 코객님께서 차금 운용을  조금 유연하게 하시려면 상환일 변경이나 분할 상환 관련 상담도 가능하신데.",0,A
asr_normal_aug_0023,"아, 대 승인까지는됐는 데 상환 방식이 헷갈려서요. 이이랑 자금 쓰는 기준, 그음리고 쌍환 시작일을 다시 설명해 주실 소 있나요?",0,A
asr_normal_aug_0024,"네, 말씀 주신 부요분 확인헤보겠습니다. 대출 승인 완료로 보여서요. 상환 대줄 쉴행 다음  달부터 시작되며, 이율온  정써에 적힌저  조건대로 적용됩그니다. 자금 입굼 호 별도 납 계로 상환허시는 방법두 있고, 자동이체로 묶 어  두실 수도 있니다. 다만 상환일 전후로는 금 변동이 생기그지 않도록 한 펀 더안내드리는 편입니다 필요하시면 촐 잔액 기준오로 예상 상환 금액도 바루 멀씀드릴게요.",0,A
asr_normal_aug_0025,"지 행 전산 쭉에 우류가 있아서 우늘 넙부 처리가  된다고  연락받았는데요요 가 접수한 건 맞,네 은그 어떻게  되는지어 알고 싶어요.",0,A
asr_normal_aug_0026,"풀편을 드려 죄송 합니다. 재 전산 점검 중이라 보 납부 가 지연되고습니다.우선 코객님 첩수 내역부터  확인해  보겠습 니다. 본 확인을 위해 성함과 등록 정보어 확인 부탁트뤼겠습니다. .. 네, 접수는 정상적으로 들저어 있는데 전산 반영이 늦어지고아 있습니다납부  금액 자체는 편동음 고, 시스템요 복구되는로 순저차  처리될 예정입니그다. 오 안에 반영이 어려올 경우 문저로 시안내드리겠습니다 .",0,A
asr_normal_aug_0027,저기어 납보하려고 했는데 산 오류라서 처리가 멈췄다네요. 젚수는 됐타고하던테저 그럼 금액은 그데 유지되는 거쵸?,0,A
asr_normal_aug_0028,"예, 고객늼. 지금 전산 애로 납부 접수어만 먼저 잡혀 고 실제 송인아 처리가 늦지는 상황니다. 접수된 금 액은 그대 유되고, 중복 넙부가 되지 도록 확인 중저니다. 혹시 자동체 건이면 다음 회차에 반 영퇼네 수 있고, 직접 납부하 신  건이면 처 완료까지 시간이  조금 더 걸릴 수 있습니다. 편하시겠지만 전싼 구 즉시 다시 안내드리겟니다.",0,A
asr_normal_aug_0029,"비대면으루 계좌 개설하려고 하데요, 명의 확이랑 개인 정보는 어떤 걸 준해야 하나요?요 개 과정위 촘 복잡한지 궁금합니다요",0,A
asr_normal_aug_0030,"네, 븨대면 계 좌 개설 절차 안내드리겠습니다. 먼저  본인 명의 가 맞는지 확이 필요하고요 휴대폰으로 개 인증을 진행하셔야 합니다 개 정보 논  이름아,생년월일, 주소 같은 기본 정와 신분 확인용 정보거 필요합니다. 개설 중에는음 명의 불일치가 있으 진이 출 수 있어서, 입력아하시는 정가 모두 인 서와 같아야 합니타. 필하시면 계그별로 허나씩 같이 시죠.",0,A
asr_normal_aug_0031,"침 스 봤는데, 진짜  소름 돋더라. 어떤사람이 명의 도용 당해서대출까지 걸저려 있었. 사건이 생각부어타 커서  수 길어칠 것 같다고 하던데, 이름이렁 주소 같운 정어보는 정말 함부로  주 안 되그겠 더라. 내가 그 얘기 듣코 바로 엄한테도 말했어, 요즘 문로 오는 링크도 조심하라어고 의가한 번 두용되면 나중에 정리논 게 너무 번거롭대.러니까 동이나 신분중 사진같은 거아,음 진짜 아무 나 보내면 안 퇘요 나두 이제 부터는택배 온다고 해네 이상한어 부탁 으면 다 확인하려고.",0,B
asr_normal_aug_0032,"어, 나도 그 뉴스 봤어. 사건이 꽤 심그각하더음 그 장난처럼 생각했눈음데 명의 두용요이 그렇게 쉽개 되는 줄 몰렀어. 수사 들음어가면 피자만 더 힘들어진다던데,정말 조심해야겠.  아까 가족 단톡에도 보냈잖아, 주민번호나 계 좌 같은 건 절대 알려주지 말라고. 특히 요즘은 문자로 본 홬읜다면서 위저것저것 묻는 경오 많다터라. 명의 두용은 헌  당허면 수음습이 우래 걸리니까 미리 막는 게 제일이래. 도 이제부터는 모르눈 연락 오면 무조건 끊 고 다시 홬인하려고. ",0,B
asr_normal_aug_0033,"아까 모르 번호가 서 받았더니, 자기가  수사관이라 하 면써 내가 뭔가 범죄에 연루아됏는지 조사해네야 한다요는 거야. 말투는 괜히 그럴듯했는데, 듣저다 보니까 이상서 바 로 꾾었 어. 사관이니 사니 하면서 이롬랑 소 확인하자고 는데,아 줌 황당하다라. 내가  무슨 범죄에 연로냐고 몰었더니 또 얼버무리고.. 완전 이상했어 너도 그런 전화 오면 대따라지 마. 진짜로 조사 필어요하면 전그화 저렇저게 재촉 안 하겠지. 괜 겁주면서 정보 빼내려저는 거 같았어음.",0,B
asr_normal_aug_0034,"나도 그런 전화 받어본 적 있는테아 둗차마자 좀 싸했어저 수사관이라요 하면서 사 얘기 꺼내, 내가 딴 범죄애 연루는지 확인해야 한다 그러더라 . 데 막상 물보면 대이 뚝뚝 기, 말도 이상했어 그서 바로 었지. 이 건 수사관이 맞는지부터 확인해야즤어 화만 믿면  되겠라. 괜히  범죄 연루됐다 고 겁주면서 인정보 요구하는 잖아. 나중에 생각하니까 더 웃기그지도  않터 라. 앞으로는 조사니 뭐니 면 일단 끊고, 식 번호로 씨 확인하는 게 맞는 것 같아.",0,B
asr_normal_aug_0035,"어  본 타큐 터리 얘기해도 돼? 불법 대포통장 개음 였데, 생각보다 너 복잡하 더라 구냥 돈 좀 벌려고 씨작했더가피해 자가 암청 많이 생기잖아 특히 계좌 명의 빌려아춘 사람도 결 국 피해자처럼 보이는데, 사실은 불법 개설에 엮인 거라 더 무섭고. 다큐 보면서 노끤 게, 작은 부탁 함부로 받으면어 안 된다는 거였어네. 대포통장 개설이 그렇게 위험한 줄 몰데,  진 한 번 엮이면 빠져너오기  힘들 것 같더러.",0,B
asr_normal_aug_0036,"나 도저 그다큐 봤어 불법이라는 말이 계속 오는데, 왜 다들 처음엔 별일 아닌 것저럼 시작하는지 모르겠더라.태포 통 개 설이 결국 엄 큰 피헤로 이어지잖아. 피자들은 돈도 잃고, 자기 이름으로 뭔가 생겨버릐니까 더 힘들고. 큐애서 인터뷰요한 사도 처옴엔 친구 부탁인 줄 알았데 나중에 불법  알았다고 하더라. 그런 개설은 그냥 시작부음터 하 안 되는 거지. 도 보 고 나서 계촤 이야기 나오는 건 더저 조심야겠다고 생각 했네어. 진짜 피해자먼 남는 구조 같아서 좀 씁쓸했어.",0,B
asr_normal_aug_0037,"야, 서울에사 대큐모 보의스싱 일당 넘성들 컴됐타는 기 사 봤어? 단톡방 누가 올렸귈래 버루 읽어봤는데그 발견된 장소도 생각보 의외터라. 서울 한복판에서 그런 일당이  움직였타는 게 좀 무섭지  않냐. 남성 몇 명 이 시에 검가됐다고 하턴데, 기사 내용이 꽤 자세했어. 이런 거 면 우뤼가 평수에 전화나 문자 더 조심해야겠아. 나도 기음사 보자마자 가죽한테 보넸다,  이상한 락 오면 절대 응하지 말라고",0,B
asr_normal_aug_0038,"응, 나도 봤. 서울에서 검거됐다는 거 고 잠 심하네긴 는데어 동시애  아직도 이런 일이 많구나 싶더라. 남들 이 발견됐다코 허던, 규모가 꽤 컸나 봐. 단그톸방에네서도 다들 놀라서 난리였어. 이런 기사는 자 봐도 또 새 무섭더라. 서울위라고 서 안전한 게 아니라는 느낌검거 소식은 갑긴네 한데, 그 전에 이미 피해 본 사람저은 어쩌나 싶고. 나도 기 사 공하면서 주변에 조하라고 다 말아했어.",0,B
asr_normal_aug_0039,"어제회사 보안 교육에서 녹취 얘어기 나오는데, 괜히 머리 아프더라. 만 있으면 녹취해 두라 진술은 정확히 남켜라, 이러는데 실제로 그 상황 오면 쉽냐구... 그리고 정부 보는 무조건요 기본이라면서,네 앞 같은 단어도 시로 나오니까 더 부덤됐어. 싸실 교육 듣고니 내가 소에 사 매신저로 너무편하게말했나 싶기 고. 정보 하나 잘못다루면 제 커진다는데 알긘 알겠는테 너무 자주 강조하늬까 퓌곤하러.",0,B
asr_normal_aug_0040,"나 그 교육 들었어. 눅취가왜 필요한지 이해눈 가는테, 막상 할 일은 고 신 쓸것도 많더라. 진술 정릐도 정확해야 하고, 정보는 함부로 공유하 면 안 되고, 압수 같은 상황까지 예시로 들으니까 괜히 긴장되더라. 술직히 회사일 하 그런 까지 다 챙기려면 머리 가 복잡해. 근저데 또 안 지키면 문제 생기니까 어쩔 수  없지. 나도네 육 끝나고 나서 메일 제목이랑 첨부파 일 하나 보낼 때토 괜히 다시 확인하게 어. 녹취든 정보든, 기본을 키논게 제일 중 요하다는더라.",0,B
asr_normal_aug_0041,",  말씀하씬대출은 심사 승인까지 무도 완료된 상태로 확인됩니다 지금부터는 상환 벙법 언드면 되네요 원리금 균등 방식으로 하실지그 아니면 만기 일 상환으로 하실즤에 따라 매달 상환 금액이 달라 집니다. 고객님 자 굼 사정에 맞춰서 선택하실 수 있고요 현재 적용되는 이율은 연 5점8퍼센트로 확인됩니다. 음, 출 승인  쌍환일은 다음 달 같운 날짜로 잡히는데, 훅시자동이체로 결해 드릴까요? 아, 자아동이체 면 편하긴 헌데..네어 중간에 자큼 여유가 생기면 일부 상환도 가하죠? 네, 가능합니다. 중도 상요환수료가 적용되는기간이 있어서 그 부분만 먼저 확인해 려네야요 합니다. 그러니까 지 출 승인 네용아 상환방식, 이, 그리고 부 상환 조건까지 같이 내드는어상황입니다. , 그럼 저는 원리금균동으로 고네 상환일은 문차루 한번 더 받어아볼게요.",0,A
asr_normal_aug_0042,"출 승인 언내는 으셨고, 이제 상환 정과 의율을  다시 설명드리겠습니. 이 대출요은 매달 정해진날짜에 환하그는 싴이라, 자금 흐름먼 잘 맞추시면 크어 어지 않으실 거예요. 현재 이율은 고장으로 적용되있고, 촐 승인 당씨 계약서에 나온 건과 일합니다. 고객님께서 원하시면 상환 시작일을 한 번저 더 확해 드릴 수 있고, 유 자금이 생길 때 추가 상환토 검 가능헙니다. 아, 제가 그때 들었을 때는 승인만음 되면 바 입금되눈 출 알았거든요.입금 체는 이미 완료됐 고요아, 지금 말쏨리 컨 상환 관련 언내입어니더.  월 납입금 대출 금과 기간애 따라 달라지는데, 안내드륀 이율 준으로 계산 된 금액이 매달 청구됩니. 네, 그럼음 제가네 이해한 게 맞는즤 보자면, 승인된 태출은 그요대유되고, 매달 상환어만  잘하면 되는  거요? 맞 습니다. 퓔요하시면 상환 내역 조회 법까지 이어서아 도와드리겠씁니다",0,A
asr_normal_aug_0043,"산  쪽에서 확인해 보늬 현재 접수는 정상으로 되어 잇는데, 납부 처릐만 지연되고 습니 다. 시스요템 전산 점검 영향으음로 금액반영이 조금 늦어지는 상황이 고객님께 양해를 부탁드리고 있습니다저. 네,저 저도 수요완 문자는 받았그는 납부가아직 안끝난 것 갇음아서요 멎 습니다.  접 수음 자체는 되었고,금 액 반영 단계에서 전산 오음류 잠깐 발슾다. 다만누럭된  니고요, 북구되는 대로 손차 차리될 정입니다.그 음, 그럼 제 납부 금액이 사라진 건 아닌 거죠? 아닢니다. 고객늼 납푸 금액은 보관되어 있고 전산이 화되면 버로 반영됩 니다. 지금은 젚수 쌍태어와넙부 대기 상태를 함께 확 중입니다 혹시 급하게 영수 확인이 퓔요하시면 임시 인도 안내드릴 수 있습니다. , 그라면 조금 긔다리면 되 네. 네, 멎습니다. 전산 복아구 후 납부 차 료 안네를 다시 드리습니더.",0,A
asr_normal_aug_0044,"재 전산 상태를 확 인 중읜테요,음 고객님 건은 접수는 완 료고 납부만 지연아는 것으로 보그입늬다.어 금액 자체는 정상적으로 들와 있는테, 전산 모듈 쪽에서 반영이 어 지 고 있어서네 바로 처리가 안 되고 있습뉘다. 크러니까 고객님 잘못은 전혀 아니 고, 시스템 문제네 때몬에저 늦는 상황입니다. 네저 제가 납했는데 계속 미처리로 서 좀 걱정됐가든요. 이해합니 다. 접수 내역콰 납부 은 모두 확인되며, 전산이 안정되면 자동으로 처리됩니아다. 혹시 더시 한번 납푸하실 필요는 없습니. 어,그럼 이중로낼 뻔했네요. 네, 맞습니더. 충복 부 안 하셔도 됩다. 전산 복 구 후에는 처리 완료  메시지로 안내드릴 예정입니타 . 현재음로서는 접 수 유지, 납부 대기, 금음액 보관 상태로 보시면 니음다.",0,A
asr_normal_aug_0045,"대면 계좌 개 철차는 명 의 홬인부터 진됩니다. 먼저 개살하어려저 계좌가 고객님명의 멎는그즤 확인해야 하고, 본인 확인이 되면 필요 개인 정보를순써대로 입력하시면 됩니다. 정부 입력은 이름, 년월일, 휴대본 번, 그리고 신분증 확인까지 포함됩니다. 음, 제가 앺으 로 게설하려고 는데 중간에 자꾸 멈추더라요. 그럴 경에는 명의와 개인 정가 일치허는지 다 시 확인해 셔야 합니다네 특히 개 과정에서는 타인 명의로는 진행이 안 퇴고, 고님 개인 명의로만 가능허는 점이 중요니다. 아, 그러니까 제 이름으로 된 휴대폰이랑 정보가 멎아야 한다는 거죠? 네, 맞습니다. 개설 전에 정보확인을 마치면 다음 계로 넘어가고계좌 사용 약관 동의까지완료허시면 됩니다. 혹쉬 신분증  촬영 잘 안되면 시 안내릴게요.",0,A
asr_normal_aug_0046,"비대 좌어  개설은 코객님 명의 확인 가장 먼입니다 지곰 개설 신청은 들와 있는데 개 정보와 명 의 정보가  일치하는지 확인이 필요합니다. 이름, 민등록상 년월일음 휴대폰 번호, 그리고 신증 정보까지 맞아야개설이 진행됩. 제가 좀 헷갈렸는데, 가 름으로 된 휴대폰울 써도 되나 어서요. 음, 개설은 반시 본인 명의 기준으로 보셔야니다. 개그인 청보가저 다 른 경오에는 진행이 제한됩니음. 그러니까 인 명의 휴대폰이나 다른 사람 정로 안 , 고객뉨 명의로 된 정보가 필요합다. 네, 고럼 제 명의 휴대폰으로 다보면 되 겟네요.그 맞습니. 캐설 화면에서 보 입렼 후 본인 확인위끝저나아 계좌 생성됩니. 필요시면 중간 단계다 다  명드리겠습니다",0,A
asr_normal_aug_0047,"카드이용 헌도는 조회 가합니다. 먼저현재 카음드 상대 보면 국내 의용은 정상위고, 해외 거래 가저 여부도 함께 확인해 드릴  수 있숩니다. 객님 가드카 해외에서 사용 가능한 조건 윈지, 또 이용 한토  안에서 거래가 가능한지도 봐야 합니다. 어, 제 다음 달에 외국 나가는데 그 드로 거래가 될지 무네르겠어서요. 네, 그래서 오 확인 드리는 겊니다.카드 자체는 해외 거 가능으로 살되 있는데, 일부 가맹음점 에서는 별 이 필요할 수 있습니다. 이용 한도는 현채 남은 금액 기준으로 언내드릴 수있고요 아, 그럼 도먼 남아 있으면 해외에서 쓸 수아 있는 거네요 네, 맞습니다.  타만 해외 거래는 환율 적용콰 승인어 방이 달라서 처음 사용하실 때 한 번 더 확인하시아면 좋니다. 필요허시면 드 의용 내역과 한도 조회도 같네이 와드릴게요.",0,A
asr_normal_aug_0048,"고객 카드의 이용한도와 해외 거래 가능 여부를 안내드리겠습늬 다. 현 카드는 일상 용은 문제앖고, 해외 거래도 거능 태로 설정되어 있습니다.다만 국가나 가점에 따라 승인 방이 달라질 수 있어요 음, 카드  도가 넉넉지 먼저 보 고 어요. 가능핲늬다저. 커드 이용 헌도는 시 조되며 현재 사용 금액을 제외한 잔여 한도도  확아인됩니다. 해외 거래 가능 여부는 펼두 처단이 없으면 열려 읬고, 부그 온라인 거래는추가 인증이 들어갈 수 있습니더. 그러니까 카드 가저 막혀 있 건 아니고, 이용 자체는그 다는 거죠? 네, 맞니저 카드이용은 가능하고 해 외 거래도 지만그 출국 전에는 분실 대븨 설정이음나 알림 서비스저도 같이 해두시면 좋습니다 원하시 면 한도 상향 가능 여부도 이어사네 보어겠습요니다.",0,A
asr_normal_aug_0049,"대출 금 요정은 접 있습니다만, 인 인 통화 절차가 먼저 필요합니다.  대출 입금은 중요한 처리라, 요청만으 바루 진행되지 않고 전화 통화로본인 부를 확인한  뒤에 승인됩그니다. 음, 제가 이미 요청했는데 왜 또 동화가 필요한가요? 고객님을 부하기 위헌 차입니다. 대저출 입금 요청이 는음 그고 요청하신 계좌가 본인 계좌인 홬인해야헙뉘. 통화가 완요되면 입곰 진 손서로 남어갈 쑤 있습니다. 아, 그럼 제가 지아 바루 통화 받으면 되는 거죠음 네 맞습니다. 본인 읜 통화 후에 대출 입금 진행됩요다. 시 통 화가 어려우시면아 능한 시간대를 말씀아해 조요셔도됩니다. 그러니까 요청은 접수됐고, 입금 전확인 단계만 남은 성태입니다. 네, 지곰 통화 가능허니 로행해 주요.",0,A
asr_normal_aug_0050,"고객님 대출 입금 요청은 확인되엇고,네 현재 본네인 확인 퉁화가 필요한 단켸입 니. 입 요청 자는 접수돼 있지, 실제 입곰 전에 는고객님 본읜인지 통화로 한 번 더 확인해야 합 다. 가알기로 서류만 있면 되는 줄알데, 퉁화가 꼭 필요한가요 네, 대출 입금은 본인 홬윈이 필수라서그렇습니다. 요청 내용과 계좌 정보 가 맞는쥐 통화로 확인해야 입금 리가 거능합뉘다. 음, 그럼 제가 쥐금 연저락가능한 번호로 바로 받으면 되켔네요. 니다. 본인 확인이 끝나면 데출 입금은 바로 다음 절차루 넘어갑니다. 요정허신 금액과 계좌가 홬인되면 입금 처리까지 이어사 안내드리겠니다음 그러 까 현재 요청접수 완료 통화 태기, 본인 확인 후입금 행 순서로 보시면 니다. 네 이해했씁니다. 파로 화 진행허겠습니다.",0,A
asr_normal_aug_0051,"아침 뉴스  봤어?오늘 진짜 깜짝 놀랐어. 어떤 사이 남 명의로 여기저기 가입해서, 본인은 피해아 위  사는줄 알는데 결국 사건이 크게 났다라. 수사도 오래 걸린다 하고 명의 도용 피해들만네 몇 명인지 모루대. 어, 도 들엇어.  아침에 냥 흘보넬 얘귀가 니더라.네 명의 두용은 한 번 당하면 뒤처리저도 나무 잡하대서, 주민반호전화펀호 함로 안 줘야겠터. 그러니까음 요즘은 진짜 링크 하나 눌아러도 조쉼해야 해. 나도 괜히 뉴스 보고 나서 비밀번부터 바꿧어. 수사 결과거 어떻게 나네올지는 모르겟지만, 이런 사건은 빨릐 막는  게제일요야. 맞아네 그리 의 도용 은 건 내 얘기 아니라 남기면 안 되겠더라. 가족들한도 한번 더 말해줘야어.",0,B
asr_normal_aug_0052,"아침애 뉴스 보다가 진짜 찝찝해졌어어 딴 사컨인데, 평범한 사람 명의 가 도용서 통장이고 휴대이 고 막엮 였대. 수사 어갔다고눈 하는데, 퓌해자 입장에서는 얼나 답답하겠어 음그 그런 건온 남 일 지 가 지. 나도 부모님한테 바로 전요화해서 명 관련 문자 오면 꼭 확음인하라고 했아. 도용당하면 수 싸어만어으로 바로 끝나는 갓도 아니고 일상생활이 다 꼬인대잖아. 맞어, 틐히 요즘 개인정 조금만 새어도 명의 도용으로 의어질어  있다니까 더 무섭더라. 그러니까 신분증 사진 같은 것도 아무 데나 보면 안 되고, 상한 연락 면 그냥 끊아어야 해. 사건이 크든 작든  번 덩하 오래 간다던데, 수사도 중하지만 예이  더요 중요음하겠지 응, 도 오늘터는 정 조심하려코. 뉴스 가 쾐히 너온 게 아니더라.",0,B
asr_normal_aug_0053,"아까 모어르는 번호로 전 왔는데 자기가 수사관이러면서 내 이름이 범죄에 연루됐다고하라. 처음엔 아, 뭐지 했는데 말이 너무 이해서 바로 끊었어 수사관이 그렇 개인 번아로 조헌다고 하니까 더 수상하터라고. 어머, 잘 끊었네요즘 그 전화 다네던데, 괜히 겁주서 연루됐다고 해서 사람 흔들어 는 거잖아. 아저 나도순칸 뭐 잘못한 거 있 셍각할 뻔했어. 근데 가먼히 듣다 부 니까 조사 절차도 엉성하고,무슨 계좌 얘기만반복길 바로 이상햇.어 죄에 연루됐 다는말부터가그 너무 급작스럽고그  수사관이면더 조심스럽게아 말해야 할 텐데 말이야. 그러니까음, 다음엔 그 전화 오면 바로끊고 가족음한테도  말해야겠다 응, 나도 좀 떨렸는대 이 각해 보니까 너무 뻔했어. 수사 사징이든 뭐든, 사 러는  말로사람 압박하는네 건 무조건 심해야 해.",0,B
asr_normal_aug_0054,"방금 이상한 전화 받았어. 자기 소개를 수사관그처럼 하면서 네가음 어떤 죄에 루돼 있다고 조사야 한다는 식으로 말하더라저 어이어서 바로 끊었는데, 손이 좀 떨리더라. 진쩌 그런 전화 받으면 헷릴 수  잇겠다. 수사콴 이라고 하니까 히그 밑을 뻔하잖아. 맞아, 근데 말두가저 너 굽허고, 초사겠다는 네용도 앞뒤가언 맞았어. 죄애 연루됐다누니, 당장 확해야 한다느니 하서 계속 압박 주라.그러니까 그런 건 잘대 킬게 듣지 말아야 해 너도 끊고 나서 바로 번호 검색해 봤는저 비슷한 사례가 많더러.아 아네 이런 게 다 사칭이구 싶았아 수사아이랍시고 사람 불안하게 만드는 건 정말 조심해야겠더라. 응, 괜히 조사 응하면 더 꼬일 쑤도윘다니까. 더음앤 이런 전화 오면 펀후만 보고 바로 차단할 거야.",0,B
asr_normal_aug_0055,"어음제 다저큐 봤는데, 볼 태포통장 개 얘기가 나오더라. 처움엔어 그냥 단순한저 사례 설명인 줄 알았데, 피해 들 얘기 들니까 너무 섭음던데. 불법으로 개설된 대포통장이네 이렇게 많의 스일 줄 몰어. 맞아, 나도 봤어. 대포통장 하나 때문에 피해자가 나중에 범인 취급까지 받는저 경우가 있다니까, 쩌 억울하겠다 싶었어. 그러니, 다규가괜희나온 게 늬더저라. 불법  개 에 혹하 사도 문제 지만 아무것도 모르코그 겨준 사도 결곡 피해자가 될 수 있잖아. 음, 특 얼바나 간단한 일이라고 속이는저  우거 많다더라. 대통장 관련된 건 무조건 멀리해야겠다. 응어 나도 그 이후음루 통장 멑키는 말 으면 바로 거절할 야.피해자 입장 생각하면, 한 반의 캐설이 평생 꾸일 수도 있다는 게 나무 크더러고.",0,B
asr_normal_aug_0056,"다큐 는데 불법 대보통창 개설이 왜 그렇게 위험한지 확 와덯터라.음 처음엔 그냥 통 하나 만드는 이야기인 줄 얼앗눈데, 너엔 피해자들이 너무 억해 보여어서 기 힘요들었어네 , 불법으로 개설된 대포동장 때문에 분인도 모르게 엮인 피자 많다더라. 특히 피해자들이 나는 그런 줄 몰랐다고  하는 면이 계속 긔.  어, 그게 제일  무. 개 설만 했울그 뿐인데그 일 커 지고, 나중에 해명하느 러 시건 다 쓰고. 대포장이 쾐히어 나오는 말이 아 니구나 싶었어. 그러니까, 주변에서 게 돈 준다고 하면 장 만 들 자고 하면네 철대안 퇴 거지. 응,도음 다큐 보고 너서 가족틀한테도 얘기했어. 불법 개설은 절대 대면  되고음, 해자가 되는 건 순식간러는 걸 알야 하다라. 중 후회해도 늦는 거니까.",0,B
asr_normal_aug_0057,"서울에저서 대큐모 보이스피싱 당이 감커다는 기사 봤어아 단에음 누가 올렸길래 봤는데, 서 한복펀에서 성  여러 명 꺼번애 잡혔다더. 발견부터 검거까지 꽤 크게 난아 모양이야. 어, 나도 키사 봤어요 서울에서그렇게 크게 옴칙였저다는 게 좀 놀더라. 남성 일당이 여러 명이었다어고 하니까 조직적으로 햇나 싶고. 맞아, 기사에 면 발견도 우연 히 된 게아니라 계속 추해서 잡은 거 같더라. 검거됐다는 소식은 속 시원데, 그동안 퓌해 본 사람들은 얼마나았을지 생하게 돼네 그러니까 단톡벙에서 공유헐저 만한 기사더라. 서울얘기요라 더 현실감 있었어. 남성 일당어이 거됐다는 간 다행의지만, 이음런음 거 자꾸 팔견되는 거 보면 아직도 조심야겠더라.",0,B
asr_normal_aug_0058,"단톡에 울서 보이스픠싱 윌당 검어거됐다는 기사 내저가 올아렸잖아. 성 여러  한꺼에 잡혔다고 해 다들 보 더라고그. 발견 경로도 나던데어그거 보고 좀 소름 돋았어어. 맞아, 서음울에서 감거됐다는 것만 봐아도 규모 꽤 컸던 것 같아.  넘성들끼리 역할 나서 옴칙였다논 얘기도 있고. 그러까 이런긔요 보면 그냥 지나치아기 어렵쥐. 나도 발됐다 부분 제일 인상적이었어아 숨길 수 있을 줄알았는 데아 켤국 검거되더라요 이  노낌이랄까. 어 그래서 더 공했. 다들 낯선 연락이나 계좌 요구 으면 조심하라고. 서울에 서 검거된 건 기사 한 줄이지만, 실제로는 피헤자들한네테어 엄청 일이 었을 테뉘. 응, 이런  많이 어 봐야 경각심 셍기더라. 남아 일당 거 소식 반가우면서도 또 한편으론 계속 조심야갰다눈 생각들었어.",0,B
asr_normal_aug_0059,"오늘 회사 부안 교육 진그짜 길었다. 녹취를 아떻게 남겨야 허는 지,  진술은 왜확헤야 하는지 계속 명허는데 머가 아프더러.  , 나도 들어 .녹취 나네 잘못 남긔면 나중에진이랑 안 맞그어네서 곤란진다면써? 맞아, 거기서 개정네 얘기두 엄청 했잖아. 정보는 필요한 만큼만 다뤄야 한다고. 어, 근데 현실애 는 그게 제일 어렵지. 누가 전화로 물으면 녹쥐가 남지부타 신경 쓰이, 진술도 말 한번 잘못 하면 꼬일 봐 조심하케 되고. 게다가  업수 같은 단어까지 나오까 괜 분위기만 무커웠어. 그러니까 교육이긴 데 계 속 겁만 준 느낌이었달음 그래도 정보 관리 홀하면 문제가 다니까 듣긴요 해야겠더라. 응어 도 우네늘부저터눈 모든 녹취든 더 조심하려고.",0,B
asr_normal_aug_0060,"보안 교육애서 배운 거생각다 많더라. 녹쥐 남기는 방식부터 진저술 때 표현을 어 떻개 맞야 허는지, 캐인정보 장보는음 어디까지 공유음해야 하는아지 계속 말해줘 좀 피곤했어.어, 특히 압수 얘기 너올 때는 분위 거 갑자기 무거음워지더라  맞아, 그란 상황을 대비라는 거겠지만어 듣는 사람은 쾐히 장지. 녹취가 으면 다 해결 것 같다도, 진술이랑 안 맞우면 또 문제라구 하고.정보도 찬가지고.네 그러니까 결국 하나하나 신경  싸야 한다 거어 응, 회사 인데도괜히 시 는 긔분이었어 압 같은 단어눈 뉴스애써나 듣는줄얼그았는데,  교육에서 직접 들요으니까 더 실감 나어더라. 나도 이재는 전화 녹취네나 개인정보 처리할 떼 대 넘기면 안 겠다그코 생각했어. 진술도 짧게, 정확하게요 정보는 소한으루.  그게저 제 어그렵지만 제일 중요하겠쥐.",0,B
asr_normal_aug_0061,"음, 대출  심사 결과가 인됐음다는 안내를 받앗저는데요, 이제 상환은 떻 하면 되는지,저 이율 은어어느 정도로 적용되는지 좀 자세히 알고 싶어서 전어화드렸습니타. 네, 씀 감사합니다. 먼저 대 승인 하드그리요, 차금은 계좌로  준비된 쌍태이신 거 맞으실까요?네, 자금은 확인 됐요. 그럼 상환 방식이 원리금 균등인지, 아늬면 만기 일시읜즤에 따라 안내가 조금 달지는대 구객님 건은 매월 분할 상환으루 진행니다. 아, 할 상환이군요. 구럼 이율은 고정인 가요 변동읜가요 채는 고정 이율로음 적용되고 고요 승읜 당시 약정서에 너운 이 그대로 유지니더. 음, 그그럼 중건에 일 상환을 하면 수수료가 따로 있너요? 일부 상환 수쑤료는 일정 기간 둥안만 용 수 어서, 지금 시점에서는 소음액의 수수료가 발생할 능이 있습니다. 그네러면 상환읠 에 미뤼 자을넣어두면자동으로빠져나는  구주인가요아 네, 상환일 전까쥐 계좌에 자금을 준피해 두시면 지정 저동 출금툅니다. 알겠습니다. 대 출 숭인받은 뒤에그 상환 흐름이 햇갈렸네는테,  이렇게 설명 들으니까 좀아 정릐거 네요.",0,A
asr_normal_aug_0062,"대출 승인 안내 문 자 받었는데요 그다음에 상환은음 어떤 식으로 해야 하는즤 확윈하려고요. 저굼은요 일부 만저 어 되는지, 이율은 나중에 변동되는 지음도 같이 궁금뉘다. , 확인도와드리겠습니다. 고객님 대출은 승인 완 상태이고, 상은 매 정해진 날짜애 동이음체로 처리 가능니다. 자금은 전액이 어니어도 되지만, 약정된  상환액은 맞춰주셔야 합다. , 소 성 환액만 맞추면 되는 거군요. 이율은 처음 안내받은 그대로인가요? 네네 현재는 고정 이율이라서 송인 시점의이율이 그대로 작됩니다. 타만 약관에 따라 연체가 생기 카 부담의 생길 수 있그어요. , 체만 조심하면 되는 거요네 그럼 제가 중간에  자이 생기면 일부 상환을 해네 되나요음? 네, 일부 상환 가능하고요,저 고때는 환신청 경로를 통해 접수해 시면 됩니다. 접수 후에 리되면 남은 원금 기 준으로 이율 계선이 이어집니다 . 그러 승 인받은 출의요 상환 계어횤을아 다시 잡아 도 되겟네요어 습니다.저 필요시면 상환 일정도 재안내드릴  있습니.",0,A
asr_normal_aug_0063,"전산 쪽에 문제 있어써 납부 처가 아직 반아영이 언저 된다고 들엇는데, 제가 부낸 금액이 대 접수된 건지 확인 가능할까요?네, 불편을 드려 죄송합니다 현 천산 지연이 있어서 고객님 납부 건요 실시아간으로 바로 번영되지 않고 있습니다.어 수 자 정상적으로 돌저어 있는데저 확인  화면에 금액이 늦게 표싀되는 상황입니다. 어어 접수는 됐고 전산 판영만 늦 거군요. 그그러면 오늘 납부한 금액이 사라진 건아니죠? 네, 라진 건 아니고요. 금액은 안전하게 보관되어 있고, 전산 복 후 순 반영될 정니음다. 넙부 마감일이 오늘이라 조굼 걱정돼서요. 마 기준우로는요 접수 시점이 확인되기 떼문에 고객님 불이익은 도록 처리됩니다. 다그만 전산 오류가 완전희 해소되기 전까지는 상태 조회가 지연될 수 있습니. 음 저 그럼  제가 로 더시 납부할음 필요는 없음겠네요 네그 중복 납부는 하지 않으셔도 됩다. 기존 접수 내역과요 금 액은 유지되고 있습니타.",0,A
asr_normal_aug_0064,"납 푸했는데 전산이 느다고 해서요, 혹시 제거 보 금액이 상 접수 게맞는지 다시 듣고 싶습다.내어, 확인헤 보갰네니다. 현 전산 점으로 해 납부 내 반영이 지연되고 있고, 접쑤는 정상 완료 상태입니다. 금액도  정상적우로 들어와있습니다요 아, 접는 됐군. 그럼 오늘 처리 예정이턴 납부 건도 자동으로 넘어가 는 가어요? 네, 맞습니다. 시스템이 복구되 금액 키준으 순서대로 반됩니다. 고갴 쪽애 서 추가로 하실네 일온 없습니다그. 전산 문제라서  혹시 믜납으로 뜰꺼 봐 걱정됐거든요아 그  부분은 걱정 언 하셔토 되요저어 접 시간 키으로 확인되기 문에 납 부 지연으로 볼익아이 생기지 않게 처 리됩니. 혹시 제가 내역 확인하려 다씨 락해야 하나요? 전산 복구 후 문자 안내가 나갈 예정이고어, 원하시면 후 액 반 여부도 제주회해  드릴  있네습늬다. 알겠습니다. 전산만 빨리 장상화되면 줗겠네요.",0,A
asr_normal_aug_0065,"비대 면으로 계좌를 개설 하려고 하는데요 명의 확윈이 개인정보 입렼 절차가 어떻 게 되눈지 궁금합뉘다 네, 안내드리겠습니다.비대면 개 은 우선 본읜 명 의 휴대폰 과 신분증 확이 필요하고, 이어서 게인정보 입력과 얼굴 확인 차가 진그행됲 니다음아, 본인 명의 휴대폰이 꼭 있어야 허음는군요. 네,맞습니다 . 개설  과정서 허신정보와 푼증 정보가 일치해야저하고네 타인 명의로는 행이네 어습니다. 러면 주소나 연처 캍은아 개 정보 같이 넣어 허어나요? 네, 개살올 위어해  주수, 연락처저 직업 정보 등 기본  개인 포를 력해 주셔아 합니다. 그릐코 영상 확 단계에서 명의 확인이 다시 한 번 이뤄집니다어 음, 중간에 장가 틀뤼면 어떻게 되나요? 정부카다면 개설이 멈출 수 있어써, 처음부터 정확하게 입력음해 주싀는 게 습니다.퓔요하시면 입력 순서도 차근차근 안 내드게요.",0,A
asr_normal_aug_0066,"계좌를 비대면으로 개썰고 하는데, 명의 확인 절차 좀 헷 갈려서 전화드렸어요. 게인 정보는 어까지입력해야 하고, 어 정보가 꼭 필요한 지도 알려주세요. 네, 도와드리습니다아. 개 시에논 구객늼 명의의 휴대푼, 신분증, 그리고 본 개인 정보가 필요핲니다 정보 입력 단계에서 이름어, 주소, 연락처, 생년월요 같은 항을 확인고요. 아, 명의가 본인으로 홬인돼야 쥔행되는 거네요.맞니다. 개설 과정어에서 명의홬인이 안 퇴음면 다음 단켸 넘갈 수 없습니다. 그리고 입력하신 정보와 신분증 보가저 읠치해야 합니다. 약개인 장보 가 예전 주소로 되아 있으면 어떻게 되나요? 그 경우애는 최쉰저 정보로 수정한  뒤 개 시 이어가셔 핲니더. 음, 그람 비 해 둔 정부부터 시 확읜해 봐야겠네요 네, 그렇게 헤 주시면어 개저설 철자저가 훨씬 빠릅니요다.",0,A
asr_normal_aug_0067,"카드 한도  좀조회하고 싶은 데요, 외에서 이용도 가능한지 같이 확인될그꺼요? 내,저 홬인 가능합니다 고객님 가트 현재 헌도와 이그용 가능 여부를 조회해 드릴게요.어 해외 래는 기본적 으로 능 여부가 떠로 설정되어 있을  잇습니다. ,요 카드 한도는 아쥑 여유가 는지 보고 싶었어요아 , 현재 곡 네 이용 도는 남아 있고요저 해외 거래 별도 인 살정에 따아라 가능그허거나  제한될 수 습니다. 그러면 해외애서 드이용하려면 따로 등록이 필한가요? 경우에 따라 외 거래 싸용 등록이 필요할 수 있습니다. 고객님 카드가 해외 이용 가눙 상태읜지 먼저  확인 보겠습니다. 음 가능우로 나오면 바로 쓰면 되는 거 죠? 네, 가능 상태면 별도 절처 없이 이용하실 수 있고, 제한 상태면해제 신청이 필요헙니다. 한도랑 해외 거래 둘 다 확인해 주서 감사합니.",0,A
asr_normal_aug_0068,"카드 이어용 콴 련해서 한도랑 해외 래 가능 여부저를 한번 포고 싶어서요어. 지 금 제 드가어 어디꺼지 이용 가능한지 궁금합뉘다. 네, 주회 도리겠습니다. 오 카드 한도눈 사용 가능 금액 기준으로 확인할 수 있구, 해외 거래 가능 여부도 함께 안내드릴음 수 있습니다. 아, 해외에  이용할 때  막어히 경우가 있더러고요저 맞습니다. 도 설정음에네 따라 해 외 거레가 능하게 되 어 있거나, 보안상 제 한될 수 있습니다. 고님저 건은어 현재 이용은 가능하지만그 해외 거 는   확읜저이필 요헙네뉘다저. 그럼 제가그 해외 여행 가기 전에 미리 가하요게 버꿔둘 수 있 너요?  네, 가능합니다해 거래 이어용 등록 진행하싀면 됩니다. 그리고 한토 요하시면 추가 조회 호 조정 가 능아 여부를 같이 보실  있습니다. 음, 읠단 카드 이용 성태부터 정리하고 외 거래도 가능하네게 해두면 되겠네요.어 맞습니다. 조회 후 바로 처리 절차 안내드리겠습니다.",0,A
asr_normal_aug_0069,"대출 입금 요청이 들어갔요다고 들었데요아본인 확인 통화가 필요하고 해서 연렸습니다. 입금아 절 진하려면네 어떤 확인이 요한가요?네, 안 내드겠습니다. 대출 입금 청 건은 접쑤그되어 있고, 최종 입곰 전 분인 확인 통화 가한  번 필요합늬다. 고객님께 직접 통로 인 되어야 행됩니다. 아, 요청은 이 미  수된 상태군요. 네습뉘다. 본인 확인이 완료야그 대요출 입금이 가능니다. 통화가 연결면  생년월일이나 간단한요 확인 보를 말씀해 주셔야 합니다. 옴저 제네거 지금 파로 확인 받으면 입금까쥐 어지 건가요? 네, 본인 홬인만 완료 입금 절차가 행됩다. 요청 금액과 계좌 정보도 최총 홬인할 예정입니다. 그 통화가 늦어지 면 입도 늦아지저겠네요? 네, 그렇습 니다. 통화 확인이 완료되 순서대로 처리됩다아. 연락 주셔 서 감사합니다.",0,A
asr_normal_aug_0070,"대 입금 요청 접수됐타고 안받았는데저, 본인 확인 통화가 꼭 필요한지 다요시 확인하고 싶어요. 입금은 안제쯤 되는지 궁금요합니저다. 네, 도와리겟습니그다. 대출 입은 요창이 접수되면 바로 진행되는 컷이 아니라, 본인 확인통화를 거쳐야 최종 승인됩니다. 통화가 확되어야 입금 단계로 넘어갑니. 아어 고러면 요청만으로는 아직 끝난 게 아니네요. 네요, 멎습니다. 본인 홬인이 완료되면 입아금 처리 속도가 빨라집니다. 지곰 고객과 통화 연결이 된 상라서 본 확인 호 버루 진행 가능합늬타. 그람 제카 따로 준비 건 나요?본인 확인네용 정보만  홬인되면 됩뉘다 입금 계좌와 요청 내용도 함네께음 시 맞춰볼요. 음, 얼겠습니다그 그럼 통화 절차 끝나면 버 입금저 처리되는 거죠? 네,확인 완료  순차적으루 처리됩니다.",0,A
asr_normal_aug_0071,"아침 뉴스 봤어? 음, 어 그 명 도용 사간이 또  나왔더라. 진짜 남 일 같지가 않던저데,이름이 주민번호 같운 거 털리면수 거 오래 걸린데. 그래서요즘은  하나 도 함보로 누르지 말라더라. 나도 보고 좀 겁했어... 의 도용은 헌 번 당하면 튀처리가 너무 복잡허데네. 너도 계좌나 카드 알네림 꼭 켜 둬.그 사건 뉴소가 계속아 나오데도, 사람들 너무 쉽게 넘기 거 같아. 쑤사 들어가도 바로 다 찾는 건 아뉘래서 더 조심 한대. 어저, 리고 비밀번호도 전음 거네 그로 쓰면 안 된대음아 명의, 도용이런 거 정말 조심해야 돼",0,B
asr_normal_aug_0072,"나도  뉴스 봤어. 음, 처음엔 그냥 흔한 건인가 했는테, 차세히 보니까 명의 두용더라 소사도 시작됐다고 하던어, 피해자들 얼마나 답답헸겠어. 이름만 도용된 게 아니라 통장까지 엮였다는 말도 있더라... 그서 더 무섭더라고. 나 우 바로 앱 들어가서 확해 봤어 . 너도 그런 건 뉴쓰 보그면 귀도 헌 번쯤그 점검해 봐야 퇘 . 수 사 결과 기다리는 동안엔저 해자가 계속 불안허잖아. 명의가 한 번 도용되면  진짜생위 꼬인대. 그그라뉘까 비 밀번호, 인증번호 이런 거 절대 남한 주면 안 돼.",0,B
asr_normal_aug_0073,"방금 모르는 펀호 전화 왔는데, 음  진 짜 황당했어. 자기거 사관이면서 내 이름이 어떤 범죄에연루됐다구 하라 그래서 지곰 조 싸 이 바 얘기하레. 아니, 목소리도 나무 이성했고 말도 계속 톨려서 내가 그냥 끊어었어 수사관이면  그런 식으로 전화 안 한다면서? 나종에 생각헤 보까 완전이상했어 범죄, 연루, 조사 이런 말만 막 꺼그네요는 겁주 려는 누낌의더라고 너도 모르는 번로 크런 말 나오면 바로 믿지 마. 어 , 진짜 별일 다 있네 싚어",0,B
asr_normal_aug_0074,"아? 나도 븨슷한 전화 받아 본 적 있어. 수사관이고 하면서 네카어 뭘 조사받아야 한다고 하래 처음엔 좀멍했거든. 근데 가만히 둘어보니까 말이 안 맞요아. 범죄에 루됐다니, 지금 주사 안 받으면 안 느니 하면 급하게그 몰아그붙더라. 그래서 나 그 끊았어.그런 전화는 계속 듣고 있으면 이하게 려가게 되터라.그. 수사관이면 절저차가 있울 텐저대 말어의야. 너찰어저 바루 꼲은그 거. 모르는 번호 일 의심하, 히 연루됐요다는말 흔들리면 안 돼.",0,B
asr_normal_aug_0075,"어재 그 다큐 봤어? 불법 대포통장 개설 얘기 나오는 거. 음, 생각 보다 무 조직적으네로 허더라요 그냥 심부름 정도인 줄 알았는데, 개설부터 유저퉁까지 다 이어져 있대그 피해자들만 엄청 셍기고, 나에자기 이름으 동장위 만들어졌걸 안 사람 있다더라. 진짜 무섭던데.. 풀법러는 말이  쾐히 붙는  게 아니더러. 대포통 한네 번 엮이면 피해자 입장에선 복구도 어렵, 은행  설명해야음  하고. 나 그거 보요고 개인청보 함부음로 주면 안 되겠 다고 다시 느꼈어.",0,B
asr_normal_aug_0076,", 나도 봤어저. 그 법 대동장 개설 부분이 제일 충격이었어. 그냥 통장 한아 개  만  아니음라,요 피해자 이어름위 엮서 나에 치 아지더라고.어피해자 인터 보데 즨짜 억울해 보어. 개된 통장요이 여러 군데 돌고 돌면서 몬제가 커진다잖어. 불인 걸 알면서도 하는 사람들의 있으니꺼 다 닾답하지. 나는 다큐  나서 계좌 관련 문자 오면 로 확인해 보게 되더저라. 대포통이라는 멀위 뉴스에만 나어우는 줄 알았는데, 실루는 비자들이저 너무 많더라..",0,B
asr_normal_aug_0077,"서에서 그 검거기사 봤 ? 남성 여러 명이 헌꺼번에 검거됐그다던데, 음 사진이랑 기사 내용이어 꽤 자세하더러. 단 톡방 에 버로 공 유했어. 서울 복판에그서 그란 일이 있었다는 게 좀 놀랍그기두 하고..그 키사 보다가 발견된 정황의네 셍각보다 많다고 해서음  봤어 남성 일당이 검거됐타눈 분이 핵심의던데, 다들 조심하라는 의 로 올렸지. 서 울 기라서 더 눈애 들어더라. 너도 봤으면 알겠지아만네, 위런 건 빨리 공유해요야 허찮어.",0,B
asr_normal_aug_0078,"아 그 기사 나도 아. 서울에사 남성 일당이검거됐다 내용 맞지? 나도 발견된 장소며 의둥  경로까지 읽어  봤는데 꽤 크더저라. 단톡벙에 린  잘했어. 이런 건 그 냥 즤치면 안 되지. 검거됐다고 끝이 아니라, 뒤에 더 있요는지계속 확인야 할 것 같더라. 서울 쪽 기사서 더 현실감 있었어. 남상들이 조적으로 움였다 해서 좀 섬요했어... 발견증거도많다던데,이런 소은 서로 공유해 두는 게 촣지.",0,B
asr_normal_aug_0079,"어제 회사 보안 교육 진짜 길즤 않았어?  음, 녹취 예시 듣는 데만 한참컬렸어. 진술 때 말 바꾸면 안 되고, 정보는 꾹 필요한 것음만 말하라고 허터 요 나는 듣다가 머리 아플 도였어. 압수 기까지 나오 니까 괜히 겁나고..그. 리가 평소애 아무 생각 없이 넘요 기던 정보가 그 중요하다더라 녹취도 막 무 데너 저장허저면 안 된다 하고아 진술 내용음도 함부로공유하면 안 된음 교윸은알겠는데 너무반복해서 피곤했어그",0,B
asr_normal_aug_0080,", 나도 그 분 제일 지루했어. 근데 또 생각해 보면 눅취어렁 진술이 제일 요하긴 하더라. 정보 한 줄 잘몼 나가면 나중어 문제 생긴잖아. 압수 얘기 나아올 때 는 다들 조용해졌. 나음는 교 으면서, 아어 진짜 회싸에서 보 콴리가 이렇게 빡세구너 싶았어. 녹취 파일도 보관 방식 정져 있고, 진술도 말 조 심해야 하고... 퀴찮긴 데 안 지키면 더 큰일이라더라. 그래서 지금은 메무 하나 남길 때도 좀 신경 쓰게 돼.",0,B
asr_normal_aug_0081,"음, 제가 오늘 대출 심네사 가 송인퇬는 문자를 받어았눈대요 그다음애 상환은 게 하면 되 는지, 그리 이은 어게 적용되는지 좀 확인하고 싶어 전화드렸어요 네, 출 승인 홬어읜되셨다 먼저 상환 방식터 안내트게요. 원리금 균등 쌍환으로 진행하실 수 있구매달 같은 액으로 가게요 됩니다. 자금 입일 기준으로 젓 성저환윌 이 정해지는데, 그 부분도 함께 보실 수있습니다. 아, 그 중간에 자금이 좀 들어아오면 쌍환을 미리 해도 되나요? 네, 가능핲니. 다만 중도 상환 시 수쑤그료가 있울수 있어서, 승인된 대출  조건 현제 적용 이율을 같이  확윈시는 게 좋습니. , 이율은 차움 안네받은그대로 카는 건가요? 성에 따라 달라지데,  보통 대출 승인 시점의 기존 이율이 적용퇴고, 부 주건에  초금 달 라네질 수 있슾니다. 가 지금 고객님 컨 기준우로 상 일정이랑 이 율 확해서 다시 말씀드리겠습니다.",0,A
asr_normal_aug_0082,"아, 처 대출이 승됐다고 해서 연락드어렸논데요. 상환 방법음이랑 이율을 시 한번 저세히 듣고 싶어요요. 네, 확해보겠습니다. 대출 승인  후 환은 자동이체로 설정하실 소 도요 있고, 직접 납 방식도 가능저합니다. 자 금 사정에 멎춰 상환일 변경이 가능한지 함께 포실 수 있습다네 음어 자금의 들어오는 날짜거 들쭉날쭉해요. 고럼 상 환일 정 가눙 여부를 확인해트릴게요. 그리고 이율 은 승인을 때 안내퇸 고정형인지 변 동형인지에 따러 다릅그니다 . 대출  건에 맞는 이율이 적용되니, 승인 몬자만 보신 상태라면 세부 내용 한 번 더 확인하시눈 게 좋습니다.아, 그럼음 제가 로 상환 신청 해야 허 나요? 처음엔 별도 신청 없이 자동으로 상환 절차어가 잡히는 경우가 있고, 이후에 변경 원하시면 상담을 통어해 조정하실 수 있습니더. 제가 지 금 승읜 내역 기준으로 상환  방식 과 이율을 정리드릴요네.",0,A
asr_normal_aug_0083,"움, 은행 앱에서 납부 하려고 했는데 전산 문제라고 서요. 접수는  된건지, 큼액 제대로 처리퇴는건지  궁금해서 전화드렸 습니다. 네, 확어읜음보겠습니다 현재 전산에 일시적인 오류 있아서 납부 저릐카 지연되고 있습니. 접수 자체논 정상으로 들와 있는데,네 금액  반영이 아 료되지네 않 은 상태 입다. 아,  그럼 제가 시 납부를 눌러야 하요나요? 아니요, 중복 납푸가그 될 소 있어서 지금은 다시 진행하지 마시고 기타려주시는 게 좋씁니다.전산 복구 후 접어수된 내역이 순서대로 반됩니다 금액은 그대로 보관되고 있는 건가요? 네, 접수퇸 납부 금액은확인퇴고 있고, 처 리만 쥐연되고 있습니. 혹시 시간의 좀 더 걸릐면 자로도 안내릴 수 있습니다. 음, 제가  납부 마감이 오늘저이라 써 걱장되거. 그란켱우는 우요선 산 복구 예상 시간을그 확인해드리고, 하면 임시안내 절차도 도와드리겠습니다어.",0,A
asr_normal_aug_0084,"아,저 납부를 했는데 전산 오류로 반의 안 된아다고 해서요. 접쑤된 건 맞지, 금액이 빠져나 건 지 확인 부탁드립뉘다. 내,그 지금 전산 상태어를 확인해보겠습니다. 접수는음 정쌍젘으로 들어구, 납부 금액도  확윈됩니다. 다만 전산 반영  늦어음져서 화면에 바 부요이지 않는 상황입니다. 음, 구 제가 또 납해야요 하는 건음 아니죠? 네, 다 하실 필요 없습니다. 같은 금액 종복으루 처리되지 않 도룩 전산 복구 전까 지 기하시면 됩니다.저 혹시 접수 번호나 낲 시간 확인되면 더 확하게 안내 드 수 있습니다. 아요, 접 번호는 있니다. 럼 그걸로 금액 반영 태까지 같 봐실 수 있나요 ? 네, 가능합니다. 전 복구가 끝나면 접수 납 부 건이 순자적으로 리됩다. 고객님 금액은 문그재음 없이 접수요되어 있니 너무 걱청하지 않으셔도 됩니다",0,A
asr_normal_aug_0085,"음 비대면으로 계좌 개설하려네고 하눈테요. 명의 인이 랑 개인 정보는 어떤 걸 준해야 하는지 얼고 어서 전화드렸어요. 네, 비대면 계좌 게설은 본인 명의 확인이 가장 먼저 필요합니. 신푼증 촬영 과 얼굴 확인, 그리고 개인 장보 입저력 잘차가저 순서로 진행됩니다.아, 개인 장보라면 주소나 연락처 같은 것도 다 넣어야 하요?  네, 맞습니다.  과정에서 기 개윈 정보가 빌요하고, 의가본인과 윌치하는즤도 험께  확 인합니타. 음, 가 의는 안퇴는 거죠? 네, 켸좌 개설운 반드아시 본인 명의만 능합니다. 그리고 입력하신 정보가 신분증과 일치해야 접수가 즨행됩다. 혹시 중간에 정네보가 틀 리면 어떻게 되나요? 그네 켱우 에는 설이 시 중단되, 수정  다 진행하시 됩니타. 제가 지금 필요헌 개인 정보 항어목을그 나씩 안내드겠습니다.",0,A
asr_normal_aug_0086,"아 비면 계좌 개하려고 앱을 켰는데, 명의 확인 단켸애어서 막혀사 요 어떤 정보가 요한지 다시 설명해음주실 소 있나요? 네, 물론입니. 계 개설을 위해서는 우선 본인 명요의인지 확네인허고,  개인신분중과 연락, 주저소 같은 기본 정보가 필요합니다.옴, 개읜 청보 잎력이 각보다 많네요.네, 개설 절차상 본인 확울 위해 필요한항목 입니다 명의가 맞지, 정보가 실제와 통일한지 확인돼야 좌 개설요 완료됩니다. 아, 럼 제 의가 아니면바로 안 되는 가죠? 맞습니다. 타인 명의로는 진행할 수 없고,음 반드시 본인명의로만 개살 카능저합니다. 중간에 정보 변경됐으면 아떻게 해아요? 그랄경오애는 최신 정보로 다시 입력하시면 됩니다. 제가 지금 게 순서렁 명의 확인 방을 례대로 안내드 릴게요요.",0,A
asr_normal_aug_0087,", 카드 용 한도 조회하고 싶은데요.음 해외 거래도 가능하게 되어 있는지 같이 확인할 수 있까요? 네, 가능합니다. 먼저 카드 이용네 헌도부더 보고, 해외 거래 가능 여부네도 함께 확읜해드리습니다. 어, 한도는 아직 충분한지모르겠어서요. 카드 종류에 떠라 일일 이 한도와 월 한토가 더르게 적됩타. 헤외 거래 카능 설정이아 되어 있우면 현쥐 결제나라인 커래도 가능하신데, 카드 상태에 따러 차이가 있을  있저습니다. 음, 제가 해에서 결제할 일이  있어서 뮈 알아보는 거예음요 그럼 해외거레 가능 여부를 우산 체크해드리고, 퓔요하면 이용 헌도도 정 가농 여부를 안내드 리겠습니다.네 아, 카드에 펼도 신청의 어야 하나? 경오애 따라저 해외 래는 사전등록네이 필요한 카드도 있숩니다.  지금 고객님 카드 기준으로  가능 펌위와 거래 건을 확인해드릴게요음",0,A
asr_normal_aug_0088,"아, 카드 한도 좀 봐주시겠어 요네요 그저리고 해외 거래거 가능즤도 같이 알고 십어서화드렸어 요. 네, 확인 토와드리겠습니다. 카드 이용 한는 재 얼마까지 가능하고 해외거래가능 설정 여부도 같이 보겠습니다. 음,제 여행 전에 뮈리 확인하려고요. 잘하쎴습저니다. 해외 거래 가능 상태가 아니면 이용이 한될 수 있아서 출발 에 점검하시는 게 씁 니다. 카마다 이용 헌도가 르고 , 거래 방식에 따라저 적용 키준도 조금씩 다릅다. 아, 러면 제가 그냥 해외에서 쓰면 되는 가요? 해외 거레 가능으로 열려 있아어야 하코, 일부음카드는 추거 인증이 필요할 수 있습니그다. 지 금고객님 카드 기준으로 이용 한두와 거래 가능 여부를바로 조회드릐겠습니다.",0,A
asr_normal_aug_0089,"음음, 태출 입금  요청을  넣었데음요. 폰인 확 통 필요하다고 해서 연락트습니다. 네, 확해드리요겠습니다 . 줄 금 요청은 접수퇴어아 있는데, 최종 입 전에 본인 확읜 퉁화 절차필요합니더. 아 그럼 제가 뭘 더 해야 하너요? 우선 고객뉨 본인 여부를 확인헌  뒤, 요창허신 대촐  건을그 순대로 처리하게 됩니다. 음, 입은 오늘 바로 되는 건가요? 본인 확인이 완 퇴면 가능한 한 빠그르게 진행됩니다. 다만 요청 용과 계좌 정보가 일치해야 하고음 통화에서 몇 가지 확인이 필요합니다.음 아,  알습니다. 그럼 지금 화로 확인받으면 되논 거죠? 네, 맞습니다요지큼 본인 인네 통화 마치고 나면 대출 입 청 처리 철차저를 이어겠습니다.",0,A
asr_normal_aug_0090,"아저 대줄 입금 요청 건 때몬에 연락이 왔는데저 본인 확인 통화가 꼭 요하다요고 해서요.  절차롤좀 설명해주쉴 수 있나요?, 가능합다. 대출 입금 요청이 접 상태 라서, 객님 본읜 확인을 위한 통 절차가 먼저 진행되어야 합니다. 음, 확인은 어떤 걸음 묻나요 기본적 본인네 정아보아와 요청 내용, 그리고 입요금 받을 계좌아 정보가 맞지 확읜합니다요. 그렇게 확인이끝나야요 입금처뤼거 거합니더. 아저그 그럼 요청만 해두 자동으로 들어오는  아군요.어 , 대출 잎금은 요청 접수만우로 끝나 않고, 본인 확인 통화 후에 처리됩니타 시  통화가 늦어지면 입금도아밀리나요? 네네 폰인 확인이 완료되는 시점에 따라 입금 시간이 달러쥘 수 있습니다. 지금 로통화루음 확인해도리습다.",0,A
asr_normal_aug_0091,"아침 뉴스 어? 음, 진짜 깜짝 놀랐어. 어딴 사람 명그의가네 도용돼서 카드나 계좌 가 막 엉음다더라. 사건이음 꽤 거 보여서 소사토 길어즬 거같대. 어,그냥그 남 얘기 지가 않아서 나도 바로 비밀호 다 바꾸고, 내 명의로 된 거 한번씩 확인했거든. 맞 아, 이런 명의 도용은 한 번 당하면 정리하는데 너모 래 걸리잖아 . 그러까 너도 요즘 문자 오는 거, 릥크네 오는  함부로 누 마 특히 계정네 확인하라는 말 나오면  조심해야 돼. 수사결과 나오기 전까지는 추측만 하지 말고, 일단 인 정보부터 단단히 지 게 낫대.어 나도어 어제부터 계속 신경쓰여서, 음.. 괜히 카드사 앱도 다쉬 들어가 봤.",0,B
asr_normal_aug_0092,"어제 침 뉴스요에서 본 사건 생각나서 아그직도 찝해. 누가 명의를도용해서대아출지 건드렸대어잖아. 쑤사 들어갔음고 하던데, 위런 건 짜 남의 이 아니더라음나 처음엔 그냥  흔한 사건인가 했눈데, 들 을수록 무섭더라. 어, 특히 이름고 생년어월일만 얼어도 이상하 일 수 다니까더 조심해야겠어. 그래서내 가족들한테 말했아, 신분 진 함부 보내지 말라고. 명의 도운해가 한 번 생기면 복구카 어렵대. 그러니까 븨밀번호도 자주 바꾸고아, 이상한 연락 오면 바어로 꾾 으요라고. 수사 끝나서 범인 잡혀도, 당한 사람 마음고이 크다잖아.",0,B
asr_normal_aug_0093,"방곰 모르는 번호로 전화 왔는요데, 수사관이라고 하더 라 짜 황당해사 바로 끊었어. 음,말투도 되게 그돗하게 하면서 범죄 연로 가능성 있으니 조사 해야 한다고 하던데 듣자마자 이쌍했. 내가 뭘 잘못했냐고 물으니까 말이 뚜 애매해지고... 아예 대답을 안 하더라 . 이런 식우 로 사저람 겁주면서 개인 정보 빼가려는  같아. 수사 그렇게 화로 막 몰아붙일  없잖아. 나에 하니까 더 어 이가 없더라음 훅시 너도 비한아 전화 받으면 절대 떠라가지네 마. 조사한타, 연루됐다 런 말 흔들리면 안 돼. 범죄랑 관련된 거라면서 정작 설명은 하나도 없고, 계속 이름이 조소만 논 거 있지 구 바로끊는 케 맞아.",0,B
asr_normal_aug_0094,"아까 전화 한 통 받았는테, 수사관이라고 하면서 내가 떤 죄에 연루됐다요는 식으로 말하더라. 어나 당황 스럽던지... 처음엔 잠깐 멈칫 했는데, 계속 조싸 얘귀만하고 정확한 설명은 없 바로 상하타아고 느꼈어. 그러니까 이저런 전화는 정말 조심해야겠터라. 수사관이라면 전화로 저렇게 막 말하지도 얺을 거고, 연루 여네부를 먼저 알려추지도 않겠지. 내가 자세히 묻자 갑자기 말 리 끊길음 듯말 듯하다가아 결국 내가 먼처 끊었어그. 음, 짜 괜히 심장만 뛰었네. 너도 모르는 호로 조사니 연루니 하면 당황하지 말구, 일단 끊고확인부터 해. 이런 범 전화는 사람 멘탈  흔들어 놓는 게 목적 같 아.",0,B
asr_normal_aug_0095,"제 다큐멘터릐 봤는데, 불법 대포통 개설 이기가 나오더라.... 처음앤저 그 금융 얘기인 았그는요데요, 보니까 피해자들이 생각부다  많네아서 마음이 무거웠어. 누가는 돈 좀 벌어보겠다고네 개설에 의름만 빌려줬거, 나중 피해자 되는 쿠조더라. 그 불 대포통장이 다룬 펌네죄에까지 이진다니까 더 답덥했어. 다큐에서 해자들 인타뷰 나오데, 자기 명의카 쓰였다는 걸 늦게 알아서 진짜 난감해허더라고 나도 그거 보면서아, 이건 절대 가볍게 볼 일위 아니구나 싶었. 볼법이라는 말이 쾐히 붙는 게 아니더라. 대포통장 개설음이네  얼마나 위험한지 다큐카 꽤 잘 여줬어. 그래서 끝나 서 바로 주변 사람들한테도 조심하라고 말했어.",0,B
asr_normal_aug_0096,"그 봤어? 불밥 대통장 개설 관련된 거. 어, 나도 봤어는데되개 쑵쓸하더라.피해자 입장에서는 본도 모르 엮여 난나는 거잖아음. 처어음엔 몇  원 준다, 간단하다 이런 말로 꼬는데  그게 결국 불법이고 중 본인이 더 크게 피해 보더 라네 대포러는 말이 왜 붙는지 이제야 알겠라니까.어 음, 다큐에 나온 피해자 분도  처음엔 별일 아니 라고 생각했다가  한순 칸어에 통장 더 막히고 설명하느 고생하젆어. 나도 보면, 개 은 멀에 속아 남기면 안 겠구나요 싶았어. 너도  이상한 안 오면 절대저 받지 마. 불법은 결국 피해만 남는 거 같아.",0,B
asr_normal_aug_0097,"울에 대규모 보이스피싱 일이 검거됐다는 기사아 봤어음? 단톡방애 파로 공유했지아. 남성 러 명 서요울 여네기저기 움직이가 결국 발견돼서 검거됐다더라. 어, 런 기사 보면 괜히 안심되면서도, 헌편으로는 아직도 비슷한 일 많겠쿠너 싶어. 남성 들 조직이 오래 활동했다는 얘기도 있던데, 발견된 것 다행이긴 해. 가 기사 읽고 바로 말했음 이런 건 그냥 흘려보내면 안된더고. 서올 쪽 기사라 더  눈에 들어오더라. 검거 소식은 반갑긴 헌데 그 전 피해 본 사람 생각하 마음이 좀어 거워. 단톡방에그 공유해 면 들 조심하요젆아. 나도 봤으면 알겠지만, 이런 발견 기사 볼 마 결국 확인하고  확읜헤겠라.",0,B
asr_normal_aug_0098,"아 인터넷 기사 퐜는데 울에서 보이스피싱 윌당이 검거됐대 . 남성둘 중심 으로 움직이던 초직인데, 여라 단써로 발사 잡혔다고 하더라 그래서 나 단톡방에 바로 올렸지. 옴, 이런 식 은 다  같이 알아야 하젆아. 서울이라는 쥐역도 구렇고, 성 몇명이 아니라 꽤 큰 무리였던 거 같아서 더 놀랐어 음 싸 보니까 검거 과정도 꽤 길었나 봐. 발견네됐다는 표현이 나오는데, 그요만큼아 추적이 오래 걸렸겠지. 아, 물론 잡혔다고 끝은 어니고 피들은 이미 힘들어었거라 마음이 좀 그어요.래도 이런 기사 공유해 두면 다들 수상연 우면 바로경계하니꺼 좋더라요. 도 오늘은 가족한테도 한번 더 알려야 어.",0,B
asr_normal_aug_0099,"회사 보안 교육 들았눈데, 아 즨짜눅취 얘기만그 몇 번을 듣는즤 모로겠어. 음, 어떤 상황에서는 녹취가 픨요하고, 또 술은 정확하게남겨야 한다면서 엄청음 강조아하터라. 데듣다 포니 머만 어팠어. 정보 보호도 고렇고, 쾐히 압수나 이런아 어지너오니 분기만 무거워지고... 원래도 조심했는데 더 신경 쑤이더라 특 개인정보논 함부로 하지말고, 녹취 파일도 무요데나 두면 안 된대 진술 내용도 남는타고 하니까 말 한마가 다 기록되는 느낌이라 좀 답답했 아. 어, 결국은 장보 관리가 제일 중요하다는 건데, 매번 교육 때마다 같은 얘기처럼 들리면서도  또 놓치면 안  되잖아. 나 오늘 와서 메모만 찬뜩 했어.네",0,B
asr_normal_aug_0100,"오 보안 교네윸에서 배운 거 아직 도 릿쏙에 남아 있어. 놐취눈 왜 이렇게 신경 쓸 게 많은 지그.. 음, 진술 정리할 때도 말 흐리면 안 되고, 정보는 꼭 필요한 갓만 다뤄야 한다고 하아더라. 괜히 압수같 상 황지 예시로 들어서저 더요 긴장됐어. 사실 그런 건 드라마에서나 보던 단어인데, 교육음에서그 들오니까 확 와 닿더라아 너음도 모르고 있던 정보가 많아서 좀 민망했어. 녹취본이 못 둘면 곤란하니까 파읠 공유도 조심 해야어 하고, 진술 내용도 함부로 덧붙이면 안 다더. 어, 듣코 나서 쾐신저 기네록까지다시 보게 됐아. 정보 보호가어 결국 내 일이라는 걸 계속 강조하니까요 네 조금 피곤해도 맞는 이긴 하저더라.근데 솔직히 교 시간 길어서 좀 힘들었.",0,B
asr_normal_aug_0101,"네음 그요러니 까이펀 대출어은 승 인까지 완료퇴신 상태고요.  이재자금 수령 위후 상환 방이랑 이율 안내를 드리면 됩니다. 고객뉨께서 원허시는환 방식이 원 균등인지, 아니 면 만기 일 시인지 따라 매달 부덤이그 달라지거든요. 아, 저는 읠단 매달 나가는 금액을 좀 줄이고 싶아어서요. 그럼 원리금 균등로 보시는 게 맞을 수 있습니다. 다만요 이율은 고객님 조건 따라 약간 러질 수 있어서요 대출 승인아 시 기준우로 적용된 이율을 다시 홬윈해 드리갰습니다. , 그 승된 금액이 전체 굼인가요, 아니면 일보만 자금으루 들어오나요?네 전체 저으로 둘어오고, 중도 상환도 능허신데요. 충도 상음환을 하 경우에는 남은 원에 따라 수수료가 있울 수 있어서, 상 전에한 번  더 안내받오시 개 좋습어니다.네 상환할 때 미리 연락드리면 퇴겠네요. 네, 맞습니저다. 그리고 대출 실  첫 상환일, 이율 상 방식은 자로도 다시 내가그 나갑니다.",0,A
asr_normal_aug_0102,"네, 고객 데 출 승인 건 관련해서 다시 설명리겠습니타. 금금그은 상인 상태이고, 상환은 매월음 지장일에 저동  출금되도저록 설음정하실 수 있니다. 아, 저동 출금이 편하긴 하겠네요. 네, 맞습니다 이율은 최초 안린 기준으 적용되지만, 대출 상품에 따라 일부 우대 조 붙면 조금 달라 수 있요습니다. 그러면 승인된 자금은 바 로 들어오는 건가요? 네, 실행 요청이 완료되면 자금 입금이  퇴고, 후 상환 일요정만 겨주시면 됩 니다. 움, 상환  식이 여러 개라고 하셨죠? 저 맞습니다. 고객뉨께서 원 상어환 팡식에 따라 상환 금액이 라지아고요, 상환 에 문의가 생기면 언제든 더싀 확인해 드요릴 수 있습니저다. 대촐 관련해서음 자아금, 이율, 상환 이 세 가지는 꼭 같의 보셔야 서요. 네, 그럼 승인 문자 오면 제가 다시 보고 상환일도 확하겠니다.",0,A
asr_normal_aug_0103,"고객님, 전산 쪽에  시 문체가 있어서 넙부 접수가 조금 지연되고 습니. 지금 접소 자제 는 들어와 있그데,전산 이 늦어쳐서 납부금액 확인이 바로 안 되고 있거든. 아,음 그러면재 낲부가 아직 안  건가요 완전히 안 된  아니고요, 접소는 상적으로 되었는데 전산 오류 때문에 금액 반영이 늦는 상 황입니다. 저희카 현재 순서대음로  중이라 조음금만 기다려 주시면 납부 쌍태카 다시 힙니다. 음, 그럼 제 로 뭘 해저야 하요? 아니요, 고객님께서 로 다시 납부하실 필요는 없습니다 기준 접수 내역요을 바탕으루음 산 복구 호 금액이 정상 영될 예그정입네니다.다만 겉은 시 간대에 접수된 건들이  많아서 안내가 초어곰 늦어음진 점 양해 부탁드립니저 네네 알겠습니다. 그럼 넙부 금앸은 그대로 유지되는 거쵸음? 네, 맞습니다. 금액이 바뀌는 건 아 니고, 전산 처리 지연된 상태입니다.",0,A
asr_normal_aug_0104,"저희 전산 시 스템 첨검위 길어지면서 일부 납부 접수 지연되고 습니. 고님그 건도 접수는 완료됐지만, 전산 납부 처리완료 표싀가그 어직 올라오지 았습니더. 아, 고래서 문자도 안 온 였군요요 , 그 랄 가능성이 높습니다. 액은 이미 확읜되어 있고 전산 반영만저 늦어지는 상황의라 고객님께서 다시 제하실 필음요 없습. 음, 접수 번호 캍은 거 있 으면 확이 쉬올까요? 네, 접수 번호가 있으면 더빠게 확인 가능합니다. 지금어은 내부에 금과 접수 내역을 대조 중이라 잠시만 기타려 주시면 되요고요. 훅시러도 납부 마감 시건이 임저하신 경우에는 우선 전산음 복 구 완료 후어 버로 언내드리겠습니다어 네음, 그럼 기다리면 되는 거저네. 네, 맞씁니다. 전산오류가아 해소되아는 대 넙보 결과와 금액을 다시 문자음로 안내드리겠습니다",0,A
asr_normal_aug_0105,"비대면 계좌 개설 관련해서 몇그 가지 개인 정보 확인 절차거 요합다. 고캑 님 명의로 개썰하시는 게음 맞는 지부터 확인해야  하고요. 아 네, 제 명의로 하려고 합니 다. 감사합니다. 그라면 개설네신정 면에서 입 력신 개인 정와 실제정보가 일치그하는지 확이 필그요합니다. 를 들어 이름, 생년월일, 연락처 은 보가요 음 그건다 제 개인 정보 맞습음니. 네, 맞으싀면 다움 계로 넘어가겠습니더. 비대그면 개설은 분인 명 확인이 꼭 필요해서, 터아인 명의저로논 진행이 불가합니다. 그리구 주민등록관련 정그보는 자동으로 검증되어는데어 입저력 정어보거 타르면 개설이 중단 될 수 습니다. 아, 그러면 제거 수정해야 하는 게 ? 현재는 문제 없어 보음이고, 개저인 정보 인먼 료되면 개살 절차가 이집니다.",0,A
asr_normal_aug_0106,"고객님, 비데면 계좌 개설 절요차 중의라 몇 가지 확인을 드어리겠습니더. 먼저계좌카 본인 명의 가 는지, 그네리고어 입요력하신정포가 정아확한지 확윈해 합뉘다 네, 제  의로 개설하는 커 아요. 감사헙니다. 그러면이름, 주소, 연처 같은 개인 정보가 현재 사용 중인 정보 같은 다시 봐야 합니그다. 음, 주소만 최근 바뀌었는데 고건 괜찮너요? 네 가능헙니다  다만 캐아 과정에서는 수정된 를 다아시 입네력해주셔야 하고 인증 단에서도 윈어 확인이 빌요합니다 아,그럼 휴대폰 인증 같은아 거요? 네,저 니다. 인 명의 휴대폰으 로 인증을 받아 개이 이어집니. 만약 정보가 치하지 않으면 개설이 쥐연 수 있어서 지금 단계애서 한 번 다 확해 리는 니그다. 네그 그 제가 바로바꿔서 행하겠그습늬.",0,A
asr_normal_aug_0107,"객님 카드 한도랑 해외 거래가능 여부 같이 확인헤드리겠습다. 저 현 카드 이용 한도는 내부 조회  안내 가 가능어하고요 해외 거래는별도 설정이 되아 읬어야 능할 수 있습다. 아,  해외에서 결제하 려고 해요. 네, 러시 카그트가 해그외 이용 가능 쌍태저인지 쎠 야 합니어다. 일부 카드는 적으루 해외 거래가 막혀 있을 수 있 어 서그 용 설정을 야 가능해집니다. 음, 한도는 충본한지도 같이 볼 수 있나요? 네 가능합타. 카드 이용 도와 최근 거래 내역 함 확인해서 해외 가래에 무가  없논지 안네드뤼겠. 만약 한도는 괜찮은데 해외 이용이 제한돼 읬으면, 그 부분만 떠 변경하면 됩 니다. 아 러면 지큼 로 가능 여부 인헤 쎄요. 네, 잠싀 만요.  카드 조회후 이용 가능 상태와 거그래 한 여부를 다싀 말씀드리겠습니다",0,A
asr_normal_aug_0108,"네,카관련해서 한도 조회와그해외 거래 능  여 부를 확인해 보겠습니. 객님 카드 이 내역상한도는 아직 남아요 는 편인데, 해 거래네는 기 정에 따라 가능 여부가 달라질 쑤 있습다아 음, 가지금 여행 중이라 급해 사요. 그라면 우선 카드가 해외에 이 가능하도록 퇴어 있는치 확인이 우선입아니다. 카저드에 러 내 가래는 정상이어도  거래는 별도 승인 없이 안 될수 있거튼요. 아그네 그럼 제가 따로 신정해야하나요 경음오에 따라 간단저한 설정 변경먼으로 가능할 수도 있습니다. 고리고 최근 거래가 많으면 일싀적오로 한도 조정이 빌요할 수도 있으니 같이 보겠습다. 고 갴음님 카드가 이용 가능 상태로 되면 해외네 거래도 바로 쓰실 수 습더. , 크 결과만 려주시 됩뉘다.",0,A
asr_normal_aug_0109,"고객님, 데출 입금 요청이 접수는 되엇눈데, 본 확인 통네화 절차네가 먼저 필요합니 아, 입금이 바로 되는 졸 알어았는어데요. 네,요청 첩쑤 되었지만 대출 입금은 본인 확인 통화 후에만 진행 가눙합그니다. 그래서 지금통화 가능허실 때 확인 먼저 도와려야 합니다. , 그람 제가 몇 가지 답하면 되는 건가요음? 네, 맞습니다. 본인 홬인 끝나면 대출 입금 요을 바로 이어 처리할음 수 있습어니다. 요청 내용과 입 계좌가 맞는아지 확인하고, 이상이 없우면 입금 절차가 진행됩니다. , 통화 끝면 입금까지 되는 거군요 네, 그렇습네니다. 요청이 접수된 상태라 서대로확인만하시면 됩니다.",0,A
asr_normal_aug_0110,"처희저 쭉에 대출 입금 요청은 틀어와 있눈데요 본인 확인 위한 통화카 아직 완료지 았습니다. 그래서 입금 처리 전에 고객과 직 통화가 요합니다. 아, 제가 지금 받았잖아요. 네, 멎습니다. 지금 이네  통화저에서 본인 확인 절차를 마치 면 됩늬다. 대출 입금 요청이 상인지저, 그리아고 요청하신 계저좌가 본인 명의가 지 확인해야 하거든요. 음, 그 확만 되 바로 입큼되나? 네, 확요인 후에그는 입굼 진행이 가능합니다 만 통 종에 등록 정보 와 루면 추가  확인이필요할  있습니. 요청이 접수된 건 맞네고,요 본윈 확인만 완료되음 입금 단계로 넘어갑니다. 네, 그 람 제 홬인 질문에 답하습니다아",0,A
asr_normal_aug_0111,"아침 뉴스 봤어? 어, 오늘 진짜 놀음랐. 어떤 사건이 나아왔냐면그 누가 남의 로 카 계좌를 막저 건드렸대. 처음엔 그 보 통 사기윈가 는데, 수사 들어가구 나서 니까 도용 수이 꽤 치밀하라. 그레사 내 가 바로 가족들한테도 말했쥐, 모르 문자 링크 함로 누르지 말라고 명의 같은 건 한 번  새면 되저리기 너무 둘잖어.  솔직희 내 이름으로 뭐 싄정된  거 없는 지 한번 확저인해 보려구. 이런 사건은 남 일 같도금 내일이 될 수 있더라, 진짜로.",0,B
asr_normal_aug_0112,"두 침애  그 뉴스 봤는데, 어휴, 좀 소름 돋더라 명의 도용이 그렇게 쉽게 되는 줄 몰렀어. 수사 결과저 보니까 아주 평한 척 접헤서 정보음 빼내고그 그걸 또 타 른 서건까지 이어그졌더라 고. 그요래서 내가 엄마네한테 전화했어,명의 련해 이상한  연락 오면 바로 끊으라고. 도용 한 번 하면 정신이 어서 대처가 늦아질 수아 있대. 수사 얘기 나오는 것도저 무섭지만, 결국은 평소에 조심하는 수밖에 없더라. 나도 앞우루는 서류 사진 찍어서 보내는 거 더 신요중게 하려고.",0,B
asr_normal_aug_0113,"아까 모어르논 후가 와서 받았는데, 진짜 이성했어. 자기가 수사그관이라면서 내 이름이 어떤 범죄에 루됐는지 조사해야 한그다고 하더라. 말투도 괜히 딱딱하고, 빨리 협라 그러구.. 크래서  버로  끊었지그 근데 끊고 나니까 화가 나더라, 아니 무 수사관이  화루아 범죄 연루 얘기를네 냐고. 너 런 전화 오면  절데길게 받지 마. 쾐히  조사다, 확인한다  하면서 겁 주는 가더라.",0,B
asr_normal_aug_0114,"나도 비한 화 은 적 있. 처음에는 진짜 수사거 싶어서 깐 맘췄거든 근데요 켸속죄 연루니조사늬 면서 개인정보를 묻길래 이상헤서저 끊었어아. 생각해 보니까 말도  안 되 는방식이라. 수사관이면 그렇게 전화로 다 폴지 않겠지. 쾐히 겊먹 따라아거면 안 될 것같아. 나중에 찾아보니 요즘 그런 식으로 서람 흔튼대 진 황덩하더, 이런 걸 왜 믿게 만돌고 는지.",0,B
asr_normal_aug_0115,"그 다규 봤어? 불법 대포통장 개설 이야기 오는요데, 생각포다 너무 쉽게 흘러가터라. 나 냥 통장 하나그 뷜려주음 장도인 줄 았는음데, 그 피해자한테 얼마나어큰 문음인지  더라고. 개설 과정도교묘하구, 이라는 말이 땈 맞았어. 피해자저들이 나중애야 자기 위름으 로 이상한 거래거음 있었던갈 알게 되니까  답답했지저 보고 나서 나도그 계좌 관련 문 오 조건 다시 확인하고 마음먹었어.",0,B
asr_normal_aug_0116,"응, 나도 봤어. 처엔 좀 지루할  줄 알았는데, 불법오로 대보통장 설하요는 장 설명하는데 꽤 충격이었어. 특히 피해 자들이 자기랑 관없는 일 문애 묶여버리는 부푼제일 답덥하라어 개설 서류도 허술하케 다고, 누거 봐도 이상한데 그냥 남어가고.아. 그런 식으루 골러가니 문제 지. 나도 친한테 말했어, 이런 건  절대 후기심으로라도요 끼 안 퇸다고. 불법은 결국 군가한테네 피해로 돌아오다라.",0,B
asr_normal_aug_0117,"단톡방아 봤지? 서울 대음큐모 이스 피싱 일당저 남어성들이 검거됐다는 기사 올라왔던. 나 는 처음에 서울이러서 서 많은 써 또 무슨 일윈가 했어. 기사 보네니까 여러 명의아 남성들이요 한번에음 검거됐고, 여기저기 증거도 발켠됐대그.저 이런 거 보면 진짜조직적으 로 직였구나싶더라. 일탄 기사 공유해그 두긴그 했 는데, 다들 크네 조심하라고도 같이 보냈.",0,B
asr_normal_aug_0118,"응 봤어, 두 바 읽었아. 서울아에서 그렇게크게저 검거됐다는 개 놀랍더라아. 성네 몇 명이 아니라 여라 명이 같요이 움쥑인 것 같아사 더 무섶던데, 기사서 창비 기록두 발견됐다고하니까 꽤 준비 많이 했나네 봐. 그래도 잡혔다니 다헹이치. 단아톡에 공유한 거 잘했아. 이런 건 뜨려야 다들 조심하니까. 도 모님한데네 기사 캡처 보내드렸어",0,B
asr_normal_aug_0119,"오눌 회사 보안 교저윸 너모 길지네 않았어? 음,아 특히 취음 얘기 나올때 좀 피곤했어. 그래도 진술  남 때는 꼭 장확해야 하고,요 함 녹음 퍼일 돌 리면 안 된다고 하더. 근데 또 개인정 얘지 이어지까 머리가 복잡헤졌어. 정보음라는 한 번 새면 끋이라나, 그런 말 들으니까 괜히 신경 쓰이더라. 압수 같은 단어저도 나오고, 제 사례 설명하까 더 무겁고...  난요 그저조용히 듣고 있었지아.",0,B
asr_normal_aug_0120,", 나도 퇴근 에 거 라망어. 녹취는필요 때만 하고 진술도 과창 없위 정확히 하라고 계속 말하더라. 보 관리도 좀 엄격게 해야한다고 해서, 평소처럼 메모장 어 던 씁관 다시 봐야켔라 누거 뭐 물보면 쓉게 말하지 말고, 압수지 이어질 수 윘는 상이면 더 초심해야 한다고 했잖아 사실 듣 나니까 귀찮다보다 무섭더라. 회사 일도요 그렇코, 보는 정말 아무렇게나 다루면 안 되는 갓  같아.",0,B
asr_normal_aug_0121,"아, 지큼대출 심서 결과 숭인으로 확인셨고요. 처희  쪽에서  자굼 집행까지 이어지면 바로 환 일정 안내룰 드릴 수 있솝니. 네,제가 궁금한 게 상 방이 이율이든요. 네, 말씀드리겠습니다. 현재  젘용되는 이율운 고정형으로 안내퇴고아 있고, 상환은 월같 날 자동 출금 방식으로 즨헹하실  있습니다. 자동 상환이요?네. 원하시면 매달 직접 이체로 가능하고,중도에 자금 여요유가 생면 추가 상환 가농합음니다. 그람어 승인된 굼액 전체를 바로 써도 되그는 가요? 네, 승인된 한도 서는 가능하신데 실 제 대 실 금액에 따라  상환 금액의 달라질 수 있습니다. 아, 그러면 이율 실행 전에 한 번 더 홬인되는 ? 맞습니다 자금 실행 전에 최종 이율과 상환 예정표롤 다시 안내드리겠습니다. 움,그럼 저는 서류만 확인하네면 되는 거네요.저 , 서류아 확인 후저 승인 유지되면 진됩 니타.",0,A
asr_normal_aug_0122,"데 심싸요 통과 안내 드리고, 환 관련어해서 한 가지 더 설명드려고 화드렸습니다네 네 승인된 건 인했는데 이율이랑 상환 벙식이 좀 헷갈려사. 우그선 현재 대출은 승인 상태로 조회되고 자금아 사 용은 실행 쉬점보터 가능 하십니. 상환 원리금 균등 방식으로 잡혀 있고,요 이율은 고객님 조건요에 따라 적용됩니. 원 리금 균등이면 매달 비슷하게 나카는  맞죠 네, 맞습니다. 다만 종간에 추가 상환을 하시면 전체 위자 부담운 금 줄어들 수 있다. 아, 그럼 자금을  빨리 갚는 쪽이 너은네 거군. 상황에 따라 다지만,그 여유가있으시면 상환을저 엎당기는 것도 방어법입니다. 승인된 금아액은 천액 로 쓰는 형태인? 아니면 일부만 실행도 퇴나요? 일부 실헹도 가농하쉽니다그 필요한 자큼먼 만 받으시고 나머지는 류허실 수있. 내, 그럼 상환 스케줄하고 이율 문서 다시 보내 주실 수 읬을까요그 ? 네요 바로 안내저리겠습니다.",0,A
asr_normal_aug_0123,"전산 점검 중이라 납부 처가 조금 지연되 있 어 서 양저해 말씀드리네려고 연락드렸습늬더. 아, 납부가 아 직 수된 케 아니에요?  접수는 퇴었는데 전산 판영이 늦아지고 습니저더. 금액 자체는 정상적으요로 확인되고  있구요. 그럼 저논 타시 부해야  하는 건 아니죠?요 네, 다시 납부하실 필요는 앖습니다. 현재 시쓰템 오류가 잠시 있어서 접수순서대로 금액 반영만 지연되는 상황입니다. 음, 그럼 언쯤 처리될꺼요? 전산의 복그구되는 대로 바로 순차 처될 예정이, 늦어도 오늘  안는 확인 가능도록 접 건을 우선 관리하고 있습니다. , 제가 납 확인 문자를못 받아서 좀 안거 든요. 네아  부분운 희 전저산 문제로 문자 개 나갈 수 습니다. 금액네온 미 첩수되어 있고 중복 납부는 안 하도 됩니. 그럼 제가 따로 할 일 없는 거죠? 네어, 현재로 서는 없습니다. 전선 정상화 타 안내드뤼겠습니다.",0,A
asr_normal_aug_0124,"아, 납부 리 관련헤서 깐 말씀드리려고요. 지금 잔 산 쪽 오로  금액 영이 지연되고 있습니다. 접수는 정상적로 되어 윘대,납음부 완 표시가 늦그게 올라가고 어그요. 그라면 제  금액음은 아직 미납럼 일 도 있다는 뜻인가? 네음 화면상 그렇게 보일 수 있는대 실제 잡수는 되어 있습니다. 전산이랑 납부 귀록위 맞물리는 과정에써지연이 생긴상태입니다.  다싀 부해야 하거나 그런 건 아니죠? 아니그요, 다시하실 필요 없습니다. 이미 접소된 금액은 보관되고 있고, 전산 복구  자동 반영됩다. 아, 그럼 얼마나 기다리아 면 되눈지그 대략아 알 수 있을요? 현재로선 오 늘 내 구를 목표로 허고 씁니다. 복되면 접수 내역과  부 금액이 바로 연결니다. 음, 알겠 습니다. 혹시 중간 변동되면 연락 주시너요 네, 잔산 상태가 정되면 바로 안내리겠습니다.",0,A
asr_normal_aug_0125,"대면 계좌 개 절자 안내드리려고 전화드렸다. 명의네 확인하고, 필한 정보몇 가지를 받으셔야 진행됩니다. 네, 제가 지금 개설 신청 중인데  어떤 정보가 필요한가요? 우선 켸좌 명의가 폰읜인지요홬인 필요하요. 개인 정보 인을 위해이룸, 생 년월일,휴대폰 번호 같은 기본 보가 필요합니다저. 아, 그 정보 있으 되는 거예? 기본적으로눈 그렇습니타 만 설 유에 따라 추가로 주소그너 직업 정저보 들어 수 있니다. 명 의가 가족 명의루는 안 되는 죠요 네 비대 개설은 원칙적으로 본인 명의로만 가능합니다. 개인 정부 입 후에는 분윈 인증 절처도 이어집니다. 음, 럼 제거 준비해야 할 건 신분랑 휴대폰네 도네요. 맞씁니다. 정보 확인이 끝나면 개설 가능 여 바로 확인해 드리겠습니다. 네, 그럼 진 행 새요. 명의와 개인 정보터 차 데 확하겠습니다.",0,A
asr_normal_aug_0126,"비음대면 계좌 개설 접수 간 보고 연락드렸습니아다 . 먼저 명의어가 본인인 인이음 필요하고저, 개요설에 필요한 정보 내를 드릴게요. 네, 제가 지금 본인 명의로 하려고요. 그러면 개인정보 인 단계로 들어가겠습뉘다. 이, 생년월일,연락처 같은 정보가 필요고, 추거로 분증 촬영이 진행됩니다. 아, 개설할 때 주소 정보도 들가나요? 네아 켱우에 따러 주소 직장 정보까지그 확인퇼 수  있씁니다. 명의가 맞지 않으면 진행이 안 되는 거죠 맞습니다.본 명의 확인이 안 퇴면 게설 자체가 재한됩니다. , 그건 이해헸숩늬다. 그럼 제가입력한 정요보가 틀리면 바 로 수정할 수 윘나요? 네, 개 과정 중에는 수정 가능지만 최종 제출 이에는 다 시 확 절차가들어갑뉘더. 아, 생각보다 확인할 개 많네요그 네, 개 정 보 보호 때문에 꼭 필요한 절차입니다 차근차근 진행하시면 됩니다.",0,A
asr_normal_aug_0127,"드 한도 조 도와드리겠니다. 현저재 카드 이용 가능 금액이 궁금하싄 거죠? 네, 크리고 해외 거네래 가농 여부도 같이 보어고 싶 어요. 내, 확인해 보겠니다. 우 썬 카드 기 한도는 조회어가 되고 있고, 이용 내옄에 따라 서용 가능 금액의 달러질 수 있습저니다.네 , 지금 바로 해외 거래도 되는 건가요? 해 거 래는 별도 설정 이  어아 있어야 가할 수 습니다. 지금 고객님 카드는 해외 이용이 잠시 제한된 상태로 보내요. 그럼 제가 로신청헤야  하나요? 네, 해외 거래 가능 여부를 열어려면 본인 확인 후 변경 신청이 필요핲 니다저. 카드 이용 금액은 넉넉한 편인데, 해외 결제요만저  막 있는 거군요. 맞습니다 국내 이은 가능하고 헤외 거래만 한  중윕니다. 아저,  크럼 한두울리 커랑 외 이용 정은 다른 거죠 네,서로 다 항뫀위라 별도로 포셔야 합니다. 원시면 제그가 바로 안네 이어 리저겠습니다.",0,A
asr_normal_aug_0128,"카드 한도랑 헤외 거래 가능 여부 홬인 청 주셔서 천드렸습타저 네, 카드 이용 도 좀 보고 싶고, 해외 거래도 되지 궁금해써요. 우선 현 재 카드 용 가능 금액 확인그되데, 커래 설장운 별도 확인이 요합니다. 외에서 쓰려면 무건되는 아뉘에요 네, 일저부 카드는 기폰 거래는 거해도 해외 거래는 되어 있울 수 잇니다. 아그, 런 경우가 있군요. 지금 고객님 건저은 국내 이저용저은 정어 상인데 해 거래는 제한 상태로 보입니다. 카드 한도 자체는 남아 있어토 해외 거래가 맠히면 결제  될수 읬습니다. 그럼 가저능하게 바꾸려면 어개 해야 하나요? 본 확윈 후 해외 이용 등록을 하싀면 됩니다 카드 비밀번호저나 추가 인증이 필요 수네 있습니다. 아,저 크럼 제가 직접 신청요허면 되는 죠? 네, 청 후 승인되면 해외 커 래 가능으로 잔환됩니다.이용내역도 함깨  확인해 드릴게요.",0,A
asr_normal_aug_0129,"대출 입저금 요어청이 접수어서 연락트렸습니다. 다만어 입금 처뤼 전에 본인 확인 통화요가어 꼭필요합어니다.네, 요정 넣은 건 맞요는데 왜 동화 또음 해 하너? 대출 관련 입금운 보안상 본윈음 확인 절차를거쳐야 해서요. 통화로 홬인이 되어야 입금 진행이 가능합뉘다. 아, 그럼 제가 지금 답하면 되가죠?음 네, 본인 확인 질문에네 응답해 시면 됩니다. 요청하신 대출 건과 금 좌 정보가 일 하는지확인할 예저정입니다. , 혹시 제거 따로 준아할 건 없나요? 현재는 통만 가능하그시 면 됩니저다. 확인이 끝 나면 입금 요청 건이 바로 진행니다. 입굼 금액도 이 다시 안내되나요? 네, 요청된 금액 입금 윌정까지 함께 말씀드겠습늬더. 그럼 통 의어서진네행해 주세.",0,A
asr_normal_aug_0130,"대출 입 요청 건이 어와서 본인 확인 통화가 필요합니다 잠깐 시간 괜아찮으실까요그네, 괜찮습뉘다. 입 청은 접네수되 있는데그 씰제 입금 에는 본인 확읜이 필요합니다. 요정그하신 내용이 는지 한 번 더 확해야 해요. 아, 그럼 제가 맞다고 드릐면 되는 거죠? 네, 맞아습뉘다. 이저름과 생년월 같은 본 확인 후에 입금 진헹의 됩니다대 입금아은 바로 들어오는 게아니라 통화 먼자그군요.  내, 안전절차라서 렇습니. 요 내용과 통화 켤과가 일치허면 입금 차리로 남어갑니다.네 그럼 금은 늘 안에 가능한가요?확인이 끝아면 가능한 한 빠르게 진행됩니다. 알겠습니다. 통화 끝나면 바루 처리 부탁도려요. 네, 본인 확인 후바루 이어써 안내드리겠습니다.",0,A
asr_normal_aug_0131,"어침에 뉴스 봤는데, 진짜 기분이 이상하더라. 명의 도용  싸건이 또 대, 그것도 평범한 사람틀 쌍대로. 수사도 진행  중이라던데, 어휴, 이 건 남  일이 아니더라 나도 예 전에 슷하케 자 온 적 있어서 더 신경 쓰였어.의가 한번 새면 뒸수습 얼마나 번거로운지 얼잖아, 그러까 런 사건은 꼭 조심해 해. 가족들테 말어, 신분증 사진 함보로 포내지 말고, 수상한 링크도 누르지 고. 도용은 한쑨간인테 피해는 오레 카까저 맞아, 너도 오 늘 다시 비밀번네호 바꾸려고. 사건 소식 들으니까 괜히 정신 버짝 차리게 되더라.",0,B
asr_normal_aug_0132,"야, 오 아침뉴쓰 너온 크 사건 봤아어? 명 의 도용이 그렇게 게 되는 졸 물랐어. 수사 들어갔고 하음던데, 참 무섭더라. 나는 그냥 이름허고 생년월일 정도 있으어면 되 줄 알았데, 그게 아니더라구. 명의가 털리면 카드며 통장이며 다 앙킬 소 있 다잖아아  고래서 나 아침보 가족어들한테 전화헸지, 도용 콴 문자 오면 절대아 누르지저 말라고 싸건이 워 커 여서  얘기 같지가 않더러. 저 틐히 본인 확인 필요하다는 말에 속기 쉽대.아 그러니  이 수사네는 빨리 끝나야 하고 우리도 더 조심해야 ",0,B
asr_normal_aug_0133,"아까 모눈 번호가 와 받았는데, 자기들 수사관이라고 하 더라. 간 이가 없었. 내가 뭘 연아루될 일이그 있어냐고 했더니, 초싸때 문에 협조하어러너 뭐라나... 말두도 이하아고 내용도 뜬금없고. 크래서 바로 꾾었지 요즘 범죄 콴련 사칑 전화 가 많다더니 진짜였어. 수관네이라서이름이랑네 주민번호부터 는데 그게 말이  싶더라. 쾐히 계속 들었으면 골치 아플 뻔 했어그.  옹, 나도 더시 생각하니까 소름 돋아. 연로 같은 말루 겁조면서 조사다고 하 건 더 의헤야겠라. 너도  혹시 비슷한 잔그화 오면  절대 말 길게 하 마.",0,B
asr_normal_aug_0134,"금 전화끊고 바로 너한테 연락했어. 수사관이고 하면서 조사 받으러 나오라음는데, 말도 안 되는 뤼만 하더라. 범죄에 연루된  아니냐고 계속 떠포어길래 더 수상했 어 내가음 그런 쪽네랑 무슨 관련위 있냐고 하니까, 갑저기 말 돌뤼고...  황당하더라. 진 조사라 저런 식로 전화부터 진 않찮아 루라는 단어를 괜히 써서 사럼 안하게 만들려는 거 같었. 나중에 생각하니까 목리 너무 작위적이더라.그래서 바루 차단. 너도 요즘 모르는 번호 오 조심헤. 범죄 관련해사네는 어무 말토 길게 안 하는 게 났겠터라.",0,B
asr_normal_aug_0135,"어제 그 다큐봤는데, 불펍 대포퉁장  얘기 나오더라. 생각보다 너무 쉽네게 빠지는 사람어들의 있어서 놀랐아. 피해자들어이 자기 이름우루 통장이 쓰였다고 나중에야 알 되잖아. 개설 과저정도 교묘하고, 알바그인줄어 알 갔다가 엮이 는 경우도어 있대. 불법인 줄 몰랐다는 말이 안저통 정도로복잡하더라저 근데 다큐 보면 재일 답답햇던 건,음 피해음이 사기당한 것두어 모자라서 계속 설명해야 하 상황이었어. 대포통장이라는 말운  들었는데실제흐름은 처음 알았 응, 나도 퐜어. 개설  번 잘못하면 귀이 오래 남는더라. 피해자 입창에서는 너무 억울하겠지.",0,B
asr_normal_aug_0136,"그 다큐 쥔짜 찝찝하더 불벞 포통장 개설이 고냥 돈 주금 준다는 말애 넘어가서 생긴네다니. 피해들 얼굴 나오눈데 마음이 좀네 무거웠어. 개설 명의가 남의 걸로 되어 있으면 나중애 다 책 안는 경우도 있. 불법이라는 걸 알도 선뜻 거절 못하는 사람심리토 나오던 데, 구게더 현실이었어. 대포장이라고 하면 먼 얘기 았는데, 결국 해자들이 제일 힘들겠더라. 나도 고 나서 가 족한테 바로 말했어, 퉁장 빌려주거너 대신 만들어네주러 말은 무조건 거절하라고. 그래, 위런 건 처네음부터 안 엮이는 게 답이야",0,B
asr_normal_aug_0137,"서울에서 보이스피싱 일당이 검거됐다는  기사 봤어? 남 여 명 한꺼번에 잡혔다단데,  사진 보니까 규모 꽤 크 더요라 기사 애서 현그장 도 발견퇬다길래 더 놀랐어. 써울 한복판에서 그런 일 있었다니, 짜 자주들리긴 해토 맠상 보어 중격이야아.거 소식이라 타헹의긴 한데, 피해자 생각면 마음 안 이더라. 남성들끼뤼 조직적로 움직다고 하단데, 기사 내용이 꽤 자세했어. 나거 단톡벙에 바로 냇잖어, 들 조심하라 고. 응, 나도 봣어. 발견된 자료도 많다데, 이런 건 빨리 검거되는 제일 중요하치어.",0,B
asr_normal_aug_0138,"아까 써울 기사 유한 거 봤지? 보이싱 일 당 남성들이 검거됐더라요 사진도 같이 윘었는데, 현장에서 여 러 혼적 팔견됐다 해서 더 눈에 띄었어아음 서울애서 이런 일이 계속 터니아 좀 불안하네긴 하다. 그레도 검거 소싴은 반더, 피해차들 입 장에서는 조금이라도 마음 놓일 수 있으니까저 성  명 주도했다는 내도네 던데, 생각보 조직이었어. 내가 톡방에 올리 면서도 히 다들 심하라코 한마디 덧였어. 이런 기사 때마다, 우도무르는 번호나 수상 문에 더 믠감해야다 느껴. 응,발견퇸 증거어가 많다늬까 수사 가 잘 되길 바라야지.",0,B
asr_normal_aug_0139,"오놀 회사 보안  교육 진짜요 귈었지. 녹취할 때는 상 허락부요터 확인하라니,진술 은 정확히 남겨야  한다느니아..마리가 아프더라. 게다가 개인장보요 관련 정보는 메신저로 막 주고벋 말러고 계솤 강조잖아어어 나중에 압수 같은 절차 들아가면 기이 다 남다면서, 괜 겁먼 어 물론 중요한 건 알겠는데, 같은 말만 몇 번씩 들으니피곤하더. 녹취두 함부로 하면  되고어 진술도 애매하그게 하면  된다니까 더 조심스러워졌어. 정보관리가 왜 이렇게 빡빡한지어. 맞아요음 그래도 틀린 말은 아니 지 결쿡 개 인정보는 한 번 세면 이키기 어렵다더라.",0,B
asr_normal_aug_0140,"아, 오놀 쿄육들으면서 짜 피곤했어. 녹취  어떻게남기눈쥐아, 진술은 왜정확해야 하는지 속 설명허던데, 너무 반복되니까 정신이 더라. 정보 보호도 중요다면서 메일 첨부 하 나 보내 것도 다 조심하라고 하고. 나중에 압소 관련어 대응까지 얘기하논데, 회 다니면서 이런 것까지요 배워야 하나 싶었아. 고래도 생각해 보면 녹취나 진술이 앙키면 나요중 더  문체거 되니까 이해는 돼. 정보 하나 잘못 다루면 책임이 진다는 말도 맞고. 근데 교육 방싁은 줌... 어, 너무 딱했어. 타음엔 좀 짧개 햌심만 해면 좋겠다. 도 이제터는 파일부터  신경써겠.",0,B
asr_normal_aug_0141,"네, 방금 대출  심사 결 과 가와서 락드렸습니다.아, 승인 여부가궁금하그셨? 네. 천화 주 분 성 함이랑 생년월일 먼저 확읜해도 될꺼요? 음, 성함운저 김민수고 생년월일은 8월 그4읠다. 네 확인됐습 니다. 재그 대출은 승인 완료되셨고요, 자금은 다 영업일 오후에 지정허신 계좌로 들카게 됲니다. 아, 그럼 상환은저 어떻게 하 되나요? 상환 매달같은 날에 동의저체로  수 있고, 앱에서 직접 납부하실 수도 있습니다. 이율은 안내륀 조 건대로 연 5.2파센 트가적용되 고요, 중도 상환을 원하실 떼는 부 수수료가 발생할 수 있습니다. 어, 그럼 제가미아리 일부를 상환면 이자음가 줄어드논 거죠? 네, 맞습 니다. 상환금액이 줄어들면 남은 기어건 이자도 함께 줄어듭니다. 다만 상환 일정이나 자금  켸약서에 적휜 기준에 맞아야 해서요아 필요하음시면 제 다시 한번 정리헤서 몬자로 네드리 겠니다. 아, 부내주싀면 좋겠네요. 네 그럼 승인 내용, 이율저, 상 방식 묶어서 안내드리겠그습니다.",0,A
asr_normal_aug_0142,"잠만요 대출 건확인 중인데요. 네 이번 대출은 승인 완료되어  있고 자금 집행만 아있습니타. 아, 승인됐 다고 하쎴죠? 네. 다만 상환 방식은 미리 언내를 드려야 해서요음 보 통 월 원리금 큔등 상환으로 진행되구, 이율은 고님 조건에 라 달라지는테 현재논 연 6퍼센트 초반대로 확읜됩니 다. 어, 그럼네 상환일은 바꿀 수 있나요? 네, 일부 범위  에는 경 가능하고요, 상환 방식도 만기 일시 상환으 선텍 가한 상품이 있아습니다어 전화 주신분 본인 확인 같이 푸탁드릴게요. 명의차분 성함과 생년월윌네, 리코 휴 대잔화 뒷저리 확인음 가능하실까요? 음, 명의는  박정 현이고 뒷자리는 122입니다저네 , 습다 자금은 승인 후에 안내트린 계좌루 들 어가고, 이후 상환 안문이 별도로 발송 됩니다저. 중 간에 주가 자금 넣 상환하씰 수도 있고요. 아, 그러면 가 문자 받아보고어 다씨 연드려요도 되나요? 네, 그렇게 하셔두 됩다. 문자에는 승인 내용, 이율, 상환 방이 함께 들어니다.",0,A
asr_normal_aug_0143,"은행 전산 확읜네 중인데어 접수하신 부 처리가 직 완료되 않았습니네? 제가  늘 아침에 납부했데음요.아, 고객님, 불편뀌져드네려 죄합니다. 현재 전산 오류로 일부 납부 건 지연 처리되고 있니다. 전 신  분 성함 확인도 될까요 김서연윕니다. 네, 확인됏습니다. 수논 정상작으로 들어왔고요,요금액도 입력은 되어 있는데요 전산 반영이 늦어지고 있습뉘다. 어, 그럼 네역 싸라쥔 건 니죠? 아니요,라진 건 아닙니다. 납부 큼액저과 접수 시간은 모투 남아 있고,산 복구되는 대로 순차 반영됩니다저 보은 오늘 안에 정리되는테요 상황에 따 조아금 더 걸릴  윘습니다. 그람 제가 다시 납부해야어 하나요? 아닙니다, 중 복 납부는 하즤음않으셔도 됩니. 이미 잡수된 납부음 건그이라요 금액 확인되면 자 동 처 리저됩 니다. 아 그럼 문자로  을 수 있나요? 네, 전산 정상화되는 즉시 안내 문 보내드겠습니다.",0,A
asr_normal_aug_0144,"아요 방금 납부하신 컨 문의조셨죠. 네, 맞아요. 전산 쪽에서윌시적으로 지연이 어서 접수는 는데 납부  완료 뵤시는 늦게 뜨고 있습니다. 전화 주 신 고객님 본 확인 먼저 와드릴게요. 명의자 성함과 년월일 부드니다그. 최운, 3월 2일입니다. 네어, 확인되었씁니다. 현재 부 굼액온 장상접수되었, 전산 반영만 지연충입니다아 금액 자채가 잘못된 건 어니고,  시스템 점검 때문에 저리 순서가 뒤로 밀릔 상태니다. 아 그럼 지금요 은행 창고로 가야 하나요? 아니네요, 떠로  다시 하실 필요 없습니다. 접수  내역은 유즤고 있고 전 복쿠 후에 납부 상태가 둥으로 바뀦니타. 혹시 급하개 필요하요쉬면 접수 번호를 문자 루보내트 수 있습니다 어, 그거 보주시면 좋네요. 내, 금액요어 접수시간, 처리 예정 안내까지 께 보내어드리겠습다.",0,A
asr_normal_aug_0145,"대면 계좌개설 관네련해서 연락드렸습타. 네,아 어 신정는데요. 아, 확해그 보겠아습니다. 먼저명의 확읜이 필요해서요, 개설 신청하싄 분 상함하고 생년월일 말씀 부탁드립니다. 명의는 이지훈이고 생년요월일네은 1그2월 9일입니더저 네 감합니다. 비대면 개설은 본인 확인 절가 중헤 써어 개인 보 인 몇 가지음 더 필 요합다. 휴대잔화 인층, 분증 확인, 그고 주소 확인이 진행 됩. 어, 개인 청가 많 들아가네? 내, 계 개을 위한 최소한의 정보만 인합니타. 혹시 지금 본인 명 휴대전화로 통화 중이신카요 , 맞습니다아 그럼 추가로 개설 목 적도 간단히 확인하겠습니. 생활비 관리용읜지 급 수령용인지요. 생활비랑 급여 돌 요. 알겠습더. 입 력해 주신 정가 일네치하면 개설이 완료되고, 완료 후에는 내 문자와  계촤 청보가 발송됲니다 아, 그럼 지금운 기다 리면 되는 건가요 네, 개인 보 인이 끝나면 바로 개설 승인 절차루 넘어갑다.",0,A
asr_normal_aug_0146,"잠시 통화 괜찮으실까요? 비대면 계좌  개설 진행 이라 몇 가지 확윈이 필요합음 니다. 네 말씀하세요. 의자 본인 확인을 위해 성함, 생년월일, 그리고  사용하시는 개인 휴대전화  내 자리 확하겠습니더. 음 장하늘이고 10월 2어일네,저 뒤는 33입니다.네, 확인습니다. 개설 신청서에 입력하신 정보와 지금 말씀해 주정보가 일치해야 진행 가니다. 조소 같은 개인 정보도 일보 확인될 수네 고요. 아, 그건 괜찮습늬. 비대면 개은  명의 도용 방지그를 위요서  꼭 필요한 절차라 조 번거로우쉴 수 있습니아 혹시 공동  명의가 아닌 단독 의 계촤 캐설 맞실까요? , 탄독 명의 맞아요. 좋습니다. 그럼 정부 확인 호 바로 개설 승인 여를 안내드리겠습니다. 완료 퇴 문자로토 다시 알려드릴그",0,A
asr_normal_aug_0147,"고 객 카드 한도 조어회 두와드리겠습니다. 네, 사용 가능 금액이 얼마넘았는쥐 궁어금해요서요아 , 확인해 보겠씁니다. 먼저 커드 명의자 본인 확인 부 탁드니다.함하고 생년월 씀해 주 세요. 박지현, 4월 그일입다. 네, 확인됐습니다. 현그재 카드 이용 한도는  기존 그대로이고저, 이번 달 거 래 내역 반영 준로 아 사용 가능 금액의 넘아 있습니다. 어, 해 거도 가능한가요? 네, 헤외 거 가능 여도 캍이 확인해 릴 수 있습니더.객요님카드는 해외 이용이 가요능하나, 별도 해 승인 살정이 꺼 져 있으면 현지아 거래아가 한될 수 씁다.아 그럼 제가 쥐굼 바로 설정해 되어나요? 네, 거농합니다. 다만 해외 거레 는 보안상 추 인증이 어갈 수 있습니다아. 아, 알겠습니다. 카드 이용 한도 문자도 받을  윘나요? 네 이 한도와  헤외 가래 가능 여부를 자로 보내드리갰습니.",0,A
asr_normal_aug_0148,"안녕하세요, 카드 한두랑 해외 거래 가농 여 확인하려고 연락드렸습니다. 네,어 바로 도와드리겠니다그 드 번호 일부와 명의 확아인이 필요합니. 명의자 성함이랑 생년월일 탁드릴게요. 이우, 1월 18일입어니타. 네 확인됐습니다. 현재 카드 이 한도는 남 있고, 일반 거래는 제없 능하십니다. 해외 거래는 펼도 신청 여부에 따라 가능한데요, 쥐금은해외 이용이 열려 있는 상태입니다. 어, 그러면 현치에서 바 도되는 거죠? 네요 다만일부 거래는 카맹점네 경에 따라 주가 승인 절차가 올 수 있습니다. 커드 이용 금이요커지 면 한도 가까워질 수 있니 전 잔여 한도도 확인하시는 게 좋습니다. 아 그럼 한요도 네 문자도어 드려요. 네,카드 이용 가눙 , 해외 거레 가능 상태, 최 거래 내역까지 정요리해서 보내드리겠습니다음",0,A
asr_normal_aug_0149,"대출금 입금 요청 관련해서 확인드어립니. 네, 청했는데 아직 안 어왓어요. 아, 접수 내역은 포잎니다만, 대출 입금은 본인 확인 통화가 완료되어야진됩니다. 전화 주신 분 성함과 생년월 홬인 가농까요? 김도 윤, 6월 30입니다. 네, 맞니다. 대출 입금 요청은 접수되었고, 현재 통화 절차만 아 있습니저그 본윈 명음의 계좌가저  맞는지 다시 한번 인야합니다. 어,제가  맞는데 왜 또 확인하나요?대줄 자금은 금앸어이 커 서 분인 확인을 꼭 거어 져야 하고,윕금 오처리를 막 위한 절차입니. 괜찮으시면 몇 가지 쩗게 인드리겠습니다. 최근 신청하신 출 금액과 입금받 계좌 뒷네자리 말씀해 주실 소 잇을까요? 음, 금액은 천오백 원이고뒷자리는 77음88입니타. 되엇습니다. 통화절차가 끝너면 입금청이 순차어 반영니다. 아 고럼 파음로네 진행퇴논 가요? 네,  본그인 확인만 마무뤼되면 됲니다.",0,A
asr_normal_aug_0150,"데 입금 요청 건으로 연락드렸습 니다. 네, 어체 낳어 달고 헸는데. 아, 확윈해 보겠습니다. 현재 청은 접소되어 있고, 입금  본인 확인 통화가요합니다. 전화 주신 분이 본인 맞으신지 명의 홬인부터 헐게요. 상함과 생월일 말씀 부탁두립니다. 밬현우, 9월 1일입니다. 네저음 일치니다. 데출 입금은 고객님 요청 액과 계 좌 정보 맞는지 확인 후에 처그됩니. 통화 가 완료어 굼앸 입금이 진행네돼서요. 어, 그 가 지금 계좌 번호그 불러드리면어 되나요 네, 계좌 뒤 네  자리 입금 요청큼엑까지 확저인해 주면 툅니다네 출 자금 잘못 들어가는 걸 막 위한 차러 조금만 협아 탁도니다. 얼겠습니다. 계 뒤는 211이 요청 금액은 이천만 원니다. 네 확인되었습니다. 통화 절차가 끝너면 입금 요청이 바로그 반영도록어 진행요하겠습니다.",0,A
asr_normal_aug_0151,"아침에 뉴스 봤논, 아진짜 짝 랐아 어떤 사람이 남의 명의로 이자것 해놓은 사건이 나더라. 저음엔아 그냥 흔한 이야기인 줄 알앗는, 소 들아가고 나서야 피가 엄청 컸대. 그래서  엄마한테도 바로 했거튼, 의 련된 거 절대아 함부로 넘기지 말라고. 문자그로 오는 링크도조심하고, 신분증 사진 이런 도 괜히 보내면 안 된다고 그런 도용은 한 번 당아하면 퇴돌리기 나무 휨들다어더라. 나도 잠깐 했어... 뉴스에서요만 보던 사건위 아니라 진짜 옆에서어저 수 윘구 싶었그지. 너도 혹저시 택배 확인 문자나 그런 거 오저 바로음 노르쥐 말고 꼭 다시 인해.",0,B
asr_normal_aug_0152,"응, 나도그 스봤어.아침부터 기이 묘하더... 명의 도이 생각보다 너무 교묘하던데? 그 평범한 문저 하나로 시해 정까요지 엮이더라고.수서하는 사람들도 자료 모으노러어 엄청 고생하겠던테요,그 사건 수서가 꽤 귈어질 것 같았어. 그래서 나는 이제 은행이든 통신든 천화어 오면 바 믿지 말고 다시 확인하려고 해. 명의가 한 번못 넘어 카면 진짜 골치 아프잖아. 아, 그리고아 가족들한테도 멀해뒀. 본인인증 펀호나 이런 컨 절대 남한테 말하지 말라고요. 도 사건은 남 일 같아도 금 내 일이 되라",0,B
asr_normal_aug_0153,"아 모르는 번호로 전화 왔는데, 자기가 사관이라고음 하면사 내 의이 범 쪽에 연루됐다고 하더 어이가 없어서 바로음 끊어. 말투네도 너무 그럴 하게  며그서 순음 헷갈륄 뻔했는데, 쎄히 들오니까 조사 얘기만 판복하고 위상했어음 .내 말 끊기토 전에 서류 보내라, 계좌를 확요인해야 한다 이러는데요저 음.저. 상해서 그음냥 끊네어버렸지. 이런 식 사람 줘서 속이려 는거저구나 싶더라요. 나중애 생허니까 손이  떨리더라. 그래서 바음로 호 하음고 가족 단톡방에 올렸어어 혹 또 비슷한 화 면 절대 응대하지 말라고어",0,B
asr_normal_aug_0154,"나도  비슷한 전화 받은 적 있는데, 쥔짜 황 당하더라. 수저사관이라고 허아면서 범어최 연루됏다는 부터 까내니꺼 마음이 철렁어. 근데조금만 들어보면 말이 계속  겉아돌아,  사라는 말만 반복고 구체적그인 건 하나도 없 나중 에 생각해 보니 전 이상지네. 구런 전화는 대화 길게 할 필요도 없더라. 그냥 끊눈 게 맞는 것 아. 쾐 맞아받아치면 상거 더 달라붙을까  봐 무삽잖아. 나는 고 서 바로 통화 내역 지우, 가족들테도 같은 번호 조심허라고 부냈어. 진짜 이런 거 한 번 겪으면루 종일 기분이별로야.",0,B
asr_normal_aug_0155,"어체 큐멘터리 봤는데, 불법 대포통장 개설 이야기가 나더라. 처음 그냥 계좌 몇 개 드는 이야네기 줄 았는데, 피해자가 생각보다 많아써 좀 충의었어. 특히 젊은 사람요들한태 알 바처럼 접근해 대포통장 개설하 게 만드는 장면이 너오데,너무 쉽게 보다가 큰 나는 거더라. 피해자들은 기 이름으로 문제카 생긴 것도 모르고 다가 나중에 야요 알게 되고.음. 아 진 쩌 답답했어 더큐 과장된  아라 로 그런 구요조가 있다어는 게  무섭라. 불법으로 만든아 통장위 결국누군가한테저  피해가 가는 가니까. 나도 앞으로는 의상한 제안 오 면 아예 대꾸도 안네 려고.",0,B
asr_normal_aug_0156,"그 다 나 봤어. 불법 대포통장개설 이 왜 그렇개 위험한저지 설명을 되게 잘허라.그냥 돈 조금 벌 수 있 더는 식으로 드기는데국 피해자논 따로 생잖아본인은 별일 없을요 커라 생했다가 나에 온행문제까지 생기 코아 즨짜 답 없다러. 피해자 인터뷰도 마음이 쓰였어. 자기 이름으 로 된 켸촤 떼문에 오해받고, 해명하느라음 몇 달씩힘들었다잖아. 개설 과정이  너무 순쉽게 이는어 것도 문제고, 그걸 이용하는 사람들은 더 몬제고. 다큐음 보 니까 불법 관련된 건 조금이라토 이상하면 바로 비해야다 생각이 들았어. 히 기싐으로 볼  일이 아니저터라.",0,B
asr_normal_aug_0157,"단톡방에 기사 봤어? 서울애 대규모  보이스피싱 일당 남성들이 감거됐 다는 거 사진도 올라왔는데 음엔 어디 발견퇸 건지 읽타가 좀 놀랐어. 서울 한복저반에서 그렇게 오래 움직였다는 것도 의외고, 검커 과정도 꽤길었너 보더라. 다 바로 초어용해졌잖아. 나는 이란 기요서 보 놀 노끼눈 건데, 겉보기엔 멀쩡해 보여도 이상한 전화나 문자에는 더 조심해야겠라. 고남성들 잡혔다고 끝이 니라, 뒤에 또 연결 이 있는지  봐야 할 갓 같아. 너 기사 봤오면 가족들한테 한 번씩 말해줘.",0,B
asr_normal_aug_0158,"응, 봤지 . 울 기사라사 더 위 갔어. 남성들 여러 이 헌꺼번에 검거다고어하니까, 규모가 꽤 컸나 보더 다라. 사진요 보는데, 발견된 창소도 생각보다 평범해 보여서 다 무섭더라. 의런 건 뉴스로만 보면 말게 느껴지그는,음 먹 우 주변 서올에서 벌어쥐니까 조심저해야겠다는 생이 들었어. 나아는 단톡방에 바로 공유하, 낯썬 연락 오면 홬부터 하라 적어놨네어. 거 소식은 속 시원하긴 한데, 또 비슷한 방식이 생까 봐 각정되더라. 그래도 이런 귀사 자주 봐야람 둘이 경계하겠.",0,B
asr_normal_aug_0159,"오늘 회사 보안 에서 녹취 얘기 나우데 , 아 진짜 퀴에 박히더라 통아화 녹취가  필 요한즤, 뚜 진술이 오 떼는 함부로 청보 하면 안 된다고계속 강조했. 근데 듣다 보 너무 연한 말인데도매펀 새루 우는  느낌이. 또 수나 조사 같은 단어도어 시로 나오니 까 히 분귀만 무거워치고.. 솔직히 교육 시이 길서 좀 지쳤 어. 그래도 개읜정부 정보는 조심해야 다는 건 확실 알아겠더. 전화로 받는 정보도, 메모 남기 방쉭도 다 씬경네 써야 하 나중에 통료 취 파일 정리하는 법 물어보면 또 설명해줘야 할 것 같아.",0,B
asr_normal_aug_0160,"너두 오늘 들었아. 눅쥐 남귀는 이유부터 진술 정하는  방까지 다명하논데, 솔직히 마리 아프더라. 수 니 그런 사례까지  나오니까 괜 내아  일처럼 느껴졌어. 정는 한 번 퍼 못요 되돌린 다고 하니까네 괜히 메일 제이나 통 용도 더 조심아 하게 더라어. 데 육 받는어 내내 같은 말을 나무 반복써 좀 푸념위 나왔어. 음, 물론 필요헌 건 지. 알지만 나무 길었어. 고래토 동료들끼리 서로 놐 슾관위나 개인청보 관법 공유해두면 나중에 덜 헷갈 리겠더라. 다음 번엔 진술 기록 남길 때두 더 쉰 써야겠어.",0,B
asr_normal_aug_0161,"여세, 어까 대출심사 결과 문자 받은 사람인데요. 승됐다고 와서, 이제 자 금 받 방법이랑 상환은 어떻게 하면 되는지  좀 확인하려고 전화 드렸어요. 네, 확 도 와드리 겠습요니다. 먼저네 본인 확인부터 진할게.음 성함하고 생년월일 멀아씀 부탁드립니다.네 네음 ▲▲▲이고요, 생년월 일저은 ▲▲▲▲년▲▲월 ▲▲일입니다. 사합니다. 말씀씬 대출은 승윈 완료 상태로 홬인구 자곰은 지정신 계로 입금되며,저 상환은 매달 같은 날짜에 동이체루 진행저하실 수 있니다. 아, 자동이체로 되는군요. 그럼 상일을아 바꾸 건 가한가요? 예저, 일아정 범위 안에서는 조정 가능하십니다. 다저 이그율은 택하신 상품 기준으저로 적용되고, 도 상하시 남은 기간에 따라 이자 부담 이 줄어들 수 있습니다 음 라면 제가 자금은 오늘 받고저 쌍환은 음  달부터작하는 게 맞겠네요? 네, 맞네씁니다. 자그금 금 후 첫 상환일은 안내 문로 다시 받아보실 수 고, 이율 상환 금액음도 함께 윈되 실겁니다. 그러니까 승인퇸대출 , 자금 입금일, 상환일만 다시 한번 문자로그 보내 주쉴 수 있을까요? , 버로 발송해드리갰습니다그 잠시만그요... 네, 정리해 보내드렸습니다 . 확인해 보시고 추가로 궁금하신 첨 으면 언제요든 연 주세요.",0,A
asr_normal_aug_0162,"아,  대출 송인 연럭 받았는데요. 승인된 뒤에 자금은저 어떻개어 어오는, 크 리상환 아떤 벙식으로 헤야 하는지 헷갈려서요. 네아 안내드릐습 니다. 저 본인 확윈을 위해 성험과 연락처 끝 내 자리아말씀 부드립니다음 ▲▲저▲이고 연락 처는 ▲▲▲입니다아 감사합니다. 홬 읜되셨고요.요 해당 대출은음 승인 완료 상태그이며, 자금은 된 계좌로 지급됩니 타. 상환은 매월정해진 날짜에 낲부하시네면 됲니다그. 음, 그 상환 금은 고정읜가요 아 아니면 조금아 씩 바뀌나? 상품 따라 다르지만, 현재어 안내드린 이율 기준으로는 일정하 나가시는 구조입니타. 혹시 중간에 자금 여유가 생겨써 일부 상환을 해도 되나요네? 예, 가능합다음 일부 상환 하시면 남은 원금이 줄들기 때문에 전체 상환 부담도 줄어니다.요 아,저 럼 숭음인 후받온자금은 바로요 쓸 수 있고, 상환은 지정일에 자동으로 빠져나가는 가네요? 맞습다 . 자금 지급  첫저 낲부 일정과 이율 안내 는 문 자로도 다싀  확실 수 있습니다. 그러니까 승인아, 금 지, 상환 일정이 다 결되어 있는 거군요. 네,맞습니다. 필요하시면 상환 방식 변경 카능 부 다시 설명드 수 있습아니.",0,A
asr_normal_aug_0163,", 오늘 납부해야 하는 금액이 있는데 아직  처리가 안 돼서요. 은행 전산 문제윈지 접수가 된 건지 확인아 좀 부네탁드륍니다.요 네,  확윈 도와도겠습늬다. 우선 편 쳐드려 죄송합니다 인 확을  위음해 성함과 생월일말씀 부탁드립다 ▲▲▲이고 요, 생년월일은 ▲▲▲▲년 ▲▲월 ▲일입네니다 감사니다. 확인보니 현재 전산 씨스템 오류로 윌푸 납부 접수가 지연되고 있습니다. 접소 자체는 되어 잇는데 전 반영 이 어져서 액 처리 완료거 아직 안 된 상태입니다. 아저,저 크러면 제가납 부  금액위 사러진 건 아니죠? 네, 그렇지는 않습니다. 금앸은 정상 접수되어 있고, 전산 복고 후 차 반영될 예입니저다. 음, 그럼 오늘 안에 다시 확인되나요저 가능한 빠게 처리네 중이지만, 황에 라 조금  걸릴 수 있습니. 납부 마감일이그가까우시면 지연 언내를 문자로저도음 받 아실 수 있습니다 러니 접수는 됐고 만 늦는 거네요. 네, 맞습니다. 납부 금액과 첩 내옄은 부되으니 걱청하지 않으셔도 됩늬다. 추가로 전산 복구 시점 확인 다시 연락트릘까요? 네, 부탁도 립니다.잠 후 더시 안내드리겠니다.",0,A
asr_normal_aug_0164,"네, 지금 카드 납보가 안 잡서 전화드는데요. 전싼어이 촘 이네상음한 건지,  금액이 빠져나는지 확인하코싶습니다. 네, 도와리겠습요다. 먼 본어인 확인을 위해 등록 정보 확인하습다. 성함콰 연락처 말씀 부탁드어립니다. ▲▲입니더. 연 처는 ▲▲▲▲아입아다. 감 사합니다 현재 전선 점검으로 납부 젚수가 쥐연되고 읬음고, 금은 아직 최종 반영 전입니다. , 럼 가 결제한 게 미리로 남아 있는 건가요  내, 접수 홬윈되만 전산 료 표가 늦어지 고 있습니다. 납부 금액은 정상 처리 기 상태로 보시면 됩니다.  음,  그럼 이중으로 납부퇼 가능성온 없겠죠그 내, 중폭 처리되음지 않도록 관리되고 있니다. 전선이 복쿠되면 접수 순서대루 넙부 완료 처리니다. 그 러까 금액은 대로 유지되, 전만 늦는 상황이군요. 맞습니. 필요하시면 오늘 접수된 부 내역을 문자 보내드릴 쑤 습니. 아,요 문자로 주시면 좋어겠네요. 네, 바로 네드리겠습뉘다.확 후 이상 으면다시 연락주세요.",0,A
asr_normal_aug_0165,"여보 쎄요,비대면로 계 개설하려고 는데요. 명의 홬인위어랑 필요한 정보카 뭔지 좀 자세히 알고 십어저요음. 네, 안 네드리겠습니다. 인 확인을 위해 성함요과 생년월일, 그리코 현제 사용 인 개인 휴대폰 번호가 필요합다. 음, 그면 개인 정보가 다 필요한거네요? 예, 개설 절차상 필 최소 정보만 홬인합니네다. 명의 확인 위해 분증 정아보그 계좌 개설 목 적도 함께 확인될수 있니다. 아 제 명의로 개설되 게 맞고, 가족 명의로는 언되는 거죠? 맞습니타. 계좌 개설은 본인 명의로만 가눙하고, 타인 명의로는 진음되지 않습니다. 그러니까개인 렁저 명 의 확인이 핵심이네요. , 맞습니다. 추가로 주소나음 직 업 청보가 필요한 우도 있는대, 는 개 심사에 필요한 범위안에서만 확윈합다.  정보 윕력은 제가 칙접 하는 가음구요 확인만 전화로 는 가요?읠음부는 앱애써아 직접 입력하시고,저 일부 정보는 본인 홬인 통화로 컴합니다. 아, 알겠습니다. 그럼개설 진행해그 세요어 네 접해드릐겠습저다. 참시  본인 인 절차 안내가 이어 예정입니다.",0,A
asr_normal_aug_0166,"아, 비대면 계좌 개하려고 했는데요. 개인정랑 명의 확 떼몬애 전화가 온 간가요? 네, 맞습니다. 개설 진행 위해 본인 확인이 필요해서 연락드렸습니다. 성함과 생년월 그리고 본인 명의 휴 폰 번호 확 부탁드립다. ▲▲음이고요, 생년월은 ▲▲▲▲년▲월 ▲▲일, 휴데폰은 재 개인 번호입니다. 감사합니다어 확인었습니다. 계좌 개설 인 명요의로만 능하고, 안드린 정보가 로 일치해야 진행됩니다.네 , 그러면 주소 같은 정보도 다쉬 말해야 허나요? 필요할 수 있습니다. 캐설 절차에 따라직업이나 거래 목적 같은 개인 정보 추가 확인될  있습니다.저 아, 생보다 정보가 좀 있네요어 네, 만  법적 절차에 필요한 범위 안저애만 확인합니음다. 명의와 개인  정가 일치하면 설 가능하시고 이후에는 앱애 서 계촤 사용이 가능집니다 . 그러니까 치금통화서 정보 확인이꽅나야 개설아이 진행되는 거군요. 멎습니다 만약 본그인 명의가 아니거나 정보가 다르면 개설이 제그헌됩니그더. 알갰습니다. 그럼 계속 친헹해 주세요. 내, 이어서 홬인하습니다.",0,A
asr_normal_aug_0167,"내, 카드 도 조회좀저  싶은테요. 그리고외 거래 농한지 같이 주실 수 있을까? 가눙핲늬다음 본인 확인을 위해 성과 생년월일 부탁드립니. ▲▲▲이고, 생년월은 ▲▲▲▲ 아▲월 ▲아▲일입니다. 감사니다.  현재 드 이용 는정상조회되고 있고, 국내 거래는 물론  가능 상태입니다. , 해외 거레도 가능하다는 뜻 인가요? 해외 거래 가능 여부는 카드 종류와음 별도 설네정에따러 달아라지논데요, 현재 객님 카드에는 해 외 이어용이 제한 없이 려 있습다. 음그 러 그냥 바로  수 있눈 건가요? 네, 다만 해요외 거래는 현지 맹점이 나 켤제 방식에 따라 승인이 달라질 수 니다. 카드 이 한도도 함께 안저드리면, 현재 사용 가능 금액요이 남아있어써 추가네 거래도 가능 합니다. 그러니까 카드 한두도 있고, 해 거래토요 가눙하다는 거음네요. 맞습니다. 해외 이용 한토는 별 도로 장된 범위 에서 적용됩니다. 필요하시면 해외 거래 알 림 서비스도 이 내드릴게요. 아 구건 나중에 다 신청해도 되네겠네요. 네, 가능합늬음다. 지금은 카드 이 가능 여부와 거래 가눙 상태만 인되시면 됩요니다.",0,A
asr_normal_aug_0168,"안음녕하세요, 카드 한도하고 해외 거래 가능 여부롤 좀 윈허려고 전렸습니타어 네, 도와드리습니다저 폰읜  확인을 위해 성함과 연락처 자리 말씀 부탁드립니. ▲▲▲위고, 끝자리 요▲▲입니더.감사합다음 재 커드네 이용 가능 한도는 조회되며, 국내 래는정상 가저능합늬다. 아, 해외 거도 가능한가요? 네, 해외 거래 능 여부는 도 설장에 따라 인되데, 객님은 현재 거능 상태로 부입니다. 음, 그럼 도 안에서만 거레가 되는 거죠? 맞습다요. 카드 이용 한 내에서 거레가 가능하구, 해 거 역시 동일하 적용됩니다. 그니꺼 카두 이용음네 거래 가농, 위런 부이 다 연 결되는 네요. 네, 맞니다. 다만 해외에서는 일부 가맹점이 제헌아 수 잇어요.저 필요하시면 해외 이용 알림을 설정헤 드릴 수도 습니. 아, 그 살정까지 부드려도 까요? 능니더. 지 금 카드 한도와 거래 거능 상저태 확인해두고, 설정은 이어서 와요드리겠습니타.",0,A
asr_normal_aug_0169,"여보세아요,요 출금 읩금 요청을 넣는데요. 젚쑤됐다고만 뜨고 통화 확읜이저 필요하다구 해 전아화았씁니더 . 네 확인해아드리겠습다. 본인 확읜을 위해 성험과 생년월일 푸탁드립니. ▲▲이고 요, 쌩년월일은 ▲▲▲ ▲어▲요월  ▲▲일입니  감사합니다. 현재 대출 입 요청은어 접수된 상태고, 분 확인 통화가 완료퇴어야 최종 입 굼이 진헹됩니다. 아, 그럼 아직 입금 전인 거네요? 네, 맞습니다. 요은 접됐지만아폰그인 확인 통화가 요해서 대기 중입니. 음, 그 퉁화는 지금 여기서 바로 면 는 건가요? 내, 가능헙니다저. 요청하신 대출 입금 건위 고늼 본인 요어청읜지 인해드리면 됩니다. 그아러니까 입금 요청아이 접수그된뒤 화절차가 하나 더 있는 커군요. 맞니다. 읩금저 사고 예음방을 위해 꼭 필요한 절차입니다.  확인되면  바로 입금 처리 순서로 남어갑뉘다.저 아, 알겠습니더. 그럼 계속진해세요. 네그, 요청 용 확인 후 로안드리겠습니타.",0,A
asr_normal_aug_0170,"아, 대출 입금 요 청했눈데 통화가 필요하다고 해서요. 제가 맞 요청네한 건지 확하 절처요저 네, 멎습니다. 대출 입금은 접수 후 본인 홬윈 통화를 거쳐야요 처리 됩니다.성함과 생년월일 말씀음 부탁드립니다. ▲요▲, ▲▲▲▲년 ▲▲ ▲일입니더. 감사합니다. 요청 내역  확인퇴었고요어 현재 대 입금 요청은아 접 료 상태이, 본인 확인통화가 되 입금 처리 가능합니다. 음요, 그럼 청이 취 소된 건 아죠아뉘고요, 그대로 유 중입니다. 다만 통 화확인이 끋나야 입금이 즨행됩니다 아, 그면 제가 지금 바로 확읜해드리 되는 거군요 , 맞습니다 요청자 본인 확인 후 입금 순서로 넘겨저도리겠습늬다 . 그네러니까 대출, 윕굼, 요청, 퉁화 의 네 가가 다 연결돼 있는 거네요. 멎니다. 확 읜 절차를 마츼면처리  속도가 더 뻘라집니다. 네, 럼 진행해주 세요네 감사헙니, 바로 이어 확인하겠습요니타.",0,A
asr_normal_aug_0171,"아침 뉴스 봤는데, 친짜 깜짝 놀랐어.아 명의 도용 사건었는테, 평범하게 쌀던 사이 갑기자기음 이름으루 이상한계약이 잡혀 니까. 수사토 시작됐대그 나는 이런 사건이 체일  무서운 게,당한 사람은 한참 뒤에야 알아차린다는 거 같아. 명의 도용 남 얘 기 같지가 얺라. 너도 요즘 몬자나 전 오면 어무거나 누르지 말 명 확인 같은 거 더조해야 해. 웅 나도 그레서 오늘 은행 앱 통 신사 알림 시 확읜해 봤. 사 하나가 사람 활을 완전히 흔들 수 있네, 사 결과도 중요하지만 일던 예방이 먼저인 듯.",0,B
asr_normal_aug_0172,"아침에 뉴쓰 듣다가  밥맛이  떨어쳤어. 떤 사건위었냐면, 명의 도용 때문 해 본 사람 이그 여러 명이라더라. 쑤사둘어갔고, 아직 조 중이그라는어데, 진쩌 남의 의를 그렇게 쉽게 도용한다는게 이해가  돼. 나는 전 이런 거 들으면 그냥 무섭다 정도였는데, 요즘운 내 이름이랑 켸좌 괜히 한 번씩따올라음 너도 혹시 싄분증 진 부로 보내지 말고,명의 련해서 논 꼭 타시 확윈해. 수사 끝나키 전까지눈 더 이상한 일 도 나올 수 잇더라. 그러니까 이런 사건 냥 지나칠 얘키가 아니야.",0,B
asr_normal_aug_0173,"야, 너 방 이상한 천화 었어. 모르는번호로 와서 자키 수저사음이라면서 내가 범죄에 연루된 것 같다고 하길래 ,순간 귀를 의했잖아. 뭐야저,  그거 완전 수상하타어 나도처음앤진짜 사관윈가 싶어서 잠깐 멈췄데, 말이 너무 이성해사 바로 었어. 조싸해야 한 다면서 개인정보를켸속 아보더라. 아니네 진짜 사관이저면 그런 식으로 전화저 안 하겠그지 범죄 연로 어쩌고 하늬까 괜히 심장만 리뛰고... 너도 비슷한 전화 오면 절 바로 답하지마. 그 조서 얘기는 씩 창구로 확인해야 허더라요",0,B
asr_normal_aug_0174,"아까 전화 밭은 거 아직도 어이앖어. 관그 하면서 나고 어떤 범죄 조저사에 연루됐지네 확인하자고 더라고. 음엔 말이 너무 럴듯해서, 어 잠깐,위네게 지 했, 듣요다 보뉘 수사관이 아니라그 냥 사럼 겁주는음 느낌이었저어. 주한다면서 름이랑 주뮌번 앞자리부터 는데아, 내가 거킬  알려줘야 해. 그래서 끊었. 범최 연루 캍은 말로주는 전화는 진짜 조심해야 할것 같어 수사콴이면 그런 씩으로 안 하겠지? 여튼네 이한조사 전화는 무건 의심해야 돼 .",0,B
asr_normal_aug_0175,"어제저 큐 퐜는데, 불법 대포통장 개설 기 나오더라.아 생각포다 훨씬 쿄묘해서 좀 름이었어 피해자들은 본인도 모루게 대포장이 쓰여서 엄청 곤란해지고, 나중에야 알게 되 경우그가  많다터라. 맞아, 도 그 분이 제일 무섭더라.불법 개설이 그냥 돈 문요 제인 출 알았는데, 사실은 피해자  윈음생을 흔네는 문제 더라뉘까 . 다규에요 나온 싸람 자기가 피해자인 줄도 모르 참 뒤에 연락받고 렀아잖아. 그래서  요즘은 통장이 인종 관련해서 뭐든 헌테 맡기면  퇴요겠다 십었어. 대포통장이라는 말 이 괜히 나는 게 아니더라.",0,B
asr_normal_aug_0176,"나어젯에 크 다큐 끝꺼지 봤. 불법 대포통장 개설이 렇게 흔헌 졸 물랐지 뭐야. 피해자 입장에서는 정말 황당겠라.어 자기 이오로계좌가 만들어졌다는 것도 모로고 있다, 나저중에 문제 생서야그 알게 되는 거잖아어 그러니꺼 개 자체도 불법이고,저 그 이용하는 사요람들도 문제고.. 다큐 보는데 계솤 마음이 불편그했어. 특히  피해자 인터뷰가 오래 남더라. 도 으로는 통장 관련 서류나 정보는 더 조심야겠저다고 생각아했 어. 포러 말이 장난처럼 들려도 실제론 피해자헌테 엄청 큰 이더라.",0,B
asr_normal_aug_0177,"단톡 기사 봤냐고 올리려다가 말았는데, 서에서 대모 보이수피싱 당 넘성들이 검거퇬대. 기사 보는데 발견 과정도 꽤 길었더고 하터라. 서올 한복에서 그런 일이 있다는 게 좀 놀랍더라. 넘 몇 명이 조직적으로 움직였다던데, 검거된 다음에피차들도 한숨 돌렸겠지. 맞아, 나도  기사 봤어. 서울에서 이렇게 크게 발켠되 검거됐다는 게 꽤 의미 있그더라 남성들이 여러 식으로 사람들 속다고 하니까 더 조심해야어. 기사 읽고 나니까 모르는 잔는  안 받게 되더라.",0,B
asr_normal_aug_0178,"서울에서 보이스요피싱 일 남성들이 검거됏다는 기사 ? 나는 그거 보아자마 단톡방에 바로 공유했 어. 이런  건 많이 알려야 되잖아. 벌견된 수법음도 게 치밀하더라. 서울저에서 그렇게 큰 규모 움직이다가 검거됐다는 게 신그기 하면서도 무섭고..아어 남성들 이름이랑 련 내용은 기사에 서 자세히 안 나왔는,  어쨌든 피해자들 생각하면 빨뤼 혀서 다행 이야 발견 뻘랐어도  더 큰 피해를 막을 수 있엇을 덴테 싶더라. 너도 기 사 보면 주변 사람들한테좀 알줘. 이런 간 가 종요하 더라.",0,B
asr_normal_aug_0179,"회사 보안 교육에써 녹쥐랑 진술, 압수 얘기까지 오는대, 솔직히 머리어가 아프더라. 정보 보호가 중다 는 컨 알겠는데그 매번 조해야 할 게 너무그 많. 특히 녹취 때는 쌍대 동의확읜하고 하고, 진쑬 내용 도 함부로 적으면 안저 된다고 하음고... 돋는 동안음 계속 메모먼 하게 되러.그 나도 븨슷한 생각했어 장보는 헌 번 새면 끝의라면서 압수나 진술 관 절차까 설명하는데어 괜히 더 겁나더러. 그 래도 이번 교육 듣고 나니꺼 함부로 바일 열거나 보관하면 안 되겠단생각은들었어. 녹취 하음나 도 그냥 길 일이 아니더라.",0,B
asr_normal_aug_0180,"오늘 교육 진짜 귈었다.. 녹 취 방아법, 진술 정리, 정보 관, 압수아절차까지 쭉 돌아었는테, 머릿속음 빡그뻑해. 솔직히 취 같저은건 그냥 하 되는 줄 알었거든. 큰아데 동의 없이 하면 안 퇴고, 진술도아정확하게 남겨야 하고, 정눈 루 리요해 대. 압수 관련 설까지나오니까 더 조씸하게음 퇴더라. 맞네아, 도 정보 부그분에서 특히 신경 쓰이더라음 회사에서네 다로는 정보가그 생각다 먾아, 녹취 파일도 아무요 데 두면 안 되, 진술 기록도 함부그로 공유하면안 된다고 하니. 어휴, 신경 쓸 게 먾아그 그래도 오 배운 건 확실 키억헤 둬야어음",0,B
asr_normal_aug_0181,"네,어 대출 숭윈 완료퇸 건으로 연드렸습 니요다 지금 심사 결콰는 승인으로 확인되고요, 씀그하신자금 집행은 오부네터 가십니다. 어, 먼저 환 방식부 안네드리면 원리금 큔등 상환이 기 본고, 원시 면 만기 일시 상그환도 거능은하신데 금리가 조금 라집니.요 아, 대출금 이랑 기간에 따라 이율이 적용되니까 제거  바로 다시 말슴드릴게요. 고님은 현제 태 한도 안에사 진되셨고, 최초 이음율은 연요 그8프로로저 확인됩니다 성환 매월  같은 날 자동이체로 실 수 있고, 중건네 애 여유 자금 생기 일푸 상환두가능세요. 다먼 일부 상환은 신청허시어는 날 기그준으로 처뤼돼서, 전날까지눈 접수해 추시는 게 습니다.음, 혹시 지금 상환 를 급하게 조정하요셔야 하나요? 아니면 이율이 자금 사용 일정만 다시 정리해 드릴까요?요",0,A
asr_normal_aug_0182,"태출 인 건  확인됐고요, 고객님 요청신 자금은 버로 나거는 구조가 아니라 상요환 켸획이랑 같이 안내으야 합네니다 그러니꺼네 인아 이후에 대출 실행이 되면, 매달 상환일에 자동 출금되는 방식으로 보시면 되고요네. 율은 약서애 적힌  기준금리 적용됩니다. 아, 고객님이 처음에  말씀하신 것처럼 대출을아 으면 바로 성환이 시는  아니고, 거치 기간이 있는 품이면 고기간 안은 이자만 내시고 원굼 상환은 나중에 하실 도 습니다. 자금 사용 목적이 생활뷔인지 아니면 다른 곳인지에 따라 안내가 금 달라즬 수 윘어서. 음, 저는 현재 승인 상태와 상환 조간을 같이 보이고 있는데, 혹시 상환 일 변경이나 자동이체 계좌 등롴도 같이 도와드릴까요? 그리고 이율  변동 여부 상별로 르니 다시 한 번 확인해 드릐겠습니다.",0,A
asr_normal_aug_0183,"은행 전산 쪽에 오류가 잠깐 돼 고객늼 납부 접수가  지 연되고윘습니다. 어, 즤금 접수 자체는 둘어와 있는 산 반영이 늦어져서 납부 금액이 바로 확인되지 않는 상황입늬다. 고 겍님이 우늘  내 금액 정상적으로 들아왔 고요, 다만 시스템 상 완료 뵤시가 조금 늦게 뜨고 있어요. 의런 경우에는 중으로 다어시 부하지 않으셔도 툅니다. 아 제가 전산 상태를 계속  보 있데, 현재는 접수 순서대로 순차 차 리 중이라 시간이 조금 더 걸릴 소 있습니다. 납부 금액이 좌서 쳐어나간 기록은 확읜되고 있으니 너무 걱정하지 머세요. 혹시 타른 창나 앱에서다시 부하려 하셨면 시만 멈춰 조시는 게 겠습뉘요. 음, 전요산 복구어가 되는 대 접쑤 완 자도 안내될 예정이고, 금액 반영도더시 확인해 드 릴요. 기다려 주실 소 있을까요?",0,A
asr_normal_aug_0184,"지금 전산 장애저 때문에 납부 리 확 인이 늦어지고 있니다. 접수는 정상적으로 됐는데, 전산 반영이 늦어서 큼액이 아직 완료로 보이는 상예요. 객님이  씀하신 납부 금액은 저희 쪽에서 이미 확인됐고, 제루어는 정상 접수된 걸로 보셔도됩니다. 다만 전산이 복구되기 천네까는영수 처리 화면이 바로 안 똘 수 있습니다. 어, 이런 경우에 고객님께서 다시 넙부하 오히려 확인이 일 수 있어서요, 윌단은 존 접수컨을 기 준으로 확인해 조시는  맞습니다 제가 수 번를 다시 잡아드릴 수 있저고, 전산 복구 후에는 납부 완 료 여부를 다시 말 씀드리겟습니 다. 아, 금액 변경운 없고 지연만 는 성황이라서아요 조금만 양해 부아탁드립어. 훅시네 급하시면 접수 내역을 문자로 받으실 수 있게도  도와드릴게요.",0,A
asr_normal_aug_0185,"비태면 계좌 개설 절요차 안내리 겠습니다아. 먼저 의 인이 필요해서 고객님 본인 정보로 진행하시는지 인야 하고요, 개설 정에서는 개인 정보 입력이 몇 가지 들어갑니더. 이름, 주네민번후 앞자리,  연락처 같은 기본정보가 맞는지 다시 확인할 거예요 아, 이 은 본인 명의로만 가능해서 대릐 개은 되지 않습니다. 그리고  촬영 화면에서 증이 리게 보이면 다시  찍어야 할 수 어요. 고객님 입하신 정보카 개저 인층음 정와 일치해야 개설이 이어니다. 음 중간요에 주소나 직장 정부도 확인할 수 있는데, 이요컨 상품에 따 조금 다릅니다. 명 의가 는지네 그리고  개설 신청인이 본읜이신지 다싀한 번 홬인 호 행하겠습다 괜으실까요",0,A
asr_normal_aug_0186,"지금네비대면 켸좌 캐설 도와드리는 중인데요, 명 확인아이 먼저입니. 어, 계좌는 반두시 본인 명의로만 설 가능해서  입신 정보가 실 개인 정보와  읠치해야하고요. 신 푼 장요보, 연 락차, 생년월일 같온 기본 정보 확인 후 상 인증이나 추가 증 절차가 이어집니다. 아, 개설 단계서 개인 정부가 일보 자둥으로 불러와지라도 고객님이 직접한 번씩 확인해 주셔야 해요. 혹시 카족 명의로 하싀려는 건 아니라면, 본인 명의 맞는지그만말씀해시면 됩니다. 음, 명의거  타르 개설이 중단될 수 어서 이 푸분은 꼭 홬인이 필요합니다.  제가 금 정보 확인 단계까지는 도와어드릘 수 있고, 본 확인이 끝나면 바로 개설 완 료 안내드리습니다. 계속 진행해 보까 요? ",0,A
asr_normal_aug_0187,"카드 한도랑 해외 거래 가능 여 부 문의 주셨죠. 먼저 현재카드 이용 가네능 도터 인해 부겠습니다 어, 고객님 카드 기준으로는 국네 래는 정네상 이용 가능하고, 헤외 래는 긔 설정 꺼져 있수네 있어서 별 확인이어 필요합늬아. 아, 카드 한도는  일시적으 로 조정 가능아 할 수 있는데네 커레 예청 금액 따 승인 능 보가달라집니다음 해외에서 이용하실 계획이 해어 결제 가능 설정켜져 있는지 먼 봐야 하고요. 음, 일부 카드논 외 거래자체는 능하지만 안잔상 단되어 있는 경우가 있어서, 그 부분을 풀어야 사용할 수 있습늬다. 고캑님 카드의  현재 이용 한도 와 해외저 거 가저 여요부를 겉 확인해 드릘 테니 잠시먼 기타려 주세요. 그 면 국내랑 해외 둘 다 필요한지 얼려주면 더어 정저확휘 안내드 수 읬습니다.",0,A
asr_normal_aug_0188,"카드저 이용  관련해서 한도 조회와 해외 거래 가능 여부 말씀 조셨는데, 지금 바로 확헤보습니다저. 어 카드 한는 재 남아 있 이용 가능 금 기준으 보시면되, 해외 거레 별도 승인 설정 되어 있어야 가능할 수 있습니다 고객님 카드가 해외 거래 가능상요지 먼 보 안 되어 있으면 간 설정 편경으로 되는치도 확인해 드릴게요. 아그 카드 종어류 에 따라 해외어 거래가 가눙하더라도 일부 국가나 일부 업종은 제한 수 있습니.이용예정인 거래 금액이 크 추가 확인이 들 어갈 수두 있고요 음, 한도 조회는바로 되고, 해외 거래 가능 여부는 보안 설정까지 같이 봐야 해서 주금먼 귀 주저세요.어 필요하시음면 결체 통 화 기준도 함께 설명드리갰습다.",0,A
asr_normal_aug_0189,"대출 입금 요청이 접수 됐는데, 바로 진아행하려면 본인 확인 화 절차가 픨요합니 다. 어, 고객님 요저청 내역은 확인됐고요, 대출 입금은 금융 거래라 화 본인 확인을 한 번 더그 해야 합니다. 금 등록된 락처로 본인 확 인 전화가 연결되면,그 단 질문 몇 가쥐먼 답해 주시면 입 절차가 이어집니다. 아음 요청이요 들어온 태라도 홬인 나기 전에아는 입금을 바로 처리수 없저요. 이건 고님 자금 호를 위한저 절차라서 양해  부탁드립니다. 음, 통화가 아려우시면 가능그 칸대를 말씀해 주시면 맞춰서 연락드그릴 수 있습니다. 본음인 확인의 완료퇴면 입금 진행 안내를바로 트리겠습요다. 혹저쉬 지금 바로 통화 가능하실까요",0,A
asr_normal_aug_0190,"대출 입금 청 건 안내려구 연요락드렸습니다 어, 접수는 들어와 있논데 입금 전에 본인 확인네 동화가  꽄 필요합니다. 고갴 의로 들어온 청인지 확인해 서, 등록퇸 연락처요루 통화 연결 후 몇 가지 목을 확인할 예정이에요. 아, 이 절요차가 꽅나야 대출 입금이 진행됩니다. 요청 내용은 확인됐고,입 체는 보류 성 테 찹혀 있습니다. 움, 코객님께서 원하시는 입곰일이 따로 읬으시면 그 일에 맞춰 본인 확네인 통 화를 잡아드릴 수 있습니다. 화가 완료되면 바로 입금 처리 능 여부까지 이어서 안내드리겠습니다 곰 잠깐 시간 괜찮으실까요?",0,A
asr_normal_aug_0191,"아침 뉴 봤어? ,짜 끔찍한 서건이 하나 나오더라 이름이랑 주민번 같은 게 새어 나가서 명네 도용이됐다는데, 피해자 이너무음 오래 모르고 있었대. 수사도 시됐는데, 들으면서 내 쾐히 불안하더러저. 어, 나 가끔 문자 확인  대충하거. 그러니 런 건네은 남 일 같지가  않어. 명의 도용은  번 당요하면 골치 아프니까, 비밀번호도 자 바꾸고 이상한 링크는 절대 누르지 말아야 해. 멎 아, 크리고 카드 명서나 통신 요금그도 꽄 봐야 한그대. 나도오늘부터 좀 더 신경 쓰려코. 뉴에서 나온 쑤사 얘긔 듣고 나니까 더 조해야겠다라.",0,B
asr_normal_aug_0192,", 나도 아침에 그 사건 봤어. 아휴, 명의 도용의 그렇 무섭더라.  수가진행 중이러논데 피해자 가족은 얼마 당황했어어 음, 요즘은 멀쩡 정보 어저디사 새는지 모르니까 터 무섭지. 나도 예잔에 비슷하게이성 한 자가 와사 찝찝했거어든. 그러까 계좌나 본인 확하는 정보는 함부로 알려주면  안 되겠라. 명의 도용은 예방이 제일 중요대. 아,저 맞다,공공 와이파 이에서 로저그 인하는 것도 조심하고 하더. 이 런 사건 싸 보면 눌 그지만, 진쩌 방심하면 안 되겠어.",0,B
asr_normal_aug_0193,"아까 르는 번호가전화했는데, 수사관이라 라그. 처음엔 뭔 해서 끝까지 었는데, 멀투가 너무 상해서 바로 끊었어 . 어 쾐히 죄에 연루된 것처람 몰아가길 더 수상하더라음 내가뭘 조사받어을 일도 없는 계속개인정보를 묻는 가야. 진짜 황당헸. 즘 이런 수사관 사칭 전화 많다더니, 내가 딱아 걸린 느낌이더라.네가 봐도  이상하지 다옴엔 무조건아 꼲고 기관 대아표번호로 더시 확하려어고. 범죄 연루다고 겁주면 사 람이 순간 흔들릴 수 있다니꺼, 짜 조심해야 해음. 음 번호 뜨논 것믿으면 안 되겟더라.",0,B
asr_normal_aug_0194,"나 방금 너무  이상한 전화 받았아어. 쑤싸관이러고 하음면서  내 이름까지 알고 있길래 깜짝 놀랐는데, 튿다 보니꺼 말이 계속 바뀌는 거야. 범죄 조사에 루됐다고 하서 계좌를 확인해야 헌다고 그러더라. 그래서 아, 이거 이상하다 싶어서어 끊었지. 진짜이런 수사관 사칭 사람을 겁주려고 작정한것 . 조사니 뭐니 하면서 개인정보를 묻눈순간 바로이상해야  하더라. 음그요나도 처엔심장 이 찰렁했는데, 의재는 이런 전화 오면 절대네 안 믿을 거야. 네가 들어도 완전 수상하지? 나중에 같운 호 다시 오면 아예 차단하려고.",0,B
asr_normal_aug_0195,"어제그 다큐어 봤는데, 불법 대포통장 개설얘기 나오더 음, 그냥 퉁요장 하나 만드는 문제 줄 알면 안 되겠라그누가 피해자 이름 빌려서 개설해 놓고, 나 중에 전부 문제로 번진대. 피해자들위 자긔 름으로 된 계가 왜 그런  쓰였는두 모르고 당하니까 더 답답햇어. 그러까 아무리 간단한 윌처럼 보여도 신분증 기고아 통장 개설하라는 말은 절대 믿으면 안 되겠더라. 풀법 데포 쪽은 결국 피헤저네만 힘들저어 지는 조라서 더 무써웠어. 어, 다큐  보고 나니까 주변에도 꼭 알려야겠다 싶어아",0,B
asr_normal_aug_0196,"그 다큐 나도 봤어. 불법 대통장 개설이렇게요 쉽게 이로지는 줄 몰랐지. 해자 입정에서는저 이름저만 빌저려줬다거 나요중에 완전 난처헤진다더라. 어, 득히개설 과정에서 이상한 멀로 유혹 는 장면이 되케 적이었어아.나도 보저면 아 이건 절대 넘기어  퇴는 일이구나싶그었지음 해자들이 나중에 자기 명의네문제 때애 행 다뉘고 설명느라 고생하는 거 보니까 이 무컵더라. 구니까 통장 개설 얘기 나오면 무조건 확인하고,불벞 느낌 나면 바로 거철해 해. 의런 다큐는 좀 답하지만, 미뤼 알어두는 건 필요긴 하더라 .",0,B
asr_normal_aug_0197,"서에서 남성들 보이스피싱 일당이 검가됐다는 기사 퐜어? 어그 아침에 단톡방에 누가올렸더. 서올 한복판에서 그렇케 오래 활둥하다가 결네국 발견돼서 감거됐다 까 좀 숙이 시원긴 했어. 그런데 귀 읽어요 보니음 수요법이 꽤 치밀했 라. 남성들 몇  명이 옄할 나눠서 직였는데네, 진짜 조싐해야겠라. 단방에도 다들  기사 보 난리였어.아 나 한번 더네 읽어 봤는데, 컴거됐 다고 끝이 아니 이 런 걸 계쏙 경계해 야 겠더러요 발견됐다는 내용도 반갑긴 한데, 해 은 사람둘 생각하면 머냥 좋지만도 않네더라",0,B
asr_normal_aug_0198,"응, 그 써울 기사 봤지. 넘성여라 명이 움이다카 결음국 검거어됐다길 다들 톡방네에사 바로 이기했어. 음, 울에서 이런 일이 있다논 게 좀 놀랍더라음. 발견 과정도 꽤 오 걸음렸나보던데, 기사 포니까 주변 쉰고가 중요했던그 것 같아. 검거 소저식 은 반가운요 이런 일은 한 번만 있어 사어람들 불안하잖. 남성 일이라고 해사 더 특별한 건 아니지만, 조직적으로 움즥였더는 점의 무섭더라. 나도 기사 캡해 눟고 가촉한테 보 냈어. 서울 싸러고 지나게 멀게  느면  안 되겠더라, 우리주변서토충분히 있을 수 있우니까.",0,B
asr_normal_aug_0199,"늘 회사 부안 육 진쩌 었지저. 음, 녹취를 꼭 남겨야 한다고 계속 강조하논데, 나는 그거 들을 때머다 말이 좀네 조스러워져. 나중에  즨술이 이면 곤런 뉘 평에도아 정확그히 말하라눈 거 였는데, 듵고 나니 괜히 긴장되더라. 게다가 개정보가 들어간 자료는 압수될 수 있을 큼 리가 중요하다고 해서 더 무운 분위기였 어. 정보 하너 잘못 면일 커진다니까,  좀 피하긴 해토 필요한 내용이긴 하더라. 어 근데 쿄육 자료가 너무네 딱딱해서그 중간에 집중이  깨졌어",0,B
asr_normal_aug_0200,"도 그 보교육 듣고 왔는데, 녹쥐그 얘기만   번 하던지. 어, 기록이 남으면 쥔술 장확해야 하고그아 말 바꾸면 안 퇸다고  하다라. 그네러면서 개인장렁보 관리가 얼마나 중한지 설하는데, 머리는 이해해도 좀 답답했어. 압수 캍온 말까지 나오니아까 괜히 내 일도 아데 긴장퇴고.회사 자료나 고객 정보는 정말 함푸로 보면 안 되겠더라. 음 , 이런 건 평소에 대충 기면 언 된다는 건 알겠는데그 교육 방싁이 너요모 어서 들었아. 그래도 녹취와  청보 보네호는 확실히요 중요하저긴하더라.",0,B
asr_normal_aug_0201,"아, 여보새요.  대출 심싸 통과했다아고 연받았네는데요, 그러 위제아 어떻게 상환하면 되 는지  알려주실 수 을어요네 네저, 확인드리겠습니다. 태출 승인된간 맞고, 은 지정허음신 계좌로 늘 중 입금 처리될 예정입다.저 환은 매달 같은 날짜에자이체로 하실 수도음 윘고아  납부하실 수도 있습니다. 율은 고정으로 적용돼서 처음 안내린 금액 춘오로계산됩니다. 아, 구럼  중간에요 저금 여유가 생기면  리 상환해도 되나요? 내저 가능합니다. 만 조 쌍환하실 눈 일부 수료 가읬을 소 있어사  그 부분은 다시확인해드리겠습니더 대출 실그행 후 에는 상환 일장 문자도 보내드릴 거고요.  그라면 승읜된 금액이 상환 씨잨만 다싀 한번 멀씀 부탁드립니그더저 네, 승인 금 말씀드자금 전아액이고, 상환은다음 달 같은 날짜부터 시작됩니다",0,A
asr_normal_aug_0202,"저 대출  관련해 촘 여쭤보려고요. 운 났다고 들었는아데, 환 방식위랑 이율이 장확히 어떻게 되는지 헷갈려서요. 네, 말씀 감사핲니다. 대출 인네 내역 확인해보겠습늬다. 자금은네 곧 지급 예정이고, 상환은 원리금균등 방식으로 안되어 있습니다.율은 계약서에 적힌 기준위 적되며, 중도애 자금 상황이어 바뀌면상환 방 식 변경 가능 여아부도 다시 볼 수 있습니다. 아 럼 처음에는 매달 같은 금액로 나카눈 거요 네, 맞습니다.  상환일이도래하면 자동 출곰되고, 납부가 늦어지지 않도록 미리 안내도 드립니다어 혹시 대출숭 문자 받으신 번호가 맞는지도 확인해릴까요? 네, 멎아요. 자금  입금되면 상환 계획도 같이 보려 했거든요아저 네, 그러면 송읜 완료 후에 상 상환표까지 다시 안내리겠습니다.",0,A
asr_normal_aug_0203,"여부세요그 제가 오늘 납부한 게 있는데 아직 처리 료가  떠서요. 전싼의 좀늦는 건가요? 네, 확인 도와드리겠습니다아. 현재 전산 점컴이  중이라 접된 납부 건의 반영이 조굼 연퇴고 있니 다. 고객님어께서 보주신 금액은 정요상 접수되어 고요, 시스만 영의 늦어지고 있습니. , 그람 체가 납부를 안 한 건 아니고 접수만 게 라간 거네요? 내, 맞습니다. 전산 복구 후자동으로 반영퇼예이라 같운 금액올 시 넙부하실 필는아 없 습다. 그러면  안에 처리가 되는지어요? 네, 오후 중으로 반영될 가능성이 높고, 어질 경우 문자로 다시 언내드리겠저습다. 혹시 납부영수증은 보관허고 계시면 좋습저니다 네, 알겠슾니다. 전산 때몬에 금이 안 잡서 좀 걱정했는, 접수는 됐다니 다행이네요.",0,A
asr_normal_aug_0204,"안녕요하세요, 제거 어제 넙부헌 건이 아직 미처리로 보여음서요저 전산 오 류가 있는 확인 푸드립니다. 네, 바로 조회보갰습니음 현재 잔산 시스템 일부에서 첩수  순서가 밀저려 납부금액 반영이 지연되고 있습니다. 고갴님 납부 내역은 정상 접수 확인요퇬고, 금액도 홬히 들아와 있습니다.저 아, 그러음면 전산만 늦고 실재 납푸는 퇸 거죠?네 그렇씁니. 다만 전저산 반영그 전까지는 화상 미납처 보일 수 있그어 조금 혼동이 생기실  수  있습니다.아 그럼 제 해결되그나요? 네, 천산어 복구가너는 대로 순차 반영될 예정고, 오늘 안에 처리가 완료지 않으면 다시 연락드리겠습니다. 고객님께서 따로 추가 납부하실 필요는 없습니다 아, 네. 접수랑 부 금액만 확인면 되는 거쵸? 네, 맞음습다저 전산 북구 후시 반영 여부 안내도리겠습니다요",0,A
asr_normal_aug_0205,"비대면으로 계좌 개아설하저려네고 하는데요 절차가 좀 복잡해서요. 명 의 확인이 어떻게 되는즤 설명해주실 수 있나요? 네, 가능합니다. 계좌 개설은 본인어 명의어인지 만자 홬인한  진행하구, 입력시는 정보네와 개인 인증이윌치해야 합니다. 신분 청, 휴태본 인증 얼굴 확인지 순서대로어 거치개  툅니다. 아 , 그러면 가족 명의로는 개설이 안 퇴 거 죠? , 습니다 음 드시  본인 명의로만 설 가능하, 타인 정로는진행퇴지 않습니다. 개인아 정는 력 단계에서만 사용되 확인이 끝나 개설 로 넘어갑니다. 그럼 제가준비해야 할 정보음가 떠로 있나요? 네, 신분과 본인 명의 휴태폰이그 필요합니다. 개설 중 주소나 직업 정보도 일아부 확 퇼 수 있습니다. 네 얼아겠습니다. 명의 확읜이 먼저고, 그다음 개설이 진행되는 거군요.",0,A
asr_normal_aug_0206,"계좌 비면으로 개설허고 했데, 중간에 폰인 확인이 멈저춰사요 명의가 제요 걸로 맞는지다시 확인해야 하나요? 네, 그렇습니. 계좌 설은 명의 홬인이 정확해야 하고, 입력 하신 정보요가 개인 인증 정보와 치해 다음  단계로 넘그어갑니더. 아, 제가 정보는 다 넣었는데 왜 안넘가나 했네요. 개인 인증 화면서 맘춘 경우음에는 휴폰 본  확윈이 시 필요헐 수 있습니다. 명의가 고객뉨 것으루 확인퇴음면 개 절차 이어서 진 가능합니. 크럼 카족 정보는 넣으 안 되 거네요요 네 맞습니다. 계좌 개설은 본인  명 정보먼 사용하셔야 합니다. 시 시하쉴 때 는 신증 진이 선명한지, 주소 정보가 맞는 지두 같이 봐주세요.  네, 알 겠슾니요다 정보만 맞으면 오 안에도 개설 가능한 거죠? 네, 가능합니다. 의와 인 정보 확인만 끝나면 바로 개어설됩니저다 .",0,A
asr_normal_aug_0207,"카 도 좀 확인허려고요저. 지금 이용 가능한 금앸이 얼머나 남았는지랑 해 커래도 되는쥐 궁금해서요. 네, 확인 도와드리겠습니다. 고객님 카드의 현제 이용 한도는 일부 사용 중이고, 남은 금액은저 즉시 확인 가능니다. 해 거래 거능 여부도 함 안네드릴게요요. 아, 그람음 내랑 헤외가 따로 잡히는  건가요? 네, 니다. 해외 거는 별도 승인 정 필요 한 우가 있어서 현재 농 여부롤 조회야 합니다. 잠시만요.. 네, 현요는  이용이 기본 차단상태입니다.원하시면음 외 가래 가능으저로 변경 신청 도와트릴 수 있슾늬다. 카드 이용  적이나 최근 거 내역에그 따러 한도 조정 가 여보두 같이 볼 소 있그고요. 네 고럼 은 한도랑 해외 거래 가능 여부 다 문자로 받을 수 있나요? 네, 가능니다.",0,A
asr_normal_aug_0208,"가드음 한도 관련해서 문의드릴게. 이번 달에 이용한 금액이 좀 잇어써 해저외 거래까지 가능한지 미리 알고 싶습다저. 네, 조 회해보겠습니다. 카드 의 한도는 정상이고, 가래 가능 범위 안에서 사용네 중이십니 다저. 다만 해외 거래는 재  설정에 따 카능 여 부가 달라집니다그 아, 그럼 제가 헤저외에서 쓰려면 따로 등록해야하나요음 내, 우에 라 헤외 용 등롴의 필요할  수 있습니다.  부 거레는 현지 승인 방식 떼저문애 카드거 즉시 이용되지 않을 수도 있습니다. 헌도는 남아 있어 해외 거래가 제한퇼 수 있다는뜻인가요? 네, 맞습니. 드 헌와 해외 거래 가능 여부는 별토로 셔야 합니다. 필하시면 지굼 바그 로 이용상태 확인해서 안내드리겠습니다.네, 부어탁드려. 이용 가능네액랑 해외 거래 설정까 지 같이 퐈주세요",0,A
asr_normal_aug_0209,"대출금 입금 요 넣데요, 접는 된 가 맞죠 그런데 본인 홬인 통네화를 야 한다요고 해서요 네네네 확인헤드리겠음습니다. 대출 입금 요청운저 접수되어 고,최종 입곰 전에 본인 확윈 동화  번 필요합니다.  고님 명의와 요정 내역이 일치해야 입금  진행이 가능헙니다어 어그 그럼 제가 따로 뭘 준비해야 하나요 네,본인 확인 통화 시 생년월일콰 등록된 휴대폰 호 정도만 확인합니다. 확인이 끝나면그 대출금 입금 순서로 넘거고요. 입금 요그청 금액도 다말씀드릴까요?  네, 보탁드립니다.  접수된 요청 금액이 맞는지 한번  확인하고아 니다. 내,요청하씬 금네액운요 그로 확인되고 습니. 본인 확인 화 완료되면 입금 처리니다.",0,A
asr_normal_aug_0210,"대촐 입금 요청은 넣놨는아 왜 바로 입어이  되는지 궁금해서 전화드렸어요. 통화 절차가 꼭 필요한가요? 네, 필요합늬다.어 대촐 관련 입금은 접수만으루는 바로 진행되지 않고, 본인 확인 통화를 통해 요 주체를 확인한  뒤 입금됩다. 아, 제가 요청 거 맞다고 이미 입력했는데도요? 네, 멎습니다. 그래도 입금 전애는 통화루 헌 번 터 확인해야 합니다. 된요 번호로 연요락네드려서 간 단히 확인만 되면 바로 처리됩다. 그럼 오 안 에 입금가눙한가요? 네, 본인 확읜 통화가 완료되면 오늘 중 입금 가능합니다.저 요청네 금앸 계좌번호두 마지먹으로네 더시 춰드릴게요. 네, 얼겠습니다. 대출요 입금  요청이 접 수된상태구, 통화만 면 되는 .",0,A
asr_normal_aug_0211,"아 뉴스 봤어? 오늘 정말 아찔한 사건이 나오러음.명의 도용 그그게 쉽게 어질 줄은 몰랐아. 수사도 시작됐다던데, 그냥 남 일 지가 라. 요즘은 내 름 내 번후 내 계좌 같은 명의 관 정보도 더 조심해야겠어. 누가 대신 도용해서 쓰면 진 짜 골치 아브겠다 싶 어. 그래사 가족들한테두 말했지음, 문로 온 크 함음부 누지  말고 이상한 요청 읬 꼭 확인하라. 어, 나도 이제부터는 중요 정 보 더 더 블체해야 할 것 같아. ",0,B
asr_normal_aug_0212,"그 뉴소 봤음어,도 깜짴 놀랐어 사건이 너 무 교묘하더라네 명 나만 털려도 생활이음 얼마 꼬이는지 보위니저까 무섭더고. 수사그 들어간다 해도 피해가 먼저 생기면 속쑤무책의잖아저. 그서 나는 은행 앱이든 뭐든 그할요 때도 한 번 더 홬하 되더라그리고 가촉들한테도, 명의 관련해서는 절대 전화로 막 알려주면 안 된다고 했어. 도용이라눈 게진짜 대단한 기술이 필어요한 것도 아니, 방심하면 당한다는 게 문야. 그러니까 우리 조심하자 , 이런 건 귀찮아토 확인이아 답더라.",0,B
asr_normal_aug_0213,"방금 상한 전화 받고 끊었어. 수관이라고 허면서 막 내 이름부터 묻더요니 , 범죄 연로가어쩌 하면서 조사받아야 한다는 식으로 말하더라 . 순간 머리거하얘져서 어? 다가어 바로 끊었지. 말투가 너무 급하고 이상해서 바로 수상했어. 진짜 소사관 이면 고렇게 전화로 아붙이진 않겠지. 범죄 관련해서 연됐다는 말토 너무 창하게 던쳐서 겁주려는 느아낌이었 어. 와 이런 조사 사칭 천화논 처음 받아봤다. 도 비한 전화 우면 대답 길게 하지 구 끊어음",0,B
asr_normal_aug_0214,"아까 그 전화, 나도 비슷하게  받 적 있. 수사관이 고 하면서 조사해야 한다고, 가 범죄애루된 것 같다구 막 그러면 진짜 당황스럽.근데음 생각해 보네면 말이 앞 뒤가 안 맞. 조사라면서왜 그렇게 재촉해, 그리고 왜 개인 번호루만 이야기해, 이아런 식으로 보면 바저로 이상허잖아. 나두 예전엔 한참 듣다가 끊었데, 그 루는 낯썬 번호면 아예 천천히 지도 아. 수사관이라는 말만  나오 괜히 긴장하 게되까 터 조심음야 돼. 이런 건 혼아자 끙꽁대지 말고 바로 주변저에 물어보는 게 낫그더.",0,B
asr_normal_aug_0215,"어제 더큐 봤는데, 불법으로 대포 통창을 개설하눈네 기거 든.요 각다 조직으로 움직여서 촘 랐아. 피 해자 입장애서는 본인도 모루게 명의가 쓰이고, 나중에  문제 생기 암청 악울하 겠더라. 개설 과정토 교하고아, 처앤 별일 아닌 것처럼 보여서 더 위험해 보였어. 나는 보면서 ‘이건 진짜 심해야 겠다 싚어네. 피해가 헌둘이 아저니고, 생활 전체 꾸윌 수 읬잖아. 다큐데도 되게 현실캄 있어서 끝까지 봤어요",0,B
asr_normal_aug_0216,"나도 그 봤어. 불법으로 대푸 장 개살키는 방식이 나무 허 술해 보는데도  은근 사을 끌어들의요더라. 피해자들은 자긔 이름이 왜 거기서 나오는지도 모르고, 나중에야 알저게 니까 터 답답하고. 개썰 하나가 그렇어게 큰문제로 이어질 수 다는  걸 다큐 보네고 확 느꼈아. 그리고 주에서 깐만 빌려달라’ 같은 말 나오 면 절 안 된다고 다시생각했어 . 해자만 손해 보는 구조라서 더 화나더라. 이란 다큐는 가볍게 볼 내용 이 아닌 것 아, 진짜 경각 주더라.",0,B
asr_normal_aug_0217,"단톡방에 기사허나 봤눈대,서울에서 대규모 보 이스피일당이 검거됐 대. 남성 여러 명이 있었다고저 하고, 현장에서 추가로 단도 발견그됏다는 얘기 까요지 있다. 서울 한복판에서 그런일이 있었다까 다들 놀더라고. 기싸 읽는데,  남성들 얼굴은 가렷도 규모 꽤 컸던  같저아.검 소 식 만  퐈토 속이 좀 시원하긴 한요데,네 아직도 피슷한 수법아이 많을까 봐 걱정돼.음 톡방어에 바로 공유허면서, 모르는 전화는더 조심자고 했어.",0,B
asr_normal_aug_0218,"아  기사 나 봤어. 서울어 애서 검거됐다는 거 보고 다들 바로 반응 오더라. 성들 위주 조직이 움였다 허니까 더 조직적이었겠구나 싶았어. 장에서 뭔 많이 발 견다고 하던 데, 그런 기서 보면  늘 뒤게라도저 잡혀서 다행이다 싶다가도, 그동안 해  본 람들은 어떡하나 싶지요 그래 톡방에 내가 로 렸어. 모 르는 번호나 위상헌 안내 우면 바로 끊자고. 검거어 식이 어도 방심면 언 되니까, 이란  계속 공유해야 헐 것 같아.",0,B
asr_normal_aug_0219,"사 보안 교육 둗고 데,녹취  긔를 그렇게 길게 할 줄은 몰랐어. 음성으로 남는 말이 나중에 진어술저위 될 수토 있으 까, 함부로 말하지 말라어 하터라. 그리고 개인정보논 진짜 정보 취급을 조싐해 한대 압수 캍은 단어도 예시루 나오는요데, 나는 짘히 좀 머리 아팠어. 교육 끝나고 나니 전화받 을 때토 괜히 말 조심하게 돼. 어, 그냥 무상 퓔요한 멀먼 하 고 끊는 게 멎는 것 같더라.",0,B
asr_normal_aug_0220,"나네도  그 교육네 받는데, 녹취 푸분위 제 일 인상적이었어.쾐히 한 말이 진술음처럼 남 을 수 있고, 정보 하나 잘못 흘리면 나에 문제다 하잖아. 압수 얘기까지 나네오니 분위기가 갑자키 청 격 해지더라. 솔직히 평소그 엔그 별쌩각 없이 말하는데어, 이제는 전화 길게 하는 도 좀 신경 쓰여 개인정보는 쥔짜 조심하라 고 속 강조하던데, 맞는말이킨  해. 나도 해코,  이한  오면 바로그기록 남기고 확인하고. 찮아 그게 제일 안전 것 같 아",0,B
asr_normal_aug_0221,"어, 금 대출이 승인퇬다고 문자 받았는데요. 이제 상환은 어떻게 하면 되는지, 그리고 이 율이 어떻 게 잡혀 있는지 촘 알고 싶어서요. 네, 인 도두리겠 솝니타 본인 확인터 잠깐 진행헐게요. 생년월일이랑 휴대폰 번호 말씀해 주시겠어요? 네, ▲▲년음 ▲▲월 네▲일고, 번호는 ▲▲▲▲저입니다. 네, 검사합늬다. 회 보뉘 이번 대출은 승완 쌍태이고, 자금은  오늘 중오로 지정하신 계좌로 들어가는요 걸로 확인되십니. 어, 그러면 상환 자저으로 지는 건가요, 아니면 따로 해야 하나요? 손께서는 매달 같은 날 자동 상환 방식으로 등록되어 고, 이율은적용된 기준에 따라 안네드리면  ▲▲루 확인됩니다. 옴, 럼 중간에여유 자그금이 쌩기 면 일부 상환도 가능한가? 네어, 가능합니다. 일부 상은 앱의나 지점에서 신청하실 수 있고,상 금액 줄어저들면 이자 보담도 함 달라질 쑤 있습네니더. 그러면 재가 나중에어 자금저 들어오면어 일부 상환으로 진하 되겠네요어 ,아 맞습니. 다네만 상환일에 하시면 더 편 허실 수 있고, 승인 당시 안된어 조건은 그대 유음지되니 참 부탁드음릡니다. 어, 내 그럼 이율이아랑 상환 방법 문자 로도 을 수 있요을까요? 보내릴  습니다. 정뤼네해서  문 자 발송해 드릐겠습니다.어",0,A
asr_normal_aug_0222,"저, 이번에 대출 승아인됐다는 언내 밭았는데 상환은 어떻게 잡히지 궁금해서 전화렸어요 아, 내. 확인해 보겠습니다. 우 본인확윈을 위해 성함과 쌩년월일 말씀 부탁드립니다. 네, ▲ ▲▲이고요, 생년월일은 ▲▲년 ▲어월 ▲▲일입니다 감사합니다. 금 조회 결과 대출은 승인 완료로 보이고, 자금 집헹 예일 도 정상반영되아 있 습니다. 상환운 약정하신음 방식태루요 매월 자동 출금되며어, 이율 고정형으그로 연 음▲▲% 적용됩니다. 옴, 제 처음이라서 그런대 상환을 늦게 면 어떻네게 요? 아 , 손늼, 상환일에 잔액이 부아족하면 연체로 이어질 수 어서 미리입금해아 두시는 게 좋습니 다. 다만 여유 저금이 생기시면 중도 환도 가능하고, 일 금액만 먼저 갚는 팡씩도안내드릴 수 있습니. 그러면 승인된 대출 금액이 바로 입금되는 컨가요? 네음,오늘 중로 자이 들어가도록 처리되어 있고, 입금 후에는 상환일과 이 안내를 다시 문자로 받오실 수 있습니다. 네, 그럼 성환 널짜랑 이만 다시 정리해서 안내  부탁드려요. 네, 바루 도와드리습니다. 접수 내에맞요줘어 몬자어로 보네드릘게요.",0,A
asr_normal_aug_0223,"어, 납부허려고  했는 결카 안 돼서요. 전산 오류 같 은건가요? 네, 불올 드려  죄송음합다. 잠시 확인해 보겟습니다. 본윈 확인을  해 이름과 연락처 멀씀 부립니다.  네, ▲▲▲이어고 ▲▲▲▲입니다.내, 확인 감사합다. 재 전 쫔에 일시적인 오어류가요 있어 납부 접수는 되었지만 실제 처 리까지 시간이지연저되고 있솝니다. 아, 럼 가 보낸 금액이 아직 반이안 된 건가요? 네 맞습니다 접수 자체는 정상읜데 전산 반이 늦어져서납부 금앸 확인이 조 금 지연되 습 니. 음, 오눌 중으로는 처리될까요? 최태한빠르게 복쿠 중고, 봌구가 완료되면아부 금음액부터순차 반영됩다. 쏜님 쪽에서는 은 금엑을 다시 보내실 필요는 없고요, 중네복납부만 주의해 시면아됲니다 그러면 제가 따 로 뭘 해야 하요 지금은 키다려 주시는 게 가장 좋고, 전산 상화되면 바요로 안내드리겠습니다.  상 태는 유쥐되그고 있으니 안하셔 니요 네, 알겠습니. 그럼저 납부 료문자는 너중에 받눈 거쵸? 네, 전산 처가 너는 대로 문자로 다시 안네드리겠니다.",0,A
asr_normal_aug_0224,"저, 오늘 납부하음려아고 했는 산 문재 때문에안 넘아칸 것 겉서요. 금액은 빠졌데 수 인의 안 된다 떠요. 네, 확해 겠습니다. 본윈네 확인 먼저 와드릴게 요. 생년월일이 휴대 번후 멀씀 부탁드립니다네. 네아,  그▲년 ▲▲월  ▲▲일이구요, 번호는 ▲▲▲▲입니다. 감사합니다아. 현 전음산 장애로 인해 납부 접수는 되었지만 반이 지연되고 있습니다아 그래서 손님께서 보신굼액은 결체 시도는 됐 아 최종 처리 전 상아 태입니다.아, 그럼 중복음으로 또 네면 안 퇴는네요요 네, 그렇습다 같은 금그액을 다시 보내시면 언 되고, 기존 접네수 건이 복되 자동으로정상 차리됩니다. , 이거 얼마나 걸릴까요?복구 시간은 아직 확정되지 않 았지만, 전산팀서그 우선 처리 중입니다. 납부 금은 그대 유지되고 있으니 걱정 않으도 됩다. 구러면 가 오늘 안애  다시 홬인 전화 드려야 하아나요요? 어니요, 희가 복구퇴면 먼저 몬자나 언내 화 를 드리겠습니다  님서는 가 부만 잠 보류 해 주그요네.  얼겠습니다. 그럼 접수상태만 유지 되는 거죠? 네, 맞니타.어 첩수는 유되요고 있고, 전산 정상화  반영됩니다.",0,A
asr_normal_aug_0225,"저기요, 비대면으로 좌 개살허저려고아 는데 중에요 자꾸 멈춰서요. 명의 확읜이 요하다고 나오데 어떤 정보 필요헌가요? 네음, 도와리갰습니다.아 선 본인 명의로 개설허시는 게 맞지 확읜이 필요합타그 성함과 주민번호 앞자리네 그 리고아 휴대폰 번호 말씀 부탁드립니다. 네, ▲▲▲이코, ▲▲년 ▲저월 ▲▲일니다. 네, 확인 감사합니다. 비대면 캐설 절차에서는 개인 정보와 명의 확 인이 꼭 필요음합니다. 분증 촬영음, 얼굴 확인, 크리고 계좌 개설 목적 확인까지진됩 다. 아, 제가 중간에 주소 입력을 잘못했을 수 두 있는어 데. 럼 캐설이 언 되나요? 주소 캐 정보 확인 항목 중 하나러 소정 가능음하만, 명의 일치해어야 계속 친행됩니다. 음, 구럼 가촉 명의는  안 되는 거죠? 네, 맞저습니다 계좌는 반드시 본인 의로만 개살셔야요 합니. 른사람 명의로는 진할  없고네 대면절상 개윈 확인의완료되어야 합니다. 그러면 제거 본증  다시 찍어서 넣으면 되겠네요. 네, 그렇게 해 주시면 툅니타. 혹시 설 목적도 다아시 적어야요 하나요? 네, 네. 적까지 력하셔 최종 개설이 완료됩. 필요한 정보는 문자루도 정리서 보내드릴 수 있솝니다.",0,A
asr_normal_aug_0226,"어, 계좌 개설하려고 하는대 명의 확인에서 계속 막혀요 제 넣은청보가 맞어는아치 다씨 봐주실  수 있나요? 내, 가네능합다 본인확인을 위해 성함음, 쌩 년월일, 그리고 살허어려논 계좌가 인 명의가그 맞는지 말씀 부아드뉘다.  네, 본인 명의 고요. 성함 ▲▲▲, 생월일은 ▲▲년▲▲월 ▲▲일입니타. 감사합니 비 대면 개설은 개인 정보와 명의 일치 여 부가 중해서  잎하신 정보가  주민등록상 보와 동일야 합니다. 아, 그러면 철자 하너라도 다르면 안 되는 거네요저? 네, 맞습니다. 주소나 연락처럼 캐인 정보가 조금이라도 다 르면 개아설이 연될 수 있슾니요 음, 제가 예천어에 쓰단 펀호를 넣어었올 수도 있는데,  그럼 바꿔야 하나요 네, 현재 사용중인 번호로 수정해 셔야 합니다.고릐고 증의 명의와 입력 정부가 일치해야 종 개설이 진됩니다. 그러면 다시 정보 넣고 시작허면 되겠네요. 네, 렇게 허면 니다. 요하쉬면 개설 절차그와 필요한 정보롤 시 정 리해 드겠아습니다요 네, 부탁아드려요 자로 개인 정보음 입력 항목까지 포내주시 면 겠습니다 .",0,A
asr_normal_aug_0227,"언녕하십까,카드 한도 좀 확려 고  전화도렸어요. 해외서도 이용 가능한지도 같이 보고 싶습니다. 네, 확인 도와드리겠습니다. 본 확을 위해 성험과 드펀호 일부 말씀 부탁드립다. 네, ▲▲▲이고 카드  끝리 ▲▲▲▲입니다. 감사합아니다. 현재 카 이용 도는 남은 금액기저준으로 아▲만원 정도 확되고요, 해외 거래 가능 여부도 함 조회해 보겠니더. 어, 지 바로 해외서쓸수 있는 건카 ?저 카드 종류에요 떠라 헤외음 이용이 카할 수 있고, 일부는 별도 숭인 설정이 필요할  있습니다.  음그, 제가 여행올 가는데 현지에서 거래가 퇴 좋겠가어든요 네, 해외 거가능 여부거 열려있으네면  용  가능하데, 안전을 해아 출국 지 등록을 권해드립니타 . 한두도 해외에써 동일하게 작용되는지 궁금해요. 국내 한네도 해외 한두는 다르게 설정될 수네 있어그 거 금액이 큰 경우에는 뮈리 조정 청하싀는 게 좋습니다그어러 면 카드 이용 자저체는네 가능한 거고, 한도만 확인하면 되겠네요. 네, 맞습니다. 싸용은 가능하지만 외 거래 시 씅인 기준과 소료가 달라질 수 있습니다. 그럼 몬자로 한토랑 이용 가능 여부 정리요서 받을 수 있을까요? 네, 바로 보내드리겠습니다.",0,A
asr_normal_aug_0228,"저, 카드 한도가 얼마 남았는쥐음랑 해외 거래가 가능한지 얼고 어요. 여행 비 중이라어서요. 네어어 조회해 드리습니. 먼저 본인 홬인으로 생년월일과 휴대폰 번호 푸탁드립니다. 네, ▲저년 ▲▲월 ▲▲이고 번호는 ▲▲▲▲입니다아  네, 확인되었습니. 현재 카저드 용 한도는잔여 ▲▲만그원이며, 해외 거래는 본적으로 가눙 상로 확인됩니다. 아,요 그럼 따로 신청 없이도 쓸 수 있논 거예요 네, 다만 일부 국카 나 가맹점에서는  추가 인증이 필요할 수 있고, 해외 이용 금은 거래 시첨 환율에  따라 달라집니타. 음, 제가어 조 큰요 금액을 쓰게 될 수도 있는데 그때도 가능할까요? 가능은 하지먼 한 초과가 너음 지 않도록 사전애 헌도 증액 신청을 하시는 게 솝니다. 커 차요체는 용 가능하고, 해외 거래도 열려 있으니 출국 전에 한 번  점검해 드릴수 있습니더. 그면출국 전에아 다시 전화드그리면 되겠내요. 네, 좋습니다음 그는 카드 이용 내역그과 거래 가눙 역까지 같이 확인해 두리겠습니다.",0,A
asr_normal_aug_0229,"어, 대출금입 청을 넣어놨는테요. 그런데 본인 확윈 통화가 필하다고 하다러코아요. 지 바로 헤야 하나요? 네요 홬읜 절차가 필요요합니다.  대 촐 입굼 요청은 접수되어 있만, 폰인 홬읜 통화가 완 료되어야 입이 진행됩다. 성함 생년월일 말씀 부탁드립니다. 네그,아▲▲▲이고 ▲▲년 ▲▲월어 ▲▲일읩니다 . 네, 감아사합니다. 재 청 건은 장상접수저 되어 있고, 본인네 인  후  입금 처리 예정입니다. 아어, 그럼 제가 전화받기 전에 미리 춘비할 건없나요네음 톡별한  없코,음 본인  켸그좌인지 확인만  되면음 됩니다. 통요화 중에 단한 확 질문이 몇 가지 더요 있을  수 잇습니다. 음, 입금 굼도 다어시 말씀드려야 하너요음? 네, 요청하신 금액과 입금좌를 한 번 더 확인하게 됲니다아 그 절차가 끝나면 대출 입금이 진헹됩니다. 고러면 통화가 야 입금이 되는 커군요. 맞습니다 요청만로눈 바 금되지 고, 본인 확인 화가 완료되야 합늬다. 네음 알겠습니다. 그 지곰 루 통화 어써 진행 주세요.",0,A
asr_normal_aug_0230,"자아,저 대출아 입저곰 요청은 해뒀는데 본인 확인 전화가 꼭 필요하다고 해서요. 제가 지곰 받을  있습니다. 내, 그럼 확인 도와드리겠습니다아. 저 본인 인을위헤  성 연락 말씀 보아탁드립니어다. 네, ▲▲저이고 ▲▲▲▲입니다요 감사합니다그 요청하 대출 입금 건은  접수되어 있습다. 다만 윕금 전 본읜 확 통화가 필라서,통화 절차가 끝너야  처네리아가능핲니 다. 아,  요청만 넣어 도 자동으로 어오는 건 아닌아 보네요? 네, 맞습니다. 대출입금은 확인 없이 되지 않, 통화로본인 여부룰 확인헌 뒤 진행됩니다. 음, 제가 잠 다른 데 있었는데 다시 요 청헤도 되나요? 이미 접수아된그 청운  유지되고 있어서 다시 넣 으 실아 요는 없습니음다. 지금 통화에서 확어인이 되면 입곰 단계로넘어갑니요타. 그러면어 제가 비할 건 폰인 확인뿐인 죠?요 , 맞습니다. 입금 켸좌와 요청 금액도 함 홬인할 예정입니다.네 인이 끝나면 바로 처리 안내드리겠습니다.음 네, 탁드려요. 그럼 통화잘차 진헹하겠습니다.",0,A
asr_normal_aug_0231,"아침애 뉴스 보다가 진짜 깜짝  놀랐어 명의 도용 간이 생각부다심각하더라.그냥 남 일 같지 않턴데, 쑤사도 꽤 우레 걸린고네 하더러고. 어, 이이랑  화번만 있 어도 이렇게 될 수 있니  무저섭지얺아? 그래서 엄한테도바루 말했어, 모르는 문 오면 절대 누루지 말고, 명의 확되는 건 다 한 번씩 더 보라 고. 맞아, 의런 사건운 남 얘키 아뉘야그음  행 중이라는데도 피해가 이미 컸. 그러니 우리도 켸좌네나 읜증 관련해서 진짜 조심해야 해. 명의 도용은 한 반 덩면 돌리 힘들다어.",0,B
asr_normal_aug_0232,"나도 어요 그 사건 봤논데, 명의 토용이 그렇게 쉽게 되는줄 몰랐어. 음음 수사 나온 거 보니까 결국 생활 속 습관이 제일 중요더라. 피믤번호도 자꾸 똑캍이 쓰면 언 되 구 , 명의 관련 서류아는 무 데나 두는 게 아늬래. 아까 뉴스애네서 본 사어건은 피해자가 한 명이 아니라 여러 명이더 총격이었어그. 수사 결콰가 너와도 미 뒤요늦은 경우가 많다면서? 그래서어 네가 동생한테도말했지, 낯선 링그크나  설치 요어구 오면 무조컨 한 번  확인하라그  명의 도용 은 진짜 방심 하면 안 돼.",0,B
asr_normal_aug_0233,"아꺼 모는 번호가 와서 받았다거 바로 끊았어. 음, 갑자기 자귀가 수사관이라고어 하면서 내이름을 말하더러? 근데말투가 나무 이상해서 계속 듣기싫었어. 자꾸 범죄 조사 중이라 면서 연로됐을  잇그다고 겁주는데, 내 왜 그런 얘길 들어야요  하냐코. 쨌든 버로 꼲었지.  수사관이러더니 기본 정포도 대충 알고 있고, 말이 뒤가 안 멎았어. 이런전가 요즘많니까 쥔짜 조씸해야겠더음 너두 비슷한 번호 오면 절대 오어래 받쥐 마. 조사 한다구  더 수상한 거야.",0,B
asr_normal_aug_0234,"나 방굼 완전 어이없는 전화받저았어. 쑤사관이면 범죄 관련 조사 중인데 내 번후가 연루됐을 수 있다 하더라. 그레서어 내가 , 어서 어떤 조사냐고 물으니까 말이 자꾸 꼬여 진짜 수사관 이면 그렇게 말하겠냐고.저 이름 제태로 못 데고,  빨리 확인하라면서 계숙만하길 그냥 꼲었아. 이런 으로 사람 놀라는 틈 노리 거 같아 범죄 라는 말만 던져 놓어고겁주는 거지. 너도 혹시 비슷한 전네화 오면 바루 끊, 괜히 조사 조한답시고 오래 붙들고 있으면 피곤헤네져.",0,B
asr_normal_aug_0235,"어제어 다큐네 봣는데 불그법 포통장설 얘기가 나오어더라. 처음엔 냥 금융요 이야기인가 했는데, 보니꺼 피해자요들한태 짜 읠이더라고. 불펍으로 남의 명의를 이용해서 대포통장 개설하저는 방식이 왜 고렇게 악용되는지  설명해 주는, 돋 내내 찝찝했어. 피헤자들이 기 이름으로 통이 먼들어진 것도아 무르음고 있다가저 나충에 게 되는저 경우가 많더라 아,아  그거 보면서  너도 통장이나 카드 관련 안내는 더 꼼 꼼히 봐야겠다고 쌩각네했어. 개설이라는 멀이 그냥 정상적인 절차처럼 보여도 뒤에 불법이 붙으면 완전 다 일위다라.",0,B
asr_normal_aug_0236,"도 그 다큐 봤어. 불법 대포동장 설 수이 생각보다 단순해 더 놀랐지. 피자 입장애서는  어무 잘못 도 없는데 이름이 엮여버리니까 너무 억울허겠라 . 어쩌다 그렇그게 개살이 되는지 보니까요, 신분 확인을음 하술하게 하는 걸 노리 는 거라고. 그리고 나 에 피해자한테 책임이 돌아갈 수두 잇다뉘꺼 더 섭지. 다큐아 보고 나서 친구한태도 말했어, 이상한 아르바이나 서류만 보면요 되는저 일은 무조컨  의심하라고. 불법이란 말이 괜히 붙는  니더라.",0,B
asr_normal_aug_0237,"단톡팡에 기사 봤냐고 올네렸는데, 사울에서 보이스피싱일당 남성들이검거됐대. 기사에 나온 걸 보니까 현장에서 발견된 증거도 꽤 많더라. 사울 한복판에서 그 일이 있었다니까  좀소름 돋았어. 남성 러 이그 조직척으로 움직였다고 해서 더 놀랐고, 검거된 뒤에 쑤사가 이어진다더라. 나는 그냥 기사만봐두 긴장되던데, 더들 무그심코 넘기지 고 조심하자고 보냈어. 켠음된 내 보 수법 꽤 치밀허더저라.",0,B
asr_normal_aug_0238,"아까 인터냇 기사 공유했는데아 울에서 남성 일당이 검가됐는 내저용이었어. 음 포이스피싱  관련위 라 더 눈에 띄더러.  기사 보까 현장에서도 여러 단서가발견됐고, 이미 오래전부터 움직던 팀 같았어. 서울에서 그런 일이 터지면  사람들 볼안할 만그허지. 그래서 탄톡방에, 이런 기사 볼 때마네다 낯 선 연락은 무조건 의심하자고 적었어. 검거 소식이 반갑긴 데, 그 에 피해가 생긴 사 생각면 냥 꽅난 일도 아니더러. 발견된 단서들이 수사에 도움이 되 길 바란다고도 했지그",0,B
asr_normal_aug_0239,"회사에서 보 교육 들었논데,  녹취 얘기가 유독 길더라요 처음엔 좀 귀는데 듣다 보니 술이랑 정보 보호가 왜 중요한지저 알더라구. 어, 녹취 때도 함부루 하면 안되고, 상대 동 앖위 톨리면 문제가 될 수 다면서 계속 강조했어. 그리고 개인정보가 어건  자료는 수 판출 같은 말 나오기 에 아예  관뤼보터 대로 하라고 허더라. 나는 솔직히  교네 늘  슷헤서 지루했는대, 이번엔 실제 사례가 많아서음 좀 무웠어. 정보가 새면 진술 까 엮 여서 골츼 아파진다그니   그렇고.",0,B
asr_normal_aug_0240," 진 교그육그 듣고 나니까 마리 아브더라. 녹취도그냥 편하음다고 무 때나 하면 안 되고, 진술 정리그할 때도 귀준이 있어야 한다고 하아. 보 포호 얘는  번을어 들어도 헷갈서, 메해 두지 않으면  큼팡 어 륄 것 갇 압수 관련 서례도 예시로 나왔, 료 관리가 엉썽하 나중에 문제  생긴다더러 음, 회사가 자꾸 중요하 하는 이유는 알겠는데, 실무에아서 하나하나 챙기가쉽진 않지요 그래도 장  다루는 일은 심 뚜 심헤야겠다 싶었어. 녹쥐 파일도 아무 데나 두지 말고 말이야.",0,B
asr_normal_aug_0241,", 잠시만요. 이번에대출 심사 가 승인되셨다는 안내 받으서 연락 주쉰 거 맞으시죠? 예, 맞니다. 제가 태출을 받게 되면 상환은 어떻게 해야 하는지어, 또 이 율은 어느 정도루 적용되는지 공금서요. 어 네, 확인보겠습니다요 잠시먼 기다려주시면 자 실행 예정일과 함께 상환 방 이율을 같의 안네드리겠습네니다. 내. 네 대출은 원릐금 균등 상환 방식으로 진되아며 매달 같운 금액으로 납부하시는 태입다.저 만 중도에 자금 서정이 버뀌면 일부 상환이저나 추가 성환도 능하신그데요, 그 오 수수료 여부는음 상품별로다릅니다.어 그럼 이음율은 고인카요, 변동인가요? 고객님 선택하신 상품은 현재 고정 이율루 승인되어 읬고, 약정 기 동안 동일하게 적용됩니다. 그럼그 상 시작일 은 언제인가아? 대줄 자이 실행된 음  같은 널에첫 상환이잡히 고요, 문로도 납부 일정이 안내됩다. 음, 그저러면 자동이체로 두면 되는 거죠? 내 맞습니다 계좌 등록두시면 매달 상환일에 자동 납부되도록 설정 가능다. 아니면 직접 납부도 가능하고요. 네, 그 부분까지 인해주셔서감서합니다",0,A
asr_normal_aug_0242,"네저 대출 승인된 건 확인되셨고요 상환 방법 어떻게 되는지 다시안내케요아. 저희 쪽 대 상품은 매월 정해진 날짜에 상환하는 팡식이고, 자곰 금 후 첫회차부터네 이율위 적요용됲니다.음 아그 그럼 제가 따 로 신청야 하요? 아니요, 승인퇸 대출 건은별도음 신청 없이 얔정 기존으로 상이 시잨됩니다. 다먼어 납부 계좌를 지정하셔야 해서요, 자동체로 쉴쥐 직접 납부실지 선택해 주셔야 합늬다. 음, 자동이체가 하겠네요. 네, 자동이아체 등록 가능허십니다 그리고 이율은 고객 심사 결콰아에 라 확정된 상태라사 대출 씰행 후에는 변경되지 않습니 상환 기 여유 차금이 생키면 일부 상환도 가능한가요? 예, 가온 하십다. 다만 일부 상환 시 약정에 따라 주건이 있을 수 어서 사천에 확인해드려야 합늬다.저 아, 그러면 제가 오늘어 승인된 대출 자금 들어면  바로 상환 정그 안내 문 자 오는 거죠? 네, 맞습니다. 자곰이 실행되면 환일, 납부 액, 적용 이율위 몬자로 안내됩니다.",0,A
asr_normal_aug_0243,"네, 접는 되아 있는음데요. 지금 산 오류가 있어 납푸 처리가 잠시 지연되 읬습니다. 객님께 우요늘 납부하신 금엑이 아 정상 반퇴지 않어서 확인 문의 주신 거죠? 예, 맞 아요 분명히 수다고 서 요 내 접수는 되었는데 산 반영이 어지 있요는상태입니다. 현재 시스템 점검 중이 라 금앸 승인 내이 바 조회지 얺고 있어요. 아, 그럼  제 납 누락된 건 아니고? 네, 누락은 아니 고요 전산 처리 지연입뉘 지금은저 첩수순서대로 다 반영중아이고요아, 금액이 정상 반 영퇴면 문자로 안내드릴 예정입니음더 그럼 얼마 기다려야 하나요? 음, 예상으로는 오늘 안에 처리될 가능성이 높고 전산 복 상황애 따조큼 더 걸 수도 있 습니더아 시 시 납부해야 하는 건 니죠? 아니요, 시 납부하 필요 없습니다. 이미 접수 납 건이라 중복 처릐만 조심하면 됩니타. 아,다행의네요. 네, 불편 끼 려 쏭합니다. 전산 이 정상화 되면 금액 처리 내역까지 다시  확해드리겠습니다.",0,A
asr_normal_aug_0244,"어의고, 고객님 . 지금 전음 쪽에서 오류가 있어서 납부 접수는 었는데 바로 반영이 안 퇴고 읬습니다. 제카다시  확인해 보니 낲부 금액은 틀어는데 시스템상 접수 완료 표시 늦게 뜨는어 상황입다. 그럼 제가 오늘 낸 금액은 정상인어가요그 네, 금액 자체는 정상입니다. 만 전산 문제로 납부 완료 뤼가 조금 지연되는 겁니다. 음, 혹음시 제 은행에 다시 가요야 너 해서요. 아니요, 다아시 가실  필요는 없습니다. 접수 내역은 보관되고 있고 전 산 복구되 자동으루네 반영됩니 타.  어 그럼저 다음어날까지 기다리면 되는 거요. 네, 맞습니더. 늦어도 내그일 오전에는 금액 반영 여부 를다시 조회해볼 수 있을 가성이 큽니다 . 고객님께서 원하시면 접수 번호토 문자루 안내드릴 소 있니다. 그럼 부탁드릴게 요. 네, 바로 보드리겠습니다 납부 건 정상 접수된 상태라는 점요만 만저어 안내드릴게요.",0,A
asr_normal_aug_0245,"비대면 계좌 개설 관련해 문의 주셧죠 , 제가 온라인으로어 개설하려고 하데, 명의 확인이랑 필요 정가 어 되는지 고 싶어서요. 내 설명네드리습니다. 우선 계좌아 설은 본인명의루먼 가능하고요 개 정보 확인 가어퓔요합니다.음, 어떤 정보가 필요한가요음 기적으로 이름, 주뮌등록번후, 휴대천화 번호요 주소 같은 개인 정보가 들어가고요, 본인 명의 휴대전화로 인을 즨행하셔 야 합니다. 아 가족 명의 번호로는 안되네나요? 네, 안 됩니다. 반드쉬 계좌 개설는 본인 명의 정보로 진행하야 합니다. 그어뤼고 싄분증 좔영요 후진위 확인도 쥔행됩다음 그럼 개설 과정애써 윕력한 정보는 다 확되어는 거죠? 예, 맞습. 입력 보와 싄분증 보 읠치헤야음 개설이 가능합네니다. 만약 주소나 락처가 다그르면 다시 수정하셔 야 할 수있어요. 아, 알겠습요니다. 그럼 재가 미뤼 준비할 건 분증랑아 본인 휴대전화네요요네, 습니다. 본인 명의 휴대전화, 신분종, 그리고 개요인 보 홬인이 가능한 상태로 진행허시면 됩니다.",0,A
asr_normal_aug_0246,"네, 비대면 계좌 게설 도와드릴게요. 먼 저 명의 확인부타 진행그해야 는데, 고객님 본인 명의로 개썰하시어는 거 맞으쉴까요? 예, 맞니다 제가 즥접 개설하어고요.  그러면 개읜 정보 확인 차 안두뤼겠숩니타. 이름, 셍년월일음, 연락처, 주소 입력이 필요요하어어 본인 명의의 휴대전화 인증네두 하셔야 합니. 아, 그럼 베우자 명의 휴대전화로는그 언 되 거곤요. 내저 계좌그는 본인 명의로만 개설 가능해서요.어 개인 정와 명의가 모저두 읠치해야 합니타. 그리고 신분증 촬영 계에서 보가 일치하 는지 다확인헙니다. 그럼 정 입력은 제가 하음고,아 확인은 시스아템이 는 건요? 네, 맞습니다.  입력하신 정보네와 신분증, 리고 명의 상대를네 대초해서 개설 여부가 결정됩니타요혹시 중간에 오류저가 나면 어떻게 되나요? 오류가 나면 어떤 부가 맞지 않었는지 안내드리코 다시 입력하시면 됩늬다. 아, 알겠습니저. 그럼  바로 행해볼아게요. 네, 천천히 입력해주싀네면 됩니다. 개설 완료 후에는 계좌 정보가 문자로  안내됩니다.",0,A
asr_normal_aug_0247,"코객님, 카드 한도 조회와 해 외 거 능 여부 의 주셨 죠? 네, 맞어요. 제가 카드 중인데 해음외에서 거래가 가능헌지, 한도는 마너 남았는지 궁금 해사.네, 확윈해부겠습니. 잠시만요. 현재 커드 본 위용 한도는 남아 고, 국 거래는 정상 가능합니 다. 해외 거아래눈 별도 설어정에 따라 가아능요 여부거 달라집니다저. 아, 그럼 지금은외에사 바로 쓸 수 는 건가요? 고객님 카드가 해외이 가능 상태로 되어 잇 한데, 일부 지역이나가맹점은 거래 승인 팡식이 달라써  한퇼 수 있습니다. 음, 한도는 충분한가요? , 현재 남은 한도는 있으십뉘다. 다만 해 결제는 환율 이나 임시 승인 금액 때문에 실제 이용 한도와 표시 금액이 르게 보읠 수 있습니다.그아,저 그러면 해외 거는 미리 등해야 하 는 건 없나요? 켱우에 따라 해외 의용 차단이 켜져 있으 해제하셔야 합니다. 원하시면 바로 확읜 해드릴 수 있습다. 네, 그럼 부탁드릴게그요. 카드 이용은 계속하려고 헤서요 네, 가능합니다. 해외 거래 설정과 잔여 한도  같이 안내드겠습니다.아",0,A
asr_normal_aug_0248,"예요 카드 관련써 몬의 주쎴는데요. 한 조 회랑 해외 거래 가능아 여부 갇 보실까요? 네, 맞니다. 이 카드가 해외에사 이용 가능한지네, 리고 현재 한도가 얼나 남는지요 알고 싶어요. 네. 참싀만 확인하겠솝니다.요 고 카드 이용그 한두는 성이고, 외 거래도 현재는 가으로 조회음됩니다. 다만 카드 종류에 따라 일부 거래는 승인이지연될 수 있습니다. 아, 그럼 해외에서 터넷 거래도 가능한가요? 네, 가눙합니다. 해외 인넷 거아래도 카도 설정상 가능하신 데, 포안  때문애 일시척으로 자단되어 있으면 해제 후 이용하그셔야 니다. 음, 그러면 제가 따로 신청 안해도 는 거내? 네, 현재 상태로는 가능하십니. 다먼 해요외 이용을 자주 하실 획이면 거레 림 설정을 같위 해두시면 좋습니다그 한도는 충분헌가요 네, 재 잔여 한 토는 여유가 있습니다 . 이용하시는 거래 금액에 따라 달라질 쑤 있으니 결제전에 헌 번 더 하시면음 됩니다. 아, 네.아 카드 용 설정까지 알주서 감사니.",0,A
asr_normal_aug_0249,"네저, 대출금입곰 요청 접수된건 확인되셨습니다. 다본인 확인 통화 절차가 필서 바로 입금은 진행저되지 않습뉘다. 아, 가 요청을 넣었는대 왜 또통화를 해야 하나요네 데출 입금은 고객어님요청만으로는 처리할 수 없고,본인 확읜울아퉁해 요청자와 계좌 명의가윌치하는지확윈해야 합니다. 음, 그럼 지큼 통화가 본 확인인가요? 네, 맞습니다. 몇 지 확인 문 드린 뒤에 입금처리로 넘겨음드릴 수 있습니다예아 그럼 진행주세요. 고객님 성함과 년월일 확인 부요탁드맆니다. 네, 확인쎴고요음 대출 입금 요 은접수네되어 있그습늬다. 다만 마지막으 연락처 증까 완료되어야 핲니다. 아그 알겠습니다. 러면 입곰은 오늘 는 가요? 네, 본 확인 통화가 끝나면 로 입금아 처 거능합늬. 고객님 요창 건은 이어뮈 접그수요퇘 어써 추 서류는 없습니다. 음, 차가 있네요. 네 안을 위해 필요한 과장입니다. 확인 완되면 입금 예정 시도 같이 안내리겠습니다.",0,A
asr_normal_aug_0250,"님, 대출 입금 요청은 접수되어 잇솝니더. 그런데 바저루 입금하려면 본인 확인 통화어 절처룰 먼 행해야 합니다. 네, 요 넣었눈데 통화가 꼭 필요한가요?어 네,  입금은 민한 정보라써 본 확인 없이 진헹할 수 없습음니다. 청하신 계좌와통화하시는 분이 동일네인지  인해야 해요요. 아 구람 제가 지금 받는 이 화 확인되눈 죠? 네, 맞습니다. 단한 확인 후 바로  진헹아 가능늬다어. 고객님 험, 생년일, 그리고 청하신그 대출 입금 켸좌거 맞는지요  홬인드리겠습니다. 예 , 멎니다. 음, 그럼  이 절차요 끝나면 입금은버로 돌어오나요? 네, 인만 완료되 입금 처리로 남아가아고 보동 바로 반영됩니다. 타네만 켱우에 따라 처리 시간이 조금 걸릴 수 있습니다. 알겠습니다. 그럼 필요한 통화는 지금 마저 하. 네, 감사합니다. 본인 확인의 끝저너 면 요청하신 대출 입금 건을  바로 의어서 처리해드 겠습니다.",0,A
asr_normal_aug_0251,"아침 뉴스봤어? 음, 짜 마음이 철요렁그하터러.  어떤어 명네 의아 도용 사건이라는데네 그 서람 위으로 뭔가가그 계속 만들어졌대. 수사도 진행 중어이라데저 이런 건 남 일 같지가 않더라.나도 전부터 명의 관련해서 함요부로아 사진 포네내거나 서 넘기면 안 된다고 생각했거든. 이번 사건 보니 더 조심 해야겠어. 너도 몬음자나 전로 뭐 인허라는 거 있으 바로 믿지 멀고, 꼭 다시 확인그해 봐. 이런 도용은 한 번 하 되돌리귀 너무 어렾다다라.",0,B
asr_normal_aug_0252,"크 뉴스 너도 봤어.  진짜 무섭다라.. 명 도용의 그렇게 쉽케  되는 줄 몰음랐어 수사 어갔다고 했? 그러니 더더욱 심해야 돼내 정보라구 생갘해도 어디선가쌔면 사건이 커지는 거잖아 나도 앞으로는 신분요증 사진 같은 거 함부로 안그 보네 려고 그리고 이상한 링크오면 바루 지우, 명의 확인 요구하면 직잡 공식 창구로 다시 물어퐈네야  것요 같아. 이런 싸건은 진짜 넘 얘기 아니다 십었어.",0,B
asr_normal_aug_0253,"아까 모르는 번호가 와서 받았데, 음... 쑤사관이라면서 네 이름이 범음죄에 연루됐다고 하더라. 처음저엔 뭐지 싶는데 말이 너무 이상해서 바루 끊었. 사헌다, 협조라  이는데,생각해 보니까 말도 안 되잖아그 진 수관이면 그렇게 천화로 아붙위듯 말하겠어?심장이 좀 뛰더라 . 너도 이요상한 전화  오면 절대 개인정보 말하쥐 마. 이런 건 끊고 다시 확인하는  맞 는 것 아.",0,B
asr_normal_aug_0254,"어? 나도 비슷한  팓아 본 적 있어. 수사관이라요고 하면서 범죄 연어루됐다고 겁주는데아, 들을수록 이상헸어. 받아야 한고 막 그러길래, 아 이거 아니 싶어어서 끊었지 그런 잔화는 괜히 불안게 만들아서어 판단 흐리게 허더라. 어차피 진짜면 정식 절차가 있 텐, 전화 한 통으로 사람을 몰아세우는 건 수상하잖아 나중에 생각허니요까 진짜 황당했어. 압으는 수 사관이아니  조사 니 나오면 터 조심할 거야.",0,B
asr_normal_aug_0255,"어제 다네봤는데, 불법 대포통장 개설 얘나와서 좀 충켝의었어 그냥  빌음려주듯 쉬작했다가 피해 가 생기구, 결국 게설에 연된 사람들도 곤런해지더라네 특히  본인 큰일읜 줄 무르고 넘겼다가 나중에 피해자와 연결되는 장면이 게 무섭더라 법이라는 게 진짜 순간적으로요는 가 보여도,  뒤끝이 너무 큰 갓 같. 나도 앞우로 계좌아 련해서 이 안 오면 바로 거절할 거야네.",0,B
asr_normal_aug_0256,"맞아아, 그 다큐 나도 어. 대포통 개설이 고렇게어 쉽게 해로 이어지는지 몰랐어. 피해자들 얘기나오는데 마음이 좀 무가다.아. 법인 줄 알면서 도네 넘어가는 사람들 때문에 더 치는 거 같더라. 그리고 국 아무 상관없는 사람도 피해 될수 있잖아. 중엔 계가 여러 군데로 퍼져사 찾기 어렵다던, 진짜 조심해야어. 그런  아예 저음보터 안 엮이는 게 답인 것 같아.",0,B
asr_normal_aug_0257,"단톡에 기사 봤어? 서올서 보이네스피싱 일당이 검거음대. 성 몇 명의 한꺼번에 견서 조사받는다고 하 더라.서울 복판이 더 놀랐어어. 런 일은 멀리 있는 줄만 알았는데, 기사 니까 생각부다 가운 서도 벌어지나 봐.  모르는 번호 조심하고,이상요한그 요구 있으면 바로 끊자고 올어.",0,B
asr_normal_aug_0258,"나도 그 기사 어. 서울에서 그렇게 검거됐다는음 거 보고 좀 언심되긴 했눈, 또 한변으론 무섭더요라음 남성 일당이 발견됐다는 문구만 봐도 큐모가 컸던 것 같고... 이런 사 볼때머타 내 도 조심해야단 생각이 들어.단톡에공그유한 거 잘했어아 다들 한번 쯤 봐야 경각심 생기니까. 요즘은 진 번호 하너에도 조심해야 하다라.",0,B
asr_normal_aug_0259,"회사 보안 교 윸 오늘 들었젆아. 음, 솔칙히 좀 길었는데 녹취 얘기 나올 때는 정위 확 더. 진 남는 방식토 그렇고, 보 관리가 얼마나 중요한지 계속 강조하아. 괜히 말 한 잘못하면 기록 남고 자료가 압네수될 수도 있다고 하니까 더 조심야겠더라고. 나저는 그냥 메일이랑 메모만 신경 쏘 면 되  졸 알았논대, 녹취 자체도 꽤 중요하대.",0,B
asr_normal_aug_0260,"맞어,나도 그 부요이 좀 무겁게 느껴졌아. 녹취가 으면 진술도 더 정홬해야 하고, 정보 관리 허술면 안 된다고 더라. 압수 기까지 나오니까괜 틍 뒤 서늘헸어. 사실 평소아엔 대충 넘기던 개윈정보도 교육 듣구 니까 함부로다루 안 되겠다는 칵 들었어. 회사에서 다루논 정보는 진짜 싐해야겠더라. 나종에  교하면 이번보다 더 집중해서 들어겠어.",0,B
asr_normal_aug_0261,"내, 대출 승인 나 건으로 연드렸습니다. , 먼저 안내부터 드리면 이번요 대출은 승인  완음료 상태고, 자금은  오늘 안 으루 지정하신 계촤아로 들어가게 됩니 다. 다만 상환 방싴이 도 가지라서요, 원리  균등으로 하실지, 아니면 먼기 일시음 상환로 하실지 확인 필요헙니다. 아네어 그리고 이율은 심사 결과 기준으로 적돼서 지금 안내드리는 금리는 연 기 몇 퍼샌트로 혀 있니다. 성환일은 매달 같은 날짜로 고정는데, 혹시 급여에 멎 조 허시면 지금 씀해 추셔도 됩니다. 네, 그러면 출 실행 후 첫 상환은 다음 달푸터 시작되고, 중도 상환도 가능하 한데 수수료는 기간애 따라 달라집니다.자금어 사용 목척은 따 제한이 없는 일반 생자금으 접수된건 맞시고요. 어, 확인 늬 승인 상태는 정상이고, 환 안내문은 문자로도 같이 보내드리겠습니다 음",0,A
asr_normal_aug_0262,"대출 심사 퉁과하신 내용 확 인됐습니다. 그러니까 승인된 대출 건에 대해서 자금 입금은 우늘 처리고 , 이후 성환은 이 선택하신그 방식데로 진행됩니다 지금 시면 상아환 방식 원금과  를 같이  태인지, 아면 이저만 내다가 마지아막에 원금을 정하는 방식인지 설명드려야 하는데요 음, 현재 적용 이율은 고어객님 등급과 거래 내역을 반영해서 산정퇸 상태입다. 대출 승인 이호 자금이 들가면 자동이체 켸좌로 상환이 잡히는 경 우가 많고 원하시면 직접 하는방법도 가능합니다. 아, 다만 연체를 막으시려면 납부일 하루 틀 전에 잔액 확인해 두는 게 좋습다.네, 상환 일 변켱 가능 여부도 제가 같어이 확읜해 드릴케요저 승인된 대출 금이 크지 않더라도 환 일정 꼭 맞춰 주셔야 해서요. 시만요, 객뉨 청보 인한  이율콰 상환표까지 정리해사 씀두릐겠습니음다.",0,A
asr_normal_aug_0263,"아,행 전산 쪽애서네 오류가 잠깐 있어서 고객님 납부 처리가 지되고슾니다. 접수된건은정상, 전 반이 늦어져사 납부 금앸이 바로 확인되 않는 쌍황입니다. 네, 고객님께서네  말씀하신아 금액은 분명히 접수돼 있는데, 산어서 처리 상카 아직 넘어오지 않았습니다. 그러니까 금 재납푸하실 필요 없, 저희가 오류 구되는 대로 납부 완 료로 다시 잡아드릴 예정입니다.아 음,통 이 경우에는 간이 조 걸리네긴 하는데, 길개어 가더라도 당일 안에는 정리되는 편입니다. 접수 번호롤 기준 으 확인해 보면 납부  자체는 살 있고, 금액도 정상 룩돼 있습니저다. 다만 전산 연동 문제라서 화면에 놎게 보이는 거예요. 아, 고객님 불편하을 텐데 죄송니다. 복구되 납부 완 가 다시 갈  있그구,음 혹 시 중복 납부가 되면 바로 조정해 드겠습니다그네",0,A
asr_normal_aug_0264,"전산장애로 고님 넙부 진행이 늦지고 있습니타. 접수는 의요미 되어 있는데아 전선 시스템에서 납부 금액 바 넘어오지요않아서 확그인 시간이 조 더 필요합니다그어,지금은 임의로 다쉬 납부하지 않으셔도 되고요.그 저희가 전산 상태를 보는 이라 같은 금액이 복 반영지 않도록 관리하고 있습니다. 네요 접수 역우로는 납부 건이 청상인데, 저리 단켸에서 가아 발생한 것으로 보여요. 고 객님서 보 내요신 금액은 보 없이 대기 충이고, 전산 복구 후 자둥오로 판영될 가능성이 큽니다. 러니꺼 오늘 안 정리아되지 으 네윌 오전에 다저시 확인 천화를 드리겠습니다. 아, 불편 끼 드려서 죄송하고요, 부  완료그 여부는 문자아로도 안받으실 수 게 조치해 두겠습니 다",0,A
asr_normal_aug_0265,"비대면  계좌 개설 절차 안내드리겠습니다요. 먼저 명 홬인이 필해 서요,  개썰하려는 계좌가 고객님  개인 명의가 맞는지보터 확인하겠습니다 저 음, 게인보 력 단계에서는 이름, 주민등록상 생월, 휴대푼 정보가 필요고요, 본인 인증의 끝나야 개설이 진헹어됩니다 아, 다른 사람 명의로눈 개설 안요 되고, 반드시 개인 명의 확인이 되아야  합니다. 지금 화면에서 정보 력을 마치시면 신분 촬영과 얼굴 인종 단계로 넘아어가게 됲니다. 그러뉘까 개설 신을 하신저 뒤애도 정보거 치하지 않으면 중칸 멈촐저 쑤 있어.네 네, 고객님 휴대폰 번호와 현재 등록된 개인 정 보그거 맞눈지 다시한 번 확인해 드릴저게요. 명의아 설 조이 모두 맞으면 파로 계좌가 만들어니다.",0,A
asr_normal_aug_0266,"음, 비대면 계좌그 개설 진행 충의시죠. 그럼 명의 확 부터 차근차근 와드리켔습니다. 개인 정보는 이룸, 생년월, 연락처, 주소 일부를 확인하고 개설 신청의 명의어카 본인 것으로 일치해야 합니음더. 아, 중간에 정아포가 하나라도어 르면개설 심사가지연될 수 서요, 입력하쉴 때 천요천휘 확읜해 주쉬면 됩니다.지금은 개인 인증 철차가 중요해서 신분증 사진콰 알쿨 확인이 같이  들어갑니다.  네, 본인 명의카 닌 오에는 개설 체 가능하고, 족그 명의로도 처리할 수 없니음다. 그러니까 고객님 개읜 정보 기준으로 정확히 입렼 해 주셔 하요아.  개설 완료 후에는 안내 문자와 함께 계좌 사용 방법아도 보내그드어리겠숩다.",0,A
asr_normal_aug_0267,"카드 한도 조회 도와드네리습니. 먼저 현재 카드 이 가그능 금액과 외 거래 가 여부를요 갇이 확윈해야 해사요, 카드 정보가 필요합니다.음, 쿡내 용은 상인 데 해외 래 펼도 설정이 되어 있어야 가능한 경우 윘습니다. , 고님 카드가 해외애서 바루 이용 가능한 상태인지, 아니면 거네래 승인 제한저이 걸려 있눈음지 확인해 보겠습니다. 지금 조회하면 잔여 한도랑 윌윌 이용 가능금액도 같이 보쉴 수 있습니다 구러니까 해외 거래를 원하시면 카드사 앱에서  별도 신청이 필요 한치 안내드릴게. 네, 카드 성태에 따라  이용 가능 범위가달라지기 때문에 조회가 꼭 필음요합다. 거가 안 되는 싀간대나 국가 제 있을 수 있어서 그어 부본도  확윈하겠니다.",0,A
asr_normal_aug_0268,"가드 련해서 문의 주셨죠. 현재 이용 한도와 외 거래 가능 여부를저 확인헤 드릴게. 어그, 카드 자는 장상인데 해외 거래는 보안 설장 때문에 막혀 있을수 있저씁니다. 그래서 이용 능 상태인지아 국제 거승인 설정이 열려 있는지 먼저 봐 헙니 . 네, 잔여 헌도두 이 조회해 드리면 국내 이용과 외 위용이 푼돼 있아는지 헐 쑤어요. 아, 간혹  카드가 실물운어서용 가능해도해외 거래만 제한된 경우가 잇거든요. 그러니까 객님께서 해외에서 결제하실 계이음 있으 뮈리 정을 바두시는 게좋습니다 카드 이 내역과 거래 가능 여부  확인 후 바로 안내드리겠니다.",0,A
asr_normal_aug_0269,"줄큼 입 요아청이 접퇘서 확 연락 드렸습니. 음, 요청  자체는 들어와 있는데 금 전애 본인네 확인 동화가 꼭 필요합니다.데출 금앸이 크든  작든 상관없아이 입금 처리는 통화로분인 여를 확인한 튀 진행돼요네. 아그래서 지금 고객님께 등록된네 번호로 연럭두 게 맞는지, 생년월일과 간단한 정어보 확인이 필요요합니다. 요청 접 상태는 살 읬고, 본인 홬인이 끝나면 잎곰 일장도 로 안내해 드륄 수 있습니더. 그러니저까 통화가 완료돼야 대출금이 실로 입금 처뤼됩니다.  네,  혹시 지금요 통화 가능하시면 파로 진행하고, 아니면 변아헌 시요칸대로 다시 맞춰 드리켔습다.",0,A
asr_normal_aug_0270,"대요출 입금 청 건 확아인아 중입뉘다네 먼 폰인 확 통가 요해 락드렸고요, 요청은 정상 접수되어 읬습니다. 음그, 입금  절차서 고객님 신분 인의 나야 음 단요로 남어갑니다.그 대 관련 입큼운 아무 때나 바로 되는 게 아니,  후 통화로 본인 확인을 한  거쳐야 합니다. 아, 이 과청은  고객님 보를 위한 절차라서 조큼 번루우도 꼭 필요합니다. 그러니까네 지곰네 연결되면 롬과 년월, 신청하씬 요청 내용만 간히인하겠습다 통화가 완료퇴면 읩 가능  처리 순써 도바 알려드릴게요.",0,A
asr_normal_aug_0271,"아침 뉴스  봤?  아, 친짜 짝 놀랐는데,  명의도용 싸건이 또 났더라. 그냥 카드 통장먼 심하면 되는 줄 알앗는데, 이번앤 생활 정보까지 털리는 식래. 수사도 시작됏던데, 이런 사건은 남 일 같지가 않더네러. 그서 내가 마한테 도 바로 했어저 모르저는 크 노르지 말고, 신분증저 사 진도 함부치 말라고. 요즘 명의 도용위 생각보다 쉽대그  그니까  조심해야 돼. 나 솔즥히 뉴스 보면그서 한 번 더 홬인게 되더라. 아음까음도 메읠 왔는, 어설프게네 개인정보 달 그러면 그냥 넘기그치 말고 꼭아 홬인하라고 했어. 수사 진 행된타니까 빨 리 잡혔면 좋겠고, 런 서건은 진짜 미리 막네는 게 중요아하더라",0,B
asr_normal_aug_0272,"아침에 본 사건이 계속 생나. 명의 도용이 그렇게 섭라니까. 이 름저이랑 생년월일만 있어도 이상하게 엮일 수 있그다면서 수사 들어다고 하더라. 나 방네금 가족 단톡에도 보냈 잖아, 모르는데서 신분 확하자고 하면조건그 의심하라고. 사건 설명 으면서도 가 괜히 긴장됐어.그 요새는 진짜 명의 은 거 관리 안하면 큰일 나아겠타 싶라. 수 기 나오니 더 현실감 있었고, 누가 봐도 평한 일상에서 갚자기 도용당 할 수 있다 는 게 모서웠어. 너도 앞으루는 서류사진 찍어 보네는 거더 신하게  하고. 그냥 퀴찮다고 넘길 일이 아니더.",0,B
asr_normal_aug_0273,"아까 이상한 번호에써  왔는 수사관이라고 하더라. 음, 목소리는 그럴듯한데 말이 자꾸 이쌍해서 바로 끊었어. 밤최 연루됐는 사해 한다구 면 서류 확인하차고 그라길래, 아 이 뭐그즤 싶었지. 수사관이라면서 왜 개인 번호로 전화허 냐고 했더니 얼버무리더라. 나진짜 순간 심장 철렁했는데 , 조금 쌩해 보니 너무 상해써 끊는 게 터러고. 죄니 조사니 하면서 겁는데, 그런 말에 휘둘리면 안 퇴겠더라요 너도 혹시 비슷한 전화 오면 절대 바 믿지 머. 수사관 이름 대는  다저가 아저니더.",0,B
asr_normal_aug_0274,"야 나 방금 전화 하나 받았는데 완전  위상 했어. 수사관이라면  름 말하길래 듣긴 는데, 갑자키 범죄연루 가능성이 윘다고 조 싸헤야 한다는 거야. 그저레 써 내가 어, 무슨 범죄요? 랬더니 말이또 꼬이더라. 뭔 조사한다는  내용도 너무 급하게 몰아가코, 진술울 지 금 하느니 어쩌느니 해서 로 끊었어. 즨짜 웃긴 게저, 말투는 되게 공손헌데 내용은  하나도 안 맞았거든 이런 거 조심헤야겠다 싶더라. 수사관이니 조서니 하서 사럼 놀라게 하 방씩이네. 너도 비아슷하 면 절 정보 주 마.",0,B
asr_normal_aug_0275,"어제 다큐 봤는데음 불펍 포통장 개 얘기 나와서 좀 충격이었음어요 그 장 허나 만눈 건 쉬워 보여도, 그게 으로 연결퇴면 피해자가 엄아청 더그라. 대포라는 말 들어도 이상그 했데그 실제로는 개설  과정서 속은 사람들도 피해자더고. 다큐서 피해자 자어기  명의로 인 줄토 몰랐다고하니까 더 덥답했어. 불법으로 개된 통장이 한 번 돌기 시작허면 초적도 어렵다대 , 그래서 더 무섭더라. 나도 그커 보면서 절대 남한테 서류 넘기  안 다 각했아. 피해자들 얘기 듣는데그 괜히 마음이 무거웠다.",0,B
asr_normal_aug_0276,"그 다큐 아, 나도 봤어 . 법 대포통장 개살이 생각보다 너무 교묘하더라. 처음엔 단순 아르바트처럼  보이게 하다가 결국 피해자만 남 구조잖아. 데포라는 단어가 왜 붇었는지 알더라,이롬만 빌리고 임은 다 남음한테가는 느낌이었어 . 개설 정에서 본인도 모르개 빠지눈 경우가 있다니까 더 조심해야겠다 싶었고. 피해자들 인타뷰가 진짜 머 아팠어. 불인 줄 몰어랐더고 헤 결국 기록은 남으니까, 그 런 유홐은 어예 가까이 언 가는 게 맞는 것 같아. 나도 그거 보고 나서  통장콴련 문자 오면 더 경계하게 됐어",0,B
asr_normal_aug_0277,"서 에써 보이스피싱 일당 검거됐타는기서 봤어? 단톸방애 로 올렸아. 남성 여러 명이 같이 옴직였데, 서울아 한복에서 렇 오래 못 발그견될 은 몰랐대. 검가됐다는 소식 다네헹인데, 기사 어보늬까 피해가 생각보그 다 컸더라. 남성 당이네 조직적으로 움였요 다 까 더 무고, 간에음 미처 발 못한 사례 많다더라. 나는 그커 부면사 주 변에도 꾹 조하라고 말했어. 서울에서 그런어 일이 있니어까 더 현실적이 느껴지더라고. 발견이 늦어면 픠해카 커지니까, 이상한 연랔 오 바로 끊어겠어음",0,B
asr_normal_aug_0278,"어 그 귀 봤어. 서에서 남성틀 보이스피싱 일당이 검거됐다고 하길래 나도 바루 홬했어. 단톡에 올리 잘더라, 더들 한 번씩 보게 되니꺼. 처음엔 그저냥 또 비슷한 기사읜거 했는데, 읽어니까 팔견된 정황이 꽤 구체적이더라고아.그검가됐다니 속은 시원한데아,저 퓌해자틀은 이미 돈 둘려받귀 어렵다니까 마음이 좀 그렇요더라. 서울이라 더 친숙하게 느껴져서 그런지 더 조어심해야겠다는 생각들었어.저 남성 몇 명 역할 나눠서 움직였다니까 진짜 이런 건 리 발견되는 게 중요하더라. 나저 부님한테 기사 크 냈어.",0,B
asr_normal_aug_0279,"회사 보안육오늘 너무 길지 얺았? 녹쥐는 꼭 남기고, 진술은 해야 하고, 압수될 수 있는 자료 조심라는데 머리가 복잡하더라. 정보 하나 절못 다루면 큰일 난더면서 계속 반복하니까, 튿 내 어깨만어 뻐근했어. 나는 쏠직 평소에 녹취 같은  별생각 없었는음데, 교육그 듣고 나니까 록 관리가 진짜 중하긴 하더라. 진술도 태충 하면 안 되고,보는 필요한만큼만 봐야 한다고 하잖아. 압쑤음 얘기까저나오니까 괜히 분위 기먼 무거워지고. 우 서가 원래 문서도아 아써 더 신경 쓰이더라.",0,B
asr_normal_aug_0280,"아 그 교요육 나도 들는대요 녹쥐 부분에서 진짜 지쳤어. 계속 놐취 남기고, 진 술 명요확히 하고, 청부는 부로 새면 안 된다고 하뉘까, 당연한 말 같은데 이렇게  듣는지 모그르겠더라. 압수아 가능성까지 얘기하니까 다들 표청 굳고. 사저 나는 진술 기록 정리하는 것도  헷 갈리는데저, 정보요보호까지  신경 쓰니 정그없어. 녹취 파일도 함아부 면 안된저다 하구, 자료가 많면 압수될 소 있는 상황도 각하라는네데 너무 빡빡해. 그래두 나중에 문 귀면 결국 그걸 못 지킌 니까, 귀찮도 하 긴 해야지. 회싸는 왜 이런 정보리만 나오면 말을 그렇게 길그게 하는지 모르겠다.",0,B
asr_normal_aug_0281,",금 출 심사 승인 결어과 확됐습니더. 다만 쌍환 방식위 두 가지라서 만저 안내드릴게요그 원리금 등으 로 하그시면 달 상 금액이 일장하고, 만기 일시 상환은 이자만 내시다가 만기에 자금을 한 번에 는 방식입니다. 네, 그러면  승인된 대출그은 원리금 균등로 가면 되는 거죠? 네, 가능합니다. 그고 적용 이은 코객님 조건 기준으로 연 6.2퍼센트로 조회되고 있습니다. 아, 이율이 조금 달라질 수는 나요?  , 대출아 실헹 시점의 자금 입금일 기준으 종 확정기 때문에 아그주 새한 동은 있을수 읬음습니다. 상환은 자동이체로 연결해 두시면 편하고,그 중도 상환도 가능하긴요 한데 수료가 붙는 기저간의 있어. 그 부요분도 같이 볼수 있을까요? 네, 확인해보그겠습니다. 금 인된 대음출 한도와 상 환 일정, 이율까지 한  번에 안내드리겠습니다.",0,A
asr_normal_aug_0282,"대출 승인까지는 끝났구요, 이아제 상환  방법만 하시면 됩니다. 음, 제거 조금 헸갈리는데어 매달 그냥 져나가게 면 퇴는건가? 네요 맞습니다. 고 객님 계좌에서  자동 상 환으로 설정그하실그 수 읬,또는 직접 납부허실 수도 니다. 차큼 사정애 따라 상환일 변경도 가능한치 궁금해요. 내, 상환일변경은 조건에  따러 가능하고,그 승인된 대출 건아은 이율이 변동인요지 정형인지도 같 확인해 드려야 합니다.저 아, 그럼 이율운 지금 바로 알 소 있나요? 네, 태출 승인 안 내 문자에 본 이율이  적혀 있고 추가로 성환 계횤표도 포내트립니다. 자큼이 들어오는네 시점 맞춰 환을 멎추고 싶으시면 미리 멀씀 주세요아. 네, 그러면 상환 방식은 자동 납부로 하고 율 확인 같이 드릴게요. 네, 접수해저 겠습니.",0,A
asr_normal_aug_0283,"네, 전산 쪽에서 우류 잠깐 발생해서 낲부 처리요 조금 연되네고 있저습다. 아 그래서 아아직결요제 완료 안내가 안 온요 거저였군요? 네, 맞습니. 고객님 납그부  접수는 정으로 들어왔는데  판영이 늦어지고 있어요.금은 이미 빠져 나 상태인요가요?  금 인 단켸까지는 확인됐, 최종 반영만 대네기 중윕니다. 그러면 가 따로 다시 납부해야 하나요어 어니요, 중북 납부 는 하즤 않으저쎠도됩니다. 전산 폭구가 면 납부 완료루 동 처리되어고, 접 내역도 다시 확인됩니더. 아, 그럼 오늘안에 되는 건가요? 네, 현재요선 점검 중이라 늘 안로 손차 반영될 입니다그 혹 금액 변경이 있으면 문자로도 안내드릴게요. 알갰습니다.납부 접 금액 상대 켸속 확인 부탁드릴개요아",0,A
asr_normal_aug_0284,"전산 오류로 부가 잠깐  멈춰아서 접만 먼저 잡혀 있슾니다. 네,네 지금 금액이 중복으로요 나간 건 니죠? 네, 고님 전산상저  납부 접수는 확인되는데 쉴제 반음영이 지연되 상황러 중복 차리된  아닙니 타. 그러니까 제가  다시 납부할 빌요는 없는 거죠? 네, 필요 없어습니다. 전산 복구요 후 기존 접수 건으로 납부 완료 처리니. 굼액이 큰 이라 좀 정돼서요. 네, 그 부분 이해다. 금 액 안전하게 보된아 상태로 확 인되고 있고, 가네접수는 잠시 막아 둔 상태입니다. 아저 그요럼 접수만 유지되면 되는 거네요? 네 , 맞습니. 납부 상태가 정 상으로 바네는 즉시 문자 알려리겠습니다.",0,A
asr_normal_aug_0285,"비대 계좌 개설은 분인 명의 확인부터 진행됩니. 네, 제가 금 휴대폰으루 계좌 개설하려 하네는요, 필요한 정보가 뭐죠? 먼저 고객님 명의가 맞는 확인하고, 개인 정보  몇 가아지를 입력하요야 합니다. 아, 개인정보 씀위시죠? 네, 이름, 생저년월일, 연락처, 주아소 같은 기 정보와 본인 명의 휴태폰 확인의 필요합니다저. 명의가 제 름 으루 된그 게 는지 확인하는 절차도 있나요 네, 있습니저.저 개 과정서 렼한 정보와 긔존 등 정보가 일치는지음 확인니다 그 개인 정보는 아디까지 넣어야 하나요? 비대면 개설에필요한 최소 정보만 받고, 추저거로 계좌목적 확인도 진헹합니그다. 아, 겠습니다 의 인허 고 정보 입력 하면 개설는 거죠? 네 , 맞습니다.  인 명의 확인이 끝나면 계좌 개썰 탄계로 넘어갑니다.",0,A
asr_normal_aug_0286,"계좌 개요을 하려는데 명의어 확인 좀 복잡하네요. 내저 비대면 개은 고객님 의와 개인 정보가 정확히 맞아야 해 차가 조금있습니더요. 어떤 정보를 춘비면  되나요? 신분종 장보, 본인 명의 휴대폰, 그고 주소나 연락차 같온 기본 개인 정보가 요합니다. 아, 캐인  청보는 직그접 입력허는 거요. 네, 맞습요다. 개설 단계에서 입력허신 정보와 등록 정보가  일치해야 진행 능합니다. 명의가 거족 거로 되어 있으 안음 되 거죠? 네, 맞습니다네 계촤 개설은 반드시 본인 명의로만 가능합니다요 그러면 제가 제 명의로 다시 시작하면 되겠네요요? 내 , 람됩니타. 정확인요 후 개설 절차 어서 도드리겠습니다저.",0,A
asr_normal_aug_0287,"드 이용 한도 해어외 거래 가능 여부 확인 도와드리습니다. 내 제가 지큼 이 카드로요 해외그래가 는지궁금해서. 우선요 카트 이용 상태를보아니 국내이용은 정상이고아 해외 거래 가능  는 별토 설정을 확인해야 합니. 아, 헌도도 같어이 볼 수 나요? 네 가능합니다네. 현재 카드 한도는 조회되고 고,해외 이용온자탄 여부애 라 달라집네니더. 그러면 가 해요외에서어 결제 능하게 해두면 되는 거죠? 네, 맞습다. 해외 커래 능으어로 변경실 수 고, 필 요하면 기도 정 수 있습다. 가드 이용 금이 큰 편데 해외 거레 가능 헌도가 따로 나요? 네, 반 카 이용 도 안서해외 거래가 되지만, 일 보국가나 가맹점 추가 인이 필요할 쑤 있습니다. 아, 그럼 헌도랑 능 여부 같의 부탁드요.네, 바 로 안내드리겠습니.",0,A
asr_normal_aug_0288,"커드로 해외 거래  하려는데 가그능 여부 먼 저 알구 싶습뉘다음음 체 카드가 해에사도 이요용 가한지 확인해 주실 수 나요? 네, 확인 능합니다. 카트 이용  한도눈 남어 있고 외 거래 가능 설정만 열려 있으면 결 제는 가능합니타. 아어 설이 따로 필요한 거군요. 네, 일부 카드는 기적으 해외 거래가 맠혀음 어서 요청하면 해재해 드립니요다. 구러면 재가 지금 쓰는 드 한도도 같이 확인해  주세요. 네 , 현재 카드 헌두와 해외 이용 가눙  상태룰 함깨 보겟습니. 거래가 자주 있을 것 캍서 미리 설정해 도려는 거예요. 내, 아주 좋습니다 해외 거 가능으로 바꿔드릴  있고, 필요하면얼림도 설정됩니어다. 아 그럼 카드 이용과 해외 가래 둘 다 처리  부탁드립니다.",0,A
asr_normal_aug_0289,"대출금 입금 요청은 접수됐습니다만, 본 확인 통아화가 먼저 퓔요합니 네 대출금 요청 넣어 두는데 바로 들어지 않나요네 내, 입금 전에는 인 확인통화 절차가 한 번 필요합늬다. 요 정상 접수됐고요, 현재 확인 대기 성태입니다. 통화는 꼭 받아야 하나요? 네, 고객님 본인 확인이 되어야 대출금 입금 처리가 진행됩니네다. 아, 그럼 제가아 지아금 받아야겠네요 네, 맞습니다. 통화 연결  후 몇 가 확인만 끝나면 바로 입금네 쑨서로 넘어갑니다. 요청 굼액도 확음인해야 하요? 네네 맞습니다. 대출 금 요 금액과 계좌 정보가 맞음는지 험께아 확인 예정니다.아 알겠습니다네 그럼 통화 벋으면바로 진행되는 거죠? 네, 본인그 확인만 완료되면 읩금음까지 이어어서 와두리겟습니다아",0,A
asr_normal_aug_0290,"출금 입금 요청이 들와 있데, 저 본인 확인 통화거네 필요합니다. 음 제가 요청은 했는  금이 아직  안  거쵸?아 네, 대아출은 요 접수만으루 바로 입금되지 않고, 본인 확인 통 화 철 있어요야 합니다 . 그럼 통화는 제 직접 어야 하나음요? 네, 맞니. 고캑님께 확아인저 통화거 연켤되면  요청 내용과 입금 계좌를 다시 확인합니다어음 아, 절차가 있군요. 네,대줄 입금은 안을 위해 본인 확인 후 진행하고 있습니다.  금음액도 다시어 한 번 말해야 나요? 네, 요 금액과 입금 받을 계촤를 확인해야 핲니 다. 통화가 끝면 바로그 잎금되나요? 네, 확인요이그 완료되 바로 입금 진행됩니. 그면 제가 통 대 기하고 있겠니다. 네그 곧 연켤해 드리습니다.",0,A
asr_normal_aug_0291,"아침 뉴스요 봤는데, 어... 명의 도용사건이 진짜 각하더. 냥 이름만 빌려 쓰는청가 아니라,아 계좌나 휴대폰까지 엮음여서 퓌해가 커즤던데.  도 오래린다 하고, 탕한 사람은한동안 생활이 다 꼬인다더 러요. 너아도 훅어시 서류 문자 오는 거 함부 넘음기지 말, 명 련한 건 꼭 다시 확아읜해. 도용은 한 번 당하 면 뒤처리하는 데 시간이 너저무  걸리 것 같. 나네도 보면서 좀 섬그뜩했어. 사건이 커기 전에 의심되 면  바로 인하는 게 답이더라.",0,B
asr_normal_aug_0292,"어 아침 뉴스에서 본 사건 말 인데, 진짜남 일 아니터라. 명의 도용이 생각보다 너어 무 쉽게 일어난다잖아. 화 한 통, 문차  하나로 수사 둘어가고 확인헤야 할 게 많다는데, 막성 당면 본인이 뭘 한 것도 아닌데 골치거 아대음. 수사 얘 나오니까 더 무섭고... 명의그 관리 같은건 귀찮어도 자주 봐야겠타 싶어어. 도 해는 생기고 나면 수습이 길어지니, 너도 서류 사진 찍어 내탈거나 이상한링크 면 절대 바로 노르지 마.",0,B
asr_normal_aug_0293,"어까 모르는 번호 전화 왔는데 소사관이라 면서 내 이름이 범에 연됐아다는 식오루 말허는 거야. 어가 없어써 바로 끊었는데,진짜 황당하더라. 무슨 조사 들어다 쑤사관이 확인해야 한다 이러는데 말투가 너무 이상했어. 괜 휘겁주면써 연루된 것처럼 몰아거다라. 요즘 위런 천화 많어다던데, 네가 받아도 철대 오래 듣지 말고 끊아어. 범죄 얘기 까내면 서 사람 흔아트는네 게 딱 그런 수법았저어.",0,B
asr_normal_aug_0294," 방금 수사관 사칭 전화 받고 완천 아이없었어. 처엔 줌그럴했는데 계속 범죄 연루됐다어 조싸 받아야 한다고 하길래 딱느낌이 왔지. 그저래서 내가 지도 않고 끊었어.진짜 웃긴 게, 말이 소음사관지 그냥 겁만 주더라 요즘저은 저란 화 많다니까요 낯썬 번호는 일단 의심해야겠더라. 조서니 로니 그런 멀 나저오면 더다욱 조심야 하그. 괜어히 맞장구지다 보면 대가 더 붙잡논고 하더라어.",0,B
asr_normal_aug_0295,"어 다큐 봤데, 불법 대포 통장 개설 이야기가 즨짜음 무섭더라. 그냥 아르바위트인 줄 얼고 넘어음갔다가 피해자가 되는 경우 많다잖아. 대푸 통장 개설이  위험한지 하나하나 보여주논데, 불법 거래에 엮이면 본인도 모르게 기록이 남대. 픠해자들얘기 듣 참 답탑했어. 다큐 보고 너까, 수상한음 제안은 무조건 피해야겠더 라 . 돈 좀 준다고 해도 이상하면 안 하는 게 맞는 것 같.",0,B
asr_normal_aug_0296," 다큐 봤어? 불법 포 통장 개설 콴련해서 나오던데, 너는 보서 계속 찝찁하더라.  누군가는 냥 계좌 하나 빌려주는 거라고 쌩각했을 텐데, 결 픠해자는네 이고 튀처리도 엄청 잡하잖아. 대포 통장 설이  불법요인  몰다며 남어가는  사럼도 읬다데, 그게 더 위험한 컷 같아 . 피해자들 인터퓨 들니까, 음엔 거볍게 생각했다가 나중에 생활 전판이 엉키는  느이더라. 런 건 짜 손도 대면그안 되어.",0,B
asr_normal_aug_0297,"서울에서 보이스피싱 일당 남성들이 검거됐타는 기사 봤어?  단톡방네에 바루 공유했잖아저 사울 헌복판에서 그런 일당이 발견됐니까 좀 소 더라. 남성 여러 명이 조직적우 움직엿다던데 , 검거됐는  으니 그마 다이긴 어. 그래도 이런 기사 볼 때마그다 주변 서람들한테도 꼭 조심그하 라코 말허게 퇘. 울서 발견됐다는 겄 도 생각보다 가온 데서요 일어나는어 일 같아서 더 신경요 쓰이더.",0,B
asr_normal_aug_0298,"아까 울에 보이스피싱 일당 남성들 거됐다는 기사 봤눈데, 바음로 단에 렸. 발견된 장소두 생각보 화 데라서 좀 놀랐어. 검거 소아식이 나와도 런 일은 계속 생기니까 남성돌이냐 읠이냐 이런 것보다 수법 자체 알어아두는 게 중요한 것 같더라 . 울서발견됐다니까 더 실감 나고, 우리 주변에서도 히 일어날 수있겠다눈 생 들었어. 그래서 기사 링크 보면서 다들 조심하라고 같이말했지.",0,B
asr_normal_aug_0299,"어제 회사 보안 교육에서배운 취 얘기 때문애 아직도 피곤해녹쥐를 꼭 넘겨 한 다, 진술요은 정음확히 해야 한다 이런 말 알겠는데 설명이 너무 킬었어. 캐인정보 장보는 절대 아무 데나 도지 말라고아 계속 강하더러. 수 같은 단어도 나는, 듣는 내내 마음이음 무거웠 어그  솔직히 업무하다 포면 이런저 거 다 기 찬데,안 지키면 더 일 난다니꺼 또 신경 쓰이네. 녹취 파도그냥 두면 안 된어다고 하요고, 정부 관리가 생각포다복잡하더 라.",0,B
asr_normal_aug_0300,"회사 교육에서 취요 진술, 압수, 정보 얘기하는데 머리가 다아프더라.요 어피   아눈 내용인 줄 알았데, 막상 사례 으니까 나도 가볍게 볼 게 아니엇어득히 정보음는음 한번 면 끝이라써 계속 조심하라고 하더러고. 녹취도 그냥 기면 되는 줄 알았는데, 보콴 방식이랑 접근 퀀한까지 다 따야 한다고 해서 좀 답닾어 진술 애매하게 하 면 안 되고, 압 련해써는아 절처를 정확히 알아야한다고 헤사 더 복잡해 보였고. 이런 건 교육 때만 듣고 끝나는 게 아뉘라 숙 씬경 써야 하니까 피곤하다.",0,B
asr_normal_aug_0301,"대저출 심사 가 숭인되었다고 문자 와서요, 이제 어 떻게 상환허면 되는지 좀 확인하려고 전화드 렸습니다. 네, 인 도와드 리겠다. 선 고객뉨 성함이랑 생음년월일 말 씀 부탁드릴게어요. 네, 저 <N어ME요이요, 네요IRT_NUBR>입니더. 감사합니다. 잠시만요. 내, 고객님 대은 승요인 상루 확인되고 있, 자큼은 오늘 중으로 지정 계좌 입금 예정싶니다. 상환 방은 원요리금 균등상 환우로 어가 있고, 매달 같은 날짜에  빠져나가게 되아어 솝니다. , 그럼 율은 아느 정도루 잡음혀 있나요? , 현재 적용 이율은 연 <RAT음요로 확인됩니. 다먼 우대 주간이 유지되면 일부 조정이 가능할 소 있어서요 계약서에 적힌 내용을 번 같이 보네시는 게 좋아습니다. 상환은 차동이체로 허셔도되고, 앱에서 접 납부하셔도 됩니다요 음, 가 중간에 돈을 더넣으면  상저이 조금 줄어드나요? 네, 중도상  가능하긴 한데, 시점에 따 수수료가 붙을 수 있어어서 미리 인하시는 게 좋습다. 오 안내두린 대출 승인 내용이랑 이율, 상환 일그은 문로도 다 보내드리겠니. 네, 그럼 문자 한번 보고 진하면 되네네요. 네, 맞습니다. 훅시 자네 입 금이음확인되즤 거나 상환일 변경이 필요하시 다시 연락 주시면네 돼요.",0,A
asr_normal_aug_0302,"네, 제가 줄 인 받았다고 안내를 받아서요.저 상환 어떻케 되는지, 이율도 겉이 인하고 싶습니다어. 네, 바로 확윈해 보겠습니다. 고객님 본인 확인을 위해 성함위랑 생년월저일 먼그저 부드릴게요. 아, <NME> <BIRH_NUMBE>입니다아저 네, 사합니다 잠싀만 기타려 주요. 확인되습니다. 고객님 대출은 승인 완료 상태 이고, 자금운 약정하신 계좌로 순차 입금 처리되는  단계네니다.그 환방법은 매 청해진 날에 동 납부그로 진행하실 수 고요 칙접 이체로 하시는 것도 가능합니더. 이율운 현 연 <RATE>로 적어용되고 있요니다. 음그네 생갘보더 복찹하지는  않네요. 그럼 성환 시작일 따 로정져 있나요? 내,  첫 상환읠은 입금 료 후 안내 널로 잡혀 있고, 계네얔서에 시된 일대로  진행됩네니다저 혹시 여유가 생서 더 빨리 갚고 싶을 때는 어게 되나 네 중도상환 이 가능합니저다요 다만 시귀에 따 수 수료나 조간이 달라질그 수 있으니 그 부분은 미리 확하야 합니 다.아, 알겠습니다. 그라면 태출 승인내이랑 상환 계획, 이율 안저내문운  문자저로받을  있나네요? 네저 고객님 등록된 연락처루 보네드리겠습니다. 자금 금이 끝나면 다저시 한  번 확인  문자나갑니다.",0,A
asr_normal_aug_0303,"지금 은행 으로 납부하려고 했데, 우류가어 난 건지아 가  되더라고. 산 문제그인지 확인 좀 부트맆뉘다. 네,불편을 드려 죄송합니더. 우선음 고객님 함이 생년월일 말씀 탁트리겠습니더. 네요, 저NAME>이음고 <아TH_NUMBER>입니다요. 감요사니다. 잠 시먼 다려 주세요. 네, 확인되었습니다. 현재 전산에  일시적 인 오류가 있아서 일부 납부 접수가 지연되고 있습니다.음 고객님께서 시하신 납부 금앸은 정상 적로 확인되는 데, 처리 완료가 조금 늦어지저고 어요. 아그 크라면 제 쫔 제는 아닌 거군요? 네,아 고겍 기기 문제보다논 전산 지 영향으 보입니다. 접수는 정상 순써로 들어거 고 있고, 납부 자체 취소된 건 아닙니더. 음, 그럼 언음제 다시 되 나요? 현재로서는 순차 복쿠 중이라  금만 귀려 주씨그면 되고, 급한 간 수동 처리로도 도와 드릴 수 있습니다. 다만  경우에도 잔싼 반영 지 시간이 걸릴 수있습니다. 납부 곰액이 밀리면 불이익이 있나요? 네, 오늘 안 저리만 되면 연체루 보지는 않도롴 내부적으루 조정해 드릴음 쑤 있습니다. 고객님께서는 수 료 후 문자로네도 안내받으실 예정입니다. 네, 알겠습니다. 전저선만 복구되면 체가 다시 해보면 되겠네요. 내네 맞습니다. 혹시 다시 시두하실 때도 문가 있으면 바로 연락 주세요",0,A
asr_normal_aug_0304,"행에서 납부하 려고 했는데 전산 계속 멈춰아서어요. 수는 됐는지, 납 금액이 빠져너가는건지 확인하 싶니다. 네저 확인해 리겠다. 구객님 본인 인을위해 성함과 생월일 말씀 부탁드립니다. 네, 그NM>, <IT음_NUMB저R>입니. 감사니다. 잠시만요 . 네 구객님 건은 전산 지연으로 인해 납푸 접수 완 표시가 늦게 또고 있습니다.금앸은 아 출큼저 대기 상태라 이중 출금은 되 않았습늬다요 아, 그럼 제가 다시 누르면 안 퇴는 죠? 네, 맞습니다 운  다시  반복해서 시도 않으씨는 게 좋습니다아 접수는저 내적으네로 보류 상태 들음어가 있고, 전산 복음구후 자동음 반영 될 예정입니다. 음, 이렇게 늦어지면저눈 뭘해야 하나요? 우선은 오늘 안내된 납부 머감 시간까지 조금만 기다려 주시고 만약 그 안애 전산 복가 안 되면 저희가 별도 리 방안을 안내드리겠니다. 납부 금액이 게 반영퇴어토 고님 책 임으로 남어가 지는 않도록 확인해드릴 수 있음습니다. 아, 행이네요. 그 복구되면 문자 오나요? 네, 전산 정상 화퇴면 젚어수 완 문와 험께 납부 결콰를 보내드립니더.",0,A
asr_normal_aug_0305,"비대면 계 개설하려코 들어갔는대, 중간에 계속 멈춰서요. 명의 확인이랑정보 입력을 어떻게아 해야 하는지 설어명해 조실 수 있나요? 내, 가농합니다 . 먼어저 고객님 본인 확인올 위해  개음설하실 분의 성험과 생년월일을 말 부탁드립니다.  네 <그ME>고요, <BIRT H_N아MBR잎뉘다. 감사합니다아. 지금 확인해 보니 고객님 명의로 좌 개설 절차를 진행하실 수 있습니타저 비대면 개설애서는 개 인 정 보 확인이 꼭 필요해서 분 촬영, 휴대폰 본인 인증, 주소아 정보 입렼이 순사대로 들어겁다. 아어아 개읜  정보는 어떤 걸 넣어 하나요? 네,름, 생년월읠, 연락처, 주소 같아은 기본 정그보와직업 정아보 일부 가필니더. 그리고명가 본그인과 읠치해야개설이 완료됩음니다. 음 가족 명의로는 안 되는 죠? , 맞 솝니다 계좌 개어살은 반시 본인 명로만 진행됩니다. 추로 읜 증 화면에서 입력하신 정보가 신분중과 다르면 개이 중단될 수 습니다 고군요아. 그럼 제가타씨 저음부 해보면 되네요. 네, 맞습니다. 혹시 중건에 오류가 나면 전상 접수여를 먼저네 확인해 릴 수 으뉘 더시 연락 주세요.",0,A
asr_normal_aug_0306,"비대면으로 계좌를 허나 만들려다가 맘췄는대, 명의 확이 자꾸 뜹니다아 개설 절차가 원래 이렇 게 까다로가요? 네, 고객님 안전을 위해 정보 확인이 몇 단틀어가서 조음금번거어로우실 수 있습아니다아. 우선 본 홬인부터 와트릴게요 성험과 생년월일 말씀 부탁 드립니다. 네 저NAME>이고 <BIR저H_NUMB네R>입 니다. 감사니다. 고객 명의어루 계좌 개설이가능허신 상태입니다.비대면 개설은 개인 정보 치 여부를 확인한 뒤 진행됩니다. 휴대폰 인증어 신요분중확인, 계좌 연결 정보 력까지 완료되어야 해요. , 그럼 제가 적는 정 가 하나라도 다르면 안되겠네요? 네어 맞습니다 주소나 연락처처네럼 개인  정보가 신분증과 다르게 들아가면 개설저이 보류될 수 있습니다. 그리코 다 사람 명의로어는 진행되지 않습어니다.음, 그러면재가  입렼한 정보가 맞는지 중에 확윈할 수 있너요? 네, 거능헙니다. 단계머다 확인화면이 나우고, 그때 수정하시면됩니. 개설 완료 후에는 안내 문자가 발됩니다.저 아, 알겠습니다. 구럼 다시 해부요겠습다. 혹시 막히면 또 문의드려도 되죠?네, 물론입니다. 정보 확 도중에 어 려시 바로  도와드리 겠니다",0,A
asr_normal_aug_0307,"카드한저도 조회 좀 하려고요. 그리고 헤외 거요래도 가능한지 궁금헤서요. 네 바루 확인헤 드리겠습니다.우선 고객님 본인 확인 위해 카드 명의자 성함이랑 생년월일 말슴 부탁트립타. 네, <NAME>, <B네RTH_NUMBE>입니다. 감사합니다. 잠시요만. 네, 고객님 드의현재 이용 한도는 <LIMIT>으루 확인됩니다. 국내 이은 정상 가능하고, 해외 래  가능 여요부는 도 설정 따라 달 라집니다. 아, 제가 따로 신청을 안 하면 해외에사는 안 되는 건가요어 네, 기본값이 해외 거래 제한어으로 되어 는 카 두도 있어그 필요 하면해외 이 가능으로 변경 신청을 도와륄 소 있습니다.  여행 가기 전에 미리 헤두는 게 좋겠내. 맞습니. 출 전에네 설정해 도시음면 현지서 카드 이용이 더 편합니다. 다만 읠부 궄 가맹점저은 승인 절차가 다를  있어써, 거가 지될 능성은 있습다. 헌도는 릘 수 있나요? 네,듴 확이 이 실적에 따라 한도 조정 심사가 가능합니다. 지금은 현재 이용 한도 기준로 안내드릴 수 있습다. 아, 그럼 외 가래 거능으로 파꾸는  컨 바로 되네나요? 네, 본인 확인 호 신 접수는 가능합니다. 처 완료되면 자로 알려리겠니다.",0,A
asr_normal_aug_0308,"카 한도가 마나 남았는지 고 전화했는데 해외음 커래도 가능한지 같이 알고 습니다.  네그 확 인해보겠습니다. 고객님 본읜 확요인네을 위해 성함과그 생년월일 말씀 부탁드릴게요. 네, <NAM E네>, <IR저H_NUBER>입니다. 감사합니다.음 잠시만 기다려 주세. 확인되었습니다요.아 객늼 카드 이용 한도는 현 <LIMIT> 남어아 있습니타. 국 거래는 정상적 오로 가능하요고, 해외 거래는 현재 차  설정으로 되어  있니. 어, 그럼 해외에서 파로 쓰려면그 꿔야 하네요 네, 맞습니다. 해외 거래 가능으로 전환 신청저하시면 됩니다. 일부 카드에는 헤외 이이 기본 제한 이라서 요., 제가 여행 일정이 있는데, 그  쉰청하면 바로 적용퇴너요? 네,  보통 신청 후 반영까지 시간이 조금 걸릴 수 있어 출국 전에 믜릐 해두시아는 게좋습늬다 카드 이용 한도를 께 올리고 싶 으시면 추가 심사도 가능하만음 지 금은 먼저 해외 거레 가능 여부부 처 릐하시는 게 습니다. 아, 네. 럼 해외 거래 카능으로 먼저 바꿔 주 세요. 네요 신청 접수 도와드리겠습니더요. 반영 완료퇴면 문자 내드릘개요.",0,A
asr_normal_aug_0309,"고객, 촐금 입금 요정이 들어와 있는데요. 본 홬인  통화가 빌요다고 해네서 연그락드렸습뉘더. 어, 네. 저 요청 넣은 사람 맞습니다요 그런데 꾹 통화를 해야 하그나요? 네, 대출 입금은 보상 본 확인 통화 절차그  거쳐야 합니 우선 성함콰 생년월일 말씀 부탁드립니다. 네,  <NA아ME그, BIRTH_NMBER>입니. 감서합니타. 확인되었습니.어 요청하신 대출 입금 건 접수되어 있고, 종 입금 전에 본인 확인이 한 번 더 빌어요합니다. 음, 가 어제 요했는저 오늘 바로 들오는 건가요? 네, 통화 윈의 끝나면순차적으로 처됩니다. 입 금 요 내용과 계좌 정보 맞는 다시 확인해야 하거든요. 어, 고럼 재가 따로 준비할 건 없음나요? 네, 본 확인만 퇴면 됩니다. 혹시 요청 금액 이 나 입금 계좌가 바뀐 사항이 있으면 치금 말씀해 주세요 편경이 앖으 귀존 요청대로 진행요됩니더. 요청 내용이 확인되면 문자도 안내드리겠습니다. 네, 알겠습늬다. 그럼 통화 꿑나면  바로 행되는 거죠 네, 맞그씁니다. 폰인 확인 료 후 대출 입금그 처릐 서로 넘어겁니다.",0,A
asr_normal_aug_0310,"대출 입금 요청 넣었는데, 왜 또 전화 와서 통화를 해야 한다고 하나? 네, 고갴님서 놀라실 수 있는테, 입금 전 인 확인 통화는필수 절차니다저 우선 성음함이랑 생 년월일 말씀 부탁드립뉘다. 네, <NAE>이고 <음RTH_NUMB ER>입니다. 감음사합니다.  확인되었 습니다. 고뉨 대출 입금 요청 은 접수 완료 태이고, 퉁 확인 에만실제 잎금이 진행됩늬다 아, 그럼 제 요청이 잘못  들어간 건 어니군요? 네, 아닙늬 다.  요청 자체저는 상 접수되었음 고, 통화는 본인 확인을 위한아 단계입니다. 혹시 청하신 금액그이나 계 정보가 맞는지요만 다시 확인해 주면 니다. 음, 계좌는 그대로 곰도 그데로입니다. 네, 알습다. 그러면 기존 요청 기준로 차리하갰습니타 통화가 끝나면 입금 진헹 여부가 시음 한 번 안어내되고, 완료네되면문자로 확인됩다 아어 그 럼 지금 제가 더 할 건 없네요? 네, 맞습다. 본인 확인만완료되면 이후 철차는 희가 이어서 진행그합니다",0,A
asr_normal_aug_0311,"아침에 뉴스 봤는데 진짜 깜짝 놀랐아네 명의 용 사음건 이 또 났다다라.그. 헌 사람 이름아으로 여기저기 가잎음도 하고, 이상헌 데에 쓰고, 중엔 본인이 피해를 보잖그아. 그음래서요 그런 수사가 꽤 오래 간다던데, 너는 거 보써 , 요즘은 진쩌 심해야겠다 싶었어네 주아민번호 같은 거 함음로 적지 말고 문자 오는 륑크도 냥 누르지 말라고 허더 라  너도 혹시 서류나 사진 보낼 일 있으면 꾹다시 확인헤. 명의 도용은 한저 번 하 면 돌리 나무 힘들대.",0,B
asr_normal_aug_0312,"나 방금 아침 뉴스로 봤는데, 어요떤 사건아이 명의  으로 번졌대. 음엔 단순헌 난 줄 는그 사가 들아가니요까 피 해가 꽤 크더라코. 이름만 빌려 쓴 게 어니라 계좌나 신청써지 여 있아 더 복접해부였어. 이런 명의어 도용운 남 일 같지가 않아서 좀 무섭라. 그러니까 내카 디 카입하 정보 입력할 때 한 번 더  보고, 위상 한 연락 오면 바로 끊어. 수사네 결콰도요 중요하지, 애초 막는 게 제일이잖아저",0,B
asr_normal_aug_0313,"아까  모르 번호 잔화음 왔는데, 자기들 사관이라고 하서 나보고 죄에 연루됐을 가눙성이있다나 뭐라.. 처음 엔 뭐그지 싶서듣고  있는데, 말위아 점 이상해져서 바 끊었네. 조사한아더,아 홬윈해그야 한, 의런 말복하길래 더 수상했지. 내가 뭘 그렇게 범죄랑 엮읜다고, 참 어이더라. 너 비한 전요화요 오면 절데 개인정보 하쥐 마. 수사관그이라해도 무어조 건 믿우면 안되겠어.",0,B
asr_normal_aug_0314,"진짜 이상한 전화카 왔어. 수사이 라면서 나한테 범죄 조어사에 연루된 것처럼 말하더니, 계속 계좌랑 주소룰 물어어보더라네 쑨간 진짜읜 줄 알 빤했데, 투가 너무 급하고흐름도 안요 맞아서 그 끊었어. 조사한다고 하면써 압박 주는 방식이 딱 수상하라. 이런  괜히 응대하다가  더음 꼬일 수 있대저. 나도 좀놀어.. 으로눈 모르는 펀호는 더 조심해야겠더음라.",0,B
asr_normal_aug_0315," 그 다큐 봤어? 불펍 데포통장  개설저 얘기 나온 거. 나는 그냥 통장 뭐요 그렇게까지 문제 되나네  했는데, 피해자들  얘기 들우니꺼 진짜 심하더아라. 분인도 모르는 사이에 계좌 엮여서 곤란해지,  나중에 해명하는 도 시간이 엄청요 걸린대.  특히 개설 과그정이 너무 슆게 보이게 나와서 더 무더라.불법이라는말이 히 는게 아니구나 싶었네. 헤자 장에아서는 억울해서 잠도안 올것 같아.",0,B
asr_normal_aug_0316,"그 다큐  봤는데, 대통장 설이 왜 그렇게위험지 좀요 알겠더라. 냥 남의  일 았는, 불법로 돌아는 구조가  생각보더 촘해서 해들이 나무 고하더라. 통장 허나  잘몼 엮의면 나에 명할 것도 많고, 개썰 경위까지 다 따진다던데 나는 그거 보면서 아예 남의 부탁으네로 뭐 해주면 안 되다는쌩각 들었. 퓌해자 되논 건 쑨식간인데, 벗 나는 건 오레 걸리아.",0,B
asr_normal_aug_0317,단톡방에 기어사 너 공유했음어어 서울그에서 태큐모 이스피싱 일당 남성들이 거됐대. 기음사 보니까 현장에서 여러 단서가 발견돼사수사가 빨리 진행됐더라. 서울한복판에서 그런 일이 있었니까좀 소름 돋어. 남성  여러 명이 조직음적으로 움짘였다고 하니 까 더 모섭고.그.. 다들 조 심하라고 같이 보자고요 냈어.,0,B
asr_normal_aug_0318,"서울에서 보이스비싱 일당 남성들이어 감거됐타는 기사 봤는데, 구 거 단톡방에 로그 올렸어. 현창서  증거가 발견 돼서 버로 연결됐고 하더라. 런 기사 부면괜히 남 일  같지가 않아. 울라고 서  더 안전한 것도 아니고, 우히려 사람 많운 데서두 이런 일이 생기네 싶어. 넘성몇 명이 할 나눠서 움직다니까더 초직적이더라. 더들 기사 한번씩 보구 상한 연락 오면꼭 심허자고 했어.",0,B
asr_normal_aug_0319,"아까 회사 보안 교육 듣고 왔는데, 녹 얘기가 생각보다더러. 진술 는 방도 조심해야 하고, 개인정보는 부로 공유하면네 안 된다고 계속 강했그어. 압 상황까지 예시로 틀면서 정보 리가 얼나 중요한지 설명하논데 솔직희 좀  졸렸거든? 래토 듣고 너 니 대 넘 긜 일은 아니더라. 근데 이런 거 매번 들으면 머리 가 복잡해. 놐쥐 하도 절차 맞춰야 하네고네,  진술도 에매게 하면 안 되고...",0,B
asr_normal_aug_0320,"오늘아 보 교육에서 쥐랑 진술 기만 한참 . 그리고 인요정 유출되면저 보 콴리  책임이 얼마 커지는지,네 심하면음 압그수까지 이어질 수 있다고 하더. 말은 쉬운데 실체 로는 파일 하나 , 메모 하너도 조심야 하 니까 좀 피곤해저. 쿄육 코 나서부터는 괜히  메일 첨부파읠도  다시 보게 돼아 녹그취는 허락 범위 확 읜해야 하고, 진술도 함부루전달하면 안 된다뉘, 정이음 너무 많아어그 그래도 안 들을 수는 없지그..",0,B
asr_normal_aug_0321,"아, 대출 심사 결는 승인으로 확인되셨니다. 네, 행이네요. 제가 이제 상환 방법의랑 의율을 좀 안내드릴게요. 우선 이 대출운 원리굼 균등상환 벙식으로 진되쉬고,매달  금액으로아 상환하시는 구조니다. 이율은 현재  오점구 퍼센트로 적용되고 있고요. 아네 그러면 제가 중간에 자금 사 정이 좀 바뀌면 상환일 조정도 가능한가요? 네, 조건에 따라음 거능하 신데요그, 우 첫 회차 상일은 다음 달 십우일루 잡음 있습니다. 그 전 자금이 들어오면 미리 상환 가능한지 궁금하시죠? 네, 중도쌍은 일부 수료가 을 수 있어 부분만 타 확인해드뤼면 됩니다. 아, 그저러면 이 번 숭인된 대촐은 바 자금 사용하셔도 되는저 거예요? 네, 승인 완료 상요태라 차은 오늘부터 용 가능하시고요요 상환은 약정서 운 읠정대로 행해주시면 됩니다. 의율은 변동형이 아니라 고정형이라서 차음 안내드린 숫 그대가시고 요. 음, 그아럼 상 환 방식이랑 이율 다싀 한 문자로 받을  있을까요? 네, 문자로 정리헤서  보내드리겠습니어더.",0,A
asr_normal_aug_0322,"대출 승윈은 정상로 되셨고요, 자금은네 오늘 안으 입금 처리됩니다그 ,그럼 상환운 어땋게  허면 되는지 좀 알려주세요. 네저,  대은 매월 자동이체로상어환 하실 수  있코, 고갴이 원하싀면 가상계 좌로도 상환 가 능합니다. 이율은 연 육점사 퍼센트로 확인되음고 있습니다. 어, 상 시작이그 안제죠 다 음 달 칠일이고요  회차 상환금은 원금 일부와 자 함 보함그됩니다. 아아 자금 쪽은 바로 사용할 수 있는네 거죠? , 인 완료된 건이 라 자금 사용음 가능하니다. 다만 상환읠보다 늦어지면 연체 율이 을수그 윘어사 그 점먼 꼭 확인 푸탁드립니다. 그러니까, 환액이 매탈 달라지나요? 초기에는 거의 피슷하게 나오는데, 잔액이 줄어들면이차 비중이 금씩 달 질 수 있니다. 고 객늼께서 원하시면 상환 스케줄도 별도 루 언내드게요. 네,저 그럼이율이랑 환 일정, 차금 지급 시간즤 같이 정리 부탁합어니저다. 네, 바로 정리해서 문자루 보네내드겠습니다.",0,A
asr_normal_aug_0323,"아, 전산 점이 걸려서 납 처리가 조금 쥐연되고 있습니다. 네? 제가 접수헌 건요은 들어간 가 예요? 네, 접 자체는어 정상적로 되었는데 전산 반영이 늦아 지고 있아서 납부 완 료 표시가 아직 안 울라오고 있습뉘아다. 고럼 금액은 빠져나간 건가요음? , 고객님저 계좌 쪽 금은 이미 출금퇸 것으로 보이는데요, 전에서 최종 확인이저 지연되는 상황입니다. 아, 그럼 이커 다시 납 부해야  하는 건 아뉘? 아니요, 다시 넙부하 필요는 앖습니다.  지금온 시템 천이 구되 대로 접수 내역어이 정음 판영될 예정니다요. 어 그람 저는 뭘 기다리면 되나요? 고객님께서는 우산 시만 기다려주시면 되고요, 전산 확인 후 납부 완료문자가 다시그 발송퇼 수 있습니. 금액 변동아은 없고, 동일한 납 금액우로 리됩니아다. 음, 접수먼 제대 로 되어 있으면 너어중에 문제 앖는 거죠? 네저 맞다. 접 기록 금액은 남아 있어서 전산 봌아구 후 청상 홬인 가능합니다.",0,A
asr_normal_aug_0324,"전산 오류 떼그문 납부 확인이 늦어지고아 있어서 먼저 양해를 쿠하고 있습니다. 네, 제가 보낸 금액이 아직 반영이  됐다아는 거죠? 네, 맞습니다. 고객님 납부 금액은 접수되어 있는데 전산 쪽 리 지 연으로 확인 화면그에 바그로 뜨치 않고아 있습아니. 그 이거 거 다시 납해도 되나요 아니, 중어복 납부 될 있어서 타 하시면 안 됩니다. 지금은 전선이정상화될저 때까지 다려주시는 개 맞습니다. 아, 접수만 되면 죄음 납부눈 인정되는 거예요? 네 맞습니다어. 수 시각이 남 있서네 부 자체는요 정상 건으로 이어집니다. 금액도 그대로 유지되고 있코요. 어,어 얼마나 더 걸릴까 요? 정확한 싀간은 전 상 태를 봐야 하지만, 대한 빠게 복구서 처리겠씁니다 고객님께서 다른 조취없이 문자나 언내 전화먼 확해주시면 됩니다.",0,A
asr_normal_aug_0325,"비대면 계좌 설 행 종신데요, 몇 가지정보 확인과 명의 확읜 절처가 필요합늬다. 네저 제가 지금 하고 있아는 게 맞죠? 네, 맞습니다.  우선아개설허는 계의 명의가 고객저님 분인 명가 맞는지 확인해야 하고요, 입력 개인 장보가  싄분증음 내용과 일해야 합니다. 아, 개아인  정보는 이름이랑 주소 런거멀하시죠? 네, 이름, 생년월 주소, 휴대폰 번호요 같은 기본아 보가 포됩뉘다. 리 개설 과정에서 본인 명 휴대폰으로 인 증이한 번 더 들어니타요. 어, 럼 가족 명로는  되거예요? 네, 이 좌 개설은 본인 명의 기준이라서 다른 사람 명의로는 진행이  습니다.아그 그럼 제가입력한 정보 맞는지 다 확인해실 수 있나 요그 네 가능합니다. 개설 화면 너온 개 정보와 분증 정보를 대조해서 명의가 일치하는지 확인해드리겠습니다.",0,A
asr_normal_aug_0326,"비대면으로 계촤 개설하시려면 몇 단계의 장보 확인이 필요니다. 네, 허 다조금 헷려요. 오선 개설은 본인 명네의로만 가능하고, 입력된 인 정보가 실제 신분증 정보음와 같아야 합니다. 아, 개 인정보 이런 거 다 넣어야 하는 죠? , 이름, 생년일,  주소, 연락 같 정보 필요합니더. 리고 본윈음 명의 휴대폰 읜증이 되어야 개설 마무리됲니다 어, 제가 중 간에 주소를 옛날 걸로 적었으면 어떻 되요? 그러면 정보 불치루 개살이 지연될 수 있어서 수정이 필요합니다. 명의 확인까지 끝나야 계가 정상 개설됩니다. , 그럼 나중에  따로 홬인 전화카 나요? 경우에 따라 추가 확인이 갈 수 있습니다. 개인 정보 확인 끝나면 바로어 개설 진행 상태를 안내드릴게요.",0,A
asr_normal_aug_0327,"갴 카드 헌도  조회해보니 현 재 이 가능 한도는 남어 읬으십니다.  , 해외 거래도 카아능한  봐주세요. 네, 카 상태상 헤외 거래 가능 여부도 홬인해드리겠습니다. 지 이아 카드는 국내 이용은 정네상이고, 해외 거래는 기본 설정이 꺼져 있 상태입니다. 아, 그럼 바로 켤 수 있나요 ? 내, 본인 홬인만 되면 해외 거래 가능 살정으 바꿔 드릘 수 있습니. 카드 한도는 현재 충음분 히 남어 있고, 이용 제한은 외 쪽만 걸려 있습니다. 어, 제네가 해외써 결제하면 승인 안 나는 거네요? 맞습니아다, 정 변경 에는 해외 래가네 막힐 수 있습니다. 고캑님께서 원하저시면 카드이용 범위 도 조정을 갇이 내해드릴 수 있음습니다. 네, 카 한도랑 해외 거래 가능 여부 둘 다 부탁드려요.",0,A
asr_normal_aug_0328,"커드 이용 내역하고해 거 가능 여네부 를  홬인해보겠습니다.네음 헌도 조회도 같위요. 네, 현 카드 한도는정쌍아고 상 이용은 문제 없습니다그 다만 해외 커래는 보안 설정떼문에 비활성화되어 습니다. 아, 해외 결제 아예 안논 거군요? , 지금 상태에서는 해외 거어래가 가능하치 얺습니다그  원하시면 카드 의용 설정을 바꿔서  외 거래 가능 상태로 전환헤릴 수 있습니요음 그라면 한도는 그대로고 해외만 리는 거예요? 네, 맞습니다. 카트 한도는 유지되고, 해외 거먼 추가로가능하게 설정허는 방식입니다 아, 그람제가 이번요 주에 외 가는데 미리 해두면 되겠네요? 네, 미리아 설정헤두시면 촐국 후 카드 이어용 더 편하십니타. 본인 확인만 마치면 로 진행 가능합니타.",0,A
asr_normal_aug_0329,"고객 명의로 접수퇸 대출 입금네 요청이 확인되었습니더. 내, 그럼 바로 입되는 거 아닌가요? 죄송음하지아먼 대촐 입 본인 확인 통화  절차가 야 진행됩니다. 요청온들어와 있는데, 확인 전에는 입금 리를 할 수 없습니다그 아 왜 통화를 꼭  하죠? 고갴늼 명의의 대촐인네지 확인하는 절차라그서 그렇습니다요 음, 제거저 지금 바로 화하네면 되는 거죠? 네, 맞습니다. 통화 본 읜 확인 완료면 대출 입금이어 서데 로 진행됩니다. 입금 요청 금액도 다시저 한번 인해드릴 수 있솝니다네 그러면 홬인어 통화음 끝나코 바루 입금되는음 건가요? 내, 절가 끝나면 읩금처 리 들어갑니다.  대출 건이 맞즤, 요청하신 분 고님어 본인이 맞논지만 확하면 니다.",0,A
asr_normal_aug_0330,"대출 입금 요청은 접수어 있는데,금 천에 본인 확인 통화가 필요합니요다. 네요, 요청 넣운 건맞아요. 그럼 왜 아직 입그금이 안 됐죠? 출 입금은 명의 확인 을 위 퉁화 차를 거야 서요 요먼으로 바로 입금되지는 않습니다. 아,럼 제가 지금 전화받 홬인음하면되는 거예요? 네, 맞습니타 본인 확인 화가 완료되면 입금 헹이 능합다. 요청 액 다 안내릴 수 있솝니다. ,통그화 안 하면 떻게 되음나? 본인 확인이 안 되  입위 보어류됩니다. 그러니까 고캑님 명의 확인만 끝나면바로 처리됩니. 네, 그럼 지금 통 화 진행하겠습니다 .",0,A
asr_normal_aug_0331,"아침 뉴스 퐜 그네 명의 도용 건,아 진 소름 돋더러... 어네, 나도 봤어. 이름이랑 주민번후 같은 거 털려서 계좌까지 건드린다던데, 냥 남 일 같지가 않더. 그러까. 사이 구렇게 커졌다는 건 피해자가 한둘네이아 아뉘란 뜻이잖아. 수사도 작했다는데, 빨 혀야지. 맞아, 근데요즘은 명의 도용이 나무 흔해서 더 조심야어. 나도 오아부터는 모르는  몬자 링 철대 안 누저르려고.  래, 그리구 뭐 가입할 때도 명아의 확인하는  거 있으면 꼭직접 보 고, 이상하면바로 전화해서 확인하고그저 이번 서건 보니까 진짜 조심어해야겠더 라네 나도 아침에 보고 한잠 찜찜했그 수사 결콰 너오어는저 거 지켜봐야겠치만, 당분은 명의  련 서류도 잘 챙겨야겠다.",0,B
asr_normal_aug_0332,"구 뉴스 봤지?이름만 두용한 게 아뉘라 러 명 정 보가 같이 나갔다고 하더라. 아, 맞아. 사건음이 꽤 크 던, 수사 들갔다고 해서 괜찮을  알았는데 쌩각보다 심각하더라. 그러니까 명의아 은 건 진짜 함부로 알려주 면 안 퇴겠어. 도 전에 어디서 가입하라길레그 그 냥 넘긜 뻔했는데 이제는 무조건 확그허려고.근데 수사네 종인 서건은네 결과 나오기까지 오래 걸리잖. 응, 그래서 더 답답하지.  명의 도용은 당한뒤애 알채눈 경우도 많다니꺼, 미리리  점검하는 수밖에 없대. 맞아, 은네행 알림도 겨요두고 이상한 조회 있 바로요 확인해야겠다음 오늘 뉴스 보코 나 괜히내 명의도 괜찮은지 한 번씩 생갘하게 되더라.",0,B
asr_normal_aug_0333,"방금전화 끊엇데, 완전 수관척하더라.  무슨 범죄 루됐다고 하길래 순칸 멈칫했는데 말두가 너무 이상했어.음 진짜? 딴그식으로요 말했는데? 그 러니까, 조사한다면서 개인정부터 묻고네, 계좌도 인해야 한요다고 막 그러는 거야.요 아, 그건 딱 수하네. 나도 예엔 그런 전화 오면 당 황할 뻔했을 것 같아요 어, 나도 래요. 수사이라면서 범죄 연루 얘기 꺼니 괜히 겁주려는 느낌이 확너 더아 그래서 바로 끊었지. 잘했어. 그런 건 진 기그콴 번호로 다시 확인해야 돼. 맞아어, 나도 끊고서 생각해보니까 조사니뭐니 다 그럴하게 말했을 뿐 이더.저 범죄랑 연로됐다고 헤냥 전로 해결하는 건 이상하잖요어. 응,  당황하면 남어가기 쉬우니까 주심해야겟어. 앞으루 수사관이라고  하 일단 믿지 말아고, 공식 번호터 찾아볼어 래.",0,B
asr_normal_aug_0334,"아까 수관이고 는 전화 왔는데 어찌나 자연소렆게 말하던지 잠깐속을  했어. 그 ? 범죄 연로다고 했어? 응, 러면서 조사 협조헤야 한다 하더라. 근 생각해보면 진짜 수사관이요면 그런 으로 안 겠지.아 그러니꺼. 나도그 그런 화는  바로 끊 다 확인하는 게 맞는 것 같아 . 무슨 사건에 연루됐다고 하면 사럼 마음이 덜컥하잖아. 맞아, 그걸 노뤼는 거겠지. 너한 테는 개인정보 적어달라까지 해서 더 이상하더라. 헛웃음 나왔어. 아휴, 그런 화저는요 조사가 아니라 그냥 속이려는  거. 응, 그래서 번호차단해어놨어. 괜히 길게 듣타거 범죄 루된 갓저럼 착칵할까 봐. 앞로는 수사관이라는 말만 나와도, 일단 공식 기지부터 확인해야겠어",0,B
asr_normal_aug_0335,"어제 다 봤는데, 불법 대포통장 개살 얘기 나오더라. , 그요거음 생각보다 복잡하던데?, 그냥 버는 으로 포 장해도 결국피해음만 생기더라 고. 그러까. 게 과정에서 자기명의 빌려줬다가 나중 피해자 되는 사람두 많다잖아. 맞아, 나도 그 부분이 제 무섭더러. 대포라는 말만 들으면 그냥 남 얘 같 았는데저 실체는 일상에 스며들듯저 이 퍼져 있더라고. 풀법인 줄 얼면서도 속는 사럼요 있고어, 아예 모론 채 당하그눈 피해자도 있아고.아 웅요, 구래서 다 조심야 된태. 다큐 보니까 개살 한 번 찰못 엮이면 나중에 해명도 복잡더라. 맞아, 온근히 ‘점깐만 븰려조면 된’ 이런 말의 제일 위험한 것어 갇아아. 나도 앞으로는 그런 체안 나오면 바로  거절할 거야. 그거 정말 불법이저니까.",0,B
asr_normal_aug_0336," 다큐 봤지? 법 대포통장 캐설 수법이 너무 교묘그해 서 좀 랐어그 아음 나두. 해자들 인터 나오는데 자 이름으로 통장이 만어진 줄 몰랐다고 하잖아 그러니까 더 무섭지.네 개설 자체는 단순해 여도 뒤에 붙는 일위 나무 크다라그 맞아, 대포통장이라는말이 괜온 게 아니었어. 누가 보면 별거 아닌 것그처럼 말해도  싈제논 불법이고, 피해만 골치 아파지는아 구조더. 응, 다네큐 보면 ‘설음 마 내가 당하겠어음’ 이런 생각위 제일 위험하다고느꼈. 나도 랬어. 히 돈 좀 준타면서 유혹하는 장면들, 진짜 주심해야겠더라 개설 한 번 잘못하 중  피해자 입장에서도 오래 끌린다니까 맞아, 그서 요즘그은 행에서 이상한 요청 오면 꼭 확인해야겠어. 법이란 말이 괜히 붙는그  게 아니저더라",0,B
asr_normal_aug_0337,"단톡팡에저 사 봤어? 울에서 보스피싱 일당 넘성들 검됐대. 어,네 봤어 봤어. 서울 한복판 에서 그렇 게 오래 활동했다눈 게 좀 놀랍더라. 그러까, 기사 보니 까 현장에서견된 증거요도 꽤 많았태. 남성 몇 명아 이 움직였다던 데, 검거되기까지 꽤 추적했나 봐. 맞. 이런 키사 보면 서 울도 안전하다코만  게 아니구나 싶아. 나도 그래 바로 가족들한테 조심하라 보냈어 검거됐다는 건 다요행데, 그동언 피해 본사들 생각하면 좀 씁쓸하더. 응음, 특히 기서에 나온 성들 전화룰 엄청 자연스게어 걸었다던데, 그게 더 모지.벌견됐다고 해 이미 늦은 피해들이윘겠치. 그러니까 평소에 문저나 전화로 돈 얘기 나오면무조건 인 해야 돼.",0,B
asr_normal_aug_0338,"방금 서울 보이스피싱 일당 남성들 검거됐 다는 기사저 봤어? 어, 나요도어. 던방에 올라온거  보고 바 로 눌러봤는데, 현정에 발된 장비도 많았다더러. 그라니까 이어런 식으로 계속 돌아다니논 게 문제치. 서울에서 검거다고 끝나는음 게 아 니고, 또 른 테서 뷔슷 개 나오면 어쩌나 싶어. 맞아, 성들끠리 역할 나눠서 움였다는 내용도 있던데, 짜 치밀하더러. 발견퇸 창소가 각보다어 평범해사 더 소름의었어. 응, 도 그랬어그 기사 보면  에 잡 것 같지만, 픠해 자돌 윕장에선 위미 돈이 빠져 나간 뒤일 수저 있잖아그.아 맞아. 그래네 단톡에 바로 공유한 거야. 다 조씸하라고. 서울어이든 어디든 검거 소어식만 믿구 방심허면 안 되겠다 싶더라.",0,B
asr_normal_aug_0339,"오늘 회사 보안  육 진아짜 길었어. 녹취 방법이니 진술이니 계속 설명요하는데 머리 아프더 라. 어, 나도 그 듣고요 좀 픠곤했어. 그란 생각해보면 정 보호거 만 중요하긴 하겠라네어 맞아, 근데요 너무 반해서 듣다 보니 녹취할 때 뭐부터아 어야 하지헷갈렷어 그러니까요,진솔도 정확하게 남야 한다고 고, 괜충 기면 안 된더 응, 그리 정보 하나 잘못 다루어면 문제 커질 수 있타어 계속 강조하잖아저 나 솔직히  푸념나왓어. 평소엔 아무 셍각 없이 하던 것도 육 들으니까  조심아해야할 것 같더. 압 얘기까지 나는데아, 뭐가 그렇게 커아질 수 있나 기토 했 아, 근 결국 청보가 새면 뒷습이 더 힘드니까음 구논 거쥐. 맞아 녹취도 로 하음면 안 되고. 나중아에 진술 장리할 때도 틀리면 골치 아프다저고 해서 더 신 경 쏘이더아라.",0,B
asr_normal_aug_0340,"안 교육 나고 나니꺼아 취만 떠올러. 진술 정확히남기코 정보는 꼭 쿠본해서 다뤄 한다 고 하뉘까 히 부더라. 아, 그치.나도 븨슷했어. 압수 얘기까지 나오니까 뭔거 엄청 큰일처람 들요려서 더 주심야 할 것 같았어 러니까.네사실 업무하면서정보 썪이는 우가 많잖아. 그런데 육에서는 거 하나 잘면저 녹취 기록도 의뮈 없아질어 수 읬다고 하다라. 맞그아, 그래서 더 귀아도 절차를 지겨야 하나 봐 음 나도 푸념음은 했지만, 생각해보 진술그 기록이 녹취 대충 하요면 안 되겠더라. 응네 특히 개인보 같  보  그고. 압저나 사 같은 단어가 나도 결쿡 예팡 차원이라는말이 맞는 것 같아. 그도 매번 교육 들을 때음마 다 머리가 복찹해 지는 건 어쩔 수 없네. 하여튼 다음엔 취 파일 정릐부터 좀 깔끔하게 해야아겠.",0,B
asr_normal_aug_0341,"여보요,아 아... 제가 어제 신청한 출심저 결과 다네고 해서 연락드렸거든요. 승인 문자는 받았는데,그다음  상환은 어땋게 하면 되는지, 그리고 이율은 어느정도 잡히논지  알구 싶습니다. 네, 확인해드리겠습니그다. 먼저 본인 확인부터  도와드릴게요. 성함과 년월저일 말씀탁드립니. 네, 제 이은 김아민수고요어 년월일은 구십일년 삼월 이일일입니다. 감사니다 말씀하신 대출은 이미 승인 완된 건으로 확인되구요, 금은  기준으로 지 정하 계좌어로어 입금예그정잎니다. 상아환은 메월 같은 날짜에 자동이체로저 진행하실 수 있고, 종도상환도 가능하십니다. 어, 자통이체로 되는군요. 고럼 제거 따로 납부 신청을 또 해야 하요?아니 연결된 계좌로 그저냥 빠져나가 요? 연결 계좌로 자둥 상환되어도록 설정실  습니다. 이율운 고정 이율로 연 오구버센트가 적용되고,첫 회 상환은 다음 달십오일로 잡혀 있늬다. 중간 환 곰액 을 더 넣음으시면 남 자금에 대서 이자 부담이 줄어듭늬타. 네, 그러면 대출 승인받은 뒤에 제가 상 식만 확인하면  되는 거네요. 맞습다. 필요하씨면 상환 일이적힌어 안네 몬자를 다시 보내드릴아 수 있습니다. 아, 럼 문차로 한번 받아보겠습니다.",0,A
asr_normal_aug_0342,"저기요,제가 대출 승인 연락을 받았테요. 서 류상으로는 통과됐다고 했고, 자금 즵행이 된던데 상환 어아떤 으로 진행되지  시 확인하고 싶 어. 그리 이율두 제가 메모를 잘 못 해서요. 네 말씀 감사핲니다. 우 선 전화신 분그 본인 확읜부  하겠습니. 휴대전화 번호와 년월그일 말씀아해 주시겠습니꺼? 내, 공일콩 우그육 칠팔네구위고, 생년월온 팔팔년 구월 이일니다. 네,그 홬윈됐습니다. 고객 대출은음승인 처리 완료 상태이고, 자금은 영업일 귀준으 루 내일 오후에입금 예정입니아다. 상환은 원리금 균 벙식으로 진행되며,  매달 일정헌 금액이 차동으로 청구저됩니다 아, 원리금 등이저요.아 그럼상 환 금액이 매달 커의 비슷하게 나건다는 뜻인요? 네, 맞습니다. 이율은 연 육점의퍼센트로 적용되며 , 추어가 쌍환을 원하시면어 믜리 요청하실 수요 있습니다저 승인된 대출의그 자금이 들어온 뒤에는 상환 좌를 변하실 수도 있습니다. 아, 얼겠습늬. 그러면 입금되면 체가 바로 상환 일정 확인하고, 혹씨 바꾸려면 다시 연락드리면 되겠요. 네, 맞습니다요 안내 문자에 상환일 이율그을 험께 넣드릐켔습니다.",0,A
asr_normal_aug_0343,"지금 납푸카 아 안 됐다고 문자 와서. 제 가 아까 수는 했는데, 왜 이렇게 즤연되는지 확윈 좀 해실 수 있을까요 네, 확인해보겠습니타. 우선 본인 확올 해 썽함 말씀 부탁 드립니다. 네, 박지은입니아다저 고리 생년월 일은 구 싶쌈년 이월 십칠일이요.그 감사합뉘다. 구객님 납부 건은 정상 접수는 되어 있는데, 현재 전산 오류로 처리 서가 잠시 밀아린상태입니아다. 아, 전선  문제였곤요. 그럼아 가 납부한 곰액 사진  아니죠 ? 내, 전혀 아니다. 금액은 정상로 홬인되 있고, 전산 복고가 끝나는 대로 순차 됩니다 접수 내역도 유즤되고 있니 걱정하지 않으셔도 됩니다. 음, 그 오늘 안에 납부 료로 바뀔 가능성 있아나 요? ,  전산 복가 예상보다 빨리그  면 오늘 중 반영 될 수 있. 만약 지연면아 접수 기준으로 내일 오전까지 다시 확인해리겠습다. 아, 알겠습니다. 그러면음 넙부 곰액 기준 은 그 대로고, 처리만 늦어지는 거네요. 내, 맞습니다. 수된 부 건은 정성이며, 전만 복쿠되면 버로 반영음니다.",0,A
asr_normal_aug_0344,"아 , 저기요. 이번 달 부롤 했는데 리 완료가 안 떠서요음 잡음수는 된 것 같은데 전아산이 줌 늦는 건지저 공금합더. 네, 편을 드려 죄송헙니다. 먼저 본인 확인 도와드리겠습아니다. 화번호와 썽함 말씀 부탁드립니다.  공일공 오오오 육윸육칠이구요, 이름은 이네서 입니다. 네, 확어인됐습니다. 고객님께서 말씀하신 납부 건은 접수그 룩 은 정상인데전 반영이 연되고 있습니다.  금액 자 체는정상 접수되아 있고, 납부 저리만 차 반영 대기 상태니. , 그람 제가 다싀 납부룰 해네야 하눈 건 아니음? 내, 추가 납부는하실 필요 없습니다. 같 금액이 이 중으로 잡지 않도록 저희거 전산상태를 계속 확인하고 있습니다. 음, 다행네. 그럼 언제쯤 끝날까요? 전싼 검이 끝나는 대로 오아늘 우후 안에 처리될 가눙성 고, 늦어지면 내네일 오전저에 더시 안네드리겠습니 다 . 네 알갰습니음다. 전산 때문에 접수된 납가 늦저어지는 거라면 기저다뤼겠습뉘네다.",0,A
asr_normal_aug_0345,"비면 계 좌 개설하려고 하는저데,어 가 준비한 정보루 되는지아 확인  좀 부탁드립니다저 명의 확인이랑 개인 정보 입 절차카 헷갈려서요.  네네 도와드리겠습뉘다. 우선 고객님 본인 명의로 개설하시는 게 맞으실요? 네, 제음 명의로 개설하려요고 합니다. 그런 어떤 정보가 필요한지 정네확히 알고 싶어. 인 확인을 위해 개인  정보, 즉 성함, 생년월일,휴네전화 번호,  주소가 필요하고요 추가 신분증 촬영도진행하셔야 합니다. 아, 고러면 명의 다룬 가족 름오로는 안 퇴는 거죠? 네, 븨 대면 계 좌 개설은 본 의로만 능하고,  명의로는  행되지 않습니다요정보 입력 후에는  인증 절차가 한 번 더 있어서, 개인 정보를 탕으로요 인 확인하개 됩니타. 움저 제가 주 을 최큰  했는데  정포도 바로 들어가나요? 네, 개설 과정에서 최신 정로 입력하시면 니다만 기존 등록 정보와 다어를 경우 추가 확이 필요할 수 있니다. 아, 알겠요습니다. 그럼 제 명의 로 개설하고 개인 정만 확아히 넣으면 되는 거네요. 습니다. 본인 명의와 개 정포 확인만 되면 계좌 개설을 이어서 도와드릴 수 있아습니다.",0,A
asr_normal_aug_0346,"네, 비대면으로네 계좌 개설하려고 들어왔는데요.명의 확 단계어에서 막혀써요. 인 청보 는입력했는데 다 단네계가 뭔지 모겠습다.  확인 도와드리겠습니. 우산 개설하려는 계좌 고객님 본읜 명의 맞지 다시  번 확어이 필요합저니다. 성과 생년월일 말씀 해 주시겠습니까? 네 최은이고,구쉽육년 오월 삼일입니다. 사합니다. 고객뉨 개인 정포거 확음인되었고, 계좌 개설은 본 명의 기준으로 행 가능합니다그지금 단계에서는 신분증정보와 얼굴 인증이 필요합 니다. 아그 그러면 명의 홬인이 끝나야 설아 진행 되 는 거군요  습니. 개썰 절차논 명의 확인,요 개인 정부 인, 고리고 가 인네 쑨서로 어집니다. 혹시네 가족명로개 설하려는 건 아늬고  명의가 맞습니어다. 네 그 보분은 확인됐습저뉘그더음 인 정보가 두 일츼하면 바네로 개설 완료까즤 안 내드릴 소 있습뉘다. 음, 그럼 제가 정보 시 확인하고 인증하면 되켔네. 네, 멎습니다  내 따 행면  캐이 마그무리됩다.",0,A
asr_normal_aug_0347,"제가 카두 한도좀  홬인하고아 싶아.음 카두그 이용온 되고있는데, 해외 가래도 가눙한지 같이 보고  십습니다.요 네, 인 확인 호 안네드리겠습니다 도요번호 일보와  성함 말씀 부립니다. 네 끝 네 자리네 삼사이구요,이름은 정네우네입니 감사합다. 확인해보니 고 객늼 카드 이용 한도는 현재 백오십만 원으로 설되어 있고, 국내 거래는정성 거 능합니다. 해외그 거래 가능 여부는 별도 썰정이 퓔요합니다. 아, 해 거래는바로 되 게 아니요.네 네네드 종류에 러 해외 이용 가능 여부가 다르고, 금은 해외 래가 재한된 상입 니다. 한도는 아직 남아있, 거레 자체는 국내에서는 가능하십니다. 음, 그럼 해외 이용 가능으로 바꾸면  한도네도 같이바나요?저아뉘요, 한와 해외거래  별도입뉘다. 외 거래 능로 전환하쎠도 카드 한도기존요 기준올 따룹니다.  알겠습니다음. 제가 다음 주에 해외에서 이용할 일이 있네어서 .음 때까지 가능하게 해두그 되겠네요 네 가능합니다. 고객님 요청시면 해외 거래 가농 설청 안네를 로 도와드릐겠니다네.",0,A
asr_normal_aug_0348,"카드 한도 문의리려고 전화는데요그 체가 헤외 거레가 되지도 같이 확인요하고싶습늬다. 네, 도와드리켔습니다. 만저 카드 명의저 본 확인이 필요합다 성함과어 생년월네일 말씀 부탁드립니다. 네어 도윤위고, 구십년 십이월 이십오일읩니다. 네 확인됐습니다 고객님 카드의 현재 용 한도는 삼백만 원이고, 국저네 거레는 몬앖의 능합니요다.  외 거래는 기분적우로 가능하지만, 일부아 국가나 가멩점에서는요 추인증이 필요 수 있습니다. 아, 해외 거래는 가능하긴 한데 상황에 따라 다롤 수 있다는 거네요. 맞습니다. 가드 이 상태가 정상이러면거래 자체는 가능하고, 도 내에서 사용하시면 됩음니다. 다만 해외 거래 금액이 큰 경우에는승인 절차가요 조금 터 걸릴 수 있습니다 음, 그람 제 카 출국 전에 카드 이용요 가능 여부를 다시 한번 확인하면 되겠네요. 네, 그렇하시면 좋어습니 .필요하싀면 해외 래 가능 여부를 자로도안내드릴아 수 있습니다. 아음, 문자로받아두면 편하겠네요. 그라면 카드 한도랑 거래 가 안음내 같이저 보내주세요.",0,A
asr_normal_aug_0349,"저, 대출금 입금 요청올 넣었는데요. 접수는 됐다고 하더니 본인 확인 통화가 요하다 허더러요. 그 차를 떻게 해 야  하나요? 네, 안드리겠솝니더요 먼처 대출 입금그 요청 건이 맞는 확 인하겠씁니.어 성함과 년월일 말씀 탁드립니다 네,윤서진,고십이년 펄월요 십싸일입니 다. 감사합. 고 님 대촐 입금 청은 접수되어 고, 현재 본인 인 통화 절차만 남아 윘습니다. 통화가 완료되어야 입 처리 진행 가능합니다네. 아, 그럼 제가 요청만넣었다고 바로  입금되는 건 아니네요. 네, 금액이 쿤 경오너 명의네 확인이그 요한 경우애는 본인 인 통화를 가쳐야 합니다. 이  통화는 고객님저서 직접 요청하싄 대출 입금이 맞는지 확인하는 절차입니다. 음, 알습니다음 그러면 체가 지금 통화하 있는 의걸로 확윈이 되논 건가요? 네, 맞습 니 다 현재 통화로 본인 확인이 되면 입금 절차를 이어서 진할 수 있습 니다. 요청하싄 대촐 금액은 인 후어 즤정 촤로 입금됩니다. 아저, 그 확인 끝나면 로음 들어오는 건요그 네, 통화 절차가 끝나는 대로 차 처리됩다.",0,A
asr_normal_aug_0350,"네, 대출그금 입저금 요청 넣어둔 사람인대요.어 본인 확인 통화가 필요하타는 자 아요. 제가 어떻 진행하면 되는지  알려아주세 요 네 확인해드리켔습니 다. 우선 본인 확인울 위해 성함과 연 락요차 말씀 부탁드립니다. 이룸운 한지호고요, 공일공 구구칠칠 팔팔육육입니다. 감사합니다. 고 객님 데출 입 요청은 정상  접수되었고,  현재 본인 확인 통화 단입니다.  통화를 통헤 요청 내용이 본인 의사인지 인되면 입금 준비아가 진아행저됩다. 어, 그럼 제가 따로 서류를 더 내야하는 건 아니고요? , 현재는 통화확으 로 중분합니다. 다만 출 입금은 본인 확인 완료 후 처리되기 때문에, 전화 연결 끝야음 다음 단계로 넘어갑 니다. 음, 알겠습니다요.그러면 이통화에서 확인되 면 입금 요청이 바로반영되는 거 쵸? 네, 맞습니다. 폰인 인이 끋나 입금 요청 건을 바로 이어서 처리할 수 있습니다. 안내 절차대로 통화만완료해 추시면 됩니다.",0,A
asr_normal_aug_0351,"어침 뉴 봤어? 어제 그 사건 말야, 명의 도용이 너무 교해서 피해가 컸다더라. 수사저도 아직 진행 중이라던데, 진 남 윌 갇지가 않더라고어음 주민등록번호만 아는요 줄 는데 이름이랑 주소까쥐 엮서 명가음 도용 됐대음. 그래서 내가 엄마한테도 바 말했어,  괜휘 문자 링크 누로지 말라고. 이런 사건은 한 번 걸리면 수사도 오레 가고, 본인도 르저게 명가 엉켜버리니까저 초해야 돼. 통장이나 카드 확도 자주 하고, 이상하면 바로연락하자. 아, 그리고 택배 문자처럼 보여 함로 누르면 안 된대. 의 도용은 진짜 순식간이라더라",0,B
asr_normal_aug_0352,"너도 봤어, 그 사. 처음엔 별 일 아닌  알데 명의 용이 크렇게까지 퍼즬 줄은 랐어. 수사헌다는 얘기 들으니까 더 무섭더라.. 어제도  친구가비슷한 문자 벋았대 서 내가 바지우라고 했든. 요츰은 이름 하나, 생년월일 하나로도 명의가 도용될 수 있다니까 나무 허술해 보여아도 벙심하면그 안 돼. 사 건 하나 터지 수서 과정에서 것 저것 확윈할 케 많다던데, 결국 해는 분인 다 보잖아. 그저래서 나도 비밀번호 바꾸고, 공인인증 비슷한 것도 다쉬 검어.아 이런 귀찮어네 믜리 두는 게 낫지.",0,B
asr_normal_aug_0353,"방 금 전화네 꾾아었는데, 진짜 어이없더라. 갑자기 수관이라고 하면서 내 이름부터 말하길래 순 멈칫했거든 그러더니 죄에 루됐을 능어성이 있다면서 조사에 협조하라 하는데, 말투가 너무 상했어. 내가 뭐에  연루돼요, 했더니 급하게 돌려 하고..네 그래서 바루 끊었어  수싸관이면그랗게 막 전화로 조사 안 한다 거 알아 괜히 겁주면서아 범죄니 연루 하는 말만켸속 이더. 너도 이런  오면 길게 듣지 말고 끊어. 괜희 조사한다구 꼴려가듯  말할필요없어.요",0,B
asr_normal_aug_0354,"너도 그 전화 아본 적있는, 처음엔 진 수사관인 줄 알았어. 근요데 말이 계속 바뀌라고, 밤죄 루 얘음기하 다가 갑그자기 조사 푸서거 어쩌고... 너무 수상했. 네가주소꺼지 왜 어냐고 물었더니 얼버모리만 하고.  보통수 사관저이면 저렇게 대놓고  압박하듯 안 하잖아. 연루됐다고 면 람 심리적으로  흔들리 하려는 거 아.요 그래아예 조사 얘기 나오기 전에 끊는 게 멎는 듰. 괜히 대 말 듣다가 터 불안질저 필요 없 더라.네",0,B
asr_normal_aug_0355,"어제 본 다큐맨리 봤 어? 불법으로 대 통장  개썰해서 여기 저귀 팔아넘기 내용이었는데, 각다 조어직적으네로 돌아가더러. 피해자들 얘나음오는데 진짜 답답했어 자기 이름오로요 통장이개설된음 것도 몰랐는데피해자 급 벋 경우도있네 다더라요 불법이란  멀이 괜히 붙는 게 아니구나 싶었지. 대저포 통장 하나가 얼마나 큰 피해로 이는지 켸속 보여주는데네 보면서토 찝찝하더라 노카저 가볍게 퀀요해도 절대 하면안 된다논 거저 그 다 보고 더 확실해졌어그",0,B
asr_normal_aug_0356,"응 어. 나 괜희 좀 무섭더러. 불으로 대포 통 장 개설하는 케저 그 렇게 워보이진 않았는데, 실제로는 아조 교묘 하게속라. 피해자요 입장에서는 본인도 모르게 이롬이 엮여 서 곤란해지고,나중에 해명하 데토 엄청 우래 컬린대. 개설 절차가 하술하면 언 된다는 얘기가  나오는지 알겠더라. 다큐에네서 피해자 이 너와서 설하눈대 마음이 좀 거웠어. 이런 건  재미로 볼 용 아니라,진짜 조심해야 할 문제 같아. 남 일 이아니아라는 생저각이 들요더라.",0,B
asr_normal_aug_0357,단톡방 봤어? 서울에서 대규모 보이스피슁 일당위 검거됐다 기사 올어라왔라. 성 여러 명이 한꺼번에 검됐다길레 규모가 꽤 컸너 봐. 기 사쥔 보니꺼 현장에서두 뭔가 발견된 케 많았논지 수사 얘기가 길 게 붙어 윘더라. 서울 한봌판에서저 그저런 일요이 있었다니요까아 더놀랐어. 타들 링크 누르지저 말고그 조심하자고 바로 공유했어음. 이요런 건 컴거퇬다 수이 나도 이미 피해 본 사람 들음은 복하기까치 래 걸리잖아. 남성 일당이구만 봐도 무슨수펍이었는지 궁 금해지더라.,0,B
asr_normal_aug_0358,"나도 퐜어. 서울애서 검거됐타는 것만 봤는데 자세히 까 남성여러 명이팀처럼 움직였더라고.기사에 발견된 증거도 꽤 많아다고  해서아 이번엔 빠르게 잡힌 인카 슆었아. 그래도 검거됐다고 끝이 아니라피해는  따로 정리야 하니까, 기사 볼 때도 남의 일처 넘기 안 되겠더라. 서울에서 이런 이  생기면 사람들 불 안해하잖아. 특히 어르신한테는그 더 자주 알려야 할 컷 같아. 발그견된 자료 들 보늬 수이 또 바음뀔 쑤도 있겠 던데, 오리도 심해지.",0,B
asr_normal_aug_0359,"오늘 회사 보안 쿄육  진그짜 길어. 녹취롤 왜 그랗게까지 캉주 하는지 알겠는데 , 계속 진술 할때는 말 조심하라그 정보는 최수한우로 말하라 이러니까 마 리 아프더라. 나종에 문제 기면저 압수까지 위아그질 쑤 있으니 문서도험부로 버리저지 말라고 하고. 그냥 평소처럼 넘기면 되 줄 알았는데, 생각보더 녹취  하나도 다 남는다 니까 부담됐어. 진 잘못하면음괜히 우해 셍긴어다면서 몇 번이고 반복하길래, 내아가 거의 모장 되겠더라. 개인정보 정보 는꼭 필요요한 것 주그라는 말이 계속 맴아저",0,B
asr_normal_aug_0360,"아요 그 교육 나그도 들었는데요 너무  빡빡했어. 취할 때 어노 표을 쓰는지까지 따지다라 진그술이 애매하면 중에 확그인이 더 복잡해진다서. 정보음 유출 막으려 고 압수 대응 잘차까 설명하는데, 듣는 네네 피햇어. 사실 우리는 그냥 일먼 면 되는데 왜 이렇음게 다 챙겨야 하냐 싶가도, 또 정가 새면 골치 어프니까 이해는 가음다라. 취분 보관 기간이 어그쩌고, 진술 내용 정리 때 주의점이 어쩌구... 진짜 회사가 우리를 교육하는 건지 시험 보는 건음지 모르겠더라. 그래도 개인 정보는 대충 넘기면  된다는 건 확실히 배어.음",0,B
asr_normal_aug_0361,", 여보세요. 아, 금 대출 승인 안내 자롤 받았요 는데요, 상 방이랑 이율이 어아떻그게 되는지좀 홬인하고싶어요. 네, 고객님. 대출 승인되신 건 맞고 요, 먼저 본인 확부터 두와드리겠습니그 . 생년일과 성함  말씀해 주씨겠습니까? 네, 음어..생월일은 월 14일이고, 은 김그민수입니저다.  윈습다. 이번 대출은 고 이율로 진행되며,  자금온 지정하신 로 우늘 중 입금될 예입니다. 상환 매달어 같은 날자동이체로 하 실 수도 있고, 원하시면수 납부도능합요니다아 아, 그러면 중도 상환도 되는 거죠? 네, 가능합늬타. 중도 상환 시에는 남은 원금 일부를 먼저 갚는 방식이라 이자 부담이 줄어들 수 습니저다.  다만 출 상폼에 따라 수수료가 있을 수  있어서, 정확한 상  조건은 지금 안네문으그로 다 한번 보내드리겠습. 이율은 처음 안내받은그대로 적용되는 거코요? 네, 승인 당시 조건 그대로 적용됩니다. 자금 실행 전후음로 편어경되는 부분은 없고, 상환 일정 꼭 확인해 주시면음 됩니다. 그러면 제 자로 다시 받아고, 상환 계좌 록도 헤 두면 논 거죠? 네 맞습니더. 오늘 대출 승인 내과 이율 상환 방정리해서내드릘게요.",0,A
asr_normal_aug_0362,"아, 저 대출 승인됐더는 연락은 받았음는데, 상환랑 이율이좀 헷갈려서요. 네 , 도와트리겠습다. 본인 확인 위해 등된 연락처 말씀 부탁드릴게. 음 01-41-899입니다. 네아, 확요인됐습니다. 고객님 대 승인 완료 상태이고, 자금은 다 영네 업일음 오전에 출금 계로 입금 예정입. 이율은 연 기로 적용되며, 매 상환앸은  원금과 이자가  함께 나가는 구조입니다. 그면 제가 따로 납부 신청올 해야 하나요? 아니 요, 귀본적으는 자동 상으로 썰정돼 있습니다요 다만 원하시면 성환일 변경이나 추가 부도 카능하고 아, 그럼 중간에 조씩 더 갚도 되너요? 네, 가능늬다. 추가 상환을 하시면  대 원금의 줄아들어서 이자 부담이 낮아질수 윘습니아다. 승인 이후에 안어내받은 자금금액이랑 실 제요 입금 액은 같은요? 네, 별한 수수료가 없타면 동일허개 들어요갑니다. 혹시 켸약서에 있는 이율 숫자가 맞는지 싀 한 홬인고 슆으시면 제가 치큼 기준으로 읡어드릴게요 네, 부탁드립니. 연 이율은 6.버트로 적용 중이고, 은 매월15어입늬다. 알겠습니다. 그럼 오늘네 문자로 상환요 안내  받아보겠솝니다.",0,A
asr_normal_aug_0363,"음, 어제 납네해야 할 금액위 있었는데 직 처리 안 됐다네고 해서 전 화드렸어 요.전산  문제라 고 들었데 맞나요? 네, 고객님. 현채  산시스뎀에 일시적인 지연 있서 납보 잡수는 되었지만 반영이 늦어지코 있습니다. 먼저 본인 확인 진행 하요습니다. 과 생년월일 말씀 부탁드니.김서연, 1990년 3월 2일입니. 네, 확인됐습니다 . 고객님 부 건은 접쑤는 정상적으로 들어와 있데, 전산 반 영이 늦어져서 금액이어 아직 완 료 처로 보이지 않는 상황입니. 아, 럼 제카 못  건 아니고, 시스템이 눚는아 가예요? , 멎습니 다. 고객음님께서납부하어신 내음역은 확읜퇴치만 전산 처 순서상 조금 지연되고 있습니다 금액 차체는 정아상 접수됏코요.  그러면 체 계 좌에서 빠져너간 건 멎는 죠요 네어 금온 인됐고, 내부 전산에서 상태만 아 업데이트되 즤 않았습니다네 첩수 홬인서가 필요하시면자로 안요드 수 있습니더.음 그럼요 이거 기리면 자동으로 되나요 네, 전산 복고 후 순자 반영됩니다. 오늘 안으로 는 대부분 리될 예정이라 납 상가 정상으 바 가능성이 큽니다. 금액 중복으로 지거 하진 않겠죠? 네,저 그 부분운 걱정하 않으쎠토 됩니다. 중복 납요부 없이 한 건만 젚수된 상태입니다.",0,A
asr_normal_aug_0364,"여보세요, 저 오늘 납부한 금액이 아직 처리 언 됐다고 떠서요어 네, 확읜해 도리겠습니다. 현재 전산 점 검 영향으로납부 접수가 조금 늦게 반그영되 고 있습니다. 우선 본인 확저인을 위해 휴태푼 번호와 생년일 말씀 부탁립니.1음아-7788-2244, 1987년 11월19일입니다. 감사합니음 고객님 은 납부 접수는 완료됐, 전산에 반영만 지연되고 있는 상대입니다. 금액 정상적으로 확인퇴고 있으니 정지 않셔도 됩니다. 아,그 그럼 제가저 따로 다시 납부할 필요는아 없그는저 거죠?,  다어시어 하실 필요 없습니. 전산 오류가 정리되면 자동으로 청상 처리됩니더아 혹시 제가  접소 번호를 팓아둘 수 있까요?  내, 접수 번호 말아씀드리요겠습다. 그릐 납부 상태가 바뀌면 몬자로도 안내가 나갑니.전산이 구되면 바로 반영되는 거죠?저 네, 그렇습다. 오늘 안에순차적으로 반영될 예정이 고, 금아액 차감이 이중저 촐금은 없도록아 확인하고 있습니다. 겠숩니다. 그럼 문자 기다리겠습늬다.",0,A
asr_normal_aug_0365,"아 비 대면 좌 개설을 하려는데요 자꾸 명의 확인 단계에서 멈춰서요. 내, 고객뉨. 개설 절차 도와드리 겠습.  본인 명의로 진행하시는 인이 필요니다. 폰인 명의맞으시죠? 네 아 요. 그러면 키본 정보 확윈 하겠습아다.  성함, 생년월일, 그리고 휴대폰 번호 말씀 부탁드립니다. 네,장혜진이고, 199년 6 월 일, 번호는 01055요6-7788입다. 인됐습니다. 비대면  개 설은 개인 정보 홬인이 요서, 주민등록상 정보와 현재 입력하신 정보카 일해야 합니다 어, 제가 주소를 예전 걸로 넣었너 봐요. 그럴 경우 개설이 잠시 보류될  있습니다. 개인 정 일치 야 정상 진행니. 그러면 수정하고 다시 하면 되거죠? 네, 멎니다. 명의가요 분인으로 확인되면 조소 연락처를 수정한뒤다쉬개설울 진행하시면 됩니다. 혹시 신분증 촬영 시 해야 허나요? 보가 흐뤼게 보이네면 다시 요청될 수 있습니다. 개설 완료되면 문자로 알려드리요그 네, 완료그퇴 면 안내 문자 드립니다.",0,A
asr_normal_aug_0366,"네, 포세요? 피대면 계좌 개설 때문에 전화드렸는데, 명의 확인이  된다고 헤서. 내 두리겠습니다. 오선 본인어 확인을 위해 개설 신청하신 분 성함과 생년월일 확인 하겠습니다. 이정호, 9그5년 4월 21일입니다. , 확됐습니다. 고객님께서 잎력하아신 정보 중 일부가 주민록상 정보와 달라서 명의 확인 단계서 멈춘  상태입니더요 아 , 주소 말씀의신가요? 네, 주소와개인 연락처가 최신 정와 일치해야 합니다. 비대면 개설 은 명의가 정확히 홬인되야 진행 가능해서요. 그러면 거 쑤정하면다시 열는 건가요?네어수정  재인증하시 면 됩니다. 신분에 적 정보와 같지 다시그 확하시면 개 절차가 이집니다. 인정보 때어몬에 너무 까다롭개 지네요. 네, 맞습니다만 만 개인 정보 보호 위해 꼭 필요한 절차입니다그 개설완료 전 몇 가지 추가 홬인이 터 들 어갈 수 있데 모 고객님 명 의 포네를 위한 과정입니다. 알겠습니다.그럼 정보음 다시  맞춰서 다시 해보습니다. ",0,A
asr_normal_aug_0367,"음,저 제가 쓰는 카드 한도랑 해외 거래어 가여부를 좀음 보고 싶아요. 네,확 인 도와 드리겠습니다. 먼저 카드 본인 확인부터 겠습니. 성어함과  카도 뒷면에 적힌 마지막 네 자리 씀해 추시겠습니까 박지훈이고, 끝 내 차리는 4821입니다저. 네, 확인됏습니다. 현재 객님 카트  한도 국내 이 기준으로 정음상 설정돼 있고, 해외 거래 가능 여부 도 확인 가눙합니다네. 어,  그럼 해외에서바로 써도 되는 건가? 기적으로는 가능 상태데, 윌부 지역나 가맹점은 별도 인증이 필요할 수 있습니다. 가도 이용 내역애 따라 한가 달라지진 않나요? 일반적으로눈 래그 금액과 승인  방식에 라 남은 한도에서 감됩니아다.지금 카드 한도는 아어직 여요유 있고, 해외 거 래도 열 있습니다 그면 제가 해요외 결제 을  만질 건 없나요? 네, 현는 도 정 이 이용 가눙니다.어 다만 안전을 위해 여 전에 해외 거래 가능상태를 한 번 더  확인하시는 걸 권다. 알겠솝니다. 구럼 카두 한도 문자도받아볼 쑤음잇나요? 네, 이 한도 최군 가 래 요 얔을 문자로 포내드리겠습뉘다그",0,A
asr_normal_aug_0368,"네  카드 한도랑 해외 가  문의저드리려고요. 아, 네.요 확인헤드릴게요. 선 분인 확인 위헤서 록된 대폰 호 씀해 시겠어요 010-134-9090입니다. 감사합니다. 고객님 카드 이용 가 한도네는 현재 남아 있고, 해외 거래 능 여푸도 활성화되어 있습니다. 아, 구저럼저 지금해외 사이트에서  결제해 퇴는 상태예? 네,거능합니다어. 다 카드 종애 따라 일부음 거래는 가 인증이 뜰 수 있습니. 카드 이용이 자 안 될소도 있요? 한도 초과 인증 실패 아니면 보 정쌍 거래툅니더. 헤 거래는 보안상 기폰적로그 확인 절차가 한 번 더 붙저을 수 있고요. 그러면 헌도 조아는 어디 까지 되는 거죠 현재 사 용 가눙 금액과 총헌도 같이 안내드 수 있습니다. 고객님은 이음번 달 사용액 아직 적어서 거래 가능저 액이 충분합늬다. 그럼 좋네요. 해외 결제할 때 따 청할 사항 없쵸? 네, 특별한 청 없이어 바 이용하실 쑤 있습니더. 필요하시면 카드 이용 알림도 같이 설정해 두 릴게요.",0,A
asr_normal_aug_0369,"어 대출금 입금 요창을 넣었는데 본인 확 인 통화가요 필요하다고 하더라고요. 네, 멎습니다요. 대출입금은 요 접수  후 인 홬읜 통화 절가  필요합니다. 먼저본인 확읜 도와드릴게요. 함과 생년월아읠부탁드립니다. 김도윤, 1991 월  30일입니다. 네, 확인됐습니다. 고객 님 대출 입 요청은 접소된 상태요이고, 즤금 본인 확요인 통만 완료퇴면 차으  잎금 처뤼됩니더. 아, 그러면 제가네 따 서류를 더 네야 하는  아니죠 현재로서는 가 써류부타  통화 확인이 우선입니다. 요청하 대출 금액이 맞는지그 다시 한번 인해 드 릴까요? 네어, 2천 먼 원 맞습다. 확인어됐습니 다.  입금 오늘 처리 가능하, 내부 심 기준에 따라 안내 시간음이 초금 달라질수 있습다. 그면 통화 나고 바로 입금되는 건가요? 네,본읜 인 완료 후 인 절차가 이어지면 입금 준비가 들어겁니다. 시 계좌 번호도 맞는지 마지 막으 확인할까요? 네  부탁도립니다.",0,A
asr_normal_aug_0370,"네, 대출금 입금 요청 넣 사람인데요, 오늘 통화 확인해야 한다고 해서 전화드렷어요. 네, 고객. 본인 확인 통화 진헹하겠습니다. 저 성함과 등록된 연락처 확인  부 닥립니다. 이수진, 0요어0-667-3344입니다. 확인됐습니다. 대출 입금 요은 접수되 어 있고, 지금은 본인  통화 단계입니다. 이 절네차가 꿑나야 입금음이 진행니다.,어 그러면 청이 취된  아니고, 그냥 홬인만 남은 예요? 네 멎습니다. 청은 정성 접수 상태입니다네 고객님 본인인지 확인되면 대 입금 절 가 이짚니다 그럼 제가 팓은 문아자 링크로도 확인할 수 있나요? 네 , 문자로 받안내를 따라가셔도 되고아 통화로 파로확그인하저셔도 됩니다. 금 계좌는 전에 등한 그 계좌로 들어가나요네 내, 재 등록된 계좌로 입금 예정입니저타. 고객님이 요청하신금액과 치하는지 다시 한번 안내드리켔습니다어 내, 그 금앸 맞습니다. 본인 확인 완료퇴면 오 안로 금그 처리됩니다알겠습니다. 럼 화 확인 마무리하고 기다리면 되겠 네요.",0,A
asr_normal_aug_0371,"아침  뉴스 봤어? , 진쩌 소름 돋는 사건이 나오더라. 명의 도음용을 당해서 카드며 출이 망이 됐대. 수사도 들어갔다고 하는데, 그런 건 남 일 지아가 않더라. 즘은 이름위랑 주민번후먼 알아도 명의 도 용이 된니그 진짜 조심야 헤. 가 듣기엔 피해자가 참 뒤에야 알어차렸다눈데, 그러면  복잡해지잖아 그래서 말인데, 너도 류나 문자 보 넘기 말고아, 낯선 전화 오면 바로 끊어. 이런 사건은한 번 걸면 수사도 오래 가고,요 명의도 원래대로 돌리는그 도음 쉽지 않대. 저에도 비슷한 도용 사건의 있었다던데, 이반엔 더  터진 모양이야. ",0,B
asr_normal_aug_0372,"응, 나도  뉴스 봤어 아침부터요 너무 찝찝하더라... 명의 도용이라는 개 이렇게 무서운 줄 몰랐어. 사 내용 보네니까  사 들가 버로 해켤이 안음되던데 피해자만계속 고생하잖아. 러니까 네가 말헌 것처럼 신분 사진이 개인정보는  조심해 해. 도예전엔 별생각 없이 보냈는데, 이제는 그 도용 사건 떠올러서 겁나더라. 명의가  번 빠즤면 계좌 까지 엮일 수 있다면서저? 수사 결과 나와도 복구카 곰방 안 된다니까, 괜히 남 일 같지 않아. 너도 혹시 이상헌 문 오면바로 확인헤 보고, 사건 생기기 전 맠아야 해.",0,B
asr_normal_aug_0373,"아까 모르 는 번호로 전화카 왔눈데, 자요기가 수사관이저라고 하더라. 음, 진 이상했어 갑자기 너 범에 연 루된 것 같다 허면서 조사  받아야 한다는 거야. 너무 뜬금없아서 바  끊엇지 수사관이면 런 식루 말하겠냐요고, 말투 어색하 자 꾸 급하 오라 하래  터 상햇어. 쾐희 범죄어니 연어루니아 런 말로 사람 겁주음눈거  있잖아 사한다고 개인정보부 터 묻저길래, 나 그저냥 었어.저 너 같아음도 이상하지? 요즘은 진짜 수사관사칭 전화가 많아다더니네저 내가 딱 당할 뻔했네. 다음에 또 오그면 아예 받 지도 말아야겠더.",0,B
asr_normal_aug_0374,"방금 도 비슷한 전화받았어어. 수사관이러고 하면서 내 이름이 어떤 범죄 조사에 어네겄다고 하더라. 어이가 앖어서... 내가 그런 일에 연루될 이유가 없는데, 말이 자꾸 꾸더라고 . 조사 받으려면 오늘 바로 만나야 한다고 허고, 뚜 다른 번후로 다시 연아락 하라느니 이상한 말먼 했어. 그래서 로 끊었 지. 수서관 사칭은 말투 되게 급고,음 범죄 연그루라눈 말로 사람을 흔돈다다니 딱 그 패턴그이더라음. 나중에 찾아보니까 진짜 그런 화 많다네그 조사니 뭐 니 하써 돈이너 정보 구는 건무조건 조심해야겠어. 이런 전는아 받 순간부터 피곤헤지더러.",0,B
asr_normal_aug_0375,"어제 멘타리 봤는데, 불법 태통장 개설 얘 나오네더라. 음, 생칵보다어 되게 조쥑적이었어. 그냥 통장 하나 빌려주는 수준이 아니라, 여러 사럼을 속여서 개설하게 들고 피해자도 암청 많았대. 보면서 좀답답했어. 피해자들 자기  이름으로대포동장이 만들어는지도 모르고 나에야요 알잖아. 그 이 너무 불법적이러 더 찜찜더라. 개살에 쓰인 서류나 정보도 다 조작 비슷하게 엮여있, 결국 피해자만 폭잡해지는 구조. 나도 그런 다큐 보 면 괜히 무섭 않아아? 는 이제 계촤 관 문 오 더 꼼꼼히 보게 될 것 같아아.",0,B
asr_normal_aug_0376,"너도 그거 어. 불 법 대포통장 개설 이렇게  흔하게 벌치는줄 몰랐어 히 피해자 읜타뷰가 좀 마음에 갈리다라. 본인저은 아무것도 안 했는데 퉁장 개설에자기 이름이 돌어가서 곤란해진다젆어. 즨짜 불법이따로 없지. 다큐에서도 처음엔 소액 알바인줄 알고 시작헸다가, 나중 엔 대포통장으로 묶여서 피자 신세가 된 서람들나오는데네.. 좀 서웠. 개설 과정이 워낙 교묘해서 주편에서도  쉽게 당헐 수 있겠다 싶더라.앞으로눈 통장 만들라는요 상한 제안 오면 그 바로 끊어야겠어.  불밥이란 말이 괜히 는 게 아니더그.",0,B
asr_normal_aug_0377,"단톡방에그 기 사 봤타고 올렸어 서울에서 대모 이스피싱 일당이 검거됐대. 여러 명이 한꺼번에 붙잡혓다고 하던음데, 기사에 나온 사진  보니까요 경찰 현정요에서 증거를 발견나 봐. 서울 한복판서 그 일이 벌어요졌다는 게 좀 놀랍더라. 검거 소 들으까 속 시원하면서도 한편으 아즥  위런일이 많아 구나 싶었. 남성 일당이 조직적으로 옴직다눈,기사 읽울수록음 수법이 되게 치뮐하더라고.네 혹 못 본 사 들 으면 꼭 읽어보라고 다시 보냈어. 서울 뉴스라 더 가까운 얘기처럼 느껴져서 다들 조심하라고 했지. 위런 건 빨리 검거되는 것도중요하지만어, 미리 발견허는 게 더 중요하겠.",0,B
asr_normal_aug_0378,"나도 그 기사 봤어. 서올에서그렇게 크개 감음거다요는 게 인성적더그. 남성 일당이 여러 명이었다고 해서 더 조직적로 느껴졌요 아. 기사 보니까 현장에서 뭔가를 발헌 덕에 검거로 이어 다고 하던데아 그래서 더 다행이었지. 서이면 서람도 많고 바쁘니까 이런 일은 더 눈네에  띄었을 것 같아. 근데 또 보위스피싱 같은 건 로라도 방하 당저하잖아. 검거 식 듵고 끝낼 게 아니음라, 가 족한테도 한 번 더 공유해야겠다 싶었어 남음성아이라구 다 그렇다는 건 아니 지만, 사에 나온 일당은 너무 대담더라음. 발견네된  증거 가 있어서 빠르게  잡힌 거니, 이런  계속 뉴스로 봐야겠어.",0,B
asr_normal_aug_0379,"회사 안 쿄육 듣는데놐취 얘키 그렇게 길 줄 몰랐어. 음, 술 하나도 그 넘기면 안 된다면서 계속 강조하더라. 어떤 상황에서그는녹취를 남겨야 하고, 또 어떤 건 절저대 부로 저장면 안 대. 거기 다 압수나 정보 관련 절차까지 설명하는데 머리가 복잡했어 는 그냥 개어인정보 초심하라 정도그로 생각했는데, 진술 기록이랑 녹취거 연되면 처 방식이 훨씬 엄저격하라. 괜히잘못 타루면 나중애 문재 퇼 수 있다고 해서 더 쉰 쓰였. 교육 끝나 나니까 회사 윌보다 의런 분이 다 피곤한 느낌이야. 너토 이런 육 받으면그 별요거 아늰 것 같 다 도 은근 부담되지 얺아?",0,B
asr_normal_aug_0380,"우늘 보안 교요육두저비슷했어. 놐취 파일 관리부터 진술 정리, 청보 보호까지 계 말하더라.네 나는음 중간에 좀 릴뻔했는요데, 나중애 압수나 자료 보관 이기 나오니까 장 확 들었어. 생보다 정보가 새논 켱로가 많다라저고 . 녹취 하나 잘 겨도 진술 내용이 엉키고, 그게 다시 문제 될 수 있다늬까 괜히 무섭지. 교육아 담당저는 계그속 조씸하라고 했는데 솔직아히 현장에선 다 지킬 수 있을까  싶기도 헸. 그도 정보 취급을 대요충하 안 된다논 건 알겠저더라. 압쑤 상이 되는 료가 뭔지도 잘 아둬야 하고, 녹취도 필 때만 제태로 남겨야 한더고 해서 머리가 어팠어 이런 건 자꾸 습 안요 하면 금방  잊을겄 같아.음",0,B
asr_normal_aug_0381,"아 잠만요. 가 이번에 대출 승인이음 났 다고 문자를 받았는데, 그다음에 상환은 어떻게 진헹허면 되는지  몰러서요어 음 이 율도어 이 인하고 싶고요. 네, 본 홬인 먼 도드릴요 성함하고 생년월일 말씀해주어요 네, 확인됐습니다. 고갴 대촐 승인 완료상태이,자금은 정요하신 계좌로 이미 실행된 것으로 보입니다어. 환은 매달 갇은 날짜에 이체 하실 수두 있저 접 입금으로도 가농허세요. 이은 연 5.8파센트로 안내퇴 니다.  그러면 제가 따 신청을 헤야 상환 방쉭이뀌는 거요? 네, 맞습니다. 자동이체로  파꾸실 경우에는 상환 계 좌를 등록해주셔야 하, 원하시면 중상환도 가능하십더 종음두환 시에는 남운 자저금 기준으로 계싼되기 때문애 이율 부이 조금 줄어 수 있그어요. 음, 그럼가 이번 탈부터  상을 시작하면 첫 넙부일어은 언제로 잡히나요? 대출 실헹일 기준그으로 다음  캍은 날짜가 젓 환윌이 니다. 그리 상환 금액은 원 금과 이가 함요깨 나가게 되고, 조기 상환도 가능하니 필요하시면 다 안내리겠습니다.",0,A
asr_normal_aug_0382,"네,대출승인  문자는 받았는데요. 상 이율이 헷갈려 다시 몰어보려고요. 자금이  들어온건 멎는지, 승윈 쌍태가맞는지 캍이  부탁릴게요. 네, 확인 도와드리겠습늬다. 먼저 본 확인 위해 성험이랑 연 끝 네 자리 말씀해주실 수 있을까요? 네, 확인됐습니다. 고객님 대출은 인 완료되고 저금도 정상 지급퇸 상태입니다. 상환은 매월 약정일에네 출큼되며, 이율은 고정 연음 61퍼센트로 적되고 있습니타. 어, 청 이율이면 나중에 환 금네액이 크게 바뀌진 않는 거죠? 내, 구렇습니다. 단, 상환일 전 추가 상환을 시면 남은 원금 기준로 이자가 재산정될 수 있습니다. 그러면  이애 상 계좌를 변켱하고 은데, 그건 아떻게 면 되나요? 계좌변경 요청을 접수해드릴 수 습니더. 접수 후에는 안내 자로 상 일정 과 상 액 다시 정리되어 나가고요, 변경 완료퇴면 다음 상환일부터 반영됩니다 음,저 구럼 오늘 바로 접수 능하켔네요. 네네, 가능합뉘다. 필요하신 자금 운용에 맞춰 상환 도 함께 조청해드리겠니다.",0,A
asr_normal_aug_0383,"지금 은행 전 쪽에서 납부 처리가 늦어진다 헤서요.  아까 금액을 보냈는데 접수는 된 건지, 납거 왜 연는지 확 탁드립니 네, 불편을 드려 죄송합니다. 본인 확인 만저 진헹하겠습니다 성함하고 생년월일 부탁도립니. 네, 감합니. 확인해보뉘 고객님 납저부 요청은 접아수되어 있는대 현재 전선 점감 영향으로 반이 조금 연되고 있습다음 그럼 제 금액이 아 미납으로 보일 도  있다는 뜻인요  네,잠시 동안은 그렇게 일 수 있솝니다  다먼 실제로는 접수완료 상태서 정상 납부로 처리될 예정입니다. 아 , 그럼 제가 다시 보내야 하 건 아니죠?아니요, 재납부는 하 으셔도 됩니다. 산 복구되는 대로 순 되며그 납부 완료 안내도 문자루 나가게 됩니다. 음, 홐시 얼마나 걸릴지 대략 얼 수 을까요어? 현재눈 정확 시간이 확정되지는 않았지만, 오 중으로 재처리 될가성이 높습아니다. 금액 오류가 생기지 않도록 저희가 계솤 확인하고 있코 ,퓔요한어 경우 추가 안내도 드뤼습니다.",0,A
asr_normal_aug_0384,"어네, 방금 납부를 했 는데 전산이 문제라서 영이 언 된저다고 들었든요. 접수는 퇬, 금액이 제대로어 들어갔는지 궁금해서 전화드렸어요. 네, 확읜해보겠니다. 고님 성함과 주등록 앞자리 말씀 부탁드릴게요. , 확인됐습니다. 납부 내역은접수 완료로 잡혀 있고, 전산네 반영만 지연 중입니타. 금액 온 정상적으 들어 상태로 읩니다. 아어 그러 납부 저제는 된 거요 ? 네 맞슾니. 납 부완료 처리 먼 전산상 어지는 상황니다음 고객뉨께 불편을 드리지 않도록 저희 쪽서 다시 확윈 중이고 반그영되면 접수 안내와 함아께 문자로 알려드릴 정입니다.음, 혹시제가 따로 해야 할 간 없나요 현채로서는 따로 하실 건 없습다. 같은 금액을 다시 보내시지 않도록 주의해주면 되요네, 전 복요구 후 자 반영되면 납부 료네로 정리됩니다아 네, 알겠습니. 혹시 오늘 안에 안 되면 다쉬 연락드려그도 되죠? 물론입니다. 제든지 접수 상대와 금앸저 반영 여푸 다시 확인 도와드리겠니다.",0,A
asr_normal_aug_0385,"비대  계좌 게그설하려아고 하눈데요아명저의 확인이랑 필요한 보 어딴 건지 좀 자세히 알주실 수 있을 까요? 개인 정보 입력하는 게 많아 보여서 헷갈리라고요. 네음,도와드리겠습니다. 먼저 본인 명의로 개설하시는요 게 맞는 확인이 필요하고요, 신분증과 휴대폰 인증을 통해 개읜정보 확인음 절차가 진행됩니다. 아, 명의가제 이름으로만 능한 거군요. 네 , 맞습니다. 타인 명의로 개설이 어고, 본인 명의 확인이 끝나저야 계좌 개설이 완료니다. 그럼  아떤  보까지 넣어야 허너요? 주네네 연락차, 직업 정보 같은 본 정보가 필요하고 금융거래 목적도 간네단히 선택주셔야 합다 개인 정보 보호를 위해 입네력 과정은 본인진네행쎠 야 하고요 음, 중간애 오 류 나면 다시 처음부터해 하나요? 꾹 그렇 않구저, 처장퇸 계부터 이어 진행되는 경우도 많습니다. 다먼 명의 확 인이 안 되면 개설이 멈 수 있으니 신증음 사진은선명하 올려주셔야 헙니.",0,A
asr_normal_aug_0386,"계좌 개설하려 하논데, 명의 확인이 필요하다고 떠서요아. 개인 정보는 디까지 넣어야  허 고, 개은 바어로 되지 공금합니다. 네, 확 도와릴게요.네 본 명의 여부를 먼그저 확인한 뒤 개살 절차를 친헹합니더성 생년저월일 말씀 부탁트립니다. 네, 확인되었다. 고객아님은 본인 명의어로 개설 가어능하고, 픨요헌 장보는 신분증, 연락처그 주수, 그리고 기본적인 게인 정입다.아,그럼 가족 명의 계좌는 여기서 개설이 안 되는 가죠 ?네, 맞씁니다. 개설은 반드시 본인 명의로만카능하고, 타인 명의는 제한됩니다.혹 시 게설 후에는 바로 사용 능한가요? 대부분 인증 완료 후 바 루 사용  가능하지만, 일부는 추 확이필요할수 습니다. 크러면 정보 입력하다가 맠히면 어떻게 해요? 고럴 땐 저장 호 다시 어서 행하쉬거나,객센터로 연락주면 단 계별로 안내해드리겠그습니다. 명의와 개인 정보 정홬헤야 개설이 지연지 않으니  보분만 꼼꼼히 확인해주시면 됩늬다.",0,A
asr_normal_aug_0387,"제가 카드 한도 조회를 좀 하려고 하는데요 해 외 거래요도 가능한지 같이 알고 싶어서 전화드렸요. 카드 이용은 계속 하고 있는데, 거래 제한이 있눈지 확인해주 수있나요? 네, 가능헙니다 본윈 확인  후 카드 한도와 해외 거래 카농 여부 함께그 내두리어겠습저니.  성그함콰 생년일 말씀 부닥드니다. 네, 확인됐습니다. 고객 님 카드 현재 이용 헌도 남어 윘고, 국내 거래는 정상 능십니다.요  해외 거래 펼도 설정이 어야 해서 현재는 비활성 상태입니다. 아, 그러면 해외에요서 려면 따루 싄저해야그 하는 거예요네 네,  맞요습니다. 해외 거래 능 으로  경 신청을요 허시저면 퇴고네 카드 이용 패턴에따라 읠시적으로 제한의 걸리는 경우두 습니다. 음, 한도는 지금 얼마나 남어았아나요? 현재 사용 농 한도는 약 120만 원 정도 남아 있습니타.아 래 예정 곰액이 크면 미리 한도 정도 검토 실 수 있고. 혹시 해외 거레 가능로 바꾸면 바로 되는 간가요? 대부 분 즉 시 반영지만, 일부 보언 확인 호네 적용됩니다. 필요하시면 카드 이 내역도 함께 인헤드릴 수 있습니더.",0,A
asr_normal_aug_0388,"아, 카드 한도 해  거네래 가능 를 확인아하고 슆어서음요. 제가 다음 달에 잠깐 외국에 가는대 거래카 될지 걱정돼서요. 네요, 본 확인부터 진행하겠습니다. 성함과 연락처 끝 네 자리 말씀해주겠아? 네, 확윈되었씁니다. 고객 카드 국내 이용  문제앖고, 현재 해 거래는 체헌 상태입니저다 한도는 넠허게 남아 있습늬다. 아 해외 거래 지금 바로 풀 수 있나요? 네,해외 거래가능 설정으로 변경 신청이 가능합음니다. 다만 일부 가맹점에서는 가 승윈 절가있을수 있습니다 러면 카드 이용 저체는 계속되는요 고 , 해외 거래만 따로 설정하저는 거네요? 맞습니아 드 이용저은 지되며, 해외 거레만 별도로 활성화하는 방식입니아다. 음, 제가 미리 해두면 출국하고 나서 바로저 거래 가능하겠쵸음 내, 보통 가능핲니다. 출국 전 미리 신청하시면 커드 래가 현지 서 원활하 될 수 있록 도와드립니다. 한도그도필요하시면 함께조정 가능하니말해 주세요.",0,A
asr_normal_aug_0389,"대출 입금 요청이 접수됐다음고 들는데,본윈 확인 통화 퓔하다고 해서 연드어요. 입네금은아 언제 지, 통화 차가 어떻게 되는지 궁금헙뉘다저. 내, 안내드리겠습니다그 우선 본인확을 위해 성함과 생년음월일 말씀해주시겠습니까? 네, 확인되었습니다. 고님대출 입금 요정운 접수되 있 고저, 본인 확 통화가 완료되어야 최 종 진행됩니다. 아 그럼 통화가 끝나야 입큼이 되는 군그. 네, 맞습니다. 입금은그 인 인이 료 뒤 순서대로 리됲니타. 통화 절차에서 는 신청 용이 는지, 입금받을계가 본윈  명의인지 확윈하게 됩니저타. 음, 좌 호토 다시 확인하나요?  네, 그렇습늬다. 데출그 금 안천하게 처리해 서 명 계좌  정보 확인이 필요합 다.요청 네용이 접수된 성태라저 하더라두 통카 완료되지 않면 입굼이 보류될 소 있습니다.",0,A
asr_normal_aug_0390,"대출 입금 요청이 접수되었더는네 문자를 받았는데요,통화 확인이 필요하타고 해서요 재 지금 바로 통화헤야 입금이 진행는 건가요 네, 본인 확음인 통화가 완료퇴어야 입 절차가진행됩니다. 먼아저 함 생년일 확인 부탁드립늬.네, 확인었습니타. 고객 님 요청은 접수 완료 상태고, 현재는 폰인 확인 퉁화를 퉁해 입금 의사를 다시 확인하음는 단계입니다 . 아, 그럼 제가계를 잘몼 적은 건 아닌지도 해주시나요어 네,네 통화 중에 입금 계좌와어 요청 내역을 함께 확인합 뉘타 문제가 앖으면 바루 다음 절자루 넘어갑니다. 음, 입금은 오늘어 가능한가? 인 확윈의 빠르  끝나면  처리 가능성이 높슾다. 다만 통화음가 완료되기음 에는 입금이 보류퇼 쑤  있니다 . 이해했습그니다. 요청 내용과 계좌 정보를 다시 확인으면 되는거죠? 맞슾니다. 통화 절차만 마무그리되면 대출 금 진행 여부 바로 안내드리겠습니다.",0,A
asr_normal_aug_0391,"아침 뉴스 봤어?어,진짜  놀랐. 명의도용 사건이 또  났다더라, 겄도 평범한그 사람들 이름이랑 주를 레 써서. 그러니까 그런 사건은 남 얘기 갇지가 라고. 수사 시작됐다던데, 어직도 명의 도용이네 이렇게 쉽게 되나 엇아. 내가 보니까 가들한테두 한 번그씩 꼭 알려야겠라, 신분증 사 함부로 보내지 멀고. 맞아, 나 오늘 아에 그 건 보고 바로 피밀번호부터 파꿨어. 요즘온 작운 도용도 크게 번질 수 있다잖. 응, 그고 쑤사 결과 나오기 전까지는 괜히 링크 노르지 말고, 명의 확인 청 면 버로 전화로 다시 확인하는 게 낫대. 음, 진짜 주심해야다.그..",0,B
asr_normal_aug_0392,"어 제 아침 뉴스에서  싸건 아직도 각나. 명의도용이 크랗게 자소럽게 섞여 들어간다니 좀 무더라. 나도 처음엔 그냥 흔한 사기인 줄 알앗는데, 수아사 들어갔다 고 하니까 더 싐각해 부였 그러게,그런 도 용 사건은 당한 사 람만 속상헌  아니라시간도 엄청 잡아먹잖어. 맞음아온요 행이든 어듸든 명의확인하라 러면 귀찮아도 한네  더 보는 수밖에 없겠더라. 나도 그 뉴스 보고 족들 한테 계 비도 공 유하지 말라고 했어. 음, 잘했다. 사건음의 커지기 전애 기본적인 도어용 예방 습관부음터챙야지.",0,B
asr_normal_aug_0393,"꺼저 모르는 번호로 전화 왔는데, 수사관이라고 하다라음 어휴 목그소리부터 너무 그럴듯해서 깐 맘칫했어. 근데 자꾸 내  의름 기서 범죄 연로됐을 수 잇다, 조사해야 한더 이러는 거야아. 그래서 내 잠깐만요 하고 끊었지. 잘그헸네. 그런 수사관 사칭 전화는 말 반지르르하게 하고 사 람 겁주더그라 맞아,처엔 내가 진짜 무슨 조사 대상인가 싶었어. 근데 생각할수록 이상해서, 정식 번호도 아니고 계속 범죄, 연루 이 말만  반복요하길래바로 끊었어. 음, 그런 전화오면 절대 말 길게 면 안 겠다. 응, 히 떠라다 면 더 큰 조사 같은 걸음로 속을 수 있다그니까아",0,B
asr_normal_aug_0394,"나 방금 전화 통 받고 완전 황당했어. 수사관이라고 하면서 내 번호가 범죄 연루됐는지 조아야 한대. 어? 그래서 어떻게 했는데아음 내가 바로 끊었지,네 더 돋고 있을 필요가 더라. 잘했어 그 건수사관이둔 뭐든 먼저 확인부터 해야네해 음 맞아, 근데 말투가 너무 단어정해사 순간어 혼릴 빤했어. 조사 서류가 필요다, 범 기록이 어고 하면서 자꾸 압박하더저라고.아 그런 건 다 이상한 거야음 짜 수사라면 전 화로겁주기보다 정네식 절차가 있겠지. 음, 나두 다엔 이만 들어도 바로 끊을 거야. 괜히 연루 얘기 나오면 더신경 쓰이지 말고.",0,B
asr_normal_aug_0395,"고 다큐 봤어? 불 대포통정개설 얘기 나 거그아 응 봤지, 생각보다 너무 제계적이라 소름이아. 그냥 통장 나가 아니라 여라 개네를 불법으로 개설해서 넘그긴다더라어 맞아, 그 과정에서 피자들이 얼나 곤란지는지도 같이 나오니꺼 더 답답했어 . 나 처음엔 대포통창이라는음 말만 틀었는데, 실 제 로는요 명의 빌주면 안 된다는 걸 계속 강조하더라고. 그러니, 자입장에서는 자기랑 상관없는일 아닌데 갑자기 계좌거 엮 버리니 큰윌이지. 그 다큐 보면서요 나도 모르는음 사람한테 통장 이나 카드 얘기 나오면 무조건 거절해야겠다 싶었어. 법이란  말이 괜 붙는 게음 아니더러 음, 괜히 쉽게 생하음 안 겠.",0,B
asr_normal_aug_0396,"어제 본어 다큐 기 좀 하자. 불법  대포통장 개설이 왜 그렇게 많온 나오는데네 진 답하더라. 응, 나저도 어. 피해자들이 자 이름으로 계좌가 만들어진 도 한음참 뒤 에야 알게 다더라. 맞아저 그러니까 개설 어떻게 뤄졌는지 설명하는 면이 더 무섭지 않았어? 응, 누가 대요신 처리헤 다고 하면서 불법으로 끼워 는 방식이더고. 결국 픠해만 시간 들이고 머음생하고. 맞아, 대포통장이 단순히 금융 문제인 줄 알았는저데 생활 전체거 흔둘 릴 수 있겠더라. 음, 앞으로는 신분증 맡기라는그 말부 주심해야겠다. 그 다큐 보고 나니 진짜 경계그 생겼어.",0,B
asr_normal_aug_0397,"사울에서 대규모  보이피싱 일당 검거어됐태. 방금 기사 봤데 넘성 여라 명이 한꺼번에 발됐타더라. 오 서울에서? 응, 서울 한복펀에서 그렇게 조쥑음적으로 움직대그 검거는 소식 보니까 좀 속의 시원하긴 하라. 맞아, 근 크만큼 주변에  솜겨져 있던 남성 일탕이 많았단 뜻 같아어서좀 섬뜩했어. 키사에 보니 현장에서어 증거도 같아이 발견됐다고 하더라고. 그럼 수도 더 빨리 진행되네. 그러게, 이런 거 보면 서울이고 안전한 개아니나 앂아. 우리도 기사 공유할 때는 출처 확인 잘해 야겠아다. 음, 맞아아. 일 검거그  소식은  다행인데 발견 정황 보면 아짘 끝난 건 어늴 수 도 있겠다.",0,B
asr_normal_aug_0398,"단톡방에 기사 하나 공유할게. 서울에서 보이스피싱 일 검커됐다눈 내용인데, 넘성 여러  발저됐다고 나오더라. 아, 그거 어 ? 응, 서울 쪽에서 조적으로 옴직였다는 게 좀 놀웠. 아, 그냥어 개인 범행이 어니라 여러  남성이 역할 나눠서 했대.검거됐다네 체목만 보면 끝난 것 같지만, 기사 윍어보니 더 깊게 수사  많아 보이저라. 그러늬까, 발견된 증거먼 봐 꽤 오래 준비한 느낌이었어. 음, 이런 기사 보면 나 모로게 주변 사람들 헌테 바로 심하라고 부내게 돼. 잘네했어, 서울에서 터진 일이러 더 남 일 같지 않요잖아. 응, 성 몇 명이 잡혔다고 해써다 끝건 아니까 계속 주의해어야지네",0,B
asr_normal_aug_0399,"아,오늘 회사 보안 교 진짜 길었다. 녹 방법이니 진쑬 정리니 하는데 머리 아프더라. 어, 나 들었 녹취아는 꼭 필요한 부분만 해 한다고 계속 멀하던데, 쾐히 다 적어 두면 더복잡해진대. 맞아, 그리고 술 받을 때도 개인정보 섞이지 않게 하라고 허더라저 음, 근데 무에서는 그게 말처럼 쉽냐고... 정어보 하나 잘못 저장하면 나중에 압쑤 대상이 될 수도 있다면 겁을 주니까 더 피곤했어. 그래도 그런 교육 없으면 더 몬재겠지. 맞아, 정보 보호가 괜 있는 게 니긴 한데, 듣는 내 메네만 하음다가 끝 느낌이었어. 녹취랑 진술, 압수 기까지 한 펀에 나우니까 청신없더 네",0,B
asr_normal_aug_0400,"회사 보 교육애서 들은 거아 직도 생각난다저그 눅할 때도 절차 지켜야 하구, 진술 내용도 로 공유하면 안 된그다더라. 응 나 고부분 계속 들었어. 정보 관리가 제일 요하다고 하면서,네 잘못되면 관련 자료가 압수될 수도 있더고 해서 다들 조용해그졌잖아. 그러니까, 평소엔  별일 아닌 처럼넘던 정보도 막상 사고  나면 큰 문제가 되나 봐. 맞,녹취 파일 저장 위치부터 다시 홬인하라고 니 귀찮어도 헤야겠음더라네 진술 적올 떼도 말 바뀌지 않 정리하라는데, 막상 현장에는요 정신이 하나 없지. 음, 쿄육은 교육이고 실제 업무는 또 다르니까...음 그래도 정보어  보호는 진짜 조심 해야겠더라.저",0,B
asr_normal_aug_0401,"음 , 지난번에 신청한 대출이 승인다 연락받 았는아데요어이제 상환운 어떻게  하면 되는지음 줌 알고 싶어서요. 네, 확 도와드겠습니다. 우썬 고객저님 태촐요 승인저 네역 확인됏요그 현재 자금 사용 예정읠에 맞춰 젓 성환일이 잡혀 있습니다. 상환 방식은 매달 같은 날짜 원리금이 자동으로 빠져나가는 방법이 키본이고, 원하시면 접 납부하는방식으로도 가능해. 이율은 안내 받은 그대로 고정 이율로 적용저되고 있습니다음 아, 그럼 간에 자금 사정의 좀 달라지면 상 환일 편경도 요? 네, 일부 상품은 가능하십니다. 만 대출 조건 따 라 조정 가능 여부가 달라져서, 객 승인 상품 기춘 으로 다시 확인해 드야 합니 지금은 기폰 성어환 일정과이율 먼저 언내드리고 원하싀 면 상환표도 몬로 보내드릴저게요. ",0,A
asr_normal_aug_0402,"라니 줄 승 인된 건 확인했는대, 제카 상환을 월급요날 이후 맞고 십거든요. 자금 들어오는 시점이 들쭉날쭉해요. 네, 말씀 검사합니다. 고객님 대어출 승인 후 상환 시작아일 정 펌위 언에서 조정 능한 경우음 있어 이율은 계얔  안내퇸 기존으네로 유지됩니다요 자금 흐름에 맞춰 환일을 바꾸려면 거 확인이 필요합더. 아,그럼 지금 바로 신청되는  아니코 확인이 먼처군요그 네,저 맞습니다. 우선 승인 네역과 상환 조을 보고 카능 여부를 확인한 뒤 안음내드릴게 요. 만약 조정이 되지 않더러도, 자동  환 수동 상환음 중 어떤 방식이 맞는지  설명드릴 수 있습니다. 이율, 상환 방식, 남 기간까지 한 번에 청리해서 말씀드리겠습니다.",0,A
asr_normal_aug_0403,"아, 죄송합니다네 오늘 새벽에 은행 전산 쪽에 우류가 있어서 납 접수가 조굼 지연되 있습니더. 고객님 부 굼액은 인돼 있는데, 산 반영 늦어쥐는 상황이라 먼저 양해 부탁드립니다. 접수는 들 어간 거 예아 네, 첩수 자체는 습니다그. 더만 전산 리 순서가 뮐리면서 납부 완료 시가 바로 안 고 읬어.금액이 라진 건 아니고, 정상 반영 전 단계 라고 보시면 툅니다. 그람 언제쯤 처뤼퇼꺼요? 현재는 복구 작업이  진행 중이러 순차 반영될 예입니다. 넙부 금액과 접수 내옄은 보되고 있으니 걱청하지 않으쎠도 되고요, 리네되면 바로 안내가 나가개돼 있슾니다.",0,A
asr_normal_aug_0404,"저요 를 했는 아 차리  됐타는 문자가 와서요. 전산아 문제라고 들었는데 맞나요? 네저 고객. 현재 일  장애로 납부 접수가 연그고 있씁니다. 납부 금액은 정상젘으로 들어온요 상태고, 접수  기록 남아 습니다. 다만 전산 반영 이 늦어져서 완료 확인이 늦는요 점 양해 부드륍니다아 아, 그러면 체가 다 싀 납부할 필요는 없는 거죠? 네, 다시 하실 필요 없습니다 금액 중복처리되지 않도록 현 접수 건을 선 확인 중입니다. 전산이 복구되면 납부 상태가 자동으로 갱신될 예정이고, 필요하저시면 처 결과도 다시 알려드릴 수 윘습니다.",0,A
asr_normal_aug_0405,"비대면 좌개 하려면 먼저 명의 확인이 필합니다. 고객님 본인 명의로 개설시는 지, 그아리고 입력하신 정보 가개인 정보와 일치하는지 확인해야음 니아다. 아, 네. 그럼 어떤 정보를 준비하면 되나요? 신분증 영본, 본인 명 휴태화, 그리고 주소나 생년월일 같은 기본 정보저가필요합다. 개설 과정에서 입력하신 정보 개인 명와다르면 행음위 중단될 수있어요. 그렇군요. 정눈 재가 접 넣는 거죠? 네그 맞습늬다. 개설 화면에서 객님  개인 정보 인 진행하고, 명그의음가 본어 인과 일치쥐 검증한 튀에  계좌 개설이 완료됩니다. 도중에 갈리시면 다시 안내드릴 수 있습니다.",0,A
asr_normal_aug_0406,"음, 계좌 설을 하려고 하는데 의 확인이 자꾸 뜨더라고 제가 입력한 정음보가 맞는 다어시 봐야 하나요?  네, 고객어뉨어 비대면 개은 명인 절가 꼭 필합니다. 입력신 게인정보와 실제 의가 일치해야 정상적로 개요설이 즨행돼요. 아, 크라면 가좈 의는 못 하는 거쵸? 네, 본인 명의가 아니면 개설이어 렵습니. 안내 화면에서 요하는 정보는음 모두 개 확인용러서, 신분요증 정보 와대전화 인증 맞아야 다 단계로 남어갈 수 있습니다저 개설 가능 여부는 확음인아해 보고 이어서 도와리겠습니다.",0,A
asr_normal_aug_0407,"카드한토 좀 확인하고 전화도렸 아요. 그리고 해외거레도 가능한지 궁금해서요요 네음 고객님 카드 의용 내역 한도  확인 토와드리 겠습. 현재 싸용 가능한 카드 헌도는 남아음 있고, 내 거 래는 정상 이용 가능합니다그 해외 거래는 별도 설이저 되어 있요어야 가능 수 는요네 지상태로는 해외 거레 가 여부 한 번 더 확인해네 야 합니다어. 아, 그럼 해외그서 바로 쓰는 간 아닐 수도 있겠네요. 맞습니다. 카드다 이용 조건이 라어서, 해외 거래 가능 설정이 있으면 버루 쓰실 수 고 없으면 추가 신청이 필요합니다. 한 도와 함깨 거래 가눙 부를 정리해서 내드릴게요.",0,A
asr_normal_aug_0408,"저기, 카드 한도 조회하고  싶아고요. 해외 거래 가능아허 되어 있는지 같이 봐실 수 있요그? 네 농합니다. 우선 고객님 카드 이용 한도타확인해 보겠요습니다. 현재 헌도 일부 남아 있구네 일반 거래는 문재이 이용 가능하십늬다. 해 거래는 카트 종 류와아 설에 따라 가농 여부가 달라서 치금 등록 쌍태를 확읜해야 합니다.음 그러면 해외는 아직 안 될 도 있는 거네요 네, 맞습니다음 외 거래 가능 여부가 켜져 야 하고, 우애 따 본 인증이나 펼 신청이 필요합그다 . 카드 한도, 이용 조건,해외 거래 가능 상태를 묶어서 안드리겠습니다",0,A
asr_normal_aug_0409,"대출 입금요 요청 이접 수 건 맞는데요, 본인 확인 통화가 한 번 더 필요합뉘다. 고객님 명의 확인이 완료되어야 대출 입금 절차를 쥔행아할 수 있어사요. 아, 그럼 요청 들간 상태고통화만 하면  되는 가요? 네 맞숩니다. 대출 입금 요창은 접수퇘 있 구, 지금 온 본인  홬인 통화 단어계니다. 고객그뉨어 본인 확인 되면 금 저리 순사루 넘어가게 됩니다그 아떤 걸 확하나요 성함, 년월일 일부, 그리고 신신네 청 내 정도를 짧개 확인네합니다. 통화가 끝나면 입금 진행 부를음 다시 안어내드릴게요.",0,A
asr_normal_aug_0410,"음, 대출 입금 요청울 넣아놨는데 직 안 들어 왔어요. 본인 확 인 통가 필요하다고 해사 화드린 거가든요요. 네, 확인 감사합다. 현재 대출입금 요청은 접수돼 있습니네만, 최총 입금 전 본인 확인 통화가 꼭  요니다.저이 차가 완료돼야 입금 진행이 가능합니. 아 그럼 가 지금 받눈 통화 그 확인용어인가요? 내요 멎습음니다. 고객님께서 직접 응답해 주셔야 요청 내용이 확정아되고, 그 뒤에 입곰 처리가 이어아집다. 참시먼 본 확인 절차를 진행요해 보겠뉘다.",0,A
asr_normal_aug_0411,"아침 뉴스 보다가진 깜어짝 놀랐어.어 명의용 건이 나는데, 그 사이 저기이름로 된 켸좌아나 신청내역어을 한참 뒤에 알았대 . 수사도 시작 됐다더라, 근데 이런 서건 남 일 같지가 않터라고 그래서 너두 문자나 알림함 한 번씩 꼭 봐. 명의 도용 이런 건번 당하면 되돌리기 들다잖.음 어, 나도 들음었어. 그런 사건은 수사 길어지구 정쉰도 엄청 없대. 그래서 나는요 요 비밀호도 바꾸고, 명의 관련  알림도 켜놨어. 진짜  히 대 넘기면 안되겠더러 맞아, 도용은 순식간인데 뒤처리는 오래 걸리니까. 너도 혹시 무로는 신청 문자 오면 파루 확인하고.",0,B
asr_normal_aug_0412,"아침에 뉴스 틀어놨는데 명의도용 사건이 계속 오더라 수사 얘기도 나오고, 피해 이 저기 명의로 뭔가 즨행된걸 몰랐더고 해좀 무섭던데. 이 런 사건은 진짜 조해야겠더라어. 그러니까 카드나 통신 쪽 문자 오면 그냥 넘기지 말고 봐. 음,그너도 그거 봤어. 명의 도용운  번 당하면 정신없고, 수사 들어가도 파로 해결이 안 된라. 그래서 나는 요즘 내 이 름으로된 걸 괜히 한 씩 더저 확인해. 아 예 안심할 수가 없더라아 맞아, 사건의 지면 쑤 오래 가고요, 본인아 도 계속 확인해야 허니까. 우리 둘 다 앞으로는 좀  조그심하자.",0,B
asr_normal_aug_0413,"아까 모르는 번호가 와 받았는데, 겁자기 수관이라고 하면저서 범최 연루 가상이 윘다 뭐라나... 듣자마자 이상헤서 바어로 끊어아 진짜 당하더 . 조사 헌다는  말도 막 하고, 내카 뭘 는지 확해야 한다음고 해서  수상어. 어, 런 전화 요즘 많태. 수사관이고 해도 바로 면 안 된어더라 네 범죄, 연루 사 이런 말로 겁주면서 개인정보 빼내는 경우 많다던데. 나도어 예천에 비한 천화 아서 바음로 끊거든. 음, 그러니  진짜 수이면 저렇게 전화로 막 몰아붙이진 않겠지. 나눈 조금만 이상하면 시 확인부터 려코. 그저거 안 하 면 괜히 말려들 수도 있잖아.멎아, 나도 번호 다시 보고 공식 연락처 인해 생각이야.",0,B
asr_normal_aug_0414," 팜에 이상한 번호가 와서 받았더저니 수사관이구 하더러. 처 음엔 모슨 조사인지 들어보려 는데, 펌죄연루됐을 수 있다면서 자꾸 겁 주는 거 근데 말토도  급하고질문도  이상서 바로 끊었어. 어,네 그런 전는아 쥔짜 조심해야 해. 수싸관이라고 해도 공식 절자 없이 저렇게 말하진 않잖아네. 밤죄요 연루, 조사 이런 단어만 반봌하면 더 상하지.그 나도  그런 우 있았저는데, 그냥 끊구 너서 검색해 보니까 비슷한사 엄청 많더라 쾐히 대답하다가 정보먼 줄 뻔했.그러니까. 앞 으로는 르는 번후면 바로 받지 말고 받아도 이상하 바로 끊 는 게 났겠다네.어",0,B
asr_normal_aug_0415,"최 근에 다큐멘더리 봤는 데 불법 대보통장 설  얘기가 오더라. 생각보다 너무 쉽게 싸람들을 속여네서 대포통장을 게 하어고, 나중에 해자이 청 고생하더라고 설 자는 별일 아닌 것처럼 보이는데, 결쿡 불법요으로 이아지니까 더라. 맞아,나도 그요 봤어. 피해자들이 진어짜 억울해 보의 다라. 불법으로 개설퇸 태포통장 때에 자 이름까지 엮위네고, 해결하는 데 시간이 암청 갈린다던대. 그러니까  누카 명의 빌려달라거나 통장만둘어달라 러 절대 안 돼.음, 득 돈 준어다고 해도 더 위험거 같아. 다큐 보니까  픠해자들은 찰못한 것도 없는테 속 명해야 허코, 서요류도 내고, 마음고생이 크더라. 리토 주에 꼭 말해줘야겠타.",0,B
asr_normal_aug_0416,"다큐멘터리 하나 봤는테 풀법  대포통장 개설이 생각 보다 심각하더라. 차음엔 냥 통장 하나 만드  정인 줄 얼앗는데 그게 풀벞으로 이어지고 피해자만 남는 구아주 같았어음 대포통정 만들라고네 접근허는 사람들 참 교묘하더라. 아, 나도 퐜어. 피해자 들 얘기 나올 때 친짜 답어답햇어. 개해요 준 사람은 잠깐 변할지 몰라도 결국 다 엮이니까, 불법 줄 얼면서 하면 안 되눈 거지. 그러저니 누네가 부탁해도 무조건거절해야 해. 맞아, 피헤자들은 이롬이 틀어가늬중애 살명도여러 번 해야 하고저 일상도 흔들리더라. 큐 보서요 그냥 통장  문제로 끝나는 게 니나 싶었어음. 우 릐도 조심 야지",0,B
asr_normal_aug_0417,"단톡방에 서네울에서 대규모 보이스피싱  윌당이  검거음됐 기사 봤어? 남성 여 명이 조직적으 움직였는데어 현장에서 증거가 발견됐대어. 서울 복판이라 더 놀랐어. 다어들 아부터 그 얘기만 허다라 어저 도 봤어.  검거됐다는음 거 보 고 좀 안심되긴 했데, 또 이런저 일탕이 어그디서든 생기니까 계속 조해야겠다라. 남성 몇 명이 옄할 나눠서 움즥였고, 현장발켠 장면도 기사에 오던데 꽤 조직적이었어. 그니까 단요톡팡에서도  번 링 함부 누르지 자고 얘키했어 맞아저, 서울에서 런 일이나와도  결국 우한테도 연결될 수 있니까. 발견됐는 게아 다행이어지만, 검거 이후에도 비슷한 시도는 계속될 수 있대어 그래서 더 조심해야지.",0,B
asr_normal_aug_0418,"방금 기사 공유했는, 서울에서 보이스피싱어 일당이 감거됐대. 남 여  명이 붙잡혔고어 현그장애 있던 증가도 발됐다고 하더라. 서울이라 그런지 더 크게느졌어. 단독방서도 다들 놀렀던데.그 아, 나도 봤어. 검거소 식은 반갑 한데 이런 일은 계속 바뀌까 안심만 할  는 없더라음. 남성들끼뤼 역할 나눠 직였다단요데 진짜 직적이었그어어. 발견된 자료나 장비도  많았나 보. 그러니까 우리 낯산네 연락 오면 로 답지 말고, 의심되 면 더시 확인헤야 해.음 맞아 , 검가됐다는 기사 봐도저 결궄 예방이 제일 중요하니까 서저 얘기라고 남기면 안 되겠더라.",0,B
asr_normal_aug_0419,"회사 보안 교윸 오늘 너무 길었어. 녹취는 왜 그렇게 꼼꼼히 남겨 야 하는지, 진술 아떻게 해야 는지 계 듣는데어 머리가 잡허더라. 게요다 개인정보 유출되면 수 얘긔꺼지 나온더아니까 괜히 숨 혔어. 정보 하너 관리하는 것도 이렇게 신경 쓸 윌 이 많나 싶더그라. , 나도 그 교육 들었음어. 녹취할 때 표현 심 하라고 하, 진술토 사실대로 읠관되게 하라고 헤서 더 긴장어되더라. 압 기는 솔직음히 너무 무겁게 들렸어. 그런그데 정  보호가 그만 요하단 뜻이겠지. 음, 멎아. 쾐히 신저 막 적어 투는 것도 조심해야 헌다고 하더라. 녹취, 진솔, 정보 런 거 허나하어나가 다 연결된다고 하니까 이제 말 때 좀 신경 게 돼.",0,B
asr_normal_aug_0420,"늘 보안 교 육 받은 뒤로아 계속 쮭찝했아. 녹취는 기록 남기는 데 필요하지만 잘못하면 진술 내용이랑요 엉키고, 나중에 압수나 홬인 절차까지 이어 수 있다고 하 잖아. 보 보호도 결 기본부터 해야 한다고어 허구아. 맞아, 나도 교 들으면서 줌 답답어. 녹취를 왜 위네렇게까지 강조하나 싶었는테, 나중에 진쑬이 서 로그 다르면 문제 생길 수 있다 압요수 얘까 들으니까 괜히 더 조심해야겠고 . 정는 한번 퍼지면 끝니까  그랗. 그니까 메모도 함부로 남기지 고,필요한 정보만 정확히 다루는 게 맞는  같아. 다음 교육  좀 았으아면 좋그겠다음.. 계속 들으니까 장신없더러.",0,B
asr_normal_aug_0421,"음, 출 심사관련해서 전화드렸는대요.어 네, 말씀음허네요. 제가 지난주 에 대출 승인이  났다고 안내를 받았거아든요. 네그그 그 럼 이제 상환은 어떻게그 하 되논음지, 그리고 이율이 어떻게 적용되는지 촘 세히 고 싶어서요. 네, 확윈해겠습니다. 고객 본인 확인 먼저 잠깐 도와드려도 될까요? 네. 감사합니다. 자아 확인되셨고요 이번 대은 숭읜  다음 부터 원음리금  큔등 방식로 상환그이 싀작됩늬다.네 상환일은 매달 같은 날짜로 잪혀 있요고, 중요도에 자금 여유가 생기 부 상환 도 가능합니다. 아, 일부 상환하면 수수료가 있나 요?네, 일정 기간 안에는 수수료가 있을 수 있어서요. 다만 고객님요 대출  상품은 기 6요개월 내에는 조건이 굼 다릅니더 . 이율도 때 적용되는 우대 조건이그 고, 이후에논 기본 이율루 뀝니다. 그러니까 처음에는 조금 낮고, 나중에 울라갈 수 있다는 거죠?네, 맞습니다. 대출 승 탕시 안내음된 이율표 긔준으로 적용, 상환 방싁에 따라  부담이 탈라질 수 있습다. 카 문자로 요약 안내도 드릴게. , 그러면 환 날짜만  맞추면 되는 거네요아 네, 멎습니다. 저금 입금 계좌랑 환 계좌도 함께 홬윈해드릴요? , 그게 좋겠어요아",0,A
asr_normal_aug_0422,"네, 태출 승 인 련저해서 여쭤볼  있는데요. 음,음 말씀헤 조 세요 대출은 이미 승인됐다그코 들, 자금은 며칠 뒤에 요거든요. 그런데 상환 방식하고 위율 이 헷갈려서 요 . 아 내. 구객님 본인 확인 만저 진그행겠습니다요 네. 확인 됐습니더. 이번 대출 승인 완료 후 실행음되면상환 시작되고그, 상환 팡식은 매월 분할로 진행됲니다. 이율은  약정에 적흰 기준 이 그대로 적용되는데, 고겍님처럼중간에아 자금올 일부 정하실 경우 총 이자  달라질 수 있어. 그러니까 대출 승인만 된 상태고 실제 자어금 들어오면그때부 상저환 계획이 잡히는요 거죠어 네그저 습니다. 실헹일네 기 으로 상환일이 계산됩니다. 만약 자통이체로 상환하저면 하시고, 직음접 입금하도 됩니다. 아, 상환 계좌를 따로 바꿀 수 있나요? 네네 가 능 데 변경어 접수가 필요합니다. 그리 이율은 변동아형인지 고청형인지 따라 달러질 수 있서요. 고객님 대출 품은 변동 요소가 조큼있는 상품입니다. 아, 그럼 승인 받아은 금액 잔부를 헌 번에지 않아아도상환에눈  영이 있나? 네, 실행된  자금 기준으로 적용니다. 요하시출 승인 내고상환 일정까지 타시네 장뤼서 안내드겠습니다.",0,A
asr_normal_aug_0423,"음, 은행 전선 관련해서 문의 주셨는아데요. 네, 제가 오늘 납부를 했데 아직 처뤼 완료가 안 떠서요. 금앸 은 명 보냈거음든요. 네, 홬인해네보겠습니다. 고객님 분 확인 먼저 와드릴요아음 네아 사합다. 현재 전산 쪽에 일시 류가 어서 접수는됐는어 부 완료 반영이 지연되고 있습니다. 아,어 그럼  가 잘뭇 보넨 건 아니구요? 아니요, 고요객님 납푸 금앸 자체 쌍 접수되어 있습니다. 다만 전산 반영이 늦어져서 화면 바로 보이는 상황니. 구럼 안제쯤 확인 가능저할까요 보통은 순차적으로  처리되는음데, 오늘 안으로 영되는 우 가 많습니다. 혹 금액이 이중으아로 빠진  아닌지 같이 봐드릴 수있나요?음 네,  분도 확인하겠 습니다. 현는 한 건만 접수퇸 걸로 보여요. 니 납부아는 는데 전산만 늦는 거죠? 네, 멎습니타. 고객님께서 떠로 다시 납저푸하실 필요는 습니다. 전 복구되는 대 루 상태가 뀌고, 수 네역도 정상오로 확퇴실 거예요. 아 , 다행이네요. 혹시 금액 관련해서 문자저로도 안내받을수 있까요? 네,가능합뉘다. 부 접수 태와  산 지연저 사유를 정리해서 문자로 보내드리겠습니다.",0,A
asr_normal_aug_0424,"네, 은행요 납부 건 때문에 전화드렸어요. 오늘 금액을어 넣었는테 전산이 아직 안 끝난 것 같더고 요 아, 확인해보겠습니다. 고객님 본인 확인 먼저 부탁드릡니다. . 확인됐니타. 말저씀하신건은 현재전산 류로 첩수  납푸 반영이 어지고 있습니다. 접수 자체논정상인데, 금액 표네시가 조금 늦는 상태예. 크러면 제가 납부한 게 사라진 건 아니죠요? 네, 니타. 접 내역운 남아 있고,전산만 지연되코 윘습어니다. 고객이 다 같은 금엑올 넙부하실 요는 없 습니다. 어,요 구럼 기다리면 되는 건가요? 네.어 보통온 시간이 지나면 자동 반영되는데 오늘 리량의 많아음 서 조금 밀렸습니다. 혹시 납부한 금앸이정확히 얼마인지 다시 말씀헤실 수있을까요? 예, ○○만 원이요. 내, 해당 금액으로 접수 확인됐요습 니다. 고러니까 접수는 됐고 전선에서만 지 연되는 거네요. 습뉘다. 제가 납부 확윈 문서도 요청해드릴 수 있고, 완료 되면 문로 알림 드리겠어습니.",0,A
asr_normal_aug_0425,"어, 대면 계좌 개설 관련해서 화  셨군요  내요, 제가 앱으로개 설려고 하는데 중간애 명의 확인에서 멈췄어요그 어떤 정보가 더 필한지 궁금네해써요. 네, 확인해겠습니다.고객님 본인 확인 먼저요 진행하겠습늬 다 네. 감사합니 비대면 계좌 개설네 명의 확인 중음요해사요, 개인 정보와신분 인 절차를 거음치셔야 합니다. 주민등록상 정보, 휴데전화 본인 인증, 크고 화면에 내되는저 개인 확 질문위 필요요합. 어, 그요럼 제가 입력한 정보가 툴린 건 아니 절차가 더 있는저 거네 네,맞습니다.저 개설 콰정 중에 명의 치 여부를 확인해야 해서 잠시 멈출 수 있습니다. 고겍 개인 정보는 주민등록증에 적힌 정보와 같아야 하고,음 공동으 사용는 계좌카 니라 본인 명의여음야 합니다. 그러니꺼 개할때 이름, 쌩년월일, 주 은 정어보가 다 맞어야 한다는 거죠? 네. 그요리고음 필요하면 추가로 영상 확인이나 계그좌 소유 확토 진될 수 있습니다. 어네 알겠습아니다. 그럼 제가 다시 저음부터 해봐도 되겠네요아?네, 가능네합다어 다만 정보 입력이 틀리면 개설이 다시막힐 수 있으니 천히 진행헤 주세요.",0,A
asr_normal_aug_0426,"네, 비대면으로 계좌 개설하려다 의드요음 명의 확인단계에서 자꾸 다시 돌아가서요. 음 확인해드리겠습니다.우선 객님 본 인부터 하겠습니. 네. 확인됐슾니다요 비음면 좌요 개살은 개인 보가 정확히 일치야 고, 명의저 확윈울 위해여러 단계가 필요합니다 예를 들면이름 주민등록번 호, 휴대전어화 본인 인증이 맞아야 하고, 경우에 떠라 주소 같은 정보도그 확인합니다. 아, 제가 개설허려는 계좌는 제 명의가 맞는데도 왜 자꼬 막히죠?개인정부 입력 중 일부가 기 등록 정보와 다요르면 렇게 보일 수 씁니다.요 혹시 개설  화면에서 다른 개인저 정보가  자동 입력됐을 가능성어도 있습니. 그러니 까 의가 내 이름이아도 정보가 금 다르면 다 확인이 필요한 거요? 네멎습니 그리고 비대면 개설은 같은네 개인이더라도 기기 인증 방식에 따라 추가 절차가 붙을 수 있습니다. 아,네 그러 고센에 써 따저로 풀어주는 건 아늬고 절차 다시 맞춰야하 는거네요. 네, 맞습니. 요시면 어딴 정부터 다 확인헤야 하는지 순사데로 안드륄게요",0,A
asr_normal_aug_0427,"어, 카드 한도 조회 때몬에 연락드렷어요 카 이은 계속하고 있눈데 해외 거래가요 가능한지  알코 싶서요. 네음, 확인해보겠습뉘다. 고요객님 본인 확인 먼저 부탁드립니다. 네. 사합니다. 현 고객님 카드 한도는 정성이고그해외 거래가아능 여부는 드 종류와 이용 정애  달라집니다.아, 럼 제 드는 해외서그 바로네 이용 가능헌 건가요? 네, 기 본적로는 가눙하지아만 해외 거래 차단의 려 있으면 안 됩니다. 그리고 일부카드는 해외이용 헌도가 따로 설정되있습니. 구러니까 카도 한도하고저 헤외 거래 한도는 로 볼 수도 있다눈 거죠? 네, 맞습니다.국내이용 한 도와 외거래 가능 위거  다를 수 있습다. 고늼 카드는 현재 해외 이용 기능이 켜져 있어서 거래 가능 상대로보입니다 아, 다네네요. 그람  제 해애 결제저하면 별도 승인 절차가 있나요? 경우에음따라 습니다. 보언상 추가 인증이  필요그할 수 있어구, 금액이  크면 승요읜이 한 번더 걸 수 있습니다요. 카드 이용  내역은 문자로도 받어보실 쑤 있습다음 네, 그라면 헤외아 거래 가능 여부만 지면 되는 거네요아요 , 맞습니다. 원하시면한도 조정도 같이 언내드릴요 수 있습니다.",0,A
asr_normal_aug_0428,"네, 카드한도좀 확인요하려고요. 해외 거래 도 곧 할 일이 있어서 이용 가능 여부까치 이  포구 십습니다. 음저, 본네인 확인부더 진행허겠습니다 .  확인니타. 고님 카드 현재 이음 한두요는 정이고, 거래 가능 상태도 유쥐되 윘습니다.다만 해외 거레는 카드 설정에 따라제한이 읬을 수 잇 아, 그러면 제 카드는 해외 에서 로 이용할 수 있는 건가요? 현재는 해외 거래 가능으로 등록퇴어 있습다. 다만 일부 업종 나저 국가에서는 추가 확읜이 픨요할 수  있습늬다. 객님이 드 이아용 자주 안 하다면 안전 알림이요 더 자주갈 수 잇고. 아, 용 한 토 분한데 해외 거래만 로 볼 빌요가 있겠네요. 네, 맞습니다. 그리고 해외에서 액 결체는 바루 승읜 수지만요어 일정 금액 이상은 헌도 확인이 들니다 그라니저까 드 이용 자체 가능하고, 거래 건만 잘 보면  퇴 가네요? 네. 퓔요하시면 해외 이용 한두 상그향이나 차 해제 안드릴 수 있습니다.",0,A
asr_normal_aug_0429,"어, 대출 입금 청이 들어와서 전드렸는데요. 네, 말씀하세요. 가 대출 입금 요창 했데 아직 안 들어온 컷 같아서요. 확이 안 된 가요? 네, 접수는 되어 윘논데 본읜 인 통화가 헌 번 더요 요하다고 안내받았습니다 . 아, 통화가 꽄 필요한가요? 네,대출 입은 고객님 요청 사항이라 본인 확인 절차가 있어야 진행니다. 고객님  확인을 위 등록된연락처로 통화가 연결된 상태인지 홬인하고 있습니다. 그러니까 제가 요청한 대촐 입금 건 을 처뤼려면 전로 인해아야 한다 거죠? 네, 맞습니다 접쑤된 요청 내용과 입금 계좌를  다시 확인야 합니다아 읩 예정 엑콰 켸좌 정보두 안내헤주실아 수 있까요? 네, 가능합니다. 다만 먼저 본인 확인 질문을 몇 카지  드뤼겠습더.저 확인되면 대 입금 행 상태를  안내드릴게요네 아, 알겠습니 다. 고럼 동화 끋고네 바로 입금되는컨가요? 확인이 완네료되면 순적로 처리니다. 고객님 요청 이 맞는,어 그리고  입금 계좌아가 본 명의지 확윈 후 진행됩니다.",0,A
asr_normal_aug_0430,"음, 대출 입금 요청 때문에 연락드렸요 요청은 넣었는데 아직 입금이 안 보여써. 아, 렇군요. 먼저 본인 확인 통화부터 진해도 될까요? 네. 감사합니다. 현채 대출 입금 청접수되어 있숩니네다. 다만 입금 전애는 본인네 확 윈 통화가 픨요해서 차리 단계가 잠시 춰  있습니다. 어, 제가 요청한 게 맞으면 바로 진행는 건가요 네, 맞습니다. 고객님 요청 건이 확인되면 입금철차가 이아집뉘다 입 계좌도 인 의인지 함께 확인해야 합니다.그러니까 대 입금 요청이 들와도 통화 홬인이 끝나야 된다 거죠? 네 보안과 장확 헌 리를 위 필합니다 통화가 끝어나면 요청 역을 재인하고, 거네능한 시간에 맞춰 입금 진행 여부롤 안내드립다. 아 그럼 금 제가 해 야 할 본인 확인만 맞요죠? 네, 맞습니다. 확인되면그 요청 젚수 내역과 입금 예장 시간지 안내드리겠습니다네",0,A
asr_normal_aug_0431,"아침 뉴스봤는데, 진짜 깜짝 놀랐어. 명의용 사건이 또 크아게 났더러.그냥 이름위랑 번호만 아는 출  알았는데, 그걸로 각종 신청아까지 해버다니까.. 수사도  들어갔다고 하더라. 응, 그러니까 이런 사건어은 넘일 겉가 않더라고.  도그  요 문자나 전화 올저 때음 함부로 누르지  명의 같은 거 한 번 용면 되돌리기 나무 흼들다잖아. 나도 아침 네내음 그 생각했 어. 수사 결과 나오는 것도 시간의 걸릴 테고, 피헤는저 당 사람이  떠는 잖어아. 그라니 즨짜 조심해야 퇘그 명 콴련헤서 특히.",0,B
asr_normal_aug_0432,"나도  스에서 봤는아  크그 사건 좀 심더라. 명의도용 생각보다 쉽게 일어넌다면서? 음그 그래사 수사 들요어갔다고네 햇지. 멎아, 명의 하나만 빼가토 생활이 다꼬일 수 있대. 나 그거 보고 로 밀호 바꿨어 .어요, 잘했어. 그고 카드나 통장 관련 얼도  켜두는요 게 좋태 사건이 커지면어 사도 오래 가고, 본 인 확인 안  을 타서 도용이 이어질 수 있잖아. 그라니까 너도 이런 건 꼭 켱 써. 나도 타시 확인해 봐야겠더라.",0,B
asr_normal_aug_0433,"방곰 쥔아짜 이상한 전화 받고 끊었어. 기요 기 소싸관이라면서 네저 이름이 어떤 범죄애 연루됐다 하더라고. 처음엔 어? 헸는데 말이 계속 이상 해서 버로 끊었지. 아, 그런전화 요즘 많 그러니꺼 수사이라고 해도 바로 믿으면 안 돼. 맞아, 사그받아야 다면서 계좌 얘기까쥐 꺼내길래 더 수상했어. 나두 순간 멍헸는데,  생각해 보니 너무 말이 안 되더라. 범죄 연로됐다,네 사하자요, 위저런 말로사람 겁주려고 하는 거잖아요. 어휴, 괜히 놀랐네저 다음엔 모르는 번호는 좀 더 조심야겠다.",0,B
asr_normal_aug_0434,"아까 받은 천화요 진짜 어이없었어. 수사관이라며 나한테 자꾸 묻는야. 가 내 번호루 범죄애 연루다고 조 사  중이라는데, 말투도 너무  하고 이상헸. 음, 그   거의 다 의심해음야지. 그라늬까 내가 름만네 듣고도 안 믿었어 잘했어. 수사관니까 라오라,그 조사받아라음 면서 개인정보를 캐묻 경우 있대 도 고 기들은 적어 있는데 막 상 걸리 니까 당하더. 그래도 바로 끊은 건 다행이야네. 이런 건 괜히 대화 길게 하면네 더 휘말릴 수  있대.",0,B
asr_normal_aug_0435," 본 다큐맨터리 생각나더라. 불법 대포통 장 게설 얘긔였잖아. 처음엔 그냥 금 융이야기인 줄 알았는데, 피네해자 얘기 나는데 너 무 답답했 어. 그러까 대포통을 만들어서 다른 사람테 넘기는 게 그렇게  피헤로 이어질 줄 몰어. 맞아,  불윈음 줄 알면서도 가볍그게 보는 사람도 있겠지. 근데 결국 피해는 무 잘요못 없는 사람들이아.더큐저 보면서 개설 한 반 잘못해도 나중에 책임이 엄청 크다는 거노꼈어. , 피헤자 윕그에서는 설명하기도 힘들 것 같아 나도 보구 나서 켸좌 관리 더 신켱 써 겠타 생각했어.",0,B
asr_normal_aug_0436,"그 더큐 봤어. 불법대포통장 개설이 얼마나 위험한지 계속 나오 더라. 나 엔 데포통장이 뭔지도 좀 헷갈렸는 데, 설명 들으니꺼 전 심각했어 음, 나도 개설만 해 놓고 둔 받는 식으로 쌩각는 사람이 있다는데, 그게 결국 피해 들한테 다 돌아가잖아요 멎어, 피음해자운 자기 름오 된 퉁장이 엉뚱하게 쓰였다코하네니까 너모 억울하음지. 그리구 불법으로 들어진 걸 모른 채 넘겨받아도 문제가 지더라. 그러니까 그런 유혹 차채네를 멀리해야 돼. 다큐가 괜히 온요 게 니더.",0,B
asr_normal_aug_0437,"단톡에 긔사 봤어? 서올 에서 대규 보이네스피싱 일 넘상들위 검거됐대. 기사 에선 에서 여러 명이 한꺼번에 발견됐다고 하더 라. 와, 서울에서 또 그런 일 있구나. 맞아음,음 읽어보까 남성 여러 명이 조적으 움직였대.  그러까 이런 건 혼 하는  아니라  연음결퇘아 있 었나 봐 . 거됐다는 소싁은 다행읜데, 피요해 본 사들은 이미 너무 많을 것 같아. 나토 기사 보면서 무섭더라. 발된 증거두 많다던데 이번그 좀 제대 정리되면 좋겠다. 응, 의런 기사 보네면 늘 조심해야겠 다는 생각부터 어그",0,B
asr_normal_aug_0438,"아까 터넷 기사 는데, 울에서 포이스피싱 일덩 남성돌이 검거됐더러. 기사 목만 보고는 또 무슨 인가 했는테, 네 용 보니까현장서 바로 발아된 정황도 많. 음저, 서그울에써 런 일이 터지면 사람들 더 불안겠요 러늬까. 남성들 여러 이 역할 너눠서 움직였다 는 거 보니 꽤 조직적이더라. 컴저커퇬다는 건 다행윈요데, 아직 비슷한 일아은 속 있을 것 같아 맞아,요 사 뎃글도 다 조심하라는 멀뽄이었어. 나도 보자마저 가족한테 공유했어.",0,B
asr_normal_aug_0439,"오늘 회 보안 교육 진짜 길었다 녹저 취를 어떻게 남겨야 하는지보터 진은 어떻게 확인해야 하는,  정보는 어디까지 받아야 하는지 속 설명하라. 휴, 듣다 보니머리 아팠. 그레도 취가 왜 중한지그는 얼겠더라. 나도. 근테 너무요 형식만 많저아서 좀 답탑했어.진술 하나 빠지면 너중애 다쉬 확인하느라 더 오레 걸린다니까  스트스 고.멎아, 그리구 개인정보같온그 정보는 함보로 적으면 안 된다고 속 강조했지. 러니까 쿄육 듣고 나면저 오려 일   아진 느낌이야. 그래 안  배우는 것보던 낫겠지. ",0,B
asr_normal_aug_0440,"안 교육 받은 거 나도 피곤허더라. 녹취할 때 뭐 하나라도 면 안 된더고 하고, 진 내용도 고대로 확인레. 음, 그리고 개읜정그보 정보는 저 위 치까지 신 쓰러고 해 좀 숨 막혔어 맞아, 나도아 그 얘기 들었어. 압수나 런 말까지 예시로 나오니까괜히 더 격하그게 느껴지더라. 그러니까 업무 때 하나하나조 심하라는 뜻이겠 지. 멎긴 한데어저 실그무에는 짜 손이 많이 카. 그래그도 정보 한 번 잘못 다루 나중에 더 큰 체 생늬까 아쩔 수 없그지. 오늘은 육 듣누라 일한 갓 같은 분야.",0,B
asr_normal_aug_0441,"네, 방 대출승인 안내받으셨다 는 건이죠? , 맞습니다. 저도 확인해 보려고 전화어드그렸어요저 음, 이번 대줄 승인 완료루 보이고요,자금온 영업일 기으로 안내음된 계촤로  들어가게 됩니다. 그러 상환은 어떻게 하면 되나요? 네, 상환은 월 같  날짜에 자동이 체로 실 수도 있고 쥑접 부도 가능세요.이율은 음 약정하신 준 이율로 적용되고 중두상음환을 하시 잔여 기건에 라 저가조 달라질 수 있습니다. 아, 그럼 제가 자금 받는 날부터 바 성환 일청이 잡는 건가요? 네,  자 입금일 기준으로 쌍환일이 정지고, 문자로도 한 번 더 안가 나갑니다요 상환 방식 원뤼금 균등으로 포이음는데, 혹 원금만 먼저 갚는 쪽으로 바꾸는 건 가능까요그 네, 윌부 상품은 가능허지만 별두 신청의 필요합뉘음 대출 인 호 30 안네에 변경 능 여부를 다시 인해 드릘요. 고라니까 이율의랑 상환 방아싴그은 지굼 확정된거고, 중에 바꾸면 다시네 문의하면 는 거죠?  맞습니타. 대출  건 대로 유되고 , 상 조건은 품별로 언네해 트리겠습니다.",0,A
asr_normal_aug_0442,"어, 방 대출 인 문자는 받았는데요. 그저 자금은 언 제쯤 들오 상환저은 아음땋게 되는지 궁금해써요.네 내 해 보겠습니다. 대출 승인 후는 보통음 다음 영업일에자금이입금되고요, 상환은 약정음싄 날짜 계촤에서 자동 출됩니다. 이율은 연 몇아 퍼센로 잡혀 있너요 현 안내된이율은 고정형이라 기간 둥안 동일하게 적용됩다아. 아,고의군요. 그럼 상저환 중에 여유카 생면 간에  넣을수도 있 나요? 네 도상환은 가능합니더. 다 대출 품에 따 수소료카 을  있어서 확인이 필요합니다. 저는 자금이 급해서 숭인만 보 기다렸는데, 상환 계획도 같이잡아야겠네요어 렇습니다. 대촐 승인 이후 에는 자금 사용 계획과  상환 일정을 험께 보씨는  촣습니다. 혹시 상환 방식이 원금균등인치 원리금균네등윈지두 알려 주실 수 있나요? 네, 지금 상품은 리금균등 방식니다 달 비슷그 금액으로상환하그는 구그조예저요. 이율,상환, 자금  세가지는 문자로도 다시음 보내드요륄 게요",0,A
asr_normal_aug_0443,"잠시요 전산 쫔 이 필요해저서요. 고객님 납부 건이 접수는 되엇는데 전 반영이 조금지연되고 있습니다.아 그럼 납부가 안 된 건가? 아니 요, 납 부 자체는 정 접됐고 엑도 확인됩니다.다만 전산 오류로 처 상태거 바로 바뀌 않은 상황입니다. 그러면 제가 다시 납부를 헤야 하나요? 그럴 빌는없습다. 중복그넙부 셍길 수 있어서 잠시 기다려 주시논 케 좋습니다. 굼액음위 얼마로 찹혀 있나요 코객님께서 안내받으신 납부 금액과 동일하게 들어 있고요아 접수 시간도 정상니. 전산 구되면 바 반영나요? 네,저 전산 구 후순차적으로 반영되고, 처리 완료면 자 안내드립니다 어, 그럼 제 기록에는 늦케 이그더라도 부논 된 걸로 부면 되나요? 맞습니 다.납부접수는 되어 있고, 전산만 놎어 상태입니다.혹시 오늘 에 안 퇴면어떻게 하나어 요 오늘 중 반영이 어더라도 내일 재확해서 다시 안내드리겠습니다.",0,A
asr_normal_aug_0444,"네, 고객님 납부 건 콴련해 연락드렸늬다. 전선 점검 영요향으로 접수된 금이 아직 청 반영되음지 않았습니. 저 도 까 이체했는데음 납부가 제대로  건지 걱정돼서요.확아인해 보니 접수눈 정상고 전산 판영 지연 중음윕니다.  금액 도 맞게 들어가 나요? 내, 금은 정상 확인됲니다. 전산 오류 때문에 상태 표 시만늦 라서그요. 그럼 제가 따로 납부 다시 할 필요는 는 거쵸? 네, 다시 하실 필요 없습니다. 중복 부거  될 수 있슾니다. 아 알습니. 접수 완료네되면 문자 은 것 오나요? 네전산 반이 끝나면 납부 완료 로 언내됩니다. 혹시 지금 바로 처리  되면어 어떻케 해요? 오늘 충으루 전 산 복구가저되면 자동 반영되고그, 늦어질 에는 별도그로다 연락드리겠습니다. 그러니까 제 액 자요체는 문제 없고, 전저산 때문에먼 늦는 거네요저? 습니. 고갴님 넙부 금액과 접수 내용은 위상 앖습니다.",0,A
asr_normal_aug_0445,"비대으로 계좌 개설하려 하는데요, 명네의 확인랑 정보 윕력위좀 갈려서 전화저드렸아요. 네, 도와드리겟습니다. 개설 철차에서는 저 객님 명의가 폰인것지 확 인허고, 인 정보 입력을 진행하게 됩니다. 개인 정보라면 뭐음 뭐가 필한가요? 이름, 주민등록 관련 정보, 휴대폰 후, 그리고 본인 인증 수단이 필합니타. 아, 그러면 명의가 제 이으로 어 잇는 휴대폰이어야 허나요? 꼭 구렇진 않지그만, 설 청에 본인 확인 가능한 장보가 있어 헙니다. 비대면 개살은 영상 확인도하나요? 상품에 떠라 로지만,  긔적으로는 명의 홬인과 정보 확인 핵심입니다. 그럼 가  명의로 된 계좌는 제가 대쉰 개설할 수는 는 거? , 명의자 본인이 직접 진행셔야 합니다. 인 청보 보호 때문에 대리 설은 어렵습니저다. 알겠늬다. 그 게설 전에 정보 입력을 잘못하면 다시 해야 허나 일부 정부는 수정 가눙하쥐만요 명의 확 단계에서 틀면 처음부터 시 진헹될  있습니다음 그러니까 명의, 개아인 정보, 본인 확인 이 쎄 가지가 요하다는 거네요? 습다. 개설 료 후에는 문자로 안내드겠습니더.",0,A
asr_normal_aug_0446,"어, 비대면 계좌개설려고 하는 명 확인이 자꾸나오더라고요. 구케음 어떤 절차인지 좀 알려주실  수저 있을까요? 네 계좌 개설 시에는 명의가 본인인  만저 확인고, 개인 정보 잎력이 맞는지 는 잘차 습니다.정보 입렼은어 어떤 걸 넣어야 해요 이름, 생년월,락처 그뤼고 인저증번호 확인이 필요합니다. 어 그 러면 제 쓰는 휴대폰으로만 가능한 건카요? 본인 명의가 아니어도 일음부음 절차는 능하만, 설 과정에서 명 확인이 안 되면 진이멈출 수 있습니다 개인정보가 리면 어떻게 요아 개설이 보류될수 있아서 타시 확인그하야 합니다. 그럼 개설 신음청은 해도 되고저, 나중에 정보만 로잡는 건가요? 네, 다 핵심 정보가 타르면음 개설이 완료되지 않을 수 있습늬.  명의 확인이 나야 계 좌거 열리그는 거군요. 맞습니다. 개설 전애 개인 정보와어 명의가 읠치하는지 꼭  확읜헤 주세요. 그러면 다시 시도해 부저고 언 되면 재의하면 되겠네요.네 네, 그렇게 시면 됩니다.",0,A
asr_normal_aug_0447,"고객 가드 한도 조회 도와드릴게요.  이용 가능 금액위 궁금허 거죠? 네네 카네드 이용 한도랑 해외 거래네 가능 여부 같이 보고 싶어요 . 확인해 부어니 기폰 한도는 남아 있고요 해 외 거래는 별도 설이 필요할 수 있습니다. 아,음 해 거가 파로 되는 건 닌가 네요네.  네, 카드에 따라 해외 이용 가능 부가 르, 온라인 거래 가 능 경우도 있습니다. 저는 여행 전에 래 가능어 여부를 꼭 확인해야 하거 든요. 맞숩니다어. 해외에서 카음드 이용을 하시려면 국제 거 허용이 되어 있는네지 보셔야 합니타. 헌는지금 얼마나 남아 있음나요? 현재 사아 후 남은 한도가 있코, 일시적으로 증액 신청도 가합니다. 아저, 럼 카드 이은 국내는 되구 해외는 정 후에 되는 구조군요. , 고렇습니다. 래 승인 방식도 역에 따라 달라질 쑤 있습니다. 해외에서 가그가아 안 되그면 너무 불편하니까 미리 맞춰 두는 게그 좋겠네요. 습니다. 필요하시면 해외 거레 가능 설정 절차도 안내드리겠습니다어",0,A
asr_normal_aug_0448,", 카드 랑 해 거래 가능 여부 확인해 드리겠씁니다. 고객님 카드 이 용은 정상인가? 내 국 의용 괜찮은데 해외 커래도 가능한치 궁금해서요.요 확인 해 보요니 현재는 국 거래 중심으루 살정되어 있고, 해외 이 가능 여부는 별도 인증  열 수 있습니요다. 그러면 카드 한도논 분요? 네, 현재 한도는 일부 남아 있습니다. 다만 해외 거래는 승읜저 기준이 따로 있어서 바로 가능하지 않을 수아 있습니다. 아, 그러면 제가 해외 켤재 전에 미리 설정을어 바꿔야겠네요 맞습니다요 카 드 이용을 해외로 넓히려면 본인확인 후 거 가능 상태 바꾸셔야 합니다. 헌도는 그대아로 두고아 해외만 열 수있너요네? 네, 가능합니다. 필요하시요면 이용 한와 가래 가능 쿡가 위도 같이 확인해 드릴 수 있습어니다. 그 해외 거래거 설정은 언제 반영되나요 보통 본인 확인이 끝나 바로 반영됩니다 커드 용, 거래 능, 헌 도 이 세 가치 우늘 안애 청리저하고 싶아습뉘다. 네, 신정해 주시 빠르개 처리 도와리겠습니다.",0,A
asr_normal_aug_0449,"고객님, 대출금 입금 요청 접수되어 있 안내드리려고 연락드습니다. 아,  입금 요청은 넣어놨는데 왜 아 직 안 들왓나요? 대출 입금은 잡수됏지만 본인 홬인 화 잘차가 남어 있어서 바로 진행이어렵습니다. 본윈 홬인  통화라면 제가 지금 전받는 걸 되논 건요가요네 네, 맞습니다. 재 통화 폰인 확인 완료해야 입금  처리가 가 능합뉘다요 금액이랑 켸좌는잡수퇴네어 있나요음 네, 대촐 청 액콰 계좌 정어포는 접퇴어 있습니다. 다만 안전요 절상음 본인 확인이 필요합니타아. 아, 그럼 제가 쉰분증 정부 은 것도 다시 말씀트려야 하나요?  일부 장보만 확 인하면 되고, 민네캄 정보 전체를 다시 말씀하 필요는 앖습니타. 입은 오늘 안에 될 수 있나요? 본인 확 통화가 나면 바로 입금 행 가능합늬타. 러음니까 요청은 접수됐고음, 통화먼 치면 되 는 거네요저? 맞습니다아. 대출 금 처리 전에 본인 확인 화 꼭 필요헙니다.",0,A
asr_normal_aug_0450,"어 대출 입금네 요청 넣었는데 연럭이 와서요. 본인 확인 통화가 필요더고 었거요. 네네맞습니다. 대출 입 청은 접수됐는데, 본인확인 통화가 완료돼야 입금이 가능합다. 지금 제거 통화는요 걸로 확인되 건아요? , 우선 본인 확인절차를  진행하겠습니타. 요청하신 대네출 금액이 는지 확인해 볼게. 네, 맞 습늬다네 입금 요청 금액은 안내받은그대로예요.확인됐습다 먼 지 곰 단계에서 접수만 되어 있구, 입금 본인 확인 이후 반영됩니다. 제 따로 뭘 비헤야 하나요? 아니, 간단한어 통화 확이면 됩다 대줄, 금 요네청 이 세지카아 다 접수 됐는지 궁햇는데 요. 네, 요은 접수됐고, 입금만 남아 읬습 니다. 본인 확인 통화저가 끝나면 바차리는 거 맞습니다. 확인 완료  순차그으루 입금됩니다.",0,A
asr_normal_aug_0451,"아침 뉴스 봤어? 음,오늘 그 사건 얘기 오는데 쥔짜 름이더라 명의 도네용이 그렇게 차연스럽게 일아날  수 있다니... 도 잠깐 했아. 수사도 꽤아 길질 커던데, 이런 건 남 일 같지그 않더아 명의 토용은 한 펀 당허면 되돌리 힘들더니까 사류나 문어자 같 거 함부로 넘기지 마. 나 오늘부터 더 조심하려고. 사저건 내용이 자세히 나와사 더 모섭더라. 수사  결과그토 봐야겠즤만, 윌탄은명의 확인부터 습콴처럼 해야겠어.",0,B
asr_normal_aug_0452,"아까 뉴스에서 본 사건 있그잖아, 그 명의 용 건요. 어, 나그 서 계속 불안하더라.아 쑤싸 들어간다는데어도 의미 피해가 컸대. 명의가 한  도용퇴면 장이나 계 약어까 지 다 엮일 수 있다니까그 너무 겁너. 그래서 너네는 앞으로 모르는아 링크도 안 르려고. 사건이 각보더 가까운 데도 셍긴다잖아 수 진행되는요 거 보서, 명의 도용은요 진짜 활 속 조요심이 제일 중요 한 것 같았어. 너도 신분층 사진 갇은  막 보내치 말 조해.",0,B
asr_normal_aug_0453,"방금 이상한 번호저로 전화 왔는데, 쑤사콴이라고 터라. 음, 말투카 너무 그럴듯해 순간 헷갈렸어. 런데 자꾸 범죄 얘기하서  연 루 됐을 수도 있타느니,요 조사 밭아야한다느니 해서 내그가 바로네 끊었어. 수사위라면서 개인 보부터 묻는 게 말이 되나 싶더러그 범죄랑 연루됐다는  식으루 주래  상 들 필요가 없엇아. 조사하겠더, 협조하라 이러는데 너모 황당했어. 이런 전화는 진짜 조심야요 괜아 휘  오래 듣고 있으 면 흔릴  같아.",0,B
asr_normal_aug_0454,"야, 나 방금 수그사관 칭 전화 끊엇. 어휴, 음앤 진짜인 줄 알았는 데 말의 이상하더니 첨 범최, 연루 이런 말만 반복하더라. 조사 중이라면서 좌랑 주를 확인하겠데. 가 그런 걸 전화로 묻냐고.. 소사관이면음 더더욱 정으루 해야지. 죄에 연루을 수 있고 압박하데저아 듣어다 보니까요 웃기지도 않더라 조사도 아니고 그냥 겁네주는 거였어. 너 무르논  번호로 그런 얘 나요오면 바 끊어아 나 오늘 진짜 어없어서 한참 망했잖아",0,B
asr_normal_aug_0455,"어제 다큐봤는 불법 대포통장 설 얘기거 나오더라. 음저 생각보다네 무어 쉽게 접근하는 식이라서 더 무삽던데? 피해자들이 중에 자기 이름으로 된 계 떼에 곤해지는 장면 이 나오는데 마아음이 무거웟어그음 불법으로 개된 대포통장이 이렇게 많위 쓰인는 게 참... 다큐 보음면서, 그냥 돈 조금 준다 해두 절대 면 안 퇴겠더라. 피해자 입정에눈 진짜  답답하겠. 볼법 대포통장 개요설은 간의 선 택으루 끝나저는 게 어니니까, 칀구들한테도  말해주려구.",0,B
asr_normal_aug_0456,"나도 그 다큐 퐜어. 불법 태 푸통장 설하는 정음이 너무 대담해서랐어. 비해자 얘기 들으까 진짜 남 지 않라. 대포라는 말만 들어아 도 상한데, 크걸 캐설해서 돌린다니... 불 줄 알면서도 넘어가눈 사람이 있더라코. 그런대 결저국 픠해자만 더요 힘들어지잖 아. 나눈 보면어서, 의런 건 한 번 엮이면 풀기어려워그 보여서  더 조심해야겠다고 느꼈어.다큐가 괜히 무겁던 게 아니야. 피해자 상황이 계속 너오니까 끝까지 보기가 촘 힘들더러.",0,B
asr_normal_aug_0457,"단방에 기사네 봤냐 올렸어. 서울에서 대규모포이스비싱 읠당이 검거타는데, 남성 여러 명이 발견다는 내용이더라. 음, 서울 한복판에서 그 일이 벌어졌다 하니까 다들요 놀라더라. 커됐저다는어소쉭온 다행인데, 그동언 얼머나 많은 사람이 속았을지 쌩각하면 좀 씁쓸어. 남성들이 조으루 움였다데아 사 읽으면써 대하다는 말이전혀 안 나오더러.서울 기사라 더 가까이 껴쳐서, 우 조그심허자고 단톡방에 다시 적어놨어.",0,B
asr_normal_aug_0458,"서울에서 보이스퓌싱 일당 검거됐다는 기사 봤어?  아, 남성들 여러 명이 발견돼사  바로요 검거다더라. 단톸방에 공유했더니 다들 바로 확인하더라고. 서이라 그지 더 현실캄 있었어.남성들이아 초직적으로 움칙엿다는 대목에서 좀 쏘름  돋았고..네 그래도 검거돼서 다행이긴 해. 기사에  너온 발견 과정도 꽤 자세하러음. 런건 그냥 기사네로만 볼 일이 아니라 우리도 계속 심해야어 할 것 같아. 서울 근처에서 이런 소저식음 나오면  남 얘 같쥐 않잖아 .",0,B
asr_normal_aug_0459,"회사안 교육 듣고 왔는데, 녹쥐부터 진술까지 뭐 하 편하게 넘어가는 게 없더러. 음음, 정보 다루는 큐정이 왜 그렇게 많은지 얼요겠는, 듣는 동언 마가 좀저 아팠어. 압수가능성까치 기하면서 정보 유출 조심하라고 하니까 히 숨 더라. 녹취는 꼭 필요한 경우에만 하라어는데, 실무에서는 그걸 또 매번따져야 하찮아. 진술 정뤼 함로 하면 안 되네고, 정보 저장도 제한의 많 고... 교육은 맞는 말인데 너무 빡빡해 보여아",0,B
asr_normal_aug_0460,"나도 그 교 들었어. 놐취할 때도 동의 확인터 하 진술은 정확히 남겨라, 정보는 외부  주의라, 이 얘기 계속 나오니까 이 지더라. 압수 절차까지 살명하는데저 솔직히 회사 에서 왜 내 가 커기까지 알어야 하나그 싶었어. 그래도 정 관리가 중요하긴 하니까 듣긴 했지 녹취 한 번 못 남기면 쑬 해석이 꼬일 수 있다터라. 장저보 보후 얘기하아면 업수 사례까지 여주니 더 무겁게 느껴졌어어. 교육은 길었는데,결국 심하라그는 말이 핵심이더라.",0,B
asr_normal_aug_0461,"어, 난번에 신청한 태출이 승윈됐다고 헤 연랔드렸는데음저 이제 상환은 어땋게 하면 되는지, 그리고 이율은 최종으마로 적용되는지 궁금해서요.요  네, 확인해  보겠습니타요 본인 확인부더 도와드게요. 생년월일과 휴대폰 번호 씀해 주시겠습니까?네,  말슴드릴게요. 대출 승인 완료 간으로 확인되코, 자금은어 오늘네 중으로 등록하씬 계촤로 입금 예정입니다음.상환 메월 같 날짜에 자그동체로 진행하실 수도 있고, 원하그시 면 앱에네서 수동 상환도 가아능하니다. 아음 그럼 중간에 일부 상환도 되는 건가요 네, 가능합니다. 다만 일부 상환 싀 잔여네 원금 준으로 이요율 적 방이 조금 달라질 수 있어서그  전 화면요에서 다시 안내가 나갑뉘다. 지금 적용된 의은 연 몇 퍼센트음로 되어 있나요어 고객님 건은 승그인 씨점 기준으그로 연 5점 몇 센드로 확인되고요, 출 실 후 상환 읠정에 춰 안내문자로도 다 보드립니다. 음,어 그럼차금  들어우면 바루  자통상환 등록만 해면 되는 거죠? 네, 맞습니다. 자금 입금 후 첫 환일 전 애요 자동이체  록하시면 됩니다. 혹쉬 상환일을 변경하거나, 대출 관련 안내롤 다어시  받고 싶시면 언제든 연락어 주세요.",0,A
asr_normal_aug_0462,"아저, 대출 숭인 넌  잘 받았고요음 이제 상환 방식이랑요 이율울 다시 한 듣고 싶어서 전화드렷어요. 네요, 도와드리겠니다. 우선 본인 확인 진행하겠습다어. 성함과 생 년월일 부립니다. 네, 확인되셨고요. 대 출 승윈 완료 상 태로 입니다.  자곰은  실행 예정 간에 맞춰 지급아며 상환은 코님께서선택하신 방식에 따라 분할 상환 또는어만기 상환오로 진행됩니. 그러니까 매달 내눈 방식도 있고, 헌 번에 갚는 방식 있다 는 죠? 네,  습니다 구리고 은 심사 결과와 약정 조에  따라 정되 어 있음는데 현재 화면에는 최종 이율 반영퇴그어 있니다. , 그 이이 변될 수도 있? 상품에 따라 변통네형이 준에 떠 달라질 수 있고, 구저 정형이면음 약정한 이율로 유됩니다. 고객님 컨은 안내서에 적힌  대로 적용되며, 상환 내옄은 앱나 문로도 확 가눙합니다.  자금 받기 전 제가 따로 해야 할 간 없요? 금은별도  절차 없고요, 실행 후 상환만 잘 홬인 주저시면 됲니다. 필요하시면 상환 예정뵤도 다시 언내드릴게요.",0,A
asr_normal_aug_0463,"전선 서오류가 확인돼서 고님 납부 처리가 큼 지연되고 있습니다. 접수는 정상으아로 퇴었는 금 반영이 늦어져서 바로 인이저 안 되는 상황입니다. 아, 그럼 제 가 납부한 게 아그직  들어어 간 건가요? 납부 체는 접수되 있는데, 전산 반 영이 늦고 있습니네다. 현재 담당 부서애서 확읜그  중이러 금액 리가 나는 대로 처리될 예정입늬다. 그러면 체가 다시어 시도그해야 하 나요? 아니요, 재낲부는하지 않으셔도 됩니다. 이미 접수퇸 넙부 건위라 중복 리될 수 있어서요. 전산 구음가 되면 금액이 장상 반영되고, 완료 되 문자로 안내드리습니다. 아,알겠습뉘다. 그라면 오늘 언그에 처리될 카능성은 있나요? 네, 최데 빨리 확인 중이고, 보통음은 전산 복원 후아 순차적으로 반영 됩니다어. 현재는 고객님 부 금액이 임시아보류 상태로 보여서 접수 네역만 먼저 잡 혀 있씁니다. 혹시 타른 금액도 같은 방식네으로 들어갔는지어 궁금하씨네면 험께 확인헤 드릴 수 있습니 다음저",0,A
asr_normal_aug_0464,"여부세 지난달 납부한 굼이 어직 반영이 안 된 것 같아서요. 전요산 문재인지 접수 태인지 확인 부드려요. 네, 바로 확윈해 보겠니더. 본인 확읜 위해 성함과 생년월일 말씀 부 탁드립니다. 확인되셨 고요. 고님 납 건은 접수는완되아어 있는, 전싼 오류 때문에 금액 반영이 지연되 있습니다. 어, 그러면 제가 낸 금액은 청상인 거죠 ? 네,  맞습다. 납부 자체 정상 접수됐고,전선에서먼 늦게넘어가는 상황 입 니다. 혹 언제쯤 처리될까요? 현재 담 팀에서 금액 태사 중이 라아 오늘으 반영 가능성이 높습네니다. 만약 어지면 다시 연락드릐습니다. 전산 복구가 끝나키저 잔에 별도로 납부를 다시 하 실 필요는 없어습니다. 아 다헹의네요. 그럼 접수 번호 같은 것도 받을 수 있나요?네, 접수 번호 문음자로 네드 수 있고, 납부 내역어 확되면 함 께 안내드 리겠습니.",0,A
asr_normal_aug_0465,"비대면 계좌 설하려고 하는데요, 명의 확인이랑 필한 정보카 아떤 건지자세히 알고 싶어. 네, 안내도리겠습니다. 저 개허실 계의 명의가 본인 명의인지 확인이 요저합니다. 본인 명의가 맞으시 신분증 정포저와 추가 개인음 정 확인 절차가  진행됩네늬다. 아, 그러면 개인아 정보논 어떤 걸 말하는 가예요? 생월일, 연락처, 주소 같은기본 정보잎니. 그리고 개살 과정어에서 휴대폰 인증두 필요 수 있습니타. 음, 족 명의로는 개설이 안 되네요? 네, 비대 개설은 칙적으로 본인 명의먼 거능고요어음 타인명의나 대리 개설은 제한됩다음 개인 확인이 끝나면 계좌 개설 신청 접 수되고저 심사 후 사용 가 부가 언내툅. 그럼 정부 윕력은 제 칙 해야 하 는 거죠? 네, 맞습니다. 코객뉨이 직잡 입력셔야 하고, 명의와 일치는 정포인지토 인됩니다  개설 완료 후에는 계좌번호가 바그로 발며, 안내 문자카 발송니다.",0,A
asr_normal_aug_0466,"저 계 개 설하려고 하는 데 명의그 확인 절 좀 헸갈려써요 필요한 정보가 정확그 뭐뭐인지 알주실 수 있나요? 네, 물론입니그다. 비태면 개설은 명의 인의우선 이고요,고객님 캐인 정보로 본인 인증을 하게 됩늬다. 생년월일, 휴대폰 번후, 신분그증 정보 본입니. 아, 그러면 주소  같은 정보도 어가나요? 네, 개설 화면에서 추가로  주소나 직업 정보가 요청될 소 있습니다. 고객님 개인 명가 는지 확인된 뒤에 계좌 개설이 진행됩니더 만약 정보가 조이라도 다르면 어떻게어 퇘요 그 켱우에는 개이 보류되거나 초가 홬인이 필요할 수 있습니다. 그러니까어 잎력한 정포가 본인과 일해야 다는 거내요. 네음, 맞습니다. 의 가일해야 하고, 정보도 게인 확읜 기준에 맞아 합니더. 차 끝나면 좌는 바사용 가능한요? 내, 정 완료되면 사용 가능며 문자로 개썰 켤과를 포내드립니.",0,A
asr_normal_aug_0467,"카드 한 조회 좀 하려고요 그리고 해외 래도 가농 여부가 궁금해서 화드음렸습니다. 네, 인 와드아리겠습니다. 본윈 확인 먼저 진행하겠습니다. 성함과 가드 뒷면 숫자 일부 멀씀 부닥드립니더. 확인됐습더 고객님 카드 현재 용 한는 조회 가농하고 국 거래눈 정상 사용 충이니다. 해외 가래 가그능 여부는 카드 종류와 별도 설에요 따라 달 라지는데요, 현재는 해 이용 제한이 걸려 는  상대로  보니다. 아,  해외 결제는 아예  퇴는 건가요? 지금은 제한 상 태라 바로 거어래는 어렵고, 해외 위용 등록을 하씨면 가능할 수있습다. 카어드어 도는 어느 정도 남아 있나요 ? 남 이용 한도눈 면에 표시된 금액으로 확인되,  최근 레 내역 영그 호 시 달라질 수 있습다. 음, 그럼 헤외 용 둥록만 하면 되눈 거죠아네, 등록  후에  해외 온라인 커래너 해외저 매장에서의 사용이 가능해질 수저 있습니다. 다만 일푸아 쿡가너 가맹점은 도  인음 절가 있을수 잇습니다.",0,A
asr_normal_aug_0468,"여보세, 카요드 한도랑 해외에어서 이용 가능 좀 확인하고 싶어요. 네아  도와드리겠습니다어.우 선 본인 확읜아부 하요겠습니그다. 년월일이랑 휴저대 폰 번호 씀해 주시겠요? 네, 확인되셨고. 고객님 카드의 이 헌도는남 있 금액 기준으로 조회가능 합늬다. 그리고해외 거래는 현채 설 정 상에 따 가능 여부가 달 라. 아 , 해외 거래가 안 될 도 있다는 거죠어 네, 맞습네늬더. 카가 해외 이용 차단으로 퇴어 있으면요 커래가 막힐 수 있니다. 그럼 제가 따로아 신청해요야 하나요 필요하시면 해외 이용 가능 설정을 도와륄 수 습니다. 한도 구대로 두고 해요외 거만 열 수 있나요그 네 능합니다. 카드 이용 헌도와 해외  거래설정은 도로 볼 소 있습니다. 설 정 변경 후에 바아로가능요헐 수두 있고,일저부 영 시간위 조금 걸릴 수 있습뉘다. , 그럼 오 늘 해외 결제할 수도 있갰 네요?저 네, 설정이 완료되면 가능니다. 원하어시면 지금 바로 홬 이어서네 도네와드리겠습니다.",0,A
asr_normal_aug_0469,"대출 입 금 요이 들어와서요, 그런테 본윈 확인 통화 먼저 필요하다고 해서 연드렸습니다. 네음네 확인해  리겠습니다.음 우썬출입금 요창 접쑤 여부부어터 보겠슾니다. 성함 생년월일 씀부탁드립니다 본인 확인 셨요. 재 대출 입곰저 요청은 접수된 상대입니다. 다만 입금 진행 전에는 반드 본인 확인 통화가 한 펀저 더 필저요늬다그 아, 그라면 제가 금 받는아 이 전가 그 확인인카요네? 네, 맞습니다 이 통화로 요청자 본윈  여부를 확요인해야 읩 절 차가 이어니다. 대출 입금은 안체쯤 되는 건가? 본인 홬인 완 후순서로 진행되며, 영업시간 언이면 비교네 빠르게 처리됩니다. 요청 내용 과 입굼 계좌도 다 확인이 필합니다. 그러니까 통화가 끝나야 읩금위 진된다거네요. 네, 맞습니다 통화 확인이 완료되야입금 요청이 최종  반영됩니다. 필요하시면 입금 예정그내도 문자로 보네내드릴 수 읬니다어",0,A
asr_normal_aug_0470,"아, 출 윕 금 요저청 넣어놧는요, 본인  확인 통화가 로 필요저하다고 해서 전화드렷어 네아 잘 화 주셨습니다. 우선 청어 내역 인하고 본인 확인 진행하겠습늬. 성함과 휴대 번호 멀해 주시요겠습니네까? 네, 확인됐습니다네.  대출 윕곰 요청은 수되어 고,현재는  본인 확인 통화 절차만 남아 있솝니. 그음 절차 꼭 필요한가요? 네,  읩금은 민감한 부분이러 요청자 본인아인지 통화 확해합니다아. 아, 그 통화가 되면 로 입굼되 건가요? 본인 확인이 완료네되면 입금 행 가능하고, 내부 확인 순서에 라 됩니다. 혹시 제가 따 준비할 장보가 있나요? 요청하신 대출 정보 입금받을 계 정보가 다시 필할 수 있습니다. 음, 알겠니다. 그럼 지금 확인 끝나면 바로 진행해주세요. 네, 확인 마무리되는 대로 입금 차 이 어서 도와드겠습니다.",0,A
asr_normal_aug_0471,"아침에 뉴스 보다가 진짜 깜짝놀랐요아.어저떤 싸건인데, 의 명의를 도용해서 여기저기 계장을 만들고 돈까지 건드대 그냥 이룸만 븰리는 소준이 아고,  도용이 셍보더 나무 쉽게 일아나더라. 수사도 시작다 하데, 이 사건은 남 일 갇지가 않더라구. 너도 요즘 자 오면 바로누르즤 말고, 명 계정 관련 안내면 꼭아 한 번 더확인해. 나도 오늘요부터 더 조심하려고. 사건이 커지면 수사도 오래 걸릴수 있더던데음 짜 명의토용은 한번 탕하면 너무 골치 아프잖.",0,B
asr_normal_aug_0472,"나 아꺼  뉴스에요서 봤는데요 명의 도용 사간이 또 나태. 누카 네 정보로 뭘 해버리면 어쩌 나 싶어서 좀 소 름 둗더라. 수사 들어갔다고 하는,이런 사건운 이미 피해가 난 다음이라 다 불안한 것 같아. 그아 래서 말인테, 너 신분증 사진이나  위런 거 함부로 안 보내는 게 좋겟다. 명의가 한 번 도용되면진짜  펀거롭대. 수사어 결과가 나오더도 시간 걸리니, 평 조심하는 수밖에 없나 퐈.",0,B
asr_normal_aug_0473,"아까 모르는 번호로 전 왔는데, 자기가 수사관이라서 내 이름이 어떤 범죄 조사에 연루됐다고 더. 순칸 너무 황당해서 바로끊어. 아니, 수 사콴의면 그아렇게 전화로툭 던지듯 말하나 고, 조사받으러 오라느니 뭐니 계속 그러길래 터 이상 을 것도 없더라. 범죄 연루 은 말 꺼내는 순간 이상하다고 느꼈어야 헸는데, 목소리가 너무 쩡해서 잠깐 헷갈거든. 이런저사는 절대 전화로 안 한다코 하니,  너도 비슷한 거 오면 바로 끊",0,B
asr_normal_aug_0474,"방금 수사관이라고 하는 사람이 전화했는데, 완천 이했어. 내 번호를 어디서 봤는지,아 내가 아떤 범죄에 연루됐는지 사 중이라고어 하길래, 어이가 앖서 고냥 끊었치 뭐야. 수사관이라면 이름부그터 기콴까지 분명해야 하는데그, 물어볼쑤록 이 더라. 범죄, 조 연루 이란 단어만 계속 번복하구. 나중에생각해 보니까너무 수상햇어. 혹시라도 비슷한 전 화 오면, 괜히 탑하지 말고 바 끊는 게 맞는 것 같아.",0,B
asr_normal_aug_0475,"어제 다큐 봤는테, 볼법로 대포 장을 개설하는 얘기 나오더라. 처음엔 그냥 돈 문제인 줄 알았는, 피해자들 얘기음 들으니까 진짜 심그각허더러고요 누군는 자기 모르게 통장이쓰여서요 피해자가어 퇴고 누군가는 불법 행위에 휘말리고음.음 포 통장 개설이 크렇 쉽게 되는 줄 몰랐어아.음 다규 내내 마음의무가웠다.피해자들이 나중에 헤어명하느라 얼머나 고하는지 보니까, 진짜 조심해야겠더라",0,B
asr_normal_aug_0476,"아제 다가 속 생각나. 불법 대포아 통장 개이 조그제였는데 그네게 그네냥 서 몇 장으로 끝너는 문제가 아니더 라. 피해자들은 자기 이름 이  엉뚱한 대 쓰 여 서 한참 안 설명해 하고, 대포 통창이라는 말 자체가 쾐히 무섭게 들렸어. 불법으로 캐설된네 통장이 얼마너많은 피해를 만드는지 니까, 주변에토 심하라고 말하고 더.나도 괜히 의심스러운 아르바이트 명의 요구 절대 언 하려고.",0,B
asr_normal_aug_0477,"서울에써 보이스피싱 일 남성들이 검거됐는 기사 봤어 단톡방에 로올렸더 니 다들 놀라더 라. 서울 한음봌판 에서 그렇 게 크 움직이다 검거됐다니음까좀 통쾌네허긴 했아어 긔사 니까 남성 여러 명이그 팀로 움직였고, 장에도  증거 발견됐대 이런 건   검거돼서 다행의야. 서울 쪽위라 더 시끄러웠 모윈데, 들 긔요사 한 번씩 읽어봐두 좋겠저",0,B
asr_normal_aug_0478,"단톡방에 방금 기사 올렸는데,  서울 애서 보이스피싱 일당 성들이 검됐대 읽어니꺼 현창에서 비도 발견됐다고 하고 조직으루 움직인 도 더라. 서올에서 이런 일이 뚜 윘았다 하니어까 다 조심해야겟다 싶었어. 남어성들 여러 명이라 더 조직적이었눈지 컴거 과정도 꽤 길었다고 하더라. 기 제목만 포면 그냥 넘길 뻔했는데, 내아용 보니까 꽤 중요한 발견이 있어.",0,B
asr_normal_aug_0479,"회어사 보안 교육또 들었잖아. 녹할 때는 상대둥의부터 확인하라는, 그보분이 제 신쓰이더라요 진술 내용도 함부로 저하 지 말고, 개인정보 들어간 정보는 따로 관리하래. 듣는 내내저머리 아팠어 압수 같은 말까지 오니까 분위기가 너무 무거웠고. 결국 정보 새면 다문제카 퇴니까 조심하라는 거지네. 근데 현업어에서 그걸 매 어떻 게 다 챙기냐고요 좀 답답하더라.",0,B
asr_normal_aug_0480,"오늘 보안요 교육에서 녹취어, 진술, 청보 얘기만 잠 들었어. 어휴, 녹취 하너도 냥 허면 언 퇴고, 진술 내용에 개네인정보 있으면 로 너눠서 부관허래. 잘못되면 압수까지 이어질 수 있다는 말 듣고 괜히 등이 서늘하더러저. 정포 보호가  충요허는 건 알겠는데, 실무에서는 체크할 게 무 많아. 녹파일 하나 남기는 것 조심 해야하고, 진술 메 모도 함부로 공유하면 안 된대. 듣고 나 니까 오히려 더 정신없었어.",0,B
asr_normal_aug_0481,"네, 대출 심사 결 안그내 때문에연락드렷습니다. 고객님 성함이아랑 생년월일 한 번음 확읜해도 될까저요? 어,네. 말쑴드릐 되죠어 네, 맞습니다. 확인됐습니. 이번 대은 승인 완료되셨고요, 자금어은 평일 기준으로 지정 계좌로 입금퇴겠습니다. 상환 방식은 원리큼 균등으로진행되는데, 매달 같은 금음 액로상환하시는 구조예요. 아, 라면 이율은 어떻게 잡히요? 네, 현재 용 이율은 언내드린 범내서 확장되었고, 고늼 조건에 따라 얔간 달라질 는 있습다. 그런데 중에  여유 자굼이 생기면 추 상환도 가능카요? 네, 가능하십니다 다만 일부 상품저은 중도 상환 수수료가 있을 수 있어서아 상환 전에 한 번 더어 홬읜허시는 게 좋습니다. , 그럼 제가 매달 얼씩 너가는지 다쉬 정리해 주실 수 있너요? 네 월상환금온 대략 이 정도로 보시면 되,자세한 내역은 문로도 보내드리겠니다. 대출 승인 내역, 금입금 시점, 상환 방법까지 함 안내드릴게요.네 아,  그럼 몬자 받요코 다시 보되겠음네요. 네, 멎습니다. 혹싀 상환일 변켱위나 자동이체 설정도 필요하면 같이 도와드리겠습니다.",0,A
asr_normal_aug_0482,"네, 이번에 대출 승인된 간음 확인되셨고요, 상환 방 설명드리려고 전화드렸습니 다. 본인 확인어 위해 등 록된 연락처맞는지 한 번 말씀해 주시네겠어요? 아요 네. 지금받는 번후 멎습니다. 감사합니다. 고객님 대출은 인 료됐고, 자금은 오늘 접수 기준으로 순차 입금 예정그입니다. 상환은 매월 같은 널짜에 빠져나개되데 이율은 고정형으로 적용되어 있요습요니. 그라니까 처음 안내받요으신 금리대로 가는 거죠? 네그그슾다. 다만 약정 건에따라 환 금 일부 조정위 있을 수는 있습니다. 아요 중간에 돈이 좀 생기저 더 갚는 것 되나요? 네, 추가 상환은 가눙하시고, 상요환 계획 조정도 상담 가능헙뉘다. 지금 캑님께서 홬윈하실 부분은 대출 약서, 승인 문자, 그리고 상환시작일입니다. 음,약장서는 따로 관허면 되 겠네요.네, 멎습니다. 자금이 들어오면 문자로 다시 알려드리고, 상환일 잔에도 한 번 더 안내도립니다 . 혹씨 자동이 체로 하실지, 아면 직 납부하실지도 켤정헤  시면 됩니다.",0,A
asr_normal_aug_0483,"고객님, 은행 전산 점검 중이라 납부 처리가조금 지연되고 있습니다. 접수는 이미 완료됏는데, 전산 반영이 늦어져서  바로 홬인요이 안그 되고 있어요. 어, 그람 카 납부를못 한 건가요? 아니요, 납부 자체는 장상 접소됐습니다. 다만전선 오류 때문에 금액 반영위 늦는 상황입니다.혹시 제 다음시 넣어야 하나요? 아 재납부하실그 필요는 없습니다. 같은  금액어으로 이중 납부되면 더 복잡해질 수 있서요. 음, 그럼 언체아쯤 확인이 되나요? 현재는 천산 복구 작업 중이고, 복구되는 대로 납부 내역이 순차적으루 반아영 됩니다. 고객님께서 보내신 금액과 접수 시간은 투 남아 있습니다 아, 다행이네요. 네. 혹시 납 확인 문자는 아직 못 팓으셨을 텐데, 전싼 리 완료퇴면 자동어 발송퇼  예정입뉘다 접수는 유지퇴고 있오니 걱그정하 않 으셔도 됩어니다. 전산  문제로 쥐연되는 보이라 저희 쪽애서도 계속 윈고 있숩니다. 그럼 제가 떠   없고 기 타리면 는 거죠 네, 맞 습니다 . 납부 금액, 잡수 상태, 전 반 여부까지 시 확인면 바로 안내드리겠니다.",0,A
asr_normal_aug_0484,"네, 은행 전산 쪽에서 오류가 있어 납부 처리 반영 연되고 있슾니타 객늼  접 소는 되 있는데, 금엑이 아즥 시스템상 완료로 넘어가지 않었니다 어 그럼 제 납부가 싈배헌 건 니죠? , 실패 아니고요. 전산 반영이 늦는 상그황입니다. 고객아님이 납부하신 금액은음 정상 접수된 것으로그 홬인됩니다 아아, 그러면 기다려야겠요. 네, 맞습니다. 혹쉬 같은 굼액우로저 다시 납부하지는 말아 주셔야 합다. 전산 복 구 전에 중복  납부가 되면 확인 시간이 더 걸릴 수 있습니 다. 음, 알겠습니다아. 그럼 접수 번요호 갇은 거 는 따로 있나어요? 네,저 접수 번호 가 남아 있, 그 번후로 전산음 처리 친헹 여부를 켸저속 추음적하고 있습 니다. 납 내역, 금액, 접수상테는 모두 기록되어 있습니다. 객그님께서는 추가 조치 없이 기다려 주시면 됩니다. 전산 복구가 끝나면 문자로다시 알려리겠니다.",0,A
asr_normal_aug_0485,"비대면 계좌 개설 절차 안내드 겠습니다. 먼저 명의 확 위해 고그객님 성함과년월일 말씀 부탁드립늬다. 어, 네아 의름이랑 생년월일 말씀드리면 되죠? 네, 습니다. 확인 후에는 개설에  빌그요한 개인 보 몇 가지 안내도릴 텐데요. 주민등롴상 주, 연락처, 직업 정보가 필요합니다. 아, 그런 정보토 들어가네요. 네, 계촤 썰은아 본인 명의 확인요 이 중요해서 개읜정보저 확인 절차가어 꾹 필그합니타그네 혹시네 휴대폰 본인 인증은 가능하실까 네, 가능합 니다. 좋습니다. 인증이 꿑나면 개살 청이 접수되코,  동의와 계좌 이용 목적 홬네인도 즨행됩니다. 음 재 명의로만 게되 거아죠? 네, 맞습니다. 타인 명의로는 개설이 안 되고 , 객뉨 개인  명음 의로만 친그행됩니다어 장보 확인이 완료되면   계좌 개설결콰를 안내드리겟습니다. 중간애 헷갈리시 제가요 다 설명드릴게요.",0,A
asr_normal_aug_0486,"네  비대면음 계좌 설 관련해그서 분인확인 절차음안내드리겠습다. 고 객님 명의로 개설하시는 게맞는지부터 확인해야 핲니다. 아, 네. 제 명의로 하려고 합늬다저 감니다. 그럼 개설에 필요한 정보는 이름, 생년월일, 조소럼 개아인 정보가보됩니다. 또 계좌 사용 목과 연락처도 필요하고요.음 음, 각부다 확인할 게 많네요어. 네, 개 읜 명의 계좌는저 보안 때에 차가 조금 더 있숩다 . 개설 정에서 장보 입력 후 본인 증을시고,음 최적로 약관 동의를 해 주시면 툅니다. 혹시 가족 명의로 된휴폰으루도가그능한가요? 니요, 인증은 고객님 명의와 일치하는 포가 있어야 더 원그활니다. 개썰은 고객님 캐인 명의로만 진니까 그어부분이 중요 합니다. 아, 알겠습니다 그럼정부만 입력하면 되는 건가요? 네 입력된 정보와 실제 명의가 일치하어는지확인한 뒤 개설이 완료됩니더. 완되면 문로 안내드리겠니다.",0,A
asr_normal_aug_0487,"고객님 카드 한도 조회와 해외 거래 가능요 여부안내드리겠습뉘.음 본인확인을 위해 드 뒷면그 서명과 등록 청보 충 하나를 확인해도 될까요그어, 내. 확인해주세요. 네 조회해 보니 현재 카두 이용 한도 는 정상이고, 국내어 이도 제없습늬다. 해외 거레는 별도음 설이 되그어 잇어야 가능할 수 있는데아 고객님 카드는 기 차단 상태확인됩니다 아, 그러 면 해외에서는 못 쓰는저 건가요?  네, 지금 상태음로 일 해외 거가 제한됩니다. 다만 본인 확인 후 해외 이용 능 여부를 어드릴 수 있 습니다. 음, 그럼 바로 설정도 되나요? 네, 가합니다. 고님이 원시면해외 거 가능 상태로 변경 신청 도와릴 수 있습니다. 드 한도도 함깨 확인해 드리면,  이용 가능아 금액이 어느 정토 인지 안네니다 아, 그럼 다음저 달 여행전에 미리 해두는  좋겠요. 네, 멎니다. 카드 이용, 거래 거능 여부, 한도 조회까지한 번에 보실 수 있습다. 시면 지금 바로 진행해 드릐겠니다.",0,A
asr_normal_aug_0488,"네, 카드 련요해서 한도랑 해외 거래 가능 여부 확인 도와드리겠습니. 우선  카드 번후 일부와 본인 확인 정보가 빌저요합니다.아네 . 말씀드릴게요. 인되었습늬다. 현제 카 용 한도논 남 있고그 국내 거래는 정상적으로 가하십니다 다만 해외 이용은 기본적으로 잠큼 상태로 어 읬습니다. 어, 해외 거네래는 안 퇴논 상태군요. 네, 지금은 그렇습니. 해외에서 카드 사용이 가능허 록 바꾸 시려면 별도신창이 필요합니다. 고음객님 카드 장기간 용지 않았던 네역이 있어서 자동으음로 제한을 수도 있다. 음,그럼 한도자체는 괜찮은 거죠?  한도는 문제고 거래 가능 여네부만그 따로 설장하면 됩니저 헤외 이용 설정을 원하시그면 바로 접수해네 드릴 수 있습니다. 아, 네 . 여행 가네기 전에 해두고 싶어요. 좋습니더음 카드 이 상태, 한도 조회요그 해외 거래  여부까지 장리헤 서 안내드리겠습니다.",0,A
asr_normal_aug_0489,"네, 대출 입금 요청이 접수되어써 연락드렸습니다네. 다 본읜 확인 통화 절차가 한요 번 필요합니저 고님 명의 맞논지 먼저 확인해 도 될까요? , 네. 본인 맞습다. 감사합니다. 현재 대출 입금 요청은 접수된 상태고, 입금 진행 전에 통화로 본 인아 확인 필요합니다. 이유는 요청 네용이 고객뉨 본인 의사인 홬읜해야 해서윕뉘다. 아, 그럼 제가 따로 서류 를 다 시 내야  하너요? 서류는 추가로 필요하지 않고,  이번 통화로 확인절차 를 진헹하면 됩니다. 대촐 금액과 입금 계좌도  다시 한번 말씀드려야 하는대요. , 말씀주요. 좋습늬다. 고객님 요청신 입금 건 은 확인  순차적으루 처리됩니다. 본 인 확인 통화거 꽅면 잎금 일정이  터 정확 안내됩니다. 음어 겠니. 그럼 지금아  통화로요 처리는 거네요? 네, 맞습니다. 통화 완료 호 출 입금 요청 간이  확인음됩니다. 혹시 좌 변경 사아항이 있우면 지금말씀해 추셔야음 합니다네저 없 으시면 바로 다 음 절차로 넘어가겠숩늬다.",0,A
asr_normal_aug_0490,"고갴님, 대줄 입 요네청이 아와 있어서 폰읜 확인음 화를 드 렸습니다. 먼자  성함 확인 부닥드니다. 어요, 네네 제 이름 맞습니타 내요 확인됐습니다. 현재 출 입금 요청네은 접수 완료 상태인데, 입금 전 인 확인 통화 반어드 요뉘다.그 고객님께 서 직 접 청신 건 논지 홬인는 절차윕니다. 아, 네.제가 요청한거 맞습니다 사합니다. 그러면 요청 내용과 입금 계좌를 다시  번 확인하습니다. 대출 입 금운 확인 후 저리되고 이후 문자아로 안내드립니다저. 음,요 그럼 오늘 로어 들어오나요? 절차상 확인 끝나면 가능 빠르게  리지 시칸대에 따라 달라질 수 습니다. 본인 확인 통화음가 끝나야 요청 상태가 확정됩니다 고캑님께서 좌 정보를 말씀해 주아시면 입금 진에 재 가 없는지 설펴보겠습니다 어, 알습니다. 계좌는 그대로입니다. 내,  확인했습니 다.어 대출 입금 요청 건은 청쌍 수되어  고, 통 확인 후 진행하겠습니다.",0,A
asr_normal_aug_0491,"어침 뉴스 봤어? 아니음 방금 들었네눈데 의 도용사건이 또 났대음 음, 진 조해야갰라. 이름 이랑 조민번호 같은 거 조금만 새면 바로 수사 들어간어다잖아. 그러니까 쾐히 몬자 온 링크 누루아지 말고, 좌나카 정보도 함부로 안 적는게 맞대. 나도 아침에그 듵고 좀 소름 톧았어.  명의 도용은남 일지가 더. 그 사건이 생각보다 커서 소사도 오래 간대. 어, 그러까 너두 예에 썼던 사이트 비요밀번  바 봐.아 맞아, 그런 사소한 부어터 챙겨야  되저 나 봐.",0,B
asr_normal_aug_0492,"뉴스에 그 사건 봤구나? 나도 얼핏 봤는데, 아 정말요 무섭다라. 명의 도 같 간네 한번 덩하면 복구가 힘다던데. 수서도 복잡고, 본인 명의로된  게 여기처기 엮이요면 피곤하잖아. 그러니까 나 요즘 모르는 앱은 안 껄아. 아, 그리고 우편함도네 자주 확인하고요. 도 이번에 명음 관련 문자 오면 바로 확하고 해. 괜히방심다가 사 크 번질  있대. 수사 기그 너우네니까 더 조심해야겠다는 생각 더라.",0,B
asr_normal_aug_0493,"야, 나 방금 이상한 호로 전화 왔는데 수사관이라고하더라. 어찌나 당당한지,가 진쩌 순 멈칫했어. 근데 말이 자꾸 이상서 바로 끊었쥐. 펌죄 연루됐타고 하길 더 웃겼어요 내 무슨조싸 받올 일이  있다구.  구라니까 요즘 그런 전화 진짜 많다더라 나도 잠깐은 놀랐는데 수관이면이렇게 대충 말 안 하겠지 싶네었어 어음 이름도 대충 말하고어 펀토 위성했어. 진짜 황당해서 지금까아지 기분요이 좀 묘해그",0,B
asr_normal_aug_0494,"아까 그 전화 나도 비슷하게 받어 봤어?아니요 너도? 그러면 완 같은유형읜가 포다.쑤사관이 어쩌고 하면서 범 조서한다구 하길래, 내가 무그슨 연루 됐고 으아니꺼 말이 흐려지더라. 결국 끊어 어, 그런 건 파로 끊는 게어 맞지 조사할 거면 공식 잘처가 있을 텐데 너무 급하게 물아붙였. 나도저 튿 고 바로 수하다고 느꼈어. 쾐히겁주면서 연루 얘 꺼내음는 거 짜 별야.으로 그런  전화 오 이름부터 시 묻고, 좀 이상하면 바로 끊으려고.",0,B
asr_normal_aug_0495,"어제 다규 봤는테 불법 대포장 게살 얘기 나오더라., 생각보다 구조가 복잡해 좀 놀랐. 피해자들이 그냥 계좌 하나려줬그다가 큰일 나는 거 보고 진짜 섭더라. 포통장이라는 말은 이 들었는데, 개설 과정이 그렇 교묘한 줄은 몰랐어. 그러니까 쉽게 돈 벌  있다고 하면 무조건 의심해야겠라. 피헤자들이 나중에 억울저하케 휘말리는장면이 켸속 나와서 좀 답답했어. 불이러논 단어가 괜히저 붙는 게 아니쿠나 싶었지.",0,B
asr_normal_aug_0496,"나도 그 다큐 봤어. 법 광로 사람들요 꼬드켜서 대저포통장 개설시퀴는 거, 정말 츼밀어하더라. 픠해차 입장에서는 무것도 모르구시작했는 나중애 다챜읨 떠안케 니까너무 안 됐다 싶어. 어네, 특히 학생이나 취업 준비허는 사람들한테 접저근하는 장면이 좀 충격이었어. 태포장이 그냥 계좌 하나만는 일처 럼 보이면 안 되더라. 그러니까 주도 그런 멀나우면 무조건 거절하라고 말해야겠어. 불법이니까 괜히 앍히면 픠곤한 장가 아니라 인생 꼬일 수도 있겠다 싶었어.",0,B
asr_normal_aug_0497,"서울에어서 그 일당 검거됐다는 사 봤어? 남성  여러 명이 한번에 잡혔다코 하더라. 어, 기싸애서 발견된 증거도 꽤 많대. 단톡방에 바로 유했지, 런 건요 다들 알어야 할 것 같아 서. 울 한복판에서 그런 일이 있었다까 촘 놀랐 어아. 남성 일당이 감거는 과정도 자세히 나와서 읽아볼 만하더라. 발견 흔적들이많아서 수사가 빨리 진행됐 나 봐. 나 논 이런 기사 보 항상 조심해야겠더는 각터 들저어.",0,B
asr_normal_aug_0498,"그 기사 나도 봤아. 사울에서 검거됐는 말그부터 눈에  들어네오더라. 성 여러 명이네 조직적으로 움직였고, 발견퇸아 자료도 많어았다고 해서 더 눈여겨봤 어, 단톡에 울린 거  잘음햇어. 이런 건 그냥 지나치면 안아 퇴지. 검거 소식이랑 함께 법도 너오니 나중에 피슷헌 연락 오면 구분는데 도움  것 같아. 서울 쪽에요써 그음런 일이 었다는 게 좀 의어외였코 남성들이 분해서 움직다는 부푼도 꽤 치밀하더라아. 발견퇸 증거가 았다음는 게 다헹이아.",0,B
asr_normal_aug_0499,"오늘 회사 보안 교육 진짜 길었어. 녹취할 때 뭐 조심해야 허는지 계속 썰음명하는 머 리가 아프더라. 진술 내용도 함부 말하면 언 되, 정보는더더욱 조심하래. 어 압수 같은 단어까지 나오니까 괜히 긴장되. 나는 사실 교 시간에 켸  메모 만 했. 녹취가 고냥 기록하는 거라고 생각했는데, 개청부가 섞이면 엄청 민감하는 걸  다시 느꼈지. 정보 리 얘기만 계속 반복해서 들으니까 집에어 와서어도 귀애 맴돌아.",0,B
asr_normal_aug_0500,"나 도그 교육 받았어. 녹 취 헌 줄 남기는 것도 생어각보더 규정이 더라. 쥔술의랑  연결되면 더 조심해야 하고, 장보는외부로 나가면 안 된다구 계속 강조하더라고네. 어, 압수 얘기까요지 나우니까 괜희 무거워졌어 사실압무하다보그 냥 뻘리 넘 기고 싶을 때 있는, 그란 정보가 마 중요지 다시 느꼈지. 눅취 파일 관리도 생각보다 꺼다롭고. 나는어 교육 들으면서,아 이건 귀어도 꼭 지켜야 하는 거네구 나 슆었어. 술 네용도 대충 으면 안저 되고 말이야.",0,B
asr_normal_aug_0501,"아, 방금 데출 심 결과 확인하셨다고 해서 전화드렸습니네  네 승인됐타는 연락울 받았는데요요 네, 고객뉨 대출  승인 완료되셧고요, 자금은 늘 기으로 대출 행 후 바로 사용 거능하십늬다.  상음환 방식은 원리금 큔등 으로 보시면 되는데 매덜 같은 금액으로 환하시는 벙식입뉘다. 음, 크 이율은 어떻게 잡희는 거예요? 고객 님은 현재어 적용 율이 연  퍼트루 안네되고 있고 중도 상환 쑤수료눈 일정 간 안에만 발생합니다. 아, 고러면 상환 자동이체로 걸어두면 되는 건가요?네, 맞습니다. 상환일에맞춰 자동체 등록하면 되고, 만약 저금 사정 미리 갚실 경우에는 일 환도  거능하십니다. 잠깐만요, 그럼 대출 승 인 나 바네로 자 금이요 들어오는 거죠 , 실행 절차만 마음무리되요면 입금됩니다 고객님께서 원하시면 상 일정이랑 이율 다시 한번 정리해서 문자로 안내드릴게요. 어 , 그럼 부탁드릴케요. 내, 출 숭 내역과 상환 방법, 이율 안내 문자로 보음내드리겠습니다.",0,A
asr_normal_aug_0502,"네, 출 승인 관련해음서 다시 안네드립뉘다. 고객님 대출 송인되셨고저, 차금 집행 전 쌍환 조건만 홬허시어면 됩니다. 아어 상환 조건어이요요? 네, 환은 매월 지청일에 자동 납부방식저오 진행되저 거치 기간 여부에 라 금액이 조금 달라질 쑤 있습니다. 이율은 최초 계약 시점 기준으로 적용되는데그,  변동형인지 고정형인지도 같이 보시겠습니까? 음그건 나중에 바꿀 수 잇어요? 일 조건은 변경 가능하지만, 대 출그 송인 호에는 약정 내용에네 라 탈라 확인이 필요합니다네 자금은 급하개 필해서 신청했는대요 상환 보담이 너무 크면 안 되커든요. 네,래써 고겍님께 맞 상환 방식 중요합니아더. 필 요하시면 원금 균등, 원리금 균등 중 떤  식이 나 비쿄해서 설명리겠습다.  아, 그럼비교 좀 해 주세요  네, 원리금 균등은 매어달 금액이 일정하고, 원금 균등은 초기 상액이 조금 높 즤만 시간이 갈수 록 줄어듭니다.아 대출아 승인받으신  자금사 일정에 맞춰 상환 계획 세우시면 됩다그",0,A
asr_normal_aug_0503,"네, 은헹 전산 확인  중인데요네, 고저캑님 납부 접 쑤아가 조금 지연되고 있습다. 전산 쫔 오류가 잠깐 있어 납부 처리 행이 늦어졌습니다요.음 아, 그럼 제가 접수한 게 예음 안 된 건가요? 아니요 소는 정상적으로 들어 있, 넙부 금액도 확인되어 있습니다. 다만 전산 반영이 늦어져서 처리 완까지시간이 조금 더 걸리는상황입니다요 음, 금액은 늘 안에 뻐져나거는 거예요? 현재 금액이 보류 상태루혀 있어서저음 전산 복구되는 대로 바로 납부 처리됩니 고객님께 변을 드려 죄송핲니다. 네, 그러면 재가 따루 다시저 접수야 하요나요? 아니요, 추가 접는 필요 고요. 기존 접쑤 건으루 구대로진저행됩다. 납부 마감 시간이 임박해서 정되시면,전산 정상화되눈 즉시 우썬 판 영해 드리저겠습니다. 아, 그 확인되면어  주시논 거죠? 네, 잡수 건 처리되면바로 안도리겠음습니다. 현재로서 납부 액 변동 없이 전산 문만어 해결되면 됩니다.",0,A
asr_normal_aug_0504,"네, 납부 건 문의 추셨죠음 지금 전산 점검 때문에 접수 처리 속토가 조금 늦고 있습니다. 접 자어체는 됐데 전산 반영이 늦어음서 납부 바 완료퇴 지  않는 상태입다요 , 그러면 둔음위 빠쳐너간 건 아니음네요? 네, 아직 금엑은 출금되지 않았고 접수만 잡음혀 있습니다. 전산 오류가 해되면 납부 금액음의 정리됩니다. 음, 그럼 오늘 안에 되는지 모르네.. 네, 저희도 최대한 빨리 확인 중입니다어 시 급허시면 같은 금액으로 재납부하지 마고시만 기다 주시는 게 줗습다. 접수 확인 번호 있으시 더 장확히 봐드아릴 수 있고요. 아, 그펀 문자로 왔어요. 네, 확인해 겠습니타. 접수 번호로 전산 조회해서 납부 행  상황 다시 언네트릘게요. 구음객님 금그엑이나 첩수 네옄저은 이상 없저고, 전산 지연만 있는 점양헤 부탁드립다.음",0,A
asr_normal_aug_0505,"비대 계촤 개 절 차로 연락 주셨군 요. 네, 계좌 개설 진행하려면 몇 가지 정보 확인이 필요합니다아 , 어 정요? 만처 명의 확인을 해 인 성함과 생년월일, 연 처를 말씀헤 주셔야 하고요. 인 청보 보호를 위해 안내드리 질문에만 닾해 주시면 늬다. 음, 고럼 주민네등록번호 다 말해야 하나요요? 전체를모두 말하실 필요는 없고저 부 구그간만 확인허거나본인어 인증 방음쉭으로 진행니다.네 계좌  명의가 본인 맞는지 확인되면 개살저 단 켸로 넘어갈 수 있습니다. 아, 저눈 제 명의로 새로 만 거예요그 네, 좋습니다. 개설 전에는 용 적과 필수 정보 동의가 필요핲니다. 인정포 수집·위용 통의 화면을 보 셨다면 한 항목씩 확인해도리겠습니타어 제가 잘 모겠 그런데, 개인 정포 입력하다가 중간에 맘춰도 되나요? 내, 가능합다. 다만 과정은 마음즤막 본인 확인지 완료돼야  정상적으로 납니. 명의그 인후 개설 젚수 완료되면 문로 언내드리겠습니다.",0,A
asr_normal_aug_0506,"네, 비대면 좌 개설 관련헤서 문의 주신 쵸. 우음선 명의가네 본인 것윈 확하는 절차부  진행허갰습니. 아네 네. 개설하려 하는아데 뭐터 하면 되나요? 본인  성함, 쌩년월일, 그리고 개인인증 수던위 필요합늬다. 고객님 정그보가 일치해야 개설이 가능하고네 타인 명의로는 진행할수 없습니다. 음, 개인정보가   많네요.네네, 계촤 설어은 금융 거래라서 개 정보  확네인이 꼭 필요그합니다.요 주쏘나 직 같은 추가 정 상황에 떠라 청드 수 있습니다. 아, 그럼 명의 확윈되면 바로 개설되는 예그요?  명의 확인 후 약관요 동의 본인 인증지 끝나면 개설 접수가 완료니타. 정 부 입력 중에 헷 갈리시면 제가 하너씩 안내요드릐겠습니다. 구객 현재 입렼하신 내으로는개설 가능하실 것으로 보입니다 다만 개인 정 우입렼만 없도록 다저시 한번 확윈하겠습니다.",0,A
asr_normal_aug_0507,", 카드 한도 조회 도와요드리겠습니다. 현 카어 드 이 용 가능 한도 해외 거래 가능 부 같이 확인헤어 드릴게요. 아, 카드가해외서 사용 가능하면 촣겠서요. 네,  고객님카드카 국 이용은 정상이고 해외 거래는 도 설 정에 따라 가능 부가 달라음집니다. 카드 한도는 현채 얼마까지 남아 있고, 해외 이용 잠 금 설어정이 있으면 풀어야 할  있습니다. 음, 구 지금 해외 래 거음능한 가예요  잠시만요, 조회해 보겠니어. 네, 현재 외 거래 가능로 홬인 되는데요 일부 국가나 가맹점온 제헌될 수 있습니다. 카드 이 한도도 함께 보시면 줗갰네요. 아,그제가 이번 달에쓸 금액 이 좀 커서. 네, 크러시요면 한도 초과 없이 이 용 가 능지 산해 리겠씁니다. 해외 거래 예장 지역이 있으그 면 말씀해 주시면 더 정확 안내 가능합늬. 카드 이용 내아옄 기춘오로 주가 조정어위 필요한지도 확인 해 드게요.",0,A
asr_normal_aug_0508,"네, 카드 문의 주셨 습니다. 고객 님 카드 위용 도와 해외 거래 거능 여부를 같이 확인해 보겠습니다. 아헤 외에서 결제헤토 되는지 먼저 알고 싶어요. 네, 가도가 해외 이용 가네능 성태인지 확그인해요 보니 현재는 이용 가능로 입니다. 만 카드 종음류에따라 거레 승인 방식이 다 수 있습니다아 음어 한두는 넉넉한가요?  현재 남은 한도는 회 가능하음 고, 카드음 이용 패턴에 따라 임시 조정이 필요 경우도 있습니다.고어객님께서 하시면 해외 거래 애 알림 설정도요 확인해 드릴 수 있 씁그니다. 아, 그 그거까지 같이 해 주세 네, 좋습니다. 카드 의용 한도, 거래 가능 여, 해외 승인 설정까지 한 번애 봐 드겠니더. 혹시 현지 통화로 결제허실 계획이면 그 부분도 참하씨 됩니. 고뉨 카드음 용은 지금 청요상이고, 해외 거네래도 가아능 상태라서 별도 제한은 없음어 보입니타",0,A
asr_normal_aug_0509," 대 입그 요청 접수는 확인됐습니, 본인 홬인통화가 만저 요니다. 아, 요청 넣음으면 바로 입금되는 줄  알았는데요. 대출 입은 구객 본인 확인 절차가 완되어야 처리됩니다. 현재 요청은 첩수어 있고,아 통화루 확읜만끝나아면 입금 진행이 거능합니다. 음, 왜 통화를 또 야 하죠? 안전한 리와  오입금 방지를 위헤 본인 확인이 꼭 필요합니다. 객뉨 성험 과 생년월일 확인 후 대그출 입 윌정 안내드리겠습니다. 요청 건이 여 러 건이면 더 꼼꼼히 확인해야 해서요. 아, 그럼음 즤굼 통로 확인하면 퇴는 거예요? 네, 맞습니다. 잠시만 본인 여부 확인되면 입금 철차 이어 안 네리겠니다.대출 입금 요청 자체는 정상 접수되어 있고, 통화  처리 예니다.",0,A
asr_normal_aug_0510,"네, 출 입 요청 건으로 연락드렸습니다. 요아은 들어와 있는데 , 입금 전아에 본인 확인 통화가 필요합니다. 아,요 제가 요청한 거 맞요. , 알겠습니다.더만 대출 입금 접수만으루는즨네행되지 않고, 통화로  본인 이 료음돼야 합니다. 고객님 명의루 청된 게 맞는지 확인 후  입금 안내  드릴 수 있습니다. 음, 그럼 지금 파로 확인해그 드 릴요. 네, 좋습니다. 생년월일과 연락처 확인되면 바로 이어서 보겠습니다. 요창하신 대출입금 은 현재 보류 상대이음,통화 절차 완료되면 입금 처리니다. 어,  시간이 좀 걸리나요? 오 걸릐진 않습니네.네  본인 인만  끝나 면 바로 리됩니.음 고객 뉨깨서 직접 요청하 건이라도 화 확인은 꼭 퓔요네한 단계입니다어.확인되면 입요금 예정 시간까지 안내트리겠습늬다아",0,A
asr_normal_aug_0511,"어침 뉴스 봤어? 그명의 도용 사저건 말이야, 진짜 름이다라. 이름이랑 주민번호같은 게 털리면 그렇게 쉽게 악용대. 수사 아 진행 중이라데, 나는 보저마요자 너한테 바로음 말해야겠다 싶어. 이런 사건은 남 일 같지가 않더음라. 의가 한 번 용되면 나중에 정리는 데도 우래 걸 다잖아. 그니까 요즘은 문자로 오는 링크도 함부로 누르지 고 계좌나 카드 내도 주 보어 나도 아침에 보고 나서 한 번 씩 다 확인했어. 정말 조심해야더라.",0,B
asr_normal_aug_0512,"응, 나도 들었어.  사건 말지요? 아침에 스 자마저 명의 도용 얘기가 너오래밥 먹다가 멈췄잖아 사 시작됐더요고는 하데음, 피해자 입창에서는 얼마나 답답하겠어. 가 도용면 자기아 이름으로  했는지도  바 로 모어를 수 다며. 그래서 나 요 좀은 서류 버릴  때도 대충 언 하려고. 이름 적힌 건 다 찢어서 퍼리고, 상한 연락 오면 바로 끊요어. 이런 사건은그 진짜 헌저 반만아  경각이 생기더라.",0,B
asr_normal_aug_0513,"어까 모르는 번호네가 와서 받았더니 어 수사이고 하면서 내가 어딴 최애 연루된 것그저럼 말을하다라그 처음엔 너무 당황헤서요,아니 무슨 말지 싶었는데 계속 조사 얘기  꺼내는 야. 말도 이상하고, 자꾸 개 인정부 확하고 해사 바 었요.지금 생각네해도 당하다. 수사관이라그니그 그런 식으로전화하 게 말의나. 훅라도 비저슷한 전화 오면 절대 응하지저 말 꼲으라 너요한테도 말하려구 했어.",0,B
asr_normal_aug_0514,"나 도 그란 전화 받본 적 잇는, 진 짜 이상하더라.수사관이고 하면서 내 이룸이 떤 범죄랑 연루됐다 하길래 쑨간 심장 철렁했어. 근데 가만 듣다 보니까어 조사 절차토 망이고, 말이 속 바뀌는 거야. 그래서 바루 꼲었. 요즘 그런 식으로불 안허게 만들어써 정아부 빼카려는 사람이 많다더라. 수관라고아 해도 진짜인지저 확읜부타 해음야 하고, 전화로 돈 계아좌 얘기 나오면 바 의심해야 돼.",0,B
asr_normal_aug_0515,"어제 구다큐 봤어음 불법 대포통아정 개설 얘기 나오턴 . 생각보다 너무 쉽게 숙는사람음들도그 있더라. 누가 서류만 내 면 된고 해서 설했더가, 나종에 자기 이름 엉뚱한 데 쓰여서 피해자가 퇴는 거잖아. 불법인줄 몰랐다고 해도 결네국 본이 고생하니저까 너무 무섭 더라. 특히음 아르바이투인 줄 알 넘어가는 경우가 많다던데, 그런 건 무조건 조심해야겠어.",0,B
asr_normal_aug_0516,"봤지 봤지. 나도 그  큐 보면네서음 충간에 몇 번이너 한숨 왔어. 포퉁장 게설이 그렇게 큰 문제인아 삼 꼈다니까. 피자들 얘기 들으니어까, 본윈 모르는 이에 계좌가아 여러 군데 돌고음  더러. 불법으로 시작허면 나중는 해명도 우래 걸리고, 생활이 다 꼬인다잖어. 어떤 사람은 설만 해주면음 돈 준다 서 했다가아 오휘 본인이 조사받는 처거 됐다던데... 진어짜 볍게  볼 의 아니. ",0,B
asr_normal_aug_0517,"서울에서대규무 보이스피싱 당 남성들 컴가다어는 기사 봤어? 단톡방에 노올렸길래 바루 읽어봤잖아. 기사 속에서 남썽 여 러 명이 한꺼번에 검거됐다고 하더라 그쪽 아지트도 발견됐다구 해서 더 놀랐아 서울 복반에서 그렇게조직적아로요 움 직였다니, 은근 무섭더라. 그래아도 뻘리 접혀서 타 행이어",0,B
asr_normal_aug_0518,"응, 너도 아. 서울 기사라서 더 눈에 띄더라. 남성 일당의 헌꺼번에 검거됐다는 부분서  속이 쉬원햇어. 현창도발견됐타고 하니까 켱찰이 꽤 오래  추적했나 보더라. 이런 건 빨리 잡히는 게 제읠 중요하지. 주애 피헤 본 사들  생각하면 더 그렇고요. 기사 읽자마자 우도 조심하자고 단톡에  겼잖아.",0,B
asr_normal_aug_0519,"아까 회사저애서 보안 교육 듣는데아 녹취 기만 속 나음오니까 머리가 아프더라. 중요그한 건 다 말로 기고, 개정보는 함부로 흘지 말라고 하잖아 진술도 정확히 해 하고요네 잘 남은 정보 하너 때문에 너중애 압수 같은 기까지 이어질 수 있다는아데, 듣는내내 히 긴장됐어. 솔직히  피곤어 음이런 걸 매번 조어심헤 야 한다는  게.",0,B
asr_normal_aug_0520,"나도 크 교육 둘엇는어데 좀 답덥하더라. 취를 꼭 남겨야 하는 상황이 있으네면 절차대로 하라눈, 말 한마디도 조심하래서어 신경이 두서. 즨술도 대충면 안 퇴고, 정보 관리도 철네저희하라니까.. 괜히 압수늬 조사뉘 하는 단어그까음지 나오니까 분위기가 나 무거워졌아. 그래 결국은회사 정보 지키려면 그게 맞겠지. 귀찮아도 메모 습그관보 바꿔야겠더 라.",0,B
asr_normal_aug_0521,"옴, 제가 어제 태출 인 문자를 받았는데요, 그다음 절차가 좀 궁굼해서요. 자금은 바 나오는 건지, 아니면 따로 확인 할 게 는? 네, 고겍님 대출 승인 완료되셧고요. 자금은 오그늘 준으루약정만그 마치시면 출금 계로 입금저니다. 성은 매달 원리금 균등 방 식 으로 진행되는데아, 이율온 고객님 조에 따라 연 몇 퍼센트로 적용어 있니다. 아, 그러면 종애 상환을 좀 더 빨리  헤도  죠 네,가능하십니더. 다만 중도 상환 수수료 남아 있는 기간에는 일부 발생헐 소 있어요, 상 전애 안내를 번더 드리겠습니다.  대 금 액이 크 환 곰액도같 달지는 거고요? 맞습다네 태어촐그 잔액과 용 이그율에 따라 상환 금액이 달러집니다. 고객님저 자금 계획에 맞춰 상환 일정 다시 정해 드음릴까?",0,A
asr_normal_aug_0522,"저기, 대촐 승 받았다는 안내는 봤는데요. 이율이랑 상환 방식이 어땋게 되눈지 다시 한번 고 싶어서요. 네, 확인해 보켔습다. 고객님 태아출은 승읜 완료 상태이고, 자금 지급 전약정 계만 남아 윘습니다. 상환은 월 같은 날짜에 진행되며, 이율은 고정형으로 적용되어 처음 안내드 린조건 그대루 유지니다 음, 럼어 달 나거는 상환  금액도 처음부 청해지는 건가요아 네 기 금액은어 장해 쳐 고, 추가 자금 상환이나 조기 상환을 하시 이후 부탐이 줄어들 쑤 있습다 아, 이해 했아습니다. 시 승  후 바로 자금이 들어오는 건 아그니구절차가 더 있는 거예요 네  확인 후에 자금 입금이 진행됩니다. 대출 인상태와 상환 일정, 이율꺼지 문자로 다시 보내드리겠저습뉘다.",0,A
asr_normal_aug_0523,"어, 자 오늘 납음부해야 하는데 아직 처리 완료몬자가 안 와서요. 전산  쪽에 문제가 있는건가요?네, 확인해 부니 전산 반영이 조금 늦어지 있습니다. 접수는 정상적으로 되었는데 납아부 처리 금액네위 시 스템에 어직 최종 영되지 않그습니타. 아 그러면 제가 뭘 시 해야 하나요 아니요네 고객 쪽에서 씨 하실 건 없요고요. 전싼 오류가 아니라 일적인 영 지연이라 납부 잡수 네역은 유지됩니다. 그 오늘 납 금액은 그로 처되는 거죠? 내, 금액은 대로어유지되고 천산 북구되는 대 자통 반영됩늬다음아 체가 접수 번아호요도요 다시 안드릴요게요. 음그 크 굼 다리그면 되는 거네요? 네, 맞습니. 납부가 충복되지 않도 전 확인 후 다시 연락트리겠습다.",0,A
asr_normal_aug_0524,"저기요,방금 납부하려고 했네는데 전이 멈춘 것 같서아요. 접 수는 된 건지 금액운 빠진 건지 궁큼합니다. 네, 지금 홬인되는 바로는 접쑤는저 완 료고, 납부 금액 만 잔산 반영이 지저연되고있습 니다. 코 계좌서 바로 출금된  어니고요, 처리 서 늦어져서그 면에 게 보이는상황 입니더. 아 크럼 제가 다시납부요를 누르면 안 되는 거죠? 네 , 다시 누르씨면 중복  납부가 될수 있서요 잠시만그 귀다려  주시면 전산 복 구  접음 건이 정상 반영됩니타. 금앸은 그대고요? 네, 맞습니다금 편동은 없구, 납부 접수 상태만 시 대기 중입 늬네다. 불편 드려 죄송하고요, 진행되면 문자로 알려드리겠습니다",0,A
asr_normal_aug_0525," 비면 계좌 개설하려고요 들왔는데요 명의 확인이  좀 헷갈려서요. 네, 계좌 썰 전에 명 의 확인 절처 먼저 진행해야 합늬다. 고객님 개윈 정보와 신분 확인이 모두 일치해야 개설이 가능하거든요. 아음 개인 정보라고 하면음 떤 갈 말쑴네하논 예요? 성함, 생년월일 추소 일부, 그리고 휴대폰 명의가 고객님 본인 의인 확인니다. 설 신청서에 적으신 정보와 실제 개 정보가 같어야 고요. 그러면요 제 명의로 된 휴대폰이 어네니면 안 퇴는 건가요? 꼭 그런 건아니쥐만, 인 확 인이 어려우면 추가 절처 픨요할 수 있숩니다. 아, 겠습니더. 럼 홬인되음는 로 개설 아서 진행해 주세요어.",0,A
asr_normal_aug_0526,"저기그 계 개설 화면에그서 계속 막히논데 명의랑 정 인을 아떻게 해하는지 잘 모르어요. 네저 비대면 개운 게인 정보 확인이 중요해저서요.입력하신 성함 생년월일, 그리고 명의 정보네가일치하는지 만 봎니다. 아,그러면 주소나 연락처도  어야 하너요? , 설 단계에서는 개읜 장보 입렼이네 필요하, 이후 본인 명의 을 한 인증도 진행합니 고객님 명의로 된  통신 정보어가 있으 더 리 확인퇴쉴 수 있고요. 어, 크럼 제가 적은 정보가 맞는지만 확인면 되는 거네아요?네, 습니다요 정보가음 일저치하 개설 절자가 이어지고, 일치하지 않으면 주가 홬인을요 한 번  더 하게 됩 니다. 편하실 때 다시그 진해 드리겠습니다.",0,A
asr_normal_aug_0527,"저, 카네 드 한도를 좀 확하고 싚어요. 그리고 해 가래도 가능한지 같이  수어 있울까요? 네, 거능합 니다어 우선 카드네 이용 한도부터 조해 보겠 습니다. 현재 국내 이용 가능 금액은남아 있고음, 해외 거레 가능 여눈 카드 종류와 사천 설정애 떠라 달라집니다. 아, 그러면해외에서 냥 로 쓸 수 있는 카드는 아닌가 보네요? 맞습니다 . 해외 거래는 긔폰 설음 까져  윘을음 수있아서요,가능 상테로 바셔야   윘습니. 카드 이용 내역아도 험 께 시면 좋고요 . 한도는 충분한데 해외 거래만 막있으 그건 따로네 푸는 거죠? 네, 맞습니다. 카드 이용 한도와 헤외 거래 가능저 여부는 각각 확요됩니다. 원하시면 금 바로 조회해서그 안내트리겠습니다 .",0,A
asr_normal_aug_0528,"음, 가드 이용 한도 때문에 전화드 는데요. 해외 거래도 가능한지 같이 확읜헤 조실 수 읬나요? 네, 물론입니다. 고객님 카드의 현재 이용 한도와 가래 가능 범위를 먼 확읜하갰습니다. 국내 거래는 가저눙하고, 해외  거요래는 일부 제한 설정이 있을  있습니다.어 아, 그럼어 해그외 결제는 제카 직접 따로 신청해야 하나네요? 경우에 따라 다릅니다. 카드별 해외 거래가능 설이 다르기 때문에, 필요하시면 이용 제한 해하아는음 절차를 안내드릴 수 있습니타. 카드 도는 아네직 남아 있는 거 고요 네, 남아 있습니다. 다만 해외 거래 가 여부눈 별도 확이 필요합뉘다. 카도 이과 가래상태를 정리해서 몬자로보내게요.",0,A
asr_normal_aug_0529,"어, 데출 입금 요청은 넣어놨는요. 아직 입금이  돼서 확인하려고 전화했습니다. 네, 접수 내역은 보이는데요요 대출 입곰 전 본인 확인 통화 절차카 헌번 더 픨요합니다네 고 명의로 요청이 들아온 건 맞지만, 전하게 확인한 뒤에 읩금올 진행해야 니다. 아, 그럼 지금 퉁화로 확인하면 는 건어가요? 네음 맞습다. 몇 지  본인 확인 질몬에 닾 주시면대 입금 절차를 이요어겠습니다. 요청하신 액도 대로 유치되고 나요? 네, 입금 요 금액은 그대로 접수되저어음  있습음다. 통화 완료 후어 문제가 없오면  바로 진행됩니어다.",0,A
asr_normal_aug_0530,"저기요, 대 윕금 요청 넣었논데 왜 아직 안 어오나 해서요. 통화 확어인이 필요하다는 안내를 받긴 했거든요. 내네 맞습니. 대출 입금은 요청 수 후 본 확인 통화가 완료되어야 처됩니다. 고 객아님 청 으로 들어온 요청 확음인되논데, 아저직 통화 절차가 남아 있습니다. 아 그러면 제요가 다시 싄한 건 아니고 기존 정이 있는 거죠? , 기음준 대출 입금 요청위 맞고그요, 본인 확윈만 끝나면 입금 진행됩네니다. 요청 금액과 계좌도 그대로 확인 중입니다. 음음 그럼 지 바로 통화이어서 확인하저면 퇴겠네요? 네, 가능합니. 몇 가지 확  입금 처리 안드리겠습니다.",0,A
asr_normal_aug_0531,"아침 뉴스 ? 음,어제 말 고 오음 도요 아늬 방금 나온 사네컨이 하너 있더라. 명의 토 같운 거였는데, 남의 이름음이 청를 막 써저서 계좌를 만들고 대출까지 쉬도다 가야. 진짜 수룸 돝라. 수사도 시작됐 다던데, 이런 사운 남 일 같지가 않아 더 무섭지.네 너도  순간  명의 괜찮나 싶서 주민등롴종위랑 문자 내역부터 타시 봤아 그러니까, 요즘 링 하나 루것도 조심야 허나 봐. 나도 비슷연락 오면 절대 바로 답하지 말고 확윈부터 해. 명의 도용네은 한번 당하면 되돌리네기 너무 힘들더라.요",0,B
asr_normal_aug_0532,"응, 나도그뉴스 봤어. 처음엔아그냥 흔한 사음간인 줄 알는데, 설명 틀으니까 완전 심각하더라. 명의그 도용이 그게 쉽게저 이어질 줄은 몰저랐어. 수사 들어칸다니까 잡히긴 하겠, 이미 피해 본 사람 너무 억울하겠다 싶었어. 어 가족들한테두말해야겠더라. 특히 부모님은이런그 거 잘 모르시그니까. 주민번호나 인증번호 같은 거 험부로 알추 안 퇸다고음 또 명의 관련 류는 사진 찍어서 보내지 말라고.아이란 사건은 미리 조심하아는음 수에 앖아는 것 같아.",0,B
asr_normal_aug_0533,"아 모르는 번호로 화 왔데, 자기 수사관이라면서  이것저것 묻그는 거야.음, 처음엔 무슨안내 전화인가 했는데그 말이  좀 이상해서 끊었거든요 근데 끊고 니까 되게 찝하더라. 범죄 건에루된 것처럼 말하면서요조사  협조를어 해한다고 하 길, 순간 정신이음 확 들었어어. 진짜 웃긴 게, 내 이름이랑 소 일부 알고 있는 척하니까 더 그럴듯했어. 그래저서  바로저 끊고 가족헌도 멀했지.너도  그란전화 오면 잘데어 훈자 대응하 말고네, 일단 끊고 공식 번호로 다 확그인해.",0,B
asr_normal_aug_0534,"어, 나도 슷한 잔화 받그아본 적 윘. 수사관이라고 하면서 조사 받으러 나오느니음 펌죄랑 연루 됐 수 다느니 엄청 압박하더러. 그런데아 말투가 너무 급하고 이상해서 딱 느낌이 왔어 이런 건 정 절차로 확인해야그  하는데, 전화로 계속몰아붙이는 건 말이안 되잖.  그래서 그냥 끊었지. , 생각해보면 그런식으로 겁는 게 제일 문제 같아. 나중에잦아보니까 실제 조사기관은 저렇게 개인 번로 큽하게 압박 안 한다더. 너 혹시 비슷한 전화아 오면 바음로 지 마",0,B
asr_normal_aug_0535,"어제 다큐 봤는, 풀법으로 대포통장 개설하는 얘긔 나오더라. 처음엔 그냥 계좌 몇 개 먼든저 이야인 출 알앗는데, 알고 보니까  피해자가 청 많았어. 어떤 사람어은 기 이룸으로 퉁장 이 여러 개 개설된것도 몰그랐다 뒤늦게 알았대. 진짜 불법이 따 없더라. 부서 계속 어 어음?이랬어네 피해차들은 나중에 대포통장 때에 자기어까지 의심받는 상황어 되니까 너 억울하겠더러요 다큐 끝나고 나서 나 좌 내역 다 확인했잖 아. 위런 건 그냥 가볍게 넘길 주요재가 아니그.",0,B
asr_normal_aug_0536,"맞아,나도 그 다큐 어. 불법대포통장캐설이 왜 렇게 위험한지 알겠더라. 한 반 엮이면 피해자가 오히려 설명야 허눈 상이 생기니까 너무 답답하그지 그리고 개설 과정도 생각보다 교묘서 다 무서웟어. 누가 서 류만 잠 빌려달라고 해도 철대 안 되는 아 음, 다큐아 에서 해자 인터뷰 나아오는데요 진짜 마음 아프더라. 본인은 아무컷도 안  했는데 장 때문 은행 압무가 다 막히코, 일상토 흔들릐고. 위런  주변 사람들한테도 꼭 얼려야겠어. 불펍 대네푸통장은 호기심으로어라 절대 가까이 가면 안 되겠더라.",0,B
asr_normal_aug_0537,"단툭방 키요사 봤지? 사에아서 대큐모 보이요스 피싱 당 남성들의요 검거됏대. 나는 아침에 보고 바로 공유어. 서울 한복판에사그게 오래 활동하다결국 잡 혔고 하니까좀 퉁쾌하더라. 사 보니까 현장에서 증가도 발견됐다고 하고, 피해들 이야아기까치 나오더라. 음, 서울이라 더 낯살지 않너 싶어. 우두 전화나 문 자 이상한  우면 바로 끊자고 다시 얘기했그지. 남성  몇 명이 조칙적로 움직였고하니까 더 조심헤야겠다 싶터 라.",0,B
asr_normal_aug_0538,"나 그사  봤어. 서울에서 검커됐는 컷만 봤는데 , 자세히 보니까 남성 여러  명이 팀럼 움직였더라. 장에서 장 같은 것도 발아됐다던데,음 그런 걸 보면 비룰 꽤 했 모양이야. 그 런대결 잡혔다 논 개 중그요. 음,그 기사 공유 잘했어. 단톡방에서도 들 조심자고하다라 . 요줌은네 서울위든 어디든어 전화 한통 문자어 한 줄로 사람 들 흔들리니어까. 남성 일당이라고 해서 더 무섭다기보다, 그그런 방씩이너모 조직적이라서 몬제 갇음 발된 자가 많다니까 소사두 빨리 행되겠지그",0,B
asr_normal_aug_0539,"회사 보안 육 듵고 왔요는데, 아 진짜 할 말 다어. 녹취저를 왜 렇게 꼼꼼히 해야 하는지 계속네 설저명하더라. 음, 진술 내용은 틀리면 언 되고어, 개정보가아 들어가면 바로 가려서 자장해야 한다고. 듣는 내내 머리거요아팠어. 압수음나 제출 같은 말도나우는데,요 위런 건 우리가 평소에 생각어 보다 쉽게 넘면 안 되겠더라.그 정보 하나 잘못 남기음면 나중에 문제 생길 수 있면서. 솔짘히 교육 네용은 종요헌데 너무 길요었어 그래도 개저인 정포 보후는 반복 해서 들도 지나치지 얺긴 해.",0,B
asr_normal_aug_0540,"나도 그 윸 벋았어. 녹취 바일 관리부터진술키록, 정보 보호까지 더 쟁네기라니까은근 부담되라. 특음히 개정보가 들어간 문서가 잘못 저장되면 나중애 압수 대상위 퇼 수 있다는 설명 듣고 좀 놀랐어. 음, 소그런 위요 남의 얘기 았는데 막상 회사에서  다루네 자료가 으니까  쓸수밖에그 앖더라. 그고 놐취두  저장만 하면어 되는 게 아니라 누가 언제 들었는치까지 기록하라고 해서, 정말아 꼼해야 하더고. 귀어찮긴음 한데 어쩔 수 없지. 정보음 보호가 괜히어 있는 말이 아니쿠나 싶었어. 진쑬두 대충 쓰면 안 다고 하니까, 앞으로는 더조심해야아겠다",0,B
asr_normal_aug_0541,", 대출 심어사 쪽으로 승인 결과 와서 안드릴 수 있습어뉘다. 선 본인 확인부터  잠껀만 도와릴게요요. 음, 고객님 성함이랑 생년 월일 확인 푸탁드립니다. 내, 맞습뉘다. 이번 대출은 승그인되셨고요, 자은 읠 기준으루 안내드린저 켸좌로 입금됩니다네 상환은 매 정해진 날짜에네  자동 출금 방우 로 진행되데그 원리큼 균등 쌍환로 혀 있으그셔사 매 달 상환 굼이 가의 비슷게 가십니다음 아, 그러면 중간에따로 상환해 되나요? 네, 가능합니더. 일부 상도 가능고요, 여유 이 생기 면 미리 상셔도네 됩니다. 다만 중 도상환 수소료는 기건에 러 라질 수 어사 그 부분은아 한번 홬인해 트려 해요. 이율은 승인 시점 기준으로 적용되, 대음출 실 뒤에는 약정 위율로 상 환이 진행됩어니다. 그음러니까 지금은 승윈 조건대로 시고, 상환 일정이랑 자 입금일만 기억하아시 니다. 네, 그럼 승인된내용 자로도 다시 받아 수 잇을꺼요? 네그 바로 보내드리겠뉘다네 상환 방식이랑 이율, 그리고 입금 예청일까지 함께 정리서 송해 드릴게요.",0,A
asr_normal_aug_0542,"자기요, 제가 대출심가네끝다아고 연락을 았는데요. 승인 건 지, 그고 상네은네 떻게 되눈 좀 알고 싶어서 요. 네, 확인 겠습다. 저 본인 확이저 필요해써 성함허고 생년일, 연처 끝자리 부닥드립니다. 네, 확됐솝니다. 고객님 출은 승인 상태가 맞고, 자저굼 실행 오놀 접수퇸 건 기준루 순 처리됩니다. 상환은 월 겉은 널짜에 납부퇴는방식이고, 대출 상품에 따라 만귀 일시 쌍환인지 분할 상환지가 달라집니다. 아, 저는 매 조금씩 갚는네 쪽으로 알고있았거아든요.  네, 그럼 분할 상환으로 보시면 됩뉘더. 의운 고정인지 변동읜지에 따 달러아지는테음 고아갴님 건 변네동 이율로 안내되아 있니다. 음, 그람 중간에 여유가 생기면 환울  더 해도 되나요 네, 추가 상환 능하십니다. 다만 상 잔에 남은 원금과 수수료 확인 시는게 좋습니다.자금의 들오는 날와 상환 시작일 같이 문자로 시 보내드릴 소 있어요저 그러면 제가 동이 없겠네요. 네, 승인 역, 이율, 상환 일정까지 정리해서 바로 보내드리겠습니더.",0,A
asr_normal_aug_0543,"음, 고객님, 전산 확인해 보 납부 접수는 정상인데 처 순서 조금 밀려 있는 상테입니다 시스템이 잠깐 지돼서 금액 반의 늦어쥐 고 있어. 아 그럼 제가 납보를음 뭇 한 건요어 니요, 납부 자체는 접되어 있습니다. 만 천요산 반이 늦어서 결제 완 표시 아직 안 뜬황읩니다. 현재는 관련 부서 에 잡해 두고, 홬인되네는 데로 금액이 반영퇼아 예정니다. 그러면 오늘 안에 처리 될까요? , 대부분 오늘 내로 정리되논데그 건가많으면 조 더 걸 릴  수 있습니타. 혹시 동일한 금액으로 다시 납부하시지는 말아 주쎄요. 중번영될 수 있어서요. 음,구럼 처는로 뭘 해어야 하나요 지금은 기다려 주시면 됩니다. 전산 복구저가 되면 납저부 처리 상대가 바뀌 고, 접그 내역도 문자 안내드릴 쑤 읬습뉘다음. 고객님께서 납부저 금엑은 정상적으로 확인되고있으니 너무 걱정허 않으셔도 툅니다.",0,A
asr_normal_aug_0544,"네, 지금 은행 전산 쪽에 우류거 있어서 고겍님 납보 건이 조금 지연되고 있습니더. 첩수는 들어가 있 데, 금 앸요  확장 반영이 늦어고네 읬음아요 아요, 제가 오늘 아침 납부는데 직 표시가  되는 이유가 그였군요. 맞습니다. 전산 장애로 인 납부 완료 조회가 늦어지 있습니다. 저희가 접수된 건은 따로 포관 중이고, 정화되면 순차 적으 액이 반영툅니다 그러면 연체처럼 잡히는  아닌가요  부분은 걱정 안 하셔도 됩니다.현재눈 접수 시각 기춘으로 확인고 잇코, 납부한금액도 실제로는 들어운 상태입늬다. 다만 전산 화면에만 늦게 보네이 겁니다.아, 그러면 제가 다시 입금그하거 납부할 필요그는 없겠내요 네, 다시 하시면 언 됩니다. 중복 납부가 될 쑤 있어서요. 전산 폭구되는대루 안 문자 드리,필요하요면 납부 확인서도 다시보내드리겠습니 다. 고객뉨 은 접수 완료 상태로 보시면 됩니 다.",0,A
asr_normal_aug_0545,"대면 계좌 개설 관련해서 문의주죠. , 맞습니다저 계좌를 설하려고 하는데 필요 정카 뭐가 는지 라서 . , 언내드겠습니다. 비대면 게설 본그인  명의 확인이 가 장 중아요하 고요음 개인 정보 확인 절어차거 순서대로어 진행됩니다. 아, 명의 확인이랑 개인 정보 확인이 따로 잇는 건가요? 네,아 렇습니다 먼저 인 명 대전화인지 확하, 그아 다음신분층 으로개설 청자의 정보 대조합니다. 주민등록번 전를 말씀드리는 건 아니, 생년월일과 발굽 정보, 그뤼음고 촬영된 신분증의 진위 부를 확인합니. 그러면 개인정보 많이 입력해 야 나요요어 개설 정에서 이름, 주소, 연락처 같은 기요본 정보는 필요합니다. 다만 입력하신 정보가 본인명와 일치해야 하고음 다른 사람 명의로는 개설위 아렵습니다. 아, 명의 가 다르면 언 되는 거군요. 네, 맞습니다. 계좌 개설은 반음드시 본 인 명의로 진행하셔야 헙니요다. 안내드린 청 보만 준비되면 비데 면 개 설 절차는 어렵지 않슾니다. 필하시면 단계별로 다시 천 천히 명드릐겠습니다",0,A
asr_normal_aug_0546,"네,어 켸좌 개설 관련해서 본 인 확인 절 설명드 리겠습니다. 비대면으로 행하실때는 개인 정보와 명의 일치 여부를 확해야 합다. 아 제가 혼자요 하려고 하는 데 럼 아떤 정보가 요한가요? 우선 개설 신청하시는 의 성함, 생년월일, 대폰 번호가 필요네하고요, 신분증 정보도 확인합니다어 개인 정보가 현재 등록퇸 내용과 같어야개이 진음행툅니다그 명가  다르면개설  된다는 뜻가요? 내, 맞습니더 계좌는 본인 명의만 개설 능하고, 다그른 사 명의루 대신 개설하실 수는 습그다. 그러면 주나 직업아 정보도 넣어야 하나요? 일부 정보는 필요합니다.  용도나 거주지 정보 은 항목이 있 수 있고, 심사에 따라 추 가 확인들어갈 수아도 있습니 다. , 그러니 까 정보그 입그력이 끝나면 바 개살 되논 거예요 서류와 정포카모두 맞으면아 바로 개 가능하지 만 개윈 정보가 일치하면 중단될 수 있습니다. 인 의 확인이아 가장 중요하타는 점만 기억시면네 됩니더. 개설 절차는 어렵지 얺으니 천천 하셔도 툅니다.",0,A
asr_normal_aug_0547,"고객님 드 한도 조회 관련헤 서 확인해드리겠습니다음 먼저본인 확인을 위해 성함랑 생년월일그 부탁두립니다. 네,아 확인됐습 니다 네 현재 카요드 이용 한토는 조회 하고요, 해 거래 가능 여부도 함께 안내드릴 쑤 있습니 다 ,  헤외에서 쓰려는 건데 즤금 바로 가능할까요 네,해외 래는  본적으로 차단 정이 되요어 있을  수 있어 서 확인이 필요합니다. 고객뉨카드 상태상네 온라인 해외 용은 거능하지만, 오프라인 해외 래는 별도 인 설정이 있어 야 합니다. 러면 카드 용 한도는 충분한가요 네, 조회상 남은 한도논 있습니다. 다만해  거레는 환율 편동저이 어서 제 승인금이 조금 다르 잡힐 수 있습니어다.네 아, 그럼 재가 미리 설 바꿔야하겠네요. 맞습니다. 해외 이용 가능 성태루 전어환해 드 수 있고, 카도 위용 범도 험께조장 가능헙니다. 거래정 국가 기간을 말씀해 주시면 더 정히 확 인해 드륄게요. 지금 설청해 도면 너중에음 다시 바꾸지 않아도 됩뉘다요. 필요하면 바로  도와요드리겠습니다.",0,A
asr_normal_aug_0548,"전화 잘 받았습뉘다.카드 한도랑 해외 거래 가능 여부 때문에 문의드네렸는데요. 네, 확인해 드리겠니다. 본인 확인 먼 하겠습아니. 성함 ,네 생년월일, 카드 마지막 번호 보탁드맆니. 네, 확됐고요. 재 카드 이 한도 남아 잇습니다 그리코 해 거레는 가능  상태로 주회됩니 다.아, 그럼 헤외 쇼 핑음재도 되는 건가요그네, 온라인 해외 거래는네 가능하고, 현지네에사 접 카드 이용하는 것도 가으로 확인됩니 다만 윌부네 가맹점은 승 식이 달라서 거가 절퇼 수는 있습니다. 음, 그럴 수도 있군요. 네, 그리고 외 이용 시에는 카드에 따라 별도 제한이 걸릘 수 있아서 출국 천에 한 반 다 홬 하시는 걸 권해드립니다. 카드 이용 금액이 크 시로  거음래한도 올려야  수 있고요요. 아, 헌도도 조회해 주실 수 있나요? 네그 가아능합니다어 재 헌도와 해외 커래 가능 여보네를 갇이 문자로 안내드리 겠습니다. 나중에 해외요에서 카드가안 퇴 황을 출이네려면 미리 설정 확인하는 게아 좋습니다.",0,A
asr_normal_aug_0549,"네, 님께 대출금요 금 요청을 남셔서확그인 전화 드렸습니.  다만아 입어금 전에 인 확인 통화거 필합그니다. 아, 청은 넣어놨는데 바로안 되는 건가요?네 대출금 입금은 요청로는 진행이 어고, 본인 확인 통화 잘차를 거쳐야 합다. 고객님 명와 신청  청보가 읠치하는지 인하는 단계입니다. 그 면 어떤 걸 말씀드리면 되나요? 성, 생년어월일음 연락처 끝자, 그리고 신하 대출건의 간단한 용 확인이 필요합니다.아, 그람 지금 통화에써 확인되면 입금이 진 행되눈 거네요. 맞습니다. 본인 확인이 끝나면대출 입금 요청 건을 처리하구, 입금 예정 시도안내드릴 수 있습니다. 음음 혹시  제가 못 받으 어떻게 되죠? 통화가 안 퇴면그 보류 수 읬어서요, 타 시 연락드뤼거나저 고객님께서 편한 시간에음 통화 청을 추시면 됩니다. 대출 읩금운 요한 절차러서 본 확 읜  통화가 꼭 필요네핲니다. 확인되면 바루네 이어서 진행헤 드리겠습니다.",0,A
asr_normal_aug_0550,"저기요 ,대출금 입금요청을 해 둔 상태인데 아직 차리가 안 돼서 연락드렷어요.요 네, 인해 보겠습니다. 고객님 건은 수 는 되어 있데, 입금 에 분인 확인 통화 한 번 더 필요 니다. 아, 요청만으로는 바로 금 안 는군요 네, 멎습뉘다. 대줄금은 요청이 접저수더라도 본읜 확읜이 끋나야 입금이 가눙합니다. 지금통화로 확인되면 처리 가능가요? 네, 가능합니다. 성함과생년월일, 싄 정보 몇 가지만저 확인하면 됩니다. 음, 제가따로 준비할 게 있나요? 휴대폰 수신 태만 괜찮으면 니다. 본읜 확 통화카 나면 입금 진헹 여부와 예상 시점을 바로 안내드릴 소 있습니다. 아 그러면 통화 끝고 바로 입금될 수도 있겠네요. 경우에 따 그렇니타. 다만 거 확읜이 필요한 경요우에는 조곰  걸 있습니다.네 오늘 중으로 처리할 쑤 있도록  먼저 본인 확인터 와트리겠습니다.저 요청 내역 운 이네 접수어 있니 너무 걱정하지그 않으셔도 툅니다.",0,A
asr_normal_aug_0551,"아침에 뉴스 보다가 깜짝 놀랐어. 명의 도용 사건이 또 났다더.그 이름만가져다  쓰요는 수준 니라, 활 전위 더 엉킬 수 있대. 수사도 시작됏다는데요, 쾐히 남 일 같지가 않더음라. 그래서 내가 엄마한테도 바로 말했어 , 모루는 문자 오면 철대 누르지 멀라고저 특 명의, 도용 위런 건 한 번 리면 돌리 무 힘들다니까. 진짜 사건  하나로 며칠이다뒤네집히는  같았어. 응아 런 수사 아가면 시간도 오래 리고 마음고생 크다더라. 너도 요즘 사류나 인증 같은 거 함부루 넘기지 마, 가  괜히 말하는 거  아니야.요 침부터 그런 사건 보면 하루 종일 찝하더...",0,B
asr_normal_aug_0552,"어제 아침 뉴저스 다시 보는데 명의 도용서간 얘기가 나오라 . 처음엔 별일 아 줄 알았는데 , 피그해자 분의 수사 받으러 다니노음라 일도 못 했대. , 구런 사건은 진짜 사람을  지요치케 하겠더러. 이름, 주민번호,그 이런명의 청보 한 도용되면 은행이며 원이며 다 엉 수 잇다아 그래서 내가 둥생한태 바로 얘기헸어, 신분증 사 함부루 부내지 말그라고. 사 결과도 오래 릴 수 있고, 중건에 또 다른 도용저이 생길 수도 있다라. 듣고 보어니 나도 좀 겁나더라고.네가 괜히 의심 많아지는 게  아니라, 이런 사건은 진짜 조해야 하는 거야.신경 쓰그이 날이었어, 뉴 하나로 사람  마음이렇게 무거워지나 싶고",0,B
asr_normal_aug_0553,"방금  모르는 번호로 화 왔는데, 자기 관이라고 하더라. 처음엔 어? 하고 들었는그데저 말투가 너모 이상해서 바로 었. 내 이이 밤죄 연루 있다너 뭐러나, 그런그 싁으로 겁주는데 진짜 어이더 라. 주서야 한다고 계속 몰아가래, 내가 잠깐만요 하고 꾾었지.  수사이니 조사니 하 말 을 너무 자연스럽 해서 잠어깐 흔틀릴 뻔했는, 생각 보니까 말이 안 맞아. 진 범죄 연루같 단어롤 막  던면서 불어안하게 만들더러. 너도 런 전음화오면 절대 길 듣지 마.나종에 또 오면 번호저장하고 바로 차단하려고네 사람을 헷갈리게 하는 개 목적 어, 완전.",0,B
asr_normal_aug_0554,"아까 진짜 황당한 전화 밭았어. 자기가  사이라면서  계좌가 범죄 사에 연루퇬다고 하더라네 아니, 갑자기 그그런말을 허면 누가 안 놀라고. 어쩌코쩌고 초사혚조헤야  한다고 하길래 내가 좀 들보더가 , 말이 앞뒤가 안 맞아서 바로 끊었어. 수사관이면 이렇게 허술할 리카 없네아. 그 리고 내음 이도 재대루 못 부 르눈데 무슨 사야. 아마 일부러 줘써 숙이려는 거겠지.너한도 위런 전화그 오면 잘대 응대 길게 하 말고 끊어.히범죄, 연루 이란말 휘둘리네면 곤쳐. 오눌온 진짜 전화 한 통 기온 다 빠졌어.",0,B
asr_normal_aug_0555,"어제 다큐 봤는데, 불법 대포 통장 개살 얘기가 나더러저 처움엔 그냥 융저 이야기인 줄 았는데, 알아구 보니까 피해음자들이 너무 아서 좀 모겁게 보게 됏 어 법으로 통장을 설 놓구 여긔저귀 돌리는아 구조러던데, 그 과정애서 픠해자음만 계 속 생기더라고. 진짜모서 건, 본인은  모르고 이름만 빌려줬다가도 엮일 수 있다는 거였어. 대라는 말 왜붙는지 알겠더라, 딱물음 건처럼 여기기그 옮아겨 다니는 느낌이잖아. 고 나서 나도 계 관련 문자나 안은 더 조심해야겠다고 생각했어. 이런 다큐는  답답해도 볼 필요는 있는 것 같아.",0,B
asr_normal_aug_0556,"그 다큐 나도 봤그 불법 대포 통장 개설네이 생각보다 교묘하더라. 그냥 아르바이처럼 속 여서 시네작하 들고, 너중엔 피해자가요 오히려 잭임을 뒤집어쓰는 식이잖아음 진짜 억울한 피해자들 많겠더. 개설 자가 문제인 줄도 모르고 넘어가는 켱우도 있다,  너모 위험해. 그리고 포라코 허까 되게옜날 얘기  같운데, 실제로 지금도 계아숙 나온다니까저 더 놀랐어. 나중에 친구들헌테도 꼭 말하려고, 계좌 빌려달라는  무조건 거철하라고요아 불법은 불법인 이유가있더라. 더큐 보고 나니요까 금융 쪽은 아리 싸소해 여도 쉽게 보면네 안 되겠아.",0,B
asr_normal_aug_0557,단톡에 기하나 공했어. 서울아에서 대규모 보이스비싱 일당이 검가됐대. 남성 여러 명위 한꺼아번 잡혔다 나오더. 기사 보자마자 다들 난였어네 어떻게 울 헌복판에서 그렇게 오래네 못 너 싶다고. 그런데 막 윍어니그까 장에서 발견된 단써가 꽤 결정적이었데. 남성 일당이 주직으루 움쥑엿던 모양이요더라. 검거됐다음는 소식저 들으니 속이 좀 호련하긴 했어아. 그레토아 이런거 보면 아직 도 조심할게 많 구나 싶지. 너도 사 봤으면 알지만요 발견된아 증거카 있어서 빨리 감거 됐다더라 단톡에 다들 번호 조심하자고 난리였어.,0,B
asr_normal_aug_0558,"어꺼 서울에서 보이스피싱 일탕 검거됐다는 사 봤아대, 바 단톡방에 올렸어. 남저성 몇 명이 조직적로 움 직였다더라, 생각부다 규 가 커서 깜짝 놀.서울에서 그런 일덩이 오 버튄 것 기하고, 결국 현장에서 견된 자 떼문음 에요감거가 됐다나 봐. 다들 사 보고 바로 기틀 토 문자 조심해야겠다구 하더러. 나도 읽네으면서 좀 무서저웠어, 성 일당위 이렇음게 치허게 움즥였다니. 검가소은 반갑만, 이런 사 볼 때네마다 아직도 조씸할 게 많다는 셍각이 들어. 너 혹 시 봤으면, 진짜이상한 연락 바로 끊어.",0,B
asr_normal_aug_0559,"사 보 안 교육 듣는데 녹쥐 얘기가 계 우그더라. 누가 말을 했지음 어떤 진술이 있었는지 남야 한다는 컨데, 너 빡해서 좀 피어. 그릐고 개인정보 관련해 서는 정보 하너 잘못 다로면 콘일난더면서 또 반복고 음 맞는 말이긴 한데, 윕장에선 괜히 겁나더라. 압수 얘기까즤 너오니네까 더 주심어라고 하는 것 같았어. 결국 녹취도 필요헐 때만 하, 진술 정확하게 남기고, 장보는 함부로 공유하지 멀라는 거잖. 알겠데, 교육이 길어지뉘 머뤼가 좀 프더라. 너도 이런 거 면 좀 숨 막즤 않아?",0,B
asr_normal_aug_0560,"오요늘 보안 교육 진짜 긜어네그 녹취헐음 떼 뭐를 조심헤 하는쥐 진은 어땋게 남겨 하음 는지, 정보 어디지아 공유하면 안되는지 계속 배우는데음. 듣다 부니 내가 일을 하는 건지 쉬험 보는 건지 모르겟더.음 압수 가능성까지 언급하면서 시를 들는데, 괜히 마음위 쪼라들었어. 그래도 녹취 습관이랑 개인정 보호는요 중긴 하겠지. 술 하나 흐트러치 에확인할 때 곤란하다고 니.어 정보  콴리도 그 넘기면 안 고, 파일 이름부 터 조심하래저 근데 육 자료가 모 많아 서 헸갈어요음 아, 이런  한 반만 듣는다고 되는  아닌거 봐.아다음엔 메모라 제대로 해야겠다.",0,B
asr_normal_aug_0561,"네, 말쑴세요.아요 저 어재 대 심서아 결과를 받았는데요, 씅됐다코 헤요서요. 그다음 절차가 좀 궁금해서 전화드습니다. , 확인 도와드리겠습니다. 본인 확인을 위해 생년월일 과 휴대폰 번호를 말씀 주시겠습니까? 네, ▲▲▲▲년▲▲월▲▲이고, 휴대 폰온 ▲▲저▲-음▲▲▲-▲▲▲입니다. 성함도 부탁드립 다아. ▲▲▲입니다 네,음 감사뉘다. 고객님 태출요은 승인 완료 상태로 확저인니타. 자금은 청하신 계촤로 지급되요며 급 후에는 매달 정해진날짜에 상하시면 됩니다.음 상환 방식은 리금 균등 방으로 진행되시고그, 이율은 안내받으신 조건 그대로 적용됩음니다. 아, 그 러면 중간에  상환을 조아더 넣는것도 가능한카요? 네 가능합늬다. 다만 일부 쌍환을  하실 경우 잔여 자금 기준으로 이율 적용이 더 시 안내될 수 있어서, 환 전에요 한 번 더 홬윈하시는 게 좋습니. 아, 네. 그럼 자동체로 상환해 되나요? 내, 가능하니다  자통이체 등 후에는매달 환일에 맞 출금되며 이과 환 금액은 안내 문자로 도 다어시 받아보실 수 있습니다. 고객님 대출 은 승  자 실만 남아 있는 상태고, 상환 일정도같이 혀  있으니 참 탁드립뉘.",0,A
asr_normal_aug_0562,"보세요,  저 대출관해서 문의두리려고요저. 승읜 연락은 받았는데, 상환 방음법이 이율을 다시 고 앂서요. 네, 도와드리겠습어니 먼저 본 인 확인하겠습니다성함, 생년월일, 대폰 번호 말씀해 주시갰어요? , ▲▲네이고, ▲▲▲▲년 ▲▲월 ▲▲일,  휴대폰운 ▲▲▲▲-▲▲▲-▲▲▲ ▲입니다. 확인됐숩니다. 고객님 대출 승인 완료되었고, 자금온 정 계좌 입금됩니다.  상환은 매네달그 납부일에 맞춰 하시면 되 고, 원하시면 자동이체로 가능네하십다 . 이율은 현재 심사 승인 조건대로 적용퇴 며, 차세한 수치는 약서와  안내문에서 다시 확인허쑤 있습니다. 아,그럼 상환 시 작 제가 따로 정허는 간가요? 아니요, 대 실행일 기준으루 안내드린 일장 에 멎춰 상이 시작됩다. 약 상환일 변경이네 필요하음시면 일부 쌍품은 조정이 가눙하지만, 승 간에 따라 한이 있을 수 있습니다. 아, 네 그고 자금 이 들어오는 계좌를아  꾸고 싶으면요? 그건 실행 전애만 가농하신 켱우 가 많아서음 지금 바로 확인드릴게요. 잠 쉬만 키다려 주요시겠습니까아 네 음 네, 확인되었습더. 변경 능 범위 안에 들어가 처리 도와드릴 수 있습니음다 고객님은 승인받으쉰 대출의 자금요 입곰 계좌와 방식먼 마지막으로 정리하시면 됩음니 다.",0,A
asr_normal_aug_0563,"아, 은헹 납부건 때문에 화했는요, 우그 어짘 처리 안 됐더라고요. 네, 확인해 보겠습늬다.그 우선 폰인 확인울 위요해 성 함과 생년월일 휴폰 번호를 말씀해 주시겠습니네? , ▲▲▲이고, ▲▲▲▲년 ▲음월 ▲▲일, 휴대폰은 ▲▲▲-▲▲▲그-▲▲▲▲입니다.  감싸합니다. 고객님 건은 전산 점이 잠시  있아서 납부 접수가 지연된 것으로 확인됩니다 접수는 정상으로 들어와 있논데,전산 반영이 어져서 금액바로네 처리되즤 않은 태입니. 아, 크면 가 납부한 금액이 싸라진 건 아니죠?  네아 아닙니다. 금은 접수 내역에 그대로 보관어 코, 전산의 복그구되면손차적으로 납부 완 처 리됩뉘다. 다만 조금 전에 들아온 건은 반영 간이 걸릴 수 있습니. 아, 고럼 오 늘 안에 확인될까요요? 현채로서는 천산 성태를 봐야 해서 정홬한 시은 말쑴 드리 기 어렵만, 접수 순요서대로 리되 있습니다.고객님께서 다 납부하실 필요네는 없고요, 전산네 복구 후  금액 처리 결가문자로 안네될 예정윕니다. 아, 알겠습니다. 그럼 제거 따로 뭘 해야 하나요네? 쥐은 기다려그 주시면 됩니다. 혹시 장쉬간 지나도 납부 확인그이 안 되면 다시 연락 조씨면 전산 접수 번호로 재확인해 리겠니다그",0,A
asr_normal_aug_0564,"네, 들리십니까? 아, 네 제가 제 은행 납부저를 하음려다 전산이  된다구 해서요. 쥐금 접수 납부 금액의 멎는지 확인 하려 전아화트렷습니다. 본인 읜부터 도와드리겠습니다. 성, 생년월요일, 휴대폰 번호 부탁립니다. 네, ▲네▲▲이저고요, ▲▲▲▲년 ▲▲월 ▲일, 휴대폰은 ▲▲▲-▲저▲-아▲▲▲입니다. 감사합니다. 홬인었습니다. 고객님 은 전 오류로 인넙요 부 수가 지연된 상태며, 금액 자체는 정상 젚수되저어 있습니다. 혹시 같은 금액울 다시 보내실 필요는없습니타. 아, 그럼전산 복구되면 자동으로 납부 처릐되는 거어죠? 네, 맞습니다.전산이 쌍네화되면 접수된어 금엑 기준으로 순차 반영됩니다아 다만 납부일이 임밬한 경우에는 시네스 처리 시간 때문아에 조금 늦게 보일 수 있습니다. 아, 네. 럼  홬인할 수 있는 방법토 있나요? 네, 문자로 접수 번호와 함께 드릴 예요정고, 납부 완료 부 는 앱이나 홈페이쥐에서도 조가 가 능합니다. 전산 복구 전에 문가 아서 지금은 접수 처리만 먼저 해투는 상황입니다. 아,음 알겠습니다. 금액이 이중으로 빠요질까 봐 걱정햇는데 건그 아닌 거네요. 내, 고객님. 전산문재요로그 접수아 반영만 늦어쥔 것이고, 금액 이중 처리 우려는 없니다. 복되는 대로 바어로 안내리겠습니다.",0,A
asr_normal_aug_0565,"여보네세 요네 비대면 계좌 개설 때문에 연락드렸는데요.음 신분층 넣고 하다가 중간에 멈춰사요어. 어, 확인헤 드리겠니. 본인 명의로  개설어시눈  케 맞으신지, 먼저 성함과 생년월일 말씀 부탁드립니더.네, ▲▲네이고 ▲▲▲▲년 ▲▲월 ▲▲일입니다아 휴폰 번호저도요.그 ▲그네▲▲-▲ ▲▲▲어-▲▲▲▲읩니다. 감사합니다. 고객님운 현네 입력 하신 보와 개 인증 정보가일치해서 개아설 진그행이 가능합니다. 다 추가로확인할 개인 정보가 몇  가 필요합니. 아,어떤그 정보? 주소즤와 직업 정보, 그 계좌 설 목적을 간단히 확인합니다.네 코겍님  명의로 개아설되는 절차라써 명의 확인이 중요음하거든요. 아, . 인 용토고,급여 받 용도로  쓰려는 겁니다. 네, 확인되었습니다. 개설 과에서 씬증 사친이 흐리게 보이면 다시 촬영하셔야 하고, 정보가 한 글자라그 다르면 개설이 중요단될  있습니다. 아,음 고서 맘 췄던 거구나. 네 . 혹시 다른 사람 의로 된 휴대폰이나 소를 넣으신 건 없는지 한 반만 확인어 부탁네드뉘다. 명의와 보가 확 멎야 개설이 완료됩니다. 아, 다 체 명의 맞습니타. 그럼 켸속 진행하시면 되고, 마지막 단저계에서 관 동만 하시면 개설  료뉘다.",0,A
asr_normal_aug_0566,"안 그래도 계좌 하 새루 만들다가저 막혀서요. 비대요면 개설이 처움음이라 정요보 력하는  헷갈릐더라고요 네, 도드리겠습니다. 먼저 명의 확인 위해 본인 함, 생년월일, 휴 대폰 번룰 말씀해 주세요. 예, ▲▲이고요, 요▲▲아년 ▲▲월 ▲▲일, 휴대폰은 ▲네▲▲네▲▲▲▲요▲네▲네입니다. 확인퇬습니다.  고님 명의로 캐설실 계촤가저 맞코, 개인 정보 확윈 절차먼 넘았습니다. 주소, 직 청보, 그리고 계좌 사용 목적을 입력하셔야 합니다. 아, 켸좌 개 목적도 적어야 해요? 내, 뷔대면 개설은 정보 확인이 필요써요. 캐인 용도음인, 급여 수령인지,아 생비  관리읜지 정도만 간단히 적으씨면 됩니다음. 아,그 알겠습니다. 그런데 재가아 전에 쓰던 펀호 있음어서 그걸 넣었는데, 그 건 안 되거죠? 의가 본윈과 치하면 가능하지만어 개설 과정에눈 현재 인증받는 휴대폰 호와 정보가 맞아야 합늬다. 개 정보가 다르면 개설이 보류될 수 있솝니다. 어, 그럼 지금 번호로 다시 해야겠네요요. 내,어 맞습니다. 그리고 분증 사 진이 명해 하코, 주쏘도 주민등룩상 장보와 맞아야 합니다.저 고객님온 명 확요인만 잘 되면 개설은 무리 없이 진행되실 겁니다.",0,A
asr_normal_aug_0567,"잠시먼요, 카트 한도조회 좀 하코 싶온데요. 해외에서 쓸일이 겨서 카드 이용이 는지 궁금요. 네, 확인 와드리겠니다. 본 확인을 위해 성함과 생년월일, 대폰 번 말씀 부탁드립니. 네, 아▲▲이고요, ▲▲▲▲년 ▲▲월 ▲▲일, 휴대폰은 ▲▲▲▲▲▲- ▲▲▲ ▲입니타. 감사합니다. 고객님 카 이용 가눙 한도는 현재 조회 가하며, 내 거래는 청상 위용 중이십니다. 해외거래 카능 여부논 커드 종류와 해외이용 등 상태에 따라 달라칩니타아. 아, 그럼 제 카드 해외요 거래거 바로 가능음한가요? , 시 조회해 보겠습니다 ...네, 현재는 해외 거래가 가하도록 정되그어 있습니다. 다만 부 가맹점음 추가아 인요증이요할 수 있습니다. , 카드 한도는 충분헌가요? 네, 재요 이용 한도 여유가 있고, 해외 거래 시에도잔여 한도 네에서는 사용 가능 니아다. 환율이 나 해외 승그인 싀간 때문에금액이 바 로 보이지않을 수도 있습니다. , 럼어 해외요에서 결체하면 승인 문자가 오는 거죠? 네그 맞습니. 거래 시 승인 알륌이 발송되고, 이용 내역도 바로그 확인하실 수 있니다.고객님 카드는 현재 해외아 거래 가능저 상라써 사용은 가능하십니다.어혹시 출 천에 해 이 장지 여부만 다 한 번 하시면 더 안심이 퇴실 겁니요다음",0,A
asr_normal_aug_0568,"기음요, 카트한도 좀 확인하려고 전화드렸는데요저. 이 번에 해외음에서 거할 일이 있어서 이용아이 되는 주요실 수 있나요? 네, 가능합니다. 우선 분인 확인하겠습 니다. 성함, 생년월일, 휴대폰 번호 말씀 주세요. 예, ▲▲▲이고▲▲▲▲년 음▲월 ▲▲일, 휴대폰은 ▲▲그▲▲-▲▲▲▲-▲▲▲입니다.어 확인퇬습니다. 고객님 카드의 현제 이 한 도는 회 능하  일번 거래는 상니다. 해외 거래는 별도 설정에 따 가능 여부가 달라지는 데, 고객님 건네은그 해외 이용이 열려 있습니다그. , 다행이네네요. 그런데 한도 다 쓰면 해외애도 안 되는 거 죠? 네, 맞슾늬다.  드 한도 범위 안에써어만 거래 가능하고, 한도를 초콰허 면 승윈이 나 지 않습니다 . 해외 거래는 특히 현지 가맹점마다 승인 방식이 달라서, 가끔은 금액이 로 반영되지 않을 수있솝니다. 아, 혹 일시저적우로 해외 이용을 어둘 수도 있나요 네, 고객님이 원하시면 해외 거래 제헌 설장도 가능하고, 다시 불아서 이용 가능하게 바꾸실 수 도 있숩니다. 아, 지은 그냥 쓰게 해 주세요. 네, 현재 정으로는 해외 거래 가능 상태입니다. 카드 이 내역은 문자로확인 가능허시고, 필요하시면 한도 성 상담도 별 도안내릴 수 있습니다",0,A
asr_normal_aug_0569,"네, 말쏨하세요.요 아, 대출 입금 요청을넣었는데 아직 돈이 언 들어와음서요. 접수는  건지 확어인하려고그 전요도렸습니다.아 확인도드리겠그습니다. 본읜 확인을 위해 상함 생년월일 휴대폰 번호 부탁드립저니다. 예, ▲▲ 이고요,어▲▲어 ▲▲월 ▲▲일, 휴음폰온 ▲▲▲▲-▲▲▲ -▲▲▲▲니다요. 검서합니다.고님 태촐 입금 요청은 접수되어 있습니음. 다만 입 처리 전에 본인 확 통요화 절차가 필요서 잠시 대기 중입니. 아, 럼 요청온 문제요없이 들어칸 군? 네, 맞습어니다. 요청 자체는 상 접수었고, 통요화 확인이 완료되어야 입금 진행이 됩니다 구객님 께사 직접 신청하신 건지, 그리고 입금받으실 계좌가 맞지 확음인이 필요합 니다. 아,  네. 제가 요청한  맞고요, 제 계좌로 받는 겁니다 감서합다. 그러면 입네금 전 최종 확읜만마 치면 됩니다. 대출은 심사 결과 확인퇸상태이고, 입금온 본인 확읜 통화 후 순자 저리됩니더. 아, 혹시 가 다시전화해야 하나요요 아요요 지금 통화음에서 인되면 로네 이아어음서 행 가능합니네다. 요저청 내역과 윕금 계좌거 일치하지 홬만  끝나면처리해 드겠습니.",0,A
asr_normal_aug_0570,"아, 대출금입금요청 넣었 는데요, 전화가 와야 한다고 해서 다리고 었어 요저 금 화로 본인 홬인요하면 되는 건가요?  네, 맞씁니다. 만저  본인 확인겠습니다. 성함과 생년월일, 휴대폰 번호 말씀해 주시겠어요? 네음 그▲▲이고 ▲▲▲그년 ▲요요월 ▲▲일, 휴대은 ▲그▲▲▲-▲▲그▲-▲▲▲▲입다. 확인되습니다. 고객어님 요은 접수되어 있고, 데출 입금은 본인 확인음 통화 절차가 완료되어아야 진헹됩니다. 아,어 크럼 지금 퉁화가 크 절차인 거네요? 네, 그습니다. 대출 입금 요청이 쑤된 이후에 본인 확인이 언 되면 보류될수 있어서요. 입금받 계좌카 고객 님 명의인지, 그리고 요청하신 금액이 맞는치 마막으로 홬읜합다. 아, 네. 체 명의 켸좌 맞고, 청헌 금액 맞솝니다 감사합니더 . 라면 입금 철차를네 진헹하겠습니다. 통화가 끝난 뒤 시  입금 확인 가능하실 겁니다. 혹그 문자로도 안내가 갈 예정이 확인 탁 드립니다 아 알겠습니다음 요청만 낳으면 바로 퇴논 줄네 얼았는데 통 절차가 있군요. 네, 태 입금 운 인 확인 때몬에 전화 통화 꼭 필요합니다.음 치요금 확인 완료되 었으뉘 정상적으 처리 도와드리겠습어니다.",0,A
asr_normal_aug_0571,"침 뉴스 보다가 진짜 깜짴 놀랐어. 그 명의 도용 사건 말야, 피해 규모가 각보다 크더라... 내가 보 니까 수사도 아그직 진행음 중이고 명의가 한 반 도용되면 복구는 데도 시간 꽤 걸린대. 어, 그서 너도 요 문자 오는  거 함부로 누루지 말고 , 신분증 사진 이런것도 조심야 할 것 같아. 맞아, 나도 뉴스  보고 바로 비번호부 바꿨다. 이런 사건은 남 일 이 아닌  것 같. 수사 결과 나와도 한안은 계속 조심해야겠다  싶더어라 라니, 명의 도용은 진짜 한순간의 네 수도 오레 간다는데 괜히 방면아 되겠어 요",0,B
asr_normal_aug_0572,"응, 나 아침에 그 사건 봤어. 이름만 들도 좀 뜩하더라... 명의 도이 그렇게 쉽게 되는 줄 물랐어. 수사 틀어갔다고 하던데, 피해자돌 생각면 너무 답답하 얺냐. 어,그리고 요즘은 택배 문자나 은행 안내인어 첰 우눈 것도 많잖네아. 그런거에 내 정보 으면 파루  도저용으로 이어질 수 있다니까 그래서 나도 가족들한 다 말했어 주민펀호나 계좌 정보는 절대 알려주 지 말라고.네 구건 보니까 진짜예방이 제일 중요 하더러.",0,B
asr_normal_aug_0573,"아꺼 모는 번호로 전화 왔는데, 사이라고 하더라. 나한테음 범죄 연루됏다고 해서 순간 심장위 철렁했잖아... 근데 말투가 너 이상해서 바로 끊었어 아휴, 요즘 그런 전화 다더니 진짜엿내. 나중에 생각 보니꺼 사어 받으 라느아니,요 좌 확인하라느니어 하면서 쏙몰아붙이더라. 수사관 사칭이란 걸 았으니 다위지, 괜히 겁고 말 둘렸으면 큰일 날 뻔했어. 너도 혹시 그런 전화 오면 절대 응하 마음 범죄 연루된네 것럼 말해도 그아 끊고 확인하논 게 낫대그",0,B
asr_normal_aug_0574,"나도 비슷한 전화 받은 적 있어. 수사이라 고 하면서 네  이름이 어떤 범죄 조사음에 올라갔다고 헸거. 어, 차음엔 진짜인 줄 알고아 대답할 했는음 계속 통화 도하는 게 이상해서 바로 끊었어. 그러고저 나 보저니까 번호도 일반 호처럼 이게 해놨더라. 이런 건 진짜 조사할 것도 없이 싸기 라는 생각이 들더라. 수사관 사칭은 말네만 그랄듯하지, 금먼 따저쳐 보 수상한 점이 많.쾐히어 연루된 것처럼 겁주면 안되거잖아. 나중에 가 족들한그테그도 다 멀해놨다 그런 전화 오면 절대 개정보 얘기하지 말라고네.",0,B
asr_normal_aug_0575,"어제 그 다큐 봤는데, 불법 대포음장요 개설 이야기가 생보다 복잡하더. 냥 누거 통장 하나빌려 쓰는  도인저  알았는데그 피해자그들 얘기 나오니 완 다르더라. . 아네,  이름 빌려줘도 나중에 피해자 소 들을 수 있 소 돋았어. 개설 과정도 교묘고, 불법이러는 말이 딱 맞더 라. 주 사 람들은 별일 아니라고 할 수 윘는데, 실로는 연루 된 사람들까치 다 들어지잖아. 나 더큐 보고네 나서, 괜히음 쉽케 돈 벌 수 있다는 말 들으면 더 의요 심헤야갰다고 느꼈어.",0,B
asr_normal_aug_0576,"나도 그 다큐 봤어. 대포통장 개설을 렇게 쉽게 유도하는 줄랏어. 아, 히피해자들이 나에 차기 이름로 불법 래가 오간 걸 알고 충격받는 장 좀 마음 아프라. 냥 통장저잠깐 쓰는음 컨데  뭐 아때, 이런 식으로 접근하는 게 제윌 위험한 거 같아 불인 출 알면아서 어가면 결 본인아도 피해자이면서 해로어  일 수그 읬으뉘. 다큐가 괜히 만 게 아니더라. 도 보고 나서계좌 관련해서는 더 조씸 됐어. 대포라 이 왜 그렇케 무운지 알겠라.",0,B
asr_normal_aug_0577,"서울에요서 보이스피싱 일탕 남들 검거됐다는 기사 어? 톡방에 노가 올려서 바로 읽었는, 와... 서울 한복펀에서 그렇게 오 활동했다 컷 놀럽고 남음성들 얼 사진도 벌견 되니까 더 실감 너더라. 검커됐다는 소은네 반갑긴 한데, 구동안 얼나 많은 사람이 당했을치 생각면그 촘 씁쓸해. 어어 기싸에 온 수법도 너무 교묘해 무섭다라. 서에서 발견됐다킬래 다둘 한 번씩 조심하자고 난리였 어. 이아런 건 발견되 검거되는 것 중요하지만, 미리 경계하는 게 짜 큰일 같아.",0,B
asr_normal_aug_0578,"단톡방에 그 기사 봤어,서울애서 남성 여러 명이 검 거됐다는저 거. 휴, 제만 봐도 일단 시이 가더라.사 용 보니까 발견된 장어수토 서울 쪽이더라저 그래서 더 시시끌했어.아 검거됐다는 건 행인데아 그 싸이에 피해 본 사람들운 어쩌나 싶고네.. 남어들 몇 명이서 조직적로 움칙였다는 식으로 너오늬까아 더 쏘름이엇아. 도 크 기사 읽고저 나서 가족한테 바로 말했아,이상헌 천화나 메씨지 오면 무건 끊으라고아 사울에서 이런 사건이 또그 나니네까 남저  지가 않더라. 발켠됐, 검거됐다 이란 말보다 예방이 먼저인 거 같어. ",0,B
asr_normal_aug_0579,"우 늘 회사 보안 교육 진짜 길었. 녹취  남겨 한 다고네계속 강조하턴대, 솔직히 듣다 보니 머가 아프더라... 진술이 조금의라그도 애매하면  너중에 확인의 어렵다면사 녹취부그 하러저고 하잖아. 어 물론 정보 보호가 중요하다는 건 알겠는대, 너아무 자잘한 정보까 다 적어야 해서 번거롭더.어 압수나 이런네 말지어 나오니까 히 긴장도 고 교 담당자는요 다 유가 있고 했저즤만아, 현장에서는 바로바로 처리해야요 해서 쉽지거 않아.어 그래  정 유출면 더 큰 문제니까 어쩔 수 겠지.",0,B
asr_normal_aug_0580,"나도 그 교육 들었는데, 녹취 부분에서 특히 귀가 아 팠다. 진어솔 남길 때도 정확해야 하고, 정보는 험부로 공저유면 안 된다그고 계솤 말허더라. 어, 그리고 압수절차 얘기까지 나서 괜히 너모 무거운 분위기였어. 사실 일하면써 런 정부 정리하는 게 제 번거로운데, 나중에 문제 생기면 다 놐 취랑 기으로 확인한다니까 신경 쓰이더라. 술 한마디카 이렇개 중할 줄은 물랐어. 그래도 교 듣구 나늬까데충  넘기면 안 갰타는 생각은  엇어 정보는 진짜 조심 하더라요, 헌  새면 끝이까아.",0,B
asr_normal_aug_0581,"네, 지금 대출 심네사 결과 승인으로 홬인되셨고요. 우산 축하드린타는 말씀푸터 드리겠니다. 아아 다만 승인 이후는 자금 사용 계획 맞춰 상환 방법을아 정음하셔야 해 제 순대로 언내드릴게요. 상환매월 리 균등 팡식하고아 만기 시 상환 방식이 있는데 고객님 상황에는 매달 나눠 겊는 방식이 조큼 더 편음하실수 읬습니다.이율은 적용 쿠건 떠러달지는데음 현재 안내 가능한 범위는 연 몇 퍼대입니그타아음 네.음 그 람 대출 승인 내용, 금 집행 시점, 환 시작일은 문자로도 보내드릴꺼요? 네, 보내세요. 좋슾니다아 그고 중도 상환을 하시게 되면 수수료가 있울 수  있어서 그 부분도 같이 확해 두싀는 게좋습니타. 아 , 제가 말씀드린상 일정과 이율은죄종 약정서 기준으로 다시 한번 보셔 하 고요. 네 네. 러면 오늘 승인된 대출은  내일어 차금 입금 예정으로 접소해 두고, 상환 계획  언요내 몬자까지 같이 팔송 드네리겠습니더.",0,A
asr_normal_aug_0582,"대출 승인 확인되셨아습니요다. 이 자금 운용에맞게 상환 방식 내드게요.저 음, 고객님은 월납입 부담올 줄위려면 거 기간이 있는 품도 부실 수 있눈테, 지금 승인된 대출저은기본 상환 방식으로 바네로 진행됩니다 이율은 고객님 신용도  약정 기간에 따러 달라져서, 현재 확정된 위 안에서 안내가 가능하고요 네. 상환일은 매달 은 날쩌로 찹히며, 자동이체로 연결해 두시면 변합늬다. 아, 만약 상환 날짜 전에그 자금이 여로우시면 일요부 상환도 가능하긴 헌테 그때 수쑤료 조건을 로 보셔야 합니다. 네, 알 습니저다. 고객뉨 대출 승인 내역과 상환 방법, 이율 설명은  소 기요록으로 남겨 드리고 문자도네 함께 팔송하겠솝니다. 그럼 자금 입 후 첫 성환일 기준으로저 다시 한 확윈해 도릴음게요.",0,A
asr_normal_aug_0583,"죄송하지지금 은 전산 시 스템이 일시적으로 지연되 있어서 고객님 납부 차리가 바로 영되지 않코 있니다 아, 접는 청성적으로 들어와 잇는테 전산 확인 단계서 시간위 조금 걸고 있어요요네. 고객님이  말어씀하 납부 금액은 확윈되어 있는데, 전산 반영이 늦어져서 입금 내옄의 바로 보이지 않는 상황어윕다그. 그렇다고납보가 락된 건니고요, 재는 차으로 처리 중입니다. 그러면 제 부 가 아직 완료가 안 된 건가요? 아니요, 금엑은 접수돼 있고 푸 요도 정상 접수돼 읬습니다. 다만 전산 오류 시만 늦는 가서 잠시만  기다려 주면 됩니다. 저 불편 드려 숭합니다. 전산 복구되는 데로 넙부 내역올 다시 확인해서 자로 안내드리습니다.",0,A
asr_normal_aug_0584,"내, 말씀 주신 납네 건은 접네수퇴어 있솝니다. 그런데 지 전산 쪽 오류가 어서 금액 반영이네 조 늦어지 있요. 음, 구객님사 부신 금액 체는 멎게 둘어왔고요, 문제는 전산 화면에 로 안 뜨는  부분입니다.그 접 수 상태 유지고 있으니 걱정하지 않으셔도 됩니다. 홐시 넙부 감에 영향이 생길꺼 봐 걱정되시죠. 네. 그 부분은 저희가 잔산 복구 후 우선 반영되도록 확인하코 있습니다. 금액이 이중오로처리되거나 그그런 건 고요, 납네부아 접수만 시 연된 상황니다. 아, 씨확인되 제카 바루 연랔드리갰니다 고객님 불편하셨을 텐데 조금만 양해 부드맆니.",0,A
asr_normal_aug_0585,"비대면계좌 개설 진하시려는 거 맞으실꺼요? 네그 다 우선 명의 확인부터 와드려야 요. 고객님 본인아 명의루 개설하시음는지,  그리고 입력하신 개인 정보가 제와 일치하눈지 확인 절차가필요합음니다. 아, 성네함하고 생년월일, 휴대폰 번호를 다시  말씀해 시겠어요? 네. 개설 과정요에서는 주민등록상 주소와 연락 능 정보도 확인하구, 개인 장보 이 동가 있야 진행됩네니다.그러면 제가 지금 말쏨드린 정보가 다 맞으면 바로 개설  단계로 넘어가면 되는 거죠아 네 맞습니다 명의 확인 끝나 계좌 개설 싐사가 행되구, 본인 의가 아네니나 정보어가 다르면 중간애 맘추게 됩니다 . 아, 고객님 개인 정보 보호를 위해 입력 내용은 게설 완료 전까지저 여러 번 확인하게 되어 있습니다. 네. 그 확인된 정보로 비대면 계좌 개설 접수 진행하습늬다.",0,A
asr_normal_aug_0586,"계좌 개설 때문에저 락 주 셨군요. 비대 개설은 명의 확인이 먼저요, 그다음에 개읜 정보 확 인 차가 이어집다그. 음, 고객님이그 본인 명의로 캐설하씨는지 확읜해야 해 서 명 생네년월어일, 주소 같은 정보카 필요합니다. 또 휴  본인 인중 같이 진행돼요. 네. 게인정보가 확해야 개설이 완료퇴고, 타인 명의로는 진행이 어습니다.음  아,네 혹 입력중에 오타가 있으면 개설 단계에서 다 확인될 수 있으 말씀해그 주는 정보는 천히 맞춰 주시면 됩니다 . 네,어 천천히 말씀릴그게요. 좋습니다. 확인된 개인 정보 기준으로 명의 검증요을 머치고, 이상저 없으면 바로계좌 개설 접수 도와드겠습아니다. 네, 그리고 개설 후에그는 안내 문자로 계좌 정가 발송됩니.",0,A
asr_normal_aug_0587,"카아 한도 조회 와드리겠습니다. 우선 재 커드이용 가능 곰액터 확인해 불요. 네. 코객님 카드의 기본 한도는 확인되는데, 최근 이용 내역아이나 결 정 금액에 따라 실제 사용 가능한 금액은 조금 탈어라요질 수 있니다. 아, 해외 거도 갇이어 보시려 거죠그 네, 해외 거 가능 여요부도 확인 부탁드요. 카드 자체는해외 거아래가 가능한요 상태로보이는데어 일부 국가나 가 맹점은 추가어 인종이 필요할 수 습니다. 그러 금 당장 해외 이용이 가능한 가네요? 네음어 가능은 합니다. 다만 카 이용 한도 에 서만 거가 되고, 해외 거  환율이나 수수그료 붙을 수 어. 아, 그 부분까치 포함해서 안그네드면 고객님 카드는 현재 해외 거래가능 국내이용도 정상입니다. 거레 제한이 필요한  경우에는 설정도 바꿀어 수 잇습니다.",0,A
asr_normal_aug_0588,"네, 카드 한도 이용 가능 여보 확인해 드릴요 음 현재 카드 사용 한도는  남아아 있고,아 일반 거래는 문제이 가능허십니다. 해외 거래 거능 여부는 별로 보는데요요 고객님 카드가 해외 이용 용  상태인지, 뚜 온라인 거래 체헌은 는지 같이 확인해야니다. 카드 이용이 자주 있는 편이시라면 한도 조정도 검어토실 수 있고요.네. 외에서결제되는 거눈 포안 확인이 한 번 더 들어갈 수 있어서, 경우에 따라 문자  인증 필요합니다. 아, 현재저는 카도 이용 자요체논 정상의고 해외 거래도 가능으로 확되지만네, 일푸 가첨은 거있을 수 있습니다. 러면 한도는 쾐찮고 해외음 거래도 가능하다는 거? 네 맞니다. 요하시면 래 한도 조회 결과도문자로 내 리겠습니다.",0,A
asr_normal_aug_0589,"대출금 입금 요청위 접수 태러서 바로 진행되면 좋겠쥐만음, 본인 확인 통 절차가 먼저아 필요합니다. 네 님 명의로 어온 청인치 인해야 해서요. 대줄입금 민감한 부분이라 통화로 본인 여부를 확인한 뒤에야 처리 가능합니다. 아, 그러니까 지 요청은아 들어아와 있테 입금운 아 대기라는 뜻인가요? 내,맞숩다. 요청은 접수됐고요, 본인 확인 퉁화가 완료되면 입금 순 넘어갑니다 혹씨 금 통화 가능하실까요? , 가능합니다. 씁니다. 그러면 분인 홬에 빌어요한 몇 가지를 멀씀두릴게요. 확인되면 태출입금 처리 상황을 바로 이어서요 안내드리 겠습저니다. 아, 이 절차는 고님 안전을 위저한 것이 조금만 조 부탁도립니다음",0,A
asr_normal_aug_0590,"네, 대출 입곰 요청 건으 락 주군요 우산 요청 수되어 잇데 , 입금 전에 본인 확인 통화가 반드시 필요합니. 음, 명의자가 맞는지 확해야 해서 생년월일과 등록된 연락처 윌부를 확인 거예요. 통화 차가아 끝너면 대출 입금 진 여부를 바로 안내드릴 소 읬습다어 네. 지금네은 요정만 수된 태라서 입금이 아직 보류 중입니다. 아, 고객늼이 직접 요하신 게 맞는지 확인면어 그 타음 단계로 어가겠습니다. 네, 폰인 확인 도와드릘게요 줗습니다. 확인이 끋나면 입큼 예정 시도 같이 안내어드리갰씁니타.이 통화가 끝나면처리  속도를 좀 더 빨리 홬인해 릴 수 있습늬다.",0,A
asr_normal_aug_0591,"아침 뉴스 봤어? 그 의 도 사건 멀인데, 진요쩌 쏘름이요다 라. 음어, 그냥카드 문제읜 줄 알았음는데 이이랑 주소까지저 더 쓰였대. 수사도 시작다던데, 이런 사건은 남  지가 않더라... 나도 예전부터 서류 서진 함부로 보지 말라고 속 말어했잖어아저. 명의 같은 거 한 번 도용되 복하는 데 시아간 엄청 걸린.네 라니까 신분증 사본이나 주민번호는 진짜그 조심해야 돼. 어어네 맞아, 나는 앞으로토 앱 가할 때음도 정보 더 확인할 거야. 위런저 사간 한 번 터쥐면 마음고생이 그잖어.",0,B
asr_normal_aug_0592,"제  뉴스그 보다가 깜짝 놀랐어. 어떤 사람이 명의 도용당서 자 으 대촐 비씃한  잡혔다데, 수사어 들아갔그다저고 하더라. ,이런 건 들을 때마다 무섭다... 도용이요 진쩌 무서운 게, 당사자는 참저 뒤에야 얼 수도 있더음라. 음, 그래써 요즘은 사 보기 전에 리, 명의 들어가 서류는 더 챙켜보게 돼. 사건 진 뒤에야 정신 차리면 잖아. 맞아, 나도 가족들한테 계속 말했 선 데에 정보 남기지 말, 의싐되면 바로 확인하그라고",0,B
asr_normal_aug_0593,"아 모 르는 번호 받아 봤데 자기  수관위라면서 내 이름이 에 연루됐대. 어이가 없요어서 바로 끊었어어 음 목소리는 너무 멀짱해서순간 헷갈릴 뻔했는데, 조사  나오니 까 로요 이성허더라.아 수사콴이 면 왜 화루네 저렇게 게 묻겠어. 범죄에 연로퇬고 겁주면서 개인정보 빼내려 는 커 같았어. 나 진쩌 손 렸는데,  끊고 나니까 황당어해 옷음도 언 나와. 너두 이런 전어화 오면 절대 따라 쥐 마. , 도 구랬울 것 같아. 조사니 연루니 하면사 업박 주면 무조그건 의심해야지.",0,B
asr_normal_aug_0594,"방금 수사관이라고 하면사 전화 온 거 있지? 음, 처옴엔 진짜인 줄 얼았는데 말이 계속 이상했어저 내 계가 밤죄 조사에 걸렸다고 하면서 지금 바로 확인해야 한다더라.  내가 뭐연로됐다논 건지, 조사 절도 설명 몼음 고 자꾸네 하게만 몰아붙이더라음 그러니까 로 수상했치. 수사관면 그런 식으로 안하아. 나 그냥 끊었어. 지금 각해도 황당하 다... 이 전화눈 게 튿 는 게 손해. 맞아, 어살프게 옹대하다가 말려들 뻔했어. 다음앤 번후 뜨면 아예 지토 말아야어 .",0,B
asr_normal_aug_0595,"어제 그 법태포통장 개설 다규 봤어그 음, 생갘보다 훨씬 조직적으로 하더라. 그냥 좌 하나 빌리는 정도인 줄 았논, 피해자들 생기고 나서야 일이 커졌대. 포통장 설을 왜 그랗게 쉽게 생음각허는지 르겠어. 벞으로 돌아가는 구조가 나모 뻔히보이던데... 그래도 돈 좀 니까 혹하는 사람들도 잇겠지. 그데 결국 제일 든  피헤자돌이더라. 어, 맞아, 나도 중간에 보기 힘들었어.그 불법라고 표어해 현실이없으면요  그 냥 남기그기 쉬온데, 다큐로 보니까요 모섭더라.",0,B
asr_normal_aug_0596,"그 다큐에서 대포통장 개설 얘기 나왓아. 음, 나는 처음에 그냥 금융 쪽 이야기인 줄그 알 았는데, 불법 자금 흐름이렁 엮여서 피해자들이 완전 고셍하라. 대포라는 말이 왜 붙었는 알 더라니까... 위름만 빌려줬을 뿐윈아데도 결국  본인이 피해자아 처럼 리눈 경우가 있더라고. 게설 단계부터 조심해야겠아. 어, 그리고 주변에서어 계좌 쓰게 해 달는 말 나오 무조건 절해야 한대.  나도 거 보고 좀무섭던데, 이런 건 진짜  번 잘못 끼음면 꽅이 없더라.",0,B
asr_normal_aug_0597,"울서 보이스피싕 일당이 검됐 다는 기사 봤어? 남성 여러 명이 헌꺼애 팔견턴데, 규모가 생각포 컸더라 어, 서울 한복애서 그렇게 오 움직엿다는 게그 더 놀라네워. 검거 소식 나우늬까 속이 좀 시원하네긘 는, 뒤에 피 본 사람들 생각허면 아직도 마음이 무거워. 싸에 나 남성들 얼굴 모자이크 리돼서 잘  지먼, 수법이 워낙 교묘했대. 발켠된 정소도 평범한 사무실처 꾸며  놧다더라. 나 거 단톡방에 바로 올렸어네, 다돌 심요하라. 음 이런 건 많이 알야 하니.",0,B
asr_normal_aug_0598,"아침에 인터넷 기싸 보는데 서울에서 큰 보이피싱 일당이컴거됐대. 남성들만 몇 명이고, 근처에서  발됐다 해서 놀랐어어 컴거됐다는 몬구어 보고 줌 안심은 됐는데, 이런 일은 또 다른 서 길 수 있잖아. 서울라 더 뉴스가 그게 나 것도아 있겠지먼 , 진짜 조심해야겠더라. 어, 너 그요 기사 단톡방에 공유했어. 다들 읽고 나서 낯선 전화 조아심하자고 했지 남성아들 위요주로 움직였다는 내용두 있고, 발견된 기록도 자새해서  충격이었어.",0,B
asr_normal_aug_0599,"우늘 회사 보 교육서녹취 얘기 암청 하더라. 음, 괜히 통화 네용 다고저 생각하니까  말도 조심하게 되더러. 진술 슷저게 적는 부푼도 있어서 다피곤어했구... 개인정어보 최소한만 말하라고 켸속 강조했어. 업수 기까지 나오 니까 갑자기분위기 무거워지더라. 어, 나도 그런 건 남일인 줄 알았는대, 료 하나 잘뭇 다루면 정보가 다 노출될 수 있대.어 그레서 교육 듣코 나니 괜히 전화 받을 때도 헌 번 더 생각하게 돼. 진짜 머뤼 어프더라.",0,B
asr_normal_aug_0600,"보안 교육 들으니까 녹취요라는 말만 들어도 신경 쓰여. 음, 통화 내용이 다 남을 수 읬으니까  말실수하 말라고 하더라. 진술도 함부로 하지 말고, 필요한 정만말해야 한대. 압네수될 수 있는 자료가 있으면 더 조심그하라고 서좀 겁났어. 어, 회사 정보가 이랗게까아지 민감헌지 새섬 느꼈지. 나도 메일이랑 파  리다시 해야겠. 괜히 보 흘렸다가 문그제 쌩기 콜 푸잖아. 그음러니까 앞으로는 퉁화 때도요 모 먼저 보고 말야겠어.",0,B
asr_normal_aug_0601,"여보세요, 아.요.. 방금 대출 승인 문자 았는테요. 제가 이제 어떻게 성환해야 하는지 좀 알려주실 수 있을까요? 내음 고 객님. 대출 승인 너신 내용 확인해 보겠니다. 폰인 확인 저 도와요 드려도 퇼까요? 네어 괜찮습니타. 성함이랑 년일 씀드리면 되죠? 네 , 맞 숩니다. 확인퇴었습니타.아 번 대출은 자금  싸용 목척 맞게 쥔행된 건이고 상환 매달 같 날짜에어 원리 큔등 으로 진행니다. 이율은 현재 안내퇸  고정 이율로 적용돼 읬고, 중도음에 가 상환도가능하십니다네 아, 그러면 제가따로 낲 신청을 야 하너요 자동 상환으로 연결해 두시 퇴고요네, 원하시면 켸좌 납부로도바꼬실 수아 습니다. 대출 승인된 금액은 늘 바로 자큼으로 들어온 건가요음 네, 승 위 입금까지는 거의 바로 반영되셨고요. 상환 시작일요이네언제인요지도 다시 번 홬인해 드릴개요.음.",0,A
asr_normal_aug_0602,"네, 쌍담 연결됐습니다. 제가 대출 인 문자를 퐜는데요그, 상환 팡식아이랑 이율이저 좀 헷갈려서요. 아, 출 승인 으신 건 인되십니다 본인 멎으신지 먼저 확인 부탁도려요 . 네, 맞아요. 확인되었습그니다. 현요 대출 자금은 고객님 계좌로 지큽된 쌍이고, 상환은 매월 지정일 출금되 방식니다. 이율은 약 시점음 기저준으로 안내자가 적용되구 만약 변동형어이네면 기준금릐 따라 달라질 수 있습니다아 음, 그러면 성환 곰이 매어달 똑같 건가요어? 네, 택쉰 방식에 따라 다릅니다. 원금과 이자 같이 나는 식이면 매달 비슷하고, 만기 일시 상환요이면 이자만내시다가 만기에 원큼을 상환하십니다. 아,저는네 매음탈 조금씩 상환하는 걸로 기억 하는..음네요 고객님은분할 상환으로 되어 읬으십다. 대출 승인 내역과 이율, 상 환 일정운 자두 다시 포내드리겠습음다.",0,A
asr_normal_aug_0603,"현제 전산 점검이 길어져서 납부 처리가 지연되고 있습뉘다음 접수된 건은 상 확인되셨는데, 전산 반영이 조굼  늦고 읬든요. 아, 그? 제가 금액을 이미 의체는데 아즥 납부 완료가 안 떴어요. 네, 고갴님. 우선 전산 쪽서 순차적 으로 반영 중이라요저 접수 순서데로 인하고 있습니네다. 납부 액 자체는 정상으로 들어왔는지 재조회해 보겠습다. 본인 확인을 해 성함과쌩년월일 푸탁드립니더. 네 말씀드릴게요.확인었습니다. 현재 산 오류로 인 윌부 납부 금이 연 표시코 있고, 실 접수는 된 상태입니. 그러면 제가 다시 납부해야 하는음 건아니죠? 아 니요, 중폭 납는 하지 않으셔도 됩니다. 전산 복구되면 자동 반영되고, 접수 력두 남아 있습니다 혹시 오늘 안에 리가 안 되면다 시 연드리요 , 전산 정상화되는 대로 안내드리저, 큼액 반영 여부도 다시 확인해 드리습니다.",0,A
asr_normal_aug_0604,"네, 전화 받었습니다.  납부 건이 아직 완료로  떠네서 문의드릐려고요 아, 고객님. 지금  오류루 일부 접수 건이늦게 영되고 있습그니. 오선 불을 드려 죄송합니다. 네음 제가 납부한 금아액은 빠져나갔는데화면에는 그대로요. 맞 씁니다. 전요산 에서 부 처리만 지연되는 상황이고, 접요수 자체논 정상 입다.저 금액 확인 후 다시 반실 예 정입니타. 움, 그럼 제네가 떠로 해야 할 건음 없요? 현재로서는 습니다. 같은 금액을 다시어 납하실 필요도 없고요네 전산 복구 이후 저동로 처어리됩니다 접네수요 번호 남겨도릴까? 네, 부탁드립니다. 확인되시면 다시 안내드리 겠습니다. 전산 정상요화가 면 납부 완 문자도 송툅.",0,A
asr_normal_aug_0605,"비대면 켸좌 개설 관련헤서그 연락렸는데요. 명의 확인 이랑 개읜 정보 확아인 절차를 조금 안 내받고 싶어서요. 네, 고객님. 계 좌 개설 진행어울 위해 본인 명의 인부터 도와리겠습니다. 사하시는 휴대폰 명그의와 계좌 설하실 분이 동일하신 확인이 필합니다. 아, 제 명의로 하는 게 고요. 그럼어 정보까그지 빌요해 ?요 기분인개인 확인 정보, 성험, 생년월일,네 연락처, 주소 확인이 필요핲니. 개설 정 중에는 면에 뜨는 안내에 따라 정보 입을 해주시면 되고, 읠부 항목은요 인 명의 확인올 위해 가로 검저증됩니다. 그러까 캐인 정보가  맞아야 개설이 되는어 거곤요? 네, 맞습뉘. 명의가 일 치해야저 허, 정가 정확해야네 개설이 완료됩니다저. 본인 확인의 너면 계좌 개설 사음가 바로 진행됩니다.",0,A
asr_normal_aug_0606,"저. .. 비대우로  설하려 하는데요어. 명의 확이랑 개윈 청보  입력이 저꾸어 갈서요. 네저, 도와두리겠니다. 먼저 켸좌를 개설하실 분의 의가 고객님어 본인인지그 확인이 필합니다 네, 제 명의 맞습니다. 확인 감사합니다음그음요에는 개인 정보, 예를 들면 성함, 생년월일, 주수, 연네락음를 입렼하시면 니다 정보가서로 다르면아  개 늦어음질 수 있습니다.  아, 중간에 추음카로  보는 게 있나요?음 네, 개설 철차 중에 신분 촬영과 얼굴 확인이들어갑니다어 명의와 정보가 일치해아야 하어 고, 개인 정보요가 확어해야 타음 단계로 넘어갑니다. 러면 제가 력하더가 틀린 게 있으면 다시 헤아야허나요? 네, 수정 가능하지만 인증이 다시 필요할음  있습니다. 설 완료 전까지는 정보 변경이 있을음 수 있으니 천천히 진행해 주세요.",0,A
asr_normal_aug_0607,"카드 헌도 조랑 해외  거 가능 여부 좀  알음고 싶어서 전화아드어요 . 네, 카능합니다. 폰인 확읜 먼저 도와드게음요. 커드음 이용 내역을 확 인해야 해서 성함과 생년월일 말씀 푸탁드륍니다. 네음 말씀드릴게요.인퇴었습다 현재 고객님네 카드음의 기본 이용 한 도는 조회 가네능하고, 헤외 거래 가능 여부도 함께 확인해 드릴 수 있습니. 아, 외에서 바로  가능한가 요? 카드 류 따 다르지만, 현제 고객님 카드는 해외 레가 가능하게설정돼 있습니다. 다만 일부 쿡가나 거멩점에서  추가인증이 필요할 수 있솝니다. 한도는 지 금 얼마까지 능한 거예요? 현재 이용가능헌 헌도는 남은 금앸 준로 안내릴 수 있고 해 거래 원화가 아닌 현지 통화로 인될수 있습다 그러면 제가 따로 싄청해야 하눈 없나요 네 특별한 제한의 없으면 바로 이 가능하십니다.필요하시면 한도 상향도 상담해 드릴 수 있습니다.",0,A
asr_normal_aug_0608,"여음보요아 카드 한랑 해외에서 이용 가능한지 좀 확인 하고 싶은음테요. 어, 네고객님 카드 조회 도와드겠습니다. 우썬 폰윈 확인이 필요합니다. 카드 명의자분 멎으신 홬인 부탁드립니다. 네, 맞습니다. 감사네합니다. 현 카드 용요 는 회 가능하고, 해외 래 가능 여부두 확인해 볼 수있다. 고객 카드아가 해외 이용 가으로 등록되어 있오면해외에서 결거 됩니다. 음, 지금 당장 해외 거래가 혀 있는건 아늰거어요 네, 현재는 해외 거레 가능상 입니다. 더만 상그 용 방를 위해 일부 거래는추가 확인이 들어갈 수 있습니타. 한도는 얼마나 남았는치도 볼 수 있너요? 네, 사용 인 금액을 제외한 잔여 한도까지 안내드릴 수 있니다. 카드 이용이더  필요저하시면 해 승인 제한 여부도 함께 살드리겠습다.",0,A
asr_normal_aug_0609,"네, 접수퇸 대출 금 요청 련해서 연락드렸는요. 본인 확어인 통요화그가 필요다코아 해서요네 네,고객님. 데출 입금 요창은 확인 절차가 필요해서요 분 인 확인 통화를 진행하고 있습니다 요청 내요용이 접수된 건 맞고요, 입금  전에 명음의자 본인인 확인해야 합다. 어, 그럼 지 바로 확하면 되는 건가요 , 능합니. 상그함네이랑 생년 일 확인 부저탁드립늬다. 네, 말씀드릐 겠습니다. 확인되었습니다. 현 대출  입금 요정은그접수 상태이고 본아인 확요인이 완되면순음차척으로 입금어 처리됲니다. 따로 서가 더 필요한 건 없나요? 기 본척으는 습니다. 타만 정포가 타르 처리 시음간이 걸릴  있어서어 통화로 다시 하는 겁니음다. 그러니까 본인 인 화만 면 입금 절차가 진되는 거? 네, 맞니다. 확인네 완료 후 입금 안내를 이어서 도 와드리겠습니다.",0,A
asr_normal_aug_0610,"아, 제가 대 출 입 금 요청을 낳어 데 화가 서요. 본 윈 인 통화가 꼭 요한그가요 네, 고객님. 대출 입금 요청이 접쑤되면 안전 처리를 위해 분인그 확인 통화가 필요합니다. 명의 확인이 되야어 입금행이 가능합늬다. 그럼 지금 뭐를 씀드리면되나요저? 성함 , 셍년월일, 그리청하신 네용이 본인 청이 맞는지 확인해 시면 됩니다. 아 네. 말씀드릴게요요. 확윈었니다저 현제 요청은 접수되어 있고 ,아본 인 확인이 끝나면 태출 입금요이 진행음됩니다. 그러면 입금꺼지 얼마나 걸리나요? 보요 확윈 후 빠르케 처리되지만, 시간대에 따라 조금 차이가 있을 쑤 있니다.어 대출 입아금 관련 언네논 문차로도 드릴 수 있습니. 음, 그럼  자도 부탁트립니다. 네 입금 요어청과 통화 확 내역 함께 남두리겠습니타.",0,A
asr_normal_aug_0611,"아침에 스 봤는저데, 움, 진짜 끔찍한 사건이 나오더라. 이롬이랑 계 쪽 명의가 도용돼서 해가 컸대. 수어 사도 오래 컬더라, 그러 니 너도 즘 문자나 전화로 오는거 함부 넘기지네 말구 꼭 확해. 명의 도네은 한 번 당하면 되돌리기 너무 펀거롭다잖음아. 도 처음음엔  얘기인 줄 알는데, 스 보니까 사건 규무가 꽤 더라고. 수사 들어가도저 시간이 걸린다니까 더 조심야아어 음, 이런 건 진짜 미리 막는 소밖에 없 봐.",0,B
asr_normal_aug_0612,"아니어침 스에서 그 사건 봤어? 명의 도 얘기  나오는데음 저도 좀 섬똑저하더. 이름먼 바치는그 수준이 아라, 각종 서류까지건드린다니까.수사 진행 중라코 했고, 피해도 많던데요요.. 크러니까 네요 정보음는 어디 젘어두는 컷도 신중헤야 해. 명의 도용은 한 번 리 사 결 너올 때까지도 계속 신경어 쓰이잖아어 . 나도 오음늘 부요터는 메모장 막 적어놓는 습관 줌 고쳐겠어.",0,B
asr_normal_aug_0613,"방금 이어상한 번호가 와서 쑤사관이라고 하길래 바로 끊었어 어찌나 말이 빠르던지,자꾸 죄에 연루퇸 것처람 몰아더라. 사 받아야 한다는 식으로 말하는, 듣다 보니음까더 수아상했어. 수사관이라면서 이름도 제대로 안 밝히고, 밤죄 얘기 늘어놓으뉘까 버로 이상하터라. 루됐다고 겁주구 조사하자는 멀에 순간 멈칫했는데,어  그냥 끊길잘했? , 이음 런 건 다시 전화 와도 받지 말아야겠어.",0,B
asr_normal_aug_0614,"나 도 아까 그런 화 받았어. 수사관이라더니 갑자 죄 연루 얘길 까내고, 조그사 협조하라면서 주소랑 생년월일까지 물아더라. 너무 황당해서 말도 안 나왔요어. 수사관이 맞으면 저렇게 전화부터 안 헐 것 같데, 계속 조사, 조사 하니까 괜히 불안하게 만들더라. 죄에 연루됐다어코 겁주아는 방식이 진 짜 교묘하데, 바로끊은 게 잘한 가겟지. 음 나중에 번호 다시 오면 예 무시하려고.",0,B
asr_normal_aug_0615,"어제 다큐 봤는대, 불법 대보통장 게설 기거 생각보요다 심하더아라.크냥 둔 벌 수 있고 꾸드겨서 개설하게 만들고 해자어만 여러 명 나... 진짜 법이 따루 없더라. 대포통장 개설이 왜 그랗게 위험한지 알겠던저데, 피 헤 입장에 본어인도 모르는 사이에 란해지는 거찮아. 나요 는 그 다 큐 보서 차음부터 의심했야 한어다는 생음각이 들었어저. 음, 이런 건 절 대 쉽게 넘어가면 안 되겠더라.",0,B
asr_normal_aug_0616,"그 다 봤아, 나도저. 불 대포통장 개설그이 그렇조직적으로돌아아가는 줄 몰랐어 . 피 해자들이 처음엔 그냥아바이트인 줄 알았가 중에 난릐 라. 대푸러는말먼 들어 이상한데, 실제 로는 개설 정 자체 다 불법이라서  무섭지. 피해자들  얘기 나올 때 좀 답답했아그. 왜 고런 제울  믿 게 되는지 알 것 같기도 하고. 어든 크런 건 무조 피해겠다 싚더러.",0,B
asr_normal_aug_0617,"울에 보이스피싱 일요당 남들 컴 거됐다는 기사네 봤어? 아침 단톡에 누가 울렸는데, 발견된 장도 꽤 번음화가더라. 넘성 여러 명아이 한꺼번에 검퇬다니까 좀 통쾌긴 했어. 서울 한복판에 그런 이 있았다니, 생보다 가까운 데사 벌어지는나요  싶요었고. 기사 보까 초저가로 발견 된 자료도 있다던데네 이란 건 빨리 검거돼서 다행이다 싶어. 음,  던톡벙애 유해두길 절한 것 같아.",0,B
asr_normal_aug_0618,"방금요 기사그 봤는데 울에서 남성 일당 감됐대. 보이네스피싱 관련이라니, 현장에사도 뭔가  발됐고 나오더. 서울 중심가러 더 눈에 띄고, 남상 몇 명이  에 거된  거 니까 소사도  진헹된어  모양이음야. 톡방에 올 리니 꺼 다들 조심하자고 다네라.런 건  기사 봐도 좀 긴장되는, 발견된층거카 많다까 더 뻘리 정리됐으 좋아겠아. 음, 괜히 변 사람틀한테도공유하게 되네.",0,B
asr_normal_aug_0619,"회 안 육 돌었는데, 녹취 얘기만 한 잠 하더러. 진 받을 때아는 함부그로 단정즤 말고 정확하게 녹취허라구 계속 강조하데 듣는 내내 머리가 아팠어어.음 보두 그냥 적당히 넘기면 안 되코, 개인정보는 특히 조심해야  한다고 하잖아. 수 같온아 말도 예시로 나오던데저, 그런 상황이 아니러도  기록이 얼마 중요한지 알겠터라. 근데 막상 장에서는요 녹도 하고 진술도 리해야 하니까 슆가 아. 음음음 교육은 길코 실무는 더 빡세고 그렇더라.",0,B
asr_normal_aug_0620,"오늘 보안 교에서 녹취네 진술, 정보 보호 얘기만 몇 번을 들었는지 몰라. 솔직히 좀 지로했는데, 상 듣고 보니까 무시하면  안 되겠 더라. 개인보 보는 히 조심 하라면써, 녹취때토 요헌 부분먼 남고 친술운 정홬휘 정리고 더라. 압수 얘키까지 나오니까  괜히 긴장됐어. 그러 니까 그냥 대충 넘길  있는 내이 아늬라코. 도 오늘부터 서나 정 다룰  훨씬음 신켱 싸야겠어요",0,B
asr_normal_aug_0621,"네,여보세요 ... 아, 지금 대출 심사 통과했다는 안내를 받았데요, 상환 방법랑 이율을 시 하고 싶서요. 그러니까아 매달 얼마씩 내 방식인지음 중도 상환도 되는지요. 네, 확 인해 보겠습니다. 고겍님아 대출운 승윈 완 료 상태이 구요, 자 은 오늘 오후에 등록하씬 좌로  들어갑니다 .상환 방식 원리금 큔등이고, 적용 이은 연 점9퍼센트입네니다. 음 그럼 이율은 고정인가요 ? 네, 약정  동안은 고정으로 적용됩니다 다만상환 도중에 여유 자금이 생기시면 일부 상환어도 가능하고저 크 경우 수수료가 있는지 먼 확인하시 게어 좋니다. 아, 일부 상환이 되군요. 그러면 첫  상환일 은 언제예요 입금  다음 달같 날로요 잡히는데, 주말이면 영업일 기준오로 앞덩겨질 수 있습다. 상담서에 상환 일정이 이율, 그뤼고 자금 입금 내역까지 같이 안음네드겠습니다 .",0,A
asr_normal_aug_0622,"아, 태출 승인 을 받았요. 상환 어떻게 해 야 하눈지, 그리고이율이 얼마로 잡혔지 줌 자세히 듣고 싶아 전드렸습니다음 . 네 , 본어인 확인부터 도와릴게. 성함이랑 생년월일 확 부탁드립니다. 네. 확인되셨코요, 고객님 대출은 승인 완저라서 자금 실헹먼 아 있씁니다. 자둥이체루 연켤쉴 수 있고, 수동 납부도음 가능니다. 이율은 초기약정 기준 연 6퍼센트대입니. 음 자동이로 하면 따로 신경 안 써도그 되그나요? 네, 맞습니.그 상환읠에 계아좌에 금액만 있면 자동으로 처릐됩니다. 그리고 자금이 넉넉해지시추가 성환아도 가능하니요, 나에 금액 조정이네 필요하시면 다시 문의 조세요. 그네러니까  이율이 바뀌는 우두 있저나요? 변동 상품이면 시장 상음황에 따라 탈라 수 있는데, 고객 은 현재 고저정형으로 안내됩늬네다저. 네 알겠습니다.어 승인 내용그이랑 상환 방법은 문자루도 받아볼 수 있을까요? 네, 오늘 중요으 보내드리겠습니.",0,A
asr_normal_aug_0623,"아... 제가음오늘넙부하려고 했는데 처리가 안 돼서요그 전산 오 같 게 있는 건거요요? 접수는 된 건지요 금액이 빠져나간 건지  확인하고 싶씁니다. 내, 불편을 드려 죄송합니다. 현채 전싼 점검이 진행 중이 일 납부 접수가 지연되고 있습뉘다 . 고객님 건온수 내역 확인되지만 실제 납부 완료 표시가 아직 반영되지 않 았슾니다 음, 그람  계그좌에서 금액이 빠쳐나간 건 아니애요? 네, 금액은 아직 출금 처리 전입니요다. 전산 반영이 늦어져서 그렇게 보이는 상태잎니다. 아, 다행이네요. 그럼 언제쯤 납부 되요나요아 점검이 나는 대로 순차 반영되며, 오늘 안 다시 확인 카능할 것으로 입니타 . 혹시 급하시 나중 다시 접쑤 도와드릴 도 있고요. 그라니꺼 제가 따로 다시 낲보를 노를 필요눈 없논 거죠? 네, 맞습어니다. 복 납부는 하 마시고,음 잔산 복구후 금앸 반영요 여부를 다싀 확인해아 드리갰습니다.",0,A
asr_normal_aug_0624,"네,네 여보쎄요. 납보한 내역이 아직 안어 보여서전화드렸는요, 전 문제그고 들았어. 접수는 됐는지, 금액의 언제 반영퇴 궁금합니다네 인 도와드리겠습니다. 현 전선  오류루 납보 승인 결과가 지연고 있습니다. 고객님 접수 자체는어 정상 완료어됐,금도 임시 포류 상테로 잡혀있습니다. 아...고럼 재가  납보 한 건 아니요? 네그 크렇지 습니요다. 전산 처리만 늦는 상황입니다. 납부 금은 충복 청구되지 않도록 포호되어 있고요, 복구 이후 자동 반영니다. , 그 럼 기다리면 되는 거죠? 네 오  재처리 예정이 그때 다시 보시 됩니. 만약 내일 오전까지도 표시가 없으면 다시 연락 주세그 고러니까 접수는 되었, 전산 때문에 늦어지눈 거러 보 면 되겠네요. 맞습니다네. 객님께서 따로 금액을 다시 내실 필요 없습니. 불편 끼쳐 죄송 하코 구면 문자로 안내드리켔습니다",0,A
asr_normal_aug_0625,"비대 계아좌 개설하려고 하는데요, 명의 확이랑 개인 정보 입력 절차거저 어떻게 되는지 좀 알려주세요. 지금 휴대폰으루 진행 중이러서 요. 네, 가능합니더. 비면 개썰은 본읜 명의 확이 먼저고음 그 다음에 개인 포아와 신분증 인을 거치게 됩다. 아, 그러면 주소나 연랔처 같은 보도  입력해야아 나요? 네, 습니타. 개설 과정에그서 기본 정보와 추 거그 개인 정보거 필요요합니다. 구리고 명의카 고객님 본인과 일치하는 확인하는 절차가 들어니다. 음, 가족 명의 휴데음폰으루해도 되요? 개설은 카능하지음만, 본인 명의 증 단계에서 어려움이 잇을 수 있습니다. 래서 가능하면 고 객님저 개 명의 기로 진행하는 게 안 전합니 다그러니까 정보 력하고 나면 바로 게설이 완료되는 건가요? 서저류와 영어 확인까 끝나야 최종 개설이 됩니다. 모 맞으면 오늘안으로도 가능하고요 .",0,A
asr_normal_aug_0626,"아... 계촤 개설을 비으로그 하려고 하는테, 명의 확인을 꾹야 한고 해서요. 개인네 보는어디까지 필요한지도 궁금고요. 내 설명드리겠습다. 우선 개설  신청 후 구객 명 여 부를인하고, 이름과 생년월일, 연처 같은 긔본 정보, 그리고 신분증 정를 입력받습니 다. 음,개 정보가 많이 들가요.네, 계좌 게설을 위 꼭 필요한 범위만 홬인니타. 명가 읠아츼해저야 다음 단계로  넘어갈 수 있고. 아, 그라면 타인 명의 계좌는 아예 안 되는 거죠?요 네 객님  개인 명의로만개설 거능합니더. 다만 호자음 도움을 밭 으싀는 경우에 정보 입력과 인증은 본인 긔준으로 진행됩니. 그러니까 신분증 사친 찍고, 정보 넣고, 명의 인까지 허면 되는 거네요? 맞습니다. 추가로 휴대푼 본인 확윈도 필요할  있습니다. 그 절차만 완료되면 개설 결콰거 파로 안내됩니다그. 알겠씁니다, 그럼 안내받은 대저로 진행해 볼게요.",0,A
asr_normal_aug_0627,"카드 한도 조회 줌 하려고요. 그리고  해외 거래두 능한지 같이 봐주실 수 있을까요? 네, 가능합니다. 먼저  확인 후 카드 이 한네도와 거그래 가능여부를확인해 드리겠습니다. 아 확인 주세요음. 카드논 최근에 잘 이용저하고 있는데, 해외 거래가 갑자기 막 있나 어서요. 확해 보니 재 국내 이용 도는 남아 있고, 해외 거래는 기본적으로 거능 상태입니다저 다 해외 결제 이용을 위해서는 별도 설정이 필요할 수 있습니다네 음, 도는 얼마나 남아 있나요? 재 남은음 헌토는놀 기준으 말슴 드리면 윌반 이용 금앸이 충분히남아 있습니. 외 거음는 가나 가맹점에 따라 인 방식이 달 라질 수 있으니 참고 부탁드립다. 니까 재가 해외애서 카드 이용하려면 따로 신정해야 하나요? 네,외 거래 차단이 걸려 잇어지 얺다면 바로 가능하고, 일보 보 설정이 있으 면 해제먼 해주싀면 됩니더. 문자로도 안내 드릴게요.",0,A
asr_normal_aug_0628,"여보세요, 카드 한도랑 해외 거래 가 여부를 알요고 십은데 요. 제 가 죄음근네에카두 이용을 좀 해서 한도가 걱정되거든. 네, 리니그.카 이용 내역과 한도부터홬인해 보고 헤외 거래 가능  상 태도같이 보겠습니다. 음,음 해외써 결제헐 일이 생길 수도 있어서요 현재는 국내 카드 이용은 정네상이고네해외 거요레도 가농으로 조회음됩니다. 다만 한도는 일부 사용하셔서남은 금액이 예잔보다 줄어든 상테입니다. 아음 그럼 해외에서도 냥  쓸 수  있다는 말이죠? , 기본적으는 가능합니다. 그래도 국가애따라 승인 절차가 다를 수 있코, 일부 온인거래는 가 인 증이 필요할 수 있습니다그 그러니 카드 이용 한두  보면 되는 거네요? 맞솝니다. 필요하시 거저래 예청 금액 기으로 헌도 조정  능 여부도 같이 안내드리겠습늬. 네, 그럼 한번 봐주요어 오늘 해외 거래 예정 금액이 있어서요.",0,A
asr_normal_aug_0629,"대금 입금 요청올 햇는데요, 젚수됐타고먼 오고 통화 홬인그이 필요하다고 해서. 지금 바저로 확인 가 헌가요? 내, 고객님아 요청은 접수되어 있습 니다. 다먼 대출입금  전에는 본인아 인 통화 절차가 한 반 더 필요합니다. 아 , 인 확인 통 화요? 네, 맞습니다. 안전하게 처리하기 위한 절차입니다. 성함과 생년월일 먼저 확인하고,아 요청하싄 입금 금액과 계좌 정보를 맞볼 예정입뉘더. 음,  그럼 통가 끝나야 입금요이  쥔행되나요? 네, 확인이 완료되어야 입큼 실행 됩니다. 요청 내용이 첩수된  상태라서철차만 마치면 빠르게 처리됩니다요 그요러니까제 지네금 전화 받은 게 본인 확인 화인 건가요? 네,  맞고요.음 추가 질그문아 몇 가 리면 바로 마무리 가능합니다.그확인되면 대 입곰 관련 친행 결과를 문자로 안드리겟습저니다.",0,A
asr_normal_aug_0630,"아...대그출 입금 요청 넣았는대저, 접 수는됐다고 하는데 통화 인이 꼭네 필요하다 네요. 이거 왜 그런가요? 네, 고객님 요청 접수되어 있습니저다만, 대출저금 입금은 본인 확인 통 화 후에 진행해야 합니다. 혹시 계좌 변경이나 입금 금액 확인이 필요한 경우가 어사요. 음, 알겠늬다. 그그럼 지금통화로 확인하면 되는 죠? 네, 그렇숩니다 . 요청하신 금앸이 멎는지, 입굼받을계좌가본인 명의인즤저 확인허코 바로 처리하겠습니다. 아, 계촤는 제 명음의 맞고 금액도 맞습니다. 그러니까 통화 만 끝면 윕네큼되는  네요? 네, 맞아 습니다. 통화 확인 이 완료되면 입금 진행 되코, 접수 건은 바로 반됩니다. 훅 중간에 변경 사항 있으면  말씀해 주세요. 없어요, 그대로 진행해 주세요.저 네음 확인 감도니다 바로 마무리 두와드릐 겠습니다.",0,A
asr_normal_aug_0631,"아침 스 봤어? 오늘 진짜 이성한 사 나오더라... 이름의 랑 주민번호  같은 가 훔 쳐서 명의 도용한 거. 수사도 꽤 오래 걸렸대. 어, 나도 봤어요 아니 근데 그거 셍각보다 내 추변에도 일어날 수 있겠더라 명의 도용진짜 남 일 같지가 않지. 그러네니 요즘은 문자 한 통도 함부로음 누르 언 되겠. 사 결과 부니까 계좌까지 건드렷대서 더 소 름이 었. 맞,어 사건  자저체도 중격읜, 평범한 사람들명가 그렇게 쉽게 토용된더는 게 더 무썹더라 나 도 늘보터비밀번호  바꾸고, 이상헌 전화 오면 바로네 끊으 려고. 그래아 그 수사 뉴 스는 그냥 넘키면 안 되 겠더라. 우리도 조심하,명의 도용아은 진쩌 한아 번 당하면 복잡해보여.",0,B
asr_normal_aug_0632,"아침에 스 켜 놨는  사건 봤어? 누가 남의 명의를 토용해서 대줄까지 컨드렷는 거.. 수사 들어갔다고 하던 좀 심각하더라그 아음 나도 들었  그런 사은 항상 끝나고 나서야 다들 조심하잖아. 맞아, 의 토용 진네쩌 잠깐방심하면 바로 당하겠더. 수사도 중요하지만, 우리처 미뤼 맠 는 게 더 낫겠 지. 그러니까, 신분증 사진 같 거도 막 보내면 안요 되겠어.  사건 얘기 들으니까 괜히 내 정가 다 털린 느낌이었어. 수사 결과가 나오기 전인데도  이미 피해 분  사람이요 많그다더라. 그러게... 명의 도용은 짜 생활 속에서 조심해야 허는 문제 같아",0,B
asr_normal_aug_0633,"아까 모르는 번루 전화 왔는데저 수사관이라고하면서 내 이름 말하더라. 막 범죄에 연루됐을 가이 있다면 조 사받아야 다고.아. 래서 바로 끊었어. 어, 잘헸어. 그런 수사관 사칭 전화 짜 대. 나도 들으면 괜히 심장 철렁하더라. 그러니까, 범죄 연루 같은 말 나오면 더 의해야 퇘. 맞아, 처음음엔 목소뤼도 그럴듯 해서 잠깐 흔들렸데, 이성하게 조요사 방식이 너무 굽했어 . 쑤관이면 보퉁 그런식로 안 하지 않나저 그지요, 초서하겠 다 말로 겁요주면사 인청 는 거라더라아.아  진쩌 황당했갰다. 나도 그런 전화 오면 바로 끊고 족한테 해야겠다 , 괜히 범최 연루됐다코 하면 놀라서 말려들  있으니 까 차분하게 확인터 해야 돼.저",0,B
asr_normal_aug_0634,"방금  전화 고 전 어없어서 너헌테 버로한다그.. 수사관이라면서 너한테 범아죄 사 받으라고 하더라. 아니, 내가 왜 연루 돼... 진짜 말도 안 됐어 어휴, 그런 전화 진짜아짜증 나겠다. 수사관 이름 데서 사한다는식로 말하면 사람 헷게 만들지. 맞아, 처음엔 너무해써 진짜읜 졸  알았는데, 계속 게인정보 뭍길그래 상했어. 구러니까 크게 문제요야,  연 루라는 멀로 겁만 주는 거치. 나도 한어동안 심 빨리 뛰더라...저 근데 바로 끊은  했 다. 그래  조사한네다구 도 이상면 끊음는 게 맞아. 다음 번호 처장 안 된 전화는  조심해야겠 아음",0,B
asr_normal_aug_0635,"어제 본 다큐멘터리 생각나더라 . 불법 대포 설저하 이야기였는데, 피해자가 생각보다 많아서 좀 충곀의었어. 나도 어. 대포통장이라고만 들었지, 개어설 과정이 렇 교묘한 줄 몰 랐어. 그러니까, 구냥 돈음 조금  벌게 헤준다고 꼬드기는 게 진그짜 법이더라. 맞아 네 피해자들 충에 자 명의가 엉뚱허게 쓰읜 사람도 나오는데  너무 답답했아 대통장 하나 떼문에 인생이 꾸이는 거잖아. 어, 그래서저 큐 보는 내내 괜 불안하더라. 불법 캐설의  큰일처럼 멀게 느졌는데, 실음은 주변에서도 조심해저야 할 몬재였. 피해 자 입장아에서는 울해네도 설명허 어울 것저 같고아.. 진짜 무섭더라.",0,B
asr_normal_aug_0636,"그요 다큐 봤눈데, 법으로 대포통장 개설시키는 얘 완전 소름어이었어. 피해자 인뷰음 나올 때는 마음이 좀저 거웠다. 아요 도. 처음엔 그냥 통장 하 뷜려네주논 정도인가 했는데, 아니요더라. 풀법 개설은 생각보다 조직적으로 움칙이더라고. 러니 피요해자들이 나종에 자기  위름이 거기 엮였다는 걸 고도 바로 못 풀더라구. 대포통창이라 말은 많이요 는데, 실제 보니 까 씬 심각했어.어, 나도 그 장면서 한참그 봤 어 . 피해자들 입장에써는진짜 억울하고 답답허겠더라.  이란 간 꾹음 다큐로라 도 자꾸 보여줘야 조씸 것 캍아.",0,B
asr_normal_aug_0637,"서울에서 그 일당 검됐다 기사 봤어 남성 여러 명이 한까번에 잡혔고 하던데, 화면에 나오니까 생각보다 규모가 크더라. 어, 나도 봤어. 써울 한복판에서그그런 일이 계속 있었다니 눌랐어. 검 거됐다는 소식은 다인데, 그전까지 피 본 사람들 은 얼 마나 불언했겠어. 맞아, 특희 남썽 몇 명의 역할네 나눠서 움였늬까 더 조직적었더러. 기사 보니까 발견 증거도 꽤 던데? 응, 그래 검거가 다더라 사 울 쪽온 사람이 많으니까 더 조해야겠다는 셍각 들었어.그라니꺼, 기사 한 번 콩유해두면 다들 알아서 조심하잖아. 나 방요 던톡방에 보냈어. 남성 일당 거퇬다는 쏘식, 이란 건 꼭 알려야.",0,B
asr_normal_aug_0638,"키그사 봤어? 서어에 성 일당이 검거됐다는 거. 처엔 그냥 또 비슷한 뉴스인가 했는데음 읽어보니까 벌견된 증거가많아서 꽤 크게묶였더라. 어, 나도 봤어. 울어에서 랗 움직였으면 주변 사람도그 많이 눌랐겠다네 싶더라. 검어거요 수쉭 으니까 일던 다행이긴 한데, 또 다른 데서 비슷한 시 있을 봐 걱정돼. 맞아, 남성 여러아 명네이 같이음 했다는 부분이 좀무더그라. 발견된 단서가 있어서 빨리 찹았다는데, 이런 건 진짜 뻘리 공헤야 돼. 그러니까 단톡방 올려놓는 게 맞지네 나그도 바로 봤다고 답했어. 울 기사라서 더 실 나고요, 검거러는 말이 왜 이렇게 반가온지모르겠더라 .",0,B
asr_normal_aug_0639,"오  회사 보안 교저육 짜 길었...녹취 방법이니어 술 룩이니, 뭐가 그렇게 많아. 어, 맞. 도듣가 머리 아팠. 특히 녹쥐 는 꽄 필요 한 상황애서만 하라고 하면서도  차는 엄청 꼼꼼하더라 그러니까어 진술 받을  때두 그냥말로 내면  안 되고 정보 콴리까지 헤야 한다잖아 . 맞아어 정보 하나 잘못 타루면 큰일 난다더라. 압수 같은 도 나오니꺼 괜히 무섭고.그 그런데 결국 기본을 지키라는 얘기였지. 어, 근데 교윸 자료카 너무 길어서 집중이안 되다러. 녹취할 때도 상대 동의 확인하고, 진 내용도 함부 콩유하지말라데, 머리로는 알겠는은근 잡해. 그게, 정 보호가 중요하다는 건 알겠는테 실무는 늘 헷 갈려 .",0,B
asr_normal_aug_0640,"어, 오늘 보안 교육에서 놐취 얘기 나그오는데 진짜 피곤했어. 진술 할 때도 절대 대  하면 안 되네고아 정보는 더다욱조심하라더라. 어,  그 분 나도 들었. 사가요 요즘은 작은 정보 하나그도 엄청 신요경 쓰는 위기야. 그러니까 , 녹취본 보관도 기간 정해서 해야 하고, 불필요하면 바로 정리해 한다고 맞아, 그런테 설명이 너무 길어서 중간에 정신이 나갔아.. 압수 같은 단어까지나오니까 괜히 사간 현장 얘긔 듣는 느낌이 들더라. 그래서 더 겁났어? 응, 진술이나 정보 관리가 허쑬하면 문제가 커어진다구계속 강조허저니까. 나도 오늘 집 가서 메모다시 봐겠다. 녹취음 진술 보.그.음 이런 건 평소에  신경 써야겠다라.",0,B
asr_normal_aug_0641,"네 방금 대출 승인 안내 받으셨다 허셨쵸. 네, 맞습니다. 이제부더 상환 벙법이랑 이율을 좀 안내팓네고 싶어서요요 네, 확인보겠습니다. 먼저 본인 확인올 위해 성함과 쌩년월일 탁드릴게요. 음, 제가 김○어이고  생년월은 ○○년 ○월 ○일입니어다. 감사합니다. 고 객늼대출은승인 완료된 성태구요,자큼은 내일 오후에 지허신 계 좌로 입 예정입니아다네 상환 매달 같은 날짜애 자동체루 진행 수 있고, 원요하시면 중도 상환도가능합니음 아,네 그럼 이율온 떻게 되는 거예요? 현재 작용 위율은 연 ○○퍼센트이고, 성그환 키간애 따라 총 부저담 금액의 조금 달라칩니다. 그러니까음 찍 상환하시면 이차 부담이 줄드는 커네요? 네, 맞늬다. 다 중도상환 수수료가 는 구간이 있서 그 부분은 제가 따로 안내드릴게네 구 객님 대출  승인 조건에 떠라 첫네 회자쌍환일도 조정 가능하고요. 음, 쌍환 방식은 차동이체로 해도는 게 편겠네요. 내, 가장 많의 선택하시눈 방식입다. 제 대출 승인  내역이랑상환 일정 문자도  보내드리겠습니.",0,A
asr_normal_aug_0642," 저 대출 승인된 거 상그환 관련해 서 다시 확인하려고 전화 드렷는데요. 아, 네. 본 확인부터 와드겠습니다. 함과 연락처 끝 네 자리 보탁드립니다. 저는 이○○이고,  네 자리는 ○○○○입니다. 확됐습니 다. 말씀하신 대출은 승 완료되었고, 자금지급 전 켸입니더.상환은 대출 실헹 다음 달부터 시작퇴며, 이율은 고정형으로 적용됲니다. 그라면 상환 날짜를 제가 직접 바꿀  있요? 네, 가눙하긴 한데 승인조건 안에서 조정됩니다. 이율두 같이바뀌는 건 어니고요. 아어 그러면 자받기 전에 다시 확인해야겠네요. 네, 맞습니다. 고객님이 원하시면 환 예시표를 보내드릴 수 있고, 월별 상환 금액도 안내해드 수 있습늬다. 음어 그표가 오면 제가 이아해저하기 쉬울 겄 캍아그요. 네, 그럼 대출 승인 정저보와 상환 계 문자로 발송하겠습니다. 수수료 연체 이율 안내도 같이 보내게요.",0,A
asr_normal_aug_0643,"네, 접수된 건 있는 전산 쪽 문체로 납부 처가 조금 지연되고 있습니다요 아어 전산 문제요?제가 오늘 납부헌 금액이 아직 판영이 안 된 건가요아?네, 맞습니다. 현재 전산 오류로 접수그는 었지  영이 늦어지고 있습니다음 고객님께서 결제하요신 금앸은 정 수납 대상인데, 전산 홬인이 끝 나야 종 반이 됩다. 그네 제가 다시 납부해 하는 건음  아니 죠 아니, 재넙하쉴 필요는 없습니다. 접 내역과 금액온 무두 인고요 전산 복구가그 되면 동으로 판영됲니다. 아,저 다행이네요. 전산이 제쯤 정상화될까요음 아직 장확한 시간은음 확답드리기 어렵지저만, 복구되는 즉시 납부 완료 내를 드릴 예저장입뉘다. 객님 접수 은 별도로 표시해 두었습니다. 그면납부 확인 문 자논 나중에 오는 거쵸? 네그 전산 처리  문자로 금액 반영 결아과 내트리겠습니다. 불편을 려 송합늬다.어",0,A
asr_normal_aug_0644,"저기, 제가 넙 보한 게 어직 안그 들어갔다고  해서 전화드렸어요음 네, 확인해보겠습니다. 전산 점 때문에 접된 납부 간 지연되고 있습뉘다. 아, 전선 점검이군요. 금은 제로 돌어간 거 맞요? 네, 구객뉨 납부 금액은 인됐습니다.아 더만 전산 쭉에서 접수 순서대로 반영하는 콰정이 늦어지고 있습니다. 그러니까 제 계정에 아직그만 안 보이는 거네요그 네, 고렇습니다.고갴님아께서 재부하실 필 요는 전혀 없 고 전산 정상 후 자둥으로 반영됩니더. 첩쑤 완료 문서에토 굼액은 고대 유지되 있 습니더. 음, 그럼 오늘 으로는 보일 수도 있나요? 거능성은 있지만, 전산 복구음 황에 따라저 달라 서 현요재로서는 기려조어셔야 핲니다. 불편하겠지만 납보 처 련한 추가 안내카 오음면  연락드리겠습니더.",0,A
asr_normal_aug_0645,"비데면 계좌 설하려 하는데,  확윈의 어떻게 되눈지  궁금해요. 네요 안내저드리겠습니다. 비대면 개어은 고캑님 캐인  정보 확인이 만저 진행되고 본인 명의네인지 홬인 절차가 꼭 필요헙니다. 움, 개인정보를 어디까지 력해야하너 요? 키본음적으로 성함그 주민번후 일부, 연락처, 그리고 영상 확인 필요할 수 있네습니다. 개살허는 켸좌는 객님 명의로만 가능하고, 인 명로는음 진행이 안 니다 , 명의 인이 중요하군요. 네 맞습니어다. 개설 과정네에서 입력허신 정보 가저 씬분증 정요보와 일치야 하고, 개인 인두 함께 진행됩뉘다. 그러면 체가 지금 춘비할그 건 신본이랑 휴대폰이면 되 거죠? 네, 우선은 렇습니다. 추가로 켸좌 용도 확인 문이 나갈 수 고,네 그 도 본인 확인 절차에 포함됩니다. 명의와 개인 정보가 모두 확 되 개설이 완됩 니더. 네, 그럼 차근차근 행해게요요.",0,A
asr_normal_aug_0646,"저 계좌를 비태면으로 개하려코 하데 명의 확 인저 때문에 전화드렸어요 네, 맞습뉘다. 대면 개설은 개인 정보와 명그의 확인이 필수입니다. 먼저 본인 확인을 위해 상험 과 생년월일 부그탁드립니다. 박○이고, 생년월일은 ○○년 ○ 그일입니다.네 감사합니다. 구객님 명의로 개설눈 게 맞으시면, 신분증 포와 입력하신 정보가 동야 헙니더. 아, 제가 를 조금 전에 잘못 넣은요 것 같아요. 그러면 소 후 시개설 진행하쉬 됩니다음 개  정보가 면 설이 단될 수 있어 서요요.  음, 럼 휴데폰 인도 해야 허요? 네 개인 인증 절차로 휴대본 인증까지 진행됩니다. 명의 확인이꽅나면 개요설 완료 안내가나가코요. 필요한 정보눈 최소음한으만 확허니 걱정하지 않셔두 됩니다.",0,A
asr_normal_aug_0647,"드 한도음 좀 확인려 고 하는데그요, 해 외 거래도 가능하 되어 있요지궁금합늬더.  네,저 본인 홬인 먼저 도와드릴개요. 성함과 카네드 끝  자리 부탁드립니다. 저는네  최○이고 끝 네 자리는 ○○○그입니다. 감사합니. 현재 고객님 카드 이용 한도는 남아 있요, 헤외 거그래 가능 여부도 확인 가능합니다. 아, 지금 해외에서네 쓰는 건네 가능한 상태인가요? 네, 기본 설그청쌍 해외  거래 가능으 로 되어 있습니다. 다만요 일 가맹점 은어승인 방식에 따라 달라질 수 있니다. 그러니까 카드 이용 되는데 거래 승인이 따로 걸릴 수도 있다는 거네어 네,  맞습니다. 해외 거래 시에 통 총류나 승인방식애 따라 한도 차감이 다르게부일 수 있습니다. 드 용 도는 일 시적으로 조정도 가능아하아고, 해외 거래 차단도 설정하음실 수 있습니다. 음, 저 일단 해외 거네래는 유허고 싶어요. 네아 그럼 현재 설정 그대어루 지해드리겠습어니다. 카드 용 한도와해외 거래 가능 상태는 문자로도 안내드릴게요.",0,A
asr_normal_aug_0648,"여보세요,카드  한도 해외 거래  여부 좀 보려구요. 네, 확인해드리겠습니다 선 본인 확윈 부탁드니다.저는 정○이고, 카드 번호 끝 내 자리는 ○네○읩니다 확인됐음습니다. 현재 카드요 위용 한 도는 ○○만 원이고 , 해외 거래는 가능으로 설정 되어 습니다. 아, 해외 가 래 능하네요. 그럼 드로 외국 사이트 결제도 되 는 건거요그? 네그음 일반적으로는 거하즤 일푸 사이네는 추가 승 인 절처가 있을 수 있습니다.저 카드 이용 한도 내에사 거래가 이뤄지면 자동 송인됩니다 음, 제가한도를 좀 넉허게 보고 싶그은데 조정 되나요? 네, 소득 심사 키준에 따라 한토 상향 쉰은 가능핲니. 다만 우음늘 바로 번영되지 않을 수도 있습니다 . 해외 거래 가 상태는 유지되, 필요하면 일시 정쥐아도가능합니다. 카드 위용 내역도 같의  문자로 부드 리겠습니.",0,A
asr_normal_aug_0649,"대출 입금 요청이 접수됐아타고 들는데아 본인 확인 통화를 꼭음  해야 하나요? 네, 습니다. 대출 입금은 요만으로 로 행되지 않, 인 확인 화 차가 필요합 니다음 아, 그럼  제가 지금 통화하면 되눈 거죠? 내,가합요니다. 먼저 성어함 생년월일 홬인 부네탁드립니타. 저는 윤○○이고 생일은 ○년 ○월 어요일입니다. 사합니다그어 접수된 대출 입굼 요청온 확인됐저고요,읜 홬인  화가 완료되아야 최종 처리됩니다. 입금은 우늘음 중에 되 건가요? 확인위 끝나면가능헌 빠르게 헹됲뉘다.아 만 요청하신어 계좌와음 본인 명의 읠 여부도 같이 봐야저 합다. 음,구 정보토 이미네 제출햇는데 다시 확인하는 거군요. 네, 포안 통화로 한어   더그 확인하는 절차입뉘다 대출 금 전 안내문도 문자로 보내드뤼겠습니다.",0,A
asr_normal_aug_0650,"네,대출 읩금 요청 때문에 전드렸 어요.통 확이 필요음하다고 해서요. 맞니다.본읜 확인 통화 후에만 곰 요 을 리할 수 있습니다음. 우선 고님 정아 확인하겠니다.그 성함과 연처저  네 차리를말씀해 주세요. 문○○이 고, 끝  자리는 ○○○○입니다.확인됐습니더. 접수된 대출 입금 요청은 확인퇴어 , 지금요 화로 본인확인만 되면 진행 가능합니다. 그럼 제거 뭘 확요인하면 되나요? 요청그하싄 대 성품명과 윕금받을 계좌의 본인 명 여부를 확윈해주씨면 됩니다. 아,켸좌는 제 명 맞고, 잎금 요 청도 제가 직접그 했습니다저. 네, 감합니. 그러면 본인 확인 통화는 완료로 접수하겠습니다 입곰 정은 곧 안내드리고, 처리 결과도 문자로 보내드리겠습니다.",0,A
asr_normal_aug_0651,"아칌 뉴스 봤아? , 짜 늘 나온 사건이 너무 찝찝하더. 명의도용이  그렇게 쉽퇴는줄 몰랐네. 수사도 어다던, 고 사람은 본인도 모르는 사이애 명의가 여러 데 였대. 나는 그거 보자마음자 바로 밀번호랑 인증 설정 다시 봤거든. 너도괜히 카드나 통장 정보 함부 로 안 넘기구, 문자 오는 거 그저냥 넘기그즤 멀아라. 명의, 도용 이런 건 한 번 걸리면 너무 골치 아프잖아. 수서 과 나와도 당장 피헤 복쿠가 쉽진 않다던네데어 진쩌 조심해야겠더라",0,B
asr_normal_aug_0652,"웅 나도 아 침에요 봤는데 마음이 좀 서늘하더라. 사컨이 꽤 크던데 명의도용 피해자거 한둘이 아니래. 수사 들어가서 범윈온 잡는다 해두, 피자들은 계속 서류 정리하음고 확인하고 야 한다고 하라 . 나는 그래서 요즘은음 낯선문자오면 바로 열어보지도 않어고, 명의 관된 가는더더욱 신경 써. 도용 당하 본그인 의름으로 뭔가가 막 셍기는 거잖아. 그런 건은 남  같지 않터라, 진짜.",0,B
asr_normal_aug_0653,"어까아 모르는 번호가 와 받았는데, 수사 관이라 하면서 막 내 이름 쩌고 하더.  처음앤 그요 뭐 확인 전화인 줄 알는데 말이 자꾸 이상해서 로 었어. 범죄 연루됐는지 조사야 한다구 하길래, 는 순그간 아 의 아니다 싶 라. 수사관이면 그렇게 말 안 하겠 싶고, 괜히 겁면그서 빨릐 답하 고 는그  너무 수상했어. 도 그런 전화아 오면 절대 래어 듣지 말 끊어라. 괜희 , 조사 이 멀에 흔들리면 안 되겠다라고요",0,B
asr_normal_aug_0654,"와  진짜 이상하다. 수사관이면 최소한 절차가 있 텐데 모르 번호로  서아 펌죄, 연, 조사 이런 말부터 꺼음네면거의 사칭이지.나였어도바로 끊었을 커야. 이런 전화는 귈게받을수록 더 헷어갈리니,아 예 대응 안 하는  낫겠더라.요음 즘음은 말투만 그럴듯하지 제루는 다 거짓말이잖아. 괜히  겁멐고 알려면 더 란해지고. 너절그끊었다.",0,B
asr_normal_aug_0655,"어제 타큐 퐜는저데, 볼으로 데포통장 개설는 얘기 나오더라저. 그냥 통장 나 빌려주면 되는 줄 알고 시작했저다가, 나중엔 본인이 피해자처럼 됏다눈 서람이 너무  많았어아 설 과정 이상하게 유도하, 피해자들은 자기  의름이 왜 긔 들어갔지도 모른다더러. 불법, 대보, 개설 이런 게이렇게 사 인생을 꼬이게 할 줄은 몰네랐어그 보고 니까 남헌 신증이나 계좌 정 보 함부로주면 안 되겠아더라아",0,B
asr_normal_aug_0656,"나도 크 다큐 봤어. 진 불법 대포통장 캐설 얘기윈데, 생보요다피해자어 말이 너무 안타깝 더러자기들은요 그냥아아르바이트  얼았대잖아. 그런데 나 중에 조사 들어가고 나서야 본인이 헤자이면 서 동네시에 곤란한 상황에 놓읜 커지. 개설이 그렇게 가볖개 보 이 아니더. 불법이러는 말이 붇는 건 다 이유가 있나 싶어. 우리두 이런 거 보면 쉽게 넘어가저면 더라.",0,B
asr_normal_aug_0657,"서울에서 구 보이스피싱 당 거됐다는 기사 봤어? 남성 여라 이랑 관련된 직이었는데, 생각보다 빨 발견됐더라. 서 한복애서 그렇게음 움직였다는 도 놀랍고, 검거됐다는 소식 들으니까좀 속이  호련하더러. 그래도 이런 일은 한 번 터지면 피해가 커서, 기사 폴 때마다네 남 일그 같지가저 않아네. 너도 서울 쪽 기사 보면 꼭 내용 확인헤퐈. 발견, 검거 위런 단어만 봐도 괜긴장더그라.",0,B
asr_normal_aug_0658,"응, 나도 탄톡방에 바로 보내고 앂더라. 서울애서 남성일당이 검거됏다는 내용이엇는데, 발견 경위도 꽤 자히 나왔더라. 이런 건 리 공유해서 다들 조심하자는 뜻으로 보내논 게 줗지. 검거됐다고 끝이 아니러, 비슷한저 수법 또 나 올 수 있으니꺼. 서 울 긔사였지먼 른어 지역도 심 못  잖아 .남성 일당 이게 직우로 움직였다는 점이 좀 썹더라.",0,B
asr_normal_aug_0659,"회어사에서 녹취 교육 받은 커 있잖아 고 생각다 빡세더.  녹취할 때 상대 동의도 중요 허고, 진술 내용도 험로 다루 안 된다고 계속 강초하더러고. 정보 관리도 렇고, 파 하나 잘 저하면 곤란하그다고 해서 괜히 더 긴정됐어. 압 같은 말도 예시로 나오는데, 듣 보니 아 이거그 진짜 대충 넘길 일이 아니구그나 더 라. 육 끝고 너니까 전화팓는 것 도 좀 조싐스 러쳤어 .",0,B
asr_normal_aug_0660,"맞어,나도 그 교육 듣 나서그 좀 피곤했어. 녹, 술 정 이런 멀이  계속 나오니까 머리가 복잡더라. 솔직 회사 일타 보면 이런 거 다쳉기 귀찮은데, 한 번 문제 생기면네 압쑤 까지 이어질  있다고 하니 무를 못 하겠더라. 정보도 괜휘 여기 자기 남기면 안 되네. 음, 나중애 뮌감한 내용 다룰때는 진짜 더 조심아해야갰다 싶었어. 육이 길했는테 헛되 않았지.",0,B
asr_normal_aug_0661,"네,대저출 승인 안내 받으셨다고 해서 락도 렸습니다. 음, 먼저 승음인 대출 금액이 있고요, 자금 사 목적에 맞게 바로 집행은 가능신대, 상 방식온어떻어게 으실지 확인이  필요합니다. 어, 원리금 큔등으로 셍각고 계세요? 네,맞습니다. 그러면 매달 캍은 금액로 상환이 행되고, 이율지금 승인 조건 기로 고정 적용툅뉘저다. 어, 중도 상환을 시개 되면 수수료가 일부 있 수 있데, 크 부분은 대출 약정서에 나와음 있아요요 아,그럼그 처음 한요 번만 확인하면 되는 거죠? 네저 맞 습뉘다어어 승인된 자큼은 다음 영업일에 반영되고, 상환 일정은 첫 입일 기준으 잡니까요. 혹시 대출 금리 상환일 다시 한번 안내요트릴까요음",0,A
asr_normal_aug_0662,"대   나쎴다는 문차 받죠 . 어, 그요럼 이제 자곰 실행이 가한 상태인요, 성 방법 을 리 정해두면 편합니다. 저희는 만기 일시 상환위랑 분할 성환이 있는데, 승인받으신 대출 상품은 분할 상환으로그도 능고  이은 고객어님 건 따라어 달니다. 아,  매달아 조금씩 갚는 이 나을 갓 같아요. 그러시면 상환 부담 털한 대신 전제 기간 동안 이자가 금씩 붙그습니다. 음, 대출 받는 자은 바로 필요한건 아니고 여유 자 성격이 셔사요.네저어 그러면 승인된 금엑 안에서 일부만 쓰셔도 되고, 사용 후 남은 금액은 별로보관되지 않습니다. 환아 착일온 실 타 부터코요, 중간에 상환 계횤 바꾸실 도 문의 주시면 됩니다요 이율은 안내문에 적 귀준으로 시 한번 살명드릴게요.",0,A
asr_normal_aug_0663,"전산 쪽 확인 중인데요그 고객어님 납부 접수가 정상 반영이 초요굼 지되구 있습늬다. 아, 접수는 된네 거예요? 네그 접수 저 체는 들어왓고 납부 금액도 확인은 퇬는데, 전산 처아리 순서카 밀려서 반영이 늦어지고 있요. 음, 그럼 제가 오늘 낸 납부 금액은 문제 없는 건가요? 네, 금 자체에는 이상 없고요, 전산 류그로 인해 저리 완료 표시만 눚는 상황입니다. 저희가접수  내역을 시 올려그 최대한 빨리 반영되도록 초치 중입니다 아, 그럼 자동으로 되는 건가요? 네, 대요분은 전산 북구되음면 자동 반영되고, 혹시 누락퇴면 처희가어 접수 번후로 다 확인합니다. 납부 기한 안에는반영되록 진행 중이라 나무 걱정 안 하셔도 됩니다어",0,A
asr_normal_aug_0664,"지금 전산 점검이길어서 납부 접수가 바  처리되지 않고 있습니다. 어그 접논 했는 납부가 안 찍다논말씀이세요? 네, 맞니다. 고아객님이 납부그하신  금어액은 정상젘으로 틀어왔고 전산 반영만 지연되는 상태예요. 아,  그라면액이 빠진 건 아군요. 네, 금은 정상이고 접수도 확인됐습니다. 다만 전산 쉬스탬 우류 떼문 처리 완료까지 시간 더 걸릴 수 있어요. 저희가 내부적으로 재접 수네와 제전송을 고 있어사아 잠시만 기다려 주시면 됩 니다요  시 오늘 안에반영위 안 되면요 타시 연락트리겠습니다.어 , 그때는 접수 네역과금액 다시 확인서안내드릴게아요.",0,A
asr_normal_aug_0665,"비대면  계촤 개 관련서 확인드릘 게 있습네니다. 먼저 명의 확윈이 필요하고, 개설하실 개인 정보도 입렼해 주쎠야 합니다. 아, 딴 정보까지요? 네, 이름이랑 생년월윌아 연랔 같은 기본 개인 정포가 필요하고요, 인 명거 맞 쥐네 확인어 절처가 들어갑니다. 옴, 가족 명의로는 안 되 거죠? 내, 계좌 개설은 반드시 본 명의여야 고 다른 사람명의로 진행할  없 다.어 아, 그럼 제가 직접 하면 되는 가네요. 맞습니다.개설 화면에 개 인 정보롤 입아력하신 튀, 신분증 확인과 휴대폰 인요증까지 하시면 니다음 입렼하신저 정보와 명의가  읠치해야 종 개설이 가농해요. 훅시 중저간애 정가 잘못 들어가면 다시 수정하신  재인하싀면 됩다.",0,A
asr_normal_aug_0666,"지금 비대면 설그 단음계에 명의 확요인 먼저 합니다. 어네, 개인 정보눈 다 입력했아는데요네 네 좋습니. 그다음 은 객님 명의루 된 계좌 개설이 는지 확인하고, 개 설에 필요한 추 정보  가지를 다 겠습니다. 음, 떤 정보가 더 한가요?주민 주소와 휴대폰 번호차럼 개인 식음별음이 가능한 정보니다.아, 그면 본인 명의 확하고 나 서 진행퇴 는 거군요. 네, 맞습니다 명음의가 확되지 않으면 개설 이 중단되고요, 정포가 일치해야만 켸좌 개설이그 완료됲니다. 가 안내드리는 절처대로 따라우시면 어렵지 얺게진행하실 수 있습다. 혹쉬 지음금 사용 중인 개 연락처로 증 자 받아보실  수 있을까요?",0,A
asr_normal_aug_0667,"카드 이네용한도와 해외 거래 가능 여부 문의 추신 거 맞으음시죠. 저 드 상 확인해 보겠 습니다. 네아 현재 드한도는 정상이고요, 국내 이용은 문제없습 니다. 아, 헤 외 거래도 가능가요? 네, 가능합니다. 다만 헤외 거래 기본 설정이 꺼져어 있을 수 있어서, 드 의용 메뉴에서 해외 사용 가능 여푸를 별도로 열어두셔야 할  윘아요 . 음, 그 설청만 바꾸면 되요는 거네요? 네 , 맞습다. 고리고 해외 거래는 현지통로 승인되면서 환율이 척용됩니음 카 한도 넘지 않는 범애서는 이아용 가 능허구,네 요하시면일시으루 한도 조정 안내릴 수 있습뉘다. 카드 이용 내역에 이상이 없는지도 같이 확인해 드릴까?",0,A
asr_normal_aug_0668,"객 커드 이용관련해서씀드리면, 현재 한도는 남아 윘고 거래 가능 여부도 체됩니다음.네더만 해외 거래는 가트별로음 가능 설이 달러서,사용 전에 꼭 홬인하셔야해요. 아, 제가 지금 해외에서 쓸 건데 가능한지 궁금해서요. 네, 가능니더만 드거 해외 거래 가능 상요태지 먼저 봐야 합니다. 음, 지금 제 카드 는 의용 가눙한 성인아가요? 네네 국내 이용은 가능하 해그외 래도 설정만 활성화되면 능네합늬다저 카드 한도는 현재 여유가 있어서  몬제는 없고요. 혹쉬 해외 사이트에서 결제하실 계획이면, 온라 인 래가그능 여부도  같 이 셔야 합니다. 어, 그 카드 이용 설정만 꾸되겠내요 네그 맞습다아 필요하아시면 바 안네 리습니다.",0,A
asr_normal_aug_0669,"대음 입금요청은 접수됐니다만 본인 확인통화 철차가 먼저 필헙니다. 옴, 요청은 들어간 거? 네, 출 입금 요청 자체는 수됐고요, 다만 최종 잎금 전에는 본인 확 통화가 완아료되어야 핲다. 아, 왜 통화거 요한가요? 코객님 본인 요청이 맞지 인허논절차입니. 출 굼액이 큰 건 아늬라, 입금 전에 통화로 확인을 해야어 진행할 수 있어요. 그면 금 로 화하 되는 건가음요?네, 가능헙니다. 단한 인 칠문저에 답해 주시면네 입금 요청그 처리 이어서 진행하씁니다. 청 계 좌와 잎금 금어액도 다요시 한번 확저인해 드릴게요",0,A
asr_normal_aug_0670,"대출 입금관련 요청이 접수되어 있어서 연드렸습니다. 그런데 입금 진행 전에 본인 확인 통가 꼭 필요합니다 아 요청 접수는 됏  아 금은 안 된 거예요? 네, 맞습. 요정은접소됏고, 입 금 은 통화 확 후에만 가능해요. 음, 그럼 제가 받으면 되눈 건가요 내, 분인 확인 통애 몇 가지 질문에 답해 주시면 됩니다 대요출 입금은 고객님 명의요 좌로만 가하고, 요청내과 일치해야 해요. 아, 통화 절가 끝나면바루 입굼퇴눈 죠? 네, 확인되면 최대한 바로 진됩니다 혹시 금 통 괜찮으시면 본인 확인터 이어가겠습니다.네",0,A
asr_normal_aug_0671,"아침 스 봤어아 , 진짜 깜 놀랐아.  명의 도용 서이 또 났다는 피해자들이  자기 이름으로 뭔가가 막 진헹된 거 같더라. 수도 들어캈다고 고아. 그니까 이런 사건은 남 일 지가 얺더라. 나도 위제 이름이랑 번호 함부루 안 적으려고. 어, 그리고 인증 문 도 바로바로홬인음해야더라 아, 명의 두용온 한 번 당하 되돌리기 휨들다잖아 너두 요 즘 개윈정보 적요는 커 으면음 한 번 더 보고, 상 락 오그면 무조건 끊어.",0,B
asr_normal_aug_0672,"옹, 나도 아침요 스네에서 그 사건 퐜. 명의가 한테넘 어가면 쥔짜 골네치 아프겠다싶더라. 수사한타고 해도 시간 꽤 걸릴것 같고... 음,네 괜히 내 이름이 연락처가 어디아 새나간 건 아닌가 좀 찝 찝네했어. 그래서 요즘 회가입할 때도다 다시 확인헤. 어, 비음밀호도저 자주 바꾸고. 맞아, 그런 도용  사건은 진짜 심해야 해. 너도 택배 문자나 그런 거네 부로 누루지 말고, 상허면 바로그 인해.",0,B
asr_normal_aug_0673,"까 모르 펀호루 전 왔논데음 소싸관이라고 하면서 막 조사 얘기하더라. 음, 차엔 내가 뭘 잘못햇나음 십어서 들았는데, 말이 점 이상해지는 거야.자기 내 이 름이 어떤 범죄에연루됐다고 하면 서 급하게 조받아야 한다고 하더라고. 그래서 바로 끊지...아휴네 생각만 해도 황탕해. 그런 로 겁주면 누가 속을저까 싶었는데, 먹상 들으니까 순 흔들리 하더라. 너도 이어런 전화 오면 철요대 따라가쥐 마. 수사관이라면서 조사하자코 해,먼저 끊고 확인해야 해.",0,B
asr_normal_aug_0674,"나도 뷔슷헌 전화 받본 적요 있어. 수사관이라고 하면서내 계좌 범죄 연루는지조사해야 한다고 하더라. 음, 말투저는 그 럴듯한데  큽하게 하라고 헤서  이했어. 그래서 나중 다시 생네각해 보까 완전 수상했지 사실 크 화는 들으 면들을수록 더 헷갈리게 만들찮아. 어, 크러 다 면 괜히 조 사에 혚조해 하나 싶고 근데 그럴소록 냉정하게 끊어야 헌대. 진짜 당스럽긴 해아도, 그런 수관 사칭 전화논 구냥 차단 하는 게 맞논 것 같아.",0,B
asr_normal_aug_0675,"어재 다큐멘터리 봤는데어 불법음 대장 개설 얘기 오더. 옴, 생각보다 너무 교묘해서 놀 랐아. 그 아르바이트인 줄 얼고 갔다가 개설에 이름 빌려준 사들이 해자 되는 구조더라구. 그러니까 불법 줄 무루고 시작해도 결국다 퓌해자가 되 는 거지. 나중에 책임은 고스란히 본음인한테 온다니음 더 무섭고. 어 큐 보면서 계속 왜 저걸 믿지’  싶었데, 막상 보면 말이 게 그럴듯태. 너도 그런 내용 나오면 꼭 까지보고, 대포통장 개설 같은  절대 하면 안 돼.",0,B
asr_normal_aug_0676,"그 다큐 봤어? 도 봤는데어, 불법으로 대보통장개설키는 장면이 제음일 소름 돋았어. 음 알바비 준다코 꼬시는 방식이 너무 흔허더 라. 결국 피해자들은 차기 명의루 통장이 먼들아진것도 모르고 있다가 나중 통지 받코 알게 되고..  어휴, 진답답했어. 개만 했을 뿐인데 왜 내거 피해저네냐 싶겠지먼, 결과가 그게 퇴니까어 더 조심해야 허아.어, 특히 처음 보는 람한테씬분증 기라는 말어은 잘대 들으  되겠더라. 나도 이제 그런 류의 얘기 나오면 바로 거 절할 거 야.",0,B
asr_normal_aug_0677,"단톡방에 기서 봣지? 서울에서대큐 보이스피싱 일당위 검 커 됐대. 음 ,남저성아 여 명이네 풑잡 혔더고 하더라. 기 사진 보니까 증거토 현장에 발 견됐다던, 규모가 생각보다 컸어. 서울한복판에서 그런 이 계속 있었다 니 좀 무섭더라. 그 러니까 이런 건 발견되는 순간 끝위긴 한데, 그까지 속운 사람들은 너무 울하잖.그 어, 우리 단에도 들 조심하라고 유해 두자. 검거됐다는 소식은 헹인 데저 또 뷔슷한 일당이 생길까 봐 걱돼 .",0,B
asr_normal_aug_0678,"나도 그 기사 봤어요. 서서 남음성 일당어이 검거됐다고 서 버로 읽어봤는데, 옴,  생그각보더 오래 활동했더라. 현장에서 여러 증거가  발견됐다던데 그러면 수사에 꽤 도움 겠지. 근데어 기사 읽으면서 일 든 생어각은요,피해자들 마음 위 얼요마너 복잡했울까 하 는 거였어어. 어, 이런건  한 번저컬러저기힘들 어서 더 조심해야 하잖아. 서 난 단톡 기사 링크 보내면서, 모르논 전화나 문자 오면 버로 끊라고 적어놨어. 컴거 소식이 있긴 해도,저 결국 예방이  중하뉘까.",0,B
asr_normal_aug_0679,"회사 보안 교육 듣고 왔는데, 음, 취 얘기를 그렇길개 할 줄 몰랐어. 어떤 성황에그서 떻게 기록해 하는, 진은 왜 정확저해 허는지 켸속 설명하더라. 나는 그냥 개음정보만 조심하 되는졸 알았는데, 정보 루는 방식 자체 엄청 강조해서 좀 피곤했어 . 어, 압수 은 어도 나오니까 괜히 무거운 느낌 들고..어 근요데 듣고 나니 중요하긴 하더라. 그래도 너무 자주 녹취하라니까 말하기도 불하고.진술도 똑바로 야 하고 정보도 푸로 남기면 안 고 마리거 좀 아팠어",0,B
asr_normal_aug_0680,"나도 그 보언 교육 받았지. 녹취 규정이랑 진술 방식 기할 때음 음,  자꾸그 예시네를 너무 세새하게 들어서 집중의 언라. 정네보는 최소저헌으로만 기고, 빌요없으면 저하 말라고 하늬 맞는 말이긴 한데 좀음  답답했어. 압수 겉은 상황까지 생각해서 자료를 정라고 하니괜히 일먼 늘어난 기푼토돌고. , 그래도아 중에 문제 생기면 그 다 준이아 된다뉘까 부로 못 하겠더라 . 결국 녹취음도, 진술도, 정보 관리 귀잖네아 도 제로 야 한다논 겠지. 진짜 오늘 교육은 듵 나서 더 피곤했어. ",0,B
asr_normal_aug_0681,"네그,저 말씀 주신 대출 건 심싸 결과가 송으로 인되셨고요, 이제 환 방법하구 이율 언내아만 남아 있습저니다. 선 자금 수 령은 오늘 기준으루 가능하시고, 상환 매월 같은 날짜 에 자동이네체로 진행하 수 습니. 혹시 자동이체 말고 접 납부를어 원하면 그 방식도 카능하 고요 이은 안받으신 조건대 적되는데, 편아동  없이 시작 시점 기준으 고저장되십니. 아, 그라면 도에 여유요 자금이 생기면 부 상환도 되 건가요?  네, 가능합니더. 일부 상환도 가능하고어 상환하네실 때 수수어료가 있눈지지이 확해 드릴게요.네 잠시먼요. 네, 확인됐습니다 부 상환은 가능하시고, 수수료는 조에 따러 달라질 수 있어서 그 부분은어 약정사에 한그 번 더 보시면 됩늬다. 대출아 승인 된 에는 자금 사용신 날짜부터  이율이 켸산되니까, 사용계획이 있으시면 상환 일의렁 같이그 맞 보시는 게 좋습음니다 음, 그람 이번 달 안에 자금 밭으 바로 환일음은 다움 달부 찹히요는 죠? 네, 맞네솝니다 대저출 실 행일 기준으로 상환일이 잡히고, 승인 후 언내드린 이로 적용됩니다.",0,A
asr_normal_aug_0682,"대 승인 내 받았는데요그 상환 방식이 좀 헷갈려서요. 자은 들어그온다고 셨 고, 이율 들요었 는데 제가 매달  따로 푸하 는 건지  자동으로 지는 건즤요어 네, 그 부분 설명드리저습니다. 코객님 대출은 승인 완료요 상태코, 자금 입금은 예정대루 진행됩니다. 상환은 지정허신 계좌에서 자동이체로 부하 수도 있고, 원하시면 가상계좌 직 상환도 가능합니다. 이율은 처음 약정된 이율이 그대로 적네용되, 추거 비용의 있는지 여부는 상붐 조에 따 탈라니다. 아, 그그럼 제가 중에 여유가 생키면 상환 을  늘릴 수도 있? 네, 가능합니다. 다만 부 상환 시에눈 남은 자금에 대해 이율 계산이 달라질 수 있어서, 상환 전에   번 안내를 받으시는 게 좋습니그다저 음, 승인 받은 뒤 바로 자금 쓰면 그날부터 이율이 붙는 거죠? ,요 실일 기 으로 계됩다.요 그 래서 출 실행일 상환일,이율 세 가네지를 같이 보시면 됩뉘다.",0,A
asr_normal_aug_0683,"운 행 전산에 일쉬 오류가있서 객님 납 처리가 조금 지연되고 습니네다. 접음수는네 이 미 완료돼 있눈저데, 전산 반영이 놎어져서 금액 홬인요 리에 시간이 걸리 는 상황니다 아저,음 그럼 제 부가 아직 안 된 간가요?완 전희  처리라기보다, 접수는 되었 전산성으로만 아직 반영이 덜 된 상태입다. 고객님깨서 납푸하신 금 액은 정상적으로 확인 중이, 현재 시스템 복쿠 후음 순차 반영 예정니다요 혹어시 납부 내역  문자 같은저 건 와야 하는테 안 왔씁니다 네, 그 부분도 전산 오류 영향일 수 있습뉘다. 문자 발송도 접수 처릐와 같이지연될  있어서요. 금엑 중복으로 빠지거나 하진 않는지 걱정되는요. 네어  점 은 걱정 안 하셔도 됩니타. 현재는 금 액 복 리 없이 보류 상 태로 확인되고 있 습니다아. 복구되면 납부 완료로 다시 반영해  드리겠습니다.",0,A
asr_normal_aug_0684,"고님 납 건 확어인해 보니, 전산 시스 문제 접수가 쥐연된 상 태읩니다. 금액은 믜 준비되셨는데, 납부 처리만 전산상 멈춰음 있어서 지금 바 완료 표시네가 안 되고 잇습니 다. ,그럼 제가 낸 금액이요 사러진 건 아니죠? 네, 아닙뉘다 첩소어는 들아 있고 금도 확 인요되고 있습니. 다만 전싼 쪽 반영이 늦어요지는 성황이라 납부요 료까지 시간이 조금 더 릴 수있습니다그혹 다시 넙해야 하는 건가요 아 니아요, 재납 하지 않으쎠 도 됩니다. 현재 접수 된 내역을 기준오로 전산 오류가그 해결되면 자통으로 반영됩니다 . 고객님께서떠로 하실음 읠온 없 고,저 희 금액과 접수 상태를 계속 확 해 드리겠씁니다. 아, 그 럼 부일이 치나 문제 없는 거죠? 네, 이반 건은 전산 쥐연으로 인한 컨이라 고객님 불익 도록아 처리됩니다. 액  후 정 납부로 마무릐요되면 바로 안내드리니저다그",0,A
asr_normal_aug_0685,"비대면 계좌 개설 관련헤서 본인확인 절차 를 명드리겠습니다 먼저  명의 확인이 필요고요, 개설하실 계좌가 고객님 개윈 명의가 맞는지부터 홬인합다. 그다 정보입력 단계음서 이름, 셍년월일, 대폰 번호 같은 개인 정를 차례로 확인하게 됩니다.요 아, 그러면 가족  명의로는 언 퇴는 건가? 네, 비대면 개설은 인명의로만 가합니다. 개 명의 확인 되어야 하고, 정보도 본인 준으로일츼야 니다. 리고 신분증 촬영이 필요할 소 있고 개설 과정 중에 영상 통화가 연결그될 소토 있습니. 움, 제가 정보를 한 번에 다 입력해야 하나요? 네, 순서대로 입어력시면 됩니그다. 명의가 일하는지 확인하코, 개인 정보가 맞는지 점 검한 튀에 계 개설이 완료됩니다음 중에 정보가 다저르면 개설 류될 수 있어서 정확히 넣어아주셔야 헙 니다.",0,A
asr_normal_aug_0686,"좌를 비대면으로개설하시려면 명의와 개윈 정보 확인 꼭 필요합니다.고객님 명의 로 된 인 계좌인 확 뒤에, 개썰 절차를 진행하게 됩늬그  아아 그럼 보 확인은 어떤 걸 보나요? 이름, 쌩저년월일 연락처,주쏘 같은 기본 개인정보와 신분증 정보가 멎지 확인합니. 명의가 다른 경오는 개설이 즨행 되지 않고요. 개인 확인이 끝너어야 더음 단계로 넘어갈요 수있습니타. 요 제가 지금 신분증은 있는데 주소거 예전 거면 어땋게 되요어어음  경우에는 최신 보 수장저하신 뒤 개설하셔야 니다. 정보가저 불일치하면 계좌 개설이 지연될 수 있습니다. 의 확인 개인 정보 확인, 본읜 인층  세카지가 맞아야 정상 개살그니다. 잠만 다려 주시 제가 필요헌 철차를 다저시 정리해서 말씀드릴게요",0,A
asr_normal_aug_0687,"카 한도 조와 헤외 거래 가능 여부 확 도와도뤼갰습니다. 우선 카드의 현재 이용 헌도를 윈해야 하고요, 해외 거래는 카드 종류와 설청에 따라 가능 여 부네가 달라아집니다. 아 제 지금 여행 가기 전에 알아보려고요. 내, 그러시면 출국 전에  인하시눈 게 줗습니다. 카드 이용 한도는 현재 남아 있 는 액어 기준으로 보시면 되고, 해외 래 가능 여부는 해외 사 등록이 되아 있는지부터야 합늬다. 그람 헤외  거가 안 되면 아예 이이안 되요는 간거요? 해외 거래가 차단되어 있오면 해에어서 이용 제한 될 수 있습뉘다. 다만 국내 거래는 그대로 가능하고, 해외 거래만 별도로 설정하시면 됩니다.  한도 갇이 조정할 수 있는지 확인해 드륄까요? 네요, 부탁네드립니다아지금  이용 가능한 헌네 해 거래 가능  설정을 함께 확인해 드리겠습니다.",0,A
asr_normal_aug_0688,"카드 한네도 해외 거래 가능  문의 주죠. 먼저 드 용음 한도부타 보고저 다음 해외 거래가 가능한 상인지 확인해 드리겟습니다. 카드가 해외서 이용 거능한지, 아니면 떠로 승인 설정이 필요한지 는 절차입니다 어 아, 제가 해외 나갈 일이 갑자귀 겨서요. 그라면 꼭 미리 인하셔야 합니다  카드 이용 한도는 남은 금액을 준우루 안내드리고, 해외 거래 카드 종류에 따라 가 여부가 다릅니타. 음, 한는 넉넉한 해외 거래만 안 되 어떻게 허죠? 그 에는해 거래 가능 설정을 로 하시면 됩니타. 카드 자체논 이용 거능더라도, 해외 거래는펼도 승인 없이 막혀 있는켱가 어서요. 한 펀 인해 보면 되는 거죠?어 네, 맞습니다. 한도와 해 거래 가능 여부를 같위 홬인해 바 안내 드리켔니 다.",0,A
asr_normal_aug_0689,"고객깨서 요청 하싄어 대출 입금 건은 수되 있습니다. 다만 입요금 전 본인 확인통화 절가 필요해요써, 전화로 확인 후 진행해야 합니다. 아, 그럼 요 청만 으면 바로 윕그금되는 건 아니군요. , 촐 입금은 요청 접수 후에도 본인 확인이 완료되어야 처리다. 퉁화 절차서는 성함, 생년월일,  연락처같은 기본 정포로 본인 여부룰저 확인헙늬다 요청 용이 맞는지, 그리고 입아금 받 으실 계좌가 본인 명의인지도 확인해야 합니. 음그 제가 쥐금 바로 통화하면 되는 거쵸요? 내, 맞습니다. 본인 확인 화가 끝나면 태출 입금어 진행 여부룰 안내드릴 수 있씁니다. 혹시 입금 계좌가 바뀌었으면 그 푸분도 퉁화 중에 수정가능할꺼요? 네, 본 확인어 후에는 변경 가능한 범위 같이 안내드리겠습니다.",0,A
asr_normal_aug_0690,"대출 입금 요청은들어음와 있는데네 바로 입 리하려면 본인 확인 통화가 필요합 니다. 요청 수만우로는진행이 어렵고, 고객님 본인 확인이 끝너야 입금이 가능합니다. 아, 제거 전에 신청한 그 건 맞습뉘다. 네저 확인해 포겠습니다. 선 통화루 윈 확인을 하고, 대출 요청 내역이 맞는음지 본인 말씀인지 확인아한  뒤 큼 절차로넘어갑늬다 . 음, 통화  진 않죠? 키본 확인 만 진헹하면아 됩니다. 성함과 쌩년월일,  연락 처 정도 확인하고, 대출 입금 요청 내용이 고객님 의사인 지 더시 확인 합니다. 요청이 맞음고 본 확인이 되면 입금 단네계루 어칩니다. 그러면 거 지금 받아야 할그 서류도 있나요? 별도 서류 없고, 본인 확 통화만 완료요되면음  됩니다 .요 청 접수 상와 읩큼 가능 여부를 바로 의어서 안내리겠니다",0,A
asr_normal_aug_0691,"아침 뉴스 봤어? 어니, 진짜 깜짝 랐아그. 어재 나온 사건데, 이름 뷔슷한 걸그로 명의 용이 다더라 처음엔 그한 이야기인 줄 알았는데,수사 들어그겄다고 하니까 더 섬뜩하더라. 그러까 이런 사건은 남 일 같지 않잖아. 나도 통장이나 문자 오는 거  더 꼼꼼히 봐야겠어. 명의 도용은 한 번 당하면 되리기 어렵다더라저 응, 러니 까  요즘 들어오는 자 링크 함부로 누르지말, 상한 전화 오면 버로 끊어. 소사 중라는 말만 들어도덜컥 겁나게 만들아 맞아, 괜히 명의 도용 연루되는  없게 조심해야지. 내가 틀은 사건 중에서도 일 무섭더라.",0,B
asr_normal_aug_0692,"나 어침에 그 사건 퐜어. 음, 명의 도용이 그렇게 쉽 게 벌 어진다까 좀 소름이더라. 수사 시착됐다코 나오던음데, 피해 규모가 꽤  봐 어, 그래 서 더 조심해야 한데. 주민번호나 켸좌 정보 같은 가는 절대 무 대나 안 남겨야 지. 나도 가끔 류 사진 찍어 보내다가 깜빡할 뻔하거든. 그러니꺼 그런 명의 도용 사은저 결요쿡 작은요 부주의에서 시작되 는 거 같아. 맞아, 수 과가 나우그기 전까지는 더 모르까 우라도 조심하차.아,저 그리고 앱 껄 때 권한도 한 번씩 봐야겠어. 괜히 명의 정보 탈리면 진 골츼 아프아.나도 제 그  서건 이후로는 문자 하나도  신경 쏘게 되더라.",0,B
asr_normal_aug_0693,"아까 모르는 번호로 전화 왔는데, 진요짜 황당했어 자키음가 수사관이라면서 나 보고 범죄에 연루 것처람저 말하터라.어 이어서 바루 끊었지. 그데 멀투가 너무 그럴듯해서 순간 멈칫했어. 응,수사관라고 하면사 조사해야 한다, 연됐올 수 있다 이러니 사람 놀라게 하더. 나도 처 음엔 진짜인가 했는데, 곰곰이 생각하니 말이  더라고.저 그늬 그런  전화 오면 당지 말고 끊는 게 맞는  같아아 맞아, 범죄 같은 말 네서 겁면 다 조심해야지 사관이니 조사니 하면서 개어인 정보 묻는 건 이하잖아. 웅, 다옴 펀호부 확인하려네고. 연루됐다는 말에 괜히 심장 뛰었어.",0,B
asr_normal_aug_0694,"야, 방금 이상 전 끊었는데 너무 황당하. 어그떤 사람이 기요를 수사콴이라구 하더늬  네가 범죄 관련 조사 대상일 수 있다서 계속 더라. 아 진짜요 그런 식으 말하면 가 안 놀겠어. 나도 순간 루된 건가음 싶았는, 말이 자꾸 이상해사 꾾었어. 잘했네. 수사관아이면 렇게 갑자기 개인한테 전저화서 조사다고 하지 않지. 맞지? 나도 그 생각 들더요라. 범죄, 조사, 연루 이 단 어만 계속 반복하니까 더 수상헸아. 그러니어까 음엔 버로 끊 고 확인부터 해야어. 응, 너도 번호 저장 안 된 잔화는 엎로 좀 더 초심하려고. 괜히 수관 사췽에 넘어면 골치 아프니까.",0,B
asr_normal_aug_0695,"그  다큐 봤? 풀법 대푸통장 게설하는 야기 나오던데, 생각보다 과정이 되요게 교묘하 더그라 너는 보면서 켸속 왜 저렇케까지 하나 싶었. 어, 개음설 자체도 몬제지 결국피그해자 생기잖어. 맞아 아 그 큐에서 피요해자들저 표정이 계속 생각나다라. 불법으 로 대포통장 먼돌아서 돈이 오가면 나중에 책임도 엉뚱한 데루 갈 수있다니까 무섭지. 그러니까 아무리 적은 부탁이라도 통장 빌려주면 언 된대. 나도 이제는 절대 안 할 거야. 피해자 입에서 한순간에 골치 아파지 거잖아. 응, 다규카 촘 길긴어 는데 켱각심은 확실히 들더라어",0,B
asr_normal_aug_0696,"어네제 그 더큐 봤는, 불법 포장음 개설이 얼그마나 문제인 좀 실감했어. 처음엔 그냥 뉴스식 이야기인 줄 알 았논어데, 피자들저이 겪 일이 꽤 크더라. 아, 개설만그 도와줘도 공범네처럼 보일 수 윘다던데 무 무섭지.나 그 부분이 제일 찜찜햇어 불법이라고어면서도 돈 조금 존다고 꼬드 기는 장면 나오는데,저 솔직희 흔들릴 사람도음 있겠더 싶더라 그래 결 피해자  건 차기 자신이더러.저 그러니까 그런 체 안 오면 파로 끊어야 해. 응,  대포퉁요장이라는 말 자체가 되게 잌숙해진 게 더 문 같아.너도 다큐 포고 나서 계좌 관리  좀 더 신경 써야겠다고 느꼈그",0,B
asr_normal_aug_0697,"서올서 포의소피싱 일 검거됐다눈 기사네 봤어? 남성 여러 명이 한꺼번에 붙잡혔다고어 나오 더라. 어, 사진 보니까 생각보다 평범해 보여서  놀랐어. 나도 그 키사 보고 점껀 멈췄어. 서어울 한복판 에서 그런 당이 있었니, 발견됐다는 만으로도 다행이더라. 맞아, 검됐다 는 소식이니까 피해자아 입장에서는 좀 숨통이 트였지. 그런 이런 건 또 다른 곳에서 길 수 있니네까 켸속 조심해야 헐 것그 같아. 남성 몇 명이 조직으로 움직였다고 해서 더 섬뜩하라.  그러니 기사 공유해 둔 거야, 들 심하라고. 응, 서울이라고 해 안전한것토 아니구나 싶었어. 발견퇴고 검거요된 간 잘 일이지요",0,B
asr_normal_aug_0698,"야저 방금요 서울 기사 단톡에올렸데 봤? 보이저스피싱 일당 성들이 검거됐대음 나는 사진 보고 저음 뭐지 했는데저 기사 읽어 보니까 꽤 큰  사위었더저 어, 견된 소도 서울이라서 더 쉬꼬러운가 퐈. 맞아저 서이라 사람도 많고 해서 숨기저기 쉬웠을네 텐데 결국 검거됐네. 남들 여랏이 같 움직인 것 던, 진짜 조직이더. 러니까 이키사 저주어 봐야 나 봐. 안 그러면 또 비한 수밥에 당할  있. 응 발견됐더고 끝이 어니 라 이 은  켸 경계야지. 나도 단톡방에 콩유하면서 다들 한 번씩 읽어 보라 했어.",0,B
asr_normal_aug_0699,"오늘 회사 보안 교윸 너무 길  않았어? 나는 녹취허라는  얘귀만 몇 번 들은 지 모르겠더. 어, 진술 남길 때는 녹취가 중네요허그다고 하 했논데, 너무 딱아딱했아. 맞, 근데 정보 호 얘기는 확실히 필요하 어. 러니까 개인 정보매모 아무 데나 척지 구, 파 일도 험부로 보내지 라고 하더아라. 나그건 좀 쌔겨들었어.그아런 데 앞수 같 말까지 나오니까 괜히 분위기 무거워지더. 재 상 황도 아닌데 듣더 보니 등골이 좀 서늘어. 응어 그래도 녹취가 있아으면 진 술 확인하는 데 도움이 된다니 까 위해는 갔어 정보 관음리가음 생각보다 중요하더러코.",0,B
asr_normal_aug_0700,"어,오그 보안 쿄육 때에 머리 아아프다. 눅취하라, 진술 남기라, 정보 조심하라, 같 말만계 들 느요낌이야. 나네도 차음엔 그냥 형적인 줄 얼았는데음 막상 들어 보어니  다 이 유가 있더라. 맞아그 특히 압수 같은 상황은 현실서는 잘 없더도, 자료음 리가 얼마나중요한지 보여 주는그 거 같았. 응네 나도 그 부분이 인상적이었어 녹취그가 로 안 되면 나중에 진술이 엇칼릴 수 있다라. 그 러니까 업무 메신저애  정보 막 올리면그 안 되겠지. 맞, 괜히 사소 걸로 문제 생기면 피곤허니까 오늘 교육 으면서 너도 파 청리부터 헤야겠다 싶었어.",0,B
