id,script,label,track,scenario_idx,loop_idx
normal_aug_0001,"음, 제가 이번에 대출 심사가 승인됐다고 문자가 왔는데요. 자금은 다음 달부터 들어올 예정이고, 상환은 어떻게 시작해야 하는지 좀 알고 싶어서요. 이율도 같이 확인 가능할까요? 네, 확인 도와드리겠습니다. 우선 대출 승인 결과는 정상적으로 확인됐고요, 상환은 약정한 날짜에 자동이체로 진행하실 수도 있고, 고객님이 원하시면 수동 납부 방식도 안내드릴 수 있습니다. 이율은 고정금리인지 변동금리인지에 따라 조금 달라지는데, 현재 승인된 상품은 연 이율이 몇 퍼센트로 적용됩니다. 아, 그러면 매달 같은 금액으로 상환되는 건가요? 네, 원리금 균등 상환으로 선택하셨기 때문에 매달 상환 금액이 크게 달라지지는 않습니다. 자금 사정에 따라 중도 상환도 가능한지 궁금한데요. 가능합니다. 다만 중도 상환 시점에 따라 수수료가 있을 수 있어서, 상환 예정일을 기준으로 다시 한 번 확인해 드리는 게 좋습니다. 음, 그럼 대출 승인된 뒤에 바로 상환 계획을 세우면 되겠네요. 네, 맞습니다. 대출 승인 이후 첫 출금일과 상환일만 잘 맞춰 두시면 되고, 이율과 상환 방식은 문자로도 다시 정리해서 보내드리겠습니다.",0,A,1,0
normal_aug_0002,"대출 승인 안내를 받았는데요, 자금이 들어오는 날짜랑 상환 시작일이 헷갈려서요. 그리고 이율도 다시 한번 설명해 주실 수 있나요? 네, 바로 확인해 보겠습니다. 고객님 대출은 정상 승인되셨고, 자금은 약정일 기준으로 입금 예정입니다. 상환은 첫 회차부터 정해진 날짜에 진행되며, 이율은 고객님 선택 상품 기준으로 적용됩니다. 아, 그러니까 승인된 뒤에 바로 상환이 시작되는 건 아니고 일정이 따로 있는 거군요. 네, 그렇습니다. 보통 자금이 지급된 이후 다음 상환일이 도래하면 그때부터 납부가 진행됩니다. 상환 방법은 자동이체와 계좌이체 중에서 선택 가능하고, 이율은 변동 여부에 따라 매달 달라질 수 있습니다. 음, 제가 원금이 좀 줄면 상환 금액도 같이 달라지는 줄 알았는데, 그건 아닌가요? 원리금 방식이면 전체 상환 구조가 정해져 있어서 매달 납부액이 크게 바뀌지 않습니다. 다만 추가 상환을 하시면 남은 자금에 대한 이율 부담은 줄어들 수 있습니다. 네, 이해됐습니다. 대출 승인 내용이랑 상환 일정, 이율까지 한 번 더 문자로 받아보고 싶네요. 보내드리겠습니다. 자금 입금 예정일과 상환 스케줄도 함께 정리해 드릴게요.",0,A,2,0
normal_aug_0003,"고객님, 이번 건은 전산 확인 중이라 납부 처리가 조금 지연되고 있습니다. 접수는 정상적으로 되어 있는데, 전산 쪽 오류가 잠깐 있어서 금액 반영이 늦어지고 있어요. 아, 납부는 이미 했는데 아직 처리 안 된 건가요? 네, 맞습니다. 접수는 되었고 납부 내역도 확인되는데, 전산에서 금액이 아직 최종 반영되지 않은 상태입니다. 그러니까 제가 다시 결제해야 하는 건 아니고요? 아니요, 재납부는 하실 필요 없습니다. 전산 복구가 되면 금액이 자동으로 정리됩니다. 혹시 접수 번호랑 납부 시각만 알려주실 수 있을까요? 네, 접수 번호는 말씀드릴 수 있고요, 납부는 오전에 진행했습니다. 확인해 보겠습니다. 음, 이 전산 오류가 오래 걸리진 않겠죠? 현재로서는 순차 처리 중이라 오늘 안으로 정리될 가능성이 높습니다. 금액이 중복 청구되거나 빠지는 일은 없도록 내부에서 계속 확인하고 있습니다. 아, 그럼 접수만 다시 해두면 되는 건가요? 아닙니다. 이미 접수된 건 유지되니 별도 재접수는 필요 없고요, 납부 금액 반영만 기다려 주시면 됩니다. 안내가 완료되면 문자로도 알려드리겠습니다.",0,A,3,0
normal_aug_0004,"전산 문제 때문에 납부가 지연되고 있다고 들었는데요, 제가 뭘 다시 해야 하는지 모르겠어서 전화드렸어요. 접수는 된 건가요? 네, 고객님 접수는 정상적으로 되어 있습니다. 다만 전산 오류로 인해 납부 금액이 아직 최종 처리되지 않았습니다. 아, 그러면 제가 납부한 내역 자체는 사라진 건 아니죠? 네, 사라지지 않습니다. 전산 복구 후 금액이 다시 매칭되면서 납부 완료로 전환됩니다. 혹시 금액이 제대로 들어갔는지 확인하려면 시간이 좀 걸리겠네요. 맞습니다. 현재 전산 점검 중이라 처리 순서에 따라 반영되고 있습니다. 급하게 추가 납부하실 필요는 없고요. 음, 제가 오늘 안에 처리 여부를 꼭 알아야 하는데, 그건 가능할까요? 최대한 확인해 드리겠습니다. 접수 기록과 납부 금액을 재점검해서 진행 상태를 다시 안내드릴게요. 네, 부탁드립니다. 전산만 정상화되면 바로 문자로 알려주신다고 했죠? 네, 맞습니다. 납부 처리와 금액 반영 결과를 확인되는 대로 안내드리겠습니다.",0,A,4,0
normal_aug_0005,"비대면 계좌 개설을 하려고 하는데요, 명의 확인이랑 개인 정보 입력 절차가 어떻게 되는지 알고 싶습니다. 네, 설명드리겠습니다. 비대면 개설은 먼저 고객님 명의 확인이 필요하고, 그다음 개인 정보와 본인 인증 절차를 거치게 됩니다. 아, 명의 확인은 어떤 방식으로 하나요? 신분증 촬영과 휴대폰 인증으로 진행됩니다. 개설 신청 화면에서 정보 입력을 하신 뒤, 명의가 본인과 일치하는지 확인하고 계좌 개설을 이어갑니다. 음, 개인 정보는 어디까지 넣어야 하나요? 이름, 생년월일, 연락처 같은 기본 정보와 주소 정보가 필요합니다. 추가로 계좌 개설 목적을 선택하셔야 하고요. 그러면 제가 입력한 정보가 맞는지 중간에 다시 확인할 수 있나요? 네, 확인 단계가 한 번 더 있습니다. 잘못 들어간 정보가 있으면 수정 가능하고, 명의 불일치가 있으면 개설이 중단될 수 있습니다. 아, 절차가 꽤 꼼꼼하네요. 네, 비대면 개설이라 개인 정보 보호와 명의 확인을 더 엄격하게 보고 있습니다. 안내받은 순서대로만 진행하시면 어렵지 않게 개설하실 수 있습니다.",0,A,5,0
normal_aug_0006,"제가 비대면으로 계좌 개설하려고 하는데, 명의 확인이랑 개인 정보 절차가 좀 복잡해 보여서요. 정확히 뭐부터 해야 하나요? 네, 먼저 개설 신청을 시작하신 뒤 고객님 명의가 맞는지 확인하는 단계가 있습니다. 그다음 개인 정보 입력과 본인 인증을 진행합니다. 아, 그러니까 이름이랑 생년월일만 넣는 게 아니라 더 필요한 정보가 있군요. 맞습니다. 연락처, 주소, 직업 정보 같은 기본 항목이 있고, 개설 목적도 선택해야 합니다. 음, 개인 정보 입력하다가 중간에 틀리면 어떻게 되나요? 수정하실 수 있습니다. 다만 명의 정보가 신분증과 다르면 개설이 진행되지 않습니다. 아, 명의 확인이 제일 중요하겠네요. 네, 맞습니다. 비대면 개설은 명의 일치가 우선이라서요. 정보 확인이 끝나면 계좌 개설이 승인되고, 이후 이용 안내가 이어집니다. 혹시 가족 명의로 대신 개설은 안 되는 거죠? 네, 본인 명의로만 가능합니다. 개인 정보 보호 때문에도 반드시 본인 확인 후 개설하셔야 합니다. 설명 감사합니다. 순서대로 따라가 보겠습니다.",0,A,6,0
normal_aug_0007,"고객님 카드 이용 한도와 해외 거래 가능 여부를 확인해 드리겠습니다. 현재 카드 한도는 기본 한도 내에서 이용 가능하시고, 해외 거래는 별도 설정 여부에 따라 가능할 수도 있습니다. 아, 해외에서 결제가 되는지 먼저 보고 싶었어요. 네, 국제 브랜드 이용 여부가 열려 있으면 해외 거래가 가능하고, 카드 상태에 따라 제한이 있을 수 있습니다. 카드 한도는 남아 있는지 바로 확인되나요? 네, 잔여 한도와 이번 달 이용 금액을 바로 조회해 드릴 수 있습니다. 음, 제가 여행을 가는데 현지에서 카드가 안 되면 곤란하거든요. 그래서 해외 거래 가능 설정이 되어 있는지 확인하는 게 중요합니다. 필요하시면 해외 이용을 임시로 열어두는 방법도 안내해 드릴 수 있습니다. 아, 그럼 해외 거래 한도도 따로 있는 건가요? 네, 국내 한도와 별개로 해외 거래 한도가 적용될 수 있습니다. 이용 예정 금액에 맞게 조정 가능한지 같이 봐드리겠습니다. 그러면 카드 한도와 해외 거래 가능 여부 둘 다 확인 부탁드려요. 네, 바로 확인 후 안내드리겠습니다. 이용 가능한 범위와 제한 사항을 정리해서 말씀드릴게요.",0,A,7,0
normal_aug_0008,"카드 한도랑 해외 거래 가능 여부를 알고 싶은데요, 제가 카드 이용을 좀 많이 하는 편이라 한도가 걱정돼서요. 확인 가능할까요? 네, 가능합니다. 현재 카드 이용 한도와 이번 달 사용 금액을 먼저 조회해 보겠습니다. 해외 거래 가능 여부도 같이 보실 건가요? 네, 여행 준비 중이라 해외 거래가 되는지가 중요합니다. 아, 카드가 해외에서 막히면 정말 불편하겠더라고요. 맞습니다. 그래서 출국 전에는 해외 거래 가능 설정을 확인하시는 게 좋습니다. 고객님 카드가 해외 이용 가능 상태인지, 그리고 별도 제한이 있는지 확인해 드릴게요. 음, 한도가 부족하면 임시로 올릴 수 있나요? 조건에 따라 가능할 수 있습니다. 다만 카드 이용 패턴과 최근 거래 내역에 따라 달라집니다. 해외 거래는 한도와 별개로 결제 승인 방식이 적용될 수 있어서, 가능 여부를 꼭 체크해야 합니다. 네, 그럼 카드 이용 한도부터 봐주시고요, 해외 거래 가능하면 설정도 같이 알려주세요. 네, 바로 확인해서 안내드리겠습니다. 필요하시면 안전하게 이용하실 수 있도록 주의사항도 함께 설명드릴게요.",0,A,8,0
normal_aug_0009,"대출 입금 요청이 접수되었는데요, 본인 확인 통화가 필요하다고 해서 연락드렸습니다. 어떤 절차로 진행되나요? 네, 고객님. 대출 입금 요청은 접수되어 있습니다. 다만 입금 전 본인 확인 통화가 한 번 더 필요해서 안내드리는 겁니다. 아, 그럼 제가 지금 통화로 확인받으면 되는 건가요? 네, 맞습니다. 본인 확인이 완료되면 대출 입금 절차를 이어서 진행할 수 있습니다. 요청하신 금액과 입금 계좌 정보도 함께 확인해야 합니다. 음, 요청한 금액은 이미 접수된 걸로 알고 있는데, 다시 말씀드려야 하나요? 네, 정확한 입금을 위해 한 번 더 확인합니다. 금액과 계좌 정보가 일치해야 입금 처리가 가능합니다. 그러면 통화 끝나고 바로 입금되나요? 본인 확인이 끝나면 순차적으로 처리됩니다. 다만 내부 확인 단계가 있어서 약간의 시간이 걸릴 수 있습니다. 아, 알겠습니다. 대출 입금 요청은 유지되는 거죠? 네, 유지됩니다. 본인 확인 통화만 완료되면 입금 진행 안내를 드리겠습니다.",0,A,9,0
normal_aug_0010,"대출 입금 요청 건 때문에 연락드렸는데, 본인 확인 통화가 필요하다고 해서요. 제가 지금 바로 확인받을 수 있을까요? 네, 가능합니다. 먼저 요청하신 대출 입금 정보와 본인 여부를 확인해야 합니다. 아, 그러면 제가 이름이랑 생년월일부터 말씀드리면 되나요? 네, 우선 기본 본인 확인부터 진행하겠습니다. 대출 입금 요청은 이미 접수되어 있어서, 통화로 본인 확인만 마치면 다음 단계로 넘어갑니다. 음, 입금은 언제쯤 되는지 알 수 있나요? 본인 확인이 완료되면 가능한 빠르게 처리됩니다. 다만 요청 금액이 맞는지, 계좌 상태가 정상인지까지 보고 입금이 진행됩니다. 아, 그럼 제가 지금 확인 안 하면 입금도 잠시 멈추는 거네요. 네, 본인 확인 통화가 완료되어야 입금 절차를 이어갈 수 있습니다. 요청 자체는 유지되니 걱정하지 않으셔도 됩니다. 알겠습니다. 통화로 확인 절차 진행 부탁드려요. 네, 바로 본인 확인부터 도와드리겠습니다.",0,A,10,0
normal_aug_0011,"아침 뉴스 봤는데, 진짜 좀 소름 돋더라. 어떤 사람이 명의를 도용해서 대출까지 받아 갔다고 나오는데, 그게 남 일 같지가 않더라. 나는 음, 카드 비밀번호도 자꾸 바꾸고, 문자 오는 거 바로바로 확인해야겠다고 생각했어. 요즘은 이름만 알아도 뭘 할 수 있는 것처럼 보여서 더 무섭더라. 그 사건이 수사 들어갔다고 하던데, 빨리 잡혀야지. 명의 도용은 한 번 당하면 되돌리기 너무 힘들잖아. 너도 혹시 서류나 신분증 사진 함부로 보내지 마. 작은 사건 같아 보여도 피해는 크게 남는 것 같아.",0,B,1,1
normal_aug_0012,"나 아까 뉴스 보다가 진짜 깜짝 놀랐어. 누가 남의 명의로 통장 만들고 계약까지 했대. 아니, 그런 도용은 어떻게 생각을 하는 거야? 수사가 진행 중이라는데, 피해자분은 지금 얼마나 당황스럽겠어. 나도 예전엔 그냥 조심하면 되겠지 했는데, 오늘 보니까 아예 습관처럼 확인해야겠더라. 공공장소에서 서류 놓고 오거나, 사진 찍어서 여기저기 보내는 것도 조심해야 하고. 그 사건 때문에 다시 한 번 느꼈어. 명의는 한 번 도용되면 진짜 골치 아파. 너도 혹시 가족들한테도 조심하라고 좀 얘기해 줘.",0,B,2,1
normal_aug_0013,"아까 모르는 번호로 전화 왔는데, 수사관이라면서 내 이름이 어쩌고 하더라. 음, 처음엔 그냥 이상한 광고인가 했는데 말투가 너무 그럴듯해서 순간 멈칫했어. 근데 계속 범죄 연루됐을 수도 있다고 겁주길래 바로 끊었지. 진짜 황당하더라. 내가 뭘 한 것도 아닌데 왜 그런 식으로 조사 얘기를 하는지 모르겠어. 요즘은 수사관 사칭이 많다더니 딱 그거였나 봐. 너도 그런 전화 오면 절대 바로 믿지 마. 이름이나 번호 알려주지 말고, 공식 번호로 다시 확인해야겠더라.",0,B,3,1
normal_aug_0014,"방금 끊은 전화 때문에 아직도 기분이 이상해. 어떤 사람이 자기 수사관이라고 하면서 내 계좌가 범죄에 연루됐으니 조사해야 한다고 하더라. 그래서 내가 어, 뭔 소리냐고 했더니 자꾸 급하게 말하면서 개인정보를 묻는 거야. 이건 뭔가 수상하다 싶어서 바로 끊었어. 생각해 보니까 목소리부터 너무 급하고, 조사한다는 말만 반복하더라. 진짜 수사관이면 그런 식으로 전화 안 하겠지. 괜히 겁주면서 사람 흔드는 거였어. 너도 모르는 번호로 그런 말 들으면 절대 따라가지 마. 요즘은 사칭이 너무 자연스러워서 더 조심해야겠어.",0,B,4,1
normal_aug_0015,"어제 그 다큐 봤는데, 불법 대포통장 개설이 생각보다 너무 쉽게 이뤄지더라. 음, 그냥 용돈 준다면서 사람들 꼬드기고, 제대로 확인도 안 된 채로 통장을 넘기게 만드는 장면이 나왔잖아. 피해자들은 나중에야 자기 이름으로 뭐가 되어 있었는지 알고 멍해지고. 그 피해자들 얘기 듣는데 마음이 좀 무거웠어. 불법인 걸 알면서도 순간 넘어가는 사람도 있고, 아무것도 모르고 당하는 사람도 있고. 대포통장 개설이 왜 그렇게 큰 문제인지 이제 확실히 알겠더라. 나도 앞으로는 이런 제안 오면 무조건 거절할 거야.",0,B,5,1
normal_aug_0016,"나도 그 다큐 봤어. 처음엔 그냥 통장 하나 빌려주는 정도인 줄 알았는데, 불법 대포통장 개설이 결국 피해자한테 다 돌아가더라. 특히 피해자들 인터뷰가 좀 안타까웠어. 본인은 아무 잘못 없다고 생각했는데, 나중에 갑자기 연락 오고 조사받고, 일상 다 흔들리고. 대포라는 말이 괜히 붙는 게 아니더라. 개설 과정도 너무 허술하게 보였고, 그걸 이용하는 사람들이 정말 문제였어. 그런 내용 보니까, 작은 부탁이라도 쉽게 넘기면 안 되겠다고 느꼈어. 나중에 또 이런 다큐 있으면 같이 보자.",0,B,6,1
normal_aug_0017,"서울에서 대규모 보이스피싱 일당이 검거됐다는 기사 봤어? 단톡방에 누가 올렸길래 바로 읽었는데, 진짜 규모가 크더라. 남성 여러 명이 한꺼번에 검거됐다고 해서 더 놀랐어. 서울 한복판에서 그런 일이 계속 발견된다는 게 좀 무섭기도 하고. 그래도 빨리 잡혀서 다행이긴 해. 기사 보니까 피해도 컸다던데, 이런 일은 자꾸 발견되기 전에 막아야 하는데 쉽지 않네. 너도 기사 봤으면 주변에 조심하라고 좀 말해 줘. 이름만 들어도 헷갈리게 말하는 경우 많다더라.",0,B,7,1
normal_aug_0018,"단톡방에 서울에서 보이스피싱 일당 남성들이 검거됐다는 기사 올라왔길래 나도 바로 읽어봤어. 음, 생각보다 조직이 커서 좀 놀랐어. 이번엔 발견도 빨랐고 검거도 됐다고 하니까 그나마 다행이긴 한데, 이런 기사 볼 때마다 왜 이렇게 비슷한 수법이 계속 나오는지 모르겠더라. 서울에서만 이런 일이 있는 것도 아니고, 어디서든 벌어질 수 있으니까 더 조심해야겠지. 남성 여러 명이 한꺼번에 잡혔다고 해서 끝나는 게 아니라, 연결된 다른 사람들도 더 발견되면 좋겠어. 이런 건 남 얘기 같아도 금방 내 주변 일이 될 수 있으니까.",0,B,8,1
normal_aug_0019,"회사 보안 교육 들었는데, 녹취를 왜 그렇게 꼼꼼히 해야 하는지 좀 알겠더라. 근데 막상 들으니까 진술 하나하나가 다 기록에 남는다고 해서 괜히 말도 조심하게 되고 피곤했어. 거기다 개인정보는 무조건 최소한으로 다뤄야 한다고 계속 강조하니까, 평소에 하던 습관이 다 잘못된 것처럼 느껴졌어. 어떤 자료는 압수 대비까지 생각해서 보관 기준을 맞춰야 한다고 하더라. 음, 교육 내용 자체는 맞는 말인데 너무 빡빡해서 숨 막히는 느낌이었어. 그래도 정보 관리가 그만큼 중요하다는 건 알겠더라.",0,B,9,1
normal_aug_0020,"아 진짜 오늘 교육은 너무 길었어. 녹취는 정확하게 해야 하고, 진술은 확인해 가면서 적어야 하고, 개인정보는 함부로 공유하면 안 된다고 계속 듣는데, 머리로는 아는데도 피곤하더라. 심지어 어떤 상황은 압수까지 이어질 수 있으니 자료 정리도 철저히 하라고 해서 더 긴장됐어. 정보 하나 잘못 다루면 일이 커진다니까 괜히 손이 조심스러워지더라. 나중에 메모 정리하다가도 이게 맞나 싶고, 저게 맞나 싶고... 그래도 오늘 배운 거 덕분에 괜히 실수 줄일 수는 있을 것 같아. 너도 교육 들었으면 비슷하게 느꼈을걸.",0,B,10,1
normal_aug_0021,"저, 대출 심사 승인됐다는 연락을 받았는데요. 그다음 상환은 어떻게 하면 되는지 궁금해서요. 금액이랑 이율도 같이 다시 듣고 싶습니다.",0,A,1,2
normal_aug_0022,"네, 확인 도와드리겠습니다. 우선 대출 승인 내역부터 조회하겠습니다. 본인 확인을 위해 성함과 생년월일, 그리고 등록된 연락처를 말씀해 주시겠습니까? ... 확인되었습니다. 이번 대출은 자금 용도에 맞춰 승인된 건으로, 상환은 매월 같은 날짜에 자동이체로 진행하실 수 있고, 원하시면 직접 납부하시는 방법도 있습니다. 이율은 적용 구간에 따라 안내드린 수준으로 유지되고, 중도상환도 가능하십니다. 고객님께서 자금 운용을 조금 유연하게 하시려면 상환일 변경이나 분할 상환 관련 상담도 가능하신데요.",0,A,2,2
normal_aug_0023,"아, 대출 승인까지는 됐는데 상환 방식이 헷갈려서요. 이율이랑 자금 쓰는 기준, 그리고 상환 시작일을 다시 설명해 주실 수 있나요?",0,A,3,2
normal_aug_0024,"네, 말씀 주신 부분 확인해 보겠습니다. 대출 승인 완료로 보여서요. 상환은 대출 실행 다음 달부터 시작되며, 이율은 약정서에 적힌 조건대로 적용됩니다. 자금 입금 후 별도 납부 계좌로 상환하시는 방법도 있고, 자동이체로 묶어 두실 수도 있습니다. 다만 상환일 전후로는 금액 변동이 생기지 않도록 한 번 더 안내드리는 편입니다. 필요하시면 대출 잔액 기준으로 예상 상환 금액도 바로 말씀드릴게요.",0,A,4,2
normal_aug_0025,"지금 은행 전산 쪽에 오류가 있어서 오늘 납부 처리가 안 된다고 연락받았는데요. 제가 접수한 건 맞는지, 금액은 어떻게 되는지 알고 싶어요.",0,A,5,2
normal_aug_0026,"불편을 드려 죄송합니다. 현재 전산 점검 중이라 일부 납부 접수가 지연되고 있습니다. 우선 고객님 접수 내역부터 확인해 보겠습니다. 본인 확인을 위해 성함과 등록 정보 확인 부탁드리겠습니다. ... 네, 접수는 정상적으로 들어와 있는데 전산 반영이 늦어지고 있습니다. 납부 금액 자체는 변동이 없고, 시스템 복구되는 대로 순차 처리될 예정입니다. 오늘 안에 반영이 어려울 경우 문자로 다시 안내드리겠습니다.",0,A,6,2
normal_aug_0027,"저기요, 납부하려고 했는데 전산 오류라서 처리가 멈췄다네요. 접수는 됐다고 하던데, 그럼 금액은 그대로 유지되는 거죠?",0,A,7,2
normal_aug_0028,"예, 고객님. 지금 전산 장애로 납부 접수만 먼저 잡혀 있고 실제 승인 처리가 늦어지는 상황입니다. 접수된 금액은 그대로 유지되고, 중복 납부가 되지 않도록 확인 중입니다. 혹시 자동이체 건이면 다음 회차에 반영될 수 있고, 직접 납부하신 건이면 처리 완료까지 시간이 조금 더 걸릴 수 있습니다. 불편하시겠지만 전산 복구 즉시 다시 안내드리겠습니다.",0,A,8,2
normal_aug_0029,"비대면으로 계좌 개설하려고 하는데요, 명의 확인이랑 개인 정보는 어떤 걸 준비해야 하나요? 개설 과정이 좀 복잡한지 궁금합니다.",0,A,9,2
normal_aug_0030,"네, 비대면 계좌 개설 절차 안내드리겠습니다. 먼저 본인 명의가 맞는지 확인이 필요하고, 휴대폰으로 개설 인증을 진행하셔야 합니다. 개인 정보는 이름, 생년월일, 주소 같은 기본 정보와 신분 확인용 정보가 필요합니다. 개설 중에는 명의 불일치가 있으면 진행이 멈출 수 있어서, 입력하시는 정보가 모두 개인 서류와 같아야 합니다. 필요하시면 단계별로 하나씩 같이 보시죠.",0,A,10,2
normal_aug_0031,"아침 뉴스 봤는데, 진짜 좀 소름 돋더라. 어떤 사람이 명의 도용 당해서 대출까지 걸려 있었대. 사건이 생각보다 커서 수사도 길어질 것 같다고 하던데, 이름이랑 주소 같은 정보는 정말 함부로 주면 안 되겠더라. 내가 그 얘기 듣고 바로 엄마한테도 말했어, 요즘은 문자로 오는 링크도 조심하라고. 명의가 한 번 도용되면 나중에 정리하는 게 너무 번거롭대. 그러니까 통장이나 신분증 사진 같은 거, 진짜 아무 데나 보내면 안 돼. 나도 이제부터는 택배 온다고 해도 이상한 부탁 있으면 다 확인하려고.",0,B,1,3
normal_aug_0032,"어, 나도 그 뉴스 봤어. 사건이 꽤 심각하더라. 그냥 장난처럼 생각했는데 명의 도용이 그렇게 쉽게 되는 줄 몰랐어. 수사 들어가면 피해자만 더 힘들어진다던데, 정말 조심해야겠어. 나 아까 가족 단톡에도 보냈잖아, 주민번호나 계좌 같은 건 절대 알려주지 말라고. 특히 요즘은 문자로 본인 확인한다면서 이것저것 묻는 경우 많다더라. 명의 도용은 한 번 당하면 수습이 오래 걸리니까 미리 막는 게 제일이래. 나도 이제부터는 모르는 연락 오면 무조건 끊고 다시 확인하려고.",0,B,2,3
normal_aug_0033,"아까 모르는 번호가 와서 받았더니, 자기가 수사관이라고 하면서 내가 뭔가 범죄에 연루됐는지 조사해야 한다는 거야. 말투는 괜히 그럴듯했는데, 듣다 보니까 이상해서 바로 끊었어. 수사관이니 조사니 하면서 이름이랑 주소 확인하자고 하는데, 좀 황당하더라. 내가 무슨 범죄에 연루됐냐고 물었더니 또 얼버무리고... 완전 이상했어. 너도 그런 전화 오면 절대 따라가지 마. 진짜로 조사 필요하면 전화로 저렇게 재촉 안 하겠지. 괜히 겁주면서 정보 빼내려는 거 같았어.",0,B,3,3
normal_aug_0034,"나도 그런 전화 받아본 적 있는데, 듣자마자 좀 싸했어. 수사관이라고 하면서 조사 얘기 꺼내고, 내가 어떤 범죄에 연루됐는지 확인해야 한다고 그러더라. 그런데 막상 물어보면 대답이 뚝뚝 끊기고, 말도 이상했어. 그래서 바로 끊었지. 이런 건 수사관이 맞는지부터 확인해야지, 전화만 믿으면 안 되겠더라. 괜히 범죄 연루됐다고 겁주면서 개인정보 요구하는 거잖아. 나중에 생각하니까 더 웃기지도 않더라. 앞으로는 조사니 뭐니 하면 일단 끊고, 공식 번호로 다시 확인하는 게 맞는 것 같아.",0,B,4,3
normal_aug_0035,"어제 본 다큐멘터리 얘기해도 돼? 불법 대포통장 개설 얘기였는데, 생각보다 너무 복잡하더라. 그냥 돈 좀 벌려고 시작했다가 피해자가 엄청 많이 생기잖아. 특히 계좌 명의 빌려준 사람도 결국 피해자처럼 보이는데, 사실은 불법 개설에 엮인 거라 더 무섭고. 다큐 보면서 느낀 게, 작은 부탁도 함부로 받으면 안 된다는 거였어. 대포통장 개설이 그렇게 위험한 줄 몰랐는데, 진짜 한 번 엮이면 빠져나오기 힘들 것 같더라.",0,B,5,3
normal_aug_0036,"나도 그 다큐 봤어. 불법이라는 말이 계속 나오는데, 왜 다들 처음엔 별일 아닌 것처럼 시작하는지 모르겠더라. 대포 통장 개설이 결국 엄청 큰 피해로 이어지잖아. 피해자들은 돈도 잃고, 자기 이름으로 뭔가 생겨버리니까 더 힘들고. 다큐에서 인터뷰한 사람도 처음엔 친구 부탁인 줄 알았는데 나중에 불법인 걸 알았다고 하더라. 그런 개설은 그냥 시작부터 하면 안 되는 거지. 나도 보고 나서 계좌 이야기 나오는 건 더 조심해야겠다고 생각했어. 진짜 피해자만 남는 구조 같아서 좀 씁쓸했어.",0,B,6,3
normal_aug_0037,"야, 서울에서 대규모 보이스피싱 일당 남성들 검거됐다는 기사 봤어? 단톡방에 누가 올렸길래 바로 읽어봤는데, 발견된 장소도 생각보다 의외더라. 서울 한복판에서 그런 일당이 움직였다는 게 좀 무섭지 않냐. 남성 몇 명이 동시에 검거됐다고 하던데, 기사 내용이 꽤 자세했어. 이런 거 보면 우리가 평소에 전화나 문자 더 조심해야겠어. 나도 기사 보자마자 가족한테 보냈다, 이상한 연락 오면 절대 응하지 말라고.",0,B,7,3
normal_aug_0038,"응, 나도 봤어. 서울에서 검거됐다는 거 보고 잠깐 안심하긴 했는데, 동시에 아직도 이런 일이 많구나 싶더라. 남성들 일당이 발견됐다고 하던데, 규모가 꽤 컸나 봐. 단톡방에서도 다들 놀라서 난리였어. 이런 기사는 자주 봐도 또 새삼 무섭더라. 서울이라고 해서 안전한 게 아니라는 느낌? 검거 소식은 반갑긴 한데, 그 전에 이미 피해 본 사람들은 어쩌나 싶고. 나도 기사 공유하면서 주변에 조심하라고 다시 말했어.",0,B,8,3
normal_aug_0039,"어제 회사 보안 교육에서 녹취 얘기 나오는데, 괜히 머리만 아프더라. 뭐만 있으면 녹취해 두라, 진술은 정확히 남겨라, 이러는데 실제로 그 상황 오면 쉽냐고... 그리고 정보 보호는 무조건 기본이라면서, 압수 같은 단어도 예시로 나오니까 더 부담됐어. 사실 교육 듣고 나니 내가 평소에 회사 메신저로 너무 편하게 말했나 싶기도 하고. 정보 하나 잘못 다루면 문제 커진다는데, 알긴 알겠는데 너무 자주 강조하니까 피곤하더라.",0,B,9,3
normal_aug_0040,"나도 그 교육 들었어. 녹취가 왜 필요한지 이해는 가는데, 막상 할 일은 많고 신경 쓸 것도 많더라. 진술 정리도 정확해야 하고, 정보는 함부로 공유하면 안 되고, 압수 같은 상황까지 예시로 들으니까 괜히 긴장되더라. 솔직히 회사 일 하면서 그런 거까지 다 챙기려면 머리가 복잡해. 근데 또 안 지키면 문제 생기니까 어쩔 수 없지. 나도 교육 끝나고 나서 메일 제목이랑 첨부파일 하나 보낼 때도 괜히 다시 확인하게 됐어. 녹취든 정보든, 기본을 지키는 게 제일 중요하다고는 하더라.",0,B,10,3
normal_aug_0041,"네, 말씀하신 대출은 심사 승인까지 모두 완료된 상태로 확인됩니다. 지금부터는 상환 방법을 안내드리면 되겠네요. 원리금 균등 방식으로 하실지, 아니면 만기 일시 상환으로 하실지에 따라 매달 상환 금액이 달라집니다. 고객님 자금 사정에 맞춰서 선택하실 수 있고요, 현재 적용되는 이율은 연 5점8퍼센트로 확인됩니다. 음, 대출 승인 후 첫 상환일은 다음 달 같은 날짜로 잡히는데, 혹시 자동이체로 연결해 드릴까요? 아, 자동이체로 하면 편하긴 한데... 중간에 자금 여유가 생기면 일부 상환도 가능하죠? 네, 가능합니다. 중도 상환 수수료가 적용되는 기간이 있어서 그 부분만 먼저 확인해 드려야 합니다. 그러니까 지금은 대출 승인 내용, 상환 방식, 이율, 그리고 일부 상환 조건까지 같이 안내드리는 상황입니다. 네, 그럼 저는 원리금 균등으로 하고, 상환일은 문자로 한번 더 받아볼게요.",0,A,1,4
normal_aug_0042,"대출 승인 안내는 받으셨고, 이제 상환 일정과 이율을 다시 설명드리겠습니다. 이 대출은 매달 정해진 날짜에 상환하는 방식이라서, 자금 흐름만 잘 맞추시면 크게 어렵지 않으실 거예요. 현재 이율은 고정으로 적용되어 있고, 대출 승인 당시 계약서에 나온 조건과 동일합니다. 고객님께서 원하시면 상환 시작일을 한 번 더 확인해 드릴 수 있고, 여유 자금이 생길 때 추가 상환도 검토 가능합니다. 어, 제가 그때 들었을 때는 승인만 되면 바로 입금되는 줄 알았거든요. 입금 자체는 이미 완료됐고요, 지금 말씀드리는 건 상환 관련 안내입니다. 월 납입금은 대출 금액과 기간에 따라 달라지는데, 안내드린 이율 기준으로 계산된 금액이 매달 청구됩니다. 네, 그럼 제가 이해한 게 맞는지 보자면, 승인된 대출은 그대로 유지되고, 매달 상환만 잘하면 되는 거죠? 맞습니다. 필요하시면 상환 내역 조회 방법까지 이어서 도와드리겠습니다.",0,A,2,4
normal_aug_0043,"전산 쪽에서 확인해 보니 현재 접수는 정상적으로 되어 있는데, 납부 처리만 지연되고 있습니다. 시스템 전산 점검 영향으로 금액 반영이 조금 늦어지는 상황이라 고객님께 양해를 부탁드리고 있습니다. 네, 저도 접수 완료 문자는 받았는데 납부가 아직 안 끝난 것 같아서요. 맞습니다. 접수 자체는 되었고, 금액 반영 단계에서 전산 오류가 잠깐 발생했습니다. 다만 누락된 건 아니고요, 복구되는 대로 순차 처리될 예정입니다. 음, 그럼 제 납부 금액이 사라진 건 아닌 거죠? 아닙니다. 고객님 납부 금액은 보관되어 있고, 전산이 정상화되면 바로 반영됩니다. 지금은 접수 상태와 납부 대기 상태를 함께 확인 중입니다. 혹시 급하게 영수 확인이 필요하시면 임시 확인도 안내드릴 수 있습니다. 아, 그러면 조금 기다리면 되는 거네요. 네, 맞습니다. 전산 복구 후 납부 처리 완료 안내를 다시 드리겠습니다.",0,A,3,4
normal_aug_0044,"현재 전산 상태를 확인 중인데요, 고객님 건은 접수는 완료됐고 납부만 지연되는 것으로 보입니다. 금액 자체는 정상적으로 들어와 있는데, 전산 모듈 쪽에서 반영이 늦어지고 있어서 바로 처리가 안 되고 있습니다. 그러니까 고객님 잘못은 전혀 아니고, 시스템 문제 때문에 늦는 상황입니다. 네, 제가 납부했는데 계속 미처리로 떠서 좀 걱정됐거든요. 이해합니다. 접수 내역과 납부 금액은 모두 확인되며, 전산이 안정되면 자동으로 처리됩니다. 혹시 다시 한번 납부하실 필요는 없습니다. 어, 그럼 이중으로 낼 뻔했네요. 네, 맞습니다. 중복 납부는 안 하셔도 됩니다. 전산 복구 후에는 처리 완료 메시지로 안내드릴 예정입니다. 현재로서는 접수 유지, 납부 대기, 금액 보관 상태로 보시면 됩니다.",0,A,4,4
normal_aug_0045,"비대면 계좌 개설 절차는 명의 확인부터 진행됩니다. 먼저 개설하려는 계좌가 고객님 명의로 맞는지 확인해야 하고, 본인 확인이 되면 필요한 개인 정보를 순서대로 입력하시면 됩니다. 정보 입력은 이름, 생년월일, 휴대폰 번호, 그리고 신분증 확인까지 포함됩니다. 음, 제가 앱으로 개설하려고 하는데 중간에 자꾸 멈추더라고요. 그럴 경우에는 명의와 개인 정보가 일치하는지 다시 확인해 보셔야 합니다. 특히 개설 과정에서는 타인 명의로는 진행이 안 되고, 고객님 개인 명의로만 가능하다는 점이 중요합니다. 아, 그러니까 제 이름으로 된 휴대폰이랑 정보가 맞아야 한다는 거죠? 네, 맞습니다. 개설 전에 정보 확인을 마치면 다음 단계로 넘어가고, 계좌 사용 약관 동의까지 완료하시면 됩니다. 혹시 신분증 촬영이 잘 안 되면 다시 안내드릴게요.",0,A,5,4
normal_aug_0046,"비대면 계좌 개설은 고객님 명의 확인이 가장 먼저입니다. 지금 개설 신청은 들어와 있는데, 개인 정보와 명의 정보가 서로 일치하는지 확인이 필요합니다. 이름, 주민등록상 생년월일, 휴대폰 번호, 그리고 신분증 정보까지 맞아야 개설이 진행됩니다. 제가 좀 헷갈렸는데, 가족 이름으로 된 휴대폰을 써도 되나 싶어서요. 음, 개설은 반드시 본인 명의 기준으로 보셔야 합니다. 개인 정보가 다른 경우에는 진행이 제한됩니다. 그러니까 타인 명의 휴대폰이나 다른 사람 정보로는 안 되고, 고객님 명의로 된 정보가 필요합니다. 네, 그럼 제 명의 휴대폰으로 다시 해보면 되겠네요. 맞습니다. 개설 화면에서 정보 입력 후 본인 확인이 끝나면 계좌가 생성됩니다. 필요하시면 중간 단계마다 다시 설명드리겠습니다.",0,A,6,4
normal_aug_0047,"카드 이용 한도는 조회 가능합니다. 먼저 현재 카드 상태를 보면 국내 이용은 정상이고, 해외 거래 가능 여부도 함께 확인해 드릴 수 있습니다. 고객님 카드가 해외에서 사용 가능한 조건인지, 또 이용 한도 안에서 거래가 가능한지도 봐야 합니다. 어, 제가 다음 달에 외국 나가는데 그 카드로 거래가 될지 모르겠어서요. 네, 그래서 오늘 확인해 드리는 겁니다. 카드 자체는 해외 거래 가능으로 설정되어 있는데, 일부 가맹점에서는 별도 인증이 필요할 수 있습니다. 이용 한도는 현재 남은 금액 기준으로 안내드릴 수 있고요. 아, 그럼 한도만 남아 있으면 해외에서도 쓸 수 있는 거네요? 네, 맞습니다. 다만 해외 거래는 환율 적용과 승인 방식이 달라서 처음 사용하실 때 한 번 더 확인하시면 좋습니다. 필요하시면 카드 이용 내역과 한도 조회도 같이 도와드릴게요.",0,A,7,4
normal_aug_0048,"고객님 카드의 이용 한도와 해외 거래 가능 여부를 안내드리겠습니다. 현재 카드는 일상 이용은 문제없고, 해외 거래도 가능 상태로 설정되어 있습니다. 다만 국가나 가맹점에 따라 승인 방식이 달라질 수 있어요. 음, 카드 한도가 넉넉한지 먼저 보고 싶어요. 가능합니다. 카드 이용 한도는 즉시 조회되며, 현재 사용 금액을 제외한 잔여 한도도 확인됩니다. 해외 거래 가능 여부는 별도 차단이 없으면 열려 있고, 일부 온라인 거래는 추가 인증이 들어갈 수 있습니다. 그러니까 카드가 막혀 있는 건 아니고, 이용 자체는 된다는 거죠? 네, 맞습니다. 카드 이용은 가능하고 해외 거래도 가능하지만, 출국 전에는 분실 대비 설정이나 알림 서비스도 같이 해두시면 좋습니다. 원하시면 한도 상향 가능 여부도 이어서 보겠습니다.",0,A,8,4
normal_aug_0049,"대출 입금 요청은 접수되어 있습니다만, 본인 확인 통화 절차가 먼저 필요합니다. 대출 입금은 중요한 처리라서, 요청만으로 바로 진행되지 않고 전화 통화로 본인 여부를 확인한 뒤에 승인됩니다. 음, 제가 이미 요청했는데 왜 또 통화가 필요한가요? 고객님을 보호하기 위한 절차입니다. 대출 입금 요청이 맞는지, 그리고 요청하신 계좌가 본인 계좌인지 확인해야 합니다. 통화가 완료되면 입금 진행 순서로 넘어갈 수 있습니다. 아, 그럼 제가 지금 바로 통화 받으면 되는 거죠? 네, 맞습니다. 본인 확인 통화 후에 대출 입금이 진행됩니다. 혹시 통화가 어려우시면 가능한 시간대를 말씀해 주셔도 됩니다. 그러니까 요청은 접수됐고, 입금 전 확인 단계만 남은 상태입니다. 네, 지금 통화 가능하니 바로 진행해 주세요.",0,A,9,4
normal_aug_0050,"고객님 대출 입금 요청은 확인되었고, 현재는 본인 확인 통화가 필요한 단계입니다. 입금 요청 자체는 접수돼 있지만, 실제 입금 전에는 고객님 본인인지 통화로 한 번 더 확인해야 합니다. 제가 알기로는 서류만 있으면 되는 줄 알았는데, 통화가 꼭 필요한가요? 네, 대출 입금은 본인 확인이 필수라서 그렇습니다. 요청 내용과 계좌 정보가 맞는지 통화로 확인해야 입금 처리가 가능합니다. 음, 그럼 제가 지금 연락 가능한 번호로 바로 받으면 되겠네요. 맞습니다. 본인 확인이 끝나면 대출 입금은 바로 다음 절차로 넘어갑니다. 요청하신 금액과 계좌가 확인되면 입금 처리까지 이어서 안내드리겠습니다. 그러니까 현재는 요청 접수 완료, 통화 대기, 본인 확인 후 입금 진행 순서로 보시면 됩니다. 네, 이해했습니다. 바로 통화 진행하겠습니다.",0,A,10,4
normal_aug_0051,"아침 뉴스 봤어? 오늘 진짜 깜짝 놀랐어. 어떤 사람이 남의 명의로 여기저기 가입해서, 본인은 피해 없이 사는 줄 알았는데 결국 사건이 크게 났더라. 수사도 오래 걸린다 하고, 명의 도용 피해자들만 몇 명인지 모르겠대. 어, 나도 들었어. 아침에 그냥 흘려보낼 얘기가 아니더라. 명의 도용은 한 번 당하면 뒤처리도 너무 복잡하대서, 주민번호든 전화번호든 함부로 안 줘야겠더라. 그러니까, 요즘은 진짜 링크 하나 눌러도 조심해야 해. 나도 괜히 뉴스 보고 나서 비밀번호부터 바꿨어. 수사 결과가 어떻게 나올지는 모르겠지만, 이런 사건은 빨리 막는 게 제일이야. 맞아, 그리고 명의 도용 같은 건 내 얘기 아니라고 넘기면 안 되겠더라. 가족들한테도 한번 더 말해줘야겠어.",0,B,1,5
normal_aug_0052,"아침에 뉴스 보다가 진짜 찝찝해졌어. 어떤 사건인데, 평범한 사람 명의가 도용돼서 통장이고 휴대폰이고 막 엮였대. 수사 들어갔다고는 하는데, 피해자 입장에서는 얼마나 답답하겠어. 음, 그런 사건은 남 일 같지가 않지. 나도 부모님한테 바로 전화해서 명의 관련 문자 오면 꼭 확인하라고 했어. 도용당하면 수사만으로 바로 끝나는 것도 아니고, 일상생활이 다 꼬인대잖아. 맞아, 특히 요즘은 개인정보 조금만 새어도 명의 도용으로 이어질 수 있다니까 더 무섭더라. 그러니까 신분증 사진 같은 것도 아무 데나 보내면 안 되고, 이상한 연락 오면 그냥 끊어야 해. 사건이 크든 작든 한 번 당하면 오래 간다던데, 수사도 중요하지만 예방이 더 중요하겠지. 응, 나도 오늘부터는 정말 조심하려고. 뉴스가 괜히 나온 게 아니더라.",0,B,2,5
normal_aug_0053,"아까 모르는 번호로 전화 왔는데, 자기가 수사관이라면서 내 이름이 범죄에 연루됐다고 하더라. 처음엔 아, 뭐지 했는데 말이 너무 이상해서 바로 끊었어. 수사관이 그렇게 개인 번호로 조사한다고 하니까 더 수상하더라고. 어머, 잘 끊었네. 요즘 그런 전화 많다던데, 괜히 겁주면서 연루됐다고 해서 사람 흔들어 놓는 거잖아. 맞아, 나도 순간 뭐 잘못한 거 있나 생각할 뻔했어. 근데 가만히 듣다 보니까 조사 절차도 엉성하고, 무슨 계좌 얘기만 반복하길래 바로 이상했지. 범죄에 연루됐다는 말부터가 너무 급작스럽고, 수사관이라면 더 조심스럽게 말해야 할 텐데 말이야. 그러니까, 다음엔 그런 전화 오면 바로 끊고 가족한테도 말해야겠다. 응, 나도 좀 떨렸는데 이제 생각해 보니까 너무 뻔했어. 수사관 사칭이든 뭐든, 조사라는 말로 사람 압박하는 건 무조건 의심해야 해.",0,B,3,5
normal_aug_0054,"방금 이상한 전화 받았어. 자기 소개를 수사관처럼 하면서 네가 어떤 범죄에 연루돼 있다고 조사해야 한다는 식으로 말하더라. 어이없어서 바로 끊었는데, 손이 좀 떨리더라. 진짜 그런 전화 받으면 헷갈릴 수 있겠다. 수사관이라고 하니까 괜히 믿을 뻔하잖아. 맞아, 근데 말투가 너무 급하고, 조사하겠다는 내용도 앞뒤가 안 맞았어. 범죄에 연루됐다느니, 당장 확인해야 한다느니 하면서 계속 압박만 주더라. 그러니까 그런 건 절대 길게 듣지 말아야 해. 나도 끊고 나서 바로 번호 검색해 봤는데, 비슷한 사례가 많더라. 아, 이런 게 다 사칭이구나 싶었어. 수사관이랍시고 사람 불안하게 만드는 건 정말 조심해야겠더라. 응, 괜히 조사 응하면 더 꼬일 수도 있다니까. 다음엔 이런 전화 오면 번호만 보고 바로 차단할 거야.",0,B,4,5
normal_aug_0055,"어제 다큐 봤는데, 불법 대포통장 개설 얘기가 나오더라. 처음엔 그냥 단순한 사례 설명인 줄 알았는데, 피해자들 얘기 들으니까 너무 무섭던데. 불법으로 개설된 대포통장이 이렇게 많이 쓰일 줄 몰랐어. 맞아, 나도 봤어. 대포통장 하나 때문에 피해자가 나중에 범인 취급까지 받는 경우가 있다니까, 진짜 억울하겠다 싶었어. 그러니까, 다큐가 괜히 나온 게 아니더라. 불법 개설에 혹하는 사람도 문제지만, 아무것도 모르고 넘겨준 사람도 결국 피해자가 될 수 있잖아. 음, 특히 알바나 간단한 일이라고 속이는 경우가 많다더라. 대포통장 관련된 건 무조건 멀리해야겠다. 응, 나도 그 이후로 통장 맡기라는 말 들으면 바로 거절할 거야. 피해자 입장 생각하면, 한 번의 개설이 평생 꼬일 수도 있다는 게 너무 크더라고.",0,B,5,5
normal_aug_0056,"다큐 보는데 불법 대포통장 개설이 왜 그렇게 위험한지 확 와닿더라. 처음엔 그냥 통장 하나 만드는 이야기인 줄 알았는데, 나중엔 피해자들이 너무 억울해 보여서 보기 힘들었어. 맞아, 불법으로 개설된 대포통장 때문에 본인도 모르게 엮인 피해자가 많다더라. 특히 피해자들이 나는 그런 줄 몰랐다고 하는 장면이 계속 기억나. 어, 그게 제일 무섭지. 개설만 했을 뿐인데 일이 커지고, 나중에 해명하느라 시간 다 쓰고. 대포통장이 괜히 나오는 말이 아니구나 싶었어. 그러니까, 주변에서 쉽게 돈 준다고 하면서 통장 만들자고 하면 절대 안 되는 거지. 응, 나도 다큐 보고 나서 가족들한테도 얘기했어. 불법 개설은 절대 손대면 안 되고, 피해자가 되는 건 순식간이라는 걸 알아야 하더라. 나중에 후회해도 늦는 거니까.",0,B,6,5
normal_aug_0057,"서울에서 대규모 보이스피싱 일당이 검거됐다는 기사 봤어? 단톡방에 누가 올렸길래 봤는데, 서울 한복판에서 남성 여러 명이 한꺼번에 잡혔다더라. 발견부터 검거까지 꽤 크게 난 모양이야. 어, 나도 기사 봤어. 서울에서 그렇게 크게 움직였다는 게 좀 놀랍더라. 남성 일당이 여러 명이었다고 하니까 조직적으로 했나 싶고. 맞아, 기사에 보면 발견도 우연히 된 게 아니라 계속 추적해서 잡은 거 같더라. 검거됐다는 소식은 속 시원한데, 그동안 피해 본 사람들은 얼마나 많았을지 생각하게 돼. 그러니까 단톡방에서 공유할 만한 기사더라. 서울 얘기라 더 현실감 있었어. 남성 일당이 검거됐다는 건 다행이지만, 이런 거 자꾸 발견되는 거 보면 아직도 조심해야겠더라.",0,B,7,5
normal_aug_0058,"단톡에 서울에서 보이스피싱 일당 검거됐다는 기사 내가 올렸잖아. 남성 여러 명이 한꺼번에 잡혔다고 해서 다들 보더라고. 발견 경로도 나오던데, 그거 보고 좀 소름 돋았어. 맞아, 서울에서 검거됐다는 것만 봐도 규모가 꽤 컸던 것 같아. 남성들끼리 역할 나눠서 움직였다는 얘기도 있고. 그러니까 이런 기사 보면 그냥 지나치기 어렵지. 나도 발견됐다는 부분이 제일 인상적이었어. 숨길 수 있을 줄 알았는데 결국 검거되더라, 이런 느낌이랄까. 어, 그래서 더 공유했어. 다들 낯선 연락이나 계좌 요구 있으면 조심하라고. 서울에서 검거된 건 기사 한 줄이지만, 실제로는 피해자들한테 엄청 큰일이었을 테니까. 응, 이런 건 많이 읽어 봐야 경각심 생기더라. 남성 일당 검거 소식이 반가우면서도 또 한편으론 계속 조심해야겠다는 생각 들었어.",0,B,8,5
normal_aug_0059,"오늘 회사 보안 교육 진짜 길었다. 녹취를 어떻게 남겨야 하는지, 진술은 왜 정확해야 하는지 계속 설명하는데 머리가 아프더라. 아, 나도 들었어. 녹취 하나 잘못 남기면 나중에 진술이랑 안 맞아서 곤란해진다면서? 맞아, 거기서 개인정보 얘기도 엄청 했잖아. 정보는 필요한 만큼만 다뤄야 한다고. 어, 근데 현실에서는 그게 제일 어렵지. 누가 전화로 물으면 녹취가 남는지부터 신경 쓰이고, 진술도 말 한번 잘못하면 꼬일까 봐 조심하게 되고. 게다가 압수 같은 단어까지 나오니까 괜히 분위기만 무거웠어. 그러니까 교육이긴 한데 계속 겁만 준 느낌이었달까. 그래도 정보 관리 소홀하면 문제가 커진다니까 듣긴 해야겠더라. 응, 나도 오늘부터는 메모든 녹취든 더 조심하려고.",0,B,9,5
normal_aug_0060,"보안 교육에서 배운 거 생각보다 많더라. 녹취 남기는 방식부터, 진술할 때 표현을 어떻게 맞춰야 하는지, 개인정보 정보는 어디까지 공유해야 하는지 계속 말해줘서 좀 피곤했어. 어, 특히 압수 얘기 나올 때는 분위기가 갑자기 무거워지더라. 맞아, 그런 상황을 대비하라는 거겠지만 듣는 사람은 괜히 긴장하지. 녹취가 있으면 다 해결될 것 같다가도, 진술이랑 안 맞으면 또 문제라고 하고. 정보도 마찬가지고. 그러니까 결국 하나하나 신경 써야 한다는 거잖아. 응, 회사 일인데도 괜히 시험 보는 기분이었어. 압수 같은 단어는 뉴스에서나 듣는 줄 알았는데, 교육에서 직접 들으니까 더 실감 나더라. 나도 이제는 전화 녹취나 개인정보 처리할 때 대충 넘기면 안 되겠다고 생각했어. 진술도 짧게, 정확하게, 정보는 최소한으로. 그게 제일 어렵지만 제일 중요하겠지.",0,B,10,5
normal_aug_0061,"음, 대출 심사 결과가 승인됐다는 안내를 받았는데요, 이제 상환은 어떻게 하면 되는지, 이율은 어느 정도로 적용되는지 좀 자세히 알고 싶어서 전화드렸습니다. 네, 말씀 감사합니다. 먼저 대출 승인 축하드리고요, 자금은 계좌로 이미 준비된 상태이신 거 맞으실까요? 네, 자금은 확인됐고요. 그럼 상환 방식이 원리금 균등인지, 아니면 만기 일시인지에 따라 안내가 조금 달라지는데, 고객님 건은 매월 분할 상환으로 진행됩니다. 아, 분할 상환이군요. 그럼 이율은 고정인가요, 변동인가요? 현재는 고정 이율로 적용되고 있고, 승인 당시 약정서에 나온 이율 그대로 유지됩니다. 음, 그럼 중간에 일부 상환을 하면 수수료가 따로 있나요? 일부 상환 수수료는 일정 기간 동안만 적용될 수 있어서, 지금 시점에서는 소액의 수수료가 발생할 가능성이 있습니다. 그러면 상환일 전에 미리 자금을 넣어두면 자동으로 빠져나가는 구조인가요? 네, 상환일 전까지 계좌에 자금을 준비해 두시면 지정일에 자동 출금됩니다. 알겠습니다. 대출 승인받은 뒤에 상환 흐름이 헷갈렸는데, 이렇게 설명 들으니까 좀 정리가 되네요.",0,A,1,6
normal_aug_0062,"대출 승인 안내 문자 받았는데요, 그다음에 상환은 어떤 식으로 해야 하는지 확인하려고요. 자금은 일부만 먼저 넣어도 되는지, 이율은 나중에 변동되는지도 같이 궁금합니다. 네, 확인 도와드리겠습니다. 고객님 대출은 승인 완료 상태이고, 상환은 매달 정해진 날짜에 자동이체로 처리 가능합니다. 자금은 전액이 아니어도 되지만, 약정된 최소 상환액은 맞춰주셔야 합니다. 음, 최소 상환액만 맞추면 되는 거군요. 이율은 처음 안내받은 그대로인가요? 네, 현재는 고정 이율이라서 승인 시점의 이율이 그대로 적용됩니다. 다만 약관에 따라 연체가 생기면 추가 부담이 생길 수 있어요. 아, 연체만 조심하면 되는 거네요. 그럼 제가 중간에 자금이 생기면 일부 상환을 해도 되나요? 네, 일부 상환 가능하고요, 그때는 상환 신청 경로를 통해 접수해 주시면 됩니다. 접수 후에 처리되면 남은 원금 기준으로 이율 계산이 이어집니다. 그러면 승인받은 대출의 상환 계획을 다시 잡아도 되겠네요. 맞습니다. 필요하시면 상환 일정도 재안내드릴 수 있습니다.",0,A,2,6
normal_aug_0063,"전산 쪽에 문제가 있어서 납부 처리가 아직 반영이 안 된다고 들었는데, 제가 보낸 금액이 제대로 접수된 건지 확인 가능할까요? 네, 불편을 드려 죄송합니다. 현재 전산 지연이 있어서 고객님 납부 건이 실시간으로 바로 반영되지 않고 있습니다. 접수 자체는 정상적으로 들어와 있는데, 확인 화면에 금액이 늦게 표시되는 상황입니다. 아, 접수는 됐고 전산 반영만 늦는 거군요. 그러면 오늘 납부한 금액이 사라진 건 아니죠? 네, 사라진 건 아니고요. 금액은 안전하게 보관되어 있고, 전산 복구 후 순차 반영될 예정입니다. 납부 마감일이 오늘이라 조금 걱정돼서요. 마감 기준으로는 접수 시점이 확인되기 때문에 고객님 불이익은 없도록 처리됩니다. 다만 전산 오류가 완전히 해소되기 전까지는 상태 조회가 지연될 수 있습니다. 음, 그럼 제가 따로 다시 납부할 필요는 없겠네요? 네, 중복 납부는 하지 않으셔도 됩니다. 기존 접수 내역과 금액은 유지되고 있습니다.",0,A,3,6
normal_aug_0064,"납부했는데 전산이 느리다고 해서요, 혹시 제가 보낸 금액이 정상 접수된 게 맞는지 다시 듣고 싶습니다. 네, 확인해 보겠습니다. 현재 전산 점검으로 인해 납부 내역 반영이 지연되고 있고, 접수는 정상 완료된 상태입니다. 금액도 정상적으로 들어와 있습니다. 아, 접수는 됐군요. 그럼 오늘 처리 예정이던 납부 건도 자동으로 넘어가는 건가요? 네, 맞습니다. 시스템이 복구되면 금액 기준으로 순서대로 반영됩니다. 고객님 쪽에서 추가로 하실 일은 없습니다. 전산 문제라서 혹시 미납으로 뜰까 봐 걱정됐거든요. 그 부분은 걱정 안 하셔도 되고요, 접수 시간 기준으로 확인되기 때문에 납부 지연으로 불이익이 생기지 않게 처리됩니다. 혹시 제가 내역 확인하려면 다시 연락해야 하나요? 전산 복구 후 문자 안내가 나갈 예정이고, 원하시면 추후 금액 반영 여부도 재조회해 드릴 수 있습니다. 알겠습니다. 전산만 빨리 정상화되면 좋겠네요.",0,A,4,6
normal_aug_0065,"비대면으로 계좌를 개설하려고 하는데요, 명의 확인이랑 개인정보 입력 절차가 어떻게 되는지 궁금합니다. 네, 안내드리겠습니다. 비대면 개설은 우선 본인 명의 휴대폰과 신분증 확인이 필요하고, 이어서 개인 정보 입력과 얼굴 확인 절차가 진행됩니다. 아, 본인 명의 휴대폰이 꼭 있어야 하는군요. 네, 맞습니다. 개설 과정에서 입력하신 정보와 신분증 정보가 일치해야 하고, 타인 명의로는 진행이 어렵습니다. 그러면 주소나 연락처 같은 개인 정보도 같이 넣어야 하나요? 네, 개설을 위해 주소, 연락처, 직업 정보 등 기본 개인 정보를 입력해 주셔야 합니다. 그리고 영상 확인 단계에서 명의 확인이 다시 한 번 이뤄집니다. 음, 중간에 정보가 틀리면 어떻게 되나요? 정보가 다르면 개설이 멈출 수 있어서, 처음부터 정확하게 입력해 주시는 게 좋습니다. 필요하시면 입력 순서도 차근차근 안내드릴게요.",0,A,5,6
normal_aug_0066,"계좌를 비대면으로 개설하려고 하는데, 명의 확인 절차가 좀 헷갈려서 전화드렸어요. 개인 정보는 어디까지 입력해야 하고, 어떤 정보가 꼭 필요한지도 알려주세요. 네, 도와드리겠습니다. 개설 시에는 고객님 명의의 휴대폰, 신분증, 그리고 기본 개인 정보가 필요합니다. 정보 입력 단계에서는 이름, 주소, 연락처, 생년월일 같은 항목을 확인하고요. 아, 명의가 본인으로 확인돼야 진행되는 거네요. 맞습니다. 개설 과정에서 명의 확인이 안 되면 다음 단계로 넘어갈 수 없습니다. 그리고 입력하신 정보와 신분증 정보가 일치해야 합니다. 만약 개인 정보가 예전 주소로 되어 있으면 어떻게 되나요? 그 경우에는 최신 정보로 수정한 뒤 개설을 다시 이어가셔야 합니다. 음, 그럼 준비해 둔 정보부터 다시 확인해 봐야겠네요. 네, 그렇게 해 주시면 개설 절차가 훨씬 빠릅니다.",0,A,6,6
normal_aug_0067,"카드 한도 좀 조회하고 싶은데요, 해외에서 이용도 가능한지 같이 확인될까요? 네, 확인 가능합니다. 고객님 카드 현재 한도와 이용 가능 여부를 조회해 드릴게요. 해외 거래는 기본적으로 가능 여부가 따로 설정되어 있을 수 있습니다. 아, 카드 한도는 아직 여유가 있는지 보고 싶었어요. 네, 현재 국내 이용 한도는 남아 있고요. 해외 거래는 별도 승인 설정에 따라 가능하거나 제한될 수 있습니다. 그러면 해외에서 카드 이용하려면 따로 등록이 필요한가요? 경우에 따라 해외 거래 사용 등록이 필요할 수 있습니다. 고객님 카드가 해외 이용 가능 상태인지 먼저 확인해 보겠습니다. 음, 가능으로 나오면 바로 쓰면 되는 거죠? 네, 가능 상태면 별도 절차 없이 이용하실 수 있고, 제한 상태면 해제 신청이 필요합니다. 한도랑 해외 거래 둘 다 확인해 주셔서 감사합니다.",0,A,7,6
normal_aug_0068,"카드 이용 관련해서 한도랑 해외 거래 가능 여부를 한번 보고 싶어서요. 지금 제 카드가 어디까지 이용 가능한지 궁금합니다. 네, 조회 도와드리겠습니다. 우선 카드 한도는 사용 가능 금액 기준으로 확인할 수 있고, 해외 거래 가능 여부도 함께 안내드릴 수 있습니다. 아, 해외에서 이용할 때 따로 막히는 경우가 있더라고요. 맞습니다. 카드 설정에 따라 해외 거래가 가능하게 되어 있거나, 보안상 제한될 수 있습니다. 고객님 건은 현재 이용은 가능하지만 해외 거래는 설정 확인이 필요합니다. 그럼 제가 해외 여행 가기 전에 미리 가능하게 바꿔둘 수 있나요? 네, 가능합니다. 해외 거래 이용 등록을 진행하시면 됩니다. 그리고 한도도 필요하시면 추가 조회 후 조정 가능 여부를 같이 보실 수 있습니다. 음, 일단 카드 이용 상태부터 정리하고 해외 거래도 가능하게 해두면 되겠네요. 맞습니다. 조회 후 바로 처리 절차 안내드리겠습니다.",0,A,8,6
normal_aug_0069,"대출 입금 요청이 들어갔다고 들었는데요, 본인 확인 통화가 필요하다고 해서 연락드렸습니다. 입금 절차 진행하려면 어떤 확인이 필요한가요? 네, 안내드리겠습니다. 대출 입금 요청 건은 접수되어 있고, 최종 입금 전 본인 확인 통화가 한 번 필요합니다. 고객님께 직접 통화로 확인이 되어야 진행됩니다. 아, 요청은 이미 접수된 상태군요. 네, 맞습니다. 다만 본인 확인이 완료돼야 대출 입금이 가능합니다. 통화가 연결되면 생년월일이나 간단한 확인 정보를 말씀해 주셔야 합니다. 음, 제가 지금 바로 확인 받으면 입금까지 이어지는 건가요? 네, 본인 확인만 완료되면 입금 절차가 진행됩니다. 요청 금액과 계좌 정보도 최종 확인할 예정입니다. 그럼 통화가 늦어지면 입금도 늦어지겠네요? 네, 그렇습니다. 통화 확인이 완료되는 순서대로 처리됩니다. 연락 주셔서 감사합니다.",0,A,9,6
normal_aug_0070,"대출 입금 요청 접수됐다고 안내받았는데, 본인 확인 통화가 꼭 필요한지 다시 확인하고 싶어요. 입금은 언제쯤 되는지도 궁금합니다. 네, 도와드리겠습니다. 대출 입금은 요청이 접수되면 바로 진행되는 것이 아니라, 본인 확인 통화를 거쳐야 최종 승인됩니다. 통화가 확인되어야 입금 단계로 넘어갑니다. 아, 그러면 요청만으로는 아직 끝난 게 아니네요. 네, 맞습니다. 본인 확인이 완료되면 입금 처리 속도가 빨라집니다. 지금 고객님과 통화 연결이 된 상태라서 기본 확인 후 바로 진행 가능합니다. 그럼 제가 따로 준비할 건 없나요? 본인 확인용 정보만 확인되면 됩니다. 입금 계좌와 요청 내용도 함께 다시 맞춰볼게요. 음, 알겠습니다. 그럼 통화 절차 끝나면 바로 입금 처리되는 거죠? 네, 확인 완료 후 순차적으로 처리됩니다.",0,A,10,6
normal_aug_0071,"아침 뉴스 봤어? 음, 어제 그 명의 도용 사건이 또 나왔더라. 진짜 남 일 같지가 않던데, 이름이랑 주민번호 같은 거 털리면 수사가 오래 걸린대. 그래서 요즘은 문자 하나 와도 함부로 누르지 말라더라. 나도 보고 좀 식겁했어... 명의 도용은 한 번 당하면 뒤처리가 너무 복잡하대. 너도 계좌나 카드 알림 꼭 켜 둬. 사건 뉴스가 계속 나오는데도, 사람들 너무 쉽게 넘기는 거 같아. 수사 들어가도 바로 다 찾는 건 아니래서 더 조심해야 한대. 아, 그리고 비밀번호도 예전 거 그대로 쓰면 안 된대. 명의, 도용 이런 거 정말 조심해야 돼.",0,B,1,7
normal_aug_0072,"나도 그 뉴스 봤어. 음, 처음엔 그냥 흔한 사건인가 했는데, 자세히 보니까 명의 도용이더라. 수사도 시작됐다고 하던데, 피해자들이 얼마나 답답했겠어. 이름만 도용된 게 아니라 통장까지 엮였다는 말도 있더라... 그래서 더 무섭더라고. 나 오늘 바로 앱 들어가서 확인해 봤어. 너도 그런 사건 뉴스 보면 귀찮아도 한 번쯤 점검해 봐야 돼. 수사 결과 기다리는 동안엔 피해자가 계속 불안하잖아. 명의가 한 번 도용되면 진짜 생활이 꼬인대. 그러니까 비밀번호, 인증번호 이런 거 절대 남한테 주면 안 돼.",0,B,2,7
normal_aug_0073,"방금 모르는 번호로 전화 왔는데, 음 진짜 황당했어. 자기가 수사관이라면서 내 이름이 어떤 범죄에 연루됐다고 하더라. 그래서 지금 조사 중이니 바로 얘기하래. 아니, 목소리도 너무 이상했고 말도 계속 돌려서 내가 그냥 끊었어. 수사관이면 그런 식으로 전화 안 한다면서? 나중에 생각해 보니까 완전 이상했어. 범죄, 연루, 조사 이런 말만 막 꺼내는데 겁주려는 느낌이더라고. 너도 모르는 번호로 그런 말 나오면 바로 믿지 마. 아, 진짜 별일 다 있네 싶었어.",0,B,3,7
normal_aug_0074,"어? 나도 비슷한 전화 받아 본 적 있어. 수사관이라고 하면서 네가 뭘 조사받아야 한다고 하길래, 처음엔 좀 멍했거든. 근데 가만히 들어보니까 말이 안 맞아. 범죄에 연루됐다느니, 지금 조사 안 받으면 안 된다느니 하면서 급하게 몰아붙이더라. 그래서 나도 그냥 끊었어. 그런 전화는 계속 듣고 있으면 이상하게 끌려가게 되더라... 수사관이면 절차가 있을 텐데 말이야. 너 잘했어, 바로 끊은 거. 모르는 번호는 일단 의심하고, 괜히 연루됐다는 말에 흔들리면 안 돼.",0,B,4,7
normal_aug_0075,"어제 그 다큐 봤어? 불법 대포통장 개설 얘기 나오는 거. 음, 생각보다 너무 조직적으로 하더라. 그냥 심부름 정도인 줄 알았는데, 개설부터 유통까지 다 이어져 있대. 피해자들만 엄청 생기고, 나중에야 자기 이름으로 통장이 만들어졌다는 걸 안 사람도 있다더라. 진짜 무섭던데... 불법이라는 말이 괜히 붙는 게 아니더라. 대포통장 한 번 엮이면 피해자 입장에선 복구도 어렵고, 은행도 다 설명해야 하고. 나 그거 보고 개인정보 함부로 주면 안 되겠다고 다시 느꼈어.",0,B,5,7
normal_aug_0076,"응, 나도 봤어. 그 불법 대포통장 개설 부분이 제일 충격이었어. 그냥 통장 한 개 만드는 게 아니라, 피해자 이름이 엮여서 나중에 골치 아파지더라고. 피해자 인터뷰 보는데, 진짜 억울해 보였어. 개설된 통장이 여러 군데 돌고 돌면서 문제가 커진다잖아. 불법인 걸 알면서도 하는 사람들이 있으니까 더 답답하지. 나는 다큐 보고 나서 계좌 관련 문자 오면 바로 확인해 보게 되더라. 대포통장이라는 말이 뉴스에만 나오는 줄 알았는데, 실제로는 피해자들이 너무 많더라...",0,B,6,7
normal_aug_0077,"서울에서 그 검거 기사 봤어? 남성 여러 명이 한꺼번에 검거됐다던데, 음 사진이랑 기사 내용이 꽤 자세하더라. 단톡방에 바로 공유했어. 서울 한복판에서 그런 일이 있었다는 게 좀 놀랍기도 하고... 기사 보다가 발견된 정황이 생각보다 많다고 해서 더 봤어. 남성 일당이 검거됐다는 부분이 핵심이던데, 다들 조심하라는 의미로 올렸지. 서울 기사라서 더 눈에 들어오더라. 너도 봤으면 알겠지만, 이런 건 빨리 공유해야 하잖아.",0,B,7,7
normal_aug_0078,"아, 그 기사 나도 봤어. 서울에서 남성 일당이 검거됐다는 내용 맞지? 나도 발견된 장소며 이동 경로까지 읽어 봤는데 꽤 크더라. 단톡방에 올린 거 잘했어. 이런 건 그냥 지나치면 안 되지. 검거됐다고 끝이 아니라, 뒤에 더 있는지 계속 확인해야 할 것 같더라. 서울 쪽 기사라서 더 현실감 있었어. 남성들이 조직적으로 움직였다고 해서 좀 섬뜩했어... 발견된 증거도 많다던데, 이런 소식은 서로 공유해 두는 게 좋지.",0,B,8,7
normal_aug_0079,"어제 회사 보안 교육 진짜 길지 않았어? 음, 녹취 예시 듣는 데만 한참 걸렸어. 진술할 때는 말 바꾸면 안 되고, 정보는 꼭 필요한 것만 말하라고 하더라. 나는 듣다가 머리 아플 정도였어. 압수 얘기까지 나오니까 괜히 겁나고... 우리가 평소에 아무 생각 없이 넘기던 정보가 그렇게 중요하다더라. 녹취도 막 아무 데나 저장하면 안 된다 하고, 진술 내용도 함부로 공유하면 안 된대. 교육은 알겠는데 너무 반복해서 피곤했어.",0,B,9,7
normal_aug_0080,"응, 나도 그 부분 제일 지루했어. 근데 또 생각해 보면 녹취랑 진술이 제일 중요하긴 하더라. 정보 한 줄 잘못 나가면 나중에 문제 생긴다잖아. 압수 얘기 나올 때는 다들 조용해졌지. 나는 교육 들으면서, 아 진짜 회사에서 정보 관리가 이렇게 빡세구나 싶었어. 녹취 파일도 보관 방식 정해져 있고, 진술도 말 조심해야 하고... 귀찮긴 한데 안 지키면 더 큰일이라더라. 그래서 지금은 메모 하나 남길 때도 좀 신경 쓰게 돼.",0,B,10,7
normal_aug_0081,"음, 제가 오늘 대출 심사가 승인됐다는 문자를 받았는데요. 그다음에 상환은 어떻게 하면 되는지, 그리고 이율은 어떻게 적용되는지 좀 확인하고 싶어서 전화드렸어요. 네, 대출 승인 확인되셨다면 먼저 상환 방식부터 안내드릴게요. 원리금 균등 상환으로 진행하실 수 있고, 매달 같은 금액으로 나가게 됩니다. 자금 입금일 기준으로 첫 상환일이 정해지는데, 그 부분도 함께 보실 수 있습니다. 아, 그럼 중간에 자금이 좀 들어오면 상환을 미리 해도 되나요? 네, 가능합니다. 다만 중도 상환 시 수수료가 있을 수 있어서, 승인된 대출 조건과 현재 적용 이율을 같이 확인하시는 게 좋습니다. 음, 이율은 처음 안내받은 그대로 가는 건가요? 상품에 따라 달라지는데, 보통 대출 승인 시점의 기준 이율이 적용되고, 부가 조건에 따라 조금 달라질 수 있습니다. 제가 지금 고객님 건 기준으로 상환 일정이랑 이율 확인해서 다시 말씀드리겠습니다.",0,A,1,8
normal_aug_0082,"아, 저 대출이 승인됐다고 해서 연락드렸는데요. 상환 방법이랑 이율을 다시 한번 자세히 듣고 싶어요. 네, 확인해보겠습니다. 대출 승인 후 상환은 자동이체로 설정하실 수도 있고, 직접 납부 방식도 가능합니다. 자금 사정에 맞춰 상환일 변경이 가능한지도 함께 보실 수 있습니다. 음, 자금이 들어오는 날짜가 들쭉날쭉해서요. 그럼 상환일 조정 가능 여부를 확인해드릴게요. 그리고 이율은 승인받을 때 안내된 고정형인지 변동형인지에 따라 다릅니다. 대출 조건에 맞는 이율이 적용되니, 승인 문자만 보신 상태라면 세부 내용 한 번 더 확인하시는 게 좋습니다. 아, 그럼 제가 따로 상환 신청을 해야 하나요? 처음엔 별도 신청 없이 자동으로 상환 절차가 잡히는 경우가 있고, 이후에 변경 원하시면 상담을 통해 조정하실 수 있습니다. 제가 지금 승인 내역 기준으로 상환 방식과 이율을 정리해드릴게요.",0,A,2,8
normal_aug_0083,"음, 은행 앱에서 납부를 하려고 했는데 전산 문제라고 떠서요. 접수는 된 건지, 금액은 제대로 처리되는 건지 궁금해서 전화드렸습니다. 네, 확인해보겠습니다. 현재 전산에 일시적인 오류가 있어서 납부 처리가 지연되고 있습니다. 접수 자체는 정상적으로 들어와 있는데, 금액 반영이 아직 완료되지 않은 상태입니다. 아, 그럼 제가 다시 납부를 눌러야 하나요? 아니요, 중복 납부가 될 수 있어서 지금은 다시 진행하지 마시고 기다려주시는 게 좋습니다. 전산 복구 후 접수된 내역이 순서대로 반영됩니다. 금액은 그대로 보관되고 있는 건가요? 네, 접수된 납부 금액은 확인되고 있고, 처리만 지연되고 있습니다. 혹시 시간이 좀 더 걸리면 문자로도 안내드릴 수 있습니다. 음, 제가 납부 마감이 오늘이라서 걱정되거든요. 그런 경우는 우선 전산 복구 예상 시간을 확인해드리고, 필요하면 임시 안내 절차도 도와드리겠습니다.",0,A,3,8
normal_aug_0084,"아, 납부를 했는데 전산 오류로 반영이 안 된다고 해서요. 접수된 건 맞는지, 금액이 빠져나간 건지 확인 부탁드립니다. 네, 지금 전산 상태를 확인해보겠습니다. 접수는 정상적으로 들어왔고, 납부 금액도 확인됩니다. 다만 전산 반영이 늦어져서 화면에 바로 보이지 않는 상황입니다. 음, 그럼 제가 또 납부해야 하는 건 아니죠? 네, 다시 하실 필요 없습니다. 같은 금액이 중복으로 처리되지 않도록 전산 복구 전까지는 대기하시면 됩니다. 혹시 접수 번호나 납부 시간 확인되시면 더 정확하게 안내드릴 수 있습니다. 아, 접수 번호는 있습니다. 그럼 그걸로 금액 반영 상태까지 같이 봐주실 수 있나요? 네, 가능합니다. 전산 복구가 끝나면 접수된 납부 건이 순차적으로 처리됩니다. 고객님 금액은 문제 없이 접수되어 있으니 너무 걱정하지 않으셔도 됩니다.",0,A,4,8
normal_aug_0085,"음, 비대면으로 계좌 개설하려고 하는데요. 명의 확인이랑 개인 정보는 어떤 걸 준비해야 하는지 알고 싶어서 전화드렸어요. 네, 비대면 계좌 개설은 본인 명의 확인이 가장 먼저 필요합니다. 신분증 촬영과 얼굴 확인, 그리고 개인 정보 입력 절차가 순서대로 진행됩니다. 아, 개인 정보라면 주소나 연락처 같은 것도 다 넣어야 하나요? 네, 맞습니다. 개설 과정에서 기본 개인 정보가 필요하고, 명의가 본인과 일치하는지도 함께 확인합니다. 음, 가족 명의로는 안 되는 거죠? 네, 계좌 개설은 반드시 본인 명의로만 가능합니다. 그리고 입력하신 정보가 신분증과 일치해야 접수가 진행됩니다. 혹시 중간에 정보가 틀리면 어떻게 되나요? 그 경우에는 개설이 잠시 중단되고, 수정 후 다시 진행하시면 됩니다. 제가 지금 필요한 개인 정보 항목을 하나씩 안내드리겠습니다.",0,A,5,8
normal_aug_0086,"아, 비대면 계좌 개설하려고 앱을 켰는데, 명의 확인 단계에서 막혀서요. 어떤 정보가 필요한지 다시 설명해주실 수 있나요? 네, 물론입니다. 계좌 개설을 위해서는 우선 본인 명의인지 확인하고, 개인 신분증과 연락처, 주소 같은 기본 정보가 필요합니다. 음, 개인 정보 입력이 생각보다 많네요. 네, 개설 절차상 본인 확인을 위해 필요한 항목입니다. 명의가 맞는지, 정보가 실제와 동일한지 확인돼야 계좌 개설이 완료됩니다. 아, 그럼 제 명의가 아니면 바로 안 되는 거죠? 맞습니다. 타인 명의로는 진행할 수 없고, 반드시 본인 명의로만 개설 가능합니다. 중간에 정보가 변경됐으면 어떻게 해요? 그럴 경우에는 최신 정보로 다시 입력하시면 됩니다. 제가 지금 개설 순서랑 명의 확인 방법을 차례대로 안내드릴게요.",0,A,6,8
normal_aug_0087,"음, 카드 이용 한도를 조회하고 싶은데요. 해외 거래도 가능하게 되어 있는지 같이 확인할 수 있을까요? 네, 가능합니다. 먼저 카드 이용 한도부터 보고, 해외 거래 가능 여부도 함께 확인해드리겠습니다. 아, 한도는 아직 충분한지 모르겠어서요. 카드 종류에 따라 일일 이용 한도와 월 한도가 다르게 적용됩니다. 해외 거래 가능 설정이 되어 있으면 현지 결제나 온라인 거래도 가능하신데, 카드 상태에 따라 차이가 있을 수 있습니다. 음, 제가 해외에서 결제할 일이 있어서 미리 알아보는 거예요. 그럼 해외 거래 가능 여부를 우선 체크해드리고, 필요하면 이용 한도도 조정 가능 여부를 안내드리겠습니다. 아, 카드에 별도 신청이 있어야 하나요? 경우에 따라 해외 거래는 사전 등록이 필요한 카드도 있습니다. 지금 고객님 카드 기준으로 이용 가능 범위와 거래 조건을 확인해드릴게요.",0,A,7,8
normal_aug_0088,"아, 카드 한도 좀 봐주시겠어요? 그리고 해외 거래가 가능한지도 같이 알고 싶어서 전화드렸어요. 네, 확인 도와드리겠습니다. 카드 이용 한도는 현재 얼마까지 가능하고, 해외 거래 가능 설정 여부도 같이 보겠습니다. 음, 제가 여행 전에 미리 확인하려고요. 잘하셨습니다. 해외 거래 가능 상태가 아니면 이용이 제한될 수 있어서 출발 전에 점검하시는 게 좋습니다. 카드마다 이용 한도가 다르고, 거래 방식에 따라 적용 기준도 조금씩 다릅니다. 아, 그러면 제가 그냥 해외에서 쓰면 되는 건가요? 해외 거래 가능으로 열려 있어야 하고, 일부 카드는 추가 인증이 필요할 수 있습니다. 지금 고객님 카드 기준으로 이용 한도와 거래 가능 여부를 바로 조회해드리겠습니다.",0,A,8,8
normal_aug_0089,"음, 대출 입금 요청을 넣었는데요. 본인 확인 통화가 필요하다고 해서 연락드렸습니다. 네, 확인해드리겠습니다. 대출 입금 요청은 접수되어 있는데, 최종 입금 전에 본인 확인 통화 절차가 필요합니다. 아, 그럼 제가 뭘 더 해야 하나요? 우선 고객님 본인 여부를 확인한 뒤, 요청하신 대출 입금 건을 순서대로 처리하게 됩니다. 음, 입금은 오늘 바로 되는 건가요? 본인 확인이 완료되면 가능한 한 빠르게 진행됩니다. 다만 요청 내용과 계좌 정보가 일치해야 하고, 통화에서 몇 가지 확인이 필요합니다. 아, 알겠습니다. 그럼 지금 통화로 확인받으면 되는 거죠? 네, 맞습니다. 지금 본인 확인 통화 마치고 나면 대출 입금 요청 처리 절차를 이어가겠습니다.",0,A,9,8
normal_aug_0090,"아, 대출 입금 요청 건 때문에 연락이 왔는데, 본인 확인 통화가 꼭 필요하다고 해서요. 절차를 좀 설명해주실 수 있나요? 네, 가능합니다. 대출 입금 요청이 접수된 상태라서, 고객님 본인 확인을 위한 통화 절차가 먼저 진행되어야 합니다. 음, 확인은 어떤 걸 묻나요? 기본적인 본인 정보와 요청 내용, 그리고 입금 받을 계좌 정보가 맞는지 확인합니다. 그렇게 확인이 끝나야 입금 처리가 가능합니다. 아, 그럼 요청만 해두면 자동으로 들어오는 건 아니군요. 네, 대출 입금은 요청 접수만으로 끝나지 않고, 본인 확인 통화 후에 처리됩니다. 혹시 통화가 늦어지면 입금도 밀리나요? 네, 본인 확인이 완료되는 시점에 따라 입금 시간이 달라질 수 있습니다. 지금 바로 통화로 확인해드리겠습니다.",0,A,10,8
normal_aug_0091,"아침 뉴스 봤어? 음, 진짜 깜짝 놀랐어. 어떤 사람 명의가 도용돼서 카드나 계좌가 막 엉켰다더라. 사건이 꽤 커 보여서 수사도 길어질 거 같대. 어, 그냥 남 얘기 같지가 않아서 나도 바로 비밀번호 다 바꾸고, 내 명의로 된 거 한번씩 확인했거든. 맞아, 이런 명의 도용은 한 번 당하면 정리하는 데 너무 오래 걸리잖아. 그러니까 너도 요즘 문자 오는 거, 링크 오는 거 함부로 누르지 마. 특히 계정 확인하라는 말 나오면 더 조심해야 돼. 수사 결과 나오기 전까지는 추측만 하지 말고, 일단 본인 정보부터 단단히 지키는 게 낫대. 나도 어제부터 계속 신경 쓰여서, 음... 괜히 카드사 앱도 다시 들어가 봤어.",0,B,1,9
normal_aug_0092,"어제 아침 뉴스에서 본 사건 생각나서 아직도 찝찝해. 누가 명의를 도용해서 대출까지 건드렸대잖아. 수사 들어갔다고 하던데, 이런 건 진짜 남의 일이 아니더라. 나도 처음엔 그냥 흔한 사건인가 했는데, 들으면 들을수록 무섭더라. 어, 특히 이름하고 생년월일만 알아도 이상하게 엮일 수 있다니까 더 조심해야겠어. 그래서 내가 가족들한테도 말했어, 신분증 사진 함부로 보내지 말라고. 명의 도용은 피해가 한 번 생기면 복구가 어렵대. 그러니까 비밀번호도 자주 바꾸고, 이상한 연락 오면 바로 끊으라고. 수사 끝나서 범인 잡혀도, 당한 사람은 마음고생이 크다잖아.",0,B,2,9
normal_aug_0093,"방금 모르는 번호로 전화 왔는데, 수사관이라고 하더라. 진짜 황당해서 바로 끊었어. 음, 말투도 되게 그럴듯하게 하면서 범죄 연루 가능성이 있으니 조사해야 한다고 하던데, 듣자마자 이상했어. 내가 뭘 잘못했냐고 물으니까 말이 또 애매해지고... 아예 대답을 안 하더라. 이런 식으로 사람 겁주면서 개인 정보 빼가려는 거 같아. 수사관이면 그렇게 전화로 막 몰아붙일 일이 없잖아. 나중에 생각하니까 더 어이가 없더라. 혹시 너도 비슷한 전화 받으면 절대 따라가지 마. 조사한다, 연루됐다 이런 말에 흔들리면 안 돼. 범죄랑 관련된 거라면서도 정작 설명은 하나도 없고, 계속 이름이랑 주소만 묻는 거 있지? 그때 바로 끊는 게 맞아.",0,B,3,9
normal_aug_0094,"아까 전화 한 통 받았는데, 수사관이라고 하면서 내가 어떤 범죄에 연루됐다는 식으로 말하더라. 어찌나 당황스럽던지... 처음엔 잠깐 멈칫했는데, 계속 조사 얘기만 하고 정확한 설명은 없어서 바로 이상하다고 느꼈어. 그러니까 이런 전화는 정말 조심해야겠더라. 수사관이라면 전화로 저렇게 막 말하지도 않을 거고, 연루 여부를 먼저 알려주지도 않겠지. 내가 자세히 묻자 갑자기 말 돌리고 끊길 듯 말 듯 하다가, 결국 내가 먼저 끊었어. 음, 진짜 괜히 심장만 뛰었네. 너도 모르는 번호로 조사니 연루니 하면 당황하지 말고, 일단 끊고 확인부터 해. 이런 범죄성 전화는 사람 멘탈 흔들어 놓는 게 목적 같아.",0,B,4,9
normal_aug_0095,"어제 다큐멘터리 봤는데, 불법 대포통장 개설 이야기가 나오더라. 음... 처음엔 그냥 금융 얘기인 줄 알았는데, 보니까 피해자들이 생각보다 많아서 마음이 무거웠어. 누군가는 돈 좀 벌어보겠다고 개설에 이름만 빌려줬다가, 나중에 피해자 되는 구조더라. 그 불법 대포통장이 다른 범죄에까지 이어진다니까 더 답답했어. 다큐에서 피해자들 인터뷰 나오는데, 자기 명의가 쓰였다는 걸 뒤늦게 알아서 진짜 난감해하더라고. 나도 그거 보면서, 아, 이건 절대 가볍게 볼 일이 아니구나 싶었지. 불법이라는 말이 괜히 붙는 게 아니더라. 대포통장 개설이 얼마나 위험한지 다큐가 꽤 잘 보여줬어. 그래서 끝나고 나서 바로 주변 사람들한테도 조심하라고 말했어.",0,B,5,9
normal_aug_0096,"그 다큐 봤어? 불법 대포통장 개설 관련된 거. 어, 나도 봤는데 되게 씁쓸하더라. 피해자 입장에서는 본인도 모르게 엮여서 난리 나는 거잖아. 처음엔 몇 만 원 준다, 간단하다 이런 말로 꼬신다는데, 그게 결국 불법이고 나중엔 본인이 더 크게 피해 보더라. 대포라는 말이 왜 붙는지 이제야 알겠더라니까. 음, 다큐에 나온 피해자 분도 처음엔 별일 아니라고 생각했다가 한순간에 통장 다 막히고 설명하느라 고생하셨잖아. 나도 보면서, 개설 같은 말에 속아 넘기면 안 되겠구나 싶었어. 너도 혹시 이상한 제안 오면 절대 받지 마. 불법은 결국 피해자만 남는 거 같아.",0,B,6,9
normal_aug_0097,"서울에서 대규모 보이스피싱 일당이 검거됐다는 기사 봤어? 단톡방에 바로 공유했지. 남성 여러 명이 서울 여기저기서 움직이다가 결국 발견돼서 검거됐다더라. 어, 이런 기사 보면 괜히 안심되면서도, 한편으로는 아직도 비슷한 일 많겠구나 싶어. 남성들 조직이 꽤 오래 활동했다는 얘기도 있던데, 발견된 것도 다행이긴 해. 내가 기사 읽고 바로 말했어, 이런 건 그냥 흘려보내면 안 된다고. 서울 쪽 기사라 더 눈에 들어오더라. 검거 소식은 반갑긴 한데, 그 전에 피해 본 사람 생각하면 마음이 좀 무거워. 단톡방에 공유해 두면 다들 조심하잖아. 너도 봤으면 알겠지만, 이런 발견 기사 볼 때마다 결국 확인하고 또 확인해야겠더라.",0,B,7,9
normal_aug_0098,"아까 인터넷 기사 봤는데 서울에서 보이스피싱 일당이 검거됐대. 남성들 중심으로 움직이던 조직인데, 여러 단서로 발견돼서 잡혔다고 하더라. 그래서 나 단톡방에 바로 올렸지. 음, 이런 소식은 다 같이 알아야 하잖아. 서울이라는 지역도 그렇고, 남성 몇 명이 아니라 꽤 큰 무리였던 거 같아서 더 놀랐어. 기사 보니까 검거 과정도 꽤 길었나 봐. 발견됐다는 표현이 나오는데, 그만큼 추적이 오래 걸렸겠지. 어, 물론 잡혔다고 끝은 아니고 피해자들은 이미 힘들었을 거라 마음이 좀 그랬어. 그래도 이런 기사 공유해 두면 다들 수상한 연락 오면 바로 경계하니까 좋더라. 나도 오늘은 가족한테도 한번 더 알려야겠어.",0,B,8,9
normal_aug_0099,"회사 보안 교육 들었는데, 아 진짜 녹취 얘기만 몇 번을 듣는지 모르겠어. 음, 어떤 상황에서는 녹취가 필요하고, 또 진술은 정확하게 남겨야 한다면서 엄청 강조하더라. 근데 듣다 보니 머리만 아팠어. 정보 보호도 그렇고, 괜히 압수나 이런 단어까지 나오니까 분위기만 무거워지고... 원래도 조심했는데 더 신경 쓰이더라. 특히 개인정보는 함부로 말하지 말고, 녹취 파일도 아무 데나 두면 안 된대. 진술 내용도 남는다고 하니까 말 한마디가 다 기록되는 느낌이라 좀 답답했어. 어, 결국은 정보 관리가 제일 중요하다는 건데, 매번 교육 때마다 같은 얘기처럼 들리면서도 또 놓치면 안 되잖아. 나 오늘 와서 메모만 잔뜩 했어.",0,B,9,9
normal_aug_0100,"오늘 보안 교육에서 배운 거 아직도 머릿속에 남아 있어. 녹취는 왜 이렇게 신경 쓸 게 많은지... 음, 진술 정리할 때도 말 흐리면 안 되고, 정보는 꼭 필요한 것만 다뤄야 한다고 하더라. 괜히 압수 같은 상황까지 예시로 들어서 더 긴장됐어. 사실 그런 건 드라마에서나 보던 단어인데, 교육에서 들으니까 확 와 닿더라. 나도 모르고 있던 정보가 많아서 좀 민망했어. 녹취본이 잘못 돌면 곤란하니까 파일 공유도 조심해야 하고, 진술 내용도 함부로 덧붙이면 안 된다더라. 어, 듣고 나서 괜히 메신저 기록까지 다시 보게 됐어. 정보 보호가 결국 내 일이라는 걸 계속 강조하니까, 조금 피곤해도 맞는 말이긴 하더라. 근데 솔직히 교육 시간 길어서 좀 힘들었어.",0,B,10,9
normal_aug_0101,"네, 그러니까 이번 대출은 승인까지 완료되신 상태고요. 이제 자금 수령 이후 상환 방법이랑 이율 안내를 드리면 됩니다. 고객님께서 원하시는 상환 방식이 원리금 균등인지, 아니면 만기 일시인지에 따라 매달 부담이 달라지거든요. 아, 저는 일단 매달 나가는 금액을 좀 줄이고 싶어서요. 그럼 원리금 균등으로 보시는 게 맞을 수 있습니다. 다만 이율은 고객님 조건에 따라 약간 달라질 수 있어서, 대출 승인 시점 기준으로 적용된 이율을 다시 확인해 드리겠습니다. 음, 그 승인된 금액이 전체 자금인가요, 아니면 일부만 자금으로 들어오나요? 전체 자금으로 들어오고, 중도 상환도 가능하신데요. 중도 상환을 하실 경우에는 남은 원금에 따라 수수료가 있을 수 있어서, 상환 전에 한 번 더 안내받으시는 게 좋습니다. 네, 상환할 때 미리 연락드리면 되겠네요. 네, 맞습니다. 그리고 대출 실행 후 첫 상환일, 이율, 상환 방식은 문자로도 다시 안내가 나갑니다.",0,A,1,10
normal_aug_0102,"네, 고객님 대출 승인 건 관련해서 다시 설명드리겠습니다. 지금 자금은 정상 승인 상태이고, 상환은 매월 지정일에 자동 출금되도록 설정하실 수 있습니다. 아, 자동 출금이 편하긴 하겠네요. 네, 맞습니다. 이율은 최초 안내드린 기준으로 적용되지만, 대출 상품에 따라 일부 우대 조건이 붙으면 조금 달라질 수 있습니다. 그러면 승인된 자금은 바로 들어오는 건가요? 네, 실행 요청이 완료되면 자금 입금이 되고, 이후 상환 일정만 지켜주시면 됩니다. 음, 상환 방식이 여러 개라고 하셨죠? 네, 맞습니다. 고객님께서 원하는 상환 방식에 따라 상환 금액이 달라지고요, 상환 중에 문의가 생기면 언제든 다시 확인해 드릴 수 있습니다. 대출 관련해서 자금, 이율, 상환 이 세 가지는 꼭 같이 보셔야 해서요. 네, 그럼 승인 문자 오면 제가 다시 보고 상환일도 확인하겠습니다.",0,A,2,10
normal_aug_0103,"고객님, 전산 쪽에 잠시 문제가 있어서 납부 접수가 조금 지연되고 있습니다. 지금은 접수 자체는 들어와 있는데, 전산 반영이 늦어져서 납부 금액 확인이 바로 안 되고 있거든요. 아, 그러면 제 납부가 아직 안 된 건가요? 완전히 안 된 건 아니고요, 접수는 정상적으로 되었는데 전산 오류 때문에 금액 반영이 늦는 상황입니다. 저희가 현재 순서대로 처리 중이라 조금만 기다려 주시면 납부 상태가 다시 잡힙니다. 음, 그럼 제가 따로 뭘 해야 하나요? 아니요, 고객님께서 따로 다시 납부하실 필요는 없습니다. 기존 접수 내역을 바탕으로 전산 복구 후 금액이 정상 반영될 예정입니다. 다만 같은 시간대에 접수된 건들이 많아서 안내가 조금 늦어진 점 양해 부탁드립니다. 네, 알겠습니다. 그럼 납부 금액은 그대로 유지되는 거죠? 네, 맞습니다. 금액이 바뀌는 건 아니고, 전산 처리만 지연된 상태입니다.",0,A,3,10
normal_aug_0104,"저희 전산 시스템 점검이 길어지면서 일부 납부 접수가 지연되고 있습니다. 고객님 건도 접수는 완료됐지만, 전산상 납부 처리 완료 표시가 아직 올라오지 않았습니다. 아, 그래서 문자도 안 온 거였군요. 네, 그럴 가능성이 높습니다. 금액은 이미 확인되어 있고, 전산 반영만 늦어지는 상황이라 고객님께서 다시 결제하실 필요는 없습니다. 음, 접수 번호 같은 거 있으면 확인이 쉬울까요? 네, 접수 번호가 있으면 더 빠르게 확인 가능합니다. 지금은 내부에서 금액과 접수 내역을 대조 중이라 잠시만 기다려 주시면 되고요. 혹시라도 납부 마감 시간이 임박하신 경우에는 우선 전산 복구 완료 후 바로 안내드리겠습니다. 네, 그럼 기다리면 되는 거네요. 네, 맞습니다. 전산 오류가 해소되는 대로 납부 결과와 금액을 다시 문자로 안내드리겠습니다.",0,A,4,10
normal_aug_0105,"비대면 계좌 개설 관련해서 몇 가지 개인 정보 확인 절차가 필요합니다. 고객님 명의로 개설하시는 게 맞는지부터 확인해야 하고요. 아, 네, 제 명의로 하려고 합니다. 감사합니다. 그러면 개설 신청 화면에서 입력하신 개인 정보와 실제 정보가 일치하는지 확인이 필요합니다. 예를 들어 이름, 생년월일, 연락처 같은 정보가요. 음, 그건 다 제 개인 정보 맞습니다. 네, 맞으시면 다음 단계로 넘어가겠습니다. 비대면 개설은 본인 명의 확인이 꼭 필요해서, 타인 명의로는 진행이 불가합니다. 그리고 주민등록 관련 정보는 자동으로 검증되는데, 입력 정보가 다르면 개설이 중단될 수 있습니다. 아, 그러면 제가 수정해야 하는 게 있나요? 현재는 문제 없어 보이고, 개인 정보 확인만 완료되면 개설 절차가 이어집니다.",0,A,5,10
normal_aug_0106,"고객님, 비대면 계좌 개설 절차 중이라 몇 가지 확인을 드리겠습니다. 먼저 이 계좌가 본인 명의가 맞는지, 그리고 입력하신 정보가 정확한지 확인해야 합니다. 네, 제 명의로 개설하는 거 맞아요. 감사합니다. 그러면 이름, 주소, 연락처 같은 개인 정보가 현재 사용 중인 정보와 같은지 다시 봐야 합니다. 음, 주소만 최근에 바뀌었는데 그건 괜찮나요? 네, 가능합니다. 다만 개설 과정에서는 수정된 정보를 다시 입력해 주셔야 하고, 인증 단계에서도 개인 확인이 필요합니다. 아, 그럼 휴대폰 인증 같은 거요? 네, 맞습니다. 본인 명의 휴대폰으로 인증을 받아야 개설이 이어집니다. 만약 정보가 일치하지 않으면 개설이 지연될 수 있어서, 지금 단계에서 한 번 더 확인해 드리는 겁니다. 네, 그럼 제가 바로 바꿔서 진행하겠습니다.",0,A,6,10
normal_aug_0107,"고객님 카드 한도랑 해외 거래 가능 여부를 같이 확인해 드리겠습니다. 먼저 현재 카드 이용 한도는 내부 조회 후 안내가 가능하고요, 해외 거래는 별도 설정이 되어 있어야 가능할 수 있습니다. 아, 해외에서 결제하려고 해서요. 네, 그러시면 카드가 해외 이용 가능 상태인지 보셔야 합니다. 일부 카드는 기본적으로 해외 거래가 막혀 있을 수 있어서, 이용 설정을 켜야 가능해집니다. 음, 한도는 충분한지도 같이 볼 수 있나요? 네, 가능합니다. 카드 이용 한도와 최근 거래 내역을 함께 확인해서 해외 거래에 무리가 없는지 안내드리겠습니다. 만약 한도는 괜찮은데 해외 이용이 제한돼 있으면, 그 부분만 따로 변경하면 됩니다. 아, 그러면 지금 바로 가능 여부 확인해 주세요. 네, 잠시만요. 카드 조회 후 이용 가능 상태와 거래 제한 여부를 다시 말씀드리겠습니다.",0,A,7,10
normal_aug_0108,"네, 카드 관련해서 한도 조회와 해외 거래 가능 여부를 확인해 보겠습니다. 고객님 카드 이용 내역상 한도는 아직 남아 있는 편인데, 해외 거래는 기본 설정에 따라 가능 여부가 달라질 수 있습니다. 음, 제가 지금 여행 중이라 급해서요. 그러면 우선 카드가 해외에서 이용 가능하도록 되어 있는지 확인이 우선입니다. 카드에 따라 국내 거래는 정상이어도 해외 거래는 별도 승인 없이 안 될 수 있거든요. 아, 그럼 제가 따로 신청해야 하나요? 경우에 따라 간단한 설정 변경만으로 가능할 수도 있습니다. 그리고 최근 거래가 많으면 일시적으로 한도 조정이 필요할 수도 있으니 같이 보겠습니다. 고객님 카드가 이용 가능 상태로 확인되면 해외 거래도 바로 쓰실 수 있습니다. 네, 그 결과만 알려주시면 됩니다.",0,A,8,10
normal_aug_0109,"고객님, 대출 입금 요청이 접수는 되었는데, 본인 확인 통화 절차가 먼저 필요합니다. 아, 입금이 바로 되는 줄 알았는데요. 네, 요청은 접수되었지만 대출 입금은 본인 확인 통화 후에만 진행 가능합니다. 그래서 지금 통화 가능하실 때 확인을 먼저 도와드려야 합니다. 음, 그럼 제가 몇 가지 답하면 되는 건가요? 네, 맞습니다. 본인 확인이 끝나면 대출 입금 요청을 바로 이어서 처리할 수 있습니다. 요청 내용과 입금 계좌가 맞는지 확인하고, 이상이 없으면 입금 절차가 진행됩니다. 아, 통화만 끝나면 입금까지 되는 거군요. 네, 그렇습니다. 요청이 접수된 상태라 순서대로 확인만 하시면 됩니다.",0,A,9,10
normal_aug_0110,"저희 쪽에 대출 입금 요청은 들어와 있는데, 본인 확인을 위한 통화가 아직 완료되지 않았습니다. 그래서 입금 처리 전에 고객님과 직접 통화가 필요합니다. 아, 제가 지금 받았잖아요. 네, 맞습니다. 지금 이 통화에서 본인 확인 절차를 마치면 됩니다. 대출 입금 요청이 정상인지, 그리고 요청하신 계좌가 본인 명의가 맞는지 확인해야 하거든요. 음, 그 확인만 되면 바로 입금되나요? 네, 확인 후에는 입금 진행이 가능합니다. 다만 통화 중에 등록 정보와 다르면 추가 확인이 필요할 수 있습니다. 요청이 접수된 건 맞고, 본인 확인만 완료되면 입금 단계로 넘어갑니다. 네, 그럼 제가 확인 질문에 답하겠습니다.",0,A,10,10
normal_aug_0111,"아침 뉴스 봤어? 어, 오늘 진짜 놀랐어. 어떤 사건이 나왔냐면, 누가 남의 명의로 카드랑 계좌를 막 건드렸대. 처음엔 그냥 보통 사기인가 했는데, 수사 들어가고 나서 보니까 도용 수법이 꽤 치밀하더라. 그래서 내가 바로 가족들한테도 말했지, 모르는 문자 링크 함부로 누르지 말라고. 명의 같은 건 한 번 새면 되돌리기 너무 힘들잖아. 나도 솔직히 내 이름으로 뭐 신청된 거 없는지 한번 확인해 보려고. 이런 사건은 남 일 같아도 금방 내 일이 될 수 있더라, 진짜로.",0,B,1,11
normal_aug_0112,"나도 아침에 그 뉴스 봤는데, 어휴, 좀 소름 돋더라. 명의 도용이 그렇게 쉽게 되는 줄 몰랐어. 수사 결과 보니까 아주 평범한 척 접근해서 정보 빼내고, 그걸로 또 다른 사건까지 이어졌더라고. 그래서 내가 엄마한테도 전화했어, 명의 관련해서 이상한 연락 오면 바로 끊으라고. 도용은 한 번 당하면 정신이 없어서 대처가 늦어질 수 있대. 수사 얘기 나오는 것도 무섭지만, 결국은 평소에 조심하는 수밖에 없더라. 나도 앞으로는 서류 사진 찍어서 보내는 거 더 신중하게 하려고.",0,B,2,11
normal_aug_0113,"아까 모르는 번호가 와서 받았는데, 진짜 이상했어. 자기가 수사관이라면서 내 이름이 어떤 범죄에 연루됐는지 조사해야 한다고 하더라. 말투도 괜히 딱딱하고, 빨리 협조하라 그러고... 그래서 바로 끊었지. 근데 끊고 나니까 화가 나더라, 아니 무슨 수사관이 전화로 범죄 연루 얘기를 하냐고. 너도 이런 전화 오면 절대 길게 받지 마. 괜히 조사한다, 확인한다 하면서 겁 주는 거더라.",0,B,3,11
normal_aug_0114,"나도 비슷한 전화 받은 적 있어. 처음에는 진짜 수사관인가 싶어서 잠깐 멈췄거든? 근데 계속 범죄 연루니 조사니 하면서 개인정보를 묻길래 이상해서 끊었어. 생각해 보니까 말도 안 되는 방식이더라. 수사관이면 그렇게 전화로 다 풀지 않겠지. 괜히 겁먹고 따라가면 안 될 것 같아. 나중에 찾아보니까 요즘 그런 식으로 사람 흔든대. 진짜 황당하더라, 이런 걸 왜 믿게 만들려고 하는지.",0,B,4,11
normal_aug_0115,"그 다큐 봤어? 불법 대포통장 개설 이야기 나오는데, 생각보다 너무 쉽게 흘러가더라. 나는 그냥 통장 하나 빌려주는 정도인 줄 알았는데, 그게 피해자한테 얼마나 큰 문제인지 다 나오더라고. 개설 과정도 교묘하고, 불법이라는 말이 딱 맞았어. 피해자들이 나중에야 자기 이름으로 이상한 거래가 있었던 걸 알게 되니까 더 답답했지. 보고 나서 나도 계좌 관련 문자 오면 무조건 다시 확인하려고 마음먹었어.",0,B,5,11
normal_aug_0116,"응, 나도 봤어. 처음엔 좀 지루할 줄 알았는데, 불법으로 대포통장 개설하는 장면 설명하는데 꽤 충격이었어. 특히 피해자들이 자기랑 상관없는 일 때문에 묶여버리는 부분이 제일 답답하더라. 개설 서류도 허술하게 다루고, 누가 봐도 이상한데 그냥 넘어가고... 그런 식으로 굴러가니까 문제지. 나도 친구한테 말했어, 이런 건 절대 호기심으로라도 끼면 안 된다고. 불법은 결국 누군가한테 피해자로 돌아오더라.",0,B,6,11
normal_aug_0117,"단톡방 봤지? 서울에서 대규모 보이스피싱 일당 남성들이 검거됐다는 기사 올라왔던데. 나는 처음에 서울이라서 사람 많은 데서 또 무슨 일인가 했어. 기사 보니까 여러 명의 남성들이 한꺼번에 검거됐고, 여기저기서 증거도 발견됐대. 이런 거 보면 진짜 조직적으로 움직였구나 싶더라. 일단 기사 공유해 두긴 했는데, 다들 링크 조심하라고도 같이 보냈어.",0,B,7,11
normal_aug_0118,"응 봤어, 나도 바로 읽었어. 서울에서 그렇게 크게 검거됐다는 게 놀랍더라. 남성 몇 명이 아니라 여러 명이 같이 움직인 것 같아서 더 무섭던데, 기사에서 장비나 기록도 발견됐다고 하니까 꽤 준비를 많이 했나 봐. 그래도 잡혔다니 다행이지. 단톡방에 공유한 거 잘했어. 이런 건 퍼뜨려야 다들 조심하니까. 나도 부모님한테 기사 캡처 보내드렸어.",0,B,8,11
normal_aug_0119,"오늘 회사 보안 교육 너무 길지 않았어? 음, 특히 녹취 얘기 나올 때 좀 피곤했어. 그래도 진술 남길 때는 꼭 정확해야 하고, 함부로 녹음 파일 돌리면 안 된다고 하더라. 근데 또 개인정보 얘기까지 이어지니까 머리가 복잡해졌어. 정보라는 게 한 번 새면 끝이라나, 그런 말 들으니까 괜히 신경 쓰이더라. 압수 같은 단어도 나오고, 실제 사례 설명하니까 더 무겁고... 난 그저 조용히 듣고 있었지.",0,B,9,11
normal_aug_0120,"맞아, 나도 퇴근 전에 그거 듣느라 멍했어. 녹취는 필요할 때만 하고, 진술도 과장 없이 정확히 하라고 계속 말하더라. 정보 관리도 좀 엄격하게 해야 한다고 해서, 평소처럼 메모장에 적어두던 습관도 다시 봐야겠더라. 누가 뭐 물어보면 쉽게 말하지 말고, 압수까지 이어질 수 있는 상황이면 더 조심해야 한다고 했잖아. 사실 듣고 나니까 귀찮다기보다 무섭더라. 회사 일도 그렇고, 정보는 정말 아무렇게나 다루면 안 되는 것 같아.",0,B,10,11
normal_aug_0121,"아, 지금 대출 심사 결과는 승인으로 확인되셨고요. 저희 쪽에서 자금 집행까지 이어지면 바로 상환 일정 안내를 드릴 수 있습니다. 네, 제가 궁금한 게 상환 방식이랑 이율이거든요. 네, 말씀드리겠습니다. 현재 적용되는 이율은 고정형으로 안내되고 있고, 상환은 매월 같은 날 자동 출금 방식으로 진행하실 수 있습니다. 자동 상환이요? 네. 원하시면 매달 직접 이체로도 가능하고, 중도에 자금 여유가 생기면 추가 상환도 가능합니다. 그럼 승인된 금액 전체를 바로 써도 되는 건가요? 네, 승인된 한도 안에서는 가능하신데, 실제 대출 실행 금액에 따라 상환 금액이 달라질 수 있습니다. 아, 그러면 이율은 실행 전에 한 번 더 확인되는 거죠? 맞습니다. 자금 실행 전에 최종 이율과 상환 예정표를 다시 안내드리겠습니다. 음, 그럼 저는 서류만 확인하면 되는 거네요. 네, 서류 확인 후 승인 유지되면 진행됩니다.",0,A,1,12
normal_aug_0122,"대출 심사 통과 안내 드리고, 상환 관련해서 한 가지 더 설명드리려고 전화드렸습니다. 네, 승인된 건 확인했는데 이율이랑 상환 방식이 좀 헷갈려서요. 우선 현재 대출은 승인 상태로 조회되고, 자금 사용은 실행 시점부터 가능하십니다. 상환은 원리금 균등 방식으로 잡혀 있고, 이율은 고객님 조건에 따라 적용됩니다. 원리금 균등이면 매달 비슷하게 나가는 거 맞죠? 네, 맞습니다. 다만 중간에 추가 상환을 하시면 전체 이자 부담은 조금 줄어들 수 있습니다. 아, 그럼 자금을 빨리 갚는 쪽이 나은 거군요. 상황에 따라 다르지만, 여유가 있으시면 상환을 앞당기는 것도 방법입니다. 승인된 금액은 전액 바로 쓰는 형태인가요? 아니면 일부만 실행도 되나요? 일부 실행도 가능하십니다. 필요한 자금만 먼저 받으시고 나머지는 보류하실 수 있어요. 네, 그럼 상환 스케줄하고 이율 문서 다시 보내 주실 수 있을까요? 네, 바로 안내드리겠습니다.",0,A,2,12
normal_aug_0123,"전산 점검 중이라 납부 처리가 조금 지연되고 있어서 양해 말씀드리려고 연락드렸습니다. 아, 납부가 아직 접수된 게 아니에요? 접수는 되었는데 전산 반영이 늦어지고 있습니다. 금액 자체는 정상적으로 확인되고 있고요. 그럼 저는 다시 납부해야 하는 건 아니죠? 네, 다시 납부하실 필요는 없습니다. 현재 시스템 오류가 잠시 있어서 접수 순서대로 금액 반영만 지연되는 상황입니다. 음, 그럼 언제쯤 처리될까요? 전산이 복구되는 대로 바로 순차 처리될 예정이고, 늦어도 오늘 안에는 확인 가능하도록 접수 건을 우선 관리하고 있습니다. 아, 제가 납부 확인 문자를 못 받아서 좀 불안했거든요. 네, 그 부분은 저희 전산 문제로 문자가 늦게 나갈 수 있습니다. 금액은 이미 접수되어 있고 중복 납부는 안 하셔도 됩니다. 그럼 제가 따로 할 일은 없는 거죠? 네, 현재로서는 없습니다. 전산 정상화 후 다시 안내드리겠습니다.",0,A,3,12
normal_aug_0124,"아, 납부 처리 관련해서 잠깐 말씀드리려고요. 지금 전산 쪽 오류로 금액 반영이 지연되고 있습니다. 접수는 정상적으로 되어 있는데, 납부 완료 표시가 늦게 올라가고 있어요. 그러면 제 금액은 아직 미납처럼 보일 수도 있다는 뜻인가요? 네, 화면상 그렇게 보일 수 있는데 실제 접수는 되어 있습니다. 전산이랑 납부 기록이 맞물리는 과정에서 지연이 생긴 상태입니다. 제가 다시 납부해야 하거나 그런 건 아니죠? 아니요, 다시 하실 필요 없습니다. 이미 접수된 금액은 보관되고 있고, 전산 복구 후 자동 반영됩니다. 아, 그럼 얼마나 기다리면 되는지 대략 알 수 있을까요? 현재로선 오늘 내 복구를 목표로 하고 있습니다. 복구되면 접수 내역과 납부 금액이 바로 연결됩니다. 음, 알겠습니다. 혹시 중간에 변동되면 연락 주시나요? 네, 전산 상태가 안정되면 바로 안내드리겠습니다.",0,A,4,12
normal_aug_0125,"비대면 계좌 개설 절차 안내드리려고 전화드렸습니다. 명의 확인하고, 필요한 정보 몇 가지를 받으셔야 진행됩니다. 네, 제가 지금 개설 신청 중인데 어떤 정보가 필요한가요? 우선 계좌 명의가 본인인지 확인이 필요하고요. 개인 정보 확인을 위해 이름, 생년월일, 휴대폰 번호 같은 기본 정보가 필요합니다. 아, 그 정보만 있으면 되는 거예요? 기본적으로는 그렇습니다. 다만 개설 유형에 따라 추가로 주소나 직업 정보가 들어갈 수 있습니다. 명의가 가족 명의로는 안 되는 거죠? 네, 비대면 개설은 원칙적으로 본인 명의로만 가능합니다. 개인 정보 입력 후에는 본인 인증 절차도 이어집니다. 음, 그럼 제가 준비해야 할 건 신분증이랑 휴대폰 정도네요. 맞습니다. 정보 확인이 끝나면 개설 가능 여부를 바로 확인해 드리겠습니다. 네, 그럼 진행해 주세요. 명의와 개인 정보부터 차례대로 확인하겠습니다.",0,A,5,12
normal_aug_0126,"비대면 계좌 개설 접수 건 보고 연락드렸습니다. 먼저 명의가 본인인지 확인이 필요하고, 개설에 필요한 정보 안내를 드릴게요. 네, 제가 지금 본인 명의로 하려고요. 그러면 개인 정보 확인 단계로 들어가겠습니다. 이름, 생년월일, 연락처 같은 정보가 필요하고, 추가로 신분증 촬영이 진행됩니다. 아, 개설할 때 주소 정보도 들어가나요? 네, 경우에 따라 주소와 직장 정보까지 확인될 수 있습니다. 명의가 맞지 않으면 진행이 안 되는 거죠? 맞습니다. 본인 명의 확인이 안 되면 개설 자체가 제한됩니다. 음, 그건 이해했습니다. 그럼 제가 입력한 정보가 틀리면 바로 수정할 수 있나요? 네, 개설 과정 중에는 수정 가능하지만 최종 제출 이후에는 다시 확인 절차가 들어갑니다. 아, 생각보다 확인할 게 많네요. 네, 개인 정보 보호 때문에 꼭 필요한 절차입니다. 차근차근 진행하시면 됩니다.",0,A,6,12
normal_aug_0127,"카드 한도 조회 도와드리겠습니다. 현재 카드 이용 가능 금액이 궁금하신 거죠? 네, 그리고 해외 거래 가능 여부도 같이 보고 싶어요. 네, 확인해 보겠습니다. 우선 카드 기본 한도는 조회가 되고 있고, 이용 내역에 따라 사용 가능 금액이 달라질 수 있습니다. 아, 지금 바로 해외 거래도 되는 건가요? 해외 거래는 별도 설정이 되어 있어야 가능할 수 있습니다. 지금 고객님 카드는 해외 이용이 잠시 제한된 상태로 보이네요. 그럼 제가 따로 신청해야 하나요? 네, 해외 거래 가능 여부를 열어두려면 본인 확인 후 변경 신청이 필요합니다. 카드 이용 금액은 넉넉한 편인데, 해외 결제만 막혀 있는 거군요. 맞습니다. 국내 이용은 가능하고 해외 거래만 제한 중입니다. 아, 그럼 한도 올리는 거랑 해외 이용 설정은 다른 거죠? 네, 서로 다른 항목이라 별도로 보셔야 합니다. 원하시면 제가 바로 안내 이어드리겠습니다.",0,A,7,12
normal_aug_0128,"카드 한도랑 해외 거래 가능 여부 확인 요청 주셔서 전화드렸습니다. 네, 카드 이용 한도 좀 보고 싶고, 해외 거래도 되는지 궁금해서요. 우선 현재 카드 이용 가능 금액은 확인되는데, 거래 설정은 별도 확인이 필요합니다. 해외에서 쓰려면 무조건 되는 게 아니에요? 네, 일부 카드는 기본 거래는 가능해도 해외 거래는 차단되어 있을 수 있습니다. 아, 그런 경우가 있군요. 지금 고객님 건은 국내 이용은 정상인데 해외 거래는 제한 상태로 보입니다. 카드 한도 자체는 남아 있어도 해외 거래가 막히면 결제가 안 될 수 있습니다. 그럼 가능하게 바꾸려면 어떻게 해야 하나요? 본인 확인 후 해외 이용 등록을 하시면 됩니다. 카드 비밀번호나 추가 인증이 필요할 수 있습니다. 아, 그럼 제가 직접 신청하면 되는 거죠? 네, 신청 후 승인되면 해외 거래 가능으로 전환됩니다. 이용 내역도 함께 확인해 드릴게요.",0,A,8,12
normal_aug_0129,"대출 입금 요청이 접수되어서 연락드렸습니다. 다만 입금 처리 전에 본인 확인 통화가 꼭 필요합니다. 네, 요청 넣은 건 맞는데 왜 통화를 또 해야 하나요? 대출 관련 입금은 보안상 본인 확인 절차를 거쳐야 해서요. 통화로 확인이 되어야 입금 진행이 가능합니다. 아, 그럼 제가 지금 답하면 되는 거죠? 네, 본인 확인 질문에 응답해 주시면 됩니다. 요청하신 대출 건과 입금 계좌 정보가 일치하는지 확인할 예정입니다. 음, 혹시 제가 따로 준비할 건 없나요? 현재는 통화만 가능하시면 됩니다. 확인이 끝나면 입금 요청 건이 바로 진행됩니다. 입금 금액도 같이 다시 안내되나요? 네, 요청된 금액과 입금 일정까지 함께 말씀드리겠습니다. 그럼 통화 이어서 진행해 주세요.",0,A,9,12
normal_aug_0130,"대출 입금 요청 건이 들어와서 본인 확인 통화가 필요합니다. 잠깐 시간 괜찮으실까요? 네, 괜찮습니다. 입금 요청은 접수되어 있는데, 실제 입금 전에는 본인 확인이 필요합니다. 요청하신 내용이 맞는지 한 번 더 확인해야 해요. 아, 그럼 제가 맞다고 말씀드리면 되는 거죠? 네, 맞습니다. 이름과 생년월일 같은 기본 확인 후에 입금 진행이 됩니다. 대출 입금은 바로 들어오는 게 아니라 통화가 먼저군요. 네, 안전 절차라서 그렇습니다. 요청 내용과 통화 결과가 일치하면 입금 처리로 넘어갑니다. 그럼 입금은 오늘 안에 가능한가요? 확인이 끝나면 가능한 한 빠르게 진행됩니다. 알겠습니다. 통화 끝나면 바로 처리 부탁드려요. 네, 본인 확인 후 바로 이어서 안내드리겠습니다.",0,A,10,12
normal_aug_0131,"아침에 뉴스 봤는데, 진짜 기분이 이상하더라. 명의 도용 사건이 또 났대, 그것도 평범한 사람들 상대로. 수사도 진행 중이라던데, 어휴, 이런 건 남 일이 아니더라. 나도 예전에 비슷하게 문자 온 적 있어서 더 신경 쓰였어. 명의가 한번 새면 뒷수습이 얼마나 번거로운지 알잖아, 그러니까 이런 사건은 꼭 조심해야 해. 가족들한테도 말했어, 신분증 사진 함부로 보내지 말고, 수상한 링크도 누르지 말라고. 도용은 한순간인데 피해는 오래 가니까. 맞아, 나도 오늘 다시 비밀번호 바꾸려고. 사건 소식 들으니까 괜히 정신 바짝 차리게 되더라.",0,B,1,13
normal_aug_0132,"야, 오늘 아침 뉴스에 나온 그 사건 봤어? 명의 도용이 그렇게 쉽게 되는 줄 몰랐어. 수사 들어갔다고 하던데, 참 무섭더라. 나는 그냥 이름하고 생년월일 정도만 있으면 되는 줄 알았는데, 그게 아니더라구. 명의가 털리면 카드며 통장이며 다 엉킬 수 있다잖아. 그래서 나 아침부터 가족들한테 전화했지, 도용 관련 문자 오면 절대 누르지 말라고. 사건이 워낙 커 보여서 남 얘기 같지가 않더라. 응, 특히 본인 확인 필요하다는 말에 속기 쉽대. 그러니까 이런 수사는 빨리 끝나야 하고, 우리도 더 조심해야 돼.",0,B,2,13
normal_aug_0133,"아까 모르는 번호가 와서 받았는데, 자기들 수사관이라고 하더라. 순간 어이가 없었어. 내가 뭘 연루될 일이 있냐고 했더니, 조사 때문에 협조하라나 뭐라나... 말투도 이상하고 내용도 뜬금없고. 그래서 바로 끊었지. 요즘 범죄 관련 사칭 전화가 많다더니 진짜였어. 수사관이라면서 이름이랑 주민번호부터 묻는데, 그게 말이 되나 싶더라. 괜히 계속 들었으면 더 골치 아플 뻔했어. 응, 나도 다시 생각하니까 소름 돋아. 연루 같은 말로 겁주면서 조사한다고 하는 건 다 의심해야겠더라. 너도 혹시 비슷한 전화 오면 절대 말 길게 하지 마.",0,B,3,13
normal_aug_0134,"방금 전화 끊고 바로 너한테 연락했어. 수사관이라고 하면서 조사 받으러 나오라는데, 말도 안 되는 소리만 하더라. 범죄에 연루된 거 아니냐고 계속 떠보길래 더 수상했어. 내가 그런 쪽이랑 무슨 관련이 있냐고 하니까, 갑자기 말 돌리고... 참 황당하더라. 진짜 조사라면 저런 식으로 전화부터 하진 않잖아. 연루라는 단어를 괜히 써서 사람 불안하게 만들려는 거 같았어. 나중에 생각하니까 목소리도 너무 작위적이더라. 그래서 바로 차단했지. 너도 요즘 모르는 번호 오면 조심해. 범죄 관련해서는 아무 말도 길게 안 하는 게 낫겠더라.",0,B,4,13
normal_aug_0135,"어제 그 다큐 봤는데, 불법 대포통장 개설 얘기 나오더라. 생각보다 너무 쉽게 빠지는 사람들이 있어서 놀랐어. 피해자들이 자기 이름으로 통장이 쓰였다고 나중에야 알게 되잖아. 개설 과정도 교묘하고, 알바인 줄 알고 갔다가 엮이는 경우도 있대. 불법인 줄 몰랐다는 말이 안 통할 정도로 복잡하더라. 근데 다큐 보면서 제일 답답했던 건, 피해자들이 사기당한 것도 모자라서 계속 설명해야 하는 상황이었어. 대포통장이라는 말은 많이 들었는데 실제 흐름은 처음 알았어. 응, 나도 봤어. 개설 한 번 잘못하면 기록이 오래 남는다더라. 피해자 입장에서는 너무 억울하겠지.",0,B,5,13
normal_aug_0136,"그 다큐 진짜 찝찝하더라. 불법 대포통장 개설이 그냥 돈 조금 준다는 말에 넘어가서 생긴다니. 피해자들 얼굴 나오는데 마음이 좀 무거웠어. 개설 명의가 남의 걸로 되어 있으면 나중에 다 책임 떠안는 경우도 있다잖아. 불법이라는 걸 알아도 선뜻 거절 못하는 사람들 심리도 나오던데, 그게 더 현실적이었어. 대포통장이라고 하면 먼 얘기 같았는데, 결국 피해자들이 제일 힘들겠더라. 나도 보고 나서 가족들한테 바로 말했어, 통장 빌려주거나 대신 만들어주라는 말은 무조건 거절하라고. 그래, 이런 건 처음부터 안 엮이는 게 답이야.",0,B,6,13
normal_aug_0137,"서울에서 보이스피싱 일당이 검거됐다는 기사 봤어? 남성 여러 명이 한꺼번에 잡혔다던데, 사진 보니까 규모가 꽤 크더라. 기사 안에서 현장도 발견됐다길래 더 놀랐어. 서울 한복판에서 그런 일이 있었다니, 진짜 자주 들리긴 해도 막상 보면 충격이야. 검거 소식이라 다행이긴 한데, 피해자 생각하면 마음이 안 놓이더라. 남성들끼리 조직적으로 움직였다고 하던데, 기사 내용이 꽤 자세했어. 나 그거 단톡방에 바로 보냈잖아, 다들 조심하라고. 응, 나도 봤어. 발견된 자료도 많다던데, 이런 건 빨리 검거되는 게 제일 중요하지.",0,B,7,13
normal_aug_0138,"아까 서울 기사 공유한 거 봤지? 보이스피싱 일당 남성들이 검거됐다더라. 사진도 같이 있었는데, 현장에서 여러 흔적이 발견됐다고 해서 더 눈에 띄었어. 서울에서 이런 일이 계속 터지니까 좀 불안하긴 하다. 그래도 검거 소식은 반갑더라, 피해자들 입장에서는 조금이라도 마음 놓일 수 있으니까. 남성 몇 명이 주도했다는 내용도 있던데, 생각보다 조직적이었어. 내가 단톡방에 올리면서도 괜히 다들 조심하라고 한마디 덧붙였어. 이런 기사 볼 때마다, 우리도 모르는 번호나 수상한 문자에 더 민감해야겠다고 느껴. 응, 발견된 증거가 많다니까 수사가 잘 되길 바라야지.",0,B,8,13
normal_aug_0139,"오늘 회사 보안 교육 진짜 길었지. 녹취할 때는 상대 허락부터 확인하라느니, 진술은 정확히 남겨야 한다느니... 머리가 아프더라. 게다가 개인정보 관련 정보는 메신저로 막 주고받지 말라고 계속 강조하잖아. 나중에 압수 같은 절차가 들어가면 기록이 다 남는다면서, 괜히 겁만 줬어. 물론 중요한 건 알겠는데, 같은 말만 몇 번씩 들으니까 피곤하더라. 녹취도 함부로 하면 안 되고, 진술도 애매하게 하면 안 된다니까 더 조심스러워졌어. 정보 관리가 왜 이렇게 빡빡한지. 맞아, 그래도 틀린 말은 아니지. 결국 개인정보는 한 번 새면 돌이키기 어렵다더라.",0,B,9,13
normal_aug_0140,"아, 오늘 교육 들으면서 진짜 피곤했어. 녹취 어떻게 남기는지, 진술은 왜 정확해야 하는지 계속 설명하던데, 너무 반복되니까 정신이 없더라. 정보 보호도 중요하다면서 메일 첨부 하나 보내는 것도 다 조심하라고 하고. 나중에 압수 관련 대응까지 얘기하는데, 회사 다니면서 이런 것까지 배워야 하나 싶었어. 그래도 생각해 보면 녹취나 진술이 엉키면 나중에 더 큰 문제가 되니까 이해는 돼. 정보 하나 잘못 다루면 책임이 커진다는 말도 맞고. 근데 교육 방식은 좀... 어, 너무 딱딱했어. 다음엔 좀 짧게 핵심만 해줬으면 좋겠다. 나도 이제부터는 파일명부터 더 신경 써야겠어.",0,B,10,13
normal_aug_0141,"네, 방금 대출 심사 결과가 나와서 연락드렸습니다. 아, 승인 여부가 궁금하셨죠? 네. 전화 주신 분 성함이랑 생년월일 먼저 확인해도 될까요? 음, 성함은 김민수고 생년월일은 8월 14일입니다. 네, 확인됐습니다. 현재 대출은 승인 완료되셨고요, 자금은 다음 영업일 오후에 지정하신 계좌로 들어가게 됩니다. 아, 그럼 상환은 어떻게 하면 되나요? 상환은 매달 같은 날짜에 자동이체로 하실 수도 있고, 앱에서 직접 납부하실 수도 있습니다. 이율은 안내드린 조건대로 연 5.2퍼센트가 적용되고요, 중도 상환을 원하실 때는 일부 수수료가 발생할 수 있습니다. 어, 그럼 제가 미리 일부를 상환하면 이자가 줄어드는 거죠? 네, 맞습니다. 상환 금액이 줄어들면 남은 기간 이자도 함께 줄어듭니다. 다만 상환 일정이나 자금 출처는 계약서에 적힌 기준에 맞아야 해서, 필요하시면 제가 다시 한번 정리해서 문자로 보내드리겠습니다. 아, 보내주시면 좋겠네요. 네, 그럼 승인 내용, 이율, 상환 방식까지 묶어서 안내드리겠습니다.",0,A,1,14
normal_aug_0142,"잠시만요, 대출 건 확인 중인데요. 네, 이번 대출은 승인 완료되어 있고 자금 집행만 남아 있습니다. 아, 승인됐다고 하셨죠? 네. 다만 상환 방식은 미리 안내를 드려야 해서요. 보통은 매월 원리금 균등 상환으로 진행되고, 이율은 고객님 조건에 따라 달라지는데 현재는 연 6퍼센트 초반대로 확인됩니다. 어, 그럼 상환일은 바꿀 수 있나요? 네, 일부 범위 안에서는 변경 가능하고요, 상환 방식도 만기 일시 상환으로 선택 가능한 상품이 있습니다. 전화 주신 분 본인 확인도 같이 부탁드릴게요. 명의자분 성함과 생년월일, 그리고 휴대전화 뒷자리 확인 가능하실까요? 음, 명의는 박정현이고 뒷자리는 1122입니다. 네, 맞습니다. 자금은 승인 후에 안내드린 계좌로 들어가고, 이후 상환 안내문이 별도로 발송됩니다. 중간에 추가로 자금을 넣어 상환하실 수도 있고요. 아, 그러면 제가 문자 받아보고 다시 연락드려도 되나요? 네, 그렇게 하셔도 됩니다. 문자에는 승인 내용, 이율, 상환 방법이 함께 들어갑니다.",0,A,2,14
normal_aug_0143,"은행 전산 확인 중인데, 접수하신 납부 처리가 아직 완료되지 않았습니다. 네? 제가 오늘 아침에 납부했는데요. 아, 고객님, 불편 끼쳐드려 죄송합니다. 현재 전산 오류로 일부 납부 건이 지연 처리되고 있습니다. 전화 주신 분 성함 확인해도 될까요? 김서연입니다. 네, 확인됐습니다. 접수는 정상적으로 들어왔고요, 금액도 입력은 되어 있는데 전산 반영이 늦어지고 있습니다. 어, 그럼 내역이 사라진 건 아니죠? 아니요, 사라진 건 아닙니다. 납부 금액과 접수 시간은 모두 남아 있고, 전산 복구되는 대로 순차 반영됩니다. 보통은 오늘 안에 정리되는데, 상황에 따라 조금 더 걸릴 수 있습니다. 그럼 제가 다시 납부해야 하나요? 아닙니다, 중복 납부는 하지 않으셔도 됩니다. 이미 접수된 납부 건이라 금액만 확인되면 자동 처리됩니다. 아, 그럼 문자로 안내 받을 수 있나요? 네, 전산 정상화되는 즉시 안내 문자 보내드리겠습니다.",0,A,3,14
normal_aug_0144,"어, 방금 납부하신 건 문의 주셨죠. 네, 맞아요. 전산 쪽에서 일시적으로 지연이 있어서 접수는 됐는데 납부 완료 표시는 늦게 뜨고 있습니다. 전화 주신 고객님 본인 확인 먼저 도와드릴게요. 명의자 성함과 생년월일 부탁드립니다. 최은지, 3월 2일입니다. 네, 확인되었습니다. 현재 납부 금액은 정상 접수되었고, 전산 반영만 지연 중입니다. 금액 자체가 잘못된 건 아니고요, 시스템 점검 때문에 처리 순서가 뒤로 밀린 상태입니다. 아, 그럼 지금 은행 창구로 가야 하나요? 아니요, 따로 다시 하실 필요 없습니다. 접수 내역은 유지되고 있고, 전산 복구 후에 납부 상태가 자동으로 바뀝니다. 혹시 급하게 필요하시면 접수 번호를 문자로 보내드릴 수 있습니다. 어, 그거 보내주시면 좋겠네요. 네, 금액, 접수 시간, 처리 예정 안내까지 함께 보내드리겠습니다.",0,A,4,14
normal_aug_0145,"비대면 계좌 개설 관련해서 연락드렸습니다. 네, 어제 신청했는데요. 아, 확인해 보겠습니다. 먼저 명의 확인이 필요해서요, 개설 신청하신 분 성함하고 생년월일 말씀 부탁드립니다. 명의는 이지훈이고 생년월일은 12월 9일입니다. 네, 감사합니다. 비대면 개설은 본인 확인 절차가 중요해서 개인 정보 확인이 몇 가지 더 필요합니다. 휴대전화 인증, 신분증 확인, 그리고 주소 확인이 진행됩니다. 어, 개인 정보가 많이 들어가네요? 네, 계좌 개설을 위한 최소한의 정보만 확인합니다. 혹시 지금 본인 명의 휴대전화로 통화 중이신가요? 네, 맞습니다. 그럼 추가로 개설 목적도 간단히 확인하겠습니다. 생활비 관리용인지, 급여 수령용인지요. 생활비랑 급여 둘 다요. 알겠습니다. 입력해 주신 정보가 일치하면 개설이 완료되고, 완료 후에는 안내 문자와 계좌 정보가 발송됩니다. 아, 그럼 지금은 기다리면 되는 건가요? 네, 개인 정보 확인이 끝나면 바로 개설 승인 절차로 넘어갑니다.",0,A,5,14
normal_aug_0146,"잠시 통화 괜찮으실까요? 비대면 계좌 개설 진행 건이라 몇 가지 확인이 필요합니다. 네, 말씀하세요. 명의자분 본인 확인을 위해 성함, 생년월일, 그리고 사용하시는 개인 휴대전화 뒤 네 자리를 확인하겠습니다. 음, 장하늘이고 10월 21일, 뒤는 3344입니다. 네, 확인됐습니다. 개설 신청서에 입력하신 정보와 지금 말씀해 주신 정보가 일치해야 진행 가능합니다. 주소 같은 개인 정보도 일부 확인될 수 있고요. 아, 그건 괜찮습니다. 비대면 개설은 명의 도용 방지를 위해서 꼭 필요한 절차라 조금 번거로우실 수 있습니다. 혹시 공동 명의가 아닌 단독 명의 계좌 개설 맞으실까요? 네, 단독 명의 맞아요. 좋습니다. 그럼 정보 확인 후 바로 개설 승인 여부를 안내드리겠습니다. 완료되면 문자로도 다시 알려드릴게요.",0,A,6,14
normal_aug_0147,"고객님 카드 한도 조회 도와드리겠습니다. 네, 사용 가능 금액이 얼마나 남았는지 궁금해서요. 아, 확인해 보겠습니다. 먼저 카드 명의자 본인 확인 부탁드립니다. 성함하고 생년월일 말씀해 주세요. 박지현, 4월 7일입니다. 네, 확인됐습니다. 현재 카드 이용 한도는 기존 그대로이고, 이번 달 거래 내역 반영 기준으로 아직 사용 가능 금액이 남아 있습니다. 어, 해외 거래도 가능한가요? 네, 해외 거래 가능 여부도 같이 확인해 드릴 수 있습니다. 고객님 카드는 해외 이용이 가능하나, 별도 해외 승인 설정이 꺼져 있으면 현지 거래가 제한될 수 있습니다. 그럼 제가 지금 바로 설정해도 되나요? 네, 가능합니다. 다만 해외 거래는 보안상 추가 인증이 들어갈 수 있습니다. 아, 알겠습니다. 카드 이용 한도 문자도 받을 수 있나요? 네, 이용 한도와 해외 거래 가능 여부를 문자로 보내드리겠습니다.",0,A,7,14
normal_aug_0148,"안녕하세요, 카드 한도랑 해외 거래 가능 여부 확인하려고 연락드렸습니다. 네, 바로 도와드리겠습니다. 카드 번호 일부와 명의자 확인이 필요합니다. 명의자 성함이랑 생년월일 부탁드릴게요. 이정우, 1월 18일입니다. 네, 확인됐습니다. 현재 카드 이용 한도는 남아 있고, 일반 거래는 문제없이 가능하십니다. 해외 거래는 별도 신청 여부에 따라 가능한데요, 지금은 해외 이용이 열려 있는 상태입니다. 어, 그러면 현지에서 바로 써도 되는 거죠? 네, 다만 일부 거래는 가맹점 환경에 따라 추가 승인 절차가 있을 수 있습니다. 카드 이용 금액이 커지면 한도에 가까워질 수 있으니 거래 전 잔여 한도도 확인하시는 게 좋습니다. 아, 그럼 한도 안내 문자도 부탁드려요. 네, 카드 이용 가능 금액, 해외 거래 가능 상태, 최근 거래 내역까지 정리해서 보내드리겠습니다.",0,A,8,14
normal_aug_0149,"대출금 입금 요청 관련해서 확인드립니다. 네, 신청했는데 아직 안 들어왔어요. 아, 접수 내역은 보입니다만, 대출 입금은 본인 확인 통화가 완료되어야 진행됩니다. 전화 주신 분 성함과 생년월일 확인 가능할까요? 김도윤, 6월 30일입니다. 네, 맞습니다. 대출 입금 요청은 접수되었고, 현재 통화 절차만 남아 있습니다. 본인 명의 계좌가 맞는지 다시 한번 확인해야 합니다. 어, 제가 맞는데 왜 또 확인하나요? 대출 자금은 금액이 커서 본인 확인을 꼭 거쳐야 하고, 입금 오처리를 막기 위한 절차입니다. 괜찮으시면 몇 가지 짧게 확인드리겠습니다. 최근 신청하신 대출 금액과 입금받을 계좌 뒷자리 말씀해 주실 수 있을까요? 음, 금액은 천오백만 원이고 뒷자리는 7788입니다. 확인되었습니다. 통화 절차가 끝나면 입금 요청이 순차 반영됩니다. 아, 그럼 바로 진행되는 건가요? 네, 본인 확인만 마무리되면 됩니다.",0,A,9,14
normal_aug_0150,"대출 입금 요청 건으로 연락드렸습니다. 네, 어제 넣어 달라고 했는데요. 아, 확인해 보겠습니다. 현재 요청은 접수되어 있고, 입금 전 본인 확인 통화가 필요합니다. 전화 주신 분이 본인 맞으신지 명의 확인부터 할게요. 성함과 생년월일 말씀 부탁드립니다. 박현우, 9월 11일입니다. 네, 일치합니다. 대출 입금은 고객님 요청 금액과 계좌 정보가 맞는지 확인 후에 처리됩니다. 통화가 완료되어야 금액 입금이 진행돼서요. 어, 그럼 제가 지금 계좌 번호 불러드리면 되나요? 네, 계좌 뒤 네 자리와 입금 요청 금액까지 확인해 주시면 됩니다. 대출 자금이 잘못 들어가는 걸 막기 위한 절차라 조금만 협조 부탁드립니다. 알겠습니다. 계좌 뒤는 2211이고 요청한 금액은 이천만 원입니다. 네, 확인되었습니다. 통화 절차가 끝나면 입금 요청이 바로 반영되도록 진행하겠습니다.",0,A,10,14
normal_aug_0151,"아침에 뉴스 봤는데, 아 진짜 깜짝 놀랐어. 어떤 사람이 남의 명의로 이것저것 해놓은 사건이 나오더라. 처음엔 그냥 흔한 이야기인 줄 알았는데, 수사 들어가고 나서야 피해가 엄청 컸대. 그래서 내가 엄마한테도 바로 말했거든, 명의 관련된 거 절대 함부로 넘기지 말라고. 문자로 오는 링크도 조심하고, 신분증 사진 이런 것도 괜히 보내면 안 된다고. 그런 도용은 한 번 당하면 되돌리기 너무 힘들다더라. 나도 잠깐 멍했어... 뉴스에서만 보던 사건이 아니라 진짜 옆에서 일어날 수 있겠구나 싶었지. 너도 혹시 택배 확인 문자나 그런 거 오면 바로 누르지 말고 꼭 다시 확인해.",0,B,1,15
normal_aug_0152,"응, 나도 그 뉴스 봤어. 아침부터 기분이 묘하더라... 명의 도용이 생각보다 너무 교묘하던데? 그냥 평범한 문자 하나로 시작해서 계정까지 엮이더라고. 수사하는 사람들도 자료 모으느라 엄청 고생하겠던데, 그 사건도 수사가 꽤 길어질 것 같았어. 그래서 나는 이제 은행이든 통신사든 전화 오면 바로 믿지 말고 다시 확인하려고 해. 명의가 한 번 잘못 넘어가면 진짜 골치 아프잖아. 아, 그리고 가족들한테도 말해뒀어. 본인인증 번호나 이런 건 절대 남한테 말하지 말라고. 도용 사건은 남 일 같아도 금방 내 일이 되더라.",0,B,2,15
normal_aug_0153,"아까 모르는 번호로 전화 왔는데, 자기가 수사관이라고 하면서 내 이름이 범죄 쪽에 연루됐다고 하더라? 어이가 없어서 바로 끊었어. 말투도 너무 그럴듯하게 꾸며서 순간 헷갈릴 뻔했는데, 자세히 들으니까 조사 얘기만 반복하고 이상했어. 내 말 끊기도 전에 서류를 보내라, 계좌를 확인해야 한다 이러는데, 음... 이상해서 그냥 끊어버렸지. 이런 식으로 사람 겁줘서 속이려는 거구나 싶더라. 나중에 생각하니까 손이 좀 떨리더라. 그래서 바로 번호 차단하고 가족 단톡방에 올렸어. 혹시 또 비슷한 전화 오면 절대 응대하지 말라고.",0,B,3,15
normal_aug_0154,"나도 비슷한 전화 받은 적 있는데, 진짜 황당하더라. 수사관이라고 하면서 범죄 연루됐다는 말부터 꺼내니까 마음이 철렁했어. 근데 조금만 들어보면 말이 계속 겉돌아, 조사라는 말만 반복하고 구체적인 건 하나도 없고. 나중에 생각해 보니까 완전 이상했지. 그런 전화는 대화 길게 할 필요도 없더라. 그냥 끊는 게 맞는 것 같아. 괜히 맞받아치면 상대가 더 달라붙을까 봐 무섭잖아. 나는 끊고 나서 바로 통화 내역 지우고, 가족들한테도 같은 번호 조심하라고 보냈어. 진짜 이런 거 한 번 겪으면 하루 종일 기분이 별로야.",0,B,4,15
normal_aug_0155,"어제 다큐멘터리 봤는데, 불법 대포통장 개설 이야기가 나오더라. 처음엔 그냥 계좌 몇 개 만드는 이야기인 줄 알았는데, 피해자가 생각보다 많아서 좀 충격이었어. 특히 젊은 사람들한테 알바처럼 접근해서 대포통장 개설하게 만드는 장면이 나오는데, 너무 쉽게 보다가 큰일 나는 거더라. 피해자들은 자기 이름으로 문제가 생긴 것도 모르고 있다가 나중에야 알게 되고... 아 진짜 답답했어. 다큐가 과장된 게 아니라 실제로 그런 구조가 있다는 게 더 무섭더라. 불법으로 만든 통장이 결국 누군가한테 피해가 가는 거니까. 나도 앞으로는 이상한 제안 오면 아예 대꾸도 안 하려고.",0,B,5,15
normal_aug_0156,"그 다큐 나도 봤어. 불법 대포통장 개설이 왜 그렇게 위험한지 설명을 되게 잘하더라. 그냥 돈 조금 벌 수 있다는 식으로 꼬드기는데, 결국 피해자는 따로 생기잖아. 본인은 별일 없을 거라 생각했다가 나중에 은행 문제까지 생기고, 진짜 답 없더라. 피해자 인터뷰도 마음이 쓰였어. 자기 이름으로 된 계좌 때문에 오해받고, 해명하느라 몇 달씩 힘들었다잖아. 개설 과정이 너무 손쉽게 보이는 것도 문제고, 그걸 이용하는 사람들은 더 문제고. 다큐 보고 나니까 불법 관련된 건 조금이라도 이상하면 바로 피해야겠다는 생각이 들었어. 괜히 호기심으로 볼 일이 아니더라.",0,B,6,15
normal_aug_0157,"단톡방에 기사 봤어? 서울에서 대규모 보이스피싱 일당 남성들이 검거됐다는 거. 사진도 올라왔는데, 처음엔 어디서 발견된 건지 읽다가 좀 놀랐어. 서울 한복판에서 그렇게 오래 움직였다는 것도 의외였고, 검거 과정도 꽤 길었나 보더라. 다들 바로 조용해졌잖아. 나는 이런 기사 보면 늘 느끼는 건데, 겉보기엔 멀쩡해 보여도 이상한 전화나 문자에는 더 조심해야겠더라. 그 남성들 잡혔다고 끝이 아니라, 뒤에 또 연결된 일이 있는지 계속 봐야 할 것 같아. 너도 기사 봤으면 가족들한테 한 번씩 말해줘.",0,B,7,15
normal_aug_0158,"응, 봤지. 서울 기사라서 더 눈이 갔어. 남성들 여러 명이 한꺼번에 검거됐다고 하니까, 규모가 꽤 컸나 보다 싶더라. 사진 보는데, 발견된 장소도 생각보다 평범해 보여서 더 무섭더라. 이런 건 뉴스로만 보면 멀게 느껴지는데, 막상 우리 주변 서울에서도 벌어지니까 조심해야겠다는 생각이 들었어. 나는 단톡방에 바로 공유하고, 낯선 연락 오면 확인부터 하라고 적어놨어. 검거 소식은 속 시원하긴 한데, 또 비슷한 방식이 생길까 봐 걱정되더라. 그래도 이런 기사 자주 봐야 사람들이 경계하겠지.",0,B,8,15
normal_aug_0159,"오늘 회사 보안 교육에서 녹취 얘기 나오는데, 아 진짜 귀에 박히더라. 통화 녹취가 왜 필요한지, 또 진술이 오갈 때는 함부로 정보 말하면 안 된다고 계속 강조했어. 근데 듣다 보니 너무 당연한 말인데도 매번 새로 배우는 느낌이야. 또 압수나 조사 같은 단어도 예시로 나오니까 괜히 분위기만 무거워지고... 솔직히 교육 시간이 길어서 좀 지쳤어. 그래도 개인정보 정보는 조심해야 한다는 건 확실히 알겠더라. 전화로 받는 정보도, 메모 남기는 방식도 다 신경 써야 하고. 나중에 동료가 녹취 파일 정리하는 법 물어보면 또 설명해줘야 할 것 같아.",0,B,9,15
normal_aug_0160,"나도 오늘 들었어. 녹취를 남기는 이유부터 진술 정리하는 방식까지 다 설명하는데, 솔직히 머리가 아프더라. 압수니 뭐니 그런 사례까지 나오니까 괜히 내 일처럼 느껴졌어. 정보는 한 번 퍼지면 못 되돌린다고 하니까, 괜히 메일 제목이나 통화 내용도 더 조심하게 되더라. 근데 교육 받는 내내 같은 말을 너무 반복해서 좀 푸념이 나왔어. 음, 물론 필요한 건 알지. 알지만 너무 길었어. 그래도 동료들끼리 서로 녹취 습관이나 개인정보 관리법 공유해두면 나중에 덜 헷갈리겠더라. 다음 번엔 진술 기록 남길 때도 더 신경 써야겠어.",0,B,10,15
normal_aug_0161,"여보세요, 아까 대출 심사 결과 문자 받은 사람인데요. 승인됐다고 와서, 이제 자금 받는 방법이랑 상환은 어떻게 하면 되는지 좀 확인하려고 전화드렸어요. 네, 확인 도와드리겠습니다. 먼저 본인 확인부터 진행할게요. 성함하고 생년월일 말씀 부탁드립니다. 네, ▲▲▲이고요, 생년월일은 ▲▲▲▲년 ▲▲월 ▲▲일입니다. 감사합니다. 말씀하신 대출은 승인 완료 상태로 확인되고, 자금은 지정하신 계좌로 입금되며, 상환은 매달 같은 날짜에 자동이체로 진행하실 수 있습니다. 아, 자동이체로 되는군요. 그럼 상환일을 바꾸는 건 가능한가요? 예, 일정 범위 안에서는 조정 가능하십니다. 다만 이율은 선택하신 상품 기준으로 적용되고, 중도 상환하시면 남은 기간에 따라 이자 부담이 줄어들 수 있습니다. 음, 그러면 제가 자금은 오늘 받고, 상환은 다음 달부터 시작하는 게 맞겠네요? 네, 맞습니다. 자금 입금 후 첫 상환일은 안내 문자로 다시 받아보실 수 있고, 이율과 상환 금액도 함께 확인되실 겁니다. 그러니까 승인된 대출 금액, 자금 입금일, 상환일만 다시 한번 문자로 보내주실 수 있을까요? 네, 바로 발송해드리겠습니다. 잠시만요... 네, 정리해서 보내드렸습니다. 확인해 보시고 추가로 궁금하신 점 있으면 언제든 연락 주세요.",0,A,1,16
normal_aug_0162,"아, 저 대출 승인 연락 받았는데요. 승인된 뒤에 자금은 어떻게 들어오는지, 그리고 상환은 어떤 방식으로 해야 하는지 헷갈려서요. 네, 안내드리겠습니다. 먼저 본인 확인을 위해 성함과 연락처 끝 네 자리 말씀 부탁드립니다. ▲▲▲이고, 연락처는 ▲▲▲▲입니다. 감사합니다. 확인되셨고요. 해당 대출은 승인 완료 상태이며, 자금은 등록된 계좌로 지급됩니다. 상환은 매월 정해진 날짜에 납부하시면 됩니다. 음, 그 상환 금액은 고정인가요? 아니면 조금씩 바뀌나요? 상품에 따라 다르지만, 현재 안내드린 이율 기준으로는 일정하게 나가시는 구조입니다. 혹시 중간에 자금 여유가 생겨서 일부 상환을 해도 되나요? 예, 가능합니다. 일부 상환을 하시면 남은 원금이 줄어들기 때문에 전체 상환 부담도 줄어듭니다. 아, 그럼 승인 후 받은 자금은 바로 쓸 수 있고, 상환은 지정일에 자동으로 빠져나가는 거네요? 맞습니다. 자금 지급 후 첫 납부 일정과 이율 안내는 문자로도 다시 확인하실 수 있습니다. 그러니까 승인, 자금 지급, 상환 일정이 다 연결되어 있는 거군요. 네, 맞습니다. 필요하시면 상환 방식 변경 가능 여부도 다시 설명드릴 수 있습니다.",0,A,2,16
normal_aug_0163,"아, 오늘 납부해야 하는 금액이 있는데 아직 처리가 안 돼서요. 은행 전산 문제인지 접수가 된 건지 확인 좀 부탁드립니다. 네, 확인 도와드리겠습니다. 우선 불편 끼쳐드려 죄송합니다. 본인 확인을 위해 성함과 생년월일 말씀 부탁드립니다. ▲▲▲이고요, 생년월일은 ▲▲▲▲년 ▲▲월 ▲▲일입니다. 감사합니다. 확인해 보니 현재 전산 시스템 오류로 일부 납부 접수가 지연되고 있습니다. 접수 자체는 되어 있는데 전산 반영이 늦어져서 금액 처리 완료가 아직 안 된 상태입니다. 아, 그러면 제가 납부한 금액이 사라진 건 아니죠? 네, 그렇지는 않습니다. 금액은 정상 접수되어 있고, 전산 복구 후 순차 반영될 예정입니다. 음, 그럼 오늘 안에 다시 확인되나요? 가능한 빠르게 처리 중이지만, 상황에 따라 조금 더 걸릴 수 있습니다. 납부 마감일이 가까우시면 지연 안내를 문자로도 받아보실 수 있습니다. 그러니까 접수는 됐고 전산만 늦는 거네요. 네, 맞습니다. 납부 금액과 접수 내역은 보관되고 있으니 걱정하지 않으셔도 됩니다. 추가로 전산 복구 시점 확인되면 다시 연락드릴까요? 네, 부탁드립니다. 잠시 후 다시 안내드리겠습니다.",0,A,3,16
normal_aug_0164,"네, 지금 카드 납부가 안 잡혀서 전화드렸는데요. 전산이 좀 이상한 건지, 금액이 빠져나갔는지 확인하고 싶습니다. 네, 도와드리겠습니다. 먼저 본인 확인을 위해 등록 정보 확인하겠습니다. 성함과 연락처 말씀 부탁드립니다. ▲▲▲입니다. 연락처는 ▲▲▲▲▲▲입니다. 감사합니다. 현재 전산 점검으로 납부 접수가 지연되고 있고, 금액은 아직 최종 반영 전입니다. 아, 그럼 제가 결제한 게 미처리로 남아 있는 건가요? 네, 접수는 확인되지만 전산상 완료 표시가 늦어지고 있습니다. 납부 금액은 정상 처리 대기 상태로 보시면 됩니다. 음, 그럼 이중으로 납부될 가능성은 없겠죠? 네, 중복 처리되지 않도록 관리되고 있습니다. 전산이 복구되면 접수 순서대로 납부 완료 처리됩니다. 그러니까 금액은 그대로 유지되고, 전산만 늦는 상황이군요. 맞습니다. 필요하시면 오늘 접수된 납부 내역을 문자로 보내드릴 수 있습니다. 아, 문자로 주시면 좋겠네요. 네, 바로 보내드리겠습니다. 확인 후 이상 있으면 다시 연락 주세요.",0,A,4,16
normal_aug_0165,"여보세요, 비대면으로 계좌 개설하려고 하는데요. 명의 확인이랑 필요한 정보가 뭔지 좀 자세히 알고 싶어서요. 네, 안내드리겠습니다. 본인 확인을 위해 성함과 생년월일, 그리고 현재 사용 중인 개인 휴대폰 번호가 필요합니다. 음, 그러면 개인 정보가 다 필요한 거네요? 예, 개설 절차상 필요한 최소 정보만 확인합니다. 명의 확인을 위해 신분증 정보와 계좌 개설 목적도 함께 확인될 수 있습니다. 아, 제 명의로 개설되는 게 맞고, 가족 명의로는 안 되는 거죠? 맞습니다. 계좌 개설은 본인 명의로만 가능하고, 타인 명의로는 진행되지 않습니다. 그러니까 개인 정보랑 명의 확인이 핵심이네요. 네, 맞습니다. 추가로 주소나 직업 정보가 필요한 경우도 있는데, 이는 개설 심사에 필요한 범위 안에서만 확인합니다. 그럼 정보 입력은 제가 직접 하는 거고, 확인만 전화로 받는 건가요? 일부는 앱에서 직접 입력하시고, 일부 정보는 본인 확인 통화로 검증합니다. 아, 알겠습니다. 그럼 개설 진행해 주세요. 네, 접수해드리겠습니다. 잠시 후 본인 확인 절차 안내가 이어질 예정입니다.",0,A,5,16
normal_aug_0166,"아, 비대면 계좌 개설하려고 했는데요. 개인정보랑 명의 확인 때문에 전화가 온 건가요? 네, 맞습니다. 개설 진행을 위해 본인 확인이 필요해서 연락드렸습니다. 성함과 생년월일, 그리고 본인 명의 휴대폰 번호 확인 부탁드립니다. ▲▲▲이고요, 생년월일은 ▲▲▲▲년 ▲▲월 ▲▲일, 휴대폰은 제 개인 번호입니다. 감사합니다. 확인되었습니다. 계좌 개설은 본인 명의로만 가능하고, 안내드린 정보가 서로 일치해야 진행됩니다. 음, 그러면 주소 같은 정보도 다시 말해야 하나요? 필요할 수 있습니다. 개설 절차에 따라 직업이나 거래 목적 같은 개인 정보도 추가 확인될 수 있습니다. 아, 생각보다 정보가 좀 있네요. 네, 다만 법적 절차에 필요한 범위 안에서만 확인합니다. 명의와 개인 정보가 일치하면 개설 가능하시고, 이후에는 앱에서 계좌 사용이 가능해집니다. 그러니까 지금 통화에서 정보 확인이 끝나야 개설이 진행되는 거군요. 맞습니다. 만약 본인 명의가 아니거나 정보가 다르면 개설이 제한됩니다. 알겠습니다. 그럼 계속 진행해 주세요. 네, 이어서 확인하겠습니다.",0,A,6,16
normal_aug_0167,"네, 카드 한도 조회 좀 하고 싶은데요. 그리고 해외 거래도 가능한지 같이 봐주실 수 있을까요? 가능합니다. 본인 확인을 위해 성함과 생년월일 부탁드립니다. ▲▲▲이고, 생년월일은 ▲▲▲▲년 ▲▲월 ▲▲일입니다. 감사합니다. 현재 카드 이용 한도는 정상 조회되고 있고, 국내 거래는 물론 가능 상태입니다. 아, 해외 거래도 가능하다는 뜻인가요? 해외 거래 가능 여부는 카드 종류와 별도 설정에 따라 달라지는데요, 현재 고객님 카드에는 해외 이용이 제한 없이 열려 있습니다. 음, 그러면 그냥 바로 쓸 수 있는 건가요? 네, 다만 해외 거래는 현지 가맹점이나 결제 방식에 따라 승인이 달라질 수 있습니다. 카드 이용 한도도 함께 안내드리면, 현재 사용 가능 금액이 남아 있어서 추가 거래도 가능합니다. 그러니까 카드 한도도 있고, 해외 거래도 가능하다는 거네요. 맞습니다. 해외 이용 한도는 별도로 설정된 범위 안에서 적용됩니다. 필요하시면 해외 거래 알림 서비스도 같이 안내드릴게요. 아, 그건 나중에 다시 신청해도 되겠네요. 네, 가능합니다. 지금은 카드 이용 가능 여부와 거래 가능 상태만 확인되시면 됩니다.",0,A,7,16
normal_aug_0168,"안녕하세요, 카드 한도하고 해외 거래 가능 여부를 좀 확인하려고 전화드렸습니다. 네, 도와드리겠습니다. 본인 확인을 위해 성함과 연락처 끝자리 말씀 부탁드립니다. ▲▲▲이고, 끝자리는 ▲▲▲▲입니다. 감사합니다. 현재 카드 이용 가능 한도는 조회되며, 국내 거래는 정상 가능합니다. 아, 해외 거래도 가능한가요? 네, 해외 거래 가능 여부는 별도 설정에 따라 확인되는데, 고객님은 현재 가능 상태로 보입니다. 음, 그럼 한도 안에서만 거래가 되는 거죠? 맞습니다. 카드 이용 한도 내에서 거래가 가능하고, 해외 거래 역시 동일하게 적용됩니다. 그러니까 카드 이용, 거래 가능, 이런 부분이 다 연결되는 거네요. 네, 맞습니다. 다만 해외에서는 일부 가맹점이 제한될 수 있어요. 필요하시면 해외 이용 알림을 설정해드릴 수도 있습니다. 아, 그럼 설정까지 부탁드려도 될까요? 가능합니다. 지금 카드 한도와 거래 가능 상태 확인해두고, 설정은 이어서 도와드리겠습니다.",0,A,8,16
normal_aug_0169,"여보세요, 대출금 입금 요청을 넣었는데요. 접수됐다고만 뜨고 통화 확인이 필요하다고 해서 전화받았습니다. 네, 확인해드리겠습니다. 본인 확인을 위해 성함과 생년월일 부탁드립니다. ▲▲▲이고요, 생년월일은 ▲▲▲▲년 ▲▲월 ▲▲일입니다. 감사합니다. 현재 대출 입금 요청은 접수된 상태고, 본인 확인 통화가 완료되어야 최종 입금이 진행됩니다. 아, 그럼 아직 입금 전인 거네요? 네, 맞습니다. 요청은 접수됐지만 본인 확인 통화가 필요해서 대기 중입니다. 음, 그 통화는 지금 여기서 바로 하면 되는 건가요? 네, 가능합니다. 요청하신 대출 입금 건이 고객님 본인 요청인지 확인해드리면 됩니다. 그러니까 입금 요청이 접수된 뒤에 통화 절차가 하나 더 있는 거군요. 맞습니다. 입금 사고 예방을 위해 꼭 필요한 절차입니다. 확인되면 바로 입금 처리 순서로 넘어갑니다. 아, 알겠습니다. 그럼 계속 진행해주세요. 네, 요청 내용 확인 후 바로 안내드리겠습니다.",0,A,9,16
normal_aug_0170,"아, 대출 입금 요청했는데 통화가 필요하다고 해서요. 제가 맞게 요청한 건지 확인하는 절차인가요? 네, 맞습니다. 대출 입금은 접수 후 본인 확인 통화를 거쳐야 처리됩니다. 성함과 생년월일 말씀 부탁드립니다. ▲▲▲, ▲▲▲▲년 ▲▲월 ▲▲일입니다. 감사합니다. 요청 내역 확인되었고요. 현재 대출 입금 요청은 접수 완료 상태이며, 본인 확인 통화가 되면 입금 처리 가능합니다. 음, 그럼 요청이 취소된 건 아니죠? 아니고요, 그대로 유지 중입니다. 다만 통화 확인이 끝나야 입금이 진행됩니다. 아, 그러면 제가 지금 바로 확인해드리면 되는 거군요. 네, 맞습니다. 요청자 본인 확인 후 입금 순서로 넘겨드리겠습니다. 그러니까 대출, 입금, 요청, 통화 이 네 가지가 다 연결돼 있는 거네요. 맞습니다. 확인 절차를 마치면 처리 속도가 더 빨라집니다. 네, 그럼 진행해주세요. 감사합니다, 바로 이어서 확인하겠습니다.",0,A,10,16
normal_aug_0171,"아침 뉴스 봤는데, 진짜 깜짝 놀랐어. 명의 도용 사건이었는데, 평범하게 살던 사람이 갑자기 자기 이름으로 이상한 계약이 잡혀 있더라니까. 수사도 시작됐대. 나는 이런 사건이 제일 무서운 게, 당한 사람은 한참 뒤에야 알아차린다는 거 같아. 명의 도용은 남 얘기 같지가 않더라. 너도 요즘 문자나 전화 오면 아무거나 누르지 말고, 명의 확인 같은 거 더 조심해야 해. 응, 나도 그래서 오늘 은행 앱이랑 통신사 알림 다시 확인해 봤어. 사건 하나가 사람 생활을 완전히 흔들 수 있네, 수사 결과도 중요하지만 일단 예방이 먼저인 듯.",0,B,1,17
normal_aug_0172,"아침에 뉴스 듣다가 밥맛이 좀 떨어졌어. 어떤 사건이었냐면, 명의 도용 때문에 피해 본 사람이 여러 명이라더라. 수사 들어갔고, 아직 조사 중이라는데, 진짜 남의 명의를 그렇게 쉽게 도용한다는 게 이해가 안 돼. 나는 예전엔 이런 거 들으면 그냥 무섭다 정도였는데, 요즘은 내 이름이랑 계좌도 괜히 한 번씩 떠올라. 너도 혹시 신분증 사진 함부로 보내지 말고, 명의 관련해서는 꼭 다시 확인해. 수사 끝나기 전까지는 더 이상한 일도 나올 수 있다더라. 그러니까 이런 사건은 그냥 지나칠 얘기가 아니야.",0,B,2,17
normal_aug_0173,"야, 나 방금 이상한 전화 끊었어. 모르는 번호로 와서 자기가 수사관이라면서 내가 범죄에 연루된 것 같다고 하길래, 순간 귀를 의심했잖아. 뭐야, 그거 완전 수상하다. 나도 처음엔 진짜 수사관인가 싶어서 잠깐 멈췄는데, 말이 너무 이상해서 바로 끊었어. 조사해야 한다면서 개인정보를 계속 물어보더라. 아니, 진짜 수사관이면 그런 식으로 전화 안 하겠지? 범죄 연루 어쩌고 하니까 괜히 심장만 빨리 뛰고... 너도 비슷한 전화 오면 절대 바로 답하지 마. 그런 조사 얘기는 공식 창구로 확인해야 하더라.",0,B,3,17
normal_aug_0174,"아까 전화 받은 거 아직도 어이없어. 수사관이라고 하면서 나보고 어떤 범죄 조사에 연루됐는지 확인하자고 하더라고. 처음엔 말이 너무 그럴듯해서, 어 잠깐, 이게 뭐지 했는데, 듣다 보니까 수사관이 아니라 그냥 사람 겁주는 느낌이었어. 조사한다면서 이름이랑 주민번호 앞자리부터 묻는데, 내가 왜 거길 알려줘야 해. 그래서 끊었지. 범죄 연루 같은 말로 겁주는 전화는 진짜 조심해야 할 것 같아. 수사관이면 그런 식으로 안 하겠지? 하여튼 이상한 조사 전화는 무조건 의심해야 돼.",0,B,4,17
normal_aug_0175,"어제 다큐 봤는데, 불법 대포통장 개설 얘기 나오더라. 생각보다 훨씬 교묘해서 좀 소름이었어. 피해자들은 본인도 모르게 대포통장이 쓰여서 엄청 곤란해지고, 나중에야 알게 되는 경우가 많다더라. 맞아, 나도 그 부분이 제일 무섭더라. 불법 개설이 그냥 돈 문제인 줄 알았는데, 사실은 피해자 인생을 흔드는 문제더라니까. 다큐에 나온 사람도 자기가 피해자인 줄도 모르고 한참 뒤에 연락받고 놀랐잖아. 그래서 요즘은 통장이나 인증 관련해서 뭐든 남한테 맡기면 안 되겠다 싶었어. 대포통장이라는 말이 괜히 나오는 게 아니더라.",0,B,5,17
normal_aug_0176,"나 어젯밤에 그 다큐 끝까지 봤어. 불법 대포통장 개설이 이렇게 흔한 줄 몰랐지 뭐야. 피해자 입장에서는 정말 황당하겠더라. 자기 이름으로 계좌가 만들어졌다는 것도 모르고 있다가, 나중에 문제 생겨서야 알게 되는 거잖아. 그러니까 개설 자체도 불법이고, 그걸 이용하는 사람들도 문제고... 다큐 보는데 계속 마음이 불편했어. 특히 피해자 인터뷰가 오래 남더라. 나도 앞으로는 통장 관련 서류나 정보는 더 조심해야겠다고 생각했어. 대포라는 말이 장난처럼 들려도 실제론 피해자한테 엄청 큰 일이더라.",0,B,6,17
normal_aug_0177,"단톡에 기사 봤냐고 올리려다가 말았는데, 서울에서 대규모 보이스피싱 일당 남성들이 검거됐대. 기사 보는데 발견 과정도 꽤 길었다고 하더라. 서울 한복판에서 그런 일이 있었다는 게 좀 놀랍더라. 남성 몇 명이 조직적으로 움직였다던데, 검거된 다음에야 피해자들도 한숨 돌렸겠지. 맞아, 나도 그 기사 봤어. 서울에서 이렇게 크게 발견되고 검거됐다는 게 꽤 의미 있더라. 남성들이 여러 방식으로 사람들 속였다고 하니까 더 조심해야겠어. 기사 읽고 나니까 모르는 전화는 더 안 받게 되더라.",0,B,7,17
normal_aug_0178,"서울에서 보이스피싱 일당 남성들이 검거됐다는 기사 봤어? 나는 그거 보자마자 단톡방에 바로 공유했어. 이런 건 많이 알려야 되잖아. 발견된 수법도 되게 치밀하더라. 서울에서 그렇게 큰 규모로 움직이다가 검거됐다는 게 신기하면서도 무섭고... 남성들 이름이랑 관련 내용은 기사에서 자세히 안 나왔는데, 어쨌든 피해자들 생각하면 빨리 잡혀서 다행이야. 발견만 빨랐어도 더 큰 피해를 막을 수 있었을 텐데 싶더라. 너도 기사 보면 주변 사람들한테 좀 알려줘. 이런 건 공유가 중요하더라.",0,B,8,17
normal_aug_0179,"회사 보안 교육에서 녹취랑 진술, 압수 얘기까지 나오는데, 솔직히 머리가 아프더라. 정보 보호가 중요하다는 건 알겠는데, 매번 조심해야 할 게 너무 많아. 특히 녹취할 때는 상대 동의 확인하라고 하고, 진술 내용도 함부로 적으면 안 된다고 하고... 듣는 동안 계속 메모만 하게 되더라. 나도 비슷한 생각했어. 정보는 한 번 새면 끝이라면서 압수나 진술 관련 절차까지 설명하는데, 괜히 더 겁나더라. 그래도 이번 교육 듣고 나니까 함부로 파일 열거나 보관하면 안 되겠단 생각은 들었어. 녹취 하나도 그냥 넘길 일이 아니더라.",0,B,9,17
normal_aug_0180,"오늘 교육 진짜 길었다... 녹취 방법, 진술 정리, 정보 관리, 압수 절차까지 쭉 들었는데, 머릿속이 빡빡해. 솔직히 녹취 같은 건 그냥 하면 되는 줄 알았거든. 근데 동의 없이 하면 안 되고, 진술도 정확하게 남겨야 하고, 정보는 따로 관리해야 한대. 압수 관련 설명까지 나오니까 더 조심하게 되더라. 맞아, 나도 정보 부분에서 특히 신경 쓰이더라. 회사에서 다루는 정보가 생각보다 많아서, 녹취 파일도 아무 데나 두면 안 되고, 진술 기록도 함부로 공유하면 안 된다고 하니... 어휴, 신경 쓸 게 많아. 그래도 오늘 배운 건 확실히 기억해 둬야겠어.",0,B,10,17
normal_aug_0181,"네, 대출 승인 완료된 건으로 연락드렸습니다. 지금 심사 결과는 승인으로 확인되고요, 말씀하신 자금 집행은 오늘부터 가능하십니다. 어, 먼저 상환 방식부터 안내드리면 원리금 균등 상환이 기본이고, 원하시면 만기 일시 상환도 가능은 하신데 금리가 조금 달라집니다. 아, 대출금액이랑 기간에 따라 이율이 적용되니까 제가 바로 다시 말씀드릴게요. 고객님은 현재 대출 한도 안에서 진행되셨고, 최초 이율은 연 4.8프로로 확인됩니다. 상환은 매월 같은 날 자동이체로 하실 수 있고, 중간에 여유 자금 생기시면 일부 상환도 가능하세요. 다만 일부 상환은 신청하시는 날 기준으로 처리돼서, 전날까지는 접수해 주시는 게 좋습니다. 음, 혹시 지금 상환 날짜를 급하게 조정하셔야 하나요? 아니면 이율이랑 자금 사용 일정만 다시 정리해 드릴까요?",0,A,1,18
normal_aug_0182,"대출 승인 건 확인됐고요, 고객님 요청하신 자금은 바로 나가는 구조가 아니라 상환 계획이랑 같이 안내받으셔야 합니다. 그러니까 승인 이후에 대출 실행이 되면, 매달 상환일에 자동 출금되는 방식으로 보시면 되고요. 이율은 약정서에 적힌 기준금리가 적용됩니다. 아, 고객님이 처음에 말씀하신 것처럼 대출을 받으면 바로 상환이 시작되는 건 아니고, 거치 기간이 있는 상품이면 그 기간 동안은 이자만 내시고 원금 상환은 나중에 하실 수도 있습니다. 자금 사용 목적이 생활비인지, 아니면 다른 곳인지에 따라 안내가 조금 달라질 수 있어서요. 음, 저는 현재 승인 상태와 상환 조건을 같이 보이고 있는데, 혹시 상환일 변경이나 자동이체 계좌 등록도 같이 도와드릴까요? 그리고 이율 변동 여부는 상품별로 다르니 다시 한 번 확인해 드리겠습니다.",0,A,2,18
normal_aug_0183,"은행 전산 쪽에서 오류가 잠깐 확인돼서 고객님 납부 접수가 지연되고 있습니다. 어, 지금 접수 자체는 들어와 있는데 전산 반영이 늦어져서 납부 금액이 바로 확인되지 않는 상황입니다. 고객님이 오늘 내신 금액은 정상적으로 들어왔고요, 다만 시스템상 완료 표시가 조금 늦게 뜨고 있어요. 이런 경우에는 중복으로 다시 납부하지 않으셔도 됩니다. 아, 제가 전산 상태를 계속 보고 있는데, 현재는 접수 순서대로 순차 처리 중이라 시간이 조금 더 걸릴 수 있습니다. 납부 금액이 계좌에서 빠져나간 기록은 확인되고 있으니 너무 걱정하지 마세요. 혹시 다른 창구나 앱에서 다시 납부하려고 하셨다면 잠시만 멈춰 주시는 게 좋겠습니다. 음, 전산 복구가 되는 대로 접수 완료 문자도 안내될 예정이고, 금액 반영도 다시 확인해 드릴게요. 기다려 주실 수 있을까요?",0,A,3,18
normal_aug_0184,"지금 전산 장애 때문에 납부 처리 확인이 늦어지고 있습니다. 접수는 정상적으로 됐는데, 전산 반영이 늦어서 금액이 아직 미완료로 보이는 상태예요. 고객님이 말씀하신 납부 금액은 저희 쪽에서 이미 확인됐고, 실제로는 정상 접수된 걸로 보셔도 됩니다. 다만 전산이 복구되기 전까지는 영수 처리 화면이 바로 안 뜰 수 있습니다. 어, 이런 경우에 고객님께서 다시 납부하시면 오히려 확인이 꼬일 수 있어서요, 일단은 기존 접수 건을 기준으로 확인해 주시는 게 맞습니다. 제가 접수 번호를 다시 잡아드릴 수 있고, 전산 복구 후에는 납부 완료 여부를 다시 말씀드리겠습니다. 아, 금액 변경은 없고 지연만 있는 상황이라서요. 조금만 양해 부탁드립니다. 혹시 급하시면 접수 내역을 문자로 받으실 수 있게도 도와드릴게요.",0,A,4,18
normal_aug_0185,"비대면 계좌 개설 절차 안내드리겠습니다. 먼저 명의 확인이 필요해서 고객님 본인 정보로 진행하시는지 확인해야 하고요, 개설 과정에서는 개인 정보 입력이 몇 가지 들어갑니다. 이름, 주민번호 앞자리, 연락처 같은 기본 정보가 맞는지 다시 확인할 거예요. 아, 이 과정은 본인 명의로만 가능해서 대리 개설은 되지 않습니다. 그리고 촬영 화면에서 신분증이 흐리게 보이면 다시 찍어야 할 수 있어요. 고객님이 입력하신 정보가 개인 인증 정보와 일치해야 개설이 이어집니다. 음, 중간에 주소나 직장 정보도 확인할 수 있는데, 이건 상품에 따라 조금 다릅니다. 명의가 맞는지, 그리고 개설 신청인이 본인이신지 다시 한 번 확인 후 진행하겠습니다. 괜찮으실까요?",0,A,5,18
normal_aug_0186,"지금 비대면 계좌 개설 도와드리는 중인데요, 명의 확인이 먼저입니다. 어, 계좌는 반드시 본인 명의로만 개설 가능해서 입력하신 정보가 실제 개인 정보와 일치해야 하고요. 신분증 정보, 연락처, 생년월일 같은 기본 정보 확인 후에 영상 인증이나 추가 인증 절차가 이어집니다. 아, 개설 단계에서 개인 정보가 일부 자동으로 불러와지더라도 고객님이 직접 한 번씩 확인해 주셔야 해요. 혹시 가족 명의로 하시려는 건 아니라면, 본인 명의 맞는지만 말씀해 주시면 됩니다. 음, 명의가 다르면 개설이 중단될 수 있어서 이 부분은 꼭 확인이 필요합니다. 제가 지금 정보 확인 단계까지는 도와드릴 수 있고, 본인 확인이 끝나면 바로 개설 완료 안내드리겠습니다. 계속 진행해 보실까요?",0,A,6,18
normal_aug_0187,"카드 한도랑 해외 거래 가능 여부 문의 주셨죠. 먼저 현재 카드 이용 가능 한도부터 확인해 보겠습니다. 어, 고객님 카드 기준으로는 국내 거래는 정상 이용 가능하고, 해외 거래는 기본 설정이 꺼져 있을 수 있어서 별도 확인이 필요합니다. 아, 카드 한도는 일시적으로 조정이 가능할 수도 있는데, 거래 예정 금액에 따라 승인 가능 여부가 달라집니다. 해외에서 이용하실 계획이면 해외 결제 가능 설정이 켜져 있는지 먼저 봐야 하고요. 음, 일부 카드는 해외 거래 자체는 가능하지만 안전상 차단되어 있는 경우가 있어서, 그 부분을 풀어야 사용할 수 있습니다. 고객님 카드의 현재 이용 한도와 해외 거래 가능 여부를 같이 확인해 드릴 테니 잠시만 기다려 주세요. 그러면 국내랑 해외 둘 다 필요한지 알려주시면 더 정확히 안내드릴 수 있습니다.",0,A,7,18
normal_aug_0188,"카드 이용 관련해서 한도 조회와 해외 거래 가능 여부 말씀 주셨는데요, 지금 바로 확인해 보겠습니다. 어, 카드 한도는 현재 남아 있는 이용 가능 금액 기준으로 보시면 되고, 해외 거래는 별도 승인 설정이 되어 있어야 가능할 수 있습니다. 고객님 카드가 해외 거래 가능 상태인지 먼저 보고, 안 되어 있으면 간단한 설정 변경으로 되는지도 확인해 드릴게요. 아, 카드 종류에 따라 해외 거래가 가능하더라도 일부 국가나 일부 업종은 제한될 수 있습니다. 이용 예정인 거래 금액이 크면 추가 확인이 들어갈 수도 있고요. 음, 한도 조회는 바로 되고, 해외 거래 가능 여부는 보안 설정까지 같이 봐야 해서 조금만 기다려 주세요. 필요하시면 결제 통화 기준도 함께 설명드리겠습니다.",0,A,8,18
normal_aug_0189,"대출 입금 요청이 접수는 됐는데, 바로 진행하려면 본인 확인 통화 절차가 필요합니다. 어, 고객님 요청 내역은 확인됐고요, 대출 입금은 금융 거래라서 통화로 본인 확인을 한 번 더 해야 합니다. 지금 등록된 연락처로 본인 확인 전화가 연결되면, 간단한 질문 몇 가지만 답해 주시면 입금 절차가 이어집니다. 아, 요청이 들어온 상태라도 확인이 끝나기 전에는 입금을 바로 처리할 수 없어요. 이건 고객님 자금 보호를 위한 절차라서 양해 부탁드립니다. 음, 통화가 어려우시면 가능한 시간대를 말씀해 주시면 맞춰서 연락드릴 수 있습니다. 본인 확인이 완료되면 입금 진행 안내를 바로 드리겠습니다. 혹시 지금 바로 통화 가능하실까요?",0,A,9,18
normal_aug_0190,"대출 입금 요청 건 안내드리려고 연락드렸습니다. 어, 접수는 들어와 있는데 입금 전에 본인 확인 통화가 꼭 필요합니다. 고객님 명의로 들어온 요청인지 확인해야 해서, 등록된 연락처로 통화 연결 후 몇 가지 항목을 확인할 예정이에요. 아, 이 절차가 끝나야 대출 입금이 진행됩니다. 요청 내용은 확인됐고, 입금 자체는 보류 상태로 잡혀 있습니다. 음, 고객님께서 원하시는 입금일이 따로 있으시면 그 일정에 맞춰 본인 확인 통화를 잡아드릴 수도 있습니다. 통화가 완료되면 바로 입금 처리 가능 여부까지 이어서 안내드리겠습니다. 지금 잠깐 시간 괜찮으실까요?",0,A,10,18
normal_aug_0191,"아침 뉴스 봤어? 음, 진짜 끔찍한 사건이 하나 나오더라. 이름이랑 주민번호 같은 게 새어 나가서 명의 도용이 됐다는데, 피해자 분이 너무 오래 모르고 있었대. 수사도 시작됐다는데, 들으면서 내가 괜히 불안하더라. 어, 나도 가끔 문자 확인 대충 하거든. 그러니까 이런 사건은 남 일 같지가 않아. 명의 도용은 한 번 당하면 골치 아프다니까, 비밀번호도 자주 바꾸고 이상한 링크는 절대 누르지 말아야 해. 맞아, 그리고 카드 명세서나 통신 요금도 꼭 봐야 한대. 나도 오늘부터 좀 더 신경 쓰려고. 뉴스에서 나온 수사 얘기 듣고 나니까 더 조심해야겠더라.",0,B,1,19
normal_aug_0192,"응, 나도 아침에 그 사건 봤어. 아휴, 명의 도용이 그렇게 무섭더라. 수사가 진행 중이라는데, 피해자 가족은 얼마나 당황했겠어. 음, 요즘은 멀쩡한 정보도 어디서 새는지 모르니까 더 무섭지. 나도 예전에 비슷하게 이상한 문자가 와서 찝찝했거든. 그러니까 계좌나 본인 확인하는 정보는 함부로 알려주면 안 되겠더라. 명의 도용은 예방이 제일 중요하대. 아, 맞다, 공공 와이파이에서 로그인하는 것도 조심하라고 하더라. 이런 사건 기사 보면 늘 그렇지만, 진짜 방심하면 안 되겠어.",0,B,2,19
normal_aug_0193,"아까 모르는 번호가 전화했는데, 수사관이라고 하더라. 처음엔 뭔가 해서 끝까지 들었는데, 말투가 너무 이상해서 바로 끊었어. 어, 괜히 범죄에 연루된 것처럼 몰아가길래 더 수상하더라. 내가 뭘 조사받을 일도 없는데 계속 개인정보를 묻는 거야. 진짜 황당했어. 요즘 이런 수사관 사칭 전화 많다더니, 내가 딱 걸린 느낌이더라. 네가 봐도 이상하지? 다음엔 무조건 끊고 기관 대표번호로 다시 확인하려고. 범죄 연루됐다고 겁주면 사람이 순간 흔들릴 수 있다니까, 진짜 조심해야 해. 음, 번호 뜨는 것도 믿으면 안 되겠더라.",0,B,3,19
normal_aug_0194,"나 방금 너무 이상한 전화 받았어. 수사관이라고 하면서 내 이름까지 알고 있길래 깜짝 놀랐는데, 듣다 보니까 말이 계속 바뀌는 거야. 범죄 조사에 연루됐다고 하면서 계좌를 확인해야 한다고 그러더라. 그래서 아, 이거 이상하다 싶어서 끊었지. 진짜 이런 수사관 사칭은 사람을 겁주려고 작정한 것 같아. 조사니 뭐니 하면서 개인정보를 묻는 순간 바로 이상해야 하더라. 음, 나도 처음엔 심장이 철렁했는데, 이제는 이런 전화 오면 절대 안 믿을 거야. 네가 들어도 완전 수상하지? 나중에 같은 번호 다시 오면 아예 차단하려고.",0,B,4,19
normal_aug_0195,"어제 그 다큐 봤는데, 불법 대포통장 개설 얘기 나오더라. 음, 그냥 통장 하나 만드는 문제인 줄 알면 안 되겠더라. 누가 피해자 이름을 빌려서 개설해 놓고, 나중에 전부 문제로 번진대. 피해자들이 자기 이름으로 된 계좌가 왜 그런 데 쓰였는지도 모르고 당하니까 더 답답했어. 그러니까 아무리 간단한 일처럼 보여도 신분증 맡기고 통장 개설하라는 말은 절대 믿으면 안 되겠더라. 불법 대포 쪽은 결국 피해자만 힘들어지는 구조라서 더 무서웠어. 아, 다큐 보고 나니까 주변에도 꼭 알려야겠다 싶었어.",0,B,5,19
normal_aug_0196,"그 다큐 나도 봤어. 불법 대포통장 개설이 그렇게 쉽게 이루어지는 줄 몰랐지. 피해자 입장에서는 이름만 빌려줬다가 나중에 완전 난처해진다더라. 어, 특히 개설 과정에서 이상한 말로 유혹하는 장면이 되게 현실적이었어. 나도 보면서 아, 이건 절대 넘기면 안 되는 일이구나 싶었지. 피해자들이 나중에 자기 명의 문제 때문에 은행 다니고 설명하느라 고생하는 거 보니까 마음이 무겁더라. 그러니까 통장 개설 얘기 나오면 무조건 확인하고, 불법 느낌 나면 바로 거절해야 해. 이런 다큐는 좀 답답하지만, 미리 알아두는 건 필요하긴 하더라.",0,B,6,19
normal_aug_0197,"서울에서 남성들 보이스피싱 일당이 검거됐다는 기사 봤어? 어, 아침에 단톡방에 누가 올렸더라. 서울 한복판에서 그렇게 오래 활동하다가 결국 발견돼서 검거됐다니까 좀 속이 시원하긴 했어. 그런데 기사 읽어 보니까 수법이 꽤 치밀했더라. 남성들 몇 명이 역할 나눠서 움직였다는데, 진짜 조심해야겠더라. 단톡방에도 다들 서울 기사 보고 난리였어. 나도 한번 더 읽어 봤는데, 검거됐다고 끝이 아니라 이런 걸 계속 경계해야 하겠더라. 발견됐다는 내용도 반갑긴 한데, 피해 입은 사람들 생각하면 마냥 좋지만도 않더라.",0,B,7,19
normal_aug_0198,"응, 그 서울 기사 봤지. 남성들 여러 명이 움직이다가 결국 검거됐다길래 다들 단톡방에서 바로 이야기했어. 음, 서울에서 이런 일이 있었다는 게 좀 놀랍더라. 발견된 과정도 꽤 오래 걸렸나 보던데, 기사 보니까 주변 신고가 중요했던 것 같아. 검거 소식은 반가운데, 이런 일은 한 번만 있어도 사람들 불안하잖아. 남성 일당이라고 해서 더 특별한 건 아니지만, 조직적으로 움직였다는 점이 무섭더라. 나도 기사 캡처해 놓고 가족한테 보냈어. 서울 기사라고 지나치게 멀게 느끼면 안 되겠더라, 우리 주변에서도 충분히 있을 수 있으니까.",0,B,8,19
normal_aug_0199,"오늘 회사 보안 교육 진짜 길었지. 음, 녹취를 꼭 남겨야 한다고 계속 강조하는데, 나는 그거 들을 때마다 말이 좀 조심스러워져. 나중에 진술이 꼬이면 곤란하니까 평소에도 정확히 말하라는 거였는데, 듣고 나니 괜히 긴장되더라. 게다가 개인정보가 들어간 자료는 압수될 수 있을 만큼 관리가 중요하다고 해서 더 무거운 분위기였어. 정보 하나 잘못 다루면 일이 커진다니까, 좀 피곤하긴 해도 필요한 내용이긴 하더라. 어, 근데 교육 자료가 너무 딱딱해서 중간에 집중이 좀 깨졌어.",0,B,9,19
normal_aug_0200,"나도 그 보안 교육 듣고 왔는데, 녹취 얘기만 몇 번을 하던지. 어, 기록이 남으면 진술도 정확해야 하고, 말 바꾸면 안 된다고 하더라. 그러면서 개인정보랑 정보 관리가 얼마나 중요한지 설명하는데, 머리는 이해해도 좀 답답했어. 압수 같은 말까지 나오니까 괜히 내 일도 아닌데 긴장되고. 회사 자료나 고객 정보는 정말 함부로 보면 안 되겠더라. 음, 이런 건 평소에 대충 넘기면 안 된다는 건 알겠는데, 교육 방식이 너무 길어서 힘들었어. 그래도 녹취와 정보 보호는 확실히 중요하긴 하더라.",0,B,10,19
normal_aug_0201,"아, 여보세요. 저 대출 심사 통과했다고 연락받았는데요, 그러면 이제 어떻게 상환하면 되는지 좀 알려주실 수 있을까요? 네, 확인해드리겠습니다. 대출 승인된 건 맞고요, 자금은 지정하신 계좌로 오늘 중에 입금 처리될 예정입니다. 상환은 매달 같은 날짜에 자동이체로 하실 수도 있고, 직접 납부하실 수도 있습니다. 이율은 고정으로 적용돼서 처음 안내드린 금액 기준으로 계산됩니다. 아, 그럼 중간에 자금 여유가 생기면 미리 상환해도 되나요? 네, 가능합니다. 다만 조기 상환하실 때는 일부 수수료가 있을 수 있어서 그 부분은 다시 확인해드리겠습니다. 대출 실행 후에는 상환 일정 문자도 보내드릴 거고요. 네, 그러면 승인된 금액이랑 상환 시작일만 다시 한번 말씀 부탁드립니다. 네, 승인 금액은 말씀드린 자금 전액이고, 상환은 다음 달 같은 날짜부터 시작됩니다.",0,A,1,20
normal_aug_0202,"저 대출 관련해서 좀 여쭤보려고요. 승인은 났다고 들었는데, 상환 방식이랑 이율이 정확히 어떻게 되는지 헷갈려서요. 네, 말씀 감사합니다. 대출 승인 내역 확인해보겠습니다. 자금은 곧 지급 예정이고, 상환은 원리금 균등 방식으로 안내되어 있습니다. 이율은 계약서에 적힌 기준이 적용되며, 중도에 자금 상황이 바뀌면 상환 방식 변경 가능 여부도 다시 볼 수 있습니다. 아, 그럼 처음에는 매달 같은 금액으로 나가는 거군요? 네, 맞습니다. 상환일이 도래하면 자동 출금되고, 납부가 늦어지지 않도록 미리 안내도 드립니다. 혹시 대출 승인 문자 받으신 번호가 맞는지도 확인해드릴까요? 네, 맞아요. 자금 입금되면 상환 계획도 같이 보려 했거든요. 네, 그러시면 승인 완료 후에 상세 상환표까지 다시 안내드리겠습니다.",0,A,2,20
normal_aug_0203,"여보세요, 제가 오늘 납부한 게 있는데 아직 처리 완료가 안 떠서요. 전산이 좀 늦는 건가요? 네, 확인 도와드리겠습니다. 현재 전산 점검이 진행 중이라 접수된 납부 건의 반영이 조금 지연되고 있습니다. 고객님께서 보내주신 금액은 정상 접수되어 있고요, 시스템만 반영이 늦어지고 있습니다. 아, 그럼 제가 납부를 안 한 건 아니고 접수만 늦게 올라간 거네요? 네, 맞습니다. 전산 복구 후 자동으로 반영될 예정이라 같은 금액을 다시 납부하실 필요는 없습니다. 그러면 오늘 안에 처리가 되는지요? 네, 오후 중으로 반영될 가능성이 높고, 늦어질 경우 문자로 다시 안내드리겠습니다. 혹시 납부 영수증은 보관하고 계시면 좋습니다. 네, 알겠습니다. 전산 때문에 금액이 안 잡혀서 좀 걱정했는데, 접수는 됐다니 다행이네요.",0,A,3,20
normal_aug_0204,"안녕하세요, 제가 어제 납부한 건이 아직 미처리로 보여서요. 전산 오류가 있는지 확인 부탁드립니다. 네, 바로 조회해보겠습니다. 현재 전산 시스템 일부에서 접수 순서가 밀려서 납부 금액 반영이 지연되고 있습니다. 고객님 납부 내역은 정상 접수 확인됐고, 금액도 정확히 들어와 있습니다. 아, 그러면 전산만 늦고 실제 납부는 된 거죠? 네, 그렇습니다. 다만 전산 반영 전까지는 화면상 미납처럼 보일 수 있어 조금 혼동이 생기실 수 있습니다. 그럼 언제쯤 해결되나요? 네, 전산 복구가 끝나는 대로 순차 반영될 예정이고, 오늘 안에 처리가 완료되지 않으면 다시 연락드리겠습니다. 고객님께서 따로 추가 납부하실 필요는 없습니다. 아, 네. 접수랑 납부 금액만 확인되면 되는 거죠? 네, 맞습니다. 전산 복구 후 다시 반영 여부 안내드리겠습니다.",0,A,4,20
normal_aug_0205,"비대면으로 계좌 개설하려고 하는데요, 절차가 좀 복잡해서요. 명의 확인이 어떻게 되는지 설명해주실 수 있나요? 네, 가능합니다. 계좌 개설은 본인 명의인지 먼저 확인한 뒤 진행하고, 입력하시는 정보와 개인 인증이 일치해야 합니다. 신분증 정보, 휴대폰 인증, 얼굴 확인까지 순서대로 거치게 됩니다. 아, 그러면 가족 명의로는 개설이 안 되는 거죠? 네, 맞습니다. 반드시 본인 명의로만 개설 가능하고, 타인 정보로는 진행되지 않습니다. 개인 정보는 입력 단계에서만 사용되며, 확인이 끝나면 개설 절차로 넘어갑니다. 그럼 제가 준비해야 할 정보가 따로 있나요? 네, 신분증과 본인 명의 휴대폰이 필요합니다. 개설 중에 주소나 직업 정보도 일부 확인될 수 있습니다. 네, 알겠습니다. 명의 확인이 먼저고, 그다음 개설이 진행되는 거군요.",0,A,5,20
normal_aug_0206,"계좌를 비대면으로 개설하려고 했는데, 중간에 본인 확인이 멈춰서요. 명의가 제 걸로 맞는지 다시 확인해야 하나요? 네, 그렇습니다. 계좌 개설은 명의 확인이 정확해야 하고, 입력하신 정보가 개인 인증 정보와 일치해야 다음 단계로 넘어갑니다. 아, 제가 정보는 다 넣었는데 왜 안 넘어가나 했네요. 개인 인증 화면에서 멈춘 경우에는 휴대폰 본인 확인이 다시 필요할 수 있습니다. 명의가 고객님 것으로 확인되면 개설 절차 이어서 진행 가능합니다. 그럼 가족 정보는 넣으면 안 되는 거네요? 네, 맞습니다. 계좌 개설은 본인 명의 정보만 사용하셔야 합니다. 다시 시도하실 때는 신분증 사진이 선명한지, 주소 정보가 맞는지도 같이 봐주세요. 네, 알겠습니다. 정보만 맞으면 오늘 안에도 개설 가능한 거죠? 네, 가능합니다. 명의와 개인 정보 확인만 끝나면 바로 개설됩니다.",0,A,6,20
normal_aug_0207,"카드 한도 좀 확인하려고요. 지금 이용 가능한 금액이 얼마나 남았는지랑 해외 거래도 되는지 궁금해서요. 네, 확인 도와드리겠습니다. 고객님 카드의 현재 이용 한도는 일부 사용 중이고, 남은 금액은 즉시 확인 가능합니다. 해외 거래 가능 여부도 함께 안내드릴게요. 아, 그럼 국내랑 해외가 따로 잡히는 건가요? 네, 맞습니다. 해외 거래는 별도 승인 설정이 필요한 경우가 있어서 현재 가능 여부를 조회해야 합니다. 잠시만요... 네, 현재는 해외 이용이 기본 차단 상태입니다. 원하시면 해외 거래 가능으로 변경 신청 도와드릴 수 있습니다. 카드 이용 실적이나 최근 거래 내역에 따라 한도 조정 가능 여부도 같이 볼 수 있고요. 네, 그럼 남은 한도랑 해외 거래 가능 여부 둘 다 문자로 받을 수 있나요? 네, 가능합니다.",0,A,7,20
normal_aug_0208,"카드 한도 관련해서 문의드릴게요. 이번 달에 이용한 금액이 좀 있어서, 해외 거래까지 가능한지 미리 알고 싶습니다. 네, 조회해보겠습니다. 카드 이용 한도는 정상이고, 거래 가능 범위 안에서 사용 중이십니다. 다만 해외 거래는 현재 설정에 따라 가능 여부가 달라집니다. 아, 그럼 제가 해외에서 쓰려면 따로 등록해야 하나요? 네, 경우에 따라 해외 이용 등록이 필요할 수 있습니다. 또 일부 거래는 현지 승인 방식 때문에 카드가 즉시 이용되지 않을 수도 있습니다. 한도는 남아 있어도 해외 거래가 제한될 수 있다는 뜻인가요? 네, 맞습니다. 카드 한도와 해외 거래 가능 여부는 별도로 보셔야 합니다. 필요하시면 지금 바로 이용 상태 확인해서 안내드리겠습니다. 네, 부탁드려요. 이용 가능 금액이랑 해외 거래 설정까지 같이 봐주세요.",0,A,8,20
normal_aug_0209,"대출금 입금 요청 넣었는데요, 접수는 된 거 맞죠? 그런데 본인 확인 통화를 해야 한다고 해서요. 네, 확인해드리겠습니다. 대출 입금 요청은 접수되어 있고, 최종 입금 전에 본인 확인 통화가 한 번 필요합니다. 고객님 명의와 요청 내역이 일치해야 입금 진행이 가능합니다. 아, 그럼 제가 따로 뭘 준비해야 하나요? 네, 본인 확인 통화 시 생년월일과 등록된 휴대폰 번호 정도만 확인합니다. 확인이 끝나면 대출금 입금 순서로 넘어가고요. 입금 요청 금액도 다시 말씀드릴까요? 네, 부탁드립니다. 접수된 요청 금액이 맞는지 한번 더 확인하고 싶습니다. 네, 요청하신 금액은 그대로 확인되고 있습니다. 본인 확인 통화만 완료되면 입금 처리됩니다.",0,A,9,20
normal_aug_0210,"대출 입금 요청은 넣어놨는데, 왜 바로 입금이 안 되는지 궁금해서 전화드렸어요. 통화 절차가 꼭 필요한가요? 네, 필요합니다. 대출 관련 입금은 접수만으로는 바로 진행되지 않고, 본인 확인 통화를 통해 요청 주체를 확인한 뒤 입금됩니다. 아, 제가 요청한 거 맞다고 이미 입력했는데도요? 네, 맞습니다. 그래도 입금 전에는 통화로 한 번 더 확인해야 합니다. 등록된 번호로 연락드려서 간단히 확인만 되면 바로 처리됩니다. 그럼 오늘 안에 입금 가능한가요? 네, 본인 확인 통화가 완료되면 오늘 중 입금 가능합니다. 요청 금액과 계좌번호도 마지막으로 다시 맞춰드릴게요. 네, 알겠습니다. 대출 입금 요청이 접수된 상태고, 통화만 하면 되는 거네요.",0,A,10,20
normal_aug_0211,"아침 뉴스 봤어? 오늘 정말 아찔한 사건이 나오더라... 명의 도용이 그렇게 쉽게 이어질 줄은 몰랐어. 수사도 시작됐다던데, 그냥 남 일 같지가 않더라. 요즘은 내 이름, 내 번호, 내 계좌 같은 명의 관련 정보도 더 조심해야겠어. 누가 대신 도용해서 쓰면 진짜 골치 아프겠다 싶었어. 그래서 가족들한테도 말했지, 문자로 온 링크 함부로 누르지 말고, 이상한 요청 있으면 꼭 확인하라고. 어, 나도 이제부터는 중요한 정보는 더 더블체크해야 할 것 같아.",0,B,1,21
normal_aug_0212,"그 뉴스 봤어, 나도 깜짝 놀랐어. 사건이 너무 교묘하더라. 명의 하나만 털려도 생활이 얼마나 꼬이는지 보이니까 무섭더라고. 수사 들어간다 해도 피해가 먼저 생기면 속수무책이잖아. 그래서 나는 은행 앱이든 뭐든 로그인할 때도 한 번 더 확인하게 되더라. 그리고 가족들한테도, 명의 관련해서는 절대 전화로 막 알려주면 안 된다고 했어. 도용이라는 게 진짜 대단한 기술이 필요한 것도 아니고, 방심하면 당한다는 게 문제야. 그러니까 우리도 조심하자, 이런 건 귀찮아도 확인이 답이더라.",0,B,2,21
normal_aug_0213,"방금 이상한 전화 받고 끊었어. 수사관이라고 하면서 막 내 이름부터 묻더니, 범죄 연루가 어쩌고 하면서 조사 받아야 한다는 식으로 말하더라. 순간 머리가 하얘져서, 어? 하다가 바로 끊었지. 말투가 너무 급하고 이상해서 바로 수상했어. 진짜 수사관이면 그렇게 전화로 몰아붙이진 않겠지. 범죄 관련해서 연루됐다는 말도 너무 거창하게 던져서 겁주려는 느낌이었어. 와, 이런 조사 사칭 전화는 처음 받아봤다. 너도 비슷한 전화 오면 대답 길게 하지 말고 끊어.",0,B,3,21
normal_aug_0214,"아까 그 전화, 나도 비슷하게 받은 적 있어. 수사관이라고 하면서 조사해야 한다고, 네가 범죄에 연루된 것 같다고 막 그러면 진짜 당황스럽지. 근데 생각해 보면 말이 앞뒤가 안 맞아. 조사라면서 왜 그렇게 재촉해, 그리고 왜 개인 번호로만 이야기해, 이런 식으로 보면 바로 이상하잖아. 나도 예전엔 한참 듣다가 끊었는데, 그 뒤로는 낯선 번호면 아예 천천히 듣지도 않아. 수사관이라는 말만 나오면 괜히 긴장하게 되니까 더 조심해야 돼. 이런 건 혼자 끙끙대지 말고 바로 주변에 물어보는 게 낫더라.",0,B,4,21
normal_aug_0215,"어제 다큐 봤는데, 불법으로 대포 통장을 개설하는 얘기였거든. 생각보다 조직적으로 움직여서 좀 놀랐어. 피해자 입장에서는 본인도 모르게 명의가 쓰이고, 나중에 문제 생기면 엄청 억울하겠더라. 개설 과정도 교묘하고, 처음엔 별일 아닌 것처럼 보여서 더 위험해 보였어. 나는 보면서 ‘이건 진짜 조심해야겠다’ 싶었어. 피해자가 한둘이 아니고, 생활 전체가 꼬일 수 있잖아. 다큐인데도 되게 현실감 있어서 끝까지 봤어.",0,B,5,21
normal_aug_0216,"나도 그거 봤어. 불법으로 대포 통장 개설시키는 방식이 너무 허술해 보이는데도 은근 사람을 끌어들이더라. 피해자들은 자기 이름이 왜 거기서 나오는지도 모르고, 나중에야 알게 되니까 더 답답하고. 개설 하나가 그렇게 큰 문제로 이어질 수 있다는 걸 다큐 보고 확 느꼈어. 그리고 주변에서 ‘잠깐만 빌려달라’ 같은 말 나오면 절대 안 된다고 다시 생각했어. 피해자만 손해 보는 구조라서 더 화나더라. 이런 다큐는 가볍게 볼 내용이 아닌 것 같아, 진짜 경각심 주더라.",0,B,6,21
normal_aug_0217,"단톡방에 기사 하나 봤는데, 서울에서 대규모 보이스피싱 일당이 검거됐대. 남성 여러 명이 있었다고 하고, 현장에서 추가로 단서도 발견됐다는 얘기까지 있더라. 서울 한복판에서 그런 일이 있었다니까 다들 놀라더라고. 기사 읽는데, 남성들 얼굴은 가렸어도 규모가 꽤 컸던 것 같아. 검거 소식만 봐도 속이 좀 시원하긴 한데, 아직도 비슷한 수법이 많을까 봐 걱정돼. 단톡방에 바로 공유하면서, 모르는 전화는 더 조심하자고 했어.",0,B,7,21
normal_aug_0218,"아, 그 기사 나도 봤어. 서울에서 검거됐다는 거 보고 다들 바로 반응 오더라. 남성들 위주로 조직이 움직였다고 하니까 더 조직적이었겠구나 싶었어. 현장에서 뭔가 많이 발견됐다고 하던데, 그런 기사 보면 늘 뒤늦게라도 잡혀서 다행이다 싶다가도, 그동안 피해 본 사람들은 어떡하나 싶지. 그래서 단톡방에 내가 바로 올렸어. 모르는 번호나 이상한 안내 오면 바로 끊자고. 검거 소식이 있어도 방심하면 안 되니까, 이런 건 계속 공유해야 할 것 같아.",0,B,8,21
normal_aug_0219,"회사 보안 교육 듣고 왔는데, 녹취 얘기를 그렇게 길게 할 줄은 몰랐어. 음성으로 남는 말이 나중에 진술이 될 수도 있으니까, 함부로 말하지 말라고 하더라. 그리고 개인정보는 진짜 정보 취급을 조심해야 한대. 압수 같은 단어도 예시로 나오는데, 나는 솔직히 좀 머리 아팠어. 교육 끝나고 나니 전화받을 때도 괜히 말 조심하게 돼. 어, 그냥 업무상 필요한 말만 하고 끊는 게 맞는 것 같더라.",0,B,9,21
normal_aug_0220,"나도 그 교육 받았는데, 녹취 부분이 제일 인상적이었어. 괜히 한 말이 진술처럼 남을 수 있고, 정보 하나 잘못 흘리면 나중에 문제된다고 하잖아. 압수 얘기까지 나오니까 분위기가 갑자기 엄청 엄격해지더라. 솔직히 평소엔 별생각 없이 말하는데, 이제는 전화 길게 하는 것도 좀 신경 쓰여. 개인정보는 진짜 조심하라고 계속 강조하던데, 맞는 말이긴 해. 나도 메모해 두고, 이상한 요청 오면 바로 기록 남기고 확인하려고. 귀찮아도 그게 제일 안전한 것 같아.",0,B,10,21
normal_aug_0221,"어, 지금 대출이 승인됐다고 문자 받았는데요. 이제 상환은 어떻게 하면 되는지, 그리고 이율이 어떻게 잡혀 있는지 좀 알고 싶어서요. 네, 확인 도와드리겠습니다. 본인 확인부터 잠깐 진행할게요. 생년월일이랑 휴대폰 번호 말씀해 주시겠어요? 네, ▲▲년 ▲▲월 ▲▲일이고, 번호는 ▲▲▲▲입니다. 네, 감사합니다. 조회해 보니 이번 대출은 승인 완료 상태이고, 자금은 오늘 중으로 지정하신 계좌로 들어가는 걸로 확인되십니다. 아, 그러면 상환은 자동으로 빠지는 건가요, 아니면 따로 해야 하나요? 손님께서는 매달 같은 날 자동 상환 방식으로 등록되어 있고요, 이율은 적용된 기준에 따라 안내드리면 연 ▲▲%로 확인됩니다. 음, 그럼 중간에 여유 자금이 생기면 일부 상환도 가능한가요? 네, 가능합니다. 일부 상환은 앱이나 지점에서 신청하실 수 있고, 상환 금액이 줄어들면 이자 부담도 함께 달라질 수 있습니다. 그러면 제가 나중에 자금 들어오면 일부 상환으로 진행하면 되겠네요. 네, 맞습니다. 다만 상환일 전에 하시면 더 편하실 수 있고, 승인 당시 안내된 조건은 그대로 유지되니 참고 부탁드립니다. 어, 네. 그럼 이율이랑 상환 방법 문자로도 받을 수 있을까요? 보내드릴 수 있습니다. 정리해서 안내 문자 발송해 드리겠습니다.",0,A,1,22
normal_aug_0222,"저, 이번에 대출 승인됐다는 안내를 받았는데 상환은 어떻게 잡히는지 궁금해서 전화드렸어요. 아, 네. 확인해 보겠습니다. 우선 본인 확인을 위해 성함과 생년월일 말씀 부탁드립니다. 네, ▲▲▲이고요, 생년월일은 ▲▲년 ▲▲월 ▲▲일입니다. 감사합니다. 지금 조회 결과 대출은 승인 완료로 보이고, 자금 집행 예정일도 정상 반영되어 있습니다. 상환은 약정하신 방식대로 매월 자동 출금되며, 이율은 고정형으로 연 ▲▲.▲% 적용됩니다. 음, 제가 처음이라서 그런데 상환을 늦게 하면 어떻게 되나요? 아, 손님, 상환일에 잔액이 부족하면 연체로 이어질 수 있어서 미리 입금해 두시는 게 좋습니다. 다만 여유 자금이 생기시면 중도 상환도 가능하고, 일부 금액만 먼저 갚는 방식도 안내드릴 수 있습니다. 그러면 승인된 대출 금액이 바로 입금되는 건가요? 네, 오늘 중으로 자금이 들어가도록 처리되어 있고, 입금 후에는 상환일과 이율 안내를 다시 문자로 받으실 수 있습니다. 네, 그럼 상환 날짜랑 이율만 다시 정리해서 안내 부탁드려요. 네, 바로 도와드리겠습니다. 접수 내역에 맞춰 문자로 보내드릴게요.",0,A,2,22
normal_aug_0223,"어, 납부하려고 했는데 결제가 안 돼서요. 전산 오류 같은 건가요? 네, 불편을 드려 죄송합니다. 잠시 확인해 보겠습니다. 본인 확인을 위해 이름과 연락처 말씀 부탁드립니다. 네, ▲▲▲이고 ▲▲▲▲입니다. 네, 확인 감사합니다. 현재 전산 쪽에 일시적인 오류가 있어 납부 접수는 되었지만 실제 처리까지 시간이 지연되고 있습니다. 아, 그럼 제가 보낸 금액이 아직 반영이 안 된 건가요? 네, 맞습니다. 접수 자체는 정상인데 전산 반영이 늦어져서 납부 금액 확인이 조금 지연되고 있습니다. 음, 오늘 중으로는 처리될까요? 최대한 빠르게 복구 중이고, 복구가 완료되면 납부 금액부터 순차 반영됩니다. 손님 쪽에서는 같은 금액을 다시 보내실 필요는 없고요, 중복 납부만 주의해 주시면 됩니다. 그러면 제가 따로 뭘 해야 하나요? 지금은 기다려 주시는 게 가장 좋고, 전산 정상화되면 바로 안내드리겠습니다. 접수 상태는 유지되고 있으니 안심하셔도 됩니다. 네, 알겠습니다. 그럼 납부 완료 문자는 나중에 받는 거죠? 네, 전산 처리가 끝나는 대로 문자로 다시 안내드리겠습니다.",0,A,3,22
normal_aug_0224,"저, 오늘 납부하려고 했는데 전산 문제 때문에 안 넘어간 것 같아서요. 금액은 빠졌는데 접수 확인이 안 된다고 떠요. 네, 확인해 보겠습니다. 본인 확인 먼저 도와드릴게요. 생년월일이랑 휴대폰 번호 말씀 부탁드립니다. 네, ▲▲년 ▲▲월 ▲▲일이고요, 번호는 ▲▲▲▲입니다. 감사합니다. 현재 전산 장애로 인해 납부 접수는 되었지만 반영이 지연되고 있습니다. 그래서 손님께서 보신 금액은 결제 시도는 됐어도 아직 최종 처리 전 상태입니다. 아, 그럼 중복으로 또 내면 안 되는 거네요? 네, 그렇습니다. 같은 금액을 다시 보내시면 안 되고, 기존 접수 건이 복구되면 자동으로 정상 처리됩니다. 음, 이거 얼마나 걸릴까요? 복구 시간은 아직 확정되지 않았지만, 전산팀에서 우선 처리 중입니다. 납부 금액은 그대로 유지되고 있으니 걱정하지 않으셔도 됩니다. 그러면 제가 오늘 안에 다시 확인 전화 드려야 하나요? 아니요, 저희가 복구되면 먼저 문자나 안내 전화를 드리겠습니다. 손님께서는 추가 납부만 잠시 보류해 주세요. 네, 알겠습니다. 그럼 접수 상태만 유지되는 거죠? 네, 맞습니다. 접수는 유지되고 있고, 전산 정상화 후 반영됩니다.",0,A,4,22
normal_aug_0225,"저기요, 비대면으로 계좌 개설하려고 하는데 중간에 자꾸 멈춰서요. 명의 확인이 필요하다고 나오던데 어떤 정보가 필요한가요? 네, 도와드리겠습니다. 우선 본인 명의로 개설하시는 게 맞는지 확인이 필요합니다. 성함과 주민번호 앞자리, 그리고 휴대폰 번호 말씀 부탁드립니다. 네, ▲▲▲이고, ▲▲년 ▲▲월 ▲▲일입니다. 네, 확인 감사합니다. 비대면 개설 절차에서는 개인 정보와 명의 확인이 꼭 필요합니다. 신분증 촬영, 얼굴 확인, 그리고 계좌 개설 목적 확인까지 진행됩니다. 아, 제가 중간에 주소 입력을 잘못했을 수도 있는데요. 그럼 개설이 안 되나요? 주소는 개인 정보 확인 항목 중 하나라서 수정 가능하지만, 명의가 일치해야 계속 진행됩니다. 음, 그럼 가족 명의로는 안 되는 거죠? 네, 맞습니다. 계좌는 반드시 본인 명의로만 개설하셔야 합니다. 다른 사람 명의로는 진행할 수 없고, 비대면 절차상 개인 확인이 완료되어야 합니다. 그러면 제가 신분증 다시 찍어서 넣으면 되겠네요. 네, 그렇게 해 주시면 됩니다. 혹시 개설 목적도 다시 적어야 하나요? 네, 네. 목적까지 입력하셔야 최종 개설이 완료됩니다. 필요한 정보는 문자로도 정리해서 보내드릴 수 있습니다.",0,A,5,22
normal_aug_0226,"어, 계좌 개설하려고 하는데 명의 확인에서 계속 막혀요. 제가 넣은 정보가 맞는지 다시 봐주실 수 있나요? 네, 가능합니다. 본인 확인을 위해 성함, 생년월일, 그리고 개설하려는 계좌가 본인 명의가 맞는지 말씀 부탁드립니다. 네, 본인 명의 맞고요. 성함은 ▲▲▲, 생년월일은 ▲▲년 ▲▲월 ▲▲일입니다. 감사합니다. 비대면 개설은 개인 정보와 명의 일치 여부가 중요해서 입력하신 정보가 주민등록상 정보와 동일해야 합니다. 아, 그러면 철자 하나라도 다르면 안 되는 거네요? 네, 맞습니다. 주소나 연락처처럼 개인 정보가 조금이라도 다르면 개설이 지연될 수 있습니다. 음, 제가 예전에 쓰던 번호를 넣었을 수도 있는데, 그럼 바꿔야 하나요? 네, 현재 사용 중인 번호로 수정해 주셔야 합니다. 그리고 신분증상의 명의와 입력 정보가 일치해야 최종 개설이 진행됩니다. 그러면 다시 정보 넣고 시작하면 되겠네요. 네, 그렇게 하시면 됩니다. 필요하시면 개설 절차와 필요한 정보를 다시 정리해 드리겠습니다. 네, 부탁드려요. 문자로 개인 정보 입력 항목까지 보내주시면 좋겠습니다.",0,A,6,22
normal_aug_0227,"안녕하십니까, 카드 한도 좀 확인하려고 전화드렸어요. 해외에서도 이용 가능한지도 같이 보고 싶습니다. 네, 확인 도와드리겠습니다. 본인 확인을 위해 성함과 카드 번호 일부 말씀 부탁드립니다. 네, ▲▲▲이고 카드 끝자리 ▲▲▲▲입니다. 감사합니다. 현재 카드 이용 한도는 남은 금액 기준으로 ▲▲만원 정도 확인되고요, 해외 거래 가능 여부도 함께 조회해 보겠습니다. 아, 지금 바로 해외에서 쓸 수 있는 건가요? 카드 종류에 따라 해외 이용이 가능할 수도 있고, 일부는 별도 승인 설정이 필요할 수 있습니다. 음, 제가 여행을 가는데 현지에서 거래가 되면 좋겠거든요. 네, 해외 거래 가능 여부가 열려 있으면 사용 가능하신데, 안전을 위해 출국 지역 등록을 권해드립니다. 한도도 해외에서 동일하게 적용되는지 궁금해요. 국내 한도와 해외 한도는 다르게 설정될 수 있어서, 거래 금액이 큰 경우에는 미리 조정 신청하시는 게 좋습니다. 그러면 카드 이용 자체는 가능한 거고, 한도만 확인하면 되겠네요. 네, 맞습니다. 사용은 가능하지만 해외 거래 시 승인 기준과 수수료가 달라질 수 있습니다. 그럼 문자로 한도랑 이용 가능 여부 정리해서 받을 수 있을까요? 네, 바로 보내드리겠습니다.",0,A,7,22
normal_aug_0228,"저, 카드 한도가 얼마 남았는지랑 해외 거래가 가능한지 알고 싶어요. 여행 준비 중이라서요. 네, 조회해 드리겠습니다. 먼저 본인 확인으로 생년월일과 휴대폰 번호 부탁드립니다. 네, ▲▲년 ▲▲월 ▲▲일이고 번호는 ▲▲▲▲입니다. 네, 확인되었습니다. 현재 카드 이용 한도는 잔여 ▲▲만원이며, 해외 거래는 기본적으로 가능 상태로 확인됩니다. 아, 그럼 따로 신청 없이도 쓸 수 있는 거예요? 네, 다만 일부 국가나 가맹점에서는 추가 인증이 필요할 수 있고, 해외 이용 금액은 거래 시점 환율에 따라 달라집니다. 음, 제가 조금 큰 금액을 쓰게 될 수도 있는데 그때도 가능할까요? 가능은 하지만 한도 초과가 나지 않도록 사전에 한도 증액 신청을 하시는 게 좋습니다. 카드 자체는 이용 가능하고, 해외 거래도 열려 있으니 출국 전에 한 번 더 점검해 드릴 수 있습니다. 그러면 출국 전에 다시 전화드리면 되겠네요. 네, 좋습니다. 그때는 카드 이용 내역과 거래 가능 지역까지 같이 확인해 드리겠습니다.",0,A,8,22
normal_aug_0229,"어, 대출금 입금 요청을 넣어놨는데요. 그런데 본인 확인 통화가 필요하다고 하더라고요. 지금 바로 해야 하나요? 네, 확인 절차가 필요합니다. 대출 입금 요청은 접수되어 있지만, 본인 확인 통화가 완료되어야 입금이 진행됩니다. 성함과 생년월일 말씀 부탁드립니다. 네, ▲▲▲이고 ▲▲년 ▲▲월 ▲▲일입니다. 네, 감사합니다. 현재 요청 건은 정상 접수되어 있고, 본인 확인 통화 후 입금 처리 예정입니다. 아, 그럼 제가 전화받기 전에 미리 준비할 건 없나요? 특별한 건 없고요, 본인 명의 계좌인지 확인만 되면 됩니다. 통화 중에 간단한 확인 질문이 몇 가지 더 있을 수 있습니다. 음, 입금 금액도 다시 말씀드려야 하나요? 네, 요청하신 금액과 입금 계좌를 한 번 더 확인하게 됩니다. 그 절차가 끝나면 대출 입금이 진행됩니다. 그러면 통화가 끝나야 입금이 되는 거군요. 맞습니다. 요청만으로는 바로 입금되지 않고, 본인 확인 통화가 완료되어야 합니다. 네, 알겠습니다. 그럼 지금 바로 통화 이어서 진행해 주세요.",0,A,9,22
normal_aug_0230,"저, 대출 입금 요청은 해뒀는데 본인 확인 전화가 꼭 필요하다고 해서요. 제가 지금 받을 수 있습니다. 네, 그럼 확인 도와드리겠습니다. 먼저 본인 확인을 위해 성함과 연락처 말씀 부탁드립니다. 네, ▲▲▲이고 ▲▲▲▲입니다. 감사합니다. 요청하신 대출 입금 건은 이미 접수되어 있습니다. 다만 입금 전 본인 확인 통화가 필수라서, 통화 절차가 끝나야 처리 가능합니다. 아, 그럼 요청만 넣어도 자동으로 들어오는 건 아닌가 보네요? 네, 맞습니다. 대출 입금은 확인 없이 진행되지 않고, 통화로 본인 여부를 확인한 뒤 진행됩니다. 음, 제가 잠깐 다른 데 있었는데 다시 요청해도 되나요? 이미 접수된 요청은 유지되고 있어서 다시 넣으실 필요는 없습니다. 지금 통화에서 확인이 되면 입금 단계로 넘어갑니다. 그러면 제가 준비할 건 본인 확인뿐인 거죠? 네, 맞습니다. 입금 계좌와 요청 금액도 함께 확인할 예정입니다. 확인이 끝나면 바로 처리 안내드리겠습니다. 네, 부탁드려요. 그럼 통화 절차 진행하겠습니다.",0,A,10,22
normal_aug_0231,"아침에 뉴스 보다가 진짜 깜짝 놀랐어. 명의 도용 사건이 생각보다 심각하더라. 그냥 남 일 같지 않던데, 수사도 꽤 오래 걸린다고 하더라고. 어, 이름이랑 전화번호만 있어도 이렇게 될 수 있다니 좀 무섭지 않아? 그래서 엄마한테도 바로 말했어, 모르는 문자 오면 절대 누르지 말고, 명의 확인되는 건 다 한 번씩 더 보라고. 맞아, 이런 사건은 남 얘기 아니야. 수사 진행 중이라는데도 피해가 이미 컸대. 그러니까 우리도 계좌나 인증 관련해서는 진짜 조심해야 해. 명의 도용은 한 번 당하면 되돌리기 힘들다잖아.",0,B,1,23
normal_aug_0232,"나도 아침에 그 사건 봤는데, 명의 도용이 그렇게 쉽게 되는 줄 몰랐어. 음, 수사 나온 거 보니까 결국 생활 속 습관이 제일 중요하더라. 비밀번호도 자꾸 똑같이 쓰면 안 되고, 명의 관련 서류는 아무 데나 두는 게 아니래. 아까 뉴스에서 본 사건은 피해자가 한 명이 아니라 여러 명이라 더 충격이었어. 수사 결과가 나와도 이미 뒤늦은 경우가 많다면서? 그래서 내가 동생한테도 말했지, 낯선 링크나 앱 설치 요구 오면 무조건 한 번 더 확인하라고. 명의 도용은 진짜 방심하면 안 돼.",0,B,2,23
normal_aug_0233,"아까 모르는 번호가 와서 받았다가 바로 끊었어. 음, 갑자기 자기가 수사관이라고 하면서 내 이름을 말하더라? 근데 말투가 너무 이상해서 계속 듣기 싫었어. 자꾸 범죄 조사 중이라면서 연루됐을 수 있다고 겁주는데, 내가 왜 그런 얘길 들어야 하냐고. 어쨌든 바로 끊었지. 수사관이라더니 기본 정보도 대충 알고 있고, 말이 앞뒤가 안 맞았어. 이런 전화가 요즘 많다니까 진짜 조심해야겠더라. 너도 비슷한 번호 오면 절대 오래 받지 마. 조사 한다고 하면 더 수상한 거야.",0,B,3,23
normal_aug_0234,"나 방금 완전 어이없는 전화 받았어. 수사관이라면서 범죄 관련 조사 중인데 내 번호가 연루됐을 수 있다고 하더라. 그래서 내가 음, 어디서 어떤 조사냐고 물으니까 말이 자꾸 꼬여. 진짜 수사관이면 그렇게 말하겠냐고. 이름도 제대로 못 대고, 빨리 확인하라면서 계속 재촉만 하길래 그냥 끊었어. 이런 식으로 사람 놀라는 틈 노리는 거 같아. 범죄 연루라는 말만 던져 놓고 겁주는 거지. 너도 혹시 비슷한 전화 오면 바로 끊어, 괜히 조사 협조한답시고 오래 붙들고 있으면 피곤해져.",0,B,4,23
normal_aug_0235,"어제 다큐 봤는데 불법 대포통장 개설 얘기가 나오더라. 처음엔 그냥 금융 이야기인가 했는데, 보니까 피해자들한테 진짜 큰일이더라고. 불법으로 남의 명의를 이용해서 대포통장 개설하는 방식이 왜 그렇게 악용되는지 설명해 주는데, 듣는 내내 찝찝했어. 피해자들이 자기 이름으로 통장이 만들어진 것도 모르고 있다가 나중에 알게 되는 경우가 많다더라. 어, 그거 보면서 나도 통장이나 카드 관련 안내는 더 꼼꼼히 봐야겠다고 생각했어. 개설이라는 말이 그냥 정상적인 절차처럼 보여도 뒤에 불법이 붙으면 완전 다른 일이더라.",0,B,5,23
normal_aug_0236,"나도 그 다큐 봤어. 불법 대포통장 개설 수법이 생각보다 단순해서 더 놀랐지. 피해자 입장에서는 아무 잘못도 없는데 이름이 엮여버리니까 너무 억울하겠더라. 어쩌다 그렇게 개설이 되는지 보니까, 신분 확인을 허술하게 하는 걸 노리는 거더라고. 그리고 나중에 피해자한테 책임이 돌아갈 수도 있다니까 더 무섭지. 다큐 보고 나서 친구한테도 말했어, 이상한 아르바이트나 서류만 보내면 되는 일은 무조건 의심하라고. 불법이란 말이 괜히 붙는 게 아니더라.",0,B,6,23
normal_aug_0237,"단톡방에 기사 봤냐고 올렸는데, 서울에서 보이스피싱 일당 남성들이 검거됐대. 기사에 나온 걸 보니까 현장에서 발견된 증거도 꽤 많더라. 서울 한복판에서 그런 일이 있었다니까 좀 소름 돋았어. 남성 여러 명이 조직적으로 움직였다고 해서 더 놀랐고, 검거된 뒤에 수사가 이어진다더라. 나는 그냥 기사만 봐도 긴장되던데, 다들 무심코 넘기지 말고 조심하자고 보냈어. 발견된 내용 보면 수법이 꽤 치밀하더라.",0,B,7,23
normal_aug_0238,"아까 인터넷 기사 공유했는데, 서울에서 남성 일당이 검거됐다는 내용이었어. 음, 보이스피싱 관련이라 더 눈에 띄더라. 기사 보니까 현장에서도 여러 단서가 발견됐고, 이미 오래전부터 움직이던 팀 같았어. 서울에서 그런 일이 터지면 사람들 불안할 만하지. 그래서 단톡방에, 이런 기사 볼 때마다 낯선 연락은 무조건 의심하자고 적었어. 검거 소식이 반갑긴 한데, 그 전에 피해가 생긴 사람들 생각하면 마냥 끝난 일도 아니더라. 발견된 단서들이 수사에 도움이 되길 바란다고도 했지.",0,B,8,23
normal_aug_0239,"회사에서 보안 교육 들었는데, 녹취 얘기가 유독 길더라. 처음엔 좀 귀찮았는데 듣다 보니 진술이랑 정보 보호가 왜 중요한지 알겠더라고. 어, 녹취할 때도 함부로 하면 안 되고, 상대 동의 없이 돌리면 문제가 될 수 있다면서 계속 강조했어. 그리고 개인정보가 들어간 자료는 압수나 반출 같은 말 나오기 전에 아예 관리부터 제대로 하라고 하더라. 나는 솔직히 그런 교육이 늘 비슷해서 지루했는데, 이번엔 실제 사례가 많아서 좀 무서웠어. 정보가 새면 진술까지 엮여서 골치 아파진다니까 더 그렇고.",0,B,9,23
normal_aug_0240,"아 진짜 교육 듣고 나니까 머리 아프더라. 녹취도 그냥 편하다고 아무 때나 하면 안 되고, 진술 정리할 때도 기준이 있어야 한다고 하잖아. 정보 보호 얘기는 몇 번을 들어도 헷갈려서, 메모해 두지 않으면 금방 잊어버릴 것 같아. 압수 관련 사례도 예시로 나왔는데, 자료 관리가 엉성하면 나중에 문제 생긴다더라. 음, 회사가 자꾸 중요하다고 하는 이유는 알겠는데, 실무에서는 하나하나 챙기기가 쉽진 않지. 그래도 정보 다루는 일은 조심 또 조심해야겠다 싶었어. 녹취 파일도 아무 데나 두지 말고 말이야.",0,B,10,23
normal_aug_0241,"네, 잠시만요. 이번에 대출 심사가 승인되셨다는 안내 받으셔서 연락 주신 거 맞으시죠? 예, 맞습니다. 제가 대출을 받게 되면 상환은 어떻게 해야 하는지, 또 이율은 어느 정도로 적용되는지 궁금해서요. 아 네, 확인해보겠습니다. 잠시만 기다려주시면 자금 실행 예정일과 함께 상환 방식, 이율을 같이 안내드리겠습니다. 네. 음, 대출은 원리금 균등 상환 방식으로 진행되며 매달 같은 금액으로 납부하시는 형태입니다. 다만 중도에 자금 사정이 바뀌면 일부 상환이나 추가 상환도 가능하신데요, 그 경우 수수료 여부는 상품별로 다릅니다. 아, 그럼 이율은 고정인가요, 변동인가요? 고객님 선택하신 상품은 현재 고정 이율로 승인되어 있고, 약정 기간 동안은 동일하게 적용됩니다. 그럼 상환 시작일은 언제인가요? 대출 자금이 실행된 다음 달 같은 날짜에 첫 상환이 잡히고요, 문자로도 납부 일정이 안내됩니다. 음, 그러면 자동이체로 해두면 되는 거죠? 네, 맞습니다. 계좌 등록해두시면 매달 상환일에 자동 납부되도록 설정 가능합니다. 아니면 직접 납부도 가능하고요. 네, 그 부분까지 확인해주셔서 감사합니다.",0,A,1,24
normal_aug_0242,"네, 대출 승인된 건 확인되셨고요. 상환 방법은 어떻게 되는지 다시 안내드릴게요. 저희 쪽 대출 상품은 매월 정해진 날짜에 상환하는 방식이고, 자금 입금 후 첫 회차부터 이율이 적용됩니다. 아, 그럼 제가 따로 신청해야 하나요? 아니요, 승인된 대출 건은 별도 신청 없이 약정서 기준으로 상환이 시작됩니다. 다만 납부 계좌를 지정하셔야 해서요, 자동이체로 하실지 직접 납부하실지 선택해 주셔야 합니다. 음, 자동이체가 편하겠네요. 네, 자동이체 등록 가능하십니다. 그리고 이율은 고객님 심사 결과에 따라 확정된 상태라서 대출 실행 후에는 변경되지 않습니다. 상환 초기에 여유 자금이 생기면 일부 상환도 가능한가요? 예, 가능은 하십니다. 다만 일부 상환 시 약정에 따라 조건이 있을 수 있어서 사전에 확인해드려야 합니다. 아, 그러면 제가 오늘 승인된 대출 자금이 들어오면 바로 상환 일정 안내 문자 오는 거죠? 네, 맞습니다. 자금이 실행되면 상환일, 납부 금액, 적용 이율이 문자로 안내됩니다.",0,A,2,24
normal_aug_0243,"네, 접수는 되어 있는데요. 지금 전산 오류가 있어 납부 처리가 잠시 지연되고 있습니다. 고객님께서 오늘 납부하신 금액이 아직 정상 반영되지 않아서 확인 문의 주신 거죠? 예, 맞아요. 분명히 접수됐다고 떠서요. 네, 접수는 되었는데 전산 반영이 늦어지고 있는 상태입니다. 현재 시스템 점검 중이라 금액 승인 내역이 바로 조회되지 않고 있어요. 아, 그럼 제 납부가 누락된 건 아니고요? 네, 누락은 아니고 전산 처리 지연입니다. 지금은 접수 순서대로 다시 반영 중이고요, 금액이 정상 반영되면 문자로 안내드릴 예정입니다. 그럼 얼마나 기다려야 하나요? 음, 예상으로는 오늘 안에 처리될 가능성이 높고, 전산 복구 상황에 따라 조금 더 걸릴 수도 있습니다. 혹시 다시 납부해야 하는 건 아니죠? 아니요, 다시 납부하실 필요 없습니다. 이미 접수된 납부 건이라 중복 처리만 조심하시면 됩니다. 아, 다행이네요. 네, 불편 끼쳐드려 죄송합니다. 전산이 정상화되면 금액 처리 내역까지 다시 확인해드리겠습니다.",0,A,3,24
normal_aug_0244,"아이고, 고객님. 지금 전산 쪽에서 오류가 있어서 납부 접수는 되었는데 바로 반영이 안 되고 있습니다. 제가 다시 확인해보니 납부 금액은 들어왔는데 시스템상 접수 완료 표시가 늦게 뜨는 상황입니다. 그럼 제가 오늘 낸 금액은 정상인가요? 네, 금액 자체는 정상입니다. 다만 전산 문제로 납부 완료 처리가 조금 지연되는 겁니다. 음, 혹시 제가 은행에 다시 가야 하나 해서요. 아니요, 다시 가실 필요는 없습니다. 접수 내역은 보관되고 있고 전산 복구되면 자동으로 반영됩니다. 아, 그럼 다음날까지 기다리면 되는 거군요. 네, 맞습니다. 늦어도 내일 오전에는 금액 반영 여부를 다시 조회해볼 수 있을 가능성이 큽니다. 고객님께서 원하시면 접수 번호도 문자로 안내드릴 수 있습니다. 그럼 부탁드릴게요. 네, 바로 보내드리겠습니다. 납부 건은 정상 접수된 상태라는 점만 먼저 안내드릴게요.",0,A,4,24
normal_aug_0245,"비대면 계좌 개설 관련해서 문의 주셨죠? 네, 제가 온라인으로 개설하려고 하는데, 명의 확인이랑 필요한 정보가 어떻게 되는지 알고 싶어서요. 네, 설명드리겠습니다. 우선 계좌 개설은 본인 명의로만 가능하고, 개인 정보 확인 절차가 필요합니다. 음, 어떤 정보가 필요한가요? 기본적으로 이름, 주민등록번호, 휴대전화 번호, 주소 같은 개인 정보가 들어가고요, 본인 명의 휴대전화로 인증을 진행하셔야 합니다. 아, 가족 명의 번호로는 안 되나요? 네, 안 됩니다. 반드시 계좌 개설하는 본인 명의 정보로 진행하셔야 합니다. 그리고 신분증 촬영 후 진위 확인도 진행됩니다. 그럼 개설 과정에서 입력한 정보는 다 확인되는 거죠? 예, 맞습니다. 입력 정보와 신분증 정보가 일치해야 개설이 가능합니다. 만약 주소나 연락처가 다르면 다시 수정하셔야 할 수 있어요. 아, 알겠습니다. 그럼 제가 미리 준비할 건 신분증이랑 본인 휴대전화네요? 네, 맞습니다. 본인 명의 휴대전화, 신분증, 그리고 개인 정보 확인이 가능한 상태로 진행하시면 됩니다.",0,A,5,24
normal_aug_0246,"네, 비대면 계좌 개설 도와드릴게요. 먼저 명의 확인부터 진행해야 하는데, 고객님 본인 명의로 개설하시는 거 맞으실까요? 예, 맞습니다. 제가 직접 개설하려고요. 음, 그러면 개인 정보 확인 절차 안내드리겠습니다. 이름, 생년월일, 연락처, 주소 입력이 필요하고, 본인 명의의 휴대전화 인증도 하셔야 합니다. 아, 그럼 배우자 명의 휴대전화로는 안 되는 거군요. 네, 계좌는 본인 명의로만 개설 가능해서요. 개인 정보와 명의가 모두 일치해야 합니다. 그리고 신분증 촬영 단계에서 정보가 일치하는지 다시 확인합니다. 그럼 정보 입력은 제가 하고, 확인은 시스템이 하는 건가요? 네, 맞습니다. 입력하신 정보와 신분증, 그리고 명의 상태를 대조해서 개설 여부가 결정됩니다. 혹시 중간에 오류가 나면 어떻게 되나요? 오류가 나면 어떤 정보가 맞지 않았는지 안내드리고 다시 입력하시면 됩니다. 아, 알겠습니다. 그럼 지금 바로 진행해볼게요. 네, 천천히 입력해주시면 됩니다. 개설 완료 후에는 계좌 정보가 문자로 안내됩니다.",0,A,6,24
normal_aug_0247,"고객님, 카드 한도 조회와 해외 거래 가능 여부 문의 주셨죠? 네, 맞아요. 제가 카드 이용 중인데 해외에서 거래가 가능한지, 한도는 얼마나 남았는지 궁금해서요. 네, 확인해보겠습니다. 잠시만요. 현재 카드 기본 이용 한도는 남아 있고, 국내 거래는 정상 가능합니다. 해외 거래는 별도 설정에 따라 가능 여부가 달라집니다. 아, 그럼 지금은 해외에서 바로 쓸 수 있는 건가요? 고객님 카드가 해외 이용 가능 상태로 되어 있긴 한데, 일부 지역이나 가맹점은 거래 승인 방식이 달라서 제한될 수 있습니다. 음, 한도는 충분한가요? 네, 현재 남은 한도는 있으십니다. 다만 해외 결제는 환율 변동이나 임시 승인 금액 때문에 실제 이용 한도와 표시 금액이 다르게 보일 수 있습니다. 아, 그러면 해외 거래는 미리 등록해야 하는 건 없나요? 경우에 따라 해외 이용 차단이 켜져 있으면 해제하셔야 합니다. 원하시면 바로 확인해드릴 수 있습니다. 네, 그럼 부탁드릴게요. 카드 이용은 계속하려고 해서요. 네, 가능합니다. 해외 거래 설정과 잔여 한도 같이 안내드리겠습니다.",0,A,7,24
normal_aug_0248,"예, 카드 관련해서 문의 주셨는데요. 한도 조회랑 해외 거래 가능 여부 같이 보실까요? 네, 맞습니다. 이 카드가 해외에서 이용 가능한지, 그리고 현재 한도가 얼마나 남았는지 알고 싶어요. 네. 잠시만 확인하겠습니다. 고객님 카드의 이용 한도는 정상이고, 해외 거래도 현재는 가능으로 조회됩니다. 다만 카드 종류에 따라 일부 거래는 승인이 지연될 수 있습니다. 아, 그럼 해외에서 인터넷 거래도 가능한가요? 네, 가능합니다. 해외 인터넷 거래도 카드 설정상 가능하신데, 보안 때문에 일시적으로 차단되어 있으면 해제 후 이용하셔야 합니다. 음, 그러면 제가 따로 신청 안 해도 되는 거네요? 네, 현재 상태로는 가능하십니다. 다만 해외 이용을 자주 하실 계획이면 거래 알림 설정을 같이 해두시면 좋습니다. 그럼 한도는 충분한가요? 네, 현재 잔여 한도는 여유가 있습니다. 이용하시는 거래 금액에 따라 달라질 수 있으니 결제 전에 한 번 더 확인하시면 됩니다. 아, 네. 카드 이용 설정까지 알려주셔서 감사합니다.",0,A,8,24
normal_aug_0249,"네, 대출금 입금 요청 접수된 건 확인되셨습니다. 다만 본인 확인 통화 절차가 필요해서 바로 입금은 진행되지 않습니다. 아, 제가 요청을 넣었는데 왜 또 통화를 해야 하나요? 대출 입금은 고객님 요청만으로는 처리할 수 없고, 본인 확인을 통해 요청자와 계좌 명의가 일치하는지 확인해야 합니다. 음, 그럼 지금 통화가 본인 확인인가요? 네, 맞습니다. 몇 가지 확인 질문 드린 뒤에 입금 처리로 넘겨드릴 수 있습니다. 예, 그럼 진행해주세요. 고객님 성함과 생년월일 확인 부탁드립니다. 네, 확인되셨고요. 대출 입금 요청은 접수되어 있습니다. 다만 마지막으로 연락처 인증까지 완료되어야 합니다. 아, 알겠습니다. 그러면 입금은 오늘 되는 건가요? 네, 본인 확인 통화가 끝나면 바로 입금 처리 가능합니다. 고객님 요청 건은 이미 접수돼 있어서 추가 서류는 없습니다. 음, 절차가 좀 있네요. 네, 안전을 위해 필요한 과정입니다. 확인 완료되면 입금 예정 시간도 같이 안내드리겠습니다.",0,A,9,24
normal_aug_0250,"고객님, 대출 입금 요청은 접수되어 있습니다. 그런데 바로 입금하려면 본인 확인 통화 절차를 먼저 진행해야 합니다. 네, 요청 넣었는데 통화가 꼭 필요한가요? 네, 대출 입금은 민감한 정보라서 본인 확인 없이 진행할 수 없습니다. 요청하신 계좌와 통화하시는 분이 동일인인지 확인해야 해요. 아, 그럼 제가 지금 받는 이 전화로 확인되는 거죠? 네, 맞습니다. 간단한 확인 후 바로 진행 가능합니다. 고객님 성함, 생년월일, 그리고 요청하신 대출 입금 계좌가 맞는지 확인드리겠습니다. 예, 맞습니다. 음, 그럼 이 절차 끝나면 입금은 바로 들어오나요? 네, 확인만 완료되면 입금 처리로 넘어가고, 보통 바로 반영됩니다. 다만 경우에 따라 처리 시간이 조금 걸릴 수 있습니다. 알겠습니다. 그럼 필요한 통화는 지금 마저 하죠. 네, 감사합니다. 본인 확인이 끝나면 요청하신 대출 입금 건을 바로 이어서 처리해드리겠습니다.",0,A,10,24
normal_aug_0251,"아침 뉴스 봤어? 음, 진짜 마음이 철렁하더라. 어떤 명의 도용 사건이라는데, 그 사람 이름으로 뭔가가 계속 만들어졌대. 수사도 진행 중이라던데, 이런 건 남 일 같지가 않더라. 나도 예전부터 명의 관련해서는 함부로 사진 보내거나 서류 넘기면 안 된다고 생각했거든. 이번 사건 보니까 더 조심해야겠어. 너도 문자나 전화로 뭐 확인하라는 거 있으면 바로 믿지 말고, 꼭 다시 확인해 봐. 이런 도용은 한 번 당하면 되돌리기 너무 어렵다더라.",0,B,1,25
normal_aug_0252,"그 뉴스 나도 봤어. 아, 진짜 무섭더라... 명의 도용이 그렇게 쉽게 되는 줄 몰랐어. 수사 들어갔다고 했지? 그러니까 더더욱 조심해야 돼. 내 정보라고 생각해도, 어디선가 새면 사건이 커지는 거잖아. 나도 앞으로는 신분증 사진 같은 거 함부로 안 보내려고. 그리고 이상한 링크 오면 바로 지우고, 명의 확인 요구하면 직접 공식 창구로 다시 물어봐야 할 것 같아. 이런 사건은 진짜 남 얘기 아니다 싶었어.",0,B,2,25
normal_aug_0253,"아까 모르는 번호가 와서 받았는데, 음... 수사관이라면서 내 이름이 범죄에 연루됐다고 하더라. 처음엔 뭐지 싶었는데 말이 너무 이상해서 바로 끊었어. 조사한다, 협조해라 이러는데, 생각해 보니까 말도 안 되잖아. 진짜 수사관이면 그렇게 전화로 몰아붙이듯 말하겠어? 심장이 좀 뛰더라. 너도 이상한 전화 오면 절대 개인정보 말하지 마. 이런 건 끊고 다시 확인하는 게 맞는 것 같아.",0,B,3,25
normal_aug_0254,"어? 나도 비슷한 전화 받아 본 적 있어. 수사관이라고 하면서 범죄 연루됐다고 겁주는데, 들을수록 이상했어. 조사받아야 한다고 막 그러길래, 아, 이거 아니다 싶어서 끊었지. 그런 전화는 괜히 불안하게 만들어서 판단 흐리게 하더라. 어차피 진짜면 정식 절차가 있을 텐데, 전화 한 통으로 사람을 몰아세우는 건 수상하잖아. 나중에 생각하니까 진짜 황당했어. 앞으로는 수사관이니 조사니 나오면 더 조심할 거야.",0,B,4,25
normal_aug_0255,"어제 다큐 봤는데, 불법 대포통장 개설 얘기 나와서 좀 충격이었어. 그냥 돈 빌려주듯 시작했다가 피해자가 생기고, 결국 개설에 연루된 사람들도 곤란해지더라. 특히 본인은 큰일인 줄 모르고 넘겼다가 나중에 피해자와 연결되는 장면이 되게 무섭더라. 불법이라는 게 진짜 순간적으로는 가볍게 보여도, 뒤끝이 너무 큰 것 같아. 나도 앞으로는 계좌 관련해서 이상한 제안 오면 바로 거절할 거야.",0,B,5,25
normal_aug_0256,"맞아, 그 다큐 나도 봤어. 대포통장 개설이 그렇게 쉽게 피해로 이어지는지 몰랐어. 피해자들 얘기 나오는데 마음이 좀 무거웠다... 불법인 줄 알면서도 넘어가는 사람들 때문에 더 커지는 거 같더라. 그리고 결국 아무 상관없는 사람도 피해자 될 수 있잖아. 나중엔 계좌가 여러 군데로 퍼져서 되찾기도 어렵다던데, 진짜 조심해야겠어. 그런 건 아예 처음부터 안 엮이는 게 답인 것 같아.",0,B,6,25
normal_aug_0257,"단톡에 기사 봤어? 서울에서 보이스피싱 일당이 검거됐대. 남성 몇 명이 한꺼번에 발견돼서 조사받는다고 하더라. 서울 한복판이라 더 놀랐어. 이런 일은 멀리 있는 줄만 알았는데, 기사 보니까 생각보다 가까운 데서도 벌어지나 봐. 다들 모르는 번호 조심하고, 이상한 요구 있으면 바로 끊자고 올렸어.",0,B,7,25
normal_aug_0258,"나도 그 기사 봤어. 서울에서 그렇게 검거됐다는 거 보고 좀 안심되긴 했는데, 또 한편으론 무섭더라. 남성 일당이 발견됐다는 문구만 봐도 규모가 컸던 것 같고... 이런 기사 볼 때마다 내 주변도 조심해야겠단 생각이 들어. 단톡에 공유한 거 잘했어. 다들 한번쯤 봐야 경각심 생기니까. 요즘은 진짜 번호 하나에도 조심해야 하더라.",0,B,8,25
normal_aug_0259,"회사 보안 교육 오늘 들었잖아. 음, 솔직히 좀 길었는데 녹취 얘기 나올 때는 정신이 확 들더라. 진술 남기는 방식도 그렇고, 정보 관리가 얼마나 중요한지 계속 강조하잖아. 괜히 말 한마디 잘못하면 기록 남고, 자료가 압수될 수도 있다고 하니까 더 조심해야겠더라고. 나는 그냥 메일이랑 메모만 신경 쓰면 되는 줄 알았는데, 녹취 자체도 꽤 중요하대.",0,B,9,25
normal_aug_0260,"맞아, 나도 그 부분이 좀 무겁게 느껴졌어. 녹취가 남으면 진술도 더 정확해야 하고, 정보 관리도 허술하면 안 된다고 하더라. 압수 얘기까지 나오니까 괜히 등 뒤가 서늘했어. 사실 평소엔 대충 넘기던 개인정보도, 교육 듣고 나니까 함부로 다루면 안 되겠다는 생각 들었어. 회사에서 다루는 정보는 진짜 조심해야겠더라. 나중에 또 교육하면 이번보다 더 집중해서 들어야겠어.",0,B,10,25
normal_aug_0261,"네, 대출 승인 나신 건으로 연락드렸습니다. 음, 먼저 안내부터 드리면 이번 대출은 승인 완료 상태고, 자금은 오늘 안으로 지정하신 계좌로 들어가게 됩니다. 다만 상환 방식이 두 가지라서요, 원리금 균등으로 하실지, 아니면 만기 일시 상환으로 하실지 확인이 필요합니다. 아, 그리고 이율은 심사 결과 기준으로 적용돼서 지금 안내드리는 금리는 연 기준 몇 퍼센트로 잡혀 있습니다. 상환일은 매달 같은 날짜로 고정되는데, 혹시 급여일에 맞춰 조정 원하시면 지금 말씀해 주셔도 됩니다. 네, 그러면 대출 실행 후 첫 상환은 다음 달부터 시작되고, 중도 상환도 가능하긴 한데 수수료는 기간에 따라 달라집니다. 자금 사용 목적은 따로 제한이 없는 일반 생활자금으로 접수된 건 맞으시고요. 어, 확인해 보니 승인 상태는 정상이고, 상환 안내문은 문자로도 같이 보내드리겠습니다.",0,A,1,26
normal_aug_0262,"대출 심사 통과하신 내용 확인됐습니다. 그러니까 승인된 대출 건에 대해서 자금 입금은 오늘 처리되고, 이후 상환은 고객님이 선택하신 방식대로 진행됩니다. 지금 보시면 상환 방식이 원금과 이자를 같이 갚는 형태인지, 아니면 이자만 내다가 마지막에 원금을 정리하는 방식인지 설명드려야 하는데요. 음, 현재 적용 이율은 고객님 등급과 거래 내역을 반영해서 산정된 상태입니다. 대출 승인 이후 자금이 들어가면 자동이체 계좌로 상환이 잡히는 경우가 많고, 원하시면 직접 납부하는 방법도 가능합니다. 아, 다만 연체를 막으시려면 납부일 하루 이틀 전에 잔액 확인해 두시는 게 좋습니다. 네, 상환일 변경 가능 여부도 제가 같이 확인해 드릴게요. 승인된 대출 금액이 크지 않더라도 상환 일정은 꼭 맞춰 주셔야 해서요. 잠시만요, 고객님 정보 확인한 뒤 이율과 상환표까지 정리해서 말씀드리겠습니다.",0,A,2,26
normal_aug_0263,"아, 은행 전산 쪽에서 오류가 잠깐 있어서 고객님 납부 처리가 지연되고 있습니다. 접수된 건은 정상인데, 전산 반영이 늦어져서 납부 금액이 바로 확인되지 않는 상황입니다. 네, 고객님께서 말씀하신 금액은 분명히 접수돼 있는데, 전산에서 처리 상태가 아직 넘어오지 않았습니다. 그러니까 지금은 재납부하실 필요 없고, 저희가 오류 복구되는 대로 납부 완료로 다시 잡아드릴 예정입니다. 음, 보통 이런 경우에는 시간이 조금 걸리긴 하는데, 길게 가더라도 당일 안에는 정리되는 편입니다. 접수 번호를 기준으로 확인해 보면 납부 건 자체는 살아 있고, 금액도 정상 등록돼 있습니다. 다만 전산 연동 문제라서 화면에 늦게 보이는 거예요. 아, 고객님 불편하셨을 텐데 죄송합니다. 복구되면 납부 완료 문자가 다시 갈 수 있고, 혹시 중복 납부가 되면 바로 조정해 드리겠습니다.",0,A,3,26
normal_aug_0264,"전산 장애로 고객님 납부 진행이 늦어지고 있습니다. 접수는 이미 되어 있는데, 전산 시스템에서 납부 금액이 바로 넘어오지 않아서 확인 시간이 조금 더 필요합니다. 어, 지금은 임의로 다시 납부하지 않으셔도 되고요. 저희가 전산 상태를 보는 중이라 같은 금액이 중복 반영되지 않도록 관리하고 있습니다. 네, 접수 내역상으로는 납부 건이 정상인데, 처리 단계에서 오류가 발생한 것으로 보여요. 고객님께서 보내신 금액은 보류 없이 대기 중이고, 전산 복구 후 자동으로 반영될 가능성이 큽니다. 그러니까 오늘 안에 정리되지 않으면 내일 오전에 다시 확인 전화를 드리겠습니다. 아, 불편 끼쳐 드려서 죄송하고요, 납부 완료 여부는 문자로도 안내받으실 수 있게 조치해 두겠습니다.",0,A,4,26
normal_aug_0265,"비대면 계좌 개설 절차 안내드리겠습니다. 먼저 명의 확인이 필요해서요, 개설하려는 계좌가 고객님 개인 명의가 맞는지부터 확인하겠습니다. 음, 개인정보 입력 단계에서는 이름, 주민등록상 생년월일, 휴대폰 정보가 필요하고요, 본인 인증이 끝나야 개설이 진행됩니다. 아, 다른 사람 명의로는 개설이 안 되고, 반드시 개인 명의 확인이 되어야 합니다. 지금 화면에서 정보 입력을 마치시면 신분증 촬영과 얼굴 인증 단계로 넘어가게 됩니다. 그러니까 개설 신청을 하신 뒤에도 정보가 일치하지 않으면 중간에 멈출 수 있어요. 네, 고객님 휴대폰 번호와 현재 등록된 개인 정보가 맞는지 다시 한 번 확인해 드릴게요. 명의와 개설 조건이 모두 맞으면 바로 계좌가 만들어집니다.",0,A,5,26
normal_aug_0266,"음, 비대면 계좌 개설 진행 중이시죠. 그럼 명의 확인부터 차근차근 도와드리겠습니다. 개인 정보는 이름, 생년월일, 연락처, 주소 일부를 확인하고, 개설 신청인의 명의가 본인 것으로 일치해야 합니다. 아, 중간에 정보가 하나라도 다르면 개설 심사가 지연될 수 있어서요, 입력하실 때 천천히 확인해 주시면 됩니다. 지금은 개인 인증 절차가 중요해서 신분증 사진과 얼굴 확인이 같이 들어갑니다. 네, 본인 명의가 아닌 경우에는 개설 자체가 불가능하고, 가족 명의로도 처리할 수 없습니다. 그러니까 고객님 개인 정보 기준으로 정확히 입력해 주셔야 하고요. 개설 완료 후에는 안내 문자와 함께 계좌 사용 방법도 보내드리겠습니다.",0,A,6,26
normal_aug_0267,"카드 한도 조회 도와드리겠습니다. 먼저 현재 카드 이용 가능 금액과 해외 거래 가능 여부를 같이 확인해야 해서요, 카드 정보가 필요합니다. 음, 국내 이용은 정상인데 해외 거래는 별도 설정이 되어 있어야 가능한 경우가 있습니다. 아, 고객님 카드가 해외에서 바로 이용 가능한 상태인지, 아니면 거래 승인 제한이 걸려 있는지 확인해 보겠습니다. 지금 조회하면 잔여 한도랑 일일 이용 가능 금액도 같이 보실 수 있습니다. 그러니까 해외 거래를 원하시면 카드사 앱에서 별도 신청이 필요한지 안내드릴게요. 네, 카드 상태에 따라 이용 가능 범위가 달라지기 때문에 조회가 꼭 필요합니다. 거래가 안 되는 시간대나 국가 제한도 있을 수 있어서 그 부분도 같이 확인하겠습니다.",0,A,7,26
normal_aug_0268,"카드 관련해서 문의 주셨죠. 현재 이용 한도와 해외 거래 가능 여부를 확인해 드릴게요. 어, 카드 자체는 정상인데 해외 거래는 보안 설정 때문에 막혀 있을 수 있습니다. 그래서 이용 가능 상태인지, 국제 거래 승인 설정이 열려 있는지 먼저 봐야 합니다. 네, 잔여 한도도 같이 조회해 드리면 국내 이용과 해외 이용이 분리돼 있는지 확인할 수 있어요. 아, 간혹 카드가 실물은 사용 가능해도 해외 거래만 제한된 경우가 있거든요. 그러니까 고객님께서 해외에서 결제하실 계획이 있으면 미리 설정을 바꿔두시는 게 좋습니다. 카드 이용 내역과 거래 가능 여부 확인 후 바로 안내드리겠습니다.",0,A,8,26
normal_aug_0269,"대출금 입금 요청이 접수돼서 확인 연락드렸습니다. 음, 요청 자체는 들어와 있는데 입금 전에 본인 확인 통화가 꼭 필요합니다. 대출 금액이 크든 작든 상관없이 입금 처리는 통화로 본인 여부를 확인한 뒤 진행돼요. 아, 그래서 지금 고객님께 등록된 번호로 연락드린 게 맞는지, 생년월일과 간단한 정보 확인이 필요합니다. 요청 접수 상태는 살아 있고, 본인 확인이 끝나면 입금 일정도 바로 안내해 드릴 수 있습니다. 그러니까 통화가 완료돼야 대출금이 실제로 입금 처리됩니다. 네, 혹시 지금 통화 가능하시면 바로 진행하고, 아니면 편한 시간대로 다시 맞춰 드리겠습니다.",0,A,9,26
normal_aug_0270,"대출 입금 요청 건 확인 중입니다. 먼저 본인 확인 통화가 필요해서 연락드렸고요, 요청은 정상 접수되어 있습니다. 음, 입금 전 절차라서 고객님 신분 확인이 끝나야 다음 단계로 넘어갑니다. 대출 관련 입금은 아무 때나 바로 되는 게 아니라, 접수 후 통화로 본인 확인을 한 번 거쳐야 합니다. 아, 이 과정은 고객님 보호를 위한 절차라서 조금 번거로우셔도 꼭 필요합니다. 그러니까 지금 연결되시면 이름과 생년월일, 신청하신 요청 내용만 간단히 확인하겠습니다. 통화가 완료되면 입금 가능 시간과 처리 순서도 바로 알려드릴게요.",0,A,10,26
normal_aug_0271,"아침 뉴스 봤어? 아, 진짜 깜짝 놀랐는데, 명의도용 사건이 또 났더라. 그냥 카드나 통장만 조심하면 되는 줄 알았는데, 이번엔 생활 정보까지 털리는 식이래. 수사도 시작됐다던데, 이런 사건은 남 일 같지가 않더라. 그래서 내가 엄마한테도 바로 말했어, 모르는 링크 누르지 말고, 신분증 사진도 함부로 보내지 말라고. 요즘은 명의 도용이 생각보다 쉽대, 그니까 더 조심해야 돼. 나도 솔직히 뉴스 보면서 한 번 더 확인하게 되더라. 아까도 메일 왔는데, 어설프게 개인정보 달라 그러면 그냥 넘기지 말고 꼭 확인하라고 했어. 수사 진행된다니까 빨리 잡혔으면 좋겠고, 이런 사건은 진짜 미리 막는 게 중요하더라.",0,B,1,27
normal_aug_0272,"아침에 본 사건이 계속 생각나. 명의 도용이 그렇게 무섭더라니까. 이름이랑 생년월일만 있어도 이상하게 엮일 수 있다면서 수사 들어갔다고 하더라. 나 방금 가족 단톡에도 보냈잖아, 모르는 데서 신분 확인하자고 하면 무조건 의심하라고. 사건 설명 들으면서도 내가 괜히 긴장됐어. 요새는 진짜 명의 같은 거 관리 안 하면 큰일 나겠다 싶더라. 수사 얘기 나오니까 더 현실감 있었고, 누가 봐도 평범한 일상에서 갑자기 도용 당할 수 있다는 게 무서웠어. 나도 앞으로는 서류 사진 찍어 보내는 거 더 신중하게 하려고. 그냥 귀찮다고 넘길 일이 아니더라.",0,B,2,27
normal_aug_0273,"아까 이상한 번호에서 전화 왔는데, 수사관이라고 하더라. 음, 목소리는 그럴듯한데 말이 자꾸 이상해서 바로 끊었어. 범죄 연루됐는지 조사해야 한다고 하면서 서류 확인하자고 그러길래, 아니 이게 뭐지 싶었지. 수사관이라면서 왜 개인 번호로 전화하냐고 했더니 얼버무리더라. 나 진짜 순간 심장 철렁했는데, 조금 생각해 보니까 너무 수상해서 끊는 게 맞더라고. 범죄니 조사니 하면서 겁주는데, 그런 말에 휘둘리면 안 되겠더라. 너도 혹시 비슷한 전화 오면 절대 바로 믿지 마. 수사관 이름 대는 게 다가 아니더라.",0,B,3,27
normal_aug_0274,"야 나 방금 전화 하나 받았는데 완전 이상했어. 수사관이라면서 내 이름 말하길래 듣긴 했는데, 갑자기 범죄 연루 가능성이 있다고 조사해야 한다는 거야. 그래서 내가 어, 무슨 범죄요? 이랬더니 말이 또 꼬이더라. 뭔가 조사한다는 내용도 너무 급하게 몰아가고, 진술을 지금 하라느니 어쩌느니 해서 바로 끊었어. 진짜 웃긴 게, 말투는 되게 공손한데 내용은 하나도 안 맞았거든. 이런 거 조심해야겠다 싶더라. 수사관이니 조사니 하면서 사람 놀라게 하는 방식이네. 너도 비슷하면 절대 정보 주지 마.",0,B,4,27
normal_aug_0275,"어제 다큐 봤는데, 불법 대포통장 개설 얘기 나와서 좀 충격이었어. 그냥 통장 하나 만드는 건 쉬워 보여도, 그게 불법으로 연결되면 피해자가 엄청 많더라. 대포라는 말만 들어도 이상하긴 했는데, 실제로는 개설 과정에서 속은 사람들도 피해자더라고. 다큐에서 피해자들이 자기 명의로 엮인 줄도 몰랐다고 하니까 더 답답했어. 불법으로 개설된 통장이 한 번 돌기 시작하면 추적도 어렵다던데, 그래서 더 무섭더라. 나도 그거 보면서 절대 남한테 서류 넘기면 안 되겠다고 생각했어. 피해자들 얘기 듣는데 괜히 마음이 무거웠다.",0,B,5,27
normal_aug_0276,"그 다큐 봤어, 나도 봤어. 불법 대포통장 개설이 생각보다 너무 교묘하더라. 처음엔 단순 아르바이트처럼 보이게 하다가 결국 피해자만 남는 구조잖아. 대포라는 단어가 왜 붙었는지 알겠더라, 이름만 빌리고 책임은 다 남한테 가는 느낌이었어. 개설 과정에서 본인도 모르게 빠지는 경우가 있다니까 더 조심해야겠다 싶었고. 피해자들 인터뷰가 진짜 마음 아팠어. 불법인 줄 몰랐다고 해도 결국 기록은 남으니까, 그런 유혹은 아예 가까이 안 가는 게 맞는 것 같아. 나도 그거 보고 나서 통장 관련 문자 오면 더 경계하게 됐어.",0,B,6,27
normal_aug_0277,"서울에서 보이스피싱 일당 검거됐다는 기사 봤어? 단톡방에 바로 올렸잖아. 남성 여러 명이 같이 움직였다던데, 서울 한복판에서 그렇게 오래 못 발견될 줄은 몰랐대. 검거됐다는 소식은 다행인데, 기사 읽어보니까 피해가 생각보다 컸더라. 남성 일당이 조직적으로 움직였다고 하니까 더 무섭고, 중간에 미처 발견 못한 사례도 많다더라. 나는 그거 보면서 주변에도 꼭 조심하라고 말했어. 서울에서 그런 일이 있었다니까 더 현실적이게 느껴지더라고. 발견이 늦어지면 피해가 커지니까, 이상한 연락 오면 바로 끊어야겠어.",0,B,7,27
normal_aug_0278,"어, 그 기사 봤어. 서울에서 남성들 보이스피싱 일당이 검거됐다고 하길래 나도 바로 확인했어. 단톡에 올리길 잘했더라, 다들 한 번씩 보게 되니까. 처음엔 그냥 또 비슷한 기사인가 했는데, 읽어보니까 발견된 정황이 꽤 구체적이더라고. 검거됐다니까 속은 시원한데, 피해자들은 이미 돈 돌려받기 어렵다니까 마음이 좀 그렇더라. 서울이라 더 친숙하게 느껴져서 그런지 더 조심해야겠다는 생각 들었어. 남성 몇 명이 역할 나눠서 움직였다니까, 진짜 이런 건 빨리 발견되는 게 중요하더라. 나도 부모님한테 기사 링크 보냈어.",0,B,8,27
normal_aug_0279,"회사 보안 교육 오늘 너무 길지 않았어? 녹취는 꼭 남기고, 진술은 정확히 해야 하고, 압수될 수 있는 자료도 조심하라는데 머리가 복잡하더라. 정보 하나 잘못 다루면 큰일 난다면서 계속 반복하니까, 듣는 내내 어깨만 뻐근했어. 나는 솔직히 평소에 녹취 같은 거 별생각 없었는데, 교육 듣고 나니까 기록 관리가 진짜 중요하긴 하더라. 진술도 대충 하면 안 되고, 정보는 필요한 만큼만 봐야 한다고 하잖아. 압수 얘기까지 나오니까 괜히 분위기만 무거워지고. 우리 부서가 원래 문서도 많아서 더 신경 쓰이더라.",0,B,9,27
normal_aug_0280,"아 그 교육 나도 들었는데, 녹취 부분에서 진짜 지쳤어. 계속 녹취 남기고, 진술은 명확히 하고, 정보는 외부로 새면 안 된다고 하니까, 당연한 말 같은데 왜 이렇게 오래 듣는지 모르겠더라. 압수 가능성까지 얘기하니까 다들 표정 굳고. 사실 나는 진술 기록 정리하는 것도 헷갈리는데, 정보 보호까지 신경 쓰려니 정신없어. 녹취 파일도 함부로 두면 안 된다 하고, 자료가 많으면 압수될 수 있는 상황도 생각하라는데 너무 빡빡해. 그래도 나중에 문제 생기면 결국 그걸 못 지킨 탓이니까, 귀찮아도 하긴 해야겠지. 회사는 왜 이런 정보 관리만 나오면 말을 그렇게 길게 하는지 모르겠다.",0,B,10,27
normal_aug_0281,"네, 방금 대출 심사 승인 결과 확인됐습니다. 다만 상환 방식이 두 가지라서 먼저 안내드릴게요. 원리금 균등으로 하시면 매달 상환 금액이 일정하고, 만기 일시 상환은 이자만 내시다가 만기에 자금을 한 번에 갚는 방식입니다. 네, 그러면 승인된 대출은 원리금 균등으로 가면 되는 거죠? 네, 가능합니다. 그리고 적용 이율은 고객님 조건 기준으로 연 6.2퍼센트로 조회되고 있습니다. 아, 이율이 조금 달라질 수는 있나요? 네, 대출 실행 시점의 자금 입금일 기준으로 최종 확정되기 때문에 아주 미세한 변동은 있을 수 있습니다. 상환은 자동이체로 연결해 두시면 편하고, 중도 상환도 가능하긴 한데 수수료가 붙는 기간이 있어요. 그 부분도 같이 볼 수 있을까요? 네, 확인해 보겠습니다. 지금 승인된 대출 한도와 상환 일정, 이율까지 한 번에 안내드리겠습니다.",0,A,1,28
normal_aug_0282,"대출 승인까지는 끝났고요, 이제 상환 방법만 정하시면 됩니다. 음, 제가 조금 헷갈리는데, 매달 그냥 빠져나가게 하면 되는 건가요? 네, 맞습니다. 고객님 계좌에서 자동 상환으로 설정하실 수 있고, 또는 직접 납부하실 수도 있습니다. 자금 사정에 따라 상환일 변경도 가능한지 궁금해요. 네, 상환일 변경은 조건에 따라 가능하고, 승인된 대출 건은 이율이 변동형인지 고정형인지도 같이 확인해 드려야 합니다. 아, 그럼 이율은 지금 바로 알 수 있나요? 네, 대출 승인 안내 문자에 기본 이율이 적혀 있고, 추가로 상환 계획표도 보내드립니다. 자금이 들어오는 시점에 맞춰 상환을 맞추고 싶으시면 미리 말씀 주세요. 네, 그러면 상환 방식은 자동 납부로 하고 이율 확인도 같이 부탁드릴게요. 네, 접수해 두겠습니다.",0,A,2,28
normal_aug_0283,"네, 전산 쪽에서 오류가 잠깐 발생해서 납부 처리가 조금 지연되고 있습니다. 아, 그래서 아직 결제 완료 안내가 안 온 거였군요? 네, 맞습니다. 고객님 납부 접수는 정상으로 들어왔는데 전산 반영이 늦어지고 있어요. 금액은 이미 빠져나간 상태인가요? 네, 금액 승인 단계까지는 확인됐고, 최종 반영만 대기 중입니다. 그러면 제가 따로 다시 납부해야 하나요? 아니요, 중복 납부는 하지 않으셔도 됩니다. 전산 복구가 되면 납부 완료로 자동 처리되고, 접수 내역도 다시 확인됩니다. 아, 그럼 오늘 안에 되는 건가요? 네, 현재 전산 점검 중이라 오늘 안으로 순차 반영될 예정입니다. 혹시 금액 변경이 있으면 문자로도 안내드릴게요. 알겠습니다. 납부 접수와 금액 상태는 계속 확인 부탁드릴게요.",0,A,3,28
normal_aug_0284,"전산 오류로 납부가 잠깐 멈춰서 접수만 먼저 잡혀 있습니다. 네, 지금 금액이 중복으로 나간 건 아니죠? 네, 고객님 전산상 납부 접수는 확인되는데 실제 반영이 지연되는 상황이라 중복 처리된 건 아닙니다. 그러니까 제가 다시 납부할 필요는 없는 거죠? 네, 필요 없습니다. 전산 복구 후 기존 접수 건으로 납부 완료 처리됩니다. 금액이 큰 편이라 좀 걱정돼서요. 네, 그 부분도 이해합니다. 금액은 안전하게 보관된 상태로 확인되고 있고, 추가 접수는 잠시 막아 둔 상태입니다. 아, 그럼 접수만 유지되면 되는 거네요? 네, 맞습니다. 납부 상태가 정상으로 바뀌는 즉시 문자로 알려드리겠습니다.",0,A,4,28
normal_aug_0285,"비대면 계좌 개설은 본인 명의 확인부터 진행됩니다. 네, 제가 지금 휴대폰으로 계좌 개설하려고 하는데요, 필요한 정보가 뭐죠? 먼저 고객님 명의가 맞는지 확인하고, 개인 정보 몇 가지를 입력하셔야 합니다. 아, 개인정보 말씀이시죠? 네, 이름, 생년월일, 연락처, 주소 같은 기본 정보와 본인 명의 휴대폰 확인이 필요합니다. 명의가 제 이름으로 된 게 맞는지 확인하는 절차도 있나요? 네, 있습니다. 개설 과정에서 입력한 정보와 기존 등록 정보가 일치하는지 확인합니다. 그럼 개인 정보는 어디까지 넣어야 하나요? 비대면 개설에 필요한 최소 정보만 받고, 추가로 계좌 목적 확인도 진행합니다. 아, 알겠습니다. 명의 확인하고 정보 입력하면 개설되는 거죠? 네, 맞습니다. 본인 명의 확인이 끝나면 계좌 개설 단계로 넘어갑니다.",0,A,5,28
normal_aug_0286,"계좌 개설을 하려는데 명의 확인이 좀 복잡하네요. 네, 비대면 개설은 고객님 명의와 개인 정보가 정확히 맞아야 해서 절차가 조금 있습니다. 어떤 정보를 준비하면 되나요? 신분증 정보, 본인 명의 휴대폰, 그리고 주소나 연락처 같은 기본 개인 정보가 필요합니다. 아, 개인 정보는 직접 입력하는 거군요. 네, 맞습니다. 개설 단계에서 입력하신 정보와 등록 정보가 일치해야 진행 가능합니다. 명의가 가족 거로 되어 있으면 안 되는 거죠? 네, 맞습니다. 계좌 개설은 반드시 본인 명의로만 가능합니다. 그러면 제가 제 명의로 다시 시작하면 되겠네요? 네, 그럼 됩니다. 정보 확인 후 개설 절차 이어서 도와드리겠습니다.",0,A,6,28
normal_aug_0287,"카드 이용 한도와 해외 거래 가능 여부 확인 도와드리겠습니다. 네, 제가 지금 이 카드로 해외 거래가 되는지 궁금해서요. 우선 카드 이용 상태를 보니 국내 이용은 정상이고, 해외 거래 가능 여부는 별도 설정을 확인해야 합니다. 아, 한도도 같이 볼 수 있나요? 네, 가능합니다. 현재 카드 한도는 조회되고 있고, 해외 이용은 차단 여부에 따라 달라집니다. 그러면 제가 해외에서 결제 가능하게 해두면 되는 거죠? 네, 맞습니다. 해외 거래 가능으로 변경하실 수 있고, 필요하면 기간도 정할 수 있습니다. 카드 이용 금액이 큰 편인데 해외 거래 가능 한도가 따로 있나요? 네, 일반 카드 이용 한도 안에서 해외 거래가 되지만, 일부 국가나 가맹점은 추가 확인이 필요할 수 있습니다. 아, 그럼 한도랑 가능 여부 같이 부탁드릴게요. 네, 바로 안내드리겠습니다.",0,A,7,28
normal_aug_0288,"카드로 해외 거래를 하려는데 가능 여부를 먼저 알고 싶습니다. 음, 제 카드가 해외에서도 이용 가능한지 확인해 주실 수 있나요? 네, 확인 가능합니다. 카드 이용 한도는 남아 있고, 해외 거래 가능 설정만 열려 있으면 결제는 가능합니다. 아, 설정이 따로 필요한 거군요. 네, 일부 카드는 기본적으로 해외 거래가 막혀 있어서 요청하시면 해제해 드립니다. 그러면 제가 지금 쓰는 카드 한도도 같이 확인해 주세요. 네, 현재 카드 한도와 해외 이용 가능 상태를 함께 보겠습니다. 거래가 자주 있을 것 같아서 미리 설정해 두려는 거예요. 네, 아주 좋습니다. 해외 거래 가능으로 바꿔드릴 수 있고, 필요하면 알림도 설정됩니다. 아, 그럼 카드 이용과 해외 거래 둘 다 처리 부탁드립니다.",0,A,8,28
normal_aug_0289,"대출금 입금 요청은 접수됐습니다만, 본인 확인 통화가 먼저 필요합니다. 네, 대출 입금 요청 넣어 두었는데 바로 들어오지 않나요? 네, 입금 전에는 본인 확인 통화 절차가 한 번 필요합니다. 요청은 정상 접수됐고요, 현재 확인 대기 상태입니다. 통화는 꼭 받아야 하나요? 네, 고객님 본인 확인이 되어야 대출금 입금 처리가 진행됩니다. 아, 그럼 제가 지금 받아야겠네요. 네, 맞습니다. 통화 연결 후 몇 가지 확인만 끝나면 바로 입금 순서로 넘어갑니다. 요청 금액도 확인해야 하나요? 네, 맞습니다. 대출 입금 요청 금액과 계좌 정보가 맞는지 함께 확인할 예정입니다. 알겠습니다. 그럼 통화 받으면 바로 진행되는 거죠? 네, 본인 확인만 완료되면 입금까지 이어서 도와드리겠습니다.",0,A,9,28
normal_aug_0290,"대출금 입금 요청이 들어와 있는데, 먼저 본인 확인 통화가 필요합니다. 음, 제가 요청은 했는데 왜 입금이 아직 안 된 거죠? 네, 대출은 요청 접수만으로 바로 입금되지 않고, 본인 확인 통화 절차가 있어야 합니다. 그럼 통화는 제가 직접 받아야 하나요? 네, 맞습니다. 고객님께 확인 통화가 연결되면 요청 내용과 입금 계좌를 다시 확인합니다. 아, 절차가 있군요. 네, 대출 입금은 안전을 위해 본인 확인 후 진행하고 있습니다. 요청 금액도 다시 한 번 말해야 하나요? 네, 요청 금액과 입금 받을 계좌를 확인해야 합니다. 통화가 끝나면 바로 입금되나요? 네, 확인이 완료되면 바로 입금 진행됩니다. 그러면 제가 통화 대기하고 있겠습니다. 네, 곧 연결해 드리겠습니다.",0,A,10,28
normal_aug_0291,"아침 뉴스 봤는데, 어... 명의 도용 사건이 진짜 심각하더라. 그냥 이름만 빌려 쓰는 정도가 아니라, 계좌나 휴대폰까지 엮여서 피해가 커지던데. 수사도 오래 걸린다 하고, 당한 사람은 한동안 생활이 다 꼬인다더라. 너도 혹시 서류나 문자 오는 거 함부로 넘기지 말고, 명의 관련한 건 꼭 다시 확인해. 도용은 한 번 당하면 뒤처리하는 데 시간이 너무 많이 걸리는 것 같아. 나도 보면서 좀 섬뜩했어. 사건이 커지기 전에 의심되면 바로 확인하는 게 답이더라.",0,B,1,29
normal_aug_0292,"어제 아침 뉴스에서 본 사건 말인데, 진짜 남 일 아니더라. 명의 도용이 생각보다 너무 쉽게 일어난다잖아. 전화 한 통, 문자 하나로도 수사 들어가고 확인해야 할 게 많다는데, 막상 당하면 본인이 뭘 한 것도 아닌데 골치가 아프대. 수사 얘기 나오니까 더 무섭고... 명의 관리 같은 건 귀찮아도 자주 봐야겠다 싶었어. 도용 피해는 생기고 나면 수습이 길어지니까, 너도 서류 사진 찍어 보내달라거나 이상한 링크 오면 절대 바로 누르지 마.",0,B,2,29
normal_aug_0293,"아까 모르는 번호로 전화 왔는데, 수사관이라고 하면서 내 이름이 범죄에 연루됐다는 식으로 말하는 거야. 어이가 없어서 바로 끊었는데, 진짜 황당하더라. 무슨 조사 들어간다, 수사관이 확인해야 한다 이러는데 말투가 너무 이상했어. 괜히 겁주면서 연루된 것처럼 몰아가더라. 요즘 이런 전화 많다던데, 네가 받아도 절대 오래 듣지 말고 끊어. 범죄 얘기 꺼내면서 사람 흔드는 게 딱 그런 수법 같았어.",0,B,3,29
normal_aug_0294,"나 방금 수사관 사칭 전화 받고 완전 어이없었어. 처음엔 좀 그럴듯했는데, 계속 범죄 연루됐다, 조사 받아야 한다고 하길래 딱 느낌이 왔지. 그래서 내가 묻지도 않고 끊었어. 진짜 웃긴 게, 말이 수사관이지 그냥 겁만 주더라. 요즘은 저런 전화가 많다니까, 낯선 번호는 일단 의심해야겠더라. 조사니 연루니 그런 말 나오면 더더욱 조심해야 하고. 괜히 맞장구치다 보면 상대가 더 붙잡는다고 하더라.",0,B,4,29
normal_aug_0295,"어제 다큐 봤는데, 불법 대포 통장 개설 이야기가 진짜 무섭더라. 그냥 아르바이트인 줄 알고 넘어갔다가 피해자가 되는 경우가 많다잖아. 대포 통장 개설이 왜 위험한지 하나하나 보여주는데, 불법 거래에 엮이면 본인도 모르게 기록이 남는대. 피해자들 얘기 듣는데 참 답답했어. 다큐 보고 나니까, 수상한 제안은 무조건 피해야겠더라. 돈 좀 준다고 해도 이상하면 안 하는 게 맞는 것 같아.",0,B,5,29
normal_aug_0296,"그 다큐 봤어? 불법 대포 통장 개설 관련해서 나오던데, 나는 보면서 계속 찝찝하더라. 누군가는 그냥 계좌 하나 빌려주는 거라고 생각했을 텐데, 결국 피해자는 본인이고 뒤처리도 엄청 복잡하잖아. 대포 통장 개설이 불법인 줄 몰랐다며 넘어가는 사람도 있다는데, 그게 더 위험한 것 같아. 피해자들 인터뷰 들으니까, 처음엔 가볍게 생각했다가 나중에 생활 전반이 엉키는 느낌이더라. 그런 건 진짜 손도 대면 안 되겠어.",0,B,6,29
normal_aug_0297,"서울에서 보이스피싱 일당 남성들이 검거됐다는 기사 봤어? 단톡방에 바로 공유했잖아. 서울 한복판에서 그런 일당이 발견됐다니까 좀 소름 돋더라. 남성 여러 명이 조직적으로 움직였다던데, 검거됐다는 소식 들으니 그나마 다행이긴 했어. 그래도 이런 기사 볼 때마다 주변 사람들한테도 꼭 조심하라고 말하게 돼. 서울에서 발견됐다는 것만 봐도 생각보다 가까운 데서 일어나는 일 같아서 더 신경 쓰이더라.",0,B,7,29
normal_aug_0298,"아까 서울에서 보이스피싱 일당 남성들 검거됐다는 기사 봤는데, 바로 단톡에 올렸어. 발견된 장소도 생각보다 번화한 데라서 좀 놀랐어. 검거 소식이 나와도 이런 일은 계속 생기니까, 남성들이냐 일당이냐 이런 것보다도 수법 자체를 알아두는 게 중요한 것 같더라. 서울에서 발견됐다니까 더 실감 나고, 우리 주변에서도 충분히 일어날 수 있겠다는 생각 들었어. 그래서 기사 링크 보내면서 다들 조심하라고 같이 말했지.",0,B,8,29
normal_aug_0299,"어제 회사 보안 교육에서 배운 녹취 얘기 때문에 아직도 좀 피곤해. 녹취를 꼭 남겨야 한다, 진술은 정확히 해야 한다, 이런 말은 알겠는데 설명이 너무 길었어. 또 개인정보 정보는 절대 아무 데나 두지 말라고 계속 강조하더라. 압수 같은 단어도 나오는데, 듣는 내내 마음이 무거웠어. 솔직히 업무하다 보면 이런 거 다 챙기기 벅찬데, 안 지키면 더 큰일 난다니까 또 신경 쓰이네. 녹취 파일도 그냥 두면 안 된다고 하고, 정보 관리가 생각보다 복잡하더라.",0,B,9,29
normal_aug_0300,"회사 교육에서 녹취, 진술, 압수, 정보 얘기하는데 머리가 다 아프더라. 어차피 다 아는 내용인 줄 알았는데, 막상 사례 들으니까 하나도 가볍게 볼 게 아니었어. 특히 정보는 한번 새면 끝이라면서 계속 조심하라고 하더라고. 녹취도 그냥 남기면 되는 줄 알았는데, 보관 방식이랑 접근 권한까지 다 따져야 한다고 해서 좀 답답했어. 진술도 애매하게 하면 안 되고, 압수 관련해서는 절차를 정확히 알아야 한다고 해서 더 복잡해 보였고. 이런 건 교육 때만 듣고 끝나는 게 아니라 계속 신경 써야 하니까 피곤하다.",0,B,10,29
normal_aug_0301,"대출 심사가 승인되었다고 문자가 와서요, 이제 어떻게 상환하면 되는지 좀 확인하려고 전화드렸습니다. 네, 확인 도와드리겠습니다. 우선 고객님 성함이랑 생년월일 말씀 부탁드릴게요. 네, 저 <NAME>이고요, <BIRTH_NUMBER>입니다. 감사합니다. 잠시만요. 네, 고객님 대출은 승인 상태로 확인되고 있고, 자금은 오늘 중으로 지정 계좌로 입금 예정이십니다. 상환 방식은 원리금 균등 상환으로 들어가 있고, 매달 같은 날짜에 빠져나가게 되어 있습니다. 아, 그럼 이율은 어느 정도로 잡혀 있나요? 네, 현재 적용 이율은 연 <RATE>로 확인됩니다. 다만 우대 조건이 유지되면 일부 조정이 가능할 수 있어서, 계약서에 적힌 내용을 한번 같이 보시는 게 좋습니다. 상환은 자동이체로 하셔도 되고, 앱에서 직접 납부하셔도 됩니다. 음, 제가 중간에 돈을 더 넣으면 상환이 조금 줄어드나요? 네, 중도상환이 가능하긴 한데, 시점에 따라 수수료가 붙을 수 있어서 미리 확인하시는 게 좋습니다. 오늘 안내드린 대출 승인 내용이랑 이율, 상환 일정은 문자로도 다시 보내드리겠습니다. 네, 그럼 문자 한번 보고 진행하면 되겠네요. 네, 맞습니다. 혹시 자금 입금이 확인되지 않거나 상환일 변경이 필요하시면 다시 연락 주시면 돼요.",0,A,1,30
normal_aug_0302,"네, 제가 대출 승인 받았다고 안내를 받아서요. 상환은 어떻게 되는지, 이율도 같이 확인하고 싶습니다. 네, 바로 확인해 보겠습니다. 고객님 본인 확인을 위해 성함이랑 생년월일 먼저 부탁드릴게요. 아, <NAME>, <BIRTH_NUMBER>입니다. 네, 감사합니다. 잠시만 기다려 주세요. 확인되었습니다. 고객님 대출은 승인 완료 상태이고, 자금은 약정하신 계좌로 순차 입금 처리되는 단계입니다. 상환 방법은 매달 정해진 날짜에 자동 납부로 진행하실 수 있고, 직접 이체로 하시는 것도 가능합니다. 이율은 현재 연 <RATE>로 적용되고 있습니다. 음, 생각보다 복잡하지는 않네요. 그럼 상환 시작일은 따로 정해져 있나요? 네, 첫 상환일은 입금 완료 후 안내된 날짜로 잡혀 있고, 계약서에 명시된 일정대로 진행됩니다. 혹시 여유가 생겨서 더 빨리 갚고 싶을 때는 어떻게 되나요? 네, 중도상환 신청이 가능합니다. 다만 시기에 따라 수수료나 조건이 달라질 수 있으니 그 부분은 미리 확인하셔야 합니다. 아, 알겠습니다. 그러면 대출 승인 내역이랑 상환 계획, 이율 안내문은 문자로 받을 수 있나요? 네, 고객님 등록된 연락처로 보내드리겠습니다. 자금 입금이 끝나면 다시 한 번 확인 문자도 나갑니다.",0,A,2,30
normal_aug_0303,"지금 은행 앱으로 납부하려고 했는데, 오류가 난 건지 접수가 안 되더라고요. 전산 문제인지 확인 좀 부탁드립니다. 네, 불편을 드려 죄송합니다. 우선 고객님 성함이랑 생년월일 말씀 부탁드리겠습니다. 네, <NAME>이고 <BIRTH_NUMBER>입니다. 감사합니다. 잠시만 기다려 주세요. 네, 확인되었습니다. 현재 전산에 일시적인 오류가 있어서 일부 납부 접수가 지연되고 있습니다. 고객님께서 시도하신 납부 금액은 정상적으로 확인되는데, 처리 완료가 조금 늦어지고 있어요. 아, 그러면 제 쪽 문제는 아닌 거군요? 네, 고객님 기기 문제보다는 전산 지연 영향으로 보입니다. 접수는 정상 순서로 들어가고 있고, 납부 자체가 취소된 건 아닙니다. 음, 그럼 언제쯤 다시 되나요? 현재로서는 순차 복구 중이라 조금만 기다려 주시면 되고, 급한 건 수동 처리로도 도와드릴 수 있습니다. 다만 그 경우에도 전산 반영까지 시간이 걸릴 수 있습니다. 납부 금액이 밀리면 불이익이 있나요? 네, 오늘 안에 처리만 되면 연체로 보지는 않도록 내부적으로 조정해 드릴 수 있습니다. 고객님께서는 접수 완료 후 문자로도 안내받으실 예정입니다. 네, 알겠습니다. 전산만 복구되면 제가 다시 해보면 되겠네요. 네, 맞습니다. 혹시 다시 시도하실 때도 문제가 있으면 바로 연락 주세요.",0,A,3,30
normal_aug_0304,"은행에서 납부하려고 했는데 전산이 계속 멈춰서요. 접수는 됐는지, 납부 금액이 빠져나가는 건지 확인하고 싶습니다. 네, 확인해 드리겠습니다. 고객님 본인 확인을 위해 성함과 생년월일 말씀 부탁드립니다. 네, <NAME>, <BIRTH_NUMBER>입니다. 감사합니다. 잠시만요. 네, 고객님 건은 전산 지연으로 인해 납부 접수 완료 표시가 늦게 뜨고 있습니다. 금액은 아직 출금 대기 상태라 이중 출금은 되지 않았습니다. 아, 그럼 제가 다시 누르면 안 되는 거죠? 네, 맞습니다. 지금은 다시 반복해서 시도하지 않으시는 게 좋습니다. 접수는 내부적으로 보류 상태로 들어가 있고, 전산 복구 후 자동 반영될 예정입니다. 음, 이렇게 늦어지면 저는 뭘 해야 하나요? 우선은 오늘 안내된 납부 마감 시간까지 조금만 기다려 주시고, 만약 그 안에 전산 복구가 안 되면 저희가 별도 처리 방안을 안내드리겠습니다. 납부 금액이 늦게 반영되어도 고객님 책임으로 넘어가지는 않도록 확인해 드릴 수 있습니다. 아, 다행이네요. 그러면 복구되면 문자 오나요? 네, 전산 정상화되면 접수 완료 문자와 함께 납부 결과를 보내드립니다.",0,A,4,30
normal_aug_0305,"비대면 계좌 개설하려고 들어갔는데, 중간에 계속 멈춰서요. 명의 확인이랑 정보 입력을 어떻게 해야 하는지 설명해 주실 수 있나요? 네, 가능합니다. 먼저 고객님 본인 확인을 위해 개설하실 분의 성함과 생년월일을 말씀 부탁드립니다. 네, <NAME>이고요, <BIRTH_NUMBER>입니다. 감사합니다. 지금 확인해 보니 고객님 명의로 계좌 개설 절차를 진행하실 수 있습니다. 비대면 개설에서는 개인 정보 확인이 꼭 필요해서 신분증 촬영, 휴대폰 본인 인증, 주소 정보 입력이 순서대로 들어갑니다. 아, 개인 정보는 어떤 걸 넣어야 하나요? 네, 이름, 생년월일, 연락처, 주소 같은 기본 정보와 직업 정보 일부가 필요합니다. 그리고 명의가 본인과 일치해야 개설이 완료됩니다. 음, 가족 명의로는 안 되는 거죠? 네, 맞습니다. 계좌 개설은 반드시 본인 명의로만 진행됩니다. 추가로 인증 화면에서 입력하신 정보가 신분증과 다르면 개설이 중단될 수 있습니다. 그렇군요. 그럼 제가 다시 처음부터 해보면 되겠네요. 네, 맞습니다. 혹시 중간에 오류가 나면 전산상 접수 여부를 먼저 확인해 드릴 수 있으니 다시 연락 주세요.",0,A,5,30
normal_aug_0306,"비대면으로 계좌를 하나 만들려다가 멈췄는데, 명의 확인이 자꾸 뜹니다. 개설 절차가 원래 이렇게 까다로운가요? 네, 고객님 안전을 위해 정보 확인이 몇 단계 들어가서 조금 번거로우실 수 있습니다. 우선 본인 확인부터 도와드릴게요. 성함과 생년월일 말씀 부탁드립니다. 네, <NAME>이고 <BIRTH_NUMBER>입니다. 감사합니다. 고객님 명의로 계좌 개설이 가능하신 상태입니다. 비대면 개설은 개인 정보 일치 여부를 확인한 뒤 진행됩니다. 휴대폰 인증, 신분증 확인, 계좌 연결 정보 입력까지 완료되어야 해요. 아, 그럼 제가 적는 정보가 하나라도 다르면 안 되겠네요? 네, 맞습니다. 주소나 연락처처럼 개인 정보가 신분증과 다르게 들어가면 개설이 보류될 수 있습니다. 그리고 다른 사람 명의로는 진행되지 않습니다. 음, 그러면 제가 입력한 정보가 맞는지 중간에 확인할 수 있나요? 네, 가능합니다. 단계마다 확인 화면이 나오고, 그때 수정하시면 됩니다. 개설 완료 후에는 안내 문자가 발송됩니다. 아, 알겠습니다. 그럼 다시 해보겠습니다. 혹시 막히면 또 문의드려도 되죠? 네, 물론입니다. 정보 확인 도중에 어려우시면 바로 도와드리겠습니다.",0,A,6,30
normal_aug_0307,"카드 한도 조회 좀 하려고요. 그리고 해외 거래도 가능한지 궁금해서요. 네, 바로 확인해 드리겠습니다. 우선 고객님 본인 확인을 위해 카드 명의자 성함이랑 생년월일 말씀 부탁드립니다. 네, <NAME>, <BIRTH_NUMBER>입니다. 감사합니다. 잠시만요. 네, 고객님 카드의 현재 이용 한도는 <LIMIT>으로 확인됩니다. 국내 이용은 정상 가능하고, 해외 거래 가능 여부는 별도 설정에 따라 달라집니다. 아, 제가 따로 신청을 안 하면 해외에서는 안 되는 건가요? 네, 기본값이 해외 거래 제한으로 되어 있는 카드도 있어서요. 필요하시면 해외 이용 가능으로 변경 신청을 도와드릴 수 있습니다. 음, 여행 가기 전에 미리 해두는 게 좋겠네요. 맞습니다. 출국 전에 설정해 두시면 현지에서 카드 이용이 더 편합니다. 다만 일부 국가나 가맹점은 승인 절차가 다를 수 있어서, 거래가 지연될 가능성은 있습니다. 한도는 올릴 수도 있나요? 네, 소득 확인이나 이용 실적에 따라 한도 조정 심사가 가능합니다. 지금은 현재 이용 한도 기준으로 안내드릴 수 있습니다. 아, 그럼 해외 거래 가능으로 바꾸는 건 바로 되나요? 네, 본인 확인 후 신청 접수는 가능합니다. 처리 완료되면 문자로 알려드리겠습니다.",0,A,7,30
normal_aug_0308,"카드 한도가 얼마나 남았는지 보려고 전화했는데요, 해외 거래도 가능한지 같이 알고 싶습니다. 네, 확인해 보겠습니다. 고객님 본인 확인을 위해 성함과 생년월일 말씀 부탁드릴게요. 네, <NAME>, <BIRTH_NUMBER>입니다. 감사합니다. 잠시만 기다려 주세요. 확인되었습니다. 고객님 카드 이용 한도는 현재 <LIMIT> 남아 있습니다. 국내 거래는 정상적으로 가능하고, 해외 거래는 현재 차단 설정으로 되어 있습니다. 아, 그럼 해외에서 바로 쓰려면 바꿔야 하네요. 네, 맞습니다. 해외 거래 가능으로 전환 신청하시면 됩니다. 일부 카드에는 해외 이용이 기본 제한이라서요. 음, 제가 여행 일정이 있는데, 그 전에 신청하면 바로 적용되나요? 네, 보통 신청 후 반영까지 시간이 조금 걸릴 수 있어 출국 전에 미리 해두시는 게 좋습니다. 카드 이용 한도를 함께 올리고 싶으시면 추가 심사도 가능하지만, 지금은 먼저 해외 거래 가능 여부부터 처리하시는 게 좋겠습니다. 아, 네. 그럼 해외 거래 가능으로 먼저 바꿔 주세요. 네, 신청 접수 도와드리겠습니다. 반영 완료되면 문자 안내드릴게요.",0,A,8,30
normal_aug_0309,"고객님, 대출금 입금 요청이 들어와 있는데요. 본인 확인 통화가 필요하다고 해서 연락드렸습니다. 아, 네. 저 요청 넣은 사람 맞습니다. 그런데 꼭 통화를 해야 하나요? 네, 대출 입금은 보안상 본인 확인 통화 절차를 거쳐야 합니다. 우선 성함과 생년월일 말씀 부탁드립니다. 네, <NAME>, <BIRTH_NUMBER>입니다. 감사합니다. 확인되었습니다. 요청하신 대출 입금 건은 접수되어 있고, 최종 입금 전에 본인 확인이 한 번 더 필요합니다. 음, 제가 어제 요청했는데 오늘 바로 들어오는 건가요? 네, 통화 확인이 끝나면 순차적으로 처리됩니다. 입금 요청 내용과 계좌 정보가 맞는지 다시 확인해야 하거든요. 아, 그럼 제가 따로 준비할 건 없나요? 네, 본인 확인만 되면 됩니다. 혹시 요청하신 금액이나 입금 계좌가 바뀐 사항이 있으면 지금 말씀해 주세요. 변경이 없으시면 기존 요청대로 진행됩니다. 요청 내용이 확인되면 문자로도 안내드리겠습니다. 네, 알겠습니다. 그럼 통화 끝나면 바로 진행되는 거죠? 네, 맞습니다. 본인 확인 완료 후 대출 입금 처리 순서로 넘어갑니다.",0,A,9,30
normal_aug_0310,"대출 입금 요청을 넣었는데, 왜 또 전화가 와서 통화를 해야 한다고 하나요? 네, 고객님께서 놀라실 수 있는데, 입금 전 본인 확인 통화는 필수 절차입니다. 우선 성함이랑 생년월일 말씀 부탁드립니다. 네, <NAME>이고 <BIRTH_NUMBER>입니다. 감사합니다. 확인되었습니다. 고객님 대출 입금 요청은 접수 완료 상태이고, 통화 확인 후에만 실제 입금이 진행됩니다. 아, 그럼 제 요청이 잘못 들어간 건 아니군요? 네, 아닙니다. 요청 자체는 정상 접수되었고, 통화는 본인 확인을 위한 단계입니다. 혹시 요청하신 금액이나 계좌 정보가 맞는지만 다시 확인해 주시면 됩니다. 음, 계좌는 그대로고 금액도 그대로입니다. 네, 알겠습니다. 그러면 기존 요청 기준으로 처리하겠습니다. 통화가 끝나면 입금 진행 여부가 다시 한 번 안내되고, 완료되면 문자로 확인됩니다. 아, 그럼 지금 제가 더 할 건 없네요? 네, 맞습니다. 본인 확인만 완료되면 이후 절차는 저희가 이어서 진행합니다.",0,A,10,30
normal_aug_0311,"아침에 뉴스 봤는데, 진짜 깜짝 놀랐어. 명의 도용 사건이 또 났다더라... 한 사람 이름으로 여기저기 가입도 하고, 이상한 데에 쓰고, 나중엔 본인이 피해를 보잖아. 그래서 그런지 수사가 꽤 오래 간다던데, 나는 그거 보면서 아, 요즘은 진짜 조심해야겠다 싶었어. 주민번호 같은 거 함부로 적지 말고, 문자 오는 링크도 그냥 누르지 말라고 하더라. 너도 혹시 서류나 사진 보낼 일 있으면 꼭 다시 확인해. 명의 도용은 한 번 당하면 되돌리기 너무 힘들대.",0,B,1,31
normal_aug_0312,"나 방금 아침 뉴스로 봤는데, 어떤 사건이 명의 도용으로 번졌대. 처음엔 단순한 장난인 줄 알았는데 수사가 들어가니까 피해가 꽤 크더라고. 이름만 빌려 쓴 게 아니라 계좌나 신청서까지 엮여 있어서 더 복잡해 보였어. 이런 명의 도용은 남 일 같지가 않아서 좀 무섭더라. 그러니까 네가 어디 가입하든 정보 입력할 때 한 번 더 보고, 이상한 연락 오면 바로 끊어. 수사 결과도 중요하지만, 애초에 막는 게 제일이잖아.",0,B,2,31
normal_aug_0313,"아까 모르는 번호로 전화 왔는데, 자기들 수사관이라고 하면서 나보고 범죄에 연루됐을 가능성이 있다나 뭐라나... 처음엔 뭐지 싶어서 듣고 있었는데, 말이 점점 이상해져서 바로 끊었어. 조사한다, 확인해야 한다, 이런 말만 반복하길래 더 수상했지. 내가 뭘 그렇게 범죄랑 엮인다고, 참 어이없더라. 너도 비슷한 전화 오면 절대 개인정보 말하지 마. 수사관이라 해도 무조건 믿으면 안 되겠어.",0,B,3,31
normal_aug_0314,"진짜 이상한 전화가 왔어. 수사관이라면서 나한테 범죄 조사에 연루된 것처럼 말하더니, 계속 계좌랑 주소를 물어보더라. 순간 진짜인 줄 알 뻔했는데, 말투가 너무 급하고 흐름도 안 맞아서 그냥 끊었어. 조사한다고 하면서 압박 주는 방식이 딱 수상하더라. 이런 건 괜히 응대하다가 더 꼬일 수 있대. 나도 좀 놀랐어... 앞으로는 모르는 번호는 더 조심해야겠더라.",0,B,4,31
normal_aug_0315,"어제 그 다큐 봤어? 불법 대포통장 개설 얘기 나온 거. 나는 그냥 통장이 뭐 그렇게까지 문제 되나 했는데, 피해자들 얘기 들으니까 진짜 심각하더라. 본인도 모르는 사이에 계좌가 엮여서 곤란해지고, 나중에 해명하는 데도 시간이 엄청 걸린대. 특히 개설 과정이 너무 쉽게 보이게 나와서 더 무섭더라. 불법이라는 말이 괜히 붙는 게 아니구나 싶었어. 피해자 입장에서는 억울해서 잠도 안 올 것 같아.",0,B,5,31
normal_aug_0316,"그 다큐 봤는데, 대포통장 개설이 왜 그렇게 위험한지 좀 알겠더라. 그냥 남의 일 같았는데, 불법으로 돌아가는 구조가 생각보다 촘촘해서 피해자들이 너무 고생하더라고. 통장 하나 잘못 엮이면 나중에 설명할 것도 많고, 개설 경위까지 다 따진다던데. 나는 그거 보면서 아예 남의 부탁으로 뭐 해주면 안 되겠다는 생각 들었어. 피해자 되는 건 순식간인데, 벗어나는 건 오래 걸리잖아.",0,B,6,31
normal_aug_0317,단톡방에 기사 하나 공유했어. 서울에서 대규모 보이스피싱 일당 남성들이 검거됐대. 기사 보니까 현장에서 여러 단서가 발견돼서 수사가 빨리 진행됐다더라. 서울 한복판에서 그런 일이 있었다니까 좀 소름 돋았어. 남성 여러 명이 조직적으로 움직였다고 하니까 더 무섭고... 다들 조심하라고 같이 보자고 보냈어.,0,B,7,31
normal_aug_0318,"서울에서 보이스피싱 일당 남성들이 검거됐다는 기사 봤는데, 그거 단톡방에 바로 올렸어. 현장에서도 증거가 발견돼서 바로 연결됐다고 하더라. 이런 기사 보면 괜히 남 일 같지가 않아. 서울이라고 해서 더 안전한 것도 아니고, 오히려 사람 많은 데서도 이런 일이 생기네 싶어. 남성 몇 명이 역할 나눠서 움직였다니까 더 조직적이더라. 다들 기사 한번씩 보고, 이상한 연락 오면 꼭 조심하자고 했어.",0,B,8,31
normal_aug_0319,"아까 회사 보안 교육 듣고 왔는데, 녹취 얘기가 생각보다 길더라. 진술 남기는 방식도 조심해야 하고, 개인정보는 함부로 공유하면 안 된다고 계속 강조했어. 압수 상황까지 예시로 들면서 정보 관리가 얼마나 중요한지 설명하는데, 솔직히 좀 졸렸거든? 그래도 듣고 나니 대충 넘길 일은 아니더라. 근데 이런 거 매번 들으면 머리가 복잡해져. 녹취 하나도 절차 맞춰야 하고, 진술도 애매하게 하면 안 되고...",0,B,9,31
normal_aug_0320,"오늘 보안 교육에서 녹취랑 진술 얘기만 한참 했어. 그리고 개인정보 유출되면 정보 관리 책임이 얼마나 커지는지, 심하면 압수까지 이어질 수 있다고 하더라. 말은 쉬운데 실제로는 파일 하나, 메모 하나도 조심해야 하니까 좀 피곤해. 교육 듣고 나서부터는 괜히 메일 첨부파일도 다시 보게 돼. 녹취는 허락 범위 확인해야 하고, 진술도 함부로 전달하면 안 된다니까, 규정이 너무 많아. 그래도 안 들을 수는 없지...",0,B,10,31
normal_aug_0321,"아, 대출 심사 결과는 승인으로 확인되셨습니다. 네, 다행이네요. 제가 이제 상환 방법이랑 이율을 좀 안내드릴게요. 우선 이 대출은 원리금 균등상환 방식으로 진행되시고, 매달 같은 금액으로 상환하시는 구조입니다. 이율은 현재 연 오점구 퍼센트로 적용되고 있고요. 아, 그러면 제가 중간에 자금 사정이 좀 바뀌면 상환일 조정도 가능한가요? 네, 조건에 따라 가능하신데요, 우선 첫 회차 상환일은 다음 달 십오일로 잡혀 있습니다. 그 전에 자금이 들어오면 미리 상환도 가능한지 궁금하시죠? 네, 중도상환은 일부 수수료가 있을 수 있어서 그 부분만 다시 확인해드리면 됩니다. 아, 그러면 이번 승인된 대출은 바로 자금 사용하셔도 되는 거예요? 네, 승인 완료 상태라 자금은 오늘부터 이용 가능하시고요, 상환은 약정서에 나온 일정대로 진행해주시면 됩니다. 이율은 변동형이 아니라 고정형이라서 처음 안내드린 숫자 그대로 가시고요. 음, 그럼 상환 방식이랑 이율 다시 한번 문자로 받을 수 있을까요? 네, 문자로 정리해서 보내드리겠습니다.",0,A,1,32
normal_aug_0322,"대출 승인은 정상적으로 되셨고요, 자금은 오늘 안으로 입금 처리됩니다. 네, 그럼 상환은 어떻게 하면 되는지 좀 알려주세요. 네, 이 대출은 매월 자동이체로 상환하실 수 있고, 고객님이 원하시면 가상계좌로도 상환 가능합니다. 이율은 연 육점사 퍼센트로 확인되고 있습니다. 어, 상환 시작일이 언제죠? 다음 달 칠일이고요, 첫 회차 상환금은 원금 일부와 이자가 함께 포함됩니다. 아, 자금 쪽은 바로 사용할 수 있는 거죠? 네, 승인 완료된 건이라 자금 사용은 가능하십니다. 다만 상환일보다 늦어지면 연체 이율이 붙을 수 있어서 그 점만 꼭 확인 부탁드립니다. 그러니까, 상환액이 매달 달라지나요? 초기에는 거의 비슷하게 나오는데, 잔액이 줄어들면서 이자 비중이 조금씩 달라질 수 있습니다. 고객님께서 원하시면 상환 스케줄도 별도로 안내드릴게요. 네, 그럼 이율이랑 상환 일정, 자금 지급 시간까지 같이 정리 부탁합니다. 네, 바로 정리해서 문자로 보내드리겠습니다.",0,A,2,32
normal_aug_0323,"아, 전산 점검이 걸려서 납부 처리가 조금 지연되고 있습니다. 네? 제가 접수한 건은 들어간 거예요? 네, 접수 자체는 정상적으로 되었는데 전산 반영이 늦어지고 있어서 납부 완료 표시가 아직 안 올라오고 있습니다. 그럼 금액은 빠져나간 건가요? 네, 고객님 계좌 쪽 금액은 이미 출금된 것으로 보이는데요, 전산에서 최종 확인이 지연되는 상황입니다. 아, 그럼 이거 다시 납부해야 하는 건 아니죠? 아니요, 다시 납부하실 필요는 없습니다. 지금은 시스템 전산이 복구되는 대로 접수 내역이 정상 반영될 예정입니다. 어, 그럼 저는 뭘 기다리면 되나요? 고객님께서는 우선 잠시만 기다려주시면 되고요, 전산 확인 후 납부 완료 문자가 다시 발송될 수 있습니다. 금액 변동은 없고, 동일한 납부 금액으로 처리됩니다. 음, 접수만 제대로 되어 있으면 나중에 문제 없는 거죠? 네, 맞습니다. 접수 기록과 금액은 남아 있어서 전산 복구 후 정상 확인 가능합니다.",0,A,3,32
normal_aug_0324,"전산 오류 때문에 납부 확인이 늦어지고 있어서 먼저 양해를 구하고 있습니다. 네, 제가 보낸 금액이 아직 반영이 안 됐다는 거죠? 네, 맞습니다. 고객님 납부 금액은 접수되어 있는데 전산 쪽 처리 지연으로 확인 화면에 바로 뜨지 않고 있습니다. 그럼 이거 제가 다시 납부해도 되나요? 아니요, 중복 납부가 될 수 있어서 다시 하시면 안 됩니다. 지금은 전산이 정상화될 때까지 기다려주시는 게 맞습니다. 아, 접수만 되면 최종 납부는 인정되는 거예요? 네, 맞습니다. 접수 시각이 남아 있어서 납부 자체는 정상 건으로 이어집니다. 금액도 그대로 유지되고 있고요. 어, 얼마나 더 걸릴까요? 정확한 시간은 전산 상태를 봐야 하지만, 최대한 빠르게 복구해서 처리하겠습니다. 고객님께서는 다른 조치 없이 문자나 안내 전화만 확인해주시면 됩니다.",0,A,4,32
normal_aug_0325,"비대면 계좌 개설 진행 중이신데요, 몇 가지 정보 확인과 명의 확인 절차가 필요합니다. 네, 제가 지금 하고 있는 게 맞죠? 네, 맞습니다. 우선 개설하려는 계좌의 명의가 고객님 본인 명의가 맞는지 확인해야 하고요, 입력하신 개인 정보가 신분증 내용과 일치해야 합니다. 아, 개인 정보는 이름이랑 주소 이런 거 말씀하시는 거죠? 네, 이름, 생년월일, 주소, 휴대폰 번호 같은 기본 정보가 포함됩니다. 그리고 개설 과정에서 본인 명의 휴대폰으로 인증이 한 번 더 들어갑니다. 어, 그럼 가족 명의로는 안 되는 거예요? 네, 이 계좌 개설은 본인 명의 기준이라서 다른 사람 명의로는 진행이 어렵습니다. 아, 그럼 제가 입력한 정보가 맞는지 다시 확인해 주실 수 있나요? 네, 가능합니다. 개설 화면에 나온 개인 정보와 신분증 정보를 대조해서 명의가 일치하는지 확인해드리겠습니다.",0,A,5,32
normal_aug_0326,"비대면으로 계좌 개설하시려면 몇 단계의 정보 확인이 필요합니다. 네, 하다가 조금 헷갈려서요. 우선 개설은 본인 명의로만 가능하고, 입력된 개인 정보가 실제 신분증 정보와 같아야 합니다. 아, 개인정보 이런 거 다 넣어야 하는 거죠? 네, 이름, 생년월일, 주소, 연락처 같은 정보가 필요합니다. 그리고 본인 명의 휴대폰 인증이 완료되어야 개설이 마무리됩니다. 어, 제가 중간에 주소를 옛날 걸로 적었으면 어떻게 되나요? 그러면 정보 불일치로 개설이 지연될 수 있어서 수정이 필요합니다. 명의 확인까지 끝나야 계좌가 정상 개설됩니다. 아, 그럼 나중에 또 따로 확인 전화가 오나요? 경우에 따라 추가 확인이 갈 수 있습니다. 개인 정보 확인이 끝나면 바로 개설 진행 상태를 안내드릴게요.",0,A,6,32
normal_aug_0327,"고객님 카드 한도를 조회해보니 현재 이용 가능 한도는 남아 있으십니다. 네, 해외 거래도 가능한지 같이 봐주세요. 네, 카드 상태상 해외 거래 가능 여부도 확인해드리겠습니다. 지금 이 카드는 국내 이용은 정상이고, 해외 거래는 기본 설정이 꺼져 있는 상태입니다. 아, 그럼 바로 켤 수 있나요? 네, 본인 확인만 되면 해외 거래 가능 설정으로 바꿔드릴 수 있습니다. 카드 한도는 현재 충분히 남아 있고, 이용 제한은 해외 쪽만 걸려 있습니다. 어, 제가 해외에서 결제하면 승인 안 나는 거네요? 맞습니다, 설정 변경 전에는 해외 거래가 막힐 수 있습니다. 고객님께서 원하시면 카드 이용 범위와 한도 조정을 같이 안내해드릴 수 있습니다. 네, 카드 한도랑 해외 거래 가능 여부 둘 다 부탁드려요.",0,A,7,32
normal_aug_0328,"카드 이용 내역하고 해외 거래 가능 여부를 확인해보겠습니다. 네, 한도 조회도 같이요. 네, 현재 카드 한도는 정상이고 일상 이용은 문제 없습니다. 다만 해외 거래는 보안 설정 때문에 비활성화되어 있습니다. 아, 해외 결제는 아예 안 되는 거군요? 네, 지금 상태에서는 해외 거래가 가능하지 않습니다. 원하시면 카드 이용 설정을 바꿔서 해외 거래 가능 상태로 전환해드릴 수 있습니다. 그러면 한도는 그대로고 해외만 열리는 거예요? 네, 맞습니다. 카드 한도는 유지되고, 해외 거래만 추가로 가능하게 설정하는 방식입니다. 아, 그럼 제가 이번 주에 외국 나가는데 미리 해두면 되겠네요? 네, 미리 설정해두시면 출국 후 카드 이용이 더 편하십니다. 본인 확인만 마치면 바로 진행 가능합니다.",0,A,8,32
normal_aug_0329,"고객님 명의로 접수된 대출 입금 요청이 확인되었습니다. 네, 그럼 바로 입금되는 거 아닌가요? 죄송하지만 대출 입금은 본인 확인 통화 절차가 끝나야 진행됩니다. 요청은 들어와 있는데, 확인 전에는 입금 처리를 할 수 없습니다. 아, 왜 통화를 꼭 해야 하죠? 고객님 명의의 대출인지 확인하는 절차라서 그렇습니다. 음, 제가 지금 바로 통화하면 되는 거죠? 네, 맞습니다. 통화로 본인 확인이 완료되면 대출 입금이 순서대로 진행됩니다. 입금 요청 금액도 다시 한번 확인해드릴 수 있습니다. 그러면 확인 통화 끝나고 바로 입금되는 건가요? 네, 절차가 끝나면 입금 처리 들어갑니다. 대출 건이 맞는지, 요청하신 분이 고객님 본인이 맞는지만 확인하면 됩니다.",0,A,9,32
normal_aug_0330,"대출 입금 요청은 접수되어 있는데, 입금 전에 본인 확인 통화가 필요합니다. 네, 요청 넣은 건 맞아요. 그럼 왜 아직 입금이 안 됐죠? 대출 입금은 명의 확인을 위해 통화 절차를 거쳐야 해서요. 요청만으로 바로 입금되지는 않습니다. 아, 그럼 제가 지금 전화받고 확인하면 되는 거예요? 네, 맞습니다. 본인 확인 통화가 완료되면 입금 진행이 가능합니다. 요청 금액도 다시 안내드릴 수 있습니다. 어, 통화 안 하면 어떻게 되나요? 본인 확인이 안 되면 입금이 보류됩니다. 그러니까, 고객님 명의 확인만 끝나면 바로 처리됩니다. 네, 그럼 지금 통화 진행하겠습니다.",0,A,10,32
normal_aug_0331,"아침 뉴스 봤어? 그 명의 도용 사건, 진짜 소름 돋더라... 어, 나도 봤어. 이름이랑 주민번호 같은 거 털려서 계좌까지 건드린다던데, 그냥 남 일 같지가 않더라. 그러니까. 사건이 그렇게 커졌다는 건 피해자가 한둘이 아니란 뜻이잖아. 수사도 시작했다는데, 빨리 잡혀야지. 맞아, 근데 요즘은 명의 도용이 너무 흔해서 더 조심해야겠어. 나도 오늘부터는 모르는 문자 링크 절대 안 누르려고. 그래, 그리고 뭐 가입할 때도 명의 확인하는 거 있으면 꼭 직접 보고, 이상하면 바로 전화해서 확인하고. 이번 사건 보니까 진짜 조심해야겠더라. 나도 아침에 보고 한참 찜찜했어. 수사 결과 나오는 거 지켜봐야겠지만, 당분간은 명의 관련 서류도 잘 챙겨놔야겠다.",0,B,1,33
normal_aug_0332,"그 뉴스 봤지? 이름만 도용한 게 아니라 여러 명 정보가 같이 새나갔다고 하더라. 아, 맞아. 사건이 꽤 크던데, 수사 들어갔다고 해서 괜찮을 줄 알았는데 생각보다 심각하더라. 그러니까 명의 같은 건 진짜 함부로 알려주면 안 되겠어. 나도 예전에 어디서 가입하라길래 그냥 넘길 뻔했는데, 이제는 무조건 확인하려고. 근데 수사 중인 사건은 결과 나오기까지 오래 걸리잖아. 응, 그래서 더 답답하지. 명의 도용은 당한 뒤에 알아채는 경우도 많다니까, 미리미리 점검하는 수밖에 없대. 맞아, 은행 알림도 켜두고, 이상한 조회 있으면 바로 확인해야겠다. 오늘 뉴스 보고 나서 괜히 내 명의도 괜찮은지 한 번씩 생각하게 되더라.",0,B,2,33
normal_aug_0333,"방금 전화 끊었는데, 완전 수사관인 척하더라. 음, 무슨 범죄 연루됐다고 하길래 순간 멈칫했는데, 말투가 너무 이상했어. 진짜? 어떤 식으로 말했는데? 그러니까, 조사한다면서 개인정보부터 묻고, 계좌도 확인해야 한다고 막 그러는 거야. 아, 그건 딱 수상하네. 나도 예전엔 그런 전화 오면 당황할 뻔했을 것 같아. 어, 나도 그래. 수사관이라면서 범죄 연루 얘기 꺼내니까 괜히 겁주려는 느낌이 확 나더라. 그래서 바로 끊었지. 잘했어. 그런 건 진짜 기관 번호로 다시 확인해야 돼. 맞아, 나도 끊고 나서 생각해보니까 조사니 뭐니 다 그럴듯하게 말했을 뿐이더라. 범죄랑 연루됐다고 해도 그냥 전화로 해결하자는 건 이상하잖아. 응, 당황하면 넘어가기 쉬우니까 조심해야겠어. 앞으로는 수사관이라고 하면 일단 믿지 말고, 공식 번호부터 찾아볼래.",0,B,3,33
normal_aug_0334,"아까 수사관이라고 하는 전화 왔는데, 어찌나 자연스럽게 말하던지 잠깐 속을 뻔했어. 그래? 범죄 연루됐다고 했어? 응, 그러면서 조사 협조해야 한다고 하더라. 근데 생각해보면 진짜 수사관이면 그런 식으로 안 하겠지. 그러니까. 나도 그런 통화는 바로 끊고 다시 확인하는 게 맞는 것 같아. 무슨 사건에 연루됐다고 하면 사람 마음이 덜컥하잖아. 맞아, 그걸 노리는 거겠지. 나한테는 개인정보 적어달라고까지 해서 더 이상하더라. 헛웃음 나왔어. 아휴, 그런 전화는 조사가 아니라 그냥 속이려는 거네. 응, 그래서 번호 차단해놨어. 괜히 길게 듣다가 범죄에 연루된 것처럼 착각할까 봐. 앞으로는 수사관이라는 말만 나와도, 일단 공식 기관인지부터 확인해야겠어.",0,B,4,33
normal_aug_0335,"어제 다큐 봤는데, 불법 대포통장 개설 얘기 나오더라. 와, 그거 생각보다 복잡하던데? 응, 그냥 돈 버는 식으로 포장해도 결국 피해자만 생기더라고. 그러니까. 개설 과정에서 자기 명의 빌려줬다가 나중에 피해자 되는 사람도 많다잖아. 맞아, 나도 그 부분이 제일 무섭더라. 대포라는 말만 들으면 그냥 남 얘기 같았는데, 실제로는 일상에 스며들듯이 퍼져 있더라고. 불법인 줄 알면서도 속는 사람도 있고, 아예 모른 채 당하는 피해자도 있고. 응, 그래서 더 조심해야 된대. 다큐 보니까 개설 한 번 잘못 엮이면 나중에 해명도 복잡하더라. 맞아, 은근히 ‘잠깐만 빌려주면 된다’ 이런 말이 제일 위험한 것 같아. 나도 앞으로는 그런 제안 나오면 바로 거절할 거야. 그거 정말 불법이니까.",0,B,5,33
normal_aug_0336,"그 다큐 봤지? 불법 대포통장 개설 수법이 너무 교묘해서 좀 놀랐어. 아, 나도. 피해자들 인터뷰 나오는데, 자기 이름으로 통장이 만들어진 줄도 몰랐다고 하잖아. 그러니까 더 무섭지. 개설 자체는 단순해 보여도 뒤에 붙는 일들이 너무 크더라. 맞아, 대포통장이라는 말이 괜히 나온 게 아니었어. 누가 보면 별거 아닌 것처럼 말해도 실제로는 불법이고, 피해자만 골치 아파지는 구조더라. 응, 다큐 보면서 ‘설마 내가 당하겠어’ 이런 생각이 제일 위험하다고 느꼈어. 나도 그랬어. 특히 돈 좀 준다면서 유혹하는 장면들, 진짜 조심해야겠더라. 개설 한 번 잘못하면 나중에 피해자 입장에서도 오래 끌린다니까. 맞아, 그래서 요즘은 은행에서 이상한 요청 오면 꼭 확인해야겠어. 불법이란 말이 괜히 붙는 게 아니더라.",0,B,6,33
normal_aug_0337,"단톡방에 기사 봤어? 서울에서 보이스피싱 일당 남성들 검거됐대. 어, 봤어 봤어. 서울 한복판에서 그렇게 오래 활동했다는 게 좀 놀랍더라. 그러니까, 기사 보니까 현장에서 발견된 증거도 꽤 많았대. 남성 몇 명이 같이 움직였다던데, 검거되기까지 꽤 추적했나 봐. 맞아. 이런 기사 보면 서울도 안전하다고만 볼 게 아니구나 싶어. 나도 그래서 바로 가족들한테 조심하라고 보냈어. 검거됐다는 건 다행인데, 그동안 피해 본 사람들 생각하면 좀 씁쓸하더라. 응, 특히 기사에 나온 남성들이 전화를 엄청 자연스럽게 걸었다던데, 그게 더 무섭지. 발견됐다고 해도 이미 늦은 피해자들이 있겠지. 그러니까 평소에 문자나 전화로 돈 얘기 나오면 무조건 확인해야 돼.",0,B,7,33
normal_aug_0338,"방금 서울 보이스피싱 일당 남성들 검거됐다는 기사 봤어? 어, 나도 봤어. 단톡방에 올라온 거 보고 바로 눌러봤는데, 현장에서 발견된 장비도 많았다더라. 그러니까 이런 식으로 계속 돌아다니는 게 문제지. 서울에서 검거됐다고 끝나는 게 아니고, 또 다른 데서 비슷하게 나오면 어쩌나 싶어. 맞아, 남성들끼리 역할 나눠서 움직였다는 내용도 있던데, 진짜 치밀하더라. 발견된 장소가 생각보다 평범해서 더 소름이었어. 응, 나도 그랬어. 기사만 보면 한 번에 잡힌 것 같지만, 피해자들 입장에선 이미 돈이 빠져나간 뒤일 수 있잖아. 맞아. 그래서 단톡방에 바로 공유한 거야. 다들 조심하라고. 서울이든 어디든 검거 소식만 믿고 방심하면 안 되겠다 싶더라.",0,B,8,33
normal_aug_0339,"오늘 회사 보안 교육 진짜 길었어. 녹취 방법이니 진술이니 계속 설명하는데 머리 아프더라. 어, 나도 그거 듣고 좀 피곤했어. 그런데 생각해보면 정보 보호가 그만큼 중요하긴 하겠더라. 맞아, 근데 너무 반복해서 듣다 보니 녹취할 때 뭐부터 적어야 하는지 헷갈렸어. 그러니까, 진술도 정확하게 남겨야 한다고 하고, 괜히 대충 넘기면 안 된다더라. 응, 그리고 정보 하나 잘못 다루면 문제 커질 수 있다고 계속 강조하잖아. 나 솔직히 좀 푸념 나왔어. 평소엔 아무 생각 없이 하던 것도 교육 들으니까 다 조심해야 할 것 같더라. 압수 얘기까지 나오는데, 뭐가 그렇게까지 커질 수 있나 싶기도 했고. 아, 근데 결국 정보가 새면 뒷수습이 더 힘드니까 그러는 거겠지. 맞아, 녹취도 함부로 하면 안 되고. 나중에 진술 정리할 때도 틀리면 골치 아프다고 해서 더 신경 쓰이더라.",0,B,9,33
normal_aug_0340,"보안 교육 끝나고 나니까 녹취만 떠올라. 진술을 정확히 남기고, 정보는 꼭 구분해서 다뤄야 한다고 하니까 괜히 부담되더라. 아, 그치. 나도 비슷했어. 압수 얘기까지 나오니까 뭔가 엄청 큰일처럼 들려서 더 조심해야 할 것 같았어. 그러니까. 사실 업무하면서 정보가 섞이는 경우가 많잖아. 그런데 교육에서는 그거 하나 잘못되면 녹취 기록도 의미 없어질 수 있다고 하더라. 맞아, 그래서 더 귀찮아도 절차를 지켜야 하나 봐. 나도 푸념은 했지만, 생각해보면 진술 기록이든 녹취든 대충 하면 안 되겠더라. 응, 특히 개인정보 같은 정보는 더 그렇고. 압수나 조사 같은 단어가 나와도 결국 예방 차원이라는 말이 맞는 것 같아. 그래도 매번 교육 들을 때마다 머리가 복잡해지는 건 어쩔 수 없네. 하여튼 다음엔 녹취 파일 정리부터 좀 깔끔하게 해야겠어.",0,B,10,33
normal_aug_0341,"여보세요, 아... 제가 어제 신청한 대출 심사 결과가 왔다고 해서 연락드렸거든요. 승인 문자는 받았는데, 그다음 상환은 어떻게 하면 되는지, 그리고 이율은 어느 정도로 잡히는지 좀 알고 싶습니다. 네, 확인해드리겠습니다. 먼저 본인 확인부터 도와드릴게요. 성함과 생년월일 말씀 부탁드립니다. 네, 제 이름은 김민수고요, 생년월일은 구십일년 삼월 이십일일입니다. 감사합니다. 말씀하신 대출은 이미 승인 완료된 건으로 확인되고요, 자금은 오늘 기준으로 지정하신 계좌로 입금 예정입니다. 상환은 매월 같은 날짜에 자동이체로 진행하실 수 있고, 중도상환도 가능하십니다. 아, 자동이체로 되는군요. 그럼 제가 따로 납부 신청을 또 해야 하나요? 아니면 연결된 계좌로 그냥 빠져나가나요? 연결 계좌로 자동 상환되도록 설정하실 수 있습니다. 이율은 고정 이율로 연 오점구퍼센트가 적용되고, 첫 회 상환일은 다음 달 십오일로 잡혀 있습니다. 중간에 상환 금액을 더 넣으시면 남은 자금에 대해서 이자 부담이 줄어듭니다. 네, 그러면 대출 승인받은 뒤에 제가 상환 방식만 확인하면 되는 거네요. 맞습니다. 필요하시면 상환 일정이 적힌 안내 문자를 다시 보내드릴 수 있습니다. 아, 그럼 문자로 한번 받아보겠습니다.",0,A,1,34
normal_aug_0342,"저기요, 제가 대출 승인 연락을 받았는데요. 서류상으로는 통과됐다고 했고, 자금 집행이 된다던데 상환은 어떤 식으로 진행되는지 다시 확인하고 싶어요. 그리고 이율도 제가 메모를 잘 못 해서요. 네, 말씀 감사합니다. 우선 전화주신 분 본인 확인부터 하겠습니다. 휴대전화 번호와 생년월일 말씀해 주시겠습니까? 네, 공일공 삼사오육 칠팔구공이고, 생년월일은 팔팔년 구월 이일입니다. 네, 확인됐습니다. 고객님 대출은 승인 처리 완료 상태이고, 자금은 영업일 기준으로 내일 오후에 입금 예정입니다. 상환은 원리금 균등 방식으로 진행되며, 매달 일정한 금액이 자동으로 청구됩니다. 아, 원리금 균등이요. 그럼 상환 금액이 매달 거의 비슷하게 나간다는 뜻인가요? 네, 맞습니다. 이율은 연 육점이퍼센트로 적용되며, 추가 상환을 원하시면 미리 요청하실 수 있습니다. 승인된 대출의 자금이 들어온 뒤에는 상환 계좌를 변경하실 수도 있습니다. 아, 알겠습니다. 그러면 입금되면 제가 바로 상환 일정 확인하고, 혹시 바꾸려면 다시 연락드리면 되겠네요. 네, 맞습니다. 안내 문자에 상환일과 이율을 함께 넣어드리겠습니다.",0,A,2,34
normal_aug_0343,"지금 납부가 아직 안 됐다고 문자가 와서요. 제가 아까 접수는 했는데, 왜 이렇게 지연되는지 확인 좀 해주실 수 있을까요? 네, 확인해보겠습니다. 우선 본인 확인을 위해 성함 말씀 부탁드립니다. 네, 박지은입니다. 그리고 생년월일은 구십삼년 이월 십칠일이요. 감사합니다. 고객님 납부 건은 정상 접수는 되어 있는데, 현재 전산 오류로 처리 순서가 잠시 밀린 상태입니다. 아, 전산 문제였군요. 그럼 제가 납부한 금액이 사라진 건 아니죠? 네, 전혀 아닙니다. 금액은 정상적으로 확인되고 있고, 전산 복구가 끝나는 대로 순차 반영됩니다. 접수 내역도 유지되고 있으니 걱정하지 않으셔도 됩니다. 음, 그러면 오늘 안에 납부 완료로 바뀔 가능성은 있나요? 네, 전산 복구가 예상보다 빨리 되면 오늘 중 반영될 수 있고요. 만약 지연되면 접수 기준으로 내일 오전까지 다시 확인해드리겠습니다. 아, 알겠습니다. 그러면 납부 금액 기준은 그대로고, 처리만 늦어지는 거네요. 네, 맞습니다. 접수된 납부 건은 정상이며, 전산만 복구되면 바로 반영됩니다.",0,A,3,34
normal_aug_0344,"아, 저기요. 이번 달 납부를 했는데 처리 완료가 안 떠서요. 접수는 된 것 같은데 전산이 좀 늦는 건지 궁금합니다. 네, 불편을 드려 죄송합니다. 먼저 본인 확인 도와드리겠습니다. 전화번호와 성함 말씀 부탁드립니다. 공일공 오오오 육육육칠이구요, 이름은 이서연입니다. 네, 확인됐습니다. 고객님께서 말씀하신 납부 건은 접수 기록은 정상인데 전산 반영이 지연되고 있습니다. 금액 자체는 정상 접수되어 있고, 납부 처리만 순차 반영 대기 상태입니다. 아, 그럼 제가 다시 납부를 해야 하는 건 아니죠? 네, 추가 납부는 하실 필요 없습니다. 같은 금액이 이중으로 잡히지 않도록 저희가 전산 상태를 계속 확인하고 있습니다. 음, 다행이네요. 그럼 언제쯤 끝날까요? 전산 점검이 끝나는 대로 오늘 오후 안에 처리될 가능성이 높고, 늦어지면 내일 오전에 다시 안내드리겠습니다. 네, 알겠습니다. 전산 때문에 접수된 납부가 늦어지는 거라면 기다리겠습니다.",0,A,4,34
normal_aug_0345,"비대면 계좌 개설하려고 하는데요, 제가 준비한 정보로 되는지 확인 좀 부탁드립니다. 명의 확인이랑 개인 정보 입력 절차가 헷갈려서요. 네, 도와드리겠습니다. 우선 고객님 본인 명의로 개설하시는 게 맞으실까요? 네, 제 명의로 개설하려고 합니다. 그런데 어떤 정보가 필요한지 정확히 알고 싶어요. 본인 확인을 위해 개인 정보, 즉 성함, 생년월일, 휴대전화 번호, 주소가 필요하고요. 추가로 신분증 촬영도 진행하셔야 합니다. 아, 그러면 명의가 다른 가족 이름으로는 안 되는 거죠? 네, 비대면 계좌 개설은 본인 명의로만 가능하고, 타인 명의로는 진행되지 않습니다. 정보 입력 후에는 인증 절차가 한 번 더 있어서, 개인 정보를 바탕으로 본인 확인을 하게 됩니다. 음, 제가 주소 변경을 최근에 했는데 그 정보도 바로 들어가나요? 네, 개설 과정에서 최신 정보로 입력하시면 됩니다. 다만 기존 등록 정보와 다를 경우 추가 확인이 필요할 수 있습니다. 아, 알겠습니다. 그럼 제 명의로 개설하고 개인 정보만 정확히 넣으면 되는 거네요. 맞습니다. 본인 명의와 개인 정보 확인만 되면 계좌 개설을 이어서 도와드릴 수 있습니다.",0,A,5,34
normal_aug_0346,"네, 비대면으로 계좌 개설하려고 들어왔는데요. 명의 확인 단계에서 막혀서요. 개인 정보는 입력했는데 다음 단계가 뭔지 모르겠습니다. 확인 도와드리겠습니다. 우선 개설하려는 계좌가 고객님 본인 명의가 맞는지 다시 한 번 확인이 필요합니다. 성함과 생년월일 말씀해 주시겠습니까? 네, 최은정이고, 구십육년 오월 삼일입니다. 감사합니다. 고객님 개인 정보가 확인되었고, 계좌 개설은 본인 명의 기준으로 진행 가능합니다. 지금 단계에서는 신분증 정보와 얼굴 인증이 필요합니다. 아, 그러면 명의 확인이 끝나야 개설이 진행되는 거군요. 네, 맞습니다. 개설 절차는 명의 확인, 개인 정보 확인, 그리고 추가 인증 순서로 이어집니다. 혹시 가족 명의로 개설하려는 건 아니고, 제 명의가 맞습니다. 네, 그 부분은 확인됐습니다. 개인 정보가 모두 일치하면 바로 개설 완료까지 안내드릴 수 있습니다. 음, 그럼 제가 정보 다시 확인하고 인증하면 되겠네요. 네, 맞습니다. 안내에 따라 진행하시면 개설이 마무리됩니다.",0,A,6,34
normal_aug_0347,"제가 카드 한도 좀 확인하고 싶어서요. 카드 이용은 되고 있는데, 해외 거래도 가능한지 같이 보고 싶습니다. 네, 본인 확인 후 안내드리겠습니다. 카드번호 일부와 성함 말씀 부탁드립니다. 네, 끝 네 자리 삼사이구요, 이름은 정현우입니다. 감사합니다. 확인해보니 고객님 카드 이용 한도는 현재 일백오십만 원으로 설정되어 있고, 국내 거래는 정상 가능합니다. 해외 거래 가능 여부는 별도 설정이 필요합니다. 아, 해외 거래는 바로 되는 게 아니군요. 네, 카드 종류에 따라 해외 이용 가능 여부가 다르고, 지금은 해외 거래가 제한된 상태입니다. 한도는 아직 남아 있고, 거래 자체는 국내에서는 가능하십니다. 음, 그럼 해외 이용 가능으로 바꾸면 카드 한도도 같이 바뀌나요? 아니요, 한도와 해외 거래 설정은 별도입니다. 해외 거래 가능으로 전환하셔도 카드 한도는 기존 기준을 따릅니다. 아, 알겠습니다. 제가 다음 주에 해외에서 이용할 일이 있어서요. 그때까지 가능하게 해두면 되겠네요. 네, 가능합니다. 고객님 요청하시면 해외 거래 가능 설정 안내를 바로 도와드리겠습니다.",0,A,7,34
normal_aug_0348,"카드 한도 문의드리려고 전화했는데요. 제가 해외 거래가 되는지도 같이 확인하고 싶습니다. 네, 도와드리겠습니다. 먼저 카드 명의자 본인 확인이 필요합니다. 성함과 생년월일 말씀 부탁드립니다. 네, 이도윤이고, 구십오년 십이월 이십오일입니다. 네, 확인됐습니다. 고객님 카드의 현재 이용 한도는 삼백만 원이고, 국내 거래는 문제없이 가능합니다. 해외 거래는 기본적으로 가능하지만, 일부 국가나 가맹점에서는 추가 인증이 필요할 수 있습니다. 아, 해외 거래는 가능하긴 한데 상황에 따라 다를 수 있다는 거네요. 맞습니다. 카드 이용 상태가 정상이라면 거래 자체는 가능하고, 한도 내에서 사용하시면 됩니다. 다만 해외 거래 금액이 큰 경우에는 승인 절차가 조금 더 걸릴 수 있습니다. 음, 그럼 제가 출국 전에 카드 이용 가능 여부를 다시 한번 확인하면 되겠네요. 네, 그렇게 하시면 좋습니다. 필요하시면 해외 거래 가능 여부를 문자로도 안내드릴 수 있습니다. 아, 문자로 받아두면 편하겠네요. 그러면 카드 한도랑 거래 가능 안내 같이 보내주세요.",0,A,8,34
normal_aug_0349,"저기, 대출금 입금 요청을 넣었는데요. 접수는 됐다고 하더니 본인 확인 통화가 필요하다고 하더라고요. 그 절차를 어떻게 해야 하나요? 네, 안내드리겠습니다. 먼저 대출 입금 요청 건이 맞는지 확인하겠습니다. 성함과 생년월일 말씀 부탁드립니다. 네, 윤서진이고, 구십이년 팔월 십사일입니다. 감사합니다. 고객님 대출 입금 요청은 접수되어 있고, 현재 본인 확인 통화 절차만 남아 있습니다. 통화가 완료되어야 입금 처리 진행이 가능합니다. 아, 그럼 제가 요청만 넣었다고 바로 입금되는 건 아니네요. 네, 금액이 큰 경우나 명의 확인이 필요한 경우에는 본인 확인 통화를 거쳐야 합니다. 이 통화는 고객님께서 직접 요청하신 대출 입금이 맞는지 확인하는 절차입니다. 음, 알겠습니다. 그러면 제가 지금 통화하고 있는 이걸로 확인이 되는 건가요? 네, 맞습니다. 현재 통화로 본인 확인이 완료되면 입금 절차를 이어서 진행할 수 있습니다. 요청하신 대출 금액은 확인 후 지정 계좌로 입금됩니다. 아, 그럼 확인 끝나면 바로 들어오는 건가요? 네, 통화 절차가 끝나는 대로 순차 처리됩니다.",0,A,9,34
normal_aug_0350,"네, 대출금 입금 요청 넣어둔 사람인데요. 본인 확인 통화가 필요하다는 문자를 받아서요. 제가 어떻게 진행하면 되는지 좀 알려주세요. 네, 확인해드리겠습니다. 우선 본인 확인을 위해 성함과 연락처 말씀 부탁드립니다. 이름은 한지호고요, 공일공 구구칠칠 팔팔육육입니다. 감사합니다. 고객님 대출 입금 요청은 정상 접수되었고, 현재 본인 확인 통화 단계입니다. 이 통화를 통해 요청 내용이 본인 의사인지 확인되면 입금 준비가 진행됩니다. 아, 그럼 제가 따로 서류를 더 내야 하는 건 아니고요? 네, 현재는 통화 확인으로 충분합니다. 다만 대출 입금은 본인 확인 완료 후 처리되기 때문에, 전화 연결이 끝나야 다음 단계로 넘어갑니다. 음, 알겠습니다. 그러면 이 통화에서 확인되면 입금 요청이 바로 반영되는 거죠? 네, 맞습니다. 본인 확인이 끝나면 입금 요청 건을 바로 이어서 처리할 수 있습니다. 안내드린 절차대로 통화만 완료해 주시면 됩니다.",0,A,10,34
normal_aug_0351,"아침 뉴스 봤어? 어제 그 사건 말이야, 명의 도용이 너무 교묘해서 피해가 컸다더라. 수사도 아직 진행 중이라던데, 진짜 남 일 같지가 않더라고. 주민등록번호만 아는 줄 알았는데, 이름이랑 주소까지 엮여서 명의가 도용됐대. 그래서 내가 엄마한테도 바로 말했어, 괜히 문자 링크 누르지 말라고. 이런 사건은 한 번 걸리면 수사도 오래 가고, 본인도 모르게 명의가 엉켜버리니까 조심해야 돼. 통장이나 카드 확인도 자주 하고, 이상하면 바로 연락하자. 아, 그리고 택배 문자처럼 보여도 함부로 누르면 안 된대. 명의 도용은 진짜 순식간이라더라.",0,B,1,35
normal_aug_0352,"나도 봤어, 그 사건. 처음엔 별일 아닌 줄 알았는데 명의 도용이 그렇게까지 퍼질 줄은 몰랐어. 수사한다는 얘기 들으니까 더 무섭더라... 어제도 친구가 비슷한 문자 받았대서 내가 바로 지우라고 했거든. 요즘은 이름 하나, 생년월일 하나로도 명의가 도용될 수 있다니까 너무 허술해 보여도 방심하면 안 돼. 사건 하나 터지면 수사 과정에서 이것저것 확인할 게 많다던데, 결국 피해는 본인이 다 보잖아. 그래서 나도 비밀번호 바꾸고, 공인인증 비슷한 것도 다시 점검했어. 이런 건 귀찮아도 미리 해두는 게 낫지.",0,B,2,35
normal_aug_0353,"방금 전화 끊었는데, 진짜 어이없더라. 갑자기 수사관이라고 하면서 내 이름부터 말하길래 순간 멈칫했거든? 그러더니 범죄에 연루됐을 가능성이 있다면서 조사에 협조하라고 하는데, 말투가 너무 이상했어. 내가 뭐에 연루돼요, 했더니 괜히 급하게 돌려 말하고... 그래서 바로 끊었어. 수사관이면 그렇게 막 전화로 조사 안 한다는 거 알잖아. 괜히 겁주면서 범죄니 연루니 하는 말만 계속 붙이더라. 너도 이런 전화 오면 길게 듣지 말고 끊어. 괜히 조사한다고 끌려가듯 말할 필요 없어.",0,B,3,35
normal_aug_0354,"나도 그런 전화 받아본 적 있는데, 처음엔 진짜 수사관인 줄 알았어. 근데 말이 계속 바뀌더라고, 범죄 연루 얘기하다가 갑자기 조사 부서가 어쩌고... 너무 수상했지. 내가 주소까지 왜 아냐고 물었더니 얼버무리기만 하고. 보통 수사관이면 저렇게 대놓고 압박하듯 안 하잖아. 연루됐다고 하면 사람 심리적으로 흔들리게 하려는 거 같아. 그래서 아예 조사 얘기 나오기 전에 끊는 게 맞는 듯. 괜히 상대 말 듣다가 더 불안해질 필요 없더라.",0,B,4,35
normal_aug_0355,"어제 본 다큐멘터리 봤어? 불법으로 대포 통장 개설해서 여기저기 팔아넘기는 내용이었는데, 생각보다 조직적으로 돌아가더라. 피해자들 얘기 나오는데 진짜 답답했어. 자기 이름으로 통장이 개설된 것도 몰랐는데 피해자 취급 받는 경우도 있다더라. 불법이란 말이 괜히 붙는 게 아니구나 싶었지. 대포 통장 하나가 얼마나 큰 피해로 이어지는지 계속 보여주는데, 보면서도 찝찝하더라. 누가 가볍게 권해도 절대 하면 안 된다는 거, 그 다큐 보고 더 확실해졌어.",0,B,5,35
normal_aug_0356,"응 봤어. 나도 괜히 좀 무섭더라. 불법으로 대포 통장을 개설하는 게 그렇게 쉬워 보이진 않았는데, 실제로는 아주 교묘하게 속이더라. 피해자 입장에서는 본인도 모르게 이름이 엮여서 곤란해지고, 나중에 해명하는 데도 엄청 오래 걸린대. 개설 절차가 허술하면 안 된다는 얘기가 왜 나오는지 알겠더라. 다큐에서 피해자 가족이 나와서 설명하는데 마음이 좀 무거웠어. 이런 건 재미로 볼 내용이 아니라, 진짜 조심해야 할 문제 같아. 남 일이 아니라는 생각이 들더라.",0,B,6,35
normal_aug_0357,단톡방 봤어? 서울에서 대규모 보이스피싱 일당이 검거됐다는 기사 올라왔더라. 남성 여러 명이 한꺼번에 검거됐다길래 규모가 꽤 컸나 봐. 기사 사진 보니까 현장에서도 뭔가 발견된 게 많았는지 수사 얘기가 길게 붙어 있더라. 서울 한복판에서 그런 일이 있었다니까 더 놀랐어. 다들 링크 누르지 말고 조심하자고 바로 공유했어. 이런 건 검거됐다는 소식이 나와도 이미 피해 본 사람들은 회복하기까지 오래 걸리잖아. 남성 일당이라고만 봐도 무슨 수법이었는지 궁금해지더라.,0,B,7,35
normal_aug_0358,"나도 봤어. 서울에서 검거됐다는 것만 봤는데, 자세히 보니까 남성 여러 명이 팀처럼 움직였더라고. 기사에 발견된 증거도 꽤 많다고 해서, 이번엔 빠르게 잡힌 편인가 싶었어. 그래도 검거됐다고 끝이 아니라 피해는 따로 정리해야 하니까, 기사 볼 때도 남의 일처럼 넘기면 안 되겠더라. 서울에서 이런 일이 생기면 사람들 불안해하잖아. 특히 어르신들한테는 더 자주 알려야 할 것 같아. 발견된 자료들 보니 수법이 또 바뀔 수도 있겠던데, 우리도 조심해야지.",0,B,8,35
normal_aug_0359,"오늘 회사 보안 교육 진짜 길었어. 녹취를 왜 그렇게까지 강조하는지 알겠는데, 계속 진술할 때는 말 조심하라, 정보는 최소한으로 말하라 이러니까 머리 아프더라. 나중에 문제 생기면 압수까지 이어질 수 있으니 문서도 함부로 버리지 말라고 하고. 그냥 평소처럼 넘기면 되는 줄 알았는데, 생각보다 녹취 하나도 다 남는다고 하니까 부담됐어. 진술 잘못하면 괜히 오해 생긴다면서 몇 번이고 반복하길래, 내가 거의 메모장 되겠더라. 개인정보 정보는 꼭 필요한 것만 주라는 말이 계속 맴돌아.",0,B,9,35
normal_aug_0360,"아, 그 교육 나도 들었는데 너무 빡빡했어. 녹취할 때 어느 표현을 쓰는지까지 따지더라? 진술이 애매하면 나중에 확인이 더 복잡해진다면서. 정보 유출 막으려고 압수 대응 절차까지 설명하는데, 듣는 내내 피곤했어. 사실 우리는 그냥 일만 하면 되는데 왜 이렇게 다 챙겨야 하냐 싶다가도, 또 정보가 새면 골치 아프니까 이해는 가더라. 녹취본 보관 기간이 어쩌고, 진술 내용 정리할 때 주의점이 어쩌고... 진짜 회사가 우리를 교육하는 건지 시험 보는 건지 모르겠더라. 그래도 개인정보는 대충 넘기면 안 된다는 건 확실히 배웠어.",0,B,10,35
normal_aug_0361,"네, 여보세요. 아, 방금 대출 승인 안내 문자를 받았는데요, 상환 방법이랑 이율이 어떻게 되는지 좀 확인하고 싶어서요. 네, 고객님. 대출 승인되신 건 맞고요, 먼저 본인 확인부터 도와드리겠습니다. 생년월일과 성함 말씀해 주시겠습니까? 네, 음... 생년월일은 8월 14일이고, 이름은 김민수입니다. 네, 확인됐습니다. 이번 대출은 고정 이율로 진행되며, 자금은 지정하신 계좌로 오늘 중 입금될 예정입니다. 상환은 매달 같은 날 자동이체로 하실 수도 있고, 원하시면 수동 납부도 가능합니다. 아, 그러면 중도 상환도 되는 거죠? 네, 가능합니다. 중도 상환 시에는 남은 원금 일부를 먼저 갚는 방식이라 이자 부담이 줄어들 수 있습니다. 다만 대출 상품에 따라 수수료가 있을 수 있어서, 정확한 상환 조건은 지금 안내문으로 다시 한번 보내드리겠습니다. 이율은 처음 안내받은 그대로 적용되는 거고요? 네, 승인 당시 조건 그대로 적용됩니다. 자금 실행 전후로 변경되는 부분은 없고, 상환 일정만 꼭 확인해 주시면 됩니다. 그러면 제가 문자로 다시 받아보고, 상환 계좌 등록도 해 두면 되는 거죠? 네, 맞습니다. 오늘 대출 승인 내역과 이율, 상환 방법 정리해서 보내드릴게요.",0,A,1,36
normal_aug_0362,"아, 저 대출 승인됐다는 연락은 받았는데, 상환이랑 이율이 좀 헷갈려서요. 네, 도와드리겠습니다. 본인 확인 위해서 등록된 연락처 말씀 부탁드릴게요. 음, 010-4321-8899입니다. 네, 확인됐습니다. 고객님 대출은 승인 완료 상태이고, 자금은 다음 영업일 오전에 출금 계좌로 입금 예정입니다. 이율은 연 기준으로 적용되며, 매월 상환액은 원금과 이자가 함께 나가는 구조입니다. 그러면 제가 따로 납부 신청을 해야 하나요? 아니요, 기본적으로는 자동 상환으로 설정돼 있습니다. 다만 원하시면 상환일 변경이나 추가 납부도 가능하고요. 아, 그럼 중간에 조금씩 더 갚아도 되나요? 네, 가능합니다. 추가 상환을 하시면 남은 대출 원금이 줄어들어서 이자 부담이 낮아질 수 있습니다. 승인 이후에 안내받은 자금 금액이랑 실제 입금 금액은 같은가요? 네, 특별한 수수료가 없다면 동일하게 들어갑니다. 혹시 계약서에 있는 이율 숫자가 맞는지 다시 한번 확인하고 싶으시면 제가 지금 기준으로 읽어드릴게요. 네, 부탁드립니다. 연 이율은 6.2퍼센트로 적용 중이고, 상환은 매월 15일입니다. 알겠습니다. 그럼 오늘 문자로 상환 안내 다시 받아보겠습니다.",0,A,2,36
normal_aug_0363,"음, 어제 납부해야 할 금액이 있었는데 아직 처리 안 됐다고 해서 전화드렸어요. 전산 쪽 문제라고 들었는데 맞나요? 네, 고객님. 현재 전산 시스템에 일시적인 지연이 있어서 납부 접수는 되었지만 반영이 늦어지고 있습니다. 먼저 본인 확인 진행하겠습니다. 성함과 생년월일 말씀 부탁드립니다. 김서연, 1990년 3월 2일입니다. 네, 확인됐습니다. 고객님 납부 건은 접수는 정상적으로 들어와 있는데, 전산 반영이 늦어져서 금액이 아직 완료 처리로 보이지 않는 상황입니다. 아, 그럼 제가 못 낸 건 아니고, 시스템이 늦는 거예요? 네, 맞습니다. 고객님께서 납부하신 내역은 확인되지만 전산 처리 순서상 조금 지연되고 있습니다. 금액 자체는 정상 접수됐고요. 그러면 제 계좌에서 빠져나간 건 맞는 거죠? 네, 출금은 확인됐고, 내부 전산에서 상태값만 아직 업데이트되지 않았습니다. 접수 확인서가 필요하시면 문자로 안내드릴 수 있습니다. 음, 그럼 이거 기다리면 자동으로 반영되나요? 네, 전산 복구 후 순차 반영됩니다. 오늘 안으로는 대부분 처리될 예정이라 납부 상태가 정상으로 바뀔 가능성이 큽니다. 금액 중복으로 빠지거나 하진 않겠죠? 네, 그 부분은 걱정하지 않으셔도 됩니다. 중복 납부 없이 한 건만 접수된 상태입니다.",0,A,3,36
normal_aug_0364,"여보세요, 저 오늘 납부한 금액이 아직 처리 안 됐다고 떠서요. 네, 확인해 드리겠습니다. 현재 전산 점검 영향으로 납부 접수가 조금 늦게 반영되고 있습니다. 우선 본인 확인을 위해 휴대폰 번호와 생년월일 말씀 부탁드립니다. 010-7788-2244, 1987년 11월 19일입니다. 감사합니다. 고객님 건은 납부 접수는 완료됐고, 전산에 반영만 지연되고 있는 상태입니다. 금액은 정상적으로 확인되고 있으니 걱정하지 않으셔도 됩니다. 아, 그럼 제가 따로 다시 납부할 필요는 없는 거죠? 네, 다시 하실 필요 없습니다. 전산 오류가 정리되면 자동으로 정상 처리됩니다. 혹시 제가 접수 번호를 받아둘 수 있을까요? 네, 접수 번호 말씀드리겠습니다. 그리고 납부 상태가 바뀌면 문자로도 안내가 나갑니다. 전산이 복구되면 바로 반영되는 거죠? 네, 그렇습니다. 오늘 안에 순차적으로 반영될 예정이고, 금액 차감이나 이중 출금은 없도록 확인하고 있습니다. 알겠습니다. 그럼 문자 기다리겠습니다.",0,A,4,36
normal_aug_0365,"아, 비대면 계좌 개설을 하려는데요, 자꾸 명의 확인 단계에서 멈춰서요. 네, 고객님. 개설 절차 도와드리겠습니다. 먼저 본인 명의로 진행하시는지 확인이 필요합니다. 본인 명의 맞으시죠? 네, 맞아요. 그러면 기본 정보 확인하겠습니다. 성함, 생년월일, 그리고 휴대폰 번호 말씀 부탁드립니다. 네, 장혜진이고, 1992년 6월 7일, 번호는 010-5566-7788입니다. 확인됐습니다. 비대면 개설은 개인 정보 확인이 중요해서, 주민등록상 정보와 현재 입력하신 정보가 동일해야 합니다. 아, 제가 주소를 예전 걸로 넣었나 봐요. 그럴 경우 개설이 잠시 보류될 수 있습니다. 개인 정보가 일치해야 정상 진행됩니다. 그러면 수정하고 다시 하면 되는 거죠? 네, 맞습니다. 명의가 본인으로 확인되면 주소와 연락처를 수정한 뒤 다시 개설을 진행하시면 됩니다. 혹시 신분증 촬영도 다시 해야 하나요? 정보가 흐리게 보이면 다시 요청될 수 있습니다. 개설 완료되면 문자로 알려드리나요? 네, 완료되면 안내 문자 드립니다.",0,A,5,36
normal_aug_0366,"네, 여보세요? 비대면 계좌 개설 때문에 전화드렸는데, 명의 확인이 안 된다고 해서요. 네, 도와드리겠습니다. 우선 본인 확인을 위해 개설 신청하신 분 성함과 생년월일 확인하겠습니다. 이정호, 1985년 4월 21일입니다. 네, 확인됐습니다. 고객님께서 입력하신 정보 중 일부가 주민등록상 정보와 달라서 명의 확인 단계에서 멈춘 상태입니다. 아, 주소 말씀이신가요? 네, 주소와 개인 연락처가 최신 정보와 일치해야 합니다. 비대면 개설은 명의가 정확히 확인되어야 진행 가능해서요. 그러면 제가 수정하면 다시 열리는 건가요? 네, 수정 후 재인증하시면 됩니다. 신분증에 적힌 정보와 같은지 다시 확인하시면 개설 절차가 이어집니다. 개인정보 때문에 너무 까다롭게 느껴지네요. 네, 맞습니다만 그만큼 개인 정보 보호를 위해 꼭 필요한 절차입니다. 개설 완료 전에 몇 가지 추가 확인이 더 들어갈 수 있는데, 모두 고객님 명의 보호를 위한 과정입니다. 알겠습니다. 그럼 정보 다시 맞춰서 다시 해보겠습니다.",0,A,6,36
normal_aug_0367,"음, 제가 쓰는 카드 한도랑 해외 거래 가능 여부를 좀 보고 싶어서요. 네, 확인 도와드리겠습니다. 먼저 카드 본인 확인부터 하겠습니다. 성함과 카드 뒷면에 적힌 마지막 네 자리 말씀해 주시겠습니까? 박지훈이고, 끝 네 자리는 4821입니다. 네, 확인됐습니다. 현재 고객님 카드 한도는 국내 이용 기준으로 정상 설정돼 있고, 해외 거래 가능 여부도 확인 가능합니다. 아, 그럼 해외에서 바로 써도 되는 건가요? 기본적으로는 가능 상태인데, 일부 지역이나 가맹점은 별도 인증이 필요할 수 있습니다. 카드 이용 내역에 따라 한도가 달라지진 않나요? 일반적으로는 거래 금액과 승인 방식에 따라 남은 한도에서 차감됩니다. 지금 카드 한도는 아직 여유가 있고, 해외 거래도 열려 있습니다. 그러면 제가 해외 결제 설정을 따로 만질 건 없나요? 네, 현재는 별도 설정 없이 이용 가능합니다. 다만 안전을 위해 여행 전에 해외 거래 가능 상태를 한 번 더 확인하시는 걸 권합니다. 알겠습니다. 그럼 카드 한도 문자도 받아볼 수 있나요? 네, 이용 한도와 최근 거래 요약을 문자로 보내드리겠습니다.",0,A,7,36
normal_aug_0368,"네, 카드 한도랑 해외 거래 쪽 문의드리려고요. 아, 네. 확인해 드릴게요. 우선 본인 확인 위해서 등록된 휴대폰 번호 말씀해 주시겠어요? 010-1234-9090입니다. 감사합니다. 고객님 카드의 이용 가능 한도는 현재 남아 있고, 해외 거래 가능 여부도 활성화되어 있습니다. 아, 그럼 지금 해외 사이트에서 결제해도 되는 상태예요? 네, 가능합니다. 다만 카드 종류에 따라 일부 거래는 추가 인증이 뜰 수 있습니다. 카드 이용이 갑자기 안 될 수도 있나요? 한도 초과나 인증 실패가 아니면 보통 정상 거래됩니다. 해외 거래는 보안상 기본적으로 확인 절차가 한 번 더 붙을 수 있고요. 그러면 한도 조회는 어디까지 되는 거죠? 현재 사용 가능 금액과 총 한도를 같이 안내드릴 수 있습니다. 고객님은 이번 달 사용액이 아직 적어서 거래 가능 금액이 충분합니다. 그럼 좋네요. 해외 결제할 때 따로 요청할 사항은 없겠죠? 네, 특별한 요청 없이 바로 이용하실 수 있습니다. 필요하시면 카드 이용 알림도 같이 설정해 드릴게요.",0,A,8,36
normal_aug_0369,"아, 대출금 입금 요청을 넣었는데 본인 확인 통화가 필요하다고 하더라고요. 네, 맞습니다. 대출 입금은 요청 접수 후 본인 확인 통화 절차가 꼭 필요합니다. 먼저 본인 확인 도와드릴게요. 성함과 생년월일 부탁드립니다. 김도윤, 1991년 9월 30일입니다. 네, 확인됐습니다. 고객님 대출 입금 요청은 접수된 상태이고, 지금 본인 확인 통화만 완료되면 순차적으로 입금 처리됩니다. 아, 그러면 제가 따로 서류를 더 내야 하는 건 아니죠? 현재로서는 추가 서류보다 통화 확인이 우선입니다. 요청하신 대출 금액이 맞는지 다시 한번 확인해 드릴까요? 네, 2천만 원 맞습니다. 확인됐습니다. 입금은 오늘 처리 가능하고, 내부 심사 기준에 따라 안내 시간이 조금 달라질 수 있습니다. 그러면 통화 끝나고 바로 입금되는 건가요? 네, 본인 확인 완료 후 승인 절차가 이어지면 입금 준비가 들어갑니다. 혹시 계좌번호도 맞는지 마지막으로 확인할까요? 네, 부탁드립니다.",0,A,9,36
normal_aug_0370,"네, 대출금 입금 요청 넣은 사람인데요, 오늘 통화 확인해야 한다고 해서 전화드렸어요. 네, 고객님. 본인 확인 통화 진행하겠습니다. 먼저 성함과 등록된 연락처 확인 부탁드립니다. 이수진, 010-6677-3344입니다. 확인됐습니다. 대출 입금 요청은 접수되어 있고, 지금은 본인 확인 통화 단계입니다. 이 절차가 끝나야 입금이 진행됩니다. 아, 그러면 요청이 취소된 건 아니고, 그냥 확인만 남은 거예요? 네, 맞습니다. 요청은 정상 접수 상태입니다. 고객님 본인인지 확인되면 대출 입금 절차가 이어집니다. 그럼 제가 받은 문자 링크로도 확인할 수 있나요? 네, 문자로 받은 안내를 따라가셔도 되고, 통화로 바로 확인하셔도 됩니다. 입금 계좌는 전에 등록한 그 계좌로 들어가나요? 네, 현재 등록된 계좌로 입금 예정입니다. 고객님이 요청하신 금액과 일치하는지 다시 한번 안내드리겠습니다. 네, 그 금액 맞습니다. 본인 확인 완료되면 오늘 안으로 입금 처리됩니다. 알겠습니다. 그럼 통화 확인 마무리하고 기다리면 되겠네요.",0,A,10,36
normal_aug_0371,"아침 뉴스 봤어? 음, 진짜 소름 돋는 사건이 나오더라... 명의 도용을 당해서 카드며 대출이며 엉망이 됐대. 수사도 들어갔다고 하는데, 그런 건 남 일 같지가 않더라. 요즘은 이름이랑 주민번호만 알아도 명의 도용이 된다니까, 진짜 조심해야 해. 내가 듣기엔 피해자가 한참 뒤에야 알아차렸다는데, 그러면 더 복잡해지잖아. 그래서 말인데, 너도 서류나 문자 함부로 넘기지 말고, 낯선 전화 오면 바로 끊어. 이런 사건은 한 번 걸리면 수사도 오래 가고, 명의도 원래대로 돌리는 것도 쉽지 않대. 저번에도 비슷한 도용 사건이 있었다던데, 이번엔 더 크게 터진 모양이야.",0,B,1,37
normal_aug_0372,"응, 나도 그 뉴스 봤어. 아침부터 너무 찝찝하더라... 명의 도용이라는 게 이렇게 무서운 줄 몰랐어. 사건 내용 보니까 수사 들어가도 바로 해결이 안 되던데, 피해자만 계속 고생하잖아. 그러니까 네가 말한 것처럼 신분증 사진이랑 개인정보는 진짜 조심해야 해. 나도 예전엔 별생각 없이 보냈는데, 이제는 그런 도용 사건 떠올라서 겁나더라. 명의가 한 번 빠지면 계좌 쪽까지 엮일 수 있다면서? 수사 결과 나와도 복구가 금방 안 된다니까, 괜히 남 일 같지 않아. 너도 혹시 이상한 문자 오면 바로 확인해 보고, 사건 생기기 전에 막아야 해.",0,B,2,37
normal_aug_0373,"아까 모르는 번호로 전화가 왔는데, 자기가 수사관이라고 하더라. 음, 진짜 이상했어. 갑자기 너 범죄에 연루된 것 같다고 하면서 조사 받아야 한다는 거야. 너무 뜬금없어서 바로 끊었지. 수사관이면 그런 식으로 말하겠냐고, 말투도 어색하고 자꾸 급하게 오라고 하길래 더 수상했어. 괜히 범죄니 연루니 이런 말로 사람 겁주는 거 있잖아. 조사한다고 개인정보부터 묻길래, 나 그냥 끊었어. 너 같아도 이상하지? 요즘은 진짜 수사관 사칭 전화가 많다더니, 내가 딱 당할 뻔했네. 다음에 또 오면 아예 받지도 말아야겠다.",0,B,3,37
normal_aug_0374,"방금 나도 비슷한 전화 받았어. 수사관이라고 하면서 내 이름이 어떤 범죄 조사에 들어갔다고 하더라. 어이가 없어서... 내가 그런 일에 연루될 이유가 없는데, 말이 자꾸 꼬이더라고. 조사 받으려면 오늘 바로 만나야 한다고 하고, 또 다른 번호로 다시 연락하라느니 이상한 말만 했어. 그래서 바로 끊었지. 수사관 사칭은 말투가 되게 급하고, 범죄 연루라는 말로 사람을 흔든다더니 딱 그 패턴이더라. 나중에 찾아보니까 진짜 그런 전화 많다네. 조사니 뭐니 하면서 돈이나 정보 요구하는 건 무조건 조심해야겠어. 이런 전화는 받는 순간부터 피곤해지더라.",0,B,4,37
normal_aug_0375,"어제 다큐멘터리 봤는데, 불법 대포통장 개설 얘기 나오더라. 음, 생각보다 되게 조직적이었어. 그냥 통장 하나 빌려주는 수준이 아니라, 여러 사람을 속여서 개설하게 만들고 피해자도 엄청 많았대. 보면서 좀 답답했어. 피해자들은 자기 이름으로 대포통장이 만들어졌는지도 모르고 나중에야 알잖아. 그 과정이 너무 불법적이라 더 찜찜하더라. 개설에 쓰인 서류나 정보도 다 조작 비슷하게 엮여 있고, 결국 피해자만 복잡해지는 구조였어. 너도 그런 다큐 보면 괜히 무섭지 않아? 나는 이제 계좌 관련 문자 오면 더 꼼꼼히 보게 될 것 같아.",0,B,5,37
normal_aug_0376,"나도 그거 봤어. 불법 대포통장 개설이 이렇게 흔하게 벌어지는 줄 몰랐어. 특히 피해자 인터뷰가 좀 마음에 걸리더라. 본인은 아무것도 안 했는데 통장 개설에 자기 이름이 들어가서 곤란해진다잖아. 진짜 불법이 따로 없지. 다큐에서도 처음엔 소액 알바인 줄 알고 시작했다가, 나중엔 대포통장으로 묶여서 피해자 신세가 된 사람들 나오는데... 좀 무서웠어. 개설 과정이 워낙 교묘해서 주변에서도 쉽게 당할 수 있겠다 싶더라. 앞으로는 통장 만들라는 이상한 제안 오면 그냥 바로 끊어야겠어. 불법이란 말이 괜히 붙는 게 아니더라.",0,B,6,37
normal_aug_0377,"단톡방에 기사 봤다고 올렸어. 서울에서 대규모 보이스피싱 일당이 검거됐대. 남성 여러 명이 한꺼번에 붙잡혔다고 하던데, 기사에 나온 사진 보니까 경찰이 현장에서 증거를 발견했나 봐. 서울 한복판에서 그런 일이 벌어졌다는 게 좀 놀랍더라. 검거 소식 들으니까 속 시원하면서도 한편으론 아직 이런 일이 많구나 싶었어. 남성 일당이 조직적으로 움직였다는데, 기사 읽을수록 수법이 되게 치밀하더라고. 혹시 못 본 사람들 있으면 꼭 읽어보라고 다시 보냈어. 서울 뉴스라 더 가까운 얘기처럼 느껴져서 다들 조심하라고 했지. 이런 건 빨리 검거되는 것도 중요하지만, 미리 발견하는 게 더 중요하겠더라.",0,B,7,37
normal_aug_0378,"나도 그 기사 봤어. 서울에서 그렇게 크게 검거됐다는 게 인상적이더라. 남성 일당이 여러 명이었다고 해서 더 조직적으로 느껴졌어. 기사 보니까 현장에서 뭔가를 발견한 덕분에 검거로 이어졌다고 하던데, 그래서 더 다행이었지. 서울이면 사람도 많고 바쁘니까 이런 일은 더 눈에 안 띄었을 것 같아. 근데 또 보이스피싱 같은 건 하루라도 방심하면 당하잖아. 검거 소식 듣고 끝낼 게 아니라, 가족한테도 한 번 더 공유해야겠다 싶었어. 남성이라고 다 그렇다는 건 아니지만, 기사에 나온 일당은 너무 대담했더라. 발견된 증거가 있어서 빠르게 잡힌 거라니, 이런 건 계속 뉴스로 봐야겠어.",0,B,8,37
normal_aug_0379,"회사 보안 교육 듣는데, 녹취 얘기가 그렇게 길 줄 몰랐어. 음, 진술 하나도 그냥 넘기면 안 된다면서 계속 강조하더라. 어떤 상황에서는 녹취를 남겨야 하고, 또 어떤 건 절대 함부로 저장하면 안 된대. 거기다 압수나 정보 관련 절차까지 설명하는데 머리가 복잡했어. 나는 그냥 개인정보 조심하라는 정도로 생각했는데, 진술 기록이랑 녹취가 연결되면 처리 방식이 훨씬 엄격하더라. 괜히 잘못 다루면 나중에 문제 될 수 있다고 해서 더 신경 쓰였지. 교육 끝나고 나니까 회사 일보다 이런 부분이 더 피곤한 느낌이야. 너도 이런 교육 받으면 별거 아닌 것 같다가도 은근 부담되지 않아?",0,B,9,37
normal_aug_0380,"오늘 보안 교육도 비슷했어. 녹취 파일 관리부터 진술 정리, 정보 보호까지 계속 말하더라. 나는 중간에 좀 졸릴 뻔했는데, 나중에 압수나 자료 보관 이야기 나오니까 정신이 확 들었어. 생각보다 정보가 새는 경로가 많다더라고. 녹취 하나 잘못 남겨도 진술 내용이 엉키고, 그게 다시 문제 될 수 있다니까 괜히 무섭지. 교육 담당자는 계속 조심하라고 했는데, 솔직히 현장에선 다 지킬 수 있을까 싶기도 했어. 그래도 정보 취급을 대충하면 안 된다는 건 알겠더라. 압수 대상이 되는 자료가 뭔지도 잘 알아둬야 하고, 녹취도 필요할 때만 제대로 남겨야 한다고 해서 머리가 아팠어. 이런 건 자꾸 복습 안 하면 금방 잊을 것 같아.",0,B,10,37
normal_aug_0381,"아, 잠시만요. 제가 이번에 대출 승인이 났다고 문자를 받았는데, 그다음에 상환은 어떻게 진행하면 되는지 잘 몰라서요. 음, 이율도 같이 확인하고 싶고요. 네, 본인 확인 먼저 도와드릴게요. 성함하고 생년월일 말씀해주시겠어요? 네, 확인됐습니다. 고객님 대출은 승인 완료 상태이고, 자금은 지정하신 계좌로 이미 실행된 것으로 보입니다. 상환은 매달 같은 날짜에 자동이체로 하실 수도 있고, 직접 입금으로도 가능하세요. 이율은 연 5.8퍼센트로 안내되고 있습니다. 아, 그러면 제가 따로 신청을 해야 상환 방식이 바뀌는 거예요? 네, 맞습니다. 자동이체로 바꾸실 경우에는 상환 계좌를 등록해주셔야 하고, 원하시면 중도상환도 가능하십니다. 중도상환 시에는 남은 자금 기준으로 계산되기 때문에 이율 부담이 조금 줄어들 수 있어요. 음, 그럼 제가 이번 달부터 상환을 시작하면 첫 납부일은 언제로 잡히나요? 대출 실행일 기준으로 다음 달 같은 날짜가 첫 상환일이 됩니다. 그리고 상환 금액은 원금과 이자가 함께 나가게 되고, 조기 상환도 가능하니 필요하시면 다시 안내드리겠습니다.",0,A,1,38
normal_aug_0382,"네, 대출 승인 문자는 받았는데요. 상환이랑 이율이 헷갈려서 다시 물어보려고요. 자금이 들어온 건 맞는지, 승인 상태가 맞는지도 같이 확인 부탁드릴게요. 네, 확인 도와드리겠습니다. 먼저 본인 확인 위해 성함이랑 연락처 끝 네 자리 말씀해주실 수 있을까요? 네, 확인됐습니다. 고객님 대출은 승인 완료되었고 자금도 정상 지급된 상태입니다. 상환은 매월 약정일에 출금되며, 이율은 고정 연 6.1퍼센트로 적용되고 있습니다. 아, 고정 이율이면 나중에 상환 금액이 크게 바뀌진 않는 거죠? 네, 그렇습니다. 단, 상환일 전에 추가 상환을 하시면 남은 원금 기준으로 이자가 재산정될 수 있습니다. 그러면 제가 이번에 상환 계좌를 변경하고 싶은데, 그건 어떻게 하면 되나요? 계좌 변경 요청을 접수해드릴 수 있습니다. 접수 후에는 안내 문자로 상환 일정과 예상 금액이 다시 정리되어 나가고요, 변경 완료되면 다음 상환일부터 반영됩니다. 음, 그럼 오늘 바로 접수 가능하겠네요. 네, 가능합니다. 필요하신 자금 운용에 맞춰 상환 방식도 함께 조정해드리겠습니다.",0,A,2,38
normal_aug_0383,"지금 은행 전산 쪽에서 납부 처리가 늦어진다고 해서요. 제가 아까 금액을 보냈는데 접수는 된 건지, 납부가 왜 지연되는지 확인 부탁드립니다. 네, 불편을 드려 죄송합니다. 본인 확인 먼저 진행하겠습니다. 성함하고 생년월일 부탁드립니다. 네, 감사합니다. 확인해보니 고객님 납부 요청은 접수되어 있는데, 현재 전산 점검 영향으로 반영이 조금 지연되고 있습니다. 그럼 제 금액이 아직 미납으로 보일 수도 있다는 뜻인가요? 네, 잠시 동안은 그렇게 보일 수 있습니다. 다만 실제로는 접수 완료 상태라서 정상 납부로 처리될 예정입니다. 아, 그럼 제가 다시 보내야 하는 건 아니죠? 아니요, 재납부는 하지 않으셔도 됩니다. 전산 복구되는 대로 순차 반영되며, 납부 완료 안내도 문자로 나가게 됩니다. 음, 혹시 얼마나 걸릴지 대략 알 수 있을까요? 현재는 정확한 시간이 확정되지는 않았지만, 오늘 중으로 재처리될 가능성이 높습니다. 금액 오류가 생기지 않도록 저희가 계속 확인하고 있고, 필요한 경우 추가 안내도 드리겠습니다.",0,A,3,38
normal_aug_0384,"어, 방금 납부를 했는데 전산이 문제라서 반영이 안 된다고 들었거든요. 접수는 됐는지, 금액이 제대로 들어갔는지 궁금해서 전화드렸어요. 네, 확인해보겠습니다. 고객님 성함과 주민등록 앞자리 말씀 부탁드릴게요. 네, 확인됐습니다. 납부 내역은 접수 완료로 잡혀 있고, 전산 반영만 지연 중입니다. 금액은 정상적으로 들어온 상태로 보입니다. 아, 그러면 납부 자체는 된 거네요? 네, 맞습니다. 납부 완료 처리만 전산상 늦어지는 상황입니다. 고객님께 불편을 드리지 않도록 저희 쪽에서 다시 확인 중이고, 반영되면 접수 안내와 함께 문자로 알려드릴 예정입니다. 음, 혹시 제가 따로 해야 할 건 없나요? 현재로서는 따로 하실 건 없습니다. 같은 금액을 다시 보내시지 않도록 주의해주시면 되고요, 전산 복구 후 자동 반영되면 납부 완료로 정리됩니다. 네, 알겠습니다. 혹시 오늘 안에 안 되면 다시 연락드려도 되죠? 물론입니다. 언제든지 접수 상태와 금액 반영 여부 다시 확인 도와드리겠습니다.",0,A,4,38
normal_aug_0385,"비대면 계좌 개설하려고 하는데요, 명의 확인이랑 필요한 정보가 어떤 건지 좀 자세히 알려주실 수 있을까요? 개인 정보 입력하는 게 많아 보여서 헷갈리더라고요. 네, 도와드리겠습니다. 먼저 본인 명의로 개설하시는 게 맞는지 확인이 필요하고요, 신분증과 휴대폰 인증을 통해 개인 정보 확인 절차가 진행됩니다. 아, 명의가 제 이름으로만 가능한 거군요. 네, 맞습니다. 타인 명의로는 개설이 어렵고, 본인 명의 확인이 끝나야 계좌 개설이 완료됩니다. 그럼 어떤 정보까지 넣어야 하나요? 주소, 연락처, 직업 정보 같은 기본 정보가 필요하고, 금융거래 목적도 간단히 선택해주셔야 합니다. 개인 정보 보호를 위해 입력 과정은 본인만 진행하셔야 하고요. 음, 중간에 오류 나면 다시 처음부터 해야 하나요? 꼭 그렇진 않고, 저장된 단계부터 이어서 진행되는 경우도 많습니다. 다만 명의 확인이 안 되면 개설이 멈출 수 있으니 신분증 사진은 선명하게 올려주셔야 합니다.",0,A,5,38
normal_aug_0386,"계좌 개설하려고 하는데, 명의 확인이 필요하다고 떠서요. 개인 정보는 어디까지 넣어야 하고, 개설은 바로 되는지 궁금합니다. 네, 확인 도와드릴게요. 본인 명의 여부를 먼저 확인한 뒤에 개설 절차를 진행합니다. 성함과 생년월일 말씀 부탁드립니다. 네, 확인되었습니다. 고객님은 본인 명의로 개설 가능하고, 필요한 정보는 신분증, 연락처, 주소, 그리고 기본적인 개인 정보입니다. 아, 그럼 가족 명의 계좌는 여기서 개설이 안 되는 거죠? 네, 맞습니다. 개설은 반드시 본인 명의로만 가능하고, 타인 명의는 제한됩니다. 혹시 개설 후에는 바로 사용 가능한가요? 대부분은 인증 완료 후 바로 사용 가능하지만, 일부는 추가 확인이 필요할 수 있습니다. 그러면 정보 입력하다가 막히면 어떻게 해요? 그럴 땐 저장 후 다시 이어서 진행하시거나, 고객센터로 연락주시면 단계별로 안내해드리겠습니다. 명의와 개인 정보가 정확해야 개설이 지연되지 않으니 그 부분만 꼼꼼히 확인해주시면 됩니다.",0,A,6,38
normal_aug_0387,"제가 카드 한도 조회를 좀 하려고 하는데요, 해외 거래도 가능한지 같이 알고 싶어서 전화드렸어요. 카드 이용은 계속 하고 있는데, 거래 제한이 있는지 확인해주실 수 있나요? 네, 가능합니다. 본인 확인 후 카드 한도와 해외 거래 가능 여부 함께 안내드리겠습니다. 성함과 생년월일 말씀 부탁드립니다. 네, 확인됐습니다. 고객님 카드 현재 이용 한도는 남아 있고, 국내 거래는 정상 가능하십니다. 해외 거래는 별도 설정이 있어야 해서 현재는 비활성 상태입니다. 아, 그러면 해외에서 쓸려면 따로 신청해야 하는 거예요? 네, 맞습니다. 해외 거래 가능으로 변경 신청을 하시면 되고, 카드 이용 패턴에 따라 일시적으로 제한이 걸리는 경우도 있습니다. 음, 한도는 지금 얼마나 남았나요? 현재 사용 가능 한도는 약 120만 원 정도 남아 있습니다. 거래 예정 금액이 크면 미리 한도 조정도 검토하실 수 있고요. 혹시 해외 거래 가능으로 바꾸면 바로 되는 건가요? 대부분은 즉시 반영되지만, 일부는 보안 확인 후 적용됩니다. 필요하시면 카드 이용 내역도 함께 확인해드릴 수 있습니다.",0,A,7,38
normal_aug_0388,"아, 카드 한도랑 해외 거래 가능 여부를 확인하고 싶어서요. 제가 다음 달에 잠깐 외국에 가는데 거래가 될지 걱정돼서요. 네, 본인 확인부터 진행하겠습니다. 성함과 연락처 끝 네 자리 말씀해주시겠어요? 네, 확인되었습니다. 고객님 카드의 국내 이용은 문제없고, 현재 해외 거래는 제한 상태입니다. 한도는 넉넉하게 남아 있습니다. 아, 해외 거래는 지금 바로 풀 수 있나요? 네, 해외 거래 가능 설정으로 변경 신청이 가능합니다. 다만 일부 가맹점에서는 추가 승인 절차가 있을 수 있습니다. 그러면 카드 이용 자체는 계속되는 거고, 해외 거래만 따로 설정하는 거네요? 맞습니다. 카드 이용은 유지되며, 해외 거래만 별도로 활성화하는 방식입니다. 음, 제가 미리 해두면 출국하고 나서 바로 거래 가능하겠죠? 네, 보통은 가능합니다. 출국 전 미리 신청하시면 카드 거래가 현지에서 원활하게 될 수 있도록 도와드립니다. 한도도 필요하시면 함께 조정 가능하니 말씀해 주세요.",0,A,8,38
normal_aug_0389,"대출 입금 요청이 접수됐다고 들었는데, 본인 확인 통화가 필요하다고 해서 연락드렸어요. 입금은 언제 되는지, 통화 절차가 어떻게 되는지 궁금합니다. 네, 안내드리겠습니다. 우선 본인 확인을 위해 성함과 생년월일 말씀해주시겠습니까? 네, 확인되었습니다. 고객님 대출 입금 요청은 접수되어 있고, 본인 확인 통화가 완료되어야 최종 진행됩니다. 아, 그럼 통화가 끝나야 입금이 되는 거군요. 네, 맞습니다. 입금은 본인 확인이 완료된 뒤 순서대로 처리됩니다. 통화 절차에서는 신청 내용이 맞는지, 입금받을 계좌가 본인 명의인지 확인하게 됩니다. 음, 계좌 번호도 다시 확인하나요? 네, 그렇습니다. 대출 입금은 안전하게 처리해야 해서 명의와 계좌 정보 확인이 필요합니다. 요청 내용이 접수된 상태라 하더라도 통화가 완료되지 않으면 입금이 보류될 수 있습니다.",0,A,9,38
normal_aug_0390,"대출 입금 요청이 접수되었다는 문자를 받았는데요, 통화 확인이 필요하다고 해서요. 제가 지금 바로 통화해야 입금이 진행되는 건가요? 네, 본인 확인 통화가 완료되어야 입금 절차가 진행됩니다. 먼저 성함과 생년월일 확인 부탁드립니다. 네, 확인되었습니다. 고객님 요청은 접수 완료 상태고, 현재는 본인 확인 통화를 통해 입금 의사를 다시 확인하는 단계입니다. 아, 그럼 제가 계좌를 잘못 적은 건 아닌지도 확인해주시나요? 네, 통화 중에 입금 계좌와 요청 내역을 함께 확인합니다. 문제가 없으면 바로 다음 절차로 넘어갑니다. 음, 입금은 오늘 가능한가요? 본인 확인이 빠르게 끝나면 오늘 처리 가능성이 높습니다. 다만 통화가 완료되기 전에는 입금이 보류될 수 있습니다. 이해했습니다. 요청 내용과 계좌 정보를 다시 확인받으면 되는 거죠? 맞습니다. 통화 절차만 마무리되면 대출 입금 진행 여부를 바로 안내드리겠습니다.",0,A,10,38
normal_aug_0391,"아침 뉴스 봤어? 어, 진짜 놀랐어. 명의도용 사건이 또 났다더라, 그것도 평범한 사람들 이름이랑 주소를 몰래 써서. 그러니까 그런 사건은 남 얘기 같지가 않더라고. 수사도 시작됐다던데, 아직도 명의 도용이 이렇게 쉽게 되나 싶었어. 내가 보니까 가족들한테도 한 번씩 꼭 알려야겠더라, 신분증 사진 함부로 보내지 말고. 맞아, 나도 오늘 아침에 그 사건 보고 바로 비밀번호부터 바꿨어. 요즘은 작은 도용도 크게 번질 수 있다잖아. 응, 그리고 수사 결과 나오기 전까지는 괜히 링크 누르지 말고, 명의 확인 요청 오면 바로 전화로 다시 확인하는 게 낫대. 음, 진짜 조심해야겠다...",0,B,1,39
normal_aug_0392,"어제 아침 뉴스에서 본 사건 아직도 생각나. 명의도용이 그렇게 자연스럽게 섞여 들어간다니 좀 무섭더라. 나도 처음엔 그냥 흔한 사기인 줄 알았는데, 수사 들어갔다고 하니까 더 심각해 보였어. 그러게, 그런 도용 사건은 당한 사람만 속상한 게 아니라 시간도 엄청 잡아먹잖아. 맞아, 은행이든 어디든 명의 확인하라 그러면 귀찮아도 한 번 더 보는 수밖에 없겠더라. 나도 그 뉴스 보고 가족들한테 계정 비번도 공유하지 말라고 말했어. 음, 잘했다. 사건이 커지기 전에 기본적인 도용 예방 습관부터 챙겨야지.",0,B,2,39
normal_aug_0393,"아까 모르는 번호로 전화 왔는데, 수사관이라고 하더라. 어휴, 목소리부터 너무 그럴듯해서 잠깐 멈칫했어. 근데 자꾸 내 이름 얘기하면서 범죄 연루됐을 수 있다, 조사해야 한다 이러는 거야. 그래서 내가 잠깐만요 하고 끊었지. 잘했네. 그런 수사관 사칭 전화는 말만 번지르르하게 하고 사람 겁주더라. 맞아, 처음엔 내가 진짜 무슨 조사 대상인가 싶었어. 근데 생각할수록 이상해서, 정식 번호도 아니고 계속 범죄, 연루 이런 말만 반복하길래 바로 끊었어. 음, 그런 전화 오면 절대 말 길게 하면 안 되겠다. 응, 괜히 따라가다 보면 더 큰 조사 같은 걸로 속을 수 있다니까.",0,B,3,39
normal_aug_0394,"나 방금 전화 한 통 받고 완전 황당했어. 수사관이라고 하면서 내 번호가 범죄에 연루됐는지 조사해야 한대. 어? 그래서 어떻게 했는데? 내가 바로 끊었지, 더 듣고 있을 필요가 없더라. 잘했어, 그런 건 수사관이든 뭐든 먼저 확인부터 해야 해. 맞아, 근데 말투가 너무 단정해서 순간 흔들릴 뻔했어. 조사 서류가 필요하다, 범죄 기록이 어쩌고 하면서 자꾸 압박하더라고. 그런 건 다 이상한 거야. 진짜 수사라면 전화로 겁주기보다 정식 절차가 있겠지. 음, 나도 다음엔 이름만 들어도 바로 끊을 거야. 괜히 연루 얘기 나오면 더 신경 쓰이지 말고.",0,B,4,39
normal_aug_0395,"그 다큐 봤어? 불법 대포통장 개설 얘기 나온 거. 응 봤지, 생각보다 너무 체계적이라 소름이었어. 그냥 통장 하나가 아니라 여러 개를 불법으로 개설해서 넘긴다더라. 맞아, 그 과정에서 피해자들이 얼마나 곤란해지는지도 같이 나오니까 더 답답했어. 나도 처음엔 대포통장이라는 말만 들었는데, 실제로는 명의 빌려주면 안 된다는 걸 계속 강조하더라고. 그러니까, 피해자 입장에서는 자기랑 상관없는 일이 아닌데 갑자기 계좌가 엮여 버리니 큰일이지. 그 다큐 보면서 나도 모르는 사람한테 통장이나 카드 얘기 나오면 무조건 거절해야겠다 싶었어. 불법이란 말이 괜히 붙는 게 아니더라. 음, 괜히 쉽게 생각하면 안 되겠네.",0,B,5,39
normal_aug_0396,"어제 본 다큐 얘기 좀 하자. 불법 대포통장 개설이 왜 그렇게 많은지 나오는데, 진짜 답답하더라. 응, 나도 봤어. 피해자들이 자기 이름으로 계좌가 만들어진 것도 한참 뒤에야 알게 된다더라. 맞아, 그러니까 개설이 어떻게 이뤄졌는지 설명하는 장면이 더 무섭지 않았어? 응, 누가 대신 처리해 준다고 하면서 불법으로 끼워 넣는 방식이더라고. 결국 피해자만 시간 들이고 마음고생하고. 맞아, 대포통장이 단순히 금융 문제인 줄 알았는데 생활 전체가 흔들릴 수 있겠더라. 음, 앞으로는 신분증 맡기라는 말부터 조심해야겠다. 그 다큐 보고 나니 진짜 경계심 생겼어.",0,B,6,39
normal_aug_0397,"서울에서 대규모 보이스피싱 일당 검거됐대. 방금 기사 봤는데 남성 여러 명이 한꺼번에 발견됐다더라. 오, 서울에서? 응, 서울 한복판에서 그렇게 조직적으로 움직였대. 검거됐다는 소식 보니까 좀 속이 시원하긴 하더라. 맞아, 근데 그만큼 주변에 숨겨져 있던 남성 일당이 많았단 뜻 같아서 좀 섬뜩했어. 기사에 보니 현장에서 증거도 같이 발견됐다고 하더라고. 그럼 수사도 더 빨리 진행되겠네. 그러게, 이런 거 보면 서울이라고 안전한 게 아니구나 싶어. 우리도 기사 공유할 때는 출처 확인 잘해야겠다. 음, 맞아. 일단 검거 소식은 다행인데, 발견된 정황 보면 아직 끝난 건 아닐 수도 있겠다.",0,B,7,39
normal_aug_0398,"단톡방에 기사 하나 공유할게. 서울에서 보이스피싱 일당 검거됐다는 내용인데, 남성 여러 명이 발견됐다고 나오더라. 아, 그거 봤어? 응, 서울 쪽에서 조직적으로 움직였다는 게 좀 놀라웠어. 맞아, 그냥 개인 범행이 아니라 여러 남성이 역할 나눠서 했대. 검거됐다는 제목만 보면 끝난 것 같지만, 기사 읽어보니 더 깊게 수사할 게 많아 보이더라. 그러니까, 발견된 증거만 봐도 꽤 오래 준비한 느낌이었어. 음, 이런 기사 보면 나도 모르게 주변 사람들한테 바로 조심하라고 보내게 돼. 잘했어, 서울에서 터진 일이라 더 남 일 같지 않잖아. 응, 남성 몇 명이 잡혔다고 해서 다 끝난 건 아니니까 계속 주의해야지.",0,B,8,39
normal_aug_0399,"아, 오늘 회사 보안 교육 진짜 길었다. 녹취 방법이니 진술 정리니 하는데 머리 아프더라. 어, 나도 들었어. 녹취는 꼭 필요한 부분만 해야 한다고 계속 말하던데, 괜히 다 적어 두면 더 복잡해진대. 맞아, 그리고 진술 받을 때도 개인정보 섞이지 않게 하라고 하더라. 음, 근데 실무에서는 그게 말처럼 쉽냐고... 정보 하나 잘못 저장하면 나중에 압수 대상이 될 수도 있다면서 겁을 주니까 더 피곤했어. 그래도 그런 교육 없으면 더 문제겠지. 맞아, 정보 보호가 괜히 있는 게 아니긴 한데, 듣는 내내 메모만 하다가 끝난 느낌이었어. 녹취랑 진술, 압수 얘기까지 한 번에 나오니까 정신없더라.",0,B,9,39
normal_aug_0400,"회사 보안 교육에서 들은 거 아직도 생각난다. 녹취할 때도 절차 지켜야 하고, 진술 내용도 함부로 공유하면 안 된다더라. 응, 나도 그 부분 계속 들었어. 정보 관리가 제일 중요하다고 하면서, 잘못되면 관련 자료가 압수될 수도 있다고 해서 다들 조용해졌잖아. 그러니까, 평소엔 별일 아닌 것처럼 넘기던 정보도 막상 사고 나면 큰 문제가 되나 봐. 맞아, 녹취 파일 저장 위치부터 다시 확인하라고 하니까 귀찮아도 해야겠더라. 진술 적을 때도 말 바뀌지 않게 정리하라는데, 막상 현장에서는 정신이 하나도 없지. 음, 교육은 교육이고 실제 업무는 또 다르니까... 그래도 정보 보호는 진짜 조심해야겠더라.",0,B,10,39
normal_aug_0401,"음, 지난번에 신청한 대출이 승인됐다고 연락받았는데요, 이제 상환은 어떻게 하면 되는지 좀 알고 싶어서요. 네, 확인 도와드리겠습니다. 우선 고객님 대출 승인 내역 확인됐고요, 현재 자금 사용 예정일에 맞춰 첫 상환일이 잡혀 있습니다. 상환 방식은 매달 같은 날짜에 원리금이 자동으로 빠져나가는 방법이 기본이고, 원하시면 직접 납부하는 방식으로도 가능해요. 이율은 안내받은 그대로 고정 이율로 적용되고 있습니다. 아, 그럼 중간에 자금 사정이 좀 달라지면 상환일 변경도 되나요? 네, 일부 상품은 가능하십니다. 다만 대출 조건에 따라 조정 가능 여부가 달라져서, 고객님 승인 상품 기준으로 다시 확인해 드려야 합니다. 지금은 기본 상환 일정과 이율 먼저 안내드리고, 원하시면 상환표도 문자로 보내드릴게요.",0,A,1,40
normal_aug_0402,"그러니까 대출 승인된 건 확인했는데, 제가 상환을 월급날 이후로 맞추고 싶거든요. 자금 들어오는 시점이 들쭉날쭉해서요. 네, 말씀 감사합니다. 고객님 대출 승인 후 상환 시작일은 일정 범위 안에서 조정 가능한 경우가 있고, 이율은 계약 당시 안내된 기준으로 유지됩니다. 자금 흐름에 맞춰 상환일을 바꾸려면 추가 확인이 필요합니다. 아, 그럼 지금 바로 신청되는 건 아니고 확인이 먼저군요. 네, 맞습니다. 우선 승인 내역과 상환 조건을 보고 가능 여부를 확인한 뒤 안내드릴게요. 만약 조정이 되지 않더라도, 자동 상환과 수동 상환 중 어떤 방식이 맞는지 설명드릴 수 있습니다. 이율, 상환 방식, 남은 기간까지 한 번에 정리해서 말씀드리겠습니다.",0,A,2,40
normal_aug_0403,"아, 죄송합니다. 오늘 새벽에 은행 전산 쪽에 오류가 있어서 납부 접수가 조금 지연되고 있습니다. 고객님 납부 금액은 확인돼 있는데, 전산 반영이 늦어지는 상황이라 먼저 양해 부탁드립니다. 접수는 들어간 거예요? 네, 접수 자체는 됐습니다. 다만 전산 처리 순서가 밀리면서 납부 완료 표시가 바로 안 뜨고 있어요. 금액이 사라진 건 아니고, 정상 반영 전 단계라고 보시면 됩니다. 그럼 언제쯤 처리될까요? 현재는 복구 작업이 진행 중이라 순차 반영될 예정입니다. 납부 금액과 접수 내역은 보관되고 있으니 걱정하지 않으셔도 되고요, 처리되면 바로 안내가 나가게 돼 있습니다.",0,A,3,40
normal_aug_0404,"저기요, 납부를 했는데 아직 처리 안 됐다는 문자가 와서요. 전산 문제라고 들었는데 맞나요? 네, 고객님. 현재 일부 전산 장애로 납부 접수가 지연되고 있습니다. 납부 금액은 정상적으로 들어온 상태고, 접수 기록도 남아 있습니다. 다만 전산 반영이 늦어져서 완료 확인이 늦는 점 양해 부탁드립니다. 아, 그러면 제가 다시 납부할 필요는 없는 거죠? 네, 다시 하실 필요 없습니다. 금액 중복 처리되지 않도록 현재 접수 건을 우선 확인 중입니다. 전산이 복구되면 납부 상태가 자동으로 갱신될 예정이고, 필요하시면 처리 결과도 다시 알려드릴 수 있습니다.",0,A,4,40
normal_aug_0405,"비대면 계좌 개설하시려면 먼저 명의 확인이 필요합니다. 고객님 본인 명의로 개설하시는지, 그리고 입력하신 정보가 개인 정보와 일치하는지 확인해야 합니다. 아, 네. 그럼 어떤 정보를 준비하면 되나요? 신분증 촬영본, 본인 명의 휴대전화, 그리고 주소나 생년월일 같은 기본 정보가 필요합니다. 개설 과정에서 입력하신 정보가 개인 명의와 다르면 진행이 중단될 수 있어서요. 그렇군요. 정보는 제가 직접 넣는 거죠? 네, 맞습니다. 개설 화면에서 고객님 개인 정보 확인을 진행하고, 명의가 본인과 일치하는지 검증한 뒤에 계좌 개설이 완료됩니다. 도중에 헷갈리시면 다시 안내드릴 수 있습니다.",0,A,5,40
normal_aug_0406,"음, 계좌 개설을 하려고 하는데 명의 확인이 자꾸 뜨더라고요. 제가 입력한 정보가 맞는지 다시 봐야 하나요? 네, 고객님. 비대면 개설은 명의 확인 절차가 꼭 필요합니다. 입력하신 개인 정보와 실제 명의가 일치해야 정상적으로 개설이 진행돼요. 아, 그러면 가족 명의로는 못 하는 거죠? 네, 본인 명의가 아니면 개설이 어렵습니다. 안내 화면에서 요청하는 정보는 모두 개인 확인용이라서, 신분증 정보와 휴대전화 인증이 맞아야 다음 단계로 넘어갈 수 있습니다. 개설 가능 여부는 확인해 보고 이어서 도와드리겠습니다.",0,A,6,40
normal_aug_0407,"카드 한도 좀 확인하려고 전화드렸어요. 그리고 해외 거래도 가능한지 궁금해서요. 네, 고객님 카드 이용 내역과 한도 확인 도와드리겠습니다. 현재 사용 가능한 카드 한도는 남아 있고, 국내 거래는 정상 이용 가능합니다. 해외 거래는 별도 설정이 되어 있어야 가능할 수 있는데요, 지금 상태로는 해외 거래 가능 여부를 한 번 더 확인해야 합니다. 아, 그럼 해외에서 바로 쓰는 건 아닐 수도 있겠네요. 맞습니다. 카드마다 이용 조건이 달라서, 해외 거래 가능 설정이 있으면 바로 쓰실 수 있고 없으면 추가 신청이 필요합니다. 한도와 함께 거래 가능 여부를 정리해서 안내드릴게요.",0,A,7,40
normal_aug_0408,"저기, 카드 한도 조회하고 싶고요. 해외 거래도 가능하게 되어 있는지 같이 봐주실 수 있나요? 네, 가능합니다. 우선 고객님 카드 이용 한도부터 확인해 보겠습니다. 현재 한도는 일부 남아 있고, 일반 거래는 문제없이 이용 가능하십니다. 해외 거래는 카드 종류와 설정에 따라 가능 여부가 달라서, 지금 등록 상태를 확인해야 합니다. 그러면 해외는 아직 안 될 수도 있는 거네요? 네, 맞습니다. 해외 거래 가능 여부가 켜져 있어야 하고, 경우에 따라 본인 인증이나 별도 신청이 필요합니다. 카드 한도, 이용 조건, 해외 거래 가능 상태를 묶어서 안내드리겠습니다.",0,A,8,40
normal_aug_0409,"대출 입금 요청이 접수된 건 맞는데요, 본인 확인 통화가 한 번 더 필요합니다. 고객님 명의 확인이 완료되어야 대출 입금 절차를 진행할 수 있어서요. 아, 그럼 요청은 들어간 상태고 통화만 하면 되는 건가요? 네, 맞습니다. 대출 입금 요청은 접수돼 있고, 지금은 본인 확인 통화 단계입니다. 고객님 본인 확인이 되면 입금 처리 순서로 넘어가게 됩니다. 어떤 걸 확인하나요? 성함, 생년월일 일부, 그리고 신청하신 요청 내용 정도를 짧게 확인합니다. 통화가 끝나면 입금 진행 여부를 다시 안내드릴게요.",0,A,9,40
normal_aug_0410,"음, 대출 입금 요청을 넣어놨는데 아직 안 들어왔어요. 본인 확인 통화가 필요하다고 해서 전화드린 거거든요. 네, 확인 감사합니다. 현재 대출 입금 요청은 접수돼 있습니다만, 최종 입금 전 본인 확인 통화가 꼭 필요합니다. 이 절차가 완료돼야 입금 진행이 가능합니다. 아, 그럼 제가 지금 받는 통화가 그 확인용인가요? 네, 맞습니다. 고객님께서 직접 응답해 주셔야 요청 내용이 확정되고, 그 뒤에 입금 처리가 이어집니다. 잠시만 본인 확인 절차를 진행해 보겠습니다.",0,A,10,40
normal_aug_0411,"아침 뉴스 보다가 진짜 깜짝 놀랐어... 명의도용 사건이 나왔는데, 그 사람이 자기 이름으로 된 계좌나 신청 내역을 한참 뒤에야 알았대. 수사도 시작됐다더라, 근데 이런 사건은 남 일 같지가 않더라고. 그래서 너도 문자나 알림함 한 번씩 꼭 봐. 명의, 도용 이런 건 한번 당하면 되돌리기 힘들다잖아. 어, 나도 들었어. 그런 사건은 수사 길어지고 정신도 엄청 없대. 그래서 나는 요즘 비밀번호도 바꾸고, 명의 관련 알림도 켜놨어. 진짜 괜히 대충 넘기면 안 되겠더라. 맞아, 도용은 순식간인데 뒤처리는 오래 걸리니까. 너도 혹시 모르는 신청 문자 오면 바로 확인하고.",0,B,1,41
normal_aug_0412,"아침에 뉴스 틀어놨는데 명의도용 사건이 계속 나오더라. 수사 얘기도 나오고, 피해자 분이 자기 명의로 뭔가 진행된 걸 몰랐다고 해서 좀 무섭던데. 이런 사건은 진짜 조심해야겠더라. 그러니까 카드나 통신 쪽 문자 오면 그냥 넘기지 말고 봐. 음, 나도 그거 봤어. 명의 도용은 한 번 당하면 정신없고, 수사 들어가도 바로 해결이 안 된다더라. 그래서 나는 요즘 내 이름으로 된 걸 괜히 한 번씩 더 확인해. 아예 안심할 수가 없더라. 맞아, 사건이 커지면 수사도 오래 가고, 본인도 계속 확인해야 하니까. 우리 둘 다 앞으로는 좀 더 조심하자.",0,B,2,41
normal_aug_0413,"아까 모르는 번호가 와서 받았는데, 갑자기 수사관이라고 하면서 범죄 연루 가능성이 있다나 뭐라나... 듣자마자 이상해서 바로 끊었어. 진짜 황당하더라. 조사한다는 말도 막 하고, 내가 뭘 했는지 확인해야 한다고 해서 더 수상했어. 어, 그런 전화 요즘 많대. 수사관이라고 해도 바로 믿으면 안 된다더라. 범죄, 연루, 조사 이런 말로 겁주면서 개인정보 빼내려는 경우 많다던데. 나도 예전에 비슷한 전화 받아서 바로 끊었거든. 음, 그러니까. 진짜 수사관이면 저렇게 전화로 막 몰아붙이진 않겠지. 나는 조금만 이상하면 다시 확인부터 하려고. 그거 안 하면 괜히 말려들 수도 있잖아. 맞아, 나도 번호 다시 보고 공식 연락처로 확인해볼 생각이야.",0,B,3,41
normal_aug_0414,"어제 밤에 이상한 번호가 와서 받았더니 수사관이라고 하더라. 처음엔 무슨 조사인지 들어보려 했는데, 범죄 연루됐을 수 있다면서 자꾸 겁을 주는 거야. 근데 말투도 너무 급하고 질문도 이상해서 바로 끊었어. 아, 그런 전화는 진짜 조심해야 해. 수사관이라고 해도 공식 절차 없이 저렇게 말하진 않잖아. 범죄, 연루, 조사 이런 단어만 반복하면 더 수상하지. 나도 그런 경우 있었는데, 그냥 끊고 나서 검색해 보니까 비슷한 사례 엄청 많더라. 괜히 대답하다가 정보만 줄 뻔했어. 그러니까. 앞으로는 모르는 번호면 바로 받지 말고, 받아도 이상하면 바로 끊는 게 낫겠다.",0,B,4,41
normal_aug_0415,"최근에 다큐멘터리 봤는데 불법 대포통장 개설 얘기가 나오더라. 생각보다 너무 쉽게 사람들을 속여서 대포통장을 만들게 하고, 나중에 피해자들이 엄청 고생하더라고. 개설 자체는 별일 아닌 것처럼 보이는데, 결국 불법으로 이어지니까 무섭더라. 맞아, 나도 그거 봤어. 피해자들이 진짜 억울해 보이더라. 불법으로 개설된 대포통장 때문에 자기 이름까지 엮이고, 해결하는 데 시간이 엄청 걸린다던데. 그러니까 누가 명의 빌려달라거나 통장 만들어 달라 그러면 절대 안 돼. 음, 특히 돈 준다고 해도 더 위험한 거 같아. 다큐 보니까 피해자들은 잘못한 것도 없는데 계속 설명해야 하고, 서류도 내고, 마음고생이 크더라. 우리도 주변에 꼭 말해줘야겠다.",0,B,5,41
normal_aug_0416,"다큐멘터리 하나 봤는데 불법 대포통장 개설이 생각보다 심각하더라. 처음엔 그냥 통장 하나 만드는 정도인 줄 알았는데, 그게 불법으로 이어지고 피해자만 남는 구조 같았어. 대포통장 만들라고 접근하는 사람들도 참 교묘하더라. 아, 나도 봤어. 피해자들 얘기 나올 때 진짜 답답했어. 개설해 준 사람은 잠깐 편할지 몰라도 결국 다 엮이니까, 불법인 줄 알면서 하면 안 되는 거지. 그러니까 누가 부탁해도 무조건 거절해야 해. 맞아, 피해자들은 이름이 들어가니까 나중에 설명도 여러 번 해야 하고, 일상도 흔들리더라. 다큐 보면서 그냥 통장 문제로 끝나는 게 아니구나 싶었어. 우리도 조심해야지.",0,B,6,41
normal_aug_0417,"단톡방에 서울에서 대규모 보이스피싱 일당이 검거됐다는 기사 봤어? 남성 여러 명이 조직적으로 움직였는데 현장에서 증거가 발견됐대. 서울 한복판이라 더 놀랐어. 다들 아침부터 그 얘기만 하더라. 어, 나도 봤어. 검거됐다는 거 보고 좀 안심되긴 했는데, 또 이런 일당이 어디서든 생기니까 계속 조심해야겠더라. 남성 몇 명이 역할 나눠서 움직였고, 현장 발견 장면도 기사에 나오던데 꽤 조직적이었어. 그러니까 단톡방에서도 번호나 링크 함부로 누르지 말자고 얘기했어. 맞아, 서울에서 그런 일이 나와도 결국 우리한테도 연결될 수 있으니까. 발견됐다는 게 다행이지만, 검거 이후에도 비슷한 시도는 계속될 수 있대. 그래서 더 조심해야지.",0,B,7,41
normal_aug_0418,"방금 기사 공유했는데, 서울에서 보이스피싱 일당이 검거됐대. 남성 여러 명이 붙잡혔고, 현장에 있던 증거도 발견됐다고 하더라. 서울이라 그런지 더 크게 느껴졌어. 단톡방에서도 다들 놀랐던데. 아, 나도 봤어. 검거 소식은 반갑긴 한데, 이런 일당은 계속 바뀌니까 안심만 할 수는 없더라. 남성들끼리 역할 나눠서 움직였다던데 진짜 조직적이었어. 발견된 자료나 장비도 꽤 많았나 보더라. 그러니까 우리도 낯선 연락 오면 바로 답하지 말고, 의심되면 다시 확인해야 해. 맞아, 검거됐다는 기사 봐도 결국 예방이 제일 중요하니까. 서울 얘기라고 넘기면 안 되겠더라.",0,B,8,41
normal_aug_0419,"회사 보안 교육 오늘 너무 길었어. 녹취는 왜 그렇게 꼼꼼히 남겨야 하는지, 진술은 어떻게 해야 하는지 계속 듣는데 머리가 복잡하더라. 게다가 개인정보 유출되면 압수 얘기까지 나온다니까 괜히 숨 막혔어. 정보 하나 관리하는 것도 이렇게 신경 쓸 일이 많나 싶더라. 아, 나도 그 교육 들었어. 녹취할 때 표현 조심하라고 하고, 진술도 사실대로 일관되게 하라고 해서 더 긴장되더라. 압수 얘기는 솔직히 너무 무겁게 들렸어. 그런데 정보 보호가 그만큼 중요하단 뜻이겠지. 음, 맞아. 괜히 메신저에 막 적어 두는 것도 조심해야 한다고 하더라. 녹취, 진술, 정보 이런 거 하나하나가 다 연결된다고 하니까 이제 말할 때도 좀 신경 쓰게 돼.",0,B,9,41
normal_aug_0420,"오늘 보안 교육 받은 뒤로 계속 찝찝했어. 녹취는 기록 남기는 데 필요하지만, 잘못하면 진술 내용이랑 엉키고, 나중에 압수나 확인 절차까지 이어질 수 있다고 하잖아. 정보 보호도 결국 기본부터 해야 한다고 하고. 맞아, 나도 교육 들으면서 좀 답답했어. 녹취를 왜 이렇게까지 강조하나 싶었는데, 나중에 진술이 서로 다르면 문제 생길 수 있다더라. 압수 얘기까지 들으니까 괜히 더 조심해야겠고. 정보는 한번 퍼지면 끝이니까 더 그렇지. 그러니까 메모도 함부로 남기지 말고, 필요한 정보만 정확히 다루는 게 맞는 거 같아. 다음엔 교육 좀 짧았으면 좋겠다... 계속 들으니까 정신없더라.",0,B,10,41
normal_aug_0421,"음, 대출 심사 관련해서 전화드렸는데요. 네, 말씀하세요. 제가 지난주에 대출 승인이 났다고 안내를 받았거든요. 네. 그럼 이제 상환은 어떻게 하면 되는지, 그리고 이율이 어떻게 적용되는지 좀 자세히 알고 싶어서요. 네, 확인해보겠습니다. 고객님 본인 확인 먼저 잠깐 도와드려도 될까요? 네. 감사합니다. 자, 확인되셨고요. 이번 대출은 승인 후 다음 달부터 원리금 균등 방식으로 상환이 시작됩니다. 상환일은 매달 같은 날짜로 잡혀 있고, 중도에 자금 여유가 생기면 일부 상환도 가능합니다. 아, 일부 상환하면 수수료가 있나요? 네, 일정 기간 안에는 수수료가 있을 수 있어서요. 다만 고객님 대출 상품은 초기 6개월 내에는 조건이 조금 다릅니다. 이율도 그때 적용되는 우대 조건이 있고, 이후에는 기본 이율로 바뀝니다. 그러니까 처음에는 조금 낮고, 나중에 올라갈 수 있다는 거죠? 네, 맞습니다. 대출 승인 당시 안내된 이율표 기준으로 적용되고, 상환 방식에 따라 총 부담이 달라질 수 있습니다. 제가 문자로 요약 안내도 보내드릴게요. 아, 그러면 상환 날짜만 잘 맞추면 되는 거네요. 네, 맞습니다. 자금 입금 계좌랑 상환 계좌도 함께 확인해드릴까요? 네, 그게 좋겠어요.",0,A,1,42
normal_aug_0422,"네, 대출 승인 관련해서 여쭤볼 게 있는데요. 음, 말씀해 주세요. 대출은 이미 승인됐다고 들었고, 자금은 며칠 뒤에 필요하거든요. 그런데 상환 방식하고 이율이 헷갈려서요. 아, 네. 고객님 본인 확인 먼저 진행하겠습니다. 네. 확인됐습니다. 이번 대출은 승인 완료 후 실행되면 상환이 시작되고, 상환 방식은 매월 분할로 진행됩니다. 이율은 약정서에 적힌 기준이 그대로 적용되는데, 고객님처럼 중간에 자금을 일부 조정하실 경우 총 이자 부담이 달라질 수 있어요. 그러니까 대출 승인만 된 상태고, 실제 자금이 들어오면 그때부터 상환 계획이 잡히는 거죠? 네, 맞습니다. 실행일 기준으로 상환일이 계산됩니다. 만약 자동이체로 상환하시면 편하시고, 직접 입금하셔도 됩니다. 아, 상환 계좌를 따로 바꿀 수 있나요? 네, 가능은 한데 변경 접수가 필요합니다. 그리고 이율은 변동형인지 고정형인지에 따라 달라질 수 있어서요. 고객님 대출 상품은 변동 요소가 조금 있는 상품입니다. 아, 그럼 승인 받은 금액 전부를 한 번에 쓰지 않아도 상환에는 영향이 있나요? 네, 실행된 자금 기준으로 적용됩니다. 필요하시면 대출 승인 내역하고 상환 일정까지 다시 정리해서 안내드리겠습니다.",0,A,2,42
normal_aug_0423,"음, 은행 전산 관련해서 문의 주셨는데요. 네, 제가 오늘 납부를 했는데 아직 처리 완료가 안 떠서요. 금액은 분명히 보냈거든요. 네, 확인해보겠습니다. 고객님, 본인 확인 먼저 도와드릴게요. 네. 감사합니다. 현재 전산 쪽에 일시 오류가 있어서 접수는 됐는데 납부 완료 반영이 지연되고 있습니다. 아, 그럼 제가 잘못 보낸 건 아니고요? 아니요, 고객님 납부 금액 자체는 정상 접수되어 있습니다. 다만 전산 반영이 늦어져서 화면에 바로 안 보이는 상황입니다. 그럼 언제쯤 확인 가능할까요? 보통은 순차적으로 처리되는데, 오늘 안으로 반영되는 경우가 많습니다. 혹시 금액이 이중으로 빠진 건 아닌지도 같이 봐드릴 수 있나요? 네, 그 부분도 확인하겠습니다. 현재는 한 건만 접수된 걸로 보여요. 그러니까 납부는 됐는데 전산만 늦는 거죠? 네, 맞습니다. 고객님께서 따로 다시 납부하실 필요는 없습니다. 전산 복구되는 대로 상태가 바뀌고, 접수 내역도 정상으로 확인되실 거예요. 아, 다행이네요. 혹시 금액 관련해서 문자로도 안내받을 수 있을까요? 네, 가능합니다. 납부 접수 상태와 전산 지연 사유를 정리해서 문자로 보내드리겠습니다.",0,A,3,42
normal_aug_0424,"네, 은행 납부 건 때문에 전화드렸어요. 오늘 금액을 넣었는데 전산이 아직 안 끝난 것 같더라고요. 아, 확인해보겠습니다. 고객님 본인 확인 먼저 부탁드립니다. 네. 확인됐습니다. 말씀하신 건은 현재 전산 오류로 접수 후 납부 반영이 늦어지고 있습니다. 접수 자체는 정상인데, 금액 표시가 조금 늦는 상태예요. 그러면 제가 납부한 게 사라진 건 아니죠? 네, 아닙니다. 접수 내역은 남아 있고, 전산만 지연되고 있습니다. 고객님이 다시 같은 금액을 납부하실 필요는 없습니다. 아, 그럼 기다리면 되는 건가요? 네. 보통은 시간이 지나면 자동 반영되는데, 오늘 처리량이 많아서 조금 밀렸습니다. 혹시 납부한 금액이 정확히 얼마인지 다시 말씀해주실 수 있을까요? 예, ○○만 원이요. 네, 해당 금액으로 접수 확인됐습니다. 그러니까 접수는 됐고, 전산에서만 지연되는 거네요. 맞습니다. 제가 납부 확인 문서도 요청해드릴 수 있고, 완료되면 문자로 알림 드리겠습니다.",0,A,4,42
normal_aug_0425,"어, 비대면 계좌 개설 관련해서 전화 주셨군요. 네, 제가 앱으로 개설하려고 하는데 중간에 명의 확인에서 멈췄어요. 어떤 정보가 더 필요한지 궁금해서요. 네, 확인해보겠습니다. 고객님 본인 확인 먼저 진행하겠습니다. 네. 감사합니다. 비대면 계좌 개설은 명의 확인이 중요해서요, 개인 정보와 신분 확인 절차를 거치셔야 합니다. 주민등록상 정보, 휴대전화 본인 인증, 그리고 화면에 안내되는 개인 확인 질문이 필요합니다. 아, 그럼 제가 입력한 정보가 틀린 건 아니고 절차가 더 있는 거네요? 네, 맞습니다. 개설 과정 중에 명의 일치 여부를 확인해야 해서 잠시 멈출 수 있습니다. 고객님 개인 정보는 주민등록증에 적힌 정보와 같아야 하고, 공동으로 사용하는 계좌가 아니라 본인 명의여야 합니다. 그러니까 개설할 때 이름, 생년월일, 주소 같은 정보가 다 맞아야 한다는 거죠? 네. 그리고 필요하면 추가로 영상 확인이나 계좌 소유 확인도 진행될 수 있습니다. 아, 알겠습니다. 그럼 제가 다시 처음부터 해봐도 되겠네요? 네, 가능합니다. 다만 정보 입력이 틀리면 개설이 다시 막힐 수 있으니 천천히 진행해 주세요.",0,A,5,42
normal_aug_0426,"네, 비대면으로 계좌 개설하려다가 문의드렸어요. 명의 확인 단계에서 자꾸 다시 돌아가서요. 음, 확인해드리겠습니다. 우선 고객님 본인 확인부터 하겠습니다. 네. 확인됐습니다. 비대면 계좌 개설은 개인 정보가 정확히 일치해야 하고, 명의 확인을 위해 여러 단계가 필요합니다. 예를 들면 이름, 주민등록번호, 휴대전화 본인 인증이 맞아야 하고, 경우에 따라 주소 같은 정보도 확인합니다. 아, 제가 개설하려는 계좌는 제 명의가 맞는데도 왜 자꾸 막히죠? 개인정보 입력 중 일부가 기존 등록 정보와 다르면 그렇게 보일 수 있습니다. 혹시 개설 화면에서 다른 개인 정보가 자동 입력됐을 가능성도 있습니다. 그러니까 명의가 내 이름이어도 정보가 조금 다르면 다시 확인이 필요한 거군요? 네, 맞습니다. 그리고 비대면 개설은 같은 개인이더라도 기기나 인증 방식에 따라 추가 절차가 붙을 수 있습니다. 아, 그러면 고객센터에서 따로 풀어주는 건 아니고 절차를 다시 맞춰야 하는 거네요. 네, 맞습니다. 필요하시면 어떤 정보부터 다시 확인해야 하는지 순서대로 안내드릴게요.",0,A,6,42
normal_aug_0427,"아, 카드 한도 조회 때문에 연락드렸어요. 카드 이용은 계속하고 있는데 해외 거래가 가능한지 좀 알고 싶어서요. 네, 확인해보겠습니다. 고객님 본인 확인 먼저 부탁드립니다. 네. 감사합니다. 현재 고객님 카드 한도는 정상이고, 해외 거래 가능 여부는 카드 종류와 이용 설정에 따라 달라집니다. 아, 그럼 제 카드는 해외에서 바로 이용 가능한 건가요? 네, 기본적으로는 가능하지만 해외 거래 차단이 걸려 있으면 안 됩니다. 그리고 일부 카드는 해외 이용 한도가 따로 설정되어 있습니다. 그러니까 카드 한도하고 해외 거래 한도는 따로 볼 수도 있다는 거죠? 네, 맞습니다. 국내 이용 한도와 해외 거래 가능 범위가 다를 수 있습니다. 고객님 카드는 현재 해외 이용 기능이 켜져 있어서 거래 가능 상태로 보입니다. 아, 다행이네요. 그럼 제가 해외에서 결제하면 별도 승인 절차가 있나요? 경우에 따라 있습니다. 보안상 추가 인증이 필요할 수 있고, 금액이 크면 승인이 한 번 더 걸릴 수 있습니다. 카드 이용 내역은 문자로도 받아보실 수 있습니다. 네, 그러면 해외 거래 가능 여부만 유지되면 되는 거네요. 네, 맞습니다. 원하시면 한도 조정도 같이 안내드릴 수 있습니다.",0,A,7,42
normal_aug_0428,"네, 카드 한도 좀 확인하려고요. 해외 거래도 곧 할 일이 있어서 이용 가능 여부까지 같이 보고 싶습니다. 음, 본인 확인부터 진행하겠습니다. 네. 확인됐습니다. 고객님 카드 현재 이용 한도는 정상이고, 거래 가능 상태도 유지되고 있습니다. 다만 해외 거래는 카드 설정에 따라 제한이 있을 수 있어요. 아, 그러면 제 카드는 해외에서 바로 이용할 수 있는 건가요? 현재는 해외 거래 가능으로 등록되어 있습니다. 다만 일부 업종이나 국가에서는 추가 확인이 필요할 수 있습니다. 고객님이 카드 이용을 자주 안 하셨다면 안전상 알림이 더 자주 갈 수 있고요. 아, 이용 한도는 충분한데 해외 거래만 따로 볼 필요가 있겠네요. 네, 맞습니다. 그리고 해외에서 소액 결제는 바로 승인될 수 있지만, 일정 금액 이상은 한도 확인이 들어갑니다. 그러니까 카드 이용 자체는 가능하고, 거래 조건만 잘 보면 되는 거네요? 네. 필요하시면 해외 이용 한도 상향이나 차단 해제도 안내드릴 수 있습니다.",0,A,8,42
normal_aug_0429,"어, 대출 입금 요청이 들어와서 전화드렸는데요. 네, 말씀하세요. 제가 대출 입금 요청을 했는데 아직 안 들어온 것 같아서요. 확인이 안 된 건가요? 네, 접수는 되어 있는데 본인 확인 통화가 한 번 더 필요하다고 안내받았습니다. 아, 통화가 꼭 필요한가요? 네, 대출 입금은 고객님 요청 사항이라 본인 확인 절차가 있어야 진행됩니다. 고객님 본인 확인을 위해 등록된 연락처로 통화가 연결된 상태인지 확인하고 있습니다. 그러니까 제가 요청한 대출 입금 건을 처리하려면 전화로 확인해야 한다는 거죠? 네, 맞습니다. 접수된 요청 내용과 입금 계좌를 다시 확인해야 합니다. 입금 예정 금액과 계좌 정보도 안내해주실 수 있을까요? 네, 가능합니다. 다만 먼저 본인 확인 질문을 몇 가지 드리겠습니다. 확인되면 대출 입금 진행 상태를 안내드릴게요. 아, 알겠습니다. 그럼 통화 끝나고 바로 입금되는 건가요? 확인이 완료되면 순차적으로 처리됩니다. 고객님 요청이 맞는지, 그리고 입금 계좌가 본인 명의인지 확인 후 진행됩니다.",0,A,9,42
normal_aug_0430,"음, 대출 입금 요청 때문에 연락드렸어요. 요청은 넣었는데 아직 입금이 안 보여서요. 아, 그렇군요. 먼저 본인 확인 통화부터 진행해도 될까요? 네. 감사합니다. 현재 대출 입금 요청은 접수되어 있습니다. 다만 입금 전에는 본인 확인 통화가 필요해서 처리 단계가 잠시 멈춰 있습니다. 아, 제가 요청한 게 맞으면 바로 진행되는 건가요? 네, 맞습니다. 고객님 요청 건이 확인되면 입금 절차가 이어집니다. 입금 계좌도 본인 명의인지 함께 확인해야 합니다. 그러니까 대출 입금 요청이 들어와도 통화 확인이 끝나야 된다는 거죠? 네. 보안과 정확한 처리를 위해 필요합니다. 통화가 끝나면 요청 내역을 재확인하고, 가능한 시간에 맞춰 입금 진행 여부를 안내드립니다. 아, 그럼 지금 제가 해야 할 건 본인 확인만 맞죠? 네, 맞습니다. 확인되면 요청 접수 내역과 입금 예정 시간까지 안내드리겠습니다.",0,A,10,42
normal_aug_0431,"아침에 뉴스 봤는데, 진짜 깜짝 놀랐어. 명의도용 사건이 또 크게 났더라. 그냥 이름이랑 번호만 아는 줄 알았는데, 그걸로 각종 신청까지 해버렸다니까... 수사도 들어갔다고 하더라. 응, 그러니까 이런 사건은 남 일 같지가 않더라고. 너도 요즘 문자나 전화 올 때 함부로 누르지 마. 명의 같은 거 한 번 도용되면 되돌리기 너무 힘들다잖아. 나도 아침 내내 그 생각했어. 수사 결과 나오는 것도 시간이 걸릴 테고, 피해는 당한 사람이 다 떠안는 거잖아. 그러니까 진짜 조심해야 돼, 명의 관련해서는 특히.",0,B,1,43
normal_aug_0432,"나도 아침 뉴스에서 봤는데, 그 사건 좀 심하더라. 명의도용이 생각보다 쉽게 일어난다면서? 음, 그래서 수사 들어갔다고 했지. 맞아, 명의 하나만 빼가도 생활이 다 꼬일 수 있대. 나 그거 보고 바로 비밀번호 바꿨어. 어, 잘했어. 그리고 카드나 통장 관련 알림도 꼭 켜 두는 게 좋대. 사건이 커지면 수사도 오래 가고, 본인 확인 안 한 틈을 타서 도용이 이어질 수 있잖아. 그러니까 너도 이런 건 꼭 신경 써. 나도 다시 확인해 봐야겠더라.",0,B,2,43
normal_aug_0433,"방금 진짜 이상한 전화 받고 끊었어. 갑자기 자기가 수사관이라면서 내 이름이 어떤 범죄에 연루됐다고 하더라고. 처음엔 어? 했는데 말이 계속 이상해서 바로 끊었지. 아, 그런 전화 요즘 많대. 그러니까 수사관이라고 해도 바로 믿으면 안 돼. 맞아, 조사받아야 한다면서 계좌 얘기까지 꺼내길래 더 수상했어. 나도 순간 멍했는데, 생각해 보니까 너무 말이 안 되더라. 범죄 연루됐다, 조사하자, 이런 말로 사람 겁주려고 하는 거잖아. 어휴, 괜히 놀랐네. 다음엔 모르는 번호는 좀 더 조심해야겠다.",0,B,3,43
normal_aug_0434,"아까 받은 전화, 진짜 어이없었어. 수사관이라며 나한테 자꾸 묻는 거야. 누가 내 번호로 범죄에 연루됐다고 조사 중이라는데, 말투도 너무 급하고 이상했어. 음, 그런 건 거의 다 의심해야지. 그러니까 내가 이름만 듣고도 안 믿었어. 잘했어. 수사관이니까 따라오라, 조사받아라 하면서 개인정보를 캐묻는 경우 있대. 나도 그 얘기 들은 적 있는데 막상 걸리니까 당황하더라. 그래도 바로 끊은 건 다행이야. 이런 건 괜히 대화 길게 하면 더 휘말릴 수 있대.",0,B,4,43
normal_aug_0435,"어제 본 다큐멘터리 생각나더라. 불법 대포통장 개설 얘기였잖아. 처음엔 그냥 금융 이야기인 줄 알았는데, 피해자들 얘기 나오는데 너무 답답했어. 그러니까 대포통장을 만들어서 다른 사람한테 넘기는 게 그렇게 큰 피해로 이어질 줄 몰랐어. 맞아, 불법인 줄 알면서도 가볍게 보는 사람도 있겠지. 근데 결국 피해자는 아무 잘못 없는 사람들이잖아. 다큐 보면서 개설 한 번 잘못해도 나중에 책임이 엄청 크다는 거 느꼈어. 응, 피해자 입장에서는 설명하기도 힘들 것 같아. 나도 보고 나서 계좌 관리 더 신경 써야겠다고 생각했어.",0,B,5,43
normal_aug_0436,"그 다큐 봤어. 불법 대포통장 개설이 얼마나 위험한지 계속 나오더라. 나는 처음엔 대포통장이 뭔지도 좀 헷갈렸는데, 설명 들으니까 완전 심각했어. 음, 나도. 개설만 해 놓고 돈 받는 식으로 생각하는 사람이 있다는데, 그게 결국 피해자들한테 다 돌아가잖아. 맞아, 피해자들은 자기 이름으로 된 통장이 엉뚱하게 쓰였다고 하니까 너무 억울하지. 그리고 불법으로 만들어진 걸 모른 채 넘겨받아도 문제가 커지더라. 그러니까 그런 유혹 자체를 멀리해야 돼. 다큐가 괜히 나온 게 아니더라.",0,B,6,43
normal_aug_0437,"단톡에 기사 봤어? 서울에서 대규모 보이스피싱 일당 남성들이 검거됐대. 기사에선 현장에서 여러 명이 한꺼번에 발견됐다고 하더라. 와, 서울에서 또 그런 일이 있었구나. 맞아, 읽어보니까 남성 여러 명이 조직적으로 움직였대. 그러니까 이런 건 혼자 하는 게 아니라 다 연결돼 있었나 봐. 검거됐다는 소식은 다행인데, 피해 본 사람들은 이미 너무 많을 것 같아. 나도 기사 보면서 무섭더라. 발견된 증거도 많다던데, 이번엔 좀 제대로 정리되면 좋겠다. 응, 이런 기사 보면 늘 조심해야겠다는 생각부터 들어.",0,B,7,43
normal_aug_0438,"아까 인터넷 기사 봤는데, 서울에서 보이스피싱 일당 남성들이 검거됐더라. 기사 제목만 보고는 또 무슨 일인가 했는데, 내용을 보니까 현장에서 바로 발견된 정황도 많았대. 음, 서울에서 그런 일이 터지면 사람들 더 불안하겠다. 그러니까. 남성들 여러 명이 역할 나눠서 움직였다는 거 보니 꽤 조직적이더라고. 검거됐다는 건 다행인데, 아직 비슷한 일은 계속 있을 것 같아. 맞아, 기사 댓글도 다 조심하라는 말뿐이었어. 나도 보자마자 가족한테 공유했어.",0,B,8,43
normal_aug_0439,"오늘 회사 보안 교육 진짜 길었다. 녹취를 어떻게 남겨야 하는지부터 진술은 어떻게 확인해야 하는지, 정보는 어디까지 받아야 하는지 계속 설명하더라. 어휴, 듣다 보니 머리 아팠어. 그래도 녹취가 왜 중요한지는 알겠더라. 나도. 근데 너무 형식만 많아서 좀 답답했어. 진술 하나 빠지면 나중에 다시 확인하느라 더 오래 걸린다니까 또 스트레스고. 맞아, 그리고 개인정보 같은 정보는 함부로 적으면 안 된다고 계속 강조했지. 그러니까 교육 듣고 나면 오히려 일이 더 많아진 느낌이야. 그래도 안 배우는 것보단 낫겠지.",0,B,9,43
normal_aug_0440,"보안 교육 받은 거 나도 피곤하더라. 녹취할 때 뭐 하나라도 빠뜨리면 안 된다고 하고, 진술 내용도 그대로 확인하래. 음, 그리고 개인정보 정보는 저장 위치까지 신경 쓰라고 해서 좀 숨 막혔어. 맞아, 나도 그 얘기 들었어. 압수나 이런 말까지 예시로 나오니까 괜히 더 엄격하게 느껴지더라. 그러니까 업무할 때 하나하나 조심하라는 뜻이겠지. 맞긴 한데, 실무에서는 진짜 손이 많이 가. 그래도 정보 한 번 잘못 다루면 나중에 더 큰 문제 생기니까 어쩔 수 없지. 오늘은 교육 듣느라 일한 것 같은 기분이야.",0,B,10,43
normal_aug_0441,"네, 방금 대출 승인 안내받으셨다는 건이죠? 예, 맞습니다. 저도 확인해 보려고 전화드렸어요. 음, 이번 대출은 승인 완료로 보이고요, 자금은 영업일 기준으로 안내된 계좌로 들어가게 됩니다. 그러면 상환은 어떻게 하면 되나요? 네, 상환은 매월 같은 날짜에 자동이체로 하실 수도 있고, 직접 납부도 가능하세요. 이율은 처음 약정하신 기준 이율로 적용되고, 중도상환을 하시면 잔여 기간에 따라 이자가 조금 달라질 수 있습니다. 아, 그럼 제가 자금 받는 날부터 바로 상환 일정이 잡히는 건가요? 네, 자금 입금일 기준으로 상환일이 정해지고, 문자로도 한 번 더 안내가 나갑니다. 상환 방식은 원리금 균등으로 보이는데, 혹시 원금만 먼저 갚는 쪽으로 바꾸는 건 가능할까요? 네, 일부 상품은 가능하지만 별도 신청이 필요합니다. 대출 승인 후 30일 안에 변경 가능 여부를 다시 확인해 드릴게요. 그러니까 이율이랑 상환 방식은 지금 확정된 거고, 나중에 바꾸려면 다시 문의하면 되는 거죠? 맞습니다. 대출 승인 건은 그대로 유지되고, 상환 조건은 상품별로 안내해 드리겠습니다.",0,A,1,44
normal_aug_0442,"어, 방금 대출 승인 문자는 받았는데요. 그럼 자금은 언제쯤 들어오고 상환은 어떻게 되는지 궁금해서요. 네, 확인해 보겠습니다. 대출 승인 후에는 보통 다음 영업일에 자금이 입금되고요, 상환은 약정하신 날짜에 계좌에서 자동 출금됩니다. 이율은 연 몇 퍼센트로 잡혀 있나요? 현재 안내된 이율은 고정형이라서 기간 동안 동일하게 적용됩니다. 아, 고정형이군요. 그럼 상환 중에 여유가 생기면 중간에 더 넣을 수도 있나요? 네, 중도상환은 가능합니다. 다만 대출 상품에 따라 수수료가 있을 수 있어서 확인이 필요합니다. 저는 자금이 급해서 승인만 보고 기다렸는데, 상환 계획도 같이 잡아야겠네요. 그렇습니다. 대출 승인 이후에는 자금 사용 계획과 상환 일정을 함께 보시는 게 좋습니다. 혹시 상환 방식이 원금균등인지 원리금균등인지도 알려주실 수 있나요? 네, 지금 상품은 원리금균등 방식입니다. 매달 비슷한 금액으로 상환하시는 구조예요. 이율, 상환, 자금 이 세 가지는 문자로도 다시 보내드릴게요.",0,A,2,44
normal_aug_0443,"잠시만요, 전산 쪽 확인이 필요해서요. 고객님 납부 건이 접수는 되었는데 전산 반영이 조금 지연되고 있습니다. 아, 그럼 납부가 안 된 건가요? 아니요, 납부 자체는 정상 접수됐고 금액도 확인됩니다. 다만 전산 오류로 처리 상태가 바로 바뀌지 않은 상황입니다. 그러면 제가 다시 납부를 해야 하나요? 그럴 필요는 없습니다. 중복 납부가 생길 수 있어서 잠시 기다려 주시는 게 좋습니다. 금액이 얼마로 잡혀 있나요? 고객님께서 안내받으신 납부 금액과 동일하게 들어와 있고요, 접수 시간도 정상입니다. 전산 복구되면 바로 반영되나요? 네, 전산 복구 후 순차적으로 반영되고, 처리 완료되면 문자로 안내드립니다. 아, 그럼 제 기록에는 늦게 보이더라도 납부는 된 걸로 보면 되나요? 맞습니다. 납부 접수는 되어 있고, 전산만 늦어진 상태입니다. 혹시 오늘 안에 안 되면 어떻게 하나요? 오늘 중 반영이 어렵더라도 내일 재확인해서 다시 안내드리겠습니다.",0,A,3,44
normal_aug_0444,"네, 고객님 납부 건 관련해서 연락드렸습니다. 전산 점검 영향으로 접수된 금액이 아직 확정 반영되지 않았습니다. 저도 아까 이체했는데, 납부가 제대로 된 건지 걱정돼서요. 확인해 보니 접수는 정상이고 전산 반영만 지연 중입니다. 금액도 맞게 들어가 있나요? 네, 금액은 정상 확인됩니다. 전산 오류 때문에 상태 표시만 늦는 거라서요. 그럼 제가 따로 납부를 다시 할 필요는 없는 거죠? 네, 다시 하실 필요 없습니다. 중복 납부가 될 수 있습니다. 아, 알겠습니다. 접수 완료되면 문자 같은 것도 오나요? 네, 전산 반영이 끝나면 납부 완료 문자로 안내됩니다. 혹시 지금 바로 처리 안 되면 어떻게 해요? 오늘 중으로 전산 복구가 되면 자동 반영되고, 늦어질 경우에는 별도로 다시 연락드리겠습니다. 그러니까 제 금액 자체는 문제 없고, 전산 때문에만 늦는 거네요? 맞습니다. 고객님 납부 금액과 접수 내용은 이상 없습니다.",0,A,4,44
normal_aug_0445,"비대면으로 계좌 개설하려고 하는데요, 명의 확인이랑 정보 입력이 좀 헷갈려서 전화드렸어요. 네, 도와드리겠습니다. 개설 절차에서는 먼저 고객님의 명의가 본인 것인지 확인하고, 개인 정보 입력을 진행하게 됩니다. 개인 정보라면 뭐 뭐가 필요한가요? 이름, 주민등록 관련 정보, 휴대폰 번호, 그리고 본인 인증 수단이 필요합니다. 아, 그러면 명의가 제 이름으로 되어 있는 휴대폰이어야 하나요? 꼭 그렇진 않지만, 개설 과정에서 본인 확인이 가능한 정보가 있어야 합니다. 비대면 개설은 영상 확인도 하나요? 상품에 따라 다르지만, 기본적으로는 명의 확인과 정보 확인이 핵심입니다. 그럼 가족 명의로 된 계좌는 제가 대신 개설할 수는 없는 거죠? 네, 명의자 본인이 직접 진행하셔야 합니다. 개인 정보 보호 때문에 대리 개설은 어렵습니다. 알겠습니다. 그럼 개설 전에 정보 입력을 잘못하면 다시 해야 하나요? 일부 정보는 수정 가능하지만, 명의 확인 단계에서 틀리면 처음부터 다시 진행될 수 있습니다. 그러니까 명의, 개인 정보, 본인 확인 이 세 가지가 중요하다는 거네요? 맞습니다. 개설 완료 후에는 문자로 안내드리겠습니다.",0,A,5,44
normal_aug_0446,"어, 비대면 계좌 개설하려고 하는데 명의 확인이 자꾸 나오더라고요. 그게 어떤 절차인지 좀 알려주실 수 있을까요? 네, 계좌 개설 시에는 명의가 본인인지 먼저 확인하고, 개인 정보 입력이 맞는지 보는 절차가 있습니다. 정보 입력은 어떤 걸 넣어야 해요? 이름, 생년월일, 연락처, 그리고 인증번호 확인이 필요합니다. 아, 그러면 제가 쓰는 휴대폰으로만 가능한 건가요? 본인 명의가 아니어도 일부 절차는 가능하지만, 개설 과정에서 명의 확인이 안 되면 진행이 멈출 수 있습니다. 개인 정보가 틀리면 어떻게 돼요? 개설이 보류될 수 있어서 다시 확인하셔야 합니다. 그럼 개설 신청은 해도 되고, 나중에 정보만 바로잡는 건가요? 네, 다만 핵심 정보가 다르면 개설이 완료되지 않을 수 있습니다. 명의 확인이 끝나야 계좌가 열리는 거군요. 맞습니다. 개설 전에 개인 정보와 명의가 일치하는지 꼭 확인해 주세요. 그러면 다시 시도해 보고 안 되면 재문의하면 되겠네요. 네, 그렇게 하시면 됩니다.",0,A,6,44
normal_aug_0447,"고객님 카드 한도 조회 도와드릴게요. 현재 이용 가능 금액이 궁금하신 거죠? 네, 카드 이용 한도랑 해외 거래 가능 여부 같이 보고 싶어요. 확인해 보니 기본 한도는 남아 있고, 해외 거래는 별도 설정이 필요할 수 있습니다. 아, 해외 거래가 바로 되는 건 아닌가 보네요. 네, 카드에 따라 해외 이용 가능 여부가 다르고, 온라인 거래만 가능한 경우도 있습니다. 저는 여행 전에 거래 가능 여부를 꼭 확인해야 하거든요. 맞습니다. 해외에서 카드 이용을 하시려면 국제 거래 허용이 되어 있는지 보셔야 합니다. 한도는 지금 얼마나 남아 있나요? 현재 사용 후 남은 한도가 있고, 일시적으로 증액 신청도 가능합니다. 아, 그럼 카드 이용은 국내는 되고 해외는 설정 후에 되는 구조군요. 네, 그렇습니다. 거래 승인 방식도 지역에 따라 달라질 수 있습니다. 해외에서 카드가 안 되면 너무 불편하니까 미리 맞춰 두는 게 좋겠네요. 맞습니다. 필요하시면 해외 거래 가능 설정 절차도 안내드리겠습니다.",0,A,7,44
normal_aug_0448,"네, 카드 한도랑 해외 거래 가능 여부 확인해 드리겠습니다. 고객님 카드 이용은 정상인가요? 네, 국내 이용은 괜찮은데 해외 거래도 가능한지 궁금해서요. 확인해 보니 현재는 국내 거래 중심으로 설정되어 있고, 해외 이용 가능 여부는 별도 인증 후 열 수 있습니다. 그러면 카드 한도는 충분한가요? 네, 현재 한도는 일부 남아 있습니다. 다만 해외 거래는 승인 기준이 따로 있어서 바로 가능하지 않을 수 있습니다. 아, 그러면 제가 해외 결제 전에 미리 설정을 바꿔야겠네요. 맞습니다. 카드 이용을 해외로 넓히려면 본인 확인 후 거래 가능 상태로 바꾸셔야 합니다. 한도는 그대로 두고 해외만 열 수 있나요? 네, 가능합니다. 필요하시면 이용 한도와 거래 가능 국가 범위도 같이 확인해 드릴 수 있습니다. 그럼 해외 거래 가능 설정은 언제 반영되나요? 보통 본인 확인이 끝나면 바로 반영됩니다. 카드 이용, 거래 가능, 한도 이 세 가지를 오늘 안에 정리하고 싶습니다. 네, 신청해 주시면 빠르게 처리 도와드리겠습니다.",0,A,8,44
normal_aug_0449,"고객님, 대출금 입금 요청이 접수되어 있어서 안내드리려고 연락드렸습니다. 아, 입금 요청은 넣어놨는데 왜 아직 안 들어왔나요? 대출 입금은 맞게 접수됐지만, 본인 확인 통화 절차가 남아 있어서 바로 진행이 어렵습니다. 본인 확인 통화라면 제가 지금 전화받는 걸로 되는 건가요? 네, 맞습니다. 현재 통화로 본인 확인을 완료해야 입금 처리가 가능합니다. 요청 금액이랑 계좌는 접수되어 있나요? 네, 대출 요청 금액과 계좌 정보는 접수되어 있습니다. 다만 안전 절차상 본인 확인이 필요합니다. 아, 그럼 제가 신분증 정보 같은 것도 다시 말씀드려야 하나요? 일부 정보만 확인하면 되고, 민감한 정보 전체를 다시 말씀하실 필요는 없습니다. 입금은 오늘 안에 될 수 있나요? 본인 확인 통화가 끝나면 바로 입금 진행 가능합니다. 그러니까 요청은 접수됐고, 통화만 마치면 되는 거네요? 맞습니다. 대출 입금 처리 전에 본인 확인 통화가 꼭 필요합니다.",0,A,9,44
normal_aug_0450,"어, 대출 입금 요청 넣었는데 연락이 와서요. 본인 확인 통화가 필요하다고 들었거든요. 네, 맞습니다. 대출 입금 요청은 접수됐는데, 본인 확인 통화가 완료돼야 입금이 가능합니다. 지금 제가 통화하는 걸로 확인되는 건가요? 네, 우선 본인 확인 절차를 진행하겠습니다. 요청하신 대출 금액이 맞는지 확인해 볼게요. 네, 맞습니다. 입금 요청 금액은 안내받은 그대로예요. 확인됐습니다. 다만 지금 단계에서는 접수만 되어 있고, 입금은 본인 확인 이후 반영됩니다. 제가 따로 뭘 준비해야 하나요? 아니요, 간단한 통화 확인이면 됩니다. 대출, 입금, 요청 이 세 가지가 다 접수됐는지 궁금했는데요. 네, 요청은 접수됐고, 입금만 남아 있습니다. 본인 확인 통화가 끝나면 바로 처리되는 거죠? 맞습니다. 확인 완료 후 순차적으로 입금됩니다.",0,A,10,44
normal_aug_0451,"아침 뉴스 봤어? 음, 오늘 그 사건 얘기 나오는데 진짜 소름이더라. 명의 도용이 그렇게 자연스럽게 일어날 수 있다니... 나도 잠깐 멍했어. 수사도 꽤 길어질 거라던데, 이런 건 남 일 같지 않더라. 명의 도용은 한 번 당하면 되돌리기 힘들다니까, 서류나 문자 같은 거 함부로 넘기지 마. 나도 오늘부터 더 조심하려고. 사건 내용이 자세히 나와서 더 무섭더라. 수사 결과도 봐야겠지만, 일단은 명의 확인부터 습관처럼 해야겠어.",0,B,1,45
normal_aug_0452,"아까 뉴스에서 본 사건 있잖아, 그 명의 도용 건. 어, 나 그거 보면서 계속 불안하더라. 수사 들어간다는데도 이미 피해가 컸대. 명의가 한 번 도용되면 통장이나 계약까지 다 엮일 수 있다니까 너무 겁나. 그래서 나는 앞으로 모르는 링크도 안 누르려고. 사건이 생각보다 가까운 데서도 생긴다잖아. 수사 진행되는 거 보면서, 명의 도용은 진짜 생활 속 조심이 제일 중요한 것 같았어. 너도 신분증 사진 같은 거 막 보내지 말고 조심해.",0,B,2,45
normal_aug_0453,"방금 이상한 번호로 전화 왔는데, 수사관이라고 하더라. 음, 말투가 너무 그럴듯해서 순간 헷갈렸어. 그런데 자꾸 범죄 얘기하면서 연루됐을 수도 있다느니, 조사 받아야 한다느니 해서 내가 바로 끊었어. 수사관이라면서 개인 정보부터 묻는 게 말이 되나 싶더라. 범죄랑 연루됐다는 식으로 겁주길래 더 이상 들을 필요가 없었어. 조사하겠다, 협조하라 이러는데 너무 황당했어. 이런 전화는 진짜 조심해야겠다, 괜히 오래 듣고 있으면 흔들릴 것 같아.",0,B,3,45
normal_aug_0454,"야, 나 방금 수사관 사칭 전화 끊었어. 어휴, 처음엔 진짜인 줄 알았는데 말이 이상하더니 점점 범죄, 연루 이런 말만 반복하더라. 조사 중이라면서 계좌랑 주소를 확인하겠대. 누가 그런 걸 전화로 묻냐고... 수사관이면 더더욱 정식으로 해야지. 범죄에 연루됐을 수 있다고 압박하는데, 듣다 보니까 웃기지도 않더라. 조사도 아니고 그냥 겁주는 거였어. 너도 모르는 번호로 그런 얘기 나오면 바로 끊어. 나 오늘 진짜 어이없어서 한참 멍했잖아.",0,B,4,45
normal_aug_0455,"어제 다큐 봤는데 불법 대포통장 개설 얘기가 나오더라. 음, 생각보다 너무 쉽게 접근하는 식이라서 더 무섭던데? 피해자들이 나중에 자기 이름으로 된 계좌 때문에 곤란해지는 장면이 나오는데 마음이 무거웠어. 불법으로 개설된 대포통장이 이렇게 많이 쓰인다는 게 참... 다큐 보면서, 그냥 돈 조금 준다 해도 절대 하면 안 되겠더라. 피해자 입장에서는 진짜 답답하겠지. 불법 대포통장 개설은 순간의 선택으로 끝나는 게 아니니까, 친구들한테도 꼭 말해주려고.",0,B,5,45
normal_aug_0456,"나도 그 다큐 봤어. 불법 대포통장 개설하는 과정이 너무 대담해서 놀랐어. 피해자들 얘기 들으니까 진짜 남 일 같지 않더라. 대포라는 말만 들어도 이상한데, 그걸 개설해서 돌린다니... 불법인 줄 알면서도 넘어가는 사람이 있더라고. 그런데 결국 피해자만 더 힘들어지잖아. 나는 보면서, 이런 건 한 번 엮이면 풀기 어려워 보여서 더 조심해야겠다고 느꼈어. 다큐가 괜히 무겁던 게 아니야. 피해자 상황이 계속 나오니까 끝까지 보기가 좀 힘들더라.",0,B,6,45
normal_aug_0457,"단톡방에 기사 봤냐고 올렸어. 서울에서 대규모 보이스피싱 일당이 검거됐다는데, 남성 여러 명이 발견됐다는 내용이더라. 음, 서울 한복판에서 그런 일이 벌어졌다고 하니까 다들 놀라더라. 검거됐다는 소식은 다행인데, 그동안 얼마나 많은 사람이 속았을지 생각하면 좀 씁쓸했어. 남성들이 조직적으로 움직였다던데, 기사 읽으면서 대단하다는 말이 전혀 안 나오더라. 서울 기사라 더 가까이 느껴져서, 우리도 조심하자고 단톡방에 다시 적어놨어.",0,B,7,45
normal_aug_0458,"서울에서 보이스피싱 일당 검거됐다는 기사 봤어? 어, 남성들 여러 명이 발견돼서 바로 검거됐다더라. 단톡방에 공유했더니 다들 바로 확인하더라고. 서울이라 그런지 더 현실감 있었어. 남성들이 조직적으로 움직였다는 대목에서 좀 소름 돋았고... 그래도 검거돼서 다행이긴 해. 기사에 나온 발견 과정도 꽤 자세하더라. 이런 건 그냥 기사로만 볼 일이 아니라 우리도 계속 조심해야 할 것 같아. 서울 근처에서 이런 소식 나오면 더 남 얘기 같지 않잖아.",0,B,8,45
normal_aug_0459,"회사 보안 교육 듣고 왔는데, 녹취부터 진술까지 뭐 하나 편하게 넘어가는 게 없더라. 음, 정보 다루는 규정이 왜 그렇게 많은지 알겠는데, 듣는 동안 머리가 좀 아팠어. 압수 가능성까지 얘기하면서 정보 유출 조심하라고 하니까 괜히 숨 막히더라. 녹취는 꼭 필요한 경우에만 하라는데, 실무에서는 그걸 또 매번 따져야 하잖아. 진술 정리도 함부로 하면 안 되고, 정보 저장도 제한이 많고... 교육은 맞는 말인데 너무 빡빡해 보여.",0,B,9,45
normal_aug_0460,"나도 그 교육 들었어. 녹취할 때도 동의 확인부터 하라, 진술은 정확히 남겨라, 정보는 외부 반출 주의하라, 이런 얘기 계속 나오니까 진이 빠지더라. 압수 절차까지 설명하는데, 솔직히 회사에서 왜 내가 거기까지 알아야 하나 싶었어. 그래도 정보 관리가 중요하긴 하니까 듣긴 했지. 녹취 한 번 잘못 남기면 진술 해석이 꼬일 수 있다더라. 정보 보호 얘기하면서 압수 사례까지 보여주니 더 무겁게 느껴졌어. 교육은 길었는데, 결국 조심하라는 말이 핵심이더라.",0,B,10,45
normal_aug_0461,"어, 지난번에 신청한 대출이 승인됐다고 해서 연락드렸는데요, 이제 상환은 어떻게 하면 되는지, 그리고 이율은 최종적으로 얼마로 적용되는지 궁금해서요. 네, 확인해 보겠습니다. 본인 확인부터 도와드릴게요. 생년월일과 휴대폰 번호 말씀해 주시겠습니까? 네, 말씀드릴게요. 대출 승인 완료 건으로 확인되셨고, 자금은 오늘 중으로 등록하신 계좌로 입금 예정입니다. 상환은 매월 같은 날짜에 자동이체로 진행하실 수도 있고, 원하시면 앱에서 수동 상환도 가능하십니다. 아, 그럼 중간에 일부 상환도 되는 건가요? 네, 가능합니다. 다만 일부 상환 시 잔여 원금 기준으로 이율 적용 방식이 조금 달라질 수 있어서, 상환 전 화면에서 다시 안내가 나갑니다. 지금 적용된 이율은 연 몇 퍼센트로 되어 있나요? 고객님 건은 승인 시점 기준으로 연 5점 몇 퍼센트로 확인되고요, 대출 실행 후 상환 일정에 맞춰 안내문자로도 다시 보내드립니다. 음, 그럼 자금 들어오면 바로 자동상환 등록만 해두면 되는 거죠? 네, 맞습니다. 자금 입금 후 첫 상환일 전에 자동이체 등록하시면 됩니다. 혹시 상환일을 변경하거나, 대출 관련 안내를 다시 받고 싶으시면 언제든 연락 주세요.",0,A,1,46
normal_aug_0462,"아, 대출 승인 난 건 잘 받았고요. 이제 상환 방식이랑 이율을 다시 한번 듣고 싶어서 전화드렸어요. 네, 도와드리겠습니다. 우선 본인 확인 진행하겠습니다. 성함과 생년월일 부탁드립니다. 네, 확인되셨고요. 대출 승인 완료 상태로 보입니다. 자금은 실행 예정 시간에 맞춰 지급되며, 상환은 고객님께서 선택하신 방식에 따라 분할 상환 또는 만기 상환으로 진행됩니다. 그러니까 매달 내는 방식도 있고, 한 번에 갚는 방식도 있다는 거죠? 네, 맞습니다. 그리고 이율은 심사 결과와 약정 조건에 따라 확정되어 있는데, 현재 화면에는 최종 이율이 반영되어 있습니다. 아, 그 이율이 변동될 수도 있나요? 상품에 따라 변동형이면 기준에 따라 달라질 수 있고, 고정형이면 약정한 이율로 유지됩니다. 고객님 건은 안내서에 적힌 대로 적용되며, 상환 내역은 앱이나 문자로도 확인 가능합니다. 음, 자금 받기 전에 제가 따로 해야 할 건 없나요? 지금은 별도 절차 없고요, 실행 후 상환일만 잘 확인해 주시면 됩니다. 필요하시면 상환 예정표도 다시 안내드릴게요.",0,A,2,46
normal_aug_0463,"전산 쪽에서 오류가 확인돼서 고객님 납부 처리가 조금 지연되고 있습니다. 접수는 정상적으로 되었는데, 금액 반영이 늦어져서 바로 확인이 안 되는 상황입니다. 아, 그럼 제가 납부한 게 아직 안 들어간 건가요? 납부 자체는 접수되어 있는데, 전산 반영이 늦고 있습니다. 현재 담당 부서에서 확인 중이라 금액 정리가 끝나는 대로 처리될 예정입니다. 그러면 제가 다시 시도해야 하나요? 아니요, 재납부는 하지 않으셔도 됩니다. 이미 접수된 납부 건이라 중복 처리될 수 있어서요. 전산 복구가 되면 금액이 정상 반영되고, 완료되면 문자로 안내드리겠습니다. 아, 알겠습니다. 그러면 오늘 안에 처리될 가능성은 있나요? 네, 최대한 빨리 확인 중이고, 보통은 전산 복원 후 순차적으로 반영됩니다. 현재는 고객님 납부 금액이 임시 보류 상태로 보여서 접수 내역만 먼저 잡혀 있습니다. 혹시 다른 금액도 같은 방식으로 들어갔는지 궁금하시면 함께 확인해 드릴 수 있습니다.",0,A,3,46
normal_aug_0464,"여보세요, 지난달 납부한 금액이 아직 반영이 안 된 것 같아서요. 전산 문제인지 접수 상태인지 확인 부탁드려요. 네, 바로 확인해 보겠습니다. 본인 확인 위해 성함과 생년월일 말씀 부탁드립니다. 확인되셨고요. 고객님 납부 건은 접수는 완료되어 있는데, 전산 오류 때문에 금액 반영이 지연되고 있습니다. 아, 그러면 제가 낸 금액은 정상인 거죠? 네, 맞습니다. 납부 자체는 정상 접수됐고, 전산에서만 늦게 넘어가는 상황입니다. 혹시 언제쯤 처리될까요? 현재 담당 팀에서 금액 대사 중이라, 오늘 중으로 반영될 가능성이 높습니다. 만약 늦어지면 다시 연락드리겠습니다. 전산 복구가 끝나기 전에는 별도로 납부를 다시 하실 필요는 없습니다. 아, 다행이네요. 그럼 접수 번호 같은 것도 받을 수 있나요? 네, 접수 번호 문자로 보내드릴 수 있고, 납부 내역 확인되면 함께 안내드리겠습니다.",0,A,4,46
normal_aug_0465,"비대면 계좌 개설하려고 하는데요, 명의 확인이랑 필요한 정보가 어떤 건지 자세히 알고 싶어요. 네, 안내드리겠습니다. 먼저 개설하실 계좌의 명의가 본인 명의인지 확인이 필요합니다. 본인 명의가 맞으시면 신분증 정보와 추가 개인 정보 확인 절차가 진행됩니다. 아, 그러면 개인 정보는 어떤 걸 말하는 거예요? 생년월일, 연락처, 주소 같은 기본 정보입니다. 그리고 개설 과정에서 휴대폰 인증도 필요할 수 있습니다. 음, 가족 명의로는 개설이 안 되나요? 네, 비대면 개설은 원칙적으로 본인 명의로만 가능하고요, 타인 명의나 대리 개설은 제한됩니다. 개인 확인이 끝나면 계좌 개설 신청이 접수되고, 심사 후 사용 가능 여부가 안내됩니다. 그럼 정보 입력은 제가 직접 해야 하는 거죠? 네, 맞습니다. 고객님이 직접 입력하셔야 하고, 명의와 일치하는 정보인지도 확인됩니다. 개설 완료 후에는 계좌번호가 바로 발급되며, 안내 문자가 발송됩니다.",0,A,5,46
normal_aug_0466,"저, 계좌 개설하려고 하는데 명의 확인 절차가 좀 헷갈려서요. 필요한 정보가 정확히 뭐뭐인지 알려주실 수 있나요? 네, 물론입니다. 비대면 개설은 명의 확인이 우선이고요, 고객님 개인 정보로 본인 인증을 하게 됩니다. 생년월일, 휴대폰 번호, 신분증 정보가 기본입니다. 아, 그러면 주소 같은 정보도 들어가나요? 네, 개설 화면에서 추가로 주소나 직업 정보가 요청될 수 있습니다. 고객님 개인 명의가 맞는지 확인된 뒤에 계좌 개설이 진행됩니다. 만약 정보가 조금이라도 다르면 어떻게 돼요? 그 경우에는 개설이 보류되거나 추가 확인이 필요할 수 있습니다. 그러니까 입력한 정보가 본인과 일치해야 한다는 거네요. 네, 맞습니다. 명의가 일치해야 하고, 정보도 개인 확인 기준에 맞아야 합니다. 절차 끝나면 계좌는 바로 사용 가능한가요? 네, 정상 완료되면 사용 가능하며, 문자로 개설 결과를 보내드립니다.",0,A,6,46
normal_aug_0467,"카드 한도 조회 좀 하려고요. 그리고 해외 거래도 가능 여부가 궁금해서 전화드렸습니다. 네, 확인 도와드리겠습니다. 본인 확인 먼저 진행하겠습니다. 성함과 카드 뒷면 숫자 일부 말씀 부탁드립니다. 확인됐습니다. 고객님 카드 현재 이용 한도는 조회 가능하고, 국내 거래는 정상 사용 중이십니다. 해외 거래 가능 여부는 카드 종류와 별도 설정에 따라 달라지는데요, 현재는 해외 이용 제한이 걸려 있는 상태로 보입니다. 아, 그럼 해외 결제는 아예 안 되는 건가요? 지금은 제한 상태라 바로 거래는 어렵고, 해외 이용 등록을 하시면 가능할 수 있습니다. 카드 한도는 어느 정도 남아 있나요? 남은 이용 한도는 화면에 표시된 금액으로 확인되며, 최근 거래 내역 반영 후 다시 달라질 수 있습니다. 음, 그럼 해외 이용 등록만 하면 되는 거죠? 네, 등록 후에는 해외 온라인 거래나 해외 매장에서의 사용이 가능해질 수 있습니다. 다만 일부 국가나 가맹점은 별도 승인 절차가 있을 수 있습니다.",0,A,7,46
normal_aug_0468,"여보세요, 카드 한도랑 해외에서 이용 가능한지 좀 확인하고 싶어요. 네, 도와드리겠습니다. 우선 본인 확인부터 하겠습니다. 생년월일이랑 휴대폰 번호 말씀해 주시겠어요? 네, 확인되셨고요. 고객님 카드의 이용 한도는 남아 있는 금액 기준으로 조회 가능합니다. 그리고 해외 거래는 현재 설정 상태에 따라 가능 여부가 달라집니다. 아, 해외 거래가 안 될 수도 있다는 거죠? 네, 맞습니다. 카드가 해외 이용 차단으로 되어 있으면 거래가 막힐 수 있습니다. 그럼 제가 따로 신청해야 하나요? 필요하시면 해외 이용 가능 설정을 도와드릴 수 있습니다. 한도는 그대로 두고 해외 거래만 열 수 있나요? 네, 가능합니다. 카드 이용 한도와 해외 거래 설정은 별도로 볼 수 있습니다. 설정 변경 후에는 바로 가능할 수도 있고, 일부는 반영 시간이 조금 걸릴 수 있습니다. 아, 그럼 오늘 해외 결제할 수도 있겠네요? 네, 설정이 완료되면 가능합니다. 원하시면 지금 바로 확인 이어서 도와드리겠습니다.",0,A,8,46
normal_aug_0469,"대출 입금 요청이 들어와서요, 그런데 본인 확인 통화가 먼저 필요하다고 해서 연락드렸습니다. 네, 확인해 드리겠습니다. 우선 대출 입금 요청 접수 여부부터 보겠습니다. 성함과 생년월일 말씀 부탁드립니다. 본인 확인이 되셨고요. 현재 대출 입금 요청은 접수된 상태입니다. 다만 입금 진행 전에는 반드시 본인 확인 통화가 한 번 더 필요합니다. 아, 그러면 제가 지금 받는 이 전화가 그 확인인가요? 네, 맞습니다. 이 통화로 요청자 본인 여부를 확인해야 입금 절차가 이어집니다. 대출 입금은 언제쯤 되는 건가요? 본인 확인 완료 후 순서대로 진행되며, 영업시간 안이면 비교적 빠르게 처리됩니다. 요청 내용과 입금 계좌도 다시 확인이 필요합니다. 그러니까 통화가 끝나야 입금이 진행된다는 거네요. 네, 맞습니다. 통화 확인이 완료되어야 입금 요청이 최종 반영됩니다. 필요하시면 입금 예정 안내도 문자로 보내드릴 수 있습니다.",0,A,9,46
normal_aug_0470,"아, 대출 입금 요청 넣어놨는데요, 본인 확인 통화가 따로 필요하다고 해서 전화드렸어요. 네, 잘 전화 주셨습니다. 우선 요청 내역 확인하고 본인 확인 진행하겠습니다. 성함과 휴대폰 번호 말씀해 주시겠습니까? 네, 확인됐습니다. 대출 입금 요청은 접수되어 있고, 현재는 본인 확인 통화 절차만 남아 있습니다. 그 절차가 꼭 필요한가요? 네, 입금은 민감한 부분이라 요청자 본인인지 통화로 확인해야 합니다. 아, 그럼 통화가 되면 바로 입금되는 건가요? 본인 확인이 완료되면 입금 진행 가능하고, 내부 확인 순서에 따라 반영됩니다. 혹시 제가 따로 준비할 정보가 있나요? 요청하신 대출 정보와 입금받을 계좌 정보가 다시 필요할 수 있습니다. 음, 알겠습니다. 그럼 지금 확인 끝나면 바로 진행해주세요. 네, 확인 마무리되는 대로 입금 절차 이어서 도와드리겠습니다.",0,A,10,46
normal_aug_0471,"아침에 뉴스 보다가 진짜 깜짝 놀랐어. 어떤 사건인데, 남의 명의를 도용해서 여기저기 계정을 만들고 돈까지 건드렸대. 그냥 이름만 빌리는 수준이 아니고, 명의 도용이 생각보다 너무 쉽게 일어나더라. 수사도 시작됐다고 하던데, 이런 사건은 남 일 같지가 않더라구. 너도 요즘 문자 오면 바로 누르지 말고, 명의나 계정 관련 안내면 꼭 한 번 더 확인해. 나도 오늘부터 더 조심하려고. 사건이 커지면 수사도 오래 걸릴 수 있다던데, 진짜 명의 도용은 한 번 당하면 너무 골치 아프잖아.",0,B,1,47
normal_aug_0472,"나 아까 아침 뉴스에서 봤는데, 명의 도용 사건이 또 나왔대. 누가 내 정보로 뭘 해버리면 어쩌나 싶어서 좀 소름 돋더라. 수사 들어갔다고는 하는데, 이런 사건은 이미 피해가 난 다음이라 더 불안한 것 같아. 그래서 말인데, 너도 신분증 사진이나 이런 거 함부로 안 보내는 게 좋겠다. 명의가 한 번 도용되면 진짜 번거롭대. 수사 결과가 나오더라도 시간 걸리니까, 평소에 조심하는 수밖에 없나 봐.",0,B,2,47
normal_aug_0473,"아까 모르는 번호로 전화 왔는데, 자기가 수사관이라면서 내 이름이 어떤 범죄 조사에 연루됐다고 하더라. 순간 너무 황당해서 바로 끊었어. 아니, 수사관이면 그렇게 전화로 툭 던지듯 말하나 싶고, 조사받으러 오라느니 뭐니 계속 그러길래 더 이상 들을 것도 없더라. 범죄 연루 같은 말 꺼내는 순간 이상하다고 느꼈어야 했는데, 목소리가 너무 멀쩡해서 잠깐 헷갈렸거든. 이런 조사는 절대 전화로 안 한다고 하니까, 너도 비슷한 거 오면 바로 끊어.",0,B,3,47
normal_aug_0474,"방금 수사관이라고 하는 사람이 전화했는데, 완전 이상했어. 내 번호를 어디서 봤는지, 내가 어떤 범죄에 연루됐는지 조사 중이라고 하길래, 어이가 없어서 그냥 끊었지 뭐야. 수사관이라면 이름부터 기관까지 분명해야 하는데, 물어볼수록 말이 바뀌더라. 범죄, 조사, 연루 이런 단어만 계속 반복하고. 나중에 생각해 보니까 너무 수상했어. 혹시라도 비슷한 전화 오면, 괜히 답하지 말고 바로 끊는 게 맞는 것 같아.",0,B,4,47
normal_aug_0475,"어제 다큐 봤는데, 불법으로 대포 통장을 개설하는 얘기가 나오더라. 처음엔 그냥 돈 문제인 줄 알았는데, 피해자들 얘기 들으니까 진짜 심각하더라고. 누군가는 자기도 모르게 통장이 쓰여서 피해자가 되고, 누군가는 불법 행위에 휘말리고... 대포 통장 개설이 그렇게 쉽게 되는 줄 몰랐어. 다큐 내내 마음이 무거웠다. 피해자들이 나중에 해명하느라 얼마나 고생하는지 보니까, 진짜 조심해야겠더라.",0,B,5,47
normal_aug_0476,"어제 본 다큐가 계속 생각나. 불법 대포 통장 개설이 주제였는데, 그게 그냥 서류 몇 장으로 끝나는 문제가 아니더라. 피해자들은 자기 이름이 엉뚱한 데 쓰여서 한참 동안 설명해야 하고, 대포 통장이라는 말 자체가 괜히 무섭게 들렸어. 불법으로 개설된 통장이 얼마나 많은 피해를 만드는지 보니까, 주변에도 조심하라고 말하고 싶더라. 나도 괜히 의심스러운 아르바이트나 명의 요구는 절대 안 하려고.",0,B,6,47
normal_aug_0477,"서울에서 보이스피싱 일당 남성들이 검거됐다는 기사 봤어? 단톡방에 바로 올렸더니 다들 놀라더라. 서울 한복판에서 그렇게 크게 움직이다가 검거됐다니까 좀 통쾌하긴 했어. 기사 보니까 남성 여러 명이 팀으로 움직였고, 현장에서도 증거가 발견됐대. 이런 건 빨리 검거돼서 다행이야. 서울 쪽이라 더 시끄러웠던 모양인데, 다들 기사 한 번씩 읽어봐도 좋겠더라.",0,B,7,47
normal_aug_0478,"단톡방에 방금 기사 올렸는데, 서울에서 보이스피싱 일당 남성들이 검거됐대. 읽어보니까 현장에서 장비도 발견됐다고 하고, 조직적으로 움직인 흔적도 있더라. 서울에서 이런 일이 또 있었다고 하니까 다들 조심해야겠다 싶었어. 남성들이 여러 명이라 더 조직적이었는지, 검거 과정도 꽤 길었다고 하더라. 기사 제목만 보면 그냥 넘길 뻔했는데, 내용 보니까 꽤 중요한 발견이 있었어.",0,B,8,47
normal_aug_0479,"회사 보안 교육 또 들었잖아. 녹취할 때는 상대 동의부터 확인하라는데, 그 부분이 제일 신경 쓰이더라. 진술 내용도 함부로 저장하지 말고, 개인정보 들어간 정보는 따로 관리하래. 듣는 내내 머리 아팠어. 압수 같은 말까지 나오니까 분위기가 너무 무거웠고. 결국 정보가 새면 다 문제가 되니까 조심하라는 거겠지. 근데 현업에서 그걸 매번 어떻게 다 챙기냐고, 좀 답답하더라.",0,B,9,47
normal_aug_0480,"오늘 보안 교육에서 녹취, 진술, 정보 얘기만 한참 들었어. 어휴, 녹취 하나도 그냥 하면 안 되고, 진술 내용에 개인정보 있으면 바로 나눠서 보관하래. 잘못되면 압수까지 이어질 수 있다는 말 듣고 괜히 등골이 서늘하더라. 정보 보호가 중요하다는 건 알겠는데, 실무에서는 체크할 게 너무 많아. 녹취 파일 하나 남기는 것도 조심해야 하고, 진술 메모도 함부로 공유하면 안 된대. 듣고 나니까 오히려 더 정신없었어.",0,B,10,47
normal_aug_0481,"네, 대출 심사 결과 안내 때문에 연락드렸습니다. 고객님 성함이랑 생년월일 한 번 확인해도 될까요? 어, 네. 말씀드리면 되죠? 네, 맞습니다. 확인됐습니다. 이번 대출은 승인 완료되셨고요, 자금은 평일 기준으로 지정 계좌로 입금되겠습니다. 상환 방식은 원리금 균등으로 진행되는데, 매달 같은 금액으로 상환하시는 구조예요. 아, 그러면 이율은 어떻게 잡히나요? 네, 현재 적용 이율은 안내드린 범위 내에서 확정되었고, 고객님 조건에 따라 약간 달라질 수는 있습니다. 그런데 중간에 여유 자금이 생기면 추가 상환도 가능한가요? 네, 가능하십니다. 다만 일부 상품은 중도 상환 수수료가 있을 수 있어서, 상환 전에 한 번 더 확인하시는 게 좋습니다. 음, 그럼 제가 매달 얼마씩 나가는지 다시 정리해 주실 수 있나요? 네. 월 상환금은 대략 이 정도로 보시면 되고, 자세한 내역은 문자로도 보내드리겠습니다. 대출 승인 내역, 자금 입금 시점, 상환 방법까지 함께 안내드릴게요. 아, 그럼 문자 받고 다시 보면 되겠네요. 네, 맞습니다. 혹시 상환일 변경이나 자동이체 설정도 필요하시면 같이 도와드리겠습니다.",0,A,1,48
normal_aug_0482,"네, 이번에 대출 승인된 건 확인되셨고요, 상환 방식 설명드리려고 전화드렸습니다. 본인 확인 위해 등록된 연락처 맞는지 한 번 말씀해 주시겠어요? 아, 네. 지금 받는 번호 맞습니다. 감사합니다. 고객님 대출은 승인 완료됐고, 자금은 오늘 접수 기준으로 순차 입금 예정입니다. 상환은 매월 같은 날짜에 빠져나가게 되는데, 이율은 고정형으로 적용되어 있습니다. 그러니까 처음 안내받으신 금리대로 가는 거죠? 네, 그렇습니다. 다만 약정 조건에 따라 상환 금액 일부 조정이 있을 수는 있습니다. 아, 중간에 돈이 좀 생기면 더 갚는 것도 되나요? 네, 추가 상환은 가능하시고, 상환 계획 조정도 상담 가능합니다. 지금 고객님께서 확인하실 부분은 대출 약정서, 승인 문자, 그리고 상환 시작일입니다. 음, 약정서는 따로 보관하면 되겠네요. 네, 맞습니다. 자금이 들어오면 문자로 다시 알려드리고, 상환일 전에도 한 번 더 안내드립니다. 혹시 자동이체로 하실지, 아니면 직접 납부하실지도 결정해 주시면 됩니다.",0,A,2,48
normal_aug_0483,"고객님, 은행 전산 점검 중이라 납부 처리가 조금 지연되고 있습니다. 접수는 이미 완료됐는데, 전산 반영이 늦어져서 바로 확인이 안 되고 있어요. 아, 그럼 제가 납부를 못 한 건가요? 아니요, 납부 자체는 정상 접수됐습니다. 다만 전산 오류 때문에 금액 반영이 늦는 상황입니다. 혹시 제가 다시 넣어야 하나요? 아니요, 재납부하실 필요는 없습니다. 같은 금액으로 이중 납부되면 더 복잡해질 수 있어서요. 음, 그럼 언제쯤 확인이 되나요? 현재는 전산 복구 작업 중이고, 복구되는 대로 납부 내역이 순차적으로 반영됩니다. 고객님께서 보내신 금액과 접수 시간은 모두 남아 있습니다. 아, 다행이네요. 네. 혹시 납부 확인 문자는 아직 못 받으셨을 텐데, 전산 처리 완료되면 자동 발송될 예정입니다. 접수는 유지되고 있으니 걱정하지 않으셔도 됩니다. 전산 문제로 지연되는 부분이라 저희 쪽에서도 계속 확인하고 있습니다. 그럼 제가 따로 할 건 없고 기다리면 되는 거죠? 네, 맞습니다. 납부 금액, 접수 상태, 전산 반영 여부까지 다시 확인되면 바로 안내드리겠습니다.",0,A,3,48
normal_aug_0484,"네, 은행 전산 쪽에서 오류가 있어 납부 처리 반영이 지연되고 있습니다. 고객님 건은 접수는 되어 있는데, 금액이 아직 시스템상 완료로 넘어가지 않았습니다. 어, 그럼 제 납부가 실패한 건 아니죠? 네, 실패는 아니고요. 전산 반영이 늦는 상황입니다. 고객님이 납부하신 금액은 정상 접수된 것으로 확인됩니다. 아, 그러면 기다려야겠네요. 네, 맞습니다. 혹시 같은 금액으로 다시 납부하지는 말아 주셔야 합니다. 전산 복구 전에 중복 납부가 되면 확인 시간이 더 걸릴 수 있습니다. 음, 알겠습니다. 그럼 접수 번호 같은 거는 따로 있나요? 네, 접수 번호가 남아 있고, 그 번호로 전산 처리 진행 여부를 계속 추적하고 있습니다. 납부 내역, 금액, 접수 상태는 모두 기록되어 있습니다. 고객님께서는 추가 조치 없이 기다려 주시면 됩니다. 전산 복구가 끝나면 문자로 다시 알려드리겠습니다.",0,A,4,48
normal_aug_0485,"비대면 계좌 개설 절차 안내드리겠습니다. 먼저 명의 확인을 위해 고객님 성함과 생년월일 말씀 부탁드립니다. 어, 네. 이름이랑 생년월일 말씀드리면 되죠? 네, 맞습니다. 확인 후에는 개설에 필요한 개인 정보 몇 가지를 안내드릴 텐데요. 주민등록상 주소, 연락처, 직업 정보가 필요합니다. 아, 그런 정보도 들어가네요. 네, 계좌 개설은 본인 명의 확인이 중요해서 개인 정보 확인 절차가 꼭 필요합니다. 혹시 휴대폰 본인 인증은 가능하실까요? 네, 가능합니다. 좋습니다. 인증이 끝나면 개설 신청이 접수되고, 약관 동의와 계좌 이용 목적 확인도 진행됩니다. 음, 제 명의로만 개설되는 거죠? 네, 맞습니다. 타인 명의로는 개설이 안 되고, 고객님 개인 명의로만 진행됩니다. 정보 확인이 완료되면 바로 계좌 개설 결과를 안내드리겠습니다. 중간에 헷갈리시면 제가 다시 설명드릴게요.",0,A,5,48
normal_aug_0486,"네, 비대면 계좌 개설 관련해서 본인 확인 절차 안내드리겠습니다. 고객님 명의로 개설하시는 게 맞는지부터 확인해야 합니다. 아, 네. 제 명의로 하려고 합니다. 감사합니다. 그럼 개설에 필요한 정보는 이름, 생년월일, 주소처럼 개인 정보가 포함됩니다. 또 계좌 사용 목적과 연락처도 필요하고요. 음, 생각보다 확인할 게 많네요. 네, 개인 명의 계좌는 보안 때문에 절차가 조금 더 있습니다. 개설 과정에서 정보 입력 후 본인 인증을 하시고, 최종적으로 약관 동의를 해 주시면 됩니다. 혹시 가족 명의로 된 휴대폰으로도 가능한가요? 아니요, 인증은 고객님 명의와 일치하는 정보가 있어야 더 원활합니다. 개설은 고객님 개인 명의로만 진행되니까 그 부분이 중요합니다. 아, 알겠습니다. 그럼 정보만 입력하면 되는 건가요? 네, 입력된 정보와 실제 명의가 일치하는지 확인한 뒤 개설이 완료됩니다. 완료되면 문자로 안내드리겠습니다.",0,A,6,48
normal_aug_0487,"고객님 카드 한도 조회와 해외 거래 가능 여부 안내드리겠습니다. 본인 확인을 위해 카드 뒷면 서명과 등록 정보 중 하나를 확인해도 될까요? 어, 네. 확인해주세요. 네, 조회해 보니 현재 카드 이용 한도는 정상이고, 국내 이용도 문제없습니다. 해외 거래는 별도 설정이 되어 있어야 가능할 수 있는데, 고객님 카드는 기본 차단 상태로 확인됩니다. 아, 그러면 해외에서는 못 쓰는 건가요? 네, 지금 상태로는 일부 해외 거래가 제한됩니다. 다만 본인 확인 후 해외 이용 가능 여부를 열어드릴 수 있습니다. 음, 그럼 바로 설정도 되나요? 네, 가능합니다. 고객님이 원하시면 해외 거래 가능 상태로 변경 신청 도와드릴 수 있습니다. 카드 한도도 함께 확인해 드리면, 월 이용 가능 금액이 어느 정도인지 안내됩니다. 아, 그럼 다음 달 여행 전에 미리 해두는 게 좋겠네요. 네, 맞습니다. 카드 이용, 거래 가능 여부, 한도 조회까지 한 번에 보실 수 있습니다. 원하시면 지금 바로 진행해 드리겠습니다.",0,A,7,48
normal_aug_0488,"네, 카드 관련해서 한도랑 해외 거래 가능 여부 확인 도와드리겠습니다. 우선 카드 번호 일부와 본인 확인 정보가 필요합니다. 아, 네. 말씀드릴게요. 확인되었습니다. 현재 카드 이용 한도는 남아 있고, 국내 거래는 정상적으로 가능하십니다. 다만 해외 이용은 기본적으로 잠금 상태로 되어 있습니다. 어, 해외 거래는 안 되는 상태군요. 네, 지금은 그렇습니다. 해외에서 카드 사용이 가능하도록 바꾸시려면 별도 신청이 필요합니다. 고객님 카드가 장기간 이용되지 않았던 내역이 있어서 자동으로 제한됐을 수도 있습니다. 음, 그럼 한도 자체는 괜찮은 거죠? 네, 한도는 문제없고, 거래 가능 여부만 따로 설정하시면 됩니다. 해외 이용 설정을 원하시면 바로 접수해 드릴 수 있습니다. 아, 네. 여행 가기 전에 해두고 싶어요. 좋습니다. 카드 이용 상태, 한도 조회, 해외 거래 가능 여부까지 정리해서 안내드리겠습니다.",0,A,8,48
normal_aug_0489,"네, 대출 입금 요청이 접수되어서 연락드렸습니다. 다만 본인 확인 통화 절차가 한 번 필요합니다. 고객님 명의 맞는지 먼저 확인해도 될까요? 어, 네. 본인 맞습니다. 감사합니다. 현재 대출 입금 요청은 접수된 상태고, 입금 진행 전에 통화로 본인 확인이 필요합니다. 이유는 요청 내용이 고객님 본인 의사인지 확인해야 해서입니다. 아, 그럼 제가 따로 서류를 다시 내야 하나요? 서류는 추가로 필요하지 않고, 이번 통화로 확인 절차를 진행하면 됩니다. 대출 금액과 입금 계좌도 다시 한 번 말씀드려야 하는데요. 네, 말씀해주세요. 좋습니다. 고객님 요청하신 입금 건은 확인 후 순차적으로 처리됩니다. 본인 확인 통화가 끝나면 입금 일정이 더 정확히 안내됩니다. 음, 알겠습니다. 그럼 지금 통화로 처리되는 거네요? 네, 맞습니다. 통화 완료 후 대출 입금 요청 건이 최종 확인됩니다. 혹시 계좌 변경 사항이 있으면 지금 말씀해 주셔야 합니다. 없으시면 바로 다음 절차로 넘어가겠습니다.",0,A,9,48
normal_aug_0490,"고객님, 대출 입금 요청이 들어와 있어서 본인 확인 통화를 드렸습니다. 먼저 성함 확인 부탁드립니다. 어, 네. 제 이름 맞습니다. 네, 확인됐습니다. 현재 대출 입금 요청은 접수 완료 상태인데, 입금 전에 본인 확인 통화가 반드시 필요합니다. 고객님께서 직접 요청하신 건 맞는지 확인하는 절차입니다. 아, 네. 제가 요청한 거 맞습니다. 감사합니다. 그러면 요청 내용과 입금 계좌를 다시 한 번 확인하겠습니다. 대출 입금은 확인 후 처리되고, 이후 문자로 안내드립니다. 음, 그럼 오늘 바로 들어오나요? 절차상 확인이 끝나면 가능한 빠르게 처리되지만, 시간대에 따라 달라질 수 있습니다. 본인 확인 통화가 끝나야 요청 상태가 확정됩니다. 고객님께서 계좌 정보를 말씀해 주시면 입금 진행에 문제가 없는지 살펴보겠습니다. 아, 알겠습니다. 계좌는 그대로입니다. 네, 확인했습니다. 대출 입금 요청 건은 정상 접수되어 있고, 통화 확인 후 진행하겠습니다.",0,A,10,48
normal_aug_0491,"아침 뉴스 봤어? 아니, 방금 들었는데 명의 도용 사건이 또 났대. 음, 진짜 조심해야겠더라. 이름이랑 주민번호 같은 거 조금만 새면 바로 수사 들어간다잖아. 그러니까 괜히 문자로 온 링크 누르지 말고, 계좌나 카드 정보도 함부로 안 적는 게 맞대. 나도 아침에 듣고 좀 소름 돋았어. 명의 도용은 남 일 같지가 않더라. 그 사건이 생각보다 커서 수사도 오래 간대. 어, 그러니까 너도 예전에 썼던 사이트 비밀번호 한번 바꿔 봐. 맞아, 그런 사소한 거부터 챙겨야 되나 봐.",0,B,1,49
normal_aug_0492,"뉴스에서 그 사건 봤구나? 나도 얼핏 봤는데, 아 정말 무섭더라. 명의 도용 같은 건 한번 당하면 복구가 힘들다던데. 수사도 복잡하고, 본인 명의로 된 게 여기저기 엮이면 피곤하잖아. 그러니까 나는 요즘 모르는 앱은 안 깔아. 어, 그리고 우편함도 자주 확인하고. 나도 이번에 명의 관련 문자 오면 바로 확인하려고 해. 괜히 방심했다가 사건 크게 번질 수 있대. 수사 얘기 나오니까 더 조심해야겠다는 생각 들더라.",0,B,2,49
normal_aug_0493,"야, 나 방금 이상한 번호로 전화 왔는데 수사관이라고 하더라. 어찌나 당당한지, 내가 진짜 순간 멈칫했어. 근데 말이 자꾸 이상해서 바로 끊었지. 범죄 연루됐다고 하길래 더 웃겼어, 내가 무슨 조사 받을 일이 있다고. 그러니까 요즘 그런 전화 진짜 많다더라. 나도 잠깐은 놀랐는데, 수사관이면 이렇게 대충 말 안 하겠지 싶었어. 어, 이름도 대충 말하고 번호도 이상했어. 진짜 황당해서 지금까지 기분이 좀 묘해.",0,B,3,49
normal_aug_0494,"아까 그 전화 나도 비슷하게 받아 봤어? 아니, 너도? 그러면 완전 같은 유형인가 보다. 수사관이 어쩌고 하면서 범죄 조사한다고 하길래, 내가 무슨 연루가 됐냐고 물으니까 말이 흐려지더라. 결국 끊었어. 어, 그런 건 바로 끊는 게 맞지. 조사할 거면 공식 절차가 있을 텐데 너무 급하게 몰아붙였어. 나도 듣고 바로 수상하다고 느꼈어. 괜히 겁주면서 연루 얘기 꺼내는 거 진짜 별로야. 앞으로 그런 전화 오면 이름부터 다시 묻고, 좀 이상하면 바로 끊으려고.",0,B,4,49
normal_aug_0495,"어제 다큐 봤는데 불법 대포통장 개설 얘기 나오더라. 와, 생각보다 구조가 복잡해서 좀 놀랐어. 피해자들이 그냥 계좌 하나 빌려줬다가 큰일 나는 거 보고 진짜 무섭더라. 대포통장이라는 말은 많이 들었는데, 개설 과정이 그렇게 교묘한 줄은 몰랐어. 그러니까 쉽게 돈 벌 수 있다고 하면 무조건 의심해야겠더라. 피해자들이 나중에 억울하게 휘말리는 장면이 계속 나와서 좀 답답했어. 불법이라는 단어가 괜히 붙는 게 아니구나 싶었지.",0,B,5,49
normal_aug_0496,"나도 그 다큐 봤어. 불법 광고로 사람들 꼬드겨서 대포통장 개설시키는 거, 정말 치밀하더라. 피해자 입장에서는 아무것도 모르고 시작했는데 나중에 다 책임 떠안게 되니까 너무 안 됐다 싶었어. 어, 특히 학생이나 취업 준비하는 사람들한테 접근하는 장면이 좀 충격이었어. 대포통장 개설이 그냥 계좌 하나 만드는 일처럼 보이면 안 되겠더라. 그러니까 주변에도 그런 말 나오면 무조건 거절하라고 말해야겠어. 불법이니까 괜히 얽히면 피곤한 정도가 아니라 인생이 꼬일 수도 있겠다 싶었어.",0,B,6,49
normal_aug_0497,"서울에서 그 일당 검거됐다는 기사 봤어? 남성 여러 명이 한꺼번에 잡혔다고 하더라. 어, 기사에서 발견된 증거도 꽤 많았대. 단톡방에 바로 공유했지, 이런 건 다들 알아야 할 것 같아서. 서울 한복판에서 그런 일이 있었다니까 좀 놀랐어. 남성 일당이 검거되는 과정도 자세히 나와서 읽어 볼 만하더라. 발견된 흔적들이 많아서 수사가 빨리 진행됐나 봐. 나는 이런 기사 보면 항상 조심해야겠다는 생각부터 들어.",0,B,7,49
normal_aug_0498,"그 기사 나도 봤어. 서울에서 검거됐다는 말부터 눈에 확 들어오더라. 남성 여러 명이 조직적으로 움직였고, 발견된 자료도 많았다고 해서 더 눈여겨봤어. 어, 단톡방에 올린 거 잘했어. 이런 건 그냥 지나치면 안 되지. 검거 소식이랑 함께 수법도 나오니까 나중에 비슷한 연락 오면 구분하는 데 도움 될 것 같아. 서울 쪽에서 그런 일이 있었다는 게 좀 의외였고, 남성들이 분담해서 움직였다는 부분도 꽤 치밀하더라. 발견된 증거가 많았다는 게 다행이었어.",0,B,8,49
normal_aug_0499,"오늘 회사 보안 교육 진짜 길었어. 녹취할 때 뭐부터 조심해야 하는지 계속 설명하는데, 머리가 아프더라. 진술 내용도 함부로 말하면 안 되고, 정보는 더더욱 조심하래. 어, 압수 같은 단어까지 나오니까 괜히 긴장되고. 나는 사실 교육 시간에 계속 메모만 했어. 녹취가 그냥 기록하는 거라고 생각했는데, 개인정보가 섞이면 엄청 민감하다는 걸 다시 느꼈지. 정보 관리 얘기만 계속 반복해서 들으니까 집에 와서도 귀에 맴돌아.",0,B,9,49
normal_aug_0500,"나도 그 교육 받았어. 녹취 한 줄 남기는 것도 생각보다 규정이 많더라. 진술이랑 연결되면 더 조심해야 하고, 정보는 외부로 나가면 안 된다고 계속 강조하더라고. 어, 압수 얘기까지 나오니까 괜히 무거워졌어. 사실 업무하다 보면 그냥 빨리 넘기고 싶을 때도 있는데, 그런 정보가 얼마나 중요한지 다시 느꼈지. 녹취 파일 관리도 생각보다 까다롭고. 나는 교육 들으면서, 아 이건 귀찮아도 꼭 지켜야 하는 거구나 싶었어. 진술 내용도 대충 적으면 안 되고 말이야.",0,B,10,49
normal_aug_0501,"아, 방금 대출 심사 결과 확인하셨다고 해서 전화드렸습니다. 네, 승인됐다는 연락을 받았는데요. 네, 고객님 대출 승인 완료되셨고요, 자금은 오늘 기준으로 대출 실행 후 바로 사용 가능하십니다. 상환 방식은 원리금 균등으로 보시면 되는데, 매달 같은 금액으로 상환하시는 방식입니다. 음, 그럼 이율은 어떻게 잡히는 거예요? 고객님은 현재 적용 이율이 연 몇 퍼센트로 안내되고 있고, 중도 상환 수수료는 일정 기간 안에만 발생합니다. 아, 그러면 상환은 자동이체로 걸어두면 되는 건가요? 네, 맞습니다. 상환일에 맞춰 자동이체 등록하시면 되고, 만약 자금 사정상 미리 갚으실 경우에는 일부 상환도 가능하십니다. 잠깐만요, 그럼 대출 승인 나면 바로 자금이 들어오는 거죠? 네, 실행 절차만 마무리되면 입금됩니다. 고객님께서 원하시면 상환 일정이랑 이율 다시 한번 정리해서 문자로 안내드릴게요. 어, 그럼 부탁드릴게요. 네, 대출 승인 내역과 상환 방법, 이율 안내 문자로 보내드리겠습니다.",0,A,1,50
normal_aug_0502,"네, 대출 승인 관련해서 다시 안내드립니다. 고객님 대출이 승인되셨고, 자금 집행 전 상환 조건만 확인하시면 됩니다. 아, 상환 조건이요? 네, 상환은 매월 지정일에 자동 납부 방식으로 진행되며, 거치 기간 여부에 따라 금액이 조금 달라질 수 있습니다. 이율은 최초 계약 시점 기준으로 적용되는데, 혹시 변동형인지 고정형인지도 같이 보시겠습니까? 음, 그건 나중에 바꿀 수 있어요? 일부 조건은 변경 가능하지만, 대출 승인 후에는 약정 내용에 따라 달라서 확인이 필요합니다. 자금은 급하게 필요해서 신청했는데, 상환 부담이 너무 크면 안 되거든요. 네, 그래서 고객님께 맞는 상환 방식이 중요합니다. 필요하시면 원금 균등, 원리금 균등 중 어떤 방식이 나은지 비교해서 설명드리겠습니다. 아, 그럼 비교 좀 해 주세요. 네, 원리금 균등은 매달 금액이 일정하고, 원금 균등은 초기 상환액이 조금 높지만 시간이 갈수록 줄어듭니다. 대출 승인받으신 뒤 자금 사용 일정에 맞춰 상환 계획 세우시면 됩니다.",0,A,2,50
normal_aug_0503,"네, 은행 전산 확인 중인데요, 고객님 납부 접수가 조금 지연되고 있습니다. 전산 쪽 오류가 잠깐 있어 납부 처리 진행이 늦어졌습니다. 아, 그럼 제가 접수한 게 아예 안 된 건가요? 아니요, 접수는 정상적으로 들어와 있고, 납부 금액도 확인되어 있습니다. 다만 전산 반영이 늦어져서 처리 완료까지 시간이 조금 더 걸리는 상황입니다. 음, 금액은 오늘 안에 빠져나가는 거예요? 현재는 금액이 보류 상태로 잡혀 있어서, 전산 복구되는 대로 바로 납부 처리됩니다. 고객님께 불편을 드려 죄송합니다. 네, 그러면 제가 따로 다시 접수해야 하나요? 아니요, 추가 접수는 필요 없고요. 기존 접수 건으로 그대로 진행됩니다. 납부 마감 시간이 임박해서 걱정되시면, 전산 정상화되는 즉시 우선 반영해 드리겠습니다. 아, 그럼 확인되면 연락 주시는 거죠? 네, 접수 건 처리되면 바로 안내드리겠습니다. 현재로서는 납부 금액 변동 없이 전산 문제만 해결되면 됩니다.",0,A,3,50
normal_aug_0504,"네, 납부 건 문의 주셨죠. 지금 전산 점검 때문에 접수 처리 속도가 조금 늦고 있습니다. 접수 자체는 됐는데, 전산 반영이 늦어서 납부가 바로 완료되지 않는 상태입니다. 아, 그러면 돈이 빠져나간 건 아니네요? 네, 아직 금액은 출금되지 않았고 접수만 잡혀 있습니다. 전산 오류가 해소되면 납부 금액이 정상 처리됩니다. 음, 그럼 오늘 안에 되는지 모르겠네... 네, 저희도 최대한 빨리 확인 중입니다. 혹시 급하시면 같은 금액으로 재납부하지 마시고 잠시만 기다려 주시는 게 좋습니다. 접수 확인 번호 있으시면 더 정확히 봐드릴 수 있고요. 아, 그 번호는 문자로 왔어요. 네, 확인해 보겠습니다. 접수 번호로 전산 조회해서 납부 진행 상황 다시 안내드릴게요. 고객님 금액이나 접수 내역은 이상 없고, 전산 지연만 있는 점 양해 부탁드립니다.",0,A,4,50
normal_aug_0505,"비대면 계좌 개설 절차로 연락 주셨군요. 네, 계좌 개설 진행하려면 몇 가지 정보 확인이 필요합니다. 아, 어떤 정보요? 먼저 명의 확인을 위해 본인 성함과 생년월일, 연락처를 말씀해 주셔야 하고요. 개인 정보 보호를 위해 안내드리는 질문에만 답해 주시면 됩니다. 음, 그럼 주민등록번호도 다 말해야 하나요? 전체를 모두 말씀하실 필요는 없고, 일부 구간만 확인하거나 본인 인증 방식으로 진행합니다. 계좌 명의가 본인 맞는지 확인되면 개설 단계로 넘어갈 수 있습니다. 아, 저는 제 명의로 새로 만들 거예요. 네, 좋습니다. 개설 전에는 사용 목적과 필수 정보 동의가 필요합니다. 개인정보 수집·이용 동의 화면을 보셨다면 한 항목씩 확인해 드리겠습니다. 제가 잘 모르겠어서 그런데, 개인 정보 입력하다가 중간에 멈춰도 되나요? 네, 가능합니다. 다만 개설 과정은 마지막 본인 확인까지 완료돼야 정상적으로 끝납니다. 명의 확인 후 개설 접수 완료되면 문자로 안내드리겠습니다.",0,A,5,50
normal_aug_0506,"네, 비대면 계좌 개설 관련해서 문의 주신 거죠. 우선 명의가 본인 것인지 확인하는 절차부터 진행하겠습니다. 아, 네. 개설하려고 하는데 뭐부터 하면 되나요? 본인 성함, 생년월일, 그리고 개인 인증 수단이 필요합니다. 고객님 정보가 일치해야 개설이 가능하고, 타인 명의로는 진행할 수 없습니다. 음, 개인정보가 좀 많네요. 네, 계좌 개설은 금융 거래라서 개인 정보 확인이 꼭 필요합니다. 주소나 직장 같은 추가 정보는 상황에 따라 요청드릴 수 있습니다. 아, 그럼 명의 확인되면 바로 개설되는 거예요? 명의 확인 후 약관 동의와 본인 인증까지 끝나면 개설 접수가 완료됩니다. 정보 입력 중에 헷갈리시면 제가 하나씩 안내드리겠습니다. 고객님 현재 입력하신 내용으로는 개설 가능하실 것으로 보입니다. 다만 개인 정보 오입력만 없도록 다시 한번 확인하겠습니다.",0,A,6,50
normal_aug_0507,"네, 카드 한도 조회 도와드리겠습니다. 현재 카드 이용 가능 한도와 해외 거래 가능 여부 같이 확인해 드릴게요. 아, 카드가 해외에서 사용 가능하면 좋겠어서요. 네, 고객님 카드가 국내 이용은 정상이고, 해외 거래는 별도 설정에 따라 가능 여부가 달라집니다. 카드 한도는 현재 얼마까지 남아 있고, 해외 이용은 잠금 설정이 있으면 풀어야 할 수 있습니다. 음, 그럼 지금 해외 거래 가능한 거예요? 잠시만요, 조회해 보겠습니다. 네, 현재는 해외 거래 가능으로 확인되는데, 일부 국가나 가맹점은 제한될 수 있습니다. 카드 이용 한도도 함께 보시면 좋겠네요. 아, 제가 이번 달에 쓸 금액이 좀 커서요. 네, 그러시면 한도 초과 없이 이용 가능한지 계산해 드리겠습니다. 해외 거래 예정 지역이 있으면 말씀해 주시면 더 정확히 안내 가능합니다. 카드 이용 내역 기준으로 추가 조정이 필요한지도 확인해 드릴게요.",0,A,7,50
normal_aug_0508,"네, 카드 문의 주셨습니다. 고객님 카드 이용 한도와 해외 거래 가능 여부를 같이 확인해 보겠습니다. 아, 해외에서 결제해도 되는지 먼저 알고 싶어요. 네, 카드가 해외 이용 가능 상태인지 확인해 보니 현재는 이용 가능으로 보입니다. 다만 카드 종류에 따라 거래 승인 방식이 다를 수 있습니다. 음, 한도는 넉넉한가요? 현재 남은 한도는 조회 가능하고, 카드 이용 패턴에 따라 임시 조정이 필요한 경우도 있습니다. 고객님께서 원하시면 해외 거래 전에 알림 설정도 확인해 드릴 수 있습니다. 아, 그럼 그거까지 같이 해 주세요. 네, 좋습니다. 카드 이용 한도, 거래 가능 여부, 해외 승인 설정까지 한 번에 봐드리겠습니다. 혹시 현지 통화로 결제하실 계획이면 그 부분도 참고하시면 됩니다. 고객님 카드 이용은 지금 정상이고, 해외 거래도 가능 상태라서 별도 제한은 없어 보입니다.",0,A,8,50
normal_aug_0509,"네, 대출금 입금 요청 접수는 확인됐습니다만, 본인 확인 통화가 먼저 필요합니다. 아, 요청 넣으면 바로 입금되는 줄 알았는데요. 대출 입금은 고객님 본인 확인 절차가 완료되어야 처리됩니다. 현재 요청은 접수되어 있고, 통화로 확인만 끝나면 입금 진행이 가능합니다. 음, 왜 통화를 또 해야 하죠? 안전한 처리와 오입금 방지를 위해 본인 확인이 꼭 필요합니다. 고객님 성함과 생년월일 확인 후 대출 입금 일정 안내드리겠습니다. 요청 건이 여러 건이면 더 꼼꼼히 확인해야 해서요. 아, 그럼 지금 통화로 확인하면 되는 거예요? 네, 맞습니다. 잠시만 본인 여부 확인되면 입금 절차 이어서 안내드리겠습니다. 대출 입금 요청 자체는 정상 접수되어 있고, 통화 후 처리 예정입니다.",0,A,9,50
normal_aug_0510,"네, 대출 입금 요청 건으로 연락드렸습니다. 요청은 들어와 있는데, 입금 전에 본인 확인 통화가 필요합니다. 아, 제가 요청한 거 맞아요. 네, 알겠습니다. 다만 대출 입금은 접수만으로는 진행되지 않고, 통화로 본인 확인이 완료돼야 합니다. 고객님 명의로 신청된 게 맞는지 확인 후 입금 안내를 드릴 수 있습니다. 음, 그럼 지금 바로 확인해 드릴게요. 네, 좋습니다. 생년월일과 연락처 확인되면 바로 이어서 보겠습니다. 요청하신 대출 입금은 현재 보류 상태이고, 통화 절차 완료되면 입금 처리됩니다. 아, 시간이 좀 걸리나요? 오래 걸리진 않습니다. 본인 확인만 끝나면 바로 처리됩니다. 고객님께서 직접 요청하신 건이라도 통화 확인은 꼭 필요한 단계입니다. 확인되면 입금 예정 시간까지 안내드리겠습니다.",0,A,10,50
normal_aug_0511,"아침 뉴스 봤어? 그 명의 도용 사건 말이야, 진짜 소름이더라. 이름이랑 주민번호 같은 게 털리면 그렇게 쉽게 악용된대. 수사도 아직 진행 중이라는데, 나는 보자마자 너한테 바로 말해야겠다 싶었어. 이런 사건은 남 일 같지가 않더라. 명의가 한 번 도용되면 나중에 정리하는 데도 오래 걸린다잖아. 그러니까 요즘은 문자로 오는 링크도 함부로 누르지 말고, 계좌나 카드 내역도 자주 보래. 나도 아침에 보고 나서 한 번씩 다 확인했어. 정말 조심해야겠더라.",0,B,1,51
normal_aug_0512,"응, 나도 들었어. 그 사건 말이지? 아침에 뉴스 켜자마자 명의 도용 얘기가 나오길래 밥 먹다가 멈췄잖아. 수사 시작됐다고는 하는데, 피해자들 입장에서는 얼마나 답답하겠어. 명의가 도용되면 자기 이름으로 뭘 했는지도 바로 모를 수 있다며. 그래서 나도 요즘은 서류 버릴 때도 대충 안 하려고. 이름 적힌 건 다 찢어서 버리고, 이상한 연락 오면 바로 끊어. 이런 사건은 진짜 한 번만 봐도 경각심이 생기더라.",0,B,2,51
normal_aug_0513,"아까 모르는 번호가 와서 받았더니, 수사관이라고 하면서 내가 어떤 범죄에 연루된 것처럼 말을 하더라. 처음엔 너무 당황해서, 아니 무슨 말이지 싶었는데 계속 조사 얘기를 꺼내는 거야. 말투도 이상하고, 자꾸 개인정보 확인하자고 해서 바로 끊었어. 지금 생각해도 황당하다. 수사관이라니, 그런 식으로 전화하는 게 말이 되나. 혹시라도 비슷한 전화 오면 절대 응하지 말고 끊으라고 너한테도 말하려고 했어.",0,B,3,51
normal_aug_0514,"나도 그런 전화 받아본 적 있는데, 진짜 이상하더라. 수사관이라고 하면서 내 이름이 어떤 범죄랑 연루됐다고 하길래 순간 심장 철렁했어. 근데 가만 듣다 보니까 조사 절차도 엉망이고, 말이 계속 바뀌는 거야. 그래서 바로 끊었지. 요즘 그런 식으로 불안하게 만들어서 정보 빼가려는 사람이 많다더라. 수사관이라고 해도 진짜인지 확인부터 해야 하고, 전화로 돈이나 계좌 얘기 나오면 바로 의심해야 돼.",0,B,4,51
normal_aug_0515,"어제 그 다큐 봤어? 불법 대포통장 개설 얘기 나오던 거. 생각보다 너무 쉽게 속는 사람들도 있더라. 누가 서류만 내면 된다고 해서 개설했다가, 나중에 자기 이름이 엉뚱한 데 쓰여서 피해자가 되는 거잖아. 불법인 줄 몰랐다고 해도 결국 본인이 고생하니까 너무 무섭더라. 특히 아르바이트인 줄 알고 넘어가는 경우가 많다던데, 그런 건 무조건 조심해야겠어.",0,B,5,51
normal_aug_0516,"봤지 봤지. 나도 그 다큐 보면서 중간에 몇 번이나 한숨 나왔어. 대포통장 개설이 그렇게 큰 문제인지 새삼 느꼈다니까. 피해자들 얘기 들으니까, 본인도 모르는 사이에 계좌가 여러 군데 돌고 있더라고. 불법으로 시작하면 나중에는 해명도 오래 걸리고, 생활이 다 꼬인다잖아. 어떤 사람은 개설만 해주면 돈 준다 해서 했다가, 오히려 본인이 조사받는 처지가 됐다던데... 진짜 가볍게 볼 일이 아니야.",0,B,6,51
normal_aug_0517,"서울에서 대규모 보이스피싱 일당 남성들 검거됐다는 기사 봤어? 단톡방에 누가 올렸길래 바로 읽어봤잖아. 기사 속에서 남성 여러 명이 한꺼번에 검거됐다고 하더라. 그쪽 아지트도 발견됐다고 해서 더 놀랐어. 서울 한복판에서 그렇게 조직적으로 움직였다니, 은근 무섭더라. 그래도 빨리 잡혀서 다행이지.",0,B,7,51
normal_aug_0518,"응, 나도 봤어. 서울 기사라서 더 눈에 띄더라. 남성 일당이 한꺼번에 검거됐다는 부분에서 좀 속이 시원했어. 현장도 발견됐다고 하니까 경찰이 꽤 오래 추적했나 보더라. 이런 건 빨리 잡히는 게 제일 중요하지. 주변에 피해 본 사람들 생각하면 더 그렇고. 기사 읽자마자 우리도 조심하자고 단톡에 말 남겼잖아.",0,B,8,51
normal_aug_0519,"아까 회사에서 보안 교육 듣는데, 녹취 얘기만 계속 나오니까 머리가 아프더라. 중요한 건 다 말로 남기고, 개인정보는 함부로 흘리지 말라고 하잖아. 진술도 정확히 해야 하고, 잘못 남은 정보 하나 때문에 나중에 압수 같은 얘기까지 이어질 수 있다는데, 듣는 내내 괜히 긴장됐어. 솔직히 좀 피곤했어, 이런 걸 매번 조심해야 한다는 게.",0,B,9,51
normal_aug_0520,"나도 그 교육 들었는데 좀 답답하더라. 녹취를 꼭 남겨야 하는 상황이 있으면 절차대로 하라는데, 말 한마디도 조심하래서 신경이 곤두서. 진술도 대충하면 안 되고, 정보 관리도 철저히 하라니까... 괜히 압수니 조사니 하는 단어까지 나오니까 분위기가 너무 무거워졌어. 그래도 결국은 회사 정보 지키려면 그게 맞겠지. 귀찮아도 메모 습관부터 바꿔야겠더라.",0,B,10,51
normal_aug_0521,"음, 제가 어제 대출 승인 문자를 받았는데요, 그다음 절차가 좀 궁금해서요. 자금은 바로 나오는 건지, 아니면 따로 확인할 게 있는지요? 네, 고객님 대출 승인 완료되셨고요. 자금은 오늘 기준으로 약정만 마치시면 출금 계좌로 입금됩니다. 상환은 매달 원리금 균등 방식으로 진행되는데, 이율은 고객님 조건에 따라 연 몇 퍼센트로 적용되어 있습니다. 아, 그러면 중간에 상환을 좀 더 빨리 해도 되는 거죠? 네, 가능하십니다. 다만 중도 상환 수수료가 남아 있는 기간에는 일부 발생할 수 있어서요, 상환 전에 안내를 한번 더 드리겠습니다. 대출 금액이 크면 상환 금액도 같이 달라지는 거고요? 맞습니다. 대출 잔액과 적용 이율에 따라 상환 금액이 달라집니다. 고객님 자금 계획에 맞춰 상환 일정 다시 정리해 드릴까요?",0,A,1,52
normal_aug_0522,"저기, 대출 승인 받았다는 안내는 봤는데요. 이율이랑 상환 방식이 어떻게 되는지 다시 한번 듣고 싶어서요. 네, 확인해 보겠습니다. 고객님 대출은 승인 완료 상태이고, 자금 지급 전 약정 단계만 남아 있습니다. 상환은 매월 같은 날짜에 진행되며, 이율은 고정형으로 적용되어 처음 안내드린 조건 그대로 유지됩니다. 음, 그럼 매달 나가는 상환 금액도 처음부터 정해지는 건가요? 네, 기준 금액은 정해져 있고, 추가 자금 상환이나 조기 상환을 하시면 이후 부담이 줄어들 수 있습니다. 아, 이해했습니다. 혹시 승인 후 바로 자금이 들어오는 건 아니고 절차가 더 있는 거예요? 네, 약정 확인 후에 자금 입금이 진행됩니다. 대출 승인 상태와 상환 일정, 이율까지 문자로 다시 보내드리겠습니다.",0,A,2,52
normal_aug_0523,"어, 저 오늘 납부해야 하는데 아직 처리 완료 문자가 안 와서요. 전산 쪽에 문제가 있는 건가요? 네, 확인해 보니 전산 반영이 조금 늦어지고 있습니다. 접수는 정상적으로 되었는데 납부 처리 금액이 시스템에 아직 최종 반영되지 않았습니다. 아, 그러면 제가 뭘 다시 해야 하나요? 아니요, 고객님 쪽에서 다시 하실 건 없고요. 전산 오류가 아니라 일시적인 반영 지연이라 납부 접수 내역은 유지됩니다. 그럼 오늘 납부 금액은 그대로 처리되는 거죠? 네, 금액은 그대로 유지되고, 전산 복구되는 대로 자동 반영됩니다. 제가 접수 번호도 다시 안내드릴게요. 음, 그럼 조금 기다리면 되는 거네요? 네, 맞습니다. 납부가 중복되지 않도록 전산 확인 후 다시 연락드리겠습니다.",0,A,3,52
normal_aug_0524,"저기요, 방금 납부하려고 했는데 전산이 멈춘 것 같아서요. 접수는 된 건지, 금액은 빠진 건지 궁금합니다. 네, 지금 확인되는 바로는 접수는 완료됐고, 납부 금액만 전산 반영이 지연되고 있습니다. 고객님 계좌에서 바로 출금된 건 아니고요, 처리 순서가 늦어져서 화면에 늦게 보이는 상황입니다. 아, 그럼 제가 다시 납부를 누르면 안 되는 거죠? 네, 다시 누르시면 중복 납부가 될 수 있어서요. 잠시만 기다려 주시면 전산 복구 후 접수 건이 정상 반영됩니다. 금액은 그대로고요? 네, 맞습니다. 금액 변동은 없고, 납부 접수 상태만 잠시 대기 중입니다. 불편을 드려 죄송하고요, 진행되면 문자로 알려드리겠습니다.",0,A,4,52
normal_aug_0525,"음, 비대면 계좌 개설하려고 들어왔는데요. 명의 확인이 좀 헷갈려서요. 네, 계좌 개설 전에 명의 확인 절차를 먼저 진행해야 합니다. 고객님 개인 정보와 신분 확인이 모두 일치해야 개설이 가능하거든요. 아, 개인 정보라고 하면 어떤 걸 말씀하시는 거예요? 성함, 생년월일, 주소 일부, 그리고 휴대폰 명의가 고객님 본인 명의인지 확인합니다. 개설 신청서에 적으신 정보와 실제 개인 정보가 같아야 하고요. 그러면 제 명의로 된 휴대폰이 아니면 안 되는 건가요? 꼭 그런 건 아니지만, 본인 확인이 어려우면 추가 절차가 필요할 수 있습니다. 아, 알겠습니다. 그럼 확인되는 대로 개설 이어서 진행해 주세요.",0,A,5,52
normal_aug_0526,"저기, 계좌 개설 화면에서 계속 막히는데요. 명의랑 정보 확인을 어떻게 해야 하는지 잘 모르겠어요. 네, 비대면 개설은 개인 정보 확인이 중요해서요. 입력하신 성함과 생년월일, 그리고 명의 정보가 일치하는지 먼저 봅니다. 아, 그러면 주소나 연락처도 다 넣어야 하나요? 네, 개설 단계에서는 개인 정보 입력이 필요하고, 이후 본인 명의 확인을 위한 인증도 진행합니다. 고객님 명의로 된 통신 정보가 있으면 더 빨리 확인되실 수 있고요. 아, 그럼 제가 적은 정보가 맞는지만 확인되면 되는 거네요? 네, 맞습니다. 정보가 일치하면 개설 절차가 이어지고, 일치하지 않으면 추가 확인을 한 번 더 하게 됩니다. 편하실 때 다시 진행해 드리겠습니다.",0,A,6,52
normal_aug_0527,"저, 카드 한도를 좀 확인하고 싶어요. 그리고 해외 거래도 가능한지 같이 볼 수 있을까요? 네, 가능합니다. 우선 카드 이용 한도부터 조회해 보겠습니다. 현재 국내 이용 가능 금액은 남아 있고, 해외 거래 가능 여부는 카드 종류와 사전 설정에 따라 달라집니다. 아, 그러면 해외에서 그냥 바로 쓸 수 있는 카드는 아닌가 보네요? 맞습니다. 해외 거래는 기본 설정이 꺼져 있을 수 있어서요, 가능 상태로 바꾸셔야 할 수 있습니다. 카드 이용 내역도 함께 보시면 좋고요. 한도는 충분한데 해외 거래만 막혀 있으면 그건 따로 푸는 거죠? 네, 맞습니다. 카드 이용 한도와 해외 거래 가능 여부는 각각 확인됩니다. 원하시면 지금 바로 조회해서 안내드리겠습니다.",0,A,7,52
normal_aug_0528,"음, 카드 이용 한도 때문에 전화드렸는데요. 해외 거래도 가능한지 같이 확인해 주실 수 있나요? 네, 물론입니다. 고객님 카드의 현재 이용 한도와 거래 가능 범위를 먼저 확인하겠습니다. 국내 거래는 가능하고, 해외 거래는 일부 제한 설정이 있을 수 있습니다. 아, 그럼 해외 결제는 제가 직접 따로 신청해야 하나요? 경우에 따라 다릅니다. 카드별로 해외 거래 가능 설정이 다르기 때문에, 필요하시면 이용 제한을 해제하는 절차를 안내드릴 수 있습니다. 카드 한도는 아직 남아 있는 거고요? 네, 남아 있습니다. 다만 해외 거래 가능 여부는 별도 확인이 필요합니다. 카드 이용과 거래 상태를 정리해서 문자로 보내드릴게요.",0,A,8,52
normal_aug_0529,"어, 대출 입금 요청은 넣어놨는데요. 아직 입금이 안 돼서 확인하려고 전화했습니다. 네, 접수 내역은 보이는데요, 대출 입금 전 본인 확인 통화 절차가 한 번 더 필요합니다. 고객님 명의로 요청이 들어온 건 맞지만, 안전하게 확인한 뒤에 입금을 진행해야 합니다. 아, 그럼 지금 통화로 확인하면 되는 건가요? 네, 맞습니다. 몇 가지 본인 확인 질문에 답해 주시면 대출 입금 절차를 이어가겠습니다. 요청하신 금액도 그대로 유지되고 있나요? 네, 입금 요청 금액은 그대로 접수되어 있습니다. 통화 완료 후 문제가 없으면 바로 진행됩니다.",0,A,9,52
normal_aug_0530,"저기요, 대출 입금 요청 넣었는데 왜 아직 안 들어오나 해서요. 통화 확인이 필요하다는 안내를 받긴 했거든요. 네, 맞습니다. 대출 입금은 요청 접수 후 본인 확인 통화가 완료되어야 처리됩니다. 고객님 계정으로 들어온 요청은 확인되는데, 아직 통화 절차가 남아 있습니다. 아, 그러면 제가 다시 신청한 건 아니고 기존 요청이 있는 거죠? 네, 기존 대출 입금 요청이 맞고요, 본인 확인만 끝나면 입금 진행됩니다. 요청 금액과 계좌도 그대로 확인 중입니다. 음, 그럼 지금 바로 통화 이어서 확인하면 되겠네요? 네, 가능합니다. 몇 가지 확인 후 입금 처리 안내드리겠습니다.",0,A,10,52
normal_aug_0531,"아침 뉴스 봤어? 음, 어제 말고 오늘 것도 아니고 방금 나온 사건이 하나 있더라. 명의 도용 같은 거였는데, 남의 이름이랑 정보를 막 써서 계좌를 만들고 대출까지 시도했다는 거야. 진짜 소름 돋더라. 수사도 시작됐다던데, 이런 사건은 남 일 같지가 않아서 더 무섭지. 나도 순간 내 명의 괜찮나 싶어서 주민등록증이랑 문자 내역부터 다시 봤어. 그러니까, 요즘은 링크 하나 누르는 것도 조심해야 하나 봐. 너도 비슷한 연락 오면 절대 바로 답하지 말고 확인부터 해. 명의 도용은 한번 당하면 되돌리기 너무 힘들다더라.",0,B,1,53
normal_aug_0532,"응, 나도 그 뉴스 봤어. 처음엔 그냥 흔한 사건인 줄 알았는데, 설명 들으니까 완전 심각하더라. 명의 도용이 그렇게 쉽게 이어질 줄은 몰랐어. 수사 들어간다니까 잡히긴 하겠지만, 이미 피해 본 사람은 너무 억울하겠다 싶었어. 음, 가족들한테도 말해줘야겠더라. 특히 부모님은 이런 거 잘 모르시니까. 주민번호나 인증번호 같은 거 함부로 알려주면 안 된다고, 또 명의 관련 서류는 사진 찍어서 보내지 말라고. 이런 사건은 미리 조심하는 수밖에 없는 것 같아.",0,B,2,53
normal_aug_0533,"아까 모르는 번호로 전화 왔는데, 자기가 수사관이라면서 막 이것저것 묻는 거야. 음, 처음엔 무슨 안내 전화인가 했는데 말이 좀 이상해서 끊었거든? 근데 끊고 나니까 되게 찝찝하더라. 범죄 사건에 연루된 것처럼 말하면서 조사 협조를 해야 한다고 하길래, 순간 정신이 확 들었어. 진짜 웃긴 게, 내 이름이랑 주소 일부를 알고 있는 척하니까 더 그럴듯했어. 그래서 바로 끊고 가족한테도 말했지. 너도 그런 전화 오면 절대 혼자 대응하지 말고, 일단 끊고 공식 번호로 다시 확인해.",0,B,3,53
normal_aug_0534,"어, 나도 비슷한 전화 받아본 적 있어. 수사관이라고 하면서 조사 받으러 나오라느니, 범죄랑 연루됐을 수 있다느니 엄청 압박하더라. 그런데 말투가 너무 급하고 이상해서 딱 느낌이 왔어. 이런 건 정식 절차로 확인해야 하는데, 전화로 계속 몰아붙이는 건 말이 안 되잖아. 그래서 그냥 끊었지. 음, 생각해보면 그런 식으로 겁주는 게 제일 문제 같아. 나중에 찾아보니까 실제 조사기관은 저렇게 개인 번호로 급하게 압박 안 한다더라. 너도 혹시 비슷한 전화 오면 바로 믿지 마.",0,B,4,53
normal_aug_0535,"어제 다큐 봤는데, 불법으로 대포통장 개설하는 얘기 나오더라. 처음엔 그냥 계좌 몇 개 만든 이야기인 줄 알았는데, 알고 보니까 피해자가 엄청 많았어. 어떤 사람은 자기 이름으로 통장이 여러 개 개설된 것도 몰랐다가 뒤늦게 알았대. 진짜 불법이 따로 없더라. 보면서 계속 어? 어? 이랬어. 피해자들은 나중에 대포통장 때문에 자기까지 의심받는 상황이 되니까 너무 억울하겠더라. 다큐 끝나고 나서 나도 계좌 내역 다시 확인했잖아. 이런 건 그냥 가볍게 넘길 주제가 아니야.",0,B,5,53
normal_aug_0536,"맞아, 나도 그 다큐 봤어. 불법 대포통장 개설이 왜 그렇게 위험한지 알겠더라. 한 번 엮이면 피해자가 오히려 설명해야 하는 상황이 생기니까 너무 답답하지. 그리고 개설 과정도 생각보다 교묘해서 더 무서웠어. 누가 서류만 잠깐 빌려달라고 해도 절대 안 되는 거잖아. 음, 다큐에서 피해자 인터뷰 나오는데 진짜 마음 아프더라. 본인은 아무것도 안 했는데 통장 때문에 은행 업무가 다 막히고, 일상도 흔들리고. 이런 건 주변 사람들한테도 꼭 알려야겠어. 불법 대포통장은 호기심으로라도 절대 가까이 가면 안 되겠더라.",0,B,6,53
normal_aug_0537,"단톡방에 기사 봤지? 서울에서 대규모 보이스피싱 일당 남성들이 검거됐대. 나는 아침에 보고 바로 공유했어. 서울 한복판에서 그렇게 오래 활동하다가 결국 잡혔다고 하니까 좀 통쾌하더라. 기사 보니까 현장에서 증거도 발견됐다고 하고, 피해자들 이야기까지 나오더라. 음, 서울이라 더 낯설지 않나 싶었어. 우리도 전화나 문자로 이상한 거 오면 바로 끊자고 다시 얘기했지. 남성 몇 명이 조직적으로 움직였다고 하니까 더 조심해야겠다 싶더라.",0,B,7,53
normal_aug_0538,"나도 그 기사 봤어. 서울에서 검거됐다는 것만 봤는데, 자세히 보니까 남성 여러 명이 팀처럼 움직였더라. 현장에서 장비 같은 것도 발견됐다던데, 그런 걸 보면 준비를 꽤 했던 모양이야. 그런데 결국 잡혔다는 게 중요하지. 음, 기사 공유하길 잘했어. 단톡방에서도 다들 조심하자고 하더라. 요즘은 서울이든 어디든 전화 한 통, 문자 한 줄로도 사람들 흔들리니까. 남성 일당이라고 해서 더 무섭다기보다, 그런 방식이 너무 조직적이라서 문제 같아. 발견된 자료가 많다니까 수사도 빨리 진행되겠지.",0,B,8,53
normal_aug_0539,"회사 보안 교육 듣고 왔는데, 아 진짜 할 말 많다. 녹취를 왜 이렇게 꼼꼼히 해야 하는지 계속 설명하더라. 음, 진술 내용은 틀리면 안 되고, 개인정보가 들어가면 바로 가려서 저장해야 한다고. 듣는 내내 머리가 아팠어. 압수나 제출 같은 말도 나오는데, 이런 건 우리가 평소에 생각보다 쉽게 넘기면 안 되겠더라. 정보 하나 잘못 남기면 나중에 문제 생길 수 있다면서. 솔직히 교육 내용은 중요한데 너무 길었어. 그래도 개인정보 보호는 반복해서 들어도 지나치지 않긴 해.",0,B,9,53
normal_aug_0540,"나도 그 교육 받았어. 녹취 파일 관리부터 진술 기록, 정보 보호까지 다 챙기라니까 은근 부담되더라. 특히 개인정보가 들어간 문서가 잘못 저장되면 나중에 압수 대상이 될 수 있다는 설명 듣고 좀 놀랐어. 음, 평소엔 그런 일이 남의 얘기 같았는데 막상 회사에서 다루는 자료가 많으니까 신경 쓸 수밖에 없더라. 그리고 녹취도 그냥 저장만 하면 되는 게 아니라 누가 언제 들었는지까지 기록하라고 해서, 정말 꼼꼼해야 하더라고. 귀찮긴 한데 어쩔 수 없지. 정보 보호가 괜히 있는 말이 아니구나 싶었어. 진술도 대충 쓰면 안 된다고 하니까, 앞으로는 더 조심해야겠다.",0,B,10,53
normal_aug_0541,"네, 대출 심사 쪽으로는 승인 결과가 나와서 안내드릴 수 있습니다. 우선 본인 확인부터 잠깐만 도와드릴게요. 음, 고객님 성함이랑 생년월일 확인 부탁드립니다. 네, 맞습니다. 이번 대출은 승인되셨고요, 자금은 영업일 기준으로 안내드린 계좌로 입금됩니다. 상환은 매달 정해진 날짜에 자동 출금 방식으로 진행되는데, 원리금 균등 상환으로 잡혀 있으셔서 매달 상환 금액이 거의 비슷하게 나가십니다. 아, 그러면 중간에 따로 상환해도 되나요? 네, 가능합니다. 일부 상환도 가능하고요, 여유 자금이 생기시면 미리 상환하셔도 됩니다. 다만 중도상환 수수료는 기간에 따라 달라질 수 있어서 그 부분은 한번 확인해 드려야 해요. 이율은 승인 시점 기준으로 적용되며, 대출 실행 뒤에는 약정 이율로 상환이 진행됩니다. 그러니까 지금은 승인 조건대로 보시고, 상환 일정이랑 자금 입금일만 기억하시면 됩니다. 네, 그럼 승인된 내용 문자로도 다시 받아볼 수 있을까요? 네, 바로 보내드리겠습니다. 상환 방식이랑 이율, 그리고 입금 예정일까지 함께 정리해서 전송해 드릴게요.",0,A,1,54
normal_aug_0542,"저기요, 제가 대출 심사가 끝났다고 연락을 받았는데요. 승인된 건 맞는지, 그리고 상환은 어떻게 되는지 좀 알고 싶어서요. 네, 확인해 보겠습니다. 먼저 본인 확인이 필요해서 성함하고 생년월일, 연락처 끝자리 부탁드립니다. 네, 확인됐습니다. 고객님 대출은 승인 상태가 맞고요, 자금 실행은 오늘 접수된 건 기준으로 순차 처리됩니다. 상환은 매월 같은 날짜에 납부되는 방식이고, 대출 상품에 따라 만기 일시 상환인지 분할 상환인지가 달라집니다. 아, 저는 매달 조금씩 갚는 쪽으로 알고 있었거든요. 네, 그럼 분할 상환으로 보시면 됩니다. 이율은 고정인지 변동인지에 따라 달라지는데, 고객님 건은 변동 이율로 안내되어 있습니다. 음, 그럼 중간에 여유가 생기면 상환을 더 해도 되나요? 네, 추가 상환도 가능하십니다. 다만 상환 전에 남은 원금과 수수료를 확인하시는 게 좋습니다. 자금이 들어오는 날짜와 상환 시작일을 같이 문자로 다시 보내드릴 수 있어요. 그러면 제가 혼동이 없겠네요. 네, 승인 내역, 이율, 상환 일정까지 정리해서 바로 보내드리겠습니다.",0,A,2,54
normal_aug_0543,"음, 고객님, 전산 확인해 보니 납부 접수는 정상인데 처리 순서가 조금 밀려 있는 상태입니다. 시스템이 잠깐 지연돼서 금액 반영이 늦어지고 있어요. 아, 그럼 제가 납부를 못 한 건가요? 아니요, 납부 자체는 접수되어 있습니다. 다만 전산 반영이 늦어서 결제 완료 표시가 아직 안 뜬 상황입니다. 현재는 관련 부서에 접수해 두었고, 확인되는 대로 금액이 반영될 예정입니다. 그러면 오늘 안에 처리될까요? 네, 대부분 오늘 내로 정리되는데, 건수가 많으면 조금 더 걸릴 수 있습니다. 혹시 동일한 금액으로 다시 납부하시지는 말아 주세요. 이중 반영될 수 있어서요. 음, 그럼 저는 따로 뭘 해야 하나요? 지금은 기다려 주시면 됩니다. 전산 복구가 되면 납부 처리 상태가 바뀌고, 접수 내역도 문자로 안내드릴 수 있습니다. 고객님께서 납부한 금액은 정상적으로 확인되고 있으니 너무 걱정하지 않으셔도 됩니다.",0,A,3,54
normal_aug_0544,"네, 지금 은행 전산 쪽에 오류가 있어서 고객님 납부 건이 조금 지연되고 있습니다. 접수는 들어가 있는데, 금액 확정 반영이 늦어지고 있어요. 아, 제가 오늘 아침에 납부했는데 아직 표시가 안 되는 이유가 그거였군요. 맞습니다. 전산 장애로 인해 납부 완료 조회가 늦어지고 있습니다. 저희가 접수된 건은 따로 보관 중이고, 정상화되면 순차적으로 금액이 반영됩니다. 그러면 연체처럼 잡히는 건 아닌가요? 그 부분은 걱정 안 하셔도 됩니다. 현재는 접수 시각 기준으로 확인되고 있고, 납부한 금액도 실제로는 들어온 상태입니다. 다만 전산 화면에만 늦게 보이는 겁니다. 아, 그러면 제가 다시 입금하거나 납부할 필요는 없겠네요. 네, 다시 하시면 안 됩니다. 중복 납부가 될 수 있어서요. 전산 복구되는 대로 안내 문자 드리고, 필요하면 납부 확인서도 다시 보내드리겠습니다. 고객님 건은 접수 완료 상태로 보시면 됩니다.",0,A,4,54
normal_aug_0545,"비대면 계좌 개설 관련해서 문의 주셨죠. 네, 맞습니다. 계좌를 개설하려고 하는데 필요한 정보가 뭐가 있는지 몰라서요. 네, 안내드리겠습니다. 비대면 개설은 본인 명의 확인이 가장 중요하고요, 개인 정보 확인 절차가 순서대로 진행됩니다. 아, 명의 확인이랑 개인 정보 확인이 따로 있는 건가요? 네, 그렇습니다. 먼저 본인 명의 휴대전화인지 확인하고, 그다음 신분증으로 개설 신청자의 정보를 대조합니다. 주민등록번호 전체를 말씀드리는 건 아니고, 생년월일과 발급 정보, 그리고 촬영된 신분증의 진위 여부를 확인합니다. 그러면 개인정보를 많이 입력해야 하나요? 개설 과정에서 이름, 주소, 연락처 같은 기본 정보는 필요합니다. 다만 입력하신 정보가 본인 명의와 일치해야 하고, 다른 사람 명의로는 개설이 어렵습니다. 아, 명의가 다르면 안 되는 거군요. 네, 맞습니다. 계좌 개설은 반드시 본인 명의로 진행하셔야 합니다. 안내드린 정보만 준비되면 비대면 개설 절차는 어렵지 않습니다. 필요하시면 단계별로 다시 천천히 설명드리겠습니다.",0,A,5,54
normal_aug_0546,"네, 계좌 개설 관련해서 본인 확인 절차를 설명드리겠습니다. 비대면으로 진행하실 때는 개인 정보와 명의 일치 여부를 확인해야 합니다. 아, 제가 혼자 하려고 하는데 그럼 어떤 정보가 필요한가요? 우선 개설 신청하시는 분의 성함, 생년월일, 휴대폰 번호가 필요하고요, 신분증 정보도 확인합니다. 개인 정보가 현재 등록된 내용과 같아야 개설이 진행됩니다. 명의가 다르면 개설이 안 된다는 뜻인가요? 네, 맞습니다. 계좌는 본인 명의로만 개설 가능하고, 다른 사람 명의로 대신 개설하실 수는 없습니다. 그러면 주소나 직업 정보도 넣어야 하나요? 일부 정보는 필요합니다. 개설 용도나 거주지 정보 같은 항목이 있을 수 있고, 심사에 따라 추가 확인이 들어갈 수도 있습니다. 음, 그러니까 정보 입력이 끝나면 바로 개설되는 거예요? 서류와 정보가 모두 맞으면 바로 개설 가능하지만, 개인 정보가 불일치하면 중단될 수 있습니다. 본인 명의 확인이 가장 중요하다는 점만 기억하시면 됩니다. 개설 절차는 어렵지 않으니 천천히 진행하셔도 됩니다.",0,A,6,54
normal_aug_0547,"고객님 카드 한도 조회 관련해서 확인해 드리겠습니다. 먼저 본인 확인을 위해 성함이랑 생년월일 부탁드립니다. 네, 확인됐습니다. 현재 카드 이용 한도는 조회 가능하고요, 해외 거래 가능 여부도 함께 안내드릴 수 있습니다. 아, 해외에서 쓰려는 건데 지금 바로 가능할까요? 네, 해외 거래는 기본적으로 차단 설정이 되어 있을 수 있어서 확인이 필요합니다. 고객님 카드 상태상 온라인 해외 이용은 가능하지만, 오프라인 해외 거래는 별도 승인 설정이 있어야 합니다. 그러면 카드 이용 한도는 충분한가요? 네, 조회상 남은 한도는 있습니다. 다만 해외 거래는 환율 변동이 있어서 실제 승인 금액이 조금 다르게 잡힐 수 있습니다. 아, 그럼 제가 미리 설정을 바꿔야 하겠네요. 맞습니다. 해외 이용 가능 상태로 전환해 드릴 수 있고, 카드 이용 범위도 함께 조정 가능합니다. 거래 예정 국가나 기간을 말씀해 주시면 더 정확히 확인해 드릴게요. 지금 설정해 두면 나중에 다시 바꾸지 않아도 됩니다. 필요하시면 바로 처리 도와드리겠습니다.",0,A,7,54
normal_aug_0548,"전화 잘 받았습니다. 카드 한도랑 해외 거래 가능 여부 때문에 문의드렸는데요. 네, 확인해 드리겠습니다. 본인 확인 먼저 하겠습니다. 성함, 생년월일, 카드 마지막 번호 부탁드립니다. 네, 확인됐고요. 현재 카드 이용 한도는 남아 있습니다. 그리고 해외 거래는 가능 상태로 조회됩니다. 아, 그럼 해외 쇼핑몰 결제도 되는 건가요? 네, 온라인 해외 거래는 가능하고, 현지에서 직접 카드 이용하는 것도 가능으로 확인됩니다. 다만 일부 가맹점은 승인 방식이 달라서 거래가 거절될 수는 있습니다. 음, 그럴 수도 있군요. 네, 그리고 해외 이용 시에는 카드에 따라 별도 제한이 걸릴 수 있어서, 출국 전에 한 번 더 확인하시는 걸 권해드립니다. 카드 이용 금액이 크면 임시로 거래 한도를 올려야 할 수도 있고요. 아, 한도도 조회해 주실 수 있나요? 네, 가능합니다. 현재 한도와 해외 거래 가능 여부를 같이 문자로 안내드리겠습니다. 나중에 해외에서 카드가 안 되는 상황을 줄이려면 미리 설정 확인하는 게 좋습니다.",0,A,8,54
normal_aug_0549,"네, 고객님께서 대출금 입금 요청을 남기셔서 확인 전화 드렸습니다. 다만 입금 전에 본인 확인 통화가 필요합니다. 아, 요청은 넣어놨는데 바로 안 되는 건가요? 네, 대출금 입금은 요청만으로는 진행이 어렵고, 본인 확인 통화 절차를 거쳐야 합니다. 고객님 명의와 신청 정보가 일치하는지 확인하는 단계입니다. 그러면 어떤 걸 말씀드리면 되나요? 성함, 생년월일, 연락처 끝자리, 그리고 신청하신 대출 건의 간단한 내용 확인이 필요합니다. 아, 그럼 지금 통화에서 확인되면 입금이 진행되는 거네요. 맞습니다. 본인 확인이 끝나면 대출금 입금 요청 건을 처리하고, 입금 예정 시점도 안내드릴 수 있습니다. 음, 혹시 제가 못 받으면 어떻게 되죠? 통화가 안 되면 보류될 수 있어서요, 다시 연락드리거나 고객님께서 편한 시간에 통화 요청을 주시면 됩니다. 대출 입금은 중요한 절차라서 본인 확인 통화가 꼭 필요합니다. 확인되면 바로 이어서 진행해 드리겠습니다.",0,A,9,54
normal_aug_0550,"저기요, 대출금 입금 요청을 해 둔 상태인데 아직 처리가 안 돼서 연락드렸어요. 네, 확인해 보겠습니다. 고객님 건은 접수는 되어 있는데, 입금 전에 본인 확인 통화가 한 번 더 필요합니다. 아, 요청만으로는 바로 입금 안 되는군요. 네, 맞습니다. 대출금은 요청이 접수되더라도 본인 확인이 끝나야 입금이 가능합니다. 지금 통화로 확인되면 처리 가능한가요? 네, 가능합니다. 성함과 생년월일, 신청 정보 몇 가지만 확인하면 됩니다. 음, 제가 따로 준비할 게 있나요? 휴대폰 수신 상태만 괜찮으면 됩니다. 본인 확인 통화가 끝나면 입금 진행 여부와 예상 시점을 바로 안내드릴 수 있습니다. 아, 그러면 통화 끝나고 바로 입금될 수도 있겠네요. 경우에 따라 그렇습니다. 다만 추가 확인이 필요한 경우에는 조금 더 걸릴 수 있습니다. 오늘 중으로 처리할 수 있도록 먼저 본인 확인부터 도와드리겠습니다. 요청 내역은 이미 접수되어 있으니 너무 걱정하지 않으셔도 됩니다.",0,A,10,54
normal_aug_0551,"아침에 뉴스 보다가 깜짝 놀랐어. 명의 도용 사건이 또 났다더라. 그냥 이름만 가져다 쓰는 수준이 아니라, 생활 전반이 다 엉킬 수 있대. 수사도 시작됐다는데, 괜히 남 일 같지가 않더라. 그래서 내가 엄마한테도 바로 말했어, 모르는 문자 오면 절대 누르지 말라고. 특히 명의, 도용 이런 건 한 번 걸리면 되돌리기 너무 힘들다니까. 진짜 사건 하나로 며칠이 다 뒤집히는 것 같았어. 응, 그런 수사 들어가면 시간도 오래 걸리고 마음고생도 크다더라. 너도 요즘 서류나 인증 같은 거 함부로 넘기지 마, 내가 괜히 말하는 거 아니야. 아침부터 그런 사건 보면 하루 종일 찝찝하더라...",0,B,1,55
normal_aug_0552,"어제 아침 뉴스 다시 보는데 명의 도용 사건 얘기가 나오더라. 처음엔 별일 아닌 줄 알았는데, 피해자 분이 수사 받으러 다니느라 일도 못 했대. 아, 그런 사건은 진짜 사람을 지치게 하겠더라. 이름, 주민번호, 이런 명의 정보가 한번 도용되면 은행이며 병원이며 다 엉킬 수 있다잖아. 그래서 내가 동생한테도 바로 얘기했어, 신분증 사진 함부로 보내지 말라고. 수사 결과도 오래 걸릴 수 있고, 중간에 또 다른 도용이 생길 수도 있다더라. 듣고 보니 나도 좀 겁나더라고. 네가 괜히 의심 많아지는 게 아니라, 이런 사건은 진짜 조심해야 하는 거야. 신경 쓰이는 날이었어, 뉴스 하나로 사람 마음이 이렇게 무거워지나 싶고.",0,B,2,55
normal_aug_0553,"방금 모르는 번호로 전화 왔는데, 자기 수사관이라고 하더라. 처음엔 어? 하고 들었는데 말투가 너무 이상해서 바로 끊었어. 내 이름이 범죄 연루돼 있다나 뭐라나, 그런 식으로 겁주는데 진짜 어이없더라. 조사받아야 한다고 계속 몰아가길래, 내가 잠깐만요 하고 끊었지. 수사관이니 조사니 하는 말을 너무 자연스럽게 해서 잠깐 흔들릴 뻔했는데, 생각해 보니까 말이 안 맞아. 진짜 범죄 연루 같은 단어를 막 던지면서 불안하게 만들더라. 너도 그런 전화 오면 절대 길게 듣지 마. 나중에 또 오면 번호 저장하고 바로 차단하려고. 사람을 헷갈리게 하는 게 목적 같았어, 완전.",0,B,3,55
normal_aug_0554,"아까 진짜 황당한 전화 받았어. 자기가 수사관이라면서 내 계좌가 범죄 조사에 연루됐다고 하더라. 아니, 갑자기 그런 말을 하면 누가 안 놀라냐고. 어쩌고저쩌고 조사 협조해야 한다고 하길래 내가 좀 들어보다가, 말이 앞뒤가 안 맞아서 바로 끊었어. 수사관이면 이렇게 허술할 리가 없잖아. 그리고 내 이름도 제대로 못 부르는데 무슨 조사야. 아마 일부러 겁줘서 속이려는 거였겠지. 너한테도 이런 전화 오면 절대 응대 길게 하지 말고 끊어. 괜히 범죄, 연루 이런 말에 휘둘리면 피곤해져. 오늘은 진짜 전화 한 통에 기운 다 빠졌어.",0,B,4,55
normal_aug_0555,"어제 다큐 봤는데, 불법 대포 통장 개설 얘기가 나오더라. 처음엔 그냥 금융 이야기인 줄 알았는데, 알고 보니까 피해자들이 너무 많아서 좀 무겁게 보게 됐어. 불법으로 통장을 개설해 놓고 여기저기 돌리는 구조라던데, 그 과정에서 피해자만 계속 생기더라고. 진짜 무서운 건, 본인은 잘 모르고 이름만 빌려줬다가도 엮일 수 있다는 거였어. 대포라는 말이 왜 붙는지 알겠더라, 딱 물건처럼 여기저기 옮겨 다니는 느낌이잖아. 보고 나서 나도 계좌 관련 문자나 제안은 더 조심해야겠다고 생각했어. 이런 다큐는 좀 답답해도 볼 필요는 있는 것 같아.",0,B,5,55
normal_aug_0556,"그 다큐 나도 봤어. 불법 대포 통장 개설이 생각보다 교묘하더라. 그냥 아르바이트처럼 속여서 시작하게 만들고, 나중엔 피해자가 오히려 책임을 뒤집어쓰는 식이잖아. 진짜 억울한 피해자들 많겠더라. 개설 자체가 문제인 줄도 모르고 넘어가는 경우도 있다니, 너무 위험해. 그리고 대포라고 하니까 되게 옛날 얘기 같은데, 실제로는 지금도 계속 나온다니까 더 놀랐어. 나중에 친구들한테도 꼭 말하려고, 계좌 빌려달라는 말은 무조건 거절하라고. 불법은 불법인 이유가 있더라. 다큐 보고 나니까 금융 쪽은 아무리 사소해 보여도 쉽게 보면 안 되겠어.",0,B,6,55
normal_aug_0557,"단톡방에 기사 하나 공유했어. 서울에서 대규모 보이스피싱 일당이 검거됐대. 남성 여러 명이 한꺼번에 잡혔다고 나오더라. 기사 보자마자 다들 난리였어, 어떻게 서울 한복판에서 그렇게 오래 못 잡았나 싶다고. 그런데 막상 읽어보니까 현장에서 발견된 단서가 꽤 결정적이었대. 남성 일당이 조직적으로 움직였던 모양이더라. 검거됐다는 소식 들으니 속이 좀 후련하긴 했어. 그래도 이런 거 보면 아직도 조심할 게 많구나 싶지. 너도 기사 봤으면 알겠지만, 발견된 증거가 있어서 빨리 검거됐다더라. 단톡방에서 다들 번호 조심하자고 난리였어.",0,B,7,55
normal_aug_0558,"아까 서울에서 보이스피싱 일당 검거됐다는 기사 봤는데, 바로 단톡방에 올렸어. 남성 몇 명이 조직적으로 움직였다더라, 생각보다 규모가 커서 깜짝 놀랐어. 서울에서 그런 일당이 오래 버틴 것도 신기하고, 결국 현장에서 발견된 자료 때문에 검거가 됐다나 봐. 다들 기사 보고 바로 자기들도 문자 조심해야겠다고 하더라. 나도 읽으면서 좀 무서웠어, 남성 일당이 이렇게 치밀하게 움직였다니. 검거 소식은 반갑지만, 이런 기사 볼 때마다 아직도 조심할 게 많다는 생각이 들어. 너도 혹시 봤으면, 진짜 이상한 연락은 바로 끊어.",0,B,8,55
normal_aug_0559,"회사 보안 교육 듣는데 녹취 얘기가 계속 나오더라. 누가 말을 했는지, 어떤 진술이 있었는지 남아야 한다는 건데, 너무 빡빡해서 좀 피곤했어. 그리고 개인정보 관련해서는 정보 하나 잘못 다루면 큰일 난다면서 또 반복하고. 음, 맞는 말이긴 한데, 듣는 입장에선 괜히 겁나더라. 압수 얘기까지 나오니까 더 조심하라고 하는 것 같았어. 결국 녹취도 필요할 때만 하고, 진술도 정확하게 남기고, 정보는 함부로 공유하지 말라는 거잖아. 알겠는데, 교육이 길어지니까 머리가 좀 아프더라. 너도 이런 거 들으면 좀 숨 막히지 않아?",0,B,9,55
normal_aug_0560,"오늘 보안 교육 진짜 길었어. 녹취할 때 뭐를 조심해야 하는지, 진술은 어떻게 남겨야 하는지, 정보는 어디까지 공유하면 안 되는지 계속 배우는데... 듣다 보니 내가 일을 하는 건지 시험 보는 건지 모르겠더라. 압수 가능성까지 언급하면서 예시를 들는데, 괜히 마음이 쪼그라들었어. 그래도 녹취 습관이랑 개인정보 보호는 중요하긴 하겠지. 진술 하나 흐트러지면 나중에 확인할 때 곤란하다고 하니까. 정보 관리도 그냥 넘기면 안 되고, 파일 이름부터 조심하래. 근데 교육 자료가 너무 많아서 헷갈렸어. 아, 이런 건 한 번만 듣는다고 되는 게 아닌가 봐. 다음엔 메모라도 제대로 해야겠다.",0,B,10,55
normal_aug_0561,"네, 말씀하세요. 아, 저 어제 대출 심사 결과를 받았는데요, 승인됐다고 해서요. 그다음 절차가 좀 궁금해서 전화드렸습니다. 네, 확인 도와드리겠습니다. 본인 확인을 위해 생년월일과 휴대폰 번호를 말씀해 주시겠습니까? 네, ▲▲▲▲년 ▲▲월 ▲▲일이고, 휴대폰은 ▲▲▲▲-▲▲▲▲-▲▲▲▲입니다. 성함도 부탁드립니다. ▲▲▲입니다. 네, 감사합니다. 고객님 대출은 승인 완료 상태로 확인됩니다. 자금은 신청하신 계좌로 지급되며, 지급 후에는 매달 정해진 날짜에 상환하시면 됩니다. 상환 방식은 원리금 균등 방식으로 진행되시고, 이율은 안내받으신 조건 그대로 적용됩니다. 아, 그러면 중간에 상환을 조금 더 넣는 것도 가능한가요? 네, 가능합니다. 다만 일부 상환을 하실 경우 잔여 자금 기준으로 이율 적용이 다시 안내될 수 있어서, 상환 전에 한 번 더 확인하시는 게 좋습니다. 아, 네. 그럼 자동이체로 상환해도 되나요? 네, 가능하십니다. 자동이체 등록 후에는 매달 상환일에 맞춰 출금되며, 이율과 상환 금액은 안내 문자로도 다시 받아보실 수 있습니다. 고객님 대출 건은 승인 후 자금 실행만 남아 있는 상태고, 상환 일정도 같이 잡혀 있으니 참고 부탁드립니다.",0,A,1,56
normal_aug_0562,"여보세요, 저 대출 관련해서 문의드리려고요. 승인 연락은 받았는데, 상환 방법이랑 이율을 다시 듣고 싶어서요. 네, 도와드리겠습니다. 먼저 본인 확인하겠습니다. 성함, 생년월일, 휴대폰 번호 말씀해 주시겠어요? 예, ▲▲▲이고, ▲▲▲▲년 ▲▲월 ▲▲일, 휴대폰은 ▲▲▲▲-▲▲▲▲-▲▲▲▲입니다. 확인됐습니다. 고객님 대출은 승인 완료되었고, 자금은 지정 계좌로 입금됩니다. 상환은 매달 납부일에 맞춰 하시면 되고, 원하시면 자동이체로도 가능하십니다. 이율은 현재 심사 승인 조건대로 적용되며, 자세한 수치는 계약서와 안내문에서 다시 확인하실 수 있습니다. 아, 그럼 상환 시작일은 제가 따로 정하는 건가요? 아니요, 대출 실행일 기준으로 안내드린 일정에 맞춰 상환이 시작됩니다. 만약 상환일 변경이 필요하시면 일부 상품은 조정이 가능하지만, 승인 조건에 따라 제한이 있을 수 있습니다. 아, 네. 그리고 자금이 들어오는 계좌를 바꾸고 싶으면요? 그건 실행 전에만 가능하신 경우가 많아서, 지금 바로 확인해 드릴게요. 잠시만 기다려 주시겠습니까? 네. 네, 확인되었습니다. 변경 가능 범위 안에 들어가서 처리 도와드릴 수 있습니다. 고객님은 승인받으신 대출의 자금 입금 계좌와 상환 방식만 마지막으로 정리하시면 됩니다.",0,A,2,56
normal_aug_0563,"아, 은행 납부 건 때문에 전화했는데요, 오늘 아직 처리 안 됐더라고요. 네, 확인해 보겠습니다. 우선 본인 확인을 위해 성함과 생년월일, 휴대폰 번호를 말씀해 주시겠습니까? 예, ▲▲▲이고, ▲▲▲▲년 ▲▲월 ▲▲일, 휴대폰은 ▲▲▲▲-▲▲▲▲-▲▲▲▲입니다. 감사합니다. 고객님 건은 전산 점검이 잠시 있어서 납부 접수가 지연된 것으로 확인됩니다. 접수는 정상적으로 들어와 있는데, 전산 반영이 늦어져서 금액이 바로 처리되지 않은 상태입니다. 아, 그러면 제가 납부한 금액이 사라진 건 아니죠? 네, 아닙니다. 금액은 접수 내역에 그대로 보관되어 있고, 전산이 복구되면 순차적으로 납부 완료 처리됩니다. 다만 조금 전에 들어온 건은 반영까지 시간이 걸릴 수 있습니다. 아, 그럼 오늘 안에 확인될까요? 현재로서는 전산 상태를 봐야 해서 정확한 시간은 말씀드리기 어렵지만, 접수 순서대로 처리되고 있습니다. 고객님께서 다시 납부하실 필요는 없고요, 전산 복구 후 금액 처리 결과가 문자로 안내될 예정입니다. 아, 알겠습니다. 그럼 제가 따로 뭘 해야 하나요? 지금은 기다려 주시면 됩니다. 혹시 장시간 지나도 납부 확인이 안 되면 다시 연락 주시면 전산 접수 번호로 재확인해 드리겠습니다.",0,A,3,56
normal_aug_0564,"네, 들리십니까? 아, 네. 제가 어제 은행 납부를 하려다 전산이 안 된다고 해서요. 지금 접수된 납부 금액이 맞는지 확인하려고 전화드렸습니다. 본인 확인부터 도와드리겠습니다. 성함, 생년월일, 휴대폰 번호 부탁드립니다. 네, ▲▲▲이고요, ▲▲▲▲년 ▲▲월 ▲▲일, 휴대폰은 ▲▲▲▲-▲▲▲▲-▲▲▲▲입니다. 감사합니다. 확인되었습니다. 고객님 건은 전산 오류로 인해 납부 접수가 지연된 상태이며, 금액 자체는 정상 접수되어 있습니다. 혹시 같은 금액을 다시 보내실 필요는 없습니다. 아, 그럼 전산만 복구되면 자동으로 납부 처리되는 거죠? 네, 맞습니다. 전산이 정상화되면 접수된 금액 기준으로 순차 반영됩니다. 다만 납부일이 임박한 경우에는 시스템 처리 시간 때문에 조금 늦게 보일 수 있습니다. 아, 네. 그럼 제가 확인할 수 있는 방법도 있나요? 네, 문자로 접수 번호와 함께 안내드릴 예정이고, 납부 완료 여부는 앱이나 홈페이지에서도 조회가 가능합니다. 전산 복구 전에 문의가 많아서 지금은 접수 처리만 먼저 해두는 상황입니다. 아, 알겠습니다. 금액이 이중으로 빠질까 봐 걱정했는데 그건 아닌 거네요. 네, 고객님. 전산 문제로 접수 반영만 늦어진 것이고, 금액 이중 처리 우려는 없습니다. 복구되는 대로 바로 안내드리겠습니다.",0,A,4,56
normal_aug_0565,"여보세요, 비대면 계좌 개설 때문에 연락드렸는데요. 신분증 넣고 하다가 중간에 멈춰서요. 아, 확인해 드리겠습니다. 본인 명의로 개설하시는 게 맞으신지, 먼저 성함과 생년월일 말씀 부탁드립니다. 네, ▲▲▲이고 ▲▲▲▲년 ▲▲월 ▲▲일입니다. 휴대폰 번호도요. ▲▲▲▲-▲▲▲▲-▲▲▲▲입니다. 감사합니다. 고객님은 현재 입력하신 정보와 개인 인증 정보가 일치해서 개설 진행이 가능합니다. 다만 추가로 확인할 개인 정보가 몇 가지 필요합니다. 아, 어떤 정보요? 주소지와 직업 정보, 그리고 계좌 개설 목적을 간단히 확인합니다. 고객님 명의로 개설되는 절차라서 명의 확인이 중요하거든요. 아, 네. 개인 용도고, 급여 받는 용도로 쓰려는 겁니다. 네, 확인되었습니다. 개설 과정에서 신분증 사진이 흐리게 보이면 다시 촬영하셔야 하고, 정보가 한 글자라도 다르면 개설이 중단될 수 있습니다. 아, 그래서 멈췄던 거구나. 네. 혹시 다른 사람 명의로 된 휴대폰이나 주소를 넣으신 건 없는지 한 번만 확인 부탁드립니다. 명의와 정보가 정확히 맞아야 개설이 완료됩니다. 아, 다 제 명의 맞습니다. 그럼 계속 진행하시면 되고, 마지막 단계에서 약관 동의만 하시면 개설 완료됩니다.",0,A,5,56
normal_aug_0566,"안 그래도 계좌 하나 새로 만들려다가 막혀서요. 비대면 개설이 처음이라 정보 입력하는 게 헷갈리더라고요. 네, 도와드리겠습니다. 먼저 명의 확인을 위해 본인 성함, 생년월일, 휴대폰 번호를 말씀해 주세요. 예, ▲▲▲이고요, ▲▲▲▲년 ▲▲월 ▲▲일, 휴대폰은 ▲▲▲▲-▲▲▲▲-▲▲▲▲입니다. 확인됐습니다. 고객님 명의로 개설하실 계좌가 맞고, 개인 정보 확인 절차만 남았습니다. 주소, 직장 정보, 그리고 계좌 사용 목적을 입력하셔야 합니다. 아, 계좌 개설 목적도 적어야 해요? 네, 비대면 개설은 정보 확인이 필요해서요. 개인 용도인지, 급여 수령인지, 생활비 관리인지 정도만 간단히 적으시면 됩니다. 아, 알겠습니다. 그런데 제가 전에 쓰던 번호가 있어서 그걸 넣었는데, 그건 안 되는 거죠? 명의가 본인과 일치하면 가능하지만, 개설 과정에서는 현재 인증받는 휴대폰 번호와 정보가 맞아야 합니다. 개인 정보가 다르면 개설이 보류될 수 있습니다. 아, 그럼 지금 번호로 다시 해야겠네요. 네, 맞습니다. 그리고 신분증 사진이 선명해야 하고, 주소도 주민등록상 정보와 맞아야 합니다. 고객님은 명의 확인만 잘 되면 개설은 무리 없이 진행되실 겁니다.",0,A,6,56
normal_aug_0567,"잠시만요, 카드 한도 조회 좀 하고 싶은데요. 해외에서 쓸 일이 생겨서 카드 이용이 되는지 궁금해요. 네, 확인 도와드리겠습니다. 본인 확인을 위해 성함과 생년월일, 휴대폰 번호 말씀 부탁드립니다. 네, ▲▲▲이고요, ▲▲▲▲년 ▲▲월 ▲▲일, 휴대폰은 ▲▲▲▲-▲▲▲▲-▲▲▲▲입니다. 감사합니다. 고객님 카드 이용 가능 한도는 현재 조회 가능하며, 국내 거래는 정상 이용 중이십니다. 해외 거래 가능 여부는 카드 종류와 해외 이용 등록 상태에 따라 달라집니다. 아, 그럼 제 카드는 해외 거래가 바로 가능한가요? 네, 잠시 조회해 보겠습니다. ...네, 현재는 해외 거래가 가능하도록 설정되어 있습니다. 다만 일부 가맹점은 추가 인증이 필요할 수 있습니다. 아, 카드 한도는 충분한가요? 네, 현재 이용 한도는 여유가 있고, 해외 거래 시에도 잔여 한도 내에서는 사용 가능합니다. 환율이나 해외 승인 시간 때문에 금액이 바로 보이지 않을 수도 있습니다. 아, 그럼 해외에서 결제하면 승인 문자가 오는 거죠? 네, 맞습니다. 거래 시 승인 알림이 발송되고, 이용 내역도 바로 확인하실 수 있습니다. 고객님 카드는 현재 해외 거래 가능 상태라서 사용은 가능하십니다. 혹시 출국 전에 해외 이용 정지 여부만 다시 한 번 확인하시면 더 안심이 되실 겁니다.",0,A,7,56
normal_aug_0568,"저기요, 카드 한도 좀 확인하려고 전화드렸는데요. 이번에 해외에서 거래할 일이 있어서 이용이 되는지 봐주실 수 있나요? 네, 가능합니다. 우선 본인 확인하겠습니다. 성함, 생년월일, 휴대폰 번호 말씀해 주세요. 예, ▲▲▲이고 ▲▲▲▲년 ▲▲월 ▲▲일, 휴대폰은 ▲▲▲▲-▲▲▲▲-▲▲▲▲입니다. 확인됐습니다. 고객님 카드의 현재 이용 한도는 조회 가능하고, 일반 거래는 정상입니다. 해외 거래는 별도 설정에 따라 가능 여부가 달라지는데, 고객님 건은 해외 이용이 열려 있습니다. 아, 다행이네요. 그런데 한도 다 쓰면 해외에서도 안 되는 거죠? 네, 맞습니다. 카드 한도 범위 안에서만 거래 가능하고, 한도를 초과하면 승인이 나지 않습니다. 해외 거래는 특히 현지 가맹점마다 승인 방식이 달라서, 가끔은 금액이 바로 반영되지 않을 수 있습니다. 아, 혹시 일시적으로 해외 이용을 막아둘 수도 있나요? 네, 고객님이 원하시면 해외 거래 제한 설정도 가능하고, 다시 풀어서 이용 가능하게 바꾸실 수도 있습니다. 아, 지금은 그냥 쓰게 해 주세요. 네, 현재 설정으로는 해외 거래 가능 상태입니다. 카드 이용 내역은 문자로도 확인 가능하시고, 필요하시면 한도 상향 상담도 별도로 안내드릴 수 있습니다.",0,A,8,56
normal_aug_0569,"네, 말씀하세요. 아, 대출 입금 요청을 넣었는데 아직 돈이 안 들어와서요. 접수는 된 건지 확인하려고 전화드렸습니다. 확인 도와드리겠습니다. 본인 확인을 위해 성함, 생년월일, 휴대폰 번호 부탁드립니다. 예, ▲▲▲이고요, ▲▲▲▲년 ▲▲월 ▲▲일, 휴대폰은 ▲▲▲▲-▲▲▲▲-▲▲▲▲입니다. 감사합니다. 고객님 대출 입금 요청은 접수되어 있습니다. 다만 입금 처리 전에 본인 확인 통화 절차가 필요해서 잠시 대기 중입니다. 아, 그럼 요청은 문제없이 들어간 거군요? 네, 맞습니다. 요청 자체는 정상 접수되었고, 통화 확인이 완료되어야 입금 진행이 됩니다. 고객님께서 직접 신청하신 건지, 그리고 입금받으실 계좌가 맞는지 확인이 필요합니다. 아, 네. 제가 요청한 거 맞고요, 제 계좌로 받는 겁니다. 감사합니다. 그러면 입금 전 최종 확인만 마치면 됩니다. 대출은 심사 결과가 확인된 상태이고, 입금은 본인 확인 통화 후 순차 처리됩니다. 아, 혹시 제가 다시 전화해야 하나요? 아니요, 지금 통화에서 확인되면 바로 이어서 진행 가능합니다. 요청 내역과 입금 계좌가 일치하는지 확인만 끝나면 처리해 드리겠습니다.",0,A,9,56
normal_aug_0570,"아, 대출금 입금 요청 넣었는데요, 전화가 와야 한다고 해서 기다리고 있었어요. 지금 통화로 본인 확인하면 되는 건가요? 네, 맞습니다. 먼저 본인 확인하겠습니다. 성함과 생년월일, 휴대폰 번호 말씀해 주시겠어요? 네, ▲▲▲이고 ▲▲▲▲년 ▲▲월 ▲▲일, 휴대폰은 ▲▲▲▲-▲▲▲▲-▲▲▲▲입니다. 확인되었습니다. 고객님 요청은 접수되어 있고, 대출 입금은 본인 확인 통화 절차가 완료되어야 진행됩니다. 아, 그럼 지금 통화가 그 절차인 거네요? 네, 그렇습니다. 대출 입금 요청이 접수된 이후에 본인 확인이 안 되면 보류될 수 있어서요. 입금받을 계좌가 고객님 명의인지, 그리고 요청하신 금액이 맞는지 마지막으로 확인합니다. 아, 네. 제 명의 계좌 맞고, 요청한 금액도 맞습니다. 감사합니다. 그러면 입금 절차를 진행하겠습니다. 통화가 끝난 뒤 잠시 후 입금 확인이 가능하실 겁니다. 혹시 문자로도 안내가 갈 예정이니 확인 부탁드립니다. 아, 알겠습니다. 요청만 넣으면 바로 되는 줄 알았는데 통화 절차가 있군요. 네, 대출 입금은 본인 확인 때문에 전화 통화가 꼭 필요합니다. 지금 확인 완료되었으니 정상적으로 처리 도와드리겠습니다.",0,A,10,56
normal_aug_0571,"아침 뉴스 보다가 진짜 깜짝 놀랐어. 그 명의 도용 사건 말이야, 피해 규모가 생각보다 크더라... 내가 보니까 수사도 아직 진행 중이고, 명의가 한 번 도용되면 복구하는 데도 시간이 꽤 걸린대. 어, 그래서 너도 요즘 문자 오는 거 함부로 누르지 말고, 신분증 사진 이런 것도 조심해야 할 것 같아. 맞아, 나도 뉴스 보고 바로 비밀번호부터 바꿨다. 이런 사건은 남 일이 아닌 것 같아. 수사 결과 나와도 한동안은 계속 조심해야겠다 싶더라. 그러니까, 명의 도용은 진짜 한순간이네, 수사도 오래 간다는데 괜히 방심하면 안 되겠어.",0,B,1,57
normal_aug_0572,"응, 나도 아침에 그 사건 봤어. 이름만 들어도 좀 섬뜩하더라... 명의 도용이 그렇게 쉽게 되는 줄 몰랐어. 수사 들어갔다고는 하던데, 피해자들 생각하면 너무 답답하지 않냐. 어, 그리고 요즘은 택배 문자나 은행 안내인 척 오는 것도 많잖아. 그런 거에 내 정보 적으면 바로 도용으로 이어질 수 있다니까. 그래서 나도 가족들한테 다 말했어, 주민번호나 계좌 정보는 절대 알려주지 말라고. 그 사건 보니까 진짜 예방이 제일 중요하더라.",0,B,2,57
normal_aug_0573,"아까 모르는 번호로 전화 왔는데, 수사관이라고 하더라. 나한테 범죄 연루됐다고 해서 순간 심장이 철렁했잖아... 근데 말투가 너무 이상해서 바로 끊었어. 어휴, 요즘 그런 전화가 많다더니 진짜였네. 나중에 생각해 보니까 조사 받으라느니, 계좌 확인하라느니 하면서 계속 몰아붙이더라. 수사관 사칭이란 걸 알았으니 다행이지, 괜히 겁먹고 말 휘둘렸으면 큰일 날 뻔했어. 너도 혹시 그런 전화 오면 절대 응하지 마. 범죄 연루된 것처럼 말해도 그냥 끊고 확인하는 게 낫대.",0,B,3,57
normal_aug_0574,"나도 비슷한 전화 받은 적 있어. 수사관이라고 하면서 네 이름이 어떤 범죄 조사에 올라갔다고 했거든. 어, 처음엔 진짜인 줄 알고 대답할 뻔했는데, 계속 통화 유도하는 게 이상해서 바로 끊었어. 그러고 나서 보니까 번호도 일반 번호처럼 보이게 해놨더라. 이런 건 진짜 조사할 것도 없이 사기라는 생각이 들더라. 수사관 사칭은 말만 그럴듯하지, 조금만 따져 보면 수상한 점이 많아. 괜히 연루된 것처럼 겁주면 안 되는 거잖아. 나중에 가족들한테도 다 말해놨다. 그런 전화 오면 절대 개인정보 얘기하지 말라고.",0,B,4,57
normal_aug_0575,"어제 그 다큐 봤는데, 불법 대포통장 개설 이야기가 생각보다 복잡하더라. 그냥 누가 통장 하나 빌려 쓰는 정도인 줄 알았는데, 피해자들 얘기 나오니까 완전 다르더라... 어, 이름만 빌려줘도 나중에 피해자 소리 들을 수 있대서 소름 돋았어. 개설 과정도 교묘하고, 불법이라는 말이 딱 맞더라. 주변 사람들은 별일 아니라고 생각할 수 있는데, 실제로는 연루된 사람들까지 다 힘들어지잖아. 나 다큐 보고 나서, 괜히 쉽게 돈 벌 수 있다는 말 들으면 더 의심해야겠다고 느꼈어.",0,B,5,57
normal_aug_0576,"나도 그 다큐 봤어. 대포통장 개설을 그렇게 쉽게 유도하는 줄 몰랐어. 어, 특히 피해자들이 나중에 자기 이름으로 불법 거래가 오간 걸 알고 충격받는 장면이 좀 마음 아프더라. 그냥 통장 잠깐 쓰는 건데 뭐 어때, 이런 식으로 접근하는 게 제일 위험한 거 같아. 불법인 줄 알면서도 넘어가면 결국 본인도 피해자이면서 가해로 엮일 수 있으니까. 다큐가 괜히 만든 게 아니더라. 나도 보고 나서 계좌 관련해서는 더 조심하게 됐어. 대포라는 말이 왜 그렇게 무거운지 알겠더라.",0,B,6,57
normal_aug_0577,"서울에서 보이스피싱 일당 남성들 검거됐다는 기사 봤어? 단톡방에 누가 올려서 바로 읽었는데, 와... 서울 한복판에서 그렇게 오래 활동했다는 것도 놀랍고, 남성들 얼굴 사진도 발견되니까 더 실감 나더라. 검거됐다는 소식은 반갑긴 한데, 그동안 얼마나 많은 사람이 당했을지 생각하면 좀 씁쓸해. 어, 기사에 나온 수법도 너무 교묘해서 무섭더라. 서울에서 발견됐다길래 다들 한 번씩 조심하자고 난리였어. 이런 건 발견되고 검거되는 것도 중요하지만, 미리 경계하는 게 진짜 큰일 같아.",0,B,7,57
normal_aug_0578,"단톡방에 그 기사 봤어, 서울에서 남성 여러 명이 검거됐다는 거. 어휴, 제목만 봐도 일단 시선이 가더라. 기사 내용 보니까 발견된 장소도 서울 쪽이더라? 그래서 더 시끌시끌했어. 검거됐다는 건 다행인데, 그 사이에 피해 본 사람들은 어쩌나 싶고... 남성들 몇 명이서 조직적으로 움직였다는 식으로 나오니까 더 소름이었어. 나도 그 기사 읽고 나서 가족한테 바로 말했어, 이상한 전화나 메시지 오면 무조건 끊으라고. 서울에서 이런 사건이 또 나오니까 남 일 같지가 않더라. 발견됐다, 검거됐다 이런 말보다 예방이 먼저인 거 같아.",0,B,8,57
normal_aug_0579,"오늘 회사 보안 교육 진짜 길었어. 녹취를 꼭 남겨야 한다고 계속 강조하던데, 솔직히 듣다 보니 머리가 아프더라... 진술이 조금이라도 애매하면 나중에 확인이 어렵다면서 녹취부터 하라고 하잖아. 어, 물론 정보 보호가 중요하다는 건 알겠는데, 너무 자잘한 정보까지 다 적어야 해서 번거롭더라. 압수나 이런 말까지 나오니까 괜히 긴장도 되고. 교육 담당자는 다 이유가 있다고 했지만, 현장에서는 바로바로 처리해야 해서 쉽지가 않아. 그래도 정보 유출되면 더 큰 문제니까 어쩔 수 없겠지.",0,B,9,57
normal_aug_0580,"나도 그 교육 들었는데, 녹취 부분에서 특히 귀가 아팠다. 진술 남길 때도 정확해야 하고, 정보는 함부로 공유하면 안 된다고 계속 말하더라. 어, 그리고 압수 절차 얘기까지 나와서 괜히 너무 무거운 분위기였어. 사실 일하면서 그런 정보 정리하는 게 제일 번거로운데, 나중에 문제 생기면 다 녹취랑 기록으로 확인한다니까 신경 쓰이더라. 진술 한마디가 이렇게 중요할 줄은 몰랐어. 그래도 교육 듣고 나니까 대충 넘기면 안 되겠다는 생각은 들었어. 정보는 진짜 조심해야 하더라, 한 번 새면 끝이니까.",0,B,10,57
normal_aug_0581,"네, 지금 대출 심사 결과는 승인으로 확인되셨고요. 우선 축하드린다는 말씀부터 드리겠습니다. 아, 다만 승인 이후에는 자금 사용 계획에 맞춰 상환 방법을 정하셔야 해서 제가 순서대로 안내드릴게요. 상환은 매월 원리금 균등 방식하고, 만기 일시 상환 방식이 있는데 고객님 상황에는 매달 나눠 갚는 방식이 조금 더 편하실 수 있습니다. 이율은 적용 구간에 따라 달라지는데, 현재 안내 가능한 범위는 연 몇 퍼센트대입니다. 네. 그럼 대출 승인 내용, 자금 집행 시점, 상환 시작일은 문자로도 보내드릴까요? 네, 보내주세요. 좋습니다. 그리고 중도 상환을 하시게 되면 수수료가 있을 수 있어서 그 부분도 같이 확인해 두시는 게 좋습니다. 아, 제가 말씀드린 상환 일정과 이율은 최종 약정서 기준으로 다시 한번 보셔야 하고요. 네네. 그러면 오늘 승인된 대출은 내일 자금 입금 예정으로 접수해 두고, 상환 계획 안내 문자까지 같이 발송해 드리겠습니다.",0,A,1,58
normal_aug_0582,"대출 승인 확인되셨습니다. 이제 자금 운용에 맞게 상환 방식 안내드릴게요. 음, 고객님은 월 납입 부담을 줄이려면 거치 기간이 있는 상품도 보실 수 있는데, 지금 승인된 대출은 기본 상환 방식으로 바로 진행됩니다. 이율은 고객님 신용도와 약정 기간에 따라 달라져서, 현재는 확정된 범위 안에서 안내가 가능하고요. 네. 상환일은 매달 같은 날짜로 잡히며, 자동이체로 연결해 두시면 편합니다. 아, 만약 상환 날짜 전에 자금이 여유로우시면 일부 상환도 가능하긴 한데, 그때는 수수료 조건을 따로 보셔야 합니다. 네, 알겠습니다. 고객님 대출 승인 내역과 상환 방법, 이율 설명은 접수 기록으로 남겨 드리고 문자도 함께 발송하겠습니다. 그럼 자금 입금 후 첫 상환일 기준으로 다시 한번 확인해 드릴게요.",0,A,2,58
normal_aug_0583,"죄송하지만 지금 은행 전산 시스템이 일시적으로 지연되고 있어서 고객님 납부 처리가 바로 반영되지 않고 있습니다. 아, 접수는 정상적으로 들어와 있는데 전산 확인 단계에서 시간이 조금 걸리고 있어요. 네. 고객님이 말씀하신 납부 금액은 확인되어 있는데, 전산 반영이 늦어져서 입금 내역이 바로 보이지 않는 상황입니다. 그렇다고 납부가 누락된 건 아니고요, 현재는 순차적으로 처리 중입니다. 그러면 제 납부가 아직 완료가 안 된 건가요? 아니요, 금액은 접수돼 있고 납부 요청도 정상 접수돼 있습니다. 다만 전산 오류로 표시만 늦는 거라서 잠시만 기다려 주시면 됩니다. 아, 불편 드려 죄송합니다. 전산 복구되는 대로 납부 내역을 다시 확인해서 문자로 안내드리겠습니다.",0,A,3,58
normal_aug_0584,"네, 말씀 주신 납부 건은 접수되어 있습니다. 그런데 지금 전산 쪽 오류가 있어서 금액 반영이 조금 늦어지고 있어요. 음, 고객님께서 납부하신 금액 자체는 맞게 들어왔고, 문제는 전산 화면에 바로 안 뜨는 부분입니다. 접수 상태는 유지되고 있으니 걱정하지 않으셔도 됩니다. 혹시 납부 마감에 영향이 생길까 봐 걱정되시죠. 네. 그 부분은 저희가 전산 복구 후 우선 반영되도록 확인하고 있습니다. 금액이 이중으로 처리되거나 그런 건 아니고요, 납부 접수만 잠시 지연된 상황입니다. 아, 다시 확인되면 제가 바로 연락드리겠습니다. 고객님 불편하셨을 텐데 조금만 양해 부탁드립니다.",0,A,4,58
normal_aug_0585,"비대면 계좌 개설 진행하시려는 거 맞으실까요? 네, 맞습니다. 우선 명의 확인부터 도와드려야 해서요. 고객님 본인 명의로 개설하시는지, 그리고 입력하신 개인 정보가 실제와 일치하는지 확인 절차가 필요합니다. 아, 성함하고 생년월일, 휴대폰 번호를 다시 한번 말씀해 주시겠어요? 네. 개설 과정에서는 주민등록상 주소와 연락 가능한 정보도 확인하고, 개인 정보 이용 동의가 있어야 진행됩니다. 그러면 제가 지금 말씀드린 정보가 다 맞으면 바로 개설 단계로 넘어가면 되는 거죠? 네, 맞습니다. 명의 확인이 끝나면 계좌 개설 심사가 진행되고, 본인 명의가 아니거나 정보가 다르면 중간에 멈추게 됩니다. 아, 고객님 개인 정보 보호를 위해 입력 내용은 개설 완료 전까지 여러 번 확인하게 되어 있습니다. 네. 그럼 확인된 정보로 비대면 계좌 개설 접수 진행하겠습니다.",0,A,5,58
normal_aug_0586,"계좌 개설 때문에 연락 주셨군요. 비대면 개설은 명의 확인이 먼저고요, 그다음에 개인 정보 확인 절차가 이어집니다. 음, 고객님이 본인 명의로 개설하시는지 확인해야 해서 성명, 생년월일, 주소 같은 정보가 필요합니다. 또 휴대폰 본인 인증도 같이 진행돼요. 네. 개인정보가 정확해야 개설이 완료되고, 타인 명의로는 진행이 어렵습니다. 아, 혹시 입력 중에 오타가 있으면 개설 단계에서 다시 확인될 수 있으니 말씀해 주시는 정보는 천천히 맞춰 주시면 됩니다. 네, 천천히 말씀드릴게요. 좋습니다. 확인된 개인 정보 기준으로 명의 검증을 마치고, 이상 없으면 바로 계좌 개설 접수 도와드리겠습니다. 네, 그리고 개설 후에는 안내 문자로 계좌 정보가 발송됩니다.",0,A,6,58
normal_aug_0587,"카드 한도 조회 도와드리겠습니다. 우선 현재 카드 이용 가능 금액부터 확인해 볼게요. 네. 고객님 카드의 기본 한도는 확인되는데, 최근 이용 내역이나 결제 예정 금액에 따라 실제 사용 가능한 금액은 조금 달라질 수 있습니다. 아, 해외 거래도 같이 보시려는 거죠? 네, 해외 거래 가능 여부도 확인 부탁드려요. 카드 자체는 해외 거래가 가능한 상태로 보이는데, 일부 국가나 가맹점은 추가 인증이 필요할 수 있습니다. 그러면 지금 당장 해외 이용이 가능한 거네요? 네, 가능은 합니다. 다만 카드 이용 한도 안에서만 거래가 되고, 해외 거래 시 환율이나 수수료가 붙을 수 있어요. 아, 그 부분까지 포함해서 안내드리면, 고객님 카드는 현재 해외 거래 가능, 국내 이용도 정상입니다. 거래 제한이 필요한 경우에는 설정도 바꿀 수 있습니다.",0,A,7,58
normal_aug_0588,"네, 카드 한도와 이용 가능 여부 확인해 드릴게요. 음, 현재 카드 사용 한도는 남아 있고, 일반 거래는 문제없이 가능하십니다. 해외 거래 가능 여부는 별도로 보는데요, 고객님 카드가 해외 이용 허용 상태인지, 또 온라인 거래 제한은 없는지 같이 확인해야 합니다. 카드 이용이 자주 있는 편이시라면 한도 조정도 검토하실 수 있고요. 네. 해외에서 결제되는 거래는 보안 확인이 한 번 더 들어갈 수 있어서, 경우에 따라 문자 인증이 필요합니다. 아, 현재는 카드 이용 자체는 정상이고 해외 거래도 가능으로 확인되지만, 일부 가맹점은 예외가 있을 수 있습니다. 그러면 한도는 괜찮고 해외 거래도 가능하다는 거죠? 네, 맞습니다. 필요하시면 거래 한도 조회 결과도 문자로 보내드리겠습니다.",0,A,8,58
normal_aug_0589,"대출금 입금 요청이 접수된 상태라서 바로 진행되면 좋겠지만, 본인 확인 통화 절차가 먼저 필요합니다. 네. 고객님 명의로 들어온 요청인지 확인해야 해서요. 대출 입금은 민감한 부분이라 통화로 본인 여부를 확인한 뒤에야 처리 가능합니다. 아, 그러니까 지금 요청은 들어와 있는데 입금은 아직 대기라는 뜻인가요? 네, 맞습니다. 요청은 접수됐고요, 본인 확인 통화가 완료되면 입금 순서로 넘어갑니다. 혹시 지금 통화 가능하실까요? 네, 가능합니다. 좋습니다. 그러면 본인 확인에 필요한 몇 가지를 말씀드릴게요. 확인되면 대출 입금 처리 상황을 바로 이어서 안내드리겠습니다. 아, 이 절차는 고객님 안전을 위한 것이니 조금만 협조 부탁드립니다.",0,A,9,58
normal_aug_0590,"네, 대출 입금 요청 건으로 연락 주셨군요. 우선 요청은 접수되어 있는데, 입금 전에 본인 확인 통화가 반드시 필요합니다. 음, 명의자가 맞는지 확인해야 해서 생년월일과 등록된 연락처 일부를 확인할 거예요. 통화 절차가 끝나면 대출 입금 진행 여부를 바로 안내드릴 수 있습니다. 네. 지금은 요청만 접수된 상태라서 입금이 아직 보류 중입니다. 아, 고객님이 직접 요청하신 게 맞는지 확인되면 그 다음 단계로 넘어가겠습니다. 네, 본인 확인 도와드릴게요. 좋습니다. 확인이 끝나면 입금 예정 시간도 같이 안내드리겠습니다. 이 통화가 끝나면 처리 속도를 좀 더 빨리 확인해 드릴 수 있습니다.",0,A,10,58
normal_aug_0591,"아침 뉴스 봤어? 그 명의 도용 사건 말인데, 진짜 소름이더라. 음, 그냥 카드 문제인 줄 알았는데 이름이랑 주소까지 다 쓰였대. 수사도 시작됐다던데, 이런 사건은 남 일 같지가 않더라... 나도 예전부터 서류 사진 함부로 보내지 말라고 계속 말했잖아. 명의 같은 거 한 번 도용되면 복구하는 데 시간 엄청 걸린대. 그러니까 신분증 사본이나 주민번호는 진짜 조심해야 돼. 어, 맞아, 나는 앞으로도 앱 가입할 때도 정보 더 확인할 거야. 이런 사건 한 번 터지면 마음고생이 크잖아.",0,B,1,59
normal_aug_0592,"어제 뉴스 보다가 깜짝 놀랐어. 어떤 사람이 명의 도용당해서 자기 이름으로 대출 비슷한 게 잡혔다는데, 수사 들어갔다고 하더라. 아, 이런 건 들을 때마다 무섭다... 도용이 진짜 무서운 게, 당사자는 한참 뒤에야 알 수도 있다더라. 음, 그래서 요즘은 사진 보내기 전에 꼭 가리고, 명의 들어가는 서류는 더 챙겨 보게 돼. 사건 터진 뒤에야 정신 차리면 늦잖아. 맞아, 나도 가족들한테 계속 말했어. 낯선 데에 정보 남기지 말고, 의심되면 바로 확인하라고.",0,B,2,59
normal_aug_0593,"아까 모르는 번호 받아 봤는데, 자기가 수사관이라면서 내 이름이 범죄에 연루됐대. 어이가 없어서 바로 끊었어. 음, 목소리는 너무 멀쩡해서 순간 헷갈릴 뻔했는데, 조사 얘기 나오니까 바로 이상하더라. 수사관이면 왜 전화로 저렇게 길게 묻겠어. 범죄에 연루됐다고 겁주면서 개인정보 빼내려는 거 같았어. 나 진짜 손 떨렸는데, 끊고 나니까 황당해서 웃음도 안 나와. 너도 이런 전화 오면 절대 따라가지 마. 어, 나도 그랬을 것 같아. 조사니 연루니 하면서 압박 주면 무조건 의심해야지.",0,B,3,59
normal_aug_0594,"방금 수사관이라고 하면서 전화 온 거 있지? 음, 처음엔 진짜인 줄 알았는데 말이 계속 이상했어. 내 계좌가 범죄 조사에 걸렸다고 하면서 지금 바로 확인해야 한다더라. 내가 뭐에 연루됐다는 건지, 조사 절차도 설명 못 하고 자꾸 급하게만 몰아붙이더라고. 그러니까 바로 수상했지. 수사관이면 그런 식으로 안 하잖아. 나 그냥 끊었어. 지금 생각해도 황당하다... 이런 전화는 길게 듣는 게 손해야. 맞아, 어설프게 응대하다가 말려들 뻔했어. 다음엔 번호 뜨면 아예 받지도 말아야겠어.",0,B,4,59
normal_aug_0595,"어제 그 불법 대포통장 개설 다큐 봤어? 음, 생각보다 훨씬 조직적으로 하더라. 그냥 계좌 하나 빌리는 정도인 줄 알았는데, 피해자들 생기고 나서야 일이 커졌대. 대포 통장 개설을 왜 그렇게 쉽게 생각하는지 모르겠어. 불법으로 돌아가는 구조가 너무 뻔히 보이던데... 그래도 돈 좀 준다니까 혹하는 사람들도 있겠지. 그런데 결국 제일 힘든 건 피해자들이더라. 어, 맞아, 나도 중간에 보기 힘들었어. 불법이라고 표시해도 현실감이 없으면 그냥 넘기기 쉬운데, 다큐로 보니까 무섭더라.",0,B,5,59
normal_aug_0596,"그 다큐에서 대포통장 개설 얘기 나왔잖아. 음, 나는 처음에 그냥 금융 쪽 이야기인 줄 알았는데, 불법 자금 흐름이랑 엮여서 피해자들이 완전 고생하더라. 대포라는 말이 왜 붙었는지 알겠더라니까... 이름만 빌려줬을 뿐인데도 결국 본인이 피해자처럼 몰리는 경우가 있더라고. 개설 단계부터 조심해야겠어. 어, 그리고 주변에서 계좌 쓰게 해 달라는 말 나오면 무조건 거절해야 한대. 나도 그거 보고 좀 무섭던데, 이런 건 진짜 한 번 잘못 끼면 끝이 없더라.",0,B,6,59
normal_aug_0597,"서울에서 보이스피싱 일당이 검거됐다는 기사 봤어? 남성 여러 명이 한꺼번에 발견됐다던데, 규모가 생각보다 컸더라. 어, 서울 한복판에서 그렇게 오래 움직였다는 게 더 놀라워. 검거 소식 나오니까 속이 좀 시원하긴 했는데, 뒤에 피해 본 사람들 생각하면 아직도 마음이 무거워. 기사에 나온 남성들 얼굴은 모자이크 처리돼서 잘 안 보였지만, 수법이 워낙 교묘했대. 발견된 장소도 평범한 사무실처럼 꾸며 놨다더라. 나 그거 단톡방에 바로 올렸어, 다들 조심하라고. 음, 이런 건 많이 알려야 하니까.",0,B,7,59
normal_aug_0598,"아침에 인터넷 기사 보는데 서울에서 큰 보이스피싱 일당이 검거됐대. 남성들만 열몇 명이고, 근처에서 장비까지 발견됐다고 해서 놀랐어. 검거됐다는 문구 보고 좀 안심은 됐는데, 이런 일은 또 다른 데서 생길 수 있잖아. 서울이라 더 뉴스가 크게 나온 것도 있겠지만, 진짜 조심해야겠더라. 어, 나 그 기사 단톡방에 공유했어. 다들 읽고 나서 낯선 전화 조심하자고 했지. 남성들 위주로 움직였다는 내용도 있고, 발견된 기록도 자세해서 좀 충격이었어.",0,B,8,59
normal_aug_0599,"오늘 회사 보안 교육에서 녹취 얘기 엄청 하더라. 음, 괜히 통화 내용 남는다고 생각하니까 말도 조심하게 되더라. 진술 비슷하게 적는 부분도 있어서 더 피곤했고... 개인정보는 최소한만 말하라고 계속 강조했어. 압수 얘기까지 나오니까 갑자기 분위기 무거워지더라. 어, 나도 그런 건 남 일인 줄 알았는데, 자료 하나 잘못 다루면 정보가 다 노출될 수 있대. 그래서 교육 듣고 나니 괜히 전화 받을 때도 한 번 더 생각하게 돼. 진짜 머리 아프더라.",0,B,9,59
normal_aug_0600,"보안 교육 들으니까 녹취라는 말만 들어도 신경 쓰여. 음, 통화 내용이 다 남을 수 있으니까 말실수하지 말라고 하더라. 진술도 함부로 하지 말고, 필요한 정보만 말해야 한대. 압수될 수 있는 자료가 있으면 더 조심하라고 해서 좀 겁났어. 어, 회사 정보가 이렇게까지 민감한지 새삼 느꼈지. 나도 메일이랑 파일 정리 다시 해야겠어. 괜히 정보 흘렸다가 문제 생기면 골치 아프잖아. 그러니까 앞으로는 통화할 때도 메모 먼저 보고 말해야겠어.",0,B,10,59
normal_aug_0601,"여보세요, 아... 방금 대출 승인 문자 받았는데요. 제가 이제 어떻게 상환해야 하는지 좀 알려주실 수 있을까요? 네, 고객님. 대출 승인 나신 내용 확인해 보겠습니다. 본인 확인 먼저 도와드려도 될까요? 네, 괜찮습니다. 성함이랑 생년월일 말씀드리면 되죠? 네, 맞습니다. 확인되었습니다. 이번 대출은 자금 사용 목적에 맞게 진행된 건이고, 상환은 매달 같은 날짜에 원리금 균등으로 진행되십니다. 이율은 현재 안내된 고정 이율로 적용돼 있고, 중도에 추가 상환도 가능하십니다. 아, 그러면 제가 따로 납부 신청을 해야 하나요? 자동 상환으로 연결해 두시면 되고요, 원하시면 계좌 납부로도 바꾸실 수 있습니다. 대출 승인된 금액은 오늘 바로 자금으로 들어온 건가요? 네, 승인 이후 입금까지는 거의 바로 반영되셨고요. 상환 시작일이 언제인지도 다시 한번 확인해 드릴게요...",0,A,1,60
normal_aug_0602,"네, 상담 연결됐습니다. 제가 대출 승인 문자를 봤는데요, 상환 방식이랑 이율이 좀 헷갈려서요. 아, 대출 승인 받으신 건 확인되십니다. 본인 맞으신지 먼저 확인 부탁드려요. 네, 맞아요. 확인되었습니다. 현재 대출 자금은 고객님 계좌로 지급된 상태이고, 상환은 매월 지정일에 출금되는 방식입니다. 이율은 약정 시점 기준으로 안내된 숫자가 적용되고, 만약 변동형이면 기준금리에 따라 달라질 수 있습니다. 음, 그러면 상환 금액이 매달 똑같은 건가요? 네, 선택하신 방식에 따라 다릅니다. 원금과 이자를 같이 나누는 방식이면 매달 비슷하고, 만기 일시 상환이면 이자만 내시다가 만기에 원금을 상환하십니다. 아, 저는 매달 조금씩 상환하는 걸로 기억하는데... 네, 고객님은 분할 상환으로 되어 있으십니다. 대출 승인 내역과 이율, 상환 일정은 문자로도 다시 보내드리겠습니다.",0,A,2,60
normal_aug_0603,"현재 전산 점검이 길어져서 납부 처리가 지연되고 있습니다. 접수된 건은 정상 확인되셨는데, 전산 반영이 조금 늦고 있거든요. 아, 그래요? 제가 금액을 이미 이체했는데 아직 납부 완료가 안 떴어요. 네, 고객님. 우선 전산 쪽에서 순차적으로 반영 중이라서요, 접수 순서대로 확인하고 있습니다. 납부 금액 자체는 정상으로 들어왔는지 재조회해 보겠습니다. 본인 확인을 위해 성함과 생년월일 부탁드립니다. 네, 말씀드릴게요. 확인되었습니다. 현재 전산 오류로 인해 일부 납부 금액이 지연 표시되고 있고, 실제 접수는 된 상태입니다. 그러면 제가 다시 납부해야 하는 건 아니죠? 아니요, 중복 납부는 하지 않으셔도 됩니다. 전산 복구되면 자동 반영되고, 접수 이력도 남아 있습니다. 혹시 오늘 안에 처리가 안 되면 다시 연락드리나요? 네, 전산 정상화되는 대로 안내드리고, 금액 반영 여부도 다시 확인해 드리겠습니다.",0,A,3,60
normal_aug_0604,"네, 전화 받았습니다. 납부 건이 아직 완료로 안 떠서 문의드리려고요. 아, 고객님. 지금 전산 오류로 일부 접수 건이 늦게 반영되고 있습니다. 우선 불편을 드려 죄송합니다. 네, 제가 납부한 금액은 빠져나갔는데 화면에는 그대로예요. 맞습니다. 전산 쪽에서 납부 처리만 지연되는 상황이고, 접수 자체는 정상입니다. 금액 확인 후 다시 반영되실 예정입니다. 음, 그럼 제가 따로 해야 할 건 없나요? 현재로서는 없습니다. 같은 금액을 다시 납부하실 필요도 없고요, 전산 복구 이후 자동으로 처리됩니다. 접수 번호 남겨드릴까요? 네, 부탁드립니다. 확인되시면 다시 안내드리겠습니다. 전산 정상화가 되면 납부 완료 문자도 발송됩니다.",0,A,4,60
normal_aug_0605,"비대면 계좌 개설 관련해서 연락드렸는데요. 명의 확인이랑 개인 정보 확인 절차를 조금 안내받고 싶어서요. 네, 고객님. 계좌 개설 진행을 위해 본인 명의 확인부터 도와드리겠습니다. 사용하시는 휴대폰 명의와 계좌 개설하실 분이 동일하신지 확인이 필요합니다. 아, 제 명의로 하는 게 맞고요. 그럼 어떤 정보까지 필요해요? 기본적인 개인 확인 정보, 성함, 생년월일, 연락처, 주소 확인이 필요합니다. 개설 과정 중에는 화면에 뜨는 안내에 따라 정보 입력을 해주시면 되고, 일부 항목은 본인 명의 확인을 위해 추가로 검증됩니다. 그러니까 개인 정보가 다 맞아야 개설이 되는 거군요? 네, 맞습니다. 명의가 일치해야 하고, 정보가 정확해야 개설이 완료됩니다. 본인 확인이 끝나면 계좌 개설 심사가 바로 진행됩니다.",0,A,5,60
normal_aug_0606,"저... 비대면으로 계좌 개설하려고 하는데요. 명의 확인이랑 개인 정보 입력이 자꾸 헷갈려서요. 네, 도와드리겠습니다. 먼저 계좌를 개설하실 분의 명의가 고객님 본인인지 확인이 필요합니다. 네, 제 명의 맞습니다. 확인 감사합니다. 그다음에는 개인 정보, 예를 들면 성함, 생년월일, 주소, 연락처를 입력하시면 됩니다. 정보가 서로 다르면 개설이 늦어질 수 있습니다. 아, 중간에 추가로 보는 게 있나요? 네, 개설 절차 중에 신분증 촬영과 얼굴 확인이 들어갑니다. 명의와 정보가 일치해야 하고, 개인 정보가 정확해야 다음 단계로 넘어갑니다. 그러면 제가 입력하다가 틀린 게 있으면 다시 해야 하나요? 네, 수정 가능하지만 인증이 다시 필요할 수 있습니다. 개설 완료 전까지는 정보 변경이 있을 수 있으니 천천히 진행해 주세요.",0,A,6,60
normal_aug_0607,"카드 한도 조회랑 해외 거래 가능 여부 좀 알고 싶어서 전화드렸어요. 네, 가능합니다. 본인 확인 먼저 도와드릴게요. 카드 이용 내역을 확인해야 해서 성함과 생년월일 말씀 부탁드립니다. 네, 말씀드릴게요. 확인되었습니다. 현재 고객님 카드의 기본 이용 한도는 조회 가능하고, 해외 거래 가능 여부도 함께 확인해 드릴 수 있습니다. 아, 해외에서 바로 이용 가능한가요? 카드 종류에 따라 다르지만, 현재 고객님 카드는 해외 거래가 가능하게 설정돼 있습니다. 다만 일부 국가나 가맹점에서는 추가 인증이 필요할 수 있습니다. 한도는 지금 얼마까지 가능한 거예요? 현재 이용 가능한 한도는 남은 금액 기준으로 안내드릴 수 있고, 해외 거래는 원화가 아닌 현지 통화로 승인될 수 있습니다. 그러면 제가 따로 신청해야 하는 건 없나요? 네, 특별한 제한이 없으면 바로 이용 가능하십니다. 필요하시면 한도 상향도 상담해 드릴 수 있습니다.",0,A,7,60
normal_aug_0608,"여보세요? 카드 한도랑 해외에서 이용 가능한지 좀 확인하고 싶은데요. 아, 네. 고객님 카드 조회 도와드리겠습니다. 우선 본인 확인이 필요합니다. 카드 명의자분 맞으신지 확인 부탁드립니다. 네, 맞습니다. 감사합니다. 현재 카드 이용 한도는 조회 가능하고, 해외 거래 가능 여부도 확인해 볼 수 있습니다. 고객님 카드가 해외 이용 가능으로 등록되어 있으면 해외에서도 결제가 됩니다. 음, 지금 당장 해외 거래가 막혀 있는 건 아닌가요? 네, 현재는 해외 거래 가능 상태입니다. 다만 이상 이용 방지를 위해 일부 거래는 추가 확인이 들어갈 수 있습니다. 한도는 얼마나 남았는지도 볼 수 있나요? 네, 사용 중인 금액을 제외한 잔여 한도까지 안내드릴 수 있습니다. 카드 이용이 더 필요하시면 해외 승인 제한 여부도 함께 살펴드리겠습니다.",0,A,8,60
normal_aug_0609,"네, 접수된 대출 입금 요청 관련해서 연락드렸는데요. 본인 확인 통화가 필요하다고 해서요. 네, 고객님. 대출 입금 요청은 확인 절차가 필요해서 본인 확인 통화를 진행하고 있습니다. 요청 내용이 접수된 건 맞고요, 입금 전에 명의자 본인인지 확인해야 합니다. 아, 그럼 지금 바로 확인하면 되는 건가요? 네, 가능합니다. 성함이랑 생년월일 확인 부탁드립니다. 네, 말씀드리겠습니다. 확인되었습니다. 현재 대출 입금 요청은 접수 상태이고, 본인 확인이 완료되면 순차적으로 입금 처리됩니다. 따로 서류가 더 필요한 건 없나요? 기본적으로는 없습니다. 다만 정보가 다르면 처리에 시간이 걸릴 수 있어서 통화로 다시 확인하는 겁니다. 그러니까 본인 확인 통화만 끝나면 입금 절차가 진행되는 거죠? 네, 맞습니다. 확인 완료 후 입금 안내를 이어서 도와드리겠습니다.",0,A,9,60
normal_aug_0610,"아, 제가 대출 입금 요청을 넣어 놨는데 전화가 와서요. 본인 확인 통화가 꼭 필요한가요? 네, 고객님. 대출 입금 요청이 접수되면 안전한 처리를 위해 본인 확인 통화가 필요합니다. 명의 확인이 되어야 입금 진행이 가능합니다. 그럼 지금 뭐를 말씀드리면 되나요? 성함, 생년월일, 그리고 요청하신 내용이 본인 요청이 맞는지 확인해 주시면 됩니다. 아, 네. 말씀드릴게요. 확인되었습니다. 현재 요청은 접수되어 있고, 본인 확인이 끝나면 대출 입금이 진행됩니다. 그러면 입금까지 얼마나 걸리나요? 보통 확인 후 빠르게 처리되지만, 시간대에 따라 조금 차이가 있을 수 있습니다. 대출 입금 관련 안내는 문자로도 드릴 수 있습니다. 음, 그럼 문자도 부탁드립니다. 네, 입금 요청과 통화 확인 내역 함께 남겨드리겠습니다.",0,A,10,60
normal_aug_0611,"아침에 뉴스 봤는데, 음, 진짜 끔찍한 사건이 나오더라. 이름이랑 계좌 쪽 명의가 도용돼서 피해가 컸대. 수사도 오래 걸린다더라, 그러니까 너도 요즘 문자나 전화로 오는 거 함부로 넘기지 말고 꼭 확인해. 명의 도용은 한 번 당하면 되돌리기 너무 번거롭다잖아. 나도 처음엔 남 얘기인 줄 알았는데, 뉴스 보니까 사건 규모가 꽤 크더라고. 수사 들어가도 시간이 걸린다니까 더 조심해야겠어. 음, 이런 건 진짜 미리 막는 수밖에 없나 봐.",0,B,1,61
normal_aug_0612,"아니 아침 뉴스에서 그 사건 봤어? 명의 도용 얘기 나오는데, 저도 좀 섬뜩하더라. 이름만 바꿔치기하는 수준이 아니라, 각종 서류까지 건드린다니까. 수사 진행 중이라고 했고, 피해자도 많다던데... 그러니까 네 정보는 어디 적어두는 것도 신중해야 해. 명의 도용은 한 번 뚫리면 수사 결과 나올 때까지도 계속 신경 쓰이잖아. 나도 오늘부터는 메모장에 막 적어놓는 습관 좀 고쳐야겠어.",0,B,2,61
normal_aug_0613,"방금 이상한 번호가 와서 수사관이라고 하길래 바로 끊었어. 어찌나 말이 빠르던지, 자꾸 범죄에 연루된 것처럼 몰아가더라. 조사 받아야 한다는 식으로 말하는데, 듣다 보니까 더 수상했어. 수사관이라면서 이름도 제대로 안 밝히고, 범죄 얘기만 늘어놓으니까 바로 이상하더라. 연루됐다고 겁주고 조사하자는 말에 순간 멈칫했는데, 그냥 끊길 잘했지? 음, 이런 건 다시 전화 와도 받지 말아야겠어.",0,B,3,61
normal_aug_0614,"나도 아까 그런 전화 받았어. 수사관이라더니 갑자기 범죄 연루 얘길 꺼내고, 조사 협조하라면서 주소랑 생년월일까지 물어보더라. 너무 황당해서 말도 안 나왔어. 수사관이 맞으면 저렇게 전화부터 안 할 것 같은데, 계속 조사, 조사 하니까 괜히 불안하게 만들더라. 범죄에 연루됐다고 겁주는 방식이 진짜 교묘하던데, 바로 끊은 게 잘한 거겠지. 음, 나중에 번호 다시 오면 아예 무시하려고.",0,B,4,61
normal_aug_0615,"어제 다큐 봤는데, 불법 대포통장 개설 얘기가 생각보다 심각하더라. 그냥 돈 벌 수 있다고 꼬드겨서 개설하게 만들고, 피해자만 여러 명 나오고... 진짜 불법이 따로 없더라. 대포통장 개설이 왜 그렇게 위험한지 알겠던데, 피해자 입장에선 본인도 모르는 사이에 곤란해지는 거잖아. 나는 그 다큐 보면서 처음부터 의심했어야 한다는 생각이 들었어. 음, 이런 건 절대 쉽게 넘어가면 안 되겠더라.",0,B,5,61
normal_aug_0616,"그 다큐 봤어, 나도. 불법 대포통장 개설이 그렇게 조직적으로 돌아가는 줄 몰랐어. 피해자들이 처음엔 그냥 아르바이트인 줄 알았다가 나중에 난리 나더라. 대포라는 말만 들어도 이상한데, 실제로는 개설 과정 자체가 다 불법이라서 더 무섭지. 피해자들 얘기 나올 때 좀 답답했어... 왜 그런 제안을 믿게 되는지 알 것 같기도 하고. 어쨌든 그런 건 무조건 피해야겠다 싶더라.",0,B,6,61
normal_aug_0617,"서울에서 보이스피싱 일당 남성들 검거됐다는 기사 봤어? 아침에 단톡방에 누가 올렸는데, 발견된 장소도 꽤 번화가더라. 남성 여러 명이 한꺼번에 검거됐다니까 좀 통쾌하긴 했어. 서울 한복판에서 그런 일이 있었다니, 생각보다 가까운 데서 벌어지는구나 싶었고. 기사 보니까 추가로 발견된 자료도 있다던데, 이런 건 빨리 검거돼서 다행이다 싶었어. 음, 단톡방에 공유해두길 잘한 것 같아.",0,B,7,61
normal_aug_0618,"방금 기사 봤는데 서울에서 남성 일당이 검거됐대. 보이스피싱 관련이라더니, 현장에서도 뭔가 발견됐다고 나오더라. 서울 중심가라 더 눈에 띄었고, 남성 몇 명이 한 번에 검거된 거 보니까 수사도 꽤 진행된 모양이야. 단톡방에 올리니까 다들 조심하자고 하더라. 이런 건 기사로 봐도 좀 긴장되는데, 발견된 증거가 많다니까 더 빨리 정리됐으면 좋겠어. 음, 괜히 주변 사람들한테도 공유하게 되네.",0,B,8,61
normal_aug_0619,"회사 보안 교육 들었는데, 녹취 얘기만 한참 하더라. 진술 받을 때는 함부로 단정하지 말고 정확하게 녹취하라고 계속 강조하는데, 듣는 내내 머리가 아팠어. 정보도 그냥 적당히 넘기면 안 되고, 개인정보는 특히 조심해야 한다고 하잖아. 압수 같은 말도 예시로 나오던데, 그런 상황이 아니라도 기록이 얼마나 중요한지 알겠더라. 근데 막상 현장에서는 녹취도 하고 진술도 정리해야 하니까 쉽지가 않아. 음, 교육은 길고 실무는 더 빡세고 그렇더라.",0,B,9,61
normal_aug_0620,"오늘 보안 교육에서 녹취, 진술, 정보 보호 얘기만 몇 번을 들었는지 몰라. 솔직히 좀 지루했는데, 막상 듣고 보니까 무시하면 안 되겠더라. 개인정보 정보는 특히 조심하라면서, 녹취할 때도 필요한 부분만 남기고 진술은 정확히 정리하라고 하더라. 압수 얘기까지 나오니까 괜히 긴장됐어. 그러니까 그냥 대충 넘길 수 있는 내용이 아니더라고. 나도 오늘부터는 서류나 정보 다룰 때 훨씬 신경 써야겠어.",0,B,10,61
normal_aug_0621,"네, 여보세요... 아, 지금 대출 심사 통과했다는 안내를 받았는데요, 상환 방법이랑 이율을 다시 확인하고 싶어서요. 그러니까 매달 얼마씩 내는 방식인지, 중도 상환도 되는지요. 네, 확인해 보겠습니다. 고객님 대출은 승인 완료 상태이고요, 자금은 오늘 오후에 등록하신 계좌로 들어갑니다. 상환 방식은 원리금 균등이고, 적용 이율은 연 5점9퍼센트입니다. 음, 그럼 이율은 고정인가요? 네, 약정 기간 동안은 고정으로 적용됩니다. 다만 상환 도중에 여유 자금이 생기시면 일부 상환도 가능하고, 그 경우 수수료가 있는지 먼저 확인하시는 게 좋습니다. 아, 일부 상환이 되는군요. 그러면 첫 상환일은 언제예요? 입금 후 다음 달 같은 날짜로 잡히는데, 주말이면 영업일 기준으로 앞당겨질 수 있습니다. 상담서에 상환 일정이랑 이율, 그리고 자금 입금 내역까지 같이 안내드리겠습니다.",0,A,1,62
normal_aug_0622,"아, 대출 승인 연락을 받았는데요. 상환을 어떻게 해야 하는지, 그리고 이율이 얼마로 잡혔는지 좀 자세히 듣고 싶어서 전화드렸습니다. 네, 본인 확인부터 도와드릴게요. 성함이랑 생년월일 확인 부탁드립니다. 네. 확인되셨고요, 고객님 대출은 승인 완료라서 자금 실행만 남아 있습니다. 상환은 자동이체로 연결하실 수 있고, 수동 납부도 가능합니다. 이율은 초기 약정 기준 연 6퍼센트대입니다. 음, 자동이체로 하면 따로 신경 안 써도 되나요? 네, 맞습니다. 상환일에 계좌에 금액만 있으면 자동으로 처리됩니다. 그리고 자금이 넉넉해지시면 추가 상환도 가능하니, 나중에 금액 조정이 필요하시면 다시 문의 주세요. 그러니까 이율이 바뀌는 경우도 있나요? 변동형 상품이면 시장 상황에 따라 달라질 수 있는데, 고객님 건은 현재 고정형으로 안내됩니다. 네, 알겠습니다. 승인 내용이랑 상환 방법은 문자로도 받아볼 수 있을까요? 네, 오늘 중으로 보내드리겠습니다.",0,A,2,62
normal_aug_0623,"아... 제가 오늘 납부하려고 했는데 처리가 안 돼서요. 전산 오류 같은 게 있는 건가요? 접수는 된 건지, 금액이 빠져나간 건지 좀 확인하고 싶습니다. 네, 불편을 드려 죄송합니다. 현재 전산 점검이 진행 중이라 일부 납부 접수가 지연되고 있습니다. 고객님 건은 접수 내역은 확인되지만 실제 납부 완료 표시가 아직 반영되지 않았습니다. 음, 그럼 제 계좌에서 금액이 빠져나간 건 아니에요? 네, 금액은 아직 출금 처리 전입니다. 전산 반영이 늦어져서 그렇게 보이는 상태입니다. 아, 다행이네요. 그럼 언제쯤 납부가 되나요? 점검이 끝나는 대로 순차 반영되며, 오늘 안에 다시 확인 가능할 것으로 보입니다. 혹시 급하시면 나중에 다시 접수 도와드릴 수도 있고요. 그러니까 제가 따로 다시 납부를 누를 필요는 없다는 거죠? 네, 맞습니다. 중복 납부는 하지 마시고, 전산 복구 후 금액 반영 여부를 다시 확인해 드리겠습니다.",0,A,3,62
normal_aug_0624,"네, 여보세요. 납부한 내역이 아직 안 보여서 전화드렸는데요, 전산 문제라고 들었어요. 접수는 됐는지, 금액이 언제 반영되는지 궁금합니다. 확인 도와드리겠습니다. 현재 전산 오류로 납부 승인 결과가 지연되고 있습니다. 고객님 접수 자체는 정상 완료됐고, 금액도 임시 보류 상태로 잡혀 있습니다. 아... 그럼 제가 잘못 납부한 건 아니네요? 네, 그렇지 않습니다. 전산 처리만 늦는 상황입니다. 납부 금액은 중복 청구되지 않도록 보호되어 있고요, 복구 이후 자동 반영됩니다. 음, 그럼 기다리면 되는 거죠? 네, 오늘 밤 재처리 예정이라 그때 다시 보시면 됩니다. 만약 내일 오전까지도 표시가 없으면 다시 연락 주세요. 그러니까 접수는 되었고, 전산 때문에 늦어지는 거라고 보면 되겠네요. 맞습니다. 고객님께서 따로 금액을 다시 보내실 필요는 없습니다. 불편 끼쳐 죄송하고, 복구되면 문자로 안내드리겠습니다.",0,A,4,62
normal_aug_0625,"비대면 계좌 개설하려고 하는데요, 명의 확인이랑 개인 정보 입력 절차가 어떻게 되는지 좀 알려주세요. 지금 휴대폰으로 진행 중이라서요. 네, 가능합니다. 비대면 개설은 본인 명의 확인이 먼저고, 그 다음에 개인 정보와 신분증 확인을 거치게 됩니다. 아, 그러면 주소나 연락처 같은 정보도 다 입력해야 하나요? 네, 맞습니다. 개설 과정에서 기본 정보와 추가 개인 정보가 필요합니다. 그리고 명의가 고객님 본인과 일치하는지 확인하는 절차가 들어갑니다. 음, 가족 명의 휴대폰으로 해도 되나요? 개설은 가능하지만, 본인 명의 인증 단계에서 어려움이 있을 수 있습니다. 그래서 가능하면 고객님 개인 명의 기기로 진행하시는 게 안전합니다. 그러니까 정보 입력하고 나면 바로 개설이 완료되는 건가요? 서류와 영상 확인까지 끝나야 최종 개설이 됩니다. 모두 맞으면 오늘 안으로도 가능하고요.",0,A,5,62
normal_aug_0626,"아... 계좌 개설을 비대면으로 하려고 하는데, 명의 확인을 꼭 해야 한다고 해서요. 개인 정보는 어디까지 필요한지도 궁금하고요. 네, 설명드리겠습니다. 우선 개설 신청 후 고객님 명의 여부를 확인하고, 이름과 생년월일, 연락처 같은 기본 정보, 그리고 신분증 정보를 입력받습니다. 음, 개인 정보가 많이 들어가네요. 네, 계좌 개설을 위해 꼭 필요한 범위만 확인합니다. 명의가 일치해야 다음 단계로 넘어갈 수 있고요. 아, 그러면 타인 명의 계좌는 아예 안 되는 거죠? 네, 고객님 개인 명의로만 개설 가능합니다. 다만 보호자 도움을 받으시는 경우에도 정보 입력과 인증은 본인 기준으로 진행됩니다. 그러니까 신분증 사진 찍고, 정보 넣고, 명의 확인까지 하면 되는 거네요? 맞습니다. 추가로 휴대폰 본인 확인도 필요할 수 있습니다. 그 절차만 완료되면 개설 결과가 바로 안내됩니다. 알겠습니다, 그럼 안내받은 대로 진행해 볼게요.",0,A,6,62
normal_aug_0627,"카드 한도 조회 좀 하려고요. 그리고 해외 거래도 가능한지 같이 봐주실 수 있을까요? 네, 가능합니다. 먼저 본인 확인 후 카드 이용 한도와 거래 가능 여부를 확인해 드리겠습니다. 아, 확인해 주세요. 카드는 최근에 잘 이용하고 있는데, 해외 거래가 갑자기 막혀 있나 싶어서요. 확인해 보니 현재 국내 이용 한도는 남아 있고, 해외 거래는 기본적으로 가능 상태입니다. 다만 해외 결제 이용을 위해서는 별도 설정이 필요할 수 있습니다. 음, 한도는 얼마나 남아 있나요? 현재 남은 한도는 오늘 기준으로 말씀드리면 일반 이용 금액이 충분히 남아 있습니다. 해외 거래는 국가나 가맹점에 따라 승인 방식이 달라질 수 있으니 참고 부탁드립니다. 그러니까 제가 해외에서 카드 이용하려면 따로 신청해야 하나요? 네, 해외 거래 차단이 걸려 있지 않다면 바로 가능하고, 일부 보안 설정이 있으면 해제만 해주시면 됩니다. 문자로도 안내해 드릴게요.",0,A,7,62
normal_aug_0628,"여보세요, 카드 한도랑 해외 거래 가능 여부를 알고 싶은데요. 제가 최근에 카드 이용을 좀 해서 한도가 걱정되거든요. 네, 도와드리겠습니다. 카드 이용 내역과 한도부터 확인해 보고, 해외 거래 가능 상태도 같이 보겠습니다. 음, 해외에서 결제할 일이 생길 수도 있어서요. 현재는 국내 카드 이용은 정상이고, 해외 거래도 가능으로 조회됩니다. 다만 한도는 일부 사용하셔서 남은 금액이 예전보다 줄어든 상태입니다. 아, 그럼 해외에서도 그냥 쓸 수 있다는 말이죠? 네, 기본적으로는 가능합니다. 그래도 국가에 따라 승인 절차가 다를 수 있고, 일부 온라인 거래는 추가 인증이 필요할 수 있습니다. 그러니까 카드 이용 한도만 잘 보면 되는 거네요? 맞습니다. 필요하시면 거래 예정 금액 기준으로 한도 조정 가능 여부도 같이 안내드리겠습니다. 네, 그럼 한번 봐주세요. 오늘 해외 거래 예정 금액이 있어서요.",0,A,8,62
normal_aug_0629,"대출금 입금 요청을 했는데요, 접수됐다고만 나오고 통화 확인이 필요하다고 해서요. 지금 바로 확인 가능한가요? 네, 고객님 요청은 접수되어 있습니다. 다만 대출 입금 전에는 본인 확인 통화 절차가 한 번 더 필요합니다. 아, 본인 확인 통화요? 네, 맞습니다. 안전하게 처리하기 위한 절차입니다. 성함과 생년월일로 먼저 확인하고, 요청하신 입금 금액과 계좌 정보를 맞춰볼 예정입니다. 음, 그럼 통화가 끝나야 입금이 진행되나요? 네, 확인이 완료되어야 입금 실행이 됩니다. 요청 내용이 접수된 상태라서 절차만 마치면 빠르게 처리됩니다. 그러니까 제가 지금 전화 받은 게 본인 확인 통화인 건가요? 네, 맞고요. 추가 질문 몇 가지 드리면 바로 마무리 가능합니다. 확인되면 대출 입금 관련 진행 결과를 문자로 안내드리겠습니다.",0,A,9,62
normal_aug_0630,"아... 대출 입금 요청 넣었는데요, 접수는 됐다고 하는데 통화 확인이 꼭 필요하다네요. 이거 왜 그런가요? 네, 고객님 요청은 접수되어 있습니다만, 대출금 입금은 본인 확인 통화 후에 진행해야 합니다. 혹시 계좌 변경이나 입금 금액 확인이 필요한 경우가 있어서요. 음, 알겠습니다. 그럼 지금 통화로 확인하면 되는 거죠? 네, 그렇습니다. 요청하신 금액이 맞는지, 입금받을 계좌가 본인 명의인지 확인하고 바로 처리하겠습니다. 아, 계좌는 제 명의 맞고 금액도 맞습니다. 그러니까 통화만 끝나면 입금되는 거네요? 네, 맞습니다. 통화 확인이 완료되면 입금 진행되고, 접수 건은 바로 반영됩니다. 혹시 중간에 변경 사항 있으면 말씀해 주세요. 없어요, 그대로 진행해 주세요. 네, 확인 감사드립니다. 바로 마무리 도와드리겠습니다.",0,A,10,62
normal_aug_0631,"아침 뉴스 봤어? 오늘 진짜 이상한 사건 나오더라... 이름이랑 주민번호 같은 거 훔쳐서 명의 도용한 거. 수사도 꽤 오래 걸렸대. 어, 나도 봤어. 아니 근데 그거 생각보다 내 주변에도 일어날 수 있겠더라. 명의 도용은 진짜 남 일 같지가 않지. 그러니까, 요즘은 문자 한 통도 함부로 누르면 안 되겠어. 수사 결과 보니까 계좌까지 건드렸대서 더 소름이었어. 맞아, 사건 자체도 충격인데, 평범한 사람들 명의가 그렇게 쉽게 도용된다는 게 더 무섭더라. 나도 오늘부터 비밀번호 좀 바꾸고, 이상한 전화 오면 바로 끊으려고. 그래, 그런 수사 뉴스는 그냥 넘기면 안 되겠더라. 우리도 조심하자, 명의 도용은 진짜 한 번 당하면 복잡해 보여.",0,B,1,63
normal_aug_0632,"아침에 뉴스 켜놨는데 그 사건 봤어? 누가 남의 명의를 도용해서 대출까지 건드렸다는 거... 수사 들어갔다고 하던데 좀 심각하더라. 아, 나도 들었어. 그런 사건은 항상 끝나고 나서야 다들 조심하잖아. 맞아, 명의 도용은 진짜 잠깐 방심하면 바로 당하겠더라. 수사도 중요하지만, 우리처럼 미리 막는 게 더 낫겠지. 그러니까, 신분증 사진 같은 거도 막 보내면 안 되겠어. 맞아, 사건 얘기 들으니까 괜히 내 정보가 다 털린 느낌이었어. 수사 결과가 나오기 전인데도 이미 피해 본 사람이 많다더라. 그러게... 명의 도용은 진짜 생활 속에서 조심해야 하는 문제 같아.",0,B,2,63
normal_aug_0633,"아까 모르는 번호로 전화 왔는데 수사관이라고 하면서 내 이름 말하더라. 막 범죄에 연루됐을 가능성이 있다면서 조사받아야 한다고... 그래서 바로 끊었어. 어, 잘했어. 그런 수사관 사칭 전화 진짜 많대. 나도 들으면 괜히 심장 철렁하더라. 그러니까, 범죄 연루 같은 말 나오면 더 의심해야 돼. 맞아, 처음엔 목소리도 그럴듯해서 잠깐 흔들렸는데, 이상하게 조사 방식이 너무 급했어. 수사관이면 보통 그런 식으로 안 하지 않나? 그렇지, 조사하겠다는 말로 겁주면서 개인정보 빼는 거라더라. 아 진짜 황당했겠다. 나도 그런 전화 오면 바로 끊고 가족한테 말해야겠다. 응, 괜히 범죄 연루됐다고 하면 놀라서 말려들 수 있으니까, 차분하게 확인부터 해야 돼.",0,B,3,63
normal_aug_0634,"방금 전화 끊고 완전 어이없어서 너한테 바로 한다... 수사관이라면서 나한테 범죄 조사 받으라고 하더라. 아니, 내가 왜 연루가 돼... 진짜 말도 안 됐어. 어휴, 그런 전화 진짜 짜증 나겠다. 수사관 이름 대면서 조사한다는 식으로 말하면 사람 헷갈리게 만들지. 맞아, 처음엔 너무 진지해서 진짜인 줄 알았는데, 계속 개인정보 묻길래 이상했어. 그러니까 그게 문제야, 범죄 연루라는 말로 겁만 주는 거지. 나도 한동안 심장 빨리 뛰더라... 근데 바로 끊은 건 잘했다. 그래, 조사한다고 해도 이상하면 끊는 게 맞아. 다음엔 번호 저장도 안 된 전화는 더 조심해야겠어.",0,B,4,63
normal_aug_0635,"어제 본 다큐멘터리 생각나더라. 불법 대포통장 개설하는 이야기였는데, 피해자가 생각보다 많아서 좀 충격이었어. 나도 봤어. 대포통장이라고만 들었지, 개설 과정이 그렇게 교묘한 줄 몰랐어. 그러니까, 그냥 돈 조금 벌게 해준다고 꼬드기는 게 진짜 불법이더라. 맞아, 피해자들 중에 자기 명의가 엉뚱하게 쓰인 사람도 나오는데 너무 답답했어. 대포통장 하나 때문에 인생이 꼬이는 거잖아. 어, 그래서 다큐 보는 내내 괜히 불안하더라. 불법 개설이 막 큰일처럼 멀게 느껴졌는데, 사실은 주변에서도 조심해야 할 문제였어. 피해자 입장에서는 억울해도 설명하기 어려울 것 같고... 진짜 무섭더라.",0,B,5,63
normal_aug_0636,"그 다큐 봤는데, 불법으로 대포통장 개설시키는 얘기 완전 소름이었어. 피해자 인터뷰 나올 때는 마음이 좀 무거웠다. 맞아, 나도. 처음엔 그냥 통장 하나 빌려주는 정도인가 했는데, 아니더라. 불법 개설은 생각보다 조직적으로 움직이더라고. 그러니까 피해자들이 나중에 자기 이름이 거기 엮였다는 걸 알고도 바로 못 풀더라구. 대포통장이라는 말은 많이 들었는데, 실제로 보니까 훨씬 심각했어. 어, 나도 그 장면에서 한참 봤어. 피해자들 입장에서는 진짜 억울하고 답답하겠더라. 이런 건 꼭 다큐로라도 자꾸 보여줘야 조심할 것 같아.",0,B,6,63
normal_aug_0637,"서울에서 그 일당 검거됐다는 기사 봤어? 남성 여러 명이 한꺼번에 잡혔다고 하던데, 화면에 나오니까 생각보다 규모가 크더라. 어, 나도 봤어. 서울 한복판에서 그런 일이 계속 있었다니 좀 놀랐어. 검거됐다는 소식은 다행인데, 그전까지 피해 본 사람들은 얼마나 불안했겠어. 맞아, 특히 남성 몇 명이 역할 나눠서 움직였다니까 더 조직적이었더라. 기사 보니까 발견된 증거도 꽤 많던데? 응, 그래서 검거가 빨랐다더라. 서울 쪽은 사람이 많으니까 더 조심해야겠다는 생각 들었어. 그러니까, 기사 한 번 공유해두면 다들 알아서 조심하잖아. 나도 방금 단톡방에 보냈어. 남성 일당 검거됐다는 소식, 이런 건 꼭 알려야지.",0,B,7,63
normal_aug_0638,"기사 봤어? 서울에서 남성 일당이 검거됐다는 거. 처음엔 그냥 또 비슷한 뉴스인가 했는데, 읽어보니까 발견된 증거가 많아서 꽤 크게 묶였더라. 어, 나도 봤어. 서울에서 저렇게 움직였으면 주변 사람들도 많이 놀랐겠다 싶더라. 검거 소식 들으니까 일단 다행이긴 한데, 또 다른 데서 비슷한 시도가 있을까 봐 걱정돼. 맞아, 남성 여러 명이 같이 했다는 부분이 좀 무섭더라. 발견된 단서가 있어서 빨리 잡았다는데, 이런 건 진짜 빨리 공유해야 돼. 그러니까 단톡방에 올려놓는 게 맞지. 나도 바로 봤다고 답했어. 서울 기사라서 더 실감 나고, 검거라는 말이 왜 이렇게 반가운지 모르겠더라.",0,B,8,63
normal_aug_0639,"오늘 회사 보안 교육 진짜 길었다... 녹취 방법이니 진술 기록이니, 뭐가 그렇게 많아. 어, 맞아. 나도 듣다가 머리 아팠어. 특히 녹취는 꼭 필요한 상황에서만 하라고 하면서도 절차는 엄청 꼼꼼하더라. 그러니까, 진술 받을 때도 그냥 말로 끝내면 안 되고 정보 관리까지 해야 한다잖아. 맞아, 정보 하나 잘못 다루면 큰일 난다더라. 압수 같은 말도 나오니까 괜히 무섭고... 그런데 결국 기본을 지키라는 얘기였지. 어, 근데 교육 자료가 너무 길어서 집중이 안 되더라. 녹취할 때도 상대 동의 확인하고, 진술 내용도 함부로 공유하지 말라는데, 머리로는 알겠는데 은근 복잡해. 그러게, 정보 보호가 중요하다는 건 알겠는데 실무는 늘 헷갈려.",0,B,9,63
normal_aug_0640,"아, 오늘 보안 교육에서 녹취 얘기 나오는데 진짜 피곤했어. 진술 정리할 때도 절대 대충 하면 안 되고, 정보는 더더욱 조심하라더라. 어, 그 부분 나도 들었어. 회사가 요즘은 작은 정보 하나도 엄청 신경 쓰는 분위기야. 그러니까, 녹취본 보관도 기간 정해서 해야 하고, 불필요하면 바로 정리해야 한다고. 맞아, 그런데 설명이 너무 길어서 중간에 정신이 나갔어... 압수 같은 단어까지 나오니까 괜히 사건 현장 얘기 듣는 느낌이 들더라. 그래서 더 겁났어? 응, 진술이나 정보 관리가 허술하면 문제가 커진다고 계속 강조하니까. 나도 오늘 집 가서 메모 다시 봐야겠다. 녹취, 진술, 정보... 이런 건 평소에 더 신경 써야겠더라.",0,B,10,63
normal_aug_0641,"네, 방금 대출 승인 안내 받으셨다고 하셨죠. 네, 맞습니다. 이제부터 상환 방법이랑 이율을 좀 안내받고 싶어서요. 네, 확인해보겠습니다. 먼저 본인 확인을 위해 성함과 생년월일 부탁드릴게요. 음, 제가 김○○이고 생년월일은 ○○년 ○월 ○일입니다. 감사합니다. 고객님 대출은 승인 완료된 상태고요, 자금은 내일 오후에 지정하신 계좌로 입금될 예정입니다. 상환은 매달 같은 날짜에 자동이체로 진행하실 수 있고, 원하시면 중도 상환도 가능합니다. 아, 그럼 이율은 어떻게 되는 거예요? 현재 적용 이율은 연 ○○퍼센트이고, 상환 기간에 따라 총 부담 금액이 조금 달라집니다. 그러니까 일찍 상환하시면 이자 부담이 줄어드는 거네요? 네, 맞습니다. 다만 중도 상환 수수료가 있는 구간이 있어서 그 부분은 제가 따로 안내드릴게요. 고객님 대출 승인 조건에 따라 첫 회차 상환일도 조정 가능하고요. 음, 상환 방식은 자동이체로 해두는 게 편하겠네요. 네, 가장 많이 선택하시는 방식입니다. 제가 대출 승인 내역이랑 상환 일정 문자로도 보내드리겠습니다.",0,A,1,64
normal_aug_0642,"네, 저 대출 승인된 거 상환 관련해서 다시 확인하려고 전화드렸는데요. 아, 네. 본인 확인부터 도와드리겠습니다. 성함과 연락처 끝 네 자리 부탁드립니다. 저는 이○○이고, 끝 네 자리는 ○○○○입니다. 확인됐습니다. 말씀하신 대출은 승인 완료되었고, 자금 지급 전 단계입니다. 상환은 대출 실행 다음 달부터 시작되며, 이율은 고정형으로 적용됩니다. 그러면 상환 날짜를 제가 직접 바꿀 수 있나요? 네, 가능하긴 한데 승인된 조건 안에서만 조정됩니다. 이율도 같이 바뀌는 건 아니고요. 아, 그러면 자금 받기 전에 다시 확인해야겠네요. 네, 맞습니다. 고객님이 원하시면 상환 예시표를 보내드릴 수 있고, 월별 상환 금액도 안내해드릴 수 있습니다. 음, 그 표가 있으면 제가 이해하기 쉬울 것 같아요. 네, 그럼 대출 승인 정보와 상환 계획을 문자로 발송하겠습니다. 수수료나 연체 이율 안내도 같이 보내드릴게요.",0,A,2,64
normal_aug_0643,"네, 접수된 건이 있는데 전산 쪽 문제로 납부 처리가 조금 지연되고 있습니다. 아, 전산 문제요? 제가 오늘 납부한 금액이 아직 반영이 안 된 건가요? 네, 맞습니다. 현재 전산 오류로 접수는 되었지만 납부 반영이 늦어지고 있습니다. 고객님께서 결제하신 금액은 정상 수납 대상인데, 전산 확인이 끝나야 최종 반영이 됩니다. 그럼 제가 다시 납부해야 하는 건 아니죠? 아니요, 재납부하실 필요는 없습니다. 접수 내역과 금액은 모두 확인됐고요, 전산 복구가 되면 자동으로 반영됩니다. 아, 다행이네요. 전산이 언제쯤 정상화될까요? 아직 정확한 시간은 확답드리기 어렵지만, 복구되는 즉시 납부 완료 안내를 드릴 예정입니다. 고객님 접수 건은 별도로 표시해 두었습니다. 그러면 납부 확인 문자는 나중에 오는 거죠? 네, 전산 처리 후 문자로 금액 반영 결과 보내드리겠습니다. 불편을 드려 죄송합니다.",0,A,3,64
normal_aug_0644,"저기, 제가 납부한 게 아직 안 들어갔다고 해서 전화드렸어요. 네, 확인해보겠습니다. 전산 점검 때문에 접수된 납부 건이 지연되고 있습니다. 아, 전산 점검이군요. 금액은 제대로 들어간 거 맞나요? 네, 고객님 납부 금액은 확인됐습니다. 다만 전산 쪽에서 접수 순서대로 반영하는 과정이 늦어지고 있습니다. 그러니까 제 계정에 아직만 안 보이는 거네요? 네, 그렇습니다. 고객님께서 재납부하실 필요는 전혀 없고요, 전산 정상화 후 자동으로 반영됩니다. 접수 완료 문서에도 금액은 그대로 유지되어 있습니다. 음, 그럼 오늘 중으로는 보일 수도 있나요? 가능성은 있지만, 전산 복구 상황에 따라 달라서 현재로서는 기다려주셔야 합니다. 불편하시겠지만 납부 처리와 관련한 추가 안내가 나오면 바로 연락드리겠습니다.",0,A,4,64
normal_aug_0645,"비대면 계좌 개설하려고 하는데, 명의 확인이 어떻게 되는지 궁금해서요. 네, 안내드리겠습니다. 비대면 개설은 고객님 개인 정보 확인이 먼저 진행되고, 본인 명의인지 확인 절차가 꼭 필요합니다. 음, 개인정보를 어디까지 입력해야 하나요? 기본적으로 성함, 주민번호 일부, 연락처, 그리고 영상 확인이 필요할 수 있습니다. 개설하시는 계좌는 고객님 명의로만 가능하고, 타인 명의로는 진행이 안 됩니다. 아, 명의 확인이 중요하군요. 네, 맞습니다. 개설 과정에서 입력하신 정보가 신분증 정보와 일치해야 하고, 개인 인증도 함께 진행됩니다. 그러면 제가 지금 준비할 건 신분증이랑 휴대폰이면 되는 거죠? 네, 우선은 그렇습니다. 추가로 계좌 용도 확인 질문이 나갈 수 있고, 그 정보도 본인 확인 절차에 포함됩니다. 명의와 개인 정보가 모두 확인되면 개설이 완료됩니다. 네, 그럼 차근차근 진행해볼게요.",0,A,5,64
normal_aug_0646,"저 계좌를 비대면으로 개설하려고 하는데 명의 확인 때문에 전화드렸어요. 네, 맞습니다. 비대면 개설은 개인 정보와 명의 확인이 필수입니다. 먼저 본인 확인을 위해 성함과 생년월일 부탁드립니다. 박○○이고, 생년월일은 ○○년 ○월 ○일입니다. 감사합니다. 고객님 명의로 개설하는 게 맞으시면, 신분증 정보와 입력하신 정보가 동일해야 합니다. 아, 제가 주소를 조금 전에 잘못 넣은 것 같아요. 그러면 수정 후 다시 개설 진행하시면 됩니다. 개인 정보가 틀리면 개설이 중단될 수 있어서요. 음, 그럼 휴대폰 인증도 해야 하나요? 네, 개인 인증 절차로 휴대폰 인증까지 진행됩니다. 명의 확인이 끝나면 개설 완료 안내가 나가고요. 필요한 정보는 최소한으로만 확인하니 걱정하지 않으셔도 됩니다.",0,A,6,64
normal_aug_0647,"카드 한도 좀 확인하려고 하는데요, 해외 거래도 가능하게 되어 있는지 궁금합니다. 네, 본인 확인 먼저 도와드릴게요. 성함과 카드 끝 네 자리 부탁드립니다. 저는 최○○이고 끝 네 자리는 ○○○○입니다. 감사합니다. 현재 고객님 카드 이용 한도는 남아 있고요, 해외 거래 가능 여부도 확인 가능합니다. 아, 지금 해외에서 쓰는 건 가능한 상태인가요? 네, 기본 설정상 해외 거래 가능으로 되어 있습니다. 다만 일부 가맹점은 승인 방식에 따라 달라질 수 있습니다. 그러니까 카드 이용은 되는데 거래 승인이 따로 걸릴 수도 있다는 거네요? 네, 맞습니다. 해외 거래 시에는 통화 종류나 승인 방식에 따라 한도 차감이 다르게 보일 수 있습니다. 카드 이용 한도는 일시적으로 조정도 가능하고, 해외 거래 차단도 설정하실 수 있습니다. 음, 저는 일단 해외 거래는 유지하고 싶어요. 네, 그럼 현재 설정 그대로 유지해드리겠습니다. 카드 이용 한도와 해외 거래 가능 상태는 문자로도 안내드릴게요.",0,A,7,64
normal_aug_0648,"여보세요, 카드 한도랑 해외 거래 가능 여부 좀 보려고요. 네, 확인해드리겠습니다. 우선 본인 확인 부탁드립니다. 저는 정○○이고, 카드 번호 끝 네 자리는 ○○○○입니다. 확인됐습니다. 현재 카드 이용 한도는 ○○만 원이고, 해외 거래는 가능으로 설정되어 있습니다. 아, 해외 거래 가능하네요. 그럼 카드로 외국 사이트 결제도 되는 건가요? 네, 일반적으로는 가능하지만 일부 사이트는 추가 승인 절차가 있을 수 있습니다. 카드 이용 한도 내에서 거래가 이뤄지면 자동 승인됩니다. 음, 제가 한도를 좀 넉넉하게 보고 싶은데 조정도 되나요? 네, 소득 심사 기준에 따라 한도 상향 신청은 가능합니다. 다만 오늘 바로 반영되지 않을 수도 있습니다. 해외 거래 가능 상태는 유지되며, 필요하면 일시 정지도 가능합니다. 카드 이용 내역도 같이 문자로 보내드리겠습니다.",0,A,8,64
normal_aug_0649,"대출 입금 요청이 접수됐다고 들었는데, 본인 확인 통화를 꼭 해야 하나요? 네, 맞습니다. 대출 입금은 요청만으로 바로 진행되지 않고, 본인 확인 통화 절차가 필요합니다. 아, 그럼 제가 지금 통화하면 되는 거죠? 네, 가능합니다. 먼저 성함과 생년월일 확인 부탁드립니다. 저는 윤○○이고 생년월일은 ○○년 ○월 ○일입니다. 감사합니다. 접수된 대출 입금 요청은 확인됐고요, 본인 확인 통화가 완료되어야 최종 처리됩니다. 입금은 오늘 중에 되는 건가요? 확인이 끝나면 가능한 빠르게 진행됩니다. 다만 요청하신 계좌와 본인 명의 일치 여부도 같이 봐야 합니다. 음, 그 정보도 이미 제출했는데 다시 확인하는 거군요. 네, 보안상 통화로 한 번 더 확인하는 절차입니다. 대출 입금 전 안내문도 문자로 보내드리겠습니다.",0,A,9,64
normal_aug_0650,"네, 대출 입금 요청 때문에 전화드렸어요. 통화 확인이 필요하다고 해서요. 맞습니다. 본인 확인 통화 후에만 입금 요청을 처리할 수 있습니다. 우선 고객님 정보 확인하겠습니다. 성함과 연락처 끝 네 자리를 말씀해 주세요. 문○○이고, 끝 네 자리는 ○○○○입니다. 확인됐습니다. 접수된 대출 입금 요청은 확인되어 있고요, 지금 통화로 본인 확인만 되면 진행 가능합니다. 그럼 제가 뭘 확인하면 되나요? 요청하신 대출 상품명과 입금받을 계좌의 본인 명의 여부를 확인해주시면 됩니다. 아, 계좌는 제 명의 맞고, 입금 요청도 제가 직접 했습니다. 네, 감사합니다. 그러면 본인 확인 통화는 완료로 접수하겠습니다. 입금 일정은 곧 안내드리고, 처리 결과도 문자로 보내드리겠습니다.",0,A,10,64
normal_aug_0651,"아침 뉴스 봤어? 아, 진짜 오늘 나온 사건이 너무 찝찝하더라. 명의도용이 그렇게 쉽게 되는 줄 몰랐네. 수사도 들어간다던데, 그 사람은 본인도 모르는 사이에 명의가 여러 군데 쓰였대. 나는 그거 보자마자 바로 비밀번호랑 인증 설정 다시 봤거든. 너도 괜히 카드나 통장 정보 함부로 안 넘기고, 문자 오는 거 그냥 넘기지 말아라. 명의, 도용 이런 건 한 번 걸리면 너무 골치 아프잖아. 수사 결과 나와도 당장 피해 복구가 쉽진 않다던데, 진짜 조심해야겠더라.",0,B,1,65
normal_aug_0652,"응, 나도 아침에 봤는데 마음이 좀 서늘하더라. 사건이 꽤 크던데 명의도용 피해자가 한둘이 아니래. 수사 들어가서 범인은 잡는다 해도, 피해자들은 계속 서류 정리하고 확인하고 해야 한다고 하더라. 나는 그래서 요즘은 낯선 문자 오면 바로 열어보지도 않고, 명의 관련된 거는 더더욱 신경 써. 도용 당하면 본인 이름으로 뭔가가 막 생기는 거잖아. 그런 사건은 남 일 같지가 않더라, 진짜.",0,B,2,65
normal_aug_0653,"아까 모르는 번호가 와서 받았는데, 수사관이라고 하면서 막 내 이름이 어쩌고 하더라. 음, 처음엔 그냥 뭐 확인 전화인 줄 알았는데 말이 자꾸 이상해서 바로 끊었어. 범죄 연루됐는지 조사해야 한다고 하길래, 듣는 순간 아 이거 아니다 싶더라. 수사관이면 그렇게 말 안 하겠지 싶고, 괜히 겁주면서 빨리 답하라고 하는 게 너무 수상했어. 너도 그런 전화 오면 절대 오래 듣지 말고 끊어라. 괜히 연루, 조사 이런 말에 흔들리면 안 되겠더라고.",0,B,3,65
normal_aug_0654,"와 그거 진짜 이상하다. 수사관이면 최소한 절차가 있을 텐데, 모르는 번호로 와서 범죄, 연루, 조사 이런 말부터 꺼내면 거의 사칭이지. 나였어도 바로 끊었을 거야. 이런 전화는 길게 받을수록 더 헷갈리니까, 아예 대응 안 하는 게 낫겠더라. 요즘은 말투만 그럴듯하지 실제로는 다 거짓말이잖아. 괜히 겁먹고 알려주면 더 곤란해지고. 너 잘 끊었다.",0,B,4,65
normal_aug_0655,"어제 다큐 봤는데, 불법으로 대포통장 개설하는 얘기 나오더라. 그냥 통장 하나 빌려주면 되는 줄 알고 시작했다가, 나중엔 본인이 피해자처럼 됐다는 사람이 너무 많았어. 개설 과정도 이상하게 유도하고, 피해자들은 자기 이름이 왜 거기 들어갔는지도 모른다더라. 불법, 대포, 개설 이런 게 이렇게 사람 인생을 꼬이게 할 줄은 몰랐어. 보고 나니까 남한테 신분증이나 계좌 정보 함부로 주면 안 되겠더라.",0,B,5,65
normal_aug_0656,"나도 그 다큐 봤어. 진짜 불법 대포통장 개설 얘기인데, 생각보다 피해자 말이 너무 안타깝더라. 자기들은 그냥 아르바이트인 줄 알았대잖아. 그런데 나중에 조사 들어가고 나서야 본인이 피해자이면서 동시에 곤란한 상황에 놓인 거지. 개설이 그렇게 가볍게 보일 일이 아니더라. 불법이라는 말이 붙는 건 다 이유가 있구나 싶었어. 우리도 이런 거 보면 쉽게 넘어가면 안 되겠더라.",0,B,6,65
normal_aug_0657,"서울에서 그 보이스피싱 일당 검거됐다는 기사 봤어? 남성 여러 명이랑 관련된 조직이었는데, 생각보다 빨리 발견됐더라. 서울 한복판에서 그렇게 움직였다는 것도 놀랍고, 검거됐다는 소식 들으니까 좀 속이 후련하더라. 그래도 이런 일은 한 번 터지면 피해가 커서, 기사 볼 때마다 남의 일 같지가 않아. 너도 서울 쪽 기사 보면 꼭 내용 확인해봐. 발견, 검거 이런 단어만 봐도 괜히 긴장되더라.",0,B,7,65
normal_aug_0658,"응, 나도 단톡방에 바로 보내고 싶더라. 서울에서 남성 일당이 검거됐다는 내용이었는데, 발견 경위도 꽤 자세히 나왔더라. 이런 건 빨리 공유해서 다들 조심하자는 뜻으로 보내는 게 좋지. 검거됐다고 끝이 아니라, 비슷한 수법이 또 나올 수 있으니까. 서울 기사였지만 다른 지역도 안심 못 하잖아. 남성 일당이 이렇게 조직적으로 움직였다는 점이 좀 무섭더라.",0,B,8,65
normal_aug_0659,"회사에서 녹취 교육 받은 거 있잖아, 그거 생각보다 빡세더라. 녹취할 때 상대 동의도 중요하고, 진술 내용도 함부로 다루면 안 된다고 계속 강조하더라고. 정보 관리도 그렇고, 파일 하나 잘못 저장하면 곤란하다고 해서 괜히 더 긴장됐어. 압수 같은 말도 예시로 나오는데, 듣다 보니 아 이거 진짜 대충 넘길 일이 아니구나 싶더라. 교육 끝나고 나니까 전화받는 것도 좀 조심스러워졌어.",0,B,9,65
normal_aug_0660,"맞아, 나도 그 교육 듣고 나서 좀 피곤했어. 녹취, 진술, 정보 이런 말이 계속 나오니까 머리가 복잡하더라. 솔직히 회사 일하다 보면 이런 거 다 챙기기 귀찮은데, 한 번 문제 생기면 압수까지 이어질 수 있다고 하니까 무시를 못 하겠더라. 정보도 괜히 여기저기 남기면 안 되고. 음, 나중에 민감한 내용 다룰 때는 진짜 더 조심해야겠다 싶었어. 교육이 길긴 했는데 헛되진 않았지.",0,B,10,65
normal_aug_0661,"네, 대출 승인 안내 받으셨다고 해서 연락드렸습니다. 음, 먼저 승인된 대출 금액이 있고요, 자금 사용 목적에 맞게 바로 집행은 가능하신데, 상환 방식은 어떻게 잡으실지 확인이 필요합니다. 아, 원리금 균등으로 생각하고 계세요? 네, 맞습니다. 그러면 매달 같은 금액으로 상환이 진행되고, 이율은 지금 승인 조건 기준으로 고정 적용됩니다. 어, 중도 상환을 하시게 되면 수수료가 일부 있을 수 있는데, 그 부분은 대출 약정서에 나와 있어요. 아, 그럼 처음 한 번만 확인하면 되는 거죠? 네, 맞습니다. 승인된 자금은 다음 영업일에 반영되고, 상환 일정은 첫 납입일 기준으로 잡히니까요. 혹시 대출 금리랑 상환일 다시 한번 안내드릴까요?",0,A,1,66
normal_aug_0662,"대출 승인 나셨다는 문자 받으셨죠. 어, 그럼 이제 자금 실행이 가능한 상태인데요, 상환 방법을 미리 정해두시면 편합니다. 저희는 만기 일시 상환이랑 분할 상환이 있는데, 승인받으신 대출 상품은 분할 상환으로도 가능하고 이율은 고객님 조건에 따라 달라집니다. 아, 저는 매달 조금씩 갚는 쪽이 나을 것 같아요. 그러시면 상환 부담이 덜한 대신 전체 기간 동안 이자가 조금씩 붙습니다. 음, 대출 받는 자금은 바로 필요한 건 아니고 여유 자금 성격이셔서요. 네, 그러면 승인된 금액 안에서 일부만 쓰셔도 되고, 사용 후 남은 금액은 별도로 보관되지 않습니다. 상환 시작일은 실행 다음 달부터고요, 중간에 상환 계획 바꾸실 때도 문의 주시면 됩니다. 이율은 안내문에 적힌 기준으로 다시 한번 설명드릴게요.",0,A,2,66
normal_aug_0663,"전산 쪽 확인 중인데요, 고객님 납부 접수가 정상 반영이 조금 지연되고 있습니다. 아, 접수는 된 거예요? 네, 접수 자체는 들어왔고 납부 금액도 확인은 됐는데, 전산 처리 순서가 밀려서 반영이 늦어지고 있어요. 음, 그럼 제가 오늘 낸 납부 금액은 문제 없는 건가요? 네, 금액 자체에는 이상 없고요, 전산 오류로 인해 처리 완료 표시만 늦는 상황입니다. 저희가 접수 내역을 다시 올려서 최대한 빨리 반영되도록 조치 중입니다. 아, 그럼 자동으로 되는 건가요? 네, 대부분은 전산 복구되면 자동 반영되고, 혹시 누락되면 저희가 접수 번호로 다시 확인합니다. 납부 기한 안에는 반영되도록 진행 중이라 너무 걱정 안 하셔도 됩니다.",0,A,3,66
normal_aug_0664,"지금 전산 점검이 길어져서 납부 접수가 바로 처리되지 않고 있습니다. 어, 접수는 했는데 납부가 안 찍힌다는 말씀이세요? 네, 맞습니다. 고객님이 납부하신 금액은 정상적으로 들어왔고, 전산 반영만 지연되는 상태예요. 아, 그러면 금액이 빠진 건 아니군요. 네, 금액은 정상이고 접수도 확인됐습니다. 다만 전산 시스템 오류 때문에 처리 완료까지 시간이 더 걸릴 수 있어요. 저희가 내부적으로 재접수와 재전송을 하고 있어서, 잠시만 기다려 주시면 됩니다. 혹시 오늘 안에 반영이 안 되면 다시 연락드리겠습니다. 네, 그때는 접수 내역과 금액까지 다시 확인해서 안내드릴게요.",0,A,4,66
normal_aug_0665,"비대면 계좌 개설 관련해서 확인드릴 게 있습니다. 먼저 명의 확인이 필요하고, 개설하실 개인 정보도 입력해 주셔야 합니다. 아, 어떤 정보까지요? 네, 이름이랑 생년월일, 연락처 같은 기본 개인 정보가 필요하고요, 본인 명의가 맞는지 확인 절차가 들어갑니다. 음, 가족 명의로는 안 되는 거죠? 네, 계좌 개설은 반드시 본인 명의여야 하고, 다른 사람 명의로는 진행할 수 없습니다. 아, 그럼 제가 직접 하면 되는 거네요. 맞습니다. 개설 화면에서 개인 정보를 입력하신 뒤, 신분증 확인과 휴대폰 인증까지 하시면 됩니다. 입력하신 정보와 명의가 일치해야 최종 개설이 가능해요. 혹시 중간에 정보가 잘못 들어가면 다시 수정하신 뒤 재인증하시면 됩니다.",0,A,5,66
normal_aug_0666,"지금 비대면 개설 단계에서 명의 확인을 먼저 해야 합니다. 어, 개인 정보는 다 입력했는데요. 네, 좋습니다. 그다음은 고객님 명의로 된 계좌 개설이 맞는지 확인하고, 개설에 필요한 추가 정보 몇 가지를 더 받겠습니다. 음, 어떤 정보가 더 필요한가요? 주민등록상 주소와 휴대폰 번호처럼 개인 식별이 가능한 정보입니다. 아, 그러면 본인 명의 확인하고 나서 진행되는 거군요. 네, 맞습니다. 명의가 확인되지 않으면 개설이 중단되고요, 정보가 일치해야만 계좌 개설이 완료됩니다. 저희가 안내드리는 절차대로 따라오시면 어렵지 않게 진행하실 수 있습니다. 혹시 지금 사용 중인 개인 연락처로 인증 문자 받아보실 수 있을까요?",0,A,6,66
normal_aug_0667,"카드 이용 한도와 해외 거래 가능 여부 문의 주신 거 맞으시죠. 먼저 카드 상태 확인해 보겠습니다. 네, 현재 카드 한도는 정상이고요, 국내 이용은 문제없습니다. 아, 해외 거래도 가능한가요? 네, 가능합니다. 다만 해외 거래는 기본 설정이 꺼져 있을 수 있어서, 카드 이용 메뉴에서 해외 사용 가능 여부를 별도로 열어두셔야 할 수 있어요. 음, 그 설정만 바꾸면 되는 거네요? 네, 맞습니다. 그리고 해외 거래는 현지 통화로 승인되면서 환율이 적용됩니다. 카드 한도를 넘지 않는 범위에서는 이용 가능하고, 필요하시면 일시적으로 한도 조정도 안내드릴 수 있습니다. 카드 이용 내역에 이상이 없는지도 같이 확인해 드릴까요?",0,A,7,66
normal_aug_0668,"고객님 카드 이용 관련해서 말씀드리면, 현재 한도는 남아 있고 거래 가능 여부도 체크됩니다. 다만 해외 거래는 카드별로 가능 설정이 달라서, 사용 전에 꼭 확인하셔야 해요. 아, 제가 지금 해외에서 쓸 건데 가능한지 궁금해서요. 네, 가능합니다만 카드가 해외 거래 가능 상태인지 먼저 봐야 합니다. 음, 지금 제 카드는 이용 가능한 상태인가요? 네, 국내 이용은 가능하고, 해외 거래도 설정만 활성화되면 가능합니다. 카드 한도는 현재 여유가 있어서 큰 문제는 없고요. 혹시 해외 사이트에서 결제하실 계획이면, 온라인 거래 가능 여부도 같이 보셔야 합니다. 아, 그럼 카드 이용 설정만 바꾸면 되겠네요. 네, 맞습니다. 필요하시면 바로 안내해 드리겠습니다.",0,A,8,66
normal_aug_0669,"대출 입금 요청은 접수됐습니다만, 본인 확인 통화 절차가 먼저 필요합니다. 음, 요청은 들어간 거죠? 네, 대출 입금 요청 자체는 접수됐고요, 다만 최종 입금 전에는 본인 확인 통화가 완료되어야 합니다. 아, 왜 통화가 필요한가요? 고객님 본인 요청이 맞는지 확인하는 절차입니다. 대출 금액이 큰 건 아니라도, 입금 전에 통화로 확인을 해야 진행할 수 있어요. 그러면 지금 바로 통화하면 되는 건가요? 네, 가능합니다. 간단한 확인 질문에 답해 주시면 입금 요청 처리를 이어서 진행하겠습니다. 요청한 계좌와 입금 금액도 다시 한번 확인해 드릴게요.",0,A,9,66
normal_aug_0670,"대출 입금 관련 요청이 접수되어 있어서 연락드렸습니다. 그런데 입금 진행 전에 본인 확인 통화가 꼭 필요합니다. 아, 요청 접수는 됐는데 아직 입금은 안 된 거예요? 네, 맞습니다. 요청은 접수됐고, 입금은 통화 확인 후에만 가능해요. 음, 그럼 제가 받으면 되는 건가요? 네, 본인 확인 통화에서 몇 가지 질문에 답해 주시면 됩니다. 대출 입금은 고객님 명의 계좌로만 가능하고, 요청 내용과 일치해야 해요. 아, 통화 절차가 끝나면 바로 입금되는 거죠? 네, 확인되면 최대한 바로 진행됩니다. 혹시 지금 통화 괜찮으시면 본인 확인부터 이어가겠습니다.",0,A,10,66
normal_aug_0671,"아침 뉴스 봤어? 음, 진짜 깜짝 놀랐어. 명의 도용 사건이 또 났다는데, 피해자들이 자기 이름으로 뭔가가 막 진행된 거 같더라. 수사도 들어갔다고 하고... 그러니까 이런 사건은 남 일 같지가 않더라. 나도 이제 이름이랑 번호 함부로 안 적으려고. 어, 그리고 인증 문자도 바로바로 확인해야겠더라. 맞아, 명의 도용은 한 번 당하면 되돌리기 힘들다잖아. 너도 요즘 개인정보 적는 거 있으면 한 번 더 보고, 이상한 연락 오면 무조건 끊어.",0,B,1,67
normal_aug_0672,"응, 나도 아침 뉴스에서 그 사건 봤어. 명의가 남한테 넘어가면 진짜 골치 아프겠다 싶더라. 수사한다고 해도 시간 꽤 걸릴 것 같고... 음, 괜히 내 이름이랑 연락처가 어디 새나간 건 아닌가 좀 찝찝했어. 그래서 요즘은 회원가입할 때도 다 다시 확인해. 어, 비밀번호도 자주 바꾸고. 맞아, 그런 도용 사건은 진짜 조심해야 해. 너도 택배 문자나 그런 거 함부로 누르지 말고, 수상하면 바로 확인해.",0,B,2,67
normal_aug_0673,"아까 모르는 번호로 전화 왔는데, 수사관이라고 하면서 막 조사 얘기하더라. 음, 처음엔 내가 뭘 잘못했나 싶어서 들었는데, 말이 점점 이상해지는 거야. 갑자기 내 이름이 어떤 범죄에 연루됐다고 하면서 급하게 조사받아야 한다고 하더라고. 그래서 바로 끊었지... 어휴, 생각만 해도 황당해. 그런 식으로 겁주면 누가 속을까 싶었는데, 막상 들으니까 순간 흔들리긴 하더라. 너도 이런 전화 오면 절대 따라가지 마. 수사관이라면서 조사하자고 해도, 먼저 끊고 확인해야 해.",0,B,3,67
normal_aug_0674,"나도 비슷한 전화 받아본 적 있어. 수사관이라고 하면서 내 계좌가 범죄에 연루됐는지 조사해야 한다고 하더라. 음, 말투는 그럴듯한데 자꾸 급하게 하라고 해서 이상했어. 그래서 나중에 다시 생각해 보니까 완전 수상했지. 사실 그런 전화는 들으면 들을수록 더 헷갈리게 만들잖아. 어, 그러다 보면 괜히 조사에 협조해야 하나 싶고. 근데 그럴수록 냉정하게 끊어야 한대. 진짜 당황스럽긴 해도, 그런 수사관 사칭 전화는 그냥 차단하는 게 맞는 것 같아.",0,B,4,67
normal_aug_0675,"어제 다큐멘터리 봤는데, 불법 대포통장 개설 얘기 나오더라. 음, 생각보다 너무 교묘해서 놀랐어. 그냥 아르바이트인 줄 알고 갔다가 개설에 이름 빌려준 사람들이 피해자 되는 구조더라구. 그러니까 불법인 줄 모르고 시작해도 결국 다 피해자가 되는 거지. 나중에 책임은 고스란히 본인한테 온다니까 더 무섭고. 어, 다큐 보면서 계속 ‘왜 저걸 믿지’ 싶었는데, 막상 보면 말이 되게 그럴듯하대. 너도 그런 내용 나오면 꼭 끝까지 보고, 대포통장 개설 같은 건 절대 하면 안 돼.",0,B,5,67
normal_aug_0676,"그 다큐 봤어? 나도 봤는데, 불법으로 대포통장 개설시키는 장면이 제일 소름 돋았어. 음, 알바비 준다고 꼬시는 방식이 너무 흔하더라. 결국 피해자들은 자기 명의로 통장이 만들어진 것도 모르고 있다가 나중에 통지 받고 알게 되고... 어휴, 진짜 답답했어. 개설만 했을 뿐인데 왜 내가 피해자냐 싶겠지만, 결과가 그렇게 되니까 더 조심해야 하잖아. 어, 특히 처음 보는 사람한테 신분증 맡기라는 말은 절대 들으면 안 되겠더라. 나도 이제 그런 류의 얘기 나오면 바로 거절할 거야.",0,B,6,67
normal_aug_0677,"단톡방에 기사 봤지? 서울에서 대규모 보이스피싱 일당이 검거됐대. 음, 남성 여러 명이 붙잡혔다고 하더라. 기사 사진 보니까 증거도 현장에서 발견됐다던데, 규모가 생각보다 컸어. 서울 한복판에서 그런 일이 계속 있었다니 좀 무섭더라. 그러니까 이런 건 발견되는 순간 끝이긴 한데, 그전까지 속은 사람들은 너무 억울하잖아. 어, 우리 단톡에도 다들 조심하라고 공유해 두자. 검거됐다는 소식은 다행인데, 또 비슷한 일당이 생길까 봐 걱정돼.",0,B,7,67
normal_aug_0678,"나도 그 기사 봤어. 서울에서 남성 일당이 검거됐다고 해서 바로 읽어봤는데, 음, 생각보다 오래 활동했더라. 현장에서도 여러 증거가 발견됐다던데, 그러면 수사에 꽤 도움이 됐겠지. 근데 기사 읽으면서 제일 든 생각은, 피해자들 마음이 얼마나 복잡했을까 하는 거였어. 어, 이런 건 한 번 걸러내기 힘들어서 더 조심해야 하잖아. 그래서 난 단톡에 기사 링크 보내면서, 모르는 전화나 문자 오면 바로 끊으라고 적어놨어. 검거 소식이 있긴 해도, 결국 예방이 제일 중요하니까.",0,B,8,67
normal_aug_0679,"회사 보안 교육 듣고 왔는데, 음, 녹취 얘기를 그렇게 길게 할 줄 몰랐어. 어떤 상황에서 어떻게 기록해야 하는지, 진술은 왜 정확해야 하는지 계속 설명하더라. 나는 그냥 개인정보만 조심하면 되는 줄 알았는데, 정보 다루는 방식 자체를 엄청 강조해서 좀 피곤했어. 어, 압수 같은 단어도 나오니까 괜히 무거운 느낌 들고... 근데 듣고 나니 중요하긴 하더라. 그래도 너무 자주 녹취하라니까 말하기도 불편하고. 진술도 똑바로 해야 하고 정보도 함부로 남기면 안 되고, 머리가 좀 아팠어.",0,B,9,67
normal_aug_0680,"나도 그 보안 교육 받았지. 녹취 규정이랑 진술 방식 얘기할 때, 음, 자꾸 예시를 너무 세세하게 들어서 집중이 안 되더라. 정보는 최소한으로만 남기고, 필요 없으면 저장하지 말라고 하니까 맞는 말이긴 한데 좀 답답했어. 압수 같은 상황까지 생각해서 자료를 정리하라고 하니 괜히 일만 늘어난 기분도 들고. 어, 그래도 나중에 문제 생기면 그게 다 기준이 된다니까 함부로 못 하겠더라. 결국 녹취도, 진술도, 정보 관리도 귀찮아도 제대로 해야 한다는 거겠지. 진짜 오늘 교육은 듣고 나서 더 피곤했어.",0,B,10,67
normal_aug_0681,"네, 말씀 주신 대출 건은 심사 결과가 승인으로 확인되셨고요, 이제 상환 방법하고 이율 안내만 남아 있습니다. 우선 자금 수령은 오늘 기준으로 가능하시고, 상환은 매월 같은 날짜에 자동이체로 진행하실 수 있습니다. 혹시 자동이체 말고 직접 납부를 원하시면 그 방식도 가능하고요. 이율은 안내받으신 조건대로 적용되는데, 변동 없이 시작 시점 기준으로 고정되십니다. 아, 그러면 중도에 여유 자금이 생기면 일부 상환도 되는 건가요? 네, 가능합니다. 일부 상환도 가능하고, 상환하실 때 수수료가 있는지까지 같이 확인해 드릴게요. 잠시만요. 네, 확인됐습니다. 일부 상환은 가능하시고, 수수료는 조건에 따라 달라질 수 있어서 그 부분은 약정서에 한 번 더 보시면 됩니다. 대출 승인된 뒤에는 자금 사용하신 날짜부터 이율이 계산되니까, 사용 계획이 있으시면 상환 일정이랑 같이 맞춰보시는 게 좋습니다. 음, 그럼 이번 달 안에 자금 받으면 바로 상환일은 다음 달부터 잡히는 거죠? 네, 맞습니다. 대출 실행일 기준으로 상환일이 잡히고, 승인 후 안내드린 이율로 적용됩니다.",0,A,1,68
normal_aug_0682,"대출 승인 안내 받았는데요, 상환 방식이 좀 헷갈려서요. 자금은 들어온다고 하셨고, 이율도 들었는데 제가 매달 따로 납부하는 건지 자동으로 빠지는 건지요. 네, 그 부분 설명드리겠습니다. 고객님 대출은 승인 완료 상태이고, 자금 입금은 예정대로 진행됩니다. 상환은 지정하신 계좌에서 자동이체로 납부하실 수도 있고, 원하시면 가상계좌로 직접 상환도 가능합니다. 이율은 처음 약정된 이율이 그대로 적용되고, 추가 비용이 있는지 여부는 상품 조건에 따라 달라집니다. 아, 그럼 제가 중간에 여유가 생기면 상환 금액을 늘릴 수도 있나요? 네, 가능합니다. 다만 부분 상환 시에는 남은 자금에 대해 이율 계산이 달라질 수 있어서, 상환 전에 한 번 안내를 받으시는 게 좋습니다. 음, 승인 받은 뒤 바로 자금을 쓰면 그날부터 이율이 붙는 거죠? 네, 실행일 기준으로 계산됩니다. 그래서 대출 실행일, 상환일, 이율 세 가지를 같이 보시면 됩니다.",0,A,2,68
normal_aug_0683,"은행 전산에 일시 오류가 있어서 고객님 납부 처리가 조금 지연되고 있습니다. 접수는 이미 완료돼 있는데, 전산 반영이 늦어져서 금액 확인과 처리에 시간이 걸리는 상황입니다. 아, 그럼 제 납부가 아직 안 된 건가요? 완전히 미처리라기보다, 접수는 되었고 전산상으로만 아직 반영이 덜 된 상태입니다. 고객님께서 납부하신 금액은 정상적으로 확인 중이고, 현재 시스템 복구 이후 순차 반영될 예정입니다. 혹시 납부 내역 문자 같은 건 와야 하는데 안 왔습니다. 네, 그 부분도 전산 오류 영향일 수 있습니다. 문자 발송도 접수 처리와 같이 지연될 수 있어서요. 금액은 중복으로 빠지거나 하진 않는지 걱정되는데요. 네, 그 점은 걱정 안 하셔도 됩니다. 현재는 금액 중복 처리 없이 보류 상태로 확인되고 있습니다. 복구되면 납부 완료로 다시 반영해 드리겠습니다.",0,A,3,68
normal_aug_0684,"고객님 납부 건 확인해 보니, 전산 시스템 문제로 접수가 지연된 상태입니다. 금액은 이미 준비되셨는데, 납부 처리만 전산상 멈춰 있어서 지금 바로 완료 표시가 안 되고 있습니다. 음, 그럼 제가 낸 금액이 사라진 건 아니죠? 네, 아닙니다. 접수는 들어와 있고 금액도 확인되고 있습니다. 다만 전산 쪽 반영이 늦어지는 상황이라 납부 완료까지 시간이 조금 더 걸릴 수 있습니다. 혹시 다시 납부해야 하는 건가요? 아니요, 재납부는 하지 않으셔도 됩니다. 현재 접수된 내역을 기준으로 전산 오류가 해결되면 자동으로 반영됩니다. 고객님께서 따로 하실 일은 없고, 저희가 금액과 접수 상태를 계속 확인해 드리겠습니다. 아, 그럼 납부일이 지나도 문제 없는 거죠? 네, 이번 건은 전산 지연으로 인한 건이라 고객님 불이익 없도록 처리됩니다. 금액 확인 후 정상 납부로 마무리되면 바로 안내드리겠습니다.",0,A,4,68
normal_aug_0685,"비대면 계좌 개설 관련해서 본인 확인 절차를 설명드리겠습니다. 먼저 명의 확인이 필요하고요, 개설하실 계좌가 고객님 개인 명의가 맞는지부터 확인합니다. 그다음 정보 입력 단계에서 이름, 생년월일, 휴대폰 번호 같은 개인 정보를 차례로 확인하게 됩니다. 아, 그러면 가족 명의로는 안 되는 건가요? 네, 비대면 개설은 본인 명의로만 가능합니다. 개인 명의 확인이 되어야 하고, 정보도 본인 기준으로 일치해야 합니다. 그리고 신분증 촬영이 필요할 수 있고, 개설 과정 중에 영상 통화가 연결될 수도 있습니다. 음, 제가 정보를 한 번에 다 입력해야 하나요? 네, 순서대로 입력하시면 됩니다. 명의가 일치하는지 확인하고, 개인 정보가 맞는지 점검한 뒤에 계좌 개설이 완료됩니다. 중간에 정보가 다르면 개설이 보류될 수 있어서 정확히 넣어주셔야 합니다.",0,A,5,68
normal_aug_0686,"계좌를 비대면으로 개설하시려면 명의와 개인 정보 확인이 꼭 필요합니다. 고객님 명의로 된 본인 계좌인지 확인한 뒤에, 개설 절차를 진행하게 됩니다. 아, 그럼 정보 확인은 어떤 걸 보나요? 이름, 생년월일, 연락처, 주소 같은 기본 개인 정보와 신분증 정보가 맞는지 확인합니다. 명의가 다른 경우에는 개설이 진행되지 않고요. 개인 확인이 끝나야 다음 단계로 넘어갈 수 있습니다. 음, 제가 지금 신분증은 있는데 주소가 예전 거면 어떻게 되나요? 그 경우에는 최신 정보로 수정하신 뒤 개설하셔야 합니다. 정보가 불일치하면 계좌 개설이 지연될 수 있습니다. 명의 확인, 개인 정보 확인, 본인 인증 이 세 가지가 맞아야 정상 개설됩니다. 잠시만 기다려 주시면 제가 필요한 절차를 다시 정리해서 말씀드릴게요.",0,A,6,68
normal_aug_0687,"카드 한도 조회와 해외 거래 가능 여부 확인 도와드리겠습니다. 우선 카드의 현재 이용 한도를 확인해야 하고요, 해외 거래는 카드 종류와 설정에 따라 가능 여부가 달라집니다. 아, 제가 지금 여행 가기 전에 알아보려고요. 네, 그러시면 출국 전에 꼭 확인하시는 게 좋습니다. 카드 이용 한도는 현재 남아 있는 금액 기준으로 보시면 되고, 해외 거래 가능 여부는 해외 사용 등록이 되어 있는지부터 봐야 합니다. 그럼 해외 거래가 안 되면 아예 이용이 안 되는 건가요? 해외 거래가 차단되어 있으면 해외에서 이용이 제한될 수 있습니다. 다만 국내 거래는 그대로 가능하고, 해외 거래만 별도로 설정하시면 됩니다. 카드 한도도 같이 조정할 수 있는지 확인해 드릴까요? 네, 부탁드립니다. 지금 이용 가능한 한도와 해외 거래 가능 설정을 함께 확인해 드리겠습니다.",0,A,7,68
normal_aug_0688,"카드 한도랑 해외 거래 가능 여부 문의 주셨죠. 먼저 카드 이용 한도부터 보고, 그다음 해외 거래가 가능한 상태인지 확인해 드리겠습니다. 카드가 해외에서 이용 가능한지, 아니면 따로 승인 설정이 필요한지 보는 절차입니다. 아, 제가 해외 나갈 일이 갑자기 생겨서요. 그러면 꼭 미리 확인하셔야 합니다. 카드 이용 한도는 남은 금액을 기준으로 안내드리고, 해외 거래는 카드 종류에 따라 가능 여부가 다릅니다. 음, 한도는 넉넉한데 해외 거래만 안 되면 어떻게 하죠? 그 경우에는 해외 거래 가능 설정을 따로 하시면 됩니다. 카드 자체는 이용 가능하더라도, 해외 거래는 별도 승인 없이 막혀 있는 경우가 있어서요. 한 번 확인해 보면 되는 거죠? 네, 맞습니다. 한도와 해외 거래 가능 여부를 같이 확인해서 바로 안내드리겠습니다.",0,A,8,68
normal_aug_0689,"고객님께서 요청하신 대출 입금 건은 접수되어 있습니다. 다만 입금 전 본인 확인 통화 절차가 필요해서, 전화로 확인 후 진행해야 합니다. 아, 그럼 요청만 넣으면 바로 입금되는 건 아니군요. 네, 대출 입금은 요청 접수 후에도 본인 확인이 완료되어야 처리됩니다. 통화 절차에서는 성함, 생년월일, 연락처 같은 기본 정보로 본인 여부를 확인합니다. 요청 내용이 맞는지, 그리고 입금 받으실 계좌가 본인 명의인지도 확인해야 합니다. 음, 제가 지금 바로 통화하면 되는 거죠? 네, 맞습니다. 본인 확인 통화가 끝나면 대출 입금 진행 여부를 안내드릴 수 있습니다. 혹시 입금 계좌가 바뀌었으면 그 부분도 통화 중에 수정 가능할까요? 네, 본인 확인 후에는 변경 가능한 범위를 같이 안내드리겠습니다.",0,A,9,68
normal_aug_0690,"대출 입금 요청은 들어와 있는데, 바로 입금 처리하려면 본인 확인 통화가 필요합니다. 요청 접수만으로는 진행이 어렵고, 고객님 본인 확인이 끝나야 입금이 가능합니다. 아, 제가 전에 신청한 그 건 맞습니다. 네, 확인해 보겠습니다. 우선 통화로 본인 확인을 하고, 대출 요청 내역이 맞는지 본인 말씀인지 확인한 뒤에 입금 절차로 넘어갑니다. 음, 통화 절차가 길진 않죠? 기본 확인만 진행하면 됩니다. 성함과 생년월일, 연락처 정도 확인하고, 대출 입금 요청 내용이 고객님 의사인지 다시 확인합니다. 요청이 맞고 본인 확인이 되면 입금 단계로 이어집니다. 그러면 제가 지금 받아야 할 서류도 있나요? 별도 서류는 없고, 본인 확인 통화만 완료되면 됩니다. 요청 접수 상태와 입금 가능 여부를 바로 이어서 안내드리겠습니다.",0,A,10,68
normal_aug_0691,"아침 뉴스 봤어? 아니, 진짜 깜짝 놀랐어. 어제 나온 사건인데, 이름 비슷한 걸로 명의 도용이 있었다더라. 처음엔 그냥 흔한 이야기인 줄 알았는데, 수사 들어갔다고 하니까 더 섬뜩하더라. 그러니까 이런 사건은 남 일 같지가 않잖아. 나도 통장이나 문자 오는 거 좀 더 꼼꼼히 봐야겠어. 명의 도용은 한 번 당하면 되돌리기 어렵다더라. 응, 그러니까 너도 요즘 들어오는 문자 링크 함부로 누르지 말고, 수상한 전화 오면 바로 끊어. 수사 중이라는 말만 들어도 덜컥 겁나게 만들잖아. 맞아, 괜히 명의 도용 연루되는 일 없게 조심해야지. 내가 들은 사건 중에서도 제일 무섭더라.",0,B,1,69
normal_aug_0692,"나도 아침에 그 사건 봤어. 음, 명의 도용이 그렇게 쉽게 벌어진다니까 좀 소름이더라. 수사 시작됐다고 나오던데, 피해 규모가 꽤 큰가 봐. 어, 그래서 더 조심해야 한대. 주민번호나 계좌 정보 같은 거는 절대 아무 데나 안 남겨야지. 나도 가끔 서류 사진 찍어 보내다가 깜빡할 뻔하거든. 그러니까 그런 명의 도용 사건은 결국 작은 부주의에서 시작되는 거 같아. 맞아, 수사 결과가 나오기 전까지는 더 모르니까 우리라도 조심하자. 아, 그리고 앱 깔 때 권한도 한 번씩 봐야겠어. 괜히 명의 정보 털리면 진짜 골치 아프잖아. 나도 이제 그 사건 이후로는 문자 하나도 더 신경 쓰게 되더라.",0,B,2,69
normal_aug_0693,"아까 모르는 번호로 전화 왔는데, 진짜 황당했어. 자기가 수사관이라면서 나 보고 범죄에 연루된 것처럼 말하더라. 어이없어서 바로 끊었지. 그런데 말투가 너무 그럴듯해서 순간 멈칫했어. 응, 수사관이라고 하면서 조사해야 한다, 연루됐을 수도 있다 이러니까 사람 놀라게 하더라. 나도 처음엔 진짜인가 했는데, 곰곰이 생각하니 말이 안 되더라고. 그러니까 그런 전화 오면 당황하지 말고 끊는 게 맞는 거 같아. 맞아, 범죄 같은 말 꺼내서 겁주면 더 조심해야지. 수사관이니 조사니 하면서 개인정보 묻는 건 이상하잖아. 응, 다음엔 번호부터 확인하려고. 연루됐다는 말에 괜히 심장만 뛰었어.",0,B,3,69
normal_aug_0694,"야, 방금 이상한 전화 끊었는데 너무 황당하다. 어떤 사람이 자기를 수사관이라고 하더니, 내가 범죄 관련 조사 대상일 수 있다면서 계속 묻더라. 아 진짜, 그런 식으로 말하면 누가 안 놀라겠어. 나도 순간 연루된 건가 싶었는데, 말이 자꾸 이상해서 끊었어. 잘했네. 수사관이면 그렇게 갑자기 개인한테 전화해서 조사한다고 하지 않지. 맞지? 나도 그 생각 들더라. 범죄, 조사, 연루 이런 단어만 계속 반복하니까 더 수상했어. 그러니까 다음엔 바로 끊고 확인부터 해야겠어. 응, 나도 번호 저장 안 된 전화는 앞으로 좀 더 조심하려고. 괜히 수사관 사칭에 넘어가면 골치 아프니까.",0,B,4,69
normal_aug_0695,"그 다큐 봤어? 불법 대포통장 개설하는 이야기 나오던데, 생각보다 과정이 되게 교묘하더라. 나는 보면서 계속 왜 저렇게까지 하나 싶었어. 어, 개설 자체도 문제지만 결국 피해자만 생기잖아. 맞아, 그 다큐에서 피해자들 표정이 계속 생각나더라. 불법으로 대포통장 만들어서 돈이 오가면 나중에 책임도 엉뚱한 데로 갈 수 있다니까 무섭지. 그러니까 아무리 작은 부탁이라도 통장 빌려주면 안 된대. 나도 이제는 절대 안 할 거야. 피해자 입장에서는 한순간에 골치 아파지는 거잖아. 응, 다큐가 좀 길긴 했는데 경각심은 확실히 들더라.",0,B,5,69
normal_aug_0696,"어제 그 다큐 봤는데, 불법 대포통장 개설이 얼마나 문제인지 좀 실감했어. 처음엔 그냥 뉴스식 이야기인 줄 알았는데, 피해자들이 겪는 일이 꽤 크더라. 맞아, 개설만 도와줘도 공범처럼 보일 수 있다던데 너무 무섭지. 나도 그 부분이 제일 찜찜했어. 불법이라고 하면서도 돈 조금 준다고 꼬드기는 장면 나오는데, 솔직히 흔들릴 사람도 있겠다 싶더라. 그래도 결국 피해자 되는 건 자기 자신이더라. 그러니까 그런 제안 오면 바로 끊어야 해. 응, 대포통장이라는 말 자체가 되게 익숙해진 게 더 문제 같아. 나도 다큐 보고 나서 계좌 관리 좀 더 신경 써야겠다고 느꼈어.",0,B,6,69
normal_aug_0697,"서울에서 보이스피싱 일당 검거됐다는 기사 봤어? 남성 여러 명이 한꺼번에 붙잡혔다고 나오더라. 어, 사진 보니까 생각보다 평범해 보여서 더 놀랐어. 나도 그 기사 보고 잠깐 멈췄어. 서울 한복판에서 그런 일당이 있었다니, 발견됐다는 것만으로도 다행이더라. 맞아, 검거됐다는 소식이니까 피해자 입장에서는 좀 숨통이 트였겠지. 그런데 이런 건 또 다른 곳에서 생길 수 있으니까 계속 조심해야 할 것 같아. 남성 몇 명이 조직적으로 움직였다고 해서 더 섬뜩하더라. 그러니까 기사 공유해 둔 거야, 다들 조심하라고. 응, 서울이라고 해서 안전한 것도 아니구나 싶었어. 발견되고 검거된 건 잘된 일이지.",0,B,7,69
normal_aug_0698,"야, 방금 서울 기사 단톡에 올렸는데 봤어? 보이스피싱 일당 남성들이 검거됐대. 나는 사진 보고 처음에 뭐지 했는데, 기사 읽어 보니까 꽤 큰 사건이었더라. 어, 발견된 장소도 서울이라서 더 시끄러운가 봐. 맞아, 서울이라 사람도 많고 해서 숨기기 쉬웠을 텐데 결국 검거됐네. 남성들 여럿이 같이 움직인 것 같던데, 진짜 조직적이더라. 그러니까 이런 기사 자주 봐야 하나 봐. 안 그러면 또 비슷한 수법에 당할 수 있잖아. 응, 발견됐다고 끝이 아니라 이런 일은 계속 경계해야지. 나도 단톡방에 공유하면서 다들 한 번씩 읽어 보라 했어.",0,B,8,69
normal_aug_0699,"오늘 회사 보안 교육 너무 길지 않았어? 나는 녹취하라는 얘기만 몇 번 들은 건지 모르겠더라. 어, 진술 남길 때는 녹취가 중요하다고 하긴 했는데, 너무 딱딱했어. 맞아, 근데 정보 보호 얘기는 확실히 필요하긴 했어. 그러니까 개인 정보 메모 아무 데나 적지 말고, 파일도 함부로 보내지 말라고 하더라. 나도 그건 좀 새겨들었어. 그런데 압수 같은 말까지 나오니까 괜히 분위기 무거워지더라. 실제 상황도 아닌데 듣다 보니 등골이 좀 서늘했어. 응, 그래도 녹취가 있으면 진술 확인하는 데 도움이 된다니까 이해는 갔어. 정보 관리가 생각보다 중요하더라고.",0,B,9,69
normal_aug_0700,"아, 오늘 그 보안 교육 때문에 머리 아프다. 녹취하라, 진술 남기라, 정보 조심하라, 같은 말만 계속 들은 느낌이야. 나도 처음엔 그냥 형식적인 줄 알았는데, 막상 들어 보니 다 이유가 있더라. 맞아, 특히 압수 같은 상황은 현실에서는 잘 없더라도, 자료 관리가 얼마나 중요한지 보여 주는 거 같았어. 응, 나도 그 부분이 인상적이었어. 녹취가 제대로 안 되면 나중에 진술이 엇갈릴 수 있다더라. 그러니까 업무 메신저에 정보 막 올리면 안 되겠지. 맞아, 괜히 사소한 걸로 문제 생기면 피곤하니까. 오늘 교육 들으면서 나도 파일 정리부터 해야겠다 싶었어.",0,B,10,69
